run,label,order,lineage,sub_id,reported_rating,episode_id,seat,won,drew,reward_ours,reward_theirs,our_prize_left,their_prize_left,went_first,opp_sub,opp_initial,our_initial,our_updated,opp_family,opp_deck_hash,end_time
20260803_grimmsnarl_ml_v1_sub55185513,v1,1,1,55185513,871.0,89516564,0,1,0,1,-1,1,4,True,55185513,,,,Grimmsnarl (mirror),9714ab5c3996f6cc,2026-08-02T12:19:00.375106100Z
20260803_grimmsnarl_ml_v1_sub55185513,v1,1,1,55185513,871.0,89516661,0,1,0,1,-1,3,3,True,54764879,,,,Kangaskhan / Crustle,8699caf3aa4618d1,2026-08-02T12:19:42.117632400Z
20260803_grimmsnarl_ml_v1_sub55185513,v1,1,1,55185513,871.0,89517206,0,0,0,-1,1,5,1,True,54748170,,,,Mega Lucario,c3c16f0e65487ad6,2026-08-02T12:23:45.320061900Z
20260803_grimmsnarl_ml_v1_sub55185513,v1,1,1,55185513,871.0,89517760,1,1,0,1,-1,3,1,False,54105060,,,,Archaludon,1a5a0c5b50e7199e,2026-08-02T12:27:53.514033100Z
20260803_grimmsnarl_ml_v1_sub55185513,v1,1,1,55185513,871.0,89518307,1,1,0,1,-1,2,2,False,54879569,,,,Mega Lucario,c3c16f0e65487ad6,2026-08-02T12:31:47.499418Z
20260803_grimmsnarl_ml_v1_sub55185513,v1,1,1,55185513,871.0,89518849,0,1,0,1,-1,5,6,True,55180995,,,,Archaludon,2b6a7dd699d2b6a5,2026-08-02T12:35:39.553868300Z
20260803_grimmsnarl_ml_v1_sub55185513,v1,1,1,55185513,871.0,89519400,1,1,0,1,-1,2,4,True,55044365,,,,Archaludon,a467dbca5ac96f1c,2026-08-02T12:39:54.214229200Z
20260803_grimmsnarl_ml_v1_sub55185513,v1,1,1,55185513,871.0,89519960,1,1,0,1,-1,1,5,False,54995781,,,,Grimmsnarl (mirror),3e960af2606d30d6,2026-08-02T12:43:47.146031100Z
20260803_grimmsnarl_ml_v1_sub55185513,v1,1,1,55185513,871.0,89520528,0,1,0,1,-1,6,6,True,54448096,,,,Grimmsnarl (mirror),4517aa8e99e25a30,2026-08-02T12:47:35.672326800Z
20260803_grimmsnarl_ml_v1_sub55185513,v1,1,1,55185513,871.0,89521063,1,0,0,-1,1,1,1,False,55169254,,,,Kangaskhan / Crustle,d4334b3a538a85aa,2026-08-02T12:51:47.744779900Z
20260803_grimmsnarl_ml_v1_sub55185513,v1,1,1,55185513,871.0,89521619,0,0,0,-1,1,5,2,True,55176295,,,,Kangaskhan / Crustle,4717e5f31ba694d4,2026-08-02T12:55:51.871548800Z
20260803_grimmsnarl_ml_v1_sub55185513,v1,1,1,55185513,871.0,89522174,0,1,0,1,-1,2,1,True,55132310,,,,Grimmsnarl (mirror),21c3f20980827cb2,2026-08-02T13:00:04.848319600Z
20260803_grimmsnarl_ml_v1_sub55185513,v1,1,1,55185513,871.0,89522720,0,1,0,1,-1,6,6,True,54685330,,,,Alakazam,ba929f1e33b6cc4d,2026-08-02T13:03:48.946272800Z
20260803_grimmsnarl_ml_v1_sub55185513,v1,1,1,55185513,871.0,89523283,0,0,0,-1,1,2,2,True,55162581,,,,Grimmsnarl (mirror),9714ab5c3996f6cc,2026-08-02T13:07:58.309119Z
20260803_grimmsnarl_ml_v1_sub55185513,v1,1,1,55185513,871.0,89523841,1,1,0,1,-1,2,3,True,53907573,,,,Kangaskhan / Crustle,2e5bbff00abdbec9,2026-08-02T13:11:44.618485800Z
20260803_grimmsnarl_ml_v1_sub55185513,v1,1,1,55185513,871.0,89524403,0,1,0,1,-1,2,2,True,54670242,,,,Dragapult,7d40ef8bfb932872,2026-08-02T13:15:47.792792600Z
20260803_grimmsnarl_ml_v1_sub55185513,v1,1,1,55185513,871.0,89524948,0,0,0,-1,1,3,1,True,55168999,,,,Grimmsnarl (mirror),9714ab5c3996f6cc,2026-08-02T13:21:44.319857800Z
20260803_grimmsnarl_ml_v1_sub55185513,v1,1,1,55185513,871.0,89525502,1,0,0,-1,1,3,2,True,55174462,,,,Alakazam,7fa65817cc79c36c,2026-08-02T13:23:55.800221900Z
20260803_grimmsnarl_ml_v1_sub55185513,v1,1,1,55185513,871.0,89526060,0,1,0,1,-1,1,3,True,55110505,,,,Alakazam,cc38cb450b86770a,2026-08-02T13:28:03.444228500Z
20260803_grimmsnarl_ml_v1_sub55185513,v1,1,1,55185513,871.0,89526613,1,0,0,-1,1,6,1,False,55175556,,,,Grimmsnarl (mirror),57961e5f51c03eaf,2026-08-02T13:31:50.043465Z
20260803_grimmsnarl_ml_v1_sub55185513,v1,1,1,55185513,871.0,89526751,1,1,0,1,-1,1,1,False,55183986,,,,Grimmsnarl (mirror),9714ab5c3996f6cc,2026-08-02T13:31:58.414637700Z
20260803_grimmsnarl_ml_v1_sub55185513,v1,1,1,55185513,871.0,89527178,1,0,0,-1,1,1,1,False,54335129,,,,Mega Lucario,603dca472e915d83,2026-08-02T13:35:51.456005100Z
20260803_grimmsnarl_ml_v1_sub55185513,v1,1,1,55185513,871.0,89527746,0,0,0,-1,1,2,2,True,55012634,,,,Alakazam,cc38cb450b86770a,2026-08-02T13:39:43.596227700Z
20260803_grimmsnarl_ml_v1_sub55185513,v1,1,1,55185513,871.0,89528303,1,1,0,1,-1,1,3,False,55151603,,,,Alakazam,94e933399d1571c9,2026-08-02T13:43:50.816403Z
20260803_grimmsnarl_ml_v1_sub55185513,v1,1,1,55185513,871.0,89528771,0,0,0,-1,1,5,1,True,54955872,,,,Kangaskhan / Crustle,1eda048ea3581634,2026-08-02T13:47:48.890575700Z
20260803_grimmsnarl_ml_v1_sub55185513,v1,1,1,55185513,871.0,89529423,1,0,0,-1,1,5,1,False,55157437,,,,Alakazam,cc38cb450b86770a,2026-08-02T13:52:44.532497300Z
20260803_grimmsnarl_ml_v1_sub55185513,v1,1,1,55185513,871.0,89529979,1,1,0,1,-1,1,1,False,55185315,,,,Mega Lopunny / Froslass,6fa64c0e3b2eb67c,2026-08-02T13:56:05.590701800Z
20260803_grimmsnarl_ml_v1_sub55185513,v1,1,1,55185513,871.0,89530543,1,1,0,1,-1,2,3,True,55083365,,,,Dragapult,8055443275c86105,2026-08-02T13:59:51.587562100Z
20260803_grimmsnarl_ml_v1_sub55185513,v1,1,1,55185513,871.0,89531109,1,0,0,-1,1,2,1,True,55176669,,,,Alakazam,65980f1c1e35b45d,2026-08-02T14:03:52.570796700Z
20260803_grimmsnarl_ml_v1_sub55185513,v1,1,1,55185513,871.0,89531669,1,0,0,-1,1,5,1,False,55015580,,,,Kangaskhan / Crustle,4717e5f31ba694d4,2026-08-02T14:07:48.845586200Z
20260803_grimmsnarl_ml_v1_sub55185513,v1,1,1,55185513,871.0,89532229,0,1,0,1,-1,2,6,True,54100541,,,,other: Raging Bolt ex,9f83bcd00ea8097b,2026-08-02T14:11:42.591423200Z
20260803_grimmsnarl_ml_v1_sub55185513,v1,1,1,55185513,871.0,89532787,0,0,0,-1,1,6,2,True,54572699,,,,Mega Lucario,c3c16f0e65487ad6,2026-08-02T14:15:53.909916500Z
20260803_grimmsnarl_ml_v1_sub55185513,v1,1,1,55185513,871.0,89533350,1,1,0,1,-1,2,2,True,54852961,,,,Archaludon,2b6a7dd699d2b6a5,2026-08-02T14:19:48.906269800Z
20260803_grimmsnarl_ml_v1_sub55185513,v1,1,1,55185513,871.0,89533908,1,0,0,-1,1,1,2,False,55186452,,,,Alakazam,cc38cb450b86770a,2026-08-02T14:24:01.227452800Z
20260803_grimmsnarl_ml_v1_sub55185513,v1,1,1,55185513,871.0,89534471,1,1,0,1,-1,1,3,False,54192838,,,,other: Iono’s Bellibolt ex,282504e445a4d4fc,2026-08-02T14:27:55.465207500Z
20260803_grimmsnarl_ml_v1_sub55185513,v1,1,1,55185513,871.0,89535035,1,1,0,1,-1,1,4,True,53922174,,,,Dragapult,8055443275c86105,2026-08-02T14:31:49.775944100Z
20260803_grimmsnarl_ml_v1_sub55185513,v1,1,1,55185513,871.0,89535592,0,1,0,1,-1,1,2,True,55176655,,,,Alakazam,65980f1c1e35b45d,2026-08-02T14:36:06.502769100Z
20260803_grimmsnarl_ml_v1_sub55185513,v1,1,1,55185513,871.0,89536164,0,1,0,1,-1,1,4,True,54832992,,,,Mega Lucario,c3c16f0e65487ad6,2026-08-02T14:39:43.819573900Z
20260803_grimmsnarl_ml_v1_sub55185513,v1,1,1,55185513,871.0,89536714,1,0,0,-1,1,6,2,False,55118367,,,,Alakazam,72628cb59426ac4d,2026-08-02T14:50:40.751920100Z
20260803_grimmsnarl_ml_v1_sub55185513,v1,1,1,55185513,871.0,89537271,0,0,0,-1,1,4,1,True,55166466,,,,Grimmsnarl (mirror),21c3f20980827cb2,2026-08-02T14:48:24.761278800Z
20260803_grimmsnarl_ml_v1_sub55185513,v1,1,1,55185513,871.0,89537854,0,1,0,1,-1,2,1,True,54619476,,,,Archaludon,ff5e0ac538ca8072,2026-08-02T14:51:51.768718500Z
20260803_grimmsnarl_ml_v1_sub55185513,v1,1,1,55185513,871.0,89538419,0,0,0,-1,1,4,1,True,55103766,,,,Alakazam,7fa65817cc79c36c,2026-08-02T14:56:50.424668100Z
20260803_grimmsnarl_ml_v1_sub55185513,v1,1,1,55185513,871.0,89545628,1,1,0,1,-1,2,1,False,55110406,,,,Kangaskhan / Crustle,e72d424665befa84,2026-08-02T15:47:55.209683400Z
20260803_grimmsnarl_ml_v1_sub55185513,v1,1,1,55185513,871.0,89555549,1,1,0,1,-1,2,2,True,55123583,,,,Archaludon,ebd4dbb270dce6a2,2026-08-02T16:59:56.618532800Z
20260803_grimmsnarl_ml_v1_sub55185513,v1,1,1,55185513,871.0,89559708,0,1,0,1,-1,1,4,True,55189821,,,,Grimmsnarl (mirror),9714ab5c3996f6cc,2026-08-02T17:34:08.559364900Z
20260803_grimmsnarl_ml_v1_sub55185513,v1,1,1,55185513,871.0,89559744,0,1,0,1,-1,1,2,True,55189998,,,,Archaludon,1bf4543232af83b1,2026-08-02T17:32:00.339730100Z
20260803_grimmsnarl_ml_v1_sub55185513,v1,1,1,55185513,871.0,89566258,0,1,0,1,-1,1,1,True,55191805,,,,Grimmsnarl (mirror),9714ab5c3996f6cc,2026-08-02T18:19:51.551932800Z
20260803_grimmsnarl_ml_v1_sub55185513,v1,1,1,55185513,871.0,89570946,0,0,0,-1,1,2,6,True,54430351,,,,other: Comfey,1ba58fb8a41b6101,2026-08-02T18:51:51.889767100Z
20260803_grimmsnarl_ml_v1_sub55185513,v1,1,1,55185513,871.0,89571274,1,1,0,1,-1,1,4,False,55190545,,,,Grimmsnarl (mirror),9714ab5c3996f6cc,2026-08-02T19:03:13.637630200Z
20260803_grimmsnarl_ml_v1_sub55185513,v1,1,1,55185513,871.0,89572032,0,1,0,1,-1,1,2,True,55189613,,,,Alakazam,e963e74e7156f43c,2026-08-02T19:00:04.093775800Z
20260803_grimmsnarl_ml_v1_sub55185513,v1,1,1,55185513,871.0,89578075,1,0,0,-1,1,4,1,False,54810641,,,,Alakazam,a665414222aea434,2026-08-02T19:43:49.185931800Z
20260803_grimmsnarl_ml_v1_sub55185513,v1,1,1,55185513,871.0,89583535,1,1,0,1,-1,2,5,False,55191411,,,,Grimmsnarl (mirror),9714ab5c3996f6cc,2026-08-02T20:23:55.939373400Z
20260803_grimmsnarl_ml_v1_sub55185513,v1,1,1,55185513,871.0,89586487,1,0,0,-1,1,6,6,False,55194347,,,,Alakazam,48dd99dd2b5aba68,2026-08-02T20:48:01.038003600Z
20260803_grimmsnarl_ml_v1_sub55185513,v1,1,1,55185513,871.0,89591235,1,1,0,1,-1,1,1,False,55115658,,,,Grimmsnarl (mirror),3a4c25c73ed2d081,2026-08-02T21:20:11.644575500Z
20260803_grimmsnarl_ml_v1_sub55185513,v1,1,1,55185513,871.0,89595364,1,1,0,1,-1,1,4,False,55194132,,,,Grimmsnarl (mirror),9714ab5c3996f6cc,2026-08-02T21:52:03.298303Z
20260803_grimmsnarl_ml_v1_sub55185513,v1,1,1,55185513,871.0,89595580,1,0,0,-1,1,5,1,False,55192511,,,,Grimmsnarl (mirror),9714ab5c3996f6cc,2026-08-02T21:52:17.964444300Z
20260803_grimmsnarl_ml_v1_sub55185513,v1,1,1,55185513,871.0,89602264,1,1,0,1,-1,1,1,True,54878335,,,,Archaludon,d5fc394fc68aa78c,2026-08-02T22:40:27.146793500Z
20260803_grimmsnarl_ml_v1_sub55185513,v1,1,1,55185513,871.0,89606346,0,1,0,1,-1,1,2,True,55195950,,,,Grimmsnarl (mirror),21c3f20980827cb2,2026-08-02T23:12:00.722560800Z
20260803_grimmsnarl_ml_v1_sub55185513,v1,1,1,55185513,871.0,89618955,1,1,0,1,-1,1,3,False,55124740,,,,Alakazam,cc38cb450b86770a,2026-08-03T00:39:53.376249100Z
20260803_grimmsnarl_ml_v1_sub55185513,v1,1,1,55185513,871.0,89620568,0,1,0,1,-1,2,5,True,55195558,,,,Grimmsnarl (mirror),9714ab5c3996f6cc,2026-08-03T00:51:54.212432500Z
20260803_grimmsnarl_ml_v1_sub55185513,v1,1,1,55185513,871.0,89634000,1,1,0,1,-1,1,2,False,55196397,,,,other: Cynthia's Garchomp ex,175a1faea3db11e8,2026-08-03T02:27:52.855108400Z
20260803_grimmsnarl_ml_v2_sub55205556,v2,2,2,55205556,967.4,89675771,0,0,0,-1,1,5,2,True,55205556,,,,Grimmsnarl (mirror),9714ab5c3996f6cc,2026-08-03T07:26:43.573770900Z
20260803_grimmsnarl_ml_v2_sub55205556,v2,2,2,55205556,967.4,89675870,0,1,0,1,-1,1,6,True,54425666,,,,Dragapult,9c850faa21b9910a,2026-08-03T07:27:50.419037600Z
20260803_grimmsnarl_ml_v2_sub55205556,v2,2,2,55205556,967.4,89676435,1,1,0,1,-1,6,6,True,54976655,,,,Alakazam,cc38cb450b86770a,2026-08-03T07:32:01.366335Z
20260803_grimmsnarl_ml_v2_sub55205556,v2,2,2,55205556,967.4,89677020,1,1,0,1,-1,1,3,False,54336448,,,,Mega Lucario,e33422c78a5fa5b7,2026-08-03T07:35:59.882583100Z
20260803_grimmsnarl_ml_v2_sub55205556,v2,2,2,55205556,967.4,89677587,0,1,0,1,-1,1,6,True,53889223,,,,Alakazam,63981fa5e65a5589,2026-08-03T07:39:55.194882900Z
20260803_grimmsnarl_ml_v2_sub55205556,v2,2,2,55205556,967.4,89678144,0,0,0,-1,1,6,1,True,55203520,,,,Grimmsnarl (mirror),9714ab5c3996f6cc,2026-08-03T07:44:24.074780100Z
20260803_grimmsnarl_ml_v2_sub55205556,v2,2,2,55205556,967.4,89678716,1,0,0,-1,1,1,1,False,54301716,,,,Mega Lucario,c3c16f0e65487ad6,2026-08-03T07:48:12.601978800Z
20260803_grimmsnarl_ml_v2_sub55205556,v2,2,2,55205556,967.4,89679293,0,1,0,1,-1,1,3,True,55164722,,,,Alakazam,29929a763bf01096,2026-08-03T07:52:06.866910800Z
20260803_grimmsnarl_ml_v2_sub55205556,v2,2,2,55205556,967.4,89679305,0,1,0,1,-1,1,3,True,55205369,,,,Alakazam,39e630cf4cd4a00e,2026-08-03T07:52:17.922412500Z
20260803_grimmsnarl_ml_v2_sub55205556,v2,2,2,55205556,967.4,89679868,1,1,0,1,-1,3,6,True,54798432,,,,Archaludon,ebd4dbb270dce6a2,2026-08-03T07:56:00.273415400Z
20260803_grimmsnarl_ml_v2_sub55205556,v2,2,2,55205556,967.4,89680440,0,0,0,-1,1,5,1,True,55103112,,,,Kangaskhan / Crustle,9b415cc6bbdf6fd5,2026-08-03T08:00:04.158658Z
20260803_grimmsnarl_ml_v2_sub55205556,v2,2,2,55205556,967.4,89681025,1,1,0,1,-1,1,5,False,54869976,,,,Alakazam,a233298ee750b57c,2026-08-03T08:04:15.651502Z
20260803_grimmsnarl_ml_v2_sub55205556,v2,2,2,55205556,967.4,89681590,0,1,0,1,-1,1,3,True,55186540,,,,Kangaskhan / Crustle,4717e5f31ba694d4,2026-08-03T08:08:34.738872500Z
20260803_grimmsnarl_ml_v2_sub55205556,v2,2,2,55205556,967.4,89682158,1,1,0,1,-1,1,5,False,55190410,,,,other: Team Rocket's Mewtwo ex,b4d5cfa90cd96a30,2026-08-03T08:12:08.590279900Z
20260803_grimmsnarl_ml_v2_sub55205556,v2,2,2,55205556,967.4,89682714,0,1,0,1,-1,1,1,True,55201254,,,,other: Cynthia's Garchomp ex,daff2ed17de6145d,2026-08-03T08:16:20.417833100Z
20260803_grimmsnarl_ml_v2_sub55205556,v2,2,2,55205556,967.4,89683265,1,1,0,1,-1,1,5,True,55184503,,,,Archaludon,2b6a7dd699d2b6a5,2026-08-03T08:20:00.834000500Z
20260803_grimmsnarl_ml_v2_sub55205556,v2,2,2,55205556,967.4,89683861,1,1,0,1,-1,2,3,False,55206340,,,,Grimmsnarl (mirror),9714ab5c3996f6cc,2026-08-03T08:24:18.461204800Z
20260803_grimmsnarl_ml_v2_sub55205556,v2,2,2,55205556,967.4,89684431,0,0,0,-1,1,4,1,True,55148921,,,,Grimmsnarl (mirror),9714ab5c3996f6cc,2026-08-03T08:28:46.382578300Z
20260803_grimmsnarl_ml_v2_sub55205556,v2,2,2,55205556,967.4,89685014,0,1,0,1,-1,1,1,True,55191853,,,,Grimmsnarl (mirror),9714ab5c3996f6cc,2026-08-03T08:32:48.860603200Z
20260803_grimmsnarl_ml_v2_sub55205556,v2,2,2,55205556,967.4,89685595,0,1,0,1,-1,1,2,True,55202115,,,,Alakazam,cc38cb450b86770a,2026-08-03T08:36:14.950494100Z
20260803_grimmsnarl_ml_v2_sub55205556,v2,2,2,55205556,967.4,89686164,1,1,0,1,-1,1,1,True,54973851,,,,Archaludon,ebd4dbb270dce6a2,2026-08-03T08:40:03.064250200Z
20260803_grimmsnarl_ml_v2_sub55205556,v2,2,2,55205556,967.4,89686741,0,0,0,-1,1,2,2,True,55195673,,,,other: Mega Starmie ex,fed2faae806c521f,2026-08-03T08:44:17.529309200Z
20260803_grimmsnarl_ml_v2_sub55205556,v2,2,2,55205556,967.4,89687314,1,0,0,-1,1,4,1,False,55189433,,,,Grimmsnarl (mirror),9714ab5c3996f6cc,2026-08-03T08:48:37.215242900Z
20260803_grimmsnarl_ml_v2_sub55205556,v2,2,2,55205556,967.4,89687875,1,0,0,-1,1,1,1,False,55112275,,,,Grimmsnarl (mirror),9714ab5c3996f6cc,2026-08-03T08:52:10.066474Z
20260803_grimmsnarl_ml_v2_sub55205556,v2,2,2,55205556,967.4,89688436,1,1,0,1,-1,1,1,False,55152123,,,,other: Team Rocket's Mewtwo ex,a5da150e509834c5,2026-08-03T08:56:34.290543100Z
20260803_grimmsnarl_ml_v2_sub55205556,v2,2,2,55205556,967.4,89689032,1,1,0,1,-1,3,4,False,55182358,,,,Mega Lopunny / Froslass,a7ee29914c1dce64,2026-08-03T09:00:02.460163500Z
20260803_grimmsnarl_ml_v2_sub55205556,v2,2,2,55205556,967.4,89689592,0,1,0,1,-1,1,2,True,55020387,,,,Alakazam,cc38cb450b86770a,2026-08-03T09:04:24.192451900Z
20260803_grimmsnarl_ml_v2_sub55205556,v2,2,2,55205556,967.4,89690170,0,1,0,1,-1,1,6,True,55125944,,,,Grimmsnarl (mirror),9714ab5c3996f6cc,2026-08-03T09:08:19.304012800Z
20260803_grimmsnarl_ml_v2_sub55205556,v2,2,2,55205556,967.4,89690734,0,0,0,-1,1,4,2,True,55170635,,,,Kangaskhan / Crustle,4717e5f31ba694d4,2026-08-03T09:18:03.066875400Z
20260803_grimmsnarl_ml_v2_sub55205556,v2,2,2,55205556,967.4,89691320,1,0,0,-1,1,6,1,False,55193872,,,,Dipplin,8d3a8feb6bf84019,2026-08-03T09:16:10.168016900Z
20260803_grimmsnarl_ml_v2_sub55205556,v2,2,2,55205556,967.4,89691887,1,0,0,-1,1,6,1,False,55191602,,,,Kangaskhan / Crustle,20bc24847121c967,2026-08-03T09:20:10.713636900Z
20260803_grimmsnarl_ml_v2_sub55205556,v2,2,2,55205556,967.4,89692465,0,1,0,1,-1,6,6,True,55128465,,,,Alakazam,cc38cb450b86770a,2026-08-03T09:24:07.790667300Z
20260803_grimmsnarl_ml_v2_sub55205556,v2,2,2,55205556,967.4,89693038,0,1,0,1,-1,1,3,True,54857797,,,,Alakazam,a665414222aea434,2026-08-03T09:30:18.300870Z
20260803_grimmsnarl_ml_v2_sub55205556,v2,2,2,55205556,967.4,89693615,0,0,0,-1,1,1,1,True,55192781,,,,Alakazam,cc38cb450b86770a,2026-08-03T09:32:10.389805800Z
20260803_grimmsnarl_ml_v2_sub55205556,v2,2,2,55205556,967.4,89694183,1,0,0,-1,1,1,1,False,55104382,,,,Grimmsnarl (mirror),9714ab5c3996f6cc,2026-08-03T09:36:13.535734100Z
20260803_grimmsnarl_ml_v2_sub55205556,v2,2,2,55205556,967.4,89694759,0,1,0,1,-1,1,2,True,55184839,,,,Kangaskhan / Crustle,113d55a83235ffaa,2026-08-03T09:40:22.074259900Z
20260803_grimmsnarl_ml_v2_sub55205556,v2,2,2,55205556,967.4,89695342,0,0,0,-1,1,3,1,True,55202248,,,,other: Empoleon ex,c3fbb05d4c9653ef,2026-08-03T09:44:14.506625600Z
20260803_grimmsnarl_ml_v2_sub55205556,v2,2,2,55205556,967.4,89695823,1,1,0,1,-1,2,2,False,55196615,,,,Grimmsnarl (mirror),9714ab5c3996f6cc,2026-08-03T09:48:28.888082700Z
20260803_grimmsnarl_ml_v2_sub55205556,v2,2,2,55205556,967.4,89696471,1,1,0,1,-1,1,6,False,54671568,,,,Mega Lucario,17d32db13ce4628c,2026-08-03T09:52:00.442200300Z
20260803_grimmsnarl_ml_v2_sub55205556,v2,2,2,55205556,967.4,89697038,1,0,0,-1,1,1,2,False,54987154,,,,Alakazam,cc38cb450b86770a,2026-08-03T09:56:11.123516700Z
20260803_grimmsnarl_ml_v2_sub55205556,v2,2,2,55205556,967.4,89697580,0,0,0,-1,1,4,1,True,55204178,,,,Grimmsnarl (mirror),9714ab5c3996f6cc,2026-08-03T10:00:11.498637400Z
20260803_grimmsnarl_ml_v2_sub55205556,v2,2,2,55205556,967.4,89698181,0,0,0,-1,1,5,2,True,55180078,,,,Grimmsnarl (mirror),9714ab5c3996f6cc,2026-08-03T10:05:11.793344300Z
20260803_grimmsnarl_ml_v2_sub55205556,v2,2,2,55205556,967.4,89698754,1,1,0,1,-1,1,4,False,55189981,,,,Grimmsnarl (mirror),9714ab5c3996f6cc,2026-08-03T10:08:32.052779700Z
20260803_grimmsnarl_ml_v2_sub55205556,v2,2,2,55205556,967.4,89699329,1,0,0,-1,1,6,1,False,55168990,,,,Kangaskhan / Crustle,1eda048ea3581634,2026-08-03T10:13:29.844845500Z
20260803_grimmsnarl_ml_v2_sub55205556,v2,2,2,55205556,967.4,89699910,0,1,0,1,-1,1,5,True,55204515,,,,Grimmsnarl (mirror),9714ab5c3996f6cc,2026-08-03T10:16:15.264474200Z
20260803_grimmsnarl_ml_v2_sub55205556,v2,2,2,55205556,967.4,89700474,1,0,0,-1,1,4,1,False,55180575,,,,Mega Lopunny / Froslass,a7ee29914c1dce64,2026-08-03T10:20:56.271205100Z
20260803_grimmsnarl_ml_v2_sub55205556,v2,2,2,55205556,967.4,89701062,0,1,0,1,-1,3,6,True,54378321,,,,other: Dusknoir,1f60617de32869f5,2026-08-03T10:24:04.241405600Z
20260803_grimmsnarl_ml_v2_sub55205556,v2,2,2,55205556,967.4,89701638,1,1,0,1,-1,1,2,False,55166202,,,,Grimmsnarl (mirror),9714ab5c3996f6cc,2026-08-03T10:30:02.298798200Z
20260803_grimmsnarl_ml_v2_sub55205556,v2,2,2,55205556,967.4,89702210,1,1,0,1,-1,2,3,False,55197423,,,,Kangaskhan / Crustle,293c241312a2e73d,2026-08-03T10:32:19.043773700Z
20260803_grimmsnarl_ml_v2_sub55205556,v2,2,2,55205556,967.4,89702589,0,0,0,-1,1,2,1,True,55208208,,,,other: Cynthia's Garchomp ex,322c6dcb310e61f9,2026-08-03T10:35:56.684530200Z
20260803_grimmsnarl_ml_v2_sub55205556,v2,2,2,55205556,967.4,89702779,1,1,0,1,-1,2,2,False,55138530,,,,Grimmsnarl (mirror),9714ab5c3996f6cc,2026-08-03T10:36:31.215777200Z
20260803_grimmsnarl_ml_v2_sub55205556,v2,2,2,55205556,967.4,89703351,1,0,0,-1,1,2,1,False,55134728,,,,Grimmsnarl (mirror),9714ab5c3996f6cc,2026-08-03T10:40:27.750005300Z
20260803_grimmsnarl_ml_v2_sub55205556,v2,2,2,55205556,967.4,89703932,0,1,0,1,-1,1,5,True,54818598,,,,Archaludon,027734010940579e,2026-08-03T10:44:02.392075500Z
20260803_grimmsnarl_ml_v2_sub55205556,v2,2,2,55205556,967.4,89704531,0,1,0,1,-1,1,1,True,55088463,,,,Alakazam,cc38cb450b86770a,2026-08-03T10:48:25.681437500Z
20260803_grimmsnarl_ml_v2_sub55205556,v2,2,2,55205556,967.4,89706840,0,1,0,1,-1,1,5,True,55184869,,,,Grimmsnarl (mirror),9714ab5c3996f6cc,2026-08-03T11:05:24.542588700Z
20260803_grimmsnarl_ml_v2_sub55205556,v2,2,2,55205556,967.4,89708226,1,1,0,1,-1,1,4,False,55209062,,,,Alakazam,cc38cb450b86770a,2026-08-03T11:17:21.781944200Z
20260803_grimmsnarl_ml_v2_sub55205556,v2,2,2,55205556,967.4,89713712,0,0,0,-1,1,3,2,True,55199855,,,,other: Arboliva ex,c377bbb15d6cbbb0,2026-08-03T11:56:12.356236300Z
20260803_grimmsnarl_ml_v2_sub55205556,v2,2,2,55205556,967.4,89715806,0,1,0,1,-1,1,2,True,55208310,,,,Alakazam,cc38cb450b86770a,2026-08-03T12:08:09.758334800Z
20260803_grimmsnarl_ml_v2_sub55205556,v2,2,2,55205556,967.4,89723274,1,0,0,-1,1,3,1,False,55209511,,,,Dragapult,202ee2cec6cbe8b4,2026-08-03T13:01:44.786084500Z
20260805_grimmsnarl_ml_v3_sub55216787,v3a,3,3,55216787,996.6,89753460,0,0,0,-1,1,1,1,True,55216787,,,,Grimmsnarl (mirror),9714ab5c3996f6cc,2026-08-03T16:28:43.850379400Z
20260805_grimmsnarl_ml_v3_sub55216787,v3a,3,3,55216787,996.6,89753559,1,1,0,1,-1,1,4,False,54299743,672.5414,600.0,731.101,Grimmsnarl (mirror),4517aa8e99e25a30,2026-08-03T16:32:18.424337500Z
20260805_grimmsnarl_ml_v3_sub55216787,v3a,3,3,55216787,996.6,89754146,0,1,0,1,-1,1,6,True,55212635,578.251,731.101,789.9383,Mega Lopunny / Froslass,6fa64c0e3b2eb67c,2026-08-03T16:36:26.754532800Z
20260805_grimmsnarl_ml_v3_sub55216787,v3a,3,3,55216787,996.6,89754768,1,1,0,1,-1,1,5,True,54226441,748.656,789.9383,864.3016,Dragapult,8055443275c86105,2026-08-03T16:40:15.003460100Z
20260805_grimmsnarl_ml_v3_sub55216787,v3a,3,3,55216787,996.6,89755337,1,0,0,-1,1,1,2,False,55170371,912.6962,864.3016,802.1099,Grimmsnarl (mirror),21c3f20980827cb2,2026-08-03T16:45:37.699781Z
20260805_grimmsnarl_ml_v3_sub55216787,v3a,3,3,55216787,996.6,89755939,0,0,0,-1,1,2,1,True,55182520,854.6593,802.1099,750.7019,Grimmsnarl (mirror),2f2726e9c4394ea3,2026-08-03T16:48:21.593375800Z
20260805_grimmsnarl_ml_v3_sub55216787,v3a,3,3,55216787,996.6,89756540,0,1,0,1,-1,1,5,True,55109558,744.8369,750.7019,801.4,Archaludon,2b6a7dd699d2b6a5,2026-08-03T16:52:10.009593900Z
20260805_grimmsnarl_ml_v3_sub55216787,v3a,3,3,55216787,996.6,89757134,1,1,0,1,-1,2,2,False,54065942,602.2127,801.4,821.3843,Archaludon,1a5a0c5b50e7199e,2026-08-03T16:57:47.802149900Z
20260805_grimmsnarl_ml_v3_sub55216787,v3a,3,3,55216787,996.6,89757722,1,1,0,1,-1,1,3,False,54611082,768.5635,821.3843,854.9709,Alakazam,53e534fe9df19e2d,2026-08-03T17:00:16.676806Z
20260805_grimmsnarl_ml_v3_sub55216787,v3a,3,3,55216787,996.6,89758308,0,1,0,1,-1,1,2,True,53791005,665.1965,854.9709,871.5808,Mega Lucario,2082ca77658326f5,2026-08-03T17:04:37.754716Z
20260805_grimmsnarl_ml_v3_sub55216787,v3a,3,3,55216787,996.6,89758902,0,1,0,1,-1,1,5,True,55141429,799.4125,871.5808,897.1575,Alakazam,7fa65817cc79c36c,2026-08-03T17:08:39.167038Z
20260805_grimmsnarl_ml_v3_sub55216787,v3a,3,3,55216787,996.6,89759484,1,1,0,1,-1,1,6,False,55216582,849.004,897.1575,921.7864,Kangaskhan / Crustle,836b319495497b63,2026-08-03T17:12:16.159746400Z
20260805_grimmsnarl_ml_v3_sub55216787,v3a,3,3,55216787,996.6,89760082,1,1,0,1,-1,1,3,False,55016770,881.2931,921.7864,945.7711,Alakazam,cc38cb450b86770a,2026-08-03T17:16:44.185913300Z
20260805_grimmsnarl_ml_v3_sub55216787,v3a,3,3,55216787,996.6,89760660,0,0,0,-1,1,5,2,True,55033309,1022.2658,945.7711,926.6579,other: Team Rocket's Mewtwo ex,46bef46a0ad2d9f0,2026-08-03T17:20:32.870590100Z
20260805_grimmsnarl_ml_v3_sub55216787,v3a,3,3,55216787,996.6,89761239,1,1,0,1,-1,3,5,False,54760878,939.7383,926.6579,951.3203,other: Dusknoir,1f60617de32869f5,2026-08-03T17:24:43.603323900Z
20260805_grimmsnarl_ml_v3_sub55216787,v3a,3,3,55216787,996.6,89761822,0,1,0,1,-1,1,1,True,53777084,623.7665,951.3203,955.5517,Mega Lucario,d05bff224d40b9c6,2026-08-03T17:28:20.307850200Z
20260805_grimmsnarl_ml_v3_sub55216787,v3a,3,3,55216787,996.6,89762397,0,0,0,-1,1,1,1,True,55214815,996.1623,971.6504,953.5971,Alakazam,48dd99dd2b5aba68,2026-08-03T17:39:06.466910700Z
20260805_grimmsnarl_ml_v3_sub55216787,v3a,3,3,55216787,996.6,89762971,0,1,0,1,-1,1,4,True,55198259,883.0984,955.5517,971.6504,other: Team Rocket's Mewtwo ex,a9296a33f5634316,2026-08-03T17:36:29.235347500Z
20260805_grimmsnarl_ml_v3_sub55216787,v3a,3,3,55216787,996.6,89763534,1,1,0,1,-1,1,1,False,55217166,1007.8521,956.0794,976.4397,Grimmsnarl (mirror),a628da5cd1cd88f7,2026-08-03T17:40:30.739365500Z
20260805_grimmsnarl_ml_v3_sub55216787,v3a,3,3,55216787,996.6,89763563,0,1,0,1,-1,1,6,True,54024551,577.8413,953.5971,956.0794,Dragapult,69fde37515183bcb,2026-08-03T17:40:05.235818900Z
20260805_grimmsnarl_ml_v3_sub55216787,v3a,3,3,55216787,996.6,89764167,0,1,0,1,-1,1,1,True,55216302,1011.6819,976.4397,995.4726,Grimmsnarl (mirror),9714ab5c3996f6cc,2026-08-03T17:44:40.046708Z
20260805_grimmsnarl_ml_v3_sub55216787,v3a,3,3,55216787,996.6,89764773,0,0,0,-1,1,3,1,True,55148548,1049.5731,995.4726,982.2664,Alakazam,cc38cb450b86770a,2026-08-03T17:48:17.250762500Z
20260805_grimmsnarl_ml_v3_sub55216787,v3a,3,3,55216787,996.6,89765342,1,0,0,-1,1,2,1,False,55188029,946.8646,982.2664,964.9254,Grimmsnarl (mirror),9714ab5c3996f6cc,2026-08-03T17:54:10.966062100Z
20260805_grimmsnarl_ml_v3_sub55216787,v3a,3,3,55216787,996.6,89765925,1,0,0,-1,1,2,2,False,55214775,982.8277,964.9254,951.3852,Grimmsnarl (mirror),a8ad34f41e6e68e6,2026-08-03T17:56:38.704866100Z
20260805_grimmsnarl_ml_v3_sub55216787,v3a,3,3,55216787,996.6,89766515,1,0,0,-1,1,4,1,False,55217117,926.362,935.697,922.5587,Grimmsnarl (mirror),9714ab5c3996f6cc,2026-08-03T18:00:18.701668300Z
20260805_grimmsnarl_ml_v3_sub55216787,v3a,3,3,55216787,996.6,89766532,1,0,0,-1,1,2,1,False,55193434,914.5221,951.3852,935.697,other: Cynthia's Garchomp ex,fb2442ac9797faab,2026-08-03T18:00:11.609836200Z
20260805_grimmsnarl_ml_v3_sub55216787,v3a,3,3,55216787,996.6,89767133,0,1,0,1,-1,2,4,True,55211761,1031.8396,922.5587,940.317,Dragapult,916b4d01bfc6726c,2026-08-03T18:04:27.734340500Z
20260805_grimmsnarl_ml_v3_sub55216787,v3a,3,3,55216787,996.6,89767723,1,0,0,-1,1,2,1,False,55191853,978.9546,940.317,929.9749,Grimmsnarl (mirror),9714ab5c3996f6cc,2026-08-03T18:08:44.947551100Z
20260805_grimmsnarl_ml_v3_sub55216787,v3a,3,3,55216787,996.6,89768329,0,0,0,-1,1,4,1,True,55206688,941.1163,929.9749,918.9537,Grimmsnarl (mirror),9714ab5c3996f6cc,2026-08-03T18:13:57.407993200Z
20260805_grimmsnarl_ml_v3_sub55216787,v3a,3,3,55216787,996.6,89768911,1,1,0,1,-1,3,6,False,54497280,812.2766,918.9537,926.1326,other: Chandelure,7d5cfda3bb1f1136,2026-08-03T18:16:07.274257Z
20260805_grimmsnarl_ml_v3_sub55216787,v3a,3,3,55216787,996.6,89769499,1,0,0,-1,1,5,1,False,55115944,883.7758,926.1326,913.7684,Kangaskhan / Crustle,1eda048ea3581634,2026-08-03T18:21:18.443352900Z
20260805_grimmsnarl_ml_v3_sub55216787,v3a,3,3,55216787,996.6,89770087,0,0,0,-1,1,2,2,True,55113018,872.315,913.7684,901.9277,Alakazam,cc38cb450b86770a,2026-08-03T18:24:14.429898300Z
20260805_grimmsnarl_ml_v3_sub55216787,v3a,3,3,55216787,996.6,89770689,1,1,0,1,-1,1,2,False,55128465,867.6972,901.9277,910.6134,Alakazam,cc38cb450b86770a,2026-08-03T18:28:45.240928900Z
20260805_grimmsnarl_ml_v3_sub55216787,v3a,3,3,55216787,996.6,89771289,0,1,0,1,-1,1,2,True,55178212,850.1215,910.6134,918.1791,other: Team Rocket's Mewtwo ex,1be560ab77630505,2026-08-03T18:32:15.224219Z
20260805_grimmsnarl_ml_v3_sub55216787,v3a,3,3,55216787,996.6,89771894,0,0,0,-1,1,5,2,True,55143432,878.0883,918.1791,907.539,Kangaskhan / Crustle,20bc24847121c967,2026-08-03T18:36:12.464901400Z
20260805_grimmsnarl_ml_v3_sub55216787,v3a,3,3,55216787,996.6,89772486,1,1,0,1,-1,1,2,False,55186913,826.7415,907.539,914.0414,Mega Lucario,a6535bbccddb9182,2026-08-03T18:40:10.353954300Z
20260805_grimmsnarl_ml_v3_sub55216787,v3a,3,3,55216787,996.6,89773073,1,1,0,1,-1,1,3,True,55205369,797.3725,914.0414,919.423,Alakazam,39e630cf4cd4a00e,2026-08-03T18:44:21.167676200Z
20260805_grimmsnarl_ml_v3_sub55216787,v3a,3,3,55216787,996.6,89773511,1,1,0,1,-1,1,6,False,55219251,901.4372,919.423,926.0512,Grimmsnarl (mirror),9714ab5c3996f6cc,2026-08-03T18:48:08.426558700Z
20260805_grimmsnarl_ml_v3_sub55216787,v3a,3,3,55216787,996.6,89773738,1,0,0,-1,1,2,1,False,54874169,879.9203,926.0512,916.2981,Mega Lucario,a6535bbccddb9182,2026-08-03T18:48:12.621729900Z
20260805_grimmsnarl_ml_v3_sub55216787,v3a,3,3,55216787,996.6,89774250,0,1,0,1,-1,1,5,True,55213389,799.1938,916.2981,921.2577,Alakazam,7fa65817cc79c36c,2026-08-03T18:52:12.070364100Z
20260805_grimmsnarl_ml_v3_sub55216787,v3a,3,3,55216787,996.6,89774766,0,1,0,1,-1,1,4,True,55217759,999.3536,930.2347,939.6633,Grimmsnarl (mirror),9714ab5c3996f6cc,2026-08-03T18:56:38.426172300Z
20260805_grimmsnarl_ml_v3_sub55216787,v3a,3,3,55216787,996.6,89774841,0,1,0,1,-1,1,4,True,55158597,958.8117,921.2577,930.2347,Alakazam,cc38cb450b86770a,2026-08-03T18:56:31.731536600Z
20260805_grimmsnarl_ml_v3_sub55216787,v3a,3,3,55216787,996.6,89775436,1,1,0,1,-1,1,3,True,55056751,918.2857,939.6633,946.5203,Ogerpon,21f7d91c1c3df55d,2026-08-03T19:00:08.299337900Z
20260805_grimmsnarl_ml_v3_sub55216787,v3a,3,3,55216787,996.6,89776037,1,1,0,1,-1,1,2,False,55200060,950.9209,946.5203,953.8704,Grimmsnarl (mirror),9714ab5c3996f6cc,2026-08-03T19:04:22.118406400Z
20260805_grimmsnarl_ml_v3_sub55216787,v3a,3,3,55216787,996.6,89776611,0,0,0,-1,1,1,2,True,55215279,904.0929,953.8704,945.5502,Grimmsnarl (mirror),21c3f20980827cb2,2026-08-03T19:08:53.533720300Z
20260805_grimmsnarl_ml_v3_sub55216787,v3a,3,3,55216787,996.6,89777182,0,1,0,1,-1,4,6,True,53773057,466.0092,945.5502,945.869,Mega Lucario,d05bff224d40b9c6,2026-08-03T19:12:04.998660700Z
20260805_grimmsnarl_ml_v3_sub55216787,v3a,3,3,55216787,996.6,89777755,1,0,0,-1,1,3,1,False,54900560,927.0522,945.869,938.5576,Grimmsnarl (mirror),9714ab5c3996f6cc,2026-08-03T19:16:36.239053600Z
20260805_grimmsnarl_ml_v3_sub55216787,v3a,3,3,55216787,996.6,89778348,0,1,0,1,-1,2,1,True,55195758,894.5999,938.5576,944.1945,Ogerpon,97df7a2a423da1d8,2026-08-03T19:20:14.577362700Z
20260805_grimmsnarl_ml_v3_sub55216787,v3a,3,3,55216787,996.6,89778942,1,1,0,1,-1,1,2,False,55218524,903.7233,944.1945,949.6657,other: Cynthia's Garchomp ex,daff2ed17de6145d,2026-08-03T19:24:25.790669900Z
20260805_grimmsnarl_ml_v3_sub55216787,v3a,3,3,55216787,996.6,89779529,1,1,0,1,-1,1,3,False,55152123,971.5389,949.6657,956.5655,other: Team Rocket's Mewtwo ex,a5da150e509834c5,2026-08-03T19:28:26.505358700Z
20260805_grimmsnarl_ml_v3_sub55216787,v3a,3,3,55216787,996.6,89780118,1,0,0,-1,1,1,1,False,55007761,957.4568,956.5655,950.3534,Grimmsnarl (mirror),9714ab5c3996f6cc,2026-08-03T19:32:26.448507Z
20260805_grimmsnarl_ml_v3_sub55216787,v3a,3,3,55216787,996.6,89780713,0,0,0,-1,1,2,1,True,55213730,883.214,950.3534,942.7395,Alakazam,cc38cb450b86770a,2026-08-03T19:36:27.099496200Z
20260805_grimmsnarl_ml_v3_sub55216787,v3a,3,3,55216787,996.6,89780826,1,0,0,-1,1,3,1,False,55216587,968.9432,950.3534,944.6853,Grimmsnarl (mirror),9714ab5c3996f6cc,2026-08-03T19:36:27.181296500Z
20260805_grimmsnarl_ml_v3_sub55216787,v3a,3,3,55216787,996.6,89781320,1,0,0,-1,1,3,1,False,55212631,939.2734,944.6853,938.623,Dragapult,9ad3143fbfcfc93e,2026-08-03T19:40:39.010485200Z
20260805_grimmsnarl_ml_v3_sub55216787,v3a,3,3,55216787,996.6,89782049,0,1,0,1,-1,1,5,True,55217467,931.939,938.623,944.2821,other: Team Rocket's Mewtwo ex,d0433f91b280a9c9,2026-08-03T19:44:22.220827300Z
20260805_grimmsnarl_ml_v3_sub55216787,v3a,3,3,55216787,996.6,89783805,1,0,0,-1,1,2,1,False,55204063,927.5117,944.2821,938.2097,Kangaskhan / Crustle,4717e5f31ba694d4,2026-08-03T19:56:15.577818500Z
20260805_grimmsnarl_ml_v3_sub55216787,v3a,3,3,55216787,996.6,89786753,0,1,0,1,-1,1,4,True,55018832,922.1455,938.2097,943.4832,Alakazam,cc38cb450b86770a,2026-08-03T20:18:20.249882300Z
20260805_grimmsnarl_ml_v3_sub55216787,v3a,3,3,55216787,996.6,89787746,1,1,0,1,-1,1,4,False,55219128,955.6426,938.0737,943.7133,Alakazam,cc38cb450b86770a,2026-08-03T20:26:14.303861100Z
20260805_grimmsnarl_ml_v3_sub55216787,v3a,3,3,55216787,996.6,89787950,1,0,0,-1,1,5,4,False,55216893,946.6255,943.4832,938.0737,Alakazam,cc38cb450b86770a,2026-08-03T20:25:55.846397500Z
20260805_grimmsnarl_ml_v3_sub55216787,v3a,3,3,55216787,996.6,89792642,0,0,0,-1,1,3,1,True,55221053,904.872,943.7133,938.4,Grimmsnarl (mirror),9714ab5c3996f6cc,2026-08-03T21:00:13.853047600Z
20260805_grimmsnarl_ml_v3_sub55216787,v3a,3,3,55216787,996.6,89792978,0,0,0,-1,1,4,1,True,55176329,887.75,938.4,932.2091,Dragapult,17e2e0b5ae571999,2026-08-03T21:00:17.342059600Z
20260805_grimmsnarl_ml_v3_sub55216787,v3a,3,3,55216787,996.6,89794486,0,1,0,1,-1,1,4,True,55220563,980.3525,932.2091,937.955,Alakazam,48dd99dd2b5aba68,2026-08-03T21:16:36.610854200Z
20260805_grimmsnarl_ml_v3_sub55216787,v3a,3,3,55216787,996.6,89802626,0,1,0,1,-1,1,4,True,55186970,955.9879,937.955,943.2857,Alakazam,cc38cb450b86770a,2026-08-03T22:08:49.606043500Z
20260805_grimmsnarl_ml_v3_sub55216787,v3a,3,3,55216787,996.6,89811050,0,1,0,1,-1,1,3,True,55066579,922.7094,943.2857,947.8269,Mega Lucario,045b1b3369f7b929,2026-08-03T23:04:50.154322600Z
20260805_grimmsnarl_ml_v3_sub55216787,v3a,3,3,55216787,996.6,89819610,1,1,0,1,-1,2,2,False,55081289,834.2281,947.8269,950.8381,other: Team Rocket's Mewtwo ex,c7f1cd6579e2b0e8,2026-08-04T00:02:47.386324700Z
20260805_grimmsnarl_ml_v3_sub55216787,v3a,3,3,55216787,996.6,89832285,1,0,0,-1,1,3,1,False,55224797,1095.4338,950.8381,948.3159,Grimmsnarl (mirror),9714ab5c3996f6cc,2026-08-04T01:28:46.885773100Z
20260805_grimmsnarl_ml_v3_sub55216787,v3a,3,3,55216787,996.6,89843073,0,1,0,1,-1,3,4,True,55224541,905.9992,948.3159,952.2825,Archaludon,75aca094024c745b,2026-08-04T02:40:58.059790700Z
20260805_grimmsnarl_ml_v3_sub55216787,v3a,3,3,55216787,996.6,89845419,0,1,0,1,-1,1,3,True,55225635,942.9948,952.2825,956.6369,Grimmsnarl (mirror),9714ab5c3996f6cc,2026-08-04T02:58:30.341079300Z
20260805_grimmsnarl_ml_v3_sub55216787,v3a,3,3,55216787,996.6,89847164,0,0,0,-1,1,1,1,True,55226794,965.2885,956.6369,952.5405,Alakazam,cc38cb450b86770a,2026-08-04T03:09:03.436627300Z
20260805_grimmsnarl_ml_v3_sub55216787,v3a,3,3,55216787,996.6,89860456,1,0,0,-1,1,5,1,False,55225867,958.6847,952.5405,948.1666,Kangaskhan / Crustle,8b28cd684a37be8d,2026-08-04T04:36:45.771744100Z
20260805_grimmsnarl_ml_v3_sub55216787,v3a,3,3,55216787,996.6,89863977,0,1,0,1,-1,1,3,True,55226494,943.7363,948.1666,952.5544,Grimmsnarl (mirror),9714ab5c3996f6cc,2026-08-04T05:00:51.983226300Z
20260805_grimmsnarl_ml_v3_sub55216787,v3a,3,3,55216787,996.6,89866910,0,1,0,1,-1,1,4,True,55227534,916.7639,952.5544,956.4359,Alakazam,13488ef887ec172c,2026-08-04T05:20:58.834563900Z
20260805_grimmsnarl_ml_v3_sub55216787,v3a,3,3,55216787,996.6,89873433,0,1,0,1,-1,1,3,True,55228746,943.0083,956.4359,960.6659,Mega Lucario,05f854e1b3b3ba0f,2026-08-04T06:04:46.617584800Z
20260805_grimmsnarl_ml_v3_sub55216787,v3a,3,3,55216787,996.6,89874684,0,1,0,1,-1,3,6,True,55229338,489.9563,960.6659,960.9076,Dragapult,9c3e4db7253fc458,2026-08-04T06:13:28.036747Z
20260805_grimmsnarl_ml_v3_sub55216787,v3a,3,3,55216787,996.6,89882997,1,1,0,1,-1,1,1,False,55228978,1001.8409,960.9076,966.0492,Mega Lopunny / Froslass,6fa64c0e3b2eb67c,2026-08-04T07:17:56.081672700Z
20260805_grimmsnarl_ml_v3_sub55216787,v3a,3,3,55216787,996.6,89890762,1,1,0,1,-1,1,6,False,55233007,973.192,966.0492,970.383,other: Cynthia's Garchomp ex,daff2ed17de6145d,2026-08-04T08:00:53.967209700Z
20260805_grimmsnarl_ml_v3_sub55216787,v3a,3,3,55216787,996.6,89894379,0,1,0,1,-1,1,2,True,55233154,950.8932,970.383,974.4218,Grimmsnarl (mirror),9714ab5c3996f6cc,2026-08-04T08:25:13.135302400Z
20260805_grimmsnarl_ml_v3_sub55216787,v3a,3,3,55216787,996.6,89913081,1,0,0,-1,1,2,1,False,55081049,916.6408,974.4218,968.939,Alakazam,cc38cb450b86770a,2026-08-04T10:24:58.176124900Z
20260805_grimmsnarl_ml_v3_sub55216787,v3a,3,3,55216787,996.6,89921570,1,0,0,-1,1,4,1,False,55236571,993.5684,968.939,964.9278,Mega Lopunny / Froslass,1350508087c01043,2026-08-04T11:21:09.455037400Z
20260805_grimmsnarl_ml_v3_sub55216787,v3a,3,3,55216787,996.6,89941111,0,1,0,1,-1,1,4,True,53897688,609.9854,964.9278,965.5555,Mega Lucario,d05bff224d40b9c6,2026-08-04T13:24:56.165202300Z
20260805_grimmsnarl_ml_v3_sub55216787,v3a,3,3,55216787,996.6,89947366,1,0,0,-1,1,2,1,False,55238859,973.1086,965.5555,961.2235,Alakazam,cc38cb450b86770a,2026-08-04T14:05:07.316761700Z
20260805_grimmsnarl_ml_v3_sub55216787,v3a,3,3,55216787,996.6,89952610,1,1,0,1,-1,1,3,False,55240025,1021.6053,961.2235,966.6628,Grimmsnarl (mirror),9714ab5c3996f6cc,2026-08-04T14:36:54.158926Z
20260805_grimmsnarl_ml_v3_sub55216787,v3a,3,3,55216787,996.6,89965886,0,1,0,1,-1,4,6,True,55244494,699.9105,966.6628,968.0036,other: Scovillain ex,0ce6b5de82c318ea,2026-08-04T16:01:13.320841700Z
20260805_grimmsnarl_ml_v3_sub55216787,v3a,3,3,55216787,996.6,89966149,1,1,0,1,-1,2,4,False,55241457,981.5442,968.0036,972.6648,Kangaskhan / Crustle,e72d424665befa84,2026-08-04T16:02:01.615947700Z
20260805_grimmsnarl_ml_v3_sub55216787,v3a,3,3,55216787,996.6,89971132,1,1,0,1,-1,1,2,False,55243807,936.3998,972.6648,976.4643,Grimmsnarl (mirror),9714ab5c3996f6cc,2026-08-04T16:34:08.083998900Z
20260805_grimmsnarl_ml_v3_sub55216787,v3a,3,3,55216787,996.6,89988575,0,1,0,1,-1,1,2,True,55244282,987.6361,976.4643,981.1019,Alakazam,cc38cb450b86770a,2026-08-04T18:21:56.257805600Z
20260805_grimmsnarl_ml_v3_sub55216787,v3a,3,3,55216787,996.6,89989026,1,1,0,1,-1,1,3,False,55247035,999.4547,981.1019,985.255,Alakazam,cc38cb450b86770a,2026-08-04T18:25:20.164413200Z
20260805_grimmsnarl_ml_v3_sub55216787,v3a,3,3,55216787,996.6,89996849,0,1,0,1,-1,2,1,True,55247218,1045.8481,985.255,990.4739,Alakazam,cc38cb450b86770a,2026-08-04T19:13:52.071374800Z
20260805_grimmsnarl_ml_v3_sub55216787,v3a,3,3,55216787,996.6,90006559,0,1,0,1,-1,1,4,True,55247656,1022.0598,990.4739,995.3552,Grimmsnarl (mirror),9714ab5c3996f6cc,2026-08-04T20:13:29.471472700Z
20260805_grimmsnarl_ml_v3_sub55216787,v3a,3,3,55216787,996.6,90011258,0,1,0,1,-1,1,3,True,55056560,952.1882,999.7937,1003.5326,Grimmsnarl (mirror),9714ab5c3996f6cc,2026-08-04T20:41:32.218359700Z
20260805_grimmsnarl_ml_v3_sub55216787,v3a,3,3,55216787,996.6,90011402,0,1,0,1,-1,1,1,True,55244094,992.5308,995.3552,999.7937,Alakazam,cc38cb450b86770a,2026-08-04T20:41:27.220390Z
20260805_grimmsnarl_ml_v3_sub55216787,v3a,3,3,55216787,996.6,90021119,0,0,0,-1,1,2,1,True,55239756,1013.1685,1003.5326,999.1984,Alakazam,a665414222aea434,2026-08-04T21:42:19.148794300Z
20260805_grimmsnarl_ml_v3_sub55216787,v3a,3,3,55216787,996.6,90024707,0,0,0,-1,1,2,2,True,55235773,962.7594,999.1984,994.0918,Grimmsnarl (mirror),9714ab5c3996f6cc,2026-08-04T22:06:16.130277200Z
20260805_grimmsnarl_ml_v3_sub55216787,v3a,3,3,55216787,996.6,90027477,0,1,0,1,-1,6,6,True,55250396,1011.6247,994.0918,998.6216,Archaludon,0bef8b29715ae7d8,2026-08-04T22:21:30.123435200Z
20260805_grimmsnarl_ml_v3_sub55216787,v3a,3,3,55216787,996.6,90027778,1,0,0,-1,1,1,2,False,55241235,967.0358,998.6216,993.603,Grimmsnarl (mirror),9714ab5c3996f6cc,2026-08-04T22:21:44.673341900Z
20260805_grimmsnarl_ml_v3_sub55216787,v3a,3,3,55216787,996.6,90038672,1,1,0,1,-1,1,2,False,55246510,900.3622,993.603,996.6781,Kangaskhan / Crustle,20bc24847121c967,2026-08-04T23:25:46.754514800Z
20260805_grimmsnarl_ml_v3_sub55217233,v3b,4,3,55217233,907.6,89756402,0,1,0,1,-1,1,4,True,55217233,,,,Grimmsnarl (mirror),9714ab5c3996f6cc,2026-08-03T16:51:19.724864600Z
20260805_grimmsnarl_ml_v3_sub55217233,v3b,4,3,55217233,907.6,89756504,0,1,0,1,-1,1,5,True,55037320,655.4297,600.0,725.6888,Dragapult,c13413f36cc06552,2026-08-03T16:53:00.377136600Z
20260805_grimmsnarl_ml_v3_sub55217233,v3b,4,3,55217233,907.6,89757080,1,1,0,1,-1,1,1,False,55200235,626.8591,725.6888,796.7865,Mega Lopunny / Froslass,6fa64c0e3b2eb67c,2026-08-03T16:56:12.148820600Z
20260805_grimmsnarl_ml_v3_sub55217233,v3b,4,3,55217233,907.6,89757681,1,1,0,1,-1,1,6,True,53960329,695.393,796.7865,857.8214,Dragapult,8055443275c86105,2026-08-03T17:00:10.514904400Z
20260805_grimmsnarl_ml_v3_sub55217233,v3b,4,3,55217233,907.6,89758266,1,0,0,-1,1,4,2,False,55211669,837.6496,857.8214,781.3067,Mega Lucario,0108c79d688ec17b,2026-08-03T17:04:43.594394400Z
20260805_grimmsnarl_ml_v3_sub55217233,v3b,4,3,55217233,907.6,89758870,0,1,0,1,-1,2,5,True,55199972,775.6887,781.3067,841.1761,Archaludon,2b6a7dd699d2b6a5,2026-08-03T17:09:01.856542500Z
20260805_grimmsnarl_ml_v3_sub55217233,v3b,4,3,55217233,907.6,89759452,1,1,0,1,-1,1,4,False,55194043,893.2193,841.1761,900.9643,Grimmsnarl (mirror),9714ab5c3996f6cc,2026-08-03T17:12:16.263226Z
20260805_grimmsnarl_ml_v3_sub55217233,v3b,4,3,55217233,907.6,89760048,1,0,0,-1,1,1,1,False,55213818,827.9152,900.9643,847.5425,Mega Lopunny / Froslass,6fa64c0e3b2eb67c,2026-08-03T17:16:49.116165200Z
20260805_grimmsnarl_ml_v3_sub55217233,v3b,4,3,55217233,907.6,89760638,0,1,0,1,-1,1,2,True,54940481,850.9008,888.1685,917.006,Alakazam,5323dd7434e892c2,2026-08-03T17:23:31.604997500Z
20260805_grimmsnarl_ml_v3_sub55217233,v3b,4,3,55217233,907.6,89760875,0,1,0,1,-1,1,6,True,55214762,877.4333,847.5425,888.1685,Grimmsnarl (mirror),9714ab5c3996f6cc,2026-08-03T17:23:20.021258500Z
20260805_grimmsnarl_ml_v3_sub55217233,v3b,4,3,55217233,907.6,89761223,1,0,0,-1,1,2,2,False,55211248,868.7003,954.295,919.6002,Grimmsnarl (mirror),9714ab5c3996f6cc,2026-08-03T17:31:02.882936Z
20260805_grimmsnarl_ml_v3_sub55217233,v3b,4,3,55217233,907.6,89761803,0,1,0,1,-1,1,5,True,55196990,988.7066,917.006,954.295,Grimmsnarl (mirror),9714ab5c3996f6cc,2026-08-03T17:28:29.164714400Z
20260805_grimmsnarl_ml_v3_sub55217233,v3b,4,3,55217233,907.6,89762389,1,1,0,1,-1,1,3,False,55178212,857.8385,919.6002,938.8183,other: Team Rocket's Mewtwo ex,1be560ab77630505,2026-08-03T17:32:16.521916100Z
20260805_grimmsnarl_ml_v3_sub55217233,v3b,4,3,55217233,907.6,89762968,0,0,0,-1,1,3,1,True,55028197,721.9016,938.8183,897.1809,Archaludon,2b6a7dd699d2b6a5,2026-08-03T17:36:08.590526100Z
20260805_grimmsnarl_ml_v3_sub55217233,v3b,4,3,55217233,907.6,89763561,1,0,0,-1,1,6,1,False,55215445,914.8024,897.1809,878.2419,Kangaskhan / Crustle,113d55a83235ffaa,2026-08-03T17:40:24.227463100Z
20260805_grimmsnarl_ml_v3_sub55217233,v3b,4,3,55217233,907.6,89764173,1,0,0,-1,1,3,1,False,55210326,873.2875,878.2419,858.9535,Grimmsnarl (mirror),9714ab5c3996f6cc,2026-08-03T17:44:21.012106100Z
20260805_grimmsnarl_ml_v3_sub55217233,v3b,4,3,55217233,907.6,89764767,1,1,0,1,-1,4,1,False,55217457,865.4635,858.9535,876.2389,Ogerpon,0dede7cb8026e473,2026-08-03T17:48:13.344949300Z
20260805_grimmsnarl_ml_v3_sub55217233,v3b,4,3,55217233,907.6,89765345,0,1,0,1,-1,5,6,True,54249325,502.4709,876.2389,878.493,Grimmsnarl (mirror),3a4c25c73ed2d081,2026-08-03T17:52:04.023270500Z
20260805_grimmsnarl_ml_v3_sub55217233,v3b,4,3,55217233,907.6,89765924,0,1,0,1,-1,1,3,True,55099542,896.4114,878.493,896.1436,Grimmsnarl (mirror),9714ab5c3996f6cc,2026-08-03T17:56:46.618810300Z
20260805_grimmsnarl_ml_v3_sub55217233,v3b,4,3,55217233,907.6,89766524,1,1,0,1,-1,1,3,True,55176510,777.0788,896.1436,905.8272,Alakazam,65980f1c1e35b45d,2026-08-03T18:00:14.485065700Z
20260805_grimmsnarl_ml_v3_sub55217233,v3b,4,3,55217233,907.6,89767114,1,0,0,-1,1,4,1,False,55200743,859.1194,905.8272,888.2977,Ogerpon,0dede7cb8026e473,2026-08-03T18:04:15.556360600Z
20260805_grimmsnarl_ml_v3_sub55217233,v3b,4,3,55217233,907.6,89767712,0,1,0,1,-1,1,6,True,54559989,589.4615,888.2977,891.4969,other: Dudunsparce,29fce43c5bbdf3b6,2026-08-03T18:08:10.856542700Z
20260805_grimmsnarl_ml_v3_sub55217233,v3b,4,3,55217233,907.6,89768296,1,0,0,-1,1,3,1,False,55199774,940.063,891.4969,879.9419,Grimmsnarl (mirror),9714ab5c3996f6cc,2026-08-03T18:12:10.100057100Z
20260805_grimmsnarl_ml_v3_sub55217233,v3b,4,3,55217233,907.6,89768897,1,0,0,-1,1,1,2,False,55138530,932.9037,879.9419,869.0882,Grimmsnarl (mirror),9714ab5c3996f6cc,2026-08-03T18:16:25.300772600Z
20260805_grimmsnarl_ml_v3_sub55217233,v3b,4,3,55217233,907.6,89769482,1,1,0,1,-1,1,3,False,55207758,917.7545,869.0882,884.0762,Alakazam,48dd99dd2b5aba68,2026-08-03T18:22:37.717308900Z
20260805_grimmsnarl_ml_v3_sub55217233,v3b,4,3,55217233,907.6,89770064,1,0,0,-1,1,1,2,True,54678772,800.0979,884.0762,868.1116,Archaludon,ebd4dbb270dce6a2,2026-08-03T18:24:10.578865900Z
20260805_grimmsnarl_ml_v3_sub55217233,v3b,4,3,55217233,907.6,89770664,1,1,0,1,-1,1,6,False,55199443,538.1974,868.1116,870.198,other: Cynthia's Garchomp ex,daa0b791881d469e,2026-08-03T18:28:05.788892600Z
20260805_grimmsnarl_ml_v3_sub55217233,v3b,4,3,55217233,907.6,89771266,1,0,0,-1,1,3,1,False,55076817,848.4376,870.198,857.9257,Alakazam,a665414222aea434,2026-08-03T18:32:33.327980100Z
20260805_grimmsnarl_ml_v3_sub55217233,v3b,4,3,55217233,907.6,89771867,1,0,0,-1,1,4,1,False,55207002,823.074,857.9257,845.6642,Ogerpon,0dede7cb8026e473,2026-08-03T18:36:13.530997900Z
20260805_grimmsnarl_ml_v3_sub55217233,v3b,4,3,55217233,907.6,89772469,0,1,0,1,-1,1,5,True,55209871,798.7103,845.6642,854.4033,Alakazam,cc38cb450b86770a,2026-08-03T18:40:36.023003600Z
20260805_grimmsnarl_ml_v3_sub55217233,v3b,4,3,55217233,907.6,89773052,0,1,0,1,-1,3,6,True,55001643,817.0697,854.4033,863.2033,other: Team Rocket's Mewtwo ex,96c0eefc2ca3e8de,2026-08-03T18:44:06.798710700Z
20260805_grimmsnarl_ml_v3_sub55217233,v3b,4,3,55217233,907.6,89773717,1,1,0,1,-1,1,4,False,55194954,764.0091,863.2033,869.7712,Grimmsnarl (mirror),9714ab5c3996f6cc,2026-08-03T18:48:21.193390200Z
20260805_grimmsnarl_ml_v3_sub55217233,v3b,4,3,55217233,907.6,89774225,1,1,0,1,-1,2,3,True,54987099,864.1543,869.7712,879.085,Archaludon,ebd4dbb270dce6a2,2026-08-03T18:52:19.565220700Z
20260805_grimmsnarl_ml_v3_sub55217233,v3b,4,3,55217233,907.6,89774816,0,1,0,1,-1,1,4,True,55186188,907.4303,879.085,889.2367,Grimmsnarl (mirror),9714ab5c3996f6cc,2026-08-03T18:56:46.336454200Z
20260805_grimmsnarl_ml_v3_sub55217233,v3b,4,3,55217233,907.6,89775442,0,1,0,1,-1,1,3,True,54322059,825.9514,889.2367,896.19,Mega Lucario,a6535bbccddb9182,2026-08-03T19:00:08.665108800Z
20260805_grimmsnarl_ml_v3_sub55217233,v3b,4,3,55217233,907.6,89776002,0,0,0,-1,1,2,2,True,55181340,815.9141,896.19,884.9052,Archaludon,f9532fcdd1d379ea,2026-08-03T19:04:11.784140500Z
20260805_grimmsnarl_ml_v3_sub55217233,v3b,4,3,55217233,907.6,89776585,0,1,0,1,-1,1,3,True,55041588,863.4993,884.9052,892.6086,other: Team Rocket's Honchkrow,685e21210fdb3f7c,2026-08-03T19:08:05.932007700Z
20260805_grimmsnarl_ml_v3_sub55217233,v3b,4,3,55217233,907.6,89777155,0,1,0,1,-1,1,1,True,55209169,896.3018,892.6086,900.7997,Kangaskhan / Crustle,20bc24847121c967,2026-08-03T19:12:24.683254900Z
20260805_grimmsnarl_ml_v3_sub55217233,v3b,4,3,55217233,907.6,89777736,0,0,0,-1,1,4,1,True,55138530,936.4893,900.7997,893.9206,Grimmsnarl (mirror),9714ab5c3996f6cc,2026-08-03T19:16:22.172844600Z
20260805_grimmsnarl_ml_v3_sub55217233,v3b,4,3,55217233,907.6,89778321,0,1,0,1,-1,1,4,True,55158458,793.6715,893.9206,899.0295,Grimmsnarl (mirror),9714ab5c3996f6cc,2026-08-03T19:20:22.520481500Z
20260805_grimmsnarl_ml_v3_sub55217233,v3b,4,3,55217233,907.6,89778915,1,1,0,1,-1,4,4,False,53896596,384.9326,899.0295,899.2744,Dragapult,8043c708b333c8d1,2026-08-03T19:24:07.929831200Z
20260805_grimmsnarl_ml_v3_sub55217233,v3b,4,3,55217233,907.6,89779499,0,1,0,1,-1,2,5,True,55200001,932.1151,899.2744,907.6569,Alakazam,cc38cb450b86770a,2026-08-03T19:28:17.454994200Z
20260805_grimmsnarl_ml_v3_sub55217233,v3b,4,3,55217233,907.6,89780087,1,1,0,1,-1,1,4,False,55170648,862.587,907.6569,913.773,Alakazam,cc38cb450b86770a,2026-08-03T19:32:44.847870900Z
20260805_grimmsnarl_ml_v3_sub55217233,v3b,4,3,55217233,907.6,89780681,0,1,0,1,-1,3,3,True,54585744,496.6615,913.773,914.3726,other: Mega Abomasnow ex,d0827bf480e730e3,2026-08-03T19:36:08.407169500Z
20260805_grimmsnarl_ml_v3_sub55217233,v3b,4,3,55217233,907.6,89781280,0,0,0,-1,1,6,1,True,54999418,949.9273,914.3726,908.2073,Alakazam,cc38cb450b86770a,2026-08-03T19:40:21.876475800Z
20260805_grimmsnarl_ml_v3_sub55217233,v3b,4,3,55217233,907.6,89781878,0,1,0,1,-1,1,1,True,55127564,815.5396,908.2073,912.9508,Archaludon,ebd4dbb270dce6a2,2026-08-03T19:44:15.333394800Z
20260805_grimmsnarl_ml_v3_sub55217233,v3b,4,3,55217233,907.6,89782047,1,1,0,1,-1,1,1,False,55215820,954.0532,912.9508,920.7011,Grimmsnarl (mirror),9714ab5c3996f6cc,2026-08-03T19:44:16.074962700Z
20260805_grimmsnarl_ml_v3_sub55217233,v3b,4,3,55217233,907.6,89782477,0,0,0,-1,1,1,1,True,55205326,909.146,920.7011,913.8516,Grimmsnarl (mirror),9714ab5c3996f6cc,2026-08-03T19:48:37.264492Z
20260805_grimmsnarl_ml_v3_sub55217233,v3b,4,3,55217233,907.6,89783079,0,0,0,-1,1,1,2,True,55214747,880.0508,921.4411,914.2453,other: Team Rocket's Mewtwo ex,1be560ab77630505,2026-08-03T19:57:06.061536100Z
20260805_grimmsnarl_ml_v3_sub55217233,v3b,4,3,55217233,907.6,89783663,0,1,0,1,-1,2,1,True,55152123,962.4327,913.8516,921.4411,other: Team Rocket's Mewtwo ex,a5da150e509834c5,2026-08-03T19:56:33.111879900Z
20260805_grimmsnarl_ml_v3_sub55217233,v3b,4,3,55217233,907.6,89784251,1,0,0,-1,1,5,1,False,55206623,945.2576,914.2453,908.8101,Grimmsnarl (mirror),57961e5f51c03eaf,2026-08-03T20:02:31.782673300Z
20260805_grimmsnarl_ml_v3_sub55217233,v3b,4,3,55217233,907.6,89784887,1,1,0,1,-1,1,5,False,55215041,867.7017,908.8101,913.9054,Grimmsnarl (mirror),9714ab5c3996f6cc,2026-08-03T20:06:09.554331300Z
20260805_grimmsnarl_ml_v3_sub55217233,v3b,4,3,55217233,907.6,89785502,1,1,0,1,-1,2,4,False,55085664,897.052,913.9054,919.4128,Grimmsnarl (mirror),9714ab5c3996f6cc,2026-08-03T20:10:13.443531100Z
20260805_grimmsnarl_ml_v3_sub55217233,v3b,4,3,55217233,907.6,89786487,0,1,0,1,-1,1,1,True,55219953,897.4003,924.9509,929.8026,Mega Lopunny / Froslass,6fa64c0e3b2eb67c,2026-08-03T20:18:11.826034500Z
20260805_grimmsnarl_ml_v3_sub55217233,v3b,4,3,55217233,907.6,89786763,1,1,0,1,-1,1,2,False,55104408,909.5631,919.4128,924.9509,Grimmsnarl (mirror),9714ab5c3996f6cc,2026-08-03T20:18:02.447839600Z
20260805_grimmsnarl_ml_v3_sub55217233,v3b,4,3,55217233,907.6,89788609,1,0,0,-1,1,3,1,False,55214398,928.5643,929.8026,924.2664,Kangaskhan / Crustle,20bc24847121c967,2026-08-03T20:30:22.989808Z
20260805_grimmsnarl_ml_v3_sub55217233,v3b,4,3,55217233,907.6,89789608,0,1,0,1,-1,1,4,True,55219086,912.8683,924.2664,929.3985,Grimmsnarl (mirror),9714ab5c3996f6cc,2026-08-03T20:40:26.185718Z
20260805_grimmsnarl_ml_v3_sub55217233,v3b,4,3,55217233,907.6,89791536,0,0,0,-1,1,2,1,True,55218524,931.394,929.3985,924.149,other: Cynthia's Garchomp ex,daff2ed17de6145d,2026-08-03T20:52:17.622188300Z
20260805_grimmsnarl_ml_v3_sub55217233,v3b,4,3,55217233,907.6,89798384,1,0,0,-1,1,5,1,False,54982032,914.3238,924.149,918.7435,Grimmsnarl (mirror),21c3f20980827cb2,2026-08-03T21:40:59.839542800Z
20260805_grimmsnarl_ml_v3_sub55217233,v3b,4,3,55217233,907.6,89806176,1,1,0,1,-1,2,5,True,55058596,610.3117,918.7435,919.7665,Alakazam,da2e250622efe141,2026-08-03T22:32:42.153620800Z
20260805_grimmsnarl_ml_v3_sub55217233,v3b,4,3,55217233,907.6,89813590,1,0,0,-1,1,2,2,False,55201817,792.152,919.7665,912.1093,other: Team Rocket's Mewtwo ex,75bcf48c76a9e9b9,2026-08-03T23:21:27.745195300Z
20260805_grimmsnarl_ml_v3_sub55217233,v3b,4,3,55217233,907.6,89817527,0,1,0,1,-1,1,4,True,55223190,908.1516,912.1093,916.5353,Archaludon,2b6a7dd699d2b6a5,2026-08-03T23:48:37.945804600Z
20260805_grimmsnarl_ml_v3_sub55217233,v3b,4,3,55217233,907.6,89818999,0,0,0,-1,1,3,1,True,55219187,810.9413,916.5353,909.6279,other: Team Rocket's Mewtwo ex,85dba902e856341e,2026-08-03T23:56:51.649705900Z
20260805_grimmsnarl_ml_v3_sub55217233,v3b,4,3,55217233,907.6,89819469,0,0,0,-1,1,1,1,True,55221323,932.9966,909.6279,905.2463,Grimmsnarl (mirror),9714ab5c3996f6cc,2026-08-04T00:00:49.968824100Z
20260805_grimmsnarl_ml_v3_sub55217233,v3b,4,3,55217233,907.6,89822400,1,1,0,1,-1,1,5,False,55222971,828.2821,905.2463,908.6605,Alakazam,cc38cb450b86770a,2026-08-04T00:20:54.159090200Z
20260805_grimmsnarl_ml_v3_sub55217233,v3b,4,3,55217233,907.6,89828257,0,0,0,-1,1,4,1,True,55223426,983.9047,908.6605,905.2808,Grimmsnarl (mirror),9714ab5c3996f6cc,2026-08-04T01:00:56.874559500Z
20260805_grimmsnarl_ml_v3_sub55217233,v3b,4,3,55217233,907.6,89849873,1,1,0,1,-1,4,5,True,55179799,871.4275,905.2808,909.3179,Archaludon,20736cb9ee17cc92,2026-08-04T03:24:50.357759300Z
20260805_grimmsnarl_ml_v3_sub55217233,v3b,4,3,55217233,907.6,89856802,1,0,0,-1,1,4,2,False,55225740,975.7089,909.3179,905.8553,Ogerpon,0dede7cb8026e473,2026-08-04T04:12:44.618670100Z
20260805_grimmsnarl_ml_v3_sub55217233,v3b,4,3,55217233,907.6,89861511,0,1,0,1,-1,1,3,True,55226643,971.0133,905.8553,911.3874,Grimmsnarl (mirror),9714ab5c3996f6cc,2026-08-04T04:52:59.765923800Z
20260805_grimmsnarl_ml_v3_sub55217233,v3b,4,3,55217233,907.6,89871694,0,1,0,1,-1,1,4,True,55227455,948.2594,911.3874,916.4649,Grimmsnarl (mirror),9714ab5c3996f6cc,2026-08-04T05:52:47.900289700Z
20260805_grimmsnarl_ml_v3_sub55217233,v3b,4,3,55217233,907.6,89889768,0,1,0,1,-1,1,6,True,55230222,225.9551,916.4649,916.4868,Grimmsnarl (mirror),58eb5d348ad04b18,2026-08-04T07:52:51.529612900Z
20260805_grimmsnarl_ml_v3_sub55217233,v3b,4,3,55217233,907.6,89895611,0,1,0,1,-1,1,5,True,55233117,971.7505,916.4868,921.7518,Dragapult,202ee2cec6cbe8b4,2026-08-04T08:33:23.129141100Z
20260805_grimmsnarl_ml_v3_sub55217233,v3b,4,3,55217233,907.6,89904864,0,1,0,1,-1,1,3,True,55234330,885.3017,921.7518,925.5549,Grimmsnarl (mirror),57961e5f51c03eaf,2026-08-04T09:36:09.456655100Z
20260805_grimmsnarl_ml_v3_sub55217233,v3b,4,3,55217233,907.6,89908169,0,0,0,-1,1,4,1,True,55213237,954.5808,925.5549,921.5296,Dipplin,f6460d394199ac55,2026-08-04T09:52:52.213914500Z
20260805_grimmsnarl_ml_v3_sub55217233,v3b,4,3,55217233,907.6,89916611,1,0,0,-1,1,5,1,False,55235351,948.0563,921.5296,917.5226,Kangaskhan / Crustle,9b415cc6bbdf6fd5,2026-08-04T10:49:11.579351800Z
20260805_grimmsnarl_ml_v3_sub55217233,v3b,4,3,55217233,907.6,89938054,1,0,0,-1,1,3,1,False,55169114,876.7706,917.5226,912.3402,Grimmsnarl (mirror),9714ab5c3996f6cc,2026-08-04T13:04:53.514634200Z
20260805_grimmsnarl_ml_v3_sub55217233,v3b,4,3,55217233,907.6,89938563,0,1,0,1,-1,1,1,True,55237117,935.1561,912.3402,917.1822,Grimmsnarl (mirror),9714ab5c3996f6cc,2026-08-04T13:08:53.487444200Z
20260805_grimmsnarl_ml_v3_sub55217233,v3b,4,3,55217233,907.6,89939188,1,1,0,1,-1,2,3,False,55238265,872.7433,917.1822,920.9222,Grimmsnarl (mirror),9714ab5c3996f6cc,2026-08-04T13:13:09.090374600Z
20260805_grimmsnarl_ml_v3_sub55217233,v3b,4,3,55217233,907.6,89944123,1,1,0,1,-1,1,4,True,55239459,908.3661,920.9222,925.1216,Alakazam,7fa65817cc79c36c,2026-08-04T13:44:49.584905800Z
20260805_grimmsnarl_ml_v3_sub55217233,v3b,4,3,55217233,907.6,89945922,0,0,0,-1,1,4,1,True,55241149,902.4247,925.1216,920.6869,Grimmsnarl (mirror),9714ab5c3996f6cc,2026-08-04T13:56:53.693887800Z
20260805_grimmsnarl_ml_v3_sub55217233,v3b,4,3,55217233,907.6,89954243,1,1,0,1,-1,1,3,False,55241743,940.633,920.6869,925.2406,Grimmsnarl (mirror),57961e5f51c03eaf,2026-08-04T14:48:43.530707Z
20260805_grimmsnarl_ml_v3_sub55217233,v3b,4,3,55217233,907.6,89978385,0,1,0,1,-1,1,3,True,55244282,963.724,925.2406,930.2627,Alakazam,cc38cb450b86770a,2026-08-04T17:17:33.933487Z
20260805_grimmsnarl_ml_v3_sub55217233,v3b,4,3,55217233,907.6,89982191,0,0,0,-1,1,6,1,True,55243807,896.2956,930.2627,925.255,Grimmsnarl (mirror),9714ab5c3996f6cc,2026-08-04T17:42:13.005503300Z
20260805_grimmsnarl_ml_v3_sub55217233,v3b,4,3,55217233,907.6,89991687,0,0,0,-1,1,3,1,True,55246754,894.5548,925.255,920.4658,other: Hydrapple ex,ac909e9cb94b50e0,2026-08-04T18:41:14.739907700Z
20260805_grimmsnarl_ml_v3_sub55217233,v3b,4,3,55217233,907.6,89991952,0,0,0,-1,1,2,2,True,55233196,952.2567,920.4658,916.4869,Grimmsnarl (mirror),9714ab5c3996f6cc,2026-08-04T18:42:07.359352600Z
20260805_grimmsnarl_ml_v3_sub55217233,v3b,4,3,55217233,907.6,89993821,0,0,0,-1,1,2,2,True,55209036,971.8103,916.4869,912.864,Grimmsnarl (mirror),9714ab5c3996f6cc,2026-08-04T18:53:41.921064900Z
20260805_grimmsnarl_ml_v3_sub55217233,v3b,4,3,55217233,907.6,89998807,1,1,0,1,-1,1,4,False,55246709,903.4792,912.864,917.1207,Grimmsnarl (mirror),9714ab5c3996f6cc,2026-08-04T19:25:28.556651600Z
20260805_grimmsnarl_ml_v3_sub55217233,v3b,4,3,55217233,907.6,90001479,1,0,0,-1,1,6,1,False,55245666,923.0909,917.1207,912.7582,Mega Lopunny / Froslass,35dba0d811a25b57,2026-08-04T19:41:27.005338300Z
20260805_grimmsnarl_ml_v3_sub55217233,v3b,4,3,55217233,907.6,90007907,0,0,0,-1,1,5,1,True,55247330,906.09,912.7582,908.2045,Alakazam,cc38cb450b86770a,2026-08-04T20:21:35.796586200Z
20260805_grimmsnarl_ml_v3_sub55217233,v3b,4,3,55217233,907.6,90009241,0,1,0,1,-1,2,1,True,55246567,926.5002,908.2045,912.9757,Mega Lopunny / Froslass,1350508087c01043,2026-08-04T20:30:28.508550800Z
20260805_grimmsnarl_ml_v3_sub55217233,v3b,4,3,55217233,907.6,90022203,1,0,0,-1,1,1,2,False,55247554,904.2485,912.9757,908.3636,Grimmsnarl (mirror),9714ab5c3996f6cc,2026-08-04T21:50:26.988557700Z
20260805_grimmsnarl_ml_v3_sub55217233,v3b,4,3,55217233,907.6,90023023,1,0,0,-1,1,3,1,False,55236305,912.9384,908.3636,903.9558,Kangaskhan / Crustle,4717e5f31ba694d4,2026-08-04T21:53:41.183203200Z
20260805_grimmsnarl_ml_v3_sub55217233,v3b,4,3,55217233,907.6,90039960,0,1,0,1,-1,1,4,True,55245674,855.7364,903.9558,907.681,Grimmsnarl (mirror),9714ab5c3996f6cc,2026-08-04T23:33:36.392288800Z
20260805_grimmsnarl_ml_v3_sub55217233,v3b,4,3,55217233,907.6,90050766,1,1,0,1,-1,1,6,False,55252998,940.0382,907.681,912.1848,Alakazam,13488ef887ec172c,2026-08-05T00:37:31.501226600Z
20260805_grimmsnarl_ml_v4_sub55253296,v4,5,4,55253296,1031.2,90047863,0,0,0,-1,1,1,1,True,55253296,,,,Grimmsnarl (mirror),9714ab5c3996f6cc,2026-08-05T00:19:22.389112900Z
20260805_grimmsnarl_ml_v4_sub55253296,v4,5,4,55253296,1031.2,90047973,1,1,0,1,-1,1,5,False,55227244,779.1283,600.0,766.6377,Alakazam,cc38cb450b86770a,2026-08-05T00:21:42.119156400Z
20260805_grimmsnarl_ml_v4_sub55253296,v4,5,4,55253296,1031.2,90048627,1,1,0,1,-1,6,5,False,55250998,728.6746,766.6377,852.3727,Archaludon,1a5a0c5b50e7199e,2026-08-05T00:26:01.922732300Z
20260805_grimmsnarl_ml_v4_sub55253296,v4,5,4,55253296,1031.2,90049319,1,1,0,1,-1,1,3,False,55200790,830.6899,852.3727,931.3449,Alakazam,cc38cb450b86770a,2026-08-05T00:29:51.726645300Z
20260805_grimmsnarl_ml_v4_sub55253296,v4,5,4,55253296,1031.2,90050032,1,1,0,1,-1,1,3,True,55132835,814.3506,931.3449,980.319,Archaludon,ebd4dbb270dce6a2,2026-08-05T00:33:44.268073400Z
20260805_grimmsnarl_ml_v4_sub55253296,v4,5,4,55253296,1031.2,90050725,1,1,0,1,-1,6,6,False,55024406,885.4788,980.319,1024.6934,Alakazam,a665414222aea434,2026-08-05T00:37:59.876387400Z
20260805_grimmsnarl_ml_v4_sub55253296,v4,5,4,55253296,1031.2,90051433,1,1,0,1,-1,4,6,False,55217467,920.1917,1024.6934,1061.0274,other: Team Rocket's Mewtwo ex,d0433f91b280a9c9,2026-08-05T00:41:43.092397800Z
20260805_grimmsnarl_ml_v4_sub55253296,v4,5,4,55253296,1031.2,90052111,1,1,0,1,-1,1,3,False,55252808,1093.7169,1061.0274,1108.6532,Grimmsnarl (mirror),9714ab5c3996f6cc,2026-08-05T00:47:16.895279600Z
20260805_grimmsnarl_ml_v4_sub55253296,v4,5,4,55253296,1031.2,90052802,0,1,0,1,-1,1,1,True,55235857,1016.057,1108.6532,1137.4791,Grimmsnarl (mirror),21c3f20980827cb2,2026-08-05T00:50:01.490892700Z
20260805_grimmsnarl_ml_v4_sub55253296,v4,5,4,55253296,1031.2,90053502,1,0,0,-1,1,3,1,False,55245964,1043.7844,1137.4791,1089.3441,Grimmsnarl (mirror),21c3f20980827cb2,2026-08-05T00:54:04.719953600Z
20260805_grimmsnarl_ml_v4_sub55253296,v4,5,4,55253296,1031.2,90054205,0,0,0,-1,1,1,1,True,55245898,996.5794,1089.3441,1047.1412,Grimmsnarl (mirror),9714ab5c3996f6cc,2026-08-05T00:57:58.233421600Z
20260805_grimmsnarl_ml_v4_sub55253296,v4,5,4,55253296,1031.2,90054238,1,1,0,1,-1,1,2,False,55252638,1001.1392,1047.1412,1070.2227,Kangaskhan / Crustle,113d55a83235ffaa,2026-08-05T00:58:02.887219100Z
20260805_grimmsnarl_ml_v4_sub55253296,v4,5,4,55253296,1031.2,90054903,1,0,0,-1,1,4,1,False,55248060,853.2053,1070.2227,1022.2871,Alakazam,cc38cb450b86770a,2026-08-05T01:01:35.677470Z
20260805_grimmsnarl_ml_v4_sub55253296,v4,5,4,55253296,1031.2,90055586,1,1,0,1,-1,2,2,False,55192572,982.7738,1022.2871,1042.4563,Grimmsnarl (mirror),9714ab5c3996f6cc,2026-08-05T01:05:46.648317300Z
20260805_grimmsnarl_ml_v4_sub55253296,v4,5,4,55253296,1031.2,90056293,0,1,0,1,-1,1,4,True,55245895,941.7934,1042.4563,1057.0944,Dragapult,9ad3143fbfcfc93e,2026-08-05T01:09:32.497283400Z
20260805_grimmsnarl_ml_v4_sub55253296,v4,5,4,55253296,1031.2,90056990,0,0,0,-1,1,2,2,True,55134277,979.7485,1057.0944,1030.9743,Grimmsnarl (mirror),9714ab5c3996f6cc,2026-08-05T01:13:45.959782600Z
20260805_grimmsnarl_ml_v4_sub55253296,v4,5,4,55253296,1031.2,90057682,0,1,0,1,-1,2,3,True,55247218,1040.509,1030.9743,1050.4173,Alakazam,cc38cb450b86770a,2026-08-05T01:17:34.391182800Z
20260805_grimmsnarl_ml_v4_sub55253296,v4,5,4,55253296,1031.2,90058371,0,1,0,1,-1,2,5,True,55245895,938.8976,1050.4173,1061.7369,Dragapult,9ad3143fbfcfc93e,2026-08-05T01:21:37.742091500Z
20260805_grimmsnarl_ml_v4_sub55253296,v4,5,4,55253296,1031.2,90059063,1,1,0,1,-1,1,4,False,55164985,1004.5561,1061.7369,1075.2676,Grimmsnarl (mirror),9714ab5c3996f6cc,2026-08-05T01:25:54.747955900Z
20260805_grimmsnarl_ml_v4_sub55253296,v4,5,4,55253296,1031.2,90059164,1,0,0,-1,1,4,2,False,55251966,1046.9881,1075.2676,1058.0332,Ogerpon,97df7a2a423da1d8,2026-08-05T01:26:21.253595200Z
20260805_grimmsnarl_ml_v4_sub55253296,v4,5,4,55253296,1031.2,90059779,1,1,0,1,-1,1,1,False,55147260,930.9796,1058.0332,1067.0043,other: Cynthia's Garchomp ex,daff2ed17de6145d,2026-08-05T01:29:50.366231200Z
20260805_grimmsnarl_ml_v4_sub55253296,v4,5,4,55253296,1031.2,90060478,0,0,0,-1,1,4,1,True,55207994,835.6341,1067.0043,1038.9361,Alakazam,3ba9c60d606dcb6f,2026-08-05T01:33:52.916354100Z
20260805_grimmsnarl_ml_v4_sub55253296,v4,5,4,55253296,1031.2,90061150,1,0,0,-1,1,4,2,False,55251987,1053.7449,1038.9361,1026.2343,Ogerpon,0dede7cb8026e473,2026-08-05T01:37:36.149073700Z
20260805_grimmsnarl_ml_v4_sub55253296,v4,5,4,55253296,1031.2,90061838,1,0,0,-1,1,5,1,False,55121805,1048.986,1026.2343,1014.3366,Mega Lopunny / Froslass,3f1fae2704f11912,2026-08-05T01:41:52.082724400Z
20260805_grimmsnarl_ml_v4_sub55253296,v4,5,4,55253296,1031.2,90062514,0,1,0,1,-1,2,3,True,54977294,962.6448,1014.3366,1024.5159,Grimmsnarl (mirror),9714ab5c3996f6cc,2026-08-05T01:45:56.961221600Z
20260805_grimmsnarl_ml_v4_sub55253296,v4,5,4,55253296,1031.2,90063180,0,1,0,1,-1,1,1,True,54486275,953.0555,1024.5159,1033.5364,Alakazam,a665414222aea434,2026-08-05T01:51:48.230243400Z
20260805_grimmsnarl_ml_v4_sub55253296,v4,5,4,55253296,1031.2,90063885,0,0,0,-1,1,3,1,True,55223409,985.6646,1033.5364,1020.0419,Grimmsnarl (mirror),9714ab5c3996f6cc,2026-08-05T01:53:43.648343700Z
20260805_grimmsnarl_ml_v4_sub55253296,v4,5,4,55253296,1031.2,90064540,1,1,0,1,-1,1,1,False,55164985,997.6324,1020.0419,1030.1427,Grimmsnarl (mirror),9714ab5c3996f6cc,2026-08-05T01:57:57.548182200Z
20260805_grimmsnarl_ml_v4_sub55253296,v4,5,4,55253296,1031.2,90065213,1,1,0,1,-1,1,1,False,55144729,995.7106,1030.1427,1039.4337,Alakazam,cc38cb450b86770a,2026-08-05T02:01:47.525014900Z
20260805_grimmsnarl_ml_v4_sub55253296,v4,5,4,55253296,1031.2,90065930,1,1,0,1,-1,1,2,False,54957625,1030.7457,1039.4337,1049.3123,Kangaskhan / Crustle,20bc24847121c967,2026-08-05T02:06:22.077839900Z
20260805_grimmsnarl_ml_v4_sub55253296,v4,5,4,55253296,1031.2,90066601,1,0,0,-1,1,1,2,False,55219953,1019.7032,1049.3123,1038.4026,Mega Lopunny / Froslass,6fa64c0e3b2eb67c,2026-08-05T02:09:52.016882Z
20260805_grimmsnarl_ml_v4_sub55253296,v4,5,4,55253296,1031.2,90067269,1,0,0,-1,1,4,2,False,55237100,993.5298,1038.4026,1027.334,Ogerpon,0dede7cb8026e473,2026-08-05T02:13:45.991459800Z
20260805_grimmsnarl_ml_v4_sub55253296,v4,5,4,55253296,1031.2,90067953,1,1,0,1,-1,1,6,False,55056551,985.5989,1027.334,1035.1461,Grimmsnarl (mirror),9714ab5c3996f6cc,2026-08-05T02:17:39.099793400Z
20260805_grimmsnarl_ml_v4_sub55253296,v4,5,4,55253296,1031.2,90068633,1,1,0,1,-1,1,3,False,55218119,1008.2855,1035.1461,1043.1733,Grimmsnarl (mirror),9714ab5c3996f6cc,2026-08-05T02:21:45.831002300Z
20260805_grimmsnarl_ml_v4_sub55253296,v4,5,4,55253296,1031.2,90069304,0,0,0,-1,1,4,2,True,55253138,1014.187,1043.1733,1033.7713,Ogerpon,0dede7cb8026e473,2026-08-05T02:27:22.383128400Z
20260805_grimmsnarl_ml_v4_sub55253296,v4,5,4,55253296,1031.2,90069984,0,0,0,-1,1,1,2,True,55253922,966.7124,1033.7713,1023.5411,Grimmsnarl (mirror),dd85e3c9f892f55b,2026-08-05T02:29:42.882448300Z
20260805_grimmsnarl_ml_v4_sub55253296,v4,5,4,55253296,1031.2,90070652,1,0,0,-1,1,2,2,False,55254319,923.1568,1023.5411,1012.6948,Grimmsnarl (mirror),9714ab5c3996f6cc,2026-08-05T02:33:36.339518200Z
20260805_grimmsnarl_ml_v4_sub55253296,v4,5,4,55253296,1031.2,90071313,0,1,0,1,-1,1,4,True,55239761,1021.6201,1012.6948,1020.7801,Alakazam,cc38cb450b86770a,2026-08-05T02:37:41.279791100Z
20260805_grimmsnarl_ml_v4_sub55253296,v4,5,4,55253296,1031.2,90072024,1,0,0,-1,1,5,1,False,55191863,915.4766,1020.7801,1010.0441,Kangaskhan / Crustle,4717e5f31ba694d4,2026-08-05T02:42:29.442834100Z
20260805_grimmsnarl_ml_v4_sub55253296,v4,5,4,55253296,1031.2,90072697,1,1,0,1,-1,2,2,False,55253584,974.3246,1010.0441,1016.4245,Grimmsnarl (mirror),9714ab5c3996f6cc,2026-08-05T02:46:06.168893500Z
20260805_grimmsnarl_ml_v4_sub55253296,v4,5,4,55253296,1031.2,90073350,0,0,0,-1,1,6,2,True,55245030,1037.616,1016.4245,1009.7731,Grimmsnarl (mirror),9714ab5c3996f6cc,2026-08-05T02:49:50.147278100Z
20260805_grimmsnarl_ml_v4_sub55253296,v4,5,4,55253296,1031.2,90074030,0,1,0,1,-1,1,6,True,55249285,918.5115,1009.7731,1014.6372,Alakazam,48dd99dd2b5aba68,2026-08-05T02:54:17.687195300Z
20260805_grimmsnarl_ml_v4_sub55253296,v4,5,4,55253296,1031.2,90074690,1,0,0,-1,1,3,1,False,55237568,962.6034,1014.6372,1006.4164,Grimmsnarl (mirror),9714ab5c3996f6cc,2026-08-05T02:57:31.098346200Z
20260805_grimmsnarl_ml_v4_sub55253296,v4,5,4,55253296,1031.2,90075393,0,1,0,1,-1,1,1,True,55250586,941.2081,1006.4164,1011.5919,Alakazam,cc38cb450b86770a,2026-08-05T03:01:57.912768400Z
20260805_grimmsnarl_ml_v4_sub55253296,v4,5,4,55253296,1031.2,90076070,0,0,0,-1,1,3,2,True,55254018,1006.2063,1011.5919,1004.9981,Grimmsnarl (mirror),9714ab5c3996f6cc,2026-08-05T03:06:05.663135300Z
20260805_grimmsnarl_ml_v4_sub55253296,v4,5,4,55253296,1031.2,90076729,0,1,0,1,-1,6,4,True,55193275,977.6268,1004.9981,1010.7713,Ogerpon,0dede7cb8026e473,2026-08-05T03:09:36.606055200Z
20260805_grimmsnarl_ml_v4_sub55253296,v4,5,4,55253296,1031.2,90077365,0,1,0,1,-1,1,2,True,55244094,969.4584,1010.7713,1016.1179,Alakazam,cc38cb450b86770a,2026-08-05T03:13:49.743869300Z
20260805_grimmsnarl_ml_v4_sub55253296,v4,5,4,55253296,1031.2,90078131,0,1,0,1,-1,1,3,True,55254078,1022.223,1016.1179,1022.3171,Alakazam,cc38cb450b86770a,2026-08-05T03:18:14.223293600Z
20260805_grimmsnarl_ml_v4_sub55253296,v4,5,4,55253296,1031.2,90078810,0,1,0,1,-1,1,4,True,55207709,991.1075,1022.3171,1027.6454,Grimmsnarl (mirror),9714ab5c3996f6cc,2026-08-05T03:22:33.471431900Z
20260805_grimmsnarl_ml_v4_sub55253296,v4,5,4,55253296,1031.2,90079250,0,1,0,1,-1,1,6,True,55253275,1056.1063,1027.6454,1034.1049,Dipplin,3117d81e3f1bdd20,2026-08-05T03:25:33.680952900Z
20260805_grimmsnarl_ml_v4_sub55253296,v4,5,4,55253296,1031.2,90079519,1,0,0,-1,1,3,1,False,55192572,981.7601,1034.1049,1027.2219,Grimmsnarl (mirror),9714ab5c3996f6cc,2026-08-05T03:25:54.277784Z
20260805_grimmsnarl_ml_v4_sub55253296,v4,5,4,55253296,1031.2,90081611,1,1,0,1,-1,1,4,False,55216968,942.5663,1027.2219,1031.225,Grimmsnarl (mirror),9714ab5c3996f6cc,2026-08-05T03:37:44.348549600Z
20260806_grimmsnarl_ml_v4_5_sub55275464,v4.5,6,4.5,55275464,979.1,90213429,0,0,0,-1,1,3,1,True,55275464,,,,Grimmsnarl (mirror),9714ab5c3996f6cc,2026-08-05T16:19:30.346366700Z
20260806_grimmsnarl_ml_v4_5_sub55275464,v4.5,6,4.5,55275464,979.1,90213568,1,0,0,-1,1,2,1,False,55202351,742.7072,600.0,529.585,Archaludon,602227a4f2e6f6d0,2026-08-05T16:23:12.618751300Z
20260806_grimmsnarl_ml_v4_5_sub55275464,v4.5,6,4.5,55275464,979.1,90214322,0,0,0,-1,1,3,1,True,54770597,519.1184,529.585,430.3579,other: Team Rocket's Mewtwo ex,c7f1cd6579e2b0e8,2026-08-05T16:27:05.829958Z
20260806_grimmsnarl_ml_v4_5_sub55275464,v4.5,6,4.5,55275464,979.1,90215085,0,1,0,1,-1,2,4,True,54507859,595.9554,430.3579,558.9238,Mega Lucario,d05bff224d40b9c6,2026-08-05T16:31:04.089044300Z
20260806_grimmsnarl_ml_v4_5_sub55275464,v4.5,6,4.5,55275464,979.1,90215795,0,1,0,1,-1,5,4,True,54166466,463.1857,558.9238,611.8286,other: Mega Abomasnow ex,7e7bca6783abe61e,2026-08-05T16:34:53.264426600Z
20260806_grimmsnarl_ml_v4_5_sub55275464,v4.5,6,4.5,55275464,979.1,90216516,1,1,0,1,-1,1,5,True,54427397,524.4405,611.8286,657.2879,Alakazam,f9b2c9669c7e9fc5,2026-08-05T16:39:32.835259200Z
20260806_grimmsnarl_ml_v4_5_sub55275464,v4.5,6,4.5,55275464,979.1,90217250,0,1,0,1,-1,4,4,True,54264216,637.0842,657.2879,706.1815,Alakazam,c38d9b1e71723daa,2026-08-05T16:44:14.535365200Z
20260806_grimmsnarl_ml_v4_5_sub55275464,v4.5,6,4.5,55275464,979.1,90217919,0,1,0,1,-1,1,6,True,55182064,736.0147,706.1815,755.3329,Dragapult,3edaa824fcc4d093,2026-08-05T16:50:48.750404300Z
20260806_grimmsnarl_ml_v4_5_sub55275464,v4.5,6,4.5,55275464,979.1,90218633,1,1,0,1,-1,1,3,False,54898359,765.0078,755.3329,795.1922,other: Cynthia's Garchomp ex,daff2ed17de6145d,2026-08-05T16:51:03.822626400Z
20260806_grimmsnarl_ml_v4_5_sub55275464,v4.5,6,4.5,55275464,979.1,90218681,1,1,0,1,-1,1,3,False,55275165,751.1505,795.1922,823.1053,Grimmsnarl (mirror),9714ab5c3996f6cc,2026-08-05T16:51:13.859295400Z
20260806_grimmsnarl_ml_v4_5_sub55275464,v4.5,6,4.5,55275464,979.1,90219381,0,1,0,1,-1,4,6,True,55272242,791.6942,823.1053,850.6916,Kangaskhan / Crustle,6ba03c124f9cc867,2026-08-05T16:57:49.245218200Z
20260806_grimmsnarl_ml_v4_5_sub55275464,v4.5,6,4.5,55275464,979.1,90220090,1,1,0,1,-1,1,4,True,55248031,812.0768,850.6916,875.2792,Alakazam,16b0dbc00b3e054a,2026-08-05T17:01:49.321220300Z
20260806_grimmsnarl_ml_v4_5_sub55275464,v4.5,6,4.5,55275464,979.1,90220799,0,1,0,1,-1,6,6,True,54001161,548.4707,875.2792,880.4676,Archaludon,1a5a0c5b50e7199e,2026-08-05T17:05:33.639243Z
20260806_grimmsnarl_ml_v4_5_sub55275464,v4.5,6,4.5,55275464,979.1,90221516,1,1,0,1,-1,2,5,False,55238658,852.9315,880.4676,903.1186,Kangaskhan / Crustle,e72d424665befa84,2026-08-05T17:09:43.300001700Z
20260806_grimmsnarl_ml_v4_5_sub55275464,v4.5,6,4.5,55275464,979.1,90222234,0,0,0,-1,1,4,2,True,55266142,995.4407,903.1186,886.9338,Kangaskhan / Crustle,e72d424665befa84,2026-08-05T17:13:58.568268900Z
20260806_grimmsnarl_ml_v4_5_sub55275464,v4.5,6,4.5,55275464,979.1,90222969,0,0,0,-1,1,1,1,True,55229330,734.0433,886.9338,852.6989,Archaludon,2b53485dc7e167b2,2026-08-05T17:17:38.482398900Z
20260806_grimmsnarl_ml_v4_5_sub55275464,v4.5,6,4.5,55275464,979.1,90223694,0,1,0,1,-1,1,5,True,55193035,873.4382,852.6989,873.9047,other: Team Rocket's Honchkrow,30e58dd8fc07eff2,2026-08-05T17:21:37.495658400Z
20260806_grimmsnarl_ml_v4_5_sub55275464,v4.5,6,4.5,55275464,979.1,90224423,1,1,0,1,-1,1,4,False,54746971,823.9095,873.9047,889.2068,Kangaskhan / Crustle,4717e5f31ba694d4,2026-08-05T17:25:46.480751600Z
20260806_grimmsnarl_ml_v4_5_sub55275464,v4.5,6,4.5,55275464,979.1,90225150,1,0,0,-1,1,4,2,False,54564058,854.5758,889.2068,869.6637,Mega Lucario,0108c79d688ec17b,2026-08-05T17:29:29.179468600Z
20260806_grimmsnarl_ml_v4_5_sub55275464,v4.5,6,4.5,55275464,979.1,90225822,1,1,0,1,-1,1,5,False,55240663,843.2195,869.6637,884.4704,Grimmsnarl (mirror),9714ab5c3996f6cc,2026-08-05T17:33:40.078646500Z
20260806_grimmsnarl_ml_v4_5_sub55275464,v4.5,6,4.5,55275464,979.1,90226592,0,1,0,1,-1,1,5,True,55260735,947.347,884.4704,903.4799,Grimmsnarl (mirror),9714ab5c3996f6cc,2026-08-05T17:38:07.347425900Z
20260806_grimmsnarl_ml_v4_5_sub55275464,v4.5,6,4.5,55275464,979.1,90227251,1,0,0,-1,1,3,1,False,55108065,878.6976,903.4799,887.6165,Grimmsnarl (mirror),9714ab5c3996f6cc,2026-08-05T17:41:48.899225600Z
20260806_grimmsnarl_ml_v4_5_sub55275464,v4.5,6,4.5,55275464,979.1,90228014,1,0,0,-1,1,1,1,False,55270214,935.3489,905.5187,893.8367,Alakazam,b4b73d7a499602a7,2026-08-05T17:46:08.497795300Z
20260806_grimmsnarl_ml_v4_5_sub55275464,v4.5,6,4.5,55275464,979.1,90228072,0,1,0,1,-1,1,6,True,55274129,969.767,887.6165,905.5187,other: Brambleghast,5acd0e1893c52a79,2026-08-05T17:45:36.956497100Z
20260806_grimmsnarl_ml_v4_5_sub55275464,v4.5,6,4.5,55275464,979.1,90228741,0,1,0,1,-1,1,2,True,55169114,917.9222,893.8367,907.4672,Grimmsnarl (mirror),9714ab5c3996f6cc,2026-08-05T17:49:42.316961Z
20260806_grimmsnarl_ml_v4_5_sub55275464,v4.5,6,4.5,55275464,979.1,90229459,0,1,0,1,-1,1,6,True,55213781,909.9048,907.4672,919.5407,Grimmsnarl (mirror),9714ab5c3996f6cc,2026-08-05T17:53:33.842599300Z
20260806_grimmsnarl_ml_v4_5_sub55275464,v4.5,6,4.5,55275464,979.1,90230169,0,1,0,1,-1,3,3,True,55176860,630.3117,919.5407,922.2638,Mega Lucario,c3c16f0e65487ad6,2026-08-05T17:57:46.666144500Z
20260806_grimmsnarl_ml_v4_5_sub55275464,v4.5,6,4.5,55275464,979.1,90230893,0,0,0,-1,1,6,1,True,54969631,974.3173,922.2638,913.0143,Kangaskhan / Crustle,1eda048ea3581634,2026-08-05T18:01:51.645477700Z
20260806_grimmsnarl_ml_v4_5_sub55275464,v4.5,6,4.5,55275464,979.1,90231601,0,1,0,1,-1,1,4,True,55233522,834.0608,913.0143,920.9934,Grimmsnarl (mirror),9714ab5c3996f6cc,2026-08-05T18:05:41.460041200Z
20260806_grimmsnarl_ml_v4_5_sub55275464,v4.5,6,4.5,55275464,979.1,90232352,0,1,0,1,-1,1,4,True,55252818,920.9436,908.2886,918.8468,other: Ethan's Typhlosion,87945c4d36e7f397,2026-08-05T18:14:30.481747300Z
20260806_grimmsnarl_ml_v4_5_sub55275464,v4.5,6,4.5,55275464,979.1,90233035,1,0,0,-1,1,5,1,False,55270400,862.5964,920.9934,908.2886,Kangaskhan / Crustle,6ef5e18de9ab376a,2026-08-05T18:13:55.025864700Z
20260806_grimmsnarl_ml_v4_5_sub55275464,v4.5,6,4.5,55275464,979.1,90233749,0,1,0,1,-1,1,3,True,55249194,911.7547,918.8468,928.3291,Grimmsnarl (mirror),9714ab5c3996f6cc,2026-08-05T18:17:36.055625500Z
20260806_grimmsnarl_ml_v4_5_sub55275464,v4.5,6,4.5,55275464,979.1,90234458,0,0,0,-1,1,4,2,True,55251601,895.1468,928.3291,917.7752,other: N’s Zoroark ex,2e0363d29c42e4ac,2026-08-05T18:21:44.130305500Z
20260806_grimmsnarl_ml_v4_5_sub55275464,v4.5,6,4.5,55275464,979.1,90235170,0,1,0,1,-1,2,4,True,55269868,867.4244,917.7752,925.2309,Grimmsnarl (mirror),17125d8ba1b278fc,2026-08-05T18:25:50.244016700Z
20260806_grimmsnarl_ml_v4_5_sub55275464,v4.5,6,4.5,55275464,979.1,90235906,0,1,0,1,-1,1,6,True,55268919,937.5016,925.2309,934.4016,Grimmsnarl (mirror),9714ab5c3996f6cc,2026-08-05T18:29:57.597994200Z
20260806_grimmsnarl_ml_v4_5_sub55275464,v4.5,6,4.5,55275464,979.1,90236596,0,1,0,1,-1,1,1,True,55213500,939.3436,934.4016,943.0893,Grimmsnarl (mirror),9714ab5c3996f6cc,2026-08-05T18:33:59.824168600Z
20260806_grimmsnarl_ml_v4_5_sub55275464,v4.5,6,4.5,55275464,979.1,90237338,1,1,0,1,-1,1,1,False,55264322,914.6785,943.0893,950.5253,Grimmsnarl (mirror),9714ab5c3996f6cc,2026-08-05T18:37:50.300668400Z
20260806_grimmsnarl_ml_v4_5_sub55275464,v4.5,6,4.5,55275464,979.1,90238130,0,1,0,1,-1,1,4,True,54972385,887.8797,950.5253,956.8364,Alakazam,a665414222aea434,2026-08-05T18:41:56.304966600Z
20260806_grimmsnarl_ml_v4_5_sub55275464,v4.5,6,4.5,55275464,979.1,90238749,1,1,0,1,-1,2,3,False,53934792,364.0596,956.8364,956.9405,Mega Lucario,d05bff224d40b9c6,2026-08-05T18:45:43.391223700Z
20260806_grimmsnarl_ml_v4_5_sub55275464,v4.5,6,4.5,55275464,979.1,90239456,0,0,0,-1,1,3,2,True,55264348,920.5908,956.9405,948.0586,Grimmsnarl (mirror),9714ab5c3996f6cc,2026-08-05T18:51:00.270300700Z
20260806_grimmsnarl_ml_v4_5_sub55275464,v4.5,6,4.5,55275464,979.1,90240140,1,1,0,1,-1,1,2,False,55252619,1063.0094,948.0586,959.0872,Alakazam,cc38cb450b86770a,2026-08-05T18:54:34.105137200Z
20260806_grimmsnarl_ml_v4_5_sub55275464,v4.5,6,4.5,55275464,979.1,90240925,0,1,0,1,-1,1,2,True,55266157,949.617,959.5547,966.2956,Grimmsnarl (mirror),9714ab5c3996f6cc,2026-08-05T19:06:22.502055200Z
20260806_grimmsnarl_ml_v4_5_sub55275464,v4.5,6,4.5,55275464,979.1,90241600,0,1,0,1,-1,1,3,True,55273900,945.7388,959.0872,966.0632,Kangaskhan / Crustle,20bc24847121c967,2026-08-05T19:01:58.934291800Z
20260806_grimmsnarl_ml_v4_5_sub55275464,v4.5,6,4.5,55275464,979.1,90242291,1,0,0,-1,1,5,3,False,55255126,992.2126,966.0632,959.5547,Alakazam,cc38cb450b86770a,2026-08-05T19:05:30.844620100Z
20260806_grimmsnarl_ml_v4_5_sub55275464,v4.5,6,4.5,55275464,979.1,90243011,1,1,0,1,-1,1,1,False,55202682,1012.372,966.2956,974.3084,Alakazam,cc38cb450b86770a,2026-08-05T19:09:51.642388200Z
20260806_grimmsnarl_ml_v4_5_sub55275464,v4.5,6,4.5,55275464,979.1,90243729,1,1,0,1,-1,1,6,True,55274129,958.6274,974.3084,980.5576,other: Brambleghast,5acd0e1893c52a79,2026-08-05T19:13:34.405975200Z
20260806_grimmsnarl_ml_v4_5_sub55275464,v4.5,6,4.5,55275464,979.1,90244431,1,1,0,1,-1,1,4,False,55260586,927.3326,980.5576,985.8514,Grimmsnarl (mirror),8674ffb3c4ec9405,2026-08-05T19:17:57.534773900Z
20260806_grimmsnarl_ml_v4_5_sub55275464,v4.5,6,4.5,55275464,979.1,90245141,1,0,0,-1,1,3,1,False,54486275,975.314,985.8514,979.2445,Alakazam,a665414222aea434,2026-08-05T19:23:54.625159Z
20260806_grimmsnarl_ml_v4_5_sub55275464,v4.5,6,4.5,55275464,979.1,90245849,1,1,0,1,-1,1,6,True,55215733,859.0323,979.2445,983.0158,other: Brambleghast,3abf70b54cbf11a2,2026-08-05T19:25:40.457711700Z
20260806_grimmsnarl_ml_v4_5_sub55275464,v4.5,6,4.5,55275464,979.1,90246559,1,1,0,1,-1,1,2,False,55239497,563.9858,983.0158,983.5221,Mega Lucario,1f91d2e820389b70,2026-08-05T19:29:35.684257800Z
20260806_grimmsnarl_ml_v4_5_sub55275464,v4.5,6,4.5,55275464,979.1,90247268,1,0,0,-1,1,4,2,False,55235071,1006.4452,983.5221,977.943,Ogerpon,8082e8c9bf7a67b4,2026-08-05T19:33:40.141106200Z
20260806_grimmsnarl_ml_v4_5_sub55275464,v4.5,6,4.5,55275464,979.1,90248024,0,1,0,1,-1,2,2,True,55260393,939.3046,977.943,983.0799,Grimmsnarl (mirror),9714ab5c3996f6cc,2026-08-05T19:37:49.626645100Z
20260806_grimmsnarl_ml_v4_5_sub55275464,v4.5,6,4.5,55275464,979.1,90249566,0,1,0,1,-1,1,4,True,55250939,921.1785,983.0799,987.6613,Grimmsnarl (mirror),9714ab5c3996f6cc,2026-08-05T19:50:09.705458800Z
20260806_grimmsnarl_ml_v4_5_sub55275464,v4.5,6,4.5,55275464,979.1,90251690,1,0,0,-1,1,2,1,False,55200809,995.5393,987.6613,982.1029,Grimmsnarl (mirror),9714ab5c3996f6cc,2026-08-05T20:01:46.357616600Z
20260806_grimmsnarl_ml_v4_5_sub55275464,v4.5,6,4.5,55275464,979.1,90255157,1,0,0,-1,1,5,1,False,55258385,1015.7438,982.1029,977.1668,Mega Lopunny / Froslass,504b91f7a078d9b5,2026-08-05T20:21:30.450687900Z
20260806_grimmsnarl_ml_v4_5_sub55275464,v4.5,6,4.5,55275464,979.1,90258753,0,0,0,-1,1,1,1,True,54306080,533.1966,977.1668,960.6268,other: Milotic ex,9e0ab6ac2242d267,2026-08-05T20:41:45.188683900Z
20260806_grimmsnarl_ml_v4_5_sub55275464,v4.5,6,4.5,55275464,979.1,90261329,1,1,0,1,-1,1,1,False,55279613,980.6309,960.6268,966.1251,Alakazam,cc38cb450b86770a,2026-08-05T20:57:58.348908200Z
20260806_grimmsnarl_ml_v4_5_sub55275464,v4.5,6,4.5,55275464,979.1,90263633,0,1,0,1,-1,1,2,True,55081049,935.003,966.1251,970.7937,Alakazam,cc38cb450b86770a,2026-08-05T21:09:52.379149100Z
20260806_grimmsnarl_ml_v4_5_sub55275464,v4.5,6,4.5,55275464,979.1,90270136,0,1,0,1,-1,1,1,True,55277635,955.8186,970.7937,975.662,Grimmsnarl (mirror),9714ab5c3996f6cc,2026-08-05T21:49:13.863187800Z
20260806_grimmsnarl_ml_v4_5_sub55275464,v4.5,6,4.5,55275464,979.1,90275189,0,1,0,1,-1,1,3,True,55179243,829.4409,975.662,978.3636,Alakazam,cc38cb450b86770a,2026-08-05T22:20:26.334163700Z
20260806_grimmsnarl_ml_v4_5_sub55275464,v4.5,6,4.5,55275464,979.1,90280169,0,1,0,1,-1,4,6,True,53988692,301.4585,978.3636,978.3839,other: Miraidon ex,b99d3db2adba8f05,2026-08-05T22:41:30.485604700Z
20260806_grimmsnarl_ml_v4_5_sub55275464,v4.5,6,4.5,55275464,979.1,90283102,1,1,0,1,-1,1,1,False,54987154,961.0749,978.3839,983.0664,Alakazam,cc38cb450b86770a,2026-08-05T22:57:42.767497500Z
20260806_grimmsnarl_ml_v4_5_sub55275464,v4.5,6,4.5,55275464,979.1,90287423,1,1,0,1,-1,3,3,False,55159372,907.1785,983.0664,986.6971,Kangaskhan / Crustle,1eda048ea3581634,2026-08-05T23:21:40.607496900Z
20260806_grimmsnarl_ml_v4_5_sub55275464,v4.5,6,4.5,55275464,979.1,90293924,0,1,0,1,-1,1,4,True,55212517,969.4128,986.6971,991.227,other: Cynthia's Garchomp ex,00833c3d2c4bc7e8,2026-08-05T23:57:36.050342400Z
20260806_grimmsnarl_ml_v4_5_sub55275464,v4.5,6,4.5,55275464,979.1,90299465,0,0,0,-1,1,3,2,True,55283582,924.7819,991.227,986.061,Grimmsnarl (mirror),9714ab5c3996f6cc,2026-08-06T00:29:52.695456800Z
20260806_grimmsnarl_ml_v4_5_sub55275464,v4.5,6,4.5,55275464,979.1,90303140,1,0,0,-1,1,4,2,False,55283917,904.1765,986.061,980.5879,Ogerpon,0dede7cb8026e473,2026-08-06T00:49:45.217955600Z
20260806_grimmsnarl_ml_v4_5_sub55275464,v4.5,6,4.5,55275464,979.1,90304716,0,1,0,1,-1,1,1,True,55283199,867.7371,980.5879,983.4272,Grimmsnarl (mirror),8f86bc925fed3607,2026-08-06T00:57:35.679261200Z
20260806_grimmsnarl_ml_v4_5_sub55275464,v4.5,6,4.5,55275464,979.1,90308426,0,0,0,-1,1,3,5,True,55282348,998.3547,983.4272,979.1753,Kangaskhan / Crustle,20bc24847121c967,2026-08-06T01:19:11.348322400Z
20260806_grimmsnarl_ml_v5_sub55275642,v5,7,5,55275642,963.6,90214294,0,1,0,1,-1,1,3,True,55275642,,,,Grimmsnarl (mirror),9714ab5c3996f6cc,2026-08-05T16:27:05.014414100Z
20260806_grimmsnarl_ml_v5_sub55275642,v5,7,5,55275642,963.6,90215036,1,1,0,1,-1,2,3,False,53986152,480.2906,600.0,676.0556,other: Mega Abomasnow ex,53ada9d42d3e30a9,2026-08-05T16:30:58.117214600Z
20260806_grimmsnarl_ml_v5_sub55275642,v5,7,5,55275642,963.6,90215768,1,1,0,1,-1,2,1,True,55038533,752.9412,676.0556,794.185,Archaludon,2b6a7dd699d2b6a5,2026-08-05T16:34:58.022642900Z
20260806_grimmsnarl_ml_v5_sub55275642,v5,7,5,55275642,963.6,90216479,0,1,0,1,-1,1,3,True,55220174,778.9389,794.185,874.6977,Grimmsnarl (mirror),9714ab5c3996f6cc,2026-08-05T16:39:03.573866600Z
20260806_grimmsnarl_ml_v5_sub55275642,v5,7,5,55275642,963.6,90217192,1,1,0,1,-1,1,4,False,55144886,742.6074,874.6977,920.9741,Alakazam,cc38cb450b86770a,2026-08-05T16:43:07.389648100Z
20260806_grimmsnarl_ml_v5_sub55275642,v5,7,5,55275642,963.6,90217870,1,0,0,-1,1,5,2,False,55260201,1014.6395,920.9741,876.1501,Grimmsnarl (mirror),9714ab5c3996f6cc,2026-08-05T16:47:17.915563100Z
20260806_grimmsnarl_ml_v5_sub55275642,v5,7,5,55275642,963.6,90218603,1,1,0,1,-1,3,4,False,54754665,511.8686,876.1501,886.0234,Mega Lucario,f09bb10a984f1f7a,2026-08-05T16:51:01.160402700Z
20260806_grimmsnarl_ml_v5_sub55275642,v5,7,5,55275642,963.6,90219333,0,1,0,1,-1,3,4,True,55273698,886.8415,886.0234,935.2426,Kangaskhan / Crustle,1eda048ea3581634,2026-08-05T16:58:00.206782900Z
20260806_grimmsnarl_ml_v5_sub55275642,v5,7,5,55275642,963.6,90220044,0,1,0,1,-1,1,3,True,55175582,973.0333,935.2426,983.568,Alakazam,cc38cb450b86770a,2026-08-05T17:02:09.577532100Z
20260806_grimmsnarl_ml_v5_sub55275642,v5,7,5,55275642,963.6,90220750,0,0,0,-1,1,1,1,True,54960905,1010.1986,983.568,949.6402,Alakazam,85919f4333cfb020,2026-08-05T17:05:51.584644Z
20260806_grimmsnarl_ml_v5_sub55275642,v5,7,5,55275642,963.6,90221482,1,0,0,-1,1,4,1,False,55269574,933.1461,949.6402,914.8211,Kangaskhan / Crustle,4717e5f31ba694d4,2026-08-05T17:09:51.998743500Z
20260806_grimmsnarl_ml_v5_sub55275642,v5,7,5,55275642,963.6,90222212,0,1,0,1,-1,1,4,True,55247154,863.1858,914.8211,939.4814,other: Cynthia's Garchomp ex,daff2ed17de6145d,2026-08-05T17:13:58.493267900Z
20260806_grimmsnarl_ml_v5_sub55275642,v5,7,5,55275642,963.6,90222942,0,0,0,-1,1,2,1,True,55204634,973.6914,939.4814,915.4667,other: Cynthia's Garchomp ex,daff2ed17de6145d,2026-08-05T17:19:19.266987300Z
20260806_grimmsnarl_ml_v5_sub55275642,v5,7,5,55275642,963.6,90223657,0,1,0,1,-1,2,6,True,55235228,827.8573,915.4667,933.3464,Grimmsnarl (mirror),9714ab5c3996f6cc,2026-08-05T17:21:39.487630Z
20260806_grimmsnarl_ml_v5_sub55275642,v5,7,5,55275642,963.6,90224390,1,0,0,-1,1,3,1,False,54597288,904.346,933.3464,907.8014,Mega Lucario,ac8ffecbfd9f271f,2026-08-05T17:25:36.894108100Z
20260806_grimmsnarl_ml_v5_sub55275642,v5,7,5,55275642,963.6,90225117,1,0,0,-1,1,4,2,False,54996171,882.5191,907.8014,884.5459,Alakazam,cc38cb450b86770a,2026-08-05T17:29:51.003916500Z
20260806_grimmsnarl_ml_v5_sub55275642,v5,7,5,55275642,963.6,90225875,1,1,0,1,-1,1,2,False,55267434,800.7055,884.5459,898.8606,Grimmsnarl (mirror),9714ab5c3996f6cc,2026-08-05T17:33:44.563632700Z
20260806_grimmsnarl_ml_v5_sub55275642,v5,7,5,55275642,963.6,90226565,0,0,0,-1,1,4,1,True,55244473,880.2226,898.8606,878.9493,Grimmsnarl (mirror),9714ab5c3996f6cc,2026-08-05T17:37:34.361324600Z
20260806_grimmsnarl_ml_v5_sub55275642,v5,7,5,55275642,963.6,90226722,1,1,0,1,-1,1,6,True,55274352,790.7978,878.9493,891.2682,Alakazam,7fa65817cc79c36c,2026-08-05T17:37:47.701850900Z
20260806_grimmsnarl_ml_v5_sub55275642,v5,7,5,55275642,963.6,90227422,0,1,0,1,-1,1,2,True,55108065,882.906,891.2682,907.399,Grimmsnarl (mirror),9714ab5c3996f6cc,2026-08-05T17:41:42.917237100Z
20260806_grimmsnarl_ml_v5_sub55275642,v5,7,5,55275642,963.6,90227990,1,0,0,-1,1,1,2,False,55219961,854.2821,907.399,888.6329,Alakazam,a665414222aea434,2026-08-05T17:45:47.479100300Z
20260806_grimmsnarl_ml_v5_sub55275642,v5,7,5,55275642,963.6,90228710,0,1,0,1,-1,5,6,True,54294173,756.4275,888.6329,897.247,Kangaskhan / Crustle,06719550d979d46e,2026-08-05T17:49:51.527554Z
20260806_grimmsnarl_ml_v5_sub55275642,v5,7,5,55275642,963.6,90229433,0,0,0,-1,1,1,6,True,54430351,833.2045,897.247,879.6332,other: Comfey,1ba58fb8a41b6101,2026-08-05T17:54:16.752720400Z
20260806_grimmsnarl_ml_v5_sub55275642,v5,7,5,55275642,963.6,90230163,0,1,0,1,-1,1,2,True,55043666,799.8094,879.6332,889.5128,Grimmsnarl (mirror),57961e5f51c03eaf,2026-08-05T17:59:04.839110400Z
20260806_grimmsnarl_ml_v5_sub55275642,v5,7,5,55275642,963.6,90230871,1,1,0,1,-1,2,3,False,54192838,786.2458,889.5128,898.076,other: Iono’s Bellibolt ex,282504e445a4d4fc,2026-08-05T18:01:54.706573300Z
20260806_grimmsnarl_ml_v5_sub55275642,v5,7,5,55275642,963.6,90231575,1,1,0,1,-1,2,5,False,55240677,705.0226,898.076,903.3805,other: Mega Starmie ex,0b5bcd78c48d8392,2026-08-05T18:05:39.879806200Z
20260806_grimmsnarl_ml_v5_sub55275642,v5,7,5,55275642,963.6,90232347,1,0,0,-1,1,2,1,False,55140608,926.5184,903.3805,892.2581,Grimmsnarl (mirror),9714ab5c3996f6cc,2026-08-05T18:09:51.376607200Z
20260806_grimmsnarl_ml_v5_sub55275642,v5,7,5,55275642,963.6,90233022,0,0,0,-1,1,6,1,True,55212060,873.6948,892.2581,879.8557,Archaludon,c4597e7ab0250b93,2026-08-05T18:13:34.484225700Z
20260806_grimmsnarl_ml_v5_sub55275642,v5,7,5,55275642,963.6,90233733,1,1,0,1,-1,2,4,True,55127666,864.8874,879.8557,890.3999,Archaludon,ebd4dbb270dce6a2,2026-08-05T18:17:41.544556300Z
20260806_grimmsnarl_ml_v5_sub55275642,v5,7,5,55275642,963.6,90233766,1,1,0,1,-1,2,3,False,55275546,930.9108,890.3999,902.5403,Grimmsnarl (mirror),9714ab5c3996f6cc,2026-08-05T18:17:58.304282500Z
20260806_grimmsnarl_ml_v5_sub55275642,v5,7,5,55275642,963.6,90234440,1,1,0,1,-1,1,4,False,55218416,837.7418,902.5403,910.5639,Grimmsnarl (mirror),9714ab5c3996f6cc,2026-08-05T18:21:41.095160800Z
20260806_grimmsnarl_ml_v5_sub55275642,v5,7,5,55275642,963.6,90235148,0,1,0,1,-1,1,2,True,54987008,809.6664,910.5639,917.2125,Archaludon,ebd4dbb270dce6a2,2026-08-05T18:25:38.674254700Z
20260806_grimmsnarl_ml_v5_sub55275642,v5,7,5,55275642,963.6,90235882,1,0,0,-1,1,1,1,False,55276536,863.7328,917.2125,905.8853,Kangaskhan / Crustle,6ce7b8ed2294df6c,2026-08-05T18:29:34.972228Z
20260806_grimmsnarl_ml_v5_sub55275642,v5,7,5,55275642,963.6,90236565,0,0,0,-1,1,1,1,True,55257815,932.336,905.8853,897.4178,other: Fezandipiti ex,711c221c9cc49384,2026-08-05T18:33:47.198577400Z
20260806_grimmsnarl_ml_v5_sub55275642,v5,7,5,55275642,963.6,90237326,0,1,0,1,-1,1,5,True,55269786,875.6076,897.4178,905.7319,Mega Lucario,05f854e1b3b3ba0f,2026-08-05T18:38:34.393473400Z
20260806_grimmsnarl_ml_v5_sub55275642,v5,7,5,55275642,963.6,90238121,0,1,0,1,-1,2,1,True,55277510,802.4932,905.7319,911.3807,Archaludon,2b6a7dd699d2b6a5,2026-08-05T18:41:34.785744500Z
20260806_grimmsnarl_ml_v5_sub55275642,v5,7,5,55275642,963.6,90238735,0,1,0,1,-1,1,2,True,54821548,914.2541,911.3807,920.0352,Alakazam,a665414222aea434,2026-08-05T18:50:15.399161800Z
20260806_grimmsnarl_ml_v5_sub55275642,v5,7,5,55275642,963.6,90239444,0,1,0,1,-1,1,5,True,55261687,890.3382,920.0352,927.4664,Kangaskhan / Crustle,1eda048ea3581634,2026-08-05T18:51:52.385995700Z
20260806_grimmsnarl_ml_v5_sub55275642,v5,7,5,55275642,963.6,90240132,1,1,0,1,-1,4,1,False,55268001,898.8816,927.4664,934.6972,Kangaskhan / Crustle,b2b91ad0bf13d34a,2026-08-05T18:53:51.072071600Z
20260806_grimmsnarl_ml_v5_sub55275642,v5,7,5,55275642,963.6,90240923,1,0,0,-1,1,5,1,False,55266599,913.7771,934.6972,926.2505,Alakazam,29929a763bf01096,2026-08-05T18:58:05.352369300Z
20260806_grimmsnarl_ml_v5_sub55275642,v5,7,5,55275642,963.6,90241599,1,1,0,1,-1,1,3,False,55218119,972.7559,926.2505,935.2112,Grimmsnarl (mirror),9714ab5c3996f6cc,2026-08-05T19:01:55.078247900Z
20260806_grimmsnarl_ml_v5_sub55275642,v5,7,5,55275642,963.6,90242293,1,0,0,-1,1,2,2,False,55185989,909.2585,935.2112,927.0917,Alakazam,cc38cb450b86770a,2026-08-05T19:05:33.751101100Z
20260806_grimmsnarl_ml_v5_sub55275642,v5,7,5,55275642,963.6,90243004,1,1,0,1,-1,1,1,False,55204634,973.911,927.0917,935.565,other: Cynthia's Garchomp ex,daff2ed17de6145d,2026-08-05T19:10:06.448800Z
20260806_grimmsnarl_ml_v5_sub55275642,v5,7,5,55275642,963.6,90243723,1,1,0,1,-1,1,6,False,55217344,859.6022,935.565,940.7586,Grimmsnarl (mirror),9714ab5c3996f6cc,2026-08-05T19:13:47.498813800Z
20260806_grimmsnarl_ml_v5_sub55275642,v5,7,5,55275642,963.6,90244424,1,1,0,1,-1,0,3,False,55277486,933.2302,940.7586,947.2618,Kangaskhan / Crustle,4127888cccd15e82,2026-08-05T19:17:52.703267300Z
20260806_grimmsnarl_ml_v5_sub55275642,v5,7,5,55275642,963.6,90245140,1,1,0,1,-1,1,5,False,55275404,861.0494,947.2618,951.9907,Grimmsnarl (mirror),9714ab5c3996f6cc,2026-08-05T19:21:39.223458200Z
20260806_grimmsnarl_ml_v5_sub55275642,v5,7,5,55275642,963.6,90245842,0,1,0,1,-1,2,4,True,55270266,911.3626,951.9907,957.5986,Grimmsnarl (mirror),9714ab5c3996f6cc,2026-08-05T19:25:42.085323300Z
20260806_grimmsnarl_ml_v5_sub55275642,v5,7,5,55275642,963.6,90246580,0,1,0,1,-1,1,2,True,55105163,982.5738,957.5986,964.6133,other: Team Rocket's Mewtwo ex,85dba902e856341e,2026-08-05T19:29:40.209458700Z
20260806_grimmsnarl_ml_v5_sub55275642,v5,7,5,55275642,963.6,90247263,0,0,0,-1,1,2,2,True,55251258,902.5451,964.6133,956.8644,Ogerpon,6b889a4ccf3ad90e,2026-08-05T19:33:43.715941Z
20260806_grimmsnarl_ml_v5_sub55275642,v5,7,5,55275642,963.6,90247996,1,1,0,1,-1,1,1,False,55246378,917.9016,956.8644,962.137,Grimmsnarl (mirror),9714ab5c3996f6cc,2026-08-05T19:37:49.418257700Z
20260806_grimmsnarl_ml_v5_sub55275642,v5,7,5,55275642,963.6,90248788,1,1,0,1,-1,4,5,False,55263496,919.507,962.137,967.2248,Archaludon,602227a4f2e6f6d0,2026-08-05T19:42:23.246821100Z
20260806_grimmsnarl_ml_v5_sub55275642,v5,7,5,55275642,963.6,90250958,0,1,0,1,-1,3,6,True,55275867,937.0264,967.2248,972.4417,Ogerpon,17259c4acf0b7336,2026-08-05T19:57:34.399024100Z
20260806_grimmsnarl_ml_v5_sub55275642,v5,7,5,55275642,963.6,90253107,0,1,0,1,-1,1,1,True,54786669,955.32,972.4417,977.8394,other: Cynthia's Garchomp ex,c4cf6025f4554a69,2026-08-05T20:09:35.293517100Z
20260806_grimmsnarl_ml_v5_sub55275642,v5,7,5,55275642,963.6,90253610,0,1,0,1,-1,2,6,True,54929498,750.606,977.8394,979.7688,Archaludon,2b6a7dd699d2b6a5,2026-08-05T20:13:34.662569800Z
20260806_grimmsnarl_ml_v5_sub55275642,v5,7,5,55275642,963.6,90256610,0,1,0,1,-1,6,6,True,54512174,336.2528,979.7688,979.8053,other: Mega Abomasnow ex,7e7bca6783abe61e,2026-08-05T20:29:19.991854300Z
20260806_grimmsnarl_ml_v5_sub55275642,v5,7,5,55275642,963.6,90257335,1,1,0,1,-1,2,3,False,55219989,917.7822,979.8053,984.1782,Grimmsnarl (mirror),9714ab5c3996f6cc,2026-08-05T20:34:50.013074600Z
20260806_grimmsnarl_ml_v5_sub55275642,v5,7,5,55275642,963.6,90259420,1,0,0,-1,1,6,1,False,54642914,966.7831,984.1782,978.3563,Kangaskhan / Crustle,5ab798236b11cd91,2026-08-05T20:47:38.138899500Z
20260806_grimmsnarl_ml_v5_sub55275642,v5,7,5,55275642,963.6,90262843,0,0,0,-1,1,4,1,True,55278320,893.1442,978.3563,971.3155,Alakazam,b1f287b8d98881f8,2026-08-05T21:05:29.718938100Z
20260806_grimmsnarl_ml_v5_sub55275642,v5,7,5,55275642,963.6,90263017,1,1,0,1,-1,1,3,False,55229171,994.9694,971.3155,977.0231,Alakazam,cc38cb450b86770a,2026-08-05T21:07:17.244353200Z
20260806_grimmsnarl_ml_v5_sub55275642,v5,7,5,55275642,963.6,90268807,1,1,0,1,-1,1,2,False,55140608,924.2671,977.0231,981.2174,Grimmsnarl (mirror),9714ab5c3996f6cc,2026-08-05T21:37:49.306607700Z
20260806_grimmsnarl_ml_v5_sub55275642,v5,7,5,55275642,963.6,90270172,0,0,0,-1,1,3,1,True,55270983,974.3364,981.2174,976.0432,Grimmsnarl (mirror),9714ab5c3996f6cc,2026-08-05T21:45:50.827175500Z
20260806_grimmsnarl_ml_v5_sub55275642,v5,7,5,55275642,963.6,90277340,1,1,0,1,-1,1,2,False,55263997,905.209,976.0432,979.7964,Alakazam,cc38cb450b86770a,2026-08-05T22:33:41.247120900Z
20260806_grimmsnarl_ml_v5_sub55275642,v5,7,5,55275642,963.6,90283824,0,1,0,1,-1,1,6,True,54966409,394.6524,979.7964,979.8634,Grimmsnarl (mirror),9714ab5c3996f6cc,2026-08-05T23:01:35.694507300Z
20260806_grimmsnarl_ml_v5_sub55275642,v5,7,5,55275642,963.6,90289564,0,0,0,-1,1,4,2,True,55277199,979.3641,979.8634,974.977,Alakazam,cc38cb450b86770a,2026-08-05T23:33:42.417047100Z
20260806_grimmsnarl_ml_v5_sub55275642,v5,7,5,55275642,963.6,90290108,0,0,0,-1,1,2,1,True,55280371,894.9178,974.977,968.7273,Kangaskhan / Crustle,4717e5f31ba694d4,2026-08-05T23:37:53.031994900Z
20260806_grimmsnarl_ml_v5_sub55275642,v5,7,5,55275642,963.6,90306325,1,0,0,-1,1,4,1,False,55281832,947.4187,968.7273,963.6814,Grimmsnarl (mirror),9714ab5c3996f6cc,2026-08-06T01:05:50.703805600Z
20260806_grimmsnarl_ml_v6_sub55290882,v6,8,6,55290882,996.6,90366109,0,1,0,1,-1,1,4,True,55290882,,,,Grimmsnarl (mirror),9714ab5c3996f6cc,2026-08-06T06:33:50.064013300Z
20260806_grimmsnarl_ml_v6_sub55290882,v6,8,6,55290882,996.6,90366945,1,1,0,1,-1,1,2,False,54218706,586.1543,600.0,704.7387,other: Mega Starmie ex,450a23552c2f2d2f,2026-08-06T06:38:30.462966500Z
20260806_grimmsnarl_ml_v6_sub55290882,v6,8,6,55290882,996.6,90367678,0,1,0,1,-1,1,6,True,54562004,243.768,704.7387,718.3085,Mega Lucario,e7e4e25f0caedb38,2026-08-06T06:42:14.348852800Z
20260806_grimmsnarl_ml_v6_sub55290882,v6,8,6,55290882,996.6,90368418,1,1,0,1,-1,1,2,False,54782272,775.9441,718.3085,823.6273,Mega Lucario,c3c16f0e65487ad6,2026-08-06T06:46:16.229921100Z
20260806_grimmsnarl_ml_v6_sub55290882,v6,8,6,55290882,996.6,90369173,0,1,0,1,-1,4,5,True,54613501,746.0048,823.6273,884.6016,Archaludon,2b6a7dd699d2b6a5,2026-08-06T06:50:17.056564700Z
20260806_grimmsnarl_ml_v6_sub55290882,v6,8,6,55290882,996.6,90369936,1,1,0,1,-1,1,2,False,55256027,854.9176,884.6016,945.0636,Grimmsnarl (mirror),9714ab5c3996f6cc,2026-08-06T06:54:12.352813100Z
20260806_grimmsnarl_ml_v6_sub55290882,v6,8,6,55290882,996.6,90370686,1,1,0,1,-1,4,6,True,55059335,810.9897,945.0636,979.2267,Archaludon,0611c5934d7f6e03,2026-08-06T06:58:10.498860400Z
20260806_grimmsnarl_ml_v6_sub55290882,v6,8,6,55290882,996.6,90371433,1,0,0,-1,1,6,1,False,55267535,961.0619,979.2267,927.8198,Dragapult,202ee2cec6cbe8b4,2026-08-06T07:02:23.906052700Z
20260806_grimmsnarl_ml_v6_sub55290882,v6,8,6,55290882,996.6,90372174,0,1,0,1,-1,2,3,True,54984422,719.6138,927.8198,945.6964,Archaludon,0bef8b29715ae7d8,2026-08-06T07:06:30.185310300Z
20260806_grimmsnarl_ml_v6_sub55290882,v6,8,6,55290882,996.6,90373034,1,1,0,1,-1,2,1,False,55263098,896.8519,945.6964,977.9784,Grimmsnarl (mirror),9714ab5c3996f6cc,2026-08-06T07:10:30.598743500Z
20260806_grimmsnarl_ml_v6_sub55290882,v6,8,6,55290882,996.6,90373674,0,0,0,-1,1,3,1,True,55134277,968.3613,977.9784,942.7064,Grimmsnarl (mirror),9714ab5c3996f6cc,2026-08-06T07:14:35.144206500Z
20260806_grimmsnarl_ml_v6_sub55290882,v6,8,6,55290882,996.6,90374425,1,1,0,1,-1,1,4,False,55274633,885.4567,972.8772,992.8229,Kangaskhan / Crustle,9b415cc6bbdf6fd5,2026-08-06T07:18:48.254699400Z
20260806_grimmsnarl_ml_v6_sub55290882,v6,8,6,55290882,996.6,90374547,1,1,0,1,-1,1,6,False,55289733,943.5702,942.7064,972.8772,Alakazam,cc38cb450b86770a,2026-08-06T07:18:12.262787300Z
20260806_grimmsnarl_ml_v6_sub55290882,v6,8,6,55290882,996.6,90375168,1,0,0,-1,1,1,1,False,55288690,965.4614,992.8229,964.9956,Grimmsnarl (mirror),21c3f20980827cb2,2026-08-06T07:23:21.922237300Z
20260806_grimmsnarl_ml_v6_sub55290882,v6,8,6,55290882,996.6,90375913,1,0,0,-1,1,2,1,False,55267377,982.4199,964.9956,942.9909,Grimmsnarl (mirror),9714ab5c3996f6cc,2026-08-06T07:26:28.814980500Z
20260806_grimmsnarl_ml_v6_sub55290882,v6,8,6,55290882,996.6,90376685,0,0,0,-1,1,2,2,True,55266339,996.723,942.9909,925.2155,Dragapult,10fc83264fd70470,2026-08-06T07:33:33.234362500Z
20260806_grimmsnarl_ml_v6_sub55290882,v6,8,6,55290882,996.6,90377402,1,1,0,1,-1,1,1,False,55012647,922.2468,925.2155,945.2535,Grimmsnarl (mirror),9714ab5c3996f6cc,2026-08-06T07:34:42.262914800Z
20260806_grimmsnarl_ml_v6_sub55290882,v6,8,6,55290882,996.6,90378157,0,0,0,-1,1,2,1,True,55280694,902.7542,960.5263,938.9685,Ogerpon,0dede7cb8026e473,2026-08-06T07:44:32.054513200Z
20260806_grimmsnarl_ml_v6_sub55290882,v6,8,6,55290882,996.6,90378911,0,1,0,1,-1,2,3,True,55213781,888.1089,945.2535,960.5263,Grimmsnarl (mirror),9714ab5c3996f6cc,2026-08-06T07:42:28.360223900Z
20260806_grimmsnarl_ml_v6_sub55290882,v6,8,6,55290882,996.6,90379638,1,0,0,-1,1,1,2,False,55286304,895.9792,967.9733,949.0495,other: Cynthia's Garchomp ex,daff2ed17de6145d,2026-08-06T07:54:21.828757700Z
20260806_grimmsnarl_ml_v6_sub55290882,v6,8,6,55290882,996.6,90380395,0,1,0,1,-1,1,6,True,55216968,912.4569,938.9685,954.1002,Grimmsnarl (mirror),9714ab5c3996f6cc,2026-08-06T07:50:19.822677700Z
20260806_grimmsnarl_ml_v6_sub55290882,v6,8,6,55290882,996.6,90380474,1,1,0,1,-1,1,4,False,55290026,922.6995,954.1002,967.9733,Alakazam,cc38cb450b86770a,2026-08-06T07:50:25.298345800Z
20260806_grimmsnarl_ml_v6_sub55290882,v6,8,6,55290882,996.6,90381160,0,1,0,1,-1,1,2,True,55274883,956.0958,949.0495,963.5514,Alakazam,cc38cb450b86770a,2026-08-06T07:54:42.676550400Z
20260806_grimmsnarl_ml_v6_sub55290882,v6,8,6,55290882,996.6,90381819,1,1,0,1,-1,1,3,False,55292525,919.0975,963.5514,973.7902,Grimmsnarl (mirror),ae3dbbeb2e097f31,2026-08-06T07:58:26.360035600Z
20260806_grimmsnarl_ml_v6_sub55290882,v6,8,6,55290882,996.6,90381897,0,0,0,-1,1,5,1,True,55283537,829.2264,973.7902,953.5355,Kangaskhan / Crustle,1eda048ea3581634,2026-08-06T07:58:37.135280400Z
20260806_grimmsnarl_ml_v6_sub55290882,v6,8,6,55290882,996.6,90382665,1,1,0,1,-1,1,2,False,55261069,900.1446,953.5355,963.5979,Kangaskhan / Crustle,4717e5f31ba694d4,2026-08-06T08:02:43.866220400Z
20260806_grimmsnarl_ml_v6_sub55290882,v6,8,6,55290882,996.6,90383417,1,0,0,-1,1,1,2,False,55270266,934.36,963.5979,950.494,Grimmsnarl (mirror),9714ab5c3996f6cc,2026-08-06T08:06:35.583192200Z
20260806_grimmsnarl_ml_v6_sub55290882,v6,8,6,55290882,996.6,90384157,1,0,0,-1,1,1,2,False,55289134,949.7804,950.494,939.1766,Alakazam,cc38cb450b86770a,2026-08-06T08:10:48.389873400Z
20260806_grimmsnarl_ml_v6_sub55290882,v6,8,6,55290882,996.6,90384904,0,1,0,1,-1,2,5,True,54623039,582.2659,939.1766,940.7548,Kangaskhan / Crustle,360f3951910fe2f0,2026-08-06T08:14:14.991127800Z
20260806_grimmsnarl_ml_v6_sub55290882,v6,8,6,55290882,996.6,90385662,0,1,0,1,-1,1,3,True,55255997,894.3936,950.7267,959.085,other: Ethan's Typhlosion,87945c4d36e7f397,2026-08-06T08:22:34.976147900Z
20260806_grimmsnarl_ml_v6_sub55290882,v6,8,6,55290882,996.6,90386397,1,1,0,1,-1,1,4,False,55240651,920.1581,940.7548,950.7267,Grimmsnarl (mirror),9714ab5c3996f6cc,2026-08-06T08:22:17.732330500Z
20260806_grimmsnarl_ml_v6_sub55290882,v6,8,6,55290882,996.6,90387172,1,1,0,1,-1,1,2,False,55095721,921.3145,959.085,967.7855,Kangaskhan / Crustle,4717e5f31ba694d4,2026-08-06T08:26:35.470739600Z
20260806_grimmsnarl_ml_v6_sub55290882,v6,8,6,55290882,996.6,90387936,1,1,0,1,-1,4,2,False,55283220,939.8688,967.7855,976.5075,Archaludon,485708406affb768,2026-08-06T08:30:18.526721700Z
20260806_grimmsnarl_ml_v6_sub55290882,v6,8,6,55290882,996.6,90388658,1,0,0,-1,1,2,2,False,55250219,918.9077,976.5075,965.0953,Grimmsnarl (mirror),9714ab5c3996f6cc,2026-08-06T08:34:42.806923100Z
20260806_grimmsnarl_ml_v6_sub55290882,v6,8,6,55290882,996.6,90389406,0,1,0,1,-1,1,2,True,55063911,947.8335,965.0953,973.5827,Alakazam,cc38cb450b86770a,2026-08-06T08:38:18.164395Z
20260806_grimmsnarl_ml_v6_sub55290882,v6,8,6,55290882,996.6,90390179,0,0,0,-1,1,3,2,True,55274674,1000.2532,973.5827,965.6466,Grimmsnarl (mirror),9714ab5c3996f6cc,2026-08-06T08:43:28.566107300Z
20260806_grimmsnarl_ml_v6_sub55290882,v6,8,6,55290882,996.6,90390935,0,1,0,1,-1,1,6,True,55279470,564.8598,965.6466,966.5045,Mega Lopunny / Froslass,4c455b21174f1c90,2026-08-06T08:47:22.009516900Z
20260806_grimmsnarl_ml_v6_sub55290882,v6,8,6,55290882,996.6,90391633,0,0,0,-1,1,1,1,True,54972385,909.9394,966.5045,956.2598,Alakazam,a665414222aea434,2026-08-06T08:50:36.512234500Z
20260806_grimmsnarl_ml_v6_sub55290882,v6,8,6,55290882,996.6,90392406,0,1,0,1,-1,1,3,True,55292072,954.6704,963.6502,971.1524,Grimmsnarl (mirror),21c3f20980827cb2,2026-08-06T08:54:52.034981900Z
20260806_grimmsnarl_ml_v6_sub55290882,v6,8,6,55290882,996.6,90392480,0,1,0,1,-1,1,4,True,55221185,929.3257,956.2598,963.6502,Alakazam,cc38cb450b86770a,2026-08-06T08:54:29.919234400Z
20260806_grimmsnarl_ml_v6_sub55290882,v6,8,6,55290882,996.6,90393143,0,1,0,1,-1,1,2,True,55164750,953.5075,971.1524,978.3988,Grimmsnarl (mirror),21c3f20980827cb2,2026-08-06T08:58:43.217249600Z
20260806_grimmsnarl_ml_v6_sub55290882,v6,8,6,55290882,996.6,90394014,0,0,0,-1,1,3,1,True,55289126,946.9047,978.3988,970.0221,Alakazam,cc38cb450b86770a,2026-08-06T09:02:21.129762900Z
20260806_grimmsnarl_ml_v6_sub55290882,v6,8,6,55290882,996.6,90394775,0,1,0,1,-1,1,5,True,55289888,904.1361,970.0221,975.666,Mega Lucario,05f854e1b3b3ba0f,2026-08-06T09:07:30.875215500Z
20260806_grimmsnarl_ml_v6_sub55290882,v6,8,6,55290882,996.6,90395514,1,0,0,-1,1,3,1,False,55284344,884.2718,975.666,966.0196,Grimmsnarl (mirror),9714ab5c3996f6cc,2026-08-06T09:10:49.208803800Z
20260806_grimmsnarl_ml_v6_sub55290882,v6,8,6,55290882,996.6,90396281,0,0,0,-1,1,1,6,True,55215727,887.1511,966.0196,956.9666,other: Brambleghast,596584fb43b8d041,2026-08-06T09:14:24.786396200Z
20260806_grimmsnarl_ml_v6_sub55290882,v6,8,6,55290882,996.6,90396996,1,1,0,1,-1,1,2,False,55280434,927.4555,956.9666,963.0137,Kangaskhan / Crustle,9b415cc6bbdf6fd5,2026-08-06T09:18:22.713883900Z
20260806_grimmsnarl_ml_v6_sub55290882,v6,8,6,55290882,996.6,90397788,0,1,0,1,-1,1,3,True,55289801,949.4397,963.0137,969.2684,Grimmsnarl (mirror),9714ab5c3996f6cc,2026-08-06T09:22:36.786478500Z
20260806_grimmsnarl_ml_v6_sub55290882,v6,8,6,55290882,996.6,90398544,1,1,0,1,-1,1,2,True,54351296,614.3183,969.2684,970.1843,Alakazam,64dd1f6d876f95d3,2026-08-06T09:26:28.305726Z
20260806_grimmsnarl_ml_v6_sub55290882,v6,8,6,55290882,996.6,90399269,0,1,0,1,-1,1,4,True,55288980,866.2424,970.1843,974.366,Grimmsnarl (mirror),9714ab5c3996f6cc,2026-08-06T09:30:20.124556900Z
20260806_grimmsnarl_ml_v6_sub55290882,v6,8,6,55290882,996.6,90400046,1,1,0,1,-1,1,3,False,55218719,949.6807,974.366,980.0961,Grimmsnarl (mirror),9714ab5c3996f6cc,2026-08-06T09:35:12.406165500Z
20260806_grimmsnarl_ml_v6_sub55290882,v6,8,6,55290882,996.6,90400791,0,1,0,1,-1,1,6,True,53879721,612.5727,980.0961,980.8835,other: Dudunsparce,292e7cda8346e2af,2026-08-06T09:38:19.176793600Z
20260806_grimmsnarl_ml_v6_sub55290882,v6,8,6,55290882,996.6,90401546,0,1,0,1,-1,2,6,True,55233020,849.8007,980.8835,984.4032,Grimmsnarl (mirror),9714ab5c3996f6cc,2026-08-06T09:42:37.618628700Z
20260806_grimmsnarl_ml_v6_sub55290882,v6,8,6,55290882,996.6,90402289,0,1,0,1,-1,1,5,True,55289600,738.8494,984.4032,986.2512,Alakazam,a233298ee750b57c,2026-08-06T09:46:24.972791400Z
20260806_grimmsnarl_ml_v6_sub55290882,v6,8,6,55290882,996.6,90403034,0,1,0,1,-1,3,1,True,55249910,1016.6952,986.2512,992.8658,Mega Lopunny / Froslass,a7ee29914c1dce64,2026-08-06T09:50:54.693231100Z
20260806_grimmsnarl_ml_v6_sub55290882,v6,8,6,55290882,996.6,90403844,0,1,0,1,-1,1,4,True,55253951,888.5089,992.8658,996.6575,Grimmsnarl (mirror),9714ab5c3996f6cc,2026-08-06T09:54:30.014812900Z
20260806_grimmsnarl_ml_v7_sub_55302846,v7,9,7,55302846,943.3,90474581,0,1,0,1,-1,1,1,True,55302846,,,,Grimmsnarl (mirror),9714ab5c3996f6cc,2026-08-06T16:22:12.379704900Z
20260806_grimmsnarl_ml_v7_sub_55302846,v7,9,7,55302846,943.3,90474675,1,1,0,1,-1,3,6,False,54933234,600.8884,600.0,709.0598,Kangaskhan / Crustle,1eda048ea3581634,2026-08-06T16:23:35.110719300Z
20260806_grimmsnarl_ml_v7_sub_55302846,v7,9,7,55302846,943.3,90475424,1,0,0,-1,1,2,1,False,55301928,740.3577,709.0598,623.9212,other: Cynthia's Garchomp ex,1d41a8fa722b55d6,2026-08-06T16:27:25.545602400Z
20260806_grimmsnarl_ml_v7_sub_55302846,v7,9,7,55302846,943.3,90476241,0,1,0,1,-1,2,4,True,54143007,572.6747,623.9212,695.9896,other: Latias ex,a9ecc8cde2953445,2026-08-06T16:35:31.924771600Z
20260806_grimmsnarl_ml_v7_sub_55302846,v7,9,7,55302846,943.3,90477009,0,1,0,1,-1,3,4,True,54842989,755.4799,695.9896,781.8239,Mega Lucario,c3c16f0e65487ad6,2026-08-06T16:39:02.215844500Z
20260806_grimmsnarl_ml_v7_sub_55302846,v7,9,7,55302846,943.3,90477770,1,1,0,1,-1,3,3,False,54920268,744.155,781.8239,835.8772,Mega Lucario,c3c16f0e65487ad6,2026-08-06T16:43:08.775876400Z
20260806_grimmsnarl_ml_v7_sub_55302846,v7,9,7,55302846,943.3,90478556,1,1,0,1,-1,2,3,True,55285443,778.8459,835.8772,878.2443,Archaludon,2b6a7dd699d2b6a5,2026-08-06T16:47:01.583124100Z
20260806_grimmsnarl_ml_v7_sub_55302846,v7,9,7,55302846,943.3,90479335,1,1,0,1,-1,1,1,True,54798432,820.6523,878.2443,914.8108,Archaludon,ebd4dbb270dce6a2,2026-08-06T16:51:03.926996300Z
20260806_grimmsnarl_ml_v7_sub_55302846,v7,9,7,55302846,943.3,90480101,1,0,0,-1,1,4,2,False,55261029,947.309,914.8108,879.676,Alakazam,cc38cb450b86770a,2026-08-06T16:55:05.762450700Z
20260806_grimmsnarl_ml_v7_sub_55302846,v7,9,7,55302846,943.3,90480883,1,0,0,-1,1,4,1,False,55181226,820.2154,879.676,837.6054,other: Cynthia's Garchomp ex,c68e3f21cf06bfae,2026-08-06T17:01:46.909766900Z
20260806_grimmsnarl_ml_v7_sub_55302846,v7,9,7,55302846,943.3,90481666,0,1,0,1,-1,1,4,True,55301996,756.4476,837.6054,860.0299,other: Cynthia's Garchomp ex,daff2ed17de6145d,2026-08-06T17:03:06.769748900Z
20260806_grimmsnarl_ml_v7_sub_55302846,v7,9,7,55302846,943.3,90482437,1,1,0,1,-1,6,6,True,55247382,757.2763,860.0299,879.226,Alakazam,7fa65817cc79c36c,2026-08-06T17:06:53.665390100Z
20260806_grimmsnarl_ml_v7_sub_55302846,v7,9,7,55302846,943.3,90483225,1,1,0,1,-1,1,2,False,55169141,877.459,879.226,905.2837,other: Team Rocket's Honchkrow,30e58dd8fc07eff2,2026-08-06T17:11:06.965120200Z
20260806_grimmsnarl_ml_v7_sub_55302846,v7,9,7,55302846,943.3,90483987,1,1,0,1,-1,1,3,False,55301658,809.6707,905.2837,921.7731,Alakazam,cc38cb450b86770a,2026-08-06T17:15:36.927675100Z
20260806_grimmsnarl_ml_v7_sub_55302846,v7,9,7,55302846,943.3,90484761,0,0,0,-1,1,3,2,True,54948127,914.3241,921.7731,898.7031,other: Cynthia's Garchomp ex,daff2ed17de6145d,2026-08-06T17:19:09.029967800Z
20260806_grimmsnarl_ml_v7_sub_55302846,v7,9,7,55302846,943.3,90485532,1,1,0,1,-1,1,5,False,55219989,931.3768,877.2702,900.4933,Grimmsnarl (mirror),9714ab5c3996f6cc,2026-08-06T17:24:08.884735300Z
20260806_grimmsnarl_ml_v7_sub_55302846,v7,9,7,55302846,943.3,90485641,0,0,0,-1,1,5,1,True,55301669,884.6859,898.7031,877.2702,Dipplin,7d843195fc7fa500,2026-08-06T17:23:07.682326Z
20260806_grimmsnarl_ml_v7_sub_55302846,v7,9,7,55302846,943.3,90486304,0,1,0,1,-1,1,3,True,55275264,869.8873,900.4933,916.6443,Kangaskhan / Crustle,20bc24847121c967,2026-08-06T17:28:53.210787Z
20260806_grimmsnarl_ml_v7_sub_55302846,v7,9,7,55302846,943.3,90487075,1,1,0,1,-1,1,4,False,55300563,822.5352,916.6443,928.353,Grimmsnarl (mirror),51a14258f44ab805,2026-08-06T17:31:33.102577200Z
20260806_grimmsnarl_ml_v7_sub_55302846,v7,9,7,55302846,943.3,90487756,1,1,0,1,-1,1,3,False,55246567,947.1319,928.353,945.6483,Mega Lopunny / Froslass,1350508087c01043,2026-08-06T17:36:14.616441100Z
20260806_grimmsnarl_ml_v7_sub_55302846,v7,9,7,55302846,943.3,90488630,1,0,0,-1,1,5,1,False,55297393,932.563,945.6483,929.7332,Dragapult,202ee2cec6cbe8b4,2026-08-06T17:39:15.893782Z
20260806_grimmsnarl_ml_v7_sub_55302846,v7,9,7,55302846,943.3,90489402,1,0,0,-1,1,4,1,False,55288637,856.2422,929.7332,911.3156,Grimmsnarl (mirror),9714ab5c3996f6cc,2026-08-06T17:43:15.727354700Z
20260806_grimmsnarl_ml_v7_sub_55302846,v7,9,7,55302846,943.3,90490175,0,1,0,1,-1,4,6,True,55301702,297.3669,911.3156,911.5309,Mega Lucario,3e0460663802032e,2026-08-06T17:46:53.649997Z
20260806_grimmsnarl_ml_v7_sub_55302846,v7,9,7,55302846,943.3,90490934,0,1,0,1,-1,1,2,True,55026746,842.9523,911.5309,922.0402,Grimmsnarl (mirror),4517aa8e99e25a30,2026-08-06T17:51:20.026589700Z
20260806_grimmsnarl_ml_v7_sub_55302846,v7,9,7,55302846,943.3,90491707,1,1,0,1,-1,1,2,False,55302462,872.6067,922.0402,932.7761,Kangaskhan / Crustle,1eda048ea3581634,2026-08-06T17:59:02.737451800Z
20260806_grimmsnarl_ml_v7_sub_55302846,v7,9,7,55302846,943.3,90492502,0,0,0,-1,1,2,1,True,55073126,924.1998,932.7761,919.8178,Grimmsnarl (mirror),9714ab5c3996f6cc,2026-08-06T18:03:01.022496200Z
20260806_grimmsnarl_ml_v7_sub_55302846,v7,9,7,55302846,943.3,90493255,1,0,0,-1,1,6,1,False,55184621,910.4861,919.8178,907.3965,other: Fezandipiti ex,711c221c9cc49384,2026-08-06T18:06:21.872056300Z
20260806_grimmsnarl_ml_v7_sub_55302846,v7,9,7,55302846,943.3,90494027,1,1,0,1,-1,1,3,False,55288396,848.0547,907.3965,916.559,Alakazam,7bd4bf3465abaa4c,2026-08-06T18:10:22.761619500Z
20260806_grimmsnarl_ml_v7_sub_55302846,v7,9,7,55302846,943.3,90494807,1,0,0,-1,1,4,1,False,55258114,905.4113,916.559,905.016,Ogerpon,82319d40f7d61a5e,2026-08-06T18:14:30.983574700Z
20260806_grimmsnarl_ml_v7_sub_55302846,v7,9,7,55302846,943.3,90495031,1,1,0,1,-1,2,3,False,55300167,830.2132,905.016,912.9203,other: Raging Bolt ex,71f4aa98d335df39,2026-08-06T18:14:33.448467800Z
20260806_grimmsnarl_ml_v7_sub_55302846,v7,9,7,55302846,943.3,90495587,0,1,0,1,-1,1,3,True,55289235,849.8833,912.9203,921.0113,Grimmsnarl (mirror),676679a50786070f,2026-08-06T18:18:42.407538400Z
20260806_grimmsnarl_ml_v7_sub_55302846,v7,9,7,55302846,943.3,90496351,0,0,0,-1,1,3,1,True,55289563,937.2688,921.0113,911.6132,Dragapult,4b53fcb1afbba336,2026-08-06T18:23:02.223215900Z
20260806_grimmsnarl_ml_v7_sub_55302846,v7,9,7,55302846,943.3,90497119,1,1,0,1,-1,1,3,False,55297381,947.9961,911.6132,922.4992,Alakazam,cc38cb450b86770a,2026-08-06T18:26:30.988116900Z
20260806_grimmsnarl_ml_v7_sub_55302846,v7,9,7,55302846,943.3,90497893,0,1,0,1,-1,1,4,True,55254847,955.7122,922.4992,932.9477,Grimmsnarl (mirror),9714ab5c3996f6cc,2026-08-06T18:30:48.285808400Z
20260806_grimmsnarl_ml_v7_sub_55302846,v7,9,7,55302846,943.3,90498662,0,1,0,1,-1,2,2,True,55255706,949.5643,932.9477,942.4792,Grimmsnarl (mirror),9714ab5c3996f6cc,2026-08-06T18:34:27.868563700Z
20260806_grimmsnarl_ml_v7_sub_55302846,v7,9,7,55302846,943.3,90499422,0,0,0,-1,1,2,1,True,55299090,967.0521,952.035,944.1278,Mega Lopunny / Froslass,a7ee29914c1dce64,2026-08-06T18:46:32.950459Z
20260806_grimmsnarl_ml_v7_sub_55302846,v7,9,7,55302846,943.3,90500181,0,1,0,1,-1,2,5,True,55283276,969.3642,942.4792,952.035,Grimmsnarl (mirror),dd85e3c9f892f55b,2026-08-06T18:42:33.835680100Z
20260806_grimmsnarl_ml_v7_sub_55302846,v7,9,7,55302846,943.3,90501050,0,0,0,-1,1,1,1,True,55264348,929.4299,944.1278,935.5131,Grimmsnarl (mirror),9714ab5c3996f6cc,2026-08-06T18:47:55.462203200Z
20260806_grimmsnarl_ml_v7_sub_55302846,v7,9,7,55302846,943.3,90501716,1,0,0,-1,1,1,2,False,55273269,921.0514,935.5131,927.1601,other: Cynthia's Garchomp ex,daff2ed17de6145d,2026-08-06T18:50:35.215225400Z
20260806_grimmsnarl_ml_v7_sub_55302846,v7,9,7,55302846,943.3,90502481,1,1,0,1,-1,1,5,False,55294925,892.5073,927.1601,933.9065,Grimmsnarl (mirror),9714ab5c3996f6cc,2026-08-06T18:54:30.241630100Z
20260806_grimmsnarl_ml_v7_sub_55302846,v7,9,7,55302846,943.3,90503195,1,0,0,-1,1,5,2,False,55273269,925.7338,933.9065,926.1759,other: Cynthia's Garchomp ex,daff2ed17de6145d,2026-08-06T18:58:40.223347700Z
20260806_grimmsnarl_ml_v7_sub_55302846,v7,9,7,55302846,943.3,90504129,0,0,0,-1,1,3,1,True,55297978,927.2611,926.1759,918.945,Grimmsnarl (mirror),9714ab5c3996f6cc,2026-08-06T19:06:51.323013600Z
20260806_grimmsnarl_ml_v7_sub_55302846,v7,9,7,55302846,943.3,90507247,1,0,0,-1,1,2,1,False,55286459,899.7965,918.945,911.3338,Grimmsnarl (mirror),9714ab5c3996f6cc,2026-08-06T19:22:21.587898Z
20260806_grimmsnarl_ml_v7_sub_55302846,v7,9,7,55302846,943.3,90511778,0,1,0,1,-1,1,1,True,55261029,941.6153,911.3338,919.0455,Alakazam,cc38cb450b86770a,2026-08-06T19:46:26.523074400Z
20260806_grimmsnarl_ml_v7_sub_55302846,v7,9,7,55302846,943.3,90514183,1,0,0,-1,1,2,1,False,55274197,965.0242,919.0455,913.3809,Alakazam,cc38cb450b86770a,2026-08-06T19:58:21.608836100Z
20260806_grimmsnarl_ml_v7_sub_55302846,v7,9,7,55302846,943.3,90517978,0,1,0,1,-1,1,2,True,55304904,913.7446,913.3809,919.8911,Alakazam,cc38cb450b86770a,2026-08-06T20:18:29.236557700Z
20260806_grimmsnarl_ml_v7_sub_55302846,v7,9,7,55302846,943.3,90518592,1,1,0,1,-1,1,4,False,55303888,941.3155,919.8911,926.8082,Grimmsnarl (mirror),aa68e22ad589e0dd,2026-08-06T20:22:30.228756900Z
20260806_grimmsnarl_ml_v7_sub_55302846,v7,9,7,55302846,943.3,90522427,0,1,0,1,-1,1,6,True,55197889,938.7668,926.8082,933.3836,other: Cynthia's Garchomp ex,daff2ed17de6145d,2026-08-06T20:42:14.387432800Z
20260806_grimmsnarl_ml_v7_sub_55302846,v7,9,7,55302846,943.3,90525615,0,1,0,1,-1,2,6,True,55301157,587.8329,926.4841,927.4691,other: Team Rocket's Mewtwo ex,46bef46a0ad2d9f0,2026-08-06T21:03:25.798762200Z
20260806_grimmsnarl_ml_v7_sub_55302846,v7,9,7,55302846,943.3,90526349,0,0,0,-1,1,2,2,True,55287084,900.9361,933.3836,926.4841,other: Team Rocket's Mewtwo ex,770c5cb8f0e108f0,2026-08-06T21:02:17.685238800Z
20260806_grimmsnarl_ml_v7_sub_55302846,v7,9,7,55302846,943.3,90527744,1,0,0,-1,1,2,1,False,55304912,920.884,927.4691,921.4,Grimmsnarl (mirror),98602045f4ac7b52,2026-08-06T21:10:17.011643Z
20260806_grimmsnarl_ml_v7_sub_55302846,v7,9,7,55302846,943.3,90529944,0,1,0,1,-1,1,1,True,55306738,871.2711,915.7604,920.3049,Grimmsnarl (mirror),9714ab5c3996f6cc,2026-08-06T21:22:20.584206300Z
20260806_grimmsnarl_ml_v7_sub_55302846,v7,9,7,55302846,943.3,90530205,0,0,0,-1,1,3,1,True,55299991,929.846,921.4,915.7604,other: Hydrapple ex,15a06bda3357d295,2026-08-06T21:22:17.824601900Z
20260806_grimmsnarl_ml_v7_sub_55302846,v7,9,7,55302846,943.3,90532505,0,1,0,1,-1,1,4,True,55301753,915.3084,920.3049,925.8051,Grimmsnarl (mirror),9714ab5c3996f6cc,2026-08-06T21:34:14.423369700Z
20260806_grimmsnarl_ml_v7_sub_55302846,v7,9,7,55302846,943.3,90534054,0,0,0,-1,1,6,1,True,55304174,859.9901,925.8051,918.945,Grimmsnarl (mirror),9714ab5c3996f6cc,2026-08-06T21:42:23.371339400Z
20260806_grimmsnarl_ml_v7_sub_55302846,v7,9,7,55302846,943.3,90534862,1,1,0,1,-1,2,1,False,55297978,931.7347,918.945,924.5728,Grimmsnarl (mirror),9714ab5c3996f6cc,2026-08-06T21:46:22.350127900Z
20260806_grimmsnarl_ml_v7_sub_55302846,v7,9,7,55302846,943.3,90543090,0,1,0,1,-1,1,2,True,55306666,831.6841,924.5728,928.1668,Grimmsnarl (mirror),9714ab5c3996f6cc,2026-08-06T22:38:37.357700600Z
20260806_grimmsnarl_ml_v7_sub_55302846,v7,9,7,55302846,943.3,90554143,1,1,0,1,-1,3,3,False,55275867,932.3683,928.1668,933.4553,Ogerpon,17259c4acf0b7336,2026-08-06T23:26:54.137609300Z
20260806_grimmsnarl_ml_v7_sub_55302846,v7,9,7,55302846,943.3,90556289,0,1,0,1,-1,1,2,True,55306986,987.0647,937.4757,943.3947,Grimmsnarl (mirror),9714ab5c3996f6cc,2026-08-06T23:38:57.971142800Z
20260806_grimmsnarl_ml_v7_sub_55302846,v7,9,7,55302846,943.3,90556320,0,1,0,1,-1,1,4,True,55306738,873.1446,933.4553,937.4757,Grimmsnarl (mirror),9714ab5c3996f6cc,2026-08-06T23:38:47.951405100Z
20260806_grimmsnarl_ml_v7_sub_55302846,v7,9,7,55302846,943.3,90576578,1,1,0,1,-1,1,5,False,55310521,903.2453,943.3947,947.0742,Grimmsnarl (mirror),9714ab5c3996f6cc,2026-08-07T01:24:32.432269600Z
20260807_grimmsnarl_ml_v8_sub_55317804,v8,10,8,55317804,1035.8,90643182,0,0,0,-1,1,2,1,True,55317804,,,,Grimmsnarl (mirror),9714ab5c3996f6cc,2026-08-07T07:03:40.906631300Z
20260807_grimmsnarl_ml_v8_sub_55317804,v8,10,8,55317804,1035.8,90643283,1,0,0,-1,1,2,2,False,54609570,604.6135,600.0,492.5626,Mega Lucario,e02593e469e20c6b,2026-08-07T07:04:38.838070200Z
20260807_grimmsnarl_ml_v8_sub_55317804,v8,10,8,55317804,1035.8,90644079,0,1,0,1,-1,2,2,True,55291972,919.3885,492.5626,727.3792,Archaludon,662fd75531c8a26a,2026-08-07T07:08:44.240804500Z
20260807_grimmsnarl_ml_v8_sub_55317804,v8,10,8,55317804,1035.8,90644858,1,1,0,1,-1,3,5,True,55301297,730.3265,727.3792,812.1174,Alakazam,65980f1c1e35b45d,2026-08-07T07:12:32.853824700Z
20260807_grimmsnarl_ml_v8_sub_55317804,v8,10,8,55317804,1035.8,90645654,1,1,0,1,-1,1,3,True,55154393,743.9134,812.1174,870.3362,Alakazam,cc38cb450b86770a,2026-08-07T07:17:09.287507600Z
20260807_grimmsnarl_ml_v8_sub_55317804,v8,10,8,55317804,1035.8,90646462,1,1,0,1,-1,3,6,True,55297831,823.6106,870.3362,922.6897,Archaludon,2b6a7dd699d2b6a5,2026-08-07T07:20:23.377158200Z
20260807_grimmsnarl_ml_v8_sub_55317804,v8,10,8,55317804,1035.8,90647259,1,1,0,1,-1,1,4,False,55242088,888.8623,922.6897,968.8538,Grimmsnarl (mirror),9714ab5c3996f6cc,2026-08-07T07:24:37.704857600Z
20260807_grimmsnarl_ml_v8_sub_55317804,v8,10,8,55317804,1035.8,90648067,0,1,0,1,-1,4,1,True,55308832,931.778,968.8538,1007.9488,Kangaskhan / Crustle,20bc24847121c967,2026-08-07T07:29:02.107669300Z
20260807_grimmsnarl_ml_v8_sub_55317804,v8,10,8,55317804,1035.8,90648314,0,1,0,1,-1,2,4,True,55314699,972.4501,1007.9488,1042.3398,Grimmsnarl (mirror),9714ab5c3996f6cc,2026-08-07T07:29:10.026069200Z
20260807_grimmsnarl_ml_v8_sub_55317804,v8,10,8,55317804,1035.8,90648872,1,1,0,1,-1,1,3,False,55310540,976.1966,1042.3398,1069.6539,Grimmsnarl (mirror),9714ab5c3996f6cc,2026-08-07T07:33:03.714031900Z
20260807_grimmsnarl_ml_v8_sub_55317804,v8,10,8,55317804,1035.8,90649659,0,1,0,1,-1,2,4,True,53815841,716.9747,1069.6539,1075.1317,Mega Lucario,d05bff224d40b9c6,2026-08-07T07:36:27.426424400Z
20260807_grimmsnarl_ml_v8_sub_55317804,v8,10,8,55317804,1035.8,90650567,0,1,0,1,-1,1,6,True,55312064,1079.1242,1075.1317,1105.7556,Mega Lucario,05f854e1b3b3ba0f,2026-08-07T07:41:06.361482400Z
20260807_grimmsnarl_ml_v8_sub_55317804,v8,10,8,55317804,1035.8,90651246,1,1,0,1,-1,2,6,True,53811263,675.4363,1105.7556,1108.3181,Dragapult,8055443275c86105,2026-08-07T07:44:38.491361300Z
20260807_grimmsnarl_ml_v8_sub_55317804,v8,10,8,55317804,1035.8,90652037,0,0,0,-1,1,2,1,True,55299401,1074.9997,1108.3181,1078.3443,Mega Lopunny / Froslass,6fa64c0e3b2eb67c,2026-08-07T07:49:12.185321500Z
20260807_grimmsnarl_ml_v8_sub_55317804,v8,10,8,55317804,1035.8,90652837,0,1,0,1,-1,2,2,True,55290338,965.6526,1078.3443,1094.1115,Grimmsnarl (mirror),9714ab5c3996f6cc,2026-08-07T07:53:04.704481700Z
20260807_grimmsnarl_ml_v8_sub_55317804,v8,10,8,55317804,1035.8,90653635,0,0,0,-1,1,3,2,True,55306192,1085.5844,1094.1115,1070.5848,Alakazam,48dd99dd2b5aba68,2026-08-07T08:00:42.563248800Z
20260807_grimmsnarl_ml_v8_sub_55317804,v8,10,8,55317804,1035.8,90654424,0,0,0,-1,1,4,2,True,55282766,1052.512,1070.5848,1048.1188,Ogerpon,97df7a2a423da1d8,2026-08-07T08:02:22.696688Z
20260807_grimmsnarl_ml_v8_sub_55317804,v8,10,8,55317804,1035.8,90655232,0,1,0,1,-1,1,2,True,55291053,1034.2899,1048.1188,1066.7841,Grimmsnarl (mirror),9714ab5c3996f6cc,2026-08-07T08:05:00.785538300Z
20260807_grimmsnarl_ml_v8_sub_55317804,v8,10,8,55317804,1035.8,90656032,1,0,0,-1,1,1,1,False,55293976,996.2068,1066.7841,1043.6461,Mega Lopunny / Froslass,1350508087c01043,2026-08-07T08:08:55.104635900Z
20260807_grimmsnarl_ml_v8_sub_55317804,v8,10,8,55317804,1035.8,90656818,1,0,0,-1,1,4,2,False,55308764,1043.2962,1043.6461,1026.539,other: Rillaboom,37a318e22674d8ac,2026-08-07T08:14:02.340180700Z
20260807_grimmsnarl_ml_v8_sub_55317804,v8,10,8,55317804,1035.8,90657577,1,0,0,-1,1,6,1,False,55305108,1051.2779,1026.539,1011.7956,Grimmsnarl (mirror),9714ab5c3996f6cc,2026-08-07T08:16:46.756280100Z
20260807_grimmsnarl_ml_v8_sub_55317804,v8,10,8,55317804,1035.8,90657685,1,1,0,1,-1,2,1,False,55312013,1126.2631,1011.7956,1033.7334,other: Hydrapple ex,15a06bda3357d295,2026-08-07T08:16:49.693286700Z
20260807_grimmsnarl_ml_v8_sub_55317804,v8,10,8,55317804,1035.8,90658444,1,1,0,1,-1,1,2,False,55258385,1016.5855,1033.7334,1047.2364,Mega Lopunny / Froslass,504b91f7a078d9b5,2026-08-07T08:20:54.519069Z
20260807_grimmsnarl_ml_v8_sub_55317804,v8,10,8,55317804,1035.8,90659238,0,1,0,1,-1,1,2,True,55315274,991.8782,1047.2364,1058.3052,Alakazam,062d2bd9de2d4fea,2026-08-07T08:25:39.635933900Z
20260807_grimmsnarl_ml_v8_sub_55317804,v8,10,8,55317804,1035.8,90660045,0,0,0,-1,1,4,2,True,55252346,980.7572,1058.3052,1041.3762,Grimmsnarl (mirror),c76ac05c2c741180,2026-08-07T08:28:50.906327700Z
20260807_grimmsnarl_ml_v8_sub_55317804,v8,10,8,55317804,1035.8,90660851,0,0,0,-1,1,3,1,True,54987154,958.4557,1041.3762,1025.0209,Alakazam,cc38cb450b86770a,2026-08-07T08:32:41.852583700Z
20260807_grimmsnarl_ml_v8_sub_55317804,v8,10,8,55317804,1035.8,90661666,0,1,0,1,-1,1,5,True,55247294,1000.9709,1025.0209,1035.8655,Grimmsnarl (mirror),9714ab5c3996f6cc,2026-08-07T08:36:40.175192500Z
20260807_grimmsnarl_ml_v8_sub_55317804,v8,10,8,55317804,1035.8,90662543,0,0,0,-1,1,5,1,True,55312572,1016.8404,1035.8655,1023.7318,Kangaskhan / Crustle,9b415cc6bbdf6fd5,2026-08-07T08:40:53.590453100Z
20260807_grimmsnarl_ml_v8_sub_55317804,v8,10,8,55317804,1035.8,90663282,0,1,0,1,-1,1,1,True,55296010,1046.0211,1023.7318,1035.5379,Grimmsnarl (mirror),9714ab5c3996f6cc,2026-08-07T08:45:19.021994Z
20260807_grimmsnarl_ml_v8_sub_55317804,v8,10,8,55317804,1035.8,90664094,1,0,0,-1,1,4,2,False,55319036,1008.0486,1035.5379,1024.4823,Alakazam,cc38cb450b86770a,2026-08-07T08:49:03.489812800Z
20260807_grimmsnarl_ml_v8_sub_55317804,v8,10,8,55317804,1035.8,90664891,0,0,0,-1,1,2,2,True,55251436,1018.9735,1024.4823,1014.1626,Ogerpon,0dede7cb8026e473,2026-08-07T08:57:40.642131300Z
20260807_grimmsnarl_ml_v8_sub_55317804,v8,10,8,55317804,1035.8,90665683,1,0,0,-1,1,4,1,False,55308764,1048.2154,1014.1626,1005.5828,other: Rillaboom,37a318e22674d8ac,2026-08-07T08:57:48.723328200Z
20260807_grimmsnarl_ml_v8_sub_55317804,v8,10,8,55317804,1035.8,90666503,0,1,0,1,-1,1,4,True,55302280,950.5224,1005.5828,1013.2312,Grimmsnarl (mirror),9714ab5c3996f6cc,2026-08-07T09:00:39.156384800Z
20260807_grimmsnarl_ml_v8_sub_55317804,v8,10,8,55317804,1035.8,90667282,1,1,0,1,-1,4,4,False,55291801,1051.1937,1013.2312,1023.6789,Kangaskhan / Crustle,d8e9c2a36e0e4dea,2026-08-07T09:05:09.888621300Z
20260807_grimmsnarl_ml_v8_sub_55317804,v8,10,8,55317804,1035.8,90668114,0,1,0,1,-1,1,3,True,55300715,991.9282,1023.6789,1031.5336,Grimmsnarl (mirror),57961e5f51c03eaf,2026-08-07T09:08:43.041018900Z
20260807_grimmsnarl_ml_v8_sub_55317804,v8,10,8,55317804,1035.8,90668913,0,1,0,1,-1,1,4,True,55307654,1105.1103,1031.5336,1042.5139,Dipplin,b957f91298535456,2026-08-07T09:12:59.829045200Z
20260807_grimmsnarl_ml_v8_sub_55317804,v8,10,8,55317804,1035.8,90669698,1,0,0,-1,1,4,2,False,55247479,1066.5307,1042.5139,1034.9262,Alakazam,cc38cb450b86770a,2026-08-07T09:16:37.988069500Z
20260807_grimmsnarl_ml_v8_sub_55317804,v8,10,8,55317804,1035.8,90670500,1,0,0,-1,1,2,1,False,55308701,1093.8122,1039.487,1033.0851,Mega Lopunny / Froslass,a7ee29914c1dce64,2026-08-07T09:25:34.862323300Z
20260807_grimmsnarl_ml_v8_sub_55317804,v8,10,8,55317804,1035.8,90671313,1,1,0,1,-1,2,3,False,55304671,899.356,1034.9262,1039.487,Grimmsnarl (mirror),9714ab5c3996f6cc,2026-08-07T09:25:03.537825600Z
20260807_grimmsnarl_ml_v8_sub_55317804,v8,10,8,55317804,1035.8,90672052,1,1,0,1,-1,1,5,False,54101464,776.6221,1033.0851,1035.301,Mega Lucario,c3c16f0e65487ad6,2026-08-07T09:28:42.901208700Z
20260807_grimmsnarl_ml_v8_sub_55317804,v8,10,8,55317804,1035.8,90672919,1,0,0,-1,1,5,5,False,55275708,1035.9653,1035.301,1027.7389,Alakazam,cc38cb450b86770a,2026-08-07T09:32:44.497486100Z
20260807_grimmsnarl_ml_v8_sub_55317804,v8,10,8,55317804,1035.8,90673719,0,1,0,1,-1,1,4,True,55266339,1024.1146,1027.7389,1035.0185,Dragapult,10fc83264fd70470,2026-08-07T09:39:18.585945500Z
20260807_grimmsnarl_ml_v8_sub_55317804,v8,10,8,55317804,1035.8,90674481,0,1,0,1,-1,1,5,True,55306624,963.1931,1035.0185,1040.438,Grimmsnarl (mirror),9714ab5c3996f6cc,2026-08-07T09:40:47.541244800Z
20260807_grimmsnarl_ml_v8_sub_55317804,v8,10,8,55317804,1035.8,90675339,1,0,0,-1,1,2,1,False,55304029,1009.7703,1040.438,1032.6145,Grimmsnarl (mirror),9714ab5c3996f6cc,2026-08-07T09:47:41.722523900Z
20260807_grimmsnarl_ml_v8_sub_55317804,v8,10,8,55317804,1035.8,90676143,1,0,0,-1,1,2,2,False,55314072,1034.1612,1032.6145,1025.8298,Dragapult,202ee2cec6cbe8b4,2026-08-07T09:48:42.215673Z
20260807_grimmsnarl_ml_v8_sub_55317804,v8,10,8,55317804,1035.8,90676928,1,0,0,-1,1,4,1,False,55280132,1043.8002,1025.8298,1019.5871,Grimmsnarl (mirror),21c3f20980827cb2,2026-08-07T09:52:49.809019500Z
20260807_grimmsnarl_ml_v8_sub_55317804,v8,10,8,55317804,1035.8,90677720,1,1,0,1,-1,1,3,False,55258385,1016.3034,1019.5871,1026.0277,Mega Lopunny / Froslass,504b91f7a078d9b5,2026-08-07T09:56:40.932464800Z
20260807_grimmsnarl_ml_v8_sub_55317804,v8,10,8,55317804,1035.8,90678524,1,0,0,-1,1,3,1,False,55302506,1020.4118,1026.0277,1019.5297,Alakazam,cc38cb450b86770a,2026-08-07T10:05:51.849011Z
20260807_grimmsnarl_ml_v8_sub_55317804,v8,10,8,55317804,1035.8,90679313,0,1,0,1,-1,1,4,True,55133252,980.3537,1019.5297,1024.8907,Alakazam,a233298ee750b57c,2026-08-07T10:05:55.779365100Z
20260807_grimmsnarl_ml_v8_sub_55317804,v8,10,8,55317804,1035.8,90680151,1,0,0,-1,1,5,1,False,55299032,1021.8612,1024.8907,1018.7321,Alakazam,cc38cb450b86770a,2026-08-07T10:09:00.737737Z
20260807_grimmsnarl_ml_v8_sub_55317804,v8,10,8,55317804,1035.8,90682401,0,0,0,-1,1,4,2,True,55319357,1057.4776,1018.7321,1013.6392,Grimmsnarl (mirror),9714ab5c3996f6cc,2026-08-07T10:22:52.709680100Z
20260807_grimmsnarl_ml_v9_sub_55325029,v9,11,9,55325029,,90712451,0,1,0,1,-1,1,5,True,55325029,,,,Grimmsnarl (mirror),9714ab5c3996f6cc,2026-08-07T12:51:14.294546200Z
20260807_grimmsnarl_ml_v9_sub_55325029,v9,11,9,55325029,,90712547,0,1,0,1,-1,1,4,True,55287252,795.6279,600.0,772.4705,Alakazam,cc38cb450b86770a,2026-08-07T12:52:50.375519700Z
20260807_grimmsnarl_ml_v9_sub_55325029,v9,11,9,55325029,,90713334,1,1,0,1,-1,2,6,False,54243038,361.1543,772.4705,790.6429,Dragapult,660a64de788a217d,2026-08-07T12:56:35.122970400Z
20260807_grimmsnarl_ml_v9_sub_55325029,v9,11,9,55325029,,90714133,0,0,0,-1,1,3,1,True,54394766,741.1916,790.6429,689.2553,Archaludon,2b6a7dd699d2b6a5,2026-08-07T13:00:37.867191500Z
20260807_grimmsnarl_ml_v9_sub_55325029,v9,11,9,55325029,,90714963,1,1,0,1,-1,1,3,False,55144532,818.133,689.2553,797.2857,other: Team Rocket's Mewtwo ex,1439295485a33d48,2026-08-07T13:04:53.526884300Z
20260807_grimmsnarl_ml_v9_sub_55325029,v9,11,9,55325029,,90715766,0,1,0,1,-1,1,2,True,54436938,684.3233,797.2857,841.4826,Dragapult,8055443275c86105,2026-08-07T13:08:42.526773200Z
20260807_grimmsnarl_ml_v9_sub_55325029,v9,11,9,55325029,,90716575,0,1,0,1,-1,1,3,True,55323145,819.0598,841.4826,892.6613,Kangaskhan / Crustle,25bdd2752e3a2c6d,2026-08-07T13:12:41.252720200Z
20260807_grimmsnarl_ml_v9_sub_55325029,v9,11,9,55325029,,90717378,1,1,0,1,-1,1,4,False,55324344,818.6108,892.6613,928.6078,Grimmsnarl (mirror),8fd897aeb0a4c7f3,2026-08-07T13:16:44.414827900Z
20260807_grimmsnarl_ml_v9_sub_55325029,v9,11,9,55325029,,90718186,1,0,0,-1,1,4,1,False,55218719,950.4195,928.6078,889.6004,Grimmsnarl (mirror),9714ab5c3996f6cc,2026-08-07T13:21:26.356873200Z
20260807_grimmsnarl_ml_v9_sub_55325029,v9,11,9,55325029,,90718995,0,1,0,1,-1,2,4,True,55243751,809.2554,889.6004,917.2191,Grimmsnarl (mirror),9714ab5c3996f6cc,2026-08-07T13:24:52.244130400Z
20260807_grimmsnarl_ml_v9_sub_55325029,v9,11,9,55325029,,90719799,0,1,0,1,-1,1,3,True,55263098,895.2761,917.2191,948.0745,Grimmsnarl (mirror),9714ab5c3996f6cc,2026-08-07T13:28:55.451608Z
20260807_grimmsnarl_ml_v9_sub_55325029,v9,11,9,55325029,,90720609,1,1,0,1,-1,3,6,False,55300151,887.3296,948.0745,972.1263,Grimmsnarl (mirror),21c3f20980827cb2,2026-08-07T13:32:40.693444100Z
20260807_grimmsnarl_ml_v9_sub_55325029,v9,11,9,55325029,,90721429,0,1,0,1,-1,2,3,True,55304910,897.1855,972.1263,992.8945,Grimmsnarl (mirror),98602045f4ac7b52,2026-08-07T13:36:47.766872400Z
20260807_grimmsnarl_ml_v9_sub_55325029,v9,11,9,55325029,,90722228,0,0,0,-1,1,3,1,True,55311537,1035.162,992.8945,971.1908,Grimmsnarl (mirror),9714ab5c3996f6cc,2026-08-07T13:40:54.040102700Z
20260807_grimmsnarl_ml_v9_sub_55325029,v9,11,9,55325029,,90722281,0,1,0,1,-1,2,4,True,55324393,1007.6024,971.1908,996.8355,Grimmsnarl (mirror),9714ab5c3996f6cc,2026-08-07T13:40:57.653221300Z
20260807_grimmsnarl_ml_v9_sub_55325029,v9,11,9,55325029,,90723046,1,1,0,1,-1,1,2,False,55319728,905.8737,996.8355,1012.036,Alakazam,cc38cb450b86770a,2026-08-07T13:44:40.877714700Z
20260807_grimmsnarl_ml_v9_sub_55325029,v9,11,9,55325029,,90723335,0,1,0,1,-1,2,3,True,54837917,637.7886,1012.036,1014.8151,Grimmsnarl (mirror),21c3f20980827cb2,2026-08-07T13:45:02.807366100Z
20260807_grimmsnarl_ml_v9_sub_55325029,v9,11,9,55325029,,90723855,0,0,0,-1,1,2,2,True,55299719,944.8637,1014.8151,989.8298,Grimmsnarl (mirror),9714ab5c3996f6cc,2026-08-07T13:48:56.683468100Z
20260807_grimmsnarl_ml_v9_sub_55325029,v9,11,9,55325029,,90724657,0,1,0,1,-1,6,4,True,54642926,903.8014,989.8298,1003.0735,Kangaskhan / Crustle,5ab798236b11cd91,2026-08-07T13:53:17.662003900Z
20260807_grimmsnarl_ml_v9_sub_55325029,v9,11,9,55325029,,90725501,0,1,0,1,-1,1,4,True,54866812,993.0419,1003.0735,1019.9203,Alakazam,cc38cb450b86770a,2026-08-07T13:56:44.209810500Z
20260807_grimmsnarl_ml_v9_sub_55325029,v9,11,9,55325029,,90726298,1,1,0,1,-1,2,4,False,55296170,979.0681,1019.9203,1034.069,Alakazam,cc38cb450b86770a,2026-08-07T14:00:42.158482100Z
20260807_grimmsnarl_ml_v9_sub_55325029,v9,11,9,55325029,,90727118,0,0,0,-1,1,3,1,True,55306986,991.5403,1034.069,1016.0516,Grimmsnarl (mirror),9714ab5c3996f6cc,2026-08-07T14:05:00.334142900Z
20260807_grimmsnarl_ml_v9_sub_55325029,v9,11,9,55325029,,90727935,1,1,0,1,-1,1,4,False,55323353,1022.1706,1016.0516,1030.9933,Grimmsnarl (mirror),9714ab5c3996f6cc,2026-08-07T14:08:50.431674700Z
20260807_grimmsnarl_ml_v9_sub_55325029,v9,11,9,55325029,,90728706,0,1,0,1,-1,2,1,True,55310104,903.6164,1030.9933,1039.2984,Grimmsnarl (mirror),9714ab5c3996f6cc,2026-08-07T14:15:15.223704800Z
20260807_grimmsnarl_ml_v9_sub_55325029,v9,11,9,55325029,,90729564,0,1,0,1,-1,2,6,True,55104382,950.0679,1039.2984,1048.785,Grimmsnarl (mirror),9714ab5c3996f6cc,2026-08-07T14:16:37.945672900Z
20260807_grimmsnarl_ml_v9_sub_55325029,v9,11,9,55325029,,90730382,1,1,0,1,-1,1,6,True,55142584,647.8865,1048.785,1050.1226,Alakazam,7fa65817cc79c36c,2026-08-07T14:20:54.760339600Z
20260807_grimmsnarl_ml_v9_sub_55325029,v9,11,9,55325029,,90731196,0,0,0,-1,1,2,2,True,55247479,1071.4158,1050.1226,1038.2906,Alakazam,cc38cb450b86770a,2026-08-07T14:24:45.395552900Z
20260807_grimmsnarl_ml_v9_sub_55325029,v9,11,9,55325029,,90732007,0,0,0,-1,1,3,1,True,55307275,1094.0956,1038.2906,1028.3841,Kangaskhan / Crustle,20bc24847121c967,2026-08-07T14:28:58.456951700Z
20260807_grimmsnarl_ml_v9_sub_55325029,v9,11,9,55325029,,90732829,0,1,0,1,-1,1,4,True,55320312,986.326,1028.3841,1038.4213,Alakazam,cc38cb450b86770a,2026-08-07T14:32:35.057989500Z
20260807_grimmsnarl_ml_v9_sub_55325029,v9,11,9,55325029,,90733648,0,1,0,1,-1,1,6,True,55205180,993.9683,1038.4213,1048.0033,other: Cynthia's Garchomp ex,daff2ed17de6145d,2026-08-07T14:37:54.299835600Z
20260807_grimmsnarl_ml_v9_sub_55325029,v9,11,9,55325029,,90734506,0,1,0,1,-1,1,4,True,55310729,1065.0064,1048.0033,1059.5896,Alakazam,cc38cb450b86770a,2026-08-07T14:40:37.635351Z
20260807_grimmsnarl_ml_v9_sub_55325029,v9,11,9,55325029,,90735265,1,1,0,1,-1,1,2,False,55247294,1005.512,1059.5896,1068.1229,Grimmsnarl (mirror),9714ab5c3996f6cc,2026-08-07T14:45:10.566292300Z
20260807_grimmsnarl_ml_v9_sub_55325029,v9,11,9,55325029,,90736077,1,0,0,-1,1,6,1,False,55215429,1109.133,1068.1229,1059.4364,other: Conkeldurr,d9f935d23302a6f4,2026-08-07T14:48:32.774273600Z
20260807_grimmsnarl_ml_v9_sub_55325029,v9,11,9,55325029,,90736953,0,1,0,1,-1,1,4,True,55264698,948.9559,1059.4364,1065.6933,Grimmsnarl (mirror),9714ab5c3996f6cc,2026-08-07T14:53:08.659825100Z
20260807_grimmsnarl_ml_v9_sub_55325029,v9,11,9,55325029,,90737712,1,0,0,-1,1,2,2,False,55325105,1008.4935,1065.6933,1054.2801,Grimmsnarl (mirror),8fd897aeb0a4c7f3,2026-08-07T14:57:12.875597900Z
20260807_grimmsnarl_ml_v9_sub_55325029,v9,11,9,55325029,,90738540,0,0,0,-1,1,1,2,True,55325783,1098.8109,1041.6751,1034.7103,Grimmsnarl (mirror),9714ab5c3996f6cc,2026-08-07T15:07:39.538701400Z
20260807_grimmsnarl_ml_v9_sub_55325029,v9,11,9,55325029,,90739350,1,0,0,-1,1,3,1,False,55274883,958.0314,1054.2801,1041.6751,Alakazam,cc38cb450b86770a,2026-08-07T15:04:48.174341900Z
20260807_grimmsnarl_ml_v9_sub_55325029,v9,11,9,55325029,,90740173,1,1,0,1,-1,1,3,False,55299971,1016.5184,1034.7103,1042.7664,Grimmsnarl (mirror),9714ab5c3996f6cc,2026-08-07T15:08:49.600433300Z
20260807_grimmsnarl_ml_v9_sub_55325029,v9,11,9,55325029,,90740987,1,1,0,1,-1,1,2,False,55327232,979.2204,1042.7664,1048.9728,Grimmsnarl (mirror),9714ab5c3996f6cc,2026-08-07T15:12:42.602779Z
20260807_grimmsnarl_ml_v9_sub_55325029,v9,11,9,55325029,,90741790,0,1,0,1,-1,1,2,True,55297393,967.5829,1058.3123,1063.8239,Dragapult,202ee2cec6cbe8b4,2026-08-07T15:16:50.732047900Z
20260807_grimmsnarl_ml_v9_sub_55325029,v9,11,9,55325029,,90741792,1,1,0,1,-1,1,2,False,55324894,1090.6995,1048.9728,1058.3123,Mega Lopunny / Froslass,a7ee29914c1dce64,2026-08-07T15:16:45.807419800Z
20260807_grimmsnarl_ml_v9_sub_55325029,v9,11,9,55325029,,90742614,1,1,0,1,-1,3,5,False,53887782,490.7967,1063.8239,1063.9541,Mega Lucario,17d32db13ce4628c,2026-08-07T15:20:47.650448500Z
20260807_grimmsnarl_ml_v9_sub_55325029,v9,11,9,55325029,,90743371,0,1,0,1,-1,6,6,True,55325806,1013.0901,1063.9541,1070.2349,Alakazam,cc38cb450b86770a,2026-08-07T15:24:31.062766600Z
20260807_grimmsnarl_ml_v9_sub_55325029,v9,11,9,55325029,,90743417,0,0,0,-1,1,2,1,True,55317687,986.8496,1070.2349,1060.3067,Grimmsnarl (mirror),9714ab5c3996f6cc,2026-08-07T15:24:54.676615900Z
20260807_grimmsnarl_ml_v9_sub_55325029,v9,11,9,55325029,,90744242,1,0,0,-1,1,5,2,False,55292349,1065.3258,1060.3067,1053.1316,Grimmsnarl (mirror),9714ab5c3996f6cc,2026-08-07T15:29:19.466014500Z
20260807_grimmsnarl_ml_v9_sub_55325029,v9,11,9,55325029,,90745046,1,0,0,-1,1,5,1,False,55302536,974.2558,1053.1316,1043.8543,Alakazam,cc38cb450b86770a,2026-08-07T15:32:44.796056200Z
20260807_grimmsnarl_ml_v9_sub_55325029,v9,11,9,55325029,,90745884,1,0,0,-1,1,4,2,False,55294158,1020.0007,1043.8543,1036.3249,Ogerpon,a0466e320701ca99,2026-08-07T15:36:45.163214100Z
20260807_grimmsnarl_ml_v9_sub_55325029,v9,11,9,55325029,,90746704,0,0,0,-1,1,2,1,True,55326854,965.8737,1036.3249,1027.9921,Dipplin,e4d020780c5208ba,2026-08-07T15:40:44.747970Z
20260807_grimmsnarl_ml_v9_sub_55325029,v9,11,9,55325029,,90747520,1,1,0,1,-1,1,3,False,55311908,898.2006,1027.9921,1031.8035,Grimmsnarl (mirror),9714ab5c3996f6cc,2026-08-07T15:44:42.380373900Z
20260807_grimmsnarl_ml_v9_sub_55325029,v9,11,9,55325029,,90748366,1,0,0,-1,1,3,1,False,55319601,997.5461,1031.8035,1024.5367,Alakazam,cc38cb450b86770a,2026-08-07T15:48:46.200472Z
20260807_grimmsnarl_ml_v9_sub_55325029,v9,11,9,55325029,,90760438,0,1,0,1,-1,2,1,True,55327003,1009.1887,1024.5367,1030.421,Grimmsnarl (mirror),9714ab5c3996f6cc,2026-08-07T16:50:35.643418900Z
20260807_grimmsnarl_ml_v9_sub_55325029,v9,11,9,55325029,,90761933,1,0,0,-1,1,2,2,False,55327015,1056.4892,1030.421,1024.8839,Mega Lopunny / Froslass,1350508087c01043,2026-08-07T16:57:49.179546700Z
20260807_grimmsnarl_ml_v9_sub_55325029,v9,11,9,55325029,,90770123,0,0,0,-1,1,4,1,True,55326950,1013.332,1024.8839,1018.6333,Kangaskhan / Crustle,1eda048ea3581634,2026-08-07T17:37:19.384328300Z
20260807_grimmsnarl_ml_v9_sub_55325029,v9,11,9,55325029,,90773415,1,0,0,-1,1,3,1,False,55327982,1091.6616,1018.6333,1014.2385,Alakazam,cc38cb450b86770a,2026-08-07T17:52:44.780171200Z
20260807_grimmsnarl_ml_v9_sub_55325029,v9,11,9,55325029,,90777745,1,0,0,-1,1,5,2,False,55327015,1066.7899,1014.2385,1009.5232,Mega Lopunny / Froslass,1350508087c01043,2026-08-07T18:15:34.510154900Z
20260807_grimmsnarl_ml_v9_sub_55325029,v9,11,9,55325029,,90779046,0,1,0,1,-1,1,1,True,55330481,961.8602,1009.5232,1013.7568,Alakazam,cc38cb450b86770a,2026-08-07T18:26:23.042840400Z
20260807_grimmsnarl_ml_v9_sub_55325029,v9,11,9,55325029,,90780776,0,1,0,1,-1,1,3,True,55330216,965.1329,1013.7568,1018.235,Archaludon,27ba310a0ae3c2ff,2026-08-07T18:31:15.312022900Z
20260807_grimmsnarl_ml_v9_sub_55325029,v9,11,9,55325029,,90783533,0,0,0,-1,1,1,1,True,55266630,1071.6532,1018.235,1013.754,Dragapult,10fc83264fd70470,2026-08-07T18:50:42.136667900Z
20260807_grimmsnarl_ml_v9_sub_55325029,v9,11,9,55325029,,90798682,0,1,0,1,-1,1,5,True,55305519,982.4833,1013.754,1018.5609,Grimmsnarl (mirror),9714ab5c3996f6cc,2026-08-07T19:57:47.947348700Z
20260807_grimmsnarl_ml_v9_sub_55325029,v9,11,9,55325029,,90809412,1,0,0,-1,1,5,1,False,55302477,933.5995,1018.5609,1011.5016,Grimmsnarl (mirror),9714ab5c3996f6cc,2026-08-07T20:52:14.781281100Z
20260807_grimmsnarl_ml_v9_sub_55325029,v9,11,9,55325029,,90818357,0,0,0,-1,1,5,5,True,55332194,1028.6861,1005.3625,1000.7448,Kangaskhan / Crustle,8f6a9933322de8f8,2026-08-07T21:36:13.151908800Z
20260807_grimmsnarl_ml_v9_sub_55325029,v9,11,9,55325029,,90818579,0,0,0,-1,1,5,1,True,55327836,962.4505,1011.5016,1005.3625,other: Fezandipiti ex,711c221c9cc49384,2026-08-07T21:35:58.549039400Z
20260807_grimmsnarl_ml_v9_sub_55325029,v9,11,9,55325029,,90829193,1,1,0,1,-1,2,4,False,55331428,963.0654,1000.7448,1005.0712,Mega Lopunny / Froslass,4768d4e7f116b221,2026-08-07T22:29:25.586602200Z
20260807_grimmsnarl_ml_v9_sub_55325029,v9,11,9,55325029,,90829930,1,0,0,-1,1,2,5,False,55331941,1061.7357,1005.0712,1001.1343,Kangaskhan / Crustle,8f6a9933322de8f8,2026-08-07T22:31:57.288981700Z
20260807_grimmsnarl_ml_v9_sub_55325029,v9,11,9,55325029,,90835641,0,0,0,-1,1,2,1,True,55333084,969.0328,1001.1343,995.7586,Grimmsnarl (mirror),9714ab5c3996f6cc,2026-08-07T23:00:13.793577500Z
20260807_grimmsnarl_ml_v9_sub_55325029,v9,11,9,55325029,,90843117,0,0,0,-1,1,3,1,True,55332995,1034.9202,995.7586,991.6725,Grimmsnarl (mirror),9714ab5c3996f6cc,2026-08-07T23:36:35.323990900Z
20260807_grimmsnarl_ml_v9_sub_55325029,v9,11,9,55325029,,90860584,0,1,0,1,-1,1,2,True,55336758,976.1334,991.6725,995.8,Grimmsnarl (mirror),9714ab5c3996f6cc,2026-08-08T01:01:12.523806900Z
20260807_grimmsnarl_ml_v9_sub_55325029,v9,11,9,55325029,,90869230,1,1,0,1,-1,1,4,False,55336078,1019.7618,995.8,1000.7038,Alakazam,cc38cb450b86770a,2026-08-08T01:40:30.028231Z
20260807_grimmsnarl_ml_v9_sub_55325029,v9,11,9,55325029,,90872595,0,0,0,-1,1,1,1,True,55336758,1002.0227,1000.7038,996.2962,Grimmsnarl (mirror),9714ab5c3996f6cc,2026-08-08T01:57:10.721746600Z
20260807_grimmsnarl_ml_v9_sub_55325029,v9,11,9,55325029,,90876111,1,0,0,-1,1,4,1,False,55335719,1048.5808,996.2962,992.6475,Grimmsnarl (mirror),9714ab5c3996f6cc,2026-08-08T02:12:34.267760800Z
20260807_grimmsnarl_ml_v9_sub_55325029,v9,11,9,55325029,,90877758,0,0,0,-1,1,1,2,True,55335868,1013.9163,992.6475,988.5333,Alakazam,a233298ee750b57c,2026-08-08T02:20:26.780179300Z
20260807_grimmsnarl_ml_v9_sub_55325029,v9,11,9,55325029,,90880888,0,1,0,1,-1,2,3,True,55338487,1028.5395,988.5333,993.1584,Grimmsnarl (mirror),9714ab5c3996f6cc,2026-08-08T02:36:23.186080Z
20260807_grimmsnarl_ml_v9_sub_55325029,v9,11,9,55325029,,90909815,0,1,0,1,-1,2,2,True,55325407,982.0057,993.1584,997.4681,other: Hydrapple ex,6e5a0a56c7ef2514,2026-08-08T04:52:33.842614800Z
20260807_grimmsnarl_ml_v9_sub_55325029,v9,11,9,55325029,,90912834,0,1,0,1,-1,1,4,True,55341170,948.5144,997.4681,1000.7207,Grimmsnarl (mirror),9714ab5c3996f6cc,2026-08-08T05:08:21.242644200Z
20260807_grimmsnarl_ml_v9_sub_55325029,v9,11,9,55325029,,90927072,0,1,0,1,-1,1,4,True,55342440,997.3985,1000.7207,1004.8399,Alakazam,cc38cb450b86770a,2026-08-08T06:16:37.575932500Z
20260807_grimmsnarl_ml_v9_sub_55325029,v9,11,9,55325029,,90930803,0,1,0,1,-1,1,3,True,55330984,1005.9753,1004.8399,1009.3501,Kangaskhan / Crustle,4717e5f31ba694d4,2026-08-08T06:32:49.727247900Z
20260807_grimmsnarl_ml_v9_sub_55325029,v9,11,9,55325029,,90953877,1,0,0,-1,1,4,1,False,55342965,935.5613,1009.3501,1003.6936,Grimmsnarl (mirror),21c3f20980827cb2,2026-08-08T08:24:43.757626100Z
20260807_grimmsnarl_ml_v9_sub_55325029,v9,11,9,55325029,,90956484,1,0,0,-1,1,1,2,False,55342818,771.8615,1003.6936,994.9337,Grimmsnarl (mirror),9714ab5c3996f6cc,2026-08-08T08:36:41.115731700Z
20260808_grimmsnarl_ml_v11_a_sub55346539,v11a,12,11,55346539,,90966902,0,1,0,1,-1,1,5,True,55346539,,,,Grimmsnarl (mirror),9714ab5c3996f6cc,2026-08-08T09:25:13.857717100Z
20260808_grimmsnarl_ml_v11_a_sub55346539,v11a,12,11,55346539,,90966998,1,1,0,1,-1,6,5,False,55195808,532.1133,600.0,689.5587,Kangaskhan / Crustle,3af28d62ce913c80,2026-08-08T09:28:23.948434700Z
20260808_grimmsnarl_ml_v11_a_sub55346539,v11a,12,11,55346539,,90967834,1,1,0,1,-1,1,4,False,55265293,675.1604,689.5587,782.0636,Grimmsnarl (mirror),9714ab5c3996f6cc,2026-08-08T09:32:41.934135700Z
20260808_grimmsnarl_ml_v11_a_sub55346539,v11a,12,11,55346539,,90968664,1,0,0,-1,1,3,1,True,55266495,788.9377,782.0636,699.5278,Alakazam,7fa65817cc79c36c,2026-08-08T09:36:52.282182300Z
20260808_grimmsnarl_ml_v11_a_sub55346539,v11a,12,11,55346539,,90969502,1,0,0,-1,1,4,1,False,55345263,705.7654,699.5278,629.8792,Mega Lopunny / Froslass,a7ee29914c1dce64,2026-08-08T09:40:36.591690800Z
20260808_grimmsnarl_ml_v11_a_sub55346539,v11a,12,11,55346539,,90970351,1,1,0,1,-1,5,6,False,53797313,644.859,629.8792,693.7634,Mega Lucario,d05bff224d40b9c6,2026-08-08T09:44:21.337195700Z
20260808_grimmsnarl_ml_v11_a_sub55346539,v11a,12,11,55346539,,90971188,1,1,0,1,-1,3,6,True,55340720,712.9656,693.7634,747.2569,Archaludon,0bef8b29715ae7d8,2026-08-08T09:49:22.358710300Z
20260808_grimmsnarl_ml_v11_a_sub55346539,v11a,12,11,55346539,,90972023,1,1,0,1,-1,2,2,True,55335826,735.2076,747.2569,788.6559,Archaludon,2b6a7dd699d2b6a5,2026-08-08T09:52:30.792204600Z
20260808_grimmsnarl_ml_v11_a_sub55346539,v11a,12,11,55346539,,90972876,0,1,0,1,-1,1,4,True,55322078,767.0162,788.6559,823.8191,Grimmsnarl (mirror),9714ab5c3996f6cc,2026-08-08T09:56:48.702004600Z
20260808_grimmsnarl_ml_v11_a_sub55346539,v11a,12,11,55346539,,90973722,1,1,0,1,-1,1,4,False,54996997,777.5179,823.8191,852.4379,Grimmsnarl (mirror),9714ab5c3996f6cc,2026-08-08T10:00:47.880568800Z
20260808_grimmsnarl_ml_v11_a_sub55346539,v11a,12,11,55346539,,90974765,0,1,0,1,-1,2,4,True,55299977,823.7092,852.4379,879.9542,Grimmsnarl (mirror),9714ab5c3996f6cc,2026-08-08T10:04:37.499619600Z
20260808_grimmsnarl_ml_v11_a_sub55346539,v11a,12,11,55346539,,90975418,1,1,0,1,-1,1,2,False,55341460,846.4337,879.9542,904.3986,Mega Lucario,ab25dc60e2d87774,2026-08-08T10:10:15.521027600Z
20260808_grimmsnarl_ml_v11_a_sub55346539,v11a,12,11,55346539,,90976232,0,0,0,-1,1,1,1,True,55310866,870.6202,904.3986,876.0329,Grimmsnarl (mirror),9714ab5c3996f6cc,2026-08-08T10:12:36.637272500Z
20260808_grimmsnarl_ml_v11_a_sub55346539,v11a,12,11,55346539,,90976396,0,0,0,-1,1,2,1,True,55345107,826.7939,876.0329,849.2085,Alakazam,062d2bd9de2d4fea,2026-08-08T10:12:46.009082300Z
20260808_grimmsnarl_ml_v11_a_sub55346539,v11a,12,11,55346539,,90977106,0,1,0,1,-1,1,2,True,55057099,797.6965,849.2085,866.8759,Archaludon,b06eff2c4c282fc8,2026-08-08T10:16:27.964503100Z
20260808_grimmsnarl_ml_v11_a_sub55346539,v11a,12,11,55346539,,90977936,0,0,0,-1,1,2,2,True,54828762,877.8908,866.8759,847.6711,Kangaskhan / Crustle,4717e5f31ba694d4,2026-08-08T10:20:24.069765400Z
20260808_grimmsnarl_ml_v11_a_sub55346539,v11a,12,11,55346539,,90978791,0,0,0,-1,1,3,1,True,55285726,827.489,847.6711,827.6616,Grimmsnarl (mirror),9714ab5c3996f6cc,2026-08-08T10:24:38.118724Z
20260808_grimmsnarl_ml_v11_a_sub55346539,v11a,12,11,55346539,,90979636,1,1,0,1,-1,1,4,True,55335391,792.8589,827.6616,842.9867,Alakazam,7fa65817cc79c36c,2026-08-08T10:28:37.900656800Z
20260808_grimmsnarl_ml_v11_a_sub55346539,v11a,12,11,55346539,,90980482,1,1,0,1,-1,2,2,False,55338162,856.2116,842.9867,860.2154,Grimmsnarl (mirror),57961e5f51c03eaf,2026-08-08T10:32:35.611192100Z
20260808_grimmsnarl_ml_v11_a_sub55346539,v11a,12,11,55346539,,90981306,1,0,0,-1,1,3,2,False,55342980,883.2678,860.2154,845.9627,Alakazam,cc38cb450b86770a,2026-08-08T10:36:53.093480200Z
20260808_grimmsnarl_ml_v11_a_sub55346539,v11a,12,11,55346539,,90982153,1,1,0,1,-1,1,3,False,55125289,885.5526,845.9627,862.8852,Grimmsnarl (mirror),9714ab5c3996f6cc,2026-08-08T10:43:00.126690100Z
20260808_grimmsnarl_ml_v11_a_sub55346539,v11a,12,11,55346539,,90982985,1,0,0,-1,1,1,1,False,55339815,876.5095,862.8852,849.6126,Grimmsnarl (mirror),7e3c0462a3e618ac,2026-08-08T10:44:36.453783600Z
20260808_grimmsnarl_ml_v11_a_sub55346539,v11a,12,11,55346539,,90983845,0,0,0,-1,1,2,2,True,55210263,813.697,849.6126,834.5168,Alakazam,7fa65817cc79c36c,2026-08-08T10:49:04.024237700Z
20260808_grimmsnarl_ml_v11_a_sub55346539,v11a,12,11,55346539,,90984738,1,0,0,-1,1,3,1,False,55300836,752.6309,834.5168,817.886,Grimmsnarl (mirror),e6b03a4ec86a5aa7,2026-08-08T10:52:31.559738200Z
20260808_grimmsnarl_ml_v11_a_sub55346539,v11a,12,11,55346539,,90985549,0,1,0,1,-1,2,4,True,55325991,882.8318,817.886,832.9034,Grimmsnarl (mirror),9714ab5c3996f6cc,2026-08-08T10:56:45.417731400Z
20260808_grimmsnarl_ml_v11_a_sub55346539,v11a,12,11,55346539,,90986385,0,1,0,1,-1,6,6,True,53768154,368.9866,832.9034,833.569,other: Iono’s Bellibolt ex,282504e445a4d4fc,2026-08-08T11:00:20.798984400Z
20260808_grimmsnarl_ml_v11_a_sub55346539,v11a,12,11,55346539,,90987181,0,0,0,-1,1,4,1,True,55165806,923.4987,833.569,825.5392,Kangaskhan / Crustle,2f5a73c606b3d6fb,2026-08-08T11:04:30.094601100Z
20260808_grimmsnarl_ml_v11_a_sub55346539,v11a,12,11,55346539,,90988050,1,1,0,1,-1,2,5,False,55299977,819.9415,825.5392,836.3835,Grimmsnarl (mirror),9714ab5c3996f6cc,2026-08-08T11:08:28.340108800Z
20260808_grimmsnarl_ml_v11_a_sub55346539,v11a,12,11,55346539,,90988176,1,1,0,1,-1,2,6,True,55302772,765.5301,836.3835,844.4702,Archaludon,8a91ac9615393b02,2026-08-08T11:08:36.773538900Z
20260808_grimmsnarl_ml_v11_a_sub55346539,v11a,12,11,55346539,,90988895,1,1,0,1,-1,1,3,False,55312390,735.5578,844.4702,851.0951,Grimmsnarl (mirror),9714ab5c3996f6cc,2026-08-08T11:12:53.677527100Z
20260808_grimmsnarl_ml_v11_a_sub55346539,v11a,12,11,55346539,,90989719,0,1,0,1,-1,1,5,True,54115062,792.3505,851.0951,859.0732,Mega Lucario,c3c16f0e65487ad6,2026-08-08T11:16:37.459074300Z
20260808_grimmsnarl_ml_v11_a_sub55346539,v11a,12,11,55346539,,90990571,0,1,0,1,-1,4,6,True,54766334,802.069,859.0732,866.8522,other: Chandelure,f7143e7fe5d85257,2026-08-08T11:20:19.353586400Z
20260808_grimmsnarl_ml_v11_a_sub55346539,v11a,12,11,55346539,,90991395,0,1,0,1,-1,1,2,True,55327758,898.2692,866.8522,877.3159,Kangaskhan / Crustle,1eda048ea3581634,2026-08-08T11:24:50.994406900Z
20260808_grimmsnarl_ml_v11_a_sub55346539,v11a,12,11,55346539,,90992262,1,0,0,-1,1,4,1,False,55285747,886.84,877.3159,868.5698,Ogerpon,97df7a2a423da1d8,2026-08-08T11:29:10.398319400Z
20260808_grimmsnarl_ml_v11_a_sub55346539,v11a,12,11,55346539,,90993168,1,1,0,1,-1,1,4,True,55302405,777.8113,868.5698,874.6785,Mega Lucario,f40057d67efd0dc4,2026-08-08T11:32:36.705087200Z
20260808_grimmsnarl_ml_v11_a_sub55346539,v11a,12,11,55346539,,90993937,0,1,0,1,-1,2,3,True,54972308,767.7479,874.6785,880.2114,Archaludon,ebd4dbb270dce6a2,2026-08-08T11:36:27.679181700Z
20260808_grimmsnarl_ml_v11_a_sub55346539,v11a,12,11,55346539,,90994747,0,0,0,-1,1,6,2,True,55338472,796.2745,880.2114,869.2582,Mega Lucario,c3c16f0e65487ad6,2026-08-08T11:40:55.495810900Z
20260808_grimmsnarl_ml_v11_a_sub55346539,v11a,12,11,55346539,,90995594,1,1,0,1,-1,1,1,False,55337756,841.2098,869.2582,876.4928,Mega Lopunny / Froslass,a7ee29914c1dce64,2026-08-08T11:45:14.450037900Z
20260808_grimmsnarl_ml_v11_a_sub55346539,v11a,12,11,55346539,,90996414,1,0,0,-1,1,6,1,False,55340711,906.2089,876.4928,869.4976,Grimmsnarl (mirror),57961e5f51c03eaf,2026-08-08T11:48:30.861428500Z
20260808_grimmsnarl_ml_v11_a_sub55346539,v11a,12,11,55346539,,90997276,0,0,0,-1,1,4,1,True,55343066,914.5989,869.4976,863.0861,other: Conkeldurr,d9f935d23302a6f4,2026-08-08T11:52:28.086113200Z
20260808_grimmsnarl_ml_v11_a_sub55346539,v11a,12,11,55346539,,90997291,0,0,0,-1,1,4,1,True,55346274,944.3306,863.0861,857.7193,Kangaskhan / Crustle,9b415cc6bbdf6fd5,2026-08-08T11:53:03.447065700Z
20260808_grimmsnarl_ml_v11_a_sub55346539,v11a,12,11,55346539,,90998006,1,1,0,1,-1,2,3,True,55348215,870.6112,864.0825,871.1513,Dragapult,b07472198a708613,2026-08-08T11:56:27.356295300Z
20260808_grimmsnarl_ml_v11_a_sub55346539,v11a,12,11,55346539,,90998140,1,1,0,1,-1,1,1,False,55116102,822.1095,857.7193,864.0825,Mega Lucario,c3c16f0e65487ad6,2026-08-08T11:56:25.029029700Z
20260808_grimmsnarl_ml_v11_a_sub55346539,v11a,12,11,55346539,,90998973,0,1,0,1,-1,1,1,True,55338494,909.4571,871.1513,879.0465,Grimmsnarl (mirror),9714ab5c3996f6cc,2026-08-08T12:00:44.598556800Z
20260808_grimmsnarl_ml_v11_a_sub55346539,v11a,12,11,55346539,,90999700,1,0,0,-1,1,6,4,False,55282758,960.5943,879.0465,874.1646,Ogerpon,97df7a2a423da1d8,2026-08-08T12:05:09.607332400Z
20260808_grimmsnarl_ml_v11_b_sub55346548,v11b,13,11,55346548,,90966905,0,0,0,-1,1,4,1,True,55346548,,,,Grimmsnarl (mirror),9714ab5c3996f6cc,2026-08-08T09:25:56.287144700Z
20260808_grimmsnarl_ml_v11_b_sub55346548,v11b,13,11,55346548,,90967002,0,1,0,1,-1,1,5,True,54829186,507.4199,600.0,682.9906,Alakazam,f1d3141260974aca,2026-08-08T09:28:37.351265Z
20260808_grimmsnarl_ml_v11_b_sub55346548,v11b,13,11,55346548,,90967833,0,1,0,1,-1,1,4,True,55217329,730.394,682.9906,792.5662,Alakazam,65980f1c1e35b45d,2026-08-08T09:32:43.481450300Z
20260808_grimmsnarl_ml_v11_b_sub55346548,v11b,13,11,55346548,,90968659,1,1,0,1,-1,1,3,False,55297280,911.6589,792.5662,907.9727,Grimmsnarl (mirror),9714ab5c3996f6cc,2026-08-08T09:36:25.002196400Z
20260808_grimmsnarl_ml_v11_b_sub55346548,v11b,13,11,55346548,,90969500,1,1,0,1,-1,1,4,False,55330990,834.0184,907.9727,965.005,Dragapult,202ee2cec6cbe8b4,2026-08-08T09:40:33.100153200Z
20260808_grimmsnarl_ml_v11_b_sub55346548,v11b,13,11,55346548,,90970334,1,0,0,-1,1,1,2,False,55308522,979.9063,965.005,906.7884,Alakazam,cc38cb450b86770a,2026-08-08T09:45:50.050747200Z
20260808_grimmsnarl_ml_v11_b_sub55346548,v11b,13,11,55346548,,90971178,1,0,0,-1,1,2,2,False,55326249,637.1539,906.7884,805.4681,Dipplin,b957f91298535456,2026-08-08T09:48:33.436792800Z
20260808_grimmsnarl_ml_v11_b_sub55346548,v11b,13,11,55346548,,90972020,0,0,0,-1,1,3,6,True,55345320,764.3528,805.4681,759.14,Ogerpon,4366d74aac2802b6,2026-08-08T09:52:53.697259600Z
20260808_grimmsnarl_ml_v11_b_sub55346548,v11b,13,11,55346548,,90972881,1,1,0,1,-1,1,4,False,55236170,726.0548,759.14,791.6537,Grimmsnarl (mirror),cc44d7c5ed50a69d,2026-08-08T09:56:36.657304700Z
20260808_grimmsnarl_ml_v11_b_sub55346548,v11b,13,11,55346548,,90973721,0,1,0,1,-1,2,5,True,55065113,717.6337,791.6537,816.5592,other: Team Rocket's Mewtwo ex,8b1b18f9f28586cd,2026-08-08T10:00:32.531566500Z
20260808_grimmsnarl_ml_v11_b_sub55346548,v11b,13,11,55346548,,90974662,0,1,0,1,-1,1,6,True,55330825,852.284,816.5592,849.9133,Grimmsnarl (mirror),9714ab5c3996f6cc,2026-08-08T10:04:31.904468900Z
20260808_grimmsnarl_ml_v11_b_sub55346548,v11b,13,11,55346548,,90975423,0,1,0,1,-1,2,4,True,55164750,910.1969,849.9133,882.4304,Grimmsnarl (mirror),21c3f20980827cb2,2026-08-08T10:08:46.515446600Z
20260808_grimmsnarl_ml_v11_b_sub55346548,v11b,13,11,55346548,,90976238,0,0,0,-1,1,6,1,True,55333182,915.0074,882.4304,860.8318,Grimmsnarl (mirror),8fd897aeb0a4c7f3,2026-08-08T10:13:08.077309800Z
20260808_grimmsnarl_ml_v11_b_sub55346548,v11b,13,11,55346548,,90977098,0,1,0,1,-1,1,4,True,55282996,824.7166,860.8318,880.5399,Grimmsnarl (mirror),9714ab5c3996f6cc,2026-08-08T10:19:09.066824900Z
20260808_grimmsnarl_ml_v11_b_sub55346548,v11b,13,11,55346548,,90977934,0,1,0,1,-1,1,1,True,54447280,834.3579,880.5399,898.1811,Alakazam,5fdb3dadf34b9e2e,2026-08-08T10:20:45.513125300Z
20260808_grimmsnarl_ml_v11_b_sub55346548,v11b,13,11,55346548,,90978769,1,1,0,1,-1,2,4,False,55335877,917.3613,898.1811,919.0363,Alakazam,cc38cb450b86770a,2026-08-08T10:24:32.941247900Z
20260808_grimmsnarl_ml_v11_b_sub55346548,v11b,13,11,55346548,,90979617,1,1,0,1,-1,1,2,False,55324245,865.2072,919.0363,933.9633,Grimmsnarl (mirror),9714ab5c3996f6cc,2026-08-08T10:28:52.495192900Z
20260808_grimmsnarl_ml_v11_b_sub55346548,v11b,13,11,55346548,,90980731,0,1,0,1,-1,1,3,True,55185989,906.8529,933.9633,949.5783,Alakazam,cc38cb450b86770a,2026-08-08T10:32:35.813880500Z
20260808_grimmsnarl_ml_v11_b_sub55346548,v11b,13,11,55346548,,90981288,0,1,0,1,-1,2,3,True,55332388,905.5773,949.5783,963.403,Grimmsnarl (mirror),058028efa42fe6eb,2026-08-08T10:36:51.078889500Z
20260808_grimmsnarl_ml_v11_b_sub55346548,v11b,13,11,55346548,,90982129,0,0,0,-1,1,5,1,True,55218119,975.1248,963.403,948.6023,Grimmsnarl (mirror),9714ab5c3996f6cc,2026-08-08T10:40:42.907269Z
20260808_grimmsnarl_ml_v11_b_sub55346548,v11b,13,11,55346548,,90982965,1,0,0,-1,1,5,2,False,55343179,869.8942,948.6023,929.7465,Grimmsnarl (mirror),9714ab5c3996f6cc,2026-08-08T10:44:31.378414100Z
20260808_grimmsnarl_ml_v11_b_sub55346548,v11b,13,11,55346548,,90983185,1,0,0,-1,1,3,1,False,55339609,953.7091,929.7465,917.1036,Alakazam,cc38cb450b86770a,2026-08-08T10:44:44.625005Z
20260808_grimmsnarl_ml_v11_b_sub55346548,v11b,13,11,55346548,,90983793,0,1,0,1,-1,2,5,True,55341317,904.4461,917.1036,929.6832,Grimmsnarl (mirror),9714ab5c3996f6cc,2026-08-08T10:48:31.642214200Z
20260808_grimmsnarl_ml_v11_b_sub55346548,v11b,13,11,55346548,,90984671,1,1,0,1,-1,2,4,False,55311691,909.7487,929.6832,941.4189,Grimmsnarl (mirror),9714ab5c3996f6cc,2026-08-08T10:52:49.173024200Z
20260808_grimmsnarl_ml_v11_b_sub55346548,v11b,13,11,55346548,,90985526,1,1,0,1,-1,1,4,False,55283964,872.6149,941.4189,950.6938,Grimmsnarl (mirror),9714ab5c3996f6cc,2026-08-08T10:56:54.945299Z
20260808_grimmsnarl_ml_v11_b_sub55346548,v11b,13,11,55346548,,90986355,0,0,0,-1,1,5,1,True,55344264,923.6941,950.6938,937.9741,Grimmsnarl (mirror),9714ab5c3996f6cc,2026-08-08T11:00:43.233130200Z
20260808_grimmsnarl_ml_v11_b_sub55346548,v11b,13,11,55346548,,90987243,0,0,0,-1,1,2,1,True,54999418,943.5528,937.9741,927.0417,Alakazam,cc38cb450b86770a,2026-08-08T11:05:00.106454600Z
20260808_grimmsnarl_ml_v11_b_sub55346548,v11b,13,11,55346548,,90988032,1,1,0,1,-1,1,1,False,55293625,827.5246,927.0417,934.2456,Alakazam,a665414222aea434,2026-08-08T11:09:17.941110800Z
20260808_grimmsnarl_ml_v11_b_sub55346548,v11b,13,11,55346548,,90988870,1,1,0,1,-1,1,2,False,55344432,847.5636,934.2456,941.5991,Grimmsnarl (mirror),9714ab5c3996f6cc,2026-08-08T11:12:43.011796Z
20260808_grimmsnarl_ml_v11_b_sub55346548,v11b,13,11,55346548,,90989700,0,1,0,1,-1,1,4,True,55206623,985.2466,941.5991,953.3084,Grimmsnarl (mirror),57961e5f51c03eaf,2026-08-08T11:18:03.177070500Z
20260808_grimmsnarl_ml_v11_b_sub55346548,v11b,13,11,55346548,,90990539,0,1,0,1,-1,2,4,True,55309596,885.2556,953.3084,960.7557,Alakazam,cc38cb450b86770a,2026-08-08T11:20:42.279396600Z
20260808_grimmsnarl_ml_v11_b_sub55346548,v11b,13,11,55346548,,90991369,0,0,0,-1,1,3,1,True,55338009,953.7996,960.7557,951.1266,other: Hydrapple ex,b97e551a32cdc3a8,2026-08-08T11:24:33.826067100Z
20260808_grimmsnarl_ml_v11_b_sub55346548,v11b,13,11,55346548,,90992238,0,1,0,1,-1,1,2,True,55341051,940.5476,951.1266,959.8473,Grimmsnarl (mirror),dd85e3c9f892f55b,2026-08-08T11:28:49.565397900Z
20260808_grimmsnarl_ml_v11_b_sub55346548,v11b,13,11,55346548,,90992939,1,0,0,-1,1,1,1,False,55348102,977.766,951.6349,944.311,other: Team Rocket's Mewtwo ex,d0433f91b280a9c9,2026-08-08T11:37:38.275840600Z
20260808_grimmsnarl_ml_v11_b_sub55346548,v11b,13,11,55346548,,90993900,1,0,0,-1,1,2,1,False,55239557,978.7245,959.8473,951.6349,Kangaskhan / Crustle,9b415cc6bbdf6fd5,2026-08-08T11:36:57.386968400Z
20260808_grimmsnarl_ml_v11_b_sub55346548,v11b,13,11,55346548,,90994738,0,1,0,1,-1,1,1,True,55312501,908.3339,944.311,951.5786,Mega Lopunny / Froslass,a7ee29914c1dce64,2026-08-08T11:40:49.970930600Z
20260808_grimmsnarl_ml_v11_b_sub55346548,v11b,13,11,55346548,,90995569,0,1,0,1,-1,2,1,True,55337046,884.9943,951.5786,957.8066,Archaludon,027734010940579e,2026-08-08T11:44:40.297003500Z
20260808_grimmsnarl_ml_v11_b_sub55346548,v11b,13,11,55346548,,90996380,1,0,0,-1,1,2,1,False,55331709,975.4136,957.8066,950.4179,Alakazam,cc38cb450b86770a,2026-08-08T11:48:43.207168700Z
20260808_grimmsnarl_ml_v11_b_sub55346548,v11b,13,11,55346548,,90997252,1,0,0,-1,1,1,2,False,55288611,833.8442,950.4179,939.2353,Alakazam,cc38cb450b86770a,2026-08-08T11:52:59.424045700Z
20260808_grimmsnarl_ml_v11_b_sub55346548,v11b,13,11,55346548,,90998110,0,1,0,1,-1,1,2,True,55337425,1009.0216,939.2353,948.6296,Alakazam,799b6ebcae3e8343,2026-08-08T11:57:04.661254800Z
20260808_grimmsnarl_ml_v11_b_sub55346548,v11b,13,11,55346548,,90998942,0,0,0,-1,1,1,1,True,55309201,953.5377,948.6296,941.5441,Mega Lopunny / Froslass,a7ee29914c1dce64,2026-08-08T12:03:01.897996600Z
20260808_grimmsnarl_ml_v11_b_sub55346548,v11b,13,11,55346548,,90999851,1,1,0,1,-1,3,1,False,55344361,945.5581,941.5441,948.6466,Kangaskhan / Crustle,cf8fcd7f8faf7330,2026-08-08T12:04:45.408926800Z
20260808_grimmsnarl_ml_v11_b_sub55346548,v11b,13,11,55346548,,91000625,0,1,0,1,-1,2,2,True,55339700,954.3223,948.6466,955.633,Mega Lucario,05f854e1b3b3ba0f,2026-08-08T12:09:43.468536300Z
20260808_grimmsnarl_ml_v11_b_sub55346548,v11b,13,11,55346548,,91001515,1,0,0,-1,1,3,1,False,55341051,935.3278,955.633,948.4661,Grimmsnarl (mirror),dd85e3c9f892f55b,2026-08-08T12:12:38.723660800Z
20260808_grimmsnarl_ml_v11_b_sub55346548,v11b,13,11,55346548,,91002409,1,0,0,-1,1,1,1,False,55344485,982.3944,948.4661,942.7476,Alakazam,cc38cb450b86770a,2026-08-08T12:16:43.091130100Z
20260808_grimmsnarl_ml_v11_b_sub55346548,v11b,13,11,55346548,,91003155,1,0,0,-1,1,1,2,False,55338707,918.3291,942.7476,935.8088,Alakazam,cc38cb450b86770a,2026-08-08T12:20:43.960123Z
20260809_grimmsnarl_ml_v11_sub55353978,v11,14,11,55353978,950.3,91039658,0,0,0,-1,1,3,2,True,55353978,,,,Grimmsnarl (mirror),9714ab5c3996f6cc,2026-08-08T15:14:17.144555300Z
20260809_grimmsnarl_ml_v11_sub55353978,v11,14,11,55353978,950.3,91039764,1,1,0,1,-1,3,2,False,54382549,588.1397,600.0,705.3165,Mega Lucario,d05bff224d40b9c6,2026-08-08T15:16:39.875507200Z
20260809_grimmsnarl_ml_v11_sub55353978,v11,14,11,55353978,950.3,91040599,0,1,0,1,-1,2,4,True,54936792,443.6857,705.3165,743.63,other: Mega Abomasnow ex,21a8d1d9f7bd7079,2026-08-08T15:20:28.929229800Z
20260809_grimmsnarl_ml_v11_sub55353978,v11,14,11,55353978,950.3,91041469,1,1,0,1,-1,1,6,True,54968232,533.4002,743.63,783.9343,Alakazam,cc38cb450b86770a,2026-08-08T15:27:53.304833600Z
20260809_grimmsnarl_ml_v11_sub55353978,v11,14,11,55353978,950.3,91042303,1,1,0,1,-1,1,5,True,54990815,710.4833,783.9343,841.1215,Archaludon,0bef8b29715ae7d8,2026-08-08T15:28:37.416191Z
20260809_grimmsnarl_ml_v11_sub55353978,v11,14,11,55353978,950.3,91043161,0,0,0,-1,1,3,2,True,55351271,889.3953,841.1215,789.2454,Grimmsnarl (mirror),9714ab5c3996f6cc,2026-08-08T15:32:53.730459Z
20260809_grimmsnarl_ml_v11_sub55353978,v11,14,11,55353978,950.3,91044019,0,1,0,1,-1,1,2,True,55343978,813.0737,789.2454,844.7321,Dragapult,202ee2cec6cbe8b4,2026-08-08T15:36:53.387317500Z
20260809_grimmsnarl_ml_v11_sub55353978,v11,14,11,55353978,950.3,91044843,1,1,0,1,-1,1,2,False,55329404,889.9401,844.7321,895.3634,Mega Lopunny / Froslass,a7ee29914c1dce64,2026-08-08T15:41:08.228886900Z
20260809_grimmsnarl_ml_v11_sub55353978,v11,14,11,55353978,950.3,91045693,0,1,0,1,-1,1,3,True,55341207,857.2283,866.6684,899.581,Grimmsnarl (mirror),9714ab5c3996f6cc,2026-08-08T15:51:40.248533500Z
20260809_grimmsnarl_ml_v11_sub55353978,v11,14,11,55353978,950.3,91046525,1,0,0,-1,1,4,1,False,55334203,973.0723,895.3634,866.6684,Ogerpon,97df7a2a423da1d8,2026-08-08T15:51:38.552486900Z
20260809_grimmsnarl_ml_v11_sub55353978,v11,14,11,55353978,950.3,91047375,0,1,0,1,-1,1,5,True,54581327,389.0098,899.581,901.0453,other: Team Rocket's Mewtwo ex,0212d06cc057d974,2026-08-08T15:52:31.522300400Z
20260809_grimmsnarl_ml_v11_sub55353978,v11,14,11,55353978,950.3,91048222,1,1,0,1,-1,1,6,True,55350440,872.1138,901.0453,928.1638,other: Chandelure,042a063b63c06bc0,2026-08-08T15:56:40.305502200Z
20260809_grimmsnarl_ml_v11_sub55353978,v11,14,11,55353978,950.3,91049071,1,0,0,-1,1,1,1,False,55308389,886.1799,928.1638,896.6247,other: N’s Zoroark ex,2e0363d29c42e4ac,2026-08-08T16:01:10.363999200Z
20260809_grimmsnarl_ml_v11_sub55353978,v11,14,11,55353978,950.3,91049954,1,1,0,1,-1,1,4,False,55016770,837.3732,896.6247,916.6812,Alakazam,cc38cb450b86770a,2026-08-08T16:05:06.952947900Z
20260809_grimmsnarl_ml_v11_sub55353978,v11,14,11,55353978,950.3,91050777,0,0,0,-1,1,5,6,True,55274129,906.6406,916.6812,892.7737,other: Brambleghast,5acd0e1893c52a79,2026-08-08T16:08:45.415622400Z
20260809_grimmsnarl_ml_v11_sub55353978,v11,14,11,55353978,950.3,91051556,1,0,0,-1,1,3,2,False,55301914,892.5018,892.7737,871.4254,Grimmsnarl (mirror),21c3f20980827cb2,2026-08-08T16:12:52.605751300Z
20260809_grimmsnarl_ml_v11_sub55353978,v11,14,11,55353978,950.3,91052492,1,0,0,-1,1,1,1,False,55335500,838.0091,871.4254,849.2867,Grimmsnarl (mirror),9714ab5c3996f6cc,2026-08-08T16:16:48.141899100Z
20260809_grimmsnarl_ml_v11_sub55353978,v11,14,11,55353978,950.3,91053382,0,1,0,1,-1,1,1,True,55304910,880.3103,849.2867,869.8111,Grimmsnarl (mirror),98602045f4ac7b52,2026-08-08T16:20:51.915080700Z
20260809_grimmsnarl_ml_v11_sub55353978,v11,14,11,55353978,950.3,91054222,1,1,0,1,-1,2,4,False,55298979,862.273,869.8111,886.6256,Alakazam,b1f287b8d98881f8,2026-08-08T16:24:38.497544200Z
20260809_grimmsnarl_ml_v11_sub55353978,v11,14,11,55353978,950.3,91055080,0,1,0,1,-1,2,4,True,55325271,797.6528,886.6256,898.1479,Grimmsnarl (mirror),9714ab5c3996f6cc,2026-08-08T16:28:51.537670Z
20260809_grimmsnarl_ml_v11_sub55353978,v11,14,11,55353978,950.3,91055907,1,1,0,1,-1,2,4,False,54977106,910.6637,898.1479,914.3566,Grimmsnarl (mirror),9714ab5c3996f6cc,2026-08-08T16:33:46.276020Z
20260809_grimmsnarl_ml_v11_sub55353978,v11,14,11,55353978,950.3,91056767,0,1,0,1,-1,1,4,True,55264838,806.0826,914.3566,923.8905,Grimmsnarl (mirror),57961e5f51c03eaf,2026-08-08T16:36:55.291112200Z
20260809_grimmsnarl_ml_v11_sub55353978,v11,14,11,55353978,950.3,91057616,0,1,0,1,-1,1,3,True,55338494,921.5219,923.8905,937.8494,Grimmsnarl (mirror),9714ab5c3996f6cc,2026-08-08T16:40:58.547669Z
20260809_grimmsnarl_ml_v11_sub55353978,v11,14,11,55353978,950.3,91058465,1,1,0,1,-1,1,1,False,55321942,955.4611,937.8494,952.1058,Alakazam,cc38cb450b86770a,2026-08-08T16:44:44.443363800Z
20260809_grimmsnarl_ml_v11_sub55353978,v11,14,11,55353978,950.3,91059336,0,0,0,-1,1,3,1,True,55210578,902.8652,952.1058,937.0084,Mega Lucario,0e2495856d2afa59,2026-08-08T16:48:40.372714800Z
20260809_grimmsnarl_ml_v11_sub55353978,v11,14,11,55353978,950.3,91060278,1,1,0,1,-1,1,4,False,55298213,891.8835,937.0084,947.2786,Grimmsnarl (mirror),9714ab5c3996f6cc,2026-08-08T16:52:48.986865500Z
20260809_grimmsnarl_ml_v11_sub55353978,v11,14,11,55353978,950.3,91061090,1,1,0,1,-1,2,3,False,55309201,967.3697,947.2786,959.8237,Mega Lopunny / Froslass,a7ee29914c1dce64,2026-08-08T16:56:59.047903800Z
20260809_grimmsnarl_ml_v11_sub55353978,v11,14,11,55353978,950.3,91061966,1,0,0,-1,1,2,2,False,55345031,954.3812,959.8237,948.4291,Grimmsnarl (mirror),4c6939852c25e972,2026-08-08T17:00:49.029195500Z
20260809_grimmsnarl_ml_v11_sub55353978,v11,14,11,55353978,950.3,91062724,1,0,0,-1,1,6,1,False,55343796,994.1147,948.4291,939.37,other: Mega Venusaur ex,8f59152d1c10d1a2,2026-08-08T17:04:48.773508100Z
20260809_grimmsnarl_ml_v11_sub55353978,v11,14,11,55353978,950.3,91063732,1,1,0,1,-1,1,6,False,55355380,954.255,939.37,949.6597,other: Chandelure,b2258bbfc5a4bbbd,2026-08-08T17:08:52.851576400Z
20260809_grimmsnarl_ml_v11_sub55353978,v11,14,11,55353978,950.3,91064644,0,0,0,-1,1,1,2,True,55315901,1024.1918,949.6597,942.1475,Grimmsnarl (mirror),9714ab5c3996f6cc,2026-08-08T17:13:26.945061600Z
20260809_grimmsnarl_ml_v11_sub55353978,v11,14,11,55353978,950.3,91065478,0,0,0,-1,1,3,1,True,55266418,868.7204,942.1475,929.6952,Grimmsnarl (mirror),9714ab5c3996f6cc,2026-08-08T17:16:44.370123600Z
20260809_grimmsnarl_ml_v11_sub55353978,v11,14,11,55353978,950.3,91066362,1,1,0,1,-1,1,2,True,55313979,791.7715,929.6952,934.9492,Archaludon,2b6a7dd699d2b6a5,2026-08-08T17:20:37.526048200Z
20260809_grimmsnarl_ml_v11_sub55353978,v11,14,11,55353978,950.3,91067113,0,0,0,-1,1,4,1,True,55355249,982.1558,934.9976,927.5543,Alakazam,cc38cb450b86770a,2026-08-08T17:24:42.163689900Z
20260809_grimmsnarl_ml_v11_sub55353978,v11,14,11,55353978,950.3,91067234,0,1,0,1,-1,6,5,True,53852221,269.1081,934.9492,934.9976,other: Mega Abomasnow ex,058483444a8e63dc,2026-08-08T17:24:26.745463500Z
20260809_grimmsnarl_ml_v11_sub55353978,v11,14,11,55353978,950.3,91068110,0,1,0,1,-1,1,6,True,55343898,886.3138,927.5543,935.1319,Dragapult,ef7948bdbdd0cf89,2026-08-08T17:28:41.241382400Z
20260809_grimmsnarl_ml_v11_sub55353978,v11,14,11,55353978,950.3,91068998,1,0,0,-1,1,2,1,False,55348111,950.1305,926.9853,919.3392,Grimmsnarl (mirror),9714ab5c3996f6cc,2026-08-08T17:38:59.276226900Z
20260809_grimmsnarl_ml_v11_sub55353978,v11,14,11,55353978,950.3,91069873,0,0,0,-1,1,5,1,True,55338009,950.4107,935.1319,926.9853,other: Hydrapple ex,b97e551a32cdc3a8,2026-08-08T17:36:38.948968600Z
20260809_grimmsnarl_ml_v11_sub55353978,v11,14,11,55353978,950.3,91070817,1,0,0,-1,1,5,2,False,55218719,946.6889,919.3392,912.0021,Grimmsnarl (mirror),9714ab5c3996f6cc,2026-08-08T17:41:25.029903Z
20260809_grimmsnarl_ml_v11_sub55353978,v11,14,11,55353978,950.3,91071641,0,1,0,1,-1,2,3,True,55275264,873.8127,912.0021,918.8427,Kangaskhan / Crustle,20bc24847121c967,2026-08-08T17:46:02.818493900Z
20260809_grimmsnarl_ml_v11_sub55353978,v11,14,11,55353978,950.3,91072524,0,1,0,1,-1,3,4,True,55342654,600.4342,918.8427,920.3102,Archaludon,1a5a0c5b50e7199e,2026-08-08T17:48:44.461467800Z
20260809_grimmsnarl_ml_v11_sub55353978,v11,14,11,55353978,950.3,91073397,0,1,0,1,-1,1,1,True,54735721,891.4477,920.3102,927.1451,Alakazam,5fdb3dadf34b9e2e,2026-08-08T17:52:52.173164900Z
20260809_grimmsnarl_ml_v11_sub55353978,v11,14,11,55353978,950.3,91074268,1,1,0,1,-1,1,2,False,55273229,944.0249,927.1451,935.0232,Grimmsnarl (mirror),9714ab5c3996f6cc,2026-08-08T17:57:09.284240400Z
20260809_grimmsnarl_ml_v11_sub55353978,v11,14,11,55353978,950.3,91075155,0,1,0,1,-1,2,6,True,55341180,937.3297,935.0232,942.2972,other: Cynthia's Garchomp ex,daff2ed17de6145d,2026-08-08T18:00:52.189014600Z
20260809_grimmsnarl_ml_v11_sub55353978,v11,14,11,55353978,950.3,91076041,0,1,0,1,-1,1,2,True,53778367,618.366,942.2972,943.5687,Mega Lucario,d05bff224d40b9c6,2026-08-08T18:04:39.473251300Z
20260809_grimmsnarl_ml_v11_sub55353978,v11,14,11,55353978,950.3,91076923,0,0,0,-1,1,5,2,True,55338039,888.5235,943.5687,935.1526,Kangaskhan / Crustle,9b415cc6bbdf6fd5,2026-08-08T18:08:57.219018600Z
20260809_grimmsnarl_ml_v11_sub55353978,v11,14,11,55353978,950.3,91083056,0,1,0,1,-1,1,1,True,55321942,954.2939,935.1526,942.4108,Alakazam,cc38cb450b86770a,2026-08-08T18:36:43.119603600Z
20260809_grimmsnarl_ml_v11_sub55353978,v11,14,11,55353978,950.3,91087457,1,0,0,-1,1,2,1,False,55297537,871.0736,942.4108,933.9941,Alakazam,94e933399d1571c9,2026-08-08T18:56:44.721345200Z
20260809_grimmsnarl_ml_v11_sub55353978,v11,14,11,55353978,950.3,91093229,1,0,0,-1,1,4,1,False,55357239,957.9581,933.9941,928.2607,Dipplin,c7ae51a29658c935,2026-08-08T19:24:38.668689Z
20260809_grimmsnarl_ml_v11_sub55353978,v11,14,11,55353978,950.3,91099622,1,0,0,-1,1,3,2,False,55357830,917.7431,928.2607,921.9471,Grimmsnarl (mirror),9714ab5c3996f6cc,2026-08-08T19:59:27.200046700Z
20260809_grimmsnarl_ml_v11_sub55353978,v11,14,11,55353978,950.3,91105700,1,1,0,1,-1,4,2,False,55290504,843.5866,921.9471,926.469,Kangaskhan / Crustle,9b415cc6bbdf6fd5,2026-08-08T20:21:00.856659900Z
20260809_grimmsnarl_ml_v11_sub55353978,v11,14,11,55353978,950.3,91110103,1,1,0,1,-1,4,4,False,55347203,913.2072,926.469,932.2193,Kangaskhan / Crustle,9b415cc6bbdf6fd5,2026-08-08T20:41:00.316660700Z
20260809_grimmsnarl_ml_v11_sub55353978,v11,14,11,55353978,950.3,91114484,0,1,0,1,-1,1,2,True,55329424,874.3545,932.2193,936.9516,Grimmsnarl (mirror),9714ab5c3996f6cc,2026-08-08T21:00:54.370760600Z
20260809_grimmsnarl_ml_v11_sub55353978,v11,14,11,55353978,950.3,91118844,0,0,0,-1,1,1,2,True,55321893,894.7199,936.9516,930.2188,Grimmsnarl (mirror),9714ab5c3996f6cc,2026-08-08T21:20:47.994333200Z
20260809_grimmsnarl_ml_v11_sub55353978,v11,14,11,55353978,950.3,91124031,0,1,0,1,-1,1,5,True,55354948,960.157,930.2188,936.5148,Alakazam,cc38cb450b86770a,2026-08-08T21:44:43.778498Z
20260809_grimmsnarl_ml_v11_sub55353978,v11,14,11,55353978,950.3,91132779,1,1,0,1,-1,4,6,False,55342916,798.5627,936.5148,939.6069,Kangaskhan / Crustle,1eda048ea3581634,2026-08-08T22:25:40.561204400Z
20260809_grimmsnarl_ml_v11_sub55353978,v11,14,11,55353978,950.3,91135963,1,0,0,-1,1,3,1,False,55360991,950.4373,939.6069,934.5641,Alakazam,cc38cb450b86770a,2026-08-08T22:41:18.171793300Z
20260809_grimmsnarl_ml_v11_sub55353978,v11,14,11,55353978,950.3,91146724,0,1,0,1,-1,1,1,True,55351938,939.9236,934.5641,940.041,other: Cynthia's Garchomp ex,e7490b8426aeeb65,2026-08-08T23:29:02.688902400Z
20260809_grimmsnarl_ml_v11_sub55353978,v11,14,11,55353978,950.3,91156473,1,1,0,1,-1,1,3,False,55360276,918.8074,940.041,944.8901,Alakazam,e452d606e1029229,2026-08-09T00:13:01.166342600Z
20260809_grimmsnarl_ml_v11_sub55353978,v11,14,11,55353978,950.3,91157346,1,1,0,1,-1,1,2,False,55360344,962.4888,944.8901,950.3784,Alakazam,cc38cb450b86770a,2026-08-09T00:23:29.726124500Z
20260809_grimmsnarl_ml_v12_a_sub55373676,v12a,15,12,55373676,914.8,91275309,0,1,0,1,-1,2,2,True,55373676,,,,Grimmsnarl (mirror),9714ab5c3996f6cc,2026-08-09T09:10:32.193719500Z
20260809_grimmsnarl_ml_v12_a_sub55373676,v12a,15,12,55373676,914.8,91275411,1,1,0,1,-1,4,6,False,54250336,517.2435,600.0,685.5749,Archaludon,1a5a0c5b50e7199e,2026-08-09T09:12:55.074912Z
20260809_grimmsnarl_ml_v12_a_sub55373676,v12a,15,12,55373676,914.8,91276327,0,1,0,1,-1,1,6,True,54845282,723.4097,685.5749,792.4294,Mega Lucario,2c6888fd1555f578,2026-08-09T09:16:56.021765800Z
20260809_grimmsnarl_ml_v12_a_sub55373676,v12a,15,12,55373676,914.8,91277219,1,1,0,1,-1,2,3,False,55370387,848.6248,792.4294,890.2604,Grimmsnarl (mirror),9714ab5c3996f6cc,2026-08-09T09:20:57.883764600Z
20260809_grimmsnarl_ml_v12_a_sub55373676,v12a,15,12,55373676,914.8,91278114,1,0,0,-1,1,4,1,False,53958892,627.5684,890.2604,752.4754,Kangaskhan / Crustle,8699caf3aa4618d1,2026-08-09T09:24:46.050419Z
20260809_grimmsnarl_ml_v12_a_sub55373676,v12a,15,12,55373676,914.8,91279034,0,0,0,-1,1,2,3,True,55370944,797.7562,752.4754,700.1433,Kangaskhan / Crustle,d8e9c2a36e0e4dea,2026-08-09T09:31:21.422950800Z
20260809_grimmsnarl_ml_v12_a_sub55373676,v12a,15,12,55373676,914.8,91279934,0,1,0,1,-1,1,4,True,55352897,733.6642,700.1433,757.3207,Alakazam,a665414222aea434,2026-08-09T09:35:23.311687400Z
20260809_grimmsnarl_ml_v12_a_sub55373676,v12a,15,12,55373676,914.8,91280832,0,1,0,1,-1,2,5,True,55368636,684.8774,757.3207,791.0875,Grimmsnarl (mirror),9714ab5c3996f6cc,2026-08-09T09:36:54.458759Z
20260809_grimmsnarl_ml_v12_a_sub55373676,v12a,15,12,55373676,914.8,91281726,0,0,0,-1,1,1,2,True,55224945,708.3184,791.0875,740.9491,other: Cynthia's Garchomp ex,daff2ed17de6145d,2026-08-09T09:40:56.233878900Z
20260809_grimmsnarl_ml_v12_a_sub55373676,v12a,15,12,55373676,914.8,91282641,1,1,0,1,-1,3,5,False,53840507,674.7958,740.9491,767.6286,Mega Lucario,d05bff224d40b9c6,2026-08-09T09:44:46.356875500Z
20260809_grimmsnarl_ml_v12_a_sub55373676,v12a,15,12,55373676,914.8,91283540,1,1,0,1,-1,1,4,True,54906020,788.5727,767.6286,800.4939,Alakazam,65980f1c1e35b45d,2026-08-09T09:49:10.995825500Z
20260809_grimmsnarl_ml_v12_a_sub55373676,v12a,15,12,55373676,914.8,91284386,1,1,0,1,-1,1,3,True,55313475,753.2813,800.4939,823.8027,Archaludon,0bef8b29715ae7d8,2026-08-09T09:52:52.853349900Z
20260809_grimmsnarl_ml_v12_a_sub55373676,v12a,15,12,55373676,914.8,91285355,1,1,0,1,-1,2,6,False,54208072,343.7223,823.8027,825.3067,other: Iron Thorns ex,c5b7c20e924423d7,2026-08-09T09:56:51.792643400Z
20260809_grimmsnarl_ml_v12_a_sub55373676,v12a,15,12,55373676,914.8,91286266,1,1,0,1,-1,2,5,True,55374110,743.2461,825.3067,842.6676,Alakazam,cc38cb450b86770a,2026-08-09T10:01:19.683895300Z
20260809_grimmsnarl_ml_v12_a_sub55373676,v12a,15,12,55373676,914.8,91287225,0,1,0,1,-1,2,5,True,55353621,852.7244,842.6676,867.0065,Dragapult,cc6eb9755443c990,2026-08-09T10:04:44.148056Z
20260809_grimmsnarl_ml_v12_a_sub55373676,v12a,15,12,55373676,914.8,91288060,1,1,0,1,-1,1,2,False,54649246,845.1047,867.0065,887.0805,other: Cynthia's Garchomp ex,daff2ed17de6145d,2026-08-09T10:14:13.292309500Z
20260809_grimmsnarl_ml_v12_a_sub55373676,v12a,15,12,55373676,914.8,91289018,1,0,0,-1,1,2,2,False,55363553,875.8228,905.5789,884.7219,Grimmsnarl (mirror),e9faaa55b3bb53dd,2026-08-09T10:20:52.304291Z
20260809_grimmsnarl_ml_v12_a_sub55373676,v12a,15,12,55373676,914.8,91289868,1,1,0,1,-1,3,3,False,55370400,864.2569,887.0805,905.5789,other: Mega Sharpedo ex,c0b47fd040a0c18b,2026-08-09T10:16:47.561313200Z
20260809_grimmsnarl_ml_v12_a_sub55373676,v12a,15,12,55373676,914.8,91290748,1,1,0,1,-1,1,3,False,55368181,819.1974,884.7219,898.4702,Grimmsnarl (mirror),9714ab5c3996f6cc,2026-08-09T10:21:09.164289500Z
20260809_grimmsnarl_ml_v12_a_sub55373676,v12a,15,12,55373676,914.8,91291657,0,1,0,1,-1,2,2,True,55368676,916.6562,898.4702,916.2129,Dragapult,88178fe3caaa9973,2026-08-09T10:24:57.899277500Z
20260809_grimmsnarl_ml_v12_a_sub55373676,v12a,15,12,55373676,914.8,91292564,0,1,0,1,-1,1,4,True,55322295,628.877,916.2129,920.1021,Alakazam,b9303ffbf07cc1d2,2026-08-09T10:29:07.575393200Z
20260809_grimmsnarl_ml_v12_a_sub55373676,v12a,15,12,55373676,914.8,91293439,0,0,0,-1,1,5,2,True,54760878,890.301,920.1021,903.037,other: Dusknoir,1f60617de32869f5,2026-08-09T10:33:29.010560200Z
20260809_grimmsnarl_ml_v12_a_sub55373676,v12a,15,12,55373676,914.8,91294213,0,1,0,1,-1,2,6,True,55375270,698.3758,906.5268,912.1812,Grimmsnarl (mirror),9714ab5c3996f6cc,2026-08-09T10:37:02.434846300Z
20260809_grimmsnarl_ml_v12_a_sub55373676,v12a,15,12,55373676,914.8,91294352,0,1,0,1,-1,5,5,True,53933708,612.6569,903.037,906.5268,Mega Lucario,5938a8bbe8d992f1,2026-08-09T10:36:39.887462900Z
20260809_grimmsnarl_ml_v12_a_sub55373676,v12a,15,12,55373676,914.8,91295241,1,1,0,1,-1,3,2,False,55357081,970.8772,912.1812,929.084,Kangaskhan / Crustle,4717e5f31ba694d4,2026-08-09T10:41:10.868549400Z
20260809_grimmsnarl_ml_v12_a_sub55373676,v12a,15,12,55373676,914.8,91296140,0,1,0,1,-1,1,2,True,55358292,935.9383,913.2006,926.7521,Grimmsnarl (mirror),9714ab5c3996f6cc,2026-08-09T10:53:21.632089300Z
20260809_grimmsnarl_ml_v12_a_sub55373676,v12a,15,12,55373676,914.8,91297028,1,0,0,-1,1,3,2,False,55229592,873.4039,929.084,913.2006,Grimmsnarl (mirror),9714ab5c3996f6cc,2026-08-09T10:48:55.347908700Z
20260809_grimmsnarl_ml_v12_a_sub55373676,v12a,15,12,55373676,914.8,91297953,0,0,0,-1,1,2,1,True,55368764,880.9259,926.7521,912.8392,Alakazam,cc38cb450b86770a,2026-08-09T10:53:27.821396400Z
20260809_grimmsnarl_ml_v12_a_sub55373676,v12a,15,12,55373676,914.8,91298832,1,1,0,1,-1,1,4,False,55056811,929.1346,912.8392,924.948,Alakazam,cc38cb450b86770a,2026-08-09T10:56:52.701341800Z
20260809_grimmsnarl_ml_v12_a_sub55373676,v12a,15,12,55373676,914.8,91299588,1,1,0,1,-1,1,4,False,55375545,939.321,903.9264,914.4495,Alakazam,cc38cb450b86770a,2026-08-09T11:01:15.606970300Z
20260809_grimmsnarl_ml_v12_a_sub55373676,v12a,15,12,55373676,914.8,91299611,0,0,0,-1,1,3,2,True,55375230,951.268,912.5981,903.9264,Grimmsnarl (mirror),9714ab5c3996f6cc,2026-08-09T11:01:05.891095400Z
20260809_grimmsnarl_ml_v12_a_sub55373676,v12a,15,12,55373676,914.8,91299747,0,0,0,-1,1,1,1,True,55351768,890.7122,924.948,912.5981,Grimmsnarl (mirror),9714ab5c3996f6cc,2026-08-09T11:01:02.098783200Z
20260809_grimmsnarl_ml_v12_a_sub55373676,v12a,15,12,55373676,914.8,91300758,1,1,0,1,-1,3,2,False,53946889,688.2536,914.4495,917.9082,Mega Lucario,c3c16f0e65487ad6,2026-08-09T11:05:03.526050500Z
20260809_grimmsnarl_ml_v12_a_sub55373676,v12a,15,12,55373676,914.8,91301564,0,0,0,-1,1,4,1,True,55317687,980.0368,917.9082,910.2873,Grimmsnarl (mirror),9714ab5c3996f6cc,2026-08-09T11:08:55.076245500Z
20260809_grimmsnarl_ml_v12_a_sub55373676,v12a,15,12,55373676,914.8,91302410,0,0,0,-1,1,2,2,True,55362130,902.2164,910.2873,900.649,Alakazam,cc38cb450b86770a,2026-08-09T11:14:50.583642500Z
20260809_grimmsnarl_ml_v12_a_sub55373676,v12a,15,12,55373676,914.8,91303499,1,1,0,1,-1,1,1,False,55262884,909.1451,900.649,910.003,Grimmsnarl (mirror),9714ab5c3996f6cc,2026-08-09T11:17:27.120542400Z
20260809_grimmsnarl_ml_v12_a_sub55373676,v12a,15,12,55373676,914.8,91304281,0,1,0,1,-1,1,3,True,55339520,879.7986,910.003,917.8467,Alakazam,cc38cb450b86770a,2026-08-09T11:21:22.711412100Z
20260809_grimmsnarl_ml_v12_a_sub55373676,v12a,15,12,55373676,914.8,91305191,0,1,0,1,-1,2,2,True,54869267,576.7826,917.8467,919.2167,Mega Lucario,d05bff224d40b9c6,2026-08-09T11:25:01.749763300Z
20260809_grimmsnarl_ml_v12_a_sub55373676,v12a,15,12,55373676,914.8,91306083,1,1,0,1,-1,2,2,False,55367728,1002.9878,919.2167,930.3024,Kangaskhan / Crustle,f584cc4c047bc72b,2026-08-09T11:32:14.367314900Z
20260809_grimmsnarl_ml_v12_a_sub55373676,v12a,15,12,55373676,914.8,91306960,1,0,0,-1,1,5,1,False,55174207,934.8279,930.3024,922.28,Grimmsnarl (mirror),21c3f20980827cb2,2026-08-09T11:33:06.696221400Z
20260809_grimmsnarl_ml_v12_a_sub55373676,v12a,15,12,55373676,914.8,91307928,1,0,0,-1,1,5,1,False,55182613,875.6305,922.28,912.9718,Alakazam,cc38cb450b86770a,2026-08-09T11:36:57.474214400Z
20260809_grimmsnarl_ml_v12_a_sub55373676,v12a,15,12,55373676,914.8,91308810,0,1,0,1,-1,1,1,True,55042717,629.2331,912.9718,914.8248,Kangaskhan / Crustle,89ca12fd49b6c183,2026-08-09T11:40:51.721761800Z
20260809_grimmsnarl_ml_v12_b_sub55374240,v12b,16,12,55374240,894.6,91280260,0,1,0,1,-1,2,5,True,55374240,,,,Grimmsnarl (mirror),9714ab5c3996f6cc,2026-08-09T09:33:18.959919200Z
20260809_grimmsnarl_ml_v12_b_sub55374240,v12b,16,12,55374240,894.6,91280767,0,1,0,1,-1,1,6,True,54218068,287.0489,600.0,635.9802,Mega Lucario,d05bff224d40b9c6,2026-08-09T09:36:58.328027500Z
20260809_grimmsnarl_ml_v12_b_sub55374240,v12b,16,12,55374240,894.6,91281667,0,1,0,1,-1,1,3,True,54846835,681.738,635.9802,745.0858,other: Hop's Trevenant,f68115c71d74dd85,2026-08-09T09:40:42.322765200Z
20260809_grimmsnarl_ml_v12_b_sub55374240,v12b,16,12,55374240,894.6,91282563,1,1,0,1,-1,1,2,False,55319913,808.9773,745.0858,845.5548,Grimmsnarl (mirror),9714ab5c3996f6cc,2026-08-09T09:45:19.928440200Z
20260809_grimmsnarl_ml_v12_b_sub55374240,v12b,16,12,55374240,894.6,91283455,1,0,0,-1,1,2,1,False,55113890,834.5252,845.5548,770.739,Grimmsnarl (mirror),9714ab5c3996f6cc,2026-08-09T09:49:10.489775100Z
20260809_grimmsnarl_ml_v12_b_sub55374240,v12b,16,12,55374240,894.6,91284367,1,1,0,1,-1,1,5,True,54752923,714.8865,770.739,821.568,Alakazam,66c9bc1f0ab1cd5f,2026-08-09T09:52:43.543693100Z
20260809_grimmsnarl_ml_v12_b_sub55374240,v12b,16,12,55374240,894.6,91285273,0,1,0,1,-1,1,4,True,54484238,741.8801,821.568,860.8786,Archaludon,0bef8b29715ae7d8,2026-08-09T09:57:00.211322200Z
20260809_grimmsnarl_ml_v12_b_sub55374240,v12b,16,12,55374240,894.6,91286198,0,1,0,1,-1,1,4,True,55373370,838.6756,860.8786,901.5566,Grimmsnarl (mirror),dd85e3c9f892f55b,2026-08-09T10:01:05.883278600Z
20260809_grimmsnarl_ml_v12_b_sub55374240,v12b,16,12,55374240,894.6,91287210,0,1,0,1,-1,1,2,True,55300290,823.2236,901.5566,931.5219,Grimmsnarl (mirror),22721e08a8bd5bc0,2026-08-09T10:05:03.794346300Z
20260809_grimmsnarl_ml_v12_b_sub55374240,v12b,16,12,55374240,894.6,91288000,1,1,0,1,-1,1,4,False,55255126,924.284,931.5219,966.1498,Alakazam,cc38cb450b86770a,2026-08-09T10:08:57.089471500Z
20260809_grimmsnarl_ml_v12_b_sub55374240,v12b,16,12,55374240,894.6,91288908,1,1,0,1,-1,1,1,False,55093993,831.2541,966.1498,984.9097,Alakazam,cc38cb450b86770a,2026-08-09T10:14:05.987319600Z
20260809_grimmsnarl_ml_v12_b_sub55374240,v12b,16,12,55374240,894.6,91289812,1,0,0,-1,1,2,1,False,55314931,960.3669,984.9097,953.1887,Grimmsnarl (mirror),9714ab5c3996f6cc,2026-08-09T10:17:01.511160600Z
20260809_grimmsnarl_ml_v12_b_sub55374240,v12b,16,12,55374240,894.6,91290721,1,0,0,-1,1,4,1,False,55314445,944.1608,953.1887,925.9308,Ogerpon,97df7a2a423da1d8,2026-08-09T10:20:57.451056900Z
20260809_grimmsnarl_ml_v12_b_sub55374240,v12b,16,12,55374240,894.6,91291621,0,0,0,-1,1,3,1,True,55344485,922.1479,925.9308,901.4548,Alakazam,cc38cb450b86770a,2026-08-09T10:24:49.870545400Z
20260809_grimmsnarl_ml_v12_b_sub55374240,v12b,16,12,55374240,894.6,91292518,1,1,0,1,-1,1,3,False,55369044,874.3218,901.4548,921.5305,Grimmsnarl (mirror),21c3f20980827cb2,2026-08-09T10:29:00.806052Z
20260809_grimmsnarl_ml_v12_b_sub55374240,v12b,16,12,55374240,894.6,91293404,1,1,0,1,-1,1,1,False,55328800,960.8534,921.5305,945.1717,other: Team Rocket's Mewtwo ex,3482ca38df1e81c0,2026-08-09T10:33:04.915001900Z
20260809_grimmsnarl_ml_v12_b_sub55374240,v12b,16,12,55374240,894.6,91294303,1,0,0,-1,1,3,2,False,55231083,978.5723,945.1717,928.1503,Alakazam,cc38cb450b86770a,2026-08-09T10:37:00.999043400Z
20260809_grimmsnarl_ml_v12_b_sub55374240,v12b,16,12,55374240,894.6,91295196,0,1,0,1,-1,1,4,True,55329069,950.7719,928.1503,947.6595,Alakazam,cc38cb450b86770a,2026-08-09T10:41:05.126186300Z
20260809_grimmsnarl_ml_v12_b_sub55374240,v12b,16,12,55374240,894.6,91296099,1,0,0,-1,1,1,2,False,55369524,917.3766,947.6595,929.0264,Mega Lopunny / Froslass,a7ee29914c1dce64,2026-08-09T10:44:48.327693Z
20260809_grimmsnarl_ml_v12_b_sub55374240,v12b,16,12,55374240,894.6,91296929,1,0,0,-1,1,5,2,False,55375084,830.312,911.7553,893.6029,Kangaskhan / Crustle,e9a8385114d16d00,2026-08-09T10:49:00.355919100Z
20260809_grimmsnarl_ml_v12_b_sub55374240,v12b,16,12,55374240,894.6,91296997,0,0,0,-1,1,2,2,True,55344755,905.5263,929.0264,911.7553,Grimmsnarl (mirror),9714ab5c3996f6cc,2026-08-09T10:48:52.068782Z
20260809_grimmsnarl_ml_v12_b_sub55374240,v12b,16,12,55374240,894.6,91297963,0,1,0,1,-1,3,5,True,55304886,838.1022,893.6029,905.1876,Mega Lucario,81474bb12bd17ef8,2026-08-09T10:52:53.973445300Z
20260809_grimmsnarl_ml_v12_b_sub55374240,v12b,16,12,55374240,894.6,91298796,0,1,0,1,-1,2,5,True,55370699,837.1889,905.1876,915.6508,Mega Lopunny / Froslass,1f169509755a6970,2026-08-09T10:56:52.826980500Z
20260809_grimmsnarl_ml_v12_b_sub55374240,v12b,16,12,55374240,894.6,91299713,0,0,0,-1,1,4,1,True,55345296,877.8527,915.6508,900.7497,Ogerpon,0dede7cb8026e473,2026-08-09T11:01:03.626593100Z
20260809_grimmsnarl_ml_v12_b_sub55374240,v12b,16,12,55374240,894.6,91300684,0,1,0,1,-1,6,6,True,55364309,945.178,900.7497,915.2131,Kangaskhan / Crustle,9b415cc6bbdf6fd5,2026-08-09T11:04:51.670556500Z
20260809_grimmsnarl_ml_v12_b_sub55374240,v12b,16,12,55374240,894.6,91301518,1,1,0,1,-1,1,5,False,55134907,845.7445,915.2131,924.3122,Alakazam,cc38cb450b86770a,2026-08-09T11:09:09.428612500Z
20260809_grimmsnarl_ml_v12_b_sub55374240,v12b,16,12,55374240,894.6,91302398,1,0,0,-1,1,4,2,False,55165806,932.7329,924.3122,913.1966,Kangaskhan / Crustle,2f5a73c606b3d6fb,2026-08-09T11:13:18.241449500Z
20260809_grimmsnarl_ml_v12_b_sub55374240,v12b,16,12,55374240,894.6,91303379,0,0,0,-1,1,1,1,True,55323629,945.2531,913.1966,903.4237,Grimmsnarl (mirror),9714ab5c3996f6cc,2026-08-09T11:17:11.349575200Z
20260809_grimmsnarl_ml_v12_b_sub55374240,v12b,16,12,55374240,894.6,91304243,1,0,0,-1,1,5,1,False,55354488,899.6167,903.4237,892.6702,Grimmsnarl (mirror),9714ab5c3996f6cc,2026-08-09T11:22:44.019719300Z
20260809_grimmsnarl_ml_v12_b_sub55374240,v12b,16,12,55374240,894.6,91305151,1,1,0,1,-1,1,4,False,55188313,860.0175,892.6702,901.7127,Alakazam,a665414222aea434,2026-08-09T11:25:05.213228800Z
20260809_grimmsnarl_ml_v12_b_sub55374240,v12b,16,12,55374240,894.6,91306047,1,0,0,-1,1,1,1,False,55310608,770.0494,901.7127,886.7345,Mega Lucario,05f854e1b3b3ba0f,2026-08-09T11:29:07.390028Z
20260809_grimmsnarl_ml_v12_b_sub55374240,v12b,16,12,55374240,894.6,91306978,0,1,0,1,-1,2,1,True,55301042,898.621,886.7345,896.61,Grimmsnarl (mirror),9714ab5c3996f6cc,2026-08-09T11:35:05.327912600Z
20260809_grimmsnarl_ml_v12_b_sub55374240,v12b,16,12,55374240,894.6,91307793,0,0,0,-1,1,1,1,True,55291972,880.7461,896.61,886.9346,Archaludon,662fd75531c8a26a,2026-08-09T11:36:59.373170600Z
20260809_grimmsnarl_ml_v12_b_sub55374240,v12b,16,12,55374240,894.6,91308753,0,1,0,1,-1,1,3,True,55354789,850.3545,886.9346,894.6372,Grimmsnarl (mirror),9714ab5c3996f6cc,2026-08-09T11:40:45.896245500Z
20260810_grimmsnarl_ml_v13_a_sub55380882,v13a,17,13,55380882,942.5,91340754,0,1,0,1,-1,1,4,True,55380882,,,,Grimmsnarl (mirror),9714ab5c3996f6cc,2026-08-09T14:03:39.107950300Z
20260810_grimmsnarl_ml_v13_a_sub55380882,v13a,17,13,55380882,942.5,91340854,0,1,0,1,-1,1,4,True,55252092,608.0035,600.0,711.1733,Alakazam,a233298ee750b57c,2026-08-09T14:05:13.524912Z
20260810_grimmsnarl_ml_v13_a_sub55380882,v13a,17,13,55380882,942.5,91341747,0,1,0,1,-1,1,6,True,55364842,701.6859,711.1733,804.5864,Alakazam,7fa65817cc79c36c,2026-08-09T14:09:09.989665300Z
20260810_grimmsnarl_ml_v13_a_sub55380882,v13a,17,13,55380882,942.5,91342666,1,0,0,-1,1,1,1,False,55169975,858.7331,804.5864,733.1798,Alakazam,cc38cb450b86770a,2026-08-09T14:12:57.877068200Z
20260810_grimmsnarl_ml_v13_a_sub55380882,v13a,17,13,55380882,942.5,91343592,1,1,0,1,-1,3,6,False,55341181,707.076,733.1798,799.9193,Mega Lucario,c3c16f0e65487ad6,2026-08-09T14:16:45.301681800Z
20260810_grimmsnarl_ml_v13_a_sub55380882,v13a,17,13,55380882,942.5,91344513,0,1,0,1,-1,3,4,True,55368770,789.6957,799.9193,858.6788,other: Mega Starmie ex,4be147a6a546ddeb,2026-08-09T14:22:12.489527800Z
20260810_grimmsnarl_ml_v13_a_sub55380882,v13a,17,13,55380882,942.5,91345427,1,1,0,1,-1,1,6,False,55377858,751.3531,858.6788,893.4479,Grimmsnarl (mirror),3e960af2606d30d6,2026-08-09T14:24:54.335534500Z
20260810_grimmsnarl_ml_v13_a_sub55380882,v13a,17,13,55380882,942.5,91346358,0,1,0,1,-1,1,2,True,55282561,833.8487,857.2291,893.9026,other: Cynthia's Garchomp ex,daff2ed17de6145d,2026-08-09T14:36:07.992471800Z
20260810_grimmsnarl_ml_v13_a_sub55380882,v13a,17,13,55380882,942.5,91347497,1,0,0,-1,1,3,1,False,55254847,956.6817,893.4479,857.2291,Grimmsnarl (mirror),9714ab5c3996f6cc,2026-08-09T14:33:18.392860200Z
20260810_grimmsnarl_ml_v13_a_sub55380882,v13a,17,13,55380882,942.5,91348180,1,1,0,1,-1,1,1,False,55369569,734.0967,893.9026,912.5903,Alakazam,cc38cb450b86770a,2026-08-09T14:36:47.032345200Z
20260810_grimmsnarl_ml_v13_a_sub55380882,v13a,17,13,55380882,942.5,91349061,0,1,0,1,-1,3,3,True,55132967,859.7678,912.5903,939.4217,Archaludon,ebd4dbb270dce6a2,2026-08-09T14:40:49.427684200Z
20260810_grimmsnarl_ml_v13_a_sub55380882,v13a,17,13,55380882,942.5,91350001,0,1,0,1,-1,1,1,True,55349063,875.7724,939.4217,962.7398,Alakazam,cc38cb450b86770a,2026-08-09T14:45:05.136865900Z
20260810_grimmsnarl_ml_v13_a_sub55380882,v13a,17,13,55380882,942.5,91350924,1,1,0,1,-1,1,1,False,54735721,893.193,962.7398,983.5831,Alakazam,5fdb3dadf34b9e2e,2026-08-09T14:49:17.029833400Z
20260810_grimmsnarl_ml_v13_a_sub55380882,v13a,17,13,55380882,942.5,91351846,0,1,0,1,-1,1,5,True,55336050,857.0659,983.5831,998.6963,Grimmsnarl (mirror),e9faaa55b3bb53dd,2026-08-09T14:52:48.624839700Z
20260810_grimmsnarl_ml_v13_a_sub55380882,v13a,17,13,55380882,942.5,91352752,0,0,0,-1,1,2,2,True,55371369,994.8846,998.6963,975.1773,Grimmsnarl (mirror),57961e5f51c03eaf,2026-08-09T14:57:26.592676700Z
20260810_grimmsnarl_ml_v13_a_sub55380882,v13a,17,13,55380882,942.5,91353676,0,1,0,1,-1,1,6,True,55355296,944.0086,975.1773,994.4118,Grimmsnarl (mirror),9714ab5c3996f6cc,2026-08-09T15:01:04.459251700Z
20260810_grimmsnarl_ml_v13_a_sub55380882,v13a,17,13,55380882,942.5,91354592,1,1,0,1,-1,1,6,False,55375484,973.7628,994.4118,1012.9399,Mega Lopunny / Froslass,a7ee29914c1dce64,2026-08-09T15:05:11.474098200Z
20260810_grimmsnarl_ml_v13_a_sub55380882,v13a,17,13,55380882,942.5,91354779,1,0,0,-1,1,4,1,False,55379553,873.231,1012.9399,984.6698,Grimmsnarl (mirror),21c3f20980827cb2,2026-08-09T15:05:14.629858800Z
20260810_grimmsnarl_ml_v13_a_sub55380882,v13a,17,13,55380882,942.5,91355516,0,0,0,-1,1,3,1,True,55378272,985.1768,984.6698,967.383,Grimmsnarl (mirror),9714ab5c3996f6cc,2026-08-09T15:08:52.839369800Z
20260810_grimmsnarl_ml_v13_a_sub55380882,v13a,17,13,55380882,942.5,91356423,0,1,0,1,-1,4,6,True,55310340,675.222,967.383,971.3171,Mega Lucario,05f854e1b3b3ba0f,2026-08-09T15:13:24.801342800Z
20260810_grimmsnarl_ml_v13_a_sub55380882,v13a,17,13,55380882,942.5,91357336,1,1,0,1,-1,5,6,False,55185728,1000.1329,971.3171,989.0127,other: Mega Venusaur ex,84db65230939a803,2026-08-09T15:16:44.049617100Z
20260810_grimmsnarl_ml_v13_a_sub55380882,v13a,17,13,55380882,942.5,91358160,1,1,0,1,-1,1,4,False,55381701,962.1397,989.0127,1001.9517,other: Cynthia's Garchomp ex,daff2ed17de6145d,2026-08-09T15:20:58.711098900Z
20260810_grimmsnarl_ml_v13_a_sub55380882,v13a,17,13,55380882,942.5,91358249,0,0,0,-1,1,4,1,True,55244513,886.4063,1001.9517,981.0722,Grimmsnarl (mirror),9714ab5c3996f6cc,2026-08-09T15:21:00.206301Z
20260810_grimmsnarl_ml_v13_a_sub55380882,v13a,17,13,55380882,942.5,91359160,1,1,0,1,-1,1,5,False,55366891,491.9736,981.0722,981.7456,Grimmsnarl (mirror),9714ab5c3996f6cc,2026-08-09T15:25:04.136831400Z
20260810_grimmsnarl_ml_v13_a_sub55380882,v13a,17,13,55380882,942.5,91360068,0,1,0,1,-1,1,2,True,55371678,959.6288,966.2147,978.7396,Dragapult,202ee2cec6cbe8b4,2026-08-09T15:34:31.598362100Z
20260810_grimmsnarl_ml_v13_a_sub55380882,v13a,17,13,55380882,942.5,91361012,0,0,0,-1,1,4,2,True,55366513,940.7914,981.7456,966.2147,Mega Lucario,05f854e1b3b3ba0f,2026-08-09T15:33:51.848190500Z
20260810_grimmsnarl_ml_v13_a_sub55380882,v13a,17,13,55380882,942.5,91361920,1,0,0,-1,1,6,1,False,55364309,944.7649,978.7396,964.8983,Kangaskhan / Crustle,9b415cc6bbdf6fd5,2026-08-09T15:38:10.513545900Z
20260810_grimmsnarl_ml_v13_a_sub55380882,v13a,17,13,55380882,942.5,91362829,1,0,0,-1,1,3,1,False,55365545,966.5758,964.8983,953.2049,other: N’s Zoroark ex,11276baf19535b35,2026-08-09T15:42:24.347951200Z
20260810_grimmsnarl_ml_v13_a_sub55380882,v13a,17,13,55380882,942.5,91363764,1,1,0,1,-1,1,1,False,55355189,1019.4373,953.2049,967.3125,Mega Lopunny / Froslass,a7ee29914c1dce64,2026-08-09T15:46:22.138510900Z
20260810_grimmsnarl_ml_v13_a_sub55380882,v13a,17,13,55380882,942.5,91364675,1,0,0,-1,1,4,1,False,55375175,950.4749,967.3125,955.9181,Alakazam,b1f287b8d98881f8,2026-08-09T15:49:15.232022200Z
20260810_grimmsnarl_ml_v13_a_sub55380882,v13a,17,13,55380882,942.5,91365593,0,0,0,-1,1,3,2,True,55203994,947.1822,955.9181,945.1948,Grimmsnarl (mirror),9714ab5c3996f6cc,2026-08-09T15:53:20.624983700Z
20260810_grimmsnarl_ml_v13_a_sub55380882,v13a,17,13,55380882,942.5,91366510,0,1,0,1,-1,2,2,True,55364276,912.0357,944.5535,952.8732,Dragapult,c8063c53ca2d7bf6,2026-08-09T16:03:40.936034400Z
20260810_grimmsnarl_ml_v13_a_sub55380882,v13a,17,13,55380882,942.5,91366555,1,0,0,-1,1,6,5,False,55380368,997.1682,945.1948,937.0508,Kangaskhan / Crustle,1eda048ea3581634,2026-08-09T15:57:03.926429800Z
20260810_grimmsnarl_ml_v13_a_sub55380882,v13a,17,13,55380882,942.5,91367423,1,1,0,1,-1,1,5,False,55073126,870.7508,937.0508,944.5535,Grimmsnarl (mirror),9714ab5c3996f6cc,2026-08-09T16:01:22.207383700Z
20260810_grimmsnarl_ml_v13_a_sub55380882,v13a,17,13,55380882,942.5,91368235,0,1,0,1,-1,1,4,True,55355248,948.606,952.8732,961.8419,Alakazam,cc38cb450b86770a,2026-08-09T16:04:53.171990400Z
20260810_grimmsnarl_ml_v13_a_sub55380882,v13a,17,13,55380882,942.5,91369269,1,1,0,1,-1,1,3,False,55354311,1033.6959,961.8419,973.0716,Grimmsnarl (mirror),9714ab5c3996f6cc,2026-08-09T16:09:22.460522Z
20260810_grimmsnarl_ml_v13_a_sub55380882,v13a,17,13,55380882,942.5,91370191,1,1,0,1,-1,4,2,False,55327888,939.0372,973.0716,980.5669,Ogerpon,0dede7cb8026e473,2026-08-09T16:12:55.712165200Z
20260810_grimmsnarl_ml_v13_a_sub55380882,v13a,17,13,55380882,942.5,91371141,0,0,0,-1,1,4,1,True,55317687,973.6172,980.5669,972.084,Grimmsnarl (mirror),9714ab5c3996f6cc,2026-08-09T16:17:16.371522200Z
20260810_grimmsnarl_ml_v13_a_sub55380882,v13a,17,13,55380882,942.5,91371751,1,0,0,-1,1,1,2,False,55383504,685.8291,972.084,957.0058,Ogerpon,9c492da0b5353f89,2026-08-09T16:21:01.541930300Z
20260810_grimmsnarl_ml_v13_a_sub55380882,v13a,17,13,55380882,942.5,91388306,1,1,0,1,-1,1,2,False,55374283,898.2743,957.0058,963.1898,Grimmsnarl (mirror),9714ab5c3996f6cc,2026-08-09T17:32:55.698698600Z
20260810_grimmsnarl_ml_v13_a_sub55380882,v13a,17,13,55380882,942.5,91399131,0,0,0,-1,1,1,1,True,55314076,849.2924,963.1898,952.1986,Alakazam,cc38cb450b86770a,2026-08-09T18:20:57.424037300Z
20260810_grimmsnarl_ml_v13_a_sub55380882,v13a,17,13,55380882,942.5,91400726,1,0,0,-1,1,1,2,False,55385574,771.0186,952.1986,940.0413,Ogerpon,7fad986267efc755,2026-08-09T18:30:44.616319400Z
20260810_grimmsnarl_ml_v13_a_sub55380882,v13a,17,13,55380882,942.5,91411806,1,1,0,1,-1,1,3,False,55174207,925.3572,940.0413,946.8063,Grimmsnarl (mirror),21c3f20980827cb2,2026-08-09T19:17:03.699162700Z
20260810_grimmsnarl_ml_v13_a_sub55380882,v13a,17,13,55380882,942.5,91419823,1,1,0,1,-1,1,4,False,55242088,871.1109,946.8063,951.9737,Grimmsnarl (mirror),9714ab5c3996f6cc,2026-08-09T19:52:45.949512100Z
20260810_grimmsnarl_ml_v13_a_sub55380882,v13a,17,13,55380882,942.5,91422336,1,1,0,1,-1,1,1,False,55387740,915.2712,951.9737,957.6665,Alakazam,48dd99dd2b5aba68,2026-08-09T20:12:24.301046400Z
20260810_grimmsnarl_ml_v13_a_sub55380882,v13a,17,13,55380882,942.5,91427903,1,1,0,1,-1,1,5,False,55296170,1013.5695,957.6665,965.7514,Alakazam,cc38cb450b86770a,2026-08-09T20:28:56.141420900Z
20260810_grimmsnarl_ml_v13_a_sub55380882,v13a,17,13,55380882,942.5,91431450,1,1,0,1,-1,1,1,False,55247479,1040.0834,965.7514,974.1057,Alakazam,cc38cb450b86770a,2026-08-09T20:44:58.100002800Z
20260810_grimmsnarl_ml_v13_a_sub55380882,v13a,17,13,55380882,942.5,91435213,1,0,0,-1,1,4,1,False,55386093,984.5736,974.1057,968.0418,Mega Lopunny / Froslass,03c8cff921b4eac8,2026-08-09T21:00:55.358708500Z
20260810_grimmsnarl_ml_v13_a_sub55380882,v13a,17,13,55380882,942.5,91438666,0,0,0,-1,1,6,2,True,55335941,912.7249,968.0418,960.5493,Kangaskhan / Crustle,20bc24847121c967,2026-08-09T21:17:01.885060900Z
20260810_grimmsnarl_ml_v13_a_sub55380882,v13a,17,13,55380882,942.5,91446801,0,0,0,-1,1,1,1,True,55378303,989.1956,960.5493,955.1388,Alakazam,cc38cb450b86770a,2026-08-09T21:53:32.425793300Z
20260810_grimmsnarl_ml_v13_a_sub55380882,v13a,17,13,55380882,942.5,91451384,1,1,0,1,-1,1,3,False,55379009,929.6309,955.1388,960.4971,Grimmsnarl (mirror),9714ab5c3996f6cc,2026-08-09T22:12:55.680272600Z
20260810_grimmsnarl_ml_v13_a_sub55380882,v13a,17,13,55380882,942.5,91457749,0,0,0,-1,1,1,1,True,55308390,1023.4343,960.4971,955.9593,Grimmsnarl (mirror),9714ab5c3996f6cc,2026-08-09T22:41:19.368144900Z
20260810_grimmsnarl_ml_v13_a_sub55380882,v13a,17,13,55380882,942.5,91464745,0,0,0,-1,1,2,2,True,55389862,911.3802,949.3653,943.1319,Grimmsnarl (mirror),9714ab5c3996f6cc,2026-08-09T23:12:53.334355500Z
20260810_grimmsnarl_ml_v13_a_sub55380882,v13a,17,13,55380882,942.5,91464970,1,0,0,-1,1,5,1,False,55165806,913.908,955.9593,949.3653,Kangaskhan / Crustle,2f5a73c606b3d6fb,2026-08-09T23:12:48.371422700Z
20260810_grimmsnarl_ml_v13_a_sub55380882,v13a,17,13,55380882,942.5,91470220,1,1,0,1,-1,2,1,False,55389953,894.9395,943.1319,947.6242,Mega Lopunny / Froslass,a7ee29914c1dce64,2026-08-09T23:36:54.742530400Z
20260810_grimmsnarl_ml_v13_a_sub55380882,v13a,17,13,55380882,942.5,91475481,1,0,0,-1,1,5,1,False,55391455,912.7824,947.6242,942.5861,Kangaskhan / Crustle,f584cc4c047bc72b,2026-08-10T00:03:14.320144900Z
20260810_grimmsnarl_ml_v13_a_sub55380882,v13a,17,13,55380882,942.5,91491374,0,0,0,-1,1,4,1,True,55391246,975.8019,942.5861,938.0009,other: Rillaboom,b6f4670a6de81296,2026-08-10T01:08:46.396659700Z
20260810_grimmsnarl_ml_v13_b_sub55380958,v13b,18,13,55380958,964.8,91341654,0,0,0,-1,1,2,1,True,55380958,,,,Grimmsnarl (mirror),9714ab5c3996f6cc,2026-08-09T14:07:16.121843800Z
20260810_grimmsnarl_ml_v13_b_sub55380958,v13b,18,13,55380958,964.8,91341753,1,0,0,-1,1,5,1,False,55337832,686.4017,600.0,515.4242,Mega Lucario,c3c16f0e65487ad6,2026-08-09T14:08:46.406609300Z
20260810_grimmsnarl_ml_v13_b_sub55380958,v13b,18,13,55380958,964.8,91342725,1,1,0,1,-1,4,6,False,54121494,419.632,515.4242,587.4208,Mega Lucario,b3a671c31b2928dc,2026-08-09T14:12:45.347382200Z
20260810_grimmsnarl_ml_v13_b_sub55380958,v13b,18,13,55380958,964.8,91343601,0,1,0,1,-1,3,6,True,53971199,560.4929,587.4208,665.1475,other: Hop's Trevenant,986c89d6bbe428f2,2026-08-09T14:16:49.898635400Z
20260810_grimmsnarl_ml_v13_b_sub55380958,v13b,18,13,55380958,964.8,91344511,0,1,0,1,-1,2,1,True,55369150,778.9175,665.1475,763.2155,Archaludon,2b6a7dd699d2b6a5,2026-08-09T14:20:55.585741200Z
20260810_grimmsnarl_ml_v13_b_sub55380958,v13b,18,13,55380958,964.8,91345419,0,1,0,1,-1,2,4,True,55295432,829.8412,763.2155,837.4036,Archaludon,ebd4dbb270dce6a2,2026-08-09T14:24:40.659894600Z
20260810_grimmsnarl_ml_v13_b_sub55380958,v13b,18,13,55380958,964.8,91346356,0,1,0,1,-1,1,1,True,55169975,861.7598,837.4036,891.567,Alakazam,cc38cb450b86770a,2026-08-09T14:28:55.363950Z
20260810_grimmsnarl_ml_v13_b_sub55380958,v13b,18,13,55380958,964.8,91347253,0,1,0,1,-1,2,3,True,55328583,909.2675,891.567,936.8213,Grimmsnarl (mirror),9714ab5c3996f6cc,2026-08-09T14:33:12.766568600Z
20260810_grimmsnarl_ml_v13_b_sub55380958,v13b,18,13,55380958,964.8,91348176,0,1,0,1,-1,1,4,True,55200809,981.6763,936.8213,979.7508,Grimmsnarl (mirror),9714ab5c3996f6cc,2026-08-09T14:37:01.046178900Z
20260810_grimmsnarl_ml_v13_b_sub55380958,v13b,18,13,55380958,964.8,91349048,1,1,0,1,-1,1,2,False,55378477,941.7767,979.7508,1008.1199,Alakazam,062d2bd9de2d4fea,2026-08-09T14:41:17.921829400Z
20260810_grimmsnarl_ml_v13_b_sub55380958,v13b,18,13,55380958,964.8,91349997,0,1,0,1,-1,2,1,True,55370050,865.6417,1008.1199,1025.0128,Grimmsnarl (mirror),9714ab5c3996f6cc,2026-08-09T14:45:43.413793200Z
20260810_grimmsnarl_ml_v13_b_sub55380958,v13b,18,13,55380958,964.8,91350918,0,1,0,1,-1,2,2,True,55370792,989.3226,1025.0128,1049.2321,other: Cynthia's Garchomp ex,daff2ed17de6145d,2026-08-09T14:49:10.450028Z
20260810_grimmsnarl_ml_v13_b_sub55380958,v13b,18,13,55380958,964.8,91351841,0,1,0,1,-1,1,1,True,55159565,990.8891,1049.2321,1069.6695,Grimmsnarl (mirror),9714ab5c3996f6cc,2026-08-09T14:53:02.094027700Z
20260810_grimmsnarl_ml_v13_b_sub55380958,v13b,18,13,55380958,964.8,91352747,0,1,0,1,-1,1,3,True,55377210,1007.7719,1069.6695,1088.2145,Grimmsnarl (mirror),9714ab5c3996f6cc,2026-08-09T14:57:03.073138600Z
20260810_grimmsnarl_ml_v13_b_sub55380958,v13b,18,13,55380958,964.8,91353661,1,1,0,1,-1,1,4,True,55367358,343.9835,1088.2145,1088.2834,Grimmsnarl (mirror),ae41f4802a8da3d2,2026-08-09T15:01:00.113093600Z
20260810_grimmsnarl_ml_v13_b_sub55380958,v13b,18,13,55380958,964.8,91354573,1,1,0,1,-1,1,3,True,54020867,694.3822,1088.2834,1090.8809,Dragapult,8055443275c86105,2026-08-09T15:04:43.926039Z
20260810_grimmsnarl_ml_v13_b_sub55380958,v13b,18,13,55380958,964.8,91355477,0,1,0,1,-1,2,1,True,55290732,1097.8791,1090.8809,1112.7908,other: Hydrapple ex,7379bd986b1d8470,2026-08-09T15:09:05.335996800Z
20260810_grimmsnarl_ml_v13_b_sub55380958,v13b,18,13,55380958,964.8,91356280,1,0,0,-1,1,6,1,False,55370960,1072.4806,1112.7908,1090.1258,Dragapult,e54014914f6c6bf8,2026-08-09T15:12:57.135280100Z
20260810_grimmsnarl_ml_v13_b_sub55380958,v13b,18,13,55380958,964.8,91357298,0,1,0,1,-1,1,1,True,55291808,1059.8987,1090.1258,1106.6912,Mega Lopunny / Froslass,a7ee29914c1dce64,2026-08-09T15:17:06.932587800Z
20260810_grimmsnarl_ml_v13_b_sub55380958,v13b,18,13,55380958,964.8,91358209,0,0,0,-1,1,2,2,True,55332194,1083.1293,1106.6912,1087.8265,Kangaskhan / Crustle,8f6a9933322de8f8,2026-08-09T15:20:51.405351900Z
20260810_grimmsnarl_ml_v13_b_sub55380958,v13b,18,13,55380958,964.8,91359116,0,0,0,-1,1,4,2,True,55331941,1154.9056,1087.8265,1075.157,Kangaskhan / Crustle,8f6a9933322de8f8,2026-08-09T15:25:02.566093400Z
20260810_grimmsnarl_ml_v13_b_sub55380958,v13b,18,13,55380958,964.8,91360038,0,0,0,-1,1,4,2,True,55335480,988.6069,1075.157,1054.5616,Alakazam,cc38cb450b86770a,2026-08-09T15:28:45.548906900Z
20260810_grimmsnarl_ml_v13_b_sub55380958,v13b,18,13,55380958,964.8,91360945,0,0,0,-1,1,6,6,True,55286357,1036.0405,1054.5616,1038.9691,Mega Lopunny / Froslass,a7ee29914c1dce64,2026-08-09T15:33:00.995613600Z
20260810_grimmsnarl_ml_v13_b_sub55380958,v13b,18,13,55380958,964.8,91361890,0,1,0,1,-1,2,2,True,55361997,934.113,1038.9691,1048.094,Grimmsnarl (mirror),9714ab5c3996f6cc,2026-08-09T15:36:52.634596Z
20260810_grimmsnarl_ml_v13_b_sub55380958,v13b,18,13,55380958,964.8,91362787,0,1,0,1,-1,4,3,True,55348020,1008.5094,1048.094,1059.5965,Mega Lopunny / Froslass,00b6c6699a42a9db,2026-08-09T15:40:59.865921200Z
20260810_grimmsnarl_ml_v13_b_sub55380958,v13b,18,13,55380958,964.8,91363722,1,0,0,-1,1,5,1,True,54906248,698.0491,1059.5965,1026.945,Archaludon,2b6a7dd699d2b6a5,2026-08-09T15:44:50.010126500Z
20260810_grimmsnarl_ml_v13_b_sub55380958,v13b,18,13,55380958,964.8,91364637,0,0,0,-1,1,3,1,True,55314931,955.3852,1026.945,1011.719,Grimmsnarl (mirror),9714ab5c3996f6cc,2026-08-09T15:49:08.605769400Z
20260810_grimmsnarl_ml_v13_b_sub55380958,v13b,18,13,55380958,964.8,91365542,1,0,0,-1,1,6,1,False,55378840,988.8747,1011.719,999.4377,Dipplin,b957f91298535456,2026-08-09T15:52:53.538164400Z
20260810_grimmsnarl_ml_v13_b_sub55380958,v13b,18,13,55380958,964.8,91366478,1,1,0,1,-1,1,5,False,55337936,917.0592,999.4377,1007.387,Grimmsnarl (mirror),9714ab5c3996f6cc,2026-08-09T15:56:45.072119500Z
20260810_grimmsnarl_ml_v13_b_sub55380958,v13b,18,13,55380958,964.8,91367382,1,0,0,-1,1,5,1,False,55379056,1153.5744,1007.387,1001.6638,Dragapult,e54014914f6c6bf8,2026-08-09T16:01:21.014069300Z
20260810_grimmsnarl_ml_v13_b_sub55380958,v13b,18,13,55380958,964.8,91368318,1,1,0,1,-1,1,5,False,55366226,956.4169,1001.6638,1010.354,Grimmsnarl (mirror),9714ab5c3996f6cc,2026-08-09T16:04:58.177884800Z
20260810_grimmsnarl_ml_v13_b_sub55380958,v13b,18,13,55380958,964.8,91369147,0,0,0,-1,1,4,1,True,55381701,1008.4131,1010.354,1000.5302,other: Cynthia's Garchomp ex,daff2ed17de6145d,2026-08-09T16:08:52.478196800Z
20260810_grimmsnarl_ml_v13_b_sub55380958,v13b,18,13,55380958,964.8,91369214,0,0,0,-1,1,2,1,True,55291808,1063.9691,1000.5302,992.9734,Mega Lopunny / Froslass,a7ee29914c1dce64,2026-08-09T16:09:05.885387Z
20260810_grimmsnarl_ml_v13_b_sub55380958,v13b,18,13,55380958,964.8,91370164,0,1,0,1,-1,1,1,True,55308983,986.6914,992.9734,1002.1213,other: Cynthia's Garchomp ex,daff2ed17de6145d,2026-08-09T16:12:53.837964500Z
20260810_grimmsnarl_ml_v13_b_sub55380958,v13b,18,13,55380958,964.8,91371097,0,0,0,-1,1,3,2,True,55308390,1007.6614,1002.1213,993.2478,Grimmsnarl (mirror),9714ab5c3996f6cc,2026-08-09T16:16:56.035713Z
20260810_grimmsnarl_ml_v13_b_sub55380958,v13b,18,13,55380958,964.8,91371994,1,1,0,1,-1,1,3,False,55381620,1012.8331,993.2478,1002.4984,Grimmsnarl (mirror),21c3f20980827cb2,2026-08-09T16:21:09.592940200Z
20260810_grimmsnarl_ml_v13_b_sub55380958,v13b,18,13,55380958,964.8,91372910,1,1,0,1,-1,6,5,False,53972021,496.6696,1002.4984,1002.8068,other: Mega Abomasnow ex,7e7bca6783abe61e,2026-08-09T16:24:49.865881600Z
20260810_grimmsnarl_ml_v13_b_sub55380958,v13b,18,13,55380958,964.8,91373808,0,1,0,1,-1,2,6,True,54267781,445.4484,1002.8068,1002.9806,Grimmsnarl (mirror),4517aa8e99e25a30,2026-08-09T16:29:09.437640200Z
20260810_grimmsnarl_ml_v13_b_sub55380958,v13b,18,13,55380958,964.8,91374684,0,1,0,1,-1,1,4,True,53848630,601.3013,1002.9806,1003.8115,Mega Lucario,d05bff224d40b9c6,2026-08-09T16:32:45.656437100Z
20260810_grimmsnarl_ml_v13_b_sub55380958,v13b,18,13,55380958,964.8,91375611,0,0,0,-1,1,3,1,True,55303752,941.9428,1003.8115,993.452,Grimmsnarl (mirror),9714ab5c3996f6cc,2026-08-09T16:37:05.771412700Z
20260810_grimmsnarl_ml_v13_b_sub55380958,v13b,18,13,55380958,964.8,91376393,0,0,0,-1,1,2,2,True,55354380,1044.6178,993.452,986.7733,Grimmsnarl (mirror),9714ab5c3996f6cc,2026-08-09T16:41:24.216904700Z
20260810_grimmsnarl_ml_v13_b_sub55380958,v13b,18,13,55380958,964.8,91386502,1,1,0,1,-1,1,6,False,53798608,361.2485,986.7733,986.843,other: Cynthia's Garchomp ex,faa49d48a62f87be,2026-08-09T17:24:54.180881800Z
20260810_grimmsnarl_ml_v13_b_sub55380958,v13b,18,13,55380958,964.8,91390117,1,0,0,-1,1,1,1,False,55376216,954.6643,986.843,978.046,Grimmsnarl (mirror),9714ab5c3996f6cc,2026-08-09T17:41:11.881901600Z
20260810_grimmsnarl_ml_v13_b_sub55380958,v13b,18,13,55380958,964.8,91396457,1,1,0,1,-1,1,4,False,55385705,976.6875,978.046,985.2806,Grimmsnarl (mirror),9714ab5c3996f6cc,2026-08-09T18:11:45.844460200Z
20260810_grimmsnarl_ml_v13_b_sub55380958,v13b,18,13,55380958,964.8,91401792,0,1,0,1,-1,1,2,True,55385705,961.6479,975.9882,982.6767,Grimmsnarl (mirror),9714ab5c3996f6cc,2026-08-09T18:38:50.506129500Z
20260810_grimmsnarl_ml_v13_b_sub55380958,v13b,18,13,55380958,964.8,91402690,1,0,0,-1,1,5,2,False,55351265,921.7084,985.2806,975.9882,Grimmsnarl (mirror),9714ab5c3996f6cc,2026-08-09T18:36:57.446528700Z
20260810_grimmsnarl_ml_v13_b_sub55380958,v13b,18,13,55380958,964.8,91409026,1,0,0,-1,1,2,1,False,55375175,959.2094,982.6767,975.0032,Alakazam,b1f287b8d98881f8,2026-08-09T19:05:07.367998100Z
20260810_grimmsnarl_ml_v13_b_sub55380958,v13b,18,13,55380958,964.8,91414199,0,1,0,1,-1,1,2,True,55387816,934.7335,975.0032,980.4711,Grimmsnarl (mirror),21c3f20980827cb2,2026-08-09T19:29:03.583387300Z
20260810_grimmsnarl_ml_v13_b_sub55380958,v13b,18,13,55380958,964.8,91419902,1,0,0,-1,1,4,1,False,55387816,955.4589,980.4711,973.3886,Grimmsnarl (mirror),21c3f20980827cb2,2026-08-09T19:53:06.760142Z
20260810_grimmsnarl_ml_v13_b_sub55380958,v13b,18,13,55380958,964.8,91426084,0,1,0,1,-1,1,5,True,55376991,885.2259,973.3886,978.0249,Grimmsnarl (mirror),9714ab5c3996f6cc,2026-08-09T20:21:00.755292900Z
20260810_grimmsnarl_ml_v13_b_sub55380958,v13b,18,13,55380958,964.8,91426088,0,0,0,-1,1,4,1,True,55361039,958.4482,978.0249,971.0655,Grimmsnarl (mirror),9714ab5c3996f6cc,2026-08-09T20:21:44.439794500Z
20260810_grimmsnarl_ml_v13_b_sub55380958,v13b,18,13,55380958,964.8,91433425,0,1,0,1,-1,2,1,True,55335975,1048.0478,971.0655,979.2768,Grimmsnarl (mirror),9714ab5c3996f6cc,2026-08-09T20:53:10.993398900Z
20260810_grimmsnarl_ml_v13_b_sub55380958,v13b,18,13,55380958,964.8,91438802,0,1,0,1,-1,1,2,True,55363551,1019.7063,979.2768,986.3899,Grimmsnarl (mirror),9714ab5c3996f6cc,2026-08-09T21:17:13.351933700Z
20260810_grimmsnarl_ml_v13_b_sub55380958,v13b,18,13,55380958,964.8,91443290,1,0,0,-1,1,6,4,False,55373076,963.1928,986.3899,979.8606,Mega Lopunny / Froslass,a7ee29914c1dce64,2026-08-09T21:36:53.882232700Z
20260810_grimmsnarl_ml_v13_b_sub55380958,v13b,18,13,55380958,964.8,91445785,0,0,0,-1,1,3,2,True,55388986,1011.8217,979.8606,974.7557,Dragapult,b51f31588c444c48,2026-08-09T21:49:07.622229200Z
20260810_grimmsnarl_ml_v13_b_sub55380958,v13b,18,13,55380958,964.8,91449505,0,0,0,-1,1,3,1,True,55374151,997.8888,974.7557,969.4656,Kangaskhan / Crustle,9b415cc6bbdf6fd5,2026-08-09T22:04:38.978673900Z
20260810_grimmsnarl_ml_v13_b_sub55380958,v13b,18,13,55380958,964.8,91458597,0,1,0,1,-1,1,5,True,55384804,934.5449,964.416,969.3662,Grimmsnarl (mirror),9714ab5c3996f6cc,2026-08-09T22:45:01.315892Z
20260810_grimmsnarl_ml_v13_b_sub55380958,v13b,18,13,55380958,964.8,91458599,0,1,0,1,-1,2,1,True,55384331,984.8951,969.3662,975.1136,Mega Lopunny / Froslass,a7ee29914c1dce64,2026-08-09T22:45:02.639343700Z
20260810_grimmsnarl_ml_v13_b_sub55380958,v13b,18,13,55380958,964.8,91458654,0,0,0,-1,1,5,1,True,55378840,999.5124,969.4656,964.416,Dipplin,b957f91298535456,2026-08-09T22:44:56.318245200Z
20260810_grimmsnarl_ml_v13_b_sub55380958,v13b,18,13,55380958,964.8,91460175,0,0,0,-1,1,2,1,True,55389189,1040.8322,975.1136,971.0453,Alakazam,48dd99dd2b5aba68,2026-08-09T22:58:47.533037700Z
20260810_grimmsnarl_ml_v13_b_sub55380958,v13b,18,13,55380958,964.8,91470315,0,0,0,-1,1,5,2,True,55377667,922.1465,971.0453,964.8383,Mega Lopunny / Froslass,6fa64c0e3b2eb67c,2026-08-09T23:38:01.594930700Z
20260810_grimmsnarl_ml_v14_sub55395386,v14,19,14,55395386,927.6,91518506,0,1,0,1,-1,1,2,True,55395386,,,,Grimmsnarl (mirror),9714ab5c3996f6cc,2026-08-10T03:09:01.326674400Z
20260810_grimmsnarl_ml_v14_sub55395386,v14,19,14,55395386,927.6,91519470,1,1,0,1,-1,2,2,False,53975206,598.916,600.0,708.477,Archaludon,1a5a0c5b50e7199e,2026-08-10T03:12:56.598338100Z
20260810_grimmsnarl_ml_v14_sub55395386,v14,19,14,55395386,927.6,91520374,1,1,0,1,-1,1,3,False,55260323,735.8923,708.477,812.4001,Ogerpon,7fad986267efc755,2026-08-10T03:17:06.598882900Z
20260810_grimmsnarl_ml_v14_sub55395386,v14,19,14,55395386,927.6,91521308,1,1,0,1,-1,1,4,False,54970650,773.3671,812.4001,887.286,Alakazam,cc38cb450b86770a,2026-08-10T03:21:04.015622800Z
20260810_grimmsnarl_ml_v14_sub55395386,v14,19,14,55395386,927.6,91522222,1,1,0,1,-1,4,6,False,55394289,799.4493,887.286,940.7977,Alakazam,37b1baeb321232fd,2026-08-10T03:24:45.713686500Z
20260810_grimmsnarl_ml_v14_sub55395386,v14,19,14,55395386,927.6,91523140,0,0,0,-1,1,2,2,True,55374283,910.5153,940.7977,873.8934,Grimmsnarl (mirror),9714ab5c3996f6cc,2026-08-10T03:28:59.763552500Z
20260810_grimmsnarl_ml_v14_sub55395386,v14,19,14,55395386,927.6,91524083,1,0,0,-1,1,5,1,False,55393406,947.8571,873.8934,834.9924,Grimmsnarl (mirror),9714ab5c3996f6cc,2026-08-10T03:32:49.499367100Z
20260810_grimmsnarl_ml_v14_sub55395386,v14,19,14,55395386,927.6,91525026,1,1,0,1,-1,1,2,False,54259533,756.3258,834.9924,868.5231,Mega Lucario,603dca472e915d83,2026-08-10T03:36:53.999075500Z
20260810_grimmsnarl_ml_v14_sub55395386,v14,19,14,55395386,927.6,91526008,0,1,0,1,-1,1,3,True,55380942,838.9419,868.5231,903.8326,Mega Lucario,c357257ac25397b9,2026-08-10T03:44:24.740916700Z
20260810_grimmsnarl_ml_v14_sub55395386,v14,19,14,55395386,927.6,91526864,0,1,0,1,-1,1,6,True,55391084,799.5867,903.8326,927.327,Kangaskhan / Crustle,4717e5f31ba694d4,2026-08-10T03:45:00.989238Z
20260810_grimmsnarl_ml_v14_sub55395386,v14,19,14,55395386,927.6,91527777,1,1,0,1,-1,1,4,False,55215041,898.082,927.327,955.9818,Grimmsnarl (mirror),9714ab5c3996f6cc,2026-08-10T03:48:56.341085500Z
20260810_grimmsnarl_ml_v14_sub55395386,v14,19,14,55395386,927.6,91528684,1,1,0,1,-1,2,1,False,55314776,842.2002,955.9818,974.5533,Ogerpon,0dede7cb8026e473,2026-08-10T03:53:22.102092900Z
20260810_grimmsnarl_ml_v14_sub55395386,v14,19,14,55395386,927.6,91529623,1,1,0,1,-1,1,3,False,55151934,850.9139,974.5533,990.9763,Alakazam,cc38cb450b86770a,2026-08-10T03:57:38.930373Z
20260810_grimmsnarl_ml_v14_sub55395386,v14,19,14,55395386,927.6,91530532,1,1,0,1,-1,2,5,False,54501110,852.5397,990.9763,1005.259,Mega Lucario,ac8ffecbfd9f271f,2026-08-10T04:00:48.168460400Z
20260810_grimmsnarl_ml_v14_sub55395386,v14,19,14,55395386,927.6,91531557,0,0,0,-1,1,5,1,True,55391449,938.1255,1005.259,976.5083,Mega Lucario,05f854e1b3b3ba0f,2026-08-10T04:04:57.689258700Z
20260810_grimmsnarl_ml_v14_sub55395386,v14,19,14,55395386,927.6,91532367,1,1,0,1,-1,1,1,False,55386172,981.1055,976.5083,998.1966,Alakazam,cc38cb450b86770a,2026-08-10T04:09:09.002087800Z
20260810_grimmsnarl_ml_v14_sub55395386,v14,19,14,55395386,927.6,91533288,0,0,0,-1,1,4,1,True,55393172,927.7517,998.1966,973.4112,Ogerpon,97df7a2a423da1d8,2026-08-10T04:14:29.167182300Z
20260810_grimmsnarl_ml_v14_sub55395386,v14,19,14,55395386,927.6,91534336,1,1,0,1,-1,2,3,False,55360885,963.9511,973.4112,991.2385,Grimmsnarl (mirror),9714ab5c3996f6cc,2026-08-10T04:17:14.266386200Z
20260810_grimmsnarl_ml_v14_sub55395386,v14,19,14,55395386,927.6,91535151,0,1,0,1,-1,1,1,True,55396203,970.0755,991.2385,1005.0837,Archaludon,2b6a7dd699d2b6a5,2026-08-10T04:21:06.622951100Z
20260810_grimmsnarl_ml_v14_sub55395386,v14,19,14,55395386,927.6,91536083,0,1,0,1,-1,2,6,True,55303314,449.7572,1005.0837,1005.4882,Dragapult,8055443275c86105,2026-08-10T04:24:53.081599600Z
20260810_grimmsnarl_ml_v14_sub55395386,v14,19,14,55395386,927.6,91536982,1,0,0,-1,1,5,2,False,55364854,955.4803,1005.4882,985.9296,other: Cynthia's Garchomp ex,daff2ed17de6145d,2026-08-10T04:28:52.879488100Z
20260810_grimmsnarl_ml_v14_sub55395386,v14,19,14,55395386,927.6,91537905,0,0,0,-1,1,3,1,True,54617976,618.3764,985.9296,945.9198,Alakazam,63981fa5e65a5589,2026-08-10T04:32:55.440400Z
20260810_grimmsnarl_ml_v14_sub55395386,v14,19,14,55395386,927.6,91538851,0,1,0,1,-1,6,4,True,55307783,574.2753,945.9198,947.8392,Kangaskhan / Crustle,abadc10e32556f88,2026-08-10T04:36:45.780054400Z
20260810_grimmsnarl_ml_v14_sub55395386,v14,19,14,55395386,927.6,91539723,0,1,0,1,-1,1,1,True,55369302,897.6182,947.8392,959.5999,Alakazam,cc38cb450b86770a,2026-08-10T04:41:30.811747900Z
20260810_grimmsnarl_ml_v14_sub55395386,v14,19,14,55395386,927.6,91540708,1,0,0,-1,1,1,1,False,55390750,953.8991,959.5999,945.7872,Grimmsnarl (mirror),9714ab5c3996f6cc,2026-08-10T04:45:08.966006200Z
20260810_grimmsnarl_ml_v14_sub55395386,v14,19,14,55395386,927.6,91541635,1,0,0,-1,1,4,2,False,55395505,983.2992,945.7872,934.7462,Alakazam,cc38cb450b86770a,2026-08-10T04:48:45.912686Z
20260810_grimmsnarl_ml_v14_sub55395386,v14,19,14,55395386,927.6,91542619,1,1,0,1,-1,1,3,False,55364276,910.2037,892.2819,904.7265,Dragapult,c8063c53ca2d7bf6,2026-08-10T05:00:10.701128800Z
20260810_grimmsnarl_ml_v14_sub55395386,v14,19,14,55395386,927.6,91543447,1,0,0,-1,1,2,2,False,53865106,399.1288,934.7462,892.2819,other: Mega Abomasnow ex,7e7bca6783abe61e,2026-08-10T04:56:48.482394800Z
20260810_grimmsnarl_ml_v14_sub55395386,v14,19,14,55395386,927.6,91544391,0,1,0,1,-1,1,2,True,55128381,791.695,904.7265,911.8079,Alakazam,cc38cb450b86770a,2026-08-10T05:01:09.227769500Z
20260810_grimmsnarl_ml_v14_sub55395386,v14,19,14,55395386,927.6,91545330,1,1,0,1,-1,1,5,False,55379960,1070.3884,911.8079,929.491,Mega Lopunny / Froslass,a7ee29914c1dce64,2026-08-10T05:05:03.285398300Z
20260810_grimmsnarl_ml_v14_sub55395386,v14,19,14,55395386,927.6,91546258,0,1,0,1,-1,1,4,True,55355334,823.7977,929.491,936.2525,Alakazam,cc38cb450b86770a,2026-08-10T05:09:00.533108800Z
20260810_grimmsnarl_ml_v14_sub55395386,v14,19,14,55395386,927.6,91547190,0,0,0,-1,1,2,2,True,55393897,902.0181,936.2525,925.0425,Mega Lucario,05f854e1b3b3ba0f,2026-08-10T05:13:16.293252600Z
20260810_grimmsnarl_ml_v14_sub55395386,v14,19,14,55395386,927.6,91548124,0,0,0,-1,1,4,1,True,55373413,939.4943,925.0425,915.8616,Grimmsnarl (mirror),9714ab5c3996f6cc,2026-08-10T05:18:36.899247600Z
20260810_grimmsnarl_ml_v14_sub55395386,v14,19,14,55395386,927.6,91549050,1,1,0,1,-1,2,1,False,55361018,874.6978,915.8616,923.8765,other: Cynthia's Garchomp ex,daff2ed17de6145d,2026-08-10T05:21:03.646456200Z
20260810_grimmsnarl_ml_v14_sub55395386,v14,19,14,55395386,927.6,91549967,0,0,0,-1,1,5,1,True,55388291,902.5709,923.8765,914.1063,Grimmsnarl (mirror),4c6939852c25e972,2026-08-10T05:24:54.885648200Z
20260810_grimmsnarl_ml_v14_sub55395386,v14,19,14,55395386,927.6,91550900,1,1,0,1,-1,1,4,False,55396691,950.4734,914.1063,923.5373,Alakazam,cc38cb450b86770a,2026-08-10T05:28:53.043155Z
20260810_grimmsnarl_ml_v14_sub55395386,v14,19,14,55395386,927.6,91551819,1,0,0,-1,1,3,1,False,55351478,968.1672,923.5373,916.3487,Alakazam,cc38cb450b86770a,2026-08-10T05:32:52.608496400Z
20260810_grimmsnarl_ml_v14_sub55395386,v14,19,14,55395386,927.6,91552660,1,0,0,-1,1,5,1,False,55396305,938.6692,922.9796,915.5486,Kangaskhan / Crustle,87961fc5694f0b73,2026-08-10T05:37:11.212472300Z
20260810_grimmsnarl_ml_v14_sub55395386,v14,19,14,55395386,927.6,91552779,1,1,0,1,-1,3,3,False,55384441,859.0757,916.3487,922.9796,Grimmsnarl (mirror),21c3f20980827cb2,2026-08-10T05:37:02.749776500Z
20260810_grimmsnarl_ml_v14_sub55395386,v14,19,14,55395386,927.6,91553697,1,1,0,1,-1,1,3,False,55363521,932.2945,915.5486,923.8755,Alakazam,29929a763bf01096,2026-08-10T05:41:32.862409200Z
20260810_grimmsnarl_ml_v14_sub55395386,v14,19,14,55395386,927.6,91559036,1,0,0,-1,1,1,2,False,55396491,872.5511,923.8755,914.9871,Mega Lopunny / Froslass,6fa64c0e3b2eb67c,2026-08-10T06:09:23.995676200Z
20260810_grimmsnarl_ml_v14_sub55395386,v14,19,14,55395386,927.6,91574852,0,1,0,1,-1,1,3,True,55394375,889.7975,914.9871,921.6826,Grimmsnarl (mirror),d6af6a8e13455971,2026-08-10T07:13:00.133238400Z
20260810_grimmsnarl_ml_v14_sub55395386,v14,19,14,55395386,927.6,91576348,1,1,0,1,-1,1,2,True,55399493,914.2201,921.6826,927.6589,Archaludon,2b6a7dd699d2b6a5,2026-08-10T07:20:48.862294400Z
20260810_grimmsnarl_ml_v15_sub55404196,v15,20,15,55404196,1007.7,91625099,0,1,0,1,-1,2,1,True,55404196,,,,Grimmsnarl (mirror),9714ab5c3996f6cc,2026-08-10T10:51:58.475916200Z
20260810_grimmsnarl_ml_v15_sub55404196,v15,20,15,55404196,1007.7,91625197,1,1,0,1,-1,1,5,False,54014801,706.986,600.0,742.2604,other: Hop's Trevenant,986c89d6bbe428f2,2026-08-10T10:52:52.465726500Z
20260810_grimmsnarl_ml_v15_sub55404196,v15,20,15,55404196,1007.7,91626105,0,1,0,1,-1,1,5,True,54967117,742.8029,742.2604,838.7802,Mega Lucario,c3c16f0e65487ad6,2026-08-10T10:57:01.845494100Z
20260810_grimmsnarl_ml_v15_sub55404196,v15,20,15,55404196,1007.7,91627018,1,1,0,1,-1,1,4,False,55304615,771.2699,838.7802,907.1745,Alakazam,e452d606e1029229,2026-08-10T11:00:54.298560400Z
20260810_grimmsnarl_ml_v15_sub55404196,v15,20,15,55404196,1007.7,91627968,0,1,0,1,-1,3,2,True,53781769,722.2697,907.1745,944.6486,Kangaskhan / Crustle,6977b2047b1f620e,2026-08-10T11:04:56.084418600Z
20260810_grimmsnarl_ml_v15_sub55404196,v15,20,15,55404196,1007.7,91628892,1,0,0,-1,1,4,1,False,55392982,878.2113,944.6486,868.7287,Alakazam,3eab55e0c01eea42,2026-08-10T11:09:43.002579Z
20260810_grimmsnarl_ml_v15_sub55404196,v15,20,15,55404196,1007.7,91629835,1,1,0,1,-1,1,6,False,55403813,847.5058,868.7287,914.8786,other: Team Rocket's Mewtwo ex,ce875d482eaa7ade,2026-08-10T11:12:54.971397200Z
20260810_grimmsnarl_ml_v15_sub55404196,v15,20,15,55404196,1007.7,91630184,1,0,0,-1,1,2,1,False,55400834,829.374,914.8786,857.0486,Grimmsnarl (mirror),9714ab5c3996f6cc,2026-08-10T11:13:01.557359300Z
20260810_grimmsnarl_ml_v15_sub55404196,v15,20,15,55404196,1007.7,91630770,1,1,0,1,-1,2,5,True,55283867,830.3647,857.0486,892.3193,Archaludon,ebd4dbb270dce6a2,2026-08-10T11:16:52.008621400Z
20260810_grimmsnarl_ml_v15_sub55404196,v15,20,15,55404196,1007.7,91631698,1,1,0,1,-1,2,5,False,55379450,801.0171,892.3193,916.8046,Dragapult,a0c137dc41050f92,2026-08-10T11:24:17.588396500Z
20260810_grimmsnarl_ml_v15_sub55404196,v15,20,15,55404196,1007.7,91632620,0,0,0,-1,1,2,2,True,55328583,930.2834,916.8046,887.0102,Grimmsnarl (mirror),9714ab5c3996f6cc,2026-08-10T11:25:08.247667Z
20260810_grimmsnarl_ml_v15_sub55404196,v15,20,15,55404196,1007.7,91633556,1,1,0,1,-1,1,6,True,54430351,879.9693,887.0102,914.5492,other: Comfey,1ba58fb8a41b6101,2026-08-10T11:28:55.839709600Z
20260810_grimmsnarl_ml_v15_sub55404196,v15,20,15,55404196,1007.7,91634488,0,1,0,1,-1,1,2,True,55374596,915.7082,914.5492,940.3595,Grimmsnarl (mirror),9714ab5c3996f6cc,2026-08-10T11:33:05.842925100Z
20260810_grimmsnarl_ml_v15_sub55404196,v15,20,15,55404196,1007.7,91635430,0,1,0,1,-1,1,6,True,53852973,659.9846,940.3595,946.6814,Mega Lucario,c3c16f0e65487ad6,2026-08-10T11:36:52.754761700Z
20260810_grimmsnarl_ml_v15_sub55404196,v15,20,15,55404196,1007.7,91636342,0,1,0,1,-1,1,6,True,55274129,960.9584,946.6814,970.5231,other: Brambleghast,5acd0e1893c52a79,2026-08-10T11:40:46.620689400Z
20260810_grimmsnarl_ml_v15_sub55404196,v15,20,15,55404196,1007.7,91637276,1,0,0,-1,1,3,1,False,55404848,839.3575,970.5231,943.8755,Alakazam,cc38cb450b86770a,2026-08-10T11:44:48.827043700Z
20260810_grimmsnarl_ml_v15_sub55404196,v15,20,15,55404196,1007.7,91638219,0,1,0,1,-1,2,5,True,55298590,832.2678,943.8755,956.5546,Grimmsnarl (mirror),9714ab5c3996f6cc,2026-08-10T11:49:00.448477200Z
20260810_grimmsnarl_ml_v15_sub55404196,v15,20,15,55404196,1007.7,91639130,1,1,0,1,-1,1,3,False,55388051,920.5603,956.5546,972.8933,Dragapult,e6e1641ed1455020,2026-08-10T11:53:23.636900Z
20260810_grimmsnarl_ml_v15_sub55404196,v15,20,15,55404196,1007.7,91640079,1,1,0,1,-1,1,4,False,55401537,948.622,972.8933,988.8611,Grimmsnarl (mirror),9714ab5c3996f6cc,2026-08-10T11:56:58.713732400Z
20260810_grimmsnarl_ml_v15_sub55404196,v15,20,15,55404196,1007.7,91641012,0,1,0,1,-1,1,2,True,55405141,975.4215,988.8611,1003.2629,Alakazam,cc38cb450b86770a,2026-08-10T12:01:07.884957900Z
20260810_grimmsnarl_ml_v15_sub55404196,v15,20,15,55404196,1007.7,91641933,1,0,0,-1,1,3,2,False,55374483,1050.8481,1003.2629,990.0269,Grimmsnarl (mirror),9714ab5c3996f6cc,2026-08-10T12:05:07.800259600Z
20260810_grimmsnarl_ml_v15_sub55404196,v15,20,15,55404196,1007.7,91642858,0,1,0,1,-1,1,4,True,55367704,993.2047,990.0269,1005.2139,Alakazam,cc38cb450b86770a,2026-08-10T12:09:16.514564900Z
20260810_grimmsnarl_ml_v15_sub55404196,v15,20,15,55404196,1007.7,91644003,0,1,0,1,-1,5,6,True,55396929,943.339,1005.2139,1016.4366,Alakazam,cc38cb450b86770a,2026-08-10T12:12:59.249580200Z
20260810_grimmsnarl_ml_v15_sub55404196,v15,20,15,55404196,1007.7,91644716,0,1,0,1,-1,1,2,True,55146037,918.216,1016.4366,1025.6748,other: Cynthia's Garchomp ex,daff2ed17de6145d,2026-08-10T12:17:06.625067200Z
20260810_grimmsnarl_ml_v15_sub55404196,v15,20,15,55404196,1007.7,91645648,0,0,0,-1,1,3,1,True,55308390,1014.0631,1025.6748,1012.0332,Grimmsnarl (mirror),9714ab5c3996f6cc,2026-08-10T12:21:19.928878Z
20260810_grimmsnarl_ml_v15_sub55404196,v15,20,15,55404196,1007.7,91646590,0,1,0,1,-1,1,1,True,55393956,1030.8075,1012.0332,1025.3511,Alakazam,cc38cb450b86770a,2026-08-10T12:25:29.177066400Z
20260810_grimmsnarl_ml_v15_sub55404196,v15,20,15,55404196,1007.7,91647514,1,1,0,1,-1,1,6,False,55393180,1021.0935,1025.3511,1037.0715,Grimmsnarl (mirror),9714ab5c3996f6cc,2026-08-10T12:29:55.366369200Z
20260810_grimmsnarl_ml_v15_sub55404196,v15,20,15,55404196,1007.7,91648464,1,1,0,1,-1,1,4,False,55108130,906.2642,1037.0715,1043.7423,other: Cynthia's Garchomp ex,daff2ed17de6145d,2026-08-10T12:33:07.430436900Z
20260810_grimmsnarl_ml_v15_sub55404196,v15,20,15,55404196,1007.7,91649403,1,1,0,1,-1,1,4,False,55314931,974.2138,1043.7423,1052.2271,Grimmsnarl (mirror),9714ab5c3996f6cc,2026-08-10T12:37:02.105690800Z
20260810_grimmsnarl_ml_v15_sub55404196,v15,20,15,55404196,1007.7,91650346,0,1,0,1,-1,1,4,True,55397828,998.1105,1043.3717,1052.0692,Grimmsnarl (mirror),9714ab5c3996f6cc,2026-08-10T12:41:02.530716300Z
20260810_grimmsnarl_ml_v15_sub55404196,v15,20,15,55404196,1007.7,91650398,0,0,0,-1,1,4,1,True,55403566,1100.6837,1052.2271,1043.3717,other: Rillaboom,386025bd3ab3c9cd,2026-08-10T12:41:00.099395400Z
20260810_grimmsnarl_ml_v15_sub55404196,v15,20,15,55404196,1007.7,91651280,1,0,0,-1,1,1,2,False,55397412,1024.1452,1052.0692,1041.0666,Grimmsnarl (mirror),9714ab5c3996f6cc,2026-08-10T12:45:19.288583Z
20260810_grimmsnarl_ml_v15_sub55404196,v15,20,15,55404196,1007.7,91652218,0,0,0,-1,1,1,1,True,55363080,1127.8215,1041.0666,1034.2204,Grimmsnarl (mirror),21c3f20980827cb2,2026-08-10T12:49:22.401190600Z
20260810_grimmsnarl_ml_v15_sub55404196,v15,20,15,55404196,1007.7,91653142,0,0,0,-1,1,2,2,True,54140460,558.8014,1034.2204,1004.8009,other: Mega Starmie ex,54bcab557d0c2af0,2026-08-10T12:53:01.875908700Z
20260810_grimmsnarl_ml_v15_sub55404196,v15,20,15,55404196,1007.7,91654112,1,0,0,-1,1,2,2,False,55377277,965.5483,1004.8009,994.553,Grimmsnarl (mirror),9714ab5c3996f6cc,2026-08-10T12:56:58.227296500Z
20260810_grimmsnarl_ml_v15_sub55404196,v15,20,15,55404196,1007.7,91655043,0,1,0,1,-1,1,4,True,55379297,938.2478,994.553,1001.5131,Grimmsnarl (mirror),9714ab5c3996f6cc,2026-08-10T13:01:10.182705500Z
20260810_grimmsnarl_ml_v15_sub55404196,v15,20,15,55404196,1007.7,91655872,1,1,0,1,-1,1,4,False,55405188,1036.5636,1009.3225,1018.0809,Grimmsnarl (mirror),9714ab5c3996f6cc,2026-08-10T13:05:05.930453600Z
20260810_grimmsnarl_ml_v15_sub55404196,v15,20,15,55404196,1007.7,91655963,1,1,0,1,-1,6,6,False,55380478,981.6444,1001.5131,1009.3225,Alakazam,cc38cb450b86770a,2026-08-10T13:04:41.654035100Z
20260810_grimmsnarl_ml_v15_sub55404196,v15,20,15,55404196,1007.7,91656922,0,1,0,1,-1,2,4,True,55398192,972.4959,1018.0809,1024.7273,Grimmsnarl (mirror),9714ab5c3996f6cc,2026-08-10T13:08:59.281951500Z
20260810_grimmsnarl_ml_v15_sub55404196,v15,20,15,55404196,1007.7,91657654,1,1,0,1,-1,1,3,False,55242459,1055.7272,1024.7273,1033.3396,Alakazam,cd280fd89f75c8e7,2026-08-10T13:13:12.421029700Z
20260810_grimmsnarl_ml_v15_sub55404196,v15,20,15,55404196,1007.7,91658783,0,1,0,1,-1,1,5,True,54757485,520.4545,1033.3396,1033.5882,Alakazam,a665414222aea434,2026-08-10T13:16:53.868525100Z
20260810_grimmsnarl_ml_v15_sub55404196,v15,20,15,55404196,1007.7,91659713,0,1,0,1,-1,1,1,True,55380378,959.5442,1033.5882,1039.1818,Kangaskhan / Crustle,1eda048ea3581634,2026-08-10T13:23:33.241086100Z
20260810_grimmsnarl_ml_v15_sub55404196,v15,20,15,55404196,1007.7,91660667,0,1,0,1,-1,2,1,True,55404163,1070.1316,1039.1818,1047.2737,Alakazam,cc38cb450b86770a,2026-08-10T13:25:22.674843Z
20260810_grimmsnarl_ml_v15_sub55404196,v15,20,15,55404196,1007.7,91661606,1,0,0,-1,1,4,2,False,55399021,980.7184,1047.2737,1038.4054,Mega Lopunny / Froslass,6fa64c0e3b2eb67c,2026-08-10T13:30:06.035537Z
20260810_grimmsnarl_ml_v15_sub55404196,v15,20,15,55404196,1007.7,91662217,0,1,0,1,-1,2,1,True,55407808,708.1283,1032.6467,1034.2043,Mega Lucario,c3c16f0e65487ad6,2026-08-10T13:32:55.908951200Z
20260810_grimmsnarl_ml_v15_sub55404196,v15,20,15,55404196,1007.7,91662535,1,0,0,-1,1,5,2,False,55403566,1085.2044,1038.4054,1032.6467,other: Rillaboom,386025bd3ab3c9cd,2026-08-10T13:32:52.951401900Z
20260810_grimmsnarl_ml_v15_sub55404196,v15,20,15,55404196,1007.7,91663401,0,0,0,-1,1,1,1,True,55405188,1003.3398,1024.4844,1017.5535,Grimmsnarl (mirror),9714ab5c3996f6cc,2026-08-10T13:37:12.300712600Z
20260810_grimmsnarl_ml_v15_sub55404196,v15,20,15,55404196,1007.7,91663479,0,0,0,-1,1,6,4,True,55330659,920.1714,1034.2043,1024.4844,Kangaskhan / Crustle,9b415cc6bbdf6fd5,2026-08-10T13:37:10.702005400Z
20260810_grimmsnarl_ml_v15_sub55404196,v15,20,15,55404196,1007.7,91667024,1,0,0,-1,1,4,1,False,55406626,1018.6059,1017.5535,1011.4124,Alakazam,cc38cb450b86770a,2026-08-10T13:55:21.653516700Z
20260810_grimmsnarl_ml_v15_sub55404196,v15,20,15,55404196,1007.7,91690205,0,1,0,1,-1,1,2,True,55409691,1031.4119,1011.4124,1017.5941,Grimmsnarl (mirror),21c3f20980827cb2,2026-08-10T15:35:51.746250400Z
20260810_grimmsnarl_ml_v15_sub55404196,v15,20,15,55404196,1007.7,91697663,1,0,0,-1,1,5,1,False,55410607,996.6741,1017.5941,1011.5057,Grimmsnarl (mirror),9714ab5c3996f6cc,2026-08-10T16:07:30.862246500Z
20260810_grimmsnarl_ml_v15_sub55404196,v15,20,15,55404196,1007.7,91716337,1,0,0,-1,1,4,1,False,55411051,1066.0042,1011.5057,1006.7232,Mega Lucario,05f854e1b3b3ba0f,2026-08-10T17:36:59.744565Z
20260810_grimmsnarl_ml_v15_sub55404196,v15,20,15,55404196,1007.7,91723921,0,1,0,1,-1,3,1,True,55408230,644.4693,1006.7232,1007.5344,Kangaskhan / Crustle,9b415cc6bbdf6fd5,2026-08-10T18:08:14.690520Z
20260810_grimmsnarl_ml_v15_sub55404196,v15,20,15,55404196,1007.7,91729142,0,1,0,1,-1,3,3,True,55413157,934.2495,1007.5344,1011.7104,Mega Lopunny / Froslass,34d66734d290ea3d,2026-08-10T18:31:56.625844900Z
20260810_grimmsnarl_ml_v15_sub55404196,v15,20,15,55404196,1007.7,91733024,0,1,0,1,-1,1,3,True,55411322,955.7343,1011.7104,1016.3086,Grimmsnarl (mirror),9714ab5c3996f6cc,2026-08-10T18:48:11.561060900Z
20260810_grimmsnarl_ml_v15_sub55404196,v15,20,15,55404196,1007.7,91742137,1,1,0,1,-1,1,2,False,55412982,1012.6811,1025.5072,1030.6692,Alakazam,cc38cb450b86770a,2026-08-10T19:34:56.537267200Z
20260810_grimmsnarl_ml_v15_sub55404196,v15,20,15,55404196,1007.7,91742357,1,1,0,1,-1,2,1,False,55410444,1173.9764,1016.3086,1025.5072,Kangaskhan / Crustle,f28177e6f00410a7,2026-08-10T19:33:10.569981100Z
20260810_grimmsnarl_ml_v15_sub55404196,v15,20,15,55404196,1007.7,91743131,1,0,0,-1,1,2,2,False,55411500,1039.9873,1030.6692,1025.4754,Dragapult,10fc83264fd70470,2026-08-10T19:41:47.253183500Z
20260810_grimmsnarl_ml_v15_sub55404196,v15,20,15,55404196,1007.7,91751312,1,0,0,-1,1,1,2,False,55414968,993.6685,1025.4754,1020.1759,Grimmsnarl (mirror),9714ab5c3996f6cc,2026-08-10T20:13:57.489958700Z
20260810_grimmsnarl_ml_v15_sub55404196,v15,20,15,55404196,1007.7,91770983,1,1,0,1,-1,2,1,False,55409165,923.5556,1014.7765,1018.307,Mega Lopunny / Froslass,a7ee29914c1dce64,2026-08-10T21:40:16.046227200Z
20260810_grimmsnarl_ml_v15_sub55404196,v15,20,15,55404196,1007.7,91770999,0,0,0,-1,1,5,4,True,55410531,1009.4832,1020.1759,1014.7765,Kangaskhan / Crustle,9b415cc6bbdf6fd5,2026-08-10T21:39:31.939190200Z
20260810_grimmsnarl_ml_v15_sub55404196,v15,20,15,55404196,1007.7,91779068,0,0,0,-1,1,1,2,True,55415079,1001.0972,1018.307,1013.0088,Mega Lopunny / Froslass,a7ee29914c1dce64,2026-08-10T22:16:45.050981100Z
20260810_grimmsnarl_ml_v15_sub55404196,v15,20,15,55404196,1007.7,91793871,0,0,0,-1,1,5,1,True,55415597,995.6877,1013.0088,1007.7863,Kangaskhan / Crustle,20bc24847121c967,2026-08-10T23:22:54.779350400Z
20260811_grimmsnarl_ml_v15_b_sub55409394,v15b,21,15,55409394,862.0,91676958,0,0,0,-1,1,2,1,True,55409394,,,,Grimmsnarl (mirror),9714ab5c3996f6cc,2026-08-10T14:35:40.399136900Z
20260811_grimmsnarl_ml_v15_b_sub55409394,v15b,21,15,55409394,862.0,91677104,1,1,0,1,-1,1,2,False,55378442,610.4999,600.0,711.4506,Mega Lopunny / Froslass,f38bbd847e72cace,2026-08-10T14:39:19.258419400Z
20260811_grimmsnarl_ml_v15_b_sub55409394,v15b,21,15,55409394,862.0,91678025,1,1,0,1,-1,2,4,False,55407610,715.2636,711.4506,807.4957,Mega Lucario,c3c16f0e65487ad6,2026-08-10T14:43:15.815987100Z
20260811_grimmsnarl_ml_v15_b_sub55409394,v15b,21,15,55409394,862.0,91678337,1,1,0,1,-1,6,1,False,55406867,753.3311,807.4957,878.2857,Archaludon,1a5a0c5b50e7199e,2026-08-10T14:43:26.378197200Z
20260811_grimmsnarl_ml_v15_b_sub55409394,v15b,21,15,55409394,862.0,91678968,0,1,0,1,-1,2,6,True,55404955,821.8924,878.2857,938.5624,Dragapult,9ad3143fbfcfc93e,2026-08-10T14:47:44.305057100Z
20260811_grimmsnarl_ml_v15_b_sub55409394,v15b,21,15,55409394,862.0,91679914,0,1,0,1,-1,1,6,True,55375545,898.2237,938.5624,992.1366,Alakazam,cc38cb450b86770a,2026-08-10T14:51:48.098434300Z
20260811_grimmsnarl_ml_v15_b_sub55409394,v15b,21,15,55409394,862.0,91680860,0,1,0,1,-1,1,3,True,55185632,645.3568,992.1366,1002.8232,Mega Lucario,c3c16f0e65487ad6,2026-08-10T14:55:29.068497800Z
20260811_grimmsnarl_ml_v15_b_sub55409394,v15b,21,15,55409394,862.0,91681807,0,1,0,1,-1,1,6,True,55372662,972.4376,1002.8232,1046.6472,Grimmsnarl (mirror),9714ab5c3996f6cc,2026-08-10T14:59:36.500980Z
20260811_grimmsnarl_ml_v15_b_sub55409394,v15b,21,15,55409394,862.0,91682739,0,0,0,-1,1,2,2,True,55403277,1023.4547,1046.6472,1001.6037,Grimmsnarl (mirror),9714ab5c3996f6cc,2026-08-10T15:03:44.156485Z
20260811_grimmsnarl_ml_v15_b_sub55409394,v15b,21,15,55409394,862.0,91683700,1,1,0,1,-1,1,2,True,55030359,760.4336,1001.6037,1014.6659,Alakazam,2f1ff8aca24415ff,2026-08-10T15:07:50.039998400Z
20260811_grimmsnarl_ml_v15_b_sub55409394,v15b,21,15,55409394,862.0,91684636,0,0,0,-1,1,4,1,True,55341389,996.8121,1014.6659,978.3019,Grimmsnarl (mirror),9714ab5c3996f6cc,2026-08-10T15:12:06.623877200Z
20260811_grimmsnarl_ml_v15_b_sub55409394,v15b,21,15,55409394,862.0,91685576,0,0,0,-1,1,4,2,True,55395131,860.7759,978.3019,934.7953,Archaludon,602227a4f2e6f6d0,2026-08-10T15:17:07.829214300Z
20260811_grimmsnarl_ml_v15_b_sub55409394,v15b,21,15,55409394,862.0,91686556,1,0,0,-1,1,4,1,False,55406319,980.2181,934.7953,911.8155,Dragapult,202ee2cec6cbe8b4,2026-08-10T15:19:40.918606600Z
20260811_grimmsnarl_ml_v15_b_sub55409394,v15b,21,15,55409394,862.0,91687432,1,1,0,1,-1,1,5,False,55366690,849.1894,911.8155,931.6958,Grimmsnarl (mirror),9714ab5c3996f6cc,2026-08-10T15:23:41.582263Z
20260811_grimmsnarl_ml_v15_b_sub55409394,v15b,21,15,55409394,862.0,91688438,1,0,0,-1,1,1,2,False,55197717,838.7825,931.6958,900.5186,Kangaskhan / Crustle,71e0df05964ef45b,2026-08-10T15:27:26.419649400Z
20260811_grimmsnarl_ml_v15_b_sub55409394,v15b,21,15,55409394,862.0,91689352,0,0,0,-1,1,2,2,True,55400345,870.1688,900.5186,877.0991,Kangaskhan / Crustle,20bc24847121c967,2026-08-10T15:33:34.707414900Z
20260811_grimmsnarl_ml_v15_b_sub55409394,v15b,21,15,55409394,862.0,91690274,0,0,0,-1,1,3,1,True,55391096,842.6233,877.0991,855.0135,Grimmsnarl (mirror),9714ab5c3996f6cc,2026-08-10T15:35:32.804653Z
20260811_grimmsnarl_ml_v15_b_sub55409394,v15b,21,15,55409394,862.0,91691207,1,0,0,-1,1,5,1,False,55399306,821.7613,855.0135,834.6241,Kangaskhan / Crustle,8f6a9933322de8f8,2026-08-10T15:39:57.042703600Z
20260811_grimmsnarl_ml_v15_b_sub55409394,v15b,21,15,55409394,862.0,91692169,0,0,0,-1,1,2,2,True,55340748,757.6256,834.6241,812.5164,Archaludon,0bef8b29715ae7d8,2026-08-10T15:46:27.175311600Z
20260811_grimmsnarl_ml_v15_b_sub55409394,v15b,21,15,55409394,862.0,91693116,1,1,0,1,-1,1,2,False,55201817,776.3856,812.5164,826.5988,other: Team Rocket's Mewtwo ex,75bcf48c76a9e9b9,2026-08-10T15:47:36.941331800Z
20260811_grimmsnarl_ml_v15_b_sub55409394,v15b,21,15,55409394,862.0,91694052,0,0,0,-1,1,4,1,True,55314776,850.6531,826.5988,812.6221,Ogerpon,0dede7cb8026e473,2026-08-10T15:51:42.174476600Z
20260811_grimmsnarl_ml_v15_b_sub55409394,v15b,21,15,55409394,862.0,91694880,0,0,0,-1,1,3,1,True,55403365,889.5171,812.6221,801.8914,Alakazam,cc38cb450b86770a,2026-08-10T15:56:38.480985500Z
20260811_grimmsnarl_ml_v15_b_sub55409394,v15b,21,15,55409394,862.0,91695921,1,1,0,1,-1,0,5,False,55382726,763.5638,801.8914,813.9043,Grimmsnarl (mirror),9714ab5c3996f6cc,2026-08-10T15:59:30.600625400Z
20260811_grimmsnarl_ml_v15_b_sub55409394,v15b,21,15,55409394,862.0,91696864,0,1,0,1,-1,1,6,True,55341763,787.6015,813.9043,825.9401,Grimmsnarl (mirror),f2baf64fd7b1e902,2026-08-10T16:06:53.532509500Z
20260811_grimmsnarl_ml_v15_b_sub55409394,v15b,21,15,55409394,862.0,91697783,0,1,0,1,-1,1,5,True,55188512,815.1174,825.9401,838.1285,Kangaskhan / Crustle,9b415cc6bbdf6fd5,2026-08-10T16:08:13.273551900Z
20260811_grimmsnarl_ml_v15_b_sub55409394,v15b,21,15,55409394,862.0,91698761,0,1,0,1,-1,2,6,True,55373341,876.3524,838.1285,851.9651,Grimmsnarl (mirror),9714ab5c3996f6cc,2026-08-10T16:11:34.305684200Z
20260811_grimmsnarl_ml_v15_b_sub55409394,v15b,21,15,55409394,862.0,91699674,1,1,0,1,-1,1,4,False,53815105,484.9055,851.9651,853.5263,Alakazam,56ba3a4af2d3fdc6,2026-08-10T16:15:27.207372900Z
20260811_grimmsnarl_ml_v15_b_sub55409394,v15b,21,15,55409394,862.0,91700599,1,1,0,1,-1,1,2,False,55409621,883.4375,864.3665,875.8924,Mega Lopunny / Froslass,a7ee29914c1dce64,2026-08-10T16:19:40.954384200Z
20260811_grimmsnarl_ml_v15_b_sub55409394,v15b,21,15,55409394,862.0,91700607,0,1,0,1,-1,1,4,True,54641361,838.4562,853.5263,864.3665,Mega Lucario,177f4be2590d83db,2026-08-10T16:19:29.837019300Z
20260811_grimmsnarl_ml_v15_b_sub55409394,v15b,21,15,55409394,862.0,91701504,1,1,0,1,-1,1,3,False,55323328,881.5904,875.8924,886.6998,Grimmsnarl (mirror),9714ab5c3996f6cc,2026-08-10T16:23:21.833100500Z
20260811_grimmsnarl_ml_v15_b_sub55409394,v15b,21,15,55409394,862.0,91702476,1,0,0,-1,1,1,2,False,55386669,896.7784,886.6998,876.8728,Dragapult,cc6eb9755443c990,2026-08-10T16:27:27.127682300Z
20260811_grimmsnarl_ml_v15_b_sub55409394,v15b,21,15,55409394,862.0,91703411,1,1,0,1,-1,1,5,False,55250238,820.5491,876.8728,884.8021,Grimmsnarl (mirror),9714ab5c3996f6cc,2026-08-10T16:31:20.326288400Z
20260811_grimmsnarl_ml_v15_b_sub55409394,v15b,21,15,55409394,862.0,91704364,1,0,0,-1,1,3,1,False,55397745,865.777,884.8021,874.6559,other: Mega Gardevoir ex,f42ae0f3808b21ca,2026-08-10T16:40:54.711246800Z
20260811_grimmsnarl_ml_v15_b_sub55409394,v15b,21,15,55409394,862.0,91705177,0,0,0,-1,1,4,1,True,55410815,862.595,866.225,857.5933,Kangaskhan / Crustle,8f6a9933322de8f8,2026-08-10T16:48:46.172511200Z
20260811_grimmsnarl_ml_v15_b_sub55409394,v15b,21,15,55409394,862.0,91705326,1,0,0,-1,1,4,1,False,55395305,897.5887,874.6559,866.225,Alakazam,cc38cb450b86770a,2026-08-10T16:48:26.148856500Z
20260811_grimmsnarl_ml_v15_b_sub55409394,v15b,21,15,55409394,862.0,91710011,1,0,0,-1,1,6,6,False,55405894,604.4148,857.5933,840.2173,Dipplin,b957f91298535456,2026-08-10T17:07:55.543925900Z
20260811_grimmsnarl_ml_v15_b_sub55409394,v15b,21,15,55409394,862.0,91722960,0,0,0,-1,1,5,1,True,54587804,845.1177,840.2173,832.0337,Mega Lucario,77e929f79ac461eb,2026-08-10T18:04:06.767714700Z
20260811_grimmsnarl_ml_v15_b_sub55409394,v15b,21,15,55409394,862.0,91727461,1,1,0,1,-1,1,4,False,55411414,864.1919,832.0337,840.9471,Kangaskhan / Crustle,1eda048ea3581634,2026-08-10T18:25:52.190756100Z
20260811_grimmsnarl_ml_v15_b_sub55409394,v15b,21,15,55409394,862.0,91739555,1,1,0,1,-1,1,3,False,55330830,858.8517,840.9471,849.3148,Alakazam,cc38cb450b86770a,2026-08-10T19:20:58.180834100Z
20260811_grimmsnarl_ml_v15_b_sub55409394,v15b,21,15,55409394,862.0,91740184,0,0,0,-1,1,4,2,True,55414449,885.538,849.3148,843.6269,Grimmsnarl (mirror),9714ab5c3996f6cc,2026-08-10T19:25:05.868228900Z
20260811_grimmsnarl_ml_v15_b_sub55409394,v15b,21,15,55409394,862.0,91749785,0,0,0,-1,1,5,1,True,55335014,802.1624,843.6269,834.9753,Dipplin,1211b71bd348d598,2026-08-10T20:05:00.133719400Z
20260811_grimmsnarl_ml_v15_b_sub55409394,v15b,21,15,55409394,862.0,91752421,0,1,0,1,-1,1,3,True,55413135,879.9841,834.9753,843.3912,Grimmsnarl (mirror),57961e5f51c03eaf,2026-08-10T20:17:01.501229Z
20260811_grimmsnarl_ml_v15_b_sub55409394,v15b,21,15,55409394,862.0,91762727,0,1,0,1,-1,1,6,True,55306791,804.2024,843.3912,849.4949,Grimmsnarl (mirror),9714ab5c3996f6cc,2026-08-10T21:03:07.684758600Z
20260811_grimmsnarl_ml_v15_b_sub55409394,v15b,21,15,55409394,862.0,91768893,1,1,0,1,-1,1,5,False,55415940,943.0704,849.4949,858.0713,Kangaskhan / Crustle,1eda048ea3581634,2026-08-10T21:31:16.782557800Z
20260811_grimmsnarl_ml_v15_b_sub55409394,v15b,21,15,55409394,862.0,91775592,1,1,0,1,-1,2,1,False,55402884,660.5071,858.0713,860.8287,Mega Lucario,c3c16f0e65487ad6,2026-08-10T21:59:09.324223300Z
20260811_grimmsnarl_ml_v15_b_sub55409394,v15b,21,15,55409394,862.0,91780199,1,0,0,-1,1,3,1,False,55137085,802.0239,860.8287,852.6964,Grimmsnarl (mirror),9714ab5c3996f6cc,2026-08-10T22:19:06.467077Z
20260811_grimmsnarl_ml_v15_b_sub55409394,v15b,21,15,55409394,862.0,91783808,0,1,0,1,-1,4,6,True,55409911,861.5799,852.6964,859.3443,Grimmsnarl (mirror),9714ab5c3996f6cc,2026-08-10T22:35:00.790528600Z
20260811_grimmsnarl_ml_v15_b_sub55409394,v15b,21,15,55409394,862.0,91784799,0,1,0,1,-1,1,4,True,55413084,924.9624,859.3443,867.213,Alakazam,cc38cb450b86770a,2026-08-10T22:39:05.732643400Z
20260811_grimmsnarl_ml_v15_b_sub55409394,v15b,21,15,55409394,862.0,91793803,1,0,0,-1,1,3,1,False,55416688,908.1169,867.213,862.0346,Alakazam,cc38cb450b86770a,2026-08-10T23:22:44.251215500Z
20260811_grimmsnarl_ml_v16_sub55422280,v16,22,16,55422280,955.8,91853318,0,0,0,-1,1,1,1,True,55422280,,,,Grimmsnarl (mirror),9714ab5c3996f6cc,2026-08-11T03:41:19.709300700Z
20260811_grimmsnarl_ml_v16_sub55422280,v16,22,16,55422280,955.8,91853410,0,1,0,1,-1,1,5,True,54967706,619.7509,600.0,714.7002,Dragapult,0adf0d4f5330095d,2026-08-11T03:42:36.764398300Z
20260811_grimmsnarl_ml_v16_sub55422280,v16,22,16,55422280,955.8,91854332,1,1,0,1,-1,2,3,False,54290046,654.011,714.7002,795.2489,Mega Lucario,c3c16f0e65487ad6,2026-08-11T03:46:31.466613300Z
20260811_grimmsnarl_ml_v16_sub55422280,v16,22,16,55422280,955.8,91855284,0,1,0,1,-1,1,5,True,54295545,647.5401,795.2489,846.9015,Alakazam,a233298ee750b57c,2026-08-11T03:50:36.518190300Z
20260811_grimmsnarl_ml_v16_sub55422280,v16,22,16,55422280,955.8,91856243,0,1,0,1,-1,1,1,True,55327889,851.1899,846.9015,920.2343,Grimmsnarl (mirror),9714ab5c3996f6cc,2026-08-11T03:54:56.206351500Z
20260811_grimmsnarl_ml_v16_sub55422280,v16,22,16,55422280,955.8,91857161,0,1,0,1,-1,1,5,True,55417863,864.0422,920.2343,970.7309,Grimmsnarl (mirror),9714ab5c3996f6cc,2026-08-11T03:59:08.811482700Z
20260811_grimmsnarl_ml_v16_sub55422280,v16,22,16,55422280,955.8,91858081,0,0,0,-1,1,1,2,True,55384341,917.7474,1011.3467,951.7345,other: Hydrapple ex,78a27b6e506d4015,2026-08-11T04:07:33.196083500Z
20260811_grimmsnarl_ml_v16_sub55422280,v16,22,16,55422280,955.8,91859004,1,1,0,1,-1,4,3,False,55398526,899.5127,970.7309,1011.3467,Kangaskhan / Crustle,9b415cc6bbdf6fd5,2026-08-11T04:07:00.609707800Z
20260811_grimmsnarl_ml_v16_sub55422280,v16,22,16,55422280,955.8,91859947,0,0,0,-1,1,6,1,True,55394646,906.2746,951.7345,907.397,Alakazam,cc38cb450b86770a,2026-08-11T04:10:50.758338500Z
20260811_grimmsnarl_ml_v16_sub55422280,v16,22,16,55422280,955.8,91860889,0,1,0,1,-1,1,2,True,55328275,895.8899,907.397,939.7714,Grimmsnarl (mirror),9714ab5c3996f6cc,2026-08-11T04:14:44.216783600Z
20260811_grimmsnarl_ml_v16_sub55422280,v16,22,16,55422280,955.8,91861812,0,1,0,1,-1,1,2,True,55376362,904.8506,939.7714,966.4967,Alakazam,cc38cb450b86770a,2026-08-11T04:19:00.811621100Z
20260811_grimmsnarl_ml_v16_sub55422280,v16,22,16,55422280,955.8,91862823,1,1,0,1,-1,1,5,False,55344943,334.2977,966.4967,966.8568,other: Dudunsparce,292e7cda8346e2af,2026-08-11T04:22:31.245439300Z
20260811_grimmsnarl_ml_v16_sub55422280,v16,22,16,55422280,955.8,91863678,1,0,0,-1,1,3,2,False,55396711,873.5518,966.8568,930.1553,Alakazam,cc38cb450b86770a,2026-08-11T04:26:54.361987900Z
20260811_grimmsnarl_ml_v16_sub55422280,v16,22,16,55422280,955.8,91864626,1,1,0,1,-1,1,2,False,55325720,903.0276,962.6333,980.7704,Grimmsnarl (mirror),9714ab5c3996f6cc,2026-08-11T04:30:49.191943700Z
20260811_grimmsnarl_ml_v16_sub55422280,v16,22,16,55422280,955.8,91864662,0,1,0,1,-1,1,6,True,55421852,1030.0618,930.1553,962.6333,Dragapult,c8063c53ca2d7bf6,2026-08-11T04:30:45.850839700Z
20260811_grimmsnarl_ml_v16_sub55422280,v16,22,16,55422280,955.8,91865568,0,0,0,-1,1,3,1,True,55411808,913.4366,980.7704,954.5698,Alakazam,cc38cb450b86770a,2026-08-11T04:34:44.169056Z
20260811_grimmsnarl_ml_v16_sub55422280,v16,22,16,55422280,955.8,91866499,0,0,0,-1,1,1,1,True,55396711,879.1828,954.5698,929.6564,Alakazam,cc38cb450b86770a,2026-08-11T04:39:16.396041500Z
20260811_grimmsnarl_ml_v16_sub55422280,v16,22,16,55422280,955.8,91867542,0,1,0,1,-1,5,6,True,55416119,910.7879,929.6564,946.5202,Alakazam,5913b1ffb744de4f,2026-08-11T04:42:31.978121800Z
20260811_grimmsnarl_ml_v16_sub55422280,v16,22,16,55422280,955.8,91868396,1,0,0,-1,1,6,1,False,55359945,940.7188,946.5202,929.1378,other: N’s Zoroark ex,11276baf19535b35,2026-08-11T04:47:48.609637400Z
20260811_grimmsnarl_ml_v16_sub55422280,v16,22,16,55422280,955.8,91869358,0,1,0,1,-1,1,6,True,55322658,649.5084,929.1378,933.2967,Dragapult,bdf09ab5427f9f94,2026-08-11T04:50:38.864071Z
20260811_grimmsnarl_ml_v16_sub55422280,v16,22,16,55422280,955.8,91870324,0,0,0,-1,1,2,1,True,54593613,641.3679,933.2967,898.6269,other: Mega Abomasnow ex,f8d2006b5739a573,2026-08-11T04:54:32.555634600Z
20260811_grimmsnarl_ml_v16_sub55422280,v16,22,16,55422280,955.8,91871245,0,1,0,1,-1,2,3,True,55416245,800.0866,898.6269,908.4597,Kangaskhan / Crustle,1eda048ea3581634,2026-08-11T04:58:56.237004300Z
20260811_grimmsnarl_ml_v16_sub55422280,v16,22,16,55422280,955.8,91872182,0,1,0,1,-1,2,4,True,55401839,923.8715,908.4597,923.1762,Grimmsnarl (mirror),21c3f20980827cb2,2026-08-11T05:02:59.659301500Z
20260811_grimmsnarl_ml_v16_sub55422280,v16,22,16,55422280,955.8,91873112,0,1,0,1,-1,6,3,True,54875608,595.4261,923.1762,925.6117,Kangaskhan / Crustle,67891d0d5cfa775e,2026-08-11T05:06:33.935677Z
20260811_grimmsnarl_ml_v16_sub55422280,v16,22,16,55422280,955.8,91874042,1,0,0,-1,1,6,1,True,55420693,951.614,925.6117,913.8318,other: Hydrapple ex,b97e551a32cdc3a8,2026-08-11T05:10:36.495152800Z
20260811_grimmsnarl_ml_v16_sub55422280,v16,22,16,55422280,955.8,91874998,1,1,0,1,-1,1,4,True,55395048,789.8267,913.8318,921.347,Alakazam,7fa65817cc79c36c,2026-08-11T05:14:54.598003100Z
20260811_grimmsnarl_ml_v16_sub55422280,v16,22,16,55422280,955.8,91875931,1,1,0,1,-1,5,3,False,54979031,720.8346,921.347,926.2749,Archaludon,1a5a0c5b50e7199e,2026-08-11T05:18:57.863832300Z
20260811_grimmsnarl_ml_v16_sub55422280,v16,22,16,55422280,955.8,91876868,0,1,0,1,-1,2,1,True,55403948,950.4524,926.2749,939.0593,Alakazam,cc38cb450b86770a,2026-08-11T05:23:00.650139400Z
20260811_grimmsnarl_ml_v16_sub55422280,v16,22,16,55422280,955.8,91877791,1,0,0,-1,1,4,1,False,55418182,978.0768,948.6384,938.9681,Alakazam,e452d606e1029229,2026-08-11T05:31:16.631543200Z
20260811_grimmsnarl_ml_v16_sub55422280,v16,22,16,55422280,955.8,91878731,1,1,0,1,-1,1,2,False,55421467,897.9841,939.0593,948.6384,Grimmsnarl (mirror),9714ab5c3996f6cc,2026-08-11T05:30:42.475296200Z
20260811_grimmsnarl_ml_v16_sub55422280,v16,22,16,55422280,955.8,91879688,0,0,0,-1,1,1,1,True,55402850,871.6752,938.9681,925.8621,Alakazam,cc38cb450b86770a,2026-08-11T05:34:50.312684300Z
20260811_grimmsnarl_ml_v16_sub55422280,v16,22,16,55422280,955.8,91880644,0,1,0,1,-1,2,3,True,55420423,987.8838,925.8621,938.1551,Alakazam,cc38cb450b86770a,2026-08-11T05:38:41.434534800Z
20260811_grimmsnarl_ml_v16_sub55422280,v16,22,16,55422280,955.8,91880730,0,1,0,1,-1,2,6,True,55393406,1006.7231,938.1551,950.3257,Grimmsnarl (mirror),9714ab5c3996f6cc,2026-08-11T05:38:46.916422900Z
20260811_grimmsnarl_ml_v16_sub55422280,v16,22,16,55422280,955.8,91881600,0,0,0,-1,1,1,1,True,55401375,873.2568,950.3257,938.324,Grimmsnarl (mirror),9714ab5c3996f6cc,2026-08-11T05:42:52.356382200Z
20260811_grimmsnarl_ml_v16_sub55422280,v16,22,16,55422280,955.8,91882541,1,1,0,1,-1,1,4,False,55356380,888.2477,938.324,945.7321,Grimmsnarl (mirror),9714ab5c3996f6cc,2026-08-11T05:46:43.021890400Z
20260811_grimmsnarl_ml_v16_sub55422280,v16,22,16,55422280,955.8,91883492,1,1,0,1,-1,1,5,False,55423931,819.3784,945.7321,950.7708,Kangaskhan / Crustle,25bdd2752e3a2c6d,2026-08-11T05:50:50.793483400Z
20260811_grimmsnarl_ml_v16_sub55422280,v16,22,16,55422280,955.8,91884454,0,1,0,1,-1,1,6,True,55274129,928.3949,950.7708,958.6092,other: Brambleghast,5acd0e1893c52a79,2026-08-11T05:54:32.962751500Z
20260811_grimmsnarl_ml_v16_sub55422280,v16,22,16,55422280,955.8,91885371,0,1,0,1,-1,1,3,True,55409746,934.4397,958.6092,966.1584,Mega Lopunny / Froslass,a7ee29914c1dce64,2026-08-11T05:59:20.188735Z
20260811_grimmsnarl_ml_v16_sub55422280,v16,22,16,55422280,955.8,91886299,1,1,0,1,-1,1,5,False,55406495,1022.5551,966.1584,975.9062,Grimmsnarl (mirror),9714ab5c3996f6cc,2026-08-11T06:02:49.374820600Z
20260811_grimmsnarl_ml_v16_sub55422280,v16,22,16,55422280,955.8,91887230,1,1,0,1,-1,3,1,False,55402842,986.9216,975.9062,984.0089,Kangaskhan / Crustle,d8e9c2a36e0e4dea,2026-08-11T06:06:57.483566200Z
20260811_grimmsnarl_ml_v16_sub55422280,v16,22,16,55422280,955.8,91888197,1,0,0,-1,1,3,3,False,55291801,1000.0945,984.0089,976.8753,Kangaskhan / Crustle,d8e9c2a36e0e4dea,2026-08-11T06:10:47.952876300Z
20260811_grimmsnarl_ml_v16_sub55422280,v16,22,16,55422280,955.8,91889137,1,0,0,-1,1,6,6,False,55422016,936.3437,976.8753,968.4615,Grimmsnarl (mirror),9714ab5c3996f6cc,2026-08-11T06:14:32.197011600Z
20260811_grimmsnarl_ml_v16_sub55422280,v16,22,16,55422280,955.8,91890114,1,1,0,1,-1,1,1,False,55416228,888.0517,968.4615,973.6719,other: Mega Sharpedo ex,c0b47fd040a0c18b,2026-08-11T06:18:44.531532500Z
20260811_grimmsnarl_ml_v16_sub55422280,v16,22,16,55422280,955.8,91890768,1,0,0,-1,1,1,2,False,55424471,962.6279,973.6719,966.8568,Dragapult,f2a4248cf9f4a185,2026-08-11T06:23:05.365172700Z
20260811_grimmsnarl_ml_v16_sub55422280,v16,22,16,55422280,955.8,91900051,0,0,0,-1,1,5,1,True,55425634,960.4182,966.8568,960.7545,Dragapult,202ee2cec6cbe8b4,2026-08-11T07:02:30.748944100Z
20260811_grimmsnarl_ml_v16_sub55422280,v16,22,16,55422280,955.8,91920015,0,0,0,-1,1,2,1,True,55418736,1038.3603,960.7545,955.8139,Grimmsnarl (mirror),21c3f20980827cb2,2026-08-11T08:27:14.021726Z
20260811_grimmsnarl_ml_v17_sub55423572,v17,23,17,55423572,896.8,91869096,0,0,0,-1,1,4,1,True,55423572,,,,Grimmsnarl (mirror),9714ab5c3996f6cc,2026-08-11T04:47:08.870693200Z
20260811_grimmsnarl_ml_v17_sub55423572,v17,23,17,55423572,896.8,91869213,1,1,0,1,-1,2,6,False,53774410,319.127,600.0,641.4474,other: Koraidon ex,55f2a5ac19daf2cb,2026-08-11T04:50:32.894597Z
20260811_grimmsnarl_ml_v17_sub55423572,v17,23,17,55423572,896.8,91870160,0,1,0,1,-1,5,6,True,54324832,169.0581,641.4474,654.0923,other: Mega Abomasnow ex,7e7bca6783abe61e,2026-08-11T04:54:30.782783Z
20260811_grimmsnarl_ml_v17_sub55423572,v17,23,17,55423572,896.8,91871096,0,0,0,-1,1,3,2,True,55393478,627.4307,654.0923,557.1874,other: N’s Zoroark ex,11276baf19535b35,2026-08-11T04:58:33.400954100Z
20260811_grimmsnarl_ml_v17_sub55423572,v17,23,17,55423572,896.8,91872042,0,1,0,1,-1,1,4,True,54882861,587.7816,631.6121,689.6187,Alakazam,bcfd4e03b7715157,2026-08-11T05:08:11.574326300Z
20260811_grimmsnarl_ml_v17_sub55423572,v17,23,17,55423572,896.8,91872967,1,1,0,1,-1,1,5,False,54925173,540.2963,557.1874,631.6121,Alakazam,65980f1c1e35b45d,2026-08-11T05:07:18.567684600Z
20260811_grimmsnarl_ml_v17_sub55423572,v17,23,17,55423572,896.8,91873908,1,1,0,1,-1,3,6,False,54218733,646.4177,689.6187,737.8879,Mega Lucario,17d32db13ce4628c,2026-08-11T05:10:38.959295800Z
20260811_grimmsnarl_ml_v17_sub55423572,v17,23,17,55423572,896.8,91874860,1,1,0,1,-1,2,4,False,55421604,738.6806,737.8879,785.0759,Archaludon,1a5a0c5b50e7199e,2026-08-11T05:14:31.440242400Z
20260811_grimmsnarl_ml_v17_sub55423572,v17,23,17,55423572,896.8,91875779,1,0,0,-1,1,2,1,False,55242088,843.1623,785.0759,751.4745,Grimmsnarl (mirror),9714ab5c3996f6cc,2026-08-11T05:19:00.956862400Z
20260811_grimmsnarl_ml_v17_sub55423572,v17,23,17,55423572,896.8,91876733,0,1,0,1,-1,1,6,True,54798535,654.6287,751.4745,777.0743,Alakazam,a233298ee750b57c,2026-08-11T05:22:47.854040100Z
20260811_grimmsnarl_ml_v17_sub55423572,v17,23,17,55423572,896.8,91877672,0,1,0,1,-1,1,5,True,54559126,747.0442,777.0743,806.8862,Archaludon,0025c7180b8d83cd,2026-08-11T05:26:37.410712500Z
20260811_grimmsnarl_ml_v17_sub55423572,v17,23,17,55423572,896.8,91878609,1,1,0,1,-1,1,3,False,55218416,779.2281,806.8862,833.9773,Grimmsnarl (mirror),9714ab5c3996f6cc,2026-08-11T05:30:44.957739100Z
20260811_grimmsnarl_ml_v17_sub55423572,v17,23,17,55423572,896.8,91879565,0,1,0,1,-1,3,3,True,54378321,846.3653,833.9773,862.2888,other: Dusknoir,1f60617de32869f5,2026-08-11T05:34:34.654300300Z
20260811_grimmsnarl_ml_v17_sub55423572,v17,23,17,55423572,896.8,91880517,0,1,0,1,-1,2,6,True,55423624,821.3729,862.2888,882.8,other: Latias ex,14eb72354d4fc5cf,2026-08-11T05:38:29.692438800Z
20260811_grimmsnarl_ml_v17_sub55423572,v17,23,17,55423572,896.8,91881466,0,0,0,-1,1,2,1,True,55384881,883.4377,882.8,859.7972,Grimmsnarl (mirror),9714ab5c3996f6cc,2026-08-11T05:42:41.933667600Z
20260811_grimmsnarl_ml_v17_sub55423572,v17,23,17,55423572,896.8,91881575,0,1,0,1,-1,1,1,True,55422690,831.4724,859.7972,878.7337,other: Paldean Tauros,ce1bf6f31b061cbc,2026-08-11T05:43:01.623834200Z
20260811_grimmsnarl_ml_v17_sub55423572,v17,23,17,55423572,896.8,91882410,1,1,0,1,-1,6,4,False,54689158,455.7129,878.7337,880.5706,other: Mega Abomasnow ex,7e7bca6783abe61e,2026-08-11T05:46:32.580354200Z
20260811_grimmsnarl_ml_v17_sub55423572,v17,23,17,55423572,896.8,91883333,0,1,0,1,-1,1,4,True,55110505,818.716,880.5706,896.1639,Alakazam,cc38cb450b86770a,2026-08-11T05:50:54.725200600Z
20260811_grimmsnarl_ml_v17_sub55423572,v17,23,17,55423572,896.8,91884365,0,1,0,1,-1,1,4,True,55403265,911.1951,896.1639,915.6261,Grimmsnarl (mirror),9714ab5c3996f6cc,2026-08-11T05:54:35.265039100Z
20260811_grimmsnarl_ml_v17_sub55423572,v17,23,17,55423572,896.8,91885244,1,1,0,1,-1,2,2,False,55393915,872.9985,915.6261,930.427,Alakazam,cc38cb450b86770a,2026-08-11T05:59:06.328071800Z
20260811_grimmsnarl_ml_v17_sub55423572,v17,23,17,55423572,896.8,91886172,1,0,0,-1,1,2,1,False,55349063,880.85,930.427,911.0737,Alakazam,cc38cb450b86770a,2026-08-11T06:03:00.271676500Z
20260811_grimmsnarl_ml_v17_sub55423572,v17,23,17,55423572,896.8,91887102,0,0,0,-1,1,2,1,True,55393485,965.3604,911.0737,898.5078,Ogerpon,0dede7cb8026e473,2026-08-11T06:06:51.566689800Z
20260811_grimmsnarl_ml_v17_sub55423572,v17,23,17,55423572,896.8,91888074,1,1,0,1,-1,1,4,False,55342980,827.9658,898.5078,909.706,Alakazam,cc38cb450b86770a,2026-08-11T06:11:00.977100400Z
20260811_grimmsnarl_ml_v17_sub55423572,v17,23,17,55423572,896.8,91889003,0,0,0,-1,1,6,1,True,55223636,906.0305,909.706,895.5034,Mega Lucario,0108c79d688ec17b,2026-08-11T06:14:32.809431Z
20260811_grimmsnarl_ml_v17_sub55423572,v17,23,17,55423572,896.8,91889976,1,1,0,1,-1,1,5,False,55421793,864.918,895.5034,907.3375,Grimmsnarl (mirror),9714ab5c3996f6cc,2026-08-11T06:18:37.261961100Z
20260811_grimmsnarl_ml_v17_sub55423572,v17,23,17,55423572,896.8,91891073,0,0,0,-1,1,6,1,True,55410138,915.4639,907.3375,894.9559,Kangaskhan / Crustle,e867da7ee803397c,2026-08-11T06:22:32.237401800Z
20260811_grimmsnarl_ml_v17_sub55423572,v17,23,17,55423572,896.8,91891790,0,1,0,1,-1,1,2,True,55423865,825.301,902.1398,910.7286,Dragapult,dfca0c2c2e73cd83,2026-08-11T06:29:31.542671400Z
20260811_grimmsnarl_ml_v17_sub55423572,v17,23,17,55423572,896.8,91891825,0,1,0,1,-1,1,3,True,55422409,766.8958,894.9559,902.1398,Grimmsnarl (mirror),9714ab5c3996f6cc,2026-08-11T06:26:39.498441700Z
20260811_grimmsnarl_ml_v17_sub55423572,v17,23,17,55423572,896.8,91892781,1,0,0,-1,1,3,1,False,55283316,879.5234,910.7286,897.9991,other: Cynthia's Garchomp ex,1425edcfd4319da5,2026-08-11T06:30:40.510218600Z
20260811_grimmsnarl_ml_v17_sub55423572,v17,23,17,55423572,896.8,91893781,1,0,0,-1,1,3,1,False,55424256,941.6619,897.9991,888.9512,Alakazam,cc38cb450b86770a,2026-08-11T06:34:57.514304Z
20260811_grimmsnarl_ml_v17_sub55423572,v17,23,17,55423572,896.8,91894657,1,0,0,-1,1,3,1,False,55407326,917.5238,888.9512,879.4418,Mega Lopunny / Froslass,a7ee29914c1dce64,2026-08-11T06:38:41.952188600Z
20260811_grimmsnarl_ml_v17_sub55423572,v17,23,17,55423572,896.8,91895604,0,1,0,1,-1,2,3,True,55402299,831.1428,879.4418,887.9318,other: Iono’s Bellibolt ex,f56e1c71ab91669b,2026-08-11T06:42:46.795626900Z
20260811_grimmsnarl_ml_v17_sub55423572,v17,23,17,55423572,896.8,91896551,0,1,0,1,-1,1,5,True,55388234,859.658,887.9318,896.8207,Grimmsnarl (mirror),9714ab5c3996f6cc,2026-08-11T06:46:54.030805300Z
20260811_grimmsnarl_ml_v17_sub55423572,v17,23,17,55423572,896.8,91897479,0,1,0,1,-1,1,4,True,55394845,956.7544,896.8207,908.5224,Grimmsnarl (mirror),9714ab5c3996f6cc,2026-08-11T06:50:46.258755100Z
20260811_grimmsnarl_ml_v17_sub55423572,v17,23,17,55423572,896.8,91898420,1,1,0,1,-1,1,5,False,55410160,850.4464,908.5224,915.8634,Alakazam,d2cd5f46f3ff9071,2026-08-11T06:54:44.517451600Z
20260811_grimmsnarl_ml_v17_sub55423572,v17,23,17,55423572,896.8,91899356,0,1,0,1,-1,1,3,True,55394436,895.5474,915.8634,924.1487,Alakazam,cc38cb450b86770a,2026-08-11T06:58:43.795883600Z
20260811_grimmsnarl_ml_v17_sub55423572,v17,23,17,55423572,896.8,91900298,1,0,0,-1,1,1,2,False,55408661,852.5332,924.1487,913.1576,Grimmsnarl (mirror),8566be89cec0820f,2026-08-11T07:02:52.365930300Z
20260811_grimmsnarl_ml_v17_sub55423572,v17,23,17,55423572,896.8,91901249,0,0,0,-1,1,2,1,True,55395578,953.5245,913.1576,905.9732,Grimmsnarl (mirror),9714ab5c3996f6cc,2026-08-11T07:06:55.978713400Z
20260811_grimmsnarl_ml_v17_sub55423572,v17,23,17,55423572,896.8,91902202,0,0,0,-1,1,4,1,True,55418317,897.5949,905.9732,897.6477,Ogerpon,959af7715e838d70,2026-08-11T07:10:50.504775900Z
20260811_grimmsnarl_ml_v17_sub55423572,v17,23,17,55423572,896.8,91903153,0,0,0,-1,1,3,1,True,55375230,850.1659,897.6477,888.337,Grimmsnarl (mirror),9714ab5c3996f6cc,2026-08-11T07:14:53.485635800Z
20260811_grimmsnarl_ml_v17_sub55423572,v17,23,17,55423572,896.8,91904998,1,1,0,1,-1,1,3,False,55424263,914.5308,888.337,896.6039,Grimmsnarl (mirror),9714ab5c3996f6cc,2026-08-11T07:23:16.552987Z
20260811_grimmsnarl_ml_v17_sub55423572,v17,23,17,55423572,896.8,91920783,1,1,0,1,-1,2,2,False,55426324,862.821,890.4136,896.8009,Grimmsnarl (mirror),9714ab5c3996f6cc,2026-08-11T08:30:58.173398500Z
20260811_grimmsnarl_ml_v17_sub55423572,v17,23,17,55423572,896.8,91920955,1,0,0,-1,1,3,1,False,55398192,945.2476,896.6039,890.4136,Grimmsnarl (mirror),9714ab5c3996f6cc,2026-08-11T08:30:40.430303400Z
20260811_grimmsnarl_ml_v18_sub55428191,v18,24,18,55428191,779.5,91926094,0,0,0,-1,1,5,1,True,55428191,,,,Grimmsnarl (mirror),9714ab5c3996f6cc,2026-08-11T08:52:07.094270800Z
20260811_grimmsnarl_ml_v18_sub55428191,v18,24,18,55428191,779.5,91926198,0,0,0,-1,1,3,1,True,54755102,594.9882,600.0,489.7175,Mega Lucario,d05bff224d40b9c6,2026-08-11T08:54:39.676898600Z
20260811_grimmsnarl_ml_v18_sub55428191,v18,24,18,55428191,779.5,91927147,1,1,0,1,-1,2,5,False,53995018,464.1052,489.7175,579.2579,Archaludon,1a5a0c5b50e7199e,2026-08-11T08:58:37.112093800Z
20260811_grimmsnarl_ml_v18_sub55428191,v18,24,18,55428191,779.5,91928076,1,0,0,-1,1,6,6,True,54867566,623.9635,579.2579,505.6867,Archaludon,42f9fe69f9d57b6d,2026-08-11T09:02:25.352153500Z
20260811_grimmsnarl_ml_v18_sub55428191,v18,24,18,55428191,779.5,91929028,1,1,0,1,-1,1,5,False,55129605,552.2348,505.6867,588.5186,Mega Lucario,fa072b27ab79f50a,2026-08-11T09:06:33.266230900Z
20260811_grimmsnarl_ml_v18_sub55428191,v18,24,18,55428191,779.5,91929948,0,1,0,1,-1,1,2,True,55182212,576.7556,588.5186,647.3197,Mega Lopunny / Froslass,6fa64c0e3b2eb67c,2026-08-11T09:10:42.017091100Z
20260811_grimmsnarl_ml_v18_sub55428191,v18,24,18,55428191,779.5,91930874,0,1,0,1,-1,1,4,True,54915043,730.7857,647.3197,712.7496,Alakazam,1bd1728f3722c443,2026-08-11T09:16:20.166501500Z
20260811_grimmsnarl_ml_v18_sub55428191,v18,24,18,55428191,779.5,91932034,0,1,0,1,-1,5,6,True,54501204,703.0063,712.7496,754.2411,Archaludon,0bef8b29715ae7d8,2026-08-11T09:18:27.497334200Z
20260811_grimmsnarl_ml_v18_sub55428191,v18,24,18,55428191,779.5,91932754,0,1,0,1,-1,2,2,True,55159783,711.0311,754.2411,786.5151,Mega Lucario,c3c16f0e65487ad6,2026-08-11T09:22:36.486593200Z
20260811_grimmsnarl_ml_v18_sub55428191,v18,24,18,55428191,779.5,91933691,1,1,0,1,-1,1,2,False,55402378,727.8084,786.5151,813.601,Alakazam,49267479bcc48024,2026-08-11T09:26:46.073377700Z
20260811_grimmsnarl_ml_v18_sub55428191,v18,24,18,55428191,779.5,91934618,0,1,0,1,-1,1,3,True,55302250,736.4326,813.601,836.4803,Grimmsnarl (mirror),9714ab5c3996f6cc,2026-08-11T09:30:42.480798Z
20260811_grimmsnarl_ml_v18_sub55428191,v18,24,18,55428191,779.5,91935555,1,0,0,-1,1,3,1,False,55380766,816.1981,836.4803,806.7084,Dragapult,51d558afd9f71ff3,2026-08-11T09:34:41.968496900Z
20260811_grimmsnarl_ml_v18_sub55428191,v18,24,18,55428191,779.5,91936504,0,0,0,-1,1,1,1,True,55242134,770.9119,806.7084,778.228,Archaludon,2b6a7dd699d2b6a5,2026-08-11T09:38:39.193574400Z
20260811_grimmsnarl_ml_v18_sub55428191,v18,24,18,55428191,779.5,91937447,0,1,0,1,-1,1,3,True,54840100,770.5751,778.228,800.7288,other: Iono’s Bellibolt ex,282504e445a4d4fc,2026-08-11T09:42:45.394848500Z
20260811_grimmsnarl_ml_v18_sub55428191,v18,24,18,55428191,779.5,91938406,0,1,0,1,-1,1,3,True,55428093,851.2351,800.7288,824.7672,Grimmsnarl (mirror),2f2726e9c4394ea3,2026-08-11T09:48:35.483233300Z
20260811_grimmsnarl_ml_v18_sub55428191,v18,24,18,55428191,779.5,91939348,1,1,0,1,-1,2,6,False,55336353,815.823,824.7672,844.0582,Grimmsnarl (mirror),9714ab5c3996f6cc,2026-08-11T09:50:49.338200200Z
20260811_grimmsnarl_ml_v18_sub55428191,v18,24,18,55428191,779.5,91940353,1,1,0,1,-1,1,4,False,55303752,949.868,823.612,849.4963,Grimmsnarl (mirror),9714ab5c3996f6cc,2026-08-11T09:54:51.829778600Z
20260811_grimmsnarl_ml_v18_sub55428191,v18,24,18,55428191,779.5,91940408,1,0,0,-1,1,6,5,False,55427574,809.4192,844.0582,823.612,Alakazam,d3081ce5ab30dff7,2026-08-11T09:54:28.724457700Z
20260811_grimmsnarl_ml_v18_sub55428191,v18,24,18,55428191,779.5,91941223,1,0,0,-1,1,4,1,False,55351803,817.2562,849.4963,831.3452,Alakazam,cc38cb450b86770a,2026-08-11T09:58:43.321066300Z
20260811_grimmsnarl_ml_v18_sub55428191,v18,24,18,55428191,779.5,91942178,1,0,0,-1,1,2,1,False,55417501,944.9256,831.3452,821.6405,Alakazam,cc38cb450b86770a,2026-08-11T10:03:12.986338600Z
20260811_grimmsnarl_ml_v18_sub55428191,v18,24,18,55428191,779.5,91943108,1,0,0,-1,1,3,2,False,55316392,873.9938,821.6405,809.5818,Grimmsnarl (mirror),9714ab5c3996f6cc,2026-08-11T10:06:58.433463800Z
20260811_grimmsnarl_ml_v18_sub55428191,v18,24,18,55428191,779.5,91944051,0,1,0,1,-1,1,3,True,55283867,826.0066,809.5818,824.4142,Archaludon,ebd4dbb270dce6a2,2026-08-11T10:10:34.623698300Z
20260811_grimmsnarl_ml_v18_sub55428191,v18,24,18,55428191,779.5,91944975,0,0,0,-1,1,2,2,True,55199144,740.7086,824.4142,806.8846,Ogerpon,0dede7cb8026e473,2026-08-11T10:17:15.612657100Z
20260811_grimmsnarl_ml_v18_sub55428191,v18,24,18,55428191,779.5,91945921,0,0,0,-1,1,6,6,True,54835112,837.2617,806.8846,795.5911,Mega Lucario,2f34d413ec3d429e,2026-08-11T10:18:24.243366100Z
20260811_grimmsnarl_ml_v18_sub55428191,v18,24,18,55428191,779.5,91946859,1,1,0,1,-1,2,3,False,55351273,821.1033,795.5911,808.8269,Grimmsnarl (mirror),3017232366addacc,2026-08-11T10:22:42.445097Z
20260811_grimmsnarl_ml_v18_sub55428191,v18,24,18,55428191,779.5,91947804,1,0,0,-1,1,5,1,True,55350630,680.5985,808.8269,791.445,Kangaskhan / Crustle,8699caf3aa4618d1,2026-08-11T10:26:39.377583200Z
20260811_grimmsnarl_ml_v18_sub55428191,v18,24,18,55428191,779.5,91948777,1,1,0,1,-1,1,2,False,54104812,759.1154,791.445,801.2321,other: Iono’s Bellibolt ex,282504e445a4d4fc,2026-08-11T10:30:48.466071500Z
20260811_grimmsnarl_ml_v18_sub55428191,v18,24,18,55428191,779.5,91949731,0,1,0,1,-1,2,6,True,55367153,870.0163,801.2321,814.6285,Kangaskhan / Crustle,20bc24847121c967,2026-08-11T10:34:32.399294900Z
20260811_grimmsnarl_ml_v18_sub55428191,v18,24,18,55428191,779.5,91950677,1,0,0,-1,1,6,1,True,55394043,773.9904,814.6285,802.8904,Archaludon,2b6a7dd699d2b6a5,2026-08-11T10:38:29.177740800Z
20260811_grimmsnarl_ml_v18_sub55428191,v18,24,18,55428191,779.5,91951631,1,0,0,-1,1,3,1,False,55375174,862.3524,802.8904,795.0794,Grimmsnarl (mirror),9714ab5c3996f6cc,2026-08-11T10:42:40.378240500Z
20260811_grimmsnarl_ml_v18_sub55428191,v18,24,18,55428191,779.5,91952575,0,0,0,-1,1,1,2,True,55071131,744.5678,795.0794,783.772,Mega Lucario,c3c16f0e65487ad6,2026-08-11T10:46:40.913978300Z
20260811_grimmsnarl_ml_v18_sub55428191,v18,24,18,55428191,779.5,91953513,1,0,0,-1,1,6,1,False,55428099,761.4647,796.3964,786.5948,other: Cynthia's Garchomp ex,1d41a8fa722b55d6,2026-08-11T10:50:48.837093600Z
20260811_grimmsnarl_ml_v18_sub55428191,v18,24,18,55428191,779.5,91953532,0,1,0,1,-1,1,6,True,55358301,881.3339,783.772,796.3964,other: Cynthia's Garchomp ex,daff2ed17de6145d,2026-08-11T10:50:46.905455900Z
20260811_grimmsnarl_ml_v18_sub55428191,v18,24,18,55428191,779.5,91957921,0,0,0,-1,1,2,1,True,55430605,788.1179,786.5948,779.5716,Ogerpon,93bb120e1e708589,2026-08-11T11:10:36.325571Z
20260811_grimmsnarl_ml_v19_sub55428196,v19a,25,19,55428196,978.3,91926096,0,0,0,-1,1,2,2,True,55428196,,,,Grimmsnarl (mirror),9714ab5c3996f6cc,2026-08-11T08:52:13.632763600Z
20260811_grimmsnarl_ml_v19_sub55428196,v19a,25,19,55428196,978.3,91926197,0,1,0,1,-1,1,5,True,55420652,670.3655,600.0,729.5149,Mega Lucario,05f854e1b3b3ba0f,2026-08-11T08:54:35.583487300Z
20260811_grimmsnarl_ml_v19_sub55428196,v19a,25,19,55428196,978.3,91927127,1,0,0,-1,1,2,1,False,55397232,695.4956,729.5149,624.0314,Grimmsnarl (mirror),21c3f20980827cb2,2026-08-11T08:58:37.438444Z
20260811_grimmsnarl_ml_v19_sub55428196,v19a,25,19,55428196,978.3,91928067,0,1,0,1,-1,1,5,True,54580364,545.5656,624.0314,690.0019,Alakazam,fcfbce590a2ce1a3,2026-08-11T09:02:30.724255900Z
20260811_grimmsnarl_ml_v19_sub55428196,v19a,25,19,55428196,978.3,91929000,0,1,0,1,-1,1,3,True,55414561,742.8014,690.0019,773.9303,Alakazam,7fa65817cc79c36c,2026-08-11T09:06:45.860346Z
20260811_grimmsnarl_ml_v19_sub55428196,v19a,25,19,55428196,978.3,91929928,1,1,0,1,-1,1,4,False,55409213,889.3352,773.9303,858.3754,Grimmsnarl (mirror),9714ab5c3996f6cc,2026-08-11T09:10:32.584078900Z
20260811_grimmsnarl_ml_v19_sub55428196,v19a,25,19,55428196,978.3,91930858,0,1,0,1,-1,1,3,True,54769470,755.9198,858.3754,893.3082,Mega Lucario,a6535bbccddb9182,2026-08-11T09:14:30.679899600Z
20260811_grimmsnarl_ml_v19_sub55428196,v19a,25,19,55428196,978.3,91931782,0,1,0,1,-1,2,2,True,55428466,645.2291,931.4877,943.205,Mega Lucario,237b497b729ad191,2026-08-11T09:19:00.064407600Z
20260811_grimmsnarl_ml_v19_sub55428196,v19a,25,19,55428196,978.3,91931793,1,1,0,1,-1,1,3,False,55371514,850.7205,893.3082,931.4877,Grimmsnarl (mirror),9714ab5c3996f6cc,2026-08-11T09:18:47.881704400Z
20260811_grimmsnarl_ml_v19_sub55428196,v19a,25,19,55428196,978.3,91932746,0,1,0,1,-1,1,5,True,55412775,950.4498,943.205,980.9746,Grimmsnarl (mirror),9714ab5c3996f6cc,2026-08-11T09:22:34.206206600Z
20260811_grimmsnarl_ml_v19_sub55428196,v19a,25,19,55428196,978.3,91933680,1,1,0,1,-1,2,2,False,55412440,939.6163,980.9746,1009.2596,Mega Lopunny / Froslass,a7ee29914c1dce64,2026-08-11T09:26:58.091947800Z
20260811_grimmsnarl_ml_v19_sub55428196,v19a,25,19,55428196,978.3,91934607,1,0,0,-1,1,6,1,False,55340581,965.8499,1009.2596,975.1634,Grimmsnarl (mirror),9714ab5c3996f6cc,2026-08-11T09:30:41.959341900Z
20260811_grimmsnarl_ml_v19_sub55428196,v19a,25,19,55428196,978.3,91935543,0,1,0,1,-1,1,4,True,55419172,919.5545,975.1634,996.8631,Grimmsnarl (mirror),9714ab5c3996f6cc,2026-08-11T09:34:53.794886200Z
20260811_grimmsnarl_ml_v19_sub55428196,v19a,25,19,55428196,978.3,91936487,0,1,0,1,-1,1,3,True,55397324,919.8536,996.8631,1015.3103,Alakazam,cc38cb450b86770a,2026-08-11T09:38:48.014643700Z
20260811_grimmsnarl_ml_v19_sub55428196,v19a,25,19,55428196,978.3,91937433,1,0,0,-1,1,1,1,False,55425741,915.2285,1015.3103,984.2641,Alakazam,cc38cb450b86770a,2026-08-11T09:42:37.579456900Z
20260811_grimmsnarl_ml_v19_sub55428196,v19a,25,19,55428196,978.3,91938385,1,1,0,1,-1,5,6,True,54021720,507.6293,984.2641,985.4778,Alakazam,28c260bfbfef601b,2026-08-11T09:46:21.714601900Z
20260811_grimmsnarl_ml_v19_sub55428196,v19a,25,19,55428196,978.3,91939328,0,1,0,1,-1,1,4,True,55218119,967.7679,985.4778,1004.9591,Grimmsnarl (mirror),9714ab5c3996f6cc,2026-08-11T09:50:38.108224300Z
20260811_grimmsnarl_ml_v19_sub55428196,v19a,25,19,55428196,978.3,91940351,0,0,0,-1,1,1,2,True,55394845,955.6717,1004.9591,982.1316,Grimmsnarl (mirror),9714ab5c3996f6cc,2026-08-11T09:54:59.806042900Z
20260811_grimmsnarl_ml_v19_sub55428196,v19a,25,19,55428196,978.3,91941193,1,0,0,-1,1,2,1,False,55390724,932.603,982.1316,960.8509,Grimmsnarl (mirror),9714ab5c3996f6cc,2026-08-11T09:58:37.883638900Z
20260811_grimmsnarl_ml_v19_sub55428196,v19a,25,19,55428196,978.3,91942142,0,1,0,1,-1,1,1,True,55422271,1018.1872,960.8509,981.1628,Grimmsnarl (mirror),9714ab5c3996f6cc,2026-08-11T10:02:43.968419400Z
20260811_grimmsnarl_ml_v19_sub55428196,v19a,25,19,55428196,978.3,91943074,1,1,0,1,-1,1,4,False,55425381,997.6845,981.1628,997.8168,other: Cynthia's Garchomp ex,daff2ed17de6145d,2026-08-11T10:07:24.003430800Z
20260811_grimmsnarl_ml_v19_sub55428196,v19a,25,19,55428196,978.3,91944013,0,0,0,-1,1,2,1,True,55424058,1015.6941,997.8168,983.861,other: Hydrapple ex,b97e551a32cdc3a8,2026-08-11T10:10:56.777338800Z
20260811_grimmsnarl_ml_v19_sub55428196,v19a,25,19,55428196,978.3,91944940,0,0,0,-1,1,3,2,True,53808093,565.8264,983.861,943.6453,other: Mega Abomasnow ex,7e7bca6783abe61e,2026-08-11T10:14:42.549598900Z
20260811_grimmsnarl_ml_v19_sub55428196,v19a,25,19,55428196,978.3,91945881,0,1,0,1,-1,4,3,True,55427037,749.6451,943.6453,949.2888,Kangaskhan / Crustle,9b415cc6bbdf6fd5,2026-08-11T10:18:37.329073300Z
20260811_grimmsnarl_ml_v19_sub55428196,v19a,25,19,55428196,978.3,91946755,1,1,0,1,-1,1,3,False,55428925,1003.0075,949.2888,963.9336,Alakazam,cc38cb450b86770a,2026-08-11T10:22:35.232511500Z
20260811_grimmsnarl_ml_v19_sub55428196,v19a,25,19,55428196,978.3,91946814,1,1,0,1,-1,1,4,False,55412155,935.96,963.9336,975.0583,Kangaskhan / Crustle,9b415cc6bbdf6fd5,2026-08-11T10:23:15.056757Z
20260811_grimmsnarl_ml_v19_sub55428196,v19a,25,19,55428196,978.3,91947765,0,1,0,1,-1,2,2,True,55412166,956.3575,991.0534,1000.7806,Dragapult,6d40ba7438d95d32,2026-08-11T10:31:24.792562400Z
20260811_grimmsnarl_ml_v19_sub55428196,v19a,25,19,55428196,978.3,91947795,1,1,0,1,-1,2,5,True,55428034,867.8749,975.0583,982.672,Dragapult,295af070deb9c468,2026-08-11T10:26:45.310884500Z
20260811_grimmsnarl_ml_v19_sub55428196,v19a,25,19,55428196,978.3,91948729,1,1,0,1,-1,1,2,False,55428821,908.9495,982.672,991.0534,Grimmsnarl (mirror),9714ab5c3996f6cc,2026-08-11T10:30:36.883780400Z
20260811_grimmsnarl_ml_v19_sub55428196,v19a,25,19,55428196,978.3,91949684,1,1,0,1,-1,1,6,True,54430323,705.5005,1000.7806,1003.201,Dragapult,8055443275c86105,2026-08-11T10:34:29.634448300Z
20260811_grimmsnarl_ml_v19_sub55428196,v19a,25,19,55428196,978.3,91950626,1,0,0,-1,1,4,1,False,55162495,966.0749,1003.201,991.2602,Alakazam,29929a763bf01096,2026-08-11T10:38:48.369750400Z
20260811_grimmsnarl_ml_v19_sub55428196,v19a,25,19,55428196,978.3,91951573,0,0,0,-1,1,2,1,True,55374982,928.2038,991.2602,978.7687,Grimmsnarl (mirror),9714ab5c3996f6cc,2026-08-11T10:42:42.549114700Z
20260811_grimmsnarl_ml_v19_sub55428196,v19a,25,19,55428196,978.3,91952515,0,1,0,1,-1,1,5,True,55417605,919.7972,978.7687,986.4883,Grimmsnarl (mirror),9714ab5c3996f6cc,2026-08-11T10:46:27.032811500Z
20260811_grimmsnarl_ml_v19_sub55428196,v19a,25,19,55428196,978.3,91953473,0,0,0,-1,1,2,1,True,55392999,881.8464,986.4883,973.2634,Alakazam,cc38cb450b86770a,2026-08-11T10:50:34.626479200Z
20260811_grimmsnarl_ml_v19_sub55428196,v19a,25,19,55428196,978.3,91954370,1,0,0,-1,1,4,2,False,55403948,947.2081,973.2634,963.343,Alakazam,cc38cb450b86770a,2026-08-11T10:55:17.293570400Z
20260811_grimmsnarl_ml_v19_sub55428196,v19a,25,19,55428196,978.3,91955356,1,0,0,-1,1,2,1,False,55396980,889.5829,963.343,952.1313,Alakazam,cc38cb450b86770a,2026-08-11T10:59:08.278279300Z
20260811_grimmsnarl_ml_v19_sub55428196,v19a,25,19,55428196,978.3,91956314,0,1,0,1,-1,2,3,True,55159565,923.4896,952.1313,959.7277,Grimmsnarl (mirror),9714ab5c3996f6cc,2026-08-11T11:02:51.131441700Z
20260811_grimmsnarl_ml_v19_sub55428196,v19a,25,19,55428196,978.3,91957198,1,1,0,1,-1,2,4,False,55394164,921.6996,959.7277,966.8426,Alakazam,cc38cb450b86770a,2026-08-11T11:07:04.753712500Z
20260811_grimmsnarl_ml_v19_sub55428196,v19a,25,19,55428196,978.3,91958202,0,1,0,1,-1,1,3,True,55261996,784.8228,966.8426,970.4066,Archaludon,2b6a7dd699d2b6a5,2026-08-11T11:10:27.992851Z
20260811_grimmsnarl_ml_v19_sub55428196,v19a,25,19,55428196,978.3,91959143,0,1,0,1,-1,1,6,True,55325233,863.0715,970.4066,975.4695,Grimmsnarl (mirror),9714ab5c3996f6cc,2026-08-11T11:14:33.403472700Z
20260811_grimmsnarl_ml_v19_sub55428196,v19a,25,19,55428196,978.3,91960096,0,1,0,1,-1,1,3,True,55410156,971.8035,975.4695,983.0288,Mega Lopunny / Froslass,a7ee29914c1dce64,2026-08-11T11:19:09.530068800Z
20260811_grimmsnarl_ml_v19_sub55428196,v19a,25,19,55428196,978.3,91961012,0,0,0,-1,1,4,1,True,55366690,856.392,983.0288,971.8434,Grimmsnarl (mirror),9714ab5c3996f6cc,2026-08-11T11:22:50.641369200Z
20260811_grimmsnarl_ml_v19_sub55428196,v19a,25,19,55428196,978.3,91961928,1,1,0,1,-1,1,3,False,55380627,942.4139,971.8434,978.3122,Kangaskhan / Crustle,1eda048ea3581634,2026-08-11T11:26:56.061340500Z
20260812_grimmsnarl_ml_v19_sub55445763,v19b,26,19,55445763,904.6,92155896,0,1,0,1,-1,1,1,True,55445763,,,,Grimmsnarl (mirror),9714ab5c3996f6cc,2026-08-12T01:16:32.433342700Z
20260812_grimmsnarl_ml_v19_sub55445763,v19b,26,19,55445763,904.6,92156000,0,1,0,1,-1,2,5,True,53805430,576.8621,600.0,702.0526,Mega Lucario,d05bff224d40b9c6,2026-08-12T01:19:49.178005800Z
20260812_grimmsnarl_ml_v19_sub55445763,v19b,26,19,55445763,904.6,92156920,1,1,0,1,-1,1,4,True,55297140,733.4219,702.0526,807.0842,Alakazam,7fa65817cc79c36c,2026-08-12T01:24:10.523839500Z
20260812_grimmsnarl_ml_v19_sub55445763,v19b,26,19,55445763,904.6,92157853,1,0,0,-1,1,2,1,False,55330514,843.8564,943.1907,862.0408,Grimmsnarl (mirror),9714ab5c3996f6cc,2026-08-12T01:36:33.602273900Z
20260812_grimmsnarl_ml_v19_sub55445763,v19b,26,19,55445763,904.6,92158793,1,1,0,1,-1,1,5,False,55402134,813.8967,807.0842,892.9738,Alakazam,a665414222aea434,2026-08-12T01:31:59.964705200Z
20260812_grimmsnarl_ml_v19_sub55445763,v19b,26,19,55445763,904.6,92159731,0,1,0,1,-1,1,1,True,55425523,783.4086,892.9738,943.1907,Grimmsnarl (mirror),9714ab5c3996f6cc,2026-08-12T01:35:56.334114500Z
20260812_grimmsnarl_ml_v19_sub55445763,v19b,26,19,55445763,904.6,92160685,1,1,0,1,-1,1,1,False,55269067,881.2706,862.0408,915.456,Kangaskhan / Crustle,62088a8950aeae46,2026-08-12T01:40:06.967940800Z
20260812_grimmsnarl_ml_v19_sub55445763,v19b,26,19,55445763,904.6,92161623,1,0,0,-1,1,1,1,False,55429427,918.3549,964.6861,921.2359,Grimmsnarl (mirror),9714ab5c3996f6cc,2026-08-12T01:44:10.778988400Z
20260812_grimmsnarl_ml_v19_sub55445763,v19b,26,19,55445763,904.6,92161640,0,1,0,1,-1,1,4,True,55445470,980.7805,915.456,964.6861,Grimmsnarl (mirror),9714ab5c3996f6cc,2026-08-12T01:44:02.553403200Z
20260812_grimmsnarl_ml_v19_sub55445763,v19b,26,19,55445763,904.6,92162573,1,1,0,1,-1,1,5,False,55419247,631.9822,921.2359,930.0725,Alakazam,cc38cb450b86770a,2026-08-12T01:47:52.761972700Z
20260812_grimmsnarl_ml_v19_sub55445763,v19b,26,19,55445763,904.6,92163508,1,0,0,-1,1,1,1,False,55437453,967.3149,930.0725,902.5305,Dragapult,202ee2cec6cbe8b4,2026-08-12T01:53:03.840819100Z
20260812_grimmsnarl_ml_v19_sub55445763,v19b,26,19,55445763,904.6,92164447,1,1,0,1,-1,1,3,False,55441727,973.0727,902.5305,938.1391,Alakazam,cc38cb450b86770a,2026-08-12T01:56:27.568852700Z
20260812_grimmsnarl_ml_v19_sub55445763,v19b,26,19,55445763,904.6,92165376,0,0,0,-1,1,6,4,True,55094883,643.7431,938.1391,881.8479,other: Conkeldurr,48047de8a9cc5ca2,2026-08-12T02:00:43.783113900Z
20260812_grimmsnarl_ml_v19_sub55445763,v19b,26,19,55445763,904.6,92166326,0,0,0,-1,1,4,2,True,55421757,843.6602,881.8479,855.8376,Grimmsnarl (mirror),9714ab5c3996f6cc,2026-08-12T02:04:05.787448200Z
20260812_grimmsnarl_ml_v19_sub55445763,v19b,26,19,55445763,904.6,92167281,0,1,0,1,-1,1,4,True,55446192,838.51,855.8376,874.0795,Mega Lucario,c3c16f0e65487ad6,2026-08-12T02:07:49.942571500Z
20260812_grimmsnarl_ml_v19_sub55445763,v19b,26,19,55445763,904.6,92168214,1,1,0,1,-1,2,3,False,55427169,815.1667,874.0795,890.0534,Grimmsnarl (mirror),9714ab5c3996f6cc,2026-08-12T02:12:01.101187800Z
20260812_grimmsnarl_ml_v19_sub55445763,v19b,26,19,55445763,904.6,92169135,0,1,0,1,-1,1,3,True,54999778,851.1147,890.0534,906.292,Archaludon,ebd4dbb270dce6a2,2026-08-12T02:15:53.947451600Z
20260812_grimmsnarl_ml_v19_sub55445763,v19b,26,19,55445763,904.6,92170076,1,1,0,1,-1,2,2,False,55425356,873.651,906.292,921.8889,Alakazam,cc38cb450b86770a,2026-08-12T02:19:53.932994600Z
20260812_grimmsnarl_ml_v19_sub55445763,v19b,26,19,55445763,904.6,92171031,0,0,0,-1,1,6,1,True,55359945,962.928,921.8889,907.5866,other: N’s Zoroark ex,11276baf19535b35,2026-08-12T02:27:11.900664700Z
20260812_grimmsnarl_ml_v19_sub55445763,v19b,26,19,55445763,904.6,92171967,1,1,0,1,-1,1,1,False,55433908,929.0504,895.5972,912.4085,Alakazam,cc38cb450b86770a,2026-08-12T02:28:42.659134500Z
20260812_grimmsnarl_ml_v19_sub55445763,v19b,26,19,55445763,904.6,92172191,1,0,0,-1,1,4,1,False,55443385,977.9724,907.5866,895.5972,Ogerpon,03ef6fb296bc6b10,2026-08-12T02:28:00.222431200Z
20260812_grimmsnarl_ml_v19_sub55445763,v19b,26,19,55445763,904.6,92172909,1,0,0,-1,1,3,2,False,55429290,959.0479,912.4085,900.4723,Mega Lopunny / Froslass,6fa64c0e3b2eb67c,2026-08-12T02:33:00.851884200Z
20260812_grimmsnarl_ml_v19_sub55445763,v19b,26,19,55445763,904.6,92173841,1,0,0,-1,1,4,1,False,55430013,880.2948,900.4723,885.9585,Grimmsnarl (mirror),9714ab5c3996f6cc,2026-08-12T02:35:54.233918100Z
20260812_grimmsnarl_ml_v19_sub55445763,v19b,26,19,55445763,904.6,92174054,1,0,0,-1,1,5,1,False,55444216,923.5194,885.9585,874.794,Alakazam,cc38cb450b86770a,2026-08-12T02:36:09.461519100Z
20260812_grimmsnarl_ml_v19_sub55445763,v19b,26,19,55445763,904.6,92174785,0,0,0,-1,1,2,1,True,55444490,887.2067,874.794,863.0446,other: Cynthia's Garchomp ex,daff2ed17de6145d,2026-08-12T02:39:57.190595300Z
20260812_grimmsnarl_ml_v19_sub55445763,v19b,26,19,55445763,904.6,92175730,0,1,0,1,-1,1,2,True,55306828,855.5777,863.0446,874.6189,Alakazam,cc38cb450b86770a,2026-08-12T02:44:08.007316200Z
20260812_grimmsnarl_ml_v19_sub55445763,v19b,26,19,55445763,904.6,92176656,1,0,0,-1,1,5,2,False,55439631,974.4254,874.6189,866.9696,Kangaskhan / Crustle,1eda048ea3581634,2026-08-12T02:48:06.059542500Z
20260812_grimmsnarl_ml_v19_sub55445763,v19b,26,19,55445763,904.6,92177628,0,0,0,-1,1,3,1,True,55436486,853.1934,866.9696,855.4193,Grimmsnarl (mirror),9714ab5c3996f6cc,2026-08-12T02:51:53.820703600Z
20260812_grimmsnarl_ml_v19_sub55445763,v19b,26,19,55445763,904.6,92178567,0,0,0,-1,1,4,1,True,55351349,821.5342,855.4193,843.4929,Ogerpon,0dede7cb8026e473,2026-08-12T02:56:14.670209600Z
20260812_grimmsnarl_ml_v19_sub55445763,v19b,26,19,55445763,904.6,92179523,0,1,0,1,-1,1,3,True,55417150,874.3756,843.4929,854.8185,Grimmsnarl (mirror),9714ab5c3996f6cc,2026-08-12T03:00:16.326661200Z
20260812_grimmsnarl_ml_v19_sub55445763,v19b,26,19,55445763,904.6,92180443,1,1,0,1,-1,2,4,False,55330516,876.1628,854.8185,865.3957,other: Cynthia's Garchomp ex,1425edcfd4319da5,2026-08-12T03:04:00.468303300Z
20260812_grimmsnarl_ml_v19_sub55445763,v19b,26,19,55445763,904.6,92181383,0,1,0,1,-1,1,5,True,55437925,888.615,865.3957,875.6304,Grimmsnarl (mirror),9714ab5c3996f6cc,2026-08-12T03:07:54.579839500Z
20260812_grimmsnarl_ml_v19_sub55445763,v19b,26,19,55445763,904.6,92182320,1,1,0,1,-1,4,5,False,54824883,520.5383,875.6304,876.9554,Ogerpon,606c51d236295fcd,2026-08-12T03:11:45.877905100Z
20260812_grimmsnarl_ml_v19_sub55445763,v19b,26,19,55445763,904.6,92183257,1,0,0,-1,1,2,1,False,55441775,912.7642,876.9554,869.0665,Dragapult,3edaa824fcc4d093,2026-08-12T03:16:44.954299200Z
20260812_grimmsnarl_ml_v19_sub55445763,v19b,26,19,55445763,904.6,92184195,0,1,0,1,-1,2,5,True,55437543,804.4432,869.0665,875.8766,Grimmsnarl (mirror),2cd6d97526908dbb,2026-08-12T03:20:22.140478800Z
20260812_grimmsnarl_ml_v19_sub55445763,v19b,26,19,55445763,904.6,92185184,1,1,0,1,-1,3,2,False,55440107,870.3213,875.8766,884.2137,Mega Lopunny / Froslass,a7ee29914c1dce64,2026-08-12T03:24:42.581469700Z
20260812_grimmsnarl_ml_v19_sub55445763,v19b,26,19,55445763,904.6,92186068,0,0,0,-1,1,3,1,True,55378431,814.3799,884.2137,873.7309,Grimmsnarl (mirror),9714ab5c3996f6cc,2026-08-12T03:28:19.369145700Z
20260812_grimmsnarl_ml_v19_sub55445763,v19b,26,19,55445763,904.6,92186979,0,1,0,1,-1,2,2,True,55446332,754.6949,880.655,885.2389,Grimmsnarl (mirror),9714ab5c3996f6cc,2026-08-12T03:32:37.121611500Z
20260812_grimmsnarl_ml_v19_sub55445763,v19b,26,19,55445763,904.6,92187042,1,1,0,1,-1,1,1,False,55442940,836.673,873.7309,880.655,Alakazam,a665414222aea434,2026-08-12T03:32:28.516474600Z
20260812_grimmsnarl_ml_v19_sub55445763,v19b,26,19,55445763,904.6,92187796,1,1,0,1,-1,2,1,False,55447139,730.0053,885.2389,889.0988,Mega Lucario,05f854e1b3b3ba0f,2026-08-12T03:36:27.006752400Z
20260812_grimmsnarl_ml_v19_sub55445763,v19b,26,19,55445763,904.6,92188596,1,1,0,1,-1,1,3,False,55447816,766.934,889.0988,893.2153,Alakazam,cc38cb450b86770a,2026-08-12T03:42:44.152955Z
20260812_grimmsnarl_ml_v19_sub55445763,v19b,26,19,55445763,904.6,92189596,0,1,0,1,-1,1,3,True,55447568,890.4573,893.2153,899.7779,Mega Lucario,05f854e1b3b3ba0f,2026-08-12T03:44:23.367550900Z
20260812_grimmsnarl_ml_v19_sub55445763,v19b,26,19,55445763,904.6,92193254,0,1,0,1,-1,3,3,True,55448054,837.3679,899.7779,904.6748,Mega Lucario,0108c79d688ec17b,2026-08-12T04:00:13.005370400Z
20260812_grimmsnarl_ml_v20_sub55445769,v20,27,20,55445769,982.0,92155899,0,0,0,-1,1,2,2,True,55445769,,,,Grimmsnarl (mirror),9714ab5c3996f6cc,2026-08-12T01:16:47.494041400Z
20260812_grimmsnarl_ml_v20_sub55445769,v20,27,20,55445769,982.0,92156001,1,1,0,1,-1,2,3,False,54095421,607.7142,600.0,711.087,Archaludon,1a5a0c5b50e7199e,2026-08-12T01:20:08.630681400Z
20260812_grimmsnarl_ml_v20_sub55445769,v20,27,20,55445769,982.0,92156919,1,1,0,1,-1,2,2,False,55400278,649.8118,711.087,791.3305,Alakazam,a665414222aea434,2026-08-12T01:23:48.892922500Z
20260812_grimmsnarl_ml_v20_sub55445769,v20,27,20,55445769,982.0,92157852,1,1,0,1,-1,1,1,False,55445803,808.0501,902.1595,949.5639,Grimmsnarl (mirror),9714ab5c3996f6cc,2026-08-12T01:28:01.962810Z
20260812_grimmsnarl_ml_v20_sub55445769,v20,27,20,55445769,982.0,92157854,1,1,0,1,-1,1,4,False,55318486,893.8076,791.3305,902.1595,Grimmsnarl (mirror),9714ab5c3996f6cc,2026-08-12T01:27:57.446084Z
20260812_grimmsnarl_ml_v20_sub55445769,v20,27,20,55445769,982.0,92158798,1,0,0,-1,1,1,1,False,55424549,884.7825,949.5639,872.4869,Mega Lopunny / Froslass,a7ee29914c1dce64,2026-08-12T01:31:49.038867600Z
20260812_grimmsnarl_ml_v20_sub55445769,v20,27,20,55445769,982.0,92159753,0,1,0,1,-1,3,6,True,54417767,714.1472,872.4869,901.9055,Alakazam,1650450cac935c2d,2026-08-12T01:35:40.258234Z
20260812_grimmsnarl_ml_v20_sub55445769,v20,27,20,55445769,982.0,92160687,0,1,0,1,-1,1,3,True,55393911,891.9645,901.9055,947.4014,Alakazam,cc38cb450b86770a,2026-08-12T01:40:12.045847800Z
20260812_grimmsnarl_ml_v20_sub55445769,v20,27,20,55445769,982.0,92161629,1,1,0,1,-1,2,4,False,55390724,953.9682,947.4014,988.9671,Grimmsnarl (mirror),9714ab5c3996f6cc,2026-08-12T01:44:11.585078400Z
20260812_grimmsnarl_ml_v20_sub55445769,v20,27,20,55445769,982.0,92162566,0,1,0,1,-1,1,1,True,55430330,1027.2661,988.9671,1029.3313,Mega Lopunny / Froslass,beb28c5389bf9e1f,2026-08-12T01:48:16.941178900Z
20260812_grimmsnarl_ml_v20_sub55445769,v20,27,20,55445769,982.0,92163498,1,0,0,-1,1,5,1,False,55409731,980.6288,1029.3313,992.3711,Grimmsnarl (mirror),21c3f20980827cb2,2026-08-12T01:52:02.192524500Z
20260812_grimmsnarl_ml_v20_sub55445769,v20,27,20,55445769,982.0,92164441,1,0,0,-1,1,3,1,False,55441017,1025.7026,992.3711,967.3013,Mega Lopunny / Froslass,a7ee29914c1dce64,2026-08-12T01:56:08.782171100Z
20260812_grimmsnarl_ml_v20_sub55445769,v20,27,20,55445769,982.0,92164599,1,0,0,-1,1,2,2,False,55443978,1007.1823,967.3013,945.1571,Dragapult,202ee2cec6cbe8b4,2026-08-12T01:56:26.559849Z
20260812_grimmsnarl_ml_v20_sub55445769,v20,27,20,55445769,982.0,92165385,0,0,0,-1,1,5,1,True,55444068,917.7787,945.1571,919.2892,Grimmsnarl (mirror),9714ab5c3996f6cc,2026-08-12T02:00:28.143933200Z
20260812_grimmsnarl_ml_v20_sub55445769,v20,27,20,55445769,982.0,92166327,1,1,0,1,-1,1,2,False,55305966,876.8227,919.2892,938.1419,Kangaskhan / Crustle,36308472ad6655a5,2026-08-12T02:03:45.868325900Z
20260812_grimmsnarl_ml_v20_sub55445769,v20,27,20,55445769,982.0,92167269,0,1,0,1,-1,2,5,True,55443106,913.3124,938.1419,956.7802,Kangaskhan / Crustle,9b415cc6bbdf6fd5,2026-08-12T02:08:04.014607Z
20260812_grimmsnarl_ml_v20_sub55445769,v20,27,20,55445769,982.0,92167385,1,0,0,-1,1,4,1,False,55443913,1060.0871,956.7802,944.0512,Mega Lopunny / Froslass,a7ee29914c1dce64,2026-08-12T02:08:07.015339600Z
20260812_grimmsnarl_ml_v20_sub55445769,v20,27,20,55445769,982.0,92168220,0,0,0,-1,1,6,4,True,55407664,880.811,944.0512,921.6175,Kangaskhan / Crustle,2615cb184074e798,2026-08-12T02:11:53.360465800Z
20260812_grimmsnarl_ml_v20_sub55445769,v20,27,20,55445769,982.0,92169244,1,1,0,1,-1,2,5,False,55408195,904.6512,921.6175,937.6039,Mega Lopunny / Froslass,a7ee29914c1dce64,2026-08-12T02:16:08.041200500Z
20260812_grimmsnarl_ml_v20_sub55445769,v20,27,20,55445769,982.0,92170091,0,1,0,1,-1,1,3,True,55318486,884.0121,937.6039,950.7309,Grimmsnarl (mirror),9714ab5c3996f6cc,2026-08-12T02:19:55.170397500Z
20260812_grimmsnarl_ml_v20_sub55445769,v20,27,20,55445769,982.0,92171043,1,0,0,-1,1,1,1,False,55436166,898.0652,950.7309,932.5894,Alakazam,cc38cb450b86770a,2026-08-12T02:24:01.984254100Z
20260812_grimmsnarl_ml_v20_sub55445769,v20,27,20,55445769,982.0,92171978,0,1,0,1,-1,1,5,True,55370176,838.365,932.5894,942.5329,Grimmsnarl (mirror),9714ab5c3996f6cc,2026-08-12T02:28:03.528114500Z
20260812_grimmsnarl_ml_v20_sub55445769,v20,27,20,55445769,982.0,92172908,0,1,0,1,-1,1,5,True,55096883,938.3508,942.5329,956.1301,Alakazam,cc38cb450b86770a,2026-08-12T02:32:40.441000200Z
20260812_grimmsnarl_ml_v20_sub55445769,v20,27,20,55445769,982.0,92173836,0,1,0,1,-1,1,6,True,55442755,932.4236,956.1301,968.1436,Dipplin,8d3a8feb6bf84019,2026-08-12T02:36:00.717199500Z
20260812_grimmsnarl_ml_v20_sub55445769,v20,27,20,55445769,982.0,92174768,1,1,0,1,-1,1,3,False,55395289,965.1626,968.1436,980.593,Alakazam,cc38cb450b86770a,2026-08-12T02:40:15.030487200Z
20260812_grimmsnarl_ml_v20_sub55445769,v20,27,20,55445769,982.0,92175704,0,1,0,1,-1,1,6,True,55273269,903.204,980.593,989.5042,other: Cynthia's Garchomp ex,daff2ed17de6145d,2026-08-12T02:43:54.419348600Z
20260812_grimmsnarl_ml_v20_sub55445769,v20,27,20,55445769,982.0,92176625,0,1,0,1,-1,1,3,True,55443573,897.1467,989.5042,997.5167,Grimmsnarl (mirror),9714ab5c3996f6cc,2026-08-12T02:47:59.146943700Z
20260812_grimmsnarl_ml_v20_sub55445769,v20,27,20,55445769,982.0,92177597,0,0,0,-1,1,5,2,True,55395787,1028.6715,997.5167,987.5276,Grimmsnarl (mirror),9714ab5c3996f6cc,2026-08-12T02:52:38.258583500Z
20260812_grimmsnarl_ml_v20_sub55445769,v20,27,20,55445769,982.0,92178524,1,1,0,1,-1,4,2,False,55429108,988.1566,987.5382,998.3368,Ogerpon,0dede7cb8026e473,2026-08-12T02:56:08.965165Z
20260812_grimmsnarl_ml_v20_sub55445769,v20,27,20,55445769,982.0,92178666,1,1,0,1,-1,6,5,False,55434525,156.6992,987.5276,987.5382,other: Mega Abomasnow ex,087addb066c1d16f,2026-08-12T02:56:07.254779Z
20260812_grimmsnarl_ml_v20_sub55445769,v20,27,20,55445769,982.0,92179485,1,0,0,-1,1,6,1,False,55431441,984.767,998.3368,987.4612,Grimmsnarl (mirror),9714ab5c3996f6cc,2026-08-12T03:00:22.897670600Z
20260812_grimmsnarl_ml_v20_sub55445769,v20,27,20,55445769,982.0,92179504,1,0,0,-1,1,3,2,False,55445402,1036.8204,987.4612,979.2425,Alakazam,cc38cb450b86770a,2026-08-12T03:00:40.343868Z
20260812_grimmsnarl_ml_v20_sub55445769,v20,27,20,55445769,982.0,92180419,1,1,0,1,-1,1,5,False,55441101,976.1575,979.2425,988.8008,Grimmsnarl (mirror),6ef5d9bc5407f2ae,2026-08-12T03:04:10.338042600Z
20260812_grimmsnarl_ml_v20_sub55445769,v20,27,20,55445769,982.0,92181351,0,1,0,1,-1,1,6,True,55437832,987.5769,988.8008,998.1047,Grimmsnarl (mirror),17125d8ba1b278fc,2026-08-12T03:08:00.118328800Z
20260812_grimmsnarl_ml_v20_sub55445769,v20,27,20,55445769,982.0,92182285,1,1,0,1,-1,1,1,False,55444628,964.0794,998.1047,1006.0279,Alakazam,cc38cb450b86770a,2026-08-12T03:11:45.850095800Z
20260812_grimmsnarl_ml_v20_sub55445769,v20,27,20,55445769,982.0,92183225,1,0,0,-1,1,1,1,False,55437097,975.1998,1006.0279,996.2661,Kangaskhan / Crustle,e867da7ee803397c,2026-08-12T03:16:16.342587200Z
20260812_grimmsnarl_ml_v20_sub55445769,v20,27,20,55445769,982.0,92184158,1,1,0,1,-1,6,3,False,55366485,921.3303,996.2661,1002.6055,Ogerpon,0dede7cb8026e473,2026-08-12T03:20:13.999463100Z
20260812_grimmsnarl_ml_v20_sub55445769,v20,27,20,55445769,982.0,92185044,1,0,0,-1,1,4,2,False,55394655,956.5632,1002.6055,992.8967,Alakazam,cc38cb450b86770a,2026-08-12T03:24:49.267382400Z
20260812_grimmsnarl_ml_v20_sub55445769,v20,27,20,55445769,982.0,92186042,0,1,0,1,-1,1,3,True,55441101,965.6956,992.8967,1000.1313,Grimmsnarl (mirror),6ef5d9bc5407f2ae,2026-08-12T03:28:27.795493300Z
20260812_grimmsnarl_ml_v20_sub55445769,v20,27,20,55445769,982.0,92187003,0,0,0,-1,1,6,4,True,55444252,1082.3332,1000.1313,994.5161,other: Conkeldurr,cf84f522720e3610,2026-08-12T03:32:07.760114500Z
20260812_grimmsnarl_ml_v20_sub55445769,v20,27,20,55445769,982.0,92187940,1,1,0,1,-1,5,6,False,54318477,678.0833,994.5161,995.9777,Kangaskhan / Crustle,06719550d979d46e,2026-08-12T03:36:11.563057900Z
20260812_grimmsnarl_ml_v20_sub55445769,v20,27,20,55445769,982.0,92188868,1,0,0,-1,1,6,1,False,55407630,1037.4196,995.9777,989.5328,Grimmsnarl (mirror),9714ab5c3996f6cc,2026-08-12T03:42:10.676771900Z
20260812_grimmsnarl_ml_v20_sub55445769,v20,27,20,55445769,982.0,92189837,1,0,0,-1,1,3,2,False,55401396,997.1513,989.5328,982.3822,Grimmsnarl (mirror),9714ab5c3996f6cc,2026-08-12T03:44:46.081723Z
20260812_grimmsnarl_ml_v20_sub55445769,v20,27,20,55445769,982.0,92190746,0,1,0,1,-1,1,2,True,55429290,959.133,982.3822,988.9454,Mega Lopunny / Froslass,6fa64c0e3b2eb67c,2026-08-12T03:51:22.946793900Z
20260812_grimmsnarl_ml_v20_sub55445769,v20,27,20,55445769,982.0,92191615,1,1,0,1,-1,1,5,False,55287546,921.9007,988.9454,994.3233,Alakazam,cc38cb450b86770a,2026-08-12T03:52:48.341261600Z
20260812_grimmsnarl_ml_v20_sub55445769,v20,27,20,55445769,982.0,92192672,0,0,0,-1,1,2,2,True,55431225,1008.8367,994.3233,987.8504,Mega Lopunny / Froslass,a7ee29914c1dce64,2026-08-12T03:56:13.168299500Z
20260812_grimmsnarl_ml_v20_sub55445769,v20,27,20,55445769,982.0,92194308,1,0,0,-1,1,4,1,False,55447041,1017.2827,987.8504,982.0466,Ogerpon,927345d73c1a1614,2026-08-12T04:04:13.661877300Z
20260813_grimmsnarl_ml_v21_sub55456713,v21,28,21,55456713,948.2,92292351,0,1,0,1,-1,1,5,True,55456713,,,,Grimmsnarl (mirror),9714ab5c3996f6cc,2026-08-12T11:00:48.757532Z
20260813_grimmsnarl_ml_v21_sub55456713,v21,28,21,55456713,948.2,92292487,1,1,0,1,-1,1,1,False,53765546,663.2919,600.0,728.1644,Mega Lucario,d05bff224d40b9c6,2026-08-12T11:04:33.070083800Z
20260813_grimmsnarl_ml_v21_sub55456713,v21,28,21,55456713,948.2,92292529,1,1,0,1,-1,1,5,False,55456358,510.0543,728.1644,773.1259,Grimmsnarl (mirror),ab6ce40f94feb450,2026-08-12T11:06:22.474559500Z
20260813_grimmsnarl_ml_v21_sub55456713,v21,28,21,55456713,948.2,92292554,1,1,0,1,-1,1,4,False,55456143,674.1631,837.0484,877.0207,Grimmsnarl (mirror),21c3f20980827cb2,2026-08-12T11:13:36.281981200Z
20260813_grimmsnarl_ml_v21_sub55456713,v21,28,21,55456713,948.2,92293437,1,1,0,1,-1,2,2,True,55425430,685.3548,773.1259,837.0484,Archaludon,2b6a7dd699d2b6a5,2026-08-12T11:08:29.686470600Z
20260813_grimmsnarl_ml_v21_sub55456713,v21,28,21,55456713,948.2,92294364,1,0,0,-1,1,3,1,False,55448967,864.6693,877.0207,811.4134,Grimmsnarl (mirror),9714ab5c3996f6cc,2026-08-12T11:14:03.262018Z
20260813_grimmsnarl_ml_v21_sub55456713,v21,28,21,55456713,948.2,92295332,0,1,0,1,-1,3,2,True,55432319,828.2184,811.4134,866.7262,Mega Lopunny / Froslass,34d66734d290ea3d,2026-08-12T11:16:30.294608500Z
20260813_grimmsnarl_ml_v21_sub55456713,v21,28,21,55456713,948.2,92296264,0,1,0,1,-1,2,1,True,55448563,843.6909,866.7262,907.8802,Ogerpon,0dede7cb8026e473,2026-08-12T11:20:20.915310Z
20260813_grimmsnarl_ml_v21_sub55456713,v21,28,21,55456713,948.2,92297190,1,1,0,1,-1,1,2,True,54987267,796.1327,907.8802,933.7335,Archaludon,ebd4dbb270dce6a2,2026-08-12T11:24:21.756086300Z
20260813_grimmsnarl_ml_v21_sub55456713,v21,28,21,55456713,948.2,92298133,0,0,0,-1,1,5,2,True,55357216,885.8335,933.7335,892.5834,Alakazam,cc38cb450b86770a,2026-08-12T11:28:20.804566800Z
20260813_grimmsnarl_ml_v21_sub55456713,v21,28,21,55456713,948.2,92299068,1,0,0,-1,1,2,1,False,55452107,851.2757,892.5834,857.223,Alakazam,cc38cb450b86770a,2026-08-12T11:32:18.663339500Z
20260813_grimmsnarl_ml_v21_sub55456713,v21,28,21,55456713,948.2,92300019,0,1,0,1,-1,1,4,True,55455018,845.0727,857.223,883.8261,Grimmsnarl (mirror),9714ab5c3996f6cc,2026-08-12T11:36:26.579880700Z
20260813_grimmsnarl_ml_v21_sub55456713,v21,28,21,55456713,948.2,92300965,0,0,0,-1,1,4,1,True,55433883,870.5274,883.8261,856.995,Alakazam,cc38cb450b86770a,2026-08-12T11:40:30.442841300Z
20260813_grimmsnarl_ml_v21_sub55456713,v21,28,21,55456713,948.2,92301932,0,1,0,1,-1,1,2,True,55455472,833.7994,856.995,878.3427,Dragapult,202ee2cec6cbe8b4,2026-08-12T11:44:28.969503400Z
20260813_grimmsnarl_ml_v21_sub55456713,v21,28,21,55456713,948.2,92302852,0,1,0,1,-1,1,2,True,55454334,949.2923,878.3427,905.5406,Grimmsnarl (mirror),17125d8ba1b278fc,2026-08-12T11:48:31.225207800Z
20260813_grimmsnarl_ml_v21_sub55456713,v21,28,21,55456713,948.2,92303795,0,1,0,1,-1,2,5,True,55366690,883.6788,905.5406,924.1365,Grimmsnarl (mirror),9714ab5c3996f6cc,2026-08-12T11:52:32.450086900Z
20260813_grimmsnarl_ml_v21_sub55456713,v21,28,21,55456713,948.2,92304739,0,1,0,1,-1,1,4,True,55281815,801.0421,924.1365,935.6376,other: Team Rocket's Mewtwo ex,c7f1cd6579e2b0e8,2026-08-12T11:57:22.507901500Z
20260813_grimmsnarl_ml_v21_sub55456713,v21,28,21,55456713,948.2,92305667,0,1,0,1,-1,1,5,True,55371062,852.3452,935.6376,948.6222,Grimmsnarl (mirror),9714ab5c3996f6cc,2026-08-12T12:00:48.158376400Z
20260813_grimmsnarl_ml_v21_sub55456713,v21,28,21,55456713,948.2,92306595,0,1,0,1,-1,2,3,True,55373786,877.6765,948.6222,961.5686,Grimmsnarl (mirror),9714ab5c3996f6cc,2026-08-12T12:04:23.457156700Z
20260813_grimmsnarl_ml_v21_sub55456713,v21,28,21,55456713,948.2,92307543,0,1,0,1,-1,4,2,True,55453185,906.6208,961.5686,974.586,Kangaskhan / Crustle,5f0ac3552fe3098a,2026-08-12T12:10:15.320434400Z
20260813_grimmsnarl_ml_v21_sub55456713,v21,28,21,55456713,948.2,92308462,0,0,0,-1,1,4,1,True,55147260,892.4661,990.2614,970.345,other: Cynthia's Garchomp ex,daff2ed17de6145d,2026-08-12T12:12:32.726667600Z
20260813_grimmsnarl_ml_v21_sub55456713,v21,28,21,55456713,948.2,92308563,1,1,0,1,-1,1,4,False,55455876,985.2073,974.586,990.2614,Grimmsnarl (mirror),9714ab5c3996f6cc,2026-08-12T12:12:28.829697800Z
20260813_grimmsnarl_ml_v21_sub55456713,v21,28,21,55456713,948.2,92309419,0,1,0,1,-1,3,2,True,55438434,913.0992,957.8755,968.9407,other: Hydrapple ex,78a27b6e506d4015,2026-08-12T12:23:38.966760200Z
20260813_grimmsnarl_ml_v21_sub55456713,v21,28,21,55456713,948.2,92310361,1,0,0,-1,1,5,1,False,55360885,996.0933,970.345,957.8755,Grimmsnarl (mirror),9714ab5c3996f6cc,2026-08-12T12:20:30.139972400Z
20260813_grimmsnarl_ml_v21_sub55456713,v21,28,21,55456713,948.2,92311310,1,1,0,1,-1,1,3,False,55403940,891.3279,968.9407,978.2156,Alakazam,cc38cb450b86770a,2026-08-12T12:24:40.593991400Z
20260813_grimmsnarl_ml_v21_sub55456713,v21,28,21,55456713,948.2,92312245,1,0,0,-1,1,2,2,True,55447687,903.9006,978.2156,962.8884,Dragapult,202ee2cec6cbe8b4,2026-08-12T12:29:48.634592100Z
20260813_grimmsnarl_ml_v21_sub55456713,v21,28,21,55456713,948.2,92313196,1,1,0,1,-1,1,2,False,55437201,921.405,962.8884,972.7391,Alakazam,cc38cb450b86770a,2026-08-12T12:32:22.767927300Z
20260813_grimmsnarl_ml_v21_sub55456713,v21,28,21,55456713,948.2,92314152,0,1,0,1,-1,1,5,True,55433905,942.7735,972.7391,982.6581,Grimmsnarl (mirror),9714ab5c3996f6cc,2026-08-12T12:36:34.562436500Z
20260813_grimmsnarl_ml_v21_sub55456713,v21,28,21,55456713,948.2,92315087,0,1,0,1,-1,3,3,True,55456272,923.9544,982.6581,991.1045,Kangaskhan / Crustle,9b415cc6bbdf6fd5,2026-08-12T12:42:53.559512Z
20260813_grimmsnarl_ml_v21_sub55456713,v21,28,21,55456713,948.2,92316018,1,1,0,1,-1,1,3,False,55456643,963.6279,975.9496,985.249,Kangaskhan / Crustle,1eda048ea3581634,2026-08-12T12:44:32.765133Z
20260813_grimmsnarl_ml_v21_sub55456713,v21,28,21,55456713,948.2,92316023,1,0,0,-1,1,4,1,False,55448347,868.4623,991.1045,975.9496,Grimmsnarl (mirror),9714ab5c3996f6cc,2026-08-12T12:44:29.704271300Z
20260813_grimmsnarl_ml_v21_sub55456713,v21,28,21,55456713,948.2,92316985,1,0,0,-1,1,3,1,False,55452397,951.5346,985.249,974.5665,Grimmsnarl (mirror),9714ab5c3996f6cc,2026-08-12T12:48:41.287735700Z
20260813_grimmsnarl_ml_v21_sub55456713,v21,28,21,55456713,948.2,92317932,0,1,0,1,-1,1,2,True,55439479,880.9093,974.5665,980.9204,Grimmsnarl (mirror),9714ab5c3996f6cc,2026-08-12T12:52:30.002242900Z
20260813_grimmsnarl_ml_v21_sub55456713,v21,28,21,55456713,948.2,92318873,1,0,0,-1,1,6,2,False,55426023,1011.9044,980.9204,972.9155,Mega Lucario,05f854e1b3b3ba0f,2026-08-12T12:56:23.285451400Z
20260813_grimmsnarl_ml_v21_sub55456713,v21,28,21,55456713,948.2,92318905,0,0,0,-1,1,5,2,True,55456272,925.207,964.9851,955.3823,Kangaskhan / Crustle,9b415cc6bbdf6fd5,2026-08-12T13:01:08.357969Z
20260813_grimmsnarl_ml_v21_sub55456713,v21,28,21,55456713,948.2,92319827,1,0,0,-1,1,2,2,False,55314931,998.3497,972.9155,964.9851,Grimmsnarl (mirror),9714ab5c3996f6cc,2026-08-12T13:00:34.322404600Z
20260813_grimmsnarl_ml_v21_sub55456713,v21,28,21,55456713,948.2,92320805,1,0,0,-1,1,3,2,False,55434424,973.7402,955.3823,947.7293,Grimmsnarl (mirror),9714ab5c3996f6cc,2026-08-12T13:04:32.879308500Z
20260813_grimmsnarl_ml_v21_sub55456713,v21,28,21,55456713,948.2,92321738,0,1,0,1,-1,1,4,True,55447058,895.2035,947.7293,954.2211,other: Cynthia's Garchomp ex,daff2ed17de6145d,2026-08-12T13:08:51.795434700Z
20260813_grimmsnarl_ml_v21_sub55456713,v21,28,21,55456713,948.2,92322682,1,1,0,1,-1,1,3,False,55438054,931.6818,954.2211,961.3597,Grimmsnarl (mirror),f7dd691a9701b41a,2026-08-12T13:12:31.383798700Z
20260813_grimmsnarl_ml_v21_sub55456713,v21,28,21,55456713,948.2,92323606,1,1,0,1,-1,1,4,False,55432807,809.746,961.3597,965.3025,Grimmsnarl (mirror),9714ab5c3996f6cc,2026-08-12T13:16:24.453491100Z
20260813_grimmsnarl_ml_v21_sub55456713,v21,28,21,55456713,948.2,92324548,0,1,0,1,-1,1,5,True,55421467,865.9306,965.3025,970.2612,Grimmsnarl (mirror),9714ab5c3996f6cc,2026-08-12T13:20:22.405916900Z
20260813_grimmsnarl_ml_v21_sub55456713,v21,28,21,55456713,948.2,92329216,0,0,0,-1,1,2,2,True,55457326,919.5379,970.2612,961.7557,Grimmsnarl (mirror),9714ab5c3996f6cc,2026-08-12T13:40:42.413297100Z
20260813_grimmsnarl_ml_v21_sub55456713,v21,28,21,55456713,948.2,92330799,0,0,0,-1,1,4,1,True,55459480,923.457,961.7557,954.8555,Grimmsnarl (mirror),9714ab5c3996f6cc,2026-08-12T13:48:24.014306200Z
20260813_grimmsnarl_ml_v21_sub55456713,v21,28,21,55456713,948.2,92337400,0,0,0,-1,1,5,1,True,55459683,971.1618,954.8555,948.7381,Alakazam,cc38cb450b86770a,2026-08-12T14:16:41.645579200Z
20260813_grimmsnarl_ml_v21_sub55456713,v21,28,21,55456713,948.2,92358208,0,1,0,1,-1,1,2,True,55460018,863.3118,948.7381,953.5064,Grimmsnarl (mirror),4bb039bb27a8d7ab,2026-08-12T15:46:54.121802Z
20260813_grimmsnarl_ml_v21_sub55456713,v21,28,21,55456713,948.2,92361041,0,0,0,-1,1,6,1,True,55459704,970.0049,953.5064,947.3311,Grimmsnarl (mirror),e9faaa55b3bb53dd,2026-08-12T15:59:24.525134400Z
20260813_grimmsnarl_ml_v21_sub55456713,v21,28,21,55456713,948.2,92380726,0,0,0,-1,1,6,1,True,55461534,915.345,947.3311,940.1719,Kangaskhan / Crustle,20bc24847121c967,2026-08-12T17:23:46.254221900Z
20260813_grimmsnarl_ml_v21_sub55456713,v21,28,21,55456713,948.2,92403585,0,0,0,-1,1,4,1,True,55465037,961.496,940.1719,934.7188,Grimmsnarl (mirror),9714ab5c3996f6cc,2026-08-12T19:03:03.148175800Z
20260813_grimmsnarl_ml_v21_sub55456713,v21,28,21,55456713,948.2,92406356,0,1,0,1,-1,2,1,True,55464969,969.0983,934.7188,941.2545,Mega Lucario,0108c79d688ec17b,2026-08-12T19:18:57.373054400Z
20260813_grimmsnarl_ml_v21_sub55456713,v21,28,21,55456713,948.2,92410069,1,0,0,-1,1,1,1,False,55465468,897.6847,941.2545,934.7671,Mega Lopunny / Froslass,a7ee29914c1dce64,2026-08-12T19:31:10.953356300Z
20260813_grimmsnarl_ml_v21_sub55456713,v21,28,21,55456713,948.2,92412850,0,1,0,1,-1,1,3,True,55465187,1011.3365,941.0855,947.9813,Grimmsnarl (mirror),9714ab5c3996f6cc,2026-08-12T19:49:33.007767900Z
20260813_grimmsnarl_ml_v21_sub55456713,v21,28,21,55456713,948.2,92413093,1,1,0,1,-1,1,4,False,55460753,953.3333,934.7671,941.0855,Alakazam,cc38cb450b86770a,2026-08-12T19:42:49.204042600Z
20260813_grimmsnarl_ml_v21_sub55456713,v21,28,21,55456713,948.2,92421332,1,0,0,-1,1,4,1,False,55465134,919.9986,947.9813,941.8255,other: Rillaboom,93cc6d8bea20585e,2026-08-12T20:21:10.799353400Z
20260813_grimmsnarl_ml_v21_sub55456713,v21,28,21,55456713,948.2,92426186,0,1,0,1,-1,1,4,True,55462278,883.8056,941.8255,946.2647,Mega Lucario,05f854e1b3b3ba0f,2026-08-12T20:39:10.275618400Z
20260813_grimmsnarl_ml_v21_sub55456713,v21,28,21,55456713,948.2,92446416,1,0,0,-1,1,1,1,False,55466146,890.5628,946.2647,939.6853,Dragapult,202ee2cec6cbe8b4,2026-08-12T22:07:00.479868700Z
20260813_grimmsnarl_ml_v21_sub55456713,v21,28,21,55456713,948.2,92465999,0,1,0,1,-1,1,2,True,55269067,909.0381,939.6853,944.4769,Kangaskhan / Crustle,62088a8950aeae46,2026-08-12T23:32:31.615054500Z
20260813_grimmsnarl_ml_v21_sub55456713,v21,28,21,55456713,948.2,92479989,1,0,0,-1,1,3,1,False,55468625,916.055,949.9221,944.2726,Kangaskhan / Crustle,80a6d4e33ff048e9,2026-08-13T00:34:33.251311100Z
20260813_grimmsnarl_ml_v21_sub55456713,v21,28,21,55456713,948.2,92479999,1,1,0,1,-1,2,5,False,55468478,960.6104,944.4769,949.9221,Grimmsnarl (mirror),9714ab5c3996f6cc,2026-08-13T00:32:31.252939800Z
20260813_grimmsnarl_ml_v21_sub55456713,v21,28,21,55456713,948.2,92487474,0,1,0,1,-1,1,4,True,55468794,884.5534,944.2726,948.2455,Dragapult,202ee2cec6cbe8b4,2026-08-13T01:05:52.257090600Z
