leaderboard_rank,team_id,team_name,submission_id,submission_score,leaderboard_submission_id,episode_id,episode_state,episode_type,created_at,ended_at,seat_index,opponent_submission_id,opponent_team_name,agent_0_submission_id,agent_1_submission_id,deck_hash,matched_deck_card_ids,replay_path,log_paths,download_status,error,downloaded_at
,16561259,kd,55187358,1116.3,55187358,89815951,COMPLETED,EPISODE_TYPE_PUBLIC,2026-08-03T23:36:05.237943600Z,2026-08-03T23:38:09.756544600Z,1,55188658,,55188658,55187358,9714ab5c3996f6cc,60,C:\Users\shiba\ptcc_pokemon_ai_buttle\data\runs\grimmsnarl\v18_teacher_55187358\episodes\89815951\replay\episode_89815951.json,,success,,
,16561259,kd,55187358,1116.3,55187358,89817734,COMPLETED,EPISODE_TYPE_PUBLIC,2026-08-03T23:48:05.152183300Z,2026-08-03T23:50:09.394341200Z,1,55138264,,55138264,55187358,9714ab5c3996f6cc,60,C:\Users\shiba\ptcc_pokemon_ai_buttle\data\runs\grimmsnarl\v18_teacher_55187358\episodes\89817734\replay\episode_89817734.json,,success,,
,16561259,kd,55187358,1116.3,55187358,89817817,COMPLETED,EPISODE_TYPE_PUBLIC,2026-08-03T23:48:05.276434800Z,2026-08-03T23:51:04.242192800Z,1,55217845,,55217845,55187358,9714ab5c3996f6cc,60,C:\Users\shiba\ptcc_pokemon_ai_buttle\data\runs\grimmsnarl\v18_teacher_55187358\episodes\89817817\replay\episode_89817817.json,,success,,
,16561259,kd,55187358,1116.3,55187358,89824325,COMPLETED,EPISODE_TYPE_PUBLIC,2026-08-04T00:32:05.249270900Z,2026-08-04T00:34:37.234900600Z,1,55153405,,55153405,55187358,9714ab5c3996f6cc,60,C:\Users\shiba\ptcc_pokemon_ai_buttle\data\runs\grimmsnarl\v18_teacher_55187358\episodes\89824325\replay\episode_89824325.json,,success,,
,16561259,kd,55187358,1116.3,55187358,89837029,COMPLETED,EPISODE_TYPE_PUBLIC,2026-08-04T02:00:06.085685100Z,2026-08-04T02:02:37.319058300Z,1,55224797,,55224797,55187358,9714ab5c3996f6cc,60,C:\Users\shiba\ptcc_pokemon_ai_buttle\data\runs\grimmsnarl\v18_teacher_55187358\episodes\89837029\replay\episode_89837029.json,,success,,
,16561259,kd,55187358,1116.3,55187358,89838238,COMPLETED,EPISODE_TYPE_PUBLIC,2026-08-04T02:08:04.829133600Z,2026-08-04T02:11:02.372661400Z,0,55224393,,55187358,55224393,9714ab5c3996f6cc,60,C:\Users\shiba\ptcc_pokemon_ai_buttle\data\runs\grimmsnarl\v18_teacher_55187358\episodes\89838238\replay\episode_89838238.json,,success,,
,16561259,kd,55187358,1116.3,55187358,89852067,COMPLETED,EPISODE_TYPE_PUBLIC,2026-08-04T03:40:05.029511100Z,2026-08-04T03:43:19.715398200Z,0,55225120,,55187358,55225120,9714ab5c3996f6cc,60,C:\Users\shiba\ptcc_pokemon_ai_buttle\data\runs\grimmsnarl\v18_teacher_55187358\episodes\89852067\replay\episode_89852067.json,,success,,
,16561259,kd,55187358,1116.3,55187358,89852735,COMPLETED,EPISODE_TYPE_PUBLIC,2026-08-04T03:44:06.365149300Z,2026-08-04T03:45:25.698836600Z,1,55224879,,55224879,55187358,9714ab5c3996f6cc,60,C:\Users\shiba\ptcc_pokemon_ai_buttle\data\runs\grimmsnarl\v18_teacher_55187358\episodes\89852735\replay\episode_89852735.json,,success,,
,16561259,kd,55187358,1116.3,55187358,89865263,COMPLETED,EPISODE_TYPE_PUBLIC,2026-08-04T05:08:05.050797100Z,2026-08-04T05:10:54.943624500Z,1,55198284,,55198284,55187358,9714ab5c3996f6cc,60,C:\Users\shiba\ptcc_pokemon_ai_buttle\data\runs\grimmsnarl\v18_teacher_55187358\episodes\89865263\replay\episode_89865263.json,,success,,
,16561259,kd,55187358,1116.3,55187358,89867040,COMPLETED,EPISODE_TYPE_PUBLIC,2026-08-04T05:20:04.987443700Z,2026-08-04T05:22:42.828403100Z,0,55193872,,55187358,55193872,9714ab5c3996f6cc,60,C:\Users\shiba\ptcc_pokemon_ai_buttle\data\runs\grimmsnarl\v18_teacher_55187358\episodes\89867040\replay\episode_89867040.json,,success,,
,16561259,kd,55187358,1116.3,55187358,89877216,COMPLETED,EPISODE_TYPE_PUBLIC,2026-08-04T06:28:05.139973900Z,2026-08-04T06:32:14.321052800Z,0,55223386,,55187358,55223386,9714ab5c3996f6cc,60,C:\Users\shiba\ptcc_pokemon_ai_buttle\data\runs\grimmsnarl\v18_teacher_55187358\episodes\89877216\replay\episode_89877216.json,,success,,
,16561259,kd,55187358,1116.3,55187358,89878383,COMPLETED,EPISODE_TYPE_PUBLIC,2026-08-04T06:36:05.673817700Z,2026-08-04T06:38:08.389332300Z,1,55198468,,55198468,55187358,9714ab5c3996f6cc,60,C:\Users\shiba\ptcc_pokemon_ai_buttle\data\runs\grimmsnarl\v18_teacher_55187358\episodes\89878383\replay\episode_89878383.json,,success,,
,16561259,kd,55187358,1116.3,55187358,89879974,COMPLETED,EPISODE_TYPE_PUBLIC,2026-08-04T06:48:04.943345100Z,2026-08-04T06:50:41.511561600Z,1,55230390,,55230390,55187358,9714ab5c3996f6cc,60,C:\Users\shiba\ptcc_pokemon_ai_buttle\data\runs\grimmsnarl\v18_teacher_55187358\episodes\89879974\replay\episode_89879974.json,,success,,
,16561259,kd,55187358,1116.3,55187358,89886171,COMPLETED,EPISODE_TYPE_PUBLIC,2026-08-04T07:28:05.746366800Z,2026-08-04T07:30:15.441880400Z,1,55198468,,55198468,55187358,9714ab5c3996f6cc,60,C:\Users\shiba\ptcc_pokemon_ai_buttle\data\runs\grimmsnarl\v18_teacher_55187358\episodes\89886171\replay\episode_89886171.json,,success,,
,16561259,kd,55187358,1116.3,55187358,89895891,COMPLETED,EPISODE_TYPE_PUBLIC,2026-08-04T08:32:05.378942700Z,2026-08-04T08:34:09.204705800Z,0,55226087,,55187358,55226087,9714ab5c3996f6cc,60,C:\Users\shiba\ptcc_pokemon_ai_buttle\data\runs\grimmsnarl\v18_teacher_55187358\episodes\89895891\replay\episode_89895891.json,,success,,
,16561259,kd,55187358,1116.3,55187358,89897650,COMPLETED,EPISODE_TYPE_PUBLIC,2026-08-04T08:44:11.265172600Z,2026-08-04T08:48:08.702643200Z,1,55206911,,55206911,55187358,9714ab5c3996f6cc,60,C:\Users\shiba\ptcc_pokemon_ai_buttle\data\runs\grimmsnarl\v18_teacher_55187358\episodes\89897650\replay\episode_89897650.json,,success,,
,16561259,kd,55187358,1116.3,55187358,89911216,COMPLETED,EPISODE_TYPE_PUBLIC,2026-08-04T10:12:04.925146700Z,2026-08-04T10:14:46.718379800Z,1,55094113,,55094113,55187358,9714ab5c3996f6cc,60,C:\Users\shiba\ptcc_pokemon_ai_buttle\data\runs\grimmsnarl\v18_teacher_55187358\episodes\89911216\replay\episode_89911216.json,,success,,
,16561259,kd,55187358,1116.3,55187358,89919895,COMPLETED,EPISODE_TYPE_PUBLIC,2026-08-04T11:08:04.828679500Z,2026-08-04T11:11:01.143345400Z,0,55186239,,55187358,55186239,9714ab5c3996f6cc,60,C:\Users\shiba\ptcc_pokemon_ai_buttle\data\runs\grimmsnarl\v18_teacher_55187358\episodes\89919895\replay\episode_89919895.json,,success,,
,16561259,kd,55187358,1116.3,55187358,89933685,COMPLETED,EPISODE_TYPE_PUBLIC,2026-08-04T12:36:05.156281100Z,2026-08-04T12:39:21.933763400Z,0,55206939,,55187358,55206939,9714ab5c3996f6cc,60,C:\Users\shiba\ptcc_pokemon_ai_buttle\data\runs\grimmsnarl\v18_teacher_55187358\episodes\89933685\replay\episode_89933685.json,,success,,
,16561259,kd,55187358,1116.3,55187358,89935978,COMPLETED,EPISODE_TYPE_PUBLIC,2026-08-04T12:52:04.569023300Z,2026-08-04T12:53:39.384541300Z,0,55237146,,55187358,55237146,9714ab5c3996f6cc,60,C:\Users\shiba\ptcc_pokemon_ai_buttle\data\runs\grimmsnarl\v18_teacher_55187358\episodes\89935978\replay\episode_89935978.json,,success,,
,16561259,kd,55187358,1116.3,55187358,89942393,COMPLETED,EPISODE_TYPE_PUBLIC,2026-08-04T13:32:04.739911900Z,2026-08-04T13:34:48.587853300Z,0,55236110,,55187358,55236110,9714ab5c3996f6cc,60,C:\Users\shiba\ptcc_pokemon_ai_buttle\data\runs\grimmsnarl\v18_teacher_55187358\episodes\89942393\replay\episode_89942393.json,,success,,
,16561259,kd,55187358,1116.3,55187358,89959116,COMPLETED,EPISODE_TYPE_PUBLIC,2026-08-04T15:16:04.675695800Z,2026-08-04T15:19:10.621676800Z,0,55177269,,55187358,55177269,9714ab5c3996f6cc,60,C:\Users\shiba\ptcc_pokemon_ai_buttle\data\runs\grimmsnarl\v18_teacher_55187358\episodes\89959116\replay\episode_89959116.json,,success,,
,16561259,kd,55187358,1116.3,55187358,89960195,COMPLETED,EPISODE_TYPE_PUBLIC,2026-08-04T15:24:06.127060800Z,2026-08-04T15:26:57.651120600Z,0,55242280,,55187358,55242280,9714ab5c3996f6cc,60,C:\Users\shiba\ptcc_pokemon_ai_buttle\data\runs\grimmsnarl\v18_teacher_55187358\episodes\89960195\replay\episode_89960195.json,,success,,
,16561259,kd,55187358,1116.3,55187358,89967861,COMPLETED,EPISODE_TYPE_PUBLIC,2026-08-04T16:12:34.284754Z,2026-08-04T16:15:21.648526900Z,0,55243949,,55187358,55243949,9714ab5c3996f6cc,60,C:\Users\shiba\ptcc_pokemon_ai_buttle\data\runs\grimmsnarl\v18_teacher_55187358\episodes\89967861\replay\episode_89967861.json,,success,,
,16561259,kd,55187358,1116.3,55187358,89978275,COMPLETED,EPISODE_TYPE_PUBLIC,2026-08-04T17:16:35.063093600Z,2026-08-04T17:18:29.126869Z,0,55242764,,55187358,55242764,9714ab5c3996f6cc,60,C:\Users\shiba\ptcc_pokemon_ai_buttle\data\runs\grimmsnarl\v18_teacher_55187358\episodes\89978275\replay\episode_89978275.json,,success,,
,16561259,kd,55187358,1116.3,55187358,89980979,COMPLETED,EPISODE_TYPE_PUBLIC,2026-08-04T17:32:36.252867600Z,2026-08-04T17:34:42.446060800Z,0,55198468,,55187358,55198468,9714ab5c3996f6cc,60,C:\Users\shiba\ptcc_pokemon_ai_buttle\data\runs\grimmsnarl\v18_teacher_55187358\episodes\89980979\replay\episode_89980979.json,,success,,
,16561259,kd,55187358,1116.3,55187358,89983432,COMPLETED,EPISODE_TYPE_PUBLIC,2026-08-04T17:48:35.248651100Z,2026-08-04T17:51:57.876664100Z,1,55242764,,55242764,55187358,9714ab5c3996f6cc,60,C:\Users\shiba\ptcc_pokemon_ai_buttle\data\runs\grimmsnarl\v18_teacher_55187358\episodes\89983432\replay\episode_89983432.json,,success,,
,16561259,kd,55187358,1116.3,55187358,89983532,COMPLETED,EPISODE_TYPE_PUBLIC,2026-08-04T17:48:35.392942800Z,2026-08-04T17:51:35.843544900Z,1,55033457,,55033457,55187358,9714ab5c3996f6cc,60,C:\Users\shiba\ptcc_pokemon_ai_buttle\data\runs\grimmsnarl\v18_teacher_55187358\episodes\89983532\replay\episode_89983532.json,,success,,
,16561259,kd,55187358,1116.3,55187358,89994412,COMPLETED,EPISODE_TYPE_PUBLIC,2026-08-04T18:56:40.329349100Z,2026-08-04T18:59:12.317992800Z,1,55221290,,55221290,55187358,9714ab5c3996f6cc,60,C:\Users\shiba\ptcc_pokemon_ai_buttle\data\runs\grimmsnarl\v18_teacher_55187358\episodes\89994412\replay\episode_89994412.json,,success,,
,16561259,kd,55187358,1116.3,55187358,90000264,COMPLETED,EPISODE_TYPE_PUBLIC,2026-08-04T19:32:36.625324100Z,2026-08-04T19:34:52.662106800Z,0,55236110,,55187358,55236110,9714ab5c3996f6cc,60,C:\Users\shiba\ptcc_pokemon_ai_buttle\data\runs\grimmsnarl\v18_teacher_55187358\episodes\90000264\replay\episode_90000264.json,,success,,
,16561259,kd,55187358,1116.3,55187358,90004840,COMPLETED,EPISODE_TYPE_PUBLIC,2026-08-04T20:00:39.564950Z,2026-08-04T20:03:36.338694900Z,1,54773249,,54773249,55187358,9714ab5c3996f6cc,60,C:\Users\shiba\ptcc_pokemon_ai_buttle\data\runs\grimmsnarl\v18_teacher_55187358\episodes\90004840\replay\episode_90004840.json,,success,,
,16561259,kd,55187358,1116.3,55187358,90006051,COMPLETED,EPISODE_TYPE_PUBLIC,2026-08-04T20:08:37.373655100Z,2026-08-04T20:11:19.678073700Z,0,55236110,,55187358,55236110,9714ab5c3996f6cc,60,C:\Users\shiba\ptcc_pokemon_ai_buttle\data\runs\grimmsnarl\v18_teacher_55187358\episodes\90006051\replay\episode_90006051.json,,success,,
,16561259,kd,55187358,1116.3,55187358,90010029,COMPLETED,EPISODE_TYPE_PUBLIC,2026-08-04T20:32:36.225534500Z,2026-08-04T20:34:40.498676800Z,1,55153405,,55153405,55187358,9714ab5c3996f6cc,60,C:\Users\shiba\ptcc_pokemon_ai_buttle\data\runs\grimmsnarl\v18_teacher_55187358\episodes\90010029\replay\episode_90010029.json,,success,,
,16561259,kd,55187358,1116.3,55187358,90011197,COMPLETED,EPISODE_TYPE_PUBLIC,2026-08-04T20:40:35.859162700Z,2026-08-04T20:43:56.193642100Z,0,55236110,,55187358,55236110,9714ab5c3996f6cc,60,C:\Users\shiba\ptcc_pokemon_ai_buttle\data\runs\grimmsnarl\v18_teacher_55187358\episodes\90011197\replay\episode_90011197.json,,success,,
,16561259,kd,55187358,1116.3,55187358,90011214,COMPLETED,EPISODE_TYPE_PUBLIC,2026-08-04T20:40:35.875788200Z,2026-08-04T20:43:10.639199300Z,1,55198468,,55198468,55187358,9714ab5c3996f6cc,60,C:\Users\shiba\ptcc_pokemon_ai_buttle\data\runs\grimmsnarl\v18_teacher_55187358\episodes\90011214\replay\episode_90011214.json,,success,,
,16561259,kd,55187358,1116.3,55187358,90011862,COMPLETED,EPISODE_TYPE_PUBLIC,2026-08-04T20:44:40.976998900Z,2026-08-04T20:46:45.750621500Z,1,55202823,,55202823,55187358,9714ab5c3996f6cc,60,C:\Users\shiba\ptcc_pokemon_ai_buttle\data\runs\grimmsnarl\v18_teacher_55187358\episodes\90011862\replay\episode_90011862.json,,success,,
,16561259,kd,55187358,1116.3,55187358,90013272,COMPLETED,EPISODE_TYPE_PUBLIC,2026-08-04T20:52:36.632882400Z,2026-08-04T21:02:26.743077700Z,1,55199855,,55199855,55187358,9714ab5c3996f6cc,60,C:\Users\shiba\ptcc_pokemon_ai_buttle\data\runs\grimmsnarl\v18_teacher_55187358\episodes\90013272\replay\episode_90013272.json,,success,,
,16561259,kd,55187358,1116.3,55187358,90013779,COMPLETED,EPISODE_TYPE_PUBLIC,2026-08-04T20:56:36.325630Z,2026-08-04T21:00:26.099225300Z,1,55235481,,55235481,55187358,9714ab5c3996f6cc,60,C:\Users\shiba\ptcc_pokemon_ai_buttle\data\runs\grimmsnarl\v18_teacher_55187358\episodes\90013779\replay\episode_90013779.json,,success,,
,16561259,kd,55187358,1116.3,55187358,90013912,COMPLETED,EPISODE_TYPE_PUBLIC,2026-08-04T20:56:36.572356800Z,2026-08-04T21:08:50.131474200Z,1,55241354,,55241354,55187358,9714ab5c3996f6cc,60,C:\Users\shiba\ptcc_pokemon_ai_buttle\data\runs\grimmsnarl\v18_teacher_55187358\episodes\90013912\replay\episode_90013912.json,,success,,
,16561259,kd,55187358,1116.3,55187358,90014588,COMPLETED,EPISODE_TYPE_PUBLIC,2026-08-04T21:00:35.581456Z,2026-08-04T21:02:31.153665900Z,1,55147326,,55147326,55187358,9714ab5c3996f6cc,60,C:\Users\shiba\ptcc_pokemon_ai_buttle\data\runs\grimmsnarl\v18_teacher_55187358\episodes\90014588\replay\episode_90014588.json,,success,,
,16561259,kd,55187358,1116.3,55187358,90016366,COMPLETED,EPISODE_TYPE_PUBLIC,2026-08-04T21:12:36.271176900Z,2026-08-04T21:25:42.777459400Z,1,55235481,,55235481,55187358,9714ab5c3996f6cc,60,C:\Users\shiba\ptcc_pokemon_ai_buttle\data\runs\grimmsnarl\v18_teacher_55187358\episodes\90016366\replay\episode_90016366.json,,success,,
,16561259,kd,55187358,1116.3,55187358,90017657,COMPLETED,EPISODE_TYPE_PUBLIC,2026-08-04T21:20:34.772845900Z,2026-08-04T21:23:26.068573300Z,1,55177269,,55177269,55187358,9714ab5c3996f6cc,60,C:\Users\shiba\ptcc_pokemon_ai_buttle\data\runs\grimmsnarl\v18_teacher_55187358\episodes\90017657\replay\episode_90017657.json,,success,,
,16561259,kd,55187358,1116.3,55187358,90017820,COMPLETED,EPISODE_TYPE_PUBLIC,2026-08-04T21:20:35.037776400Z,2026-08-04T21:22:36.563152700Z,1,55189451,,55189451,55187358,9714ab5c3996f6cc,60,C:\Users\shiba\ptcc_pokemon_ai_buttle\data\runs\grimmsnarl\v18_teacher_55187358\episodes\90017820\replay\episode_90017820.json,,success,,
,16561259,kd,55187358,1116.3,55187358,90018302,COMPLETED,EPISODE_TYPE_PUBLIC,2026-08-04T21:24:38.351268200Z,2026-08-04T21:27:31.240984Z,1,55184021,,55184021,55187358,9714ab5c3996f6cc,60,C:\Users\shiba\ptcc_pokemon_ai_buttle\data\runs\grimmsnarl\v18_teacher_55187358\episodes\90018302\replay\episode_90018302.json,,success,,
,16561259,kd,55187358,1116.3,55187358,90018464,COMPLETED,EPISODE_TYPE_PUBLIC,2026-08-04T21:24:38.580845500Z,2026-08-04T21:28:14.291200300Z,1,55143862,,55143862,55187358,9714ab5c3996f6cc,60,C:\Users\shiba\ptcc_pokemon_ai_buttle\data\runs\grimmsnarl\v18_teacher_55187358\episodes\90018464\replay\episode_90018464.json,,success,,
,16561259,kd,55187358,1116.3,55187358,90019079,COMPLETED,EPISODE_TYPE_PUBLIC,2026-08-04T21:28:34.660234200Z,2026-08-04T21:30:56.336756400Z,0,55143082,,55187358,55143082,9714ab5c3996f6cc,60,C:\Users\shiba\ptcc_pokemon_ai_buttle\data\runs\grimmsnarl\v18_teacher_55187358\episodes\90019079\replay\episode_90019079.json,,success,,
,16561259,kd,55187358,1116.3,55187358,90019666,COMPLETED,EPISODE_TYPE_PUBLIC,2026-08-04T21:32:36.070135400Z,2026-08-04T21:36:24.962467300Z,0,55238850,,55187358,55238850,9714ab5c3996f6cc,60,C:\Users\shiba\ptcc_pokemon_ai_buttle\data\runs\grimmsnarl\v18_teacher_55187358\episodes\90019666\replay\episode_90019666.json,,success,,
,16561259,kd,55187358,1116.3,55187358,90020357,COMPLETED,EPISODE_TYPE_PUBLIC,2026-08-04T21:36:36.261442300Z,2026-08-04T21:39:46.801457400Z,1,55223409,,55223409,55187358,9714ab5c3996f6cc,60,C:\Users\shiba\ptcc_pokemon_ai_buttle\data\runs\grimmsnarl\v18_teacher_55187358\episodes\90020357\replay\episode_90020357.json,,success,,
,16561259,kd,55187358,1116.3,55187358,90021054,COMPLETED,EPISODE_TYPE_PUBLIC,2026-08-04T21:40:55.985973400Z,2026-08-04T21:42:37.373837800Z,0,54895014,,55187358,54895014,9714ab5c3996f6cc,60,C:\Users\shiba\ptcc_pokemon_ai_buttle\data\runs\grimmsnarl\v18_teacher_55187358\episodes\90021054\replay\episode_90021054.json,,success,,
,16561259,kd,55187358,1116.3,55187358,90021097,COMPLETED,EPISODE_TYPE_PUBLIC,2026-08-04T21:40:56.065693100Z,2026-08-04T21:48:23.257543100Z,0,55231831,,55187358,55231831,9714ab5c3996f6cc,60,C:\Users\shiba\ptcc_pokemon_ai_buttle\data\runs\grimmsnarl\v18_teacher_55187358\episodes\90021097\replay\episode_90021097.json,,success,,
,16561259,kd,55187358,1116.3,55187358,90021600,COMPLETED,EPISODE_TYPE_PUBLIC,2026-08-04T21:44:53.827307600Z,2026-08-04T21:47:39.873469300Z,0,55147326,,55187358,55147326,9714ab5c3996f6cc,60,C:\Users\shiba\ptcc_pokemon_ai_buttle\data\runs\grimmsnarl\v18_teacher_55187358\episodes\90021600\replay\episode_90021600.json,,success,,
,16561259,kd,55187358,1116.3,55187358,90021666,COMPLETED,EPISODE_TYPE_PUBLIC,2026-08-04T21:44:53.915767700Z,2026-08-04T21:47:21.652536800Z,0,55157510,,55187358,55157510,9714ab5c3996f6cc,60,C:\Users\shiba\ptcc_pokemon_ai_buttle\data\runs\grimmsnarl\v18_teacher_55187358\episodes\90021666\replay\episode_90021666.json,,success,,
,16561259,kd,55187358,1116.3,55187358,90022250,COMPLETED,EPISODE_TYPE_PUBLIC,2026-08-04T21:48:52.963775600Z,2026-08-04T21:51:39.807936700Z,0,55238821,,55187358,55238821,9714ab5c3996f6cc,60,C:\Users\shiba\ptcc_pokemon_ai_buttle\data\runs\grimmsnarl\v18_teacher_55187358\episodes\90022250\replay\episode_90022250.json,,success,,
,16561259,kd,55187358,1116.3,55187358,90022888,COMPLETED,EPISODE_TYPE_PUBLIC,2026-08-04T21:52:55.115359500Z,2026-08-04T21:57:27.634293100Z,1,55245030,,55245030,55187358,9714ab5c3996f6cc,60,C:\Users\shiba\ptcc_pokemon_ai_buttle\data\runs\grimmsnarl\v18_teacher_55187358\episodes\90022888\replay\episode_90022888.json,,success,,
,16561259,kd,55187358,1116.3,55187358,90023552,COMPLETED,EPISODE_TYPE_PUBLIC,2026-08-04T21:56:53.514685700Z,2026-08-04T22:01:42.796991200Z,1,55199855,,55199855,55187358,9714ab5c3996f6cc,60,C:\Users\shiba\ptcc_pokemon_ai_buttle\data\runs\grimmsnarl\v18_teacher_55187358\episodes\90023552\replay\episode_90023552.json,,success,,
,16561259,kd,55187358,1116.3,55187358,90024195,COMPLETED,EPISODE_TYPE_PUBLIC,2026-08-04T22:00:53.136983Z,2026-08-04T22:03:04.158212800Z,1,54844008,,54844008,55187358,9714ab5c3996f6cc,60,C:\Users\shiba\ptcc_pokemon_ai_buttle\data\runs\grimmsnarl\v18_teacher_55187358\episodes\90024195\replay\episode_90024195.json,,success,,
,16561259,kd,55187358,1116.3,55187358,90024884,COMPLETED,EPISODE_TYPE_PUBLIC,2026-08-04T22:04:53.729742200Z,2026-08-04T22:06:34.894030200Z,0,55242764,,55187358,55242764,9714ab5c3996f6cc,60,C:\Users\shiba\ptcc_pokemon_ai_buttle\data\runs\grimmsnarl\v18_teacher_55187358\episodes\90024884\replay\episode_90024884.json,,success,,
,16561259,kd,55187358,1116.3,55187358,90024898,COMPLETED,EPISODE_TYPE_PUBLIC,2026-08-04T22:04:53.430191400Z,2026-08-04T22:10:52.747508700Z,0,55229177,,55187358,55229177,9714ab5c3996f6cc,60,C:\Users\shiba\ptcc_pokemon_ai_buttle\data\runs\grimmsnarl\v18_teacher_55187358\episodes\90024898\replay\episode_90024898.json,,success,,
,16561259,kd,55187358,1116.3,55187358,90025572,COMPLETED,EPISODE_TYPE_PUBLIC,2026-08-04T22:08:52.993609700Z,2026-08-04T22:13:01.446077900Z,0,55243511,,55187358,55243511,9714ab5c3996f6cc,60,C:\Users\shiba\ptcc_pokemon_ai_buttle\data\runs\grimmsnarl\v18_teacher_55187358\episodes\90025572\replay\episode_90025572.json,,success,,
,16561259,kd,55187358,1116.3,55187358,90026282,COMPLETED,EPISODE_TYPE_PUBLIC,2026-08-04T22:12:53.898161100Z,2026-08-04T22:16:04.288565900Z,1,55207706,,55207706,55187358,9714ab5c3996f6cc,60,C:\Users\shiba\ptcc_pokemon_ai_buttle\data\runs\grimmsnarl\v18_teacher_55187358\episodes\90026282\replay\episode_90026282.json,,success,,
,16561259,kd,55187358,1116.3,55187358,90026957,COMPLETED,EPISODE_TYPE_PUBLIC,2026-08-04T22:16:53.132684100Z,2026-08-04T22:19:15.686509Z,1,55214283,,55214283,55187358,9714ab5c3996f6cc,60,C:\Users\shiba\ptcc_pokemon_ai_buttle\data\runs\grimmsnarl\v18_teacher_55187358\episodes\90026957\replay\episode_90026957.json,,success,,
,16561259,kd,55187358,1116.3,55187358,90027640,COMPLETED,EPISODE_TYPE_PUBLIC,2026-08-04T22:20:54.755709200Z,2026-08-04T22:23:10.620825800Z,1,55239672,,55239672,55187358,9714ab5c3996f6cc,60,C:\Users\shiba\ptcc_pokemon_ai_buttle\data\runs\grimmsnarl\v18_teacher_55187358\episodes\90027640\replay\episode_90027640.json,,success,,
,16561259,kd,55187358,1116.3,55187358,90028332,COMPLETED,EPISODE_TYPE_PUBLIC,2026-08-04T22:24:55.021220100Z,2026-08-04T22:27:13.776160100Z,1,55235857,,55235857,55187358,9714ab5c3996f6cc,60,C:\Users\shiba\ptcc_pokemon_ai_buttle\data\runs\grimmsnarl\v18_teacher_55187358\episodes\90028332\replay\episode_90028332.json,,success,,
,16561259,kd,55187358,1116.3,55187358,90029019,COMPLETED,EPISODE_TYPE_PUBLIC,2026-08-04T22:28:53.289349200Z,2026-08-04T22:30:47.082825100Z,0,55237517,,55187358,55237517,9714ab5c3996f6cc,60,C:\Users\shiba\ptcc_pokemon_ai_buttle\data\runs\grimmsnarl\v18_teacher_55187358\episodes\90029019\replay\episode_90029019.json,,success,,
,16561259,kd,55187358,1116.3,55187358,90029680,COMPLETED,EPISODE_TYPE_PUBLIC,2026-08-04T22:32:53.060511900Z,2026-08-04T22:34:58.616008100Z,1,55202823,,55202823,55187358,9714ab5c3996f6cc,60,C:\Users\shiba\ptcc_pokemon_ai_buttle\data\runs\grimmsnarl\v18_teacher_55187358\episodes\90029680\replay\episode_90029680.json,,success,,
,16561259,kd,55187358,1116.3,55187358,90029686,COMPLETED,EPISODE_TYPE_PUBLIC,2026-08-04T22:32:53.066303300Z,2026-08-04T22:35:09.250962900Z,1,55184617,,55184617,55187358,9714ab5c3996f6cc,60,C:\Users\shiba\ptcc_pokemon_ai_buttle\data\runs\grimmsnarl\v18_teacher_55187358\episodes\90029686\replay\episode_90029686.json,,success,,
,16561259,kd,55187358,1116.3,55187358,90030382,COMPLETED,EPISODE_TYPE_PUBLIC,2026-08-04T22:36:53.504159500Z,2026-08-04T22:40:17.037929800Z,0,55201815,,55187358,55201815,9714ab5c3996f6cc,60,C:\Users\shiba\ptcc_pokemon_ai_buttle\data\runs\grimmsnarl\v18_teacher_55187358\episodes\90030382\replay\episode_90030382.json,,success,,
,16561259,kd,55187358,1116.3,55187358,90031089,COMPLETED,EPISODE_TYPE_PUBLIC,2026-08-04T22:40:53.791978200Z,2026-08-04T22:44:18.157710500Z,1,55134080,,55134080,55187358,9714ab5c3996f6cc,60,C:\Users\shiba\ptcc_pokemon_ai_buttle\data\runs\grimmsnarl\v18_teacher_55187358\episodes\90031089\replay\episode_90031089.json,,success,,
,16561259,kd,55187358,1116.3,55187358,90031860,COMPLETED,EPISODE_TYPE_PUBLIC,2026-08-04T22:44:54.387145700Z,2026-08-04T22:47:32.368417400Z,0,55202823,,55187358,55202823,9714ab5c3996f6cc,60,C:\Users\shiba\ptcc_pokemon_ai_buttle\data\runs\grimmsnarl\v18_teacher_55187358\episodes\90031860\replay\episode_90031860.json,,success,,
,16561259,kd,55187358,1116.3,55187358,90032466,COMPLETED,EPISODE_TYPE_PUBLIC,2026-08-04T22:48:53.827809Z,2026-08-04T22:50:51.548839400Z,1,55075382,,55075382,55187358,9714ab5c3996f6cc,60,C:\Users\shiba\ptcc_pokemon_ai_buttle\data\runs\grimmsnarl\v18_teacher_55187358\episodes\90032466\replay\episode_90032466.json,,success,,
,16561259,kd,55187358,1116.3,55187358,90033144,COMPLETED,EPISODE_TYPE_PUBLIC,2026-08-04T22:52:53.883167200Z,2026-08-04T22:55:12.384803900Z,0,55242848,,55187358,55242848,9714ab5c3996f6cc,60,C:\Users\shiba\ptcc_pokemon_ai_buttle\data\runs\grimmsnarl\v18_teacher_55187358\episodes\90033144\replay\episode_90033144.json,,success,,
,16561259,kd,55187358,1116.3,55187358,90033807,COMPLETED,EPISODE_TYPE_PUBLIC,2026-08-04T22:56:53.589779Z,2026-08-04T22:58:48.886734900Z,1,55230940,,55230940,55187358,9714ab5c3996f6cc,60,C:\Users\shiba\ptcc_pokemon_ai_buttle\data\runs\grimmsnarl\v18_teacher_55187358\episodes\90033807\replay\episode_90033807.json,,success,,
,16561259,kd,55187358,1116.3,55187358,90033830,COMPLETED,EPISODE_TYPE_PUBLIC,2026-08-04T22:56:53.616622300Z,2026-08-04T22:58:47.869966200Z,0,53799616,,55187358,53799616,9714ab5c3996f6cc,60,C:\Users\shiba\ptcc_pokemon_ai_buttle\data\runs\grimmsnarl\v18_teacher_55187358\episodes\90033830\replay\episode_90033830.json,,success,,
,16561259,kd,55187358,1116.3,55187358,90034532,COMPLETED,EPISODE_TYPE_PUBLIC,2026-08-04T23:00:54.028862400Z,2026-08-04T23:05:34.232679400Z,1,55239385,,55239385,55187358,9714ab5c3996f6cc,60,C:\Users\shiba\ptcc_pokemon_ai_buttle\data\runs\grimmsnarl\v18_teacher_55187358\episodes\90034532\replay\episode_90034532.json,,success,,
,16561259,kd,55187358,1116.3,55187358,90035224,COMPLETED,EPISODE_TYPE_PUBLIC,2026-08-04T23:04:54.094925300Z,2026-08-04T23:08:25.996919800Z,0,55242580,,55187358,55242580,9714ab5c3996f6cc,60,C:\Users\shiba\ptcc_pokemon_ai_buttle\data\runs\grimmsnarl\v18_teacher_55187358\episodes\90035224\replay\episode_90035224.json,,success,,
,16561259,kd,55187358,1116.3,55187358,90035854,COMPLETED,EPISODE_TYPE_PUBLIC,2026-08-04T23:08:54.216051900Z,2026-08-04T23:11:31.181332Z,0,55062390,,55187358,55062390,9714ab5c3996f6cc,60,C:\Users\shiba\ptcc_pokemon_ai_buttle\data\runs\grimmsnarl\v18_teacher_55187358\episodes\90035854\replay\episode_90035854.json,,success,,
,16561259,kd,55187358,1116.3,55187358,90036516,COMPLETED,EPISODE_TYPE_PUBLIC,2026-08-04T23:12:53.584504Z,2026-08-04T23:15:04.845991Z,1,55246695,,55246695,55187358,9714ab5c3996f6cc,60,C:\Users\shiba\ptcc_pokemon_ai_buttle\data\runs\grimmsnarl\v18_teacher_55187358\episodes\90036516\replay\episode_90036516.json,,success,,
,16561259,kd,55187358,1116.3,55187358,90037179,COMPLETED,EPISODE_TYPE_PUBLIC,2026-08-04T23:16:53.660906900Z,2026-08-04T23:19:08.064741600Z,0,55246695,,55187358,55246695,9714ab5c3996f6cc,60,C:\Users\shiba\ptcc_pokemon_ai_buttle\data\runs\grimmsnarl\v18_teacher_55187358\episodes\90037179\replay\episode_90037179.json,,success,,
,16561259,kd,55187358,1116.3,55187358,90037221,COMPLETED,EPISODE_TYPE_PUBLIC,2026-08-04T23:16:53.703923400Z,2026-08-04T23:21:12.881879700Z,1,55084456,,55084456,55187358,9714ab5c3996f6cc,60,C:\Users\shiba\ptcc_pokemon_ai_buttle\data\runs\grimmsnarl\v18_teacher_55187358\episodes\90037221\replay\episode_90037221.json,,success,,
,16561259,kd,55187358,1116.3,55187358,90037876,COMPLETED,EPISODE_TYPE_PUBLIC,2026-08-04T23:20:55.180781700Z,2026-08-04T23:23:47.554443500Z,0,55084456,,55187358,55084456,9714ab5c3996f6cc,60,C:\Users\shiba\ptcc_pokemon_ai_buttle\data\runs\grimmsnarl\v18_teacher_55187358\episodes\90037876\replay\episode_90037876.json,,success,,
,16561259,kd,55187358,1116.3,55187358,90038575,COMPLETED,EPISODE_TYPE_PUBLIC,2026-08-04T23:24:55.100789100Z,2026-08-04T23:32:36.973180100Z,0,55235481,,55187358,55235481,9714ab5c3996f6cc,60,C:\Users\shiba\ptcc_pokemon_ai_buttle\data\runs\grimmsnarl\v18_teacher_55187358\episodes\90038575\replay\episode_90038575.json,,success,,
,16561259,kd,55187358,1116.3,55187358,90038624,COMPLETED,EPISODE_TYPE_PUBLIC,2026-08-04T23:24:55.181768300Z,2026-08-04T23:27:54.035688400Z,1,54773249,,54773249,55187358,9714ab5c3996f6cc,60,C:\Users\shiba\ptcc_pokemon_ai_buttle\data\runs\grimmsnarl\v18_teacher_55187358\episodes\90038624\replay\episode_90038624.json,,success,,
,16561259,kd,55187358,1116.3,55187358,90039277,COMPLETED,EPISODE_TYPE_PUBLIC,2026-08-04T23:28:53.799469200Z,2026-08-04T23:31:40.612238800Z,1,55242459,,55242459,55187358,9714ab5c3996f6cc,60,C:\Users\shiba\ptcc_pokemon_ai_buttle\data\runs\grimmsnarl\v18_teacher_55187358\episodes\90039277\replay\episode_90039277.json,,success,,
,16561259,kd,55187358,1116.3,55187358,90039922,COMPLETED,EPISODE_TYPE_PUBLIC,2026-08-04T23:32:53.951174Z,2026-08-04T23:35:49.483015800Z,1,55249119,,55249119,55187358,9714ab5c3996f6cc,60,C:\Users\shiba\ptcc_pokemon_ai_buttle\data\runs\grimmsnarl\v18_teacher_55187358\episodes\90039922\replay\episode_90039922.json,,success,,
,16561259,kd,55187358,1116.3,55187358,90040589,COMPLETED,EPISODE_TYPE_PUBLIC,2026-08-04T23:36:54.134746Z,2026-08-04T23:39:55.669665700Z,1,55138264,,55138264,55187358,9714ab5c3996f6cc,60,C:\Users\shiba\ptcc_pokemon_ai_buttle\data\runs\grimmsnarl\v18_teacher_55187358\episodes\90040589\replay\episode_90040589.json,,success,,
,16561259,kd,55187358,1116.3,55187358,90040616,COMPLETED,EPISODE_TYPE_PUBLIC,2026-08-04T23:36:54.172172500Z,2026-08-04T23:39:19.197292400Z,0,55084456,,55187358,55084456,9714ab5c3996f6cc,60,C:\Users\shiba\ptcc_pokemon_ai_buttle\data\runs\grimmsnarl\v18_teacher_55187358\episodes\90040616\replay\episode_90040616.json,,success,,
,16561259,kd,55187358,1116.3,55187358,90041279,COMPLETED,EPISODE_TYPE_PUBLIC,2026-08-04T23:40:53.713000600Z,2026-08-04T23:42:56.131834300Z,0,55175954,,55187358,55175954,9714ab5c3996f6cc,60,C:\Users\shiba\ptcc_pokemon_ai_buttle\data\runs\grimmsnarl\v18_teacher_55187358\episodes\90041279\replay\episode_90041279.json,,success,,
,16561259,kd,55187358,1116.3,55187358,90041963,COMPLETED,EPISODE_TYPE_PUBLIC,2026-08-04T23:44:53.776060400Z,2026-08-04T23:48:27.410992200Z,1,55249896,,55249896,55187358,9714ab5c3996f6cc,60,C:\Users\shiba\ptcc_pokemon_ai_buttle\data\runs\grimmsnarl\v18_teacher_55187358\episodes\90041963\replay\episode_90041963.json,,success,,
,16561259,kd,55187358,1116.3,55187358,90042622,COMPLETED,EPISODE_TYPE_PUBLIC,2026-08-04T23:48:55.667204800Z,2026-08-04T23:56:58.845767700Z,1,55231831,,55231831,55187358,9714ab5c3996f6cc,60,C:\Users\shiba\ptcc_pokemon_ai_buttle\data\runs\grimmsnarl\v18_teacher_55187358\episodes\90042622\replay\episode_90042622.json,,success,,
,16561259,kd,55187358,1116.3,55187358,90043323,COMPLETED,EPISODE_TYPE_PUBLIC,2026-08-04T23:52:53.885193500Z,2026-08-04T23:54:31.425547400Z,1,55214482,,55214482,55187358,9714ab5c3996f6cc,60,C:\Users\shiba\ptcc_pokemon_ai_buttle\data\runs\grimmsnarl\v18_teacher_55187358\episodes\90043323\replay\episode_90043323.json,,success,,
,16561259,kd,55187358,1116.3,55187358,90043326,COMPLETED,EPISODE_TYPE_PUBLIC,2026-08-04T23:52:53.889336300Z,2026-08-04T23:55:35.088894200Z,0,55250125,,55187358,55250125,9714ab5c3996f6cc,60,C:\Users\shiba\ptcc_pokemon_ai_buttle\data\runs\grimmsnarl\v18_teacher_55187358\episodes\90043326\replay\episode_90043326.json,,success,,
,16561259,kd,55187358,1116.3,55187358,90044005,COMPLETED,EPISODE_TYPE_PUBLIC,2026-08-04T23:56:55.690959100Z,2026-08-04T23:59:01.055112900Z,0,55157029,,55187358,55157029,9714ab5c3996f6cc,60,C:\Users\shiba\ptcc_pokemon_ai_buttle\data\runs\grimmsnarl\v18_teacher_55187358\episodes\90044005\replay\episode_90044005.json,,success,,
,16561259,kd,55187358,1116.3,55187358,90044730,COMPLETED,EPISODE_TYPE_PUBLIC,2026-08-05T00:00:53.774229300Z,2026-08-05T00:03:23.588501700Z,1,55107167,,55107167,55187358,9714ab5c3996f6cc,60,C:\Users\shiba\ptcc_pokemon_ai_buttle\data\runs\grimmsnarl\v18_teacher_55187358\episodes\90044730\replay\episode_90044730.json,,success,,
,16561259,kd,55187358,1116.3,55187358,90045496,COMPLETED,EPISODE_TYPE_PUBLIC,2026-08-05T00:04:55.494932100Z,2026-08-05T00:07:22.878140800Z,1,55177269,,55177269,55187358,9714ab5c3996f6cc,60,C:\Users\shiba\ptcc_pokemon_ai_buttle\data\runs\grimmsnarl\v18_teacher_55187358\episodes\90045496\replay\episode_90045496.json,,success,,
,16561259,kd,55187358,1116.3,55187358,90045499,COMPLETED,EPISODE_TYPE_PUBLIC,2026-08-05T00:04:55.497676Z,2026-08-05T00:07:23.676680300Z,0,55242764,,55187358,55242764,9714ab5c3996f6cc,60,C:\Users\shiba\ptcc_pokemon_ai_buttle\data\runs\grimmsnarl\v18_teacher_55187358\episodes\90045499\replay\episode_90045499.json,,success,,
,16561259,kd,55187358,1116.3,55187358,90046220,COMPLETED,EPISODE_TYPE_PUBLIC,2026-08-05T00:08:53.630103200Z,2026-08-05T00:12:36.545333800Z,1,55248965,,55248965,55187358,9714ab5c3996f6cc,60,C:\Users\shiba\ptcc_pokemon_ai_buttle\data\runs\grimmsnarl\v18_teacher_55187358\episodes\90046220\replay\episode_90046220.json,,success,,
,16561259,kd,55187358,1116.3,55187358,90046234,COMPLETED,EPISODE_TYPE_PUBLIC,2026-08-05T00:08:53.661768700Z,2026-08-05T00:12:30.450175200Z,0,55229171,,55187358,55229171,9714ab5c3996f6cc,60,C:\Users\shiba\ptcc_pokemon_ai_buttle\data\runs\grimmsnarl\v18_teacher_55187358\episodes\90046234\replay\episode_90046234.json,,success,,
,16561259,kd,55187358,1116.3,55187358,90046714,COMPLETED,EPISODE_TYPE_PUBLIC,2026-08-05T00:12:53.554016400Z,2026-08-05T00:15:10.104885900Z,0,55251987,,55187358,55251987,9714ab5c3996f6cc,60,C:\Users\shiba\ptcc_pokemon_ai_buttle\data\runs\grimmsnarl\v18_teacher_55187358\episodes\90046714\replay\episode_90046714.json,,success,,
,16561259,kd,55187358,1116.3,55187358,90046928,COMPLETED,EPISODE_TYPE_PUBLIC,2026-08-05T00:12:53.861367800Z,2026-08-05T00:16:45.980258200Z,1,55201815,,55201815,55187358,9714ab5c3996f6cc,60,C:\Users\shiba\ptcc_pokemon_ai_buttle\data\runs\grimmsnarl\v18_teacher_55187358\episodes\90046928\replay\episode_90046928.json,,success,,
,16561259,kd,55187358,1116.3,55187358,90055185,COMPLETED,EPISODE_TYPE_PUBLIC,2026-08-05T01:00:53.888633200Z,2026-08-05T01:03:03.457108500Z,1,55186239,,55186239,55187358,9714ab5c3996f6cc,60,C:\Users\shiba\ptcc_pokemon_ai_buttle\data\runs\grimmsnarl\v18_teacher_55187358\episodes\90055185\replay\episode_90055185.json,,success,,
,16561259,kd,55187358,1116.3,55187358,90060409,COMPLETED,EPISODE_TYPE_PUBLIC,2026-08-05T01:32:54.297946500Z,2026-08-05T01:37:00.730596400Z,1,55254018,,55254018,55187358,9714ab5c3996f6cc,60,C:\Users\shiba\ptcc_pokemon_ai_buttle\data\runs\grimmsnarl\v18_teacher_55187358\episodes\90060409\replay\episode_90060409.json,,success,,
,16561259,kd,55187358,1116.3,55187358,90076796,COMPLETED,EPISODE_TYPE_PUBLIC,2026-08-05T03:08:54.204346600Z,2026-08-05T03:11:08.111104200Z,0,55188658,,55187358,55188658,9714ab5c3996f6cc,60,C:\Users\shiba\ptcc_pokemon_ai_buttle\data\runs\grimmsnarl\v18_teacher_55187358\episodes\90076796\replay\episode_90076796.json,,success,,
,16561259,kd,55187358,1116.3,55187358,90089806,COMPLETED,EPISODE_TYPE_PUBLIC,2026-08-05T04:24:55.374004900Z,2026-08-05T04:27:36.992941900Z,0,55234447,,55187358,55234447,9714ab5c3996f6cc,60,C:\Users\shiba\ptcc_pokemon_ai_buttle\data\runs\grimmsnarl\v18_teacher_55187358\episodes\90089806\replay\episode_90089806.json,,success,,
,16561259,kd,55187358,1116.3,55187358,90095036,COMPLETED,EPISODE_TYPE_PUBLIC,2026-08-05T04:56:53.562791600Z,2026-08-05T05:01:32.962106100Z,1,55255892,,55255892,55187358,9714ab5c3996f6cc,60,C:\Users\shiba\ptcc_pokemon_ai_buttle\data\runs\grimmsnarl\v18_teacher_55187358\episodes\90095036\replay\episode_90095036.json,,success,,
,16561259,kd,55187358,1116.3,55187358,90096976,COMPLETED,EPISODE_TYPE_PUBLIC,2026-08-05T05:08:55.065453Z,2026-08-05T05:13:17.436846900Z,0,55257505,,55187358,55257505,9714ab5c3996f6cc,60,C:\Users\shiba\ptcc_pokemon_ai_buttle\data\runs\grimmsnarl\v18_teacher_55187358\episodes\90096976\replay\episode_90096976.json,,success,,
,16561259,kd,55187358,1116.3,55187358,90106763,COMPLETED,EPISODE_TYPE_PUBLIC,2026-08-05T06:04:55.205756500Z,2026-08-05T06:10:22.090322400Z,1,55255892,,55255892,55187358,9714ab5c3996f6cc,60,C:\Users\shiba\ptcc_pokemon_ai_buttle\data\runs\grimmsnarl\v18_teacher_55187358\episodes\90106763\replay\episode_90106763.json,,success,,
,16561259,kd,55187358,1116.3,55187358,90110815,COMPLETED,EPISODE_TYPE_PUBLIC,2026-08-05T06:28:54.158488900Z,2026-08-05T06:32:25.036527600Z,0,55255892,,55187358,55255892,9714ab5c3996f6cc,60,C:\Users\shiba\ptcc_pokemon_ai_buttle\data\runs\grimmsnarl\v18_teacher_55187358\episodes\90110815\replay\episode_90110815.json,,success,,
,16561259,kd,55187358,1116.3,55187358,90115670,COMPLETED,EPISODE_TYPE_PUBLIC,2026-08-05T06:56:54.394348Z,2026-08-05T06:59:14.519219600Z,0,55202823,,55187358,55202823,9714ab5c3996f6cc,60,C:\Users\shiba\ptcc_pokemon_ai_buttle\data\runs\grimmsnarl\v18_teacher_55187358\episodes\90115670\replay\episode_90115670.json,,success,,
,16561259,kd,55187358,1116.3,55187358,90125862,COMPLETED,EPISODE_TYPE_PUBLIC,2026-08-05T07:56:53.961838700Z,2026-08-05T07:59:46.120060300Z,1,55260735,,55260735,55187358,9714ab5c3996f6cc,60,C:\Users\shiba\ptcc_pokemon_ai_buttle\data\runs\grimmsnarl\v18_teacher_55187358\episodes\90125862\replay\episode_90125862.json,,success,,
,16561259,kd,55187358,1116.3,55187358,90127139,COMPLETED,EPISODE_TYPE_PUBLIC,2026-08-05T08:04:55.173307400Z,2026-08-05T08:07:03.657239Z,1,55186239,,55186239,55187358,9714ab5c3996f6cc,60,C:\Users\shiba\ptcc_pokemon_ai_buttle\data\runs\grimmsnarl\v18_teacher_55187358\episodes\90127139\replay\episode_90127139.json,,success,,
,16561259,kd,55187358,1116.3,55187358,90129770,COMPLETED,EPISODE_TYPE_PUBLIC,2026-08-05T08:20:53.395708800Z,2026-08-05T08:23:52.520773Z,0,55259808,,55187358,55259808,9714ab5c3996f6cc,60,C:\Users\shiba\ptcc_pokemon_ai_buttle\data\runs\grimmsnarl\v18_teacher_55187358\episodes\90129770\replay\episode_90129770.json,,success,,
,16561259,kd,55187358,1116.3,55187358,90142284,COMPLETED,EPISODE_TYPE_PUBLIC,2026-08-05T09:32:55.616080500Z,2026-08-05T09:35:48.031985700Z,1,55229706,,55229706,55187358,9714ab5c3996f6cc,60,C:\Users\shiba\ptcc_pokemon_ai_buttle\data\runs\grimmsnarl\v18_teacher_55187358\episodes\90142284\replay\episode_90142284.json,,success,,
,16561259,kd,55187358,1116.3,55187358,90153256,COMPLETED,EPISODE_TYPE_PUBLIC,2026-08-05T10:36:55.584775800Z,2026-08-05T10:39:53.822762800Z,1,55198468,,55198468,55187358,9714ab5c3996f6cc,60,C:\Users\shiba\ptcc_pokemon_ai_buttle\data\runs\grimmsnarl\v18_teacher_55187358\episodes\90153256\replay\episode_90153256.json,,success,,
,16561259,kd,55187358,1116.3,55187358,90161496,COMPLETED,EPISODE_TYPE_PUBLIC,2026-08-05T11:24:56.881864700Z,2026-08-05T11:27:54.724839400Z,0,55157029,,55187358,55157029,9714ab5c3996f6cc,60,C:\Users\shiba\ptcc_pokemon_ai_buttle\data\runs\grimmsnarl\v18_teacher_55187358\episodes\90161496\replay\episode_90161496.json,,success,,
,16561259,kd,55187358,1116.3,55187358,90162866,COMPLETED,EPISODE_TYPE_PUBLIC,2026-08-05T11:32:56.118834800Z,2026-08-05T11:36:15.325669600Z,0,55186239,,55187358,55186239,9714ab5c3996f6cc,60,C:\Users\shiba\ptcc_pokemon_ai_buttle\data\runs\grimmsnarl\v18_teacher_55187358\episodes\90162866\replay\episode_90162866.json,,success,,
,16561259,kd,55187358,1116.3,55187358,90168445,COMPLETED,EPISODE_TYPE_PUBLIC,2026-08-05T12:04:56.859622700Z,2026-08-05T12:09:14.736336300Z,1,55248965,,55248965,55187358,9714ab5c3996f6cc,60,C:\Users\shiba\ptcc_pokemon_ai_buttle\data\runs\grimmsnarl\v18_teacher_55187358\episodes\90168445\replay\episode_90168445.json,,success,,
,16452116,Raihan,55177269,1151.0,55177269,90173341,COMPLETED,EPISODE_TYPE_PUBLIC,2026-08-05T12:32:55.802478300Z,2026-08-05T12:34:30.447537900Z,1,55259808,,55259808,55177269,9714ab5c3996f6cc,60,C:\Users\shiba\ptcc_pokemon_ai_buttle\data\runs\grimmsnarl\v18_teacher_55177269\episodes\90173341\replay\episode_90173341.json,,success,,
,16561259,kd,55187358,1116.3,55187358,90174054,COMPLETED,EPISODE_TYPE_PUBLIC,2026-08-05T12:36:56.098236400Z,2026-08-05T12:39:52.857299200Z,0,55177269,,55187358,55177269,9714ab5c3996f6cc,60,C:\Users\shiba\ptcc_pokemon_ai_buttle\data\runs\grimmsnarl\v18_teacher_55187358\episodes\90174054\replay\episode_90174054.json,,success,,
,16452116,Raihan,55177269,1151.0,55177269,90174054,COMPLETED,EPISODE_TYPE_PUBLIC,2026-08-05T12:36:56.098236400Z,2026-08-05T12:39:52.857299200Z,1,55187358,,55187358,55177269,9714ab5c3996f6cc,60,C:\Users\shiba\ptcc_pokemon_ai_buttle\data\runs\grimmsnarl\v18_teacher_55177269\episodes\90174054\replay\episode_90174054.json,,success,,
,16452116,Raihan,55177269,1151.0,55177269,90174772,COMPLETED,EPISODE_TYPE_PUBLIC,2026-08-05T12:40:57.380276700Z,2026-08-05T12:41:51.598737700Z,0,53777084,,55177269,53777084,9714ab5c3996f6cc,60,C:\Users\shiba\ptcc_pokemon_ai_buttle\data\runs\grimmsnarl\v18_teacher_55177269\episodes\90174772\replay\episode_90174772.json,,success,,
,16452116,Raihan,55177269,1151.0,55177269,90175463,COMPLETED,EPISODE_TYPE_PUBLIC,2026-08-05T12:44:57.363462Z,2026-08-05T12:47:56.073196800Z,1,55184021,,55184021,55177269,9714ab5c3996f6cc,60,C:\Users\shiba\ptcc_pokemon_ai_buttle\data\runs\grimmsnarl\v18_teacher_55177269\episodes\90175463\replay\episode_90175463.json,,success,,
,16452116,Raihan,55177269,1151.0,55177269,90176155,COMPLETED,EPISODE_TYPE_PUBLIC,2026-08-05T12:48:56.200505100Z,2026-08-05T12:52:38.094997Z,0,55255892,,55177269,55255892,9714ab5c3996f6cc,60,C:\Users\shiba\ptcc_pokemon_ai_buttle\data\runs\grimmsnarl\v18_teacher_55177269\episodes\90176155\replay\episode_90176155.json,,success,,
,16561259,kd,55187358,1116.3,55187358,90179572,COMPLETED,EPISODE_TYPE_PUBLIC,2026-08-05T13:08:55.852384700Z,2026-08-05T13:13:35.628706600Z,1,55266630,,55266630,55187358,9714ab5c3996f6cc,60,C:\Users\shiba\ptcc_pokemon_ai_buttle\data\runs\grimmsnarl\v18_teacher_55187358\episodes\90179572\replay\episode_90179572.json,,success,,
,16452116,Raihan,55177269,1151.0,55177269,90186725,COMPLETED,EPISODE_TYPE_PUBLIC,2026-08-05T13:48:56.296030900Z,2026-08-05T13:49:47.870701800Z,1,55188658,,55188658,55177269,9714ab5c3996f6cc,60,C:\Users\shiba\ptcc_pokemon_ai_buttle\data\runs\grimmsnarl\v18_teacher_55177269\episodes\90186725\replay\episode_90186725.json,,success,,
,16561259,kd,55187358,1116.3,55187358,90197376,COMPLETED,EPISODE_TYPE_PUBLIC,2026-08-05T14:48:55.992787100Z,2026-08-05T14:51:23.728638800Z,0,55254835,,55187358,55254835,9714ab5c3996f6cc,60,C:\Users\shiba\ptcc_pokemon_ai_buttle\data\runs\grimmsnarl\v18_teacher_55187358\episodes\90197376\replay\episode_90197376.json,,success,,
,16452116,Raihan,55177269,1151.0,55177269,90202953,COMPLETED,EPISODE_TYPE_PUBLIC,2026-08-05T15:22:13.183736200Z,2026-08-05T15:23:15.323026300Z,1,55248965,,55248965,55177269,9714ab5c3996f6cc,60,C:\Users\shiba\ptcc_pokemon_ai_buttle\data\runs\grimmsnarl\v18_teacher_55177269\episodes\90202953\replay\episode_90202953.json,,success,,
,16561259,kd,55187358,1116.3,55187358,90220338,COMPLETED,EPISODE_TYPE_PUBLIC,2026-08-05T17:00:51.807386500Z,2026-08-05T17:04:47.241223900Z,0,55228079,,55187358,55228079,9714ab5c3996f6cc,60,C:\Users\shiba\ptcc_pokemon_ai_buttle\data\runs\grimmsnarl\v18_teacher_55187358\episodes\90220338\replay\episode_90220338.json,,success,,
,16452116,Raihan,55177269,1151.0,55177269,90222514,COMPLETED,EPISODE_TYPE_PUBLIC,2026-08-05T17:12:52.899345700Z,2026-08-05T17:14:09.457275900Z,0,54773249,,55177269,54773249,9714ab5c3996f6cc,60,C:\Users\shiba\ptcc_pokemon_ai_buttle\data\runs\grimmsnarl\v18_teacher_55177269\episodes\90222514\replay\episode_90222514.json,,success,,
,16561259,kd,55187358,1116.3,55187358,90238063,COMPLETED,EPISODE_TYPE_PUBLIC,2026-08-05T18:40:51.484332Z,2026-08-05T18:44:16.863386100Z,0,55177269,,55187358,55177269,9714ab5c3996f6cc,60,C:\Users\shiba\ptcc_pokemon_ai_buttle\data\runs\grimmsnarl\v18_teacher_55187358\episodes\90238063\replay\episode_90238063.json,,success,,
,16452116,Raihan,55177269,1151.0,55177269,90238063,COMPLETED,EPISODE_TYPE_PUBLIC,2026-08-05T18:40:51.484332Z,2026-08-05T18:44:16.863386100Z,1,55187358,,55187358,55177269,9714ab5c3996f6cc,60,C:\Users\shiba\ptcc_pokemon_ai_buttle\data\runs\grimmsnarl\v18_teacher_55177269\episodes\90238063\replay\episode_90238063.json,,success,,
,16561259,kd,55187358,1116.3,55187358,90240076,COMPLETED,EPISODE_TYPE_PUBLIC,2026-08-05T18:52:51.626765200Z,2026-08-05T18:55:32.328588600Z,0,55275219,,55187358,55275219,9714ab5c3996f6cc,60,C:\Users\shiba\ptcc_pokemon_ai_buttle\data\runs\grimmsnarl\v18_teacher_55187358\episodes\90240076\replay\episode_90240076.json,,success,,
,16422241,Sixth Sense,55138264,1113.7,55138264,90240740,COMPLETED,EPISODE_TYPE_PUBLIC,2026-08-05T18:56:51.708574Z,2026-08-05T18:57:50.819435600Z,1,55276449,,55276449,55138264,9714ab5c3996f6cc,60,C:\Users\shiba\ptcc_pokemon_ai_buttle\data\runs\grimmsnarl\v18_teacher_55138264\episodes\90240740\replay\episode_90240740.json,,success,,
,16561259,kd,55187358,1116.3,55187358,90241540,COMPLETED,EPISODE_TYPE_PUBLIC,2026-08-05T19:00:51.373593300Z,2026-08-05T19:03:02.168538200Z,1,55275219,,55275219,55187358,9714ab5c3996f6cc,60,C:\Users\shiba\ptcc_pokemon_ai_buttle\data\runs\grimmsnarl\v18_teacher_55187358\episodes\90241540\replay\episode_90241540.json,,success,,
,16422241,Sixth Sense,55138264,1113.7,55138264,90241676,COMPLETED,EPISODE_TYPE_PUBLIC,2026-08-05T19:00:51.572708700Z,2026-08-05T19:01:35.667097100Z,1,55214482,,55214482,55138264,9714ab5c3996f6cc,60,C:\Users\shiba\ptcc_pokemon_ai_buttle\data\runs\grimmsnarl\v18_teacher_55138264\episodes\90241676\replay\episode_90241676.json,,success,,
,16561259,kd,55187358,1116.3,55187358,90243865,COMPLETED,EPISODE_TYPE_PUBLIC,2026-08-05T19:12:51.517375700Z,2026-08-05T19:16:07.041370800Z,1,55248965,,55248965,55187358,9714ab5c3996f6cc,60,C:\Users\shiba\ptcc_pokemon_ai_buttle\data\runs\grimmsnarl\v18_teacher_55187358\episodes\90243865\replay\episode_90243865.json,,success,,
,16452116,Raihan,55177269,1151.0,55177269,90247094,COMPLETED,EPISODE_TYPE_PUBLIC,2026-08-05T19:32:51.564226300Z,2026-08-05T19:33:55.333030500Z,0,55278235,,55177269,55278235,9714ab5c3996f6cc,60,C:\Users\shiba\ptcc_pokemon_ai_buttle\data\runs\grimmsnarl\v18_teacher_55177269\episodes\90247094\replay\episode_90247094.json,,success,,
,16452116,Raihan,55177269,1151.0,55177269,90248697,COMPLETED,EPISODE_TYPE_PUBLIC,2026-08-05T19:40:51.318464800Z,2026-08-05T19:42:01.159350300Z,0,55275219,,55177269,55275219,9714ab5c3996f6cc,60,C:\Users\shiba\ptcc_pokemon_ai_buttle\data\runs\grimmsnarl\v18_teacher_55177269\episodes\90248697\replay\episode_90248697.json,,success,,
,16452116,Raihan,55177269,1151.0,55177269,90249360,COMPLETED,EPISODE_TYPE_PUBLIC,2026-08-05T19:49:03.064812800Z,2026-08-05T19:50:10.387974600Z,1,55275602,,55275602,55177269,9714ab5c3996f6cc,60,C:\Users\shiba\ptcc_pokemon_ai_buttle\data\runs\grimmsnarl\v18_teacher_55177269\episodes\90249360\replay\episode_90249360.json,,success,,
,16422241,Sixth Sense,55138264,1113.7,55138264,90253742,COMPLETED,EPISODE_TYPE_PUBLIC,2026-08-05T20:12:46.437785600Z,2026-08-05T20:15:22.052591300Z,0,54959248,,55138264,54959248,9714ab5c3996f6cc,60,C:\Users\shiba\ptcc_pokemon_ai_buttle\data\runs\grimmsnarl\v18_teacher_55138264\episodes\90253742\replay\episode_90253742.json,,success,,
,16452116,Raihan,55177269,1151.0,55177269,90254224,COMPLETED,EPISODE_TYPE_PUBLIC,2026-08-05T20:16:45.942088500Z,2026-08-05T20:17:33.796804400Z,1,55278235,,55278235,55177269,9714ab5c3996f6cc,60,C:\Users\shiba\ptcc_pokemon_ai_buttle\data\runs\grimmsnarl\v18_teacher_55177269\episodes\90254224\replay\episode_90254224.json,,success,,
,16561259,kd,55187358,1116.3,55187358,90254330,COMPLETED,EPISODE_TYPE_PUBLIC,2026-08-05T20:16:46.081195300Z,2026-08-05T20:18:45.091116600Z,1,55275219,,55275219,55187358,9714ab5c3996f6cc,60,C:\Users\shiba\ptcc_pokemon_ai_buttle\data\runs\grimmsnarl\v18_teacher_55187358\episodes\90254330\replay\episode_90254330.json,,success,,
,16452116,Raihan,55177269,1151.0,55177269,90259389,COMPLETED,EPISODE_TYPE_PUBLIC,2026-08-05T20:44:45.958574100Z,2026-08-05T20:45:45.861950700Z,0,55275219,,55177269,55275219,9714ab5c3996f6cc,60,C:\Users\shiba\ptcc_pokemon_ai_buttle\data\runs\grimmsnarl\v18_teacher_55177269\episodes\90259389\replay\episode_90259389.json,,success,,
,16452116,Raihan,55177269,1151.0,55177269,90261634,COMPLETED,EPISODE_TYPE_PUBLIC,2026-08-05T20:56:46.289251500Z,2026-08-05T20:58:19.821506600Z,0,55271345,,55177269,55271345,9714ab5c3996f6cc,60,C:\Users\shiba\ptcc_pokemon_ai_buttle\data\runs\grimmsnarl\v18_teacher_55177269\episodes\90261634\replay\episode_90261634.json,,success,,
,16452116,Raihan,55177269,1151.0,55177269,90262247,COMPLETED,EPISODE_TYPE_PUBLIC,2026-08-05T21:00:46.041715600Z,2026-08-05T21:03:29.138679300Z,0,55187358,,55177269,55187358,9714ab5c3996f6cc,60,C:\Users\shiba\ptcc_pokemon_ai_buttle\data\runs\grimmsnarl\v18_teacher_55177269\episodes\90262247\replay\episode_90262247.json,,success,,
,16561259,kd,55187358,1116.3,55187358,90262247,COMPLETED,EPISODE_TYPE_PUBLIC,2026-08-05T21:00:46.041715600Z,2026-08-05T21:03:29.138679300Z,1,55177269,,55177269,55187358,9714ab5c3996f6cc,60,C:\Users\shiba\ptcc_pokemon_ai_buttle\data\runs\grimmsnarl\v18_teacher_55187358\episodes\90262247\replay\episode_90262247.json,,success,,
,16422241,Sixth Sense,55138264,1113.7,55138264,90262256,COMPLETED,EPISODE_TYPE_PUBLIC,2026-08-05T21:00:46.049396200Z,2026-08-05T21:01:46.551259700Z,0,55227232,,55138264,55227232,9714ab5c3996f6cc,60,C:\Users\shiba\ptcc_pokemon_ai_buttle\data\runs\grimmsnarl\v18_teacher_55138264\episodes\90262256\replay\episode_90262256.json,,success,,
,16561259,kd,55187358,1116.3,55187358,90262321,COMPLETED,EPISODE_TYPE_PUBLIC,2026-08-05T21:00:46.149044400Z,2026-08-05T21:02:48.002856Z,1,55248965,,55248965,55187358,9714ab5c3996f6cc,60,C:\Users\shiba\ptcc_pokemon_ai_buttle\data\runs\grimmsnarl\v18_teacher_55187358\episodes\90262321\replay\episode_90262321.json,,success,,
,16452116,Raihan,55177269,1151.0,55177269,90262927,COMPLETED,EPISODE_TYPE_PUBLIC,2026-08-05T21:04:45.980557400Z,2026-08-05T21:05:50.382395200Z,0,55248965,,55177269,55248965,9714ab5c3996f6cc,60,C:\Users\shiba\ptcc_pokemon_ai_buttle\data\runs\grimmsnarl\v18_teacher_55177269\episodes\90262927\replay\episode_90262927.json,,success,,
,16422241,Sixth Sense,55138264,1113.7,55138264,90263059,COMPLETED,EPISODE_TYPE_PUBLIC,2026-08-05T21:04:46.190807800Z,2026-08-05T21:05:35.504585900Z,0,55214482,,55138264,55214482,9714ab5c3996f6cc,60,C:\Users\shiba\ptcc_pokemon_ai_buttle\data\runs\grimmsnarl\v18_teacher_55138264\episodes\90263059\replay\episode_90263059.json,,success,,
,16422241,Sixth Sense,55138264,1113.7,55138264,90263090,COMPLETED,EPISODE_TYPE_PUBLIC,2026-08-05T21:04:46.251061100Z,2026-08-05T21:05:55.048183400Z,1,55202823,,55202823,55138264,9714ab5c3996f6cc,60,C:\Users\shiba\ptcc_pokemon_ai_buttle\data\runs\grimmsnarl\v18_teacher_55138264\episodes\90263090\replay\episode_90263090.json,,success,,
,16452116,Raihan,55177269,1151.0,55177269,90263604,COMPLETED,EPISODE_TYPE_PUBLIC,2026-08-05T21:08:47.333779800Z,2026-08-05T21:09:34.697667Z,0,54348561,,55177269,54348561,9714ab5c3996f6cc,60,C:\Users\shiba\ptcc_pokemon_ai_buttle\data\runs\grimmsnarl\v18_teacher_55177269\episodes\90263604\replay\episode_90263604.json,,success,,
,16452116,Raihan,55177269,1151.0,55177269,90264352,COMPLETED,EPISODE_TYPE_PUBLIC,2026-08-05T21:12:45.870501800Z,2026-08-05T21:13:39.067173200Z,1,55198468,,55198468,55177269,9714ab5c3996f6cc,60,C:\Users\shiba\ptcc_pokemon_ai_buttle\data\runs\grimmsnarl\v18_teacher_55177269\episodes\90264352\replay\episode_90264352.json,,success,,
,16452116,Raihan,55177269,1151.0,55177269,90265026,COMPLETED,EPISODE_TYPE_PUBLIC,2026-08-05T21:16:45.869833600Z,2026-08-05T21:17:51.030436800Z,0,55138264,,55177269,55138264,9714ab5c3996f6cc,60,C:\Users\shiba\ptcc_pokemon_ai_buttle\data\runs\grimmsnarl\v18_teacher_55177269\episodes\90265026\replay\episode_90265026.json,,success,,
,16422241,Sixth Sense,55138264,1113.7,55138264,90265026,COMPLETED,EPISODE_TYPE_PUBLIC,2026-08-05T21:16:45.869833600Z,2026-08-05T21:17:51.030436800Z,1,55177269,,55177269,55138264,9714ab5c3996f6cc,60,C:\Users\shiba\ptcc_pokemon_ai_buttle\data\runs\grimmsnarl\v18_teacher_55138264\episodes\90265026\replay\episode_90265026.json,,success,,
,16422241,Sixth Sense,55138264,1113.7,55138264,90265194,COMPLETED,EPISODE_TYPE_PUBLIC,2026-08-05T21:16:46.078235Z,2026-08-05T21:17:50.781849800Z,0,55275219,,55138264,55275219,9714ab5c3996f6cc,60,C:\Users\shiba\ptcc_pokemon_ai_buttle\data\runs\grimmsnarl\v18_teacher_55138264\episodes\90265194\replay\episode_90265194.json,,success,,
,16561259,kd,55187358,1116.3,55187358,90265735,COMPLETED,EPISODE_TYPE_PUBLIC,2026-08-05T21:20:45.969683300Z,2026-08-05T21:23:37.260339300Z,0,55177269,,55187358,55177269,9714ab5c3996f6cc,60,C:\Users\shiba\ptcc_pokemon_ai_buttle\data\runs\grimmsnarl\v18_teacher_55187358\episodes\90265735\replay\episode_90265735.json,,success,,
,16452116,Raihan,55177269,1151.0,55177269,90265735,COMPLETED,EPISODE_TYPE_PUBLIC,2026-08-05T21:20:45.969683300Z,2026-08-05T21:23:37.260339300Z,1,55187358,,55187358,55177269,9714ab5c3996f6cc,60,C:\Users\shiba\ptcc_pokemon_ai_buttle\data\runs\grimmsnarl\v18_teacher_55177269\episodes\90265735\replay\episode_90265735.json,,success,,
,16422241,Sixth Sense,55138264,1113.7,55138264,90265922,COMPLETED,EPISODE_TYPE_PUBLIC,2026-08-05T21:20:46.238910500Z,2026-08-05T21:21:59.576029600Z,1,55275219,,55275219,55138264,9714ab5c3996f6cc,60,C:\Users\shiba\ptcc_pokemon_ai_buttle\data\runs\grimmsnarl\v18_teacher_55138264\episodes\90265922\replay\episode_90265922.json,,success,,
,16452116,Raihan,55177269,1151.0,55177269,90266453,COMPLETED,EPISODE_TYPE_PUBLIC,2026-08-05T21:24:46.253064500Z,2026-08-05T21:25:54.510407200Z,1,55259792,,55259792,55177269,9714ab5c3996f6cc,60,C:\Users\shiba\ptcc_pokemon_ai_buttle\data\runs\grimmsnarl\v18_teacher_55177269\episodes\90266453\replay\episode_90266453.json,,success,,
,16452116,Raihan,55177269,1151.0,55177269,90266631,COMPLETED,EPISODE_TYPE_PUBLIC,2026-08-05T21:24:46.548037100Z,2026-08-05T21:25:24.793680700Z,0,55214482,,55177269,55214482,9714ab5c3996f6cc,60,C:\Users\shiba\ptcc_pokemon_ai_buttle\data\runs\grimmsnarl\v18_teacher_55177269\episodes\90266631\replay\episode_90266631.json,,success,,
,16422241,Sixth Sense,55138264,1113.7,55138264,90267190,COMPLETED,EPISODE_TYPE_PUBLIC,2026-08-05T21:28:47.910170400Z,2026-08-05T21:30:10.739257900Z,1,55202823,,55202823,55138264,9714ab5c3996f6cc,60,C:\Users\shiba\ptcc_pokemon_ai_buttle\data\runs\grimmsnarl\v18_teacher_55138264\episodes\90267190\replay\episode_90267190.json,,success,,
,16452116,Raihan,55177269,1151.0,55177269,90267206,COMPLETED,EPISODE_TYPE_PUBLIC,2026-08-05T21:28:47.778631Z,2026-08-05T21:29:56.684975200Z,0,55280126,,55177269,55280126,9714ab5c3996f6cc,60,C:\Users\shiba\ptcc_pokemon_ai_buttle\data\runs\grimmsnarl\v18_teacher_55177269\episodes\90267206\replay\episode_90267206.json,,success,,
,16422241,Sixth Sense,55138264,1113.7,55138264,90267209,COMPLETED,EPISODE_TYPE_PUBLIC,2026-08-05T21:28:47.937999600Z,2026-08-05T21:29:44.679524400Z,0,55252151,,55138264,55252151,9714ab5c3996f6cc,60,C:\Users\shiba\ptcc_pokemon_ai_buttle\data\runs\grimmsnarl\v18_teacher_55138264\episodes\90267209\replay\episode_90267209.json,,success,,
,16561259,kd,55187358,1116.3,55187358,90267342,COMPLETED,EPISODE_TYPE_PUBLIC,2026-08-05T21:28:47.914938900Z,2026-08-05T21:30:45.400997200Z,0,55248965,,55187358,55248965,9714ab5c3996f6cc,60,C:\Users\shiba\ptcc_pokemon_ai_buttle\data\runs\grimmsnarl\v18_teacher_55187358\episodes\90267342\replay\episode_90267342.json,,success,,
,16452116,Raihan,55177269,1151.0,55177269,90267895,COMPLETED,EPISODE_TYPE_PUBLIC,2026-08-05T21:32:46.133420900Z,2026-08-05T21:33:52.508956500Z,1,55259808,,55259808,55177269,9714ab5c3996f6cc,60,C:\Users\shiba\ptcc_pokemon_ai_buttle\data\runs\grimmsnarl\v18_teacher_55177269\episodes\90267895\replay\episode_90267895.json,,success,,
,16561259,kd,55187358,1116.3,55187358,90268014,COMPLETED,EPISODE_TYPE_PUBLIC,2026-08-05T21:32:46.283771300Z,2026-08-05T21:33:56.283395500Z,1,55214482,,55214482,55187358,9714ab5c3996f6cc,60,C:\Users\shiba\ptcc_pokemon_ai_buttle\data\runs\grimmsnarl\v18_teacher_55187358\episodes\90268014\replay\episode_90268014.json,,success,,
,16422241,Sixth Sense,55138264,1113.7,55138264,90268072,COMPLETED,EPISODE_TYPE_PUBLIC,2026-08-05T21:32:46.361202500Z,2026-08-05T21:33:52.309608600Z,1,55248965,,55248965,55138264,9714ab5c3996f6cc,60,C:\Users\shiba\ptcc_pokemon_ai_buttle\data\runs\grimmsnarl\v18_teacher_55138264\episodes\90268072\replay\episode_90268072.json,,success,,
,16452116,Raihan,55177269,1151.0,55177269,90268623,COMPLETED,EPISODE_TYPE_PUBLIC,2026-08-05T21:36:45.980782100Z,2026-08-05T21:37:39.309617600Z,1,55259808,,55259808,55177269,9714ab5c3996f6cc,60,C:\Users\shiba\ptcc_pokemon_ai_buttle\data\runs\grimmsnarl\v18_teacher_55177269\episodes\90268623\replay\episode_90268623.json,,success,,
,16422241,Sixth Sense,55138264,1113.7,55138264,90268678,COMPLETED,EPISODE_TYPE_PUBLIC,2026-08-05T21:36:46.062127300Z,2026-08-05T21:38:01.412807200Z,0,55275602,,55138264,55275602,9714ab5c3996f6cc,60,C:\Users\shiba\ptcc_pokemon_ai_buttle\data\runs\grimmsnarl\v18_teacher_55138264\episodes\90268678\replay\episode_90268678.json,,success,,
,16452116,Raihan,55177269,1151.0,55177269,90269343,COMPLETED,EPISODE_TYPE_PUBLIC,2026-08-05T21:40:46.031391200Z,2026-08-05T21:41:45.732461900Z,0,55227232,,55177269,55227232,9714ab5c3996f6cc,60,C:\Users\shiba\ptcc_pokemon_ai_buttle\data\runs\grimmsnarl\v18_teacher_55177269\episodes\90269343\replay\episode_90269343.json,,success,,
,16422241,Sixth Sense,55138264,1113.7,55138264,90269344,COMPLETED,EPISODE_TYPE_PUBLIC,2026-08-05T21:40:46.032198600Z,2026-08-05T21:41:43.941529400Z,0,55259808,,55138264,55259808,9714ab5c3996f6cc,60,C:\Users\shiba\ptcc_pokemon_ai_buttle\data\runs\grimmsnarl\v18_teacher_55138264\episodes\90269344\replay\episode_90269344.json,,success,,
,16422241,Sixth Sense,55138264,1113.7,55138264,90269373,COMPLETED,EPISODE_TYPE_PUBLIC,2026-08-05T21:40:46.059369700Z,2026-08-05T21:43:20.261683500Z,1,55255892,,55255892,55138264,9714ab5c3996f6cc,60,C:\Users\shiba\ptcc_pokemon_ai_buttle\data\runs\grimmsnarl\v18_teacher_55138264\episodes\90269373\replay\episode_90269373.json,,success,,
,16422241,Sixth Sense,55138264,1113.7,55138264,90269479,COMPLETED,EPISODE_TYPE_PUBLIC,2026-08-05T21:40:46.230504500Z,2026-08-05T21:42:09.371023100Z,1,55248965,,55248965,55138264,9714ab5c3996f6cc,60,C:\Users\shiba\ptcc_pokemon_ai_buttle\data\runs\grimmsnarl\v18_teacher_55138264\episodes\90269479\replay\episode_90269479.json,,success,,
,16452116,Raihan,55177269,1151.0,55177269,90270043,COMPLETED,EPISODE_TYPE_PUBLIC,2026-08-05T21:44:46.951425500Z,2026-08-05T21:47:08.499535600Z,0,55255892,,55177269,55255892,9714ab5c3996f6cc,60,C:\Users\shiba\ptcc_pokemon_ai_buttle\data\runs\grimmsnarl\v18_teacher_55177269\episodes\90270043\replay\episode_90270043.json,,success,,
,16422241,Sixth Sense,55138264,1113.7,55138264,90270152,COMPLETED,EPISODE_TYPE_PUBLIC,2026-08-05T21:44:47.164833Z,2026-08-05T21:45:56.544467700Z,1,55267793,,55267793,55138264,9714ab5c3996f6cc,60,C:\Users\shiba\ptcc_pokemon_ai_buttle\data\runs\grimmsnarl\v18_teacher_55138264\episodes\90270152\replay\episode_90270152.json,,success,,
,16452116,Raihan,55177269,1151.0,55177269,90270779,COMPLETED,EPISODE_TYPE_PUBLIC,2026-08-05T21:48:52.036322100Z,2026-08-05T21:49:57.520982400Z,0,55275287,,55177269,55275287,9714ab5c3996f6cc,60,C:\Users\shiba\ptcc_pokemon_ai_buttle\data\runs\grimmsnarl\v18_teacher_55177269\episodes\90270779\replay\episode_90270779.json,,success,,
,16422241,Sixth Sense,55138264,1113.7,55138264,90270819,COMPLETED,EPISODE_TYPE_PUBLIC,2026-08-05T21:48:52.087458600Z,2026-08-05T21:49:46.824957300Z,1,54807509,,54807509,55138264,9714ab5c3996f6cc,60,C:\Users\shiba\ptcc_pokemon_ai_buttle\data\runs\grimmsnarl\v18_teacher_55138264\episodes\90270819\replay\episode_90270819.json,,success,,
,16561259,kd,55187358,1116.3,55187358,90270909,COMPLETED,EPISODE_TYPE_PUBLIC,2026-08-05T21:48:52.272088100Z,2026-08-05T21:51:37.929963400Z,0,55274674,,55187358,55274674,9714ab5c3996f6cc,60,C:\Users\shiba\ptcc_pokemon_ai_buttle\data\runs\grimmsnarl\v18_teacher_55187358\episodes\90270909\replay\episode_90270909.json,,success,,
,16452116,Raihan,55177269,1151.0,55177269,90271490,COMPLETED,EPISODE_TYPE_PUBLIC,2026-08-05T21:52:45.960407600Z,2026-08-05T21:53:49.863753500Z,0,55280204,,55177269,55280204,9714ab5c3996f6cc,60,C:\Users\shiba\ptcc_pokemon_ai_buttle\data\runs\grimmsnarl\v18_teacher_55177269\episodes\90271490\replay\episode_90271490.json,,success,,
,16422241,Sixth Sense,55138264,1113.7,55138264,90271499,COMPLETED,EPISODE_TYPE_PUBLIC,2026-08-05T21:52:45.967208500Z,2026-08-05T21:53:44.450906200Z,1,55248965,,55248965,55138264,9714ab5c3996f6cc,60,C:\Users\shiba\ptcc_pokemon_ai_buttle\data\runs\grimmsnarl\v18_teacher_55138264\episodes\90271499\replay\episode_90271499.json,,success,,
,16422241,Sixth Sense,55138264,1113.7,55138264,90271526,COMPLETED,EPISODE_TYPE_PUBLIC,2026-08-05T21:52:46.034317400Z,2026-08-05T21:53:45.761545700Z,1,55227232,,55227232,55138264,9714ab5c3996f6cc,60,C:\Users\shiba\ptcc_pokemon_ai_buttle\data\runs\grimmsnarl\v18_teacher_55138264\episodes\90271526\replay\episode_90271526.json,,success,,
,16452116,Raihan,55177269,1151.0,55177269,90272208,COMPLETED,EPISODE_TYPE_PUBLIC,2026-08-05T21:56:45.981346500Z,2026-08-05T21:57:59.990237700Z,1,55278240,,55278240,55177269,9714ab5c3996f6cc,60,C:\Users\shiba\ptcc_pokemon_ai_buttle\data\runs\grimmsnarl\v18_teacher_55177269\episodes\90272208\replay\episode_90272208.json,,success,,
,16422241,Sixth Sense,55138264,1113.7,55138264,90272231,COMPLETED,EPISODE_TYPE_PUBLIC,2026-08-05T21:56:46.034709300Z,2026-08-05T22:07:22.164631800Z,1,55259792,,55259792,55138264,9714ab5c3996f6cc,60,C:\Users\shiba\ptcc_pokemon_ai_buttle\data\runs\grimmsnarl\v18_teacher_55138264\episodes\90272231\replay\episode_90272231.json,,success,,
,16422241,Sixth Sense,55138264,1113.7,55138264,90272276,COMPLETED,EPISODE_TYPE_PUBLIC,2026-08-05T21:56:46.130037600Z,2026-08-05T21:59:54.077927400Z,1,55184021,,55184021,55138264,9714ab5c3996f6cc,60,C:\Users\shiba\ptcc_pokemon_ai_buttle\data\runs\grimmsnarl\v18_teacher_55138264\episodes\90272276\replay\episode_90272276.json,,success,,
,16452116,Raihan,55177269,1151.0,55177269,90272914,COMPLETED,EPISODE_TYPE_PUBLIC,2026-08-05T22:00:46.044278200Z,2026-08-05T22:01:36.467696700Z,0,55198468,,55177269,55198468,9714ab5c3996f6cc,60,C:\Users\shiba\ptcc_pokemon_ai_buttle\data\runs\grimmsnarl\v18_teacher_55177269\episodes\90272914\replay\episode_90272914.json,,success,,
,16422241,Sixth Sense,55138264,1113.7,55138264,90272953,COMPLETED,EPISODE_TYPE_PUBLIC,2026-08-05T22:00:46.089554500Z,2026-08-05T22:02:01.442025800Z,1,55254018,,55254018,55138264,9714ab5c3996f6cc,60,C:\Users\shiba\ptcc_pokemon_ai_buttle\data\runs\grimmsnarl\v18_teacher_55138264\episodes\90272953\replay\episode_90272953.json,,success,,
,16561259,kd,55187358,1116.3,55187358,90273072,COMPLETED,EPISODE_TYPE_PUBLIC,2026-08-05T22:00:46.363868500Z,2026-08-05T22:03:19.341084800Z,1,55251826,,55251826,55187358,9714ab5c3996f6cc,60,C:\Users\shiba\ptcc_pokemon_ai_buttle\data\runs\grimmsnarl\v18_teacher_55187358\episodes\90273072\replay\episode_90273072.json,,success,,
,16422241,Sixth Sense,55138264,1113.7,55138264,90273508,COMPLETED,EPISODE_TYPE_PUBLIC,2026-08-05T22:04:46.099074800Z,2026-08-05T22:06:02.598051900Z,0,55280132,,55138264,55280132,9714ab5c3996f6cc,60,C:\Users\shiba\ptcc_pokemon_ai_buttle\data\runs\grimmsnarl\v18_teacher_55138264\episodes\90273508\replay\episode_90273508.json,,success,,
,16452116,Raihan,55177269,1151.0,55177269,90273621,COMPLETED,EPISODE_TYPE_PUBLIC,2026-08-05T22:04:46.289292Z,2026-08-05T22:06:02.371473200Z,1,55259792,,55259792,55177269,9714ab5c3996f6cc,60,C:\Users\shiba\ptcc_pokemon_ai_buttle\data\runs\grimmsnarl\v18_teacher_55177269\episodes\90273621\replay\episode_90273621.json,,success,,
,16422241,Sixth Sense,55138264,1113.7,55138264,90273681,COMPLETED,EPISODE_TYPE_PUBLIC,2026-08-05T22:04:46.388763400Z,2026-08-05T22:06:02.339831500Z,1,55227232,,55227232,55138264,9714ab5c3996f6cc,60,C:\Users\shiba\ptcc_pokemon_ai_buttle\data\runs\grimmsnarl\v18_teacher_55138264\episodes\90273681\replay\episode_90273681.json,,success,,
,16561259,kd,55187358,1116.3,55187358,90274287,COMPLETED,EPISODE_TYPE_PUBLIC,2026-08-05T22:08:46.161051400Z,2026-08-05T22:19:34.535691900Z,0,55277931,,55187358,55277931,9714ab5c3996f6cc,60,C:\Users\shiba\ptcc_pokemon_ai_buttle\data\runs\grimmsnarl\v18_teacher_55187358\episodes\90274287\replay\episode_90274287.json,,success,,
,16452116,Raihan,55177269,1151.0,55177269,90274324,COMPLETED,EPISODE_TYPE_PUBLIC,2026-08-05T22:08:46.246032100Z,2026-08-05T22:09:48.155719200Z,1,54773249,,54773249,55177269,9714ab5c3996f6cc,60,C:\Users\shiba\ptcc_pokemon_ai_buttle\data\runs\grimmsnarl\v18_teacher_55177269\episodes\90274324\replay\episode_90274324.json,,success,,
,16422241,Sixth Sense,55138264,1113.7,55138264,90274360,COMPLETED,EPISODE_TYPE_PUBLIC,2026-08-05T22:08:46.286195100Z,2026-08-05T22:10:08.361618200Z,1,55215429,,55215429,55138264,9714ab5c3996f6cc,60,C:\Users\shiba\ptcc_pokemon_ai_buttle\data\runs\grimmsnarl\v18_teacher_55138264\episodes\90274360\replay\episode_90274360.json,,success,,
,16561259,kd,55187358,1116.3,55187358,90274516,COMPLETED,EPISODE_TYPE_PUBLIC,2026-08-05T22:08:46.685085200Z,2026-08-05T22:11:06.375279Z,0,55275219,,55187358,55275219,9714ab5c3996f6cc,60,C:\Users\shiba\ptcc_pokemon_ai_buttle\data\runs\grimmsnarl\v18_teacher_55187358\episodes\90274516\replay\episode_90274516.json,,success,,
,16452116,Raihan,55177269,1151.0,55177269,90275037,COMPLETED,EPISODE_TYPE_PUBLIC,2026-08-05T22:12:45.892847800Z,2026-08-05T22:14:13.046888100Z,0,55265345,,55177269,55265345,9714ab5c3996f6cc,60,C:\Users\shiba\ptcc_pokemon_ai_buttle\data\runs\grimmsnarl\v18_teacher_55177269\episodes\90275037\replay\episode_90275037.json,,success,,
,16422241,Sixth Sense,55138264,1113.7,55138264,90275053,COMPLETED,EPISODE_TYPE_PUBLIC,2026-08-05T22:12:45.937721500Z,2026-08-05T22:13:45.919880200Z,1,54333690,,54333690,55138264,9714ab5c3996f6cc,60,C:\Users\shiba\ptcc_pokemon_ai_buttle\data\runs\grimmsnarl\v18_teacher_55138264\episodes\90275053\replay\episode_90275053.json,,success,,
,16452116,Raihan,55177269,1151.0,55177269,90275759,COMPLETED,EPISODE_TYPE_PUBLIC,2026-08-05T22:16:45.834195400Z,2026-08-05T22:17:48.634572500Z,1,55250125,,55250125,55177269,9714ab5c3996f6cc,60,C:\Users\shiba\ptcc_pokemon_ai_buttle\data\runs\grimmsnarl\v18_teacher_55177269\episodes\90275759\replay\episode_90275759.json,,success,,
,16422241,Sixth Sense,55138264,1113.7,55138264,90275771,COMPLETED,EPISODE_TYPE_PUBLIC,2026-08-05T22:16:45.848374300Z,2026-08-05T22:24:24.701292300Z,0,55199855,,55138264,55199855,9714ab5c3996f6cc,60,C:\Users\shiba\ptcc_pokemon_ai_buttle\data\runs\grimmsnarl\v18_teacher_55138264\episodes\90275771\replay\episode_90275771.json,,success,,
,16561259,kd,55187358,1116.3,55187358,90275932,COMPLETED,EPISODE_TYPE_PUBLIC,2026-08-05T22:16:46.102277Z,2026-08-05T22:19:10.920333Z,0,55209778,,55187358,55209778,9714ab5c3996f6cc,60,C:\Users\shiba\ptcc_pokemon_ai_buttle\data\runs\grimmsnarl\v18_teacher_55187358\episodes\90275932\replay\episode_90275932.json,,success,,
,16452116,Raihan,55177269,1151.0,55177269,90276479,COMPLETED,EPISODE_TYPE_PUBLIC,2026-08-05T22:20:45.873940900Z,2026-08-05T22:21:47.941095900Z,0,55275287,,55177269,55275287,9714ab5c3996f6cc,60,C:\Users\shiba\ptcc_pokemon_ai_buttle\data\runs\grimmsnarl\v18_teacher_55177269\episodes\90276479\replay\episode_90276479.json,,success,,
,16422241,Sixth Sense,55138264,1113.7,55138264,90276492,COMPLETED,EPISODE_TYPE_PUBLIC,2026-08-05T22:20:45.886966Z,2026-08-05T22:21:27.091383600Z,1,54533407,,54533407,55138264,9714ab5c3996f6cc,60,C:\Users\shiba\ptcc_pokemon_ai_buttle\data\runs\grimmsnarl\v18_teacher_55138264\episodes\90276492\replay\episode_90276492.json,,success,,
,16561259,kd,55187358,1116.3,55187358,90276676,COMPLETED,EPISODE_TYPE_PUBLIC,2026-08-05T22:20:46.241148Z,2026-08-05T22:24:54.403957100Z,0,55201815,,55187358,55201815,9714ab5c3996f6cc,60,C:\Users\shiba\ptcc_pokemon_ai_buttle\data\runs\grimmsnarl\v18_teacher_55187358\episodes\90276676\replay\episode_90276676.json,,success,,
,16452116,Raihan,55177269,1151.0,55177269,90277197,COMPLETED,EPISODE_TYPE_PUBLIC,2026-08-05T22:24:47.098597900Z,2026-08-05T22:25:57.922176200Z,0,55251826,,55177269,55251826,9714ab5c3996f6cc,60,C:\Users\shiba\ptcc_pokemon_ai_buttle\data\runs\grimmsnarl\v18_teacher_55177269\episodes\90277197\replay\episode_90277197.json,,success,,
,16422241,Sixth Sense,55138264,1113.7,55138264,90277208,COMPLETED,EPISODE_TYPE_PUBLIC,2026-08-05T22:24:47.140926100Z,2026-08-05T22:25:41.400765300Z,0,55201815,,55138264,55201815,9714ab5c3996f6cc,60,C:\Users\shiba\ptcc_pokemon_ai_buttle\data\runs\grimmsnarl\v18_teacher_55138264\episodes\90277208\replay\episode_90277208.json,,success,,
,16561259,kd,55187358,1116.3,55187358,90277353,COMPLETED,EPISODE_TYPE_PUBLIC,2026-08-05T22:24:47.373785400Z,2026-08-05T22:26:36.462311400Z,1,55198468,,55198468,55187358,9714ab5c3996f6cc,60,C:\Users\shiba\ptcc_pokemon_ai_buttle\data\runs\grimmsnarl\v18_teacher_55187358\episodes\90277353\replay\episode_90277353.json,,success,,
,16422241,Sixth Sense,55138264,1113.7,55138264,90277868,COMPLETED,EPISODE_TYPE_PUBLIC,2026-08-05T22:28:47.744198900Z,2026-08-05T22:29:41.516841800Z,1,55198468,,55198468,55138264,9714ab5c3996f6cc,60,C:\Users\shiba\ptcc_pokemon_ai_buttle\data\runs\grimmsnarl\v18_teacher_55138264\episodes\90277868\replay\episode_90277868.json,,success,,
,16452116,Raihan,55177269,1151.0,55177269,90277874,COMPLETED,EPISODE_TYPE_PUBLIC,2026-08-05T22:28:47.749585800Z,2026-08-05T22:30:23.840697300Z,1,55275219,,55275219,55177269,9714ab5c3996f6cc,60,C:\Users\shiba\ptcc_pokemon_ai_buttle\data\runs\grimmsnarl\v18_teacher_55177269\episodes\90277874\replay\episode_90277874.json,,success,,
,16452116,Raihan,55177269,1151.0,55177269,90277886,COMPLETED,EPISODE_TYPE_PUBLIC,2026-08-05T22:28:47.548390100Z,2026-08-05T22:29:49.537670700Z,1,55201815,,55201815,55177269,9714ab5c3996f6cc,60,C:\Users\shiba\ptcc_pokemon_ai_buttle\data\runs\grimmsnarl\v18_teacher_55177269\episodes\90277886\replay\episode_90277886.json,,success,,
,16422241,Sixth Sense,55138264,1113.7,55138264,90278048,COMPLETED,EPISODE_TYPE_PUBLIC,2026-08-05T22:28:48.571365200Z,2026-08-05T22:29:55.697237100Z,1,54773249,,54773249,55138264,9714ab5c3996f6cc,60,C:\Users\shiba\ptcc_pokemon_ai_buttle\data\runs\grimmsnarl\v18_teacher_55138264\episodes\90278048\replay\episode_90278048.json,,success,,
,16452116,Raihan,55177269,1151.0,55177269,90278627,COMPLETED,EPISODE_TYPE_PUBLIC,2026-08-05T22:32:46.291120200Z,2026-08-05T22:33:50.166212900Z,1,55248965,,55248965,55177269,9714ab5c3996f6cc,60,C:\Users\shiba\ptcc_pokemon_ai_buttle\data\runs\grimmsnarl\v18_teacher_55177269\episodes\90278627\replay\episode_90278627.json,,success,,
,16422241,Sixth Sense,55138264,1113.7,55138264,90278634,COMPLETED,EPISODE_TYPE_PUBLIC,2026-08-05T22:32:46.334091400Z,2026-08-05T22:33:29.729827600Z,1,55211393,,55211393,55138264,9714ab5c3996f6cc,60,C:\Users\shiba\ptcc_pokemon_ai_buttle\data\runs\grimmsnarl\v18_teacher_55138264\episodes\90278634\replay\episode_90278634.json,,success,,
,16561259,kd,55187358,1116.3,55187358,90279343,COMPLETED,EPISODE_TYPE_PUBLIC,2026-08-05T22:36:46.945937Z,2026-08-05T22:39:01.003456400Z,0,55138264,,55187358,55138264,9714ab5c3996f6cc,60,C:\Users\shiba\ptcc_pokemon_ai_buttle\data\runs\grimmsnarl\v18_teacher_55187358\episodes\90279343\replay\episode_90279343.json,,success,,
,16422241,Sixth Sense,55138264,1113.7,55138264,90279343,COMPLETED,EPISODE_TYPE_PUBLIC,2026-08-05T22:36:46.945937Z,2026-08-05T22:39:01.003456400Z,1,55187358,,55187358,55138264,9714ab5c3996f6cc,60,C:\Users\shiba\ptcc_pokemon_ai_buttle\data\runs\grimmsnarl\v18_teacher_55138264\episodes\90279343\replay\episode_90279343.json,,success,,
,16452116,Raihan,55177269,1151.0,55177269,90279357,COMPLETED,EPISODE_TYPE_PUBLIC,2026-08-05T22:36:46.960045Z,2026-08-05T22:38:22.880154300Z,0,55184021,,55177269,55184021,9714ab5c3996f6cc,60,C:\Users\shiba\ptcc_pokemon_ai_buttle\data\runs\grimmsnarl\v18_teacher_55177269\episodes\90279357\replay\episode_90279357.json,,success,,
,16452116,Raihan,55177269,1151.0,55177269,90279369,COMPLETED,EPISODE_TYPE_PUBLIC,2026-08-05T22:36:46.981123200Z,2026-08-05T22:38:57.094989Z,1,55184021,,55184021,55177269,9714ab5c3996f6cc,60,C:\Users\shiba\ptcc_pokemon_ai_buttle\data\runs\grimmsnarl\v18_teacher_55177269\episodes\90279369\replay\episode_90279369.json,,success,,
,16561259,kd,55187358,1116.3,55187358,90279482,COMPLETED,EPISODE_TYPE_PUBLIC,2026-08-05T22:36:47.349393800Z,2026-08-05T22:38:32.030465700Z,0,55278240,,55187358,55278240,9714ab5c3996f6cc,60,C:\Users\shiba\ptcc_pokemon_ai_buttle\data\runs\grimmsnarl\v18_teacher_55187358\episodes\90279482\replay\episode_90279482.json,,success,,
,16452116,Raihan,55177269,1151.0,55177269,90280084,COMPLETED,EPISODE_TYPE_PUBLIC,2026-08-05T22:40:46.195399700Z,2026-08-05T22:41:32.169194300Z,0,55184624,,55177269,55184624,9714ab5c3996f6cc,60,C:\Users\shiba\ptcc_pokemon_ai_buttle\data\runs\grimmsnarl\v18_teacher_55177269\episodes\90280084\replay\episode_90280084.json,,success,,
,16422241,Sixth Sense,55138264,1113.7,55138264,90280085,COMPLETED,EPISODE_TYPE_PUBLIC,2026-08-05T22:40:46.196576900Z,2026-08-05T22:41:58.077872Z,1,55275219,,55275219,55138264,9714ab5c3996f6cc,60,C:\Users\shiba\ptcc_pokemon_ai_buttle\data\runs\grimmsnarl\v18_teacher_55138264\episodes\90280085\replay\episode_90280085.json,,success,,
,16452116,Raihan,55177269,1151.0,55177269,90280792,COMPLETED,EPISODE_TYPE_PUBLIC,2026-08-05T22:44:46.463045500Z,2026-08-05T22:45:43.860347Z,1,55201815,,55201815,55177269,9714ab5c3996f6cc,60,C:\Users\shiba\ptcc_pokemon_ai_buttle\data\runs\grimmsnarl\v18_teacher_55177269\episodes\90280792\replay\episode_90280792.json,,success,,
,16422241,Sixth Sense,55138264,1113.7,55138264,90280793,COMPLETED,EPISODE_TYPE_PUBLIC,2026-08-05T22:44:46.463748700Z,2026-08-05T22:45:29.693385Z,1,55209778,,55209778,55138264,9714ab5c3996f6cc,60,C:\Users\shiba\ptcc_pokemon_ai_buttle\data\runs\grimmsnarl\v18_teacher_55138264\episodes\90280793\replay\episode_90280793.json,,success,,
,16422241,Sixth Sense,55138264,1113.7,55138264,90280830,COMPLETED,EPISODE_TYPE_PUBLIC,2026-08-05T22:44:46.534677900Z,2026-08-05T22:45:52.311514900Z,0,54773249,,55138264,54773249,9714ab5c3996f6cc,60,C:\Users\shiba\ptcc_pokemon_ai_buttle\data\runs\grimmsnarl\v18_teacher_55138264\episodes\90280830\replay\episode_90280830.json,,success,,
,16561259,kd,55187358,1116.3,55187358,90280862,COMPLETED,EPISODE_TYPE_PUBLIC,2026-08-05T22:44:46.562827900Z,2026-08-05T22:48:27.876871700Z,1,55201815,,55201815,55187358,9714ab5c3996f6cc,60,C:\Users\shiba\ptcc_pokemon_ai_buttle\data\runs\grimmsnarl\v18_teacher_55187358\episodes\90280862\replay\episode_90280862.json,,success,,
,16561259,kd,55187358,1116.3,55187358,90280880,COMPLETED,EPISODE_TYPE_PUBLIC,2026-08-05T22:44:46.584272400Z,2026-08-05T22:47:20.727681300Z,0,55265345,,55187358,55265345,9714ab5c3996f6cc,60,C:\Users\shiba\ptcc_pokemon_ai_buttle\data\runs\grimmsnarl\v18_teacher_55187358\episodes\90280880\replay\episode_90280880.json,,success,,
,16422241,Sixth Sense,55138264,1113.7,55138264,90281494,COMPLETED,EPISODE_TYPE_PUBLIC,2026-08-05T22:48:46.807946600Z,2026-08-05T22:49:54.110826Z,1,55275219,,55275219,55138264,9714ab5c3996f6cc,60,C:\Users\shiba\ptcc_pokemon_ai_buttle\data\runs\grimmsnarl\v18_teacher_55138264\episodes\90281494\replay\episode_90281494.json,,success,,
,16452116,Raihan,55177269,1151.0,55177269,90281499,COMPLETED,EPISODE_TYPE_PUBLIC,2026-08-05T22:48:46.808991200Z,2026-08-05T22:49:43.070629200Z,1,55165485,,55165485,55177269,9714ab5c3996f6cc,60,C:\Users\shiba\ptcc_pokemon_ai_buttle\data\runs\grimmsnarl\v18_teacher_55177269\episodes\90281499\replay\episode_90281499.json,,success,,
,16422241,Sixth Sense,55138264,1113.7,55138264,90281510,COMPLETED,EPISODE_TYPE_PUBLIC,2026-08-05T22:48:46.812845100Z,2026-08-05T22:49:57.175638600Z,0,55275219,,55138264,55275219,9714ab5c3996f6cc,60,C:\Users\shiba\ptcc_pokemon_ai_buttle\data\runs\grimmsnarl\v18_teacher_55138264\episodes\90281510\replay\episode_90281510.json,,success,,
,16452116,Raihan,55177269,1151.0,55177269,90282231,COMPLETED,EPISODE_TYPE_PUBLIC,2026-08-05T22:52:45.848901600Z,2026-08-05T22:53:25.751257500Z,1,55214482,,55214482,55177269,9714ab5c3996f6cc,60,C:\Users\shiba\ptcc_pokemon_ai_buttle\data\runs\grimmsnarl\v18_teacher_55177269\episodes\90282231\replay\episode_90282231.json,,success,,
,16422241,Sixth Sense,55138264,1113.7,55138264,90282233,COMPLETED,EPISODE_TYPE_PUBLIC,2026-08-05T22:52:45.851361400Z,2026-08-05T22:54:03.923573400Z,0,55278235,,55138264,55278235,9714ab5c3996f6cc,60,C:\Users\shiba\ptcc_pokemon_ai_buttle\data\runs\grimmsnarl\v18_teacher_55138264\episodes\90282233\replay\episode_90282233.json,,success,,
,16452116,Raihan,55177269,1151.0,55177269,90282940,COMPLETED,EPISODE_TYPE_PUBLIC,2026-08-05T22:56:45.756161800Z,2026-08-05T22:57:43.985294800Z,0,55248965,,55177269,55248965,9714ab5c3996f6cc,60,C:\Users\shiba\ptcc_pokemon_ai_buttle\data\runs\grimmsnarl\v18_teacher_55177269\episodes\90282940\replay\episode_90282940.json,,success,,
,16422241,Sixth Sense,55138264,1113.7,55138264,90282949,COMPLETED,EPISODE_TYPE_PUBLIC,2026-08-05T22:56:45.764337300Z,2026-08-05T22:57:40.637684Z,1,55157623,,55157623,55138264,9714ab5c3996f6cc,60,C:\Users\shiba\ptcc_pokemon_ai_buttle\data\runs\grimmsnarl\v18_teacher_55138264\episodes\90282949\replay\episode_90282949.json,,success,,
,16452116,Raihan,55177269,1151.0,55177269,90283658,COMPLETED,EPISODE_TYPE_PUBLIC,2026-08-05T23:00:46.301841700Z,2026-08-05T23:01:54.256733400Z,0,55248965,,55177269,55248965,9714ab5c3996f6cc,60,C:\Users\shiba\ptcc_pokemon_ai_buttle\data\runs\grimmsnarl\v18_teacher_55177269\episodes\90283658\replay\episode_90283658.json,,success,,
,16452116,Raihan,55177269,1151.0,55177269,90283660,COMPLETED,EPISODE_TYPE_PUBLIC,2026-08-05T23:00:46.303454700Z,2026-08-05T23:01:50.709789700Z,0,55244170,,55177269,55244170,9714ab5c3996f6cc,60,C:\Users\shiba\ptcc_pokemon_ai_buttle\data\runs\grimmsnarl\v18_teacher_55177269\episodes\90283660\replay\episode_90283660.json,,success,,
,16422241,Sixth Sense,55138264,1113.7,55138264,90283665,COMPLETED,EPISODE_TYPE_PUBLIC,2026-08-05T23:00:46.334458Z,2026-08-05T23:01:36.908281600Z,0,54934494,,55138264,54934494,9714ab5c3996f6cc,60,C:\Users\shiba\ptcc_pokemon_ai_buttle\data\runs\grimmsnarl\v18_teacher_55138264\episodes\90283665\replay\episode_90283665.json,,success,,
,16452116,Raihan,55177269,1151.0,55177269,90284380,COMPLETED,EPISODE_TYPE_PUBLIC,2026-08-05T23:04:46.357500400Z,2026-08-05T23:05:43.854671500Z,0,55185728,,55177269,55185728,9714ab5c3996f6cc,60,C:\Users\shiba\ptcc_pokemon_ai_buttle\data\runs\grimmsnarl\v18_teacher_55177269\episodes\90284380\replay\episode_90284380.json,,success,,
,16422241,Sixth Sense,55138264,1113.7,55138264,90284381,COMPLETED,EPISODE_TYPE_PUBLIC,2026-08-05T23:04:46.360690800Z,2026-08-05T23:06:06.844871300Z,0,55270332,,55138264,55270332,9714ab5c3996f6cc,60,C:\Users\shiba\ptcc_pokemon_ai_buttle\data\runs\grimmsnarl\v18_teacher_55138264\episodes\90284381\replay\episode_90284381.json,,success,,
,16561259,kd,55187358,1116.3,55187358,90284510,COMPLETED,EPISODE_TYPE_PUBLIC,2026-08-05T23:04:46.590206500Z,2026-08-05T23:07:12.081888200Z,0,55275287,,55187358,55275287,9714ab5c3996f6cc,60,C:\Users\shiba\ptcc_pokemon_ai_buttle\data\runs\grimmsnarl\v18_teacher_55187358\episodes\90284510\replay\episode_90284510.json,,success,,
,16422241,Sixth Sense,55138264,1113.7,55138264,90285152,COMPLETED,EPISODE_TYPE_PUBLIC,2026-08-05T23:08:46.662303900Z,2026-08-05T23:09:35.884935200Z,0,55094113,,55138264,55094113,9714ab5c3996f6cc,60,C:\Users\shiba\ptcc_pokemon_ai_buttle\data\runs\grimmsnarl\v18_teacher_55138264\episodes\90285152\replay\episode_90285152.json,,success,,
,16452116,Raihan,55177269,1151.0,55177269,90285162,COMPLETED,EPISODE_TYPE_PUBLIC,2026-08-05T23:08:46.667217100Z,2026-08-05T23:09:40.227755900Z,1,55280368,,55280368,55177269,9714ab5c3996f6cc,60,C:\Users\shiba\ptcc_pokemon_ai_buttle\data\runs\grimmsnarl\v18_teacher_55177269\episodes\90285162\replay\episode_90285162.json,,success,,
,16422241,Sixth Sense,55138264,1113.7,55138264,90285164,COMPLETED,EPISODE_TYPE_PUBLIC,2026-08-05T23:08:46.667576Z,2026-08-05T23:10:21.149280900Z,1,55184021,,55184021,55138264,9714ab5c3996f6cc,60,C:\Users\shiba\ptcc_pokemon_ai_buttle\data\runs\grimmsnarl\v18_teacher_55138264\episodes\90285164\replay\episode_90285164.json,,success,,
,16561259,kd,55187358,1116.3,55187358,90285277,COMPLETED,EPISODE_TYPE_PUBLIC,2026-08-05T23:08:46.831988900Z,2026-08-05T23:12:01.357750900Z,0,55274382,,55187358,55274382,9714ab5c3996f6cc,60,C:\Users\shiba\ptcc_pokemon_ai_buttle\data\runs\grimmsnarl\v18_teacher_55187358\episodes\90285277\replay\episode_90285277.json,,success,,
,16452116,Raihan,55177269,1151.0,55177269,90285285,COMPLETED,EPISODE_TYPE_PUBLIC,2026-08-05T23:08:46.836841500Z,2026-08-05T23:09:38.041645500Z,1,55230940,,55230940,55177269,9714ab5c3996f6cc,60,C:\Users\shiba\ptcc_pokemon_ai_buttle\data\runs\grimmsnarl\v18_teacher_55177269\episodes\90285285\replay\episode_90285285.json,,success,,
,16452116,Raihan,55177269,1151.0,55177269,90285853,COMPLETED,EPISODE_TYPE_PUBLIC,2026-08-05T23:12:46.079263Z,2026-08-05T23:13:30.231118400Z,1,55175954,,55175954,55177269,9714ab5c3996f6cc,60,C:\Users\shiba\ptcc_pokemon_ai_buttle\data\runs\grimmsnarl\v18_teacher_55177269\episodes\90285853\replay\episode_90285853.json,,success,,
,16422241,Sixth Sense,55138264,1113.7,55138264,90285859,COMPLETED,EPISODE_TYPE_PUBLIC,2026-08-05T23:12:46.086774300Z,2026-08-05T23:14:27.776665400Z,1,55271345,,55271345,55138264,9714ab5c3996f6cc,60,C:\Users\shiba\ptcc_pokemon_ai_buttle\data\runs\grimmsnarl\v18_teacher_55138264\episodes\90285859\replay\episode_90285859.json,,success,,
,16422241,Sixth Sense,55138264,1113.7,55138264,90285879,COMPLETED,EPISODE_TYPE_PUBLIC,2026-08-05T23:12:45.621001800Z,2026-08-05T23:15:10.114371200Z,0,55184021,,55138264,55184021,9714ab5c3996f6cc,60,C:\Users\shiba\ptcc_pokemon_ai_buttle\data\runs\grimmsnarl\v18_teacher_55138264\episodes\90285879\replay\episode_90285879.json,,success,,
,16452116,Raihan,55177269,1151.0,55177269,90286543,COMPLETED,EPISODE_TYPE_PUBLIC,2026-08-05T23:16:47.694316200Z,2026-08-05T23:17:49.482236500Z,1,55248965,,55248965,55177269,9714ab5c3996f6cc,60,C:\Users\shiba\ptcc_pokemon_ai_buttle\data\runs\grimmsnarl\v18_teacher_55177269\episodes\90286543\replay\episode_90286543.json,,success,,
,16452116,Raihan,55177269,1151.0,55177269,90286548,COMPLETED,EPISODE_TYPE_PUBLIC,2026-08-05T23:16:47.700240200Z,2026-08-05T23:17:40.921440900Z,1,55198468,,55198468,55177269,9714ab5c3996f6cc,60,C:\Users\shiba\ptcc_pokemon_ai_buttle\data\runs\grimmsnarl\v18_teacher_55177269\episodes\90286548\replay\episode_90286548.json,,success,,
,16422241,Sixth Sense,55138264,1113.7,55138264,90286551,COMPLETED,EPISODE_TYPE_PUBLIC,2026-08-05T23:16:47.706056400Z,2026-08-05T23:17:37.103208300Z,1,55278235,,55278235,55138264,9714ab5c3996f6cc,60,C:\Users\shiba\ptcc_pokemon_ai_buttle\data\runs\grimmsnarl\v18_teacher_55138264\episodes\90286551\replay\episode_90286551.json,,success,,
,16452116,Raihan,55177269,1151.0,55177269,90287266,COMPLETED,EPISODE_TYPE_PUBLIC,2026-08-05T23:20:45.875489600Z,2026-08-05T23:22:39.789552200Z,0,55270652,,55177269,55270652,9714ab5c3996f6cc,60,C:\Users\shiba\ptcc_pokemon_ai_buttle\data\runs\grimmsnarl\v18_teacher_55177269\episodes\90287266\replay\episode_90287266.json,,success,,
,16422241,Sixth Sense,55138264,1113.7,55138264,90287274,COMPLETED,EPISODE_TYPE_PUBLIC,2026-08-05T23:20:45.883374Z,2026-08-05T23:22:20.898194400Z,0,55265345,,55138264,55265345,9714ab5c3996f6cc,60,C:\Users\shiba\ptcc_pokemon_ai_buttle\data\runs\grimmsnarl\v18_teacher_55138264\episodes\90287274\replay\episode_90287274.json,,success,,
,16561259,kd,55187358,1116.3,55187358,90287430,COMPLETED,EPISODE_TYPE_PUBLIC,2026-08-05T23:20:46.153741200Z,2026-08-05T23:22:44.188116Z,1,55107167,,55107167,55187358,9714ab5c3996f6cc,60,C:\Users\shiba\ptcc_pokemon_ai_buttle\data\runs\grimmsnarl\v18_teacher_55187358\episodes\90287430\replay\episode_90287430.json,,success,,
,16452116,Raihan,55177269,1151.0,55177269,90287892,COMPLETED,EPISODE_TYPE_PUBLIC,2026-08-05T23:24:46.399810600Z,2026-08-05T23:25:38.367634100Z,0,55275287,,55177269,55275287,9714ab5c3996f6cc,60,C:\Users\shiba\ptcc_pokemon_ai_buttle\data\runs\grimmsnarl\v18_teacher_55177269\episodes\90287892\replay\episode_90287892.json,,success,,
,16561259,kd,55187358,1116.3,55187358,90287982,COMPLETED,EPISODE_TYPE_PUBLIC,2026-08-05T23:24:46.536925600Z,2026-08-05T23:27:42.466498500Z,0,55228079,,55187358,55228079,9714ab5c3996f6cc,60,C:\Users\shiba\ptcc_pokemon_ai_buttle\data\runs\grimmsnarl\v18_teacher_55187358\episodes\90287982\replay\episode_90287982.json,,success,,
,16422241,Sixth Sense,55138264,1113.7,55138264,90288074,COMPLETED,EPISODE_TYPE_PUBLIC,2026-08-05T23:24:46.650833400Z,2026-08-05T23:26:06.971906400Z,1,55184160,,55184160,55138264,9714ab5c3996f6cc,60,C:\Users\shiba\ptcc_pokemon_ai_buttle\data\runs\grimmsnarl\v18_teacher_55138264\episodes\90288074\replay\episode_90288074.json,,success,,
,16422241,Sixth Sense,55138264,1113.7,55138264,90288532,COMPLETED,EPISODE_TYPE_PUBLIC,2026-08-05T23:28:46.725836900Z,2026-08-05T23:29:43.197465200Z,0,55157510,,55138264,55157510,9714ab5c3996f6cc,60,C:\Users\shiba\ptcc_pokemon_ai_buttle\data\runs\grimmsnarl\v18_teacher_55138264\episodes\90288532\replay\episode_90288532.json,,success,,
,16452116,Raihan,55177269,1151.0,55177269,90288686,COMPLETED,EPISODE_TYPE_PUBLIC,2026-08-05T23:28:47.151893400Z,2026-08-05T23:33:08.419137800Z,1,55261261,,55261261,55177269,9714ab5c3996f6cc,60,C:\Users\shiba\ptcc_pokemon_ai_buttle\data\runs\grimmsnarl\v18_teacher_55177269\episodes\90288686\replay\episode_90288686.json,,success,,
,16561259,kd,55187358,1116.3,55187358,90288765,COMPLETED,EPISODE_TYPE_PUBLIC,2026-08-05T23:28:47.269331300Z,2026-08-05T23:31:49.208015300Z,0,55265345,,55187358,55265345,9714ab5c3996f6cc,60,C:\Users\shiba\ptcc_pokemon_ai_buttle\data\runs\grimmsnarl\v18_teacher_55187358\episodes\90288765\replay\episode_90288765.json,,success,,
,16422241,Sixth Sense,55138264,1113.7,55138264,90288822,COMPLETED,EPISODE_TYPE_PUBLIC,2026-08-05T23:28:46.874136600Z,2026-08-05T23:29:41.531944Z,1,55184624,,55184624,55138264,9714ab5c3996f6cc,60,C:\Users\shiba\ptcc_pokemon_ai_buttle\data\runs\grimmsnarl\v18_teacher_55138264\episodes\90288822\replay\episode_90288822.json,,success,,
,16452116,Raihan,55177269,1151.0,55177269,90289425,COMPLETED,EPISODE_TYPE_PUBLIC,2026-08-05T23:32:45.885351700Z,2026-08-05T23:34:02.774878700Z,1,55248965,,55248965,55177269,9714ab5c3996f6cc,60,C:\Users\shiba\ptcc_pokemon_ai_buttle\data\runs\grimmsnarl\v18_teacher_55177269\episodes\90289425\replay\episode_90289425.json,,success,,
,16452116,Raihan,55177269,1151.0,55177269,90289431,COMPLETED,EPISODE_TYPE_PUBLIC,2026-08-05T23:32:45.891879600Z,2026-08-05T23:33:58.348713700Z,0,55274772,,55177269,55274772,9714ab5c3996f6cc,60,C:\Users\shiba\ptcc_pokemon_ai_buttle\data\runs\grimmsnarl\v18_teacher_55177269\episodes\90289431\replay\episode_90289431.json,,success,,
,16422241,Sixth Sense,55138264,1113.7,55138264,90289435,COMPLETED,EPISODE_TYPE_PUBLIC,2026-08-05T23:32:45.896392800Z,2026-08-05T23:35:29.047970400Z,0,55237146,,55138264,55237146,9714ab5c3996f6cc,60,C:\Users\shiba\ptcc_pokemon_ai_buttle\data\runs\grimmsnarl\v18_teacher_55138264\episodes\90289435\replay\episode_90289435.json,,success,,
,16561259,kd,55187358,1116.3,55187358,90289572,COMPLETED,EPISODE_TYPE_PUBLIC,2026-08-05T23:32:46.094011300Z,2026-08-05T23:35:35.609906900Z,1,55270332,,55270332,55187358,9714ab5c3996f6cc,60,C:\Users\shiba\ptcc_pokemon_ai_buttle\data\runs\grimmsnarl\v18_teacher_55187358\episodes\90289572\replay\episode_90289572.json,,success,,
,16452116,Raihan,55177269,1151.0,55177269,90290111,COMPLETED,EPISODE_TYPE_PUBLIC,2026-08-05T23:36:45.827477400Z,2026-08-05T23:37:48.511537700Z,0,55198468,,55177269,55198468,9714ab5c3996f6cc,60,C:\Users\shiba\ptcc_pokemon_ai_buttle\data\runs\grimmsnarl\v18_teacher_55177269\episodes\90290111\replay\episode_90290111.json,,success,,
,16452116,Raihan,55177269,1151.0,55177269,90290112,COMPLETED,EPISODE_TYPE_PUBLIC,2026-08-05T23:36:45.872268800Z,2026-08-05T23:38:29.126064200Z,1,55184021,,55184021,55177269,9714ab5c3996f6cc,60,C:\Users\shiba\ptcc_pokemon_ai_buttle\data\runs\grimmsnarl\v18_teacher_55177269\episodes\90290112\replay\episode_90290112.json,,success,,
,16422241,Sixth Sense,55138264,1113.7,55138264,90290229,COMPLETED,EPISODE_TYPE_PUBLIC,2026-08-05T23:36:46.080445900Z,2026-08-05T23:37:58.664781Z,0,55267977,,55138264,55267977,9714ab5c3996f6cc,60,C:\Users\shiba\ptcc_pokemon_ai_buttle\data\runs\grimmsnarl\v18_teacher_55138264\episodes\90290229\replay\episode_90290229.json,,success,,
,16561259,kd,55187358,1116.3,55187358,90290278,COMPLETED,EPISODE_TYPE_PUBLIC,2026-08-05T23:36:46.153814400Z,2026-08-05T23:45:34.754885500Z,1,55190405,,55190405,55187358,9714ab5c3996f6cc,60,C:\Users\shiba\ptcc_pokemon_ai_buttle\data\runs\grimmsnarl\v18_teacher_55187358\episodes\90290278\replay\episode_90290278.json,,success,,
,16422241,Sixth Sense,55138264,1113.7,55138264,90290862,COMPLETED,EPISODE_TYPE_PUBLIC,2026-08-05T23:40:45.793713800Z,2026-08-05T23:41:41.467859Z,0,55275219,,55138264,55275219,9714ab5c3996f6cc,60,C:\Users\shiba\ptcc_pokemon_ai_buttle\data\runs\grimmsnarl\v18_teacher_55138264\episodes\90290862\replay\episode_90290862.json,,success,,
,16452116,Raihan,55177269,1151.0,55177269,90290864,COMPLETED,EPISODE_TYPE_PUBLIC,2026-08-05T23:40:45.796264600Z,2026-08-05T23:41:54.735643600Z,0,55275219,,55177269,55275219,9714ab5c3996f6cc,60,C:\Users\shiba\ptcc_pokemon_ai_buttle\data\runs\grimmsnarl\v18_teacher_55177269\episodes\90290864\replay\episode_90290864.json,,success,,
,16422241,Sixth Sense,55138264,1113.7,55138264,90290873,COMPLETED,EPISODE_TYPE_PUBLIC,2026-08-05T23:40:45.861956800Z,2026-08-05T23:41:46.154723500Z,1,55175954,,55175954,55138264,9714ab5c3996f6cc,60,C:\Users\shiba\ptcc_pokemon_ai_buttle\data\runs\grimmsnarl\v18_teacher_55138264\episodes\90290873\replay\episode_90290873.json,,success,,
,16561259,kd,55187358,1116.3,55187358,90290943,COMPLETED,EPISODE_TYPE_PUBLIC,2026-08-05T23:40:45.964690900Z,2026-08-05T23:43:19.173583200Z,0,55250753,,55187358,55250753,9714ab5c3996f6cc,60,C:\Users\shiba\ptcc_pokemon_ai_buttle\data\runs\grimmsnarl\v18_teacher_55187358\episodes\90290943\replay\episode_90290943.json,,success,,
,16422241,Sixth Sense,55138264,1113.7,55138264,90291470,COMPLETED,EPISODE_TYPE_PUBLIC,2026-08-05T23:44:45.579007900Z,2026-08-05T23:45:49.422008500Z,1,55281885,,55281885,55138264,9714ab5c3996f6cc,60,C:\Users\shiba\ptcc_pokemon_ai_buttle\data\runs\grimmsnarl\v18_teacher_55138264\episodes\90291470\replay\episode_90291470.json,,success,,
,16561259,kd,55187358,1116.3,55187358,90291597,COMPLETED,EPISODE_TYPE_PUBLIC,2026-08-05T23:44:45.755169400Z,2026-08-05T23:47:12.687849100Z,0,55177269,,55187358,55177269,9714ab5c3996f6cc,60,C:\Users\shiba\ptcc_pokemon_ai_buttle\data\runs\grimmsnarl\v18_teacher_55187358\episodes\90291597\replay\episode_90291597.json,,success,,
,16452116,Raihan,55177269,1151.0,55177269,90291597,COMPLETED,EPISODE_TYPE_PUBLIC,2026-08-05T23:44:45.755169400Z,2026-08-05T23:47:12.687849100Z,1,55187358,,55187358,55177269,9714ab5c3996f6cc,60,C:\Users\shiba\ptcc_pokemon_ai_buttle\data\runs\grimmsnarl\v18_teacher_55177269\episodes\90291597\replay\episode_90291597.json,,success,,
,16422241,Sixth Sense,55138264,1113.7,55138264,90291603,COMPLETED,EPISODE_TYPE_PUBLIC,2026-08-05T23:44:45.759586800Z,2026-08-05T23:46:12.271290400Z,0,55202823,,55138264,55202823,9714ab5c3996f6cc,60,C:\Users\shiba\ptcc_pokemon_ai_buttle\data\runs\grimmsnarl\v18_teacher_55138264\episodes\90291603\replay\episode_90291603.json,,success,,
,16561259,kd,55187358,1116.3,55187358,90291652,COMPLETED,EPISODE_TYPE_PUBLIC,2026-08-05T23:44:45.834631200Z,2026-08-05T23:49:19.476741700Z,0,55281885,,55187358,55281885,9714ab5c3996f6cc,60,C:\Users\shiba\ptcc_pokemon_ai_buttle\data\runs\grimmsnarl\v18_teacher_55187358\episodes\90291652\replay\episode_90291652.json,,success,,
,16452116,Raihan,55177269,1151.0,55177269,90292326,COMPLETED,EPISODE_TYPE_PUBLIC,2026-08-05T23:48:46.963048400Z,2026-08-05T23:50:26.505783700Z,0,55265345,,55177269,55265345,9714ab5c3996f6cc,60,C:\Users\shiba\ptcc_pokemon_ai_buttle\data\runs\grimmsnarl\v18_teacher_55177269\episodes\90292326\replay\episode_90292326.json,,success,,
,16561259,kd,55187358,1116.3,55187358,90292336,COMPLETED,EPISODE_TYPE_PUBLIC,2026-08-05T23:48:46.222306800Z,2026-08-05T23:51:35.050875100Z,0,55184624,,55187358,55184624,9714ab5c3996f6cc,60,C:\Users\shiba\ptcc_pokemon_ai_buttle\data\runs\grimmsnarl\v18_teacher_55187358\episodes\90292336\replay\episode_90292336.json,,success,,
,16422241,Sixth Sense,55138264,1113.7,55138264,90292355,COMPLETED,EPISODE_TYPE_PUBLIC,2026-08-05T23:48:46.965374900Z,2026-08-05T23:50:23.559026100Z,0,55265345,,55138264,55265345,9714ab5c3996f6cc,60,C:\Users\shiba\ptcc_pokemon_ai_buttle\data\runs\grimmsnarl\v18_teacher_55138264\episodes\90292355\replay\episode_90292355.json,,success,,
,16452116,Raihan,55177269,1151.0,55177269,90293055,COMPLETED,EPISODE_TYPE_PUBLIC,2026-08-05T23:52:46.051428400Z,2026-08-05T23:53:48.431319100Z,1,55175954,,55175954,55177269,9714ab5c3996f6cc,60,C:\Users\shiba\ptcc_pokemon_ai_buttle\data\runs\grimmsnarl\v18_teacher_55177269\episodes\90293055\replay\episode_90293055.json,,success,,
,16422241,Sixth Sense,55138264,1113.7,55138264,90293061,COMPLETED,EPISODE_TYPE_PUBLIC,2026-08-05T23:52:46.057019400Z,2026-08-05T23:57:34.359723700Z,0,55245607,,55138264,55245607,9714ab5c3996f6cc,60,C:\Users\shiba\ptcc_pokemon_ai_buttle\data\runs\grimmsnarl\v18_teacher_55138264\episodes\90293061\replay\episode_90293061.json,,success,,
,16422241,Sixth Sense,55138264,1113.7,55138264,90293063,COMPLETED,EPISODE_TYPE_PUBLIC,2026-08-05T23:52:46.058994100Z,2026-08-05T23:53:47.856437500Z,0,55278240,,55138264,55278240,9714ab5c3996f6cc,60,C:\Users\shiba\ptcc_pokemon_ai_buttle\data\runs\grimmsnarl\v18_teacher_55138264\episodes\90293063\replay\episode_90293063.json,,success,,
,16561259,kd,55187358,1116.3,55187358,90293086,COMPLETED,EPISODE_TYPE_PUBLIC,2026-08-05T23:52:46.085791800Z,2026-08-05T23:59:28.266099100Z,0,55237146,,55187358,55237146,9714ab5c3996f6cc,60,C:\Users\shiba\ptcc_pokemon_ai_buttle\data\runs\grimmsnarl\v18_teacher_55187358\episodes\90293086\replay\episode_90293086.json,,success,,
,16452116,Raihan,55177269,1151.0,55177269,90293786,COMPLETED,EPISODE_TYPE_PUBLIC,2026-08-05T23:56:45.682351600Z,2026-08-05T23:57:41.905468900Z,1,55275602,,55275602,55177269,9714ab5c3996f6cc,60,C:\Users\shiba\ptcc_pokemon_ai_buttle\data\runs\grimmsnarl\v18_teacher_55177269\episodes\90293786\replay\episode_90293786.json,,success,,
,16422241,Sixth Sense,55138264,1113.7,55138264,90293794,COMPLETED,EPISODE_TYPE_PUBLIC,2026-08-05T23:56:45.691813800Z,2026-08-05T23:58:36.105471600Z,1,55184021,,55184021,55138264,9714ab5c3996f6cc,60,C:\Users\shiba\ptcc_pokemon_ai_buttle\data\runs\grimmsnarl\v18_teacher_55138264\episodes\90293794\replay\episode_90293794.json,,success,,
,16561259,kd,55187358,1116.3,55187358,90293819,COMPLETED,EPISODE_TYPE_PUBLIC,2026-08-05T23:56:45.746835200Z,2026-08-06T00:06:51.335003200Z,1,55277931,,55277931,55187358,9714ab5c3996f6cc,60,C:\Users\shiba\ptcc_pokemon_ai_buttle\data\runs\grimmsnarl\v18_teacher_55187358\episodes\90293819\replay\episode_90293819.json,,success,,
,16422241,Sixth Sense,55138264,1113.7,55138264,90294532,COMPLETED,EPISODE_TYPE_PUBLIC,2026-08-06T00:00:46.342855500Z,2026-08-06T00:01:49.343995300Z,0,55177269,,55138264,55177269,9714ab5c3996f6cc,60,C:\Users\shiba\ptcc_pokemon_ai_buttle\data\runs\grimmsnarl\v18_teacher_55138264\episodes\90294532\replay\episode_90294532.json,,success,,
,16452116,Raihan,55177269,1151.0,55177269,90294532,COMPLETED,EPISODE_TYPE_PUBLIC,2026-08-06T00:00:46.342855500Z,2026-08-06T00:01:49.343995300Z,1,55138264,,55138264,55177269,9714ab5c3996f6cc,60,C:\Users\shiba\ptcc_pokemon_ai_buttle\data\runs\grimmsnarl\v18_teacher_55177269\episodes\90294532\replay\episode_90294532.json,,success,,
,16422241,Sixth Sense,55138264,1113.7,55138264,90294536,COMPLETED,EPISODE_TYPE_PUBLIC,2026-08-06T00:00:46.346598900Z,2026-08-06T00:01:40.204090100Z,1,54145710,,54145710,55138264,9714ab5c3996f6cc,60,C:\Users\shiba\ptcc_pokemon_ai_buttle\data\runs\grimmsnarl\v18_teacher_55138264\episodes\90294536\replay\episode_90294536.json,,success,,
,16561259,kd,55187358,1116.3,55187358,90294549,COMPLETED,EPISODE_TYPE_PUBLIC,2026-08-06T00:00:46.361813Z,2026-08-06T00:02:26.285176100Z,1,55278240,,55278240,55187358,9714ab5c3996f6cc,60,C:\Users\shiba\ptcc_pokemon_ai_buttle\data\runs\grimmsnarl\v18_teacher_55187358\episodes\90294549\replay\episode_90294549.json,,success,,
,16561259,kd,55187358,1116.3,55187358,90294553,COMPLETED,EPISODE_TYPE_PUBLIC,2026-08-06T00:00:46.367341800Z,2026-08-06T00:02:47.357568Z,1,55068391,,55068391,55187358,9714ab5c3996f6cc,60,C:\Users\shiba\ptcc_pokemon_ai_buttle\data\runs\grimmsnarl\v18_teacher_55187358\episodes\90294553\replay\episode_90294553.json,,success,,
,16422241,Sixth Sense,55138264,1113.7,55138264,90295324,COMPLETED,EPISODE_TYPE_PUBLIC,2026-08-06T00:04:46.170291600Z,2026-08-06T00:05:41.866386100Z,0,55275471,,55138264,55275471,9714ab5c3996f6cc,60,C:\Users\shiba\ptcc_pokemon_ai_buttle\data\runs\grimmsnarl\v18_teacher_55138264\episodes\90295324\replay\episode_90295324.json,,success,,
,16452116,Raihan,55177269,1151.0,55177269,90295336,COMPLETED,EPISODE_TYPE_PUBLIC,2026-08-06T00:04:46.177861600Z,2026-08-06T00:05:53.613255800Z,1,55215429,,55215429,55177269,9714ab5c3996f6cc,60,C:\Users\shiba\ptcc_pokemon_ai_buttle\data\runs\grimmsnarl\v18_teacher_55177269\episodes\90295336\replay\episode_90295336.json,,success,,
,16561259,kd,55187358,1116.3,55187358,90295371,COMPLETED,EPISODE_TYPE_PUBLIC,2026-08-06T00:04:46.256300200Z,2026-08-06T00:07:33.194760800Z,0,55248957,,55187358,55248957,9714ab5c3996f6cc,60,C:\Users\shiba\ptcc_pokemon_ai_buttle\data\runs\grimmsnarl\v18_teacher_55187358\episodes\90295371\replay\episode_90295371.json,,success,,
,16452116,Raihan,55177269,1151.0,55177269,90296065,COMPLETED,EPISODE_TYPE_PUBLIC,2026-08-06T00:08:46.663751900Z,2026-08-06T00:09:39.706947900Z,1,55275219,,55275219,55177269,9714ab5c3996f6cc,60,C:\Users\shiba\ptcc_pokemon_ai_buttle\data\runs\grimmsnarl\v18_teacher_55177269\episodes\90296065\replay\episode_90296065.json,,success,,
,16422241,Sixth Sense,55138264,1113.7,55138264,90296081,COMPLETED,EPISODE_TYPE_PUBLIC,2026-08-06T00:08:46.681590700Z,2026-08-06T00:10:03.908031Z,1,55278240,,55278240,55138264,9714ab5c3996f6cc,60,C:\Users\shiba\ptcc_pokemon_ai_buttle\data\runs\grimmsnarl\v18_teacher_55138264\episodes\90296081\replay\episode_90296081.json,,success,,
,16452116,Raihan,55177269,1151.0,55177269,90296084,COMPLETED,EPISODE_TYPE_PUBLIC,2026-08-06T00:08:46.747183900Z,2026-08-06T00:09:51.883302200Z,0,55275287,,55177269,55275287,9714ab5c3996f6cc,60,C:\Users\shiba\ptcc_pokemon_ai_buttle\data\runs\grimmsnarl\v18_teacher_55177269\episodes\90296084\replay\episode_90296084.json,,success,,
,16561259,kd,55187358,1116.3,55187358,90296144,COMPLETED,EPISODE_TYPE_PUBLIC,2026-08-06T00:08:46.853403900Z,2026-08-06T00:12:37.818467500Z,1,55262913,,55262913,55187358,9714ab5c3996f6cc,60,C:\Users\shiba\ptcc_pokemon_ai_buttle\data\runs\grimmsnarl\v18_teacher_55187358\episodes\90296144\replay\episode_90296144.json,,success,,
,16422241,Sixth Sense,55138264,1113.7,55138264,90296806,COMPLETED,EPISODE_TYPE_PUBLIC,2026-08-06T00:12:46.436779800Z,2026-08-06T00:13:29.142572Z,0,53969048,,55138264,53969048,9714ab5c3996f6cc,60,C:\Users\shiba\ptcc_pokemon_ai_buttle\data\runs\grimmsnarl\v18_teacher_55138264\episodes\90296806\replay\episode_90296806.json,,success,,
,16452116,Raihan,55177269,1151.0,55177269,90296809,COMPLETED,EPISODE_TYPE_PUBLIC,2026-08-06T00:12:46.439494200Z,2026-08-06T00:13:55.042907Z,0,55175954,,55177269,55175954,9714ab5c3996f6cc,60,C:\Users\shiba\ptcc_pokemon_ai_buttle\data\runs\grimmsnarl\v18_teacher_55177269\episodes\90296809\replay\episode_90296809.json,,success,,
,16422241,Sixth Sense,55138264,1113.7,55138264,90296825,COMPLETED,EPISODE_TYPE_PUBLIC,2026-08-06T00:12:46.455438300Z,2026-08-06T00:23:04.810685900Z,1,55277931,,55277931,55138264,9714ab5c3996f6cc,60,C:\Users\shiba\ptcc_pokemon_ai_buttle\data\runs\grimmsnarl\v18_teacher_55138264\episodes\90296825\replay\episode_90296825.json,,success,,
,16561259,kd,55187358,1116.3,55187358,90296852,COMPLETED,EPISODE_TYPE_PUBLIC,2026-08-06T00:12:46.485256400Z,2026-08-06T00:15:22.659234100Z,1,55267977,,55267977,55187358,9714ab5c3996f6cc,60,C:\Users\shiba\ptcc_pokemon_ai_buttle\data\runs\grimmsnarl\v18_teacher_55187358\episodes\90296852\replay\episode_90296852.json,,success,,
,16561259,kd,55187358,1116.3,55187358,90296879,COMPLETED,EPISODE_TYPE_PUBLIC,2026-08-06T00:12:46.534829800Z,2026-08-06T00:15:42.617105200Z,1,55157510,,55157510,55187358,9714ab5c3996f6cc,60,C:\Users\shiba\ptcc_pokemon_ai_buttle\data\runs\grimmsnarl\v18_teacher_55187358\episodes\90296879\replay\episode_90296879.json,,success,,
,16561259,kd,55187358,1116.3,55187358,90297530,COMPLETED,EPISODE_TYPE_PUBLIC,2026-08-06T00:16:45.888872600Z,2026-08-06T00:19:08.017662700Z,0,55275219,,55187358,55275219,9714ab5c3996f6cc,60,C:\Users\shiba\ptcc_pokemon_ai_buttle\data\runs\grimmsnarl\v18_teacher_55187358\episodes\90297530\replay\episode_90297530.json,,success,,
,16452116,Raihan,55177269,1151.0,55177269,90297538,COMPLETED,EPISODE_TYPE_PUBLIC,2026-08-06T00:16:45.898708700Z,2026-08-06T00:17:49.075661400Z,1,54037124,,54037124,55177269,9714ab5c3996f6cc,60,C:\Users\shiba\ptcc_pokemon_ai_buttle\data\runs\grimmsnarl\v18_teacher_55177269\episodes\90297538\replay\episode_90297538.json,,success,,
,16422241,Sixth Sense,55138264,1113.7,55138264,90297547,COMPLETED,EPISODE_TYPE_PUBLIC,2026-08-06T00:16:45.897399200Z,2026-08-06T00:17:39.077348100Z,1,55214482,,55214482,55138264,9714ab5c3996f6cc,60,C:\Users\shiba\ptcc_pokemon_ai_buttle\data\runs\grimmsnarl\v18_teacher_55138264\episodes\90297547\replay\episode_90297547.json,,success,,
,16422241,Sixth Sense,55138264,1113.7,55138264,90298274,COMPLETED,EPISODE_TYPE_PUBLIC,2026-08-06T00:20:45.891577500Z,2026-08-06T00:21:52.598498100Z,1,55230940,,55230940,55138264,9714ab5c3996f6cc,60,C:\Users\shiba\ptcc_pokemon_ai_buttle\data\runs\grimmsnarl\v18_teacher_55138264\episodes\90298274\replay\episode_90298274.json,,success,,
,16452116,Raihan,55177269,1151.0,55177269,90298275,COMPLETED,EPISODE_TYPE_PUBLIC,2026-08-06T00:20:45.893534900Z,2026-08-06T00:22:29.196929900Z,1,55265345,,55265345,55177269,9714ab5c3996f6cc,60,C:\Users\shiba\ptcc_pokemon_ai_buttle\data\runs\grimmsnarl\v18_teacher_55177269\episodes\90298275\replay\episode_90298275.json,,success,,
,16422241,Sixth Sense,55138264,1113.7,55138264,90298970,COMPLETED,EPISODE_TYPE_PUBLIC,2026-08-06T00:24:46.251087Z,2026-08-06T00:25:42.141094Z,1,55275219,,55275219,55138264,9714ab5c3996f6cc,60,C:\Users\shiba\ptcc_pokemon_ai_buttle\data\runs\grimmsnarl\v18_teacher_55138264\episodes\90298970\replay\episode_90298970.json,,success,,
,16452116,Raihan,55177269,1151.0,55177269,90298974,COMPLETED,EPISODE_TYPE_PUBLIC,2026-08-06T00:24:46.254609200Z,2026-08-06T00:27:40.948978200Z,0,55255892,,55177269,55255892,9714ab5c3996f6cc,60,C:\Users\shiba\ptcc_pokemon_ai_buttle\data\runs\grimmsnarl\v18_teacher_55177269\episodes\90298974\replay\episode_90298974.json,,success,,
,16561259,kd,55187358,1116.3,55187358,90298976,COMPLETED,EPISODE_TYPE_PUBLIC,2026-08-06T00:24:46.262863100Z,2026-08-06T00:26:56.240891100Z,1,55278240,,55278240,55187358,9714ab5c3996f6cc,60,C:\Users\shiba\ptcc_pokemon_ai_buttle\data\runs\grimmsnarl\v18_teacher_55187358\episodes\90298976\replay\episode_90298976.json,,success,,
,16422241,Sixth Sense,55138264,1113.7,55138264,90299718,COMPLETED,EPISODE_TYPE_PUBLIC,2026-08-06T00:28:46.875260200Z,2026-08-06T00:30:05.263657700Z,0,55265345,,55138264,55265345,9714ab5c3996f6cc,60,C:\Users\shiba\ptcc_pokemon_ai_buttle\data\runs\grimmsnarl\v18_teacher_55138264\episodes\90299718\replay\episode_90299718.json,,success,,
,16452116,Raihan,55177269,1151.0,55177269,90299782,COMPLETED,EPISODE_TYPE_PUBLIC,2026-08-06T00:28:46.881443200Z,2026-08-06T00:38:34.952789700Z,0,55265904,,55177269,55265904,9714ab5c3996f6cc,60,C:\Users\shiba\ptcc_pokemon_ai_buttle\data\runs\grimmsnarl\v18_teacher_55177269\episodes\90299782\replay\episode_90299782.json,,success,,
,16422241,Sixth Sense,55138264,1113.7,55138264,90300458,COMPLETED,EPISODE_TYPE_PUBLIC,2026-08-06T00:32:46.268721300Z,2026-08-06T00:33:46.295080100Z,1,55275219,,55275219,55138264,9714ab5c3996f6cc,60,C:\Users\shiba\ptcc_pokemon_ai_buttle\data\runs\grimmsnarl\v18_teacher_55138264\episodes\90300458\replay\episode_90300458.json,,success,,
,16452116,Raihan,55177269,1151.0,55177269,90300465,COMPLETED,EPISODE_TYPE_PUBLIC,2026-08-06T00:32:46.277447700Z,2026-08-06T00:36:12.073899Z,1,55184021,,55184021,55177269,9714ab5c3996f6cc,60,C:\Users\shiba\ptcc_pokemon_ai_buttle\data\runs\grimmsnarl\v18_teacher_55177269\episodes\90300465\replay\episode_90300465.json,,success,,
,16452116,Raihan,55177269,1151.0,55177269,90300468,COMPLETED,EPISODE_TYPE_PUBLIC,2026-08-06T00:32:46.282925900Z,2026-08-06T00:34:07.401410200Z,1,55248965,,55248965,55177269,9714ab5c3996f6cc,60,C:\Users\shiba\ptcc_pokemon_ai_buttle\data\runs\grimmsnarl\v18_teacher_55177269\episodes\90300468\replay\episode_90300468.json,,success,,
,16422241,Sixth Sense,55138264,1113.7,55138264,90300471,COMPLETED,EPISODE_TYPE_PUBLIC,2026-08-06T00:32:46.284265500Z,2026-08-06T00:33:38.059327400Z,0,55282958,,55138264,55282958,9714ab5c3996f6cc,60,C:\Users\shiba\ptcc_pokemon_ai_buttle\data\runs\grimmsnarl\v18_teacher_55138264\episodes\90300471\replay\episode_90300471.json,,success,,
,16452116,Raihan,55177269,1151.0,55177269,90301206,COMPLETED,EPISODE_TYPE_PUBLIC,2026-08-06T00:36:46.382406800Z,2026-08-06T00:37:40.037530600Z,0,55114043,,55177269,55114043,9714ab5c3996f6cc,60,C:\Users\shiba\ptcc_pokemon_ai_buttle\data\runs\grimmsnarl\v18_teacher_55177269\episodes\90301206\replay\episode_90301206.json,,success,,
,16422241,Sixth Sense,55138264,1113.7,55138264,90301223,COMPLETED,EPISODE_TYPE_PUBLIC,2026-08-06T00:36:46.451077600Z,2026-08-06T00:38:20.528015100Z,0,55248965,,55138264,55248965,9714ab5c3996f6cc,60,C:\Users\shiba\ptcc_pokemon_ai_buttle\data\runs\grimmsnarl\v18_teacher_55138264\episodes\90301223\replay\episode_90301223.json,,success,,
,16452116,Raihan,55177269,1151.0,55177269,90301938,COMPLETED,EPISODE_TYPE_PUBLIC,2026-08-06T00:40:46.286017300Z,2026-08-06T00:44:15.257903300Z,1,55176332,,55176332,55177269,9714ab5c3996f6cc,60,C:\Users\shiba\ptcc_pokemon_ai_buttle\data\runs\grimmsnarl\v18_teacher_55177269\episodes\90301938\replay\episode_90301938.json,,success,,
,16452116,Raihan,55177269,1151.0,55177269,90302717,COMPLETED,EPISODE_TYPE_PUBLIC,2026-08-06T00:44:46.431330800Z,2026-08-06T00:45:26.050031800Z,1,55209778,,55209778,55177269,9714ab5c3996f6cc,60,C:\Users\shiba\ptcc_pokemon_ai_buttle\data\runs\grimmsnarl\v18_teacher_55177269\episodes\90302717\replay\episode_90302717.json,,success,,
,16452116,Raihan,55177269,1151.0,55177269,90304154,COMPLETED,EPISODE_TYPE_PUBLIC,2026-08-06T00:52:46.037491800Z,2026-08-06T00:54:01.374358Z,0,55275219,,55177269,55275219,9714ab5c3996f6cc,60,C:\Users\shiba\ptcc_pokemon_ai_buttle\data\runs\grimmsnarl\v18_teacher_55177269\episodes\90304154\replay\episode_90304154.json,,success,,
,16561259,kd,55187358,1116.3,55187358,90306311,COMPLETED,EPISODE_TYPE_PUBLIC,2026-08-06T01:04:45.905158900Z,2026-08-06T01:06:55.517177900Z,0,55281885,,55187358,55281885,9714ab5c3996f6cc,60,C:\Users\shiba\ptcc_pokemon_ai_buttle\data\runs\grimmsnarl\v18_teacher_55187358\episodes\90306311\replay\episode_90306311.json,,success,,
,16561259,kd,55187358,1116.3,55187358,90307641,COMPLETED,EPISODE_TYPE_PUBLIC,2026-08-06T01:12:45.995859200Z,2026-08-06T01:15:00.074682400Z,1,55282958,,55282958,55187358,9714ab5c3996f6cc,60,C:\Users\shiba\ptcc_pokemon_ai_buttle\data\runs\grimmsnarl\v18_teacher_55187358\episodes\90307641\replay\episode_90307641.json,,success,,
,16422241,Sixth Sense,55138264,1113.7,55138264,90313561,COMPLETED,EPISODE_TYPE_PUBLIC,2026-08-06T01:44:49.375317400Z,2026-08-06T01:45:41.830130Z,1,55282958,,55282958,55138264,9714ab5c3996f6cc,60,C:\Users\shiba\ptcc_pokemon_ai_buttle\data\runs\grimmsnarl\v18_teacher_55138264\episodes\90313561\replay\episode_90313561.json,,success,,
,16422241,Sixth Sense,55138264,1113.7,55138264,90314170,COMPLETED,EPISODE_TYPE_PUBLIC,2026-08-06T01:48:49.349503800Z,2026-08-06T01:49:37.673397700Z,0,55283678,,55138264,55283678,9714ab5c3996f6cc,60,C:\Users\shiba\ptcc_pokemon_ai_buttle\data\runs\grimmsnarl\v18_teacher_55138264\episodes\90314170\replay\episode_90314170.json,,success,,
,16452116,Raihan,55177269,1151.0,55177269,90323846,COMPLETED,EPISODE_TYPE_PUBLIC,2026-08-06T02:41:32.344319600Z,2026-08-06T02:42:57.430030800Z,0,55267252,,55177269,55267252,9714ab5c3996f6cc,60,C:\Users\shiba\ptcc_pokemon_ai_buttle\data\runs\grimmsnarl\v18_teacher_55177269\episodes\90323846\replay\episode_90323846.json,,success,,
,16561259,kd,55187358,1116.3,55187358,90328023,COMPLETED,EPISODE_TYPE_PUBLIC,2026-08-06T03:05:32.715730500Z,2026-08-06T03:08:05.094761200Z,1,55285306,,55285306,55187358,9714ab5c3996f6cc,60,C:\Users\shiba\ptcc_pokemon_ai_buttle\data\runs\grimmsnarl\v18_teacher_55187358\episodes\90328023\replay\episode_90328023.json,,success,,
,16561259,kd,55187358,1116.3,55187358,90329472,COMPLETED,EPISODE_TYPE_PUBLIC,2026-08-06T03:13:31.759116600Z,2026-08-06T03:17:33.685744Z,1,55285161,,55285161,55187358,9714ab5c3996f6cc,60,C:\Users\shiba\ptcc_pokemon_ai_buttle\data\runs\grimmsnarl\v18_teacher_55187358\episodes\90329472\replay\episode_90329472.json,,success,,
,16422241,Sixth Sense,55138264,1113.7,55138264,90333341,COMPLETED,EPISODE_TYPE_PUBLIC,2026-08-06T03:33:32.200776600Z,2026-08-06T03:34:26.287423300Z,0,55286096,,55138264,55286096,9714ab5c3996f6cc,60,C:\Users\shiba\ptcc_pokemon_ai_buttle\data\runs\grimmsnarl\v18_teacher_55138264\episodes\90333341\replay\episode_90333341.json,,success,,
,16422241,Sixth Sense,55138264,1113.7,55138264,90335561,COMPLETED,EPISODE_TYPE_PUBLIC,2026-08-06T03:45:32.094705Z,2026-08-06T03:51:52.602087700Z,1,55229177,,55229177,55138264,9714ab5c3996f6cc,60,C:\Users\shiba\ptcc_pokemon_ai_buttle\data\runs\grimmsnarl\v18_teacher_55138264\episodes\90335561\replay\episode_90335561.json,,success,,
,16452116,Raihan,55177269,1151.0,55177269,90340711,COMPLETED,EPISODE_TYPE_PUBLIC,2026-08-06T04:13:32.249104100Z,2026-08-06T04:14:52.141746400Z,0,55201815,,55177269,55201815,9714ab5c3996f6cc,60,C:\Users\shiba\ptcc_pokemon_ai_buttle\data\runs\grimmsnarl\v18_teacher_55177269\episodes\90340711\replay\episode_90340711.json,,success,,
,16422241,Sixth Sense,55138264,1113.7,55138264,90341375,COMPLETED,EPISODE_TYPE_PUBLIC,2026-08-06T04:17:32.152070400Z,2026-08-06T04:21:40.069082400Z,1,55266630,,55266630,55138264,9714ab5c3996f6cc,60,C:\Users\shiba\ptcc_pokemon_ai_buttle\data\runs\grimmsnarl\v18_teacher_55138264\episodes\90341375\replay\episode_90341375.json,,success,,
,16561259,kd,55187358,1116.3,55187358,90342786,COMPLETED,EPISODE_TYPE_PUBLIC,2026-08-06T04:25:31.957376900Z,2026-08-06T04:28:30.985624100Z,0,55285647,,55187358,55285647,9714ab5c3996f6cc,60,C:\Users\shiba\ptcc_pokemon_ai_buttle\data\runs\grimmsnarl\v18_teacher_55187358\episodes\90342786\replay\episode_90342786.json,,success,,
,16452116,Raihan,55177269,1151.0,55177269,90346527,COMPLETED,EPISODE_TYPE_PUBLIC,2026-08-06T04:45:31.932313300Z,2026-08-06T04:46:31.054555400Z,0,55198468,,55177269,55198468,9714ab5c3996f6cc,60,C:\Users\shiba\ptcc_pokemon_ai_buttle\data\runs\grimmsnarl\v18_teacher_55177269\episodes\90346527\replay\episode_90346527.json,,success,,
,16452116,Raihan,55177269,1151.0,55177269,90349244,COMPLETED,EPISODE_TYPE_PUBLIC,2026-08-06T05:01:32.221329700Z,2026-08-06T05:04:40.963042100Z,1,55287759,,55287759,55177269,9714ab5c3996f6cc,60,C:\Users\shiba\ptcc_pokemon_ai_buttle\data\runs\grimmsnarl\v18_teacher_55177269\episodes\90349244\replay\episode_90349244.json,,success,,
,16422241,Sixth Sense,55138264,1113.7,55138264,90351467,COMPLETED,EPISODE_TYPE_PUBLIC,2026-08-06T05:13:31.565207100Z,2026-08-06T05:17:01.066125100Z,1,55287759,,55287759,55138264,9714ab5c3996f6cc,60,C:\Users\shiba\ptcc_pokemon_ai_buttle\data\runs\grimmsnarl\v18_teacher_55138264\episodes\90351467\replay\episode_90351467.json,,success,,
,16452116,Raihan,55177269,1151.0,55177269,90358175,COMPLETED,EPISODE_TYPE_PUBLIC,2026-08-06T05:49:32.492871400Z,2026-08-06T05:51:45.415018900Z,0,55287759,,55177269,55287759,9714ab5c3996f6cc,60,C:\Users\shiba\ptcc_pokemon_ai_buttle\data\runs\grimmsnarl\v18_teacher_55177269\episodes\90358175\replay\episode_90358175.json,,success,,
,16561259,kd,55187358,1116.3,55187358,90359696,COMPLETED,EPISODE_TYPE_PUBLIC,2026-08-06T05:57:31.758036300Z,2026-08-06T05:59:30.312973100Z,1,55289733,,55289733,55187358,9714ab5c3996f6cc,60,C:\Users\shiba\ptcc_pokemon_ai_buttle\data\runs\grimmsnarl\v18_teacher_55187358\episodes\90359696\replay\episode_90359696.json,,success,,
,16452116,Raihan,55177269,1151.0,55177269,90361876,COMPLETED,EPISODE_TYPE_PUBLIC,2026-08-06T06:09:32.994961400Z,2026-08-06T06:12:08.851588800Z,1,55287759,,55287759,55177269,9714ab5c3996f6cc,60,C:\Users\shiba\ptcc_pokemon_ai_buttle\data\runs\grimmsnarl\v18_teacher_55177269\episodes\90361876\replay\episode_90361876.json,,success,,
,16422241,Sixth Sense,55138264,1113.7,55138264,90365623,COMPLETED,EPISODE_TYPE_PUBLIC,2026-08-06T06:29:33.747909200Z,2026-08-06T06:32:05.214665700Z,0,55287759,,55138264,55287759,9714ab5c3996f6cc,60,C:\Users\shiba\ptcc_pokemon_ai_buttle\data\runs\grimmsnarl\v18_teacher_55138264\episodes\90365623\replay\episode_90365623.json,,success,,
,16422241,Sixth Sense,55138264,1113.7,55138264,90365842,COMPLETED,EPISODE_TYPE_PUBLIC,2026-08-06T06:29:34.205950400Z,2026-08-06T06:30:28.472487Z,0,53889134,,55138264,53889134,9714ab5c3996f6cc,60,C:\Users\shiba\ptcc_pokemon_ai_buttle\data\runs\grimmsnarl\v18_teacher_55138264\episodes\90365842\replay\episode_90365842.json,,success,,
,16452116,Raihan,55177269,1151.0,55177269,90367809,COMPLETED,EPISODE_TYPE_PUBLIC,2026-08-06T06:41:31.466971700Z,2026-08-06T06:42:17.856638100Z,0,55289024,,55177269,55289024,9714ab5c3996f6cc,60,C:\Users\shiba\ptcc_pokemon_ai_buttle\data\runs\grimmsnarl\v18_teacher_55177269\episodes\90367809\replay\episode_90367809.json,,success,,
,16561259,kd,55187358,1116.3,55187358,90374560,COMPLETED,EPISODE_TYPE_PUBLIC,2026-08-06T07:17:31.654744900Z,2026-08-06T07:19:52.752749400Z,1,55289024,,55289024,55187358,9714ab5c3996f6cc,60,C:\Users\shiba\ptcc_pokemon_ai_buttle\data\runs\grimmsnarl\v18_teacher_55187358\episodes\90374560\replay\episode_90374560.json,,success,,
,16422241,Sixth Sense,55138264,1113.7,55138264,90377547,COMPLETED,EPISODE_TYPE_PUBLIC,2026-08-06T07:33:31.932710600Z,2026-08-06T07:34:32.444340300Z,0,55288983,,55138264,55288983,9714ab5c3996f6cc,60,C:\Users\shiba\ptcc_pokemon_ai_buttle\data\runs\grimmsnarl\v18_teacher_55138264\episodes\90377547\replay\episode_90377547.json,,success,,
,16561259,kd,55187358,1116.3,55187358,90381431,COMPLETED,EPISODE_TYPE_PUBLIC,2026-08-06T07:53:35.901740600Z,2026-08-06T07:58:13.923854100Z,0,55177269,,55187358,55177269,9714ab5c3996f6cc,60,C:\Users\shiba\ptcc_pokemon_ai_buttle\data\runs\grimmsnarl\v18_teacher_55187358\episodes\90381431\replay\episode_90381431.json,,success,,
,16452116,Raihan,55177269,1151.0,55177269,90381431,COMPLETED,EPISODE_TYPE_PUBLIC,2026-08-06T07:53:35.901740600Z,2026-08-06T07:58:13.923854100Z,1,55187358,,55187358,55177269,9714ab5c3996f6cc,60,C:\Users\shiba\ptcc_pokemon_ai_buttle\data\runs\grimmsnarl\v18_teacher_55177269\episodes\90381431\replay\episode_90381431.json,,success,,
,16561259,kd,55187358,1116.3,55187358,90382035,COMPLETED,EPISODE_TYPE_PUBLIC,2026-08-06T07:57:36.313199600Z,2026-08-06T08:01:01.838999600Z,1,55288983,,55288983,55187358,9714ab5c3996f6cc,60,C:\Users\shiba\ptcc_pokemon_ai_buttle\data\runs\grimmsnarl\v18_teacher_55187358\episodes\90382035\replay\episode_90382035.json,,success,,
,16561259,kd,55187358,1116.3,55187358,90383514,COMPLETED,EPISODE_TYPE_PUBLIC,2026-08-06T08:05:37.093944600Z,2026-08-06T08:07:54.400757300Z,0,55289024,,55187358,55289024,9714ab5c3996f6cc,60,C:\Users\shiba\ptcc_pokemon_ai_buttle\data\runs\grimmsnarl\v18_teacher_55187358\episodes\90383514\replay\episode_90383514.json,,success,,
,16422241,Sixth Sense,55138264,1113.7,55138264,90390302,COMPLETED,EPISODE_TYPE_PUBLIC,2026-08-06T08:41:36.558180500Z,2026-08-06T08:43:07.698358200Z,0,55202823,,55138264,55202823,9714ab5c3996f6cc,60,C:\Users\shiba\ptcc_pokemon_ai_buttle\data\runs\grimmsnarl\v18_teacher_55138264\episodes\90390302\replay\episode_90390302.json,,success,,
,16452116,Raihan,55177269,1151.0,55177269,90394884,COMPLETED,EPISODE_TYPE_PUBLIC,2026-08-06T09:05:36.364709700Z,2026-08-06T09:06:43.988550700Z,0,55289024,,55177269,55289024,9714ab5c3996f6cc,60,C:\Users\shiba\ptcc_pokemon_ai_buttle\data\runs\grimmsnarl\v18_teacher_55177269\episodes\90394884\replay\episode_90394884.json,,success,,
,16561259,kd,55187358,1116.3,55187358,90395637,COMPLETED,EPISODE_TYPE_PUBLIC,2026-08-06T09:09:38.414481Z,2026-08-06T09:13:18.134814500Z,1,55288748,,55288748,55187358,9714ab5c3996f6cc,60,C:\Users\shiba\ptcc_pokemon_ai_buttle\data\runs\grimmsnarl\v18_teacher_55187358\episodes\90395637\replay\episode_90395637.json,,success,,
,16561259,kd,55187358,1116.3,55187358,90399845,COMPLETED,EPISODE_TYPE_PUBLIC,2026-08-06T09:33:35.668704200Z,2026-08-06T09:35:28.646476800Z,0,55293771,,55187358,55293771,9714ab5c3996f6cc,60,C:\Users\shiba\ptcc_pokemon_ai_buttle\data\runs\grimmsnarl\v18_teacher_55187358\episodes\90399845\replay\episode_90399845.json,,success,,
,16422241,Sixth Sense,55138264,1113.7,55138264,90406809,COMPLETED,EPISODE_TYPE_PUBLIC,2026-08-06T10:09:38.044395400Z,2026-08-06T10:10:50.562712900Z,0,55275602,,55138264,55275602,9714ab5c3996f6cc,60,C:\Users\shiba\ptcc_pokemon_ai_buttle\data\runs\grimmsnarl\v18_teacher_55138264\episodes\90406809\replay\episode_90406809.json,,success,,
,16452116,Raihan,55177269,1151.0,55177269,90411300,COMPLETED,EPISODE_TYPE_PUBLIC,2026-08-06T10:33:38.706915200Z,2026-08-06T10:34:40.278023400Z,1,55291215,,55291215,55177269,9714ab5c3996f6cc,60,C:\Users\shiba\ptcc_pokemon_ai_buttle\data\runs\grimmsnarl\v18_teacher_55177269\episodes\90411300\replay\episode_90411300.json,,success,,
,16561259,kd,55187358,1116.3,55187358,90416616,COMPLETED,EPISODE_TYPE_PUBLIC,2026-08-06T11:01:41.698480100Z,2026-08-06T11:05:49.702199500Z,0,54959248,,55187358,54959248,9714ab5c3996f6cc,60,C:\Users\shiba\ptcc_pokemon_ai_buttle\data\runs\grimmsnarl\v18_teacher_55187358\episodes\90416616\replay\episode_90416616.json,,success,,
,16422241,Sixth Sense,55138264,1113.7,55138264,90417350,COMPLETED,EPISODE_TYPE_PUBLIC,2026-08-06T11:05:41.698284100Z,2026-08-06T11:07:37.583580500Z,0,55248965,,55138264,55248965,9714ab5c3996f6cc,60,C:\Users\shiba\ptcc_pokemon_ai_buttle\data\runs\grimmsnarl\v18_teacher_55138264\episodes\90417350\replay\episode_90417350.json,,success,,
,16561259,kd,55187358,1116.3,55187358,90420343,COMPLETED,EPISODE_TYPE_PUBLIC,2026-08-06T11:21:42.102042100Z,2026-08-06T11:23:50.626294100Z,1,55278240,,55278240,55187358,9714ab5c3996f6cc,60,C:\Users\shiba\ptcc_pokemon_ai_buttle\data\runs\grimmsnarl\v18_teacher_55187358\episodes\90420343\replay\episode_90420343.json,,success,,
,16452116,Raihan,55177269,1151.0,55177269,90427163,COMPLETED,EPISODE_TYPE_PUBLIC,2026-08-06T11:57:41.701875100Z,2026-08-06T11:58:26.597846800Z,1,55286093,,55286093,55177269,9714ab5c3996f6cc,60,C:\Users\shiba\ptcc_pokemon_ai_buttle\data\runs\grimmsnarl\v18_teacher_55177269\episodes\90427163\replay\episode_90427163.json,,success,,
,16422241,Sixth Sense,55138264,1113.7,55138264,90427661,COMPLETED,EPISODE_TYPE_PUBLIC,2026-08-06T12:01:41.521016600Z,2026-08-06T12:02:28.628324Z,0,55296436,,55138264,55296436,9714ab5c3996f6cc,60,C:\Users\shiba\ptcc_pokemon_ai_buttle\data\runs\grimmsnarl\v18_teacher_55138264\episodes\90427661\replay\episode_90427661.json,,success,,
,16561259,kd,55187358,1116.3,55187358,90427710,COMPLETED,EPISODE_TYPE_PUBLIC,2026-08-06T12:01:41.644185Z,2026-08-06T12:04:59.164600500Z,0,55296010,,55187358,55296010,9714ab5c3996f6cc,60,C:\Users\shiba\ptcc_pokemon_ai_buttle\data\runs\grimmsnarl\v18_teacher_55187358\episodes\90427710\replay\episode_90427710.json,,success,,
,16561259,kd,55187358,1116.3,55187358,90437634,COMPLETED,EPISODE_TYPE_PUBLIC,2026-08-06T12:53:41.427904Z,2026-08-06T12:55:40.960472200Z,0,55295650,,55187358,55295650,9714ab5c3996f6cc,60,C:\Users\shiba\ptcc_pokemon_ai_buttle\data\runs\grimmsnarl\v18_teacher_55187358\episodes\90437634\replay\episode_90437634.json,,success,,
,16561259,kd,55187358,1116.3,55187358,90438257,COMPLETED,EPISODE_TYPE_PUBLIC,2026-08-06T12:57:43.070428100Z,2026-08-06T13:01:13.101892100Z,0,55297031,,55187358,55297031,9714ab5c3996f6cc,60,C:\Users\shiba\ptcc_pokemon_ai_buttle\data\runs\grimmsnarl\v18_teacher_55187358\episodes\90438257\replay\episode_90438257.json,,success,,
,16422241,Sixth Sense,55138264,1113.7,55138264,90443863,COMPLETED,EPISODE_TYPE_PUBLIC,2026-08-06T13:25:41.746727700Z,2026-08-06T13:26:45.218093400Z,1,54269195,,54269195,55138264,9714ab5c3996f6cc,60,C:\Users\shiba\ptcc_pokemon_ai_buttle\data\runs\grimmsnarl\v18_teacher_55138264\episodes\90443863\replay\episode_90443863.json,,success,,
,16452116,Raihan,55177269,1151.0,55177269,90444620,COMPLETED,EPISODE_TYPE_PUBLIC,2026-08-06T13:29:43.137778100Z,2026-08-06T13:30:30.897248300Z,1,55281885,,55281885,55177269,9714ab5c3996f6cc,60,C:\Users\shiba\ptcc_pokemon_ai_buttle\data\runs\grimmsnarl\v18_teacher_55177269\episodes\90444620\replay\episode_90444620.json,,success,,
,16452116,Raihan,55177269,1151.0,55177269,90468227,COMPLETED,EPISODE_TYPE_PUBLIC,2026-08-06T15:34:13.126707700Z,2026-08-06T15:35:27.749566600Z,1,55299454,,55299454,55177269,9714ab5c3996f6cc,60,C:\Users\shiba\ptcc_pokemon_ai_buttle\data\runs\grimmsnarl\v18_teacher_55177269\episodes\90468227\replay\episode_90468227.json,,success,,
,16561259,kd,55187358,1116.3,55187358,90468360,COMPLETED,EPISODE_TYPE_PUBLIC,2026-08-06T15:34:13.312016900Z,2026-08-06T15:36:46.733424500Z,0,55157066,,55187358,55157066,9714ab5c3996f6cc,60,C:\Users\shiba\ptcc_pokemon_ai_buttle\data\runs\grimmsnarl\v18_teacher_55187358\episodes\90468360\replay\episode_90468360.json,,success,,
,16422241,Sixth Sense,55138264,1113.7,55138264,90469783,COMPLETED,EPISODE_TYPE_PUBLIC,2026-08-06T15:42:41.313965500Z,2026-08-06T15:43:31.763089Z,1,55299454,,55299454,55138264,9714ab5c3996f6cc,60,C:\Users\shiba\ptcc_pokemon_ai_buttle\data\runs\grimmsnarl\v18_teacher_55138264\episodes\90469783\replay\episode_90469783.json,,success,,
,16561259,kd,55187358,1116.3,55187358,90492359,COMPLETED,EPISODE_TYPE_PUBLIC,2026-08-06T18:01:41.997137200Z,2026-08-06T18:04:08.649266700Z,0,55304022,,55187358,55304022,9714ab5c3996f6cc,60,C:\Users\shiba\ptcc_pokemon_ai_buttle\data\runs\grimmsnarl\v18_teacher_55187358\episodes\90492359\replay\episode_90492359.json,,success,,
,16452116,Raihan,55177269,1151.0,55177269,90494251,COMPLETED,EPISODE_TYPE_PUBLIC,2026-08-06T18:09:42.717320200Z,2026-08-06T18:10:48.818041100Z,1,55283374,,55283374,55177269,9714ab5c3996f6cc,60,C:\Users\shiba\ptcc_pokemon_ai_buttle\data\runs\grimmsnarl\v18_teacher_55177269\episodes\90494251\replay\episode_90494251.json,,success,,
,16422241,Sixth Sense,55138264,1113.7,55138264,90494897,COMPLETED,EPISODE_TYPE_PUBLIC,2026-08-06T18:13:42.119798100Z,2026-08-06T18:14:36.976315800Z,1,53996518,,53996518,55138264,9714ab5c3996f6cc,60,C:\Users\shiba\ptcc_pokemon_ai_buttle\data\runs\grimmsnarl\v18_teacher_55138264\episodes\90494897\replay\episode_90494897.json,,success,,
,16561259,kd,55187358,1116.3,55187358,90513139,COMPLETED,EPISODE_TYPE_PUBLIC,2026-08-06T19:53:22.972791900Z,2026-08-06T19:55:17.799303900Z,0,55296442,,55187358,55296442,9714ab5c3996f6cc,60,C:\Users\shiba\ptcc_pokemon_ai_buttle\data\runs\grimmsnarl\v18_teacher_55187358\episodes\90513139\replay\episode_90513139.json,,success,,
,16422241,Sixth Sense,55138264,1113.7,55138264,90514772,COMPLETED,EPISODE_TYPE_PUBLIC,2026-08-06T20:01:22.179750100Z,2026-08-06T20:02:23.831018800Z,1,55251764,,55251764,55138264,9714ab5c3996f6cc,60,C:\Users\shiba\ptcc_pokemon_ai_buttle\data\runs\grimmsnarl\v18_teacher_55138264\episodes\90514772\replay\episode_90514772.json,,success,,
,16452116,Raihan,55177269,1151.0,55177269,90515547,COMPLETED,EPISODE_TYPE_PUBLIC,2026-08-06T20:05:23.498086Z,2026-08-06T20:06:16.356381100Z,1,55303689,,55303689,55177269,9714ab5c3996f6cc,60,C:\Users\shiba\ptcc_pokemon_ai_buttle\data\runs\grimmsnarl\v18_teacher_55177269\episodes\90515547\replay\episode_90515547.json,,success,,
,16452116,Raihan,55177269,1151.0,55177269,90515608,COMPLETED,EPISODE_TYPE_PUBLIC,2026-08-06T20:05:23.591172500Z,2026-08-06T20:06:09.844107Z,0,55302136,,55177269,55302136,9714ab5c3996f6cc,60,C:\Users\shiba\ptcc_pokemon_ai_buttle\data\runs\grimmsnarl\v18_teacher_55177269\episodes\90515608\replay\episode_90515608.json,,success,,
,16422241,Sixth Sense,55138264,1113.7,55138264,90521632,COMPLETED,EPISODE_TYPE_PUBLIC,2026-08-06T20:37:22.101730600Z,2026-08-06T20:38:42.986199300Z,0,55303881,,55138264,55303881,9714ab5c3996f6cc,60,C:\Users\shiba\ptcc_pokemon_ai_buttle\data\runs\grimmsnarl\v18_teacher_55138264\episodes\90521632\replay\episode_90521632.json,,success,,
,16422241,Sixth Sense,55138264,1113.7,55138264,90522422,COMPLETED,EPISODE_TYPE_PUBLIC,2026-08-06T20:41:22.236012200Z,2026-08-06T20:43:07.418158200Z,1,55297031,,55297031,55138264,9714ab5c3996f6cc,60,C:\Users\shiba\ptcc_pokemon_ai_buttle\data\runs\grimmsnarl\v18_teacher_55138264\episodes\90522422\replay\episode_90522422.json,,success,,
,16561259,kd,55187358,1116.3,55187358,90526090,COMPLETED,EPISODE_TYPE_PUBLIC,2026-08-06T21:01:22.420594100Z,2026-08-06T21:09:49.420467500Z,0,55306192,,55187358,55306192,9714ab5c3996f6cc,60,C:\Users\shiba\ptcc_pokemon_ai_buttle\data\runs\grimmsnarl\v18_teacher_55187358\episodes\90526090\replay\episode_90526090.json,,success,,
,16452116,Raihan,55177269,1151.0,55177269,90530886,COMPLETED,EPISODE_TYPE_PUBLIC,2026-08-06T21:25:23.497372Z,2026-08-06T21:26:38.423874300Z,0,55237117,,55177269,55237117,9714ab5c3996f6cc,60,C:\Users\shiba\ptcc_pokemon_ai_buttle\data\runs\grimmsnarl\v18_teacher_55177269\episodes\90530886\replay\episode_90530886.json,,success,,
,16422241,Sixth Sense,55138264,1113.7,55138264,90534058,COMPLETED,EPISODE_TYPE_PUBLIC,2026-08-06T21:41:22.536834300Z,2026-08-06T21:43:17.283543100Z,0,55297031,,55138264,55297031,9714ab5c3996f6cc,60,C:\Users\shiba\ptcc_pokemon_ai_buttle\data\runs\grimmsnarl\v18_teacher_55138264\episodes\90534058\replay\episode_90534058.json,,success,,
,16422241,Sixth Sense,55138264,1113.7,55138264,90534118,COMPLETED,EPISODE_TYPE_PUBLIC,2026-08-06T21:41:22.694042300Z,2026-08-06T21:47:37.096649800Z,1,55297673,,55297673,55138264,9714ab5c3996f6cc,60,C:\Users\shiba\ptcc_pokemon_ai_buttle\data\runs\grimmsnarl\v18_teacher_55138264\episodes\90534118\replay\episode_90534118.json,,success,,
,16452116,Raihan,55177269,1151.0,55177269,90535531,COMPLETED,EPISODE_TYPE_PUBLIC,2026-08-06T21:49:22.402816200Z,2026-08-06T21:50:28.313509800Z,0,55248965,,55177269,55248965,9714ab5c3996f6cc,60,C:\Users\shiba\ptcc_pokemon_ai_buttle\data\runs\grimmsnarl\v18_teacher_55177269\episodes\90535531\replay\episode_90535531.json,,success,,
,16422241,Sixth Sense,55138264,1113.7,55138264,90536840,COMPLETED,EPISODE_TYPE_PUBLIC,2026-08-06T21:57:21.780402600Z,2026-08-06T21:58:37.240339Z,0,55307275,,55138264,55307275,9714ab5c3996f6cc,60,C:\Users\shiba\ptcc_pokemon_ai_buttle\data\runs\grimmsnarl\v18_teacher_55138264\episodes\90536840\replay\episode_90536840.json,,success,,
,16561259,kd,55187358,1116.3,55187358,90537194,COMPLETED,EPISODE_TYPE_PUBLIC,2026-08-06T21:57:22.345030900Z,2026-08-06T22:00:02.300807Z,1,55294974,,55294974,55187358,9714ab5c3996f6cc,60,C:\Users\shiba\ptcc_pokemon_ai_buttle\data\runs\grimmsnarl\v18_teacher_55187358\episodes\90537194\replay\episode_90537194.json,,success,,
,16561259,kd,55187358,1116.3,55187358,90537675,COMPLETED,EPISODE_TYPE_PUBLIC,2026-08-06T22:01:22.211120900Z,2026-08-06T22:08:01.048490100Z,0,55306212,,55187358,55306212,9714ab5c3996f6cc,60,C:\Users\shiba\ptcc_pokemon_ai_buttle\data\runs\grimmsnarl\v18_teacher_55187358\episodes\90537675\replay\episode_90537675.json,,success,,
,16452116,Raihan,55177269,1151.0,55177269,90540839,COMPLETED,EPISODE_TYPE_PUBLIC,2026-08-06T22:17:22.180634300Z,2026-08-06T22:18:14.741913500Z,0,55248965,,55177269,55248965,9714ab5c3996f6cc,60,C:\Users\shiba\ptcc_pokemon_ai_buttle\data\runs\grimmsnarl\v18_teacher_55177269\episodes\90540839\replay\episode_90540839.json,,success,,
,16422241,Sixth Sense,55138264,1113.7,55138264,90543375,COMPLETED,EPISODE_TYPE_PUBLIC,2026-08-06T22:29:22.686356600Z,2026-08-06T22:30:27.005075Z,1,55157066,,55157066,55138264,9714ab5c3996f6cc,60,C:\Users\shiba\ptcc_pokemon_ai_buttle\data\runs\grimmsnarl\v18_teacher_55138264\episodes\90543375\replay\episode_90543375.json,,success,,
,16561259,kd,55187358,1116.3,55187358,90544794,COMPLETED,EPISODE_TYPE_PUBLIC,2026-08-06T22:37:22.485551Z,2026-08-06T22:41:06.244515700Z,1,55157066,,55157066,55187358,9714ab5c3996f6cc,60,C:\Users\shiba\ptcc_pokemon_ai_buttle\data\runs\grimmsnarl\v18_teacher_55187358\episodes\90544794\replay\episode_90544794.json,,success,,
,16422241,Sixth Sense,55138264,1113.7,55138264,90545486,COMPLETED,EPISODE_TYPE_PUBLIC,2026-08-06T22:41:31.530196900Z,2026-08-06T22:42:43.415776500Z,0,55248965,,55138264,55248965,9714ab5c3996f6cc,60,C:\Users\shiba\ptcc_pokemon_ai_buttle\data\runs\grimmsnarl\v18_teacher_55138264\episodes\90545486\replay\episode_90545486.json,,success,,
,16422241,Sixth Sense,55138264,1113.7,55138264,90546262,COMPLETED,EPISODE_TYPE_PUBLIC,2026-08-06T22:45:31.678394100Z,2026-08-06T22:46:31.247008200Z,0,55248965,,55138264,55248965,9714ab5c3996f6cc,60,C:\Users\shiba\ptcc_pokemon_ai_buttle\data\runs\grimmsnarl\v18_teacher_55138264\episodes\90546262\replay\episode_90546262.json,,success,,
,16452116,Raihan,55177269,1151.0,55177269,90547118,COMPLETED,EPISODE_TYPE_PUBLIC,2026-08-06T22:49:30.502276900Z,2026-08-06T22:50:49.636662400Z,0,55138264,,55177269,55138264,9714ab5c3996f6cc,60,C:\Users\shiba\ptcc_pokemon_ai_buttle\data\runs\grimmsnarl\v18_teacher_55177269\episodes\90547118\replay\episode_90547118.json,,success,,
,16422241,Sixth Sense,55138264,1113.7,55138264,90547118,COMPLETED,EPISODE_TYPE_PUBLIC,2026-08-06T22:49:30.502276900Z,2026-08-06T22:50:49.636662400Z,1,55177269,,55177269,55138264,9714ab5c3996f6cc,60,C:\Users\shiba\ptcc_pokemon_ai_buttle\data\runs\grimmsnarl\v18_teacher_55138264\episodes\90547118\replay\episode_90547118.json,,success,,
,16422241,Sixth Sense,55138264,1113.7,55138264,90547840,COMPLETED,EPISODE_TYPE_PUBLIC,2026-08-06T22:53:33.347053400Z,2026-08-06T22:54:40.414953100Z,1,55280326,,55280326,55138264,9714ab5c3996f6cc,60,C:\Users\shiba\ptcc_pokemon_ai_buttle\data\runs\grimmsnarl\v18_teacher_55138264\episodes\90547840\replay\episode_90547840.json,,success,,
,16422241,Sixth Sense,55138264,1113.7,55138264,90548637,COMPLETED,EPISODE_TYPE_PUBLIC,2026-08-06T22:57:30.787358700Z,2026-08-06T22:58:30.991275200Z,1,55302165,,55302165,55138264,9714ab5c3996f6cc,60,C:\Users\shiba\ptcc_pokemon_ai_buttle\data\runs\grimmsnarl\v18_teacher_55138264\episodes\90548637\replay\episode_90548637.json,,success,,
,16561259,kd,55187358,1116.3,55187358,90548674,COMPLETED,EPISODE_TYPE_PUBLIC,2026-08-06T22:57:30.821059300Z,2026-08-06T23:00:02.114699400Z,0,55300659,,55187358,55300659,9714ab5c3996f6cc,60,C:\Users\shiba\ptcc_pokemon_ai_buttle\data\runs\grimmsnarl\v18_teacher_55187358\episodes\90548674\replay\episode_90548674.json,,success,,
,16422241,Sixth Sense,55138264,1113.7,55138264,90549376,COMPLETED,EPISODE_TYPE_PUBLIC,2026-08-06T23:01:30.527692500Z,2026-08-06T23:06:36.725105500Z,0,55301951,,55138264,55301951,9714ab5c3996f6cc,60,C:\Users\shiba\ptcc_pokemon_ai_buttle\data\runs\grimmsnarl\v18_teacher_55138264\episodes\90549376\replay\episode_90549376.json,,success,,
,16422241,Sixth Sense,55138264,1113.7,55138264,90550139,COMPLETED,EPISODE_TYPE_PUBLIC,2026-08-06T23:05:31.813937Z,2026-08-06T23:06:21.874519200Z,1,55202823,,55202823,55138264,9714ab5c3996f6cc,60,C:\Users\shiba\ptcc_pokemon_ai_buttle\data\runs\grimmsnarl\v18_teacher_55138264\episodes\90550139\replay\episode_90550139.json,,success,,
,16422241,Sixth Sense,55138264,1113.7,55138264,90550950,COMPLETED,EPISODE_TYPE_PUBLIC,2026-08-06T23:09:31.708978100Z,2026-08-06T23:15:58.137670500Z,0,55306212,,55138264,55306212,9714ab5c3996f6cc,60,C:\Users\shiba\ptcc_pokemon_ai_buttle\data\runs\grimmsnarl\v18_teacher_55138264\episodes\90550950\replay\episode_90550950.json,,success,,
,16422241,Sixth Sense,55138264,1113.7,55138264,90551711,COMPLETED,EPISODE_TYPE_PUBLIC,2026-08-06T23:13:31.943751700Z,2026-08-06T23:14:39.073085100Z,0,55284751,,55138264,55284751,9714ab5c3996f6cc,60,C:\Users\shiba\ptcc_pokemon_ai_buttle\data\runs\grimmsnarl\v18_teacher_55138264\episodes\90551711\replay\episode_90551711.json,,success,,
,16561259,kd,55187358,1116.3,55187358,90551798,COMPLETED,EPISODE_TYPE_PUBLIC,2026-08-06T23:13:32.082494100Z,2026-08-06T23:16:20.198045900Z,0,55138264,,55187358,55138264,9714ab5c3996f6cc,60,C:\Users\shiba\ptcc_pokemon_ai_buttle\data\runs\grimmsnarl\v18_teacher_55187358\episodes\90551798\replay\episode_90551798.json,,success,,
,16422241,Sixth Sense,55138264,1113.7,55138264,90551798,COMPLETED,EPISODE_TYPE_PUBLIC,2026-08-06T23:13:32.082494100Z,2026-08-06T23:16:20.198045900Z,1,55187358,,55187358,55138264,9714ab5c3996f6cc,60,C:\Users\shiba\ptcc_pokemon_ai_buttle\data\runs\grimmsnarl\v18_teacher_55138264\episodes\90551798\replay\episode_90551798.json,,success,,
,16561259,kd,55187358,1116.3,55187358,90552433,COMPLETED,EPISODE_TYPE_PUBLIC,2026-08-06T23:17:33.248067800Z,2026-08-06T23:24:21.350357900Z,1,55306192,,55306192,55187358,9714ab5c3996f6cc,60,C:\Users\shiba\ptcc_pokemon_ai_buttle\data\runs\grimmsnarl\v18_teacher_55187358\episodes\90552433\replay\episode_90552433.json,,success,,
,16452116,Raihan,55177269,1151.0,55177269,90552462,COMPLETED,EPISODE_TYPE_PUBLIC,2026-08-06T23:17:33.300609100Z,2026-08-06T23:18:35.233378700Z,1,55290684,,55290684,55177269,9714ab5c3996f6cc,60,C:\Users\shiba\ptcc_pokemon_ai_buttle\data\runs\grimmsnarl\v18_teacher_55177269\episodes\90552462\replay\episode_90552462.json,,success,,
,16422241,Sixth Sense,55138264,1113.7,55138264,90552502,COMPLETED,EPISODE_TYPE_PUBLIC,2026-08-06T23:17:33.349111700Z,2026-08-06T23:18:22.295500700Z,1,55262942,,55262942,55138264,9714ab5c3996f6cc,60,C:\Users\shiba\ptcc_pokemon_ai_buttle\data\runs\grimmsnarl\v18_teacher_55138264\episodes\90552502\replay\episode_90552502.json,,success,,
,16452116,Raihan,55177269,1151.0,55177269,90553296,COMPLETED,EPISODE_TYPE_PUBLIC,2026-08-06T23:21:30.627681500Z,2026-08-06T23:22:44.798380600Z,1,55278240,,55278240,55177269,9714ab5c3996f6cc,60,C:\Users\shiba\ptcc_pokemon_ai_buttle\data\runs\grimmsnarl\v18_teacher_55177269\episodes\90553296\replay\episode_90553296.json,,success,,
,16422241,Sixth Sense,55138264,1113.7,55138264,90553305,COMPLETED,EPISODE_TYPE_PUBLIC,2026-08-06T23:21:30.638315400Z,2026-08-06T23:22:31.942252800Z,0,55247479,,55138264,55247479,9714ab5c3996f6cc,60,C:\Users\shiba\ptcc_pokemon_ai_buttle\data\runs\grimmsnarl\v18_teacher_55138264\episodes\90553305\replay\episode_90553305.json,,success,,
,16422241,Sixth Sense,55138264,1113.7,55138264,90554018,COMPLETED,EPISODE_TYPE_PUBLIC,2026-08-06T23:25:31.310907700Z,2026-08-06T23:26:28.979205600Z,1,55290684,,55290684,55138264,9714ab5c3996f6cc,60,C:\Users\shiba\ptcc_pokemon_ai_buttle\data\runs\grimmsnarl\v18_teacher_55138264\episodes\90554018\replay\episode_90554018.json,,success,,
,16422241,Sixth Sense,55138264,1113.7,55138264,90554144,COMPLETED,EPISODE_TYPE_PUBLIC,2026-08-06T23:25:31.617344100Z,2026-08-06T23:26:43.231828600Z,0,55288983,,55138264,55288983,9714ab5c3996f6cc,60,C:\Users\shiba\ptcc_pokemon_ai_buttle\data\runs\grimmsnarl\v18_teacher_55138264\episodes\90554144\replay\episode_90554144.json,,success,,
,16422241,Sixth Sense,55138264,1113.7,55138264,90554172,COMPLETED,EPISODE_TYPE_PUBLIC,2026-08-06T23:25:31.691529700Z,2026-08-06T23:26:34.833614800Z,1,55202823,,55202823,55138264,9714ab5c3996f6cc,60,C:\Users\shiba\ptcc_pokemon_ai_buttle\data\runs\grimmsnarl\v18_teacher_55138264\episodes\90554172\replay\episode_90554172.json,,success,,
,16561259,kd,55187358,1116.3,55187358,90554839,COMPLETED,EPISODE_TYPE_PUBLIC,2026-08-06T23:30:02.122173800Z,2026-08-06T23:32:35.986905900Z,1,54823092,,54823092,55187358,9714ab5c3996f6cc,60,C:\Users\shiba\ptcc_pokemon_ai_buttle\data\runs\grimmsnarl\v18_teacher_55187358\episodes\90554839\replay\episode_90554839.json,,success,,
,16422241,Sixth Sense,55138264,1113.7,55138264,90554936,COMPLETED,EPISODE_TYPE_PUBLIC,2026-08-06T23:30:02.255983700Z,2026-08-06T23:31:29.162429300Z,0,55292349,,55138264,55292349,9714ab5c3996f6cc,60,C:\Users\shiba\ptcc_pokemon_ai_buttle\data\runs\grimmsnarl\v18_teacher_55138264\episodes\90554936\replay\episode_90554936.json,,success,,
,16561259,kd,55187358,1116.3,55187358,90555604,COMPLETED,EPISODE_TYPE_PUBLIC,2026-08-06T23:34:00.943198600Z,2026-08-06T23:36:11.887743100Z,1,55278240,,55278240,55187358,9714ab5c3996f6cc,60,C:\Users\shiba\ptcc_pokemon_ai_buttle\data\runs\grimmsnarl\v18_teacher_55187358\episodes\90555604\replay\episode_90555604.json,,success,,
,16422241,Sixth Sense,55138264,1113.7,55138264,90556484,COMPLETED,EPISODE_TYPE_PUBLIC,2026-08-06T23:38:00.834411200Z,2026-08-06T23:38:58.680263800Z,1,55278240,,55278240,55138264,9714ab5c3996f6cc,60,C:\Users\shiba\ptcc_pokemon_ai_buttle\data\runs\grimmsnarl\v18_teacher_55138264\episodes\90556484\replay\episode_90556484.json,,success,,
,16452116,Raihan,55177269,1151.0,55177269,90557124,COMPLETED,EPISODE_TYPE_PUBLIC,2026-08-06T23:42:00.550594200Z,2026-08-06T23:45:16.273073200Z,0,55306212,,55177269,55306212,9714ab5c3996f6cc,60,C:\Users\shiba\ptcc_pokemon_ai_buttle\data\runs\grimmsnarl\v18_teacher_55177269\episodes\90557124\replay\episode_90557124.json,,success,,
,16561259,kd,55187358,1116.3,55187358,90558807,COMPLETED,EPISODE_TYPE_PUBLIC,2026-08-06T23:50:00.649529400Z,2026-08-06T23:57:50.301333900Z,0,55303718,,55187358,55303718,9714ab5c3996f6cc,60,C:\Users\shiba\ptcc_pokemon_ai_buttle\data\runs\grimmsnarl\v18_teacher_55187358\episodes\90558807\replay\episode_90558807.json,,success,,
,16452116,Raihan,55177269,1151.0,55177269,90559479,COMPLETED,EPISODE_TYPE_PUBLIC,2026-08-06T23:54:00.424861900Z,2026-08-06T23:55:08.049513400Z,0,55248965,,55177269,55248965,9714ab5c3996f6cc,60,C:\Users\shiba\ptcc_pokemon_ai_buttle\data\runs\grimmsnarl\v18_teacher_55177269\episodes\90559479\replay\episode_90559479.json,,success,,
,16422241,Sixth Sense,55138264,1113.7,55138264,90559594,COMPLETED,EPISODE_TYPE_PUBLIC,2026-08-06T23:54:00.632805800Z,2026-08-06T23:54:55.622452Z,0,55231553,,55138264,55231553,9714ab5c3996f6cc,60,C:\Users\shiba\ptcc_pokemon_ai_buttle\data\runs\grimmsnarl\v18_teacher_55138264\episodes\90559594\replay\episode_90559594.json,,success,,
,16452116,Raihan,55177269,1151.0,55177269,90561221,COMPLETED,EPISODE_TYPE_PUBLIC,2026-08-07T00:02:00.500179100Z,2026-08-07T00:02:42.525552800Z,0,55215429,,55177269,55215429,9714ab5c3996f6cc,60,C:\Users\shiba\ptcc_pokemon_ai_buttle\data\runs\grimmsnarl\v18_teacher_55177269\episodes\90561221\replay\episode_90561221.json,,success,,
,16452116,Raihan,55177269,1151.0,55177269,90563469,COMPLETED,EPISODE_TYPE_PUBLIC,2026-08-07T00:14:00.479472100Z,2026-08-07T00:15:03.830125300Z,0,55307654,,55177269,55307654,9714ab5c3996f6cc,60,C:\Users\shiba\ptcc_pokemon_ai_buttle\data\runs\grimmsnarl\v18_teacher_55177269\episodes\90563469\replay\episode_90563469.json,,success,,
,16561259,kd,55187358,1116.3,55187358,90564149,COMPLETED,EPISODE_TYPE_PUBLIC,2026-08-07T00:18:00.441450400Z,2026-08-07T00:20:13.419366900Z,0,55308612,,55187358,55308612,9714ab5c3996f6cc,60,C:\Users\shiba\ptcc_pokemon_ai_buttle\data\runs\grimmsnarl\v18_teacher_55187358\episodes\90564149\replay\episode_90564149.json,,success,,
,16422241,Sixth Sense,55138264,1113.7,55138264,90580834,COMPLETED,EPISODE_TYPE_PUBLIC,2026-08-07T01:43:46.028918700Z,2026-08-07T01:46:12.692081100Z,0,55297031,,55138264,55297031,9714ab5c3996f6cc,60,C:\Users\shiba\ptcc_pokemon_ai_buttle\data\runs\grimmsnarl\v18_teacher_55138264\episodes\90580834\replay\episode_90580834.json,,success,,
,16561259,kd,55187358,1116.3,55187358,90586329,COMPLETED,EPISODE_TYPE_PUBLIC,2026-08-07T02:11:44.664496600Z,2026-08-07T02:13:50.834485300Z,0,54474466,,55187358,54474466,9714ab5c3996f6cc,60,C:\Users\shiba\ptcc_pokemon_ai_buttle\data\runs\grimmsnarl\v18_teacher_55187358\episodes\90586329\replay\episode_90586329.json,,success,,
,16452116,Raihan,55177269,1151.0,55177269,90587051,COMPLETED,EPISODE_TYPE_PUBLIC,2026-08-07T02:15:44.637976900Z,2026-08-07T02:18:17.015986500Z,0,55282766,,55177269,55282766,9714ab5c3996f6cc,60,C:\Users\shiba\ptcc_pokemon_ai_buttle\data\runs\grimmsnarl\v18_teacher_55177269\episodes\90587051\replay\episode_90587051.json,,success,,
,16422241,Sixth Sense,55138264,1113.7,55138264,90591520,COMPLETED,EPISODE_TYPE_PUBLIC,2026-08-07T02:39:44.594936Z,2026-08-07T02:40:42.215600100Z,1,55308623,,55308623,55138264,9714ab5c3996f6cc,60,C:\Users\shiba\ptcc_pokemon_ai_buttle\data\runs\grimmsnarl\v18_teacher_55138264\episodes\90591520\replay\episode_90591520.json,,success,,
,16452116,Raihan,55177269,1151.0,55177269,90591577,COMPLETED,EPISODE_TYPE_PUBLIC,2026-08-07T02:39:44.419281200Z,2026-08-07T02:40:46.167876100Z,0,55310736,,55177269,55310736,9714ab5c3996f6cc,60,C:\Users\shiba\ptcc_pokemon_ai_buttle\data\runs\grimmsnarl\v18_teacher_55177269\episodes\90591577\replay\episode_90591577.json,,success,,
,16561259,kd,55187358,1116.3,55187358,90593237,COMPLETED,EPISODE_TYPE_PUBLIC,2026-08-07T02:47:44.246890300Z,2026-08-07T02:53:24.523475200Z,0,55308701,,55187358,55308701,9714ab5c3996f6cc,60,C:\Users\shiba\ptcc_pokemon_ai_buttle\data\runs\grimmsnarl\v18_teacher_55187358\episodes\90593237\replay\episode_90593237.json,,success,,
,16561259,kd,55187358,1116.3,55187358,90594854,COMPLETED,EPISODE_TYPE_PUBLIC,2026-08-07T02:55:47.917941900Z,2026-08-07T02:58:18.163401800Z,1,55282958,,55282958,55187358,9714ab5c3996f6cc,60,C:\Users\shiba\ptcc_pokemon_ai_buttle\data\runs\grimmsnarl\v18_teacher_55187358\episodes\90594854\replay\episode_90594854.json,,success,,
,16422241,Sixth Sense,55138264,1113.7,55138264,90612160,COMPLETED,EPISODE_TYPE_PUBLIC,2026-08-07T04:23:49.019830500Z,2026-08-07T04:24:52.216534300Z,0,55177269,,55138264,55177269,9714ab5c3996f6cc,60,C:\Users\shiba\ptcc_pokemon_ai_buttle\data\runs\grimmsnarl\v18_teacher_55138264\episodes\90612160\replay\episode_90612160.json,,success,,
,16452116,Raihan,55177269,1151.0,55177269,90612160,COMPLETED,EPISODE_TYPE_PUBLIC,2026-08-07T04:23:49.019830500Z,2026-08-07T04:24:52.216534300Z,1,55138264,,55138264,55177269,9714ab5c3996f6cc,60,C:\Users\shiba\ptcc_pokemon_ai_buttle\data\runs\grimmsnarl\v18_teacher_55177269\episodes\90612160\replay\episode_90612160.json,,success,,
,16561259,kd,55187358,1116.3,55187358,90616032,COMPLETED,EPISODE_TYPE_PUBLIC,2026-08-07T04:43:59.321753100Z,2026-08-07T04:46:35.903295Z,1,55281742,,55281742,55187358,9714ab5c3996f6cc,60,C:\Users\shiba\ptcc_pokemon_ai_buttle\data\runs\grimmsnarl\v18_teacher_55187358\episodes\90616032\replay\episode_90616032.json,,success,,
,16452116,Raihan,55177269,1151.0,55177269,90616782,COMPLETED,EPISODE_TYPE_PUBLIC,2026-08-07T04:47:50.877560900Z,2026-08-07T04:49:07.121377500Z,0,55312153,,55177269,55312153,9714ab5c3996f6cc,60,C:\Users\shiba\ptcc_pokemon_ai_buttle\data\runs\grimmsnarl\v18_teacher_55177269\episodes\90616782\replay\episode_90616782.json,,success,,
,16452116,Raihan,55177269,1151.0,55177269,90617549,COMPLETED,EPISODE_TYPE_PUBLIC,2026-08-07T04:51:50.309050200Z,2026-08-07T04:52:56.241371200Z,1,55312408,,55312408,55177269,9714ab5c3996f6cc,60,C:\Users\shiba\ptcc_pokemon_ai_buttle\data\runs\grimmsnarl\v18_teacher_55177269\episodes\90617549\replay\episode_90617549.json,,success,,
,16561259,kd,55187358,1116.3,55187358,90620478,COMPLETED,EPISODE_TYPE_PUBLIC,2026-08-07T05:07:50.037810500Z,2026-08-07T05:10:00.967370Z,1,55313983,,55313983,55187358,9714ab5c3996f6cc,60,C:\Users\shiba\ptcc_pokemon_ai_buttle\data\runs\grimmsnarl\v18_teacher_55187358\episodes\90620478\replay\episode_90620478.json,,success,,
,16452116,Raihan,55177269,1151.0,55177269,90626154,COMPLETED,EPISODE_TYPE_PUBLIC,2026-08-07T05:35:50.370826800Z,2026-08-07T05:36:45.505934400Z,0,55313281,,55177269,55313281,9714ab5c3996f6cc,60,C:\Users\shiba\ptcc_pokemon_ai_buttle\data\runs\grimmsnarl\v18_teacher_55177269\episodes\90626154\replay\episode_90626154.json,,success,,
,16452116,Raihan,55177269,1151.0,55177269,90630873,COMPLETED,EPISODE_TYPE_PUBLIC,2026-08-07T05:59:50.538884100Z,2026-08-07T06:01:12.061259600Z,1,55312013,,55312013,55177269,9714ab5c3996f6cc,60,C:\Users\shiba\ptcc_pokemon_ai_buttle\data\runs\grimmsnarl\v18_teacher_55177269\episodes\90630873\replay\episode_90630873.json,,success,,
,16422241,Sixth Sense,55138264,1113.7,55138264,90630910,COMPLETED,EPISODE_TYPE_PUBLIC,2026-08-07T05:59:50.581103100Z,2026-08-07T06:00:52.449000800Z,0,55280326,,55138264,55280326,9714ab5c3996f6cc,60,C:\Users\shiba\ptcc_pokemon_ai_buttle\data\runs\grimmsnarl\v18_teacher_55138264\episodes\90630910\replay\episode_90630910.json,,success,,
,16452116,Raihan,55177269,1151.0,55177269,90635518,COMPLETED,EPISODE_TYPE_PUBLIC,2026-08-07T06:23:53.975032500Z,2026-08-07T06:25:28.135426500Z,1,55314395,,55314395,55177269,9714ab5c3996f6cc,60,C:\Users\shiba\ptcc_pokemon_ai_buttle\data\runs\grimmsnarl\v18_teacher_55177269\episodes\90635518\replay\episode_90635518.json,,success,,
,16452116,Raihan,55177269,1151.0,55177269,90637957,COMPLETED,EPISODE_TYPE_PUBLIC,2026-08-07T06:35:50.228595500Z,2026-08-07T06:37:09.983655400Z,0,55313983,,55177269,55313983,9714ab5c3996f6cc,60,C:\Users\shiba\ptcc_pokemon_ai_buttle\data\runs\grimmsnarl\v18_teacher_55177269\episodes\90637957\replay\episode_90637957.json,,success,,
,16561259,kd,55187358,1116.3,55187358,90638068,COMPLETED,EPISODE_TYPE_PUBLIC,2026-08-07T06:35:50.418114600Z,2026-08-07T06:38:27.875663400Z,0,55292349,,55187358,55292349,9714ab5c3996f6cc,60,C:\Users\shiba\ptcc_pokemon_ai_buttle\data\runs\grimmsnarl\v18_teacher_55187358\episodes\90638068\replay\episode_90638068.json,,success,,
,16422241,Sixth Sense,55138264,1113.7,55138264,90646797,COMPLETED,EPISODE_TYPE_PUBLIC,2026-08-07T07:19:50.604187900Z,2026-08-07T07:20:43.053265700Z,1,55282958,,55282958,55138264,9714ab5c3996f6cc,60,C:\Users\shiba\ptcc_pokemon_ai_buttle\data\runs\grimmsnarl\v18_teacher_55138264\episodes\90646797\replay\episode_90646797.json,,success,,
,16561259,kd,55187358,1116.3,55187358,90650766,COMPLETED,EPISODE_TYPE_PUBLIC,2026-08-07T07:39:50.976462300Z,2026-08-07T07:42:39.210172700Z,1,55290684,,55290684,55187358,9714ab5c3996f6cc,60,C:\Users\shiba\ptcc_pokemon_ai_buttle\data\runs\grimmsnarl\v18_teacher_55187358\episodes\90650766\replay\episode_90650766.json,,success,,
,16452116,Raihan,55177269,1151.0,55177269,90655502,COMPLETED,EPISODE_TYPE_PUBLIC,2026-08-07T08:03:55.425165200Z,2026-08-07T08:04:49.528344600Z,1,55288983,,55288983,55177269,9714ab5c3996f6cc,60,C:\Users\shiba\ptcc_pokemon_ai_buttle\data\runs\grimmsnarl\v18_teacher_55177269\episodes\90655502\replay\episode_90655502.json,,success,,
,16422241,Sixth Sense,55138264,1113.7,55138264,90664294,COMPLETED,EPISODE_TYPE_PUBLIC,2026-08-07T08:47:56.825323400Z,2026-08-07T08:48:57.616627100Z,0,55310989,,55138264,55310989,9714ab5c3996f6cc,60,C:\Users\shiba\ptcc_pokemon_ai_buttle\data\runs\grimmsnarl\v18_teacher_55138264\episodes\90664294\replay\episode_90664294.json,,success,,
,16452116,Raihan,55177269,1151.0,55177269,90666474,COMPLETED,EPISODE_TYPE_PUBLIC,2026-08-07T08:59:56.488291500Z,2026-08-07T09:01:14.948079200Z,1,55317801,,55317801,55177269,9714ab5c3996f6cc,60,C:\Users\shiba\ptcc_pokemon_ai_buttle\data\runs\grimmsnarl\v18_teacher_55177269\episodes\90666474\replay\episode_90666474.json,,success,,
,16452116,Raihan,55177269,1151.0,55177269,90670302,COMPLETED,EPISODE_TYPE_PUBLIC,2026-08-07T09:19:54.093817900Z,2026-08-07T09:20:50.592486500Z,0,55320459,,55177269,55320459,9714ab5c3996f6cc,60,C:\Users\shiba\ptcc_pokemon_ai_buttle\data\runs\grimmsnarl\v18_teacher_55177269\episodes\90670302\replay\episode_90670302.json,,success,,
,16452116,Raihan,55177269,1151.0,55177269,90684048,COMPLETED,EPISODE_TYPE_PUBLIC,2026-08-07T10:27:55.047903300Z,2026-08-07T10:28:34.125554700Z,0,55320016,,55177269,55320016,9714ab5c3996f6cc,60,C:\Users\shiba\ptcc_pokemon_ai_buttle\data\runs\grimmsnarl\v18_teacher_55177269\episodes\90684048\replay\episode_90684048.json,,success,,
,16422241,Sixth Sense,55138264,1113.7,55138264,90684956,COMPLETED,EPISODE_TYPE_PUBLIC,2026-08-07T10:31:54.927631700Z,2026-08-07T10:33:40.918043700Z,0,55290791,,55138264,55290791,9714ab5c3996f6cc,60,C:\Users\shiba\ptcc_pokemon_ai_buttle\data\runs\grimmsnarl\v18_teacher_55138264\episodes\90684956\replay\episode_90684956.json,,success,,
,16422241,Sixth Sense,55138264,1113.7,55138264,90702389,COMPLETED,EPISODE_TYPE_PUBLIC,2026-08-07T11:59:54.053864100Z,2026-08-07T12:00:47.210286100Z,0,55320388,,55138264,55320388,9714ab5c3996f6cc,60,C:\Users\shiba\ptcc_pokemon_ai_buttle\data\runs\grimmsnarl\v18_teacher_55138264\episodes\90702389\replay\episode_90702389.json,,success,,
,16452116,Raihan,55177269,1151.0,55177269,90702479,COMPLETED,EPISODE_TYPE_PUBLIC,2026-08-07T11:59:54.225307900Z,2026-08-07T12:01:13.107645800Z,0,55317801,,55177269,55317801,9714ab5c3996f6cc,60,C:\Users\shiba\ptcc_pokemon_ai_buttle\data\runs\grimmsnarl\v18_teacher_55177269\episodes\90702479\replay\episode_90702479.json,,success,,
,16422241,Sixth Sense,55138264,1113.7,55138264,90702501,COMPLETED,EPISODE_TYPE_PUBLIC,2026-08-07T11:59:54.249677100Z,2026-08-07T12:01:04.387778500Z,1,55202823,,55202823,55138264,9714ab5c3996f6cc,60,C:\Users\shiba\ptcc_pokemon_ai_buttle\data\runs\grimmsnarl\v18_teacher_55138264\episodes\90702501\replay\episode_90702501.json,,success,,
,16422241,Sixth Sense,55138264,1113.7,55138264,90718517,COMPLETED,EPISODE_TYPE_PUBLIC,2026-08-07T13:19:54.878505200Z,2026-08-07T13:25:38.826812Z,1,55266630,,55266630,55138264,9714ab5c3996f6cc,60,C:\Users\shiba\ptcc_pokemon_ai_buttle\data\runs\grimmsnarl\v18_teacher_55138264\episodes\90718517\replay\episode_90718517.json,,success,,
,16422241,Sixth Sense,55138264,1113.7,55138264,90719297,COMPLETED,EPISODE_TYPE_PUBLIC,2026-08-07T13:23:56.550599500Z,2026-08-07T13:25:39.896284900Z,1,55313052,,55313052,55138264,9714ab5c3996f6cc,60,C:\Users\shiba\ptcc_pokemon_ai_buttle\data\runs\grimmsnarl\v18_teacher_55138264\episodes\90719297\replay\episode_90719297.json,,success,,
,16452116,Raihan,55177269,1151.0,55177269,90720085,COMPLETED,EPISODE_TYPE_PUBLIC,2026-08-07T13:27:55.341881100Z,2026-08-07T13:28:55.784510700Z,1,55310729,,55310729,55177269,9714ab5c3996f6cc,60,C:\Users\shiba\ptcc_pokemon_ai_buttle\data\runs\grimmsnarl\v18_teacher_55177269\episodes\90720085\replay\episode_90720085.json,,success,,
,16422241,Sixth Sense,55138264,1113.7,55138264,90725602,COMPLETED,EPISODE_TYPE_PUBLIC,2026-08-07T13:55:53.868497Z,2026-08-07T13:56:58.796687600Z,1,55323962,,55323962,55138264,9714ab5c3996f6cc,60,C:\Users\shiba\ptcc_pokemon_ai_buttle\data\runs\grimmsnarl\v18_teacher_55138264\episodes\90725602\replay\episode_90725602.json,,success,,
,16452116,Raihan,55177269,1151.0,55177269,90737003,COMPLETED,EPISODE_TYPE_PUBLIC,2026-08-07T14:51:54.060705400Z,2026-08-07T14:52:47.427934Z,1,55325407,,55325407,55177269,9714ab5c3996f6cc,60,C:\Users\shiba\ptcc_pokemon_ai_buttle\data\runs\grimmsnarl\v18_teacher_55177269\episodes\90737003\replay\episode_90737003.json,,success,,
,16422241,Sixth Sense,55138264,1113.7,55138264,90749757,COMPLETED,EPISODE_TYPE_PUBLIC,2026-08-07T15:55:53.860825200Z,2026-08-07T16:01:27.599618900Z,0,55326908,,55138264,55326908,9714ab5c3996f6cc,60,C:\Users\shiba\ptcc_pokemon_ai_buttle\data\runs\grimmsnarl\v18_teacher_55138264\episodes\90749757\replay\episode_90749757.json,,success,,
,16422241,Sixth Sense,55138264,1113.7,55138264,90758539,COMPLETED,EPISODE_TYPE_PUBLIC,2026-08-07T16:39:55.616822Z,2026-08-07T16:40:59.270356500Z,0,55328254,,55138264,55328254,9714ab5c3996f6cc,60,C:\Users\shiba\ptcc_pokemon_ai_buttle\data\runs\grimmsnarl\v18_teacher_55138264\episodes\90758539\replay\episode_90758539.json,,success,,
,16422241,Sixth Sense,55138264,1113.7,55138264,90759415,COMPLETED,EPISODE_TYPE_PUBLIC,2026-08-07T16:43:56.046406100Z,2026-08-07T16:47:53.728234600Z,0,55327181,,55138264,55327181,9714ab5c3996f6cc,60,C:\Users\shiba\ptcc_pokemon_ai_buttle\data\runs\grimmsnarl\v18_teacher_55138264\episodes\90759415\replay\episode_90759415.json,,success,,
,16422241,Sixth Sense,55138264,1113.7,55138264,90760952,COMPLETED,EPISODE_TYPE_PUBLIC,2026-08-07T16:51:53.677537500Z,2026-08-07T16:53:05.781832100Z,1,55327181,,55327181,55138264,9714ab5c3996f6cc,60,C:\Users\shiba\ptcc_pokemon_ai_buttle\data\runs\grimmsnarl\v18_teacher_55138264\episodes\90760952\replay\episode_90760952.json,,success,,
,16452116,Raihan,55177269,1151.0,55177269,90761943,COMPLETED,EPISODE_TYPE_PUBLIC,2026-08-07T16:55:54.019260Z,2026-08-07T16:57:42.960464600Z,0,55326656,,55177269,55326656,9714ab5c3996f6cc,60,C:\Users\shiba\ptcc_pokemon_ai_buttle\data\runs\grimmsnarl\v18_teacher_55177269\episodes\90761943\replay\episode_90761943.json,,success,,
,16422241,Sixth Sense,55138264,1113.7,55138264,90762678,COMPLETED,EPISODE_TYPE_PUBLIC,2026-08-07T16:59:53.885210500Z,2026-08-07T17:04:00.191165700Z,1,55327181,,55327181,55138264,9714ab5c3996f6cc,60,C:\Users\shiba\ptcc_pokemon_ai_buttle\data\runs\grimmsnarl\v18_teacher_55138264\episodes\90762678\replay\episode_90762678.json,,success,,
,16422241,Sixth Sense,55138264,1113.7,55138264,90779333,COMPLETED,EPISODE_TYPE_PUBLIC,2026-08-07T18:21:45.929879Z,2026-08-07T18:23:03.791818Z,0,55290684,,55138264,55290684,9714ab5c3996f6cc,60,C:\Users\shiba\ptcc_pokemon_ai_buttle\data\runs\grimmsnarl\v18_teacher_55138264\episodes\90779333\replay\episode_90779333.json,,success,,
,16452116,Raihan,55177269,1151.0,55177269,90785927,COMPLETED,EPISODE_TYPE_PUBLIC,2026-08-07T18:56:36.563980600Z,2026-08-07T19:00:24.070692700Z,1,55329050,,55329050,55177269,9714ab5c3996f6cc,60,C:\Users\shiba\ptcc_pokemon_ai_buttle\data\runs\grimmsnarl\v18_teacher_55177269\episodes\90785927\replay\episode_90785927.json,,success,,
,16452116,Raihan,55177269,1151.0,55177269,90786032,COMPLETED,EPISODE_TYPE_PUBLIC,2026-08-07T18:56:36.770645900Z,2026-08-07T18:57:17.060673100Z,1,55326513,,55326513,55177269,9714ab5c3996f6cc,60,C:\Users\shiba\ptcc_pokemon_ai_buttle\data\runs\grimmsnarl\v18_teacher_55177269\episodes\90786032\replay\episode_90786032.json,,success,,
,16452116,Raihan,55177269,1151.0,55177269,90791645,COMPLETED,EPISODE_TYPE_PUBLIC,2026-08-07T19:24:34.934389400Z,2026-08-07T19:27:28.306867600Z,1,55331259,,55331259,55177269,9714ab5c3996f6cc,60,C:\Users\shiba\ptcc_pokemon_ai_buttle\data\runs\grimmsnarl\v18_teacher_55177269\episodes\90791645\replay\episode_90791645.json,,success,,
,16452116,Raihan,55177269,1151.0,55177269,90792671,COMPLETED,EPISODE_TYPE_PUBLIC,2026-08-07T19:28:35.058976600Z,2026-08-07T19:29:21.044409500Z,0,55328864,,55177269,55328864,9714ab5c3996f6cc,60,C:\Users\shiba\ptcc_pokemon_ai_buttle\data\runs\grimmsnarl\v18_teacher_55177269\episodes\90792671\replay\episode_90792671.json,,success,,
,16452116,Raihan,55177269,1151.0,55177269,90792797,COMPLETED,EPISODE_TYPE_PUBLIC,2026-08-07T19:28:35.242206800Z,2026-08-07T19:29:37.123841300Z,0,55320388,,55177269,55320388,9714ab5c3996f6cc,60,C:\Users\shiba\ptcc_pokemon_ai_buttle\data\runs\grimmsnarl\v18_teacher_55177269\episodes\90792797\replay\episode_90792797.json,,success,,
,16422241,Sixth Sense,55138264,1113.7,55138264,90793513,COMPLETED,EPISODE_TYPE_PUBLIC,2026-08-07T19:32:34.977857200Z,2026-08-07T19:33:16.759274200Z,1,55328864,,55328864,55138264,9714ab5c3996f6cc,60,C:\Users\shiba\ptcc_pokemon_ai_buttle\data\runs\grimmsnarl\v18_teacher_55138264\episodes\90793513\replay\episode_90793513.json,,success,,
,16452116,Raihan,55177269,1151.0,55177269,90794161,COMPLETED,EPISODE_TYPE_PUBLIC,2026-08-07T19:36:36.022576800Z,2026-08-07T19:38:32.287613100Z,0,55331869,,55177269,55331869,9714ab5c3996f6cc,60,C:\Users\shiba\ptcc_pokemon_ai_buttle\data\runs\grimmsnarl\v18_teacher_55177269\episodes\90794161\replay\episode_90794161.json,,success,,
,16452116,Raihan,55177269,1151.0,55177269,90799511,COMPLETED,EPISODE_TYPE_PUBLIC,2026-08-07T20:00:42.618693800Z,2026-08-07T20:01:43.318367400Z,0,55307654,,55177269,55307654,9714ab5c3996f6cc,60,C:\Users\shiba\ptcc_pokemon_ai_buttle\data\runs\grimmsnarl\v18_teacher_55177269\episodes\90799511\replay\episode_90799511.json,,success,,
,16422241,Sixth Sense,55138264,1113.7,55138264,90809130,COMPLETED,EPISODE_TYPE_PUBLIC,2026-08-07T20:51:07.912629200Z,2026-08-07T20:52:06.655950Z,1,55267977,,55267977,55138264,9714ab5c3996f6cc,60,C:\Users\shiba\ptcc_pokemon_ai_buttle\data\runs\grimmsnarl\v18_teacher_55138264\episodes\90809130\replay\episode_90809130.json,,success,,
,16452116,Raihan,55177269,1151.0,55177269,90812587,COMPLETED,EPISODE_TYPE_PUBLIC,2026-08-07T21:07:07.711019800Z,2026-08-07T21:08:15.489346300Z,1,55267977,,55267977,55177269,9714ab5c3996f6cc,60,C:\Users\shiba\ptcc_pokemon_ai_buttle\data\runs\grimmsnarl\v18_teacher_55177269\episodes\90812587\replay\episode_90812587.json,,success,,
,16452116,Raihan,55177269,1151.0,55177269,90816607,COMPLETED,EPISODE_TYPE_PUBLIC,2026-08-07T21:27:07.648260800Z,2026-08-07T21:28:03.437243200Z,1,55333348,,55333348,55177269,9714ab5c3996f6cc,60,C:\Users\shiba\ptcc_pokemon_ai_buttle\data\runs\grimmsnarl\v18_teacher_55177269\episodes\90816607\replay\episode_90816607.json,,success,,
,16422241,Sixth Sense,55138264,1113.7,55138264,90820935,COMPLETED,EPISODE_TYPE_PUBLIC,2026-08-07T21:47:08.230996400Z,2026-08-07T21:48:18.270962200Z,1,55323667,,55323667,55138264,9714ab5c3996f6cc,60,C:\Users\shiba\ptcc_pokemon_ai_buttle\data\runs\grimmsnarl\v18_teacher_55138264\episodes\90820935\replay\episode_90820935.json,,success,,
,16422241,Sixth Sense,55138264,1113.7,55138264,90821797,COMPLETED,EPISODE_TYPE_PUBLIC,2026-08-07T21:51:08.393036900Z,2026-08-07T21:52:29.654884600Z,1,55248965,,55248965,55138264,9714ab5c3996f6cc,60,C:\Users\shiba\ptcc_pokemon_ai_buttle\data\runs\grimmsnarl\v18_teacher_55138264\episodes\90821797\replay\episode_90821797.json,,success,,
,16452116,Raihan,55177269,1151.0,55177269,90822615,COMPLETED,EPISODE_TYPE_PUBLIC,2026-08-07T21:55:09.338577800Z,2026-08-07T21:56:03.447673500Z,0,55248965,,55177269,55248965,9714ab5c3996f6cc,60,C:\Users\shiba\ptcc_pokemon_ai_buttle\data\runs\grimmsnarl\v18_teacher_55177269\episodes\90822615\replay\episode_90822615.json,,success,,
,16452116,Raihan,55177269,1151.0,55177269,90827620,COMPLETED,EPISODE_TYPE_PUBLIC,2026-08-07T22:19:08.439942300Z,2026-08-07T22:20:19.016312800Z,1,55290684,,55290684,55177269,9714ab5c3996f6cc,60,C:\Users\shiba\ptcc_pokemon_ai_buttle\data\runs\grimmsnarl\v18_teacher_55177269\episodes\90827620\replay\episode_90827620.json,,success,,
,16422241,Sixth Sense,55138264,1113.7,55138264,90829192,COMPLETED,EPISODE_TYPE_PUBLIC,2026-08-07T22:27:08.008897200Z,2026-08-07T22:28:09.989139400Z,0,55288983,,55138264,55288983,9714ab5c3996f6cc,60,C:\Users\shiba\ptcc_pokemon_ai_buttle\data\runs\grimmsnarl\v18_teacher_55138264\episodes\90829192\replay\episode_90829192.json,,success,,
,16452116,Raihan,55177269,1151.0,55177269,90831766,COMPLETED,EPISODE_TYPE_PUBLIC,2026-08-07T22:39:07.936107800Z,2026-08-07T22:45:06.730905800Z,0,55329050,,55177269,55329050,9714ab5c3996f6cc,60,C:\Users\shiba\ptcc_pokemon_ai_buttle\data\runs\grimmsnarl\v18_teacher_55177269\episodes\90831766\replay\episode_90831766.json,,success,,
,16422241,Sixth Sense,55138264,1113.7,55138264,90832437,COMPLETED,EPISODE_TYPE_PUBLIC,2026-08-07T22:43:08.492580Z,2026-08-07T22:44:19.023410300Z,1,55290684,,55290684,55138264,9714ab5c3996f6cc,60,C:\Users\shiba\ptcc_pokemon_ai_buttle\data\runs\grimmsnarl\v18_teacher_55138264\episodes\90832437\replay\episode_90832437.json,,success,,
,16422241,Sixth Sense,55138264,1113.7,55138264,90832532,COMPLETED,EPISODE_TYPE_PUBLIC,2026-08-07T22:43:08.617438300Z,2026-08-07T22:44:22.494683200Z,1,55299454,,55299454,55138264,9714ab5c3996f6cc,60,C:\Users\shiba\ptcc_pokemon_ai_buttle\data\runs\grimmsnarl\v18_teacher_55138264\episodes\90832532\replay\episode_90832532.json,,success,,
,16422241,Sixth Sense,55138264,1113.7,55138264,90833170,COMPLETED,EPISODE_TYPE_PUBLIC,2026-08-07T22:47:09.519401500Z,2026-08-07T22:47:56.095107600Z,1,55333279,,55333279,55138264,9714ab5c3996f6cc,60,C:\Users\shiba\ptcc_pokemon_ai_buttle\data\runs\grimmsnarl\v18_teacher_55138264\episodes\90833170\replay\episode_90833170.json,,success,,
,16422241,Sixth Sense,55138264,1113.7,55138264,90833284,COMPLETED,EPISODE_TYPE_PUBLIC,2026-08-07T22:47:09.710177500Z,2026-08-07T22:54:04.230633400Z,0,55326656,,55138264,55326656,9714ab5c3996f6cc,60,C:\Users\shiba\ptcc_pokemon_ai_buttle\data\runs\grimmsnarl\v18_teacher_55138264\episodes\90833284\replay\episode_90833284.json,,success,,
,16452116,Raihan,55177269,1151.0,55177269,90834062,COMPLETED,EPISODE_TYPE_PUBLIC,2026-08-07T22:51:11.044648600Z,2026-08-07T22:52:08.688231200Z,0,55290684,,55177269,55290684,9714ab5c3996f6cc,60,C:\Users\shiba\ptcc_pokemon_ai_buttle\data\runs\grimmsnarl\v18_teacher_55177269\episodes\90834062\replay\episode_90834062.json,,success,,
,16422241,Sixth Sense,55138264,1113.7,55138264,90834070,COMPLETED,EPISODE_TYPE_PUBLIC,2026-08-07T22:51:11.048467800Z,2026-08-07T22:53:47.478537800Z,1,55246567,,55246567,55138264,9714ab5c3996f6cc,60,C:\Users\shiba\ptcc_pokemon_ai_buttle\data\runs\grimmsnarl\v18_teacher_55138264\episodes\90834070\replay\episode_90834070.json,,success,,
,16452116,Raihan,55177269,1151.0,55177269,90834258,COMPLETED,EPISODE_TYPE_PUBLIC,2026-08-07T22:51:11.392640700Z,2026-08-07T22:52:17.290748400Z,1,55247294,,55247294,55177269,9714ab5c3996f6cc,60,C:\Users\shiba\ptcc_pokemon_ai_buttle\data\runs\grimmsnarl\v18_teacher_55177269\episodes\90834258\replay\episode_90834258.json,,success,,
,16422241,Sixth Sense,55138264,1113.7,55138264,90834724,COMPLETED,EPISODE_TYPE_PUBLIC,2026-08-07T22:55:09.675654900Z,2026-08-07T22:55:54.255488200Z,1,55334560,,55334560,55138264,9714ab5c3996f6cc,60,C:\Users\shiba\ptcc_pokemon_ai_buttle\data\runs\grimmsnarl\v18_teacher_55138264\episodes\90834724\replay\episode_90834724.json,,success,,
,16422241,Sixth Sense,55138264,1113.7,55138264,90834782,COMPLETED,EPISODE_TYPE_PUBLIC,2026-08-07T22:55:09.810075200Z,2026-08-07T23:03:42.738041600Z,0,55326656,,55138264,55326656,9714ab5c3996f6cc,60,C:\Users\shiba\ptcc_pokemon_ai_buttle\data\runs\grimmsnarl\v18_teacher_55138264\episodes\90834782\replay\episode_90834782.json,,success,,
,16422241,Sixth Sense,55138264,1113.7,55138264,90834995,COMPLETED,EPISODE_TYPE_PUBLIC,2026-08-07T22:55:10.096699300Z,2026-08-07T22:56:26.779504500Z,0,55248965,,55138264,55248965,9714ab5c3996f6cc,60,C:\Users\shiba\ptcc_pokemon_ai_buttle\data\runs\grimmsnarl\v18_teacher_55138264\episodes\90834995\replay\episode_90834995.json,,success,,
,16422241,Sixth Sense,55138264,1113.7,55138264,90835695,COMPLETED,EPISODE_TYPE_PUBLIC,2026-08-07T22:59:09.990183700Z,2026-08-07T23:03:02.430502200Z,1,55325929,,55325929,55138264,9714ab5c3996f6cc,60,C:\Users\shiba\ptcc_pokemon_ai_buttle\data\runs\grimmsnarl\v18_teacher_55138264\episodes\90835695\replay\episode_90835695.json,,success,,
,16452116,Raihan,55177269,1151.0,55177269,90835812,COMPLETED,EPISODE_TYPE_PUBLIC,2026-08-07T22:59:10.149531Z,2026-08-07T23:04:11.931786300Z,1,55308701,,55308701,55177269,9714ab5c3996f6cc,60,C:\Users\shiba\ptcc_pokemon_ai_buttle\data\runs\grimmsnarl\v18_teacher_55177269\episodes\90835812\replay\episode_90835812.json,,success,,
,16422241,Sixth Sense,55138264,1113.7,55138264,90836519,COMPLETED,EPISODE_TYPE_PUBLIC,2026-08-07T23:03:10.968249600Z,2026-08-07T23:04:44.730568300Z,0,55202823,,55138264,55202823,9714ab5c3996f6cc,60,C:\Users\shiba\ptcc_pokemon_ai_buttle\data\runs\grimmsnarl\v18_teacher_55138264\episodes\90836519\replay\episode_90836519.json,,success,,
,16452116,Raihan,55177269,1151.0,55177269,90836597,COMPLETED,EPISODE_TYPE_PUBLIC,2026-08-07T23:03:11.092437100Z,2026-08-07T23:04:29.176635300Z,0,55323209,,55177269,55323209,9714ab5c3996f6cc,60,C:\Users\shiba\ptcc_pokemon_ai_buttle\data\runs\grimmsnarl\v18_teacher_55177269\episodes\90836597\replay\episode_90836597.json,,success,,
,16422241,Sixth Sense,55138264,1113.7,55138264,90837329,COMPLETED,EPISODE_TYPE_PUBLIC,2026-08-07T23:07:11.016534600Z,2026-08-07T23:08:36.186269600Z,0,55292349,,55138264,55292349,9714ab5c3996f6cc,60,C:\Users\shiba\ptcc_pokemon_ai_buttle\data\runs\grimmsnarl\v18_teacher_55138264\episodes\90837329\replay\episode_90837329.json,,success,,
,16452116,Raihan,55177269,1151.0,55177269,90837423,COMPLETED,EPISODE_TYPE_PUBLIC,2026-08-07T23:07:11.134245300Z,2026-08-07T23:08:05.090816800Z,1,55286093,,55286093,55177269,9714ab5c3996f6cc,60,C:\Users\shiba\ptcc_pokemon_ai_buttle\data\runs\grimmsnarl\v18_teacher_55177269\episodes\90837423\replay\episode_90837423.json,,success,,
,16452116,Raihan,55177269,1151.0,55177269,90838214,COMPLETED,EPISODE_TYPE_PUBLIC,2026-08-07T23:11:10.095666Z,2026-08-07T23:12:19.385558200Z,0,55308113,,55177269,55308113,9714ab5c3996f6cc,60,C:\Users\shiba\ptcc_pokemon_ai_buttle\data\runs\grimmsnarl\v18_teacher_55177269\episodes\90838214\replay\episode_90838214.json,,success,,
,16422241,Sixth Sense,55138264,1113.7,55138264,90838297,COMPLETED,EPISODE_TYPE_PUBLIC,2026-08-07T23:11:10.199117300Z,2026-08-07T23:11:58.266695200Z,0,54316221,,55138264,54316221,9714ab5c3996f6cc,60,C:\Users\shiba\ptcc_pokemon_ai_buttle\data\runs\grimmsnarl\v18_teacher_55138264\episodes\90838297\replay\episode_90838297.json,,success,,
,16422241,Sixth Sense,55138264,1113.7,55138264,90838925,COMPLETED,EPISODE_TYPE_PUBLIC,2026-08-07T23:15:45.502479200Z,2026-08-07T23:16:52.929408600Z,1,55333348,,55333348,55138264,9714ab5c3996f6cc,60,C:\Users\shiba\ptcc_pokemon_ai_buttle\data\runs\grimmsnarl\v18_teacher_55138264\episodes\90838925\replay\episode_90838925.json,,success,,
,16422241,Sixth Sense,55138264,1113.7,55138264,90839011,COMPLETED,EPISODE_TYPE_PUBLIC,2026-08-07T23:15:45.713171Z,2026-08-07T23:16:42.779116300Z,1,55247218,,55247218,55138264,9714ab5c3996f6cc,60,C:\Users\shiba\ptcc_pokemon_ai_buttle\data\runs\grimmsnarl\v18_teacher_55138264\episodes\90839011\replay\episode_90839011.json,,success,,
,16452116,Raihan,55177269,1151.0,55177269,90839158,COMPLETED,EPISODE_TYPE_PUBLIC,2026-08-07T23:15:46.113987400Z,2026-08-07T23:17:22.404842700Z,1,55332408,,55332408,55177269,9714ab5c3996f6cc,60,C:\Users\shiba\ptcc_pokemon_ai_buttle\data\runs\grimmsnarl\v18_teacher_55177269\episodes\90839158\replay\episode_90839158.json,,success,,
,16422241,Sixth Sense,55138264,1113.7,55138264,90839861,COMPLETED,EPISODE_TYPE_PUBLIC,2026-08-07T23:19:34.575555700Z,2026-08-07T23:21:00.135583600Z,0,55326708,,55138264,55326708,9714ab5c3996f6cc,60,C:\Users\shiba\ptcc_pokemon_ai_buttle\data\runs\grimmsnarl\v18_teacher_55138264\episodes\90839861\replay\episode_90839861.json,,success,,
,16452116,Raihan,55177269,1151.0,55177269,90840539,COMPLETED,EPISODE_TYPE_PUBLIC,2026-08-07T23:23:34.475351700Z,2026-08-07T23:24:44.009612700Z,0,55334560,,55177269,55334560,9714ab5c3996f6cc,60,C:\Users\shiba\ptcc_pokemon_ai_buttle\data\runs\grimmsnarl\v18_teacher_55177269\episodes\90840539\replay\episode_90840539.json,,success,,
,16422241,Sixth Sense,55138264,1113.7,55138264,90840680,COMPLETED,EPISODE_TYPE_PUBLIC,2026-08-07T23:23:34.698337300Z,2026-08-07T23:24:32.554974400Z,1,54813284,,54813284,55138264,9714ab5c3996f6cc,60,C:\Users\shiba\ptcc_pokemon_ai_buttle\data\runs\grimmsnarl\v18_teacher_55138264\episodes\90840680\replay\episode_90840680.json,,success,,
,16452116,Raihan,55177269,1151.0,55177269,90840839,COMPLETED,EPISODE_TYPE_PUBLIC,2026-08-07T23:23:34.916696Z,2026-08-07T23:24:47.342654100Z,1,55310540,,55310540,55177269,9714ab5c3996f6cc,60,C:\Users\shiba\ptcc_pokemon_ai_buttle\data\runs\grimmsnarl\v18_teacher_55177269\episodes\90840839\replay\episode_90840839.json,,success,,
,16422241,Sixth Sense,55138264,1113.7,55138264,90841477,COMPLETED,EPISODE_TYPE_PUBLIC,2026-08-07T23:27:34.678654400Z,2026-08-07T23:28:44.399930900Z,1,55248965,,55248965,55138264,9714ab5c3996f6cc,60,C:\Users\shiba\ptcc_pokemon_ai_buttle\data\runs\grimmsnarl\v18_teacher_55138264\episodes\90841477\replay\episode_90841477.json,,success,,
,16422241,Sixth Sense,55138264,1113.7,55138264,90841485,COMPLETED,EPISODE_TYPE_PUBLIC,2026-08-07T23:27:34.682649200Z,2026-08-07T23:35:11.888296600Z,0,55327181,,55138264,55327181,9714ab5c3996f6cc,60,C:\Users\shiba\ptcc_pokemon_ai_buttle\data\runs\grimmsnarl\v18_teacher_55138264\episodes\90841485\replay\episode_90841485.json,,success,,
,16422241,Sixth Sense,55138264,1113.7,55138264,90841489,COMPLETED,EPISODE_TYPE_PUBLIC,2026-08-07T23:27:34.683662Z,2026-08-07T23:28:37.895969700Z,1,55299454,,55299454,55138264,9714ab5c3996f6cc,60,C:\Users\shiba\ptcc_pokemon_ai_buttle\data\runs\grimmsnarl\v18_teacher_55138264\episodes\90841489\replay\episode_90841489.json,,success,,
,16422241,Sixth Sense,55138264,1113.7,55138264,90842319,COMPLETED,EPISODE_TYPE_PUBLIC,2026-08-07T23:31:34.727806800Z,2026-08-07T23:32:41.442532300Z,0,55327277,,55138264,55327277,9714ab5c3996f6cc,60,C:\Users\shiba\ptcc_pokemon_ai_buttle\data\runs\grimmsnarl\v18_teacher_55138264\episodes\90842319\replay\episode_90842319.json,,success,,
,16422241,Sixth Sense,55138264,1113.7,55138264,90843060,COMPLETED,EPISODE_TYPE_PUBLIC,2026-08-07T23:35:34.414658400Z,2026-08-07T23:36:26.634009400Z,0,55333348,,55138264,55333348,9714ab5c3996f6cc,60,C:\Users\shiba\ptcc_pokemon_ai_buttle\data\runs\grimmsnarl\v18_teacher_55138264\episodes\90843060\replay\episode_90843060.json,,success,,
,16422241,Sixth Sense,55138264,1113.7,55138264,90843125,COMPLETED,EPISODE_TYPE_PUBLIC,2026-08-07T23:35:34.531648400Z,2026-08-07T23:39:35.958133100Z,0,55308701,,55138264,55308701,9714ab5c3996f6cc,60,C:\Users\shiba\ptcc_pokemon_ai_buttle\data\runs\grimmsnarl\v18_teacher_55138264\episodes\90843125\replay\episode_90843125.json,,success,,
,16422241,Sixth Sense,55138264,1113.7,55138264,90843964,COMPLETED,EPISODE_TYPE_PUBLIC,2026-08-07T23:39:34.531334300Z,2026-08-07T23:40:32.078607Z,1,55333279,,55333279,55138264,9714ab5c3996f6cc,60,C:\Users\shiba\ptcc_pokemon_ai_buttle\data\runs\grimmsnarl\v18_teacher_55138264\episodes\90843964\replay\episode_90843964.json,,success,,
,16452116,Raihan,55177269,1151.0,55177269,90844090,COMPLETED,EPISODE_TYPE_PUBLIC,2026-08-07T23:39:34.814790400Z,2026-08-07T23:40:49.555464Z,1,55328414,,55328414,55177269,9714ab5c3996f6cc,60,C:\Users\shiba\ptcc_pokemon_ai_buttle\data\runs\grimmsnarl\v18_teacher_55177269\episodes\90844090\replay\episode_90844090.json,,success,,
,16422241,Sixth Sense,55138264,1113.7,55138264,90844779,COMPLETED,EPISODE_TYPE_PUBLIC,2026-08-07T23:43:34.491132400Z,2026-08-07T23:44:38.341269300Z,0,55331941,,55138264,55331941,9714ab5c3996f6cc,60,C:\Users\shiba\ptcc_pokemon_ai_buttle\data\runs\grimmsnarl\v18_teacher_55138264\episodes\90844779\replay\episode_90844779.json,,success,,
,16452116,Raihan,55177269,1151.0,55177269,90844935,COMPLETED,EPISODE_TYPE_PUBLIC,2026-08-07T23:43:34.733286600Z,2026-08-07T23:44:41.291836100Z,0,55247479,,55177269,55247479,9714ab5c3996f6cc,60,C:\Users\shiba\ptcc_pokemon_ai_buttle\data\runs\grimmsnarl\v18_teacher_55177269\episodes\90844935\replay\episode_90844935.json,,success,,
,16422241,Sixth Sense,55138264,1113.7,55138264,90845600,COMPLETED,EPISODE_TYPE_PUBLIC,2026-08-07T23:47:34.689011100Z,2026-08-07T23:48:53.229711200Z,0,55308113,,55138264,55308113,9714ab5c3996f6cc,60,C:\Users\shiba\ptcc_pokemon_ai_buttle\data\runs\grimmsnarl\v18_teacher_55138264\episodes\90845600\replay\episode_90845600.json,,success,,
,16422241,Sixth Sense,55138264,1113.7,55138264,90845601,COMPLETED,EPISODE_TYPE_PUBLIC,2026-08-07T23:47:34.691171600Z,2026-08-07T23:48:35.120674800Z,1,55308113,,55308113,55138264,9714ab5c3996f6cc,60,C:\Users\shiba\ptcc_pokemon_ai_buttle\data\runs\grimmsnarl\v18_teacher_55138264\episodes\90845601\replay\episode_90845601.json,,success,,
,16452116,Raihan,55177269,1151.0,55177269,90845603,COMPLETED,EPISODE_TYPE_PUBLIC,2026-08-07T23:47:34.695767700Z,2026-08-07T23:48:53.462239600Z,1,55299454,,55299454,55177269,9714ab5c3996f6cc,60,C:\Users\shiba\ptcc_pokemon_ai_buttle\data\runs\grimmsnarl\v18_teacher_55177269\episodes\90845603\replay\episode_90845603.json,,success,,
,16452116,Raihan,55177269,1151.0,55177269,90845681,COMPLETED,EPISODE_TYPE_PUBLIC,2026-08-07T23:47:34.809103900Z,2026-08-07T23:48:27.957181500Z,1,55300659,,55300659,55177269,9714ab5c3996f6cc,60,C:\Users\shiba\ptcc_pokemon_ai_buttle\data\runs\grimmsnarl\v18_teacher_55177269\episodes\90845681\replay\episode_90845681.json,,success,,
,16422241,Sixth Sense,55138264,1113.7,55138264,90846384,COMPLETED,EPISODE_TYPE_PUBLIC,2026-08-07T23:51:35.681631400Z,2026-08-07T23:52:32.522063900Z,0,55278240,,55138264,55278240,9714ab5c3996f6cc,60,C:\Users\shiba\ptcc_pokemon_ai_buttle\data\runs\grimmsnarl\v18_teacher_55138264\episodes\90846384\replay\episode_90846384.json,,success,,
,16452116,Raihan,55177269,1151.0,55177269,90846479,COMPLETED,EPISODE_TYPE_PUBLIC,2026-08-07T23:51:35.792812400Z,2026-08-07T23:53:13.346738Z,0,55300659,,55177269,55300659,9714ab5c3996f6cc,60,C:\Users\shiba\ptcc_pokemon_ai_buttle\data\runs\grimmsnarl\v18_teacher_55177269\episodes\90846479\replay\episode_90846479.json,,success,,
,16422241,Sixth Sense,55138264,1113.7,55138264,90847284,COMPLETED,EPISODE_TYPE_PUBLIC,2026-08-07T23:55:34.687355200Z,2026-08-08T00:01:01.165894500Z,1,55332136,,55332136,55138264,9714ab5c3996f6cc,60,C:\Users\shiba\ptcc_pokemon_ai_buttle\data\runs\grimmsnarl\v18_teacher_55138264\episodes\90847284\replay\episode_90847284.json,,success,,
,16452116,Raihan,55177269,1151.0,55177269,90847324,COMPLETED,EPISODE_TYPE_PUBLIC,2026-08-07T23:55:34.779643900Z,2026-08-07T23:56:38.762373800Z,0,55278240,,55177269,55278240,9714ab5c3996f6cc,60,C:\Users\shiba\ptcc_pokemon_ai_buttle\data\runs\grimmsnarl\v18_teacher_55177269\episodes\90847324\replay\episode_90847324.json,,success,,
,16422241,Sixth Sense,55138264,1113.7,55138264,90848087,COMPLETED,EPISODE_TYPE_PUBLIC,2026-08-07T23:59:34.397704400Z,2026-08-08T00:00:56.063126700Z,1,54773249,,54773249,55138264,9714ab5c3996f6cc,60,C:\Users\shiba\ptcc_pokemon_ai_buttle\data\runs\grimmsnarl\v18_teacher_55138264\episodes\90848087\replay\episode_90848087.json,,success,,
,16452116,Raihan,55177269,1151.0,55177269,90848186,COMPLETED,EPISODE_TYPE_PUBLIC,2026-08-07T23:59:34.526832500Z,2026-08-08T00:00:31.798449700Z,0,55299454,,55177269,55299454,9714ab5c3996f6cc,60,C:\Users\shiba\ptcc_pokemon_ai_buttle\data\runs\grimmsnarl\v18_teacher_55177269\episodes\90848186\replay\episode_90848186.json,,success,,
,16422241,Sixth Sense,55138264,1113.7,55138264,90849005,COMPLETED,EPISODE_TYPE_PUBLIC,2026-08-08T00:03:34.713766400Z,2026-08-08T00:08:34.695284600Z,0,55326656,,55138264,55326656,9714ab5c3996f6cc,60,C:\Users\shiba\ptcc_pokemon_ai_buttle\data\runs\grimmsnarl\v18_teacher_55138264\episodes\90849005\replay\episode_90849005.json,,success,,
,16422241,Sixth Sense,55138264,1113.7,55138264,90849902,COMPLETED,EPISODE_TYPE_PUBLIC,2026-08-08T00:07:34.776648200Z,2026-08-08T00:08:41.822510Z,1,55306549,,55306549,55138264,9714ab5c3996f6cc,60,C:\Users\shiba\ptcc_pokemon_ai_buttle\data\runs\grimmsnarl\v18_teacher_55138264\episodes\90849902\replay\episode_90849902.json,,success,,
,16422241,Sixth Sense,55138264,1113.7,55138264,90850553,COMPLETED,EPISODE_TYPE_PUBLIC,2026-08-08T00:11:35.120549800Z,2026-08-08T00:12:41.304282900Z,1,55307275,,55307275,55138264,9714ab5c3996f6cc,60,C:\Users\shiba\ptcc_pokemon_ai_buttle\data\runs\grimmsnarl\v18_teacher_55138264\episodes\90850553\replay\episode_90850553.json,,success,,
,16422241,Sixth Sense,55138264,1113.7,55138264,90850833,COMPLETED,EPISODE_TYPE_PUBLIC,2026-08-08T00:11:35.515586100Z,2026-08-08T00:12:55.819323800Z,1,55248965,,55248965,55138264,9714ab5c3996f6cc,60,C:\Users\shiba\ptcc_pokemon_ai_buttle\data\runs\grimmsnarl\v18_teacher_55138264\episodes\90850833\replay\episode_90850833.json,,success,,
,16422241,Sixth Sense,55138264,1113.7,55138264,90851569,COMPLETED,EPISODE_TYPE_PUBLIC,2026-08-08T00:15:34.939584800Z,2026-08-08T00:16:19.561679500Z,1,54607704,,54607704,55138264,9714ab5c3996f6cc,60,C:\Users\shiba\ptcc_pokemon_ai_buttle\data\runs\grimmsnarl\v18_teacher_55138264\episodes\90851569\replay\episode_90851569.json,,success,,
,16422241,Sixth Sense,55138264,1113.7,55138264,90852408,COMPLETED,EPISODE_TYPE_PUBLIC,2026-08-08T00:19:34.576492100Z,2026-08-08T00:22:36.153157500Z,1,55308701,,55308701,55138264,9714ab5c3996f6cc,60,C:\Users\shiba\ptcc_pokemon_ai_buttle\data\runs\grimmsnarl\v18_teacher_55138264\episodes\90852408\replay\episode_90852408.json,,success,,
,16452116,Raihan,55177269,1151.0,55177269,90853240,COMPLETED,EPISODE_TYPE_PUBLIC,2026-08-08T00:23:35.197819600Z,2026-08-08T00:24:30.598479900Z,0,55299454,,55177269,55299454,9714ab5c3996f6cc,60,C:\Users\shiba\ptcc_pokemon_ai_buttle\data\runs\grimmsnarl\v18_teacher_55177269\episodes\90853240\replay\episode_90853240.json,,success,,
,16422241,Sixth Sense,55138264,1113.7,55138264,90853244,COMPLETED,EPISODE_TYPE_PUBLIC,2026-08-08T00:23:35.205834400Z,2026-08-08T00:24:33.853666Z,1,55310729,,55310729,55138264,9714ab5c3996f6cc,60,C:\Users\shiba\ptcc_pokemon_ai_buttle\data\runs\grimmsnarl\v18_teacher_55138264\episodes\90853244\replay\episode_90853244.json,,success,,
,16422241,Sixth Sense,55138264,1113.7,55138264,90854090,COMPLETED,EPISODE_TYPE_PUBLIC,2026-08-08T00:27:35.013391300Z,2026-08-08T00:28:55.839576900Z,0,55308113,,55138264,55308113,9714ab5c3996f6cc,60,C:\Users\shiba\ptcc_pokemon_ai_buttle\data\runs\grimmsnarl\v18_teacher_55138264\episodes\90854090\replay\episode_90854090.json,,success,,
,16452116,Raihan,55177269,1151.0,55177269,90854142,COMPLETED,EPISODE_TYPE_PUBLIC,2026-08-08T00:27:35.099231200Z,2026-08-08T00:28:52.514352500Z,0,54773249,,55177269,54773249,9714ab5c3996f6cc,60,C:\Users\shiba\ptcc_pokemon_ai_buttle\data\runs\grimmsnarl\v18_teacher_55177269\episodes\90854142\replay\episode_90854142.json,,success,,
,16422241,Sixth Sense,55138264,1113.7,55138264,90854936,COMPLETED,EPISODE_TYPE_PUBLIC,2026-08-08T00:31:35.484705300Z,2026-08-08T00:32:55.446166500Z,0,55280291,,55138264,55280291,9714ab5c3996f6cc,60,C:\Users\shiba\ptcc_pokemon_ai_buttle\data\runs\grimmsnarl\v18_teacher_55138264\episodes\90854936\replay\episode_90854936.json,,success,,
,16422241,Sixth Sense,55138264,1113.7,55138264,90855774,COMPLETED,EPISODE_TYPE_PUBLIC,2026-08-08T00:35:35.678638200Z,2026-08-08T00:41:01.504043200Z,0,55333508,,55138264,55333508,9714ab5c3996f6cc,60,C:\Users\shiba\ptcc_pokemon_ai_buttle\data\runs\grimmsnarl\v18_teacher_55138264\episodes\90855774\replay\episode_90855774.json,,success,,
,16422241,Sixth Sense,55138264,1113.7,55138264,90856622,COMPLETED,EPISODE_TYPE_PUBLIC,2026-08-08T00:39:36.820270600Z,2026-08-08T00:40:52.678071300Z,0,55333348,,55138264,55333348,9714ab5c3996f6cc,60,C:\Users\shiba\ptcc_pokemon_ai_buttle\data\runs\grimmsnarl\v18_teacher_55138264\episodes\90856622\replay\episode_90856622.json,,success,,
,16422241,Sixth Sense,55138264,1113.7,55138264,90856636,COMPLETED,EPISODE_TYPE_PUBLIC,2026-08-08T00:39:36.835336200Z,2026-08-08T00:40:41.166130600Z,1,55333341,,55333341,55138264,9714ab5c3996f6cc,60,C:\Users\shiba\ptcc_pokemon_ai_buttle\data\runs\grimmsnarl\v18_teacher_55138264\episodes\90856636\replay\episode_90856636.json,,success,,
,16422241,Sixth Sense,55138264,1113.7,55138264,90856648,COMPLETED,EPISODE_TYPE_PUBLIC,2026-08-08T00:39:36.881841Z,2026-08-08T00:41:01.883315800Z,1,54773249,,54773249,55138264,9714ab5c3996f6cc,60,C:\Users\shiba\ptcc_pokemon_ai_buttle\data\runs\grimmsnarl\v18_teacher_55138264\episodes\90856648\replay\episode_90856648.json,,success,,
,16422241,Sixth Sense,55138264,1113.7,55138264,90857493,COMPLETED,EPISODE_TYPE_PUBLIC,2026-08-08T00:43:35.481509200Z,2026-08-08T00:44:28.910746800Z,0,54019509,,55138264,54019509,9714ab5c3996f6cc,60,C:\Users\shiba\ptcc_pokemon_ai_buttle\data\runs\grimmsnarl\v18_teacher_55138264\episodes\90857493\replay\episode_90857493.json,,success,,
,16452116,Raihan,55177269,1151.0,55177269,90858910,COMPLETED,EPISODE_TYPE_PUBLIC,2026-08-08T00:51:35.426721400Z,2026-08-08T00:52:36.241870900Z,1,55336470,,55336470,55177269,9714ab5c3996f6cc,60,C:\Users\shiba\ptcc_pokemon_ai_buttle\data\runs\grimmsnarl\v18_teacher_55177269\episodes\90858910\replay\episode_90858910.json,,success,,
,16422241,Sixth Sense,55138264,1113.7,55138264,90860797,COMPLETED,EPISODE_TYPE_PUBLIC,2026-08-08T00:59:34.828879200Z,2026-08-08T01:00:22.025817200Z,0,55334560,,55138264,55334560,9714ab5c3996f6cc,60,C:\Users\shiba\ptcc_pokemon_ai_buttle\data\runs\grimmsnarl\v18_teacher_55138264\episodes\90860797\replay\episode_90860797.json,,success,,
,16452116,Raihan,55177269,1151.0,55177269,90861750,COMPLETED,EPISODE_TYPE_PUBLIC,2026-08-08T01:03:35.397307400Z,2026-08-08T01:05:12.806978100Z,0,55297151,,55177269,55297151,9714ab5c3996f6cc,60,C:\Users\shiba\ptcc_pokemon_ai_buttle\data\runs\grimmsnarl\v18_teacher_55177269\episodes\90861750\replay\episode_90861750.json,,success,,
,16422241,Sixth Sense,55138264,1113.7,55138264,90864079,COMPLETED,EPISODE_TYPE_PUBLIC,2026-08-08T01:15:35.324237500Z,2026-08-08T01:16:51.362315400Z,0,55335813,,55138264,55335813,9714ab5c3996f6cc,60,C:\Users\shiba\ptcc_pokemon_ai_buttle\data\runs\grimmsnarl\v18_teacher_55138264\episodes\90864079\replay\episode_90864079.json,,success,,
,16452116,Raihan,55177269,1151.0,55177269,90872458,COMPLETED,EPISODE_TYPE_PUBLIC,2026-08-08T01:55:34.629498900Z,2026-08-08T01:56:41.260290700Z,0,55337822,,55177269,55337822,9714ab5c3996f6cc,60,C:\Users\shiba\ptcc_pokemon_ai_buttle\data\runs\grimmsnarl\v18_teacher_55177269\episodes\90872458\replay\episode_90872458.json,,success,,
,16452116,Raihan,55177269,1151.0,55177269,90880227,COMPLETED,EPISODE_TYPE_PUBLIC,2026-08-08T02:31:36.388686600Z,2026-08-08T02:32:42.676311300Z,1,55336429,,55336429,55177269,9714ab5c3996f6cc,60,C:\Users\shiba\ptcc_pokemon_ai_buttle\data\runs\grimmsnarl\v18_teacher_55177269\episodes\90880227\replay\episode_90880227.json,,success,,
,16452116,Raihan,55177269,1151.0,55177269,90881764,COMPLETED,EPISODE_TYPE_PUBLIC,2026-08-08T02:39:36.489284600Z,2026-08-08T02:40:28.257500900Z,0,55338105,,55177269,55338105,9714ab5c3996f6cc,60,C:\Users\shiba\ptcc_pokemon_ai_buttle\data\runs\grimmsnarl\v18_teacher_55177269\episodes\90881764\replay\episode_90881764.json,,success,,
,16422241,Sixth Sense,55138264,1113.7,55138264,90886125,COMPLETED,EPISODE_TYPE_PUBLIC,2026-08-08T02:59:34.878917500Z,2026-08-08T03:00:21.951180500Z,1,55336429,,55336429,55138264,9714ab5c3996f6cc,60,C:\Users\shiba\ptcc_pokemon_ai_buttle\data\runs\grimmsnarl\v18_teacher_55138264\episodes\90886125\replay\episode_90886125.json,,success,,
,16452116,Raihan,55177269,1151.0,55177269,90887796,COMPLETED,EPISODE_TYPE_PUBLIC,2026-08-08T03:07:34.814838300Z,2026-08-08T03:08:17.460225Z,0,55336429,,55177269,55336429,9714ab5c3996f6cc,60,C:\Users\shiba\ptcc_pokemon_ai_buttle\data\runs\grimmsnarl\v18_teacher_55177269\episodes\90887796\replay\episode_90887796.json,,success,,
,16452116,Raihan,55177269,1151.0,55177269,90891032,COMPLETED,EPISODE_TYPE_PUBLIC,2026-08-08T03:23:34.921112400Z,2026-08-08T03:24:22.075063100Z,1,55338105,,55338105,55177269,9714ab5c3996f6cc,60,C:\Users\shiba\ptcc_pokemon_ai_buttle\data\runs\grimmsnarl\v18_teacher_55177269\episodes\90891032\replay\episode_90891032.json,,success,,
,16422241,Sixth Sense,55138264,1113.7,55138264,90894373,COMPLETED,EPISODE_TYPE_PUBLIC,2026-08-08T03:39:34.791297200Z,2026-08-08T03:40:34.422904Z,0,55334560,,55138264,55334560,9714ab5c3996f6cc,60,C:\Users\shiba\ptcc_pokemon_ai_buttle\data\runs\grimmsnarl\v18_teacher_55138264\episodes\90894373\replay\episode_90894373.json,,success,,
,16452116,Raihan,55177269,1151.0,55177269,90894466,COMPLETED,EPISODE_TYPE_PUBLIC,2026-08-08T03:39:34.918894100Z,2026-08-08T03:40:43.686260100Z,1,55338655,,55338655,55177269,9714ab5c3996f6cc,60,C:\Users\shiba\ptcc_pokemon_ai_buttle\data\runs\grimmsnarl\v18_teacher_55177269\episodes\90894466\replay\episode_90894466.json,,success,,
,16452116,Raihan,55177269,1151.0,55177269,90896260,COMPLETED,EPISODE_TYPE_PUBLIC,2026-08-08T03:47:35.108828Z,2026-08-08T03:48:36.597370800Z,0,55336429,,55177269,55336429,9714ab5c3996f6cc,60,C:\Users\shiba\ptcc_pokemon_ai_buttle\data\runs\grimmsnarl\v18_teacher_55177269\episodes\90896260\replay\episode_90896260.json,,success,,
,16452116,Raihan,55177269,1151.0,55177269,90902722,COMPLETED,EPISODE_TYPE_PUBLIC,2026-08-08T04:19:34.516821900Z,2026-08-08T04:20:40.254727800Z,0,55339557,,55177269,55339557,9714ab5c3996f6cc,60,C:\Users\shiba\ptcc_pokemon_ai_buttle\data\runs\grimmsnarl\v18_teacher_55177269\episodes\90902722\replay\episode_90902722.json,,success,,
,16422241,Sixth Sense,55138264,1113.7,55138264,90912891,COMPLETED,EPISODE_TYPE_PUBLIC,2026-08-08T05:07:42.879363500Z,2026-08-08T05:08:30.960228400Z,1,55340553,,55340553,55138264,9714ab5c3996f6cc,60,C:\Users\shiba\ptcc_pokemon_ai_buttle\data\runs\grimmsnarl\v18_teacher_55138264\episodes\90912891\replay\episode_90912891.json,,success,,
,16422241,Sixth Sense,55138264,1113.7,55138264,90913133,COMPLETED,EPISODE_TYPE_PUBLIC,2026-08-08T05:07:43.273541600Z,2026-08-08T05:08:46.976568700Z,1,55331941,,55331941,55138264,9714ab5c3996f6cc,60,C:\Users\shiba\ptcc_pokemon_ai_buttle\data\runs\grimmsnarl\v18_teacher_55138264\episodes\90913133\replay\episode_90913133.json,,success,,
,16452116,Raihan,55177269,1151.0,55177269,90913764,COMPLETED,EPISODE_TYPE_PUBLIC,2026-08-08T05:11:45.876447Z,2026-08-08T05:12:32.077062Z,0,55340443,,55177269,55340443,9714ab5c3996f6cc,60,C:\Users\shiba\ptcc_pokemon_ai_buttle\data\runs\grimmsnarl\v18_teacher_55177269\episodes\90913764\replay\episode_90913764.json,,success,,
,16422241,Sixth Sense,55138264,1113.7,55138264,90916518,COMPLETED,EPISODE_TYPE_PUBLIC,2026-08-08T05:23:43.087956500Z,2026-08-08T05:24:40.340857400Z,1,55334560,,55334560,55138264,9714ab5c3996f6cc,60,C:\Users\shiba\ptcc_pokemon_ai_buttle\data\runs\grimmsnarl\v18_teacher_55138264\episodes\90916518\replay\episode_90916518.json,,success,,
,16452116,Raihan,55177269,1151.0,55177269,90918228,COMPLETED,EPISODE_TYPE_PUBLIC,2026-08-08T05:31:43.984283200Z,2026-08-08T05:32:29.723778200Z,1,55337493,,55337493,55177269,9714ab5c3996f6cc,60,C:\Users\shiba\ptcc_pokemon_ai_buttle\data\runs\grimmsnarl\v18_teacher_55177269\episodes\90918228\replay\episode_90918228.json,,success,,
,16422241,Sixth Sense,55138264,1113.7,55138264,90929068,COMPLETED,EPISODE_TYPE_PUBLIC,2026-08-08T06:23:43.113037900Z,2026-08-08T06:24:39.203525700Z,1,55333348,,55333348,55138264,9714ab5c3996f6cc,60,C:\Users\shiba\ptcc_pokemon_ai_buttle\data\runs\grimmsnarl\v18_teacher_55138264\episodes\90929068\replay\episode_90929068.json,,success,,
,16452116,Raihan,55177269,1151.0,55177269,90931395,COMPLETED,EPISODE_TYPE_PUBLIC,2026-08-08T06:35:42.987895200Z,2026-08-08T06:36:35.661090600Z,0,55340553,,55177269,55340553,9714ab5c3996f6cc,60,C:\Users\shiba\ptcc_pokemon_ai_buttle\data\runs\grimmsnarl\v18_teacher_55177269\episodes\90931395\replay\episode_90931395.json,,success,,
,16422241,Sixth Sense,55138264,1113.7,55138264,90944887,COMPLETED,EPISODE_TYPE_PUBLIC,2026-08-08T07:39:42.990376100Z,2026-08-08T07:40:30.777000400Z,0,55328864,,55138264,55328864,9714ab5c3996f6cc,60,C:\Users\shiba\ptcc_pokemon_ai_buttle\data\runs\grimmsnarl\v18_teacher_55138264\episodes\90944887\replay\episode_90944887.json,,success,,
,16422241,Sixth Sense,55138264,1113.7,55138264,90946459,COMPLETED,EPISODE_TYPE_PUBLIC,2026-08-08T07:47:44.306258400Z,2026-08-08T07:48:36.112800700Z,1,55342044,,55342044,55138264,9714ab5c3996f6cc,60,C:\Users\shiba\ptcc_pokemon_ai_buttle\data\runs\grimmsnarl\v18_teacher_55138264\episodes\90946459\replay\episode_90946459.json,,success,,
,16452116,Raihan,55177269,1151.0,55177269,90951537,COMPLETED,EPISODE_TYPE_PUBLIC,2026-08-08T08:11:45.246027600Z,2026-08-08T08:12:32.964629Z,1,55324471,,55324471,55177269,9714ab5c3996f6cc,60,C:\Users\shiba\ptcc_pokemon_ai_buttle\data\runs\grimmsnarl\v18_teacher_55177269\episodes\90951537\replay\episode_90951537.json,,success,,
,16422241,Sixth Sense,55138264,1113.7,55138264,90952208,COMPLETED,EPISODE_TYPE_PUBLIC,2026-08-08T08:15:44.637938200Z,2026-08-08T08:16:35.796301200Z,1,55342044,,55342044,55138264,9714ab5c3996f6cc,60,C:\Users\shiba\ptcc_pokemon_ai_buttle\data\runs\grimmsnarl\v18_teacher_55138264\episodes\90952208\replay\episode_90952208.json,,success,,
,16452116,Raihan,55177269,1151.0,55177269,90954598,COMPLETED,EPISODE_TYPE_PUBLIC,2026-08-08T08:27:44.014565Z,2026-08-08T08:34:10.633503300Z,0,55344447,,55177269,55344447,9714ab5c3996f6cc,60,C:\Users\shiba\ptcc_pokemon_ai_buttle\data\runs\grimmsnarl\v18_teacher_55177269\episodes\90954598\replay\episode_90954598.json,,success,,
,16452116,Raihan,55177269,1151.0,55177269,90957410,COMPLETED,EPISODE_TYPE_PUBLIC,2026-08-08T08:39:44.615258500Z,2026-08-08T08:40:53.888632300Z,1,55331941,,55331941,55177269,9714ab5c3996f6cc,60,C:\Users\shiba\ptcc_pokemon_ai_buttle\data\runs\grimmsnarl\v18_teacher_55177269\episodes\90957410\replay\episode_90957410.json,,success,,
,16452116,Raihan,55177269,1151.0,55177269,90959732,COMPLETED,EPISODE_TYPE_PUBLIC,2026-08-08T08:51:46.421223500Z,2026-08-08T09:02:39.438019Z,0,55342044,,55177269,55342044,9714ab5c3996f6cc,60,C:\Users\shiba\ptcc_pokemon_ai_buttle\data\runs\grimmsnarl\v18_teacher_55177269\episodes\90959732\replay\episode_90959732.json,,success,,
,16422241,Sixth Sense,55138264,1113.7,55138264,90962275,COMPLETED,EPISODE_TYPE_PUBLIC,2026-08-08T09:03:44.486469900Z,2026-08-08T09:04:57.011044100Z,0,55342044,,55138264,55342044,9714ab5c3996f6cc,60,C:\Users\shiba\ptcc_pokemon_ai_buttle\data\runs\grimmsnarl\v18_teacher_55138264\episodes\90962275\replay\episode_90962275.json,,success,,
,16422241,Sixth Sense,55138264,1113.7,55138264,90978727,COMPLETED,EPISODE_TYPE_PUBLIC,2026-08-08T10:23:43.939692Z,2026-08-08T10:24:50.178666500Z,0,55346769,,55138264,55346769,9714ab5c3996f6cc,60,C:\Users\shiba\ptcc_pokemon_ai_buttle\data\runs\grimmsnarl\v18_teacher_55138264\episodes\90978727\replay\episode_90978727.json,,success,,
,16452116,Raihan,55177269,1151.0,55177269,90979012,COMPLETED,EPISODE_TYPE_PUBLIC,2026-08-08T10:23:44.397710100Z,2026-08-08T10:24:54.343812400Z,1,55290684,,55290684,55177269,9714ab5c3996f6cc,60,C:\Users\shiba\ptcc_pokemon_ai_buttle\data\runs\grimmsnarl\v18_teacher_55177269\episodes\90979012\replay\episode_90979012.json,,success,,
,16422241,Sixth Sense,55138264,1113.7,55138264,90998187,COMPLETED,EPISODE_TYPE_PUBLIC,2026-08-08T11:55:44.212570200Z,2026-08-08T12:01:47.188437Z,1,55333508,,55333508,55138264,9714ab5c3996f6cc,60,C:\Users\shiba\ptcc_pokemon_ai_buttle\data\runs\grimmsnarl\v18_teacher_55138264\episodes\90998187\replay\episode_90998187.json,,success,,
,16452116,Raihan,55177269,1151.0,55177269,91000683,COMPLETED,EPISODE_TYPE_PUBLIC,2026-08-08T12:07:44.341019800Z,2026-08-08T12:08:45.714758400Z,0,54957625,,55177269,54957625,9714ab5c3996f6cc,60,C:\Users\shiba\ptcc_pokemon_ai_buttle\data\runs\grimmsnarl\v18_teacher_55177269\episodes\91000683\replay\episode_91000683.json,,success,,
,16452116,Raihan,55177269,1151.0,55177269,91006400,COMPLETED,EPISODE_TYPE_PUBLIC,2026-08-08T12:35:44.402429500Z,2026-08-08T12:36:39.549422300Z,0,55347878,,55177269,55347878,9714ab5c3996f6cc,60,C:\Users\shiba\ptcc_pokemon_ai_buttle\data\runs\grimmsnarl\v18_teacher_55177269\episodes\91006400\replay\episode_91006400.json,,success,,
,16422241,Sixth Sense,55138264,1113.7,55138264,91012274,COMPLETED,EPISODE_TYPE_PUBLIC,2026-08-08T13:03:44.736342500Z,2026-08-08T13:04:34.831093200Z,1,55337493,,55337493,55138264,9714ab5c3996f6cc,60,C:\Users\shiba\ptcc_pokemon_ai_buttle\data\runs\grimmsnarl\v18_teacher_55138264\episodes\91012274\replay\episode_91012274.json,,success,,
,16422241,Sixth Sense,55138264,1113.7,55138264,91014621,COMPLETED,EPISODE_TYPE_PUBLIC,2026-08-08T13:15:44.098467700Z,2026-08-08T13:17:26.046174200Z,1,55350708,,55350708,55138264,9714ab5c3996f6cc,60,C:\Users\shiba\ptcc_pokemon_ai_buttle\data\runs\grimmsnarl\v18_teacher_55138264\episodes\91014621\replay\episode_91014621.json,,success,,
,16422241,Sixth Sense,55138264,1113.7,55138264,91017168,COMPLETED,EPISODE_TYPE_PUBLIC,2026-08-08T13:27:43.991560500Z,2026-08-08T13:29:53.409806200Z,0,55350708,,55138264,55350708,9714ab5c3996f6cc,60,C:\Users\shiba\ptcc_pokemon_ai_buttle\data\runs\grimmsnarl\v18_teacher_55138264\episodes\91017168\replay\episode_91017168.json,,success,,
,16422241,Sixth Sense,55138264,1113.7,55138264,91026337,COMPLETED,EPISODE_TYPE_PUBLIC,2026-08-08T14:11:52.351431400Z,2026-08-08T14:12:48.485502100Z,0,55349817,,55138264,55349817,9714ab5c3996f6cc,60,C:\Users\shiba\ptcc_pokemon_ai_buttle\data\runs\grimmsnarl\v18_teacher_55138264\episodes\91026337\replay\episode_91026337.json,,success,,
,16452116,Raihan,55177269,1151.0,55177269,91030880,COMPLETED,EPISODE_TYPE_PUBLIC,2026-08-08T14:31:53.790636Z,2026-08-08T14:33:16.010809600Z,1,55348200,,55348200,55177269,9714ab5c3996f6cc,60,C:\Users\shiba\ptcc_pokemon_ai_buttle\data\runs\grimmsnarl\v18_teacher_55177269\episodes\91030880\replay\episode_91030880.json,,success,,
,16452116,Raihan,55177269,1151.0,55177269,91040097,COMPLETED,EPISODE_TYPE_PUBLIC,2026-08-08T15:15:51.319608600Z,2026-08-08T15:17:00.182100300Z,1,55349658,,55349658,55177269,9714ab5c3996f6cc,60,C:\Users\shiba\ptcc_pokemon_ai_buttle\data\runs\grimmsnarl\v18_teacher_55177269\episodes\91040097\replay\episode_91040097.json,,success,,
,16452116,Raihan,55177269,1151.0,55177269,91059199,COMPLETED,EPISODE_TYPE_PUBLIC,2026-08-08T16:47:53.381118500Z,2026-08-08T16:49:14.711603200Z,1,55355249,,55355249,55177269,9714ab5c3996f6cc,60,C:\Users\shiba\ptcc_pokemon_ai_buttle\data\runs\grimmsnarl\v18_teacher_55177269\episodes\91059199\replay\episode_91059199.json,,success,,
,16452116,Raihan,55177269,1151.0,55177269,91085613,COMPLETED,EPISODE_TYPE_PUBLIC,2026-08-08T18:47:53.682384200Z,2026-08-08T18:49:20.835546400Z,0,54773249,,55177269,54773249,9714ab5c3996f6cc,60,C:\Users\shiba\ptcc_pokemon_ai_buttle\data\runs\grimmsnarl\v18_teacher_55177269\episodes\91085613\replay\episode_91085613.json,,success,,
,16452116,Raihan,55177269,1151.0,55177269,91104833,COMPLETED,EPISODE_TYPE_PUBLIC,2026-08-08T20:16:00.772999500Z,2026-08-08T20:16:57.298926100Z,0,55340443,,55177269,55340443,9714ab5c3996f6cc,60,C:\Users\shiba\ptcc_pokemon_ai_buttle\data\runs\grimmsnarl\v18_teacher_55177269\episodes\91104833\replay\episode_91104833.json,,success,,
,16452116,Raihan,55177269,1151.0,55177269,91110795,COMPLETED,EPISODE_TYPE_PUBLIC,2026-08-08T20:44:00.218234Z,2026-08-08T20:45:19.322617600Z,0,55357507,,55177269,55357507,9714ab5c3996f6cc,60,C:\Users\shiba\ptcc_pokemon_ai_buttle\data\runs\grimmsnarl\v18_teacher_55177269\episodes\91110795\replay\episode_91110795.json,,success,,
,16452116,Raihan,55177269,1151.0,55177269,91124975,COMPLETED,EPISODE_TYPE_PUBLIC,2026-08-08T21:48:00.275980300Z,2026-08-08T21:48:43.231858300Z,0,54450754,,55177269,54450754,9714ab5c3996f6cc,60,C:\Users\shiba\ptcc_pokemon_ai_buttle\data\runs\grimmsnarl\v18_teacher_55177269\episodes\91124975\replay\episode_91124975.json,,success,,
,16452116,Raihan,55177269,1151.0,55177269,91128217,COMPLETED,EPISODE_TYPE_PUBLIC,2026-08-08T22:04:00.117687300Z,2026-08-08T22:04:51.709526900Z,1,55333348,,55333348,55177269,9714ab5c3996f6cc,60,C:\Users\shiba\ptcc_pokemon_ai_buttle\data\runs\grimmsnarl\v18_teacher_55177269\episodes\91128217\replay\episode_91128217.json,,success,,
,16452116,Raihan,55177269,1151.0,55177269,91130126,COMPLETED,EPISODE_TYPE_PUBLIC,2026-08-08T22:12:00.903223400Z,2026-08-08T22:21:38.027897900Z,0,55352315,,55177269,55352315,9714ab5c3996f6cc,60,C:\Users\shiba\ptcc_pokemon_ai_buttle\data\runs\grimmsnarl\v18_teacher_55177269\episodes\91130126\replay\episode_91130126.json,,success,,
,16452116,Raihan,55177269,1151.0,55177269,91139767,COMPLETED,EPISODE_TYPE_PUBLIC,2026-08-08T22:56:02.921775700Z,2026-08-08T22:57:17.794320500Z,0,55356795,,55177269,55356795,9714ab5c3996f6cc,60,C:\Users\shiba\ptcc_pokemon_ai_buttle\data\runs\grimmsnarl\v18_teacher_55177269\episodes\91139767\replay\episode_91139767.json,,success,,
,16452116,Raihan,55177269,1151.0,55177269,91140653,COMPLETED,EPISODE_TYPE_PUBLIC,2026-08-08T23:00:03.009508900Z,2026-08-08T23:01:06.477889600Z,0,55278240,,55177269,55278240,9714ab5c3996f6cc,60,C:\Users\shiba\ptcc_pokemon_ai_buttle\data\runs\grimmsnarl\v18_teacher_55177269\episodes\91140653\replay\episode_91140653.json,,success,,
,16452116,Raihan,55177269,1151.0,55177269,91142269,COMPLETED,EPISODE_TYPE_PUBLIC,2026-08-08T23:08:02.689467700Z,2026-08-08T23:09:02.115531700Z,0,55342044,,55177269,55342044,9714ab5c3996f6cc,60,C:\Users\shiba\ptcc_pokemon_ai_buttle\data\runs\grimmsnarl\v18_teacher_55177269\episodes\91142269\replay\episode_91142269.json,,success,,
,16452116,Raihan,55177269,1151.0,55177269,91143193,COMPLETED,EPISODE_TYPE_PUBLIC,2026-08-08T23:12:08.748488800Z,2026-08-08T23:12:50.480124400Z,1,55331941,,55331941,55177269,9714ab5c3996f6cc,60,C:\Users\shiba\ptcc_pokemon_ai_buttle\data\runs\grimmsnarl\v18_teacher_55177269\episodes\91143193\replay\episode_91143193.json,,success,,
,16452116,Raihan,55177269,1151.0,55177269,91146429,COMPLETED,EPISODE_TYPE_PUBLIC,2026-08-08T23:28:02.568917700Z,2026-08-08T23:29:01.770501Z,1,55361743,,55361743,55177269,9714ab5c3996f6cc,60,C:\Users\shiba\ptcc_pokemon_ai_buttle\data\runs\grimmsnarl\v18_teacher_55177269\episodes\91146429\replay\episode_91146429.json,,success,,
,16452116,Raihan,55177269,1151.0,55177269,91168817,COMPLETED,EPISODE_TYPE_PUBLIC,2026-08-09T01:08:03.621236100Z,2026-08-09T01:15:05.001092800Z,1,55296227,,55296227,55177269,9714ab5c3996f6cc,60,C:\Users\shiba\ptcc_pokemon_ai_buttle\data\runs\grimmsnarl\v18_teacher_55177269\episodes\91168817\replay\episode_91168817.json,,success,,
,16452116,Raihan,55177269,1151.0,55177269,91180039,COMPLETED,EPISODE_TYPE_PUBLIC,2026-08-09T02:00:02.985657300Z,2026-08-09T02:01:09.297359100Z,0,55362225,,55177269,55362225,9714ab5c3996f6cc,60,C:\Users\shiba\ptcc_pokemon_ai_buttle\data\runs\grimmsnarl\v18_teacher_55177269\episodes\91180039\replay\episode_91180039.json,,success,,
,16452116,Raihan,55177269,1151.0,55177269,91180939,COMPLETED,EPISODE_TYPE_PUBLIC,2026-08-09T02:04:03.078108500Z,2026-08-09T02:05:07.575438800Z,0,55362225,,55177269,55362225,9714ab5c3996f6cc,60,C:\Users\shiba\ptcc_pokemon_ai_buttle\data\runs\grimmsnarl\v18_teacher_55177269\episodes\91180939\replay\episode_91180939.json,,success,,
,16452116,Raihan,55177269,1151.0,55177269,91187111,COMPLETED,EPISODE_TYPE_PUBLIC,2026-08-09T02:32:04.483908400Z,2026-08-09T02:32:52.578311700Z,1,55362619,,55362619,55177269,9714ab5c3996f6cc,60,C:\Users\shiba\ptcc_pokemon_ai_buttle\data\runs\grimmsnarl\v18_teacher_55177269\episodes\91187111\replay\episode_91187111.json,,success,,
,16452116,Raihan,55177269,1151.0,55177269,91213715,COMPLETED,EPISODE_TYPE_PUBLIC,2026-08-09T04:32:05.135887900Z,2026-08-09T04:33:03.970799700Z,1,55346769,,55346769,55177269,9714ab5c3996f6cc,60,C:\Users\shiba\ptcc_pokemon_ai_buttle\data\runs\grimmsnarl\v18_teacher_55177269\episodes\91213715\replay\episode_91213715.json,,success,,
,16452116,Raihan,55177269,1151.0,55177269,91219861,COMPLETED,EPISODE_TYPE_PUBLIC,2026-08-09T05:00:03.087169300Z,2026-08-09T05:09:41.094049700Z,0,55352315,,55177269,55352315,9714ab5c3996f6cc,60,C:\Users\shiba\ptcc_pokemon_ai_buttle\data\runs\grimmsnarl\v18_teacher_55177269\episodes\91219861\replay\episode_91219861.json,,success,,
,16452116,Raihan,55177269,1151.0,55177269,91221313,COMPLETED,EPISODE_TYPE_PUBLIC,2026-08-09T05:08:02.684823200Z,2026-08-09T05:09:01.852219800Z,0,55368511,,55177269,55368511,9714ab5c3996f6cc,60,C:\Users\shiba\ptcc_pokemon_ai_buttle\data\runs\grimmsnarl\v18_teacher_55177269\episodes\91221313\replay\episode_91221313.json,,success,,
,16452116,Raihan,55177269,1151.0,55177269,91224052,COMPLETED,EPISODE_TYPE_PUBLIC,2026-08-09T05:20:02.829563600Z,2026-08-09T05:21:09.728440300Z,1,55367659,,55367659,55177269,9714ab5c3996f6cc,60,C:\Users\shiba\ptcc_pokemon_ai_buttle\data\runs\grimmsnarl\v18_teacher_55177269\episodes\91224052\replay\episode_91224052.json,,success,,
,16452116,Raihan,55177269,1151.0,55177269,91247288,COMPLETED,EPISODE_TYPE_PUBLIC,2026-08-09T07:04:05.029873300Z,2026-08-09T07:09:16.525621700Z,0,55367395,,55177269,55367395,9714ab5c3996f6cc,60,C:\Users\shiba\ptcc_pokemon_ai_buttle\data\runs\grimmsnarl\v18_teacher_55177269\episodes\91247288\replay\episode_91247288.json,,success,,
,16452116,Raihan,55177269,1151.0,55177269,91278412,COMPLETED,EPISODE_TYPE_PUBLIC,2026-08-09T09:24:02.914667400Z,2026-08-09T09:24:56.911086700Z,0,55290732,,55177269,55290732,9714ab5c3996f6cc,60,C:\Users\shiba\ptcc_pokemon_ai_buttle\data\runs\grimmsnarl\v18_teacher_55177269\episodes\91278412\replay\episode_91278412.json,,success,,
