tree
version=v4
num_class=1
num_tree_per_iteration=1
label_index=0
max_feature_idx=75
objective=lambdarank
feature_names=turn go_first your_prizes opp_prizes your_deck opp_deck your_hand opp_hand your_bench opp_bench supporter_played energy_attached retreated stadium_played stadium_id your_active_id your_active_hp your_active_max_hp your_active_damage your_active_energy opp_active_id opp_active_hp opp_active_max_hp opp_active_damage opp_active_energy your_alakazam your_kadabra your_abra your_dudunsparce your_dunsparce opp_board_signature your_board_signature low_deck hand_alakazam hand_kadabra hand_abra hand_candy hand_boss hand_hammer hand_xerosic hand_energy select_type_code context_code option_count min_count max_count candidate_index option_type_code card_id attack_id skill_id target_card_id player_index source_area target_area source_index target_index candidate_hp candidate_energy hand_delta board_delta attack_damage ko_possible is_end is_attack is_ability is_retreat is_evolve is_energy is_boss is_hammer is_xerosic is_candy is_dudunsparce high_importance context_option_code
feature_infos=[0:49] [0:1] [0:6] [0:6] [0:60] [0:60] [0:32] [0:18] [0:5] [0:5] [0:1] [0:1] [0:1] [0:1] [0:1266] [0:743] [0:210] [0:210] none [0:3] [0:1071] [0:440] [0:440] none [0:5] [0:4] [0:4] [0:4] [0:2] [0:3] [50:8172] [41:8188] [0:1] [0:4] [0:4] [0:3] [0:3] [0:3] [0:4] [0:3] [0:5] [281:3816] [281:3919] [1:45] [0:22] [1:22] [0:44] [7:4090] [0:1266] [0:1072] none [0:743] [0:1] [0:7] [0:5] [0:45] [0:4] [0:400] [0:4] [-1:0] [-1:1] [0:30] none [0:1] [0:1] [0:1] [0:1] [0:1] [0:1] [0:1] [0:1] [0:1] [0:1] [0:1] [0:1] [115:3739]
tree_sizes=3499 3501 3482 3486 3480 3488 3497 3495 3483 3506 3495 3502 3486 3493 3492 3499 3498 3520 3504 3506 3495 3502 3505 3500 3507 3485 3498 3525 3493 3517 3488 3517 3515 3510 3511 3517 3512 3497 3502 3497 3503 3520 3482 3499 3499 3531 3485 3448 3492 3486 3490 3510 3515 3471 3498 3504 3518 3435 3459 3452 3482 3470 3507 3490 3472 3484 3507 3487 3523 3507 3509 3502 3468 3463 3498 3476 3446 3480 3483 3464 3505 3495 3484 3501 3496 3502 3470 3526 3497 3438 3458 3476 3473 3443 3452 3479 3492 3508 3481 3443 3492 3481 3483 3519 3491 3489 3467 3495 3498 3502 3483 3522 3426 3503 3438 3513 3502 3490 3449 3439 3482 3493 3506 3492 3499 3492 3462 3527 3490 3460 3451 3495 3495 3474 3444 3447 3503 3514 3514 3471 3482 3459 3458 3464 3447 3411 3482 3482 3443 3491 3454 3475 3445 3476 3431 3483 3481 3496 3459 3472 3506 3451 3486 3495 3520 3457 3491 3410 3426 3460 3509 3477 3456 3469 3453 3469 3459 3447 3476

Tree=0
num_leaves=31
num_cat=0
split_feature=57 60 66 48 46 59 47 48 42 48 47 0 49 48 48 6 56 46 48 16 28 47 15 46 74 55 4 15 48 2
split_gain=826.565 683.72 311.167 270.426 532.196 551.473 547.461 297.386 273.991 179.973 165.407 147.743 126.088 117.871 102.81 94.2718 88.8707 82.0494 77.4044 68.1191 67.0688 66.4766 57.876 48.1638 48.8078 46.2114 44.8482 44.0184 43.6557 41.6576
threshold=85.000000000000014 1.0000000180025095e-35 1.0000000180025095e-35 1091.5000000000002 1.0000000180025095e-35 -1.0000000180025095e-35 4077.5000000000005 1.0000000180025095e-35 661.50000000000011 742.50000000000011 1865.5000000000002 15.500000000000002 1070.5000000000002 1.0000000180025095e-35 431.50000000000006 16.500000000000004 1.0000000180025095e-35 10.500000000000002 1083.5000000000002 125.00000000000001 1.0000000180025095e-35 4077.5000000000005 742.50000000000011 1.5000000000000002 1.0000000180025095e-35 4.5000000000000009 34.500000000000007 742.50000000000011 407.50000000000006 3.5000000000000004
decision_type=2 2 2 2 2 2 2 2 2 2 2 2 2 2 2 2 2 2 2 2 2 2 2 2 2 2 2 2 2 2
left_child=1 3 10 4 5 21 7 8 -6 -3 14 16 -9 -7 27 20 19 -17 25 -11 23 -1 -4 24 -5 -8 -23 -2 -15 -20
right_child=2 9 22 15 6 13 18 12 -10 11 -12 -13 -14 28 -16 17 -18 -19 29 -21 -22 26 -24 -25 -26 -27 -28 -29 -30 -31
leaf_value=-0.045079341334041428 -0.053357793653841197 0.056095960841840486 0.042267648406885426 -0.047103902906890593 0.086227185791814542 0.080188142777610077 0.015719911577119945 -0.021653441834913519 -0.071190140218297837 0.05857830517519199 0.072692393057948348 -0.078954743576895026 0.058270890884991877 0.010338987180620813 0.053758760153510117 -0.06287400469237546 -0.017093698161185798 0.0049837473359140945 -0.075340409875657072 -0.005336214589017463 -0.087298569295690936 -0.017996993085411278 -0.06211013754317634 -0.0076823953914592989 -0.017111956696104758 0.054657070993697626 0.031854512957146315 0.025722319006948241 0.049720759269881169 0.0074234007008342718
leaf_weight=135.34759900718927 41.463192456401885 371.00017915593344 12.567632449965457 207.51885764114559 22.854871995747089 218.01035015285015 93.69592867558822 1038.0113987933437 410.72106528215227 114.00480480119586 430.76548747939523 33.542172444576863 40.628295103495475 94.695387788116932 63.574974730610847 274.2205300036585 83.601337288389914 41.365499811101472 14.988330540654713 47.580510138825048 32.315679671679391 119.98506726697087 54.949526644079015 293.01089706327184 236.14981174934655 186.03586918822839 51.366037480533123 20.717073037289083 144.66144481673837 52.975999708665768
leaf_count=933 408 2631 158 1502 169 1231 963 19963 6236 546 2381 826 336 679 386 4573 1150 2213 605 492 741 591 1542 5910 1612 2157 218 139 818 995
internal_value=-3.99403e-10 -0.00693894 0.0483952 -0.0144008 -0.00658304 0.025015 -0.0195702 -0.0312751 -0.062713 0.035609 0.0594604 0.00823702 -0.0185918 0.0562733 0.0139193 -0.0332912 0.0204373 -0.0539919 0.031281 0.0398409 -0.0247369 -0.0216307 -0.0423479 -0.0218779 -0.0312146 0.0417176 -0.00295486 -0.02702 0.0342482 -0.0116565
internal_weight=4982.33 4358.29 624.038 3708.56 2623.98 764.066 1859.91 1512.22 433.576 649.729 556.521 278.729 1078.64 457.367 125.755 1084.58 245.187 315.586 347.696 161.585 768.995 306.699 67.5172 736.68 443.669 279.732 171.351 62.1803 239.357 67.9643
internal_count=63104 58090 5014 52445 35894 4470 31424 26704 6405 5645 3314 3014 20299 2728 933 16551 2188 6786 4720 1038 9765 1742 1700 9024 3114 3120 809 547 1497 1600
is_linear=0
shrinkage=0.045


Tree=1
num_leaves=31
num_cat=0
split_feature=75 46 42 28 48 42 56 65 28 48 30 48 66 44 46 15 4 41 47 58 49 57 48 48 19 41 48 2 10 28
split_gain=3218.01 2845.42 1048.47 637.574 617.609 860.884 548.503 513.525 768.67 370.07 307.905 283.192 289.057 252.681 427.949 207.643 203.002 184.43 182.744 182.254 191.924 204.178 152.701 143.953 140.27 135.857 134.452 128.352 305.788 126.458
threshold=1058.0000000000002 1.0000000180025095e-35 1351.0000000000002 1.0000000180025095e-35 1.0000000180025095e-35 661.50000000000011 1.0000000180025095e-35 1.0000000180025095e-35 1.0000000180025095e-35 126.00000000000001 8085.5000000000009 193.50000000000003 1.0000000180025095e-35 1.5000000000000002 2.5000000000000004 1.0000000180025095e-35 6.5000000000000009 1136.0000000000002 4077.5000000000005 2.5000000000000004 1071.5000000000002 115.00000000000001 1.0000000180025095e-35 1262.5000000000002 1.0000000180025095e-35 520.00000000000011 709.50000000000011 3.5000000000000004 1.0000000180025095e-35 1.0000000180025095e-35
decision_type=2 2 2 2 2 2 2 2 2 2 2 2 2 2 2 2 2 2 2 2 2 2 2 2 2 2 2 2 2 2
left_child=7 2 10 4 5 -3 11 8 19 -9 15 18 -13 25 -15 26 -11 -4 -6 20 21 -1 -19 29 -8 -7 -2 -22 -29 -17
right_child=1 3 17 -5 6 13 24 9 -10 16 -12 12 -14 14 -16 23 -18 22 -20 -21 27 -23 -24 -25 -26 -27 -28 28 -30 -31
leaf_value=0.019890044418893294 -0.032436319502346364 0.083801861890217932 -0.057772788567650328 -0.083500720192509384 0.00019136058905349656 0.040140385167718187 -0.06618250161687092 0.086068294773327086 -0.076009509506480791 -0.053370197208926266 -0.079858308176749826 -0.013633942371257332 -0.055809652028042875 0.054248344247888658 -0.081198994090636356 0.0079924491619598314 0.040287351528414977 0.078014414296645782 0.059774629581578344 0.069530221361187194 0.055511409360040918 -0.067767313628988718 0.046482063499277353 -0.05974492004175095 -0.032500973104204439 -0.063417860378682314 0.061837486583685319 -0.010316489257256704 0.047901813572039757 -0.080489549799588778
leaf_weight=3122.8211013763212 35.48714285902679 96.840121865272522 25.983361084014177 321.41431258968078 1888.8795184749179 25.553901210427284 412.79074522224255 494.19447715580463 152.80490693659522 54.843287780880928 82.489782808348536 6369.2991406079382 346.14778424031101 105.93169882893562 83.619515851140022 1118.4371998873539 293.31748480163515 605.05238208174706 109.3247830029577 188.30569663643837 545.50426303222775 53.797850292176008 654.13460811041296 72.016272038919851 644.96315480058547 1253.1387289150734 200.28284750133753 283.85444972291589 510.09729604795575 32.69696331396699
leaf_count=5592 99 169 218 3284 6826 41 2998 334 526 121 251 21575 2024 160 124 3630 407 1045 117 106 464 123 1319 325 4011 5570 212 641 515 277
internal_value=-6.27115e-11 -0.0112713 0.0292272 -0.0210922 -0.0193156 -0.045553 -0.0151089 0.0286411 0.023007 0.0610626 0.0041937 -0.0113912 -0.0158159 -0.0541361 -0.00561609 0.00899758 0.0254235 0.0592254 0.00347952 0.0262387 0.0244186 0.0183847 0.0616836 0.00152958 -0.0456954 -0.0613186 0.0475707 0.038704 0.0271008 0.00541152
internal_weight=20184 14484.5 2826.58 11657.9 11336.5 1565.08 9771.41 5699.54 4857.19 842.355 1541.41 8713.65 6715.45 1468.24 189.551 1458.92 348.161 1285.17 1998.2 4704.38 4516.07 3176.62 1259.19 1223.15 1057.75 1278.69 235.77 1339.46 793.952 1151.13
internal_count=63104 54275 7376 46899 43615 6064 37551 8829 7967 862 4794 30542 23599 5895 284 4543 528 2582 6943 7441 7335 5715 2364 4232 7009 5611 311 1620 1156 3907
is_linear=0
shrinkage=0.045


Tree=2
num_leaves=31
num_cat=0
split_feature=75 46 41 57 28 48 44 43 56 48 44 48 55 48 41 48 2 10 48 48 44 40 46 8 44 15 8 48 14 4
split_gain=2505.11 1591.98 990.09 663.591 541.768 462.965 507.919 262.112 258.959 259.937 253.917 237.389 233.19 185.356 176.213 149.946 122.672 249.299 116.574 215.965 116.339 115.253 115.291 97.7562 85.0376 83.5547 81.3004 79.9344 80.1831 79.8287
threshold=1058.0000000000002 1.0000000180025095e-35 1136.0000000000002 125.00000000000001 1.0000000180025095e-35 1.0000000180025095e-35 1.0000000180025095e-35 1.5000000000000002 1.0000000180025095e-35 1211.0000000000002 1.5000000000000002 344.50000000000006 27.500000000000004 1.0000000180025095e-35 520.00000000000011 742.50000000000011 4.5000000000000009 1.0000000180025095e-35 709.50000000000011 342.50000000000006 1.5000000000000002 1.5000000000000002 1.5000000000000002 4.5000000000000009 1.5000000000000002 103.00000000000001 4.5000000000000009 1262.5000000000002 1.0000000180025095e-35 27.500000000000004
decision_type=2 2 2 2 2 2 2 2 2 2 2 2 2 2 2 2 2 2 2 2 2 2 2 2 2 2 2 2 2 2
left_child=3 2 25 21 5 6 -3 -4 9 12 -11 -5 -7 -9 -8 -13 -17 23 19 -15 -20 22 -1 -18 -16 -2 -10 29 -29 -27
right_child=1 4 7 11 -6 8 14 13 26 10 -12 15 -14 18 24 16 17 -19 20 -21 -22 -23 -24 -25 -26 27 -28 28 -30 -31
leaf_value=0.02543610073976468 -0.085053127924588717 0.078124208776510648 -0.076218319038622959 0.068102158507577865 -0.077273802854027795 -0.0058889732346010561 0.052826637549478271 0.073652204527067291 -0.049683244130579035 -0.038224586685782817 0.044217891400649155 -0.076122440205218009 -0.044246574424538873 0.037096945228436047 -0.057901548060503516 0.053106536042843495 -0.053708001849908489 0.043976972312078859 0.057707372667565406 -0.044521190339278288 -0.023740165097399298 0.029071154312246567 0.0041847015620954126 0.015753989740745482 -0.015256063635263009 -0.01800825818641269 -0.019684268806721535 -0.081279491049925656 0.055599324181437065 0.0069019410337326339
leaf_weight=715.45561583619565 28.088704973459244 64.991285383701324 33.3099125623703 747.34939859621227 305.25060660019517 6857.4508412485011 31.66218689084053 448.95536912232637 469.65836605080403 958.86188942985609 81.297941613476723 23.283720429986715 335.74577934946865 297.0278267338872 956.98746124946047 495.09534360840917 93.524573599919677 328.8815000038594 491.98241494782269 83.287371657788754 37.740893890615553 866.83420326327905 1858.3358758948743 71.851378245279193 106.0240720435977 492.2309343253728 302.55984581785742 49.411238927743398 9.7260762825608236 551.31227272329852
leaf_count=975 88 169 439 751 3284 23560 41 998 4785 5810 235 74 937 626 5570 592 324 429 890 174 110 1560 3959 165 284 2318 2224 291 23 1419
internal_value=1.01915e-10 -0.0105639 0.0215177 0.0263905 -0.0182959 -0.0165174 -0.043269 0.0469083 -0.0130682 -0.0107283 -0.0317447 0.0488588 -0.00768523 0.04998 -0.0505409 0.0346037 0.0372838 0.0213589 0.0382337 0.019153 0.0518707 0.0148864 0.0100997 -0.0236153 -0.0536665 -0.00975934 -0.0379701 -0.00776605 -0.0582174 -0.00485399
internal_weight=18194.2 12993.6 2523.07 5200.61 10470.5 10165.2 1159.67 1392.3 9005.57 8233.36 1040.16 1759.99 7193.2 1358.99 1094.67 1012.64 989.353 494.257 910.039 380.315 529.723 3440.63 2573.79 165.376 1063.01 1130.77 772.218 1102.68 59.1373 1043.54
internal_count=63104 54275 7376 8829 46899 43615 6064 3237 37551 30542 6045 2335 24497 2798 5895 1584 1510 918 1800 800 1000 6494 4934 489 5854 4139 7009 4051 314 3737
is_linear=0
shrinkage=0.045


Tree=3
num_leaves=31
num_cat=0
split_feature=75 46 41 57 28 54 75 0 47 60 75 46 0 46 57 42 57 51 54 25 33 46 47 5 26 21 2 10 49 2
split_gain=2066.16 933.655 961.89 582.199 447.381 316.406 320.485 195.987 194.53 173.299 165.759 192.744 155.215 127.881 122.222 118.917 113.564 104.251 534.393 231.004 195.787 133.56 174.88 104.142 94.9706 94.1008 93.3138 105.136 189.63 80.1396
threshold=1058.0000000000002 1.0000000180025095e-35 1136.0000000000002 125.00000000000001 1.0000000180025095e-35 4.5000000000000009 1981.5000000000002 1.0000000180025095e-35 196.00000000000003 -1.0000000180025095e-35 2783.5000000000005 1.5000000000000002 1.0000000180025095e-35 1.5000000000000002 255.00000000000003 293.00000000000006 145.00000000000003 741.50000000000011 4.5000000000000009 1.0000000180025095e-35 1.5000000000000002 3.5000000000000004 2844.5000000000005 45.500000000000007 1.5000000000000002 135.00000000000003 4.5000000000000009 1.0000000180025095e-35 1071.5000000000002 5.5000000000000009
decision_type=2 2 2 2 2 2 2 2 2 2 2 2 2 2 2 2 2 2 2 2 2 2 2 2 2 2 2 2 2 2
left_child=3 2 -2 17 5 6 8 29 13 -5 12 -12 -8 -3 26 -9 -17 19 -19 21 -20 -1 -23 -10 -22 -7 -11 28 -28 -4
right_child=1 4 7 9 -6 25 10 15 23 14 11 -13 -14 -15 -16 16 -18 18 20 -21 24 22 -24 -25 -26 -27 27 -29 -30 -31
leaf_value=0.017492098503425826 -0.013548966452926829 -0.00019360426456048024 0.026291880864341529 0.074951132019047143 -0.072757602528872256 -0.023396157337703043 0.074187418430940871 -0.036014475474428979 -0.056373332914798215 0.052048737199220409 0.0039254303121468688 -0.036121016991761276 -0.003567710927356913 -0.027779169583986792 -0.070992040354032948 0.055027687124444745 -0.017486945640707578 0.049851537043447615 0.006110070402282515 0.029963413683477796 -0.0054155552924000381 -0.0029785059816718681 -0.075035717534225277 0.010691886884349642 -0.061448136738887368 -0.048376472169021308 0.053775183123259657 0.044549740459164197 -0.025001296352781043 -0.072551419921266
leaf_weight=515.74519753083587 1138.9659036990488 514.71746306121349 28.473112680017948 345.900505669415 273.90676561929286 619.16184456367046 51.533238992094994 31.437518809456378 486.12279786216095 677.303536134772 372.43891573697329 700.32859644654673 5015.6908037809189 1003.3645989410579 19.279594585299492 1009.2607719190419 45.271900206804276 288.83028767630458 234.47580439783633 1438.688914838247 81.531754871830344 388.78422606084496 81.738389572128654 51.559575874358416 247.80785457603633 608.60996815492399 100.79643858969212 319.25894215516746 156.8354065567255 37.545171171426773
leaf_count=712 4139 1155 113 326 3284 4068 169 137 4400 837 757 2967 20948 3152 62 2668 94 404 558 2033 260 728 273 171 1526 5828 143 478 489 225
internal_value=8.83407e-11 -0.0100606 0.0157717 0.0246266 -0.0161643 -0.0145118 -0.0113175 0.0447475 -0.0266919 0.0466937 -0.00616636 -0.0222272 -0.00276247 -0.0184324 0.0389656 0.0493251 0.051901 0.0137129 0.000177503 0.0184701 -0.0253126 0.00169118 -0.0156287 -0.0499344 -0.047635 -0.0358083 0.0407111 0.027333 0.00590814 -0.030165
internal_weight=16885.4 11988.4 2290.95 4896.98 9697.43 9423.53 8195.76 1151.99 2055.76 1619.37 6139.99 1072.77 5067.22 1518.08 1273.47 1085.97 1054.53 3277.6 852.646 2424.96 563.815 986.268 470.523 537.682 329.34 1227.77 1254.19 576.891 257.632 66.0183
internal_count=63104 54275 7376 8829 46899 43615 33719 3237 8878 2335 24841 3724 21117 4307 2009 2899 2762 6494 2748 3746 2344 1713 1001 4571 1786 9896 1947 1110 632 338
is_linear=0
shrinkage=0.045


Tree=4
num_leaves=31
num_cat=0
split_feature=75 28 57 54 48 75 75 47 0 48 35 3 43 28 28 42 56 48 15 54 48 33 5 19 48 15 25 56 2 53
split_gain=1984.26 490.883 488.476 285.92 404.73 345.794 277.18 281.676 217.85 130.042 112.168 105.197 103.635 98.9149 88.3935 85.2102 77.8839 141.805 156.075 111 94.7764 80.7228 77.3871 98.0544 71.3903 70.5413 67.2337 113.491 59.6463 85.4293
threshold=1058.0000000000002 1.0000000180025095e-35 125.00000000000001 4.5000000000000009 1083.5000000000002 1232.5000000000002 3391.0000000000005 3474.0000000000005 14.500000000000002 126.00000000000001 1.0000000180025095e-35 5.5000000000000009 2.5000000000000004 1.0000000180025095e-35 1.0000000180025095e-35 1045.0000000000002 1.5000000000000002 92.500000000000014 741.50000000000011 4.5000000000000009 742.50000000000011 1.5000000000000002 45.500000000000007 1.0000000180025095e-35 709.50000000000011 542.00000000000011 1.5000000000000002 3.5000000000000004 4.5000000000000009 4.5000000000000009
decision_type=2 2 2 2 2 2 2 2 2 2 2 2 2 2 2 2 2 2 2 2 2 2 2 2 2 2 2 2 2 2
left_child=2 3 14 4 5 12 7 -7 10 -4 11 -6 -2 15 16 28 17 -1 19 -19 26 -20 23 25 -16 -5 -18 -28 29 -11
right_child=1 -3 9 22 8 6 -8 -9 -10 13 -12 -13 -14 -15 24 -17 20 18 21 -21 -22 -23 -24 -25 -26 -27 27 -29 -30 -31
leaf_value=0.050241103062345888 0.011971146542926549 -0.069006374747009075 0.071408574662692695 -0.022414072140390737 -0.021616861944729959 -0.0064353296150058224 0.06081596731285896 0.013690183416131782 -0.054888325632281597 0.059208985413723998 -0.053318550002161111 -0.0041338713936461139 -0.054430836919043213 -0.060323952009224975 0.033361030801221159 -0.046683566141916592 0.00097936513093616431 -0.019315546393538347 0.037790236902974526 0.016668521198248378 -0.038023554566032618 0.012894660634687491 0.026329197209671331 -0.022326993452382621 -0.074313161792077517 -0.063747674851356378 0.04223086994875281 -0.026952629029761341 0.030922746092872003 0.015164351818031066
leaf_weight=281.80772860720754 56.560023680329323 279.58013418316841 319.84254315122962 123.29399633454159 1479.7253647272009 3769.6420510170283 160.52648627758026 2246.7445043860935 312.68597580469213 521.8955496288836 149.24664407409728 1317.7684972174466 288.90759940072894 19.125715878792107 17.477423194795847 21.409159371629357 585.02913166116923 335.3452928699553 590.40664181206375 357.7448906423524 92.187799658626318 478.77351030521095 45.648571559228003 651.48173300852068 38.716437805444002 269.0783881067764 225.18023981712759 60.211480420082808 518.27407668344676 108.51358732581139
leaf_count=411 234 3592 326 974 8345 12957 703 6437 2792 602 1257 4220 3794 135 44 75 1076 667 913 726 544 1329 82 5439 388 3449 281 115 1027 170
internal_value=4.89918e-11 -0.0102363 0.0249629 -0.00871868 -0.00628139 0.00018997 0.0026433 0.00108132 -0.0192272 0.0459113 -0.0154258 -0.0133859 -0.0435563 0.0389996 0.0146302 0.0406732 0.0156799 0.0206484 0.0158903 -0.000744783 0.00511887 0.0266646 -0.0305754 -0.0330867 -0.0408266 -0.0508495 0.00972655 0.0275915 0.0423405 0.0516635
internal_weight=15722.8 11150.9 4571.94 10871.3 9781.81 6522.38 6176.91 6016.39 3259.43 1509.06 2946.74 2797.49 345.468 1189.22 3062.88 1170.09 3006.69 2044.08 1762.27 693.09 962.609 1069.18 1089.5 1043.85 56.1939 392.372 870.421 285.392 1148.68 630.409
internal_count=63104 54275 8829 50683 40739 24125 20097 19394 16614 2335 13822 12565 4028 2009 6494 1874 6062 4046 3635 1393 2016 2242 9944 9862 432 4423 1472 396 1799 772
is_linear=0
shrinkage=0.045


Tree=5
num_leaves=31
num_cat=0
split_feature=75 46 41 57 28 48 0 54 48 75 66 48 48 48 51 54 21 48 25 56 2 22 51 31 4 2 47 46 47 26
split_gain=1871.04 744.887 634.658 379.349 301.425 244.995 280.979 199.6 234.889 375.72 177.865 157.047 155.021 239.044 124.702 287.558 107.603 102.659 99.8955 108.551 92.9066 89.4967 95.9781 85.4968 81.9409 76.0377 74.3311 86.5996 73.2564 71.7947
threshold=1058.0000000000002 1.0000000180025095e-35 1136.0000000000002 125.00000000000001 1.0000000180025095e-35 1.0000000180025095e-35 1.5000000000000002 4.5000000000000009 323.00000000000006 3257.5000000000005 1.0000000180025095e-35 1.0000000180025095e-35 400.50000000000006 342.50000000000006 741.50000000000011 4.5000000000000009 285.00000000000006 126.00000000000001 1.0000000180025095e-35 2.5000000000000004 5.5000000000000009 135.00000000000003 222.50000000000003 6168.5000000000009 46.500000000000007 4.5000000000000009 1865.5000000000002 1.0000000180025095e-35 2844.5000000000005 1.5000000000000002
decision_type=2 2 2 2 2 2 2 2 2 2 2 2 2 2 2 2 2 2 2 2 2 2 2 2 2 2 2 2 2 2
left_child=3 2 -2 14 5 6 20 8 9 -7 -10 -4 13 -13 18 -16 29 -5 26 -20 -3 22 -9 -21 -14 28 -1 -28 -19 -17
right_child=1 4 11 17 -6 7 -8 21 10 -11 -12 12 24 -15 15 16 -18 25 19 23 -22 -23 -24 -25 -26 -27 27 -29 -30 -31
leaf_value=0.015234003632850551 -0.010620964024094789 -0.071291922084409459 0.066571401180891679 0.067803027024505108 -0.06541929602910479 0.0092431730678969939 -0.048417592799841619 0.025277339077357717 -0.012577603296547928 -0.058946338350393326 -0.052356235244365931 0.024458031496365391 0.05117968626863402 -0.072487012465952294 0.037292427796397166 -0.0058799987070280134 0.016932275468778981 0.015423104408885085 0.037239235085893808 0.020330528888463067 0.039513064508977049 -0.042678218457855348 -0.025877543987961073 -0.030998284910125688 -0.032922461407384279 0.025204364245212614 0.066606009078013034 -0.034278479016295271 0.056190700882508174 -0.047121282279049971
leaf_weight=692.47712119203061 1014.1449624403613 16.856756806373596 306.54160461574793 294.90372671000659 239.10245880112052 1933.1168759288266 709.26021972723538 91.572880963096395 4326.8201583242044 177.75176768749952 239.41159647121094 237.7586780898273 382.60340247768909 64.674305725842714 269.46828726865351 133.54129863437265 117.42671881895512 110.12651945650578 931.64752028789371 275.13285245280713 109.41752600856125 547.78555156872608 377.151582458755 85.278234858065844 24.327292695641518 520.8835525047034 19.061582773923874 123.15255430713296 492.00594146177173 238.07055812189355
leaf_count=1230 4139 65 1045 326 3284 5558 5632 507 19523 593 1981 744 1113 184 404 411 403 236 1342 473 367 6548 2841 218 151 1123 30 453 650 1530
internal_value=-2.43493e-11 -0.00999915 0.0145588 0.0250882 -0.0156859 -0.0142842 -0.0374153 -0.0117676 -0.00893668 0.00347589 -0.0146742 0.0396806 0.0279827 0.00355608 0.0157126 4.63972e-05 -0.020511 0.0441415 0.0212973 0.0291329 0.0242774 -0.0303357 -0.0158511 0.00813326 0.0460835 0.0378731 0.00914799 -0.0203858 0.0487725 -0.0323565
internal_weight=15101.5 10798.3 2030.05 4303.18 8768.25 8529.14 835.535 7693.61 6677.1 2110.87 4566.23 1015.91 709.364 302.433 2885.26 758.507 489.039 1417.92 2126.75 1292.06 126.274 1016.51 468.724 360.411 406.931 1123.02 834.691 142.214 602.132 371.612
internal_count=63104 54275 7376 8829 46899 43615 6064 37551 27655 6151 21504 3237 2192 928 6494 2748 2344 2335 3746 2033 432 9896 3348 691 1264 2009 1713 483 886 1941
is_linear=0
shrinkage=0.045


Tree=6
num_leaves=31
num_cat=0
split_feature=75 28 57 63 47 55 58 53 47 57 59 17 56 51 0 11 60 2 2 33 55 10 49 16 43 15 47 6 21 11
split_gain=1637.71 354.888 296.006 183.252 208.67 464.476 264.124 243.79 188.715 165.274 150.681 138.609 131.431 111.297 220.534 159.828 101.633 96.5815 86.6478 80.1882 179.163 78.1059 171.04 77.594 75.2577 69.3005 67.3954 67.8891 66.8909 57.8482
threshold=1058.0000000000002 1.0000000180025095e-35 125.00000000000001 1.0000000180025095e-35 1436.5000000000002 1.0000000180025095e-35 1.0000000180025095e-35 4.5000000000000009 3474.0000000000005 145.00000000000003 -1.0000000180025095e-35 175.00000000000003 1.0000000180025095e-35 741.50000000000011 15.500000000000002 1.0000000180025095e-35 -1.0000000180025095e-35 4.5000000000000009 3.5000000000000004 1.5000000000000002 5.5000000000000009 1.0000000180025095e-35 1071.5000000000002 65.000000000000014 2.5000000000000004 742.50000000000011 2844.5000000000005 18.500000000000004 135.00000000000003 1.0000000180025095e-35
decision_type=2 2 2 2 2 2 2 2 2 2 2 2 2 2 2 2 2 2 2 2 2 2 2 2 2 2 2 2 2 2
left_child=2 3 13 4 5 9 7 -7 11 10 -2 -6 18 25 15 19 -4 26 -10 -15 -21 22 -19 -11 -5 -1 27 -18 -17 -13
right_child=1 -3 16 24 8 6 -8 -9 12 23 -12 29 -14 14 -16 28 17 21 -20 20 -22 -23 -24 -25 -26 -27 -28 -29 -30 -31
leaf_value=0.013271381486587432 -0.026339449528632857 -0.063176495293668714 0.065383324326807213 0.0061075925711980474 -0.054023934355149121 -0.001581712994390076 0.05321114162180246 -0.031970312709930455 -0.018642702446661299 -0.073020768682801551 0.046855646940958687 -0.03206723400936308 -0.030112908536046881 0.037918028430299969 -0.07274890326786905 -0.075916868142569482 0.036979668273806263 0.050190307856871112 -0.0047280001444012882 0.027636955124701958 -0.045646161847999814 0.036672166711433377 -0.02823201133353466 0.0072013849803626703 -0.051983576266170756 0.029920626980883734 0.054866776137815779 -0.04215042194646168 -0.0064963134510988519 0.050117743966321578
leaf_weight=1120.9451627861708 62.079216957092285 243.44583075679839 276.82774518430233 54.317191794514656 331.68122915714048 1820.4045534096658 137.84758205711842 755.91489247977734 1163.0667080336716 35.529200881719589 618.98088697344065 29.016505832783878 594.7661336553283 243.43226774968207 73.992400772869587 53.507803895045072 78.563563846983016 89.8258874155581 4096.6530798580498 201.83888692129403 100.29622286371887 279.19105707481503 147.23117708414793 73.157391294836998 261.24096723645926 926.73936022911221 466.71124040521681 29.393192697316408 58.455080074258149 40.28072926402092
leaf_count=2194 233 3592 326 234 2714 6484 204 2506 7669 60 1972 133 6890 474 818 322 124 148 17589 490 435 486 489 148 3794 1552 650 112 209 53
internal_value=1.03664e-10 -0.00959903 0.0238807 -0.00829827 -0.00720448 0.00158728 -0.00725241 -0.0105069 -0.0121285 0.0319379 0.040155 -0.0419585 -0.0100786 0.0154373 0.000369326 0.00869536 0.0410137 0.0347755 -0.00780788 0.0187542 0.0032397 0.0205877 0.00156985 -0.0194495 -0.0419966 0.0208174 0.047463 0.0152459 -0.0400512 0.0157382
internal_weight=14465.3 10318.4 4146.95 10074.9 9759.38 3503.91 2714.17 2576.32 6255.46 789.747 681.06 400.978 5854.49 2779.21 731.523 657.53 1367.74 1090.92 5259.72 545.567 302.135 516.248 237.057 108.687 315.558 2047.68 574.668 107.957 111.963 69.2972
internal_count=63104 54275 8829 50683 46655 11607 9194 8990 35048 2413 2205 2900 32148 6494 2748 1930 2335 2009 25258 1399 925 1123 637 208 4028 3746 886 236 531 186
is_linear=0
shrinkage=0.045


Tree=7
num_leaves=31
num_cat=0
split_feature=75 46 42 57 48 42 56 48 47 48 0 48 42 42 15 42 53 48 48 2 10 8 48 72 48 75 40 57 7 19
split_gain=1494.54 438.658 490.873 337.652 168.703 197.031 165.421 231.212 221.059 183.442 136.768 132.702 95.9971 95.7629 84.025 82.2309 81.0064 158.027 78.1054 91.5212 160.622 94.3458 65.1975 64.0838 62.4146 54.9941 54.9292 85.9364 55.7343 52.9305
threshold=627.50000000000011 1.0000000180025095e-35 1351.0000000000002 85.000000000000014 1.0000000180025095e-35 661.50000000000011 1.0000000180025095e-35 1091.5000000000002 4077.5000000000005 342.50000000000006 14.500000000000002 9.0000000000000018 661.50000000000011 3867.5000000000005 222.50000000000003 3867.5000000000005 4.5000000000000009 400.50000000000006 742.50000000000011 4.5000000000000009 1.0000000180025095e-35 4.5000000000000009 1.0000000180025095e-35 1.0000000180025095e-35 742.50000000000011 2882.0000000000005 1.0000000180025095e-35 45.000000000000007 3.5000000000000004 1.0000000180025095e-35
decision_type=2 2 2 2 2 2 2 2 2 2 2 2 2 2 2 2 2 2 2 2 2 2 2 2 2 2 2 2 2 2
left_child=3 2 16 14 5 -3 7 8 11 -10 12 -6 -9 22 24 -7 23 -18 -5 -20 21 -21 -4 25 -1 -2 -16 28 -28 -8
right_child=1 4 13 18 6 15 29 10 9 -11 -12 -13 -14 -15 26 -17 17 -19 19 20 -22 -23 -24 -25 -26 -27 27 -29 -30 -31
leaf_value=0.0060856562826854671 -0.011877025755287618 0.067629797260044699 0.062312411682092658 0.054643391964444017 0.012598659985588715 -0.041743552475687548 -0.051433161811860077 0.017652833325904421 0.033294750855445532 -0.00073050509607342634 -0.052757959396047306 -0.013776346463223694 -0.020448383019076019 -0.077434930504523353 0.0079853382936934392 0.042513597919675752 -0.027795934712249393 0.047771012999375889 0.048110733303898333 -0.05495539869971814 0.039074234757829666 0.017135485028397453 0.032763492590595834 0.043176594989033625 -0.051928672760681895 -0.069115352244132663 0.0079764438500723976 -0.025740199626900571 0.02977306805984176 -0.024025414548409042
leaf_weight=89.347185542806983 935.93109231884591 36.044870391488075 251.64706291072071 568.15116225741804 445.30228244233876 696.10571092250757 215.48493628320284 144.29360893834382 487.59710738621652 934.53925777506083 252.5262058256194 2880.2992661884055 1742.8548108066898 12.45148206502199 982.34583967854269 23.500739052891731 92.155163154006004 139.99725757166743 390.17642616666853 75.055910188704729 251.75106473825872 70.443285437300801 389.92147989012301 40.474489223212004 63.551005013519898 34.334951922297478 313.30390166258439 71.817154878750443 993.51701219985262 430.46008257288486
leaf_count=223 4002 169 1110 769 1916 6195 3326 506 1098 3622 2751 12475 10564 30 2383 41 184 327 650 339 446 177 1507 97 501 244 763 276 2022 4391
internal_value=-3.00039e-11 -0.00904428 0.0104727 0.0238042 -0.0135114 -0.0337708 -0.011475 -0.0094298 -0.00389296 0.0109507 -0.021708 -0.010242 -0.0175273 0.0419978 0.0140335 -0.0389367 -0.00613652 0.0177834 0.0419001 0.0326478 0.0173775 -0.020174 0.0444326 -0.0116427 -0.0182083 -0.0139716 0.0161283 0.0219206 0.0245575 -0.0332339
internal_weight=14055.4 10185.9 1896.91 3869.46 8289.01 755.651 7533.36 6887.41 4747.74 1422.14 2139.67 3325.6 1887.15 654.02 2513.88 719.606 1242.89 232.152 1355.58 787.427 397.25 145.499 641.569 1010.74 152.898 970.266 2360.98 1378.64 1306.82 645.945
internal_count=63104 54555 7501 8549 47054 6405 40649 32932 19111 4720 13821 14391 11070 2647 6168 6236 4854 511 2381 1612 962 516 2617 4343 724 4246 5444 3061 2785 7717
is_linear=0
shrinkage=0.045


Tree=8
num_leaves=31
num_cat=0
split_feature=75 46 42 54 48 48 4 28 48 54 48 47 0 4 41 33 15 28 48 48 48 75 2 10 22 75 51 56 27 48
split_gain=1326.05 355.89 434.38 272.257 218.449 218.291 306.714 208.672 144.276 176.383 198.482 240.834 158.733 139.111 107.239 104.862 95.152 78.9617 74.0822 135.629 84.7016 73.9361 71.8114 82.3496 70.5871 64.7359 62.4492 58.5501 61.2371 64.1148
threshold=627.50000000000011 1.0000000180025095e-35 1351.0000000000002 4.5000000000000009 742.50000000000011 276.00000000000006 33.500000000000007 1.0000000180025095e-35 1.0000000180025095e-35 4.5000000000000009 1083.5000000000002 3474.0000000000005 1.5000000000000002 7.5000000000000009 1136.0000000000002 1.5000000000000002 324.00000000000006 1.0000000180025095e-35 1091.5000000000002 400.50000000000006 342.50000000000006 3257.5000000000005 3.5000000000000004 1.0000000180025095e-35 135.00000000000003 2882.0000000000005 222.50000000000003 1.0000000180025095e-35 2.5000000000000004 741.50000000000011
decision_type=2 2 2 2 2 2 2 2 2 2 2 2 2 2 2 2 2 2 2 2 2 2 2 2 2 2 2 2 2 2
left_child=3 2 18 5 16 -1 17 8 12 10 11 -10 -3 -12 -4 -6 -5 22 19 20 -2 25 -7 -24 26 -21 -11 -18 29 -29
right_child=1 7 14 4 15 6 -8 -9 9 24 13 -13 -14 -15 -16 -17 27 -19 -20 21 -22 -23 23 -25 -26 -27 -28 28 -30 -31
leaf_value=0.055470915081995364 -0.0070941195736053649 0.018941817245648748 -0.020642233812812702 -0.0068566479002865428 0.0070980462243985434 0.047887389696471341 -0.031685994239745566 -0.058096295997002383 -0.010649498328681121 0.019677567145017026 -0.044837754837869032 0.011861665997284098 -0.040680181970962966 -0.013018527426281777 0.046513038663570275 -0.037475176617892229 0.050685534008091677 -0.056051415076275896 -0.0190092139764679 0.01609808538758967 -0.066740589394000488 0.057875147935158085 0.010108529723213286 0.040228045740003805 -0.039611530128844746 -0.069260203982782126 -0.02326176011305315 0.014710109775710309 -0.011909620839426526 0.040592173673458819
leaf_weight=647.31040637753904 245.36500530876219 106.58301383908838 52.23802661895752 239.80546868406236 189.34871219564229 436.29073158325627 175.45687195751816 199.87376197054982 2210.5108557349304 85.358692564070225 323.75385713670403 1702.8468584273942 576.95367066818289 1956.1917669887189 546.21346128173172 243.5851835035719 147.99461850896478 19.455486876890063 521.10463967570104 275.79479602351785 59.09492851048708 85.919177176430821 378.52244495879859 358.02720995619893 496.92935262969695 18.260287337005138 334.995239070151 523.78862499259412 105.80736218765378 308.53599222935736
leaf_count=877 920 432 218 457 558 672 500 3287 8336 507 3563 5390 5632 10518 2429 1786 176 190 2544 813 229 212 1021 631 6548 136 2841 1137 197 347
internal_value=6.065e-11 -0.00872979 0.00932008 0.0226608 0.00971573 0.0339497 0.0237313 -0.0128037 -0.0116349 -0.00973373 -0.00700353 -0.000853529 -0.0313693 -0.0175546 0.0406265 -0.0180091 0.018775 0.0319062 -0.00624179 0.00349245 -0.0188519 0.0213987 0.0334118 0.0247839 -0.0281397 0.0105807 -0.0145163 0.0244353 0.0202447 0.0243416
internal_weight=13571.9 9797.99 1803.99 3773.93 1758.87 2015.06 1367.75 7994 7794.12 7110.59 6193.3 3913.36 683.537 2279.95 598.451 432.934 1325.93 1192.3 1205.54 684.434 304.46 379.974 1172.84 736.55 917.283 294.055 420.354 1086.13 938.132 832.325
internal_count=63104 54555 7501 8549 4658 3891 3014 47054 43767 37703 27807 13726 6064 14081 2647 2344 2314 2514 4854 2310 1149 1161 2324 1652 9896 949 3348 1857 1681 1484
is_linear=0
shrinkage=0.045


Tree=9
num_leaves=31
num_cat=0
split_feature=57 60 66 28 48 47 48 48 56 63 0 47 57 15 20 11 20 28 15 34 51 2 19 48 2 56 48 0 27 41
split_gain=673.819 451.054 312.432 218.807 194.636 199.451 137.041 270.425 121.064 133.449 116.481 111.202 128.297 95.7174 87.0409 85.7232 80.18 73.5785 71.5458 70.5354 66.1453 73.9375 63.8865 60.1623 57.9681 54.0969 120.626 81.4892 78.1126 44.5152
threshold=125.00000000000001 1.0000000180025095e-35 1.0000000180025095e-35 1.0000000180025095e-35 1091.5000000000002 4077.5000000000005 342.50000000000006 709.50000000000011 1.0000000180025095e-35 1.0000000180025095e-35 14.500000000000002 1865.5000000000002 145.00000000000003 742.50000000000011 647.50000000000011 1.0000000180025095e-35 749.50000000000011 1.0000000180025095e-35 742.50000000000011 1.0000000180025095e-35 741.50000000000011 3.5000000000000004 1.5000000000000002 126.00000000000001 4.5000000000000009 1.0000000180025095e-35 742.50000000000011 16.500000000000004 2.5000000000000004 2740.5000000000005
decision_type=2 2 2 2 2 2 2 2 2 2 2 2 2 2 2 2 2 2 2 2 2 2 2 2 2 2 2 2 2 2
left_child=1 3 11 4 5 8 14 -8 9 -1 19 12 -2 -14 -7 17 20 25 22 -6 21 -17 -4 -13 -25 27 28 -3 -27 -21
right_child=2 15 18 -5 10 6 7 -9 -10 -11 -12 23 13 -15 -16 16 -18 -19 -20 29 -22 -23 -24 24 -26 26 -28 -29 -30 -31
leaf_value=-0.0029428484177853095 0.045386408643823137 0.031463839376394277 0.054351956378404176 -0.053434591631114602 -0.0094655572617381896 0.047522872144803344 -0.063594963795529452 0.0097865702607932478 -0.027279641821004112 -0.034611647119853539 -0.04839612626848612 0.060358471344023126 -0.041685427845317855 0.021065553497673618 0.0092160162468238604 -0.066809169680384764 0.032650427638593986 -0.053951094237532145 -0.049243887278333211 -0.030277564922032308 -0.052300135894058047 0.014472042517407342 -0.049369296184036363 0.045083947996915771 0.022453503340144378 0.025379209687741617 -0.018911354723855349 -0.053259616744628556 -0.012751625041453855 0.010026390489220707
leaf_weight=4226.7674355097115 125.15915480256081 716.38382915128022 30.426025085151196 210.26570838876069 1578.9479686461855 273.66107630357146 112.80743918474764 954.55833074543625 551.59695303346962 286.81863423838513 228.26487681409344 233.93345394544303 105.54927238728851 90.632558919489384 214.50692657753825 27.400306777562946 73.742034528404474 27.198557339608669 121.13337962585501 627.80134745826945 84.532767087686807 111.18873773515224 18.532259799540043 502.28896716050804 427.8779888227582 768.06609438825399 196.03675913531333 22.872923214919865 126.08900549355894 60.39324449794367
leaf_count=18201 259 1270 37 3544 8022 480 601 3406 6890 4028 2551 326 341 142 667 131 145 328 1441 4262 540 212 111 833 1099 1325 1186 224 284 218
internal_value=4.75658e-11 -0.00387116 0.0268298 -0.00815747 -0.00710739 -0.0030695 0.0110199 0.00197878 -0.00739772 -0.00496248 -0.0178151 0.0334456 0.00997282 -0.0127358 0.0307436 0.0146871 -0.00774453 0.018276 -0.0308054 -0.0147161 -0.0211812 -0.00196148 0.0148879 0.039911 0.0347092 0.0193787 0.0129871 0.0287741 0.019994 -0.0267312
internal_weight=13135.4 11479.9 1655.53 9326.39 9116.12 6620.72 1555.53 1067.37 5065.18 4513.59 2495.41 1485.44 321.341 196.182 488.168 2153.51 296.864 1856.65 170.092 2267.14 223.122 138.589 48.9583 1164.1 930.167 1829.45 1090.19 739.257 894.155 688.195
internal_count=63104 58515 4589 52870 49326 34273 5154 4007 29119 22229 15053 3000 742 483 1147 5645 1028 4617 1589 12502 883 343 148 2258 1932 4289 2795 1494 1609 4480
is_linear=0
shrinkage=0.045


Tree=10
num_leaves=31
num_cat=0
split_feature=75 46 42 57 28 54 48 48 47 0 41 41 53 48 46 75 48 2 40 16 19 0 15 28 72 48 44 51 54 34
split_gain=1141.59 339.194 369.907 226.026 164.079 114.365 139.184 174.625 219.582 147.244 113.847 89.8854 88.7089 65.5134 65.1271 63.2598 61.0022 60.4361 58.1867 57.2275 54.6848 96.6292 75.61 54.4969 54.3001 47.0366 46.6515 46.4866 114.106 52.0469
threshold=627.50000000000011 1.0000000180025095e-35 1351.0000000000002 85.000000000000014 1.0000000180025095e-35 4.5000000000000009 1.0000000180025095e-35 1083.5000000000002 3474.0000000000005 1.5000000000000002 2740.5000000000005 1136.0000000000002 4.5000000000000009 646.50000000000011 1.0000000180025095e-35 2882.0000000000005 126.00000000000001 4.5000000000000009 1.5000000000000002 45.000000000000007 1.0000000180025095e-35 2.5000000000000004 542.00000000000011 1.0000000180025095e-35 1.0000000180025095e-35 1262.5000000000002 1.5000000000000002 741.50000000000011 4.5000000000000009 1.5000000000000002
decision_type=2 2 2 2 2 2 2 2 2 2 2 2 2 2 2 2 2 2 2 2 2 2 2 2 2 2 2 2 2 2
left_child=3 2 12 14 5 6 9 8 -8 -3 -9 -4 15 19 -1 24 -5 -18 23 -14 21 22 -7 27 25 -2 -11 29 -29 -16
right_child=1 4 11 16 -6 20 7 10 -10 26 -12 -13 13 -15 18 -17 17 -19 -20 -21 -22 -23 -24 -25 -26 -27 -28 28 -30 -31
leaf_value=0.037426243168766353 -0.0079304761277832116 0.018941470082077687 -0.017746391164645391 0.058961866737561666 -0.054950879067878391 0.048072883892634345 -0.010548809069336541 -0.02000132289708929 0.011350214839586176 -0.044005782565154368 0.018711454503051481 0.046588773256491987 -0.049640266569385867 0.046237254630639699 0.016585854051040586 -0.069911722578314545 0.043072574358480581 0.020571679721664907 0.023386593465090564 0.024360758423943443 -0.017518096662942188 -0.051307603322065048 -0.064117974196263111 -0.060994458055781339 0.041707044281214106 -0.054126478238282948 -0.0069977837077045161 0.025294667015316633 -0.024936097515218181 -0.0097605505474198644
leaf_weight=210.5425375867635 795.7480156775564 107.91808651946485 47.78167338296771 222.8040746152401 176.66762488335371 38.414615790359676 2159.5855319495313 2038.1195380766876 1623.2256914675236 460.92650202417281 165.60839426610619 490.68479097262025 35.153194829821587 107.80084981955588 935.80483735818416 33.815326545387506 530.18488876894116 449.77871455810964 576.05951249180362 50.077075846493244 537.73370299907401 281.7932644484099 16.624902470037341 22.787328777834773 41.338957091793418 46.339542981004342 81.578037194907665 147.12393925711513 238.98361692018807 180.51808705925941
leaf_count=394 3677 432 218 334 3287 84 8336 13498 5390 5348 583 2429 108 310 1843 244 901 1146 1395 93 5424 4331 57 323 97 325 284 292 1509 412
internal_value=1.35541e-10 -0.00822869 0.010288 0.0218567 -0.0122004 -0.0111878 -0.0091694 -0.00701856 -0.0011513 -0.0289247 -0.0170849 0.0408576 -0.00456126 0.0230905 0.0136155 -0.0103993 0.0376723 0.0327767 0.0112131 -0.00638265 -0.026477 -0.040685 0.0136457 0.00660298 -0.00804485 -0.0105338 -0.0384639 0.00766812 -0.00578007 0.0123205
internal_weight=12851.5 9336.94 1648.74 3514.59 7688.2 7511.53 6636.96 5986.54 3782.81 650.423 2203.73 538.466 1110.27 193.031 2311.82 917.242 1202.77 979.964 2101.28 85.2303 874.566 336.833 55.0395 1525.22 883.427 842.088 542.505 1502.43 386.108 1116.32
internal_count=63104 54555 7501 8549 47054 43767 33871 27807 13726 6064 14081 2647 4854 511 6168 4343 2381 2047 5774 201 9896 4472 141 4379 4099 4002 5632 4056 1801 2255
is_linear=0
shrinkage=0.045


Tree=11
num_leaves=31
num_cat=0
split_feature=48 48 46 48 66 48 47 41 55 19 51 59 48 42 8 6 15 2 51 54 48 43 54 48 55 19 48 48 41 29
split_gain=476.675 483.586 269.835 256.855 287.535 228.899 222.675 212.381 187.258 168.919 340.044 165.863 231.533 130.703 111.605 98.8564 92.5042 82.9338 75.4581 71.7892 67.5398 66.0234 57.9049 56.4586 56.4554 50.1458 114.738 63.4191 54.0703 48.9876
threshold=1091.5000000000002 42.500000000000007 1.0000000180025095e-35 193.50000000000003 1.0000000180025095e-35 431.50000000000006 1865.5000000000002 2740.5000000000005 1.5000000000000002 1.0000000180025095e-35 742.50000000000011 -1.0000000180025095e-35 342.50000000000006 661.50000000000011 4.5000000000000009 15.500000000000002 222.50000000000003 3.5000000000000004 742.50000000000011 4.5000000000000009 9.0000000000000018 7.5000000000000009 4.5000000000000009 1211.0000000000002 2.5000000000000004 1.0000000180025095e-35 1140.5000000000002 1167.0000000000002 2740.5000000000005 1.0000000180025095e-35
decision_type=2 2 2 2 2 2 2 2 2 2 2 2 2 2 2 2 2 2 2 2 2 2 2 2 2 2 2 2 2 2
left_child=1 2 7 6 5 11 13 -1 17 10 16 12 -5 -3 -10 25 -4 -7 -11 20 -12 -18 -20 -17 -13 27 -27 -2 -29 -15
right_child=15 3 9 4 -6 8 -8 -9 14 18 19 24 -14 29 -16 23 21 -19 22 -21 -22 -23 -24 -25 -26 26 -28 28 -30 -31
leaf_value=-0.022449516564665362 0.00093084218955309531 -0.048738773644093056 0.014318807037269385 0.022204298279966568 -0.046751814038409625 0.038804243864458424 0.047075593723715642 0.052598192748251574 0.009172623034809306 -0.024811543884623928 0.062664209198561638 -0.012589548938900371 -0.053280008619076551 -0.015040135154372206 -0.014125099372105186 -0.020987194104978835 -0.011825055153446484 0.017248718296576687 -0.079733413808285025 -0.03571154109269329 0.018996033731853407 -0.040412529431519961 -0.027330046167265986 -0.046938594298307892 -0.041408757036233569 -0.051777084520565675 -0.00049382923316207959 -0.03281016973426823 0.021810723595199189 0.020258912600261709
leaf_weight=118.41656696377322 196.81031774263829 64.022121615707874 126.25395881198347 415.74578199535608 203.15293810516596 517.35144497267902 621.39690393768251 211.68391707167029 2205.1324916922022 1003.4834399492829 143.44453315995634 257.75249019451439 101.54480394534767 86.610084922984242 512.30383450770751 399.26474343426526 297.70744430483319 1206.359897763934 97.821639377158135 26.359120208537206 144.94246450997889 365.26367876300355 77.884331700392067 298.43034401233308 297.45287661347538 96.920866752043366 903.61898717936128 504.73804873460904 38.895972868427634 900.36987214442343
leaf_count=650 898 294 734 1214 2193 1086 1091 1226 7733 9547 218 725 772 318 2255 3737 1510 3422 1041 407 481 5463 902 3949 1260 592 4314 2969 92 2011
internal_value=-2.84112e-11 0.00434961 -0.0122853 0.0102336 0.00569354 0.00763404 0.0257403 0.0256899 0.0121394 -0.0177847 -0.00512679 -0.0110165 0.00731242 0.0130931 0.00477685 -0.0178348 -0.020895 0.0237371 -0.0296207 0.0343529 0.0408582 -0.0276125 -0.0567909 -0.0321389 -0.0280762 -0.0120873 -0.0055083 -0.0209578 -0.0288693 0.0171492
internal_weight=12441.1 10002.5 2613.26 7389.2 5716.8 5513.64 1672.4 330.1 4441.15 2283.16 1103.97 1072.5 517.291 1051 2717.44 2438.68 789.225 1723.71 1179.19 314.746 288.387 662.971 175.706 697.695 555.205 1740.98 1000.54 740.444 543.634 986.98
internal_count=63104 46553 22179 24374 20660 18467 3714 1876 14496 20303 8813 3971 1986 2623 9988 16551 7707 4508 11490 1106 699 6973 1943 7686 1985 8865 4906 3959 3061 2329
is_linear=0
shrinkage=0.045


Tree=12
num_leaves=31
num_cat=0
split_feature=75 46 47 57 46 48 47 28 48 42 48 47 48 51 44 53 0 4 48 4 15 72 43 48 46 7 4 34 55 4
split_gain=905.96 280.586 207.379 194.005 147.345 144.571 109.783 101.459 99.2393 84.8181 83.8738 146.664 166.195 102.874 87.9359 71.5348 70.1704 67.8607 60.8488 75.9426 56.409 55.6679 55.646 54.7754 52.3704 47.3022 47.9776 46.3975 65.9268 82.5282
threshold=627.50000000000011 2.5000000000000004 1436.5000000000002 85.000000000000014 1.0000000180025095e-35 1.0000000180025095e-35 3474.0000000000005 1.0000000180025095e-35 1262.5000000000002 1351.0000000000002 1211.0000000000002 4077.5000000000005 1083.5000000000002 742.50000000000011 4.5000000000000009 4.5000000000000009 2.5000000000000004 17.500000000000004 742.50000000000011 31.500000000000004 222.50000000000003 1.0000000180025095e-35 4.5000000000000009 400.50000000000006 1.5000000000000002 3.5000000000000004 18.500000000000004 1.5000000000000002 2.5000000000000004 13.500000000000002
decision_type=2 2 2 2 2 2 2 2 2 2 2 2 2 2 2 2 2 2 2 2 2 2 2 2 2 2 2 2 2 2
left_child=3 2 4 20 9 -3 -4 10 16 15 11 13 -13 -7 17 -2 -8 -12 -5 25 -1 -18 -6 -17 -22 -20 -27 28 29 -26
right_child=1 5 6 18 22 7 8 -9 -10 -11 14 12 -14 -15 -16 23 21 -19 19 -21 24 -23 -24 -25 27 26 -28 -29 -30 -31
leaf_value=-0.016155484642770016 -0.029913910714158748 -0.045123596013775011 -0.052736430934282666 0.047699472310321019 -0.0059087748249339062 -0.022183544842339527 0.014804592760180368 -0.055300125238898101 -0.051718655924117125 0.038231716257832477 -0.055105536659227537 0.016980620391144112 -0.012633131154561212 0.0038995946109317507 0.030538196149234014 -0.0092746748366877418 -0.010441216642513124 -0.019233954289536798 0.047053527959607939 -0.031315114254594989 0.02748969213956531 0.028500714371816279 0.012191945035717027 0.042007704514760047 0.028700870241802168 0.032098421935403521 -0.00050702336471940735 -0.010946614931442373 0.018066062338445304 -0.019798469904361737
leaf_weight=133.24857098632492 77.208729701815173 308.19566792697879 110.78667450323701 458.05899534467608 780.17073894944042 1713.3183455793187 313.03412795439363 112.06941146496683 94.17872009659186 474.6453363802284 200.51899960148148 699.44665039656684 847.78735455265269 372.45747046265751 43.590712912380695 69.150748185813427 1489.0146065286826 230.78596373368055 220.7350762039423 42.524643398821354 452.98445763811469 77.291307959705591 613.49606596585363 105.90631075203419 101.9904759041965 270.42370634805411 137.72850710945204 185.44683567993343 1130.6024534869939 228.18307387176901
leaf_count=724 513 4442 921 769 2740 13576 650 2446 760 2647 2822 2153 5737 2305 166 184 8438 1610 369 126 904 206 1912 327 265 684 433 484 3010 781
internal_value=-5.23038e-11 -0.00764151 0.000729171 0.0198462 0.0106344 -0.015413 -0.00934866 -0.013233 -0.00688754 0.0270438 -0.0120722 -0.0097419 0.00075646 -0.0175262 -0.0298411 0.00592553 -0.00461462 -0.036 0.0350378 0.0263415 0.012148 -0.00850262 0.00206224 0.0218126 0.0139515 0.0302838 0.0211216 0.0102118 0.0129035 -0.00477562
internal_weight=12095 8733.05 4204.88 3361.93 2120.58 4528.17 2084.31 4219.97 1973.52 726.911 4107.91 3633.01 1547.23 2085.78 474.896 252.266 1879.34 431.305 1129.47 671.412 2232.46 1566.31 1393.67 175.057 2099.21 628.887 408.152 1646.22 1460.78 330.174
internal_count=63104 54555 19298 8549 8323 35257 10975 30815 10054 3671 28369 23771 7890 15881 4598 1024 9294 4432 2381 1612 6168 8644 4652 511 5444 1486 1117 4540 4056 1046
is_linear=0
shrinkage=0.045


Tree=13
num_leaves=31
num_cat=0
split_feature=75 46 47 57 48 54 48 41 48 42 47 48 42 75 48 70 38 42 48 2 48 14 74 0 17 11 22 51 15 53
split_gain=808.007 211.65 237.72 172.503 144.489 124.199 144.981 118.229 92.8178 83.2361 78.4859 74.3344 89.5618 74.8348 66.7184 65.0706 76.0652 73.8913 64.6108 76.3284 62.7495 64.8074 53.3952 52.5343 51.2509 50.5667 49.1768 53.7758 48.7418 47.9533
threshold=627.50000000000011 1.5000000000000002 1436.5000000000002 85.000000000000014 1.0000000180025095e-35 4.5000000000000009 741.50000000000011 2740.5000000000005 16.000000000000004 661.50000000000011 3474.0000000000005 646.50000000000011 830.00000000000011 3257.5000000000005 193.50000000000003 1.0000000180025095e-35 1.5000000000000002 661.50000000000011 742.50000000000011 4.5000000000000009 1262.5000000000002 1.0000000180025095e-35 1.0000000180025095e-35 3.5000000000000004 60.000000000000007 1.0000000180025095e-35 135.00000000000003 222.50000000000003 222.50000000000003 1.5000000000000002
decision_type=2 2 2 2 2 2 2 2 2 2 2 2 2 2 2 2 2 2 2 2 2 2 2 2 2 2 2 2 2 2
left_child=3 2 8 28 9 6 7 22 -2 -3 -4 12 -10 29 -14 17 -17 -8 -5 -20 23 -22 -6 -12 -9 -21 27 -7 -1 -13
right_child=1 4 10 18 5 26 15 24 11 -11 20 13 14 -15 -16 16 -18 -19 19 25 21 -23 -24 -25 -26 -27 -28 -29 -30 -31
leaf_value=-0.014963067656123175 0.036157210669451878 0.062393393278493206 -0.053064617067457381 0.046821540412751488 0.01759974738073692 0.018261231107111989 0.0091074043594820981 -0.030037276189727673 -0.050754613430739955 -0.04310625536638283 0.0067838013959751605 0.025508813124848234 0.024864856021861528 0.040274435548052649 -0.011583482694140827 0.034862129350979709 -0.029722884719252003 -0.019332448972150466 0.039945468276557441 -0.011552534195678792 -0.072774881340645414 0.034952167286675759 -0.0031747454000032576 -0.012199644284082689 -0.0042572610041197601 0.023912459146842348 -0.037403681449371166 -0.024202230867341457 0.013273187024683152 -0.0051514338313017605
leaf_weight=130.87545493268408 330.29236616007984 14.923179209232329 81.673688307404518 438.70989191439003 769.01241593528539 77.817562381736934 202.49472199846059 227.63727562502027 70.479647779837251 377.10415146022569 447.04739270359278 179.09037674963474 174.68755530007184 220.44685248099267 240.54519973322749 106.25643984787166 55.405663650482893 2077.1423487337306 325.49086209479719 137.64394124038517 52.528786845505238 13.684601683169602 370.9590251352638 865.12480755196884 493.90353341959417 196.62637583259493 428.63308227842208 259.44276607432403 2065.8683032412082 241.61813677544706
leaf_count=724 2015 54 800 769 2547 596 849 976 376 4992 1248 652 541 826 886 262 234 16331 650 480 543 71 2067 5252 1782 482 6868 2839 5444 948
internal_value=1.05217e-11 -0.00742509 0.00236021 0.0188745 -0.012652 -0.0106114 -0.0076358 0.00182365 0.0152136 -0.0389417 -0.0104693 0.00904831 -0.00422716 0.0190962 0.00377316 -0.0148465 0.0126806 -0.0168033 0.0334286 0.0244655 -0.00790877 -0.0503217 0.0108426 -0.00573188 -0.0124209 0.00931798 -0.0272969 -0.0143794 0.0115849 0.00792979
internal_weight=11673.2 8377.95 2917.22 3295.21 5460.73 5068.7 4302.81 1861.51 1457.16 392.027 1460.06 1126.87 485.712 641.155 415.233 2441.3 161.662 2279.64 1098.47 659.761 1378.39 66.2134 1139.97 1312.17 721.541 334.27 765.893 337.26 2196.74 420.709
internal_count=63104 54555 14158 8549 40397 35351 25048 7372 6244 5046 7914 4229 1803 2426 1427 17676 496 17180 2381 1612 7114 614 4614 6500 2758 962 10303 3435 6168 1600
is_linear=0
shrinkage=0.045


Tree=14
num_leaves=31
num_cat=0
split_feature=75 46 41 57 28 48 54 48 74 0 66 48 48 2 48 48 48 22 51 11 33 57 51 54 56 36 8 27 29 7
split_gain=722.725 173.328 211.096 167.154 119.252 92.6321 110.022 120.938 99.898 95.2212 86.1488 66.4976 63.5982 76.7175 61.5876 68.882 52.1606 50.5666 48.7525 47.0399 45.1553 95.813 80.551 114.739 60.8306 44.7498 43.8199 41.6097 61.6896 39.8558
threshold=627.50000000000011 1.0000000180025095e-35 1136.0000000000002 85.000000000000014 1.0000000180025095e-35 1.0000000180025095e-35 4.5000000000000009 193.50000000000003 1.0000000180025095e-35 1.0000000180025095e-35 1.0000000180025095e-35 1.0000000180025095e-35 742.50000000000011 4.5000000000000009 646.50000000000011 342.50000000000006 860.50000000000011 135.00000000000003 222.50000000000003 1.0000000180025095e-35 1.5000000000000002 45.000000000000007 741.50000000000011 4.5000000000000009 1.5000000000000002 1.5000000000000002 4.5000000000000009 1.5000000000000002 1.5000000000000002 2.5000000000000004
decision_type=2 2 2 2 2 2 2 2 2 2 2 2 2 2 2 2 2 2 2 2 2 2 2 2 2 2 2 2 2 2
left_child=3 2 -2 20 5 9 7 8 -7 -3 -9 -4 -5 -14 15 -13 -16 18 -8 29 21 24 -22 25 -1 -24 -21 28 -26 -15
right_child=1 4 11 12 -6 6 17 10 -10 -11 -12 14 13 19 16 -17 -18 -19 -20 26 22 -23 23 -25 27 -27 -28 -29 -30 -31
leaf_value=0.025586730811869466 -0.0082800031360648792 0.033834404635781995 0.052787227513107937 0.046076109298370867 -0.051447414270884666 0.024211193454441303 0.019578337489493169 -0.0076033678447221991 -0.0038620261026397419 -0.033961553432686906 -0.041266023532017651 0.018049979944302838 0.039343026126499106 0.051475524610792925 0.039553465693031746 -0.034775554707821371 -0.035385838261331695 -0.034198240883153583 -0.019893750577336312 0.002690118019296129 0.014485093086259121 -0.039807709154384696 0.027181601007889914 -0.034965999114380406 0.030370039701529222 -0.04973461382817803 0.045883305280825029 -0.014679189582309272 -0.0094908905770375602 -0.020866980048463657
leaf_weight=837.6118860244751 808.02198342652991 45.33428667858243 147.75040225312114 422.48918478004634 138.63989563658834 449.36232306435704 80.072444222867489 3987.3234149515629 596.32759797829203 462.1235964364605 159.20602794038132 157.49417334608734 315.52996681071818 16.693954464048147 232.56482572853565 72.013060507364571 19.692352501675487 418.22465623542666 290.82454021641752 102.99913526279852 474.03513197414577 59.127133769914508 121.96286367438734 209.18397519574501 193.40894589945674 16.565355498343706 87.582224559038877 144.53390090260655 131.36766306357458 120.69441108871251
leaf_count=1644 4139 275 1110 769 3287 1321 507 21689 2773 5789 2024 747 650 26 1143 257 105 6548 2841 306 1014 271 174 1786 399 151 176 345 384 454
internal_value=-1.65777e-11 -0.00722261 0.00693847 0.017899 -0.0102948 -0.00940777 -0.00783871 -0.00545689 0.00821343 -0.0278503 -0.00890548 0.0264545 0.0325042 0.0235359 0.018286 0.00139582 0.0335867 -0.0234837 -0.0113424 0.00825494 0.0107711 0.0157825 0.00243131 -0.013996 0.018326 0.0176933 0.0226756 0.0053403 0.0142672 -0.0117683
internal_weight=11318.8 8064.98 1437.54 3253.79 6627.44 6488.8 5981.34 5192.22 1045.69 507.458 4146.53 629.515 1065.99 643.5 481.764 229.507 252.257 789.122 370.897 327.97 2187.8 1366.05 821.747 347.712 1306.92 138.528 190.581 469.311 324.777 137.388
internal_count=63104 54555 7501 8549 47054 43767 37703 27807 4094 6064 23713 3362 2381 1612 2252 1004 1248 9896 3348 962 6168 3043 3125 2111 2772 325 482 1128 783 480
is_linear=0
shrinkage=0.045


Tree=15
num_leaves=31
num_cat=0
split_feature=48 48 48 66 47 48 46 41 19 51 59 48 55 28 15 0 15 51 54 0 41 35 54 2 20 48 55 48 51 48
split_gain=334.318 339.236 192.623 181.499 179.15 159.058 123.137 156.269 128.855 260.224 112.24 166.801 106.138 98.1698 91.8595 82.8593 74.0076 62.2831 61.8503 54.2741 52.1495 51.0896 49.222 48.2926 47.0378 44.6024 43.959 43.8325 44.8902 41.1131
threshold=1091.5000000000002 42.500000000000007 193.50000000000003 1.0000000180025095e-35 1865.5000000000002 431.50000000000006 1.0000000180025095e-35 2740.5000000000005 1.0000000180025095e-35 742.50000000000011 -1.0000000180025095e-35 342.50000000000006 16.500000000000004 1.0000000180025095e-35 103.00000000000001 22.500000000000004 222.50000000000003 742.50000000000011 4.5000000000000009 15.500000000000002 2740.5000000000005 1.0000000180025095e-35 4.5000000000000009 4.5000000000000009 115.50000000000001 1140.5000000000002 2.5000000000000004 1.0000000180025095e-35 324.00000000000006 741.50000000000011
decision_type=2 2 2 2 2 2 2 2 2 2 2 2 2 2 2 2 2 2 2 2 2 2 2 2 2 2 2 2 2 2
left_child=1 6 4 5 14 10 7 -1 9 16 11 -4 13 -7 -3 20 -8 27 -11 -18 21 -2 -19 -16 -24 -22 -12 -10 -29 -14
right_child=15 2 3 -5 -6 12 8 -9 17 18 26 -13 29 -15 23 -17 19 22 -20 -21 25 -23 24 -25 -26 -27 -28 28 -30 -31
leaf_value=-0.023379998181540407 -0.013995822948420538 -0.060451693903359631 0.017748443731012795 -0.041612804946455716 0.043850434498233865 0.013288271058619862 0.015532498964870883 0.045665713847291275 -0.034860113707695428 0.038585745397659708 -0.011429198455360366 -0.050712081438794604 0.0099808681568084694 -0.055389109928757709 0.0010802221271206582 -0.056406772789003641 -0.027716652784532073 -0.076568664745155265 -0.035663148941706052 0.039779013329805969 -0.05471472151896517 -0.045943773563040635 0.040601526004738375 0.022326880579722749 -0.045292768236321987 0.020291280088959199 -0.038649830053812062 -0.0015446592036991267 -0.027857265576813572 -0.025350688197626585
leaf_weight=112.37007804587483 1856.9418823942542 33.721389949321747 396.57669867388904 163.55674893944524 542.7322052391246 3658.8206242716406 108.44096247688867 159.49864990450442 319.66639467555797 264.65812134370208 237.20392239280045 87.033433824777603 94.931098520755768 41.672799114137888 352.45739213237539 95.71191773423925 558.99754639074672 81.7876779390499 24.069087169598788 24.35865679057315 17.229329649358988 106.48185082781129 16.2878033593297 561.5907333092764 51.240341843105853 135.21477223990951 244.91748919151723 284.07229131646454 243.32849263190292 219.68677862128243
leaf_count=650 12700 223 1214 2193 1091 12014 734 1226 4027 699 725 772 432 665 1041 1828 6752 1041 407 221 68 1425 80 1359 822 530 1260 2528 2992 1385
internal_value=-8.21255e-11 0.00389774 0.00901698 0.0048877 0.0232562 0.00642269 -0.0112036 0.0171463 -0.0151091 -0.0035211 -0.00996672 0.00534865 0.0103662 0.0125001 0.0114293 -0.0156515 -0.018494 -0.0264976 0.0322944 -0.024835 -0.0137821 -0.015751 -0.0532422 0.0141443 -0.0242849 0.0115127 -0.0253086 -0.021726 -0.0137143 -0.0146921
internal_weight=11095.3 8883.68 6634.9 5144.4 1490.5 4980.84 2248.78 271.869 1976.91 980.524 965.732 483.61 4015.11 3700.49 947.77 2211.58 691.797 996.383 288.727 583.356 2115.87 1963.42 149.316 914.048 67.5281 152.444 482.121 847.067 527.401 314.618
internal_count=63104 46553 24374 20660 3714 18467 22179 1876 20303 8813 3971 1986 14496 12679 2623 16551 7707 11490 1106 6973 14723 14125 1943 2400 902 598 1985 9547 5520 1817
is_linear=0
shrinkage=0.045


Tree=16
num_leaves=31
num_cat=0
split_feature=75 46 57 48 47 54 48 41 46 70 47 48 0 48 48 40 48 2 19 38 75 48 22 48 41 15 57 25 10 48
split_gain=605.32 143.923 128.998 114.848 112.924 95.4796 103.085 88.0487 68.3521 66.8989 62.83 71.9077 60.5382 59.4567 88.4264 59.3317 56.2917 62.002 53.8792 53.5953 52.4238 48.2036 47.4583 51.9217 42.1041 41.2562 47.3117 55.5471 41.2227 40.821
threshold=627.50000000000011 2.5000000000000004 85.000000000000014 1.0000000180025095e-35 1436.5000000000002 4.5000000000000009 323.00000000000006 2740.5000000000005 1.0000000180025095e-35 1.0000000180025095e-35 3474.0000000000005 1091.5000000000002 24.500000000000004 98.500000000000014 400.50000000000006 1.5000000000000002 126.00000000000001 4.5000000000000009 1.0000000180025095e-35 1.5000000000000002 3257.5000000000005 342.50000000000006 145.00000000000003 16.000000000000004 2740.5000000000005 222.50000000000003 45.000000000000007 1.0000000180025095e-35 1.0000000180025095e-35 16.000000000000004
decision_type=2 2 2 2 2 2 2 2 2 2 2 2 2 2 2 2 2 2 2 2 2 2 2 2 2 2 2 2 2 2
left_child=2 4 25 -3 8 6 7 15 13 12 -6 -12 -8 24 21 -5 -4 -18 -7 -11 -16 -15 -20 -24 -2 -1 -27 -28 -13 -9
right_child=1 3 16 5 10 18 9 29 -10 19 11 28 -14 14 20 -17 17 -19 22 -21 -22 -23 23 -25 -26 26 27 -29 -30 -31
leaf_value=-0.014472876808450214 -0.064776330411276478 -0.041878740004711451 0.054200689617839651 0.024553113566457223 -0.046513519212508084 -0.045219340529145925 -0.013556476251553481 0.019564662770183365 0.0012115603348461983 0.038354425080794251 0.0029420658939738353 -0.011204744447897557 -0.052329334806587705 0.0018391009970084495 0.011224579929838201 0.00020125247031859387 0.0364604579672754 0.012091371047178211 -0.0028222963827606398 -0.027006250035059076 0.051765756911181841 -0.051627243817322727 -0.012163542021130456 -0.058717938600862822 0.043799254763718688 0.013786464359904882 -0.035607419889386482 0.024711944640571637 -0.038838336104902935 -0.028443078452898507
leaf_weight=126.59815342538059 6.6578545272350302 253.83301414630841 161.61191043071449 362.58550698054023 81.103969891555607 210.47904425201705 1894.6927446024492 42.966867620125413 1156.7041015303694 85.256093244999647 882.47175630810671 803.08999831834808 84.37922352226451 88.762904839590192 202.56080262130126 457.62807035539299 457.63563734572381 394.92948163021356 219.3195783989504 35.183508767746389 94.37486943602562 54.42781791370362 108.02601717715152 88.066349099390209 192.68458567745984 1861.8886673082598 84.956120838411152 47.409770887345076 125.9106753449887 198.79929765313864
leaf_count=724 121 4442 334 1092 921 4166 14741 147 4652 218 4244 4912 1694 496 990 2088 901 1146 2151 186 451 220 1474 1755 1393 4981 378 85 898 1103
internal_value=-3.18535e-11 -0.00676431 0.0166754 -0.0126296 -0.000336874 -0.0106588 -0.00747477 0.0039481 0.00774291 -0.0132518 -0.00800514 -0.00625631 -0.0152352 0.0195368 0.010259 0.0109831 0.0298697 0.0251995 -0.0267043 0.0191957 0.0242403 -0.0187009 -0.0172371 -0.0332633 0.0398677 0.0103549 0.0119375 -0.0139794 -0.0149878 -0.0198657
internal_weight=10865 7729.96 3135.03 4041.22 3688.75 3787.38 3161.49 1061.98 1796.17 2099.51 1892.58 1811.47 1979.07 639.469 440.126 820.214 1014.18 852.565 625.891 120.44 296.936 143.191 415.412 196.092 199.342 2120.85 1994.25 132.366 929.001 241.766
internal_count=63104 54555 8549 35257 19298 30815 21269 4430 8323 16839 10975 10054 16435 3671 2157 3180 2381 2047 9546 404 1441 716 5380 3229 1514 6168 5444 463 5810 1250
is_linear=0
shrinkage=0.045


Tree=17
num_leaves=31
num_cat=0
split_feature=75 28 57 46 48 48 54 48 47 46 48 48 70 48 15 19 33 57 51 25 46 20 0 42 74 19 6 22 11 7
split_gain=549.109 122.779 119.01 96.7648 104.36 83.2386 77.22 89.5996 69.2747 60.5902 64.2113 101.317 57.0439 55.4106 50.6886 50.5164 42.9123 85.4467 64.5011 115.01 57.6499 43.9183 40.9524 38.9902 37.5809 68.7904 62.2956 36.3957 35.305 35.1641
threshold=627.50000000000011 1.0000000180025095e-35 85.000000000000014 2.5000000000000004 1.0000000180025095e-35 1091.5000000000002 4.5000000000000009 741.50000000000011 2426.0000000000005 1.0000000180025095e-35 1.0000000180025095e-35 422.50000000000006 1.0000000180025095e-35 126.00000000000001 742.50000000000011 1.0000000180025095e-35 1.5000000000000002 45.000000000000007 741.50000000000011 1.0000000180025095e-35 4.5000000000000009 431.50000000000006 4.5000000000000009 3867.5000000000005 1.0000000180025095e-35 1.0000000180025095e-35 7.5000000000000009 145.00000000000003 1.0000000180025095e-35 3.5000000000000004
decision_type=2 2 2 2 2 2 2 2 2 2 2 2 2 2 2 2 2 2 2 2 2 2 2 2 2 2 2 2 2 2
left_child=2 3 16 5 -5 9 7 8 -6 10 23 -12 -9 -4 -15 -8 17 -1 -18 20 -20 -21 -16 -2 26 28 -7 -17 -26 -24
right_child=1 -3 13 4 6 24 15 12 -10 -11 11 -13 -14 14 22 27 18 -19 19 21 -22 -23 29 -25 25 -27 -28 -29 -30 -31
leaf_value=0.017354344207954304 0.049308160865119487 -0.049910729955841344 0.053670148190298278 -0.040174925697683835 -0.013906073504398169 0.00026339530753132016 -0.04349358552172277 -0.014972703733309113 0.0092391152154556403 -0.0013747091267430412 -0.0086866342689614455 0.023258045029444483 0.01689163364886059 0.047747823489259524 -0.020368312952308117 -0.0023223158663925204 0.012463562727833628 -0.038811794081798474 0.038277375145212809 -0.051778983784089669 -0.019179542653738172 -0.0046348059208730545 0.037180549046518845 -0.062097154335843362 -0.030261163165810748 0.0088630574202325126 -0.036895620801197078 -0.030123653015579163 0.020283699039759295 0.014591271948091488
leaf_weight=1254.2078518900089 114.64702217280865 128.92258216021582 153.17591226566583 228.50082597549772 360.5739343483001 147.71034509222955 183.14929501345614 1612.8877917747013 948.80717197386548 1722.1966150330845 377.86821621004492 427.68258885573596 121.58213172852993 151.10982060059905 49.013183956965804 213.29073055670597 466.3683482487686 56.432591056451201 90.622074051760137 126.58071779459715 56.797819296829402 58.606182441115379 207.73054683953524 5.9006603509187689 198.43593249190599 325.55509562720545 238.41819250909612 171.72072658035904 31.835809126496315 428.76639591995627
leaf_count=2772 1197 3596 334 4120 1840 598 3768 13699 3763 8093 1733 1895 393 239 167 2016 1014 271 186 1444 196 285 394 30 1182 1672 1994 2890 76 1247
internal_value=8.16614e-11 -0.00653988 0.0159482 -0.00578079 -0.0107448 -0.000469197 -0.00887246 -0.00602537 0.00285971 0.00361763 0.012893 0.00828123 -0.0127306 0.0288157 0.0242064 -0.024088 0.00990023 0.0149082 0.00167671 -0.0134402 0.0161603 -0.0369643 0.0189551 0.043389 -0.0119509 -0.00444457 -0.0227168 -0.014768 -0.0232157 0.0220104
internal_weight=10659.1 7559.69 3099.41 7430.76 3840.51 3590.25 3612.01 3043.85 1309.38 2648.3 926.098 805.551 1734.47 989.796 836.62 568.161 2109.62 1310.64 798.975 332.607 147.42 185.187 685.51 120.548 941.955 555.827 386.129 385.011 230.272 636.497
internal_count=63104 54555 8549 50959 32489 18470 28369 19695 5603 12948 4855 3628 14092 2381 2047 8674 6168 3043 3125 2111 382 1729 1808 1227 5522 2930 2592 4906 1258 1641
is_linear=0
shrinkage=0.045


Tree=18
num_leaves=31
num_cat=0
split_feature=75 28 60 48 4 56 63 41 28 58 55 66 15 6 56 48 44 5 43 0 8 25 34 4 0 21 55 43 51 6
split_gain=508.424 109.596 104.695 73.2981 91.0986 77.673 83.2664 77.2207 63.9834 59.7322 57.722 48.3771 42.6038 49.6862 36.8404 35.4051 35.1491 42.4309 34.6157 29.3707 26.8038 26.0639 25.2336 23.7434 21.8377 20.9334 20.0827 19.2194 18.6196 17.2296
threshold=627.50000000000011 1.0000000180025095e-35 -1.0000000180025095e-35 1211.0000000000002 14.500000000000002 1.0000000180025095e-35 1.0000000180025095e-35 2740.5000000000005 1.0000000180025095e-35 2.5000000000000004 27.500000000000004 1.0000000180025095e-35 222.50000000000003 9.5000000000000018 2.5000000000000004 1239.5000000000002 4.5000000000000009 31.500000000000004 3.5000000000000004 1.5000000000000002 4.5000000000000009 2.5000000000000004 1.5000000000000002 1.0000000180025095e-35 25.500000000000004 155.00000000000003 11.500000000000002 21.500000000000004 222.50000000000003 16.500000000000004
decision_type=2 2 2 2 2 2 2 2 2 2 2 2 2 2 2 2 2 2 2 2 2 2 2 2 2 2 2 2 2 2
left_child=2 3 -1 5 7 6 10 -5 9 12 11 -2 13 -4 15 -14 17 21 -8 -19 27 -6 -16 -10 -20 28 -15 29 -22 -7
right_child=1 -3 8 4 16 20 18 -9 23 -11 -12 -13 14 26 22 -17 -18 19 24 -21 25 -23 -24 -25 -26 -27 -28 -29 -30 -31
leaf_value=0.053029725195444515 -0.00021574606809290361 -0.049019341159866635 0.029395414887461207 -0.050833242346588488 -0.033520514738937489 -0.028778876955169033 -0.0057752069655827775 0.068833463949285842 0.033498081100671435 0.050065806667212061 -0.029729616385707584 -0.022595057262509006 0.016984292968996919 -0.055344080787735901 0.0028332387260787111 -0.023695069945063242 0.027895997344512088 -0.067744167645025874 -0.047912855813113726 -0.00062724839777243203 0.029769491693301241 0.049119305814238429 -0.051033826561045159 -0.058456114452801709 0.029487593072268378 -0.033678592121869515 -0.0095296139307405707 -0.053904960608924635 -0.0088477962393100542 0.013463089492151081
leaf_weight=142.26336005423218 5484.0222150087357 119.05175802204758 36.149476524442434 195.21081071160734 177.72706477157772 190.73378122597933 75.831318967044353 10.716337345540522 6.1690760664641848 91.078771416097879 144.37991166114807 201.83684145158622 2321.6195847913623 40.515463080722839 281.46062427014112 43.314138096757233 45.983401182107627 12.756143338978289 130.24005882936763 328.92783955903724 31.752218762412667 7.2213670015335074 17.780933145433664 32.401277714408934 7.177430748473852 49.94317068438977 37.265810680342838 57.929940076661296 109.86890110571403 21.189706275006756
leaf_count=334 29787 3596 60 3211 1508 2828 457 84 16 106 953 2206 6021 374 666 171 150 60 3458 1898 179 32 75 539 113 892 187 1749 1163 231
internal_value=7.52965e-11 -0.00637056 0.0154586 -0.00566681 -0.018707 -0.00410344 -0.00274287 -0.0443033 0.0136028 0.0143822 -0.00173009 -0.001014 0.0131947 -0.0136627 0.014348 0.0162295 -0.0094408 -0.0127476 -0.030295 -0.00332331 -0.0218793 -0.030047 -0.000526857 -0.0432738 -0.0436863 -0.00894051 -0.0337935 -0.0309974 -4.15685e-05 -0.0245118
internal_weight=10452.5 7402.5 3050.02 7283.45 778.543 6504.91 6043.49 205.927 2907.76 2869.18 5830.24 5685.86 2778.11 113.931 2664.18 2364.93 572.616 526.632 213.249 341.684 461.418 184.948 299.242 38.5704 137.417 191.564 77.7813 269.853 141.621 211.923
internal_count=63104 54555 8549 50959 6943 44016 36974 3295 8215 7660 32946 31993 7554 621 6933 6192 3648 3498 4028 1958 7042 1540 741 555 3571 2234 561 4808 1342 3059
is_linear=0
shrinkage=0.045


Tree=19
num_leaves=31
num_cat=0
split_feature=75 60 46 48 54 48 47 0 58 17 70 0 46 48 48 58 38 19 75 47 48 14 51 54 25 47 51 33 33 39
split_gain=454.64 94.5732 87.6698 89.177 75.8111 93.0674 73.1845 60.462 58.3767 52.9025 52.6192 52.1886 50.2271 54.3708 87.6551 48.8603 47.6942 44.9536 44.08 43.9251 47.7003 54.6324 39.4414 178.371 49.4757 61.5272 46.5601 46.2256 45.6545 46.2886
threshold=627.50000000000011 -1.0000000180025095e-35 2.5000000000000004 1.0000000180025095e-35 4.5000000000000009 741.50000000000011 1436.5000000000002 17.500000000000004 2.5000000000000004 1.0000000180025095e-35 1.0000000180025095e-35 22.500000000000004 1.0000000180025095e-35 98.500000000000014 422.50000000000006 1.0000000180025095e-35 1.5000000000000002 1.0000000180025095e-35 3257.5000000000005 3474.0000000000005 1262.5000000000002 1.0000000180025095e-35 741.50000000000011 4.5000000000000009 1.0000000180025095e-35 2844.5000000000005 542.00000000000011 1.5000000000000002 1.5000000000000002 1.5000000000000002
decision_type=2 2 2 2 2 2 2 2 2 2 2 2 2 2 2 2 2 2 2 2 2 2 2 2 2 2 2 2 2 2
left_child=1 -1 6 -4 5 7 12 9 22 -5 11 -7 13 -2 -15 -14 -12 -6 -16 -8 -21 -22 24 28 25 -3 -26 -25 -24 -30
right_child=2 8 3 4 17 10 19 -9 -10 -11 16 -13 15 14 18 -17 -18 -19 -20 20 21 -23 23 27 26 -27 -28 -29 29 -31
leaf_value=0.05207631319675831 0.036857906267478452 0.0093853650398780242 -0.038546897046306872 -0.044673090339314631 -0.042447192144340978 -0.013445768477980286 -0.041424126251217601 0.039408506787691561 0.048509774394586667 0.0022657493384862725 0.032828581949018255 -0.051028152170306734 -0.0032997217024842707 -0.018419796771716537 0.010415037502642504 0.026593740397937504 -0.028823577234305495 -0.015357442118064125 0.049858225238518204 -0.0042778427472136126 -0.065639583346321223 0.022096435176565541 0.063789634647431578 -0.00038937359703725778 0.015174843904259527 -0.032108454012612676 0.035145153622332836 -0.032769095244108086 0.028938419676065086 -0.052667776732051613
leaf_weight=130.45059926528484 179.32356288656592 586.86208002176136 220.24662453326164 49.756170310080051 183.1920722751529 1503.448750201962 72.289467955008149 84.712378265801817 89.997239374555647 1155.609065303579 87.544914846308529 77.922522718086839 990.15258260536939 163.38837205851451 173.1006931271404 123.64458402618766 34.754590797238052 386.39860198064707 85.371652919799089 1649.5424742940813 51.426901773549616 19.227123797871172 71.710356343537569 166.12509189080447 1266.5864664060064 81.536743767559528 290.97026457451284 192.07468335167505 110.80643155612051 15.170999127440153
leaf_count=334 1514 1348 4442 293 4166 13203 921 299 110 5316 218 1754 4430 759 947 222 186 5380 451 9294 648 112 79 558 3226 382 401 1786 189 136
internal_value=3.68487e-12 0.0147351 -0.00606875 -0.0108188 -0.00909466 -0.00622709 -0.000943106 0.00288979 0.0130213 0.00029274 -0.0131283 -0.0153287 0.00570064 0.016171 0.00731116 3.96826e-05 0.0152168 -0.0241292 0.0235848 -0.00729922 -0.00584192 -0.0417888 0.0118562 0.00113133 0.0145328 0.00428321 0.0189257 -0.017795 0.0353418 0.0187735
internal_weight=10293.3 3002.29 7291.05 3783.59 3563.34 2993.75 3507.47 1290.08 2871.84 1205.37 1703.67 1581.37 1714.98 601.184 421.861 1113.8 122.3 569.591 258.472 1792.49 1720.2 70.654 2781.84 555.888 2225.96 668.399 1557.56 358.2 197.688 125.977
internal_count=63104 8549 54555 35257 30815 21269 19298 5908 8215 5609 15361 14957 8323 3671 2157 4652 404 9546 1398 10975 10054 760 8105 2748 5357 1730 3627 2344 404 325
is_linear=0
shrinkage=0.045


Tree=20
num_leaves=31
num_cat=0
split_feature=75 28 60 54 48 47 6 19 51 51 17 55 58 28 41 35 56 48 48 2 48 49 48 21 19 15 4 25 55 71
split_gain=422.123 91.8392 89.2061 64.5711 85.932 98.2442 85.5327 79.9862 227.701 158.359 63.5006 57.7717 55.3044 51.9917 43.4203 44.0217 36.1469 43.6898 33.4509 30.9204 93.2329 74.6103 30.297 29.9602 28.3905 60.2136 48.0289 27.1442 20.8339 20.6179
threshold=627.50000000000011 1.0000000180025095e-35 -1.0000000180025095e-35 4.5000000000000009 1083.5000000000002 4077.5000000000005 18.500000000000004 1.0000000180025095e-35 222.50000000000003 742.50000000000011 60.000000000000007 15.500000000000002 2.5000000000000004 1.0000000180025095e-35 2740.5000000000005 1.0000000180025095e-35 1.5000000000000002 742.50000000000011 1080.0000000000002 3.5000000000000004 276.00000000000006 1071.5000000000002 1262.5000000000002 145.00000000000003 1.0000000180025095e-35 542.00000000000011 42.500000000000007 2.5000000000000004 16.500000000000004 1.0000000180025095e-35
decision_type=2 2 2 2 2 2 2 2 2 2 2 2 2 2 2 2 2 2 2 2 2 2 2 2 2 2 2 2 2 2
left_child=2 3 -1 4 5 7 14 9 -9 -2 18 -12 13 16 15 -6 19 23 -7 21 -21 -4 -16 -18 25 26 -5 -26 -8 -30
right_child=1 -3 12 24 6 10 28 8 -10 -11 11 -13 -14 -15 22 -17 17 -19 -20 20 -22 -23 -24 -25 27 -27 -28 -29 29 -31
leaf_value=0.051651142785848751 -0.003246748812059985 -0.047601574853218927 0.0078403562116298817 -0.025160399131285538 -0.0075739680503128159 0.046596635822886763 -0.038459866493772213 -0.0063477415085982066 -0.071129104851162361 0.034264371102337939 0.0021037423350436617 0.034114670072084352 0.047818912403890163 -0.045371831774523107 0.010124748552468844 -0.040577608880180444 -0.0019841579379191142 -0.032846321991938141 -0.011696925892557188 0.038590593969542092 0.0072674515415013458 0.041882152670640375 0.081261503265982971 0.017966634573349589 -0.0075288586210139549 -0.047958174417115799 0.040107347257950128 -0.04517477221015339 -0.020697172551334464 0.045426535000495469
leaf_weight=123.1347555629909 1409.8139309826074 104.3397636981681 265.015998294577 66.461486816639081 1641.7381798853166 136.01436471007764 251.42388435197063 1404.7800267935963 118.22472728509456 270.81708825752139 712.0510588507168 135.00464262673631 86.881465105339885 31.182379482313991 119.94675012305379 85.217981955735013 346.019470972009 60.94365702662617 22.913459772244096 225.17302425205708 1295.1741966626141 256.71259222365916 12.547997745685278 271.18047678377479 387.42004303424619 153.39706271851901 33.51606766320765 42.199206291232258 71.124394187587313 10.04973755404353
leaf_count=334 8443 3596 1023 946 10026 300 3993 10435 1345 701 2737 367 110 551 499 1027 882 544 73 394 3657 464 48 590 4709 3466 93 730 969 52
internal_value=-1.21681e-11 -0.00588987 0.0142951 -0.00526893 -0.00386407 -0.000101237 -0.0110869 -0.00395389 -0.0114198 0.00281458 0.0121596 0.00723989 0.0126569 0.0115296 -0.00731816 -0.0092251 0.0121983 0.00319079 0.0381716 0.0151865 0.0119289 0.0246384 0.0174201 0.00679655 -0.0184117 -0.0303395 -0.0030998 -0.0113229 -0.0320716 -0.0120576
internal_weight=10150.4 7189 2961.42 7084.66 6401.67 4209.62 2192.05 3203.64 1523 1680.63 1005.98 847.056 2838.28 2751.4 1859.45 1726.96 2720.22 678.144 158.928 2042.08 1520.35 521.729 132.495 617.2 682.994 253.375 99.9776 429.619 332.598 81.1741
internal_count=63104 54555 8549 50959 41015 24401 16614 20924 11780 9144 3477 3104 8215 8105 11600 11053 7554 2016 373 5538 4051 1487 547 1472 9944 4505 1039 5439 5014 1021
is_linear=0
shrinkage=0.045


Tree=21
num_leaves=31
num_cat=0
split_feature=75 28 60 46 47 48 48 48 42 75 58 54 48 17 28 48 72 15 6 42 22 51 16 56 61 47 31 48 0 42
split_gain=381.54 83.3257 80.9963 65.5147 94.1784 74.3917 55.8746 75.5131 54.6055 53.9115 53.0384 50.8558 87.986 83.4356 44.1664 40.9505 37.2849 34.1834 39.7776 34.0839 32.1838 37.6268 31.0462 30.7609 32.9679 30.2525 27.4897 24.3156 23.0009 22.7135
threshold=627.50000000000011 1.0000000180025095e-35 -1.0000000180025095e-35 1.5000000000000002 1436.5000000000002 1.0000000180025095e-35 89.500000000000014 646.50000000000011 661.50000000000011 3257.5000000000005 2.5000000000000004 4.5000000000000009 9.0000000000000018 110.00000000000001 1.0000000180025095e-35 1211.0000000000002 1.0000000180025095e-35 222.50000000000003 9.5000000000000018 830.00000000000011 135.00000000000003 222.50000000000003 75.000000000000014 2.5000000000000004 1.0000000180025095e-35 3474.0000000000005 6262.5000000000009 1262.5000000000002 25.500000000000004 830.00000000000011
decision_type=2 2 2 2 2 2 2 2 2 2 2 2 2 2 2 2 2 2 2 2 2 2 2 2 2 2 2 2 2 2
left_child=2 3 -1 4 6 8 29 19 -5 -9 14 12 13 -7 17 -14 25 18 -4 -8 21 -13 -18 24 -19 -6 -25 -27 -10 -2
right_child=1 -3 10 5 16 11 7 9 28 -11 -12 20 15 -15 -16 -17 22 23 -20 -21 -22 -23 -24 26 -26 27 -28 -29 -30 -31
leaf_value=0.050928676856159066 0.00015753341940331997 -0.046885567676084886 0.025591510313943178 0.059099658962122915 -0.042395449131079441 -0.030566350933042958 -0.046758856907395126 0.0047112266538848575 -0.037331507255239753 0.035268693205347146 0.047305202014844852 0.018899655084025049 -0.0046723285278194504 0.034359306572687792 -0.043513557459052402 -0.018951590405134541 0.053455054836148687 0.015720011027346107 -0.031988863697916294 -0.0066631045690202983 -0.029080237355042535 -0.017783394073770165 -0.015226956252458394 0.0071293845249498448 -0.009273867950542079 -0.0063925942858304172 -0.024311731163493274 -0.03793302196748416 0.032782234928723654 0.031186782372259178
leaf_weight=112.96153219090775 58.029786869883537 96.616744142957032 35.415550425648689 12.251786857843397 52.657070569694042 49.480854959227145 49.449652203824371 368.36351233161986 260.32333464833209 170.53904344514012 83.641249216161668 75.977364370599389 2988.790792907821 196.09348699683324 28.695111590437591 470.01901440112852 34.823859192430973 2177.7047717133537 72.45123677351512 291.58409351482987 306.10017727245577 213.8394106477499 20.642454121261835 216.11853127554059 111.75248149968684 1108.0074096850585 75.033209851942956 50.876052731648088 9.0964045189321023 269.50016205292195
leaf_count=334 386 3596 60 54 800 262 347 1598 4541 826 110 494 17291 549 551 5198 64 5803 561 1050 6199 2681 90 492 389 5836 249 554 117 2022
internal_value=2.5685e-11 -0.00559138 0.0137236 -0.00501942 0.000880764 -0.00820528 0.0098695 0.00395219 -0.0305706 0.0144287 0.0122054 -0.00673358 -0.00476789 0.0212065 0.0111079 -0.00661766 -0.00768659 0.0117069 -0.0130223 -0.0125967 -0.0189244 -0.00813477 0.0280772 0.0127452 0.0144965 -0.00934572 -0.00102884 -0.00780876 -0.0348518 0.0257064
internal_weight=10066.8 7153.06 2913.77 7056.45 2474.47 4581.97 1207.47 879.936 281.672 538.903 2800.81 4300.3 3704.38 245.574 2717.17 3458.81 1267.01 2688.48 107.867 341.034 595.917 289.817 55.4663 2580.61 2289.46 1211.54 291.152 1158.88 269.42 327.53
internal_count=63104 54555 8549 50959 13573 37386 6229 3821 4712 2424 8215 32674 23300 811 8105 22489 7344 7554 621 1397 9374 3175 154 6933 6192 7190 741 6390 4658 2408
is_linear=0
shrinkage=0.045


Tree=22
num_leaves=31
num_cat=0
split_feature=75 28 60 63 48 54 0 55 58 75 34 28 15 47 48 43 56 48 2 21 4 51 0 43 43 41 69 48 4 8
split_gain=341.22 75.3828 74.2546 57.589 59.4285 88.371 60.6145 59.5718 50.6301 44.8084 41.1566 37.4262 30.2328 63.778 37.6264 36.2448 29.0004 91.8483 40.8014 26.8452 26.5634 23.1374 21.3404 23.7755 23.5357 20.6415 19.0926 15.6388 12.0121 10.5124
threshold=627.50000000000011 1.0000000180025095e-35 -1.0000000180025095e-35 1.0000000180025095e-35 1091.5000000000002 4.5000000000000009 22.500000000000004 26.500000000000004 2.5000000000000004 2338.0000000000005 1.0000000180025095e-35 1.0000000180025095e-35 741.50000000000011 2844.5000000000005 742.50000000000011 3.5000000000000004 1.0000000180025095e-35 742.50000000000011 3.5000000000000004 135.00000000000003 42.500000000000007 222.50000000000003 25.500000000000004 4.5000000000000009 10.500000000000002 2740.5000000000005 1.0000000180025095e-35 741.50000000000011 1.0000000180025095e-35 1.5000000000000002
decision_type=2 2 2 2 2 2 2 2 2 2 2 2 2 2 2 2 2 2 2 2 2 2 2 2 2 2 2 2 2 2
left_child=2 3 -1 4 5 7 10 9 11 -2 26 12 13 14 -4 -15 18 -18 -14 21 -21 -7 23 29 -24 -12 -6 -9 -13 -5
right_child=1 -3 8 22 6 19 -8 27 -10 -11 25 28 16 15 -16 -17 17 -19 -20 20 -22 -23 24 -25 -26 -27 -28 -29 -30 -31
leaf_value=0.050287632435833715 0.005874184186334017 -0.046201386748990304 0.010823821708776193 -0.043111647083134357 -0.007365522701195522 0.011423903722878447 -0.053518690687723698 -0.017249154736334107 0.046605519254370294 -0.0037720483378904362 -0.022376116540480911 0.029722306684541181 0.030255772144790062 0.047338036278184496 -0.023063331001061081 -0.060512965247367309 0.014740478510379247 -0.023854292173296068 0.012501495130870276 -0.029800146325472839 0.033919821683737063 -0.014810502897453214 0.08758018471398954 -0.047881149944152969 -0.047151730144463083 0.0094156346351766205 0.0076145361720971159 -0.049419319979819902 -0.053280569545035628 -0.0065979619244146658
leaf_weight=103.54075262602419 2399.4779188621324 89.33052131626755 559.09091034531593 20.055880685336888 1061.486264324747 88.066164135467261 64.367526884190738 102.18022589385509 80.456380650401115 1641.4094623364508 497.68374148570001 3.4778375718742636 391.36071398621425 6.5995065309107295 74.319599044974893 43.220544654410332 642.07187583809718 154.00553742516786 798.40391885163262 280.05441522179171 13.098606461659072 289.84764037805144 5.543481230735777 95.347786087892018 3.5631036530248821 44.554218142293394 204.79232842568308 43.949703384190798 23.01938166981563 68.133357771206647
leaf_count=334 11324 3596 1149 145 7441 626 1419 628 110 9745 4729 14 898 23 569 214 1363 1074 2264 5810 48 3460 9 3193 105 220 1071 410 537 576
internal_value=-3.57449e-11 -0.00535538 0.0130399 -0.00482178 -0.00412505 -0.00149882 -0.0109328 0.00093229 0.011633 0.00195592 -0.00938838 0.0105723 0.0111067 0.00293619 0.00681767 -0.0455759 0.0139148 0.00725355 0.0183621 -0.0166462 -0.0268474 -0.00868302 -0.0290183 -0.0323899 0.0354146 -0.0197514 -0.00493874 -0.0271947 -0.0417015 -0.0152921
internal_weight=9892.51 7012.94 2879.57 6923.61 6730.97 4858.08 1872.88 4187.02 2776.03 4040.89 1808.52 2695.57 2669.07 683.231 633.411 49.8201 1985.84 796.077 1189.76 671.067 293.153 377.914 192.644 183.537 9.10658 542.238 1266.28 146.13 26.4972 88.1892
internal_count=63104 54555 8549 50959 46931 32051 14880 22107 8215 21069 13461 8105 7554 1955 1718 237 5599 2437 3162 9944 5858 4086 4028 3914 114 4949 8512 1038 551 721
is_linear=0
shrinkage=0.045


Tree=23
num_leaves=31
num_cat=0
split_feature=48 48 48 48 47 59 48 0 0 19 51 51 54 42 20 41 0 51 48 48 53 55 56 43 48 15 35 34 15 48
split_gain=163.752 169.577 115.121 120.182 111.781 107.73 125.856 82.0892 77.9265 63.4963 152.2 98.7001 119.873 62.5278 59.5077 59.445 52.0598 51.0135 49.0454 58.1281 47.302 62.0677 43.3943 43.3846 87.4782 49.9148 41.1329 40.8472 40.8464 38.0799
threshold=1083.5000000000002 42.500000000000007 193.50000000000003 393.50000000000006 1865.5000000000002 -1.0000000180025095e-35 342.50000000000006 15.500000000000002 14.500000000000002 1.0000000180025095e-35 742.50000000000011 324.00000000000006 4.5000000000000009 661.50000000000011 808.00000000000011 2740.5000000000005 15.500000000000002 741.50000000000011 9.0000000000000018 16.000000000000004 1.0000000180025095e-35 1.0000000180025095e-35 2.5000000000000004 11.500000000000002 1080.0000000000002 222.50000000000003 1.0000000180025095e-35 1.0000000180025095e-35 742.50000000000011 9.0000000000000018
decision_type=2 2 2 2 2 2 2 2 2 2 2 2 2 2 2 2 2 2 2 2 2 2 2 2 2 2 2 2 2 2
left_child=1 9 4 5 13 6 7 -4 26 10 15 20 -13 -3 -8 16 28 -14 -12 -20 -11 -22 -15 24 -5 -25 -2 -24 -1 -23
right_child=8 2 3 23 -6 -7 14 -9 -10 11 18 12 17 22 -16 -17 -18 -19 19 -21 21 29 27 25 -26 -27 -28 -29 -30 -31
leaf_value=-0.016396655735580287 -0.0068352570329260603 -0.044341403184162638 0.0038452485616915239 0.005309144090777978 0.037792563381478017 -0.031367906064792402 -0.063685395031708683 0.061884905562482856 -0.038309279525679481 -0.03076284953187625 0.044505500141100357 -0.074885124119299887 -0.052341148426030798 0.019087908538638582 0.061706755786139413 0.015528309861571901 0.041146990828742382 -0.0057430690903318791 -0.055211530414619313 0.020365903707055089 0.036336073313958238 -0.019730587868376299 0.0068315814573032037 -0.023672030003618512 -0.032689218622617359 0.015081099058183424 -0.038354376360409212 -0.035173220015812558 -0.051300275531608555 0.008865919177793986
leaf_weight=442.1364442090271 1895.4965350411367 40.484928166493773 314.6920662978664 2030.5602200576104 421.60147477965802 341.28135737869889 68.323343676514924 57.559711866080761 190.44130146922544 117.59248477063375 149.08512559253722 108.04515593452379 63.697669103275985 581.24051248515025 7.8169936100020996 126.11314374580979 27.113679207861423 180.90433111367747 23.728799828793854 123.04010925954208 82.061138396151364 204.46095608221367 198.65771754132584 69.97165268426761 129.57831359189004 1345.8863409277983 86.795697566121817 60.274542387574911 79.724036547762807 173.46690637618303
leaf_count=4336 13675 294 1116 8200 1091 1798 748 98 3332 3113 385 1413 1237 1645 24 1261 255 2467 214 591 580 1976 449 596 570 5643 1411 235 2675 1676
internal_value=-6.17518e-11 0.00312603 0.0070268 0.00352219 0.0187639 -0.012356 0.00215193 0.0129614 -0.0108865 -0.00850085 -0.000448574 -0.016896 -0.03562 0.00962166 -0.0501789 -0.0122417 -0.0186378 -0.0180415 0.0264119 0.00785601 -0.0054222 0.00110862 0.0122716 0.00703099 0.0030157 0.0131506 -0.00823398 -0.00304404 -0.0218168 -0.00661618
internal_weight=9741.83 7569.1 5667.93 4365.67 1302.26 789.673 448.392 372.252 2172.73 1901.17 970.941 930.229 352.647 880.658 76.1403 675.087 548.974 244.602 295.854 146.769 577.581 459.989 840.173 3576 2160.14 1415.86 1982.29 258.932 521.86 377.928
internal_count=63104 44686 22507 18793 3714 3784 1986 1214 18418 22179 9717 12462 5117 2623 772 8527 7266 3704 1190 805 7345 4232 2329 15009 8770 6239 15086 684 7011 3652
is_linear=0
shrinkage=0.045


Tree=24
num_leaves=31
num_cat=0
split_feature=75 60 54 48 63 6 66 15 58 25 42 57 58 4 22 35 56 29 71 43 48 51 54 21 25 33 47 51 3 4
split_gain=291.37 64.7324 54.2024 72.2689 64.3593 48.6259 48.0713 65.2858 58.5889 55.8857 53.1647 52.0965 44.9573 35.8958 35.5041 34.0278 30.2559 81.4539 27.9265 78.8018 28.84 27.9081 127.491 44.8006 43.0953 42.3915 38.9678 38.5035 27.4989 26.8364
threshold=627.50000000000011 -1.0000000180025095e-35 4.5000000000000009 1091.5000000000002 1.0000000180025095e-35 16.500000000000004 1.0000000180025095e-35 542.00000000000011 1.0000000180025095e-35 1.0000000180025095e-35 1045.0000000000002 45.000000000000007 2.5000000000000004 15.500000000000002 135.00000000000003 1.0000000180025095e-35 3.5000000000000004 1.5000000000000002 1.0000000180025095e-35 19.500000000000004 1140.5000000000002 741.50000000000011 4.5000000000000009 285.00000000000006 1.0000000180025095e-35 1.5000000000000002 2844.5000000000005 542.00000000000011 1.5000000000000002 42.500000000000007
decision_type=2 2 2 2 2 2 2 2 2 2 2 2 2 2 2 2 2 2 2 2 2 2 2 2 2 2 2 2 2 2
left_child=1 -1 3 4 6 15 8 9 11 -8 -10 -2 16 -9 -4 -5 21 -18 20 -20 -7 24 25 -24 26 -23 -3 -26 -6 -16
right_child=2 12 14 5 28 18 7 13 10 -11 -12 -13 -14 -15 29 -17 17 -19 19 -21 -22 22 23 -25 27 -27 -28 -29 -30 -31
leaf_value=0.049489494461268671 0.0023352124817676502 0.0074261373040760033 -0.0067658430206672488 -0.005593606494783924 0.025343810739978479 0.0024589457550447647 -0.053802050539777123 -0.008936654676522519 0.044196167479826381 0.040268552829348533 0.0020598366145369667 -0.014424444640794643 0.045153862875192782 -0.057283609753679458 -0.030026727400315749 -0.037383705419982434 0.018226245251561954 -0.070003800023083693 0.046170246695457814 -0.056899596015897579 -0.034438875038156951 0.059783527087667467 -0.025243370185207396 0.012803073539910418 0.013908121410600775 0.015118200241026771 -0.02775683729666447 0.032694699126963149 -0.031318569416245397 0.034728463683012134
leaf_weight=90.270857195835561 3245.0893111105543 559.71608849056065 335.44461661216337 1380.4616586123593 18.497643999289721 49.651850980240852 16.333161278627813 50.606023503933102 120.8780624344945 48.191167692653835 120.87859978713095 423.72260872833431 74.691666391678154 81.468382116989233 322.80336105613969 70.778948779217899 54.125979466363788 33.502787029370666 35.469278565607965 24.544492831919342 308.40538602601737 65.422635603696108 243.5800646522548 83.565978556405753 1135.1971380775794 125.04006249178201 70.937186610884964 274.58982787653804 174.70991390472045 12.695115690119563
leaf_count=334 18130 1318 3629 8729 206 462 105 803 314 135 341 1759 110 1324 7233 895 127 121 169 553 5557 79 1939 403 3035 325 382 376 4163 48
internal_value=4.90769e-11 0.0121954 -0.00501185 -0.00368933 -0.000477591 -0.0110738 0.000719187 -0.0209362 0.00181296 0.0159986 0.0232232 0.000396184 0.0109402 -0.0389652 -0.0171495 -0.00716873 0.00995757 -0.0159157 -0.0245798 0.00377496 -0.0293297 0.0108498 0.00151397 -0.0155154 0.0132161 0.0306925 0.00343101 0.0175878 -0.0257912 -0.0274805
internal_weight=9651.27 2810.64 6840.63 6169.69 4300.37 1869.31 4107.17 196.599 3910.57 64.5243 241.757 3668.81 2720.37 132.074 670.943 1451.24 2645.68 87.6288 418.071 60.0138 358.057 2558.05 517.609 327.146 2040.44 190.463 630.653 1409.79 193.208 335.498
internal_count=63104 8549 54555 43645 27280 16365 22911 2367 20544 240 655 19889 8215 2127 10910 9624 8105 248 6741 722 6019 7857 2746 2342 5111 404 1700 3411 4369 7281
is_linear=0
shrinkage=0.045


Tree=25
num_leaves=31
num_cat=0
split_feature=75 28 46 53 75 75 48 58 54 48 48 19 42 55 19 0 56 48 48 15 54 57 6 26 2 46 53 15 7 0
split_gain=272.304 59.2448 50.2724 75.3404 55.981 52.7993 44.4293 39.0394 36.2396 38.671 77.2486 76.2185 64.1771 37.8574 28.3456 52.118 27.8932 95.0913 82.3112 57.2128 74.1291 43.3015 41.7122 40.8884 36.532 52.8392 47.2741 30.6935 27.313 26.6798
threshold=627.50000000000011 1.0000000180025095e-35 1.0000000180025095e-35 4.5000000000000009 3378.5000000000005 2160.0000000000005 1091.5000000000002 2.5000000000000004 4.5000000000000009 1.0000000180025095e-35 16.000000000000004 1.0000000180025095e-35 661.50000000000011 26.500000000000004 1.0000000180025095e-35 2.5000000000000004 1.0000000180025095e-35 126.00000000000001 742.50000000000011 741.50000000000011 4.5000000000000009 145.00000000000003 12.500000000000002 1.5000000000000002 3.5000000000000004 3.5000000000000004 4.5000000000000009 742.50000000000011 3.5000000000000004 25.500000000000004
decision_type=2 2 2 2 2 2 2 2 2 2 2 2 2 2 2 2 2 2 2 2 2 2 2 2 2 2 2 2 2 2
left_child=7 2 3 4 5 6 -2 16 9 12 11 -11 -4 -12 15 -10 17 -1 27 20 21 -19 -22 -20 26 -26 -21 -18 -29 -14
right_child=1 -3 8 -5 -6 -7 -8 -9 14 10 13 -13 29 -15 -16 -17 18 19 23 24 22 -23 -24 -25 25 -27 -28 28 -30 -31
leaf_value=0.046354066956033155 0.011292607546652894 -0.044569714440844517 0.058120539148457828 0.028950504438566775 0.037946532445702105 -0.026549518503691385 -0.010527612315613289 0.044447878330642537 0.013966817975660564 0.028134611513200191 -0.0047021013681437327 -0.021557084233780031 -0.025829348632126277 -0.029846978896410532 -0.0091923833762790775 -0.039685166659484662 0.00067552223920990635 -0.036148047585091291 0.0044876554408454627 0.033110067936175873 0.025757714154717563 0.034816951420234006 -0.054889430786191996 -0.039581359074193828 0.026988168203524399 0.0018036563395756504 -0.013195704193377936 0.0004374931712061357 0.023784025921981634 0.038219782788895436
leaf_weight=171.32644084189087 402.04541332973167 74.234952856786549 19.78184899687767 201.69362168293446 68.050299605354667 171.09252733318135 354.76160226482898 71.844429382123053 45.27152887172997 267.29040165897459 4017.59430402203 80.67984360922128 337.20641427423107 124.07104058843106 408.88793088356033 182.54600986884907 352.34464947506785 139.96834950847551 69.43757904227823 330.25124545628205 124.09823771053925 19.059499415569007 13.549568673828615 108.68596373358741 247.19492000807077 527.20104893716052 51.049983234144747 136.49687622021884 394.88896906888112 12.847357917577026
leaf_count=478 1888 3596 169 974 977 1087 2266 110 141 711 25477 640 5775 979 5424 4331 898 534 325 817 215 61 201 1208 709 1695 156 357 785 120
internal_value=-2.51534e-11 -0.00485641 -0.0044094 0.00394232 -0.00114614 -0.00405088 0.00106375 0.0119175 -0.00622966 -0.00490486 -0.00375033 0.0165844 -0.0188724 -0.00546238 -0.0163173 -0.0290091 0.0110311 0.0147389 0.00535281 0.0109801 -0.00663035 -0.0274785 0.0174805 -0.0224729 0.0155027 0.00986724 0.0268922 0.0109804 0.0177991 -0.0233765
internal_weight=9525.45 6768.06 6693.82 1197.64 995.95 927.9 756.807 2757.4 5496.18 4859.47 4489.64 347.97 369.836 4141.67 636.705 227.818 2685.55 1623.7 1061.85 1452.37 296.676 159.028 137.648 178.124 1155.7 774.396 381.301 883.73 531.386 350.054
internal_count=63104 54555 50959 7192 6218 5241 4154 8549 43767 33871 27807 1351 6064 26456 9896 4472 8439 4866 3573 4388 1011 595 416 1533 3377 2404 973 2040 1142 5895
is_linear=0
shrinkage=0.045


Tree=26
num_leaves=31
num_cat=0
split_feature=75 28 46 48 47 54 48 0 58 48 48 75 48 72 46 51 54 33 33 0 61 36 55 34 31 19 46 55 48 14
split_gain=273.456 52.8984 44.518 54.8234 47.3734 42.505 61.7827 54.3893 35.4815 34.5823 62.637 41.5507 38.3313 33.6713 33.1351 31.7527 93.064 52.7846 47.8587 36.7971 34.0159 34.6515 32.9625 34.5047 32.44 31.3179 30.7754 30.5578 30.5055 46.0998
threshold=627.50000000000011 1.0000000180025095e-35 2.5000000000000004 1.0000000180025095e-35 1436.5000000000002 4.5000000000000009 741.50000000000011 17.500000000000004 2.5000000000000004 89.500000000000014 393.50000000000006 3257.5000000000005 342.50000000000006 1.0000000180025095e-35 1.0000000180025095e-35 741.50000000000011 4.5000000000000009 1.5000000000000002 1.5000000000000002 16.500000000000004 1.0000000180025095e-35 1.5000000000000002 23.500000000000004 1.5000000000000002 5103.5000000000009 1.0000000180025095e-35 1.5000000000000002 5.5000000000000009 1262.5000000000002 1.0000000180025095e-35
decision_type=2 2 2 2 2 2 2 2 2 2 2 2 2 2 2 2 2 2 2 2 2 2 2 2 2 2 2 2 2 2
left_child=8 2 4 -4 9 6 7 -5 14 26 12 -12 -11 28 -1 20 18 24 -17 -20 22 -22 23 -16 -18 -7 -2 -19 -6 -30
right_child=1 -3 3 5 13 25 -8 -9 -10 10 11 -13 -14 -15 15 16 17 27 19 -21 21 -23 -24 -25 -26 -27 -28 -29 29 -31
leaf_value=0.030658020242915581 0.024054809840608645 -0.043919893818477669 -0.032012950026312867 0.0005863930524837638 -0.0059900218120834065 -0.03615366241429345 -0.010389318773063235 0.038426451587605659 0.043723804970915832 -0.0067555027877468686 0.0016931243906649722 0.024959591234576452 -0.042132750435800503 0.026069174761520049 0.016461309174948917 0.057963347041032412 0.020405785645529272 -0.016697197523290585 0.016477850139226681 -0.068978770189853128 -0.037178602413455608 0.017777035011204884 -0.053200259689710594 -0.0015343635728320548 -0.029724083163251619 -0.011373437728361481 -0.0024295758654653632 -0.057700763838544368 -0.063985150115550976 0.019921411177385443
leaf_weight=166.54346132045612 291.71052410453558 68.479774227831513 181.42910374276107 1121.9198483596556 1520.402650335338 146.89584028848913 1557.7411142928759 81.583727082237601 69.249003351666033 267.70904257334769 584.50556565541774 210.82037033885717 79.93250947445631 62.925560782663524 1661.6296074837446 58.587723618373275 83.77089783269912 84.680287615163252 91.915296690538526 10.470947770401834 54.072298878803849 39.383450510911644 13.881248069927095 247.74534415593371 36.815712306648493 347.72365243674722 127.32419443503022 65.762457782868296 41.977517157327384 18.60792101174593
leaf_count=446 2408 3596 4120 5330 9295 3768 14092 273 110 1249 2364 1090 384 191 4329 73 293 833 156 143 313 71 59 664 201 4906 800 858 583 106
internal_value=7.33897e-11 -0.0048551 -0.00444587 -0.0080027 -0.000631018 -0.00665534 -0.00447549 0.00318129 0.0121358 0.00497916 0.000920577 0.00788406 -0.0149872 -0.00596144 0.011283 0.00995328 -0.00111636 -0.0171933 0.0258912 0.00715562 0.0123239 -0.0140766 0.0136134 0.0141268 0.00498229 -0.018791 0.0160209 -0.0348836 -0.00725198 -0.0383095
internal_weight=9396.2 6711.69 6643.21 3437.29 3205.92 3255.86 2761.24 1203.5 2684.51 1562 1142.97 795.326 347.642 1643.91 2615.26 2448.72 432.003 271.029 160.974 102.386 2016.71 93.4557 1923.26 1909.37 120.587 494.619 419.035 150.443 1580.99 60.5854
internal_count=63104 54555 50959 32489 18470 28369 19695 5603 8549 8295 5087 3454 1633 10175 8439 7993 2557 2185 372 299 5436 384 5052 4993 494 8674 3208 1691 9984 689
is_linear=0
shrinkage=0.045


Tree=27
num_leaves=31
num_cat=0
split_feature=75 60 28 46 41 48 48 48 58 44 56 48 44 4 48 15 48 46 15 31 31 72 51 33 6 33 19 29 22 4
split_gain=259.483 52.4657 49.1882 42.8464 62.972 42.386 40.78 36.3831 35.4985 30.2212 30.025 33.3948 65.374 73.2143 38.1794 54.9667 36.3927 27.6754 35.0742 34.0153 31.3361 26.2673 26.0266 71.5167 26.0601 25.9454 24.0973 18.7294 18.1333 23.4626
threshold=627.50000000000011 -1.0000000180025095e-35 1.0000000180025095e-35 1.0000000180025095e-35 1136.0000000000002 1.0000000180025095e-35 646.50000000000011 342.50000000000006 2.5000000000000004 1.5000000000000002 1.0000000180025095e-35 1211.0000000000002 4.5000000000000009 17.500000000000004 1.0000000180025095e-35 103.00000000000001 9.0000000000000018 1.5000000000000002 741.50000000000011 7463.0000000000009 7567.0000000000009 1.0000000180025095e-35 741.50000000000011 1.5000000000000002 12.500000000000002 1.0000000180025095e-35 1.0000000180025095e-35 1.0000000180025095e-35 145.00000000000003 27.500000000000004
decision_type=2 2 2 2 2 2 2 2 2 2 2 2 2 2 2 2 2 2 2 2 2 2 2 2 2 2 2 2 2 2
left_child=1 -1 3 4 21 -6 7 -7 17 -8 11 14 13 -13 15 -5 -16 18 -3 22 -21 25 24 -24 -19 27 -12 -2 29 -28
right_child=2 8 -4 10 5 6 9 -9 -10 -11 26 12 -14 -15 16 -17 -18 19 -20 20 -22 -23 23 -25 -26 -27 28 -29 -30 -31
leaf_value=0.048790788094935839 0.015909663814112213 0.0023859351606958143 -0.04346002533517624 0.036129078198344766 0.044941366063397568 0.0086652139181887782 0.029692152298133712 -0.030964701306212251 0.042946867842280946 -0.026731681871647636 -0.034834840961395198 -0.043487600026677863 0.035231142232764398 -0.0076451792787680948 0.011763546514004854 -0.023912331624141355 -0.0038325414674044156 0.0068934161545855356 0.030272412267082327 -0.055907156259612741 -0.0027117997444985045 0.033616934160284814 0.023777426021890372 -0.019367250547957744 0.018599948187946271 -0.015782971184289889 0.011542460527046279 -0.0073398035274525727 -0.023828756688280297 -0.024197093835930251
leaf_weight=74.985327231232077 120.26600932888687 139.20964871370234 64.819267652463168 33.330884290859103 81.835467761382461 144.33364852890372 184.74369036220014 68.294729126617312 66.916837058961391 20.664219480007887 118.55926606815774 176.72283252188936 46.187615675851703 330.71297125052661 328.44674833351746 314.99180167535087 3773.9723885428393 845.62548702489585 265.57691916823387 24.307561435736716 197.9402783033438 31.952046755701303 130.07938250899315 190.41470993077382 709.02859029080719 350.64389162464067 106.49169954401441 165.57128426618874 120.36989205540158 55.880404753377661
leaf_count=334 529 403 3596 275 1108 747 1137 256 110 110 2998 3402 208 2435 1768 5789 22881 2369 753 174 691 81 416 1582 1717 2327 1038 897 2373 600
internal_value=-8.23519e-11 0.0119189 -0.00474811 -0.00435986 0.00345236 0.0155178 0.00966424 -0.004149 0.0108241 0.0239139 -0.00604862 -0.00509659 -0.0155101 -0.0201889 -0.00379807 -0.01808 -0.00258133 0.00994825 0.0207115 0.00786211 -0.00875422 -0.00558015 0.00983515 -0.00183657 0.0122409 -0.00759753 -0.0178785 0.00246377 -0.0106707 -0.00083014
internal_weight=9282.88 2644.08 6638.79 6573.97 1168.3 499.872 418.036 212.628 2569.1 205.408 5405.67 5004.37 553.623 507.436 4450.74 348.323 4102.42 2502.18 404.787 2097.4 222.248 668.433 1875.15 320.494 1554.65 636.481 401.301 285.837 282.742 162.372
internal_count=63104 8549 54555 50959 7192 3358 2250 1003 8215 1247 43767 36758 6045 5837 30713 6064 24649 8105 1156 6949 865 3834 6084 1998 4086 3753 7009 1426 4011 1638
is_linear=0
shrinkage=0.045


Tree=28
num_leaves=31
num_cat=0
split_feature=75 60 28 46 41 48 48 54 48 47 41 4 48 51 22 48 51 22 56 48 48 3 38 46 17 48 25 43 48 48
split_gain=239.006 48.7739 44.1056 41.5968 61.9912 35.971 35.4548 31.4857 35.999 105.883 56.4675 52.9476 47.7694 34.3144 29.4811 26.7884 25.412 37.2511 25.3996 34.2394 46.4277 39.4091 35.3177 54.2352 34.9667 27.8802 30.9459 25.7362 24.5947 23.9429
threshold=627.50000000000011 -1.0000000180025095e-35 1.0000000180025095e-35 1.0000000180025095e-35 1136.0000000000002 1.0000000180025095e-35 646.50000000000011 4.5000000000000009 1083.5000000000002 4077.5000000000005 2740.5000000000005 7.5000000000000009 276.00000000000006 742.50000000000011 135.00000000000003 342.50000000000006 222.50000000000003 95.000000000000014 1.5000000000000002 276.00000000000006 741.50000000000011 4.5000000000000009 1.5000000000000002 3.5000000000000004 175.00000000000003 742.50000000000011 1.5000000000000002 3.5000000000000004 860.50000000000011 1262.5000000000002
decision_type=2 2 2 2 2 2 2 2 2 2 2 2 2 2 2 2 2 2 2 2 2 2 2 2 2 2 2 2 2 2
left_child=1 -1 3 4 -2 -6 15 8 9 13 11 -10 -11 -5 16 -7 17 -9 19 21 27 -3 23 -22 -24 26 -20 -21 -8 -12
right_child=2 18 -4 7 5 6 28 14 10 12 29 -13 -14 -15 -16 -17 -18 -19 25 20 22 -23 24 -25 -26 -27 -28 -29 -30 -31
leaf_value=0.04851477222371562 -0.0053426950172092372 0.011937411850459573 -0.04278059411734806 -0.0088060093248723652 0.044107552964879983 0.0083161699701504357 0.029116515765328241 -0.012020422321058944 -0.034679343172787751 0.050055284511283701 0.012326015070355221 -0.0092364106894039337 0.0092053119832805931 0.0071763612066937012 -0.025614366606524473 -0.026525890868535105 -0.013111646466938794 0.049999075947790877 -0.0018420442249594505 0.044277604672499256 0.01975085088659434 0.041922221894529398 0.023533800045367363 -0.0013566163751150162 -0.047031032885659761 -0.028760187309943976 0.020544160692205438 -0.053163496089222828 -0.025903729851057766 0.077045726131661094
leaf_weight=69.24128780560568 663.11876812856644 197.23353412840515 59.688132136128843 1999.5037395950058 75.936507434118539 142.52059572003782 178.50204181671143 42.280271911993623 188.60315238824114 62.152298992499709 110.06263901852071 1323.9747180936392 719.35271010384895 314.07541255420074 297.8482010664884 63.899564928375185 240.58627981506288 35.092002051882446 383.75918239401653 5.7582856826484194 398.01681241532788 162.11518614087254 469.35505583696067 644.65697983652353 13.761318254284559 51.726666921982542 184.38048917241395 32.963041160255671 17.344526056200266 12.031707277521489
leaf_count=334 3834 527 3596 15294 1108 747 1142 385 3471 117 533 10027 2805 1574 6548 256 2841 122 1116 23 1229 264 1287 2290 234 619 409 217 105 50
internal_value=6.66921e-12 0.0115033 -0.00459243 -0.00423451 0.00356169 0.0158947 0.0104727 -0.00589941 -0.00465116 -0.00179684 -0.0100511 -0.0124297 0.0125139 -0.00663419 -0.0154636 -0.00254545 -0.00590445 0.0163874 0.0104772 0.0130286 0.0101396 0.0255434 0.0113834 0.00671188 0.0214308 0.00255017 0.00544637 -0.037923 0.024137 0.0192779
internal_weight=9159.54 2612.97 6546.57 6486.89 1141.32 478.203 402.267 5345.56 4729.76 3095.08 1634.67 1512.58 781.505 2313.58 615.807 206.42 317.959 77.3723 2543.73 1923.86 1564.51 359.349 1525.79 1042.67 483.116 619.866 568.14 38.7213 195.847 122.094
internal_count=63104 8549 54555 50959 7192 3358 2250 43767 33871 19790 14081 13498 2922 16868 9896 1003 3348 507 8215 6071 5280 791 5040 3519 1521 2144 1525 240 1247 583
is_linear=0
shrinkage=0.045


Tree=29
num_leaves=31
num_cat=0
split_feature=75 60 46 47 70 38 59 17 0 41 55 2 51 51 58 47 28 58 58 72 25 43 16 51 46 53 27 41 7 5
split_gain=228.686 44.734 42.2094 45.9181 42.9771 39.2524 34.8153 54.8085 34.4894 37.0224 33.2416 36.5461 49.7777 35.6093 31.7308 26.057 24.1433 22.0592 45.4995 20.7824 28.9033 22.1573 51.1066 39.4898 20.7473 30.9434 28.2751 32.1819 20.367 19.9425
threshold=627.50000000000011 -1.0000000180025095e-35 2.5000000000000004 1436.5000000000002 1.0000000180025095e-35 1.5000000000000002 -1.0000000180025095e-35 175.00000000000003 16.500000000000004 2740.5000000000005 22.500000000000004 3.5000000000000004 742.50000000000011 222.50000000000003 2.5000000000000004 3474.0000000000005 1.0000000180025095e-35 1.0000000180025095e-35 1.5000000000000002 1.0000000180025095e-35 1.0000000180025095e-35 7.5000000000000009 95.000000000000014 542.00000000000011 1.0000000180025095e-35 5.5000000000000009 1.0000000180025095e-35 2740.5000000000005 8.5000000000000018 32.500000000000007
decision_type=2 2 2 2 2 2 2 2 2 2 2 2 2 2 2 2 2 2 2 2 2 2 2 2 2 2 2 2 2 2
left_child=1 -1 3 24 6 28 10 8 9 -8 11 12 -4 -13 16 29 -3 -9 -19 21 -21 23 -23 -17 25 26 27 -2 -6 -5
right_child=2 14 4 15 5 -7 7 17 -10 -11 -12 13 -14 -15 -16 19 -18 18 -20 20 -22 22 -24 -25 -26 -27 -28 -29 -30 -31
leaf_value=0.048248750493364148 -0.052884509693823308 0.0099814138703781165 -0.022713643647921129 0.00074348069074820834 0.047590470726160433 -0.024434265249752472 -0.042006128603262055 -0.0076967586996866608 0.019788321888489124 -0.017696065187670595 0.02982327922052843 1.2055681657218659e-05 0.01159742682250689 -0.013638794464029777 0.041873729226491789 -0.0037652643841726403 -0.038582423844961619 0.061125252009481296 -0.022683957246401633 0.040204055215083787 -0.024041123978365161 -0.028465765259696508 -0.003534727881831097 0.031363214744053222 0.0011845229492808346 0.045990533427303769 0.018593666464127221 0.0026478610988796046 -0.0049636981578859308 -0.056244749739241956
leaf_weight=63.924508458701894 23.027782384306192 2424.6406724466942 494.92244888073765 19.012347096577287 62.613790060393512 29.64840265084058 183.77110498980619 61.480527468258515 35.870919499546289 414.8791994638741 49.332315559498966 1311.7156470406335 102.84129256149754 547.88593365240376 62.271665419451892 642.16201042430475 19.947962202597409 35.449567235074937 19.826229343190789 43.875675229355693 19.937684256583452 239.36999950674362 542.94982196739875 71.063334755599499 972.94114903453737 49.186283184215426 254.52014277735725 174.72035524714738 19.281727245077491 34.801020306535065
leaf_count=334 165 7554 7536 383 143 186 5238 486 434 2723 296 9995 788 7178 110 2577 551 51 128 103 103 2322 4766 183 4652 416 1635 1455 75 538
internal_value=-8.83024e-11 0.0113482 -0.00451915 -0.00071784 -0.00800113 0.0193513 -0.00894325 -0.0174359 -0.0226449 -0.0252163 -0.00639198 -0.00713085 -0.0168011 -0.004015 0.0103883 -0.00596249 0.00956952 0.0108246 0.0311958 -0.00488718 0.0200702 -0.00596478 -0.0111896 -0.000226171 0.00502061 0.0124464 0.00870487 -0.00405244 0.0353063 -0.0364645
internal_weight=9027.87 2570.78 6457.09 3087.57 3369.52 111.544 3257.98 751.278 634.521 598.65 2506.7 2457.37 597.764 1859.6 2506.86 1613.17 2444.59 116.756 55.2758 1559.36 63.8134 1495.55 782.32 713.225 1474.4 501.455 452.268 197.748 81.8955 53.8134
internal_count=63104 8549 54555 19298 35257 404 34853 9060 8395 7961 25793 25497 8324 17173 8215 10975 8105 665 179 10054 206 9848 7088 2760 8323 3671 3255 1620 218 921
is_linear=0
shrinkage=0.045


Tree=30
num_leaves=31
num_cat=0
split_feature=75 60 48 47 46 48 17 0 17 51 19 0 55 2 51 48 59 51 47 58 19 41 48 48 48 48 2 8 24 38
split_gain=201.737 42.4382 38.045 73.9968 69.9939 56.9236 46.3923 45.755 40.4065 49.8011 159.331 41.5449 36.7138 42.9494 36.5825 33.1185 32.9006 69.5276 37.74 30.9076 29.4177 29.1875 30.3049 36.2786 36.5187 28.7484 28.5284 24.892 24.8642 22.226
threshold=627.50000000000011 -1.0000000180025095e-35 1091.5000000000002 4077.5000000000005 2.5000000000000004 276.00000000000006 110.00000000000001 22.500000000000004 175.00000000000003 742.50000000000011 1.0000000180025095e-35 16.500000000000004 15.500000000000002 3.5000000000000004 222.50000000000003 1080.0000000000002 -1.0000000180025095e-35 542.00000000000011 1436.5000000000002 2.5000000000000004 1.0000000180025095e-35 2740.5000000000005 1190.5000000000002 1183.0000000000002 1140.5000000000002 69.500000000000014 5.5000000000000009 2.5000000000000004 1.0000000180025095e-35 1.5000000000000002
decision_type=2 2 2 2 2 2 2 2 2 2 2 2 2 2 2 2 2 2 2 2 2 2 2 2 2 2 2 2 2 2
left_child=1 -1 3 4 16 -5 15 21 9 11 -11 -6 13 -8 27 -7 17 26 25 -3 -19 -4 23 24 -23 -18 -2 -10 -17 -14
right_child=2 19 7 5 8 6 12 -9 14 10 -12 -13 29 -15 -16 28 18 20 -20 -21 -22 22 -24 -25 -26 -27 -28 -29 -30 -31
leaf_value=0.04788276494575399 -0.0088106021044089839 0.0089734197288196156 -0.010134536018377594 0.048716765820299379 -0.020532877364042752 0.029748050386274122 -0.027375939111171151 -0.047675210203779572 -0.025562801205458927 0.022472283647459818 -0.046919198209997168 0.020231540169587676 0.042659531519134389 0.00084299607255336581 -0.039638031151861146 0.025161279120384957 0.016609494929009264 0.015842135391491079 -0.033553347234420682 0.041416585634856493 -0.017063600044797667 -0.050510953669583247 0.02904931809224082 -0.08049554274469628 0.045554188063627418 0.00162406347939392 -0.045297343970186567 0.023903870099881631 -0.010941028536770328 0.0032174777693911296
leaf_weight=59.681153771467507 72.060837822034955 2435.4435401079245 1587.3235553633422 63.842248668894172 1125.1816863053245 212.40918037574738 142.88638506014831 61.640896258410066 23.514757875818759 219.89776096283458 95.182059222832322 52.240600546356291 53.405562829691917 453.08862492768094 26.88042913726531 61.199617664329708 359.14714410947636 172.09497984033078 50.272002408280969 60.045451810583472 79.707461275625974 12.121868981979789 79.11630966514349 12.027897391468285 19.632308771833777 926.16626246739179 110.333483108785 132.35074994061142 100.98735322011635 62.167681876569986
leaf_count=334 574 8105 13939 133 16930 698 1158 1828 163 869 1526 604 143 2307 576 194 3161 993 921 110 869 68 350 44 136 4053 777 645 544 352
internal_value=-4.1299e-11 0.0106789 -0.00428669 -0.00212564 -0.00542479 0.00775379 0.00530344 -0.00988662 -0.0120146 -0.0144595 0.00142778 -0.0187086 -0.00144843 -0.00595708 0.00792294 0.0180984 0.000816309 -0.00993065 0.00431494 0.00977033 0.00539961 -0.00849755 0.0125565 -0.0172301 0.00845968 0.00582101 -0.0310087 0.0163257 0.00275252 0.021653
internal_weight=8922.05 2555.17 6366.88 4595.02 3445.03 1149.99 1086.14 1771.86 1675.25 1492.5 315.08 1177.42 711.548 595.975 182.746 374.596 1769.78 434.197 1335.59 2495.49 251.802 1710.22 122.898 43.7821 31.7542 1285.31 182.394 155.866 162.187 115.573
internal_count=63104 8549 54555 38190 32661 5529 5396 16365 21313 19929 2395 17534 3960 3465 1384 1436 11348 3213 8135 8215 1862 14537 598 248 204 7214 1351 808 738 495
is_linear=0
shrinkage=0.045


Tree=31
num_leaves=31
num_cat=0
split_feature=75 60 28 48 75 63 6 55 17 19 54 17 15 71 11 69 20 15 19 42 48 41 35 48 48 48 0 56 48 2
split_gain=184.92 40.5154 34.4165 31.9851 49.2395 60.1014 48.3621 45.0973 44.3599 39.6791 69.6962 92.9815 44.5342 34.1012 84.6077 36.7294 66.9829 29.4995 37.0398 37.0044 24.643 23.9271 24.473 23.8211 22.9153 22.3149 20.9947 20.0872 30.4182 55.2199
threshold=627.50000000000011 -1.0000000180025095e-35 1.0000000180025095e-35 1083.5000000000002 2338.0000000000005 1.0000000180025095e-35 14.500000000000002 24.500000000000004 60.000000000000007 1.0000000180025095e-35 4.5000000000000009 110.00000000000001 542.00000000000011 1.0000000180025095e-35 1.0000000180025095e-35 1.0000000180025095e-35 241.00000000000003 222.50000000000003 2.5000000000000004 830.00000000000011 16.000000000000004 2740.5000000000005 1.0000000180025095e-35 1262.5000000000002 1262.5000000000002 1262.5000000000002 25.500000000000004 1.5000000000000002 276.00000000000006 3.5000000000000004
decision_type=2 2 2 2 2 2 2 2 2 2 2 2 2 2 2 2 2 2 2 2 2 2 2 2 2 2 2 2 2 2
left_child=1 -1 3 4 5 7 21 8 -2 10 11 -6 -12 15 -15 24 -17 18 -11 -19 -9 22 23 -5 -8 -23 -7 28 -3 -30
right_child=2 27 -4 6 9 26 13 20 -10 17 12 -13 -14 14 -16 16 -18 19 -20 -21 -22 25 -24 -25 -26 -27 -28 -29 29 -31
leaf_value=0.047681846651337484 0.02195720481660764 0.023698311621554075 -0.04120289406312895 -0.0030493914179111291 -0.0074744425980187816 -0.027369193226754664 -0.032749589128441087 0.036194491357675725 0.0037853534143871756 0.027741566385460104 -0.00018557752198438459 0.021476298903256138 -0.042093665978492796 -0.050436799235200509 0.04652779665592173 -0.064338425243628206 0.024838720202969265 -0.021358062708015008 -0.023899660035305033 0.0014624872702084519 -0.028373361604690412 0.0089863289212628646 -0.03876518294551122 -0.029018800004121183 0.0054155139841624202 0.074663574442101768 0.036504435534848015 0.0022934971110639452 0.024093856794145076 0.0041018282943969418
leaf_weight=56.265073383459821 329.23663904331625 347.02022053673863 49.353552476968616 1186.9358856905019 546.29499291535467 152.16396970307687 374.16217919066548 12.591848980635403 1547.147582821548 71.649836207740009 89.298717484809458 380.12863955786452 119.8509200818371 28.950960363261402 45.586795151233673 21.795744101516902 66.753270775545388 649.23923200601712 44.952289589680731 184.61895188130438 107.46335318079218 97.068523863330483 43.010168150532991 75.144185685319826 34.52829162357375 10.804292457178233 10.331204815767704 612.40637012757361 368.20591251691803 1157.4124265227001
leaf_count=334 1535 791 3596 6654 3224 3914 6061 53 7924 248 1039 1310 3466 602 174 387 484 8886 508 1179 945 435 474 698 600 45 114 2144 1367 3913
internal_value=-1.63983e-11 0.0102395 -0.00414519 -0.00384504 -0.00163944 0.00312394 -0.00855919 0.00526967 0.00698384 -0.00656842 -0.000888027 0.00441493 -0.0242866 -0.0195901 0.00869698 -0.0238394 0.00241502 -0.0133471 0.00779898 -0.0163098 -0.0213582 -0.00408464 -0.00577154 -0.00461736 -0.0295199 0.0161898 -0.0231098 0.00937294 0.0116857 0.0089395
internal_weight=8820.37 2541.31 6279.06 6229.71 4244.97 2158.93 1984.74 1996.44 1876.38 2086.03 1135.57 926.424 209.15 571.777 74.5378 497.239 88.549 950.46 116.602 833.858 120.055 1412.96 1305.09 1262.08 408.69 107.873 162.495 2485.04 1872.64 1525.62
internal_count=63104 8549 54555 50959 34345 14485 16614 10457 9459 19860 9039 4534 4505 8308 776 7532 871 10821 756 10065 998 8306 7826 7352 6661 480 4028 8215 6071 5280
is_linear=0
shrinkage=0.045


Tree=32
num_leaves=31
num_cat=0
split_feature=75 60 28 58 63 48 47 3 71 43 48 55 41 47 58 19 71 4 20 51 20 54 61 8 47 48 5 4 19 43
split_gain=167.45 37.9326 30.8777 28.7955 27.4131 32.5232 73.4059 45.3018 65.5888 59.8049 35.8195 40.7281 30.7429 26.9844 59.2147 52.0027 25.872 40.0508 18.6807 61.3879 68.884 55.6261 28.1866 19.3126 23.6778 22.642 18.1635 17.8129 17.7116 16.593
threshold=627.50000000000011 -1.0000000180025095e-35 1.0000000180025095e-35 2.5000000000000004 1.0000000180025095e-35 1083.5000000000002 4077.5000000000005 5.5000000000000009 1.0000000180025095e-35 19.500000000000004 276.00000000000006 15.500000000000002 2740.5000000000005 1436.5000000000002 1.0000000180025095e-35 1.0000000180025095e-35 1.0000000180025095e-35 31.500000000000004 647.50000000000011 741.50000000000011 390.50000000000006 4.5000000000000009 1.0000000180025095e-35 4.5000000000000009 2844.5000000000005 741.50000000000011 12.500000000000002 21.500000000000004 1.0000000180025095e-35 4.5000000000000009
decision_type=2 2 2 2 2 2 2 2 2 2 2 2 2 2 2 2 2 2 2 2 2 2 2 2 2 2 2 2 2 2
left_child=1 -1 4 18 5 6 13 8 12 -10 -8 -12 -7 14 -2 -15 -9 -18 19 23 21 -21 -20 24 -3 -25 28 -22 -6 -28
right_child=2 3 -4 -5 26 7 10 16 9 -11 11 -13 -14 15 -16 -17 17 -19 22 20 27 -23 -24 25 -26 -27 29 -29 -30 -31
leaf_value=0.047463467815103549 -0.0035812524311072918 0.010086330975609145 -0.040510503683746389 0.040507771341433858 0.033574776548488797 -0.02098238100300856 0.042582747176629916 0.0022013780509269631 0.023600749496885655 -0.06171220382853277 0.0037336464608543202 0.031713613119561238 0.016277960991495977 -0.00016537983140552589 0.021244643242933681 -0.017983582363555312 0.0054207463227480554 -0.050217985190173238 0.013619676135828098 0.043655741644643996 -0.060143582190433295 -0.015144567492775729 -0.038872331263165083 0.0038054396955500254 -0.0082011316355063094 0.025705657238248438 -0.013040303094780534 -0.019175983867468136 -0.045445301642342742 -0.045172568496276488
leaf_weight=52.028227563016117 1613.910655181855 477.62792130419984 45.515036930330098 56.337055160664022 19.327096884371716 844.81823928316589 64.413715383037925 790.95683609228581 132.43994996324182 18.039841361809522 698.78868299955502 123.12948834616691 46.641674822196364 667.79545611853246 220.20638992264867 658.0312045016326 53.631248465273529 49.894525323761627 1061.3551606079563 46.629321727901697 60.092598171904683 102.14120761631057 20.186672165989876 158.36210740916431 203.81115558883175 241.73648016247898 67.249066893476993 35.138419419061393 7.0465370398014775 64.219295016606338
leaf_count=334 10574 1131 3596 110 280 10227 127 4395 621 500 2981 369 329 6312 654 9300 303 239 2987 61 1149 630 163 437 744 606 651 197 266 2831
internal_value=-2.56706e-11 0.00978716 -0.00398071 0.00897249 -0.00370339 -0.00321293 -0.000917023 -0.00800742 -0.01438 0.0130334 0.0105201 0.0079587 -0.0190168 -0.00412734 -0.000590672 -0.00901576 -0.00057654 -0.0216184 0.0082179 0.00463161 -0.0157144 0.00345371 0.0126049 0.00923207 0.00461274 0.0170685 -0.022156 -0.0453837 0.0115732 -0.0289587
internal_weight=8701.5 2515.45 6186.05 2463.42 6140.54 5982.7 4046.28 1936.42 1041.94 150.48 886.332 821.918 891.46 3159.94 1834.12 1325.83 894.483 103.526 2407.08 1325.54 244.002 148.771 1081.54 1081.54 681.439 400.099 157.842 95.231 26.3736 131.468
internal_count=63104 8549 54555 8215 50959 46931 30317 16614 11677 1121 3477 3350 10556 26840 11228 15612 4937 542 8105 4955 2037 691 3150 2918 1875 1043 4028 1346 546 3482
is_linear=0
shrinkage=0.045


Tree=33
num_leaves=31
num_cat=0
split_feature=75 60 46 53 75 75 58 48 48 46 51 25 22 33 15 56 63 48 47 19 3 0 41 34 51 55 30 1 6 19
split_gain=152.771 35.2634 28.9794 45.1221 33.2662 38.1287 26.8984 26.151 27.7744 23.6633 26.032 64.019 42.1867 26.8465 22.7446 21.9767 24.1601 29.597 58.5195 55.5575 38.8978 36.06 30.4973 21.8757 38.5751 36.1586 21.6956 26.3907 20.1389 19.8989
threshold=627.50000000000011 -1.0000000180025095e-35 1.0000000180025095e-35 4.5000000000000009 3378.5000000000005 2160.0000000000005 2.5000000000000004 1091.5000000000002 709.50000000000011 1.5000000000000002 741.50000000000011 1.0000000180025095e-35 290.00000000000006 1.5000000000000002 741.50000000000011 1.0000000180025095e-35 1.0000000180025095e-35 1083.5000000000002 4077.5000000000005 1.0000000180025095e-35 5.5000000000000009 23.500000000000004 2740.5000000000005 1.5000000000000002 542.00000000000011 2.5000000000000004 2627.5000000000005 1.0000000180025095e-35 19.500000000000004 1.0000000180025095e-35
decision_type=2 2 2 2 2 2 2 2 2 2 2 2 2 2 2 2 2 2 2 2 2 2 2 2 2 2 2 2 2 2
left_child=1 -1 3 4 5 7 9 8 -2 14 23 13 -13 -12 -3 16 17 18 19 -4 22 -20 -19 24 -11 -25 27 -7 -9 -17
right_child=2 6 15 -5 -6 26 -8 28 -10 10 11 12 -14 -15 -16 29 -18 20 21 -21 -22 -23 -24 25 -26 -27 -28 -29 -30 -31
leaf_value=0.047239216970115253 -0.0049173249311400815 0.0029145556830661081 0.0019155363736245343 0.023899271956067756 0.033063679795613574 0.035149913890257629 0.039787784061511122 -0.0055331700969575102 0.020009155358966333 0.0061914332253733767 0.042598965580283213 -0.036724916696934562 0.0081027099861090048 0.002104842641219152 0.026076078519645645 -0.031681727186036769 -0.021718926726462921 -0.0172539635074574 0.00708739536830328 -0.012314671752983614 -0.00081875949532722147 0.047931674649802546 0.01928411861863373 0.014818389172113301 0.02358298054514725 -0.023406489456640218 -0.035219498940963302 -0.030371690711572388 -0.057434647607484263 -0.0089723420373800499
leaf_weight=47.930126047693193 157.53460758505389 130.65124209271744 1167.5188983324915 172.64237639401108 53.130448872223496 23.107996709644794 53.920907739549875 316.45680901734158 210.76274974364787 1143.8190643838607 52.771817778237164 130.61772905942053 62.331205970607698 86.752611709758639 250.96042194031179 110.236988785211 156.58703984122258 814.3863089021761 713.7648663232103 1058.5839964539045 683.06593165756203 45.689236978068948 48.235123618505895 92.430067965295166 333.05629017204046 107.18849286297336 103.43953087180853 24.739887143485248 14.923594372579826 267.00511970638763
leaf_count=334 917 403 7074 976 977 104 110 2087 1033 3505 104 1491 348 307 753 3326 4278 11024 2975 9388 4125 145 328 278 603 313 854 167 386 4391
internal_value=-5.84378e-11 0.00939411 -0.00381317 0.00288894 -0.00114508 -0.00331722 0.00863306 0.00112251 0.00936272 0.007914 0.00595687 -0.00553318 -0.0222765 0.0176149 0.0181747 -0.0052382 -0.00439518 -0.00379186 -0.00117405 -0.00485388 -0.00884424 0.00960441 -0.0151909 0.00823746 0.0101268 -0.00572145 -0.0237228 0.00134356 -0.0080363 -0.0156747
internal_weight=8634.24 2492.43 6141.81 1076.74 904.096 850.965 2444.5 699.678 368.297 2390.58 2008.97 332.473 192.949 139.524 381.612 5065.07 4687.83 4531.24 2985.56 2226.1 1545.69 759.454 862.621 1676.49 1476.88 199.619 151.287 47.8479 331.38 377.242
internal_count=63104 8549 54555 7501 6525 5548 8215 4423 1950 8105 6949 2250 1839 411 1156 47054 39337 35059 19582 16462 15477 3120 11352 4699 4108 591 1125 271 2473 7717
is_linear=0
shrinkage=0.045


Tree=34
num_leaves=31
num_cat=0
split_feature=75 60 48 43 54 63 48 66 48 15 19 58 6 58 19 46 19 15 48 4 40 51 54 48 51 48 48 21 51 48
split_gain=143.279 33.3546 29.8332 49.8755 37.4921 30.8727 26.8811 48.6936 45.9357 84.0205 73.0664 43.5164 27.2729 25.3474 21.9607 20.8987 20.7532 39.1306 32.9482 24.8939 20.5036 31.598 37.645 19.806 26.8904 70.4824 31.65 25.9412 21.4468 18.8489
threshold=627.50000000000011 -1.0000000180025095e-35 1183.0000000000002 12.500000000000002 4.5000000000000009 1.0000000180025095e-35 193.50000000000003 1.0000000180025095e-35 126.00000000000001 103.00000000000001 1.0000000180025095e-35 1.0000000180025095e-35 14.500000000000002 2.5000000000000004 1.0000000180025095e-35 1.5000000000000002 1.0000000180025095e-35 542.00000000000011 16.000000000000004 42.500000000000007 1.5000000000000002 741.50000000000011 4.5000000000000009 16.000000000000004 324.00000000000006 9.0000000000000018 9.0000000000000018 155.00000000000003 741.50000000000011 1262.5000000000002
decision_type=2 2 2 2 2 2 2 2 2 2 2 2 2 2 2 2 2 2 2 2 2 2 2 2 2 2 2 2 2 2
left_child=1 -1 4 14 5 6 8 11 10 -10 -2 -8 -9 15 -4 -3 17 18 -6 -20 21 -17 -23 24 25 -18 -26 28 -25 -5
right_child=2 13 3 29 16 -7 7 12 9 -11 -12 -13 -14 -15 -16 20 23 -19 19 -21 -22 22 -24 27 26 -27 -28 -29 -30 -31
leaf_value=0.047042780949036238 0.011334820279191105 0.017361039781913994 -0.012376251962877602 -0.02808655323924281 -0.033039914227543793 -0.020760220959005204 -0.0027535296679445861 -0.045711440425396981 -0.05339974661460023 0.036690051594225538 -0.012625365838075196 0.020047503572533862 0.00088745636597815664 0.039228346007958596 0.0046045687711227957 0.0058164731144002791 -0.027838344780370311 -0.041505568782242735 -0.0065676395835121189 0.055961996332330823 0.012550500210851537 0.011328795704587226 -0.026487556504507299 -0.023570956879339109 0.0036091322680147143 0.054235892005195421 -0.053620704769499393 -0.047033432517318591 0.0098850549435940821 0.0039847310442287691
leaf_weight=45.152106571709737 636.78794098878279 380.95543364156038 284.12996697495691 314.17905393964611 38.18869280256331 152.84999593551038 2813.7030458520167 79.149101624032483 23.043999140616506 167.62783423531801 431.51476107037161 179.36517408676445 37.200621879426762 51.900808026548475 335.09205916291103 1136.8401172163431 34.245163253042847 116.97009761666413 28.231050736736506 22.446686367504299 633.17721240664832 83.833719769492745 143.22608323558234 81.377298815757968 69.182334455195814 52.570109380409122 26.224845006596297 43.181587198982015 72.544052864192054 41.799309646245092
leaf_count=334 3357 1156 1778 5997 619 4369 17489 1528 224 458 4552 554 665 110 1846 3259 628 3821 469 55 1924 267 1499 1236 1089 346 528 1285 834 828
internal_value=-4.9403e-11 0.00912562 -0.00371482 -0.010923 -0.00233637 -0.000947917 -0.000250092 -0.00249623 0.00529501 0.0255803 0.00165393 -0.0013809 -0.0309317 0.00840199 -0.00319447 0.007713 -0.0130443 -0.0245172 -0.0019434 0.0216756 0.0058648 0.00275411 -0.0125368 -0.00677052 0.0039173 0.0219125 -0.0125148 -0.0166213 -0.00784091 -0.0243201
internal_weight=8556.69 2475.09 6081.6 975.2 5106.4 4521.24 4368.39 3109.42 1258.97 190.672 1068.3 2993.07 116.35 2429.93 619.222 2378.03 585.162 205.837 88.8664 50.6777 1997.08 1363.9 227.06 379.325 182.222 86.8153 95.4072 197.103 153.921 355.978
internal_count=63104 8549 54555 10449 44106 33196 28827 20236 8591 682 7909 18043 2193 8215 3624 8105 10910 4964 1143 524 6949 5025 1766 5946 2591 974 1617 3355 2070 6825
is_linear=0
shrinkage=0.045


Tree=35
num_leaves=31
num_cat=0
split_feature=75 60 48 47 46 4 55 0 0 25 70 46 48 48 34 2 48 58 47 51 5 48 48 4 70 5 48 46 8 0
split_gain=132.711 31.5676 28.3842 48.5272 54.5515 42.9026 45.9037 39.7495 34.4265 33.9263 32.5142 30.9282 28.6672 34.2148 28.3554 27.3411 33.3051 23.9127 23.797 61.3647 46.2355 27.3373 45.3245 26.3633 23.2601 29.0084 19.6328 19.5356 17.9178 17.7767
threshold=627.50000000000011 -1.0000000180025095e-35 1091.5000000000002 4077.5000000000005 2.5000000000000004 31.500000000000004 15.500000000000002 21.500000000000004 22.500000000000004 1.0000000180025095e-35 1.0000000180025095e-35 5.5000000000000009 1.0000000180025095e-35 16.000000000000004 1.0000000180025095e-35 3.5000000000000004 1083.5000000000002 2.5000000000000004 1436.5000000000002 542.00000000000011 31.500000000000004 89.500000000000014 393.50000000000006 42.500000000000007 1.0000000180025095e-35 41.500000000000007 342.50000000000006 1.5000000000000002 2.5000000000000004 17.500000000000004
decision_type=2 2 2 2 2 2 2 2 2 2 2 2 2 2 2 2 2 2 2 2 2 2 2 2 2 2 2 2 2 2
left_child=1 -1 3 4 18 6 15 10 14 11 -8 -6 -11 -14 -4 16 -5 29 21 20 -20 27 -23 -21 28 -26 -17 -2 -7 -3
right_child=2 17 8 5 9 24 7 -9 -10 12 -12 -13 13 -15 -16 26 -18 -19 19 23 -22 22 -24 -25 25 -27 -28 -29 -30 -31
leaf_value=0.046854946821476319 0.021588743408243922 0.0085954130159058163 -0.003563700797085284 -0.0098352427822100512 -0.012239811665366371 0.036343762954476708 -0.00079443984965266482 0.064330590906936741 -0.04502343225384315 -0.026922525220169073 0.070575462705109684 -0.036467656264814241 0.0075479368656169816 -0.009906837295279778 -0.016615509899512586 0.013888717839373439 -0.059283154017931682 0.038633498640559358 0.0078685342945078764 -0.0038139079980665683 -0.051884248764319719 -0.014042175185588831 0.0066380202632934275 0.032863035939701114 0.015208852717456086 -0.051145561973767587 -0.0056521281199224853 -0.0011702917674445655 0.013594840686258375 -0.0060388911193046315
leaf_weight=42.449884294299409 245.73518855357543 2180.4494182926137 1139.1566798479762 132.30814851820469 317.89184663945343 141.03441797289997 89.386432806029916 35.366379569284618 49.935884227510542 118.27784038626123 14.10714755579829 160.95554697245825 356.80279162013903 623.33760472189169 478.19531492097303 156.52006753254682 34.044485724763945 50.004238081630319 36.820100189186633 158.34489399637096 88.107638706453145 314.78213878907263 668.84339806623757 51.886132869869471 41.432304204441607 18.476138044148684 306.12872895551845 110.46939116623253 142.23370352620259 181.42419464909472
leaf_count=334 2419 6951 9245 850 2807 374 469 62 1828 3197 16 3236 4067 8006 5292 525 557 110 658 1533 920 1633 3264 109 127 99 1959 812 491 1154
internal_value=1.05945e-11 0.00881965 -0.00359029 -0.00168105 -0.00445465 0.00643462 0.000516365 0.0238371 -0.00858279 -0.0104578 0.00951625 -0.0204426 -0.00609031 -0.00355152 -0.00743055 -0.00466165 -0.0202487 0.00813108 0.00120108 -0.00950569 -0.0343506 0.00388447 1.23559e-05 0.00535088 0.0196368 -0.00575899 0.000974489 0.014547 0.0250092 0.00746922
internal_weight=8484.91 2454.33 6030.58 4363.29 3252.25 1111.04 767.861 138.86 1667.29 1577.27 103.494 478.847 1098.42 980.14 1617.35 629.001 166.353 2411.88 1674.99 335.159 124.928 1339.83 983.626 210.231 343.177 59.9084 462.649 356.205 283.268 2361.87
internal_count=63104 8549 54555 38190 32661 5529 4438 547 16365 21313 485 6043 15270 12073 14537 3891 1407 8215 11348 3220 1578 8128 4897 1642 1091 226 2484 3231 865 8105
is_linear=0
shrinkage=0.045


Tree=36
num_leaves=31
num_cat=0
split_feature=75 60 48 43 54 63 48 48 15 66 58 25 0 58 21 48 74 14 11 48 41 48 21 21 3 4 41 11 11 71
split_gain=116.719 30.3588 26.0181 44.9025 32.0245 27.9137 24.1927 46.8368 73.1436 40.744 36.519 28.5142 25.3315 22.9717 19.2843 18.6182 18.2841 31.9322 22.3524 54.5581 37.7153 36.9037 30.4364 26.0738 22.8181 18.28 20.9074 18.1438 17.1871 70.771
threshold=627.50000000000011 -1.0000000180025095e-35 1183.0000000000002 12.500000000000002 4.5000000000000009 1.0000000180025095e-35 193.50000000000003 126.00000000000001 103.00000000000001 1.0000000180025095e-35 1.0000000180025095e-35 1.0000000180025095e-35 10.500000000000002 2.5000000000000004 175.00000000000003 1239.5000000000002 1.0000000180025095e-35 1.0000000180025095e-35 1.0000000180025095e-35 1211.0000000000002 2740.5000000000005 1211.0000000000002 270.00000000000006 165.00000000000003 4.5000000000000009 14.500000000000002 2740.5000000000005 1.0000000180025095e-35 1.0000000180025095e-35 1.0000000180025095e-35
decision_type=2 2 2 2 2 2 2 2 2 2 2 2 2 2 2 2 2 2 2 2 2 2 2 2 2 2 2 2 2 2
left_child=1 -1 4 16 5 6 7 11 -9 10 -8 -2 -11 15 -6 -3 17 25 19 20 -18 22 -20 -23 -21 -4 -27 -17 -5 -30
right_child=2 13 3 28 14 -7 9 8 -10 12 -12 -13 -14 -15 -16 27 18 -19 21 24 -22 23 -24 -25 -26 26 -28 -29 29 -31
leaf_value=0.046682525669510214 -0.0097001393650655767 0.0074786983476470836 0.011796644903080475 -0.028808580789883294 -0.0072474527246797291 -0.019929317121133834 -0.0025425951706666739 -0.051628618120638431 0.036016981703068413 -0.042963090260733729 0.01852553836272568 0.0063974209241469352 0.0040292142617429751 0.038072325594471129 -0.026219081468969587 -0.042677500515440454 -0.048797207589311616 0.011997396646017436 0.042906728836738128 -0.02496489993203093 0.052556951210758408 -0.019323012235191495 -0.031911225037243314 0.025769276162861572 0.012830916473549591 -0.055274561645408761 0.011571227087769673 0.0303687136759157 -0.039370705060457027 0.044257792052181166
leaf_weight=40.022698216722347 319.95471422607079 2321.0537608568557 13.724454207345842 261.48547831969336 424.51501282304525 148.27157798816916 2763.6282121749828 20.926586037036031 165.02311738952994 77.23476946062874 176.29473792947829 727.90336550306529 32.809996085474268 48.189074998255819 145.36533548752777 26.922211970202625 71.515240350505337 45.377710684202611 81.313093101605773 39.485540896188468 7.4629465155303469 79.192050611134619 11.969039423856882 37.426384120248258 160.36280684266239 56.370235272217542 10.978042487055061 8.3423508405685407 49.098490306176245 33.684735509101301
leaf_count=334 2373 7919 104 5781 6861 4369 17489 224 458 1603 554 5536 590 110 4049 160 448 270 180 469 32 477 54 159 803 580 48 26 874 170
internal_value=5.90302e-12 0.00827869 -0.00339559 -0.0101797 -0.00209253 -0.000800195 -0.000133594 0.00518089 0.02593 -0.00228447 -0.00127336 0.0014776 -0.0290422 0.00762032 -0.0121242 0.00698166 -0.00288528 -0.0180651 0.00107112 -0.00726893 -0.0386825 0.0121318 0.0330702 -0.00475548 0.0052762 -0.0348327 -0.0443685 -0.0250364 -0.023168 -0.00521994
internal_weight=8405.9 2444.53 5961.37 959.446 5001.93 4432.05 4283.78 1233.81 185.95 3049.97 2939.92 1047.86 110.045 2404.51 569.88 2356.32 615.178 126.45 488.727 278.827 78.9782 209.901 93.2821 116.618 199.848 81.0727 67.3483 35.2646 344.269 82.7832
internal_count=63104 8549 54555 10449 44106 33196 28827 8591 682 20236 18043 7909 2193 8215 10910 8105 3624 1002 2622 1752 480 870 234 636 1272 732 628 186 6825 1044
is_linear=0
shrinkage=0.045


Tree=37
num_leaves=31
num_cat=0
split_feature=75 60 54 48 47 19 51 51 0 17 55 48 42 48 3 71 11 0 42 72 57 44 19 15 4 48 51 48 48 51
split_gain=102.137 29.1398 23.1611 33.3923 53.2679 45.054 159.555 68.8845 37.2293 33.7056 37.0863 32.3017 29.6498 29.5287 28.5816 45.1513 101.459 27.7191 27.2757 25.7311 24.2438 19.1174 18.3475 36.4812 29.0978 18.9213 23.1589 64.4079 27.6453 24.5851
threshold=627.50000000000011 -1.0000000180025095e-35 4.5000000000000009 1083.5000000000002 4077.5000000000005 1.0000000180025095e-35 222.50000000000003 742.50000000000011 14.500000000000002 60.000000000000007 15.500000000000002 9.0000000000000018 830.00000000000011 276.00000000000006 5.5000000000000009 1.0000000180025095e-35 1.0000000180025095e-35 21.500000000000004 3562.0000000000005 1.0000000180025095e-35 85.000000000000014 4.5000000000000009 1.0000000180025095e-35 542.00000000000011 42.500000000000007 16.000000000000004 324.00000000000006 9.0000000000000018 9.0000000000000018 741.50000000000011
decision_type=2 2 2 2 2 2 2 2 2 2 2 2 2 2 2 2 2 2 2 2 2 2 2 2 2 2 2 2 2 2
left_child=1 -1 3 4 5 7 12 20 14 19 13 -9 -7 -11 15 21 -17 -12 -8 -6 -2 -5 23 24 -4 26 27 -24 29 -28
right_child=2 -3 22 8 9 6 18 11 -10 10 17 -13 -14 -15 -16 16 -18 -19 -20 -21 -22 -23 25 -25 -26 -27 28 -29 -30 -31
leaf_value=0.046497674564415926 -0.0043627230665228122 0.0071254735994333808 -0.020751312929650975 -0.016938200252120859 0.01599319247042659 -0.016243491090504311 -0.07144852092312913 0.039248048653336018 -0.029487267927837645 0.036096838036824362 0.014714069807435443 0.0075874233177381373 -1.4209218341942381e-10 -0.0011866572113701937 0.0005737839794328596 -0.037786731267849268 0.045130885354459367 0.061952294418309323 0.035899641841181634 0.057712857312170046 0.017482444099959103 0.015071110154427634 -0.027424469118019393 -0.040399505667492057 0.033353660363312776 -0.015797733295168422 -0.04952707585913755 0.051337946125293417 -0.05143042753608365 0.016825767314929917
leaf_weight=37.720023531001061 1016.1762273109634 2395.2760596375447 54.087490543257445 707.02469599992037 85.671504803933203 314.11513869574992 87.373309779330157 130.09533159527928 138.88040412962437 45.58292438602075 85.494024628773332 131.11266984650865 818.94977683247998 561.21874851663597 842.81310574151576 47.103078625630587 78.08809116948396 35.212273601442575 4.4862964749336234 46.015380415134132 113.46388621255755 39.166085987817496 33.437001168262213 107.50520459190011 30.718742162920535 191.74378276290372 13.131369439885018 53.449610426556319 24.178694407921284 55.667079657316208
leaf_count=334 8186 8215 1050 8943 291 5533 1431 232 3332 96 331 551 5261 2853 4762 666 231 56 27 92 473 298 628 3821 93 3355 334 346 528 755
internal_value=1.64778e-11 0.00775473 -0.00320297 -0.00228387 0.000317989 -0.00287556 -0.00916513 0.0026663 -0.00716054 0.0100326 0.0062188 0.0234456 -0.00451347 0.00166886 -0.00533554 -0.0110452 0.013881 0.0288901 -0.0658756 0.0308964 -0.00215502 -0.0152402 -0.0118674 -0.0231169 -0.000992954 -0.00599926 0.004476 0.0210603 -0.0110811 0.00363306
internal_weight=8324.96 2433 5891.96 5328.04 3474.97 2615.77 1224.92 1390.85 1853.08 859.195 727.508 261.208 1133.06 606.802 1714.2 871.382 125.191 120.706 91.8596 131.687 1129.64 746.191 563.919 192.311 84.8062 371.608 179.864 86.8866 92.9771 68.7984
internal_count=63104 8549 54555 43645 25413 21694 12252 9442 18232 3719 3336 783 10794 2949 14900 10138 897 387 1458 383 8659 9241 10910 4964 1143 5946 2591 974 1617 1089
is_linear=0
shrinkage=0.045


Tree=38
num_leaves=31
num_cat=0
split_feature=75 60 48 47 46 17 55 4 48 48 20 9 6 5 21 54 48 35 58 59 51 48 47 48 19 51 48 5 6 71
split_gain=92.7495 27.6353 22.9685 44.6861 42.6213 35.427 34.785 32.6852 41.4061 68.3938 52.9311 45.2534 40.034 33.0779 32.9998 28.3925 22.9937 21.9609 21.935 19.5656 46.3923 25.3056 24.8128 25.0192 19.7661 18.7451 18.4811 17.7278 17.5692 19.4295
threshold=627.50000000000011 -1.0000000180025095e-35 1091.5000000000002 4077.5000000000005 2.5000000000000004 175.00000000000003 3.5000000000000004 31.500000000000004 342.50000000000006 709.50000000000011 647.50000000000011 1.5000000000000002 16.500000000000004 10.500000000000002 305.00000000000006 4.5000000000000009 1080.0000000000002 1.0000000180025095e-35 2.5000000000000004 -1.0000000180025095e-35 542.00000000000011 9.0000000000000018 1436.5000000000002 69.500000000000014 1.0000000180025095e-35 741.50000000000011 16.000000000000004 32.500000000000007 16.500000000000004 1.0000000180025095e-35
decision_type=2 2 2 2 2 2 2 2 2 2 2 2 2 2 2 2 2 2 2 2 2 2 2 2 2 2 2 2 2 2
left_child=1 -1 3 4 19 6 25 8 10 14 11 -5 -12 -11 -10 -7 -9 28 -3 20 21 -2 23 -21 -22 -6 -8 -24 -4 -30
right_child=2 18 17 7 5 15 26 16 9 13 12 -13 -14 -15 -16 -17 -18 -19 -20 22 24 -23 27 -25 -26 -27 -28 -29 29 -31
leaf_value=0.046298228086061488 -0.070790958989507519 0.0061917512303929128 -0.0040467886029947643 -0.03760404517630727 -0.027448628837667258 0.017021421510244095 0.00055934677000083019 0.028855282966203634 -0.076686167750368364 -0.033937229512347331 0.0076847984675721698 0.041525976530488035 -0.050020042033783844 0.0037404062512477218 0.01992645202485252 -0.035551220472290937 0.0050838115282169083 -0.02955050472823131 0.037289980730890966 0.015481693397424882 0.014186261531143716 -0.019015830231927031 0.007499634634641982 0.00097177170791677486 -0.014209432383444269 0.00041754368036906494 -0.012236108340920334 -0.05104944384211739 -0.021261663804296612 0.011763123503017786
leaf_weight=35.463664805865847 21.550424174405634 2340.1093551416416 1233.7282185589429 15.630481773987411 327.99219734221697 148.6158132920973 371.24694700713735 184.32631998416036 37.08387376088649 53.351950258947909 104.69312908942811 134.17617229605094 30.648674942087382 356.84200647240505 8.3739864164963347 23.207711720373482 149.28297767136246 86.744935531169176 45.898336675949395 330.78234643884934 155.4281273339875 136.63523758738302 16.352259208913893 876.54326482117176 71.788787411060184 57.378970015794039 593.47034585301299 27.028590150177479 243.93550156638958 41.645396809093654
leaf_count=334 175 8105 8729 66 8007 794 4140 540 510 576 431 307 203 2278 67 590 551 1897 110 3161 993 1176 383 4053 869 780 7002 538 5094 645
internal_value=-3.36981e-11 0.00740261 -0.00307092 -0.00133153 -0.00402843 -0.0094462 -0.0118954 0.00659188 0.00131749 -0.00709467 0.0147375 0.0330751 -0.00565371 -0.00123076 -0.0588429 0.00975596 0.018265 -0.00765107 0.00680534 0.00101389 -0.00783838 -0.0264698 0.00374578 0.00495671 0.00519174 -0.0233092 -0.00731662 -0.0293079 -0.00638211 -0.0164215
internal_weight=8259.96 2421.47 5838.48 4232.43 3158.02 1521.91 1350.09 1074.41 740.8 455.652 285.148 149.807 135.342 410.194 45.4579 171.824 333.609 1606.05 2386.01 1636.11 385.403 158.186 1250.71 1207.33 227.217 385.371 964.717 43.3808 1519.31 285.581
internal_count=63104 8549 54555 38190 32661 21313 19929 5529 4438 3431 1007 373 634 2854 577 1384 1091 16365 8215 11348 3213 1351 8135 7214 1862 8787 11142 921 14468 5739
is_linear=0
shrinkage=0.045


Tree=39
num_leaves=31
num_cat=0
split_feature=75 60 46 47 48 42 70 43 9 38 48 48 75 29 42 58 46 48 27 16 0 55 51 21 48 42 0 43 22 58
split_gain=89.9391 25.9438 20.9909 30.7636 27.8382 24.3061 23.893 50.5236 24.3558 24.3323 21.8024 44.7519 34.9745 22.6178 20.4271 20.3778 19.727 19.3053 35.1191 29.7415 23.8098 23.6884 21.6092 19.1872 17.3838 16.7826 16.1546 15.9927 15.6685 42.2249
threshold=627.50000000000011 -1.0000000180025095e-35 1.5000000000000002 810.00000000000011 1.0000000180025095e-35 661.50000000000011 1.0000000180025095e-35 11.500000000000002 2.5000000000000004 1.5000000000000002 89.500000000000014 646.50000000000011 3257.5000000000005 1.0000000180025095e-35 830.00000000000011 2.5000000000000004 8.5000000000000018 741.50000000000011 1.0000000180025095e-35 15.000000000000002 22.500000000000004 21.500000000000004 222.50000000000003 35.000000000000007 1239.5000000000002 1351.0000000000002 23.500000000000004 10.500000000000002 290.00000000000006 1.0000000180025095e-35
decision_type=2 2 2 2 2 2 2 2 2 2 2 2 2 2 2 2 2 2 2 2 2 2 2 2 2 2 2 2 2 2
left_child=1 -1 3 10 5 -4 17 8 -8 -9 -2 13 23 14 -12 24 -11 18 19 -6 21 -19 -20 -13 28 -15 -7 -28 -3 -30
right_child=2 15 4 -5 6 26 7 9 -10 16 11 12 -14 25 -16 -17 -18 20 22 -21 -22 -23 -24 -25 -26 -27 27 -29 29 -31
leaf_value=0.046090199509504243 0.019069553894801607 0.0043862817654221932 0.051987947481287503 -0.0042366594514944515 -0.040513848736160339 -0.028588960698256911 -0.061548648646254464 0.04895275439183068 0.0074632223331210466 0.019501188562054069 -0.045371405959849814 -0.033991795793155741 0.0341605396915447 -0.011455250087753102 0.012436428116772666 0.036655758932952559 -0.0687381208978977 -0.0063282302194098763 -0.0028292258031513513 0.0053103938340005432 -0.039849963859718847 -0.034020781223376963 -0.017429928591224789 0.0078519769173253061 -0.025075334596213743 -0.042134015276048153 0.059987249278858491 -0.045319005439939448 0.020467925168116029 -0.0052784739611486413
leaf_weight=33.45596588565968 224.16865660017356 1681.7457601770293 7.7490902394056311 1127.4494320412632 28.552893348969519 171.2059419847501 19.242370756343007 62.170690711122006 20.809612140990794 18.686845513526354 13.206663121469317 23.415174530819058 109.81377097964287 115.81416463665664 95.63875986635685 44.272318018134683 5.9418235085904589 1471.9003194950055 544.02611358056311 980.08166289364453 46.59996843803674 64.405447039287537 329.1164285086561 243.72904958762228 34.582681396044791 52.26290563121438 7.6197104076854867 3.5427568573504686 430.86294657411054 183.42881298903376
leaf_count=334 2359 6026 54 8394 342 4820 120 137 98 92 206 263 649 376 424 110 49 14734 3435 8422 1786 737 5399 1204 186 283 21 151 1275 618
internal_value=-2.01133e-11 0.00730578 -0.00304107 0.000680344 -0.00501428 -0.0217518 -0.00412247 0.0149862 -0.0263841 0.0341589 0.00699161 0.00282815 0.0129039 -0.0108845 0.00507317 0.00674024 -0.00363854 -0.00482622 -0.00174385 0.00397434 -0.00848716 -0.00751054 -0.00834636 0.00407128 0.00615649 -0.0211875 -0.0251515 0.0255869 0.00663761 0.0127839
internal_weight=8195.5 2408.35 5787.15 2005.5 3781.65 190.117 3591.53 126.851 40.052 86.7994 878.049 653.88 376.958 276.922 108.845 2374.89 24.6287 3464.68 1881.78 1008.63 1582.91 1536.31 873.143 267.144 2330.62 168.077 182.368 11.1625 2296.04 614.292
internal_count=63104 8549 54555 14158 40397 5046 35351 496 218 278 5764 3405 2116 1289 630 8215 141 34855 17598 8764 17257 15471 8834 1467 8105 659 4992 172 7919 1893
is_linear=0
shrinkage=0.045


Tree=40
num_leaves=31
num_cat=0
split_feature=75 60 63 54 22 58 5 55 46 12 43 0 72 17 36 53 11 61 36 0 47 58 55 43 29 15 22 0 24 74
split_gain=82.8707 24.6886 19.5643 20.2863 22.711 19.422 17.9019 17.7319 16.7143 15.5248 17.3459 26.0856 14.8302 62.84 24.3294 14.4504 16.8499 13.8109 40.2853 19.971 13.4934 36.4573 21.8088 12.8369 12.1449 11.6565 17.556 13.0154 12.8172 12.7111
threshold=627.50000000000011 -1.0000000180025095e-35 1.0000000180025095e-35 4.5000000000000009 135.00000000000003 2.5000000000000004 40.500000000000007 26.500000000000004 1.0000000180025095e-35 1.0000000180025095e-35 10.500000000000002 25.500000000000004 1.0000000180025095e-35 60.000000000000007 1.5000000000000002 6.5000000000000009 1.0000000180025095e-35 1.0000000180025095e-35 1.5000000000000002 17.500000000000004 1436.5000000000002 1.0000000180025095e-35 15.500000000000002 25.500000000000004 1.0000000180025095e-35 741.50000000000011 105.00000000000001 4.5000000000000009 1.0000000180025095e-35 1.0000000180025095e-35
decision_type=2 2 2 2 2 2 2 2 2 2 2 2 2 2 2 2 2 2 2 2 2 2 2 2 2 2 2 2 2 2
left_child=1 -1 3 7 23 8 -6 12 25 10 11 -4 20 -14 -15 17 -17 19 -19 -10 21 -2 -22 24 -5 26 -3 -27 -29 -28
right_child=2 5 9 4 6 -7 -8 -9 15 -11 -12 -13 13 14 -16 16 -18 18 -20 -21 22 -23 -24 -25 -26 27 29 28 -30 -31
leaf_value=0.045908179927099418 -0.0008759384101581938 0.033519999962740854 -0.019561466982927673 -0.01403131237063541 -0.02446837204618731 0.036166592226027736 0.011599749580281005 -0.019605645568611538 0.0073218912765925619 0.046526709813415418 -0.052493327664702938 0.071714350737848306 0.05547442795004412 0.010954482776793279 -0.035951811649683772 -0.041427617781118746 0.031118561018827408 -0.038048866472005408 0.025023175960071094 -0.0099373733511495966 -0.004481682363583441 0.019303418508459302 0.0097251647390737446 -0.029598842411056023 0.0075478992305042097 0.067455323070397283 -0.042412994364578169 0.0001543474859364953 0.034529018713149735 0.023993601775105886
leaf_weight=31.639165814965963 1479.7447690148838 18.344758378341794 98.007335550908465 73.061234834138304 233.17860320629552 42.847459830343723 31.033289085375145 107.68069815123454 1910.9621776859276 5.9644654570147386 29.854997851187363 5.8001422258093944 46.142958574928343 53.253805885557085 37.223918074043468 25.526034940034151 7.7690375093370667 49.459028461948037 33.657372987829149 145.28381255827844 2876.8045400626725 205.60178127884865 235.87920070928521 29.315962065942585 183.13855686178431 14.063564669340847 18.251606587786231 35.014396129176021 57.981616282369941 7.6108228825032702
leaf_count=334 9943 45 2211 994 6855 110 426 1043 6022 128 2020 10 93 293 288 159 25 313 71 1078 24882 655 2079 797 1838 34 82 117 134 25
internal_value=-9.75115e-12 0.00702164 -0.0029389 -0.00252153 -0.0107222 0.00648263 -0.0202042 -0.00162552 0.00592001 -0.0195177 -0.0227884 -0.0138259 -0.00122928 0.0133362 -0.00852554 0.00490731 -0.024086 0.00536957 -0.0125145 0.0060982 -0.00164672 0.0015958 -0.00340231 -0.00190787 0.00136347 0.0203378 0.000852136 0.0283016 0.0217258 -0.0227051
internal_weight=8130.1 2398.41 5731.69 5592.06 549.728 2366.77 264.212 5042.33 2323.92 139.627 133.662 103.807 4934.65 136.621 90.4777 2172.66 33.2951 2139.36 83.1164 2056.25 4798.03 1685.35 3112.68 285.516 256.2 151.267 44.2072 107.06 92.996 25.8624
internal_count=63104 8549 54555 50186 10910 8215 7281 39276 8105 4369 4241 2221 38233 674 581 7668 184 7484 384 7100 37559 10598 26961 3629 2832 437 152 285 251 107
is_linear=0
shrinkage=0.045


Tree=41
num_leaves=31
num_cat=0
split_feature=48 48 48 48 48 59 66 22 54 15 20 53 22 19 51 51 54 46 46 35 51 51 4 40 61 20 48 48 4 48
split_gain=52.9484 42.0027 48.0713 63.6476 73.1543 106.504 58.129 55.1715 46.6272 48.776 41.2264 39.4738 38.4199 35.3468 67.4502 65.7545 49.035 46.0082 37.9999 34.3756 30.4405 44.4855 57.331 28.3962 36.2065 27.5577 25.3259 25.7767 25.3007 24.8999
threshold=1083.5000000000002 42.500000000000007 193.50000000000003 393.50000000000006 342.50000000000006 -1.0000000180025095e-35 1.0000000180025095e-35 305.00000000000006 4.5000000000000009 1.0000000180025095e-35 808.00000000000011 3.5000000000000004 235.00000000000003 1.0000000180025095e-35 742.50000000000011 742.50000000000011 4.5000000000000009 12.500000000000002 1.0000000180025095e-35 1.0000000180025095e-35 222.50000000000003 542.00000000000011 41.500000000000007 1.0000000180025095e-35 1.0000000180025095e-35 115.50000000000001 1.0000000180025095e-35 16.000000000000004 15.500000000000002 16.000000000000004
decision_type=2 2 2 2 2 2 2 2 2 2 2 2 2 2 2 2 2 2 2 2 2 2 2 2 2 2 2 2 2 2
left_child=1 13 8 4 5 7 23 -4 9 -3 11 -6 -10 15 18 20 -16 -17 -15 -2 29 -22 -23 -5 -25 -18 -20 -28 -8 -1
right_child=19 2 3 6 10 -7 28 -9 12 -11 -12 -13 -14 14 16 17 25 -19 26 -21 21 22 -24 24 -26 -27 27 -29 -30 -31
leaf_value=0.011064736413140359 -0.0052260728904476904 -0.049101620441883119 0.022508845301107853 -0.00015998291916130854 -0.064878477054542472 -0.028019471474671872 -0.0025798676493356261 -0.028042508801152399 -0.0082573680481618419 0.023047954298748553 0.029691449622855939 -0.010947648289107501 0.019050898847393062 0.027678790584630044 -0.070181701758628839 0.028064277590024535 0.03573509723442627 -0.022557237649123218 -0.024975188755176032 -0.032525712865541519 -0.044559158949373089 -0.025536185643679397 0.025512999078513447 0.0098472124051615199 -0.035154471229164423 -0.033619224535543557 0.0076690450541173228 -0.015941990891214987 -0.050335193496137541 -0.023719320407055419
leaf_weight=199.95362027312513 1750.7807002383051 18.69980987906456 251.87278772494756 1120.5855315938825 86.464867595117539 206.1292274761945 38.352639619959518 51.966703329700977 288.57675194647163 582.66001048439648 14.909217164851723 40.755640033632517 162.08677757065743 60.456668603001162 62.090023742232006 225.76610725396313 16.624407616443932 42.519782622344792 154.52183646155754 97.730607617879286 85.195036317105405 111.58320467895828 72.749494996853173 1788.1032907874323 35.992649403400719 33.132438018452376 199.67694764956832 174.60145204560831 53.6214407638181 51.596617368748412
leaf_count=3597 16240 220 875 5478 919 1380 803 339 938 2156 75 196 400 847 1166 925 80 265 4027 2178 1681 2293 210 7166 238 822 2519 3001 1324 746
internal_value=8.63418e-11 0.00198423 0.00405568 0.00163437 -0.0111108 -0.00312562 0.00437406 0.0137992 0.012536 0.0207266 -0.03954 -0.0478216 0.00158483 -0.00460279 -0.0119484 0.00192839 -0.0438245 0.0199875 -0.00583403 -0.00668621 -0.0073901 -0.0178693 -0.00535995 0.00547846 0.00894047 -0.0101995 -0.0097105 -0.00335867 -0.0306634 0.00386435
internal_weight=8079.76 6231.24 4740.78 3688.75 652.098 509.969 3036.66 303.839 1052.02 601.36 142.13 127.221 450.664 1490.47 701.104 789.364 111.847 268.286 589.257 1848.51 521.078 269.528 184.333 2944.68 1824.1 49.7568 528.8 374.278 91.9741 251.55
internal_count=63104 44686 22507 18793 3784 2594 15009 1214 3714 2376 1190 1115 1338 22179 12462 9717 2068 1190 10394 18418 8527 4184 2503 12882 7404 902 9547 5520 2127 4343
is_linear=0
shrinkage=0.045


Tree=42
num_leaves=31
num_cat=0
split_feature=75 60 48 47 3 71 11 46 17 55 48 30 17 55 72 41 0 39 54 48 8 6 22 58 46 6 31 8 54 73
split_gain=69.5849 22.931 19.4649 52.3624 31.5042 38.4331 81.9589 30.3671 29.2214 27.4366 28.1743 27.662 26.1154 29.8596 24.3509 22.8434 22.6409 21.5986 21.3926 18.518 17.9802 18.0519 17.9624 17.9569 17.4461 17.4918 17.4075 17.2452 17.0475 16.7022
threshold=627.50000000000011 -1.0000000180025095e-35 1083.5000000000002 4077.5000000000005 5.5000000000000009 1.0000000180025095e-35 1.0000000180025095e-35 2.5000000000000004 60.000000000000007 15.500000000000002 276.00000000000006 4818.5000000000009 175.00000000000003 3.5000000000000004 1.0000000180025095e-35 2740.5000000000005 16.500000000000004 1.5000000000000002 4.5000000000000009 1211.0000000000002 2.5000000000000004 10.500000000000002 145.00000000000003 2.5000000000000004 1.5000000000000002 16.500000000000004 7463.0000000000009 2.5000000000000004 4.5000000000000009 1.0000000180025095e-35
decision_type=2 2 2 2 2 2 2 2 2 2 2 2 2 2 2 2 2 2 2 2 2 2 2 2 2 2 2 2 2 2
left_child=1 -1 3 7 5 15 -7 29 14 10 22 -11 13 16 -5 20 -9 -8 27 -17 -4 -22 -10 24 25 -3 -26 -14 -27 -2
right_child=2 23 4 8 -6 6 17 12 9 11 -12 -13 18 -15 -16 19 -18 -19 -20 -21 21 -23 -24 -25 26 28 -28 -29 -30 -31
leaf_value=0.045655865472710409 -0.00047697262952170797 0.016847454183988055 -0.004289247986388584 0.013705551188815703 -0.00030113924362054167 -0.031925157115110528 0.060300617099830117 -0.024904821864860212 0.067561023794983549 0.038539712029642625 -0.0014257904783813789 -0.0096415690646066005 -0.022550574179869536 -0.0062632441397531781 0.054511902066018116 -0.016416746466359444 0.017361495835618423 0.013553831212193756 -0.032305066536380087 0.039528970749989727 -0.010151109983387642 -0.026647229676707938 0.01019885040766177 0.035337313453921111 0.0051904675923010041 0.02930355447916699 -0.0088260968821514477 0.021027741912587598 -0.055911424012432154 0.019521488903730129
leaf_weight=28.897795038996264 1494.3969550922047 342.9288036073558 161.18318829825148 81.534954201430082 861.46279007289559 55.423875449225307 42.566780604887754 327.97479808476055 18.887461677193642 85.387889457866549 537.556150482269 33.003832907881588 20.725024077575654 914.47102939954493 46.398191631771624 21.007379157468677 27.143476278055459 38.391715686768293 21.74771333206445 25.615974479820579 202.44373557984363 409.10171170788817 25.857093365862966 40.467862194869667 1735.0012931476813 6.5678740758448848 199.19285245612264 123.67750420747325 12.475587990367785 88.638030152767897
leaf_count=334 10928 982 1980 291 5214 1015 119 8331 37 242 2853 145 162 11108 92 175 447 140 590 154 1641 7794 59 110 6084 30 865 631 144 407
internal_value=2.81137e-11 0.00648069 -0.002707 -0.000893521 -0.00654392 -0.0121647 0.00989699 -0.00364423 0.00911993 0.00548841 0.00145664 0.0251401 -0.00838103 -0.0105764 0.028813 -0.0158445 -0.0216345 0.0385685 0.0083572 0.0145058 -0.0176921 -0.0212119 0.03536 0.00597688 0.00544427 0.0144988 0.00374316 0.0146612 -0.026526 0.000654408
internal_weight=8030.13 2365.53 5664.6 3847.4 1817.2 955.734 136.382 3018.77 828.626 700.692 582.301 118.392 1435.74 1269.59 127.933 819.352 355.118 80.9585 166.15 46.6234 772.729 611.545 44.7446 2336.63 2296.17 361.972 1934.19 144.403 19.0435 1583.03
internal_count=63104 8549 54555 36323 18232 13018 1274 32604 3719 3336 2949 387 21269 19886 383 11744 8778 259 1383 329 11415 9435 96 8215 8105 1156 6949 793 174 11335
is_linear=0
shrinkage=0.045


Tree=43
num_leaves=31
num_cat=0
split_feature=75 60 48 47 5 46 48 0 2 55 0 0 51 19 46 34 22 58 6 46 73 48 48 75 46 15 6 21 54 51
split_gain=62.1115 21.8273 18.1368 35.7469 32.334 28.11 25.371 28.2244 33.7525 28.1137 24.4985 22.5061 22.1969 58.5432 19.3748 18.9268 17.1316 17.006 16.3282 19.3778 15.9856 15.1914 44.7251 32.1328 14.4107 19.387 22.4612 18.4877 17.1505 16.9868
threshold=627.50000000000011 -1.0000000180025095e-35 1091.5000000000002 4077.5000000000005 3.5000000000000004 2.5000000000000004 276.00000000000006 23.500000000000004 3.5000000000000004 11.500000000000002 24.500000000000004 8.5000000000000018 742.50000000000011 1.0000000180025095e-35 4.5000000000000009 1.0000000180025095e-35 145.00000000000003 2.5000000000000004 7.5000000000000009 13.500000000000002 1.0000000180025095e-35 393.50000000000006 193.50000000000003 3257.5000000000005 1.5000000000000002 741.50000000000011 11.500000000000002 115.00000000000001 4.5000000000000009 741.50000000000011
decision_type=2 2 2 2 2 2 2 2 2 2 2 2 2 2 2 2 2 2 2 2 2 2 2 2 2 2 2 2 2 2
left_child=1 -1 3 5 -5 20 16 8 -8 -9 15 12 14 -14 -7 -4 -6 24 -13 -20 21 22 -2 -23 25 26 28 -27 -3 -26
right_child=2 17 10 4 6 11 7 9 -10 -11 -12 18 13 -15 -16 -17 -18 -19 19 -21 -22 23 -24 -25 29 27 -28 -29 -30 -31
leaf_value=0.045460230564294643 0.00181496285803897 -0.016947438949057321 -0.0025975021579189507 -0.044904104571152598 0.059982685040124141 -0.0079623671545913637 -0.01499708836013328 -0.026276523305160445 0.0078411284024047234 0.060116919798040437 -0.043478675348729214 -0.019933837763152763 0.022269769952410166 -0.041478678658357901 -0.022934069121166301 -0.013572689455297732 0.012991028712892195 0.034713096668591133 0.0067894714861626623 -0.014209603254918447 0.019252484757782472 -0.0012955474497673926 -0.021609596043075972 0.021387883368522449 0.0054588390445125673 0.0046744469017298328 -0.065459471501592092 0.030679601649228998 0.018330519231735402 -0.0059504831030639058
leaf_weight=27.253791345399804 620.30747175775468 44.80850869230926 1086.8191376561299 23.500751059036702 28.604314841330051 329.36601824662648 157.59980139462277 9.2034690198488516 754.08114154427312 33.010891879908741 34.817731759278104 79.871453087311238 98.875773499719799 40.214242606190965 376.44009178035776 449.29013289394788 35.013026723172516 39.103273749817163 379.00877125625266 115.21165780408774 87.402067679911852 474.32360809203237 223.83488293550909 171.38323041517287 1612.9921227535233 89.063798188697547 9.0704589947126788 147.09322299947962 70.51449488196522 315.12750161625445
leaf_count=334 6213 139 9334 200 56 3386 1336 181 3618 61 1686 1373 413 862 8118 5345 77 110 4365 2796 407 2370 1268 1090 4699 334 103 419 161 2250
internal_value=3.13919e-11 0.0061314 -0.00257537 -0.000978435 0.00620153 -0.00347428 0.00742481 0.0055699 0.00388104 0.0411094 -0.00667624 -0.00806723 -0.0127345 0.00367405 -0.0159686 -0.00581433 0.0347212 0.00565161 -0.00118823 0.0018754 0.000660305 -0.000442589 -0.00441457 0.00474884 0.00514013 0.0133862 -0.000994039 0.0209331 0.00459549 0.00359201
internal_weight=7963.21 2355.03 5608.18 4037.25 1041.01 2996.24 1017.51 953.895 911.681 42.2144 1570.93 1418.99 844.896 139.09 705.806 1536.11 63.6173 2327.77 574.092 494.22 1577.25 1489.85 844.142 645.707 2288.67 360.55 124.393 236.157 115.323 1928.12
internal_count=63104 8549 54555 38190 5529 32661 5329 5196 4954 242 16365 21313 12779 1275 11504 14679 133 8215 8534 7161 11348 10941 7481 3460 8105 1156 403 753 300 6949
is_linear=0
shrinkage=0.045


Tree=44
num_leaves=31
num_cat=0
split_feature=48 48 48 48 4 5 66 59 48 35 15 48 19 51 51 54 0 43 46 21 0 24 15 43 48 48 46 43 48 43
split_gain=46.8589 33.5334 36.6795 56.726 75.33 44.4568 43.2231 39.6892 60.1999 31.372 31.0488 38.213 30.2312 70.7913 55.7071 38.9769 32.0191 40.6781 31.6659 29.4564 28.2384 27.2398 27.1882 26.8365 25.8347 53.6355 30.4806 25.3893 25.1974 24.0086
threshold=1083.5000000000002 42.500000000000007 193.50000000000003 393.50000000000006 3.5000000000000004 15.500000000000002 1.0000000180025095e-35 -1.0000000180025095e-35 342.50000000000006 1.0000000180025095e-35 1.0000000180025095e-35 126.00000000000001 1.0000000180025095e-35 742.50000000000011 742.50000000000011 4.5000000000000009 12.500000000000002 7.5000000000000009 1.0000000180025095e-35 145.00000000000003 25.500000000000004 1.0000000180025095e-35 222.50000000000003 6.5000000000000009 9.0000000000000018 16.000000000000004 11.500000000000002 24.500000000000004 1.0000000180025095e-35 17.500000000000004
decision_type=2 2 2 2 2 2 2 2 2 2 2 2 2 2 2 2 2 2 2 2 2 2 2 2 2 2 2 2 2 2
left_child=1 12 5 4 -4 -3 20 8 -6 29 -7 19 13 16 18 -16 17 -1 23 -12 27 -17 -19 -14 -15 -26 -27 -5 -20 -2
right_child=9 2 3 6 7 10 -8 -9 -10 -11 11 -13 14 24 15 21 -18 22 28 -21 -22 -23 -24 -25 25 26 -28 -29 -30 -31
leaf_value=0.00080934755031661636 -0.0025086193103242994 -0.0061547732035652286 0.033296041758026113 0.0047590005355526519 0.0047821889304909037 -0.053785898750085721 -0.026983936014242392 -0.028615790302679946 -0.047231203222310454 -0.031672474329002193 0.00052996432441555752 0.031958732348931873 0.036346792626745214 0.035601238171750454 -0.067285022561685198 -0.052491293753247271 0.026287212845879659 0.015647360621078726 -0.025021424799668564 0.021549418054450892 -0.024034525441399394 0.015477309442297941 -0.032270884380724861 -0.060227296993086404 -0.057793335739356404 0.030090046630445878 -0.034728995047220858 0.022833438802404703 -0.0028516167911424254 -0.016478140188937337
leaf_weight=251.27390986750834 1422.5460015496938 230.47590177098755 69.5770365067292 2668.1545444217045 245.3318685956765 11.675000438466666 86.314388840226457 266.62359208497219 54.160251988330856 92.920695096952841 281.61421002075076 247.82080946257338 51.519718928262591 127.12899243505672 54.235702177276835 18.776134132407606 49.71870280476287 26.988136021187529 143.6411685316998 258.42959809536114 64.639905071351677 29.31645220797509 181.75766807500622 5.64378104568459 20.642738838912919 90.68625123007223 16.625264057889581 166.35657645156607 368.9108631645795 301.16503212228417
leaf_count=2381 9797 927 370 11549 1048 157 2127 1722 644 2178 1073 679 770 385 1166 415 931 313 4027 878 658 487 4902 77 214 407 184 675 5520 6443
internal_value=-6.03508e-11 0.00189274 0.00374888 0.00161631 -0.010579 0.0112374 0.00421573 -0.0160206 -0.00474981 -0.00634064 0.0162523 0.017357 -0.00411407 0.00200451 -0.01107 -0.0414736 -0.00767982 -0.0114 -0.005546 0.0106097 0.0051536 -0.0115874 -0.0260306 0.0259404 0.0213114 0.00694766 0.01982 0.00582746 -0.00910126 -0.0049575
internal_weight=7904.67 6088.04 4651.17 3621.16 635.693 1030.02 2985.47 566.116 299.492 1816.63 799.54 787.865 1436.87 764.822 672.044 102.328 509.738 460.02 569.716 540.044 2899.15 48.0926 208.746 57.1635 255.083 127.954 107.312 2834.51 512.552 1723.71
internal_count=63104 44686 22507 18793 3784 3714 15009 3414 1692 18418 2787 2630 22179 9717 12462 2068 8527 7596 10394 1951 12882 902 5215 847 1190 805 591 12224 9547 16240
is_linear=0
shrinkage=0.045


Tree=45
num_leaves=31
num_cat=0
split_feature=48 48 48 48 4 5 59 48 15 54 19 51 51 54 0 46 35 46 37 25 24 34 27 15 11 48 48 55 48 54
split_gain=43.4943 30.4357 33.2469 56.1603 67.3569 39.7538 39.5766 56.0306 30.3625 36.8853 28.4731 68.4375 48.7389 35.7316 28.9957 27.4939 26.8548 25.5103 33.9011 25.4535 25.1642 24.3292 24.0406 24.0206 23.5529 22.0315 22.171 21.6482 21.0044 20.8911
threshold=1083.5000000000002 42.500000000000007 193.50000000000003 393.50000000000006 3.5000000000000004 15.500000000000002 -1.0000000180025095e-35 342.50000000000006 1.0000000180025095e-35 4.5000000000000009 1.0000000180025095e-35 742.50000000000011 742.50000000000011 4.5000000000000009 12.500000000000002 1.0000000180025095e-35 1.0000000180025095e-35 1.0000000180025095e-35 1.5000000000000002 1.5000000000000002 1.0000000180025095e-35 1.0000000180025095e-35 2.5000000000000004 222.50000000000003 1.0000000180025095e-35 1.0000000180025095e-35 16.000000000000004 15.500000000000002 1.0000000180025095e-35 4.5000000000000009
decision_type=2 2 2 2 2 2 2 2 2 2 2 2 2 2 2 2 2 2 2 2 2 2 2 2 2 2 2 2 2 2
left_child=1 10 5 4 27 21 7 -6 -7 -10 11 14 15 -14 23 28 -2 -5 22 -11 -15 24 -19 -1 -3 -17 -27 -4 -12 -13
right_child=16 2 3 17 6 8 -8 -9 9 19 12 29 13 20 -16 25 -18 18 -20 -21 -22 -23 -24 -25 -26 26 -28 -29 -30 -31
leaf_value=0.012536227954276826 -0.0048514183207364614 0.010850147313462946 0.0069606009664643391 0.014570088148129903 0.004658108428706142 -0.055056944234606171 -0.028367364301921615 -0.046075228221442249 0.024605466766589899 -0.0052254793454747069 0.039978635324701785 0.024676560174553473 -0.065907072478777071 -0.052042059677230773 0.024932802447331585 -0.02399061887593254 -0.029928695562655757 0.0021669196905450788 0.015198258872600056 0.020851430564691985 0.013253737222581776 -0.02951196758849849 -0.012001355759997081 -0.015509015965101267 -0.033536830517057657 0.0070312260759469326 -0.014977392914810848 0.056445741382830456 -0.025948363120968321 -0.026675480592957306
leaf_weight=72.869169552111998 1721.8590121851303 139.53134808421601 38.451434893067926 409.74334640987217 244.13125818874687 11.221169784665106 266.40039048250765 52.759342751931399 467.02207041438669 197.54332827357575 41.194385524373502 234.21141230990179 50.322518649976701 18.351285959593952 49.453879906795919 139.35712579049869 90.109815323725343 1919.9334190107184 363.44168510974851 121.69268865790218 30.478814878966659 62.253848525928333 276.55589053290896 384.75837399432203 28.253431880380958 201.49912857357413 169.98889751825482 33.033816092181951 11.979935696814207 16.41279532504268
leaf_count=800 16240 502 303 2113 1048 157 1722 644 1729 610 725 783 1166 415 931 4027 2178 9959 1621 291 487 279 1316 6796 146 2519 3001 67 122 407
internal_value=8.05373e-11 0.00183109 0.00359831 0.00156153 -0.0105775 0.0107347 -0.0158085 -0.00448193 0.0154843 0.0165597 -0.00392843 0.00203106 -0.0107302 -0.0396633 -0.00747663 -0.00558271 -0.00611434 0.00415896 0.00248751 0.0047491 -0.0118376 -0.00572643 0.000378369 -0.0110257 0.00322137 -0.00880033 -0.00305285 0.0302913 0.0249208 0.021221
internal_weight=7864.82 6052.85 4631.97 3604.45 634.776 1027.52 563.291 296.891 797.479 786.258 1420.88 757.706 663.172 99.1526 507.081 564.019 1811.97 2969.67 2559.93 319.236 48.8301 230.039 2196.49 457.628 167.785 510.845 371.488 71.4853 53.1743 250.624
internal_count=63104 44686 22507 18793 3784 3714 3414 1692 2787 2630 22179 9717 12462 2068 8527 10394 18418 15009 12896 901 902 927 11275 7596 648 9547 5520 370 847 1190
is_linear=0
shrinkage=0.045


Tree=46
num_leaves=31
num_cat=0
split_feature=75 48 0 2 25 25 56 5 11 49 55 9 6 11 54 21 5 20 2 4 56 43 49 63 48 54 0 22 55 41
split_gain=50.1845 23.456 68.1507 83.9484 47.5509 34.5008 38.4914 40.1062 33.7869 31.2128 30.1466 30.0633 29.077 29.0471 27.8721 25.3876 30.2481 25.2538 20.4204 17.5493 17.4789 16.6823 20.0034 15.4691 18.304 26.5178 21.3869 20.4332 20.1999 18.1465
threshold=627.50000000000011 742.50000000000011 18.500000000000004 3.5000000000000004 1.0000000180025095e-35 1.0000000180025095e-35 1.5000000000000002 15.500000000000002 1.0000000180025095e-35 303.00000000000006 6.5000000000000009 1.5000000000000002 6.5000000000000009 1.0000000180025095e-35 4.5000000000000009 215.00000000000003 39.500000000000007 646.50000000000011 2.5000000000000004 34.500000000000007 1.5000000000000002 22.500000000000004 1071.5000000000002 1.0000000180025095e-35 1091.5000000000002 4.5000000000000009 24.500000000000004 135.00000000000003 26.500000000000004 2740.5000000000005
decision_type=2 2 2 2 2 2 2 2 2 2 2 2 2 2 2 2 2 2 2 2 2 2 2 2 2 2 2 2 2 2
left_child=1 5 3 10 14 9 7 8 -7 20 12 -6 -3 -11 19 16 18 -13 -8 -5 -1 22 -4 24 25 28 29 -27 -2 -26
right_child=23 2 21 4 11 6 15 -9 -10 13 -12 17 -14 -15 -16 -17 -18 -19 -20 -21 -22 -23 -24 -25 26 27 -28 -29 -30 -31
leaf_value=0.0088089930403373803 0.0018576270517156048 -0.01011045172125807 -0.061692777352159583 0.032300802707991301 0.01527931822967228 0.013089631041420561 -0.021822833252170298 0.03520512146207818 -0.05990865757876751 -0.064118279202214301 -0.0088809715239097833 -0.026677557334815458 0.036899110209899263 -0.0010262664754929676 -0.022768945891155083 0.021763791726925427 -0.059068753251927619 -0.0052165731963324923 0.0087003262682556776 -0.022132252390873231 -0.012344869422874639 -0.074749103417129176 0.011775284764311677 -0.017570664014073045 -0.0067134903689014978 -0.0010938300356728998 -0.042638361020727288 -0.018635901668112926 -0.01842705585883643 0.01181361615508366
leaf_weight=390.72808829834685 3189.4524475936778 30.30847779661417 13.41526723280549 106.87780035473406 69.941591017879546 64.598172480007634 54.722304223338142 263.86013774573803 14.964562578592448 26.298843659926206 46.542435734998435 228.92579382145777 198.84005869412795 32.286453852895647 28.20319512533024 147.32311476301402 16.173929719254375 215.88834838289768 217.29712626431137 12.789032000117002 98.181474690791219 25.115417540073395 15.099241707473993 130.74162859027274 1410.5341482474469 279.37266120105051 30.755910204257816 258.46765691251494 101.61260870378464 114.93595961667597
leaf_count=1010 21873 152 294 234 183 235 214 643 71 250 276 1387 505 132 208 340 59 888 541 57 371 447 52 4369 14081 3629 1686 7281 1038 598
internal_value=7.66027e-11 0.00555397 0.000318651 0.00316001 -0.00552556 0.00946591 0.0155442 0.0267888 -0.00121346 0.000805535 0.0239804 -0.011985 0.0306644 -0.0299489 0.0168901 0.00663633 -0.00114527 -0.0162966 0.00250252 0.0263482 0.00454441 -0.0485421 -0.0237085 -0.00233498 -0.00196189 -0.000288851 -0.00607537 -0.00954289 0.00122592 -0.00531075
internal_weight=7834.25 2318.38 991.947 938.317 662.626 1326.43 778.939 343.423 79.5627 547.495 275.691 514.756 229.149 58.5853 147.87 435.516 288.193 444.814 272.019 119.667 488.91 53.6299 28.5145 5515.87 5385.13 3828.91 1556.23 537.84 3291.07 1525.47
internal_count=63104 8549 4683 3890 2957 3866 2103 949 306 1763 933 2458 657 382 499 1154 814 2275 755 291 1381 793 346 54555 50186 33821 16365 10910 22911 14679
is_linear=0
shrinkage=0.045


Tree=47
num_leaves=31
num_cat=0
split_feature=75 48 0 2 25 10 25 56 5 9 58 55 11 11 6 54 21 5 31 2 15 47 4 0 46 33 2 47 56 4
split_gain=50.106 19.3086 56.5496 79.0184 42.2172 34.6089 34.3481 36.1219 34.3092 31.9911 29.4143 27.3117 27.0917 24.9653 23.9037 23.4223 21.8384 23.3864 23.5127 20.75 18.9179 17.531 33.094 20.7477 20.436 18.8744 17.0106 16.9902 16.3414 15.9599
threshold=627.50000000000011 742.50000000000011 18.500000000000004 3.5000000000000004 1.0000000180025095e-35 1.0000000180025095e-35 1.0000000180025095e-35 1.5000000000000002 15.500000000000002 1.5000000000000002 1.0000000180025095e-35 11.500000000000002 1.0000000180025095e-35 1.0000000180025095e-35 5.5000000000000009 4.5000000000000009 215.00000000000003 39.500000000000007 7035.5000000000009 2.5000000000000004 542.00000000000011 1865.5000000000002 16.500000000000004 4.5000000000000009 3.5000000000000004 1.0000000180025095e-35 2.5000000000000004 1865.5000000000002 2.5000000000000004 34.500000000000007
decision_type=2 2 2 2 2 2 2 2 2 2 2 2 2 2 2 2 2 2 2 2 2 2 2 2 2 2 2 2 2 2
left_child=1 6 3 11 15 9 10 8 12 -6 21 14 -8 19 -3 29 17 18 -9 -12 -17 23 -23 24 -1 -25 -16 -7 -18 -5
right_child=-2 2 -4 4 5 27 7 16 -10 -11 13 -13 -14 -15 26 20 28 -19 -20 -21 -22 22 -24 25 -26 -27 -28 -29 -30 -31
leaf_value=0.018184451858369914 -0.0023259343935595153 -0.016099780333600461 -0.045727611749858572 0.030356995833672833 0.012548436863557616 -0.02111834842944451 0.012777420432571972 0.0081961248281898942 0.034280309989965042 -0.029261349537623396 0.035739846086689411 -0.026541544812793971 -0.054586111199391101 0.00040978880191896826 0.043610300100497337 0.021293104343817013 0.039579969027873523 -0.055408105631575923 -0.027861675567662711 -0.064833276677322985 -0.052803173636905863 -0.031236374926138715 0.051747479733502411 0.0066121285280387153 -0.0047467682913064635 -0.030934966328783647 0.01854062902730803 0.0073628389665913244 0.008750364301246023 -0.021539354282515091
leaf_weight=168.27120032999665 5498.2076731713314 22.116741518024355 49.165730637731031 106.72300798119977 43.83551218546927 53.457794913090765 62.496403177268803 226.27889603865333 256.77315676491708 222.50864087673835 4.1199582889676085 19.356759737245739 13.932728866115211 35.900627686874941 122.83503390755504 11.486184797249734 56.079377638176084 13.959780168719588 42.661212008446455 31.277216046117246 15.233020771760494 12.483290396863593 35.694206163287163 46.421160450205207 146.45605599321425 63.182711555156857 102.78490125527605 190.80401443550363 91.258042478468269 12.788892614655195
leaf_count=364 54555 119 793 234 121 363 235 577 643 1401 9 148 71 147 280 62 97 59 178 294 146 55 124 132 377 261 386 573 243 57
internal_value=3.64423e-11 0.0056067 0.000805628 0.00332859 -0.00506741 -0.0111715 0.0091772 0.0153271 0.0264293 -0.022359 0.00053113 0.023918 -4.90689e-05 -0.0262045 0.0279514 0.0161777 0.00668757 -0.000643049 0.00239435 -0.052467 -0.0213313 0.00461215 0.0300476 0.00166042 0.00753234 -0.0151164 0.0323216 0.00106891 0.0206724 0.0246709
internal_weight=7778.55 2280.34 973.096 923.931 656.837 510.606 1307.25 763.44 333.202 266.344 543.806 267.093 76.4291 71.2978 247.737 146.231 430.237 282.9 268.94 35.3972 26.7192 472.509 48.1775 424.331 314.727 109.604 225.62 244.262 147.337 119.512
internal_count=63104 8549 4683 3890 2957 2458 3866 2103 949 1522 1763 933 306 450 785 499 1154 814 755 303 208 1313 179 1134 741 393 666 936 340 291
is_linear=0
shrinkage=0.045


Tree=48
num_leaves=31
num_cat=0
split_feature=75 60 72 17 19 20 46 15 58 31 0 36 8 8 54 22 4 46 63 12 43 0 46 31 31 54 16 74 57 29
split_gain=51.6461 18.2389 15.2624 52.7786 28.1534 27.0358 13.8511 18.7871 14.8376 15.1414 16.9121 14.1709 13.0243 12.4772 12.3962 18.2196 17.9496 13.6744 12.7132 16.7219 16.3267 18.166 12.1518 11.1649 14.8081 10.7816 20.6317 17.7217 10.7166 10.7091
threshold=627.50000000000011 -1.0000000180025095e-35 1.0000000180025095e-35 60.000000000000007 1.0000000180025095e-35 647.50000000000011 1.5000000000000002 741.50000000000011 2.5000000000000004 7463.0000000000009 15.500000000000002 1.0000000180025095e-35 4.5000000000000009 2.5000000000000004 4.5000000000000009 135.00000000000003 20.500000000000004 13.500000000000002 1.0000000180025095e-35 1.0000000180025095e-35 10.500000000000002 25.500000000000004 5.5000000000000009 5558.0000000000009 3850.0000000000005 4.5000000000000009 55.000000000000007 1.0000000180025095e-35 75.000000000000014 1.0000000180025095e-35
decision_type=2 2 2 2 2 2 2 2 2 2 2 2 2 2 2 2 2 2 2 2 2 2 2 2 2 2 2 2 2 2
left_child=1 -1 14 -4 -5 13 7 11 9 -8 28 25 -9 -6 18 29 17 -17 -2 20 21 -20 -18 24 -13 27 -27 -3 -11 -16
right_child=2 6 3 4 5 -7 8 12 -10 10 -12 23 -14 -15 15 16 22 -19 19 -21 -22 -23 -24 -25 -26 26 -28 -29 -30 -31
leaf_value=0.044899288198121425 -0.0016162661818786366 -0.037894490107283747 0.050702286801618576 0.020016624819560694 0.025972065071652815 0.013757333030445393 0.0046510751148255433 0.030876260639299068 0.03306517748822807 -0.010948790276604328 -0.044069652071560481 -0.043447073695353625 0.0088723023444684853 -0.064797132537054228 -0.015832368198859335 -0.040277294080208963 0.0047846659774772732 -0.0068961439936815238 -0.015906998640724025 0.050739309078864085 -0.051128641209117441 0.063903925007349746 -0.0223711820634062 -0.065220767388783865 0.028806849839792037 0.044471371516392827 -0.0099768446448269491 0.027986583040656043 0.013629641328968664 0.0039615471686750949
leaf_weight=22.858089621877298 4701.4043745594099 19.817113324999809 46.631569338962436 38.798806334845722 2.8957634940743473 17.172225871589035 1655.8847926810849 125.2820500805974 33.472236905246973 119.41523120971397 22.934029261115938 10.505010638851678 97.721792714204639 27.792404130101204 74.356541467364877 84.299490009085275 79.25900441640988 35.735180885763839 91.709388761868468 6.2789858777541658 25.41594849069952 5.1802554251626125 56.285294596105814 9.3266113661229593 10.513107681646941 30.546634584665298 24.919444818515331 12.804359778761862 50.240428688470274 207.53372048249003
leaf_count=334 38599 48 93 146 10 123 6084 364 104 486 218 78 389 305 1082 3019 1408 1173 2211 128 2020 10 1681 68 29 44 93 49 161 2547
internal_value=-4.31442e-12 0.00574823 -0.00234792 0.0126381 -0.00818904 -0.0309961 0.00532573 0.0136525 0.00380858 0.00326121 -0.00865117 -0.000836469 0.0213166 -0.0556827 -0.00272236 -0.00919913 -0.0178756 -0.0304786 -0.00199988 -0.0159052 -0.0197104 -0.0110306 -0.00657316 -0.0268534 -0.00763928 0.00832676 0.0202658 -0.011972 -0.00363312 -0.00129717
internal_weight=7746.99 2246.24 5500.75 133.291 86.6592 47.8604 2223.38 341.436 1881.95 1848.47 192.59 118.432 223.004 30.6882 5367.46 537.469 255.579 120.035 4829.99 128.585 122.306 96.8896 135.544 30.3447 21.0181 88.0876 55.4661 32.6215 169.656 281.89
internal_count=63104 8549 54555 677 584 438 8215 1162 7053 6949 865 409 753 315 53878 10910 7281 4192 42968 4369 4241 2221 3089 175 107 234 137 97 647 3629
is_linear=0
shrinkage=0.045


Tree=49
num_leaves=31
num_cat=0
split_feature=75 48 0 2 16 16 10 56 6 9 22 48 11 21 38 38 56 27 48 47 5 0 0 48 46 46 51 19 20 0
split_gain=46.9521 19.0679 51.7689 77.2573 40.4035 31.1612 29.0492 24.7986 30.8193 24.3363 24.0858 35.1582 47.0626 21.9515 21.5924 18.986 18.4229 36.1576 17.3169 28.2684 28.4641 20.3326 20.2179 22.8036 21.1337 19.8994 22.411 69.3939 33.8116 28.0002
threshold=627.50000000000011 742.50000000000011 18.500000000000004 3.5000000000000004 125.00000000000001 85.000000000000014 1.0000000180025095e-35 1.0000000180025095e-35 6.5000000000000009 1.5000000000000002 215.00000000000003 741.50000000000011 1.0000000180025095e-35 145.00000000000003 1.5000000000000002 1.0000000180025095e-35 1.0000000180025095e-35 1.5000000000000002 1091.5000000000002 4077.5000000000005 6.5000000000000009 24.500000000000004 23.500000000000004 276.00000000000006 9.5000000000000018 2.5000000000000004 742.50000000000011 1.0000000180025095e-35 115.50000000000001 12.500000000000002
decision_type=2 2 2 2 2 2 2 2 2 2 2 2 2 2 2 2 2 2 2 2 2 2 2 2 2 2 2 2 2 2
left_child=1 5 3 7 -5 -1 9 8 13 -6 11 12 15 -3 -9 -7 -13 -18 19 25 -21 -20 23 -22 -24 -2 29 -28 -29 -27
right_child=18 2 -4 4 6 10 -8 14 -10 -11 -12 16 -14 -15 -16 -17 17 -19 21 20 22 -23 24 -25 -26 26 27 28 -30 -31
leaf_value=0.0022555696088440704 0.00056621440062906985 0.012311265558831408 -0.044198139256967445 0.010011187705416501 0.010757152121383676 0.023825112469886851 -0.00137100050551069 0.013451874608147009 0.03501620608813881 -0.031392028560059779 0.028792036793846086 0.054846251076351382 -0.039934752384449004 -0.07571136506094886 -0.060178079872678709 -0.0039638355237804519 0.041574108251959008 -0.005104583324342043 -0.0055142785578854124 -0.024861647594575164 0.033089428743867805 -0.042006781565077637 -0.020550482642191139 0.0044009258046589341 0.056453028049812851 -0.013042774844328009 0.018644456002526778 0.016124841476231951 -0.051373511562471913 0.0060438311838741559
leaf_weight=659.18036679795478 1557.7954927885439 15.815154569223525 48.365751666948199 228.75832273997366 32.193389245308936 92.037369323894382 205.9387608487159 23.213929479476064 200.66920488839969 181.72968737548217 207.31943948729895 34.370521208271384 48.790394602809101 7.8085300042293957 11.146326802205293 106.57872289139777 65.486842524260283 67.550585855729878 1523.8790526735829 56.89987037028186 59.051205397583544 30.588444889523089 8.8177249478176218 864.3119517811574 30.189356669317931 901.70920091494918 196.21555958362296 20.360160227050073 52.399061621865258 187.45023508695886
leaf_count=2003 11348 58 793 841 85 291 837 156 500 1194 594 56 257 64 155 422 101 142 14679 523 130 1686 170 4650 56 15944 920 196 1445 2808
internal_value=3.82096e-11 0.00549384 0.000681508 0.00312002 -0.00517648 0.00907968 -0.0134555 0.0238648 0.0293032 -0.0250284 0.0162949 0.0099948 -0.000797748 -0.0186767 -0.0114598 0.00896822 0.0258548 0.0180115 -0.00223925 -0.000650228 0.00579721 -0.00625891 0.00763383 0.00626943 0.0389675 -0.00290516 -0.00688436 0.00473418 -0.032523 -0.00975534
internal_weight=7726.62 2236.95 955.639 907.273 648.62 1281.31 419.862 258.653 224.293 213.923 622.134 414.814 247.406 23.6237 34.3603 198.616 167.408 133.037 5489.67 3935.2 1019.27 1554.47 962.37 923.363 39.0071 2915.93 1358.13 268.975 72.7592 1089.16
internal_count=63104 8549 4683 3890 2957 3866 2116 933 622 1279 1863 1269 970 122 311 713 299 243 54555 38190 5529 16365 5006 4780 226 32661 21313 2561 1641 18752
is_linear=0
shrinkage=0.045


Tree=50
num_leaves=31
num_cat=0
split_feature=75 48 54 25 7 4 25 21 48 11 2 21 49 11 20 11 56 11 9 21 25 21 4 36 33 15 9 6 48 54
split_gain=46.0441 17.8415 42.4498 41.0963 56.5421 33.5685 32.5944 30.6793 30.5528 43.9882 46.014 27.0595 26.455 25.2777 24.6022 22.9971 22.8404 22.2738 19.8309 20.8577 19.3033 17.6123 17.4677 16.9677 27.3868 36.5297 16.9534 16.8279 16.3594 19.231
threshold=627.50000000000011 742.50000000000011 4.5000000000000009 1.0000000180025095e-35 3.5000000000000004 21.500000000000004 1.0000000180025095e-35 295.00000000000006 741.50000000000011 1.0000000180025095e-35 4.5000000000000009 165.00000000000003 303.00000000000006 1.0000000180025095e-35 276.00000000000006 1.0000000180025095e-35 1.5000000000000002 1.0000000180025095e-35 4.5000000000000009 115.00000000000001 1.5000000000000002 125.00000000000001 8.5000000000000018 1.0000000180025095e-35 1.0000000180025095e-35 542.00000000000011 2.5000000000000004 9.5000000000000018 1091.5000000000002 4.5000000000000009
decision_type=2 2 2 2 2 2 2 2 2 2 2 2 2 2 2 2 2 2 2 2 2 2 2 2 2 2 2 2 2 2
left_child=1 6 3 -3 14 17 12 13 9 16 -11 -12 23 18 -5 -14 -8 -6 27 -20 -18 -16 -9 -1 -25 -26 -7 -4 29 -2
right_child=28 2 7 4 5 26 8 22 -10 10 11 -13 15 -15 21 -17 20 -19 19 -21 -22 -23 -24 24 25 -27 -28 -29 -30 -31
leaf_value=0.0090903441620328925 0.0005799558034704686 0.02732457474609495 -0.0044093725288669007 0.045642891764857599 -0.011146285162707884 -0.0064737195235611234 0.028408280470802811 -0.046220409939872892 0.027396428443093025 -0.061244788152878225 -0.023120053553547071 0.042510398872347234 -0.0611574089148504 -0.052492992531745768 -0.0089893661072519646 -0.0030449369497606298 -0.0069743471261916826 0.01646955565177911 0.030827139736232998 -0.032099054805496102 0.018325155684675971 0.025682381444936845 0.019689181506796785 0.015388976552806582 0.0051960594396692622 -0.055820405528085842 -0.043566994934968441 -0.040900173793764927 -0.0061271909833726015 -0.0086311215686833767
leaf_weight=346.89514403790236 3388.4298162053747 151.52972337743267 45.215876838658005 57.168928373605013 149.49503154121339 39.400272819213569 148.38850047183223 8.4122602827846986 261.9716895185411 33.495880383998156 27.475993564818054 22.023391877301037 23.779803469777107 45.715872793924063 54.273380811326206 31.34357664687559 118.33573819766752 96.433689806610346 31.007872221525759 15.053849242161958 124.3175345286727 63.41006236942485 60.948963125236332 51.475199031643569 37.947406245395541 40.348918929696083 68.960512447170913 58.777264986652881 1550.6184293585829 529.89241610327736
leaf_count=910 27280 337 208 103 679 136 566 155 463 200 114 70 250 503 201 132 384 325 122 150 306 210 242 145 125 201 348 964 16365 10910
internal_value=2.39706e-11 0.00547436 0.000795311 0.00674498 0.000811196 -0.00951979 0.00896166 -0.0144472 0.0150883 0.00824298 -0.0213384 0.00634398 0.000469853 -0.0235276 0.0216791 -0.0287572 0.0145598 -0.000294704 -0.0144139 0.0100166 0.00600925 0.00975141 0.0111522 0.0039029 -0.00992724 -0.0265553 -0.0302623 -0.0252272 -0.00221639 -0.000667584
internal_weight=7682.54 2213.6 945.804 680.672 529.142 354.29 1267.8 265.132 736.009 474.037 82.9953 49.4994 531.79 195.771 174.852 55.1234 391.042 245.929 150.055 46.0617 242.653 117.683 69.3612 476.667 129.772 78.2963 108.361 103.993 5468.94 3918.32
internal_count=63104 8549 4683 2339 2002 1488 3866 2344 2103 1640 384 184 1763 1947 514 382 1256 1004 1444 272 690 411 397 1381 471 326 484 1172 54555 38190
is_linear=0
shrinkage=0.045


Tree=51
num_leaves=31
num_cat=0
split_feature=75 48 47 17 6 55 41 38 46 25 40 48 66 58 57 48 57 48 46 48 0 2 25 25 48 11 2 10 47 46
split_gain=46.9943 15.337 40.4348 30.1864 26.8612 23.6094 20.4728 18.8535 18.747 39.3066 29.0241 31.8376 22.2093 33.8092 34.1976 18.745 18.6614 18.2172 18.0589 15.061 47.9865 60.0759 32.4031 28.5188 25.6438 37.8342 38.3731 25.2162 28.1228 25.3935
threshold=627.50000000000011 1083.5000000000002 4077.5000000000005 60.000000000000007 18.500000000000004 21.500000000000004 2740.5000000000005 1.0000000180025095e-35 5.5000000000000009 1.0000000180025095e-35 1.5000000000000002 16.000000000000004 1.0000000180025095e-35 1.0000000180025095e-35 255.00000000000003 1262.5000000000002 45.000000000000007 1228.0000000000002 1.0000000180025095e-35 742.50000000000011 18.500000000000004 2.5000000000000004 1.0000000180025095e-35 1.0000000180025095e-35 741.50000000000011 1.0000000180025095e-35 4.5000000000000009 1.0000000180025095e-35 1865.5000000000002 3.5000000000000004
decision_type=2 2 2 2 2 2 2 2 2 2 2 2 2 2 2 2 2 2 2 2 2 2 2 2 2 2 2 2 2 2
left_child=19 2 8 7 6 -5 -3 -4 12 -10 -11 -12 13 16 -15 17 -2 18 -8 23 21 -21 -23 -1 25 -25 -27 29 -29 -24
right_child=1 4 3 5 -6 -7 15 -9 9 10 11 -13 -14 14 -16 -17 -18 -19 -20 20 -22 22 27 24 -26 26 -28 28 -30 -31
leaf_value=0.00082297761046423116 -0.00015179201976661479 -0.0050456577494038899 0.05394085851677824 0.002478975034396117 -0.020475286296011943 0.03904022022983198 -0.04489009468201717 0.016476371140160234 -0.031573652056243517 0.0082722098885480589 0.001501732309806275 -0.025849344735788718 -0.032850949203285469 0.028155426098543195 -0.014605340614686668 0.071183315802132524 -0.011735641846845517 -0.023537334718502563 0.026679088098194418 0.031324720793197147 -0.042381043161738685 0.016371693632030802 0.0077834724150824914 0.014001083242942336 0.025835009453938147 -0.058388002490010651 0.0051922395956617295 -0.023197944519196843 0.01216455833598608 -0.02161284764092062
leaf_weight=527.80886896734592 1614.8416761572589 1436.2884818431921 39.227204620838165 640.07071418943815 216.86247594584711 36.89626684691757 7.029385467991232 88.640697875991464 131.24793783866335 223.71381678336184 167.99252800398972 175.7440618245746 42.504603068577126 147.71003932133317 50.107935134321451 9.8281225189566594 340.11409875098616 25.548521967604756 70.032488161697984 133.36783521063626 47.436194627545774 162.23121430166066 77.595434449147433 387.67446501087397 260.97883834131062 30.78389416448772 48.26733932364732 57.857276869472116 200.5510315601714 248.23093950259499
leaf_count=1763 15487 12079 94 3233 5606 103 51 289 3236 4019 3005 3783 660 508 147 48 1759 89 359 411 793 539 435 1256 463 200 184 416 643 1446
internal_value=-1.57724e-11 -0.00222957 -0.000581968 0.00833362 -0.00567892 0.00452629 -0.00359516 0.0282991 -0.00306348 -0.00947781 -0.00432062 -0.0125166 -0.00101858 -0.000375118 0.017305 0.0148146 -0.00217207 0.00878059 0.0196593 0.00557999 0.0012283 0.00362494 -0.00135934 0.00879043 0.0145602 0.00821395 -0.0199871 -0.00630249 0.00418804 -0.0146097
internal_weight=7647.18 5464.4 3698.81 804.835 1765.59 676.967 1548.73 127.868 2893.98 698.698 567.45 343.737 2195.28 2152.77 197.818 112.439 1954.96 102.61 77.0619 2182.78 927.27 879.834 746.466 1255.51 727.705 466.726 79.0512 584.235 258.408 325.826
internal_count=63104 54555 36323 3719 18232 3336 12626 383 32604 14043 10807 6788 18561 17901 655 547 17246 499 410 8549 4683 3890 3479 3866 2103 1640 384 2940 1059 1881
is_linear=0
shrinkage=0.045


Tree=52
num_leaves=31
num_cat=0
split_feature=75 60 46 48 47 4 70 5 20 48 48 19 48 30 41 48 48 48 7 10 4 55 55 48 46 51 46 17 59 48
split_gain=42.8449 16.1535 16.5188 15.166 23.4282 25.8683 31.6633 30.4126 28.5728 29.3387 55.1167 34.2906 18.1483 17.5074 17.0022 27.0591 23.3866 24.4227 16.3892 16.1831 16.4719 16.1238 18.0131 20.2669 38.6791 24.7643 18.7762 19.0671 16.1381 14.6323
threshold=627.50000000000011 -1.0000000180025095e-35 1.5000000000000002 1091.5000000000002 4077.5000000000005 29.500000000000004 1.0000000180025095e-35 41.500000000000007 670.00000000000011 342.50000000000006 709.50000000000011 1.0000000180025095e-35 1083.5000000000002 5989.0000000000009 2740.5000000000005 1190.5000000000002 1183.0000000000002 1140.5000000000002 6.5000000000000009 1.0000000180025095e-35 2.5000000000000004 21.500000000000004 6.5000000000000009 16.000000000000004 13.500000000000002 222.50000000000003 2.5000000000000004 175.00000000000003 -1.0000000180025095e-35 741.50000000000011
decision_type=2 2 2 2 2 2 2 2 2 2 2 2 2 2 2 2 2 2 2 2 2 2 2 2 2 2 2 2 2 2
left_child=1 -1 -3 4 21 8 -7 13 9 11 -11 -6 18 -8 19 16 17 -16 -10 20 -5 22 26 25 -25 -24 28 -28 -2 -23
right_child=3 2 -4 14 5 6 7 -9 12 10 -12 -13 -14 -15 15 -17 -18 -19 -20 -21 -22 29 23 24 -26 -27 27 -29 -30 -31
leaf_value=0.044506000906754752 -0.0089657759764013821 0.014234700415137391 0.0032758323938437803 -0.032526590261084669 -0.022393213821632205 0.02148543230423559 0.02226783057549097 -0.060018946214542172 -0.018896751243591515 -0.066775327051764907 0.0052193092896967814 0.033490972848036607 -0.036116716657150223 -0.039564716057102614 -0.047036577514337333 0.028433007944328265 -0.076570364507266203 0.033743989281918657 0.0052079499849348246 -0.022732814500321503 -0.0047796594490880006 -0.0073113965689965751 0.036559965322525957 0.0029815557921513613 -0.037026491224174618 0.0051369767180620904 -0.013239998209542055 0.0083722006264437578 0.0024821211503961681 -0.035079843369395111
leaf_weight=20.131167112616822 351.07527360436507 327.97138724219985 1824.2225231747143 43.91374209523201 26.389933134429157 287.01204811502248 35.262087642215192 18.661138450959697 103.50505647435784 22.89204572304152 217.17096857889555 122.24745523137972 47.348386851372197 11.478695846628396 11.502302926033737 67.502290915697813 9.3144097439944726 18.249183117412031 125.24419961334206 123.51202511053998 1258.9396260168869 131.01956004695967 72.333142648683861 509.35356414457783 53.123444619239308 166.54191623069346 585.7240872788534 95.520792252733372 853.78982940141577 53.825865018181503
leaf_count=334 3056 1162 7053 2161 122 1003 107 111 699 351 1508 302 639 58 68 350 44 136 629 1333 12273 1125 547 4135 1654 1999 12390 739 6374 642
internal_value=7.92509e-11 0.00533855 0.00495168 -0.0021393 -0.000644731 0.00522082 0.0150582 -0.013046 -8.84115e-06 0.00784611 -0.00189451 0.0234856 -0.0110557 0.0065722 -0.00592858 0.0113363 -0.0181775 0.00199921 -0.00573378 -0.00722554 -0.00573912 -0.00272308 -0.00183589 0.00381299 -0.000856031 0.0147648 -0.00423667 -0.0102018 -0.000858252 -0.0155426
internal_weight=7594.78 2172.33 2152.19 5422.45 3889.52 1017.21 352.414 65.4019 664.798 388.7 240.063 148.637 276.098 46.7408 1532.93 106.568 39.0659 29.7515 228.749 1426.37 1302.85 2872.31 2687.46 801.352 562.477 238.875 1886.11 681.245 1204.87 184.845
internal_count=63104 8549 8215 54555 38190 5529 1279 276 4250 2283 1859 424 1967 165 16365 598 248 204 1328 15767 14434 32661 30894 8335 5789 2546 22559 13129 9430 1767
is_linear=0
shrinkage=0.045


Tree=53
num_leaves=31
num_cat=0
split_feature=75 48 5 25 15 25 49 56 5 31 11 7 47 20 11 46 36 33 17 7 4 15 54 15 46 33 46 21 48 47
split_gain=40.5475 15.5198 34.4274 28.789 28.7646 26.0606 26.5831 24.6661 26.9792 26.5997 25.1857 21.4251 50.0133 20.1089 18.6308 17.7579 17.3987 25.668 34.9519 16.7583 15.602 15.4289 15.3109 17.9926 15.9263 23.8041 14.1039 13.1199 13.0848 36.159
threshold=627.50000000000011 742.50000000000011 6.5000000000000009 1.0000000180025095e-35 742.50000000000011 1.0000000180025095e-35 303.00000000000006 2.5000000000000004 16.500000000000004 6168.5000000000009 1.0000000180025095e-35 3.5000000000000004 2844.5000000000005 647.50000000000011 1.0000000180025095e-35 12.500000000000002 1.0000000180025095e-35 1.0000000180025095e-35 60.000000000000007 4.5000000000000009 26.500000000000004 741.50000000000011 4.5000000000000009 741.50000000000011 6.5000000000000009 1.5000000000000002 4.5000000000000009 175.00000000000003 1083.5000000000002 4077.5000000000005
decision_type=2 2 2 2 2 2 2 2 2 2 2 2 2 2 2 2 2 2 2 2 2 2 2 2 2 2 2 2 2 2
left_child=1 5 26 22 -5 6 16 8 10 15 -7 12 -6 -13 -8 20 -1 -18 -19 -17 -9 -16 24 -24 -4 -26 -3 -10 29 -2
right_child=28 2 3 4 11 7 14 9 27 -11 -12 13 -14 -15 21 19 17 18 -20 -21 -22 -23 23 -25 25 -27 -28 -29 -30 -31
leaf_value=0.0095303692242190482 -0.0029318130923915069 -0.0087998982165844297 0.031153107893010304 -0.043034956135394389 -0.027206744820748845 0.0096995859473204427 -0.060611239657459119 0.023806234720778745 0.019521751913911013 -0.028354366344421959 -0.047567241743642172 -0.019210611896659749 0.022390580814616159 -5.3096195607571944e-05 -0.030657747368913246 -0.050675354256233485 0.014772365116564816 -0.069141026223612262 -0.0049989345214094642 0.0045254141389254399 -0.023678901430208645 0.031873923188654688 0.017458062465670804 -0.053281692399313116 0.02920401909112447 -0.040544243090974326 0.042788233388036646 0.03758622476388656 -0.0053043204496762732 0.0078888242308919505
leaf_weight=343.48514621797949 2850.9164435582934 13.134681817144154 96.803935570642352 38.402358379913494 56.058741200482473 107.20441934734117 21.295835757628083 115.89855049946345 245.43754094978794 46.28863165108487 17.162702822126448 206.13963805534877 147.25444878172129 238.94696863833815 19.711016830056906 15.355654859915374 51.076187840197235 24.63292546197772 52.842646513017826 34.456368233077228 15.108173908665774 12.038718950469049 15.308874643407762 12.29202288761735 20.422448159661144 17.442419063299894 51.065646296367049 125.14124923129566 1735.7049002182903 800.01837459020317
leaf_count=910 32604 59 206 718 471 354 250 268 623 218 107 1343 424 982 91 66 145 146 180 88 51 41 99 151 63 54 113 328 18232 3719
internal_value=-6.14697e-11 0.0052069 0.000748267 -0.00166962 -0.00570015 0.00846872 0.000836713 0.0140099 0.0196345 0.00171971 0.00148036 -0.00342608 0.00864908 -0.00894898 -0.0290632 0.00953211 0.00425108 -0.00981966 -0.0260137 -0.0131539 0.0181922 -0.00669801 0.01532 -0.0148072 0.0215583 -0.00314197 0.0322608 0.0257067 -0.0020889 -0.000559208
internal_weight=7547.05 2160.41 913.272 849.072 686.802 1247.14 525.082 722.053 494.946 227.107 124.367 648.4 203.313 445.087 53.0456 180.819 472.037 128.552 77.4756 49.812 131.007 31.7497 162.27 27.6009 134.669 37.8649 64.2003 370.579 5386.64 3650.93
internal_count=63104 8549 4683 4511 3938 3866 1763 2103 1412 691 461 3220 895 2325 382 473 1381 471 326 154 319 132 573 250 323 117 172 951 54555 36323
is_linear=0
shrinkage=0.045


Tree=54
num_leaves=31
num_cat=0
split_feature=75 48 11 60 48 47 48 8 55 17 29 41 48 0 34 22 43 51 19 54 46 0 59 48 48 22 58 4 29 10
split_gain=43.4673 17.014 15.0208 14.2065 12.8824 22.3229 22.9633 19.0381 19.7929 27.4235 24.6222 18.115 21.0681 16.6115 16.8059 16.231 15.9384 16.6148 91.1074 36.4226 19.7283 30.8826 22.2275 16.9026 12.9714 12.7855 20.9544 25.5954 19.9884 12.6877
threshold=627.50000000000011 1239.5000000000002 1.0000000180025095e-35 -1.0000000180025095e-35 1091.5000000000002 4077.5000000000005 276.00000000000006 1.5000000000000002 15.500000000000002 60.000000000000007 1.0000000180025095e-35 2740.5000000000005 1140.5000000000002 24.500000000000004 1.0000000180025095e-35 145.00000000000003 27.500000000000004 742.50000000000011 1.0000000180025095e-35 4.5000000000000009 2.5000000000000004 12.500000000000002 -1.0000000180025095e-35 9.0000000000000018 1262.5000000000002 290.00000000000006 1.0000000180025095e-35 24.500000000000004 1.0000000180025095e-35 1.0000000180025095e-35
decision_type=2 2 2 2 2 2 2 2 2 2 2 2 2 2 2 2 2 2 2 2 2 2 2 2 2 2 2 2 2 2
left_child=1 3 -3 -1 5 16 15 -8 9 -9 -10 13 -13 14 29 -7 17 20 23 -20 22 -22 -2 -19 -14 -5 -27 28 -28 -6
right_child=4 2 -4 25 11 6 7 8 10 -11 -12 12 24 -15 -16 -17 -18 18 19 -21 21 -23 -24 -25 -26 26 27 -29 -30 -31
leaf_value=0.044186726891170834 -0.011002592722948413 -0.043781379379907115 0.026109755469792835 0.0034659553197053505 -0.0015986693300622753 0.058488593685468354 0.02189822389086991 0.01784899042595816 -0.0083581009382744931 -0.0054683760571158924 0.03432553122676172 -0.04642276330859782 0.013370855108416312 -0.040405605282455855 -0.014097931513149628 0.010243946274506293 -0.021246398780954075 0.035394775046169134 -0.063975983898772987 -0.0012046985770442918 -0.011857065449766875 0.0089270067298765025 0.0027401942667412624 0.010141581613190898 0.06767414960484737 0.017151894685551075 0.020173109931101465 -0.05100241021340033 -0.013232138888851479 -0.01989188407549336
leaf_weight=18.52094840304926 298.20713670377154 24.063884287141267 7.54019228555262 1521.5529407316353 913.51291179796681 25.501114215701818 98.878388899145648 121.49001679662615 43.238343130564317 613.901572929346 72.037594605237246 10.05138735193759 83.123455977533013 28.504265592782758 395.38307047390845 31.351880295900628 90.803161507355981 107.00371502595954 39.159599014557898 35.133678189944476 829.58648011821788 174.55965029209619 1170.211998732877 108.93543483433314 9.12084688618779 386.86412042845041 75.565019222442061 18.144818378612399 67.986267396016046 82.847764971200377
leaf_count=334 2467 160 26 6122 8125 56 370 430 228 4076 292 68 472 1686 5125 77 2514 349 919 594 14588 2419 8135 676 58 1275 226 129 277 831
internal_value=-3.46714e-11 0.00545587 -0.0268172 0.00595681 -0.00214974 -0.000766559 0.00499276 0.00331207 0.00112851 -0.00159723 0.0183813 -0.00565361 0.0125532 -0.00697289 -0.00625964 0.0325208 -0.00279877 -0.002185 0.00798299 -0.0347014 -0.00338127 -0.0082387 -5.62847e-05 0.0227607 0.0194084 0.00559361 0.0114781 -0.00211876 0.0043702 -0.00313818
internal_weight=7502.78 2120.24 31.6041 2088.63 5382.54 3860 1006.4 949.546 850.668 735.392 115.276 1522.54 102.296 1420.25 1391.74 56.853 2853.6 2762.8 290.232 74.2933 2472.57 1004.15 1468.42 215.939 92.2443 2070.11 548.56 161.696 143.551 996.361
internal_count=63104 8549 186 8363 54555 38190 5529 5396 5026 4506 520 16365 598 15767 14081 133 32661 30147 2538 1513 27609 17007 10602 1025 530 8029 1907 632 503 8956
is_linear=0
shrinkage=0.045


Tree=55
num_leaves=31
num_cat=0
split_feature=75 60 48 47 43 69 48 14 21 3 17 19 72 21 21 31 48 48 38 46 46 0 51 19 48 48 47 51 48 40
split_gain=39.7613 13.839 13.3443 29.6372 22.806 26.1294 29.5202 39.6861 30.2779 28.1193 21.5495 19.6726 53.1526 37.923 23.1401 18.9594 21.3145 16.7657 16.6515 16.3654 13.84 32.0568 20.3369 83.2636 19.1632 24.0226 17.7476 27.1153 17.4045 15.2805
threshold=627.50000000000011 -1.0000000180025095e-35 1083.5000000000002 4077.5000000000005 17.500000000000004 1.0000000180025095e-35 1262.5000000000002 1.0000000180025095e-35 155.00000000000003 5.5000000000000009 60.000000000000007 1.0000000180025095e-35 1.0000000180025095e-35 125.00000000000001 295.00000000000006 4979.5000000000009 276.00000000000006 709.50000000000011 1.0000000180025095e-35 1.5000000000000002 5.5000000000000009 8.5000000000000018 742.50000000000011 1.0000000180025095e-35 16.000000000000004 9.0000000000000018 1436.5000000000002 542.00000000000011 193.50000000000003 2.5000000000000004
decision_type=2 2 2 2 2 2 2 2 2 2 2 2 2 2 2 2 2 2 2 2 2 2 2 2 2 2 2 2 2 2
left_child=1 -1 3 20 -4 6 8 -8 -6 19 18 15 13 -13 -14 16 -12 -17 -5 -7 22 24 26 -24 25 -22 28 -28 -2 -26
right_child=2 -3 4 10 5 9 7 -9 -10 -11 11 12 14 -15 -16 17 -18 -19 -20 -21 21 -23 23 -25 29 -27 27 -29 -30 -31
leaf_value=0.043968374280137758 0.0065235500947751386 0.004878844312219229 -0.002880511211405052 0.047752306856343144 -0.040612961633139086 0.031254267919741528 -0.046128593549656385 0.071041497388643737 -0.0078411059784828045 0.048057729332048306 0.045666178779489038 0.032838950802972167 -0.053276601796925574 0.0038678382971797025 0.028754120516340551 -0.013220988068347898 -0.021877261401546812 0.024664189143367744 0.012844248964275686 -0.037106367079600418 -0.018560733758573419 0.0014359274952401525 0.033769791511821821 -0.041436057139923051 -0.020263340051028849 0.019644449007406483 -0.022177462841298935 0.00097668352891655736 -0.0033691960299391216 -0.050607683090300462
leaf_weight=17.520218146964908 546.81484488665592 2097.3212048285641 1412.6784206141019 39.884753708727658 136.9515151156811 9.4262407931964862 8.7418764863396081 13.964056999189777 98.3766566561535 23.422922527650371 9.269617850892244 146.30914665875025 34.594404680421576 242.31097221525852 7.9770986456423989 39.890137614682317 130.28415481559932 55.420844443608075 89.238254155497998 21.705268528661691 100.53135213430505 341.43372245616047 116.30895596637856 39.036320910789073 142.03536849783268 48.667774435132742 201.6925659053959 206.86728834174573 1050.1012051729485 44.35371422721073
leaf_count=334 5454 8215 10604 94 3839 134 428 106 2477 103 23 505 334 1201 45 253 769 206 289 541 3097 6273 500 845 2858 541 3272 2359 6131 1274
internal_value=-5.45951e-11 0.00522331 -0.00206216 -0.000514164 -0.00531969 -0.0162987 -0.0222679 0.0258876 -0.0270042 0.0118274 0.0071586 0.00387995 0.00957988 0.0148313 -0.0375984 -0.00658088 -0.0170978 0.00883561 0.0239111 -0.0160791 -0.00266588 -0.00827512 -0.000905395 0.0147274 -0.0181302 -0.00605064 -0.00212305 -0.01048 2.02336e-05 -0.0277157
internal_weight=7473.13 2114.84 5358.29 3633.02 1725.27 312.589 258.034 22.7059 235.328 54.5544 795.179 666.056 431.192 388.62 42.5715 234.865 139.554 95.311 129.123 31.1315 2837.84 677.022 2160.82 155.345 335.588 149.199 2005.48 408.56 1596.92 186.389
internal_count=63104 8549 54555 36323 18232 7628 6850 534 6316 778 3719 3336 2085 1706 379 1251 792 459 383 675 32604 14043 18561 1345 7770 3638 17216 5631 11585 4132
is_linear=0
shrinkage=0.045


Tree=56
num_leaves=31
num_cat=0
split_feature=75 63 12 48 6 75 48 48 48 44 55 44 46 25 48 75 19 56 15 44 41 48 0 2 46 2 5 6 49 5
split_gain=37.8781 14.2714 18.7537 14.7271 21.8802 20.5444 29.1536 38.1352 31.8584 46.3834 31.7532 24.1157 19.4835 18.8307 27.67 55.3458 24.8413 39.9306 27.1918 21.8359 14.9063 13.8702 44.2851 50.4535 28.6161 31.715 25.1682 22.4367 22.2055 22.224
threshold=627.50000000000011 1.0000000180025095e-35 1.0000000180025095e-35 1083.5000000000002 18.500000000000004 2338.0000000000005 193.50000000000003 126.00000000000001 431.50000000000006 1.0000000180025095e-35 22.500000000000004 1.0000000180025095e-35 1.0000000180025095e-35 1.0000000180025095e-35 343.50000000000006 3257.5000000000005 1.0000000180025095e-35 1.0000000180025095e-35 742.50000000000011 1.0000000180025095e-35 2740.5000000000005 742.50000000000011 18.500000000000004 2.5000000000000004 3.5000000000000004 5.5000000000000009 38.500000000000007 7.5000000000000009 303.00000000000006 15.500000000000002
decision_type=2 2 2 2 2 2 2 2 2 2 2 2 2 2 2 2 2 2 2 2 2 2 2 2 2 2 2 2 2 2
left_child=21 3 -3 5 20 6 7 12 9 -8 -10 -9 -2 14 19 -16 17 -15 -18 -7 -5 28 23 27 -25 26 -26 -23 29 -1
right_child=1 2 -4 4 -6 13 8 11 10 -11 -12 -13 -14 16 15 -17 18 -19 -20 -21 -22 22 -24 24 25 -27 -28 -29 -30 -31
leaf_value=-0.0036794148986389018 0.026165232452497623 -0.021177129234272053 0.049793488439302279 -0.0043488188811715159 -0.018764968199639645 -0.049354828960825631 -0.035151742977234161 0.072639834958954055 0.0085248474433108536 -0.001758961362979518 -0.025627729240143456 0.023345507584102275 0.00040335951913252202 0.01227656468006553 -0.02716541900371848 0.019689019176791233 0.017112399200654393 -0.03312556366313496 -0.0094972821594725195 -0.012857357012885066 0.013817443701303112 -0.011817452503705176 -0.04152379954305175 0.011519873831986546 -0.0037302398895909458 -0.022790452998641724 0.035353486807263405 0.037767316905414794 -0.014618690429495193 0.012751681936216517
leaf_weight=202.26631620223634 76.181504277512431 120.02156174604897 7.1043149637989691 1415.5393534408649 206.4791965946788 35.362052432261407 104.02790584089234 28.233727883547544 720.60550059285015 426.03439813421573 58.722156706731766 69.787831361638382 258.8789820112288 423.25371004315093 77.007418923312798 146.78417589794844 90.067449635127559 42.2612332648132 533.46506361931097 406.58720636379439 96.815693074837327 21.875485924538225 46.333792060846463 231.9380967062898 270.0558551910799 176.88549745315686 37.048818295355886 105.27652337495238 79.653509923722595 936.55312312836759
leaf_count=775 732 4241 128 12079 5606 318 665 60 3401 2125 684 190 2850 2949 840 939 795 2124 8645 4637 547 101 793 1129 1388 862 100 310 451 2640
internal_value=7.57655e-12 -0.00201522 -0.0168533 -0.00165043 -0.00505982 2.61893e-05 0.00348637 0.0135928 0.000135824 -0.00836635 0.00592191 0.0381342 0.00632117 -0.00340974 -0.00936573 0.00351713 0.000236451 0.00809261 -0.00563235 -0.0158825 -0.00317752 0.00510686 0.000832592 0.00320684 -0.00144592 -0.00767033 0.00108423 0.029211 0.00822358 0.00983268
internal_weight=7451.11 5343.22 127.126 5216.09 1718.83 3497.26 1742.47 433.082 1309.39 530.062 779.328 98.0216 335.06 1754.79 665.741 223.792 1089.05 465.515 623.533 441.949 1512.36 2107.89 889.414 843.08 715.928 483.99 307.105 127.152 1218.47 1138.82
internal_count=63104 54555 4369 50186 18232 31954 10707 3832 6875 2790 4085 250 3582 21247 6734 1779 14513 5073 9440 4955 12626 8549 4683 3890 3479 2350 1488 411 3866 3415
is_linear=0
shrinkage=0.045


Tree=57
num_leaves=31
num_cat=0
split_feature=75 48 0 2 16 9 4 6 54 16 48 11 21 33 46 53 4 27 56 56 5 21 6 56 47 38 31 72 26 36
split_gain=37.1931 13.921 43.2352 47.9862 25.8207 25.1783 23.8006 22.1082 19.5754 18.5865 20.224 34.9261 27.9594 17.8013 17.0037 16.7243 29.3148 14.7424 38.1666 19.312 14.6408 14.6166 13.4569 12.6705 12.5637 12.4604 11.749 11.739 37.816 21.9507
threshold=627.50000000000011 742.50000000000011 18.500000000000004 2.5000000000000004 95.000000000000014 1.5000000000000002 31.500000000000004 7.5000000000000009 4.5000000000000009 85.000000000000014 741.50000000000011 1.0000000180025095e-35 165.00000000000003 1.5000000000000002 23.500000000000004 4.5000000000000009 16.500000000000004 1.5000000000000002 1.5000000000000002 2.5000000000000004 11.500000000000002 95.000000000000014 9.5000000000000018 1.0000000180025095e-35 1865.5000000000002 1.5000000000000002 3556.5000000000005 1.0000000180025095e-35 1.5000000000000002 2.5000000000000004
decision_type=2 2 2 2 2 2 2 2 2 2 2 2 2 2 2 2 2 2 2 2 2 2 2 2 2 2 2 2 2 2
left_child=1 9 3 7 23 22 -7 21 -9 14 11 25 13 -13 15 -1 20 -12 -19 -20 -17 -3 -6 24 -5 -11 -25 -2 29 -29
right_child=27 2 -4 4 5 6 -8 8 -10 10 17 12 -14 -15 -16 16 -18 18 19 -21 -22 -23 -24 26 -26 -27 -28 28 -30 -31
leaf_value=0.0017811406828090702 -0.0023488025184821397 0.026751188510013426 -0.040765548960056401 0.021986120184523183 -0.011628461395608644 -0.0089389408134098926 -0.058273670102964352 0.044625052261604306 -0.013682727857226065 0.020242825236195233 0.038040159815068822 -0.064857437397967455 0.017643125890265385 -0.0027744522091668593 -0.046017519169008883 -0.06890011905937482 0.048407501621851035 0.032732828416541078 -0.0027388341499165986 -0.073618418985281583 0.025231623473802586 -0.043719097578783325 0.028270268170211638 0.007120069933508201 -0.0055606384021118678 0.00097298383543257887 -0.052356446885605271 0.027072758147427742 -0.041069793586748386 -0.046920049779477419
leaf_weight=572.34431624342687 5174.3998576596496 10.093129117041828 46.994698281167075 145.52279189508408 23.9994230219163 398.52355028991587 19.893740384140983 90.759949954226613 12.891773543320594 207.01506231317762 96.435124279931188 27.027138885110617 22.263476851396263 14.175323685631154 13.097220292314885 6.9573354688473028 37.072023832704872 73.680493487045169 28.782951191999018 9.7119351001456362 5.0671422462910414 12.006362895481287 54.95917790196836 16.132700947579 43.021105978637934 101.07456189091317 10.290149650070815 105.83226166944951 22.554675276391208 7.8854168979451051
leaf_count=1753 53878 23 793 409 99 2267 123 173 137 742 157 182 85 69 57 51 114 135 75 47 28 78 146 101 209 371 125 385 196 96
internal_value=1.8174e-11 0.00506858 0.000774497 0.00314959 -0.00138789 -0.00701799 -0.0114179 0.0286612 0.0373115 0.00819424 0.0140089 0.00767858 -0.0224837 -0.0440702 0.00286416 0.00396664 0.0289001 0.0251933 0.0139106 -0.0220324 -0.0303411 -0.0117696 0.0161493 0.0116108 0.0157044 0.0139446 -0.0171071 -0.00200465 0.0109851 0.0215777
internal_weight=7410.46 2099.79 885.089 838.094 712.343 497.376 418.417 125.751 103.652 1214.7 580.166 371.556 63.4659 41.2025 634.538 621.441 49.0965 208.611 112.175 38.4949 12.0245 22.0995 78.9586 214.967 188.544 308.09 26.4229 5310.67 136.272 113.718
internal_count=63104 8549 4683 3890 3479 2635 2390 411 310 3866 1863 1449 336 251 2003 1946 193 414 257 122 79 101 245 844 618 1113 226 54555 677 481
is_linear=0
shrinkage=0.045


Tree=58
num_leaves=31
num_cat=0
split_feature=75 48 0 2 25 6 54 9 4 22 15 16 4 2 14 8 38 47 8 40 43 72 17 26 36 21 56 54 63 12
split_gain=34.3281 16.3474 42.8446 38.8379 25.0591 24.6068 22.7607 19.8549 26.5316 19.1466 16.6887 16.3048 14.4607 14.2846 23.638 22.6836 20.3319 14.1395 21.7522 13.0504 12.407 11.8988 34.2664 28.8309 14.3898 12.7471 11.7631 11.3688 10.8313 20.6351
threshold=627.50000000000011 742.50000000000011 18.500000000000004 2.5000000000000004 1.0000000180025095e-35 5.5000000000000009 4.5000000000000009 1.5000000000000002 31.500000000000004 215.00000000000003 542.00000000000011 95.000000000000014 34.500000000000007 3.5000000000000004 1246.5000000000002 3.5000000000000004 1.5000000000000002 2844.5000000000005 4.5000000000000009 1.0000000180025095e-35 22.500000000000004 1.0000000180025095e-35 60.000000000000007 1.5000000000000002 2.5000000000000004 75.000000000000014 1.0000000180025095e-35 1.0000000180025095e-35 1.0000000180025095e-35 1.0000000180025095e-35
decision_type=2 2 2 2 2 2 2 2 2 2 2 2 2 2 2 2 2 2 2 2 2 2 2 2 2 2 2 2 2 2
left_child=1 9 3 5 6 -3 12 -6 -9 13 -8 -11 -5 14 -1 -16 -17 -15 -19 -20 27 28 -23 24 25 -24 -7 -4 -2 -30
right_child=21 2 20 4 7 26 10 8 -10 11 -12 -13 -14 17 15 16 -18 18 19 -21 -22 22 23 -25 -26 -27 -28 -29 29 -31
leaf_value=0.0042189130938133897 -0.0019414840399406504 -0.029497812358631189 -0.00080547962777203445 0.02840942658617044 0.013945622848130007 0.037721909370715692 0.016967267425043418 -0.006985806739775181 -0.0573743145842327 0.0063005924475525348 -0.052545645499897778 0.02571942982839057 -0.022831338677460965 0.0095328863429328826 -0.08274600356955783 0.0058347526304352495 -0.06346019358685645 -0.038538632956811668 0.042662187266255966 -0.019852824991785326 -0.06790725478710806 0.039801894032350189 -0.025717244086562768 -0.057270484620304395 -0.047123539584709773 0.024850626179443013 -0.010501697772464291 -0.05765071037692622 -0.020232368277659781 0.050354780428161855
leaf_weight=117.66192189184949 5047.3436322844354 13.693967380560933 20.044717177748684 109.25458852667361 86.798890977166593 99.319875991437584 11.898634107317775 454.07541746133938 21.230193790048361 159.0548898447305 14.747182517312467 196.09918394277338 11.66270042862743 617.96200305386446 12.361182942055164 28.872898058965802 11.110435357317327 31.124175196047872 14.92181302746758 10.957101199775932 18.987971735652536 51.33086708933115 11.84883609972894 16.903413869906217 7.7761044176295391 47.923322719521821 10.981800636742262 10.077753629535435 116.87140159530099 8.0829498849343491
leaf_count=444 49509 69 52 259 268 233 62 2544 128 556 161 590 57 1667 73 100 90 236 58 52 447 93 68 190 96 230 109 294 4241 128
internal_value=5.29056e-11 0.00489439 0.000245017 0.00267109 -0.00140084 0.0258008 0.0150412 -0.00573624 -0.00935221 0.00831127 -0.0220139 0.0170649 0.0233204 0.00461618 -0.00701254 -0.0318648 -0.0144993 0.0075512 -0.0137259 0.0164395 -0.0401697 -0.00192113 0.0111806 -0.00647804 0.00688241 0.0145682 0.0328695 -0.0210649 -0.00226717 -0.0153027
internal_weight=7390.98 2082.9 882.774 833.663 709.668 123.996 147.563 562.105 475.306 1200.13 26.6458 355.154 120.917 844.972 170.006 52.3445 39.9833 674.965 57.0031 25.8789 49.1104 5308.08 135.783 84.4517 67.5483 59.7722 110.302 30.1225 5172.3 124.954
internal_count=63104 8549 4683 3890 3479 411 539 2940 2672 3866 223 1146 316 2720 707 263 190 2013 346 110 793 54555 677 584 394 298 342 346 53878 4369
is_linear=0
shrinkage=0.045


Tree=59
num_leaves=31
num_cat=0
split_feature=75 48 0 2 25 10 6 46 47 25 56 5 25 56 7 57 46 3 47 34 4 5 11 46 72 17 26 36 21 29
split_gain=33.0376 14.865 32.7308 34.407 25.2317 29.7684 24.4456 23.7733 23.3331 16.7519 21.3734 25.6465 17.061 21.6251 17.6404 15.7316 24.1682 22.5945 21.4612 19.1663 16.3813 14.6653 14.2403 14.0089 13.5828 32.2436 29.0168 16.427 13.3449 11.6961
threshold=627.50000000000011 742.50000000000011 18.500000000000004 2.5000000000000004 1.0000000180025095e-35 1.0000000180025095e-35 5.5000000000000009 3.5000000000000004 1865.5000000000002 1.0000000180025095e-35 1.5000000000000002 16.500000000000004 1.5000000000000002 3.5000000000000004 2.5000000000000004 105.00000000000001 3.5000000000000004 4.5000000000000009 2844.5000000000005 1.5000000000000002 25.500000000000004 7.5000000000000009 1.0000000180025095e-35 23.500000000000004 1.0000000180025095e-35 60.000000000000007 1.5000000000000002 2.5000000000000004 270.00000000000006 1.5000000000000002
decision_type=2 2 2 2 2 2 2 2 2 2 2 2 2 2 2 2 2 2 2 2 2 2 2 2 2 2 2 2 2 2
left_child=1 9 3 6 -5 7 -3 -6 -7 15 11 22 14 21 28 16 17 -1 19 -18 -17 -14 23 -11 -2 -26 27 -27 -12 -15
right_child=24 2 -4 4 5 8 -8 -9 -10 10 12 -13 13 29 -16 20 18 -19 -20 -21 -22 -23 -24 -25 25 26 -28 -29 -30 -31
leaf_value=-0.027711009981806936 -0.0022514330282120175 -0.029621563586852934 -0.036254230479193024 0.015285788088695275 0.0071015827973320038 -0.019411527710296674 0.03191475228675951 -0.021549370681132961 0.013720224083323856 0.016949376531267386 -0.071671210373956865 0.030400052806896029 -0.01282579322221806 0.0076036105091354866 0.0024821171509261954 0.0017621386127632901 0.000349029348683853 0.014770380378052879 -0.053894179963172938 -0.033316535196647512 0.051684855629842798 0.030268432318146569 -0.045827889553584342 -0.035457970246743006 0.040360823930002475 0.016200748032685817 -0.05782718773514018 -0.048711836819292399 -0.0069037704200085375 -0.048725630729701569
leaf_weight=28.066210362128913 5164.5466240359819 14.08701395569369 45.791444678325206 145.29241136391647 76.629377677105367 54.815411277813837 106.51229202374816 243.25840107840486 187.77364088594913 59.019559782231227 10.980434070341291 206.21582641080022 17.921666067093611 15.993401155807078 209.62802344490774 28.805205126409419 162.95367725379765 200.52717068046331 20.642774506704882 42.348915677517653 23.860627324320376 117.27180358907208 10.550611611455677 11.509289059787987 50.196892792358994 60.814338449388742 15.827969432109965 8.070099763106553 14.452785257250069 12.631242228206247
leaf_count=103 53878 69 793 539 435 416 342 1446 643 215 73 618 41 55 639 116 458 504 273 187 122 245 71 45 93 298 190 96 33 68
internal_value=-4.33163e-11 0.00482322 0.000363779 0.00242926 -0.00136797 -0.00568927 0.0245423 -0.0146853 0.00618482 0.00808677 0.0126656 0.0220044 0.00590104 0.017002 -0.00187465 0.00187953 -0.00083912 0.00945663 -0.0112513 -0.00672319 0.0249216 0.0245035 0.000540939 0.0080211 -0.0018823 0.0121614 -0.00482424 0.00800775 -0.0365198 -0.0180586
internal_weight=7367 2067.54 874.16 828.369 707.769 562.477 120.599 319.888 242.589 1193.38 686.175 287.295 398.879 163.818 235.061 507.205 454.539 228.593 225.945 205.303 52.6658 135.193 81.0795 70.5288 5299.46 134.909 84.7124 68.8844 25.4332 28.6246
internal_count=63104 8549 4683 3890 3479 2940 411 1881 1059 3866 2103 949 1154 409 745 1763 1525 607 918 645 238 286 331 260 54555 677 584 394 106 123
is_linear=0
shrinkage=0.045


Tree=60
num_leaves=31
num_cat=0
split_feature=48 35 60 7 47 31 6 65 4 58 4 17 4 31 6 42 5 48 3 48 34 55 6 71 30 31 5 72 3 39
split_gain=31.0193 18.6539 16.429 26.5609 22.1193 20.955 20.4524 29.7938 29.8868 23.9938 39.8076 18.7099 18.36 15.8309 17.2932 15.0039 22.3217 20.5855 14.8329 16.102 14.6438 27.6486 13.9903 14.2862 16.2732 13.7616 13.4587 13.2557 12.9693 12.4075
threshold=1083.5000000000002 1.0000000180025095e-35 1.0000000180025095e-35 3.5000000000000004 4077.5000000000005 517.50000000000011 15.500000000000002 1.0000000180025095e-35 4.5000000000000009 1.0000000180025095e-35 1.5000000000000002 60.000000000000007 3.5000000000000004 6996.5000000000009 16.500000000000004 830.00000000000011 13.500000000000002 193.50000000000003 1.5000000000000002 342.50000000000006 1.5000000000000002 1.5000000000000002 16.500000000000004 1.0000000180025095e-35 4151.5000000000009 7978.5000000000009 25.500000000000004 1.0000000180025095e-35 2.5000000000000004 2.5000000000000004
decision_type=2 2 2 2 2 2 2 2 2 2 2 2 2 2 2 2 2 2 2 2 2 2 2 2 2 2 2 2 2 2
left_child=2 22 4 5 6 -4 7 15 -9 -8 -11 27 18 29 -15 16 -1 -17 19 -13 -5 -22 -2 -24 -25 -14 -10 -6 -23 -7
right_child=1 -3 3 20 11 13 9 8 26 10 -12 12 25 14 -16 17 -18 -19 -20 -21 21 28 23 24 -26 -27 -28 -29 -30 -31
leaf_value=0.0064501055177766777 -0.0022955214513898543 -0.026006065513033139 -0.050752071946676566 0.011357558358793013 0.010726566296613041 0.0065713927067780932 -0.0016712490533704754 -0.058173252878350998 0.014560396005814142 -0.060211608882183361 0.016593966392716018 0.023951022029339509 0.00034853503590827556 -0.0094482427148131383 -0.063766390703748677 0.0085837365954118273 -0.009319524278703948 -0.0046681699108799164 0.037183010622519427 -0.055826184742754352 0.025164059076859889 -0.06361398670446762 -0.017036858162603464 -0.020294427603102131 0.038059232504433792 0.04666817101778243 0.054646860772297412 0.041049449333806692 -0.010489285943330966 -0.035971526687694301
leaf_weight=211.49870581191499 1371.689016194141 82.45542561809998 18.800863231066614 919.87429127469659 72.314205167582259 192.0689658659976 498.08870497124735 7.1219904636964193 37.402884730836377 13.261230821721254 344.61520906270016 11.878179258899765 574.14638555375859 57.426731246523559 14.125396811403332 365.46352323051542 1265.3672280011815 672.84572234097868 53.68571558361873 7.5359909608960143 47.546622176654637 9.3066840544342977 251.39028030936606 16.4613768622512 20.935959630645812 12.289703834103419 31.650164834223688 49.13894616253674 104.39019056037068 13.965502295177428
leaf_count=2320 9958 2178 176 3694 291 783 7021 101 177 108 1492 50 2903 236 156 3694 16002 4196 238 106 109 49 5637 447 198 39 211 92 300 142
internal_value=-4.60226e-11 -0.0052415 0.00163031 0.00589649 0.000239397 -0.00602264 -0.00131022 -0.00330217 0.0242424 0.00471703 0.0135881 0.00707241 0.00406633 -0.00282182 -0.0209025 -0.0041457 -0.00705835 2.85093e-11 0.0251727 -0.0082338 0.00916665 -0.00332517 -0.00419535 -0.0131801 0.0125138 0.00139703 0.0334517 0.02323 -0.0153545 0.00352792
internal_weight=7348.74 1742.93 5605.81 1377.51 4228.3 296.387 3447.32 2591.35 76.175 855.965 357.876 780.989 659.536 277.587 71.5521 2515.18 1476.87 1038.31 73.0999 19.4142 1081.12 161.243 1660.48 288.788 37.3973 586.436 69.053 121.453 113.697 206.034
internal_count=63104 18418 44686 5645 39041 1493 35322 26701 489 8621 1600 3719 3336 1317 392 26212 18322 7890 394 156 4152 458 16240 6282 645 2942 388 383 349 925
is_linear=0
shrinkage=0.045


Tree=61
num_leaves=31
num_cat=0
split_feature=75 48 56 0 9 25 11 26 46 25 51 11 21 33 34 55 27 56 34 27 58 47 11 4 43 36 8 0 20 43
split_gain=32.2473 14.4911 27.2018 28.5864 29.6529 42.4736 24.2599 24.1287 21.6055 15.204 21.7038 26.936 25.1244 21.9635 18.7857 35.853 21.5968 23.8 18.3388 23.1479 16.5266 17.1846 15.9205 15.115 15.0282 14.8791 14.5757 13.2989 12.0448 11.7563
threshold=627.50000000000011 742.50000000000011 1.0000000180025095e-35 4.5000000000000009 2.5000000000000004 1.0000000180025095e-35 1.0000000180025095e-35 1.5000000000000002 6.5000000000000009 1.0000000180025095e-35 542.00000000000011 1.0000000180025095e-35 165.00000000000003 1.5000000000000002 1.5000000000000002 7.5000000000000009 1.5000000000000002 1.5000000000000002 1.0000000180025095e-35 1.0000000180025095e-35 1.0000000180025095e-35 1865.5000000000002 1.0000000180025095e-35 16.500000000000004 18.500000000000004 1.5000000000000002 4.5000000000000009 9.5000000000000018 342.50000000000006 8.5000000000000018
decision_type=2 2 2 2 2 2 2 2 2 2 2 2 2 2 2 2 2 2 2 2 2 2 2 2 2 2 2 2 2 2
left_child=1 9 3 26 8 -6 -7 27 -5 20 11 18 13 -13 16 -16 -12 -18 -11 -20 21 24 25 -23 -1 -22 -3 -4 -10 -9
right_child=-2 2 7 4 5 6 -8 29 28 10 14 12 -14 -15 15 -17 17 -19 19 -21 22 23 -24 -25 -26 -27 -28 -29 -30 -31
leaf_value=0.0049279156129679955 -0.0018562328017757627 -0.046041531922793803 0.020193557038154293 -0.0015069398548385295 0.025039445093861364 -0.016205653668654941 0.0066874664257671598 0.0097299174112081711 0.054585295587943616 0.017997337033939981 0.052770801537407361 -0.058817446791685726 0.017574289548402219 0.002142926701846039 0.024080162899549666 -0.048221447447175089 0.038079495261536735 -0.011972149112363016 0.0079464150652211359 -0.039673282419515753 -0.062961959470833967 -0.014978583790206029 0.00098538395218667569 0.047576403420539211 -0.02558998008123586 0.018168825992360468 0.015987132526119972 -0.025115127323573929 0.022878547045499787 -0.040206779780739624
leaf_weight=360.97860653884709 5275.7419716765289 32.153179680695757 37.135621048975736 60.286073092371225 107.63557359809056 227.13078680913895 158.36628785752691 10.632150339428334 32.349667224101722 275.82733037869912 64.590411451645195 30.743109764065593 26.657135148532689 19.102233541198075 51.778974883258343 17.857376432046294 45.232436126098037 32.298258355818689 83.997665517032146 26.323894960805774 20.327416001586247 9.8215414807200414 32.091798872454092 30.984342975541949 34.923974443227053 5.3410229361616066 9.4236775580793601 19.021512566134334 102.14798054192215 69.93579585920088
leaf_count=959 54555 176 141 304 321 1234 756 49 41 885 108 208 110 77 110 27 63 93 311 111 276 55 147 124 175 27 48 184 270 1159
internal_value=-6.63108e-12 0.00481061 0.000398283 0.00385639 0.00606292 0.000179957 -0.00680795 -0.0179464 0.0208798 0.00807731 0.012467 0.0069786 -0.0172629 -0.0358729 0.0243691 0.00511913 0.0336995 0.0173417 0.0118134 -0.00367046 0.00207706 0.00508127 -0.0203369 0.0325219 0.00217813 -0.0460322 -0.031937 0.00467572 0.0308513 -0.0335784
internal_weight=7310.84 2035.1 866.218 729.493 687.916 493.133 385.497 136.725 194.784 1168.88 674.409 462.651 76.5025 49.8453 211.757 69.6364 142.121 77.5307 386.149 110.322 494.469 436.708 57.7602 40.8059 395.903 25.6684 41.5769 56.1571 134.498 80.5679
internal_count=63104 8549 4683 3150 2926 2311 1990 1533 615 3866 2103 1702 395 285 401 137 264 156 1307 422 1763 1313 450 179 1134 303 224 325 311 1208
is_linear=0
shrinkage=0.045


Tree=62
num_leaves=31
num_cat=0
split_feature=75 11 22 48 48 34 55 48 47 0 4 2 58 11 51 46 0 17 55 29 48 48 41 35 7 66 22 48 48 29
split_gain=32.6243 31.3419 36.5293 20.6923 20.3248 17.0522 24.5764 16.0747 21.3093 19.6546 17.2735 19.2408 36.7941 41.1919 26.1166 19.4212 34.4633 16.7793 17.1436 21.5949 21.8667 17.7902 16.1099 15.4133 15.0221 14.8759 14.3823 14.3571 12.686 12.0925
threshold=215.00000000000003 1.0000000180025095e-35 145.00000000000003 742.50000000000011 741.50000000000011 1.5000000000000002 2.5000000000000004 1083.5000000000002 4077.5000000000005 24.500000000000004 1.5000000000000002 3.5000000000000004 1.0000000180025095e-35 1.0000000180025095e-35 742.50000000000011 5.5000000000000009 4.5000000000000009 60.000000000000007 15.500000000000002 1.0000000180025095e-35 1080.0000000000002 276.00000000000006 2740.5000000000005 1.0000000180025095e-35 3.5000000000000004 1.0000000180025095e-35 145.00000000000003 1262.5000000000002 709.50000000000011 1.0000000180025095e-35
decision_type=2 2 2 2 2 2 2 2 2 2 2 2 2 2 2 2 2 2 2 2 2 2 2 2 2 2 2 2 2 2
left_child=1 5 3 4 -3 -1 -7 8 10 22 29 12 14 -14 -12 25 -17 -10 21 20 -20 26 23 -9 -21 -13 -19 -24 -23 -2
right_child=7 2 -4 -5 -6 6 -8 9 17 -11 11 15 13 -15 -16 16 -18 18 19 24 -22 28 27 -25 -26 -27 -28 -29 -30 -31
leaf_value=0.011295156498644439 0.0016329343860600129 -0.034622898922806504 0.010174531623493013 -0.059615588294713431 0.021274384183682785 0.013281662004489632 -0.021297098859673003 -0.0046179041013640282 0.022148052389004171 -0.041157029662134123 -0.0075796861288295525 1.3280570437281658e-05 0.0054585868998950045 0.040067685825034116 0.018721202316129653 -0.030601135527954737 -0.0047165608630879794 0.061565244787009248 -0.017815776312420602 -0.0053984133453053472 0.059322023251661075 -0.0098555936365778609 0.0073892573572455784 -0.026953591866071634 0.048414134343805121 -0.030389225367234422 0.0056236942364823609 0.065633495099501601 0.0045049074727690911 -0.04766721885424835
leaf_weight=985.30711027351208 15.784704480669459 35.103489283937961 80.150171898072585 32.501173684140667 19.901058219373226 80.877918845973909 83.721519563347101 1540.7264354737708 120.89022085722536 29.031274327659048 404.28876022994518 1838.3792045763694 208.46897467283998 103.8666631015949 93.244808682473376 124.86706446111202 607.19691769924248 15.762000415474175 37.956332331988961 13.037784893531351 8.201494134962557 213.47688359487802 94.007920498028398 64.276393251144327 49.339553208556026 32.178488879464567 21.428647623164579 8.4776129424571973 296.22501056746114 26.541538649238646
leaf_count=3864 215 212 351 391 43 227 291 14274 383 1785 5436 15288 932 439 894 2450 8892 37 167 80 11 1368 597 1704 129 546 59 58 1485 496
internal_value=4.71132e-11 0.00640604 -0.0117214 -0.0316651 -0.0143801 0.0090569 -0.00432881 -0.00141519 8.13116e-05 -0.00505945 -0.00143293 -0.00107413 0.00497933 0.0170589 -0.00262286 -0.002959 -0.00916738 0.00681326 0.00395541 0.0202052 -0.00314234 0.000699522 -0.00442197 -0.00552862 0.0372588 -0.00052568 0.0303239 0.0127949 -0.00151718 -0.0296684
internal_weight=7285.22 1317.56 167.656 87.5057 55.0045 1149.91 164.599 5967.65 4231.14 1736.52 3454.82 3412.49 809.869 312.336 497.534 2602.62 732.064 776.318 655.428 108.535 46.1578 546.893 1707.49 1605 62.3773 1870.56 37.1906 102.486 509.702 42.3262
internal_count=63104 5379 997 646 255 4382 518 57725 39307 18418 35588 34877 7701 1371 6330 27176 11342 3719 3336 387 178 2949 16633 15978 209 15834 96 655 2853 711
is_linear=0
shrinkage=0.045


Tree=63
num_leaves=31
num_cat=0
split_feature=75 11 22 48 2 48 0 47 6 65 4 49 4 46 5 2 8 31 48 48 43 34 55 59 0 55 9 41 35 11
split_gain=30.5616 27.5692 34.2292 16.9811 18.653 16.0047 18.5027 18.4097 17.6718 24.5723 34.4487 20.6321 31.8223 19.7571 26.7188 18.8448 17.2094 16.6749 19.0005 58.7727 20.6155 15.2344 20.8645 15.0024 14.4351 14.2065 18.8133 13.9303 13.878 13.4399
threshold=215.00000000000003 1.0000000180025095e-35 145.00000000000003 742.50000000000011 3.5000000000000004 1083.5000000000002 24.500000000000004 4077.5000000000005 15.500000000000002 1.0000000180025095e-35 4.5000000000000009 1.0000000180025095e-35 1.5000000000000002 2.5000000000000004 10.500000000000002 3.5000000000000004 4.5000000000000009 7442.0000000000009 709.50000000000011 342.50000000000006 11.500000000000002 1.5000000000000002 2.5000000000000004 -1.0000000180025095e-35 14.500000000000002 5.5000000000000009 2.5000000000000004 2740.5000000000005 1.0000000180025095e-35 1.0000000180025095e-35
decision_type=2 2 2 2 2 2 2 2 2 2 2 2 2 2 2 2 2 2 2 2 2 2 2 2 2 2 2 2 2 2
left_child=1 21 3 4 -3 7 27 8 9 13 -11 -10 -13 23 -15 -14 17 18 19 -9 -20 -1 -23 -2 25 26 -18 28 -7 -12
right_child=5 2 -4 -5 -6 6 -8 16 11 10 29 12 15 14 -16 -17 24 -19 20 -21 -22 22 -24 -25 -26 -27 -28 -29 -30 -31
leaf_value=0.010780194971551638 -0.0083395866373623413 -0.065893575172452992 0.010197197615933944 -0.05630227575464377 -0.00107959680029429 -0.0045690174145078125 -0.040662708670459478 0.0063383339443814097 0.00022023136059244421 -0.058553333769313917 0.04039448585732739 -0.054853394645667693 0.032238551813421334 0.011376091775139274 -0.010463125786908434 0.0048058284571938191 -0.045562137910126373 0.029768328517493264 0.0017045714972057596 -0.047691324793014404 0.024629554980257269 0.012158601549953692 -0.019873015091144763 0.0026297811752351219 0.033346696972738697 -0.061357978685785984 0.018525593657996803 0.011679644113518177 -0.025930399110044182 -0.023039344841377572
leaf_weight=986.24830021802336 336.5652830802137 10.386502873152493 79.487746202386916 31.6651604489889 42.91497977823019 1541.4040289263939 27.998215350089595 280.87221216596663 629.0851694169105 8.4894853474106622 58.663805993041024 11.109403080306945 116.29521604301408 126.26960435824003 1054.8169701921288 90.037838832475245 15.594162379158659 65.812222413253039 149.06960311590228 46.664608806022443 169.43032087339088 80.501962357200682 82.297495525330305 1000.6475561248371 9.0076119413133693 14.944406337104736 20.151474057463929 101.63635061215609 63.219028308638372 6.9778170539066187
leaf_count=3864 2889 101 351 391 154 14274 1785 1123 7983 101 327 48 266 1398 14937 352 101 236 669 618 667 227 291 7226 69 145 91 655 1704 61
internal_value=8.13053e-12 0.00620937 -0.0109763 -0.0306727 -0.0146904 -0.00137278 -0.00500956 0.000126003 -0.00128381 -0.00312702 0.0222364 0.00435793 0.0162729 -0.00388217 -0.00812065 0.0203486 0.00640338 0.00835482 0.00613078 -0.00148108 0.0139387 0.00867643 -0.00405632 -0.000135286 -0.0166204 -0.0259729 -0.00991198 -0.00440105 -0.00542624 0.0334068
internal_weight=7258.26 1313.5 164.454 84.9666 53.3015 5944.76 1734.26 4210.5 3438.96 2592.43 74.1311 846.528 217.442 2518.3 1181.09 206.333 771.547 711.849 646.037 327.537 318.5 1149.05 162.799 1337.21 59.6977 50.69 35.7456 1706.26 1604.62 65.6416
internal_count=63104 5379 997 646 255 57725 18418 39307 35588 26939 489 8649 666 26450 16335 618 3719 3313 3077 1741 1336 4382 518 10115 406 337 192 16633 15978 388
is_linear=0
shrinkage=0.045


Tree=64
num_leaves=31
num_cat=0
split_feature=75 57 48 56 39 26 7 25 38 22 2 57 43 29 56 38 54 48 15 31 43 16 4 58 53 11 0 15 24 57
split_gain=28.3526 32.6362 14.222 25.5729 26.4839 23.0482 22.4671 30.3636 17.1135 16.9127 14.6548 12.8431 12.7111 12.4897 21.4461 16.5499 12.9686 55.4827 15.5479 12.1274 13.8513 11.9961 11.2406 10.9474 47.6562 21.1693 27.7178 21.6959 15.5736 12.8858
threshold=1058.0000000000002 255.00000000000003 742.50000000000011 1.0000000180025095e-35 1.0000000180025095e-35 1.5000000000000002 4.5000000000000009 1.0000000180025095e-35 1.5000000000000002 215.00000000000003 2.5000000000000004 95.000000000000014 8.5000000000000018 1.5000000000000002 3.5000000000000004 1.5000000000000002 4.5000000000000009 407.50000000000006 542.00000000000011 5061.5000000000009 14.500000000000002 95.000000000000014 20.500000000000004 1.0000000180025095e-35 4.5000000000000009 1.0000000180025095e-35 7.5000000000000009 542.00000000000011 1.5000000000000002 235.00000000000003
decision_type=2 2 2 2 2 2 2 2 2 2 2 2 2 2 2 2 2 2 2 2 2 2 2 2 2 2 2 2 2 2
left_child=1 2 9 4 8 19 10 -8 11 13 -6 -4 -7 16 15 -15 17 -1 -18 20 -5 -11 -21 -2 25 28 27 -27 -25 -26
right_child=23 -3 3 5 6 12 7 -9 -10 21 -12 -13 -14 14 -16 -17 18 -19 -20 22 -22 -23 -24 24 29 26 -28 -29 -30 -31
leaf_value=0.023567168972606061 -0.0022965376770341683 -0.060572380515784105 0.019740595503960665 -0.013892510994030575 0.036950479166538409 0.012293371318213743 0.017561404431008818 -0.023671517887898192 0.031180931403816052 0.006430982281075334 0.0020410661436573293 -0.0021216491268360184 -0.039982479359957641 0.0065771273764041347 -0.056496115073766916 -0.020172735502607675 -0.0029748765696280682 -0.022309745916043434 0.018013063967663143 -0.045788365050165682 0.043230691333165469 0.022875475262748673 0.018368412026515613 -0.040695828153121373 0.037760789199341338 0.028641930310350852 0.032776474077577902 -0.047421395895967743 -0.0053176692020178136 -0.0049944813891273582
leaf_weight=99.095115858130157 4855.8504212932312 14.529921765439211 94.280856818659231 13.538314749486743 27.244974241824821 10.429048453457652 46.143513537012041 156.51440929551609 82.982897866051644 155.24296468752436 177.66682918556035 126.46230035461485 68.377352419309318 172.79282986512408 13.791160385124384 63.114994250936434 94.072077638469636 113.38656161073595 293.21207905840129 13.222435473231601 20.832293569110334 215.65555641811807 8.3335359059274179 43.472259722650051 87.181641917675734 10.809637085068973 45.298626938601956 20.884795409743674 58.949732407461852 16.772173646837473
leaf_count=518 51337 62 314 68 80 49 146 953 242 560 882 535 1159 487 81 316 300 470 707 168 58 643 31 1076 325 72 412 537 454 62
internal_value=4.80264e-11 0.00443032 0.00491646 0.00043147 0.00384219 -0.0174704 -0.00365265 -0.014243 0.0138785 0.00802283 0.00683951 0.00726277 -0.0329971 0.0045127 -0.00393285 -0.000634497 0.00802951 -0.000903949 0.0129205 0.00460368 0.0209737 0.0160283 -0.0212706 -0.00179439 0.00678825 -0.0072648 0.0104875 -0.0213968 -0.020582 0.0308807
internal_weight=7220.14 2080.92 2066.39 846.029 711.296 134.733 407.57 202.658 303.726 1220.36 204.912 220.743 78.8064 849.465 249.699 235.908 599.766 212.482 387.284 55.9266 34.3706 370.899 21.556 5139.22 283.369 179.415 76.9931 31.6944 102.422 103.954
internal_count=63104 8829 8767 4685 3152 1533 2061 1099 1091 4082 962 849 1208 2879 884 803 1995 988 1007 325 126 1203 199 54275 2938 2551 1021 609 1530 387
is_linear=0
shrinkage=0.045


Tree=65
num_leaves=31
num_cat=0
split_feature=75 46 60 15 22 22 10 49 2 5 55 51 19 54 54 51 24 0 51 74 51 8 6 74 20 1 51 20 17 55
split_gain=27.706 19.4589 11.6779 11.6317 11.5362 10.7308 10.6617 19.0558 17.4297 12.8689 10.6109 9.87618 101.981 31.975 25.0979 24.688 21.4209 21.3875 42.6334 20.7131 18.7433 26.9834 18.2178 16.0868 14.2764 14.0213 12.0917 31.3156 26.0875 19.9089
threshold=627.50000000000011 1.0000000180025095e-35 -1.0000000180025095e-35 741.50000000000011 155.00000000000003 155.00000000000003 1.0000000180025095e-35 303.00000000000006 4.5000000000000009 11.500000000000002 29.500000000000004 742.50000000000011 1.0000000180025095e-35 4.5000000000000009 4.5000000000000009 222.50000000000003 1.0000000180025095e-35 2.5000000000000004 542.00000000000011 1.0000000180025095e-35 741.50000000000011 4.5000000000000009 5.5000000000000009 1.0000000180025095e-35 108.00000000000001 1.0000000180025095e-35 103.00000000000001 647.50000000000011 175.00000000000003 5.5000000000000009
decision_type=2 2 2 2 2 2 2 2 2 2 2 2 2 2 2 2 2 2 2 2 2 2 2 2 2 2 2 2 2 2
left_child=1 3 -3 5 -4 -1 7 9 -9 -6 11 15 14 -14 19 26 -15 18 -17 -13 22 -22 -19 -20 -18 -21 -2 29 -29 -28
right_child=10 2 4 -5 6 -7 -8 8 -10 -11 -12 12 13 16 -16 17 24 20 23 25 21 -23 -24 -25 -26 -27 27 28 -30 -31
leaf_value=0.018736808031875638 -0.001321853140570663 0.043135001816556218 0.00016905485642460788 0.030565787045969694 -0.019340362295732945 -0.031035529807550928 0.015908321231873752 0.0013611400019572382 -0.035808371294267761 0.010704058443103875 -0.019405690420010755 0.040097129184970007 -0.062797076860249199 -0.048366708756153294 -0.029373743181690445 -0.039254510856928493 0.051939062720933717 0.008756943108490069 -0.011572259091322356 -0.010097966235561915 -0.018768649215706468 0.017293672034152871 -0.02789803922904183 0.040576402905438236 -0.011314437496531249 0.023749172260109176 -0.0041873778635887421 -0.044202555863172795 0.023074865880523859 0.039301065222058937
leaf_weight=22.343185729696415 4187.7631880345871 13.857537298114037 1102.8266268542502 87.342983358539641 30.369863269617781 13.052023707190527 213.14708038349636 66.571246403735131 40.385760511737317 373.87217073468491 66.747584582306445 105.86608624923974 42.247455181961413 15.749679761705918 17.109802158549428 25.869255971163511 11.505965091288092 30.883539370377548 15.275968465022741 37.443180842441507 101.92062019079458 70.037576453876682 219.8936440924881 48.782035791315138 16.447191327344626 69.737819997826591 30.428391003399156 28.869300735532306 18.348955749068409 68.817076677340083
leaf_count=81 39846 325 4720 289 160 78 691 227 285 1693 768 232 1166 415 407 105 26 412 53 226 1999 852 5177 114 461 325 317 1049 47 558
internal_value=-7.84164e-12 0.00455612 0.00339309 0.0218327 0.00306825 3.47515e-05 0.007476 0.0039359 -0.0128753 0.00840473 -0.00171136 -0.0014789 0.00621569 -0.0353512 0.0218243 -0.00198191 -0.00800808 -0.0113101 0.00854405 0.026054 -0.0155438 -0.00406561 -0.0233671 0.0281537 0.0156164 0.0119408 -0.000876188 0.0117891 -0.0181223 0.0260589
internal_weight=7193.51 1963.77 1841.03 122.738 1827.17 35.3952 724.346 511.199 106.957 404.242 5229.74 5163 316.107 85.9503 230.157 4846.89 43.7028 512.663 89.9273 213.047 422.735 171.958 250.777 64.058 27.9532 107.181 4334.23 146.464 47.2183 99.2455
internal_count=63104 8549 8101 448 7776 159 3056 2365 512 1853 54555 53787 3258 2068 1190 50529 902 8712 272 783 8440 2851 5589 167 487 551 41817 1971 1096 875
is_linear=0
shrinkage=0.045


Tree=66
num_leaves=31
num_cat=0
split_feature=48 0 47 58 57 46 47 48 16 54 19 19 48 0 51 59 48 48 12 4 48 66 11 0 41 35 48 46 53 0
split_gain=27.679 17.1123 14.5573 35.3252 41.1742 30.4713 17.774 17.0702 24.072 29.5181 73.2723 30.9959 19.6094 26.8631 17.2132 14.1537 16.0566 62.1666 24.201 14.2315 16.5033 13.6023 30.568 26.9059 12.339 12.7778 12.503 11.4638 12.3051 12.2507
threshold=1083.5000000000002 24.500000000000004 458.50000000000006 1.0000000180025095e-35 255.00000000000003 1.5000000000000002 810.00000000000011 42.500000000000007 105.00000000000001 4.5000000000000009 1.0000000180025095e-35 1.0000000180025095e-35 9.0000000000000018 2.5000000000000004 542.00000000000011 -1.0000000180025095e-35 400.50000000000006 193.50000000000003 1.0000000180025095e-35 50.000000000000007 342.50000000000006 1.0000000180025095e-35 1.0000000180025095e-35 12.500000000000002 2740.5000000000005 1.0000000180025095e-35 1262.5000000000002 9.5000000000000018 4.5000000000000009 14.500000000000002
decision_type=2 2 2 2 2 2 2 2 2 2 2 2 2 2 2 2 2 2 2 2 2 2 2 2 2 2 2 2 2 2
left_child=2 24 3 5 -5 15 -4 8 12 10 -10 -11 14 -14 -8 19 17 -17 -18 -1 -21 -9 -23 -24 25 -2 -26 28 -7 -30
right_child=1 -3 6 4 -6 27 7 21 9 11 -12 -13 13 -15 -16 16 18 -19 -20 20 -22 22 23 -25 26 -27 -28 -29 29 -31
leaf_value=-0.036772389307542092 -0.0045310702713649391 -0.040004653429980913 0.039757923060153667 0.03128413826453294 -0.042281101497703311 -0.0051871938806724626 -0.04204151652757037 0.0051605969300759389 0.02460510028042193 -0.040494500845862397 -0.032908668668526916 -0.00027686092429692066 0.021045376956434582 -0.012179474511443127 -0.010108467464527043 0.014212778720601086 0.016552462981522978 -0.023404333540157835 -0.032014388875088388 0.046833167674256243 -0.028494510054311764 -0.035099439143480994 -0.0070223236410971324 0.055509831766732153 0.005961417052923532 -0.025291441168380099 0.062830722189255284 -0.034197505974798252 -0.023338436276379288 0.0048429215677230344
leaf_weight=33.967656269669533 1541.8517278250074 26.768927016644739 25.520633449777961 106.45733523741364 17.093803212046623 471.33151137409732 61.710268193739466 2783.1549621728482 233.33700978604611 45.219054311106447 54.56054232706083 242.0248185392702 65.780261578969657 187.18609814281808 77.027813034132123 208.71070636750665 254.48283884767443 153.51553670037538 21.695972442626953 10.731296695768833 10.886727057397366 54.101747468172107 51.829634455789346 17.968289690092206 93.48474087100476 61.538329663919285 7.578297706320881 38.639315922395326 172.35647372761741 37.726641034707427
leaf_count=423 14274 1785 863 337 61 5115 986 12611 983 2430 1377 4442 183 3364 936 1684 1433 706 111 71 94 1407 875 85 597 1704 58 2302 1640 167
internal_value=3.54816e-11 -0.00495381 0.00157798 -0.00212915 0.0208483 -0.00415011 0.00303993 0.00278784 -0.00239006 0.00346887 0.0136293 -0.0067266 -0.0109797 -0.00349098 -0.0245114 0.00257755 0.00448309 -0.00175032 0.0126354 -0.0190002 0.0093159 0.00451016 -0.0100249 0.0096322 -0.00438019 -0.00534312 0.0107996 -0.0106288 -0.00924422 -0.0182787
internal_weight=7168.24 1731.22 5437.02 1537.6 123.551 1414.04 3899.42 3873.9 966.846 575.141 287.898 287.244 391.704 252.966 138.738 693.991 638.405 362.226 276.179 55.5857 21.618 2907.05 123.9 69.7979 1704.45 1603.39 101.063 720.054 681.415 210.083
internal_count=63104 18418 44686 14144 398 13746 30542 29679 14701 9232 2360 6872 5469 3547 1922 4522 3934 2390 1544 588 165 14978 2367 960 16633 15978 655 9224 6922 1807
is_linear=0
shrinkage=0.045


Tree=67
num_leaves=31
num_cat=0
split_feature=48 75 55 63 48 48 44 4 40 22 0 51 19 54 24 57 54 48 48 16 48 54 20 48 42 11 41 58 2 8
split_gain=25.0863 21.6557 17.6275 17.5475 17.662 31.3554 31.3767 25.254 22.4696 19.3476 16.0893 14.4957 76.8919 28.4584 20.0303 18.7798 17.5776 16.8243 45.565 15.1054 17.7032 21.2191 14.3592 13.6839 13.012 12.9858 33.3573 19.6289 18.8219 11.4384
threshold=1083.5000000000002 2338.0000000000005 23.500000000000004 1.0000000180025095e-35 193.50000000000003 431.50000000000006 1.0000000180025095e-35 31.500000000000004 1.5000000000000002 215.00000000000003 24.500000000000004 742.50000000000011 1.0000000180025095e-35 4.5000000000000009 1.0000000180025095e-35 75.000000000000014 4.5000000000000009 9.0000000000000018 16.000000000000004 145.00000000000003 16.000000000000004 4.5000000000000009 108.00000000000001 16.000000000000004 1351.0000000000002 1.0000000180025095e-35 2740.5000000000005 1.0000000180025095e-35 3.5000000000000004 4.5000000000000009
decision_type=2 2 2 2 2 2 2 2 2 2 2 2 2 2 2 2 2 2 2 2 2 2 2 2 2 2 2 2 2 2
left_child=1 2 3 4 7 6 -6 9 -7 -1 -2 15 16 -14 -15 19 17 -13 -19 -3 21 -21 -16 -4 -9 26 -17 -27 -29 -5
right_child=10 11 23 29 5 8 -8 24 -10 -11 -12 12 13 14 22 25 -18 18 -20 20 -22 -23 -24 -25 -26 27 -28 28 -30 -31
leaf_value=0.00071151331270251372 -0.0041762614074916443 -0.0090664227771198695 0.036027061073706235 -0.021055736406301699 -0.032470363659979774 0.0021117467948677943 -0.0023727015286322531 0.034797308682731926 0.012575951247365401 0.016171890384096103 -0.039410801310398966 0.035305613533995715 -0.059725353501072304 -0.047401048014649054 0.053113204510004772 -0.039318280121055919 -0.025623391873021418 -0.054265469225085274 0.023034166829394919 0.054908109057313359 -0.004542340677065008 -0.04678306039999762 -0.010535781155441406 -0.018126808430177294 0.011887282527860844 -0.0031167332358872347 0.0101095071384486 0.05056908273432683 0.01006441741322227 0.010006127013240164
leaf_weight=483.88537102658302 1698.1088215527125 984.59146251558559 9.4093035962432605 88.758730507252039 84.063089745119214 1472.2653503618203 400.91282187472098 105.27798440074548 578.23382476135157 246.95637170248665 25.673873166902922 106.23069035913795 37.510383547923993 14.424487996380774 11.279799975454809 40.053664577018935 15.611408474040216 17.623522729729302 89.959536877577193 24.342787255533043 52.503022324759513 4.1742923569399855 16.638098095776513 109.21735788416117 98.096131740137935 83.940637527033687 83.815164852887392 38.417092416668311 58.162552086752839 32.086252874578349
leaf_count=3315 16633 14433 56 3300 492 7188 2118 477 2371 1064 1785 232 1166 415 26 1144 407 139 412 73 395 149 461 1124 865 483 383 210 719 1069
internal_value=-5.52755e-11 0.00151169 0.00343092 0.00399611 0.0045844 0.00263355 -0.00764575 0.00987055 0.00506731 0.00595064 -0.00472359 -0.002727 0.006059 -0.0317218 -0.0061083 -0.00471342 0.0192894 0.0226727 0.00998833 -0.00752792 0.0110513 0.038942 0.016128 -0.0135661 0.023859 0.00513203 -0.00606012 0.0128029 0.0265293 -0.0127939
internal_weight=7112.22 5388.44 3709.16 3590.54 3469.69 2535.48 484.976 934.216 2050.5 730.842 1723.78 1679.28 309.278 79.8528 42.3424 1370 229.425 213.814 107.583 1065.61 81.0201 28.5171 27.9179 118.627 203.374 304.389 123.869 180.52 96.5796 120.845
internal_count=63104 44686 23439 22259 17890 12169 2610 5721 9559 4379 18418 21247 3258 2068 902 17989 1190 783 551 15050 617 222 487 1180 1342 2939 1527 1412 929 4369
is_linear=0
shrinkage=0.045


Tree=68
num_leaves=31
num_cat=0
split_feature=48 75 51 19 20 58 19 25 48 55 43 48 14 69 22 19 22 20 63 12 48 48 44 4 48 46 43 0 20 46
split_gain=25.8168 19.5094 16.1798 69.2541 25.8993 18.4552 49.3502 21.1449 30.7969 15.7864 15.4878 23.1845 35.6471 26.5142 24.5002 21.984 15.3148 16.3786 14.3628 23.5366 14.1882 28.2224 26.3663 22.2549 21.637 20.3173 14.1129 13.6896 13.6318 13.3947
threshold=1083.5000000000002 2338.0000000000005 742.50000000000011 1.0000000180025095e-35 115.50000000000001 1.0000000180025095e-35 1.0000000180025095e-35 1.0000000180025095e-35 407.50000000000006 23.500000000000004 17.500000000000004 1262.5000000000002 1.0000000180025095e-35 1.0000000180025095e-35 145.00000000000003 1.0000000180025095e-35 290.00000000000006 108.00000000000001 1.0000000180025095e-35 1.0000000180025095e-35 193.50000000000003 431.50000000000006 1.0000000180025095e-35 31.500000000000004 742.50000000000011 1.0000000180025095e-35 10.500000000000002 25.500000000000004 91.000000000000014 8.5000000000000018
decision_type=2 2 2 2 2 2 2 2 2 2 2 2 2 2 2 2 2 2 2 2 2 2 2 2 2 2 2 2 2 2
left_child=1 9 5 29 28 -3 -7 -8 -9 18 -2 13 -13 14 -12 -15 17 -17 20 26 23 22 -22 25 -23 -1 27 -20 -5 -4
right_child=10 2 3 4 -6 6 7 8 -10 -11 11 12 -14 15 -16 16 -18 -19 19 -21 21 24 -24 -25 -26 -27 -28 -29 -30 -31
leaf_value=0.02752715671592559 -0.0028271773199768382 -0.0068192508425644954 0.027447322638942267 -0.056097594435995421 -0.045510415731884163 0.042397196985716923 -0.039735390334010127 0.033328596149945745 -0.014407387825539958 -0.012815521534053785 -0.039701563111304641 -0.045812956428489579 0.067422092174438689 -0.04961039768251365 -0.0099716512198589312 -0.047512442263922386 -0.036693185964179441 0.045880865140783447 -0.013551360114536167 0.052962915143829295 -0.030065697762477247 0.010734501191269778 -0.0022866804392490062 0.022373563227642321 0.0012558969345642438 0.0029343156349320564 -0.049730981988022928 0.061315052726161966 0.031137408116520816 0.0046798768823040652
leaf_weight=74.978522918419912 1420.5522590940818 1153.1620200347388 145.46020554821007 3.6202529106522006 56.088409361138474 58.449165627360344 29.222998679615557 41.264072649180889 76.669477286282927 117.26766030443832 107.98361376335379 7.7973997931694639 15.11624501168262 8.8737562570022401 117.61428284691647 3.4665233078412703 6.1345503714401266 32.92180817364715 84.500560788292205 9.5660242647863907 82.709777081385255 803.79770192352589 400.05733238719404 201.62110765487887 1238.4261257995386 653.50342257553712 21.009188817290124 4.2667384357191613 16.38193898712052 82.158338957116939
leaf_count=649 10735 15308 694 84 1838 237 503 152 1789 1180 3498 428 106 308 2873 125 136 209 2211 128 492 2839 2118 1342 6720 3730 2020 10 146 496
internal_value=-1.79519e-11 0.00154103 -0.0025058 0.00686897 -0.0300435 -0.00460474 0.00778847 -0.00615116 0.00243487 0.00336362 -0.0047939 -0.0140692 0.0285844 -0.0176877 -0.0243144 0.0113083 0.0248687 0.035951 0.00389785 -0.0113896 0.00442903 0.00267689 -0.00709821 0.00917766 0.00499 0.00549978 -0.0174248 -0.00930983 0.0134292 0.0192859
internal_weight=7074.64 5354.18 1662.48 303.709 76.0906 1358.77 205.606 147.157 117.934 3691.7 1720.46 299.908 22.9136 276.995 225.598 51.3966 42.5229 36.3883 3574.44 119.343 3455.09 2524.99 482.767 930.103 2042.22 728.482 109.776 88.7673 20.0022 227.619
internal_count=63104 44686 21247 3258 2068 17989 2681 2444 1941 23439 18418 7683 534 7149 6371 778 470 334 22259 4369 17890 12169 2610 5721 9559 4379 4241 2221 230 1190
is_linear=0
shrinkage=0.045


Tree=69
num_leaves=31
num_cat=0
split_feature=48 75 55 51 19 54 58 19 54 0 57 24 0 48 48 36 16 48 54 63 12 43 0 48 54 75 48 48 4 40
split_gain=23.5372 18.4842 15.2856 15.0662 61.1546 25.4056 18.5394 46.8641 18.1753 17.521 27.2862 17.0835 14.4218 12.4241 32.3032 14.1011 12.4216 14.2968 19.3141 12.3141 20.2448 13.9692 13.5702 13.011 24.7505 25.0021 24.1967 23.7084 23.0221 21.3948
threshold=1083.5000000000002 2338.0000000000005 23.500000000000004 742.50000000000011 1.0000000180025095e-35 4.5000000000000009 1.0000000180025095e-35 1.0000000180025095e-35 4.5000000000000009 3.5000000000000004 95.000000000000014 1.0000000180025095e-35 24.500000000000004 9.0000000000000018 16.000000000000004 1.5000000000000002 145.00000000000003 16.000000000000004 4.5000000000000009 1.0000000180025095e-35 1.0000000180025095e-35 10.500000000000002 25.500000000000004 193.50000000000003 4.5000000000000009 448.50000000000006 431.50000000000006 342.50000000000006 2.5000000000000004 1.5000000000000002
decision_type=2 2 2 2 2 2 2 2 2 2 2 2 2 2 2 2 2 2 2 2 2 2 2 2 2 2 2 2 2 2
left_child=1 2 19 6 8 -6 16 -8 13 -9 -11 -7 -2 15 -15 -5 -3 18 -18 23 21 22 -21 24 25 -1 27 -25 -26 -28
right_child=12 3 -4 4 5 11 7 9 -10 10 -12 -13 -14 14 -16 -17 17 -19 -20 20 -22 -23 -24 26 28 -27 29 -29 -30 -31
leaf_value=0.038963028244353999 -0.004086460208658018 -0.0080870321711438726 -0.012710842805983252 0.039405702554949004 -0.057203681347793169 -0.044735172551190076 0.041430281401274652 -0.046456640256773131 -0.026640607123726925 0.028743198310169655 -0.014586194685201054 0.015897947445927599 -0.038426789842358637 -0.048832030978177517 0.020947319048877582 -0.0069088905896840724 0.051287200966139125 -0.0027193520079519212 -0.04651558251382519 -0.012567790730566304 0.048728767838563253 -0.049365560799740589 0.061890517929391313 9.7537350271312102e-05 0.022784265166751447 0.011081270732695546 0.0018416252213318267 -0.021640336900083254 -0.0052501093122614617 0.012091488629515697
leaf_weight=75.051839176565409 1685.0728360187495 1059.5449515035143 116.68227944197133 89.967721035005525 33.271649742673617 13.118126893881707 59.007236894220114 17.693925187340938 16.092284531332552 43.604316841403488 85.516022868047003 27.262411485891789 24.152452382899355 14.810574066708794 89.421766464598477 15.275159970857201 23.451034861151133 63.064452570048161 4.0958650454413137 83.215191502327798 9.6905963994795439 19.892992327688262 4.2803556546568862 334.81574316718616 72.225407586432993 466.77554203814361 1466.9064098669915 144.85570977733005 311.32511596102268 572.89955535926856
leaf_count=201 16633 14650 1180 195 1166 415 237 342 407 489 1613 487 1785 139 412 37 73 436 149 2211 128 2020 10 1556 149 4233 7188 1054 1138 2371
internal_value=-6.5267e-11 0.0014727 0.0032494 -0.00247551 0.00664899 -0.0287028 -0.00449241 0.00791886 0.0182678 -0.00573913 0.000154712 -0.00440455 -0.0045939 0.0218279 0.0106624 0.0326818 -0.00671836 0.00919945 0.0356252 0.00377564 -0.0105188 -0.0162655 -0.00826703 0.00426438 0.00882513 0.015008 0.00258642 -0.00649843 7.44924e-05 0.00472491
internal_weight=7043.04 5333.81 3678.62 1655.2 299.22 73.6522 1355.98 205.822 225.568 146.814 129.12 40.3805 1709.23 209.475 104.232 105.243 1150.16 90.6114 27.5469 3561.93 117.079 107.389 87.4955 3444.86 925.378 541.827 2519.48 479.671 383.551 2039.81
internal_count=63104 44686 23439 21247 3258 2068 17989 2681 1190 2444 2102 902 18418 783 551 232 15308 658 222 22259 4369 4241 2221 17890 5721 4434 12169 2610 1287 9559
is_linear=0
shrinkage=0.045


Tree=70
num_leaves=31
num_cat=0
split_feature=48 75 25 48 75 46 44 0 48 54 19 19 48 48 16 47 57 25 2 59 8 48 56 27 16 9 4 8 48 48
split_gain=22.9616 16.7982 15.0926 24.6341 41.2921 25.9954 20.3634 23.5607 19.2927 18.3487 39.8035 29.0323 20.7514 26.8444 24.7873 20.4389 58.5856 17.0379 15.0677 14.5578 22.206 31.6552 20.6475 31.3419 18.9384 16.2122 15.4799 16.5512 19.2692 30.0402
threshold=1083.5000000000002 2338.0000000000005 1.0000000180025095e-35 407.50000000000006 3257.5000000000005 1.5000000000000002 1.0000000180025095e-35 2.5000000000000004 9.0000000000000018 4.5000000000000009 1.0000000180025095e-35 1.0000000180025095e-35 91.000000000000014 343.50000000000006 145.00000000000003 662.50000000000011 85.000000000000014 2.5000000000000004 3.5000000000000004 -1.0000000180025095e-35 4.5000000000000009 742.50000000000011 1.5000000000000002 2.5000000000000004 75.000000000000014 2.5000000000000004 1.5000000000000002 4.5000000000000009 193.50000000000003 343.50000000000006
decision_type=2 2 2 2 2 2 2 2 2 2 2 2 2 2 2 2 2 2 2 2 2 2 2 2 2 2 2 2 2 2
left_child=1 19 3 6 -5 -6 -3 8 -8 10 15 -11 14 -14 -12 16 -4 -13 -17 20 22 -22 -1 25 -23 -24 -21 28 -28 -30
right_child=-2 2 9 4 5 -7 7 -9 -10 11 12 17 13 -15 -16 18 -18 -19 -20 26 21 24 23 -25 -26 -27 27 -29 29 -31
leaf_value=0.010396649993143811 -0.0045427900141010802 -0.046417955803356829 -0.034208205900667192 -0.025106878345613756 0.034948161123652392 -0.0042898500457229025 -0.021214129069738394 -0.018677428999406602 0.016075522543928501 -0.034753687556297194 -0.036510472754684616 0.0029469102613777398 0.021686969142700692 -0.010584885552601351 0.036737080907501718 0.037953869445527602 0.029829083962885805 -0.033490803447540324 0.014579909828312738 -0.033872153929781192 0.0068929100534327889 0.011907282127646301 -0.017065531699405764 -0.050763733316702857 -0.024898296748863891 0.0086641354356017178 0.0053473558340565363 0.007826825838791648 -0.031346977505797506 -0.0033657901673555591
leaf_weight=1340.7761420551687 1703.6141299743322 34.852856230922043 54.282544462010264 62.152591036399826 81.475292996503413 58.062937776558101 39.510952069424093 261.39979119278723 90.845584907568991 63.393413866113406 67.220499402668793 236.01749814476352 77.085529676754959 156.42262274905806 10.018527227221055 82.477299044141546 59.690522789955139 28.186919668107294 176.17526535724755 25.92919584910851 251.80526188341901 34.491355459904298 67.05775661719963 24.416932820342481 144.77942343382165 181.8139809507411 415.69484080173424 450.15844870812725 87.627156861126423 632.81175010232255
leaf_count=5661 18418 318 532 830 572 367 229 4157 261 3078 1661 4135 386 2359 62 290 286 837 887 271 741 201 308 133 1543 690 6276 3515 678 3422
internal_value=3.33711e-11 0.00146173 -0.00232263 -0.00779387 0.00514786 0.0187066 -0.0139102 -0.0109073 0.00469761 0.00108199 0.00527764 -0.00765961 -0.00660419 0.000115723 -0.0266616 0.0151775 -0.000702547 -0.00105211 0.0221507 0.00315809 0.00567787 -0.00338943 0.00810011 -0.00316373 -0.0177902 0.0016908 -3.98374e-05 0.00053417 -0.00235967 -0.00680788
internal_weight=7000.25 5296.63 1639.27 628.3 201.691 139.538 426.609 391.756 130.357 1010.97 683.373 327.598 310.747 233.508 77.239 372.626 113.973 264.204 258.653 3657.36 2045.14 431.076 1614.06 273.289 179.271 248.872 1612.22 1586.29 1136.13 720.439
internal_count=63104 44686 21247 6734 1769 939 4965 4647 490 14513 6463 8050 4468 2745 1723 1995 818 4972 1177 23439 9277 2485 6792 1131 1744 998 14162 13891 10376 4100
is_linear=0
shrinkage=0.045


Tree=71
num_leaves=31
num_cat=0
split_feature=48 75 51 19 20 58 19 25 57 55 43 48 48 14 48 22 48 54 48 14 41 29 14 3 48 63 12 43 0 57
split_gain=22.1499 16.0856 15.2926 51.1544 22.176 15.1217 42.5502 19.7378 28.7716 13.9277 13.7299 19.0307 14.4961 32.2555 24.9118 28.0593 13.1372 12.416 12.1208 47.0878 39.7297 18.7393 13.3002 12.0015 12.6031 11.8258 16.7722 13.3786 14.0668 12.8139
threshold=1083.5000000000002 2338.0000000000005 742.50000000000011 1.0000000180025095e-35 115.50000000000001 1.0000000180025095e-35 1.0000000180025095e-35 1.0000000180025095e-35 95.000000000000014 23.500000000000004 17.500000000000004 1091.5000000000002 1262.5000000000002 1.0000000180025095e-35 1183.0000000000002 305.00000000000006 16.000000000000004 4.5000000000000009 1239.5000000000002 1.0000000180025095e-35 2740.5000000000005 1.0000000180025095e-35 1256.5000000000002 5.5000000000000009 1167.0000000000002 1.0000000180025095e-35 1.0000000180025095e-35 10.500000000000002 25.500000000000004 45.000000000000007
decision_type=2 2 2 2 2 2 2 2 2 2 2 2 2 2 2 2 2 2 2 2 2 2 2 2 2 2 2 2 2 2
left_child=1 9 5 17 -5 -3 -7 -8 -9 25 18 -12 14 -14 23 -16 -11 -4 -2 20 -20 -21 -23 -13 -25 29 27 28 -27 -1
right_child=10 2 3 4 -6 6 7 8 -10 16 11 12 13 -15 15 -17 -18 -19 19 21 -22 22 -24 24 -26 26 -28 -29 -30 -31
leaf_value=0.0055137984660181332 -0.0014588272783374815 -0.0063853245754063081 0.020261901239702534 0.014132260178520617 -0.0421704518354446 0.039774641761969945 -0.038656349516037344 0.036679832527442939 -0.011849499923036935 0.037821369513398831 -0.048029605558015678 -0.007200794863047537 -0.046204645899447817 0.062043508883351986 -0.041737324123830792 0.0046182965827289693 -0.016868102375555985 -0.02225259638574871 -0.06118146730406291 -0.026657419956558664 0.060174966712666624 0.077795837905485554 0.014491065859823616 -0.012045786365778483 0.043834929677747297 -0.012463923951847963 0.043397166118064566 -0.049053685029160861 0.063037966904961995 -0.0012122720757947979
leaf_weight=2688.0618522942532 1308.2687904589111 1123.3550854782225 208.85090934426989 19.062456640473101 49.849755802832078 56.427542283199728 28.740260686376132 33.966586186783388 83.605643027229235 8.771508686244486 27.954189283307642 84.457849840458948 7.75176291324897 14.726645419257691 82.327439645421691 38.462947853375226 104.75501445867121 14.091104541788807 45.78143233328592 15.520094963489099 5.3785416837781659 8.3321817927062494 26.388778102933429 12.165082632331176 21.856026639812626 83.134884405211778 9.7134183575399202 18.932779859664151 4.3251899369060984 728.66779820295051
leaf_count=14595 9591 15308 783 230 1838 237 503 268 1673 56 727 1944 428 106 3374 809 1124 407 760 155 34 31 164 192 103 2211 128 2020 10 3295
internal_value=-3.61285e-11 0.00144204 -0.0022913 0.00701828 -0.0266167 -0.00434394 0.00694289 -0.00590321 0.00236172 0.00309875 -0.00446536 -0.013371 -0.00950076 0.0243357 -0.0127676 -0.0270597 -0.0123492 0.0174874 -0.00262699 -0.0175371 -0.047514 0.0133197 0.0314353 0.00190782 0.02408 0.00359852 -0.0104675 -0.0157435 -0.0080597 0.00407943
internal_weight=6963.68 5264.31 1617.95 291.854 68.9122 1326.1 202.74 146.312 117.572 3646.36 1699.37 289.702 261.748 22.4784 239.269 120.79 113.527 222.942 1409.67 101.401 51.16 50.2411 34.721 118.479 34.0211 3532.84 116.106 106.393 87.4601 3416.73
internal_count=63104 44686 21247 3258 2068 17989 2681 2444 1941 23439 18418 7683 6956 534 6422 4183 1180 1190 10735 1144 794 350 195 2239 295 22259 4369 4241 2221 17890
is_linear=0
shrinkage=0.045


Tree=72
num_leaves=31
num_cat=0
split_feature=75 11 21 48 48 60 7 33 14 0 4 70 48 6 49 72 57 9 55 3 48 55 17 46 56 31 22 55 9 27
split_gain=18.9806 27.7538 32.861 15.7072 17.508 12.6416 12.0035 14.7247 14.6341 11.4843 10.667 23.1566 10.7216 14.9618 26.587 19.9925 19.5413 16.7602 12.983 12.7603 12.1592 31.7227 11.9 11.7204 9.95445 14.4564 9.88603 9.83418 20.3153 19.0907
threshold=215.00000000000003 1.0000000180025095e-35 145.00000000000003 742.50000000000011 741.50000000000011 -1.0000000180025095e-35 3.5000000000000004 1.5000000000000002 1265.0000000000002 10.500000000000002 1.5000000000000002 1.0000000180025095e-35 1083.5000000000002 15.500000000000002 1.0000000180025095e-35 1.0000000180025095e-35 65.000000000000014 2.5000000000000004 5.5000000000000009 5.5000000000000009 1239.5000000000002 6.5000000000000009 60.000000000000007 8.5000000000000018 2.5000000000000004 6416.0000000000009 305.00000000000006 14.500000000000002 4.5000000000000009 1.5000000000000002
decision_type=2 2 2 2 2 2 2 2 2 2 2 2 2 2 2 2 2 2 2 2 2 2 2 2 2 2 2 2 2 2
left_child=1 6 3 4 -3 -2 7 -1 -9 -4 11 -7 13 15 16 18 -15 -16 -12 -14 23 -22 -17 -21 26 27 -8 29 -29 -26
right_child=5 2 9 -5 -6 10 24 8 -10 -11 12 -13 19 14 17 22 -18 -19 -20 20 21 -23 -24 -25 25 -27 -28 28 -30 -31
leaf_value=0.0064226559148081912 0.04268068215069136 -0.034905574662865584 0.017134781415021769 -0.053891075875144696 0.01697269841842268 -0.027356489286996685 0.0096182090193840056 -0.0082190699825420467 -0.058555225922921492 -0.035068679311378657 -0.0041651477459965763 0.063293629420622222 -0.007838030851781844 0.0054515066760864282 0.042251219371694987 0.037569521585272936 -0.01091499141268853 0.011987939978839667 0.0023057970284992143 0.0034577772017594459 -0.03269098732441468 0.044214082146949635 0.0052192065347564393 -0.015987290983588576 0.024762976200222723 -0.029581506901497721 0.02360325406546045 0.0062574210865825536 -0.06336824237771102 -0.027477229882550837
leaf_weight=141.98263463494368 12.315940383239647 33.050698345061392 62.162121758563444 34.73219960113056 20.703701911494136 60.222394572396297 614.8188572517829 59.750530337681994 13.684078534133731 8.9168828378897143 1887.6771233472973 5.3463388085365287 859.49606205278542 605.04332258971408 50.133543448755518 39.226829933002591 194.36198684835108 139.62839731411077 939.74393471289659 681.84998304478358 55.426722803968005 12.533966455608605 54.749109890079126 68.132361233350821 70.226612261030823 27.40777280763723 122.81701140780933 32.727501065470278 10.387458115816115 16.80089773889631
leaf_count=464 334 212 214 421 47 1614 2412 381 161 103 20284 12 12286 7584 104 78 1155 514 8127 3818 601 91 336 787 207 143 417 104 21 72
internal_value=-1.96081e-11 0.00496957 -0.0125266 -0.0306843 -0.0149794 -0.00111475 0.00749234 -0.00203687 -0.0182595 0.0101902 -0.00121769 -0.0191253 -0.00100418 0.000286992 0.0050676 -0.00133287 0.0014636 0.0201628 -0.00201436 -0.00401262 1.17842e-05 -0.0180719 0.0189761 0.00167235 0.00978516 -0.000480839 0.0119755 0.00582655 -0.0115733 0.0144803
internal_weight=6936.06 1270.17 159.566 88.4866 53.7544 5665.89 1110.6 215.417 73.4346 71.079 5653.57 65.5687 5588 3910.56 989.167 2921.4 799.405 189.762 2827.42 1677.44 817.943 67.9607 93.9759 749.982 895.186 157.55 737.636 130.142 43.115 87.0275
internal_count=63104 5379 997 680 259 57725 4382 1006 542 317 57391 1626 55765 38182 9357 28825 8739 618 28411 17583 5297 692 414 4605 3376 547 2829 404 125 279
is_linear=0
shrinkage=0.045


Tree=73
num_leaves=31
num_cat=0
split_feature=75 11 21 48 2 33 7 6 46 48 0 30 30 25 60 22 14 0 51 19 54 51 48 55 0 51 48 51 48 10
split_gain=18.582 25.4988 33.0459 16.4556 18.2326 12.6782 18.1534 15.0357 13.306 21.6752 15.5675 13.0959 12.8604 12.1711 11.8785 10.8568 10.5283 10.3137 9.13616 45.376 21.9468 20.9539 20.9147 37.2241 19.803 44.083 28.0344 17.2952 30.9532 22.5233
threshold=215.00000000000003 1.0000000180025095e-35 145.00000000000003 742.50000000000011 3.5000000000000004 1.5000000000000002 3.5000000000000004 10.500000000000002 6.5000000000000009 742.50000000000011 16.500000000000004 2338.5000000000005 5511.0000000000009 1.5000000000000002 -1.0000000180025095e-35 315.00000000000006 1265.0000000000002 10.500000000000002 742.50000000000011 1.0000000180025095e-35 4.5000000000000009 222.50000000000003 193.50000000000003 5.5000000000000009 2.5000000000000004 542.00000000000011 16.000000000000004 741.50000000000011 9.0000000000000018 1.0000000180025095e-35
decision_type=2 2 2 2 2 2 2 2 2 2 2 2 2 2 2 2 2 2 2 2 2 2 2 2 2 2 2 2 2 2
left_child=1 5 3 4 -3 13 7 -7 10 -10 11 -8 -11 -1 -2 16 -15 -4 21 -20 -21 22 23 -16 25 -23 -27 28 -26 -29
right_child=14 2 17 -5 -6 6 8 -9 9 12 -12 -13 -14 15 18 -17 -18 -19 19 20 -22 24 -24 -25 27 26 -28 29 -30 -31
leaf_value=0.0084090104447715475 0.042419281986327322 -0.065369171553342612 0.01741480127145012 -0.054823007612007146 -0.0011491828739711506 0.011164311966734571 0.041171447292914533 -0.032159415461381805 0.0066864868642566803 -0.045349703334907281 -0.042029718618125753 0.010441604264649795 0.0068165906380256713 0.023584541686231926 -0.00079955045273597967 0.049246306689334433 -0.017761118803619236 -0.03289806679657211 0.016345528685122644 -0.054396996304121557 -0.0028196765999410293 -0.040488118637976946 -0.0021467313013130975 0.018664680245516894 -0.051807692040123532 -0.014251351834486125 0.048815638716391267 -0.0200076242606552 -0.0133911900052425 0.013000632997243227
leaf_weight=594.70701120584272 11.672377433103973 10.3032527314499 61.669116468634456 33.25756487599574 43.220644498709589 22.817054491722956 36.557400337187573 51.768273412017152 115.7528004697524 31.160254225600511 8.3335751189151761 115.89440849237144 13.286632881849071 69.086063900729641 624.56484909867868 26.671176671748981 14.399938568705691 8.5628903282340598 222.48729210020974 29.031863979529589 37.912659370107576 25.383667061105371 3945.1377095212229 290.92541475908365 54.992907376727089 20.541529101319611 43.124201274476945 82.840794685296714 180.89708412380423 82.649987449054606
leaf_count=1774 334 101 214 421 158 65 113 477 325 437 339 441 85 198 10123 56 72 103 1190 1166 902 105 32997 2301 1590 76 91 1940 3999 911
internal_value=3.03025e-11 0.00494535 -0.0119676 -0.0303914 -0.0144836 0.00736722 0.000915521 -0.0189335 0.0055722 -0.00360054 0.0146773 0.0180308 -0.0299486 0.0109815 -0.00110088 0.0246689 0.0163273 0.0109048 -0.00119845 0.00657522 -0.0256586 -0.00162006 -0.000724608 0.00539943 -0.0104754 0.00864781 0.0285616 -0.0147289 -0.0225281 -0.00354345
internal_weight=6909.61 1257.45 157.013 86.7815 53.5239 1100.43 395.57 74.5853 320.985 160.2 160.785 152.452 44.4469 704.864 5652.16 110.157 83.486 70.232 5640.49 289.432 66.9445 5351.06 4860.63 915.49 490.43 89.0494 63.6657 401.381 235.89 165.491
internal_count=63104 5379 997 680 259 4382 2282 542 1740 847 893 554 522 2100 57725 326 270 317 57391 3258 2068 54133 45421 12424 8712 272 167 8440 5589 2851
is_linear=0
shrinkage=0.045


Tree=74
num_leaves=31
num_cat=0
split_feature=48 75 59 11 48 29 48 2 22 15 7 49 46 4 9 56 38 48 51 25 57 55 48 16 27 55 1 25 0 57
split_gain=17.9894 13.6641 14.2975 21.8874 82.6761 27.9116 23.1598 22.4562 16.1973 14.3049 14.4515 18.982 14.4307 26.4845 12.775 14.3912 15.7032 12.9515 12.5577 27.2934 14.9961 24.372 18.4254 17.0347 14.5822 22.6471 19.7423 12.9783 12.419 11.5477
threshold=1083.5000000000002 2338.0000000000005 -1.0000000180025095e-35 1.0000000180025095e-35 742.50000000000011 1.0000000180025095e-35 126.00000000000001 4.5000000000000009 195.00000000000003 103.00000000000001 3.5000000000000004 1071.5000000000002 3.5000000000000004 20.500000000000004 2.5000000000000004 1.5000000000000002 1.0000000180025095e-35 1080.0000000000002 742.50000000000011 2.5000000000000004 85.000000000000014 1.0000000180025095e-35 647.50000000000011 75.000000000000014 1.0000000180025095e-35 15.500000000000002 1.0000000180025095e-35 1.5000000000000002 24.500000000000004 255.00000000000003
decision_type=2 2 2 2 2 2 2 2 2 2 2 2 2 2 2 2 2 2 2 2 2 2 2 2 2 2 2 2 2 2
left_child=1 2 3 14 6 -6 7 -5 -8 -4 11 29 -12 -14 15 -1 -17 -16 20 24 -3 -22 23 -23 25 26 -20 -24 -2 -11
right_child=28 18 9 4 5 -7 8 -9 -10 10 12 -13 13 -15 17 16 -18 -19 19 -21 21 22 27 -25 -26 -27 -28 -29 -30 -31
leaf_value=0.0055622908483135697 -0.0035829893504778524 -0.006129462503515916 0.046008068328658169 -0.055440256215543222 -0.0081430458094388647 -0.055349825407522535 0.029846980853868253 0.0051842871248454492 0.0010875469591759943 0.0013239789756039088 0.0012441337205695892 0.02044865319786849 -0.00034019684159648892 -0.020776498630489391 0.0087617889121237458 0.0042408290196001494 -0.028850326782483084 0.027349338620464073 0.0044335815492893439 -0.041623083251049069 -0.0053960142342594324 -0.04636113090216281 0.070264665124765299 0.01975594521284987 -0.0066121531253610991 -0.024076713560305829 0.035570128690942809 0.019903480227034212 -0.036804884197227654 -0.053804332294084961
leaf_weight=409.9324022938963 1662.3774935088004 1100.682240864553 12.374043933872597 17.386916537769139 41.394075641757809 66.138556784251705 102.30579336732626 37.372386627364904 64.48925976397004 257.11743937933352 655.96171113778837 133.47703470895067 312.65914397715824 216.95520180568565 1074.9517329588998 57.382139871129766 57.333039439050481 81.013215205282904 71.305889494193252 21.206608161970507 128.87868462741608 9.3981154765933734 21.235966432839632 31.787105910480022 73.893099929933669 23.251969393517356 97.839147529040929 21.473429124802351 22.117371204891242 6.9307984821498385
leaf_count=1808 16633 15708 380 151 291 669 360 138 292 2704 4705 442 2769 3121 4735 245 303 285 759 693 1926 132 53 90 881 276 649 80 1785 41
internal_value=2.44076e-11 0.00130796 0.00284401 0.00536802 -0.00523249 -0.0374203 0.010488 -0.014714 0.0188002 -0.00033667 -0.00072773 0.00668692 -0.00321741 -0.00873526 0.00744562 0.00161779 -0.0124041 0.010087 -0.00215069 0.00635319 -0.00401548 0.00689771 0.0256244 0.00392725 0.0103153 0.0168172 0.0225472 0.0459787 -0.00404077 -0.00032058
internal_weight=6890.62 5206.13 3605.17 2009.7 329.087 107.533 221.554 54.7593 166.795 1595.48 1583.1 397.525 1185.58 529.614 1680.61 524.648 114.715 1155.96 1600.95 287.497 1313.46 212.773 83.8946 41.1852 266.29 192.397 169.145 42.7094 1684.49 264.048
internal_count=63104 44686 23439 9277 1901 960 941 289 652 14162 13782 3187 10595 5890 7376 2356 548 5020 21247 3258 17989 2281 355 222 2565 1684 1408 133 18418 2745
is_linear=0
shrinkage=0.045


Tree=75
num_leaves=31
num_cat=0
split_feature=75 11 22 48 48 60 46 15 34 22 4 26 6 31 31 46 29 72 26 36 17 51 19 20 51 48 0 51 51 47
split_gain=17.2981 23.8731 32.2506 14.8602 11.2998 11.0682 10.0553 13.7257 11.8382 11.1548 9.56896 9.39325 11.9232 13.6219 11.0992 9.75684 9.21519 9.10295 25.5914 18.747 18.2575 9.09621 40.1396 20.7419 13.983 20.0173 19.3788 34.0266 18.1872 17.6928
threshold=215.00000000000003 1.0000000180025095e-35 145.00000000000003 742.50000000000011 741.50000000000011 -1.0000000180025095e-35 1.5000000000000002 741.50000000000011 2.5000000000000004 145.00000000000003 18.500000000000004 1.5000000000000002 11.500000000000002 7385.5000000000009 1375.0000000000002 16.500000000000004 1.5000000000000002 1.0000000180025095e-35 1.5000000000000002 2.5000000000000004 75.000000000000014 742.50000000000011 1.0000000180025095e-35 115.50000000000001 222.50000000000003 193.50000000000003 2.5000000000000004 542.00000000000011 741.50000000000011 2426.0000000000005
decision_type=2 2 2 2 2 2 2 2 2 2 2 2 2 2 2 2 2 2 2 2 2 2 2 2 2 2 2 2 2 2
left_child=1 6 3 4 -3 -2 7 -1 11 -10 -4 12 16 -14 15 -13 -8 21 19 -19 -20 24 -23 -24 25 29 27 -26 -28 -7
right_child=5 2 10 -5 -6 17 8 -9 9 -11 -12 14 13 -15 -16 -17 -18 18 20 -21 -22 22 23 -25 26 -27 28 -29 -30 -31
leaf_value=0.0014193530561627129 0.04211386787891655 -0.031825551287507331 -0.011130101335953728 -0.056504815564494944 0.011860452506896168 0.0010897526289125935 0.0073711180176655004 0.024381063544480799 -0.06742983446600978 -0.0042648980607751215 0.021738790443118019 -0.009915053768803481 0.020773705679542152 -0.014601674346950403 0.0044350911160176568 -0.060129211539040925 -0.010771155036053876 0.024276947030107861 0.026526263370436495 -0.048036414754930472 -0.063048142771350416 0.015449961985003839 0.01533719156827045 -0.040315193106123359 -0.035884391851755432 -0.0025566827760130258 -0.021494817090285407 0.027374500648712441 -0.0018882539295578208 0.015249503265891941
leaf_weight=85.263786499388516 10.997665360278914 32.023738268297166 27.942562981741503 29.29568273643963 18.154479339718819 672.82335121225333 291.75664691254497 137.65658091939986 7.464758547954264 17.547414297237992 46.731167783029377 62.108662828104571 204.06394657236524 23.986423077411018 184.81431833328679 8.0850470783188921 69.381316886050627 101.36179243167862 6.0640952475369003 6.8954899285454294 13.566278333310036 221.98890215985011 18.365960441646166 46.453246037068311 22.715883666649461 3803.6028089830652 230.48963966051815 62.19735729880631 163.80732919741422 242.40224471449619
leaf_count=295 334 212 229 391 43 9777 798 430 50 77 122 449 545 139 1294 64 241 385 11 96 185 1190 230 1838 105 32320 5589 167 2851 2647
internal_value=6.67892e-13 0.00479446 -0.011732 -0.0315092 -0.016097 -0.00106317 0.00713567 0.0156441 0.00493809 -0.0249837 0.00945486 0.00585314 0.00897163 0.0170054 -0.00135894 -0.0164622 0.00386553 -0.00115525 0.0106664 0.0192734 -0.0354328 -0.00143279 0.00635529 -0.0245531 -0.00186364 -0.00111892 -0.00917944 0.0102309 -0.0133748 0.00485259
internal_weight=6870.01 1246.28 154.148 79.4739 50.1782 5623.73 1092.13 222.92 869.209 25.0122 74.6737 844.196 589.188 228.05 255.008 70.1937 361.138 5612.73 127.888 108.257 19.6304 5484.85 286.808 64.8192 5198.04 4718.83 479.21 84.9132 394.297 915.226
internal_count=63104 5379 997 646 255 57725 4382 725 3657 127 351 3530 1723 684 1807 513 1039 57391 677 481 196 56714 3258 2068 53456 44744 8712 272 8440 12424
is_linear=0
shrinkage=0.045


Tree=76
num_leaves=31
num_cat=0
split_feature=75 11 22 51 2 60 33 25 56 17 56 46 51 4 4 34 8 46 51 55 6 55 46 46 46 14 6 2 51 25
split_gain=17.3029 20.9662 29.6938 15.2712 11.5289 10.4487 10.1793 11.6038 15.7397 12.9322 20.7846 16.493 11.4164 16.4691 11.577 9.20283 9.05132 8.95652 13.6102 22.0181 8.52862 8.36937 8.1452 8.63399 7.98439 7.92859 7.84198 13.2554 7.46483 23.7284
threshold=215.00000000000003 1.0000000180025095e-35 145.00000000000003 741.50000000000011 3.5000000000000004 -1.0000000180025095e-35 1.5000000000000002 1.5000000000000002 1.5000000000000002 60.000000000000007 1.0000000180025095e-35 3.5000000000000004 542.00000000000011 38.500000000000007 4.5000000000000009 2.5000000000000004 2.5000000000000004 1.5000000000000002 741.50000000000011 5.5000000000000009 19.500000000000004 29.500000000000004 1.5000000000000002 4.5000000000000009 12.500000000000002 1263.0000000000002 8.5000000000000018 3.5000000000000004 742.50000000000011 2.5000000000000004
decision_type=2 2 2 2 2 2 2 2 2 2 2 2 2 2 2 2 2 2 2 2 2 2 2 2 2 2 2 2 2 2
left_child=1 6 3 4 -3 -2 7 8 9 11 -11 -1 14 -14 -10 17 -5 25 -19 -20 -4 28 -6 -24 26 -8 -9 -28 -7 -30
right_child=5 2 20 16 22 21 15 24 12 10 -12 -13 13 -15 -16 -17 -18 18 19 -21 -22 -23 23 -25 -26 -27 27 -29 29 -31
leaf_value=0.015291090262563587 0.041850998151572123 -0.059232028190070299 0.015462744750425642 0.023543556531298349 0.022050744159276343 -0.0013539012816768876 0.025200204724169867 0.031007391972084367 0.029854813442062512 0.027742543373627117 0.0036983844074462303 -0.017917343547361866 0.0146691906763165 -0.037750463780483155 -0.022221407872864838 -0.033860951365037237 -0.062579525362730787 0.0072118937301996477 0.0045460567140445697 -0.032923723268704574 -0.028564969728551153 -0.017727249440983348 -0.04064732228316599 0.0092210346065578676 0.043001816267809592 -0.012015436741227053 -0.035400710548724783 0.018215712523210751 0.0097385656835838798 -0.039878442919358145
leaf_weight=64.614075808785856 10.46595868677832 8.425751203671096 64.973435000050813 2.2054179031401899 14.685366800054906 5253.8893751498836 52.83378312876448 35.937177092768252 8.9502365635707957 169.57074289536104 127.62404001620598 55.24618464242667 80.721641033887863 13.277731201611457 70.771393980830908 13.640471825376151 26.580516360001639 179.32759539596736 71.7402922087349 55.684567838907242 9.3634296006057394 60.015857582911849 14.680906023830177 12.188171414192764 30.348969860002398 14.120825625956057 12.157049422850831 31.192012320272624 264.7787958176923 20.082419073558412
leaf_count=133 334 101 226 8 46 53365 170 118 25 409 401 179 249 80 298 64 383 508 680 743 125 768 61 47 67 117 64 77 2565 693
internal_value=-4.98705e-12 0.00480634 -0.0107371 -0.0298212 -0.0142842 -0.00106392 0.00700195 0.0102355 0.00771457 0.0124464 0.0174643 -3.69969e-05 -0.00365153 0.0069453 -0.0160775 0.00114361 -0.0554124 0.00250824 -0.000763867 -0.0119571 0.00961149 -0.0011516 -0.00399263 -0.0185072 0.0236274 0.0172901 0.015768 0.00272005 -0.000968822 0.00611335
internal_weight=6850.09 1240.86 153.103 78.7661 49.9802 5609.23 1087.76 700.411 590.776 417.055 297.195 119.86 173.721 93.9994 79.7216 387.348 28.7859 373.707 306.752 127.425 74.3369 5598.77 41.5544 26.8691 109.635 66.9546 79.2862 43.3491 5538.75 284.861
internal_count=63104 5379 997 646 255 57725 4382 2100 1774 1122 810 312 652 329 323 2282 391 2218 1931 1423 351 57391 154 108 326 287 259 141 56623 3258
is_linear=0
shrinkage=0.045


Tree=77
num_leaves=31
num_cat=0
split_feature=75 11 22 48 48 33 25 56 2 17 56 60 36 48 55 48 2 29 56 26 43 55 48 47 38 30 20 20 4 6
split_gain=16.5285 22.1817 29.8886 15.1903 11.1336 10.1765 10.5356 14.8609 10.0135 10.7016 10.0565 9.82998 8.14711 23.4656 10.5685 19.2708 12.4507 10.3716 9.48229 12.3582 8.6689 8.66353 8.03196 17.4602 15.4972 16.6059 14.7129 27.5235 14.0667 15.6048
threshold=215.00000000000003 1.0000000180025095e-35 145.00000000000003 742.50000000000011 741.50000000000011 1.5000000000000002 1.5000000000000002 2.5000000000000004 1.5000000000000002 75.000000000000014 1.0000000180025095e-35 -1.0000000180025095e-35 1.5000000000000002 742.50000000000011 5.5000000000000009 742.50000000000011 3.5000000000000004 1.5000000000000002 1.0000000180025095e-35 1.5000000000000002 9.5000000000000018 15.500000000000002 1083.5000000000002 4077.5000000000005 1.0000000180025095e-35 1547.0000000000002 670.00000000000011 363.00000000000006 1.5000000000000002 15.500000000000002
decision_type=2 2 2 2 2 2 2 2 2 2 2 2 2 2 2 2 2 2 2 2 2 2 2 2 2 2 2 2 2 2
left_child=1 5 3 4 -3 6 7 8 10 -10 -1 -2 14 17 18 -16 -17 21 20 -20 -7 -14 23 28 25 -25 27 -26 -13 -30
right_child=11 2 -4 -5 -6 12 -8 -9 9 -11 -12 22 13 -15 15 16 -18 -19 19 -21 -22 -23 -24 24 26 -27 -28 -29 29 -31
leaf_value=0.013876735220851514 0.041563638467103023 -0.03064794496898501 0.0091190813318872983 -0.056189086712606945 0.01291481784978068 -0.0036885465578202475 0.022980752605617414 -0.013159350658270029 0.0041462886836102992 0.017255507822004117 -0.05855039035548544 -0.028931724986958292 -0.00013010870969268465 -0.040398148280677795 0.0084844795628600811 0.0061119972269199595 -0.047787663671819469 0.012348869133891983 0.011416129469928321 -0.035985440798092377 0.028773391759290615 -0.057495353844965402 -0.0037176887266154291 -0.0093923786070498425 -0.0006143340144043112 0.022481704063274727 -0.0082204751902786744 0.02771291492163918 -0.0029129033660029151 0.0044753969439839305
leaf_weight=6.5753105813637358 9.9477790888049622 31.755219915881753 74.189174589700997 28.529752213507891 17.929032533429563 21.041208382928744 109.85288501461037 60.445256492355838 231.97797897225246 277.44087546295486 7.4891564701683819 36.256977766752243 13.338354860432448 32.791354293585755 74.836623962037265 12.557338571175931 25.66988998837769 67.012235802132636 38.896772301523015 14.453977225115521 75.313308685319498 7.8856845032423726 1683.6863036386203 40.281000564806163 238.5221081454074 172.96023626171518 182.1183748091571 96.969243852072395 2379.8590737659251 763.89822093496332
leaf_count=20 334 212 351 391 43 45 326 258 604 840 52 676 57 954 213 56 240 161 109 165 224 58 18418 183 1131 878 1100 427 26403 8175
internal_value=7.42811e-12 0.00472165 -0.0112971 -0.0305333 -0.0149833 0.00699557 0.0102444 0.00781314 0.0102553 0.0113057 -0.0260164 -0.00103689 0.00111139 -0.00850615 0.00555655 -0.00480604 -0.0303776 0.00366581 0.0133628 -0.00185189 0.0217195 -0.0230719 -0.00112005 -1.06226e-06 0.00626595 0.016445 0.00204884 0.0076313 -0.0014429 -0.00111678
internal_weight=6834.48 1229.98 152.403 78.214 49.6843 1077.58 693.781 583.929 523.483 509.419 14.0645 5604.5 383.797 121.028 262.769 113.064 38.2272 88.2363 149.705 53.3507 96.3545 21.224 5594.55 3910.87 730.851 213.241 517.61 335.491 3180.01 3143.76
internal_count=63104 5379 997 646 255 4382 2100 1774 1516 1444 72 57725 2282 1230 1052 509 296 276 543 274 269 115 57391 38973 3719 1061 2658 1558 35254 34578
is_linear=0
shrinkage=0.045


Tree=78
num_leaves=31
num_cat=0
split_feature=75 11 21 48 48 7 33 6 60 0 34 55 9 2 9 55 22 4 55 48 47 8 55 9 6 19 69 69 71 11
split_gain=17.9745 20.9809 27.1901 15.2994 11.4623 9.80966 11.2607 11.4349 9.23925 8.2653 7.66678 14.3224 10.9579 7.66639 7.30567 7.28521 7.24195 7.14873 7.11287 7.78919 14.9757 14.1718 15.0139 13.8499 12.4153 12.103 71.8221 29.5575 11.9626 22.9209
threshold=215.00000000000003 1.0000000180025095e-35 145.00000000000003 742.50000000000011 741.50000000000011 3.5000000000000004 1.5000000000000002 10.500000000000002 -1.0000000180025095e-35 10.500000000000002 1.5000000000000002 3.5000000000000004 4.5000000000000009 3.5000000000000004 1.5000000000000002 4.5000000000000009 315.00000000000006 1.5000000000000002 34.500000000000007 1083.5000000000002 4077.5000000000005 4.5000000000000009 5.5000000000000009 1.5000000000000002 16.500000000000004 1.0000000180025095e-35 1.0000000180025095e-35 1.0000000180025095e-35 1.0000000180025095e-35 1.0000000180025095e-35
decision_type=2 2 2 2 2 2 2 2 2 2 2 2 2 2 2 2 2 2 2 2 2 2 2 2 2 2 2 2 2 2
left_child=1 5 3 4 13 6 14 -8 -2 -4 -7 -12 -13 -3 -1 -15 17 -9 19 20 -10 23 -23 -22 25 26 -21 -27 -26 -30
right_child=8 2 9 -5 -6 10 7 16 18 -11 11 12 -14 15 -16 -17 -18 -19 -20 24 21 22 -24 -25 28 27 -28 -29 29 -31
leaf_value=-0.019707249326690168 0.041242902886569115 -0.065902488620758787 0.01598984891640693 -0.052978765817477139 0.01329132940110315 0.011056848602691752 0.010346586002434174 0.0059405707031887998 -0.001284476263433446 -0.030151276586285029 0.01218335776803397 -0.0060144085156661154 -0.051583085530950083 0.012241697472208268 0.0098632568657457155 -0.035742736532098147 -0.0021499893598777042 -0.049072446849958491 -0.024309779734853459 -0.0012832745905720915 -0.0075338407346848286 0.00096521134877766885 -0.047589426785302688 0.0103824402376016 -0.015392684144367889 -0.0020029944197693587 -0.052431869121128842 0.021482407444255142 -0.032595558040064407 0.03894614899391996
leaf_weight=18.685848172754049 9.4273008459131216 7.6464949138462535 60.417042050277814 30.159546405193396 20.275068716146052 732.96041068667546 21.970002122921869 5.5144560725893816 3152.1201463417965 8.0788607371505332 71.715150388423353 40.642035213299096 13.659990685060619 10.465108431875707 121.32724807830527 14.055898949503897 14.946328961174002 27.276339997304603 25.742861419916153 517.46453983726678 102.28857258090284 37.529706774977967 18.616552957333624 573.80100163898896 257.81326770846499 681.10301779891597 61.291329135361593 128.05461845378159 13.732265669852493 22.771488700411282
leaf_count=78 334 100 214 421 47 2985 65 33 34871 103 211 112 68 40 386 72 103 341 383 4141 483 216 190 2830 6731 5615 589 620 606 116
internal_value=-2.54164e-11 0.00494784 -0.0106992 -0.0279375 -0.0128145 0.00716803 -0.00155145 -0.0162008 -0.00107809 0.0101921 0.00929622 -0.00095062 -0.0182029 -0.0291735 0.00580507 -0.0155866 -0.0283803 -0.0399188 -0.0011568 -0.00104538 6.25987e-05 0.00585531 -0.0156852 0.00766468 -0.00360227 -0.00181813 -0.0067811 0.00173566 -0.0119811 0.0118815
internal_weight=6821.55 1219.8 151.098 82.6021 52.4426 1068.7 209.72 69.7071 5601.76 68.4959 858.978 126.017 54.302 32.1675 140.013 24.521 47.7371 32.7908 5592.33 5566.59 3884.36 732.236 56.1463 676.09 1682.23 1387.91 578.756 809.158 294.317 36.5038
internal_count=63104 5379 997 680 259 4382 1006 542 57725 317 3376 391 180 212 464 112 477 374 57391 57008 38590 3719 406 3313 18418 10965 4730 6235 7453 722
is_linear=0
shrinkage=0.045


Tree=79
num_leaves=31
num_cat=0
split_feature=75 11 22 48 2 33 7 9 25 56 30 43 46 60 46 48 43 30 0 30 51 19 54 54 48 48 51 0 48 51
split_gain=16.7676 18.3809 24.1174 14.3175 12.9079 10.6141 12.9071 11.1996 11.5598 11.7118 10.4237 10.2058 9.07293 8.69526 8.27773 13.4954 13.3742 10.0956 9.10093 8.9008 7.64083 34.2328 21.0199 14.563 13.8385 29.0941 13.2823 19.9739 25.8564 15.7506
threshold=215.00000000000003 1.0000000180025095e-35 145.00000000000003 742.50000000000011 3.5000000000000004 1.5000000000000002 3.5000000000000004 3.5000000000000004 1.5000000000000002 2.5000000000000004 3305.5000000000005 14.500000000000002 2.5000000000000004 -1.0000000180025095e-35 8.5000000000000018 742.50000000000011 19.500000000000004 5511.0000000000009 16.500000000000004 2338.5000000000005 742.50000000000011 1.0000000180025095e-35 4.5000000000000009 4.5000000000000009 9.0000000000000018 16.000000000000004 222.50000000000003 2.5000000000000004 9.0000000000000018 741.50000000000011
decision_type=2 2 2 2 2 2 2 2 2 2 2 2 2 2 2 2 2 2 2 2 2 2 2 2 2 2 2 2 2 2
left_child=1 5 3 4 -3 7 11 12 9 10 -9 -7 -1 -2 18 16 -16 -17 19 -8 26 23 -23 24 -22 -26 -15 28 -28 -29
right_child=13 2 -4 -5 -6 6 14 8 -10 -11 -12 -13 -14 20 15 17 -18 -19 -20 -21 21 22 -24 -25 25 -27 27 29 -30 -31
leaf_value=0.013841836211070472 0.040945910490792409 -0.059565454562763964 0.0083313948188781291 -0.053591789012538027 -0.0016209545296922629 0.0024068838572545788 0.029658969267662288 0.0046095247577077484 0.033302284830516685 -0.015558695304511469 0.023156272661777156 -0.031912308459478705 -0.0011087804370697009 -0.00079820075797706913 -0.022049257595164743 -0.053264068614723763 0.014582364387163288 0.0020921638105178219 -0.030480036464595683 0.0068663373034246588 0.029437833677113917 -0.052634315054347104 -0.0006169844170667364 -0.026245043988099966 -0.05047348794712074 0.015871845735246966 -0.031695047063320679 -0.02069033252815481 0.025641480057865637 -0.0023021752645887455
leaf_weight=130.55214760568924 8.9706710962345806 8.6433107592165452 73.957483360311016 26.608026807429269 40.709891027770936 31.570710015133955 46.931595891481265 110.07924255961552 62.841974349226803 27.401242540916428 139.40955033595674 38.135519551462494 218.73088443255983 4829.4309504523699 27.727545498404652 16.16107494477183 66.971474792808294 10.795010918751357 9.3449225220829231 129.03582809970248 101.13428226113319 26.483024481480243 36.844931651023217 15.635085980524307 14.748748759157023 88.528078960487619 20.36546594556421 224.68608129615313 62.162824440747499 162.54428828717209
leaf_count=404 334 101 351 391 154 141 162 344 154 122 347 401 729 45421 72 348 208 75 363 512 232 1166 902 407 139 412 89 5589 183 2851
internal_value=9.27272e-11 0.00478775 -0.00991979 -0.0275669 -0.0127503 0.00686413 0.000786444 0.0101808 0.0159879 0.0119526 0.0150242 -0.0165546 0.0045029 -0.00104153 0.00476521 -0.00433433 0.00373843 -0.0318139 0.0107301 0.0130785 -0.00111632 0.00607019 -0.0228501 0.014459 0.017685 0.00600403 -0.0015017 -0.00871703 0.0112825 -0.0129975
internal_weight=6807.14 1215.61 149.919 75.9612 49.3532 1065.69 376.674 689.015 339.732 276.89 249.489 69.7062 349.283 5591.53 306.967 121.655 94.699 26.9561 185.312 175.967 5582.56 283.374 63.328 220.046 204.411 103.277 5299.19 469.759 82.5283 387.23
internal_count=63104 5379 997 646 255 4382 2282 2100 967 813 691 542 1133 57725 1740 703 280 423 1037 674 57391 3258 2068 1190 783 551 54133 8712 272 8440
is_linear=0
shrinkage=0.045


Tree=80
num_leaves=31
num_cat=0
split_feature=75 11 22 48 33 7 43 27 9 55 14 60 51 19 54 20 54 51 0 51 48 48 55 73 54 48 48 48 75 51
split_gain=15.4466 16.4232 20.9349 12.181 10.3408 12.0173 9.79603 9.78628 9.48777 9.92825 8.27903 8.17101 7.18049 30.5351 19.9417 13.4645 12.4104 12.2768 18.896 28.1096 27.6315 15.5294 33.4872 18.0179 17.0592 15.0279 14.6817 37.8984 27.1697 14.6557
threshold=215.00000000000003 1.0000000180025095e-35 145.00000000000003 742.50000000000011 1.5000000000000002 3.5000000000000004 19.500000000000004 1.0000000180025095e-35 3.5000000000000004 5.5000000000000009 1265.0000000000002 -1.0000000180025095e-35 742.50000000000011 1.0000000180025095e-35 4.5000000000000009 115.50000000000001 4.5000000000000009 222.50000000000003 2.5000000000000004 542.00000000000011 16.000000000000004 193.50000000000003 5.5000000000000009 1.0000000180025095e-35 4.5000000000000009 16.000000000000004 393.50000000000006 342.50000000000006 3257.5000000000005 741.50000000000011
decision_type=2 2 2 2 2 2 2 2 2 2 2 2 2 2 2 2 2 2 2 2 2 2 2 2 2 2 2 2 2 2
left_child=1 4 3 7 8 6 10 -3 -1 -10 -6 -2 17 16 -15 -16 -14 21 19 25 -21 22 24 -24 -13 -19 27 -23 -28 -20
right_child=11 2 -4 -5 5 -7 -8 -9 9 -11 -12 12 13 14 15 -17 -18 18 29 20 -22 26 23 -25 -26 -27 28 -29 -30 -31
leaf_value=0.0046090595823296684 0.040643572526927872 -0.034958010069116009 0.0075814797206146412 -0.051481975766094576 -0.0017664442359253689 0.0044404199441013458 -0.056725873138297057 0.0045056259601276363 0.0074995960234974669 0.022953211789105716 -0.046229004751038041 0.00048809479667808934 0.016819836667436538 -0.051866422112703266 0.032543283105464463 -0.021830146041430229 -0.024589041337614616 0.00036965482386280845 -0.020134378021350367 -0.018450847307455713 0.045629472531909021 -0.0029509320185799066 0.024426025645505875 -0.00025360888622025566 -0.031610199669683155 -0.072613946417898895 -0.0017581364106570862 -0.032374697419161547 0.017616408249376346 -0.0023474013652361918
leaf_weight=348.05939004709944 8.5260525188059528 21.666396234184504 73.889829530846328 24.424718054011464 52.019301194348373 304.47988103912212 9.3069647103548032 28.559495341964066 170.87438138131984 167.75479935877956 9.15299136249814 593.61556167001254 202.47059053694829 25.049155787564814 14.254618464270605 22.321872093132697 14.923837300098965 12.930919951759279 221.34813036033302 18.993643243797123 43.447351578623056 452.1755637601018 203.15800045989454 84.750221228227019 34.534385066363029 9.2209312003105879 3197.5834418197628 109.33563817868708 152.61155043169856 162.76990894332994
leaf_count=1133 334 150 351 391 296 1740 150 105 508 459 96 9171 783 1166 80 822 407 50 5589 76 91 2594 1783 518 952 55 28163 1190 1050 2851
internal_value=7.0889e-11 0.00460682 -0.0093642 -0.0260157 0.00656855 0.000555297 -0.0160563 -0.0128683 0.00984645 0.0152003 -0.00905578 -0.000999053 -0.00107001 0.00595325 -0.0217764 -0.000337565 0.0138776 -0.00144105 -0.00838622 0.010774 0.0261536 -0.000765172 0.00450571 0.0171855 -0.00132404 -0.0318347 -0.00200036 -0.0087276 -0.000870574 -0.0126228
internal_weight=6794.21 1210.19 148.54 74.6506 1061.65 374.959 70.4793 50.2259 686.689 338.629 61.1723 5584.02 5575.5 279.02 61.6256 36.5765 217.394 5296.48 468.711 84.5928 62.441 4827.76 916.058 287.908 628.15 22.1519 3911.71 561.511 3350.19 384.118
internal_count=63104 5379 997 646 4382 2282 542 255 2100 967 392 57725 57391 3258 2068 902 1190 54133 8712 272 167 45421 12424 2301 10123 105 32997 3784 29213 8440
is_linear=0
shrinkage=0.045


Tree=81
num_leaves=31
num_cat=0
split_feature=75 11 21 48 2 33 9 17 56 30 46 51 19 20 51 0 48 48 55 73 29 20 10 51 46 46 43 27 46 46
split_gain=13.7833 14.1547 18.9409 11.5971 14.4852 8.70645 8.39842 8.26997 11.4702 9.71942 8.13522 7.62019 27.2113 17.873 12.3536 18.5273 22.7402 17.1654 28.0206 16.1889 36.5494 14.4942 14.0927 16.44 17.8128 13.8752 21.4595 15.5022 12.4586 12.1413
threshold=215.00000000000003 1.0000000180025095e-35 145.00000000000003 742.50000000000011 3.5000000000000004 1.5000000000000002 3.5000000000000004 75.000000000000014 2.5000000000000004 1547.0000000000002 3.5000000000000004 742.50000000000011 1.0000000180025095e-35 115.50000000000001 222.50000000000003 2.5000000000000004 9.0000000000000018 193.50000000000003 5.5000000000000009 1.0000000180025095e-35 1.0000000180025095e-35 647.50000000000011 1.0000000180025095e-35 741.50000000000011 18.500000000000004 1.0000000180025095e-35 10.500000000000002 1.5000000000000002 3.5000000000000004 1.0000000180025095e-35
decision_type=2 2 2 2 2 2 2 2 2 2 2 2 2 2 2 2 2 2 2 2 2 2 2 2 2 2 2 2 2 2
left_child=1 5 3 4 -3 6 -1 -8 9 -9 -4 14 -13 -14 17 16 -16 18 29 21 -21 -20 25 24 -24 26 -17 -27 -25 -2
right_child=11 2 10 -5 -6 -7 7 8 -10 -11 -12 12 13 -15 15 22 -18 -19 19 20 -22 -23 23 28 -26 27 -28 -29 -30 -31
leaf_value=0.0042517710363359686 0.012669723873043963 -0.059611145952759903 0.020925100012455046 -0.047829979374188265 0.00038476081982657284 0.00064300484663244533 0.0041049026515847737 0.0057332852479797074 -0.0014479692942336666 0.029960340791690982 -0.01032986557961999 0.013774178570903984 0.015400200712237617 -0.036465262684108955 -0.029324793429741494 0.042993508913356515 0.024674367104706545 -0.0019610483283122363 0.032375189054435746 -0.047141626813934849 0.018058027701895948 0.0073329675142951457 -0.024380284904991209 0.028092514650376384 0.043073804588336734 -0.01649032351476697 -0.062823801987027833 -0.046546260203308175 -0.0065789755862971566 -0.0033831417486271833
leaf_weight=348.17289412068203 115.9041095059365 9.0751898465678078 41.076587483170442 25.931054024142213 42.558716512285173 374.2307801063871 110.99870428722352 44.922818501945585 44.112565873889253 137.93008482526056 27.345358699560165 216.32675005088095 19.024840390455211 41.417550795798888 20.257101204246283 14.213983866851779 61.057117469608784 3898.5151580543024 129.27289354987442 23.112567516043782 61.640962806530297 74.1710990362335 70.480020101938862 42.837582012289204 7.9964042968349522 154.92296288424404 4.2523797542089588 44.72169543110067 39.667050606163684 517.88895683505689
leaf_count=1133 1647 101 166 421 158 2282 316 136 155 360 151 1190 230 1838 89 100 183 32997 917 202 316 866 1456 347 71 4426 82 1394 564 8810
internal_value=3.85855e-11 0.00435803 -0.00873746 -0.0238267 -0.0110924 0.0061675 0.00917533 0.0142201 0.0191273 0.0240719 0.00846495 -0.000946571 0.00631862 -0.0201551 -0.00132846 -0.00836278 0.0110292 -0.000655017 0.00486351 0.0164708 -6.4527e-05 0.0233259 -0.0125404 -0.0024153 -0.0170515 -0.0199683 0.0166507 -0.0234215 0.0115438 -0.00043216
internal_weight=6764.04 1206.35 145.987 77.565 51.6339 1060.37 686.137 337.964 226.965 182.853 68.4219 5557.68 276.769 60.4424 5280.91 460.406 81.3142 4820.51 921.991 288.198 84.7535 203.444 379.092 160.981 78.4764 218.111 18.4664 199.645 82.5046 633.793
internal_count=63104 5379 997 680 259 4382 2100 967 651 496 317 57725 3258 2068 54467 8712 272 45755 12758 2301 518 1783 8440 2438 1527 6002 182 5820 911 10457
is_linear=0
shrinkage=0.045


Tree=82
num_leaves=31
num_cat=0
split_feature=48 6 71 11 21 48 48 19 8 48 20 22 48 14 27 43 39 55 31 55 48 51 15 55 4 48 48 46 51 43
split_gain=13.7511 12.446 21.6515 50.3185 18.7762 14.0839 28.2049 67.1898 40.9928 32.7067 29.1103 22.8028 50.1334 57.618 14.9564 12.6429 10.8112 27.2889 10.7461 10.2504 17.9273 18.9497 20.3942 18.0519 14.4646 19.0942 32.087 27.8775 13.6244 13.5662
threshold=1083.5000000000002 10.500000000000002 1.0000000180025095e-35 1.0000000180025095e-35 270.00000000000006 1183.0000000000002 1167.0000000000002 1.0000000180025095e-35 3.5000000000000004 1140.5000000000002 241.00000000000003 290.00000000000006 1262.5000000000002 1.0000000180025095e-35 1.0000000180025095e-35 13.500000000000002 1.5000000000000002 7.5000000000000009 1540.5000000000002 6.5000000000000009 16.000000000000004 222.50000000000003 324.00000000000006 23.500000000000004 2.5000000000000004 709.50000000000011 742.50000000000011 16.500000000000004 741.50000000000011 26.500000000000004
decision_type=2 2 2 2 2 2 2 2 2 2 2 2 2 2 2 2 2 2 2 2 2 2 2 2 2 2 2 2 2 2
left_child=19 -2 5 15 16 6 8 -8 18 -10 -9 12 14 -14 -7 -4 -5 -18 -3 -1 21 29 -23 24 28 27 -27 -26 -22 -21
right_child=1 2 3 4 -6 11 7 10 9 -11 -12 -13 13 -15 -16 -17 17 -19 -20 20 23 22 -24 -25 25 26 -28 -29 -30 -31
leaf_value=-0.00028519493536743082 0.00012514871747212094 0.026069571955720679 0.0011395860340662064 0.060087693172651294 -0.02619695211731039 -0.0495611688870106 -0.059049687317987966 -0.024508205656050969 -0.010536784243913386 -0.051737837380873487 0.036987341880597151 0.0016909033071463892 -0.04426303560328293 0.067698958258098435 -0.0207754855911924 -0.052140792389641186 0.051278660618555391 -0.027794150983340208 -0.0027011658787993928 0.037925769203913419 0.023640909286930269 -0.057758581130748929 0.010361387592544962 -0.013853565416106845 0.00060828828279126731 0.017679160901701158 -0.0035226858026880079 -0.027137000770326963 -0.034679903875908767 -0.034955755805340501
leaf_weight=3338.9321848261461 890.75258538225899 37.840448632836342 14.566893134848213 29.486115382052958 9.2385554400971142 91.930121430312283 21.436108574212994 18.095312719815411 91.925455175864045 67.650817154499236 89.628884976438712 79.517252049117815 15.31079015979776 20.854302399908192 64.086253972025588 22.499633055587765 23.154770260676742 13.138034153729675 80.854841420485172 75.349550501210615 103.09314547933172 8.512147421250118 139.19009350956185 128.75164210190997 592.14123136844137 324.8345645054942 259.28873548447154 82.692227996187285 7.9234163326909757 4.7841589882737017
leaf_count=30640 5635 397 105 82 92 2990 515 260 1242 1236 564 1430 594 115 1124 846 56 49 1086 511 435 315 1781 1433 4685 1269 1946 1257 297 117
internal_value=4.98761e-11 -0.00352421 -0.00762765 0.010627 0.0316939 -0.0106516 -0.00533809 0.0119797 -0.0133903 -0.028217 0.026527 -0.0185708 -0.0269196 0.0203833 -0.0379446 -0.0317221 0.0400951 0.0226765 0.00661221 0.00117066 0.00398461 0.0157169 0.00607359 0.00219179 0.00370876 0.00232803 0.00827786 -0.00282667 0.019206 0.0331974
internal_weight=6747.46 1681.97 791.215 112.084 75.0175 679.131 407.432 129.16 278.272 159.576 107.724 271.699 192.181 36.1651 156.016 37.0665 65.7789 36.2928 118.695 5065.49 1726.56 227.836 147.702 1498.72 1369.97 1258.96 584.123 674.833 111.017 80.1337
internal_count=63104 18418 12783 1230 279 11553 5300 1339 3961 2478 824 6253 4823 709 4114 951 187 105 1483 44686 14046 2724 2096 11322 9889 9157 3215 5942 732 628
is_linear=0
shrinkage=0.045


Tree=83
num_leaves=31
num_cat=0
split_feature=75 7 6 31 26 22 6 48 9 5 60 63 29 19 15 10 4 48 42 51 51 4 48 48 59 75 5 75 46 56
split_gain=10.8449 15.9737 12.6621 14.0251 17.284 15.1943 9.53138 8.98988 7.64123 7.6187 7.61439 7.26659 8.60959 8.24785 20.1018 16.2153 19.1577 7.48457 21.8321 23.0277 18.7285 14.8511 10.9006 38.6553 44.0644 21.2454 20.2593 18.5855 15.3567 7.2064
threshold=215.00000000000003 3.5000000000000004 10.500000000000002 6539.0000000000009 1.5000000000000002 145.00000000000003 16.500000000000004 742.50000000000011 2.5000000000000004 35.500000000000007 -1.0000000180025095e-35 1.0000000180025095e-35 1.0000000180025095e-35 1.0000000180025095e-35 324.00000000000006 1.0000000180025095e-35 8.5000000000000018 193.50000000000003 446.50000000000006 222.50000000000003 741.50000000000011 6.5000000000000009 393.50000000000006 342.50000000000006 -1.0000000180025095e-35 3257.5000000000005 36.500000000000007 2882.0000000000005 1.5000000000000002 2.5000000000000004
decision_type=2 2 2 2 2 2 2 2 2 2 2 2 2 2 2 2 2 2 2 2 2 2 2 2 2 2 2 2 2 2
left_child=1 2 -1 4 9 -5 -7 8 -6 -4 -2 17 -13 15 -15 16 -14 18 -12 21 -21 -20 23 24 -19 27 -25 -24 -27 -3
right_child=10 29 3 5 7 6 -8 -9 -10 -11 11 12 13 14 -16 -17 -18 22 19 20 -22 -23 25 26 -26 28 -28 -29 -30 -31
leaf_value=0.0060656021672138892 0.040334211516711654 0.0083681649787664802 0.024984174436347942 -0.070358788619168208 -0.034600704714747882 0.010325966948506547 -0.049969625266959798 -0.04036566278209909 0.0094473230507395242 -0.0090761544844369865 -0.028732806701640246 -0.032618295880816585 0.04200224392161904 0.03356121210341783 -0.044269926016017938 0.036887503193176276 -0.033633539680351814 0.010254130605562193 -0.011783848537347668 -0.012228910349674551 0.002860969704973652 0.010332508516328307 -0.0010441116167422928 -0.047923693848656912 -0.018426273235200116 0.025244231683634367 -0.0081127956350933207 -0.023134612919840217 -0.0017863440717961903 -0.0020862768889982524
leaf_weight=103.61298619490117 8.0789566073799488 781.86233838880435 33.49483653344214 15.619183180388061 11.298347660340367 13.709363872185351 7.40227448393125 29.008522677817382 21.840284621343017 20.96421400969848 44.368786445818841 29.510823159362189 8.3595045788679254 8.5440702792257088 22.667897933220956 20.238014745351393 24.026494370016735 259.45550464640837 66.616854010091629 268.35640206598327 435.65056727084448 694.66000974510098 3075.8201888039184 62.885448254935909 184.91767509235069 105.21957007283345 44.321191232302226 78.111941916518845 70.808373645879328 160.54940890241414
leaf_count=389 334 3283 109 161 46 54 79 491 69 60 417 1601 153 189 1382 304 740 1214 905 5595 6109 6733 25875 805 1380 826 385 2288 490 638
internal_value=1.4613e-11 0.00387613 -0.00605283 -0.0142277 -0.00645027 -0.0380929 -0.012119 -0.022504 -0.00614412 0.0119453 -0.000843867 -0.000911618 -0.0121374 -0.00462843 -0.0225837 0.00624362 -0.0134371 -0.000673396 0.00201427 0.00296425 -0.00290024 0.00838426 -0.00171896 -0.00757236 -0.00169526 -0.000747415 -0.0316922 -0.00159838 0.0144223 0.00658682
internal_weight=6711.98 1199.36 256.95 153.337 116.606 36.7308 21.1116 62.1472 33.1386 54.4591 5512.62 5504.54 113.347 83.836 31.212 52.624 32.386 5391.19 1509.65 1465.28 704.007 761.277 3881.54 551.58 444.373 3329.96 107.207 3153.93 176.028 942.412
internal_count=63104 5379 1458 1069 775 294 133 606 115 169 57725 57391 4369 2768 1571 1197 893 53022 19759 19342 11704 7638 33263 3784 2594 29479 1190 28163 1316 3921
is_linear=0
shrinkage=0.045


Tree=84
num_leaves=31
num_cat=0
split_feature=75 7 6 55 7 46 21 26 60 51 19 54 25 54 48 48 36 51 0 48 10 51 48 55 73 54 46 20 48 4
split_gain=10.7988 13.614 10.5795 13.2755 11.6098 9.86859 9.36413 8.36351 7.18027 6.92923 24.0513 18.4077 12.7236 12.7167 10.8482 25.9161 11.8125 10.848 15.6717 25.4135 12.9933 13.6667 12.3387 23.5724 16.9037 13.8578 11.4646 10.7245 9.79897 33.7626
threshold=215.00000000000003 3.5000000000000004 10.500000000000002 12.500000000000002 2.5000000000000004 4.5000000000000009 105.00000000000001 1.5000000000000002 -1.0000000180025095e-35 742.50000000000011 1.0000000180025095e-35 4.5000000000000009 2.5000000000000004 4.5000000000000009 9.0000000000000018 16.000000000000004 1.0000000180025095e-35 222.50000000000003 2.5000000000000004 9.0000000000000018 1.0000000180025095e-35 741.50000000000011 193.50000000000003 5.5000000000000009 1.0000000180025095e-35 4.5000000000000009 1.0000000180025095e-35 115.50000000000001 393.50000000000006 3.5000000000000004
decision_type=2 2 2 2 2 2 2 2 2 2 2 2 2 2 2 2 2 2 2 2 2 2 2 2 2 2 2 2 2 2
left_child=1 2 -1 4 5 6 -4 -6 -2 17 13 -12 27 14 16 -16 -11 22 19 -19 26 -22 23 25 -25 -10 -20 -13 29 -24
right_child=8 -3 3 -5 7 -7 -8 -9 9 10 11 12 -14 -15 15 -17 -18 18 20 -21 21 -23 28 24 -26 -27 -28 -29 -30 -31
leaf_value=0.0056560967377537567 0.040034566504592937 0.006371544730427209 -0.065254718498282266 0.0084819416665128412 0.0062704597392252469 -0.06873060690372762 -0.0090896279618728412 -0.026500118902843924 0.00070988454591317288 0.039561782059317867 -0.04945560144947677 0.046992041280443743 -0.039468800999661061 -0.025413454821578186 -0.049175972934752114 0.014791529395804182 0.0079462662847336572 -0.031624710436157076 0.015914708878511236 0.024246262099653169 -0.015831746898228943 0.010384063881245005 0.02497785276091477 0.021508439758280457 -0.00232612990742185 -0.028961694514817941 -0.022306936715254966 -0.0097098563652872581 -0.00083490091671809322 -0.011203382032491473
leaf_weight=103.71261294500437 7.6881543508497989 940.26396781019866 7.1040705014020196 41.60918155615218 34.882674723863602 13.952737281331791 24.955954502918757 27.339149903738871 590.024368581624 57.61312454007566 23.293586070038145 12.202425169176424 9.9467406010371615 15.326152814377563 13.998309167101977 87.898601497989148 41.478010538965464 21.421669925097376 16.60567225527484 61.697602675296366 76.286425686761504 83.102010891248938 57.532870768220164 206.62513487122487 84.635288823395967 32.692093350779032 193.34503214905271 13.254647874389773 3298.5173484462139 487.3367309984751
leaf_count=389 334 3921 62 239 122 130 200 316 9171 127 1166 40 437 407 139 412 105 89 182 183 1527 911 370 1783 518 952 5820 425 29213 3414
internal_value=-2.41027e-11 0.00387717 -0.00536143 -0.012974 -0.0212246 -0.0381273 -0.0231324 -0.00831975 -0.000843269 -0.000907856 0.00604089 -0.0192891 0.00137193 0.0129714 0.0160097 0.00561134 0.0265396 -0.00127575 -0.00792621 0.00964231 -0.0118953 -0.00218381 -0.000641711 0.00405505 0.0145983 -0.000891785 -0.0192228 0.0182181 -0.00175939 -0.00734424
internal_weight=6686.34 1193.82 253.556 149.844 108.235 46.0128 32.06 62.2218 5492.52 5484.83 275.012 58.6974 35.4038 216.314 200.988 101.897 99.0911 5209.82 452.458 83.1193 369.339 159.388 4757.36 913.977 291.26 622.716 209.951 25.4571 3843.39 544.87
internal_count=63104 5379 1458 1069 830 392 262 438 57725 57391 3258 2068 902 1190 783 551 232 54133 8712 272 8440 2438 45421 12424 2301 10123 6002 465 32997 3784
is_linear=0
shrinkage=0.045


Tree=85
num_leaves=31
num_cat=0
split_feature=48 47 17 55 29 7 22 55 55 10 38 0 72 55 48 33 4 48 53 48 19 69 69 71 4 4 21 41 22 71
split_gain=11.5214 10.4617 15.4224 14.6601 16.2021 12.871 12.2148 10.7044 10.311 23.0901 15.1071 10.2637 9.90587 9.60654 20.5005 30.7887 22.9309 14.0789 23.7827 17.514 9.2885 57.3381 26.4942 33.8543 54.1739 41.3791 28.5611 25.4117 25.1634 23.6914
threshold=1083.5000000000002 4077.5000000000005 60.000000000000007 15.500000000000002 1.0000000180025095e-35 3.5000000000000004 55.000000000000007 23.500000000000004 1.0000000180025095e-35 1.0000000180025095e-35 1.5000000000000002 24.500000000000004 1.0000000180025095e-35 6.5000000000000009 742.50000000000011 1.5000000000000002 29.500000000000004 709.50000000000011 2.5000000000000004 276.00000000000006 1.0000000180025095e-35 1.0000000180025095e-35 1.0000000180025095e-35 1.0000000180025095e-35 31.500000000000004 30.500000000000004 270.00000000000006 2740.5000000000005 145.00000000000003 1.0000000180025095e-35
decision_type=2 2 2 2 2 2 2 2 2 2 2 2 2 2 2 2 2 2 2 2 2 2 2 2 2 2 2 2 2 2
left_child=1 7 12 6 -5 -6 -4 13 9 -8 -10 20 -3 -1 17 16 -16 19 -19 -15 21 29 23 25 26 28 -25 -23 -22 -2
right_child=11 2 3 4 5 -7 8 -9 10 -11 -12 -13 -14 14 15 -17 -18 18 -20 -21 22 27 -24 24 -26 -27 -28 -29 -30 -31
leaf_value=-0.00078264334693408364 0.00096211847857932838 0.0098008432377046529 0.037746353001814732 -0.0022523836123343791 -0.0057868380442189999 0.046457612312419218 0.033722357599726638 -0.012946854712169097 0.0021337280474477251 -0.037605480579244475 -0.016017778076864712 -0.035022148034552017 0.036929753039179676 0.005403663214129455 0.016336751404848884 -0.035172869477380637 -0.028407969200250283 0.018882191409491211 -0.028908815042864036 -0.017191408760738318 -0.022941233106740126 -0.05381243508155268 0.016632031841019836 0.03422697800047643 -0.066110304193688671 0.01103851333729068 -0.034395392956541392 0.060195969363634264 -0.0032206563412192362 -0.02678083652189505
leaf_weight=2941.0995132761018 496.93481083092047 65.643637403845787 15.933076541987246 40.490320395561866 11.96016529377084 42.644470887957141 39.771604305133224 120.19100884627551 306.0886698050308 10.967739811982026 132.16016157658305 19.349232396401931 46.897569488734007 713.59069730926421 81.85451340326108 63.077498636092059 31.223812238313258 255.30978102516383 22.092513354495168 75.972775300033391 278.78387321112677 61.195829197997227 158.9145985089126 109.15578911476769 13.247794477501882 184.18396344315261 13.013710009690838 3.4192315451800814 247.13993037655018 70.261956461530644
leaf_count=28586 4811 291 73 178 80 129 181 1458 1747 88 860 1785 92 7507 491 982 270 930 180 563 4138 753 1086 617 99 993 233 18 3274 611
internal_value=-5.37359e-11 0.00107424 0.00612076 0.00323703 0.0193472 0.0351161 0.000170654 0.0002376 -0.00112824 0.0178754 -0.00336412 -0.00325394 0.0213315 0.000619324 0.0039342 -0.0102488 0.00384087 0.00628321 0.0149859 0.00321054 -0.00285711 -0.00712735 -0.000166627 -0.00333982 0.0171999 -0.00727542 0.0266973 -0.046954 -0.0136979 -0.00251565
internal_weight=6672.57 5016.97 712.557 600.016 95.095 54.6046 504.921 4304.41 488.988 50.7393 438.249 1655.6 112.541 4184.22 1243.12 176.156 113.078 1066.97 277.402 789.563 1636.25 631.812 1004.44 845.525 135.417 710.108 122.169 64.6151 525.924 567.197
internal_count=63104 44686 3719 3336 387 209 2949 40967 2876 269 2607 18418 383 39509 10923 1743 761 9180 1110 8070 16633 6193 10440 9354 949 8405 850 771 7412 5422
is_linear=0
shrinkage=0.045


Tree=86
num_leaves=31
num_cat=0
split_feature=75 11 22 51 2 9 2 5 31 4 16 46 40 4 51 4 14 8 51 19 20 46 2 38 74 51 24 4 5 6
split_gain=9.20379 13.5366 18.0322 9.92263 10.3323 8.17578 11.5785 16.2296 9.74373 11.7352 11.0852 9.56422 13.4481 11.4224 9.0846 7.41889 6.90695 6.76094 6.45002 22.1609 15.1395 11.4761 20.8298 21.3646 11.8648 11.0306 14.6705 10.2505 10.1494 9.95338
threshold=215.00000000000003 1.0000000180025095e-35 145.00000000000003 741.50000000000011 3.5000000000000004 3.5000000000000004 4.5000000000000009 35.500000000000007 6599.0000000000009 25.500000000000004 135.00000000000003 10.500000000000002 1.0000000180025095e-35 18.500000000000004 741.50000000000011 18.500000000000004 1258.0000000000002 2.5000000000000004 742.50000000000011 1.0000000180025095e-35 115.50000000000001 5.5000000000000009 4.5000000000000009 1.0000000180025095e-35 1.0000000180025095e-35 222.50000000000003 1.0000000180025095e-35 13.500000000000002 15.500000000000002 6.5000000000000009
decision_type=2 2 2 2 2 2 2 2 2 2 2 2 2 2 2 2 2 2 2 2 2 2 2 2 2 2 2 2 2 2
left_child=1 5 3 4 -3 6 7 8 9 -1 -10 13 -13 14 -8 16 -4 -5 25 21 -21 29 23 -23 -24 -2 -27 -28 -25 -20
right_child=18 2 15 17 -6 -7 11 -9 10 -11 -12 12 -14 -15 -16 -17 -18 -19 19 20 -22 22 24 28 -26 26 27 -29 -30 -31
leaf_value=0.0039398205952031404 -0.00049687732929977815 -0.056016650578142514 -0.048105702566165788 0.024711569228816729 -0.0031272051185443957 0.0092956721640360812 0.052864969589671851 -0.06538529254153494 -0.0039278608838248181 -0.057220750538984622 -0.059235587804917361 -0.059390592327819125 -0.0007585616139020692 0.0056486035879820444 0.0054458668555521965 0.017614622307879909 0.0016807081009909161 -0.05625205837435332 -0.023686948396770043 0.014056837883351036 -0.034475240004033202 -0.017320826090663589 0.0014432522206046512 0.056773253598067994 -0.044068745905930837 0.00028807028515219496 -0.034966245690076093 -0.011036861745373243 0.01430746572542471 0.027693422997538814
leaf_weight=115.65172623877879 4731.2831275133358 8.2663499973714334 6.6981022255495217 1.7487983815372015 39.503228855319321 527.93638091161847 18.94911593478173 8.6303850254043919 17.138585423585031 5.7188987191766492 12.038199218572116 8.9660069402307254 38.747794971335679 278.72099137678742 14.29813277593348 44.591897737234831 20.897621276555583 21.021407455205917 7.5601905070361672 18.706092091626488 38.630727803218178 22.35034874593839 23.82104263221845 22.279032169375569 21.495373731304426 224.16719365806784 45.018786095897667 180.05540488567203 24.110772228857968 92.790484695520718
leaf_count=636 45755 101 61 8 154 2148 34 62 80 59 178 27 141 878 139 122 168 383 67 230 1838 142 124 66 229 2702 1838 4172 129 433
internal_value=-7.27688e-11 0.00358465 -0.00937183 -0.0253922 -0.0132405 0.00535849 0.00134226 -0.00872862 -0.00507066 0.000613925 -0.0279543 0.00581098 -0.0127692 0.00868444 0.0332266 0.00641591 -0.0116633 -0.0492559 -0.000782579 0.00596263 -0.0186721 0.0126066 0.00278933 0.018303 -0.0206303 -0.00113748 -0.00786805 -0.0159567 0.0354696 0.023627
internal_weight=6641.79 1189.52 142.727 70.5398 47.7696 1046.8 518.86 159.178 150.547 121.371 29.1768 359.682 47.7138 311.968 33.2472 72.1876 27.5957 22.7702 5452.27 271.744 57.3368 214.407 114.057 68.7402 45.3164 5180.52 449.241 225.074 46.3898 100.351
internal_count=63104 5379 997 646 255 4382 2234 1015 953 695 258 1219 168 1051 173 351 229 391 57725 3258 2068 1190 690 337 353 54467 8712 6010 195 500
is_linear=0
shrinkage=0.045


Tree=87
num_leaves=31
num_cat=0
split_feature=48 35 47 17 55 29 48 7 75 11 20 0 55 6 65 65 4 58 57 46 5 11 6 11 21 0 19 69 69 71
split_gain=10.3988 10.5737 9.52134 13.2582 14.2073 14.7422 13.2156 11.7199 10.4195 10.7517 15.4406 9.58207 12.3532 9.32142 22.2569 19.2904 28.8124 18.346 23.091 18.2304 45.9593 16.5822 14.6965 13.3734 9.09797 8.89496 9.92381 31.5449 23.0872 26.6376
threshold=1083.5000000000002 1.0000000180025095e-35 4077.5000000000005 60.000000000000007 15.500000000000002 1.0000000180025095e-35 276.00000000000006 3.5000000000000004 215.00000000000003 1.0000000180025095e-35 749.50000000000011 29.500000000000004 13.500000000000002 15.500000000000002 1.0000000180025095e-35 1.0000000180025095e-35 5.5000000000000009 1.0000000180025095e-35 65.000000000000014 4.5000000000000009 10.500000000000002 1.0000000180025095e-35 19.500000000000004 1.0000000180025095e-35 145.00000000000003 22.500000000000004 1.0000000180025095e-35 1.0000000180025095e-35 1.0000000180025095e-35 1.0000000180025095e-35
decision_type=2 2 2 2 2 2 2 2 2 2 2 2 2 2 2 2 2 2 2 2 2 2 2 2 2 2 2 2 2 2
left_child=2 25 8 -4 6 -6 24 -7 9 -1 -11 -8 -13 15 17 19 -17 18 -15 -10 -21 -19 -16 -18 -5 26 27 -2 29 -28
right_child=1 -3 3 4 5 7 11 -9 13 10 -12 12 -14 14 22 16 23 21 -20 20 -22 -23 -24 -25 -26 -27 28 -29 -30 -31
leaf_value=0.0054030088614253737 -0.0032731591416449561 -0.020560719119094271 0.020033620335342943 0.04890630072838386 -0.0015486742210846561 -0.0049785859064455243 -0.00078830501410113443 0.045144104027800717 -0.00072428930200853659 -0.016943139387240097 0.016398945344839912 -0.071026180608028053 0.030829707789977519 0.003405188518864902 0.0043651728661101806 -0.053899793881683214 0.038072785317323193 0.0049696066609591517 -0.025120738514421998 0.021634353237276752 -0.014208550412796402 0.026811828411470871 -0.053947889987064283 -0.027717139869195901 0.0010767151469138752 -0.037583557201129575 -0.0058429902122087455 -0.038930753304511324 0.017020722604226761 0.016281148306437312
leaf_weight=1037.6342410952202 551.09963213361334 66.464209258556366 111.42120828467887 17.259709930047396 40.273353382595815 11.85720185888931 458.33488654321991 42.142647139262408 1614.3970194626891 101.81192609015852 37.821958507876843 7.3442992055788618 2.7260922701098025 370.27167916161125 14.174015847966073 8.336989733274093 55.980829298030585 181.6719678430818 66.987147808074951 82.123772019462194 567.16324459441239 114.50948825420346 21.302037729299627 6.3069206947693592 14.490078820148481 13.389842124481218 668.12190492602531 54.309972328599542 149.29766794957686 130.94411203841446
leaf_count=4382 4826 2178 383 47 178 80 2742 129 14957 860 137 101 10 6599 80 113 317 1022 306 998 10495 529 113 59 49 1457 7430 683 955 889
internal_value=2.53695e-11 -0.00311484 0.0010209 0.00585941 0.00317337 0.0190999 0.000139294 0.0342478 0.000221857 0.00382462 -0.00785954 -0.00178925 -0.0431592 -0.00114571 0.00314876 -0.00256105 0.0204347 0.00484885 -0.00101227 -0.0032872 -0.00964873 0.013476 -0.0311687 0.0310786 0.0277771 -0.00236231 -0.00203481 -0.00653085 0.000839198 -0.00220166
internal_weight=6619.97 1633.63 4986.34 705.849 594.428 94.2732 500.155 53.9998 4280.49 1177.27 139.634 468.405 10.0704 3103.23 768.916 2334.31 70.6247 733.44 437.259 2263.68 649.287 296.181 35.4761 62.2877 31.7498 1567.16 1553.77 605.41 948.364 799.066
internal_count=63104 18418 44686 3719 3336 387 2949 209 40967 5379 997 2853 111 35588 8649 26939 489 8456 6905 26450 11493 1551 193 376 96 16240 14783 5509 9274 8319
is_linear=0
shrinkage=0.045


Tree=88
num_leaves=31
num_cat=0
split_feature=75 7 19 31 55 14 43 33 51 19 20 21 30 48 24 48 30 51 0 51 48 48 10 48 42 55 46 73 37 51
split_gain=11.9131 10.002 11.7263 12.3225 8.37194 8.28399 9.01015 8.65964 7.40882 21.0626 13.9753 10.6815 11.6046 10.8505 19.9624 18.6655 9.75015 8.49218 14.4119 23.9707 23.3958 11.888 11.5907 11.4011 21.486 18.487 14.7439 12.4512 10.8924 9.74465
threshold=215.00000000000003 3.5000000000000004 1.0000000180025095e-35 517.50000000000011 23.500000000000004 1263.0000000000002 20.500000000000004 1.0000000180025095e-35 742.50000000000011 1.0000000180025095e-35 115.50000000000001 390.00000000000006 1544.5000000000002 9.0000000000000018 1.0000000180025095e-35 16.000000000000004 3695.5000000000005 222.50000000000003 2.5000000000000004 542.00000000000011 16.000000000000004 16.000000000000004 1.0000000180025095e-35 193.50000000000003 446.50000000000006 5.5000000000000009 1.0000000180025095e-35 1.0000000180025095e-35 1.5000000000000002 741.50000000000011
decision_type=2 2 2 2 2 2 2 2 2 2 2 2 2 2 2 2 2 2 2 2 2 2 2 2 2 2 2 2 2 2
left_child=1 2 -1 -4 -3 -5 7 -7 17 11 16 12 -10 14 -14 -15 -11 23 19 21 -21 -19 28 24 -2 26 -26 -27 -20 -24
right_child=8 4 3 5 -6 6 -8 -9 9 10 -12 -13 13 15 -16 -17 -18 18 22 20 -22 -23 29 -25 25 27 -28 -29 -30 -31
leaf_value=0.0082764570826885514 -0.026999603020920273 0.0066726908255505587 -0.062647476981214811 -0.0014231535419600926 -0.03822710926967824 0.023761667241533106 -0.076486613592457772 -0.02739444340649547 0.038534610547435545 -0.03231582658634985 -0.033867604044108823 -0.029777047965968157 -0.02152779616111462 -0.047688016192380188 0.033677438418762105 0.0082406631573757275 0.033152450383110252 -0.0024012880956146869 -0.014373914244639512 -0.016782182434466827 0.042576025214216606 -0.069676814267269113 -0.01372369773104002 -0.0018002735164808215 0.016117499432119792 0.020884697185980291 -0.0024218817021541663 -4.7668139011691703e-05 -0.047464628049853519 0.0085206568553674224
leaf_weight=97.167093047988601 42.763188057113439 916.20087620650884 8.0552124505629745 102.200604358688 7.5069797891192129 7.8012528689578167 5.0106302993372074 28.870350163429976 34.788664108025841 5.8424547414178987 36.774865903178579 10.360066324239595 16.042815504944883 13.386920574877875 62.225368970888667 74.481801123358309 13.438400024140718 12.740372695028782 180.33319097157801 18.975194879807532 41.687293644994497 8.2234778832644224 74.202413514954969 3788.6754350843257 104.39463203161722 198.48372509528417 493.15452371933497 80.866300828754902 22.042282107460778 83.938455415336648
leaf_count=329 417 3866 149 617 55 28 63 272 128 123 1838 82 88 173 217 502 107 50 4954 76 91 55 1527 32997 1579 1704 8581 477 1048 911
internal_value=-1.92721e-11 0.00411006 -0.00388062 -0.0116586 0.00626684 -0.00839128 -0.0250428 -0.01617 -0.000890311 0.00639986 -0.0179087 0.0129031 0.0152403 0.0101612 0.0222331 -0.000720879 0.0126991 -0.00126988 -0.00722547 0.00976167 0.0240378 -0.0307622 -0.011088 -0.000709202 0.00378269 0.00531288 0.000838551 0.0148466 -0.0181937 -0.00193743
internal_weight=6590.63 1172.81 249.105 151.938 923.708 143.883 41.6822 36.6716 5417.82 267.341 56.0557 211.286 200.926 166.137 78.2682 87.8687 19.2809 5150.48 442.143 81.6263 60.6625 20.9639 360.516 4708.34 919.662 876.899 597.549 279.35 202.375 158.141
internal_count=63104 5379 1458 1129 3921 980 363 300 57725 3258 2068 1190 1108 980 305 675 230 54467 8712 272 167 105 8440 45755 12758 12341 10160 2181 6002 2438
is_linear=0
shrinkage=0.045


Tree=89
num_leaves=31
num_cat=0
split_feature=48 11 71 71 48 41 5 38 4 21 45 6 5 48 14 21 43 22 4 8 43 4 39 55 31 4 48 39 48 30
split_gain=10.2193 22.1579 44.2824 36.9667 32.7688 24.6446 26.1114 23.4578 22.1149 25.6406 20.5945 16.4175 16.3128 15.3584 27.7136 17.1432 15.0905 14.9143 14.7925 14.5671 13.3079 11.3882 11.2728 15.5902 9.92716 9.71084 11.8162 9.56651 9.54515 9.50505
threshold=1183.0000000000002 1.0000000180025095e-35 1.0000000180025095e-35 1.0000000180025095e-35 1228.0000000000002 2740.5000000000005 26.500000000000004 1.0000000180025095e-35 33.500000000000007 270.00000000000006 5.5000000000000009 10.500000000000002 25.500000000000004 1262.5000000000002 1.0000000180025095e-35 295.00000000000006 8.5000000000000018 125.00000000000001 11.500000000000002 3.5000000000000004 14.500000000000002 29.500000000000004 1.5000000000000002 3.5000000000000004 2860.0000000000005 29.500000000000004 1262.5000000000002 2.5000000000000004 1211.0000000000002 6530.5000000000009
decision_type=2 2 2 2 2 2 2 2 2 2 2 2 2 2 2 2 2 2 2 2 2 2 2 2 2 2 2 2 2 2
left_child=-1 3 4 11 10 6 19 25 9 22 16 18 -9 15 -15 20 24 -16 28 -5 -13 -21 -4 -24 -3 -6 -27 -11 -2 -20
right_child=1 2 8 5 7 -7 -8 12 -10 27 -12 13 -14 14 17 -17 -18 -19 29 21 -22 -23 23 -25 -26 26 -28 -29 -30 -31
leaf_value=0.00067342319740461027 0.071421294966222862 0.019660190915063044 0.055587141809813452 -0.04896965112866912 -0.045919993462573 0.03921088222170388 -0.065043717818656518 -0.015654036813990781 -0.030707108558935967 -0.063191865224742613 0.035140969128498657 -0.010265721625876896 0.031814972772965647 -0.040790403190802564 0.07877762762207581 0.0046999763266726991 -0.059550450721553141 0.0013598601890887738 -0.0056871344107554357 0.021164318154681751 -0.043449953135084519 -0.062630803718782962 0.051275260203223275 -0.0038742401516822125 -0.038071769056245992 0.029520654897168961 -0.043657450566327374 0.02056400754437945 0.0087840353917859396 0.014631731276629195
leaf_weight=5743.3222652893164 8.696249072498178 10.140741039766 50.71666640904732 13.681031636137048 18.031679274747148 7.2937310459092251 46.810231479757931 18.830570053774863 11.16982022859156 6.1481354304123652 7.1402082974091163 40.18082167810644 57.925507387553807 11.372417564474746 10.439977972768249 36.413957265671343 36.746467752731405 9.0697749083046784 193.5905354625429 19.820767184166474 64.842036418878706 2.9124863042961797 19.117088126018643 21.176168525591493 12.360837365849873 10.438988979905846 6.3329961318522683 3.8648950522765517 10.673365643830037 60.312602562771644
leaf_count=52469 36 38 141 301 289 44 614 272 30 82 51 500 432 580 36 706 714 114 1394 461 2960 25 47 74 75 35 56 30 147 351
internal_value=1.23873e-11 -0.00467616 0.00532905 -0.0100908 -0.00862546 -0.0361443 -0.0431355 0.00628908 0.0273428 0.0339993 -0.0334095 -0.00472916 0.0201178 -0.0155638 0.0128671 -0.0218184 -0.0421169 0.0446084 0.00213475 -0.0139869 -0.0309705 0.00824224 0.0415213 0.0228995 -0.0123243 -0.023919 0.000987314 -0.0319315 0.0390316 -0.000822089
internal_weight=6569.57 826.251 290.141 536.11 177.948 90.5182 83.2245 111.56 112.193 101.023 66.3883 445.592 76.7561 172.319 30.8822 141.437 59.248 19.5098 273.273 36.4143 105.023 22.7333 91.0099 40.2933 22.5016 34.8037 16.772 10.013 19.3696 253.903
internal_count=63104 10635 2366 8269 1962 1445 1401 1084 404 374 878 6824 704 4896 730 4166 827 150 1928 787 3460 486 262 121 113 380 91 112 183 1745
is_linear=0
shrinkage=0.045


Tree=90
num_leaves=31
num_cat=0
split_feature=75 11 21 31 56 31 0 4 48 46 2 55 31 54 15 54 15 15 33 54 30 60 46 29 0 55 22 6 3 66
split_gain=9.37064 9.51906 13.8868 10.5339 7.51392 12.7197 15.1544 8.99287 9.68981 10.6171 6.9545 16.3455 10.5686 7.40254 7.07029 14.2586 81.7589 30.8928 11.6678 13.9218 7.99739 6.70122 6.57245 7.43302 6.51808 6.51402 6.50345 6.38772 5.31295 5.25587
threshold=215.00000000000003 1.0000000180025095e-35 145.00000000000003 5401.5000000000009 2.5000000000000004 6262.5000000000009 5.5000000000000009 26.500000000000004 741.50000000000011 13.500000000000002 1.5000000000000002 20.500000000000004 3671.0000000000005 4.5000000000000009 741.50000000000011 4.5000000000000009 542.00000000000011 542.00000000000011 1.5000000000000002 4.5000000000000009 581.50000000000011 -1.0000000180025095e-35 1.5000000000000002 1.0000000180025095e-35 10.500000000000002 6.5000000000000009 305.00000000000006 10.500000000000002 3.5000000000000004 1.0000000180025095e-35
decision_type=2 2 2 2 2 2 2 2 2 2 2 2 2 2 2 2 2 2 2 2 2 2 2 2 2 2 2 2 2 2
left_child=1 4 3 22 10 7 -7 8 9 -6 11 12 13 -1 15 16 -12 -17 20 -20 -16 -2 -3 -24 -4 -25 -8 -5 -10 -23
right_child=21 2 24 27 5 6 26 -9 28 -11 14 -13 -14 -15 18 17 -18 -19 19 -21 -22 29 23 25 -26 -27 -28 -29 -30 -31
leaf_value=0.033903241950988774 0.039674726881907811 0.018484186528066143 0.012590742349734172 -0.017526788204777273 0.010882316745617456 0.010390073600448845 -0.058854964535214736 -0.026418961033601557 0.061011261607872985 -0.020089422136854763 0.035375637568560048 0.020798100848740397 -0.065552906718502349 -0.027233868848742893 -0.011089639596121833 -0.0067482005797886001 -0.045303136019102658 0.025718350115749071 0.017895198888009133 -0.0075582931199196061 0.019188862560122286 -0.00065149216031902026 0.018811369516695705 -0.052663210416356521 -0.028864954140352415 -0.0082063828109840992 -0.0093824006789994946 -0.064464963852074356 0.014815335157223412 -0.01046997560003159
leaf_weight=4.8424337506294295 7.2728971844189791 12.802245418657547 58.916761734522879 11.693454496446067 75.27488853642717 15.519722430501131 18.386022198013965 17.074651967268437 8.1677932830061764 30.746264180168509 43.355992627330124 19.737386755878106 10.342724472284315 11.988545786240138 18.291668090969324 121.62533514981624 58.731486567761749 114.30217424873263 71.077439742046408 108.86580999428406 264.79159542475827 5254.2964094115596 7.753446494229137 11.918657049536707 7.8503982996335244 14.727676493115721 8.0459728036075813 13.266846472048199 13.208553823176771 111.78003453181009
leaf_count=5 334 84 214 91 215 55 133 91 13 137 83 96 281 191 63 614 209 277 224 817 781 55024 19 155 103 139 30 192 67 2367
internal_value=-8.41741e-12 0.00364161 -0.00738139 -0.0209371 0.00512783 -0.00303901 -0.0245437 0.00333131 0.00749334 0.00179669 0.00692479 -0.00976603 -0.0319163 -0.00872924 0.00791321 0.00295261 -0.0110285 0.00902336 0.0115203 0.00253915 0.0172002 -0.000795699 -0.00808301 -0.0182131 0.00736242 -0.0292771 -0.0446864 -0.0439975 0.0344043 -0.000857932
internal_weight=6546.66 1173.31 138.929 72.1623 1034.38 186.424 41.9517 144.472 127.397 106.021 847.953 46.9111 27.1737 16.831 801.042 338.015 102.087 235.928 463.027 179.943 283.083 5373.35 47.202 34.3998 66.7672 26.6463 26.432 24.9603 21.3763 5366.08
internal_count=63104 5379 997 680 4382 741 218 523 432 352 3641 573 477 196 3068 1183 292 891 1885 1041 844 57725 397 313 317 294 163 283 80 57391
is_linear=0
shrinkage=0.045


Tree=91
num_leaves=31
num_cat=0
split_feature=75 7 51 25 27 7 46 48 31 6 51 0 51 48 48 42 55 48 54 48 66 6 7 48 48 75 4 6 19 21
split_gain=8.80072 10.1032 8.93329 19.1627 10.6221 11.2328 9.56342 20.0129 12.8136 10.2938 9.50786 14.2813 20.7246 18.3758 11.8254 18.1661 17.1329 21.5539 15.1381 10.7684 9.73662 14.4537 15.901 11.4101 38.2769 20.7215 11.0595 8.83459 11.2207 11.7341
threshold=215.00000000000003 3.5000000000000004 742.50000000000011 2.5000000000000004 1.5000000000000002 6.5000000000000009 12.500000000000002 9.0000000000000018 1245.0000000000002 6.5000000000000009 222.50000000000003 2.5000000000000004 542.00000000000011 16.000000000000004 193.50000000000003 446.50000000000006 3.5000000000000004 92.500000000000014 4.5000000000000009 16.000000000000004 1.0000000180025095e-35 14.500000000000002 2.5000000000000004 393.50000000000006 342.50000000000006 3257.5000000000005 3.5000000000000004 10.500000000000002 1.0000000180025095e-35 270.00000000000006
decision_type=2 2 2 2 2 2 2 2 2 2 2 2 2 2 2 2 2 2 2 2 2 2 2 2 2 2 2 2 2 2
left_child=1 27 10 4 6 -6 8 -8 -4 -10 14 12 19 -14 15 -2 18 -18 -17 -12 23 26 -23 24 -16 -25 -22 -1 -29 -30
right_child=2 -3 3 -5 5 -7 7 -9 9 -11 11 -13 13 -15 20 16 17 -19 -20 -21 21 22 -24 25 -26 -27 -28 28 29 -31
leaf_value=0.0055815934691540916 -0.024704452230287947 0.0057477370666850422 -0.014393038307738713 -0.037178210238064419 -0.051389394973185676 0.014967362694169111 0.025020030318214891 -0.040277534813804756 -0.020794800763784524 0.024447582650860628 -0.0022214937012349978 -0.01132786895106371 -0.013518259004123328 0.04007501213508919 -0.0015864415726004055 0.0017589384226264484 0.0077834055227488158 0.036686502448364904 -0.037830301163241611 -0.067219287284415924 0.037316746403157748 0.065805399357030517 -0.010389410512834105 -0.0011507763500267477 -0.032285725822280363 0.016096791550971962 -0.039111452142159178 0.0067582843591490983 -0.032655645495230444 -0.0010071416575488912
leaf_weight=101.8549178148387 41.592078556772321 909.4547724610311 22.022088404977694 17.288101668353193 10.08148260516464 9.0133584644645435 18.100710675964365 17.97330340690678 10.142285885871386 157.5021948684298 13.07683240901679 358.770367955236 18.314160019159317 40.122934844344854 429.36107863683719 501.70328836917179 287.5654226775514 63.102629595203325 19.350679483439308 7.6050310591235748 3.4149615588248698 6.1395361732575138 24.005733949423302 3005.8957868951838 100.76510351558682 146.99911488452926 43.331004544597818 45.278139461064711 59.073669557692483 39.312589623150416
leaf_count=389 417 3921 344 693 198 71 133 383 165 1271 50 8440 76 91 2549 8710 2788 206 637 55 67 53 612 26036 1169 1050 1461 169 621 279
internal_value=-1.044e-11 0.00356199 -0.000766167 0.00732022 0.0106008 -0.0208808 0.0133441 -0.00772232 0.0173703 0.0216034 -0.00118223 -0.00751492 0.00970073 0.0233341 -0.000587363 0.00400285 0.00539928 0.013074 0.000219042 -0.0281201 -0.00170313 -0.0174483 0.00674341 -0.00136977 -0.00747149 -0.000341785 -0.0328635 -0.00452496 -0.0116793 -0.0201471
internal_weight=6528.21 1154.97 5373.24 262.124 244.835 19.0948 225.741 36.074 189.667 167.644 5111.12 437.889 79.119 58.4371 4673.23 913.314 871.722 350.668 521.054 20.6819 3759.91 76.8912 30.1453 3683.02 530.126 3152.89 46.746 245.519 143.664 98.3863
internal_count=63104 5379 57725 3258 2565 269 2296 516 1780 1436 54467 8712 272 167 45755 12758 12341 2994 9347 105 32997 2193 665 30804 3718 27086 1528 1458 1069 900
is_linear=0
shrinkage=0.045


Tree=92
num_leaves=31
num_cat=0
split_feature=75 56 48 0 4 48 30 34 4 26 16 24 26 43 39 33 3 46 0 37 51 25 21 19 54 51 0 51 48 10
split_gain=7.75722 11.3128 19.0447 17.6956 15.6033 19.2344 20.5275 17.5748 14.7665 27.8265 12.2533 13.0783 12.032 11.8709 11.5719 18.383 14.2246 10.7045 10.5387 9.86897 9.31633 17.9289 9.39543 9.61363 23.167 9.34074 14.1871 18.5828 17.1848 11.7741
threshold=215.00000000000003 1.0000000180025095e-35 742.50000000000011 16.500000000000004 40.500000000000007 741.50000000000011 581.50000000000011 1.0000000180025095e-35 25.500000000000004 1.0000000180025095e-35 65.000000000000014 1.5000000000000002 1.5000000000000002 8.5000000000000018 1.5000000000000002 1.5000000000000002 4.5000000000000009 2.5000000000000004 9.5000000000000018 1.0000000180025095e-35 742.50000000000011 2.5000000000000004 390.00000000000006 1.0000000180025095e-35 4.5000000000000009 222.50000000000003 2.5000000000000004 542.00000000000011 16.000000000000004 1.0000000180025095e-35
decision_type=2 2 2 2 2 2 2 2 2 2 2 2 2 2 2 2 2 2 2 2 2 2 2 2 2 2 2 2 2 2
left_child=1 3 4 10 5 6 -3 -8 -7 -10 11 -1 18 -14 -12 -16 -17 -6 -4 -13 25 22 23 -22 -25 -2 27 -27 -29 -28
right_child=20 2 12 -5 17 8 7 -9 9 -11 14 19 13 -15 15 16 -18 -19 -20 -21 21 -23 -24 24 -26 26 29 28 -30 -31
leaf_value=0.0058992691632103866 -0.00055755904539702566 -0.043588120247935916 0.014147815663546743 -0.041750246477623307 0.0052670575687238166 0.030559637654494733 0.0076058420245577671 -0.015559344881027523 -0.01328979315531517 0.024036461823399278 0.019504491352920837 -0.057116483275763956 0.017337163576917915 -0.035777557407090446 0.020840599844459302 0.01998154191041588 -0.067415471846842878 -0.048590206807521123 -0.028831818766614559 0.0020436988761087798 0.01688315640079319 -0.035997287023893022 -0.028845964828764156 -0.046001847102564566 0.020710063269822915 -0.027176829064964911 -0.018444845404206999 -0.012818807253373582 0.039059482159214239 -0.001980426839063278
leaf_weight=106.02843790734187 4660.5047920305806 21.476237065391615 34.788927249377593 12.422038604505358 11.91310042422265 77.919853356666863 227.93371425801888 92.370249807368964 74.619518872350454 86.095173702575266 247.02713990758639 12.109605934470894 9.2974137831479293 59.712720201525372 20.211596516892314 4.8649490221869209 11.445211167447269 18.271969281835482 16.059690290188882 9.9977465071715397 191.50446101999842 16.884850981732598 10.676234254962763 16.90146582754096 24.698558585427236 19.480952388606966 200.05278698098846 18.394745973870158 39.528040837496519 156.82932594616432
leaf_count=314 45755 121 141 301 41 181 742 419 277 178 823 62 49 1159 61 23 191 81 184 31 1040 693 142 937 446 105 6002 76 91 2438
internal_value=-4.25169e-11 0.00334387 -5.27105e-05 0.00918032 0.00317298 0.00483134 -0.00201658 0.00089776 0.0146066 0.00673094 0.0108145 -0.000734955 -0.0163757 -0.0284762 0.016018 -0.00745559 -0.0416986 -0.0278471 0.000279144 -0.0314315 -0.000721383 0.00755997 0.0107116 0.0126388 -0.0068376 -0.00114648 -0.00745068 0.00992018 0.0226464 -0.0112354
internal_weight=6510.02 1154.57 730.459 424.107 610.6 580.415 341.78 320.304 238.635 160.715 411.685 128.136 119.859 69.0101 283.549 36.5218 16.3102 30.1851 50.8486 22.1074 5355.46 260.666 243.781 233.104 41.6 5094.79 434.286 77.4037 57.9228 356.882
internal_count=63104 5379 3573 1806 2040 1918 1282 1161 636 455 1505 407 1533 1208 1098 275 214 122 325 93 57725 3258 2565 2423 1383 54467 8712 272 167 8440
is_linear=0
shrinkage=0.045


Tree=93
num_leaves=31
num_cat=0
split_feature=75 56 48 27 48 30 8 17 36 8 6 6 55 16 34 4 26 43 33 36 9 22 22 22 43 31 4 52 19 51
split_gain=8.22906 10.3247 16.207 17.4244 28.5042 18.279 14.9506 14.3555 19.7136 18.5759 20.5675 18.1621 15.8158 14.3843 13.9423 11.7627 13.0009 9.6664 8.94739 9.57759 8.64686 9.3338 8.42056 8.22438 7.46597 7.4608 7.14071 7.0126 7.00941 6.91163
threshold=215.00000000000003 1.0000000180025095e-35 742.50000000000011 2.5000000000000004 741.50000000000011 581.50000000000011 3.5000000000000004 60.000000000000007 1.0000000180025095e-35 4.5000000000000009 10.500000000000002 4.5000000000000009 1.5000000000000002 45.000000000000007 1.0000000180025095e-35 6.5000000000000009 1.5000000000000002 8.5000000000000018 1.5000000000000002 1.5000000000000002 2.5000000000000004 180.00000000000003 135.00000000000003 105.00000000000001 15.500000000000002 3632.5000000000005 16.500000000000004 1.0000000180025095e-35 1.0000000180025095e-35 742.50000000000011
decision_type=2 2 2 2 2 2 2 2 2 2 2 2 2 2 2 2 2 2 2 2 2 2 2 2 2 2 2 2 2 2
left_child=1 7 3 4 5 24 -5 8 -1 11 12 -9 -11 -12 -7 -4 26 -18 -13 -20 21 -6 -8 -14 -3 -10 -17 -28 -15 -2
right_child=29 2 15 6 20 14 22 9 25 10 13 18 23 28 -16 16 17 -19 19 -21 -22 -23 -24 -25 -26 -27 27 -29 -30 -31
leaf_value=0.0034594161735032637 -0.0011069306925224024 -0.016860668239110782 -0.050029789599418742 -0.042775564683656786 -0.010551133065941808 0.0070659059131752923 -0.021267418646192963 -0.022931650582574896 -0.011235825116429442 0.046750830503951624 0.04211949617242966 0.030215619650093943 0.020083175432778842 0.011470409933707347 -0.013624615690887413 0.033351719358073705 0.018090241316371547 -0.030354299301822069 0.01725488991474973 -0.024222969629442707 0.026660917264313268 0.025649503350493107 0.013102561272026659 -0.034400510250848795 -0.074369789124562907 -0.072795320050223225 0.01119005297314175 -0.035531865967403681 -0.057447947945457378 0.0063705761989233415
leaf_weight=76.269814129453152 5092.479655668576 11.015261074993761 15.715124568843747 26.871500275796279 31.780433605890721 224.83318145899102 25.291238311678171 18.700476330704987 7.0075343977659967 15.706492145080118 3.3301044406835016 130.11172690684907 8.9193733828142303 3.1047592298127737 92.159387352876365 15.200125882285645 9.2728723376058024 50.164880723343231 99.556826606625691 11.814218716346657 129.8847553958185 24.826664583291858 31.032379484735429 12.142018558341077 7.9032600950449696 9.7550236531533283 19.035561034455895 8.6494974598754215 21.279926912626252 262.26620130409719
leaf_count=203 54467 72 510 126 105 731 88 70 34 37 18 340 32 21 416 87 47 759 341 225 270 55 133 47 44 70 69 61 368 3258
internal_value=-6.09775e-11 0.00346744 0.000212936 0.00319182 0.0062434 -0.00159764 -0.0158164 0.00909168 -0.0064401 0.0135484 -0.00797628 0.0188931 0.0139844 -0.0365829 0.00102661 -0.0149688 -0.00915188 -0.0226222 0.0222132 0.0126785 0.0203 0.00549534 -0.00243251 -0.0114625 -0.0434128 -0.0491419 0.00960772 -0.00413685 -0.0485668 -0.000739574
internal_weight=6496.08 1141.33 723.636 605.598 522.403 335.911 83.1951 417.698 93.0324 324.666 64.4827 260.183 36.7679 27.7148 316.993 118.038 102.323 59.4378 241.483 111.371 186.492 56.6071 56.3236 21.0614 18.9185 16.7626 42.8852 27.6851 24.3847 5354.75
internal_count=63104 5379 3573 2040 1693 1263 347 1806 307 1499 523 976 116 407 1147 1533 1023 806 906 566 430 160 221 79 116 104 217 130 389 57725
is_linear=0
shrinkage=0.045


Tree=94
num_leaves=31
num_cat=0
split_feature=75 56 5 38 8 21 6 16 46 19 56 5 24 43 8 46 55 46 5 55 51 19 54 24 27 14 46 48 6 3
split_gain=9.01286 9.52919 17.3493 14.631 14.0513 12.8117 17.1685 20.5049 16.9118 11.1091 8.2821 9.34903 8.34658 7.8141 11.1312 7.54489 11.0644 10.7029 7.67728 7.14205 6.99186 15.6545 16.8673 12.4403 11.7832 11.177 9.89581 14.0669 9.35238 8.99771
threshold=215.00000000000003 1.5000000000000002 38.500000000000007 1.0000000180025095e-35 4.5000000000000009 295.00000000000006 11.500000000000002 75.000000000000014 1.5000000000000002 1.0000000180025095e-35 2.5000000000000004 6.5000000000000009 1.0000000180025095e-35 14.500000000000002 3.5000000000000004 1.5000000000000002 7.5000000000000009 9.5000000000000018 11.500000000000002 6.5000000000000009 742.50000000000011 1.0000000180025095e-35 4.5000000000000009 1.0000000180025095e-35 1.5000000000000002 1.0000000180025095e-35 12.500000000000002 9.0000000000000018 21.500000000000004 1.5000000000000002
decision_type=2 2 2 2 2 2 2 2 2 2 2 2 2 2 2 2 2 2 2 2 2 2 2 2 2 2 2 2 2 2
left_child=1 4 3 10 -1 6 8 -8 9 -6 11 -3 -13 14 -4 -5 18 -18 -17 -10 -2 24 -23 -24 26 -26 28 -28 29 -22
right_child=20 2 13 15 5 -7 7 -9 19 -11 -12 12 -14 -15 -16 16 17 -19 -20 -21 21 22 23 -25 25 -27 27 -29 -30 -31
leaf_value=0.010003814051294085 -0.0011406751157110905 -0.020337658725135512 -0.041346958423919167 0.016588722244496409 -0.021193275261858303 0.02180360962497813 0.023413426221613833 -0.059221133808342583 -0.038306838312992531 0.033068606391856992 0.0021309459377966034 0.042325703575999067 0.011296785860760652 -0.048284088216025423 0.0034150237902434125 -0.066460282898462911 0.016535480907533592 -0.01009570773856727 -0.017513766401326323 0.011905778159539325 -0.030343043052994116 -0.047141074971409104 -0.03738253013963011 0.02102657817239232 0.010881344612333792 -0.059632863717350576 0.018095768320056507 -0.045020613555795709 0.048441921914702646 0.017863396813451143
leaf_weight=560.89460970286746 5090.1654660325148 8.4078508839011175 16.712729330174625 27.264796089846641 9.6023858517874014 24.535206043859944 7.3377626923611379 24.977799075597432 21.950727247167382 27.943996787420474 77.885910205426626 37.670069252024405 33.945710014901124 17.004315855912864 30.458638007752597 6.5879505808698005 45.886686732643284 86.764751311158761 57.449017893115524 7.1167898698477066 7.4202408400597042 19.685224451342947 9.3877262565074471 24.599182886828203 8.9590944597730431 7.742336739669553 15.47698567295447 11.704498559585772 18.859621048206463 138.05778396577807
leaf_count=2169 54467 27 85 117 42 127 61 576 137 75 298 153 179 88 107 62 187 429 412 48 84 1166 415 487 52 81 66 181 61 665
internal_value=-7.10676e-11 0.00364922 -0.00146702 0.00218993 0.00698106 -0.00672122 -0.013943 -0.0403181 -0.000740894 0.0190015 0.0126379 0.0227116 0.0279762 -0.0229266 -0.0129732 -0.00520035 -0.00828937 -0.000828673 -0.0234937 -0.0260259 -0.000771283 0.00638528 -0.0150932 0.00428571 0.0119674 -0.0233293 0.0151506 -0.00971562 0.0192974 0.0152142
internal_weight=6482.46 1130.4 446.038 381.863 684.359 123.465 98.9295 32.3156 66.6139 37.5464 157.91 80.0236 71.6158 64.1757 47.1714 223.953 196.688 132.651 64.037 29.0675 5352.06 261.893 53.6721 33.9869 208.221 16.7014 191.519 27.1815 164.338 145.478
internal_count=63104 5379 2144 1864 3235 1066 939 637 302 117 657 359 332 280 192 1207 1090 616 474 185 57725 3258 2068 902 1190 133 1057 247 810 749
is_linear=0
shrinkage=0.045


Tree=95
num_leaves=31
num_cat=0
split_feature=75 11 20 56 46 31 2 31 21 27 6 13 6 48 43 0 44 21 48 14 6 38 43 34 19 4 14 2 55 31
split_gain=8.06579 9.95034 13.7774 9.02656 10.1769 10.479 15.2671 11.0719 8.04799 7.64385 9.31883 7.46906 6.60045 5.73307 26.8209 22.2144 17.636 17.8148 21.9799 49.365 24.1842 10.3071 9.42058 8.89947 8.84388 14.3044 7.97062 5.8886 5.87865 5.59213
threshold=215.00000000000003 1.0000000180025095e-35 749.50000000000011 2.5000000000000004 1.5000000000000002 3470.0000000000005 4.5000000000000009 2860.0000000000005 420.00000000000006 1.0000000180025095e-35 7.5000000000000009 1.0000000180025095e-35 12.500000000000002 1211.0000000000002 10.500000000000002 1.5000000000000002 7.5000000000000009 305.00000000000006 1262.5000000000002 1.0000000180025095e-35 7.5000000000000009 1.0000000180025095e-35 5.5000000000000009 1.0000000180025095e-35 1.0000000180025095e-35 22.500000000000004 1.0000000180025095e-35 3.5000000000000004 29.500000000000004 7208.5000000000009
decision_type=2 2 2 2 2 2 2 2 2 2 2 2 2 2 2 2 2 2 2 2 2 2 2 2 2 2 2 2 2 2
left_child=1 3 9 8 -5 7 -7 12 -1 10 -3 -12 -6 28 15 -15 17 18 20 -20 -16 22 26 27 25 -23 -17 -19 -2 -11
right_child=13 2 -4 4 5 6 -8 -9 -10 29 11 -13 -14 14 16 21 -18 23 19 -21 -22 24 -24 -25 -26 -27 -28 -29 -30 -31
leaf_value=0.0064979844274872132 -6.2647856002826739e-05 0.018083225660542195 0.015210748740388488 0.022585816714570713 -0.031257348677036952 -0.048976684772545881 -0.0037338223169526598 0.034831626505244233 0.043232165853735224 0.0008239597308534294 -0.049565883356097226 0.010199955533502484 0.00080297638358130686 -0.064760874277577124 0.01858457180791253 0.00085672677106458386 0.039888583557591596 -0.023531530075278775 -0.053921092594639661 0.054556181558286405 -0.037661022470153391 -0.054653630017711438 -0.011176484621472657 -0.029280970706615107 0.024012828684318477 0.0093380755174325304 0.039515532679126185 0.023763257624445151 -0.015100873382114244 -0.031585966072392294
leaf_weight=796.88550668337848 4750.218176726994 5.8071675838436922 37.177264192141593 24.055412956979126 15.359748696559107 24.973714343155734 36.523609422147274 15.395515911746768 11.301051717717199 47.924531794735231 28.188997584569734 4.5941688029561183 63.15714742441196 8.2500452697277051 16.773541036644019 34.372949712211266 10.025906589813529 5.5369880570797241 13.795792666554915 18.982854473171756 140.79964036750607 6.9544666797737582 91.753889720363077 10.258042012923395 82.66014099738095 62.987302461173385 14.778591896989381 31.654276079498231 52.22915666224435 12.891748383641241
leaf_count=3606 49062 34 137 85 77 175 152 51 35 309 408 24 201 60 107 132 124 162 634 143 4114 120 685 319 540 335 43 377 768 85
internal_value=-8.76369e-11 0.00346326 -0.00788167 0.00503855 -0.00407325 -0.00831774 -0.0225964 0.00117199 0.00706444 -0.0165835 -0.0319932 -0.0411364 -0.00578299 -0.000727995 -0.00507737 0.00392986 -0.0160164 -0.0185306 -0.0246542 0.00865585 -0.0315943 0.006074 -0.00269798 0.00603724 0.0141385 0.00229453 0.0130366 0.0162903 -0.000229306 -0.00644608
internal_weight=6476.27 1124.24 136.584 987.652 179.465 155.41 61.4973 93.9124 808.187 99.4066 38.5903 32.7832 78.5169 5352.03 549.584 301.757 247.827 237.801 190.352 32.7786 157.573 293.507 140.905 47.4493 152.602 69.9418 49.1515 37.1913 4802.45 60.8163
internal_count=63104 5379 997 4382 741 656 327 329 3641 860 466 432 278 57725 7895 1915 5980 5856 4998 777 4221 1855 860 858 995 455 175 539 49830 394
is_linear=0
shrinkage=0.045


Tree=96
num_leaves=31
num_cat=0
split_feature=75 11 20 51 25 21 19 54 30 51 0 51 48 48 55 48 8 25 37 30 10 48 48 54 25 56 37 34 46 55
split_gain=7.75341 8.60844 12.7951 7.30954 17.4275 10.1972 9.29333 18.1197 9.28824 8.33615 13.5782 17.1486 15.2503 10.8668 15.8256 23.4143 18.7985 13.5167 12.8268 10.9592 10.6214 10.3782 24.5763 10.3046 10.1645 9.4328 9.1811 7.71218 7.67597 7.63315
threshold=215.00000000000003 1.0000000180025095e-35 749.50000000000011 742.50000000000011 2.5000000000000004 390.00000000000006 1.0000000180025095e-35 4.5000000000000009 1208.0000000000002 222.50000000000003 2.5000000000000004 542.00000000000011 16.000000000000004 193.50000000000003 3.5000000000000004 92.500000000000014 2.5000000000000004 2.5000000000000004 2.5000000000000004 1189.0000000000002 1.0000000180025095e-35 9.0000000000000018 16.000000000000004 4.5000000000000009 1.0000000180025095e-35 1.5000000000000002 1.5000000000000002 1.0000000180025095e-35 3.5000000000000004 29.500000000000004
decision_type=2 2 2 2 2 2 2 2 2 2 2 2 2 2 2 2 2 2 2 2 2 2 2 2 2 2 2 2 2 2
left_child=1 -1 -3 9 5 6 8 -8 -5 13 11 21 27 14 17 16 -16 18 -2 -17 26 -11 -23 24 -22 -25 28 -13 -12 -15
right_child=3 2 -4 4 -6 -7 7 -9 -10 10 20 12 -14 29 15 19 -18 -19 -20 -21 23 22 -24 25 -26 -27 -28 -29 -30 -31
leaf_value=0.0048658290416058805 -0.0015969507318216389 -0.015664477530161494 0.014986270151649838 0.038414267612737994 -0.036791821053550958 -0.030957442473942966 -0.044756039614086869 0.01556645574145063 0.011461363621256812 -0.067584809151766609 -0.027793898000486008 -0.034739906413327838 0.037152224513331555 -0.0014018054183899571 -0.018909702899655139 -0.0078959236246360538 0.010905803499513237 0.027345776224788541 -0.046935540923511786 0.044022381306492248 -0.036768435043345982 0.059169321766963032 -0.060954767223406155 0.014049731227961279 0.014125469980775853 -0.011890134780445193 -0.045509189858088585 0.022431839408141696 -0.0077011224826746359 -0.021234532816245551
leaf_weight=984.84536180540454 505.29545568853791 98.346626826911233 37.283047073986381 30.303164680197369 16.504342202475527 10.949135808856225 15.310560947938937 25.518896042514825 161.12826125742868 6.6573656611144569 56.322998296411242 10.813587266020479 40.084849409759045 3691.3405547352741 50.537131494143978 9.4073078390210849 253.59226399747422 31.127650674170582 11.963181669299955 52.386319861980155 26.658260762051214 5.9707457739859802 5.8264155192300677 75.517156340967631 10.524379250593482 44.205258184752893 20.626626525307074 7.1416330281645051 120.99566280585714 38.726900923531502
leaf_count=4382 8865 860 137 102 693 142 937 446 938 36 1136 47 91 32373 523 45 2430 527 198 170 261 14 55 1090 48 1039 1048 29 3818 624
internal_value=-2.0457e-11 0.00340129 -0.00719092 -0.000714796 0.00663399 0.00971948 0.0117615 -0.00758296 0.0159054 -0.00109205 -0.00706867 0.0100323 0.0219956 -0.000535572 0.00385836 0.0110922 0.00590563 -0.000980016 -0.00273408 0.0361186 -0.010773 -0.0267891 -0.000285084 -0.0020051 -0.0223705 0.00445277 -0.0176779 -0.0120163 -0.0142034 -0.00161335
internal_weight=6455.91 1120.48 135.63 5335.44 259.714 243.21 232.261 40.8295 191.431 5075.72 431.345 76.4946 58.0401 4644.38 914.309 365.923 304.129 548.386 517.259 61.7936 354.85 18.4545 11.7972 156.905 37.1826 119.722 197.945 17.9552 177.319 3730.07
internal_count=63104 5379 997 57725 3258 2565 2423 1383 1040 54467 8712 272 167 45755 12758 3168 2953 9590 9063 215 8440 105 69 2438 309 2129 6002 76 4954 32997
is_linear=0
shrinkage=0.045


Tree=97
num_leaves=31
num_cat=0
split_feature=48 55 48 14 19 74 43 4 69 41 31 1 26 8 71 48 41 14 5 48 48 71 39 69 55 71 71 55 55 48
split_gain=7.33001 9.50158 23.1528 35.2962 21.5106 19.0076 23.8235 16.8589 16.4748 17.5922 11.8445 11.9015 11.122 11.1185 18.7077 10.9396 12.359 14.6636 11.1519 10.7203 13.1269 9.71523 9.75349 9.39824 16.0076 9.077 9.05985 8.26511 8.07863 15.5678
threshold=1083.5000000000002 6.5000000000000009 1262.5000000000002 1.0000000180025095e-35 1.0000000180025095e-35 1.0000000180025095e-35 7.5000000000000009 7.5000000000000009 1.0000000180025095e-35 2740.5000000000005 6896.5000000000009 1.0000000180025095e-35 2.5000000000000004 3.5000000000000004 1.0000000180025095e-35 1253.5000000000002 2740.5000000000005 1.0000000180025095e-35 27.500000000000004 1091.5000000000002 1140.5000000000002 1.0000000180025095e-35 1.5000000000000002 1.0000000180025095e-35 10.500000000000002 1.0000000180025095e-35 1.0000000180025095e-35 3.5000000000000004 6.5000000000000009 16.000000000000004
decision_type=2 2 2 2 2 2 2 2 2 2 2 2 2 2 2 2 2 2 2 2 2 2 2 2 2 2 2 2 2 2
left_child=28 4 7 -4 8 6 19 21 15 -10 11 -8 13 26 -15 18 17 -17 -2 -6 -21 -3 -23 24 -14 -20 -9 -12 -1 -30
right_child=1 2 3 -5 5 -7 10 12 9 -11 27 -13 23 14 -16 16 -18 -19 25 20 -22 22 -24 -25 -26 -27 -28 -29 29 -31
leaf_value=-0.00044503793863386585 -0.015059019852950035 -0.040080761180053028 -0.038234960481136324 0.058454406945343339 0.040326714492478981 0.012407999268897371 -0.0051702099629326705 0.0025788659932952035 -0.043293476912038914 0.057085289163023571 -0.014001631388328592 -0.03073347207252778 0.022878938610951659 -0.0227931345618087 0.017208598262590944 -0.061034937270709126 0.052408262865430079 -0.0042706652054586925 0.0051212619938909056 -0.032205561065190638 0.015537805174901659 0.035684003866561231 -0.04799029826489197 0.065804715962023155 -0.056038391146812715 -0.018222694827920181 -0.031263345925744604 0.023172684987147467 0.014540547724073838 0.0017044632750320659
leaf_weight=3218.3728194250289 106.02451608379488 51.591563691996271 10.445612502284346 22.77141748892609 24.185108464676887 335.30831274381489 71.262102290289477 150.5425898640533 37.637694869248662 3.0328961573541156 20.473468795447843 76.531012557330541 22.766185123589825 159.97698790300637 27.003158503735904 18.894386128056794 2.7422404289245597 17.468621381209232 247.92800407373579 13.616002314840442 57.080268924939446 7.0607459935126808 3.3545273707713932 5.5526430532336226 5.672802841756492 38.026465098490007 16.913242955808528 26.971171807963401 220.13807009515585 1422.4917611001729
leaf_count=30640 1573 2535 332 159 102 3057 898 1701 569 16 271 1233 119 2226 198 300 11 134 1418 109 338 70 225 19 125 278 221 181 2724 11322
internal_value=-3.52102e-11 -0.00266085 -0.00790839 0.0278201 -0.000342569 0.00512648 -0.00330294 -0.010599 -0.00758865 -0.0346177 -0.0122754 -0.0185251 -0.00707574 -0.00944332 -0.0169554 -0.00496437 -0.0273531 -0.0346098 -0.00266688 0.0150953 0.00602156 -0.0322067 0.00689117 0.0171757 0.00576827 0.00196428 -0.00100454 0.00717321 0.000865696 0.0034325
internal_weight=6441.84 1580.83 483.651 33.217 1097.18 625.427 290.119 450.434 471.755 40.6706 195.238 147.793 388.428 354.436 186.98 431.084 39.1052 36.363 391.979 94.8814 70.6963 62.0068 10.4153 33.9916 28.439 285.954 167.456 47.4446 4861 1642.63
internal_count=63104 18418 7930 491 10488 6189 3132 7439 4299 585 2583 2131 4609 4346 2424 3714 445 434 3269 549 447 2830 295 263 244 1696 1922 452 44686 14046
is_linear=0
shrinkage=0.045


Tree=98
num_leaves=31
num_cat=0
split_feature=48 43 0 45 21 48 14 4 21 6 21 38 8 34 43 55 36 63 38 12 43 6 9 30 34 55 57 0 48 9
split_gain=7.21188 20.2313 15.7968 15.6477 16.6496 18.3952 37.7214 19.6107 16.3837 11.2264 8.64168 8.47785 8.5568 7.68076 7.53543 8.21612 8.5416 7.2944 18.6172 14.3847 12.1588 10.4295 6.51496 6.46377 6.30309 6.29724 6.53366 18.9005 28.5504 20.1933
threshold=1211.0000000000002 10.500000000000002 1.5000000000000002 7.5000000000000009 305.00000000000006 1262.5000000000002 1.0000000180025095e-35 28.500000000000004 135.00000000000003 5.5000000000000009 105.00000000000001 1.0000000180025095e-35 1.0000000180025095e-35 1.0000000180025095e-35 5.5000000000000009 1.0000000180025095e-35 1.0000000180025095e-35 1.0000000180025095e-35 3.5000000000000004 1.0000000180025095e-35 4.5000000000000009 8.5000000000000018 4.5000000000000009 3646.0000000000005 1.0000000180025095e-35 27.500000000000004 45.000000000000007 3.5000000000000004 422.50000000000006 2.5000000000000004
decision_type=2 2 2 2 2 2 2 2 2 2 2 2 2 2 2 2 2 2 2 2 2 2 2 2 2 2 2 2 2 2
left_child=17 2 -2 4 5 7 -7 9 -8 -3 -9 14 -13 -6 15 -4 -17 25 19 20 21 23 -14 -19 -24 26 -1 28 -28 -29
right_child=1 3 11 -5 13 6 8 10 -10 -11 -12 12 22 -15 -16 16 -18 18 -20 -21 -22 -23 24 -25 -26 -27 27 29 -30 -31
leaf_value=0.0015930635814409733 -0.060157829792272778 0.030314675421907394 0.04131466333059991 0.038000763412755302 0.016127957240870395 -0.051203071597050086 0.071602219634260972 -0.026195413342885578 -0.019765656166776235 -0.044039062964141958 0.010962945178693437 -0.033531264893885415 0.020186408098775817 -0.027093064705187395 -0.011312372693969584 -0.017373514669070885 0.026360504506861143 -0.03570238946736827 0.054430920570415035 0.032729760391713943 -0.039210914640004577 0.024922917327842152 -0.011723038409276023 -0.0012908979807295347 0.026088164297709483 -0.013107434442892446 0.016160982613791831 0.0097599283256938497 -0.035020054830616383 -0.0043442820769733518
leaf_weight=4582.7922791208839 6.8534006038680664 3.6221108839381477 11.988531726528889 9.9563365993089956 36.678324687993154 12.110891069401989 13.621566903428176 22.623233525373507 4.9538879857864222 97.358606140303891 26.477158644818701 7.0847209580242625 103.90540205623256 9.7264877286506799 88.842185800487641 22.302955604332965 13.778607075510079 20.765238385705743 7.325735018705017 10.414331243140621 41.134420727961697 14.317964496207422 29.993891318968963 22.618479031982133 11.540630784933454 65.303924554493278 30.38573626044672 285.9602131433785 75.160546926199459 723.63986461306922
leaf_count=42413 60 14 51 124 539 634 62 239 81 3780 188 45 649 319 685 78 46 266 121 124 3410 165 235 283 66 960 181 1592 762 4932
internal_value=-5.53e-11 -0.00500505 0.00283546 -0.0147725 -0.0172418 -0.0233879 0.0081403 -0.0298455 0.0474704 -0.0411009 -0.00633907 0.00452903 0.0117922 0.00668837 -0.0035892 0.0106243 -0.000412138 0.000454833 -0.0106412 -0.0154587 -0.0208133 -0.00725348 0.0142139 -0.018195 -0.000850616 0.000681086 0.000841389 -0.00224635 -0.0202721 -0.000343686
internal_weight=6413.24 533.419 296.29 237.129 227.172 180.767 30.6863 150.081 18.5755 100.981 49.1004 289.437 152.525 46.4048 136.912 48.0701 36.0816 5879.82 116.576 109.25 98.8361 57.7017 145.44 43.3837 41.5345 5763.24 5697.94 1115.15 105.546 1009.6
internal_count=63104 7895 1915 5980 5856 4998 777 4221 143 3794 427 1855 995 858 860 175 124 55209 4369 4248 4124 714 950 549 301 50840 49880 7467 943 6524
is_linear=0
shrinkage=0.045


Tree=99
num_leaves=31
num_cat=0
split_feature=75 56 22 11 34 13 9 34 55 31 3 22 27 46 7 46 31 0 31 0 31 46 60 55 51 19 54 2 46 0
split_gain=6.16982 7.21458 8.98138 13.2127 16.2459 9.51294 9.05449 8.02509 10.1543 9.82954 10.9215 8.91584 7.79044 7.5492 11.431 8.29691 7.64429 6.88298 6.50812 7.05746 6.32949 6.93987 6.15033 6.0806 5.75699 13.7109 14.1093 11.261 13.847 13.1777
threshold=215.00000000000003 2.5000000000000004 290.00000000000006 1.0000000180025095e-35 1.0000000180025095e-35 1.0000000180025095e-35 2.5000000000000004 1.5000000000000002 2.5000000000000004 6262.5000000000009 5.5000000000000009 265.00000000000006 1.0000000180025095e-35 12.500000000000002 4.5000000000000009 13.500000000000002 2340.0000000000005 11.500000000000002 5428.0000000000009 25.500000000000004 532.50000000000011 4.5000000000000009 -1.0000000180025095e-35 1.0000000180025095e-35 742.50000000000011 1.0000000180025095e-35 4.5000000000000009 3.5000000000000004 5.5000000000000009 9.5000000000000018
decision_type=2 2 2 2 2 2 2 2 2 2 2 2 2 2 2 2 2 2 2 2 2 2 2 2 2 2 2 2 2 2
left_child=1 2 3 -1 5 23 17 9 -9 13 11 -11 -12 18 15 -15 -16 20 19 -3 -4 -22 -2 -5 -24 27 -27 -26 29 -29
right_child=22 7 6 4 -6 -7 -8 8 -10 10 12 -13 -14 14 16 -17 -18 -19 -20 -21 21 -23 24 -25 25 26 -28 28 -30 -31
leaf_value=0.0043608267068172392 0.039268697046455234 0.0010548878205357834 0.040270560386626221 0.0066656621504846388 0.0039726939856183285 0.0404693887304267 0.020224863010251729 0.012897637991808129 -0.069422976167179268 -0.06577783843007734 -0.027860126110719228 -0.012300909736799204 0.028492139539059422 -0.0023028074190711099 -0.026954012103610356 -0.073567698021591243 0.018161505066445462 -0.029369002469365552 0.045764185185235715 0.034104320342104109 0.011923346568967883 -0.017580345414936104 -0.0010413638172556889 -0.051991824563190299 0.026120896643067128 -0.046127821167859656 0.0025444874553258979 0.025453983750559333 -0.012109605359250774 -0.019314333355983575
leaf_weight=621.59933947701938 6.8067251524189478 84.74396850366611 8.8557719476520997 3.8509519839426529 38.969977035652846 2.1217567387502632 129.67060605587903 4.4080191189423186 7.1249947547912598 12.137771889567377 7.4912484425585744 13.25159935466945 11.023504058364777 5.4889662936329824 10.604393072426321 7.5883719460107386 21.097281074151397 11.534272511838934 8.2468784770462644 14.488383258692918 45.482528971508145 23.743431878509 5010.9553498275636 27.449570679920726 66.452142056077719 17.692337404121645 33.721311785600847 62.435539246711414 61.803502265363932 16.058155127102509
leaf_count=2872 334 335 25 24 198 14 517 18 72 122 40 67 35 17 34 56 71 83 25 22 143 127 54133 462 322 1166 902 293 465 110
internal_value=-9.80768e-11 0.00303037 0.00475147 0.00223508 -0.0158285 -0.038361 0.012669 -0.00452416 -0.0394407 -0.00228168 -0.0207882 -0.0393902 0.0054322 0.00315554 -0.0121941 -0.045944 0.00270735 0.00163335 0.00960411 0.00617237 0.0065265 0.00169779 -0.000644313 -0.0447922 -0.000703315 0.00583693 -0.014765 0.0110066 0.00371341 0.0161676
internal_weight=6396.9 1120.97 913.278 693.992 72.3923 33.4223 219.287 207.695 11.533 196.162 43.9041 25.3894 18.5148 152.258 44.779 13.0773 31.7017 89.616 107.479 99.2324 78.0817 69.226 5275.93 31.3005 5269.12 258.163 51.4136 206.749 140.297 78.4937
internal_count=63104 5379 4465 3570 698 500 895 914 90 824 264 189 75 560 178 73 105 378 382 357 295 270 57725 486 57391 3258 2068 1190 868 403
is_linear=0
shrinkage=0.045


Tree=100
num_leaves=31
num_cat=0
split_feature=60 2 5 11 5 54 15 5 7 21 13 11 34 37 60 4 7 51 51 25 5 38 27 31 51 0 51 21 38 21
split_gain=6.45642 7.1619 14.8727 10.8607 9.07392 8.38449 11.4971 14.3236 9.74768 7.50928 7.2852 7.38377 7.21163 5.84954 5.81938 5.72029 5.67592 5.40908 5.27708 14.1088 10.95 10.1925 14.4076 12.1412 6.7439 18.5924 23.8519 16.331 9.64977 6.98982
threshold=1.0000000180025095e-35 4.5000000000000009 34.500000000000007 1.0000000180025095e-35 29.500000000000004 4.5000000000000009 742.50000000000011 3.5000000000000004 8.5000000000000018 165.00000000000003 1.0000000180025095e-35 1.0000000180025095e-35 1.0000000180025095e-35 1.0000000180025095e-35 -1.0000000180025095e-35 32.500000000000007 8.5000000000000018 542.00000000000011 742.50000000000011 2.5000000000000004 3.5000000000000004 1.5000000000000002 1.0000000180025095e-35 1125.5000000000002 324.00000000000006 2.5000000000000004 741.50000000000011 255.00000000000003 1.0000000180025095e-35 115.00000000000001
decision_type=2 2 2 2 2 2 2 2 2 2 2 2 2 2 2 2 2 2 2 2 2 2 2 2 2 2 2 2 2 2
left_child=14 2 3 5 -5 13 8 -8 -7 10 11 -3 -13 16 -1 -11 -2 -17 24 20 -20 23 -23 -22 -16 28 29 -28 -26 -27
right_child=1 9 -4 4 -6 6 7 -9 -10 15 -12 12 -14 -15 18 17 -18 -19 19 -21 21 22 -24 -25 25 26 27 -29 -30 -31
leaf_value=0.038946890463221896 -0.016823322005669633 0.0031800820389543349 -0.052307121052700897 -0.040098822270905471 0.0195852793760035 -0.0077309716290862845 -0.054887801265622593 0.0073540360977685879 -0.047308314969262813 0.016384480793551478 0.027025228760917341 -0.032631807363392856 0.00025154976844098299 0.035828598732260256 -0.00062441352051471823 0.022520443898868796 0.021098576840161965 -0.0047111564078780293 0.054156756853023923 -0.035088452567162413 -0.03806806868258087 0.028648050685012409 -0.012010087785313253 0.0033640980697657351 0.00023129365698075529 -0.050373966072816849 0.0047208578658278905 -0.031099775753794471 0.036445700899979776 -0.022453197878640516
leaf_weight=6.4995625158771864 12.794739346834833 437.63110668479931 10.565755247836931 21.775702025974173 6.0021006492897859 71.549215195002034 6.8086094781756392 184.49395994481165 14.45523640885949 174.81659532652702 22.242929817992263 23.298055425344501 30.371056848904118 21.267156387679279 4680.8467408319411 18.401653196197003 18.111915277317166 60.959395165555179 9.0929647265002114 15.261612028058151 15.093708898668408 66.225286523942486 23.29209590004757 129.18980042479234 38.120004317723215 27.960939810000127 125.34685934946174 31.386379832722014 23.474075458943844 58.260916233819444
leaf_count=334 110 1720 115 294 59 634 30 1028 97 648 94 249 151 64 47917 48 42 262 29 693 296 526 315 1399 137 894 1903 948 60 2008
internal_value=-2.13708e-10 0.00307517 -0.00208407 -0.000456888 -0.0269701 0.00185323 -0.00128098 0.0048649 -0.0148502 0.00554652 0.00240608 0.00123885 -0.0143591 0.0182225 -0.000665595 0.0118572 0.00536443 0.00180477 -0.000722113 0.00553894 0.00822505 0.00621564 0.0180531 -0.00120237 -0.00104737 -0.0075248 -0.0131181 -0.00260404 0.0143947 -0.0319814
internal_weight=6385.6 1135.55 367.824 357.259 27.7778 329.481 277.307 191.303 86.0045 767.721 513.543 491.3 53.6691 52.1738 5250.05 254.178 30.9067 79.361 5243.55 258.155 242.894 233.801 89.5174 144.284 4985.4 304.549 242.955 156.733 61.5941 86.2219
internal_count=63104 5645 2473 2358 353 2005 1789 1058 731 3172 2214 2120 400 216 57459 958 152 310 57125 3258 2565 2536 841 1695 53867 5950 5753 2851 197 2902
is_linear=0
shrinkage=0.045


Tree=101
num_leaves=31
num_cat=0
split_feature=48 16 44 46 0 43 55 48 48 20 75 4 54 46 5 40 54 47 21 47 57 17 43 9 20 48 27 4 48 43
split_gain=5.59423 23.3017 18.0684 19.4191 19.8053 18.3329 15.3379 17.0103 23.644 28.0031 20.5607 16.8504 19.147 15.0941 15.7405 13.588 13.3224 22.5085 16.1232 13.1224 12.3782 15.8964 12.2531 11.857 11.3918 10.9027 38.564 10.5071 10.3662 10.2225
threshold=742.50000000000011 15.000000000000002 1.0000000180025095e-35 1.0000000180025095e-35 11.500000000000002 4.5000000000000009 6.5000000000000009 709.50000000000011 342.50000000000006 808.00000000000011 3378.5000000000005 8.5000000000000018 4.5000000000000009 1.5000000000000002 42.500000000000007 1.5000000000000002 4.5000000000000009 1865.5000000000002 295.00000000000006 2844.5000000000005 255.00000000000003 175.00000000000003 27.500000000000004 4.5000000000000009 407.50000000000006 741.50000000000011 1.0000000180025095e-35 8.5000000000000018 16.000000000000004 23.500000000000004
decision_type=2 2 2 2 2 2 2 2 2 2 2 2 2 2 2 2 2 2 2 2 2 2 2 2 2 2 2 2 2 2
left_child=6 -2 3 5 -5 -3 20 8 10 -10 15 12 -9 14 -12 -8 17 -4 23 24 29 -22 -21 -18 -19 -13 -27 -20 -17 -1
right_child=1 2 16 4 -6 -7 7 11 9 -11 13 25 -14 -15 -16 28 18 19 27 22 21 -23 -24 -25 -26 26 -28 -29 -30 -31
leaf_value=-5.0100657740707526e-05 0.033297244508317225 0.038376292890502622 0.01014756893290307 -0.043730283673286421 0.04244867996100278 -0.042344592296315826 0.0094344552732311387 -0.043290436152665611 -0.055782253714110837 0.069011075194019611 0.02403629435880137 0.0275055524155144 0.039859247239287007 -0.061452691731411227 -0.051471678317779129 0.0093644744423128003 -0.027152822579220724 -0.045602563773191378 -0.042970807947908703 -0.002182274433336912 0.010471615601470139 -0.06310609940063111 0.01443189762760645 -0.0008783070093487563 -0.0080277557326256781 -0.056576051089505489 0.015610706605894503 0.014211968236000395 -0.0058817164948947939 -0.013843205977907024
leaf_weight=2018.4942711311014 37.498210930498317 16.076923955231909 352.78459231520537 55.182442717254162 5.182451367378234 7.5965297790244213 508.75703627272742 19.239949111477475 24.044136779499244 3.3870697924867263 13.973753629252316 113.22090125130489 6.8726100884377948 15.611031986773012 7.9296663515269747 126.92334732910967 113.27680442249402 23.808587231324054 6.3786944161402053 1994.0937486078474 9.6701606716960669 13.470747428014874 93.139500840828987 50.095037425518967 49.515704783989349 15.243127875961362 196.01449381792918 55.389855949324556 306.20434424409177 114.00684411244583
leaf_count=21319 254 129 1890 602 19 57 3461 183 403 18 103 652 19 107 42 1799 1689 732 155 19007 33 68 1699 415 1118 141 841 257 3803 2089
internal_value=-4.49377e-11 -0.00147735 -0.00195097 -0.0223794 -0.0357605 0.0118075 0.0012028 0.00494797 0.00197013 -0.0384881 0.0031414 0.0134698 -0.0207432 -0.0290931 -0.00435356 0.00445476 -0.00131613 -0.000374667 -0.011778 -0.00209668 -0.00115675 -0.0331992 -0.00143434 -0.0191506 -0.0206778 0.0162784 0.0101601 0.00771632 -0.00140271 -0.000793644
internal_weight=6373.08 2860.02 2822.52 84.0383 60.3649 23.6735 3513.06 1357.42 1006.83 27.4312 979.399 350.591 26.1126 37.5145 21.9034 941.885 2738.48 2513.34 225.14 2160.56 2155.64 23.1409 2087.23 163.372 73.3243 324.479 211.258 61.7686 433.128 2132.5
internal_count=63104 28023 27769 807 621 186 35081 11572 9736 421 9315 1836 202 252 145 9063 26962 24446 2516 22556 23509 101 20706 2104 1850 1634 982 412 5602 23408
is_linear=0
shrinkage=0.045


Tree=102
num_leaves=31
num_cat=0
split_feature=46 19 20 8 31 3 30 42 42 31 6 43 30 6 38 24 21 31 43 5 42 42 2 55 46 51 6 60 20 46
split_gain=5.82931 17.1932 25.5911 16.927 13.094 12.1957 11.6924 10.0132 10.5239 9.17731 10.0434 13.2582 11.5337 8.92754 7.98833 7.42202 7.88521 6.99252 6.62342 6.4402 6.1505 8.31257 6.53594 5.71317 7.82582 8.33028 5.55131 5.33965 5.2803 17.1453
threshold=1.0000000180025095e-35 1.0000000180025095e-35 92.500000000000014 4.5000000000000009 4979.5000000000009 4.5000000000000009 7653.5000000000009 3722.0000000000005 2363.0000000000005 8083.5000000000009 8.5000000000000018 12.500000000000002 4648.5000000000009 19.500000000000004 1.0000000180025095e-35 2.5000000000000004 45.000000000000007 4438.0000000000009 4.5000000000000009 24.500000000000004 3867.5000000000005 2363.0000000000005 5.5000000000000009 23.500000000000004 26.500000000000004 222.50000000000003 7.5000000000000009 -1.0000000180025095e-35 92.500000000000014 8.5000000000000018
decision_type=2 2 2 2 2 2 2 2 2 2 2 2 2 2 2 2 2 2 2 2 2 2 2 2 2 2 2 2 2 2
left_child=1 7 -3 4 13 14 18 8 9 10 12 -12 -1 17 -5 16 -6 -4 -7 -17 21 23 -23 27 25 -25 -8 -2 29 -29
right_child=20 2 3 5 15 6 26 -9 -10 -11 11 -13 -14 -15 -16 19 -18 -19 -20 -21 -22 22 -24 24 -26 -27 -28 28 -30 -31
leaf_value=0.010618744153677638 0.038578726085482226 0.036361989758619713 0.0087330264099054599 -0.0020117875700719438 -0.020318465397379751 0.017967916591544852 -0.0043228221068418744 -0.055171888584940224 0.025897381813553486 -0.039386889632920502 -0.020800201219150022 0.010107772095792283 -0.0082819524035284628 -0.039489146679310291 -0.059348343409136986 -0.057708247619892211 0.025462637271287055 -0.017102645408239119 -0.0055031268058723746 0.016503501510275357 0.03306953005608828 -0.0066183900871517069 -0.039605031361022482 -0.0093459516300492991 0.032583730662973556 -0.054332587711235981 -0.066934091980729735 -0.010253894189281186 9.2983708774066321e-05 0.0157366003422931
leaf_weight=149.14233484177385 6.1661157085327423 59.337076632771641 137.56284489587415 7.7183931710314964 7.3567593060433856 36.196385498158634 4.7890981375239772 6.3920541144907466 24.209583144634962 13.372853535227476 102.61696716217557 37.867789022799116 114.85690290899947 8.7727640995290113 12.93411688657943 3.5746522889239705 133.48750705234124 24.096647762577049 69.581988984049531 4.2062337523675524 9.9795273989438993 35.817788158543408 17.832278217189014 107.3155684817466 7.2346441079862407 8.126673673046751 6.7365142727503553 287.24647176711005 4846.449623977911 61.620005080098053
leaf_count=895 325 560 1097 116 46 275 20 54 569 289 726 449 709 143 155 45 969 167 545 48 41 577 549 1355 51 88 72 3076 48461 632
internal_value=-6.00799e-11 0.00321941 0.00881027 0.00516147 0.0108464 -0.00796975 -0.0022226 -0.00322312 -0.00234914 -0.00404359 -0.00278084 -0.0124564 0.00239548 0.00230374 -0.0390027 0.0205616 0.022945 0.00480054 0.0026215 -0.0202797 -0.000577002 -0.000645576 -0.0181066 -0.000466259 -0.0100251 -0.0129522 -0.0433401 -0.00023893 -0.000292417 -0.00563136
internal_weight=6352.6 964.809 516.351 457.014 319.057 137.956 117.304 448.458 442.066 417.857 404.484 140.485 263.999 170.432 20.6525 148.625 140.844 161.659 105.778 7.78089 5387.79 5377.81 53.6501 5324.16 122.677 115.442 11.5256 5201.48 5195.32 348.866
internal_count=63104 7949 4258 3698 2515 1183 912 3691 3637 3068 2779 1175 1604 1407 271 1108 1015 1264 820 93 55155 55114 1126 53988 1494 1443 92 52494 52169 3708
is_linear=0
shrinkage=0.045


Tree=103
num_leaves=31
num_cat=0
split_feature=63 8 19 15 43 4 48 16 44 4 29 33 75 57 25 56 43 48 17 57 48 48 19 43 22 35 57 41 2 0
split_gain=5.26625 13.7621 31.8899 13.4856 11.5439 12.6391 6.64467 23.7748 20.6887 16.0224 15.6807 13.6713 13.4551 15.3869 12.3007 11.5438 10.6258 12.8193 10.3902 12.4968 13.6041 12.0641 15.6785 11.962 11.8954 10.9487 10.4059 10.2086 9.82597 20.1871
threshold=1.0000000180025095e-35 3.5000000000000004 1.0000000180025095e-35 324.00000000000006 10.500000000000002 30.500000000000004 742.50000000000011 15.000000000000002 1.0000000180025095e-35 43.500000000000007 1.0000000180025095e-35 1.0000000180025095e-35 2338.0000000000005 255.00000000000003 1.5000000000000002 1.0000000180025095e-35 27.500000000000004 1083.5000000000002 75.000000000000014 135.00000000000003 9.0000000000000018 741.50000000000011 1.0000000180025095e-35 6.5000000000000009 145.00000000000003 1.0000000180025095e-35 75.000000000000014 1136.0000000000002 3.5000000000000004 16.500000000000004
decision_type=2 2 2 2 2 2 2 2 2 2 2 2 2 2 2 2 2 2 2 2 2 2 2 2 2 2 2 2 2 2
left_child=6 -2 4 -4 5 -3 12 14 9 10 11 -9 13 28 -8 16 27 -18 19 20 23 24 -23 -14 26 -22 -20 -10 29 -1
right_child=1 2 3 -5 -6 -7 7 8 15 -11 -12 -13 18 -15 -16 -17 17 -19 21 -21 25 22 -24 -25 -26 -27 -28 -29 -30 -31
leaf_value=-0.0073563130858326975 -0.027425333168477093 0.057894369727298431 0.027221567104603692 -0.047831526399403468 -0.041957783901788906 0.0017085693402295633 0.058649191390571676 0.023861289755482584 -0.0020547217104249496 -0.077152254313228502 -0.035039648756738269 -0.038894752814357024 -0.0044330866886421599 -0.04156545478347981 0.0078740279114889161 -0.01468326034767976 0.02641672661345848 -0.0041758468574106316 0.003787096812776529 -0.048110570560177861 -0.000717231714106365 -0.06473099166890918 0.00029952319386906192 -0.042227274205102409 -0.0046374252624958858 -0.036263131548472105 0.023768240389369692 0.0085472131627280807 0.0057769707012257096 0.013219912298642042
leaf_weight=343.02858668286353 48.579822420724668 22.072601997235324 5.4463484735460979 21.857153314573225 3.2373694914858779 12.595856952742905 18.562677107751369 24.194401076063514 2297.6244010023947 9.17729410715401 39.849353472702205 8.7699129208922368 32.083529535681009 14.066531311720608 19.800776607589796 122.42280791734811 61.906284185766708 49.183772549178684 431.87416806191322 14.104289191775022 321.00964679531171 11.909113333560528 17.919852242484922 35.602368906140327 346.26638507471944 17.564815580146387 59.234331001294777 198.92687871865928 1596.6870967154391 133.23589013982564
leaf_count=2337 1968 215 169 1487 338 192 97 169 21990 131 408 99 339 80 157 1665 332 1572 6040 176 3188 75 290 756 7181 395 190 1403 9089 576
internal_value=-1.38229e-11 -0.00955093 0.00397829 -0.0324275 0.0303608 0.038101 0.000176091 -0.00142333 -0.00190882 -0.0240433 -0.016395 0.00651191 0.0015271 0.00375828 0.0333081 -0.00123551 -0.000598778 0.0129558 -0.00208953 -0.00788659 -0.00637542 0.000726357 -0.0269212 -0.024638 0.00174215 -0.00266267 0.00624049 -0.00120687 0.00408573 -0.00158444
internal_weight=6338.79 113.789 65.2093 27.3035 37.9058 34.6685 6225.01 2850.42 2812.06 81.991 72.8137 32.9643 3374.59 2087.02 38.3635 2730.06 2607.64 111.09 1287.57 420.365 406.26 867.204 29.829 67.6859 837.375 338.574 491.108 2496.55 2072.95 476.264
internal_count=63104 4369 2401 1656 745 407 58735 28023 27769 807 676 268 30712 12082 254 26962 25297 1904 18630 4854 4678 13776 365 1095 13411 3583 6230 23393 12002 2913
is_linear=0
shrinkage=0.045


Tree=104
num_leaves=31
num_cat=0
split_feature=48 35 19 74 48 21 4 21 6 48 8 48 11 42 55 48 4 33 48 48 4 30 40 46 55 47 22 8 55 9
split_gain=5.0753 9.02173 8.0663 20.4225 17.0854 41.4681 27.3683 21.9718 31.3006 14.9717 24.2405 14.2894 21.7928 16.4067 13.1773 11.0992 10.9954 13.5141 11.271 9.38212 17.6684 8.72178 8.66613 8.52454 7.77114 7.06933 14.8685 15.458 17.1012 14.0976
threshold=1083.5000000000002 1.0000000180025095e-35 1.0000000180025095e-35 1.0000000180025095e-35 1211.0000000000002 295.00000000000006 31.500000000000004 285.00000000000006 13.500000000000002 1167.0000000000002 3.5000000000000004 1211.0000000000002 1.0000000180025095e-35 661.50000000000011 5.5000000000000009 1228.0000000000002 27.500000000000004 1.0000000180025095e-35 1262.5000000000002 1183.0000000000002 34.500000000000007 3454.5000000000005 1.0000000180025095e-35 1.0000000180025095e-35 4.5000000000000009 4077.5000000000005 55.000000000000007 4.5000000000000009 5.5000000000000009 1.5000000000000002
decision_type=2 2 2 2 2 2 2 2 2 2 2 2 2 2 2 2 2 2 2 2 2 2 2 2 2 2 2 2 2 2
left_child=25 2 9 16 5 6 -5 8 -6 10 -2 12 13 -11 21 -9 17 24 -19 23 -21 -12 -7 -18 -4 -1 -27 29 -29 -28
right_child=1 -3 3 4 7 22 -8 15 -10 11 14 -13 -14 -15 -16 -17 19 18 -20 20 -22 -23 -24 -25 -26 26 27 28 -30 -31
leaf_value=9.5079397471226185e-06 0.012976997780091194 -0.018826298274129006 0.0096613963658917414 0.02692904277383858 0.0023644105007988012 -0.062541731898852634 -0.025800912162448213 -0.001367424152354162 -0.041026750024437265 0.045864794594080487 0.018344549385961181 -0.0046123663503914178 0.019516847265360807 -0.035435107586643366 -0.041785704618288969 0.041061344084738272 0.03221194821942136 -0.024593197104211359 0.008984071675680088 0.0088571517455283046 -0.056776397130515209 -0.023159527513714591 -0.014355883717499867 0.0031575164459812411 -0.012222056405283059 0.036501396549652128 -0.010384550527185661 -0.0013464428191440653 -0.055364923198612366 0.0084498924247909304
leaf_weight=4085.4071516079857 156.92700773425167 62.738980399648426 71.73548830387881 210.34983030246804 117.21099423681153 10.161890367045997 21.219521869265009 21.110474497545511 46.174225834169192 4.4511602185666552 20.092460639600176 217.20105285636964 19.319228891283274 101.7354046482651 28.482230608235113 29.337393894384149 27.965604262426496 136.92917903908528 23.19774900158518 22.012505107442848 12.127872883516828 18.958652392786462 26.199537398992106 70.426557320926804 58.94171834300505 27.94193050742615 94.312871814414393 34.796249908511527 17.051085700164549 519.54823823744664
leaf_count=40967 1010 2178 620 1483 996 122 161 321 1914 22 158 2380 59 1499 377 266 119 2226 577 182 125 191 336 390 706 121 465 214 187 2732
internal_value=-9.7343e-12 -0.0022503 -0.00153163 0.00110539 0.00743461 0.0149838 0.022007 -0.00205018 -0.0100733 -0.0057344 0.00329185 -0.0116386 -0.0236658 -0.0316311 -0.0190745 0.0236251 -0.00609791 -0.0109821 -0.0197033 0.0046209 -0.0154104 -0.00188013 -0.0291359 0.0116565 -0.000226954 0.000723103 0.00491992 0.00354158 -0.019823 0.00554401
internal_weight=6314.06 1535.01 1472.27 905.101 481.764 267.931 231.569 213.833 163.385 567.167 224.46 342.707 125.506 106.187 67.5333 50.4479 423.337 290.804 160.127 132.533 34.1404 39.0511 36.3614 98.3922 130.677 4779.06 693.65 665.708 51.8473 613.861
internal_count=63104 18418 16240 10544 5599 2102 1644 3497 2910 5696 1736 3960 1580 1521 726 587 4945 4129 2803 816 307 349 458 509 1326 44686 3719 3598 401 3197
is_linear=0
shrinkage=0.045


Tree=105
num_leaves=31
num_cat=0
split_feature=46 19 20 6 35 30 10 5 75 41 43 4 31 29 52 75 7 0 7 58 60 42 9 30 43 70 56 20 20 31
split_gain=5.20611 14.3654 20.7036 12.0923 17.3453 14.2722 15.771 13.9257 10.2358 9.34489 9.20766 12.9406 11.4647 8.81939 8.67394 8.5497 8.27197 8.03578 7.57239 7.34278 8.81439 7.20416 7.19714 7.0928 6.22061 5.7672 5.50872 13.8553 11.8993 11.0385
threshold=1.0000000180025095e-35 1.0000000180025095e-35 92.500000000000014 8.5000000000000018 1.0000000180025095e-35 2362.5000000000005 1.0000000180025095e-35 17.500000000000004 448.50000000000006 520.00000000000011 3.5000000000000004 20.500000000000004 1349.0000000000002 1.0000000180025095e-35 1.0000000180025095e-35 3566.0000000000005 9.5000000000000018 13.500000000000002 3.5000000000000004 1.0000000180025095e-35 1.0000000180025095e-35 1351.0000000000002 2.5000000000000004 6502.5000000000009 2.5000000000000004 1.0000000180025095e-35 2.5000000000000004 433.00000000000006 749.50000000000011 3470.0000000000005
decision_type=2 2 2 2 2 2 2 2 2 2 2 2 2 2 2 2 2 2 2 2 2 2 2 2 2 2 2 2 2 2
left_child=1 9 24 8 5 6 -5 -7 -4 22 11 -11 -13 18 19 26 -15 23 -10 20 -12 -14 -1 -16 -3 -6 -2 29 -29 -28
right_child=15 2 3 4 25 7 -8 -9 13 10 14 12 21 16 17 -17 -18 -19 -20 -21 -22 -23 -24 -25 -26 -27 27 28 -30 -31
leaf_value=-0.06590717076871612 -0.0001206567426028555 -0.013800241752024772 0.03816742688458493 0.031705025382548324 -0.050783032436511222 0.022518365181197722 -0.0072243753190259444 -0.012163695616929484 0.045064958841101205 -0.023074968433828606 -0.019825459565824977 0.059691036262907234 0.00021936715771058969 0.0026322055420583855 0.010426392955035028 -0.036944008195522904 -0.051369201456093812 -0.036361328138012981 0.011852229869559049 0.022975928514318521 0.011970006231339019 0.026793775438090434 0.004625580600586536 -0.012386780403761528 0.038183074644850157 0.015070159937692807 0.0090618376783877467 -0.039302411713422615 -0.0065786257392219383 -0.013942008567661472
leaf_weight=7.2203315272927266 5066.5124220050202 4.618027417920529 28.375397801399231 53.113250539405271 16.557945227483291 27.597114356991369 33.998501378693618 130.02296454715542 17.42864643887151 20.120048042677809 129.94658224500017 9.7850824632914719 54.659291684394702 73.613599986652844 107.23416885823826 12.035680472850798 5.2241651387885204 9.3817093324905709 61.770981491630664 9.8428878653794509 19.726798568270169 32.224517723545432 4.3589587807655334 36.11663029412739 51.57882383663673 2.7152153511997303 113.6789611261047 39.118087410373846 52.374596840119921 65.874742408574093
leaf_count=45 51889 124 113 424 232 243 280 1217 101 245 1080 98 539 580 636 161 49 132 442 56 62 564 34 200 436 17 886 671 697 851
internal_value=-2.10878e-12 0.00307315 0.00823421 0.00498366 -0.00121734 0.00208787 0.0166019 -0.00598766 0.0137254 -0.00286617 -0.00174115 0.00898937 0.015831 0.00912446 -0.00577052 -0.000544623 -0.00154478 0.00189448 0.0196318 -0.0130756 -0.0155832 0.0102683 -0.0410985 0.00463272 0.0337447 -0.0412199 -0.000455641 -0.00669384 -0.0208435 0.000591702
internal_weight=6296.83 947.232 506.615 450.418 264.005 244.732 87.1118 157.62 186.413 440.617 429.038 116.789 96.6689 158.037 312.249 5349.59 78.8378 152.733 79.1996 159.516 149.673 86.8838 11.5793 143.351 56.1969 19.2732 5337.56 271.046 91.4927 179.554
internal_count=63104 7949 4258 3698 2413 2164 704 1460 1285 3691 3612 1446 1201 1172 2166 55155 629 968 543 1198 1142 1103 79 836 560 249 54994 3105 1368 1737
is_linear=0
shrinkage=0.045


Tree=106
num_leaves=31
num_cat=0
split_feature=48 4 41 0 43 13 55 46 48 38 48 55 22 30 55 48 57 0 48 57 0 20 43 9 46 49 16 48 10 53
split_gain=4.99309 18.2324 20.757 11.9797 11.6637 9.22459 8.84503 8.26404 7.79584 7.62054 8.14035 9.11797 7.08502 6.6732 5.11291 6.80687 5.56222 17.6 24.6883 16.8929 21.6219 16.9673 16.8316 16.7572 23.6358 13.4958 10.6489 22.8004 18.3938 9.8668
threshold=1211.0000000000002 14.500000000000002 2740.5000000000005 1.5000000000000002 6.5000000000000009 1.0000000180025095e-35 15.500000000000002 12.500000000000002 1253.5000000000002 1.5000000000000002 1262.5000000000002 1.0000000180025095e-35 420.00000000000006 7869.5000000000009 23.500000000000004 16.000000000000004 45.000000000000007 3.5000000000000004 422.50000000000006 1.0000000180025095e-35 9.5000000000000018 115.50000000000001 6.5000000000000009 2.5000000000000004 6.5000000000000009 1071.5000000000002 85.000000000000014 741.50000000000011 1.0000000180025095e-35 4.5000000000000009
decision_type=2 2 2 2 2 2 2 2 2 2 2 2 2 2 2 2 2 2 2 2 2 2 2 2 2 2 2 2 2 2
left_child=14 2 7 -3 9 6 13 -2 12 10 11 -5 -9 -6 16 -16 19 18 29 -1 21 -21 -20 24 -19 -26 27 -25 -28 -18
right_child=1 3 -4 4 5 -7 -8 8 -10 -11 -12 -13 -14 -15 15 -17 17 23 22 20 -22 -23 -24 26 25 -27 28 -29 -30 -31
leaf_value=0.00095035088655603711 -0.035394452375338704 -0.057570267932285951 0.051112544171042551 0.047130196348018377 -0.0046067093098744738 -0.034148397551047517 0.048374037015009176 -0.04140733735979743 0.030994460400681219 0.042463814054077779 -0.019329818649442675 0.0072671298315019599 0.047922904512090504 0.027647498935680435 0.025672677433111912 -0.01162592288522844 -0.028139596041155436 -0.0037035871096629206 -0.02036294425795113 -0.053238215047828677 0.047661929092755573 0.019235025211712772 -0.069469912523529256 -0.0086137777238023266 0.0013174995168701608 0.032111791775400432 -0.015973321000912151 0.019928372521605231 0.0015939143298854164 0.030067483664142979
leaf_weight=4481.761855213088 67.501218332996359 6.2690071351826182 6.311507965438067 13.151442341913933 269.60708531463752 18.098438773129601 5.9354095209273501 8.5766790191992204 7.709873099345713 14.446339401009025 16.912940899317618 68.06844918045681 1.3331834214040998 12.654212496185208 9.8817816982045752 116.57411836320534 7.1143837928539169 144.64253198742517 54.891102462948766 8.8953499563795067 34.430020258296281 18.348897727468284 18.756629686220549 128.60391645447817 42.027099090046249 91.320028817746788 260.94471585933934 99.777820660267025 223.51947993389331 21.48462532972917
leaf_count=45880 2939 60 84 53 3076 258 81 663 161 59 136 207 5 113 81 1458 90 841 445 119 100 104 317 972 521 230 2021 635 1304 91
internal_value=1.99227e-11 -0.00423387 -0.0223474 -0.000295025 0.000697246 -0.0038588 -0.00184514 -0.0283245 -0.000793461 0.0130178 0.00829832 0.0142166 -0.0260986 -0.0030682 0.00038018 -0.0085327 0.00058162 -0.00229903 -0.0199801 0.00127502 0.0244762 -0.00547489 -0.0336326 -0.000456178 0.00889585 0.0224884 -0.00411056 0.00388853 -0.00788166 0.0151262
internal_weight=6279.55 516.576 91.4325 425.143 418.874 306.295 288.197 85.121 17.6197 112.579 98.1328 81.2199 9.90986 282.261 5762.97 126.456 5636.52 1093.08 102.247 4543.44 61.6743 27.2442 73.6477 990.836 277.99 133.347 712.846 228.382 484.464 28.599
internal_count=63104 7895 3852 4043 3983 3528 3270 3768 829 455 396 260 668 3189 55209 1539 53670 7467 943 46203 323 223 762 6524 1592 751 4932 1607 3325 181
is_linear=0
shrinkage=0.045


Tree=107
num_leaves=31
num_cat=0
split_feature=48 16 55 48 48 20 75 0 22 51 48 25 51 66 75 58 40 55 0 25 43 33 49 55 48 20 9 8 65 11
split_gain=5.17065 16.0062 10.8744 12.3545 20.3236 26.0641 16.6481 14.4032 12.5753 15.6464 13.1634 10.431 14.3269 10.2127 10.5427 15.7283 10.1555 15.7159 9.79579 9.76924 9.04823 9.80875 13.7025 8.60525 10.2373 8.43432 8.20568 8.15064 8.01493 31.8642
threshold=742.50000000000011 15.000000000000002 6.5000000000000009 709.50000000000011 342.50000000000006 808.00000000000011 3378.5000000000005 11.500000000000002 305.00000000000006 222.50000000000003 276.00000000000006 1.5000000000000002 542.00000000000011 1.0000000180025095e-35 2503.0000000000005 1.0000000180025095e-35 1.5000000000000002 20.500000000000004 12.500000000000002 1.5000000000000002 27.500000000000004 1.0000000180025095e-35 1.0000000180025095e-35 30.500000000000004 741.50000000000011 407.50000000000006 1.5000000000000002 1.5000000000000002 1.0000000180025095e-35 1.0000000180025095e-35
decision_type=2 2 2 2 2 2 2 2 2 2 2 2 2 2 2 2 2 2 2 2 2 2 2 2 2 2 2 2 2 2
left_child=2 19 20 4 6 27 8 11 9 -4 -10 23 -13 14 16 -16 17 26 -15 -2 28 -22 -23 24 -5 -20 -3 -6 -1 -30
right_child=1 13 3 7 5 -7 -8 -9 10 -11 -12 12 -14 18 15 -17 -18 -19 25 -21 21 22 -24 -25 -26 -27 -28 -29 29 -31
leaf_value=-0.0010471408288097888 0.053140693540886914 0.0031916232274236162 0.013014820482601292 0.030330372255116762 0.021219731567128142 0.065958708194921917 -0.030358156027779637 -0.018566940784660837 -0.00045168923150182386 0.00014764916587171089 -0.030396889094343817 -0.045838588386031727 0.032911656599602553 -0.034312550325312399 -0.0013958265577758452 0.045385384891896759 0.0025044328534090275 -0.042236790753293028 -0.043758125052609759 0.0060435172896191516 0.0063995914543763513 -0.056747106278577666 0.019419276583312977 -0.014285168036017351 0.01212707383773807 0.030122447525968675 -0.0045747611234685862 -0.062564262788970385 0.022271183421908366 -0.053740143992524268
leaf_weight=1978.9060948742408 16.004886519163847 334.22590813937131 368.84032127386308 93.760435133823194 2.151261175516999 3.4495010785758486 28.653568612411618 28.560874566319399 133.72145079677284 396.62142538154148 37.234623956726864 11.912471440387892 6.4572636894881716 35.123975266789785 36.740832399576902 23.037124875932932 765.11514865423669 20.122903282026527 3.3801874661003231 19.37094323837664 15.201532550709087 18.826958060235487 5.7464001839980474 16.823881137184799 192.01081859041005 10.165568612923378 1550.2630223679007 20.69841441581957 83.021217292174697 11.914171915734185
leaf_count=22028 97 2075 2402 476 23 18 252 206 1967 4388 306 96 13 1374 392 61 7990 568 126 157 278 549 23 263 782 169 15014 380 525 106
internal_value=6.20679e-11 -0.00143186 0.00116627 0.00433452 0.00176509 -0.0365283 0.00284536 0.0115964 0.00389266 0.00635663 -0.00711266 0.0143298 -0.0178866 -0.00181954 -0.001451 0.0170827 -0.00187223 -0.00363081 -0.0220424 0.0282265 -0.0008448 -0.0218377 -0.038873 0.0163381 0.0181844 0.00994554 -0.00319638 -0.0541171 -0.000431839 0.0122712
internal_weight=6268.06 2813.55 3454.51 1340.9 991.371 26.2992 965.071 349.526 936.418 765.462 170.956 320.965 18.3697 2778.17 2729.5 59.778 2669.73 1904.61 48.6697 35.3758 2113.62 39.7749 24.5734 302.595 285.771 13.5458 1884.49 22.8497 2073.84 94.9354
internal_count=63104 28023 35081 11572 9736 421 9315 1836 9063 6790 2273 1630 109 27769 26100 453 25647 17657 1669 254 23509 850 572 1521 1258 295 17089 403 22659 631
is_linear=0
shrinkage=0.045


Tree=108
num_leaves=31
num_cat=0
split_feature=48 44 41 58 43 31 15 25 71 48 71 11 22 9 69 74 54 7 4 5 48 55 55 48 4 48 4 53 55 42
split_gain=6.09366 17.2562 15.2065 22.7844 12.7194 17.1489 11.826 11.6795 41.2665 29.6637 21.5607 58.7465 32.923 21.7601 24.4249 23.9087 17.4993 15.6843 15.6364 12.6497 11.6748 11.0241 10.644 10.2674 18.5774 15.9168 17.5552 15.1825 11.7983 11.7966
threshold=742.50000000000011 1.0000000180025095e-35 2740.5000000000005 1.0000000180025095e-35 4.5000000000000009 1551.0000000000002 741.50000000000011 1.0000000180025095e-35 1.0000000180025095e-35 1239.5000000000002 1.0000000180025095e-35 1.0000000180025095e-35 195.00000000000003 2.5000000000000004 1.0000000180025095e-35 1.0000000180025095e-35 4.5000000000000009 7.5000000000000009 34.500000000000007 25.500000000000004 1262.5000000000002 6.5000000000000009 10.500000000000002 709.50000000000011 45.500000000000007 16.000000000000004 2.5000000000000004 2.5000000000000004 9.5000000000000018 1351.0000000000002
decision_type=2 2 2 2 2 2 2 2 2 2 2 2 2 2 2 2 2 2 2 2 2 2 2 2 2 2 2 2 2 2
left_child=21 4 7 20 22 -6 -5 8 9 16 13 19 -13 15 -15 -9 -3 -10 -11 -12 -4 -1 -2 24 25 29 -27 -25 -28 -23
right_child=1 2 3 6 5 -7 -8 10 17 18 11 12 -14 14 -16 -17 -18 -19 -20 -21 -22 23 -24 27 -26 26 28 -29 -30 -31
leaf_value=-0.0007575365569846825 0.022708656497023007 0.0090173757595885667 0.0017473216604545969 0.062890891329720464 0.015564770913035869 -0.052135064942286889 0.005399013466055029 -0.01045845126913815 -0.070827381985415633 0.0043645067231821467 -0.0043902891593578242 0.048393927500764898 -0.031140063580362871 -0.01071433034030642 0.010835697555814301 0.010854672852617488 -0.023441342730962128 -0.01006017703659462 -0.053156452199517701 -0.050378278949131002 0.059082293612205086 0.0083668341671387994 -0.026039036997180687 0.013711701806326795 -0.062994238887599252 0.017309655631487886 0.0052722111049186325 -0.022337448285300692 -0.0074218996458997903 0.035416921677320523
leaf_weight=2105.5381301948655 17.236165255308151 644.49958491607686 170.97727395268157 21.897567277774215 9.1164257689379138 34.7590028536506 10.893202934414147 167.78077763586771 19.063524059252813 14.904690091148948 26.864431690220954 69.892687884508632 11.672424480377229 1061.5052393388178 117.56259174650768 288.37067364083487 34.540007044211961 15.72255779392435 25.041868881380651 21.376856816874351 6.5113446209579697 184.14131684141466 17.049974500201643 323.3768577791634 7.7957962672226122 97.304690737597411 224.59382580524834 24.62936064042151 432.042150988098 38.987823247909546
leaf_count=23509 134 3821 1264 82 76 419 32 1927 238 175 606 210 110 13919 1174 2320 399 166 279 436 58 2536 178 1592 101 519 2114 244 4278 188
internal_value=7.18127e-12 -0.00155531 -0.000954175 0.0106425 -0.0222674 -0.038035 0.0445169 -0.00192615 0.00276037 0.00510111 -0.00392801 0.0136577 0.0367729 -0.00533149 -0.00855826 0.00300959 0.00733429 -0.0444105 -0.032112 -0.0253779 0.00416994 0.0012699 -0.00158377 0.0044708 0.00211815 0.00270154 -0.000427844 0.0111037 -0.00307863 0.0132303
internal_weight=6245.65 2807.24 2729.08 210.279 78.1616 43.8754 32.7908 2518.8 753.772 718.986 1765.03 129.806 81.5651 1635.22 1179.07 456.151 679.04 34.7861 39.9466 48.2413 177.489 3438.41 34.2861 1332.87 984.866 977.07 753.941 348.006 656.636 223.129
internal_count=63104 28023 27216 1436 807 495 114 25780 5078 4674 20702 1362 320 19340 15093 4247 4220 404 454 1042 1322 35081 312 11572 9736 9635 6911 1836 6392 2724
is_linear=0
shrinkage=0.045


Tree=109
num_leaves=31
num_cat=0
split_feature=48 53 41 58 33 36 43 43 15 25 48 48 48 19 4 9 43 15 48 48 48 4 74 48 46 30 48 57 17 75
split_gain=5.95836 16.6108 15.1172 22.0983 14.9718 17.9898 15.6489 13.5898 11.8177 11.0011 32.4723 19.6696 22.9446 36.5676 22.4236 21.806 18.2843 16.0011 15.5613 14.014 19.403 18.5539 13.3833 10.4892 10.2319 10.779 10.0596 9.68675 14.1942 9.97066
threshold=742.50000000000011 1.5000000000000002 2740.5000000000005 1.0000000180025095e-35 1.0000000180025095e-35 1.0000000180025095e-35 4.5000000000000009 5.5000000000000009 741.50000000000011 1.0000000180025095e-35 1167.0000000000002 1167.0000000000002 1211.0000000000002 1.0000000180025095e-35 14.500000000000002 1.5000000000000002 8.5000000000000018 742.50000000000011 1083.5000000000002 1211.0000000000002 1239.5000000000002 37.500000000000007 1.0000000180025095e-35 1262.5000000000002 1.0000000180025095e-35 6932.5000000000009 1228.0000000000002 255.00000000000003 175.00000000000003 2338.0000000000005
decision_type=2 2 2 2 2 2 2 2 2 2 2 2 2 2 2 2 2 2 2 2 2 2 2 2 2 2 2 2 2 2
left_child=27 4 9 23 5 7 -6 -2 -5 10 16 15 13 -13 -14 18 22 -17 -11 21 -21 -12 -3 24 25 -4 -26 29 -29 -1
right_child=1 2 3 8 6 -7 -8 -9 -10 11 19 12 14 -15 -16 17 -18 -19 -20 20 -22 -23 -24 -25 26 -27 -28 28 -30 -31
leaf_value=0.0033096219969100025 -0.0011671310620727489 0.005378307728271082 -0.035490965185425855 0.062432008562165686 -0.0086346667708659102 0.019254482061962584 -0.08064036997476938 -0.064023774327342783 0.004970765094222381 0.014559695587359082 -0.0077372795127295798 -0.021717080119249322 -0.027638672052900926 0.018161235582955546 0.0010120140522582222 -0.028580709466709552 0.017504759587009179 -0.008078246239888941 -0.018956966243035583 0.0047980439927341884 -0.030403196424231026 -0.050113337342310285 -0.023169368033720734 0.057665812623803533 0.01089203493287463 0.035110450265994332 -0.027400468152517454 0.010666404439549962 -0.059602692529824863 -0.0017258666537038707
leaf_weight=2154.6650236061105 13.852385604754092 166.6173589786049 22.587416536174718 21.83325033634901 10.92130107060075 24.806658342946321 13.691125298850237 13.086900026537476 10.888483911752699 134.17560462671099 54.001777502970072 55.785050690261414 74.046707027562661 260.0778921234305 210.16338347678538 83.496982626209501 267.67708722845418 908.37625933499658 34.478459760197438 148.93353419733467 39.22229220054578 33.629170896310825 40.484721774701029 6.1407562810927621 128.31311934115365 4.5308572659268966 14.604107957333325 10.229826375842094 11.754362229257822 1261.9205267384532
leaf_count=16371 114 770 173 82 120 185 193 195 32 774 724 1062 3500 2400 2469 1317 1429 8780 400 1205 454 302 194 58 966 31 94 33 68 18609
internal_value=-3.03455e-11 -0.00154227 -0.000957133 0.010645 -0.0221045 -0.00800701 -0.0502738 -0.032901 0.0440256 -0.00192614 0.00263318 -0.00387023 0.00274143 0.011072 -0.00652323 -0.00728833 0.00975968 -0.00983121 0.00763643 -0.00962635 -0.00266182 -0.0243814 -0.000286768 0.00423167 0.00197605 -0.0228659 0.00681588 0.00125434 -0.0278632 0.0014498
internal_weight=6234.99 2796.42 2720.06 208.898 76.3584 51.7459 24.6124 26.9393 32.7217 2511.17 750.566 1760.6 600.073 315.863 284.21 1160.53 474.779 991.873 168.654 275.787 188.156 87.6309 207.102 176.176 170.036 27.1183 142.917 3438.57 21.9842 3416.59
internal_count=63104 28023 27216 1436 807 494 313 309 114 25780 5078 20702 9431 3462 5969 11271 2393 10097 1174 2685 1659 1026 964 1322 1264 204 1060 35081 101 34980
is_linear=0
shrinkage=0.045


Tree=110
num_leaves=31
num_cat=0
split_feature=46 70 21 21 2 59 65 48 34 74 30 10 51 51 48 48 2 27 54 75 56 4 9 26 20 20 43 43 48 20
split_gain=6.04033 17.0167 13.8998 32.4896 13.7967 27.8958 19.1786 19.0435 17.0116 31.1584 10.5889 10.3432 10.284 18.7411 17.2805 57.1579 16.9523 11.2195 20.2667 20.6711 13.9082 10.9868 10.292 10.2723 10.2605 10.9129 11.4027 9.69078 9.4435 8.61775
threshold=4.5000000000000009 1.0000000180025095e-35 125.00000000000001 195.00000000000003 5.5000000000000009 -1.0000000180025095e-35 1.0000000180025095e-35 1239.5000000000002 1.5000000000000002 1.0000000180025095e-35 1701.0000000000002 1.0000000180025095e-35 542.00000000000011 324.00000000000006 16.000000000000004 9.0000000000000018 5.5000000000000009 1.5000000000000002 4.5000000000000009 2422.0000000000005 1.5000000000000002 32.500000000000007 1.5000000000000002 1.0000000180025095e-35 540.00000000000011 126.00000000000001 19.500000000000004 18.500000000000004 1167.0000000000002 344.50000000000006
decision_type=2 2 2 2 2 2 2 2 2 2 2 2 2 2 2 2 2 2 2 2 2 2 2 2 2 2 2 2 2 2
left_child=12 4 -3 23 -2 8 29 27 10 11 -6 -10 13 -1 15 21 24 22 19 -19 -20 -14 -18 -4 25 -16 -27 -8 -11 -7
right_child=1 2 3 -5 5 6 7 -9 9 28 -12 -13 14 -15 16 -17 17 18 20 -21 -22 -23 -24 -25 -26 26 -28 -29 -30 -31
leaf_value=0.00030579908236608801 0.00028410905282366889 0.050022422157638531 0.010797631903704575 0.050211318192506349 -0.011660875271226367 -0.041611944340854835 0.058666781864821355 -0.033651708976749788 -0.055785458452690936 0.03188514385728116 0.0028614564435263719 0.001671940795513331 0.022260204614908848 -0.048583160567671417 0.0082648998045223264 -0.055024172544842674 0.048745526129497209 -0.035833212157824687 0.022615568892623641 0.021263012017954653 -0.0077958443885341932 -0.011440259418973258 0.018527924268252272 -0.048721439101559051 0.0081241793766436785 -0.014238280980413647 -0.064908983467121581 -0.014090244516140688 -0.034345689954896758 -0.019743264749258305
leaf_weight=2945.1874213770789 1601.6420244791516 21.209348574280739 8.6353612774983066 17.956276198441628 125.68034094246104 51.155823630324448 13.468594742938878 10.165077842131724 35.797351371729746 18.673395231424369 514.03898507654958 7.5970210374798617 57.948975484716357 14.964100795623379 28.402882833615877 36.94407587434398 28.18725622841157 34.468782362062484 138.54473602431244 19.300670440934482 38.405175723833963 28.581706113065593 119.15197132017056 15.494295541546306 90.86772166020819 39.901494314573938 10.962575736077268 4.5330701367929569 4.7139747549663289 137.41124130645767
leaf_count=25402 21130 52 49 60 1272 1067 102 76 302 155 4958 47 664 305 188 711 105 126 521 129 218 315 758 127 685 526 466 20 77 2491
internal_value=-7.63212e-11 -0.00166081 0.0212022 0.00585418 -0.00224212 -0.00662022 -0.0207035 0.0135476 -0.00227673 -0.0237135 -5.37214e-06 -0.0459154 0.00118369 4.23332e-05 0.00620628 -0.00894999 0.00963015 0.0149272 0.00867161 -0.0153244 0.0160084 0.0111252 0.0245984 -0.0278391 -0.00215902 -0.0139015 -0.0262001 0.0405682 0.0176747 -0.0258642
internal_weight=6219.99 2588.17 63.2953 42.0859 2524.88 923.235 216.734 28.1667 706.501 66.7817 639.719 43.3944 3631.82 2960.15 671.668 123.475 548.193 378.059 230.719 53.7695 176.95 86.5307 147.339 24.1297 170.135 79.267 50.8641 18.0017 23.3874 188.567
internal_count=63104 31985 288 236 31697 10567 3756 198 6811 581 6230 349 31119 25707 5412 1690 3722 1857 994 255 739 979 863 176 1865 1180 992 122 232 3558
is_linear=0
shrinkage=0.045


Tree=111
num_leaves=31
num_cat=0
split_feature=48 44 36 43 41 44 48 48 33 46 48 25 71 21 71 7 9 46 46 48 14 7 54 46 55 48 48 4 4 46
split_gain=5.7053 13.739 14.8539 19.9887 13.9744 14.2118 14.5958 15.9527 13.597 12.1066 11.141 9.91541 30.4144 36.7918 27.8774 24.868 22.2953 30.2242 23.6478 19.0237 16.5469 14.7234 13.4814 10.6321 9.20577 9.77659 13.3659 17.5448 15.5922 19.0107
threshold=742.50000000000011 1.0000000180025095e-35 1.0000000180025095e-35 5.5000000000000009 2740.5000000000005 1.5000000000000002 1190.5000000000002 1183.0000000000002 1.0000000180025095e-35 1.0000000180025095e-35 1140.5000000000002 1.0000000180025095e-35 1.0000000180025095e-35 195.00000000000003 1.0000000180025095e-35 5.5000000000000009 2.5000000000000004 6.5000000000000009 2.5000000000000004 1239.5000000000002 1.0000000180025095e-35 7.5000000000000009 4.5000000000000009 1.0000000180025095e-35 6.5000000000000009 16.000000000000004 709.50000000000011 45.500000000000007 2.5000000000000004 16.500000000000004
decision_type=2 2 2 2 2 2 2 2 2 2 2 2 2 2 2 2 2 2 2 2 2 2 2 2 2 2 2 2 2 2
left_child=24 2 3 -2 11 9 7 10 -4 -6 -7 14 16 15 19 -14 17 -13 -18 22 -21 -16 -3 -23 -1 -26 27 28 -27 -30
right_child=1 4 8 -5 5 6 -8 -9 -10 -11 -12 12 13 -15 21 -17 18 -19 -20 20 -22 23 -24 -25 25 26 -28 -29 29 -31
leaf_value=-0.00062970043378554543 -0.0089441438007766081 0.0074487648122924695 0.018891222998665559 -0.070659019831419659 -0.0041578531441632529 -0.015257652819672595 0.019711365445613933 -0.073275108039034975 -0.047556155306153966 0.033246008822442573 0.028019612566687828 -0.0070273097088993323 -0.015566617595130979 -0.044811851310769382 -0.066586625773401631 0.03656505541063243 7.1176676362996071e-05 0.016525313432847924 -0.013332344297865947 -0.057803935153365182 0.00098006323428357495 0.023512586677785881 -0.021563849321931148 -0.04860386019196019 0.012729411527380177 0.016673962814267744 0.0097585310629102751 -0.063477797316808832 0.00019286669553096979 -0.023223209208161729
leaf_weight=2088.4723079260148 23.38140940386802 646.74354731105268 24.592612236738209 19.010816234629601 23.389686062000692 50.756952798459679 45.121356637217104 6.8426940068602553 7.2481340551748863 66.500714560970664 14.724072173237799 256.02279019437265 22.584925745031796 16.051171295723179 16.385802918055564 91.163718545285519 407.60925684537506 192.36996573407669 769.16978440471576 17.111329281062353 20.800384817586746 9.3734384094132093 33.189833082491532 5.9049187910277388 223.24803665820218 95.953553934465162 344.3732210942544 7.9708354803733519 576.34492786943156 78.946053798717912
leaf_count=23509 212 3821 185 303 163 449 340 44 107 308 132 2509 293 488 238 581 4336 1738 10757 297 157 65 399 101 2724 519 1836 101 5093 1299
internal_value=-4.43915e-11 -0.00151093 -0.0204802 -0.0376108 -0.000984308 0.0102146 -0.000123826 -0.0125987 0.00277784 0.0235748 -0.00525123 -0.00191512 -0.00376488 0.0171158 0.00241532 0.0261688 -0.00544208 0.00309155 -0.00869355 0.00425973 -0.0263556 -0.0382487 0.00600297 -0.00563321 0.00123263 0.00416224 0.00241921 -0.000918295 -0.000171026 -0.00265927
internal_weight=6201.36 2786.05 74.233 42.3922 2711.82 207.335 117.445 72.3237 31.8407 89.8904 65.481 2504.48 1754.97 129.8 749.509 113.749 1625.17 448.393 1176.78 717.845 37.9117 31.6642 679.933 15.2784 3415.31 1326.84 1103.59 759.215 751.245 655.291
internal_count=63104 28023 807 515 27216 1436 965 625 292 471 581 25780 20702 1362 5078 874 19340 4247 15093 4674 454 404 4220 166 35081 11572 8848 7012 6911 6392
is_linear=0
shrinkage=0.045


Tree=112
num_leaves=31
num_cat=0
split_feature=71 11 41 8 21 4 7 42 3 39 46 39 22 4 49 9 4 10 10 2 8 8 20 6 0 6 31 8 21 6
split_gain=6.62459 67.6582 15.5569 14.5355 14.4916 13.3204 12.3921 10.7898 10.6987 9.51536 14.8408 7.86058 6.62687 7.44099 5.62676 33.6181 42.0093 38.2144 21.4873 26.1618 37.8232 19.7957 21.6406 18.864 13.5781 11.9909 10.2307 8.84904 8.46319 22.3037
threshold=1.0000000180025095e-35 1.0000000180025095e-35 2740.5000000000005 3.5000000000000004 270.00000000000006 29.500000000000004 7.5000000000000009 661.50000000000011 2.5000000000000004 1.5000000000000002 4.5000000000000009 1.5000000000000002 105.00000000000001 22.500000000000004 303.00000000000006 2.5000000000000004 20.500000000000004 1.0000000180025095e-35 1.0000000180025095e-35 3.5000000000000004 4.5000000000000009 4.5000000000000009 742.50000000000011 9.5000000000000018 9.5000000000000018 17.500000000000004 3556.5000000000005 4.5000000000000009 255.00000000000003 14.500000000000002
decision_type=2 2 2 2 2 2 2 2 2 2 2 2 2 2 2 2 2 2 2 2 2 2 2 2 2 2 2 2 2 2
left_child=14 2 3 -2 5 9 12 -6 -9 -3 -11 -8 13 -5 -1 23 18 24 19 25 -21 22 -19 26 27 -17 -16 -18 -25 -30
right_child=1 4 -4 6 7 -7 11 8 -10 10 -12 -13 -14 -15 15 16 17 21 -20 20 -22 -23 -24 28 -26 -27 -28 -29 29 -31
leaf_value=0.00014157288154691567 -0.05586231055112631 0.058889635587584734 0.033687608231146672 0.028264266773281664 0.045834973926939179 0.0019405744850287501 0.041512292004144122 0.025990311088155978 -0.067596959590958419 0.043792442187392339 -0.023613888882664299 -0.025098560744721138 -0.05176001866547731 -0.053185381074366933 0.012891358821446241 -0.025097126033051267 -0.084852738867016289 -0.054479197886702781 0.01938763406174316 -0.072912004337628636 0.0033220464773464037 0.02047374912849893 0.016812667793693205 0.032393658661921662 0.0029300961948548294 0.017477114348290641 -0.026464198681549412 -0.042162759561013285 -0.052252050210448014 0.029291071476460238
leaf_weight=5556.8572048827336 28.314249934686814 44.388519857078791 7.3121423162519923 5.4399840480182347 3.606232911348342 17.532229652861133 9.4570790663710778 3.0879909824579936 6.2785547203966416 22.467841621488336 8.474271532148121 4.6466374725569031 13.410394272330448 2.5089319970575161 22.948091631638817 17.153532083844766 29.745789761189371 24.462884156499058 69.096891827881336 26.012764215818606 25.571737807127647 24.910906437784433 12.451890517957507 68.76597238110844 5.8530687233433119 50.451967770932242 29.584571701823734 19.762065515387803 8.9656231608241814 20.349630452226847
leaf_count=59055 628 125 44 57 12 49 76 17 92 65 44 98 496 46 100 106 271 133 287 198 133 117 69 185 22 168 197 101 67 46
internal_value=-3.57426e-11 0.00855741 -0.0251862 -0.032352 0.0312464 0.0374255 -0.0125637 -0.0124981 -0.037212 0.0455506 0.0251702 0.0193578 -0.0335648 -0.000514303 -0.000253175 -0.00505247 -0.0136173 -0.0346462 -0.000415448 -0.0119615 -0.0357764 -0.0100364 -0.0306222 0.0122939 -0.061464 0.0064664 -0.00935266 -0.0689843 0.0238653 0.00345138
internal_weight=6189.87 176.925 71.0894 63.7773 105.836 92.8629 35.463 12.9728 9.36655 75.3306 30.9421 14.1037 21.3593 7.94892 6012.94 456.087 305.473 117.187 188.287 119.19 51.5845 61.8257 36.9148 150.614 55.3609 67.6055 52.5327 49.5079 98.0812 29.3153
internal_count=63104 1849 1445 1401 404 283 773 121 109 234 109 174 599 103 61255 2200 1605 713 892 605 331 319 202 595 394 274 297 372 298 113
is_linear=0
shrinkage=0.045


Tree=113
num_leaves=31
num_cat=0
split_feature=71 11 7 8 43 48 16 69 19 22 9 22 43 46 57 72 46 43 48 26 57 17 75 5 63 58 19 25 16 48
split_gain=8.79016 61.3985 12.6982 11.916 10.8899 10.5548 15.2368 20.1358 33.1266 35.5587 24.0196 20.056 20.0387 18.1857 17.9097 12.5056 11.3491 10.7459 12.038 10.0168 9.52155 13.9566 9.82122 11.528 13.6246 11.5221 25.559 17.6531 11.7166 19.3289
threshold=1.0000000180025095e-35 1.0000000180025095e-35 6.5000000000000009 3.5000000000000004 13.500000000000002 742.50000000000011 95.000000000000014 1.0000000180025095e-35 1.0000000180025095e-35 290.00000000000006 2.5000000000000004 290.00000000000006 10.500000000000002 12.500000000000002 45.000000000000007 1.0000000180025095e-35 1.5000000000000002 17.500000000000004 1083.5000000000002 1.5000000000000002 255.00000000000003 175.00000000000003 2338.0000000000005 3.5000000000000004 1.0000000180025095e-35 1.0000000180025095e-35 1.5000000000000002 1.0000000180025095e-35 25.000000000000004 741.50000000000011
decision_type=2 2 2 2 2 2 2 2 2 2 2 2 2 2 2 2 2 2 2 2 2 2 2 2 2 2 2 2 2 2
left_child=5 3 -3 -2 -5 20 14 10 -9 16 13 12 -12 -8 15 17 -10 -7 -19 -11 22 -22 23 -1 -25 28 27 -27 -24 -30
right_child=1 2 -4 4 -6 6 7 8 9 19 11 -13 -14 -15 -16 -17 -18 18 -20 -21 21 -23 25 24 -26 26 -28 -29 29 -31
leaf_value=-0.019117945880406627 -0.04434028837492824 0.012714129235033775 0.04448253039163938 0.010743227557815637 -0.036865270362193267 -0.0032536767999127745 -0.0020549546832700763 -0.05436642461928725 0.050195051290207182 -0.05116410612736428 -0.0061430737253647142 0.0002647022775528491 -0.020949731494680185 0.022704750807617129 0.025876784662010061 0.018369760200492379 0.018384028445957934 0.020659835472024234 -0.0061111983094448005 0.01371509704198017 0.010453700843759172 -0.059353587088662937 -0.015086758708951853 0.0047558840518922198 -0.011535066931723065 0.00012708517373648438 -0.037511228959349378 0.041153019982279805 -0.00019772906448625678 -0.039652434120902733
leaf_weight=44.032769512676168 29.033047152915969 44.962708295613993 61.242625395127106 25.896242326474749 14.290440782962831 746.358126863488 366.22005438132328 13.298754611838374 32.971412505081389 15.910097156360282 336.10003783070715 255.3382413025538 414.083036434924 70.828766452643322 58.175355212646537 71.262655406259 75.271613195887767 86.145619666378479 55.17927424836671 6.2372797419084227 10.261008266359568 11.612427679821849 138.83214703472913 1975.2631870523037 108.79308102108189 38.443119956296869 16.119678391609341 46.474979208491277 995.08504092127259 24.796106533147395
leaf_count=350 643 227 177 205 597 5514 3433 447 113 179 2647 2848 7168 577 265 257 509 556 1620 41 33 68 1862 11739 4282 568 166 146 15673 194
internal_value=-4.57781e-11 0.00990039 0.0312772 -0.0228769 -0.00667045 -0.000290431 -0.00244757 -0.00520302 0.0108099 0.0178205 -0.0068044 -0.0106295 -0.014333 0.00200031 0.00185061 0.000367601 0.0284446 -0.00109665 0.0102378 -0.0330893 0.00135682 -0.0275811 0.00155174 0.0034153 0.00390033 -0.00159657 0.0129028 0.0227979 -0.00287092 -0.00119488
internal_weight=6188.52 175.425 106.205 69.2197 40.1867 6013.09 2603.38 1586.26 143.689 130.39 1442.57 1005.52 750.183 437.049 1017.12 958.946 108.243 887.683 141.325 22.1474 3409.71 21.8734 3387.84 2128.09 2084.06 1259.75 101.038 84.9181 1158.71 1019.88
internal_count=63104 1849 404 1445 802 61255 26174 17962 1289 842 16673 12663 9815 4010 8212 7947 622 7690 2176 220 35081 101 34980 16371 16021 18609 880 714 17729 15867
is_linear=0
shrinkage=0.045


Tree=114
num_leaves=31
num_cat=0
split_feature=71 11 7 41 5 39 13 5 24 39 55 49 10 2 9 4 31 9 8 39 43 31 11 5 30 5 3 31 34 8
split_gain=11.5015 54.1867 13.8899 13.7458 13.7701 10.7829 9.263 9.13231 7.93149 7.22644 11.8426 6.29116 31.8208 56.1168 36.5864 22.3999 20.3259 18.0088 17.9285 30.0396 14.1814 11.9364 10.0293 12.1134 9.97509 7.41048 6.98719 9.64805 7.11895 6.48177
threshold=1.0000000180025095e-35 1.0000000180025095e-35 6.5000000000000009 2740.5000000000005 26.500000000000004 1.5000000000000002 1.0000000180025095e-35 26.500000000000004 1.0000000180025095e-35 1.5000000000000002 2.5000000000000004 303.00000000000006 1.0000000180025095e-35 3.5000000000000004 3.5000000000000004 31.500000000000004 2887.5000000000005 2.5000000000000004 4.5000000000000009 1.0000000180025095e-35 7.5000000000000009 1646.5000000000002 1.0000000180025095e-35 42.500000000000007 4818.5000000000009 6.5000000000000009 5.5000000000000009 5558.0000000000009 1.0000000180025095e-35 4.5000000000000009
decision_type=2 2 2 2 2 2 2 2 2 2 2 2 2 2 2 2 2 2 2 2 2 2 2 2 2 2 2 2 2 2
left_child=11 3 6 4 5 -2 7 -3 -9 -4 -11 -1 13 20 16 26 21 -18 -16 -20 -13 -15 -17 -24 25 -22 28 29 -14 -28
right_child=1 2 9 -5 -6 -7 -8 8 -10 10 -12 12 15 14 18 22 17 -19 19 -21 24 -23 23 -25 -26 -27 27 -29 -30 -31
leaf_value=8.4678415459066663e-05 0.014255372890133332 0.028616325453201422 0.057206894086891835 0.035257082561468929 -0.049664996026478662 -0.037091623982636053 0.047207311273474245 -0.058690795870931081 -0.00029882846472660047 0.062265524801912275 0.00033300053612123483 -0.0455616451143048 0.033232276816152449 -0.017290325197893853 -0.078301825202120076 -0.065519830381170874 -0.013718200971340735 -0.074986998231109561 0.01777282409055778 -0.068000800856568164 0.03121886577163268 0.02945579206370957 -0.044398546090782302 0.028307288729577124 0.033883361441978135 -0.003335778746932039 0.00038627511914048296 -0.018175801711744058 0.0041374176575614098 0.030963694311730235
leaf_weight=5536.6709669967822 19.483038404141553 13.039379280060528 37.354775238083676 7.2293762816116205 27.996218975487864 12.950678616762159 10.185170717304571 5.6934490518178817 15.935945726698263 9.2786125438287872 15.988229990471153 8.0233904072083515 55.872939352877438 18.970519843511283 36.781916795065627 8.8543531487230229 29.985219504334964 13.811008110758847 14.058854014321694 17.968839409179054 14.944172528572379 23.972496215021238 8.1041453927755374 8.5082000810652954 31.8872474222444 58.644976256880909 27.963128256844357 23.357506545260549 24.756517188856378 27.243243242613971
leaf_count=59055 274 64 79 44 614 513 28 44 91 25 73 56 211 100 333 93 159 126 56 89 43 75 47 38 88 249 85 118 126 108
internal_value=9.94392e-11 0.0113338 0.0310825 -0.0200324 -0.0271131 -0.00674349 0.0115993 0.000107956 -0.0175835 0.0446361 0.0245808 -0.000333191 -0.00542149 -0.0152715 -0.0327441 0.0089349 -0.0130547 -0.0342818 -0.0570215 -0.0309515 0.00875116 0.00888168 -0.029498 -0.00766845 0.0132717 0.0040059 0.0152289 0.00556767 0.0244591 0.0157581
internal_weight=6165.51 175.135 107.476 67.6593 60.4299 32.4337 44.8539 34.6688 21.6294 62.6216 25.2668 5990.38 453.709 269.049 155.549 184.66 86.7392 43.7962 68.8096 32.0277 113.5 42.943 25.4667 16.6123 105.476 73.5891 159.193 78.5639 80.6295 55.2064
internal_count=63104 1849 404 1445 1401 787 227 199 135 177 98 61255 2200 1374 938 826 460 285 478 145 436 175 178 85 380 292 648 311 337 193
is_linear=0
shrinkage=0.045


Tree=115
num_leaves=31
num_cat=0
split_feature=71 11 15 22 48 15 25 22 48 14 69 36 44 48 55 43 66 41 29 43 55 56 25 58 22 75 2 38 65 58
split_gain=12.225 49.6821 14.7207 17.7539 10.7309 12.6514 13.6958 18.2072 30.823 36.2629 20.8692 17.5134 18.0788 14.584 16.2029 13.9571 13.6998 10.4487 13.0544 11.5443 10.0879 9.83873 9.06195 12.0964 8.9729 8.79363 12.4792 11.9108 10.986 10.6912
threshold=1.0000000180025095e-35 1.0000000180025095e-35 741.50000000000011 195.00000000000003 742.50000000000011 1.0000000180025095e-35 1.0000000180025095e-35 145.00000000000003 1262.5000000000002 1.0000000180025095e-35 1.0000000180025095e-35 1.0000000180025095e-35 1.0000000180025095e-35 1080.0000000000002 13.500000000000002 5.5000000000000009 1.0000000180025095e-35 2740.5000000000005 1.5000000000000002 13.500000000000002 5.5000000000000009 1.5000000000000002 1.5000000000000002 1.0000000180025095e-35 145.00000000000003 2338.0000000000005 3.5000000000000004 1.5000000000000002 1.0000000180025095e-35 1.0000000180025095e-35
decision_type=2 2 2 2 2 2 2 2 2 2 2 2 2 2 2 2 2 2 2 2 2 2 2 2 2 2 2 2 2 2
left_child=4 17 24 -4 25 22 11 8 10 -10 -8 12 15 14 -13 -7 21 18 -2 -20 -5 -9 -6 -24 -3 26 27 -1 -29 -28
right_child=1 2 3 20 5 6 7 16 9 -11 -12 13 -14 -15 -16 -17 -18 -19 19 -21 -22 -23 23 -25 -26 -27 29 28 -30 -31
leaf_value=0.0024738186462174671 -0.037917318758453555 -0.043713777168505462 0.044193313897115005 0.018740258998267766 0.057270714480907474 -0.004949574615298746 -0.013588682237888826 0.0012451701099400884 -0.029865852434753721 0.065646365022438133 0.0094377263858996755 0.025307902643750772 -0.0011718632014300367 0.00082249509436495435 -0.019860723728971182 -0.068511546613496968 -0.036919363633906799 0.029990594066302778 0.032275635772483394 -0.047707156535768055 -0.061115588504339104 -0.029123811219129037 -0.037122876739208964 0.043618056252659125 0.023115436416938542 -0.001651460959164497 0.0057634393300842364 -0.008218614751093244 -0.043156659463843401 -0.010738439132228928
leaf_weight=287.27830338742933 42.741450225526933 7.2637024592841026 81.885065440787002 7.0238194009289128 11.113831549882889 13.614939272403719 771.7281345538795 829.77942175260978 11.738886894250752 21.703014844097197 88.165092761482811 136.94546144315973 457.09423074949882 162.61253721162211 17.457128392066807 13.763090363703666 19.333581209066324 6.9963468415662637 11.526754015736513 4.1852709258382665 4.4176816691178828 21.179431209922768 6.6070057731121778 6.4299162290990353 7.1183311654021963 1264.6676392022491 1572.6212549940683 171.2868017317378 19.527789335697889 82.832275255932473
leaf_count=2289 1045 31 227 50 74 125 9746 8029 475 93 945 566 2959 1446 180 237 837 44 84 272 53 391 46 25 43 18630 11949 1474 100 639
internal_value=8.34978e-11 0.0117528 0.030436 0.0369167 -0.000341796 -0.00252374 -0.0028341 -0.00504986 -0.00955898 0.0322257 -0.0112196 0.00204178 -0.0033382 0.0102483 0.0201061 -0.0381908 -0.000415694 -0.0189889 -0.0252571 0.00939051 -0.0145269 0.000456022 0.0292418 0.00296964 -0.0112845 0.00132099 0.00308287 -0.0033161 -0.0120005 0.00493177
internal_weight=6160.64 173.158 107.709 93.3266 5987.48 2589.27 2565.11 1763.63 893.335 33.4419 859.893 801.487 484.472 317.015 154.403 27.378 870.292 65.4498 58.4535 15.712 11.4415 850.959 24.1508 13.0369 14.382 3398.21 2133.55 478.093 190.815 1655.45
internal_count=63104 1849 404 330 61255 26174 26029 20516 11259 568 10691 5513 3321 2192 746 362 9257 1445 1401 356 103 8420 145 71 74 35081 16451 3863 1574 12588
is_linear=0
shrinkage=0.045


Tree=116
num_leaves=31
num_cat=0
split_feature=71 11 7 15 43 8 39 9 48 16 69 19 21 9 46 10 46 57 20 55 69 3 0 36 41 46 55 21 67 48
split_gain=10.3992 44.1174 14.6471 9.53626 12.8207 9.36192 10.019 9.32941 8.40811 13.3438 22.7913 31.3993 27.7158 22.2386 20.0244 17.2222 16.2708 15.7662 14.7299 12.1459 11.7877 15.7882 15.2896 13.711 10.1642 9.21978 8.14539 8.31802 10.9425 14.0325
threshold=1.0000000180025095e-35 1.0000000180025095e-35 6.5000000000000009 742.50000000000011 10.500000000000002 3.5000000000000004 1.5000000000000002 2.5000000000000004 742.50000000000011 95.000000000000014 1.0000000180025095e-35 1.0000000180025095e-35 285.00000000000006 2.5000000000000004 2.5000000000000004 1.0000000180025095e-35 12.500000000000002 45.000000000000007 108.00000000000001 6.5000000000000009 1.0000000180025095e-35 2.5000000000000004 15.500000000000002 1.0000000180025095e-35 2740.5000000000005 1.0000000180025095e-35 6.5000000000000009 285.00000000000006 1.0000000180025095e-35 16.000000000000004
decision_type=2 2 2 2 2 2 2 2 2 2 2 2 2 2 2 2 2 2 2 2 2 2 2 2 2 2 2 2 2 2
left_child=8 5 3 7 -5 -2 -7 -3 26 17 13 -12 18 16 -15 -16 19 20 -13 -11 22 -22 23 -10 -23 -19 -1 -28 29 -29
right_child=1 2 -4 4 -6 6 -8 -9 9 10 11 12 -14 14 15 -17 -18 25 -20 -21 21 24 -24 -25 -26 -27 27 28 -30 -31
leaf_value=-0.00060247155237883293 -0.039501529718921728 0.015345447290054428 0.042405432116393499 -0.012247097350284918 0.040094152115033421 0.013476048834078208 -0.032681592539980556 -0.066956041179429548 -0.0020890913817512291 0.0020950596183068691 -0.05278558127705664 -0.010158246364306234 -0.032402787863483433 -0.0018402245295152482 -0.019593755151091376 -0.0028197583613208837 0.021600421503101992 -0.0038880925354402573 0.034809317291566763 -0.018713400144326479 0.040823133761021979 -0.033958269749721111 -0.029279252106224212 0.0093759624249169435 0.032132459632741216 0.036010312969203984 0.0056314918735488745 0.013586803854056941 0.011297171618629318 -0.016354261232113643
leaf_weight=2077.9994256371865 25.23586113777128 4.7046940457075817 61.711191173759289 15.238272721413521 22.529479207471013 23.68728848779574 14.526790437841553 4.9102635854505934 493.43566926990752 295.86310970238992 12.550254933157701 17.068060775636695 17.20032115461072 364.63734629825922 461.05302869906882 169.89931168177282 70.339751852443442 16.143885549157858 91.983106300467625 69.257226522546262 6.9195181750692418 46.865915466943989 30.150020089029567 367.9406422477914 4.4400799050927153 40.187336897070054 1073.0012033060921 40.361023404082516 71.164167831651866 136.51774227996066
leaf_count=23509 643 24 177 63 102 299 503 38 3466 2508 447 205 180 3812 7273 1578 577 115 457 925 72 566 1114 2706 23 150 8706 732 235 1899
internal_value=-1.06177e-10 0.0108591 0.0281181 0.00901843 0.0192047 -0.0187915 -0.00445639 -0.0290333 -0.00031535 -0.00225401 -0.00484565 0.0125044 0.0193585 -0.00653604 -0.010243 -0.0150886 0.00194328 0.00179069 0.0277429 -0.00189229 0.000406901 -0.0190347 0.00169654 0.00281345 -0.0277337 0.0247075 0.00115407 0.00391548 -0.00350054 -0.0094842
internal_weight=6147.52 172.544 109.094 47.3827 37.7678 63.4499 38.2141 9.61496 5974.98 2575.93 1569.85 138.802 126.251 1431.05 995.59 630.952 435.46 1006.08 109.051 365.12 949.752 58.2255 891.526 861.376 51.306 56.3312 3399.04 1321.04 248.043 176.879
internal_count=63104 1849 404 227 165 1445 802 62 61255 26174 17962 1289 842 16673 12663 8851 4010 8212 662 3433 7947 661 7286 6172 589 265 35081 11572 2866 2631
is_linear=0
shrinkage=0.045


Tree=117
num_leaves=31
num_cat=0
split_feature=71 11 4 21 55 39 41 5 39 48 16 69 19 22 9 46 55 10 57 46 43 48 46 55 69 55 26 29 56 21
split_gain=11.1847 36.0317 16.2796 16.3662 10.4825 13.9257 9.85065 13.0016 8.2457 7.60137 12.3951 22.3405 28.0978 29.819 19.6358 16.8661 14.9267 14.9161 14.8008 13.1999 10.8599 11.706 9.66227 9.5312 9.45301 9.09936 9.01875 8.55655 8.37828 7.87239
threshold=1.0000000180025095e-35 1.0000000180025095e-35 31.500000000000004 270.00000000000006 6.5000000000000009 1.5000000000000002 2740.5000000000005 26.500000000000004 1.5000000000000002 742.50000000000011 95.000000000000014 1.0000000180025095e-35 1.0000000180025095e-35 290.00000000000006 2.5000000000000004 2.5000000000000004 2.5000000000000004 1.0000000180025095e-35 45.000000000000007 12.500000000000002 17.500000000000004 1083.5000000000002 1.0000000180025095e-35 15.500000000000002 1.0000000180025095e-35 6.5000000000000009 1.5000000000000002 1.0000000180025095e-35 1.0000000180025095e-35 145.00000000000003
decision_type=2 2 2 2 2 2 2 2 2 2 2 2 2 2 2 2 2 2 2 2 2 2 2 2 2 2 2 2 2 2
left_child=9 6 3 4 -3 -6 7 8 -2 -1 18 14 -13 16 19 27 -14 -17 20 25 23 28 -20 24 -11 -12 -15 -16 -22 -23
right_child=1 2 -4 -5 5 -7 -8 -9 -10 10 11 12 13 26 15 17 -18 -19 22 -21 21 29 -24 -25 -26 -27 -28 -29 -30 -31
leaf_value=0.0010672105580770753 0.015438941393719582 0.050619572484383216 -0.022069777295888264 -0.024770867479988166 0.040240691698165479 -0.01448131526961826 0.030724590622868832 -0.045918938916097919 -0.031347737431354897 0.00034343577276602582 0.0015597559897047376 -0.050943631240407565 0.05232134429986398 -0.048107420295460154 0.0066549990055793182 -0.018561218560616478 0.016297780186095245 -0.0029250950812664354 -0.0047888803427004406 0.019301744938017611 0.023410245311755985 -0.023727773539742935 0.03512920817886872 -0.02994051377967407 -0.020376039290969768 -0.016653531473393945 0.014970152818243494 -0.007506743417155644 -0.024539791775516524 0.009692072679966553
leaf_weight=3399.7054506471904 19.048765839514093 53.564778593135998 11.831236163037827 8.609990308468694 23.057343291118741 14.795467361807821 7.1623516166582695 24.921145118278218 11.319380289700346 718.53660746940295 296.12658906172146 11.932639675243989 34.397056309855543 14.546630025899505 137.85955543356249 456.26455406352761 72.603122136730235 169.85825470380951 17.020574571564794 70.461202707636403 96.647232750663534 25.158485857304186 41.128577302908525 22.664806421205867 46.538189159095054 67.334369209798751 5.9552213833667329 227.83018018814619 7.1821315627312279 30.546042983711231
leaf_count=35081 274 130 45 105 68 56 44 614 513 4803 2508 447 128 179 1279 7273 494 1578 115 577 412 1045 150 423 487 925 41 2533 202 575
internal_value=-3.708e-11 0.0112031 0.0264061 0.0323015 0.0378866 0.0190294 -0.0160144 -0.0225074 -0.00244366 -0.00032891 -0.00217503 -0.00467835 0.0124539 0.0187375 -0.00636142 -0.00985163 0.0282554 -0.0143308 0.00172274 0.00162043 0.000358715 0.0110271 0.0235615 -0.0018131 -0.000941847 -0.00185085 -0.029941 -0.00216439 0.019891 -0.00555398
internal_weight=6144.61 174.31 111.859 100.028 91.4176 37.8528 62.4516 55.2893 30.3681 5970.3 2570.59 1565.17 139.435 127.502 1425.73 991.813 107 626.123 1005.42 433.922 947.273 159.534 58.1492 787.74 765.075 363.461 20.5019 365.69 103.829 55.7045
internal_count=63104 1849 404 359 254 124 1445 1401 787 61255 26174 17962 1289 842 16673 12663 622 8851 8212 4010 7947 2234 265 5713 5290 3433 220 3812 614 1620
is_linear=0
shrinkage=0.045


Tree=118
num_leaves=31
num_cat=0
split_feature=64 6 9 10 0 0 5 31 6 8 43 0 8 9 25 39 63 8 19 16 43 4 11 4 5 0 21 6 9 31
split_gain=6.32755 37.9181 36.6223 49.2134 45.9208 22.4384 16.3434 17.7829 14.9866 13.5286 15.3574 8.26275 7.94661 7.87465 9.04248 7.26661 6.22721 12.1866 23.3841 14.9857 12.0386 14.7609 6.71484 7.54892 6.13573 5.69001 5.59407 18.7022 5.58073 6.52912
threshold=1.0000000180025095e-35 20.500000000000004 2.5000000000000004 1.0000000180025095e-35 9.5000000000000018 4.5000000000000009 5.5000000000000009 2887.5000000000005 9.5000000000000018 4.5000000000000009 11.500000000000002 26.500000000000004 4.5000000000000009 1.5000000000000002 1.5000000000000002 1.0000000180025095e-35 1.0000000180025095e-35 3.5000000000000004 1.0000000180025095e-35 205.00000000000003 10.500000000000002 30.500000000000004 1.0000000180025095e-35 37.500000000000007 1.5000000000000002 6.5000000000000009 255.00000000000003 14.500000000000002 1.5000000000000002 2385.0000000000005
decision_type=2 2 2 2 2 2 2 2 2 2 2 2 2 2 2 2 2 2 2 2 2 2 2 2 2 2 2 2 2 2
left_child=16 2 8 4 9 12 -6 -8 13 -4 -11 -3 -5 14 25 -15 24 22 20 -20 21 -19 -18 -24 -1 -2 28 -28 -10 -30
right_child=1 11 3 5 6 -7 7 -9 26 10 -12 -13 -14 15 -16 -17 17 18 19 -21 -22 -23 23 -25 -26 -27 27 -29 29 -31
leaf_value=-0.030890416412198394 -0.025799460804772842 0.030094107251593536 -0.080678271482339692 -0.052199953900713157 0.042644603847904597 0.010019698997095768 0.0044605528593351443 -0.049162049243378574 0.03762468898157377 -0.0097286475641863799 -0.069922717973230575 -0.0064912869270050905 0.0092253998841575653 0.019722613017515468 0.0023685274539744141 -0.029005053267268086 -0.037675188040000709 0.053615570396701562 -0.043514867462761189 0.041802103270132639 -0.045455361084583326 -0.0063361038390988321 -0.034723077300126033 0.026030833877057482 0.0007033031205223863 -0.086259856554276412 -0.049481381398099857 0.028361799657697639 0.034153582397197547 -0.0072577676562232303
leaf_weight=11.47616510800435 9.3757086164550874 64.38446026830934 40.459342995425686 17.884719990659509 9.1824499703943712 94.150987514294684 27.240157431107946 21.946027267142199 34.553328231908381 17.547774412319995 16.53773938503582 15.065363269299267 5.1597397513687602 19.566622907528657 10.727167344419284 7.8926800164626902 33.618042348083691 22.893159130064305 22.567779525532391 4.2308123448747201 3.581209876574575 12.459125713095998 6.5155183539609416 8.227420936455017 5536.0222723108163 5.0604219627566627 8.7289384989999252 16.478387659415603 12.545813087373974 17.248527978954371
leaf_count=198 77 185 394 106 24 442 126 146 82 64 88 78 38 87 53 58 1521 215 1547 109 338 192 334 113 56229 36 67 41 39 77
internal_value=-2.59268e-11 -0.00500161 -0.01075 -0.0210867 -0.0397233 0.000206681 -0.00956533 -0.0199678 0.00745373 -0.0628977 -0.0400944 0.0231623 -0.0386349 -0.0114688 -0.0291509 0.00518969 0.000417555 -0.00994299 0.00270689 -0.0290263 0.0247293 0.0328939 -0.0268432 -0.00131897 0.000632389 -0.0512084 0.0185765 0.000546306 0.0255231 0.0107226
internal_weight=6133.33 471.736 392.287 250.109 132.913 117.195 58.3686 49.1862 142.178 74.5449 34.0855 79.4498 23.0445 52.6226 25.1633 27.4593 5661.59 114.093 65.7321 26.7986 38.9335 35.3523 48.361 14.7429 5547.5 14.4361 89.555 25.2073 64.3477 29.7943
internal_count=63104 2308 2045 1428 842 586 296 272 617 546 152 263 144 311 166 145 60796 4369 2401 1656 745 407 1968 447 56427 113 306 108 198 116
is_linear=0
shrinkage=0.045


Tree=119
num_leaves=31
num_cat=0
split_feature=71 11 21 4 55 41 5 49 10 2 9 8 14 46 6 43 5 34 6 22 21 5 5 29 43 55 39 55 8 6
split_gain=13.7709 39.0939 12.7425 11.6492 8.64394 7.85526 10.7913 7.39932 29.487 42.2392 32.078 37.5199 24.2874 20.2631 20.2456 14.2537 12.6244 10.4901 9.20794 8.44154 9.47129 8.26747 15.7269 7.79795 7.79065 7.01317 11.2689 6.99808 7.86928 8.38199
threshold=1.0000000180025095e-35 1.0000000180025095e-35 270.00000000000006 29.500000000000004 4.5000000000000009 2740.5000000000005 26.500000000000004 303.00000000000006 1.0000000180025095e-35 3.5000000000000004 2.5000000000000004 4.5000000000000009 1.0000000180025095e-35 7.5000000000000009 14.500000000000002 7.5000000000000009 39.500000000000007 1.0000000180025095e-35 5.5000000000000009 125.00000000000001 270.00000000000006 6.5000000000000009 21.500000000000004 1.5000000000000002 6.5000000000000009 6.5000000000000009 1.5000000000000002 1.0000000180025095e-35 3.5000000000000004 7.5000000000000009
decision_type=2 2 2 2 2 2 2 2 2 2 2 2 2 2 2 2 2 2 2 2 2 2 2 2 2 2 2 2 2 2
left_child=7 5 3 25 -4 6 27 -1 9 15 13 -12 -13 18 17 -9 -15 19 -11 23 -21 -17 -23 -10 -19 -3 -27 -2 -29 -30
right_child=1 2 4 -5 -6 -7 -8 8 14 10 11 12 -14 16 -16 21 -18 24 -20 20 -22 22 -24 -25 -26 26 -28 28 29 -31
leaf_value=8.6276086839886002e-05 0.029427420629453752 0.050293891885330191 0.013742903592901186 -0.00132601819055721 -0.059630200900963444 0.026326025894379799 -0.044026626085328951 -0.046447147278924864 -0.026090471095319697 0.0040413786355241958 -0.072180114054718081 0.0086542554630701391 -0.051690644910607597 -0.010879101328563127 0.031139435309022537 0.035097608041423423 0.039586822309879935 -0.0039952715433133413 -0.073937019223758352 0.022877254999583561 -0.02078280866052002 -0.018290702071502546 0.020486834555483023 0.02547254401142339 -0.048742795287425027 0.039472270574520546 -0.015781612868932298 -0.05718468659241701 -0.047495377964173094 0.018911590335369852
leaf_weight=5507.0130422300572 8.1784657399111911 51.412469099275768 7.7897498930687998 16.549104059580714 4.2554137316765264 6.9066873071715227 23.924855616729474 8.8245160907972586 23.021953966235746 4.4329371711937702 50.611216828459874 30.266994770383462 23.045380790659692 18.970043077366427 53.365264955209568 20.59561303537339 19.537550114095211 18.054529117885981 8.2733842276502383 53.103374035155866 11.533493599621577 36.207195045659319 48.216680475044996 7.0096910018473855 13.255428365431724 23.309187157079577 10.140000902116297 5.9382573991315466 4.4029256906360414 12.382543531333793
leaf_count=59055 132 118 53 49 68 44 614 56 128 28 453 114 124 80 168 55 57 111 82 190 78 181 144 35 116 66 50 262 41 352
internal_value=4.83623e-11 0.0123986 0.0279925 0.0331653 -0.0147629 -0.0162496 -0.0219884 -0.000366753 -0.00591935 -0.0153202 -0.0305216 -0.0447719 -0.0179025 -0.00130099 0.00818695 0.00548032 0.0150796 -0.00170453 -0.0484222 0.00579646 0.0148888 0.0102406 0.00383673 -0.0136221 -0.0238619 0.0398287 0.0227504 -0.00408098 -0.016873 -0.00019841
internal_weight=6130.53 175.19 113.456 101.411 12.0452 61.7337 54.827 5955.34 448.325 268.982 155.138 103.924 53.3124 51.2139 179.344 113.844 38.5076 125.978 12.7063 94.6685 64.6369 105.019 84.4239 30.0316 31.31 84.8617 33.4492 30.9022 22.7237 16.7855
internal_count=63104 1849 404 283 121 1445 1401 61255 2200 1374 938 691 238 247 826 436 137 658 110 431 268 380 325 163 227 234 116 787 655 393
is_linear=0
shrinkage=0.045


Tree=120
num_leaves=31
num_cat=0
split_feature=71 11 7 43 39 46 0 16 42 43 29 63 12 43 6 8 19 55 16 46 53 20 55 44 53 27 73 35 75 58
split_gain=10.7945 29.7692 12.1326 12.1172 8.71007 14.9523 8.79733 7.47192 8.63432 6.92932 6.48394 5.72666 12.1274 11.8815 12.0876 6.99673 9.21121 5.43605 5.37158 4.72991 12.8036 11.2403 11.4599 13.0294 14.9914 10.6099 18.696 9.71433 9.03669 13.5684
threshold=1.0000000180025095e-35 1.0000000180025095e-35 5.5000000000000009 13.500000000000002 1.5000000000000002 4.5000000000000009 5.5000000000000009 135.00000000000003 661.50000000000011 13.500000000000002 1.5000000000000002 1.0000000180025095e-35 1.0000000180025095e-35 10.500000000000002 10.500000000000002 3.5000000000000004 1.0000000180025095e-35 16.500000000000004 25.000000000000004 1.5000000000000002 5.5000000000000009 89.500000000000014 1.0000000180025095e-35 1.5000000000000002 4.5000000000000009 1.0000000180025095e-35 1.0000000180025095e-35 1.5000000000000002 3114.0000000000005 1.0000000180025095e-35
decision_type=2 2 2 2 2 2 2 2 2 2 2 2 2 2 2 2 2 2 2 2 2 2 2 2 2 2 2 2 2 2
left_child=11 7 3 -3 6 -6 -4 8 -2 10 -9 19 13 14 -13 -16 -17 -11 -10 21 28 22 -1 24 -24 26 27 -23 -21 -30
right_child=1 2 4 -5 5 -7 -8 9 18 17 -12 12 -14 -15 15 16 -18 -19 -20 20 -22 25 23 -25 -26 -27 -28 -29 29 -31
leaf_value=0.029711760542667956 0.030410838099419669 -0.028049033847074079 0.015736238818551219 0.032494045557846969 0.030892292385399478 -0.034631631033451071 0.056328858628786317 -0.0067392687217674918 0.016973755365257245 -0.039818092322152339 0.038224583847928761 -0.017105569207135466 0.035194143188905423 -0.048714434048551587 -0.022710842908740782 0.058148823717831873 -0.018761272361275266 0.035073543393475647 -0.056899753295438192 -0.00030765621412903878 -0.020264304308818606 -0.0064203608909004844 0.0061054024277232572 0.052714635348749962 -0.049444785991771621 0.0038030924516368712 0.021706452436762103 0.041108876218019071 -0.019414216313945 0.03880542558260449
leaf_weight=56.033816368901171 2.6364461984485414 14.965333178115545 16.749902025563642 10.53368820378091 26.694967405754142 8.5475019688019511 35.656829676823691 16.813063765206611 1.8220415914547654 11.31729889687267 9.3426294056407624 65.281051390542416 9.7606769577832875 16.691008202949888 4.423668061936044 10.487746172526384 3.7902229020546647 1.5350638569507271 15.047690131148554 3902.3602417712245 67.513819865998812 609.57820947428991 45.155156672291923 7.8789825104176989 11.520249139517544 987.2625006846647 53.676502528600395 7.8489866286981842 87.962382424157113 7.9903055597096673
leaf_count=840 13 81 49 60 87 50 77 213 32 573 49 1780 128 2020 185 58 198 26 539 40393 1032 5667 498 86 265 6828 270 71 892 44
internal_value=5.68404e-11 0.011092 0.0244948 -0.00275618 0.0323643 0.0144834 0.0438925 -0.0148009 -0.0367997 -0.00315541 0.0101377 -0.000321541 -0.0104269 -0.0151527 -0.00798778 0.0230921 0.0378406 -0.0289869 -0.0484176 -0.000128854 -0.000975586 0.00180583 0.0150127 0.00199509 -0.00584764 0.000837022 -0.00352554 -0.00575065 -0.0006449 -0.0142158
internal_weight=6126.88 171.662 113.148 25.499 87.6492 35.2425 52.4067 58.5142 19.5062 39.0081 26.1557 5955.22 110.434 100.674 83.9827 18.7016 14.278 12.8524 16.8697 5844.78 4065.83 1778.95 120.588 64.5544 56.6754 1658.37 671.104 617.427 3998.31 95.9527
internal_count=63104 1849 404 141 263 137 126 1445 584 861 262 61255 4369 4241 2221 441 256 599 571 56886 42361 14525 1689 849 763 12836 6008 5738 41329 936
is_linear=0
shrinkage=0.045


Tree=121
num_leaves=31
num_cat=0
split_feature=71 11 21 7 8 55 0 41 0 39 48 15 25 22 48 14 72 66 39 4 48 70 48 75 2 38 75 48 25 58
split_gain=9.8202 28.463 11.5898 11.326 10.6104 8.58677 8.38043 7.21074 8.62338 10.4851 7.0948 12.0671 11.2673 15.4047 29.2467 32.4934 15.025 12.3049 11.5539 10.7509 15.9432 12.2212 10.2526 9.89492 11.7022 10.5805 9.718 10.1327 9.13866 9.54357
threshold=1.0000000180025095e-35 1.0000000180025095e-35 270.00000000000006 5.5000000000000009 4.5000000000000009 4.5000000000000009 5.5000000000000009 2740.5000000000005 7.5000000000000009 1.5000000000000002 742.50000000000011 1.0000000180025095e-35 1.0000000180025095e-35 145.00000000000003 1262.5000000000002 1.0000000180025095e-35 1.0000000180025095e-35 1.0000000180025095e-35 1.0000000180025095e-35 26.500000000000004 1211.0000000000002 1.0000000180025095e-35 1262.5000000000002 2338.0000000000005 3.5000000000000004 1.5000000000000002 1058.0000000000002 342.50000000000006 1.5000000000000002 1.0000000180025095e-35
decision_type=2 2 2 2 2 2 2 2 2 2 2 2 2 2 2 2 2 2 2 2 2 2 2 2 2 2 2 2 2 2
left_child=10 7 3 4 -3 -4 -5 8 -2 -10 23 28 16 14 18 -16 19 22 -14 20 -13 -21 -15 24 25 26 -1 -28 -12 -30
right_child=1 2 5 6 -6 -7 -8 -9 9 -11 11 12 13 17 15 -17 -18 -19 -20 21 -22 -23 -24 -25 -26 -27 27 -29 29 -31
leaf_value=0.0099967778045899382 -0.039896484732062781 -0.035289065361600695 0.01274613896801513 0.015613788229757801 0.029636001296937359 -0.06013438370776944 0.046373527583045263 0.026682807090443579 0.017353689879231079 -0.039855671390492883 0.05780446934022157 0.01450431025276888 -0.0039165993265539139 0.0014978042375398634 -0.027692906138241186 0.064369610034458999 0.022378073750377647 -0.035658745478701404 -0.014587026294852212 -0.0010297784864179477 -0.025281886335880428 -0.0258994823976176 -0.028986728380405488 -0.0020956022573413824 0.0047228283760054153 -0.011497070152125135 0.0012814822019343514 -0.026077212759752152 -0.03321270834167802 0.038771290295022444
leaf_weight=150.49468778073788 23.932599031890277 9.2285557873547077 7.4827490410534647 29.005954752443358 9.1688960694009438 4.4668062474229373 52.891957582673058 6.5029611992649725 17.431605727382706 9.0165657422330678 10.813182940706611 161.3172867607791 349.92388827013201 823.12934159373981 11.212233884492887 21.260703182546422 66.412897182046436 18.308483499364229 500.18533595267218 498.48041861737147 22.401429564110003 42.514712995383888 21.963892273866804 1267.620657512176 1643.97691239696 189.77791930275271 93.89386759934132 37.666873813548591 6.49364073574543 6.4307910241186619
leaf_count=652 562 53 53 77 31 68 122 44 284 555 74 1210 4205 7823 475 93 223 837 6486 3275 566 239 597 18630 12588 1574 1256 381 46 25
internal_value=-1.91889e-11 0.01066 0.0237314 0.0287089 -0.00307209 -0.0170369 0.0357991 -0.0150972 -0.0209044 -0.00289129 -0.000305044 -0.00209159 -0.00239565 -0.00441349 -0.00859061 0.0327046 0.0020576 -0.00013857 -0.0102046 0.000167153 0.00954244 -0.00302837 0.000672191 0.00104738 0.00293049 -0.0033112 0.00221773 -0.00668916 0.0291892 0.00281643
internal_weight=6113.41 169.129 112.245 100.295 18.3975 11.9496 81.8979 56.8837 50.3808 26.4482 5944.28 2560.85 2537.11 1745.98 882.582 32.4729 791.127 863.402 850.109 724.714 183.719 540.995 845.093 3383.43 2115.81 471.833 282.055 131.561 23.7376 12.9244
internal_count=63104 1849 404 283 84 121 199 1445 1401 839 61255 26174 26029 20516 11259 568 5513 9257 10691 5290 1776 3514 8420 35081 16451 3863 2289 1637 145 71
is_linear=0
shrinkage=0.045


Tree=122
num_leaves=31
num_cat=0
split_feature=71 11 27 0 55 38 16 42 48 16 44 33 36 43 43 16 69 22 22 48 55 54 75 2 0 57 17 57 48 47
split_gain=8.76545 24.4987 11.4164 14.9265 11.6155 9.23017 6.73798 6.39533 6.39372 12.7459 10.2321 14.8622 13.8448 13.7931 11.727 9.19982 19.0227 25.4231 15.6004 15.4414 12.4163 11.0551 8.32298 11.3445 9.05066 8.96313 8.49543 10.372 11.9827 11.7547
threshold=1.0000000180025095e-35 1.0000000180025095e-35 1.5000000000000002 6.5000000000000009 6.5000000000000009 2.5000000000000004 135.00000000000003 661.50000000000011 742.50000000000011 1.0000000180025095e-35 1.0000000180025095e-35 1.0000000180025095e-35 1.0000000180025095e-35 4.5000000000000009 5.5000000000000009 95.000000000000014 1.0000000180025095e-35 290.00000000000006 290.00000000000006 1080.0000000000002 2.5000000000000004 4.5000000000000009 2338.0000000000005 3.5000000000000004 16.500000000000004 255.00000000000003 75.000000000000014 135.00000000000003 9.0000000000000018 1436.5000000000002
decision_type=2 2 2 2 2 2 2 2 2 2 2 2 2 2 2 2 2 2 2 2 2 2 2 2 2 2 2 2 2 2
left_child=8 6 4 -4 -3 -6 7 -2 22 -10 11 12 14 -13 -11 19 18 -18 -17 21 -21 -12 23 24 -1 -26 27 28 29 -24
right_child=1 2 3 -5 5 -7 -8 -9 9 10 15 13 -14 -15 -16 16 17 -19 -20 20 -22 -23 26 -25 25 -27 -28 -29 -30 -31
leaf_value=-0.0073051013933098626 0.022432683863863125 0.041340451572101235 -0.043678713266311314 0.032900429628788773 0.019844264719536181 -0.033896876374364046 -0.003045986620832811 -0.046807664282869324 0.03081102903184892 0.0011691857078918158 0.013369385485426001 -0.0092920838217390236 0.01931015393199929 -0.078977135364663192 -0.058362364495424798 -0.0086817376398945437 0.019947243240617307 -0.032181624465795811 0.0016775538280724026 -0.01112755764544549 0.0023641213686986322 -0.0079854690196449196 0.0096480467835490542 0.0044883283251168915 0.0092638421064279129 -0.043182312083975903 0.00064845707770200072 -0.045962578034729071 -0.0024040539843863556 -0.034416528539823354
leaf_weight=339.45583276887191 2.6157524175941953 56.172650014515966 10.374632273393219 8.472369594499467 29.570992122869939 7.2503125497023566 37.92318411663291 15.274987640092149 22.772499638609588 14.011307504028084 271.11546969696064 10.762606207281353 24.191138711292297 12.142213136889039 11.775028120260684 967.68004311024561 119.04501620549127 21.566810678516049 422.47446996104554 217.42963409569347 375.00553259308799 59.191432613646612 15.827588162384925 1642.4970560065121 125.35174796398496 5.979615854099392 859.01252271047269 12.563728563953189 329.93158741187654 48.220003791211639
leaf_count=3044 13 169 59 14 113 49 861 571 145 114 1214 120 185 193 195 12121 981 308 4326 1877 3660 735 209 12588 776 43 13776 176 3583 886
internal_value=1.7765e-11 0.010116 0.0222026 -0.00933059 0.0286246 0.0086459 -0.0140677 -0.0360326 -0.000287758 -0.0019888 -0.00229653 -0.0187977 -0.00473906 -0.0479917 -0.0271792 -0.00179889 -0.00393735 0.011781 -0.00553456 0.00174908 -0.00259787 0.00953002 0.000995801 0.00272366 -0.00342942 0.00656765 -0.00188934 -0.00724005 -0.00589197 -0.0235463
internal_weight=6095.66 167.655 111.841 18.847 92.994 36.8213 55.8139 17.8907 5928 2549.16 2526.39 72.8823 49.9775 22.9048 25.7863 2453.51 1530.77 140.612 1390.15 922.742 592.435 330.307 3378.84 2113.28 470.787 131.331 1265.56 406.543 393.979 64.0476
internal_count=63104 1849 404 73 331 162 1445 584 61255 26174 26029 807 494 313 309 25222 17736 1289 16447 7486 5537 1949 35081 16451 3863 819 18630 4854 4678 1095
is_linear=0
shrinkage=0.045


Tree=123
num_leaves=31
num_cat=0
split_feature=71 15 22 4 42 39 46 41 7 16 63 8 19 15 21 46 4 48 44 33 29 15 25 48 22 25 55 58 55 5
split_gain=7.65039 15.1009 18.7467 11.9896 9.7425 7.977 11.061 7.97588 8.22134 7.61588 6.27266 9.42272 16.3021 15.1162 10.7627 8.72638 10.6898 7.53501 14.3368 16.792 14.1475 12.7311 12.8261 14.9642 12.6583 9.55572 7.17128 6.99782 6.73845 10.4673
threshold=1.0000000180025095e-35 742.50000000000011 195.00000000000003 31.500000000000004 661.50000000000011 1.5000000000000002 6.5000000000000009 2740.5000000000005 7.5000000000000009 115.00000000000001 1.0000000180025095e-35 3.5000000000000004 1.0000000180025095e-35 324.00000000000006 55.000000000000007 9.5000000000000018 28.500000000000004 742.50000000000011 1.0000000180025095e-35 1.0000000180025095e-35 1.0000000180025095e-35 1.0000000180025095e-35 1.0000000180025095e-35 1167.0000000000002 145.00000000000003 1.5000000000000002 5.5000000000000009 1.0000000180025095e-35 6.5000000000000009 10.500000000000002
decision_type=2 2 2 2 2 2 2 2 2 2 2 2 2 2 2 2 2 2 2 2 2 2 2 2 2 2 2 2 2 2
left_child=10 7 3 5 -4 -3 -7 8 -2 -6 17 -12 14 -14 -13 16 -16 28 19 20 26 25 23 -23 -24 -20 -19 -27 29 -1
right_child=1 2 4 -5 9 6 -8 -9 -10 -11 11 12 13 -15 15 -17 -18 18 21 -21 -22 22 24 -25 -26 27 -28 -29 -30 -31
leaf_value=-0.010477746441500889 -0.045384038102120383 0.036323155259930733 0.042581546300287029 -0.034805347736863078 0.019696017651899211 0.020671464731923453 -0.04205535772352504 0.030260231699869761 0.00076152935301790196 -0.055917532322192882 -0.026129043878762241 -0.046492865072866464 0.030927870602477009 -0.045266118516434757 0.05642966781155135 -0.039376227055071246 0.0030703787855799595 0.042876584120526598 0.059894347019003084 -0.050653219181551579 -0.028230326575540303 0.0079219113415219724 -0.0076013220884283026 -0.0055497698500851685 0.00013392019411758653 -0.029227120256008779 -0.0048742509598240251 0.034668619309547268 0.0038482155814017968 0.0007531649955794873
leaf_weight=184.71979882084997 16.580908769363308 66.881838464090833 2.641327317804099 5.9274542061612001 2.8829222217318593 33.288039154431317 5.8649541991762808 5.5009079091250888 14.020729861716971 11.589214015868492 46.114481485026772 3.5723120376351281 6.2900614402606179 19.646709650871344 17.72610009775963 2.7566201161680501 13.002786494384052 11.456091072410347 10.930393342860043 24.813527400139719 26.255663156975061 487.74887437355937 862.10168151304242 252.7464112205198 850.53209717779828 6.0008393060415983 12.659224523231385 5.890114538371563 1318.5800519914483 1765.0710501461581
leaf_count=1890 430 344 30 65 54 201 99 20 231 375 1968 57 169 1487 179 326 183 48 74 313 293 2567 11138 2373 9144 46 153 25 11572 17250
internal_value=3.48978e-11 0.00952281 0.0166997 0.0234118 -0.0260815 0.0269609 0.0104619 -0.0158947 -0.0248865 -0.0405555 -0.000266878 -0.0109072 0.000469879 -0.0263257 0.0194231 0.0275994 0.0346593 -6.55438e-05 -0.00189792 -0.0211261 -0.00587764 -0.00130575 -0.00162301 0.00332246 -0.00376199 0.0314348 0.018614 0.0026574 0.00136486 -0.000315658
internal_weight=6093.79 165.178 129.076 111.962 17.1135 106.035 39.153 36.1025 30.6016 14.4721 5928.61 109.109 62.9946 25.9368 37.0578 33.4855 30.7289 5819.51 2551.13 75.1845 50.371 2475.95 2453.13 740.495 1712.63 22.8213 24.1153 11.891 3268.37 1949.79
internal_count=63104 1849 1168 709 459 644 300 681 661 429 61255 4369 2401 1656 745 688 362 56886 26174 807 494 25367 25222 4940 20282 145 201 71 30712 19140
is_linear=0
shrinkage=0.045


Tree=124
num_leaves=31
num_cat=0
split_feature=63 12 43 8 4 19 15 5 6 5 71 11 27 0 55 48 44 33 36 43 15 75 5 25 48 9 43 25 57 46
split_gain=5.92941 10.1158 10.1967 9.21298 9.81011 8.65241 7.36971 6.96984 5.75043 6.0985 5.58501 23.3611 6.96438 11.2737 7.34374 6.82985 15.6696 16.1691 15.343 14.3621 14.099 12.4647 12.2903 11.3563 14.4317 11.0936 10.5548 10.2994 8.42738 11.8268
threshold=1.0000000180025095e-35 1.0000000180025095e-35 10.500000000000002 4.5000000000000009 5.5000000000000009 1.0000000180025095e-35 742.50000000000011 43.500000000000007 9.5000000000000018 32.500000000000007 1.0000000180025095e-35 1.0000000180025095e-35 1.5000000000000002 6.5000000000000009 6.5000000000000009 742.50000000000011 1.0000000180025095e-35 1.0000000180025095e-35 1.0000000180025095e-35 4.5000000000000009 1.0000000180025095e-35 2338.0000000000005 3.5000000000000004 1.0000000180025095e-35 1080.0000000000002 1.5000000000000002 5.5000000000000009 1.5000000000000002 255.00000000000003 1.0000000180025095e-35
decision_type=2 2 2 2 2 2 2 2 2 2 2 2 2 2 2 2 2 2 2 2 2 2 2 2 2 2 2 2 2 2
left_child=10 2 3 4 -2 8 -3 -6 9 -5 15 -12 14 -14 -13 21 17 18 26 -19 27 22 -1 24 -22 -25 -17 -18 -24 -30
right_child=1 6 -4 5 7 -7 -8 -9 -10 -11 11 12 13 -15 -16 16 20 19 -20 -21 23 -23 28 25 -26 -27 -28 -29 29 -31
leaf_value=-0.021454872540745868 0.028855375281811726 0.057908233115567725 -0.047665153345705126 0.043944871985734782 -0.036995217559066769 -0.019053802937189113 -0.019064537779669079 -0.0039654158131874721 0.068015863767514034 -0.031113636283434574 -0.015024662263780377 0.036157294488595011 -0.036838329993498016 0.03171782355258651 0.0092346799528480981 -0.0022175487277239629 0.06164622905023337 -0.01014378906438651 0.019100192285309969 -0.078893220538537936 0.012309746582516169 -0.0021735938278637898 0.0042640628100464222 0.0055539935278883599 -0.0011584791446469813 -0.0049680025894575149 -0.058613238231478196 0.0025569665037643045 0.021127890449378163 -0.06479262310972031
leaf_weight=38.115704761934467 7.3888942204066543 6.1370508566033077 15.13561869136174 3.5206910173001251 31.586571611143881 7.627803739567752 3.2787673865095712 21.893621337600052 5.8933216241421178 3.2966453977278434 55.516489863512106 53.757979498011991 9.3495916683459672 8.1702893245965225 34.216164466546616 13.75476951338351 11.4067303808406 10.88402554113418 23.647951885592192 14.231512428261338 235.88438285578741 1266.172536651211 1950.9260294328269 234.41770149135846 503.19181636214489 1474.2677220641053 12.294841716531662 11.693836426362395 4.6884848400950414 7.2923682071268559
leaf_count=263 145 41 2020 50 1234 338 87 353 37 64 1445 169 59 14 162 114 74 120 185 193 1086 18630 11739 1901 3854 18381 195 71 36 44
internal_value=8.74423e-11 -0.0105116 -0.0149362 -0.00833045 -0.0170403 0.0173133 0.0318478 -0.0237945 0.0389356 0.0083119 0.000187822 0.00842889 0.0207966 -0.00488124 0.0259076 -4.18581e-05 -0.00178894 -0.0219409 -0.00672996 -0.0506293 -0.00117015 0.00131953 0.00352984 -0.00150678 0.00315088 -0.00352207 -0.0300179 0.0330816 0.00402567 -0.0321318
internal_weight=6079.64 105.759 96.3432 81.2075 60.8691 20.3385 9.41582 53.4802 12.7107 6.81734 5973.88 161.011 105.494 17.5199 87.9741 5812.87 2545.68 74.8131 49.6976 25.1155 2470.86 3267.2 2001.02 2447.76 739.076 1708.69 26.0496 23.1006 1962.91 11.9809
internal_count=63104 4369 4241 2221 1732 489 128 1587 151 114 58735 1849 404 73 331 56886 26174 807 494 313 25367 30712 12082 25222 4940 20282 309 145 11819 80
is_linear=0
shrinkage=0.045


Tree=125
num_leaves=31
num_cat=0
split_feature=63 8 19 15 4 5 43 56 31 6 29 9 48 48 0 29 43 48 40 54 48 15 56 33 55 29 44 54 20 74
split_gain=5.07573 9.34062 11.9715 9.46856 7.99394 6.51951 5.01348 4.90771 14.5659 14.2803 11.7301 10.3411 10.0602 14.5388 11.1641 8.6286 8.20359 6.13304 16.3725 10.5122 27.6825 20.9851 14.2003 12.0548 11.6032 10.0772 12.5014 11.1287 10.5086 9.37166
threshold=1.0000000180025095e-35 4.5000000000000009 1.0000000180025095e-35 324.00000000000006 5.5000000000000009 43.500000000000007 10.500000000000002 2.5000000000000004 4545.0000000000009 13.500000000000002 2.5000000000000004 1.5000000000000002 9.0000000000000018 16.000000000000004 6.5000000000000009 1.5000000000000002 12.500000000000002 193.50000000000003 1.5000000000000002 4.5000000000000009 742.50000000000011 542.00000000000011 1.0000000180025095e-35 1.5000000000000002 5.5000000000000009 1.0000000180025095e-35 4.5000000000000009 4.5000000000000009 1030.5000000000002 1.0000000180025095e-35
decision_type=2 2 2 2 2 2 2 2 2 2 2 2 2 2 2 2 2 2 2 2 2 2 2 2 2 2 2 2 2 2
left_child=7 4 -3 -4 6 -6 -2 17 10 11 12 -10 -9 -14 -15 16 -13 18 25 -19 21 -21 -23 -22 -25 28 27 -27 29 -1
right_child=1 2 3 -5 5 -7 -8 8 9 -11 -12 15 13 14 -16 -17 -18 19 -20 20 23 22 -24 24 -26 26 -28 -29 -30 -31
leaf_value=0.0053900432906533414 0.030384784689252022 0.038826573635670422 0.032341391309769756 -0.040156041079253489 -0.034649456935024511 -0.0043083718599877452 -0.035505641305527434 -0.036609561581216074 0.027585190890378364 -0.043483012931923422 -0.060990667908627269 0.01156245170021338 0.043650232051052562 -0.023421864695945892 0.0082046262224152577 -0.042484379655569657 -0.030535973730612467 -0.0012804466374598876 -0.0023193776066470842 -0.0046386079156305942 0.0037225144743711081 0.041704705744446693 0.014970876314431175 -0.0068032950681743507 -0.039009584964515322 0.015016709241771797 -0.048765374275810479 0.0022221014172157916 0.035347854427948099 -0.012858293335033985
leaf_weight=119.87470548873534 9.017714615329167 14.74521904208814 4.5587507825694038 10.05879011689103 41.438863981529721 22.13646248189616 2.1421777013747478 10.441583584964972 12.878128206910331 32.263580369122792 4.7751882595475754 24.621799132670276 18.373840301093878 27.043786367692519 115.5921196374984 16.116033992584562 13.802116220787864 3648.4299141833035 684.97603582830925 82.61630949168466 102.42383966548368 54.410605650395155 155.37198461871594 64.940075320773758 34.246641615929548 407.05272822685947 6.2732436414808026 208.34424245689297 14.254517258144913 106.93960082363628
leaf_count=1726 161 236 108 725 2500 380 259 372 97 604 95 194 165 282 816 250 297 33699 9932 294 626 120 414 950 851 3244 49 2155 152 1351
internal_value=-3.35048e-11 -0.00980332 0.0114296 -0.0169232 -0.0181863 -0.0243152 0.0158571 0.000172666 -0.00567753 -0.019333 0.00211213 -0.00730917 0.00421312 0.00707013 0.00208692 -0.0158969 -0.00395055 0.000457282 0.00287328 -0.000445867 0.00570792 0.0145333 0.0220697 -0.00710017 -0.0182017 0.00699393 0.0100183 0.0106957 -0.000814581 -0.00323245
internal_weight=6070.16 104.098 29.3628 14.6175 74.7352 63.5753 11.1599 5966.06 275.908 99.6817 176.227 67.4181 171.451 161.01 142.636 54.5399 38.4239 5690.15 1547.72 4142.44 494.009 292.399 209.783 201.611 99.1867 862.739 621.67 615.397 241.069 226.814
internal_count=63104 4369 1069 833 3300 2880 420 58735 3172 1442 1730 838 1635 1263 1098 741 491 55563 18609 36954 3255 828 534 2427 1801 8677 5448 5399 3229 3077
is_linear=0
shrinkage=0.045


Tree=126
num_leaves=31
num_cat=0
split_feature=71 11 22 15 9 40 8 39 22 43 60 39 2 22 75 22 11 19 0 2 6 31 9 2 31 31 20 51 19 20
split_gain=4.56402 21.8277 7.06761 8.14548 5.9292 5.93559 5.41743 7.80326 5.02617 4.63714 4.57286 4.30366 4.40555 4.81011 3.92313 8.50199 10.5277 6.52844 6.37387 8.27803 6.1372 10.9801 6.64997 5.48404 4.69878 5.10593 4.71259 4.5682 13.8918 12.8143
threshold=1.0000000180025095e-35 1.0000000180025095e-35 195.00000000000003 742.50000000000011 3.5000000000000004 1.0000000180025095e-35 3.5000000000000004 1.5000000000000002 105.00000000000001 8.5000000000000018 -1.0000000180025095e-35 1.5000000000000002 4.5000000000000009 95.000000000000014 215.00000000000003 290.00000000000006 1.0000000180025095e-35 1.0000000180025095e-35 14.500000000000002 1.5000000000000002 10.500000000000002 5401.5000000000009 2.5000000000000004 4.5000000000000009 245.50000000000003 7490.0000000000009 860.50000000000011 742.50000000000011 1.0000000180025095e-35 115.50000000000001
decision_type=2 2 2 2 2 2 2 2 2 2 2 2 2 2 2 2 2 2 2 2 2 2 2 2 2 2 2 2 2 2
left_child=10 6 3 -3 5 -4 9 -8 -9 -2 -1 12 -5 -14 15 16 18 23 19 -12 22 -22 -18 -17 26 -26 -19 -16 -29 -30
right_child=1 2 4 11 -6 -7 7 8 -10 -11 14 -13 13 -15 27 17 20 24 -20 -21 21 -23 -24 -25 25 -27 -28 28 29 -31
leaf_value=0.037674837580985276 -0.01002969955678033 -0.010627834180031215 -0.024950391885680722 0.056534663586258402 -0.045339094122041353 0.034406356370243453 0.011374969362642613 0.0069121781557971241 -0.049183930553951719 -0.054175691673290373 -0.035206966040935067 0.014958569957127778 0.0068684912705668675 0.041800890216487155 -0.0011080811382518706 -0.020975957082482285 0.022363463794497999 -0.058522769104803446 -0.0094435855348781825 0.0041166024314015105 -0.0096672082629303616 -0.055378661812194765 -0.01539468844002383 0.0055069437140504909 0.019639507786702051 -0.013487524826224185 0.017926316419389101 0.010424598454831936 0.014957846209374091 -0.031808199926436201
leaf_weight=5.4465367011143817 9.7218347969173937 11.245109517592935 4.9678245167015138 16.508256293833256 4.646920377505011 7.1080481316894293 22.677534095390001 4.5224191894521928 8.6831929910549643 9.7778613437112636 10.05046994728036 28.773323467001319 14.75854403618723 17.664416837971658 4594.7956292477902 17.648826904129237 13.951042433327528 2.4826770236250004 88.940895110368729 590.73840477655176 31.303518066124525 15.565822549222501 24.662128739058971 104.05428267258685 128.45017378329067 9.4764411149080825 2.3956051543354988 200.71709986909991 17.421958919381723 33.225644002362969
leaf_count=334 156 56 36 46 61 47 299 32 471 487 78 90 36 32 52284 89 45 59 962 2353 369 227 188 374 548 79 8 1190 230 1838
internal_value=-5.55104e-11 0.00745012 0.019382 0.0243856 -0.00710709 0.00994724 -0.0152562 -0.00457538 -0.0308389 -0.033729 -0.000204899 0.0295233 0.0376167 0.0265813 -0.000246345 0.00226054 -0.000119616 0.00921043 0.00173372 0.00340136 -0.0149207 -0.0256882 -0.0015324 0.00152686 0.0157025 0.0172828 -0.0243175 -0.000784541 0.00511053 -0.0157433
internal_weight=6052.38 161.055 105.672 88.9497 16.7228 12.0759 55.3828 35.8831 13.2056 19.4997 5891.33 77.7045 48.9312 32.423 5885.88 1039.72 775.212 264.508 689.73 600.789 85.4825 46.8693 38.6132 121.703 142.805 137.927 4.87828 4846.16 251.365 50.6476
internal_count=63104 1849 404 260 144 83 1445 802 503 643 61255 204 114 68 60921 5379 4222 1157 3393 2431 829 596 233 463 694 627 67 55542 3258 2068
is_linear=0
shrinkage=0.045


Tree=127
num_leaves=31
num_cat=0
split_feature=71 43 4 15 30 29 43 55 0 48 15 53 33 36 43 25 48 70 69 19 9 25 75 2 38 65 73 43 17 48
split_gain=4.7764 11.972 13.4307 7.84397 7.40754 10.421 9.13974 7.39852 5.42008 4.28427 14.8957 11.3658 14.6849 14.396 12.6707 10.5784 13.8744 15.9512 10.7591 34.5493 13.4233 10.5344 9.59839 12.1539 9.81331 9.59907 10.4007 9.02061 8.16257 9.1054
threshold=1.0000000180025095e-35 19.500000000000004 29.500000000000004 742.50000000000011 4151.5000000000009 1.5000000000000002 12.500000000000002 1.0000000180025095e-35 4.5000000000000009 742.50000000000011 1.0000000180025095e-35 1.5000000000000002 1.0000000180025095e-35 1.0000000180025095e-35 4.5000000000000009 1.0000000180025095e-35 1167.0000000000002 1.0000000180025095e-35 1.0000000180025095e-35 1.0000000180025095e-35 2.5000000000000004 1.5000000000000002 2338.0000000000005 3.5000000000000004 1.5000000000000002 1.0000000180025095e-35 1.0000000180025095e-35 5.5000000000000009 75.000000000000014 9.0000000000000018
decision_type=2 2 2 2 2 2 2 2 2 2 2 2 2 2 2 2 2 2 2 2 2 2 2 2 2 2 2 2 2 2
left_child=9 2 3 7 5 6 -5 -2 -4 22 21 12 13 27 -14 16 17 -13 20 -20 -17 -11 23 24 -1 26 -26 -12 29 -24
right_child=1 -3 8 4 -6 -7 -8 -9 -10 10 11 15 14 -15 -16 18 -18 -19 19 -21 -22 -23 28 -25 25 -27 -28 -29 -30 -31
leaf_value=0.0017009347373316865 0.030054845679471812 -0.039209117007152405 -0.0010975453529816737 0.0095479760779867608 0.033052386270017657 0.037072833561377048 -0.042869542502189731 -0.036117337281178531 -0.03831410887373983 0.062190006087920163 -0.002721165079527754 0.010432292476945847 -0.010349097677117187 0.019734305094348266 -0.076297332040288254 0.0020371136891647241 -0.0055074348901861222 -0.015108181309974638 -0.054782484508128518 0.014753524100130816 -0.0071960585752563538 0.0025671832547028593 -0.022999756033856532 0.0045580069956532143 6.8468233700612799e-05 -0.04103316851635519 -0.023265971113287404 -0.055618541931497054 0.00024387020090588609 -0.0045583826714154577
leaf_weight=278.32749413582496 4.3529858316760501 9.3718404312385228 24.521948842215352 19.919674328324621 57.280805524555035 15.410447020782156 8.9797891258785949 8.7934062306594551 10.751233670263899 11.529760284349322 13.800662117078902 431.02970114667551 10.918343705125155 23.794095035176724 12.82528298976831 449.22958840214415 250.19291959539987 55.038037160527892 15.104770384699803 142.69254755234579 1094.4628089217731 11.688671911135316 63.60946950915968 1622.8695474511915 111.44190141613944 19.082212084904313 58.238420977024361 11.576139501761643 855.8973329738219 342.54834934676182
leaf_count=2289 39 686 262 127 259 70 127 141 138 74 114 2252 120 185 193 4322 2373 315 503 992 14465 71 1095 12588 1117 100 357 195 13776 3759
internal_value=-5.54484e-11 0.0076621 0.0108306 0.0182637 0.0224836 0.00839316 -0.00762851 -0.0136309 -0.0131847 -0.000208746 -0.00160479 -0.00194284 -0.0193281 -0.00499189 -0.0476153 -0.00141512 0.00308846 0.00751523 -0.00336456 0.00779429 -0.00450954 0.0335199 0.000846729 0.00271748 -0.00367335 -0.0115649 -0.00802987 -0.0280452 -0.00225094 -0.00749593
internal_weight=6045.28 159.382 150.01 114.737 101.591 44.3099 28.8995 13.1464 35.2732 5885.9 2533.88 2510.66 72.9145 49.1709 23.7436 2437.75 736.261 486.068 1701.49 157.797 1543.69 23.2184 3352.01 2089.96 467.09 188.763 169.68 25.3768 1262.06 406.158
internal_count=63104 1849 1163 763 583 324 254 180 400 61255 26174 26029 807 494 313 25222 4940 2567 20282 1495 18787 145 35081 16451 3863 1574 1474 309 18630 4854
is_linear=0
shrinkage=0.045


Tree=128
num_leaves=31
num_cat=0
split_feature=71 11 5 27 4 31 8 8 39 22 43 60 75 22 11 13 14 9 31 6 31 9 54 40 19 15 25 10 51 51
split_gain=4.65513 20.163 6.10871 5.49505 7.52411 9.23041 5.49875 4.81045 6.61872 4.48459 4.37211 4.33081 4.02209 7.72007 8.94041 5.73286 13.5947 5.5699 5.4573 5.30839 10.9799 5.83655 4.35723 12.8767 9.77786 15.7173 8.46146 7.84214 8.86902 7.10807
threshold=1.0000000180025095e-35 1.0000000180025095e-35 20.500000000000004 1.5000000000000002 15.500000000000002 3334.5000000000005 3.5000000000000004 3.5000000000000004 1.5000000000000002 105.00000000000001 8.5000000000000018 -1.0000000180025095e-35 215.00000000000003 290.00000000000006 1.0000000180025095e-35 1.0000000180025095e-35 1265.0000000000002 2.5000000000000004 7413.5000000000009 10.500000000000002 5401.5000000000009 2.5000000000000004 4.5000000000000009 2.5000000000000004 1.0000000180025095e-35 542.00000000000011 2.5000000000000004 1.0000000180025095e-35 222.50000000000003 742.50000000000011
decision_type=2 2 2 2 2 2 2 2 2 2 2 2 2 2 2 2 2 2 2 2 2 2 2 2 2 2 2 2 2 2
left_child=11 7 -3 4 5 -4 -6 10 -9 -10 -2 -1 13 14 15 16 -13 -15 -19 21 -21 -16 29 24 25 -24 -26 -25 -29 -14
right_child=1 2 3 -5 6 -7 -8 8 9 -11 -12 12 22 17 19 -17 -18 18 -20 20 -22 -23 23 27 26 -27 -28 28 -30 -31
leaf_value=0.037342670336594656 -0.0094523275545216421 0.034525053938934527 -0.043382525094827998 -0.016028122792483012 0.001784940378978599 0.025509758036872061 0.036101252118965289 0.010032478539997926 0.0062325922217213977 -0.047339334552689884 -0.052900450189793759 0.0032465216548430639 -0.00076112285672769566 0.00081545787165365161 0.021274401696250899 0.02436883809222589 -0.017170520036309068 0.01713203302505099 -0.0091110655045138333 -0.0078179594371072351 -0.053852780884710648 -0.014290986225542928 0.0039436893352701018 -0.031924969193293462 0.0064811179525518401 -0.028927714114847319 -0.032626415740081648 -0.047763524241086236 0.0033070843194540462 0.0078707277257228005
leaf_weight=5.2137820131320032 9.6879809267411492 34.149640058167279 7.3533269409090263 11.616801107360514 13.642758569330907 6.5437517968239263 30.623954021750251 22.891732619929826 4.5069511112524188 8.1788215626002039 9.1743579710455361 594.78882211755263 4199.6236289266235 103.70504138793331 13.808849109453147 20.931888237129897 73.275937364611309 141.54202966211597 17.452660935930908 30.941112906206399 15.211865298391784 24.327790851937607 62.308049578219652 49.294001531437971 214.97590772114927 54.511736964748707 10.830806669284355 7.3954603322199537 37.7056590745633 201.49761703163676
leaf_count=334 156 102 41 66 72 37 86 299 32 471 487 2735 42683 482 45 86 572 575 100 369 227 188 839 2487 3651 2520 369 188 856 1949
internal_value=1.12063e-10 0.00758871 0.0191477 0.0112408 0.0168659 -0.0114082 0.0257982 -0.0144257 -0.00438804 -0.0292418 -0.0321842 -0.00020567 -0.000245348 0.00229796 3.0559e-05 0.00172949 0.000984785 0.0089469 0.0142124 -0.0137142 -0.0238112 -0.00119861 -0.000790307 -0.00507057 -0.000996407 -0.0115105 0.00446975 -0.0196931 -0.00592163 -0.000364231
internal_weight=6037.71 158.37 103.93 69.7806 58.1638 13.8971 44.2667 54.4398 35.5775 12.6858 18.8623 5879.34 5874.13 1035.99 773.286 688.997 668.065 262.7 158.995 84.2896 46.153 38.1366 4838.14 437.022 342.627 116.82 225.807 94.3951 45.1011 4401.12
internal_count=63104 1849 404 302 236 78 158 1445 802 503 643 61255 60921 5379 4222 3393 3307 1157 675 829 596 233 55542 10910 7379 3359 4020 3531 1044 44632
is_linear=0
shrinkage=0.045


Tree=129
num_leaves=31
num_cat=0
split_feature=71 11 7 20 24 33 10 7 8 6 46 39 6 4 46 31 6 60 43 39 0 75 2 26 56 5 31 6 31 27
split_gain=5.62668 19.5356 7.07885 7.11487 6.22168 6.16618 5.33445 9.9317 4.96404 4.72908 4.69642 4.58132 4.16372 4.13612 5.56358 6.07885 4.77603 4.08877 3.95949 3.94694 3.84851 3.41892 7.05118 12.9078 7.65033 10.4067 11.3092 10.1339 12.6808 8.47924
threshold=1.0000000180025095e-35 1.0000000180025095e-35 6.5000000000000009 276.00000000000006 1.0000000180025095e-35 1.5000000000000002 1.0000000180025095e-35 7.5000000000000009 3.5000000000000004 9.5000000000000018 1.0000000180025095e-35 2.5000000000000004 15.500000000000002 27.500000000000004 1.5000000000000002 1070.5000000000002 12.500000000000002 -1.0000000180025095e-35 4.5000000000000009 1.5000000000000002 7.5000000000000009 215.00000000000003 1.5000000000000002 1.0000000180025095e-35 1.5000000000000002 38.500000000000007 4774.0000000000009 23.500000000000004 2304.0000000000005 1.0000000180025095e-35
decision_type=2 2 2 2 2 2 2 2 2 2 2 2 2 2 2 2 2 2 2 2 2 2 2 2 2 2 2 2 2 2
left_child=17 6 3 -3 5 -5 7 13 10 -6 -9 -11 19 14 16 -16 -2 -1 -10 -4 -20 22 23 -19 27 29 -27 -24 -29 -26
right_child=1 2 12 4 9 -7 -8 8 18 11 -12 -13 -14 -15 15 -17 -18 21 20 -21 -22 -23 24 -25 25 26 -28 28 -30 -31
leaf_value=0.036972293522988212 0.030181602821777644 0.029081491172882442 0.046129760674768316 -0.06298965880581317 0.035780447900221814 0.0030759585570710808 0.025654001775741696 0.012796535809378468 -0.015827074703405386 -0.03322240188300464 -0.051501861084806949 0.020877178565594821 0.0058803470135177878 -0.058652883482599547 0.011852132501012346 -0.056895718705542803 -0.039683163591724593 -0.058360677166610225 -0.0036903234859974239 0.017366498995978186 0.055861973935626572 -0.00076514701179815532 0.0069715580428871982 -0.0035257870604874144 -0.0060065199423161983 -0.040137749080770904 -0.00010991075597757193 0.013232824095027079 -0.071318546985141826 0.0090510519912974322
leaf_weight=4.9781804617377921 5.3534757720481201 16.059559622779489 29.106970854103565 5.3711010534316319 6.7341737744864103 5.0309877363033593 5.4393897522240868 3.876602195028684 3.29778724402422 6.0950173960882221 3.7091046445566462 4.8245663084089756 11.963749260146868 9.2299687106569746 3.1539355703571337 8.6449439076386607 1.9122979198873507 9.3260837565176171 3.039857938536441 16.858659523364622 5.9563430150446948 4832.858277899868 599.46916408557445 55.944101547414903 158.21658727803151 27.094896563794464 29.106874256161973 6.3219934673979861 6.5823132158257067 143.44830423139501
leaf_count=334 41 48 64 36 21 28 40 60 13 64 151 30 62 252 95 479 153 61 63 51 98 55542 2676 694 1047 149 131 46 74 501
internal_value=-9.65605e-11 0.00841679 0.0199057 0.00611707 -0.00757656 -0.0335695 -0.0134145 -0.0182577 0.0060126 0.00871777 -0.0209795 -0.00957357 0.0301242 -0.0349331 -0.0210985 -0.0390287 0.00921739 -0.000224461 0.0229927 0.0361747 0.0373829 -0.000262309 0.00208297 -0.0121232 0.00305016 -0.00217324 -0.0197717 0.00610124 -0.0319231 0.00115993
internal_weight=6029.01 155.658 102.045 44.1154 28.0558 10.4021 53.6137 48.1743 19.8797 17.6538 7.58571 10.9196 57.9294 28.2946 19.0647 11.7989 7.26577 5873.35 12.294 45.9656 8.9962 5868.37 1035.51 65.2702 970.24 357.867 56.2018 612.373 12.9043 301.665
internal_count=63104 1849 404 227 179 64 1445 1405 385 115 211 94 177 1020 768 574 194 61255 174 115 161 60921 5379 755 4624 1828 280 2796 120 1548
is_linear=0
shrinkage=0.045


Tree=130
num_leaves=31
num_cat=0
split_feature=71 11 21 8 39 7 30 43 43 7 26 55 22 75 22 11 8 6 31 0 9 25 56 4 27 48 48 39 4 14
split_gain=7.40557 14.884 5.86638 5.57682 6.75899 5.12815 4.43143 4.29244 4.27341 4.22056 4.25321 5.7855 4.07727 4.04605 6.64181 7.8892 6.29733 6.7816 11.6648 5.33866 5.1411 4.84624 5.04513 5.12379 4.81936 5.51704 4.77304 8.0119 7.20753 4.56766
threshold=1.0000000180025095e-35 1.0000000180025095e-35 295.00000000000006 3.5000000000000004 1.5000000000000002 5.5000000000000009 3629.5000000000005 13.500000000000002 8.5000000000000018 8.5000000000000018 1.5000000000000002 1.0000000180025095e-35 105.00000000000001 215.00000000000003 290.00000000000006 1.0000000180025095e-35 2.5000000000000004 10.500000000000002 5401.5000000000009 14.500000000000002 2.5000000000000004 1.0000000180025095e-35 1.5000000000000002 22.500000000000004 1.5000000000000002 742.50000000000011 742.50000000000011 1.0000000180025095e-35 2.5000000000000004 1263.0000000000002
decision_type=2 2 2 2 2 2 2 2 2 2 2 2 2 2 2 2 2 2 2 2 2 2 2 2 2 2 2 2 2 2
left_child=13 3 5 8 9 7 -4 -3 -2 10 11 -5 -6 14 15 19 -17 20 -19 29 -18 -16 23 -23 25 -24 28 -28 -21 -1
right_child=1 2 6 4 12 -7 -8 -9 -10 -11 -12 -13 -14 -15 21 16 17 18 -20 26 -22 22 24 -25 -26 -27 27 -29 -30 -31
leaf_value=0.0052899999831790209 -0.006933895434176887 -0.019997029972173428 -0.048913906950053092 0.024375741016034055 0.0089500661457635224 0.027824305065688362 0.013272888124953959 0.022915156190926995 -0.051455859212418444 0.040791723588614187 0.028325222972455474 -0.041564855379264513 -0.044096154676263086 -0.00080076433603332316 -0.00032483835401374072 0.036982368887235266 0.020998009585360383 -0.010975993002101454 -0.060754419348811137 0.0082207069213373271 -0.013375549599288557 0.013674882466324199 0.013658293512927916 0.039941186383287107 -0.023235089582831801 -0.017263883340741318 0.016876731139219156 -0.043834318846308659 -0.02184712637324452 -0.0045149357371522501
leaf_weight=477.16961245954735 8.9597945600107796 8.9218101007863897 3.3442051140882532 3.5451509841368551 4.0694184701133036 76.028196099679917 4.2814551815390587 8.0041954241460171 8.2422735834552423 7.3089696610113597 5.9182689627486971 5.9993414178898092 7.3675800816126866 4834.3275801578566 85.507290710695088 3.9464987684041253 12.607825381797737 29.705228302162141 13.462603221356401 43.844865751452744 24.007700144138653 53.220246175013017 80.279888051562011 21.107320210663602 9.28100428287871 12.76716446521459 5.5103291086852559 14.597923979075858 24.243130042683333 119.62655323540093
leaf_count=1787 156 56 67 32 32 205 33 43 487 49 101 117 471 55876 362 13 43 367 223 130 183 277 241 64 44 169 14 695 123 644
internal_value=-6.85894e-11 0.00977391 0.0197755 -0.00979707 0.000884924 0.0228961 -0.0165079 0.00044214 -0.0299213 0.0149238 0.000961341 -0.0170833 -0.0260197 -0.000254903 0.0023032 0.000190592 -0.0127642 -0.0156523 -0.0275243 0.00179042 -0.00129613 0.0084736 0.0127102 0.0215651 0.00613183 0.00927695 -0.00848337 -0.0271861 -0.00264638 0.00332036
internal_weight=6017.2 151.991 100.58 51.4108 34.2087 92.9542 7.62566 16.926 17.2021 22.7717 15.4628 9.54449 11.437 5865.21 1030.89 768.722 83.7299 79.7834 43.1678 684.992 36.6155 262.163 176.656 74.3276 102.328 93.0471 88.1962 20.1083 68.088 596.796
internal_count=63104 1849 404 1445 802 304 100 99 643 299 250 149 503 61255 5379 4222 829 816 590 3393 226 1157 795 341 454 410 962 709 253 2431
is_linear=0
shrinkage=0.045


Tree=131
num_leaves=31
num_cat=0
split_feature=71 11 43 8 7 24 30 43 7 27 55 60 75 40 2 26 11 2 22 0 17 0 52 56 29 73 38 54 40 27
split_gain=8.06141 12.5308 6.12914 5.94684 5.5535 5.70685 8.18599 4.33816 4.43891 5.67206 3.99883 3.86522 3.68437 6.55521 7.84339 7.44341 6.3192 7.30905 8.29333 6.04064 11.5689 7.1842 4.84295 4.14068 7.78719 6.24838 4.08832 3.62683 11.7738 9.72727
threshold=1.0000000180025095e-35 1.0000000180025095e-35 13.500000000000002 3.5000000000000004 6.5000000000000009 1.0000000180025095e-35 3420.0000000000005 4.5000000000000009 8.5000000000000018 1.0000000180025095e-35 16.500000000000004 -1.0000000180025095e-35 215.00000000000003 1.0000000180025095e-35 1.5000000000000002 1.0000000180025095e-35 1.0000000180025095e-35 5.5000000000000009 135.00000000000003 14.500000000000002 110.00000000000001 12.500000000000002 1.0000000180025095e-35 3.5000000000000004 1.5000000000000002 1.0000000180025095e-35 1.5000000000000002 4.5000000000000009 2.5000000000000004 1.5000000000000002
decision_type=2 2 2 2 2 2 2 2 2 2 2 2 2 2 2 2 2 2 2 2 2 2 2 2 2 2 2 2 2 2
left_child=11 2 3 -2 5 -3 -7 -5 9 -9 -4 -1 13 16 15 -15 23 22 -19 21 -21 -16 -18 25 -25 -13 -17 -14 29 -29
right_child=1 4 10 7 -6 6 -8 8 -10 -11 -12 12 27 14 19 26 17 18 -20 20 -22 -23 -24 24 -26 -27 -28 28 -30 -31
leaf_value=0.036592883310404022 -0.021622706916669683 -0.019438972235856462 -0.039550016043077126 -0.019051965394446264 0.028382337233939837 -0.024142346802194133 0.028322104531618646 0.028821545138951323 0.057648212801116351 -0.029440221128436996 0.028641964840830349 -0.0033206924779732878 -0.0004340156436036767 -0.062289791867683138 0.005358022787696059 0.0094309538520858539 -0.060364441098602305 -0.032130186367937921 0.018720448558186848 0.017856398302294504 -0.055391146949180861 0.024357717207569452 -0.0051134369045047236 0.007589005849330031 -0.041901319553774817 0.0095521384296990888 -0.037764005043108534 0.0034691375147685396 -0.018759539467969193 -0.014150757643223303
leaf_weight=4.7557768554543136 12.809138721640918 11.306448875111526 12.933444320326087 5.0133204719168161 57.47111446474446 6.9892512524384065 25.131925465073436 9.1943536563776451 4.9887644794071084 4.1265906560875001 1.2644487652287342 235.24519750699983 4390.6099114477402 5.3663776721805361 539.00422369444277 11.856896355573555 9.6858212845399958 10.583316136384385 13.811125694308428 7.7135103737236923 8.0588089289376494 42.699691164190881 4.8772589936852446 12.035525727784261 12.229140197858214 111.83008567453362 4.2453396245837203 258.70255580477533 93.874844675228815 82.962160086492077
leaf_count=334 316 66 887 23 177 60 101 64 27 91 37 1492 44632 34 2276 144 202 67 69 77 180 199 60 57 60 386 76 5534 3531 1845
internal_value=-1.04719e-10 0.0102235 -0.00801159 0.00201911 0.0193089 0.00693278 0.0165221 0.0153585 0.025279 0.00997763 -0.0319919 -0.000265531 -0.000301711 0.00214132 0.00506207 -0.0210691 -0.00226629 -0.0192705 -0.00373716 0.00603465 -0.0206403 0.00679209 -0.0433781 -0.000435411 -0.0180248 0.00084255 -0.00449253 -0.000823057 -0.00473495 -0.000838091
internal_weight=6011.38 151.229 50.3301 36.1322 100.899 43.4276 32.1212 23.323 18.3097 13.3209 14.1979 5860.15 5855.39 1029.24 618.945 21.4686 410.297 38.9575 24.3944 597.476 15.7723 581.704 14.5631 371.34 24.2647 347.075 16.1022 4826.15 435.54 341.665
internal_count=63104 1849 1445 521 404 227 161 205 182 155 924 61255 60921 5379 2986 254 2393 398 136 2732 257 2475 262 1995 117 1878 220 55542 10910 7379
is_linear=0
shrinkage=0.045


Tree=132
num_leaves=31
num_cat=0
split_feature=71 43 4 15 55 7 43 43 0 46 0 55 16 7 48 15 25 44 36 43 33 25 48 70 69 19 9 75 48 48
split_gain=6.80142 11.3162 9.10642 7.93746 6.8818 5.72363 8.41445 5.26131 10.7284 4.88073 4.86299 4.78189 9.5505 4.52149 4.21718 16.8905 11.4028 9.83589 12.5911 14.5321 11.726 9.542 12.2237 15.2258 10.6495 32.2869 12.8234 8.95472 8.35232 26.3246
threshold=1.0000000180025095e-35 19.500000000000004 29.500000000000004 742.50000000000011 1.0000000180025095e-35 6.5000000000000009 10.500000000000002 12.500000000000002 8.5000000000000018 1.5000000000000002 4.5000000000000009 4.5000000000000009 135.00000000000003 12.500000000000002 742.50000000000011 1.0000000180025095e-35 1.5000000000000002 1.0000000180025095e-35 1.0000000180025095e-35 5.5000000000000009 1.0000000180025095e-35 1.0000000180025095e-35 1167.0000000000002 1.0000000180025095e-35 1.0000000180025095e-35 1.0000000180025095e-35 2.5000000000000004 2338.0000000000005 431.50000000000006 342.50000000000006
decision_type=2 2 2 2 2 2 2 2 2 2 2 2 2 2 2 2 2 2 2 2 2 2 2 2 2 2 2 2 2 2
left_child=14 2 3 4 -2 6 9 -7 -9 -5 11 12 -4 -12 27 16 -16 18 19 -17 -20 22 23 -19 26 -26 -23 28 29 -1
right_child=1 -3 10 5 -6 7 -8 8 -10 -11 13 -13 -14 -15 15 17 -18 21 20 -21 -22 24 -24 -25 25 -27 -28 -29 -30 -31
leaf_value=0.0025346648220313777 0.028431742293083321 -0.038304633773501323 -0.014675210024484029 0.0084594988608462877 -0.036068241773092216 0.042085034945058948 0.024960042257213537 -0.030534359882557163 0.037013807808593056 -0.041538848294223697 -0.0518502387512478 -0.027321719929022839 0.048680093024010371 0.011843417058510214 0.063709776391709272 -0.0099088232062991485 0.0025304458230839297 0.0097513252332114397 0.018606925619206481 -0.063420043136547935 -0.044612002592004034 0.0018809324471002918 -0.0053321610656710816 -0.015206657897260981 -0.053625652376900167 0.014475299695900997 -0.0071593921780284953 -0.002187977018205293 0.0066056820428389892 -0.019258238069282899
leaf_weight=1247.4009972095955 4.3067714375792994 8.4927997438935545 9.5966824731003779 7.3054843685240467 8.4003930810140428 37.230728285678197 25.709867611745722 6.7322385329607668 11.594532942646763 6.9531308846198954 6.5630716669256781 6.5101087163493494 8.0220729537832067 2.7605784362531267 12.290194597095251 23.32941360026598 11.674424549564719 431.95701869076584 23.832537948153917 18.022258589509875 6.8151934468187383 448.8018256334617 248.9308753151563 54.984731166565325 14.660115816703181 141.60596565797459 1084.0171039977286 1257.131627139941 703.52448660199298 122.33147497905884
leaf_count=12141 39 686 143 48 141 124 216 75 57 63 109 66 53 29 74 212 71 2252 185 303 107 4322 2373 315 503 992 14465 18630 3206 1104
internal_value=-7.11089e-11 0.00942387 0.0125332 0.0188351 -0.0137282 0.0232641 0.00992411 0.0325158 0.0119044 -0.0170463 -0.00781108 0.00312381 0.0152366 -0.0336711 -0.00024344 -0.00163166 0.0352013 -0.00199912 -0.018275 -0.0341774 0.00358338 -0.00150854 0.0027656 0.00690772 -0.00337115 0.00778604 -0.00451293 0.000807541 0.00262407 0.0005757
internal_weight=6001.49 150.178 141.686 108.233 12.7072 95.526 39.9685 55.5575 18.3268 14.2586 33.4525 24.1289 17.6188 9.32365 5851.31 2520.92 23.9646 2496.96 71.9994 41.3517 30.6477 2424.96 735.873 486.942 1689.09 156.266 1532.82 3330.39 2073.26 1369.73
internal_count=63104 1849 1163 763 180 583 327 256 132 111 400 262 196 138 61255 26174 145 26029 807 515 292 25222 4940 2567 20282 1495 18787 35081 16451 13245
is_linear=0
shrinkage=0.045


Tree=133
num_leaves=31
num_cat=0
split_feature=63 12 43 8 4 19 27 5 15 33 11 57 57 15 4 7 57 16 57 46 10 48 5 46 48 46 3 39 46 46
split_gain=3.7761 9.06732 10.2823 9.15549 8.23812 6.76986 8.45586 6.74797 6.6964 5.0287 4.36224 4.25723 11.1998 16.2088 11.4859 9.36665 15.8059 9.43107 19.4139 23.5292 14.0376 16.6832 20.3445 13.6668 14.7385 13.9187 11.0038 8.98341 8.66346 8.74363
threshold=1.0000000180025095e-35 1.0000000180025095e-35 10.500000000000002 4.5000000000000009 5.5000000000000009 1.0000000180025095e-35 1.5000000000000002 43.500000000000007 742.50000000000011 2.5000000000000004 1.0000000180025095e-35 45.000000000000007 1.0000000180025095e-35 542.00000000000011 15.500000000000002 2.5000000000000004 125.00000000000001 105.00000000000001 75.000000000000014 1.0000000180025095e-35 1.0000000180025095e-35 407.50000000000006 8.5000000000000018 1.5000000000000002 407.50000000000006 15.500000000000002 4.5000000000000009 1.0000000180025095e-35 12.500000000000002 2.5000000000000004
decision_type=2 2 2 2 2 2 2 2 2 2 2 2 2 2 2 2 2 2 2 2 2 2 2 2 2 2 2 2 2 2
left_child=11 2 3 4 -2 6 -5 -6 -3 -7 -9 12 -1 -14 -15 16 28 18 19 -17 21 26 -23 24 -20 -25 -19 -16 29 -13
right_child=1 8 -4 5 7 9 -8 10 -10 -11 -12 15 13 14 27 17 -18 20 23 -21 -22 22 -24 25 -26 -27 -28 -29 -30 -31
leaf_value=0.00047165828337194723 0.02482695336877341 0.055515708298004326 -0.047016958332020596 0.057349637298953336 -0.035771717637527581 -0.032421286864925222 -0.012906218840621434 -0.018198582332291224 -0.018370622168158268 0.043522645323957013 0.02121760900019342 -0.0021195547379901582 0.055667679557498011 0.028431252109340204 0.0084310095965676995 0.029038725451832895 0.024672726702477988 -0.01106796911801867 -0.032861350436710977 -0.021299955270825094 0.00057248351855818818 0.022061470594010129 -0.023222018736118843 0.027884550381256954 0.0077091865813538728 -0.0078872580143937564 0.021051481469046566 -0.047814049176961783 0.039077891235368901 -0.044346185025783344
leaf_weight=4778.3396341346888 8.0137059745611605 6.3159418740542588 13.946561157121321 9.7471368128026388 29.469398559303954 6.2302331838727687 4.656196811789413 13.522833227238152 3.1546604377799667 1.3982539295684544 8.3576052663847804 30.70541332080029 17.084882564842701 19.91649809217779 11.876042832620444 22.115400268696249 62.506013310106937 45.996864557208028 23.649963393836515 101.46849539046525 254.92346144957992 21.240399292029906 227.95588827377651 96.205045757582411 67.659416675101966 27.991215089394245 39.013178330438677 9.710842790125751 5.6964980503544203 13.752883086650398
leaf_count=50945 145 41 2020 87 1234 327 64 228 87 11 125 120 42 86 80 142 309 311 199 1121 1629 116 1876 634 403 195 265 115 20 127
internal_value=-2.92584e-11 -0.00842542 -0.0126772 -0.00629404 -0.0154383 0.0179451 0.0352745 -0.0220763 0.0315002 -0.0150704 -0.00287359 0.000151649 0.000713543 0.0201022 0.00449638 -0.00245763 0.00974053 -0.00394705 0.0020283 -0.012131 -0.00738392 -0.0134365 -0.0192895 0.0101666 -0.00304111 0.0198237 0.0037458 -0.0178675 -0.00898744 -0.0158703
internal_weight=5982.62 104.813 95.3419 81.3954 59.3635 22.0318 14.4033 51.3498 9.4706 7.62849 21.8804 5877.81 4836.93 58.5883 41.5034 1040.88 112.661 928.219 339.09 123.584 589.13 334.206 249.196 215.506 91.3094 124.196 85.01 21.5869 50.1548 44.4583
internal_count=63104 4369 4241 2221 1732 489 151 1587 128 338 353 58735 51268 323 281 7467 576 6891 2694 1263 4197 2568 1992 1431 602 829 576 195 267 247
is_linear=0
shrinkage=0.045


Tree=134
num_leaves=31
num_cat=0
split_feature=71 43 15 43 2 43 55 41 7 29 29 55 39 46 75 7 31 31 46 46 56 8 43 15 30 55 43 27 31 30
split_gain=6.13568 9.25688 7.41801 8.77933 8.06606 7.76269 7.21789 6.63895 8.15234 5.61339 5.00111 7.24153 4.00052 4.56044 3.62618 6.3685 6.68932 6.24588 7.73979 7.33719 5.89871 10.1907 10.511 9.24769 8.8909 7.10716 6.54472 9.07256 7.5543 6.16352
threshold=1.0000000180025095e-35 19.500000000000004 742.50000000000011 6.5000000000000009 4.5000000000000009 12.500000000000002 3.5000000000000004 2740.5000000000005 5.5000000000000009 1.5000000000000002 1.5000000000000002 1.5000000000000002 1.5000000000000002 1.5000000000000002 215.00000000000003 3.5000000000000004 517.50000000000011 6996.5000000000009 17.500000000000004 15.500000000000002 1.5000000000000002 4.5000000000000009 20.500000000000004 742.50000000000011 1875.5000000000002 12.500000000000002 4.5000000000000009 2.5000000000000004 3139.5000000000005 2440.0000000000005
decision_type=2 2 2 2 2 2 2 2 2 2 2 2 2 2 2 2 2 2 2 2 2 2 2 2 2 2 2 2 2 2
left_child=14 2 7 -4 12 6 -6 8 -2 -7 11 -10 -5 -14 15 16 -1 18 19 -18 21 23 -23 25 -25 -17 -22 29 -29 -28
right_child=1 -3 3 4 5 9 -8 -9 10 -11 -12 -13 13 -15 -16 20 17 -19 -20 -21 26 22 -24 24 -26 -27 27 28 -30 -31
leaf_value=-0.037765582682068866 -0.05869934900459331 -0.035521154851573755 -0.027926652024761897 0.047753065481965201 0.038322499595928129 -0.037012369722206902 0.0035114700355597019 0.033660229960111844 0.013553946190254539 0.019360846937423969 0.024436854325191118 -0.055886715904240908 0.048691870193790426 -0.0019937755176617335 -0.00074598491923683703 0.0064924573509680976 0.0018116461466107889 -0.01612569608255747 -0.038090762453184331 0.043878256075801099 0.036583059331087263 -0.0021680039684218093 -0.054118528113702581 -0.0015922138489588291 0.024764469763880817 -0.025603886766918302 0.0087487630167847937 0.0090584114693809635 -0.046842225055664523 -0.0052402331611363581
leaf_weight=10.740582857106345 6.1451519994298058 7.9118162242230019 7.2255766606831449 24.182925110959332 20.839334697433515 9.3174780208646535 27.443008726695552 5.3285539709031573 5.5955195670248958 4.7039297500159583 7.519318799924803 4.9406095638987608 4.6152191819855934 9.7838641309353971 4810.1827063019518 279.31464906508336 132.74401203048183 51.603646862204187 8.2091872273012978 7.9714059941470614 8.0881173859816027 67.254332146694651 7.9491270514554335 33.426212991646025 112.61530965031125 13.729027600726111 102.1363870484638 6.7001211103051928 14.695827756077049 166.13676736503839
leaf_count=175 159 686 59 129 96 162 131 20 85 36 64 130 18 74 55876 990 836 382 42 23 27 409 222 225 408 126 489 28 114 883
internal_value=-8.88933e-12 0.00909412 0.0118964 0.017323 0.0208061 0.0105108 0.0190091 -0.00788806 -0.0180089 -0.0180703 -0.00180633 -0.0210301 0.0367459 0.0163591 -0.000228428 0.00220275 -0.00474162 -0.00279419 0.00190203 0.00448749 0.00401306 0.00692686 -0.00829738 0.00954729 0.0187621 0.00490679 -0.001026 -0.00219836 -0.0297142 9.83395e-05
internal_weight=5979.05 145.552 137.64 108.111 100.886 62.3038 48.2823 29.5292 24.2006 14.0214 18.0554 10.5361 38.582 14.3991 5833.5 1023.31 211.269 200.528 148.925 140.715 812.046 514.289 75.2035 439.085 146.042 293.044 297.757 289.669 21.3959 268.273
internal_count=63104 1849 1163 705 646 425 227 458 438 198 279 215 221 92 61255 5379 1458 1283 901 859 3921 2380 631 1749 633 1116 1541 1514 142 1372
is_linear=0
shrinkage=0.045


Tree=135
num_leaves=31
num_cat=0
split_feature=71 11 7 8 4 6 4 43 29 39 5 43 22 55 6 55 7 46 5 63 12 43 6 15 8 43 19 57 0 46
split_gain=5.29149 10.9648 6.14587 5.59453 5.1618 7.47951 4.36339 5.76437 12.5489 4.2802 5.19837 3.90561 3.86831 3.82513 3.68721 3.48524 3.64929 4.33042 3.41708 3.04307 9.0155 9.66561 8.34307 6.30836 5.17217 3.81422 2.92476 2.90964 9.3705 21.1499
threshold=1.0000000180025095e-35 1.0000000180025095e-35 6.5000000000000009 4.5000000000000009 25.500000000000004 11.500000000000002 28.500000000000004 12.500000000000002 1.5000000000000002 1.5000000000000002 16.500000000000004 13.500000000000002 105.00000000000001 7.5000000000000009 7.5000000000000009 27.500000000000004 4.5000000000000009 1.5000000000000002 43.500000000000007 1.0000000180025095e-35 1.0000000180025095e-35 10.500000000000002 9.5000000000000018 324.00000000000006 3.5000000000000004 4.5000000000000009 1.0000000180025095e-35 45.000000000000007 3.5000000000000004 5.5000000000000009
decision_type=2 2 2 2 2 2 2 2 2 2 2 2 2 2 2 2 2 2 2 2 2 2 2 2 2 2 2 2 2 2
left_child=15 3 11 4 5 14 7 -4 -9 10 -5 -3 -11 -13 -2 19 -17 -18 -6 27 21 22 25 -22 -24 -21 -25 -1 29 -29
right_child=1 2 6 9 18 -7 -8 8 -10 12 -12 13 -14 -15 -16 16 17 -19 -20 20 23 -23 24 26 -26 -27 -28 28 -30 -31
leaf_value=0.00052450640810565105 -0.02176823237334833 -0.0052944196910258293 0.044473130436722907 -0.0214777116528501 -0.051002994416669188 -0.043096852783901476 -0.0013570114608601165 -0.028490351671323584 0.043283917614348785 0.02254910733075411 0.042921455524153898 0.042084733159219401 -0.040289853791491324 -0.0061293065218011042 0.030716477705465321 -0.02840689057362732 0.032944386655843511 -0.0089462966839127956 0.014298624214980564 -0.0082841122407869474 0.059057909459971421 -0.046507265466308317 -0.017093009045182433 0.025095355466353879 0.029342304506531858 -0.035460780704029353 -0.037551378605193163 -0.0068088548444870372 -0.00073422022603058178 -0.06713523829259202
leaf_weight=4629.4686040566157 2.9900353278499159 29.260103167849593 28.508659584447742 2.7831985039520104 10.536817966276429 5.5969424372233325 9.3317542655277048 8.0593925550638232 9.9442932158708572 2.4226871535647652 8.3477026968030241 7.5840765535831434 4.1046029357821681 5.0758114000782371 8.3823400159453723 16.264265864621848 4.6951563507318488 40.360295491991565 1.4462884822860349 43.475428666759399 5.5627185119083133 13.127179795730624 5.9746161753864753 1.8761674016714094 16.442863017262425 13.197333433432503 2.2674719280039426 83.625799849804025 938.36590669749421 12.756487943464888
leaf_count=48457 48 147 68 28 360 533 33 49 27 12 98 35 251 45 96 276 57 629 19 597 31 2020 267 15 341 1016 82 649 6524 294
internal_value=-4.7349e-11 0.00848022 0.0169873 -0.00934513 -0.0212472 -0.00461737 0.026633 0.032159 0.0113455 0.0102624 0.0263758 0.0038166 -0.0170692 0.0237204 0.0162731 -0.000211516 -0.0107963 -0.0039604 -0.0426272 -9.70998e-05 -0.00776543 -0.0121899 -0.00598439 0.0314823 0.0167651 -0.0151178 -0.00982177 4.2233e-05 -0.00211388 -0.0154006
internal_weight=5971.84 144.375 97.7641 46.6106 28.9524 16.9693 55.8441 46.5123 18.0037 17.6582 11.1309 41.92 6.52729 12.6599 11.3724 5827.46 61.3197 45.0555 11.9831 5766.14 101.924 92.2174 79.0902 9.70636 22.4175 56.6728 4.14364 5664.22 1034.75 96.3823
internal_count=63104 1849 404 1445 1056 677 177 144 76 389 126 227 263 80 144 61255 962 686 379 60293 4369 4241 2221 128 608 1613 97 55924 7467 943
is_linear=0
shrinkage=0.045


Tree=136
num_leaves=31
num_cat=0
split_feature=71 15 43 22 43 39 2 43 46 16 44 40 48 44 36 43 33 41 58 48 25 48 4 70 43 69 54 46 75 2
split_gain=4.78904 7.90491 7.3656 8.20889 6.54766 6.02724 7.19547 13.3696 6.02501 5.36665 6.97137 5.15516 4.58335 10.3694 10.8804 13.5733 11.0656 10.7265 17.0255 12.0769 10.501 15.9096 16.1675 13.3823 44.1603 13.3166 11.898 9.02359 8.21911 10.7169
threshold=1.0000000180025095e-35 742.50000000000011 6.5000000000000009 195.00000000000003 7.5000000000000009 1.5000000000000002 4.5000000000000009 12.500000000000002 4.5000000000000009 115.00000000000001 3.5000000000000004 1.0000000180025095e-35 742.50000000000011 1.0000000180025095e-35 1.0000000180025095e-35 5.5000000000000009 1.0000000180025095e-35 2740.5000000000005 1.0000000180025095e-35 1262.5000000000002 1.0000000180025095e-35 1239.5000000000002 34.500000000000007 1.0000000180025095e-35 13.500000000000002 1.0000000180025095e-35 4.5000000000000009 1.0000000180025095e-35 2338.0000000000005 3.5000000000000004
decision_type=2 2 2 2 2 2 2 2 2 2 2 2 2 2 2 2 2 2 2 2 2 2 2 2 2 2 2 2 2 2
left_child=12 4 -3 5 -2 6 -4 -8 -7 -5 -11 -10 28 14 15 -14 -16 20 19 27 21 26 -23 25 -25 -22 -15 -19 29 -1
right_child=1 2 3 9 -6 8 7 -9 11 10 -12 -13 13 17 16 -17 -18 18 -20 -21 23 22 -24 24 -26 -27 -28 -29 -30 -31
leaf_value=-0.0034086321025162533 0.0089492107043982992 -0.028303127355549618 0.047689516659386845 0.030760076615074471 -0.031729570211473677 0.017160970443068208 0.030826048995456493 -0.034117457647728978 0.0091191057274736982 -0.047238356978608904 0.031634329996290476 -0.054015261859906634 -0.0098785014212716613 0.0056269287728457186 0.016289359962839825 -0.061740385815702126 -0.044667523525826647 -0.023473724489160956 0.040373745294254276 0.059438425713818285 -0.0065969593957366009 0.010482457070216528 -0.050112668100541387 -0.019241452438863292 0.037878373768359175 0.007646387370471918 -0.021960478025597686 0.0055956024875716817 -0.001971622094510191 0.0043834153987263313
leaf_weight=459.27272530760092 14.970659240672832 7.0908162122941567 25.32812915899558 3.0843745440652102 15.426339273471966 25.780092648754362 25.573427023598924 7.5592654439387834 4.6364127140259352 8.5310326794133271 2.20780132431537 4.3645641633775085 23.408430176787078 623.56042221363168 24.255929718725387 17.79879063880071 6.9235300817526868 25.404290370643139 28.997926148585975 6.359776319935917 1313.7195783327916 14.318242323759476 21.408354406798026 50.711794636736158 57.490402843162883 147.03302325826371 32.373897458193824 118.44339142087847 1255.7931939952032 1600.9682113644376
leaf_count=3863 149 59 138 56 532 144 91 120 25 370 28 137 212 3821 185 303 107 196 114 58 17334 175 279 348 220 1438 399 985 18630 12588
internal_value=-7.0702e-11 0.00806252 0.0134756 0.0164789 -0.0120482 0.0212635 0.0299812 0.0154437 0.00618213 -0.0150519 -0.0297094 -0.0238346 -0.000201317 -0.0016508 -0.0183178 -0.0332115 0.00178618 -0.001149 0.00941777 0.00321416 -0.00199045 0.00262622 -0.0262036 -0.00402605 0.0111766 -0.00515904 0.00423399 0.000335185 0.000896967 0.00264559
internal_weight=5972.79 144.553 114.156 107.065 30.397 93.2419 58.4608 33.1327 34.7811 13.8232 10.7388 9.00098 5828.24 2512.21 72.3867 41.2072 31.1795 2439.82 179.205 150.207 2260.62 691.661 35.7266 1568.95 108.202 1460.75 655.934 143.848 3316.03 2060.24
internal_count=63104 1849 1168 1109 681 655 349 211 306 454 398 162 61255 26174 807 515 292 25367 1353 1239 24014 4674 454 19340 568 18772 4220 1181 35081 16451
is_linear=0
shrinkage=0.045


Tree=137
num_leaves=31
num_cat=0
split_feature=71 11 2 48 53 55 44 36 43 33 34 43 54 75 2 37 5 48 48 46 34 75 5 24 51 19 54 54 24 0
split_gain=4.30947 7.68949 4.74175 4.55737 10.2011 10.7949 9.36705 11.9224 14.1103 9.7526 8.6562 7.52197 8.76456 7.45933 9.77735 8.90949 11.8682 7.79592 22.0892 18.5366 26.9355 15.8349 14.7526 14.0963 6.97719 12.7346 12.6232 10.709 10.4184 10.0508
threshold=1.0000000180025095e-35 1.0000000180025095e-35 4.5000000000000009 742.50000000000011 4.5000000000000009 1.0000000180025095e-35 1.0000000180025095e-35 1.0000000180025095e-35 5.5000000000000009 1.0000000180025095e-35 2.5000000000000004 27.500000000000004 4.5000000000000009 2338.0000000000005 3.5000000000000004 1.5000000000000002 26.500000000000004 433.00000000000006 342.50000000000006 4.5000000000000009 1.5000000000000002 1981.5000000000002 13.500000000000002 2.5000000000000004 742.50000000000011 1.0000000180025095e-35 4.5000000000000009 4.5000000000000009 1.0000000180025095e-35 4.5000000000000009
decision_type=2 2 2 2 2 2 2 2 2 2 2 2 2 2 2 2 2 2 2 2 2 2 2 2 2 2 2 2 2 2
left_child=3 -2 -3 13 6 -6 7 8 -5 -9 11 -8 -13 14 15 -1 -17 18 21 22 -21 -16 -19 -20 -15 27 -27 -26 -28 -29
right_child=1 2 -4 4 5 -7 10 9 -10 -11 -12 12 -14 24 17 16 -18 19 23 20 -22 -23 -24 -25 25 26 28 29 -30 -31
leaf_value=-0.00032424443195842834 -0.0075902591512569759 0.028500528316328794 0.0075052096105668459 -0.0095739229331703365 -0.0021635140985133043 0.028708607105762583 -0.0026343657385926272 0.016553991461997018 -0.061997117693810576 -0.04192859504202396 0.019327912576409301 0.013691549143147054 -0.025746753523633401 -0.0034973895316496532 0.00055138817702249116 -0.0092064243813719752 -0.056880679365790381 -0.038337029178425241 -0.027180511828867313 0.0055766405377948563 -0.033929561376070873 0.014682191010365234 0.015509193319762261 0.032344250970230255 0.013279585895299831 -0.044906099096203467 -0.036554903754722347 0.026128655004476881 0.017678280531180871 -0.044008015731041461
leaf_weight=378.08802630040736 44.887225044752995 32.655090752989054 64.848886764521012 23.571499643847346 46.146867499395739 44.344990153796971 2193.6048182512459 24.248101352248344 18.247192734153941 6.4914149153046301 37.999518576136325 99.785373889928451 11.937685246986801 1006.0647664949938 707.0037443590918 68.119296867691446 11.655023807426913 9.6610319388564658 71.831357397983084 174.64795228646835 42.633505885954946 206.81270541949198 381.13097322016256 8.2103296349232533 181.22308885247912 17.474252591855475 9.1948053474625322 5.2287462551030357 23.208907803549664 12.253393281658644
leaf_count=3191 1445 132 272 212 335 162 22601 185 303 107 330 1677 262 15372 8136 550 122 68 672 897 244 1007 1503 61 783 1166 415 48 487 359
internal_value=1.98675e-11 0.0077069 0.0147547 -0.000189821 -0.00163744 0.0131136 -0.00219517 -0.0180084 -0.033362 0.00327202 -0.00169806 -0.00205287 0.00928652 0.000905032 0.00257068 -0.00322337 -0.0167896 0.00422771 0.00176893 0.00823692 -0.00229493 0.00376199 0.0140836 -0.020751 -0.00182938 0.00490833 -0.0152189 0.0100115 0.00165556 -0.0227521
internal_weight=5963.21 142.391 97.504 5820.82 2506.38 90.4919 2415.89 72.5582 41.8187 30.7395 2343.33 2305.33 111.723 3314.44 2059.79 457.862 79.7743 1601.93 993.858 608.073 217.281 913.816 390.792 80.0417 1254.65 248.583 49.878 198.705 32.4037 17.4821
internal_count=63104 1849 404 61255 26174 497 25677 807 515 292 24870 24540 1939 35081 16451 3863 672 12588 9876 2712 1141 9143 1571 733 18630 3258 2068 1190 902 407
is_linear=0
shrinkage=0.045


Tree=138
num_leaves=31
num_cat=0
split_feature=71 43 2 29 43 55 30 46 48 53 58 11 48 48 0 66 44 21 53 40 5 15 57 10 75 2 58 46 37 47
split_gain=3.54192 7.28467 6.55605 7.29794 6.56992 9.32374 5.08816 7.31413 4.4381 8.97417 9.09777 8.36449 13.8496 15.1984 13.9316 13.5669 12.4662 11.7714 8.33058 8.12577 14.6935 7.81169 7.62403 7.29464 6.80338 8.53693 8.09638 14.3949 13.6286 9.76399
threshold=1.0000000180025095e-35 19.500000000000004 4.5000000000000009 1.0000000180025095e-35 9.5000000000000018 11.500000000000002 4274.5000000000009 7.5000000000000009 742.50000000000011 4.5000000000000009 1.0000000180025095e-35 1.0000000180025095e-35 1228.0000000000002 1183.0000000000002 9.5000000000000018 1.0000000180025095e-35 5.5000000000000009 270.00000000000006 2.5000000000000004 1.5000000000000002 43.500000000000007 741.50000000000011 25.000000000000004 1.0000000180025095e-35 2338.0000000000005 3.5000000000000004 1.0000000180025095e-35 1.0000000180025095e-35 1.0000000180025095e-35 1865.5000000000002
decision_type=2 2 2 2 2 2 2 2 2 2 2 2 2 2 2 2 2 2 2 2 2 2 2 2 2 2 2 2 2 2
left_child=8 2 6 4 -4 -6 7 -2 24 11 23 15 13 18 17 19 -15 -14 -13 22 -21 -12 -10 -11 25 -1 29 -28 -29 -27
right_child=1 -3 3 -5 5 -7 -8 -9 9 10 21 12 14 16 -16 -17 -18 -19 -20 20 -22 -23 -24 -25 -26 26 27 28 -30 -31
leaf_value=-0.0029148288483095454 -0.0060812518818911801 -0.034008242668384862 0.0046577527882660898 0.010321208223046479 -0.060365851421450269 0.023688144012719924 0.038228895615396323 0.051851109491421458 -0.00065849366837948382 -0.021675662604338716 0.046665922573882475 -0.010218848854197111 0.0048286150816161527 -0.037692130052825679 -0.033591242724398049 -0.037564058659213063 0.028952604292338299 0.041100980878790903 0.0011754356924142696 0.0058864749450923829 -0.055975615935583423 0.0075976153487747533 -0.011952304638048989 0.013228399909577014 -0.001706998460305507 0.0028183140306259646 0.031396715013187027 -0.040278333596226533 0.0010944584145627665 0.01142863640565288
leaf_weight=457.02957169964793 17.931019159645079 7.3298873575477037 13.150929906565581 65.646236690095975 9.3868246298079594 2.9872201063553794 22.076143622442032 4.7841549250006201 1038.5500015675498 19.500070523063187 20.414822544902563 380.57158261336735 57.194831724977121 50.803311057883548 12.068520491884554 18.638049880857579 5.6473415130749336 25.738366297038738 196.74000029193121 485.27034066771739 6.9078578054904929 20.98548008594662 136.02953817538219 28.683435501530766 1249.5614055235346 1175.0654796940216 13.009111294115426 30.3565682535409 33.081490401178598 344.42287472510361
leaf_count=3863 155 686 130 512 190 24 113 39 11446 165 89 3538 501 827 360 978 51 197 1502 5576 44 66 657 177 18630 10031 119 290 230 1918
internal_value=-4.47348e-11 0.00696435 0.0094054 0.00240012 -0.0175928 -0.0398204 0.0233006 0.00779208 -0.000173042 -0.00160156 0.0123056 -0.00212251 -0.00614709 -0.00854952 0.00980176 -0.000379668 -0.0306371 0.0164413 -0.00634051 5.84108e-05 0.00490648 0.0275088 -0.0019755 -0.00105093 0.000910119 0.00250311 0.00405551 -0.0101469 -0.0190212 0.00477625
internal_weight=5949.56 143.292 135.963 91.1712 25.525 12.374 44.7913 22.7152 5806.27 2503.74 89.5838 2414.16 728.764 633.762 95.0017 1685.4 56.4507 82.9332 577.312 1666.76 492.178 41.4003 1174.58 48.1835 3302.53 2052.97 1595.94 76.4472 63.4381 1519.49
internal_count=63104 1849 1163 856 344 214 307 194 61255 26174 497 25677 6976 5918 1058 18701 878 698 5040 17723 5620 155 12103 342 35081 16451 12588 639 520 11949
is_linear=0
shrinkage=0.045


Tree=139
num_leaves=31
num_cat=0
split_feature=71 15 22 39 6 5 7 8 42 7 55 47 16 19 11 20 48 15 25 36 48 53 22 48 14 48 66 48 55 0
split_gain=3.6102 7.13005 5.97776 6.49963 6.42108 6.41313 6.1295 5.8853 5.86887 6.94168 4.43291 4.4162 5.70488 4.32131 5.20657 4.10031 3.95914 7.81479 8.03092 14.176 12.307 10.7427 9.62032 23.634 26.9879 11.621 10.0358 9.27282 7.9794 6.91248
threshold=1.0000000180025095e-35 742.50000000000011 195.00000000000003 1.5000000000000002 7.5000000000000009 30.500000000000004 8.5000000000000018 2.5000000000000004 661.50000000000011 5.5000000000000009 8.5000000000000018 4077.5000000000005 115.00000000000001 1.0000000180025095e-35 1.0000000180025095e-35 119.50000000000001 742.50000000000011 1.0000000180025095e-35 1.0000000180025095e-35 1.0000000180025095e-35 1080.0000000000002 1.5000000000000002 145.00000000000003 1262.5000000000002 1.0000000180025095e-35 1183.0000000000002 1.0000000180025095e-35 1262.5000000000002 14.500000000000002 14.500000000000002
decision_type=2 2 2 2 2 2 2 2 2 2 2 2 2 2 2 2 2 2 2 2 2 2 2 2 2 2 2 2 2 2
left_child=16 8 3 4 6 15 -3 -5 -2 -10 -7 -4 -13 14 -11 -6 -1 -18 19 21 28 -19 23 25 -25 -20 27 -24 -21 -28
right_child=1 2 11 7 5 10 -8 -9 9 13 -12 12 -14 -15 -16 -17 17 18 22 20 -22 -23 26 24 -26 -27 29 -29 -30 -31
leaf_value=0.00084766523192765237 0.028316233333790627 -0.042771673886181125 0.034413637455471484 -0.044719717894721518 0.014389936277182052 -0.023664682660521089 0.019988102832628696 0.0076811703491879504 -0.05802960066701221 -0.015930883823277151 0.035546287201181595 0.018586089356750716 -0.044848122587754939 -0.032125964020965604 0.04048101024540228 0.047232619124008973 0.026377636821100243 -0.030663116610781804 -0.0057918616734503698 0.021724198873472225 0.00075489895017756439 -0.0012398715461925153 0.0013942249111995311 -0.025796162513988509 0.059446155219317044 -0.019623605219080662 -0.048116706067043769 -0.028149426603768773 -0.015649232172500235 0.016834517674981356
leaf_weight=3301.5290144068349 5.0272726006805923 4.2971372315660101 2.1493879109621021 3.9783977002371094 11.71158605974051 6.1229488695680612 6.8270568026346155 32.882102982897777 6.4350376481743323 6.3088837589457416 3.0015447167679667 3.5139311711245691 8.1641075142833852 6.7793920505646375 5.1723349392414093 30.434782896438264 19.162929566577077 25.665750947082415 669.36566221361863 138.40239923319314 159.35775398701662 437.71425672111218 814.21394422322919 10.730004964541878 20.967834396928083 150.19047767223674 13.105653472273845 21.096948486287147 11.910833998117594 3.7784130756917866
leaf_count=35081 20 42 30 77 94 73 33 249 230 238 18 54 375 180 13 123 145 362 7149 579 1446 2959 7823 475 93 3542 723 597 167 114
internal_value=-9.78535e-12 0.0070432 0.0121853 0.0160474 0.0247847 0.0314007 -0.00578343 0.000993692 -0.01228 -0.0213245 -0.00259986 -0.0147507 -0.0258003 -0.00604836 0.0106901 0.0386514 -0.000174684 -0.00152696 -0.00175344 0.00204872 0.00948725 -0.00293209 -0.0034791 -0.00685975 0.0306844 -0.00834747 -9.8102e-05 0.000615292 0.0186789 -0.033453
internal_weight=5940 142.806 113.083 99.2556 62.3951 51.2709 11.1242 36.8605 29.7229 24.6956 9.12449 13.8274 11.678 18.2606 11.4812 42.1464 5797.19 2495.66 2476.5 773.051 309.671 463.38 1703.45 851.254 31.6978 819.556 852.195 835.311 150.313 16.8841
internal_count=63104 1849 1168 709 383 308 75 326 681 661 91 459 429 431 251 217 61255 26174 26029 5513 2192 3321 20516 11259 568 10691 9257 8420 746 837
is_linear=0
shrinkage=0.045


Tree=140
num_leaves=31
num_cat=0
split_feature=60 63 12 43 15 4 14 43 8 7 9 48 51 48 48 51 47 4 16 51 55 15 30 43 43 51 48 51 20 0
split_gain=3.51115 3.26596 9.81185 8.65406 7.65844 7.54816 6.84592 6.44294 5.45383 4.44424 4.363 3.39697 25.7815 74.5637 57.1227 30.8018 30.4108 26.4455 22.0194 21.8242 13.2237 12.8919 10.9002 10.5977 8.96255 8.84538 35.8226 24.5212 21.923 17.1084
threshold=-1.0000000180025095e-35 1.0000000180025095e-35 1.0000000180025095e-35 10.500000000000002 324.00000000000006 13.500000000000002 1.0000000180025095e-35 4.5000000000000009 3.5000000000000004 11.500000000000002 3.5000000000000004 16.000000000000004 324.00000000000006 9.0000000000000018 9.0000000000000018 741.50000000000011 1436.5000000000002 7.5000000000000009 145.00000000000003 542.00000000000011 1.0000000180025095e-35 324.00000000000006 4019.5000000000005 7.5000000000000009 6.5000000000000009 542.00000000000011 42.500000000000007 222.50000000000003 540.00000000000011 2.5000000000000004
decision_type=2 2 2 2 2 2 2 2 2 2 2 2 2 2 2 2 2 2 2 2 2 2 2 2 2 2 2 2 2 2
left_child=-1 11 3 5 -4 8 7 -7 9 -3 -8 12 13 16 15 24 20 -15 -18 22 -2 -17 -16 -21 -14 26 27 28 -13 -27
right_child=1 2 4 -5 -6 6 10 -9 -10 -11 -12 25 14 17 19 21 18 -19 -20 23 -22 -23 -24 -25 -26 29 -28 -29 -30 -31
leaf_value=0.03611824642376308 0.026002433578149083 -0.040219108279768712 0.059136878780986959 -0.046131682169744878 -0.013662696483218864 0.0067527338004223841 -0.0093476895255866777 -0.034100259423749349 0.039377498162640606 0.034706234669784876 -0.049773542770818635 0.0062520947303520381 -0.0015798928662347016 -0.054849061847693878 0.048968357531003814 -0.038167154676536939 -0.036484655376347527 0.050128841228455935 0.029114477201914766 -0.0065203060225482549 -0.0010756965940324843 0.015810667843814179 -0.035907504623457293 -0.061140954519783533 -0.047874717732432771 0.033327487335833746 -0.00035548731375627918 -0.050271963654008447 -0.036684265287064623 0.0024467844713165535
leaf_weight=4.4452984371455377 57.763069425709546 3.4854572682525022 6.3689716560766083 12.500911785136848 4.3317057722306345 32.89850826410111 9.903582241415279 9.167914795005343 9.7499670237448282 1.5789458904473574 12.593922621672391 61.586672944366001 12.994438827969132 4.3294219915987915 6.541521542996632 8.5383106365625263 61.712095484981546 91.943591601520893 11.632877875032134 8.7105934816645441 96.287164449691772 164.02938979647297 4.2468496392539237 48.664068198995665 23.693907231208868 36.870970502495766 4136.2427339925998 44.97589323700231 38.294944796376512 900.34573518286197
leaf_count=334 1358 144 31 2020 97 404 379 656 196 28 414 675 55 187 67 241 2026 717 91 74 1436 1670 89 1341 874 91 36377 1676 822 8534
internal_value=-1.13722e-10 -3.32054e-05 -0.00795365 -0.0127776 0.0310181 -0.00701621 -0.0136716 -0.0027358 0.0210196 -0.0149884 -0.0331329 0.000107752 0.00330826 0.0119197 -0.00674551 0.0049504 -0.00217561 0.0448926 -0.0258286 -0.0422036 0.00917981 0.0129354 0.0153452 -0.0531022 -0.0319548 -0.000261471 -0.00112848 -0.0230465 -0.0104103 0.00369589
internal_weight=5926.43 5921.98 102.58 91.8792 10.7007 79.3783 64.5639 42.0664 14.8144 5.0644 22.4975 5819.4 601.087 323.668 277.419 209.256 227.395 96.273 73.345 68.163 154.05 172.568 10.7884 57.3747 36.6883 5218.32 4281.1 144.858 99.8816 937.217
internal_count=63104 62770 4369 4241 128 2221 1853 1060 368 172 793 58401 10226 5815 4411 2840 4911 904 2117 1571 2794 1911 156 1415 929 48175 39550 3173 1497 8625
is_linear=0
shrinkage=0.045


Tree=141
num_leaves=31
num_cat=0
split_feature=56 29 26 74 20 75 74 75 22 11 34 56 31 6 20 25 14 16 27 21 31 6 29 31 22 24 19 51 46 6
split_gain=4.28172 38.1481 18.3994 13.7726 5.06603 4.89595 4.49277 3.79719 6.83985 6.30719 7.22264 6.49556 7.2951 6.25577 6.9089 6.13084 5.49438 10.5473 10.4667 6.51744 5.71993 4.86583 7.36846 7.37773 4.0775 3.56504 3.51514 5.00419 3.75373 3.45111
threshold=3.5000000000000004 1.5000000000000002 1.0000000180025095e-35 1.0000000180025095e-35 422.50000000000006 2422.0000000000005 1.0000000180025095e-35 215.00000000000003 290.00000000000006 1.0000000180025095e-35 1.0000000180025095e-35 1.0000000180025095e-35 4905.5000000000009 7.5000000000000009 108.00000000000001 1.0000000180025095e-35 1246.5000000000002 105.00000000000001 1.0000000180025095e-35 35.000000000000007 7631.5000000000009 18.500000000000004 1.5000000000000002 972.00000000000011 135.00000000000003 2.5000000000000004 1.0000000180025095e-35 741.50000000000011 3.5000000000000004 17.500000000000004
decision_type=2 2 2 2 2 2 2 2 2 2 2 2 2 2 2 2 2 2 2 2 2 2 2 2 2 2 2 2 2 2
left_child=7 2 -2 -3 6 -6 -4 8 9 16 13 -12 -13 -11 -15 -10 19 20 -19 24 -18 26 23 -23 -1 -21 27 -17 -28 -8
right_child=1 3 4 -5 5 -7 29 -9 15 10 11 12 -14 14 -16 21 17 18 -20 25 -22 22 -24 -25 -26 -27 28 -29 -30 -31
leaf_value=-0.052206766448597453 -0.0547391188949541 0.020031111637713782 -0.0030057785138589105 -0.06668436011974907 0.016745480183130088 -0.037787459475056781 0.051957669438752206 -0.00037217561101134008 -0.00069803553497667099 0.014104952817281233 0.031453447678591123 0.0095455796954490614 -0.03682906666470423 0.022695785853198463 -0.040183814357146463 0.015176495394024712 0.0081782947056205403 -0.037124033218926586 -0.0034883876320541182 0.0062398283914331448 -0.021988141549040524 -0.05629857630075287 0.040408167020434177 0.00064708068948853795 0.0014903850369667598 -0.015805475862289815 0.033674086459903101 -0.020398303278516099 0.014139922908852623 0.0093547886187654739
leaf_weight=5.5348295512958412 6.0991559737303751 3.9399499373976168 5.1984089056495604 22.257164282142185 11.130592404631896 3.5993928969692197 17.502195691107776 4869.5078322948611 83.131901427870616 6.2854805865790686 10.144460761337539 16.374275301583115 10.46496117665083 3.368308043805885 28.630461661261506 37.788881387095898 98.305620493309107 30.675241983961314 46.428327690984588 429.72279651655117 13.626527033746241 5.075962810777134 5.5697266347706309 18.965350511949509 5.0011402890086174 14.451411442190873 39.064736803120468 9.1677111136959848 44.730351008765865 5.4991128804977043
leaf_count=73 135 62 75 263 33 157 106 57098 357 40 62 83 84 33 489 102 350 342 301 1900 91 70 36 115 25 154 153 87 184 44
internal_value=3.43136e-11 -0.0105962 0.0128772 -0.0533857 0.023511 0.0018648 0.0343667 0.000138472 0.00271964 0.000507983 -0.01173 0.00247831 -0.00920989 -0.0251694 -0.0330777 0.00922162 0.00195485 -0.00447716 -0.0171741 0.00463277 0.00434367 0.0143364 -0.00208024 -0.0131442 -0.0287985 0.00548868 0.0180418 0.00795042 0.0235364 0.0425864
internal_weight=5907.24 75.226 49.0289 26.1971 42.9297 14.73 28.1997 5832.02 962.508 719.014 75.2679 36.9837 26.8392 38.2843 31.9988 243.495 643.746 189.036 77.1036 454.71 111.932 160.363 29.611 24.0413 10.536 444.174 130.752 46.9566 83.7951 23.0013
internal_count=63104 875 550 325 415 190 225 62229 5131 4027 791 229 167 562 522 1104 3236 1084 643 2152 441 747 221 185 98 2054 526 189 337 150
is_linear=0
shrinkage=0.045


Tree=142
num_leaves=31
num_cat=0
split_feature=46 70 38 43 48 39 5 70 11 10 5 43 55 0 0 48 21 48 0 21 29 44 30 48 14 75 0 31 48 4
split_gain=3.43575 17.3954 31.7142 10.5091 14.8987 9.84642 9.56964 9.56845 47.7773 32.6366 29.9302 14.6459 16.8594 8.8009 8.42766 8.2057 22.8391 8.82243 18.8446 23.5054 7.74836 7.50295 6.93296 6.73337 21.934 20.084 8.2605 6.3479 6.05971 14.4368
threshold=3.5000000000000004 1.0000000180025095e-35 1.5000000000000002 7.5000000000000009 1091.5000000000002 1.5000000000000002 24.500000000000004 1.0000000180025095e-35 1.0000000180025095e-35 1.0000000180025095e-35 41.500000000000007 10.500000000000002 1.5000000000000002 30.500000000000004 11.500000000000002 1262.5000000000002 105.00000000000001 1211.0000000000002 4.5000000000000009 295.00000000000006 1.0000000180025095e-35 1.5000000000000002 1701.0000000000002 1262.5000000000002 1.0000000180025095e-35 2338.0000000000005 7.5000000000000009 6189.5000000000009 1228.0000000000002 45.500000000000007
decision_type=2 2 2 2 2 2 2 2 2 2 2 2 2 2 2 2 2 2 2 2 2 2 2 2 2 2 2 2 2 2
left_child=7 3 6 4 22 -4 14 13 9 10 11 12 -9 23 -3 17 -17 -5 20 -20 -19 -10 27 28 25 -25 -26 -2 -1 -30
right_child=1 2 5 15 -6 -7 -8 8 21 -11 -12 -13 -14 -15 -16 16 -18 18 19 -21 -22 -23 -24 24 26 -27 -28 -29 29 -31
leaf_value=0.0014826714723983477 -0.036337120020049733 -0.03106173340315721 -0.048645158354880112 -0.00048433244178404465 -0.048227966462773164 0.024519642437732612 0.050474051873426712 0.031259578395839968 -0.072671409690294717 -0.060553671752822745 -0.057415210266523901 0.048860006386051535 -0.042978065381975801 -0.040998110691302207 0.040392166582637182 0.057610250290733342 -0.01680229329864345 -0.0085184507077334555 -0.034565533645055498 0.0084920038172586233 0.030461888320885734 -0.001797525228445358 -0.0031430165421053122 -0.054125643970656057 0.040707853592749206 0.053135403247893204 -0.028275248413909475 0.0041192835384054726 0.014489705814069614 -0.059512678051507138
leaf_weight=2772.3909079939185 26.025636799720814 6.012381340377031 12.88927178346785 2375.4994120936535 19.088327235076576 4.3868131921626619 37.605546649952885 15.206227969145404 22.730862691474616 11.69801241904497 8.2677104688482341 33.148460626543965 9.0317013873718661 8.8273216359084454 5.3941100896918215 16.079825601947963 15.659179754060458 16.978762240498327 78.451745308644604 37.433512078830972 24.019993920810521 3.5255711898207656 153.87919730081921 24.140775144289368 12.924758638546338 3.2948615159839383 3.9095709992689072 10.80508376660873 124.5992308648274 4.6010552272200576
leaf_count=23580 375 52 125 28959 140 27 118 63 199 127 50 116 46 430 22 171 454 155 3057 651 97 29 1999 659 90 24 56 150 1070 13
internal_value=-4.02263e-11 -0.00112678 0.0214818 -0.0016746 -0.0113332 -0.0297418 0.0397711 0.00104645 -0.0123294 0.00565309 0.0181811 0.0298691 0.00298981 0.0015195 0.00326081 -0.000880217 0.0215053 -0.00116916 -0.0114699 -0.0207033 0.0145005 -0.0635699 -0.00740803 0.00166077 -0.0155627 -0.0398286 0.0240002 -0.0246732 0.00192882 0.0114175
internal_weight=5898.51 2840.21 66.2881 2773.92 209.798 17.2761 49.012 3058.3 103.609 77.3521 65.6541 57.3864 24.2379 2954.69 11.4065 2564.12 31.739 2532.38 156.884 115.885 40.9988 26.2564 190.71 2945.86 44.27 27.4356 16.8343 36.8307 2901.59 129.2
internal_count=63104 36552 344 36208 2664 152 192 26552 630 402 275 225 109 25922 74 33544 625 32919 3960 3708 252 228 2524 25492 829 683 146 525 24663 1083
is_linear=0
shrinkage=0.045


Tree=143
num_leaves=31
num_cat=0
split_feature=60 57 57 0 20 34 8 48 20 2 6 0 48 31 43 58 21 7 20 31 6 29 34 46 56 31 6 29 75 38
split_gain=3.29757 3.32408 10.2746 18.0229 14.5059 8.56655 9.53369 17.9264 24.0218 21.7605 17.2514 16.3549 13.4161 10.7845 10.4911 8.30605 6.92032 8.714 8.6486 5.70789 4.99273 4.33055 3.65512 6.76614 3.68689 14.6313 11.8331 9.07247 5.17074 7.75062
threshold=-1.0000000180025095e-35 45.000000000000007 1.0000000180025095e-35 9.5000000000000018 115.50000000000001 3.5000000000000004 4.5000000000000009 407.50000000000006 670.00000000000011 1.5000000000000002 18.500000000000004 7.5000000000000009 741.50000000000011 1070.5000000000002 7.5000000000000009 2.5000000000000004 65.000000000000014 4.5000000000000009 344.50000000000006 7722.0000000000009 12.500000000000002 1.5000000000000002 3.5000000000000004 1.5000000000000002 2.5000000000000004 4545.0000000000009 15.500000000000002 2.5000000000000004 448.50000000000006 3.5000000000000004
decision_type=2 2 2 2 2 2 2 2 2 2 2 2 2 2 2 2 2 2 2 2 2 2 2 2 2 2 2 2 2 2
left_child=-1 2 22 4 21 6 7 11 9 -9 -10 14 15 -13 -3 19 17 -14 -18 -8 -5 -4 24 -24 28 27 -27 -26 29 -2
right_child=1 5 3 20 -6 -7 12 8 10 -11 -12 13 16 -15 -16 -17 18 -19 -20 -21 -22 -23 23 -25 25 26 -28 -29 -30 -31
leaf_value=0.035694071632270757 0.0045041953545230861 0.008073366000079317 -0.071158323056299502 0.016122210023834488 0.016454448675052805 0.045507174913926467 -0.0079973696361054745 0.0151370617109688 -0.0059382985133005616 -0.027237506970674813 0.030066047776028497 0.020743570543832319 0.011314890243502738 -0.012223452528111507 0.041914325073143882 0.018715248384453657 0.029998079637958027 -0.043373247329113108 0.0076360041545085232 -0.04590399728930096 0.054610497058074817 -0.0058881079479761204 0.010285016333561133 -0.047074513001441283 0.0050040765044355754 -0.0091407029775418588 -0.045189869429313828 -0.056404647500849336 -0.0001168847604994595 -0.023881988366605763
leaf_weight=4.2364877040672573 805.0183068952465 51.769611463707406 5.9708304606756446 11.751334682572635 16.49302636741777 6.5174251897260538 147.01802099062479 27.510289544821717 170.51231558700965 189.84131730973604 30.972564760420937 24.256744746351615 12.623525571601933 97.982732826145366 28.474613452330232 22.279053024714813 45.207423717511119 9.5804843813239113 149.55797902081395 7.5857808813452712 20.068268045783043 3.1955138789489865 7.1627422571182242 8.0505602222401631 159.71933349265601 67.997399528772803 24.68497802305501 4.0269033452495924 3706.6676950163383 18.979506528296042
leaf_count=334 4233 267 84 50 104 20 884 159 1456 1720 126 111 80 546 98 124 255 100 1132 55 50 35 48 89 1635 964 478 95 47564 208
internal_value=1.25899e-10 -3.17742e-05 0.000458856 0.0192074 -0.00873607 -0.00236368 -0.00271549 -0.0061837 -0.0114894 -0.0218294 -0.000282503 0.00479371 0.00275757 -0.00556636 0.0204499 -0.0064211 0.0102355 -0.013134 0.0129532 -0.0101403 0.0413207 -0.0512216 0.000230502 -0.0210998 0.000302682 -0.00493603 -0.0191219 0.00316069 0.000600208 0.00382221
internal_weight=5885.71 5881.48 4859.79 57.479 25.6594 1021.69 1015.17 621.32 418.836 217.352 201.485 202.484 393.852 122.239 80.2442 176.883 216.969 22.204 194.765 154.604 31.8196 9.16634 4802.31 15.2133 4787.09 256.429 92.6824 163.746 4530.67 823.998
internal_count=63104 62770 55637 323 223 7133 7113 4483 3461 1879 1582 1022 2630 657 365 1063 1567 180 1387 939 100 119 55314 137 55177 3172 1442 1730 52005 4441
is_linear=0
shrinkage=0.045


Tree=144
num_leaves=31
num_cat=0
split_feature=49 8 2 22 6 21 25 7 11 31 21 34 31 21 38 30 14 30 30 22 31 36 10 6 5 75 22 11 57 14
split_gain=3.34977 17.5805 26.3528 31.8206 18.3306 20.2096 20.2654 15.9305 12.1268 10.3547 11.2239 7.83184 7.667 7.42248 6.63629 6.55174 6.18248 6.1394 14.6609 5.57164 4.96938 8.07394 4.47084 3.96078 3.37107 3.29996 10.1169 15.3323 11.3339 6.69122
threshold=303.00000000000006 4.5000000000000009 1.5000000000000002 165.00000000000003 18.500000000000004 235.00000000000003 1.5000000000000002 7.5000000000000009 1.0000000180025095e-35 7413.5000000000009 125.00000000000001 1.0000000180025095e-35 2143.5000000000005 115.00000000000001 1.5000000000000002 6656.0000000000009 1.0000000180025095e-35 2910.0000000000005 5371.5000000000009 145.00000000000003 3470.0000000000005 1.0000000180025095e-35 1.0000000180025095e-35 10.500000000000002 1.5000000000000002 627.50000000000011 290.00000000000006 1.0000000180025095e-35 175.00000000000003 1246.5000000000002
decision_type=2 2 2 2 2 2 2 2 2 2 2 2 2 2 2 2 2 2 2 2 2 2 2 2 2 2 2 2 2 2
left_child=24 2 14 7 5 12 -7 9 13 10 -4 16 -5 17 -2 -9 -10 -3 -19 -15 21 -21 -13 -22 -1 26 27 29 -29 -26
right_child=1 8 3 4 -6 6 -8 15 11 -11 -12 22 -14 19 -16 -17 -18 18 -20 20 23 -23 -24 -25 25 -27 -28 28 -30 -31
leaf_value=-0.023525445645785088 0.0078484779030197991 0.03418892313772097 -0.026312369455164374 0.04644867293431925 0.03413362663170201 -0.052855313852154924 0.008172556121074594 -0.068695928130736966 0.045700350827489813 -0.062355782225880015 0.006376273114508395 -0.017420944375360341 0.0026358371031339613 -0.056953703847080095 0.050026990734235 -0.010108476313552456 0.012156377558674263 -0.046950549273773186 0.024429701915870169 -0.066490104910945397 -0.0156401070818857 -0.0053956862620291278 0.023677337799155485 0.022240404198107754 0.0050578859084736286 -0.00021558358107521891 0.0095648050357799771 -0.010454344562154853 -0.054682610099488778 -0.0041611686794400015
leaf_weight=10.998767143086296 15.994578592944892 13.942336229549253 70.378215706499759 10.928173532709478 27.297013318282552 25.982156283163931 18.223074888344854 23.563938817242164 27.773839004221372 10.393361227586864 29.82131201447919 12.325905365869405 25.533739117439836 4.6986681055277577 14.111990196630357 5.0405084900557986 19.69157401449047 8.4056497659767064 14.324025853304191 5.4540575691498843 8.869963959616145 14.264366846997289 7.968011872842907 12.024571028421631 506.22292162282974 4309.018429832664 301.19258859221009 83.125267338298727 12.829334249254314 231.62066138055525
leaf_count=215 66 47 417 24 76 212 107 182 85 75 150 51 105 50 20 40 108 53 52 45 59 79 51 46 2520 54361 1513 870 66 1359
internal_value=4.87443e-11 -0.00383348 -0.0105306 -0.0153921 0.00294425 -0.00789868 -0.028073 -0.0295337 0.00855478 -0.0214355 -0.0166167 0.0224944 0.0166566 -0.0030985 0.0285917 -0.0590622 0.0323222 0.0117759 -0.00283354 -0.0151312 -0.00904017 -0.0246878 -0.000930369 0.00617983 0.000300727 0.000353176 0.00251077 -4.57557e-05 -0.0168708 0.00216217
internal_weight=5882.02 427.011 277.268 247.161 107.964 80.6671 44.2052 139.197 149.743 110.593 100.2 67.7593 36.4619 81.9836 30.1066 28.6044 47.4654 36.672 22.7297 45.3116 40.613 19.7184 20.2939 20.8945 5455.01 5444.01 1134.99 833.798 95.9546 737.844
internal_count=63104 2200 1474 1388 524 448 319 864 726 642 567 295 129 431 86 222 193 152 105 279 229 124 102 105 60904 60689 6328 4815 936 3879
is_linear=0
shrinkage=0.045


Tree=145
num_leaves=31
num_cat=0
split_feature=49 9 10 0 7 25 0 2 8 46 11 5 10 25 21 2 25 5 40 7 8 22 36 14 29 5 5 30 31 7
split_gain=4.4499 18.7887 20.5654 22.8665 22.803 20.1205 17.9159 17.1629 19.3082 16.9757 12.7861 10.1456 8.68217 7.71879 6.05135 5.93208 9.41552 6.67004 5.88351 5.82837 5.67351 5.54839 7.61102 14.2752 6.98535 4.57296 3.76353 3.65248 3.64445 3.56378
threshold=303.00000000000006 2.5000000000000004 1.0000000180025095e-35 9.5000000000000018 7.5000000000000009 2.5000000000000004 4.5000000000000009 2.5000000000000004 4.5000000000000009 6.5000000000000009 1.0000000180025095e-35 5.5000000000000009 1.0000000180025095e-35 1.5000000000000002 125.00000000000001 5.5000000000000009 1.5000000000000002 35.500000000000007 1.0000000180025095e-35 6.5000000000000009 4.5000000000000009 105.00000000000001 1.0000000180025095e-35 1258.0000000000002 1.5000000000000002 41.500000000000007 40.500000000000007 3503.0000000000005 4399.5000000000009 4.5000000000000009
decision_type=2 2 2 2 2 2 2 2 2 2 2 2 2 2 2 2 2 2 2 2 2 2 2 2 2 2 2 2 2 2
left_child=-1 9 3 7 5 11 20 -3 26 12 -10 -5 13 29 -11 17 -17 19 -6 -16 25 24 23 -23 28 -4 -9 -14 -8 -2
right_child=1 2 6 4 18 -7 21 8 10 14 -12 -13 27 -15 15 16 -18 -19 -20 -21 -22 22 -24 -25 -26 -27 -28 -29 -30 -31
leaf_value=0.00034494295603409932 -0.012842944384169276 0.041756534110605904 -0.062233597746549622 0.050849570301756485 -0.01841127691242438 -0.062131875754938656 -0.0044435986521533574 -0.072671335184182506 -0.054924955448702073 0.033622953208697591 0.0038225622517824645 0.0040134213710578915 0.022873290795814908 0.0060101430657976589 -0.011888148207370946 -0.045134457577358143 0.01942632353913433 0.043837016303721409 -0.079182555014346609 0.030523054841148999 0.0092413621052940629 0.017910336863902487 0.028005521852438056 -0.042775526620293075 0.021493296183321201 -0.011564495407055295 -0.016464118908253177 -0.011433929226322692 -0.050571065239195821 -0.064260130158106943
leaf_weight=5453.6509326975211 4.3747129627736312 4.0561547502875319 10.63212360348553 10.2348898909986 6.1128116826876058 7.3839426569174966 6.8736014186870307 32.787071261438541 11.183883140387481 37.969004805781879 19.214125103317201 57.599167351145297 11.35433225054294 6.7335564261302343 15.304197612451391 7.7901053936802791 8.6797934563364834 13.634057465940712 8.3064482582849433 10.024986205156891 4.4871872048825017 26.234101527370512 45.051589169306681 10.027813613414763 8.2769598830491304 6.0106722102500489 3.3329357341863206 11.894939155783502 6.4656884707510471 10.335832510201724
leaf_count=60904 38 5 68 17 31 57 29 383 99 103 68 250 47 28 80 72 32 25 55 28 38 121 171 64 43 38 34 74 34 68
internal_value=1.34239e-11 -0.00444424 -0.0110472 -0.0216473 -0.00642453 0.00374665 0.00270537 -0.0406221 -0.0461894 0.00912982 -0.0188525 0.0117162 -0.0134778 -0.0334604 0.0199758 0.0101981 -0.0119459 0.0196231 -0.0562844 0.00541944 -0.0340838 0.0105129 0.0158631 0.000430772 -0.00942431 -0.0456268 -0.0680681 0.00557313 -0.0287696 -0.0507601
internal_weight=5876.02 422.367 284.271 160.211 89.6373 75.218 124.06 70.5742 66.518 138.096 30.398 67.8341 44.6934 21.4441 93.4021 55.4331 16.4699 38.9632 14.4193 25.3292 21.13 102.93 81.3135 36.2619 21.6162 16.6428 36.12 23.2493 13.3393 14.7105
internal_count=63104 2200 1605 999 410 324 606 589 584 595 167 267 255 134 340 237 104 133 86 108 144 462 356 185 106 106 417 121 63 106
is_linear=0
shrinkage=0.045


Tree=146
num_leaves=31
num_cat=0
split_feature=60 56 31 6 29 48 48 0 9 40 34 51 4 55 60 20 20 51 56 48 46 6 46 40 55 43 30 48 48 4
split_gain=3.08663 2.86428 12.9938 11.7239 8.20158 7.15007 15.4726 8.00993 6.51964 6.07874 6.9673 5.75303 6.95438 5.1307 4.30657 7.53269 8.58763 28.4934 10.172 8.87388 7.24895 6.41003 7.83734 8.4913 6.25889 6.1091 6.07791 3.8123 14.9839 23.3035
threshold=-1.0000000180025095e-35 2.5000000000000004 4545.0000000000009 15.500000000000002 2.5000000000000004 9.0000000000000018 16.000000000000004 5.5000000000000009 1.5000000000000002 1.0000000180025095e-35 1.0000000180025095e-35 222.50000000000003 1.0000000180025095e-35 10.500000000000002 1.0000000180025095e-35 646.50000000000011 363.00000000000006 741.50000000000011 1.5000000000000002 741.50000000000011 17.500000000000004 11.500000000000002 6.5000000000000009 1.0000000180025095e-35 3.5000000000000004 11.500000000000002 5828.5000000000009 193.50000000000003 126.00000000000001 16.500000000000004
decision_type=2 2 2 2 2 2 2 2 2 2 2 2 2 2 2 2 2 2 2 2 2 2 2 2 2 2 2 2 2 2
left_child=-1 14 4 8 5 13 -7 -8 -4 -10 -11 -5 -13 -3 27 16 18 26 20 -20 -16 22 23 -17 -19 -24 -18 28 -2 -30
right_child=1 2 3 11 -6 6 7 -9 9 10 -12 12 -14 -15 15 21 17 24 19 -21 -22 -23 25 -25 -26 -27 -28 -29 29 -31
leaf_value=0.035244699168556284 -0.00043630321531233022 -0.052330169612804185 0.021405472801161982 0.018729270913391657 -0.055136850510572731 0.047062138384262014 -0.028133775830521877 0.0058713711994653004 0.0067148204016079004 -0.013330420016623523 -0.058614116043054235 0.019037495546074226 -0.058868648751273685 0.013926827363136277 0.0089738387445578698 -0.0013460113566092524 0.015145674101100045 -0.019105867741829676 -0.027049959110672313 0.0027613249058479452 -0.026906458736272745 0.015497617244179794 -0.040589714533910755 0.017618591011570303 -0.0520384577411548 -0.0037829677433088684 -0.013919514127682579 -0.0011618304682892344 -0.0037352006633935447 0.025005762813515478
leaf_weight=4.0274826409877269 1167.8121729345221 6.2859686849988048 11.529053895414107 2.1721570059889954 3.7850063268560907 16.372825492871925 14.891632065875454 118.77246001796448 18.052974003599957 29.556670338686672 8.3634929784166143 2.1348000904545215 20.107806139567401 2.9838626653363463 243.90327023534337 97.758681155508384 52.112861912231892 24.025150890171062 36.426542438101023 43.618336721556261 11.004663523286579 137.86020499491133 10.23263465054333 92.324028684175573 25.67214716685703 50.233031612471677 19.19240291044116 3370.7939239931657 103.23466151417233 126.27511630038498
leaf_count=334 20765 288 113 36 95 165 191 907 99 563 189 9 433 84 1005 456 138 408 185 242 50 522 52 384 950 215 97 32997 547 585
internal_value=2.11254e-11 -3.01938e-05 -0.00468507 -0.0181187 0.00295027 0.00466572 0.00710912 0.00190204 -0.00817548 -0.0145372 -0.0245674 -0.0442065 -0.050894 -0.0317233 0.000182102 0.00314227 -0.000781705 -0.0110059 0.00293356 -0.0109715 0.00732576 0.00773883 0.00342505 0.00790918 -0.0368088 -0.0105708 0.00723822 -0.00034265 0.0016329 0.0121178
internal_weight=5871.52 5867.49 255.009 91.917 163.092 159.307 150.037 133.664 67.5022 55.9731 37.9202 24.4148 22.2426 9.26983 5612.48 844.364 455.955 121.003 334.953 80.0449 254.908 388.409 250.548 190.083 49.6973 60.4657 71.3053 4768.12 1397.32 229.51
internal_count=63104 62770 3172 1442 1730 1635 1263 1098 964 851 752 478 442 372 59598 4704 3075 1593 1482 427 1055 1629 1107 840 1358 267 235 54894 21897 1132
is_linear=0
shrinkage=0.045


Tree=147
num_leaves=31
num_cat=0
split_feature=60 71 8 43 4 31 21 7 46 5 30 55 46 70 0 11 70 11 10 5 53 0 43 57 6 44 4 2 33 55
split_gain=2.91074 2.86417 7.12743 6.53073 5.70378 4.94946 4.70869 4.17791 3.68512 4.78346 3.08035 2.92128 2.56721 14.3265 15.9611 12.5466 7.91725 45.5416 26.486 20.1296 7.23764 6.98552 5.06512 6.66782 6.06947 4.72761 7.05001 4.53451 4.53263 8.42745
threshold=-1.0000000180025095e-35 1.0000000180025095e-35 1.5000000000000002 19.500000000000004 29.500000000000004 624.50000000000011 285.00000000000006 6.5000000000000009 1.0000000180025095e-35 34.500000000000007 2708.0000000000005 16.500000000000004 2.5000000000000004 1.0000000180025095e-35 4.5000000000000009 1.0000000180025095e-35 1.0000000180025095e-35 1.0000000180025095e-35 1.0000000180025095e-35 41.500000000000007 5.5000000000000009 20.500000000000004 8.5000000000000018 115.00000000000001 27.500000000000004 1.5000000000000002 33.500000000000007 5.5000000000000009 1.0000000180025095e-35 2.5000000000000004
decision_type=2 2 2 2 2 2 2 2 2 2 2 2 2 2 2 2 2 2 2 2 2 2 2 2 2 2 2 2 2 2
left_child=-1 12 6 4 5 10 -3 -7 -6 -10 -4 -5 16 20 -15 27 21 18 19 -18 28 -2 23 -23 -24 26 -22 -16 29 -14
right_child=1 2 3 11 8 7 -8 -9 9 -11 -12 -13 13 14 15 -17 17 -19 -20 -21 25 22 24 -25 -26 -27 -28 -29 -30 -31
leaf_value=0.034838974187421712 0.0017472434728683307 -0.056594613994939154 -0.045039584686416556 -0.045481692149683173 0.011947662352361541 0.0067552169596289359 0.016683710616190391 0.026142796512791857 -0.059766144092257785 -0.0048930875026381888 0.0097322735149992425 0.016275644768338874 -0.010807815382933274 -0.030190928811460561 0.024101524776566609 -0.021602816282669229 0.029007676601190937 -0.063603958584169076 -0.060532655813321984 -0.047466924703984198 -0.0014973608619815555 0.0045149465092720106 -0.055468308500158048 -0.039240560544661247 0.037017684085217918 -0.043154588038087298 -0.051370260365621236 0.052222680073875601 -2.8757483056195866e-05 -0.0012951729263600211
leaf_weight=3.8521990420122156 2330.163185605852 4.800609421596163 3.3028460182249537 5.2742160237175986 10.140698582355983 38.473731274018064 2.0164470383897424 56.485425839651725 3.7513929327906217 10.598545991539138 3.4603196825119085 1.4890656335264791 251.58669977561658 10.812855748983564 35.349227944447193 8.600356385111807 50.269873089913744 24.191880642843898 8.9775080403778684 7.1465012818807727 32.478233884728979 25.20927460846724 8.6281278075475676 8.7026461809873563 0.97495198121760118 11.018893022090195 5.9887725063599637 19.534460667637177 2130.4721656920665 745.70445372798713
leaf_count=334 19297 94 23 636 112 366 16 299 85 140 39 39 4034 69 205 68 202 209 117 42 505 156 450 59 22 124 84 62 27032 8184
internal_value=1.0447e-11 -2.88641e-05 0.00631185 0.00870769 0.0110954 0.0157619 -0.0355579 0.01844 -0.00814494 -0.0221972 -0.0193722 -0.0315396 -0.000185018 -0.00101512 0.0183859 0.0269996 0.000910256 -0.0120733 0.00736811 0.0188394 -0.00147444 0.00141062 -0.0162496 -0.00751617 -0.043473 -0.0183777 -0.0103667 0.0348659 -0.00120122 -0.00370335
internal_weight=5859.46 5855.6 139.793 132.976 126.213 101.722 6.81706 94.9592 24.4906 14.3499 6.76317 6.76328 5715.81 3251.55 74.2969 63.484 2464.26 90.5858 66.3939 57.4164 3177.25 2373.68 43.515 33.9119 9.60308 49.4859 38.467 54.8837 3127.76 997.291
internal_count=63104 62770 1849 1739 1064 727 110 665 337 225 62 675 60921 40367 404 335 20554 570 361 244 39963 19984 687 215 472 713 589 267 39250 12218
is_linear=0
shrinkage=0.045


Tree=148
num_leaves=31
num_cat=0
split_feature=60 71 11 8 7 20 55 43 29 31 39 7 30 0 20 22 5 46 70 38 5 55 70 11 5 55 43 9 5 0
split_gain=2.74487 2.63502 7.10298 5.21887 4.73485 4.07928 4.04648 4.02161 10.0612 4.01715 3.99019 3.50838 3.16878 4.08702 3.10111 3.07523 2.92084 2.40091 13.2093 23.598 8.51664 10.1601 8.36712 48.824 21.4717 13.032 7.66731 8.22044 6.62752 6.61094
threshold=-1.0000000180025095e-35 1.0000000180025095e-35 1.0000000180025095e-35 3.5000000000000004 6.5000000000000009 276.00000000000006 4.5000000000000009 12.500000000000002 1.5000000000000002 1099.0000000000002 1.5000000000000002 3.5000000000000004 1189.0000000000002 10.500000000000002 540.00000000000011 105.00000000000001 43.500000000000007 2.5000000000000004 1.0000000180025095e-35 1.5000000000000002 31.500000000000004 5.5000000000000009 1.0000000180025095e-35 1.0000000180025095e-35 41.500000000000007 1.0000000180025095e-35 11.500000000000002 3.5000000000000004 24.500000000000004 20.500000000000004
decision_type=2 2 2 2 2 2 2 2 2 2 2 2 2 2 2 2 2 2 2 2 2 2 2 2 2 2 2 2 2 2
left_child=-1 17 3 11 5 -4 14 -6 -9 -8 12 -3 -5 -14 -7 -12 -13 22 -19 26 21 -21 29 24 25 -24 27 -20 -28 -2
right_child=1 2 4 10 7 6 9 8 -10 -11 15 16 13 -15 -16 -17 -18 18 19 20 -22 -23 23 -25 -26 -27 28 -29 -30 -31
leaf_value=0.03442187523461316 0.0017236310058893617 0.034591627119951562 0.019588068775934643 -0.026529849228227629 0.031097258910423916 -0.01681194186821278 0.012335051577581429 -0.031255535168325035 0.033600465064940216 -0.04733438803790458 0.012713035166461464 -0.04182705155363909 0.029584421294786008 -0.016621112781124058 0.021534494893779586 -0.038877383837804765 0.018309920589450232 -0.0014185728615971431 -0.025449860112725171 0.034133757249616724 -0.051363743921491158 -0.043809730009750081 0.040896994661517139 -0.064714252281166146 -0.051538302169528316 -0.0016934138744522655 0.0093266410736065342 0.038460132811838542 0.05476616676558526 -0.015958852409700644
leaf_weight=3.6873816518636877 2331.8552137127408 0.81830972246825595 14.80534992739558 2.7588227521046091 33.790528674668167 6.631522091105583 2.724491907283662 7.8751320290029989 9.6842651572078466 6.8770573428773787 2.9650068685587048 12.511633822068687 15.161399912743947 4.3802285579877198 8.7808532908093166 5.7884095324698137 1.2912802062928666 3173.8749896121953 7.5159729454899189 7.6586961876600999 9.2888618808938173 4.5682883178815246 26.591560863016639 24.993595050007571 9.4852375260088575 30.614255213702563 8.9270557484705915 6.8419430525391363 28.599291938415263 42.62259566031571
leaf_count=334 19297 5 48 36 99 34 16 49 29 83 32 620 160 103 46 471 18 39963 57 45 76 65 131 209 65 165 54 38 69 687
internal_value=-5.22401e-11 -2.75749e-05 0.00612044 -0.00824486 0.0133287 0.00159257 -0.00940223 0.0222252 0.00439666 -0.0308364 0.0023545 -0.0294663 0.0124023 0.0189226 0.00501603 -0.0218906 -0.0353443 -0.000175873 -0.000979646 0.0177638 -0.0211791 0.00390177 0.000882448 -0.0123825 0.00789594 0.0184668 0.0340082 0.00552626 0.0444793 0.00139964
internal_weight=5853.97 5850.28 136.844 45.6751 91.1692 39.8193 25.0139 51.3499 17.5594 9.60155 31.0539 14.6212 22.3005 19.5416 15.4124 8.75342 13.8029 5713.44 3247.28 73.4001 21.5158 12.227 2466.16 91.6846 66.6911 57.2058 51.8843 14.3579 37.5263 2374.48
internal_count=63104 62770 1849 1445 404 227 179 177 78 99 802 643 299 263 80 503 638 60921 40367 404 186 110 20554 570 361 296 218 95 123 19984
is_linear=0
shrinkage=0.045


Tree=149
num_leaves=31
num_cat=0
split_feature=60 56 48 48 51 5 38 31 46 5 3 60 0 21 8 43 13 30 55 31 26 43 43 48 48 15 0 29 73 40
split_gain=2.59192 2.52758 18.2302 32.104 30.7459 14.7871 13.5671 9.23374 8.58281 7.93254 7.06302 5.9561 7.96676 5.62662 6.69803 9.26313 6.07301 5.40386 5.16699 8.37203 5.23244 6.53718 4.68459 3.77686 12.1989 19.6049 19.3884 8.4671 25.3815 10.865
threshold=-1.0000000180025095e-35 1.5000000000000002 9.0000000000000018 16.000000000000004 542.00000000000011 38.500000000000007 1.0000000180025095e-35 5103.5000000000009 1.5000000000000002 6.5000000000000009 3.5000000000000004 1.0000000180025095e-35 17.500000000000004 405.00000000000006 4.5000000000000009 20.500000000000004 1.0000000180025095e-35 6656.0000000000009 10.500000000000002 7631.5000000000009 1.5000000000000002 22.500000000000004 13.500000000000002 193.50000000000003 91.000000000000014 103.00000000000001 7.5000000000000009 1.0000000180025095e-35 1.0000000180025095e-35 1.5000000000000002
decision_type=2 2 2 2 2 2 2 2 2 2 2 2 2 2 2 2 2 2 2 2 2 2 2 2 2 2 2 2 2 2
left_child=-1 11 18 4 10 6 9 -8 -7 -5 -4 23 13 14 16 -16 -13 -12 19 -3 -20 -22 -14 24 27 -26 -27 28 -2 -29
right_child=1 2 3 5 -6 8 7 -9 -10 -11 17 12 22 -15 15 -17 -18 -19 20 -21 21 -23 -24 -25 25 26 -28 29 -30 -31
leaf_value=0.03400853595625921 -0.0021624989025882148 -0.05083470682318561 -0.014378057782863369 -0.027490895204647956 -0.051628853961114274 0.0089256211768459735 -0.0017527648403874718 -0.020793254092168222 -0.032074316403731019 0.01186491900090517 0.061373563026284349 0.0057571164693310745 0.0078680151457366718 0.036694106657965873 -0.0018828463091892782 -0.0508226053870263 0.035078215767585047 0.012650787287771579 -0.044768871923931849 0.025713301540379041 0.044441178164477242 -0.038485289592600509 -0.050004363248503943 -0.0010808023763149721 -0.043404446178121621 0.029768183885589522 0.0033312975866250229 0.0074462842393360337 -0.043888386677476611 -0.0041278195092458031
leaf_weight=3.5345458917436181 357.84227375738556 24.61635942962312 2.9152862316404926 10.213488864712415 6.3967226298409505 12.380857513286172 161.43858491515857 74.934190981788561 51.947385689301882 147.20442690556229 31.508507236198056 492.07713314471766 3.8719363943673653 10.215116936480625 95.79070865601534 7.5383277973742215 13.785773151728788 6.0719869396416462 3.1593610799754952 2.6496157122310242 4.7044880072353408 2.0005888157174923 7.5515763491857797 3361.6762850131927 11.899450374301521 91.222654627577867 144.46793420251925 400.08089131917222 31.188792713917792 277.2911686871812
leaf_count=334 6985 1050 165 59 324 51 1604 1013 563 1348 210 1981 26 40 717 118 54 100 193 71 46 110 478 32997 228 304 655 5815 259 5206
internal_value=-3.69174e-11 -2.63629e-05 -0.00295019 -0.000683461 0.034378 -0.00433938 -0.00104732 -0.00785109 -0.0241675 0.00915404 0.0488805 0.000272851 0.00437368 0.00508168 0.00449232 -0.00590614 0.0066238 0.0540332 -0.0329535 -0.0427495 -0.00443412 0.0179149 -0.0313344 -0.00028124 0.0017636 0.0107406 0.0136461 -0.000328726 -0.00561163 0.00270917
internal_weight=5852.18 5848.64 542.142 505.011 46.8925 458.119 393.791 236.373 64.3282 157.418 40.4958 5306.5 630.831 619.407 609.192 103.329 505.863 37.5805 37.1304 27.266 9.86444 6.70508 11.4235 4675.67 1313.99 247.59 235.691 1066.4 389.031 677.372
internal_count=63104 62770 6907 5437 799 4638 4024 2617 614 1407 475 55863 3414 2910 2870 835 2035 310 1470 1121 349 156 504 52449 19452 1187 959 18265 7244 11021
is_linear=0
shrinkage=0.045


Tree=150
num_leaves=31
num_cat=0
split_feature=71 8 5 7 30 6 9 41 4 0 25 11 48 27 11 48 20 0 43 48 5 46 46 14 48 40 46 48 46 8
split_gain=2.94979 6.09301 6.74848 6.49047 5.32192 5.0511 7.64517 4.44832 5.31233 8.47287 4.68476 4.07672 3.76847 9.20432 9.31359 15.5399 13.6552 13.0226 11.6995 11.4269 10.8876 10.026 19.825 10.9789 9.09987 14.0974 11.8887 10.5137 9.67066 8.14575
threshold=1.0000000180025095e-35 3.5000000000000004 11.500000000000002 5.5000000000000009 1074.5000000000002 12.500000000000002 3.5000000000000004 2740.5000000000005 20.500000000000004 9.5000000000000018 2.5000000000000004 1.0000000180025095e-35 1091.5000000000002 1.5000000000000002 1.0000000180025095e-35 1167.0000000000002 422.50000000000006 6.5000000000000009 5.5000000000000009 1211.0000000000002 37.500000000000007 5.5000000000000009 7.5000000000000009 1265.0000000000002 1140.5000000000002 1.5000000000000002 9.5000000000000018 1167.0000000000002 1.5000000000000002 4.5000000000000009
decision_type=2 2 2 2 2 2 2 2 2 2 2 2 2 2 2 2 2 2 2 2 2 2 2 2 2 2 2 2 2 2
left_child=12 2 -2 7 -5 11 -7 8 9 -3 -11 -4 -1 14 17 29 20 21 -19 -20 -17 23 -23 -14 25 -15 27 -26 -29 -16
right_child=1 3 5 4 -6 6 -8 -9 -10 10 -12 -13 13 24 15 16 -18 18 19 -21 -22 22 -24 -25 26 -27 -28 28 -30 -31
leaf_value=0.00040257242246778723 0.028087115649100821 0.033390533298978238 -0.024259072754877396 -0.0079448010404679845 0.025200917949367276 0.011903680137307745 -0.061069282111778062 0.036351093988104939 -0.0553925924774019 -0.057896200387920593 0.01177963179152681 0.011278822256931293 -0.013174720828204775 -0.058991826448269599 -0.017154363360924397 -0.03265501528554085 0.0054771861515388164 0.037551912031957256 0.0079659930303242685 -0.010010176941869283 0.0086899577013345546 0.028496458185813065 -0.015832329092950861 -0.061337762409909617 0.025594377787567103 0.034061263364256383 -0.040360951430346702 0.013444479048949529 -0.0072858253314084919 -0.047609391266950254
leaf_weight=4627.611759162035 8.1405706129735318 6.2430097207761772 9.9852661351833376 11.269623590982517 58.106313348202093 3.8849767806314031 7.9442454994277796 2.778540037572383 4.3258393604919538 4.4077580318407854 2.6049022548831999 15.189022031612694 146.29756034222373 9.2389975195983407 50.427932737831725 44.321464576350991 105.40943101854646 18.766046541946707 209.64820144785335 107.51024394016713 17.527523223310709 34.423410796691314 47.292111292801565 9.383995162061181 56.58383320615394 4.07849162723869 9.3967415738734399 93.75050250426284 86.895393988641445 28.26767753995955
leaf_count=46553 87 55 330 106 510 127 196 27 107 227 23 54 1207 91 649 885 1067 107 3246 4039 83 228 564 163 308 33 223 614 841 354
internal_value=9.89012e-11 0.00655271 -0.00683157 0.0132871 0.0197803 -0.0150504 -0.0380436 -0.00872818 -0.0174253 -0.00201858 -0.0337746 -0.00320541 -0.000155993 -0.00254924 -0.00488906 -0.0121957 -0.00437509 -0.00173875 0.00395955 0.00186013 -0.0209863 -0.00978481 0.00296033 -0.0164508 0.00481576 -0.0301057 0.00681543 0.00884568 0.00348745 -0.028554
internal_weight=5841.71 134.88 45.1441 89.736 69.3759 37.0035 11.8292 20.36 17.5815 13.2557 7.01266 25.1743 5706.83 1079.22 819.276 245.954 167.258 573.322 335.924 317.158 61.849 237.397 81.7155 155.682 259.944 13.3175 246.626 237.23 180.646 78.6956
internal_count=63104 1849 794 1055 616 707 323 439 412 305 250 384 61255 14702 12592 3038 2035 9554 7392 7285 968 2162 792 1370 2110 124 1986 1763 1455 1003
is_linear=0
shrinkage=0.045


Tree=151
num_leaves=31
num_cat=0
split_feature=71 0 29 38 7 31 16 46 8 30 31 30 3 36 11 31 39 46 36 48 53 58 11 70 70 5 10 55 44 66
split_gain=3.53392 5.88882 7.1981 6.07857 6.04844 5.98194 5.42384 4.76381 4.14634 4.87497 4.10597 3.68892 3.6882 3.26554 5.35456 3.13203 2.98 7.1281 2.91101 2.69186 8.39374 8.1258 7.43723 40.8306 18.2807 41.231 20.2884 12.6845 12.3846 10.8676
threshold=1.0000000180025095e-35 8.5000000000000018 1.0000000180025095e-35 1.5000000000000002 5.5000000000000009 3334.5000000000005 135.00000000000003 7.5000000000000009 3.5000000000000004 1189.0000000000002 4637.5000000000009 6885.5000000000009 3.5000000000000004 1.0000000180025095e-35 1.0000000180025095e-35 7035.5000000000009 1.5000000000000002 1.5000000000000002 1.0000000180025095e-35 742.50000000000011 4.5000000000000009 1.0000000180025095e-35 1.0000000180025095e-35 1.0000000180025095e-35 1.0000000180025095e-35 41.500000000000007 1.0000000180025095e-35 7.5000000000000009 2.5000000000000004 1.0000000180025095e-35
decision_type=2 2 2 2 2 2 2 2 2 2 2 2 2 2 2 2 2 2 2 2 2 2 2 2 2 2 2 2 2 2
left_child=19 2 3 13 5 -3 10 8 -4 -10 -6 -9 -7 14 -2 -15 -8 -18 -11 -1 22 -22 24 27 29 26 -26 -24 -25 -21
right_child=1 4 7 -5 6 12 16 11 9 18 -12 -13 -14 15 -16 -17 17 -19 -20 20 21 -23 23 28 25 -27 -28 -29 -30 -31
leaf_value=0.00067832123758731295 -0.039955862872745967 -0.0495868383708849 -0.010112316467196505 -0.061044128423871406 0.02058434671109316 0.033145175181006604 0.039831317113346414 -0.049322044452476087 -0.015251170532790613 0.011899381455532577 -0.049326957112706599 0.021716715527842094 -0.014360388168145529 -0.053902203394506722 0.027015046189968882 0.0076878931758241585 0.043230370134028522 -0.027566020611388981 0.0397421294800245 -0.0010929025170215263 -0.00042984005331503611 0.027109976566996565 0.00014849233499902918 -0.062563261155520355 0.032358501950600124 -0.053037780375973606 -0.025061202553413417 -0.01460386866906143 0.012081683578000697 -0.035695995391006603
leaf_weight=3248.0796212287169 2.4246788177260914 3.6221057421280412 12.446605315140912 5.1333764913943005 2.6326967885979675 5.7937065693840832 27.465090067795245 3.880571957313804 6.2986862198449662 16.499551912478641 2.3434644492808729 1.4484973231810725 5.6258374574754271 3.4605057902735998 7.3855842392076738 2.3185979383270023 4.9497355843341193 4.6449218574998667 15.372868626232956 1497.5166252184135 46.446661448251689 39.662041208706796 528.85879337818187 30.393881033873186 99.786676443356555 14.467582120967561 13.47143911817693 150.92502697298187 4.9127111434936515 17.609438243307522
leaf_count=35081 118 186 185 102 59 88 158 105 57 126 95 16 129 101 26 23 58 152 65 17037 342 155 4642 239 430 98 158 2046 49 978
internal_value=1.40819e-10 0.0072028 -0.000972499 -0.023 0.018012 -0.00618182 0.0266117 0.00744713 0.0118494 0.0190858 -0.0150843 -0.0296326 0.0104697 -0.00754803 0.00829776 -0.031703 0.0324596 0.00958986 0.0261291 -0.000170478 -0.00129833 0.0124207 -0.00180438 -0.00563153 -0.000136111 0.0161449 0.0253692 -0.00314345 -0.0521301 -0.00151835
internal_weight=5825.88 133.747 76.6695 20.7227 57.0776 15.0416 42.0359 55.9468 50.6177 38.1711 4.97616 5.32907 11.4195 15.5894 9.81026 5.7791 37.0597 9.59466 31.8724 5692.13 2444.05 86.1087 2357.94 715.09 1642.85 127.726 113.258 679.784 35.3066 1515.13
internal_count=63104 1849 924 370 925 403 522 554 433 248 154 121 217 268 144 124 368 210 191 61255 26174 497 25677 6976 18701 686 588 6688 288 18015
is_linear=0
shrinkage=0.045


Tree=152
num_leaves=31
num_cat=0
split_feature=71 4 43 15 2 31 8 43 43 0 7 8 41 4 72 17 19 20 26 15 11 46 48 53 43 4 42 34 33 43
split_gain=3.10294 5.50541 6.57077 4.65158 3.34777 6.14894 5.1505 3.27354 2.95 2.83167 3.45709 2.86933 3.59235 3.64445 2.72181 19.748 16.638 18.737 8.30445 7.89685 4.5689 4.18944 3.73459 7.80285 7.52982 8.51456 6.85719 6.47923 6.33295 6.03115
threshold=1.0000000180025095e-35 29.500000000000004 19.500000000000004 324.00000000000006 3.5000000000000004 3470.0000000000005 3.5000000000000004 11.500000000000002 12.500000000000002 4.5000000000000009 12.500000000000002 4.5000000000000009 2740.5000000000005 31.500000000000004 1.0000000180025095e-35 60.000000000000007 1.0000000180025095e-35 647.50000000000011 1.0000000180025095e-35 742.50000000000011 1.0000000180025095e-35 5.5000000000000009 742.50000000000011 4.5000000000000009 5.5000000000000009 33.500000000000007 3722.0000000000005 2.5000000000000004 1.5000000000000002 24.500000000000004
decision_type=2 2 2 2 2 2 2 2 2 2 2 2 2 2 2 2 2 2 2 2 2 2 2 2 2 2 2 2 2 2
left_child=14 2 3 -2 7 8 -7 -5 -6 11 -11 12 13 -3 22 21 19 18 -18 -17 -19 -16 -1 26 -25 -26 27 29 -29 -24
right_child=1 9 -4 4 5 6 -8 -9 -10 10 -12 -13 -14 -15 15 16 17 20 -20 -21 -22 -23 23 24 25 -27 -28 28 -30 -31
leaf_value=0.00068764517627665004 -0.024043187871766101 0.016498486591694304 -0.029666379313809905 0.0063583246397603101 0.006806354612582978 -0.0045182312380694558 0.034670936015092406 0.042015965545991019 -0.020974174242082411 -0.048398953252018408 0.011467288393289362 0.023739561511009248 0.027261358100561652 -0.037489005370537724 0.041006863454972481 -8.7112028153110298e-05 -0.010415543465461946 -0.014768391614142166 -0.067590636868930007 0.047207548563573856 0.03122517763956505 0.011009282145798049 -0.003288602875653455 0.018674584953409901 0.0039420858086457013 -0.063326649903341345 0.054206937665112365 0.00064148592341214722 0.038577469203106764 0.0054556320645277653
leaf_weight=3248.2867618269447 5.1069098682928589 2.8325950531289044 6.3867304900486479 8.0247998681443296 22.747659020853462 8.8805360671831277 25.202105510979891 16.387112018855987 10.498347106920844 5.6626030097395406 2.2991203398050857 5.5537256289389907 2.7962051331996909 8.2015869782917417 27.019095594994724 19.50788474973524 7.8416490036761415 7.0356312350486379 16.667412453971338 10.281362848123537 8.8715862929821014 15.638404216617344 2033.125587388131 66.514105640526395 14.950777826365085 4.0667075129458672 3.3600104711949816 21.430305837508058 14.295959915500132 172.44368613469123
leaf_count=35081 89 13 672 70 120 99 147 110 128 121 29 28 9 214 67 102 70 69 245 44 54 26 20947 328 116 53 67 230 115 3641
internal_value=8.77957e-11 0.00683191 0.0115723 0.0145672 0.0169526 0.011478 0.0246221 0.0310059 -0.00232241 -0.0108406 -0.0317607 -0.00111136 -0.0120183 -0.0234105 -0.000157921 0.00672964 -0.00794734 -0.0264793 -0.050423 0.0172391 0.0112123 0.0305137 -0.000298451 -0.00167278 0.0115891 -0.0128876 -0.00218305 -0.00229172 0.0164587 -0.00260277
internal_weight=5821.92 130.58 103.234 96.8475 91.7406 67.3286 34.0826 24.4119 33.246 27.3458 7.96172 19.3841 13.8304 11.0342 5691.34 112.863 70.2055 40.4163 24.5091 29.7892 15.9072 42.6575 5578.47 2330.19 85.5316 19.0175 2244.66 2241.3 35.7263 2205.57
internal_count=63104 1849 1435 763 674 494 246 180 248 414 150 264 236 227 61255 677 584 438 315 146 123 93 60578 25497 497 169 25000 24933 345 24588
is_linear=0
shrinkage=0.045


Tree=153
num_leaves=31
num_cat=0
split_feature=63 12 46 6 31 15 29 4 48 51 48 48 3 51 47 51 16 15 55 48 31 20 5 4 4 51 48 51 20 20
split_gain=3.20016 9.8066 8.21336 6.78546 6.23579 5.84377 4.34121 3.64352 3.59336 22.4048 58.7361 49.2382 27.1107 24.1819 24.0523 22.6213 17.9515 13.1282 11.7838 15.5615 11.0778 10.1327 7.8087 9.05085 6.79467 6.5801 29.9798 22.5191 18.5231 16.1226
threshold=1.0000000180025095e-35 1.0000000180025095e-35 9.5000000000000018 9.5000000000000018 8135.5000000000009 742.50000000000011 1.0000000180025095e-35 28.500000000000004 16.000000000000004 324.00000000000006 9.0000000000000018 9.0000000000000018 2.5000000000000004 542.00000000000011 1436.5000000000002 741.50000000000011 145.00000000000003 324.00000000000006 1.0000000180025095e-35 1.0000000180025095e-35 7631.5000000000009 400.50000000000006 41.500000000000007 34.500000000000007 5.5000000000000009 542.00000000000011 42.500000000000007 222.50000000000003 540.00000000000011 400.50000000000006
decision_type=2 2 2 2 2 2 2 2 2 2 2 2 2 2 2 2 2 2 2 2 2 2 2 2 2 2 2 2 2 2
left_child=8 2 3 4 -2 -3 -5 -8 9 10 14 15 -12 -13 18 22 21 -17 24 -20 -19 -16 -11 -24 -1 26 27 28 29 -10
right_child=1 5 -4 6 -6 -7 7 -9 25 11 12 13 -14 -15 16 17 -18 20 19 -21 -22 -23 23 -25 -26 -27 -28 -29 -30 -31
leaf_value=-0.04624007997758834 -0.019162679376117729 0.051921760539365369 -0.04579852215944797 -0.022306624787041374 0.038597397146570636 -0.017079134395673452 0.032506268689005448 -0.0166961903203117 -0.0086869549778295051 -0.051208877734681885 -0.046376048283585616 0.024481860800396629 0.04767003995252974 -0.051277912634320459 -0.054583967265687192 -0.039619361046653756 0.026637460622825841 0.016822638995446414 -0.014954588488136546 0.022217361188526602 -0.040693782685611357 -0.01583790362154576 0.050996787641409962 -0.021962839662920432 0.028215614316687527 0.0031781579503010336 -0.00028639659497110587 -0.048214419654868695 -0.034703241098687852 0.041091622201026558
leaf_weight=1.7225324409082521 53.364274913372356 7.2115719624562171 12.046365194008102 4.5620121021347613 3.1482895354274651 2.984892611973919 14.618252339088942 3.1242418563924721 45.90024816049845 14.877233658873591 5.8953628474264397 9.4482664367533271 87.709238210562035 55.020964090595953 24.811251660081325 8.6800750731199496 11.383431470749199 157.97200809099013 58.864335782825947 35.841852581128478 6.1514542819932094 31.592347926824004 3.245247935177761 17.618616628620657 53.930354640353471 932.22121279753628 4059.7078136456621 42.676808992124279 35.76809919848165 17.345659248239826
leaf_count=87 1565 41 2020 238 48 87 299 71 572 730 218 156 686 1415 795 241 91 1594 1223 213 76 1231 31 168 1271 8625 36711 1676 822 103
internal_value=6.87849e-11 -0.00789824 -0.0126753 -0.00710236 -0.0153297 0.0320012 0.0135065 0.0234137 0.000140941 0.00348012 0.011706 -0.00592136 0.0413193 -0.0399706 -0.00113133 0.00474511 -0.0231906 0.011506 0.00890126 -0.000801597 0.0144335 -0.0335358 -0.0273666 -0.00880099 0.0251356 -0.000240026 -0.00099904 -0.0212725 -0.00929409 0.00539229
internal_weight=5819.44 101.06 90.8634 78.8171 56.5126 10.1965 22.3045 17.7425 5718.38 584.765 311.751 273.014 93.6046 64.4692 218.146 208.545 67.787 172.804 150.359 94.7062 164.123 56.4036 35.7411 20.8639 55.6529 5133.62 4201.4 141.691 99.014 63.2459
internal_count=63104 4369 4241 2221 1613 128 608 370 58735 10226 5815 4411 904 1571 4911 2840 2117 1911 2794 1436 1670 2026 929 199 1358 48509 39884 3173 1497 675
is_linear=0
shrinkage=0.045


Tree=154
num_leaves=31
num_cat=0
split_feature=49 9 8 2 20 7 20 11 0 5 43 4 27 2 10 43 34 20 21 36 14 20 4 2 7 7 5 5 43 63
split_gain=3.02802 17.7757 18.5864 23.39 29.9836 31.8108 15.7178 13.5331 12.0117 11.89 10.1892 8.75729 8.49678 8.23162 7.13594 6.78311 6.6292 6.1306 5.58202 5.96563 5.48527 4.78712 3.95028 3.45164 3.37805 3.31575 3.20398 3.08992 2.97301 2.88239
threshold=303.00000000000006 2.5000000000000004 4.5000000000000009 1.5000000000000002 677.50000000000011 7.5000000000000009 342.50000000000006 1.0000000180025095e-35 13.500000000000002 8.5000000000000018 9.5000000000000018 24.500000000000004 1.5000000000000002 4.5000000000000009 1.0000000180025095e-35 25.500000000000004 1.0000000180025095e-35 742.50000000000011 135.00000000000003 1.0000000180025095e-35 1.0000000180025095e-35 422.50000000000006 6.5000000000000009 5.5000000000000009 8.5000000000000018 3.5000000000000004 1.5000000000000002 40.500000000000007 18.500000000000004 1.0000000180025095e-35
decision_type=2 2 2 2 2 2 2 2 2 2 2 2 2 2 2 2 2 2 2 2 2 2 2 2 2 2 2 2 2 2
left_child=26 6 3 -3 9 11 -2 8 12 -5 14 -6 13 -4 22 -11 20 18 -12 -20 -9 -18 -8 -19 -7 -22 -1 -16 -10 -28
right_child=1 2 7 4 5 24 10 16 28 15 17 -13 -14 -15 27 -17 21 23 19 -21 25 -23 -24 -25 -26 -27 29 -29 -30 -31
leaf_value=-0.023193535019927655 0.040363153930304964 0.026512178825423737 -0.014527386878998906 0.015275733084481588 0.019553427362525265 -0.023533016676064358 -0.0017334530332821546 0.044493844710292829 0.031355566705299487 -0.053046973149476671 0.017867731644188523 -0.027639552936746387 0.014422153452510173 -0.064983732065656413 -0.020922648192312005 -0.0017041432478097918 0.017273964946424785 0.035797093222368188 -0.038879755195635711 0.0078680127340836296 0.027858281011831763 -0.029806225647667817 -0.050427249506250549 0.0048112447894493359 -0.069882918269223618 -0.011963717114203281 0.00047780297884464845 0.014152655326201575 -0.0063023174337069419 -0.0072511885286271876
leaf_weight=10.745659876571152 26.079773114994168 19.263330281712115 14.992296408396216 5.8515130868181577 48.191931102832314 6.206323875871024 4.6444570296444025 22.113687175675295 11.09580837422982 67.500527126132511 17.089161500043701 8.5915192507673037 7.3993520457297555 11.77785350527847 7.0150186163373318 5.7128304690122595 8.8767507970333082 21.857951076002792 10.191909078799656 10.370649467688052 7.7624239893630129 6.8689798429841167 12.082046987372449 11.191791757359168 11.36153967498103 7.3719392959028482 5284.4285650716847 12.928235527127979 6.0937882702564812 98.550599395566678
leaf_count=215 74 60 64 22 219 40 24 71 44 494 61 81 43 117 50 30 34 64 65 55 40 47 93 51 108 45 56337 58 46 4352
internal_value=1.85837e-11 -0.00372095 -0.0102093 -0.0192307 -0.0251088 -0.00446816 0.00972413 0.00475973 -0.0115926 -0.0442207 0.00197833 0.0120582 -0.0267716 -0.0382669 -0.0169911 -0.0491176 0.0205288 0.0119167 -0.000581138 -0.0160312 0.0306516 -0.00381792 -0.037767 0.0257537 -0.0556578 0.00892174 0.000283816 0.00140504 0.0183931 0.000334981
internal_weight=5804.21 410.483 277.032 172.68 153.416 74.3513 133.451 104.353 51.3591 79.0649 107.371 56.7835 34.1695 26.7701 36.6698 73.2134 52.9938 70.7015 37.6517 20.5626 37.2481 15.7457 16.7265 33.0497 17.5679 15.1344 5393.72 19.9433 17.1896 5382.98
internal_count=63104 2200 1605 1054 994 448 595 551 314 546 521 300 224 181 225 524 237 296 181 120 156 81 117 115 148 85 60904 108 90 60689
is_linear=0
shrinkage=0.045


Tree=155
num_leaves=31
num_cat=0
split_feature=48 44 25 46 48 40 15 7 48 43 4 19 4 6 48 6 9 24 31 16 31 46 24 48 22 46 44 46 56 19
split_gain=2.70948 16.4151 11.6276 9.22325 12.9077 16.5967 13.0748 10.0517 8.64463 9.2268 11.9336 7.20576 7.14363 6.95257 5.45666 5.18568 6.94714 6.10972 5.04025 4.9312 4.7303 4.47889 4.2169 4.13562 22.5674 15.738 10.279 9.8935 9.98051 8.94333
threshold=16.000000000000004 1.0000000180025095e-35 1.0000000180025095e-35 1.0000000180025095e-35 1.0000000180025095e-35 1.0000000180025095e-35 741.50000000000011 1.0000000180025095e-35 9.0000000000000018 3.5000000000000004 33.500000000000007 2.5000000000000004 5.5000000000000009 12.500000000000002 9.0000000000000018 10.500000000000002 2.5000000000000004 1.0000000180025095e-35 2644.0000000000005 205.00000000000003 2401.0000000000005 1.5000000000000002 1.0000000180025095e-35 42.500000000000007 145.00000000000003 8.5000000000000018 1.0000000180025095e-35 13.500000000000002 3.5000000000000004 1.0000000180025095e-35
decision_type=2 2 2 2 2 2 2 2 2 2 2 2 2 2 2 2 2 2 2 2 2 2 2 2 2 2 2 2 2 2
left_child=1 8 13 12 6 -6 11 -7 9 -1 -11 -5 -4 15 -14 16 20 21 -19 -15 -3 -17 -18 24 27 26 -26 -2 -29 -28
right_child=23 2 3 4 5 7 -8 -9 -10 10 -12 -13 14 19 -16 17 22 18 -20 -21 -22 -23 -24 -25 25 -27 29 28 -30 -31
leaf_value=0.046402706807917964 0.0058894018033271512 0.023924756411268018 -0.034800080855617338 0.034994977806288921 0.066780598768199917 -0.065267376507456953 -0.016990205387607982 0.0068352644275944292 0.054943393105352116 0.038722829500837233 -0.040351418713693833 -0.029459646251376467 0.035216280762383381 -0.051199403021749107 -0.021696928654880803 0.018167672422629771 -0.0058908883167142333 -0.021148920340153459 0.035008063450122584 0.019250689746753716 -0.0052057363920177359 -0.051398443522734143 -0.029746574065133796 1.8989862118625337e-05 -0.051667590677030237 -0.046238070303159629 0.0054575610817375322 -0.034682074875280307 0.035618338711662118 -0.022857624435932311
leaf_weight=8.511819389183076 236.6197481857962 12.232124066809773 2.923792197398142 16.229218577078431 8.3680783342570049 2.9776977804140179 94.091600971551088 278.22764005094359 16.113563500344753 5.3501808643341056 8.9776470996439439 3.5959080520260605 35.307379268400837 10.450824547675435 3.1021143740508696 2.501492531970146 25.414138673819252 3.293304585095032 15.861810509391942 1.8912483369931585 75.876908147140057 3.5557715558679774 37.860827947566577 4732.5651938715237 10.095642458181826 32.852801748398633 56.526817388134077 22.123834252939563 4.1178622440202153 36.30263486433978
leaf_count=183 2839 234 112 314 24 37 4008 4574 63 21 65 147 909 489 55 18 595 89 222 43 1135 103 1155 40925 91 1753 838 778 52 1233
internal_value=4.47258e-11 0.00268308 0.000917975 0.00488885 0.002785 0.00782792 -0.00999057 0.0058432 0.0306593 0.0119406 -0.0102242 0.0224509 0.0248754 -0.00840729 0.0301858 -0.00600378 -0.00915585 0.0125496 0.0247828 -0.0397702 -0.000938463 -0.024166 -0.0204058 -0.000352213 -0.00474808 -0.0195738 -0.0106998 0.00295513 -0.022748 -0.0057412
internal_weight=5803.92 672.715 633.762 444.823 403.49 289.573 113.917 281.205 38.9532 22.8396 14.3278 19.8251 41.3333 188.938 38.4095 176.596 151.384 25.2124 19.1551 12.3421 88.109 6.05726 63.275 5131.2 398.639 135.778 102.925 262.861 26.2417 92.8295
internal_count=63104 14595 14263 10180 9104 4635 4469 4611 332 269 86 461 1076 4083 964 3551 3119 432 311 532 1369 121 1750 48509 7584 3915 2162 3669 830 2071
is_linear=0
shrinkage=0.045


Tree=156
num_leaves=31
num_cat=0
split_feature=48 44 4 48 43 4 48 46 46 4 56 27 17 47 75 16 19 36 5 44 30 43 22 48 22 46 44 19 27 40
split_gain=3.14727 14.5579 11.5003 9.81412 10.3962 11.2716 8.65512 9.99837 7.49743 7.59648 10.0169 8.62067 7.32744 13.3533 9.2849 5.34993 8.23385 5.79055 6.65956 5.72708 4.81525 4.13957 4.00531 3.91075 21.1268 13.9383 9.76857 8.27806 7.65703 7.84982
threshold=16.000000000000004 1.0000000180025095e-35 28.500000000000004 9.0000000000000018 3.5000000000000004 33.500000000000007 9.0000000000000018 5.5000000000000009 8.5000000000000018 35.500000000000007 1.5000000000000002 1.0000000180025095e-35 110.00000000000001 1436.5000000000002 2338.0000000000005 145.00000000000003 2.5000000000000004 1.5000000000000002 9.5000000000000018 3.5000000000000004 1547.0000000000002 14.500000000000002 145.00000000000003 42.500000000000007 145.00000000000003 8.5000000000000018 1.0000000180025095e-35 1.0000000180025095e-35 2.5000000000000004 2.5000000000000004
decision_type=2 2 2 2 2 2 2 2 2 2 2 2 2 2 2 2 2 2 2 2 2 2 2 2 2 2 2 2 2 2
left_child=1 3 15 4 -1 -6 7 12 9 10 -8 -11 13 -4 -14 17 -17 19 -19 -3 -20 -9 -23 24 28 26 -26 -28 29 -2
right_child=23 2 6 -5 5 -7 8 21 -10 11 -12 -13 14 -15 -16 16 -18 18 20 -21 -22 22 -24 -25 25 -27 27 -29 -30 -31
leaf_value=0.046663867343946924 0.0070179193360615441 0.0079484807131045641 0.0014670631234429835 0.055335095489548555 0.035230356417021588 -0.04152468065991255 -0.048761726939443195 -0.052195682679060273 0.038549756210827603 0.061430437991696708 0.021543742497645357 0.0010373209396053735 -0.012296076485292559 -0.031442261983558956 0.025637522388589011 0.038476011977970702 -0.01160207148284547 -0.046145074568015025 -0.041450524631566531 -0.03451104066782875 0.0014744601969362118 0.0088366498637276053 -0.049324930465601283 -1.8964247751152896e-05 -0.051041774626192797 -0.045216712628272586 0.0046391928072624126 -0.02270164398507939 -0.044636628279644153 -0.016145322550605589
leaf_weight=8.4273138493299502 223.59818705874204 293.75554303152603 51.685676343302475 15.915907535701988 5.2736550308763972 9.3261467497795802 10.426952795038234 14.865643616001764 11.955065886664668 5.0508780106902149 5.6792638587066895 23.071097132851719 25.519646325526992 47.145830240813666 24.871155285494751 21.22931229203823 8.9354839033621847 6.9100975153851314 4.8052443422493516 5.6050991918891659 59.237752456378075 6.1628097557841084 2.6930292035103776 4731.1692505179162 10.027228089980779 30.902199878357351 56.449120989782386 35.916387021898117 5.7363330989610395 33.167771722917678
leaf_count=183 2840 7036 890 63 21 65 222 959 138 10 89 257 635 790 409 186 320 222 231 48 1461 217 143 40925 91 1753 838 1233 152 677
internal_value=-7.33345e-11 0.00290162 0.00122831 0.0292464 0.00966192 -0.0133186 -0.00679419 -0.0117642 0.00844287 -0.00036756 -0.0241609 0.0136212 -0.00731806 -0.0143895 0.00656119 0.00582375 0.0237455 0.00430387 -0.00718279 0.00704124 -0.00233403 -0.038306 -0.0120602 -0.000378859 -0.00466997 -0.0191884 -0.0109717 -0.00612159 0.00274713 0.00397478
internal_weight=5795.52 668.549 629.606 38.943 23.0271 14.5998 229.127 172.944 56.1833 44.2282 16.1062 28.122 149.222 98.8315 50.3908 400.479 30.1648 370.314 70.9531 299.361 64.043 23.7215 8.85584 5126.97 395.797 133.295 102.393 92.3655 262.502 256.766
internal_count=63104 14595 14263 332 269 86 4759 4043 716 578 311 267 2724 1680 1044 9504 506 8998 1914 7084 1692 1319 360 48509 7584 3915 2162 2071 3669 3517
is_linear=0
shrinkage=0.045


Tree=157
num_leaves=31
num_cat=0
split_feature=48 55 42 15 7 19 51 48 0 0 51 20 20 34 27 54 46 46 20 20 51 51 55 9 40 54 46 48 54 29
split_gain=3.77164 16.2678 14.7248 9.32114 7.12429 6.77132 6.02122 27.5123 20.6785 13.5018 11.0316 10.0516 8.6694 8.46997 12.4277 17.5335 14.2796 14.0052 9.65347 22.1034 13.0248 7.58706 13.8562 8.40643 7.58497 12.2015 6.97942 5.89064 15.728 17.3103
threshold=16.000000000000004 7.5000000000000009 1351.0000000000002 222.50000000000003 1.0000000180025095e-35 2.5000000000000004 542.00000000000011 42.500000000000007 7.5000000000000009 2.5000000000000004 222.50000000000003 92.500000000000014 540.00000000000011 1.0000000180025095e-35 2.5000000000000004 4.5000000000000009 1.0000000180025095e-35 3.5000000000000004 540.00000000000011 363.00000000000006 741.50000000000011 222.50000000000003 6.5000000000000009 2.5000000000000004 1.0000000180025095e-35 4.5000000000000009 11.500000000000002 193.50000000000003 4.5000000000000009 1.0000000180025095e-35
decision_type=2 2 2 2 2 2 2 2 2 2 2 2 2 2 2 2 2 2 2 2 2 2 2 2 2 2 2 2 2 2
left_child=1 3 4 -1 -3 -6 7 8 10 -8 11 -2 21 18 24 16 -16 -17 19 20 -11 23 -23 -10 25 -15 -26 28 29 -9
right_child=6 2 -4 -5 5 -7 9 27 12 13 -12 -13 -14 14 15 17 -18 -19 -20 -21 -22 22 -24 -25 26 -27 -28 -29 -30 -31
leaf_value=0.016089789151867883 0.033475315468431702 -0.058485603843717107 0.037686342919803509 -0.0034622578245000766 0.010680671288300627 -0.045121545758228361 0.029612065092462669 -0.0068324887147115003 -0.029600926287890319 -0.042316000829342879 -0.062006488210269398 -0.030545739237165116 -0.02679038523577729 -0.028901624875090726 0.0074165848785241635 0.014546928175041435 -0.071734420802836346 -0.016610897413025488 0.004177395414739422 -0.034389319417758746 0.003043155024906583 0.028802139413724996 -0.059043126267119238 0.030825229511031272 0.01752481329045372 0.0079716587009784536 -0.0016623970320677759 -0.0012632395054809331 -0.0046664679751585126 0.014099296784501506
leaf_weight=54.852636042327504 4.704235886631067 2.2556677578249937 41.694152534939349 425.02831082444754 138.19811005235533 3.5746826003305605 35.699895851314068 106.4293237356178 4.7807149999716811 13.096812915988265 23.126601477808435 47.817993298216606 18.297852766219876 22.509820862673223 6.7894953908398774 65.108842285117134 12.350040113553403 51.345995476905955 190.30140409351588 53.707969796698308 140.52447117003612 5.9486086261458677 6.8218604048161069 26.58349187130807 213.09050845136517 79.04944901278941 46.578498751623556 3334.1921329965626 298.85874666809104 315.13309774718073
leaf_count=1127 24 37 183 11090 1972 186 91 885 77 340 826 694 830 91 35 238 73 313 2182 1487 1467 115 334 273 1414 399 495 32997 1338 1491
internal_value=-1.55616e-11 0.00318409 0.014454 -0.00119856 0.0075151 0.00896748 -0.000414245 -0.00114099 -0.0208207 0.00285928 -0.0364811 -0.0242933 -0.00156917 0.00175963 0.00567218 -0.00591327 -0.0446826 0.000784698 -0.00313089 -0.0098268 -0.00107256 0.00924922 -0.0190039 0.0209847 0.0100253 -0.000403134 0.0140899 -0.000465819 0.00322137 0.00881111
internal_weight=5788.45 665.604 185.723 479.881 144.028 141.773 5122.85 4192.69 138.081 930.153 75.6488 52.5222 62.4325 894.453 496.823 135.594 19.1395 116.455 397.631 207.329 153.621 44.1347 12.7705 31.3642 361.228 101.559 259.669 4054.61 720.421 421.562
internal_count=63104 14595 2378 12217 2195 2158 48509 39884 3173 8625 1544 718 1629 8534 3058 659 108 551 5476 3294 1807 799 449 350 2399 490 1909 36711 3714 2376
is_linear=0
shrinkage=0.045


Tree=158
num_leaves=31
num_cat=0
split_feature=48 55 42 15 19 51 48 22 51 0 33 38 29 6 25 44 31 21 34 26 6 6 56 29 48 42 54 29 6 5
split_gain=4.21017 17.052 15.2391 9.37631 6.14275 5.77459 24.7533 21.3992 14.9992 12.3681 11.5635 10.8515 10.1447 9.03329 8.61166 7.89454 7.359 7.1548 6.95473 8.69229 12.8428 10.8383 6.23057 21.8218 8.26103 13.8171 11.2769 6.71863 6.6807 5.64022
threshold=16.000000000000004 7.5000000000000009 1351.0000000000002 222.50000000000003 2.5000000000000004 542.00000000000011 42.500000000000007 135.00000000000003 222.50000000000003 2.5000000000000004 1.0000000180025095e-35 3.5000000000000004 2.5000000000000004 2.5000000000000004 2.5000000000000004 1.5000000000000002 1142.0000000000002 115.00000000000001 2.5000000000000004 1.5000000000000002 17.500000000000004 13.500000000000002 3.5000000000000004 1.5000000000000002 193.50000000000003 661.50000000000011 4.5000000000000009 1.0000000180025095e-35 15.500000000000002 27.500000000000004
decision_type=2 2 2 2 2 2 2 2 2 2 2 2 2 2 2 2 2 2 2 2 2 2 2 2 2 2 2 2 2 2
left_child=1 3 4 -1 29 6 7 8 10 -7 -2 12 15 -10 18 -9 -12 -15 19 21 -21 -11 24 28 25 27 -27 -8 -24 -3
right_child=5 2 -4 -5 -6 9 22 11 13 14 16 -13 -14 17 -16 -17 -18 -19 -20 20 -22 -23 23 -25 -26 26 -28 -29 -30 -31
leaf_value=0.016094656300552099 -0.033837486888127412 0.019220297875438167 0.038071103600280702 -0.0034234745251006341 -0.044138097447347521 0.02858018323357029 0.012677897265204028 -0.053318771147647243 0.049584225735869063 0.0023408461942189536 0.047588146112209247 0.039360252329201248 0.027237609485199168 -0.058437307546292283 -0.037593106297559201 0.010698632688840836 0.0069142938724276876 0.0048494518806233792 -0.019323404276224029 0.00023182594295810278 -0.02814715140519259 0.016221029613597421 0.027543066934122479 -0.061487897694671681 -0.0012641180778350312 0.010057748724520841 -0.0019547721664251159 -0.044690129406185275 -0.019391280362245553 0.0011030095449613873
leaf_weight=55.475583181294496 9.7465742666099668 62.694841792603256 42.986949345096946 423.4534859014675 3.514730531256645 35.166354324668646 4.976694944547492 50.347347537725 1.4876733869314218 428.55529843804834 11.50919740233803 2.5952278822660437 3.1978390198200932 14.852235638594722 10.13935182859859 3.8929093764163545 33.784945555147715 4.4986204835004164 28.329364928678842 228.62701141681464 36.59970158849319 154.384485648603 13.681197077035906 13.757192567922173 3332.8489611790428 400.42814297834411 260.77040630741976 15.882848436478524 9.6435735959094 76.981221104884753
leaf_count=1127 161 833 183 11090 194 91 124 1885 2 2752 63 16 41 573 478 64 294 74 191 2265 1349 1499 44 117 32997 2082 1129 170 48 1168
internal_value=-7.90474e-11 0.00336501 0.0148822 -0.00113381 0.0077049 -0.000438581 -0.0011484 -0.0199672 -0.00395661 0.00278398 0.00842541 -0.0398075 -0.0439968 -0.0355494 0.00172979 -0.0486136 0.0180542 -0.0442093 0.002227 0.00296871 -0.00377532 0.00603833 -0.000512402 -0.0186287 -0.000340481 0.00416807 0.00532433 -0.0310494 0.00813873 0.00931394
internal_weight=5774.81 665.107 186.178 478.929 143.191 5109.7 4187.9 135.913 75.8792 921.802 55.0407 60.0333 57.4381 20.8385 886.635 54.2403 45.2941 19.3509 876.496 848.166 265.227 582.94 4051.99 37.082 4014.91 682.058 661.199 20.8595 23.3248 139.676
internal_count=63104 14595 2378 12217 2195 48509 39884 3173 1167 8625 518 2006 1990 649 8534 1949 357 647 8056 7865 3614 4251 36711 209 36502 3505 3211 294 92 2001
is_linear=0
shrinkage=0.045


Tree=159
num_leaves=31
num_cat=0
split_feature=48 48 3 4 56 42 56 15 19 42 46 46 38 16 20 20 7 27 0 46 15 48 33 75 56 8 21 4 48 22
split_gain=3.64486 10.2528 34.099 19.7287 24.1977 17.9138 19.4992 27.5292 14.3901 12.2113 11.4556 11.4183 14.964 9.57623 8.67366 8.26922 7.66458 6.94114 7.16829 6.70574 7.01357 7.48509 5.88495 5.80739 5.34294 5.13625 4.85961 4.63004 3.66612 18.3932
threshold=16.000000000000004 9.0000000000000018 3.5000000000000004 28.500000000000004 1.5000000000000002 1351.0000000000002 1.5000000000000002 542.00000000000011 1.0000000180025095e-35 661.50000000000011 1.5000000000000002 6.5000000000000009 1.5000000000000002 145.00000000000003 92.500000000000014 431.50000000000006 1.5000000000000002 1.0000000180025095e-35 3.5000000000000004 5.5000000000000009 742.50000000000011 1.0000000180025095e-35 1.5000000000000002 2422.0000000000005 2.5000000000000004 1.0000000180025095e-35 135.00000000000003 4.5000000000000009 42.500000000000007 145.00000000000003
decision_type=2 2 2 2 2 2 2 2 2 2 2 2 2 2 2 2 2 2 2 2 2 2 2 2 2 2 2 2 2 2
left_child=1 3 16 4 8 6 7 -4 11 -5 27 14 -13 -12 -1 -9 -3 -8 -19 20 21 -11 -6 -22 -24 -18 -26 -10 29 -2
right_child=28 2 5 9 22 -7 17 15 10 19 13 12 -14 -15 -16 -17 25 18 -20 -21 23 -23 24 -25 26 -27 -28 -29 -30 -31
leaf_value=-0.032530367799308707 0.0024087177561633198 0.039715382754401243 0.038365273293918416 0.047686209170992248 -0.051219463672038307 0.060045995290340992 0.055187007085835814 0.00039519925687312612 -0.028501266697714432 -0.0046552921226221816 -0.013246338640291585 -0.011878733896560585 0.030656087597636859 0.024876003148268867 0.034409255438509506 -0.037295778580067405 0.036592822994901693 0.04725772963727027 -0.0041225083066139083 -0.036359776723665298 -0.0098790897351224791 -0.027472728175226405 -0.04680265416207785 0.022103271721667647 0.040918443528401252 -0.050151033937134451 -0.034640299189764731 0.023044906823326581 -6.3636802520730857e-05 -0.018275675030073695
leaf_weight=3.3616813195985733 255.90717711612524 1.6228285199031258 23.705004949617432 5.8601448549889019 15.558343883603811 20.036191137507558 22.159178821137175 21.544025819108356 3.0002380274236193 58.97663521492359 89.911461954689003 38.610402512778819 28.082457211145083 14.694138381310038 78.960307633518823 24.972523996446398 0.78453258424997585 8.6712828514282609 12.407883678271899 22.142664435974439 24.195533213685849 57.458375164118479 2.9641265862446744 20.222502308897674 4.4384786212467588 19.617064236517763 1.6380832912691401 42.475577805627836 4706.2270982486734 130.78822223694442
leaf_count=42 3669 6 149 175 773 61 196 320 101 1227 3223 739 435 258 849 579 2 60 276 1318 552 682 165 337 49 826 122 1073 40925 3915
internal_value=-9.78574e-11 0.00312262 0.0132031 4.42056e-05 0.00678196 0.0217928 0.014572 -0.000167672 0.0103452 -0.0114791 0.000490082 0.0202015 0.00621975 -0.00770638 0.0313181 -0.0201984 -0.0375471 0.0379728 0.0181967 -0.0136226 -0.0102874 -0.0160533 -0.0352549 0.00484781 -0.00541612 -0.0452614 0.018533 0.0191041 -0.000410147 -0.00461626
internal_weight=5760.99 668.072 155.521 512.551 323.695 133.496 113.46 70.2216 299.096 188.856 150.081 149.015 66.6929 104.606 82.322 46.5165 22.0244 43.2383 21.0792 182.996 160.853 116.435 24.599 44.418 9.04069 20.4016 6.07656 45.4758 5092.92 386.695
internal_count=63104 14595 2475 12120 7829 1641 1580 1048 6720 4291 4655 2065 1174 3481 891 899 834 532 336 4116 2798 1909 1109 889 336 828 171 1174 48509 7584
is_linear=0
shrinkage=0.045


Tree=160
num_leaves=31
num_cat=0
split_feature=48 55 59 15 19 16 15 51 48 20 9 20 20 51 0 0 46 27 34 36 43 34 38 48 15 54 4 34 48 48
split_gain=3.7912 15.9593 14.4829 6.76231 5.13969 5.29843 8.48079 5.13392 20.8054 19.9341 18.3291 16.943 12.1476 9.86072 9.7681 8.23866 7.53285 16.9814 16.6056 9.75701 8.04397 6.67222 6.03948 5.18354 11.3656 12.5707 14.3896 10.7481 5.54957 24.6937
threshold=16.000000000000004 7.5000000000000009 -1.0000000180025095e-35 222.50000000000003 2.5000000000000004 145.00000000000003 324.00000000000006 542.00000000000011 42.500000000000007 540.00000000000011 2.5000000000000004 390.50000000000006 92.500000000000014 222.50000000000003 2.5000000000000004 21.500000000000004 3.5000000000000004 2.5000000000000004 1.0000000180025095e-35 1.5000000000000002 13.500000000000002 1.5000000000000002 1.5000000000000002 193.50000000000003 1.0000000180025095e-35 4.5000000000000009 19.500000000000004 1.0000000180025095e-35 393.50000000000006 342.50000000000006
decision_type=2 2 2 2 2 2 2 2 2 2 2 2 2 2 2 2 2 2 2 2 2 2 2 2 2 2 2 2 2 2
left_child=1 3 4 -1 5 6 -3 8 9 10 -2 12 -12 -13 -9 16 19 18 -18 20 -16 -19 -21 24 -10 26 -26 -27 29 -25
right_child=7 2 -4 -5 -6 -7 -8 14 23 -11 11 13 -14 -15 15 -17 17 21 -20 22 -22 -23 -24 28 25 27 -28 -29 -30 -31
leaf_value=0.013557724101651835 -0.043246327215706593 -0.056768152411592332 0.036475638993246122 -0.0031423539916892911 -0.042038741372505017 0.039011745081793128 0.008084140648917524 0.025714944385995642 -0.041189962583358407 -0.040262572955740913 0.025609455900158562 0.056438158549518891 -0.025337574594740998 -0.0086036998061657811 0.0044840875732801658 -0.036471626354229729 -0.0075479609893334583 -0.012706846694337319 0.010372332754331134 -0.0042579123938329367 0.019168514745215522 -0.044740079243531641 -0.048411709115793559 -0.00069778793904667381 -0.0011143482424600503 0.0020570767257000956 0.015979137946890799 -0.016918146604204209 -0.0004884135782902367 -0.02620225889686879
leaf_weight=54.635624819857185 18.216386041312944 3.2297053151705759 44.451667346060276 417.34919776036259 3.1988802875857791 9.7517152521759254 124.53438369678042 34.680019713938236 10.614608087344093 51.171616506602732 12.773456506663932 15.497436933132123 29.757220505562145 6.2764711723139035 262.41823204244429 10.309607486386083 204.37768310347747 39.397497341036797 212.65780609974172 20.364076755562568 105.60944580133219 19.772188562201336 8.2122463496343681 393.8984366262448 171.7580319699191 210.11867277673446 236.39482137555024 83.761656977469102 2835.9706546209418 94.532348903594539
leaf_count=1127 331 104 183 11090 194 47 1850 91 220 1663 100 72 836 171 1495 617 3276 288 1515 238 714 173 218 2594 973 875 1183 463 29213 1190
internal_value=-3.88974e-11 0.00321389 0.0143717 -0.00118462 0.007181 0.00862117 0.00601662 -0.000415602 -0.00108619 -0.0184843 -0.00465919 0.00676672 -0.00979959 0.0381349 0.00262962 0.001695 0.00218705 -0.00162766 0.00159304 0.00675996 0.00873846 -0.0239768 -0.0181546 -0.000505593 0.00297447 0.00369987 0.00880075 -0.00339027 -0.00125228 -0.00567745
internal_weight=5745.69 657.151 185.166 471.985 140.715 137.516 127.764 5088.54 4170.74 133.693 82.521 64.3046 42.5307 21.7739 917.799 883.119 872.809 476.205 417.035 396.604 368.028 59.1697 28.5763 4037.05 712.648 702.033 408.153 293.88 3324.4 488.431
internal_count=63104 14595 2378 12217 2195 2001 1954 48509 39884 3173 1510 1179 936 243 8625 8534 7917 5252 4791 2665 2209 461 456 36711 3714 3494 2156 1338 32997 3784
is_linear=0
shrinkage=0.045


Tree=161
num_leaves=31
num_cat=0
split_feature=57 57 15 4 39 7 46 57 53 6 20 39 48 5 39 4 29 4 4 57 47 4 46 43 7 57 46 6 46 20
split_gain=3.63528 8.16668 9.49423 7.85983 10.0635 5.86388 10.7149 7.10356 5.71278 12.1489 13.6711 15.7889 10.1279 8.69532 10.6284 8.11288 10.4576 8.05965 7.70117 18.3342 11.2228 16.5785 6.53944 6.2337 5.83036 5.24528 13.4014 8.51501 7.90008 16.2939
threshold=45.000000000000007 1.0000000180025095e-35 542.00000000000011 15.500000000000002 1.0000000180025095e-35 2.5000000000000004 7.5000000000000009 205.00000000000003 4.5000000000000009 15.500000000000002 108.00000000000001 1.0000000180025095e-35 742.50000000000011 11.500000000000002 1.0000000180025095e-35 6.5000000000000009 1.5000000000000002 1.5000000000000002 7.5000000000000009 155.00000000000003 1865.5000000000002 25.500000000000004 1.0000000180025095e-35 7.5000000000000009 7.5000000000000009 125.00000000000001 2.5000000000000004 14.500000000000002 1.0000000180025095e-35 422.50000000000006
decision_type=2 2 2 2 2 2 2 2 2 2 2 2 2 2 2 2 2 2 2 2 2 2 2 2 2 2 2 2 2 2
left_child=1 -1 -3 -4 -5 6 25 -8 9 13 11 -11 18 14 23 -15 -17 -12 19 -10 22 -22 -20 -7 -19 26 28 -27 -2 -30
right_child=5 2 3 4 -6 8 7 -9 12 10 17 -13 -14 15 -16 16 -18 24 20 -21 21 -23 -24 -25 -26 27 -28 -29 29 -31
leaf_value=0.00031491822733482368 -0.026298473593751422 0.045097271476214854 0.02572265701917004 0.015551894180977074 -0.045814996891647627 -0.0034633309661107887 0.031267484160497974 -0.017350347650697397 0.0033051378103227955 0.0034168826886393825 -0.037672104937442115 -0.07503484646807039 0.017926180659417087 0.0070316094981582571 -0.023098238971618553 -0.022438750562561043 -8.8883865105092769e-05 0.014675191523265321 0.0080153563649525 -0.050807998798913248 0.0022548452336677632 0.051788085380836825 -0.009414924452826455 0.038906392659210656 -0.0099908478891733397 -0.017743867525062042 -0.053760586088079383 0.031982259105762793 0.052055139706645923 -0.025882192421931002
leaf_weight=4685.1066133810527 11.816849317401646 16.524416326545179 18.011578579724301 10.485928674723256 9.4184981042635609 11.251936379296241 38.309976500459015 6.5355013994267201 31.270551344729029 11.734047300007662 6.4519809460325623 8.2054035307664872 55.560125605668873 29.831475643542944 14.993960402644005 194.813845904966 54.119320192461601 112.26418097730493 59.042332757264376 20.196881385752931 48.489264482748695 18.115798330516554 158.99986883858219 17.09480663438444 22.679209363792324 11.148162719007816 11.171604528237365 15.652856911532579 11.412365578114988 8.829391082050277
leaf_count=55314 42 42 86 80 115 88 199 42 285 85 97 122 285 228 106 2159 454 752 336 166 260 97 1123 99 149 74 85 56 29 49
internal_value=7.69274e-13 0.000518163 0.0176881 0.00489086 -0.0142886 -0.00247871 0.0070396 0.0239583 -0.00373479 -0.00700217 0.00306558 -0.0309089 0.000305672 -0.0120387 0.0065885 -0.014948 -0.0175996 0.00804005 -0.00265155 -0.0184936 0.000267586 0.0162941 -0.00468004 0.0225433 0.0104867 -0.0039793 -0.0135585 0.0114039 0.00165336 0.0184411
internal_weight=5729.54 4739.55 54.4404 37.916 19.9044 989.992 114.877 44.8455 875.115 483.44 161.335 19.9395 391.675 322.105 43.3407 278.765 248.933 141.395 336.115 51.4674 284.647 66.6051 218.042 28.3467 134.943 70.0312 43.2302 26.801 32.0586 20.2418
internal_count=63104 55637 323 281 195 7467 576 241 6891 4339 1205 207 2552 3134 293 2841 2613 998 2267 451 1816 357 1459 187 901 335 205 130 120 78
is_linear=0
shrinkage=0.045


Tree=162
num_leaves=31
num_cat=0
split_feature=57 57 0 20 34 30 30 57 15 55 58 75 16 57 57 2 58 20 30 22 46 53 5 0 19 34 74 48 2 12
split_gain=3.53868 7.37054 14.5028 13.1071 5.62104 4.94828 6.22064 5.51384 15.4294 13.6749 15.3045 10.2101 11.1337 9.29159 11.8623 9.19925 8.7966 7.08942 5.67035 4.74611 4.2696 13.0426 8.17463 9.53095 7.50421 7.49584 9.99445 12.5791 9.15122 6.25457
threshold=45.000000000000007 1.0000000180025095e-35 9.5000000000000018 115.50000000000001 3.5000000000000004 7650.0000000000009 8062.5000000000009 55.000000000000007 542.00000000000011 1.5000000000000002 1.0000000180025095e-35 2160.0000000000005 65.000000000000014 105.00000000000001 115.00000000000001 3.5000000000000004 1.0000000180025095e-35 91.000000000000014 229.00000000000003 125.00000000000001 4.5000000000000009 1.5000000000000002 7.5000000000000009 16.500000000000004 1.5000000000000002 1.5000000000000002 1.0000000180025095e-35 1167.0000000000002 5.5000000000000009 1.0000000180025095e-35
decision_type=2 2 2 2 2 2 2 2 2 2 2 2 2 2 2 2 2 2 2 2 2 2 2 2 2 2 2 2 2 2
left_child=1 20 3 -3 5 7 -7 8 11 13 15 -2 -13 17 -15 -11 -10 -9 -18 -12 22 24 23 -1 -22 29 28 -28 -27 -23
right_child=4 2 -4 -5 -6 6 -8 9 16 10 19 12 -14 14 -16 -17 18 -19 -20 -21 21 25 -24 -25 -26 26 27 -29 -30 -31
leaf_value=-0.0059908947768560466 0.034050964183771057 -0.048221221047477558 0.038452901342253661 0.016497762213685381 0.039127351727522582 0.013083781666711808 -0.01835214148107777 -0.040988719680863595 -0.065383790153868762 -0.023122550017807272 0.022466440902942926 -0.0014969335301917921 -0.070876499473225316 -0.041495756248347074 -0.0061381232358020486 0.012304204168566937 0.036221865509064415 0.0071598957197717035 -0.026638818377287023 0.065237927176358276 -0.02351833670227561 0.00062187298850483515 0.001909513741188441 -0.049118396440319761 0.021222356197400056 -0.0063444194546719819 0.018469191538864678 -0.037457057258413112 -0.036883094573319793 -0.020186139708918523
leaf_weight=96.461438587604789 13.12377644330263 9.0990099412665604 28.386944920755923 16.111455418315018 5.5424627363681784 70.739838538735057 14.585936989606124 5.4786939658224574 12.790932694450019 19.146573681617156 12.418627256527545 38.885562489158474 4.3326402157545081 18.982905135955662 530.32495550961175 55.484622441639658 2.4659407057333764 145.26639762344712 20.857789002853679 10.808308846782891 72.324476734676864 1635.4298840231786 2706.0769444603284 10.689506691953282 7.6906680645915904 43.329725811636308 34.841351196824689 9.5568854635857843 36.515496701889788 28.784940821489727
leaf_count=1238 24 119 100 104 20 445 148 28 79 235 53 293 25 93 3987 542 21 995 428 51 3901 21922 25840 314 193 451 408 305 364 378
internal_value=1.12155e-11 0.000509776 0.0169482 -0.00780932 -0.00245812 -0.00273416 0.00755965 -0.00372801 -0.0140724 -0.00251326 0.01316 0.000754479 -0.00989784 -0.00471982 -0.00743319 0.00302994 -0.0366008 0.00515139 -0.0187768 0.0442408 0.000318005 -0.00134906 0.00142531 -0.0107077 -0.0190092 -0.000548766 -0.0111655 0.00587095 -0.0205941 0.000250063
internal_weight=5716.53 4735.3 53.5974 25.2105 981.236 975.694 85.3258 890.368 92.4566 797.911 97.8581 56.342 43.2182 700.053 549.308 74.6312 36.1147 150.745 23.3237 23.2269 4681.7 1868.47 2813.23 107.151 80.0151 1788.46 124.243 44.3982 79.8452 1664.21
internal_count=63104 55637 323 223 7467 7447 593 6854 870 5984 881 342 318 5103 4080 777 528 1023 449 104 55314 27922 27392 1552 4094 23828 1528 713 815 22300
is_linear=0
shrinkage=0.045


Tree=163
num_leaves=31
num_cat=0
split_feature=48 42 15 25 44 36 33 43 55 55 6 43 6 37 55 48 42 48 29 47 48 48 55 30 2 48 54 22 38 48
split_gain=3.55857 6.30833 6.18574 5.79924 5.55727 9.74604 10.2581 7.60136 6.23145 12.6939 11.4947 7.86554 6.66531 7.62843 5.52771 9.55135 15.4421 10.0836 17.7173 16.2521 23.4333 12.7721 11.6684 14.4757 10.2282 9.19599 18.8842 14.3007 8.82483 6.17995
threshold=742.50000000000011 3722.0000000000005 1.0000000180025095e-35 1.5000000000000002 1.0000000180025095e-35 1.0000000180025095e-35 1.0000000180025095e-35 5.5000000000000009 15.500000000000002 11.500000000000002 16.500000000000004 27.500000000000004 20.500000000000004 1.0000000180025095e-35 6.5000000000000009 16.000000000000004 1351.0000000000002 709.50000000000011 1.0000000180025095e-35 4077.5000000000005 342.50000000000006 276.00000000000006 9.5000000000000018 2061.0000000000005 2.5000000000000004 741.50000000000011 4.5000000000000009 325.00000000000006 1.5000000000000002 9.0000000000000018
decision_type=2 2 2 2 2 2 2 2 2 2 2 2 2 2 2 2 2 2 2 2 2 2 2 2 2 2 2 2 2 2
left_child=14 2 3 -2 5 7 -7 -4 9 11 -11 -6 -10 -14 -1 16 -16 18 22 21 -21 -20 23 -17 -19 27 -27 -26 -24 -18
right_child=1 -3 4 -5 8 6 -8 -9 12 10 -12 -13 13 -15 15 17 29 24 19 20 -22 -23 28 -25 25 26 -28 -29 -30 -31
leaf_value=-0.00051410859566519457 0.051698212629000838 0.051351581082306391 -0.012120099207286215 0.0014888085036371132 -0.0013625220315808043 0.019263994791318576 -0.041340002243028487 -0.052958528721979203 0.02296129199480073 -0.0023954193531503542 -0.030229018175042605 0.013370189956871552 -0.031149814915322989 0.0087842980218063912 0.005550967158903063 -0.034041345281424024 0.020395451148714681 -0.020994682717066535 0.0021185882506559776 0.030915524416279323 -0.049443969807569918 -0.028055494664313545 -0.026949526897630239 0.015588978564581392 0.024881878670425808 -0.0090874859011970521 0.018800029413788926 -0.037704130794536272 -0.0055169771187701024 0.055063988719201949
leaf_weight=1904.500084701147 7.5630751117132613 3.6096014194190493 24.13389640673995 10.350012807175517 2178.2014140383908 23.287880822550509 6.385161332320421 14.816755959764121 42.991890325392887 62.448989763666759 57.242657525603136 74.942621644659084 11.813972654374082 38.699612181342673 164.58021529371035 14.468377406941725 27.623464105650783 21.90006268909201 379.32786322823085 67.697993217268959 7.3257201319211154 29.699600954074413 95.356009167713637 50.731636188837001 103.19888767547673 101.49932618997991 93.595176666043699 7.0817772685550144 66.297583602630766 17.964367467910051
leaf_count=23509 74 67 212 71 21238 185 107 303 445 666 1830 1311 793 721 2536 154 138 153 3774 246 163 373 1004 513 646 715 263 59 785 50
internal_value=1.06228e-10 -0.00124737 -0.00134182 0.0243003 -0.00153253 -0.014071 0.00530039 -0.0285917 -0.00117809 -0.00162878 -0.015847 -0.000866778 0.0101549 -0.000978764 0.0010115 0.00333755 0.0120623 0.00156142 -0.00144894 0.0034154 0.0225216 -0.000135441 -0.0117977 0.00422778 0.00808498 0.0102322 0.00431899 0.0205602 -0.0182475 0.0349457
internal_weight=5709.34 2556.49 2552.88 17.9131 2534.96 68.6237 29.673 38.9507 2466.34 2372.84 119.692 2253.14 93.5055 50.5136 3152.85 1248.35 210.168 1038.18 710.905 484.051 75.0237 409.027 226.854 65.2 327.275 305.375 195.095 110.281 161.654 45.5878
internal_count=63104 28023 27956 145 27811 807 292 515 27004 25045 2496 22549 1959 1514 35081 11572 2724 8848 7012 4556 409 4147 2456 667 1836 1683 978 705 1789 188
is_linear=0
shrinkage=0.045


Tree=164
num_leaves=31
num_cat=0
split_feature=48 42 53 58 55 25 72 15 72 55 70 9 48 9 19 17 11 26 21 55 48 42 55 4 2 48 19 48 14 9
split_gain=2.97748 6.8368 5.85519 6.6947 6.79815 6.67263 12.0737 10.9326 10.4606 7.85267 19.6185 7.654 7.09389 10.3873 7.78397 6.92763 6.34037 5.8108 5.45026 4.9477 7.5231 11.6893 9.21002 10.8663 10.281 9.33499 8.19134 13.0052 9.37203 9.18629
threshold=742.50000000000011 3722.0000000000005 4.5000000000000009 1.0000000180025095e-35 1.5000000000000002 1.0000000180025095e-35 1.0000000180025095e-35 742.50000000000011 1.0000000180025095e-35 4.5000000000000009 1.0000000180025095e-35 1.0000000180025095e-35 1167.0000000000002 1.0000000180025095e-35 1.0000000180025095e-35 60.000000000000007 1.0000000180025095e-35 1.0000000180025095e-35 75.000000000000014 6.5000000000000009 16.000000000000004 1351.0000000000002 9.5000000000000018 2.5000000000000004 1.5000000000000002 709.50000000000011 1.0000000180025095e-35 126.00000000000001 1265.0000000000002 1.5000000000000002
decision_type=2 2 2 2 2 2 2 2 2 2 2 2 2 2 2 2 2 2 2 2 2 2 2 2 2 2 2 2 2 2
left_child=19 2 5 17 -5 6 9 8 16 10 -2 -11 13 -9 -14 -8 -7 -4 -19 -1 21 -21 26 -24 -25 -26 -22 28 -28 -29
right_child=1 -3 3 4 -6 7 15 12 -10 11 -12 -13 14 -15 -16 -17 -18 18 -20 20 22 -23 23 24 25 -27 27 29 -30 -31
leaf_value=-0.00051488857297532302 -0.00055153314435829658 0.052897283180277449 -0.02174435793617718 0.011821875692886752 0.05404340705716653 -0.0056238975904760432 0.031490493673537692 0.017181317001781621 -0.06075440412733786 -0.020537556909885967 -0.033715356209209429 0.008245395130787014 -0.01001469456501672 -0.0051174320352584523 0.0047856259312526158 0.00038773925996036146 -0.02633701780904435 -0.02838506051917012 0.019925581089267883 0.0052326213156159047 -0.00081800535333374975 0.030887368210307568 0.013173442397905645 -0.03730097681139867 -0.0064654283635593134 0.0054406772493383422 -0.011132451381052552 -0.0029777396089052011 0.022741293203127053 0.028956903682661697
leaf_weight=1903.3357078664849 383.3537109869867 3.7326937057077876 16.720876013161615 28.487610078882426 10.045040961354969 107.12477203532762 40.476674278266728 43.20925672078738 8.3686525035300274 19.260367692972068 38.882839758618502 251.20420769057091 85.605667287971301 999.06519535042753 425.32502138473501 22.335959005984478 40.965284461824922 4.9340194384276428 23.521528296289034 164.7070251430705 133.30491624775459 45.226876719854772 89.911103932798142 16.69792870467063 398.02568766119657 199.38491933979094 53.445742618001532 22.268918285495602 22.758200543685234 95.623679690790595
leaf_count=23509 2853 67 163 130 25 2386 87 304 119 162 254 2318 2282 10130 5828 136 600 41 138 2536 1038 188 545 248 4152 1288 819 105 242 411
internal_value=-1.87556e-11 -0.00114158 -0.00124143 0.0103926 0.0239172 -0.00164054 0.0018796 -0.0031963 -0.0144959 0.000153924 -0.00367796 0.00612759 -0.00204947 -0.00417742 0.00229114 0.0206099 -0.0114919 -0.00141113 0.0108695 0.000926714 0.00313572 0.0108798 0.0015505 -0.00135057 -0.00349498 -0.00248933 0.00777387 0.0136487 -0.000852578 0.0229504
internal_weight=5697.31 2552.62 2548.89 83.7091 38.5327 2465.18 755.514 1709.66 156.459 692.701 422.237 270.465 1553.21 1042.27 510.931 62.8126 148.09 45.1764 28.4555 3144.69 1241.35 209.934 1031.42 704.02 614.109 597.411 327.401 194.097 76.2039 117.893
internal_count=63104 28023 27956 497 155 27459 5810 21649 3105 5587 3107 2480 18544 10434 8110 223 2986 342 179 35081 11572 2724 8848 6233 5688 5440 2615 1577 1061 516
is_linear=0
shrinkage=0.045


Tree=165
num_leaves=31
num_cat=0
split_feature=46 70 38 21 21 43 48 39 38 14 55 70 43 10 2 9 8 20 5 48 21 48 5 33 47 33 6 31 48 14
split_gain=3.47835 16.73 17.975 9.73111 18.1312 9.67697 10.5175 9.11317 8.34434 9.95832 8.62587 7.93143 37.533 24.6893 12.6748 18.3422 14.3772 8.19916 8.07093 7.4309 20.8556 7.46032 13.8342 12.4676 8.29725 7.30099 7.14284 6.90553 6.20665 20.1157
threshold=3.5000000000000004 1.0000000180025095e-35 1.5000000000000002 125.00000000000001 195.00000000000003 7.5000000000000009 1228.0000000000002 1.5000000000000002 1.0000000180025095e-35 1265.0000000000002 5.5000000000000009 1.0000000180025095e-35 10.500000000000002 1.0000000180025095e-35 4.5000000000000009 3.5000000000000004 1.0000000180025095e-35 749.50000000000011 32.500000000000007 1262.5000000000002 105.00000000000001 1211.0000000000002 25.500000000000004 1.5000000000000002 1865.5000000000002 1.5000000000000002 6.5000000000000009 7718.5000000000009 1262.5000000000002 1.0000000180025095e-35
decision_type=2 2 2 2 2 2 2 2 2 2 2 2 2 2 2 2 2 2 2 2 2 2 2 2 2 2 2 2 2 2
left_child=11 5 3 -3 -5 6 8 -4 27 10 -10 28 14 17 26 16 -16 -14 -17 21 -21 -7 24 -24 -23 -11 -13 -2 -1 -30
right_child=1 2 7 4 -6 19 -8 -9 9 25 -12 12 13 -15 15 18 -18 -19 -20 20 -22 22 23 -25 -26 -27 -28 -29 29 -31
leaf_value=0.001760017283457144 -0.0033889383971537875 0.060162924068383909 -0.042691178170462828 -0.013648572611542302 0.055013274241987396 -0.00055940111946966252 -0.063753018943118051 0.030037169156392828 -0.033950935929416406 0.030897602117273243 -0.0042008992183660884 0.026750269932904816 0.047111197697469756 -0.054364440886357342 0.013518077960073724 -0.028117799194793021 -0.070573802938913757 -0.0043208727259782288 0.047381548446076546 0.055029850349551643 -0.016628138910761987 0.02360867984085372 0.0055894066775903986 -0.029379414834160275 -0.040016635515437403 -0.024499250092473387 -0.040425142456982095 0.035512138123570021 -0.038466677235311553 0.022204950508793137
leaf_weight=2833.2785877248753 80.077849523368059 18.077880786731839 10.32841530619771 16.341372517577842 13.357791189104317 2267.751443585068 6.4391613630577913 4.207756732183042 57.598042825178709 12.483176651338001 30.230166177731007 8.7787574872490932 27.345086184330285 6.4786402503959826 4.3876551911234847 4.9686481803655607 31.150066673901165 7.8578894201200447 4.567388424417004 15.950228195870297 15.280798148043685 4.0158608052879563 86.92338086910604 25.992394845947274 35.948240515295765 6.5955991036898913 3.7799676292343056 9.430132279841926 27.336694585523219 17.317134411627194
leaf_count=25017 1003 37 125 120 35 28959 58 27 1005 157 275 50 89 73 16 49 241 49 14 171 454 52 1100 742 2066 85 49 81 759 146
internal_value=1.45376e-11 -0.00116401 0.021698 0.0348722 0.0180195 -0.00170861 -0.0111294 -0.0210603 -0.00909006 -0.0175164 -0.0238736 0.00106231 -0.011377 0.0208644 -0.0346532 -0.0455825 -0.0601056 0.0358285 0.00910838 -0.00092496 0.0205407 -0.00121028 -0.0107987 -0.00264741 -0.0332029 0.0114803 0.00504129 0.00105657 0.00149538 -0.0149667
internal_weight=5694.28 2717.03 62.3132 47.777 29.6992 2654.72 202.854 14.5362 196.415 106.907 87.8282 2977.25 99.3141 41.6816 57.6325 45.0738 35.5377 35.203 9.53604 2451.86 31.231 2420.63 152.88 112.916 39.9641 19.0788 12.5587 89.508 2877.93 44.6538
internal_count=63104 36552 344 192 155 36208 2664 152 2606 1522 1280 26552 630 211 419 320 257 138 63 33544 625 32919 3960 1842 2118 242 99 1084 25922 905
is_linear=0
shrinkage=0.045


Tree=166
num_leaves=31
num_cat=0
split_feature=46 53 5 43 52 48 21 48 5 33 41 21 34 5 5 46 8 35 4 5 43 66 4 15 7 21 14 22 54 47
split_gain=2.62087 11.8584 6.68799 6.98558 6.49592 5.64849 14.8597 7.27007 9.02032 10.5656 8.75414 7.93943 7.48967 6.87717 6.53239 7.54436 6.39979 5.82896 6.27127 5.65146 5.39932 5.17018 6.04251 5.5517 4.85389 6.00528 4.80136 4.71969 6.36615 5.03512
threshold=4.5000000000000009 1.5000000000000002 7.5000000000000009 14.500000000000002 1.0000000180025095e-35 1262.5000000000002 105.00000000000001 1211.0000000000002 25.500000000000004 1.5000000000000002 2740.5000000000005 370.00000000000006 1.0000000180025095e-35 26.500000000000004 7.5000000000000009 6.5000000000000009 2.5000000000000004 1.5000000000000002 15.500000000000002 21.500000000000004 7.5000000000000009 1.0000000180025095e-35 32.500000000000007 741.50000000000011 4.5000000000000009 95.000000000000014 1.0000000180025095e-35 205.00000000000003 1.0000000180025095e-35 662.50000000000011
decision_type=2 2 2 2 2 2 2 2 2 2 2 2 2 2 2 2 2 2 2 2 2 2 2 2 2 2 2 2 2 2
left_child=2 24 3 27 -5 7 26 14 10 12 11 -9 -10 19 15 -3 -11 20 -19 -8 -16 -4 23 -23 25 -2 -7 28 -1 -29
right_child=1 5 21 4 -6 6 13 8 9 16 -12 -13 -14 -15 17 -17 -18 18 -20 -21 -22 22 -24 -25 -26 -27 -28 29 -30 -31
leaf_value=-0.0059944235986343058 -0.037983993401825726 0.02537169771880857 0.001376150045428856 -0.058424449555632162 0.0040823163926041392 -0.0032232893809466655 -0.030380325373420041 -0.044791516409239077 0.010773315969930624 0.028160681923811468 0.032081445671832534 0.031609815223533656 -0.024624655982368838 -0.049482221836739851 -0.018175203387170921 0.0031448315453455125 -0.040598922247289261 -0.0089809630016327337 -0.069090579356245574 0.038775634652089254 -0.00037395541664116859 0.034194522478539074 -0.045733062460252417 -0.021848920985943963 -0.027117931112520241 0.0071106321072190457 0.062889389170100243 0.0055879062441265464 0.023891849075593243 -0.038961211190136742
leaf_weight=91.166522541054292 6.9269787100929561 38.475380749427131 3205.9963488669673 9.0977400517003826 4.8649281973775933 2.6120552843494833 3.0470371556439186 28.381012462035873 61.624054927247926 2.4695719478186247 3.2880460517480961 2.3364869448705567 14.023193251923656 5.270691623343736 34.161306900859927 144.48550089696073 18.353117971215397 12.743739965109855 4.0626832683337843 5.025262642360758 1847.9022463856745 4.9421816754038472 9.2615934837376681 8.0018351810431323 47.643367598735495 23.478710948169464 11.053655682830138 7.4464363451115814 16.115641163196415 14.090109622629823
leaf_count=946 425 351 28820 375 125 104 164 1796 552 37 45 61 422 184 426 1374 636 104 44 64 21478 41 161 287 2716 953 49 59 125 180
internal_value=8.18725e-11 -0.00116471 0.000800781 -0.00869587 -0.0378283 -0.000559775 0.0195225 -0.000813657 -0.0110764 -0.00393231 -0.0306519 -0.0381668 0.00397572 -0.0139165 -0.000165449 0.0079315 -0.0315273 -0.000949374 -0.0265756 0.0122001 -0.000706546 0.00122337 -0.0199428 0.000466844 -0.0182943 -0.0040451 0.0508945 -0.00527113 -0.0013258 -0.0239935
internal_weight=5688.35 2317.36 3370.98 142.781 13.9627 2239.32 27.0087 2212.31 130.475 96.4699 34.0055 30.7175 75.6472 13.343 2081.83 182.961 20.8227 1898.87 16.8064 8.0723 1882.06 3228.2 22.2056 12.944 78.0491 30.4057 13.6657 128.819 107.282 21.5365
internal_count=63104 31985 31119 1810 500 27891 565 27326 3549 1647 1902 1857 974 412 23777 1725 673 22052 148 228 21904 29309 489 328 4094 1378 153 1310 1071 239
is_linear=0
shrinkage=0.045


Tree=167
num_leaves=31
num_cat=0
split_feature=49 9 10 5 8 20 46 4 20 31 43 4 30 8 43 14 20 1 7 0 25 27 25 8 31 40 5 43 7 46
split_gain=3.14593 15.1968 19.5273 16.1456 17.3567 14.6701 13.7541 13.4267 12.4759 12.1937 8.54542 7.73942 8.05161 6.82677 6.69632 6.58991 6.40678 5.92449 5.75638 5.44676 4.72048 4.6746 6.88859 4.52833 7.64053 4.52477 4.77284 4.43908 4.26261 3.85463
threshold=303.00000000000006 2.5000000000000004 1.0000000180025095e-35 6.5000000000000009 4.5000000000000009 342.50000000000006 21.500000000000004 24.500000000000004 343.50000000000006 3011.5000000000005 9.5000000000000018 12.500000000000002 7456.0000000000009 4.5000000000000009 18.500000000000004 1263.0000000000002 433.00000000000006 1.0000000180025095e-35 3.5000000000000004 4.5000000000000009 1.5000000000000002 1.5000000000000002 1.5000000000000002 3.5000000000000004 2887.5000000000005 1.5000000000000002 29.500000000000004 6.5000000000000009 6.5000000000000009 23.500000000000004
decision_type=2 2 2 2 2 2 2 2 2 2 2 2 2 2 2 2 2 2 2 2 2 2 2 2 2 2 2 2 2 2
left_child=29 5 3 -3 6 -2 9 17 13 -5 15 14 -13 -9 -6 21 25 -4 20 -10 -19 22 -7 -18 -25 26 -12 -20 -8 -1
right_child=1 2 7 4 11 10 28 8 19 -11 16 12 -14 -15 -16 -17 23 18 27 -21 -22 -23 -24 24 -26 -27 -28 -29 -30 -31
leaf_value=0.00044677711436396885 0.038565052422968635 0.019912991520720603 0.026586022733981775 -0.024093736058810759 0.02588075807029673 -0.036066523518477035 0.010762591292885947 -0.060149289272519717 -0.016512572902057019 -0.067740496306331277 0.014930673133198328 -0.031985314455894441 0.021814112728740852 -0.0018694480168569452 -0.022790394117386242 -0.038453506446133719 0.041524926943442043 0.034295126204436047 0.019106539872022182 0.030699948980109186 -0.0057175665984142881 0.028410150234929439 0.021992258130588985 0.031200337482800176 -0.015737335680031373 0.018044782602193655 -0.031088424584831503 -0.023032569262236683 -0.032114710161339939 -0.0093682514795651404
leaf_weight=5193.4781358284381 25.534451477229595 16.837490592617542 36.983611852163449 23.174287236935925 17.752717724593825 9.5928440668503772 11.609822648577394 13.185408505843954 8.7394642485305685 33.955029864184326 5.8339037983678343 26.64392201040755 6.3175002373754969 5.7998588581103823 7.3473754437873131 14.658092044235671 14.13419622927904 13.762337365886198 5.9997168956324485 9.1721468447940406 9.6042889661621285 6.7851904274430117 5.9378911973908535 14.467194980010392 12.013977152120786 10.121011362178249 14.076049514347686 18.413009233074263 6.5205158880562513 81.310946560559387
leaf_count=59540 74 49 156 194 67 63 55 86 60 350 24 166 21 35 56 98 50 51 41 45 54 39 25 36 75 34 77 78 41 1364
internal_value=-6.62596e-11 -0.00381716 -0.009907 -0.0207094 -0.0259498 0.00859565 -0.0400753 0.00348602 -0.0188536 -0.0507544 0.00119541 -0.00727174 -0.0213352 -0.0433296 0.0113063 -0.0160741 0.0103319 0.0133168 0.00271128 0.00800888 0.0182892 -0.000355497 -0.0138812 0.0217762 0.0101079 -0.00534884 -0.017535 -0.0123321 -0.00553073 0.000293731
internal_weight=5679.76 404.973 271.819 150.159 133.321 133.155 75.2597 121.66 36.8969 57.1293 107.62 58.0615 32.9614 18.9853 25.1001 36.974 70.6463 84.763 47.7794 17.9116 23.3666 22.3159 15.5307 40.6154 26.4812 30.031 19.91 24.4127 18.1303 5274.79
internal_count=63104 2200 1605 999 950 595 640 606 226 544 521 310 187 121 123 225 296 380 224 105 105 127 88 161 111 135 101 119 96 60904
is_linear=0
shrinkage=0.045


Tree=168
num_leaves=31
num_cat=0
split_feature=49 6 9 10 8 5 4 14 35 46 4 22 4 8 14 14 20 27 25 6 8 34 0 0 5 11 5 46 0 5
split_gain=2.858 14.1158 15.7405 20.3077 15.0408 15.4502 13.5369 13.2807 12.6961 12.6261 11.5227 9.6568 9.38913 9.25749 8.58792 8.12616 6.96998 6.33007 7.92736 6.16987 5.7907 5.61531 5.40424 7.85126 5.61834 5.23628 3.23947 3.22954 8.82092 10.0276
threshold=303.00000000000006 20.500000000000004 2.5000000000000004 1.0000000180025095e-35 4.5000000000000009 10.500000000000002 10.500000000000002 1.0000000180025095e-35 1.0000000180025095e-35 6.5000000000000009 5.5000000000000009 115.00000000000001 13.500000000000002 4.5000000000000009 1263.0000000000002 1256.5000000000002 126.00000000000001 1.5000000000000002 1.5000000000000002 10.500000000000002 3.5000000000000004 1.0000000180025095e-35 5.5000000000000009 4.5000000000000009 37.500000000000007 1.0000000180025095e-35 39.500000000000007 22.500000000000004 5.5000000000000009 27.500000000000004
decision_type=2 2 2 2 2 2 2 2 2 2 2 2 2 2 2 2 2 2 2 2 2 2 2 2 2 2 2 2 2 2
left_child=27 2 9 4 5 6 -4 25 11 15 -7 13 20 -5 -9 17 -11 18 -2 26 -3 -13 23 -18 -24 -6 -17 -1 -29 -30
right_child=1 12 3 8 7 10 -8 14 -10 16 -12 21 -14 -15 -16 19 22 -19 -20 -21 -22 -23 24 -25 -26 -27 -28 28 29 -31
leaf_value=0.00043198794145846701 -0.035506384279944354 -0.024783025481336741 -0.047298927140129891 -0.034217025589769995 -0.0085102002566293262 -0.0052869428289649923 0.02823914038693847 -0.081101081893216062 -0.053045504353223187 0.052529037504958458 -0.068358921112164642 0.021030881356532104 0.047258924804129507 0.013228382482145251 -0.016332004407904114 -0.068480031491684398 -0.054484081881732906 0.032244662383487749 0.024969135859264597 0.0072679127583917223 0.01417072873883227 -0.00765002448250278 0.010379528283018656 0.0082476946214416289 0.045992028450946833 0.030745573718329696 -0.020185941104635528 0.028788887334097901 -0.0056048473583456791 -0.045928136569006205
leaf_weight=5181.2951781933225 10.695484549447434 8.847897364292292 7.9604714243905645 20.413520337315276 12.481939089600928 7.2296751223038873 9.3959284564480168 5.0421230086358273 7.7062117924215263 8.2633727882057411 34.699493947759038 49.475863626925275 14.117913559079168 12.925063524395226 15.57123440009309 7.7572442475939187 4.7180793613079013 8.4755530392867495 6.1439392054453483 4.7147599253803483 35.403829564340413 18.437809275696054 47.162619910668582 13.075056067435071 10.38403809815645 13.449619070859626 5.8330425593885593 10.865126327058531 72.929101203859318 14.167244563934217
leaf_count=59206 63 40 39 118 84 46 24 50 43 12 461 214 28 78 86 53 69 42 23 25 148 124 184 45 17 35 49 136 1161 401
internal_value=-1.80305e-11 -0.00366063 -0.00715885 -0.014564 -0.0285057 -0.0433626 -0.00709554 -0.00906798 -0.000886463 0.00535921 -0.0578602 0.00356326 0.0166123 -0.0159733 -0.0351942 -0.0140619 0.0155386 0.00260877 -0.0132788 -0.0360576 0.00600658 0.0132463 0.0108465 -0.0104005 0.0174814 0.0122358 -0.0505561 0.000278265 -0.00777455 -0.0126108
internal_weight=5679.64 400.382 342.012 214.789 105.83 59.2856 17.3564 46.5449 108.958 127.223 41.9292 101.252 58.3696 33.3386 20.6134 43.62 83.6032 25.315 16.8394 18.305 44.2517 67.9137 75.3398 17.7931 57.5467 25.9316 13.5903 5279.26 97.9615 87.0963
internal_count=63104 2200 1984 1402 825 570 63 255 577 582 507 534 216 196 136 255 327 128 86 127 188 338 315 114 201 119 102 60904 1698 1562
is_linear=0
shrinkage=0.045


Tree=169
num_leaves=31
num_cat=0
split_feature=57 57 0 20 33 46 6 29 10 25 10 38 34 5 5 52 15 46 2 49 31 38 47 31 46 30 22 38 9 6
split_gain=2.85753 8.20852 11.0931 9.88306 6.13372 6.87309 11.5302 8.1266 7.4868 6.56408 6.84469 14.8959 6.16803 7.42098 5.85936 5.62901 5.50798 5.46621 7.57303 13.8876 10.2825 10.1377 8.61837 10.7229 7.18517 6.41815 6.39045 6.20231 6.0397 9.80976
threshold=45.000000000000007 1.0000000180025095e-35 9.5000000000000018 115.50000000000001 1.0000000180025095e-35 1.0000000180025095e-35 5.5000000000000009 2.5000000000000004 1.0000000180025095e-35 2.5000000000000004 1.0000000180025095e-35 1.0000000180025095e-35 1.5000000000000002 44.500000000000007 44.500000000000007 1.0000000180025095e-35 741.50000000000011 15.500000000000002 3.5000000000000004 746.50000000000011 7631.5000000000009 3.5000000000000004 2844.5000000000005 5765.5000000000009 1.5000000000000002 4818.5000000000009 145.00000000000003 2.5000000000000004 2.5000000000000004 6.5000000000000009
decision_type=2 2 2 2 2 2 2 2 2 2 2 2 2 2 2 2 2 2 2 2 2 2 2 2 2 2 2 2 2 2
left_child=1 -1 3 -3 5 6 8 9 -2 12 11 -11 13 -7 17 -10 -8 24 22 21 -21 -20 23 -19 26 -24 27 -6 -26 -30
right_child=4 2 -4 -5 14 7 16 -9 15 10 -12 -13 -14 -15 -16 -17 -18 18 19 20 -22 -23 25 -25 28 -27 -28 -29 29 -31
leaf_value=0.00025945454382235981 -0.051590344866228932 -0.041938585222917366 0.037174507868786739 0.016425451026790321 0.0074814517443412762 -0.019219690575548825 0.0046392463353926005 0.017500614784314125 0.033683915860771851 0.012092041015207122 0.028563056483811529 -0.082170879215931442 0.011449712377119441 0.031207119454281423 -0.034362346640529812 -0.024893272482203143 0.047150704720763006 -0.049642174983876838 0.014861463787747596 -0.066724356217050571 0.012423089492832563 -0.057193033129045459 0.00063920081250186487 0.015768326637759001 0.01550711697662766 0.03641517798046371 -0.014214320974359203 -0.021036433720756025 0.024992721496553221 -0.00071190816549834921
leaf_weight=4654.858813941144 6.8191279931925246 8.08242422580952 27.43840532656759 15.680363851628497 88.085437227156945 186.22896998714714 11.288609519950114 18.735877243801951 5.7667262486647815 12.08181492287258 14.184117858065292 3.6185136603307919 15.261357749084707 5.2328557171858838 8.8092801881284668 5.5544543142314069 13.286942901089787 11.577877174160678 18.929191500952587 15.036377764830833 3.8374429286341174 3.9328442050609729 34.984667727374472 7.8658009671198661 100.050612636609 13.328215028857811 80.044675584533252 17.693726188736036 33.481765938457102 234.33019518772198
leaf_count=55314 63 119 100 104 507 1755 86 115 37 97 73 66 132 30 108 47 68 213 255 149 20 15 164 97 690 43 436 81 280 1840
internal_value=4.86315e-11 0.000458513 0.0182038 -0.00431783 -0.0022226 -0.00758373 0.00896759 -0.0103767 -0.0176916 -0.0126486 0.00687671 -0.0132525 -0.0154907 -0.0176865 0.000163065 0.00525664 0.0285683 0.000672726 -0.00846843 -0.0233029 -0.0508167 0.000588912 0.00087514 -0.0237039 0.00249241 0.0110471 -0.00470366 0.00255892 0.00613037 0.0025827
internal_weight=5676.11 4706.06 51.2012 23.7628 970.047 298.059 42.7159 255.344 18.1403 236.608 29.8844 15.7003 206.723 191.462 671.988 11.3212 24.5756 663.179 109.492 41.7359 18.8738 22.862 67.7566 19.4437 553.686 48.3129 185.824 105.779 367.863 267.812
internal_count=63104 55637 323 223 7467 2569 301 2268 147 2153 236 163 1917 1785 4898 84 154 4790 956 439 169 270 517 310 3834 207 1024 588 2810 2120
is_linear=0
shrinkage=0.045


Tree=170
num_leaves=31
num_cat=0
split_feature=46 8 63 12 46 6 48 44 46 17 46 48 30 4 55 46 15 48 46 40 42 4 20 34 48 42 56 48 48 48
split_gain=3.3051 3.72027 2.98595 7.94393 6.88873 6.30473 4.77763 9.79062 10.9701 7.78973 8.03158 11.2935 6.44394 5.58129 4.38043 5.02968 4.16735 3.7419 13.2217 22.7388 15.2989 17.5202 8.50604 8.41703 5.3944 10.616 13.2586 6.95248 21.8856 10.562
threshold=34.500000000000007 4.5000000000000009 1.0000000180025095e-35 1.0000000180025095e-35 9.5000000000000018 9.5000000000000018 16.000000000000004 1.0000000180025095e-35 1.0000000180025095e-35 110.00000000000001 1.0000000180025095e-35 1.0000000180025095e-35 1104.5000000000002 5.5000000000000009 10.500000000000002 10.500000000000002 742.50000000000011 42.500000000000007 11.500000000000002 2.5000000000000004 1351.0000000000002 43.500000000000007 400.50000000000006 1.0000000180025095e-35 193.50000000000003 661.50000000000011 1.5000000000000002 393.50000000000006 342.50000000000006 407.50000000000006
decision_type=2 2 2 2 2 2 2 2 2 2 2 2 2 2 2 2 2 2 2 2 2 2 2 2 2 2 2 2 2 2
left_child=2 -2 6 4 5 -4 7 8 -1 14 13 -12 -10 -11 15 -9 -5 18 20 22 23 -22 -20 -8 25 -19 -27 28 -26 -29
right_child=1 -3 3 16 -6 -7 17 9 12 10 11 -13 -14 -15 -16 -17 -18 24 19 -21 21 -23 -24 -25 27 26 -28 29 -30 -31
leaf_value=-0.017064930764998525 -0.065789377813569055 0.0048448851846635286 -0.015409859971989126 0.042661668174141201 -0.044901745424981945 0.013186809667213261 -0.0031870373004210029 -0.0063974830526862285 -0.0093764740619256669 -0.028460804857671992 -0.01404727744687518 0.0076721604342258861 0.041114167608212918 0.030620158149039282 0.016337511749994586 -0.044098108534057504 -0.016062718119436509 -0.028359273263967304 -0.028747265619049917 -0.058168152084840843 -0.049993336480080523 0.036318919112820182 0.015627107160555855 0.01295436791640624 -0.00098597085649461771 0.0091714157795159471 -0.0042008627070889469 0.029850792068722369 -0.025446950934979989 -6.25187891752922e-05
leaf_weight=10.272269234061239 2.2659113135014186 2.5715961063397117 53.859856459654111 7.8522224620683101 10.508788797240411 20.949320327781606 202.4239466348663 138.11742678287555 5.6258961502462617 2.7881725610059211 58.722490558866411 257.29049989875057 33.383010065881535 34.174099179042969 15.153391348023431 6.6099753692251388 2.7734077046334278 19.269805783871561 13.056804815365465 22.753391035214008 21.942733895964924 5.2319266004487863 22.164922355143062 95.462584417546168 391.20829333073925 448.09382150460442 224.83527161646634 23.070153132081032 90.39369936552248 3428.8097588712699
leaf_count=46 42 26 1613 41 2000 608 3566 2510 26 103 1638 4295 260 897 258 193 87 294 488 1262 175 32 576 1482 2594 2322 1090 50 1187 33343
internal_value=4.93441e-11 -0.0338429 3.48563e-05 -0.00779491 -0.0124274 -0.00733343 0.000171079 0.00410094 0.0230532 0.00223847 0.00596632 0.00360461 0.03378 0.0255312 -0.0059776 -0.00841013 0.0272707 -0.000270707 -0.004539 -0.0241421 -0.000979432 -0.0326764 -0.00116212 0.00201177 8.36398e-05 0.00374393 0.00470394 -0.000561271 -0.00562036 0.00014599
internal_weight=5671.64 4.83751 5666.8 95.9436 85.318 74.8092 5570.85 562.137 49.2812 512.856 352.975 316.013 39.0089 36.9623 159.881 144.727 10.6256 5008.72 383.036 57.9751 325.061 27.1747 35.2217 297.887 4625.68 692.199 672.929 3933.48 481.602 3451.88
internal_count=63104 68 63036 4349 4221 2221 58687 10226 332 9894 6933 5933 286 1000 2961 2703 128 48461 7581 2326 5255 207 1064 5048 40880 3706 3412 37174 3781 33393
is_linear=0
shrinkage=0.045


Tree=171
num_leaves=31
num_cat=0
split_feature=48 35 43 48 48 48 0 55 0 5 71 22 48 20 48 15 2 43 29 46 5 55 20 47 38 5 48 20 48 43
split_gain=2.61996 7.16155 6.23615 6.23173 8.02526 9.29281 11.2431 7.25575 6.75055 6.33777 5.52536 7.21852 16.3559 18.1769 12.1059 6.91737 5.41627 5.20026 4.86939 4.7633 13.5822 8.72313 4.73188 4.60847 9.21477 15.0964 30.1417 19.2801 24.264 23.5103
threshold=1083.5000000000002 1.0000000180025095e-35 5.5000000000000009 1262.5000000000002 1211.0000000000002 1091.5000000000002 8.5000000000000018 1.0000000180025095e-35 1.5000000000000002 42.500000000000007 1.0000000180025095e-35 145.00000000000003 1262.5000000000002 276.00000000000006 1183.0000000000002 542.00000000000011 4.5000000000000009 19.500000000000004 1.0000000180025095e-35 8.5000000000000018 35.500000000000007 11.500000000000002 675.00000000000011 4077.5000000000005 1.0000000180025095e-35 41.500000000000007 1080.0000000000002 670.00000000000011 1080.0000000000002 10.500000000000002
decision_type=2 2 2 2 2 2 2 2 2 2 2 2 2 2 2 2 2 2 2 2 2 2 2 2 2 2 2 2 2 2
left_child=23 2 3 4 5 6 -2 -6 -7 -5 11 12 14 -14 -4 -12 17 -17 -18 21 -21 -13 -9 -1 -25 27 -27 28 -26 -30
right_child=1 -3 10 9 7 8 -8 22 -10 -11 15 19 13 -15 -16 16 18 -19 -20 20 -22 -23 -24 24 25 26 -28 -29 29 -31
leaf_value=-6.309368456969943e-05 0.035736945561675316 -0.018026320207739477 -0.003427850240190853 0.0064962963163560329 0.050666703153496466 0.024230610071503522 -0.031404426643034201 0.024146556743418653 -0.0095761032600030008 -0.048774011595387419 -0.02817068354884978 0.0042704310654095579 0.06316867839790212 -0.0025271597552284941 -0.017470923254758554 0.028258017212810092 -0.017804062375836326 -0.020010757653741388 0.0096577935003216656 0.0021275010754149867 -0.036951318307248043 -0.041995014737520757 -0.0058204471391657842 0.012707963472237684 0.0020695394434626369 0.0022831094430975679 -0.061857154639576063 -0.0094699041117432964 -0.0037723406109929189 0.049459996243438005
leaf_weight=3658.9570821293783 25.362746006489036 51.404522155113227 325.04110633397067 8.3052232923801039 13.114152955648022 12.988915987312792 5.4267037058889391 27.677262587531004 82.444316160777817 7.0968482079042579 9.3782760086469334 348.66656661288289 12.779128986090653 22.189123980642762 200.93640115883318 37.16966476370726 17.206810598872835 4.4089420129748751 45.44995984210982 67.189738844244857 23.556458277773345 7.4569023068906963 16.470887590374332 179.03748094485491 169.84875296219252 44.296553076652344 21.257486904098187 135.92911918394384 24.476562756637577 51.654440663231071
leaf_count=40967 115 2178 3557 74 51 35 49 78 461 88 273 3617 64 579 3704 230 281 387 436 1621 294 180 66 1061 982 213 143 1017 134 169
internal_value=2.23317e-11 -0.00171096 -0.00106259 0.00626156 0.0085973 0.00220232 0.0232875 0.0224139 -0.0047713 -0.0203917 -0.00236596 -0.00342785 -0.00682242 0.0225701 -0.00881562 0.00700133 0.0104034 0.0227899 0.001955 0.000838993 -0.00830901 0.00318679 0.0130851 0.000547929 0.00411091 0.000650415 -0.0191328 0.00408728 0.011587 0.0325185
internal_weight=5657.18 1371.72 1320.32 198.887 183.485 126.223 30.7894 57.2623 95.4332 15.4021 1121.43 1007.82 560.946 34.9683 525.978 113.614 104.235 41.5786 62.6568 446.87 90.7462 356.123 44.1482 4285.46 626.5 447.463 65.554 381.909 245.98 76.131
internal_count=63104 18418 16240 1017 855 660 164 195 496 162 15223 13616 7904 643 7261 1607 1334 617 717 5712 1915 3797 144 44686 3719 2658 356 2302 1285 303
is_linear=0
shrinkage=0.045


Tree=172
num_leaves=31
num_cat=0
split_feature=57 57 0 20 34 8 43 4 65 4 6 46 3 57 5 6 46 47 5 16 29 2 21 48 46 70 43 0 4 38
split_gain=2.77663 7.65978 8.98371 9.05874 4.50398 5.37673 9.09408 7.34876 8.69712 26.934 10.0519 14.643 9.12925 7.78285 6.58722 5.09035 15.8115 6.09688 6.89406 5.57929 5.18082 4.71874 5.18253 3.64284 3.64121 12.1836 20.2741 10.6669 12.504 8.9123
threshold=45.000000000000007 1.0000000180025095e-35 9.5000000000000018 115.50000000000001 3.5000000000000004 3.5000000000000004 18.500000000000004 1.5000000000000002 1.0000000180025095e-35 7.5000000000000009 14.500000000000002 2.5000000000000004 2.5000000000000004 65.000000000000014 14.500000000000002 17.500000000000004 1.5000000000000002 2426.0000000000005 12.500000000000002 205.00000000000003 1.0000000180025095e-35 4.5000000000000009 295.00000000000006 741.50000000000011 1.5000000000000002 1.0000000180025095e-35 11.500000000000002 4.5000000000000009 24.500000000000004 1.5000000000000002
decision_type=2 2 2 2 2 2 2 2 2 2 2 2 2 2 2 2 2 2 2 2 2 2 2 2 2 2 2 2 2 2
left_child=1 24 3 -3 5 6 15 -7 10 -10 13 -12 -11 -9 -8 17 -17 18 -2 -19 -18 22 -16 -5 -1 -26 27 -27 -29 -28
right_child=4 2 -4 23 -6 7 14 8 9 12 11 -13 -14 -15 21 16 20 19 -20 -21 -22 -23 -24 -25 25 26 29 28 -30 -31
leaf_value=0.0021223940860796786 -0.019636589507556028 -0.039194190696889744 0.035458518685653515 0.040651227878860323 0.036344938967922805 -0.034976564911926487 -0.065095902990989038 -0.022184450494487581 -0.050564909296553141 -0.02061035188266053 -0.0077001376731015009 0.014413057391374775 0.043350990441774394 -0.0032169409227051941 0.010469868498053916 -0.031135071231547393 0.046347733671425001 -0.012701983567972837 0.0077995836376992377 -0.062864644673190292 -0.0012833341256312425 -0.049584818231510598 -0.031294057680467266 -0.0011072742673048793 -0.0010628746367375469 -0.048740526668875253 0.041472648154549742 -0.026682432863769593 0.048559705980106296 0.0034887016726141543
leaf_weight=1457.7665243937663 23.996325604617596 7.8259009137254933 26.217904257588089 6.4275962896645078 5.1041072215884915 11.223143118782898 7.0443223151378325 49.38804261443147 8.2632959715556336 4.6091290443437165 98.432026358321309 154.88120967995201 32.933998812281061 339.71391470589879 13.317590891820151 10.788441683689596 15.59069122048095 90.825231702023302 70.881715288764099 3.8235423958976744 6.3380000102333716 6.2605790612578849 9.4697089924011362 9.7083585944783408 3089.2457891204976 10.762271373212572 41.985169234569184 9.0614156058290991 7.079886879771947 17.91909847286297
leaf_count=13651 157 119 100 21 20 169 59 467 101 27 425 1019 226 2764 82 47 76 1076 504 45 44 113 46 83 41167 84 137 93 41 141
internal_value=6.5274e-11 0.000452531 0.0177661 -0.00223702 -0.00219954 -0.00244264 -0.00797691 -0.000390121 0.000223826 0.0189519 -0.00113893 0.00582386 0.0351675 -0.00567515 -0.0286153 -0.0045121 0.0116407 -0.00734693 0.000728059 -0.0153645 0.0331255 -0.0178965 -0.0074719 0.0169284 0.000261249 -0.000593392 0.015936 -0.0161057 0.0072278 0.0303544
internal_weight=5646.88 4684 50.1798 23.9619 962.885 957.781 258.336 699.445 688.222 45.8064 642.415 253.313 37.5431 389.102 36.0922 222.244 32.7171 189.527 94.878 94.6488 21.9287 29.0479 22.7873 16.136 4633.82 3176.05 86.8078 26.9036 16.1413 59.9043
internal_count=63104 55637 323 223 7467 7447 2249 5198 5029 354 4675 1444 253 3231 300 1949 167 1782 661 1121 120 241 128 104 55314 41663 496 218 134 278
is_linear=0
shrinkage=0.045


Tree=173
num_leaves=31
num_cat=0
split_feature=57 57 0 20 33 6 9 47 29 21 49 43 30 36 10 46 31 55 58 46 7 7 46 2 48 3 48 6 48 16
split_gain=2.77089 7.32649 8.14173 6.17891 5.51648 6.23378 11.453 9.19643 9.91116 5.92182 9.1826 8.07503 5.78463 5.03752 6.64372 5.48322 4.85209 4.6173 6.38753 5.08559 4.92444 4.75921 4.59195 6.85907 5.23671 15.3608 11.927 10.2272 11.0928 8.14587
threshold=45.000000000000007 1.0000000180025095e-35 9.5000000000000018 115.50000000000001 1.0000000180025095e-35 10.500000000000002 1.0000000180025095e-35 2426.0000000000005 1.0000000180025095e-35 155.00000000000003 746.50000000000011 24.500000000000004 7783.0000000000009 1.0000000180025095e-35 1.0000000180025095e-35 1.5000000000000002 5009.0000000000009 1.0000000180025095e-35 1.0000000180025095e-35 1.5000000000000002 9.5000000000000018 7.5000000000000009 26.500000000000004 2.5000000000000004 407.50000000000006 3.5000000000000004 741.50000000000011 6.5000000000000009 400.50000000000006 45.000000000000007
decision_type=2 2 2 2 2 2 2 2 2 2 2 2 2 2 2 2 2 2 2 2 2 2 2 2 2 2 2 2 2 2
left_child=1 -1 3 -3 5 7 -7 17 13 10 -8 -12 16 15 -15 -9 -10 19 20 21 -19 -2 24 -24 25 -6 -26 -27 -29 -28
right_child=4 2 -4 -5 22 6 9 8 12 -11 11 -13 -14 14 -16 -17 -18 18 -20 -21 -22 -23 23 -25 26 27 29 28 -30 -31
leaf_value=0.00026773467905875529 0.0095184989251110661 -0.033986330438025666 0.034612597131950675 0.01386994078602124 -0.015235040826980741 0.053450364038729249 0.0032510370967144589 0.0036043055628203406 -0.0049300741982112491 0.011989607439523898 -0.04115682848594536 0.018027594656105633 0.029790554264018998 -0.058757945206849883 0.015000812230938141 -0.063491857278965072 -0.032156091601194987 -0.029128748960926883 0.022714607277470267 0.036078757109529902 0.0051601697100732459 -0.026115624801756158 0.0047742699005539251 -0.052558898838687335 -0.014961437383781901 0.042082041070386274 0.021398706262585512 0.0057395221816150593 0.06575738293211679 -0.00035409704301104849
leaf_weight=4632.0796741001504 27.160086226824205 7.1519997212089974 25.586815846618265 15.580095147000973 47.275655569479568 6.8731969771906725 40.516635865715216 2.7091070162132409 32.850592294402304 35.068594258322264 22.696059524547312 5.2006749096326521 5.2432823842682401 2.9251939688692818 5.8924806281283963 18.272828940491308 21.736462577449856 28.59025599306915 7.9858356770128003 9.0329929048311879 11.51267920155078 9.3901279811980185 8.3901732251979393 7.2135742720274711 107.96857205005654 21.409978784504347 38.285920592024922 119.30026414964232 5.6013891398906699 309.19082215188246
leaf_count=55314 142 119 100 104 356 30 369 25 322 255 139 24 27 76 38 263 244 314 56 59 114 72 50 77 793 155 270 753 9 2435
internal_value=-1.99167e-12 0.000451485 0.0177041 -0.0019843 -0.00220327 -0.00732836 0.00112051 -0.0123934 -0.0226145 -0.00283351 -0.0104951 -0.0298813 -0.0117049 -0.0434273 -0.0129607 -0.0550588 -0.0161549 -0.00247776 -0.0120852 0.00769966 -0.0193991 -8.79604e-05 6.87624e-05 -0.0232999 0.00066556 0.00684594 -0.00197066 0.0140356 0.00893202 0.00209721
internal_weight=5638.69 4680.4 48.3189 22.7321 958.293 293.657 110.355 183.302 89.6299 103.482 68.4134 27.8967 59.8303 29.7996 8.81767 20.9819 54.5871 93.672 48.0888 45.5832 40.1029 36.5502 664.636 15.6037 649.033 193.587 455.445 146.312 124.902 347.477
internal_count=63104 55637 323 223 7467 2569 817 1752 995 787 532 163 593 402 114 288 566 757 484 273 428 214 4898 127 4771 1273 3498 917 762 2705
is_linear=0
shrinkage=0.045


Tree=174
num_leaves=31
num_cat=0
split_feature=57 57 0 33 43 47 30 31 0 7 5 10 5 20 5 34 48 3 6 48 46 43 16 8 47 33 46 49 29 48
split_gain=2.94888 6.83814 7.88482 5.64835 5.50702 7.95844 8.48827 8.07484 10.4676 7.40743 7.18667 7.36871 5.65605 5.04019 4.36078 4.94024 4.99748 19.9181 12.568 11.0014 9.95771 6.54847 5.59246 4.00002 4.40658 3.95419 3.56265 3.28735 3.23602 3.15141
threshold=45.000000000000007 1.0000000180025095e-35 9.5000000000000018 1.0000000180025095e-35 21.500000000000004 2844.5000000000005 3454.5000000000005 4269.0000000000009 10.500000000000002 6.5000000000000009 41.500000000000007 1.0000000180025095e-35 13.500000000000002 115.50000000000001 43.500000000000007 3.5000000000000004 407.50000000000006 3.5000000000000004 6.5000000000000009 741.50000000000011 7.5000000000000009 3.5000000000000004 125.00000000000001 4.5000000000000009 2426.0000000000005 1.0000000180025095e-35 24.500000000000004 746.50000000000011 1.5000000000000002 1083.5000000000002
decision_type=2 2 2 2 2 2 2 2 2 2 2 2 2 2 2 2 2 2 2 2 2 2 2 2 2 2 2 2 2 2
left_child=1 29 13 4 5 -2 10 8 -8 26 11 -7 -9 28 15 16 17 22 -19 21 -21 -18 -5 24 -16 -15 -6 -25 -3 -1
right_child=3 2 -4 14 9 6 7 12 -10 -11 -12 -13 -14 25 23 -17 19 18 -20 20 -22 -23 -24 27 -26 -27 -28 -29 -30 -31
leaf_value=0.0010446970592475205 -0.0028348347914172746 -0.054360730718268718 0.03375496285839736 -0.032727580595610734 0.040168739336541588 -0.026719996044564483 0.0011708531092401982 -0.0083464178414136021 -0.059849393932584816 -0.029685947736425654 0.037344403016247044 0.012758192984283908 -0.054027223397944836 0.034262793792710508 0.0057082185899813712 0.042659749887834858 0.0023263962715471651 0.046414520000904055 0.009201258052142702 0.008414570316667553 -0.0070037692986431388 -0.02244128702936268 -0.0033483119844339173 -0.023040157141054878 -0.055144303546659376 -0.008753011414341998 0.00072002492479277609 0.026070921981417184 0.0034721192448569052 -0.0015306671307226756
leaf_weight=3271.5004219470065 155.9597249795188 3.8978021576185737 25.611619298346341 24.244111148407683 11.665328332266659 22.825125578907318 25.796143569314154 7.4393889963394022 6.2915158383548251 5.5570270275202338 6.4131106040440491 15.219304872909559 25.493618694250472 7.2114631124422877 3.1413597550708801 4.621907032094895 30.375851882621646 20.777666357636917 123.51837153977249 189.29400117944169 152.07012729265261 72.496609881709446 27.85184690967435 4.4967192811018322 7.3546186384774046 8.4769153898814675 7.3709232827241058 4.5484288550214842 3.0763934054411948 1361.910336162
leaf_count=36896 1723 84 100 204 44 160 138 39 58 60 31 72 192 33 28 16 186 142 736 1182 1496 525 186 49 129 71 52 19 35 18418
internal_value=-1.71686e-11 0.000464944 0.0171403 -0.00227781 -0.00750608 -0.00940042 -0.0186433 -0.0288824 -0.0122408 0.0125082 -0.00336226 -0.0110049 -0.0442582 -0.00226933 1.09902e-05 0.000659775 0.000290745 0.00625021 0.0148423 -0.00235199 0.00154565 -0.015176 -0.0173795 -0.0204011 -0.0380194 0.0118883 0.0256923 0.00179264 -0.0316138 0.000287547
internal_weight=5636.51 4681.68 48.2742 954.823 290.031 265.438 109.478 65.0207 32.0877 24.5933 44.4575 38.0444 32.933 22.6626 664.792 645.25 640.629 196.392 144.296 444.237 341.364 102.872 52.096 19.5411 10.496 15.6884 19.0363 9.04515 6.9742 4633.41
internal_count=63104 55637 323 7467 2569 2413 690 427 196 156 263 232 231 223 4898 4673 4657 1268 878 3389 2678 711 390 225 157 104 96 68 119 55314
is_linear=0
shrinkage=0.045


Tree=175
num_leaves=31
num_cat=0
split_feature=57 57 15 0 4 8 4 65 4 26 46 20 34 39 46 46 7 46 57 25 46 16 42 29 7 7 11 37 31 63
split_gain=2.78209 5.32462 6.87977 5.01303 6.23842 4.72589 7.50934 6.96466 18.5688 6.76653 6.93969 10.6556 10.1671 8.62677 6.29938 6.20628 6.73766 9.7522 6.9256 6.10082 7.00534 5.12424 5.74755 3.47198 3.29752 4.49629 3.28648 3.15998 3.14869 2.946
threshold=45.000000000000007 1.0000000180025095e-35 542.00000000000011 9.5000000000000018 23.500000000000004 3.5000000000000004 1.5000000000000002 1.0000000180025095e-35 8.5000000000000018 2.5000000000000004 9.5000000000000018 931.50000000000011 1.5000000000000002 1.0000000180025095e-35 20.500000000000004 20.500000000000004 4.5000000000000009 1.0000000180025095e-35 125.00000000000001 1.5000000000000002 1.5000000000000002 205.00000000000003 830.00000000000011 1.0000000180025095e-35 2.5000000000000004 4.5000000000000009 1.0000000180025095e-35 1.0000000180025095e-35 4637.5000000000009 1.0000000180025095e-35
decision_type=2 2 2 2 2 2 2 2 2 2 2 2 2 2 2 2 2 2 2 2 2 2 2 2 2 2 2 2 2 2
left_child=1 29 -3 4 -4 9 -7 15 -9 10 19 12 13 -12 -10 16 18 -18 -8 21 23 26 -23 -21 -17 -26 -2 -22 -5 -1
right_child=5 2 3 28 -6 6 7 8 14 -11 11 -13 -14 -15 -16 24 17 -19 -20 20 27 22 -24 -25 25 -27 -28 -29 -30 -31
leaf_value=0.00046058069482092761 0.0036568578167385122 0.042830436545241199 0.0031791802327895452 0.0017289453650094926 -0.056104874054920359 -0.034800330145312683 -0.0045645538984002759 -0.041171283964747139 0.042189340383057328 -0.059219903488327175 -0.0072384824274550228 0.02205835876885643 0.027463876051422774 -0.04415048273011412 -0.0021839899397240736 0.039884344965288018 0.010779168222788425 -0.010124121072333894 0.0095946310417490688 0.0074583585477919307 0.0076471170458160872 -0.069583392752128895 -1.8659042248444773e-10 -0.03516406867989625 -0.018802933350073783 0.01750067784310181 -0.010825293145016037 0.035159534824473836 0.039957221232222888 -0.0075656821449086647
leaf_weight=4537.9402817934242 58.6698869530519 12.35061936592683 14.182412832975389 8.4585375590249914 3.7716635992692309 11.525016841507748 129.50427143604611 7.8789821799146003 26.539223221887369 4.015540223568677 20.411225719319191 10.655534428122335 5.9412191752344361 35.670217215534649 8.3469809805974347 7.959170418791472 53.731468185782433 261.65787877060939 149.98093440123193 7.111708162352441 16.486204720262322 4.3121285758097638 4.3905681073665619 6.7989975156961009 8.1973806115856842 27.736457760227495 67.1338008150924 18.018446961417794 8.2240100111812335 93.534496854925237
leaf_count=50945 543 42 128 45 79 169 708 106 210 30 190 68 46 419 38 28 352 2258 998 31 118 45 21 42 102 229 640 76 29 4369
internal_value=-5.94634e-11 0.000451466 0.0153642 0.00464335 -0.0115778 -0.00221524 -0.000272302 0.000361714 0.0177284 -0.00738108 -0.00633906 -0.0180007 -0.0251237 -0.0310783 0.0318074 -0.000826875 -0.00204121 -0.00654011 0.00304085 -0.00163301 0.0119124 -0.00656058 -0.0380962 -0.014335 0.0153097 0.00893408 -0.00409581 0.0225998 0.0217683 0.000296889
internal_weight=5631.14 4678.46 46.9872 34.6366 17.9541 952.673 693.058 681.533 42.7652 259.615 255.6 72.6782 62.0227 56.0814 34.8862 638.768 594.875 315.389 279.485 182.922 48.4154 134.506 8.7027 13.9107 43.893 35.9338 125.804 34.5047 16.6825 4631.47
internal_count=63104 55637 323 281 207 7467 5198 5029 354 2269 2239 723 655 609 248 4675 4316 2610 1706 1516 267 1249 66 73 359 331 1183 194 74 55314
is_linear=0
shrinkage=0.045


Tree=176
num_leaves=31
num_cat=0
split_feature=75 55 22 15 7 33 43 46 56 4 48 1 8 30 7 27 7 55 9 46 46 31 31 19 3 4 71 2 8 43
split_gain=2.46158 6.52437 6.42426 5.18283 4.72637 5.70422 6.87564 5.27738 4.9972 8.55499 5.74707 4.81656 6.20003 4.89926 4.44331 7.02449 3.80969 3.52252 3.47493 5.89914 3.2871 3.85486 3.07141 4.22225 3.96367 3.05434 2.7815 6.16338 6.52564 6.52238
threshold=215.00000000000003 23.500000000000004 290.00000000000006 742.50000000000011 3.5000000000000004 1.5000000000000002 13.500000000000002 7.5000000000000009 1.0000000180025095e-35 41.500000000000007 742.50000000000011 1.0000000180025095e-35 4.5000000000000009 6530.5000000000009 6.5000000000000009 1.0000000180025095e-35 7.5000000000000009 1.0000000180025095e-35 2.5000000000000004 4.5000000000000009 4.5000000000000009 7311.0000000000009 7142.0000000000009 1.0000000180025095e-35 5.5000000000000009 9.5000000000000018 1.0000000180025095e-35 3.5000000000000004 3.5000000000000004 12.500000000000002
decision_type=2 2 2 2 2 2 2 2 2 2 2 2 2 2 2 2 2 2 2 2 2 2 2 2 2 2 2 2 2 2
left_child=1 2 4 18 5 22 7 -7 11 10 -10 13 -13 -6 20 16 -16 -8 19 -4 25 -22 23 -1 -24 -5 -2 -28 29 -29
right_child=26 -3 3 14 8 6 17 -9 9 -11 -12 12 -14 -15 15 -17 -18 -19 -20 -21 21 -23 24 -25 -26 -27 27 28 -30 -31
leaf_value=0.015703677495479348 -0.00061329059951876553 -0.034119506925569601 0.0011483647358687342 0.045541126292310746 0.022198178174225029 -0.012060321815674339 0.011403574455813827 0.041747876128338184 0.0024175449280760633 -0.042291763603483468 -0.01422348547866267 0.0059680190719196297 -0.020192875349468987 -0.0036153232201950832 -0.030019040950749348 0.03771487337719099 0.0054371227442269682 -0.045159053265759135 0.0079041656044791398 -0.036803291959207098 0.015061767612900318 -0.017829798498192617 -0.03988290408327539 -0.0070738091966529339 -0.0020238245572494376 0.01951200767939883 0.023084081699348485 -0.0046166280851840744 0.0084384977553573146 -0.051680885233232512
leaf_weight=34.204036716138944 4538.4997258188378 8.9817851874977332 30.642747138743289 12.457582282862857 60.78888891969109 27.574169766216077 2.1256425529718426 3.2507091518491498 269.44122217944823 9.0729356107767654 48.757500584761146 135.69597553962376 20.200150050659431 19.280767534859478 11.674962062388664 6.1781880110502234 11.391896344779523 17.813912805781001 57.279301290924195 10.342665731557643 53.841813589329831 7.4507265924476078 6.8427856913767782 30.158896283537615 19.992288283072412 40.129924566252157 31.33452235009463 25.65609811127797 67.456621309982438 6.8633946093832483
leaf_count=113 55876 63 143 65 244 295 11 21 1068 60 837 540 175 98 87 14 50 358 303 73 217 53 75 182 90 144 644 348 603 254
internal_value=5.36441e-12 0.00207972 0.00245884 0.0087788 0.000286152 -0.00702274 -0.0189538 -0.00525236 0.00213752 -0.00146197 -0.000168927 0.00711492 0.00247114 0.0160144 0.0142123 -0.00140154 -0.0130102 -0.0388726 0.000801284 -0.0090772 0.0181993 0.0108414 -0.000247912 0.00508577 -0.0127637 0.0264129 -0.000425921 0.00600583 0.000477564 -0.0157952
internal_weight=5625.38 955.571 946.59 241.39 705.2 141.962 50.7644 30.8249 563.237 327.272 318.199 235.966 155.896 80.0697 143.125 29.245 23.0669 19.9396 98.2647 40.9854 113.88 61.2925 91.198 64.3629 26.8351 52.5875 4669.81 131.311 99.9761 32.5195
internal_count=63104 5379 5316 1149 4167 1145 685 316 3022 1965 1905 1057 715 342 630 151 137 369 519 216 479 270 460 295 165 209 57725 1849 1205 602
is_linear=0
shrinkage=0.045


Tree=177
num_leaves=31
num_cat=0
split_feature=60 46 41 40 2 54 36 21 30 46 25 5 31 9 6 7 38 30 20 29 3 6 3 43 25 30 34 48 55 43
split_gain=2.49864 6.32566 7.06616 5.85377 8.38998 7.38944 8.043 6.90006 6.68197 5.35671 7.24406 6.24548 5.63502 5.48925 5.38434 5.29363 5.86069 4.19414 5.73028 8.1519 4.30126 3.90377 6.11714 4.87588 3.58416 3.3771 3.06791 2.68328 12.7852 11.3361
threshold=1.0000000180025095e-35 1.0000000180025095e-35 1136.0000000000002 1.5000000000000002 4.5000000000000009 4.5000000000000009 1.5000000000000002 145.00000000000003 5808.0000000000009 16.500000000000004 1.5000000000000002 21.500000000000004 1070.5000000000002 3.5000000000000004 19.500000000000004 4.5000000000000009 1.0000000180025095e-35 2196.0000000000005 407.50000000000006 1.0000000180025095e-35 4.5000000000000009 9.5000000000000018 5.5000000000000009 9.5000000000000018 1.0000000180025095e-35 505.50000000000006 1.0000000180025095e-35 16.000000000000004 7.5000000000000009 4.5000000000000009
decision_type=2 2 2 2 2 2 2 2 2 2 2 2 2 2 2 2 2 2 2 2 2 2 2 2 2 2 2 2 2 2
left_child=27 15 3 4 5 24 -7 8 -6 11 12 13 -11 -5 -13 16 26 -17 -19 -20 -21 -18 -23 -24 -3 -9 -2 28 -1 -30
right_child=1 2 -4 9 7 6 -8 25 -10 10 -12 14 -14 -15 -16 17 21 18 19 20 -22 22 23 -25 -26 -27 -28 -29 29 -31
leaf_value=-0.0017354238650445289 -0.0015605286007874125 0.018653782499097937 -0.034517083730060856 0.0033552532605353796 0.0015046653336206236 -0.022757521865452671 -0.0018324417764868479 0.028414942279085451 -0.015923434335409003 -0.04066976911087445 0.024188476301897865 0.0082879661742943297 -0.0041825647300640836 0.035675005257632224 -0.026595370281375649 0.044844326169417796 0.035053036498342217 0.031730005362650852 0.034358414240260794 0.0061369970060856692 -0.037016056105132852 0.023059213558282308 0.0073542870138594025 -0.065229185381438529 -0.021188583508241321 0.0070812663975641562 -0.042589134268253018 -0.00087057902904614625 0.05351010424701054 0.0091482683922399586
leaf_weight=467.84646974720818 7.3625935204327089 23.602115629240874 10.280702233314512 16.305037362035364 197.17389926416217 81.075162176450249 68.373922443832271 15.792444352060555 56.498237436229829 9.9420446893200261 13.346610880689694 136.56517318199622 40.908211055910215 30.8993164813146 8.6187460851797351 11.49479978752788 8.9398842917289603 20.866677070909645 8.4386936458759028 8.312202541157605 9.0195765703683701 8.0997661203145963 3.149435660801827 3.0507015907787718 4.7378277351381248 160.23733989987522 6.56274534156546 3997.18342935283 11.581204182468353 174.48280220171728
leaf_count=12217 38 54 161 99 994 680 951 36 327 69 60 559 173 112 137 53 36 79 51 33 45 27 17 50 123 648 33 42864 48 2330
internal_value=1.74657e-11 0.00207674 0.000870132 0.00133058 -0.00107819 -0.00927129 -0.01326 0.00232536 -0.00242423 0.00701563 -0.00419148 0.0107576 -0.0119632 0.0248125 0.00604938 0.0130235 -0.000277533 0.021388 0.0147866 0.00039455 -0.0171143 0.0133891 -0.00156043 -0.0324588 0.0114978 0.00914491 -0.0224545 -0.00043331 0.00223685 0.0121808
internal_weight=5620.75 969.654 874.357 864.076 607.491 177.789 149.449 429.702 253.672 256.585 64.1969 192.388 50.8503 47.2044 145.184 95.2971 37.1651 58.1319 46.6371 25.7705 17.3318 23.2398 14.2999 6.20014 28.3399 176.03 13.9253 4651.09 653.91 186.064
internal_count=63104 5645 5183 5022 3813 1808 1631 2005 1321 1209 302 907 242 211 696 462 201 261 208 129 78 130 94 67 177 684 71 57459 14595 2378
is_linear=0
shrinkage=0.045


Tree=178
num_leaves=31
num_cat=0
split_feature=48 3 48 31 55 20 20 55 43 48 10 0 5 48 27 29 47 9 20 48 48 48 19 37 38 55 0 27 0 48
split_gain=2.36678 5.59011 6.47279 12.5559 14.1311 11.7338 11.2017 8.17763 9.17273 11.1011 12.0012 11.2896 8.04433 6.17094 8.17544 6.5448 5.39024 11.3126 15.0532 23.0864 16.6909 31.5949 13.5218 13.2657 8.62413 11.5551 23.4201 8.88013 7.78156 18.6437
threshold=1083.5000000000002 5.5000000000000009 1183.0000000000002 1540.5000000000002 10.500000000000002 540.00000000000011 422.50000000000006 15.500000000000002 12.500000000000002 1211.0000000000002 1.0000000180025095e-35 7.5000000000000009 29.500000000000004 1140.5000000000002 1.5000000000000002 1.5000000000000002 4077.5000000000005 2.5000000000000004 670.00000000000011 1080.0000000000002 342.50000000000006 709.50000000000011 1.0000000180025095e-35 1.5000000000000002 1.0000000180025095e-35 4.5000000000000009 15.500000000000002 1.5000000000000002 6.5000000000000009 1055.0000000000002
decision_type=2 2 2 2 2 2 2 2 2 2 2 2 2 2 2 2 2 2 2 2 2 2 2 2 2 2 2 2 2 2
left_child=16 2 3 12 5 6 -5 8 -4 11 -11 -10 -2 15 -15 -6 -1 24 19 20 22 -22 -19 -20 -18 26 27 -26 -27 -30
right_child=1 -3 7 4 13 -7 -8 -9 9 10 -12 -13 -14 14 -16 -17 17 18 23 -21 21 -23 -24 -25 25 28 -28 -29 29 -31
leaf_value=-0.00014216086722173375 0.012051957666686623 0.0012719090570686756 0.0050392463321556197 -0.0032221067706874528 -0.034995056619642098 -0.016883696904996044 0.038913529583440166 0.026339832688420935 -0.027532124627164211 -0.027191575485687985 0.036472178719326107 0.018158152576337405 -0.021213066527069013 -0.06004703309076357 0.01681604622722006 0.017307117216266474 0.011176671671956339 -0.0075016029815148351 0.0016503607818127951 0.044733389372846794 -0.055660752963473878 0.0077395236336023094 0.029313784584054953 -0.044300999401658388 -0.019221393905734879 0.015043384414728155 0.058233636320232152 -0.055768093754939033 -0.038664983453071927 0.024612534793237072
leaf_weight=3624.3253782509819 75.765706314326962 676.75262106075388 170.35314533914789 76.37534116396273 12.11687662478653 141.73047801597568 14.314794716250615 21.562243770429632 14.392945283892912 68.853386412112741 5.6991761689860132 37.096848814529949 17.258684772779816 21.875166051308046 2.7582666055532163 6.9113960327813393 52.542901345383143 25.679191433766391 147.0308370954881 43.538369250716642 18.441633986571105 86.902524007309694 87.977073005167767 12.92124796414282 45.291332654131111 42.035509600536898 5.6506837960332623 19.412384404015029 21.952626725425944 15.119521966058526
leaf_count=40967 948 5297 1855 1059 312 2011 180 779 387 3419 125 968 255 692 36 95 287 159 968 150 325 496 241 143 323 180 14 158 191 84
internal_value=2.91002e-11 -0.00163034 -0.00448673 -0.00853217 -0.0133378 -0.00883888 0.00378057 0.000221516 -0.00176072 -0.0109186 -0.0219065 0.00510514 0.00572037 -0.0365523 -0.0511202 -0.0160824 0.000523579 0.00438132 0.00856273 0.0151729 0.00911955 -0.00377841 0.0210029 -0.00231386 -0.00436314 -0.00986409 -0.0229958 -0.030868 0.00195586 -0.0128892
internal_weight=5612.64 1363.82 687.064 369.107 276.082 232.421 90.6901 317.958 296.396 126.042 74.5526 51.4898 93.0244 43.6617 24.6334 19.0283 4248.82 624.496 422.491 262.539 219 105.344 113.656 159.952 202.005 149.462 70.3544 64.7037 79.1077 37.0721
internal_count=63104 18418 13121 5588 4385 3250 1239 7533 6754 4899 3544 1355 1203 1135 728 407 44686 3719 2482 1371 1221 821 400 1111 1237 950 495 481 455 275
is_linear=0
shrinkage=0.045


end of trees

feature_importances:
card_id=682
candidate_index=259
turn=201
option_count=188
source_index=187
your_deck=181
target_card_id=165
context_option_code=151
your_hand=129
opp_deck=127
your_active_energy=119
your_active_id=118
target_area=115
your_prizes=112
energy_attached=110
opp_active_id=109
opp_active_max_hp=107
your_board_signature=103
option_type_code=102
your_bench=99
opp_active_hp=98
your_alakazam=95
opp_hand=92
candidate_hp=90
target_index=87
opp_bench=76
select_type_code=68
candidate_energy=65
your_dunsparce=63
opp_board_signature=63
hand_alakazam=61
board_delta=61
context_code=60
hand_kadabra=57
is_xerosic=57
your_active_hp=55
hand_hammer=52
supporter_played=51
stadium_id=48
your_abra=47
your_active_max_hp=46
min_count=45
hand_xerosic=43
hand_candy=39
your_dudunsparce=36
is_end=35
opp_prizes=34
source_area=34
hand_energy=33
your_kadabra=29
is_hammer=28
attack_id=27
is_retreat=25
is_candy=24
is_boss=23
opp_active_energy=22
hand_abra=22
hand_delta=20
high_importance=19
retreated=17
hand_boss=11
is_ability=11
is_dudunsparce=10
stadium_played=7
go_first=6
player_index=5
attack_damage=5
max_count=2
is_attack=1
is_evolve=1

parameters:
[boosting: gbdt]
[objective: lambdarank]
[metric: ndcg]
[tree_learner: serial]
[device_type: cpu]
[data_sample_strategy: bagging]
[data: ]
[valid: ]
[num_iterations: 180]
[learning_rate: 0.045]
[num_leaves: 31]
[num_threads: 1]
[seed: 741]
[deterministic: 1]
[force_col_wise: 0]
[force_row_wise: 0]
[histogram_pool_size: -1]
[max_depth: 7]
[min_data_in_leaf: 30]
[min_sum_hessian_in_leaf: 0.001]
[bagging_fraction: 0.9]
[pos_bagging_fraction: 1]
[neg_bagging_fraction: 1]
[bagging_freq: 0]
[bagging_seed: 9664]
[bagging_by_query: 0]
[feature_fraction: 0.85]
[feature_fraction_bynode: 1]
[feature_fraction_seed: 7560]
[extra_trees: 0]
[extra_seed: 5152]
[early_stopping_round: 0]
[early_stopping_min_delta: 0]
[first_metric_only: 0]
[max_delta_step: 0]
[lambda_l1: 0]
[lambda_l2: 1]
[linear_lambda: 0]
[min_gain_to_split: 0]
[drop_rate: 0.1]
[max_drop: 50]
[skip_drop: 0.5]
[xgboost_dart_mode: 0]
[uniform_drop: 0]
[drop_seed: 20317]
[top_rate: 0.2]
[other_rate: 0.1]
[min_data_per_group: 100]
[max_cat_threshold: 32]
[cat_l2: 10]
[cat_smooth: 10]
[max_cat_to_onehot: 4]
[top_k: 20]
[monotone_constraints: ]
[monotone_constraints_method: basic]
[monotone_penalty: 0]
[feature_contri: ]
[forcedsplits_filename: ]
[refit_decay_rate: 0.9]
[cegb_tradeoff: 1]
[cegb_penalty_split: 0]
[cegb_penalty_feature_lazy: ]
[cegb_penalty_feature_coupled: ]
[path_smooth: 0]
[interaction_constraints: ]
[verbosity: -1]
[saved_feature_importance_type: 0]
[use_quantized_grad: 0]
[num_grad_quant_bins: 4]
[quant_train_renew_leaf: 0]
[stochastic_rounding: 1]
[linear_tree: 0]
[max_bin: 255]
[max_bin_by_feature: ]
[min_data_in_bin: 3]
[bin_construct_sample_cnt: 200000]
[data_random_seed: 2458]
[is_enable_sparse: 1]
[enable_bundle: 1]
[use_missing: 1]
[zero_as_missing: 0]
[feature_pre_filter: 1]
[pre_partition: 0]
[two_round: 0]
[header: 0]
[label_column: ]
[weight_column: ]
[group_column: ]
[ignore_column: ]
[categorical_feature: ]
[forcedbins_filename: ]
[precise_float_parser: 0]
[parser_config_file: ]
[objective_seed: 17010]
[num_class: 1]
[is_unbalance: 0]
[scale_pos_weight: 1]
[sigmoid: 1]
[boost_from_average: 1]
[reg_sqrt: 0]
[alpha: 0.9]
[fair_c: 1]
[poisson_max_delta_step: 0.7]
[tweedie_variance_power: 1.5]
[lambdarank_truncation_level: 30]
[lambdarank_norm: 1]
[label_gain: ]
[lambdarank_position_bias_regularization: 0]
[eval_at: 1,3,5]
[multi_error_top_k: 1]
[auc_mu_weights: ]
[num_machines: 1]
[local_listen_port: 12400]
[time_out: 120]
[machine_list_filename: ]
[machines: ]
[gpu_platform_id: -1]
[gpu_device_id: -1]
[gpu_use_dp: 0]
[num_gpu: 1]

end of parameters

pandas_categorical:[]
