tree
version=v4
num_class=1
num_tree_per_iteration=1
label_index=0
max_feature_idx=45
objective=regression
feature_names=turn go_first your_prizes opp_prizes your_deck opp_deck your_hand opp_hand your_bench opp_bench supporter_played energy_attached retreated stadium_played stadium_id your_active_id your_active_hp your_active_max_hp your_active_damage your_active_energy opp_active_id opp_active_hp opp_active_max_hp opp_active_damage opp_active_energy your_alakazam your_kadabra your_abra your_dudunsparce your_dunsparce opp_board_signature your_board_signature low_deck hand_alakazam hand_kadabra hand_abra hand_candy hand_boss hand_hammer hand_xerosic hand_energy select_type_code context_code option_count min_count max_count
feature_infos=[0:49] [0:1] [0:6] [0:6] [0:60] [0:60] [0:32] [0:18] [0:5] [0:5] [0:1] [0:1] [0:1] [0:1] [0:1266] [0:743] [0:210] [0:210] none [0:3] [0:1071] [0:440] [0:440] none [0:5] [0:4] [0:4] [0:4] [0:2] [0:3] [50:8172] [41:8188] [0:1] [0:4] [0:4] [0:3] [0:3] [0:3] [0:4] [0:3] [0:5] [281:3816] [281:3919] [1:45] [0:22] [1:22]
tree_sizes=1673 1751 1752 1749 1762 1748 1744 1753 1743 1762 1743 1752 1752 1760 1745 1757 1755 1748 1746 1754 1768 1751 1766 1760 1757 1753 1754 1768 1756 1773 1753 1754 1754 1752 1782 1770 1775 1765 1764 1765 1754 1751 1771 1762 1755 1767 1762 1758 1767 1744 1759 1756 1739 1748 1758 1766 1744 1768 1761 1753 1765 1774 1752 1772 1776 1750 1777 1764 1774 1756 1759 1784 1743 1766 1779 1775 1757 1766 1765 1772 1760 1779 1756 1759 1752 1763 1777 1774 1756 1757 1762 1769 1767 1769 1759 1783 1769 1778 1767 1772 1766 1772 1767 1555 1784 1754 1780 1770 1756 1773 1774 1760 1775 1759 1764 1756 1764 1775 1778 1776 1760 1765 1767 1781 1767 1767 1788 1778 1764 1775 1751 1763 1777 1757 1771 1774 1790 1769 1762

Tree=0
num_leaves=15
num_cat=0
split_feature=20 3 1 22 30 30 7 24 30 5 24 9 30 2
split_gain=86.652 58.0337 43.098 29.8849 21.6756 20.8782 11.9221 9.91752 9.29113 7.59885 6.29801 6.38853 5.86411 6.52447
threshold=741.50000000000011 4.5000000000000009 1.0000000180025095e-35 390.00000000000006 199.50000000000003 1678.5000000000002 3.5000000000000004 4.5000000000000009 4763.5000000000009 22.500000000000004 1.0000000180025095e-35 1.5000000000000002 4628.0000000000009 5.5000000000000009
decision_type=2 2 2 2 2 2 2 2 2 2 2 2 2 2
left_child=7 2 5 6 -3 9 -4 12 -7 -2 -6 -12 -1 -14
right_child=1 4 3 -5 10 8 -8 -9 -10 -11 11 -13 13 -15
leaf_value=0.86226946866484322 0.84123103940383326 0.82748607441415523 0.83877539765166209 0.8245317948808063 0.86160225035079785 0.82834589359563959 0.85855861078565476 0.83943225115685116 0.84103433776402114 0.86377864593912401 0.86120816105358433 0.85429428639610983 0.86207547375865645 0.8579830000990144
leaf_weight=3133.833647698164 42.41150014102459 37.965785786509514 54.271500423550606 52.054125159978867 463.43343785405159 270.20779818296432 412.13211193680763 32.988000094890594 148.41748367249966 52.452499806880951 286.59433306753635 834.22729386389256 1067.8543444871902 1494.9739324599504
leaf_count=2720 51 51 64 76 417 386 381 43 170 44 261 829 951 1505
internal_value=0.858213 0.85224 0.844829 0.85298 0.856959 0.836625 0.85622 0.860981 0.832793 0.853626 0.857685 0.856063 0.861109 0.859689
internal_weight=8383.82 2654.17 1031.95 518.458 1622.22 513.489 466.404 5729.65 418.625 94.864 1584.26 1120.82 5696.66 2562.83
internal_count=7949 2730 1172 521 1558 651 445 5219 556 95 1507 1090 5176 2456
is_linear=0
shrinkage=1


Tree=1
num_leaves=15
num_cat=0
split_feature=20 3 1 30 30 30 21 24 30 5 24 9 30 2
split_gain=79.897 53.5171 39.7215 27.6414 20.0198 19.2407 13.6681 9.15947 8.56228 7.01592 5.80496 5.88874 5.40434 6.01341
threshold=741.50000000000011 4.5000000000000009 1.0000000180025095e-35 6223.5000000000009 199.50000000000003 1678.5000000000002 270.00000000000006 4.5000000000000009 4763.5000000000009 22.500000000000004 1.0000000180025095e-35 1.5000000000000002 4628.0000000000009 5.5000000000000009
decision_type=2 2 2 2 2 2 2 2 2 2 2 2 2 2
left_child=7 2 5 6 -3 9 -4 12 -7 -2 -6 -12 -1 -14
right_child=1 4 3 -5 10 8 -8 -9 -10 -11 11 -13 13 -15
leaf_value=0.003893992629157822 -0.016318597835497523 -0.029529659760530933 0.0030757243473929037 -0.028695554366762625 0.0032537035039576978 -0.028677094624257795 -0.012154943397123681 -0.018051890199314805 -0.016496382859070523 0.005346915735189718 0.0028755025343681663 -0.0037624213423938812 0.0037078504460558211 -0.00022107446864541851
leaf_weight=3133.833647698164 42.41150014102459 37.965785786509514 318.09306986629963 67.54112520813942 463.43343785405159 270.20779818296432 132.82354244589806 32.988000094890594 148.41748367249966 52.452499806880951 286.59433306753635 834.22729386389256 1067.8543444871902 1494.9739324599504
leaf_count=2720 51 51 277 92 417 386 152 43 170 44 261 829 951 1505
internal_value=-7.18432e-07 -0.00573671 -0.0128534 -0.00502832 -0.00120441 -0.0207291 -0.00142764 0.00265692 -0.0244082 -0.00440842 -0.000507407 -0.00206405 0.00277999 0.0014168
internal_weight=8383.82 2654.17 1031.95 518.458 1622.22 513.489 450.917 5729.65 418.625 94.864 1584.26 1120.82 5696.66 2562.83
internal_count=7949 2730 1172 521 1558 651 429 5219 556 95 1507 1090 5176 2456
is_linear=0
shrinkage=0.04


Tree=2
num_leaves=15
num_cat=0
split_feature=20 3 1 22 30 30 7 24 30 5 24 9 30 2
split_gain=73.665 49.3475 36.6143 25.997 18.4905 17.7316 10.7227 8.45937 7.89061 6.47771 5.3505 5.47783 4.98062 5.54239
threshold=741.50000000000011 4.5000000000000009 1.0000000180025095e-35 390.00000000000006 199.50000000000003 1678.5000000000002 3.5000000000000004 4.5000000000000009 4763.5000000000009 22.500000000000004 1.0000000180025095e-35 4.5000000000000009 4628.0000000000009 5.5000000000000009
decision_type=2 2 2 2 2 2 2 2 2 2 2 2 2 2
left_child=7 2 5 6 -3 9 -4 12 -7 -2 -6 -12 -1 -14
right_child=1 4 3 -5 10 8 -8 -9 -10 -11 11 -13 13 -15
leaf_value=0.0037382827435593108 -0.015680889738794689 -0.028378785748223626 -0.018351864163181561 -0.031363009947918609 0.0031238352489199317 -0.027534240225069496 0.00040965182712088418 -0.017351059812161299 -0.015840943027276871 0.0051370405738723288 -0.00085685161260549286 -0.0089343074075789071 0.0035596754876630094 -0.00021223743062992662
leaf_weight=3133.833647698164 42.41150014102459 37.965785786509514 54.271500423550606 52.054125159978867 463.43343785405159 270.20779818296432 412.13211193680763 32.988000094890594 148.41748367249966 52.452499806880951 965.73005613684654 155.09157079458237 1067.8543444871902 1494.9739324599504
leaf_count=2720 51 51 64 76 417 386 381 43 170 44 926 164 951 1505
internal_value=-1.31814e-06 -0.00550906 -0.0123429 -0.0048301 -0.0011569 -0.0199043 -0.00180806 0.00255057 -0.0234362 -0.00423666 -0.000487051 -0.00198152 0.00266884 0.00136018
internal_weight=8383.82 2654.17 1031.95 518.458 1622.22 513.489 466.404 5729.65 418.625 94.864 1584.26 1120.82 5696.66 2562.83
internal_count=7949 2730 1172 521 1558 651 445 5219 556 95 1507 1090 5176 2456
is_linear=0
shrinkage=0.04


Tree=3
num_leaves=15
num_cat=0
split_feature=20 3 1 30 30 30 21 24 30 5 19 9 30 2
split_gain=67.925 45.5052 33.7456 24.0742 17.0777 16.3408 12.2833 7.81278 7.27163 5.98079 5.13607 6.94782 4.59012 5.10826
threshold=741.50000000000011 4.5000000000000009 1.0000000180025095e-35 6223.5000000000009 199.50000000000003 1678.5000000000002 270.00000000000006 4.5000000000000009 4763.5000000000009 22.500000000000004 1.0000000180025095e-35 4.5000000000000009 4628.0000000000009 5.5000000000000009
decision_type=2 2 2 2 2 2 2 2 2 2 2 2 2 2
left_child=7 2 5 6 -3 9 -4 12 -7 -2 11 -6 -1 -14
right_child=1 4 3 -5 10 8 -8 -9 -10 -11 -12 -13 13 -15
leaf_value=0.0035887991358558723 -0.015068103997582212 -0.027272766099131488 0.0029884633116866845 -0.026728008089106265 -0.0011633510609947756 -0.026436931408848844 -0.01144995154862365 -0.016677436872402248 -0.015211546076947845 0.0049354031363411663 0.0014902343361968726 -0.011574068851262538 0.003417421517119375 -0.00020375346644174245
leaf_weight=3133.833647698164 42.41150014102459 37.965785786509514 318.09306986629963 67.54112520813942 548.23572252690792 270.20779818296432 132.82354244589806 32.988000094890594 148.41748367249966 52.452499806880951 910.76527135074139 125.25407090783119 1067.8543444871902 1494.9739324599504
leaf_count=2720 51 51 277 92 545 386 152 43 170 44 820 142 951 1505
internal_value=-1.97401e-06 -0.00529079 -0.0118532 -0.00464069 -0.00111149 -0.0191123 -0.00128049 0.00244848 -0.0225029 -0.00407159 -0.000467738 -0.0031138 0.00256214 0.00130583
internal_weight=8383.82 2654.17 1031.95 518.458 1622.22 513.489 450.917 5729.65 418.625 94.864 1584.26 673.49 5696.66 2562.83
internal_count=7949 2730 1172 521 1558 651 429 5219 556 95 1507 687 5176 2456
is_linear=0
shrinkage=0.04


Tree=4
num_leaves=15
num_cat=0
split_feature=20 3 1 22 30 33 14 7 24 24 9 30 2 24
split_gain=62.6304 41.9573 31.1058 22.6117 15.7728 15.5122 10.8608 9.64541 7.21561 4.96191 5.24959 4.23024 4.70813 11.3426
threshold=741.50000000000011 4.5000000000000009 1.0000000180025095e-35 390.00000000000006 199.50000000000003 1.0000000180025095e-35 1263.0000000000002 3.5000000000000004 4.5000000000000009 1.0000000180025095e-35 1.5000000000000002 4628.0000000000009 5.5000000000000009 2.5000000000000004
decision_type=2 2 2 2 2 2 2 2 2 2 2 2 2 2
left_child=8 2 5 7 -3 -2 -7 -4 11 -6 -11 -1 -13 -14
right_child=1 4 3 -5 9 6 -8 -9 -10 10 -12 12 13 -15
leaf_value=0.003445293025232673 -0.026303779136002792 -0.026209852129468504 -0.017330264920558416 -0.029202852620518784 0.0030279628416789079 -0.0086814664274392703 -0.029330431786926799 0.00046371830210603058 -0.016029967189088189 0.0027751731079946459 -0.0034920854883988542 0.0032808526708511376 0.00037190536570602922 -0.021562463056153055
leaf_weight=3133.833647698164 222.40727692842484 37.965785786509514 54.271500423550606 52.054125159978867 463.43343785405159 242.63629023730755 48.445714637637138 412.13211193680763 32.988000094890594 286.59433306753635 834.22729386389256 1067.8543444871902 1457.2511823326349 37.722750127315521
leaf_count=2720 313 51 64 76 417 263 75 381 43 261 829 951 1457 48
internal_value=-2.54089e-06 -0.00508104 -0.0113824 -0.00445777 -0.00106798 -0.0183519 -0.0122068 -0.00163947 0.00235047 -0.000449312 -0.0018885 0.0024597 0.00125364 -0.000195609
internal_weight=8383.82 2654.17 1031.95 518.458 1622.22 513.489 291.082 466.404 5729.65 1584.26 1120.82 5696.66 2562.83 1494.97
internal_count=7949 2730 1172 521 1558 651 338 445 5219 1507 1090 5176 2456 1505
is_linear=0
shrinkage=0.04


Tree=5
num_leaves=15
num_cat=0
split_feature=20 3 30 38 30 2 30 24 21 20 7 26 25 30
split_gain=57.7495 38.6966 29.9434 22.592 14.5679 14.2061 7.10522 6.66398 4.72396 5.06328 4.38548 4.18217 4.57132 5.17876
threshold=741.50000000000011 4.5000000000000009 1547.0000000000002 1.5000000000000002 199.50000000000003 4.5000000000000009 4116.0000000000009 4.5000000000000009 405.00000000000006 931.50000000000011 10.500000000000002 1.5000000000000002 1.5000000000000002 288.50000000000006
decision_type=2 2 2 2 2 2 2 2 2 2 2 2 2 2
left_child=7 2 10 5 -3 -4 -5 11 9 -6 -2 12 13 -1
right_child=1 4 3 6 8 -7 -8 -9 -10 -11 -12 -13 -14 -15
leaf_value=-0.0086238357591382521 0.0049246953535381664 -0.025188364594644987 -0.013104276904142302 -0.012985977111779488 -0.0010322216187370645 -0.025493309310893934 0.0033043911263775164 -0.015407633881167676 -0.015242369006383507 0.0055405572610347014 -0.008465236654501284 0.0040412556344670307 0.0038291435045245703 0.0011244499311985649
leaf_weight=88.99068583548069 175.68999934196472 37.965785786509514 366.2464192956686 64.519904732704163 1334.3747982680798 253.26322561502457 122.92072017490864 32.988000094890594 32.722142934799194 217.15812358260155 49.306750163435936 1673.6240029484034 1121.4857987016439 2812.5614371597767
leaf_count=93 153 51 429 73 1281 356 108 43 40 186 53 1393 948 2742
internal_value=-3.22536e-06 -0.00487983 -0.0109314 -0.0145255 -0.00102585 -0.018202 -0.00234216 0.00225624 -0.000431281 -0.000109296 0.00196589 0.00236121 0.00166147 0.000822602
internal_weight=8383.82 2654.17 1031.95 806.95 1622.22 619.51 187.441 5729.65 1584.26 1551.53 224.997 5696.66 4023.04 2901.55
internal_count=7949 2730 1172 966 1558 785 181 5219 1507 1467 206 5176 3783 2835
is_linear=0
shrinkage=0.04


Tree=6
num_leaves=15
num_cat=0
split_feature=20 3 38 4 5 2 5 7 24 6 30 2 24 34
split_gain=53.2408 36.321 19.2588 12.9288 12.6801 11.9762 10.2748 21.7187 6.1546 4.47866 3.89029 4.27061 10.4828 3.30904
threshold=741.50000000000011 2.5000000000000004 1.5000000000000002 4.5000000000000009 4.5000000000000009 3.5000000000000004 12.500000000000002 8.5000000000000018 4.5000000000000009 12.500000000000002 4628.0000000000009 5.5000000000000009 2.5000000000000004 2.5000000000000004
decision_type=2 2 2 2 2 2 2 2 2 2 2 2 2 2
left_child=8 2 4 5 -2 -3 -5 -8 10 -4 13 -12 -13 -1
right_child=1 3 9 6 -6 -7 7 -9 -10 -11 11 12 -14 -15
leaf_value=0.0034065345884360448 -0.0045345354611227339 -0.00057207967054449392 -0.011138671140527379 0.0049781297825379888 -0.027603695242460095 -0.028521951918019126 -0.0011954528688017233 -0.011922355806918934 -0.014809461849413959 0.0054417369400151586 0.0030409625356281294 0.00027565446689851449 -0.020810978767702784 -0.0054355652947188386
leaf_weight=3065.4473977684975 48.080250054597855 42.102500170469284 47.860357075929642 275.24847012758255 191.60533638298512 57.906000167131424 1562.9911108464003 373.41134539246559 32.988000094890594 54.962499678134918 1067.8543444871902 1457.2511823326349 37.722750127315521 68.386249929666519
leaf_count=2649 52 39 56 229 277 84 1521 430 43 42 951 1457 48 71
internal_value=-3.5866e-06 -0.00468595 -0.0168231 -0.00288115 -0.0230142 -0.0168775 -0.00224091 -0.00326909 0.00216588 -0.0023088 0.00226677 0.00111024 -0.000269981 0.00321191
internal_weight=8383.82 2654.17 342.508 2311.66 239.686 100.009 2211.65 1936.4 5729.65 102.823 5696.66 2562.83 1494.97 3133.83
internal_count=7949 2730 427 2303 329 123 2180 1951 5219 98 5176 2456 1505 2720
is_linear=0
shrinkage=0.04


Tree=7
num_leaves=15
num_cat=0
split_feature=20 3 30 2 30 30 38 24 19 9 7 26 25 30
split_gain=49.08 33.932 26.7382 20.558 18.3964 13.4338 7.77865 5.68406 4.72036 6.20591 3.81725 3.81347 4.08869 4.78718
threshold=741.50000000000011 4.5000000000000009 1547.0000000000002 3.5000000000000004 4763.5000000000009 199.50000000000003 1.0000000180025095e-35 4.5000000000000009 1.0000000180025095e-35 4.5000000000000009 10.500000000000002 1.5000000000000002 1.5000000000000002 288.50000000000006
decision_type=2 2 2 2 2 2 2 2 2 2 2 2 2 2
left_child=7 2 10 4 -4 -3 -5 11 9 -7 -2 12 13 -1
right_child=1 5 3 6 -6 8 -8 -9 -10 -11 -12 -13 -14 -15
leaf_value=-0.0083677057149074609 0.0047802430249540648 -0.024093691917511473 -0.015875932993923571 -0.023803154070490475 0.001959215796675534 -0.0010134622283389575 -0.012786095451401103 -0.014234512462723883 0.0015570880171408227 -0.010852398594985886 -0.0077128701673967182 0.0037802056595251836 0.0035578442318529996 0.0010047187601037867
leaf_weight=88.99068583548069 175.68999934196472 37.965785786509514 176.60637608170509 262.01319797337055 192.77575606107712 548.23572252690792 175.55493970215321 32.988000094890594 910.76527135074139 125.25407090783119 49.306750163435936 1673.6240029484034 1121.4857987016439 2812.5614371597767
leaf_count=93 153 51 218 364 174 545 210 43 820 142 53 1393 948 2742
internal_value=-3.96504e-06 -0.00449965 -0.0101664 -0.0135627 -0.00658784 -0.000890772 -0.0194223 0.00207901 -0.000319879 -0.00285666 0.00202043 0.00217596 0.0015078 0.000714482
internal_weight=8383.82 2654.17 1031.95 806.95 369.382 1622.22 437.568 5729.65 1584.26 673.49 224.997 5696.66 4023.04 2901.55
internal_count=7949 2730 1172 966 392 1558 574 5219 1507 687 206 5176 3783 2835
is_linear=0
shrinkage=0.04


Tree=8
num_leaves=15
num_cat=0
split_feature=20 3 6 4 2 5 7 5 24 20 8 30 2 24
split_gain=45.2497 32.1369 17.5709 11.3302 10.6066 9.62942 18.8785 6.36947 5.24958 4.97477 4.5791 3.57805 3.87419 9.68827
threshold=741.50000000000011 2.5000000000000004 12.500000000000002 4.5000000000000009 3.5000000000000004 12.500000000000002 8.5000000000000018 4.5000000000000009 4.5000000000000009 1030.5000000000002 2.5000000000000004 4628.0000000000009 5.5000000000000009 2.5000000000000004
decision_type=2 2 2 2 2 2 2 2 2 2 2 2 2 2
left_child=8 2 7 4 -3 -5 -7 -2 11 -9 -4 -1 -13 -14
right_child=1 3 10 5 -6 6 -8 9 -10 -11 -12 12 13 -15
leaf_value=0.0029953280217737449 -0.0068445967756603247 -0.00038469747852288324 -0.012287170626152748 0.0049643931957564546 -0.026684109494484964 -0.0010861767162384935 -0.011087093707592222 -0.027335894018103876 -0.013681884461271703 -0.011614814889439393 0.005779691467031437 0.0028187655799312545 0.0001898723715493337 -0.020081935388773075
leaf_weight=3133.833647698164 41.805964112281799 42.102500170469284 34.836878597736359 275.24847012758255 57.906000167131424 1562.9911108464003 373.41134539246559 164.07070770859718 32.988000094890594 42.705142870545387 59.089749902486801 1067.8543444871902 1457.2511823326349 37.722750127315521
leaf_count=2720 46 39 41 229 84 1521 430 243 43 51 46 951 1457 48
internal_value=-4.29357e-06 -0.00432098 -0.0157376 -0.00262336 -0.0157258 -0.00202404 -0.00301946 -0.0212875 0.00199575 -0.0241606 -0.000980058 0.00208892 0.000979825 -0.000334729
internal_weight=8383.82 2654.17 342.508 2311.66 100.009 2211.65 1936.4 248.582 5729.65 206.776 93.9266 5696.66 2562.83 1494.97
internal_count=7949 2730 427 2303 123 2180 1951 340 5219 294 87 5176 2456 1505
is_linear=0
shrinkage=0.04


Tree=9
num_leaves=15
num_cat=0
split_feature=20 3 1 30 30 33 21 14 24 21 8 26 16 30
split_gain=41.7174 29.7676 24.3673 17.6379 12.3885 12.1114 10.3854 8.13644 4.84825 4.44846 4.67852 3.49754 3.68365 5.02259
threshold=741.50000000000011 4.5000000000000009 1.0000000180025095e-35 6223.5000000000009 199.50000000000003 1.0000000180025095e-35 270.00000000000006 1263.0000000000002 4.5000000000000009 405.00000000000006 2.5000000000000004 1.5000000000000002 85.000000000000014 288.50000000000006
decision_type=2 2 2 2 2 2 2 2 2 2 2 2 2 2
left_child=8 2 5 6 -3 -2 -4 -7 11 10 -6 12 13 -1
right_child=1 4 3 -5 9 7 -8 -9 -10 -11 -12 -13 -14 -15
leaf_value=-0.011210746084263095 -0.022649427679675399 -0.023051237607801884 0.0034685121851049439 -0.02223503290055635 -0.0045111532874170246 -0.0071499684853715152 -0.009807230016598922 -0.02501726478672953 -0.013150711334732463 -0.014593849261188695 0.001138099451793616 0.0035415918819444859 0.0024837317569682458 0.00044008734207011949
leaf_weight=60.221685901284218 222.40727692842484 37.965785786509514 318.09306986629963 67.54112520813942 286.91512362658978 242.63629023730755 132.82354244589806 48.445714637637138 32.988000094890594 32.722142934799194 1264.6177982240915 1673.6240029484034 2169.6115120351315 1793.2047237604856
leaf_count=69 313 51 277 92 307 263 152 75 43 40 1160 1393 1888 1826
internal_value=-4.66727e-06 -0.00414945 -0.00945713 -0.00332977 -0.00076932 -0.0156253 -0.000455084 -0.0101992 0.00191573 -0.000221142 9.11863e-05 0.00200526 0.00136542 5.56862e-05
internal_weight=8383.82 2654.17 1031.95 518.458 1622.22 513.489 450.917 291.082 5729.65 1584.26 1551.53 5696.66 4023.04 1853.43
internal_count=7949 2730 1172 521 1558 651 429 338 5219 1507 1467 5176 3783 1895
is_linear=0
shrinkage=0.04


Tree=10
num_leaves=15
num_cat=0
split_feature=20 3 6 22 2 1 7 30 14 5 24 20 8 7
split_gain=38.4698 28.1343 15.5598 10.6004 23.4168 15.0156 37.1583 14.7714 10.9499 5.7938 4.47764 4.23357 4.17792 3.33745
threshold=741.50000000000011 2.5000000000000004 12.500000000000002 390.00000000000006 5.5000000000000009 1.0000000180025095e-35 8.5000000000000018 199.50000000000003 1261.5000000000002 4.5000000000000009 4.5000000000000009 1030.5000000000002 2.5000000000000004 4.5000000000000009
decision_type=2 2 2 2 2 2 2 2 2 2 2 2 2 2
left_child=10 2 9 5 8 6 -3 -7 -5 -2 13 -11 -4 -1
right_child=1 3 12 4 -6 7 -8 -9 -10 11 -12 -13 -14 -15
leaf_value=0.0030449660345702057 -0.0061285104935216647 -0.0002182810500014304 -0.011583408748341913 -0.0039743196058018258 0.0022030050235353317 -0.022152850456121923 -0.017406053692430996 0.0029589957082508181 -0.028852523253516695 -0.025560145693730822 -0.012640159928093102 -0.011042226476610399 0.0056735368093767781 0.0010876633385778778
leaf_weight=2435.9706288129091 41.805964112281799 747.75990387797356 34.836878597736359 40.66849984228611 130.59236951172352 37.965785786509514 274.37299628555775 985.40960302948952 94.890268370509148 164.07070770859718 32.988000094890594 42.705142870545387 59.089749902486801 3260.6912958323956
leaf_count=2073 46 719 41 44 120 51 353 878 138 243 43 51 46 3103
internal_value=-5.15946e-06 -0.00398535 -0.0146674 -0.00239698 -0.00989096 -0.00141755 -0.00484453 0.00200667 -0.0214727 -0.01989 0.00183897 -0.0226294 -0.00078157 0.00192502
internal_weight=8383.82 2654.17 342.508 2311.66 266.151 2045.51 1022.13 1023.38 135.559 248.582 5729.65 206.776 93.9266 5696.66
internal_count=7949 2730 427 2303 302 2001 1072 929 182 340 5219 294 87 5176
is_linear=0
shrinkage=0.04


Tree=11
num_leaves=15
num_cat=0
split_feature=20 4 3 30 2 30 16 24 30 16 20 34 5 7
split_gain=35.4752 26.1782 14.8715 19.4402 18.8952 10.7623 4.14897 4.1354 3.28235 3.57971 6.31695 2.8993 5.59837 2.78016
threshold=741.50000000000011 3.5000000000000004 4.5000000000000009 1547.0000000000002 4.5000000000000009 199.50000000000003 115.00000000000001 4.5000000000000009 4628.0000000000009 55.000000000000007 540.00000000000011 2.5000000000000004 40.500000000000007 11.500000000000002
decision_type=2 2 2 2 2 2 2 2 2 2 2 2 2 2
left_child=7 -2 3 13 -5 -4 -7 8 11 10 -10 -1 -13 -3
right_child=1 2 5 4 -6 6 -8 -9 9 -11 -12 12 -14 -15
leaf_value=0.0028984092208509784 -0.019488188035521693 0.0057006892984160611 -0.021289477478074505 -0.0048258710493197408 -0.018500429581306516 -0.0023812338838689155 0.0017716660033444635 -0.01214942929298108 0.00013849693226463083 0.0018093804410213761 -0.0094352641899459605 -0.018289164835469184 0.0045285423310959545 -0.0061623058966968503
leaf_weight=3065.4473977684975 159.49189327657223 174.48649948835373 37.965785786509514 406.14015114307404 268.72372549772263 672.63558591902256 897.03747870028019 32.988000094890594 687.96381793916225 1744.5507092177868 130.31374979019165 29.319250106811523 39.066999822854996 37.686750084161758
leaf_count=2649 218 148 51 431 355 680 807 43 759 1555 142 35 36 40
internal_value=-5.54745e-06 -0.00382768 -0.00281905 -0.0069736 -0.0102903 -0.000523811 -8.31581e-06 0.00176535 0.00184805 0.000785858 -0.00139582 0.00271617 -0.00537669 0.00357453
internal_weight=8383.82 2654.17 2494.68 887.037 674.864 1607.64 1569.67 5729.65 5696.66 2562.83 818.278 3133.83 68.3862 212.173
internal_count=7949 2730 2512 974 786 1538 1487 5219 5176 2456 901 2720 71 188
is_linear=0
shrinkage=0.04


Tree=12
num_leaves=15
num_cat=0
split_feature=20 3 38 22 2 1 7 30 14 5 24 39 26 25
split_gain=32.7033 24.7071 14.5583 9.68816 20.9277 13.6443 32.9756 12.7805 9.96942 9.30976 3.81923 3.31854 3.13005 3.43837
threshold=741.50000000000011 2.5000000000000004 1.5000000000000002 390.00000000000006 5.5000000000000009 1.0000000180025095e-35 8.5000000000000018 199.50000000000003 1261.5000000000002 4.5000000000000009 4.5000000000000009 1.0000000180025095e-35 1.5000000000000002 1.5000000000000002
decision_type=2 2 2 2 2 2 2 2 2 2 2 2 2 2
left_child=10 2 9 5 8 6 -3 -7 -5 -2 12 -4 13 -1
right_child=1 3 11 4 -6 7 -8 -9 -10 -11 -12 -13 -14 -15
leaf_value=0.00044133600610152805 -0.0032494711558383777 -0.00015956322215871446 0.0041470157839431279 -0.0036089201625183081 0.0020818490194768995 -0.020459753048878912 -0.016351035204826076 0.0028989195832871298 -0.027341610824247416 -0.023000171177955588 -0.011677749863426921 -0.010784848446559839 0.0032273299805455837 0.0030486573542553531
leaf_weight=2901.5521229952574 48.080250054597855 747.75990387797356 67.22699947655201 40.66849984228611 130.59236951172352 37.965785786509514 274.37299628555775 985.40960302948952 94.890268370509148 191.60533638298512 32.988000094890594 35.59585727751255 1673.6240029484034 1121.4857987016439
leaf_count=2835 52 719 59 44 120 51 353 878 138 277 43 39 1393 948
internal_value=-5.78191e-06 -0.00367556 -0.0136858 -0.00218711 -0.00935133 -0.00125082 -0.0045176 0.00201322 -0.0203002 -0.0190682 0.00169453 -0.00107628 0.001774 0.00116875
internal_weight=8383.82 2654.17 342.508 2311.66 266.151 2045.51 1022.13 1023.38 135.559 239.686 5729.65 102.823 5696.66 4023.04
internal_count=7949 2730 427 2303 302 2001 1072 929 182 329 5219 98 5176 3783
is_linear=0
shrinkage=0.04


Tree=13
num_leaves=15
num_cat=0
split_feature=20 4 3 30 30 30 8 36 24 40 24 20 30 20
split_gain=30.1559 22.798 12.7303 17.1735 17.454 9.1979 3.89737 3.73529 4.48484 12.1837 3.04679 6.5208 2.54984 4.5439
threshold=741.50000000000011 3.5000000000000004 4.5000000000000009 1547.0000000000002 2794.0000000000005 199.50000000000003 2.5000000000000004 1.0000000180025095e-35 2.5000000000000004 1.5000000000000002 1.0000000180025095e-35 276.00000000000006 6515.5000000000009 657.00000000000011
decision_type=2 2 2 2 2 2 2 2 2 2 2 2 2 2
left_child=7 -2 3 -3 -5 -4 -7 8 10 -10 11 -1 -9 -14
right_child=1 2 5 4 -6 6 -8 12 9 -11 -12 -13 13 -15
leaf_value=0.0021750499107905043 -0.018144449430950824 0.0034811161788902518 -0.019662365189147456 -0.024131349211489465 -0.006699805219509236 -0.0041573755208255481 0.00096313083999087891 0.0032845863625451904 -0.02235650202228388 0.0040826557949007252 0.0024820587545834817 -0.0028399316472527535 0.0012604469898056384 -0.012627200747258495
leaf_weight=892.28318424522877 159.49189327657223 212.17324957251549 37.965785786509514 109.12189316749573 565.74198347330093 291.12762360274792 1278.5454410165548 2218.6620977967978 47.405750215053558 65.193750023841858 1210.7762634158134 773.53956396877766 481.90181508660316 39.887499988079071
leaf_count=857 218 188 51 162 624 311 1176 1883 67 56 1082 773 458 43
internal_value=-6.03146e-06 -0.00352998 -0.00258874 -0.00643258 -0.00954993 -0.00046516 1.13871e-05 0.00162671 0.000648472 -0.00714736 0.000956004 -0.000154008 0.00269312 0.000176701
internal_weight=8383.82 2654.17 2494.68 887.037 674.864 1607.64 1569.67 5729.65 2989.2 112.6 2876.6 1665.82 2740.45 521.789
internal_count=7949 2730 2512 974 786 1538 1487 5219 2835 123 2712 1630 2384 501
is_linear=0
shrinkage=0.04


Tree=14
num_leaves=15
num_cat=0
split_feature=20 3 6 22 2 1 7 30 14 5 24 8 36 14
split_gain=27.8013 21.3186 13.3898 8.95435 18.9075 12.468 29.5333 11.0631 9.17559 4.54985 3.7092 3.65292 3.44281 4.24976
threshold=741.50000000000011 2.5000000000000004 12.500000000000002 390.00000000000006 5.5000000000000009 1.0000000180025095e-35 8.5000000000000018 199.50000000000003 1261.5000000000002 4.5000000000000009 2.5000000000000004 2.5000000000000004 1.0000000180025095e-35 1258.0000000000002
decision_type=2 2 2 2 2 2 2 2 2 2 2 2 2 2
left_child=12 2 9 5 8 6 -3 -7 -5 -2 -11 -4 13 -1
right_child=1 3 11 4 -6 7 -8 -9 -10 10 -12 -13 -14 -15
leaf_value=0.0014990826077096911 -0.0053410000724819599 -0.00010569767928692323 -0.0099264014614735187 -0.0032935144415504459 0.001972667297744713 -0.018896054448229123 -0.0154287116165311 0.0028369087271729199 -0.026056682725064999 -0.023417456296443439 -0.011328793001744464 0.0062092175126057195 0.0025852744052218368 -0.0019701374649220048
leaf_weight=2234.0587396472692 41.805964112281799 747.75990387797356 34.836878597736359 40.66849984228611 130.59236951172352 37.965785786509514 274.37299628555775 985.40960302948952 94.890268370509148 146.42020772397518 60.355642855167389 59.089749902486801 2740.45141287148 755.13977222144604
leaf_count=2114 46 719 41 44 120 51 353 878 138 214 80 46 2384 721
internal_value=-6.23331e-06 -0.00338981 -0.0126883 -0.0020072 -0.0088947 -0.00110712 -0.00422994 0.00201299 -0.0193017 -0.017533 -0.0199604 0.000183079 0.00156147 0.000622313
internal_weight=8383.82 2654.17 342.508 2311.66 266.151 2045.51 1022.13 1023.38 135.559 248.582 206.776 93.9266 5729.65 2989.2
internal_count=7949 2730 427 2303 302 2001 1072 929 182 340 294 87 5219 2835
is_linear=0
shrinkage=0.04


Tree=15
num_leaves=15
num_cat=0
split_feature=20 4 8 30 3 7 6 3 20 38 7 33 20 37
split_gain=25.8535 21.6953 12.9605 7.60035 10.7881 8.1153 6.04823 8.38201 4.2845 3.52866 3.46103 5.26255 8.72467 2.18335
threshold=540.00000000000011 3.5000000000000004 2.5000000000000004 5995.0000000000009 5.5000000000000009 12.500000000000002 7.5000000000000009 2.5000000000000004 363.00000000000006 1.0000000180025095e-35 4.5000000000000009 1.5000000000000002 276.00000000000006 1.0000000180025095e-35
decision_type=2 2 2 2 2 2 2 2 2 2 2 2 2 2
left_child=8 13 3 5 -5 -3 7 -4 10 -8 -1 -12 -13 -2
right_child=1 2 6 4 -6 -7 9 -9 -10 -11 11 12 -14 -15
leaf_value=0.0026642637240452505 -0.020652054137998511 -0.0026742419154973944 -0.016490603666074015 -0.022021155053787086 -0.0021520372381212019 -0.019120100181981195 -0.0021934276068091164 -0.0021786080622489836 0.0040824135156360061 0.0018156205323991909 0.0010617032838226804 0.00092184729539464521 -0.012005106665422576 -0.010675861878140206
leaf_weight=1584.5312367975712 99.401250228285789 488.37529039382935 70.297000095248222 104.71094672381878 74.965499565005302 52.313414335250854 482.73137401044369 808.87803094089031 1097.9002465009689 1282.2908460944891 1831.9660308659077 205.99142445623875 139.37456057965755 60.090643048286438
leaf_count=1345 146 511 92 144 76 76 477 824 933 1135 1776 188 154 72
internal_value=-6.4642e-06 -0.00261452 -0.00192854 -0.00668098 -0.0137891 -0.00429779 -0.000631786 -0.0033404 0.00188491 0.00071853 0.00124266 0.000207346 -0.0043145 -0.0169833
internal_weight=8383.82 3524.05 3364.56 720.365 179.676 540.689 2644.2 879.175 4859.76 1765.02 3761.86 2177.33 345.366 159.492
internal_count=7949 3553 3335 807 220 587 2528 916 4396 1612 3463 2118 342 218
is_linear=0
shrinkage=0.04


Tree=16
num_leaves=15
num_cat=0
split_feature=20 4 8 9 3 30 30 19 7 20 1 30 9 34
split_gain=23.8383 20.0139 11.9537 7.22607 5.59621 9.71277 8.1715 5.39431 4.47185 3.94926 3.31458 7.35281 8.96243 3.35637
threshold=540.00000000000011 3.5000000000000004 2.5000000000000004 4.5000000000000009 4.5000000000000009 1547.0000000000002 199.50000000000003 1.0000000180025095e-35 12.500000000000002 363.00000000000006 1.0000000180025095e-35 229.00000000000003 2.5000000000000004 2.5000000000000004
decision_type=2 2 2 2 2 2 2 2 2 2 2 2 2 2
left_child=9 -2 3 8 5 -4 -6 -5 -3 10 11 -1 -13 -12
right_child=1 2 4 7 6 -7 -8 -9 -10 -11 13 12 -14 -15
leaf_value=-0.019867876321754033 -0.016311808027197682 -0.003724009240663561 0.0038666228933041205 -0.022627152022491732 -0.017928517626303372 -0.0057602257461053146 0.0010717556242057465 -0.0062536884317741428 -0.019917143663043032 0.0039192655742491308 0.0024807219617486377 0.0030030851390129959 -0.0030153676631755988 -0.0074798642007104397
leaf_weight=28.775685951113701 159.49189327657223 562.28466518223286 226.36049941182137 68.043571621179581 35.985785767436028 639.52202719449997 1742.328938767314 62.275642737746239 27.761271476745605 1097.9002465009689 2089.8243784457445 847.36329698562622 741.28114128112793 54.618750035762787
leaf_count=36 218 595 194 106 48 692 1594 63 43 933 1863 789 719 56
internal_value=-6.68087e-06 -0.00251103 -0.00185217 -0.00641629 -0.000606802 -0.003242 0.000677408 -0.01491 -0.00451829 0.00180949 0.00119287 -0.00017432 0.00019467 0.00222366
internal_weight=8383.82 3524.05 3364.56 720.365 2644.2 865.883 1778.31 130.319 590.046 4859.76 3761.86 1617.42 1588.64 2144.44
internal_count=7949 3553 3335 807 2528 886 1642 169 638 4396 3463 1544 1508 1919
is_linear=0
shrinkage=0.04


Tree=17
num_leaves=15
num_cat=0
split_feature=20 3 6 2 5 24 9 1 30 5 24 8 30 16
split_gain=21.9938 17.4189 11.8292 8.6519 15.6493 8.50456 6.05317 8.36828 5.09262 4.02901 3.54158 3.14393 3.06538 3.70373
threshold=741.50000000000011 2.5000000000000004 12.500000000000002 4.5000000000000009 33.500000000000007 1.0000000180025095e-35 2.5000000000000004 1.0000000180025095e-35 229.00000000000003 4.5000000000000009 2.5000000000000004 2.5000000000000004 4628.0000000000009 55.000000000000007
decision_type=2 2 2 2 2 2 2 2 2 2 2 2 2 2
left_child=12 2 9 6 5 -5 7 -3 -6 -2 -11 -4 -1 -14
right_child=1 3 11 4 8 -7 -8 -9 -10 10 -12 -13 13 -15
leaf_value=0.0022237501990305985 -0.0045187129730062305 -0.010649415555499085 -0.0087129784932417336 0.0031338959028079346 -0.014718479162774786 -0.0089689123733739749 0.0048176427502430834 0.0058903653123189873 0.0010107324549196561 -0.021629092741346913 -0.009862560777096456 0.0062569520399634974 -0.0018372709440620406 0.0014077238416166102
leaf_weight=3152.6166476160288 41.805964112281799 113.5047831684351 34.836878597736359 106.86557087302208 33.266000092029572 687.96034629642963 438.61963474750519 84.624999940395355 846.81809158623219 146.42020772397518 60.355642855167389 59.089749902486801 828.71756787598133 1748.3157092481852
leaf_count=2740 46 133 41 97 42 791 373 61 806 214 80 46 918 1561
internal_value=-6.93145e-06 -0.00301642 -0.0114215 -0.00176668 -0.003275 -0.00733978 0.00219974 -0.00359086 0.000400159 -0.0159752 -0.0182586 0.000671389 0.00138745 0.000363897
internal_weight=8383.82 2654.17 342.508 2311.66 1674.91 794.826 636.749 198.13 880.084 248.582 206.776 93.9266 5729.65 2577.03
internal_count=7949 2730 427 2303 1736 888 567 194 848 340 294 87 5219 2479
is_linear=0
shrinkage=0.04


Tree=18
num_leaves=15
num_cat=0
split_feature=20 4 8 30 3 7 6 3 20 21 7 14 20 34
split_gain=20.5771 17.5953 10.8475 7.00727 9.54592 6.55244 5.36104 6.97564 3.59043 3.28917 3.11597 4.89283 5.84102 3.59528
threshold=540.00000000000011 3.5000000000000004 2.5000000000000004 5995.0000000000009 5.5000000000000009 12.500000000000002 7.5000000000000009 2.5000000000000004 363.00000000000006 405.00000000000006 4.5000000000000009 1245.5000000000002 344.50000000000006 1.5000000000000002
decision_type=2 2 2 2 2 2 2 2 2 2 2 2 2 2
left_child=8 -2 3 5 -5 -3 7 -4 10 -8 -1 13 -13 -12
right_child=1 2 6 4 -6 -7 9 -9 -10 -11 11 12 -14 -15
leaf_value=0.0024414061371564573 -0.01527370902252909 -0.0023176598615404173 -0.01507615134262176 -0.020631580072136387 -0.0019425855555812886 -0.017094863760557896 0.0010544554132489957 -0.0020197987979985381 0.003692081810829825 -0.0087690014400792961 0.0016330832836304078 -0.0006910388374348793 -0.010459971970141632 -0.0055572628777106692
leaf_weight=1584.5312367975712 159.49189327657223 488.37529039382935 70.297000095248222 104.71094672381878 74.965499565005302 52.313414335250854 1709.685077086091 808.87803094089031 1097.9002465009689 55.337143018841743 1573.5799985080957 349.92771364748478 135.07239267230034 118.75191107392311
leaf_count=1345 218 511 92 144 76 76 1547 824 933 65 1523 324 142 129
internal_value=-6.92211e-06 -0.00233367 -0.00171591 -0.0060637 -0.012888 -0.00377632 -0.000529584 -0.0030797 0.00168045 0.000741678 0.00109253 0.000110226 -0.00342761 0.00112555
internal_weight=8383.82 3524.05 3364.56 720.365 179.676 540.689 2644.2 879.175 4859.76 1765.02 3761.86 2177.33 485 1692.33
internal_count=7949 3553 3335 807 220 587 2528 916 4396 1612 3463 2118 466 1652
is_linear=0
shrinkage=0.04


Tree=19
num_leaves=15
num_cat=0
split_feature=7 1 22 2 14 20 38 30 20 20 33 4 30 14
split_gain=19.399 29.7458 13.2485 16.5049 12.4684 6.98553 10.1857 5.54733 3.64223 3.12211 2.85602 2.62788 1.08407 1.33397
threshold=10.500000000000002 1.0000000180025095e-35 390.00000000000006 5.5000000000000009 1261.5000000000002 540.00000000000011 1.0000000180025095e-35 1547.0000000000002 670.00000000000011 363.00000000000006 2.5000000000000004 29.500000000000004 5796.5000000000009 1245.5000000000002
decision_type=2 2 2 2 2 2 2 2 2 2 2 2 2 2
left_child=2 12 5 4 -4 9 7 -7 -8 10 -1 -5 13 -2
right_child=1 -3 3 11 -6 6 8 -9 -10 -11 -12 -13 -14 -15
leaf_value=0.0012705380944529234 -0.012866250393640997 0.0045564395196926507 -0.00057254792461071012 0.0049856941071412617 -0.023450620853048429 0.0018825159722586833 -0.0023248044989392252 -0.0050069791219213376 0.002177334430281788 0.0035450962538682187 -0.0067518402546831412 -0.0076624051193922918 -0.025012547555276172 -0.020211021431416239
leaf_weight=3671.2044959813356 81.656017810106277 152.48714199662209 56.778499916195869 116.87611949443817 115.26841126382351 231.9036770761013 368.01139207184315 954.9596095085144 1302.1220546215773 1093.4152464866638 71.422756746411324 32.873749956488609 37.739742919802666 97.098878785967827
leaf_count=3369 105 138 57 101 168 219 359 1018 1175 930 75 36 52 147
internal_value=-7.07939e-06 -0.008962 0.000406248 -0.00753263 -0.0159474 0.000739264 -0.000828752 -0.00366037 0.0011845 0.00166558 0.00111568 0.00217672 -0.0184608 -0.0169461
internal_weight=8383.82 368.982 8014.84 321.797 172.047 7693.04 2857 1186.86 1670.13 4836.04 3742.63 149.75 216.495 178.755
internal_count=7949 442 7507 362 225 7145 2771 1237 1534 4374 3444 137 304 252
is_linear=0
shrinkage=0.04


Tree=20
num_leaves=15
num_cat=0
split_feature=7 1 22 2 14 20 38 3 20 24 1 4 16 30
split_gain=17.9005 27.4432 12.2199 15.2194 11.4989 6.43802 9.38754 5.40724 3.35717 2.96338 4.11842 2.42615 2.05324 1.00455
threshold=10.500000000000002 1.0000000180025095e-35 390.00000000000006 5.5000000000000009 1261.5000000000002 540.00000000000011 1.0000000180025095e-35 2.5000000000000004 670.00000000000011 1.0000000180025095e-35 1.0000000180025095e-35 29.500000000000004 45.000000000000007 5796.5000000000009
decision_type=2 2 2 2 2 2 2 2 2 2 2 2 2 2
left_child=2 13 5 4 -4 9 7 -7 -8 10 -1 -5 -11 -2
right_child=1 -3 3 11 -6 6 8 -9 -10 12 -12 -13 -14 -15
leaf_value=-0.0010159964352426493 -0.01627565465471693 0.0043753694182319652 -0.0005500425792393423 0.0047879580741325353 -0.022520663773012328 -0.011276380381907387 -0.0022320642387641189 -0.0025726267288763878 0.0020903079899365681 -0.0010316470759915957 0.0021057262061700242 -0.0073649570241976501 0.0031485195572352508 -0.024037871780972168
leaf_weight=1205.7930365502834 178.7548965960741 152.48714199662209 56.778499916195869 116.87611949443817 115.26841126382351 127.18921455740929 368.01139207184315 1059.6740720272064 1302.1220546215773 208.35331699252129 1537.1464908570051 32.873749956488609 1884.7496548146009 37.739742919802666
leaf_count=1172 252 138 57 101 168 160 359 1077 1175 186 1403 36 1613 52
internal_value=-7.20379e-06 -0.00860931 0.000389839 -0.00723463 -0.0153151 0.000709666 -0.000795648 -0.00351407 0.00113711 0.00159894 0.00073355 0.00208894 0.00273212 -0.0177331
internal_weight=8383.82 368.982 8014.84 321.797 172.047 7693.04 2857 1186.86 1670.13 4836.04 2742.94 149.75 2093.1 216.495
internal_count=7949 442 7507 362 225 7145 2771 1237 1534 4374 2575 137 1799 304
is_linear=0
shrinkage=0.04


Tree=21
num_leaves=15
num_cat=0
split_feature=7 1 22 2 14 20 38 30 5 20 33 4 3 8
split_gain=16.5113 25.312 11.2711 14.034 10.6048 5.93443 8.65335 5.06213 3.10925 2.77897 2.6587 2.2399 0.982785 0.961119
threshold=10.500000000000002 1.0000000180025095e-35 390.00000000000006 5.5000000000000009 1261.5000000000002 540.00000000000011 1.0000000180025095e-35 1547.0000000000002 20.500000000000004 363.00000000000006 1.5000000000000002 29.500000000000004 4.5000000000000009 3.5000000000000004
decision_type=2 2 2 2 2 2 2 2 2 2 2 2 2 2
left_child=2 13 5 4 -4 9 7 -7 -8 10 -1 -5 -6 -2
right_child=1 -3 3 11 12 6 8 -9 -10 -11 -12 -13 -14 -15
leaf_value=0.0014943998968020879 -0.018895318666366952 0.0042014948403482728 -0.00052842166576223674 0.0045980645144616753 -0.018309527142903868 0.0019205920453422907 0.0048968567276091385 -0.0046603711247219046 0.00030906955209684587 0.0033082190640971111 -0.0013589788448685951 -0.0070790561340567937 -0.026984256284435976 -0.012648811749835596
leaf_weight=3115.7347145676613 149.56263959407806 152.48714199662209 56.778499916195869 116.87611949443817 73.906768009066582 231.9036770761013 283.9842846095562 954.9596095085144 1386.1491620838642 1093.4152464866638 626.89253816008568 32.873749956488609 41.361643254756927 66.931999921798706
leaf_count=2871 222 138 57 101 106 219 233 1018 1301 930 573 36 62 82
internal_value=-7.2609e-06 -0.00826882 0.000374063 -0.00694842 -0.0147078 0.000681223 -0.000764018 -0.00337397 0.00109163 0.00153501 0.00101622 0.0020047 -0.0216276 -0.0170312
internal_weight=8383.82 368.982 8014.84 321.797 172.047 7693.04 2857 1186.86 1670.13 4836.04 3742.63 149.75 115.268 216.495
internal_count=7949 442 7507 362 225 7145 2771 1237 1534 4374 3444 137 168 304
is_linear=0
shrinkage=0.04


Tree=22
num_leaves=15
num_cat=0
split_feature=7 1 22 2 14 20 38 3 20 24 1 4 16 30
split_gain=15.2269 23.3433 10.4045 12.9497 9.78806 5.46914 7.97573 4.94031 3.05653 2.67393 3.7945 2.06795 1.86448 0.940976
threshold=10.500000000000002 1.0000000180025095e-35 390.00000000000006 5.5000000000000009 1261.5000000000002 540.00000000000011 1.0000000180025095e-35 2.5000000000000004 670.00000000000011 1.0000000180025095e-35 1.0000000180025095e-35 29.500000000000004 45.000000000000007 5796.5000000000009
decision_type=2 2 2 2 2 2 2 2 2 2 2 2 2 2
left_child=2 13 5 4 -4 9 7 -7 -8 10 -1 -5 -11 -2
right_child=1 -3 3 11 -6 6 8 -9 -10 12 -12 -13 -14 -15
leaf_value=-0.001027686697704083 -0.01495887038442433 0.0040345300403488186 -0.00050765061248471562 0.0044157022815644415 -0.02077806418759726 -0.010658431269328725 -0.0021666480301228133 -0.0023393753198582162 0.0019576130504374103 -0.0010363553636813883 0.0019687402320041972 -0.0068042529033874736 0.0029468494126147072 -0.022415021711187862
leaf_weight=1205.7930365502834 178.7548965960741 152.48714199662209 56.778499916195869 116.87611949443817 115.26841126382351 127.18921455740929 368.01139207184315 1059.6740720272064 1302.1220546215773 208.35331699252129 1537.1464908570051 32.873749956488609 1884.7496548146009 37.739742919802666
leaf_count=1172 252 138 57 101 168 160 359 1077 1175 186 1403 36 1613 52
internal_value=-7.30315e-06 -0.00794102 0.000358889 -0.00667647 -0.0141301 0.000654005 -0.000733423 -0.0032391 0.00104809 0.00147364 0.00065162 0.00192385 0.00255004 -0.0163557
internal_weight=8383.82 368.982 8014.84 321.797 172.047 7693.04 2857 1186.86 1670.13 4836.04 2742.94 149.75 2093.1 216.495
internal_count=7949 442 7507 362 225 7145 2771 1237 1534 4374 2575 137 1799 304
is_linear=0
shrinkage=0.04


Tree=23
num_leaves=15
num_cat=0
split_feature=7 1 22 2 14 20 38 30 2 20 20 4 3 8
split_gain=14.0452 21.5306 9.59665 11.9411 9.02697 5.04135 7.35198 4.61935 2.94993 2.47259 2.56187 1.90921 0.932965 0.887196
threshold=10.500000000000002 1.0000000180025095e-35 390.00000000000006 5.5000000000000009 1261.5000000000002 540.00000000000011 1.0000000180025095e-35 1547.0000000000002 5.5000000000000009 363.00000000000006 276.00000000000006 29.500000000000004 4.5000000000000009 3.5000000000000004
decision_type=2 2 2 2 2 2 2 2 2 2 2 2 2 2
left_child=2 13 5 4 -4 9 7 -7 -8 10 -1 -5 -6 -2
right_child=1 -3 3 11 12 6 8 -9 -10 -11 -12 -13 -14 -15
leaf_value=0.0017150376589438337 -0.017490788848758394 0.0038742002216857587 -0.00048769594121441724 0.004240572611734549 -0.016766896409471207 0.0019473934070340724 0.0027940392091614537 -0.0043388666468711949 -0.00057303212308741148 0.0030873128100735131 -0.00046093026513158262 -0.0065401173886811253 -0.025118862964949359 -0.011526624812773835
leaf_weight=2384.2663856297731 149.56263959407806 152.48714199662209 56.778499916195869 116.87611949443817 73.906768009066582 231.9036770761013 782.94808147847652 954.9596095085144 887.18536521494389 1093.4152464866638 1358.3608670979738 32.873749956488609 41.361643254756927 66.931999921798706
leaf_count=2174 222 138 57 101 106 219 669 1018 865 930 1270 36 62 82
internal_value=-7.33239e-06 -0.00762699 0.000344364 -0.00641235 -0.0135698 0.000627791 -0.000704271 -0.00310998 0.00100616 0.00141472 0.000925373 0.00184626 -0.0199541 -0.0157084
internal_weight=8383.82 368.982 8014.84 321.797 172.047 7693.04 2857 1186.86 1670.13 4836.04 3742.63 149.75 115.268 216.495
internal_count=7949 442 7507 362 225 7145 2771 1237 1534 4374 3444 137 168 304
is_linear=0
shrinkage=0.04


Tree=24
num_leaves=15
num_cat=0
split_feature=7 1 22 2 14 8 20 30 38 30 2 38 4 30
split_gain=12.9526 19.856 8.85882 11.0185 8.33179 4.92464 5.39578 7.53358 3.37122 3.46043 2.74719 2.55036 1.76265 0.87996
threshold=10.500000000000002 1.0000000180025095e-35 390.00000000000006 5.5000000000000009 1261.5000000000002 2.5000000000000004 540.00000000000011 5995.0000000000009 1.0000000180025095e-35 294.00000000000006 4.5000000000000009 1.5000000000000002 29.500000000000004 5796.5000000000009
decision_type=2 2 2 2 2 2 2 2 2 2 2 2 2 2
left_child=2 13 5 4 -4 6 11 -8 10 -10 -7 -1 -5 -2
right_child=1 -3 3 12 -6 8 7 -9 9 -11 -12 -13 -14 -15
leaf_value=0.0011803018968351137 -0.013746616613470939 0.0037202419078174232 -0.0004685256953777683 0.0040723887151752278 -0.019170336334732089 0.0020414950562033254 -0.0016169073211391163 -0.011673390299317426 -0.0045847244085161663 0.0020784556586120667 -0.0010782342343795147 -0.0041444980899387101 -0.0062862355181261976 -0.020907873771552034
leaf_weight=947.2918753027916 178.7548965960741 152.48714199662209 56.778499916195869 116.87611949443817 115.26841126382351 648.15146046876907 446.23879040777683 161.83044627308846 128.12574991583824 3709.5253057479858 1483.2009023874998 168.67470198869705 32.873749956488609 37.739742919802666
leaf_count=1005 252 138 57 101 168 574 460 197 120 3187 1425 177 36 52
internal_value=-7.35227e-06 -0.00732463 0.000330387 -0.00616139 -0.0130368 0.000602701 -0.0012799 -0.00430809 0.00114658 0.00185486 -0.000129002 0.000372486 0.0017718 -0.0150854
internal_weight=8383.82 368.982 8014.84 321.797 172.047 7693.04 1724.04 608.069 5969 3837.65 2131.35 1115.97 149.75 216.495
internal_count=7949 442 7507 362 225 7145 1839 657 5306 3307 1999 1182 137 304
is_linear=0
shrinkage=0.04


Tree=25
num_leaves=15
num_cat=0
split_feature=20 4 8 9 7 21 30 30 24 7 34 6 30 25
split_gain=12.0057 12.2307 6.92744 7.70833 7.86233 4.34809 3.18318 3.13825 2.66637 2.25875 2.93779 4.07507 2.94146 1.88593
threshold=741.50000000000011 3.5000000000000004 2.5000000000000004 4.5000000000000009 5.5000000000000009 405.00000000000006 199.50000000000003 2196.0000000000005 4.5000000000000009 4.5000000000000009 2.5000000000000004 12.500000000000002 5573.5000000000009 1.5000000000000002
decision_type=2 2 2 2 2 2 2 2 2 2 2 2 2 2
left_child=8 13 3 4 -3 6 -4 -5 9 -1 12 -12 -11 -2
right_child=1 2 5 7 -6 -7 -8 -9 -10 10 11 -13 -14 -15
leaf_value=0.0020105452652699569 -0.016978820369557137 -0.012046517794163283 -0.010280449049207937 -0.0030314648990981121 0.00015766791870496771 -0.012491381007087618 0.00010467477103477273 -0.019269356624858094 -0.010149057988032594 0.0013920549094998216 0.0022269946761708684 -0.019972218638534191 -0.0011948840530084462 -0.0080743534527892603
leaf_weight=2435.9706288129091 85.698500424623489 115.46288162469864 47.443285629153252 25.628000125288963 307.27576978504658 45.842143014073372 1874.8526820391417 78.171214401721954 32.988000094890594 2169.7650810033083 25.929999858140945 25.636250108480453 1039.3599648624659 73.793392851948738
leaf_count=2073 123 139 57 26 321 62 1789 118 43 1945 29 32 1097 95
internal_value=-7.3949e-06 -0.0022309 -0.00154165 -0.00561224 -0.00319623 -0.000450343 -0.000156848 -0.0153274 0.00102282 0.00108928 0.000400621 -0.00897937 0.000554095 -0.0129349
internal_weight=8383.82 2654.17 2494.68 526.538 422.739 1968.14 1922.3 103.799 5729.65 5696.66 3260.69 51.5662 3209.13 159.492
internal_count=7949 2730 2512 604 460 1908 1846 144 5219 5176 3103 61 3042 218
is_linear=0
shrinkage=0.04


Tree=26
num_leaves=15
num_cat=0
split_feature=7 1 22 2 14 8 20 30 38 30 2 38 4 3
split_gain=11.544 18.0439 7.73986 9.9596 7.53247 4.28502 4.61629 6.85133 3.07178 3.05103 2.54912 2.35921 1.51686 0.918694
threshold=10.500000000000002 1.0000000180025095e-35 390.00000000000006 5.5000000000000009 1261.5000000000002 2.5000000000000004 540.00000000000011 5995.0000000000009 1.0000000180025095e-35 294.00000000000006 4.5000000000000009 1.5000000000000002 29.500000000000004 4.5000000000000009
decision_type=2 2 2 2 2 2 2 2 2 2 2 2 2 2
left_child=2 -2 5 4 -4 6 11 -8 10 -10 -7 -1 -5 -6
right_child=1 -3 3 12 13 8 7 -9 9 -11 -12 -13 -14 -15
leaf_value=0.0011150297961574275 -0.014313754690300272 0.0036129082984945726 -0.00034508789925326305 0.003918492564150112 -0.015028102921715096 0.0019462928360267824 -0.0014251238436835522 -0.0110150270140016 -0.0042974975649336016 0.0019591446338630986 -0.0010588696682714881 -0.0040063238149428415 -0.0056917623031833746 -0.023174262099166947
leaf_weight=947.2918753027916 216.49463951587677 152.48714199662209 56.778499916195869 116.87611949443817 73.906768009066582 648.15146046876907 446.23879040777683 161.83044627308846 128.12574991583824 3709.5253057479858 1483.2009023874998 168.67470198869705 32.873749956488609 41.361643254756927
leaf_count=1005 304 138 57 101 106 574 460 197 120 3187 1425 177 36 62
internal_value=-7.6124e-06 -0.00691556 0.000311234 -0.00575672 -0.0122935 0.000565769 -0.00119032 -0.00399126 0.0010731 0.00174919 -0.000144505 0.00033806 0.00178505 -0.0181254
internal_weight=8383.82 368.982 8014.84 321.797 172.047 7693.04 1724.04 608.069 5969 3837.65 2131.35 1115.97 149.75 115.268
internal_count=7949 442 7507 362 225 7145 1839 657 5306 3307 1999 1182 137 168
is_linear=0
shrinkage=0.04


Tree=27
num_leaves=15
num_cat=0
split_feature=7 1 22 2 14 38 20 30 25 3 36 9 4 30
split_gain=10.6416 16.6362 7.1446 9.19022 6.95242 3.99033 6.20333 4.37528 7.39046 4.37085 2.85674 2.27496 1.40038 0.851295
threshold=10.500000000000002 1.0000000180025095e-35 390.00000000000006 5.5000000000000009 1261.5000000000002 1.0000000180025095e-35 540.00000000000011 294.00000000000006 1.0000000180025095e-35 2.5000000000000004 1.0000000180025095e-35 3.5000000000000004 29.500000000000004 5796.5000000000009
decision_type=2 2 2 2 2 2 2 2 2 2 2 2 2 2
left_child=2 13 5 4 -4 6 11 8 -7 -8 -9 -1 -5 -2
right_child=1 -3 3 12 -6 7 9 10 -10 -11 -12 -13 -14 -15
leaf_value=0.0018883839519323485 -0.01244442488535062 0.0034693335695032239 -0.00033152328413836541 0.0037630825270443314 -0.017413485347770517 -0.018973420143128559 -0.0098229684985013683 0.00054039494052404344 0.00043777660036233636 -0.0019987083728627473 0.0025437069951225974 -0.0011393787069693398 -0.0054708130425788074 -0.019418419566593976
leaf_weight=1195.2940992563963 178.7548965960741 152.48714199662209 56.778499916195869 116.87611949443817 115.26841126382351 44.255828753113747 127.18921455740929 2416.4581847339869 102.22974987328053 1059.6740720272064 2154.4418362528086 593.4962470382452 32.873749956488609 37.739742919802666
leaf_count=1131 252 138 57 101 168 60 160 2254 83 1077 1825 555 36 52
internal_value=-7.63136e-06 -0.00664009 0.0002985 -0.00553144 -0.0118106 0.000543051 -0.000603856 0.00126648 -0.00551556 -0.00284475 0.00148498 0.000883738 0.00171317 -0.0137438
internal_weight=8383.82 368.982 8014.84 321.797 172.047 7693.04 2975.65 4717.39 146.486 1186.86 4570.9 1788.79 149.75 216.495
internal_count=7949 442 7507 362 225 7145 2923 4222 143 1237 4079 1686 137 304
is_linear=0
shrinkage=0.04


Tree=28
num_leaves=15
num_cat=0
split_feature=7 1 22 2 14 8 7 30 15 38 30 5 4 3
split_gain=9.81565 15.3444 6.58959 8.47447 6.41185 3.91439 4.16419 7.32144 3.45542 2.5751 2.62972 2.5569 1.29285 0.866555
threshold=10.500000000000002 1.0000000180025095e-35 390.00000000000006 5.5000000000000009 1261.5000000000002 2.5000000000000004 7.5000000000000009 5995.0000000000009 324.00000000000006 1.0000000180025095e-35 294.00000000000006 35.500000000000007 29.500000000000004 4.5000000000000009
decision_type=2 2 2 2 2 2 2 2 2 2 2 2 2 2
left_child=2 -2 5 4 -4 6 8 -8 -1 11 -11 -7 -5 -6
right_child=1 -3 3 12 13 9 7 -9 -10 10 -12 -13 -14 -15
leaf_value=0.001616877019981829 -0.013199943562684216 0.0033314643512863508 -0.00031849182361483829 0.0036138362115555956 -0.013747763064092151 -0.0012511054521738068 -0.00039268648355727072 -0.015286215487753533 -0.002220516019571247 -0.0039885887437594806 0.0018200292581076151 0.0015699190226043951 -0.005258440305077613 -0.021589076940517545
leaf_weight=712.16931875050068 216.49463951587677 152.48714199662209 56.778499916195869 116.87611949443817 73.906768009066582 1268.4287165254354 133.59324935078621 86.393931224942207 791.87931464612484 128.12574991583824 3709.5253057479858 862.92364633083344 32.873749956488609 41.361643254756927
leaf_count=784 304 138 57 101 106 1201 140 112 803 120 3187 798 36 62
internal_value=-7.68089e-06 -0.00637756 0.00028633 -0.0053126 -0.0113423 0.000521191 -0.00115723 -0.00628442 -0.000403638 0.00100609 0.00162511 -0.000108753 0.00164419 -0.0167229
internal_weight=8383.82 368.982 8014.84 321.797 172.047 7693.04 1724.04 219.987 1504.05 5969 3837.65 2131.35 149.75 115.268
internal_count=7949 442 7507 362 225 7145 1839 252 1587 5306 3307 1999 137 168
is_linear=0
shrinkage=0.04


Tree=29
num_leaves=15
num_cat=0
split_feature=20 4 8 30 3 17 20 24 3 24 1 30 33 25
split_gain=9.10565 11.0035 6.46496 5.21186 7.46769 3.76043 5.67425 3.34437 3.07857 2.50131 3.86862 5.83278 4.5488 1.92237
threshold=540.00000000000011 3.5000000000000004 2.5000000000000004 5995.0000000000009 5.5000000000000009 110.00000000000001 657.00000000000011 1.0000000180025095e-35 2.5000000000000004 1.0000000180025095e-35 1.0000000180025095e-35 169.00000000000003 1.5000000000000002 1.5000000000000002
decision_type=2 2 2 2 2 2 2 2 2 2 2 2 2 2
left_child=9 13 3 8 -5 6 -4 -7 -3 10 11 -1 -13 -2
right_child=1 2 5 4 -6 7 -8 -9 -10 -11 -12 12 -14 -15
leaf_value=-0.019557330018719791 -0.015858769197513906 -0.0094502059671496344 -0.010438715833419859 -0.01715560020809943 -0.0006418361208044692 0.0042613492973012732 -0.0010119424035793137 1.5478617702529758e-05 -0.0011504596384266787 0.0021528944455426005 0.0016506600478060538 0.00035113980943149263 -0.0056729796472939336 -0.0069122550503948011
leaf_weight=26.567685946822166 85.698500424623489 83.863164409995079 115.73224967718124 104.71094672381878 74.965499565005302 381.44616536796093 821.15399491786957 1325.8648411780596 456.82554031908512 2104.2629717737436 1541.9764908701181 932.48571208119392 254.47063852846622 73.793392851948738
leaf_count=34 123 110 133 144 76 317 836 1242 477 1808 1407 893 254 95
internal_value=-7.68518e-06 -0.00155547 -0.00106705 -0.00442352 -0.0103073 -0.000151305 -0.00218631 0.000966027 -0.00245286 0.00111478 0.000321525 -0.00136732 -0.000944055 -0.0117883
internal_weight=8383.82 3524.05 3364.56 720.365 179.676 2644.2 936.886 1707.31 540.689 4859.76 2755.5 1213.52 1186.96 159.492
internal_count=7949 3553 3335 807 220 2528 969 1559 587 4396 2588 1181 1147 218
is_linear=0
shrinkage=0.04


Tree=30
num_leaves=15
num_cat=0
split_feature=7 1 22 2 14 6 3 20 33 2 24 3 4 3
split_gain=8.76923 13.9613 5.90578 7.67064 5.85927 3.57805 5.11668 9.85738 3.97471 2.2897 6.51688 1.24933 1.18216 0.855488
threshold=10.500000000000002 1.0000000180025095e-35 390.00000000000006 5.5000000000000009 1261.5000000000002 8.5000000000000018 2.5000000000000004 276.00000000000006 2.5000000000000004 4.5000000000000009 2.5000000000000004 2.5000000000000004 29.500000000000004 4.5000000000000009
decision_type=2 2 2 2 2 2 2 2 2 2 2 2 2 2
left_child=2 -2 5 4 -4 6 7 -1 -8 11 -11 -7 -5 -6
right_child=1 -3 3 12 13 9 8 -9 -10 10 -12 -13 -14 -15
leaf_value=5.7111843862112595e-05 -0.012536220208647126 0.0032322891616729612 -0.00023020173224987513 0.0034715348982136129 -0.012979963295756344 0.00051410587468990953 0.0001671109158081827 -0.015189388293853615 -0.012140856826407679 0.0010307832587812646 -0.0070067959764975631 0.0029394785446092276 -0.0050125661279706102 -0.020716914902385444
leaf_weight=184.83591143786907 216.49463951587677 152.48714199662209 56.778499916195869 116.87611949443817 73.906768009066582 452.76799926161766 3067.4339290708303 106.1917499601841 41.563328474760056 2300.6998541206121 172.57750001549721 1366.9689601510763 32.873749956488609 41.361643254756927
leaf_count=222 304 138 57 101 106 415 2998 142 48 2032 186 1102 36 62
internal_value=-7.75664e-06 -0.00602853 0.000270141 -0.00503033 -0.010767 0.000492483 -0.000476783 -0.00553908 -1.28183e-06 0.00126006 0.000467341 0.00233664 0.00158817 -0.0159105
internal_weight=8383.82 368.982 8014.84 321.797 172.047 7693.04 3400.02 291.028 3109 4293.01 2473.28 1819.74 149.75 115.268
internal_count=7949 442 7507 362 225 7145 3410 364 3046 3735 2218 1517 137 168
is_linear=0
shrinkage=0.04


Tree=31
num_leaves=15
num_cat=0
split_feature=7 1 22 2 14 8 9 30 38 9 22 30 4 34
split_gain=8.08354 12.8721 5.45148 7.07812 5.40811 3.30874 3.69202 5.98436 2.52034 2.4839 3.55202 2.39274 1.09138 0.820535
threshold=10.500000000000002 1.0000000180025095e-35 390.00000000000006 5.5000000000000009 1261.5000000000002 2.5000000000000004 1.5000000000000002 5995.0000000000009 1.5000000000000002 2.5000000000000004 145.00000000000003 169.00000000000003 29.500000000000004 1.0000000180025095e-35
decision_type=2 2 2 2 2 2 2 2 2 2 2 2 2 2
left_child=2 13 5 4 -4 6 8 -8 -1 11 -11 -7 -5 -2
right_child=1 -3 3 12 -6 9 7 -9 -10 10 -12 -13 -14 -15
leaf_value=0.0019286893084050579 -0.010597777447300446 0.0031038399521264781 -0.0002211530366928238 0.0033338515654095153 -0.015285681830714203 -0.0073423047116770272 -0.000726333746945278 -0.0075506127835582217 -0.0072088135141391875 0.0012034324088111914 -0.0012902309864486175 0.002340164690624954 -0.0048179824131118652 -0.016799714568058718
leaf_weight=626.78791230916977 168.72887861728668 152.48714199662209 56.778499916195869 116.87611949443817 115.26841126382351 40.817428663372993 765.7046894133091 280.1991957873106 51.344016462564468 2722.5373244583607 1374.5838057249784 1831.0648596733809 32.873749956488609 47.765760898590088
leaf_count=678 240 138 57 101 168 44 779 320 62 2349 1297 1616 36 64
internal_value=-7.80129e-06 -0.00578839 0.000259011 -0.00483351 -0.0103441 0.000472629 -0.00107049 -0.00256003 0.00122726 0.000918437 0.000366698 0.00212523 0.00152424 -0.0120371
internal_weight=8383.82 368.982 8014.84 321.797 172.047 7693.04 1724.04 1045.9 678.132 5969 4097.12 1871.88 149.75 216.495
internal_count=7949 442 7507 362 225 7145 1839 1099 740 5306 3646 1660 137 304
is_linear=0
shrinkage=0.04


Tree=32
num_leaves=15
num_cat=0
split_feature=20 4 3 30 5 30 20 24 26 25 21 25 3 9
split_gain=7.50237 8.8876 4.62521 9.40824 11.1411 6.4969 2.90911 2.24155 1.92838 2.3723 3.28169 1.8518 1.76515 1.42396
threshold=741.50000000000011 3.5000000000000004 4.5000000000000009 1547.0000000000002 12.500000000000002 199.50000000000003 931.50000000000011 4.5000000000000009 1.5000000000000002 1.5000000000000002 305.00000000000006 1.5000000000000002 3.5000000000000004 4.5000000000000009
decision_type=2 2 2 2 2 2 2 2 2 2 2 2 2 2
left_child=7 11 3 13 -5 -4 -7 8 9 10 -1 -2 -13 -3
right_child=1 2 5 4 -6 6 -8 -9 -10 -11 -12 12 -14 -15
leaf_value=3.1818037882600681e-05 -0.014879254024119675 0.0056904340357140249 -0.016032584473284265 0.00059636306252976135 -0.0099230630865917054 -0.00023357281524494973 0.0045298592232738619 -0.0094363325302156374 0.0020081817118931889 0.0019541825304376461 -0.0076512711059753989 -0.010722434557673381 0.0020215300312219249 -0.0019059032275586564
leaf_weight=2810.6953729838133 85.698500424623489 160.46399921178818 37.965785786509514 264.66306330263615 410.20081333816051 1328.082441046834 241.59062357246876 32.988000094890594 1673.6240029484034 1121.4857987016439 90.856750011444092 46.940892845392227 26.852500006556511 51.70925036072731
leaf_count=2741 123 137 51 263 523 1274 213 43 1393 948 94 65 30 51
internal_value=-7.77515e-06 -0.00176546 -0.00117798 -0.0034949 -0.00580285 0.000101789 0.000501991 0.000806612 0.000867572 0.000392686 -0.000211317 -0.0108899 -0.00612004 0.00383886
internal_weight=8383.82 2654.17 2494.68 887.037 674.864 1607.64 1569.67 5729.65 5696.66 4023.04 2901.55 159.492 73.7934 212.173
internal_count=7949 2730 2512 974 786 1538 1487 5219 5176 3783 2835 218 95 188
is_linear=0
shrinkage=0.04


Tree=33
num_leaves=15
num_cat=0
split_feature=7 1 22 2 6 6 3 20 33 2 5 3 8 33
split_gain=7.09789 11.5588 4.83031 6.26544 4.90893 3.216 4.55852 8.70531 3.68127 2.09258 5.82679 1.10574 1.06557 2.07027
threshold=10.500000000000002 1.0000000180025095e-35 390.00000000000006 5.5000000000000009 14.500000000000002 8.5000000000000018 2.5000000000000004 276.00000000000006 2.5000000000000004 4.5000000000000009 16.500000000000004 1.5000000000000002 3.5000000000000004 1.5000000000000002
decision_type=2 2 2 2 2 2 2 2 2 2 2 2 2 2
left_child=2 -2 5 4 -4 6 7 -1 -8 11 -11 -7 13 -5
right_child=1 -3 3 12 -6 9 8 -9 -10 10 -12 -13 -14 -15
leaf_value=5.5173031763496427e-06 -0.011345834025360315 0.0030016499011909382 -0.014432342614470555 -0.010355961765903358 -7.0225003922901811e-05 -0.0016290212675125024 0.00013535294136074084 -0.014322611100901377 -0.011709578447179996 -0.0088920526566094085 0.00081787719076172104 0.0024534484790825557 0.0041448516382393769 0.0043747014217334129
leaf_weight=184.83591143786907 216.49463951587677 152.48714199662209 115.45578624308109 28.299107119441032 56.591124936938286 112.51499989628792 3067.4339290708303 106.1917499601841 41.563328474760056 102.18518596887589 2371.0921681672335 1707.2219595164061 90.435762524604797 31.014999806880951
leaf_count=222 304 138 169 34 56 111 2998 142 48 114 2104 1406 75 28
internal_value=-7.72152e-06 -0.00542444 0.000242295 -0.00455132 -0.00973594 0.000443376 -0.000475538 -0.00525375 -2.67129e-05 0.00117109 0.000413273 0.00220027 0.00143034 -0.00270856
internal_weight=8383.82 368.982 8014.84 321.797 172.047 7693.04 3400.02 291.028 3109 4293.01 2473.28 1819.74 149.75 59.3141
internal_count=7949 442 7507 362 225 7145 3410 364 3046 3735 2218 1517 137 62
is_linear=0
shrinkage=0.04


Tree=34
num_leaves=15
num_cat=0
split_feature=20 4 8 30 20 17 20 3 24 24 1 30 12 37
split_gain=6.54849 8.22687 5.32769 4.69282 5.32763 3.19809 5.2157 3.07332 2.79538 2.22128 3.37802 5.25731 4.36365 1.74177
threshold=540.00000000000011 3.5000000000000004 2.5000000000000004 6932.5000000000009 931.50000000000011 110.00000000000001 657.00000000000011 1.5000000000000002 1.0000000180025095e-35 1.0000000180025095e-35 1.0000000180025095e-35 169.00000000000003 1.0000000180025095e-35 1.0000000180025095e-35
decision_type=2 2 2 2 2 2 2 2 2 2 2 2 2 2
left_child=9 13 3 7 -5 6 -4 -3 -7 10 11 -1 -13 -2
right_child=1 2 5 4 -6 8 -8 -9 -10 -11 -12 12 -14 -15
leaf_value=-0.018650910034924091 -0.013404901003641516 -0.01443977240259265 -0.0098551881568019768 -0.015172660136864538 0.0055126018921109578 0.0039764433064423781 -0.00081767521785204036 -0.0017839305859716087 9.4607557274723083e-05 0.0019224768653610506 0.0014387476870661171 -0.00051418155287759619 -0.013623853256462449 -0.0046825037565409993
leaf_weight=26.567685946822166 99.401250228285789 31.499485895037651 115.73224967718124 98.141000062227249 24.376499831676483 381.44616536796093 821.15399491786957 566.3481652289629 1325.8648411780596 2104.2629717737436 1541.9764908701181 1145.8341007083654 41.122249901294708 60.090643048286438
leaf_count=34 146 50 133 128 22 317 836 607 1242 1808 1407 1100 47 72
internal_value=-7.68852e-06 -0.00132027 -0.000897949 -0.00394493 -0.0110457 -6.66742e-05 -0.00194338 -0.00247374 0.000963704 0.000944206 0.000196714 -0.00138137 -0.000979454 -0.0101683
internal_weight=8383.82 3524.05 3364.56 720.365 122.517 2644.2 936.886 597.848 1707.31 4859.76 2755.5 1213.52 1186.96 159.492
internal_count=7949 3553 3335 807 150 2528 969 657 1559 4396 2588 1181 1147 218
is_linear=0
shrinkage=0.04


Tree=35
num_leaves=15
num_cat=0
split_feature=7 1 22 2 14 38 20 9 30 25 22 36 1 7
split_gain=6.33929 10.4837 4.32247 5.67031 4.60367 2.94554 4.55548 5.15564 3.65529 6.415 3.64564 2.27222 0.991807 1.25609
threshold=10.500000000000002 1.0000000180025095e-35 390.00000000000006 5.5000000000000009 1261.5000000000002 1.0000000180025095e-35 741.50000000000011 1.5000000000000002 294.00000000000006 1.0000000180025095e-35 85.000000000000014 1.0000000180025095e-35 1.0000000180025095e-35 5.5000000000000009
decision_type=2 2 2 2 2 2 2 2 2 2 2 2 2 2
left_child=2 -2 5 4 -4 6 10 -8 9 -7 -1 -10 -5 -14
right_child=1 -3 3 12 -6 8 7 -9 11 -11 -12 -13 13 -15
leaf_value=-0.0013900417949570425 -0.010766199405817427 0.0028976564664791905 9.6117953482779251e-05 0.0042334508400214471 -0.013797603407461346 -0.017696798661973129 0.0038377196910663698 -0.0042422982367292692 0.00039763755249175108 0.0003882313823994539 0.0019923611822074772 0.0021842284502359153 -0.0075136855086802784 0.0034201619726614224
leaf_weight=922.72559325397015 216.49463951587677 152.48714199662209 56.778499916195869 84.236249655485153 115.26841126382351 44.255828753113747 150.47874879837036 765.41914622485638 2416.4581847339869 102.22974987328053 1137.0301446020603 2154.4418362528086 34.035892739892006 31.477727055549622
leaf_count=939 304 138 57 72 168 60 142 825 2254 83 1017 1825 38 27
internal_value=-7.76261e-06 -0.00512684 0.000228516 -0.00430611 -0.00923837 0.000418733 -0.000566642 -0.00291204 0.00104028 -0.00515851 0.000477179 0.00124002 0.00138424 -0.0022878
internal_weight=8383.82 368.982 8014.84 321.797 172.047 7693.04 2975.65 915.898 4717.39 146.486 2059.76 4570.9 149.75 65.5136
internal_count=7949 442 7507 362 225 7145 2923 967 4222 143 1956 4079 137 65
is_linear=0
shrinkage=0.04


Tree=36
num_leaves=15
num_cat=0
split_feature=7 1 22 2 14 38 20 39 30 25 22 36 3 8
split_gain=5.8439 9.66585 3.98641 5.22904 4.24581 2.71416 4.19841 4.76967 3.37389 5.92282 3.36009 2.09416 0.987809 0.966744
threshold=10.500000000000002 1.0000000180025095e-35 390.00000000000006 5.5000000000000009 1261.5000000000002 1.0000000180025095e-35 741.50000000000011 1.0000000180025095e-35 294.00000000000006 1.0000000180025095e-35 85.000000000000014 1.0000000180025095e-35 4.5000000000000009 3.5000000000000004
decision_type=2 2 2 2 2 2 2 2 2 2 2 2 2 2
left_child=2 -2 5 4 -4 6 10 -8 9 -7 -1 -10 -6 -5
right_child=1 -3 3 13 12 8 7 -9 11 -11 -12 -13 -14 -15
leaf_value=-0.0013345002616692153 -0.010337531468801146 0.002782505385159454 9.2339557393688007e-05 -0.0026130521948632447 -0.010228606372055969 -0.017004567910364192 -0.0053103950631457663 0.00051288392436119501 0.00038173862575429507 0.00037285260194301812 0.0019127367755844679 0.0020968998602416008 -0.01828107715468634 0.0039146216731953268
leaf_weight=922.72559325397015 216.49463951587677 152.48714199662209 56.778499916195869 59.314106926321983 73.906768009066582 44.255828753113747 520.01832520961761 395.87956981360912 2416.4581847339869 102.22974987328053 1137.0301446020603 2154.4418362528086 41.361643254756927 90.435762524604797
leaf_count=939 304 138 57 62 106 60 590 377 2254 83 1017 1825 62 75
internal_value=-7.62364e-06 -0.00492262 0.000219236 -0.00413554 -0.00887201 0.000401908 -0.000543973 -0.00279558 0.000998544 -0.00495687 0.000458104 0.00119044 -0.0132504 0.00132891
internal_weight=8383.82 368.982 8014.84 321.797 172.047 7693.04 2975.65 915.898 4717.39 146.486 2059.76 4570.9 115.268 149.75
internal_count=7949 442 7507 362 225 7145 2923 967 4222 143 1956 4079 168 137
is_linear=0
shrinkage=0.04


Tree=37
num_leaves=15
num_cat=0
split_feature=7 1 22 2 37 24 8 15 9 30 33 34 31 33
split_gain=5.38703 8.91176 3.67938 4.82589 4.02159 2.69951 2.71168 3.40354 2.37033 2.18156 0.977606 0.850129 1.24317 1.7843
threshold=10.500000000000002 1.0000000180025095e-35 390.00000000000006 5.5000000000000009 1.5000000000000002 3.5000000000000004 2.5000000000000004 324.00000000000006 2.5000000000000004 3629.5000000000005 1.0000000180025095e-35 1.0000000180025095e-35 6193.0000000000009 1.0000000180025095e-35
decision_type=2 2 2 2 2 2 2 2 2 2 2 2 2 2
left_child=2 11 5 4 9 6 7 -1 -8 -4 -5 12 -2 -14
right_child=1 -3 3 10 -6 -7 8 -9 -10 -11 -12 -13 13 -15
leaf_value=0.0010773071812263536 -0.011021419091202352 0.0026719303731335829 -0.00072317325087315897 -0.0043919805986699567 0.0049375085874176997 -0.0096945129890533745 0.0020271803859715004 -0.0025165575252399717 0.0003052097896229982 -0.013566992987337861 0.0030907990522142117 -0.014700206509118243 -0.011317519921276704 0.0024194346220508009
leaf_weight=743.3937142342329 109.18270027637482 152.48714199662209 25.915500074625015 35.972499936819077 28.947499871253967 41.275500118732452 1863.8872882425785 971.76959969103336 4072.7131302058697 117.1839112341404 113.7773695141077 47.765760898590088 26.408357113599777 33.137821227312088
leaf_count=824 162 138 31 34 24 53 1647 1004 3617 170 103 64 40 38
internal_value=-7.57175e-06 -0.00472653 0.000210239 -0.00397348 -0.00852369 0.000385736 0.000441371 -0.000959169 0.000846099 -0.0112621 0.0012761 -0.00992593 -0.00849573 -0.00375912
internal_weight=8383.82 368.982 8014.84 321.797 172.047 7693.04 7651.76 1715.16 5936.6 143.099 149.75 216.495 168.729 59.5462
internal_count=7949 442 7507 362 225 7145 7092 1828 5264 201 137 304 240 78
is_linear=0
shrinkage=0.04


Tree=38
num_leaves=15
num_cat=0
split_feature=20 4 8 30 3 17 20 24 7 20 33 20 9 30
split_gain=4.97642 6.83681 4.49826 4.39435 6.1352 2.86492 4.97776 2.42145 2.41692 1.90838 2.37717 5.98476 8.08289 2.3133
threshold=540.00000000000011 3.5000000000000004 2.5000000000000004 5995.0000000000009 5.5000000000000009 110.00000000000001 657.00000000000011 1.0000000180025095e-35 5.5000000000000009 363.00000000000006 1.5000000000000002 276.00000000000006 2.5000000000000004 581.50000000000011
decision_type=2 2 2 2 2 2 2 2 2 2 2 2 2 2
left_child=9 -2 3 8 -5 6 -4 -7 -3 10 -1 13 -13 -12
right_child=1 2 5 4 -6 7 -8 -9 -10 -11 11 12 -14 -15
leaf_value=0.00084447165250353434 -0.0092176563489322436 -0.0057279383195692028 -0.0095083947563155188 -0.015175655934794108 -0.0002126865461409841 0.0037762580838646173 -0.00067967296836518988 0.0001633041411720615 4.0035266382666195e-05 0.0022887643546099863 -0.0096117288334701765 0.0031068979319542663 -0.012511609807836348 0.001972554382428529
leaf_weight=3132.7627145349979 159.49189327657223 167.88364915549755 115.73224967718124 104.71094672381878 74.965499565005302 381.44616536796093 821.15399491786957 1325.8648411780596 372.80505557358265 1097.9002465009689 28.805000111460686 81.698749631643295 148.25911410152912 370.33767431974411
leaf_count=2888 218 187 133 144 76 317 836 1242 400 933 32 71 162 310
internal_value=-7.51411e-06 -0.00115175 -0.00076677 -0.00356654 -0.00896846 -2.96167e-06 -0.00177925 0.000972246 -0.00175819 0.000822292 0.000393808 -0.00184816 -0.00697329 0.00111462
internal_weight=8383.82 3524.05 3364.56 720.365 179.676 2644.2 936.886 1707.31 540.689 4859.76 3761.86 629.101 229.958 399.143
internal_count=7949 3553 3335 807 220 2528 969 1559 587 4396 3463 575 233 342
is_linear=0
shrinkage=0.04


Tree=39
num_leaves=15
num_cat=0
split_feature=7 1 22 2 37 9 6 3 30 2 13 6 1 4
split_gain=4.87641 8.14803 3.28397 4.37945 3.65605 2.45917 4.29681 5.31689 2.01171 2.00942 1.53264 1.44505 0.923161 1.21975
threshold=10.500000000000002 1.0000000180025095e-35 390.00000000000006 5.5000000000000009 1.5000000000000002 1.5000000000000002 8.5000000000000018 2.5000000000000004 3629.5000000000005 4.5000000000000009 1.0000000180025095e-35 3.5000000000000004 1.0000000180025095e-35 22.500000000000004
decision_type=2 2 2 2 2 2 2 2 2 2 2 2 2 2
left_child=2 -2 5 4 8 10 7 -7 -4 -8 11 -1 -5 -14
right_child=1 -3 3 12 -6 6 9 -9 -10 -11 -12 -13 13 -15
leaf_value=-0.0023017331402560605 -0.0094688357129236768 0.0025770268458581236 -0.00058267488024153996 0.0039971366144963653 0.0047465219895990104 -0.0082803673994970364 0.0018824945844925973 -0.00084767679099157672 -0.012911787063210901 1.6269550505553885e-05 -0.0066986764325472339 0.0022253076204316433 0.0028635587603834441 -0.0079169248460662853
leaf_weight=121.02749831974506 216.49463951587677 152.48714199662209 25.915500074625015 84.236249655485153 28.947499871253967 165.36899940669537 1607.1550495475531 2074.5191183835268 117.1839112341404 2167.1667119562626 32.960321381688118 1524.8415334969759 34.427369832992554 31.086249962449074
leaf_count=123 304 138 31 72 24 205 1355 2005 170 1959 35 1463 31 34
internal_value=-7.45423e-06 -0.0044972 0.000199777 -0.00375275 -0.00808741 0.000365576 -1.23599e-05 -0.00139988 -0.0106985 0.00081122 0.00171869 0.00189122 0.00124793 -0.00229391
internal_weight=8383.82 368.982 8014.84 321.797 172.047 7693.04 6014.21 2239.89 143.099 3774.32 1678.83 1645.87 149.75 65.5136
internal_count=7949 442 7507 362 225 7145 5524 2210 201 3314 1621 1586 137 65
is_linear=0
shrinkage=0.04


Tree=40
num_leaves=15
num_cat=0
split_feature=7 1 22 2 6 24 30 27 9 33 34 8 31 4
split_gain=4.49534 7.51236 3.02826 4.03767 3.42931 2.36312 2.40798 4.66555 2.4776 0.890918 0.816 1.1657 1.48024 0.681542
threshold=10.500000000000002 1.0000000180025095e-35 390.00000000000006 5.5000000000000009 14.500000000000002 3.5000000000000004 199.50000000000003 1.5000000000000002 2.5000000000000004 1.0000000180025095e-35 1.0000000180025095e-35 3.5000000000000004 5124.5000000000009 13.500000000000002
decision_type=2 2 2 2 2 2 2 2 2 2 2 2 2 2
left_child=2 10 5 4 -4 6 7 -1 -8 -5 11 -2 -13 -3
right_child=1 13 3 9 -6 -7 8 -9 -10 -11 -12 12 -14 -15
leaf_value=0.0017795636892451755 -0.0098929167715932752 -0.0023266142106036346 -0.011691290965614817 -0.0042129811395934941 0.00030641291345411551 -0.0090804155233349202 0.0014631085856024774 -0.012419744406376275 -4.7214767186004895e-05 0.0029302122251774706 -0.013752144804810419 -0.0092084731600285945 0.0041106044606298514 0.0039419207621324906
leaf_weight=81.634749680757523 117.17359304428101 35.556250035762787 115.45578624308109 35.972499936819077 56.591124936938286 41.275500118732452 2732.3987871557474 66.426971584558487 4771.303223952651 113.7773695141077 47.765760898590088 25.867642819881439 25.687642753124237 116.9308919608593
leaf_count=68 178 35 169 34 56 53 2588 84 4352 103 64 33 29 103
internal_value=-7.30251e-06 -0.00431805 0.000191667 -0.00360386 -0.00776594 0.00035088 0.000402935 -0.00463145 0.000502876 0.00119773 -0.00909182 -0.00769927 -0.00262024 0.00247462
internal_weight=8383.82 368.982 8014.84 321.797 172.047 7693.04 7651.76 148.062 7503.7 149.75 216.495 168.729 51.5553 152.487
internal_count=7949 442 7507 362 225 7145 7092 152 6940 137 304 240 62 138
is_linear=0
shrinkage=0.04


Tree=41
num_leaves=15
num_cat=0
split_feature=20 4 30 30 7 30 3 37 25 1 30 9 3 16
split_gain=4.1766 5.8227 4.15816 6.33899 7.61139 4.43204 4.1827 3.88871 1.82472 1.81267 4.0031 4.32957 6.2141 2.26493
threshold=540.00000000000011 3.5000000000000004 6932.5000000000009 7675.0000000000009 6.5000000000000009 131.50000000000003 2.5000000000000004 1.5000000000000002 1.5000000000000002 1.0000000180025095e-35 229.00000000000003 2.5000000000000004 5.5000000000000009 45.000000000000007
decision_type=2 2 2 2 2 2 2 2 2 2 2 2 2 2
left_child=9 8 5 4 -4 -3 -7 -5 -2 10 -1 -12 -13 -11
right_child=1 2 3 7 -6 6 -8 -9 -10 13 11 12 -14 -15
leaf_value=-0.013762408625574532 -0.012444056583445216 -0.015461920534579622 -0.001549082736448993 0.0038832456240008068 -0.012799344119247734 -0.0045654544744946181 0.00066366871821102067 -0.009246674189081221 -0.0038128704689050154 -0.0019293864143314582 0.002061798117889336 0.0013458894515801607 -0.0050312057363199212 0.001740028303972173
leaf_weight=33.260685965418816 85.698500424623489 28.450285792350769 206.5031606554985 195.58824913203716 179.68273365497589 271.02245011925697 2440.0895229429007 43.225999861955643 73.793392851948738 298.50901992619038 884.45079696178436 495.11099903285503 481.34164178371429 2667.0903555303812
leaf_count=39 123 39 208 171 216 318 2338 45 95 328 821 436 481 2291
internal_value=-7.28758e-06 -0.00105554 -0.000700267 -0.00364154 -0.00680309 -2.81655e-05 0.000139437 0.00147805 -0.00849924 0.000752916 -0.000213669 3.57544e-05 -0.00179963 0.00137015
internal_weight=8383.82 3524.05 3364.56 625 386.186 2739.56 2711.11 238.814 159.492 4859.76 1894.16 1860.9 976.453 2965.6
internal_count=7949 3553 3335 640 424 2695 2656 216 218 4396 1777 1738 917 2619
is_linear=0
shrinkage=0.04


Tree=42
num_leaves=15
num_cat=0
split_feature=7 1 22 2 14 38 20 9 22 30 25 36 3 8
split_gain=4.01399 6.82856 2.73621 3.62599 3.2423 2.30542 3.46448 4.36224 3.03422 2.92614 5.12597 1.78462 0.985699 0.882736
threshold=10.500000000000002 1.0000000180025095e-35 390.00000000000006 5.5000000000000009 1261.5000000000002 1.0000000180025095e-35 741.50000000000011 1.5000000000000002 85.000000000000014 294.00000000000006 1.0000000180025095e-35 1.0000000180025095e-35 4.5000000000000009 3.5000000000000004
decision_type=2 2 2 2 2 2 2 2 2 2 2 2 2 2
left_child=2 -2 5 4 -4 6 8 -8 -1 10 -7 -11 -6 -5
right_child=1 -3 3 13 12 9 7 -9 -10 11 -12 -13 -14 -15
leaf_value=-0.0013328399559893284 -0.0086321210686300508 0.0023952061068756125 0.0004558444238128468 -0.0026422526625438365 -0.0082376853009976866 -0.015872184314948808 0.003623328053770671 -0.0038087583542117743 0.0017529024916806937 0.00031409574074369974 0.00029453567357134932 0.0018974093318651769 -0.016167287768654823 0.0035945863438186609
leaf_weight=922.72559325397015 216.49463951587677 152.48714199662209 56.778499916195869 59.314106926321983 73.906768009066582 44.255828753113747 150.47874879837036 765.41914622485638 1137.0301446020603 2416.4581847339869 102.22974987328053 2154.4418362528086 41.361643254756927 90.435762524604797
leaf_count=939 304 138 57 62 106 60 142 825 1017 2254 83 1825 62 75
internal_value=-7.33435e-06 -0.00408076 0.000180681 -0.00342719 -0.00737137 0.000332022 -0.000539724 -0.00258507 0.000370581 0.000881904 -0.00466421 0.00106062 -0.0111976 0.00112311
internal_weight=8383.82 368.982 8014.84 321.797 172.047 7693.04 2975.65 915.898 2059.76 4717.39 146.486 4570.9 115.268 149.75
internal_count=7949 442 7507 362 225 7145 2923 967 1956 4222 143 4079 168 137
is_linear=0
shrinkage=0.04


Tree=43
num_leaves=15
num_cat=0
split_feature=7 1 6 3 4 7 37 33 22 2 24 3 5 4
split_gain=3.70019 6.29583 2.57364 4.46968 7.44043 6.93792 4.08818 3.92249 3.78087 1.9085 5.45457 4.16071 2.82541 1.07882
threshold=10.500000000000002 1.0000000180025095e-35 8.5000000000000018 4.5000000000000009 9.5000000000000018 9.5000000000000018 1.0000000180025095e-35 2.5000000000000004 290.00000000000006 4.5000000000000009 2.5000000000000004 4.5000000000000009 16.500000000000004 13.500000000000002
decision_type=2 2 2 2 2 2 2 2 2 2 2 2 2 2
left_child=2 -2 3 4 8 7 -6 -5 -1 13 12 -12 -11 -4
right_child=1 -3 9 5 6 -7 -8 -9 -10 10 11 -13 -14 -15
leaf_value=-0.019461721482581094 -0.0082884237673373305 0.0023000221080011853 0.0010148315547948345 0.00047738011752744943 0.00015592027499309195 -0.017125545852300791 -0.0082869495649156698 -0.012011255336894719 -0.0054086305056475804 -0.0061811889328758198 -0.012096691004951405 -0.00098677932397540479 0.00093125438106507669 0.0030018033973334343
leaf_weight=60.400650054216385 216.49463951587677 152.48714199662209 1108.7408681064844 2745.3315304666758 448.8121504932642 36.06725001335144 114.33575944602489 39.838328510522842 63.267000034451485 91.880185842514038 96.218500375747681 121.57874974608421 2365.6998058855534 722.66523414850235
leaf_count=88 304 138 956 2675 465 49 140 47 86 99 123 114 2092 573
internal_value=-7.24308e-06 -0.0039182 0.000173274 -0.000639055 -0.00353032 6.58086e-05 -0.00156988 0.000294499 -0.0123734 0.000805587 0.000124388 -0.00592777 0.000662939 0.00180009
internal_weight=8383.82 368.982 8014.84 3508.05 686.816 2821.24 563.148 2785.17 123.668 4506.78 2675.38 217.797 2457.58 1831.41
internal_count=7949 442 7507 3550 779 2771 605 2722 174 3957 2428 237 2191 1529
is_linear=0
shrinkage=0.04


Tree=44
num_leaves=15
num_cat=0
split_feature=6 4 8 22 30 5 2 9 22 7 34 21 10 1
split_gain=3.48024 3.89427 2.8462 3.46338 6.63222 8.64543 2.66154 2.07311 2.34755 4.76556 3.43666 1.96508 2.51368 1.75234
threshold=3.5000000000000004 6.5000000000000009 2.5000000000000004 135.00000000000003 5995.0000000000009 40.500000000000007 2.5000000000000004 1.5000000000000002 145.00000000000003 8.5000000000000018 2.5000000000000004 85.000000000000014 1.0000000180025095e-35 1.0000000180025095e-35
decision_type=2 2 2 2 2 2 2 2 2 2 2 2 2 2
left_child=1 13 3 11 6 -6 -5 -4 10 -10 -9 12 -2 -1
right_child=2 -3 7 4 5 -7 -8 8 9 -11 -12 -13 -14 -15
leaf_value=-0.0074973513549272839 0.0003970732324362828 -0.0015589189149253959 0.0022426658215823798 -0.01013766862562432 -0.015780969223654403 0.005940594806765646 -0.0005095372589021532 0.0010707519595778239 -0.00052317655172515946 -0.013518354203790911 -0.01063129186539704 0.0038706061289234986 -0.0055952340799372072 -0.02053355827342998
leaf_weight=65.872000202536583 684.71711599826813 336.89735354483128 1008.0222944766283 49.272143065929413 120.19444668292999 38.081249803304672 534.4044544249773 3192.3872068375349 1918.3700845390558 45.243249997496605 39.672125086188316 195.64399851858616 132.88657137751579 22.153500080108643
leaf_count=93 763 359 877 60 167 35 560 2769 1812 54 43 183 139 35
internal_value=-7.34437e-06 -0.00353008 0.000181153 -0.0012405 -0.00331495 -0.0105503 -0.00133826 0.000583514 0.000261249 -0.000829325 0.000923871 0.000280291 -0.000582512 -0.010972
internal_weight=8383.82 424.923 7958.89 1755.2 741.952 158.276 583.677 6203.69 5195.67 1963.61 3232.06 1013.25 817.604 88.0255
internal_count=7949 487 7462 1907 822 202 620 5555 4678 1866 2812 1085 902 128
is_linear=0
shrinkage=0.04


Tree=45
num_leaves=15
num_cat=0
split_feature=7 1 26 20 30 24 30 20 33 34 31 33 6 29
split_gain=3.31987 5.80134 2.45288 2.46871 4.42477 7.80835 3.90917 1.74626 4.05615 0.791375 1.07815 1.5459 0.569164 0.429344
threshold=10.500000000000002 1.0000000180025095e-35 2.5000000000000004 540.00000000000011 6932.5000000000009 2.5000000000000004 131.50000000000003 363.00000000000006 2.5000000000000004 1.0000000180025095e-35 6193.0000000000009 1.0000000180025095e-35 5.5000000000000009 1.5000000000000002
decision_type=2 2 2 2 2 2 2 2 2 2 2 2 2 2
left_child=2 9 3 7 6 -6 -5 8 -1 10 13 -12 -3 -2
right_child=1 12 -4 4 5 -7 -8 -9 -10 -11 11 -13 -14 -15
leaf_value=0.0003170604654319898 -0.0062486280937206094 -0.0026670320560583968 0.0030636490051473252 -0.014628993623733062 -0.0023926478193784222 -0.017211696173200113 3.3124574245323991e-05 0.0020340166671899353 -0.011535336993405679 -0.012470995285013095 -0.009216458505191507 0.0035508139298425544 0.0034496636550316591 -0.011497330666700441
leaf_weight=3485.2669968754053 55.797057196497917 29.494999766349792 439.96944460272789 28.450285792350769 517.97418624162674 62.987500354647636 2408.2764708846807 1026.0927464663982 45.818381905555725 47.765760898590088 26.408357113599777 33.137821227312088 122.99214223027229 53.3856430798769
leaf_count=3216 81 34 361 39 514 89 2357 879 52 64 40 38 104 81
internal_value=-7.39772e-06 -0.00371192 0.00016359 -5.23534e-06 -0.000892466 -0.00402613 -0.000143996 0.000582341 0.000160045 -0.00790705 -0.00654918 -0.00217009 0.00225687 -0.00889607
internal_weight=8383.82 368.982 8014.84 7574.87 3017.69 580.962 2436.73 4557.18 3531.09 216.495 168.729 59.5462 152.487 109.183
internal_count=7949 442 7507 7146 2999 603 2396 4147 3268 304 240 78 138 162
is_linear=0
shrinkage=0.04


Tree=46
num_leaves=15
num_cat=0
split_feature=6 4 8 22 30 5 0 9 22 7 1 21 14 1
split_gain=3.1164 3.49461 2.57942 3.12245 6.05026 7.96188 2.56837 1.90759 2.12466 4.33137 3.23002 1.80376 2.43762 1.61058
threshold=3.5000000000000004 6.5000000000000009 2.5000000000000004 135.00000000000003 5995.0000000000009 40.500000000000007 11.500000000000002 1.5000000000000002 145.00000000000003 8.5000000000000018 1.0000000180025095e-35 85.000000000000014 1245.5000000000002 1.0000000180025095e-35
decision_type=2 2 2 2 2 2 2 2 2 2 2 2 2 2
left_child=1 13 3 11 6 -6 -5 -4 10 -10 -9 12 -2 -1
right_child=2 -3 7 4 5 -7 -8 8 9 -11 -12 -13 -14 -15
leaf_value=-0.007062552349835066 0.00024248010056477921 -0.0014737095696691774 0.0021454878517792198 -0.00033530429804542734 -0.015082561427036187 0.0057616119844037961 -0.0088358980846621454 -0.0011448517569689093 -0.00050082067523680356 -0.012889863018925005 0.0016662233818438299 0.0037013195459674286 -0.0064624393313516592 -0.019554160759705275
leaf_weight=65.872000202536583 719.97100917994976 336.89735354483128 1008.0222944766283 520.82354016602039 120.19444668292999 38.081249803304672 62.853057324886322 909.35758584737778 1918.3700845390558 45.243249997496605 2322.7017460763454 195.64399851858616 97.63267819583416 22.153500080108643
leaf_count=93 793 359 877 538 167 35 82 867 1812 54 1945 183 109 35
internal_value=-7.46161e-06 -0.00334097 0.000170911 -0.00118248 -0.00315218 -0.0100628 -0.00126424 0.000553951 0.000244821 -0.00079269 0.000875203 0.00026153 -0.000565092 -0.0103907
internal_weight=8383.82 424.923 7958.89 1755.2 741.952 158.276 583.677 6203.69 5195.67 1963.61 3232.06 1013.25 817.604 88.0255
internal_count=7949 487 7462 1907 822 202 620 5555 4678 1866 2812 1085 902 128
is_linear=0
shrinkage=0.04


Tree=47
num_leaves=15
num_cat=0
split_feature=7 1 22 2 14 26 2 24 3 3 1 7 16 30
split_gain=2.93282 5.25968 2.2704 3.01137 3.02716 2.04517 2.23316 4.35393 3.26532 1.02592 0.91437 1.12897 0.768329 0.898304
threshold=10.500000000000002 1.0000000180025095e-35 390.00000000000006 5.5000000000000009 1261.5000000000002 2.5000000000000004 3.5000000000000004 2.5000000000000004 2.5000000000000004 4.5000000000000009 1.0000000180025095e-35 5.5000000000000009 45.000000000000007 4609.5000000000009
decision_type=2 2 2 2 2 2 2 2 2 2 2 2 2 2
left_child=2 12 5 4 -4 6 8 -8 -1 -6 -5 -12 -2 -14
right_child=1 -3 3 10 9 -7 7 -9 -10 -11 11 -13 13 -15
leaf_value=-0.0010335297562741603 -0.0015984245729882157 0.0021937531003577075 0.00082904844945197594 0.0037507450969605717 -0.0074316014645222561 0.0029359996602267391 -1.5824209677857918e-05 -0.0053232482130855371 0.0026077691539872329 -0.015471783628887995 -0.0074606947506663966 0.0029096052701255543 -0.0063032893760037543 -0.012229641855505692
leaf_weight=595.88541135191917 31.032499879598618 152.48714199662209 56.778499916195869 84.236249655485153 73.906768009066582 439.96944460272789 5238.9645539820194 258.5580001026392 1159.6618224531412 41.361643254756927 34.035892739892006 31.477727055549622 119.83230742812157 65.629832208156586
leaf_count=620 42 138 57 72 106 361 4931 280 953 62 38 27 170 92
internal_value=-7.44855e-06 -0.00348933 0.000153263 -0.00313318 -0.00672758 0.000291123 0.000130303 -0.000266364 0.00137192 -0.0104249 0.00101363 -0.00250918 -0.00748387 -0.0084548
internal_weight=8383.82 368.982 8014.84 321.797 172.047 7693.04 7253.07 5497.52 1755.55 115.268 149.75 65.5136 216.495 185.462
internal_count=7949 442 7507 362 225 7145 6784 5211 1573 168 137 65 304 262
is_linear=0
shrinkage=0.04


Tree=48
num_leaves=15
num_cat=0
split_feature=6 4 9 1 7 21 25 5 21 22 1 13 21 25
split_gain=2.82089 3.18201 2.31709 3.65093 10.8417 8.55373 8.24958 6.28103 3.29741 2.24066 1.54642 1.46676 1.17547 1.65465
threshold=3.5000000000000004 6.5000000000000009 1.5000000000000002 1.0000000180025095e-35 8.5000000000000018 305.00000000000006 1.5000000000000002 12.500000000000002 305.00000000000006 335.00000000000006 1.0000000180025095e-35 1.0000000180025095e-35 270.00000000000006 1.0000000180025095e-35
decision_type=2 2 2 2 2 2 2 2 2 2 2 2 2 2
left_child=1 10 11 4 8 9 -7 -6 -4 -5 -1 -2 -3 -14
right_child=2 12 3 5 7 6 -8 -9 -10 -11 -12 -13 13 -15
leaf_value=-0.0066511128885699067 0.0016827782564870725 -0.00021117887238543081 -0.00095515792804251056 0.0013377524047825523 0.0011234195601045349 -0.0095541004164917641 0.0032769866119743041 -0.01051234243280127 0.0031885575423773026 -0.00818916659250799 -0.018878377131430785 -0.0066274597738963086 -0.010926242914701763 0.001889838146473701
leaf_weight=65.872000202536583 1596.2351532280445 269.81185398995876 1805.7787552922964 3370.0978605300188 99.791277974843979 238.38032221794128 119.92448852956295 286.71480397880077 369.23233252763748 38.9846251308918 22.153500080108643 33.755321398377419 41.559999793767929 25.525499761104584
leaf_count=93 1533 281 1702 2923 111 282 112 382 331 50 35 36 53 25
internal_value=-7.34926e-06 -0.00317887 0.000162356 -0.000184066 -0.0013489 0.000608074 -0.00526237 -0.00751298 -0.000250574 0.00122644 -0.00990586 0.00150672 -0.00139712 -0.00609369
internal_weight=8383.82 424.923 7958.89 6328.9 2561.52 3767.39 358.305 386.506 2175.01 3409.08 88.0255 1629.99 336.897 67.0855
internal_count=7949 487 7462 5893 2526 3367 394 493 2033 2973 128 1569 359 78
is_linear=0
shrinkage=0.04


Tree=49
num_leaves=15
num_cat=0
split_feature=3 6 5 4 2 5 4 30 7 3 7 5 3 0
split_gain=2.63643 4.01153 8.32055 6.78986 3.9937 7.44592 17.0339 3.85381 5.09174 3.73332 3.55859 3.33617 3.55993 2.97061
threshold=3.5000000000000004 11.500000000000002 32.500000000000007 9.5000000000000018 4.5000000000000009 27.500000000000004 13.500000000000002 215.50000000000003 5.5000000000000009 4.5000000000000009 9.5000000000000018 12.500000000000002 1.5000000000000002 5.5000000000000009
decision_type=2 2 2 2 2 2 2 2 2 2 2 2 2 2
left_child=1 3 -3 -1 -2 6 9 8 -7 -6 -9 -5 -13 -8
right_child=4 2 -4 11 5 7 13 10 -10 -11 -12 12 -14 -15
leaf_value=-0.010113398345676297 0.0021004658787784022 0.0012231568200452637 -0.018227880093034745 0.0026944719118969763 -0.012327556155796152 -0.00036389054124468017 0.0027969781662825323 0.00071301662097064125 -0.017898545145540509 -0.029769598359906068 -0.0082320827890498983 0.00055207853406499677 -0.0076858617115941356 -0.0035074322117870089
leaf_weight=190.94496466219425 1573.9734039753675 816.23223231732845 35.771000191569328 202.7879985421896 42.370375037193298 71.172078356146812 165.82582053542137 4374.4414922893047 41.252143010497093 39.992999896407127 71.339267551898956 158.98641186952591 176.4918926358223 422.23571376502514
leaf_count=264 1306 723 45 191 57 69 141 4100 57 57 88 194 224 433
internal_value=-7.34154e-06 -0.00147807 0.000386101 -0.00365369 0.000334685 -0.000197168 -0.00412981 0.000382028 -0.00689901 -0.0210524 0.00056766 -0.00134767 -0.00379178 -0.00172794
internal_weight=8383.82 1581.21 852.003 729.211 6802.6 5228.63 670.425 4558.2 112.424 82.3634 4445.78 538.266 335.478 588.062
internal_count=7949 1641 768 873 6308 5002 688 4314 126 114 4188 609 418 574
is_linear=0
shrinkage=0.04


Tree=50
num_leaves=15
num_cat=0
split_feature=6 4 8 22 30 7 2 21 14 5 3 5 2 1
split_gain=2.52139 2.76032 2.22068 2.54915 5.43847 7.15131 2.39305 1.67922 2.21928 1.62343 2.36897 4.23203 2.01861 1.43155
threshold=3.5000000000000004 6.5000000000000009 2.5000000000000004 135.00000000000003 5995.0000000000009 6.5000000000000009 2.5000000000000004 85.000000000000014 1245.5000000000002 7.5000000000000009 3.5000000000000004 31.500000000000004 4.5000000000000009 1.0000000180025095e-35
decision_type=2 2 2 2 2 2 2 2 2 2 2 2 2 2
left_child=1 13 3 7 6 -6 -5 8 -2 -4 11 -11 -12 -1
right_child=2 -3 9 4 5 -7 -8 -9 -10 10 12 -13 -14 -15
leaf_value=-0.0061458637092739413 0.00017504258750486012 -0.0013462967051888286 0.0030499084566758768 -0.0094364137160136505 -0.00010593572031475346 -0.017136583341946909 -0.00030732293251164408 0.0035208889919282867 -0.0062225985104823909 -0.00096118425564970141 0.0020476684465920154 -0.013615411803056117 0.00020138136105356353 -0.017898310602005186
leaf_weight=65.872000202536583 719.97100917994976 336.89735354483128 376.6546782553196 49.272143065929413 72.040160581469536 86.235535904765129 534.4044544249773 195.64399851858616 97.63267819583416 768.9793886244297 1267.2833207845688 43.762500196695328 3747.0150730758905 22.153500080108643
leaf_count=93 793 359 312 60 79 123 560 183 109 739 1023 54 3427 35
internal_value=-7.51562e-06 -0.00300595 0.000152928 -0.00110282 -0.00288254 -0.00943431 -0.00109279 0.000201934 -0.000595588 0.000508335 0.000343555 -0.00165845 0.000668316 -0.00927144
internal_weight=8383.82 424.923 7958.89 1755.2 741.952 158.276 583.677 1013.25 817.604 6203.69 5827.04 812.742 5014.3 88.0255
internal_count=7949 487 7462 1907 822 202 620 1085 902 5555 5243 793 4450 128
is_linear=0
shrinkage=0.04


Tree=51
num_leaves=15
num_cat=0
split_feature=6 4 8 22 30 5 0 38 16 26 2 5 14 1
split_gain=2.32707 2.55104 2.0482 2.35145 5.01668 6.80064 2.25038 1.64178 3.21089 1.57746 1.85712 5.16726 1.3809 1.32581
threshold=3.5000000000000004 6.5000000000000009 2.5000000000000004 135.00000000000003 5995.0000000000009 40.500000000000007 11.500000000000002 1.5000000000000002 65.000000000000014 2.5000000000000004 3.5000000000000004 27.500000000000004 1245.5000000000002 1.0000000180025095e-35
decision_type=2 2 2 2 2 2 2 2 2 2 2 2 2 2
left_child=1 13 3 7 6 -6 -5 12 -9 10 -4 -12 -2 -1
right_child=2 -3 9 4 5 -7 -8 8 -10 -11 11 -13 -14 -15
leaf_value=-0.0059037053707914509 0.0014504193714764643 -0.0012926041675215341 0.0015637797042487574 -0.00018048623430934246 -0.013701145719975731 0.0055592579700469835 -0.0081371417371705994 -0.010638662987178225 0.0016112209435679477 0.0028310489236337052 -0.0025175403416689201 0.00068836311097881468 -0.003230578409939313 -0.017213299201141501
leaf_weight=65.872000202536583 760.93894851207733 336.89735354483128 1430.620309472084 520.82354016602039 120.19444668292999 38.081249803304672 62.853057324886322 60.80380941927433 76.249999821186066 427.02294470369816 1064.5343990027905 3281.5173077583313 115.25492814183235 22.153500080108643
leaf_count=93 815 359 1204 538 167 35 82 74 71 346 1030 2975 125 35
internal_value=-7.52117e-06 -0.0028881 0.000146616 -0.00105938 -0.00276869 -0.00906127 -0.00104975 0.000193757 -0.00386113 0.000487942 0.000314275 -9.72986e-05 0.000831698 -0.00891139
internal_weight=8383.82 424.923 7958.89 1755.2 741.952 158.276 583.677 1013.25 137.054 6203.69 5776.67 4346.05 876.194 88.0255
internal_count=7949 487 7462 1907 822 202 620 1085 145 5555 5209 4005 940 128
is_linear=0
shrinkage=0.04


Tree=52
num_leaves=15
num_cat=0
split_feature=3 30 6 5 4 2 2 5 4 30 7 3 7 5
split_gain=2.19147 3.86893 3.93637 7.65122 5.62233 3.63374 3.40632 6.52133 15.6656 3.56226 4.70857 3.48809 2.95492 2.78787
threshold=3.5000000000000004 294.00000000000006 12.500000000000002 32.500000000000007 9.5000000000000018 2.5000000000000004 4.5000000000000009 27.500000000000004 13.500000000000002 215.50000000000003 5.5000000000000009 4.5000000000000009 9.5000000000000018 12.500000000000002
decision_type=2 2 2 2 2 2 2 2 2 2 2 2 2 2
left_child=1 -1 4 -4 5 -3 -2 8 11 10 -9 -8 -11 -6
right_child=6 2 3 -5 13 -7 7 9 -10 12 -12 -13 -14 -15
leaf_value=-0.015684157791512755 0.0019351439063158837 -0.01772178808003989 0.0017760400010908772 -0.017081171587923355 0.0025688829776521842 -0.0055641588508363047 -0.011672285687800661 -0.0003604029678128139 -0.0015639846759931454 0.00066616057382779556 -0.017222525665206833 -0.028517476097195869 -0.0074849974047368987 -0.0032330822084208383
leaf_weight=28.563500255346298 1573.9734039753675 52.71964293718338 750.99748207628727 35.081000193953514 212.80299849808216 153.34082172811031 42.370375037193298 71.172078356146812 588.06153430044651 4374.4414922893047 41.252143010497093 39.992999896407127 71.339267551898956 347.7090545296669
leaf_count=34 1306 75 651 44 200 207 57 69 574 4100 57 57 88 430
internal_value=-7.4546e-06 -0.00134834 -0.00107468 0.00091385 -0.00311235 -0.0087452 0.000304376 -0.000186809 -0.0038672 0.000355235 -0.00664496 -0.0200957 0.000533709 -0.00102967
internal_weight=8383.82 1581.21 1552.65 786.078 766.573 206.06 6802.6 5228.63 670.425 4558.2 112.424 82.3634 4445.78 560.512
internal_count=7949 1641 1607 695 912 282 6308 5002 688 4314 126 114 4188 630
is_linear=0
shrinkage=0.04


Tree=53
num_leaves=15
num_cat=0
split_feature=16 21 7 38 0 5 1 7 1 30 30 30 14 30
split_gain=2.07757 3.78052 8.60502 9.93218 6.44912 3.28499 3.26884 2.5287 6.52535 4.65775 4.3722 3.23492 4.35101 2.5247
threshold=85.000000000000014 295.00000000000006 5.5000000000000009 1.5000000000000002 9.5000000000000018 33.500000000000007 1.0000000180025095e-35 7.5000000000000009 1.0000000180025095e-35 2955.5000000000005 7468.5000000000009 6932.5000000000009 1.0000000180025095e-35 288.50000000000006
decision_type=2 2 2 2 2 2 2 2 2 2 2 2 2 2
left_child=1 13 3 4 -3 6 -4 -2 9 -9 -11 -10 -13 -1
right_child=7 2 5 -5 -6 -7 -8 8 11 10 -12 12 -14 -15
leaf_value=-0.0058764704651145709 0.001002357389462833 -0.017749042235242526 0.0032776343080198984 0.0035977394573076947 -0.0020746423283459475 0.0035780102811450824 -0.014191074207177046 0.00022897312173150247 0.0026702062608483053 -0.010926893019415893 0.0022960049023922915 -0.015422109263407013 0.0047089198739302283 6.1255815882182922e-05
leaf_weight=118.28747141361237 3816.5262163132429 145.73775039613247 30.321249753236771 76.372767791152 59.245500013232231 216.6197484433651 37.514000102877617 164.10907113552094 495.02728371322155 207.2340826690197 49.141999930143356 37.915142983198166 30.092499762773514 2899.6730102151632
leaf_count=136 3319 200 26 67 66 203 54 171 418 261 52 49 24 2903
internal_value=-7.72488e-06 -0.000736346 -0.00373374 -0.0086808 -0.0132508 0.00117269 -0.00644866 0.000536312 -0.00127135 -0.00503557 -0.00839326 0.00154379 -0.00657524 -0.00017334
internal_weight=8383.82 3583.77 565.811 281.356 204.983 284.455 67.8352 4800.05 983.52 420.485 256.376 563.035 68.0076 3017.96
internal_count=7949 3655 616 333 266 283 80 4294 975 484 313 491 73 3039
is_linear=0
shrinkage=0.04


Tree=54
num_leaves=15
num_cat=0
split_feature=7 2 5 22 3 36 30 7 22 25 38 7 40 37
split_gain=2.02426 2.67623 5.02662 5.81717 7.80443 7.30147 4.04047 3.19 2.18644 3.94485 3.79181 2.05051 2.02471 3.26995
threshold=4.5000000000000009 3.5000000000000004 31.500000000000004 145.00000000000003 5.5000000000000009 1.5000000000000002 229.00000000000003 5.5000000000000009 305.00000000000006 1.0000000180025095e-35 1.5000000000000002 5.5000000000000009 1.0000000180025095e-35 1.0000000180025095e-35
decision_type=2 2 2 2 2 2 2 2 2 2 2 2 2 2
left_child=8 -2 3 5 -5 -3 11 -8 -1 10 -10 -4 13 -11
right_child=1 2 6 4 -6 -7 7 -9 9 12 -12 -13 -14 -15
leaf_value=0.0012742320052446718 0.0011829332465195142 -1.09342648926523e-06 -0.0014279103179232156 -0.0026780384275835517 -0.013381846138040389 -0.010290668295736832 -0.0020650856874254889 0.0012469818936033069 -0.014132746447065577 -0.016082428569955145 0.0022034749390928473 -0.016413226058207379 0.0015078103957262062 0.0019178179824894195
leaf_weight=2579.1841268539429 1199.6168805360794 1003.5283692330122 25.593428716063499 316.23176808655262 165.85649967193604 122.97169326245785 622.70751023292542 1830.9319993406534 66.689000248908997 28.484500050544739 33.864499866962433 33.696642994880676 319.1783754825592 35.282500058412552
leaf_count=2216 1117 986 30 359 183 159 620 1755 89 41 32 47 285 30
internal_value=-7.62969e-06 -0.000479147 -0.000963085 -0.00270831 -0.00638063 -0.00113246 0.000154706 0.000405916 0.000811479 -0.00165457 -0.0086635 -0.0100756 0.000203594 -0.006247
internal_weight=8383.82 5321.13 4121.52 1608.59 482.088 1126.5 2512.93 2453.64 3062.68 483.499 100.554 59.2901 382.945 63.767
internal_count=7949 5256 4139 1687 542 1145 2452 2375 2693 477 121 77 356 71
is_linear=0
shrinkage=0.04


Tree=55
num_leaves=15
num_cat=0
split_feature=26 16 9 21 16 7 7 1 30 30 4 34 34 0
split_gain=2.00859 2.28541 3.3789 4.82182 5.90579 4.13368 2.36927 6.63754 5.17515 3.14238 1.81214 2.6293 1.53525 1.26092
threshold=2.5000000000000004 85.000000000000014 1.5000000000000002 295.00000000000006 75.000000000000014 4.5000000000000009 7.5000000000000009 1.0000000180025095e-35 2955.5000000000005 6932.5000000000009 26.500000000000004 1.0000000180025095e-35 1.5000000000000002 3.5000000000000004
decision_type=2 2 2 2 2 2 2 2 2 2 2 2 2 2
left_child=1 2 12 5 -5 -4 10 8 -8 -9 11 -3 13 -1
right_child=-2 6 3 4 -6 -7 7 9 -10 -11 -12 -13 -14 -15
leaf_value=-0.00046034200239446535 0.0026200321112640852 -0.00056588969375986344 0.0014721583746236217 -0.0031771318281156001 -0.015165320665579959 -0.0023685297369482371 0.00044808693601707531 0.0026366548523274842 -0.0089880300760888533 -0.0066635157527010908 0.0023382614019454924 0.0021016241053795352 0.0046640062616719628 0.0031991801585955952
leaf_weight=714.85474348068237 439.96944460272789 1740.3252014070749 694.30885723233223 280.45051774382591 85.217250123620033 1262.0414304584265 151.63407111167908 474.84728379547596 239.09608259797096 65.252642750740051 1001.555281162262 894.17135888338089 150.28380914032459 189.80982014536858
leaf_count=801 361 1567 642 308 113 1303 161 401 299 71 872 745 146 159
internal_value=-7.6448e-06 -0.00015349 -0.000942336 -0.00179493 -0.00600467 -0.00100541 0.000429898 -0.00136981 -0.00533428 0.00150281 0.000890873 0.000339942 0.000934218 0.000310156
internal_weight=8383.82 7943.85 3376.97 2322.02 365.668 1956.35 4566.88 930.83 390.73 540.1 3636.05 2634.5 1054.95 904.665
internal_count=7949 7588 3472 2366 421 1945 4116 932 460 472 3184 2312 1106 960
is_linear=0
shrinkage=0.04


Tree=56
num_leaves=15
num_cat=0
split_feature=6 4 5 3 6 20 2 5 22 7 21 17 5 3
split_gain=1.93955 2.14149 1.89931 2.63023 5.92393 4.42077 3.46015 6.21868 1.45404 1.40522 1.1772 1.45921 1.04628 0.671758
threshold=3.5000000000000004 5.5000000000000009 4.5000000000000009 2.5000000000000004 13.500000000000002 276.00000000000006 4.5000000000000009 27.500000000000004 290.00000000000006 7.5000000000000009 270.00000000000006 110.00000000000001 12.500000000000002 4.5000000000000009
decision_type=2 2 2 2 2 2 2 2 2 2 2 2 2 2
left_child=1 8 -2 4 5 -4 12 -8 -1 -6 13 -12 -5 -3
right_child=2 10 3 6 9 -7 7 -9 -10 -11 11 -13 -14 -15
leaf_value=-0.01660826982064157 0.0036165543601814325 -0.0018923954192163299 -0.00051312149747656272 0.0036067109093474688 0.0021802785104934048 -0.0099605071103738858 -0.003654262306490005 0.00030093299734311007 -0.0048755133888344921 -0.0048145056174381277 -0.010296614092180236 0.0016769930016434351 0.0012686381673060662 0.0020639160232597746
leaf_weight=23.54150003194809 241.8224288225174 146.81774809956551 131.80416291952133 396.6138953268528 316.00474917888641 198.18092179298401 738.63280966877937 4540.2376252561808 58.856500253081322 52.782056987285614 43.009999781847 25.455499768257141 1342.8162908554077 127.24160589277744
leaf_count=35 199 159 170 327 261 271 763 4291 87 57 55 25 1123 126
internal_value=-7.42444e-06 -0.00263724 0.000133294 2.36883e-05 -0.00231484 -0.00619994 0.000256819 -0.000253075 -0.00838657 0.00116885 -0.00123379 -0.00588477 0.00180352 -5.47145e-05
internal_weight=8383.82 424.923 7958.89 7717.07 698.772 329.985 7018.3 5278.87 82.398 368.787 342.525 68.4655 1739.43 274.059
internal_count=7949 487 7462 7263 759 441 6504 5054 122 318 365 80 1450 285
is_linear=0
shrinkage=0.04


Tree=57
num_leaves=15
num_cat=0
split_feature=26 16 9 21 30 7 7 1 30 30 4 34 34 0
split_gain=1.82923 2.06698 3.08737 4.37297 5.67023 3.76547 2.0785 5.96212 4.73339 2.8315 1.68409 2.36439 1.40642 1.15552
threshold=2.5000000000000004 85.000000000000014 1.5000000000000002 295.00000000000006 5878.0000000000009 4.5000000000000009 7.5000000000000009 1.0000000180025095e-35 2955.5000000000005 6932.5000000000009 26.500000000000004 1.0000000180025095e-35 1.5000000000000002 3.5000000000000004
decision_type=2 2 2 2 2 2 2 2 2 2 2 2 2 2
left_child=1 2 12 5 -5 -4 10 8 -8 -9 11 -3 13 -1
right_child=-2 6 3 4 -6 -7 7 9 -10 -11 -12 -13 -14 -15
leaf_value=-0.00043782329699803196 0.0025003049988913924 -0.00055000080108210151 0.0014048496347533485 -0.0030925395809654694 -0.015183919731684252 -0.0022607920011167631 0.00049494415221474491 0.0025214375445769543 -0.0085290505571403771 -0.0063067690948017362 0.0022353909939276137 0.0019795652338859067 0.0044669496298086128 0.0030654174621095997
leaf_weight=714.85474348068237 439.96944460272789 1740.3252014070749 694.30885723233223 287.22549971938133 78.442268148064613 1262.0414304584265 151.63407111167908 474.84728379547596 239.09608259797096 65.252642750740051 1001.555281162262 894.17135888338089 150.28380914032459 189.80982014536858
leaf_count=801 361 1567 642 309 112 1303 161 401 299 71 872 745 146 159
internal_value=-7.30827e-06 -0.000146489 -0.000896691 -0.00171168 -0.00572069 -0.000959802 0.00040832 -0.00127734 -0.00503471 0.00144517 0.000840082 0.000308982 0.000897081 0.000299773
internal_weight=8383.82 7943.85 3376.97 2322.02 365.668 1956.35 4566.88 930.83 390.73 540.1 3636.05 2634.5 1054.95 904.665
internal_count=7949 7588 3472 2366 421 1945 4116 932 460 472 3184 2312 1106 960
is_linear=0
shrinkage=0.04


Tree=58
num_leaves=15
num_cat=0
split_feature=8 22 30 7 20 2 40 5 21 10 30 26 2 5
split_gain=1.75365 2.24515 4.11923 5.82912 3.45591 2.18661 2.01763 1.81549 1.69814 2.48477 2.2625 1.48257 1.58054 4.79686
threshold=2.5000000000000004 135.00000000000003 5995.0000000000009 6.5000000000000009 742.50000000000011 2.5000000000000004 1.0000000180025095e-35 43.500000000000007 85.000000000000014 1.0000000180025095e-35 6470.0000000000009 2.5000000000000004 3.5000000000000004 27.500000000000004
decision_type=2 2 2 2 2 2 2 2 2 2 2 2 2 2
left_child=1 8 5 6 -5 -3 -4 -7 9 -1 -11 12 -2 -14
right_child=11 2 3 4 -6 7 -8 -9 -10 10 -12 -13 13 -15
leaf_value=0.00022858065301663944 0.0012603928340885044 -0.0090847297710001922 0.0052494045142157629 -0.026155203524118015 -0.0093395178143640695 0.0002882354813414582 -0.0082497041347080365 -0.0068868393953328642 0.0033629813589424059 -0.0028911130610731655 -0.015383064071600974 0.0025600435962489778 -0.0024646060504508443 0.0005241450242773933
leaf_weight=759.29461461305618 1516.4693090468645 50.967143088579178 44.86624975502491 29.760000169277191 59.235535725951195 505.81756189465523 27.86391082406044 62.498392507433891 204.38524848222733 108.40107125043869 28.763000085949898 433.94794462621212 1148.28439886868 3403.2634136974812
leaf_count=832 1294 64 43 47 80 539 37 69 197 111 34 353 1144 3105
internal_value=-7.10034e-06 -0.00108209 -0.00272092 -0.00838499 -0.0151908 -0.00123061 3.59659e-05 -0.000511527 8.20065e-05 -0.000668943 -0.00560303 0.000304152 0.000142429 -0.000230246
internal_weight=8383.82 1881.85 781.009 161.726 88.9955 619.283 72.7302 568.316 1100.84 896.459 137.164 6501.97 6068.02 4551.55
internal_count=7949 2053 879 207 127 672 80 608 1174 977 145 5896 5543 4249
is_linear=0
shrinkage=0.04


Tree=59
num_leaves=15
num_cat=0
split_feature=6 4 5 3 6 21 2 5 7 1 5 27 15 15
split_gain=1.71968 1.88796 1.77823 2.30774 5.30288 4.07204 3.114 5.27397 1.24884 1.05092 0.99348 0.924861 1.29549 1.43731
threshold=3.5000000000000004 6.5000000000000009 4.5000000000000009 2.5000000000000004 13.500000000000002 305.00000000000006 4.5000000000000009 27.500000000000004 7.5000000000000009 1.0000000180025095e-35 12.500000000000002 1.0000000180025095e-35 324.00000000000006 741.50000000000011
decision_type=2 2 2 2 2 2 2 2 2 2 2 2 2 2
left_child=1 9 -2 4 5 -4 10 -8 -6 -1 -5 -3 -13 -14
right_child=2 11 3 6 8 -7 7 -9 -10 -11 -12 12 13 -15
leaf_value=-0.0049933837260727676 0.0034957727186041916 0.00077257409666077958 -0.0041179350573107712 0.0034620143947883624 0.0020782515269136838 -0.017356409939835362 -0.0033782370939817166 0.00026416570997876265 -0.0045159339905003516 -0.015050493308720585 0.0011838326061770316 0.00042076683802785841 -0.013598132491217859 -0.0025140153293318722
leaf_weight=65.872000202536583 241.8224288225174 186.35024772584438 288.06683431565762 396.6138953268528 316.00474917888641 41.918250396847725 738.63280966877937 4540.2376252561808 52.782056987285614 22.153500080108643 1342.8162908554077 72.566499143838882 30.574606984853745 47.405999690294266
leaf_count=93 199 188 378 327 261 63 763 4291 57 35 1123 78 42 51
internal_value=-7.13587e-06 -0.00248341 0.000125367 1.93127e-05 -0.00217117 -0.00584699 0.000237685 -0.000246032 0.00112481 -0.0076651 0.00170498 -0.00111085 -0.0034319 -0.00697702
internal_weight=8383.82 424.923 7958.89 7717.07 698.772 329.985 7018.3 5278.87 368.787 88.0255 1739.43 336.897 150.547 77.9806
internal_count=7949 487 7462 7263 759 441 6504 5054 318 128 1450 359 171 93
is_linear=0
shrinkage=0.04


Tree=60
num_leaves=15
num_cat=0
split_feature=22 1 14 0 5 38 30 25 5 2 4 16 22 3
split_gain=1.60949 2.68635 4.24162 2.56923 2.29414 1.59948 2.45538 3.94673 2.10374 11.7403 10.595 3.60334 4.04738 3.51457
threshold=390.00000000000006 1.0000000180025095e-35 1265.0000000000002 10.500000000000002 30.500000000000004 1.0000000180025095e-35 294.00000000000006 1.0000000180025095e-35 25.500000000000004 4.5000000000000009 18.500000000000004 85.000000000000014 290.00000000000006 1.5000000000000002
decision_type=2 2 2 2 2 2 2 2 2 2 2 2 2 2
left_child=5 3 4 -2 -3 8 7 -7 9 13 -11 12 -10 -1
right_child=1 2 -4 -5 -6 6 -8 -9 11 10 -12 -13 -14 -15
leaf_value=-0.0093268991941582186 0.0041355333464874354 -0.0057847553726874191 0.0028309808393236768 -0.0065242297429678733 -0.017538485690215849 -0.013989003073742432 0.00072525591355963414 -0.0001834801034661403 -0.00036913292677417996 -0.019346196860369445 -0.0033258453904768592 0.0017952671959232513 -0.0064393393054458905 0.0018982240730465113
leaf_weight=47.575250193476677 115.76374942064285 64.521268099546432 53.802369683980942 51.42964294552803 46.112250491976738 46.498328760266304 4712.2469957619905 109.63524992763996 1045.3417757600546 99.051385670900345 195.96064254641533 1036.1662469506264 210.30053487420082 549.41210354864597
leaf_count=68 99 87 48 74 69 63 4237 91 1073 141 225 926 243 505
internal_value=-7.10731e-06 -0.00273379 -0.00634782 0.000837235 -0.010797 0.000105517 0.000561377 -0.00435778 -0.000591499 -0.00223844 -0.00875192 5.02072e-05 -0.00139011 0.000989568
internal_weight=8383.82 331.629 164.436 167.193 110.634 8052.19 4868.38 156.134 3183.81 891.999 295.012 2291.81 1255.64 596.987
internal_count=7949 377 204 173 156 7572 4391 154 3181 939 366 2242 1316 573
is_linear=0
shrinkage=0.04


Tree=61
num_leaves=15
num_cat=0
split_feature=9 8 24 22 9 31 6 3 5 27 3 31 12 1
split_gain=1.60519 2.72814 2.27353 5.07515 4.51981 2.62185 1.69187 3.16283 2.06735 1.88077 1.25488 1.11391 1.07755 2.24029
threshold=1.0000000180025095e-35 2.5000000000000004 1.5000000000000002 305.00000000000006 3.5000000000000004 2635.0000000000005 7.5000000000000009 2.5000000000000004 12.500000000000002 1.0000000180025095e-35 2.5000000000000004 8083.5000000000009 1.0000000180025095e-35 1.0000000180025095e-35
decision_type=2 2 2 2 2 2 2 2 2 2 2 2 2 2
left_child=11 2 3 5 -5 -2 7 9 -9 -3 -4 -1 -8 -14
right_child=1 6 10 4 -6 -7 12 8 -10 -11 -12 -13 13 -15
leaf_value=0.0028741542549372335 0.00050769891118113771 -0.002204781252174401 -0.0051118726833202545 -0.025152791493416073 -0.0033400601617056282 -0.0035355741615883851 0.00074391679389473647 0.0034753209082675146 -0.00092249684104679988 -0.012138766725053022 0.0033538993861675411 -2.6632966156466851e-05 -0.0066978015273800864 0.00086421456215460648
leaf_weight=491.1478425860405 431.08884045481682 63.162250086665154 32.416999995708466 28.146750181913376 32.507625073194504 632.15418429672718 4113.8336229920387 192.17349927127361 1491.3136722296476 58.958999872207642 174.46586298942566 371.79657386243343 96.884321182966232 173.76674956083298
leaf_count=443 454 83 42 41 36 696 3563 170 1461 80 173 449 103 155
internal_value=-7.16382e-06 -0.000194718 -0.00183706 -0.00254622 -0.0137061 -0.0018973 0.000158601 -0.000871582 -0.000418712 -0.00706045 0.00200917 0.00162578 0.00058295 -0.00185743
internal_weight=8383.82 7520.87 1330.78 1123.9 60.6544 1063.24 6190.09 1805.61 1683.49 122.121 206.883 862.944 4384.48 270.651
internal_count=7949 7057 1442 1227 77 1150 5615 1794 1631 163 215 892 3821 258
is_linear=0
shrinkage=0.04


Tree=62
num_leaves=15
num_cat=0
split_feature=43 4 7 5 5 7 4 30 3 38 14 16 9 2
split_gain=1.51229 2.18253 3.56752 2.16822 3.05056 3.37925 1.8712 1.72371 1.70249 1.81279 1.6455 1.61897 2.35854 5.24988
threshold=9.5000000000000018 8.5000000000000018 7.5000000000000009 12.500000000000002 15.500000000000002 7.5000000000000009 5.5000000000000009 169.00000000000003 1.5000000000000002 1.5000000000000002 1261.5000000000002 45.000000000000007 3.5000000000000004 4.5000000000000009
decision_type=2 2 2 2 2 2 2 2 2 2 2 2 2 2
left_child=1 2 8 -3 5 -5 -4 -6 9 -1 -10 12 -2 -14
right_child=11 3 6 4 7 -7 -8 -9 10 -11 -12 -13 13 -15
leaf_value=-0.014143843290446668 0.0016800144136121071 0.0026570845973472885 -0.0057704488509600542 -0.00038284483122460805 -0.0056888649147000085 -0.013999270135296123 -0.017148630161142021 -0.00010200663589504021 0.0023275805117864458 -0.00042877932211267552 -0.0031609667265304841 0.00096006706311725697 0.0019410512472463586 -0.019418400388354143
leaf_weight=29.465178564190865 73.81250011920929 408.0809973180294 87.130285799503326 62.442499756813049 89.181757107377052 53.809750124812126 31.480800122022629 4373.0791777074337 204.82924935221672 31.352999821305275 150.89499966800213 2715.8799056410789 37.665568292140961 34.712125241756439
leaf_count=42 60 365 120 58 102 78 46 4338 180 32 171 2287 26 44
internal_value=-7.10298e-06 -0.000393864 -0.00281891 -0.000133098 -0.000382312 -0.00675113 -0.00890848 -0.000214914 -0.00106772 -0.00719476 -2.94595e-06 0.000738945 -0.0033476 -0.00842791
internal_weight=8383.82 5521.75 535.154 4986.59 4578.51 116.252 118.611 4462.26 416.542 60.8182 355.724 2862.07 146.19 72.3777
internal_count=7949 5532 591 4941 4576 136 166 4440 425 74 351 2417 130 70
is_linear=0
shrinkage=0.04


Tree=63
num_leaves=15
num_cat=0
split_feature=9 8 24 22 9 7 6 3 33 27 3 20 12 1
split_gain=1.47926 2.48038 2.08684 4.67075 4.20659 2.49567 1.51269 2.80353 2.01392 1.78775 1.1411 1.03847 0.98445 2.0407
threshold=1.0000000180025095e-35 2.5000000000000004 1.5000000000000002 305.00000000000006 3.5000000000000004 4.5000000000000009 7.5000000000000009 2.5000000000000004 2.5000000000000004 1.0000000180025095e-35 2.5000000000000004 675.00000000000011 1.0000000180025095e-35 1.0000000180025095e-35
decision_type=2 2 2 2 2 2 2 2 2 2 2 2 2 2
left_child=11 2 3 5 -5 -2 7 9 -9 -3 -4 -1 -8 -14
right_child=1 6 10 4 -6 -7 12 8 -10 -11 -12 -13 13 -15
leaf_value=0.00096369576538121856 0.0010751018478748465 -0.0019214838389127258 -0.004859005903349603 -0.024181125810388528 -0.0031410943508191529 -0.0031094512753577809 0.00070479742190609237 -0.00018655955197835941 -0.0094483545591921621 -0.011601491411223068 0.0032139851412460799 0.0047923143194187777 -0.0064013429745135454 0.00081600430275185533
leaf_weight=729.54191762208939 330.20121981203556 63.162250086665154 32.416999995708466 28.146750181913376 32.507625073194504 733.04180493950844 4113.8336229920387 1646.0445572137833 37.442614287137985 58.958999872207642 174.46586298942566 133.40249882638454 96.884321182966232 173.76674956083298
leaf_count=770 321 83 42 41 36 829 3563 1588 43 80 173 122 103 155
internal_value=-7.15603e-06 -0.000187204 -0.0017532 -0.00243262 -0.0131386 -0.00181011 0.000149691 -0.000824413 -0.000398039 -0.00665117 0.00193172 0.00156042 0.000550941 -0.00178163
internal_weight=8383.82 7520.87 1330.78 1123.9 60.6544 1063.24 6190.09 1805.61 1683.49 122.121 206.883 862.944 4384.48 270.651
internal_count=7949 7057 1442 1227 77 1150 5615 1794 1631 163 215 892 3821 258
is_linear=0
shrinkage=0.04


Tree=64
num_leaves=15
num_cat=0
split_feature=26 16 9 30 30 30 4 6 27 34 31 8 0 38
split_gain=1.43515 1.60686 2.60019 3.82 6.87157 2.87204 1.67566 2.97175 4.95349 1.30525 1.13951 4.04868 1.01081 0.703315
threshold=2.5000000000000004 85.000000000000014 1.5000000000000002 6932.5000000000009 7088.0000000000009 288.50000000000006 21.500000000000004 13.500000000000002 1.0000000180025095e-35 1.5000000000000002 5999.0000000000009 2.5000000000000004 3.5000000000000004 1.0000000180025095e-35
decision_type=2 2 2 2 2 2 2 2 2 2 2 2 2 2
left_child=1 2 9 5 -5 -4 7 8 -3 12 13 -12 -1 -8
right_child=-2 6 3 4 -6 -7 10 -9 -10 -11 11 -13 -14 -15
leaf_value=-0.00041098031451802688 0.0022140056915818701 -0.00042850366789175167 -0.0080857546125673151 -0.020010849448865126 -0.0032379097173711952 -0.00044041945049008008 0.0030709370349276794 0.00089400533250881987 -0.0067478023058385574 0.0042933601293934217 -0.009533638699265698 0.0010463052767216683 0.002865563602256131 0.0011942187649459856
leaf_weight=714.85474348068237 439.96944460272789 909.83604016900063 81.182471483945847 42.635000124573708 381.58228448033333 1816.6182994693518 477.71953271329403 1479.0213153064251 252.89790007472038 150.28380914032459 66.278678476810455 412.98422637581825 189.80982014536858 968.14422859251499
leaf_count=801 361 876 97 67 399 1803 432 1256 276 146 83 358 159 835
internal_value=-7.12398e-06 -0.000130404 -0.000791858 -0.00153979 -0.00496673 -0.000771551 0.000358772 -0.000295299 -0.00180759 0.000854295 0.00125601 -0.000433631 0.000278884 0.00181599
internal_weight=8383.82 7943.85 3376.97 2322.02 424.217 1897.8 4566.88 2641.76 1162.73 1054.95 1925.13 479.263 904.665 1445.86
internal_count=7949 7588 3472 2366 466 1900 4116 2408 1152 1106 1708 441 960 1267
is_linear=0
shrinkage=0.04


Tree=65
num_leaves=15
num_cat=0
split_feature=6 5 3 30 5 2 5 4 22 20 21 25 30 3
split_gain=1.34645 1.54818 1.89544 3.87558 3.30511 2.00531 3.81011 1.51155 1.40989 1.12 0.977643 1.19529 0.748459 0.574525
threshold=3.5000000000000004 4.5000000000000009 3.5000000000000004 294.00000000000006 32.500000000000007 4.5000000000000009 27.500000000000004 5.5000000000000009 290.00000000000006 540.00000000000011 270.00000000000006 1.0000000180025095e-35 4763.5000000000009 4.5000000000000009
decision_type=2 2 2 2 2 2 2 2 2 2 2 2 2 2
left_child=7 12 3 -3 -5 9 -7 8 -1 -4 13 -12 -2 -9
right_child=1 2 5 4 -6 6 -8 10 -10 -11 11 -13 -14 -15
leaf_value=-0.015106020090487289 0.0018726897757258276 -0.016785889278601508 0.00078437473991832378 -0.00046546880676542407 -0.0080480532319051265 -0.0029665631973701881 0.00032779459682242385 -0.0016448557806986001 -0.0035990568449890147 0.0031373960377370038 -0.009344894662354216 0.0014310463533229515 0.0068608790240991639 0.0020139424165354996
leaf_weight=23.54150003194809 175.90342864394188 24.768500208854675 924.61434058845043 1092.8556235581636 99.444163516163826 642.14740934967995 4435.4528752565384 146.81774809956551 58.856500253081322 497.7895995080471 42.249999791383743 26.215499758720398 65.919000178575516 127.24160589277744
leaf_count=35 149 31 757 1078 153 653 4182 159 87 409 54 26 50 126
internal_value=-6.99796e-06 0.000110248 1.12922e-05 -0.00143677 -0.00110411 0.000282608 -8.93341e-05 -0.00219814 -0.00702836 0.00160947 -0.0010191 -0.00525757 0.00325509 5.50148e-05
internal_weight=8383.82 7958.89 7717.07 1217.07 1192.3 6500 5077.6 424.923 82.398 1422.4 342.525 68.4655 241.822 274.059
internal_count=7949 7462 7263 1262 1231 6001 4835 487 122 1166 365 80 199 285
is_linear=0
shrinkage=0.04


Tree=66
num_leaves=15
num_cat=0
split_feature=9 8 30 7 5 16 39 31 29 6 3 5 27 12
split_gain=1.34794 2.18075 1.94739 5.18649 4.86609 2.37652 2.33067 2.74478 1.77691 1.3069 2.42678 1.85187 1.65569 0.924136
threshold=1.0000000180025095e-35 2.5000000000000004 5995.0000000000009 6.5000000000000009 24.500000000000004 55.000000000000007 1.0000000180025095e-35 6189.5000000000009 1.0000000180025095e-35 7.5000000000000009 2.5000000000000004 12.500000000000002 1.0000000180025095e-35 1.0000000180025095e-35
decision_type=2 2 2 2 2 2 2 2 2 2 2 2 2 2
left_child=-1 2 6 5 -5 -4 7 -2 -8 10 12 -12 -3 -11
right_child=1 9 3 4 -6 -7 8 -9 -10 13 11 -13 -14 -15
leaf_value=0.0014894657962222606 -0.0014659360440886561 -0.0016417143364879478 -0.0072099801167761013 0.0015438998988099764 -0.017425377421011554 0.0017899338717808375 0.0023433640865941304 -0.0096647204409425775 -0.0027690185882047196 0.00065913720767906444 0.0033138682947483778 -0.00084844531156853982 -0.010952751318259823 -0.0017498946233539285
leaf_weight=862.94441644847393 376.65579138696194 63.162250086665154 65.899374946951866 30.6610357016325 71.2894287109375 156.49403476715088 403.78093309700489 78.180464491248131 147.8191998898983 4113.8336229920387 192.17349927127361 1491.3136722296476 58.958999872207642 270.65107074379921
leaf_count=892 410 83 72 34 106 158 390 97 175 3563 170 1461 80 258
internal_value=-6.91618e-06 -0.000178786 -0.00164715 -0.00433765 -0.0117609 -0.000897248 -0.000776635 -0.00289331 0.000970803 0.000137105 -0.000768317 -0.000371623 -0.00618944 0.000510064
internal_weight=8383.82 7520.87 1330.78 324.344 101.95 222.393 1006.44 454.836 551.6 6190.09 1805.61 1683.49 122.121 4384.48
internal_count=7949 7057 1442 370 140 230 1072 507 565 5615 1794 1631 163 3821
is_linear=0
shrinkage=0.04


Tree=67
num_leaves=15
num_cat=0
split_feature=22 1 14 0 5 38 30 25 14 5 2 4 16 17
split_gain=1.29549 2.30354 3.55735 2.22475 2.00344 1.28525 2.01793 3.32259 1.95337 1.763 10.3206 9.77247 3.02349 3.73322
threshold=390.00000000000006 1.0000000180025095e-35 1265.0000000000002 10.500000000000002 30.500000000000004 1.0000000180025095e-35 294.00000000000006 1.0000000180025095e-35 1.0000000180025095e-35 25.500000000000004 4.5000000000000009 18.500000000000004 85.000000000000014 75.000000000000014
decision_type=2 2 2 2 2 2 2 2 2 2 2 2 2 2
left_child=5 3 4 -2 -3 9 7 8 -7 10 -1 -12 13 -11
right_child=1 2 -4 -5 -6 6 -8 -9 -10 12 11 -13 -14 -15
leaf_value=0.00098816503983234472 0.0039221107120009958 -0.0051953297160039422 0.0026058674578512651 -0.0059974857829899935 -0.016172063274218402 -0.003803921781464643 0.00065140267810202617 -0.00012698353690310685 -0.02029388180233312 -0.00012975667866676829 -0.018319477426436609 -0.0029356558419742955 0.0016553227832846928 -0.0054591632534499524
leaf_weight=596.98735374212265 115.76374942064285 64.521268099546432 53.802369683980942 51.42964294552803 46.112250491976738 21.834899932146072 4712.2469957619905 109.63524992763996 24.663428828120232 989.56570409238338 99.051385670900345 195.96064254641533 1036.1662469506264 266.07660654187202
leaf_count=573 99 87 48 74 69 25 4237 91 38 1029 141 225 926 287
internal_value=-6.84269e-06 -0.00245314 -0.00579982 0.00085327 -0.00987434 9.42e-05 0.000502836 -0.00395664 -0.0127936 -0.00053061 -0.00203829 -0.00814527 5.68288e-05 -0.00126253
internal_weight=8383.82 331.629 164.436 167.193 110.634 8052.19 4868.38 156.134 46.4983 3183.81 891.999 295.012 2291.81 1255.64
internal_count=7949 377 204 173 156 7572 4391 154 63 3181 939 366 2242 1316
is_linear=0
shrinkage=0.04


Tree=68
num_leaves=15
num_cat=0
split_feature=26 9 16 30 30 6 4 6 31 20 38 27 6 38
split_gain=1.28208 1.36318 2.29244 3.64631 5.18395 2.22807 1.52982 2.83884 1.10017 0.931131 0.822885 1.45703 0.535327 0.429471
threshold=2.5000000000000004 1.0000000180025095e-35 85.000000000000014 6932.5000000000009 7088.0000000000009 4.5000000000000009 21.500000000000004 13.500000000000002 5905.0000000000009 675.00000000000011 1.5000000000000002 1.0000000180025095e-35 13.500000000000002 1.0000000180025095e-35
decision_type=2 2 2 2 2 2 2 2 2 2 2 2 2 2
left_child=1 9 3 5 -5 -3 7 -4 -8 10 -1 -12 13 -2
right_child=12 2 6 4 -6 -7 8 -9 -10 -11 11 -13 -14 -15
leaf_value=0.0013457356848919197 0.0049209537668304442 -0.0039969893995569694 -0.0018968414454600458 -0.015119399691937312 -0.0027648685028447968 -9.3505192761891728e-05 0.0017106339849876635 0.00078537269409768547 -0.00050902878584133387 0.0046805190484553215 -0.0097266588932366175 0.0012305924846067171 -0.00071549486171442963 0.0018631724474855148
leaf_weight=634.00772249698639 104.88357079029083 264.552570104599 1111.4451901614666 62.212500050663948 392.97371290624142 1967.0944787114859 1370.605011716485 1459.0150651633739 482.59540462493896 118.16999886929989 30.160445183515549 51.016250044107437 86.793750047683716 248.29212376475334
leaf_count=676 89 310 1110 88 411 1915 1200 1241 448 108 39 42 68 204
internal_value=-6.8963e-06 -0.000123417 -0.00030286 -0.0012242 -0.00448286 -0.00055783 0.000256895 -0.000374681 0.00113264 0.00140618 0.000859382 -0.00290929 0.00209245 0.00278258
internal_weight=8383.82 7943.85 7110.49 2686.83 455.186 2231.65 4423.66 2570.46 1853.2 833.354 715.184 81.1767 439.969 353.176
internal_count=7949 7588 6723 2724 499 2225 3999 2351 1648 865 757 81 361 293
is_linear=0
shrinkage=0.04


Tree=69
num_leaves=15
num_cat=0
split_feature=5 3 30 27 20 2 5 4 30 3 2 9 14 20
split_gain=1.20491 1.91095 3.34021 2.52481 2.43296 1.62989 3.59469 12.1694 2.34768 1.12513 1.1911 1.01235 1.03527 0.817165
threshold=4.5000000000000009 3.5000000000000004 294.00000000000006 2.5000000000000004 709.50000000000011 4.5000000000000009 27.500000000000004 13.500000000000002 215.50000000000003 1.5000000000000002 2.5000000000000004 3.5000000000000004 1261.5000000000002 647.50000000000011
decision_type=2 2 2 2 2 2 2 2 2 2 2 2 2 2
left_child=9 2 -2 4 -4 11 7 -7 -8 -1 -11 12 -3 -13
right_child=1 5 3 -5 -6 6 8 -9 -10 10 -12 13 -14 -15
leaf_value=-0.0028522133740432149 -0.015716201342413586 0.0018996616261594274 0.00045869496836820826 -0.012384191952131631 -0.0030480000282009727 -0.017185087203953887 -0.0054299725303362748 -0.00085300557109296599 0.00039775823890232805 0.0019682900062237582 0.0084759038057495312 0.0014792007795199347 -0.00077578412929069616 0.0045887928579533624
leaf_weight=48.666250318288803 24.768500208854675 449.09373046457767 810.34240938723087 30.422000050544739 518.27962623536587 82.363374933600426 112.42422136664391 588.06153430044651 4445.7807598412037 160.09374988079071 62.106428384780884 358.26606741547585 475.44838114082813 217.70076070725918
leaf_count=54 31 374 770 42 623 114 126 574 4188 126 51 292 407 177
internal_value=-6.70768e-06 -9.44727e-05 -0.00144765 -0.00117624 -0.000910489 0.000183975 -0.000149576 -0.00288205 0.000252863 0.0026127 0.00381704 0.00134558 0.000524454 0.00266046
internal_weight=8383.82 8112.95 1383.81 1359.04 1328.62 6729.14 5228.63 670.425 4558.2 270.866 222.2 1500.51 924.542 575.967
internal_count=7949 7718 1466 1435 1393 6252 5002 688 4314 231 177 1250 781 469
is_linear=0
shrinkage=0.04


Tree=70
num_leaves=15
num_cat=0
split_feature=43 4 7 5 20 20 16 9 2 3 38 1 14 21
split_gain=1.20979 1.74126 3.51121 1.81382 1.74736 2.75161 1.41959 2.09731 4.60984 1.36962 1.43071 1.26963 1.23037 0.95692
threshold=9.5000000000000018 10.500000000000002 7.5000000000000009 12.500000000000002 540.00000000000011 646.50000000000011 45.000000000000007 3.5000000000000004 4.5000000000000009 1.5000000000000002 1.5000000000000002 1.0000000180025095e-35 1263.0000000000002 295.00000000000006
decision_type=2 2 2 2 2 2 2 2 2 2 2 2 2 2
left_child=1 2 9 -3 11 -6 7 -2 -9 10 -1 -5 -11 -4
right_child=6 3 13 4 5 -7 -8 8 -10 12 -12 -13 -14 -15
leaf_value=-0.012174950824335484 0.0015751809568728924 0.0025376485345508992 -0.0059385643616168739 -0.00063836637666941681 -0.0092495413170297289 -0.00097635843598911306 0.00086771689865028151 0.0017611092191066003 -0.018255251152541445 0.0016484735013039672 -0.00025238564832351948 0.0011112317500643662 -0.0025762272905694361 -0.013971605025805365
leaf_weight=31.0026785582304 73.81250011920929 386.84949736297131 120.83258581161499 1198.9975107908249 65.86799992620945 1705.3966695070267 2715.8799056410789 37.665568292140961 34.712125241756439 289.94399890303612 32.502999797463417 1483.8590051531792 176.64174942672253 29.853000104427338
leaf_count=44 60 343 160 1186 71 1792 2287 26 44 268 33 1398 192 45
internal_value=-6.62531e-06 -0.000352549 -0.00224516 -8.59863e-05 -0.000314373 -0.00128906 0.00066065 -0.00316595 -0.00795664 -0.0007082 -0.00617134 0.000329371 4.69816e-05 -0.00761164
internal_weight=8383.82 5521.75 680.777 4840.97 4454.12 1771.26 2862.07 146.19 72.3777 530.091 63.5057 2682.86 466.586 150.686
internal_count=7949 5532 742 4790 4447 1863 2417 130 70 537 77 2584 460 205
is_linear=0
shrinkage=0.04


Tree=71
num_leaves=15
num_cat=0
split_feature=26 9 16 30 30 6 4 6 31 8 6 38 39 40
split_gain=1.16583 1.22802 2.04752 3.29746 4.61258 1.98748 1.3758 2.5464 1.00088 0.880277 0.507329 0.402303 0.336117 1.07973
threshold=2.5000000000000004 1.0000000180025095e-35 85.000000000000014 6932.5000000000009 7088.0000000000009 4.5000000000000009 21.500000000000004 13.500000000000002 5905.0000000000009 1.0000000180025095e-35 13.500000000000002 1.0000000180025095e-35 1.0000000180025095e-35 1.0000000180025095e-35
decision_type=2 2 2 2 2 2 2 2 2 2 2 2 2 2
left_child=1 9 3 5 -5 -3 7 -4 -8 12 11 -2 13 -1
right_child=10 2 6 4 -6 -7 8 -9 -10 -11 -12 -13 -14 -15
leaf_value=0.0022600297509048168 0.0047366353455693937 -0.0037732633915080801 -0.0017996065773880265 -0.014290991063409966 -0.0026369981640013839 -8.6552411775296106e-05 0.0016227517720063065 0.00074070434325900023 -0.0004943712943978832 0.0025951063586304264 -0.00073786880010833639 0.0017774673455914756 -0.00232650218232276 -0.0025449020298515704
leaf_weight=210.92673452198505 104.88357079029083 264.552570104599 1111.4451901614666 62.212500050663948 392.97371290624142 1967.0944787114859 1370.605011716485 1459.0150651633739 482.59540462493896 428.62409295141697 86.793750047683716 248.29212376475334 79.102584958076477 114.70100416243076
leaf_count=218 89 310 1110 88 411 1915 1200 1241 448 386 68 204 109 152
internal_value=-6.62044e-06 -0.000117733 -0.000288047 -0.00115878 -0.00425764 -0.000525091 0.000240962 -0.000357977 0.00107146 0.00133405 0.00199529 0.00266715 -4.54941e-06 0.000564903
internal_weight=8383.82 7943.85 7110.49 2686.83 455.186 2231.65 4423.66 2570.46 1853.2 833.354 439.969 353.176 404.73 325.628
internal_count=7949 7588 6723 2724 499 2225 3999 2351 1648 865 361 293 479 370
is_linear=0
shrinkage=0.04


Tree=72
num_leaves=15
num_cat=0
split_feature=5 3 30 7 27 20 20 7 30 22 3 2 7 5
split_gain=1.10866 1.7064 3.13237 3.28371 2.37805 2.23383 1.52323 1.85902 2.73748 1.48569 0.981364 1.11977 0.776608 2.08364
threshold=4.5000000000000009 3.5000000000000004 850.50000000000011 4.5000000000000009 2.5000000000000004 709.50000000000011 931.50000000000011 4.5000000000000009 5573.5000000000009 305.00000000000006 1.5000000000000002 2.5000000000000004 3.5000000000000004 40.500000000000007
decision_type=2 2 2 2 2 2 2 2 2 2 2 2 2 2
left_child=10 2 3 -2 5 -4 7 9 -9 -3 -1 -12 13 -8
right_child=1 6 4 -5 -6 -7 12 8 -10 -11 11 -13 -14 -15
leaf_value=-0.002598431978026219 -0.00021498987219666289 0.0012029302901732427 0.00064740937234246778 -0.01903987855455317 -0.011838439930884107 -0.002746007545560088 -0.0066101096180389788 0.00021138258046898544 -0.002059791688914933 -0.0022493729876012667 0.0018388463474116221 0.0081477147363979673 0.0040628217233854413 0.0051348027084678598
leaf_weight=48.666250318288803 27.614249989390373 2247.4582001715899 780.89340937137604 31.071750193834305 30.422000050544739 513.8111262768507 43.373625084757805 2696.7472755908966 1238.2497835159302 217.94325040280819 160.09374988079071 62.106428384780884 233.28919559717178 52.077499806880951
leaf_count=54 23 1921 740 45 42 616 49 2511 1302 217 126 51 208 44
internal_value=-6.42699e-06 -9.06136e-05 -0.00136932 -0.010334 -0.000964808 -0.000700368 0.00017251 3.59162e-05 -0.000503644 0.000896956 0.00250618 0.00363082 0.00282375 -0.000215363
internal_weight=8383.82 8112.95 1383.81 58.686 1325.13 1294.7 6729.14 6400.4 3935 2465.4 270.866 222.2 328.74 95.4511
internal_count=7949 7718 1466 68 1398 1356 6252 5951 3813 2138 231 177 301 93
is_linear=0
shrinkage=0.04


Tree=73
num_leaves=15
num_cat=0
split_feature=43 4 7 5 20 20 16 9 2 3 11 14 1 4
split_gain=1.07446 1.52785 3.05513 1.71142 1.54775 2.51511 1.28831 1.90309 4.20157 1.23309 1.3312 1.13876 1.13597 0.926454
threshold=9.5000000000000018 10.500000000000002 7.5000000000000009 12.500000000000002 540.00000000000011 646.50000000000011 45.000000000000007 3.5000000000000004 4.5000000000000009 1.5000000000000002 1.0000000180025095e-35 1263.0000000000002 1.0000000180025095e-35 5.5000000000000009
decision_type=2 2 2 2 2 2 2 2 2 2 2 2 2 2
left_child=1 2 9 -3 12 -6 7 -2 -9 10 -1 -11 -5 -4
right_child=6 3 13 4 5 -7 -8 8 -10 11 -12 -13 -14 -15
leaf_value=-0.00031483536905992635 0.0014935291515098812 0.0024658979949265273 -0.0043528769717582697 -0.0006139628063500409 -0.0088324528252669288 -0.00092281901068865543 0.00081981350246172107 0.0016909466799375861 -0.017418303915023196 0.0015858220287648483 -0.011825356992902826 -0.0024785442513717104 0.0010409784555437309 -0.010766146603916529
leaf_weight=33.484749868512154 73.81250011920929 386.84949736297131 87.130285799503326 1198.9975107908249 65.86799992620945 1705.3966695070267 2715.8799056410789 37.665568292140961 34.712125241756439 289.94399890303612 30.020928487181664 176.64174942672253 1483.8590051531792 63.555300116539001
leaf_count=39 60 343 120 1186 71 1792 2287 26 44 268 38 192 1398 85
internal_value=-6.29448e-06 -0.000332296 -0.00210513 -8.26015e-05 -0.000304448 -0.00122177 0.000622551 -0.00302281 -0.00758627 -0.000671444 -0.00585515 4.51093e-05 0.000301414 -0.00711097
internal_weight=8383.82 5521.75 680.777 4840.97 4454.12 1771.26 2862.07 146.19 72.3777 530.091 63.5057 466.586 2682.86 150.686
internal_count=7949 5532 742 4790 4447 1863 2417 130 70 537 77 460 2584 205
is_linear=0
shrinkage=0.04


Tree=74
num_leaves=15
num_cat=0
split_feature=26 10 3 7 30 33 31 6 6 5 27 7 5 34
split_gain=1.05455 1.20399 2.49166 1.80567 5.70033 2.65145 1.52948 1.57449 1.1136 1.13858 2.297 0.971061 0.917789 0.759364
threshold=2.5000000000000004 1.0000000180025095e-35 2.5000000000000004 6.5000000000000009 6515.5000000000009 2.5000000000000004 1349.0000000000002 9.5000000000000018 5.5000000000000009 31.500000000000004 1.0000000180025095e-35 5.5000000000000009 4.5000000000000009 1.0000000180025095e-35
decision_type=2 2 2 2 2 2 2 2 2 2 2 2 2 2
left_child=1 8 6 5 -5 -4 -3 -8 9 10 -1 -11 -10 -14
right_child=-2 2 3 4 -6 -7 7 -9 12 11 -12 -13 13 -15
leaf_value=-0.00082025369104343922 0.0018976946420624988 0.00095650300612525985 0.00041076824971825329 -0.00017351825831732939 -0.009296288312773196 -0.0078095617146778937 -0.0098287365207650433 -0.0025630271488013851 0.0035610901438008374 -0.0011615630031369933 -0.0081802396774620784 0.0023606801554094991 -1.322341697467696e-05 0.0011282256740149568
leaf_weight=250.41574990749359 439.96944460272789 61.252356827259064 2050.5268018692732 468.30407716333866 142.08445477485657 63.762650012969971 97.45184999704361 94.453035667538643 154.54875028133392 340.88002049922943 92.196999490261078 196.63392616808414 2412.1320204287767 1519.2056569457054
leaf_count=276 361 60 1861 457 157 69 143 90 129 336 108 196 2321 1385
internal_value=-6.27372e-06 -0.00011195 -0.000747747 -0.00039427 -0.00230882 0.000159285 -0.00453562 -0.00628448 0.000269374 -0.00102047 -0.00281887 0.000128939 0.000547397 0.000428047
internal_weight=8383.82 7943.85 2977.84 2724.68 610.389 2114.29 253.157 191.905 4966.01 880.127 342.613 537.514 4085.89 3931.34
internal_count=7949 7588 2837 2544 614 1930 293 233 4751 916 384 532 3835 3706
is_linear=0
shrinkage=0.04


Tree=75
num_leaves=15
num_cat=0
split_feature=8 9 30 14 30 19 10 22 24 22 29 5 9 2
split_gain=1.02913 2.24875 4.93864 5.73017 3.55388 2.05118 2.02274 2.23988 2.65656 2.50039 1.82553 1.79854 2.59724 4.41296
threshold=3.5000000000000004 4.5000000000000009 6098.5000000000009 1.0000000180025095e-35 872.00000000000011 1.0000000180025095e-35 1.0000000180025095e-35 75.000000000000014 1.0000000180025095e-35 305.00000000000006 1.5000000000000002 35.500000000000007 4.5000000000000009 4.5000000000000009
decision_type=2 2 2 2 2 2 2 2 2 2 2 2 2 2
left_child=1 6 4 -4 10 -5 -1 8 -8 -9 -3 12 13 -2
right_child=11 2 3 5 -6 -7 7 9 -10 -11 -12 -13 -14 -15
leaf_value=0.00066454906056141619 0.00057729041650580613 -0.0034435283826311498 -0.018127575669538452 0.0030414178871592135 0.00030163260815121686 -0.0094578629759455544 -0.0022828263286126401 0.0009570974864172233 -0.011191140331669791 -0.0046439727033714658 -0.019311991577314395 0.0015928535983138169 0.0015140622018770678 -0.0030831950559152316
leaf_weight=2090.3080113381147 1296.2448378950357 24.539250046014786 62.55150018632412 49.417499586939812 467.188391238451 35.100071370601654 217.78669615089893 557.43742507696152 70.368166863918304 164.26579256355762 21.943500071763992 1395.432330802083 1044.6164221763611 886.61789926886559
leaf_count=2120 1121 28 90 43 458 41 215 540 78 188 35 1208 891 893
internal_value=-6.16366e-06 -0.000497437 -0.00261422 -0.00905066 -0.000757394 -0.00219942 -4.55884e-05 -0.00151471 -0.00448944 -0.000322416 -0.0111836 0.000393526 -0.000125348 -0.000910228
internal_weight=8383.82 3760.91 660.74 147.069 513.671 84.5176 3100.17 1009.86 288.155 721.703 46.4828 4622.91 3227.48 2182.86
internal_count=7949 3836 695 174 521 84 3141 1021 293 728 63 4113 2905 2014
is_linear=0
shrinkage=0.04


Tree=76
num_leaves=15
num_cat=0
split_feature=9 8 24 22 9 31 5 21 5 9 3 30 22 25
split_gain=0.972177 1.71271 1.81822 4.04152 3.75708 2.0839 1.01686 1.72001 1.60943 3.67915 1.47878 1.0561 0.999242 1.37681
threshold=1.0000000180025095e-35 2.5000000000000004 1.5000000000000002 305.00000000000006 3.5000000000000004 2635.0000000000005 10.500000000000002 215.00000000000003 15.500000000000002 3.5000000000000004 1.5000000000000002 4763.5000000000009 315.00000000000006 1.5000000000000002
decision_type=2 2 2 2 2 2 2 2 2 2 2 2 2 2
left_child=-1 2 3 5 -5 -2 7 11 9 -8 -10 -3 -4 -14
right_child=1 6 12 4 -6 -7 8 -9 10 -11 -12 -13 13 -15
leaf_value=0.0012645919726882533 0.00063491277022398849 0.00093807649069758134 0.0045589286371534258 -0.022480153992875646 -0.0026104234704801932 -0.0029694549226907388 -0.0094451006850621542 -0.0050194873246363981 0.006735240122603129 -0.0003760788643012713 6.6016265640604822e-05 0.0043180660843759487 -0.0044419097033977254 0.0055102578270564851
leaf_weight=862.94441644847393 431.08884045481682 410.92688885331154 110.7374991774559 28.146750181913376 32.507625073194504 632.15418429672718 92.491050079464912 57.312250167131424 52.76299974322319 305.67103442549706 5040.1666784286499 230.76221349835396 63.049000144004822 33.096363663673401
leaf_count=892 454 354 108 41 36 696 116 79 44 283 4552 187 78 29
internal_value=-6.21714e-06 -0.000152178 -0.00145346 -0.00208773 -0.0120461 -0.00150885 0.000127769 0.00156355 -5.52538e-05 -0.00250115 0.000136418 0.00215841 0.00198565 -0.000994593
internal_weight=8383.82 7520.87 1330.78 1123.9 60.6544 1063.24 6190.09 699.001 5491.09 398.162 5092.93 641.689 206.883 96.1454
internal_count=7949 7057 1442 1227 77 1150 5615 620 4995 399 4596 541 215 107
is_linear=0
shrinkage=0.04


Tree=77
num_leaves=15
num_cat=0
split_feature=26 44 16 21 7 33 16 30 30 22 6 38 4 7
split_gain=0.949184 1.1366 1.10777 1.74342 6.00025 1.83823 1.10988 1.15832 0.887319 0.693555 0.480278 0.380618 0.240758 0.236289
threshold=2.5000000000000004 3.5000000000000004 85.000000000000014 295.00000000000006 5.5000000000000009 2.5000000000000004 125.00000000000001 1547.0000000000002 2878.0000000000005 195.00000000000003 13.500000000000002 1.0000000180025095e-35 21.500000000000004 7.5000000000000009
decision_type=2 2 2 2 2 2 2 2 2 2 2 2 2 2
left_child=1 2 3 5 -5 -1 9 -8 -3 -4 11 13 -10 -2
right_child=10 8 6 4 -6 -7 7 -9 12 -11 -12 -13 -14 -15
leaf_value=-1.4562445553629397e-06 0.0029961042436508741 0.00041785645293910086 0.0010415104946691828 -0.00691264435600917 0.0014686226303250445 -0.0054687350292144665 0.0014979017316403202 -0.00014656685689118051 -0.0097500007411766652 0.0049625507847861983 -0.00085779730048196666 0.0015895833236462265 -0.0044634953635257369 0.0070302757067831484
leaf_weight=2709.7241757810116 68.039999544620514 38.4742551445961 169.01574990153313 268.86525036394596 276.31749831140041 101.10339976847172 861.73514081537724 3331.9954559355974 31.408834517002106 125.8850000500679 86.793750047683716 248.29212376475334 29.323589444160461 36.843571245670319
leaf_count=2748 57 37 134 320 276 107 756 3040 34 109 68 204 27 32
internal_value=-6.07969e-06 -0.000106338 -5.22582e-05 -0.000601884 -0.00266982 -0.000199985 0.000358723 0.000191618 -0.00433944 0.00272641 0.00180027 0.00245407 -0.00731116 0.00446624
internal_weight=8383.82 7943.85 7844.64 3356.01 545.183 2810.83 4488.63 4193.73 99.2067 294.901 439.969 353.176 60.7324 104.884
internal_count=7949 7588 7490 3451 596 2855 4039 3796 98 243 361 293 61 89
is_linear=0
shrinkage=0.04


Tree=78
num_leaves=15
num_cat=0
split_feature=43 3 6 20 22 2 5 4 30 9 21 20 30 20
split_gain=0.925291 1.23039 2.46941 3.73729 2.92206 2.12104 3.79506 8.39463 2.04263 1.26412 2.42165 1.76917 1.2271 0.967459
threshold=23.500000000000004 2.5000000000000004 13.500000000000002 276.00000000000006 125.00000000000001 4.5000000000000009 27.500000000000004 18.500000000000004 215.50000000000003 2.5000000000000004 295.00000000000006 540.00000000000011 1364.5000000000002 1.0000000180025095e-35
decision_type=2 2 2 2 2 2 2 2 2 2 2 2 2 2
left_child=1 2 3 13 -5 9 7 -7 -8 10 -3 -11 -4 -1
right_child=-2 5 12 4 -6 6 8 -9 -10 11 -12 -13 -14 -15
leaf_value=-0.001727712437193841 0.0017138523193510049 0.00090647213999337341 -0.0060249317528822078 -0.019301463759510189 -0.0049924874602314739 -0.0099265307558939839 -0.0052000724599210423 -0.00040166704166818271 0.00023601670095231624 0.00067036289670076093 -0.0058810779094829327 0.0038450753774723081 0.0021441991726309224 0.003291994091799982
leaf_weight=142.35666206479073 471.39148277044296 521.33534155786037 31.898249953985214 24.184499889612198 267.40438614785671 201.60302501916885 112.42422136664391 550.15503436326981 4433.7792596668005 644.50988754630089 99.242964282631874 497.48072388768196 279.53230690956116 106.51974920928478
leaf_count=177 369 454 34 35 362 243 126 547 4203 526 106 420 244 103
internal_value=-5.86797e-06 -0.000108526 -0.00154359 -0.00317625 -0.00624119 6.48173e-05 -0.000335096 -0.00296579 0.000100472 0.00126639 -0.000186709 0.0020555 0.00129087 0.000425311
internal_weight=8383.82 7912.43 851.896 540.465 291.589 7060.53 5297.96 751.758 4546.2 1762.57 620.578 1141.99 311.431 248.876
internal_count=7949 7580 955 677 397 6625 5119 790 4329 1506 560 946 278 280
is_linear=0
shrinkage=0.04


Tree=79
num_leaves=15
num_cat=0
split_feature=8 9 30 14 30 20 10 29 7 3 29 21 1 5
split_gain=0.908428 2.09047 4.52517 5.953 3.09988 1.90853 1.78865 2.04511 2.91271 1.78846 1.67297 1.64578 2.16046 1.63301
threshold=3.5000000000000004 4.5000000000000009 6515.5000000000009 1.0000000180025095e-35 872.00000000000011 741.50000000000011 1.0000000180025095e-35 1.0000000180025095e-35 6.5000000000000009 3.5000000000000004 1.5000000000000002 315.00000000000006 1.0000000180025095e-35 35.500000000000007
decision_type=2 2 2 2 2 2 2 2 2 2 2 2 2 2
left_child=1 6 4 -4 10 -6 11 9 -9 -8 -3 -1 -13 -2
right_child=13 2 3 -5 5 -7 7 8 -10 -11 -12 12 -14 -15
leaf_value=0.0009608937019566175 -0.00012472667620897447 -0.0032229238834421965 -0.019438706580894378 -0.0019955707018090079 0.0015345347007485496 -0.0042231936302150252 -0.0062440931904543988 -0.0015463833549150263 -0.0097024539676545379 0.00055670704988214392 -0.018409460703990018 0.0022886371010054436 -0.0070770237321561482 0.0015124991361606488
leaf_weight=1929.181404709816 3227.4791593402624 24.539250046014786 52.495500147342682 76.093999564647675 363.39399833977222 122.27396433055401 67.905678525567055 238.50098839402199 98.491796553134918 604.95961718261242 21.943500071763992 66.256999582052231 94.869607046246529 1395.432330802083
leaf_count=1944 2905 28 77 73 330 152 82 249 124 566 35 64 112 1208
internal_value=-5.82715e-06 -0.000467392 -0.00250832 -0.00921162 -0.00087428 7.92438e-05 -3.17403e-05 -0.00141324 -0.00395179 -0.000137878 -0.0106289 0.00063604 -0.0032354 0.000369692
internal_weight=8383.82 3760.91 660.74 128.589 532.151 485.668 3100.17 1009.86 336.993 672.865 46.4828 2090.31 161.127 4622.91
internal_count=7949 3836 695 150 545 482 3141 1021 373 648 63 2120 176 4113
is_linear=0
shrinkage=0.04


Tree=80
num_leaves=15
num_cat=0
split_feature=43 4 6 3 2 24 5 5 3 16 9 30 44 5
split_gain=0.880231 1.26624 2.26315 1.70669 3.37076 1.78718 1.53198 2.04091 2.7031 1.15989 1.84461 1.15806 0.711567 0.679088
threshold=9.5000000000000018 8.5000000000000018 13.500000000000002 2.5000000000000004 3.5000000000000004 2.5000000000000004 12.500000000000002 15.500000000000002 4.5000000000000009 45.000000000000007 4.5000000000000009 169.00000000000003 5.5000000000000009 4.5000000000000009
decision_type=2 2 2 2 2 2 2 2 2 2 2 2 2 2
left_child=1 2 3 5 -5 -1 -3 8 -8 10 -2 -9 13 -11
right_child=9 6 -4 4 -6 -7 7 11 -10 12 -12 -13 -14 -15
leaf_value=-0.011094848322556873 0.00049580741396344655 0.0022429934747181493 0.0012018747417280205 0.0014117202088673483 -0.0096215679894844901 -0.00089545836217691706 -0.0090969639987548822 -0.0046616904652694701 0.004692457574127523 0.0040516636897656513 -0.0087992933213188549 -8.2367630287252219e-05 -0.0034276476988615752 0.00072226649174547718
leaf_weight=84.976678460836411 93.43312531709671 408.0809973180294 201.03793448209763 145.97490021586418 62.483000114560127 40.681000053882599 86.187249943614006 89.181757107377052 30.064999938011169 101.00400066375732 52.757068336009979 4373.0791777074337 62.730121433734894 2552.1457835435867
leaf_count=120 80 365 186 138 85 62 113 102 23 80 50 4338 62 2145
internal_value=-5.90479e-06 -0.000300973 -0.00214811 -0.00416137 -0.00192554 -0.00782599 -0.000102351 -0.000311834 -0.00552116 0.000563273 -0.0028956 -0.000174913 0.000750454 0.000850494
internal_weight=8383.82 5521.75 535.154 334.116 208.458 125.658 4986.59 4578.51 116.252 2862.07 146.19 4462.26 2715.88 2653.15
internal_count=7949 5532 591 405 223 182 4941 4576 136 2417 130 4440 2287 2225
is_linear=0
shrinkage=0.04


Tree=81
num_leaves=15
num_cat=0
split_feature=26 31 10 7 22 21 31 9 2 33 31 1 20 6
split_gain=0.857838 1.0289 1.56246 2.71472 4.18911 2.5353 1.12573 1.01946 1.19362 0.648115 1.59581 0.76432 0.487527 0.455179
threshold=2.5000000000000004 5896.5000000000009 1.0000000180025095e-35 4.5000000000000009 75.000000000000014 295.00000000000006 5707.0000000000009 1.0000000180025095e-35 3.5000000000000004 1.0000000180025095e-35 7316.0000000000009 1.0000000180025095e-35 742.50000000000011 13.500000000000002
decision_type=2 2 2 2 2 2 2 2 2 2 2 2 2 2
left_child=1 6 9 5 -5 -4 7 -1 -9 10 -3 -11 -8 -2
right_child=13 2 3 4 -6 -7 12 8 -10 11 -12 -13 -14 -15
leaf_value=0.002359220266655001 0.0023479261462042524 -0.0034887706016345998 0.0013232636320143238 -0.011052036485418597 -0.0020854045116933495 -0.008958692465251673 0.0013848438028617909 0.001057977818035499 -0.00038575250772153398 -0.00073245681718933826 0.00042041809765517663 0.0016538945514680886 0.0056130336356225432 -0.00087592844211876217
leaf_weight=300.39962919056416 353.17569455504417 253.73464196920395 358.73603120446205 109.84911449253559 338.98777428269386 41.952500134706497 95.593606978654861 1207.8460976481438 3784.4607635736465 362.65242753922939 485.03859931230545 523.92841406166553 80.668749645352364 86.793750047683716
leaf_count=269 293 276 309 117 350 52 83 1047 3634 365 534 477 75 68
internal_value=-5.82536e-06 -0.000101137 -0.000777682 -0.00216677 -0.0042996 0.00022711 0.000205106 0.000100072 -3.63123e-05 -5.07606e-05 -0.00092511 0.000678041 0.00334068 0.00171141
internal_weight=8383.82 7943.85 2474.88 849.525 448.837 400.689 5468.97 5292.71 4992.31 1625.35 738.773 886.581 176.262 439.969
internal_count=7949 7588 2480 828 467 361 5108 4950 4681 1652 810 842 158 361
is_linear=0
shrinkage=0.04


Tree=82
num_leaves=15
num_cat=0
split_feature=7 7 16 21 9 16 30 30 5 14 22 30 5 16
split_gain=0.824251 1.70559 3.46501 4.63331 3.83373 3.39791 2.6151 5.52277 5.47945 2.484 2.83058 2.27318 2.00287 1.92515
threshold=4.5000000000000009 5.5000000000000009 85.000000000000014 295.00000000000006 2.5000000000000004 65.000000000000014 6515.5000000000009 7734.5000000000009 36.500000000000007 1245.5000000000002 155.00000000000003 169.00000000000003 33.500000000000007 45.000000000000007
decision_type=2 2 2 2 2 2 2 2 2 2 2 2 2 2
left_child=-1 2 3 4 -2 -5 11 8 -8 -4 -11 -3 -13 -9
right_child=1 6 9 5 -6 -7 7 13 -10 10 -12 12 -14 -15
leaf_value=0.00051703633118126353 0.0013842314734141031 -0.0078692257791708586 0.0017263216594717993 -0.0043216495700960506 -0.0066541803136392994 -0.020380813999923881 -0.0033792647226573514 -0.0011470544362823436 -0.016711845589559644 -0.0086633195808387305 0.00023696891894083288 -1.7479311821852356e-05 0.0020754904931089085 0.003636224648791795
leaf_weight=3062.6830025613308 199.66765388846397 48.541642904281616 486.6355262696743 41.190499886870384 179.48339301347733 43.688143134117126 356.40687590837479 317.14132522046566 56.423499926924706 92.897749707102776 146.04498820006847 1951.1805429756641 1169.3402737081051 232.49267733097076
leaf_count=2693 196 58 425 51 190 67 389 402 73 96 138 1890 1075 206
internal_value=-5.64681e-06 -0.000306528 -0.00164044 -0.00433588 -0.0024285 -0.0127286 7.78541e-05 -0.00174715 -0.00523747 8.69757e-05 -0.00324503 0.000632496 0.000767225 0.00087918
internal_weight=8383.82 5321.13 1189.61 464.03 379.151 84.8786 4131.53 962.464 412.83 725.578 238.943 3169.06 3120.52 549.634
internal_count=7949 5256 1163 504 386 118 4093 1070 462 659 234 3023 2965 608
is_linear=0
shrinkage=0.04


Tree=83
num_leaves=15
num_cat=0
split_feature=5 3 30 7 27 30 20 7 7 9 30 30 30 6
split_gain=0.806654 1.26807 2.46841 2.61391 2.05805 1.55999 1.47127 1.32742 1.67134 1.56524 1.1554 0.888925 0.479776 0.355009
threshold=4.5000000000000009 3.5000000000000004 850.50000000000011 4.5000000000000009 2.5000000000000004 1597.0000000000002 1030.5000000000002 4.5000000000000009 5.5000000000000009 3.5000000000000004 6148.5000000000009 4763.5000000000009 4192.5000000000009 8.5000000000000018
decision_type=2 2 2 2 2 2 2 2 2 2 2 2 2 2
left_child=11 2 3 -2 5 -4 7 9 -9 -3 13 12 -1 -8
right_child=1 6 4 -5 -6 -7 10 8 -10 -11 -12 -13 -14 -15
leaf_value=0.0018431777337305875 -0.00011252381111354149 -9.4745638400838271e-05 0.0026648549969801967 -0.016905181751996599 -0.010936229717742245 -0.0011686903121211861 0.0080029031577117209 -0.0018854066024195499 4.1266888670808722e-05 0.0019377446349579867 -0.0022700073497779502 0.0059748232349847467 -0.0027545690131045753 0.0037594826994143266
leaf_weight=154.11396422982216 27.614249989390373 1427.7025643438101 200.02849915623665 31.071750193834305 30.422000050544739 1094.6760364919901 42.637499511241913 938.32401977479458 3090.6675385683775 1052.5278862267733 45.609625026583672 70.291500106453896 46.460964247584343 131.66969671845436
leaf_count=130 23 1254 187 45 42 1169 37 913 2989 897 48 55 46 114
internal_value=-5.70511e-06 -7.75157e-05 -0.00117982 -0.0091378 -0.000820761 -0.000574818 0.000149309 4.03489e-05 -0.000407798 0.000768209 0.0033596 0.00213753 0.000769779 0.0048372
internal_weight=8383.82 8112.95 1383.81 58.686 1325.13 1294.7 6729.14 6509.22 4028.99 2480.23 219.917 270.866 200.575 174.307
internal_count=7949 7718 1466 68 1398 1356 6252 6053 3902 2151 199 231 176 151
is_linear=0
shrinkage=0.04


Tree=84
num_leaves=15
num_cat=0
split_feature=43 3 6 21 4 2 5 4 30 0 9 21 21 30
split_gain=0.806555 1.00864 2.11117 3.18794 3.04378 1.89573 3.24171 7.60199 1.70583 1.53324 1.17145 2.20964 1.63755 1.00097
threshold=23.500000000000004 2.5000000000000004 13.500000000000002 305.00000000000006 7.5000000000000009 4.5000000000000009 27.500000000000004 18.500000000000004 215.50000000000003 17.500000000000004 2.5000000000000004 295.00000000000006 295.00000000000006 1364.5000000000002
decision_type=2 2 2 2 2 2 2 2 2 2 2 2 2 2
left_child=1 2 3 4 -1 10 7 -7 -8 -5 11 -3 -12 -4
right_child=-2 5 13 9 -6 6 8 -9 -10 -11 12 -13 -14 -15
leaf_value=-0.0077969517742427722 0.0016000606000384217 0.00083703061400284 -0.0053878263044263843 -0.015647492008649691 -0.00010760705993284013 -0.0093778154803907353 -0.0047638196401852016 -0.00031392114515232169 0.0002039278703235531 -0.0019921075692915747 0.0013524983256786474 -0.005646610828046409 0.0057915903946307561 0.0019906130261132062
leaf_weight=104.59939281642437 471.39148277044296 521.33534155786037 31.898249953985214 41.904750362038612 374.52115406095982 201.60302501916885 112.42422136664391 550.15503436326981 4433.7792596668005 19.44000007212162 989.14727845788002 99.242964282631874 152.84333297610283 279.53230690956116
leaf_count=146 369 454 34 63 438 243 126 547 4203 30 822 106 124 244
internal_value=-5.53369e-06 -0.000101379 -0.0014007 -0.00291031 -0.00179905 5.55683e-05 -0.000322507 -0.00275386 8.00586e-05 -0.0114215 0.00119153 -0.00020725 0.00195117 0.00122005
internal_weight=8383.82 7912.43 851.896 540.465 479.121 7060.53 5297.96 751.758 4546.2 61.3448 1762.57 620.578 1141.99 311.431
internal_count=7949 7580 955 677 584 6625 5119 790 4329 93 1506 560 946 278
is_linear=0
shrinkage=0.04


Tree=85
num_leaves=15
num_cat=0
split_feature=9 8 24 22 9 30 16 16 5 30 22 22 25 20
split_gain=0.784726 1.36779 1.62922 3.51007 3.37725 1.86992 0.871543 3.29921 5.00002 1.40384 1.04677 0.826537 1.19396 0.788933
threshold=1.0000000180025095e-35 2.5000000000000004 1.5000000000000002 305.00000000000006 3.5000000000000004 5808.0000000000009 25.000000000000004 45.000000000000007 28.500000000000004 7675.0000000000009 390.00000000000006 315.00000000000006 1.5000000000000002 675.00000000000011
decision_type=2 2 2 2 2 2 2 2 2 2 2 2 2 2
left_child=13 2 3 5 -5 -2 10 8 -8 -9 -3 -4 -13 -1
right_child=1 6 11 4 -6 -7 7 9 -10 -11 -12 12 -14 -15
leaf_value=0.00061649695832221869 -0.00021633158062821245 0.002453536353847415 0.004295888530911055 -0.021071943939227396 -0.0022424769032997039 -0.0038181789586945927 -0.0015725294695086032 -4.463714633326188e-05 -0.018353613162179993 0.0023076590414645012 -0.0045561622230039563 -0.0039677811462140019 0.0052993253273171045 0.0039528328131696886
leaf_weight=729.54191762208939 726.22399012744427 392.91024613380432 110.7374991774559 28.146750181913376 32.507625073194504 337.01903462409973 111.06706838309765 5172.9460522681475 37.275249972939491 439.49649855494499 36.397999882698059 63.049000144004822 33.096363663673401 133.40249882638454
leaf_count=770 769 359 108 41 36 381 99 4683 49 376 49 78 29 122
internal_value=-5.49963e-06 -0.000136636 -0.00129953 -0.00189996 -0.0111804 -0.00136053 0.000113539 -1.61673e-05 -0.00588392 0.000139944 0.00185003 0.00195575 -0.000756029 0.00113624
internal_weight=8383.82 7520.87 1330.78 1123.9 60.6544 1063.24 6190.09 5760.78 148.342 5612.44 429.308 206.883 96.1454 862.944
internal_count=7949 7057 1442 1227 77 1150 5615 5207 148 5059 408 215 107 892
is_linear=0
shrinkage=0.04


Tree=86
num_leaves=15
num_cat=0
split_feature=27 16 16 30 30 30 22 7 22 38 3 30 29 22
split_gain=0.769306 0.818973 2.30148 4.97006 3.01807 2.16494 1.29083 2.48005 2.3918 2.09025 1.58022 2.44003 0.827628 0.746127
threshold=3.5000000000000004 65.000000000000014 25.000000000000004 5796.5000000000009 5889.0000000000009 229.00000000000003 145.00000000000003 8.5000000000000018 155.00000000000003 1.0000000180025095e-35 3.5000000000000004 1034.0000000000002 2.5000000000000004 390.00000000000006
decision_type=2 2 2 2 2 2 2 2 2 2 2 2 2 2
left_child=1 2 13 5 -5 -4 10 8 -8 -9 11 -3 -12 -1
right_child=-2 6 3 4 -6 -7 7 9 -10 -11 12 -13 -14 -15
leaf_value=0.0010765509951064566 0.0029902715300325999 -0.0097408139242252008 -0.0086880420583675521 -0.017264180485716981 -0.0048965495097653142 7.4630938021870324e-05 -0.0027521955777585409 -0.0029511570714552586 0.00032946450176507514 -0.016390782125146615 0.0012092545414265706 -0.00035636948526140348 -0.0036100158882027777 -0.0044597860305887809
leaf_weight=815.46744498610497 133.94880856573582 46.169500261545181 46.747185975313187 35.452785804867744 250.86357066035271 817.09031568467617 499.43630160391331 61.083000168204308 2068.2916389405727 25.94875006377697 2748.0674385279417 738.04976785182953 57.278285682201385 39.922999858856201
leaf_count=868 122 53 59 51 271 778 471 77 1937 32 2398 720 58 54
internal_value=-5.45577e-06 -5.44523e-05 -0.000757473 -0.00192534 -0.00648271 -0.000409065 0.000171428 -0.000497209 -0.000270772 -0.00709889 0.000665938 -0.000920563 0.00110961 0.000813252
internal_weight=8383.82 8249.87 2005.54 1150.15 286.316 863.838 6244.32 2654.76 2567.73 87.0318 3589.56 784.219 2805.35 855.39
internal_count=7949 7827 2081 1159 322 837 5746 2517 2408 109 3229 773 2456 922
is_linear=0
shrinkage=0.04


Tree=87
num_leaves=15
num_cat=0
split_feature=31 25 7 24 7 22 13 31 4 2 5 30 30 22
split_gain=0.755413 1.21938 1.49275 2.94605 2.35601 2.6335 1.38585 0.992654 0.989678 2.16613 3.76376 1.13414 0.92029 0.872784
threshold=5896.5000000000009 1.5000000000000002 4.5000000000000009 2.5000000000000004 5.5000000000000009 290.00000000000006 1.0000000180025095e-35 5707.0000000000009 21.500000000000004 3.5000000000000004 27.500000000000004 4763.5000000000009 169.00000000000003 390.00000000000006
decision_type=2 2 2 2 2 2 2 2 2 2 2 2 2 2
left_child=7 2 3 -2 5 -4 -6 8 9 11 -11 -1 -10 -14
right_child=1 -3 4 -5 6 -7 -8 -9 12 10 -12 -13 13 -15
leaf_value=-2.5392544089152774e-05 0.0010071961510484167 0.0014252146035458855 -0.0036213198846031798 -0.010502547850799767 -0.00073649948244956624 -0.01591003542481785 -0.0088143190588680972 0.0032023922514277021 -0.0046908041007233279 -0.0037803557511497162 0.00041524553851295299 0.0026581020949833197 0.00085045292673030124 -0.0036664922190608818
leaf_weight=753.02880674600601 763.14421047270298 418.78822857141495 210.71307115256786 36.321500301361084 1205.1089918315411 31.381393000483513 33.982107028365135 176.26235662400723 49.735757112503052 625.19097602367401 753.66622631251812 377.71264892816544 2879.6430205255747 69.13850000500679
leaf_count=669 664 374 206 44 1290 44 39 158 60 672 662 316 2673 78
internal_value=-5.54967e-06 -0.00055641 -0.000920754 0.000471816 -0.0016722 -0.00527313 -0.000964963 0.000256099 0.000161252 -0.000424736 -0.00148845 0.000872558 0.000651671 0.000743339
internal_weight=8383.82 2699.44 2280.65 799.466 1481.19 242.094 1239.09 5684.38 5508.12 2509.6 1378.86 1130.74 2998.52 2948.78
internal_count=7949 2661 2287 708 1579 250 1329 5288 5130 2319 1334 985 2811 2751
is_linear=0
shrinkage=0.04


Tree=88
num_leaves=15
num_cat=0
split_feature=43 4 6 3 2 24 5 5 7 16 16 9 44 20
split_gain=0.738611 1.05315 1.84591 1.38132 2.80524 1.6216 1.32635 1.76243 2.39673 1.09272 0.981332 1.63152 0.618971 0.577862
threshold=9.5000000000000018 8.5000000000000018 13.500000000000002 2.5000000000000004 3.5000000000000004 2.5000000000000004 12.500000000000002 15.500000000000002 7.5000000000000009 165.00000000000003 45.000000000000007 4.5000000000000009 5.5000000000000009 808.00000000000011
decision_type=2 2 2 2 2 2 2 2 2 2 2 2 2 2
left_child=1 2 3 5 -5 -1 -3 8 -8 -9 11 -2 13 -12
right_child=10 6 -4 4 -6 -7 7 9 -10 -11 12 -13 -14 -15
leaf_value=-0.010188982886050116 0.0005232776302200497 0.0020875936440025063 0.001065161566307618 0.0012776074076592816 -0.0087877206623680048 -0.00048356964168143953 0.00022390732573119573 -0.00031652718046004609 -0.011234602325929837 0.0023774558857835378 0.00059748539037342274 -0.0082179548231503426 -0.003208720652950795 0.0026793882307115536
leaf_weight=84.976678460836411 93.43312531709671 408.0809973180294 201.03793448209763 145.97490021586418 62.483000114560127 40.681000053882599 62.442499756813049 4207.7284370213747 53.809750124812126 254.53249779343605 2420.053534090519 52.757068336009979 62.730121433734894 233.0962501168251
leaf_count=120 80 365 186 138 85 62 58 4208 78 232 2025 50 62 200
internal_value=-5.52895e-06 -0.000275821 -0.00196038 -0.00377859 -0.00176692 -0.00707553 -9.468e-05 -0.000289599 -0.00513048 -0.000162361 0.000515855 -0.00266566 0.000688027 0.000781335
internal_weight=8383.82 5521.75 535.154 334.116 208.458 125.658 4986.59 4578.51 116.252 4462.26 2862.07 146.19 2715.88 2653.15
internal_count=7949 5532 591 405 223 182 4941 4576 136 4440 2417 130 2287 2225
is_linear=0
shrinkage=0.04


Tree=89
num_leaves=15
num_cat=0
split_feature=26 44 31 25 7 31 2 30 14 20 6 6 4 30
split_gain=0.72857 0.915237 0.841164 1.29724 1.48386 0.917736 0.852899 0.813916 0.734469 0.471904 0.454145 0.312676 0.2164 0.139046
threshold=2.5000000000000004 3.5000000000000004 5896.5000000000009 1.5000000000000002 4.5000000000000009 5707.0000000000009 3.5000000000000004 2878.0000000000005 1265.0000000000002 742.50000000000011 6.5000000000000009 13.500000000000002 21.500000000000004 3153.0000000000005
decision_type=2 2 2 2 2 2 2 2 2 2 2 2 2 2
left_child=1 2 5 4 -4 6 -1 -3 -5 -7 -2 -12 -9 -13
right_child=10 7 3 8 -6 9 -8 12 -10 -11 11 13 -14 -15
leaf_value=0.001061098042698175 0.005442731080125547 0.00065817464325871472 0.0004208236501486532 0.0023148066212608166 -0.0018544712526911093 0.001133988137777052 -0.00014469288723279564 -0.0090455925826695722 -0.0017001592614803297 0.0053026996023160756 0.0017396490504217651 -0.0026901947187281173 -0.0040502134751446697 0.00049478985317873278
leaf_weight=1225.1104980707169 42.868749678134918 38.4742551445961 697.5755323022604 315.40214259922504 1335.9154003858566 94.343606978654861 4001.6977411061525 31.408834517002106 93.927999839186668 80.668749645352364 310.30694487690926 39.442500054836273 29.323589444160461 47.351249992847443
leaf_count=1053 37 37 629 277 1454 82 3832 34 88 75 256 31 27 37
internal_value=-5.45857e-06 -9.32963e-05 -4.47678e-05 -0.000660555 -0.00107412 0.000233775 0.000138081 -0.00389189 0.0013916 0.00307469 0.00157711 0.00114717 -0.00673834 -0.000966749
internal_weight=8383.82 7943.85 7844.64 2442.82 2033.49 5401.82 5226.81 99.2067 409.33 175.012 439.969 397.101 60.7324 86.7938
internal_count=7949 7588 7490 2448 2083 5042 4885 98 365 157 361 324 61 68
is_linear=0
shrinkage=0.04


Tree=90
num_leaves=15
num_cat=0
split_feature=9 8 30 5 15 39 7 31 33 5 5 9 3 21
split_gain=0.730271 1.17239 1.48001 3.19103 2.46644 3.29013 1.9906 1.37121 0.97415 0.842989 1.19808 2.95093 1.39146 1.14928
threshold=1.0000000180025095e-35 2.5000000000000004 2721.5000000000005 43.500000000000007 324.00000000000006 1.0000000180025095e-35 6.5000000000000009 4834.5000000000009 1.0000000180025095e-35 10.500000000000002 15.500000000000002 3.5000000000000004 1.5000000000000002 215.00000000000003
decision_type=2 2 2 2 2 2 2 2 2 2 2 2 2 2
left_child=-1 2 3 8 6 -6 -4 -5 -2 13 11 -11 -12 -3
right_child=1 9 4 7 5 -7 -8 -9 -10 10 12 -13 -14 -15
leaf_value=0.001096167152257769 -0.00078601948835832838 0.0018932568379669463 0.0030605379064968501 -0.015242211572835805 -0.0069219555741146981 -0.0011102361596983287 -0.0073058815544445044 -0.0021415002289278573 0.0032953676016418678 -0.0083959249250921634 0.0064996273720208724 -0.00027410197257988431 3.0320418917603072e-05 -0.003974669645429303
leaf_weight=862.94441644847393 145.49342830479145 641.6891023516655 189.28499859571457 24.828578636050224 257.32242844998837 394.11529450118542 34.132999882102013 26.064642742276192 259.53789187967777 92.491050079464912 52.76299974322319 305.67103442549706 5040.1666784286499 57.312250167131424
leaf_count=892 166 541 183 33 314 416 52 29 249 116 44 283 4552 79
internal_value=-5.2446e-06 -0.000131749 -0.00120838 0.000638569 -0.00217053 -0.003413 0.0014513 -0.00870333 0.00183095 9.98677e-05 -6.67711e-05 -0.00217707 9.86056e-05 0.00140715
internal_weight=8383.82 7520.87 1330.78 455.925 874.856 651.438 223.418 50.8932 405.031 6190.09 5491.09 398.162 5092.93 699.001
internal_count=7949 7057 1442 477 965 730 235 62 415 5615 4995 399 4596 620
is_linear=0
shrinkage=0.04


Tree=91
num_leaves=15
num_cat=0
split_feature=27 43 9 1 21 21 31 34 29 33 22 43 26 7
split_gain=0.708778 0.724987 0.829959 1.61245 5.31245 4.03476 1.14061 0.841637 0.393802 0.26763 0.229294 0.132804 0.18586 0.128157
threshold=3.5000000000000004 23.500000000000004 1.5000000000000002 1.0000000180025095e-35 305.00000000000006 305.00000000000006 245.50000000000003 1.5000000000000002 1.0000000180025095e-35 1.5000000000000002 305.00000000000006 30.500000000000004 1.5000000000000002 4.5000000000000009
decision_type=2 2 2 2 2 2 2 2 2 2 2 2 2 2
left_child=1 2 6 5 -5 -4 -1 -8 -2 10 13 12 -11 -3
right_child=8 9 3 4 -6 -7 7 -9 -10 11 -12 -13 -14 -15
leaf_value=-0.0076561285441440413 0.0046593271870909569 0.00029622191495890383 -0.001728778770905314 0.000697674788358089 -0.0045641882449300435 0.0029925706906398621 0.00046605199347067849 0.0033986026661588266 0.0002555502874231184 -0.0027037307728943367 0.0040722794132536551 0.0020769328179417162 0.00056276064426501844 0.0022976952794457532
leaf_weight=25.048035830259323 79.067558884620667 83.512500464916229 2245.9632184654474 3206.2298060208559 338.49626852571964 331.52733241021633 1456.692485243082 174.52035680413246 54.88124968111515 38.502500057220459 77.178863525390625 45.762500047683716 93.82025021314621 132.61486846208572
leaf_count=31 69 61 2311 2830 396 309 1417 164 53 35 61 34 73 105
internal_value=-5.17925e-06 -5.22089e-05 -0.000144593 -0.000359503 0.000194059 -0.00112057 0.00064954 0.00078169 0.00287028 0.0014693 0.00220997 0.000243904 -0.000400854 0.00152924
internal_weight=8383.82 8249.87 7778.48 6122.22 3544.73 2577.49 1656.26 1631.21 133.949 471.391 293.306 178.085 132.323 216.127
internal_count=7949 7827 7458 5846 3226 2620 1612 1581 122 369 227 142 108 166
is_linear=0
shrinkage=0.04


Tree=92
num_leaves=15
num_cat=0
split_feature=12 0 1 2 6 8 9 30 14 30 38 21 5 20
split_gain=0.692098 1.31925 2.37332 4.49087 1.1721 0.958083 1.81605 4.05915 5.09695 2.4571 1.60157 2.64493 2.19543 1.1636
threshold=1.0000000180025095e-35 4.5000000000000009 1.0000000180025095e-35 5.5000000000000009 9.5000000000000018 3.5000000000000004 4.5000000000000009 6515.5000000000009 1.0000000180025095e-35 872.00000000000011 2.5000000000000004 155.00000000000003 34.500000000000007 1016.0000000000001
decision_type=2 2 2 2 2 2 2 2 2 2 2 2 2 2
left_child=5 -2 3 -3 -4 6 10 9 -9 -8 12 -12 -1 -7
right_child=1 2 4 -5 -6 13 7 8 -10 -11 11 -13 -14 -15
leaf_value=0.0019397352294281342 0.0036414755230701167 -0.001552053967194329 -0.0069788634886234213 -0.019866059769604823 0.0009786891459066722 0.00032993111290341778 -0.0095107922552858798 -0.018121842723601799 -0.0019288014934611582 9.7928498623046459e-05 -0.00031332337703780946 -0.010049774071081189 -0.00047828295217260716 0.0034302927429709857
leaf_weight=862.59576925635338 60.066249400377274 60.377750024199486 34.821499884128571 32.367571398615837 170.03999973833561 4129.1214440912008 45.723750114440918 52.495500147342682 74.943999588489532 479.9754626750946 141.4425693154335 64.272928699851036 1973.3318249434233 202.24147535860538
leaf_count=839 60 64 50 42 149 3638 62 77 72 475 127 78 2029 187
internal_value=-4.94764e-06 -0.00172405 -0.00281555 -0.00808727 -0.000401233 7.18669e-05 -0.000401254 -0.00231327 -0.00868828 -0.00075428 9.94172e-06 -0.00338924 0.000257623 0.000475453
internal_weight=8383.82 357.673 297.607 92.7453 204.861 8026.14 3694.78 653.139 127.439 525.699 3041.64 205.715 2835.93 4331.36
internal_count=7949 365 305 106 199 7584 3759 686 149 537 3073 205 2868 3825
is_linear=0
shrinkage=0.04


Tree=93
num_leaves=15
num_cat=0
split_feature=26 44 31 10 7 31 6 30 33 20 6 6 4 30
split_gain=0.671713 0.84998 0.778607 1.25743 2.19648 0.842348 0.781688 0.747932 0.58599 0.43696 0.428525 0.301638 0.201729 0.128567
threshold=2.5000000000000004 3.5000000000000004 5896.5000000000009 1.0000000180025095e-35 4.5000000000000009 5707.0000000000009 4.5000000000000009 2878.0000000000005 1.0000000180025095e-35 742.50000000000011 6.5000000000000009 13.500000000000002 21.500000000000004 3153.0000000000005
decision_type=2 2 2 2 2 2 2 2 2 2 2 2 2 2
left_child=1 2 5 8 -5 6 -1 -3 -4 -7 -2 -12 -9 -13
right_child=10 7 3 4 -6 9 -8 12 -10 -11 11 13 -14 -15
leaf_value=-0.0014066875528392048 0.0052694316891560454 0.00061213900203604097 -0.00082103000734985471 0.000234846284373787 -0.0039067072719596993 0.0010798010402264001 0.00028896388218746267 -0.0087056293325810628 0.00070411782334406608 0.0050910072965636311 0.0016789146645725232 -0.002636154870393858 -0.0038848594968159023 0.00042715903473910507
leaf_weight=477.85012865066528 42.868749678134918 38.4742551445961 738.7732412815094 395.21803456544876 424.21668492257595 94.343606978654861 4748.9581105262041 31.408834517002106 884.61311435699463 80.668749645352364 310.30694487690926 39.442500054836273 29.323589444160461 47.351249992847443
leaf_count=528 37 37 810 355 443 82 4357 34 840 75 256 31 27 37
internal_value=-5.02825e-06 -8.9369e-05 -4.26026e-05 -0.000635049 -0.00191136 0.000225383 0.000133703 -0.00375003 9.97297e-06 0.00294711 0.00151453 0.00109696 -0.00647864 -0.000979102
internal_weight=8383.82 7943.85 7844.64 2442.82 819.435 5401.82 5226.81 99.2067 1623.39 175.012 439.969 397.101 60.7324 86.7938
internal_count=7949 7588 7490 2448 798 5042 4885 98 1650 157 361 324 61 68
is_linear=0
shrinkage=0.04


Tree=94
num_leaves=15
num_cat=0
split_feature=5 3 30 6 20 5 5 38 21 7 30 1 25 30
split_gain=0.648453 0.981589 2.17954 2.25922 2.69253 1.50133 2.42079 3.86753 1.5836 0.938517 0.821821 0.756565 0.567859 0.372192
threshold=4.5000000000000009 2.5000000000000004 850.50000000000011 13.500000000000002 276.00000000000006 12.500000000000002 15.500000000000002 1.0000000180025095e-35 215.00000000000003 2.5000000000000004 4763.5000000000009 1.0000000180025095e-35 1.5000000000000002 4192.5000000000009
decision_type=2 2 2 2 2 2 2 2 2 2 2 2 2 2
left_child=10 2 -2 4 -4 8 7 -7 11 -8 13 -3 -10 -1
right_child=1 5 3 -5 -6 6 9 -9 12 -11 -12 -13 -14 -15
leaf_value=0.0015481392459271062 -0.010446292618274037 0.006010053882740991 0.0004963769098935085 0.0015137439406110141 -0.0057028168041029304 -0.010386668887711479 0.0015724711563100454 0.00098351524910841566 -0.006834721089803015 -9.496355364573831e-05 0.005606108825957982 0.0021205403932677736 0.00059064263971850847 -0.002501105566932304
leaf_weight=154.11396422982216 39.278500065207481 107.76468548178673 211.94891147315502 347.14230614900589 236.6069218814373 91.523900181055069 592.39837364852428 98.840142205357552 35.848500177264214 6010.8583436310291 70.291500106453896 311.19778111577034 29.543000042438507 46.460964247584343
leaf_count=130 49 92 249 294 330 119 492 80 46 5679 55 254 34 46
internal_value=-4.85562e-06 -6.92406e-05 -0.00136737 -0.000906651 -0.00277902 7.98566e-05 -7.36798e-05 -0.00450879 0.0022291 5.48426e-05 0.00191675 0.00313292 -0.00352167 0.000602422
internal_weight=8383.82 8112.95 834.977 795.698 448.556 7277.97 6793.62 190.364 484.354 6603.26 270.866 418.962 65.3915 200.575
internal_count=7949 7718 922 873 579 6796 6370 199 426 6171 231 346 80 176
is_linear=0
shrinkage=0.04


Tree=95
num_leaves=15
num_cat=0
split_feature=27 26 16 21 7 33 4 3 38 6 29 6 30 38
split_gain=0.648255 0.654263 0.828745 1.48586 5.31929 1.54436 1.10042 1.81502 0.685546 0.396966 0.359734 0.280262 0.116304 0.113996
threshold=3.5000000000000004 2.5000000000000004 85.000000000000014 295.00000000000006 5.5000000000000009 2.5000000000000004 21.500000000000004 5.5000000000000009 1.0000000180025095e-35 6.5000000000000009 1.0000000180025095e-35 13.500000000000002 3153.0000000000005 1.0000000180025095e-35
decision_type=2 2 2 2 2 2 2 2 2 2 2 2 2 2
left_child=1 2 3 5 -5 -1 7 -4 -8 -3 -2 13 -13 -11
right_child=10 9 6 4 -6 -7 8 -9 -10 11 -12 12 -14 -15
leaf_value=-5.2296647283017931e-05 0.0044551307648677827 0.0050632523049782066 0.00024862331334228816 -0.0065184602428284581 0.0014355353901358144 -0.0050465763226879654 0.0019494740656034158 -0.0022628685047079789 0.00037424182207156819 0.0029990989494047865 0.00024610690170498846 -0.0025296112512478565 0.00038427783370799357 0.0011789375574283482
leaf_weight=2613.6769532114267 79.067558884620667 42.868749678134918 2048.9733156263828 268.07601828873158 268.43249844014645 101.96964974701405 691.26611614227295 592.78193992376328 1224.7230500876904 71.804821044206619 54.88124968111515 39.442500054836273 47.351249992847443 238.50212383270264
leaf_count=2661 69 37 1883 321 269 108 631 525 1068 61 53 31 37 195
internal_value=-4.73545e-06 -4.97124e-05 -0.000134334 -0.000622031 -0.00254355 -0.000241615 0.000213719 -0.000315572 0.000943287 0.00144931 0.00274522 0.00104743 -0.000953638 0.0016084
internal_weight=8383.82 8249.87 7809.9 3252.16 536.509 2715.65 4557.74 2641.76 1915.99 439.969 133.949 397.101 86.7938 310.307
internal_count=7949 7827 7466 3359 590 2769 4107 2408 1699 361 122 324 68 256
is_linear=0
shrinkage=0.04


Tree=96
num_leaves=15
num_cat=0
split_feature=12 0 1 2 6 8 9 30 14 30 38 21 5 20
split_gain=0.638212 1.21059 2.16197 4.09768 1.05297 0.877639 1.66237 3.74339 4.66997 2.20148 1.49362 2.43754 2.03448 1.12223
threshold=1.0000000180025095e-35 4.5000000000000009 1.0000000180025095e-35 5.5000000000000009 9.5000000000000018 3.5000000000000004 4.5000000000000009 6515.5000000000009 1.0000000180025095e-35 872.00000000000011 2.5000000000000004 155.00000000000003 34.500000000000007 1016.0000000000001
decision_type=2 2 2 2 2 2 2 2 2 2 2 2 2 2
left_child=5 -2 3 -3 -4 6 10 9 -9 -8 12 -12 -1 -7
right_child=1 2 4 -5 -6 13 7 8 -10 -11 11 -13 -14 -15
leaf_value=0.001868282837523431 0.0034844753626982017 -0.0014897692221063925 -0.0066309096796689235 -0.018983828737146928 0.00091145380382510305 0.00031258921185214899 -0.009004341500324033 -0.017364783843383896 -0.0018645186393368674 9.085132479981984e-05 -0.00031979812113619097 -0.0096668952574095988 -0.00045941336287468423 0.003357335743009276
leaf_weight=862.59576925635338 60.066249400377274 60.377750024199486 34.821499884128571 32.367571398615837 170.03999973833561 4129.1214440912008 45.723750114440918 52.495500147342682 74.943999588489532 479.9754626750946 141.4425693154335 64.272928699851036 1973.3318249434233 202.24147535860538
leaf_count=839 60 64 50 42 149 3638 62 77 72 475 127 78 2029 187
internal_value=-4.53686e-06 -0.00165536 -0.00270093 -0.00773247 -0.000396549 6.92267e-05 -0.000383596 -0.00221292 -0.00833495 -0.000715815 9.81624e-06 -0.0032728 0.000249004 0.000455498
internal_weight=8383.82 357.673 297.607 92.7453 204.861 8026.14 3694.78 653.139 127.439 525.699 3041.64 205.715 2835.93 4331.36
internal_count=7949 365 305 106 199 7584 3759 686 149 537 3073 205 2868 3825
is_linear=0
shrinkage=0.04


Tree=97
num_leaves=15
num_cat=0
split_feature=9 8 30 7 20 38 30 20 20 9 5 2 33 16
split_gain=0.64407 0.925713 1.77745 3.21844 8.34358 2.56157 1.9973 1.65274 1.37153 1.24737 2.0428 3.60132 1.08915 1.94067
threshold=1.0000000180025095e-35 3.5000000000000004 5995.0000000000009 6.5000000000000009 675.00000000000011 1.0000000180025095e-35 4915.5000000000009 860.50000000000011 675.00000000000011 4.5000000000000009 35.500000000000007 5.5000000000000009 1.0000000180025095e-35 45.000000000000007
decision_type=2 2 2 2 2 2 2 2 2 2 2 2 2 2
left_child=-1 2 6 5 -5 -4 7 -2 -8 10 11 -3 13 -11
right_child=1 9 3 4 -6 -7 8 -9 -10 12 -12 -13 -14 -15
leaf_value=0.0010297447090357812 -0.0002899693740595771 -8.9822130638398789e-05 -0.0043375351692398634 -0.019797864625220048 -0.0021101468570360201 0.0020669213288741989 0.00040487085028060248 -0.0042394596317992415 0.0052251426707323615 -0.0071553813653026186 0.0011941515403498587 -0.004269507325847216 0.0022704564457354417 0.00084199026605873595
leaf_weight=862.94441644847393 1823.8947486579418 1750.6069524139166 160.61146381497383 54.418428882956505 186.81027826666832 260.79692754149437 218.99478457868099 185.92342887818813 165.30961255729198 56.106749847531319 1176.429545968771 405.41703474521637 752.50492317974567 323.0484988540411
leaf_count=892 1810 1582 180 78 208 239 210 209 151 55 1017 407 625 286
internal_value=-4.62138e-06 -0.000123426 -0.000659605 -0.00249135 -0.00616555 -0.0003785 -0.000151791 -0.000657254 0.0024865 0.000243783 -0.000145946 -0.000877382 0.00139055 -0.000357156
internal_weight=8383.82 7520.87 3056.76 662.637 241.229 421.408 2394.12 2009.82 384.304 4464.11 3332.45 2156.02 1131.66 379.155
internal_count=7949 7057 3085 705 286 419 2380 2019 361 3972 3006 1989 966 341
is_linear=0
shrinkage=0.04


Tree=98
num_leaves=15
num_cat=0
split_feature=31 31 0 25 22 22 21 4 2 5 3 30 30 19
split_gain=0.604905 1.02702 3.20394 1.1067 1.0593 1.59186 1.2692 0.822713 1.55267 2.65908 12.4622 1.03833 1.12623 1.02517
threshold=5896.5000000000009 6112.0000000000009 5.5000000000000009 1.5000000000000002 305.00000000000006 325.00000000000006 75.000000000000014 21.500000000000004 3.5000000000000004 27.500000000000004 5.5000000000000009 4763.5000000000009 3535.5000000000005 1.0000000180025095e-35
decision_type=2 2 2 2 2 2 2 2 2 2 2 2 2 2
left_child=7 2 -2 4 6 -6 -3 8 11 10 -10 12 -1 -13
right_child=1 3 -4 -5 5 -7 -8 -9 9 -11 -12 13 -14 -15
leaf_value=0.00080663439432088787 0.00028053280185706377 -0.0015257659010560782 -0.014417264954573357 0.0015684420375266734 -0.0080695752201073358 -0.00075056920442249074 0.00051065602121158269 0.00067318467434765797 -0.001242577120263878 0.00041888234225615552 -0.019840296905996639 0.0054435517955791655 -0.002750265646913459 0.0010668455951715931
leaf_weight=582.05473577976227 76.642499387264252 892.69557942450047 33.348500221967697 409.93322856724262 74.058000341057777 130.35837000608444 1082.4033244103193 3072.2610271275043 604.37147632241249 780.0644763559103 62.749499648809433 124.70799919962883 187.4715710580349 270.69750678539276
leaf_count=494 70 947 44 362 83 142 1013 2876 638 686 75 109 189 221
internal_value=-4.5761e-06 -0.000497515 -0.00426548 -0.00033588 -0.000694608 -0.00342855 -0.000410062 0.000229561 -0.000292269 -0.00116688 -0.00301896 0.00079432 -6.23404e-05 0.00245748
internal_weight=8383.82 2699.44 109.991 2589.45 2179.52 204.416 1975.1 5684.38 2612.12 1447.19 667.121 1164.93 769.526 395.406
internal_count=7949 2661 114 2547 2185 225 1960 5288 2412 1399 713 1013 683 330
is_linear=0
shrinkage=0.04


Tree=99
num_leaves=15
num_cat=0
split_feature=9 8 30 7 20 21 6 5 5 9 5 2 33 16
split_gain=0.614223 0.884239 1.64259 2.95936 7.71576 2.35396 1.89309 1.92137 1.68464 1.1341 1.82981 3.32431 1.00696 1.79994
threshold=1.0000000180025095e-35 3.5000000000000004 5995.0000000000009 6.5000000000000009 675.00000000000011 295.00000000000006 4.5000000000000009 40.500000000000007 43.500000000000007 4.5000000000000009 35.500000000000007 5.5000000000000009 1.0000000180025095e-35 45.000000000000007
decision_type=2 2 2 2 2 2 2 2 2 2 2 2 2 2
left_child=-1 2 6 5 -5 -4 7 -2 -8 10 11 -3 13 -11
right_child=1 9 3 4 -6 -7 8 -9 -10 12 -12 -13 -14 -15
leaf_value=0.0010055415490616418 -0.0019463895949020458 -6.8919467240021069e-05 0.00068586839889601178 -0.019038116049331821 -0.0020288839288171252 -0.008735822336284723 0.00049309857692830914 -0.011938388044410629 -0.0036924096661939227 -0.0068957945524970041 0.0011349928370541702 -0.0040846275503253603 0.0021778131010980694 0.00080615392415977821
leaf_weight=862.94441644847393 155.08124952018261 1750.6069524139166 374.57376605272293 54.418428882956505 186.81027826666832 46.83462530374527 2036.0069260448217 37.599714308977127 165.43468479812145 56.106749847531319 1176.429545968771 405.41703474521637 752.50492317974567 323.0484988540411
leaf_count=892 190 1582 359 78 208 60 1958 48 184 55 1017 407 625 286
internal_value=-4.5735e-06 -0.000120592 -0.000644623 -0.00240551 -0.00592873 -0.000379445 -0.000156448 -0.0039478 0.000177031 0.000238297 -0.000133318 -0.000825574 0.00133176 -0.000348709
internal_weight=8383.82 7520.87 3056.76 662.637 241.229 421.408 2394.12 192.681 2201.44 4464.11 3332.45 2156.02 1131.66 379.155
internal_count=7949 7057 3085 705 286 419 2380 238 2142 3972 3006 1989 966 341
is_linear=0
shrinkage=0.04


Tree=100
num_leaves=15
num_cat=0
split_feature=43 4 5 2 3 3 40 31 24 1 22 30 2 15
split_gain=0.579551 0.854415 1.92032 4.01392 9.60374 2.38778 1.37465 2.57218 1.53027 1.47383 1.38678 0.578952 0.339058 0.251667
threshold=23.500000000000004 13.500000000000002 27.500000000000004 3.5000000000000004 5.5000000000000009 1.5000000000000002 3.5000000000000004 3343.5000000000005 1.5000000000000002 1.0000000180025095e-35 145.00000000000003 7525.0000000000009 4.5000000000000009 741.50000000000011
decision_type=2 2 2 2 2 2 2 2 2 2 2 2 2 2
left_child=1 2 3 5 -5 -1 8 -8 10 -10 -3 12 -4 -2
right_child=13 6 11 4 -6 -7 7 -9 9 -11 -12 -13 -14 -15
leaf_value=-0.0059944362376793013 -0.00055874247840642384 0.00035216995027050123 0.0003829330050439619 -0.0028790342628760689 -0.02306607634518423 0.00057459289947284198 -0.013271860023373373 0.0014798454862129217 0.0033347503835586935 4.0832239918597812e-06 -0.0011005702180383558 -0.0030539041047720227 0.0025298890344220919 0.0018003588075558902
leaf_weight=99.276750206947327 88.666250467300415 3766.6783207654953 211.18735563755035 341.37763744592667 41.453999668359756 755.12741066515446 33.548750072717667 41.391477078199387 452.48883691430092 400.13882078230381 1457.2962382286787 46.434999912977219 266.02571448683739 382.72523230314255
leaf_count=114 64 3592 179 407 55 687 41 37 387 401 1415 44 221 305
internal_value=-4.63924e-06 -8.58847e-05 -0.000862522 -0.00172148 -0.00511934 -0.000194805 0.000136533 -0.00521191 0.000203339 0.0017735 -5.32241e-05 0.00116638 0.00158256 0.00135638
internal_weight=8383.82 7912.43 1760.88 1237.24 382.832 854.404 6151.54 74.9402 6076.6 852.628 5223.97 523.648 477.213 471.391
internal_count=7949 7580 1707 1263 462 801 5873 78 5795 788 5007 444 400 369
is_linear=0
shrinkage=0.04


Tree=101
num_leaves=15
num_cat=0
split_feature=12 0 1 2 6 8 9 16 20 3 25 22 20 21
split_gain=0.574751 1.09983 1.90207 3.66688 0.909618 0.737072 1.49795 3.63372 3.34707 2.72362 1.3322 3.6814 1.00783 1.00609
threshold=1.0000000180025095e-35 4.5000000000000009 1.0000000180025095e-35 5.5000000000000009 9.5000000000000018 3.5000000000000004 4.5000000000000009 45.000000000000007 709.50000000000011 3.5000000000000004 1.5000000000000002 305.00000000000006 1016.0000000000001 145.00000000000003
decision_type=2 2 2 2 2 2 2 2 2 2 2 2 2 2
left_child=5 -2 3 -3 -4 6 10 9 -9 -8 11 -1 13 -7
right_child=1 2 4 -5 -6 12 7 8 -10 -11 -12 -13 -14 -15
leaf_value=0.00025132535091889181 0.0033277765411247801 -0.0013823395054869455 -0.0062005741567669479 -0.017930710359183061 0.00080967055387621081 0.00073019767314390458 -0.0014993073623019155 0.00077029085812996766 -0.0058175905642900852 -0.019045543368553398 0.0022265668724655201 -0.0043535455485082123 0.0031692979745111165 -0.0005892010171712073
leaf_weight=2344.6544429808855 60.066249400377274 60.377750024199486 34.821499884128571 32.367571398615837 170.03999973833561 2732.5860660821199 24.802499771118164 422.61599838733673 173.16996440291405 32.550249963998795 382.89097090065479 314.09767833352089 202.24147535860538 1396.5353780090809
leaf_count=2373 60 64 50 42 149 2338 27 394 221 44 343 357 187 1300
internal_value=-4.64194e-06 -0.00157124 -0.00256785 -0.00728729 -0.000406233 6.53583e-05 -0.000349621 -0.00208612 -0.00115107 -0.0116133 2.38244e-05 -0.000294114 0.000419347 0.000283921
internal_weight=8383.82 357.673 297.607 92.7453 204.861 8026.14 3694.78 653.139 595.786 57.3527 3041.64 2658.75 4331.36 4129.12
internal_count=7949 365 305 106 199 7584 3759 686 615 71 3073 2730 3825 3638
is_linear=0
shrinkage=0.04


Tree=102
num_leaves=15
num_cat=0
split_feature=31 10 7 22 8 22 5 31 31 4 2 5 30 30
split_gain=0.577927 0.89182 1.43343 2.81931 4.11082 1.58492 2.30671 1.14945 0.759184 0.834879 1.54308 2.92336 0.911025 0.793031
threshold=5896.5000000000009 1.0000000180025095e-35 4.5000000000000009 75.000000000000014 3.5000000000000004 305.00000000000006 32.500000000000007 6379.5000000000009 5707.0000000000009 21.500000000000004 3.5000000000000004 27.500000000000004 4763.5000000000009 169.00000000000003
decision_type=2 2 2 2 2 2 2 2 2 2 2 2 2 2
left_child=8 -2 5 4 -4 -3 -7 -5 9 10 12 -12 -1 -11
right_child=1 2 3 7 -6 6 -8 -9 -10 13 11 -13 -14 -15
leaf_value=-0.00010669697575555137 6.1783732254982467e-05 0.0011078230029714414 -0.018022869518784651 -0.005967222165084567 -0.003153140701302023 0.001338738196666654 -0.014237063840442056 -0.0001049581609581811 0.0028008042151516379 -0.0043676481936856092 -0.0033146477025484023 0.00038297203162654083 0.0022982981420074529 0.00067677068318764636
leaf_weight=753.02880674600601 1721.1465826630592 396.49603095650673 42.052464455366135 63.337749764323235 98.104149848222733 32.842500150203705 27.092500180006027 318.36752434074879 176.26235662400723 49.735757112503052 625.19097602367401 753.66622631251812 377.71264892816544 2948.7815205305815
leaf_count=669 1729 337 54 73 89 29 38 312 158 60 672 662 316 2751
internal_value=-4.67348e-06 -0.000486494 -0.00145018 -0.00288003 -0.00771071 0.000187365 -0.00582011 -0.00109076 0.000224183 0.000141236 -0.000396975 -0.00129476 0.000697988 0.000591672
internal_weight=8383.82 2699.44 978.293 521.862 140.157 456.431 59.935 381.705 5684.38 5508.12 2509.6 1378.86 1130.74 2998.52
internal_count=7949 2661 932 528 143 404 67 385 5288 5130 2319 1334 985 2811
is_linear=0
shrinkage=0.04


Tree=103
num_leaves=13
num_cat=0
split_feature=27 30 30 31 15 20 15 15 20 21 29 20
split_gain=0.548203 0.626985 2.54541 1.6569 1.42224 1.49735 1.2294 6.7796 1.02507 0.764493 0.330525 0.0508081
threshold=3.5000000000000004 1547.0000000000002 1644.0000000000002 210.50000000000003 324.00000000000006 108.00000000000001 324.00000000000006 542.00000000000011 749.50000000000011 75.000000000000014 1.0000000180025095e-35 657.00000000000011
decision_type=2 2 2 2 2 2 2 2 2 2 2 2
left_child=1 3 -3 -1 5 -5 8 -8 -4 -6 11 -2
right_child=10 2 6 4 9 -7 7 -9 -10 -11 -12 -13
leaf_value=-0.0068472392991427043 0.0031391702189397124 -0.010139804342620297 0.0003434651564195121 -0.0071891028570423565 -0.00017949684614179489 -0.00014343625589324804 -0.0093369402343528272 -0.00022732097920859288 0.003017656043678076 0.0021567354078753389 0.00013067207012606961 0.0053599027367686545
leaf_weight=44.366678848862648 44.562559247016907 40.073000073432922 1491.9782633632421 58.432499915361404 301.61745226383209 256.99074828624725 133.38882099092007 4783.4600851386786 270.08014094829559 869.48129624128342 54.88124968111515 34.50499963760376
leaf_count=51 38 49 1507 72 266 247 163 4424 278 770 53 31
internal_value=-4.68026e-06 -4.60409e-05 -0.000212508 0.000684234 0.00091347 -0.00146725 -0.000151436 -0.000476303 0.000754832 0.0015554 0.00252417 0.00416313
internal_weight=8383.82 8249.87 6718.98 1530.89 1486.52 315.423 6678.91 4916.85 1762.06 1171.1 133.949 79.0676
internal_count=7949 7827 6421 1406 1355 319 6372 4587 1785 1036 122 69
is_linear=0
shrinkage=0.04


Tree=104
num_leaves=15
num_cat=0
split_feature=26 44 30 31 10 7 31 3 30 33 38 7 4 29
split_gain=0.539936 0.795348 0.681424 0.642044 1.00105 1.73799 0.727405 1.41558 0.804685 0.519316 0.390885 0.390952 0.176439 0.128176
threshold=2.5000000000000004 3.5000000000000004 2878.0000000000005 5896.5000000000009 1.0000000180025095e-35 4.5000000000000009 5439.5000000000009 3.5000000000000004 7675.0000000000009 1.0000000180025095e-35 1.0000000180025095e-35 7.5000000000000009 21.500000000000004 1.0000000180025095e-35
decision_type=2 2 2 2 2 2 2 2 2 2 2 2 2 2
left_child=1 3 -3 6 9 -6 8 -8 -1 -5 11 -2 -4 -12
right_child=10 2 12 4 5 -7 7 -9 -10 -11 13 -13 -14 -15
leaf_value=-8.8541364575700309e-05 0.0016499195066729648 0.0005434083607461362 -0.0083126335473217034 -0.00077972725655095412 0.00019739994311282193 -0.0034866614422239908 -0.0036849417490225789 0.0025769668870381907 0.0017781537477503176 0.00065603645826488798 -0.00025079651136292516 0.006736252714675115 -0.0037899087273829163 0.0013374209352780882
leaf_weight=4524.1761390417814 69.592499554157257 38.4742551445961 31.408834517002106 738.7732412815094 395.21803456544876 424.21668492257595 66.306864440441132 409.99774858355522 401.33984373509884 884.61311435699463 138.40274964272976 36.843571245670319 29.323589444160461 195.13062416017056
leaf_count=4260 59 37 34 810 355 443 77 351 354 840 113 32 27 157
internal_value=-4.58806e-06 -8.02046e-05 -0.00362127 -3.49669e-05 -0.000572955 -0.00171174 0.000208384 0.00169935 6.38904e-05 2.56905e-06 0.00135779 0.0034569 -0.00622568 0.000679596
internal_weight=8383.82 7943.85 99.2067 7844.64 2442.82 819.435 5401.82 476.305 4925.52 1623.39 439.969 106.436 60.7324 333.533
internal_count=7949 7588 98 7490 2448 798 5042 428 4614 1650 361 91 61 270
is_linear=0
shrinkage=0.04


Tree=105
num_leaves=15
num_cat=0
split_feature=5 3 30 5 5 21 20 2 5 20 30 7 5 9
split_gain=0.537657 0.821485 1.75204 1.5513 9.68294 2.42416 1.18925 1.016 1.96835 1.00358 0.684156 0.61831 1.56613 0.445439
threshold=4.5000000000000009 3.5000000000000004 294.00000000000006 32.500000000000007 36.500000000000007 75.000000000000014 931.50000000000011 4.5000000000000009 27.500000000000004 540.00000000000011 4763.5000000000009 3.5000000000000004 40.500000000000007 1.5000000000000002
decision_type=2 2 2 2 2 2 2 2 2 2 2 2 2 2
left_child=10 2 -2 5 -5 -4 7 9 -9 -3 -1 12 -8 -13
right_child=1 6 3 4 -6 -7 11 8 -10 -11 -12 13 -14 -15
leaf_value=0.00054614389782342804 -0.011283909875177927 0.00016429734871807527 -0.0048283880237020372 -0.023027758557614138 0.00052991147440475679 0.00046801187863348715 -0.0057924841497045201 -0.002308064597805296 3.7938179287803308e-05 0.0023634092293020313 0.0051115228308583407 0.0011685099825838811 0.0043900349621796278 0.0048457142697412763
leaf_weight=200.5749284774065 24.768500208854675 964.79184050858021 158.66664247214794 34.150500223040581 135.4436619579792 1030.7832310199738 43.373625084757805 659.75490924715996 4270.465857848525 505.38590207695961 70.291500106453896 81.741999417543411 52.077499806880951 151.54719617962837
leaf_count=176 31 800 164 52 166 1053 49 678 4047 426 55 79 44 129
internal_value=-4.428e-06 -6.3055e-05 -0.000950273 -0.000753784 -0.00432098 -0.000241964 0.000119511 -1.17775e-06 -0.000276405 0.000921353 0.00174533 0.00246213 -0.000249053 0.00356775
internal_weight=8383.82 8112.95 1383.81 1359.04 169.594 1189.45 6729.14 6400.4 4930.22 1470.18 270.866 328.74 95.4511 233.289
internal_count=7949 7718 1466 1435 218 1217 6252 5951 4725 1226 231 301 93 208
is_linear=0
shrinkage=0.04


Tree=106
num_leaves=15
num_cat=0
split_feature=12 0 1 2 6 33 16 31 17 5 0 14 29 8
split_gain=0.529358 1.02032 1.70067 3.36639 0.822128 0.710934 1.78965 2.49542 2.68355 1.46547 1.98142 1.26624 2.46458 3.79996
threshold=1.0000000180025095e-35 4.5000000000000009 1.0000000180025095e-35 5.5000000000000009 9.5000000000000018 1.0000000180025095e-35 65.000000000000014 336.50000000000006 60.000000000000007 25.500000000000004 7.5000000000000009 1258.0000000000002 1.0000000180025095e-35 4.5000000000000009
decision_type=2 2 2 2 2 2 2 2 2 2 2 2 2 2
left_child=5 -2 3 -3 -4 6 7 -1 -9 10 -8 -7 13 -13
right_child=1 2 4 -5 -6 11 9 8 -10 -11 -12 12 -14 -15
leaf_value=-0.012215827407638139 0.0032107240108764845 -0.0012734599125785093 -0.0059321073540768042 -0.017128267506784634 0.00073255920125150974 0.00082464257896490119 0.0025352478597337204 -0.0004166997246808111 -0.0063034255384760663 0.00092888162748902276 -0.0022691288096701252 -0.0015935132568109284 0.00054261727270187975 -0.012535251656220171
leaf_weight=35.428928598761559 60.066249400377274 60.377750024199486 34.821499884128571 32.367571398615837 170.03999973833561 3235.9876572936773 175.62139259278774 666.83774687349796 151.22612519562244 1465.9199751615524 617.95671482384205 494.78777401149273 1126.7224455922842 55.65596404671669
leaf_count=47 60 64 50 42 149 2960 163 724 160 1355 634 472 1002 67
internal_value=-4.38262e-06 -0.00150785 -0.00246776 -0.00693038 -0.000423586 6.27965e-05 -0.000410072 -0.00196941 -0.00151128 0.000179554 -0.00120405 0.00036243 -0.000529339 -0.00272057
internal_weight=8383.82 357.673 297.607 92.7453 204.861 8026.14 3112.99 853.493 818.064 2259.5 793.578 4913.15 1677.17 550.444
internal_count=7949 365 305 106 199 7584 3083 931 884 2152 797 4501 1541 539
is_linear=0
shrinkage=0.04


Tree=107
num_leaves=15
num_cat=0
split_feature=5 5 14 21 3 14 25 1 36 21 20 36 4 25
split_gain=0.524307 2.97626 2.97101 1.91641 1.72284 3.11157 1.54079 1.23454 1.14353 0.926664 1.27488 0.875183 1.49474 2.46047
threshold=12.500000000000002 15.500000000000002 1.0000000180025095e-35 135.00000000000003 1.5000000000000002 1.0000000180025095e-35 1.0000000180025095e-35 1.0000000180025095e-35 1.0000000180025095e-35 215.00000000000003 741.50000000000011 1.0000000180025095e-35 3.5000000000000004 1.5000000000000002
decision_type=2 2 2 2 2 2 2 2 2 2 2 2 2 2
left_child=4 2 3 -2 5 8 -4 -5 -1 10 -6 12 13 -3
right_child=1 11 6 7 9 -7 -8 -9 -10 -11 -12 -13 -14 -15
leaf_value=-0.0052709434674096034 -0.018150610710410048 -0.014035532860144652 -0.0072643351344531815 -0.01149133659207322 0.00039180699405900489 0.0010106854991187618 0.0018612923556175186 -0.00026561083889183122 -0.016652196481226865 -0.0022418790987346858 0.0036077420817967011 0.00051711220414143175 -0.00027609149169057943 0.0015655288656528186
leaf_weight=35.107749953866005 30.618000000715256 32.058500275015831 41.216000139713287 30.374400243163109 395.83196003735065 118.36248585581779 98.183999478816986 31.420642614364624 24.382500112056732 91.372750163078308 392.64468415081501 3159.2357240766287 3871.6932547390461 31.315142795443535
leaf_count=44 41 48 57 41 323 127 83 29 37 113 347 2843 3787 29
internal_value=-4.4501e-06 -0.000124676 -0.00457488 -0.0100953 0.00082762 -0.00275287 -0.000869379 -0.00587857 -0.0101338 0.00155368 0.00199582 2.13628e-05 -0.000376676 -0.00642194
internal_weight=8383.82 7326.12 231.813 92.413 1057.7 177.853 139.4 61.795 59.4903 879.849 788.477 7094.3 3935.07 63.3736
internal_count=7949 6958 251 111 991 208 140 70 81 783 670 6707 3864 77
is_linear=0
shrinkage=0.04


Tree=108
num_leaves=15
num_cat=0
split_feature=9 16 16 2 9 30 30 37 22 38 0 42 30 8
split_gain=0.513626 0.874879 3.73387 5.09822 8.47235 1.4922 2.45735 1.17136 0.790856 0.655802 1.46826 0.629694 0.737576 0.505132
threshold=1.0000000180025095e-35 25.000000000000004 45.000000000000007 4.5000000000000009 4.5000000000000009 7734.5000000000009 6932.5000000000009 1.5000000000000002 390.00000000000006 1.5000000000000002 2.5000000000000004 661.50000000000011 5025.5000000000009 3.5000000000000004
decision_type=2 2 2 2 2 2 2 2 2 2 2 2 2 2
left_child=9 8 3 -3 -5 6 -4 -7 11 -1 -11 13 -13 -2
right_child=1 2 5 4 -6 7 -8 -9 -10 10 -12 12 -14 -15
leaf_value=0.0013244646910648889 -0.001707974950881928 9.5659223729794795e-05 3.2837144801721521e-05 -0.0011589316804209329 -0.028420556747261939 0.0031590772405905429 -0.0024745853229555729 -0.0014495139036323588 -0.003790435277627055 -0.0088222491771160916 0.0012731736013917451 0.0020692683204515199 0.0078531572770158316 0.0019815253265369356
leaf_weight=760.36272136867046 83.442624047398567 92.349318251013756 5689.8276904076338 38.774499982595444 33.591000124812126 368.27317714691162 701.57857185602188 115.29274967312813 39.922999858856201 33.420445054769516 69.161250025033951 105.26974985003471 52.89999994635582 199.65099704265594
leaf_count=795 98 80 5265 41 48 318 725 104 54 44 53 95 45 184
internal_value=-4.59026e-06 -0.000110684 -0.000223556 -0.00615673 -0.0140283 -8.05305e-05 -0.000242744 0.00205956 0.00153766 0.00091911 -0.00206927 0.0020272 0.00404088 0.000891851
internal_weight=8383.82 7520.87 7039.69 164.715 72.3655 6874.97 6391.41 483.566 481.186 862.944 102.582 441.263 158.17 283.094
internal_count=7949 7057 6581 169 89 6412 5990 422 476 892 97 422 140 282
is_linear=0
shrinkage=0.04


Tree=109
num_leaves=15
num_cat=0
split_feature=7 12 1 4 0 22 1 38 2 38 30 34 2 38
split_gain=0.505825 0.824526 1.37639 3.85105 2.95551 0.738138 1.1618 2.58921 1.2685 0.844172 1.35025 1.09954 0.599995 0.342027
threshold=2.5000000000000004 1.0000000180025095e-35 1.0000000180025095e-35 23.500000000000004 11.500000000000002 390.00000000000006 1.0000000180025095e-35 1.0000000180025095e-35 4.5000000000000009 1.0000000180025095e-35 5573.5000000000009 2.5000000000000004 5.5000000000000009 1.0000000180025095e-35
decision_type=2 2 2 2 2 2 2 2 2 2 2 2 2 2
left_child=12 5 3 4 -3 9 8 -8 -7 10 -2 -11 -1 -4
right_child=1 2 13 -5 -6 6 7 -9 -10 11 -12 -13 -14 -15
leaf_value=0.00017363332506702429 0.00010367509967665834 -0.02311968561445776 0.0018917145495453045 0.004088555786312704 -0.0047187776856132272 -0.005686936317958283 0.000680551862476437 -0.010474411341878884 0.0029530923199039684 0.00049509644919015577 -0.0017866476985869987 -0.0045174677043357076 0.0026446444001822652 -0.001621452523705917
leaf_weight=454.5646241158247 1972.495869666338 23.470250025391579 73.042499721050262 35.703571051359177 34.102750018239021 36.693642809987068 68.464298248291016 63.597589865326881 96.604249760508537 4235.1025754362345 870.7447507828474 70.202125012874603 239.48374831676483 109.54524980485439
leaf_count=387 1921 33 78 38 40 48 74 90 92 3826 932 79 205 106
internal_value=-4.54993e-06 -9.79415e-05 -0.00224116 -0.00616613 -0.0124868 -1.79027e-05 -0.00208543 -0.00472974 0.000550068 5.91265e-05 -0.000475662 0.000412332 0.00102884 -0.000213394
internal_weight=8383.82 7689.77 275.864 93.2766 57.573 7413.91 265.36 132.062 133.298 7148.55 2843.24 4305.3 694.048 182.588
internal_count=7949 7357 295 111 73 7062 304 164 140 6758 2853 3905 592 184
is_linear=0
shrinkage=0.04


Tree=110
num_leaves=15
num_cat=0
split_feature=27 30 17 15 15 1 8 16 40 14 21 3 20 33
split_gain=0.501907 0.562738 1.5389 1.23228 6.09366 13.2636 1.64459 1.10797 1.87532 1.75515 0.968882 0.856905 1.42533 0.757336
threshold=3.5000000000000004 1751.0000000000002 75.000000000000014 324.00000000000006 542.00000000000011 1.0000000180025095e-35 2.5000000000000004 55.000000000000007 1.5000000000000002 1260.0000000000002 295.00000000000006 5.5000000000000009 749.50000000000011 1.0000000180025095e-35
decision_type=2 2 2 2 2 2 2 2 2 2 2 2 2 2
left_child=1 2 7 11 5 -5 -6 8 -1 -9 -4 13 -13 -3
right_child=-2 3 10 4 6 -7 -8 9 -10 -11 -12 12 -14 -15
leaf_value=0.0014104391324512783 0.0024151632150338494 -0.002120523634433772 0.0005956115704615683 -0.022596422827647365 -0.0019534748874644099 0.0025918276585295236 3.9030381132694927e-05 -0.0078806814061747662 -0.007139453663296394 0.001957119129628801 0.0030362612887993531 0.00079186134699045355 0.0049325765724360536 0.0007276251576717193
leaf_weight=229.61746959388256 133.94880856573582 261.32242701947689 921.31612315773964 60.613821804523468 797.0286153703928 72.774999186396599 3910.9439587295055 85.440749987959862 48.933856993913651 43.168749824166298 362.07723696529865 956.92610381543636 153.60374854505062 346.10112507641315
leaf_count=224 122 300 816 95 854 68 3503 106 57 49 321 950 141 343
internal_value=-4.55349e-06 -4.41291e-05 0.000606391 -0.000211857 -0.000538432 -0.00893705 -0.000298631 -0.0015337 -0.00011171 -0.00458893 0.00128601 0.000708244 0.00136851 -0.000499161
internal_weight=8383.82 8249.87 1690.55 6559.31 4841.36 133.389 4707.97 407.161 278.551 128.609 1283.39 1717.95 1110.53 607.424
internal_count=7949 7827 1573 6254 4520 163 4357 436 281 155 1137 1734 1091 643
is_linear=0
shrinkage=0.04


Tree=111
num_leaves=15
num_cat=0
split_feature=5 3 6 20 24 5 5 7 21 20 7 1 30 25
split_gain=0.497673 0.724291 1.77153 2.24402 3.28843 1.25404 1.76579 1.66737 1.19218 0.878587 0.793173 0.694769 0.623696 0.490326
threshold=4.5000000000000009 2.5000000000000004 13.500000000000002 276.00000000000006 2.5000000000000004 12.500000000000002 13.500000000000002 8.5000000000000018 215.00000000000003 89.500000000000014 2.5000000000000004 1.0000000180025095e-35 4763.5000000000009 1.5000000000000002
decision_type=2 2 2 2 2 2 2 2 2 2 2 2 2 2
left_child=12 2 3 9 -5 8 7 -7 11 -2 -8 -3 -1 -10
right_child=1 5 -4 4 -6 6 10 -9 13 -11 -12 -13 -14 -15
leaf_value=0.0005339140954600288 -0.0017088675936932031 0.0055717914100623413 0.00089440078964381361 -0.008065045250266337 0.0023183874675407963 -0.00010529571413982437 0.0013832146168417353 -0.013682419398189012 -0.0060383902008135813 0.0036059781516042805 -0.00014818054860147816 0.0018463091355060361 0.0048929918009481023 0.00085311162883261373
leaf_weight=200.5749284774065 137.87166208028793 107.76468548178673 368.78680616617203 186.26977905631065 65.487142845988274 28.414500057697296 592.39837364852428 28.527900010347366 35.848500177264214 76.561249420046806 6144.2799859493971 311.19778111577034 70.291500106453896 29.543000042438507
leaf_count=176 173 92 318 265 87 23 492 38 46 79 5817 254 55 34
internal_value=-4.48199e-06 -6.08869e-05 -0.00117598 -0.00281219 -0.00536561 6.71873e-05 -7.31349e-05 -0.00702612 0.00203146 0.000196678 -1.33301e-05 0.00281556 0.00167896 -0.00295895
internal_weight=8383.82 8112.95 834.977 466.19 251.757 7277.97 6793.62 56.9424 484.354 214.433 6736.68 418.962 270.866 65.3915
internal_count=7949 7718 922 604 352 6796 6370 61 426 252 6309 346 231 80
is_linear=0
shrinkage=0.04


Tree=112
num_leaves=15
num_cat=0
split_feature=44 43 30 30 7 14 16 38 16 9 37 20 22 1
split_gain=0.492394 0.538104 0.791605 1.68592 3.67757 0.875257 0.846059 1.75548 0.791065 1.38577 0.560034 0.487621 0.584377 0.49605
threshold=3.5000000000000004 9.5000000000000018 7734.5000000000009 6932.5000000000009 6.5000000000000009 1245.5000000000002 45.000000000000007 1.5000000000000002 45.000000000000007 4.5000000000000009 1.5000000000000002 808.00000000000011 145.00000000000003 1.0000000180025095e-35
decision_type=2 2 2 2 2 2 2 2 2 2 2 2 2 2
left_child=1 2 3 5 -5 -1 7 -4 9 -3 -8 12 -10 -13
right_child=-2 8 6 4 -6 -7 10 -9 11 -11 -12 13 -14 -15
leaf_value=0.00034477632730191282 -0.0026205783996678077 0.00054147526474953135 0.00047789067890729775 -7.9514415517460295e-05 -0.0069754041854529457 -0.00084361671053404517 0.0029966285370495904 -0.0093380057608354952 0.00099155437374290312 -0.0075928209644892065 -0.0012284975978241414 0.0047191751197752209 -0.00027122420342780312 0.00091211853393296431
leaf_weight=2537.0015123933554 112.5423755645752 92.617500305175781 360.60862870514393 354.60689143836498 189.07474987208843 1626.4632779657841 319.19162930548191 30.708445131778717 1424.6640566587448 51.400250136852264 58.955249667167664 88.90625 995.38947743177414 141.68750005960464
leaf_count=2446 109 79 426 357 230 1647 290 40 1181 49 53 70 844 128
internal_value=-4.34015e-06 3.157e-05 -0.000198897 -0.000393368 -0.00248608 -0.000119562 0.000989736 -0.000314246 0.000483118 -0.00239401 0.0023364 0.000640285 0.000472265 0.00239398
internal_weight=8383.82 8271.28 5476.61 4707.15 543.682 4163.46 769.464 391.317 2794.67 144.018 378.147 2650.65 2420.05 230.594
internal_count=7949 7840 5489 4680 587 4093 809 466 2351 128 343 2223 2025 198
is_linear=0
shrinkage=0.04


Tree=113
num_leaves=15
num_cat=0
split_feature=9 16 16 2 9 30 30 37 22 38 0 42 30 8
split_gain=0.481712 0.842924 3.32637 4.67323 7.68465 1.29101 2.02162 1.0189 0.707484 0.582524 1.28675 0.571357 0.695544 0.463553
threshold=1.0000000180025095e-35 25.000000000000004 45.000000000000007 4.5000000000000009 4.5000000000000009 7734.5000000000009 6932.5000000000009 1.5000000000000002 390.00000000000006 1.5000000000000002 2.5000000000000004 661.50000000000011 4274.5000000000009 3.5000000000000004
decision_type=2 2 2 2 2 2 2 2 2 2 2 2 2 2
left_child=9 8 3 -3 -5 6 -4 -7 11 -1 -11 13 -13 -2
right_child=1 2 5 4 -6 7 -8 -9 -10 10 -12 12 -14 -15
leaf_value=0.0012723099702919905 -0.0015985461094788636 0.00016745155147723871 1.6285339896888539e-05 -0.0010978366722363181 -0.027061077968382627 0.0029332936492805009 -0.0022579947106712264 -0.001364865836721417 -0.0035289576386060917 -0.0082481093619102847 0.0012026088149501945 0.0013599777866372261 0.0066758349710117886 0.0019360015910525245
leaf_weight=760.36272136867046 83.442624047398567 92.349318251013756 5689.8276904076338 38.774499982595444 33.591000124812126 368.27317714691162 701.57857185602188 115.29274967312813 39.922999858856201 33.420445054769516 69.161250025033951 83.607249900698662 74.562499895691872 199.65099704265594
leaf_count=795 98 80 5265 41 48 318 725 104 54 44 53 74 66 184
internal_value=-4.25225e-06 -0.000106997 -0.000217789 -0.00581785 -0.0133542 -8.27925e-05 -0.000233674 0.00190782 0.00151096 0.000890291 -0.00192628 0.0019739 0.00389211 0.000892224
internal_weight=8383.82 7520.87 7039.69 164.715 72.3655 6874.97 6391.41 483.566 481.186 862.944 102.582 441.263 158.17 283.094
internal_count=7949 7057 6581 169 89 6412 5990 422 476 892 97 422 140 282
is_linear=0
shrinkage=0.04


Tree=114
num_leaves=15
num_cat=0
split_feature=31 25 26 31 4 7 31 5 14 20 30 4 3 9
split_gain=0.4722 0.797006 1.02913 2.41146 3.54043 1.49211 0.727533 0.995578 0.685346 0.962299 0.667397 0.630219 1.42566 1.94914
threshold=5896.5000000000009 1.5000000000000002 1.5000000000000002 7385.5000000000009 36.500000000000007 9.5000000000000018 7490.0000000000009 34.500000000000007 1265.0000000000002 742.50000000000011 4116.0000000000009 21.500000000000004 5.5000000000000009 2.5000000000000004
decision_type=2 2 2 2 2 2 2 2 2 2 2 2 2 2
left_child=11 2 3 4 -2 -5 -4 -8 9 -3 -10 12 -1 -14
right_child=1 8 6 5 -6 -7 7 -9 10 -11 -12 -13 13 -15
leaf_value=0.000274616678555839 -0.0060310857578455071 0.00075315782278286556 0.0011298871495524204 0.00014794423162670507 0.00025014701677179786 -0.0087209052633180125 0.00033413775131117178 -0.0085201881168910643 0.00094250684752435242 0.0057383949762240729 -0.0058381960093001825 0.00059091505793812751 0.00094942151666666799 -0.0036262160135597733
leaf_weight=1979.0861999839544 332.50028564035892 241.54471075534821 567.06729093194008 1010.5243774801493 251.98403409123421 30.291000217199326 58.097785472869873 30.186499953269958 56.639999955892563 82.505517974495888 38.097999885678291 3072.2610271275043 238.32381549477577 394.70724967122078
leaf_count=1860 378 207 485 1045 249 42 57 31 50 78 39 2876 194 358
internal_value=-4.22333e-06 -0.000439748 -0.00073431 -0.00127364 -0.00332731 -0.00011829 0.000603158 -0.00275489 0.00116232 0.00203618 -0.00181679 0.000202643 -0.000254078 -0.0019048
internal_weight=8383.82 2699.44 2280.65 1625.3 584.484 1040.82 655.352 88.2843 418.788 324.05 94.738 5684.38 2612.12 633.031
internal_count=7949 2661 2287 1714 627 1087 573 88 374 285 89 5288 2412 552
is_linear=0
shrinkage=0.04


Tree=115
num_leaves=15
num_cat=0
split_feature=22 31 22 30 30 39 5 16 16 5 20 2 5 0
split_gain=0.474058 1.2786 1.11706 1.82465 2.30094 5.85658 1.22375 1.20262 3.52016 5.91767 1.19124 1.20064 1.12218 3.44132
threshold=75.000000000000014 8135.5000000000009 135.00000000000003 1751.0000000000002 2340.5000000000005 1.0000000180025095e-35 40.500000000000007 45.000000000000007 35.000000000000007 25.500000000000004 676.50000000000011 4.5000000000000009 41.500000000000007 2.5000000000000004
decision_type=2 2 2 2 2 2 2 2 2 2 2 2 2 2
left_child=1 -1 7 12 5 -5 -6 8 -2 -10 11 -9 -4 -14
right_child=2 -3 3 4 6 -7 -8 10 9 -11 -12 -13 13 -15
leaf_value=-0.00035094100661469811 0.0024672568152223702 -0.0067111229939608727 0.0018118812323943113 -0.01184844498765584 -0.00062218962372042285 0.00020042008972079542 0.0016588088856091452 -4.2282314130571909e-05 0.0013499546102380519 -0.021272933486915484 -0.0058350528826410335 0.0023139645135747469 0.0026587592524153166 -0.012874353319954525
leaf_weight=2238.5374511182308 111.0714989900589 50.747464329004288 874.96166405081749 98.980500310659409 2614.7054450660944 182.03149934113026 438.59021244943142 515.77074846625328 41.25556817650795 32.377500101923943 34.897026300430298 1050.0453235507011 66.233392432332039 33.612499952316284
leaf_count=2145 95 55 801 126 2615 157 408 414 31 42 36 915 66 43
internal_value=-4.15757e-06 -0.000494798 0.000180192 -0.000168422 -0.000613496 -0.0040705 -0.0002941 0.0010212 -0.00202733 -0.0087494 0.00137401 0.0015383 0.00135302 -0.00264618
internal_weight=8383.82 2289.28 6094.53 4309.12 3334.31 281.012 3053.3 1785.42 184.705 73.6331 1600.71 1565.82 974.808 99.8459
internal_count=7949 2200 5749 4216 3306 283 3023 1533 168 73 1365 1329 910 109
is_linear=0
shrinkage=0.04


Tree=116
num_leaves=15
num_cat=0
split_feature=43 4 5 2 3 3 5 5 2 40 38 2 30 1
split_gain=0.47303 0.620303 1.51326 3.19238 8.66732 1.69981 1.333 1.60017 3.92562 1.64172 1.55569 2.11402 0.511701 0.464586
threshold=24.500000000000004 13.500000000000002 27.500000000000004 3.5000000000000004 5.5000000000000009 1.5000000000000002 24.500000000000004 25.500000000000004 5.5000000000000009 3.5000000000000004 1.0000000180025095e-35 5.5000000000000009 7311.0000000000009 1.0000000180025095e-35
decision_type=2 2 2 2 2 2 2 2 2 2 2 2 2 2
left_child=1 2 3 5 -5 -1 10 8 -8 -9 11 -3 -12 -4
right_child=-2 6 13 4 -6 -7 7 9 -10 -11 12 -13 -14 -15
leaf_value=-0.0050085266557030371 0.0013220672138675828 0.00093684932046861108 0.0021489903036654248 -0.0023974186314994418 -0.02156298013173695 0.00049164904565710574 0.0013470888901657588 2.9331726145640942e-05 -0.014305135573191016 -0.006352057433256739 0.0020409003758801556 -0.0059684966428055417 0.0050909739186183779 -0.00022098484084528345
leaf_weight=100.65675020217896 408.26679277420044 315.27014172077179 287.50510594248772 344.56513744592667 41.453999668359756 776.4981719404459 62.703999668359756 4889.4490104317665 42.190892711281776 64.366655707359314 613.63377989828587 90.456999838352203 102.6173925101757 244.18296417593956
leaf_count=115 318 299 239 410 55 705 52 4681 63 71 527 117 86 211
internal_value=-4.21593e-06 -7.22653e-05 -0.00072666 -0.00147985 -0.00450598 -0.000144501 0.000117857 -0.000158864 -0.0050242 -5.48492e-05 0.00136455 -0.000613589 0.00248437 0.00106218
internal_weight=8383.82 7975.55 1794.86 1263.17 386.019 877.155 6180.69 5058.71 104.895 4953.82 1121.98 405.727 716.251 531.688
internal_count=7949 7631 1735 1285 465 820 5896 4867 115 4752 1029 416 613 450
is_linear=0
shrinkage=0.04


Tree=117
num_leaves=15
num_cat=0
split_feature=26 44 30 16 33 20 33 16 30 22 38 7 4 22
split_gain=0.455749 0.68865 0.612342 0.535937 1.18862 1.86271 1.35857 0.85412 0.731168 0.623473 0.414001 0.387103 0.157781 0.121347
threshold=2.5000000000000004 3.5000000000000004 2878.0000000000005 85.000000000000014 1.0000000180025095e-35 540.00000000000011 2.5000000000000004 125.00000000000001 1547.0000000000002 195.00000000000003 1.0000000180025095e-35 6.5000000000000009 21.500000000000004 290.00000000000006
decision_type=2 2 2 2 2 2 2 2 2 2 2 2 2 2
left_child=1 3 -3 4 5 -1 -6 9 -9 -5 11 -2 -4 -12
right_child=10 2 12 7 6 -7 -8 8 -10 -11 13 -13 -14 -15
leaf_value=-7.7680178462192874e-05 0.0011677744390534276 0.00057773568819845624 -0.0078099188792808555 0.00073559737755518313 0.00046305984143161876 -0.0031509499194702266 -0.0035837795374491829 0.0011455056495620788 -0.00016102122008393669 0.004450955396590091 0.00023466296317624702 0.0060106474685377147 -0.0035372870182258749 0.0023957966261636677
leaf_weight=754.92014011740685 57.992499649524689 38.4742551445961 31.408834517002106 169.01574990153313 1918.2675367444754 541.22899769246578 141.59364967048168 861.73514081537724 3331.9954559355974 125.8850000500679 285.8283739387989 48.443571150302887 29.323589444160461 47.70499986410141
leaf_count=783 49 37 34 134 1896 626 146 756 3040 109 231 42 27 39
internal_value=-4.2496e-06 -7.37214e-05 -0.00336872 -3.16274e-05 -0.000413923 -0.00136242 0.000183278 0.000254232 0.000107655 0.00233126 0.00124742 0.0034074 -0.00583767 0.000550006
internal_weight=8383.82 7943.85 99.2067 7844.64 3356.01 1296.15 2059.86 4488.63 4193.73 294.901 439.969 106.436 60.7324 333.533
internal_count=7949 7588 98 7490 3451 1409 2042 4039 3796 243 361 91 61 270
is_linear=0
shrinkage=0.04


Tree=118
num_leaves=15
num_cat=0
split_feature=27 22 10 8 24 22 30 30 4 16 3 5 34 22
split_gain=0.455906 0.521247 1.32435 1.63044 2.08548 1.03098 1.78889 2.26196 1.2002 1.15975 0.963646 0.84592 0.818743 0.54587
threshold=3.5000000000000004 75.000000000000014 1.0000000180025095e-35 3.5000000000000004 1.0000000180025095e-35 135.00000000000003 1751.0000000000002 2340.5000000000005 36.500000000000007 45.000000000000007 3.5000000000000004 41.500000000000007 1.5000000000000002 65.000000000000014
decision_type=2 2 2 2 2 2 2 2 2 2 2 2 2 2
left_child=1 2 12 4 -4 8 11 -8 9 -3 -5 -7 13 -1
right_child=-2 5 3 10 -6 6 7 -9 -10 -11 -12 -13 -14 -15
leaf_value=0.00050889053950334317 0.0023020797720989684 -0.0026438217452428902 -0.0023877166011074457 -0.0061569288863167482 -0.010358668226991656 0.0017210038424490821 -0.0040849462538225046 -0.00031068418459395501 0.0034811574607575549 0.00091806547081220023 6.8773929277948713e-05 -0.0022793891140598763 0.0031035714561380525 -0.0012038103357524732
leaf_weight=789.06496462225914 133.94880856573582 163.10206744074821 242.19919636845589 42.440499931573868 66.418166995048523 867.76791407167912 276.42449967563152 3019.9081577956676 257.66312256455421 1346.0202732235193 471.78913088142872 92.832892432808876 137.4036963135004 476.83440375328064
leaf_count=813 122 145 241 37 74 794 279 2993 235 1135 396 102 131 452
internal_value=-4.08506e-06 -4.18035e-05 -0.000564676 -0.00183772 -0.00413108 0.000151493 -0.000185663 -0.00062833 0.00096349 0.00053161 -0.000456 0.00133244 0.000182568 -0.000136684
internal_weight=8383.82 8249.87 2226.15 822.847 308.617 6023.72 4256.93 3296.33 1766.79 1509.12 514.23 960.601 1403.3 1265.9
internal_count=7949 7827 2144 748 315 5683 4168 3272 1515 1280 433 896 1396 1265
is_linear=0
shrinkage=0.04


Tree=119
num_leaves=15
num_cat=0
split_feature=5 5 14 3 3 14 8 36 36 30 34 7 40 20
split_gain=0.460262 2.44536 2.44664 1.67525 1.4876 2.61854 1.33246 0.986581 0.733513 1.36042 1.51837 1.33637 0.796973 2.08733
threshold=12.500000000000002 15.500000000000002 1.0000000180025095e-35 4.5000000000000009 1.5000000000000002 1.0000000180025095e-35 3.5000000000000004 1.0000000180025095e-35 1.0000000180025095e-35 169.00000000000003 1.5000000000000002 5.5000000000000009 1.0000000180025095e-35 657.00000000000011
decision_type=2 2 2 2 2 2 2 2 2 2 2 2 2 2
left_child=4 2 3 -2 5 7 -4 -1 9 11 -11 -3 13 -10
right_child=1 8 6 -5 -6 -7 -8 -9 12 10 -12 -13 -14 -15
leaf_value=-0.0048092518087822066 -0.012705208662847158 -0.00091467754958136135 -0.0061336856213449614 -0.0010267734732650239 0.0014502635989965152 0.00090123771727988224 0.0020359974527612576 -0.015375371579158066 0.00071139208513407561 -0.00049473746298205621 0.0023409572578368342 -0.012575188593706795 0.00092694115056433295 -0.0031626215199943232
leaf_weight=35.107749953866005 63.968400195240974 35.388328447937965 47.77825003862381 28.444642663002014 879.84939435124397 118.36248585581779 91.621749579906464 24.382500112056732 766.42526893317699 3542.8406534790993 329.28677289187908 27.551142990589142 2080.37863484025 312.43182030320168
leaf_count=44 84 38 64 27 783 127 76 37 683 3476 313 37 1813 347
internal_value=-4.00429e-06 -0.000116648 -0.00415047 -0.00916007 0.000775592 -0.0025515 -0.00078784 -0.00932244 1.57268e-05 -0.000348674 -0.000253047 -0.0061358 0.000469582 -0.000412393
internal_weight=8383.82 7326.12 231.813 92.413 1057.7 177.853 139.4 59.4903 7094.3 3935.07 3872.13 62.9395 3159.24 1078.86
internal_count=7949 6958 251 111 991 208 140 81 6707 3864 3789 75 2843 1030
is_linear=0
shrinkage=0.04


Tree=120
num_leaves=15
num_cat=0
split_feature=5 3 30 38 20 5 5 7 26 20 7 30 2 30
split_gain=0.429408 0.644161 1.59552 1.72128 2.50041 1.09919 1.49663 1.4118 0.978999 0.954822 0.680429 0.596579 0.561903 0.276943
threshold=4.5000000000000009 2.5000000000000004 850.50000000000011 1.5000000000000002 808.00000000000011 12.500000000000002 13.500000000000002 8.5000000000000018 1.5000000000000002 860.50000000000011 2.5000000000000004 4763.5000000000009 3.5000000000000004 4192.5000000000009
decision_type=2 2 2 2 2 2 2 2 2 2 2 2 2 2
left_child=11 2 -2 4 -4 8 7 -7 12 -5 -8 13 -3 -1
right_child=1 5 3 9 -6 6 10 -9 -10 -11 -12 -13 -14 -15
leaf_value=0.0012563308174992961 -0.0088758105253057551 0.0014294476157920091 -0.0011789312857654949 0.00069842136474235217 -0.010406343351585429 -9.9762248147579672e-05 0.0012814830016764955 -0.012593173479505377 -0.0031528304127032792 0.0068853938216731792 -0.00013690363146485842 0.0047029061487480388 0.0044293932541743701 -0.0022362674788810196
leaf_weight=154.11396422982216 39.278500065207481 272.63350304961205 444.83013287186623 252.81811371445656 51.589750289916992 28.414500057697296 592.39837364852428 28.527900010347366 53.602999925613403 46.460142627358437 6144.2799859493971 70.291500106453896 158.11746384203434 46.460964247584343
leaf_count=130 49 228 536 222 74 23 492 38 55 41 5817 55 143 46
internal_value=-4.07706e-06 -5.64708e-05 -0.00110807 -0.000713967 -0.00215687 6.43111e-05 -6.70627e-05 -0.00646822 0.00190332 0.00167862 -1.20043e-05 0.00155965 0.00253836 0.000440229
internal_weight=8383.82 8112.95 834.977 795.698 496.42 7277.97 6793.62 56.9424 484.354 299.278 6736.68 270.866 430.751 200.575
internal_count=7949 7718 922 873 610 6796 6370 61 426 263 6309 231 371 176
is_linear=0
shrinkage=0.04


Tree=121
num_leaves=15
num_cat=0
split_feature=9 16 16 2 9 30 30 37 22 20 38 7 42 30
split_gain=0.434938 0.785752 2.86484 4.00615 6.65816 1.13503 1.68569 0.936802 0.630324 0.593263 0.640886 1.47548 0.504247 0.647183
threshold=1.0000000180025095e-35 25.000000000000004 45.000000000000007 4.5000000000000009 4.5000000000000009 7734.5000000000009 6932.5000000000009 1.5000000000000002 390.00000000000006 675.00000000000011 1.5000000000000002 5.5000000000000009 661.50000000000011 4274.5000000000009
decision_type=2 2 2 2 2 2 2 2 2 2 2 2 2 2
left_child=9 8 3 -3 -5 6 -4 -7 12 10 -1 -12 -2 -14
right_child=1 2 5 4 -6 7 -8 -9 -10 -11 11 -13 13 -15
leaf_value=0.00083434648016589242 0.00088104721917579951 0.00013622083639541063 3.463237268296386e-06 -0.00097618990789565463 -0.025141984758234617 0.0027665045086804094 -0.0020732839380042862 -0.0013546311718180015 -0.0032969604485449736 0.0032882990487285535 0.0009240495219330206 -0.0099358046207378269 0.0012578269132563203 0.0063845563027939379
leaf_weight=642.00272244215012 283.09362109005451 92.349318251013756 5689.8276904076338 38.774499982595444 33.591000124812126 368.27317714691162 701.57857185602188 115.29274967312813 39.922999858856201 133.40249882638454 58.126249939203262 29.412945240736008 83.607249900698662 74.562499895691872
leaf_count=684 282 80 5265 41 48 318 725 104 54 122 46 40 74 66
internal_value=-3.99984e-06 -0.000101629 -0.000208598 -0.00540566 -0.0123834 -8.33154e-05 -0.000224788 0.00178317 0.0014605 0.000846005 0.000395522 -0.00279584 0.00189741 0.00369954
internal_weight=8383.82 7520.87 7039.69 164.715 72.3655 6874.97 6391.41 483.566 481.186 862.944 729.542 87.5392 441.263 158.17
internal_count=7949 7057 6581 169 89 6412 5990 422 476 892 770 86 422 140
is_linear=0
shrinkage=0.04


Tree=122
num_leaves=15
num_cat=0
split_feature=12 0 0 21 3 8 24 38 5 20 20 21 33 29
split_gain=0.423416 0.900178 1.27198 1.3489 1.03171 0.54018 1.0683 2.20955 2.0439 1.25114 6.9462 1.09063 0.899942 2.47171
threshold=1.0000000180025095e-35 4.5000000000000009 6.5000000000000009 135.00000000000003 2.5000000000000004 3.5000000000000004 1.5000000000000002 2.5000000000000004 31.500000000000004 540.00000000000011 657.00000000000011 315.00000000000006 1.5000000000000002 1.0000000180025095e-35
decision_type=2 2 2 2 2 2 2 2 2 2 2 2 2 2
left_child=5 -2 3 -3 -4 6 9 11 -9 -1 -11 -8 -7 -14
right_child=1 2 4 -5 -6 12 7 8 -10 10 -12 -13 13 -15
leaf_value=4.9094808701860402e-05 0.0030830053516235751 -0.0010155594182149684 -0.0064452188572251988 -0.01214004830639563 0.00047711680851009929 0.00072757525570404729 0.0033281067131528774 0.0012451305324683568 -0.013576934472298801 -0.019385760408813558 -0.0010760108586604883 -0.00082262471506280984 -0.0042599643854095114 0.00030333281653062563
leaf_weight=1920.3785573244095 60.066249400377274 32.978999853134155 41.199999868869781 36.49107126891613 186.93675005435944 3075.3065856546164 361.26442684233189 30.212999850511551 28.051000222563744 33.115500077605247 1181.6384569853544 140.12086343765259 232.13136395812035 1023.9249698370695
leaf_count=1887 60 30 59 46 170 2727 348 28 36 43 1264 153 225 873
internal_value=-3.96532e-06 -0.00134859 -0.00225036 -0.00694836 -0.000795684 5.61165e-05 -0.000299139 0.00130921 -0.00599958 -0.000586569 -0.00159069 0.00216878 0.000359159 -0.000542727
internal_weight=8383.82 357.673 297.607 69.4701 228.137 8026.14 3694.78 559.649 58.264 3135.13 1214.75 501.385 4331.36 1256.06
internal_count=7949 365 305 76 229 7584 3759 565 64 3194 1307 501 3825 1098
is_linear=0
shrinkage=0.04


Tree=123
num_leaves=15
num_cat=0
split_feature=26 44 30 31 10 7 31 3 26 20 38 7 4 2
split_gain=0.426021 0.630448 0.558815 0.479535 0.785878 1.42994 0.644762 1.09244 0.625879 0.470495 0.384687 0.366082 0.147027 0.111719
threshold=2.5000000000000004 3.5000000000000004 2878.0000000000005 5896.5000000000009 1.0000000180025095e-35 4.5000000000000009 5439.5000000000009 3.5000000000000004 1.0000000180025095e-35 860.50000000000011 1.0000000180025095e-35 7.5000000000000009 21.500000000000004 4.5000000000000009
decision_type=2 2 2 2 2 2 2 2 2 2 2 2 2 2
left_child=1 3 -3 6 9 -6 8 -8 -1 -5 11 -2 -4 -12
right_child=10 2 12 4 5 -7 7 -9 -10 -11 13 -13 -14 -15
leaf_value=0.00055890209718216987 0.0015407294019730328 0.00054626011743763505 -0.0074849711212467418 -0.00014993429452186895 0.00022670753585318299 -0.0031148381266166499 -0.0031474516575774976 0.0023539303064110764 -0.00035084865417643721 0.0028385753518213358 -0.00042436622880890999 0.0064610859866136355 -0.003365025501532289 0.0010900258683762673
leaf_weight=2134.0160511881113 69.592499554157257 38.4742551445961 31.408834517002106 1535.2051060497761 395.21803456544876 424.21668492257595 66.306864440441132 409.99774858355522 2791.499931588769 88.181249588727951 122.58437487483025 36.843571245670319 29.323589444160461 210.94899892807007
leaf_count=2102 59 37 34 1566 355 443 77 351 2512 84 97 32 27 173
internal_value=-4.04289e-06 -7.12107e-05 -0.00322389 -3.09347e-05 -0.000495878 -0.00150488 0.000179376 0.00158309 4.3341e-05 1.40471e-05 0.00120611 0.00328823 -0.00558246 0.000533833
internal_weight=8383.82 7943.85 99.2067 7844.64 2442.82 819.435 5401.82 476.305 4925.52 1623.39 439.969 106.436 60.7324 333.533
internal_count=7949 7588 98 7490 2448 798 5042 428 4614 1650 361 91 61 270
is_linear=0
shrinkage=0.04


Tree=124
num_leaves=15
num_cat=0
split_feature=43 4 6 0 3 5 5 3 16 16 30 3 4 3
split_gain=0.411558 0.692882 1.14064 1.02242 0.893932 0.71979 0.829061 1.50247 0.862736 0.609119 0.999248 0.592474 0.454734 1.73151
threshold=9.5000000000000018 8.5000000000000018 13.500000000000002 19.500000000000004 2.5000000000000004 12.500000000000002 15.500000000000002 4.5000000000000009 165.00000000000003 45.000000000000007 5878.0000000000009 4.5000000000000009 23.500000000000004 5.5000000000000009
decision_type=2 2 2 2 2 2 2 2 2 2 2 2 2 2
left_child=1 2 3 4 -1 -3 7 -7 -8 10 11 -2 13 -11
right_child=9 5 -4 -5 -6 6 8 -9 -10 12 -12 -13 -14 -15
leaf_value=-0.0067334369533824387 -0.0040962262563164339 0.0015488849149250233 0.00080641435039033218 0.0031080273869685082 -0.0021396948498662543 -0.0061909395018625059 -0.00025204771971844574 0.0040801055720866477 0.0021416941420752877 0.00084320423614271623 -0.0079440593350463568 0.0019215778128211551 0.0012316394023784074 -0.0020850781713302002
leaf_weight=105.54517844319344 39.971500217914581 408.0809973180294 201.03793448209763 38.062500149011612 190.50790025293827 86.187249943614006 4207.7284370213747 30.064999938011169 254.53249779343605 1352.0346954464912 34.714375078678131 71.504318356513977 940.4047726392746 423.44043755531311
leaf_count=150 36 365 186 47 208 113 4208 23 232 1158 38 56 786 343
internal_value=-3.89273e-06 -0.000205655 -0.00157203 -0.00300128 -0.00379455 -5.87319e-05 -0.000202325 -0.00352251 -0.000115057 0.0003853 -0.00212122 -0.00025344 0.000520952 0.000144045
internal_weight=8383.82 5521.75 535.154 334.116 296.053 4986.59 4578.51 116.252 4462.26 2862.07 146.19 111.476 2715.88 1775.48
internal_count=7949 5532 591 405 358 4941 4576 136 4440 2417 130 92 2287 1501
is_linear=0
shrinkage=0.04


Tree=125
num_leaves=15
num_cat=0
split_feature=9 16 16 5 30 30 25 37 5 22 20 38 7 42
split_gain=0.411508 0.751439 2.60747 3.73604 1.03411 1.52416 0.914794 0.852159 0.765474 0.561576 0.550378 0.59242 1.35855 0.460554
threshold=1.0000000180025095e-35 25.000000000000004 45.000000000000007 28.500000000000004 7734.5000000000009 6932.5000000000009 1.0000000180025095e-35 1.5000000000000002 24.500000000000004 390.00000000000006 675.00000000000011 1.5000000000000002 5.5000000000000009 661.50000000000011
decision_type=2 2 2 2 2 2 2 2 2 2 2 2 2 2
left_child=10 9 3 8 5 -4 -5 -6 -3 13 11 -1 -13 -2
right_child=1 2 4 6 7 -7 -8 -9 -10 -11 -12 12 -14 -15
leaf_value=0.0008109767096662364 0.00086973730899833461 0.001143188509517288 -1.8451448171214827e-06 -0.0082523062574367048 0.0026355875138667547 -0.0019765849346368341 -0.01970108222770096 -0.0012949490805328459 -0.0056358968197491015 -0.0030621125069957502 0.003175364976092011 0.00089013632825770241 -0.0095304765407671389 0.0035635341364812691
leaf_weight=642.00272244215012 283.09362109005451 76.099318221211433 5689.8276904076338 24.114999979734421 368.27317714691162 701.57857185602188 24.696749970316887 115.29274967312813 39.803750187158585 39.922999858856201 133.40249882638454 58.126249939203262 29.412945240736008 158.16974979639053
leaf_count=684 282 64 5265 29 318 725 35 104 41 54 122 46 40 140
internal_value=-3.80265e-06 -9.87656e-05 -0.000203373 -0.0051615 -8.38497e-05 -0.000218886 -0.0143241 0.00169772 -0.0012132 0.00142887 0.00082299 0.000389082 -0.00267926 0.0018412
internal_weight=8383.82 7520.87 7039.69 164.715 6874.97 6391.41 48.8117 483.566 115.903 481.186 862.944 729.542 87.5392 441.263
internal_count=7949 7057 6581 169 6412 5990 64 422 105 476 892 770 86 422
is_linear=0
shrinkage=0.04


Tree=126
num_leaves=15
num_cat=0
split_feature=22 31 10 38 24 22 30 30 39 5 4 20 16 5
split_gain=0.418229 1.13663 0.931451 1.08422 1.71497 0.862775 1.49807 1.97489 5.27214 1.06677 1.0478 1.01649 1.00459 0.90741
threshold=75.000000000000014 8135.5000000000009 1.0000000180025095e-35 1.0000000180025095e-35 1.0000000180025095e-35 135.00000000000003 1751.0000000000002 2340.5000000000005 1.0000000180025095e-35 40.500000000000007 36.500000000000007 676.50000000000011 45.000000000000007 41.500000000000007
decision_type=2 2 2 2 2 2 2 2 2 2 2 2 2 2
left_child=1 2 -1 4 -4 10 13 8 -8 -9 11 12 -2 -7
right_child=5 -3 3 -5 -6 6 7 9 -10 -11 -12 -13 -14 -15
leaf_value=0.00029946727994716401 -0.0023024103993047589 -0.0063257231726765641 -0.0020148244421375173 -0.00030550139552654404 -0.010415955905886938 0.0016541301778245456 -0.011122730495560083 -0.00055077191315152621 0.00030853456621238206 0.0015788882789698935 0.0031685517610253078 -0.006094058161988756 0.0010238622702368352 -0.0023547661774665114
leaf_weight=1405.0119929164648 162.4120674431324 50.747464329004288 254.39297120273113 534.05832016468048 45.074166834354401 874.96166405081749 98.980500310659409 2614.7054450660944 182.03149934113026 438.59021244943142 276.29532492160797 35.587026298046112 1311.123246923089 99.845892384648323
leaf_count=1394 144 55 242 461 48 801 126 2615 157 408 253 37 1099 109
internal_value=-3.82404e-06 -0.000464669 -0.000329034 -0.00138754 -0.00330977 0.000169331 -0.000137048 -0.000540333 -0.00374305 -0.00024444 0.00090844 0.000492827 0.00065593 0.00124152
internal_weight=8383.82 2289.28 2238.54 833.525 299.467 6094.53 4309.12 3334.31 281.012 3053.3 1785.42 1509.12 1473.54 974.808
internal_count=7949 2200 2145 751 290 5749 4216 3306 283 3023 1533 1280 1243 910
is_linear=0
shrinkage=0.04


Tree=127
num_leaves=15
num_cat=0
split_feature=27 22 10 8 24 3 22 30 30 4 20 34 30 6
split_gain=0.401086 0.455957 1.07652 1.38039 1.76795 0.872495 0.832239 1.52134 1.92699 1.0204 0.938717 0.727049 0.705154 0.513121
threshold=3.5000000000000004 75.000000000000014 1.0000000180025095e-35 3.5000000000000004 1.0000000180025095e-35 3.5000000000000004 135.00000000000003 1751.0000000000002 2340.5000000000005 36.500000000000007 676.50000000000011 1.5000000000000002 1685.5000000000002 6.5000000000000009
decision_type=2 2 2 2 2 2 2 2 2 2 2 2 2 2
left_child=1 2 11 4 -4 -5 9 12 -9 10 -3 13 -8 -1
right_child=-2 6 3 5 -6 -7 7 8 -10 -11 -12 -13 -14 -15
leaf_value=-0.0011159968985104583 0.00215924466112417 0.00062965804265902893 -0.0021811080124324164 -0.0058292943600873606 -0.0095200318615468998 9.4599075781060321e-05 0.00092849379541858599 -0.0037599940968038709 -0.0002763910043740279 0.0031925557430783685 -0.0058569581572912709 0.002898072754998259 0.0050375057775892008 0.00051875720582755
leaf_weight=521.72978769242764 133.94880856573582 1473.5353143662214 242.19919636845589 42.440499931573868 66.418166995048523 471.78913088142872 889.24830695986748 276.42449967563152 3019.9081577956676 257.66312256455421 35.587026298046112 137.4036963135004 71.352499544620514 744.16958068311214
leaf_count=535 122 1243 241 37 74 396 835 279 2993 235 37 131 61 730
internal_value=-3.83067e-06 -3.92088e-05 -0.000528239 -0.001676 -0.00378618 -0.000404678 0.000141577 -0.000161346 -0.000569571 0.000871124 0.000472918 0.000145482 0.00123863 -0.000155342
internal_weight=8383.82 8249.87 2226.15 822.847 308.617 514.23 6023.72 4256.93 3296.33 1766.79 1509.12 1403.3 960.601 1265.9
internal_count=7949 7827 2144 748 315 433 5683 4168 3272 1515 1280 1396 896 1265
is_linear=0
shrinkage=0.04


Tree=128
num_leaves=15
num_cat=0
split_feature=43 4 5 2 3 3 5 5 2 40 38 2 30 30
split_gain=0.404229 0.533217 1.26636 2.80708 8.00592 1.33631 1.14789 1.42789 3.47815 1.43696 1.26657 1.74264 0.45223 0.425086
threshold=24.500000000000004 13.500000000000002 27.500000000000004 3.5000000000000004 5.5000000000000009 1.5000000000000002 24.500000000000004 25.500000000000004 5.5000000000000009 3.5000000000000004 1.0000000180025095e-35 5.5000000000000009 7311.0000000000009 7525.0000000000009
decision_type=2 2 2 2 2 2 2 2 2 2 2 2 2 2
left_child=1 2 3 5 -5 -1 10 8 -8 -9 11 -3 -12 -4
right_child=-2 6 13 4 -6 -7 7 9 -10 -11 12 -13 -14 -15
leaf_value=-0.0044229478615797129 0.0012223031173628502 0.0008891462077481705 0.0013180311180190747 -0.0021739289089921761 -0.020592927555881119 0.00045379320518941193 0.0012542455811021327 2.9848274617678833e-05 -0.013479099221998992 -0.0059403264067186528 0.0018601814810556738 -0.0053803398075064355 0.0047270098341648248 -0.0026156116802559799
leaf_weight=100.65675020217896 408.26679277420044 315.27014172077179 484.28307017683983 344.56513744592667 41.453999668359756 776.4981719404459 62.703999668359756 4889.4490104317665 42.190892711281776 64.366655707359314 613.63377989828587 90.456999838352203 102.6173925101757 47.404999941587448
leaf_count=115 318 299 405 410 55 705 52 4681 63 71 527 117 86 45
internal_value=-3.73985e-06 -6.66461e-05 -0.000673368 -0.00136238 -0.00420002 -0.00011023 0.000109625 -0.000147163 -0.00474314 -4.89075e-05 0.00126652 -0.000518429 0.00227693 0.000963058
internal_weight=8383.82 7975.55 1794.86 1263.17 386.019 877.155 6180.69 5058.71 104.895 4953.82 1121.98 405.727 716.251 531.688
internal_count=7949 7631 1735 1285 465 820 5896 4867 115 4752 1029 416 613 450
is_linear=0
shrinkage=0.04


Tree=129
num_leaves=15
num_cat=0
split_feature=26 44 30 16 33 30 33 16 8 22 38 7 4 22
split_gain=0.399813 0.565856 0.50834 0.467953 1.06913 1.75641 1.19561 0.784754 0.663582 0.56049 0.380037 0.359283 0.130535 0.109836
threshold=2.5000000000000004 3.5000000000000004 2878.0000000000005 85.000000000000014 1.0000000180025095e-35 199.50000000000003 2.5000000000000004 125.00000000000001 4.5000000000000009 195.00000000000003 1.0000000180025095e-35 6.5000000000000009 21.500000000000004 290.00000000000006
decision_type=2 2 2 2 2 2 2 2 2 2 2 2 2 2
left_child=1 3 -3 4 5 -1 -6 9 -9 -5 11 -2 -4 -12
right_child=10 2 12 7 6 -7 -8 8 -10 -11 13 -13 -14 -15
leaf_value=-0.010105660250923597 0.0010812789381300415 0.00053973347884870215 -0.0070990172959312639 0.00071426728941850249 0.00044091412291140115 -0.001040879913761793 -0.0033554632747676721 0.00041875436646651921 -0.00068788066381570475 0.0042371151574259643 0.00020052352865966545 0.0057457299133024933 -0.003213149888664352 0.0022564639414949699
leaf_weight=34.173685789108276 57.992499649524689 38.4742551445961 31.408834517002106 169.01574990153313 1918.2675367444754 1261.9754520207644 141.59364967048168 2970.6046503782272 1223.1259463727474 125.8850000500679 285.8283739387989 48.443571150302887 29.323589444160461 47.70499986410141
leaf_count=48 49 37 34 134 1896 1361 146 2755 1041 109 231 42 27 39
internal_value=-3.79468e-06 -6.88637e-05 -0.00305568 -3.07064e-05 -0.000387933 -0.00128748 0.000178452 0.000236408 9.59108e-05 0.00222731 0.00116855 0.00323799 -0.00530524 0.000500449
internal_weight=8383.82 7943.85 99.2067 7844.64 3356.01 1296.15 2059.86 4488.63 4193.73 294.901 439.969 106.436 60.7324 333.533
internal_count=7949 7588 98 7490 3451 1409 2042 4039 3796 243 361 91 61 270
is_linear=0
shrinkage=0.04


Tree=130
num_leaves=15
num_cat=0
split_feature=5 30 3 30 38 20 5 5 7 20 21 5 6 25
split_gain=0.387 0.56448 0.561146 1.45072 1.49954 2.28105 0.943682 1.37637 1.21602 0.8929 0.854312 0.662545 0.620307 0.418386
threshold=4.5000000000000009 4763.5000000000009 2.5000000000000004 850.50000000000011 1.5000000000000002 808.00000000000011 12.500000000000002 13.500000000000002 8.5000000000000018 860.50000000000011 155.00000000000003 11.500000000000002 3.5000000000000004 1.5000000000000002
decision_type=2 2 2 2 2 2 2 2 2 2 2 2 2 2
left_child=1 -1 3 -2 5 -5 10 8 -8 -6 11 -4 -9 -12
right_child=2 -3 6 4 9 -7 7 12 -10 -11 13 -13 -14 -15
leaf_value=0.00039212235396729537 -0.0084417603845167791 0.0045382894686173273 0.0018706678523472773 -0.0010720138940331458 0.0006263236265630544 -0.0098851120708507538 -0.00028375976313167506 -0.0021328251137658146 -0.01188555831500817 0.0066089867150509497 -0.0049765036723399426 0.0065876723543362714 5.9744739945271108e-05 0.00067124852329006324
leaf_weight=200.5749284774065 39.278500065207481 70.291500106453896 346.60692399740219 444.83013287186623 252.81811371445656 51.589750289916992 28.414500057697296 212.19760549068451 28.527900010347366 46.460142627358437 37.573500201106071 54.59554260969162 6524.4807541072369 45.578000009059906
leaf_count=176 49 55 285 536 222 74 23 240 38 41 47 47 6069 47
internal_value=-3.68996e-06 0.00148081 -5.34293e-05 -0.00103493 -0.000659166 -0.00200593 5.93015e-05 -6.24247e-05 -0.00620102 0.00157399 0.00176326 0.00252734 -9.62499e-06 -0.0019096
internal_weight=8383.82 270.866 8112.95 834.977 795.698 496.42 7277.97 6793.62 56.9424 299.278 484.354 401.202 6736.68 83.1515
internal_count=7949 231 7718 922 873 610 6796 6370 61 263 426 332 6309 94
is_linear=0
shrinkage=0.04


Tree=131
num_leaves=15
num_cat=0
split_feature=9 16 16 5 30 30 25 37 7 20 38 7 22 43
split_gain=0.389253 0.712221 2.39944 3.44533 0.921389 1.29797 0.829108 0.78495 0.717727 0.496595 0.56696 1.24304 0.494178 0.443608
threshold=1.0000000180025095e-35 25.000000000000004 45.000000000000007 28.500000000000004 7734.5000000000009 6932.5000000000009 1.0000000180025095e-35 1.5000000000000002 4.5000000000000009 675.00000000000011 1.5000000000000002 5.5000000000000009 390.00000000000006 4.5000000000000009
decision_type=2 2 2 2 2 2 2 2 2 2 2 2 2 2
left_child=9 12 3 8 5 -4 -5 -6 -3 10 -1 -12 13 -2
right_child=1 2 4 6 7 -7 -8 -9 -10 -11 11 -13 -14 -15
leaf_value=0.0008010282152976847 0.00047208248806526016 0.003172948746694619 -1.0341454339729013e-05 -0.0079645220267161275 0.002498657750763003 -0.0018326750760596958 -0.018875193235893234 -0.0012735475570716363 -0.0034069603256738044 0.0030350040933887347 0.00080166840955280341 -0.0091667439686516673 -0.0028220971486478119 0.0030093749974517787
leaf_weight=642.00272244215012 214.8254978209734 39.39431831240654 5689.8276904076338 24.114999979734421 368.27317714691162 701.57857185602188 24.696749970316887 115.29274967312813 76.508750095963478 133.40249882638454 58.126249939203262 29.412945240736008 39.922999858856201 226.43787306547165
leaf_count=684 229 31 5265 29 318 725 35 104 74 122 46 40 54 193
internal_value=-3.625e-06 -9.59844e-05 -0.000197825 -0.00495405 -8.31689e-05 -0.000210633 -0.013753 0.00159851 -0.0011625 0.0008005 0.000388308 -0.0026134 0.00139126 0.00177798
internal_weight=8383.82 7520.87 7039.69 164.715 6874.97 6391.41 48.8117 483.566 115.903 862.944 729.542 87.5392 481.186 441.263
internal_count=7949 7057 6581 169 6412 5990 64 422 105 892 770 86 476 422
is_linear=0
shrinkage=0.04


Tree=132
num_leaves=15
num_cat=0
split_feature=27 26 25 3 21 25 27 6 21 1 24 22 31 5
split_gain=0.378793 0.423211 1.09618 1.61981 1.98979 0.904416 2.28885 5.45273 1.67266 3.84743 2.71922 0.955362 0.70502 0.886155
threshold=3.5000000000000004 1.5000000000000002 1.5000000000000002 5.5000000000000009 145.00000000000003 1.5000000000000002 1.0000000180025095e-35 10.500000000000002 305.00000000000006 1.0000000180025095e-35 1.5000000000000002 305.00000000000006 7490.0000000000009 34.500000000000007
decision_type=2 2 2 2 2 2 2 2 2 2 2 2 2 2
left_child=1 5 12 -4 -5 8 11 -8 10 -10 -1 -7 -3 -14
right_child=-2 2 3 4 -6 6 7 -9 9 -11 -12 -13 13 -15
leaf_value=-0.00062645733817167704 0.0020984713250377252 0.00096635020096690982 0.0012519819145121644 -0.0015572091048323437 -0.011731283753330261 0.00079008487678360951 -0.0097896455992332355 0.0010107251603632364 0.002375172168234756 -0.0061177835865027543 0.0027827530972131843 0.0034573019315303865 0.00023821647947730844 -0.0081165617184505417
leaf_weight=3619.5851539224386 133.94880856573582 1774.546085268259 131.08500003814697 93.385750025510788 45.138714179396629 1095.0430818498135 106.94085678458214 243.02776131033897 132.23249939084053 237.45790621638298 416.5045520067215 266.63733965158463 58.097785472869873 30.186499953269958
leaf_count=3656 122 1507 112 78 45 959 121 212 118 281 405 245 57 31
internal_value=-3.63056e-06 -3.80115e-05 0.000447106 -0.00193222 -0.00493279 -0.000207161 0.000572921 -0.00230806 -0.000510285 -0.00308177 -0.000274041 0.00131452 0.00079232 -0.00267739
internal_weight=8383.82 8249.87 2132.44 269.609 138.524 6117.43 1711.65 349.969 4405.78 369.69 4036.09 1361.68 1862.83 88.2843
internal_count=7949 7827 1830 235 123 5997 1537 333 4460 399 4061 1204 1595 88
is_linear=0
shrinkage=0.04


Tree=133
num_leaves=15
num_cat=0
split_feature=20 2 5 3 30 1 7 16 16 5 20 15 20 20
split_gain=0.382016 3.3937 2.37926 1.97928 1.97545 0.619757 0.5008 0.591065 3.10135 5.71003 0.935825 0.909689 0.658007 0.441849
threshold=931.50000000000011 2.5000000000000004 28.500000000000004 4.5000000000000009 3535.5000000000005 1.0000000180025095e-35 2.5000000000000004 25.000000000000004 45.000000000000007 26.500000000000004 276.00000000000006 103.00000000000001 741.50000000000011 647.50000000000011
decision_type=2 2 2 2 2 2 2 2 2 2 2 2 2 2
left_child=6 -2 -3 4 -4 -5 13 11 9 -9 -10 -8 -13 -1
right_child=1 2 3 5 -6 -7 7 8 10 -11 -12 12 -14 -15
leaf_value=0.00048712701874926198 -0.0088312275853911909 0.0090356750908551792 0.0017221414725673658 0.0052124320968578511 -0.012140045904984445 0.0010583119123364414 0.00021518742551720268 0.00011776425796444027 0.00065542648734006042 -0.016932584364462246 -0.00043991843413489044 0.0021792093675524447 0.0084451960388540644 0.0031365890222332512
leaf_weight=519.99374786019325 47.498143017292023 69.597196742892265 32.13999992609024 87.439999431371689 32.229000195860863 166.04262410104275 562.59207174181938 83.381818220019341 1687.917244464159 49.421500101685524 4779.6356997638941 106.48974965512753 35.374999850988388 124.06399956345558
leaf_count=430 64 63 29 72 39 159 650 72 1456 67 4618 93 32 105
internal_value=-3.59491e-06 0.00114931 0.00239242 0.000914033 -0.00529807 0.00250615 -6.6816e-05 -0.000161138 -0.000278724 -0.00630649 -0.000153996 0.000939412 0.00378985 0.00100156
internal_weight=8383.82 434.947 387.449 317.852 64.369 253.483 7948.87 7304.81 6600.36 132.803 6467.55 704.457 141.865 644.058
internal_count=7949 426 362 299 68 231 7523 6988 6213 139 6074 775 125 535
is_linear=0
shrinkage=0.04


Tree=134
num_leaves=15
num_cat=0
split_feature=9 22 1 30 20 30 30 30 22 7 4 34 37 22
split_gain=0.376164 0.635104 1.55673 4.36434 3.84315 2.14619 0.966154 2.78394 0.77879 1.57475 1.88752 1.38965 4.86343 1.3557
threshold=1.0000000180025095e-35 75.000000000000014 1.0000000180025095e-35 4763.5000000000009 276.00000000000006 229.00000000000003 7150.0000000000009 6703.5000000000009 145.00000000000003 8.5000000000000018 5.5000000000000009 1.5000000000000002 1.5000000000000002 155.00000000000003
decision_type=2 2 2 2 2 2 2 2 2 2 2 2 2 2
left_child=-1 2 3 5 -5 -2 7 -4 11 13 -11 -3 -13 -10
right_child=1 8 6 4 -6 -7 -8 -9 9 10 -12 12 -14 -15
leaf_value=0.00078700976689920655 -0.0098601540818133264 0.00089946089498551 -4.7681484854338509e-05 -0.0010569503138685692 -0.012790865681698396 0.0011001321061144859 0.002562189600840419 -0.010631516437676614 -0.0020348939221902741 -0.00097488818642038123 -0.012750508513440487 0.00043627482777214337 -0.013134240244744804 0.0002206562691727565
leaf_weight=862.94441644847393 30.500685974955559 2460.7093108296394 968.07911138236523 80.326499909162521 100.13492864370346 307.88104690611362 198.75492759048939 40.467999786138535 515.23987279832363 57.410500273108482 34.27374991774559 228.16796398162842 50.841375291347504 2448.0854049026966
leaf_count=892 37 2255 864 66 125 263 172 42 485 79 42 207 65 2355
internal_value=-3.48011e-06 -9.42734e-05 -0.00076752 -0.00259762 -0.0076025 8.60634e-05 2.0471e-05 -0.000482469 0.000106372 -0.000332718 -0.00546697 0.000595937 -0.00207463 -0.000172075
internal_weight=8383.82 7520.87 1726.15 518.843 180.461 338.382 1207.3 1008.55 5794.73 3055.01 91.6843 2739.72 279.009 2963.33
internal_count=7949 7057 1569 491 191 300 1078 906 5488 2961 121 2527 272 2840
is_linear=0
shrinkage=0.04


Tree=135
num_leaves=15
num_cat=0
split_feature=12 0 1 2 6 8 9 30 2 30 38 21 5 33
split_gain=0.366514 0.822752 1.15662 2.41791 0.551096 0.478893 0.991803 2.56809 3.24584 1.70745 1.22135 1.63369 1.56641 0.849606
threshold=1.0000000180025095e-35 4.5000000000000009 1.0000000180025095e-35 5.5000000000000009 9.5000000000000018 3.5000000000000004 4.5000000000000009 6098.5000000000009 5.5000000000000009 872.00000000000011 2.5000000000000004 155.00000000000003 34.500000000000007 1.5000000000000002
decision_type=2 2 2 2 2 2 2 2 2 2 2 2 2 2
left_child=5 -2 3 -3 -4 6 10 9 -9 -8 12 -12 -1 -7
right_child=1 2 4 -5 -6 13 7 8 -10 -11 11 -13 -14 -15
leaf_value=0.0016587904968830764 0.0029818592184703428 -0.001004220695400813 -0.0049403761107794158 -0.014439591056457361 0.00051642358994337433 0.00069558531269947783 -0.0076323944062428161 0.00069588301182192073 -0.011359839635592837 0.00039127120424895212 -0.00052722087308997056 -0.0081815891894490324 -0.00038366486493859306 -0.00053867683319458665
leaf_weight=862.59576925635338 60.066249400377274 60.377750024199486 34.821499884128571 32.367571398615837 170.03999973833561 3075.3065856546164 45.723750114440918 60.970071062445641 84.949000105261803 461.49589124321938 141.4425693154335 64.272928699851036 1973.3318249434233 1256.0563337951899
leaf_count=839 60 64 50 42 149 2727 62 58 115 451 127 78 2029 1098
internal_value=-3.61415e-06 -0.00125463 -0.00211681 -0.0057971 -0.000430593 5.22849e-05 -0.00028221 -0.0016952 -0.00635209 -0.000345624 2.16613e-05 -0.00294673 0.000237949 0.000337619
internal_weight=8383.82 357.673 297.607 92.7453 204.861 8026.14 3694.78 653.139 145.919 507.22 3041.64 205.715 2835.93 4331.36
internal_count=7949 365 305 106 199 7584 3759 686 173 513 3073 205 2868 3825
is_linear=0
shrinkage=0.04


Tree=136
num_leaves=15
num_cat=0
split_feature=27 22 10 8 24 3 22 30 30 36 16 34 5 31
split_gain=0.354361 0.402181 0.974554 1.17995 1.5629 0.784872 0.690364 1.3549 1.84976 0.99065 0.753463 0.685569 0.635459 0.482519
threshold=3.5000000000000004 75.000000000000014 1.0000000180025095e-35 3.5000000000000004 1.0000000180025095e-35 3.5000000000000004 135.00000000000003 1751.0000000000002 2340.5000000000005 1.0000000180025095e-35 45.000000000000007 1.5000000000000002 41.500000000000007 8096.5000000000009
decision_type=2 2 2 2 2 2 2 2 2 2 2 2 2 2
left_child=1 2 11 4 -4 -5 9 12 -9 -3 -11 13 -8 -1
right_child=-2 6 3 5 -6 -7 7 8 -10 10 -12 -13 -14 -15
leaf_value=-1.7982105229920909e-05 0.0020295091180856321 0.0018437400288715395 -0.0020302383530822836 -0.0055577814755054826 -0.0089302551173795625 6.0830521022455437e-05 0.0015149065202941104 -0.0036541054728400032 -0.0002410470313754955 -0.003793269228793735 0.00027210427220662888 0.0028177202965089573 -0.0019524100717007592 -0.0048596001139430255
leaf_weight=1233.0606898367405 133.94880856573582 794.86014805734158 242.19919636845589 42.440499931573868 66.418166995048523 471.78913088142872 867.76791407167912 276.42449967563152 3019.9081577956676 78.419067949056625 893.50624722242355 137.4036963135004 92.832892432808876 32.838678538799286
leaf_count=1232 122 695 241 37 74 396 794 279 2993 72 748 131 102 33
internal_value=-3.67026e-06 -3.69239e-05 -0.000496211 -0.00158826 -0.00353925 -0.000412773 0.000132866 -0.000143031 -0.000528281 0.000797325 -5.9469e-05 0.000144805 0.00117814 -0.000147315
internal_weight=8383.82 8249.87 2226.15 822.847 308.617 514.23 6023.72 4256.93 3296.33 1766.79 971.925 1403.3 960.601 1265.9
internal_count=7949 7827 2144 748 315 433 5683 4168 3272 1515 820 1396 896 1265
is_linear=0
shrinkage=0.04


Tree=137
num_leaves=15
num_cat=0
split_feature=20 2 5 3 30 1 7 12 0 1 16 16 21 20
split_gain=0.36488 3.17145 2.13499 1.82179 1.75985 0.597616 0.452274 0.532982 1.03556 1.99103 0.566054 1.81245 0.901969 0.414541
threshold=931.50000000000011 2.5000000000000004 28.500000000000004 4.5000000000000009 3535.5000000000005 1.0000000180025095e-35 2.5000000000000004 1.0000000180025095e-35 4.5000000000000009 1.0000000180025095e-35 65.000000000000014 25.000000000000004 145.00000000000003 431.50000000000006
decision_type=2 2 2 2 2 2 2 2 2 2 2 2 2 2
left_child=6 -2 -3 4 -4 -5 13 10 -9 -10 11 -8 -12 -1
right_child=1 2 3 5 -6 -7 7 8 9 -11 12 -13 -14 -15
leaf_value=0.00035364312336721049 -0.0085251299673431112 0.0086179003623315827 0.0015910881454921128 0.0051089789371232619 -0.011493616069528015 0.0010298334561745918 0.00088085050937343576 0.00292972435787703 -0.0087928771877565214 -0.00054795867897323991 0.00050718292445800636 -0.0017633941433760735 -0.00058094861907678394 0.0026768692440377684
leaf_weight=479.661248087883 47.498143017292023 69.597196742892265 32.13999992609024 87.439999431371689 32.229000195860863 166.04262410104275 686.38632142543793 55.926249474287033 67.332821398973465 149.61524979770184 3402.5452547073364 1045.1376681178808 1897.8695188760757 164.39649933576584
leaf_count=396 64 63 29 72 39 159 757 56 85 151 3077 1047 1815 139
internal_value=-3.63078e-06 0.00112311 0.00232481 0.000924165 -0.00503591 0.0024515 -6.54176e-05 -0.000155053 -0.00188625 -0.00313549 -8.76154e-05 -0.000715297 0.00011753 0.00094988
internal_weight=8383.82 434.947 387.449 317.852 64.369 253.483 7948.87 7304.81 272.874 216.948 7031.94 1731.52 5300.41 644.058
internal_count=7949 426 362 299 68 231 7523 6988 292 236 6696 1804 4892 535
is_linear=0
shrinkage=0.04


Tree=138
num_leaves=15
num_cat=0
split_feature=9 16 16 2 9 30 30 39 20 38 7 22 43 6
split_gain=0.352677 0.575681 1.93586 2.90257 5.63296 0.825686 1.06006 0.730241 0.489688 0.52217 1.1447 0.423142 0.382708 0.60674
threshold=1.0000000180025095e-35 25.000000000000004 45.000000000000007 4.5000000000000009 4.5000000000000009 7734.5000000000009 6932.5000000000009 2.5000000000000004 675.00000000000011 1.5000000000000002 5.5000000000000009 390.00000000000006 4.5000000000000009 9.5000000000000018
decision_type=2 2 2 2 2 2 2 2 2 2 2 2 2 2
left_child=8 11 3 -3 -5 6 -4 -7 9 -1 -11 12 -2 -14
right_child=1 2 5 4 -6 7 -8 -9 -10 10 -12 -13 13 -15
leaf_value=0.00074873255502032126 0.00039088568551975039 0.00026053478409861864 -1.9662309595281661e-05 7.2232023186415877e-05 -0.022129324862084469 0.002053215904355349 -0.0016665429298385926 -0.0029198584940337995 0.002980763146867843 0.00074948363240852584 -0.0088167399268887642 -0.0026527272779819536 0.0048709277354139838 0.00073000588325068682
leaf_weight=642.00272244215012 214.8254978209734 92.349318251013756 5689.8276904076338 38.774499982595444 33.591000124812126 431.41217711567879 701.57857185602188 52.153749704360962 133.40249882638454 58.126249939203262 29.412945240736008 39.922999858856201 109.62199878692627 116.81587427854538
leaf_count=684 229 80 5265 41 48 370 725 52 122 46 40 54 97 96
internal_value=-3.52375e-06 -9.14368e-05 -0.000182996 -0.00445513 -0.0103946 -8.00088e-05 -0.000200671 0.00151194 0.00076189 0.000352626 -0.00252802 0.00124567 0.00160357 0.00274729
internal_weight=8383.82 7520.87 7039.69 164.715 72.3655 6874.97 6391.41 483.566 862.944 729.542 87.5392 481.186 441.263 226.438
internal_count=7949 7057 6581 169 89 6412 5990 422 892 770 86 476 422 193
is_linear=0
shrinkage=0.04


end of trees

feature_importances:
opp_board_signature=238
opp_deck=139
opp_active_id=131
opp_hand=123
opp_prizes=116
your_prizes=102
opp_active_max_hp=98
your_deck=82
go_first=80
opp_bench=78
your_active_hp=69
your_hand=67
hand_hammer=60
your_bench=56
opp_active_energy=56
opp_active_hp=54
stadium_id=48
your_board_signature=41
hand_alakazam=35
your_alakazam=34
your_kadabra=29
turn=25
hand_kadabra=23
your_abra=21
option_count=16
supporter_played=14
hand_boss=14
retreated=12
your_active_id=12
your_dunsparce=12
hand_candy=12
min_count=10
hand_energy=9
hand_xerosic=8
your_active_max_hp=7
your_active_energy=5
context_code=4
stadium_played=3
energy_attached=1

parameters:
[boosting: gbdt]
[objective: regression]
[metric: l2]
[tree_learner: serial]
[device_type: cpu]
[data_sample_strategy: bagging]
[data: ]
[valid: ]
[num_iterations: 140]
[learning_rate: 0.04]
[num_leaves: 15]
[num_threads: 1]
[seed: 741]
[deterministic: 1]
[force_col_wise: 0]
[force_row_wise: 0]
[histogram_pool_size: -1]
[max_depth: 5]
[min_data_in_leaf: 30]
[min_sum_hessian_in_leaf: 0.001]
[bagging_fraction: 1]
[pos_bagging_fraction: 1]
[neg_bagging_fraction: 1]
[bagging_freq: 0]
[bagging_seed: 9664]
[bagging_by_query: 0]
[feature_fraction: 1]
[feature_fraction_bynode: 1]
[feature_fraction_seed: 7560]
[extra_trees: 0]
[extra_seed: 5152]
[early_stopping_round: 0]
[early_stopping_min_delta: 0]
[first_metric_only: 0]
[max_delta_step: 0]
[lambda_l1: 0]
[lambda_l2: 1]
[linear_lambda: 0]
[min_gain_to_split: 0]
[drop_rate: 0.1]
[max_drop: 50]
[skip_drop: 0.5]
[xgboost_dart_mode: 0]
[uniform_drop: 0]
[drop_seed: 20317]
[top_rate: 0.2]
[other_rate: 0.1]
[min_data_per_group: 100]
[max_cat_threshold: 32]
[cat_l2: 10]
[cat_smooth: 10]
[max_cat_to_onehot: 4]
[top_k: 20]
[monotone_constraints: ]
[monotone_constraints_method: basic]
[monotone_penalty: 0]
[feature_contri: ]
[forcedsplits_filename: ]
[refit_decay_rate: 0.9]
[cegb_tradeoff: 1]
[cegb_penalty_split: 0]
[cegb_penalty_feature_lazy: ]
[cegb_penalty_feature_coupled: ]
[path_smooth: 0]
[interaction_constraints: ]
[verbosity: -1]
[saved_feature_importance_type: 0]
[use_quantized_grad: 0]
[num_grad_quant_bins: 4]
[quant_train_renew_leaf: 0]
[stochastic_rounding: 1]
[linear_tree: 0]
[max_bin: 255]
[max_bin_by_feature: ]
[min_data_in_bin: 3]
[bin_construct_sample_cnt: 200000]
[data_random_seed: 2458]
[is_enable_sparse: 1]
[enable_bundle: 1]
[use_missing: 1]
[zero_as_missing: 0]
[feature_pre_filter: 1]
[pre_partition: 0]
[two_round: 0]
[header: 0]
[label_column: ]
[weight_column: ]
[group_column: ]
[ignore_column: ]
[categorical_feature: ]
[forcedbins_filename: ]
[precise_float_parser: 0]
[parser_config_file: ]
[objective_seed: 17010]
[num_class: 1]
[is_unbalance: 0]
[scale_pos_weight: 1]
[sigmoid: 1]
[boost_from_average: 1]
[reg_sqrt: 0]
[alpha: 0.9]
[fair_c: 1]
[poisson_max_delta_step: 0.7]
[tweedie_variance_power: 1.5]
[lambdarank_truncation_level: 30]
[lambdarank_norm: 1]
[label_gain: ]
[lambdarank_position_bias_regularization: 0]
[eval_at: ]
[multi_error_top_k: 1]
[auc_mu_weights: ]
[num_machines: 1]
[local_listen_port: 12400]
[time_out: 120]
[machine_list_filename: ]
[machines: ]
[gpu_platform_id: -1]
[gpu_device_id: -1]
[gpu_use_dp: 0]
[num_gpu: 1]

end of parameters

pandas_categorical:[]
