team_id,team_name,leaderboard_rank,leaderboard_score,submission_id,episode_id,seat_index,create_time,end_time,agent_0_submission_id,agent_1_submission_id,replay_path,download_status,deck_hash,deck_cards,error
16380946,flg,2,1229.3,55456110,92283988,0,2026-08-12T10:25:08.074493900Z,2026-08-12T10:26:14.720839600Z,55456110,55456110,replays/episode_92283988.json,success,202ee2cec6cbe8b4,60,
16380946,flg,2,1229.3,55456110,92283988,1,2026-08-12T10:25:08.074493900Z,2026-08-12T10:26:14.720839600Z,55456110,55456110,replays/episode_92283988.json,success,202ee2cec6cbe8b4,60,
16380946,flg,2,1229.3,55456110,92284087,1,2026-08-12T10:27:48.122489200Z,2026-08-12T10:28:49.945122400Z,54431409,55456110,replays/episode_92284087.json,success,202ee2cec6cbe8b4,60,
16380946,flg,2,1229.3,55456110,92285012,0,2026-08-12T10:31:40.231839500Z,2026-08-12T10:32:26.610393300Z,55456110,55417943,replays/episode_92285012.json,success,202ee2cec6cbe8b4,60,
16380946,flg,2,1229.3,55456110,92285959,0,2026-08-12T10:35:40.182343Z,2026-08-12T10:36:28.417647800Z,55456110,54971586,replays/episode_92285959.json,success,202ee2cec6cbe8b4,60,
16380946,flg,2,1229.3,55456110,92286906,0,2026-08-12T10:39:41.404779Z,2026-08-12T10:40:44.628538600Z,55456110,55454962,replays/episode_92286906.json,success,202ee2cec6cbe8b4,60,
16380946,flg,2,1229.3,55456110,92287853,0,2026-08-12T10:43:40.642098900Z,2026-08-12T10:45:08.703694800Z,55456110,55443079,replays/episode_92287853.json,success,202ee2cec6cbe8b4,60,
16380946,flg,2,1229.3,55456110,92288804,1,2026-08-12T10:47:39.995477100Z,2026-08-12T10:55:38.404717800Z,55451300,55456110,replays/episode_92288804.json,success,202ee2cec6cbe8b4,60,
16380946,flg,2,1229.3,55456110,92289732,0,2026-08-12T10:51:43.439634200Z,2026-08-12T10:53:21.201071400Z,55456110,55444064,replays/episode_92289732.json,success,202ee2cec6cbe8b4,60,
16380946,flg,2,1229.3,55456110,92290679,1,2026-08-12T10:55:41.081215800Z,2026-08-12T10:56:54.865272400Z,55244513,55456110,replays/episode_92290679.json,success,202ee2cec6cbe8b4,60,
16380946,flg,2,1229.3,55456110,92291618,0,2026-08-12T10:59:46.085146200Z,2026-08-12T11:00:54.826518400Z,55456110,55409691,replays/episode_92291618.json,success,202ee2cec6cbe8b4,60,
16380946,flg,2,1229.3,55456110,92292555,1,2026-08-12T11:03:43.479926700Z,2026-08-12T11:05:21.997340900Z,55437453,55456110,replays/episode_92292555.json,success,202ee2cec6cbe8b4,60,
16380946,flg,2,1229.3,55456110,92293493,0,2026-08-12T11:07:40.482439700Z,2026-08-12T11:08:33.333888100Z,55456110,55417110,replays/episode_92293493.json,success,202ee2cec6cbe8b4,60,
16380946,flg,2,1229.3,55456110,92293566,0,2026-08-12T11:07:40.586107100Z,2026-08-12T11:08:40.859894500Z,55456110,55455252,replays/episode_92293566.json,success,202ee2cec6cbe8b4,60,
16380946,flg,2,1229.3,55456110,92294434,0,2026-08-12T11:11:40.418576600Z,2026-08-12T11:12:45.382291900Z,55456110,55425377,replays/episode_92294434.json,success,202ee2cec6cbe8b4,60,
16380946,flg,2,1229.3,55456110,92295384,1,2026-08-12T11:15:38.401077200Z,2026-08-12T11:16:41.899128900Z,55453867,55456110,replays/episode_92295384.json,success,202ee2cec6cbe8b4,60,
16380946,flg,2,1229.3,55456110,92296306,0,2026-08-12T11:19:35.758834400Z,2026-08-12T11:20:47.721692200Z,55456110,55447799,replays/episode_92296306.json,success,202ee2cec6cbe8b4,60,
16380946,flg,2,1229.3,55456110,92297282,1,2026-08-12T11:23:35.890302Z,2026-08-12T11:24:44.094822900Z,55435889,55456110,replays/episode_92297282.json,success,202ee2cec6cbe8b4,60,
16380946,flg,2,1229.3,55456110,92298182,0,2026-08-12T11:27:35.608061600Z,2026-08-12T11:29:15.783668400Z,55456110,55449330,replays/episode_92298182.json,success,202ee2cec6cbe8b4,60,
16380946,flg,2,1229.3,55456110,92299099,0,2026-08-12T11:31:35.447695700Z,2026-08-12T11:33:09.861669800Z,55456110,55350342,replays/episode_92299099.json,success,202ee2cec6cbe8b4,60,
16380946,flg,2,1229.3,55456110,92300062,0,2026-08-12T11:35:36.252962Z,2026-08-12T11:36:50.120556800Z,55456110,55449976,replays/episode_92300062.json,success,202ee2cec6cbe8b4,60,
16380946,flg,2,1229.3,55456110,92300289,0,2026-08-12T11:35:36.597798400Z,2026-08-12T11:36:51.798769Z,55456110,55452664,replays/episode_92300289.json,success,202ee2cec6cbe8b4,60,
16380946,flg,2,1229.3,55456110,92301013,1,2026-08-12T11:39:36.579080300Z,2026-08-12T11:41:00.495710700Z,55449976,55456110,replays/episode_92301013.json,success,202ee2cec6cbe8b4,60,
16380946,flg,2,1229.3,55456110,92301956,0,2026-08-12T11:43:35.649049800Z,2026-08-12T11:44:32.588717Z,55456110,55444485,replays/episode_92301956.json,success,202ee2cec6cbe8b4,60,
16380946,flg,2,1229.3,55456110,92302885,0,2026-08-12T11:47:35.589848300Z,2026-08-12T11:48:21.868821700Z,55456110,55452240,replays/episode_92302885.json,success,202ee2cec6cbe8b4,60,
16380946,flg,2,1229.3,55456110,92303820,1,2026-08-12T11:51:35.879584100Z,2026-08-12T11:52:36.068543Z,55415842,55456110,replays/episode_92303820.json,success,202ee2cec6cbe8b4,60,
16380946,flg,2,1229.3,55456110,92304758,0,2026-08-12T11:55:35.793863600Z,2026-08-12T11:56:38.502087300Z,55456110,55415842,replays/episode_92304758.json,success,202ee2cec6cbe8b4,60,
16380946,flg,2,1229.3,55456110,92305690,0,2026-08-12T11:59:35.834716800Z,2026-08-12T12:00:48.340635900Z,55456110,55456501,replays/episode_92305690.json,success,202ee2cec6cbe8b4,60,
16380946,flg,2,1229.3,55456110,92306655,1,2026-08-12T12:03:35.802848300Z,2026-08-12T12:04:50.921031200Z,55451568,55456110,replays/episode_92306655.json,success,202ee2cec6cbe8b4,60,
16380946,flg,2,1229.3,55456110,92307565,1,2026-08-12T12:07:35.605477200Z,2026-08-12T12:08:42.126750300Z,55333348,55456110,replays/episode_92307565.json,success,202ee2cec6cbe8b4,60,
16380946,flg,2,1229.3,55456110,92308486,0,2026-08-12T12:11:35.586226400Z,2026-08-12T12:12:44.675108500Z,55456110,55390221,replays/episode_92308486.json,success,202ee2cec6cbe8b4,60,
16380946,flg,2,1229.3,55456110,92309436,1,2026-08-12T12:15:36.337944100Z,2026-08-12T12:16:48.978867Z,54773249,55456110,replays/episode_92309436.json,success,202ee2cec6cbe8b4,60,
16380946,flg,2,1229.3,55456110,92310379,1,2026-08-12T12:19:35.749301200Z,2026-08-12T12:20:37.986456100Z,55447414,55456110,replays/episode_92310379.json,success,202ee2cec6cbe8b4,60,
16380946,flg,2,1229.3,55456110,92311324,0,2026-08-12T12:23:35.827265500Z,2026-08-12T12:24:44.446389300Z,55456110,55415831,replays/episode_92311324.json,success,202ee2cec6cbe8b4,60,
16380946,flg,2,1229.3,55456110,92312254,1,2026-08-12T12:27:36.009863300Z,2026-08-12T12:28:41.137805100Z,55333348,55456110,replays/episode_92312254.json,success,202ee2cec6cbe8b4,60,
16380946,flg,2,1229.3,55456110,92313203,1,2026-08-12T12:31:35.647214600Z,2026-08-12T12:32:49.455360300Z,55425605,55456110,replays/episode_92313203.json,success,202ee2cec6cbe8b4,60,
16380946,flg,2,1229.3,55456110,92314143,1,2026-08-12T12:35:36.732134300Z,2026-08-12T12:36:37.512196600Z,55410444,55456110,replays/episode_92314143.json,success,202ee2cec6cbe8b4,60,
16380946,flg,2,1229.3,55456110,92315100,0,2026-08-12T12:39:35.883409900Z,2026-08-12T12:40:57.295603Z,55456110,55456492,replays/episode_92315100.json,success,202ee2cec6cbe8b4,60,
16380946,flg,2,1229.3,55456110,92316039,1,2026-08-12T12:43:35.839365300Z,2026-08-12T12:44:34.908690900Z,55382763,55456110,replays/episode_92316039.json,success,202ee2cec6cbe8b4,60,
16380946,flg,2,1229.3,55456110,92316991,1,2026-08-12T12:47:35.793658200Z,2026-08-12T12:48:48.144837100Z,55415831,55456110,replays/episode_92316991.json,success,202ee2cec6cbe8b4,60,
16380946,flg,2,1229.3,55456110,92317941,0,2026-08-12T12:51:36.207043Z,2026-08-12T12:52:41.401326400Z,55456110,55399861,replays/episode_92317941.json,success,202ee2cec6cbe8b4,60,
16380946,flg,2,1229.3,55456110,92318882,1,2026-08-12T12:55:36.179194300Z,2026-08-12T12:56:34.988049600Z,55415831,55456110,replays/episode_92318882.json,success,202ee2cec6cbe8b4,60,
16380946,flg,2,1229.3,55456110,92319756,1,2026-08-12T12:59:35.901651700Z,2026-08-12T13:00:43.389998400Z,55456492,55456110,replays/episode_92319756.json,success,202ee2cec6cbe8b4,60,
16380946,flg,2,1229.3,55456110,92319828,1,2026-08-12T12:59:36.024515100Z,2026-08-12T13:00:26.104535100Z,55431662,55456110,replays/episode_92319828.json,success,202ee2cec6cbe8b4,60,
16380946,flg,2,1229.3,55456110,92320785,0,2026-08-12T13:03:36.544712800Z,2026-08-12T13:04:42.516249700Z,55456110,55415842,replays/episode_92320785.json,success,202ee2cec6cbe8b4,60,
16380946,flg,2,1229.3,55456110,92321733,0,2026-08-12T13:07:36.427490100Z,2026-08-12T13:08:35.876805Z,55456110,55447414,replays/episode_92321733.json,success,202ee2cec6cbe8b4,60,
16380946,flg,2,1229.3,55456110,92322676,0,2026-08-12T13:11:36.205625800Z,2026-08-12T13:12:52.308896600Z,55456110,55333348,replays/episode_92322676.json,success,202ee2cec6cbe8b4,60,
16380946,flg,2,1229.3,55456110,92323566,0,2026-08-12T13:15:35.991148100Z,2026-08-12T13:17:04.173464500Z,55456110,55456501,replays/episode_92323566.json,success,202ee2cec6cbe8b4,60,
16380946,flg,2,1229.3,55456110,92323595,1,2026-08-12T13:15:36.023195800Z,2026-08-12T13:16:47.286171700Z,55444485,55456110,replays/episode_92323595.json,success,202ee2cec6cbe8b4,60,
16380946,flg,2,1229.3,55456110,92324545,1,2026-08-12T13:19:36.188587300Z,2026-08-12T13:20:52.165439600Z,55449672,55456110,replays/episode_92324545.json,success,202ee2cec6cbe8b4,60,
16380946,flg,2,1229.3,55456110,92333881,1,2026-08-12T13:59:35.996078400Z,2026-08-12T14:00:45.732781500Z,55456492,55456110,replays/episode_92333881.json,success,202ee2cec6cbe8b4,60,
16380946,flg,2,1229.3,55456110,92336753,1,2026-08-12T14:11:36.192914700Z,2026-08-12T14:12:46.040850200Z,55449976,55456110,replays/episode_92336753.json,success,202ee2cec6cbe8b4,60,
16380946,flg,2,1229.3,55456110,92357313,0,2026-08-12T15:42:01.146284300Z,2026-08-12T15:43:15.596342800Z,55456110,55425605,replays/episode_92357313.json,success,202ee2cec6cbe8b4,60,
16380946,flg,2,1229.3,55456110,92382428,1,2026-08-12T17:30:05.623487700Z,2026-08-12T17:31:35.399143500Z,55461504,55456110,replays/episode_92382428.json,success,202ee2cec6cbe8b4,60,
16380946,flg,2,1229.3,55456110,92382554,1,2026-08-12T17:30:05.799129700Z,2026-08-12T17:31:45.274192300Z,54773249,55456110,replays/episode_92382554.json,success,202ee2cec6cbe8b4,60,
16380946,flg,2,1229.3,55456110,92384284,0,2026-08-12T17:38:04.533485500Z,2026-08-12T17:39:32.867020200Z,55456110,55461504,replays/episode_92384284.json,success,202ee2cec6cbe8b4,60,
16380946,flg,2,1229.3,55456110,92393446,1,2026-08-12T18:18:03.357962Z,2026-08-12T18:18:57.605238900Z,55464061,55456110,replays/episode_92393446.json,success,202ee2cec6cbe8b4,60,
16380946,flg,2,1229.3,55456110,92410060,1,2026-08-12T19:30:04.512134500Z,2026-08-12T19:30:57.468777Z,55465463,55456110,replays/episode_92410060.json,success,202ee2cec6cbe8b4,60,
16380946,flg,2,1229.3,55456110,92424336,1,2026-08-12T20:30:03.734335700Z,2026-08-12T20:31:11.668976600Z,55350342,55456110,replays/episode_92424336.json,success,202ee2cec6cbe8b4,60,
16380946,flg,2,1229.3,55456110,92433554,0,2026-08-12T21:10:03.440696200Z,2026-08-12T21:11:33.314815500Z,55456110,55350342,replays/episode_92433554.json,success,202ee2cec6cbe8b4,60,
16380946,flg,2,1229.3,55456110,92440158,0,2026-08-12T21:38:04.112742600Z,2026-08-12T21:39:24.250079Z,55456110,54773249,replays/episode_92440158.json,success,202ee2cec6cbe8b4,60,
16380946,flg,2,1229.3,55456110,92442787,1,2026-08-12T21:50:03.859589100Z,2026-08-12T21:56:44.564828800Z,55452664,55456110,replays/episode_92442787.json,success,202ee2cec6cbe8b4,60,
16380946,flg,2,1229.3,55456110,92449304,1,2026-08-12T22:18:03.806136400Z,2026-08-12T22:19:15.105280700Z,55452664,55456110,replays/episode_92449304.json,success,202ee2cec6cbe8b4,60,
16380946,flg,2,1229.3,55456110,92454869,1,2026-08-12T22:43:36.332675300Z,2026-08-12T22:44:39.536402100Z,54906248,55456110,replays/episode_92454869.json,success,202ee2cec6cbe8b4,60,
16380946,flg,2,1229.3,55456110,92458637,0,2026-08-12T22:59:37.330213800Z,2026-08-12T23:00:33.203725400Z,55456110,55444252,replays/episode_92458637.json,success,202ee2cec6cbe8b4,60,
16380946,flg,2,1229.3,55456110,92464104,0,2026-08-12T23:23:38.718360600Z,2026-08-12T23:24:42.580345Z,55456110,55333348,replays/episode_92464104.json,success,202ee2cec6cbe8b4,60,
16462035,Azat Akhtyamov,31,1079.9,55469451,92473088,0,2026-08-13T00:02:49.899577600Z,2026-08-13T00:03:56.010381200Z,55469451,55469451,replays/episode_92473088.json,success,202ee2cec6cbe8b4,60,
16462035,Azat Akhtyamov,31,1079.9,55469451,92473088,1,2026-08-13T00:02:49.899577600Z,2026-08-13T00:03:56.010381200Z,55469451,55469451,replays/episode_92473088.json,success,202ee2cec6cbe8b4,60,
16462035,Azat Akhtyamov,31,1079.9,55469451,92474164,0,2026-08-13T00:07:40.429374300Z,2026-08-13T00:08:34.436042900Z,55469451,55389867,replays/episode_92474164.json,success,202ee2cec6cbe8b4,60,
16462035,Azat Akhtyamov,31,1079.9,55469451,92475111,0,2026-08-13T00:11:37.066329700Z,2026-08-13T00:12:35.393940300Z,55469451,55262519,replays/episode_92475111.json,success,202ee2cec6cbe8b4,60,
16462035,Azat Akhtyamov,31,1079.9,55469451,92476027,0,2026-08-13T00:15:39.101907600Z,2026-08-13T00:16:51.357179500Z,55469451,55447243,replays/episode_92476027.json,success,202ee2cec6cbe8b4,60,
16462035,Azat Akhtyamov,31,1079.9,55469451,92476953,0,2026-08-13T00:19:36.938962100Z,2026-08-13T00:20:36.631631100Z,55469451,55402929,replays/episode_92476953.json,success,202ee2cec6cbe8b4,60,
16462035,Azat Akhtyamov,31,1079.9,55469451,92477879,1,2026-08-13T00:23:38.896440900Z,2026-08-13T00:27:57.206098500Z,55342916,55469451,replays/episode_92477879.json,success,202ee2cec6cbe8b4,60,
16462035,Azat Akhtyamov,31,1079.9,55469451,92478803,0,2026-08-13T00:27:38.937423100Z,2026-08-13T00:30:07.735895300Z,55469451,55463683,replays/episode_92478803.json,success,202ee2cec6cbe8b4,60,
16462035,Azat Akhtyamov,31,1079.9,55469451,92479779,1,2026-08-13T00:31:37.278323200Z,2026-08-13T00:32:41.070158600Z,55305966,55469451,replays/episode_92479779.json,success,202ee2cec6cbe8b4,60,
16462035,Azat Akhtyamov,31,1079.9,55469451,92480708,0,2026-08-13T00:35:37.473228900Z,2026-08-13T00:36:43.645805400Z,55469451,55456232,replays/episode_92480708.json,success,202ee2cec6cbe8b4,60,
16462035,Azat Akhtyamov,31,1079.9,55469451,92481642,1,2026-08-13T00:39:37.880407Z,2026-08-13T00:41:15.473272600Z,55412921,55469451,replays/episode_92481642.json,success,202ee2cec6cbe8b4,60,
16462035,Azat Akhtyamov,31,1079.9,55469451,92482583,1,2026-08-13T00:43:38.415189300Z,2026-08-13T00:44:41.061747400Z,55469756,55469451,replays/episode_92482583.json,success,202ee2cec6cbe8b4,60,
16462035,Azat Akhtyamov,31,1079.9,55469451,92483525,1,2026-08-13T00:47:42.113234800Z,2026-08-13T00:49:07.377872900Z,55468838,55469451,replays/episode_92483525.json,success,202ee2cec6cbe8b4,60,
16462035,Azat Akhtyamov,31,1079.9,55469451,92484449,0,2026-08-13T00:51:37.100922400Z,2026-08-13T00:53:53.291096100Z,55469451,55468794,replays/episode_92484449.json,success,202ee2cec6cbe8b4,60,
16462035,Azat Akhtyamov,31,1079.9,55469451,92485380,0,2026-08-13T00:55:37.712429900Z,2026-08-13T00:56:47.077131500Z,55469451,55448188,replays/episode_92485380.json,success,202ee2cec6cbe8b4,60,
16462035,Azat Akhtyamov,31,1079.9,55469451,92486325,1,2026-08-13T00:59:37.806007700Z,2026-08-13T01:00:50.121445700Z,55459407,55469451,replays/episode_92486325.json,success,202ee2cec6cbe8b4,60,
16462035,Azat Akhtyamov,31,1079.9,55469451,92487268,0,2026-08-13T01:03:40.174314400Z,2026-08-13T01:04:39.629416700Z,55469451,55409731,replays/episode_92487268.json,success,202ee2cec6cbe8b4,60,
16462035,Azat Akhtyamov,31,1079.9,55469451,92488204,1,2026-08-13T01:07:37.811767800Z,2026-08-13T01:10:24.035724300Z,55420869,55469451,replays/episode_92488204.json,success,202ee2cec6cbe8b4,60,
16462035,Azat Akhtyamov,31,1079.9,55469451,92488348,1,2026-08-13T01:07:38.048790300Z,2026-08-13T01:08:45.373381700Z,55468854,55469451,replays/episode_92488348.json,success,202ee2cec6cbe8b4,60,
16462035,Azat Akhtyamov,31,1079.9,55469451,92489117,0,2026-08-13T01:11:38.869833600Z,2026-08-13T01:12:36.293080900Z,55469451,55460785,replays/episode_92489117.json,success,202ee2cec6cbe8b4,60,
16462035,Azat Akhtyamov,31,1079.9,55469451,92490108,1,2026-08-13T01:15:37.409146400Z,2026-08-13T01:18:26.443616Z,55463281,55469451,replays/episode_92490108.json,success,202ee2cec6cbe8b4,60,
16462035,Azat Akhtyamov,31,1079.9,55469451,92491049,0,2026-08-13T01:19:37.376680800Z,2026-08-13T01:20:44.664025700Z,55469451,55360591,replays/episode_92491049.json,success,202ee2cec6cbe8b4,60,
16462035,Azat Akhtyamov,31,1079.9,55469451,92492088,0,2026-08-13T01:23:41.346775700Z,2026-08-13T01:24:47.716206Z,55469451,55226255,replays/episode_92492088.json,success,202ee2cec6cbe8b4,60,
16462035,Azat Akhtyamov,31,1079.9,55469451,92492783,0,2026-08-13T01:27:37.763275700Z,2026-08-13T01:28:28.017374800Z,55469451,54996171,replays/episode_92492783.json,success,202ee2cec6cbe8b4,60,
16462035,Azat Akhtyamov,31,1079.9,55469451,92493849,1,2026-08-13T01:31:37.840917900Z,2026-08-13T01:33:03.398504100Z,54735721,55469451,replays/episode_92493849.json,success,202ee2cec6cbe8b4,60,
16462035,Azat Akhtyamov,31,1079.9,55469451,92494748,1,2026-08-13T01:35:37.639886400Z,2026-08-13T01:36:52.545975600Z,55421354,55469451,replays/episode_92494748.json,success,202ee2cec6cbe8b4,60,
16462035,Azat Akhtyamov,31,1079.9,55469451,92495736,0,2026-08-13T01:39:37.824835500Z,2026-08-13T01:40:39.676753100Z,55469451,54781874,replays/episode_92495736.json,success,202ee2cec6cbe8b4,60,
16462035,Azat Akhtyamov,31,1079.9,55469451,92496659,0,2026-08-13T01:43:39.111152800Z,2026-08-13T01:44:35.937676100Z,55469451,55469825,replays/episode_92496659.json,success,202ee2cec6cbe8b4,60,
16462035,Azat Akhtyamov,31,1079.9,55469451,92496672,0,2026-08-13T01:43:39.129495100Z,2026-08-13T01:44:57.836318400Z,55469451,55434831,replays/episode_92496672.json,success,202ee2cec6cbe8b4,60,
16462035,Azat Akhtyamov,31,1079.9,55469451,92497607,0,2026-08-13T01:47:37.873044700Z,2026-08-13T01:49:02.863916100Z,55469451,55396066,replays/episode_92497607.json,success,202ee2cec6cbe8b4,60,
16380946,flg,2,1229.3,55456110,92497754,1,2026-08-13T01:47:38.164603700Z,2026-08-13T01:48:26.411846100Z,55447414,55456110,replays/episode_92497754.json,success,202ee2cec6cbe8b4,60,
16462035,Azat Akhtyamov,31,1079.9,55469451,92498537,1,2026-08-13T01:51:37.574988Z,2026-08-13T01:52:31.504280700Z,55235071,55469451,replays/episode_92498537.json,success,202ee2cec6cbe8b4,60,
16462035,Azat Akhtyamov,31,1079.9,55469451,92499469,1,2026-08-13T01:55:37.610172900Z,2026-08-13T01:56:34.179939100Z,54378321,55469451,replays/episode_92499469.json,success,202ee2cec6cbe8b4,60,
16462035,Azat Akhtyamov,31,1079.9,55469451,92500398,0,2026-08-13T01:59:37.467049900Z,2026-08-13T02:00:41.789884700Z,55469451,55465197,replays/episode_92500398.json,success,202ee2cec6cbe8b4,60,
16462035,Azat Akhtyamov,31,1079.9,55469451,92501327,0,2026-08-13T02:03:38.405516100Z,2026-08-13T02:05:00.829081900Z,55469451,55398879,replays/episode_92501327.json,success,202ee2cec6cbe8b4,60,
16462035,Azat Akhtyamov,31,1079.9,55469451,92502261,0,2026-08-13T02:07:38.316103600Z,2026-08-13T02:09:00.719393Z,55469451,55323328,replays/episode_92502261.json,success,202ee2cec6cbe8b4,60,
16462035,Azat Akhtyamov,31,1079.9,55469451,92503196,0,2026-08-13T02:11:37.614753500Z,2026-08-13T02:12:43.667089Z,55469451,55444628,replays/episode_92503196.json,success,202ee2cec6cbe8b4,60,
16462035,Azat Akhtyamov,31,1079.9,55469451,92504134,1,2026-08-13T02:15:37.543317200Z,2026-08-13T02:16:34.084900700Z,55469308,55469451,replays/episode_92504134.json,success,202ee2cec6cbe8b4,60,
16462035,Azat Akhtyamov,31,1079.9,55469451,92505068,1,2026-08-13T02:19:37.862383200Z,2026-08-13T02:20:34.324727500Z,55151736,55469451,replays/episode_92505068.json,success,202ee2cec6cbe8b4,60,
16462035,Azat Akhtyamov,31,1079.9,55469451,92506058,1,2026-08-13T02:23:39.915585600Z,2026-08-13T02:24:48.565847900Z,55418420,55469451,replays/episode_92506058.json,success,202ee2cec6cbe8b4,60,
16462035,Azat Akhtyamov,31,1079.9,55469451,92506920,0,2026-08-13T02:27:37.813082300Z,2026-08-13T02:32:30.371407800Z,55469451,55455856,replays/episode_92506920.json,success,202ee2cec6cbe8b4,60,
16462035,Azat Akhtyamov,31,1079.9,55469451,92507847,0,2026-08-13T02:31:37.433759100Z,2026-08-13T02:32:41.449760500Z,55469451,55432171,replays/episode_92507847.json,success,202ee2cec6cbe8b4,60,
16462035,Azat Akhtyamov,31,1079.9,55469451,92508824,1,2026-08-13T02:35:37.818632300Z,2026-08-13T02:36:43.624713600Z,55416382,55469451,replays/episode_92508824.json,success,202ee2cec6cbe8b4,60,
16462035,Azat Akhtyamov,31,1079.9,55469451,92515420,0,2026-08-13T03:03:38.069277200Z,2026-08-13T03:04:59.529411500Z,55469451,55465654,replays/episode_92515420.json,success,202ee2cec6cbe8b4,60,
16462035,Azat Akhtyamov,31,1079.9,55469451,92524684,0,2026-08-13T03:43:38.850438100Z,2026-08-13T03:45:02.650701600Z,55469451,55445332,replays/episode_92524684.json,success,202ee2cec6cbe8b4,60,
16380946,flg,2,1229.3,55456110,92527492,0,2026-08-13T03:55:37.425259600Z,2026-08-13T03:56:41.223638300Z,55456110,55465468,replays/episode_92527492.json,success,202ee2cec6cbe8b4,60,
16462035,Azat Akhtyamov,31,1079.9,55469451,92530277,0,2026-08-13T04:07:38.731705900Z,2026-08-13T04:08:41.881935200Z,55469451,55470413,replays/episode_92530277.json,success,202ee2cec6cbe8b4,60,
16380946,flg,2,1229.3,55456110,92530914,0,2026-08-13T04:11:39.441141100Z,2026-08-13T04:12:44.600166700Z,55456110,55472421,replays/episode_92530914.json,success,202ee2cec6cbe8b4,60,
16462035,Azat Akhtyamov,31,1079.9,55469451,92532094,1,2026-08-13T04:15:37.654225500Z,2026-08-13T04:16:42.148280900Z,55469381,55469451,replays/episode_92532094.json,success,202ee2cec6cbe8b4,60,
16380946,flg,2,1229.3,55456110,92533651,0,2026-08-13T04:23:38.075416800Z,2026-08-13T04:24:46.232977600Z,55456110,55472421,replays/episode_92533651.json,success,202ee2cec6cbe8b4,60,
16462035,Azat Akhtyamov,31,1079.9,55469451,92537432,1,2026-08-13T04:39:36.932271400Z,2026-08-13T04:40:51.520423500Z,55473215,55469451,replays/episode_92537432.json,success,202ee2cec6cbe8b4,60,
16380946,flg,2,1229.3,55456110,92538304,1,2026-08-13T04:43:38.509733Z,2026-08-13T04:49:34.832127700Z,55473378,55456110,replays/episode_92538304.json,success,202ee2cec6cbe8b4,60,
16380946,flg,2,1229.3,55456110,92541201,0,2026-08-13T04:55:37.572318600Z,2026-08-13T04:56:45.092019600Z,55456110,55472421,replays/episode_92541201.json,success,202ee2cec6cbe8b4,60,
16462035,Azat Akhtyamov,31,1079.9,55469451,92547666,1,2026-08-13T05:23:38.254395400Z,2026-08-13T05:24:30.104020Z,55469101,55469451,replays/episode_92547666.json,success,202ee2cec6cbe8b4,60,
16380946,flg,2,1229.3,55456110,92565622,0,2026-08-13T06:39:37.735853500Z,2026-08-13T06:40:36.389095900Z,55456110,55447414,replays/episode_92565622.json,success,202ee2cec6cbe8b4,60,
16462035,Azat Akhtyamov,31,1079.9,55469451,92568433,1,2026-08-13T06:51:37.526766800Z,2026-08-13T06:53:46.316934300Z,55455637,55469451,replays/episode_92568433.json,success,202ee2cec6cbe8b4,60,
16462035,Azat Akhtyamov,31,1079.9,55469451,92569975,1,2026-08-13T06:59:36.939906600Z,2026-08-13T07:01:22.440461900Z,55476075,55469451,replays/episode_92569975.json,success,202ee2cec6cbe8b4,60,
16462035,Azat Akhtyamov,31,1079.9,55469451,92595450,0,2026-08-13T08:47:38.804350900Z,2026-08-13T08:48:38.557931500Z,55469451,55451395,replays/episode_92595450.json,success,202ee2cec6cbe8b4,60,
16380946,flg,2,1229.3,55456110,92596339,1,2026-08-13T08:51:38.609502700Z,2026-08-13T08:52:45.009611600Z,55469816,55456110,replays/episode_92596339.json,success,202ee2cec6cbe8b4,60,
16462035,Azat Akhtyamov,31,1079.9,55469451,92620604,1,2026-08-13T10:35:38.008372900Z,2026-08-13T10:36:39.337128800Z,55478964,55469451,replays/episode_92620604.json,success,202ee2cec6cbe8b4,60,
16380946,flg,2,1229.3,55456110,92626184,0,2026-08-13T10:59:43.700713400Z,2026-08-13T11:00:55.247017900Z,55456110,55479256,replays/episode_92626184.json,success,202ee2cec6cbe8b4,60,
16462035,Azat Akhtyamov,31,1079.9,55469451,92636302,0,2026-08-13T11:43:43.643314300Z,2026-08-13T11:45:01.386315800Z,55469451,55480331,replays/episode_92636302.json,success,202ee2cec6cbe8b4,60,
16462035,Azat Akhtyamov,31,1079.9,55469451,92639111,0,2026-08-13T11:55:41.774957800Z,2026-08-13T11:56:50.722471200Z,55469451,55480331,replays/episode_92639111.json,success,202ee2cec6cbe8b4,60,
16445258,MTamago,21,1102.8,55482465,92640668,0,2026-08-13T12:00:49.478169500Z,2026-08-13T12:01:52.055803300Z,55482465,55482465,replays/episode_92640668.json,success,202ee2cec6cbe8b4,60,
16445258,MTamago,21,1102.8,55482465,92640668,1,2026-08-13T12:00:49.478169500Z,2026-08-13T12:01:52.055803300Z,55482465,55482465,replays/episode_92640668.json,success,202ee2cec6cbe8b4,60,
16445258,MTamago,21,1102.8,55482465,92640770,0,2026-08-13T12:03:44.799811500Z,2026-08-13T12:04:50.218510100Z,55482465,53951189,replays/episode_92640770.json,success,202ee2cec6cbe8b4,60,
16445258,MTamago,21,1102.8,55482465,92641697,1,2026-08-13T12:07:42.051727200Z,2026-08-13T12:08:36.470263Z,55310608,55482465,replays/episode_92641697.json,success,202ee2cec6cbe8b4,60,
16445258,MTamago,21,1102.8,55482465,92642621,0,2026-08-13T12:11:42.422321100Z,2026-08-13T12:12:44.454793Z,55482465,55482137,replays/episode_92642621.json,success,202ee2cec6cbe8b4,60,
16445258,MTamago,21,1102.8,55482465,92643568,1,2026-08-13T12:15:41.437132100Z,2026-08-13T12:18:11.446423300Z,55461060,55482465,replays/episode_92643568.json,success,202ee2cec6cbe8b4,60,
16445258,MTamago,21,1102.8,55482465,92644509,0,2026-08-13T12:19:41.615052100Z,2026-08-13T12:20:42.870461300Z,55482465,55456713,replays/episode_92644509.json,success,202ee2cec6cbe8b4,60,
16445258,MTamago,21,1102.8,55482465,92645470,1,2026-08-13T12:23:43.521798200Z,2026-08-13T12:24:44.402504400Z,55475711,55482465,replays/episode_92645470.json,success,202ee2cec6cbe8b4,60,
16445258,MTamago,21,1102.8,55482465,92646400,0,2026-08-13T12:27:41.779699600Z,2026-08-13T12:29:01.205083700Z,55482465,55370889,replays/episode_92646400.json,success,202ee2cec6cbe8b4,60,
16445258,MTamago,21,1102.8,55482465,92647332,1,2026-08-13T12:31:42.214366500Z,2026-08-13T12:32:29.655440800Z,55416667,55482465,replays/episode_92647332.json,success,202ee2cec6cbe8b4,60,
16445258,MTamago,21,1102.8,55482465,92648260,0,2026-08-13T12:35:41.608850100Z,2026-08-13T12:36:27.476572100Z,55482465,55442147,replays/episode_92648260.json,success,202ee2cec6cbe8b4,60,
16380946,flg,2,1229.3,55456110,92648379,1,2026-08-13T12:35:41.772942500Z,2026-08-13T12:39:36.214065500Z,55480602,55456110,replays/episode_92648379.json,success,202ee2cec6cbe8b4,60,
16445258,MTamago,21,1102.8,55482465,92649195,0,2026-08-13T12:39:41.924125300Z,2026-08-13T12:43:03.938238400Z,55482465,55479960,replays/episode_92649195.json,success,202ee2cec6cbe8b4,60,
16445258,MTamago,21,1102.8,55482465,92650134,1,2026-08-13T12:43:43.768076900Z,2026-08-13T12:44:43.118192800Z,55479844,55482465,replays/episode_92650134.json,success,202ee2cec6cbe8b4,60,
16462035,Azat Akhtyamov,31,1079.9,55469451,92651090,0,2026-08-13T12:47:42.226865800Z,2026-08-13T12:49:01.734656500Z,55469451,55482706,replays/episode_92651090.json,success,202ee2cec6cbe8b4,60,
16445258,MTamago,21,1102.8,55482465,92651300,1,2026-08-13T12:47:42.324488700Z,2026-08-13T12:50:38.176028200Z,55473810,55482465,replays/episode_92651300.json,success,202ee2cec6cbe8b4,60,
16445258,MTamago,21,1102.8,55482465,92652029,0,2026-08-13T12:51:41.726427200Z,2026-08-13T12:58:15.841639700Z,55482465,55472332,replays/episode_92652029.json,success,202ee2cec6cbe8b4,60,
16445258,MTamago,21,1102.8,55482465,92652949,0,2026-08-13T12:55:42.111059200Z,2026-08-13T13:02:56.733272Z,55482465,55348111,replays/episode_92652949.json,success,202ee2cec6cbe8b4,60,
16445258,MTamago,21,1102.8,55482465,92653893,1,2026-08-13T12:59:41.903956900Z,2026-08-13T13:00:43.589333100Z,55460785,55482465,replays/episode_92653893.json,success,202ee2cec6cbe8b4,60,
16380946,flg,2,1229.3,55456110,92654025,1,2026-08-13T12:59:42.104709400Z,2026-08-13T13:00:44.884611100Z,55480973,55456110,replays/episode_92654025.json,success,202ee2cec6cbe8b4,60,
16445258,MTamago,21,1102.8,55482465,92654841,0,2026-08-13T13:03:44.864930900Z,2026-08-13T13:05:09.539922600Z,55482465,55475676,replays/episode_92654841.json,success,202ee2cec6cbe8b4,60,
16445258,MTamago,21,1102.8,55482465,92655777,1,2026-08-13T13:07:41.793154400Z,2026-08-13T13:08:54.656833600Z,55454605,55482465,replays/episode_92655777.json,success,202ee2cec6cbe8b4,60,
16380946,flg,2,1229.3,55456110,92655885,1,2026-08-13T13:07:41.971505600Z,2026-08-13T13:10:08.068730Z,55480602,55456110,replays/episode_92655885.json,success,202ee2cec6cbe8b4,60,
16445258,MTamago,21,1102.8,55482465,92655919,0,2026-08-13T13:07:42.017734600Z,2026-08-13T13:08:43.260802900Z,55482465,55481059,replays/episode_92655919.json,success,202ee2cec6cbe8b4,60,
16445258,MTamago,21,1102.8,55482465,92656729,1,2026-08-13T13:11:42.009754Z,2026-08-13T13:12:42.640535600Z,55466043,55482465,replays/episode_92656729.json,success,202ee2cec6cbe8b4,60,
16380946,flg,2,1229.3,55456110,92656826,0,2026-08-13T13:11:42.149890400Z,2026-08-13T13:16:10.453650700Z,55456110,55480602,replays/episode_92656826.json,success,202ee2cec6cbe8b4,60,
16445258,MTamago,21,1102.8,55482465,92657660,0,2026-08-13T13:15:42.221863300Z,2026-08-13T13:16:41.218542100Z,55482465,54154932,replays/episode_92657660.json,success,202ee2cec6cbe8b4,60,
16445258,MTamago,21,1102.8,55482465,92658558,1,2026-08-13T13:19:44.231697800Z,2026-08-13T13:20:45.380795800Z,55470093,55482465,replays/episode_92658558.json,success,202ee2cec6cbe8b4,60,
16445258,MTamago,21,1102.8,55482465,92658563,0,2026-08-13T13:19:44.237821700Z,2026-08-13T13:21:06.606278Z,55482465,55483389,replays/episode_92658563.json,success,202ee2cec6cbe8b4,60,
16445258,MTamago,21,1102.8,55482465,92659578,1,2026-08-13T13:23:42.342320Z,2026-08-13T13:24:43.466696Z,55296170,55482465,replays/episode_92659578.json,success,202ee2cec6cbe8b4,60,
16445258,MTamago,21,1102.8,55482465,92659720,0,2026-08-13T13:23:42.357534Z,2026-08-13T13:25:00.389779700Z,55482465,55481058,replays/episode_92659720.json,success,202ee2cec6cbe8b4,60,
16445258,MTamago,21,1102.8,55482465,92660487,0,2026-08-13T13:27:44.519630200Z,2026-08-13T13:28:48.738434700Z,55482465,55468911,replays/episode_92660487.json,success,202ee2cec6cbe8b4,60,
16445258,MTamago,21,1102.8,55482465,92660692,1,2026-08-13T13:27:44.808722300Z,2026-08-13T13:28:49.075244400Z,55480748,55482465,replays/episode_92660692.json,success,202ee2cec6cbe8b4,60,
16445258,MTamago,21,1102.8,55482465,92661453,0,2026-08-13T13:31:41.745588900Z,2026-08-13T13:32:34.615663Z,55482465,55470093,replays/episode_92661453.json,success,202ee2cec6cbe8b4,60,
16445258,MTamago,21,1102.8,55482465,92662402,0,2026-08-13T13:35:42.025535800Z,2026-08-13T13:36:42.555107200Z,55482465,55254847,replays/episode_92662402.json,success,202ee2cec6cbe8b4,60,
16380946,flg,2,1229.3,55456110,92662482,1,2026-08-13T13:35:42.141716600Z,2026-08-13T13:39:37.234483800Z,55480602,55456110,replays/episode_92662482.json,success,202ee2cec6cbe8b4,60,
16445258,MTamago,21,1102.8,55482465,92663355,1,2026-08-13T13:39:41.843513600Z,2026-08-13T13:40:44.685229700Z,55474541,55482465,replays/episode_92663355.json,success,202ee2cec6cbe8b4,60,
16380946,flg,2,1229.3,55456110,92663437,0,2026-08-13T13:39:42.008453400Z,2026-08-13T13:42:45.020760Z,55456110,55480602,replays/episode_92663437.json,success,202ee2cec6cbe8b4,60,
16445258,MTamago,21,1102.8,55482465,92664314,0,2026-08-13T13:43:43.055912900Z,2026-08-13T13:44:36.014561500Z,55482465,55472923,replays/episode_92664314.json,success,202ee2cec6cbe8b4,60,
16445258,MTamago,21,1102.8,55482465,92665227,0,2026-08-13T13:47:42.642404800Z,2026-08-13T13:48:36.296190600Z,55482465,55477051,replays/episode_92665227.json,success,202ee2cec6cbe8b4,60,
16445258,MTamago,21,1102.8,55482465,92666231,0,2026-08-13T13:51:41.718307900Z,2026-08-13T13:52:46.331876300Z,55482465,55452105,replays/episode_92666231.json,success,202ee2cec6cbe8b4,60,
16445258,MTamago,21,1102.8,55482465,92667182,0,2026-08-13T13:55:48.210709100Z,2026-08-13T13:56:49.605429500Z,55482465,55451395,replays/episode_92667182.json,success,202ee2cec6cbe8b4,60,
16445258,MTamago,21,1102.8,55482465,92668125,1,2026-08-13T13:59:46.869034600Z,2026-08-13T14:00:40.338141700Z,55005964,55482465,replays/episode_92668125.json,success,202ee2cec6cbe8b4,60,
16445258,MTamago,21,1102.8,55482465,92669072,0,2026-08-13T14:03:48.003011900Z,2026-08-13T14:10:14.646752400Z,55482465,55296227,replays/episode_92669072.json,success,202ee2cec6cbe8b4,60,
16445258,MTamago,21,1102.8,55482465,92670007,1,2026-08-13T14:07:46.827794900Z,2026-08-13T14:09:05.541970500Z,55468911,55482465,replays/episode_92670007.json,success,202ee2cec6cbe8b4,60,
16445258,MTamago,21,1102.8,55482465,92670960,1,2026-08-13T14:11:46.856689800Z,2026-08-13T14:12:40.202752100Z,55484451,55482465,replays/episode_92670960.json,success,202ee2cec6cbe8b4,60,
16445258,MTamago,21,1102.8,55482465,92671896,0,2026-08-13T14:15:47.274815300Z,2026-08-13T14:16:58.801851200Z,55482465,55480617,replays/episode_92671896.json,success,202ee2cec6cbe8b4,60,
16445258,MTamago,21,1102.8,55482465,92672832,1,2026-08-13T14:19:46.763265600Z,2026-08-13T14:20:39.797771100Z,55469381,55482465,replays/episode_92672832.json,success,202ee2cec6cbe8b4,60,
16445258,MTamago,21,1102.8,55482465,92673535,1,2026-08-13T14:23:47.947839400Z,2026-08-13T14:26:03.169083500Z,55472809,55482465,replays/episode_92673535.json,success,202ee2cec6cbe8b4,60,
16445258,MTamago,21,1102.8,55482465,92674734,1,2026-08-13T14:27:47.219591800Z,2026-08-13T14:28:55.773397900Z,55455230,55482465,replays/episode_92674734.json,success,202ee2cec6cbe8b4,60,
16445258,MTamago,21,1102.8,55482465,92675661,1,2026-08-13T14:31:47.156281200Z,2026-08-13T14:32:56.105822400Z,55483889,55482465,replays/episode_92675661.json,success,202ee2cec6cbe8b4,60,
16474254,fishcat,27,1087.3,55485728,92678050,0,2026-08-13T14:43:29.582402800Z,2026-08-13T14:44:26.440690Z,55485728,55485728,replays/episode_92678050.json,success,202ee2cec6cbe8b4,60,
16474254,fishcat,27,1087.3,55485728,92678050,1,2026-08-13T14:43:29.582402800Z,2026-08-13T14:44:26.440690Z,55485728,55485728,replays/episode_92678050.json,success,202ee2cec6cbe8b4,60,
16474254,fishcat,27,1087.3,55485728,92679064,1,2026-08-13T14:47:46.361340500Z,2026-08-13T14:48:39.363079600Z,55207331,55485728,replays/episode_92679064.json,success,202ee2cec6cbe8b4,60,
16474254,fishcat,27,1087.3,55485728,92679998,0,2026-08-13T14:51:47.539633800Z,2026-08-13T14:52:37.714179800Z,55485728,55015569,replays/episode_92679998.json,success,202ee2cec6cbe8b4,60,
16445258,MTamago,21,1102.8,55482465,92680108,1,2026-08-13T14:51:47.722721500Z,2026-08-13T14:54:38.607614700Z,55484422,55482465,replays/episode_92680108.json,success,202ee2cec6cbe8b4,60,
16462035,Azat Akhtyamov,31,1079.9,55469451,92680216,0,2026-08-13T14:51:47.922541300Z,2026-08-13T14:53:17.319595300Z,55469451,55483716,replays/episode_92680216.json,success,202ee2cec6cbe8b4,60,
16474254,fishcat,27,1087.3,55485728,92680944,1,2026-08-13T14:55:46.129087Z,2026-08-13T14:56:45.051695900Z,55226257,55485728,replays/episode_92680944.json,success,202ee2cec6cbe8b4,60,
16462035,Azat Akhtyamov,31,1079.9,55469451,92681259,0,2026-08-13T14:55:46.624601500Z,2026-08-13T14:57:42.507166500Z,55469451,55483389,replays/episode_92681259.json,success,202ee2cec6cbe8b4,60,
16474254,fishcat,27,1087.3,55485728,92681909,0,2026-08-13T14:59:46.750555400Z,2026-08-13T15:00:43.635523700Z,55485728,54501110,replays/episode_92681909.json,success,202ee2cec6cbe8b4,60,
16474254,fishcat,27,1087.3,55485728,92682856,0,2026-08-13T15:03:49.301763500Z,2026-08-13T15:04:52.452380900Z,55485728,55452205,replays/episode_92682856.json,success,202ee2cec6cbe8b4,60,
16380946,flg,2,1229.3,55456110,92683733,0,2026-08-13T15:07:46.364648400Z,2026-08-13T15:08:42.108473500Z,55456110,55486057,replays/episode_92683733.json,success,202ee2cec6cbe8b4,60,
16474254,fishcat,27,1087.3,55485728,92683799,0,2026-08-13T15:07:46.443502700Z,2026-08-13T15:08:41.155872700Z,55485728,55475874,replays/episode_92683799.json,success,202ee2cec6cbe8b4,60,
16474254,fishcat,27,1087.3,55485728,92684809,0,2026-08-13T15:11:46.811660900Z,2026-08-13T15:12:41.600792200Z,55485728,54733811,replays/episode_92684809.json,success,202ee2cec6cbe8b4,60,
16462035,Azat Akhtyamov,31,1079.9,55469451,92684904,1,2026-08-13T15:11:46.921958900Z,2026-08-13T15:13:57.106286900Z,55484114,55469451,replays/episode_92684904.json,success,202ee2cec6cbe8b4,60,
16474254,fishcat,27,1087.3,55485728,92685673,0,2026-08-13T15:15:46.324416300Z,2026-08-13T15:16:50.983055200Z,55485728,54587804,replays/episode_92685673.json,success,202ee2cec6cbe8b4,60,
16474254,fishcat,27,1087.3,55485728,92686609,0,2026-08-13T15:19:46.478539600Z,2026-08-13T15:20:59.106302700Z,55485728,55476625,replays/episode_92686609.json,success,202ee2cec6cbe8b4,60,
16474254,fishcat,27,1087.3,55485728,92687517,1,2026-08-13T15:23:46.829809800Z,2026-08-13T15:24:55.097120500Z,55473716,55485728,replays/episode_92687517.json,success,202ee2cec6cbe8b4,60,
16462035,Azat Akhtyamov,31,1079.9,55469451,92688470,1,2026-08-13T15:27:50.667926100Z,2026-08-13T15:31:49.107275500Z,55485849,55469451,replays/episode_92688470.json,success,202ee2cec6cbe8b4,60,
16474254,fishcat,27,1087.3,55485728,92688507,0,2026-08-13T15:27:50.729049500Z,2026-08-13T15:28:40.325481800Z,55485728,55273146,replays/episode_92688507.json,success,202ee2cec6cbe8b4,60,
16474254,fishcat,27,1087.3,55485728,92689451,0,2026-08-13T15:31:47.402087500Z,2026-08-13T15:32:51.627550Z,55485728,55366485,replays/episode_92689451.json,success,202ee2cec6cbe8b4,60,
16474254,fishcat,27,1087.3,55485728,92689460,1,2026-08-13T15:31:47.407157200Z,2026-08-13T15:32:46.424004700Z,55485839,55485728,replays/episode_92689460.json,success,202ee2cec6cbe8b4,60,
16474254,fishcat,27,1087.3,55485728,92690396,0,2026-08-13T15:35:46.624417200Z,2026-08-13T15:37:52.282674400Z,55485728,55463691,replays/episode_92690396.json,success,202ee2cec6cbe8b4,60,
16474254,fishcat,27,1087.3,55485728,92691345,1,2026-08-13T15:39:46.923172800Z,2026-08-13T15:41:06.132835500Z,55470367,55485728,replays/episode_92691345.json,success,202ee2cec6cbe8b4,60,
16474254,fishcat,27,1087.3,55485728,92692294,1,2026-08-13T15:43:50.317060600Z,2026-08-13T15:44:43.678344100Z,55485171,55485728,replays/episode_92692294.json,success,202ee2cec6cbe8b4,60,
16474254,fishcat,27,1087.3,55485728,92693223,0,2026-08-13T15:47:51.028343Z,2026-08-13T15:49:51.401390200Z,55485728,55472809,replays/episode_92693223.json,success,202ee2cec6cbe8b4,60,
16445258,MTamago,21,1102.8,55482465,92694044,1,2026-08-13T15:51:51.377163800Z,2026-08-13T15:53:27.099980600Z,55486522,55482465,replays/episode_92694044.json,success,202ee2cec6cbe8b4,60,
16474254,fishcat,27,1087.3,55485728,92694165,1,2026-08-13T15:51:51.637126900Z,2026-08-13T15:53:08.748489600Z,55467931,55485728,replays/episode_92694165.json,success,202ee2cec6cbe8b4,60,
16474254,fishcat,27,1087.3,55485728,92695095,0,2026-08-13T15:55:46.601496Z,2026-08-13T16:00:24.712361900Z,55485728,55484114,replays/episode_92695095.json,success,202ee2cec6cbe8b4,60,
16474254,fishcat,27,1087.3,55485728,92696027,1,2026-08-13T15:59:46.977416400Z,2026-08-13T16:00:45.796849900Z,55451490,55485728,replays/episode_92696027.json,success,202ee2cec6cbe8b4,60,
16474254,fishcat,27,1087.3,55485728,92696976,1,2026-08-13T16:03:48.328190Z,2026-08-13T16:04:56.474599700Z,55482275,55485728,replays/episode_92696976.json,success,202ee2cec6cbe8b4,60,
16474254,fishcat,27,1087.3,55485728,92697897,0,2026-08-13T16:07:46.655444700Z,2026-08-13T16:14:48.376440500Z,55485728,55459040,replays/episode_92697897.json,success,202ee2cec6cbe8b4,60,
16462035,Azat Akhtyamov,31,1079.9,55469451,92698773,0,2026-08-13T16:11:46.701969300Z,2026-08-13T16:14:43.833472100Z,55469451,55485849,replays/episode_92698773.json,success,202ee2cec6cbe8b4,60,
16474254,fishcat,27,1087.3,55485728,92698833,0,2026-08-13T16:11:46.781689800Z,2026-08-13T16:12:42.374937200Z,55485728,55404508,replays/episode_92698833.json,success,202ee2cec6cbe8b4,60,
16474254,fishcat,27,1087.3,55485728,92699781,1,2026-08-13T16:15:46.730215600Z,2026-08-13T16:17:02.132065500Z,55470304,55485728,replays/episode_92699781.json,success,202ee2cec6cbe8b4,60,
16474254,fishcat,27,1087.3,55485728,92700727,0,2026-08-13T16:19:46.536583500Z,2026-08-13T16:21:57.090455700Z,55485728,55433719,replays/episode_92700727.json,success,202ee2cec6cbe8b4,60,
16561259,@kdcyberdude,19,1108.5,55487406,92701352,0,2026-08-13T16:20:53.405555400Z,2026-08-13T16:25:51.624742800Z,55487406,55487406,replays/episode_92701352.json,success,202ee2cec6cbe8b4,60,
16561259,@kdcyberdude,19,1108.5,55487406,92701352,1,2026-08-13T16:20:53.405555400Z,2026-08-13T16:25:51.624742800Z,55487406,55487406,replays/episode_92701352.json,success,202ee2cec6cbe8b4,60,
16474254,fishcat,27,1087.3,55485728,92701563,0,2026-08-13T16:23:51.986180500Z,2026-08-13T16:25:20.485603900Z,55485728,55483716,replays/episode_92701563.json,success,202ee2cec6cbe8b4,60,
16561259,@kdcyberdude,19,1108.5,55487406,92702382,1,2026-08-13T16:27:47.028989600Z,2026-08-13T16:30:13.356352400Z,55477082,55487406,replays/episode_92702382.json,success,202ee2cec6cbe8b4,60,
16474254,fishcat,27,1087.3,55485728,92702618,1,2026-08-13T16:27:47.344095900Z,2026-08-13T16:29:05.210886400Z,55481763,55485728,replays/episode_92702618.json,success,202ee2cec6cbe8b4,60,
16561259,@kdcyberdude,19,1108.5,55487406,92703310,1,2026-08-13T16:31:46.448855300Z,2026-08-13T16:34:14.367815900Z,55338577,55487406,replays/episode_92703310.json,success,202ee2cec6cbe8b4,60,
16474254,fishcat,27,1087.3,55485728,92703558,0,2026-08-13T16:31:46.775566200Z,2026-08-13T16:33:04.123530300Z,55485728,55395742,replays/episode_92703558.json,success,202ee2cec6cbe8b4,60,
16561259,@kdcyberdude,19,1108.5,55487406,92704246,0,2026-08-13T16:35:46.369023200Z,2026-08-13T16:38:02.202106900Z,55487406,55473238,replays/episode_92704246.json,success,202ee2cec6cbe8b4,60,
16474254,fishcat,27,1087.3,55485728,92704474,1,2026-08-13T16:35:46.711356Z,2026-08-13T16:36:50.964530200Z,55486680,55485728,replays/episode_92704474.json,success,202ee2cec6cbe8b4,60,
16561259,@kdcyberdude,19,1108.5,55487406,92705183,0,2026-08-13T16:39:46.373043600Z,2026-08-13T16:43:28.321630500Z,55487406,55370176,replays/episode_92705183.json,success,202ee2cec6cbe8b4,60,
16561259,@kdcyberdude,19,1108.5,55487406,92705322,0,2026-08-13T16:39:46.548385100Z,2026-08-13T16:43:15.321476700Z,55487406,55486732,replays/episode_92705322.json,success,202ee2cec6cbe8b4,60,
16474254,fishcat,27,1087.3,55485728,92705426,0,2026-08-13T16:39:46.728226600Z,2026-08-13T16:40:48.001049500Z,55485728,55401343,replays/episode_92705426.json,success,202ee2cec6cbe8b4,60,
16561259,@kdcyberdude,19,1108.5,55487406,92706127,0,2026-08-13T16:43:52.020553Z,2026-08-13T16:47:28.189861900Z,55487406,55434747,replays/episode_92706127.json,success,202ee2cec6cbe8b4,60,
16474254,fishcat,27,1087.3,55485728,92706353,1,2026-08-13T16:43:52.364844800Z,2026-08-13T16:45:04.720858800Z,55468368,55485728,replays/episode_92706353.json,success,202ee2cec6cbe8b4,60,
16561259,@kdcyberdude,19,1108.5,55487406,92707084,1,2026-08-13T16:47:48.152171300Z,2026-08-13T16:51:21.453159700Z,55420503,55487406,replays/episode_92707084.json,success,202ee2cec6cbe8b4,60,
16474254,fishcat,27,1087.3,55485728,92707305,0,2026-08-13T16:47:48.567839400Z,2026-08-13T16:48:39.670461800Z,55485728,55462624,replays/episode_92707305.json,success,202ee2cec6cbe8b4,60,
16561259,@kdcyberdude,19,1108.5,55487406,92708006,0,2026-08-13T16:51:52.944799700Z,2026-08-13T16:55:48.576014800Z,55487406,55445180,replays/episode_92708006.json,success,202ee2cec6cbe8b4,60,
16474254,fishcat,27,1087.3,55485728,92708229,0,2026-08-13T16:51:53.342775Z,2026-08-13T16:52:54.797300900Z,55485728,55480617,replays/episode_92708229.json,success,202ee2cec6cbe8b4,60,
16561259,@kdcyberdude,19,1108.5,55487406,92708961,0,2026-08-13T16:55:56.909068600Z,2026-08-13T16:59:27.611853900Z,55487406,55352918,replays/episode_92708961.json,success,202ee2cec6cbe8b4,60,
16474254,fishcat,27,1087.3,55485728,92708991,1,2026-08-13T16:55:56.972925800Z,2026-08-13T16:57:34.108718600Z,55487123,55485728,replays/episode_92708991.json,success,202ee2cec6cbe8b4,60,
16462035,Azat Akhtyamov,31,1079.9,55469451,92709155,0,2026-08-13T16:55:57.301512Z,2026-08-13T16:57:11.799503900Z,55469451,55485999,replays/episode_92709155.json,success,202ee2cec6cbe8b4,60,
16474254,fishcat,27,1087.3,55485728,92709179,0,2026-08-13T16:55:57.329029800Z,2026-08-13T16:57:05.801266100Z,55485728,55433719,replays/episode_92709179.json,success,202ee2cec6cbe8b4,60,
16561259,@kdcyberdude,19,1108.5,55487406,92709906,0,2026-08-13T16:59:57.013075700Z,2026-08-13T17:02:57.925374600Z,55487406,55485962,replays/episode_92709906.json,success,202ee2cec6cbe8b4,60,
16380946,flg,2,1229.3,55456110,92710006,1,2026-08-13T16:59:57.169176800Z,2026-08-13T17:01:30.084352400Z,55486522,55456110,replays/episode_92710006.json,success,202ee2cec6cbe8b4,60,
16474254,fishcat,27,1087.3,55485728,92710121,1,2026-08-13T16:59:57.340026600Z,2026-08-13T17:01:23.661523300Z,55482275,55485728,replays/episode_92710121.json,success,202ee2cec6cbe8b4,60,
16561259,@kdcyberdude,19,1108.5,55487406,92710837,1,2026-08-13T17:04:01.311588200Z,2026-08-13T17:07:06.280807600Z,54806981,55487406,replays/episode_92710837.json,success,202ee2cec6cbe8b4,60,
16474254,fishcat,27,1087.3,55485728,92711054,0,2026-08-13T17:04:01.670388100Z,2026-08-13T17:04:57.556576Z,55485728,55455327,replays/episode_92711054.json,success,202ee2cec6cbe8b4,60,
16561259,@kdcyberdude,19,1108.5,55487406,92711765,1,2026-08-13T17:07:57.637342100Z,2026-08-13T17:10:53.542415600Z,55486348,55487406,replays/episode_92711765.json,success,202ee2cec6cbe8b4,60,
16474254,fishcat,27,1087.3,55485728,92712053,1,2026-08-13T17:07:58.107547200Z,2026-08-13T17:09:04.741536500Z,55483650,55485728,replays/episode_92712053.json,success,202ee2cec6cbe8b4,60,
16561259,@kdcyberdude,19,1108.5,55487406,92712704,0,2026-08-13T17:11:56.917709Z,2026-08-13T17:15:29.278836600Z,55487406,55441101,replays/episode_92712704.json,success,202ee2cec6cbe8b4,60,
16561259,@kdcyberdude,19,1108.5,55487406,92713629,1,2026-08-13T17:15:58.416225900Z,2026-08-13T17:19:21.483855400Z,55485247,55487406,replays/episode_92713629.json,success,202ee2cec6cbe8b4,60,
16561259,@kdcyberdude,19,1108.5,55487406,92714536,0,2026-08-13T17:19:58.651124700Z,2026-08-13T17:22:35.584456Z,55487406,55477340,replays/episode_92714536.json,success,202ee2cec6cbe8b4,60,
16462035,Azat Akhtyamov,31,1079.9,55469451,92714700,1,2026-08-13T17:19:58.859125400Z,2026-08-13T17:21:06.948216700Z,55486363,55469451,replays/episode_92714700.json,success,202ee2cec6cbe8b4,60,
16561259,@kdcyberdude,19,1108.5,55487406,92715560,0,2026-08-13T17:23:57.917683700Z,2026-08-13T17:27:21.660690800Z,55487406,55485820,replays/episode_92715560.json,success,202ee2cec6cbe8b4,60,
16561259,@kdcyberdude,19,1108.5,55487406,92715653,0,2026-08-13T17:23:57.823531100Z,2026-08-13T17:27:15.853227400Z,55487406,55477282,replays/episode_92715653.json,success,202ee2cec6cbe8b4,60,
16561259,@kdcyberdude,19,1108.5,55487406,92715699,0,2026-08-13T17:23:58.325455700Z,2026-08-13T17:26:41.714384800Z,55487406,55487425,replays/episode_92715699.json,success,202ee2cec6cbe8b4,60,
16445258,MTamago,21,1102.8,55482465,92715721,1,2026-08-13T17:23:58.458169900Z,2026-08-13T17:24:59.205120700Z,55470068,55482465,replays/episode_92715721.json,success,202ee2cec6cbe8b4,60,
16474254,fishcat,27,1087.3,55485728,92715762,1,2026-08-13T17:23:58.573912400Z,2026-08-13T17:24:48.103825400Z,53804335,55485728,replays/episode_92715762.json,success,202ee2cec6cbe8b4,60,
16561259,@kdcyberdude,19,1108.5,55487406,92716420,1,2026-08-13T17:27:58.511741300Z,2026-08-13T17:30:53.707928400Z,55424487,55487406,replays/episode_92716420.json,success,202ee2cec6cbe8b4,60,
16561259,@kdcyberdude,19,1108.5,55487406,92717355,0,2026-08-13T17:31:57.072304800Z,2026-08-13T17:34:46.567461900Z,55487406,55469669,replays/episode_92717355.json,success,202ee2cec6cbe8b4,60,
16561259,@kdcyberdude,19,1108.5,55487406,92717584,0,2026-08-13T17:31:57.484280200Z,2026-08-13T17:35:41.567343800Z,55487406,55485999,replays/episode_92717584.json,success,202ee2cec6cbe8b4,60,
16561259,@kdcyberdude,19,1108.5,55487406,92718289,0,2026-08-13T17:35:57.717575400Z,2026-08-13T17:39:16.250802800Z,55487406,55477566,replays/episode_92718289.json,success,202ee2cec6cbe8b4,60,
16561259,@kdcyberdude,19,1108.5,55487406,92719229,0,2026-08-13T17:39:57.539849700Z,2026-08-13T17:42:32.889788400Z,55487406,55486333,replays/episode_92719229.json,success,202ee2cec6cbe8b4,60,
16561259,@kdcyberdude,19,1108.5,55487406,92720150,1,2026-08-13T17:43:59.608123Z,2026-08-13T17:54:26.435623500Z,55481441,55487406,replays/episode_92720150.json,success,202ee2cec6cbe8b4,60,
16561259,@kdcyberdude,19,1108.5,55487406,92721078,1,2026-08-13T17:47:58.134428600Z,2026-08-13T17:50:12.842011400Z,55480783,55487406,replays/episode_92721078.json,success,202ee2cec6cbe8b4,60,
16462035,Azat Akhtyamov,31,1079.9,55469451,92721915,0,2026-08-13T17:51:57.392587700Z,2026-08-13T17:53:12.899809Z,55469451,55488539,replays/episode_92721915.json,success,202ee2cec6cbe8b4,60,
16561259,@kdcyberdude,19,1108.5,55487406,92722039,1,2026-08-13T17:51:57.617489700Z,2026-08-13T17:54:37.492761200Z,55399861,55487406,replays/episode_92722039.json,success,202ee2cec6cbe8b4,60,
16561259,@kdcyberdude,19,1108.5,55487406,92722973,1,2026-08-13T17:55:57.525594100Z,2026-08-13T17:59:40.376764Z,55482014,55487406,replays/episode_92722973.json,success,202ee2cec6cbe8b4,60,
16561259,@kdcyberdude,19,1108.5,55487406,92723892,0,2026-08-13T17:59:57.278947800Z,2026-08-13T18:03:23.021208800Z,55487406,54930783,replays/episode_92723892.json,success,202ee2cec6cbe8b4,60,
16474254,fishcat,27,1087.3,55485728,92724119,0,2026-08-13T17:59:57.614511700Z,2026-08-13T18:00:59.987103300Z,55485728,55470423,replays/episode_92724119.json,success,202ee2cec6cbe8b4,60,
16561259,@kdcyberdude,19,1108.5,55487406,92724830,0,2026-08-13T18:03:59.671981800Z,2026-08-13T18:07:02.829419100Z,55487406,55479762,replays/episode_92724830.json,success,202ee2cec6cbe8b4,60,
16531787,hatry,29,1084.0,55489068,92725496,0,2026-08-13T18:05:30.617148Z,2026-08-13T18:07:38.678075600Z,55489068,55489068,replays/episode_92725496.json,success,202ee2cec6cbe8b4,60,
16531787,hatry,29,1084.0,55489068,92725496,1,2026-08-13T18:05:30.617148Z,2026-08-13T18:07:38.678075600Z,55489068,55489068,replays/episode_92725496.json,success,202ee2cec6cbe8b4,60,
16531787,hatry,29,1084.0,55489068,92725596,0,2026-08-13T18:07:56.898347200Z,2026-08-13T18:09:19.672191600Z,55489068,55161469,replays/episode_92725596.json,success,202ee2cec6cbe8b4,60,
16561259,@kdcyberdude,19,1108.5,55487406,92725675,1,2026-08-13T18:07:57.009525500Z,2026-08-13T18:10:48.820387500Z,55488309,55487406,replays/episode_92725675.json,success,202ee2cec6cbe8b4,60,
16561259,@kdcyberdude,19,1108.5,55487406,92725766,0,2026-08-13T18:07:57.133767400Z,2026-08-13T18:10:49.002497300Z,55487406,55399861,replays/episode_92725766.json,success,202ee2cec6cbe8b4,60,
16531787,hatry,29,1084.0,55489068,92726534,0,2026-08-13T18:15:44.903164700Z,2026-08-13T18:16:43.389082300Z,55489068,55431431,replays/episode_92726534.json,success,202ee2cec6cbe8b4,60,
16561259,@kdcyberdude,19,1108.5,55487406,92726727,0,2026-08-13T18:15:45.302371600Z,2026-08-13T18:18:54.518590300Z,55487406,55459130,replays/episode_92726727.json,success,202ee2cec6cbe8b4,60,
16531787,hatry,29,1084.0,55489068,92727497,0,2026-08-13T18:19:35.797494100Z,2026-08-13T18:20:40.053545300Z,55489068,55475004,replays/episode_92727497.json,success,202ee2cec6cbe8b4,60,
16561259,@kdcyberdude,19,1108.5,55487406,92727668,0,2026-08-13T18:19:36.074023800Z,2026-08-13T18:22:55.855592500Z,55487406,55484903,replays/episode_92727668.json,success,202ee2cec6cbe8b4,60,
16531787,hatry,29,1084.0,55489068,92728423,1,2026-08-13T18:23:35.523246500Z,2026-08-13T18:24:44.181525900Z,55157056,55489068,replays/episode_92728423.json,success,202ee2cec6cbe8b4,60,
16561259,@kdcyberdude,19,1108.5,55487406,92728601,1,2026-08-13T18:23:35.795647100Z,2026-08-13T18:26:34.199214100Z,55485782,55487406,replays/episode_92728601.json,success,202ee2cec6cbe8b4,60,
16445258,MTamago,21,1102.8,55482465,92728626,0,2026-08-13T18:23:35.817053300Z,2026-08-13T18:24:42.273558900Z,55482465,55487286,replays/episode_92728626.json,success,202ee2cec6cbe8b4,60,
16531787,hatry,29,1084.0,55489068,92729341,0,2026-08-13T18:27:35.913812200Z,2026-08-13T18:28:27.798041100Z,55489068,55436225,replays/episode_92729341.json,success,202ee2cec6cbe8b4,60,
16445258,MTamago,21,1102.8,55482465,92729492,1,2026-08-13T18:27:36.148484300Z,2026-08-13T18:28:34.407622500Z,55487425,55482465,replays/episode_92729492.json,success,202ee2cec6cbe8b4,60,
16561259,@kdcyberdude,19,1108.5,55487406,92729515,0,2026-08-13T18:27:36.207423400Z,2026-08-13T18:31:13.341785100Z,55487406,55455469,replays/episode_92729515.json,success,202ee2cec6cbe8b4,60,
16474254,fishcat,27,1087.3,55485728,92729579,0,2026-08-13T18:27:36.316593200Z,2026-08-13T18:29:08.983795600Z,55485728,55486522,replays/episode_92729579.json,success,202ee2cec6cbe8b4,60,
16531787,hatry,29,1084.0,55489068,92730296,1,2026-08-13T18:32:59.997004Z,2026-08-13T18:33:54.023416500Z,55319973,55489068,replays/episode_92730296.json,success,202ee2cec6cbe8b4,60,
16561259,@kdcyberdude,19,1108.5,55487406,92730457,0,2026-08-13T18:33:00.427673200Z,2026-08-13T18:36:19.227514900Z,55487406,55454605,replays/episode_92730457.json,success,202ee2cec6cbe8b4,60,
16531787,hatry,29,1084.0,55489068,92731217,0,2026-08-13T18:36:50.969898800Z,2026-08-13T18:38:39.570542500Z,55489068,54807678,replays/episode_92731217.json,success,202ee2cec6cbe8b4,60,
16561259,@kdcyberdude,19,1108.5,55487406,92731362,1,2026-08-13T18:36:51.200243300Z,2026-08-13T18:40:41.795616600Z,55472809,55487406,replays/episode_92731362.json,success,202ee2cec6cbe8b4,60,
16531787,hatry,29,1084.0,55489068,92732143,0,2026-08-13T18:40:50.468354700Z,2026-08-13T18:44:32.085179400Z,55489068,54839535,replays/episode_92732143.json,success,202ee2cec6cbe8b4,60,
16561259,@kdcyberdude,19,1108.5,55487406,92732304,0,2026-08-13T18:40:50.695544400Z,2026-08-13T18:43:51.838555400Z,55487406,55471774,replays/episode_92732304.json,success,202ee2cec6cbe8b4,60,
16531787,hatry,29,1084.0,55489068,92733077,0,2026-08-13T18:44:50.971240700Z,2026-08-13T18:46:46.492678200Z,55489068,55480844,replays/episode_92733077.json,success,202ee2cec6cbe8b4,60,
16561259,@kdcyberdude,19,1108.5,55487406,92733224,1,2026-08-13T18:44:51.236817600Z,2026-08-13T18:47:57.894474700Z,55477015,55487406,replays/episode_92733224.json,success,202ee2cec6cbe8b4,60,
16531787,hatry,29,1084.0,55489068,92734011,1,2026-08-13T18:48:50.750333300Z,2026-08-13T18:50:04.525249200Z,55418083,55489068,replays/episode_92734011.json,success,202ee2cec6cbe8b4,60,
16561259,@kdcyberdude,19,1108.5,55487406,92734157,0,2026-08-13T18:48:50.953027300Z,2026-08-13T18:52:09.465957300Z,55487406,55477977,replays/episode_92734157.json,success,202ee2cec6cbe8b4,60,
16531787,hatry,29,1084.0,55489068,92734945,1,2026-08-13T18:52:54.222440300Z,2026-08-13T18:54:31.674973200Z,55389696,55489068,replays/episode_92734945.json,success,202ee2cec6cbe8b4,60,
16462035,Azat Akhtyamov,31,1079.9,55469451,92735026,0,2026-08-13T18:52:54.333539900Z,2026-08-13T18:53:48.593932500Z,55469451,55488379,replays/episode_92735026.json,success,202ee2cec6cbe8b4,60,
16561259,@kdcyberdude,19,1108.5,55487406,92735094,0,2026-08-13T18:52:54.440392600Z,2026-08-13T18:56:41.040560100Z,55487406,55463441,replays/episode_92735094.json,success,202ee2cec6cbe8b4,60,
16561259,@kdcyberdude,19,1108.5,55487406,92735180,0,2026-08-13T18:52:54.558325200Z,2026-08-13T18:55:17.287929600Z,55487406,55482569,replays/episode_92735180.json,success,202ee2cec6cbe8b4,60,
16531787,hatry,29,1084.0,55489068,92735861,1,2026-08-13T18:56:51.588914400Z,2026-08-13T18:58:15.868717900Z,54033377,55489068,replays/episode_92735861.json,success,202ee2cec6cbe8b4,60,
16561259,@kdcyberdude,19,1108.5,55487406,92736001,0,2026-08-13T18:56:51.798711500Z,2026-08-13T18:58:07.125070400Z,55487406,55475841,replays/episode_92736001.json,success,202ee2cec6cbe8b4,60,
16474254,fishcat,27,1087.3,55485728,92736186,0,2026-08-13T18:56:52.047900Z,2026-08-13T18:59:37.874091400Z,55485728,55342916,replays/episode_92736186.json,success,202ee2cec6cbe8b4,60,
16531787,hatry,29,1084.0,55489068,92736804,1,2026-08-13T19:00:50.822234800Z,2026-08-13T19:01:58.223598400Z,55487311,55489068,replays/episode_92736804.json,success,202ee2cec6cbe8b4,60,
16561259,@kdcyberdude,19,1108.5,55487406,92736959,1,2026-08-13T19:00:51.139232400Z,2026-08-13T19:04:34.889757100Z,55441161,55487406,replays/episode_92736959.json,success,202ee2cec6cbe8b4,60,
16531787,hatry,29,1084.0,55489068,92737733,0,2026-08-13T19:04:50.700211100Z,2026-08-13T19:06:06.992358500Z,55489068,55477233,replays/episode_92737733.json,success,202ee2cec6cbe8b4,60,
16561259,@kdcyberdude,19,1108.5,55487406,92737886,1,2026-08-13T19:04:50.939112900Z,2026-08-13T19:07:28.463364900Z,55459130,55487406,replays/episode_92737886.json,success,202ee2cec6cbe8b4,60,
16474254,fishcat,27,1087.3,55485728,92738651,0,2026-08-13T19:08:50.695129500Z,2026-08-13T19:09:46.516172400Z,55485728,55488981,replays/episode_92738651.json,success,202ee2cec6cbe8b4,60,
16531787,hatry,29,1084.0,55489068,92738660,1,2026-08-13T19:08:50.705158400Z,2026-08-13T19:09:40.699319900Z,55485290,55489068,replays/episode_92738660.json,success,202ee2cec6cbe8b4,60,
16561259,@kdcyberdude,19,1108.5,55487406,92738809,1,2026-08-13T19:08:50.919658500Z,2026-08-13T19:12:27.675085300Z,55473460,55487406,replays/episode_92738809.json,success,202ee2cec6cbe8b4,60,
16380946,flg,2,1229.3,55456110,92738937,1,2026-08-13T19:08:51.135217200Z,2026-08-13T19:09:59.678854400Z,55485842,55456110,replays/episode_92738937.json,success,202ee2cec6cbe8b4,60,
16531787,hatry,29,1084.0,55489068,92739555,0,2026-08-13T19:12:51.754481700Z,2026-08-13T19:14:24.012235800Z,55489068,55287252,replays/episode_92739555.json,success,202ee2cec6cbe8b4,60,
16561259,@kdcyberdude,19,1108.5,55487406,92739725,1,2026-08-13T19:12:52.020428100Z,2026-08-13T19:17:04.002640400Z,55484470,55487406,replays/episode_92739725.json,success,202ee2cec6cbe8b4,60,
16531787,hatry,29,1084.0,55489068,92740513,0,2026-08-13T19:16:52.756847500Z,2026-08-13T19:18:20.215412500Z,55489068,55399338,replays/episode_92740513.json,success,202ee2cec6cbe8b4,60,
16561259,@kdcyberdude,19,1108.5,55487406,92740644,1,2026-08-13T19:16:52.943350600Z,2026-08-13T19:19:19.459336500Z,55469816,55487406,replays/episode_92740644.json,success,202ee2cec6cbe8b4,60,
16445258,MTamago,21,1102.8,55482465,92740715,0,2026-08-13T19:16:53.042876Z,2026-08-13T19:17:39.029628600Z,55482465,55483428,replays/episode_92740715.json,success,202ee2cec6cbe8b4,60,
16531787,hatry,29,1084.0,55489068,92741436,0,2026-08-13T19:20:51.002905Z,2026-08-13T19:22:04.684143800Z,55489068,55480906,replays/episode_92741436.json,success,202ee2cec6cbe8b4,60,
16462035,Azat Akhtyamov,31,1079.9,55469451,92741449,1,2026-08-13T19:20:51.017989100Z,2026-08-13T19:22:18.755506400Z,55488723,55469451,replays/episode_92741449.json,success,202ee2cec6cbe8b4,60,
16561259,@kdcyberdude,19,1108.5,55487406,92741581,0,2026-08-13T19:20:51.212301Z,2026-08-13T19:24:25.780551100Z,55487406,55478881,replays/episode_92741581.json,success,202ee2cec6cbe8b4,60,
16561259,@kdcyberdude,19,1108.5,55487406,92741721,1,2026-08-13T19:20:51.425049200Z,2026-08-13T19:23:26.120164100Z,55487425,55487406,replays/episode_92741721.json,success,202ee2cec6cbe8b4,60,
16531787,hatry,29,1084.0,55489068,92742358,1,2026-08-13T19:24:51.298935800Z,2026-08-13T19:26:00.955536600Z,55480682,55489068,replays/episode_92742358.json,success,202ee2cec6cbe8b4,60,
16531787,hatry,29,1084.0,55489068,92743300,1,2026-08-13T19:31:02.820135100Z,2026-08-13T19:32:39.959713200Z,55411129,55489068,replays/episode_92743300.json,success,202ee2cec6cbe8b4,60,
16416261,unknown,6,1193.1,55490173,92744030,0,2026-08-13T19:32:13.189820Z,2026-08-13T19:42:47.517675200Z,55490173,55490173,replays/episode_92744030.json,success,202ee2cec6cbe8b4,60,
16416261,unknown,6,1193.1,55490173,92744030,1,2026-08-13T19:32:13.189820Z,2026-08-13T19:42:47.517675200Z,55490173,55490173,replays/episode_92744030.json,success,202ee2cec6cbe8b4,60,
16531787,hatry,29,1084.0,55489068,92744236,0,2026-08-13T19:34:54.213975900Z,2026-08-13T19:41:33.431726400Z,55489068,55255714,replays/episode_92744236.json,success,202ee2cec6cbe8b4,60,
16561259,@kdcyberdude,19,1108.5,55487406,92744428,1,2026-08-13T19:34:54.517739400Z,2026-08-13T19:38:07.007592400Z,55456501,55487406,replays/episode_92744428.json,success,202ee2cec6cbe8b4,60,
16531787,hatry,29,1084.0,55489068,92745160,0,2026-08-13T19:38:54.409832800Z,2026-08-13T19:39:55.654884100Z,55489068,55483777,replays/episode_92745160.json,success,202ee2cec6cbe8b4,60,
16531787,hatry,29,1084.0,55489068,92745169,1,2026-08-13T19:38:54.410505800Z,2026-08-13T19:40:09.350063100Z,55488995,55489068,replays/episode_92745169.json,success,202ee2cec6cbe8b4,60,
16561259,@kdcyberdude,19,1108.5,55487406,92745319,1,2026-08-13T19:38:54.627917500Z,2026-08-13T19:42:00.147196800Z,55482458,55487406,replays/episode_92745319.json,success,202ee2cec6cbe8b4,60,
16474254,fishcat,27,1087.3,55485728,92745431,0,2026-08-13T19:38:54.795233700Z,2026-08-13T19:40:13.245448700Z,55485728,55470304,replays/episode_92745431.json,success,202ee2cec6cbe8b4,60,
16416261,unknown,6,1193.1,55490173,92745962,0,2026-08-13T19:42:54.651567800Z,2026-08-13T19:46:04.928044900Z,55490173,53793961,replays/episode_92745962.json,success,202ee2cec6cbe8b4,60,
16531787,hatry,29,1084.0,55489068,92746094,1,2026-08-13T19:42:54.829367700Z,2026-08-13T19:44:10.842270800Z,53820407,55489068,replays/episode_92746094.json,success,202ee2cec6cbe8b4,60,
16416261,unknown,6,1193.1,55490173,92746884,1,2026-08-13T19:46:54.854901100Z,2026-08-13T19:55:12.354903500Z,53948578,55490173,replays/episode_92746884.json,success,202ee2cec6cbe8b4,60,
16380946,flg,2,1229.3,55456110,92746955,1,2026-08-13T19:46:54.932221500Z,2026-08-13T19:48:13.022961Z,55489669,55456110,replays/episode_92746955.json,success,202ee2cec6cbe8b4,60,
16531787,hatry,29,1084.0,55489068,92747019,0,2026-08-13T19:46:55.041382900Z,2026-08-13T19:48:33.446580100Z,55489068,55393863,replays/episode_92747019.json,success,202ee2cec6cbe8b4,60,
16462035,Azat Akhtyamov,31,1079.9,55469451,92747066,1,2026-08-13T19:46:55.110714300Z,2026-08-13T19:48:26.741860900Z,55488505,55469451,replays/episode_92747066.json,success,202ee2cec6cbe8b4,60,
16416261,unknown,6,1193.1,55490173,92747808,1,2026-08-13T19:50:54.406490100Z,2026-08-13T19:55:36.041239100Z,54065581,55490173,replays/episode_92747808.json,success,202ee2cec6cbe8b4,60,
16416261,unknown,6,1193.1,55490173,92747887,0,2026-08-13T19:50:54.535415900Z,2026-08-13T19:59:12.546413400Z,55490173,55489832,replays/episode_92747887.json,success,202ee2cec6cbe8b4,60,
16531787,hatry,29,1084.0,55489068,92747941,1,2026-08-13T19:50:54.643278100Z,2026-08-13T19:51:50.634255300Z,55384638,55489068,replays/episode_92747941.json,success,202ee2cec6cbe8b4,60,
16416261,unknown,6,1193.1,55490173,92748724,1,2026-08-13T19:54:55.856802500Z,2026-08-13T20:01:45.634059600Z,55479624,55490173,replays/episode_92748724.json,success,202ee2cec6cbe8b4,60,
16380946,flg,2,1229.3,55456110,92748786,0,2026-08-13T19:54:55.922809700Z,2026-08-13T19:56:05.618629600Z,55456110,55489669,replays/episode_92748786.json,success,202ee2cec6cbe8b4,60,
16531787,hatry,29,1084.0,55489068,92748866,0,2026-08-13T19:54:56.042515400Z,2026-08-13T19:56:21.179988600Z,55489068,55478881,replays/episode_92748866.json,success,202ee2cec6cbe8b4,60,
16416261,unknown,6,1193.1,55490173,92749669,0,2026-08-13T19:58:55.772920300Z,2026-08-13T20:02:27.567609900Z,55490173,55402777,replays/episode_92749669.json,success,202ee2cec6cbe8b4,60,
16380946,flg,2,1229.3,55456110,92749716,0,2026-08-13T19:58:55.883920500Z,2026-08-13T19:59:55.905312300Z,55456110,55489669,replays/episode_92749716.json,success,202ee2cec6cbe8b4,60,
16531787,hatry,29,1084.0,55489068,92749797,1,2026-08-13T19:58:55.995867800Z,2026-08-13T20:00:07.953097600Z,55370837,55489068,replays/episode_92749797.json,success,202ee2cec6cbe8b4,60,
16561259,@kdcyberdude,19,1108.5,55487406,92750012,0,2026-08-13T19:58:56.306485300Z,2026-08-13T20:01:22.745848900Z,55487406,55481866,replays/episode_92750012.json,success,202ee2cec6cbe8b4,60,
16474254,fishcat,27,1087.3,55485728,92750053,1,2026-08-13T19:58:56.345862600Z,2026-08-13T20:00:33.753981500Z,54773249,55485728,replays/episode_92750053.json,success,202ee2cec6cbe8b4,60,
16416261,unknown,6,1193.1,55490173,92750615,1,2026-08-13T20:02:57.548226900Z,2026-08-13T20:08:57.380304100Z,55481757,55490173,replays/episode_92750615.json,success,202ee2cec6cbe8b4,60,
16416261,unknown,6,1193.1,55490173,92750703,0,2026-08-13T20:02:57.640278400Z,2026-08-13T20:05:48.514433900Z,55490173,55489522,replays/episode_92750703.json,success,202ee2cec6cbe8b4,60,
16531787,hatry,29,1084.0,55489068,92750737,1,2026-08-13T20:02:57.707618500Z,2026-08-13T20:04:56.492132Z,55462060,55489068,replays/episode_92750737.json,success,202ee2cec6cbe8b4,60,
16445258,MTamago,21,1102.8,55482465,92750947,0,2026-08-13T20:02:58.036314700Z,2026-08-13T20:04:19.162268600Z,55482465,55489375,replays/episode_92750947.json,success,202ee2cec6cbe8b4,60,
16416261,unknown,6,1193.1,55490173,92751545,0,2026-08-13T20:06:56.019969200Z,2026-08-13T20:11:17.982721600Z,55490173,55482797,replays/episode_92751545.json,success,202ee2cec6cbe8b4,60,
16445258,MTamago,21,1102.8,55482465,92751604,0,2026-08-13T20:06:56.107752400Z,2026-08-13T20:08:44.914641400Z,55482465,55489670,replays/episode_92751604.json,success,202ee2cec6cbe8b4,60,
16531787,hatry,29,1084.0,55489068,92751673,1,2026-08-13T20:06:56.196452800Z,2026-08-13T20:07:52.847549600Z,55363527,55489068,replays/episode_92751673.json,success,202ee2cec6cbe8b4,60,
16416261,unknown,6,1193.1,55490173,92752476,0,2026-08-13T20:10:55.830780300Z,2026-08-13T20:14:23.088139700Z,55490173,55463202,replays/episode_92752476.json,success,202ee2cec6cbe8b4,60,
16474254,fishcat,27,1087.3,55485728,92752510,1,2026-08-13T20:10:55.888183800Z,2026-08-13T20:11:48.239376700Z,55489945,55485728,replays/episode_92752510.json,success,202ee2cec6cbe8b4,60,
16531787,hatry,29,1084.0,55489068,92752601,1,2026-08-13T20:10:56.013269600Z,2026-08-13T20:16:09.367039500Z,55478987,55489068,replays/episode_92752601.json,success,202ee2cec6cbe8b4,60,
16416261,unknown,6,1193.1,55490173,92753401,0,2026-08-13T20:14:57.510648800Z,2026-08-13T20:16:37.892980Z,55490173,55483539,replays/episode_92753401.json,success,202ee2cec6cbe8b4,60,
16531787,hatry,29,1084.0,55489068,92753525,0,2026-08-13T20:14:57.735247100Z,2026-08-13T20:18:32.090959400Z,55489068,55478539,replays/episode_92753525.json,success,202ee2cec6cbe8b4,60,
16416261,unknown,6,1193.1,55490173,92754326,0,2026-08-13T20:18:55.929942300Z,2026-08-13T20:25:22.234164900Z,55490173,55425377,replays/episode_92754326.json,success,202ee2cec6cbe8b4,60,
16462035,Azat Akhtyamov,31,1079.9,55469451,92754450,1,2026-08-13T20:18:56.208962200Z,2026-08-13T20:20:48.372613Z,55489001,55469451,replays/episode_92754450.json,success,202ee2cec6cbe8b4,60,
16531787,hatry,29,1084.0,55489068,92754451,0,2026-08-13T20:18:56.209414100Z,2026-08-13T20:23:34.088480100Z,55489068,55489995,replays/episode_92754451.json,success,202ee2cec6cbe8b4,60,
16416261,unknown,6,1193.1,55490173,92755247,0,2026-08-13T20:22:56.980003500Z,2026-08-13T20:31:03.768635500Z,55490173,55485333,replays/episode_92755247.json,success,202ee2cec6cbe8b4,60,
16531787,hatry,29,1084.0,55489068,92755370,0,2026-08-13T20:22:57.190438800Z,2026-08-13T20:24:04.294776400Z,55489068,55481404,replays/episode_92755370.json,success,202ee2cec6cbe8b4,60,
16474254,fishcat,27,1087.3,55485728,92755478,0,2026-08-13T20:22:57.386236100Z,2026-08-13T20:24:11.507492Z,55485728,55486695,replays/episode_92755478.json,success,202ee2cec6cbe8b4,60,
16561259,@kdcyberdude,19,1108.5,55487406,92755554,0,2026-08-13T20:22:57.495287500Z,2026-08-13T20:25:33.048772300Z,55487406,55489001,replays/episode_92755554.json,success,202ee2cec6cbe8b4,60,
16416261,unknown,6,1193.1,55490173,92756167,0,2026-08-13T20:26:55.892668500Z,2026-08-13T20:32:58.366502900Z,55490173,55485278,replays/episode_92756167.json,success,202ee2cec6cbe8b4,60,
16531787,hatry,29,1084.0,55489068,92756293,0,2026-08-13T20:26:56.087298400Z,2026-08-13T20:29:01.781472800Z,55489068,55451784,replays/episode_92756293.json,success,202ee2cec6cbe8b4,60,
16380946,flg,2,1229.3,55456110,92756491,0,2026-08-13T20:26:56.348311Z,2026-08-13T20:28:10.771169200Z,55456110,55485842,replays/episode_92756491.json,success,202ee2cec6cbe8b4,60,
16416261,unknown,6,1193.1,55490173,92757089,0,2026-08-13T20:30:55.940615100Z,2026-08-13T20:35:04.559993800Z,55490173,55335480,replays/episode_92757089.json,success,202ee2cec6cbe8b4,60,
16531787,hatry,29,1084.0,55489068,92757215,1,2026-08-13T20:30:56.122097900Z,2026-08-13T20:31:49.664994600Z,55380627,55489068,replays/episode_92757215.json,success,202ee2cec6cbe8b4,60,
16445258,MTamago,21,1102.8,55482465,92757423,0,2026-08-13T20:30:56.511538400Z,2026-08-13T20:31:54.984777700Z,55482465,55487425,replays/episode_92757423.json,success,202ee2cec6cbe8b4,60,
16416261,unknown,6,1193.1,55490173,92758047,0,2026-08-13T20:34:57.005335300Z,2026-08-13T20:42:12.239836900Z,55490173,55453019,replays/episode_92758047.json,success,202ee2cec6cbe8b4,60,
16531787,hatry,29,1084.0,55489068,92758159,0,2026-08-13T20:34:57.204628700Z,2026-08-13T20:36:31.322084900Z,55489068,55454605,replays/episode_92758159.json,success,202ee2cec6cbe8b4,60,
16416261,unknown,6,1193.1,55490173,92758959,0,2026-08-13T20:38:56.015803Z,2026-08-13T20:45:03.400744500Z,55490173,55470068,replays/episode_92758959.json,success,202ee2cec6cbe8b4,60,
16531787,hatry,29,1084.0,55489068,92759080,1,2026-08-13T20:38:56.208428400Z,2026-08-13T20:41:11.817791Z,55395787,55489068,replays/episode_92759080.json,success,202ee2cec6cbe8b4,60,
16416261,unknown,6,1193.1,55490173,92759887,1,2026-08-13T20:42:56.886098200Z,2026-08-13T20:47:26.902094300Z,55490701,55490173,replays/episode_92759887.json,success,202ee2cec6cbe8b4,60,
16445258,MTamago,21,1102.8,55482465,92759977,1,2026-08-13T20:42:57.013261800Z,2026-08-13T20:43:47.277640400Z,55489375,55482465,replays/episode_92759977.json,success,202ee2cec6cbe8b4,60,
16531787,hatry,29,1084.0,55489068,92760010,0,2026-08-13T20:42:57.083024Z,2026-08-13T20:50:00.241211500Z,55489068,55478987,replays/episode_92760010.json,success,202ee2cec6cbe8b4,60,
16561259,@kdcyberdude,19,1108.5,55487406,92760153,1,2026-08-13T20:42:57.307954700Z,2026-08-13T20:45:25.622395600Z,55467538,55487406,replays/episode_92760153.json,success,202ee2cec6cbe8b4,60,
16416261,unknown,6,1193.1,55490173,92760812,1,2026-08-13T20:46:55.882144Z,2026-08-13T20:48:05.527339100Z,55489001,55490173,replays/episode_92760812.json,success,202ee2cec6cbe8b4,60,
16531787,hatry,29,1084.0,55489068,92760931,1,2026-08-13T20:46:56.081275600Z,2026-08-13T20:48:29.391760400Z,55463202,55489068,replays/episode_92760931.json,success,202ee2cec6cbe8b4,60,
16561259,@kdcyberdude,19,1108.5,55487406,92761117,1,2026-08-13T20:46:56.333332300Z,2026-08-13T20:50:57.051607100Z,55489945,55487406,replays/episode_92761117.json,success,202ee2cec6cbe8b4,60,
16416261,unknown,6,1193.1,55490173,92761731,0,2026-08-13T20:50:55.899868500Z,2026-08-13T20:58:27.504545100Z,55490173,55433719,replays/episode_92761731.json,success,202ee2cec6cbe8b4,60,
16531787,hatry,29,1084.0,55489068,92761858,1,2026-08-13T20:50:56.099838900Z,2026-08-13T20:52:59.951323600Z,55456650,55489068,replays/episode_92761858.json,success,202ee2cec6cbe8b4,60,
16561259,@kdcyberdude,19,1108.5,55487406,92761963,1,2026-08-13T20:50:56.243924500Z,2026-08-13T20:54:44.887203400Z,55486677,55487406,replays/episode_92761963.json,success,202ee2cec6cbe8b4,60,
16474254,fishcat,27,1087.3,55485728,92762056,1,2026-08-13T20:50:56.392573300Z,2026-08-13T20:55:02.060610500Z,54703392,55485728,replays/episode_92762056.json,success,202ee2cec6cbe8b4,60,
16416261,unknown,6,1193.1,55490173,92762654,0,2026-08-13T20:54:55.832911900Z,2026-08-13T20:59:02.412257400Z,55490173,55486695,replays/episode_92762654.json,success,202ee2cec6cbe8b4,60,
16531787,hatry,29,1084.0,55489068,92762756,0,2026-08-13T20:54:56.081100Z,2026-08-13T20:56:35.628654900Z,55489068,55456501,replays/episode_92762756.json,success,202ee2cec6cbe8b4,60,
16416261,unknown,6,1193.1,55490173,92763582,1,2026-08-13T20:58:55.925222300Z,2026-08-13T21:03:19.463616400Z,55474176,55490173,replays/episode_92763582.json,success,202ee2cec6cbe8b4,60,
16531787,hatry,29,1084.0,55489068,92763711,0,2026-08-13T20:58:56.178522300Z,2026-08-13T21:00:17.125262200Z,55489068,55480859,replays/episode_92763711.json,success,202ee2cec6cbe8b4,60,
16416261,unknown,6,1193.1,55490173,92764506,0,2026-08-13T21:02:57.501722600Z,2026-08-13T21:08:42.415165800Z,55490173,55425605,replays/episode_92764506.json,success,202ee2cec6cbe8b4,60,
16531787,hatry,29,1084.0,55489068,92764637,1,2026-08-13T21:02:57.789865Z,2026-08-13T21:03:57.119493600Z,55462059,55489068,replays/episode_92764637.json,success,202ee2cec6cbe8b4,60,
16474254,fishcat,27,1087.3,55485728,92764813,1,2026-08-13T21:02:58.076335200Z,2026-08-13T21:11:34.328078700Z,55490431,55485728,replays/episode_92764813.json,success,202ee2cec6cbe8b4,60,
16416261,unknown,6,1193.1,55490173,92765430,1,2026-08-13T21:06:55.799615700Z,2026-08-13T21:10:56.012626700Z,55467931,55490173,replays/episode_92765430.json,success,202ee2cec6cbe8b4,60,
16531787,hatry,29,1084.0,55489068,92765556,1,2026-08-13T21:06:56.008398700Z,2026-08-13T21:08:32.806325Z,55489979,55489068,replays/episode_92765556.json,success,202ee2cec6cbe8b4,60,
16474254,fishcat,27,1087.3,55485728,92765681,0,2026-08-13T21:06:56.216898600Z,2026-08-13T21:09:57.638783300Z,55485728,55488501,replays/episode_92765681.json,success,202ee2cec6cbe8b4,60,
16416261,unknown,6,1193.1,55490173,92766360,0,2026-08-13T21:10:55.917689900Z,2026-08-13T21:17:39.464506900Z,55490173,55467931,replays/episode_92766360.json,success,202ee2cec6cbe8b4,60,
16531787,hatry,29,1084.0,55489068,92766483,1,2026-08-13T21:10:56.195374600Z,2026-08-13T21:11:49.540482300Z,53818459,55489068,replays/episode_92766483.json,success,202ee2cec6cbe8b4,60,
16531787,hatry,29,1084.0,55489068,92766656,0,2026-08-13T21:10:56.511765300Z,2026-08-13T21:12:41.072784400Z,55489068,55484470,replays/episode_92766656.json,success,202ee2cec6cbe8b4,60,
16416261,unknown,6,1193.1,55490173,92767284,0,2026-08-13T21:14:55.826950Z,2026-08-13T21:16:55.737659800Z,55490173,55279030,replays/episode_92767284.json,success,202ee2cec6cbe8b4,60,
16531787,hatry,29,1084.0,55489068,92767411,0,2026-08-13T21:14:56.083489300Z,2026-08-13T21:22:30.607352800Z,55489068,55479180,replays/episode_92767411.json,success,202ee2cec6cbe8b4,60,
16561259,@kdcyberdude,19,1108.5,55487406,92767505,1,2026-08-13T21:14:56.225738100Z,2026-08-13T21:19:12.176494Z,55486522,55487406,replays/episode_92767505.json,success,202ee2cec6cbe8b4,60,
16416261,unknown,6,1193.1,55490173,92768205,0,2026-08-13T21:18:56.284352Z,2026-08-13T21:24:31.964060400Z,55490173,55480943,replays/episode_92768205.json,success,202ee2cec6cbe8b4,60,
16531787,hatry,29,1084.0,55489068,92768266,0,2026-08-13T21:18:56.457325800Z,2026-08-13T21:20:20.145408200Z,55489068,55486680,replays/episode_92768266.json,success,202ee2cec6cbe8b4,60,
16445258,MTamago,21,1102.8,55482465,92768435,1,2026-08-13T21:18:56.887212800Z,2026-08-13T21:19:52.112634400Z,55394382,55482465,replays/episode_92768435.json,success,202ee2cec6cbe8b4,60,
16416261,unknown,6,1193.1,55490173,92769122,0,2026-08-13T21:22:57.528544300Z,2026-08-13T21:30:37.447115100Z,55490173,55481058,replays/episode_92769122.json,success,202ee2cec6cbe8b4,60,
16462035,Azat Akhtyamov,31,1079.9,55469451,92769192,0,2026-08-13T21:22:57.680174Z,2026-08-13T21:24:43.738486700Z,55469451,55489670,replays/episode_92769192.json,success,202ee2cec6cbe8b4,60,
16561259,@kdcyberdude,19,1108.5,55487406,92769410,1,2026-08-13T21:22:58.136924400Z,2026-08-13T21:26:31.337325500Z,55488723,55487406,replays/episode_92769410.json,success,202ee2cec6cbe8b4,60,
16531787,hatry,29,1084.0,55489068,92769411,0,2026-08-13T21:22:58.139531100Z,2026-08-13T21:23:51.987379500Z,55489068,55488052,replays/episode_92769411.json,success,202ee2cec6cbe8b4,60,
16416261,unknown,6,1193.1,55490173,92770053,1,2026-08-13T21:26:55.901877800Z,2026-08-13T21:31:18.190120Z,55486695,55490173,replays/episode_92770053.json,success,202ee2cec6cbe8b4,60,
16416261,unknown,6,1193.1,55490173,92770971,0,2026-08-13T21:30:56.595237600Z,2026-08-13T21:37:02.253696900Z,55490173,55483716,replays/episode_92770971.json,success,202ee2cec6cbe8b4,60,
16474254,fishcat,27,1087.3,55485728,92771238,1,2026-08-13T21:30:57.134382200Z,2026-08-13T21:32:18.532497700Z,55485111,55485728,replays/episode_92771238.json,success,202ee2cec6cbe8b4,60,
16416261,unknown,6,1193.1,55490173,92771888,0,2026-08-13T21:34:56.593852500Z,2026-08-13T21:40:24.260294500Z,55490173,55350342,replays/episode_92771888.json,success,202ee2cec6cbe8b4,60,
16416261,unknown,6,1193.1,55490173,92772828,1,2026-08-13T21:38:55.685359700Z,2026-08-13T21:45:26.414171300Z,55480862,55490173,replays/episode_92772828.json,success,202ee2cec6cbe8b4,60,
16380946,flg,2,1229.3,55456110,92772868,0,2026-08-13T21:38:55.740489800Z,2026-08-13T21:40:14.110930900Z,55456110,55489669,replays/episode_92772868.json,success,202ee2cec6cbe8b4,60,
16531787,hatry,29,1084.0,55489068,92773047,0,2026-08-13T21:38:56.127305700Z,2026-08-13T21:39:59.248708200Z,55489068,55483716,replays/episode_92773047.json,success,202ee2cec6cbe8b4,60,
16416261,unknown,6,1193.1,55490173,92773754,0,2026-08-13T21:42:56.899522500Z,2026-08-13T21:52:31.887469500Z,55490173,55425605,replays/episode_92773754.json,success,202ee2cec6cbe8b4,60,
16416261,unknown,6,1193.1,55490173,92774691,1,2026-08-13T21:46:55.946492900Z,2026-08-13T21:50:26.584570200Z,55485767,55490173,replays/episode_92774691.json,success,202ee2cec6cbe8b4,60,
16531787,hatry,29,1084.0,55489068,92774740,0,2026-08-13T21:46:56.081915300Z,2026-08-13T21:48:30.344485400Z,55489068,55489669,replays/episode_92774740.json,success,202ee2cec6cbe8b4,60,
16445258,MTamago,21,1102.8,55482465,92774866,0,2026-08-13T21:46:56.317949900Z,2026-08-13T21:47:57.002417700Z,55482465,55425377,replays/episode_92774866.json,success,202ee2cec6cbe8b4,60,
16416261,unknown,6,1193.1,55490173,92775581,1,2026-08-13T21:50:56.397479100Z,2026-08-13T21:58:10.871014800Z,55467430,55490173,replays/episode_92775581.json,success,202ee2cec6cbe8b4,60,
16561259,@kdcyberdude,19,1108.5,55487406,92775866,1,2026-08-13T21:50:56.913377900Z,2026-08-13T21:53:35.637719300Z,55344264,55487406,replays/episode_92775866.json,success,202ee2cec6cbe8b4,60,
16416261,unknown,6,1193.1,55490173,92776612,0,2026-08-13T21:56:50.470228300Z,2026-08-13T22:01:43.597079200Z,55490173,55447414,replays/episode_92776612.json,success,202ee2cec6cbe8b4,60,
16531787,hatry,29,1084.0,55489068,92776757,0,2026-08-13T21:56:50.875265300Z,2026-08-13T22:02:24.259106300Z,55489068,55488501,replays/episode_92776757.json,success,202ee2cec6cbe8b4,60,
16416261,unknown,6,1193.1,55490173,92777489,1,2026-08-13T22:00:39.887903600Z,2026-08-13T22:03:13.329258200Z,55481058,55490173,replays/episode_92777489.json,success,202ee2cec6cbe8b4,60,
16416261,unknown,6,1193.1,55490173,92778430,1,2026-08-13T22:04:39.305098200Z,2026-08-13T22:10:28.505717600Z,55456550,55490173,replays/episode_92778430.json,success,202ee2cec6cbe8b4,60,
16474254,fishcat,27,1087.3,55485728,92778617,1,2026-08-13T22:04:39.572093300Z,2026-08-13T22:05:49.342645300Z,55418438,55485728,replays/episode_92778617.json,success,202ee2cec6cbe8b4,60,
16416261,unknown,6,1193.1,55490173,92779347,0,2026-08-13T22:08:39.416782600Z,2026-08-13T22:14:30.806486400Z,55490173,55467430,replays/episode_92779347.json,success,202ee2cec6cbe8b4,60,
16416261,unknown,6,1193.1,55490173,92780266,1,2026-08-13T22:12:39.114023500Z,2026-08-13T22:18:09.635458600Z,55470304,55490173,replays/episode_92780266.json,success,202ee2cec6cbe8b4,60,
16561259,@kdcyberdude,19,1108.5,55487406,92780529,1,2026-08-13T22:12:39.473905100Z,2026-08-13T22:16:10.350763900Z,55486680,55487406,replays/episode_92780529.json,success,202ee2cec6cbe8b4,60,
16445258,MTamago,21,1102.8,55482465,92780531,1,2026-08-13T22:12:39.475980300Z,2026-08-13T22:14:08.899117400Z,55483933,55482465,replays/episode_92780531.json,success,202ee2cec6cbe8b4,60,
16416261,unknown,6,1193.1,55490173,92781201,0,2026-08-13T22:16:42.001540300Z,2026-08-13T22:20:29.607684500Z,55490173,55482465,replays/episode_92781201.json,success,202ee2cec6cbe8b4,60,
16445258,MTamago,21,1102.8,55482465,92781201,1,2026-08-13T22:16:42.001540300Z,2026-08-13T22:20:29.607684500Z,55490173,55482465,replays/episode_92781201.json,success,202ee2cec6cbe8b4,60,
16416261,unknown,6,1193.1,55490173,92782125,1,2026-08-13T22:20:39.281064Z,2026-08-13T22:24:42.372732400Z,54881064,55490173,replays/episode_92782125.json,success,202ee2cec6cbe8b4,60,
16416261,unknown,6,1193.1,55490173,92783061,1,2026-08-13T22:24:39.296865100Z,2026-08-13T22:30:45.142645200Z,55480943,55490173,replays/episode_92783061.json,success,202ee2cec6cbe8b4,60,
16531787,hatry,29,1084.0,55489068,92783295,1,2026-08-13T22:24:39.613371500Z,2026-08-13T22:25:47.066061Z,55462059,55489068,replays/episode_92783295.json,success,202ee2cec6cbe8b4,60,
16416261,unknown,6,1193.1,55490173,92783988,0,2026-08-13T22:28:39.099320800Z,2026-08-13T22:33:38.490274Z,55490173,55488784,replays/episode_92783988.json,success,202ee2cec6cbe8b4,60,
16445258,MTamago,21,1102.8,55482465,92784212,1,2026-08-13T22:28:39.499648900Z,2026-08-13T22:29:50.856274100Z,55472421,55482465,replays/episode_92784212.json,success,202ee2cec6cbe8b4,60,
16569286,Kh0a,12,1134.2,55492194,92784669,0,2026-08-13T22:30:59.174513600Z,2026-08-13T22:31:55.284800600Z,55492194,55492194,replays/episode_92784669.json,success,202ee2cec6cbe8b4,60,
16569286,Kh0a,12,1134.2,55492194,92784669,1,2026-08-13T22:30:59.174513600Z,2026-08-13T22:31:55.284800600Z,55492194,55492194,replays/episode_92784669.json,success,202ee2cec6cbe8b4,60,
16464757,unknown,36,1068.4,55492201,92784674,0,2026-08-13T22:31:47.894835400Z,2026-08-13T22:48:33.372824600Z,55492201,55492201,replays/episode_92784674.json,success,202ee2cec6cbe8b4,60,
16464757,unknown,36,1068.4,55492201,92784674,1,2026-08-13T22:31:47.894835400Z,2026-08-13T22:48:33.372824600Z,55492201,55492201,replays/episode_92784674.json,success,202ee2cec6cbe8b4,60,
16569286,Kh0a,12,1134.2,55492194,92784762,0,2026-08-13T22:32:39.213636600Z,2026-08-13T22:33:20.970642400Z,55492194,54804905,replays/episode_92784762.json,success,202ee2cec6cbe8b4,60,
16416261,unknown,6,1193.1,55490173,92784919,1,2026-08-13T22:32:39.414871900Z,2026-08-13T22:39:14.638975900Z,55486522,55490173,replays/episode_92784919.json,success,202ee2cec6cbe8b4,60,
16380946,flg,2,1229.3,55456110,92784953,0,2026-08-13T22:32:39.460289Z,2026-08-13T22:33:47.156554200Z,55456110,55489669,replays/episode_92784953.json,success,202ee2cec6cbe8b4,60,
16474254,fishcat,27,1087.3,55485728,92785133,0,2026-08-13T22:32:39.713473300Z,2026-08-13T22:33:39.497214500Z,55485728,55489204,replays/episode_92785133.json,success,202ee2cec6cbe8b4,60,
16569286,Kh0a,12,1134.2,55492194,92785675,0,2026-08-13T22:36:40.433201Z,2026-08-13T22:37:35.732271100Z,55492194,55485771,replays/episode_92785675.json,success,202ee2cec6cbe8b4,60,
16416261,unknown,6,1193.1,55490173,92785839,1,2026-08-13T22:36:40.661651500Z,2026-08-13T22:42:11.289168Z,55480973,55490173,replays/episode_92785839.json,success,202ee2cec6cbe8b4,60,
16416261,unknown,6,1193.1,55490173,92785878,0,2026-08-13T22:36:40.702500700Z,2026-08-13T22:43:05.965294300Z,55490173,55489669,replays/episode_92785878.json,success,202ee2cec6cbe8b4,60,
16569286,Kh0a,12,1134.2,55492194,92786629,1,2026-08-13T22:40:39.062217400Z,2026-08-13T22:42:28.057758300Z,55492021,55492194,replays/episode_92786629.json,success,202ee2cec6cbe8b4,60,
16416261,unknown,6,1193.1,55490173,92786790,1,2026-08-13T22:40:39.391078300Z,2026-08-13T22:48:28.832200400Z,55486522,55490173,replays/episode_92786790.json,success,202ee2cec6cbe8b4,60,
16531787,hatry,29,1084.0,55489068,92786900,0,2026-08-13T22:40:39.574596Z,2026-08-13T22:41:54.935241300Z,55489068,53863146,replays/episode_92786900.json,success,202ee2cec6cbe8b4,60,
16561259,@kdcyberdude,19,1108.5,55487406,92786926,1,2026-08-13T22:40:39.603908800Z,2026-08-13T22:44:06.798129900Z,55485842,55487406,replays/episode_92786926.json,success,202ee2cec6cbe8b4,60,
16569286,Kh0a,12,1134.2,55492194,92787553,0,2026-08-13T22:44:39.897685700Z,2026-08-13T22:45:29.360108500Z,55492194,53802029,replays/episode_92787553.json,success,202ee2cec6cbe8b4,60,
16569286,Kh0a,12,1134.2,55492194,92787601,1,2026-08-13T22:44:39.953811100Z,2026-08-13T22:45:38.063250900Z,55492026,55492194,replays/episode_92787601.json,success,202ee2cec6cbe8b4,60,
16416261,unknown,6,1193.1,55490173,92787710,0,2026-08-13T22:44:40.104242600Z,2026-08-13T22:48:07.922901800Z,55490173,55482569,replays/episode_92787710.json,success,202ee2cec6cbe8b4,60,
16464757,unknown,36,1068.4,55492201,92788456,0,2026-08-13T22:48:39.208530Z,2026-08-13T22:53:55.526061200Z,55492201,55489635,replays/episode_92788456.json,success,202ee2cec6cbe8b4,60,
16569286,Kh0a,12,1134.2,55492194,92788493,1,2026-08-13T22:48:39.250161800Z,2026-08-13T22:49:34.093317500Z,55397314,55492194,replays/episode_92788493.json,success,202ee2cec6cbe8b4,60,
16416261,unknown,6,1193.1,55490173,92788651,1,2026-08-13T22:48:39.475790100Z,2026-08-13T22:55:32.976482800Z,55456208,55490173,replays/episode_92788651.json,success,202ee2cec6cbe8b4,60,
16464757,unknown,36,1068.4,55492201,92789378,1,2026-08-13T22:52:39.038809600Z,2026-08-13T23:00:12.351488900Z,54638814,55492201,replays/episode_92789378.json,success,202ee2cec6cbe8b4,60,
16569286,Kh0a,12,1134.2,55492194,92789419,1,2026-08-13T22:52:39.089163100Z,2026-08-13T22:53:35.889233800Z,55182613,55492194,replays/episode_92789419.json,success,202ee2cec6cbe8b4,60,
16416261,unknown,6,1193.1,55490173,92789574,0,2026-08-13T22:52:39.347050500Z,2026-08-13T22:56:55.138228Z,55490173,55487254,replays/episode_92789574.json,success,202ee2cec6cbe8b4,60,
16464757,unknown,36,1068.4,55492201,92790299,0,2026-08-13T22:56:41.264222100Z,2026-08-13T23:06:23.679483400Z,55492201,53805809,replays/episode_92790299.json,success,202ee2cec6cbe8b4,60,
16569286,Kh0a,12,1134.2,55492194,92790352,1,2026-08-13T22:56:41.319894Z,2026-08-13T22:57:49.628696800Z,55442136,55492194,replays/episode_92790352.json,success,202ee2cec6cbe8b4,60,
16416261,unknown,6,1193.1,55490173,92790525,1,2026-08-13T22:56:41.676858300Z,2026-08-13T23:01:57.383631600Z,55487431,55490173,replays/episode_92790525.json,success,202ee2cec6cbe8b4,60,
16416261,unknown,6,1193.1,55490173,92790572,0,2026-08-13T22:56:41.782417300Z,2026-08-13T23:02:04.356809500Z,55490173,55489669,replays/episode_92790572.json,success,202ee2cec6cbe8b4,60,
16464757,unknown,36,1068.4,55492201,92791247,0,2026-08-13T23:00:39.305506500Z,2026-08-13T23:05:34.055839500Z,55492201,55464037,replays/episode_92791247.json,success,202ee2cec6cbe8b4,60,
16569286,Kh0a,12,1134.2,55492194,92791292,1,2026-08-13T23:00:39.357050100Z,2026-08-13T23:01:47.482176900Z,55480617,55492194,replays/episode_92791292.json,success,202ee2cec6cbe8b4,60,
16416261,unknown,6,1193.1,55490173,92791447,1,2026-08-13T23:00:39.581197600Z,2026-08-13T23:04:33.244153200Z,55482569,55490173,replays/episode_92791447.json,success,202ee2cec6cbe8b4,60,
16464757,unknown,36,1068.4,55492201,92792161,1,2026-08-13T23:04:39.404467800Z,2026-08-13T23:10:36.329740900Z,55437496,55492201,replays/episode_92792161.json,success,202ee2cec6cbe8b4,60,
16569286,Kh0a,12,1134.2,55492194,92792215,1,2026-08-13T23:04:39.474017500Z,2026-08-13T23:05:08.998446300Z,55486848,55492194,replays/episode_92792215.json,success,202ee2cec6cbe8b4,60,
16416261,unknown,6,1193.1,55490173,92792376,0,2026-08-13T23:04:39.707945800Z,2026-08-13T23:08:51.630313100Z,55490173,55488723,replays/episode_92792376.json,success,202ee2cec6cbe8b4,60,
16569286,Kh0a,12,1134.2,55492194,92792469,0,2026-08-13T23:04:39.859230600Z,2026-08-13T23:05:16.754837Z,55492194,55486419,replays/episode_92792469.json,success,202ee2cec6cbe8b4,60,
16474254,fishcat,27,1087.3,55485728,92792511,1,2026-08-13T23:04:39.903952Z,2026-08-13T23:05:56.905103400Z,55457996,55485728,replays/episode_92792511.json,success,202ee2cec6cbe8b4,60,
16464757,unknown,36,1068.4,55492201,92793089,0,2026-08-13T23:08:41.350664900Z,2026-08-13T23:13:10.814679500Z,55492201,55426023,replays/episode_92793089.json,success,202ee2cec6cbe8b4,60,
16569286,Kh0a,12,1134.2,55492194,92793142,0,2026-08-13T23:08:41.450699700Z,2026-08-13T23:13:03.607863700Z,55492194,55417209,replays/episode_92793142.json,success,202ee2cec6cbe8b4,60,
16445258,MTamago,21,1102.8,55482465,92793359,1,2026-08-13T23:08:42.001561900Z,2026-08-13T23:09:47.965976300Z,55490618,55482465,replays/episode_92793359.json,success,202ee2cec6cbe8b4,60,
16416261,unknown,6,1193.1,55490173,92793362,1,2026-08-13T23:08:42.001997600Z,2026-08-13T23:19:19.867829100Z,55488501,55490173,replays/episode_92793362.json,success,202ee2cec6cbe8b4,60,
16464757,unknown,36,1068.4,55492201,92794032,0,2026-08-13T23:12:39.312413300Z,2026-08-13T23:22:45.586131900Z,55492201,55288637,replays/episode_92794032.json,success,202ee2cec6cbe8b4,60,
16569286,Kh0a,12,1134.2,55492194,92794088,0,2026-08-13T23:12:39.445673Z,2026-08-13T23:13:40.442619Z,55492194,55489393,replays/episode_92794088.json,success,202ee2cec6cbe8b4,60,
16416261,unknown,6,1193.1,55490173,92794238,1,2026-08-13T23:12:39.780215500Z,2026-08-13T23:20:25.525546900Z,55482569,55490173,replays/episode_92794238.json,success,202ee2cec6cbe8b4,60,
16531787,hatry,29,1084.0,55489068,92794362,1,2026-08-13T23:12:40.082469700Z,2026-08-13T23:14:15.719720600Z,55475820,55489068,replays/episode_92794362.json,success,202ee2cec6cbe8b4,60,
16462035,Azat Akhtyamov,31,1079.9,55469451,92794388,0,2026-08-13T23:12:40.147986600Z,2026-08-13T23:14:09.672295100Z,55469451,55481058,replays/episode_92794388.json,success,202ee2cec6cbe8b4,60,
16464757,unknown,36,1068.4,55492201,92794970,1,2026-08-13T23:16:40.516161300Z,2026-08-13T23:26:02.856345400Z,55484274,55492201,replays/episode_92794970.json,success,202ee2cec6cbe8b4,60,
16569286,Kh0a,12,1134.2,55492194,92795028,0,2026-08-13T23:16:40.597686200Z,2026-08-13T23:17:40.388085600Z,55492194,55479679,replays/episode_92795028.json,success,202ee2cec6cbe8b4,60,
16416261,unknown,6,1193.1,55490173,92795171,0,2026-08-13T23:16:40.813212Z,2026-08-13T23:17:18.929586200Z,55490173,55481866,replays/episode_92795171.json,success,202ee2cec6cbe8b4,60,
16464757,unknown,36,1068.4,55492201,92795890,0,2026-08-13T23:20:39.323329600Z,2026-08-13T23:29:10.452799100Z,55492201,55462624,replays/episode_92795890.json,success,202ee2cec6cbe8b4,60,
16569286,Kh0a,12,1134.2,55492194,92795956,1,2026-08-13T23:20:39.401894Z,2026-08-13T23:22:12.429567200Z,55483650,55492194,replays/episode_92795956.json,success,202ee2cec6cbe8b4,60,
16416261,unknown,6,1193.1,55490173,92796109,1,2026-08-13T23:20:39.659348400Z,2026-08-13T23:29:01.498046800Z,55487123,55490173,replays/episode_92796109.json,success,202ee2cec6cbe8b4,60,
16569286,Kh0a,12,1134.2,55492194,92796835,0,2026-08-13T23:24:39.455717300Z,2026-08-13T23:25:27.529817Z,55492194,55222325,replays/episode_92796835.json,success,202ee2cec6cbe8b4,60,
16569286,Kh0a,12,1134.2,55492194,92796951,0,2026-08-13T23:24:39.420153600Z,2026-08-13T23:25:20.245222700Z,55492194,55492259,replays/episode_92796951.json,success,202ee2cec6cbe8b4,60,
16464757,unknown,36,1068.4,55492201,92797038,1,2026-08-13T23:24:40.016382100Z,2026-08-13T23:31:10.564685100Z,55480862,55492201,replays/episode_92797038.json,success,202ee2cec6cbe8b4,60,
16561259,@kdcyberdude,19,1108.5,55487406,92797078,0,2026-08-13T23:24:40.217546200Z,2026-08-13T23:32:13.941146200Z,55487406,55490173,replays/episode_92797078.json,success,202ee2cec6cbe8b4,60,
16416261,unknown,6,1193.1,55490173,92797078,1,2026-08-13T23:24:40.217546200Z,2026-08-13T23:32:13.941146200Z,55487406,55490173,replays/episode_92797078.json,success,202ee2cec6cbe8b4,60,
16464757,unknown,36,1068.4,55492201,92797759,0,2026-08-13T23:28:39.036397500Z,2026-08-13T23:33:02.030922800Z,55492201,55467422,replays/episode_92797759.json,success,202ee2cec6cbe8b4,60,
16569286,Kh0a,12,1134.2,55492194,92797791,1,2026-08-13T23:28:39.072165400Z,2026-08-13T23:29:15.289641400Z,55492259,55492194,replays/episode_92797791.json,success,202ee2cec6cbe8b4,60,
16569286,Kh0a,12,1134.2,55492194,92797828,0,2026-08-13T23:28:39.151341Z,2026-08-13T23:29:34.784243400Z,55492194,55489859,replays/episode_92797828.json,success,202ee2cec6cbe8b4,60,
16416261,unknown,6,1193.1,55490173,92797977,1,2026-08-13T23:28:39.364789800Z,2026-08-13T23:35:00.863232300Z,55350342,55490173,replays/episode_92797977.json,success,202ee2cec6cbe8b4,60,
16464757,unknown,36,1068.4,55492201,92798702,1,2026-08-13T23:32:39.147043200Z,2026-08-13T23:42:31.187534100Z,55456208,55492201,replays/episode_92798702.json,success,202ee2cec6cbe8b4,60,
16569286,Kh0a,12,1134.2,55492194,92798769,0,2026-08-13T23:32:39.241568600Z,2026-08-13T23:35:22.023692200Z,55492194,55487406,replays/episode_92798769.json,success,202ee2cec6cbe8b4,60,
16561259,@kdcyberdude,19,1108.5,55487406,92798769,1,2026-08-13T23:32:39.241568600Z,2026-08-13T23:35:22.023692200Z,55492194,55487406,replays/episode_92798769.json,success,202ee2cec6cbe8b4,60,
16416261,unknown,6,1193.1,55490173,92798915,1,2026-08-13T23:32:39.443762700Z,2026-08-13T23:37:42.245631800Z,55485842,55490173,replays/episode_92798915.json,success,202ee2cec6cbe8b4,60,
16464757,unknown,36,1068.4,55492201,92799642,1,2026-08-13T23:36:41.382554500Z,2026-08-13T23:42:23.319995Z,55490618,55492201,replays/episode_92799642.json,success,202ee2cec6cbe8b4,60,
16569286,Kh0a,12,1134.2,55492194,92799697,1,2026-08-13T23:36:41.473717300Z,2026-08-13T23:37:41.305194600Z,55483716,55492194,replays/episode_92799697.json,success,202ee2cec6cbe8b4,60,
16416261,unknown,6,1193.1,55490173,92799842,0,2026-08-13T23:36:41.667168300Z,2026-08-13T23:41:18.378819200Z,55490173,55482569,replays/episode_92799842.json,success,202ee2cec6cbe8b4,60,
16464757,unknown,36,1068.4,55492201,92800558,0,2026-08-13T23:40:39.266640600Z,2026-08-13T23:48:51.577672600Z,55492201,55490176,replays/episode_92800558.json,success,202ee2cec6cbe8b4,60,
16569286,Kh0a,12,1134.2,55492194,92800624,0,2026-08-13T23:40:39.384808600Z,2026-08-13T23:41:29.747894700Z,55492194,55492255,replays/episode_92800624.json,success,202ee2cec6cbe8b4,60,
16380946,flg,2,1229.3,55456110,92800814,1,2026-08-13T23:40:39.803657600Z,2026-08-13T23:41:27.598833200Z,55456550,55456110,replays/episode_92800814.json,success,202ee2cec6cbe8b4,60,
16416261,unknown,6,1193.1,55490173,92800841,1,2026-08-13T23:40:39.860757600Z,2026-08-13T23:44:05.806372100Z,55485842,55490173,replays/episode_92800841.json,success,202ee2cec6cbe8b4,60,
16464757,unknown,36,1068.4,55492201,92801519,0,2026-08-13T23:44:39.265797200Z,2026-08-13T23:52:34.773556200Z,55492201,55492194,replays/episode_92801519.json,success,202ee2cec6cbe8b4,60,
16569286,Kh0a,12,1134.2,55492194,92801519,1,2026-08-13T23:44:39.265797200Z,2026-08-13T23:52:34.773556200Z,55492201,55492194,replays/episode_92801519.json,success,202ee2cec6cbe8b4,60,
16462035,Azat Akhtyamov,31,1079.9,55469451,92801536,1,2026-08-13T23:44:39.286003900Z,2026-08-13T23:45:23.771720400Z,55492261,55469451,replays/episode_92801536.json,success,202ee2cec6cbe8b4,60,
16569286,Kh0a,12,1134.2,55492194,92801566,0,2026-08-13T23:44:39.340527600Z,2026-08-13T23:45:33.548172Z,55492194,55483716,replays/episode_92801566.json,success,202ee2cec6cbe8b4,60,
16464757,unknown,36,1068.4,55492201,92802467,1,2026-08-13T23:48:39.146931400Z,2026-08-13T23:52:20.324193400Z,55481966,55492201,replays/episode_92802467.json,success,202ee2cec6cbe8b4,60,
16462035,Azat Akhtyamov,31,1079.9,55469451,92802469,0,2026-08-13T23:48:39.146764100Z,2026-08-13T23:50:13.771298300Z,55469451,55492387,replays/episode_92802469.json,success,202ee2cec6cbe8b4,60,
16569286,Kh0a,12,1134.2,55492194,92802526,1,2026-08-13T23:48:39.205314300Z,2026-08-13T23:49:41.131654900Z,55488723,55492194,replays/episode_92802526.json,success,202ee2cec6cbe8b4,60,
16462035,Azat Akhtyamov,31,1079.9,55469451,92803370,0,2026-08-13T23:52:39.054190500Z,2026-08-13T23:54:08.167499100Z,55469451,55492740,replays/episode_92803370.json,success,202ee2cec6cbe8b4,60,
16380946,flg,2,1229.3,55456110,92803425,0,2026-08-13T23:52:39.145084200Z,2026-08-13T23:54:00.111963300Z,55456110,55492347,replays/episode_92803425.json,success,202ee2cec6cbe8b4,60,
16464757,unknown,36,1068.4,55492201,92803447,0,2026-08-13T23:52:39.169670100Z,2026-08-13T23:58:08.199741600Z,55492201,55489979,replays/episode_92803447.json,success,202ee2cec6cbe8b4,60,
16569286,Kh0a,12,1134.2,55492194,92803453,0,2026-08-13T23:52:39.175627800Z,2026-08-13T23:53:27.050356500Z,55492194,55492259,replays/episode_92803453.json,success,202ee2cec6cbe8b4,60,
16569286,Kh0a,12,1134.2,55492194,92803497,1,2026-08-13T23:52:39.259427500Z,2026-08-13T23:53:54.224205200Z,55481763,55492194,replays/episode_92803497.json,success,202ee2cec6cbe8b4,60,
16445258,MTamago,21,1102.8,55482465,92804347,0,2026-08-13T23:56:40.815588900Z,2026-08-13T23:57:56.126349500Z,55482465,55492387,replays/episode_92804347.json,success,202ee2cec6cbe8b4,60,
16464757,unknown,36,1068.4,55492201,92804448,0,2026-08-13T23:56:41.123730800Z,2026-08-14T00:06:34.344696600Z,55492201,55428768,replays/episode_92804448.json,success,202ee2cec6cbe8b4,60,
16445258,MTamago,21,1102.8,55482465,92804463,1,2026-08-13T23:56:41.203022100Z,2026-08-13T23:57:50.493017100Z,55492255,55482465,replays/episode_92804463.json,success,202ee2cec6cbe8b4,60,
16569286,Kh0a,12,1134.2,55492194,92804504,0,2026-08-13T23:56:41.290293300Z,2026-08-13T23:57:28.463843800Z,55492194,54712539,replays/episode_92804504.json,success,202ee2cec6cbe8b4,60,
16445258,MTamago,21,1102.8,55482465,92805336,1,2026-08-14T00:00:39.980961900Z,2026-08-14T00:01:59.144396300Z,55492387,55482465,replays/episode_92805336.json,success,202ee2cec6cbe8b4,60,
16464757,unknown,36,1068.4,55492201,92805344,1,2026-08-14T00:00:39.990490600Z,2026-08-14T00:05:25.270535Z,55492753,55492201,replays/episode_92805344.json,success,202ee2cec6cbe8b4,60,
16569286,Kh0a,12,1134.2,55492194,92805419,0,2026-08-14T00:00:40.168790900Z,2026-08-14T00:01:28.666116100Z,55492194,55478798,replays/episode_92805419.json,success,202ee2cec6cbe8b4,60,
16464757,unknown,36,1068.4,55492201,92806376,1,2026-08-14T00:04:39.608363100Z,2026-08-14T00:14:10.896363600Z,55492091,55492201,replays/episode_92806376.json,success,202ee2cec6cbe8b4,60,
16416261,unknown,6,1193.1,55490173,92806381,1,2026-08-14T00:04:39.640827200Z,2026-08-14T00:11:09.696560Z,55492347,55490173,replays/episode_92806381.json,success,202ee2cec6cbe8b4,60,
16569286,Kh0a,12,1134.2,55492194,92806454,0,2026-08-14T00:04:39.818184700Z,2026-08-14T00:05:34.797391400Z,55492194,55482569,replays/episode_92806454.json,success,202ee2cec6cbe8b4,60,
16464757,unknown,36,1068.4,55492201,92807367,1,2026-08-14T00:08:40.310740700Z,2026-08-14T00:13:05.849797600Z,55490176,55492201,replays/episode_92807367.json,success,202ee2cec6cbe8b4,60,
16462035,Azat Akhtyamov,31,1079.9,55469451,92807383,1,2026-08-14T00:08:40.352826800Z,2026-08-14T00:09:42.583614700Z,55492255,55469451,replays/episode_92807383.json,success,202ee2cec6cbe8b4,60,
16569286,Kh0a,12,1134.2,55492194,92807423,0,2026-08-14T00:08:40.412586300Z,2026-08-14T00:09:18.387198300Z,55492194,55321615,replays/episode_92807423.json,success,202ee2cec6cbe8b4,60,
16464757,unknown,36,1068.4,55492201,92808290,1,2026-08-14T00:12:39.780019800Z,2026-08-14T00:19:15.532154700Z,55456550,55492201,replays/episode_92808290.json,success,202ee2cec6cbe8b4,60,
16569286,Kh0a,12,1134.2,55492194,92808372,0,2026-08-14T00:12:39.998926300Z,2026-08-14T00:13:41.579612600Z,55492194,55485842,replays/episode_92808372.json,success,202ee2cec6cbe8b4,60,
16445258,MTamago,21,1102.8,55482465,92809142,0,2026-08-14T00:16:40.474103500Z,2026-08-14T00:17:49.538999900Z,55482465,55493073,replays/episode_92809142.json,success,202ee2cec6cbe8b4,60,
16464757,unknown,36,1068.4,55492201,92809258,1,2026-08-14T00:16:40.709811100Z,2026-08-14T00:25:21.319490300Z,55456643,55492201,replays/episode_92809258.json,success,202ee2cec6cbe8b4,60,
16569286,Kh0a,12,1134.2,55492194,92809326,0,2026-08-14T00:16:40.805687Z,2026-08-14T00:17:53.001725Z,55492194,55480943,replays/episode_92809326.json,success,202ee2cec6cbe8b4,60,
16569286,Kh0a,12,1134.2,55492194,92809334,1,2026-08-14T00:16:40.847755100Z,2026-08-14T00:26:30.511448500Z,55491709,55492194,replays/episode_92809334.json,success,202ee2cec6cbe8b4,60,
16474254,fishcat,27,1087.3,55485728,92810016,0,2026-08-14T00:20:39.514819800Z,2026-08-14T00:21:37.777898900Z,55485728,55493198,replays/episode_92810016.json,success,202ee2cec6cbe8b4,60,
16464757,unknown,36,1068.4,55492201,92810198,1,2026-08-14T00:20:39.941271100Z,2026-08-14T00:23:35.182989100Z,55488052,55492201,replays/episode_92810198.json,success,202ee2cec6cbe8b4,60,
16569286,Kh0a,12,1134.2,55492194,92810263,1,2026-08-14T00:20:40.080119600Z,2026-08-14T00:21:55.327406100Z,54773249,55492194,replays/episode_92810263.json,success,202ee2cec6cbe8b4,60,
16474254,fishcat,27,1087.3,55485728,92810914,1,2026-08-14T00:24:39.189402600Z,2026-08-14T00:25:35.840544Z,55493266,55485728,replays/episode_92810914.json,success,202ee2cec6cbe8b4,60,
16464757,unknown,36,1068.4,55492201,92811119,1,2026-08-14T00:24:39.539709100Z,2026-08-14T00:30:10.791678800Z,55394382,55492201,replays/episode_92811119.json,success,202ee2cec6cbe8b4,60,
16569286,Kh0a,12,1134.2,55492194,92811187,1,2026-08-14T00:24:39.613556200Z,2026-08-14T00:34:20.628352800Z,55464332,55492194,replays/episode_92811187.json,success,202ee2cec6cbe8b4,60,
16464757,unknown,36,1068.4,55492201,92811821,1,2026-08-14T00:28:39.467863400Z,2026-08-14T00:33:14.032150Z,55493008,55492201,replays/episode_92811821.json,success,202ee2cec6cbe8b4,60,
16462035,Azat Akhtyamov,31,1079.9,55469451,92811881,1,2026-08-14T00:28:39.579867200Z,2026-08-14T00:29:44.895853800Z,55492855,55469451,replays/episode_92811881.json,success,202ee2cec6cbe8b4,60,
16569286,Kh0a,12,1134.2,55492194,92811911,0,2026-08-14T00:28:39.724617400Z,2026-08-14T00:29:31.910703400Z,55492194,55467931,replays/episode_92811911.json,success,202ee2cec6cbe8b4,60,
16464757,unknown,36,1068.4,55492201,92812064,0,2026-08-14T00:28:40.083612Z,2026-08-14T00:31:36.956466800Z,55492201,54445447,replays/episode_92812064.json,success,202ee2cec6cbe8b4,60,
16445258,MTamago,21,1102.8,55482465,92812082,1,2026-08-14T00:28:40.099186300Z,2026-08-14T00:29:38.154032500Z,55492259,55482465,replays/episode_92812082.json,success,202ee2cec6cbe8b4,60,
16464757,unknown,36,1068.4,55492201,92812998,1,2026-08-14T00:32:40.674074100Z,2026-08-14T00:40:15.000444700Z,55368707,55492201,replays/episode_92812998.json,success,202ee2cec6cbe8b4,60,
16569286,Kh0a,12,1134.2,55492194,92813058,0,2026-08-14T00:32:40.773995500Z,2026-08-14T00:33:49.683808900Z,55492194,55472421,replays/episode_92813058.json,success,202ee2cec6cbe8b4,60,
16416261,unknown,6,1193.1,55490173,92813725,0,2026-08-14T00:40:53.506746400Z,2026-08-14T00:44:13.830651700Z,55490173,55493266,replays/episode_92813725.json,success,202ee2cec6cbe8b4,60,
16569286,Kh0a,12,1134.2,55492194,92813824,1,2026-08-14T00:40:53.781813600Z,2026-08-14T00:41:51.152558900Z,55492855,55492194,replays/episode_92813824.json,success,202ee2cec6cbe8b4,60,
16464757,unknown,36,1068.4,55492201,92813956,1,2026-08-14T00:40:54.091895600Z,2026-08-14T00:56:06.718526Z,55486115,55492201,replays/episode_92813956.json,success,202ee2cec6cbe8b4,60,
16569286,Kh0a,12,1134.2,55492194,92814003,0,2026-08-14T00:40:54.201557100Z,2026-08-14T00:41:31.524838800Z,55492194,55492259,replays/episode_92814003.json,success,202ee2cec6cbe8b4,60,
16464757,unknown,36,1068.4,55492201,92814881,0,2026-08-14T00:44:44.321807600Z,2026-08-14T00:51:44.492138200Z,55492201,55416852,replays/episode_92814881.json,success,202ee2cec6cbe8b4,60,
16569286,Kh0a,12,1134.2,55492194,92814948,0,2026-08-14T00:44:44.421082Z,2026-08-14T00:46:11.121742500Z,55492194,55350342,replays/episode_92814948.json,success,202ee2cec6cbe8b4,60,
16531787,hatry,29,1084.0,55489068,92815613,1,2026-08-14T00:48:43.680117300Z,2026-08-14T00:50:20.422136400Z,55493453,55489068,replays/episode_92815613.json,success,202ee2cec6cbe8b4,60,
16474254,fishcat,27,1087.3,55485728,92815684,0,2026-08-14T00:48:43.792626400Z,2026-08-14T00:49:47.821198200Z,55485728,55492855,replays/episode_92815684.json,success,202ee2cec6cbe8b4,60,
16464757,unknown,36,1068.4,55492201,92815816,0,2026-08-14T00:48:43.991648600Z,2026-08-14T00:55:37.951910600Z,55492201,55480783,replays/episode_92815816.json,success,202ee2cec6cbe8b4,60,
16569286,Kh0a,12,1134.2,55492194,92815891,0,2026-08-14T00:48:44.099567500Z,2026-08-14T00:49:58.194327600Z,55492194,55481866,replays/episode_92815891.json,success,202ee2cec6cbe8b4,60,
16464757,unknown,36,1068.4,55492201,92816750,0,2026-08-14T00:52:44.325280800Z,2026-08-14T01:02:42.613155200Z,55492201,55464332,replays/episode_92816750.json,success,202ee2cec6cbe8b4,60,
16462035,Azat Akhtyamov,31,1079.9,55469451,92817612,0,2026-08-14T00:56:44.628685500Z,2026-08-14T00:58:19.093080600Z,55469451,55492267,replays/episode_92817612.json,success,202ee2cec6cbe8b4,60,
16445258,MTamago,21,1102.8,55482465,92817695,0,2026-08-14T00:56:44.545201700Z,2026-08-14T00:57:39.605431900Z,55482465,55492261,replays/episode_92817695.json,success,202ee2cec6cbe8b4,60,
16464757,unknown,36,1068.4,55492201,92817700,0,2026-08-14T00:56:44.809629Z,2026-08-14T01:07:14.883490900Z,55492201,55476841,replays/episode_92817700.json,success,202ee2cec6cbe8b4,60,
16464757,unknown,36,1068.4,55492201,92818620,1,2026-08-14T01:00:45.702630300Z,2026-08-14T01:10:36.455616400Z,55490176,55492201,replays/episode_92818620.json,success,202ee2cec6cbe8b4,60,
16464757,unknown,36,1068.4,55492201,92819309,0,2026-08-14T01:04:44.133574500Z,2026-08-14T01:11:08.082725500Z,55492201,55493863,replays/episode_92819309.json,success,202ee2cec6cbe8b4,60,
16464757,unknown,36,1068.4,55492201,92819547,1,2026-08-14T01:04:44.590705500Z,2026-08-14T01:11:54.541294Z,55441161,55492201,replays/episode_92819547.json,success,202ee2cec6cbe8b4,60,
16569286,Kh0a,12,1134.2,55492194,92819572,0,2026-08-14T01:04:44.620273600Z,2026-08-14T01:06:07.601765400Z,55492194,55492347,replays/episode_92819572.json,success,202ee2cec6cbe8b4,60,
16464757,unknown,36,1068.4,55492201,92819594,0,2026-08-14T01:04:44.656929300Z,2026-08-14T01:08:49.191706Z,55492201,55492259,replays/episode_92819594.json,success,202ee2cec6cbe8b4,60,
16380946,flg,2,1229.3,55456110,92820279,1,2026-08-14T01:08:43.748158800Z,2026-08-14T01:09:46.544066200Z,55493266,55456110,replays/episode_92820279.json,success,202ee2cec6cbe8b4,60,
16464757,unknown,36,1068.4,55492201,92820507,1,2026-08-14T01:08:44.095001500Z,2026-08-14T01:15:17.711727300Z,55483716,55492201,replays/episode_92820507.json,success,202ee2cec6cbe8b4,60,
16464757,unknown,36,1068.4,55492201,92821282,1,2026-08-14T01:12:46.117851300Z,2026-08-14T01:17:25.638131800Z,55493035,55492201,replays/episode_92821282.json,success,202ee2cec6cbe8b4,60,
16561259,@kdcyberdude,19,1108.5,55487406,92822250,0,2026-08-14T01:16:44.011824400Z,2026-08-14T01:19:27.122816Z,55487406,55492740,replays/episode_92822250.json,success,202ee2cec6cbe8b4,60,
16416261,unknown,6,1193.1,55490173,92823185,1,2026-08-14T01:20:45.437796800Z,2026-08-14T01:26:53.363260600Z,55492740,55490173,replays/episode_92823185.json,success,202ee2cec6cbe8b4,60,
16445258,MTamago,21,1102.8,55482465,92827888,1,2026-08-14T01:40:46.035787Z,2026-08-14T01:41:46.562753800Z,55493104,55482465,replays/episode_92827888.json,success,202ee2cec6cbe8b4,60,
16464757,unknown,36,1068.4,55492201,92828737,0,2026-08-14T01:44:43.838168400Z,2026-08-14T01:54:34.611757900Z,55492201,55493332,replays/episode_92828737.json,success,202ee2cec6cbe8b4,60,
16531787,hatry,29,1084.0,55489068,92828799,1,2026-08-14T01:44:43.924132400Z,2026-08-14T01:46:21.495776200Z,55492740,55489068,replays/episode_92828799.json,success,202ee2cec6cbe8b4,60,
16416261,unknown,6,1193.1,55490173,92828895,0,2026-08-14T01:44:44.046938700Z,2026-08-14T01:49:56.918406500Z,55490173,55492261,replays/episode_92828895.json,success,202ee2cec6cbe8b4,60,
16474254,fishcat,27,1087.3,55485728,92830607,1,2026-08-14T01:52:45.046899400Z,2026-08-14T01:53:44.051095300Z,55493091,55485728,replays/episode_92830607.json,success,202ee2cec6cbe8b4,60,
16462035,Azat Akhtyamov,31,1079.9,55469451,92831452,1,2026-08-14T01:56:49.303329300Z,2026-08-14T01:58:29.511102600Z,55494615,55469451,replays/episode_92831452.json,success,202ee2cec6cbe8b4,60,
16474254,fishcat,27,1087.3,55485728,92832325,0,2026-08-14T02:00:51.811574500Z,2026-08-14T02:02:01.812126300Z,55485728,55494672,replays/episode_92832325.json,success,202ee2cec6cbe8b4,60,
16569286,Kh0a,12,1134.2,55492194,92833255,1,2026-08-14T02:04:48.827571300Z,2026-08-14T02:05:58.948847900Z,55494615,55492194,replays/episode_92833255.json,success,202ee2cec6cbe8b4,60,
16561259,@kdcyberdude,19,1108.5,55487406,92833330,0,2026-08-14T02:04:49.006413100Z,2026-08-14T02:07:23.076391800Z,55487406,55493814,replays/episode_92833330.json,success,202ee2cec6cbe8b4,60,
16464757,unknown,36,1068.4,55492201,92833389,1,2026-08-14T02:04:49.101837400Z,2026-08-14T02:12:01.185167700Z,55493173,55492201,replays/episode_92833389.json,success,202ee2cec6cbe8b4,60,
16561259,@kdcyberdude,19,1108.5,55487406,92835155,1,2026-08-14T02:12:48.820663700Z,2026-08-14T02:14:59.550205700Z,55494171,55487406,replays/episode_92835155.json,success,202ee2cec6cbe8b4,60,
16531787,hatry,29,1084.0,55489068,92836249,1,2026-08-14T02:16:49.081282200Z,2026-08-14T02:18:12.401705900Z,55493096,55489068,replays/episode_92836249.json,success,202ee2cec6cbe8b4,60,
16462035,Azat Akhtyamov,31,1079.9,55469451,92837001,0,2026-08-14T02:20:49.593867Z,2026-08-14T02:22:13.742832600Z,55469451,55494615,replays/episode_92837001.json,success,202ee2cec6cbe8b4,60,
16464757,unknown,36,1068.4,55492201,92837026,0,2026-08-14T02:20:49.616608900Z,2026-08-14T02:29:52.182496700Z,55492201,55494171,replays/episode_92837026.json,success,202ee2cec6cbe8b4,60,
16531787,hatry,29,1084.0,55489068,92837904,0,2026-08-14T02:24:49.909278Z,2026-08-14T02:25:32.262257600Z,55489068,55493814,replays/episode_92837904.json,success,202ee2cec6cbe8b4,60,
16464757,unknown,36,1068.4,55492201,92837925,0,2026-08-14T02:24:49.950697600Z,2026-08-14T02:28:10.761906500Z,55492201,55493091,replays/episode_92837925.json,success,202ee2cec6cbe8b4,60,
16445258,MTamago,21,1102.8,55482465,92838085,0,2026-08-14T02:24:49.989836Z,2026-08-14T02:25:46.175365500Z,55482465,55495083,replays/episode_92838085.json,success,202ee2cec6cbe8b4,60,
16531787,hatry,29,1084.0,55489068,92838137,1,2026-08-14T02:24:50.503506700Z,2026-08-14T02:26:14.415587500Z,55492255,55489068,replays/episode_92838137.json,success,202ee2cec6cbe8b4,60,
16464757,unknown,36,1068.4,55492201,92843433,1,2026-08-14T02:48:48.666441100Z,2026-08-14T02:52:21.043672400Z,55495779,55492201,replays/episode_92843433.json,success,202ee2cec6cbe8b4,60,
16531787,hatry,29,1084.0,55489068,92844451,0,2026-08-14T02:52:48.905912Z,2026-08-14T02:54:15.580018700Z,55489068,55495252,replays/episode_92844451.json,success,202ee2cec6cbe8b4,60,
16416261,unknown,6,1193.1,55490173,92844597,1,2026-08-14T02:52:49.159657900Z,2026-08-14T02:58:09.212244300Z,55492855,55490173,replays/episode_92844597.json,success,202ee2cec6cbe8b4,60,
16462035,Azat Akhtyamov,31,1079.9,55469451,92845609,1,2026-08-14T02:57:00.306321400Z,2026-08-14T02:58:25.228491700Z,55493091,55469451,replays/episode_92845609.json,success,202ee2cec6cbe8b4,60,
16569286,Kh0a,12,1134.2,55492194,92845612,1,2026-08-14T02:57:00.305841500Z,2026-08-14T02:57:47.005561700Z,55480716,55492194,replays/episode_92845612.json,success,202ee2cec6cbe8b4,60,
16445258,MTamago,21,1102.8,55482465,92846316,0,2026-08-14T03:00:49.302955200Z,2026-08-14T03:01:56.857279900Z,55482465,55495083,replays/episode_92846316.json,success,202ee2cec6cbe8b4,60,
16445258,MTamago,21,1102.8,55482465,92846329,1,2026-08-14T03:00:49.317260400Z,2026-08-14T03:01:53.610125800Z,55495252,55482465,replays/episode_92846329.json,success,202ee2cec6cbe8b4,60,
16445258,MTamago,21,1102.8,55482465,92848194,1,2026-08-14T03:08:48.982227Z,2026-08-14T03:09:56.317794100Z,55495083,55482465,replays/episode_92848194.json,success,202ee2cec6cbe8b4,60,
16416261,unknown,6,1193.1,55490173,92849220,0,2026-08-14T03:12:49.123464100Z,2026-08-14T03:21:26.540304200Z,55490173,55494171,replays/episode_92849220.json,success,202ee2cec6cbe8b4,60,
16531787,hatry,29,1084.0,55489068,92850065,1,2026-08-14T03:16:50.315340200Z,2026-08-14T03:18:21.994275900Z,55495083,55489068,replays/episode_92850065.json,success,202ee2cec6cbe8b4,60,
16464757,unknown,36,1068.4,55492201,92850865,0,2026-08-14T03:20:49.320886200Z,2026-08-14T03:23:28.695486900Z,55492201,55496129,replays/episode_92850865.json,success,202ee2cec6cbe8b4,60,
16561259,@kdcyberdude,19,1108.5,55487406,92850903,0,2026-08-14T03:20:49.399889Z,2026-08-14T03:24:17.459346700Z,55487406,55495627,replays/episode_92850903.json,success,202ee2cec6cbe8b4,60,
16380946,flg,2,1229.3,55456110,92855815,1,2026-08-14T03:40:49.908451Z,2026-08-14T03:42:09.189136600Z,55485842,55456110,replays/episode_92855815.json,success,202ee2cec6cbe8b4,60,
16416261,unknown,6,1193.1,55490173,92856737,1,2026-08-14T03:44:48.977011400Z,2026-08-14T03:51:01.461571100Z,55494171,55490173,replays/episode_92856737.json,success,202ee2cec6cbe8b4,60,
16569286,Kh0a,12,1134.2,55492194,92857710,0,2026-08-14T03:48:49.415418700Z,2026-08-14T03:50:03.885977600Z,55492194,55493091,replays/episode_92857710.json,success,202ee2cec6cbe8b4,60,
16380946,flg,2,1229.3,55456110,92859548,0,2026-08-14T03:56:49.513824100Z,2026-08-14T03:57:53.796147500Z,55456110,55492855,replays/episode_92859548.json,success,202ee2cec6cbe8b4,60,
16561259,@kdcyberdude,19,1108.5,55487406,92866791,1,2026-08-14T04:28:52.908696100Z,2026-08-14T04:32:15.133210600Z,55495627,55487406,replays/episode_92866791.json,success,202ee2cec6cbe8b4,60,
16561259,@kdcyberdude,19,1108.5,55487406,92867538,0,2026-08-14T04:32:48.510819400Z,2026-08-14T04:37:30.793890900Z,55487406,55497067,replays/episode_92867538.json,success,202ee2cec6cbe8b4,60,
16464757,unknown,36,1068.4,55492201,92869683,1,2026-08-14T04:40:49.833601600Z,2026-08-14T04:50:27.663615100Z,53810750,55492201,replays/episode_92869683.json,success,202ee2cec6cbe8b4,60,
16569286,Kh0a,12,1134.2,55492194,92870671,0,2026-08-14T04:44:49.044481200Z,2026-08-14T04:45:51.891895400Z,55492194,55497475,replays/episode_92870671.json,success,202ee2cec6cbe8b4,60,
16531787,hatry,29,1084.0,55489068,92871359,0,2026-08-14T04:48:48.802611Z,2026-08-14T04:51:09.860828Z,55489068,55496621,replays/episode_92871359.json,success,202ee2cec6cbe8b4,60,
16464757,unknown,36,1068.4,55492201,92875969,0,2026-08-14T05:08:48.980058800Z,2026-08-14T05:18:36.619395800Z,55492201,55497067,replays/episode_92875969.json,success,202ee2cec6cbe8b4,60,
16569286,Kh0a,12,1134.2,55492194,92876008,0,2026-08-14T05:08:49.018416500Z,2026-08-14T05:10:01.613900500Z,55492194,55496865,replays/episode_92876008.json,success,202ee2cec6cbe8b4,60,
16462035,Azat Akhtyamov,31,1079.9,55469451,92877943,0,2026-08-14T05:16:50.483714Z,2026-08-14T05:18:02.042634200Z,55469451,55497077,replays/episode_92877943.json,success,202ee2cec6cbe8b4,60,
16531787,hatry,29,1084.0,55489068,92880859,0,2026-08-14T05:28:51.191997100Z,2026-08-14T05:30:46.553703500Z,55489068,55495970,replays/episode_92880859.json,success,202ee2cec6cbe8b4,60,
16569286,Kh0a,12,1134.2,55492194,92884581,1,2026-08-14T05:44:49.084472700Z,2026-08-14T05:45:45.375165200Z,55475820,55492194,replays/episode_92884581.json,success,202ee2cec6cbe8b4,60,
16445258,MTamago,21,1102.8,55482465,92886312,1,2026-08-14T05:52:49.207900900Z,2026-08-14T05:53:58.009039400Z,55492717,55482465,replays/episode_92886312.json,success,202ee2cec6cbe8b4,60,
16464757,unknown,36,1068.4,55492201,92888324,1,2026-08-14T06:00:50.479540900Z,2026-08-14T06:10:41.325635100Z,55475820,55492201,replays/episode_92888324.json,success,202ee2cec6cbe8b4,60,
16531787,hatry,29,1084.0,55489068,92888937,1,2026-08-14T06:04:48.737649400Z,2026-08-14T06:06:10.044529900Z,55498837,55489068,replays/episode_92888937.json,success,202ee2cec6cbe8b4,60,
16416261,unknown,6,1193.1,55490173,92889223,0,2026-08-14T06:04:49.159484Z,2026-08-14T06:08:40.431988400Z,55490173,55482569,replays/episode_92889223.json,success,202ee2cec6cbe8b4,60,
16380946,flg,2,1229.3,55456110,92889266,0,2026-08-14T06:04:49.217306500Z,2026-08-14T06:05:43.501707200Z,55456110,55480943,replays/episode_92889266.json,success,202ee2cec6cbe8b4,60,
16464757,unknown,36,1068.4,55492201,92890201,0,2026-08-14T06:08:49.236024700Z,2026-08-14T06:18:47.180096600Z,55492201,55492347,replays/episode_92890201.json,success,202ee2cec6cbe8b4,60,
16561259,@kdcyberdude,19,1108.5,55487406,92892001,0,2026-08-14T06:16:50.697184600Z,2026-08-14T06:20:02.762484100Z,55487406,55496865,replays/episode_92892001.json,success,202ee2cec6cbe8b4,60,
16569286,Kh0a,12,1134.2,55492194,92894819,1,2026-08-14T06:28:49.634289800Z,2026-08-14T06:29:51.976706500Z,55492717,55492194,replays/episode_92894819.json,success,202ee2cec6cbe8b4,60,
16462035,Azat Akhtyamov,31,1079.9,55469451,92897366,0,2026-08-14T06:40:49.935254300Z,2026-08-14T06:42:02.311739300Z,55469451,55499189,replays/episode_92897366.json,success,202ee2cec6cbe8b4,60,
16561259,@kdcyberdude,19,1108.5,55487406,92899393,1,2026-08-14T06:48:49.122680800Z,2026-08-14T06:51:57.597065400Z,55497380,55487406,replays/episode_92899393.json,success,202ee2cec6cbe8b4,60,
16531787,hatry,29,1084.0,55489068,92899472,1,2026-08-14T06:48:49.229050500Z,2026-08-14T06:51:11.038967300Z,55493944,55489068,replays/episode_92899472.json,success,202ee2cec6cbe8b4,60,
16531787,hatry,29,1084.0,55489068,92900386,0,2026-08-14T06:52:49.797101500Z,2026-08-14T06:53:58.657860Z,55489068,55493091,replays/episode_92900386.json,success,202ee2cec6cbe8b4,60,
16569286,Kh0a,12,1134.2,55492194,92905054,0,2026-08-14T07:12:49.096399600Z,2026-08-14T07:14:00.927646700Z,55492194,55470304,replays/episode_92905054.json,success,202ee2cec6cbe8b4,60,
16464757,unknown,36,1068.4,55492201,92905055,0,2026-08-14T07:12:49.098004700Z,2026-08-14T07:18:57.406447100Z,55492201,55492259,replays/episode_92905055.json,success,202ee2cec6cbe8b4,60,
16569286,Kh0a,12,1134.2,55492194,92905964,1,2026-08-14T07:16:49.116476500Z,2026-08-14T07:18:58.557426500Z,55494171,55492194,replays/episode_92905964.json,success,202ee2cec6cbe8b4,60,
16561259,@kdcyberdude,19,1108.5,55487406,92911488,1,2026-08-14T07:40:51.280446Z,2026-08-14T07:44:27.753304200Z,55493944,55487406,replays/episode_92911488.json,success,202ee2cec6cbe8b4,60,
16445258,MTamago,21,1102.8,55482465,92913311,1,2026-08-14T07:48:48.918295100Z,2026-08-14T07:49:43.436334900Z,55483716,55482465,replays/episode_92913311.json,success,202ee2cec6cbe8b4,60,
16462035,Azat Akhtyamov,31,1079.9,55469451,92914240,0,2026-08-14T07:52:48.962371700Z,2026-08-14T07:54:20.856021700Z,55469451,55498808,replays/episode_92914240.json,success,202ee2cec6cbe8b4,60,
16561259,@kdcyberdude,19,1108.5,55487406,92914333,0,2026-08-14T07:52:49.112294900Z,2026-08-14T07:57:19.507115Z,55487406,55492717,replays/episode_92914333.json,success,202ee2cec6cbe8b4,60,
16462035,Azat Akhtyamov,31,1079.9,55469451,92915901,0,2026-08-14T08:00:55.650568Z,2026-08-14T08:04:18.206014600Z,55469451,55500500,replays/episode_92915901.json,success,202ee2cec6cbe8b4,60,
16380946,flg,2,1229.3,55456110,92918994,0,2026-08-14T08:12:54.536623400Z,2026-08-14T08:14:25.224512200Z,55456110,55489669,replays/episode_92918994.json,success,202ee2cec6cbe8b4,60,
16561259,@kdcyberdude,19,1108.5,55487406,92919776,0,2026-08-14T08:16:55.337604300Z,2026-08-14T08:20:03.682295500Z,55487406,55500484,replays/episode_92919776.json,success,202ee2cec6cbe8b4,60,
16445258,MTamago,21,1102.8,55482465,92919946,0,2026-08-14T08:16:55.584205100Z,2026-08-14T08:17:42.702307700Z,55482465,55480973,replays/episode_92919946.json,success,202ee2cec6cbe8b4,60,
16462035,Azat Akhtyamov,31,1079.9,55469451,92922585,0,2026-08-14T08:28:54.215381100Z,2026-08-14T08:30:41.538461400Z,55469451,55500379,replays/episode_92922585.json,success,202ee2cec6cbe8b4,60,
16561259,@kdcyberdude,19,1108.5,55487406,92923540,1,2026-08-14T08:32:54.148871500Z,2026-08-14T08:35:51.315978700Z,55499851,55487406,replays/episode_92923540.json,success,202ee2cec6cbe8b4,60,
16464757,unknown,36,1068.4,55492201,92923708,0,2026-08-14T08:32:54.400628100Z,2026-08-14T08:40:52.917975200Z,55492201,55493096,replays/episode_92923708.json,success,202ee2cec6cbe8b4,60,
16569286,Kh0a,12,1134.2,55492194,92925576,0,2026-08-14T08:40:55.510314500Z,2026-08-14T08:41:32.360848300Z,55492194,53822949,replays/episode_92925576.json,success,202ee2cec6cbe8b4,60,
16445258,MTamago,21,1102.8,55482465,92927232,0,2026-08-14T08:48:55.189335Z,2026-08-14T08:50:00.477019Z,55482465,55500529,replays/episode_92927232.json,success,202ee2cec6cbe8b4,60,
16569286,Kh0a,12,1134.2,55492194,92928208,0,2026-08-14T08:52:54.581135800Z,2026-08-14T08:54:56.202183700Z,55492194,55499851,replays/episode_92928208.json,success,202ee2cec6cbe8b4,60,
16531787,hatry,29,1084.0,55489068,92929061,0,2026-08-14T08:56:55.191582Z,2026-08-14T08:58:17.188433100Z,55489068,55500291,replays/episode_92929061.json,success,202ee2cec6cbe8b4,60,
16464757,unknown,36,1068.4,55492201,92930012,0,2026-08-14T09:00:55.743088800Z,2026-08-14T09:07:50.020811300Z,55492201,55500801,replays/episode_92930012.json,success,202ee2cec6cbe8b4,60,
16531787,hatry,29,1084.0,55489068,92933872,1,2026-08-14T09:16:54.685877600Z,2026-08-14T09:18:55.826380700Z,55500529,55489068,replays/episode_92933872.json,success,202ee2cec6cbe8b4,60,
16445258,MTamago,21,1102.8,55482465,92935610,0,2026-08-14T09:24:53.995183400Z,2026-08-14T09:26:02.299041200Z,55482465,55501360,replays/episode_92935610.json,success,202ee2cec6cbe8b4,60,
16445258,MTamago,21,1102.8,55482465,92936695,1,2026-08-14T09:28:56.190916Z,2026-08-14T09:30:13.967958100Z,55499851,55482465,replays/episode_92936695.json,success,202ee2cec6cbe8b4,60,
16561259,@kdcyberdude,19,1108.5,55487406,92937618,1,2026-08-14T09:32:55.798594100Z,2026-08-14T09:36:44.060800100Z,55499851,55487406,replays/episode_92937618.json,success,202ee2cec6cbe8b4,60,
16462035,Azat Akhtyamov,31,1079.9,55469451,92939353,1,2026-08-14T09:40:58.656632400Z,2026-08-14T09:42:32.981169300Z,55500795,55469451,replays/episode_92939353.json,success,202ee2cec6cbe8b4,60,
16561259,@kdcyberdude,19,1108.5,55487406,92940390,0,2026-08-14T09:44:54.288501Z,2026-08-14T09:47:58.508644100Z,55487406,55500529,replays/episode_92940390.json,success,202ee2cec6cbe8b4,60,
16569286,Kh0a,12,1134.2,55492194,92941368,0,2026-08-14T09:48:54.301920600Z,2026-08-14T09:54:53.242488700Z,55492194,55499851,replays/episode_92941368.json,success,202ee2cec6cbe8b4,60,
16380946,flg,2,1229.3,55456110,92943072,0,2026-08-14T09:56:54.304827Z,2026-08-14T09:58:46.562707500Z,55456110,55501182,replays/episode_92943072.json,success,202ee2cec6cbe8b4,60,
16561259,@kdcyberdude,19,1108.5,55487406,92946005,1,2026-08-14T10:08:54.190542200Z,2026-08-14T10:11:56.471598900Z,55500801,55487406,replays/episode_92946005.json,success,202ee2cec6cbe8b4,60,
16462035,Azat Akhtyamov,31,1079.9,55469451,92947781,1,2026-08-14T10:16:54.287991900Z,2026-08-14T10:18:15.986018300Z,55501360,55469451,replays/episode_92947781.json,success,202ee2cec6cbe8b4,60,
16445258,MTamago,21,1102.8,55482465,92951505,0,2026-08-14T10:32:56.491465Z,2026-08-14T10:37:08.266929800Z,55482465,55500814,replays/episode_92951505.json,success,202ee2cec6cbe8b4,60,
16462035,Azat Akhtyamov,31,1079.9,55469451,92952551,0,2026-08-14T10:36:54.338571Z,2026-08-14T10:38:08.262753900Z,55469451,55500291,replays/episode_92952551.json,success,202ee2cec6cbe8b4,60,
16531787,hatry,29,1084.0,55489068,92953340,1,2026-08-14T10:40:56.221325100Z,2026-08-14T10:43:51.138763800Z,55501182,55489068,replays/episode_92953340.json,success,202ee2cec6cbe8b4,60,
16561259,@kdcyberdude,19,1108.5,55487406,92955034,1,2026-08-14T10:48:53.834104600Z,2026-08-14T10:51:49.623816600Z,55502868,55487406,replays/episode_92955034.json,success,202ee2cec6cbe8b4,60,
16569286,Kh0a,12,1134.2,55492194,92958084,1,2026-08-14T11:00:55.809024Z,2026-08-14T11:01:55.856760Z,55500529,55492194,replays/episode_92958084.json,success,202ee2cec6cbe8b4,60,
16445258,MTamago,21,1102.8,55482465,92960823,1,2026-08-14T11:12:54.198947400Z,2026-08-14T11:14:16.280859500Z,55492578,55482465,replays/episode_92960823.json,success,202ee2cec6cbe8b4,60,
16569286,Kh0a,12,1134.2,55492194,92962421,1,2026-08-14T11:20:55.194683200Z,2026-08-14T11:21:55.230493900Z,55503439,55492194,replays/episode_92962421.json,success,202ee2cec6cbe8b4,60,
16531787,hatry,29,1084.0,55489068,92963390,1,2026-08-14T11:24:54.147397100Z,2026-08-14T11:26:38.727804100Z,55502849,55489068,replays/episode_92963390.json,success,202ee2cec6cbe8b4,60,
16561259,@kdcyberdude,19,1108.5,55487406,92965520,0,2026-08-14T11:32:54.396879Z,2026-08-14T11:36:27.200834200Z,55487406,55499851,replays/episode_92965520.json,success,202ee2cec6cbe8b4,60,
16445258,MTamago,21,1102.8,55482465,92967180,1,2026-08-14T11:40:56.292633500Z,2026-08-14T11:41:49.488471700Z,55502868,55482465,replays/episode_92967180.json,success,202ee2cec6cbe8b4,60,
16445258,MTamago,21,1102.8,55482465,92968991,1,2026-08-14T11:48:53.740326500Z,2026-08-14T11:49:44.511730800Z,55503467,55482465,replays/episode_92968991.json,success,202ee2cec6cbe8b4,60,
16531787,hatry,29,1084.0,55489068,92970912,0,2026-08-14T11:56:54.414449Z,2026-08-14T11:58:06.225780400Z,55489068,55502868,replays/episode_92970912.json,success,202ee2cec6cbe8b4,60,
16531787,hatry,29,1084.0,55489068,92970953,1,2026-08-14T11:56:54.486993300Z,2026-08-14T11:57:54.139705200Z,55502634,55489068,replays/episode_92970953.json,success,202ee2cec6cbe8b4,60,
16531787,hatry,29,1084.0,55489068,92971866,1,2026-08-14T12:00:55.344254900Z,2026-08-14T12:01:56.117889100Z,55502911,55489068,replays/episode_92971866.json,success,202ee2cec6cbe8b4,60,
16380946,flg,2,1229.3,55456110,92972014,1,2026-08-14T12:00:55.658292700Z,2026-08-14T12:01:56.778524900Z,55480973,55456110,replays/episode_92972014.json,success,202ee2cec6cbe8b4,60,
16531787,hatry,29,1084.0,55489068,92972618,0,2026-08-14T12:04:53.743273900Z,2026-08-14T12:05:53.280542400Z,55489068,55504306,replays/episode_92972618.json,success,202ee2cec6cbe8b4,60,
16445258,MTamago,21,1102.8,55482465,92973706,1,2026-08-14T12:08:54.082837300Z,2026-08-14T12:10:13.883138800Z,55502868,55482465,replays/episode_92973706.json,success,202ee2cec6cbe8b4,60,
16531787,hatry,29,1084.0,55489068,92974536,1,2026-08-14T12:12:55.628864400Z,2026-08-14T12:15:20.135299300Z,55504038,55489068,replays/episode_92974536.json,success,202ee2cec6cbe8b4,60,
16445258,MTamago,21,1102.8,55482465,92975462,0,2026-08-14T12:16:54.219639500Z,2026-08-14T12:22:03.986188Z,55482465,55503872,replays/episode_92975462.json,success,202ee2cec6cbe8b4,60,
16445258,MTamago,21,1102.8,55482465,92979391,1,2026-08-14T12:32:54.031091Z,2026-08-14T12:33:56.768325600Z,55502868,55482465,replays/episode_92979391.json,success,202ee2cec6cbe8b4,60,
16380946,flg,2,1229.3,55456110,92981089,0,2026-08-14T12:40:55.119102700Z,2026-08-14T12:42:07.087612300Z,55456110,55504310,replays/episode_92981089.json,success,202ee2cec6cbe8b4,60,
16445258,MTamago,21,1102.8,55482465,92986824,0,2026-08-14T13:04:54.186872600Z,2026-08-14T13:05:59.746940400Z,55482465,55503877,replays/episode_92986824.json,success,202ee2cec6cbe8b4,60,
16462035,Azat Akhtyamov,31,1079.9,55469451,92989674,0,2026-08-14T13:16:54.181364700Z,2026-08-14T13:18:14.362062200Z,55469451,55502925,replays/episode_92989674.json,success,202ee2cec6cbe8b4,60,
16445258,MTamago,21,1102.8,55482465,92991324,1,2026-08-14T13:24:53.920849600Z,2026-08-14T13:25:57.133632500Z,55504822,55482465,replays/episode_92991324.json,success,202ee2cec6cbe8b4,60,
16445258,MTamago,21,1102.8,55482465,92992362,0,2026-08-14T13:28:54.298975200Z,2026-08-14T13:37:15.416528300Z,55482465,55503872,replays/episode_92992362.json,success,202ee2cec6cbe8b4,60,
16561259,@kdcyberdude,19,1108.5,55487406,92992413,0,2026-08-14T13:28:54.385147200Z,2026-08-14T13:32:31.882085800Z,55487406,55503772,replays/episode_92992413.json,success,202ee2cec6cbe8b4,60,
16445258,MTamago,21,1102.8,55482465,92999598,1,2026-08-14T14:01:01.292527300Z,2026-08-14T14:01:54.959316900Z,55506640,55482465,replays/episode_92999598.json,success,202ee2cec6cbe8b4,60,
16561259,@kdcyberdude,19,1108.5,55487406,92999776,0,2026-08-14T14:01:01.628954700Z,2026-08-14T14:04:39.900953700Z,55487406,55505002,replays/episode_92999776.json,success,202ee2cec6cbe8b4,60,
16462035,Azat Akhtyamov,31,1079.9,55469451,93000772,0,2026-08-14T14:05:00.602590200Z,2026-08-14T14:06:19.032477Z,55469451,55504310,replays/episode_93000772.json,success,202ee2cec6cbe8b4,60,
16445258,MTamago,21,1102.8,55482465,93001770,1,2026-08-14T14:09:02.614581900Z,2026-08-14T14:10:06.572860Z,55504043,55482465,replays/episode_93001770.json,success,202ee2cec6cbe8b4,60,
16462035,Azat Akhtyamov,31,1079.9,55469451,93005379,0,2026-08-14T14:25:00.040658400Z,2026-08-14T14:25:51.666736Z,55469451,55505815,replays/episode_93005379.json,success,202ee2cec6cbe8b4,60,
16531787,hatry,29,1084.0,55489068,93010128,1,2026-08-14T14:45:00.213745200Z,2026-08-14T14:45:52.301224300Z,55506502,55489068,replays/episode_93010128.json,success,202ee2cec6cbe8b4,60,
16531787,hatry,29,1084.0,55489068,93011833,1,2026-08-14T14:54:37.309288900Z,2026-08-14T14:56:20.756499700Z,55506940,55489068,replays/episode_93011833.json,success,202ee2cec6cbe8b4,60,
16445258,MTamago,21,1102.8,55482465,93011881,1,2026-08-14T14:54:37.373823700Z,2026-08-14T14:55:28.637477700Z,55506640,55482465,replays/episode_93011881.json,success,202ee2cec6cbe8b4,60,
16462035,Azat Akhtyamov,31,1079.9,55469451,93012785,0,2026-08-14T14:58:37.277763Z,2026-08-14T15:00:06.554328700Z,55469451,55506978,replays/episode_93012785.json,success,202ee2cec6cbe8b4,60,
16380946,flg,2,1229.3,55456110,93013008,0,2026-08-14T14:58:37.641665400Z,2026-08-14T14:59:30.701713Z,55456110,55480973,replays/episode_93013008.json,success,202ee2cec6cbe8b4,60,
16445258,MTamago,21,1102.8,55482465,93018575,0,2026-08-14T15:22:37.487919300Z,2026-08-14T15:24:00.769197500Z,55482465,55506037,replays/episode_93018575.json,success,202ee2cec6cbe8b4,60,
16462035,Azat Akhtyamov,31,1079.9,55469451,93022251,0,2026-08-14T15:38:37.499335Z,2026-08-14T15:40:01.617435100Z,55469451,55506888,replays/episode_93022251.json,success,202ee2cec6cbe8b4,60,
16462035,Azat Akhtyamov,31,1079.9,55469451,93029744,1,2026-08-14T16:10:38.886974700Z,2026-08-14T16:12:09.116140Z,55506895,55469451,replays/episode_93029744.json,success,202ee2cec6cbe8b4,60,
16462035,Azat Akhtyamov,31,1079.9,55469451,93032387,1,2026-08-14T16:22:37.398633Z,2026-08-14T16:23:39.454497500Z,55509120,55469451,replays/episode_93032387.json,success,202ee2cec6cbe8b4,60,
16445258,MTamago,21,1102.8,55482465,93038993,1,2026-08-14T16:50:40.202049700Z,2026-08-14T16:51:37.216658Z,55508490,55482465,replays/episode_93038993.json,success,202ee2cec6cbe8b4,60,
16561259,@kdcyberdude,19,1108.5,55487406,93042835,0,2026-08-14T17:06:43.646675300Z,2026-08-14T17:10:20.470078Z,55487406,55500379,replays/episode_93042835.json,success,202ee2cec6cbe8b4,60,
16561259,@kdcyberdude,19,1108.5,55487406,93045433,1,2026-08-14T17:18:41.377742400Z,2026-08-14T17:21:54.995979700Z,55509604,55487406,replays/episode_93045433.json,success,202ee2cec6cbe8b4,60,
16531787,hatry,29,1084.0,55489068,93045488,1,2026-08-14T17:18:41.486310800Z,2026-08-14T17:20:30.239744900Z,55508573,55489068,replays/episode_93045488.json,success,202ee2cec6cbe8b4,60,
16561259,@kdcyberdude,19,1108.5,55487406,93046573,1,2026-08-14T17:22:41.251510400Z,2026-08-14T17:25:00.018444200Z,55502634,55487406,replays/episode_93046573.json,success,202ee2cec6cbe8b4,60,
16462035,Azat Akhtyamov,31,1079.9,55469451,93048171,1,2026-08-14T17:30:42.579092700Z,2026-08-14T17:31:54.559560800Z,55509799,55469451,replays/episode_93048171.json,success,202ee2cec6cbe8b4,60,
16462035,Azat Akhtyamov,31,1079.9,55469451,93051022,0,2026-08-14T17:42:40.794134200Z,2026-08-14T17:43:41.405444500Z,55469451,55509853,replays/episode_93051022.json,success,202ee2cec6cbe8b4,60,
16462035,Azat Akhtyamov,31,1079.9,55469451,93051278,1,2026-08-14T17:42:41.399728500Z,2026-08-14T17:43:45.066457300Z,55504310,55469451,replays/episode_93051278.json,success,202ee2cec6cbe8b4,60,
16445258,MTamago,21,1102.8,55482465,93052793,1,2026-08-14T17:50:42.339980100Z,2026-08-14T17:51:51.783266700Z,55510669,55482465,replays/episode_93052793.json,success,202ee2cec6cbe8b4,60,
16531787,hatry,29,1084.0,55489068,93054692,1,2026-08-14T17:58:40.862878200Z,2026-08-14T18:00:44.440497900Z,55510442,55489068,replays/episode_93054692.json,success,202ee2cec6cbe8b4,60,
16561259,@kdcyberdude,19,1108.5,55487406,93054957,0,2026-08-14T17:58:41.738164700Z,2026-08-14T18:02:00.666319200Z,55487406,55504533,replays/episode_93054957.json,success,202ee2cec6cbe8b4,60,
16561259,@kdcyberdude,19,1108.5,55487406,93060216,1,2026-08-14T18:22:40.316202400Z,2026-08-14T18:26:20.179923700Z,55510717,55487406,replays/episode_93060216.json,success,202ee2cec6cbe8b4,60,
16445258,MTamago,21,1102.8,55482465,93062043,0,2026-08-14T18:30:44.866158200Z,2026-08-14T18:31:28.030830900Z,55482465,55510662,replays/episode_93062043.json,success,202ee2cec6cbe8b4,60,
16445258,MTamago,21,1102.8,55482465,93064897,0,2026-08-14T18:42:40.874290400Z,2026-08-14T18:43:40.161319600Z,55482465,55510442,replays/episode_93064897.json,success,202ee2cec6cbe8b4,60,
16561259,@kdcyberdude,19,1108.5,55487406,93066823,0,2026-08-14T18:50:44.887971900Z,2026-08-14T18:53:52.853979800Z,55487406,55509853,replays/episode_93066823.json,success,202ee2cec6cbe8b4,60,
16462035,Azat Akhtyamov,31,1079.9,55469451,93066939,0,2026-08-14T18:50:45.363309400Z,2026-08-14T18:52:01.278682200Z,55469451,55509411,replays/episode_93066939.json,success,202ee2cec6cbe8b4,60,
16445258,MTamago,21,1102.8,55482465,93067605,0,2026-08-14T18:54:39.999387Z,2026-08-14T18:55:30.554446800Z,55482465,55511264,replays/episode_93067605.json,success,202ee2cec6cbe8b4,60,
16445258,MTamago,21,1102.8,55482465,93071258,0,2026-08-14T19:10:42.568561800Z,2026-08-14T19:11:33.328821900Z,55482465,55511789,replays/episode_93071258.json,success,202ee2cec6cbe8b4,60,
16561259,@kdcyberdude,19,1108.5,55487406,93071387,0,2026-08-14T19:10:42.863416500Z,2026-08-14T19:14:18.172747200Z,55487406,55510684,replays/episode_93071387.json,success,202ee2cec6cbe8b4,60,
16445258,MTamago,21,1102.8,55482465,93071416,1,2026-08-14T19:10:42.937284100Z,2026-08-14T19:13:03.924381Z,55509490,55482465,replays/episode_93071416.json,success,202ee2cec6cbe8b4,60,
16445258,MTamago,21,1102.8,55482465,93072520,1,2026-08-14T19:14:41.536834500Z,2026-08-14T19:15:30.777796200Z,55509411,55482465,replays/episode_93072520.json,success,202ee2cec6cbe8b4,60,
16531787,hatry,29,1084.0,55489068,93074024,0,2026-08-14T19:22:40.231905700Z,2026-08-14T19:24:08.061714900Z,55489068,55512071,replays/episode_93074024.json,success,202ee2cec6cbe8b4,60,
16462035,Azat Akhtyamov,31,1079.9,55469451,93075036,1,2026-08-14T19:26:40.285003800Z,2026-08-14T19:30:03.025468600Z,55511159,55469451,replays/episode_93075036.json,success,202ee2cec6cbe8b4,60,
16445258,MTamago,21,1102.8,55482465,93079737,0,2026-08-14T19:46:42.199319Z,2026-08-14T19:47:41.307693100Z,55482465,55510716,replays/episode_93079737.json,success,202ee2cec6cbe8b4,60,
16561259,@kdcyberdude,19,1108.5,55487406,93079740,0,2026-08-14T19:46:42.201379500Z,2026-08-14T19:48:50.373173700Z,55487406,55510669,replays/episode_93079740.json,success,202ee2cec6cbe8b4,60,
16462035,Azat Akhtyamov,31,1079.9,55469451,93083310,0,2026-08-14T20:02:46.217446Z,2026-08-14T20:06:16.689410300Z,55469451,55512113,replays/episode_93083310.json,success,202ee2cec6cbe8b4,60,
16561259,@kdcyberdude,19,1108.5,55487406,93084242,0,2026-08-14T20:06:50.057934200Z,2026-08-14T20:18:42.626087700Z,55487406,55512113,replays/episode_93084242.json,success,202ee2cec6cbe8b4,60,
16445258,MTamago,21,1102.8,55482465,93084448,1,2026-08-14T20:06:50.396222900Z,2026-08-14T20:07:48.385172900Z,55504043,55482465,replays/episode_93084448.json,success,202ee2cec6cbe8b4,60,
16445258,MTamago,21,1102.8,55482465,93086201,1,2026-08-14T20:14:46.269262100Z,2026-08-14T20:16:02.719450200Z,55511094,55482465,replays/episode_93086201.json,success,202ee2cec6cbe8b4,60,
16531787,hatry,29,1084.0,55489068,93090823,0,2026-08-14T20:34:46.363916100Z,2026-08-14T20:36:47.161160900Z,55489068,55510717,replays/episode_93090823.json,success,202ee2cec6cbe8b4,60,
16445258,MTamago,21,1102.8,55482465,93091875,1,2026-08-14T20:38:46.766801400Z,2026-08-14T20:39:39.205920400Z,55502626,55482465,replays/episode_93091875.json,success,202ee2cec6cbe8b4,60,
16531787,hatry,29,1084.0,55489068,93093647,1,2026-08-14T20:46:46.262970700Z,2026-08-14T20:48:28.314498700Z,55505002,55489068,replays/episode_93093647.json,success,202ee2cec6cbe8b4,60,
16462035,Azat Akhtyamov,31,1079.9,55469451,93096456,1,2026-08-14T20:58:46.379402300Z,2026-08-14T20:59:52.965420700Z,55510442,55469451,replays/episode_93096456.json,success,202ee2cec6cbe8b4,60,
16531787,hatry,29,1084.0,55489068,93097443,1,2026-08-14T21:02:46.710695200Z,2026-08-14T21:06:29.794827200Z,55509490,55489068,replays/episode_93097443.json,success,202ee2cec6cbe8b4,60,
16561259,@kdcyberdude,19,1108.5,55487406,93098007,1,2026-08-14T21:06:45.928559700Z,2026-08-14T21:10:38.385654100Z,55513382,55487406,replays/episode_93098007.json,success,202ee2cec6cbe8b4,60,
16561259,@kdcyberdude,19,1108.5,55487406,93098964,0,2026-08-14T21:10:48.894540700Z,2026-08-14T21:14:35.309892100Z,55487406,55513083,replays/episode_93098964.json,success,202ee2cec6cbe8b4,60,
16531787,hatry,29,1084.0,55489068,93100153,0,2026-08-14T21:14:46.476629600Z,2026-08-14T21:16:09.325221100Z,55489068,55510684,replays/episode_93100153.json,success,202ee2cec6cbe8b4,60,
16531787,hatry,29,1084.0,55489068,93100196,1,2026-08-14T21:14:46.557517500Z,2026-08-14T21:15:58.686248900Z,55508024,55489068,replays/episode_93100196.json,success,202ee2cec6cbe8b4,60,
16531787,hatry,29,1084.0,55489068,93106461,0,2026-08-14T21:44:39.258254Z,2026-08-14T21:46:02.991369400Z,55489068,55512482,replays/episode_93106461.json,success,202ee2cec6cbe8b4,60,
16462035,Azat Akhtyamov,31,1079.9,55469451,93107420,0,2026-08-14T21:48:29.577000900Z,2026-08-14T21:49:57.590237200Z,55469451,55512113,replays/episode_93107420.json,success,202ee2cec6cbe8b4,60,
16561259,@kdcyberdude,19,1108.5,55487406,93107560,1,2026-08-14T21:48:29.859291100Z,2026-08-14T21:51:33.185200Z,55504043,55487406,replays/episode_93107560.json,success,202ee2cec6cbe8b4,60,
16561259,@kdcyberdude,19,1108.5,55487406,93111284,1,2026-08-14T22:04:31.074562300Z,2026-08-14T22:06:51.037055Z,55504822,55487406,replays/episode_93111284.json,success,202ee2cec6cbe8b4,60,
16531787,hatry,29,1084.0,55489068,93112041,1,2026-08-14T22:08:30.644556600Z,2026-08-14T22:13:58.265544Z,55512113,55489068,replays/episode_93112041.json,success,202ee2cec6cbe8b4,60,
16561259,@kdcyberdude,19,1108.5,55487406,93114913,1,2026-08-14T22:20:29.896341800Z,2026-08-14T22:22:31.080889Z,55510684,55487406,replays/episode_93114913.json,success,202ee2cec6cbe8b4,60,
16561259,@kdcyberdude,19,1108.5,55487406,93118635,1,2026-08-14T22:36:30.782119200Z,2026-08-14T22:38:41.412192400Z,55486173,55487406,replays/episode_93118635.json,success,202ee2cec6cbe8b4,60,
16445258,MTamago,21,1102.8,55482465,93119495,0,2026-08-14T22:40:29.398182200Z,2026-08-14T22:41:19.455684500Z,55482465,54133166,replays/episode_93119495.json,success,202ee2cec6cbe8b4,60,
16462035,Azat Akhtyamov,31,1079.9,55469451,93122924,0,2026-08-14T22:56:36.770092600Z,2026-08-14T22:58:11.274782400Z,55469451,55514506,replays/episode_93122924.json,success,202ee2cec6cbe8b4,60,
16462035,Azat Akhtyamov,31,1079.9,55469451,93122945,0,2026-08-14T22:56:36.799543900Z,2026-08-14T22:58:10.703880300Z,55469451,55514371,replays/episode_93122945.json,success,202ee2cec6cbe8b4,60,
16531787,hatry,29,1084.0,55489068,93125715,1,2026-08-14T23:08:29.405036300Z,2026-08-14T23:13:56.643370600Z,55514194,55489068,replays/episode_93125715.json,success,202ee2cec6cbe8b4,60,
16561259,@kdcyberdude,19,1108.5,55487406,93126046,1,2026-08-14T23:08:30.161433500Z,2026-08-14T23:13:13.725415900Z,55512113,55487406,replays/episode_93126046.json,success,202ee2cec6cbe8b4,60,
16445258,MTamago,21,1102.8,55482465,93127575,0,2026-08-14T23:16:29.097512900Z,2026-08-14T23:17:32.639370700Z,55482465,55514470,replays/episode_93127575.json,success,202ee2cec6cbe8b4,60,
16561259,@kdcyberdude,19,1108.5,55487406,93130321,1,2026-08-14T23:29:11.558668Z,2026-08-14T23:32:08.773650900Z,55514626,55487406,replays/episode_93130321.json,success,202ee2cec6cbe8b4,60,
16462035,Azat Akhtyamov,31,1079.9,55469451,93131294,0,2026-08-14T23:33:11.632298300Z,2026-08-14T23:41:48.747860Z,55469451,55514194,replays/episode_93131294.json,success,202ee2cec6cbe8b4,60,
16561259,@kdcyberdude,19,1108.5,55487406,93131471,0,2026-08-14T23:33:11.891876800Z,2026-08-14T23:35:15.060748800Z,55487406,55502634,replays/episode_93131471.json,success,202ee2cec6cbe8b4,60,
16531787,hatry,29,1084.0,55489068,93132245,0,2026-08-14T23:37:12.136440900Z,2026-08-14T23:38:16.868405200Z,55489068,55514268,replays/episode_93132245.json,success,202ee2cec6cbe8b4,60,
16445258,MTamago,21,1102.8,55482465,93133176,0,2026-08-14T23:41:13.300454200Z,2026-08-14T23:42:11.448662100Z,55482465,55514558,replays/episode_93133176.json,success,202ee2cec6cbe8b4,60,
16561259,@kdcyberdude,19,1108.5,55487406,93134171,0,2026-08-14T23:45:11.757644300Z,2026-08-14T23:48:24.131685600Z,55487406,55514506,replays/episode_93134171.json,success,202ee2cec6cbe8b4,60,
16531787,hatry,29,1084.0,55489068,93134216,1,2026-08-14T23:45:11.809415600Z,2026-08-14T23:46:34.652418Z,55514238,55489068,replays/episode_93134216.json,success,202ee2cec6cbe8b4,60,
16531787,hatry,29,1084.0,55489068,93136022,1,2026-08-14T23:53:11.500999600Z,2026-08-14T23:55:30.561095500Z,55514373,55489068,replays/episode_93136022.json,success,202ee2cec6cbe8b4,60,
16561259,@kdcyberdude,19,1108.5,55487406,93136025,0,2026-08-14T23:53:11.504616100Z,2026-08-14T23:57:13.772780300Z,55487406,55514304,replays/episode_93136025.json,success,202ee2cec6cbe8b4,60,
16531787,hatry,29,1084.0,55489068,93136156,0,2026-08-14T23:53:11.689510600Z,2026-08-14T23:54:38.268342600Z,55489068,54566471,replays/episode_93136156.json,success,202ee2cec6cbe8b4,60,
16561259,@kdcyberdude,19,1108.5,55487406,93137034,0,2026-08-14T23:57:11.820400100Z,2026-08-15T00:00:53.792029600Z,55487406,55514313,replays/episode_93137034.json,success,202ee2cec6cbe8b4,60,
16462035,Azat Akhtyamov,31,1079.9,55469451,93137110,0,2026-08-14T23:57:11.926821600Z,2026-08-14T23:58:22.243050100Z,55469451,55512877,replays/episode_93137110.json,success,202ee2cec6cbe8b4,60,
16445258,MTamago,21,1102.8,55482465,93137957,0,2026-08-15T00:01:12.342604600Z,2026-08-15T00:02:07.649292500Z,55482465,55514313,replays/episode_93137957.json,success,202ee2cec6cbe8b4,60,
16462035,Azat Akhtyamov,31,1079.9,55469451,93139933,0,2026-08-15T00:09:11.819627500Z,2026-08-15T00:10:10.806088700Z,55469451,55514313,replays/episode_93139933.json,success,202ee2cec6cbe8b4,60,
16531787,hatry,29,1084.0,55489068,93139953,1,2026-08-15T00:09:11.839524300Z,2026-08-15T00:11:03.671474800Z,55514304,55489068,replays/episode_93139953.json,success,202ee2cec6cbe8b4,60,
16445258,MTamago,21,1102.8,55482465,93140945,0,2026-08-15T00:16:29.559349200Z,2026-08-15T00:17:32.772605Z,55482465,55514255,replays/episode_93140945.json,success,202ee2cec6cbe8b4,60,
16531787,hatry,29,1084.0,55489068,93141859,0,2026-08-15T00:20:15.489317900Z,2026-08-15T00:21:36.079903100Z,55489068,55514480,replays/episode_93141859.json,success,202ee2cec6cbe8b4,60,
16462035,Azat Akhtyamov,31,1079.9,55469451,93144364,0,2026-08-15T00:32:15.974631300Z,2026-08-15T00:33:03.929424500Z,55469451,55516233,replays/episode_93144364.json,success,202ee2cec6cbe8b4,60,
16445258,MTamago,21,1102.8,55482465,93144717,1,2026-08-15T00:32:16.636096300Z,2026-08-15T00:33:06.333988600Z,55514238,55482465,replays/episode_93144717.json,success,202ee2cec6cbe8b4,60,
16531787,hatry,29,1084.0,55489068,93150839,1,2026-08-15T01:00:14.543035400Z,2026-08-15T01:01:52.781823900Z,55516202,55489068,replays/episode_93150839.json,success,202ee2cec6cbe8b4,60,
16531787,hatry,29,1084.0,55489068,93152955,0,2026-08-15T01:08:15.229693200Z,2026-08-15T01:10:00.620943300Z,55489068,55514744,replays/episode_93152955.json,success,202ee2cec6cbe8b4,60,
16531787,hatry,29,1084.0,55489068,93154851,0,2026-08-15T01:16:16.306277200Z,2026-08-15T01:17:23.021198400Z,55489068,55514506,replays/episode_93154851.json,success,202ee2cec6cbe8b4,60,
16531787,hatry,29,1084.0,55489068,93156483,1,2026-08-15T01:24:14.985307700Z,2026-08-15T01:25:52.914848700Z,55515663,55489068,replays/episode_93156483.json,success,202ee2cec6cbe8b4,60,
16445258,MTamago,21,1102.8,55482465,93157324,1,2026-08-15T01:28:14.736836Z,2026-08-15T01:28:58.581666900Z,55516793,55482465,replays/episode_93157324.json,success,202ee2cec6cbe8b4,60,
16531787,hatry,29,1084.0,55489068,93161911,0,2026-08-15T01:48:14.786804200Z,2026-08-15T01:49:50.605530400Z,55489068,55516202,replays/episode_93161911.json,success,202ee2cec6cbe8b4,60,
16531787,hatry,29,1084.0,55489068,93162908,0,2026-08-15T01:52:15.475753Z,2026-08-15T01:53:52.861004400Z,55489068,55515215,replays/episode_93162908.json,success,202ee2cec6cbe8b4,60,
16445258,MTamago,21,1102.8,55482465,93173753,1,2026-08-15T02:40:15.365972600Z,2026-08-15T02:40:59.941522100Z,55516498,55482465,replays/episode_93173753.json,success,202ee2cec6cbe8b4,60,
16462035,Azat Akhtyamov,31,1079.9,55469451,93177158,0,2026-08-15T02:56:18.244699300Z,2026-08-15T02:57:34.757766200Z,55469451,55517147,replays/episode_93177158.json,success,202ee2cec6cbe8b4,60,
16445258,MTamago,21,1102.8,55482465,93180754,1,2026-08-15T03:12:15.039634400Z,2026-08-15T03:13:15.315276300Z,55517147,55482465,replays/episode_93180754.json,success,202ee2cec6cbe8b4,60,
16445258,MTamago,21,1102.8,55482465,93181703,0,2026-08-15T03:16:15.187208400Z,2026-08-15T03:17:12.609164500Z,55482465,55516793,replays/episode_93181703.json,success,202ee2cec6cbe8b4,60,
16445258,MTamago,21,1102.8,55482465,93182546,0,2026-08-15T03:20:15.233720Z,2026-08-15T03:21:16.403387600Z,55482465,55517147,replays/episode_93182546.json,success,202ee2cec6cbe8b4,60,
16445258,MTamago,21,1102.8,55482465,93192509,0,2026-08-15T04:04:15.147342500Z,2026-08-15T04:05:06.389562100Z,55482465,55517887,replays/episode_93192509.json,success,202ee2cec6cbe8b4,60,
16445258,MTamago,21,1102.8,55482465,93195006,0,2026-08-15T04:16:15.255731900Z,2026-08-15T04:17:30.266651200Z,55482465,55518703,replays/episode_93195006.json,success,202ee2cec6cbe8b4,60,
16531787,hatry,29,1084.0,55489068,93197907,1,2026-08-15T04:28:15.156646100Z,2026-08-15T04:29:08.649940700Z,55511094,55489068,replays/episode_93197907.json,success,202ee2cec6cbe8b4,60,
16462035,Azat Akhtyamov,31,1079.9,55469451,93211224,0,2026-08-15T05:28:15.167882300Z,2026-08-15T05:29:47.236948400Z,55469451,55518190,replays/episode_93211224.json,success,202ee2cec6cbe8b4,60,
16462035,Azat Akhtyamov,31,1079.9,55469451,93211231,1,2026-08-15T05:28:15.176363200Z,2026-08-15T05:30:56.356486500Z,55496243,55469451,replays/episode_93211231.json,success,202ee2cec6cbe8b4,60,
16462035,Azat Akhtyamov,31,1079.9,55469451,93211862,1,2026-08-15T05:32:14.736691Z,2026-08-15T05:35:21.558375300Z,55520259,55469451,replays/episode_93211862.json,success,202ee2cec6cbe8b4,60,
16462035,Azat Akhtyamov,31,1079.9,55469451,93214842,1,2026-08-15T05:44:14.952733900Z,2026-08-15T05:45:19.307132700Z,55514255,55469451,replays/episode_93214842.json,success,202ee2cec6cbe8b4,60,
16531787,hatry,29,1084.0,55489068,93220730,1,2026-08-15T06:12:14.478235400Z,2026-08-15T06:14:03.350425900Z,55520763,55489068,replays/episode_93220730.json,success,202ee2cec6cbe8b4,60,
16462035,Azat Akhtyamov,31,1079.9,55469451,93229965,0,2026-08-15T06:52:15.052638500Z,2026-08-15T06:53:40.727888300Z,55469451,55515215,replays/episode_93229965.json,success,202ee2cec6cbe8b4,60,
16531787,hatry,29,1084.0,55489068,93231664,1,2026-08-15T07:00:14.754694600Z,2026-08-15T07:01:53.603268700Z,55520010,55489068,replays/episode_93231664.json,success,202ee2cec6cbe8b4,60,
16462035,Azat Akhtyamov,31,1079.9,55469451,93237697,0,2026-08-15T07:28:14.440652700Z,2026-08-15T07:30:41.197819900Z,55469451,55521976,replays/episode_93237697.json,success,202ee2cec6cbe8b4,60,
16462035,Azat Akhtyamov,31,1079.9,55469451,93244924,1,2026-08-15T08:00:14.467819500Z,2026-08-15T08:04:00.746837500Z,55521637,55469451,replays/episode_93244924.json,success,202ee2cec6cbe8b4,60,
16462035,Azat Akhtyamov,31,1079.9,55469451,93250396,1,2026-08-15T08:24:14.643748200Z,2026-08-15T08:29:24.831193900Z,55521523,55469451,replays/episode_93250396.json,success,202ee2cec6cbe8b4,60,
16462035,Azat Akhtyamov,31,1079.9,55469451,93253922,0,2026-08-15T08:40:15.083933900Z,2026-08-15T08:49:34.340496700Z,55469451,55521055,replays/episode_93253922.json,success,202ee2cec6cbe8b4,60,
16462035,Azat Akhtyamov,31,1079.9,55469451,93254847,1,2026-08-15T08:44:14.586056800Z,2026-08-15T08:47:00.780753400Z,55521637,55469451,replays/episode_93254847.json,success,202ee2cec6cbe8b4,60,
16462035,Azat Akhtyamov,31,1079.9,55469451,93255841,1,2026-08-15T08:48:21.336438300Z,2026-08-15T08:50:14.495194500Z,55521678,55469451,replays/episode_93255841.json,success,202ee2cec6cbe8b4,60,
16462035,Azat Akhtyamov,31,1079.9,55469451,93259293,1,2026-08-15T09:04:16.228069300Z,2026-08-15T09:06:00.049615900Z,55522809,55469451,replays/episode_93259293.json,success,202ee2cec6cbe8b4,60,
16531787,hatry,29,1084.0,55489068,93263043,1,2026-08-15T09:20:14.872078Z,2026-08-15T09:30:06.892891500Z,55521523,55489068,replays/episode_93263043.json,success,202ee2cec6cbe8b4,60,
16531787,hatry,29,1084.0,55489068,93264647,0,2026-08-15T09:28:15.026500600Z,2026-08-15T09:34:04.505399400Z,55489068,55521523,replays/episode_93264647.json,success,202ee2cec6cbe8b4,60,
16462035,Azat Akhtyamov,31,1079.9,55469451,93272052,1,2026-08-15T10:00:14.979820700Z,2026-08-15T10:01:32.579383200Z,55520763,55469451,replays/episode_93272052.json,success,202ee2cec6cbe8b4,60,
16462035,Azat Akhtyamov,31,1079.9,55469451,93282714,1,2026-08-15T10:48:14.825655200Z,2026-08-15T10:49:10.996996400Z,55523740,55469451,replays/episode_93282714.json,success,202ee2cec6cbe8b4,60,
16462035,Azat Akhtyamov,31,1079.9,55469451,93288019,1,2026-08-15T11:12:14.694068200Z,2026-08-15T11:13:22.737462200Z,55524440,55469451,replays/episode_93288019.json,success,202ee2cec6cbe8b4,60,
16531787,hatry,29,1084.0,55489068,93289784,1,2026-08-15T11:20:14.604469400Z,2026-08-15T11:21:54.400174600Z,55524658,55489068,replays/episode_93289784.json,success,202ee2cec6cbe8b4,60,
16531787,hatry,29,1084.0,55489068,93290680,0,2026-08-15T11:24:14.780899900Z,2026-08-15T11:25:33.807226400Z,55489068,55524658,replays/episode_93290680.json,success,202ee2cec6cbe8b4,60,
16462035,Azat Akhtyamov,31,1079.9,55469451,93292522,0,2026-08-15T11:32:14.689302700Z,2026-08-15T11:33:27.058583900Z,55469451,55523930,replays/episode_93292522.json,success,202ee2cec6cbe8b4,60,
16531787,hatry,29,1084.0,55489068,93298593,0,2026-08-15T12:00:14.473349800Z,2026-08-15T12:02:04.128093100Z,55489068,55525999,replays/episode_93298593.json,success,202ee2cec6cbe8b4,60,
16462035,Azat Akhtyamov,31,1079.9,55469451,93299669,1,2026-08-15T12:04:16.623287200Z,2026-08-15T12:09:01.592491Z,55525048,55469451,replays/episode_93299669.json,success,202ee2cec6cbe8b4,60,
16462035,Azat Akhtyamov,31,1079.9,55469451,93302360,0,2026-08-15T12:16:15.440765500Z,2026-08-15T12:17:37.368176600Z,55469451,55524658,replays/episode_93302360.json,success,202ee2cec6cbe8b4,60,
16462035,Azat Akhtyamov,31,1079.9,55469451,93306029,0,2026-08-15T12:32:14.789331900Z,2026-08-15T12:33:54.923044Z,55469451,55524380,replays/episode_93306029.json,success,202ee2cec6cbe8b4,60,
16531787,hatry,29,1084.0,55489068,93315830,1,2026-08-15T13:16:15.544108300Z,2026-08-15T13:18:41.002287100Z,55525267,55489068,replays/episode_93315830.json,success,202ee2cec6cbe8b4,60,
16462035,Azat Akhtyamov,31,1079.9,55469451,93316684,1,2026-08-15T13:20:14.592305500Z,2026-08-15T13:22:44.995952300Z,55525871,55469451,replays/episode_93316684.json,success,202ee2cec6cbe8b4,60,
16531787,hatry,29,1084.0,55489068,93317564,0,2026-08-15T13:24:14.564885200Z,2026-08-15T13:25:34.940226800Z,55489068,55525748,replays/episode_93317564.json,success,202ee2cec6cbe8b4,60,
16531787,hatry,29,1084.0,55489068,93328374,0,2026-08-15T14:12:46.291795Z,2026-08-15T14:16:27.910370500Z,55489068,55526745,replays/episode_93328374.json,success,202ee2cec6cbe8b4,60,
16531787,hatry,29,1084.0,55489068,93329006,0,2026-08-15T14:16:46.447725600Z,2026-08-15T14:18:42.009908500Z,55489068,55528920,replays/episode_93329006.json,success,202ee2cec6cbe8b4,60,
16462035,Azat Akhtyamov,31,1079.9,55469451,93331952,0,2026-08-15T14:28:46.469931500Z,2026-08-15T14:30:34.155145800Z,55469451,55527852,replays/episode_93331952.json,success,202ee2cec6cbe8b4,60,
16462035,Azat Akhtyamov,31,1079.9,55469451,93336373,1,2026-08-15T14:48:46.232199500Z,2026-08-15T14:49:39.348474300Z,55528457,55469451,replays/episode_93336373.json,success,202ee2cec6cbe8b4,60,
16531787,hatry,29,1084.0,55489068,93338150,0,2026-08-15T14:56:48.359477700Z,2026-08-15T14:58:05.024241900Z,55489068,55528819,replays/episode_93338150.json,success,202ee2cec6cbe8b4,60,
16531787,hatry,29,1084.0,55489068,93339153,0,2026-08-15T15:00:47.070853700Z,2026-08-15T15:01:56.252947800Z,55489068,55527627,replays/episode_93339153.json,success,202ee2cec6cbe8b4,60,
16531787,hatry,29,1084.0,55489068,93348882,1,2026-08-15T15:44:47.851531100Z,2026-08-15T15:46:25.738934400Z,55529805,55489068,replays/episode_93348882.json,success,202ee2cec6cbe8b4,60,
16531787,hatry,29,1084.0,55489068,93356057,0,2026-08-15T16:16:52.676529700Z,2026-08-15T16:17:53.108267600Z,55489068,55529714,replays/episode_93356057.json,success,202ee2cec6cbe8b4,60,
16462035,Azat Akhtyamov,31,1079.9,55469451,93358697,1,2026-08-15T16:28:46.485210Z,2026-08-15T16:30:23.127428700Z,55530741,55469451,replays/episode_93358697.json,success,202ee2cec6cbe8b4,60,
16531787,hatry,29,1084.0,55489068,93359549,1,2026-08-15T16:32:46.190307400Z,2026-08-15T16:33:45.465869Z,55530884,55489068,replays/episode_93359549.json,success,202ee2cec6cbe8b4,60,
16531787,hatry,29,1084.0,55489068,93365120,0,2026-08-15T16:56:47.676729700Z,2026-08-15T16:58:30.047718300Z,55489068,55529805,replays/episode_93365120.json,success,202ee2cec6cbe8b4,60,
16531787,hatry,29,1084.0,55489068,93372154,0,2026-08-15T17:28:46.476974400Z,2026-08-15T17:32:27.560002Z,55489068,55530885,replays/episode_93372154.json,success,202ee2cec6cbe8b4,60,
16462035,Azat Akhtyamov,31,1079.9,55469451,93373937,1,2026-08-15T17:36:47.637695800Z,2026-08-15T17:38:24.288196700Z,55530884,55469451,replays/episode_93373937.json,success,202ee2cec6cbe8b4,60,
16462035,Azat Akhtyamov,31,1079.9,55469451,93382732,1,2026-08-15T18:16:48.527050300Z,2026-08-15T18:18:51.174846800Z,55533014,55469451,replays/episode_93382732.json,success,202ee2cec6cbe8b4,60,
16462035,Azat Akhtyamov,31,1079.9,55469451,93385438,1,2026-08-15T18:28:48.741168900Z,2026-08-15T18:29:41.943785700Z,55532861,55469451,replays/episode_93385438.json,success,202ee2cec6cbe8b4,60,
16462035,Azat Akhtyamov,31,1079.9,55469451,93386329,0,2026-08-15T18:32:50.025226700Z,2026-08-15T18:33:57.495168600Z,55469451,55532748,replays/episode_93386329.json,success,202ee2cec6cbe8b4,60,
16531787,hatry,29,1084.0,55489068,93386574,0,2026-08-15T18:32:50.754211100Z,2026-08-15T18:34:08.069487700Z,55489068,55530884,replays/episode_93386574.json,success,202ee2cec6cbe8b4,60,
16462035,Azat Akhtyamov,31,1079.9,55469451,93388252,0,2026-08-15T18:40:49.025592300Z,2026-08-15T18:49:23.225163Z,55469451,55531669,replays/episode_93388252.json,success,202ee2cec6cbe8b4,60,
16531787,hatry,29,1084.0,55489068,93389009,0,2026-08-15T18:44:47.688446500Z,2026-08-15T18:48:15.607928800Z,55489068,55533014,replays/episode_93389009.json,success,202ee2cec6cbe8b4,60,
16531787,hatry,29,1084.0,55489068,93395390,0,2026-08-15T19:12:47.164096600Z,2026-08-15T19:14:39.997912200Z,55489068,55532112,replays/episode_93395390.json,success,202ee2cec6cbe8b4,60,
16531787,hatry,29,1084.0,55489068,93398972,0,2026-08-15T19:28:48.930269600Z,2026-08-15T19:30:07.195936900Z,55489068,55532438,replays/episode_93398972.json,success,202ee2cec6cbe8b4,60,
16531787,hatry,29,1084.0,55489068,93412189,0,2026-08-15T20:28:46.728759800Z,2026-08-15T20:29:34.961856400Z,55489068,55533904,replays/episode_93412189.json,success,202ee2cec6cbe8b4,60,
16531787,hatry,29,1084.0,55489068,93415766,0,2026-08-15T20:44:47.832320800Z,2026-08-15T20:46:16.150199300Z,55489068,55533588,replays/episode_93415766.json,success,202ee2cec6cbe8b4,60,
16531787,hatry,29,1084.0,55489068,93416591,0,2026-08-15T20:48:47.667856400Z,2026-08-15T20:50:20.369075100Z,55489068,55534461,replays/episode_93416591.json,success,202ee2cec6cbe8b4,60,
16531787,hatry,29,1084.0,55489068,93419132,1,2026-08-15T21:00:47.668835700Z,2026-08-15T21:09:03.120692200Z,55535340,55489068,replays/episode_93419132.json,success,202ee2cec6cbe8b4,60,
16531787,hatry,29,1084.0,55489068,93421047,1,2026-08-15T21:08:46.632766400Z,2026-08-15T21:10:14.205541800Z,55534275,55489068,replays/episode_93421047.json,success,202ee2cec6cbe8b4,60,
16531787,hatry,29,1084.0,55489068,93425490,0,2026-08-15T21:28:48.091045100Z,2026-08-15T21:30:06.409480400Z,55489068,55534275,replays/episode_93425490.json,success,202ee2cec6cbe8b4,60,
16531787,hatry,29,1084.0,55489068,93431639,0,2026-08-15T21:56:46.725378600Z,2026-08-15T21:59:43.441547800Z,55489068,55535354,replays/episode_93431639.json,success,202ee2cec6cbe8b4,60,
16531787,hatry,29,1084.0,55489068,93440401,0,2026-08-15T22:36:46.775628700Z,2026-08-15T22:38:31.587206600Z,55489068,55536768,replays/episode_93440401.json,success,202ee2cec6cbe8b4,60,
16531787,hatry,29,1084.0,55489068,93467409,0,2026-08-16T00:36:46.864408600Z,2026-08-16T00:38:53.969587300Z,55489068,55538179,replays/episode_93467409.json,success,202ee2cec6cbe8b4,60,
16531787,hatry,29,1084.0,55489068,93469225,0,2026-08-16T00:44:46.345613100Z,2026-08-16T00:46:30.971565500Z,55489068,55538085,replays/episode_93469225.json,success,202ee2cec6cbe8b4,60,
16531787,hatry,29,1084.0,55489068,93470148,1,2026-08-16T00:48:46.143741Z,2026-08-16T00:49:54.552790900Z,55538113,55489068,replays/episode_93470148.json,success,202ee2cec6cbe8b4,60,
16531787,hatry,29,1084.0,55489068,93472758,1,2026-08-16T01:00:47.548271100Z,2026-08-16T01:02:05.273293200Z,55538217,55489068,replays/episode_93472758.json,success,202ee2cec6cbe8b4,60,
16531787,hatry,29,1084.0,55489068,93476393,0,2026-08-16T01:16:46.566748900Z,2026-08-16T01:18:28.103656200Z,55489068,55538113,replays/episode_93476393.json,success,202ee2cec6cbe8b4,60,
16531787,hatry,29,1084.0,55489068,93482569,0,2026-08-16T01:44:47.172170600Z,2026-08-16T01:48:42.161712Z,55489068,55538389,replays/episode_93482569.json,success,202ee2cec6cbe8b4,60,
16531787,hatry,29,1084.0,55489068,93487062,1,2026-08-16T02:04:51.866989100Z,2026-08-16T02:06:09.596440800Z,55538294,55489068,replays/episode_93487062.json,success,202ee2cec6cbe8b4,60,
16531787,hatry,29,1084.0,55489068,93488946,1,2026-08-16T02:12:53.254115400Z,2026-08-16T02:13:47.490767300Z,55538099,55489068,replays/episode_93488946.json,success,202ee2cec6cbe8b4,60,
16531787,hatry,29,1084.0,55489068,93489855,1,2026-08-16T02:16:52.962126200Z,2026-08-16T02:18:05.298298200Z,55538294,55489068,replays/episode_93489855.json,success,202ee2cec6cbe8b4,60,
16531787,hatry,29,1084.0,55489068,93499571,1,2026-08-16T03:00:51.948434600Z,2026-08-16T03:02:54.242719200Z,55540163,55489068,replays/episode_93499571.json,success,202ee2cec6cbe8b4,60,
16531787,hatry,29,1084.0,55489068,93505852,0,2026-08-16T03:28:51.747424100Z,2026-08-16T03:30:38.629471800Z,55489068,55540341,replays/episode_93505852.json,success,202ee2cec6cbe8b4,60,
16531787,hatry,29,1084.0,55489068,93530699,1,2026-08-16T05:20:51.584631200Z,2026-08-16T05:22:20.326733300Z,55542399,55489068,replays/episode_93530699.json,success,202ee2cec6cbe8b4,60,
