tree
version=v4
num_class=1
num_tree_per_iteration=1
label_index=0
max_feature_idx=224
objective=lambdarank
feature_names=turn turn_action_count first_player_is_self energy_attached retreated stadium_played supporter_played self_hand_count self_deck_count self_prize_count self_bench_count opp_hand_count opp_deck_count opp_prize_count opp_bench_count self_total_energy opp_total_energy self_total_hp opp_total_hp self_status_count opp_status_count early_game mid_game late_game deck_low_10 deck_low_5 current_powerful_hand_damage self_active_id self_active_hp self_active_max_hp self_active_damage self_active_energy self_active_special_energy self_active_tool_count self_active_appear_this_turn opp_active_id opp_active_hp opp_active_max_hp opp_active_damage opp_active_energy opp_active_special_energy opp_active_tool_count opp_active_appear_this_turn self_bench_open self_bench_min_hp self_bench_max_hp self_bench_max_energy self_bench_total_damage self_bench_damaged_count self_bench_low_hp_count opp_bench_open opp_bench_min_hp opp_bench_max_hp opp_bench_max_energy opp_bench_total_damage opp_bench_damaged_count opp_bench_low_hp_count hand_5 field_5 discard_5 opp_field_5 hand_13 field_13 discard_13 opp_field_13 hand_19 field_19 discard_19 opp_field_19 hand_66 field_66 discard_66 opp_field_66 hand_140 field_140 discard_140 opp_field_140 hand_305 field_305 discard_305 opp_field_305 hand_343 field_343 discard_343 opp_field_343 hand_741 field_741 discard_741 opp_field_741 hand_742 field_742 discard_742 opp_field_742 hand_743 field_743 discard_743 opp_field_743 hand_1079 field_1079 discard_1079 opp_field_1079 hand_1081 field_1081 discard_1081 opp_field_1081 hand_1086 field_1086 discard_1086 opp_field_1086 hand_1097 field_1097 discard_1097 opp_field_1097 hand_1129 field_1129 discard_1129 opp_field_1129 hand_1152 field_1152 discard_1152 opp_field_1152 hand_1182 field_1182 discard_1182 opp_field_1182 hand_1197 field_1197 discard_1197 opp_field_1197 hand_1225 field_1225 discard_1225 opp_field_1225 hand_1231 field_1231 discard_1231 opp_field_1231 hand_1266 field_1266 discard_1266 opp_field_1266 ready_alakazam_count has_ready_alakazam field_route_body_count has_abra_anywhere has_bridge_anywhere has_alakazam_anywhere has_psychic_energy_in_hand complete_route_components needs_first_abra needs_stage2 needs_attacker_energy dudunsparce_engine_count dunsparce_engine_count stadium_id select_type select_context select_min_count select_max_count option_type candidate_card_id candidate_attack_id candidate_area candidate_inplay_area candidate_target_id candidate_target_hp candidate_target_max_hp candidate_target_energy candidate_target_special_energy candidate_target_appear_this_turn candidate_target_is_active candidate_target_is_bench candidate_hand_cost post_action_hand_count post_action_powerful_hand_damage current_ko_estimate post_action_ko_estimate breaks_current_ko_estimate preserves_current_ko_estimate powerful_hand_attack_option attack_lethal_estimate attack_overkill_estimate candidate_is_route_card candidate_is_abra candidate_is_kadabra candidate_is_alakazam candidate_is_rare_candy candidate_is_psychic_energy target_is_abra target_is_kadabra target_is_alakazam target_is_dunsparce target_is_dudunsparce candidate_fills_missing_abra candidate_fills_stage2 candidate_fills_energy action_type is_attack is_retreat is_end is_evolve is_ability is_energy is_boss is_xerosic is_hammer is_bench is_trainer is_other hammer_opp_active_energy_value hammer_opp_active_special_energy_value xerosic_opp_hand_value boss_opp_bench_value boss_opp_bench_low_hp_value retreat_active_damage_value retreat_status_value energy_target_existing_energy_value energy_target_is_alakazam_value energy_target_is_fezandipiti_value evolve_target_is_abra_value evolve_target_is_kadabra_value bench_early_game_value ability_low_deck_risk trainer_low_deck_risk end_has_attack_ready_penalty
feature_infos=[1:1067] [1:34] [0:1] [0:1] [0:1] [0:1] [0:1] [0:35] [0:46] [1:6] [0:5] [0:29] [0:47] [1:6] [0:6] [0:7] [0:19] [10:910] [10:1680] [0:2] [0:1] [0:1] [0:1] [0:1] [0:1] [0:1] [0:700] -1:743:742:140:305:741:66:343:65:214:959 [10:210] [50:210] [0:200] [0:5] [0:4] none [0:1] -1:743:414:756:648:345:305:381:190:1031:678:434:431:742:741:112:140:344:121:401:343:676:169:400:506:646:58:666:164:235:380:861:93:387:849:1030:647:860:66:341:342:379:677:65:463:120:891:104:57:119:116:131:174:473:265:675:117:674:721:723:848:92:269:304:747:649:879:878:184:90:722:96:817:673:89:818:689:474:40:293:607:272:247:135:432:214:108:31:1071:270:222:122:408:959:746:655:144:1056:591:906:1051:86:292:41:1013:306:745:1034:855:85:829:142:320:415:1052:475:583:790:73:992:100:138:183:1002:336:34:240:268:788:46:109:597:311:625:803:834:521:979:157:158:162:257:271:789:42:349:858:303:663:695:179:795:330 [10:440] [30:440] [0:420] [0:9] [0:9] [0:1] [0:1] [0:5] [0:210] [0:210] [0:4] [0:480] [0:5] [0:5] [0:5] [0:410] [0:440] [0:9] [0:860] [0:4] [0:5] [0:3] none [0:3] none [0:1] none [0:1] none [0:4] none [0:4] none [0:3] [0:3] [0:3] [0:4] [0:1] [0:1] [0:1] [0:2] [0:4] [0:4] [0:4] [0:4] [0:1] [0:1] [0:1] [0:1] [0:3] [0:4] [0:4] [0:4] [0:4] [0:4] [0:4] [0:4] [0:4] [0:4] [0:4] [0:4] [0:4] none [0:4] none [0:4] none [0:4] none [0:4] none [0:4] none [0:3] none [0:3] none [0:2] none [0:2] none [0:4] none [0:4] none [0:3] none [0:3] none [0:4] none [0:4] none [0:4] none [0:4] none [0:4] none [0:4] none [0:3] none [0:3] none [0:4] [0:1] [0:4] [0:1] [0:1] [0:1] [0:1] [0:4] [0:1] [0:1] [0:1] [0:3] [0:4] -1:1266:1264:1247:1259:1246:1257:1244:1261:1262:1242:1245:1252:1260:1256:1249:1255:1254:1250:1267:1248 none none none none -1:7:8:9:14:12:13:10 -1:19:5:13:1225:1231:66:1152:1086:743:1182:1266:742:1197:305:1079:1081:140:343:1129:1097:741:1184:1264:65:1247:1246:245:959:1146 -1:1072:1071:1070:423:76:183:288:74:338:339 [-1:7] [-1:5] -1:305:742:743:741:140:66:343:65:214:959:245 [0:210] [0:210] [0:5] [0:4] [0:1] [0:1] [0:1] [0:1] [0:35] [0:700] [0:1] [0:1] [0:1] [0:1] [0:1] [0:1] [0:580] [0:1] [0:1] [0:1] [0:1] [0:1] [0:1] [0:1] [0:1] [0:1] [0:1] [0:1] [0:1] [0:1] [0:1] -1:5:10:6:4:2:9:1:3:11:0:7 [0:1] [0:1] [0:1] [0:1] [0:1] [0:1] [0:1] [0:1] [0:1] [0:1] [0:1] none [0:9] [0:9] [0:24] [0:6] [0:5] [0:200] [0:2] [0:5] [0:1] [0:1] [0:1] [0:1] [0:1] [0:1] [0:1] [0:1]
tree_sizes=4082 4095 4050 4293 4290 4296 4272 4221 4360 4313 3702 4280 3734 3883 4307 4299 3903 4270 4316 4356 4107 3745 4219 4092 4092 4168 3862 4330 3863 4199 4330 4334 4060 3948 4131 4206 4111 4179 3709 4195 4085 4143 4212 4256 4122 4099 4197 3899 4183 4096

Tree=0
num_leaves=31
num_cat=8
split_feature=196 160 160 160 195 217 160 160 167 191 195 223 180 160 173 173 31 172 166 169 223 170 160 169 207 217 173 211 173 166
split_gain=49116 5701.87 4443.46 3125.92 3512.61 4766.26 2637.95 1445 1245.5 1378.36 1228.98 1489.61 1173.16 1024.64 1944.52 673.65 910.078 728.054 646.522 641.285 615.92 592.02 945.934 511.517 641.474 463.752 406.616 383.809 381.842 336.418
threshold=0 1 2 3 1.0000000180025095e-35 1.0000000180025095e-35 4 5 1.0000000180025095e-35 1.0000000180025095e-35 1.0000000180025095e-35 1.0000000180025095e-35 1.0000000180025095e-35 6 10.500000000000002 11.500000000000002 1.0000000180025095e-35 1.0000000180025095e-35 175.00000000000003 1.0000000180025095e-35 1.0000000180025095e-35 1.0000000180025095e-35 7 1.0000000180025095e-35 1.0000000180025095e-35 1.0000000180025095e-35 9.5000000000000018 9.5000000000000018 18.500000000000004 75.000000000000014
decision_type=1 9 9 9 2 2 9 9 2 2 2 2 2 9 2 2 2 2 2 2 2 2 9 2 2 2 2 2 2 2
left_child=2 7 -1 4 8 -6 19 -2 9 20 11 13 18 14 -5 -15 17 -17 21 -4 23 22 28 24 25 -3 -26 -9 -8 -23
right_child=1 3 6 10 5 -7 12 27 -10 -11 -12 -13 -14 15 -16 16 -18 -19 -20 -21 -22 29 -24 -25 26 -27 -28 -29 -30 -31
leaf_value=-0.068136263077215528 0.043307650875331588 -0.040940258375065625 0.065790464275642793 -0.0058977608952328221 -0.079849830254266577 0.065675343512820158 0.007349862920075648 -0.011383629295347544 -0.073183467640256142 -0.084398284702409274 -0.095932146518514894 -0.093496901768365087 0.066684046928852866 -0.069244103860627765 -0.061929492132731793 0.029061880730199385 -0.057977914303504123 -0.068613588598940262 0.075094981610200048 0.091982331222557889 -0.08668042259622738 0.018655739848946876 0.035895940519851927 0.0036457196851894906 0.018057644006156851 0.010826357850730063 -0.024769801540902147 0.026437599745315656 -0.050668219410975004 0.074701522799057049
leaf_weight=740.7693167545367 1597.1834983337903 5018.8321263356193 9526.2985281759466 3396.0912922856514 782.12185083690565 2001.3979053591029 2519.0123157634225 8079.1368757110904 2023.7918210251373 1065.7950648056576 1797.8484772404772 1944.7014770704263 3348.5958773871535 5295.672137425252 2846.0322103059152 670.67743081127992 2096.6494203486654 266.04145158809843 838.58369683433557 3104.6549932316993 382.22798270289786 364.64151658827905 5992.7606171771622 1613.5991822326323 1044.8478321153671 473.08306815248216 1179.0362445552892 730.97706685212324 319.06120648694923 1014.1777155352902
leaf_count=13857 17668 114614 84157 42967 32668 15040 38918 111313 54830 42776 35941 56350 32200 98579 79412 15506 66346 4978 6794 13003 11288 4281 64114 31794 10583 10460 24430 6212 9489 5345
internal_value=0 -0.0326742 0.0521256 -0.0426139 -0.0261078 0.0247764 0.0554471 -0.00028817 -0.0371934 -0.0304316 -0.0566371 -0.0523909 0.0407287 -0.0469014 -0.0313983 -0.0584091 -0.0396758 0.00129352 0.0328956 0.072175 -0.0245046 0.0294255 0.0246644 -0.0219522 -0.027306 -0.0364795 -0.00464639 -0.00823436 0.00081496 0.0598955
internal_weight=72074.3 44305.7 27768.6 33898.4 15584.7 2783.52 27027.8 10407.3 12801.2 10777.4 18313.7 16515.9 14396.8 14571.2 6242.12 8329.04 3033.37 936.719 11048.2 12631 9711.63 10209.7 8830.83 9329.4 7715.8 5491.92 2223.88 8810.11 2838.07 1378.82
internal_count=1155913 883755 272158 748562 348483 47708 258301 135193 300775 245945 400079 364138 161141 307788 122379 185409 86830 20484 128941 97160 203169 122147 112521 191881 160087 125074 35013 117525 48407 9626
cat_boundaries=0 1 40 51 88 112 148 187 211
cat_threshold=199 0 0 2 0 0 0 0 0 0 0 0 0 0 0 0 0 0 0 0 0 0 0 0 0 0 0 0 0 0 0 0 0 0 8388608 512 67109376 1 8193 3221225472 0 0 0 0 0 0 0 2097152 0 0 8388608 524320 0 0 0 0 0 0 0 0 0 0 0 0 0 0 0 0 0 0 0 0 0 0 0 0 0 0 0 0 2147483648 0 0 0 1073741824 0 0 1073741824 0 0 4 0 0 0 0 0 0 131072 0 0 0 0 0 0 0 0 0 0 0 0 0 32 0 0 2 0 0 0 0 0 0 0 0 0 0 0 0 0 0 0 0 0 0 0 0 0 0 0 0 0 0 0 0 0 0 8388608 0 67108864 8192 0 0 0 0 0 0 0 0 0 0 0 0 0 0 0 0 0 0 0 0 0 0 0 0 0 0 0 0 0 0 0 0 0 0 0 0 0 33280 0 0 0 0 4096 0 0 0 0 0 0 0 0 0 0 0 0 0 0 0 0 0 0 128
is_linear=0
shrinkage=0.05


Tree=1
num_leaves=31
num_cat=8
split_feature=160 169 171 196 160 167 164 223 223 160 176 222 164 170 169 164 223 182 160 173 173 31 173 166 194 173 40 31 224 173
split_gain=62454.7 16167.1 12373.3 17477.2 7315.75 4627.21 5774 3484.7 3473.78 5009.69 3118.3 2625.35 2806.1 3872.33 2121.39 2254.99 1786.28 3020.99 1581.46 1448.26 1396.16 1328.38 1265.19 1185.19 1116.84 1110.36 1068.97 992.825 1119.16 973.946
threshold=0 1.0000000180025095e-35 1.0000000180025095e-35 1 2 1.0000000180025095e-35 3 1.0000000180025095e-35 1.0000000180025095e-35 4 1.0000000180025095e-35 1.0000000180025095e-35 5 1.0000000180025095e-35 1.0000000180025095e-35 6 1.0000000180025095e-35 1.0000000180025095e-35 7 14.500000000000002 8.5000000000000018 1.0000000180025095e-35 13.500000000000002 175.00000000000003 1.0000000180025095e-35 9.5000000000000018 1.0000000180025095e-35 1.0000000180025095e-35 1.0000000180025095e-35 11.500000000000002
decision_type=9 2 2 1 9 2 9 2 2 9 2 2 9 2 2 9 2 2 9 2 2 2 2 2 2 2 2 2 2 2
left_child=1 11 3 5 7 6 -2 22 9 20 19 12 13 25 21 -16 -14 -18 -9 -8 -6 -4 -5 -13 -15 -1 -27 29 -29 -11
right_child=2 -3 14 4 8 -7 10 18 -10 27 -12 23 16 24 15 -17 17 -19 -20 -21 -22 -23 -24 -25 -26 26 -28 28 -30 -31
leaf_value=0.0066139122152817642 0.046048329066973349 0.075758578026469667 -0.07785708610940846 0.007612682041812039 -0.0028125094820858178 -0.055905524648588757 -0.019778620125584439 0.058086449231758444 -0.084660909014575389 -0.050374433626855702 0.013388601276880267 0.017413126280410359 0.025798739046807337 -0.0028797620223564514 -0.070936500899387953 -0.019625805658000685 0.051170469917492217 -0.071570221228582739 -0.076542658867151239 0.023309359532909343 -0.0298129271406961 -0.049601500449858782 -0.021151271107063805 -0.075607455885508698 0.051490004965297154 -0.043038385378126355 -0.0036868143286357849 -0.049405773746341392 -0.077733757515192098 -0.020890354002669059
leaf_weight=3936.83556644083 9298.0439285987522 14956.832655353472 7496.0669930161675 15181.902813137509 9211.8797095043119 2776.4700087821111 14727.115692720748 237.45862185535952 4088.2824460347183 7091.7555081777973 26434.345563807525 513.42247202061117 85782.422165544471 1253.494378214702 2952.4984630165854 7828.5419195552822 849.85824865684845 1220.8489140670281 2165.3374878142495 2247.3038787567057 9969.9643509049783 9360.3704430863727 5109.0576122852508 1026.2339540682733 3828.7803513910621 4107.2380684008822 2976.7851597974077 11959.215757985949 4926.3722398903919 4632.113690230879
leaf_count=10568 17397 13578 88792 47476 27699 38023 49325 657 56350 38216 47993 942 162406 2406 29047 34345 2680 5525 24344 10436 92618 110979 39144 1984 4440 22999 14928 91346 45197 24073
internal_value=0 0.0271078 -0.0207064 -0.0142512 -0.0300587 0.00699941 0.010315 -0.00637022 -0.0404173 -0.03664 0.00264925 0.0202124 0.0211725 0.00197488 -0.0510899 -0.0337649 0.0246882 -0.0211925 -0.0633032 -0.0140732 -0.0168382 -0.062169 0.000369622 -0.0445895 0.0380803 -0.0146739 -0.0265046 -0.0498926 -0.0576728 -0.0387271
internal_weight=278147 120453 157694 130057 74573.3 55483.3 52706.8 22693.8 51879.6 47791.3 43408.8 105496 103956 16103.1 27637.5 10781 87853.1 2070.71 2402.8 16974.4 19181.8 16856.4 20291 1539.66 5082.27 11020.9 7084.02 28609.5 16885.6 11723.9
internal_count=1155913 242456 913457 650294 487120 163174 125151 111621 375499 319149 107754 228878 225952 55341 263163 63392 170611 8205 25001 59761 120317 199771 86620 2926 6846 48495 37927 198832 136543 62289
cat_boundaries=0 39 40 79 103 142 166 177 216
cat_threshold=0 0 6 0 4096 0 0 0 0 131072 0 0 0 0 0 0 0 0 0 0 0 0 0 224 0 0 0 0 0 0 0 0 0 41943040 512 67108864 0 1 2147483648 2083 0 0 0 0 0 0 0 2097152 0 0 0 0 0 0 0 0 0 0 0 0 0 0 0 0 0 0 0 0 0 2147483648 0 0 0 1073741824 0 512 1 0 1073741824 0 0 0 0 0 0 0 0 0 0 0 0 0 0 0 0 0 0 0 0 0 0 0 160 0 0 0 0 0 0 0 0 0 0 0 0 0 0 0 0 0 0 0 0 0 0 0 0 0 0 0 0 0 0 0 0 0 0 0 0 1073741824 0 33280 0 0 6 0 0 0 0 0 0 0 0 0 0 0 0 0 0 0 0 0 0 0 0 64 0 0 4 0 4096 0 0 0 0 131072 8388608 0 0 0 0 0 0 0 0 0 0 0 0 0 0 0 0 0 0 0 0 0 0 0 0 0 0 0 0 0 0 0 0 0 0 0 512 0 0 1073741824
is_linear=0
shrinkage=0.05


Tree=2
num_leaves=31
num_cat=10
split_feature=196 169 160 190 167 160 223 160 195 31 160 223 160 182 163 161 176 173 160 163 159 173 173 160 163 165 31 173 189 188
split_gain=45131 16476.1 9631.68 6897.85 6691.81 3746.05 3027.48 3196.86 2052.08 2501.71 2018.98 1798.71 3325.79 2003.88 1498.85 1299.08 1088.04 1065.42 1094.5 1039.83 1960.35 1346.85 1561.64 989.294 974.288 2433.32 1344.45 888.843 885.068 859.28
threshold=0 1.0000000180025095e-35 1 1.0000000180025095e-35 1.0000000180025095e-35 2 1.0000000180025095e-35 3 1.0000000180025095e-35 1.0000000180025095e-35 4 1.0000000180025095e-35 5 1.0000000180025095e-35 4.5000000000000009 6 1.0000000180025095e-35 13.500000000000002 7 4.5000000000000009 8 11.500000000000002 12.500000000000002 9 4.5000000000000009 75.000000000000014 1.0000000180025095e-35 9.5000000000000018 1.0000000180025095e-35 1.0000000180025095e-35
decision_type=1 2 9 2 2 9 2 9 2 2 9 2 9 2 2 9 2 2 9 2 1 2 2 9 2 2 2 2 2 2
left_child=1 10 11 6 5 14 7 17 9 19 -1 13 -13 -2 -5 -12 -15 -4 -19 20 -9 -22 -23 -11 -17 26 -26 -27 -25 -21
right_child=2 -3 3 4 -6 -7 -8 8 -10 23 15 12 -14 16 -16 24 -18 18 -20 29 21 22 -24 28 25 27 -28 -29 -30 -31
leaf_value=-0.043027595772402602 -0.0026212542375654256 0.074929764511934782 -0.010121796302442356 0.036582010226389447 -0.068425332475596692 -0.07697960649825876 -0.080554521249202204 0.0040005343594464223 -0.077142494741934339 -0.013278703065650724 -0.01770542200086336 0.032547574859389659 -0.067711104556799295 0.046701688073084481 -0.0029847251839206631 0.019912019143728948 -0.0062848838754375295 -0.00751385023303723 -0.057634671444046021 -0.061832724506074022 -0.048855388249410166 0.030950386068002208 -0.03523656035780847 -0.05691970229676642 0.0049653482848994795 0.0060076251529833117 0.024582774718074737 -0.029852154480822225 -0.026490256965487555 -0.023580344363175239
leaf_weight=1482.7035117744235 32562.713080886286 12591.80464224983 13581.983674406772 7704.8193183848634 2905.8994137392147 984.86193102411926 3868.0959042834584 5651.6199948911089 3787.4115050693508 1717.4197165868245 2865.6913227811456 1231.1835231180303 2488.8726355994586 3474.1528204716742 3471.6303767811041 71482.034102824051 1343.063731665723 1810.1871959181735 2775.5453965225024 3158.9666366348974 5609.3877530270838 1430.1903327351902 2362.8249147750903 18742.734041472373 15836.80697331042 2820.2309158208081 19474.833073645132 4460.0777877765941 2741.042327613337 2745.2985131434398
leaf_count=13423 137612 13578 62336 9628 49323 11328 56508 21856 60106 16164 8096 3249 29799 5171 20647 134000 4440 18656 40390 35520 35207 3971 16116 203773 29198 8464 34130 31269 25476 16479
internal_value=0 0.0205527 -0.0213452 -0.0309493 -0.000264553 0.0160239 -0.03756 -0.0350439 -0.0418118 -0.0387901 0.0147722 -0.00146799 -0.0346229 0.00183148 0.02427 0.0155077 0.0319286 -0.0171492 -0.0379959 -0.0262671 -0.0192907 -0.0332595 -0.0102781 -0.0501014 0.0163436 0.0103584 0.015785 -0.0159607 -0.0530136 -0.0440509
internal_weight=257164 131014 126150 85049.9 15067.2 12161.3 69982.7 66114.6 47946.9 44159.5 118422 41100 3720.06 37379.9 11176.4 116940 4817.22 18167.7 4585.73 20958.3 15054 9402.4 3793.02 23201.2 114074 42591.9 35311.6 7280.31 21483.8 5904.27
internal_count=1155913 272158 883755 703484 90926 41603 612558 556050 434668 374562 258580 180271 33048 147223 30275 245157 9611 121382 59046 129149 77150 55294 20087 245413 237061 103061 63328 39733 229249 51999
cat_boundaries=0 1 40 41 80 91 130 164 203 204 205
cat_threshold=199 0 0 2 0 0 0 0 0 0 0 0 0 0 0 0 0 0 0 0 0 0 0 0 0 0 0 0 0 0 0 0 0 0 1082130432 512 67109376 1 8193 2147483648 524320 0 0 0 0 0 0 0 0 0 0 0 0 0 0 0 0 0 0 0 0 0 0 0 0 0 0 0 0 0 2147483648 0 0 0 0 0 0 1073741824 0 1073775104 0 0 0 0 0 0 0 0 0 0 8388608 0 0 2 0 0 0 0 0 0 0 0 0 0 0 0 0 0 0 0 0 0 0 0 0 0 0 0 0 0 0 0 0 0 0 512 512 0 1 2147483648 0 0 1024 0 0 0 0 0 0 0 262144 0 0 128 0 0 0 0 0 0 0 0 0 0 0 0 0 0 0 0 0 0 0 49152 0 0 0 0 0 0 0 0 0 0 0 0 0 0 0 0 0 0 0 0 0 0 0 0 0 0 0 0 0 2147483648 0 0 0 0 0 0 1073741824 0 1073741824 4352 8192
is_linear=0
shrinkage=0.05


Tree=3
num_leaves=31
num_cat=13
split_feature=196 166 160 170 160 223 31 164 160 164 167 173 160 160 161 223 160 160 31 160 195 31 173 173 173 160 170 173 193 211
split_gain=37308.4 8726.8 6501.16 8065.56 3810.45 4166.63 2984.17 2136.56 1628.22 1493.4 1250.12 1184.42 1662.98 1140.27 1072.95 1044.16 1583.65 836.006 1223.24 827.594 773.898 783.85 887.301 796.056 768.27 750.714 2157.75 971.501 991.148 725.144
threshold=0 125.00000000000001 1 1.0000000180025095e-35 2 1.0000000180025095e-35 1.0000000180025095e-35 3 4 5 1.5000000000000002 9.5000000000000018 6 7 8 1.0000000180025095e-35 9 10 1.0000000180025095e-35 11 1.0000000180025095e-35 1.0000000180025095e-35 11.500000000000002 12.500000000000002 9.5000000000000018 12 1.0000000180025095e-35 10.500000000000002 1.0000000180025095e-35 7.5000000000000009
decision_type=1 2 9 2 9 2 2 9 9 9 2 2 9 9 9 2 9 9 2 9 2 2 2 2 2 9 2 2 2 2
left_child=1 8 13 4 5 11 7 19 -1 17 -3 12 -4 24 -10 16 -11 18 -6 -5 21 22 -18 -24 -2 26 -16 28 -27 -15
right_child=2 10 3 6 9 -7 -8 -9 14 15 -12 -13 -14 29 25 -17 20 -19 -20 -21 -22 -23 23 -25 -26 27 -28 -29 -30 -31
leaf_value=-0.041147268369514531 0.031124253785353967 0.053832546012975872 0.011016264429806355 0.027322816179085163 -0.071271975186199585 -0.077228945879013827 -0.049311782638143148 -0.025079220539850157 -0.028812969495748367 -0.025496331363554437 -0.061628174113955617 -0.022408513837087311 -0.039835643697242212 -0.010301173050441778 -0.0025283594089522085 -0.073721464858312644 -0.044799694148051517 -0.078912294279581713 0.0066785423374305696 -0.030109888369838047 -0.083156199663760269 -0.050956748688167734 0.016325529929228515 -0.0311219619327366 0.001472601055647077 0.01069284403448104 0.038497165889315121 0.022202341370996193 0.080851711280025551 0.015349587529099784
leaf_weight=1323.3926427448168 4083.7816070495173 16861.937497114995 8839.343290586723 10285.855080423877 1221.7748291597236 2561.1193803619826 2162.2084572734311 2796.8197376963217 1404.8746307333931 17722.021879017586 237.30580507498235 9526.1724732697476 1954.1593126726802 17433.237435318995 15203.252227753401 2016.0037891534157 5510.2375965705724 3946.0579906500643 855.25345469964668 661.35808212985285 1278.9851090861484 13286.936388763308 1414.6005889233202 2354.8159119458869 4697.4008375678677 40987.733188857557 4060.6159122539684 44298.003505708883 509.1973629668355 3271.8589469834697
leaf_count=13423 7549 25495 24403 18084 15893 38510 38023 17197 4291 163121 578 83419 10813 88905 63181 30992 39506 82101 6904 4124 17687 142030 4227 18798 19954 72841 5373 86361 615 11515
internal_value=0 0.0190425 -0.0201742 -0.0269561 -0.0340342 -0.0171282 0.00528257 0.0138732 0.0137795 -0.0418198 0.0522281 -0.00955946 0.00178097 0.000158823 0.014465 -0.0385684 -0.0368718 -0.0652381 -0.0389905 0.0238271 -0.0452954 -0.0431677 -0.0320123 -0.0133146 0.0152466 0.0150466 0.00611672 0.0170506 0.0115548 -0.00624426
internal_weight=242766 124886 117880 88393.7 72487.5 22880.8 15906.2 13744 107787 49606.7 17099.2 20319.7 10793.5 29486.3 106464 43583.6 41567.6 6023.09 2077.03 10947.2 23845.6 22566.6 9279.65 3769.42 8781.18 105059 19263.9 85794.9 41496.9 20705.1
internal_count=1155913 272158 883755 755832 678404 157145 77428 39405 246085 521259 26073 118635 35216 127923 232662 416361 385369 104898 22797 22208 222248 204561 62531 23025 27503 228371 68554 159817 73456 100420
cat_boundaries=0 1 40 79 109 120 150 189 227 261 300 301 302 336
cat_threshold=199 0 0 2 0 0 0 0 0 0 0 0 0 0 0 0 0 0 0 0 0 0 0 0 0 0 0 0 0 0 0 0 0 0 1082130432 512 67109376 0 8193 3221225472 0 0 0 0 0 0 0 0 0 0 0 0 0 0 0 0 0 0 0 0 0 0 0 0 0 0 0 0 0 2147483648 0 0 0 0 0 0 1073741825 0 32768 0 0 0 0 0 0 4194304 0 0 0 0 0 0 0 0 0 0 0 0 0 0 0 0 224 0 0 0 0 0 2147483648 0 0 0 0 0 0 0 0 0 0 8388608 0 0 0 0 4096 0 0 0 0 131072 8388608 0 0 0 0 0 0 0 0 0 0 0 0 0 0 0 0 0 0 2147483648 0 0 0 0 0 0 0 0 0 0 0 0 0 0 0 0 0 0 0 0 0 0 0 0 0 0 0 0 0 0 0 0 0 0 0 0 1 0 32768 0 0 2 0 0 0 0 0 0 0 0 0 0 0 0 0 0 0 0 0 0 0 0 0 0 0 0 0 0 0 0 0 0 8388608 0 67108864 0 1 0 0 0 0 0 0 0 0 0 0 0 0 0 128 0 0 0 0 0 0 0 0 0 0 0 0 0 0 0 0 0 0 0 16384 524320 0 0 0 0 0 0 0 0 0 0 0 0 0 0 0 0 0 0 0 0 0 0 0 0 0 0 0 0 0 0 0 0 0 0 0 0 0 512 8192 524320 0 0 0 0 4096 0 0 2097152 0 0 0 0 0 0 0 0 0 0 0 0 0 0 0 128 0 0 0 0 0 0 0 0 0 33554432
is_linear=0
shrinkage=0.05


Tree=4
num_leaves=31
num_cat=14
split_feature=196 169 160 170 160 223 31 164 160 164 170 164 169 160 222 173 161 160 160 31 223 160 173 165 173 173 193 160 31 164
split_gain=30480 13052.3 5462.96 6459.67 2868.07 3353.48 2387.23 1685.25 1365.81 1226.8 2511.06 1208.03 1392.14 1067.02 1033.47 871.162 824.986 742.294 731.318 953.596 694.558 874.008 685.751 622.501 703.525 617.652 695.25 609.469 590.458 575.98
threshold=0 1.0000000180025095e-35 1 1.0000000180025095e-35 2 1.0000000180025095e-35 1.0000000180025095e-35 3 4 5 1.0000000180025095e-35 6 1.0000000180025095e-35 7 1.0000000180025095e-35 12.500000000000002 8 9 10 1.0000000180025095e-35 1.0000000180025095e-35 11 9.5000000000000018 105.00000000000001 16.500000000000004 10.500000000000002 1.0000000180025095e-35 12 1.0000000180025095e-35 13
decision_type=1 2 9 2 9 2 2 9 9 9 2 9 2 9 2 2 9 9 9 2 2 9 2 2 2 2 2 9 2 9
left_child=1 8 13 4 5 15 7 27 -1 10 22 18 20 -2 16 17 -11 -4 19 -6 21 29 -10 25 -25 26 -18 -5 -19 -13
right_child=2 -3 3 6 11 -7 -8 -9 9 14 -12 12 -14 -15 -16 -17 23 28 -20 -21 -22 -23 -24 24 -26 -27 -28 -29 -30 -31
leaf_value=-0.039688278141512989 0.012661820512681866 0.070073368643955469 0.0019851321663381166 0.022579463786506982 -0.067636478217421095 -0.07388127920593146 -0.047300356946815163 -0.024421904694562409 0.001971413268370211 -0.014051179638116612 0.02913706803913196 -0.066175211580533383 -0.014512791585683811 -0.0073871096172221651 -0.054310704367539743 -0.026537075231245568 0.010465944598183714 -0.053869865605457083 -0.07556274264989124 0.002203080987362967 -0.070499780745055224 -0.042955864013017549 -0.025180290401973445 0.053914496280478501 -0.0048040823433542768 0.019420154684271801 0.074876824629091551 -0.029040407299324108 -0.0045958570462073921 -0.018601805241968857
leaf_weight=1242.4006745663937 10573.848181557027 10700.943489069119 11243.256157157011 10384.168709077174 1109.2851744673681 2323.5950389776845 2008.2200181132648 2679.5022809096845 3726.4334147449117 2326.944781502476 4784.2775765284896 698.95483149180654 6270.3117075010668 17781.300720392959 535.43436193047091 5822.9232515361509 43205.145841590827 1181.9693588211667 3429.5145229888731 873.14943393692374 1787.2656041102018 24873.615921595541 6183.3492371358443 2075.4628687798977 675.99551839195192 45451.524012256879 422.59515042230487 597.88125765742734 1252.1330364325549 6656.3530328019988
leaf_count=13857 38087 13578 38356 18006 15893 38510 38023 17288 10726 8096 7016 12928 42548 89836 2274 63028 79270 8737 82101 6904 30992 268807 38541 2594 1459 94132 615 4111 8514 61086
internal_value=0 0.0173436 -0.0188646 -0.0253247 -0.0320395 -0.0171001 0.00359376 0.0110769 0.0122444 0.012837 -0.000607934 -0.0391614 -0.0361552 9.10303e-05 0.0149232 -0.010341 0.0153188 -0.00344471 -0.061425 -0.0366958 -0.0401548 -0.0384708 -0.0149702 0.0160629 0.0394881 0.0153409 0.0110908 0.0197437 -0.0284142 -0.0232111
internal_weight=232878 121331 111547 83192.1 67522.3 21823.9 15669.8 13661.6 110630 109387 14694.1 45698.5 40286.5 28355.1 94693.1 19500.3 94157.7 13677.4 5411.95 1982.43 34016.2 32228.9 9909.78 91830.7 2751.46 89079.3 43627.7 10982 2434.1 7355.31
internal_count=1155913 272158 883755 755832 678404 157145 77428 39405 258580 244723 56283 521259 416361 127923 188440 118635 186166 55607 104898 22797 373813 342821 49267 178070 4053 174017 79885 22117 17251 74014
cat_boundaries=0 1 40 79 103 114 138 168 206 240 279 280 319 320 344
cat_threshold=199 0 0 2 0 0 0 0 0 0 0 0 0 0 0 0 0 0 0 0 0 0 0 0 0 0 0 0 0 0 0 0 0 0 1082130432 512 67109376 0 8193 3221225472 0 0 0 0 0 0 0 0 0 0 0 0 0 0 0 0 0 0 0 0 0 0 0 0 0 0 0 0 0 2147483648 0 0 0 0 0 0 1073741825 0 32768 0 0 0 0 0 0 4194304 0 0 0 0 0 0 0 0 0 0 0 0 0 0 0 0 224 0 0 0 0 0 0 0 2097152 0 0 8388608 0 0 6 0 0 0 0 0 0 0 0 0 0 0 0 0 0 0 0 0 0 0 0 64 0 0 0 0 4096 0 0 0 0 131072 8388608 0 0 0 0 0 0 0 0 0 0 0 0 0 0 0 0 0 0 2147483648 0 0 2 0 0 0 0 0 0 0 0 0 0 0 0 0 0 0 0 0 0 0 0 0 0 0 0 0 0 0 0 0 0 8388608 512 67108864 0 1 0 0 1024 0 0 0 0 0 0 0 262144 0 0 128 0 0 0 0 0 0 0 0 0 0 0 0 0 0 0 0 0 0 0 49152 0 0 0 0 0 0 0 0 0 0 0 0 0 0 0 0 0 0 0 0 0 0 0 0 0 0 0 0 0 0 0 0 0 0 0 0 1 0 32768 8192 32 0 0 0 0 0 0 0 0 0 0 0 0 0 0 0 0 0 0 0 0 0 0 0 0 0 0 0 0 0 0 0 0 0 0 0 0 0 512 524320 0 0 2 0 0 0 0 0 0 0 0 0 0 0 0 0 0 0 0 0 0 0 0 32
is_linear=0
shrinkage=0.05


Tree=5
num_leaves=31
num_cat=13
split_feature=196 169 160 170 223 160 31 190 173 160 164 169 160 164 170 173 160 176 160 160 31 160 161 40 173 173 40 160 173 211
split_gain=24991.1 11818.4 4942.22 5643.72 2482.19 3610.57 1981.17 1697.3 1429.16 1122.58 1015.11 1185.88 975.134 842.284 1905.47 680.824 795.283 886.426 620.117 588.078 806.463 587.31 583.185 559.849 602.214 534.764 588.384 530.744 489.877 473.143
threshold=0 1.0000000180025095e-35 1 1.0000000180025095e-35 1.0000000180025095e-35 2 1.0000000180025095e-35 1.0000000180025095e-35 11.500000000000002 3 4 1.0000000180025095e-35 5 6 1.0000000180025095e-35 11.500000000000002 7 1.0000000180025095e-35 8 9 1.0000000180025095e-35 10 11 1.0000000180025095e-35 9.5000000000000018 12.500000000000002 1.0000000180025095e-35 12 5.5000000000000009 8.5000000000000018
decision_type=1 2 9 2 2 9 2 2 2 9 9 2 9 9 2 2 9 2 9 9 2 9 9 2 2 2 2 9 2 2
left_child=1 9 12 4 5 8 7 -5 27 -1 19 15 -2 14 23 -12 -17 25 -9 20 -7 -10 -15 24 -11 26 -18 28 -4 -14
right_child=2 -3 3 6 -6 10 -8 18 21 13 11 -13 29 22 -16 16 17 -19 -20 -21 -22 -23 -24 -25 -26 -27 -28 -29 -30 -31
leaf_value=-0.038019958126091304 0.015421931767246015 0.067780599831681762 0.014151440329573965 -0.010017682031856302 -0.069843566002121216 -0.066397310391042741 -0.044786042721956333 0.028627507532184078 -0.018967531905671447 -0.0024308197463339745 -0.046353343916067213 -0.014782203890350282 -0.0082987566146928461 -0.012452771928838603 0.026136687615862166 -0.049886358553936902 0.036928326138995771 -0.037341598983117771 -0.053049892437509898 -0.072501541789067384 -0.001453765201958102 -0.04688020626984251 0.013828793595910886 0.00063244604352497859 -0.037567625591798146 -0.018201157022938057 -0.045166852787212754 -0.027713984204175531 -0.0065767002814391962 0.015598201724798262
leaf_weight=1146.8028792638797 8006.8886630402412 10002.341958610341 4064.2886913293041 5787.6368348924443 3763.6292933318764 1046.3991451156326 1860.5798894035397 7235.4918502727523 4878.8393950099708 1983.8385225441307 14510.941152277024 6141.5942184223095 16782.667685910128 2155.4587481918279 4664.052681222558 3377.0378215156379 1141.3521245256998 3818.2563453876937 231.76550888456404 3094.2740132425679 880.05401840503328 3119.7783989494201 91321.165177754359 4155.9347933102399 3166.0292697448749 2197.2970664947061 269.33459405787289 2033.0059630027972 9540.297408195911 2362.3550816187635
leaf_count=13423 27363 13578 9746 27191 69502 15893 38023 9628 45930 5835 150209 42548 92416 8096 7044 62215 3643 59285 2586 82101 6904 50148 180344 20322 23516 22695 2673 15109 39803 8144
internal_value=0 0.0157731 -0.0176233 -0.0239488 -0.0304532 -0.0279863 0.00352167 0.0103044 -0.012744 0.0109839 -0.0378487 -0.0344839 0.000781245 0.0115096 5.41561e-05 -0.0392769 -0.0297696 -0.0205233 0.0260557 -0.0588131 -0.0365504 -0.0299398 0.0132214 -0.0130185 -0.0240347 -0.00277772 0.0212404 -0.0039556 -0.000383351 -0.00534666
internal_weight=224739 118596 106144 78991.9 63876.4 60112.8 15115.5 13254.9 23636.2 108593 36476.5 31455.8 27151.9 107446 13969.9 25314.2 10803.3 7426.24 7467.26 5020.73 1926.45 7998.62 93476.6 9305.8 5149.87 3607.98 1410.69 15637.6 13604.6 19145
internal_count=1155913 272158 883755 755832 678404 608902 77428 39405 160736 258580 448166 343268 127923 245157 56717 300720 150511 88296 12214 104898 22797 96078 188440 49673 29351 29011 6316 64658 49549 100560
cat_boundaries=0 1 40 79 90 120 158 182 222 223 224 261 295 334
cat_threshold=199 0 0 2 0 0 0 0 0 0 0 0 0 0 0 0 0 0 0 0 0 0 0 0 0 0 0 0 0 0 0 0 0 0 1082130432 512 67109376 0 8193 3221225472 0 0 0 0 0 0 0 0 0 0 0 0 0 0 0 0 0 0 0 0 0 0 0 0 0 0 0 0 0 2147483648 0 0 0 0 0 0 1073741825 0 33280 0 0 0 0 0 0 0 0 0 0 8388608 0 0 0 0 4096 0 0 0 0 131072 8388608 0 0 0 0 0 0 0 0 0 0 0 0 0 0 0 0 0 0 2147483648 0 0 2 0 0 0 0 0 0 0 0 0 0 0 0 0 0 0 0 0 0 0 0 0 0 0 0 0 0 0 0 0 0 8388608 0 0 0 1 0 0 6 0 0 0 0 0 0 0 0 0 0 0 0 0 0 0 0 0 0 0 0 64 532480 0 0 0 0 0 0 0 0 0 0 0 0 0 0 0 0 0 0 0 0 0 0 0 0 0 0 0 0 0 0 0 0 0 0 0 0 0 0 262144 524320 8192 0 0 0 0 0 0 0 0 0 0 0 0 0 0 0 0 0 0 0 0 0 0 0 0 0 0 0 0 0 2147483648 0 0 0 0 0 0 1073741825 0 0 1024 0 0 0 0 0 0 0 262144 0 0 128 0 0 0 0 0 0 0 0 0 0 0 0 0 0 0 0 0 0 0 49152 0 0 0 0 0 0 0 0 0 0 0 0 0 0 0 0 0 0 0 0 0 0 0 0 0 0 0 0 0 0 0 0 0 0 0 0 1 0 33280
is_linear=0
shrinkage=0.05


Tree=6
num_leaves=31
num_cat=12
split_feature=160 169 180 223 163 160 164 31 196 169 164 160 31 161 173 164 173 160 160 164 171 31 173 222 31 224 165 173 160 31
split_gain=21361.4 10059.5 5925.38 3353.66 3271.36 3591.84 1332.13 2364.54 1258.9 1149.71 1057.8 971.735 963.467 914.566 809.34 799.229 763.95 1270.56 1040.42 719.18 1477.57 648.714 628.453 603.545 588.777 520.583 461.089 562.222 433.28 608.36
threshold=0 1.0000000180025095e-35 1.0000000180025095e-35 1.0000000180025095e-35 4.5000000000000009 1 2 1.0000000180025095e-35 3 1.0000000180025095e-35 4 5 1.0000000180025095e-35 6 14.500000000000002 7 8.5000000000000018 8 9 10 1.0000000180025095e-35 1.0000000180025095e-35 11.500000000000002 1.0000000180025095e-35 1.0000000180025095e-35 1.0000000180025095e-35 145.00000000000003 17.500000000000004 11 1.0000000180025095e-35
decision_type=9 2 2 2 2 9 9 2 1 2 9 9 2 9 2 9 2 9 9 9 2 2 2 2 2 2 2 2 9 2
left_child=1 19 3 4 5 6 7 -2 12 24 -11 -5 22 -10 -4 -8 17 -15 -18 20 -1 -20 -7 26 -6 -14 28 -28 -21 -30
right_child=2 -3 14 11 9 8 15 -9 13 10 -12 -13 25 16 -16 -17 18 -19 21 23 -22 -23 -24 -25 -26 -27 27 -29 29 -31
leaf_value=0.023633053845414628 0.025731342678536325 0.065733874153559899 0.0032085558901574088 0.044133833411325825 -0.062410491139363623 -0.033354923137081036 -0.045286828915443916 -0.049086977882354645 0.063562608066898826 -0.055543907912236429 -0.010830047428127855 -0.067453497938500986 -0.036903725803820675 0.0065797885772457031 0.026021685372891547 -0.005094104590244797 -0.044289084737874684 -0.025981421453779602 -0.042460914762784005 0.015598505839811158 -0.011146341128541919 -0.0078326265754737924 -0.0018986539145363622 -0.052918802792130841 -0.037858801694680186 -0.062847930369411803 0.045308006587098743 -0.012078056681464973 -0.00056180085309664649 0.014676625558507248
leaf_weight=4664.1050019739196 7597.7114792047068 9422.2335057724267 8393.6222584825009 201.19694406399503 4134.4759963140823 3604.3528559426486 1287.6261323690414 1225.9681076430716 344.2313178461045 1742.9995960326632 5456.197466090438 4136.819628047233 6430.9347648003022 6549.8121215153369 7242.9480704786256 26490.403309168294 4791.2727148843696 5507.8380928991246 1703.4376924337121 51153.318516093306 8842.8902153815143 6561.7335618109792 2838.4693359085359 341.74665478651877 5979.444803988561 2768.5833230361459 2158.9567066719756 531.55982334166765 12077.660457492922 14307.762508904096
leaf_count=7016 10958 13578 16878 657 88792 31579 10117 28656 435 29047 34345 80694 71456 22969 15322 128829 68649 27215 20903 91361 49267 50685 19095 1984 110979 45197 2772 1191 33107 42180
internal_value=0 0.016478 -0.0148317 -0.0193357 -0.0173726 -0.012993 -0.00159736 0.0153159 -0.023135 -0.0370272 -0.0217517 -0.0623262 -0.0343081 -0.0162584 0.0137765 -0.00697379 -0.0173788 -0.00831005 -0.0257661 0.0115463 0.000862765 -0.0149541 -0.0194985 0.0133354 -0.0478984 -0.0447151 0.0136197 0.0339684 0.0129133 0.0076984
internal_weight=218490 103500 114990 99353.5 95015.5 77702.4 36601.7 8823.68 41100.7 17313.1 7199.2 4338.02 15642.3 25458.3 15636.6 27778 25114.1 12057.7 13056.4 94078 13507 8265.17 6442.82 80571 10113.9 9199.52 80229.3 2690.52 77538.7 26385.4
internal_count=1155913 242456 913457 881257 799906 536743 178560 39614 358183 263163 63392 81351 167327 190856 32200 138946 190421 50184 140237 228878 56283 71588 50674 172595 199771 116653 170611 3963 166648 75287
cat_boundaries=0 39 78 102 103 114 153 163 174 213 253 277 311
cat_threshold=0 0 6 0 4096 0 0 0 0 131072 0 0 0 0 0 0 0 0 0 0 0 0 0 224 0 0 0 0 0 0 0 0 0 41943040 512 67108864 0 1 2147483648 524320 0 0 0 0 0 0 0 0 0 0 0 0 0 0 0 0 0 0 0 0 0 0 0 0 0 0 0 0 2147483648 0 0 0 1073741824 0 512 1 8192 1073741824 0 0 0 0 4096 0 4194304 0 0 0 0 0 0 0 0 0 0 0 0 0 0 0 0 128 532 0 0 4 0 4096 0 0 0 0 131072 8388608 0 0 0 0 0 0 0 0 0 0 0 0 0 0 0 0 0 0 0 0 0 0 0 0 0 0 0 0 0 0 0 0 0 0 0 512 0 0 1073741824 0 0 4096 0 0 8388608 0 0 0 1 0 0 6 0 0 0 0 0 0 131072 8388608 8192 0 0 0 0 0 0 0 0 0 0 0 0 0 0 0 0 0 0 0 0 0 0 0 0 0 0 0 0 0 0 0 0 0 0 0 0 0 33280 8192 0 0 0 0 0 0 0 0 0 0 0 0 0 0 0 0 0 0 0 0 0 0 0 0 0 0 0 0 0 0 0 0 0 0 0 0 0 512 327680 0 0 6 0 0 0 0 0 0 0 0 0 0 0 0 0 0 0 0 0 0 0 0 64 0 0 6 0 0 0 0 0 0 131072 0 0 0 0 0 0 0 0 0 0 0 0 0 32 0 0 0 0 0 0 0 0 0 8388608
is_linear=0
shrinkage=0.05


Tree=7
num_leaves=31
num_cat=11
split_feature=160 169 161 170 160 223 31 217 164 160 223 160 176 166 174 164 170 211 31 160 31 165 222 160 174 40 196 31 160 223
split_gain=18672.7 9050.07 4319.49 3265.62 3058.23 2392.63 1534.09 1208.02 1042.22 1173.76 952.133 881.015 721.374 726.173 649.245 521.252 1346.07 507.669 993.738 495.542 645.831 444.525 824.469 444.21 441.184 493.262 395.862 641.031 384.724 448.256
threshold=0 1.0000000180025095e-35 1 1.0000000180025095e-35 2 1.0000000180025095e-35 1.0000000180025095e-35 1.0000000180025095e-35 3 4 1.0000000180025095e-35 5 1.0000000180025095e-35 55.000000000000007 250.00000000000003 6 1.0000000180025095e-35 7.5000000000000009 1.0000000180025095e-35 7 1.0000000180025095e-35 145.00000000000003 1.0000000180025095e-35 8 170.00000000000003 1.0000000180025095e-35 9 1.0000000180025095e-35 10 1.0000000180025095e-35
decision_type=9 2 9 2 9 2 2 2 9 9 2 9 2 2 2 9 2 2 2 9 2 2 2 9 2 2 1 2 9 2
left_child=1 15 14 4 5 17 7 -5 19 -10 12 -7 26 -14 -2 16 24 -4 -19 20 -6 28 -23 -9 -1 -26 -11 -28 29 -17
right_child=2 -3 3 6 8 11 -8 23 9 10 -12 -13 13 -15 -16 21 -18 18 -20 -21 -22 22 -24 -25 25 -27 27 -29 -30 -31
leaf_value=0.0059675173896650896 -0.0024855067461839169 0.063701566241676097 -0.0098365496496755495 -0.0084596696134525539 -0.06232131896107377 0.041948229980933623 -0.041434229333414702 0.024790176411949992 -0.051147921734536909 -0.00707895410747705 -0.068170674689426711 -0.065797999869284446 -0.043857003823138729 -0.015802021525926066 0.015742947028788361 0.013773662812834379 0.023823210485919805 -0.023170055810493612 0.035566468437289563 -0.06814853607926602 -0.00087171921277332236 0.042706538825593617 -0.047207286063500692 -0.048158573983393259 -0.031402727508222615 -0.0017896441565032649 -0.013835907140323192 -0.033442350280874132 0.0035654446923421819 -0.021271292335514502
leaf_weight=2877.6280202711932 9067.9426172669046 8899.2481802245602 29885.744096159877 5436.1507143198978 899.91077944613062 202.12334629555698 1681.4770073223626 7078.0784772983752 5085.8116707287845 5571.6155245765258 1250.8232265302213 2413.571536789008 6988.3140120909666 3444.9275543093681 10587.23829007009 64232.730222971877 4489.1483673602343 1209.7112231538631 1777.5529692131095 2667.5548522613826 814.59638580703177 2309.7775389417075 286.11228613019921 206.56998829403892 3120.8239325881004 2559.9508285666816 9432.4326038944855 7474.0024720137881 12132.646465902799 925.0742654891219
leaf_count=8631 21439 13578 183820 27210 15893 595 38032 9628 68708 30232 27287 49764 118728 48700 21659 116247 7016 5642 5873 82101 6904 3963 1871 2586 24528 16108 75444 73212 44392 6122
internal_value=0 0.015533 -0.0139763 -0.0184545 -0.0224428 -0.0115315 0.00344202 0.0093757 -0.0313079 -0.0287058 -0.02535 -0.0575549 -0.0237291 -0.0345953 0.00732939 0.0109217 0.00164862 -0.00787197 0.0117792 -0.0544878 -0.032945 0.0124344 0.0327874 0.0226857 -0.00998085 -0.0180603 -0.0186846 -0.0224913 0.0117521 0.0132738
internal_weight=215009 101833 113176 93521 79118.7 35488.7 14402.3 12720.8 43630 39247.9 34162.1 2615.69 32911.3 10433.2 19655.2 92933.9 13047.6 32873 2987.26 4382.06 1714.51 79886.3 2595.89 7284.65 8558.4 5680.77 22478.1 16906.4 77290.5 65157.8
internal_count=1155913 242456 913457 870359 792903 245694 77456 39424 547209 442311 373603 50359 346316 167428 43098 228878 56283 195335 11515 104898 22797 172595 5834 12214 49267 40636 178888 148656 166761 122369
cat_boundaries=0 39 73 112 142 182 218 242 243 244 245 279
cat_threshold=0 0 6 0 4096 0 0 0 0 131072 0 0 0 0 0 0 0 0 0 0 0 0 0 224 0 0 0 0 0 0 0 0 0 41943040 512 67108864 0 1 2147483648 0 0 4096 0 0 8388608 0 0 0 1 524288 0 0 0 0 0 0 0 0 0 0 0 0 0 0 0 0 0 0 0 0 0 0 65536 0 0 0 0 0 0 0 0 0 0 0 0 0 0 0 0 0 0 0 0 0 0 0 0 0 0 0 0 0 2147483648 0 0 0 1073741824 0 512 1073741825 8192 1073774592 0 0 0 0 4096 0 0 0 0 131072 8388608 0 0 0 0 0 0 0 0 0 0 0 0 0 0 0 0 0 0 2147483648 8192 0 0 0 0 0 0 0 0 0 0 0 0 0 0 0 0 0 0 0 0 0 0 0 0 0 0 0 0 0 0 0 0 0 0 0 0 0 0 262144 0 0 0 0 0 0 0 0 0 0 0 0 0 0 0 0 0 0 0 0 0 0 0 0 0 0 0 0 0 0 0 0 0 0 0 512 0 0 6 0 0 0 0 0 0 0 0 0 0 0 0 0 0 0 0 0 0 0 0 64 8192 524320 1027 0 0 6 0 0 0 0 0 0 131072 0 0 0 0 0 0 0 0 0 0 0 0 0 96 0 0 0 0 0 0 0 0 0 8388608
is_linear=0
shrinkage=0.05


Tree=8
num_leaves=31
num_cat=11
split_feature=160 169 196 170 160 223 31 31 164 160 164 160 223 31 224 160 223 31 176 176 211 161 173 160 160 170 166 165 31 173
split_gain=17170.1 8059.17 3458.72 3212.9 2623.89 1960.79 1503.97 1346.52 1194.64 781.016 769.129 852.734 771.557 800.552 838.919 701.67 1248.13 740.15 808.238 648.255 708.449 641.82 585.536 737.315 568.826 495.87 1211.14 1141.99 565.13 481.704
threshold=0 1.0000000180025095e-35 1 1.0000000180025095e-35 2 1.0000000180025095e-35 1.0000000180025095e-35 1.0000000180025095e-35 3 4 5 6 1.0000000180025095e-35 1.0000000180025095e-35 1.0000000180025095e-35 7 1.0000000180025095e-35 1.0000000180025095e-35 1.0000000180025095e-35 1.0000000180025095e-35 7.5000000000000009 8 9.5000000000000018 9 10 1.0000000180025095e-35 65.000000000000014 75.000000000000014 1.0000000180025095e-35 9.5000000000000018
decision_type=9 2 1 2 9 2 2 2 9 9 9 9 2 2 2 9 2 2 2 2 2 9 2 9 9 2 2 2 2 2
left_child=1 15 6 4 5 22 -2 8 -5 -7 -6 -12 13 24 -15 16 17 18 -1 21 -21 -8 23 -4 -13 27 -27 28 -17 -29
right_child=2 -3 3 7 10 9 19 -9 -10 -11 11 12 -14 14 -16 25 -18 -19 -20 20 -22 -23 -24 -25 -26 26 -28 29 -30 -31
leaf_value=0.03363347211095552 -0.034424370904692428 0.061849540499840462 0.0037789852854559314 0.015796125931322697 -0.052254319716028765 0.028700985463097073 0.059896669633049009 -0.040097313373404005 -0.023673745571963618 -0.063651614730333733 -0.049214331271130035 -0.037274867908144951 -0.066067586537990233 -0.027226488939324462 -0.059323668252584595 0.0019399682393736982 -0.055638435975527083 0.011669377546020529 0.00093297726933685293 0.0073950962190012792 0.045597587526872985 -0.011401901995373128 -0.016066793552959233 -0.026621450890788285 -0.010087757053947696 -0.01716020636025983 0.027671074454143296 0.0024402827721658367 0.013511654227174805 -0.023532715610372248
leaf_weight=10246.829962666612 2632.6010747082764 8440.6760835149325 12237.624629318714 10240.716822268558 4102.8570788307698 253.19541091937572 321.51751183718443 1612.4607802233659 2348.9261381269898 2228.5460121198557 4667.320442698081 2361.8508096801233 1165.9929152986442 13995.780162657902 2382.8583362888021 17874.676559873391 580.41272195708007 17363.414800393046 2317.2468654990662 17502.660394616658 1303.6010627802461 6488.0107816142263 12035.627090012451 2371.9854355187854 10355.452365433768 1901.4844231475145 7244.6642120899633 3087.8028057254851 25755.743506880593 4229.7247512347531
leaf_count=18411 14332 13578 34903 22227 104898 782 342 38032 17197 49702 68708 26733 27287 175479 45197 43128 5525 36084 6716 40375 3830 26867 115626 15441 86786 5157 10243 9647 57526 35154
internal_value=0 0.0151206 -0.0135395 -0.0187175 -0.0232277 -0.0118566 0.0015588 0.00291409 0.00842469 -0.0543644 -0.0317015 -0.0292723 -0.0261804 -0.0245897 -0.0318981 0.0107685 0.0169447 0.0183591 0.0276031 0.00525829 0.0100446 -0.00795939 -0.00790076 -0.0011728 -0.0151758 0.00762874 0.0183497 0.00570536 0.00877111 -0.0125727
internal_weight=209652 99042.7 110610 82361.2 68159.1 29127 28248.4 14202.1 12589.6 2481.74 39032.1 34929.3 30261.9 29095.9 16378.6 90602 30507.9 29927.5 12564.1 25615.8 18806.3 6809.53 26645.2 14609.6 12717.3 60094.1 9146.15 50947.9 43630.4 7317.53
internal_count=1155913 241169 914744 828998 751542 216454 85746 77456 39424 50484 535088 430190 361482 334195 220676 227591 66736 61211 25127 71414 44205 27209 165970 50344 113519 160855 15400 145455 100654 44801
cat_boundaries=0 38 39 78 108 147 177 217 251 257 296 336
cat_threshold=0 0 6 0 4096 0 0 0 0 131072 0 0 0 0 0 0 0 0 0 0 0 0 0 224 0 0 0 0 0 0 0 0 0 41943040 512 67108864 0 1 2051 0 0 0 0 0 0 0 0 0 0 0 0 0 0 0 0 0 0 0 0 0 0 0 0 0 0 0 0 0 2147483648 0 0 0 1073741824 0 512 1073741825 0 3221258240 0 0 0 0 0 0 4194304 0 0 0 0 0 0 0 0 0 0 0 0 0 0 0 0 224 0 0 0 0 0 2147483648 0 0 0 0 0 0 0 0 0 0 0 0 0 0 0 0 0 0 0 0 0 0 0 0 0 0 0 0 0 0 0 0 0 0 0 512 0 0 3221225472 0 0 0 0 4096 0 0 0 0 131072 8388608 0 0 0 0 0 0 0 0 0 0 0 0 0 0 0 0 0 0 2147483648 8192 0 0 0 0 0 0 0 0 0 0 0 0 0 0 0 0 0 0 0 0 0 0 0 0 0 0 0 0 0 0 0 0 0 0 0 0 0 0 262144 0 0 0 0 4096 0 0 0 0 131072 0 0 0 0 0 0 0 0 0 0 0 0 0 32 0 0 0 0 0 0 0 0 0 8388608 0 0 4096 0 0 8388608 0 0 0 0 0 0 0 0 0 0 0 0 0 0 0 0 0 0 0 0 0 0 0 0 0 0 0 0 0 0 0 0 0 1073741824 0 0 1 0 32768 32 0 0 0 0 0 0 0 0 0 8388608 0 0 0 0 0 0 0 0 0 0 0 0 0 0 0 0 0 0 0 0 0 0 0 0 0 0 0 0 65536
is_linear=0
shrinkage=0.05


Tree=9
num_leaves=31
num_cat=14
split_feature=196 169 160 170 223 160 31 164 173 160 164 169 160 173 31 170 164 166 173 173 160 173 40 160 160 31 160 164 173 164
split_gain=15092.1 7807.72 3142.26 3397.21 1583.45 2128.6 1195.83 1223.04 886.866 818.033 644.75 800.983 499.691 562.263 469.112 463.438 1181.23 622.98 468.829 461.185 460.944 448.839 446.519 438.174 420.742 566.744 385.536 374.311 359.819 332.089
threshold=0 1.0000000180025095e-35 1 1.0000000180025095e-35 1.0000000180025095e-35 2 1.0000000180025095e-35 3 12.500000000000002 4 5 1.0000000180025095e-35 6 11.500000000000002 1.0000000180025095e-35 1.0000000180025095e-35 7 65.000000000000014 9.5000000000000018 12.500000000000002 8 10.500000000000002 1.0000000180025095e-35 9 10 1.0000000180025095e-35 11 12 5.5000000000000009 13
decision_type=1 2 9 2 2 9 2 9 2 9 9 2 9 2 2 2 9 2 2 2 9 2 2 9 9 2 9 9 2 9
left_child=1 9 20 4 5 8 7 23 28 -1 24 12 -12 -14 19 16 18 -17 -11 -15 21 -2 -20 -5 25 -7 -10 -13 -4 -9
right_child=2 -3 3 6 -6 10 -8 29 26 15 11 27 13 14 -16 17 -18 -19 22 -21 -22 -23 -24 -25 -26 -27 -28 -29 -30 -31
leaf_value=-0.034983534589222751 0.026630363092952993 0.060146351266381272 0.0065379971032758465 0.022719047409179346 -0.061475172711161735 -0.059337348518110872 -0.039238512229822553 -0.0012516094667511396 -0.01827983991175396 0.003927618472851435 -0.045487554325633089 -0.00045284288603423791 -0.036543894404528293 0.023595253264446284 -0.028829756164148009 -0.0078676997744760498 0.010007702324924664 0.026852928896371028 -0.035853608670996094 -0.018691666462540779 -0.0029264207080363226 -0.0022310690474138784 -0.0036439775825999124 -0.050099762012411411 -0.064578706158235327 0.00068720816380096164 -0.045009784751169575 -0.026797781703192275 -0.01018209750804777 -0.026762081541718982
leaf_weight=1041.5718319195439 2973.6577330885921 8017.906677626539 4468.157642060658 6944.7820035086479 2910.3892319361039 821.94873607088812 1572.7060238502454 3384.1681739732157 3716.6314403167344 3175.1769211532082 6291.3380727115436 3054.414372874191 9146.5827791192569 1101.7879452102352 3608.8203958855593 1583.2333292653784 84299.888750826707 7011.4294217142742 2388.3785870929714 1552.8815676723607 19407.506391840347 2461.6823845236795 1958.7389120826265 204.10553172579966 2353.7684850932565 753.2299023612868 2161.1519010785269 2411.114966670284 11492.067427949107 2043.3190312151564
leaf_count=13423 5564 13578 12812 9628 69468 15893 38023 11327 41466 9977 111562 18050 100862 4193 66761 5157 183005 10494 22381 17342 109930 11964 14143 2586 82101 6904 45359 24498 61598 15864
internal_value=0 0.0126475 -0.0145997 -0.020022 -0.0255695 -0.0235947 0.00185887 0.00699994 -0.0116111 0.00889475 -0.031996 -0.0292268 -0.0335462 -0.0286213 -0.0170949 0.00935265 0.0083142 0.0204563 -0.0106622 -0.00113798 0.000678957 0.0135341 -0.0213437 0.0205689 -0.0510136 -0.0304469 -0.0282195 -0.0121271 -0.00550084 -0.0108897
internal_weight=204313 109476 94836.2 69993.4 55844.3 52933.9 14149.1 12576.4 21838 101458 31095.9 27166.9 21701.4 15410.1 6263.49 100417 91822.2 8594.66 7522.29 2654.67 24842.8 5435.34 4347.12 7148.89 3928.95 1575.18 5877.78 5465.53 15960.2 5427.49
internal_count=1155913 272158 883755 756297 678869 609401 77428 39405 161235 258580 448166 343268 300720 189158 88296 245157 229506 15651 46501 21535 127458 17528 36524 12214 104898 22797 86825 42548 74410 27191
cat_boundaries=0 1 40 79 103 114 144 184 208 242 243 244 283 307 337
cat_threshold=199 0 0 2 0 0 0 0 0 0 0 0 0 0 0 0 0 0 0 0 0 0 0 0 0 0 0 0 0 0 2147483648 0 0 0 1082130432 512 67109376 0 8193 2147483648 0 0 0 0 0 0 0 0 0 0 0 0 0 0 0 0 0 0 0 0 0 0 0 0 0 0 0 0 0 0 0 0 0 0 0 0 1073741825 0 1073775104 0 0 0 0 0 0 0 0 0 0 0 0 0 0 0 0 0 0 0 0 0 0 0 128 0 0 0 0 0 0 0 0 0 0 8388608 0 0 0 0 4096 0 0 0 0 131072 8388608 0 0 0 0 0 0 0 0 0 0 0 0 0 0 0 0 0 0 2147483648 532480 0 0 0 0 0 0 0 0 0 0 0 0 0 0 0 0 0 0 0 0 0 0 0 0 0 0 0 0 0 0 0 0 0 0 0 0 0 0 262144 0 0 4 0 0 0 0 0 0 0 0 0 0 0 0 0 0 0 0 0 0 0 0 64 0 0 2 0 0 0 0 0 0 0 0 0 0 0 0 0 0 0 0 0 0 0 0 0 0 0 0 0 0 0 0 0 0 8388608 524320 8192 0 0 0 0 0 0 0 0 0 0 0 0 0 0 0 0 0 0 0 0 0 0 0 0 0 0 0 0 0 0 0 0 0 0 0 0 1073741825 0 1073741824 0 0 0 0 0 0 4194304 2097152 0 0 0 0 0 0 0 0 0 0 0 0 0 0 0 160 0 0 0 0 0 0 4194304 0 0 0 8388608 0 0 0 0 0 0 0 0 0 0 0 0 96 0 0 0 0 0 2147483648
is_linear=0
shrinkage=0.05


Tree=10
num_leaves=31
num_cat=1
split_feature=162 200 163 169 223 199 198 182 207 173 176 173 169 167 164 31 173 176 176 163 165 211 31 40 166 173 40 173 206 31
split_gain=8269.42 3148.13 4291.36 2943.02 2933.68 2194.32 1910.6 1006.26 1376.14 1465.46 934.037 877.141 842.757 731.638 680.47 655.423 704.615 543.3 481.962 471.143 869.927 433.042 426.234 420.832 385.806 383.199 382.891 362.395 699.41 357.383
threshold=3.0000000000000004 1.0000000180025095e-35 4.5000000000000009 1.0000000180025095e-35 1.0000000180025095e-35 1.0000000180025095e-35 1.0000000180025095e-35 1.0000000180025095e-35 1.0000000180025095e-35 11.500000000000002 1.0000000180025095e-35 7.5000000000000009 1.0000000180025095e-35 1.0000000180025095e-35 0 1.0000000180025095e-35 2.5000000000000004 1.0000000180025095e-35 1.0000000180025095e-35 4.5000000000000009 75.000000000000014 1.0000000180025095e-35 1.0000000180025095e-35 1.0000000180025095e-35 65.000000000000014 9.5000000000000018 1.0000000180025095e-35 12.500000000000002 1.0000000180025095e-35 1.0000000180025095e-35
decision_type=2 2 2 2 2 2 2 2 2 2 2 2 2 2 9 2 2 2 2 2 2 2 2 2 2 2 2 2 2 2
left_child=1 2 4 17 5 6 7 8 9 10 21 -10 22 23 -14 -7 -17 -2 -9 24 -21 -1 -4 27 -3 -22 -27 28 -11 -6
right_child=3 19 12 -5 29 15 -8 18 11 13 -12 -13 14 -15 -16 16 -18 -19 -20 20 25 -23 -24 -25 -26 26 -28 -29 -30 -31
leaf_value=-0.0076948066590978737 0.022779407979740304 -0.0037922613662000333 -0.055684936332918149 0.058617541503211301 -0.05394305001100317 -0.014355900611822967 -0.034158581938016679 0.02659797721286522 0.0013562787967804301 0.0062838538736980287 0.006945256889214102 -0.015400028816781789 -0.04830489030092143 -0.037359579494431493 -0.0091351658016157432 0.043371945707995456 -0.047456619776955082 -0.010379700232664889 0.0029753192722340033 0.0094593391037700644 0.0034272428058458289 -0.031550807052484441 -0.032860758592728759 0.0071979334643004758 0.024656156200863599 -0.037602650076831563 -0.0031802967664112253 0.014632831111118112 0.054230140666895466 -0.026419136159944286
leaf_weight=18182.635333548184 3152.2300163035979 1450.7633187295869 3438.5965450389194 7627.6664084563963 2669.6882926952676 5251.5191386386578 3941.7879477920942 5459.2734630699269 13107.72336138878 1326.2174992758082 13067.866283567389 19321.201043239795 1426.650841566443 753.47536467271857 4928.5871314684628 227.12063032365404 3461.8772921270865 2030.5289677735418 3572.8353800668847 32637.039163345238 2417.4882117018569 2124.3851661303779 5062.6235979485791 17559.752114514529 6664.5471575111151 1875.9259307029424 1419.3744805428432 11961.999948342273 1784.2205882435665 2117.3559611604142
leaf_count=71994 8322 5157 88697 13578 44744 43679 53829 10684 41913 5739 39191 180439 29047 23145 34345 570 55826 8182 8755 63328 8464 10647 110668 67101 9476 19875 11394 38969 3343 44812
internal_value=0 -0.00265943 -0.00638484 0.0388637 -0.00338553 -0.00186788 3.23112e-05 0.00127785 -0.00017702 0.00392756 -0.00348144 -0.00862708 -0.0317992 0.0113342 -0.0180224 -0.025706 -0.0418581 0.00978744 0.0172548 0.00862505 0.00630861 -0.0101914 -0.0420961 0.0124593 0.0195699 -0.0116898 -0.0227803 0.0185881 0.0337929 -0.041774
internal_weight=200023 187213 140747 12810.4 125891 121104 112163 108222 99189.5 66760.6 33374.9 32428.9 14856.5 33385.7 6355.24 8940.52 3689 5182.76 9032.11 46465.1 38349.8 20307 8501.22 32632.2 8115.31 5712.79 3295.3 15072.4 3110.44 4787.04
internal_count=1155913 1125831 1008137 30082 745380 655824 555749 501920 482481 260129 121832 222352 262757 138297 63392 100075 56396 16504 19439 117694 103061 82641 199365 115152 14633 39733 31269 48051 9082 89556
cat_boundaries=0 11
cat_threshold=0 0 4 0 4096 0 0 0 0 131072 8388608
is_linear=0
shrinkage=0.05


Tree=11
num_leaves=31
num_cat=11
split_feature=160 169 180 223 160 164 195 170 196 160 31 164 169 164 211 31 31 160 160 223 31 176 170 164 177 173 173 173 164 163
split_gain=12686.5 6058.74 3070.39 2008.28 1930.08 1734.13 1349.37 1190.08 913.165 677.96 617.052 675.612 581.91 538.984 493.904 571.428 479.602 431.236 338.71 814.05 814.093 725.193 490.726 680.854 443.7 379.228 351.138 391.93 341.089 333.985
threshold=0 1.0000000180025095e-35 1.0000000180025095e-35 1.0000000180025095e-35 1 2 1.0000000180025095e-35 1.0000000180025095e-35 3 4 1.0000000180025095e-35 5 1.0000000180025095e-35 6 7.5000000000000009 1.0000000180025095e-35 2.5000000000000004 7 8 1.0000000180025095e-35 1.0000000180025095e-35 1.0000000180025095e-35 1.0000000180025095e-35 9 1.0000000180025095e-35 9.5000000000000018 11.500000000000002 12.500000000000002 10 4.5000000000000009
decision_type=9 2 2 2 9 9 2 2 1 9 2 9 2 9 2 2 2 9 9 2 2 2 2 9 2 2 2 2 9 2
left_child=1 18 3 4 5 -2 14 8 16 -5 11 -9 -10 -14 -7 -16 17 -6 19 20 21 26 23 25 -22 -20 -1 -28 -24 -8
right_child=2 -3 -4 9 7 6 29 10 12 -11 -12 -13 13 -15 15 -17 -18 -19 22 -21 24 -23 28 -25 -26 -27 27 -29 -30 -31
leaf_value=0.025622168624337967 -0.043989523334597151 0.057161521590721014 0.0090847728375208457 0.03331063637423709 -0.039807599124704066 -0.0078089218736451362 0.033469359780506865 -0.029651933962475466 -0.040223458812985793 -0.058861900828411175 -0.040130802006876978 0.0080141890291339831 -0.00014233859256963536 -0.036037866054801769 -0.016535354807200496 0.03046941706817248 0.031221141806416254 -0.017167774784177459 0.0047218644136979753 -0.049052081453706424 0.010284608845343709 -0.0016094243292829895 0.024266890708409206 0.008106895363647065 -0.039068172289634197 -0.01856320553980053 0.067019670305476467 0.030456867189450877 -0.0005222137860811586 -0.009947177903442404
leaf_weight=4430.2259120056406 2695.3499499603058 7264.1906432323158 14662.389589127153 209.90693032089621 2337.049517619831 27679.555194701185 2977.9741832783911 1458.8948252939153 10842.47619558814 3197.8768930115621 1041.0447159841424 6262.3916375369299 2081.9293056188617 2101.9276241524494 992.62779635493644 1852.2394618521212 476.84751876979135 21727.489466925952 3080.2958268942311 491.56720050086733 14454.105574281886 1710.7133573060855 6504.6390855526552 46682.307546624157 469.70798224397004 4042.6631148047745 1403.9015432205051 1537.8288544570096 1771.6415069927461 519.90353469864931
leaf_count=8817 43245 13578 32200 657 31171 190954 4154 11927 210375 80694 26276 15826 12776 30793 5642 5873 2212 200937 9869 5525 27470 4911 9448 114436 1008 36226 1586 3407 6175 7745
internal_value=0 0.0133011 -0.012105 -0.0156189 -0.0141105 -0.00546295 -0.00239798 -0.0206746 -0.0243711 -0.0532539 -0.00400513 0.000867253 -0.0340881 -0.0182657 -0.00576975 0.0140668 -0.0183994 -0.0193911 0.00962233 0.014603 0.0159137 0.0277162 0.00765313 0.00591064 0.0087297 -0.00848143 0.0345217 0.0479161 0.0189888 0.0270143
internal_weight=196962 93843.8 103118 88455.5 85047.7 36717.7 34022.3 48330.1 39567.7 3407.78 8762.33 7721.29 15026.3 4183.86 30524.4 2844.87 24541.4 24064.5 86579.6 24498.1 24006.5 9082.67 62081.5 53805.3 14923.8 7122.96 7371.96 2941.73 8276.28 3497.88
internal_count=1155913 242456 913457 881257 799906 257613 214368 542293 488264 81351 54029 27753 253944 43569 202469 11515 234320 232108 228878 52724 47199 18721 176154 160531 28478 46095 13810 4993 15623 11899
cat_boundaries=0 39 78 108 109 148 158 188 228 262 286 310
cat_threshold=0 0 6 0 4096 0 0 0 0 131072 0 0 0 0 0 0 0 0 0 0 0 0 0 224 0 0 0 0 0 0 0 0 0 41943040 512 67108864 0 1 2147483648 32 0 0 0 0 0 0 0 0 0 0 0 0 0 0 0 0 0 0 0 0 0 0 0 0 0 0 0 0 2147483648 0 0 0 1073741824 0 512 1 8192 1073774592 0 0 2 0 0 0 0 0 0 131072 8388608 0 0 0 0 0 0 0 0 0 0 0 0 32 0 0 0 0 0 2147483648 1051 0 0 0 0 0 0 0 0 0 0 0 0 0 0 0 0 0 0 0 0 0 0 0 0 0 0 0 0 0 0 0 0 0 0 0 512 0 0 1073741824 0 0 6 0 4096 0 0 0 0 131072 0 0 2 0 0 0 4194304 0 0 0 0 0 0 0 0 0 0 0 0 0 0 0 0 160 0 0 0 0 0 2147483648 0 0 0 0 0 0 0 0 0 0 0 0 0 0 0 0 0 0 0 0 0 0 0 0 0 0 0 0 0 0 0 0 0 0 0 0 0 0 0 327680 0 0 0 0 0 0 0 0 0 131072 0 0 0 0 0 0 0 0 0 0 0 0 0 32 0 0 0 0 0 0 0 0 0 8388608 0 0 4 0 0 0 0 0 0 0 0 0 0 0 0 0 0 0 0 0 0 0 0 64 0 0 0 0 0 0 0 0 0 131072 0 0 0 0 0 0 0 0 0 0 0 0 0 64
is_linear=0
shrinkage=0.05


Tree=12
num_leaves=31
num_cat=2
split_feature=162 200 171 169 223 224 198 182 195 164 206 180 169 164 210 167 31 31 166 222 174 170 165 221 174 40 31 31 174 176
split_gain=6856.08 2754.86 3611.63 2403.54 2334.33 1826.79 1897.31 1106.59 1146.02 1068.42 924.185 1189.27 711.044 561.489 552.448 525.017 433.928 412.667 407.002 663.427 437.922 368.568 760.849 365.075 303.438 282.793 284.242 279.313 265.512 429.726
threshold=3.0000000000000004 1.0000000180025095e-35 1.0000000180025095e-35 1.0000000180025095e-35 1.0000000180025095e-35 1.0000000180025095e-35 1.0000000180025095e-35 1.0000000180025095e-35 1.0000000180025095e-35 0 1.0000000180025095e-35 1.0000000180025095e-35 1.0000000180025095e-35 1 1.5000000000000002 1.0000000180025095e-35 1.0000000180025095e-35 1.0000000180025095e-35 175.00000000000003 1.0000000180025095e-35 350.00000000000006 1.0000000180025095e-35 75.000000000000014 1.0000000180025095e-35 210.00000000000003 1.0000000180025095e-35 1.0000000180025095e-35 1.0000000180025095e-35 210.00000000000003 1.0000000180025095e-35
decision_type=2 2 2 2 2 2 2 2 2 9 2 2 2 9 2 2 2 2 2 2 2 2 2 2 2 2 2 2 2 2
left_child=1 2 4 18 5 6 7 8 10 -10 11 14 17 -14 15 -1 -7 -4 -2 20 -20 22 -3 -9 -24 26 -26 -6 -8 -30
right_child=3 21 12 -5 27 16 28 23 9 -11 -12 -13 13 -15 -16 -17 -18 -19 19 -21 -22 -23 24 -25 25 -27 -28 -29 29 -31
leaf_value=-0.007805250083382548 -0.005096767631787953 0.0091400360231626079 -0.053778853691126574 0.055813856389963105 -0.050428148902075712 -0.0075712100555643596 -0.045547365744035791 0.013533328153181435 -0.054957144764148452 0.024448190234797388 0.007571656368765535 0.0079134977600196343 -0.045823114039583911 -0.0090270913110508579 0.02878009510747034 -0.038373104800883039 -0.054390459157529984 -0.030526743718854166 0.042706008440000151 -0.050338389695220975 -0.0098356976585867138 0.018051991792963341 0.00078215890318298102 0.043957088535795615 -0.05801529689808374 -0.0046388026112143483 -0.015333904933172444 -0.025108548874293059 0.010046386324817596 -0.041893240730808981
leaf_weight=60336.008252052066 2307.1122434486169 32087.317364614224 3183.1052091870806 6920.7980284877121 2407.0797958208132 657.76444383361377 2359.8269050970557 7393.3238763299305 445.77513827499934 6140.7345360858599 18285.156200347526 14626.084707104368 1321.5908286557533 4759.8263261901448 1008.5200176609214 1437.8187084324309 2003.4971019151126 4776.1814315899101 1919.547815294005 272.72658214962576 499.41979120858014 7885.7490701056086 2823.2353925986681 1137.7553002960049 777.46501358854584 1243.8809698979603 784.14599613845348 1994.6182769115258 705.9241334911203 912.28536978935881
leaf_count=392928 10285 63328 88697 13578 44744 5086 24023 17151 5647 12805 48976 32200 29047 34345 2461 37256 45197 110668 2927 1984 1308 14633 11270 2288 8470 10610 9383 44812 7635 22171
internal_value=0 -0.00241251 -0.00598099 0.0367329 -0.00321394 -0.00187408 -0.000924475 0.000293507 -0.00114952 0.0190232 -0.00253813 -0.00492633 -0.0299935 -0.0171176 -0.00791768 -0.00851712 -0.042824 -0.0398292 0.0103115 0.0235186 0.0318564 0.00822134 0.00616558 0.0175937 -0.0107891 -0.0224334 -0.0365983 -0.0389599 -0.0348493 -0.019236
internal_weight=193414 181495 135893 11919.6 121852 117450 114789 110811 102280 6586.51 95693.6 77408.4 14040.7 6081.42 62782.3 61773.8 2661.26 7959.29 4998.81 2691.69 2418.97 45601.8 37716 8531.08 5628.73 2805.49 1561.61 4401.7 3978.04 1618.21
internal_count=1155913 1125831 1008137 30082 745380 655824 605541 551712 532273 18452 513821 464845 262757 63392 432645 430184 50283 199365 16504 6219 4235 117694 103061 19439 39733 28463 17853 89556 53829 29806
cat_boundaries=0 10 21
cat_threshold=0 0 2 0 4096 0 0 0 0 131072 0 0 4 0 4096 0 0 0 0 131072 8388608
is_linear=0
shrinkage=0.05


Tree=13
num_leaves=31
num_cat=8
split_feature=196 169 163 164 31 223 196 182 169 211 173 164 204 173 31 165 222 170 165 31 161 164 173 161 40 224 31 167 31 164
split_gain=9827.57 5475.48 1776.05 1673.29 1624.07 1230.15 1489.04 1027.31 650.726 556.384 539.228 500.444 487.316 425.353 420.824 368.17 588.437 387.331 685.798 367.115 344.114 325.615 314.551 279.116 272.409 253.078 246.456 242.663 241.988 240.163
threshold=0 1.0000000180025095e-35 4.5000000000000009 1 1.0000000180025095e-35 1.0000000180025095e-35 2 1.0000000180025095e-35 1.0000000180025095e-35 8.5000000000000018 9.5000000000000018 3 1.0000000180025095e-35 11.500000000000002 1.0000000180025095e-35 145.00000000000003 1.0000000180025095e-35 1.0000000180025095e-35 75.000000000000014 1.0000000180025095e-35 4 5 9.5000000000000018 6 1.0000000180025095e-35 1.0000000180025095e-35 1.0000000180025095e-35 1.0000000180025095e-35 1.0000000180025095e-35 7
decision_type=1 2 2 9 2 2 1 2 2 2 2 9 2 2 2 2 2 2 2 2 9 9 2 9 2 2 2 2 2 9
left_child=1 15 3 4 -2 6 7 9 19 10 12 -10 -5 -8 -11 17 -17 18 20 -4 -1 -19 -20 -22 -24 -15 -7 -13 -9 -21
right_child=2 -3 8 5 -6 26 13 28 11 14 -12 27 -14 25 -16 16 -18 21 22 29 23 -23 24 -25 -26 -27 -28 -29 -30 -31
leaf_value=-0.023594054081734178 0.023018106925819064 0.054513520601876433 -0.052297190358251269 -0.0021848028442107942 -0.042851001705175994 -0.049033580436465329 -0.030626599102160493 0.031217669233743351 -0.044442790781682361 -0.013847470034235582 -0.015796315159050254 -0.0066544231029747828 -0.032508149455775175 -0.0088785846490632824 0.032394575212651426 0.035358100395755675 -0.046932799044853313 0.022598786804479312 0.0027771356586471937 -0.022214118981460536 0.05658271012616322 -0.00209757214514669 -0.031502225903136859 0.0074280074143374787 -0.0045726538822962043 -0.033902421989629832 -0.024797103096982905 -0.061262817616825463 0.0064408665917284336 -0.047381728829630702
leaf_weight=884.09004066092893 6302.2989632738754 6596.1183098284528 2992.4232222777791 21153.068894191994 1098.4502230212092 2290.8004616789985 8911.6449314797355 1973.4884008492809 1265.4302788295317 744.7232429520227 17412.794570052589 4527.0899038811331 1413.0334095397266 5185.3172747460776 1447.3274293837603 2119.3051064186729 241.55987505242229 6355.1040675160475 2995.1600194151979 3272.5037824033643 279.89687847718596 1694.1420891503803 2010.1594682711293 78068.440904358009 1763.3306186504196 1254.9524716494634 1940.3590329861618 212.55402901652269 1969.7794755932409 1380.5401769974851
leaf_count=4386 12229 13578 88697 83487 32748 44744 99560 3748 29047 4140 185868 31055 7831 64475 4004 3963 1871 9522 9770 71698 342 5952 22022 187173 13579 27489 44812 3290 5863 38970
internal_value=0 0.0104417 -0.0123985 -0.00930809 0.0132208 -0.0118463 -0.0100527 -0.00555749 -0.0289555 -0.00784088 -0.00918582 -0.016634 -0.00408448 -0.0235356 0.0166825 0.00742726 0.026928 0.00693756 0.00595575 -0.0386309 0.00726081 0.0174259 -0.00931968 0.00761123 -0.0189218 -0.0137578 -0.0379244 -0.00909147 0.0188446 -0.0298362
internal_weight=189756 103007 86748.6 73098 7400.75 65697.3 61466.1 46114.2 13650.5 42170.9 39978.9 6005.07 22566.1 15351.9 2192.05 96411.2 2360.86 94050.3 86001.1 7645.47 79232.4 8049.25 6768.65 78348.3 3773.49 6440.27 4231.16 4739.64 3943.27 4653.04
internal_count=1155913 272158 883755 620998 44977 576021 486465 294941 262757 285330 277186 63392 91318 191524 8144 258580 5834 252746 237272 199365 191901 15474 45371 187515 35601 91964 89556 34345 9611 110668
cat_boundaries=0 1 25 26 37 71 95 101 125
cat_threshold=199 0 0 0 0 0 0 4194304 0 0 0 0 0 0 0 0 0 0 0 0 0 0 0 0 128 3104 0 0 4 0 4096 0 0 0 0 131072 8388608 0 0 1024 0 0 0 0 0 0 0 0 0 0 128 0 0 0 0 0 0 0 0 0 0 0 0 0 0 0 0 0 0 0 16384 0 0 0 0 4096 0 0 0 0 131072 0 0 0 0 0 0 0 0 0 0 0 0 0 64 0 0 4096 0 0 8388608 0 0 4 0 0 0 4194304 2097152 0 131072 0 0 0 0 0 0 0 0 0 0 0 0 0 192
is_linear=0
shrinkage=0.05


Tree=14
num_leaves=31
num_cat=14
split_feature=160 162 196 170 223 160 174 195 160 176 161 164 160 164 31 164 176 160 170 224 31 176 160 216 164 164 221 195 159 40
split_gain=9763.07 3049.36 2450.28 2199.47 1520.37 1948.24 1177.14 1104.47 1492.67 1084.12 556.886 507.369 483.478 1063.79 510.483 492.35 430.608 413.842 767.372 395.51 435.412 365.056 623.023 327.662 500.535 444.321 322.292 308.024 314.017 335.722
threshold=0 3.0000000000000004 1 1.0000000180025095e-35 1.0000000180025095e-35 2 270.00000000000006 1.0000000180025095e-35 3 1.0000000180025095e-35 4 5 6 7 1.0000000180025095e-35 8 1.0000000180025095e-35 9 1.0000000180025095e-35 1.0000000180025095e-35 1.0000000180025095e-35 1.0000000180025095e-35 10 1.0000000180025095e-35 11 12 1.0000000180025095e-35 1.0000000180025095e-35 13 1.0000000180025095e-35
decision_type=9 2 1 2 2 9 2 2 9 2 9 9 9 9 2 9 2 9 2 2 2 2 9 2 9 9 2 2 1 2
left_child=1 17 9 4 5 6 21 11 -9 10 -2 -5 14 -14 -7 -16 -3 18 -1 23 -21 22 -4 24 -15 -25 -19 28 29 -26
right_child=2 16 3 7 -6 12 -8 8 -10 -11 -12 -13 13 19 15 -17 -18 26 -20 20 -22 -23 -24 25 27 -27 -28 -29 -30 -31
leaf_value=-0.0053873788667614247 0.056973949286258076 0.045661438272661427 0.004519962295767367 -0.00023970097929780864 -0.055716108621883309 -0.0531521651176338 -0.027982110018775708 0.024860942668417426 -0.061289545412352299 0.009273332018058373 -0.016697207359397462 -0.029635666350965817 -0.059129214262825427 0.0056357690328782597 0.013415670633253777 -0.035604182240993619 0.024810205826006133 0.0093589576960880026 0.020931284601906158 -0.0033721235403201262 -0.051984273288269794 -0.013916162766904792 -0.030180611465267085 0.052500324467671999 -0.0078876740617445269 -0.060799366108501285 0.026965569306125189 -0.064298594924717262 -0.031639486741660665 -0.025664017441736693
leaf_weight=11547.046980844112 256.76367570273578 6141.1271054991521 13711.287799959187 3621.501294577145 2841.7489728695946 3298.7946442181128 5953.1703359842359 5874.3187295662938 540.24798574054148 17137.804429320851 6836.4522046784987 2463.3093033544719 1944.090663714218 2230.5207709259121 665.14376033213921 2193.6377763561322 4154.9634734133142 63800.564156512613 3642.9497890435159 620.18880992988124 1793.242478058979 5377.421203315258 1417.6581880899612 91.828075411380269 7120.5742989123682 747.60967084742151 2709.604662053287 377.84028729092097 3529.9838863241457 4237.5089456507703
leaf_count=71534 342 13987 50395 16409 80756 56869 93621 11454 6998 46332 35063 42595 82101 20678 7621 40074 12086 145240 5345 5086 45197 39300 12932 962 63672 20299 5520 13141 54235 56069
internal_value=0 0.0116056 -0.0112526 -0.015958 -0.0200503 -0.0182173 -0.00840656 0.00306791 0.0175434 0.00246813 -0.0139691 -0.0121914 -0.027202 -0.023798 -0.0396845 -0.0242744 0.0372491 0.00837505 0.000924054 -0.0204592 -0.0394976 -0.00272693 0.00125016 -0.0179632 -0.0164977 -0.0484742 0.010075 -0.0197228 -0.0186023 -0.0145082
internal_weight=186879 91996.3 94882.6 70651.6 58152.3 55310.5 26459.5 12499.4 6414.57 24231 7093.22 6084.81 28851 22693.4 6157.58 2858.78 10296.1 81700.2 15190 20749.3 2413.43 20506.4 15128.9 18335.9 17496.4 839.438 66510.2 15265.9 14888.1 11358.1
internal_count=1155913 253712 902201 820464 743008 662252 196248 77456 18452 81737 35405 59004 466004 361440 104564 47695 26073 227639 76879 279339 50283 102627 63327 229056 207795 21261 150760 187117 173976 119741
cat_boundaries=0 39 40 79 80 86 116 156 186 196 235 274 298 305 306
cat_threshold=0 0 6 0 4096 0 0 0 0 131072 0 0 0 0 0 0 0 0 0 0 0 0 0 224 0 0 0 0 0 0 0 0 0 41943040 512 67109376 0 1 2147483648 2050 0 0 0 0 0 0 0 0 0 0 0 0 0 0 0 0 0 0 0 0 0 0 0 0 0 0 0 0 0 2147483648 0 0 0 1073741824 0 0 1073741825 0 1073775104 524320 0 0 4096 0 0 8388608 0 0 0 0 4096 0 4194304 0 0 0 8388608 0 0 0 0 0 0 0 0 0 0 0 0 96 0 0 0 0 0 2147483648 8192 0 0 0 0 0 0 0 0 0 8388608 0 0 0 0 0 0 0 0 0 0 0 0 0 0 0 0 0 0 0 0 0 0 0 0 0 0 0 0 327680 0 0 0 0 4096 0 0 0 0 131072 8388608 0 0 0 0 0 0 0 0 0 0 0 0 0 0 0 0 0 0 2147483648 0 0 4 0 4096 0 4194304 0 0 131072 0 0 0 0 4096 0 0 0 0 0 0 0 0 0 0 0 0 0 0 0 0 0 0 128 0 0 0 0 0 0 0 0 0 0 512 512 0 0 2147483648 0 0 0 0 0 0 0 0 0 0 0 0 0 0 0 0 0 0 0 0 0 0 0 0 0 0 0 0 0 0 0 0 0 1073741824 0 0 1 0 33280 0 0 0 0 0 0 0 2097152 0 0 0 0 0 0 0 0 0 0 0 0 0 0 0 128 0 0 4 0 0 0 4194304 17664
is_linear=0
shrinkage=0.05


Tree=15
num_leaves=31
num_cat=13
split_feature=160 169 196 170 160 223 195 160 176 160 31 173 160 164 164 160 223 31 224 160 31 211 160 173 163 176 165 160 160 223
split_gain=8861.02 4372.84 2115.68 1917.05 1518.49 1063.95 1028.25 1276.89 884.769 567.032 482.746 438.266 494.299 429.965 410.376 703.584 527.173 386.634 500.149 359.715 441.647 286.748 280.175 388.262 269.381 602.533 582.43 501.48 448.641 388.343
threshold=0 1.0000000180025095e-35 1 1.0000000180025095e-35 2 1.0000000180025095e-35 1.0000000180025095e-35 3 1.0000000180025095e-35 4 2.5000000000000004 9.5000000000000018 5 6 7 8 1.0000000180025095e-35 1.0000000180025095e-35 1.0000000180025095e-35 9 1.0000000180025095e-35 7.5000000000000009 10 10.500000000000002 4.5000000000000009 1.0000000180025095e-35 75.000000000000014 11 12 1.0000000180025095e-35
decision_type=9 2 1 2 9 2 2 9 2 9 2 2 9 9 9 9 2 2 2 9 2 2 9 2 2 2 2 9 9 2
left_child=1 24 8 4 5 11 13 -8 10 -7 -2 12 -4 -5 19 -16 17 -17 -19 20 -6 -10 23 -15 25 28 -26 -27 -1 -30
right_child=2 -3 3 6 14 9 7 -9 21 -11 -12 -13 -14 22 15 16 -18 18 -20 -21 -22 -23 -24 -25 26 27 -28 -29 29 -31
leaf_value=-0.0042977941552262162 -0.015861111132792524 0.052359401061441838 0.0030673632391081773 0.0002468252983998787 -0.052233542544420621 0.041201166278355746 0.02356171546783014 -0.058696906806838478 0.0061393976839881079 -0.055103279913411178 0.046228918639194545 -0.014435404486282 -0.024518194581846939 0.037643993317608905 -0.041622934423060476 -0.01217685154481896 -0.058694387575546264 -0.021277620586196058 -0.05049753140667354 -0.057657836523195574 0.0067669458274262004 0.027411816942261941 -0.034560602266040796 -0.052291978891527494 0.0077536885404190367 -0.013193531466291781 -0.0099675028687070538 0.0078761285172379483 0.018465047836171811 -0.028268668056438524
leaf_weight=2579.4220642475411 6553.5695275970502 6049.5905469050631 11450.749436922837 3300.4704161316622 629.80675746622728 163.4542716575088 5837.1439066185849 503.67064686189406 15235.265676520299 1657.7019176527974 328.24068694142625 10680.240884994098 1881.5095844571479 343.31132784235524 4803.5176626929897 10651.683435869403 879.14400307834148 11615.373637258323 1676.1045613245369 1824.768871557957 637.99360263062408 1767.8517305955756 2176.9158139313222 183.83819764608052 31858.33852810564 3482.9261979977018 5425.6361721969442 14745.404088068521 24524.589876472368 452.21977139438968
leaf_count=10853 34694 13578 34903 15022 15893 595 11454 6998 40586 49764 711 114999 14906 2213 85793 108007 26966 168236 45197 82101 6904 5746 37382 4387 63320 16130 39335 39119 55351 4770
internal_value=0 0.0113181 -0.0106418 -0.0149777 -0.0187551 -0.00967994 0.00292545 0.0169673 0.00222886 -0.0465243 -0.0128957 -0.0068885 -0.000842125 -0.0119022 -0.0259093 -0.0240771 -0.0206653 -0.0192762 -0.0249645 -0.0433184 -0.0223715 0.00835217 -0.0266324 0.00613415 0.00833025 0.0108998 0.00517463 0.00384686 0.0155649 0.0176111
internal_weight=183900 89118.1 94782.3 70897.4 58552 25833.7 12345.4 6340.81 23884.9 1821.16 6881.81 24012.5 13332.3 6004.54 32718.4 29625.8 24822.3 23943.2 13291.5 3092.57 1267.8 17003.1 2704.07 527.15 83068.5 45784.6 37284 18228.3 27556.2 24976.8
internal_count=1155913 242456 913457 831720 754264 215167 77456 18452 81737 50359 35405 164808 49809 59004 539097 434199 348406 321440 213433 104898 22797 46332 43982 6600 228878 126223 102655 55249 70974 60121
cat_boundaries=0 39 40 79 80 116 155 179 209 249 250 251 285 324
cat_threshold=0 0 6 0 4096 0 0 0 0 131072 0 0 0 0 0 0 0 0 0 0 0 0 0 224 0 0 0 0 0 0 0 0 0 41943040 512 67108864 0 1 2147483648 2050 0 0 0 0 0 0 0 0 0 0 0 0 0 0 0 0 0 0 0 0 0 0 0 0 0 0 0 0 0 2147483648 0 0 0 1073741824 0 512 1073741825 0 1073774592 524320 0 0 0 0 0 0 0 0 0 0 0 0 0 0 0 0 0 0 0 0 0 0 0 0 0 0 0 0 0 0 0 0 0 0 0 512 0 0 0 0 0 0 0 0 0 0 0 0 0 0 0 0 0 0 0 0 0 0 0 0 0 0 0 0 0 0 0 0 0 1073741824 0 0 1 0 32768 0 0 0 0 4096 0 4194304 0 0 0 0 0 0 0 0 0 0 0 0 0 0 0 0 96 0 0 0 0 4096 0 0 0 0 131072 8388608 0 0 0 0 0 0 0 0 0 0 0 0 0 0 0 0 0 0 2147483648 8192 0 0 0 0 0 0 0 0 0 8388608 0 0 0 0 0 0 0 0 0 0 0 0 0 0 0 0 0 0 0 0 0 0 0 0 0 0 0 0 327680 8192 8192 0 0 4 0 4096 0 0 0 0 0 0 0 0 0 0 0 0 0 0 0 0 0 0 0 0 0 0 0 0 0 0 0 0 8388608 0 0 2 0 0 0 0 0 0 0 0 0 0 0 0 0 0 0 0 0 0 0 0 64 0 0 0 0 0 0 0 0 0 0 512 0 0 0 2147483648
is_linear=0
shrinkage=0.05


Tree=16
num_leaves=31
num_cat=8
split_feature=196 169 163 195 182 211 164 196 223 169 223 173 164 176 173 31 170 164 166 31 167 164 164 195 161 203 222 165 173 193
split_gain=7384.56 4335.93 1344.17 1695.6 1000.68 780.084 704.593 613.869 765.283 539.649 531.402 450.383 386.722 386.199 378.037 350.455 349.833 545.936 305.829 301.856 298.53 269.291 237.893 232.564 229.314 220.133 208.723 387.094 577.356 208.917
threshold=0 1.0000000180025095e-35 4.5000000000000009 1.0000000180025095e-35 1.0000000180025095e-35 7.5000000000000009 1 2 1.0000000180025095e-35 1.0000000180025095e-35 1.0000000180025095e-35 11.500000000000002 3 1.0000000180025095e-35 9.5000000000000018 1.0000000180025095e-35 1.0000000180025095e-35 4 175.00000000000003 1.0000000180025095e-35 1.0000000180025095e-35 5 6 1.0000000180025095e-35 7 1.0000000180025095e-35 1.0000000180025095e-35 95.000000000000014 17.500000000000004 1.0000000180025095e-35
decision_type=1 2 2 2 2 2 9 1 2 2 2 2 9 2 2 2 2 9 2 2 2 9 9 2 9 2 2 2 2 2
left_child=1 16 3 4 5 7 -5 8 14 19 13 -9 -11 -6 21 -7 17 20 -16 -4 -1 -2 -18 -14 -19 -23 27 29 -29 -26
right_child=2 -3 9 6 10 15 -8 11 -10 12 -12 -13 23 -15 18 -17 22 24 -20 -21 -22 25 -24 -25 26 -27 -28 28 -30 -31
leaf_value=-0.011885418825660944 -0.026675000504269575 0.051259141833167522 -0.048907592457406932 0.020737308927217597 0.028309438281792849 -0.013673743610603153 -0.046077553622557048 -0.031083534190906717 -0.03388756532744458 -0.0024247542438839437 -0.041872706077024618 -0.01241522916863582 -0.02233041254939204 -0.0077705814993794566 -0.015225474150878535 0.023885797925819609 0.020819911960492456 0.055219215515644106 0.047542858051397963 -0.027359657185066218 0.013276728641727001 -0.0019939764775527688 -0.0023916669836895575 -0.06315188422680966 0.0061170607672555357 -0.024791537867418854 -0.038023252400839175 0.043190339728534269 -0.017829260496972355 0.040840748853761211
leaf_weight=6191.2304817387485 1292.0221176858759 5763.2914788657799 2618.1238564387895 5900.3650095347548 2758.9092318220064 889.36986980307847 413.65896482777316 7720.8615291988463 3344.2740735792613 3023.3063435700024 401.27838674886152 5559.0691306521549 2241.7210885893437 1013.7909634495154 17051.933751619712 2055.0705902515911 6345.2078092130832 234.78006848879158 195.78407529974356 4298.8047089281026 1455.353483441053 19557.192511336238 1340.6218121789861 413.28851875360124 75134.276055101596 1119.0775069363881 258.85809702865663 1571.9179247738793 514.04991880990565 435.25428804103285
leaf_count=41351 14304 13578 88697 12435 5171 5642 6017 93168 84031 19565 5525 79748 33860 4440 216886 5873 10271 342 802 110668 8322 76226 5380 9967 185790 10730 2139 2775 1219 991
internal_value=0 0.00916939 -0.0111154 -0.00838464 -0.010862 -0.0125417 0.0163158 -0.0138644 -0.0109267 -0.0261418 0.0127925 -0.0232525 -0.0147157 0.018613 -0.00897091 0.0125388 0.00657515 0.00565951 -0.0145113 -0.0355194 -0.0070859 -0.00462057 0.0167946 -0.0285897 0.00690673 -0.00322712 0.00675366 0.0069041 0.0281501 0.00631739
internal_weight=181113 99244.8 81867.9 69272.7 62958.6 58784.7 6314.02 55840.2 42560.3 12595.2 4173.98 13279.9 5678.32 3772.7 39216 2944.44 93481.5 85795.7 17247.7 6916.93 7646.58 21968.3 7685.83 2655.01 78149.1 20676.3 77914.4 77655.5 2085.97 75569.5
internal_count=1155913 272158 883755 620998 602546 587410 18452 575895 402979 262757 15136 172916 63392 9611 318948 11515 258580 242929 217688 199365 49673 101260 15651 43827 193256 86956 192914 190775 3994 186781
cat_boundaries=0 1 31 32 62 86 110 134 140
cat_threshold=199 0 0 4 0 0 0 0 0 0 0 0 0 0 0 0 0 0 0 0 0 0 0 0 192 0 0 0 0 0 2147483648 1064 0 0 2 0 0 0 4194304 2097152 0 0 0 0 0 0 0 0 0 0 0 0 0 0 0 160 0 0 0 0 0 2147483648 0 0 6 0 0 0 0 0 0 0 0 0 0 0 0 0 0 0 0 0 0 0 0 64 0 0 6 0 0 0 0 0 0 131072 8388608 0 0 0 0 0 0 0 0 0 0 0 0 128 0 0 4 0 0 0 0 0 0 131072 0 0 0 0 0 0 0 0 0 0 0 0 0 64 0 0 4096 0 0 8388608
is_linear=0
shrinkage=0.05


Tree=17
num_leaves=31
num_cat=14
split_feature=160 162 196 170 223 160 173 195 160 176 161 160 164 167 195 164 224 170 160 173 221 176 160 160 159 167 164 164 195 167
split_gain=7712.76 2679.06 1873.31 1779.26 1241.2 1544.86 883.935 874.015 1049.32 747.204 429.823 377.905 832.662 375.347 336.171 474.817 304.403 280.78 639.438 343.766 321.885 280.027 406.358 276.318 275.287 304.825 425.112 291.909 269.592 237.58
threshold=0 3.0000000000000004 1 1.0000000180025095e-35 1.0000000180025095e-35 2 13.500000000000002 1.0000000180025095e-35 3 1.0000000180025095e-35 4 5 6 1.0000000180025095e-35 1.0000000180025095e-35 7 1.0000000180025095e-35 1.0000000180025095e-35 8 10.500000000000002 1.0000000180025095e-35 1.0000000180025095e-35 9 10 11 1.0000000180025095e-35 12 13 1.0000000180025095e-35 1.5000000000000002
decision_type=9 2 1 2 2 9 2 2 9 2 9 9 9 2 2 9 2 2 9 2 2 2 9 9 1 2 9 9 2 2
left_child=1 17 9 4 5 6 21 13 -9 10 -2 14 -13 -5 15 -7 24 18 19 -1 -20 22 -4 -8 -14 27 -27 -26 -29 -3
right_child=2 29 3 7 -6 11 23 8 -10 -11 -12 12 16 -15 -16 -17 -18 -19 20 -21 -22 -23 -24 -25 25 26 -28 28 -30 -31
leaf_value=0.0030109513142834161 0.054091559399056903 0.037043919879691384 0.0029581427805974655 -0.0044379817527917999 -0.052931481691097383 0.0035763330764684016 -0.043262232305212776 0.021594394321842854 -0.056568455099243166 0.0074197379566630839 -0.014876596339829943 -0.055893719361026696 -0.030099337938311457 -0.035363223529270925 -0.062138749561638479 -0.038414099012122067 -0.036915320275401314 0.016922637777606667 0.0074707958235718068 -0.018802788321120447 0.025768445804518383 -0.013105599617894002 -0.026386670951203846 -0.018400427536959158 0.0047450263454028689 0.051595154106043956 -0.057998471428564895 -0.014013208527668379 -0.060486497161714559 -0.042884505256184674
leaf_weight=3746.3917664524633 224.43265603855252 8984.477622134902 13623.102225832292 4540.1304592408123 2479.630686562421 826.4836124451831 1578.3882274972857 5786.8302862192504 454.18296114495024 16934.27553623158 6337.8081275593722 1668.5439579689119 3223.6386764602576 1251.4332808915642 1061.1938909088494 3734.6244778819964 2137.1576316656283 7256.7927686357871 62503.939304160886 3485.9953646923532 2499.5228533963673 5148.7623721704585 1280.9952343259938 4018.842698004155 2158.6965212640353 95.435812977375463 673.82788422086742 10801.639819060023 320.97864315548213 93.489879831904545
leaf_count=14878 342 25495 50395 21739 80756 12126 40390 11454 6998 46332 35063 82101 54235 37265 28943 63495 50283 14605 159107 33529 5520 39300 12932 53231 20678 962 20299 119741 13141 578
internal_value=0 0.0104846 -0.0102769 -0.0145444 -0.0183674 -0.0167297 -0.00795472 0.00286417 0.0158453 0.0018683 -0.0124534 -0.025146 -0.0220418 -0.0111236 -0.0367214 -0.0308811 -0.019103 0.00754692 0.00660485 -0.00749275 0.00817339 -0.00305347 0.000419125 -0.0255256 -0.0169091 -0.0138502 -0.0444542 -0.0120861 -0.0153437 0.0362179
internal_weight=178932 88570.6 90361 66864.5 54831.9 52352.3 25650.1 12032.6 6241.01 23496.5 6562.24 26702.2 21079.9 5791.56 5622.3 4561.11 19411.4 79492.6 72235.8 7232.39 65003.5 20052.9 14904.1 5597.23 17274.2 14050.6 769.264 13281.3 11122.6 9077.97
internal_count=1155913 253712 902201 820464 743008 662252 196248 77456 18452 81737 35405 466004 361440 59004 104564 75621 279339 227639 213034 48407 164627 102627 63327 93621 229056 174821 21261 153560 132882 26073
cat_boundaries=0 39 40 79 80 86 126 156 166 190 229 268 269 276 300
cat_threshold=0 0 6 0 4096 0 0 0 0 131072 0 0 0 0 0 0 0 0 0 0 0 0 0 224 0 0 0 0 0 0 0 0 0 41943040 512 67109376 0 1 2147483648 2050 0 0 0 0 0 0 0 0 0 0 0 0 0 0 0 0 0 0 0 0 0 0 0 0 0 0 0 0 0 2147483648 0 0 0 1073741824 0 0 1073741825 0 1073775104 524320 0 0 4096 0 0 8388608 8192 0 0 0 0 0 0 0 0 0 8388608 0 0 0 0 0 0 0 0 0 0 0 0 0 0 0 0 0 0 0 0 0 0 0 0 0 0 0 0 327680 0 0 0 0 4096 0 0 0 0 131072 8388608 0 0 0 0 0 0 0 0 0 0 0 0 0 0 0 0 0 0 2147483648 0 0 4 0 4096 0 4194304 2097152 0 131072 0 0 0 0 4096 0 0 0 0 0 0 0 0 0 0 0 0 0 0 0 0 0 0 128 0 0 0 0 0 0 0 0 0 0 0 0 0 0 0 0 0 0 0 0 0 0 0 0 0 0 0 0 0 0 0 0 0 1073741824 0 0 1 0 33280 0 0 0 0 0 0 0 0 0 0 0 0 0 0 0 0 0 0 0 0 0 0 0 0 0 0 0 0 0 0 0 0 0 0 0 0 0 0 33280 4608 0 0 4 0 0 0 4194304 0 0 0 0 0 0 0 2097152 0 0 0 0 0 0 0 0 0 0 0 0 0 0 0 128
is_linear=0
shrinkage=0.05


Tree=18
num_leaves=31
num_cat=11
split_feature=160 169 160 164 195 161 173 160 223 164 160 224 216 164 198 173 195 40 31 164 211 31 40 170 164 222 164 173 40 165
split_gain=6847.54 3488.98 1655.23 1493.38 1465.44 1333.57 1096.65 692.571 641.262 629.757 447.717 389.447 403.305 475.759 435.305 347.263 344.269 337.331 324.066 311.931 272.785 262.822 232.753 230.791 587.201 268.241 249.209 226.407 228.782 201.06
threshold=0 1.0000000180025095e-35 1 2 1.0000000180025095e-35 3 10.500000000000002 4 1.0000000180025095e-35 5 6 1.0000000180025095e-35 1.0000000180025095e-35 7 1.0000000180025095e-35 16.500000000000004 1.0000000180025095e-35 1.5000000000000002 1.0000000180025095e-35 8 7.5000000000000009 1.0000000180025095e-35 1.0000000180025095e-35 1.0000000180025095e-35 9 1.0000000180025095e-35 10 7.5000000000000009 1.0000000180025095e-35 95.000000000000014
decision_type=9 2 9 9 2 9 2 9 2 9 9 2 2 9 2 2 2 2 2 9 2 2 2 2 9 2 9 2 2 2
left_child=1 23 6 -4 5 15 10 17 11 -6 16 12 14 -14 -9 22 19 20 -13 -2 -7 -22 -5 24 27 29 -25 -1 -29 -26
right_child=2 -3 3 4 9 7 -8 8 -10 -11 -12 18 13 -15 -16 -17 -18 -19 -20 -21 21 -23 -24 26 25 -27 -28 28 -30 -31
leaf_value=0.0065272415120974665 0.027179596051316354 0.049418440600835827 -0.048564249689815542 0.0061259143568359355 0.020365735807890924 -0.0027337331732758775 -0.044485026972099107 -0.010096196828129862 -0.053640137532246862 -0.040251429820001655 -0.036246696882829083 -0.0029484536135001107 0.038204459624196434 -0.04542905827884635 -0.029787210283687273 0.014295442509420537 -0.049545885307095174 -0.018384385492457848 -0.047597375825744602 -0.0075896299956728286 -0.0096205450526796448 0.025357558910288125 -0.008744839565420888 0.020070705009231072 0.0078379548471724358 -0.047146326162706198 -0.003797522943076931 -0.022689435710230108 -0.0015241111215120234 0.023869338363342766
leaf_weight=2232.0226293883752 787.91656636266271 5290.1522024993319 2099.9938478911645 5528.2396782780997 6315.3535786668072 8277.0341005443479 5178.7903482228721 32355.919211386979 1054.0819767006033 450.75019179860828 1553.9331648633815 559.98260257241782 185.20764884422533 1546.6298252051347 3073.381291267302 5780.8449491637293 398.5716584881302 2567.0572407101281 1484.2929986181698 3348.3539259824902 743.3340963544324 1930.9064041253878 5020.2516341675073 6174.4418465411291 63797.784523735754 218.10671882529277 1330.9504005899653 2666.1884364882717 2450.7803898219718 2017.6364869023673
leaf_count=6935 5956 13578 68723 14403 17203 54722 134599 288122 38414 17711 16775 5086 2615 50453 53829 12418 9047 24996 45197 27701 4676 4534 16277 10243 158145 1849 5380 25476 16856 3994
internal_value=0 0.0100795 -0.0096258 -0.00706545 -0.00592526 -0.00807074 -0.0275473 -0.0118694 -0.015158 0.0162947 -0.013183 -0.0141265 -0.0129571 -0.0365154 -0.0118049 0.00444373 -0.00518425 -0.0020709 -0.035373 -0.000915405 0.00175141 0.0156332 -0.000950999 0.00750763 0.00665329 0.00814477 0.0158591 -0.00674903 -0.0125544 0.00832967
internal_weight=176419 86178.1 90240.8 78973.3 76873.3 70107.2 11267.6 53777.8 40259.5 6766.1 6088.78 39205.4 37161.1 1731.84 35429.3 16329.3 4534.84 13518.3 2044.28 4136.27 10951.3 2674.24 10548.5 80887.9 73382.5 66033.5 7505.39 7348.99 5116.97 65815.4
internal_count=1155913 242456 913457 719379 650656 615742 194078 572644 483716 34914 59479 445302 395019 53068 341951 43098 42704 88928 50283 33657 63932 9210 30680 228878 213255 163988 15623 49267 42332 162139
cat_boundaries=0 39 79 109 143 182 206 245 252 263 287 311
cat_threshold=0 0 6 0 4096 0 0 0 0 131072 0 0 0 0 0 0 0 0 0 0 0 0 0 224 0 0 0 0 0 0 0 0 0 41943040 512 67108864 0 1 2147483648 8192 0 0 0 0 0 0 2097152 0 0 8388608 0 0 0 0 0 0 0 0 0 0 0 0 0 0 0 0 0 0 0 0 0 0 0 0 0 0 0 512 327680 0 0 2 0 0 0 0 0 0 131072 8388608 0 0 0 0 0 0 0 0 0 0 0 0 0 0 0 0 0 0 2147483648 0 0 4096 0 0 8388608 0 0 0 1 524288 0 0 0 0 0 0 0 0 0 0 0 0 0 0 0 0 0 0 0 0 0 0 65536 0 0 0 0 0 0 0 0 0 0 0 0 0 0 0 0 0 0 0 0 0 0 0 0 0 0 0 0 0 2147483648 0 0 0 1073741824 0 512 0 8192 1073741824 0 0 4 0 0 0 0 0 0 0 0 0 0 0 0 0 0 0 0 0 0 0 0 128 8192 0 0 0 0 0 0 0 0 0 0 0 0 0 0 0 0 0 0 0 0 0 0 0 0 0 0 0 0 0 0 0 0 0 0 0 0 0 512 0 0 4 0 4096 0 4194304 0 0 4 0 4096 0 0 0 0 131072 8388608 0 0 6 0 0 0 0 0 0 0 0 0 0 0 0 0 0 0 0 0 0 0 0 64 0 0 4 0 0 0 0 0 0 131072 0 0 0 0 0 0 0 0 0 0 0 0 0 64
is_linear=0
shrinkage=0.05


Tree=19
num_leaves=31
num_cat=13
split_feature=160 169 160 195 196 173 223 164 164 160 160 195 169 173 164 161 40 160 176 160 160 223 177 170 164 173 40 176 40 173
split_gain=6587.28 3179.16 1392.09 1313.61 1634.4 987.039 939.509 926.335 572.857 502.626 386.56 310.894 305.084 410.604 269.297 264.019 260.375 328.343 285.913 288.611 236.782 482.013 442.152 297.265 455.627 276.102 239.596 232.431 284.562 251.581
threshold=0 1.0000000180025095e-35 1 1.0000000180025095e-35 2 10.500000000000002 1.0000000180025095e-35 3 4 5 6 1.0000000180025095e-35 1.0000000180025095e-35 11.500000000000002 7 8 1.5000000000000002 9 1.0000000180025095e-35 10 11 1.0000000180025095e-35 1.0000000180025095e-35 1.0000000180025095e-35 12 9.5000000000000018 1.0000000180025095e-35 1.0000000180025095e-35 1.0000000180025095e-35 11.500000000000002
decision_type=9 2 9 2 1 2 2 9 9 9 9 2 2 2 9 9 2 9 2 9 9 2 2 2 9 2 2 2 2 2
left_child=1 20 5 4 6 10 15 -5 -6 -8 11 14 13 -10 -2 -4 17 18 -17 -20 21 22 27 24 25 -22 -27 28 29 -1
right_child=2 -3 3 7 8 -7 9 -9 12 -11 -12 -13 -14 -15 -16 16 -18 -19 19 -21 23 -23 -24 -25 -26 26 -28 -29 -30 -31
leaf_value=0.020200650715823873 0.024460596908393709 0.048455834008153648 0.0522986884813324 0.019476844458535328 -0.048860851044210382 -0.04300112234109485 0.040066051700285356 -0.042221853677470722 -0.026658957417979901 -0.051656567293872628 -0.034993034243148195 -0.048514531291522313 -0.0063538268895774429 -0.011851661780694238 -0.0076484373713452212 -0.0019293613257650077 -0.010327413641662089 0.0027521479467448053 0.012888943842720905 -0.024307066893513082 0.0040347504420301236 -0.041820939238802771 -0.03659849335251518 0.015464521193434517 0.0064806560154020828 -0.029148589805209381 -0.0034514402745791498 0.0093352891017757789 0.011721451250751275 0.045014642462578441
leaf_weight=2558.7622971013188 802.20630392705789 5048.8273135083728 210.62180684693158 6305.5348350935383 1536.833328691253 4869.5889836246788 162.25951848644763 663.86148392688483 10850.645755099831 1370.7452730790537 1449.5706072209287 381.2618982984568 4965.5385724019434 8239.9619024712301 3313.1677331234678 7802.9213270887267 8524.4275728785433 23969.826662808948 615.44448032637592 3299.9970480171614 2835.7855354199419 396.67962003039429 422.64406213909388 7432.180534782121 48092.859384641168 1884.445225449279 1749.7680740068899 8545.2390422347235 4149.3025701199658 1702.86907824222
leaf_count=5317 5956 13578 342 17203 52268 134599 720 30505 154726 49764 16775 9047 39543 161841 27701 31144 53631 88777 4577 35625 9869 5525 1051 15623 122977 22204 14022 18451 9583 2969
internal_value=0 0.00997909 -0.0094748 -0.00715576 -0.00917515 -0.0262864 -0.00353209 0.0135639 -0.0192988 -0.0420107 -0.0126389 -0.00533877 -0.0173895 -0.0202685 -0.00134518 -0.00220445 -0.00247607 -0.000601141 -0.00745651 -0.0184874 0.00754473 0.0126337 0.0138853 0.00608242 0.00480534 -0.00764459 -0.0167797 0.015145 0.021046 0.0301212
internal_weight=174154 84819.4 89334.4 78518.6 71549.2 10815.8 45956.2 6969.4 25593 1533 5946.21 4496.64 24056.1 19090.6 4115.37 44423.2 44212.6 35688.2 11718.4 3915.44 79770.5 17775.5 17378.8 61995 54562.9 6470 3634.21 16956.2 8410.93 4261.63
internal_count=1155913 241169 914744 720666 672958 194078 264580 47708 408378 50484 59479 42704 356110 316567 33657 214096 213754 160123 71346 40202 227591 42896 37371 184695 169072 46095 36226 36320 17869 8286
cat_boundaries=0 38 78 79 103 133 172 211 222 228 267 306 340 364
cat_threshold=0 0 6 0 4096 0 0 0 0 131072 0 0 0 0 0 0 0 0 0 0 0 0 0 224 0 0 0 0 0 0 0 0 0 41943040 512 67108864 0 1 8192 0 0 0 0 0 0 2097152 0 0 8388608 0 0 0 0 0 0 0 0 0 0 0 0 0 0 0 0 0 0 0 0 0 0 0 0 0 0 0 512 327680 3075 0 0 4 0 0 0 0 0 0 0 0 0 0 0 0 0 0 0 0 0 0 0 0 128 0 0 0 0 0 0 0 0 0 131072 8388608 0 0 0 0 0 0 0 0 0 0 0 0 0 0 0 0 0 0 2147483648 0 0 0 0 0 0 0 0 0 0 0 0 0 0 0 0 0 0 0 0 0 0 0 0 0 0 0 0 0 0 0 0 0 0 0 512 0 0 2147483648 8192 0 0 0 0 0 0 0 0 0 0 0 0 0 0 0 0 0 0 0 0 0 0 0 0 0 0 0 0 0 0 0 0 0 0 0 0 0 512 0 0 4 0 4096 0 0 0 0 131072 8388608 0 0 4096 0 0 8388608 0 0 0 0 0 0 0 0 0 0 0 0 0 0 0 0 0 0 0 0 0 0 0 0 0 0 0 0 0 0 0 0 0 0 0 512 1 0 2147516416 0 0 0 0 0 0 0 0 0 0 0 0 0 0 0 0 0 0 0 0 0 0 0 0 0 0 0 0 0 0 0 0 0 0 0 512 0 0 2147483648 0 0 0 0 0 0 0 0 0 131072 0 0 0 0 0 0 0 0 0 0 0 0 0 0 0 0 0 0 0 0 0 0 0 8388608 0 0 4 0 0 0 0 0 0 0 0 0 0 0 0 0 0 0 0 0 0 0 0 64
is_linear=0
shrinkage=0.05


Tree=20
num_leaves=31
num_cat=10
split_feature=160 169 161 170 160 223 31 217 160 164 176 160 31 160 207 173 169 164 211 173 173 159 173 31 170 164 173 222 165 173
split_gain=5423.01 3000.09 1562.3 1322.56 1522.86 670.6 652.324 571.563 415.133 795.785 426.472 410.632 404.052 364.99 314.442 309.742 342.147 306.218 300.164 242.193 217.468 211.28 364.944 283.539 199.391 541.46 258.017 235.943 258.946 504.599
threshold=0 1.0000000180025095e-35 1 1.0000000180025095e-35 2 1.0000000180025095e-35 1.0000000180025095e-35 1.0000000180025095e-35 3 4 1.0000000180025095e-35 5 1.0000000180025095e-35 6 1.0000000180025095e-35 11.500000000000002 1.0000000180025095e-35 7 10.500000000000002 4.5000000000000009 14.500000000000002 8 12.500000000000002 1.0000000180025095e-35 1.0000000180025095e-35 9 9.5000000000000018 1.0000000180025095e-35 105.00000000000001 17.500000000000004
decision_type=9 2 9 2 9 2 2 2 9 9 2 9 2 9 2 2 2 9 2 2 2 1 2 2 2 9 2 2 2 2
left_child=1 24 20 4 18 8 7 -5 12 -10 14 -12 -6 -9 15 16 -11 -14 -4 -16 -2 -17 23 -23 25 26 -1 28 -27 -30
right_child=2 -3 3 6 5 -7 -8 13 9 10 11 -13 17 -15 19 21 -18 -19 -20 -21 -22 22 -24 -25 -26 27 -28 -29 29 -31
leaf_value=0.0035018372582292148 0.00026132514495073292 0.047503412997682466 -0.006567598523622091 -0.0055763777219092871 -0.047191627371144101 -0.054064145731038404 -0.031031185978825267 0.02041867822436096 -0.05326287499418824 -0.025849972987983413 0.00088992544267171175 -0.029633390424157947 0.01098411260055737 -0.049696839254963383 0.018768444072108349 0.016327150301355651 -0.0042631933011893835 -0.029128085220280733 0.016157445747941073 -0.0068726169613337156 0.012120544589420345 0.024383914932179354 -0.024378647640093922 -0.044987447334387448 0.014656090739859032 0.0070304593614263222 -0.016701562968485042 -0.046125242665269725 0.040415965805399551 -0.018770888641575105
leaf_weight=2818.2445899827871 8216.8982470736373 4819.6271306558046 24096.183136664389 4435.3538325882982 2530.515723976423 1482.7315529130865 1195.2806961709575 5705.8882772354409 1469.0159251338046 7375.9860887148097 1309.4503640733019 7181.9555466968886 641.65924078159151 182.76433179341257 1129.3021315019578 972.74276866123546 2444.7754298744258 1809.1706865658343 1545.7408604854718 4980.2253122631228 7300.9079826679081 876.46652107976843 1783.5268835812458 176.5166305253515 7406.2367813386954 61804.837768720172 3595.7001973303268 204.55289182133856 1443.6933404798619 479.26917065493762
leaf_count=9869 26352 13578 187132 27210 56964 56350 38032 9628 82101 92897 21619 159152 7621 2586 3101 8998 14740 40385 4479 33541 16746 4503 28283 2908 15623 149451 36226 1849 2773 1216
internal_value=0 0.00922427 -0.00857326 -0.0116235 -0.0145241 -0.0211311 0.0039288 0.00797815 -0.0197283 -0.0174661 -0.0155841 -0.0249599 -0.0331106 0.0181879 -0.011558 -0.015783 -0.0204772 -0.0186981 -0.00519518 -0.00213109 0.00583769 -0.00367826 -0.0105626 0.0127343 0.0068523 0.00603053 -0.00781178 0.00741943 0.0075929 0.0256609
internal_weight=171415 82572.2 88843.1 73325.3 61806 36164 11519.3 10324 34681.3 29700 28230.9 8491.41 4981.35 5888.65 19739.5 13630 9820.76 2450.83 25641.9 6109.53 15517.8 3809.25 2836.51 1052.98 77752.5 70346.3 6413.94 63932.4 63727.8 1922.96
internal_count=1155913 230585 925328 882230 804774 613163 77456 39424 556813 451843 369742 180771 104970 12214 188971 152329 107637 48006 191611 36642 43098 44692 35694 7411 217007 201384 46095 155289 153440 3989
cat_boundaries=0 38 72 111 151 181 182 183 193 194 218
cat_threshold=0 0 6 0 4096 0 0 0 0 131072 0 0 0 0 0 0 0 0 0 0 0 0 0 224 0 0 0 0 0 0 0 0 0 41943040 0 67108864 0 1 0 0 4096 0 0 8388608 0 0 0 1 524288 0 0 0 0 0 0 0 0 0 0 0 0 0 0 0 0 0 0 0 0 0 0 65536 0 0 0 0 0 0 0 0 0 0 0 0 0 0 0 0 0 0 0 0 0 0 0 0 0 0 0 0 0 2147483648 0 0 0 1073741824 512 512 1073741825 8192 3221225472 8192 0 0 0 0 0 0 2097152 0 0 8388608 0 0 0 0 0 0 0 0 0 0 0 0 0 0 0 0 0 0 0 0 0 0 0 0 0 0 0 0 327680 0 0 0 0 4096 0 0 0 0 131072 8388608 0 0 0 0 0 0 0 0 0 0 0 0 0 0 0 0 0 0 2147483648 32 524320 0 0 4 0 4096 0 4194304 0 0 131072 13312 0 0 4 0 0 0 0 0 0 0 0 0 0 0 0 0 0 0 0 0 0 0 0 64
is_linear=0
shrinkage=0.05


Tree=21
num_leaves=31
num_cat=6
split_feature=196 169 163 195 182 172 223 164 223 169 31 176 211 164 167 31 165 222 174 170 165 174 166 174 174 196 164 31 174 161
split_gain=4775.95 2957.75 959.588 1169.68 689.744 532.741 536.438 462.601 448.761 381.704 341.957 327.278 319.729 253.912 247.445 233.735 232.44 429.532 320.025 260.029 457.116 257.193 246.019 232.067 215.666 418.148 299.009 207.421 190.962 175.097
threshold=0 1.0000000180025095e-35 4.5000000000000009 1.0000000180025095e-35 1.0000000180025095e-35 1.0000000180025095e-35 1.0000000180025095e-35 1 1.0000000180025095e-35 1.0000000180025095e-35 1.0000000180025095e-35 1.0000000180025095e-35 7.5000000000000009 2 1.0000000180025095e-35 1.0000000180025095e-35 145.00000000000003 1.0000000180025095e-35 330.00000000000006 1.0000000180025095e-35 75.000000000000014 210.00000000000003 65.000000000000014 230.00000000000003 150.00000000000003 3 4 1.0000000180025095e-35 250.00000000000003 5
decision_type=1 2 2 2 2 2 2 9 2 2 2 2 2 9 2 2 2 2 2 2 2 2 2 2 2 1 9 2 2 9
left_child=1 16 3 4 5 10 12 -5 11 15 23 -6 14 -11 24 -4 19 18 -18 20 29 -22 -21 -2 25 -7 -26 -14 -25 -1
right_child=2 -3 9 7 8 6 -8 -9 -10 13 -12 -13 27 -15 -16 -17 17 -19 -20 22 21 -23 -24 28 26 -27 -28 -29 -30 -31
leaf_value=0.050944963109173715 -0.021492759383443315 0.046606579926409659 -0.044290822639791193 -0.043680728330194492 0.025100926733177355 -0.00041068857404667866 -0.029481772226203157 0.017384983948058534 -0.040796339673342071 -0.036016081799035392 -0.02989252428556374 -0.0086913022268594407 -0.012893703296522938 -0.0076646043731842988 -0.031335666565614116 -0.023903177892207458 0.043651865209532625 -0.046555336212490195 -0.0033492498343654815 -0.0058504595279824344 0.0012724274131774699 -0.019234713354321958 0.018346079346773733 0.019647352735944732 0.023473740920874439 -0.029623742083385335 -0.011630315992955451 0.016194455567841999 -0.012125526631318873 0.0052548120963264331
leaf_weight=200.09754172153771 2293.0629505940306 4602.7166580222547 2197.2257191573735 318.76229929807596 2694.4790679365396 14113.682825637457 2814.3869742368697 5657.1130387284211 381.91874071594793 961.09167159243952 5269.8098579068028 975.45040237298235 835.28247860004194 4336.4817723294254 1119.5108125880943 3915.8318451206142 1273.399820970837 202.031494400464 505.6670871283859 1270.6253139497712 3100.9247154471232 3014.5630859531229 6050.0085084703751 855.56024372973479 615.60010458435863 1331.0580335502746 21520.99423583204 2296.3969711195678 1055.9939314594958 73841.863323757134
leaf_count=342 29335 13578 88697 5647 5171 51340 84031 12805 5525 29047 109063 4440 5642 34345 37256 110668 2560 1871 1403 5157 12868 32503 10317 3419 2301 11229 235834 5873 12087 191559
internal_value=0 0.00751929 -0.00936027 -0.00698484 -0.00914887 -0.0106386 -0.00835305 0.0140794 0.0107476 -0.0227215 -0.0214075 0.0161178 -0.00693111 -0.0128945 -0.00817465 -0.031235 0.00550876 0.0224434 0.0302927 0.00512506 0.00430109 -0.00883627 0.0141455 -0.0107693 -0.00748417 -0.00294897 -0.010648 0.00843364 0.00209396 0.00538629
internal_weight=169622 94061.9 75559.7 64149.1 58173.2 54121.3 44646.9 5975.88 4051.85 11410.6 9474.43 3669.93 41832.5 5297.57 38700.8 6113.06 89459.2 1981.1 1779.07 87478.1 80157.4 6115.49 7320.63 4204.62 37581.3 15444.7 22136.6 3131.68 1911.55 74042
internal_count=1155913 272158 883755 620998 602546 587410 433506 18452 15136 262757 153904 9611 349475 63392 337960 199365 258580 5834 3963 252746 237272 45371 15474 44841 300704 62569 238135 11515 15506 191901
cat_boundaries=0 1 11 22 23 47 53
cat_threshold=199 0 0 2 0 4096 0 0 0 0 131072 0 0 4 0 4096 0 0 0 0 131072 8388608 1056 0 0 0 0 4096 0 4194304 0 0 0 8388608 0 0 0 0 0 0 0 0 0 0 0 0 128 0 0 4096 0 0 8388608
is_linear=0
shrinkage=0.05


Tree=22
num_leaves=31
num_cat=11
split_feature=160 169 223 160 164 195 159 31 195 164 180 190 161 160 165 222 173 163 160 170 221 210 173 160 31 160 173 160 173 165
split_gain=4929.48 2567.48 1396.45 1147.84 1095.51 1102.97 995.138 607.646 498.877 655.485 481.014 432.366 266.057 240.227 235.955 401.123 286.045 228.365 220.608 459.676 282.323 269.744 206.937 737.127 256.488 231.511 206.558 185.853 338.231 196.636
threshold=0 1.0000000180025095e-35 1.0000000180025095e-35 1 2 1.0000000180025095e-35 3 1.0000000180025095e-35 1.0000000180025095e-35 4 1.0000000180025095e-35 1.0000000180025095e-35 5 6 145.00000000000003 1.0000000180025095e-35 16.500000000000004 4.5000000000000009 7 1.0000000180025095e-35 1.0000000180025095e-35 1.5000000000000002 14.500000000000002 8 1.0000000180025095e-35 9 16.500000000000004 10 11.500000000000002 75.000000000000014
decision_type=9 2 2 9 9 2 1 2 2 9 2 2 9 9 2 2 2 2 9 2 2 2 2 9 2 9 2 9 2 2
left_child=1 14 3 8 -5 6 10 27 9 26 12 17 -6 -9 18 16 -16 -7 19 21 -20 -1 25 -24 -25 -14 -2 29 -29 -8
right_child=2 -3 -4 4 5 11 7 13 -10 -11 -12 -13 22 -15 15 -17 -18 -19 20 -21 -22 -23 23 24 -26 -27 -28 28 -30 -31
leaf_value=-0.0044265026269964527 0.018584458773235744 0.045733946599051473 -0.049397777411174668 -0.044027191214906808 0.04701556954716244 0.019468993768475561 0.012153273931342174 -0.0096397217652849972 -0.057318487172248869 -0.032232458906779657 0.0052062852406716646 0.018260110746741578 -0.0013110707266734529 -0.02851871816729273 0.044792672233143094 -0.044836331008432574 -0.00093853980875118447 -0.053974170329703863 0.0068588936561758823 0.017700490963747689 0.024838578192778866 0.022259044847504933 -0.031428014958990703 -0.028596471734485276 0.0079817415318417708 -0.011185605490681986 -0.039512908797163689 -0.02154538507227485 0.0026751349330588355 -0.012544701317344404
leaf_weight=13740.655177232809 1052.7873640963808 4398.2412158944644 2045.721778745763 1828.2111283025297 224.38899581786245 154.67580302082933 2029.1397899789736 2165.1050843859266 1211.5607559866621 3555.9828957978752 13158.018191678682 6070.4707882090006 18517.132936204725 8214.0881774830923 1204.2093428596854 189.46258992061485 477.13480855408125 332.74048067902913 57365.601888707723 3443.0043498422019 2269.5780147030018 1016.5342817842029 3224.6740590545232 575.23613089579158 2858.7481153266272 8733.5633008450386 178.47041426616488 3779.6005083009659 2329.0812450521626 1336.0374336321256
leaf_count=82493 10145 13578 80881 68723 435 1259 10935 41124 35941 69350 32200 15040 88240 185134 2560 1871 1403 18615 137148 5391 5520 2461 65678 8676 23329 64598 5549 41689 21341 14606
internal_value=0 0.00854541 -0.00859949 -0.00757649 -0.00590108 -0.00494915 -0.00686145 -0.0162531 -0.028611 -0.0213991 -0.00291457 0.0146212 -0.00604606 -0.0246184 0.00649406 0.0240402 0.0318156 -0.0306615 0.00607211 0.00125007 0.00754218 -0.00258726 -0.00640999 -0.0143137 0.00184433 -0.00448067 0.0100649 -0.00710407 -0.0122903 0.00233888
internal_weight=167680 84104.4 83575.4 81529.7 75530.9 73702.7 67144.8 19853.1 5998.8 4787.24 47291.8 6557.89 34133.7 10379.2 79706.2 1870.81 1681.34 487.416 77835.4 18200.2 59635.2 14757.2 33909.4 6658.66 3433.98 27250.7 1231.26 9473.86 6108.68 3365.18
internal_count=1155913 252425 903488 822607 701622 632899 597985 314829 120985 85044 283156 34914 250956 226258 238847 5834 3963 19874 233013 90345 142668 84954 250521 97683 32005 152838 15694 88571 63030 25541
cat_boundaries=0 38 78 108 109 139 149 150 186 225 264 265
cat_threshold=0 0 6 0 4096 0 0 0 0 131072 0 0 0 0 0 0 0 0 0 0 0 0 0 224 0 0 0 0 0 0 0 0 0 41943040 512 67109376 0 1 8192 0 0 0 0 0 0 2097152 0 0 8388608 0 0 0 0 0 0 0 0 0 0 0 0 0 0 0 0 0 0 0 0 0 0 0 0 0 0 0 0 327680 0 0 2 0 0 0 0 0 0 131072 8388608 0 0 0 0 0 0 0 0 0 0 0 0 0 0 0 0 0 0 2147483648 9344 0 0 4 0 4096 0 4194304 0 0 131072 8388608 0 0 0 0 0 0 0 0 0 0 0 0 0 0 0 0 0 0 2147483648 0 0 4096 0 0 8388608 0 0 0 1 32 0 0 0 0 4096 0 0 0 0 0 0 0 0 0 0 0 0 0 0 0 0 0 0 128 0 0 0 0 0 0 0 0 0 33554432 512 512 0 0 0 0 0 0 0 0 0 0 0 0 0 0 0 0 0 0 0 0 0 0 0 0 0 0 0 0 0 0 0 0 0 1073741824 0 0 1 0 33280 0 0 0 0 0 0 0 0 0 0 0 0 0 0 0 0 0 0 0 0 0 0 0 0 0 0 0 0 0 0 0 0 0 1073741824 0 0 1 8192 1073774592 524288
is_linear=0
shrinkage=0.05


Tree=23
num_leaves=31
num_cat=9
split_feature=160 169 180 160 164 195 195 223 216 164 190 161 164 160 40 165 173 196 163 163 170 165 173 166 173 164 173 40 40 31
split_gain=4441.8 2371.26 1141.97 1091.13 1037.16 944.863 724.804 699.117 447.708 423.389 377.997 316.181 294.233 353.481 275.895 258.838 246.726 290.58 210.883 208.369 198.091 473.505 237.744 220.977 184.081 180.747 179.273 171.307 153.921 146.597
threshold=0 1.0000000180025095e-35 1.0000000180025095e-35 1 2 1.0000000180025095e-35 1.0000000180025095e-35 1.0000000180025095e-35 1.0000000180025095e-35 3 1.0000000180025095e-35 4 5 6 1.5000000000000002 145.00000000000003 5.5000000000000009 7 4.5000000000000009 4.5000000000000009 1.0000000180025095e-35 75.000000000000014 10.500000000000002 65.000000000000014 16.500000000000004 8 16.500000000000004 1.0000000180025095e-35 1.0000000180025095e-35 1.0000000180025095e-35
decision_type=9 2 2 9 9 2 2 2 2 9 2 9 9 9 2 2 2 1 2 2 2 2 2 2 2 9 2 2 2 2
left_child=1 15 3 4 -2 8 7 11 14 -10 19 -5 26 -14 18 20 17 28 -6 -7 21 -1 -23 -22 -17 -20 -13 29 -15 -24
right_child=2 -3 -4 6 5 10 -8 -9 9 -11 -12 12 13 16 -16 24 -18 -19 25 -21 23 22 27 -25 -26 -27 -28 -29 -30 -31
leaf_value=0.0062929310484833067 -0.042552773534894325 0.044842053865614191 0.0056099010869151466 0.049230242339068926 -0.00080567100397147906 0.018050901427243408 -0.05641174378454851 -0.051987014661989267 0.037604378100983264 -0.042163578371211922 0.017482306330550628 0.016567390565589653 -0.031361884217309476 -0.048480943582835848 -0.016008638508417099 0.03479624001789549 -0.016425848937309341 0.00097144356176372929 -0.042635340223280492 -0.052698193367628834 -0.0054411314600449198 0.0013506960916799143 -0.0467318766384415 0.017750598877153693 -0.0016080075612936639 -0.00934996344880684 -0.038216162535778017 -0.0058575645022906813 -0.0050235367783530065 -0.015794270208586644
leaf_weight=63055.844467097719 1740.9515397782961 4200.5101625998504 12807.498402356519 184.39252083934844 18899.255791332165 155.58175938308705 1150.291634925874 1292.3060231953859 182.73332638764987 1385.4950128061755 6035.5874839390162 1075.4445365875144 3267.5620130135212 510.8773450012086 5098.0906512761139 1306.7717941035517 19612.868145499357 4405.545402701995 442.74334403628018 312.05718067026464 1241.1926849149168 3056.6273512847256 710.04303607251495 5940.6033921986818 472.44965653482359 4382.4292634019221 172.8772204623092 1395.0175604482065 339.38112250028644 833.60548448632471
leaf_count=162625 68723 13578 32200 342 111545 1259 35941 56350 2615 50453 15040 10145 66009 4854 66347 3904 266425 24767 18090 18615 5157 12737 8870 10289 1930 53995 5549 12538 4193 10828
internal_value=0 0.00824818 -0.00812551 -0.0106168 -0.00495565 -0.00316978 -0.017442 -0.0159941 -0.00687221 -0.0328857 0.0141259 -0.01442 -0.0148322 -0.0158879 -0.0054561 0.00627853 -0.0138421 -0.00422531 -0.00318799 -0.0291554 0.00583834 0.00501617 -0.00841076 0.0137417 0.025129 -0.012517 0.00889306 -0.0185643 -0.030792 -0.0300386
internal_weight=165667 82212.7 83454 70646.5 38634.9 36894 32011.5 30861.3 30390.7 1568.23 6503.23 29568.9 29384.6 28136.2 28822.5 78012.2 24868.7 5255.8 23724.4 467.639 76232.9 69051.1 5995.29 7181.8 1779.22 4825.17 1248.32 2938.67 850.258 1543.65
internal_count=1155913 242456 913457 881257 406682 337959 474575 438634 303045 53068 34914 382284 381942 366248 249977 228878 300239 33814 183630 19874 223044 207598 44973 15446 5834 72085 15694 32236 9047 19698
cat_boundaries=0 39 78 108 115 121 151 191 192 197
cat_threshold=0 0 6 0 4096 0 0 0 0 131072 0 0 0 0 0 0 0 0 0 0 0 0 0 224 0 0 0 0 0 0 0 0 0 41943040 512 67108864 0 1 2147483648 524320 0 0 0 0 0 0 0 0 0 0 0 0 0 0 0 0 0 0 0 0 0 0 0 0 0 0 0 0 2147483648 0 0 0 1073741824 0 512 1 8192 1073741824 0 0 2 0 0 0 0 0 0 131072 8388608 0 0 0 0 0 0 0 0 0 0 0 0 0 0 0 0 0 0 2147483648 0 0 4 0 4096 0 4194304 0 0 4096 0 0 8388608 0 0 4 0 4096 0 4194304 0 0 131072 8388608 0 0 0 0 0 0 0 0 0 0 0 0 0 0 0 0 0 0 2147483648 8192 0 0 0 0 0 0 2097152 0 0 8388608 0 0 0 0 0 0 0 0 0 0 0 0 0 0 0 0 0 0 0 0 0 0 0 0 0 0 0 0 262144 520 0 0 4 0 4096
is_linear=0
shrinkage=0.05


Tree=24
num_leaves=31
num_cat=6
split_feature=160 169 161 160 195 195 191 217 216 176 196 160 211 165 192 31 163 170 165 173 31 163 165 160 40 173 40 191 173 221
split_gain=4047.77 2197.47 1064.29 1127.73 929.632 657.456 642.882 554.065 388.164 301.638 539.033 323.025 289.073 256.765 246.86 225.839 205.335 197.601 437.604 217.75 190.21 178.738 174.063 169.04 163.123 162.738 153.913 151.912 145.053 141.522
threshold=0 1.0000000180025095e-35 1 2 1.0000000180025095e-35 1.0000000180025095e-35 1.0000000180025095e-35 1.0000000180025095e-35 1.0000000180025095e-35 1.0000000180025095e-35 3 4 7.5000000000000009 145.00000000000003 1.0000000180025095e-35 1.0000000180025095e-35 4.5000000000000009 1.0000000180025095e-35 75.000000000000014 10.500000000000002 1.0000000180025095e-35 4.5000000000000009 155.00000000000003 5 1.0000000180025095e-35 16.500000000000004 1.0000000180025095e-35 1.0000000180025095e-35 22.500000000000004 1.0000000180025095e-35
decision_type=9 2 9 9 2 2 2 2 2 2 1 9 2 2 2 2 2 2 2 2 2 2 2 9 2 2 2 2 2 2
left_child=1 13 24 4 6 9 8 16 12 11 15 -5 21 17 -10 -11 -6 18 29 -20 -14 23 -23 -4 -2 -15 -21 -13 -22 -1
right_child=2 -3 3 5 7 -7 -8 -9 14 10 -12 27 20 25 -16 -17 -18 -19 19 26 28 22 -24 -25 -26 -27 -28 -29 -30 -31
leaf_value=0.0054974949546833067 0.0092117685013472939 0.043975482202082937 -0.010168416047916691 -0.028627291974921545 0.0074181763453075554 -0.055759282236071989 -0.047559517184502388 0.016800817228208326 -0.036730146113474818 -0.03922715129298452 -0.030654826167249346 -0.011121027534091917 -0.012069210880443295 0.034314870695364437 0.048365826291026398 0.0080346463951066188 -0.05306429160514721 0.01354798475439796 0.0011305968458212949 -0.029145127284218267 0.019210645751504607 -0.012960686478314982 -0.049506746803891853 -0.00095447693038714298 -0.0011726611693431462 -0.00057513456547742838 -0.006016821692443739 0.016828053778069407 -0.035311443219696342 0.017007204368461835
leaf_weight=59814.907012987213 7795.2767245830037 4015.2534007204231 9357.8675599205017 2807.0230382842128 211.71383161493577 1106.4278602864943 1016.1207273324253 6009.4138657165458 1439.2246377960546 303.20480199308804 6809.3416367765094 15869.430024074303 814.94052708521485 1268.6526431556558 90.117722057504579 1506.5209574477049 414.25242813525256 7096.2615262574982 3038.8775171497837 1499.4358138595708 2133.2659778647358 5819.6242259371793 344.8515915753087 10644.356387388587 7342.9566883918596 453.28526337223593 1384.0692424402223 500.97837898257421 128.87441607285291 2795.724934452679
leaf_count=153726 19576 13578 73048 40348 2457 35941 43888 15040 52889 5207 187082 173324 5642 3904 829 16782 30211 15446 12737 19698 5377 88037 18285 71770 23522 1930 12538 4993 496 7612
internal_value=0 0.0079116 -0.00780615 -0.0104996 -0.00488386 -0.0179607 -0.00843838 0.0121366 -0.00714569 -0.0164615 -0.0242316 -0.0129685 -0.00586099 0.00604023 -0.0316984 0.000104331 -0.0326104 0.00560536 0.00478278 -0.00820719 0.0086337 -0.00756582 -0.0150098 -0.0052711 0.00417174 0.02513 -0.0180483 -0.0102587 0.0160952 0.00601164
internal_weight=163832 81366.5 82465.8 67327.6 38424.6 28902.9 31789.2 6635.38 30773.1 27796.5 8619.07 19177.4 29243.8 77351.2 1529.34 1809.73 625.966 75629.3 68533 5922.38 3077.08 26166.7 6164.48 20002.2 15138.2 1721.94 2883.51 16370.4 2262.14 62610.6
internal_count=1155913 241169 914744 871646 407969 463677 360261 47708 316373 427736 209071 218665 262655 227591 53718 21989 32668 221757 206311 44973 11515 251140 106322 144818 43098 5834 32236 178317 5873 161338
cat_boundaries=0 38 72 111 112 152 191
cat_threshold=0 0 6 0 4096 0 0 0 0 131072 0 0 0 0 0 0 0 0 0 0 0 0 0 224 0 0 0 0 0 0 0 0 0 41943040 512 67108864 0 1 0 0 4096 0 0 8388608 0 0 0 1 524288 0 0 0 0 0 0 0 0 0 0 0 0 0 0 0 0 0 0 0 0 0 0 65536 524320 0 0 0 0 0 0 0 0 0 0 0 0 0 0 0 0 0 0 0 0 0 0 0 0 0 0 0 0 2147483648 0 0 0 1073741824 0 512 1 8192 3221225472 9 0 0 0 0 0 0 0 0 0 0 8388608 0 0 0 0 0 0 0 0 0 0 0 0 0 0 0 0 0 0 0 0 0 0 0 0 0 1073741824 0 0 327680 0 0 0 0 0 0 0 0 0 0 0 0 0 0 0 0 0 0 0 0 0 0 0 0 0 0 0 0 0 0 0 0 0 0 0 0 1 8192 1073741824
is_linear=0
shrinkage=0.05


Tree=25
num_leaves=31
num_cat=11
split_feature=160 169 160 195 196 173 223 160 164 164 160 165 222 224 173 195 180 211 161 167 164 170 173 198 164 176 170 160 173 221
split_gain=3974.44 1989.56 896.938 887.073 1162.17 769.335 559.715 565.033 510.204 358.425 296.581 226.566 405.687 223.276 217.703 204.958 195.672 204.92 216.074 184.329 348.247 261.228 177.244 193.745 173.259 166.294 160.457 441.529 243.796 214.341
threshold=0 1.0000000180025095e-35 1 1.0000000180025095e-35 2 10.500000000000002 1.0000000180025095e-35 3 4 5 6 145.00000000000003 1.0000000180025095e-35 1.0000000180025095e-35 16.500000000000004 1.0000000180025095e-35 1.0000000180025095e-35 7.5000000000000009 7 1.0000000180025095e-35 8 1.0000000180025095e-35 11.500000000000002 1.0000000180025095e-35 9 1.0000000180025095e-35 1.0000000180025095e-35 10 18.500000000000004 1.0000000180025095e-35
decision_type=9 2 9 2 1 2 2 9 9 9 9 2 2 2 2 2 2 2 9 2 9 2 2 2 9 2 2 9 2 2
left_child=1 11 5 4 6 10 16 -8 -5 -6 -2 26 14 19 -13 24 17 18 -4 21 -21 22 23 -11 -12 -19 27 28 -1 -29
right_child=2 -3 3 8 9 -7 7 -9 -10 13 15 12 -14 -15 -16 -17 -18 25 -20 20 -22 -23 -24 -25 -26 -27 -28 29 -30 -31
leaf_value=-0.0042341657174389527 -0.034762813553937365 0.043128542964730926 0.048321231647578698 0.015819416462102109 -0.041904480935599071 -0.038400135007229066 0.029611036294503207 -0.04901103875347225 -0.035851470638003723 -0.01581246985482275 0.019187176313392174 0.045052361158150249 -0.044969952481476422 -0.032048458267253964 0.0027164732035203343 -0.043825056290715647 0.0034955779223742795 -0.0083595965439642386 -0.0056657885862984887 0.032147318078240152 -0.039630317977364465 0.0016980466309175258 -0.0083666516939957889 -0.034993134716625608 -0.0063418566451685296 0.016549627216924923 0.012993657115105348 0.0058580318770619947 -0.038784057144685732 0.021871960049055353
leaf_weight=6131.735464121215 953.86646830575773 3845.5681643832941 176.3333120662719 6062.627016504528 1303.1251235254167 4106.5198025676655 280.57287677156273 1136.3201802909171 509.23069619503804 7788.5354199652647 821.91889354842715 1072.5401111724786 186.9044728197623 1756.4660031391541 423.96000997466035 302.34328181686578 12943.21337075904 994.76500922488049 26310.724471765105 188.57070201437455 1286.1487629632757 2889.5450081161107 6614.6889426914859 1585.3384448480792 3286.9816653298913 2049.1971996267093 7076.3990366258658 57277.14317380311 556.5620061311638 2168.502165742917
leaf_count=39122 12641 13578 342 17203 52268 134599 1615 49702 30505 98212 6079 2560 1871 50283 1403 9047 32200 5769 179790 2615 50553 11861 115152 27434 31712 5746 15446 141461 9624 5520
internal_value=0 0.00805479 -0.00760955 -0.0057501 -0.00746302 -0.0220896 -0.00266124 -0.0335707 0.011782 -0.0164563 -0.00964319 0.00625459 0.0243888 -0.0149369 0.0330668 -0.00411885 -0.00163026 -0.00387707 -0.00528918 -0.0134665 -0.0304917 -0.0121355 -0.0146359 -0.0190586 -0.001201 0.00840763 0.00583738 0.00507148 -0.00710202 0.00644138
internal_weight=162086 78739.3 83347 73875.4 67303.5 9471.63 43891.1 1416.89 6571.86 23412.4 5365.11 74893.7 1683.4 22109.3 1496.5 4411.24 42474.2 29531 26487.1 20352.8 1474.72 18878.1 15988.6 9373.87 4108.9 3043.96 73210.3 66133.9 6688.3 59445.6
internal_count=1155913 230585 925328 731250 683542 194078 275164 51317 47708 408378 59479 217007 5834 356110 3963 46838 223847 191647 180132 305827 53168 252659 240798 125646 37791 11515 211173 195727 48746 146981
cat_boundaries=0 38 78 79 118 142 172 212 218 225 236 260
cat_threshold=0 0 6 0 4096 0 0 0 0 131072 0 0 0 0 0 0 0 0 0 0 0 0 0 224 0 0 0 0 0 0 0 0 0 41943040 0 67108864 0 1 8192 0 0 0 0 0 0 2097152 0 0 8388608 0 0 0 0 0 0 0 0 0 0 0 0 0 0 0 0 0 0 0 0 0 0 0 0 0 0 0 512 327680 3075 0 0 0 0 0 0 0 0 0 0 0 0 0 0 0 0 0 0 0 0 0 0 0 0 0 0 0 0 0 0 0 0 0 0 512 512 0 0 3221225472 0 0 4 0 0 0 0 0 0 0 0 0 0 0 0 0 0 0 0 0 0 0 0 128 0 0 0 0 0 0 0 0 0 131072 8388608 0 0 0 0 0 0 0 0 0 0 0 0 0 0 0 0 0 0 2147483648 0 0 0 0 0 0 0 0 0 0 0 0 0 0 0 0 0 0 0 0 0 0 0 0 0 0 0 0 0 0 0 0 0 0 0 0 0 0 0 327680 0 0 4096 0 0 8388608 0 0 4 0 4096 0 4194304 0 0 6 0 4096 0 0 0 0 131072 8388608 0 0 0 0 4096 0 0 0 0 0 0 0 0 0 0 0 0 0 0 0 0 0 0 128
is_linear=0
shrinkage=0.05


Tree=26
num_leaves=31
num_cat=7
split_feature=196 169 163 195 182 174 172 169 31 211 174 196 166 164 164 170 165 166 174 31 164 174 214 161 176 174 40 164 31 31
split_gain=3148.53 1998.58 732.315 899.867 557.153 456.977 408.264 296.634 279.662 269.984 301.208 341.883 266.728 252.249 238.596 196.011 339.629 214.681 193.898 180.081 174.918 167.112 164.031 163.665 161.332 161.269 160.105 157.41 156.877 155.637
threshold=0 1.0000000180025095e-35 4.5000000000000009 1.0000000180025095e-35 1.0000000180025095e-35 210.00000000000003 1.0000000180025095e-35 1.0000000180025095e-35 1.0000000180025095e-35 7.5000000000000009 190.00000000000003 1 175.00000000000003 2 3 1.0000000180025095e-35 75.000000000000014 65.000000000000014 190.00000000000003 1.0000000180025095e-35 4 330.00000000000006 1.0000000180025095e-35 5 1.0000000180025095e-35 230.00000000000003 1.0000000180025095e-35 6 1.0000000180025095e-35 1.0000000180025095e-35
decision_type=1 2 2 2 2 2 2 2 2 2 2 1 2 9 9 2 2 2 2 2 9 2 2 9 2 2 2 9 2 2
left_child=1 12 3 4 6 24 8 19 25 10 11 -8 15 -5 -12 16 23 -17 -18 -4 -9 -14 -10 -1 -6 -2 -20 -21 -13 -11
right_child=2 -3 7 13 5 -7 9 20 22 29 14 28 21 -15 -16 17 18 -19 26 27 -22 -23 -24 -25 -26 -27 -28 -29 -30 -31
leaf_value=-0.020012474437076214 -0.018345097138394165 0.042287219945442801 -0.040625049767626702 -0.035578113484866683 0.030936388732211356 -0.0091744395573222642 -0.0021515588754683155 -0.0028988418431101074 -0.030405986775602301 -0.011826073088145339 0.034262387806871263 -0.039690607732208082 0.033672665084267861 0.015430728002382019 -0.013624004181014258 -0.0066590348297368334 0.00191722781230116 0.016259914165704482 -0.027264942941589366 -0.014914696104404752 -0.02189267294267792 -0.0012676176986924897 0.00031433271236217816 0.0047206150084420535 -0.0055974498249738627 0.0020077748905397499 -0.0047420203006175079 -0.038363681879370677 -0.0097801003720273394 0.013894046315209747
leaf_weight=665.35304593038745 2164.5731707531813 3681.6708737039007 1884.8193019838363 244.62959586619399 1892.5570688266307 1709.6986635583453 18940.234441620065 2792.72019273357 4235.0461825298844 794.62291654269211 254.93346077017486 910.736721084686 1253.4175243100617 5421.5972873568535 17920.518180723942 1238.2420636529569 2637.3655518408632 5829.3494336660951 1641.8572813520732 2624.316232740588 2148.1986031972338 470.24113364215009 483.82847559411312 70853.749657734952 359.14914422226138 1767.2248638045276 1520.3092087594559 1005.6240981259616 846.67732671042904 2258.3122204758693
leaf_count=4386 29335 13578 88697 5647 3800 10378 101880 19565 98073 5642 1263 9434 4110 12805 301504 5157 9753 10271 21990 71698 43827 2109 10990 187348 958 15506 13456 38970 7910 5873
internal_value=0 0.00621298 -0.00789492 -0.00577456 -0.00774498 0.010311 -0.0091594 -0.0201103 -0.0190492 -0.00711849 -0.00824299 -0.00411808 0.00467103 0.0131891 -0.0129398 0.00427316 0.00354446 0.0122436 -0.00809187 -0.0280823 -0.0112095 0.0241399 -0.0272555 0.00448817 0.025107 -0.00919673 -0.0164404 -0.0215634 -0.0251472 0.00719709
internal_weight=160452 89791.6 70660 60204.3 54538.1 3961.4 50576.7 10455.7 8650.67 41926 38873.1 20697.6 86109.9 5666.23 18175.5 84386.2 77318.6 7067.59 5799.53 5514.76 4940.92 1723.66 4718.87 71519.1 2251.71 3931.8 3162.17 3629.94 1757.41 3052.94
internal_count=1155913 272158 883755 620998 602546 15136 587410 262757 153904 433506 421991 119224 258580 18452 302767 252361 236933 15428 45199 199365 63392 6219 109063 191734 4758 44841 35446 110668 17344 11515
cat_boundaries=0 1 2 12 23 53 87 111
cat_threshold=199 1056 0 0 2 0 4096 0 0 0 0 131072 0 0 0 0 4096 0 0 0 0 0 8388608 0 0 2 0 0 0 4194304 2097152 0 0 0 0 0 0 0 0 0 0 0 0 0 0 0 160 0 0 0 0 0 2147483648 0 0 1024 0 0 0 0 0 0 0 0 0 0 128 0 0 0 0 0 0 0 0 0 0 0 0 0 0 0 0 0 0 0 16384 0 0 4 0 0 0 4194304 2097152 0 131072 0 0 0 0 0 0 0 0 0 0 0 0 0 192
is_linear=0
shrinkage=0.05


Tree=27
num_leaves=31
num_cat=13
split_feature=160 169 223 163 196 176 160 160 176 160 169 160 174 165 222 161 167 164 31 160 31 160 174 164 170 165 164 174 160 31
split_gain=3274.55 1740.63 868.609 818.549 955.277 661.754 575.051 420.86 345.676 321.928 277.785 261.23 257.054 236.02 381.63 229.014 216.148 205.026 222.351 172.697 167.527 172.994 166.421 165.822 164.407 359.263 191.036 184.994 156.718 155.368
threshold=0 1.0000000180025095e-35 1.0000000180025095e-35 4.5000000000000009 1 1.0000000180025095e-35 2 3 1.0000000180025095e-35 4 1.0000000180025095e-35 5 310.00000000000006 145.00000000000003 1.0000000180025095e-35 6 1.0000000180025095e-35 7 1.0000000180025095e-35 8 1.0000000180025095e-35 9 330.00000000000006 10 1.0000000180025095e-35 75.000000000000014 11 210.00000000000003 12 1.0000000180025095e-35
decision_type=9 2 2 2 1 2 9 9 2 9 2 9 2 2 2 9 2 9 2 9 2 9 2 9 2 2 9 2 9 2
left_child=1 13 3 4 5 12 8 -4 19 29 20 -10 17 24 22 -14 -11 18 -2 -6 -5 -22 -15 -12 25 -1 -26 -27 -8 -7
right_child=2 -3 7 10 6 9 28 -9 11 16 23 -13 15 14 -16 -17 -18 -19 -20 -21 21 -23 -24 -25 26 27 -28 -29 -30 -31
leaf_value=0.0055423237183152528 0.0050000563868770054 0.041489401242833519 0.037483565505324078 -0.039747489239376793 0.0024993344151198298 0.029836100117430348 -0.010239316067286659 -0.047296571749095337 0.013426814429377806 0.0059219139397201264 -0.032453687835088361 -0.017813948857675756 0.052273846973969765 0.04452144520410959 -0.043615542108283598 0.0021838780203588272 -0.032962370423617382 -0.014477916752961709 -0.041598996189374036 -0.021018707247322688 -0.010523844151205664 -0.032702111136150971 0.0061657047492195104 -0.0068930398115969712 -0.0056151606753124823 0.0011670362158626814 0.016271937182790137 -0.016755789250592637 -0.020418403131159529 -0.021947985903624425
leaf_weight=61591.445409113192 2824.9721109124366 3532.7587244164897 154.5616412574891 1804.4254126472515 11370.961906729441 1931.643925240729 5961.8284276191262 1755.1147480400687 762.64974758669268 18090.177522025886 743.51926237836597 5184.886444777716 282.0735161236953 995.96957953926176 180.1686372453114 1057.0226565588382 364.06662383241928 7609.6319481902465 280.99042860197369 827.58275112137198 1902.7150046239258 1682.019748145045 395.56680052285083 4151.2655737090681 1204.3142291931435 2972.3960636023548 5754.1675412147306 2790.7241126844019 10734.595276409556 156.11934832081897
leaf_count=161338 8811 13578 1041 88792 52087 2855 79749 80435 6417 54144 26478 63889 961 2560 1871 9868 17517 52618 9159 5957 48878 62101 1403 36914 5157 12737 10289 32236 198832 7241
internal_value=0 0.00718352 -0.0071641 -0.00634623 -0.00434232 0.00181077 -0.0100965 -0.0404755 -0.00392881 0.00726881 -0.019486 -0.0138137 -0.00748811 0.00558706 0.0247591 0.0131609 0.00515087 -0.0100695 0.000774211 0.000887419 -0.027318 -0.0210553 0.0336279 -0.01086 0.00518134 0.00442525 0.0124984 -0.00751172 -0.0167928 0.0258333
internal_weight=159050 79417.5 79632.8 77723.1 67439.2 32596.7 34842.5 1909.68 18146.1 20542 10283.9 5947.54 12054.7 75884.8 1571.71 1339.1 18454.2 10715.6 3105.96 12198.5 5389.16 3584.73 1391.54 4894.78 74313 67354.6 6958.48 5763.12 16696.4 2087.76
internal_count=1155913 241169 914744 833268 570105 163174 406931 81476 128350 81757 263163 70306 81417 227591 5834 10829 71661 70588 17970 58044 199771 110979 3963 63392 221757 206311 15446 44973 278581 10096
cat_boundaries=0 38 39 78 118 119 158 192 222 261 262 273 297 336
cat_threshold=0 0 6 0 4096 0 0 0 0 131072 0 0 0 0 0 0 0 0 0 0 0 0 0 224 0 0 0 0 0 0 0 0 0 41943040 512 67108864 0 1 2083 0 0 0 0 0 0 0 0 0 0 0 0 0 0 0 0 0 0 0 0 0 0 0 0 0 0 0 0 0 2147483648 0 0 0 1073741824 0 512 1 0 3221258240 0 0 0 0 0 0 0 0 0 0 0 0 0 0 0 0 0 0 0 0 0 0 0 0 0 0 0 0 0 0 0 0 0 0 0 512 0 0 2147483648 65536 32 0 0 0 0 0 0 0 0 0 0 0 0 0 0 0 0 0 0 0 0 0 0 0 0 0 0 0 0 0 2147483648 0 0 0 0 0 512 0 0 3221225472 0 0 4096 0 0 8388608 0 0 0 0 0 0 0 128 0 0 0 0 0 0 0 0 0 0 0 0 0 0 0 0 0 0 0 32768 0 0 0 0 0 0 4194304 0 0 0 8388608 0 0 0 0 0 0 0 0 0 0 0 0 160 0 0 0 0 0 2147483648 0 0 0 0 0 0 0 0 0 0 0 0 0 0 0 0 0 0 0 0 0 0 0 0 0 0 0 0 0 0 0 0 0 1073741824 0 0 1 0 2147516416 8224 0 0 4 0 0 0 0 0 0 131072 8388608 0 0 2 0 0 0 0 0 0 0 0 0 0 0 0 0 0 0 0 0 0 0 0 32 0 0 0 0 0 0 0 2097152 0 0 0 0 0 0 0 0 0 0 0 0 0 0 0 0 0 0 0 0 0 0 0 0 0 0 0 0 1073741824 0 512
is_linear=0
shrinkage=0.05


Tree=28
num_leaves=31
num_cat=7
split_feature=196 166 170 159 223 182 195 176 164 211 31 173 207 170 165 164 176 164 166 173 31 40 173 31 167 164 164 195 31 166
split_gain=2698.04 1261.26 643.024 851.256 582.036 580.524 403.986 245.2 238.106 215.594 205.691 200.07 292.505 190.048 238.193 187.967 176.256 172.673 158.092 141.884 151.152 187.714 183.511 137.318 135.371 316.355 176.238 239.128 241.844 139.329
threshold=0 125.00000000000001 1.0000000180025095e-35 1 1.0000000180025095e-35 1.0000000180025095e-35 1.0000000180025095e-35 1.0000000180025095e-35 2 7.5000000000000009 1.0000000180025095e-35 7.5000000000000009 1.0000000180025095e-35 1.0000000180025095e-35 75.000000000000014 3 1.0000000180025095e-35 4 65.000000000000014 10.500000000000002 1.0000000180025095e-35 1.0000000180025095e-35 18.500000000000004 1.0000000180025095e-35 1.0000000180025095e-35 5 6 1.0000000180025095e-35 1.0000000180025095e-35 55.000000000000007
decision_type=1 2 2 1 2 2 2 2 9 2 2 2 2 2 2 9 2 9 2 2 2 2 2 2 2 9 9 2 2 2
left_child=1 13 3 4 5 9 15 -7 -8 11 -6 12 -2 14 -1 -4 -3 -5 -15 -16 21 -21 -22 -11 26 -26 -19 28 -28 -30
right_child=2 16 6 17 10 7 8 -9 -10 23 -12 -13 -14 18 19 -17 -18 24 -20 20 22 -23 -24 -25 25 -27 27 -29 29 -31
leaf_value=0.0041407068657488355 -0.025482757856238526 0.034579791128877338 0.0012204437438701147 -0.031890201835777669 -0.040196878453597956 0.023546454572394623 -0.035128189382080316 -0.0064849867954076268 0.015695341400664357 -0.011164511931859307 -0.012734119945206844 -0.010211813677662433 0.00062551793798432749 -0.0044110622791985596 0.00089312772817513896 -0.018863371270662527 0.017479811568950048 -0.0025095984743018149 0.015761449326020329 -0.049471376055436007 0.0025492240046799718 0.0040167044525233689 -0.040189810287803406 0.01326987780272397 0.038041934843308811 -0.051755139512340564 -0.0091569006508794831 -0.054979354100102108 -0.027050055291295186 -0.011197920104554247
leaf_weight=70946.760425390603 1189.7429459966661 3638.7915232047671 3141.1679572984576 2096.2767640835082 1482.0573624677199 2584.729759754613 232.15310921869241 921.55427000031341 5190.7012660594191 771.82965503609739 1264.8474865407916 18696.841074974072 10868.744673611887 1178.0985795422457 2415.6527388771065 1842.2716600451095 2577.8713435421232 2226.5414571566507 5516.3366268873215 567.51741798245348 1130.400834896951 230.29588181525469 322.32580285894801 2248.7646209318191 111.32066346821375 601.04281644924777 5973.5337679963704 417.95640294655459 5194.5209850573156 1893.7080799239047
leaf_count=191719 11229 13987 16381 104898 44744 5171 5647 4440 12805 5642 44812 225842 41913 5157 11270 42595 12086 29424 9476 8470 10799 2137 7057 5873 1204 25484 70294 24369 126108 34880
internal_value=0 0.00577571 -0.00741508 -0.00945191 -0.00534632 -0.00371076 0.00403607 0.0156521 0.0134798 -0.00572117 -0.0275577 -0.00697317 -0.00195097 0.00413599 0.00342095 -0.00623966 0.0274917 -0.0183147 0.0122106 -0.00752075 -0.0165523 -0.0340325 -0.00694068 0.00702387 -0.0165619 -0.0378911 -0.0156035 -0.0177508 -0.0165707 -0.0228168
internal_weight=157474 88524.1 68950.3 58544 40029.1 37282.2 10406.3 3506.28 5422.85 33775.9 2746.9 30755.3 12058.5 82307.4 75613 4983.44 6216.66 18514.9 6694.44 4666.19 2250.54 797.813 1452.73 3020.59 16418.6 712.363 15706.3 13479.7 13061.8 7088.23
internal_count=1155913 272158 883755 806327 389666 300110 77428 9611 18452 290499 89556 278984 53142 246085 231452 58976 26073 416661 14633 39733 28463 10607 17856 11515 311763 26688 285075 255651 231282 160988
cat_boundaries=0 1 2 12 42 72 79 103
cat_threshold=199 128 0 0 2 0 4096 0 0 0 0 131072 0 0 0 0 4096 0 4194304 0 0 0 8388608 0 0 0 0 0 0 0 0 0 0 0 0 96 0 0 0 0 0 2147483648 0 0 0 0 4096 0 0 0 0 131072 8388608 0 0 0 0 0 0 0 0 0 0 0 0 0 0 0 0 0 0 2147483648 0 0 4 0 0 0 4194304 0 0 0 0 0 0 0 2097152 0 0 0 0 0 0 0 0 0 0 0 0 0 0 0 128
is_linear=0
shrinkage=0.05


Tree=29
num_leaves=31
num_cat=7
split_feature=160 169 223 160 164 170 180 31 160 164 173 224 31 190 165 222 173 170 165 173 173 173 207 160 221 210 31 193 166 164
split_gain=2867.37 1527.62 1023.59 771.998 724.406 611.743 622.141 368.409 321.725 292.764 234.96 205.62 209.294 201.578 166.678 334.703 213.58 167.908 328.493 162.172 159.698 155.792 220.017 144.599 207.363 193.071 136.274 134.901 133.428 130.964
threshold=0 1.0000000180025095e-35 1.0000000180025095e-35 1 2 1.0000000180025095e-35 1.0000000180025095e-35 1.0000000180025095e-35 3 4 9.5000000000000018 1.0000000180025095e-35 1.0000000180025095e-35 1.0000000180025095e-35 145.00000000000003 1.0000000180025095e-35 16.500000000000004 1.0000000180025095e-35 75.000000000000014 17.500000000000004 9.5000000000000018 5.5000000000000009 1.0000000180025095e-35 5 1.0000000180025095e-35 1.5000000000000002 1.0000000180025095e-35 1.0000000180025095e-35 65.000000000000014 6
decision_type=9 2 2 9 9 2 2 2 9 9 2 2 2 2 2 2 2 2 2 2 2 2 2 9 2 2 2 2 2 9
left_child=1 14 3 9 -5 6 8 13 19 10 -2 21 -13 -7 17 16 -16 18 23 -6 -20 22 -10 25 -25 -1 -12 -26 -19 -23
right_child=2 -3 -4 4 5 7 -8 -9 11 -11 26 12 -14 -15 15 -17 -18 28 20 -21 -22 29 -24 24 27 -27 -28 -29 -30 -31
leaf_value=-0.0033228932023531862 0.017968481922312343 0.040033549952949998 -0.045846277660634607 -0.038029400418406009 -0.0010616214560205835 0.00062040772938922633 0.0043145488677683108 -0.023478119963187605 -0.010204002744621023 -0.031041630166372344 -0.049427245196360214 -0.00057257114415326812 -0.040435898333414141 0.017695982484692407 0.043246451638497468 -0.043486222258688395 0.00067062098620934273 -0.0031502672769281748 0.0017076313293461613 -0.016297804049194241 -0.01509754947338462 -0.026338605534566864 0.0098361395369261501 0.0055317887069608043 0.017929818845827946 0.019547330546460465 0.0010218007024847271 0.064751338905660621 0.015506778010767228 -0.011298672431365966
leaf_weight=8004.8475531117292 637.35284814541228 3281.4825939185685 1651.7496263734065 1579.8172533366305 15130.874834540591 2602.8851561940974 12328.191160961986 809.35467571753543 3997.5564987946709 4026.8583530056057 298.20828630193137 464.22575613157824 1134.3873505433148 5147.5064035468968 934.65815875586122 175.19173844379839 430.37805947498418 1152.9553634487092 2612.1037829479901 1974.0355924079195 3079.3206496751227 1561.6847906126641 2082.5963007399114 51405.81201804959 1871.1318829457741 1042.5426992478315 242.17019103904022 167.36241327598691 5658.6110262302682 20815.931219027349
leaf_count=41707 6333 13578 80881 68723 81935 11254 32200 32158 38248 96762 12989 5086 45197 9628 2560 1871 1403 5157 9664 25685 35309 51984 6597 122906 5002 2461 4901 518 10289 292927
internal_value=0 0.00662896 -0.00691761 -0.00605893 -0.00466736 -0.00388702 -0.00568591 0.0086096 -0.0083002 -0.0246163 -0.00256273 -0.0114145 -0.0288668 0.0119624 0.00519726 0.0214775 0.0298317 0.00486269 0.00411474 -0.00281906 -0.00738439 -0.0104374 -0.00333871 0.00516215 0.00615111 -0.000685283 -0.0268293 0.0217913 0.0123481 -0.0123659
internal_weight=156302 79816.4 76485.4 74833.6 69629 68049.2 59489.5 8559.75 47161.3 5204.59 1177.73 30056.4 1598.61 7750.39 76534.9 1540.23 1365.04 74994.7 68183.1 17104.9 5691.42 28457.8 6080.15 62491.7 53444.3 9047.39 540.378 2038.49 6811.57 22377.6
internal_count=1155913 252425 903488 822607 701622 632899 579859 53040 547659 120985 24223 440039 50283 20882 238847 5834 3963 233013 217567 107620 44973 389756 44845 172594 128426 44168 17890 5520 15446 344911
cat_boundaries=0 38 78 108 147 177 213 237
cat_threshold=0 0 6 0 4096 0 0 0 0 131072 0 0 0 0 0 0 0 0 0 0 0 0 0 224 0 0 0 0 0 0 0 0 0 41943040 512 67109376 0 1 8192 0 0 0 0 0 0 2097152 0 0 8388608 0 0 0 0 0 0 0 0 0 0 0 0 0 0 0 0 0 0 0 0 0 0 0 0 0 0 0 0 327680 0 0 2 0 0 0 0 0 0 131072 8388608 0 0 0 0 0 0 0 0 0 0 0 0 0 0 0 0 0 0 2147483648 0 0 0 0 0 0 0 0 0 0 0 0 0 0 0 0 0 0 0 0 0 0 0 0 0 0 0 0 0 2147483648 0 0 0 1073741824 0 0 1 8192 3221225472 0 0 4 0 0 0 4194304 0 0 131072 8388608 0 0 0 0 0 0 0 0 0 0 0 0 0 0 0 0 0 0 2147483648 0 0 0 0 4096 0 0 0 0 0 0 0 0 0 0 0 0 0 0 0 0 0 0 0 0 0 0 0 0 0 0 0 0 33554432 512 512 0 0 0 0 4096 0 0 0 0 0 0 0 0 0 0 0 0 0 0 0 0 0 0 32
is_linear=0
shrinkage=0.05


Tree=30
num_leaves=31
num_cat=12
split_feature=160 169 161 170 160 195 160 173 160 31 160 211 166 222 173 170 165 31 31 160 164 31 164 173 31 224 161 160 160 221
split_gain=2591.95 1420.47 749.706 829.354 679.872 349.58 519.541 302.233 378.352 215.602 617.328 179.174 172.257 362.574 205.061 164.772 312.11 162.132 158.451 156.163 434.966 304.039 211.7 147.977 144.174 221.322 135.635 129.868 126.857 198.447
threshold=0 1.0000000180025095e-35 1 1.0000000180025095e-35 2 1.0000000180025095e-35 3 15.500000000000002 4 1.0000000180025095e-35 5 7.5000000000000009 175.00000000000003 1.0000000180025095e-35 16.500000000000004 1.0000000180025095e-35 75.000000000000014 1.0000000180025095e-35 1.0000000180025095e-35 6 7 1.0000000180025095e-35 8 8.5000000000000018 1.0000000180025095e-35 1.0000000180025095e-35 9 10 11 1.0000000180025095e-35
decision_type=9 2 9 2 9 2 9 2 9 2 9 2 2 2 2 2 2 2 2 9 9 2 9 2 2 2 9 9 9 2
left_child=1 12 26 4 7 17 -7 9 -9 10 -4 -11 15 14 -14 16 28 -5 -10 21 -21 -6 -23 -18 -22 27 -2 -26 -1 -30
right_child=2 -3 3 5 19 6 -8 8 18 11 -12 -13 13 -15 -16 -17 23 -19 -20 20 24 22 -24 -25 25 -27 -28 -29 29 -31
leaf_value=-0.0095594790782368641 0.003075744045108633 0.039202700011881024 0.0029685883986730328 -0.0013868786356817904 -0.040703382187413879 0.016665636192130642 -0.048143969007840209 -0.031274803681414796 -0.032186487694071945 -0.001122405855471217 -0.022649461087667223 0.016926472934016761 0.04278973007498249 -0.045360458751097607 0.0014731099679954366 0.012043288196572736 0.0026716931137979426 -0.024770209126952769 0.003280351135288578 -0.046952480953310886 -0.0092530649686431692 0.0086374235433838379 -0.024548296115886926 -0.01395785781976926 -0.0028548120686529882 -0.039300093350100963 0.044399558719067596 -0.017966320813401375 0.0046985407002631471 0.020742865295528698
leaf_weight=1478.2910381767433 14081.696067476762 3149.7787643031916 5131.4878588629654 3935.0992505601025 1961.0502569804376 5039.1241272933548 319.7622873231885 2370.2252004828624 377.71622795541771 9443.9155218049564 4330.6304538888799 1608.7841939883074 961.62496656831354 180.26181088853627 437.00819247285835 6754.7150454449002 2199.392050648923 913.04364844487282 1880.3647397160821 1052.0334563675278 8830.1223852971016 720.83549177879468 1418.7092848082248 3411.8272153849539 1716.5780703240307 1079.0589551401135 191.09500377299264 8800.1555532306593 58841.688870767714 1992.2970833971631
leaf_count=7793 42663 13578 25175 21739 58256 11454 6998 66940 6939 71348 43914 3811 2700 1984 1535 15400 7754 37265 17598 82101 122454 11587 38747 37047 26626 45197 435 162241 159114 5520
internal_value=0 0.00629974 -0.00665198 -0.00906828 -0.0116866 0.00393368 0.0127347 -0.00583936 -0.0173825 -0.00323738 -0.00877715 0.00150491 0.0049412 0.0212829 0.0298889 0.00459549 0.00385468 -0.00579376 -0.00264419 -0.0174249 -0.0156955 -0.0264186 -0.0134403 -0.00743914 -0.014062 -0.0177352 0.0036616 -0.0155203 0.00487182 0.00522338
internal_weight=154608 79406.9 75201.5 60928.7 50721.7 10207 5358.89 25143.1 4628.31 20514.8 9462.12 11052.7 76257.1 1578.89 1398.63 74678.2 67923.5 4848.14 2258.08 25578.5 21477.9 4100.6 2139.54 5611.22 20425.9 11595.8 14272.8 10516.7 62312.3 60834
internal_count=1155913 252425 903488 860390 782934 77456 18452 235725 91477 144248 69089 75159 238847 6219 4235 232628 217228 59004 24537 547209 438619 108590 50334 44801 356518 234064 43098 188867 172427 164634
cat_boundaries=0 38 72 111 112 151 188 228 258 282 316 317 322
cat_threshold=0 0 6 0 4096 0 0 0 0 131072 0 0 0 0 0 0 0 0 0 0 0 0 0 224 0 0 0 0 0 0 0 0 0 41943040 512 67109376 0 1 0 0 4096 0 0 8388608 0 0 0 1 524288 0 0 0 0 0 0 0 0 0 0 0 0 0 0 0 0 0 0 0 0 0 0 65536 0 0 0 0 0 0 0 0 0 0 0 0 0 0 0 0 0 0 0 0 0 0 0 0 0 0 0 0 0 2147483648 0 0 0 1073741824 0 0 1073741825 8192 3221258240 524320 0 0 0 0 0 0 0 0 0 0 0 0 0 0 0 0 0 0 0 0 0 0 0 0 0 0 0 0 0 0 0 0 0 1073741824 0 0 1 0 32768 0 0 0 0 0 0 0 0 0 0 0 0 0 0 0 0 0 0 0 0 0 0 0 0 0 0 0 0 0 0 0 0 0 1073741824 0 0 1 8192 0 0 0 0 0 0 0 0 0 8388608 0 0 0 0 0 0 0 0 0 0 0 0 0 0 0 0 0 0 0 0 0 0 0 0 0 0 0 0 327680 0 0 0 0 4096 0 0 0 0 131072 8388608 0 0 0 0 0 0 0 0 0 0 0 0 0 0 0 0 0 0 2147483648 0 0 4 0 4096 0 4194304 2097152 0 131072 0 0 0 0 0 0 0 0 0 0 0 0 0 64 0 0 0 0 0 0 0 0 0 0 524288 0 0 0 0 0 0 0 0 0 0 0 0 0 0 0 0 0 0 0 0 0 0 65536 32 0 0 0 0 4096
is_linear=0
shrinkage=0.05


Tree=31
num_leaves=31
num_cat=11
split_feature=160 169 223 163 196 176 160 173 160 169 160 173 161 167 164 31 166 222 173 176 164 170 165 173 164 160 166 31 160 173
split_gain=2347.16 1315.31 826.309 648.218 820.438 563.522 448.626 406.986 279.988 226.063 209.768 202.27 228.156 169.598 167.149 170.535 164.997 333.385 190.979 153.46 147.282 142.359 290.652 139.228 137.568 136.501 130.799 127.495 124.842 158.49
threshold=0 1.0000000180025095e-35 1.0000000180025095e-35 4.5000000000000009 1 1.0000000180025095e-35 2 13.500000000000002 3 1.0000000180025095e-35 4 14.500000000000002 5 1.0000000180025095e-35 6 1.0000000180025095e-35 175.00000000000003 1.0000000180025095e-35 16.500000000000004 1.0000000180025095e-35 7 1.0000000180025095e-35 75.000000000000014 10.500000000000002 8 9 65.000000000000014 1.0000000180025095e-35 10 11.500000000000002
decision_type=9 2 2 2 1 2 9 2 9 2 9 2 9 2 9 2 2 2 2 2 9 2 2 2 9 9 2 2 9 2
left_child=1 16 3 4 5 11 7 19 27 20 -4 14 -13 -10 15 -2 21 18 -18 -6 -5 22 -1 -24 -11 -9 -23 -7 -8 -30
right_child=2 -3 10 9 6 8 28 25 13 24 -12 12 -14 -15 -16 -17 17 -19 -20 -21 -22 26 23 -25 -26 -27 -28 -29 29 -31
leaf_value=0.0047530627336321088 0.0044962314520478018 0.038413240969864211 0.0042974288969380905 -0.018819463090429242 0.00313253354521747 0.029075800774524114 -0.009327907092567261 0.0053881962190373955 0.0060208420856237713 -0.0022659280516104416 -0.047981992813832766 0.049069530663827354 0.00080363016639712769 -0.030147325911620882 -0.013555165180736743 -0.038873566621932497 0.042148528063151683 -0.044101428957638134 0.001797783037582754 -0.0092089830558081589 -0.037467947990917121 -0.003943669894429477 0.00037259619099218192 -0.015468925324786095 -0.019567300789377608 -0.022940911208703708 0.014529764607225305 -0.0199277788379188 -0.023933892948924188 -0.011151979875779297
leaf_weight=60717.694766510074 2641.3412439697422 3027.564210725599 227.28707228889107 3373.1676972612331 10653.893842872465 1795.7230616528541 5764.7890840133186 497.57689442159608 17292.429039423587 2702.4786697065865 1437.4146202393458 288.78271471406333 1361.2580650658347 329.78144174977206 6921.5648109426402 247.42923785373569 927.64367241831496 173.58737185569771 429.12980514462106 3298.1339760567062 1610.744123468321 1155.2010226121638 2903.35749417037 2654.0390345868946 2002.7203748895263 2969.8255030308792 5601.1369978855364 142.85767645825399 5868.8056490480667 4138.877613827266
leaf_count=163130 8556 13578 4921 120431 41231 2855 79721 4790 54144 19565 76668 1095 12441 17517 50592 8733 2700 1984 1535 26529 79340 5157 12718 32083 43827 53728 10243 7241 103316 95544
internal_value=0 0.00610815 -0.00627161 -0.00548748 -0.00366832 0.00217822 -0.0091305 -0.00359328 0.00733723 -0.0175424 -0.0411043 -0.00662487 0.00956841 0.00533984 -0.00934934 0.000771034 0.00479692 0.0210436 0.0293952 0.000214526 -0.0249635 0.00445626 0.00375125 -0.00719263 -0.00967884 -0.0189246 0.0113704 0.0253272 -0.0152391 -0.0186304
internal_weight=153156 77589.4 75566.9 73902.2 64213.1 31021.2 33191.9 17419.4 19560.8 9689.11 1664.7 11460.4 1650.04 17622.2 9810.34 2888.77 74561.8 1530.36 1356.77 13952 4983.91 73031.4 66275.1 5557.4 4705.2 3467.4 6756.34 1938.58 15772.5 10007.7
internal_count=1155913 243128 912785 831196 568033 163174 404859 126278 81757 263163 81589 81417 13536 71661 67881 17289 229550 6219 4235 67760 199771 223331 207931 44801 63392 58518 15400 10096 278581 198860
cat_boundaries=0 39 40 79 80 120 154 184 208 238 277 316
cat_threshold=0 0 6 0 4096 0 0 0 0 131072 0 0 0 0 0 0 0 0 0 0 0 0 0 224 0 0 0 0 0 0 0 0 0 41943040 0 67109376 0 1 2147483648 2083 0 0 0 0 0 0 0 0 0 0 0 0 0 0 0 0 0 0 0 0 0 0 0 0 0 0 0 0 0 2147483648 0 0 0 1073741824 512 0 1 0 1073774592 32 0 0 0 0 0 0 0 0 0 0 0 0 0 0 0 0 0 0 0 0 0 0 0 0 0 0 0 0 0 0 0 0 0 0 512 0 0 0 1073741824 327680 0 0 4096 0 0 8388608 0 0 0 0 0 0 0 128 0 0 0 0 0 0 0 0 0 0 0 0 0 0 0 0 0 0 0 32768 0 0 0 0 0 0 4194304 0 0 0 8388608 0 0 0 0 0 0 0 0 0 0 0 0 160 0 0 0 0 0 2147483648 0 0 4 0 0 0 4194304 2097152 0 131072 0 0 0 0 0 0 0 0 0 0 0 0 0 192 0 0 2 0 0 0 4194304 2097152 0 0 0 0 0 0 0 0 0 0 0 0 0 0 0 160 0 0 0 0 0 2147483648 0 0 0 0 0 0 0 0 0 0 0 0 0 0 0 0 0 0 0 0 0 0 0 0 0 0 0 0 0 2147483648 0 0 0 0 512 0 0 0 1073741824 0 0 0 0 0 0 0 0 0 0 0 0 0 0 0 0 0 0 0 0 0 0 0 0 0 0 0 0 0 0 0 0 0 0 0 0 1073741824 0 512
is_linear=0
shrinkage=0.05


Tree=32
num_leaves=31
num_cat=9
split_feature=160 162 160 195 196 173 166 223 160 191 160 180 195 176 211 161 164 170 160 173 167 221 40 195 31 173 224 31 167 164
split_gain=2212.74 773.258 651.23 706.15 749.013 618.259 367.324 339.601 426.561 309.05 247.754 196.212 180.809 167.057 160.528 158.577 142.902 140.123 273.922 186.995 169.137 161.796 149.11 139.611 139 157.316 135.717 158.166 132.732 310.381
threshold=0 3.0000000000000004 1 1.0000000180025095e-35 2 10.500000000000002 95.000000000000014 1.0000000180025095e-35 3 1.0000000180025095e-35 4 1.0000000180025095e-35 1.0000000180025095e-35 1.0000000180025095e-35 10.500000000000002 5 6 1.0000000180025095e-35 7 18.500000000000004 1.0000000180025095e-35 1.0000000180025095e-35 1.0000000180025095e-35 1.0000000180025095e-35 1.0000000180025095e-35 10.500000000000002 1.0000000180025095e-35 1.0000000180025095e-35 1.0000000180025095e-35 8
decision_type=9 2 9 2 1 2 2 2 9 2 9 2 2 2 2 9 9 2 9 2 2 2 2 2 2 2 2 2 2 9
left_child=1 17 5 4 7 10 -5 11 -9 26 12 14 16 -3 15 -4 -2 18 19 20 22 -20 24 -7 25 -1 28 -28 -6 -30
right_child=2 13 3 6 9 23 -8 8 -10 -11 -12 -13 -14 -15 -16 -17 -18 -19 21 -21 -22 -23 -24 -25 -26 -27 27 -29 29 -31
leaf_value=-0.0107409402663985 0.020587763326905845 0.031422366938351091 0.045024876870644215 -0.037059761490123515 -0.010012393326791887 -0.03054538369119715 0.015213649090435787 0.026830013125027342 -0.044795145208649197 -0.04221543979586137 -0.028125712304872194 0.004190212018517046 -0.042145283903528195 0.013894418496314509 0.01291373402894931 -0.004677197397393691 -0.0037640165672111949 0.011642538678473792 0.0045071421045576798 -0.035587372822080805 0.017067631735806207 0.01915726128461805 0.0024690992592776625 -0.057197172512818452 -0.0045055131256506583 -0.046815381928748248 -0.0022071272035599152 -0.037881534411554237 0.033249272808498889 -0.036297914019447382
leaf_weight=649.22811976884259 760.14207525760867 3210.6199903737288 151.11691100010648 357.00959652161691 17670.684941858271 2961.9219761328714 5598.3389598836075 264.52878084545955 896.3963877845963 899.83619404569617 1116.4450952162733 11867.340302494238 253.2752174657362 2361.9896807281038 1414.2211638552835 26152.794578974346 2750.9811704080203 6487.4213750122581 55325.794553218919 493.60884179742425 848.31045936996816 1950.904782383237 2200.7419816993643 590.52446948888246 1414.8715086311568 566.29667040903587 448.3310478242347 1014.3157629390844 180.59295385237783 1113.4820131380693
leaf_count=3760 6079 13987 342 25251 260489 107705 22457 1615 49702 43888 16775 32200 9047 12086 4479 186826 27578 14605 135980 9489 4577 5520 12762 26894 9538 8281 5086 45197 2615 51103
internal_value=0 0.00607078 -0.00599517 -0.00436855 -0.00594714 -0.0190943 0.0120763 -0.00197087 -0.0286205 -0.0135362 -0.00756452 -0.00118934 -0.00138385 0.0239958 -0.00349277 -0.00437528 0.0015567 0.00464314 0.00392733 -0.00607373 -0.00351556 0.00500552 -0.00713224 -0.0349846 -0.0151661 -0.027564 -0.0122782 -0.0269545 -0.0111454 -0.0266029
internal_weight=151972 75509.8 76462.3 68029 62073.6 8433.29 5955.35 40746.4 1160.93 21327.2 4880.84 39585.5 3764.4 5572.61 27718.1 26303.9 3511.12 69937.2 63449.8 6173.06 5679.45 57276.7 4831.14 3552.45 2630.4 1215.52 20427.4 1462.65 18964.8 1294.07
internal_count=1155913 230585 925328 731250 683542 194078 47708 275164 51317 408378 59479 223847 42704 26073 191647 187168 33657 204512 189907 48407 38918 141500 34341 134599 21579 12041 364490 50283 314207 53718
cat_boundaries=0 38 78 79 118 157 163 174 198 205
cat_threshold=0 0 6 0 4096 0 0 0 0 131072 0 0 0 0 0 0 0 0 0 0 0 0 0 224 0 0 0 0 0 0 0 0 0 41943040 0 67108864 0 1 8192 0 0 0 0 0 0 2097152 0 0 8388608 0 0 0 0 0 0 0 0 0 0 0 0 0 0 0 0 0 0 0 0 0 0 0 0 0 0 0 512 327680 3075 0 0 0 0 0 0 0 0 0 0 0 0 0 0 0 0 0 0 0 0 0 0 0 0 0 0 0 0 0 0 0 0 0 0 512 512 0 0 3221225472 8192 0 0 0 0 0 0 0 0 0 0 0 0 0 0 0 0 0 0 0 0 0 0 0 0 0 0 0 0 0 0 0 0 0 0 0 0 0 512 0 0 4096 0 0 8388608 0 0 6 0 4096 0 0 0 0 131072 8388608 0 0 0 0 4096 0 0 0 0 0 0 0 0 0 0 0 0 0 0 0 0 0 0 128 0 0 4 0 4096 0 4194304
is_linear=0
shrinkage=0.05


Tree=33
num_leaves=31
num_cat=8
split_feature=196 169 170 196 223 182 195 176 211 31 164 174 207 170 164 165 222 174 164 169 164 164 164 40 174 167 167 31 195 214
split_gain=1865.47 1210.73 542.698 651.707 442.826 507.506 310.028 229.04 195.602 194.031 171.772 156.233 238.855 154.187 223.173 144.687 237.634 200.217 135.393 131.661 210.985 131.322 119.05 116.01 114.068 111.684 111.59 110.704 110.279 104.803
threshold=0 1.0000000180025095e-35 1.0000000180025095e-35 1 1.0000000180025095e-35 1.0000000180025095e-35 1.0000000180025095e-35 1.0000000180025095e-35 7.5000000000000009 1.0000000180025095e-35 2 150.00000000000003 1.0000000180025095e-35 1.0000000180025095e-35 3 95.000000000000014 1.0000000180025095e-35 330.00000000000006 4 1.0000000180025095e-35 5 6 7 1.5000000000000002 210.00000000000003 1.0000000180025095e-35 1.0000000180025095e-35 1.0000000180025095e-35 1.0000000180025095e-35 135.00000000000003
decision_type=1 2 2 1 2 2 2 2 2 2 9 2 2 2 9 2 2 2 9 2 9 9 9 2 2 2 2 2 2 2
left_child=1 13 3 4 5 8 21 24 11 -6 -8 12 -2 14 26 -16 17 -17 -15 20 -5 -4 25 27 -7 -21 -1 -10 -24 -22
right_child=2 -3 6 19 9 7 10 -9 23 -11 -12 -13 -14 18 15 16 -18 -19 -20 22 29 -23 28 -25 -26 -27 -28 -29 -30 -31
leaf_value=-0.0089609796622575465 -0.023669959253875581 0.037005851523081605 0.0013451588807869407 -0.036411914067986072 -0.038141111161144985 0.030167823679977737 -0.031440832381100445 -0.0065057350323541084 -0.0072456546228943349 -0.010127627678202071 0.014809735395649294 -0.0092978581900173031 0.00053401301445540189 0.014340390797998323 0.0036164089583872448 0.041279322711402236 -0.040343249331164822 -0.00090798384190215976 -0.0042542001890480503 7.1454360859727351e-05 -0.016806545764179226 -0.016145777933526735 -0.014307331960682901 -0.020532803064868054 0.0067269574258678926 -0.059329717705269347 0.0076544507415500646 0.016649480298692378 -0.053301927630410764 0.094206715043860551
leaf_weight=5237.8391057339613 1129.5182196945534 2830.9563450237038 3047.5557244018419 1541.65683554727 1324.4184547532495 1723.6795804300345 200.44182113558054 887.35489420185331 643.82199765287805 1160.7406495604519 4924.7225038002944 17944.890349616733 10399.680622896878 5487.781634460669 68168.619788785785 825.38723823707551 146.20654754736461 426.08424906176515 1190.7235783860087 2449.4505849348498 10953.625739727475 1646.1118209982087 1900.4213701566332 334.49702112050727 743.83301675319672 81.266274321824312 1251.315140413295 1954.7964134517824 200.20295910752611 20.799042007885873
leaf_count=41351 11229 13578 16381 79340 44744 3122 5647 4440 4676 44812 12805 225842 41913 10271 187508 2564 1754 1430 5380 15746 273826 42595 35257 2305 2049 2407 8322 4534 9982 103
internal_value=0 0.00485505 -0.00636994 -0.00829127 -0.00465523 -0.00323785 0.00446247 0.0152728 -0.00515447 -0.0250636 0.0129646 -0.00637998 -0.00183775 0.00375523 0.00311547 0.00394253 0.0198659 0.0269173 0.0110394 -0.0163885 -0.0190636 -0.0048206 -0.00919204 0.00715762 0.0231064 -0.00183814 -0.00574703 0.0107272 -0.0179525 -0.0165763
internal_weight=150778 85564.9 65213.5 55394.7 38247.2 35762.1 9818.83 3354.87 32407.2 2485.16 5125.16 29474.1 11529.2 82734 76055.5 69566.3 1397.68 1251.47 6678.51 17147.4 12516.1 4693.67 4631.34 2933.12 2467.51 2530.72 6489.15 2598.62 2100.62 10974.4
internal_count=1155913 272158 883755 806327 389666 300110 77428 9611 290499 89556 18452 278984 53142 258580 242929 193256 5748 3994 15651 416661 353269 58976 63392 11515 5171 18153 49673 9210 45239 273929
cat_boundaries=0 1 2 12 36 60 90 120 150
cat_threshold=199 3080 0 0 2 0 4096 0 0 0 0 131072 0 0 6 0 0 0 0 0 0 0 0 0 0 0 0 0 0 0 0 0 0 0 0 64 0 0 4 0 0 0 0 0 0 131072 0 0 0 0 0 0 0 0 0 0 0 0 0 64 0 0 2 0 4096 0 0 0 0 0 8388608 0 0 0 0 0 0 0 0 0 0 0 0 32 0 0 0 0 0 2147483648 0 0 0 0 4096 0 4194304 0 0 0 8388608 0 0 0 0 0 0 0 0 0 0 0 0 96 0 0 0 0 0 2147483648 0 0 0 0 0 0 4194304 2097152 0 0 0 0 0 0 0 0 0 0 0 0 0 0 0 160 0 0 0 0 0 2147483648
is_linear=0
shrinkage=0.05


Tree=34
num_leaves=31
num_cat=10
split_feature=160 169 160 164 173 170 196 223 160 31 160 190 180 161 211 164 223 166 222 173 170 165 173 173 169 159 166 181 173 164
split_gain=1981.03 1057.24 571.559 574.712 559.916 530.002 526.031 358.576 320.659 271.208 239.201 184.403 181.432 145.643 143.26 123.759 140.263 120.372 291.695 182.422 124.072 241.759 127.748 112.341 219.279 113.518 110.041 106.144 109.438 105.763
threshold=0 1.0000000180025095e-35 1 2 10.500000000000002 1.0000000180025095e-35 3 1.0000000180025095e-35 4 1.0000000180025095e-35 5 1.0000000180025095e-35 1.0000000180025095e-35 6 7.5000000000000009 7 1.0000000180025095e-35 175.00000000000003 1.0000000180025095e-35 16.500000000000004 1.0000000180025095e-35 75.000000000000014 10.500000000000002 11.500000000000002 1.0000000180025095e-35 8 65.000000000000014 15.000000000000002 17.500000000000004 9
decision_type=9 2 9 9 2 2 1 2 9 2 9 2 2 9 2 9 2 2 2 2 2 2 2 2 2 1 2 2 2 9
left_child=1 17 4 -4 10 6 23 12 -9 11 15 -7 13 -8 -15 -2 -17 20 19 -19 21 -1 -23 24 25 -5 -22 -14 -29 -11
right_child=2 -3 3 5 -6 9 7 8 -10 29 -12 -13 27 14 -16 16 -18 18 -20 -21 26 22 -24 -25 -26 -27 -28 28 -30 -31
leaf_value=0.0044840847678951357 -0.020330975427347651 0.036228709469968083 -0.035880637951264338 -0.015399374303523805 -0.033828026071685599 0.00026436078786417277 0.040410562841890374 0.036556403491582061 -0.043142583910733168 0.015139214094474449 -0.027685464943358769 0.016870126555273212 0.02050610508200483 -0.0052992259309272566 0.0064537194721638325 0.0053450554158021362 -0.04804716205110085 0.040376081171977135 -0.043397961383063392 0.00042918872525653511 -0.0034627510806373323 0.00074011977131165985 -0.014684979722022623 -0.0079897175305069703 -0.0036778798436625619 -0.028459168600262243 0.013688644829992139 -0.001593309615164391 0.0086649232807837744 -0.030470015724002569
leaf_weight=59940.570213454062 681.74055224406766 2726.1232701725094 1397.9572616190999 4263.5758665546309 3399.513715357054 2544.0955368066207 175.83311651367694 141.765389876673 849.04691159350477 158.80154856981244 1101.3642650709953 4879.1271912597585 882.56487349653617 22911.872831648703 2922.8712744662771 2917.5701391671319 127.90998134954134 847.53098044986837 166.24906469778216 431.46497670933604 1126.8314622747712 2828.0197910083807 2553.3157576846716 7368.0897077205009 2575.9117962189484 2858.0105798623117 5480.4443476118613 6548.2646261255722 4310.6605085770134 571.21311166533269
leaf_count=161171 13440 13578 68723 72126 134599 11254 435 720 49764 2521 16775 9628 2157 169946 11515 24276 4988 2700 1984 1535 5157 12718 32083 167630 20530 74037 10243 20178 9865 29637
internal_value=0 0.00565589 -0.00584899 -0.00428354 -0.0182622 -0.0035871 -0.00532738 -0.00210287 -0.031788 0.00831961 -0.0073376 0.0111801 -0.00132379 -0.00365273 -0.0039677 -0.00124311 0.0030833 0.00452046 0.0188062 0.0269095 0.00423323 0.00357261 -0.00657848 -0.0126386 -0.0161826 -0.0207044 0.0107628 0.00383495 0.00247865 -0.020748
internal_weight=149688 76100.5 73587.8 65359.7 8228.1 63961.7 55808.5 38742.9 990.812 8153.24 4828.58 7423.22 37752.1 26010.6 25834.7 3727.22 3045.48 73374.4 1445.25 1279 71929.2 65321.9 5381.34 17065.6 9697.5 7121.59 6607.28 11741.5 10858.9 730.015
internal_count=1155913 241169 914744 720666 194078 651943 598903 264580 50484 53040 59479 20882 214096 181896 181461 42704 29264 227591 6219 4235 221372 205972 44801 334323 166693 146163 15400 32200 30043 32158
cat_boundaries=0 38 78 108 109 148 187 197 221 222 246
cat_threshold=0 0 6 0 4096 0 0 0 0 131072 0 0 0 0 0 0 0 0 0 0 0 0 0 224 0 0 0 0 0 0 0 0 0 41943040 512 67108864 0 1 8192 0 0 0 0 0 0 2097152 0 0 8388608 0 0 0 0 0 0 0 0 0 0 0 0 0 0 0 0 0 0 0 0 0 0 0 0 0 0 0 512 327680 0 0 2 0 0 0 0 0 0 131072 8388608 0 0 0 0 0 0 0 0 0 0 0 0 0 0 0 0 0 0 2147483648 568 0 0 0 0 0 0 0 0 0 0 0 0 0 0 0 0 0 0 0 0 0 0 0 0 0 0 0 0 0 0 0 0 0 0 0 512 0 0 2147483648 8192 0 0 0 0 0 0 0 0 0 0 0 0 0 0 0 0 0 0 0 0 0 0 0 0 0 0 0 0 0 0 0 0 0 0 0 0 0 512 0 0 4096 0 0 8388608 0 0 0 1 0 0 0 0 0 0 0 0 0 0 0 0 0 0 0 0 0 0 0 0 0 0 0 224 16512 0 0 4 0 4096 0 4194304 0 0 0 0 0 0 0 0 0 0 0 0 0 0 0 0 64
is_linear=0
shrinkage=0.05


Tree=35
num_leaves=31
num_cat=11
split_feature=160 169 223 171 196 176 160 160 160 173 169 204 173 160 173 160 211 173 31 160 161 166 222 173 181 167 181 164 160 173
split_gain=2023.37 962.388 510.31 476.96 581.638 376.791 334.209 319.602 306.912 251.664 177.675 176.55 214.74 171.113 165.383 150.066 139.921 137.179 134.704 138.955 132.359 121.384 270.023 154.253 119.129 120.075 110.526 106.868 105.54 139.195
threshold=0 1.0000000180025095e-35 1.0000000180025095e-35 1.0000000180025095e-35 1 1.0000000180025095e-35 2 3 4 9.5000000000000018 1.0000000180025095e-35 1.0000000180025095e-35 15.500000000000002 5 16.500000000000004 6 11.500000000000002 14.500000000000002 1.0000000180025095e-35 7 8 175.00000000000003 1.0000000180025095e-35 16.500000000000004 435.00000000000006 1.0000000180025095e-35 45.000000000000007 9 10 11.500000000000002
decision_type=9 2 2 2 1 2 9 9 9 2 2 2 2 9 2 9 2 2 2 9 9 2 2 2 2 2 2 9 9 2
left_child=1 21 3 4 5 11 -4 9 -7 15 18 12 -2 17 -15 -6 -13 -11 -5 -20 -14 -1 23 -23 25 26 -10 -12 -9 -30
right_child=2 -3 6 10 7 8 -8 28 24 13 27 16 20 14 -16 -17 -18 -19 19 -21 -22 22 -24 -25 -26 -27 -28 -29 29 -31
leaf_value=0.0043978517825277747 -0.0060308867513610281 0.035481474558219595 -0.04533103417901465 -0.03526943092923452 0.0029392072561307981 0.024844402977805425 0.017002421969856681 -0.008283010903094315 0.0090565865982857891 -0.0089616695464182789 -0.032113756568273262 -0.025619648551888807 0.049602713923657074 -0.0092996486803098143 -0.028325707121468525 -0.020311546038533281 0.01313807963790109 0.031114568181849073 -0.0071868283482002422 -0.028302103824807301 0.0077057111927171448 0.03978809711067112 -0.041627294975687096 0.0023337635327860314 -0.025238087098388373 -0.027232265606497413 0.00091867568695059925 -0.006362038176526196 -0.022218090896151701 -0.0098741972884633412
leaf_weight=71171.618077255785 8062.9906733807875 2628.1576109873131 1241.3898926189577 1479.677381336136 9442.2276036411058 1827.3620165475295 258.24047160192276 5572.7286703312711 7476.8487185588456 453.33608108921908 438.96551826980431 1624.2653060450393 243.95469717285596 4572.5908237081312 1523.0862104725384 738.51035776420031 271.32632824813481 402.64876262872713 1716.5931936864072 1454.7340802310209 779.02889781072736 819.88899065577425 160.42876913852524 413.96533760498278 356.13131562899798 302.63738625164842 9443.3420419906033 4131.3228904177813 5454.0347192064655 3934.4111434260994
leaf_count=221372 56924 13578 76572 88792 34903 10096 4904 79721 28070 4007 18172 15015 961 46739 33820 4711 1380 4170 48878 62101 7137 2700 1984 1535 689 17517 25385 45220 103316 95544
internal_value=0 0.0057602 -0.0059169 -0.00531374 -0.00374695 0.00121144 -0.0347805 -0.00843966 0.00540016 -0.00377084 -0.0159287 -0.0061891 -0.0032922 -0.0111063 -0.0140333 0.00123413 -0.0200674 0.00977706 -0.0228091 -0.0169891 0.0182812 0.00468425 0.0192933 0.027232 0.00336192 0.00395626 0.00451519 -0.00892394 -0.0137793 -0.0170283
internal_weight=148396 75194.1 73202.4 71702.8 62481.5 30387.9 1499.63 32093.6 19406.3 17132.4 9221.29 10981.6 9085.97 6951.66 6095.68 10180.7 1895.59 855.985 4651 3171.33 1022.98 72565.9 1394.28 1233.85 17579 17222.8 16920.2 4570.29 14961.2 9388.45
internal_count=1155913 241169 914744 833268 570105 163174 81476 406931 81757 128350 263163 81417 65022 88736 80559 39614 16395 8177 199771 110979 8098 227591 6219 4235 71661 70972 53455 63392 278581 198860
cat_boundaries=0 38 39 78 117 118 157 196 197 231 242 281
cat_threshold=0 0 6 0 4096 0 0 0 0 131072 0 0 0 0 0 0 0 0 0 0 0 0 0 224 0 0 0 0 0 0 0 0 0 41943040 512 67108864 0 1 2083 0 0 0 0 0 0 0 0 0 0 0 0 0 0 0 0 0 0 0 0 0 0 0 0 0 0 0 0 0 0 0 0 0 1073741824 0 0 1 0 33280 0 0 0 0 0 0 0 0 0 0 0 0 0 0 0 0 0 0 0 0 0 0 0 0 0 0 0 0 0 2147483648 0 0 0 1073741824 0 512 1 0 3221258240 32 0 0 0 0 0 0 0 0 0 0 0 0 0 0 0 0 0 0 0 0 0 0 0 0 0 0 0 0 0 2147483648 0 0 0 0 0 512 0 0 3221225472 0 0 0 0 0 0 0 0 0 0 0 0 0 0 0 0 0 0 0 0 0 0 0 0 0 0 0 0 0 0 0 0 0 1073741824 0 0 1 0 32768 8224 0 0 4096 0 0 8388608 0 0 0 0 0 0 0 128 0 0 0 0 0 0 0 0 0 0 0 0 0 0 0 0 0 0 0 32768 0 0 0 0 0 0 0 0 0 131072 8388608 0 0 0 0 0 0 0 0 0 0 0 0 0 0 0 0 0 0 0 0 0 0 0 0 0 0 0 0 0 0 0 0 0 0 0 0 1073741824 0 512
is_linear=0
shrinkage=0.05


Tree=36
num_leaves=31
num_cat=6
split_feature=160 169 161 170 160 195 160 223 160 223 160 191 195 191 173 211 170 220 165 222 173 167 224 173 173 165 40 173 176 173
split_gain=1625.53 914.611 536.855 603.687 532.893 262.607 424.058 193.064 330.194 149.397 142.689 252.803 198.537 142.836 123.241 122.292 121.909 153.584 122.749 208.818 123.506 115.49 111.142 107.64 105.788 97.7613 96.8612 109.604 100.134 97.1227
threshold=0 1.0000000180025095e-35 1 1.0000000180025095e-35 2 1.0000000180025095e-35 3 1.0000000180025095e-35 4 1.0000000180025095e-35 5 1.0000000180025095e-35 1.0000000180025095e-35 1.0000000180025095e-35 14.500000000000002 7.5000000000000009 1.0000000180025095e-35 1.0000000180025095e-35 145.00000000000003 1.0000000180025095e-35 16.500000000000004 1.0000000180025095e-35 1.0000000180025095e-35 22.500000000000004 22.500000000000004 155.00000000000003 1.0000000180025095e-35 9.5000000000000018 1.0000000180025095e-35 12.500000000000002
decision_type=9 2 9 2 9 2 9 2 9 2 9 2 2 2 2 2 2 2 2 2 2 2 2 2 2 2 2 2 2 2
left_child=1 16 14 4 7 21 -7 15 -9 10 12 22 13 -6 -2 -4 17 18 -1 20 -20 -5 25 -17 26 -12 27 -19 29 -29
right_child=2 -3 3 5 9 6 -8 8 -10 -11 11 -13 -14 -15 -16 23 -18 24 19 -21 -22 -23 -24 -25 -26 -27 -28 28 -30 -31
leaf_value=0.0038681825164738081 -0.00094102066403143518 0.034729864129584259 -0.0050438802817513503 -0.00073584637150477818 -0.023627529289744653 0.015681018880547206 -0.046649411971187514 0.021858103956682993 -0.041785871190838694 -0.041378758134746063 -0.010220114053744886 -0.049174270404916287 -0.053842570147697166 0.0060084160013584055 0.0086136434459626859 0.0079394830486223152 0.010682177270928274 0.00024831962952584128 0.038987103428511541 -0.038529053357273448 0.0038076683833540037 -0.021403935748334556 -0.025546636102337206 -0.037271271225449869 -0.049304561648070282 -0.038335101026174934 0.0037385180189622455 -0.044149302513379104 -0.0051455630551769443 0.00094056156658487572
leaf_weight=59120.789200489526 6904.9694021375617 2536.1008374058874 22704.345884725131 3769.1698930443381 2636.2092474151577 4714.4381449331995 279.93519400112564 269.64404806459788 782.32658090793848 524.47730412585952 17281.531513665457 462.93586096675426 472.48683563663508 480.18346498257597 6599.2930626726011 2792.7326489195693 6545.7409259569831 1130.5950959740439 727.71743459487334 136.39530502373236 380.19173747929744 823.25709080210072 1363.0608052539501 137.64334923145361 131.95491418670281 314.54286532383412 2138.2597203121986 530.71587313618511 535.79144662449835 153.75853977072984
leaf_count=156400 26347 13578 193571 21739 68493 11454 6998 1490 49702 30992 289547 47810 28943 7128 16712 10868 15623 4558 2537 1743 1377 37265 50283 647 3917 24052 14195 8649 7064 2231
internal_value=0 0.00522386 -0.00527764 -0.00731077 -0.00950674 0.00418498 0.0121201 -0.00466334 -0.0256544 -0.0149899 -0.0143938 -0.0126767 -0.0235812 -0.0190593 0.00372519 -0.00380307 0.00417818 0.00352291 0.00419549 0.019735 0.0269266 -0.00444391 -0.0117906 0.00580818 -0.00526145 -0.010724 -0.00396037 -0.0109644 -0.0213532 -0.0340198
internal_weight=147381 74068 73313.2 59808.9 50222.1 9586.8 4994.37 26686.7 1051.97 23535.4 23011 19422.1 3588.88 3116.39 13504.3 25634.7 71531.9 64986.2 60365.1 1244.3 1107.91 4592.43 18959.1 2930.38 4621.08 17596.1 4489.12 2350.86 1220.27 684.474
internal_count=1155913 231872 924041 880982 803526 77456 18452 256278 51192 547248 516256 411692 104564 75621 43059 205086 218294 202671 162057 5657 3914 59004 363882 11515 40614 313599 36697 22502 17944 10880
cat_boundaries=0 39 73 112 113 152 192
cat_threshold=0 0 6 0 4096 0 0 0 0 131072 0 0 0 0 0 0 0 0 0 0 0 0 0 224 0 0 0 0 0 0 0 0 0 41943040 0 67108864 0 1 2147483648 0 0 4096 0 0 8388608 0 0 0 1 0 0 0 0 0 0 0 0 0 0 0 0 0 0 0 0 0 0 0 0 0 0 0 65536 0 0 0 0 0 0 0 0 0 0 0 0 0 0 0 0 0 0 0 0 0 0 0 0 0 0 0 0 0 2147483648 0 0 0 1073741824 512 512 1073741825 8192 1073774592 524320 0 0 0 0 0 0 0 0 0 0 0 0 0 0 0 0 0 0 0 0 0 0 0 0 0 0 0 0 0 0 0 0 0 0 512 512 0 0 1073741824 8192 0 0 0 0 0 0 0 0 0 8388608 0 0 0 0 0 0 0 0 0 0 0 0 0 0 0 0 0 0 0 0 0 0 0 0 0 0 0 0 327680
is_linear=0
shrinkage=0.05


Tree=37
num_leaves=31
num_cat=10
split_feature=160 162 160 195 196 173 190 191 223 160 160 176 195 195 164 173 160 164 180 211 161 170 160 173 221 193 40 166 163 173
split_gain=1660.4 477.327 443.037 604.361 534.69 500.735 287.249 249.366 214.91 302.935 214.329 142.021 133.126 131.251 131.559 126.28 205.273 237.446 116.048 138.496 127.45 111.485 236.129 167.781 146.355 114.609 114.505 112.612 107.743 99.5701
threshold=0 3.0000000000000004 1 1.0000000180025095e-35 2 10.500000000000002 1.0000000180025095e-35 1.0000000180025095e-35 1.0000000180025095e-35 3 4 1.0000000180025095e-35 1.0000000180025095e-35 1.0000000180025095e-35 5 11.500000000000002 6 7 1.0000000180025095e-35 10.500000000000002 8 1.0000000180025095e-35 9 18.500000000000004 1.0000000180025095e-35 1.0000000180025095e-35 1.0000000180025095e-35 65.000000000000014 4.5000000000000009 7.5000000000000009
decision_type=9 2 9 2 1 2 2 2 2 9 9 2 2 2 9 2 9 9 2 2 9 2 9 2 2 2 2 2 2 2
left_child=1 21 5 4 8 10 28 15 18 -10 13 -3 -7 14 -2 16 17 29 19 20 -4 22 23 26 -24 -26 -1 -23 -5 -6
right_child=2 11 3 6 7 12 -8 -9 9 -11 -12 -13 -14 -15 -16 -17 -18 -19 -20 -21 -22 27 24 -25 25 -27 -28 -29 -30 -31
leaf_value=-0.010233382965301687 0.019523462139107359 0.0277831681645491 0.042704504505186695 0.0015411169555051951 0.013591456722412371 -0.027494287450899137 0.014923903125339991 -0.040025668719798402 0.019427907822546525 -0.04089607914610429 -0.029601989187027541 0.010604834232370028 -0.055824236269214046 -0.03873221094144344 -0.0038303327452809451 -0.0061934918387030894 -0.020199428735320331 -0.014943077940115733 0.002650007630066079 0.012206425455416586 -0.0044177148848574882 -0.0038391876563284508 0.0041204881586126962 -0.034520693137669305 0.014823268324691991 0.061672482426337522 0.0042361735839002157 0.013653205806082858 -0.047042067638425625 -0.017593563139555672
leaf_weight=2903.7457518666051 750.17005506053101 2790.2390020050807 133.95864648837596 200.33452197769657 1452.534367422224 2687.6907439910865 5229.1123068184825 769.46990700207243 282.30444049136713 749.80579612781003 795.44933561905054 2118.8498605717323 491.25482302356977 219.74340109279728 2900.0634024702449 7996.7518757003127 6496.3858723249577 3060.2838025811361 11774.670070087072 1363.3507758227643 25092.35224130885 1117.05972150038 54354.738321156416 470.50907181930961 1713.5608318147715 140.99369930103421 2582.5881741673802 5201.2126313801855 263.97971124920878 310.12084147741552
leaf_count=23768 6079 13987 342 2457 8263 107705 15040 43888 1490 49702 12787 12086 26894 9047 31566 183684 116179 50765 32200 4479 185664 5157 137267 9489 5002 518 15150 9448 30211 5599
internal_value=0 0.00531064 -0.00533782 -0.00398483 -0.00547512 -0.0165582 0.0115762 -0.012112 -0.0020876 -0.0245978 -0.00614899 0.0203715 -0.0318819 -0.00124418 0.00101281 -0.011005 -0.0144034 -0.00653842 -0.00148212 -0.00331214 -0.00415127 0.00423161 0.00358829 -0.00587153 0.00459117 0.0184034 -0.00342144 0.0105597 -0.0260903 0.00805284
internal_weight=146413 73393.5 73019.8 65175.4 59482 7844.37 5693.43 20085.5 39396.4 1032.11 4665.43 4909.09 3178.95 3869.98 3650.23 19316.1 11319.3 4822.94 38364.3 26589.7 25226.3 68484.4 62166.1 5956.84 56209.3 1854.55 5486.33 6318.27 464.314 1762.66
internal_count=1155913 231872 924041 729963 682255 194078 47708 408378 273877 51192 59479 26073 134599 46692 37645 364490 180806 64627 222685 190485 186006 205799 191194 48407 142787 5520 38918 14605 32668 13862
cat_boundaries=0 39 79 80 119 158 169 206 230 236 260
cat_threshold=0 0 6 0 4096 0 0 0 0 131072 0 0 0 0 0 0 0 0 0 0 0 0 0 224 0 0 0 0 0 0 0 0 0 41943040 0 67108864 0 1 2147483648 8192 0 0 0 0 0 0 2097152 0 0 8388608 0 0 0 0 0 0 0 0 0 0 0 0 0 0 0 0 0 0 0 0 0 0 0 0 0 0 0 512 327680 3075 0 0 0 0 0 0 0 0 0 0 0 0 0 0 0 0 0 0 0 0 0 0 0 0 0 0 0 0 0 0 0 0 0 0 512 512 0 0 1073741824 8192 0 0 0 0 0 0 0 0 0 8388608 0 0 0 0 0 0 0 0 0 0 0 0 0 0 0 0 0 0 0 0 0 0 0 0 0 0 0 512 0 0 6 0 4096 0 0 0 0 131072 8388608 524288 0 0 0 0 0 0 0 0 0 0 0 0 0 0 0 0 0 0 0 0 0 0 0 0 0 0 0 0 0 0 0 0 0 0 0 1073741824 0 0 0 0 0 0 4194304 0 0 0 0 0 0 0 0 0 0 0 0 0 0 0 0 32 0 0 4096 0 0 8388608 0 0 0 0 4096 0 0 0 0 0 0 0 0 0 0 0 0 0 0 0 0 0 0 128
is_linear=0
shrinkage=0.05


Tree=38
num_leaves=31
num_cat=4
split_feature=196 169 170 159 223 182 195 176 31 211 170 173 196 165 31 189 161 31 165 222 173 173 169 188 214 40 199 173 173 31
split_gain=1307.85 846.034 412.233 481.68 333.189 433.246 251.568 210.979 181.226 159.063 144.266 127.462 189.589 126.321 111.052 110.81 108.271 99.2566 99.0626 175.586 148.877 98.6674 97.3299 108.428 101.06 108.117 131.927 131.684 172.81 150.608
threshold=0 1.0000000180025095e-35 1.0000000180025095e-35 1 1.0000000180025095e-35 1.0000000180025095e-35 1.0000000180025095e-35 1.0000000180025095e-35 1.0000000180025095e-35 7.5000000000000009 1.0000000180025095e-35 7.5000000000000009 2 205.00000000000003 1.0000000180025095e-35 1.0000000180025095e-35 3 1.0000000180025095e-35 145.00000000000003 1.0000000180025095e-35 17.500000000000004 10.500000000000002 1.0000000180025095e-35 1.0000000180025095e-35 105.00000000000001 1.0000000180025095e-35 1.0000000180025095e-35 12.500000000000002 11.500000000000002 1.0000000180025095e-35
decision_type=1 2 2 1 2 2 2 2 2 2 2 2 1 2 2 2 9 2 2 2 2 2 2 2 2 2 2 2 2 2
left_child=1 10 3 4 5 9 17 21 -6 11 15 12 -2 -8 -11 16 -1 -4 -18 20 -20 -7 23 24 25 26 -5 28 -28 -30
right_child=2 -3 6 22 8 7 13 -9 -10 14 -12 -13 -14 -15 -16 -17 18 -19 19 -21 -22 -23 -24 -25 -26 -27 27 -29 29 -31
leaf_value=-0.018666578579915945 0.00052657834027316868 0.033421716806171446 -0.00091191276401029705 -0.019292576668338775 -0.035842966040914581 0.028931292117776293 0.013198914477657692 -0.0064433037764237673 -0.0077891829600002047 -0.010324347674040175 0.010410665668871319 -0.0084337232448114165 -0.021692859784605185 -0.040922200343594853 0.012312779614882084 -0.0049253108204357406 0.0030347179111543145 -0.020305854117369151 0.036191750456832428 -0.037068761241937954 -0.0040876584554089346 0.0068060708841664406 -0.0081407959543920768 -0.03496561848974495 0.031559878845415938 -0.021997765150341572 -0.0072563633642665597 -0.024696758106486413 0.030356669708746044 -0.049482704120099405
leaf_weight=556.02726967330091 10121.064357493189 2389.9658370080288 3709.9236932924832 3035.6018143008114 1203.8463925743563 1663.5995214739814 4806.8892445344245 876.92857289686799 1104.5370940154244 723.94940592057537 6451.6810513910605 17299.935401401075 1050.1164942516189 109.77209848794155 2146.8270556665957 4570.6044694387238 67961.175644847812 802.11133017204702 758.53135438472964 131.37381974060554 328.32919482979923 724.21370498556644 4467.4640919622325 769.7545498466061 112.19203145778738 4449.4535556653427 1920.907971041117 660.30632502018125 593.08832336310297 65.100977154390421
leaf_count=4291 41913 13578 21720 100823 44744 3122 14576 4440 44812 5642 15651 225842 11229 3876 5873 41020 191961 37256 2745 1743 1169 2049 63392 37684 2540 159349 32202 16502 2483 1686
internal_value=0 0.00410607 -0.00546955 -0.00718449 -0.0040345 -0.00280842 0.00416191 0.0145237 -0.0224263 -0.00461419 0.00323874 -0.00574536 -0.00158148 0.0119855 0.00660163 0.0026159 0.00311027 -0.00436258 0.00328773 0.0174182 0.0240229 0.0222257 -0.0144066 -0.0168299 -0.0155397 -0.0160343 -0.0118035 -0.00478223 0.000318196 0.0224207
internal_weight=145565 83147.7 62417.6 52988.9 36915 34606.6 9428.7 3264.74 2308.38 31341.9 80757.7 28471.1 11171.2 4916.66 2870.78 74306 69735.4 4512.04 69179.4 1218.23 1086.86 2387.81 16073.9 11606.4 10836.7 10724.5 6275.01 3239.4 2579.1 658.189
internal_count=1155913 272158 883755 806327 389666 300110 77428 9611 89556 290499 258580 278984 53142 18452 11515 242929 201909 58976 197618 5657 3914 5171 416661 353269 315585 313045 153696 52873 36371 4169
cat_boundaries=0 1 2 3 37
cat_threshold=199 128 1024 0 0 0 0 0 0 0 0 0 0 0 0 0 128 0 0 0 0 0 0 0 0 0 0 0 0 0 0 0 0 0 0 0 16384
is_linear=0
shrinkage=0.05


Tree=39
num_leaves=31
num_cat=8
split_feature=160 166 160 196 160 176 169 191 173 160 176 223 173 161 31 163 221 223 160 167 222 190 160 173 188 165 162 170 165 166
split_gain=1516.65 521.683 568.851 398.216 389.409 282.601 275.505 274.481 271.624 256.247 192.639 181.359 170.816 192.953 161.018 150.251 141.104 141.015 140.704 141.899 131.751 123.903 127.138 117.572 113.066 103.266 102.083 101.804 152.387 111.395
threshold=0 95.000000000000014 1 2 3 1.0000000180025095e-35 1.0000000180025095e-35 1.0000000180025095e-35 10.500000000000002 4 1.0000000180025095e-35 1.0000000180025095e-35 14.500000000000002 5 1.0000000180025095e-35 4.5000000000000009 1.0000000180025095e-35 1.0000000180025095e-35 6 1.0000000180025095e-35 1.0000000180025095e-35 1.0000000180025095e-35 7 17.500000000000004 1.0000000180025095e-35 185.00000000000003 3.0000000000000004 1.0000000180025095e-35 75.000000000000014 65.000000000000014
decision_type=9 2 9 1 9 2 2 2 2 9 2 2 2 9 2 2 2 2 9 2 2 2 9 2 2 2 2 2 2 2
left_child=1 2 24 5 7 12 14 8 18 15 17 23 -2 -14 20 -10 27 21 19 25 -3 22 -6 -11 -1 -5 -8 28 -4 -29
right_child=3 6 16 4 10 -7 26 -9 9 11 -12 -13 13 -15 -16 -17 -18 -19 -20 -21 -22 -23 -24 -25 -26 -27 -28 29 -30 -31
leaf_value=-0.0097396544571386953 -0.013639505596668131 0.019512190436464034 0.0039698129806570656 0.0024217526569386659 -0.025182556728984729 0.0036306517937031765 0.016452679070782707 -0.042169014754794225 0.0012585617059265447 -0.010888031763647088 -0.023969361618262599 -0.045693625302454619 0.045990304101479071 -0.0053052707232589614 -0.002598748487349466 -0.015828873808127746 0.01810211882791591 -0.043512840082988676 -0.013934808814939914 -0.032253233501560653 -0.028696137780013172 -0.047594393527159613 -0.0074563758558236189 -0.0291480481962854 -0.028264545706244416 -0.036918107039180088 0.032683341559358065 -0.0043621603433426802 -0.0058049828165323307 0.013059762764618475
leaf_weight=2998.9840393516643 4504.9571577375027 2263.8783351290913 55772.553885320929 14467.347820804833 1140.048046810698 14801.104655668722 1673.261037425953 489.39377950900234 4700.5257461659203 3788.5244908193708 4287.7663404637569 538.71906007140933 257.1540237267036 580.26479408598971 2032.6573389768018 1770.4927952026046 1797.1779626363423 330.49350860965205 1686.228446984227 308.81388829910429 150.67446375219151 218.00784664280945 8807.415206091755 1149.6767353339528 1136.4339359219739 168.24697205331177 2312.2812358589144 1115.1102264577057 4293.4171074824699 5161.4501434501726
leaf_count=50260 31438 12863 149509 84484 21408 47993 11149 33623 52570 45629 159942 41539 1095 5220 27469 58405 5520 17658 17868 11878 1353 8814 140160 28160 17092 5296 13578 5157 39335 9448
internal_value=0 0.0045579 0.00318521 -0.00574802 -0.00842112 7.23225e-05 0.0163269 -0.00505636 -0.00442169 -0.0101725 -0.0150283 -0.0181195 -0.00978441 0.0109442 0.00776831 -0.00341144 0.00427837 -0.0113887 -0.000289651 0.00125854 0.0164965 -0.0103417 -0.00952239 -0.0151427 -0.0147986 0.00196792 0.0258734 0.00390433 0.003271 0.00996364
internal_weight=144703 80707.9 72275.1 63995.2 43851.7 20143.5 8432.75 29068 28578.6 11947.9 14783.7 5476.92 5342.38 837.419 4447.21 6471.02 68139.7 10496 16630.6 14944.4 2414.55 10165.5 9947.46 4938.2 4135.42 14635.6 3985.54 66342.5 60066 6276.56
internal_count=1155913 342733 276321 813180 727434 85746 66412 379452 345829 226303 347982 115328 37753 6315 41685 110975 208969 188040 119526 101658 14216 170382 161568 73789 67352 89780 24727 203449 188844 14605
cat_boundaries=0 39 44 45 84 123 157 196 236
cat_threshold=32 0 6 0 4096 0 0 0 0 131072 0 0 0 0 0 0 0 0 0 0 0 0 0 224 0 0 0 0 0 2147483648 0 0 0 41943040 512 67108864 0 1 2147483648 32 0 0 0 4096 2051 524288 0 0 0 0 0 0 0 0 0 0 0 0 0 0 0 0 0 0 0 0 0 0 0 0 0 0 0 0 0 0 0 0 1073741824 0 512 1073741825 0 1073774592 524288 0 0 0 0 0 0 0 0 0 0 0 0 0 0 0 0 0 0 0 0 0 0 0 0 0 0 0 0 0 0 0 0 0 0 512 1073741824 0 1073741824 0 0 4096 0 0 8388608 0 0 0 0 0 0 0 128 0 0 0 0 0 0 0 0 0 0 0 0 0 0 0 0 0 0 0 32768 524288 0 0 0 0 0 0 0 0 0 0 0 0 0 0 0 0 0 0 0 0 0 0 0 0 0 0 0 0 0 0 0 0 1073741824 0 0 1 0 32768 0 0 0 0 0 0 0 0 0 0 8388608 0 0 0 0 0 0 0 0 0 0 0 0 0 0 0 0 0 0 0 0 0 0 0 0 0 0 0 0 327680
is_linear=0
shrinkage=0.05


Tree=40
num_leaves=31
num_cat=8
split_feature=160 223 166 160 161 160 195 169 163 169 31 174 160 221 222 170 165 163 160 174 174 203 31 176 159 174 40 172 196 169
split_gain=1334.12 533.188 504.291 473.263 396.601 337.651 367.612 247.21 190.537 182.341 144.411 141.647 252.034 125.282 123.992 115.161 130.073 107.907 107.266 190.728 183.151 182.293 162.292 151.456 140.711 137.825 126.47 160.205 108.46 103.24
threshold=0 1.0000000180025095e-35 95.000000000000014 1 2 3 1.0000000180025095e-35 1.0000000180025095e-35 4.5000000000000009 1.0000000180025095e-35 1.0000000180025095e-35 290.00000000000006 4 1.0000000180025095e-35 1.0000000180025095e-35 1.0000000180025095e-35 75.000000000000014 4.5000000000000009 5 270.00000000000006 230.00000000000003 1.0000000180025095e-35 1.0000000180025095e-35 1.0000000180025095e-35 6 250.00000000000003 1.0000000180025095e-35 1.0000000180025095e-35 7 1.0000000180025095e-35
decision_type=9 2 2 9 9 9 2 2 2 2 2 2 9 2 2 2 2 2 9 2 2 2 2 2 1 2 2 2 1 2
left_child=2 4 3 -1 -2 8 18 10 11 -10 14 29 -13 15 -4 16 -5 -9 19 -7 28 -21 -23 24 -22 26 27 -26 -20 -6
right_child=1 -3 7 13 5 6 -8 17 9 -11 -12 12 -14 -15 -16 -17 -18 -19 20 21 23 22 -24 -25 25 -27 -28 -29 -30 -31
leaf_value=-0.013748313470802812 0.0027179509579875142 -0.038975895744807976 0.01906786817012953 0.0034768844588621544 -0.0011332002190829803 -0.0012408934021246887 -0.049303374665697265 0.02841091491178362 -0.025213186978283536 -0.0042105437274368414 -0.002085737526449328 4.5744324777633099e-05 -0.022195495758164915 0.01694705946269582 -0.027863022749870677 0.0099830910223211982 -0.0055694214227328493 0.0042311618201714444 -0.029320018604449029 -0.036007424974360151 0.018889585019388436 -0.043840239039705138 0.0039586367051308189 -0.017473687982387524 0.026880969970958818 -0.019507860435789132 -0.04191343330645439 -0.049570819039124525 -0.015013447962621152 0.01258598937927673
leaf_weight=4033.4584115331963 13372.354115694063 1168.7129738090734 2228.8698896706337 57004.431219693361 18299.379750379827 5200.1230198275007 649.37430605859845 3351.8704979894683 1863.3719630481646 2321.5246069440618 2013.5019917240134 3018.8390228070784 2197.6215745502268 1778.8009690393228 149.70692046440672 6227.3517206639517 4270.5083065353392 535.85422287491383 2013.7107459474937 905.10140533285448 797.65804951504106 222.07222441007616 877.60901678566006 1748.8760267246689 566.16141685075127 919.31663634782308 102.94023227063008 77.44537668779958 4177.4942524567305 1481.8672145153396
leaf_count=67352 43098 80785 12863 159478 106795 60334 35941 17973 96422 30228 27469 25884 46989 5520 1353 14605 39335 6754 41449 40700 8998 5536 12833 65063 2683 19573 2066 1600 69955 6279
internal_value=0 -0.00552948 0.00420053 0.00287993 -0.00488721 -0.00703013 -0.0123631 0.0158976 -0.0036902 -0.0135653 0.00776615 -0.00203803 -0.00936691 0.0038496 0.0161067 0.00350483 0.00284629 0.0250804 -0.0110061 -0.00628493 -0.0142551 -0.0193937 -0.00570497 -0.00622324 0.00176345 -0.00651147 0.00940109 0.0176424 -0.0197411 -0.000104913
internal_weight=143576 61981.6 81594.4 73314.6 60812.8 47440.5 18257.9 8279.8 29182.6 4184.9 4392.08 24997.7 5216.46 69281.1 2378.58 67502.3 61274.9 3887.72 17608.5 7204.91 10403.6 2004.78 1099.68 4212.4 2463.52 1665.86 746.547 643.607 6191.2 19781.2
internal_count=1155913 803211 352702 286290 722426 679328 366731 66412 312597 126650 41685 185947 72873 218938 14216 213418 198813 24727 330790 119403 211387 59069 18369 99983 34920 25922 6349 4283 111404 113074
cat_boundaries=0 38 43 77 116 155 194 195 196
cat_threshold=32 0 6 0 4096 0 0 0 0 131072 0 0 0 0 0 0 0 0 0 0 0 0 0 224 0 0 0 0 0 2147483648 0 0 0 41943040 512 67109376 0 1 32 0 0 0 4096 0 0 4096 0 0 8388608 0 0 0 1 524288 0 0 0 0 0 0 0 0 0 0 0 0 0 0 0 0 0 0 0 0 0 0 65536 524288 0 0 0 0 0 0 0 0 0 0 0 0 0 0 0 0 0 0 0 0 0 0 0 0 0 0 0 0 0 0 0 0 1073741824 0 0 1 8192 3221258240 524288 0 0 0 0 0 0 0 0 0 0 0 0 0 0 0 0 0 0 0 0 0 0 0 0 0 0 0 0 0 0 0 0 0 0 0 0 8192 3221225472 8192 0 0 0 0 0 0 0 0 0 0 0 0 0 0 0 0 0 0 0 0 0 0 0 0 0 0 0 0 0 0 0 0 0 0 0 1073741824 0 512 13312 1536
is_linear=0
shrinkage=0.05


Tree=41
num_leaves=31
num_cat=10
split_feature=160 196 166 160 223 170 31 160 169 174 164 160 160 31 31 164 174 221 170 160 210 166 163 40 216 190 211 174 214 161
split_gain=1260.96 516.422 495.888 415.003 343.888 290.544 250.971 249.014 224.557 219.674 189.054 141.554 141.281 139.93 122.51 146.7 120.201 109.286 118.021 126.862 155.764 110.682 106.252 97.0766 96.9838 151.608 94.1059 111.444 90.3595 86.0042
threshold=0 1 95.000000000000014 2 1.0000000180025095e-35 1.0000000180025095e-35 1.0000000180025095e-35 3 1.0000000180025095e-35 270.00000000000006 4 5 6 1.0000000180025095e-35 1.0000000180025095e-35 7 90.000000000000014 1.0000000180025095e-35 1.0000000180025095e-35 8 1.5000000000000002 65.000000000000014 4.5000000000000009 1.5000000000000002 1.0000000180025095e-35 1.0000000180025095e-35 7.5000000000000009 290.00000000000006 135.00000000000003 9
decision_type=9 1 2 9 2 2 2 9 2 2 9 9 9 2 2 9 2 2 2 9 2 2 2 2 2 2 2 2 2 9
left_child=2 6 3 10 5 7 -2 9 11 16 -1 24 13 -11 15 -7 -3 18 19 20 -5 -20 -10 26 -4 -26 27 -8 -9 -29
right_child=1 4 8 17 -6 14 23 28 22 12 -12 -13 -14 -15 -16 -17 -18 -19 21 -21 -22 -23 -24 -25 25 -27 -28 29 -30 -31
leaf_value=-0.027407232565355891 -0.018712952345726213 0.0092057323775359117 0.015786513944112821 -0.0025216799610535993 -0.039065827676244662 -0.0098477648207313112 -0.0016079741665483175 -0.015468123441055585 0.027808583159342051 -0.039153676560678502 -0.0047532655530901592 -0.0077308817643748987 -0.024949108365953314 0.0053024205579790184 -0.020503735987908698 0.0093551873142075498 -0.0050646271120640685 0.015700363154177811 -0.0045691763376896604 0.0037681511857917088 0.017311133669808857 0.012825813775892467 0.0038012920169510746 -0.0049391130842192056 0.04107189419282533 -0.036507858279975061 0.014524604039441516 0.046446707948479292 0.0813262096549629 0.0068374136280028343
leaf_weight=1463.7875273704267 1532.7792382368207 1711.6208593804622 2957.3873124840029 15672.921895401523 947.43972985164874 1343.7049458404072 6961.4787206660258 14235.444109458425 3260.9860340808518 218.26926489343168 2495.013776726817 1097.1283571920358 2188.4440718425612 926.34130360442214 552.01133177898009 3747.356012302509 10675.832945657661 1766.5913122068159 1113.6806194051169 49484.035874992594 1056.2231318382546 5096.132696688408 537.50701392203337 3644.3202858535224 88.433512803749181 215.16526412201347 1911.5862986093853 130.95495792105794 23.647978973574936 5477.4283409410855
leaf_count=39089 14332 6354 22653 120283 69689 15174 31270 385421 17973 5672 28263 6276 58787 13344 26276 12579 78523 5520 5157 121612 2461 9448 6754 19523 1307 11449 4534 554 103 15533
internal_value=0 -0.00582578 0.00379581 0.00257168 -0.00933865 -0.00854996 0.000710335 -0.0105091 0.0155274 -0.00615492 -0.0131813 0.00777907 -0.0175527 -0.00315651 0.00185716 0.00428445 -0.00309214 0.00341373 0.00311432 0.00249605 -0.00126796 0.00970524 0.0244137 0.00235398 0.0129831 -0.0138633 0.00418977 0.00261716 -0.0152937 0.00786223
internal_weight=142534 56228.7 86305 78148.4 36570.1 35622.7 19658.5 29979.6 8156.61 15720.5 3958.8 4358.11 3333.05 1144.61 5643.07 5091.06 12387.5 74189.6 72423 66213.2 16729.1 6209.81 3798.49 18125.8 3260.99 303.599 14481.4 12569.9 14259.1 5608.38
internal_count=1155913 757668 398245 331833 671922 602233 85746 548204 66412 162680 67352 41685 77803 19016 54029 27753 84877 264481 258961 244356 122744 14605 24727 71414 35409 12756 51891 47357 385524 16087
cat_boundaries=0 38 39 44 83 107 112 151 175 211 245
cat_threshold=32 0 6 0 4096 0 0 0 0 131072 0 0 0 0 0 0 0 0 0 0 0 0 0 224 0 0 0 0 0 0 0 0 0 1115684864 512 67109376 0 1 2051 32 0 0 0 4096 0 0 0 0 0 0 0 0 0 0 0 0 0 0 0 0 0 0 0 0 0 0 0 0 0 0 0 0 0 2147483648 0 0 0 0 0 0 1073741825 0 3221258752 0 0 2 0 0 0 0 0 0 131072 0 0 0 0 0 0 0 0 0 0 0 0 0 32 32 0 0 0 4096 0 0 0 0 0 0 0 0 0 0 0 0 0 0 0 0 0 0 0 0 0 0 0 0 0 0 0 0 0 2147483648 0 0 0 0 0 0 1073741824 0 3221225472 0 0 6 0 4096 0 0 0 0 131072 0 0 0 0 0 0 0 0 0 0 0 0 0 64 0 0 0 0 0 0 0 0 0 0 0 0 0 0 0 0 0 0 0 0 0 0 0 128 0 0 0 0 0 0 0 0 0 1107296256 512 512 0 0 0 0 0 8388608 0 0 0 0 0 0 0 0 0 0 0 0 0 0 0 0 0 0 0 0 0 0 0 0 0 0 0 32768
is_linear=0
shrinkage=0.05


Tree=42
num_leaves=31
num_cat=9
split_feature=160 223 166 160 161 160 195 164 164 169 164 40 31 170 211 173 204 222 160 160 31 170 165 173 166 31 40 173 214 162
split_gain=1212.98 483.067 410.083 405.003 321.319 308.882 336.39 308.518 239.189 224.968 169.246 167.578 143.575 128.761 145.08 206.548 184.933 126.079 117.153 108.687 108.074 99.4025 137.113 107.539 97.9192 97.7838 142.313 133.139 93.2455 90.6255
threshold=0 1.0000000180025095e-35 95.000000000000014 1 2 3 1.0000000180025095e-35 4 5 1.0000000180025095e-35 6 1.5000000000000002 1.0000000180025095e-35 1.0000000180025095e-35 7.5000000000000009 9.5000000000000018 1.0000000180025095e-35 1.0000000180025095e-35 7 8 1.0000000180025095e-35 1.0000000180025095e-35 75.000000000000014 10.500000000000002 65.000000000000014 1.0000000180025095e-35 1.0000000180025095e-35 18.500000000000004 135.00000000000003 3.0000000000000004
decision_type=9 2 2 9 9 9 2 9 9 2 9 2 2 2 2 2 2 2 9 9 2 2 2 2 2 2 2 2 2 2
left_child=2 4 3 10 -2 7 8 -6 -7 12 -1 13 17 14 15 16 18 -4 -9 -10 -15 22 -5 -24 -23 26 -25 -27 -21 -11
right_child=1 -3 9 21 5 6 -8 11 19 29 -12 -13 -14 20 -16 -17 -18 -19 -20 28 -22 24 23 25 -26 27 -28 -29 -30 -31
leaf_value=-0.026576307524186278 0.0019485553451762221 -0.038315928572045271 0.01849421646250712 0.0037460751228767779 -0.038237361979019814 0.012278694757600711 -0.048512643310587834 0.010812128202821104 -0.022119294587577887 0.014748631449463416 -0.0048991536542928194 -0.011353916608463672 -0.0027317650346932614 0.01046296507305839 0.0085934390057272794 -0.011147989770374995 -0.028355376636241471 -0.028860279137049201 -0.0015509446182969974 -0.010660409660159107 -0.020658883062312776 -0.0037608392084709065 0.0019893809755363689 -0.044599898338923478 0.012708983013852232 0.0020551522034742116 0.0048218576602831248 -0.03701450834660254 0.085934808619462275 0.030530123658916337
leaf_weight=1417.7962839263055 13792.411133422022 1090.5336786555781 2184.3103312404419 58450.260750980538 616.96717839258781 1053.9202122061688 609.68924014613731 2580.2357418357278 2382.1855345237709 1601.5313824073964 2481.3099231374508 4731.4017761622963 2029.2870906774187 3221.3336749220034 2519.3568448888254 6649.0017890920863 540.26311383766006 149.70652066206094 7353.0114615826169 13169.301199043453 304.83436911393073 1097.4807061752072 2229.3610465712845 471.22436748701148 5061.7500191249419 1051.5163063941873 210.35162396496162 274.52617049837136 24.52580922935158 2115.6640022061765
leaf_count=39089 46730 80756 12863 165906 39427 15694 35941 9121 66009 11149 28263 68196 27469 10093 9210 109320 5124 1353 46501 245352 14726 5157 11139 8448 9448 10646 2109 6993 103 13578
internal_value=0 -0.00534478 0.00401004 0.00282341 -0.00474146 -0.00675712 -0.0120406 -0.00355956 -0.010709 0.0146963 -0.0128329 -0.00277842 0.00699308 -0.0010279 -0.00260747 -0.00425604 0.000119097 0.0154492 0.00166966 -0.0122651 0.00776854 0.00371159 0.00311643 -0.00556794 0.00977343 -0.0139609 -0.0293474 -0.00604044 -0.0104693 0.023735
internal_weight=141465 60639 80826.1 72745.6 59548.4 45756 17239.6 28516.4 16629.9 8080.5 3899.11 27899.4 4363.3 23168 19641.9 17122.5 10473.5 2334.02 9933.25 15576 3526.17 68846.5 62687.2 4236.98 6159.23 2007.62 681.576 1326.04 13193.8 3717.2
internal_count=1155913 802303 353610 287198 721547 674817 363099 311718 327158 66412 67352 272291 41685 204095 179276 170066 60746 14216 55622 311464 24819 219846 205241 39335 14605 28196 10557 17639 245455 24727
cat_boundaries=0 39 44 78 117 128 158 182 216 256
cat_threshold=32 0 6 0 4096 0 0 0 0 131072 0 0 0 0 0 0 0 0 0 0 0 0 0 224 0 0 0 0 0 0 0 0 0 41943040 512 67109376 0 1 2147483648 32 0 0 0 4096 0 0 4096 0 0 8388608 0 0 0 1 0 0 0 0 0 0 0 0 0 0 0 0 0 0 0 0 0 0 0 0 0 0 0 98304 524288 0 0 0 0 0 0 0 0 0 0 0 0 0 0 0 0 0 0 0 0 0 0 0 0 0 0 0 0 2147483648 0 0 0 1073741824 0 0 1 8192 1073774592 0 0 0 0 0 0 0 0 0 131072 8388608 0 0 4 0 4096 0 4194304 0 0 131072 8388608 0 0 0 0 0 0 0 0 0 0 0 0 0 0 0 0 0 0 2147483648 0 0 2 0 0 0 0 0 0 131072 0 0 0 0 0 0 0 0 0 0 0 0 0 32 0 0 0 0 0 0 0 0 0 0 0 0 0 0 0 0 0 0 0 0 0 0 0 0 0 0 0 0 0 0 0 0 0 1073741824 8192 0 0 0 0 0 0 2097152 0 0 8388608 0 0 0 0 0 0 0 0 0 0 0 0 0 0 0 0 0 0 0 0 0 0 0 0 0 0 0 0 262144
is_linear=0
shrinkage=0.05


Tree=43
num_leaves=31
num_cat=10
split_feature=160 166 160 161 160 195 223 164 167 170 169 164 176 160 160 173 159 173 164 31 31 31 222 172 40 167 211 163 163 170
split_gain=1135.83 372.986 376.156 335.461 327.773 323.184 294.097 290.414 243.214 214.745 208.062 188.967 158.455 266.857 210.084 172.7 181.241 169.034 151.315 148.993 142.903 132.982 122.375 109.182 134.483 107.425 103.396 101.13 96.5897 95.8519
threshold=0 95.000000000000014 1 2 3 1.0000000180025095e-35 1.0000000180025095e-35 4 1.0000000180025095e-35 1.0000000180025095e-35 1.0000000180025095e-35 5 1.0000000180025095e-35 6 7 11.500000000000002 8 12.500000000000002 9 1.0000000180025095e-35 1.0000000180025095e-35 1.0000000180025095e-35 1.0000000180025095e-35 1.0000000180025095e-35 1.0000000180025095e-35 1.0000000180025095e-35 10.500000000000002 4.5000000000000009 4.5000000000000009 1.0000000180025095e-35
decision_type=9 2 9 9 9 2 2 9 2 2 2 9 2 9 9 2 1 2 9 2 2 2 2 2 2 2 2 2 2 2
left_child=1 2 18 -2 7 6 11 25 9 26 21 -6 14 19 20 -16 -17 23 -1 -14 -13 22 28 24 -18 -5 -9 -12 -3 -4
right_child=3 10 29 4 5 -7 -8 8 -10 -11 27 12 13 -15 15 16 17 -19 -20 -21 -22 -23 -24 -25 -26 -27 -28 -29 -30 -31
leaf_value=-0.025544786844852355 0.0020934335165867209 0.021139570775249757 0.003156031468651903 -0.030550887958272932 0.011098658653025379 -0.048211051423859355 -0.042780244627619188 -0.0040564014032671439 -0.033231519368138999 0.0098521771196198645 0.026554673161417963 -0.0063491792261029653 -0.036211644604475748 -0.022889470652613611 -0.016691266648058437 0.018727659874162774 0.026524388395381234 -0.021524294489611309 -0.0048291205266625878 0.0083998516152924002 0.010853785858686064 -0.0024898854680374346 -0.02856499408177653 -0.027356329298216658 -0.047609969041176939 0.019197003876217422 0.010289776897888394 0.0028476412557548575 -0.018663256210685489 0.0097301611585506858
leaf_weight=1377.8948808759451 13222.90757011791 1997.7804856026778 59654.615616815427 1210.3523818558751 1067.8125909474038 579.10684606441646 678.13989145894448 20430.000316754231 609.41024107819248 3701.1474242353579 3107.9253688578901 2915.9591393791197 220.00136274041142 4694.347205148646 6195.0117862780535 774.00789458106738 543.31792636215687 1194.6596114045533 2461.3074799056922 1236.9384620302735 2059.1983271630015 2016.2894893600023 149.69302701170091 167.03965488524409 68.424382445402443 118.73826250081765 1337.5694792456925 526.68059755789 164.49367187466123 6113.4072283356218
leaf_count=39089 43059 6342 182114 63328 15694 35941 56350 202687 33873 10765 17973 20828 5477 155700 96391 9032 2683 27978 28263 16780 15814 27469 1353 3645 1403 3523 4479 6754 6521 14605
internal_value=0 0.00405064 0.00287834 -0.00498537 -0.00686504 -0.0113527 -0.0103781 -0.00319514 -0.0020277 -0.00128102 0.0143019 -0.00933732 -0.0104255 -0.017114 -0.00747593 -0.0120507 -0.00162786 -0.00966273 -0.0123147 0.00163862 0.000768886 0.00689266 0.0150762 0.00840476 0.0181921 -0.0259024 -0.00317441 0.0231216 0.0181057 0.0037667
internal_weight=140594 77570.1 69607.2 63024.1 49801.2 22394 21814.9 27407.2 26078.1 25468.7 7962.86 21136.7 20068.9 6151.29 13917.6 8942.46 2747.45 1973.44 3839.2 1456.94 4975.16 4328.26 2311.97 778.782 611.742 1329.09 21767.6 3634.61 2162.27 65768
internal_count=1155913 330483 264071 825430 782371 463716 427775 318655 251804 217931 66412 371425 355731 177957 177774 141132 44741 35709 67352 22257 36642 41685 14216 7731 4086 66851 207166 24727 12863 196719
cat_boundaries=0 38 43 77 116 146 176 216 255 256 280
cat_threshold=32 0 6 0 4096 0 0 0 0 131072 0 0 0 0 0 0 0 0 0 0 0 0 0 224 0 0 0 0 0 0 0 0 0 41943040 0 67108864 0 1 32 0 0 0 4096 0 0 4096 0 0 8388608 0 0 0 1 0 0 0 0 0 0 0 0 0 0 0 0 0 0 0 0 0 0 0 0 0 0 0 65536 524288 0 0 0 0 0 0 0 0 0 0 0 0 0 0 0 0 0 0 0 0 0 0 0 0 0 0 0 0 2147483648 0 0 0 1073741824 512 512 1 8192 3221225472 0 0 6 0 4096 0 0 0 0 131072 8388608 0 0 0 0 0 0 0 0 0 0 0 0 0 0 0 0 0 0 2147483648 0 0 4 0 4096 0 4194304 0 0 131072 8388608 0 0 0 0 0 0 0 0 0 0 0 0 0 0 0 0 0 0 2147483648 0 0 0 0 0 0 0 0 0 0 0 0 0 0 0 0 0 0 0 0 0 0 0 0 0 0 0 0 0 0 0 0 0 0 0 0 1073741824 0 0 65536 0 0 0 0 0 0 0 0 0 0 0 0 0 0 0 0 0 0 0 0 0 0 0 0 0 0 0 0 0 0 0 0 0 0 0 0 0 0 33280 13312 0 0 2 0 0 0 0 0 0 131072 0 0 0 0 0 0 0 0 0 0 0 0 0 32
is_linear=0
shrinkage=0.05


Tree=44
num_leaves=31
num_cat=8
split_feature=160 180 166 160 160 195 223 164 167 170 167 176 160 160 169 31 192 222 159 173 31 40 173 176 191 170 164 167 40 166
split_gain=975.267 401.08 364.992 338.673 257.305 308.702 283.292 270.617 213.772 220.658 189.648 179.911 221.957 219.235 133.858 130.314 126.036 147.891 121.391 306.981 146.277 108.63 107.449 104.208 103.212 98.5991 123.972 108.074 98.5587 94.2436
threshold=0 1.0000000180025095e-35 95.000000000000014 1 2 1.0000000180025095e-35 1.0000000180025095e-35 3 1.0000000180025095e-35 1.0000000180025095e-35 1.0000000180025095e-35 1.0000000180025095e-35 4 5 1.0000000180025095e-35 1.0000000180025095e-35 1.0000000180025095e-35 1.0000000180025095e-35 6 11.500000000000002 1.0000000180025095e-35 1.5000000000000002 17.500000000000004 1.0000000180025095e-35 1.0000000180025095e-35 1.0000000180025095e-35 7 1.0000000180025095e-35 1.5000000000000002 65.000000000000014
decision_type=9 2 2 9 9 2 2 9 2 2 2 2 9 9 2 2 2 2 1 2 2 2 2 2 2 2 9 2 2 2
left_child=2 4 3 -1 7 6 11 24 9 28 14 13 15 21 16 -13 17 -4 20 -20 -15 -6 -21 -18 -2 26 27 -5 -9 -27
right_child=1 -3 10 25 5 -7 -8 8 -10 -11 -12 12 -14 18 -16 -17 23 -19 19 22 -22 -23 -24 -25 -26 29 -28 -29 -30 -31
leaf_value=-0.011942533589616718 -0.013915561528336562 0.003991282569855069 0.017834728659406732 -0.008097321559053872 -0.026519940410111961 -0.047445880137686684 -0.042049763912894042 -0.0011190128307048614 -0.034471148631843244 0.01129921199171886 -0.0091267618931565025 -0.03444697594013952 -0.020702799419140008 -0.00460696224744478 0.023750975607520999 0.0078427748801567759 0.0097546199194678222 -0.037770755943224057 -0.01451761105416364 0.0013012366047942829 0.010642165433868731 0.0025068428044008953 0.026585859472238391 -0.024066484467595618 -0.04048052816194337 -0.0038465953241368085 0.0035171698490775536 0.0098883375129704201 -0.010030587074418834 0.01239430361498764
leaf_weight=3780.1031295781431 2292.2974426799628 11025.623879277118 2622.6728818559495 4210.0312961672898 1684.774818052334 546.02063273287786 646.83376687175041 16983.024858575722 482.01640138008224 3229.9085002602078 797.86983755718393 213.13099782576319 4908.6442453999334 3937.600761895068 3385.9420030204637 1235.7967712655372 484.17436070623808 124.77533997129649 5341.4732033152104 1971.2924981810211 2617.4783009336097 398.06958182851668 533.6829305642168 429.01698786916677 435.20401830255287 1086.8476970184129 54551.559678789272 1041.2453647642105 3796.1729130895619 4997.5329682698939
leaf_count=67352 59333 32200 19038 36553 30013 35941 56350 136761 29395 8351 18545 5477 162456 35034 21018 16780 2314 1677 72368 22225 23069 8687 6175 3820 33623 5157 138328 7233 51192 9448
internal_value=0 -0.00465871 0.0037433 0.00259232 -0.00652052 -0.0102897 -0.00942917 -0.00318694 -0.00151927 -0.000857431 0.0139685 -0.00850431 -0.0156499 -0.00574776 0.0165847 0.00159792 0.00995255 0.0153012 -0.00354266 -0.00773522 0.00147942 -0.0208705 0.00669433 -0.00613353 -0.0180964 0.00342767 0.00281107 -0.00452089 -0.00274752 0.00949231
internal_weight=139791 62279 77511.8 69667.3 51253.4 24034.8 23488.8 27218.6 24491.1 24009.1 7844.45 22841.9 6357.57 16484.4 7046.58 1448.93 3660.64 2747.45 14401.5 7846.45 6555.08 2082.84 2504.98 913.191 2727.5 65887.2 59802.8 5251.28 20779.2 6084.38
internal_count=1155913 825430 330483 264071 793230 474575 438634 318655 225699 196304 66412 382284 184713 197571 47867 22257 26849 20715 158871 100768 58103 38700 28400 6134 92956 196719 182114 43786 187953 14605
cat_boundaries=0 38 43 82 106 146 186 187 211
cat_threshold=32 0 6 0 4096 0 0 0 0 131072 0 0 0 0 0 0 0 0 0 0 0 0 0 224 0 0 0 0 0 0 0 0 0 41943040 0 67108864 0 1 32 0 0 0 4096 524288 0 0 0 0 0 0 0 0 0 0 0 0 0 0 0 0 0 0 0 0 0 0 0 0 0 0 0 0 2147483648 0 0 0 1073741824 512 512 1 8192 3221225472 0 0 6 0 4096 0 0 0 0 131072 8388608 0 0 0 0 0 0 0 0 0 0 0 0 64 0 0 0 0 0 0 0 0 0 0 0 0 0 0 0 0 0 0 0 0 0 0 0 0 0 0 0 0 0 0 0 0 0 0 0 0 1073741824 0 0 65536 0 0 0 0 0 0 0 0 0 0 8388608 0 0 0 0 0 0 0 0 0 0 0 0 0 0 0 0 0 0 0 0 0 0 0 0 0 1073741824 0 0 327680 1408 0 0 2 0 0 0 0 0 0 0 0 0 0 0 0 0 0 0 0 0 0 0 0 64
is_linear=0
shrinkage=0.05


Tree=45
num_leaves=31
num_cat=10
split_feature=160 180 166 160 160 195 223 164 167 170 169 176 196 160 31 196 173 196 173 222 40 163 40 31 191 170 164 211 160 163
split_gain=926.968 356.033 334.762 319.082 240.38 288.669 265.18 247.616 196.786 212.116 172.156 163.165 238.548 188.218 124.14 117.504 126.182 106.766 126.662 106.682 100.562 97.6582 97.1588 96.5551 95.6499 94.8661 113.426 94.712 100.912 91.6318
threshold=0 1.0000000180025095e-35 95.000000000000014 1 2 1.0000000180025095e-35 1.0000000180025095e-35 3 1.0000000180025095e-35 1.0000000180025095e-35 1.0000000180025095e-35 1.0000000180025095e-35 4 5 1.0000000180025095e-35 6 11.500000000000002 7 12.500000000000002 1.0000000180025095e-35 1.0000000180025095e-35 4.5000000000000009 1.5000000000000002 1.0000000180025095e-35 1.0000000180025095e-35 1.0000000180025095e-35 8 7.5000000000000009 9 4.5000000000000009
decision_type=9 2 2 9 9 2 2 9 2 2 2 2 1 9 2 1 2 1 2 2 2 2 2 2 2 2 9 2 9 2
left_child=2 4 3 -1 7 6 11 24 9 22 14 13 23 20 19 -15 -17 -18 -19 29 -6 -12 27 -13 -2 26 -5 28 -9 -4
right_child=1 -3 10 25 5 -7 -8 8 -10 -11 21 12 -14 15 -16 16 17 18 -20 -21 -22 -23 -24 -25 -26 -27 -28 -29 -30 -31
leaf_value=-0.011657434037419277 -0.013515787394739047 0.0035759459956033121 0.020590238143947948 -0.0043022839232735094 -0.032323008399251979 -0.046954215669680832 -0.041516477041243199 -0.0073780951263456686 -0.033536328976911299 0.011110202383150351 0.025231084401974548 -0.028677501001457179 -0.020746309807687852 -0.00052327562109398713 -0.0023245415473859533 -0.015529689798453584 0.024542197109286266 0.010545014440381221 -0.019895685034964868 -0.026716322122594768 -0.0081505004451727682 0.0018475809462740658 -0.01004717420919065 0.0068454567468043837 -0.039717047621247663 0.0093244368039949472 0.0034209789328148682 0.0078335712543647247 0.0010843588749883783 -0.018489745215588643
leaf_weight=3731.9454182090558 2271.1807959026191 11004.453910013544 1958.4525518590817 5198.9474479205383 945.23302513273666 516.78675553959329 617.05302549617772 6342.7598464181938 469.32071743233246 3201.4708787822165 2971.3022581692494 222.45030551147647 4717.3757816550933 9509.5718356410653 2000.9692309288657 3397.9374801453014 368.13738185248803 648.8648847443983 720.6269482508651 144.56945820443798 791.43208477113512 526.10481058142614 3712.1838817365278 1346.0173424037057 411.5717048975057 6040.8277154248208 54633.652095809564 2516.5682546042372 7905.3993114397454 161.91630390510545
leaf_count=67352 59333 32200 6342 43786 15636 35941 56350 52017 29395 8351 17973 5207 162724 77113 27469 61569 6160 5495 15191 1353 16407 6754 50910 16782 33623 14605 139615 9210 74529 6521
internal_value=0 -0.00457415 0.00364416 0.0025461 -0.00634653 -0.0100035 -0.00918651 -0.00309721 -0.00149234 -0.000856927 0.0134926 -0.00830532 -0.0151538 -0.0056768 0.00674784 -0.0038187 -0.00990637 0.00103148 -0.00543101 0.0147638 -0.0211935 0.0217158 -0.0027284 0.00178526 -0.0174788 0.0033522 0.00274963 -0.00110727 -0.00268701 0.0176
internal_weight=139005 61636.4 77368.7 69605.4 50631.9 23801.5 23284.7 26830.5 24147.7 23678.4 7763.31 22667.6 6285.84 16381.8 4265.91 14645.1 5135.57 1737.63 1369.49 2264.94 1736.67 3497.41 20476.9 1568.47 2682.75 65873.4 59832.6 16764.7 14248.2 2120.37
internal_count=1155913 824143 331770 265358 791943 474575 438634 317368 224412 195017 66412 382284 184713 197571 41685 165528 88415 26846 20686 14216 32043 24727 186666 21989 92956 198006 183401 135756 126546 12863
cat_boundaries=0 39 44 83 107 108 148 149 150 174 213
cat_threshold=32 0 6 0 4096 0 0 0 0 131072 0 0 0 0 0 0 0 0 0 0 0 0 0 224 0 0 0 0 0 0 0 0 0 41943040 0 67108864 0 1 2147483648 32 0 0 0 4096 524288 0 0 0 0 0 0 0 0 0 0 0 0 0 0 0 0 0 0 0 0 0 0 0 0 0 0 0 0 2147483648 0 0 0 1073741824 512 512 1 8192 1073741824 0 0 6 0 4096 0 0 0 0 131072 8388608 0 0 0 0 0 0 0 0 0 0 0 0 64 9 0 0 0 0 0 0 0 0 0 0 0 0 0 0 0 0 0 0 0 0 0 0 0 0 0 0 0 0 0 0 0 0 0 0 0 0 1073741824 0 0 327680 1059 512 0 0 2 0 0 0 0 0 0 0 0 0 0 0 0 0 0 0 0 0 0 0 0 64 0 0 0 0 0 0 0 0 0 0 0 0 0 0 0 0 0 0 0 0 0 0 0 0 0 0 0 0 0 0 0 0 0 0 0 0 1 8192 1073741824
is_linear=0
shrinkage=0.05


Tree=46
num_leaves=31
num_cat=9
split_feature=160 166 160 180 160 195 223 164 167 195 164 176 196 160 40 160 169 192 222 166 211 31 160 173 224 31 176 40 31 173
split_gain=967.74 297.711 312.833 247.382 230.005 270.662 247.247 238.659 172.717 149.678 149.194 136.51 253.037 149.105 125.193 117.603 111.768 106.35 132.609 104.305 97.6173 126.812 284.527 94.2518 94.1395 101.226 92.2797 91.3838 89.1094 95.4428
threshold=0 95.000000000000014 1 1.0000000180025095e-35 2 1.0000000180025095e-35 1.0000000180025095e-35 3 1.0000000180025095e-35 1.0000000180025095e-35 4 1.0000000180025095e-35 5 6 1.5000000000000002 7 1.0000000180025095e-35 1.0000000180025095e-35 1.0000000180025095e-35 95.000000000000014 7.5000000000000009 1.0000000180025095e-35 8 2.5000000000000004 1.0000000180025095e-35 1.0000000180025095e-35 1.0000000180025095e-35 1.0000000180025095e-35 1.0000000180025095e-35 22.500000000000004
decision_type=9 2 9 2 9 2 2 9 2 2 9 2 1 9 2 9 2 2 2 2 2 2 9 2 2 2 2 2 2 2
left_child=1 2 -1 4 7 6 10 -2 16 14 23 13 -13 27 20 -16 17 18 -3 -11 21 22 -9 -6 -15 -26 -19 -12 -22 -30
right_child=3 8 -4 -5 5 -7 -8 9 -10 19 11 12 -14 24 15 -17 -18 26 -20 -21 28 -23 -24 -25 25 -27 -28 -29 29 -31
leaf_value=-0.011431492085336182 -0.035738322655491199 0.016843847685401314 0.0035111952074729281 0.0020637718195323355 -0.060622273823316947 -0.046423997568860079 -0.040940937301763944 -0.033806441956855109 -0.0091429749549177333 -0.041849019861299956 -0.03119122358410131 0.0017887883096592613 -0.021790670442236912 -0.0040653427648622209 -0.0014045528354748571 -0.018509959570984946 0.022343246177796691 0.0093950645569858774 -0.036837834660199645 0.010498821983360296 -0.0092156674752994824 -0.0075232120653147931 0.0036468368656158235 0.012974486334421909 -0.003171682181618546 -0.047339110168135412 -0.022850138320831437 -0.0080391072383660511 0.015252149831992393 -0.035059039179550493
leaf_weight=3691.2429321658274 534.62574442649202 2608.3815382881439 65301.111077104317 11164.08074592374 44.876803952618502 492.61795652731962 589.38302879097319 532.57393000015873 783.17239070124924 98.130016893730499 931.02287850360153 1550.9743054288847 4302.3054298578209 13318.190632811391 1721.9279265579971 2437.0028737087123 3261.693743553682 482.90689557115547 119.83508145558881 2688.3784315037192 618.47472978429869 8618.6087179951282 7645.0277852156432 1047.2060749355005 254.16911783977412 265.17492460820358 409.4901417150395 787.86589428668958 1802.6013845151174 98.945336834061891
leaf_count=67352 39427 19038 196719 32200 500 35941 56350 5353 18545 7730 15636 21989 155968 140412 21159 49080 21018 2314 1677 13307 4676 120523 52866 15194 4058 12120 3820 16407 4171 363
internal_value=0 0.00374871 0.00271043 -0.00466914 -0.00616216 -0.00976248 -0.00898338 -0.00298841 0.0130971 -0.00230749 -0.00814521 -0.00906287 -0.0155764 -0.00661716 -0.00360907 -0.0114779 0.0156291 0.0095769 0.0144778 0.00864636 -0.00191434 -0.00329138 0.00116825 0.00982929 -0.0048772 -0.0257568 -0.00540005 -0.0204686 0.00726058 0.0126231
internal_weight=138202 76657.8 68992.4 61544.2 50380.1 23583.8 23091.2 26796.3 7665.48 26261.7 22501.8 21409.7 5853.28 15556.4 23475.2 4158.93 6882.31 3620.61 2728.22 2786.51 19316.2 16796.2 8177.6 1092.08 13837.5 519.344 892.397 1718.89 2520.02 1901.55
internal_count=1155913 330483 264071 825430 793230 474575 438634 318655 66412 279228 382284 366590 177957 188633 258191 70239 47867 26849 20715 21037 187952 178742 58219 15694 156590 16178 6134 32043 9210 4534
cat_boundaries=0 38 43 82 93 123 124 164 203 242
cat_threshold=32 0 6 0 4096 0 0 0 0 131072 0 0 0 0 0 0 0 0 0 0 0 0 0 224 0 0 0 0 0 0 0 0 0 41943040 0 67108864 0 1 32 0 0 0 4096 524288 0 0 0 0 0 0 0 0 0 0 0 0 0 0 0 0 0 0 0 0 0 0 0 0 0 0 0 0 2147483648 0 0 0 1073741824 512 512 1 8192 3221225472 0 0 0 0 0 0 0 0 0 131072 8388608 0 0 4 0 4096 0 4194304 0 0 131072 8388608 0 0 0 0 0 0 0 0 0 0 0 0 0 0 0 0 0 0 2147483648 9 0 0 0 0 0 0 0 0 0 0 0 0 0 0 0 0 0 0 0 0 0 0 0 0 0 0 0 0 0 0 0 0 0 0 0 0 1073741824 0 0 327680 0 0 0 0 0 0 0 0 0 0 0 0 0 0 0 0 0 0 0 0 0 0 0 0 0 0 0 0 0 0 0 0 0 0 512 512 1 0 3221225472 0 0 0 0 0 0 0 0 0 0 0 0 0 0 0 0 0 0 0 0 0 0 0 0 0 0 0 0 0 0 0 0 0 0 0 0 0 8192 3221225472
is_linear=0
shrinkage=0.05


Tree=47
num_leaves=31
num_cat=9
split_feature=196 169 170 159 173 182 195 223 173 211 170 164 164 214 176 164 173 40 167 167 164 195 164 31 164 164 214 165 222 173
split_gain=732.623 455.234 384.563 338.874 197.559 459.555 185.337 180.954 257.127 116.685 108.264 129.645 105.114 99.8376 91.9386 88.2026 82.3989 83.0869 80.9852 115.809 145.979 224.873 131.991 101.107 119.888 113.862 86.0924 75.9178 119.802 129.736
threshold=0 1.0000000180025095e-35 1.0000000180025095e-35 1 10.500000000000002 1.0000000180025095e-35 1.0000000180025095e-35 1.0000000180025095e-35 12.500000000000002 7.5000000000000009 1.0000000180025095e-35 2 3 135.00000000000003 1.0000000180025095e-35 4 7.5000000000000009 1.0000000180025095e-35 1.5000000000000002 1.0000000180025095e-35 5 1.0000000180025095e-35 6 1.0000000180025095e-35 7 8 1.0000000180025095e-35 95.000000000000014 1.0000000180025095e-35 16.500000000000004
decision_type=1 2 2 1 2 2 2 2 2 2 2 9 9 2 2 9 2 2 2 2 9 2 9 2 9 9 2 2 2 2
left_child=2 10 3 4 5 -1 12 9 -9 -6 11 16 -4 18 -7 -12 -2 -18 19 20 -5 23 -21 25 -25 -22 -26 -13 29 -29
right_child=1 -3 6 13 7 14 -8 8 -10 -11 15 27 -14 -15 -16 -17 17 -19 -20 22 21 -23 -24 24 26 -27 -28 28 -30 -31
leaf_value=-0.0025464641248875292 0.0035647975855940929 0.0276385643625289 0.0040010872298697374 0.00088642087179445625 -0.0075870407266739118 0.02795046381761709 0.012823617087795626 -0.05425661767935213 -0.009396986732141557 0.0070180028249818326 0.011850048773281364 0.0023902042684835509 -0.012668056084866109 0.084175886786424819 -0.0013055667092851688 -0.0030499788238122355 -0.016023461812553073 -0.0019094228117079758 0.044322209256446837 0.016227178895196856 -0.033660190009119753 -0.04952678723477217 -0.046963649725232079 -0.0072618285139465629 -0.023931995028125548 -0.0052914984344296333 0.0018188837116246638 0.035069891184042953 -0.032351125132539127 -0.0017148610932386716
leaf_weight=17953.693844294015 1916.8481891429401 1845.1333166272962 2597.7737840035115 1919.9585495736974 11674.869065434657 1614.664005342871 4306.9725073541631 483.33744350090274 941.93028882150975 1548.2647946625948 4935.7443420127966 64753.429765566572 1473.8234098098474 26.207311617210507 321.64958501257934 1243.0010879531037 2082.5436003508512 2089.9744403640507 61.756627656519413 100.50363915920025 373.27762995920784 429.00047758476285 434.32716770353727 2206.7539183942863 3898.722779675838 4759.3463628130703 353.58599155192496 625.61124928994104 116.9305451947148 387.90507758408785
leaf_count=120728 6988 13578 16299 29424 183624 3800 18452 20208 53921 6427 9476 187508 42677 103 958 6175 25677 17008 1580 2784 24733 50719 26033 66253 135782 68363 10887 2564 1754 1430
internal_value=0 0.00309382 -0.00430554 -0.00599572 -0.00329462 -5.00598e-05 0.00559368 -0.00770192 -0.024627 -0.00587639 0.00251449 0.0019691 -0.00205363 -0.0123902 0.023089 0.00886598 -0.00500572 -0.00895615 -0.012576 -0.0128206 -0.0119432 -0.0139818 -0.0356498 -0.0126759 -0.0168391 -0.00743459 -0.0217385 0.00261422 0.0154584 0.0209924
internal_weight=137478 79997.1 57480.4 49101.8 34538.4 19890 8378.57 14648.4 1425.27 13223.1 78152 71973.2 4071.6 14563.4 1936.31 6178.75 6089.37 4172.52 14537.2 14475.5 13940.6 12020.7 534.831 11591.7 6459.06 5132.62 4252.31 65883.9 1130.45 1013.52
internal_count=1155913 272158 883755 806327 389666 125486 77428 264180 74129 190051 258580 242929 58976 416661 4758 15651 49673 42685 416558 414978 386161 356737 28817 306018 212922 93096 146669 193256 5748 3994
cat_boundaries=0 1 2 26 50 74 98 105 129 140
cat_threshold=3640 128 0 0 6 0 0 0 0 0 0 0 0 0 0 0 0 0 0 0 0 0 0 0 0 64 0 0 0 0 4096 0 4194304 0 0 0 8388608 0 0 0 0 0 0 0 0 0 0 0 0 96 0 0 0 0 0 0 0 0 0 131072 0 0 0 0 0 0 0 0 0 0 0 0 0 64 0 0 0 0 0 0 0 2097152 0 0 0 0 0 0 0 0 0 0 0 0 0 0 0 128 0 0 4 0 4096 0 4194304 0 0 6 0 0 0 4194304 0 0 131072 0 0 0 0 0 0 0 0 0 0 0 0 0 64 0 0 6 0 4096 0 0 0 0 131072 8388608
is_linear=0
shrinkage=0.05


Tree=48
num_leaves=31
num_cat=11
split_feature=160 180 166 160 160 195 164 164 169 195 40 161 31 218 173 159 211 31 160 221 170 193 164 166 214 31 173 160 164 166
split_gain=786.772 309.491 264.066 270.908 197.623 247.071 232.042 159.495 141.525 138.048 139.75 123.385 115.979 110.805 100.864 124.271 96.2944 125.093 207.896 96.2526 100.018 99.4965 99.1372 91.1621 89.3216 86.7146 80.4138 80.3663 80.0743 79.3775
threshold=0 1.0000000180025095e-35 95.000000000000014 1 2 1.0000000180025095e-35 3 4 1.0000000180025095e-35 1.0000000180025095e-35 1.5000000000000002 5 1.0000000180025095e-35 1.0000000180025095e-35 5.5000000000000009 6 7.5000000000000009 1.0000000180025095e-35 7 1.0000000180025095e-35 1.0000000180025095e-35 1.0000000180025095e-35 8 95.000000000000014 135.00000000000003 1.0000000180025095e-35 18.500000000000004 9 10 65.000000000000014
decision_type=9 2 2 9 9 2 9 9 2 2 2 9 2 2 2 1 2 2 9 2 2 2 9 2 2 2 2 9 9 2
left_child=2 4 3 28 6 7 -2 26 12 10 16 -9 -4 -10 15 -13 17 18 -8 20 22 -21 -5 -11 -16 -18 -6 -19 -1 -22
right_child=1 -3 8 19 5 -7 9 11 13 23 -12 14 -14 -15 24 -17 25 27 -20 21 29 -23 -24 -25 -26 -27 -28 -29 -30 -31
leaf_value=-0.030961275771939464 -0.035651731863316313 0.0032827075663114397 0.013963124338582659 -0.0044783278273629497 0.013994809380556812 -0.04566146204753313 -0.031272906113016773 0.039696796025999966 0.020905207820566568 -0.041065197333553995 -0.01251062835546043 -0.03268463980127162 -0.0026704798934908628 -0.064722506987215683 -0.011804510567388788 -0.00097687398560565076 -0.0089925165044364274 -0.0013545171454391418 0.0033600450625768741 0.011541560729886905 -0.0035045061814223304 0.059128466554262661 0.0027756432904920813 0.0099608173859143199 0.083314773004526041 0.012726432409343489 -0.038125904425521405 -0.011743054686120007 -0.0081296788073178371 0.011597750007821511
leaf_weight=431.93656103704416 521.53762714088953 10814.835029345501 2217.6472422259103 5151.8055943628424 999.24116172082722 460.07540401614096 450.48567527614068 116.44383895304054 3280.9814223707072 89.990564838750288 3662.748717862858 322.98999630677281 1985.4313756863994 37.720742596138734 16946.196599012226 4247.569514529001 609.41649527242407 3069.0719626151549 7214.3771149215172 1554.673392780358 1056.0264054692816 117.82416975777596 53932.478083562193 2660.1797027153079 24.211420761421323 1862.2827375330962 79.397461349144578 4774.0114751451911 3205.2758888640383 4922.6343332992401
leaf_count=25682 39427 32200 14216 43786 11507 35941 4995 342 23743 7730 66989 6091 27469 984 379648 36768 4676 28361 50286 5002 5157 518 144679 13307 91 4534 4187 86479 41670 9448
internal_value=0 -0.00435894 0.00329757 0.00234609 -0.00607776 -0.00939816 -0.00298102 -0.00866728 0.0122024 -0.00226724 -0.00360923 -0.00959986 0.00610524 0.0199208 -0.00988579 -0.00329565 -0.0017953 -0.00325639 0.00128559 0.00307065 0.00276649 0.0149136 0.00214273 0.00828217 -0.0116661 0.0073687 0.0100447 -0.0076956 -0.0109237 0.00892929
internal_weight=136819 58925.1 77894.4 70372.7 48110.2 23196.1 24914.1 22736 7521.78 24392.6 21642.4 21657.4 4203.08 3318.7 21541 4570.56 17979.6 15507.9 7664.86 66735.4 65062.9 1672.5 59084.3 2750.17 16970.4 2471.7 1078.64 7843.08 3637.21 5978.66
internal_count=1155913 813559 342354 275942 781359 474575 306784 438634 66412 267357 246320 422940 41685 24727 422598 42859 179331 170121 55281 208590 203070 5520 188465 21037 379739 9210 15694 114840 67352 14605
cat_boundaries=0 39 44 83 94 124 130 131 170 194 233 244
cat_threshold=32 0 6 0 4096 0 0 0 0 131072 0 0 0 0 0 0 0 0 0 0 0 0 0 224 0 0 0 0 0 0 0 0 0 41943040 512 67108864 0 1 2147483648 32 0 0 0 4096 524288 0 0 0 0 0 0 0 0 0 0 0 0 0 0 0 0 0 0 0 0 0 0 0 0 0 0 0 0 2147483648 0 0 0 1073741824 0 512 1 8192 1073741824 0 0 0 0 0 0 0 0 0 131072 8388608 0 0 4 0 4096 0 4194304 0 0 131072 8388608 0 0 0 0 0 0 0 0 0 0 0 0 0 0 0 0 0 0 2147483648 0 0 4096 0 0 8388608 4096 0 0 0 0 0 0 0 0 0 0 0 0 0 0 0 0 0 0 0 0 0 0 0 0 0 0 0 0 0 0 0 0 0 0 0 0 0 8192 1073741824 0 0 2 0 0 0 0 0 0 0 0 0 0 0 0 0 0 0 0 0 0 0 0 64 0 0 0 0 0 0 0 0 0 0 0 0 0 0 0 0 0 0 0 0 0 0 0 0 0 0 0 0 0 2147483648 0 0 0 1073741824 0 0 0 8192 1073741824 0 0 2 0 0 0 0 0 0 131072 8388608
is_linear=0
shrinkage=0.05


Tree=49
num_leaves=31
num_cat=8
split_feature=160 223 180 166 160 160 195 164 167 170 164 173 167 160 190 161 218 170 165 173 214 196 176 173 31 40 173 169 173 221
split_gain=751.111 372.311 255.404 251.165 250.835 179.372 229.964 205.763 166.882 183.615 153.517 151.207 147.556 121.887 117.97 115.571 110.541 93.0211 107.858 98.319 92.9856 100.347 119.695 100.258 84.8401 127.239 117.006 83.6275 81.6471 80.2899
threshold=0 1.0000000180025095e-35 1.0000000180025095e-35 95.000000000000014 1 2 1.0000000180025095e-35 3 1.0000000180025095e-35 1.0000000180025095e-35 4 14.500000000000002 1.0000000180025095e-35 5 1.0000000180025095e-35 6 1.0000000180025095e-35 1.0000000180025095e-35 75.000000000000014 10.500000000000002 135.00000000000003 7 1.0000000180025095e-35 13.500000000000002 1.0000000180025095e-35 1.0000000180025095e-35 18.500000000000004 1.0000000180025095e-35 12.500000000000002 1.0000000180025095e-35
decision_type=9 2 2 2 9 9 2 9 2 2 9 2 2 9 2 9 2 2 2 2 2 1 2 2 2 2 2 2 2 2
left_child=3 2 5 4 -1 7 10 -2 9 11 -7 -9 16 -13 -14 -12 27 18 29 -20 21 -17 23 -23 25 28 -26 -5 -21 -6
right_child=1 -3 -4 12 17 6 -8 8 -10 -11 15 13 14 -15 -16 20 -18 -19 19 24 -22 22 -24 -25 26 -27 -28 -29 -30 -31
leaf_value=-0.010584803245343381 -0.016311248088854938 -0.035945886274963736 0.0030784407922954701 0.010087953566984312 0.0026039943998785123 0.00965314788817556 -0.045031187009343873 -0.00055664160381895011 -0.032002863176283723 0.010385168794295579 0.038963932562162219 -0.0024873799245640786 0.0054942629965383022 -0.020096254807221874 -0.03559669073850516 -0.0082512825608380726 -0.018625632736676539 0.0089172181875874258 0.001906158541238198 -0.053747875791809764 0.077901429637436945 -0.015989632961982681 -0.032137404286308818 0.014944137886523032 0.0013113541005758149 0.0041251663175282021 -0.035976618939896267 0.02151907218072115 -0.00054879986107064999 0.013773550492995647
leaf_weight=3601.5232625485369 2572.4053814290382 917.42222574151674 10777.591111767979 3344.777390541858 56077.433126143311 1098.4064316351432 438.7643228960369 17022.789187120623 439.09158332699735 3127.3069722619839 111.9858941049315 1957.7686288475525 500.45500329806237 1988.1569391249795 267.60654392556171 13746.858470335748 244.91115264693508 5937.308397882618 2174.1201985169901 359.82008560281247 29.568874421995133 1704.1700393913125 1039.6889610901271 308.92021498925169 1050.1624528476968 208.43167019996326 262.50860502017895 3073.9939788080519 90.423026345088147 1656.2089990274981
leaf_count=67352 92956 80756 32200 18924 160386 15694 35941 110689 29395 8351 342 23338 4350 46989 14195 233978 8909 14605 11139 6946 103 31648 51935 7988 10646 2109 6993 20034 1502 5520
internal_value=0 -0.00435707 -0.00384328 0.00316539 0.00225534 -0.00547986 -0.0092777 -0.0028862 -0.00147206 -0.000915461 -0.00841173 -0.0026013 0.0119136 -0.0114195 -0.00882991 -0.00958358 0.0143058 0.00293852 0.00236519 -0.00542423 -0.00993102 -0.0100941 -0.0183013 -0.0112377 -0.0135096 -0.028148 -0.00615256 0.0155644 -0.0430874 0.00292462
internal_weight=136131 57280.9 56363.5 78849.7 71417.9 45585.9 18478.4 27107.5 24535.1 24096 18039.6 20968.7 7431.74 3945.93 768.062 16941.2 6663.68 67816.4 61879.1 4145.47 16829.2 16799.6 3052.78 2013.09 1971.35 658.675 1312.67 6418.77 450.243 57733.6
internal_count=1155913 802303 721547 353610 287198 689347 377629 311718 218762 189367 341688 181016 66412 70327 18545 325994 47867 219846 205241 39335 325652 325549 91571 39636 28196 10557 17639 38958 8448 165906
cat_boundaries=0 39 44 83 107 137 176 182 183
cat_threshold=32 0 6 0 4096 0 0 0 0 131072 0 0 0 0 0 0 0 0 0 0 0 0 0 224 0 0 0 0 0 0 0 0 0 41943040 512 67109376 0 1 2147483648 32 0 0 0 4096 524288 0 0 0 0 0 0 0 0 0 0 0 0 0 0 0 0 0 0 0 0 0 0 0 0 0 0 0 0 2147483648 0 0 0 1073741824 0 0 1 8192 1073774592 0 0 6 0 4096 0 0 0 0 131072 8388608 0 0 0 0 0 0 0 0 0 0 0 0 64 0 0 4 0 4096 0 4194304 0 0 131072 8388608 0 0 0 0 0 0 0 0 0 0 0 0 0 0 0 0 0 0 2147483648 524288 0 0 0 0 0 0 0 0 0 0 0 0 0 0 0 0 0 0 0 0 0 0 0 0 0 0 0 0 2147483648 0 0 0 0 0 0 0 8192 1073741824 0 0 4096 0 0 8388608 1051
is_linear=0
shrinkage=0.05


end of trees

feature_importances:
candidate_card_id=241
post_action_hand_count=155
candidate_target_id=139
self_active_energy=121
candidate_target_is_active=70
candidate_target_appear_this_turn=67
trainer_low_deck_risk=65
candidate_fills_energy=54
post_action_ko_estimate=49
action_type=46
candidate_target_hp=43
candidate_target_max_hp=43
opp_active_special_energy=42
candidate_attack_id=38
candidate_target_energy=34
xerosic_opp_hand_value=32
post_action_powerful_hand_damage=29
ability_low_deck_risk=29
candidate_inplay_area=28
attack_lethal_estimate=16
bench_early_game_value=15
end_has_attack_ready_penalty=15
option_type=13
candidate_is_route_card=12
target_is_alakazam=10
target_is_dunsparce=10
retreat_active_damage_value=9
candidate_area=8
candidate_fills_missing_abra=6
is_trainer=6
candidate_hand_cost=5
energy_target_existing_energy_value=5
energy_target_is_alakazam_value=5
candidate_target_is_bench=4
is_retreat=4
hammer_opp_active_special_energy_value=4
attack_overkill_estimate=3
target_is_abra=3
target_is_dudunsparce=3
is_xerosic=3
breaks_current_ko_estimate=2
target_is_kadabra=2
is_end=2
is_evolve=2
is_boss=2
is_bench=2
energy_target_is_fezandipiti_value=2
candidate_fills_stage2=1
evolve_target_is_kadabra_value=1

parameters:
[boosting: gbdt]
[objective: lambdarank]
[metric: ndcg]
[tree_learner: serial]
[device_type: cpu]
[data_sample_strategy: bagging]
[data: ]
[valid: ]
[num_iterations: 50]
[learning_rate: 0.05]
[num_leaves: 31]
[num_threads: 4]
[seed: 741]
[deterministic: 0]
[force_col_wise: 0]
[force_row_wise: 0]
[histogram_pool_size: -1]
[max_depth: -1]
[min_data_in_leaf: 40]
[min_sum_hessian_in_leaf: 0.001]
[bagging_fraction: 0.85]
[pos_bagging_fraction: 1]
[neg_bagging_fraction: 1]
[bagging_freq: 0]
[bagging_seed: 9664]
[bagging_by_query: 0]
[feature_fraction: 0.85]
[feature_fraction_bynode: 1]
[feature_fraction_seed: 7560]
[extra_trees: 0]
[extra_seed: 5152]
[early_stopping_round: 0]
[early_stopping_min_delta: 0]
[first_metric_only: 0]
[max_delta_step: 0]
[lambda_l1: 0.1]
[lambda_l2: 0.5]
[linear_lambda: 0]
[min_gain_to_split: 0]
[drop_rate: 0.1]
[max_drop: 50]
[skip_drop: 0.5]
[xgboost_dart_mode: 0]
[uniform_drop: 0]
[drop_seed: 20317]
[top_rate: 0.2]
[other_rate: 0.1]
[min_data_per_group: 100]
[max_cat_threshold: 32]
[cat_l2: 10]
[cat_smooth: 10]
[max_cat_to_onehot: 4]
[top_k: 20]
[monotone_constraints: ]
[monotone_constraints_method: basic]
[monotone_penalty: 0]
[feature_contri: ]
[forcedsplits_filename: ]
[refit_decay_rate: 0.9]
[cegb_tradeoff: 1]
[cegb_penalty_split: 0]
[cegb_penalty_feature_lazy: ]
[cegb_penalty_feature_coupled: ]
[path_smooth: 0]
[interaction_constraints: ]
[verbosity: -1]
[saved_feature_importance_type: 0]
[use_quantized_grad: 0]
[num_grad_quant_bins: 4]
[quant_train_renew_leaf: 0]
[stochastic_rounding: 1]
[linear_tree: 0]
[max_bin: 255]
[max_bin_by_feature: ]
[min_data_in_bin: 3]
[bin_construct_sample_cnt: 200000]
[data_random_seed: 2458]
[is_enable_sparse: 1]
[enable_bundle: 1]
[use_missing: 1]
[zero_as_missing: 0]
[feature_pre_filter: 1]
[pre_partition: 0]
[two_round: 0]
[header: 0]
[label_column: ]
[weight_column: ]
[group_column: ]
[ignore_column: ]
[categorical_feature: 27,35,154,159,160,161,164,196]
[forcedbins_filename: ]
[precise_float_parser: 0]
[parser_config_file: ]
[objective_seed: 17010]
[num_class: 1]
[is_unbalance: 0]
[scale_pos_weight: 1]
[sigmoid: 1]
[boost_from_average: 1]
[reg_sqrt: 0]
[alpha: 0.9]
[fair_c: 1]
[poisson_max_delta_step: 0.7]
[tweedie_variance_power: 1.5]
[lambdarank_truncation_level: 30]
[lambdarank_norm: 1]
[label_gain: ]
[lambdarank_position_bias_regularization: 0]
[eval_at: 1,2,3,4,5]
[multi_error_top_k: 1]
[auc_mu_weights: ]
[num_machines: 1]
[local_listen_port: 12400]
[time_out: 120]
[machine_list_filename: ]
[machines: ]
[gpu_platform_id: -1]
[gpu_device_id: -1]
[gpu_use_dp: 0]
[num_gpu: 1]

end of parameters

pandas_categorical:null
