version,submission_id,episode_id,create_time,seat,opponent_submission,opponent_rating,our_rating_before,our_rating_after,won,went_first,opponent_family,opponent_deck_hash,exact_mirror,wall_family,turns,our_turns,our_prize_left,opp_prize_left,our_deck_left,opp_deck_left,our_bodies_left,board_out,deck_out,first_ready_turn,first_shadow_turn,first_attack_turn,opp_first_attack_turn,own_first_shadow_turn,own_first_ready_turn,gate_violation,shadow_attacks,attacks,grim_evolutions,rare_candies,adrena_brains,froslass_actions,froslass_true_evolutions,stamps,bosses,lillies,our_decisions,our_multi_pick,our_ends,our_overage_start,our_overage_end,our_overage_used,opp_overage_used,odd_status,steps
v22_a,55479857,92610946,2026-08-13T09:55:37.324188700Z,1,55449636,724.634,600.0,747.9714,1,first,Alakazam,94350ed7ee3a80b1,0,0,5,3,4,6,32,37,6,0,0,3,3,3,,2,2,0,2,2,1,1,1,4,2,1,0,0,41,3,1,600.0,594.0788329999997,5.921,0.733,,63
v22_a,55479857,92611852,2026-08-13T09:59:37.595766500Z,0,54689975,535.031,747.9714,794.9619,1,first,Alakazam,cc38cb450b86770a,0,0,9,5,1,4,21,20,6,0,0,5,5,5,2,3,3,0,3,3,2,1,6,7,2,0,0,2,88,6,2,600.0,589.0130469999998,10.987,1.598,,144
v22_a,55479857,92612806,2026-08-13T10:03:37.786344300Z,1,54955274,603.4732,794.9619,838.5042,1,second,other: Team Rocket's Mewtwo ex,c7f1cd6579e2b0e8,0,0,12,6,1,5,23,27,6,0,0,4,4,4,9,2,2,0,4,4,2,1,2,3,1,2,1,2,73,6,1,600.0,590.9377319999996,9.062,4.631,,131
v22_a,55479857,92613745,2026-08-13T10:07:37.871980700Z,1,54168653,482.7813,838.5042,854.6615,1,second,Archaludon,ee1681b277e66413,0,0,8,4,4,6,29,40,6,0,0,6,6,6,3,3,3,0,1,1,1,0,8,8,1,1,0,1,76,1,2,600.0,590.2180560000003,9.782,0.681,,99
v22_a,55479857,92614685,2026-08-13T10:11:37.841158700Z,1,55452770,722.3764,854.6615,896.9102,1,second,Kangaskhan / Crustle,45fe95772327f96a,0,1,16,8,1,2,10,9,6,0,0,6,6,2,5,3,3,0,5,6,2,2,6,4,2,1,1,3,101,6,2,600.0,586.1161750000002,13.884,19.684,,171
v22_a,55479857,92615639,2026-08-13T10:15:37.327954600Z,1,55479757,955.8469,896.9102,960.2289,1,first,Archaludon,2b6a7dd699d2b6a5,0,0,13,7,2,1,10,13,6,0,0,5,5,5,2,3,3,0,5,5,3,1,10,7,2,2,1,3,129,8,2,600.0,579.4385490000004,20.561,2.4,,200
v22_a,55479857,92616580,2026-08-13T10:19:38.992092700Z,0,54857797,925.4335,960.2289,905.7841,0,first,Alakazam,a665414222aea434,0,0,10,5,4,1,22,8,5,0,0,3,3,3,4,2,2,0,2,4,2,2,2,3,2,0,0,1,75,2,1,600.0,586.259609,13.74,173.52,,132
v22_a,55479857,92617522,2026-08-13T10:23:40.805602300Z,1,55380932,728.6774,905.7841,926.5846,1,first,Alakazam,7fa65817cc79c36c,0,0,13,7,1,4,17,24,4,0,0,5,5,5,4,3,3,0,5,5,1,1,1,4,1,1,0,2,66,4,2,600.0,591.5129360000002,8.487,9.506,,145
v22_a,55479857,92618462,2026-08-13T10:27:37.771280Z,0,55459789,427.9847,926.5846,928.9212,1,first,Dragapult,f2cc4d01d1fab859,0,0,13,7,1,5,21,35,6,0,0,5,5,5,2,3,3,0,4,4,2,1,8,0,0,2,1,2,98,3,2,600.0,587.4388270000003,12.561,8.023,,151
v22_a,55479857,92619385,2026-08-13T10:31:37.553782900Z,1,55458998,795.2256,928.9212,873.7258,0,second,Grimmsnarl (mirror),9714ab5c3996f6cc,1,0,11,5,5,1,23,23,5,0,0,6,6,6,5,3,3,0,2,3,1,0,2,1,1,0,1,1,63,2,2,600.0,588.3156800000004,11.684,4.622,,167
v22_a,55479857,92620337,2026-08-13T10:35:37.608809Z,1,55476081,831.3654,873.7258,901.4505,1,second,Alakazam,cc38cb450b86770a,0,0,12,6,1,3,15,30,6,0,0,6,6,6,3,3,3,0,4,4,3,2,6,5,2,2,1,3,93,3,2,600.0,588.2987019999995,11.701,2.877,,163
v22_a,55479857,92621271,2026-08-13T10:39:37.325733700Z,1,55455327,897.1239,901.4505,930.4266,1,second,Alakazam,29929a763bf01096,0,0,8,4,3,3,18,34,6,0,0,4,4,4,3,2,2,0,3,3,2,1,3,4,1,2,0,1,80,3,1,600.0,587.3675810000004,12.632,18.457,,134
v22_a,55479857,92622204,2026-08-13T10:43:39.618212300Z,1,55380944,569.4695,930.4266,934.6758,1,second,Mega Lucario,d05bff224d40b9c6,0,0,12,6,1,1,17,12,5,0,0,4,4,4,5,2,2,0,4,4,3,2,7,2,1,1,0,3,110,5,2,600.0,586.9383290000002,13.062,2.828,,188
v22_a,55479857,92623138,2026-08-13T10:47:38.479240900Z,1,55475151,925.8515,934.6758,908.1348,0,second,Alakazam,cc38cb450b86770a,0,0,11,5,3,1,18,14,5,0,0,8,8,8,3,4,4,0,2,2,2,0,5,4,2,2,0,1,84,2,3,600.0,590.0391649999997,9.961,4.001,,148
v22_a,55479857,92624094,2026-08-13T10:51:37.669582400Z,0,55472854,894.8804,908.1348,883.3787,0,first,Grimmsnarl (mirror),9714ab5c3996f6cc,1,0,12,6,2,2,15,17,2,0,0,5,5,5,6,3,3,0,4,4,3,0,4,0,0,2,2,2,101,3,2,600.0,584.6245459999997,15.375,23.744,,212
v22_a,55479857,92625043,2026-08-13T10:55:43.714214Z,1,55454605,1038.2313,883.3787,871.7604,0,second,Grimmsnarl (mirror),9714ab5c3996f6cc,1,0,15,7,1,2,19,15,3,0,0,6,6,6,9,3,3,0,5,5,3,1,7,0,0,1,2,2,100,3,2,600.0,584.4620340000001,15.538,16.448,,226
v22_a,55479857,92626016,2026-08-13T10:59:43.355096800Z,0,55382726,792.2905,871.7604,887.1202,1,first,Grimmsnarl (mirror),9714ab5c3996f6cc,1,0,11,6,1,3,20,16,5,0,0,5,5,5,2,3,3,0,3,3,3,1,11,0,0,1,0,1,115,5,2,600.0,587.4281699999999,12.572,3.359,,190
v22_a,55479857,92626895,2026-08-13T11:03:44.146264500Z,0,55470353,891.9153,887.1202,868.0136,0,first,Alakazam,cc38cb450b86770a,0,0,14,7,3,1,13,10,5,0,0,9,9,9,4,5,5,0,3,3,2,1,4,2,1,2,1,2,101,3,4,600.0,588.7200800000004,11.28,25.371,,181
v22_a,55479857,92627855,2026-08-13T11:07:42.587843500Z,0,54336897,867.9465,868.0136,886.2795,1,first,Mega Lucario,a6535bbccddb9182,0,0,11,6,1,3,22,17,6,0,0,5,5,5,2,3,3,0,4,4,2,0,10,5,1,1,0,2,92,3,2,600.0,587.9042470000006,12.096,2.253,,154
v22_a,55479857,92628804,2026-08-13T11:11:41.874145900Z,0,54972308,782.4416,886.2795,897.6777,1,first,Archaludon,ebd4dbb270dce6a2,0,0,15,8,1,3,19,16,6,0,0,5,5,5,6,3,3,0,6,6,3,1,5,1,0,1,0,1,107,4,2,600.0,589.9210320000002,10.079,2.255,,174
v22_a,55479857,92629750,2026-08-13T11:15:42.148351800Z,0,55422703,961.1291,897.6777,917.846,1,first,Mega Lopunny / Froslass,a7ee29914c1dce64,0,0,17,9,3,1,10,19,6,0,0,3,5,5,4,3,2,1,7,7,3,2,12,2,1,1,0,1,148,7,2,600.0,581.2877680000003,18.712,24.548,,250
v22_a,55479857,92630690,2026-08-13T11:19:41.638047Z,1,55469191,929.7572,917.846,933.7853,1,second,Alakazam,cc38cb450b86770a,0,0,10,5,2,3,18,13,6,0,0,6,6,2,3,3,3,0,3,4,2,1,4,6,2,2,0,1,78,6,1,600.0,588.4946569999998,11.505,8.884,,151
v22_a,55479857,92631643,2026-08-13T11:23:44.642096700Z,0,55354124,535.1242,933.7853,935.3421,1,first,Dragapult,ca9c3cd8f2088898,0,0,11,6,1,3,21,15,6,0,0,5,7,3,2,4,3,1,3,5,2,0,9,1,1,0,1,2,97,5,1,600.0,586.6008629999998,13.399,3.417,,191
v22_a,55479857,92632577,2026-08-13T11:27:41.933135100Z,1,55459465,918.0973,935.3421,920.1058,0,second,Grimmsnarl (mirror),21c3f20980827cb2,0,0,13,6,1,2,19,12,4,0,0,6,6,6,5,3,3,0,4,4,2,0,8,2,0,1,1,3,109,4,2,600.0,589.0003039999998,11.0,10.322,,218
v22_a,55479857,92633524,2026-08-13T11:31:43.412999600Z,0,55473206,887.2068,920.1058,932.1288,1,first,Grimmsnarl (mirror),aca0046b8db915cc,0,0,13,7,1,6,31,24,6,0,0,3,3,3,,2,2,0,6,6,1,1,3,0,0,1,0,2,74,1,1,600.0,589.3383359999998,10.662,29.841,,144
v22_a,55479857,92634432,2026-08-13T11:35:41.887561700Z,0,55478544,826.8889,932.1288,940.643,1,first,Grimmsnarl (mirror),9714ab5c3996f6cc,1,0,13,7,1,1,23,18,5,0,0,5,5,5,4,3,3,0,5,5,3,0,10,0,0,0,1,0,116,4,2,600.0,585.6566520000001,14.343,14.252,,212
v22_a,55479857,92635367,2026-08-13T11:39:41.719188100Z,0,55480054,848.1306,912.7754,921.5837,1,first,Alakazam,cc38cb450b86770a,0,0,11,6,1,3,9,25,5,0,0,3,5,5,4,3,2,1,4,4,2,3,3,2,1,1,2,2,90,7,2,600.0,587.8268759999996,12.173,415.593,,164
v22_a,55479857,92635387,2026-08-13T11:39:41.739379200Z,1,55480275,883.7502,940.643,925.8188,0,second,Alakazam,a9ef3854232dfae5,0,0,11,5,3,2,20,2,5,0,0,4,4,4,7,2,2,0,4,4,3,1,0,2,1,0,1,3,70,3,1,600.0,589.4584449999998,10.542,3.433,,165
v22_a,55479857,92636318,2026-08-13T11:43:43.701193600Z,1,55457116,902.0468,925.8188,912.7754,0,second,Alakazam,cc38cb450b86770a,0,0,11,5,2,1,19,20,5,0,0,4,4,4,3,2,2,0,4,4,3,1,1,2,1,1,1,1,81,3,1,600.0,589.648397,10.352,22.27,,165
v22_a,55479857,92637253,2026-08-13T11:47:43.677579400Z,0,55462060,984.313,921.5837,935.2875,1,first,other: Hydrapple ex,b97e551a32cdc3a8,0,0,10,5,2,5,25,21,6,0,0,9,9,9,8,5,5,0,1,1,1,0,7,5,2,1,0,3,78,8,4,600.0,588.9943039999998,11.006,13.985,,142
v22_a,55479857,92638214,2026-08-13T11:51:41.720646300Z,1,55236172,889.4513,947.7755,955.9376,1,second,Kangaskhan / Crustle,1eda048ea3581634,0,1,14,7,3,3,9,30,6,0,0,6,6,2,5,3,3,0,2,7,1,0,7,4,2,1,1,2,105,7,0,600.0,586.6246860000003,13.375,282.85,,150
v22_a,55479857,92639143,2026-08-13T11:55:41.830635300Z,1,55372662,982.3497,935.2875,947.7755,1,second,Grimmsnarl (mirror),9714ab5c3996f6cc,1,0,12,6,1,3,18,18,5,0,0,4,4,4,3,2,2,0,5,5,3,1,9,0,0,2,1,3,113,5,1,600.0,585.8740159999996,14.126,5.628,,229
v22_a,55479857,92640083,2026-08-13T11:59:42.205090900Z,1,54974347,287.3067,955.9376,955.989,1,second,other: Mega Abomasnow ex,7e7bca6783abe61e,0,0,4,2,6,6,35,42,4,0,0,4,4,2,3,2,2,0,1,2,1,1,0,1,1,0,0,0,25,2,0,600.0,594.7918450000001,5.208,0.272,,34
v22_a,55479857,92641024,2026-08-13T12:03:45.528828200Z,1,55352918,938.5691,955.989,965.2463,1,second,Kangaskhan / Crustle,d6633d3760231fe7,0,1,12,6,4,3,18,35,5,0,0,4,4,4,3,2,2,0,3,4,1,1,7,4,2,2,1,2,95,2,2,600.0,587.962686,12.037,1.273,,130
v22_a,55479857,92641973,2026-08-13T12:07:42.536088800Z,1,55395505,912.193,965.2463,953.8129,0,second,Alakazam,cc38cb450b86770a,0,0,17,8,2,1,14,11,5,0,0,4,4,4,7,2,2,0,3,3,1,3,7,3,1,2,1,3,105,2,5,600.0,586.7132960000004,13.287,6.143,,199
v22_a,55479857,92642829,2026-08-13T12:11:42.795725700Z,0,55422691,917.114,953.8129,961.8219,1,first,Alakazam,cc38cb450b86770a,0,0,13,7,1,1,8,9,5,0,0,7,7,5,6,4,4,0,3,5,3,2,5,6,2,1,0,4,108,4,2,600.0,585.7709060000003,14.229,24.151,,181
v22_a,55479857,92643843,2026-08-13T12:15:41.866115300Z,0,55468638,1018.8358,954.7254,965.4633,1,first,Dragapult,e5c9f2b28c879f69,0,0,15,8,2,3,16,4,5,0,0,5,5,5,4,3,3,0,6,6,3,0,7,0,0,2,1,1,127,5,2,600.0,586.9100530000001,13.09,543.883,,281
v22_a,55479857,92644773,2026-08-13T12:19:42.043074700Z,0,55451784,1021.0118,961.8219,954.7254,0,first,Grimmsnarl (mirror),9714ab5c3996f6cc,1,0,12,6,2,2,12,22,5,0,0,5,5,3,6,3,3,0,4,5,3,0,3,1,1,1,0,3,99,6,1,600.0,589.6929810000003,10.307,286.822,,214
v22_a,55479857,92645759,2026-08-13T12:23:44.098673100Z,1,55465316,999.213,966.5497,975.8561,1,second,Dragapult,dfca0c2c2e73cd83,0,0,10,5,2,1,18,28,5,0,0,4,4,4,5,2,2,0,4,4,2,1,4,2,1,1,0,4,91,5,1,600.0,587.4593040000001,12.541,272.285,,188
v22_a,55479857,92646648,2026-08-13T12:27:42.170519600Z,1,55459452,595.3618,965.4633,966.5497,1,second,Grimmsnarl (mirror),7e240191ca77bda3,0,0,12,6,1,4,22,21,6,0,0,4,6,6,5,3,2,1,4,4,2,1,10,0,0,1,2,2,115,4,2,600.0,588.5095400000001,11.49,2.157,,206
v22_a,55479857,92647393,2026-08-13T12:31:42.317956900Z,1,55481866,1042.5118,975.8561,985.4574,1,second,Mega Lopunny / Froslass,a7ee29914c1dce64,0,0,16,8,2,1,13,9,5,0,0,6,6,6,5,3,3,0,6,6,3,1,12,0,0,2,0,2,143,4,2,600.0,586.423408,13.577,11.082,,248
v22_a,55479857,92647581,2026-08-13T12:31:42.656207Z,1,55457080,973.5571,985.4574,992.9371,1,second,Kangaskhan / Crustle,2615cb184074e798,0,1,30,15,1,1,4,7,6,0,0,8,8,6,5,4,4,0,10,12,2,2,16,2,2,0,1,1,155,4,2,600.0,581.0464219999998,18.954,15.966,,254
v22_a,55479857,92648514,2026-08-13T12:35:42.003402500Z,1,55300907,962.3118,992.9371,999.7141,1,second,Grimmsnarl (mirror),9714ab5c3996f6cc,1,0,12,6,2,1,19,23,3,0,0,6,6,6,5,3,3,0,4,4,3,1,10,0,0,2,1,1,109,4,2,600.0,585.41935,14.581,16.687,,194
v22_a,55479857,92651224,2026-08-13T12:47:42.504990300Z,0,55472097,992.8856,999.7141,1006.9262,1,first,Mega Lopunny / Froslass,a7ee29914c1dce64,0,0,13,7,1,3,20,3,6,0,0,3,3,3,2,2,2,0,5,5,3,3,11,0,0,1,0,2,120,5,1,600.0,587.0780520000004,12.922,12.795,,223
v22_a,55479857,92656803,2026-08-13T13:11:42.123790700Z,1,55481856,1036.7166,1006.9262,1000.5752,0,second,Grimmsnarl (mirror),9714ab5c3996f6cc,1,0,11,5,3,1,17,25,3,0,0,4,4,4,5,2,2,0,4,4,2,2,3,6,1,1,0,2,82,4,1,600.0,583.294663,16.705,29.682,,182
v22_b,55483874,92656601,2026-08-13T13:11:41.800574500Z,1,54463938,612.4814,600.0,712.5123,1,second,Mega Lopunny / Froslass,036d381751b6ece8,0,0,12,6,1,3,19,17,6,0,0,8,8,8,3,4,4,0,2,2,1,0,9,5,1,1,1,3,104,3,3,600.0,586.8250019999999,13.175,3.496,,168
v22_b,55483874,92657522,2026-08-13T13:15:41.959705900Z,0,55327394,698.3188,712.5123,805.0717,1,first,Alakazam,65980f1c1e35b45d,0,0,5,3,6,6,29,42,6,0,0,5,5,5,,3,3,0,1,1,1,1,0,0,0,0,0,2,34,2,2,600.0,593.6165460000001,6.383,0.49,,44
v22_b,55483874,92658471,2026-08-13T13:19:44.094132600Z,0,55443288,630.6019,805.0717,851.6277,1,first,Mega Lucario,603dca472e915d83,0,0,11,6,1,5,16,34,6,0,0,3,3,3,2,2,2,0,5,5,1,1,1,2,1,1,1,2,69,3,1,600.0,589.2127299999997,10.787,1.533,,109
v22_b,55483874,92659405,2026-08-13T13:23:41.993775Z,1,54987267,798.3031,851.6277,767.229,0,first,Archaludon,ebd4dbb270dce6a2,0,0,12,6,5,2,27,9,0,1,0,5,5,3,2,3,3,0,2,3,1,0,0,3,1,0,1,1,56,2,3,600.0,593.3174159999999,6.683,1.893,,116
v22_b,55483874,92660365,2026-08-13T13:27:44.332511100Z,1,55312946,833.0503,767.229,841.252,1,second,Grimmsnarl (mirror),9714ab5c3996f6cc,1,0,12,6,1,3,21,19,5,0,0,6,6,6,5,3,3,0,4,4,3,1,8,0,0,2,2,2,98,4,2,600.0,587.0684170000004,12.932,4.766,,179
v22_b,55483874,92661317,2026-08-13T13:31:41.562184400Z,0,55478416,882.4722,841.252,897.8829,1,first,Grimmsnarl (mirror),9714ab5c3996f6cc,1,0,13,7,2,2,20,24,4,0,0,7,7,5,4,4,4,0,4,5,3,1,8,0,0,2,1,2,108,5,2,600.0,586.774264,13.226,3.207,,177
v22_b,55483874,92662264,2026-08-13T13:35:41.819176600Z,0,55347647,888.5367,897.8829,853.8907,0,first,Grimmsnarl (mirror),9714ab5c3996f6cc,1,0,10,5,4,2,27,19,3,0,0,3,3,3,4,2,2,0,4,4,2,1,2,1,1,2,1,0,64,2,1,600.0,592.510113,7.49,11.599,,150
v22_b,55483874,92663236,2026-08-13T13:39:41.670886800Z,1,55354361,513.8171,853.8907,861.2563,1,second,Alakazam,cc38cb450b86770a,0,0,12,6,1,5,19,27,6,0,0,6,6,2,11,3,3,0,4,6,1,0,1,5,1,0,1,1,71,3,0,600.0,589.5922910000002,10.408,2.481,,122
v22_b,55483874,92664175,2026-08-13T13:43:42.833999400Z,1,55467130,948.0082,888.3215,927.2859,1,second,Grimmsnarl (mirror),9714ab5c3996f6cc,1,0,14,7,1,2,14,18,5,0,0,4,4,4,3,2,2,0,6,6,3,1,9,0,0,0,2,3,129,4,1,600.0,583.771779,16.228,409.74,,232
v22_b,55483874,92665345,2026-08-13T13:47:42.851344300Z,1,55479385,787.094,861.2563,888.3215,1,first,Alakazam,7fa65817cc79c36c,0,0,11,6,1,5,17,15,6,0,0,5,5,5,2,3,3,0,3,3,1,2,5,3,2,0,1,2,84,5,2,600.0,590.5232140000003,9.477,14.865,,153
v22_b,55483874,92666088,2026-08-13T13:51:41.509292300Z,0,55445655,949.2866,927.2859,900.7005,0,first,Grimmsnarl (mirror),9714ab5c3996f6cc,1,0,12,6,1,1,18,20,4,0,0,3,3,3,4,2,2,0,5,5,3,2,4,2,1,2,1,2,97,4,1,600.0,585.9720540000005,14.028,117.256,,217
v22_b,55483874,92667041,2026-08-13T13:55:47.910126300Z,0,55440107,858.7002,900.7005,923.218,1,first,Mega Lopunny / Froslass,a7ee29914c1dce64,0,0,15,8,1,1,8,11,6,0,0,5,5,3,4,3,3,0,6,7,3,2,7,9,2,2,1,3,132,5,1,600.0,581.1493669999998,18.851,19.219,,225
v22_b,55483874,92667978,2026-08-13T13:59:46.629061800Z,1,55371062,850.9658,923.218,941.6484,1,second,Grimmsnarl (mirror),9714ab5c3996f6cc,1,0,14,7,1,2,15,16,6,0,0,6,6,6,5,3,3,0,5,5,2,0,10,1,1,2,1,4,129,4,2,600.0,582.3241510000004,17.676,6.665,,246
v22_b,55483874,92668916,2026-08-13T14:03:47.727755600Z,0,55444628,923.3638,941.6484,962.6883,1,first,Alakazam,cc38cb450b86770a,0,0,13,7,1,3,25,22,6,0,0,3,3,3,4,2,2,0,4,4,2,1,2,2,1,1,0,1,71,3,3,600.0,589.9081990000004,10.092,3.786,,143
v22_b,55483874,92669860,2026-08-13T14:07:46.537590300Z,1,55450580,1016.2314,962.6883,945.5814,0,second,Ogerpon,97df7a2a423da1d8,0,1,9,4,4,2,14,18,5,0,0,6,6,6,3,3,3,0,2,2,2,1,3,5,1,2,1,2,79,2,2,600.0,589.8877100000002,10.112,11.255,,151
v22_b,55483874,92670803,2026-08-13T14:11:46.601428900Z,1,55423662,958.8572,945.5814,966.0262,1,second,Alakazam,cc38cb450b86770a,0,0,10,5,1,5,22,12,6,0,0,4,4,4,3,2,2,0,3,3,1,1,6,3,1,1,0,1,79,1,1,600.0,588.6978179999999,11.302,24.115,,159
v22_b,55483874,92671748,2026-08-13T14:15:46.971340Z,1,55438724,973.8074,966.0262,984.7608,1,second,Alakazam,cc38cb450b86770a,0,0,12,6,1,2,16,2,6,0,0,6,6,6,3,3,3,0,2,4,1,0,7,2,1,2,0,3,97,2,2,600.0,586.3890600000001,13.611,13.671,,198
v22_b,55483874,92672673,2026-08-13T14:19:46.513217500Z,0,55472923,1004.8677,984.7608,968.8632,0,first,Mega Lopunny / Froslass,592ba6d36c438f88,0,0,8,4,3,2,13,20,5,0,0,3,3,3,2,2,2,0,3,3,3,1,1,3,1,0,1,2,70,4,1,600.0,589.3314750000002,10.669,3.165,,123
v22_b,55483874,92673673,2026-08-13T14:23:48.452903400Z,1,55470232,936.9024,968.8632,983.2124,1,second,Alakazam,cc38cb450b86770a,0,0,8,4,4,6,27,43,6,0,0,4,4,4,,2,2,0,3,3,1,1,0,3,2,1,1,2,46,2,1,600.0,591.4177290000003,8.582,12.795,,64
v22_b,55483874,92674589,2026-08-13T14:27:46.923162600Z,1,55478881,1027.1772,983.2124,1000.9013,1,second,Alakazam,b1f287b8d98881f8,0,0,14,7,1,3,10,3,5,0,0,4,4,4,7,2,2,0,4,5,1,2,6,6,2,2,2,2,105,3,2,600.0,587.1487230000007,12.851,24.323,,205
v22_b,55483874,92675511,2026-08-13T14:31:46.824860800Z,0,55417796,1017.1542,970.7054,959.3137,0,first,Mega Lopunny / Froslass,a7ee29914c1dce64,0,0,16,8,2,2,14,2,4,0,0,5,5,5,2,3,3,0,6,6,2,1,5,1,1,1,1,3,96,3,2,600.0,587.6923660000003,12.308,379.149,,210
v22_b,55483874,92676506,2026-08-13T14:35:46.936238900Z,1,55471252,734.5618,1000.9013,970.7054,0,second,Mega Lucario,c3c16f0e65487ad6,0,0,13,6,1,2,16,8,4,0,0,10,10,4,3,5,5,0,2,4,1,0,3,7,2,1,1,1,88,3,2,600.0,588.2990740000006,11.701,2.818,,171
v22_b,55483874,92677432,2026-08-13T14:39:46.731652800Z,1,55352762,946.8826,959.3137,971.7135,1,second,Grimmsnarl (mirror),9714ab5c3996f6cc,1,0,12,6,1,2,16,22,5,0,0,4,4,4,5,2,2,0,5,5,2,1,11,0,0,2,0,2,124,4,1,600.0,584.9537260000005,15.046,18.059,,235
v22_b,55483874,92678380,2026-08-13T14:43:53.707652Z,0,55455390,983.8616,971.7135,984.6586,1,first,Alakazam,cc38cb450b86770a,0,0,10,5,1,4,20,28,6,0,0,3,3,3,4,2,2,0,4,4,2,1,3,5,2,2,1,2,81,7,1,600.0,586.2528450000001,13.747,31.722,,139
v22_b,55483874,92679101,2026-08-13T14:47:46.573141Z,1,55445629,844.456,984.6586,991.2683,1,second,Dragapult,202ee2cec6cbe8b4,0,0,12,6,1,6,22,38,6,0,0,4,4,2,,2,2,0,5,6,1,1,1,5,1,0,0,2,57,2,0,600.0,591.6638070000005,8.336,1.167,,93
v22_b,55483874,92680243,2026-08-13T14:51:47.967263300Z,1,54929072,425.9386,991.2683,991.4962,1,first,Archaludon,3c412a8f12eabe8c,0,0,5,3,6,6,22,33,6,0,0,5,5,5,2,3,3,0,1,1,1,0,4,9,1,0,0,2,57,2,2,600.0,590.2580970000001,9.742,1.87,,76
v22_b,55483874,92681128,2026-08-13T14:55:46.423934900Z,0,55484274,995.1799,991.4962,980.4546,0,first,Grimmsnarl (mirror),9714ab5c3996f6cc,1,0,12,6,1,2,14,23,4,0,0,5,5,5,6,3,3,0,4,4,3,1,4,5,1,1,0,3,101,7,2,600.0,587.4752909999996,12.525,3.944,,207
v22_b,55483874,92681172,2026-08-13T14:55:46.500051Z,0,55480116,967.9939,980.4546,969.0016,0,first,Dragapult,202ee2cec6cbe8b4,0,0,10,5,4,1,24,14,3,0,0,5,5,5,2,3,3,0,2,2,1,0,4,0,0,2,0,2,69,2,3,600.0,590.3166939999999,9.683,17.427,,196
v22_b,55483874,92682163,2026-08-13T14:59:47.201589400Z,0,55484578,907.1659,969.0016,977.1766,1,first,Grimmsnarl (mirror),9714ab5c3996f6cc,1,0,11,6,2,4,22,31,6,0,0,5,5,5,6,3,3,0,4,4,2,1,7,0,0,2,1,2,98,2,2,600.0,587.2748650000002,12.725,2.685,,155
v22_b,55483874,92683107,2026-08-13T15:03:49.706692300Z,1,55464069,977.4167,977.1766,987.4568,1,second,Alakazam,cc38cb450b86770a,0,0,12,6,1,3,18,4,6,0,0,6,6,6,3,3,3,0,3,3,2,0,7,5,2,2,1,0,105,7,2,600.0,585.5526219999998,14.447,8.908,,201
v22_b,55483874,92684038,2026-08-13T15:07:46.911304500Z,0,55476841,992.0135,987.4568,977.7384,0,first,Mega Lopunny / Froslass,6fa64c0e3b2eb67c,0,0,14,7,1,1,16,10,5,0,0,3,3,3,2,2,2,0,5,5,2,1,10,8,1,1,1,3,130,3,2,600.0,582.1566800000005,17.843,187.855,,221
v22_b,55483874,92684939,2026-08-13T15:11:47.000463300Z,0,55394382,1088.5426,977.7384,991.4227,1,first,Grimmsnarl (mirror),21c3f20980827cb2,0,0,13,7,1,6,21,16,6,0,0,3,3,3,6,2,2,0,6,6,2,1,7,0,0,0,2,3,98,4,1,600.0,589.122885,10.877,12.87,,198
v22_b,55483874,92685907,2026-08-13T15:15:46.648427Z,0,55481404,1035.5526,991.4227,1002.0546,1,first,Dragapult,202ee2cec6cbe8b4,0,0,13,7,2,6,21,7,6,0,0,7,9,9,6,5,4,1,2,2,2,0,11,8,1,1,1,2,103,5,4,600.0,587.3364320000001,12.664,24.907,,188
v22_b,55483874,92686847,2026-08-13T15:19:46.867514700Z,1,55471418,914.9155,1002.0546,1008.3255,1,second,Grimmsnarl (mirror),9714ab5c3996f6cc,1,0,14,7,1,1,13,29,5,0,0,8,8,8,3,4,4,0,4,4,2,1,13,0,0,2,2,3,136,4,3,600.0,584.0665330000003,15.933,4.376,,219
v22_b,55483874,92687848,2026-08-13T15:23:47.512294800Z,0,55473378,1047.7272,1008.3255,1000.8832,0,first,Mega Lopunny / Froslass,a7ee29914c1dce64,0,0,12,6,1,1,19,28,5,0,0,5,5,5,2,3,3,0,4,4,3,1,3,1,0,1,0,1,88,4,2,600.0,588.292614,11.707,137.659,,142
v22_b,55483874,92688404,2026-08-13T15:27:50.552470700Z,0,55486430,600.0,1000.8832,1002.25,1,first,other: Cynthia's Garchomp ex,8c194ba1f0107a4c,0,0,12,6,1,6,24,24,6,0,0,5,5,5,4,3,3,0,4,4,1,1,3,7,1,0,0,1,66,2,2,600.0,590.9450979999999,9.055,6.484,,121
v22_b,55483874,92688753,2026-08-13T15:27:51.152962700Z,0,55477051,1019.1425,1002.25,1011.0825,1,first,other: Fezandipiti ex,711c221c9cc49384,0,0,9,5,1,2,21,24,5,0,0,3,3,3,4,2,2,0,4,4,3,4,4,6,2,2,0,1,89,6,1,600.0,588.0213900000001,11.979,2.557,,157
v22_b,55483874,92690307,2026-08-13T15:35:46.476567600Z,1,55486258,1031.7178,1011.0825,1018.6277,1,second,Grimmsnarl (mirror),9714ab5c3996f6cc,1,0,14,7,1,2,19,15,5,0,0,8,8,8,7,4,4,0,4,4,2,0,6,3,2,2,1,3,103,7,3,600.0,587.120736,12.879,5.817,,196
v22_c,55486680,92691203,2026-08-13T15:39:46.661828100Z,0,55475219,748.6483,738.2049,836.9135,1,first,Archaludon,7966c4f7fc827422,0,0,13,7,1,3,19,32,6,0,0,3,3,3,2,2,2,0,6,6,3,1,4,0,0,1,0,1,92,5,1,600.0,588.8929250000001,11.107,339.313,,139
v22_c,55486680,92692156,2026-08-13T15:43:50.105002200Z,1,55475706,697.4333,600.0,738.2049,1,second,Grimmsnarl (mirror),9714ab5c3996f6cc,1,0,14,7,1,1,17,19,5,0,0,6,6,6,5,3,3,0,4,4,2,0,6,3,1,2,1,2,106,5,2,600.0,587.6832510000003,12.317,3.399,,203
v22_c,55486680,92693065,2026-08-13T15:47:50.817668500Z,1,55474401,717.5747,836.9135,894.0081,1,second,Alakazam,cc38cb450b86770a,0,0,10,5,1,3,21,11,5,0,0,4,6,6,5,3,2,1,3,3,2,1,4,2,1,1,1,1,86,3,2,600.0,588.8072719999999,11.193,11.294,,160
v22_c,55486680,92694015,2026-08-13T15:51:51.305110200Z,0,55222325,941.3348,894.0081,977.0194,1,first,Ogerpon,97df7a2a423da1d8,0,1,7,4,6,3,31,32,3,0,0,3,3,3,4,2,2,0,3,3,2,1,0,0,0,0,0,0,37,4,1,600.0,593.01656,6.983,1.328,,69
v22_c,55486680,92694947,2026-08-13T15:55:46.317321Z,0,55422691,905.9764,977.0194,1025.2261,1,first,Alakazam,cc38cb450b86770a,0,0,13,7,1,5,18,30,6,0,0,7,7,7,4,4,4,0,4,4,1,1,4,2,1,1,2,2,82,4,3,600.0,589.934124,10.066,18.257,,141
v22_c,55486680,92695888,2026-08-13T15:59:46.788009700Z,0,55480617,992.3599,1025.2261,1071.638,1,first,Dipplin,b957f91298535456,0,0,9,5,1,6,28,21,6,0,0,3,3,3,6,2,2,0,4,4,1,1,3,0,0,2,0,0,73,3,1,600.0,587.728787,12.271,25.256,,130
v22_c,55486680,92696827,2026-08-13T16:03:48.086035Z,1,55483292,1002.8731,1071.638,1106.6628,1,second,Mega Lopunny / Froslass,a7ee29914c1dce64,0,0,12,6,3,2,28,19,5,0,0,6,6,6,3,3,3,0,3,3,2,1,8,0,0,0,1,0,91,5,2,600.0,586.8758220000001,13.124,19.688,,154
v22_c,55486680,92697747,2026-08-13T16:07:46.381643400Z,0,55472438,1097.5645,1106.6628,1144.9672,1,first,Dragapult,202ee2cec6cbe8b4,0,0,13,7,1,3,18,16,5,0,0,5,5,3,2,3,3,0,3,4,3,0,6,1,1,2,1,0,113,5,2,600.0,585.4946980000001,14.505,9.217,,223
v22_c,55486680,92698693,2026-08-13T16:11:46.591230300Z,1,55484297,1081.8595,1100.3363,1128.9623,1,second,Dragapult,202ee2cec6cbe8b4,0,0,10,5,1,3,20,20,4,0,0,4,4,4,5,2,2,0,4,4,2,1,3,2,1,2,0,1,72,4,1,600.0,589.4785869999998,10.521,259.335,,164
v22_c,55486680,92699646,2026-08-13T16:15:46.425544400Z,0,55470304,1066.1538,1144.9672,1100.3363,0,first,Grimmsnarl (mirror),9714ab5c3996f6cc,1,0,12,6,1,1,18,24,4,0,0,3,3,3,2,2,2,0,5,5,2,1,3,4,1,2,0,2,91,4,1,600.0,590.0394259999996,9.961,14.296,,192
v22_c,55486680,92700593,2026-08-13T16:19:46.336591100Z,0,55476908,978.3297,1128.9623,1144.2573,1,first,Alakazam,cc38cb450b86770a,0,0,11,6,1,4,16,19,6,0,0,3,3,3,4,2,2,0,4,4,2,1,4,2,2,2,0,2,90,5,1,600.0,589.7098139999999,10.29,25.887,,162
v22_c,55486680,92701658,2026-08-13T16:23:52.117177900Z,0,55481866,1099.8047,1144.2573,1166.4249,1,first,Mega Lopunny / Froslass,a7ee29914c1dce64,0,0,15,8,2,3,17,23,5,0,0,7,9,9,2,5,4,1,4,4,3,2,15,0,0,1,1,2,141,2,4,600.0,586.591892000001,13.408,10.46,,203
v22_c,55486680,92702478,2026-08-13T16:27:47.135361400Z,0,55456208,1160.4071,1166.4249,1141.8322,0,first,Dragapult,202ee2cec6cbe8b4,0,0,8,4,6,5,42,24,0,1,0,,,3,2,,,0,0,3,0,0,0,0,0,0,2,0,18,0,1,600.0,594.6245200000001,5.375,12.829,,74
v22_c,55486680,92703425,2026-08-13T16:31:46.601379200Z,0,55481750,804.9956,1141.8322,1145.9413,1,first,Grimmsnarl (mirror),9714ab5c3996f6cc,1,0,9,5,2,2,29,23,4,0,0,3,3,3,4,2,2,0,2,2,2,2,8,0,0,0,0,1,90,6,2,600.0,588.281974,11.718,3.467,,150
v22_c,55486680,92704335,2026-08-13T16:35:46.501839Z,0,55481866,1094.7195,1145.9413,1120.4915,0,first,Mega Lopunny / Froslass,a7ee29914c1dce64,0,0,14,7,1,1,15,21,5,0,0,9,9,7,4,5,5,0,3,4,2,0,5,2,1,1,1,1,92,6,3,600.0,586.999623,13.0,14.537,,162
v22_c,55486680,92704474,2026-08-13T16:35:46.711356Z,0,55485728,1060.7804,1120.4915,1136.2895,1,first,Dragapult,202ee2cec6cbe8b4,0,0,11,6,1,4,21,18,5,0,0,3,3,3,8,2,2,0,4,4,2,1,5,0,0,1,2,2,90,5,1,600.0,587.9607339999999,12.039,19.913,,183
v22_c,55486680,92705291,2026-08-13T16:39:46.517210200Z,0,55485842,1132.8349,1136.2895,1117.6018,0,first,Alakazam,e452d606e1029229,0,0,14,7,4,2,18,20,5,0,0,5,5,5,6,3,3,0,2,2,3,1,0,0,0,1,1,3,81,2,5,600.0,588.724721,11.275,20.175,,150
v22_c,55486680,92706226,2026-08-13T16:43:52.163561700Z,1,55319855,734.7852,1117.6018,1071.0592,0,first,Archaludon,2b6a7dd699d2b6a5,0,0,14,7,4,2,20,28,3,0,0,11,11,3,2,6,6,0,2,3,1,0,3,0,0,2,1,2,75,2,4,600.0,590.843742,9.156,1.917,,130
v22_c,55486680,92707179,2026-08-13T16:47:48.323368300Z,0,55478798,1046.6026,1071.0592,1085.862,1,first,Mega Lopunny / Froslass,a7ee29914c1dce64,0,0,13,7,1,2,12,17,6,0,0,7,7,7,2,4,4,0,3,3,3,0,7,1,0,2,1,2,107,5,3,600.0,585.103589,14.896,13.353,,183
v22_c,55486680,92708110,2026-08-13T16:51:53.148010400Z,1,55474711,1036.4838,1086.5306,1099.1843,1,second,Dragapult,202ee2cec6cbe8b4,0,0,12,6,2,2,14,25,5,0,0,6,6,4,7,3,3,0,3,5,2,0,3,10,2,2,1,2,92,9,1,600.0,585.2041810000001,14.796,516.963,,181
v22_c,55486680,92709044,2026-08-13T16:55:57.070370200Z,1,53795267,587.6354,1085.862,1086.5306,1,second,other: Ethan's Typhlosion,17d0bf4e19b3539c,0,0,12,6,4,4,22,39,6,0,0,6,6,4,3,3,3,0,2,3,1,0,8,2,1,2,0,1,92,1,2,600.0,587.0392649999999,12.961,2.129,,123
v22_c,55486680,92709986,2026-08-13T16:59:57.131335900Z,1,55487080,1021.5688,1096.6863,1106.0943,1,second,Grimmsnarl (mirror),9714ab5c3996f6cc,1,0,14,7,1,1,17,16,3,0,0,4,4,4,3,2,2,0,6,6,2,1,8,0,0,1,2,2,124,5,1,600.0,582.5670430000001,17.433,480.819,,242
v22_c,55486680,92710917,2026-08-13T17:04:01.455451400Z,1,55457414,1010.5195,1099.1843,1079.767,0,second,Dragapult,202ee2cec6cbe8b4,0,0,11,5,2,1,11,13,3,0,0,4,4,4,5,2,2,0,4,4,2,1,2,2,1,2,1,3,88,5,1,600.0,587.1442110000002,12.856,16.165,,221
v22_c,55486680,92710940,2026-08-13T17:04:01.503830800Z,1,55486522,1150.3312,1079.767,1096.6863,1,second,other: Hydrapple ex,6e5a0a56c7ef2514,0,0,12,6,1,2,7,15,6,0,0,8,8,2,3,4,4,0,3,5,3,2,1,7,2,2,0,4,91,9,1,600.0,590.2687669999996,9.731,42.149,,168
v22_c,55486680,92711899,2026-08-13T17:07:57.904215500Z,0,55478562,985.2903,1106.0943,1113.7738,1,first,Grimmsnarl (mirror),9714ab5c3996f6cc,1,0,11,6,2,6,16,23,6,0,0,5,5,5,6,3,3,0,4,4,3,0,6,0,0,0,3,2,96,4,2,600.0,590.467907,9.532,13.58,,160
v22_c,55486680,92712787,2026-08-13T17:11:57.084444500Z,1,55472421,1117.2987,1113.7738,1101.7798,0,second,Alakazam,a2c42fb668c95e73,0,0,11,5,4,1,21,28,4,0,0,6,6,6,3,3,3,0,2,3,2,1,1,0,0,2,0,2,57,3,2,600.0,592.5715029999999,7.428,12.284,,129
v22_c,55486680,92713718,2026-08-13T17:15:58.540412600Z,0,55470068,1108.7972,1101.7798,1090.4226,0,first,Dragapult,42972e2eccd5e0aa,0,0,12,6,3,1,20,19,4,0,0,5,5,5,2,3,3,0,2,2,1,0,7,2,1,2,1,2,99,1,4,600.0,586.7475249999994,13.252,8.165,,222
v22_c,55486680,92714638,2026-08-13T17:19:58.800144800Z,0,55480716,1062.5762,1090.4226,1078.1526,0,first,Ogerpon,97df7a2a423da1d8,0,1,12,6,2,1,18,6,4,0,0,5,5,5,4,3,3,0,2,3,2,1,7,8,2,0,1,0,93,6,3,600.0,590.5634499999994,9.437,2.084,,184
v22_c,55486680,92715668,2026-08-13T17:23:58.235624200Z,1,55483539,1030.2646,1078.1526,1087.0595,1,second,Kangaskhan / Crustle,45fe95772327f96a,0,1,20,10,3,4,9,22,6,0,0,6,6,4,3,3,3,0,7,8,2,2,13,2,1,2,1,4,135,4,1,600.0,582.0824250000006,17.918,31.695,,192
v22_c,55486680,92716501,2026-08-13T17:27:58.655417100Z,0,55394382,1084.2362,1087.0595,1076.5876,0,first,Grimmsnarl (mirror),21c3f20980827cb2,0,0,16,8,1,1,20,17,4,0,0,5,5,5,6,3,3,0,5,5,2,0,7,4,1,0,2,0,113,4,3,600.0,580.564246,19.436,22.558,,247
v22_c,55486680,92717430,2026-08-13T17:31:57.216772400Z,1,55470304,1062.5651,1076.5876,1066.0888,0,second,Grimmsnarl (mirror),9714ab5c3996f6cc,1,0,13,6,6,1,23,24,3,0,0,10,10,10,5,5,5,0,2,2,1,1,7,1,1,2,0,2,79,1,4,600.0,587.6459060000003,12.354,20.849,,174
v22_c,55486680,92718368,2026-08-13T17:35:57.866796200Z,1,55469116,1003.3748,1066.0888,1054.1806,0,second,Dipplin,56fc5ee60f353d0f,0,0,7,3,6,1,27,33,3,0,0,,,2,3,,,0,0,1,0,0,1,2,1,0,0,3,43,1,2,600.0,593.596974,6.403,1.692,,81
v22_c,55486680,92719304,2026-08-13T17:39:57.709364800Z,1,55487952,956.0851,1054.1806,1060.2491,1,second,Dragapult,202ee2cec6cbe8b4,0,0,14,7,1,5,25,4,6,0,0,6,6,6,7,3,3,0,5,5,2,1,10,0,0,2,0,3,108,4,2,600.0,589.7722800000005,10.228,3.052,,214
v22_c,55486680,92720231,2026-08-13T17:43:59.805685100Z,1,55478562,981.4707,1060.2491,1048.5518,0,second,Grimmsnarl (mirror),9714ab5c3996f6cc,1,0,11,5,5,1,19,21,3,0,0,4,4,4,5,2,2,0,4,4,3,1,2,1,1,1,0,1,73,4,1,600.0,591.0286299999997,8.971,24.89,,188
v22_c,55486680,92721178,2026-08-13T17:47:58.306768700Z,0,55470423,1014.122,1048.5518,1056.2164,1,first,Grimmsnarl (mirror),9714ab5c3996f6cc,1,0,11,6,1,5,20,27,6,0,0,3,3,3,2,2,2,0,5,5,2,2,7,0,0,1,0,3,105,3,1,600.0,586.7605680000003,13.239,14.345,,170
v22_c,55486680,92722119,2026-08-13T17:51:57.783912100Z,1,55433719,1062.8178,1056.2164,1047.9409,0,second,Mega Lopunny / Froslass,a7ee29914c1dce64,0,0,13,6,6,1,20,23,4,0,0,6,6,6,3,3,3,0,2,3,1,1,9,3,1,1,1,2,93,2,3,600.0,587.742527,12.257,209.058,,169
v22_c,55486680,92723046,2026-08-13T17:55:57.653567500Z,1,55451490,988.5071,1047.9409,1037.8669,0,second,Ogerpon,97df7a2a423da1d8,0,1,13,6,2,2,6,10,5,0,0,4,4,4,7,2,2,0,3,3,3,2,4,7,2,3,0,3,99,7,3,600.0,587.8583859999998,12.142,2.944,,189
v22_c,55486680,92723988,2026-08-13T17:59:57.431240700Z,1,55235071,996.0422,1037.8669,1028.656,0,second,Ogerpon,8082e8c9bf7a67b4,0,1,11,5,2,1,17,14,4,0,0,6,6,6,3,3,3,0,2,2,2,1,4,8,2,1,1,2,83,7,3,600.0,590.818025,9.182,3.772,,169
v22_c,55486680,92724933,2026-08-13T18:03:59.827363500Z,1,55457414,1016.3436,1028.656,1020.5812,0,second,Dragapult,202ee2cec6cbe8b4,0,0,17,8,6,1,35,16,1,0,0,,,,3,,,0,0,0,0,1,4,0,0,1,2,0,56,0,8,600.0,593.3026580000001,6.697,13.685,,196
v22_c,55486680,92725901,2026-08-13T18:07:57.343251300Z,0,55480783,1005.3327,1020.5812,1012.6796,0,first,Grimmsnarl (mirror),9714ab5c3996f6cc,1,0,10,5,4,1,24,23,2,0,0,5,5,5,4,3,3,0,3,3,2,1,3,0,0,1,0,1,68,4,2,600.0,586.2454270000002,13.755,130.536,,167
v22_c,55486680,92732440,2026-08-13T18:40:50.891500100Z,0,55481763,1006.1884,1012.6796,1019.7796,1,first,Kangaskhan / Crustle,4717e5f31ba694d4,0,1,13,7,1,4,16,31,6,0,0,9,9,9,6,5,5,0,2,2,1,1,14,7,2,2,1,2,117,8,4,600.0,585.2588079999995,14.741,21.046,,163
v22_c,55486680,92736142,2026-08-13T18:56:52.007387300Z,1,55485252,995.2032,1019.7796,1026.2324,1,second,Alakazam,cc38cb450b86770a,0,0,10,5,1,1,19,15,5,0,0,4,4,4,5,2,2,0,3,3,3,1,7,5,1,2,1,2,99,3,2,600.0,589.4269430000004,10.573,9.536,,167
v22_c,55486680,92741679,2026-08-13T19:20:51.349742100Z,1,55378303,944.9866,1026.2324,1031.2674,1,second,Alakazam,cc38cb450b86770a,0,0,12,6,1,3,14,12,6,0,0,4,4,2,3,2,2,0,4,5,3,1,8,5,2,1,1,2,107,3,1,600.0,589.9731359999998,10.027,19.937,,187
v22_c,55486680,92746237,2026-08-13T19:42:55.094594300Z,1,55443555,956.3988,1031.2674,1022.5124,0,second,Grimmsnarl (mirror),9714ab5c3996f6cc,1,0,13,6,2,1,19,17,2,0,0,6,6,2,5,3,3,0,4,6,2,1,4,1,1,0,0,4,80,4,0,600.0,589.2503010000001,10.75,7.557,,214
v22_c,55486680,92750659,2026-08-13T20:02:57.596013Z,1,55489859,984.96,1022.5124,1028.0354,1,second,Grimmsnarl (mirror),9714ab5c3996f6cc,1,0,12,6,1,3,17,16,5,0,0,4,4,4,3,2,2,0,5,5,3,1,8,1,0,0,0,2,116,4,1,600.0,584.8554609999993,15.145,15.271,,207
v22_c,55486680,92755592,2026-08-13T20:22:57.532732300Z,0,55348111,986.8414,1028.0354,1033.5793,1,first,Grimmsnarl (mirror),9714ab5c3996f6cc,1,0,15,8,1,2,15,16,5,0,0,5,7,7,6,4,3,1,5,5,3,0,9,0,0,0,0,4,118,6,3,600.0,586.1734529999994,13.827,406.536,,228
v22_c,55486680,92760159,2026-08-13T20:42:57.316245200Z,1,55469066,1028.2847,1033.5793,1027.1176,0,second,Kangaskhan / Crustle,4717e5f31ba694d4,0,1,29,14,5,1,10,24,3,0,0,14,14,14,5,7,7,0,1,1,1,0,14,3,1,1,2,2,153,4,13,600.0,583.5319259999999,16.468,16.1,,224
v22_c,55486680,92765712,2026-08-13T21:06:56.281758400Z,1,55487305,1016.8163,1027.1176,1020.7161,0,second,Grimmsnarl (mirror),9714ab5c3996f6cc,1,0,11,5,4,2,19,30,3,0,0,6,6,6,3,3,3,0,3,3,3,1,2,0,0,2,0,0,80,6,2,600.0,588.292029,11.708,221.475,,153
v22_c,55486680,92768266,2026-08-13T21:18:56.457325800Z,1,55489068,1065.5299,1020.7161,1027.7561,1,second,Dragapult,202ee2cec6cbe8b4,0,0,12,6,1,4,15,20,5,0,0,10,10,10,3,5,5,0,2,2,2,0,8,5,1,2,1,3,105,5,4,600.0,587.5019359999993,12.498,39.498,,202
v22_c,55486680,92775867,2026-08-13T21:50:56.922171700Z,1,55490646,1025.5622,1027.7561,1033.5315,1,second,Kangaskhan / Crustle,d596ab33374df85f,0,1,10,5,6,4,19,43,6,0,0,8,8,8,5,4,4,0,2,2,1,0,5,4,2,2,0,2,74,2,3,600.0,590.087827,9.912,6.298,,99
v22_c,55486680,92780490,2026-08-13T22:12:39.441690200Z,1,55483539,1011.0004,1033.5315,1027.2735,0,second,Kangaskhan / Crustle,45fe95772327f96a,0,1,19,9,2,2,9,23,5,0,0,4,4,4,7,2,2,0,7,8,2,1,4,3,2,1,2,2,123,7,1,600.0,584.7163680000002,15.284,104.016,,191
v22_c,55486680,92780529,2026-08-13T22:12:39.473905100Z,0,55487406,1134.2696,1027.2735,1035.3111,1,first,Dragapult,202ee2cec6cbe8b4,0,0,13,7,1,1,17,7,3,0,0,7,7,3,2,4,4,0,4,5,2,0,4,5,2,1,1,1,103,4,2,600.0,586.6659749999998,13.334,158.038,,238
v22_c,55486680,92782964,2026-08-13T22:24:39.162177700Z,1,55491607,1014.5928,1035.3111,1040.1002,1,second,Grimmsnarl (mirror),9714ab5c3996f6cc,1,0,12,6,1,4,21,27,6,0,0,4,4,4,7,2,2,0,4,4,3,2,7,0,0,1,0,1,87,4,1,600.0,582.8226840000003,17.177,295.994,,157
v22_c,55486680,92785961,2026-08-13T22:36:40.852335900Z,1,55490240,998.969,1040.1002,1033.8361,0,second,Mega Lopunny / Froslass,6fa64c0e3b2eb67c,0,0,13,6,5,1,24,29,2,0,0,6,6,2,3,3,3,0,2,3,1,2,1,0,0,2,1,0,64,2,3,600.0,590.2542829999994,9.746,49.927,,133
v22_c,55486680,92793452,2026-08-13T23:08:41.759967200Z,1,55481059,1111.89,1033.8361,1029.9254,0,second,Kangaskhan / Crustle,f28177e6f00410a7,0,1,11,5,6,1,30,27,1,0,0,8,8,4,3,4,4,0,1,3,1,0,1,2,1,0,0,0,50,1,2,600.0,591.1942300000003,8.806,22.581,,96
v22_c,55486680,92796913,2026-08-13T23:24:39.407939100Z,1,55492347,1058.3348,1029.9254,1025.5181,0,second,other: Arboliva ex,82879abd3807469b,0,0,13,6,6,1,23,20,4,0,0,,,,3,,,0,0,0,0,0,3,2,1,0,1,2,52,3,6,600.0,590.8310169999999,9.169,31.695,,146
v22_c,55486680,92798770,2026-08-13T23:32:39.242639900Z,0,55492091,1020.2028,1025.5181,1020.4129,0,first,Dragapult,202ee2cec6cbe8b4,0,0,10,5,4,1,19,21,2,0,0,5,5,3,2,3,3,0,3,4,2,0,4,0,0,2,0,3,77,4,1,600.0,590.7472599999998,9.253,11.313,,192
v22_d,55486691,92691205,2026-08-13T15:39:46.662512400Z,1,53763244,608.1692,600.0,711.2227,1,second,Mega Lucario,d05bff224d40b9c6,0,0,12,6,1,1,20,11,6,0,0,6,6,6,5,3,3,0,4,4,3,0,5,1,1,1,1,1,91,4,2,600.0,586.7861420000003,13.214,3.199,,169
v22_d,55486691,92692137,2026-08-13T15:43:50.083183200Z,0,55482736,714.6579,711.2227,807.638,1,first,other: Dudunsparce,5979812c5a24e879,0,0,11,6,1,4,17,16,6,0,0,5,5,5,2,3,3,0,3,3,1,0,10,5,1,0,1,3,101,4,2,600.0,586.6327360000007,13.367,2.28,,179
v22_d,55486691,92693079,2026-08-13T15:47:50.832912600Z,0,55399493,801.8775,807.638,722.0082,0,first,Archaludon,2b6a7dd699d2b6a5,0,0,14,7,3,1,21,9,5,0,0,3,3,3,4,2,2,0,6,6,3,1,6,1,1,2,0,0,92,5,1,600.0,588.9070649999999,11.093,2.617,,169
v22_d,55486691,92693192,2026-08-13T15:47:51.000790900Z,0,55486120,910.1775,722.0082,833.0735,1,first,Mega Lucario,c3c16f0e65487ad6,0,0,11,6,1,2,18,11,5,0,0,3,3,3,2,2,2,0,5,5,3,1,5,0,0,2,0,2,87,5,1,600.0,588.9669789999998,11.033,2.648,,157
v22_d,55486691,92694031,2026-08-13T15:51:51.364369100Z,0,55444099,845.3073,833.0735,896.4275,1,first,Grimmsnarl (mirror),9714ab5c3996f6cc,1,0,15,8,1,3,18,9,5,0,0,7,7,7,8,4,4,0,5,5,3,3,8,0,0,0,1,3,118,4,3,600.0,584.7261239999997,15.274,4.349,,223
v22_d,55486691,92694969,2026-08-13T15:55:46.343039600Z,0,55482326,869.144,896.4275,942.419,1,first,Alakazam,65980f1c1e35b45d,0,0,9,5,2,2,18,19,5,0,0,7,7,7,4,4,4,0,2,2,2,1,8,4,1,2,1,2,98,3,3,600.0,587.8645580000001,12.135,56.49,,157
v22_d,55486691,92695903,2026-08-13T15:59:46.804832800Z,1,55435619,912.2911,942.419,982.0116,1,second,Alakazam,e452d606e1029229,0,0,10,5,1,3,17,16,6,0,0,4,4,4,3,2,2,0,4,4,2,1,4,2,1,2,0,2,90,3,1,600.0,588.6271070000003,11.373,6.353,,176
v22_d,55486691,92696837,2026-08-13T16:03:48.100705900Z,0,55478302,945.4784,982.0116,1015.7377,1,first,Alakazam,cc38cb450b86770a,0,0,11,6,1,4,28,26,4,0,0,3,5,5,4,3,2,1,4,4,1,1,1,0,0,1,1,0,55,3,2,600.0,589.6816260000003,10.318,38.851,,116
v22_d,55486691,92697765,2026-08-13T16:07:46.417657800Z,0,55441101,941.3968,1015.7377,972.525,0,first,Grimmsnarl (mirror),6ef5d9bc5407f2ae,0,0,16,8,1,1,13,11,3,0,0,7,7,7,6,4,4,0,5,5,3,0,6,1,0,2,1,3,115,5,3,600.0,584.450625,15.549,15.892,,228
v22_d,55486691,92698721,2026-08-13T16:11:46.619646300Z,1,55473460,935.5164,972.525,938.5004,0,second,Grimmsnarl (mirror),9714ab5c3996f6cc,1,0,13,6,3,2,26,17,3,0,0,8,8,8,7,4,4,0,3,3,2,0,2,0,0,0,1,2,69,4,3,600.0,588.6013160000002,11.399,24.133,,193
v22_d,55486691,92698755,2026-08-13T16:11:46.680252500Z,0,55486051,985.3695,965.5802,943.251,0,first,Dragapult,dfca0c2c2e73cd83,0,0,10,5,2,1,22,8,4,0,0,5,5,5,2,3,3,0,3,3,2,1,6,2,1,1,0,1,91,3,2,600.0,589.5829990000005,10.417,313.827,,215
v22_d,55486691,92699679,2026-08-13T16:15:46.555103500Z,1,55416382,936.7265,938.5004,965.5802,1,second,Grimmsnarl (mirror),9714ab5c3996f6cc,1,0,10,5,1,2,18,19,6,0,0,4,4,4,3,2,2,0,4,4,3,1,6,0,0,0,2,2,105,6,1,600.0,583.1874889999996,16.813,3.296,,183
v22_d,55486691,92700621,2026-08-13T16:19:46.381564400Z,0,55474870,929.2763,943.251,965.128,1,first,Mega Lucario,05f854e1b3b3ba0f,0,0,13,7,3,1,16,9,5,0,0,5,5,5,2,3,3,0,5,5,3,2,6,0,0,2,1,2,110,4,2,600.0,585.7422220000004,14.258,90.501,,196
v22_d,55486691,92701678,2026-08-13T16:23:51.878292600Z,0,54980667,701.6773,965.128,971.428,1,first,Archaludon,f230a047275c91a4,0,0,17,9,1,1,15,7,5,0,0,5,5,5,6,3,3,0,5,6,3,1,8,5,1,1,1,0,114,6,2,600.0,589.3203059999998,10.68,1.927,,194
v22_d,55486691,92702513,2026-08-13T16:27:47.196174600Z,0,55482623,929.4623,990.5822,967.1745,0,first,other: Hydrapple ex,f39b7a1dd837f526,0,0,10,5,2,1,13,11,5,0,0,3,3,3,2,2,2,0,3,3,3,2,5,4,2,1,1,2,100,6,2,600.0,589.1225710000001,10.877,14.575,,187
v22_d,55486691,92702559,2026-08-13T16:27:47.246910300Z,1,55486112,958.4412,971.428,990.5822,1,second,Kangaskhan / Crustle,cf8fcd7f8faf7330,0,1,18,9,3,3,8,26,6,0,0,4,4,2,3,2,2,0,7,9,1,1,14,3,2,2,2,5,152,3,0,600.0,584.2848080000001,15.715,4.64,,202
v22_d,55486691,92703471,2026-08-13T16:31:46.642040100Z,1,55421138,958.606,967.1745,948.6298,0,second,Ogerpon,0dede7cb8026e473,0,1,11,5,2,2,16,12,5,0,0,8,8,4,3,4,4,0,2,4,2,0,6,5,1,2,1,2,91,4,1,600.0,587.1942880000009,12.806,14.385,,181
v22_d,55486691,92704403,2026-08-13T16:35:46.605505900Z,1,55468194,869.1837,948.6298,961.0671,1,second,Grimmsnarl (mirror),9714ab5c3996f6cc,1,0,12,6,1,5,26,14,5,0,0,8,8,8,9,4,4,0,3,3,2,1,11,2,0,0,0,3,105,3,3,600.0,585.5658849999993,14.434,5.57,,185
v22_d,55486691,92705338,2026-08-13T16:39:46.578422200Z,1,55476517,840.4029,961.0671,937.7797,0,second,Grimmsnarl (mirror),9714ab5c3996f6cc,1,0,13,6,3,1,20,22,3,0,0,6,6,6,3,3,3,0,4,4,2,0,5,1,0,2,0,2,97,3,2,600.0,587.1682289999999,12.832,5.767,,219
v22_d,55486691,92706281,2026-08-13T16:43:52.253506Z,1,55405324,962.1001,937.7797,923.9919,0,second,Grimmsnarl (mirror),9714ab5c3996f6cc,1,0,9,4,4,1,32,22,2,0,0,4,4,4,3,2,2,0,3,3,2,1,1,0,0,0,0,0,51,5,1,600.0,593.3179579999999,6.682,149.941,,138
v22_d,55486691,92707228,2026-08-13T16:47:48.457343800Z,1,55486371,1019.4073,923.9919,942.927,1,second,Dipplin,3e49c90e4b89c580,0,0,10,5,1,3,20,27,6,0,0,6,6,6,3,3,3,0,2,2,1,1,5,9,2,2,2,1,90,4,2,600.0,588.6621739999999,11.338,2.545,,155
v22_d,55486691,92707230,2026-08-13T16:47:48.460612500Z,0,55462568,896.8983,942.927,954.3462,1,first,Alakazam,cc38cb450b86770a,0,0,11,6,1,5,27,8,6,0,0,9,9,9,8,5,5,0,2,2,1,0,10,8,2,0,1,2,100,2,4,600.0,589.0640469999998,10.936,15.794,,186
v22_d,55486691,92707249,2026-08-13T16:47:48.484584400Z,0,55486209,977.5818,954.3462,968.0859,1,first,Mega Lopunny / Froslass,a7ee29914c1dce64,0,0,13,7,3,4,21,11,6,0,0,5,5,5,4,3,3,0,5,5,2,1,14,0,0,0,1,2,125,2,2,600.0,584.6554840000003,15.345,24.364,,202
v22_d,55486691,92708171,2026-08-13T16:51:53.253767300Z,0,55384638,971.9079,968.0859,955.8504,0,first,Ogerpon,97df7a2a423da1d8,0,1,10,5,4,1,14,16,4,0,0,5,5,5,4,3,3,0,3,3,3,0,2,3,1,2,1,1,85,3,2,600.0,589.9183549999997,10.082,1.882,,155
v22_d,55486691,92709113,2026-08-13T16:55:57.219898600Z,0,55470907,929.56,955.8504,966.614,1,first,Alakazam,cc38cb450b86770a,0,0,11,6,1,3,14,20,6,0,0,5,5,5,2,3,3,0,3,3,3,1,5,5,1,2,2,2,101,4,2,600.0,589.0223590000002,10.978,21.35,,182
v22_d,55486691,92710059,2026-08-13T16:59:57.250288600Z,0,55468915,1018.0423,966.614,980.1787,1,first,Dipplin,8d3a8feb6bf84019,0,0,9,5,1,4,34,17,5,0,0,3,3,3,8,2,2,0,4,4,2,1,3,3,1,0,0,0,59,3,1,600.0,589.4698859999997,10.53,18.749,,120
v22_d,55486691,92710066,2026-08-13T16:59:57.275020Z,0,55486115,1008.7302,966.3551,978.2381,1,first,Alakazam,e452d606e1029229,0,0,9,5,1,3,15,17,6,0,0,5,5,5,2,3,3,0,3,3,2,0,6,2,2,1,0,2,87,3,2,600.0,587.0134539999998,12.987,341.122,,146
v22_d,55486691,92710994,2026-08-13T17:04:01.566390100Z,0,55451116,909.8915,980.1787,966.3551,0,first,Mega Lopunny / Froslass,a7ee29914c1dce64,0,0,12,6,4,1,14,16,5,0,0,5,5,5,2,3,3,0,3,4,2,1,8,1,1,2,1,2,105,4,2,600.0,589.0033609999997,10.997,15.899,,188
v22_d,55486691,92711884,2026-08-13T17:07:57.907598400Z,0,55254847,953.7054,978.2381,967.2586,0,first,Grimmsnarl (mirror),9714ab5c3996f6cc,1,0,10,5,5,2,25,19,2,0,0,5,5,5,4,3,3,0,3,3,1,2,3,1,0,1,1,1,69,1,2,600.0,590.709346,9.291,15.121,,178
v22_d,55486691,92712875,2026-08-13T17:11:57.218015900Z,1,55472381,966.4511,967.2586,957.5361,0,first,Kangaskhan / Crustle,8f6a9933322de8f8,0,1,18,9,6,1,12,29,3,0,0,9,9,3,2,5,5,0,5,7,2,0,10,6,2,2,0,2,127,3,2,600.0,583.3842499999997,16.616,147.612,,185
v22_d,55486691,92713807,2026-08-13T17:15:58.734537600Z,1,55438724,978.4451,957.5361,967.6284,1,second,Alakazam,cc38cb450b86770a,0,0,12,6,1,2,16,15,6,0,0,6,6,6,3,3,3,0,3,3,2,1,10,3,1,2,2,2,107,4,2,600.0,585.63775,14.362,11.663,,188
v22_d,55486691,92714722,2026-08-13T17:19:58.917972600Z,0,55418438,963.445,967.6284,958.4364,0,first,Grimmsnarl (mirror),9714ab5c3996f6cc,1,0,12,6,1,2,21,22,4,0,0,5,5,5,4,3,3,0,4,4,2,0,7,0,0,2,1,0,95,5,2,600.0,585.6442000000008,14.356,20.332,,201
v22_d,55486691,92715554,2026-08-13T17:23:57.909389900Z,0,55487792,944.8493,958.4364,949.9345,0,first,Alakazam,b1f287b8d98881f8,0,0,12,6,1,1,10,16,5,0,0,3,3,3,2,2,2,0,2,4,2,1,6,8,2,2,1,3,102,3,2,600.0,587.8719969999999,12.128,84.581,,197
v22_d,55486691,92716602,2026-08-13T17:27:58.947282Z,0,53904905,641.6728,949.9345,930.1209,0,first,Dragapult,8055443275c86105,0,0,16,8,4,1,22,9,2,0,0,15,15,3,2,8,8,0,1,3,1,1,6,0,0,1,0,2,91,2,5,600.0,589.0526779999998,10.947,4.863,,231
v22_d,55486691,92717397,2026-08-13T17:31:57.165285700Z,0,55487288,896.1862,930.1209,937.1589,1,first,Dragapult,cd648ee13c732a87,0,0,13,7,1,3,13,12,5,0,0,7,7,7,10,4,4,0,3,3,2,0,6,4,1,0,1,3,105,3,3,600.0,585.2314339999994,14.769,6.387,,207
v22_d,55486691,92725978,2026-08-13T18:07:57.451929400Z,1,55484422,1020.6687,937.1589,947.5839,1,second,Kangaskhan / Crustle,d8e9c2a36e0e4dea,0,1,18,9,3,5,11,26,6,0,0,10,10,10,9,5,5,0,4,4,1,0,15,5,2,2,3,2,129,3,4,600.0,584.944183,15.056,76.16,,184
v22_d,55486691,92733385,2026-08-13T18:44:51.447718300Z,1,55096883,922.9541,947.5839,939.156,0,second,Alakazam,cc38cb450b86770a,0,0,11,5,2,1,13,8,5,0,0,6,6,6,3,3,3,0,3,3,3,1,1,2,0,2,0,2,76,4,2,600.0,591.1752240000001,8.825,35.996,,154
v22_d,55486691,92741712,2026-08-13T19:20:51.415505500Z,0,55425060,864.0756,939.156,929.4933,0,first,other: Brambleghast,21846ab63620dc55,0,0,12,6,2,6,2,14,6,0,0,5,7,5,2,4,3,1,3,4,2,1,2,2,1,1,0,1,75,4,2,600.0,585.5667439999997,14.433,3.09,,135
v22_d,55486691,92742303,2026-08-13T19:24:51.148218800Z,1,55489643,964.9852,929.4933,936.993,1,second,Grimmsnarl (mirror),9714ab5c3996f6cc,1,0,14,7,1,1,21,10,4,0,0,6,6,6,9,3,3,0,5,5,3,0,5,0,0,1,0,2,94,6,2,600.0,588.413401,11.587,5.617,,215
v22_d,55486691,92744490,2026-08-13T19:34:54.609769400Z,0,55485769,696.1427,936.993,939.2648,1,first,other: Fezandipiti ex,d6c1c4c446b3ec30,0,0,11,6,1,6,19,31,6,0,0,7,7,7,10,4,4,0,3,3,2,2,4,2,1,0,0,2,72,5,3,600.0,589.474231,10.526,1.363,,111
v22_d,55486691,92751777,2026-08-13T20:06:56.336515700Z,1,55258385,992.3445,939.2648,947.6943,1,second,Mega Lopunny / Froslass,504b91f7a078d9b5,0,0,14,7,2,1,12,6,5,0,0,4,4,2,3,2,2,0,6,7,3,1,11,0,0,1,2,1,141,4,0,600.0,583.46953,16.53,3.579,,239
v22_d,55486691,92760160,2026-08-13T20:42:57.316212900Z,0,55486363,930.9674,947.6943,940.4918,0,first,other: Team Rocket's Mewtwo ex,b15643af0442e0bc,0,0,12,6,4,1,32,19,0,1,0,3,3,3,4,2,2,0,3,4,2,2,0,4,1,0,2,0,51,2,2,600.0,591.9254710000001,8.075,2.719,,108
v22_d,55486691,92768436,2026-08-13T21:18:56.889403300Z,0,55481966,970.3624,940.4918,947.857,1,first,Kangaskhan / Crustle,1eda048ea3581634,0,1,15,8,3,6,18,22,6,0,0,13,13,3,4,7,7,0,1,6,1,0,6,7,2,1,2,1,87,7,1,600.0,589.9269359999997,10.073,12.02,,142
v22_d,55486691,92774872,2026-08-13T21:46:56.330724300Z,1,55478539,966.1039,947.857,941.7955,0,second,Alakazam,cc38cb450b86770a,0,0,9,4,3,2,23,15,4,0,0,4,4,4,3,2,2,0,2,2,2,1,4,2,1,1,1,2,76,2,2,600.0,590.4557910000003,9.544,212.926,,143
v22_d,55486691,92781439,2026-08-13T22:16:42.396676100Z,0,55481714,917.2434,941.7955,934.9001,0,first,Grimmsnarl (mirror),9714ab5c3996f6cc,1,0,12,6,2,1,18,19,2,0,0,3,3,3,4,2,2,0,5,5,3,1,3,0,0,2,2,1,93,5,1,600.0,590.1284130000003,9.872,11.148,,219
v22_d,55486691,92791598,2026-08-13T23:00:39.878967400Z,0,55476386,908.4185,934.9001,940.5057,1,first,Grimmsnarl (mirror),9714ab5c3996f6cc,1,0,13,7,1,4,18,12,6,0,0,5,5,5,6,3,3,0,4,4,3,1,12,0,0,0,2,2,123,3,2,600.0,581.9509870000006,18.049,6.927,,208
v22_d,55486691,92793178,2026-08-13T23:08:41.575815100Z,0,55491287,959.4206,940.5057,946.899,1,first,Grimmsnarl (mirror),9714ab5c3996f6cc,1,0,11,6,1,1,21,30,5,0,0,3,3,3,6,2,2,0,4,4,2,1,10,3,1,3,1,1,112,3,2,600.0,585.4783990000005,14.522,20.797,,178
v22_d,55486691,92804419,2026-08-13T23:56:41.041485Z,1,55492489,978.544,946.899,953.1862,1,second,Kangaskhan / Crustle,d8e9c2a36e0e4dea,0,1,20,10,1,3,9,23,5,0,0,4,4,2,9,2,2,0,9,10,3,1,11,3,2,2,1,2,149,3,0,600.0,583.0217029999995,16.978,56.599,,212
v22_d,55486691,92815623,2026-08-14T00:48:43.693953100Z,1,55493154,948.4717,953.1862,958.5846,1,second,Mega Lucario,05f854e1b3b3ba0f,0,0,12,6,1,3,17,12,6,0,0,6,6,6,3,3,3,0,3,3,2,0,11,2,1,2,0,1,114,5,2,600.0,582.7179559999998,17.282,123.257,,192
v22_d,55486691,92816675,2026-08-14T00:52:44.130747800Z,0,55492869,948.9498,958.5846,952.8409,0,first,Mega Lopunny / Froslass,592ba6d36c438f88,0,0,10,5,5,2,16,20,4,0,0,5,5,5,2,3,3,0,3,3,3,2,0,0,0,0,0,2,66,3,2,600.0,589.8899669999998,10.11,3.38,,124
v23,55485982,92681884,2026-08-13T14:59:46.715831900Z,1,54286382,575.0142,600.0,701.5222,1,second,Dragapult,429c1152cf92b77b,0,0,12,6,1,1,17,23,5,0,0,6,6,6,3,3,3,0,4,4,2,1,9,2,1,2,0,4,120,5,2,600.0,585.5399259999999,14.46,3.05,,200
v23,55485982,92682804,2026-08-13T15:03:49.223353500Z,0,55368612,552.2241,701.5222,761.3977,1,first,Ogerpon,0dede7cb8026e473,0,1,5,3,6,5,23,38,5,0,0,3,3,3,4,2,2,0,1,1,1,1,2,1,1,0,0,2,46,3,1,600.0,591.6559189999999,8.344,0.895,,69
v23,55485982,92683047,2026-08-13T15:03:49.609050500Z,0,55484840,700.5959,761.3977,830.048,1,first,Grimmsnarl (mirror),e5587af2aad01bc9,0,0,13,7,1,3,23,30,5,0,0,3,3,3,6,2,2,0,6,6,2,2,1,0,0,3,0,1,76,3,1,600.0,588.8685760000003,11.131,4.637,,165
v23,55485982,92683766,2026-08-13T15:07:46.401316500Z,0,54716374,866.9676,830.048,910.674,1,first,other: Team Rocket's Porygon-Z,f45b4bbd6ade3aaa,0,0,9,5,1,5,28,28,6,0,0,5,5,5,2,3,3,0,3,3,1,0,5,11,2,1,0,1,74,3,2,600.0,589.8822620000002,10.118,1.673,,114
v23,55485982,92684686,2026-08-13T15:11:46.500132200Z,1,55451488,980.9872,910.674,862.3429,0,second,Ogerpon,97df7a2a423da1d8,0,1,11,5,6,1,21,17,5,0,0,6,6,6,3,3,3,0,1,1,1,1,0,0,0,2,0,1,57,2,4,600.0,590.7160360000003,9.284,2.833,,138
v23,55485982,92685646,2026-08-13T15:15:46.290674900Z,0,55476913,943.3807,862.3429,823.1809,0,first,other: Hydrapple ex,15a06bda3357d295,0,0,10,5,4,1,24,17,5,0,0,5,5,5,4,3,3,0,2,2,2,1,0,1,0,1,1,2,62,4,3,600.0,590.9853759999999,9.015,19.183,,124
v23,55485982,92686593,2026-08-13T15:19:46.457918700Z,0,55308497,735.1618,823.1809,764.1796,0,first,Alakazam,cc38cb450b86770a,0,0,12,6,3,2,29,10,3,0,0,11,11,11,4,6,6,0,1,1,1,0,2,2,2,2,0,0,55,4,5,600.0,592.652493,7.348,3.739,,129
v23,55485982,92687515,2026-08-13T15:23:46.822095800Z,0,55475644,834.6803,764.1796,811.9369,1,first,Grimmsnarl (mirror),21c3f20980827cb2,0,0,13,7,1,3,23,12,4,0,0,3,3,3,4,2,2,0,6,6,3,2,7,0,0,0,2,1,112,4,1,600.0,583.1615540000001,16.838,43.227,,219
v23,55485982,92688502,2026-08-13T15:27:50.719618Z,1,55414478,802.3074,811.9369,777.0961,0,second,Alakazam,a665414222aea434,0,0,11,5,5,2,21,13,3,0,0,10,10,2,3,5,5,0,1,3,1,0,0,0,0,2,0,1,52,2,2,600.0,590.7139370000002,9.286,19.734,,124
v23,55485982,92689447,2026-08-13T15:31:47.363238Z,0,55072441,672.307,777.0961,797.4036,1,first,Alakazam,7fa65817cc79c36c,0,0,13,7,1,2,12,20,6,0,0,3,3,3,2,2,2,0,6,6,3,2,14,3,1,2,0,2,140,5,1,600.0,584.5733899999999,15.427,24.324,,219
v23,55485982,92690395,2026-08-13T15:35:46.620688Z,0,55327433,819.8276,797.4036,827.363,1,first,Grimmsnarl (mirror),9714ab5c3996f6cc,1,0,11,6,1,6,22,26,6,0,0,3,3,3,10,2,2,0,4,4,2,1,6,0,0,0,1,2,88,3,1,600.0,588.3732439999998,11.627,171.23,,156
v24_a,55496021,92843368,2026-08-14T02:48:48.600164600Z,0,55467409,637.6826,600.0,719.827,1,first,Archaludon,e1b64b301444ef44,0,0,15,8,2,1,12,10,4,0,0,3,3,3,2,2,2,0,6,6,3,1,5,1,0,2,0,2,110,6,1,600.0,587.6023590000002,12.398,2.406,,176
v24_a,55496021,92844298,2026-08-14T02:52:48.711101Z,0,53820930,423.4577,719.827,752.5907,1,first,other: Iono’s Bellibolt ex,282504e445a4d4fc,0,0,5,3,4,6,32,37,4,0,0,3,3,3,4,2,2,0,2,2,1,1,1,1,0,0,0,1,36,2,1,600.0,594.0895560000001,5.91,0.588,,54
v24_a,55496021,92845249,2026-08-14T02:56:59.789843400Z,0,55028093,654.3537,752.5907,642.5678,0,first,Alakazam,cc38cb450b86770a,0,0,10,5,1,2,20,3,4,0,0,3,3,3,4,2,2,0,4,4,3,3,2,3,1,0,0,1,81,4,1,600.0,590.5754730000001,9.425,9.78,,173
v24_a,55496021,92846191,2026-08-14T03:00:49.115472800Z,1,54474466,677.4711,642.5678,723.0355,1,second,Mega Lucario,d05bff224d40b9c6,0,0,12,6,3,1,20,0,4,0,0,10,10,10,3,5,5,0,2,2,1,1,2,2,1,1,1,2,70,3,4,600.0,593.05481,6.945,2.093,,162
v24_a,55496021,92847133,2026-08-14T03:04:48.789309600Z,0,55214770,733.5819,723.0355,786.3373,1,first,Archaludon,2b6a7dd699d2b6a5,0,0,13,7,1,4,17,9,6,0,0,7,7,7,8,4,4,0,4,4,2,0,11,1,1,2,1,1,124,4,3,600.0,586.5935409999995,13.406,2.053,,183
v24_a,55496021,92848072,2026-08-14T03:08:48.781419700Z,1,55485004,781.4057,786.3373,734.8542,0,first,other: Conkeldurr,4fdff1fffca38ea5,0,0,10,5,3,1,35,16,0,1,0,3,3,3,2,2,2,0,3,3,1,1,1,1,1,0,1,1,48,2,2,600.0,591.8094390000002,8.191,106.558,,130
v24_a,55496021,92849015,2026-08-14T03:12:48.810175700Z,1,55493131,673.3672,734.8542,769.632,1,second,Grimmsnarl (mirror),9714ab5c3996f6cc,1,0,12,6,1,4,21,20,6,0,0,6,6,6,5,3,3,0,4,4,2,1,7,0,0,1,1,2,97,2,2,600.0,588.9540199999993,11.046,3.719,,187
v24_a,55496021,92849953,2026-08-14T03:16:50.129747700Z,1,55436371,724.511,769.632,725.0239,0,first,Archaludon,2b6a7dd699d2b6a5,0,0,14,7,1,1,18,4,5,0,0,5,5,5,2,3,3,0,5,5,3,0,9,5,1,1,2,0,120,6,2,600.0,585.3366640000003,14.663,2.847,,204
v24_a,55496021,92850905,2026-08-14T03:20:49.402616100Z,1,54682595,717.109,725.0239,757.9907,1,second,Alakazam,a665414222aea434,0,0,10,5,1,4,22,23,6,0,0,4,4,4,3,2,2,0,4,4,2,1,5,7,2,1,0,1,88,6,1,600.0,588.1712679999993,11.829,13.604,,168
v24_a,55496021,92851842,2026-08-14T03:24:49.050572100Z,0,54993529,662.1219,757.9907,779.2011,1,first,Alakazam,b481e15f7d60635b,0,0,13,7,1,6,33,24,5,0,0,5,5,5,8,3,3,0,5,5,1,1,2,1,0,0,0,0,55,4,2,600.0,591.612064,8.388,1.655,,95
v24_a,55496021,92852797,2026-08-14T03:28:48.782958Z,0,55490059,805.6092,779.2011,809.5485,1,first,Mega Lopunny / Froslass,a7ee29914c1dce64,0,0,11,6,1,3,18,13,5,0,0,3,3,3,2,2,2,0,5,5,3,1,4,0,0,2,1,1,94,4,1,600.0,586.6048460000009,13.395,4.33,,173
v24_a,55496021,92853620,2026-08-14T03:32:48.729246400Z,1,55496411,678.7469,842.3762,815.5222,0,second,Alakazam,e452d606e1029229,0,0,13,6,6,1,28,26,2,0,0,,,4,3,,,0,0,1,0,0,1,2,1,0,1,3,52,2,5,600.0,592.1930819999999,7.807,217.317,,96
v24_a,55496021,92853731,2026-08-14T03:32:48.899476Z,0,55490215,892.1285,809.5485,842.3762,1,first,Grimmsnarl (mirror),9714ab5c3996f6cc,1,0,15,8,1,3,14,17,6,0,0,3,3,3,2,2,2,0,7,7,3,2,8,0,0,1,3,2,119,4,1,600.0,585.923231,14.077,32.093,,222
v24_a,55496021,92854671,2026-08-14T03:36:48.803134100Z,0,55300522,833.2073,815.5222,838.7025,1,first,Alakazam,cc38cb450b86770a,0,0,9,5,2,3,16,9,6,0,0,3,3,3,4,2,2,0,4,4,3,2,5,1,1,0,1,3,85,5,1,600.0,590.508078,9.492,16.997,,153
v24_a,55496021,92855612,2026-08-14T03:40:49.613439Z,1,55293625,789.9012,838.7025,855.5955,1,second,Alakazam,a665414222aea434,0,0,10,5,1,1,13,15,4,0,0,4,4,4,3,2,2,0,4,4,3,1,3,2,0,1,3,2,82,5,1,600.0,587.8928930000001,12.107,36.421,,160
v24_a,55496021,92856547,2026-08-14T03:44:48.699126Z,1,55492080,800.8923,855.5955,833.1566,0,second,Dipplin,3abc7a53c302142b,0,0,9,4,6,1,22,29,4,0,0,,,,3,,,0,0,0,0,0,1,1,1,1,0,4,49,2,4,600.0,591.7793159999998,8.221,127.525,,102
v24_a,55496021,92857508,2026-08-14T03:48:49.035216800Z,0,55384881,818.8955,833.1566,849.9764,1,first,Grimmsnarl (mirror),9714ab5c3996f6cc,1,0,11,6,1,2,15,22,5,0,0,3,5,5,4,3,2,1,4,4,3,1,8,0,0,1,1,2,111,5,2,600.0,588.6797409999995,11.32,2.531,,181
v24_a,55496021,92858442,2026-08-14T03:52:49.216475300Z,0,53763872,697.3035,849.9764,823.3887,0,first,Dragapult,8055443275c86105,0,0,14,7,2,1,30,15,2,0,0,5,9,9,6,5,3,1,3,3,2,0,0,1,1,0,2,0,62,4,4,600.0,591.2660869999997,8.734,4.06,,165
v24_a,55496021,92859377,2026-08-14T03:56:49.195744Z,0,55417602,805.4916,839.0402,852.078,1,first,Grimmsnarl (mirror),c76ac05c2c741180,0,0,11,6,2,4,17,20,6,0,0,5,5,5,4,3,3,0,4,4,2,0,10,1,0,2,2,1,118,5,2,600.0,584.1264570000001,15.874,4.869,,214
v24_a,55496021,92859450,2026-08-14T03:56:49.322720500Z,0,55495724,831.1603,823.3887,839.0402,1,first,Grimmsnarl (mirror),9714ab5c3996f6cc,1,0,11,6,2,1,26,14,2,0,0,3,3,3,4,2,2,0,5,5,3,1,3,0,0,0,0,1,80,6,1,600.0,589.4523859999991,10.548,5.918,,197
v24_a,55496021,92860320,2026-08-14T04:00:49.451021500Z,1,55238370,817.5913,852.078,864.4462,1,second,Alakazam,cc38cb450b86770a,0,0,14,7,1,5,12,29,6,0,0,8,8,2,7,4,4,0,4,7,1,0,3,8,1,2,1,2,88,3,0,600.0,586.1395030000004,13.86,12.9,,167
v24_a,55496021,92861242,2026-08-14T04:04:49.133130100Z,1,53909524,810.0496,864.4462,875.3641,1,second,other: Mega Starmie ex,450a23552c2f2d2f,0,0,14,7,1,1,18,33,5,0,0,6,6,6,3,3,3,0,5,5,1,0,10,3,1,1,0,2,115,3,2,600.0,587.2416210000007,12.758,2.125,,168
v24_a,55496021,92862177,2026-08-14T04:08:48.925468600Z,0,55481966,932.7073,875.3641,890.9235,1,first,Kangaskhan / Crustle,1eda048ea3581634,0,1,15,8,1,4,15,21,6,0,0,5,5,3,6,3,3,0,5,6,3,1,11,1,0,1,1,2,127,5,1,600.0,584.8674120000001,15.133,17.358,,187
v24_a,55496021,92863103,2026-08-14T04:12:48.924243400Z,0,55492826,879.5167,890.9235,902.539,1,first,Kangaskhan / Crustle,cf8fcd7f8faf7330,0,1,11,6,1,6,16,26,6,0,0,5,5,5,6,3,3,0,3,3,1,0,9,2,1,0,1,2,101,3,3,600.0,587.0158130000004,12.984,6.225,,145
v24_a,55496021,92864033,2026-08-14T04:16:49.213008600Z,1,55437925,850.4737,902.539,912.1714,1,second,Grimmsnarl (mirror),9714ab5c3996f6cc,1,0,10,5,1,3,18,19,5,0,0,4,4,4,5,2,2,0,4,4,3,3,7,0,0,2,0,4,99,4,1,600.0,586.6359819999997,13.364,4.626,,188
v24_a,55496021,92865053,2026-08-14T04:20:49.568284Z,1,53935336,448.692,912.1714,912.8246,1,second,Mega Lucario,23d923034d22638b,0,0,12,6,2,6,33,25,6,0,0,6,6,6,3,3,3,0,4,4,1,2,1,0,0,1,0,0,43,3,2,600.0,593.7349689999999,6.265,1.107,,85
v24_a,55496021,92865865,2026-08-14T04:24:49.149770500Z,1,55311703,831.2714,912.8246,920.982,1,first,Archaludon,ebd4dbb270dce6a2,0,0,13,7,1,1,17,23,5,0,0,5,5,3,2,3,3,0,4,5,2,0,13,18,2,2,0,1,121,10,1,600.0,588.0529480000004,11.947,2.09,,184
v24_a,55496021,92866787,2026-08-14T04:28:52.903652900Z,0,55495659,910.4159,920.982,931.307,1,first,Mega Lucario,05f854e1b3b3ba0f,0,0,12,6,1,5,19,25,6,0,0,5,5,5,2,3,3,0,3,3,3,1,8,1,1,1,2,2,106,1,3,600.0,589.4648100000002,10.535,5.277,,168
v24_a,55496021,92867716,2026-08-14T04:32:48.779923700Z,1,55396066,957.0484,931.307,921.8034,0,second,Grimmsnarl (mirror),9714ab5c3996f6cc,1,0,13,6,4,1,15,22,4,0,0,4,4,4,5,2,2,0,3,4,2,1,7,1,0,2,1,3,105,3,2,600.0,584.6259500000001,15.374,23.081,,219
v24_a,55496021,92868517,2026-08-14T04:36:48.716666400Z,0,55496894,971.2518,921.8034,933.1922,1,first,Grimmsnarl (mirror),9714ab5c3996f6cc,1,0,13,7,2,3,16,20,5,0,0,3,3,3,8,2,2,0,6,6,3,2,7,0,0,1,1,3,105,4,1,600.0,585.7904860000002,14.21,5.191,,206
v24_a,55496021,92868660,2026-08-14T04:36:48.983190100Z,1,55492667,914.1064,933.1922,922.8946,0,second,Dragapult,492dfbc03b362c9f,0,0,11,5,3,1,18,13,5,0,0,4,4,4,5,2,2,0,3,3,3,2,3,1,1,0,0,2,81,4,2,600.0,584.92354,15.076,43.162,,214
v24_a,55496021,92869617,2026-08-14T04:40:49.730625500Z,0,55437265,970.08,922.8946,915.0353,0,first,Grimmsnarl (mirror),9714ab5c3996f6cc,1,0,16,8,3,1,18,13,3,0,0,5,7,7,2,4,3,1,5,5,2,1,6,0,0,0,3,1,116,3,3,600.0,585.2170690000005,14.783,20.855,,251
v24_a,55496021,92870558,2026-08-14T04:44:48.901190700Z,1,55384638,964.94,915.0353,907.4994,0,second,Ogerpon,97df7a2a423da1d8,0,1,9,4,4,2,21,14,5,0,0,6,6,6,3,3,3,0,2,2,2,0,3,4,1,2,0,1,74,3,2,600.0,589.9802059999996,10.02,2.143,,152
v24_a,55496021,92871491,2026-08-14T04:48:49.014953800Z,0,55491846,888.0191,907.4994,915.6557,1,first,Grimmsnarl (mirror),9714ab5c3996f6cc,1,0,9,5,1,5,27,24,5,0,0,3,3,3,,2,2,0,4,4,1,1,5,0,0,1,0,0,76,3,1,600.0,589.14978,10.85,3.143,,151
v24_a,55496021,92872419,2026-08-14T04:52:49.139307700Z,0,55450182,936.7847,915.6557,907.7189,0,first,Grimmsnarl (mirror),9714ab5c3996f6cc,1,0,12,6,3,1,26,20,2,0,0,3,3,3,2,2,2,0,5,5,3,1,2,0,0,0,0,1,75,3,1,600.0,590.0814939999996,9.919,15.388,,191
v24_a,55496021,92873281,2026-08-14T04:56:50.085214700Z,1,55497065,849.2648,907.7189,897.9708,0,second,Grimmsnarl (mirror),9714ab5c3996f6cc,1,0,11,5,2,1,27,13,3,0,0,6,6,6,5,3,3,0,3,3,2,0,9,0,0,1,0,2,95,3,2,600.0,585.7790609999995,14.221,17.655,,201
v24_a,55496021,92877873,2026-08-14T05:16:50.380447200Z,0,55497325,855.4317,897.9708,904.6742,1,first,Grimmsnarl (mirror),9714ab5c3996f6cc,1,0,9,5,1,5,22,27,5,0,0,3,3,3,4,2,2,0,4,4,2,1,7,0,0,0,3,1,94,5,1,600.0,587.4631620000005,12.537,4.482,,171
v24_a,55496021,92885531,2026-08-14T05:48:49.082582900Z,0,55495492,861.7649,904.6742,911.3078,1,first,Alakazam,cc38cb450b86770a,0,0,11,6,1,1,16,30,5,0,0,5,5,3,6,3,3,0,4,5,3,1,4,6,2,1,2,2,97,3,1,600.0,584.4473309999998,15.553,38.018,,175
v24_b,55496665,92851732,2026-08-14T03:24:48.887371900Z,1,55033464,561.7492,600.0,697.7503,1,second,Kangaskhan / Crustle,4717e5f31ba694d4,0,1,16,8,1,6,22,32,6,0,0,4,4,2,3,2,2,0,6,7,1,1,8,2,1,0,0,0,95,3,0,600.0,586.7557649999998,13.244,1.554,,137
v24_b,55496665,92852696,2026-08-14T03:28:48.603094100Z,1,55421710,775.6026,697.7503,621.4404,0,second,Alakazam,13488ef887ec172c,0,0,9,4,4,2,29,12,5,0,0,6,6,6,3,3,3,0,2,2,2,1,0,0,0,0,0,0,51,3,2,600.0,593.3831429999999,6.617,3.594,,114
v24_b,55496665,92853634,2026-08-14T03:32:48.747586700Z,1,55496791,564.0461,621.4404,682.1634,1,second,Mega Lopunny / Froslass,a7ee29914c1dce64,0,0,16,8,2,1,19,29,5,0,0,6,6,6,3,3,3,0,5,5,2,2,4,2,1,1,0,2,92,5,3,600.0,589.105068,10.895,4.495,,145
v24_b,55496665,92853640,2026-08-14T03:32:48.756044300Z,0,53767056,554.5435,682.1634,729.6939,1,first,Mega Lucario,d05bff224d40b9c6,0,0,9,5,2,4,22,11,6,0,0,3,3,3,2,2,2,0,4,4,2,1,6,2,1,0,0,3,81,4,1,600.0,588.7801589999997,11.22,1.896,,139
v24_b,55496665,92854587,2026-08-14T03:36:48.672434900Z,1,55201992,707.1876,729.6939,787.3491,1,second,Alakazam,a665414222aea434,0,0,8,4,2,6,24,12,6,0,0,4,4,4,3,2,2,0,3,3,1,1,3,6,2,0,1,2,62,5,1,600.0,590.9297419999999,9.07,15.501,,123
v24_b,55496665,92855517,2026-08-14T03:40:49.483151700Z,1,54226441,676.6986,787.3491,822.3847,1,first,Dragapult,8055443275c86105,0,0,13,7,1,3,14,11,5,0,0,7,7,7,2,4,4,0,4,4,2,0,7,1,1,0,0,4,102,4,3,600.0,586.8508259999994,13.149,3.702,,202
v24_b,55496665,92856451,2026-08-14T03:44:48.578263500Z,1,54104812,739.6725,822.3847,856.4304,1,second,other: Iono’s Bellibolt ex,282504e445a4d4fc,0,0,10,5,1,3,13,16,6,0,0,6,6,6,5,3,3,0,3,3,2,0,7,7,2,1,1,3,104,4,2,600.0,586.5144130000006,13.486,4.095,,218
v24_b,55496665,92857396,2026-08-14T03:48:48.879780100Z,1,55428447,834.3913,828.1495,865.1738,1,second,Grimmsnarl (mirror),9714ab5c3996f6cc,1,0,14,7,1,6,21,26,6,0,0,10,10,10,11,5,5,0,3,3,2,0,13,1,0,1,0,3,115,2,4,600.0,585.8049670000005,14.195,326.056,,185
v24_b,55496665,92858322,2026-08-14T03:52:49.010197900Z,1,55495754,950.6406,856.4304,828.1495,0,second,Ogerpon,a0466e320701ca99,0,1,11,5,2,2,12,15,5,0,0,6,6,6,3,3,3,0,3,3,2,4,4,8,2,2,1,1,84,6,2,600.0,588.5338209999998,11.466,16.685,,162
v24_b,55496665,92859440,2026-08-14T03:56:49.305459400Z,1,55344063,722.6834,865.1738,883.6409,1,first,Archaludon,2b6a7dd699d2b6a5,0,0,11,6,1,3,20,21,6,0,0,3,5,5,2,3,2,1,4,4,2,1,7,2,1,2,0,2,95,5,2,600.0,589.3357319999998,10.664,1.955,,149
v24_b,55496665,92860189,2026-08-14T04:00:49.203567900Z,0,55468927,831.8385,883.6409,908.3346,1,first,Grimmsnarl (mirror),9714ab5c3996f6cc,1,0,11,6,1,5,24,25,5,0,0,5,5,5,2,3,3,0,4,4,2,1,6,0,0,1,1,2,98,4,2,600.0,587.1980420000001,12.802,3.738,,162
v24_b,55496665,92861120,2026-08-14T04:04:48.915786800Z,0,55474452,839.4302,908.3346,929.4014,1,first,Alakazam,cc38cb450b86770a,0,0,9,5,1,4,20,33,6,0,0,3,3,3,6,2,2,0,4,4,2,1,4,6,1,2,1,3,81,5,1,600.0,590.9653219999999,9.035,1.607,,132
v24_b,55496665,92862043,2026-08-14T04:08:48.716884300Z,0,55481750,840.2441,929.4014,947.2751,1,first,Grimmsnarl (mirror),9714ab5c3996f6cc,1,0,19,10,1,6,30,14,6,0,0,19,19,19,,10,10,0,1,1,1,0,20,1,0,2,0,1,155,2,9,600.0,578.6078519999994,21.392,5.58,,268
v24_b,55496665,92862973,2026-08-14T04:12:48.735673900Z,1,55416852,1024.3387,947.2751,977.2135,1,second,Grimmsnarl (mirror),9714ab5c3996f6cc,1,0,12,6,1,5,13,27,6,0,0,4,4,4,3,2,2,0,5,5,2,1,7,0,0,0,1,2,95,3,1,600.0,590.8572669999998,9.143,2.722,,158
v24_b,55496665,92863898,2026-08-14T04:16:48.988158100Z,0,55397324,926.8672,977.2135,994.999,1,first,Alakazam,cc38cb450b86770a,0,0,9,5,2,4,27,33,6,0,0,3,3,3,4,2,2,0,4,4,2,1,3,0,0,2,1,0,71,4,1,600.0,587.5363559999997,12.464,23.058,,122
v24_b,55496665,92864818,2026-08-14T04:20:49.147381100Z,1,55451490,968.3511,994.999,973.0913,0,second,Ogerpon,97df7a2a423da1d8,0,1,9,4,6,1,29,11,4,0,0,4,4,4,3,2,2,0,2,2,2,1,0,2,1,1,0,1,44,4,2,600.0,593.0048130000002,6.995,2.086,,121
v24_b,55496665,92865752,2026-08-14T04:24:49.008810500Z,1,55376410,333.1372,973.0913,973.2723,1,first,Kangaskhan / Crustle,06719550d979d46e,0,1,13,7,1,6,21,19,6,0,0,3,3,3,,2,2,0,3,3,2,1,6,1,1,0,0,2,85,3,3,600.0,589.3646800000002,10.635,2.753,,127
v24_b,55496665,92866670,2026-08-14T04:28:52.728608200Z,1,55417796,1030.6495,954.6729,977.0238,1,second,Mega Lopunny / Froslass,a7ee29914c1dce64,0,0,18,9,1,1,8,8,5,0,0,4,4,4,3,2,2,0,8,8,3,1,11,0,0,1,2,2,145,4,1,600.0,583.9097750000005,16.09,248.281,,251
v24_b,55496665,92867600,2026-08-14T04:32:48.595993800Z,0,55451490,973.0526,973.2723,954.6729,0,first,Ogerpon,97df7a2a423da1d8,0,1,10,5,6,1,18,8,4,0,0,3,3,3,4,2,2,0,2,3,3,1,0,0,0,0,1,2,61,3,2,600.0,591.4568150000001,8.543,2.848,,149
v24_b,55496665,92868542,2026-08-14T04:36:48.791689600Z,1,55495800,942.0903,977.0238,958.9351,0,second,other: Hydrapple ex,27a48655568983cf,0,0,15,7,3,1,23,9,4,0,0,,,,5,,,0,0,0,0,0,15,12,2,0,0,3,122,2,7,600.0,587.8398829999995,12.16,2.771,,205
v24_b,55496665,92869484,2026-08-14T04:40:49.548005900Z,0,55395787,1021.6114,958.9351,946.805,0,first,Grimmsnarl (mirror),9714ab5c3996f6cc,1,0,12,6,2,2,25,22,3,0,0,3,3,3,4,2,2,0,5,5,3,1,3,0,0,2,1,0,83,5,1,600.0,588.4584580000002,11.542,28.161,,188
v24_b,55496665,92870432,2026-08-14T04:44:48.720462600Z,1,55487481,864.3782,946.805,927.6375,0,second,Alakazam,b1f287b8d98881f8,0,0,9,4,5,1,25,20,3,0,0,4,4,2,3,2,2,0,2,3,2,1,0,1,0,1,1,2,52,4,1,600.0,590.795128,9.205,12.76,,108
v24_b,55496665,92871368,2026-08-14T04:48:48.813763800Z,0,55494607,862.3636,927.6375,910.6345,0,first,Mega Lopunny / Froslass,8056c9d723f2984f,0,0,12,6,6,3,38,19,0,1,0,,,3,6,,,0,0,3,0,0,1,1,1,0,1,0,25,0,3,600.0,594.4486400000001,5.551,50.38,,79
v24_b,55496665,92872300,2026-08-14T04:52:48.944183800Z,0,55470888,816.7123,910.6345,919.6961,1,first,other: Cynthia's Garchomp ex,1425edcfd4319da5,0,0,3,2,6,6,32,45,6,0,0,3,3,3,,2,2,0,1,1,1,1,0,0,0,0,0,1,31,2,1,600.0,593.531495,6.469,1.213,,38
v24_b,55496665,92873453,2026-08-14T04:56:50.280133400Z,1,55493224,879.2681,919.6961,905.3366,0,second,Kangaskhan / Crustle,9b415cc6bbdf6fd5,0,1,25,12,2,1,2,12,4,0,0,4,6,6,3,3,2,1,9,9,2,1,22,4,2,1,2,4,200,4,3,600.0,578.2268680000001,21.773,303.1,,284
v24_b,55496665,92874174,2026-08-14T05:00:49.395963600Z,1,55485782,937.2606,915.077,904.4019,0,second,Grimmsnarl (mirror),9714ab5c3996f6cc,1,0,9,4,5,1,26,22,3,0,0,4,4,4,3,2,2,0,2,2,1,1,5,0,0,2,0,2,71,1,2,600.0,588.6510700000002,11.349,439.203,,168
v24_b,55496665,92875114,2026-08-14T05:04:49.217099300Z,1,55434831,848.9697,905.3366,915.077,1,second,Grimmsnarl (mirror),9714ab5c3996f6cc,1,0,12,6,2,2,18,16,6,0,0,6,6,6,3,3,3,0,4,4,2,0,11,2,0,1,0,4,116,5,2,600.0,585.5383269999999,14.462,12.169,,208
v24_b,55496665,92876039,2026-08-14T05:08:49.082405900Z,1,55464610,914.533,894.1684,884.1898,0,second,Ogerpon,0dede7cb8026e473,0,1,11,5,4,1,14,23,3,0,0,8,8,4,3,4,4,0,2,4,2,1,0,3,1,1,0,2,64,4,1,600.0,591.1172280000003,8.883,52.991,,129
v24_b,55496665,92876050,2026-08-14T05:08:49.093042200Z,0,55496860,923.2859,904.4019,894.1684,0,first,Grimmsnarl (mirror),9714ab5c3996f6cc,1,0,20,10,1,1,16,12,2,0,0,9,9,9,8,5,5,0,6,6,3,1,9,1,0,2,1,3,126,5,4,600.0,584.7250279999998,15.275,21.471,,285
v24_b,55496665,92877005,2026-08-14T05:12:49.706281200Z,0,54383875,756.4697,884.1898,890.3033,1,first,Archaludon,2b6a7dd699d2b6a5,0,0,9,5,2,5,21,28,6,0,0,3,3,3,2,2,2,0,4,4,1,1,10,9,1,0,0,2,97,3,1,600.0,587.8514310000002,12.149,1.629,,139
v24_b,55496665,92877934,2026-08-14T05:16:50.465917300Z,0,55486738,861.8872,890.3033,899.3308,1,first,Kangaskhan / Crustle,9b415cc6bbdf6fd5,0,1,19,10,4,1,6,26,6,0,0,7,7,3,2,4,4,0,3,6,3,1,10,2,1,1,1,3,142,3,3,600.0,583.9243969999998,16.076,32.41,,194
v24_b,55496665,92878888,2026-08-14T05:20:50.000483900Z,0,55494643,841.5307,899.3308,907.0674,1,first,other: Brambleghast,3d4bf76817e2892c,0,0,11,6,1,6,5,20,6,0,0,3,3,3,2,2,2,0,5,5,1,2,0,1,0,1,1,1,63,4,1,600.0,589.7217259999998,10.278,2.465,,117
v24_b,55496665,92879765,2026-08-14T05:24:49.340004900Z,1,55305357,933.086,907.0674,898.4953,0,second,Ogerpon,97df7a2a423da1d8,0,1,11,5,2,1,18,21,4,0,0,4,4,2,3,2,2,0,3,4,2,2,4,8,1,2,0,2,90,5,1,600.0,586.8389290000005,13.161,2.853,,165
v24_b,55496665,92880764,2026-08-14T05:28:51.043795100Z,1,55483989,874.901,898.4953,888.5964,0,second,Grimmsnarl (mirror),9714ab5c3996f6cc,1,0,13,6,2,2,14,15,3,0,0,6,6,6,3,3,3,0,4,4,3,0,7,1,0,2,2,2,121,3,2,600.0,584.7322239999999,15.268,119.449,,244
v24_b,55496665,92881715,2026-08-14T05:32:49.003013800Z,0,54986426,465.4918,888.5964,889.3186,1,first,other: Mega Abomasnow ex,53ada9d42d3e30a9,0,0,15,8,2,2,11,26,6,0,0,9,9,9,2,5,5,0,4,4,2,1,12,9,1,2,2,1,123,5,4,600.0,585.5530750000003,14.447,1.615,,160
v24_b,55496665,92882650,2026-08-14T05:36:49.092287700Z,1,54106131,492.7157,889.3186,890.2232,1,second,other: Mega Abomasnow ex,53ada9d42d3e30a9,0,0,12,6,2,4,21,33,6,0,0,4,4,4,3,2,2,0,5,5,2,1,0,0,0,0,0,2,62,5,1,600.0,590.191089,9.809,0.803,,97
v24_b,55496665,92883584,2026-08-14T05:40:49.978318700Z,0,55458124,875.6774,890.2232,898.4851,1,first,Grimmsnarl (mirror),9714ab5c3996f6cc,1,0,13,7,2,4,22,20,5,0,0,7,7,7,6,4,4,0,4,4,2,1,9,0,0,0,1,2,107,5,3,600.0,586.7073820000008,13.293,4.812,,200
v24_b,55496665,92884514,2026-08-14T05:44:48.987360200Z,0,55492243,929.6599,898.4851,891.0138,0,first,other: Hydrapple ex,f39b7a1dd837f526,0,0,8,4,1,2,15,16,5,0,0,3,3,3,4,2,2,0,3,3,3,1,2,3,1,1,0,2,78,8,1,600.0,586.2664999999998,13.734,30.164,,144
v24_b,55496665,92885547,2026-08-14T05:48:49.096571400Z,1,55476507,853.7232,891.0138,898.1376,1,second,Grimmsnarl (mirror),9714ab5c3996f6cc,1,0,12,6,2,3,18,25,6,0,0,4,4,4,5,2,2,0,5,5,3,2,6,0,0,1,0,1,103,6,1,600.0,586.7863009999999,13.214,8.567,,192
v24_b,55496665,92893930,2026-08-14T06:24:49.181898100Z,1,55472127,947.8124,898.1376,907.6235,1,second,Grimmsnarl (mirror),613e109f436c8281,0,0,12,6,2,3,26,18,5,0,0,4,4,4,7,2,2,0,5,5,2,1,6,0,0,0,1,1,92,4,1,600.0,586.4372339999999,13.563,4.567,,178
v24_b,55496665,92905025,2026-08-14T07:12:49.051927600Z,0,55367153,899.2442,907.6235,915.1398,1,first,Kangaskhan / Crustle,20bc24847121c967,0,1,13,7,4,3,21,37,6,0,0,3,3,3,2,2,2,0,4,5,1,1,8,3,1,2,1,0,102,3,1,600.0,587.7630380000003,12.237,1.304,,135
v24_b,55496665,92911399,2026-08-14T07:40:51.130207800Z,0,55499163,992.6029,915.1398,909.6545,0,first,Mega Lopunny / Froslass,a7ee29914c1dce64,0,0,12,6,1,2,12,15,5,0,0,3,3,3,4,2,2,0,4,4,4,3,9,1,0,1,2,3,120,4,2,600.0,587.2562019999999,12.744,2.853,,190
v24_b,55496665,92914221,2026-08-14T07:52:48.931168300Z,1,55499358,888.0663,909.6545,916.3399,1,second,Alakazam,cc38cb450b86770a,0,0,8,4,1,4,24,29,6,0,0,4,4,2,3,2,2,0,3,4,2,1,4,10,2,1,0,1,72,6,0,600.0,587.7763840000003,12.224,25.425,,131
v24_b,55496665,92918701,2026-08-14T08:12:54.155302100Z,0,55500834,974.6538,916.3399,911.1749,0,first,Mega Lopunny / Froslass,a7ee29914c1dce64,0,0,12,6,5,2,11,24,5,0,0,5,5,5,4,3,3,0,3,4,3,1,3,1,1,0,0,4,91,3,2,600.0,587.2426979999998,12.757,9.934,,151
v24_b,55496665,92934512,2026-08-14T09:20:54.810272600Z,1,55502036,807.4903,911.1749,915.2285,1,second,Mega Lucario,c3c16f0e65487ad6,0,0,8,4,1,5,20,34,6,0,0,4,4,4,3,2,2,0,3,3,2,2,5,0,0,1,0,2,76,5,1,600.0,587.9516659999999,12.048,1.474,,114
v24_b,55496665,92945923,2026-08-14T10:08:54.055918500Z,1,55501119,946.4235,915.2285,922.8422,1,second,Grimmsnarl (mirror),9714ab5c3996f6cc,1,0,14,7,1,3,13,21,6,0,0,8,8,8,7,4,4,0,3,3,2,0,10,0,0,2,2,3,122,4,3,600.0,584.8049429999994,15.195,205.494,,223
v24_b,55496665,92959606,2026-08-14T11:08:53.784357800Z,1,55503752,901.4558,922.8422,928.082,1,second,Mega Lucario,c3c16f0e65487ad6,0,0,12,6,1,1,12,15,5,0,0,6,6,2,5,3,3,0,3,4,2,3,8,1,1,1,0,3,112,4,2,600.0,586.2298869999995,13.77,2.429,,187
v25_a,55507909,93012664,2026-08-14T14:58:37.120698900Z,1,53878642,549.1433,600.0,694.2256,1,second,Alakazam,831a6246c03b0091,0,0,12,6,1,5,22,32,6,0,0,8,8,8,7,4,4,0,3,3,1,0,6,1,1,0,1,2,78,2,3,600.0,595.7745189999998,4.225,1.821,,129
v25_a,55507909,93013617,2026-08-14T15:02:37.120014300Z,1,55389133,632.6034,694.2256,774.5411,1,second,Mega Lucario,c3c16f0e65487ad6,0,0,10,5,1,2,21,21,6,0,0,4,4,4,3,2,2,0,4,4,1,1,3,1,1,2,0,3,79,2,1,600.0,595.8864179999999,4.114,1.756,,134
v25_a,55507909,93014578,2026-08-14T15:06:36.912749100Z,1,54906248,724.0539,774.5411,846.7832,1,first,Archaludon,2b6a7dd699d2b6a5,0,0,7,4,5,6,26,42,5,0,0,3,3,3,,2,2,0,3,3,2,2,0,0,0,0,0,2,45,4,1,600.0,597.5033820000002,2.497,0.871,,66
v25_a,55507909,93015503,2026-08-14T15:10:38.166859600Z,0,54967117,715.0512,846.7832,893.1227,1,first,Mega Lucario,c3c16f0e65487ad6,0,0,3,2,6,5,33,45,6,0,0,3,3,3,2,2,2,0,1,1,1,1,0,0,0,2,0,0,35,1,1,600.0,598.5664079999999,1.434,0.299,,46
v25_a,55507909,93016463,2026-08-14T15:14:36.975407300Z,1,55128467,763.9576,893.1227,932.2769,1,second,Alakazam,a233298ee750b57c,0,0,10,5,1,2,18,23,6,0,0,6,6,6,3,3,3,0,3,3,2,2,6,4,1,1,0,1,96,3,2,600.0,596.581414,3.419,9.681,,159
v25_a,55507909,93017394,2026-08-14T15:18:37.301138900Z,1,55504917,942.5917,932.2769,986.9201,1,second,other: Cynthia's Garchomp ex,daff2ed17de6145d,0,0,10,5,1,3,21,17,6,0,0,4,4,4,3,2,2,0,4,4,2,1,6,2,1,2,0,3,97,3,1,600.0,594.7932289999995,5.207,12.878,,167
v25_a,55507909,93018329,2026-08-14T15:22:37.097725300Z,1,55504824,901.4112,986.9201,928.9031,0,second,Dragapult,202ee2cec6cbe8b4,0,0,15,7,1,1,16,1,2,0,0,8,10,10,3,5,4,1,3,3,2,0,10,0,0,2,2,2,114,3,4,600.0,593.9600520000009,6.04,22.322,,275
v25_a,55507909,93019287,2026-08-14T15:26:37.217063800Z,0,55497150,906.4465,928.9031,964.6863,1,first,Alakazam,cc38cb450b86770a,0,0,9,5,2,5,14,22,6,0,0,5,7,5,6,4,3,1,2,3,1,0,5,4,2,1,0,4,95,6,2,600.0,595.0393459999999,4.961,4.422,,152
v25_a,55507909,93020219,2026-08-14T15:30:42.193860500Z,1,55506521,935.1424,964.6863,995.2506,1,second,other: Hydrapple ex,c24ad50bc29cae7c,0,0,8,4,2,4,17,28,6,0,0,4,4,4,5,2,2,0,3,3,3,2,2,8,2,2,1,2,82,9,1,600.0,596.0205089999994,3.979,52.594,,136
v25_a,55507909,93021135,2026-08-14T15:34:37.762395100Z,1,55508228,868.011,1023.5757,985.8131,0,second,Alakazam,cc38cb450b86770a,0,0,11,5,5,1,18,11,5,0,0,6,6,4,3,3,3,0,1,4,1,0,3,1,1,0,0,2,68,3,1,600.0,596.0192049999997,3.981,19.185,,131
v25_a,55507909,93021170,2026-08-14T15:34:37.798871Z,0,55495019,969.7821,995.2506,1023.5757,1,first,other: Hydrapple ex,7379bd986b1d8470,0,0,9,5,2,2,13,24,5,0,0,5,5,3,6,3,3,0,3,4,3,1,3,4,2,1,0,2,96,6,1,600.0,596.2625749999997,3.737,14.789,,148
v25_a,55507909,93022123,2026-08-14T15:38:37.300527Z,0,55489670,993.9439,985.8131,960.6993,0,first,other: Hydrapple ex,dbb5198fabf0d141,0,0,10,5,5,1,26,14,4,0,0,3,3,3,4,2,2,0,2,2,2,1,0,0,0,0,0,2,61,1,3,600.0,597.4097210000002,2.59,56.768,,142
v25_a,55507909,93023058,2026-08-14T15:42:37.039302600Z,1,55465563,863.6489,960.6993,928.4907,0,second,Mega Lopunny / Froslass,1350508087c01043,0,0,15,7,5,1,11,13,5,0,0,4,4,4,3,2,2,0,3,4,3,2,11,2,0,1,1,2,132,4,3,600.0,593.1445199999999,6.855,4.383,,238
v25_a,55507909,93024009,2026-08-14T15:46:37.148848300Z,1,55262669,848.7315,928.4907,944.4987,1,second,Grimmsnarl (mirror),9714ab5c3996f6cc,1,0,14,7,2,3,14,21,5,0,0,4,10,10,11,5,2,1,3,3,3,1,8,3,1,2,0,4,125,5,4,600.0,593.643728,6.356,5.115,,231
v25_a,55507909,93024947,2026-08-14T15:50:42.258016Z,0,55313367,847.7542,944.4987,958.4651,1,first,Grimmsnarl (mirror),9714ab5c3996f6cc,1,0,11,6,1,2,16,20,6,0,0,5,5,5,6,3,3,0,4,4,3,1,5,1,1,2,1,1,113,6,2,600.0,593.8343719999995,6.166,4.792,,203
v25_a,55507909,93025874,2026-08-14T15:54:36.980730Z,1,55505498,965.0669,958.4651,939.9012,0,second,Alakazam,cc38cb450b86770a,0,0,11,5,1,1,15,0,5,0,0,4,4,2,3,2,2,0,2,4,2,1,6,3,1,2,0,2,98,4,1,600.0,595.0526760000004,4.947,15.113,,203
v25_a,55507909,93026028,2026-08-14T15:54:37.200123400Z,0,55506910,909.0392,939.9012,920.3019,0,first,Dragapult,492dfbc03b362c9f,0,0,12,6,2,2,18,11,3,0,0,5,5,5,6,3,3,0,4,4,2,1,2,0,0,2,1,3,90,7,2,600.0,595.1781620000003,4.822,29.598,,228
v25_a,55507909,93026676,2026-08-14T15:58:37.342769200Z,0,55508959,915.8723,933.082,945.7248,1,first,Grimmsnarl (mirror),9714ab5c3996f6cc,1,0,10,5,1,3,21,21,5,0,0,5,5,5,6,3,3,0,3,3,1,0,5,1,1,2,1,1,85,4,2,600.0,596.287638,3.712,24.338,,159
v25_a,55507909,93026834,2026-08-14T15:58:37.643578200Z,0,55445736,847.4496,920.3019,933.082,1,first,Grimmsnarl (mirror),9714ab5c3996f6cc,1,0,11,6,1,5,14,22,6,0,0,5,5,5,4,3,3,0,4,4,2,0,12,0,0,2,0,3,125,4,2,600.0,595.4655100000001,4.534,10.318,,194
v25_a,55507909,93027800,2026-08-14T16:02:37.442064700Z,1,55418420,957.6368,945.7248,930.9358,0,second,Ogerpon,b4c3b389edc54027,0,1,11,5,4,1,22,15,5,0,0,8,8,8,3,4,4,0,1,1,1,0,9,4,2,1,1,2,96,4,4,600.0,596.3637480000002,3.636,1.835,,175
v25_a,55507909,93028747,2026-08-14T16:06:37.008363900Z,1,55506548,940.2908,930.9358,945.8837,1,second,Dragapult,202ee2cec6cbe8b4,0,0,10,5,1,6,25,22,6,0,0,4,4,4,5,2,2,0,4,4,1,1,3,0,0,0,0,3,76,1,1,600.0,595.7711989999993,4.229,18.249,,143
v25_a,55507909,93029685,2026-08-14T16:10:38.784350100Z,0,55456650,953.7127,945.8837,960.1878,1,first,Grimmsnarl (mirror),9714ab5c3996f6cc,1,0,15,8,1,4,19,22,5,0,0,7,7,7,8,4,4,0,4,4,3,1,10,0,0,0,2,2,117,4,3,600.0,593.9655689999994,6.034,13.839,,193
v25_a,55507909,93030632,2026-08-14T16:14:37.190276700Z,1,55495456,858.8947,960.1878,941.9505,0,second,Kangaskhan / Crustle,2615cb184074e798,0,1,41,20,3,4,0,11,6,0,1,4,4,4,7,2,2,0,19,19,1,3,2,3,0,0,2,4,135,4,1,600.0,593.5572980000002,6.443,17.834,,229
v25_a,55507909,93031585,2026-08-14T16:18:37.206555700Z,0,55448916,874.5023,941.9505,951.6476,1,first,Alakazam,cc38cb450b86770a,0,0,13,7,1,2,14,21,6,0,0,7,7,7,6,4,4,0,3,4,2,0,9,12,2,2,0,2,122,2,3,600.0,595.3720989999999,4.628,3.953,,209
v25_a,55507909,93032526,2026-08-14T16:22:37.679246800Z,0,55470540,860.76,951.6476,960.0875,1,first,Grimmsnarl (mirror),9714ab5c3996f6cc,1,0,11,6,2,4,21,21,5,0,0,3,5,5,6,3,2,1,3,3,3,1,7,0,0,0,1,2,106,5,2,600.0,594.7252159999994,5.275,3.6,,171
v25_a,55507909,93033449,2026-08-14T16:26:37.853344100Z,0,55507480,1074.9203,960.0875,952.8442,0,first,other: Mega Gardevoir ex,14f5e00ba6679b1c,0,0,46,23,1,4,0,10,6,0,1,15,15,15,,8,8,0,13,13,1,4,24,6,1,1,2,2,218,3,8,600.0,590.6123450000009,9.388,15.731,,434
v25_a,55507909,93034380,2026-08-14T16:30:40.177249200Z,0,55470232,912.0426,952.8442,962.531,1,first,Alakazam,cc38cb450b86770a,0,0,9,5,1,6,22,18,6,0,0,5,5,5,8,3,3,0,3,3,2,1,4,7,1,1,0,2,78,3,2,600.0,595.4141200000003,4.586,26.773,,137
v25_a,55507909,93035321,2026-08-14T16:34:37.848078100Z,0,55495019,964.8654,962.531,951.786,0,first,other: Hydrapple ex,7379bd986b1d8470,0,0,14,7,4,1,24,22,3,0,0,13,13,3,4,7,7,0,1,2,1,1,0,4,2,0,1,1,65,3,5,600.0,596.4888060000001,3.511,17.89,,121
v25_a,55507909,93036269,2026-08-14T16:38:37.781271700Z,0,55469066,995.2158,951.786,963.9382,1,first,Kangaskhan / Crustle,4717e5f31ba694d4,0,1,15,8,5,3,3,30,6,0,0,7,7,3,2,4,4,0,5,7,2,3,9,3,1,2,2,4,114,6,1,600.0,594.0666700000002,5.933,12.05,,152
v25_a,55507909,93037150,2026-08-14T16:42:37.284601500Z,0,55508021,1058.7756,963.9382,957.1351,0,first,other: Hydrapple ex,f9f0809c29d22c99,0,0,14,7,3,1,22,13,5,0,0,5,5,5,4,3,3,0,2,3,1,0,12,5,1,0,1,1,113,2,4,600.0,594.3275439999999,5.672,3.131,,195
v25_a,55507909,93037213,2026-08-14T16:42:37.392696500Z,1,55418943,929.1413,957.1351,965.9419,1,second,other: N’s Zoroark ex,c4f4bc085d56234b,0,0,14,7,1,2,15,25,6,0,0,8,8,8,5,4,4,0,3,3,2,2,13,5,2,2,0,4,125,5,3,600.0,595.5596430000002,4.44,16.137,,180
v25_a,55507909,93038152,2026-08-14T16:46:37.843056800Z,0,55491287,934.2165,965.9419,955.3842,0,first,Grimmsnarl (mirror),9714ab5c3996f6cc,1,0,12,6,3,2,25,13,3,0,0,3,3,3,4,2,2,0,5,5,3,1,8,0,0,0,0,2,109,3,1,600.0,594.2753899999997,5.725,75.401,,239
v25_a,55507909,93039112,2026-08-14T16:50:40.575951200Z,1,55409781,900.8418,955.3842,962.788,1,second,Grimmsnarl (mirror),9714ab5c3996f6cc,1,0,10,5,1,3,24,25,6,0,0,4,4,4,3,2,2,0,4,4,3,1,6,0,0,1,1,2,102,5,1,600.0,594.626731999999,5.373,3.25,,164
v25_a,55507909,93040042,2026-08-14T16:54:41.261135800Z,0,55430868,605.693,962.788,964.0493,1,first,Grimmsnarl (mirror),9714ab5c3996f6cc,1,0,11,6,1,5,26,32,6,0,0,3,3,3,2,2,2,0,5,5,1,1,2,5,2,2,0,1,67,3,1,600.0,596.2823989999997,3.718,94.337,,134
v25_a,55507909,93040686,2026-08-14T16:58:40.088775500Z,0,55509920,944.4766,952.5822,945.036,0,first,Mega Lopunny / Froslass,a7ee29914c1dce64,0,0,14,7,2,2,12,17,5,0,0,5,5,5,2,3,3,0,5,5,4,1,3,5,2,2,0,3,96,4,2,600.0,594.8064640000006,5.194,14.778,,182
v25_a,55507909,93040966,2026-08-14T16:58:40.673986200Z,0,55490278,883.4944,964.0493,952.5822,0,first,Alakazam,cc38cb450b86770a,0,0,16,8,3,1,29,14,3,0,0,9,9,9,2,5,5,0,2,2,1,1,3,0,0,2,1,0,63,2,6,600.0,595.8406379999999,4.159,6.532,,154
v25_a,55507909,93045706,2026-08-14T17:18:42.025868Z,0,55506895,1039.6203,945.036,939.4031,0,first,Mega Lucario,05f854e1b3b3ba0f,0,0,12,6,1,2,16,17,5,0,0,5,5,5,2,3,3,0,4,4,3,2,3,0,0,2,1,2,99,4,2,600.0,595.1061210000001,4.894,20.858,,168
v25_a,55507909,93053716,2026-08-14T17:54:40.689611300Z,1,55510467,889.3264,933.1043,939.2006,1,second,Alakazam,cc38cb450b86770a,0,0,10,5,1,2,21,4,5,0,0,4,4,2,3,2,2,0,3,4,2,1,6,8,1,0,1,2,87,4,0,600.0,597.0949139999998,2.905,272.614,,177
v25_a,55507909,93054807,2026-08-14T17:58:41.161893800Z,1,55509526,1000.1945,939.4031,933.1043,0,second,Kangaskhan / Crustle,8f6a9933322de8f8,0,1,15,7,6,2,20,25,4,0,0,6,6,6,5,3,3,0,5,5,1,0,3,2,1,0,0,2,74,2,2,600.0,596.9758740000005,3.024,1.835,,128
v25_a,55507909,93067861,2026-08-14T18:54:40.682291200Z,1,55509660,955.5628,939.2006,932.0074,0,second,other: Conkeldurr,cba33a320586d970,0,0,13,6,3,1,23,16,3,0,0,8,8,8,3,4,4,0,1,1,1,2,0,0,0,1,0,3,59,1,5,600.0,597.4173820000001,2.583,2.255,,144
v25_a,55507909,93075134,2026-08-14T19:26:40.448680300Z,0,55510596,962.1878,932.0074,925.3785,0,first,Ogerpon,d29c7e8375bce6c8,0,1,24,12,3,1,9,14,3,0,0,3,5,5,2,3,2,1,9,9,2,1,20,11,1,1,1,3,177,3,2,600.0,591.0534090000002,8.947,10.47,,349
v25_a,55507909,93080769,2026-08-14T19:50:44.252160Z,0,55507199,1016.0016,925.3785,920.3058,0,first,Kangaskhan / Crustle,8f6a9933322de8f8,0,1,24,12,3,1,3,14,4,0,0,9,9,9,4,5,5,0,8,8,3,2,7,4,2,0,2,4,135,4,4,600.0,595.3621250000002,4.638,41.815,,211
v25_a,55507909,93089963,2026-08-14T20:30:48.561499900Z,0,55458333,936.6257,920.3058,913.5635,0,first,Grimmsnarl (mirror),9714ab5c3996f6cc,1,0,14,7,3,2,24,16,4,0,0,5,7,7,6,4,3,1,4,4,2,0,6,0,0,1,1,2,96,3,3,600.0,594.4573089999999,5.543,21.952,,210
v25_a,55507909,93093465,2026-08-14T20:46:45.952825600Z,1,55512582,881.2381,913.5635,906.0829,0,first,Kangaskhan / Crustle,a4db97283921f280,0,1,38,19,1,1,1,8,5,0,0,7,7,7,8,4,4,0,14,14,3,2,22,7,1,2,2,5,242,4,5,600.0,592.4517949999987,7.548,2.569,,343
v25_a,55507909,93102736,2026-08-14T21:26:45.939474200Z,1,55512835,858.9423,906.0829,911.6467,1,second,Mega Lucario,05f854e1b3b3ba0f,0,0,10,5,1,4,13,31,6,0,0,6,6,6,3,3,3,0,3,3,3,1,5,7,1,2,0,3,94,4,2,600.0,596.6242960000001,3.376,5.693,,140
v25_a,55507909,93111228,2026-08-14T22:04:30.972735900Z,0,55506693,844.0269,911.6467,916.7419,1,first,Alakazam,cc38cb450b86770a,0,0,13,7,1,5,17,24,6,0,0,3,9,9,8,5,2,1,3,3,2,1,11,3,1,1,1,2,116,2,4,600.0,595.6556080000001,4.344,14.013,,184
v25_a,55507909,93118688,2026-08-14T22:36:30.849298100Z,1,55300033,846.5025,916.7419,921.7001,1,second,Grimmsnarl (mirror),9714ab5c3996f6cc,1,0,12,6,1,1,21,20,5,0,0,4,4,4,3,2,2,0,2,2,1,1,16,2,1,0,0,4,133,3,3,600.0,593.0948079999995,6.905,4.406,,216
v25_a,55507909,93123216,2026-08-14T22:56:37.253576600Z,1,55512740,926.2022,921.7001,915.4566,0,second,Grimmsnarl (mirror),1dc8b2e03614809f,0,0,11,5,4,1,14,24,4,0,0,6,6,6,3,3,3,0,3,3,3,1,3,3,1,2,0,1,88,4,2,600.0,595.2356310000001,4.764,20.424,,200
v25_a,55507909,93130433,2026-08-14T23:29:11.723632Z,1,55513768,941.2302,915.4566,909.8546,0,second,other: Conkeldurr,85b1f9fa3c9688ca,0,0,7,3,4,1,25,28,1,0,0,4,4,4,3,2,2,0,2,2,1,1,0,0,0,2,0,2,52,2,1,600.0,596.938926,3.061,2.505,,114
v25_a,55507909,93142838,2026-08-15T00:24:15.257687200Z,0,55514216,973.9048,909.8546,905.1197,0,first,Mega Lopunny / Froslass,a7ee29914c1dce64,0,0,16,8,2,1,14,1,4,0,0,5,5,5,4,3,3,0,5,6,3,1,5,0,0,1,0,2,98,5,2,600.0,594.5850810000005,5.415,10.076,,220
v25_a,55507909,93162066,2026-08-15T01:48:15.066692400Z,0,55515357,886.2321,905.1197,910.6517,1,first,Dragapult,202ee2cec6cbe8b4,0,0,13,7,2,2,14,17,5,0,0,5,5,5,2,3,3,0,4,4,3,0,7,1,1,2,1,2,112,5,3,600.0,594.7709729999998,5.229,5.494,,213
v25_b,55517142,93155412,2026-08-15T01:20:14.539235200Z,1,55137481,637.6914,600.0,720.1745,1,second,Alakazam,cc38cb450b86770a,0,0,12,6,1,4,24,30,6,0,0,4,4,4,3,2,2,0,5,5,2,2,3,6,2,1,0,1,76,5,1,600.0,596.0192930000002,3.981,16.269,,153
v25_b,55517142,93156345,2026-08-15T01:24:14.702307900Z,1,55063419,699.603,720.1745,811.0422,1,first,other: Walrein,d783aa4539e60222,0,0,13,7,1,4,20,33,6,0,0,3,3,3,4,2,2,0,2,3,2,1,9,5,1,2,1,0,107,5,3,600.0,596.3677199999998,3.632,1.101,,148
v25_b,55517142,93157287,2026-08-15T01:28:14.687822700Z,0,54289892,706.3402,811.0422,699.6042,0,first,Kangaskhan / Crustle,06719550d979d46e,0,1,32,16,1,4,0,4,6,0,1,7,17,17,6,9,4,1,8,8,1,0,16,17,1,1,2,4,155,3,8,600.0,592.7684390000001,7.232,2.954,,234
v25_b,55517142,93158231,2026-08-15T01:32:14.622319900Z,0,54971586,756.789,699.6042,639.1906,0,first,Archaludon,ebd4dbb270dce6a2,0,0,8,4,6,4,40,13,0,1,0,,,3,2,,,0,0,3,0,0,0,0,0,0,0,0,15,0,1,600.0,598.391029,1.609,2.508,,62
v25_b,55517142,93159147,2026-08-15T01:36:15.030040200Z,0,55495890,403.0216,639.1906,663.5511,1,first,Kangaskhan / Crustle,c8f1568913647351,0,1,15,8,1,6,28,35,6,0,0,7,7,7,,4,4,0,4,4,1,1,14,1,1,1,1,0,111,3,3,600.0,594.769412,5.231,97.825,,147
v25_b,55517142,93160032,2026-08-15T01:40:14.733848200Z,1,55516072,727.8808,663.5511,728.9545,1,second,other: Team Rocket's Mewtwo ex,27f3980c09f1850d,0,0,12,6,1,2,14,24,6,0,0,6,6,6,3,3,3,0,4,4,3,1,1,3,1,0,1,3,90,3,2,600.0,596.6215459999999,3.378,51.557,,156
v25_b,55517142,93160931,2026-08-15T01:44:14.589498600Z,0,54757890,612.348,728.9545,759.1337,1,first,Dragapult,8055443275c86105,0,0,9,5,1,6,29,18,5,0,0,5,5,5,2,3,3,0,2,2,1,0,6,1,1,0,0,3,76,3,2,600.0,596.1656319999996,3.834,2.071,,136
v25_b,55517142,93161812,2026-08-15T01:48:14.626767700Z,1,55516418,791.8058,759.1337,723.0217,0,second,other: Cynthia's Garchomp ex,611e66d4080451b0,0,0,11,5,2,1,20,22,3,0,0,6,6,6,5,3,3,0,3,3,3,2,2,6,2,2,1,0,79,4,2,600.0,595.674129,4.326,4.236,,157
v25_b,55517142,93162704,2026-08-15T01:52:15.063711400Z,0,54045993,616.7209,723.0217,747.591,1,first,Mega Lucario,d05bff224d40b9c6,0,0,7,4,1,4,23,33,6,0,0,3,3,3,2,2,2,0,3,3,2,2,4,5,1,1,0,1,78,3,1,600.0,596.9324669999999,3.068,1.095,,119
v25_b,55517142,93163598,2026-08-15T01:56:20.768157500Z,1,55513382,750.526,747.591,780.7525,1,second,Grimmsnarl (mirror),9714ab5c3996f6cc,1,0,12,6,1,3,19,22,6,0,0,4,6,6,3,3,2,1,3,3,2,1,10,1,1,2,0,1,112,3,2,600.0,594.1337700000004,5.866,6.998,,186
v25_b,55517142,93164531,2026-08-15T02:00:15.240660Z,1,55503632,781.1614,780.7525,810.4023,1,second,Grimmsnarl (mirror),9714ab5c3996f6cc,1,0,10,5,2,4,17,17,6,0,0,4,4,4,3,2,2,0,4,4,3,3,5,1,0,1,0,2,103,6,1,600.0,594.8220090000001,5.178,4.263,,186
v25_b,55517142,93165439,2026-08-15T02:04:14.777632700Z,0,55472550,809.8423,810.4023,783.4045,0,first,Alakazam,e452d606e1029229,0,0,12,6,5,1,22,10,4,0,0,7,7,7,2,4,4,0,1,1,1,0,7,1,1,1,0,3,81,2,5,600.0,595.412988,4.587,18.074,,152
v25_b,55517142,93166393,2026-08-15T02:08:14.768606600Z,0,55028150,690.2064,783.4045,800.6833,1,first,Alakazam,39e630cf4cd4a00e,0,0,13,7,1,5,18,32,6,0,0,5,5,5,4,3,3,0,4,4,1,1,4,7,2,2,0,2,85,4,2,600.0,596.6821229999996,3.318,6.186,,140
v25_b,55517142,93167283,2026-08-15T02:12:14.842401900Z,0,54270858,671.485,800.6833,766.5414,0,first,Archaludon,52c7a27484696015,0,0,14,7,2,1,13,22,4,0,0,,,7,2,,,0,0,1,0,0,14,13,2,1,1,4,137,5,6,600.0,595.278773,4.721,1.495,,201
v25_b,55517142,93168177,2026-08-15T02:16:15.528939Z,0,55452188,756.4748,766.5414,744.8534,0,first,Alakazam,cc38cb450b86770a,0,0,14,7,2,1,20,8,4,0,0,7,7,7,4,4,4,0,2,4,1,1,2,2,1,1,2,1,69,4,3,600.0,595.5635829999999,4.436,19.518,,166
v25_b,55517142,93169070,2026-08-15T02:20:14.833168300Z,0,55513140,754.479,744.8534,764.8337,1,first,Alakazam,3d5da5090191f8f6,0,0,7,4,2,6,23,27,6,0,0,3,3,3,2,2,2,0,3,3,2,2,5,1,1,1,0,2,73,4,1,600.0,595.6836759999999,4.316,14.014,,111
v25_b,55517142,93169980,2026-08-15T02:24:15.168693700Z,0,55430805,710.0982,764.8337,779.6899,1,first,Alakazam,7fa65817cc79c36c,0,0,9,5,3,5,19,29,6,0,0,7,7,7,4,4,4,0,2,2,1,1,8,7,1,2,1,2,87,3,3,600.0,595.3863480000001,4.614,14.693,,146
v25_b,55517142,93170889,2026-08-15T02:28:15.032996200Z,0,55500783,842.7326,779.6899,766.1522,0,first,Grimmsnarl (mirror),9714ab5c3996f6cc,1,0,14,7,2,1,21,19,3,0,0,3,3,3,6,2,2,0,6,6,3,1,6,0,0,2,0,2,107,7,1,600.0,594.4028789999998,5.597,7.03,,256
v25_b,55517142,93171794,2026-08-15T02:32:14.970130400Z,0,54208072,332.5129,766.1522,767.4704,1,first,other: Iron Thorns ex,c5b7c20e924423d7,0,0,17,9,2,4,27,22,6,0,0,9,9,9,6,5,5,0,4,4,2,1,1,0,0,0,0,1,61,4,4,600.0,597.7478609999997,2.252,1.502,,124
v25_b,55517142,93172691,2026-08-15T02:36:15.292723Z,1,55515109,793.8708,767.4704,752.9834,0,second,Alakazam,a665414222aea434,0,0,11,5,1,1,13,13,5,0,0,4,4,4,3,2,2,0,4,4,3,1,3,3,2,2,0,3,91,3,1,600.0,595.2898530000004,4.71,140.124,,180
v25_b,55517142,93173689,2026-08-15T02:40:15.093987800Z,0,55511295,694.8605,752.9834,734.5878,0,first,Mega Lucario,05f854e1b3b3ba0f,0,0,14,7,4,1,21,13,3,0,0,7,7,7,2,4,4,0,4,4,2,1,4,1,1,0,0,1,93,2,3,600.0,595.17722,4.823,136.624,,179
v25_b,55517142,93174568,2026-08-15T02:44:14.941501300Z,0,54460543,625.4934,734.5878,743.9381,1,first,Dragapult,8055443275c86105,0,0,5,3,6,6,32,45,4,0,0,5,5,5,,3,3,0,1,1,1,2,0,0,0,0,0,1,36,2,2,600.0,597.5971630000001,2.403,0.474,,46
v25_b,55517142,93175441,2026-08-15T02:48:15.062002500Z,0,54715557,676.6544,743.9381,754.6654,1,first,Dragapult,8055443275c86105,0,0,9,5,1,5,20,24,6,0,0,5,5,5,2,3,3,0,3,3,3,0,7,0,0,1,1,0,103,4,2,600.0,594.7523389999999,5.248,2.887,,184
v25_b,55517142,93176330,2026-08-15T02:52:15.250358100Z,0,55158040,692.2172,754.6654,765.1386,1,first,Alakazam,9cb294a21e49c13c,0,0,11,6,1,3,19,35,6,0,0,7,7,3,2,4,4,0,2,4,2,1,7,9,2,1,0,2,96,6,1,600.0,596.750115,3.25,6.849,,158
v25_b,55517142,93177221,2026-08-15T02:56:18.345881700Z,0,54306745,714.9219,765.1386,775.6837,1,first,Ogerpon,53df2491d07e503f,0,1,11,6,1,4,23,23,6,0,0,3,3,3,2,2,2,0,5,5,1,2,3,0,0,2,1,2,80,3,1,600.0,596.088244,3.912,2.203,,154
v25_b,55517142,93178123,2026-08-15T03:00:15.138120800Z,0,55512036,795.1832,775.6837,788.6928,1,first,Mega Lopunny / Froslass,a7ee29914c1dce64,0,0,11,6,1,5,16,31,6,0,0,5,5,5,4,3,3,0,4,4,1,0,14,2,1,0,0,3,125,1,2,600.0,595.2436430000002,4.756,17.721,,177
v25_b,55517142,93179010,2026-08-15T03:04:16.593314200Z,0,55470882,829.4254,788.6928,802.153,1,first,Alakazam,cc38cb450b86770a,0,0,9,5,1,1,18,26,6,0,0,3,3,3,2,2,2,0,3,3,3,1,6,9,2,2,1,0,110,4,2,600.0,596.1581950000007,3.842,41.896,,176
v25_b,55517142,93179904,2026-08-15T03:08:15.346709Z,0,55502574,759.9927,802.153,811.6637,1,first,Grimmsnarl (mirror),9714ab5c3996f6cc,1,0,11,6,1,5,26,27,6,0,0,3,5,5,4,3,2,1,4,4,2,1,10,0,0,0,1,2,115,3,2,600.0,593.8440350000002,6.156,3.503,,175
v25_b,55517142,93180813,2026-08-15T03:12:15.139518700Z,1,55516314,795.5883,811.6637,800.3806,0,second,other: Mega Venusaur ex,2ed07149266e1011,0,0,9,4,6,2,17,18,4,0,0,6,6,6,3,3,3,0,2,2,2,0,0,0,0,1,0,3,54,3,2,600.0,596.6688090000002,3.331,3.949,,159
v25_b,55517142,93181719,2026-08-15T03:16:15.241576400Z,1,55512586,834.8868,800.3806,812.0287,1,second,Grimmsnarl (mirror),9714ab5c3996f6cc,1,0,10,5,1,5,16,28,6,0,0,4,4,4,3,2,2,0,4,4,3,2,6,1,1,1,0,2,108,4,1,600.0,594.3076630000003,5.692,5.088,,164
v25_b,55517142,93182608,2026-08-15T03:20:15.352769200Z,1,55262159,796.3172,812.0287,801.4621,0,second,Grimmsnarl (mirror),9714ab5c3996f6cc,1,0,13,6,4,1,22,20,3,0,0,4,6,6,5,3,2,1,4,4,3,2,5,0,0,2,0,1,100,4,2,600.0,594.9753169999999,5.025,6.236,,246
v25_b,55517142,93183515,2026-08-15T03:24:15.074424500Z,1,55432877,798.7879,801.4621,811.0048,1,second,Dragapult,fbe4c35942cde568,0,0,14,7,1,4,17,10,6,0,0,6,6,4,7,3,3,0,5,6,3,0,5,5,1,1,0,2,106,5,1,600.0,596.1366039999997,3.863,2.561,,201
v25_b,55517142,93184385,2026-08-15T03:28:15.168704900Z,1,55508619,839.2509,811.0048,802.6647,0,second,Grimmsnarl (mirror),30b42482160c0f42,0,0,11,5,2,2,21,15,3,0,0,4,4,4,3,2,2,0,3,3,2,1,6,1,1,3,1,1,100,5,2,600.0,595.0167650000002,4.983,3.545,,198
v25_b,55517142,93185356,2026-08-15T03:32:15.067755300Z,1,54200120,692.4398,802.6647,808.4261,1,second,Mega Lucario,c3c16f0e65487ad6,0,0,10,5,1,2,21,8,5,0,0,4,4,4,3,2,2,0,4,4,3,2,1,0,0,2,0,0,79,3,1,600.0,595.642884,4.357,2.584,,150
v26,55520389,93205560,2026-08-15T05:04:14.454651900Z,1,54464798,668.1562,600.0,729.7055,1,first,Archaludon,0bef8b29715ae7d8,0,0,13,7,1,1,15,18,5,0,0,5,5,5,2,3,3,0,5,5,2,1,8,4,1,2,1,2,117,4,2,600.0,584.1261239999998,15.874,2.666,,191
v26,55520389,93206444,2026-08-15T05:08:14.453075Z,0,53810544,699.0996,729.7055,817.9396,1,first,other: Iono’s Bellibolt ex,282504e445a4d4fc,0,0,9,5,1,4,18,5,6,0,0,3,3,3,4,2,2,0,4,4,3,2,5,0,0,2,0,1,100,5,1,600.0,589.2355230000001,10.764,3.38,,251
v26,55520389,93207341,2026-08-15T05:12:14.564952500Z,1,55187455,398.6131,817.9396,610.4999,0,second,Dragapult,3edaa824fcc4d093,0,0,3,1,5,6,41,37,0,1,0,,,2,3,,,0,0,1,0,0,0,0,0,0,0,1,8,0,0,600.0,595.112405,4.888,1.758,,33
v26,55520389,93208257,2026-08-15T05:16:15.098210400Z,0,53812841,576.0003,610.4999,675.5506,1,first,Mega Lucario,d05bff224d40b9c6,0,0,13,7,1,4,16,0,6,0,0,9,9,9,2,5,5,0,2,2,2,1,14,0,0,2,0,3,132,3,4,600.0,583.6037199999997,16.396,2.696,,213
v26,55520389,93209159,2026-08-15T05:20:14.449340600Z,0,53937004,475.246,675.5506,704.2942,1,first,other: Mega Abomasnow ex,254c5b10e926f2e6,0,0,11,6,3,1,14,23,4,0,0,5,5,5,2,3,3,0,4,4,3,0,1,0,0,2,1,2,75,6,2,600.0,588.5078969999998,11.492,2.399,,111
v26,55520389,93210061,2026-08-15T05:24:14.825803700Z,1,54009096,681.3846,704.2942,754.5859,1,second,other: Dudunsparce,292e7cda8346e2af,0,0,14,7,1,1,17,11,6,0,0,12,12,12,3,6,6,0,2,2,1,1,7,6,2,2,0,2,118,8,5,600.0,585.1860820000004,14.814,2.9,,197
v26,55520389,93210960,2026-08-15T05:28:14.728731800Z,1,54217476,757.9918,754.5859,708.8919,0,second,Alakazam,a233298ee750b57c,0,0,9,4,3,2,30,12,3,0,0,6,6,6,3,3,3,0,2,2,2,0,2,2,1,0,0,0,59,4,2,600.0,588.6507349999996,11.349,56.739,,137
v26,55520389,93211878,2026-08-15T05:32:14.755016800Z,1,55517212,764.4212,728.405,696.2793,0,second,Alakazam,90c4b4bfcaedacbc,0,0,13,6,2,1,14,2,5,0,0,4,4,2,3,2,2,0,4,5,3,3,2,2,1,1,1,2,84,4,1,600.0,587.08981,12.91,346.94,,178
v26,55520389,93212768,2026-08-15T05:36:15.346619600Z,0,55186807,527.5929,708.8919,728.405,1,first,other: Cynthia's Garchomp ex,daff2ed17de6145d,0,0,13,7,1,6,19,39,6,0,0,7,7,3,,4,4,0,4,6,1,1,3,4,2,1,0,3,72,6,1,600.0,588.7016419999995,11.298,7.346,,104
v26,55520389,93213835,2026-08-15T05:40:15.102522200Z,1,55464332,1048.0852,678.3873,674.3808,0,second,other: Hydrapple ex,78a27b6e506d4015,0,0,13,6,2,1,20,7,5,0,0,10,10,2,5,5,5,0,1,3,1,0,7,3,2,2,0,3,97,3,3,600.0,585.6453970000002,14.355,529.878,,190
v26,55520389,93214561,2026-08-15T05:44:14.538533200Z,1,55090785,629.406,696.2793,655.6519,0,second,Alakazam,a665414222aea434,0,0,13,6,2,1,16,22,5,0,0,6,6,2,7,3,3,0,2,4,2,2,2,8,2,1,2,2,80,6,2,600.0,588.3363999999999,11.664,57.054,,151
v26,55520389,93215466,2026-08-15T05:48:14.724913500Z,0,53964306,586.975,655.6519,678.3873,1,first,other: Mega Starmie ex,450a23552c2f2d2f,0,0,7,4,3,6,32,40,5,0,0,3,3,3,,2,2,0,3,3,1,1,0,0,0,0,0,0,40,3,1,600.0,591.8040480000002,8.196,2.084,,71
v26,55520389,93216384,2026-08-15T05:52:14.944380800Z,0,55491962,699.0192,674.3808,702.555,1,first,Alakazam,65980f1c1e35b45d,0,0,13,7,1,2,11,27,6,0,0,9,9,5,4,5,5,0,3,4,1,1,6,9,2,2,0,3,110,4,3,600.0,586.7135540000007,13.286,5.597,,189
v26,55520389,93217269,2026-08-15T05:56:14.970875100Z,1,55131798,682.6123,702.555,677.0594,0,second,Ogerpon,ad3034c9be38d533,0,1,13,6,5,1,18,30,4,0,0,4,4,4,3,2,2,0,3,4,2,1,5,3,2,0,0,2,94,3,2,600.0,589.2932569999995,10.707,1.82,,174
v26,55520389,93218161,2026-08-15T06:00:14.770547400Z,0,55154149,211.3444,677.0594,678.4796,1,first,other: Mega Abomasnow ex,7e7bca6783abe61e,0,0,11,6,5,6,25,41,6,0,0,9,9,3,,5,5,0,2,5,1,1,4,2,1,0,0,1,63,2,1,600.0,591.4826960000004,8.517,8.336,,75
v26,55520389,93218987,2026-08-15T06:04:15.189307100Z,1,55390005,700.9064,678.4796,701.8581,1,second,Alakazam,cc38cb450b86770a,0,0,14,7,1,3,11,10,5,0,0,8,8,2,3,4,4,0,4,5,2,0,5,0,0,1,0,2,99,4,2,600.0,586.3396770000002,13.66,4.475,,193
v26,55520389,93219935,2026-08-15T06:08:14.882118600Z,1,53787553,632.3908,701.8581,717.3115,1,first,Dragapult,107b96bebcadaeed,0,0,13,7,1,3,18,10,5,0,0,7,7,7,2,4,4,0,4,4,3,1,9,0,0,1,0,3,104,6,3,600.0,585.5766430000001,14.423,3.731,,210
v26,55520389,93220830,2026-08-15T06:12:14.639728100Z,1,55149417,688.4386,717.3115,734.318,1,first,Dragapult,8055443275c86105,0,0,9,5,1,6,24,18,5,0,0,3,3,3,4,2,2,0,3,3,3,1,4,1,0,0,1,1,77,5,1,600.0,591.3129129999995,8.687,1.916,,156
v26,55520389,93221712,2026-08-15T06:16:15.378814600Z,1,54262466,683.7509,734.318,749.0236,1,second,Mega Lucario,c3c16f0e65487ad6,0,0,12,6,2,4,20,12,6,0,0,4,6,6,7,3,2,1,4,4,2,1,7,2,1,2,1,2,95,3,2,600.0,588.0443659999992,11.956,1.83,,167
v26,55520389,93222618,2026-08-15T06:20:14.683489700Z,1,55201992,701.5948,749.0236,763.0869,1,second,Alakazam,a665414222aea434,0,0,14,7,1,1,9,19,6,0,0,8,8,2,3,4,4,0,3,6,2,0,4,6,2,2,2,2,91,6,1,600.0,585.9936070000001,14.006,13.77,,172
v26,55520389,93223540,2026-08-15T06:24:16.027234800Z,0,55344789,646.5839,763.0869,773.0506,1,first,Alakazam,7fa65817cc79c36c,0,0,9,5,1,5,29,22,6,0,0,5,5,5,4,3,3,0,3,3,1,0,7,2,1,2,1,0,84,2,2,600.0,588.1195309999997,11.88,14.844,,151
v26,55520389,93224530,2026-08-15T06:28:15.258494800Z,0,55294722,811.3693,774.7725,791.7752,1,first,other: Cynthia's Garchomp ex,daff2ed17de6145d,0,0,11,6,1,6,23,37,6,0,0,3,3,3,2,2,2,0,5,5,1,1,3,0,0,1,0,2,71,3,1,600.0,588.8634559999999,11.137,239.092,,107
v26,55520389,93225327,2026-08-15T06:32:14.581754400Z,1,53946640,380.416,773.0506,774.7725,1,first,other: Mega Abomasnow ex,7e7bca6783abe61e,0,0,7,4,5,6,35,39,6,0,0,5,5,5,2,3,3,0,1,1,1,0,3,2,1,0,0,0,46,2,2,600.0,592.506091,7.494,0.818,,64
v26,55520389,93226257,2026-08-15T06:36:15.157063500Z,1,55152806,800.8473,791.7752,778.0385,0,second,Mega Lopunny / Froslass,1350508087c01043,0,0,13,6,2,2,20,15,4,0,0,6,6,6,3,3,3,0,4,4,2,0,8,1,1,1,0,2,99,4,2,600.0,588.480404,11.52,2.538,,177
v26,55520389,93227149,2026-08-15T06:40:14.794400100Z,0,55503189,794.6734,778.0385,792.3059,1,first,Grimmsnarl (mirror),9714ab5c3996f6cc,1,0,24,12,1,5,21,12,6,0,0,,,,,,,0,0,0,0,0,25,0,0,1,0,4,175,2,12,600.0,552.6195919999996,47.38,5.542,,298
v26,55520389,93228046,2026-08-15T06:44:14.646719100Z,0,55507528,781.4681,792.3059,779.0,0,first,Dragapult,4867fd964a4c9662,0,0,12,6,2,1,26,7,4,0,0,7,7,7,2,4,4,0,3,3,1,0,7,0,0,1,1,1,84,3,3,600.0,586.4089270000001,13.591,16.842,,230
v26,55520389,93228948,2026-08-15T06:48:14.729140900Z,0,54840100,747.4437,779.0,789.9427,1,first,other: Iono’s Bellibolt ex,282504e445a4d4fc,0,0,15,8,1,6,25,13,6,0,0,5,5,5,14,3,3,0,6,6,1,0,1,2,1,1,1,0,70,3,2,600.0,586.620246,13.38,3.23,,168
v26,55520389,93229840,2026-08-15T06:52:14.866029Z,1,55513046,834.3491,789.9427,779.9882,0,second,Ogerpon,0dede7cb8026e473,0,1,11,5,4,2,20,20,5,0,0,6,6,6,5,3,3,0,2,2,2,0,0,4,1,0,0,1,65,4,3,600.0,589.6907969999997,10.309,110.729,,141
v26,55520389,93230733,2026-08-15T06:56:15.132228600Z,0,54879569,659.2935,779.9882,786.9227,1,first,Mega Lucario,c3c16f0e65487ad6,0,0,3,2,6,6,42,46,2,0,0,3,3,3,2,2,2,0,1,1,1,1,0,0,0,0,0,1,15,1,1,600.0,594.290464,5.71,0.443,,21
v26,55520389,93231578,2026-08-15T07:00:14.641584500Z,0,55520886,767.2339,796.1644,784.7637,0,first,Mega Lucario,bb547ba03b726d87,0,0,12,6,5,1,26,20,3,0,0,9,9,9,2,5,5,0,1,1,1,1,1,0,0,2,1,1,55,1,5,600.0,590.6607870000001,9.339,17.965,,111
v26,55520389,93231619,2026-08-15T07:00:14.688022600Z,1,55512622,741.803,786.9227,796.1644,1,second,Grimmsnarl (mirror),9714ab5c3996f6cc,1,0,10,5,1,4,19,32,6,0,0,4,4,4,5,2,2,0,4,4,2,2,10,0,0,1,2,1,106,4,1,600.0,581.0210680000002,18.979,3.248,,156
v26,55520389,93232537,2026-08-15T07:04:14.760910600Z,1,55518562,803.756,784.7637,795.5984,1,second,Mega Lucario,9b77052f70f4d732,0,0,14,7,1,4,17,30,5,0,0,8,8,8,5,4,4,0,4,4,2,0,5,0,0,1,1,2,91,4,3,600.0,586.5357690000006,13.464,2.237,,150
v26,55520389,93233434,2026-08-15T07:08:14.847527500Z,0,55520456,892.9747,795.5984,788.9822,0,first,Alakazam,cc38cb450b86770a,0,0,12,6,1,1,16,10,4,0,0,3,5,5,2,3,2,1,2,2,2,1,9,5,1,0,1,3,117,5,4,600.0,586.0152269999999,13.985,3.204,,179
v26,55520389,93234369,2026-08-15T07:12:14.837115800Z,0,54987267,826.3732,788.9822,799.8901,1,first,Archaludon,ebd4dbb270dce6a2,0,0,15,8,1,4,17,34,6,0,0,7,7,3,2,4,4,0,5,7,2,1,5,6,2,1,0,2,94,9,1,600.0,586.2008730000003,13.799,2.933,,151
v26,55520389,93235158,2026-08-15T07:16:15.726633200Z,0,55500002,800.0621,799.8901,809.1156,1,first,Grimmsnarl (mirror),9714ab5c3996f6cc,1,0,13,7,1,5,12,17,6,0,0,5,5,5,4,3,3,0,5,5,3,0,10,0,0,1,0,3,132,5,2,600.0,571.1144690000004,28.886,5.387,,223
v26,55520389,93236160,2026-08-15T07:20:14.734452300Z,0,55508619,835.8162,809.1156,818.8936,1,first,Grimmsnarl (mirror),30b42482160c0f42,0,0,13,7,1,1,18,23,5,0,0,7,7,3,2,4,4,0,4,5,2,2,6,1,1,2,1,2,103,6,2,600.0,582.6432480000003,17.357,2.136,,185
v26,55520389,93237065,2026-08-15T07:24:14.781178300Z,0,55495770,836.8845,818.8936,828.0998,1,first,Kangaskhan / Crustle,20bc24847121c967,0,1,17,9,1,6,13,30,6,0,0,5,5,5,2,3,3,0,4,6,2,1,9,3,1,1,2,2,121,5,2,600.0,582.1250280000003,17.875,1.816,,166
v26,55520389,93238001,2026-08-15T07:28:14.856340900Z,1,55515180,869.7801,828.0998,820.9899,0,second,Alakazam,cc38cb450b86770a,0,0,15,7,5,1,19,2,2,0,0,14,14,2,3,7,7,0,1,2,1,0,0,4,1,0,0,1,65,2,5,600.0,589.7099920000002,10.29,30.955,,154
v26,55520389,93248703,2026-08-15T08:16:15.765762Z,1,55521067,876.0921,820.9899,830.7022,1,second,Grimmsnarl (mirror),ae3dbbeb2e097f31,0,0,10,5,1,4,24,33,5,0,0,4,4,4,7,2,2,0,4,4,2,2,6,0,0,2,0,2,83,4,1,600.0,583.6132510000003,16.387,17.307,,136
v26,55520389,93251068,2026-08-15T08:28:14.548208200Z,0,55523294,745.0949,830.7022,835.5319,1,first,Alakazam,a233298ee750b57c,0,0,9,5,1,4,23,27,5,0,0,3,3,3,2,2,2,0,4,4,2,1,5,4,1,2,0,2,83,2,1,600.0,588.6741920000005,11.326,1.948,,154
v27,55521760,93227833,2026-08-15T06:44:14.310905900Z,0,54259126,575.8058,600.0,701.7493,1,first,Mega Lucario,d05bff224d40b9c6,0,0,11,6,1,4,21,8,6,0,0,3,3,3,2,2,2,0,4,4,2,2,6,0,0,1,1,2,92,2,2,600.0,587.2992750000002,12.701,2.455,,159
v27,55521760,93228710,2026-08-15T06:48:14.366018100Z,0,55368974,662.0048,701.7493,787.615,1,first,Mega Lucario,c3c16f0e65487ad6,0,0,13,7,2,3,19,30,6,0,0,3,3,3,2,2,2,0,6,6,3,1,2,0,0,1,1,3,86,3,1,600.0,587.4590230000001,12.541,2.045,,142
v27,55521760,93229612,2026-08-15T06:52:14.559397400Z,1,55492300,900.2698,787.615,728.9349,0,second,Grimmsnarl (mirror),9714ab5c3996f6cc,1,0,11,5,5,2,15,26,4,0,0,6,6,6,3,3,3,0,3,3,2,0,6,1,0,1,0,3,98,5,2,600.0,577.8667509999997,22.133,29.046,,188
v27,55521760,93230506,2026-08-15T06:56:14.737106100Z,0,55494262,690.3645,728.9349,792.8656,1,first,Mega Lucario,d6ef16d806c2f394,0,0,11,6,1,3,14,25,6,0,0,3,5,5,2,3,2,1,4,4,3,2,8,0,0,2,1,1,117,5,2,600.0,584.0706959999999,15.929,1.924,,167
v27,55521760,93231407,2026-08-15T07:00:14.397178200Z,1,55512578,752.4751,792.8656,846.2468,1,first,Kangaskhan / Crustle,a4db97283921f280,0,1,17,9,1,5,18,21,6,0,0,7,7,7,8,4,4,0,3,6,1,0,11,2,1,2,2,2,117,2,3,600.0,585.6883010000003,14.312,1.567,,176
v27,55521760,93232301,2026-08-15T07:04:14.444756700Z,0,55492677,772.6544,846.2468,886.3046,1,first,Grimmsnarl (mirror),9714ab5c3996f6cc,1,0,11,6,1,2,25,22,5,0,0,3,3,3,6,2,2,0,4,4,2,1,7,0,0,1,1,2,91,3,1,600.0,579.4674080000002,20.533,3.305,,193
v27,55521760,93232362,2026-08-15T07:04:14.531471500Z,1,55521473,819.5432,886.3046,834.545,0,second,Alakazam,e452d606e1029229,0,0,5,2,6,5,44,29,0,1,0,,,,3,,,0,0,0,0,0,0,0,0,0,0,0,9,0,2,600.0,592.7624430000002,7.238,26.522,,35
v27,55521760,93233208,2026-08-15T07:08:14.546617700Z,1,55517028,876.5653,834.545,878.9278,1,second,Alakazam,b1f287b8d98881f8,0,0,12,6,1,4,7,23,6,0,0,4,4,2,7,2,2,0,5,6,3,2,2,4,1,2,1,3,90,4,0,600.0,586.8877009999997,13.112,10.437,,173
v27,55521760,93234145,2026-08-15T07:12:14.545809500Z,0,54769470,783.1,878.9278,902.994,1,first,Mega Lucario,a6535bbccddb9182,0,0,13,7,1,2,18,13,4,0,0,5,5,5,4,3,3,0,5,5,3,1,7,1,1,2,0,1,104,3,2,600.0,585.3996950000003,14.6,2.557,,169
v27,55521760,93235287,2026-08-15T07:16:15.854210200Z,0,55516652,866.3327,902.994,868.049,0,first,Ogerpon,0dede7cb8026e473,0,1,10,5,2,1,24,16,4,0,0,5,5,5,4,3,3,0,3,3,3,1,2,3,1,2,0,0,70,6,2,600.0,588.3129639999996,11.687,113.302,,144
v27,55521760,93235943,2026-08-15T07:20:14.433844400Z,1,55493028,809.5832,868.049,834.1894,0,second,other: Cynthia's Garchomp ex,daff2ed17de6145d,0,0,11,5,1,2,19,10,5,0,0,4,4,4,3,2,2,0,3,4,2,2,4,4,2,0,1,2,86,5,1,600.0,585.895488,14.105,15.538,,169
v27,55521760,93236850,2026-08-15T07:24:14.438660100Z,1,55399338,864.2723,834.1894,811.4149,0,second,Ogerpon,beb431723660fb83,0,1,9,4,4,2,16,14,5,0,0,6,6,2,3,3,3,0,2,4,2,1,1,4,1,0,0,3,65,5,0,600.0,589.3488229999997,10.651,2.342,,141
v27,55521760,93237761,2026-08-15T07:28:14.526892700Z,0,55127435,803.5954,811.4149,834.1492,1,first,Archaludon,ebd4dbb270dce6a2,0,0,15,8,2,1,12,2,6,0,0,5,5,5,2,3,3,0,5,5,3,1,10,3,1,2,2,3,129,4,3,600.0,582.7866339999999,17.213,3.972,,212
v27,55521760,93238657,2026-08-15T07:32:14.477007500Z,1,55515389,753.3786,834.1492,806.3746,0,second,Grimmsnarl (mirror),0e88bea48617a0ea,0,0,11,5,5,1,25,22,3,0,0,4,6,6,5,3,2,1,3,3,2,2,2,0,0,0,0,1,72,3,2,600.0,583.2228280000004,16.777,7.985,,185
v27,55521760,93239552,2026-08-15T07:36:14.973126200Z,1,55515050,789.1189,806.3746,785.4272,0,second,other: Mega Abomasnow ex,a174d13acc29848d,0,0,9,4,3,1,18,31,4,0,0,4,4,4,3,2,2,0,3,3,3,2,0,1,0,0,0,1,68,5,1,600.0,589.0460369999997,10.954,1.593,,111
v27,55521760,93240535,2026-08-15T07:40:16.482235700Z,0,55430618,838.6852,785.4272,807.6362,1,first,Alakazam,ebb93da2d801dd7f,0,0,11,6,1,4,15,9,6,0,0,5,5,3,4,3,3,0,4,5,3,1,3,5,1,2,0,2,93,3,1,600.0,584.112214,15.888,4.234,,191
v27,55521760,93241348,2026-08-15T07:44:16.469997400Z,1,55445718,840.1675,807.6362,792.2265,0,second,Grimmsnarl (mirror),9714ab5c3996f6cc,1,0,15,7,2,1,20,14,3,0,0,10,10,6,5,5,5,0,3,5,2,0,7,0,0,2,0,0,99,4,2,600.0,569.8901230000005,30.11,5.246,,204
v27,55521760,93242265,2026-08-15T07:48:17.825043400Z,1,54563314,743.3804,792.2265,772.9061,0,second,Alakazam,996e13c0d2db40a1,0,0,13,6,4,1,24,1,4,0,0,8,8,6,5,4,4,0,1,3,1,1,2,2,1,1,0,1,61,3,3,600.0,590.553489,9.447,2.591,,155
v27,55521760,93243191,2026-08-15T07:52:17.178913Z,1,54906248,689.071,772.9061,784.0479,1,first,Archaludon,2b6a7dd699d2b6a5,0,0,15,8,1,2,13,16,5,0,0,7,7,7,2,4,4,0,5,5,2,1,4,0,0,1,0,2,92,5,3,600.0,589.6946260000005,10.305,1.73,,166
v27,55521760,93243981,2026-08-15T07:56:16.181511400Z,1,55063419,678.4689,784.0479,793.7235,1,first,other: Walrein,d783aa4539e60222,0,0,11,6,1,6,28,25,6,0,0,7,7,7,4,4,4,0,2,2,2,1,11,5,1,0,0,2,96,3,3,600.0,587.3305590000009,12.669,1.562,,137
v27,55521760,93245003,2026-08-15T08:00:14.572838Z,0,55399338,864.8418,793.7235,782.9797,0,first,Ogerpon,beb431723660fb83,0,1,10,5,2,1,15,16,5,0,0,5,5,5,4,3,3,0,3,3,3,1,5,6,1,2,0,3,89,5,2,600.0,587.4061920000005,12.594,2.746,,167
v27,55521760,93245905,2026-08-15T08:04:14.664270Z,1,54293440,764.332,782.9797,795.6049,1,first,Archaludon,3c412a8f12eabe8c,0,0,7,4,3,6,30,28,6,0,0,3,3,3,2,2,2,0,3,3,1,1,4,3,1,0,0,0,61,5,1,600.0,591.3496010000005,8.65,1.121,,99
v27,55521760,93246821,2026-08-15T08:08:16.346331300Z,0,55521658,772.9363,795.6049,807.2349,1,first,Alakazam,987e6d8940323c4a,0,0,9,5,1,5,20,24,6,0,0,5,5,5,4,3,3,0,3,3,1,0,4,6,2,1,2,1,84,6,2,600.0,587.7402240000004,12.26,14.457,,146
v27,55521760,93247540,2026-08-15T08:12:15.779488800Z,1,55522842,808.0639,807.2349,796.1831,0,second,Grimmsnarl (mirror),9714ab5c3996f6cc,1,0,11,5,6,1,25,16,4,0,0,8,8,8,3,4,4,0,2,2,1,2,4,0,0,0,0,2,70,2,3,600.0,584.1572790000005,15.843,17.708,,174
v27,55521760,93247734,2026-08-15T08:12:16.034274800Z,1,55299837,875.0434,796.1831,811.6983,1,second,Grimmsnarl (mirror),9714ab5c3996f6cc,1,0,10,5,2,5,25,22,6,0,0,4,4,4,3,2,2,0,4,4,2,1,7,0,0,1,1,2,97,4,1,600.0,572.6665630000005,27.333,25.586,,163
v27,55521760,93248633,2026-08-15T08:16:15.677205800Z,1,55503027,837.3366,811.6983,801.3513,0,second,Dragapult,202ee2cec6cbe8b4,0,0,13,6,3,1,29,7,4,0,0,10,10,2,3,5,5,0,2,5,1,1,5,2,1,0,1,1,70,2,1,600.0,588.6307730000001,11.369,22.184,,198
v27,55521760,93249559,2026-08-15T08:20:14.651839400Z,1,55287304,787.0349,801.3513,811.7597,1,second,Grimmsnarl (mirror),9714ab5c3996f6cc,1,0,12,6,1,3,20,16,4,0,0,4,4,4,5,2,2,0,5,5,3,2,7,0,0,2,0,1,109,4,1,600.0,573.2479620000003,26.752,5.004,,213
v27,55521760,93250489,2026-08-15T08:24:14.791834100Z,0,55514625,732.2053,811.7597,798.1594,0,first,other: N’s Zoroark ex,11276baf19535b35,0,0,10,5,3,2,17,19,5,0,0,5,5,3,4,3,3,0,3,4,2,0,5,2,1,1,1,1,81,5,1,600.0,586.6969899999998,13.303,28.087,,143
v27,55521760,93251416,2026-08-15T08:28:15.213791400Z,1,55352645,791.5873,798.1594,808.0521,1,second,other: Cynthia's Garchomp ex,ddea72fb961dfca4,0,0,12,6,1,3,18,16,6,0,0,4,4,4,3,2,2,0,5,5,3,2,5,2,0,0,0,2,94,5,1,600.0,586.6081149999998,13.392,2.42,,163
v27,55521760,93252182,2026-08-15T08:32:14.748702500Z,0,55521976,943.4763,808.0521,822.7031,1,first,other: Team Rocket's Mewtwo ex,27f3980c09f1850d,0,0,7,4,1,4,24,29,6,0,0,3,3,3,4,2,2,0,3,3,2,1,2,3,2,2,1,1,74,4,1,600.0,590.9556029999999,9.044,13.326,,109
v27,55521760,93252239,2026-08-15T08:32:14.834617100Z,1,55435619,899.7505,822.7031,834.8571,1,second,Alakazam,e452d606e1029229,0,0,16,8,1,1,12,9,6,0,0,4,8,8,3,4,2,1,4,4,2,1,9,7,2,2,1,2,118,1,3,600.0,583.4862599999998,16.514,7.153,,220
v27,55521760,93253152,2026-08-15T08:36:16.935423500Z,1,54769470,781.1833,834.8571,842.2283,1,second,Mega Lucario,a6535bbccddb9182,0,0,14,7,1,3,10,7,6,0,0,4,4,4,3,2,2,0,6,6,3,2,7,0,0,0,0,4,106,5,1,600.0,587.5150360000007,12.485,2.71,,189
v27,55521760,93253967,2026-08-15T08:40:15.146934800Z,0,54893097,664.0868,842.2283,846.2402,1,first,Kangaskhan / Crustle,f4aab3339eb12bb8,0,1,13,7,3,2,15,38,6,0,0,7,7,7,2,4,4,0,2,2,1,0,10,10,2,1,0,2,109,4,4,600.0,586.6281200000001,13.372,1.364,,147
v27,55521760,93254965,2026-08-15T08:44:14.758065500Z,1,54780590,795.6288,846.2402,853.3335,1,second,Kangaskhan / Crustle,4717e5f31ba694d4,0,1,22,11,1,1,9,16,5,0,0,8,8,8,3,4,4,0,3,3,1,1,22,11,1,2,1,3,175,6,7,600.0,580.7289549999999,19.271,5.92,,248
v28,55526859,93296675,2026-08-15T11:52:16.607922100Z,0,54142617,679.4994,600.0,733.3272,1,first,Mega Lucario,c3c16f0e65487ad6,0,0,9,5,1,4,22,33,6,0,0,3,3,3,2,2,2,0,3,3,3,1,7,6,1,1,0,2,96,6,1,600.0,589.3306910000006,10.669,1.051,,138
v28,55526859,93297568,2026-08-15T11:56:15.417530300Z,0,55487570,790.3463,733.3272,845.6648,1,first,Grimmsnarl (mirror),9714ab5c3996f6cc,1,0,9,5,1,5,23,30,6,0,0,3,3,3,6,2,2,0,4,4,2,1,3,1,1,1,0,2,70,4,1,600.0,589.1622969999995,10.838,2.637,,126
v28,55526859,93298475,2026-08-15T12:00:14.344509900Z,1,54955364,880.2254,845.6648,769.7348,0,second,other: Dusknoir,2ddf5ab1a2865876,0,0,9,4,4,1,22,39,3,0,0,,,2,3,,,0,0,1,0,0,6,5,1,2,0,3,73,1,3,600.0,589.4204299999997,10.58,1.751,,121
v28,55526859,93299411,2026-08-15T12:04:16.051117800Z,1,55515206,587.3973,769.7348,654.89,0,second,Alakazam,e987846bd0a35f68,0,0,11,5,3,1,22,21,3,0,0,6,6,4,3,3,3,0,3,4,2,1,1,6,2,1,0,0,68,4,1,600.0,589.3531979999998,10.647,4.104,,140
v28,55526859,93300336,2026-08-15T12:08:14.432116100Z,1,55313302,560.5393,654.89,699.2029,1,second,other: Raging Bolt ex,766777b79594793a,0,0,8,4,2,5,26,31,6,0,0,4,4,4,3,2,2,0,3,3,1,1,5,2,1,1,0,1,69,5,1,600.0,591.222973,8.777,1.135,,111
v28,55526859,93301242,2026-08-15T12:12:14.574796300Z,1,54461168,688.6813,699.2029,749.7839,1,first,Archaludon,0bef8b29715ae7d8,0,0,11,6,3,3,27,16,6,0,0,5,5,5,2,3,3,0,3,3,2,0,12,5,1,0,1,0,106,4,2,600.0,585.725911,14.274,1.788,,152
v28,55526859,93302142,2026-08-15T12:16:15.089792500Z,0,55504307,706.2017,749.7839,788.2241,1,first,Alakazam,7fa65817cc79c36c,0,0,13,7,1,3,13,18,6,0,0,9,9,3,2,5,5,0,3,5,1,0,10,5,1,1,2,3,113,4,2,600.0,584.1896409999998,15.81,8.928,,189
v28,55526859,93303045,2026-08-15T12:20:14.450662400Z,0,55524342,865.8899,788.2241,837.4714,1,first,Ogerpon,97df7a2a423da1d8,0,1,9,5,2,1,13,19,6,0,0,5,5,5,4,3,3,0,3,3,3,0,4,4,1,2,0,1,93,6,2,600.0,586.9464469999997,13.054,7.218,,167
v28,55526859,93303958,2026-08-15T12:24:14.445151100Z,1,55223636,893.5811,837.4714,878.4172,1,second,Mega Lucario,0108c79d688ec17b,0,0,10,5,1,3,15,21,6,0,0,4,4,4,3,2,2,0,4,4,3,2,6,0,0,1,1,3,99,5,1,600.0,585.008318,14.992,2.409,,162
v28,55526859,93304856,2026-08-15T12:28:14.441770200Z,0,55276890,836.4977,878.4172,843.6222,0,first,Grimmsnarl (mirror),9714ab5c3996f6cc,1,0,12,6,3,1,19,23,4,0,0,7,7,7,6,4,4,0,3,3,3,1,2,1,0,2,0,3,80,5,3,600.0,588.1639339999995,11.836,57.494,,188
v28,55526859,93305762,2026-08-15T12:32:14.384934Z,0,55520811,847.4499,843.6222,871.0978,1,first,Ogerpon,a06a86c2de100c5c,0,1,20,10,1,4,14,21,5,0,0,3,3,3,2,2,2,0,1,9,1,1,6,8,1,0,2,3,114,5,1,600.0,581.9813289999997,18.019,2.316,,175
v28,55526859,93306648,2026-08-15T12:36:15.235866300Z,1,55523701,786.8134,871.0978,889.0989,1,first,Archaludon,2b6a7dd699d2b6a5,0,0,13,7,1,3,16,15,6,0,0,5,5,5,2,3,3,0,5,5,3,2,11,1,1,0,1,2,129,6,2,600.0,586.9150950000002,13.085,1.554,,193
v28,55526859,93307572,2026-08-15T12:40:14.473172600Z,0,55516652,866.3844,889.0989,864.1508,0,first,Ogerpon,0dede7cb8026e473,0,1,8,4,4,2,19,24,5,0,0,3,3,3,4,2,2,0,3,3,3,1,0,3,1,1,0,1,59,6,1,600.0,590.5330249999996,9.467,93.597,,123
v28,55526859,93308478,2026-08-15T12:44:14.345534600Z,0,55496017,831.507,864.1508,883.1791,1,first,Grimmsnarl (mirror),9714ab5c3996f6cc,1,0,13,7,1,2,12,17,5,0,0,7,7,7,6,4,4,0,4,4,2,0,8,5,1,1,1,3,120,3,3,600.0,585.7553999999998,14.245,10.709,,224
v28,55526859,93309375,2026-08-15T12:48:14.345827300Z,1,54955364,888.3686,883.1791,903.5275,1,second,other: Dusknoir,2ddf5ab1a2865876,0,0,12,6,1,3,15,34,5,0,0,4,4,4,3,2,2,0,4,4,2,2,11,1,0,1,0,3,109,4,1,600.0,584.2834940000005,15.717,1.646,,152
v28,55526859,93310287,2026-08-15T12:52:14.539154400Z,0,55462185,932.2004,903.5275,924.093,1,first,Grimmsnarl (mirror),9714ab5c3996f6cc,1,0,11,6,1,5,22,23,5,0,0,5,5,5,6,3,3,0,3,3,2,1,9,0,0,2,0,1,103,4,2,600.0,588.2580809999997,11.742,3.911,,168
v28,55526859,93311195,2026-08-15T12:56:21.428948500Z,1,55489486,1024.1795,924.093,948.1123,1,second,Alakazam,cc38cb450b86770a,0,0,10,5,1,4,18,30,6,0,0,4,4,4,3,2,2,0,3,3,2,1,5,9,1,2,2,1,86,4,1,600.0,587.4401680000001,12.56,5.102,,148
v28,55526859,93312087,2026-08-15T13:00:14.381710900Z,1,55527088,945.7484,948.1123,963.7008,1,second,Dragapult,202ee2cec6cbe8b4,0,0,10,5,1,6,19,23,6,0,0,6,6,2,3,3,3,0,3,5,1,0,7,2,1,2,1,2,102,3,0,600.0,584.8472700000001,15.153,18.806,,190
v28,55526859,93313051,2026-08-15T13:04:14.487867700Z,1,55525992,945.9131,963.7008,978.0191,1,second,Mega Lopunny / Froslass,a7ee29914c1dce64,0,0,12,6,3,3,14,24,6,0,0,4,4,4,3,2,2,0,5,5,3,2,6,4,1,2,1,1,104,7,1,600.0,588.6432440000001,11.357,9.985,,172
v28,55526859,93313902,2026-08-15T13:08:14.759796Z,1,55508672,917.2844,978.0191,960.0544,0,second,Grimmsnarl (mirror),9714ab5c3996f6cc,1,0,11,5,6,1,25,34,2,0,0,8,8,2,3,4,4,0,2,5,2,0,0,0,0,0,1,0,59,2,0,600.0,590.4604379999996,9.54,5.761,,127
v28,55526859,93314808,2026-08-15T13:12:14.462152800Z,1,55490627,929.0303,960.0544,972.4304,1,second,Alakazam,e452d606e1029229,0,0,14,7,1,1,14,7,5,0,0,6,6,2,3,3,3,0,3,6,2,2,5,3,1,2,0,4,96,4,0,600.0,587.8227870000001,12.177,8.84,,197
v28,55526859,93315704,2026-08-15T13:16:15.357918Z,1,55523143,905.0794,972.4304,956.0016,0,second,Alakazam,48f921c60658f4c2,0,0,15,7,5,1,24,8,3,0,0,6,6,6,7,3,3,0,1,3,1,0,3,4,1,0,0,0,77,2,4,600.0,589.0472019999996,10.953,3.15,,145
v28,55526859,93316615,2026-08-15T13:20:14.524927200Z,1,55494638,993.0197,956.0016,970.3079,1,second,Grimmsnarl (mirror),9714ab5c3996f6cc,1,0,16,8,2,3,19,22,6,0,0,8,8,8,9,4,4,0,5,5,2,2,9,2,1,0,0,3,108,4,3,600.0,583.9787339999993,16.021,18.268,,201
v28,55526859,93317519,2026-08-15T13:24:14.489462900Z,1,55495019,987.3307,970.3079,959.0157,0,second,other: Hydrapple ex,7379bd986b1d8470,0,0,11,5,5,2,17,17,4,0,0,6,6,6,7,3,3,0,3,3,3,1,0,0,0,2,0,3,64,4,2,600.0,589.907623,10.092,20.449,,140
v28,55526859,93318310,2026-08-15T13:28:44.651384700Z,1,55373786,849.5143,959.0157,966.4282,1,second,Grimmsnarl (mirror),9714ab5c3996f6cc,1,0,12,6,1,2,20,13,6,0,0,4,4,4,3,2,2,0,5,5,3,1,10,0,0,1,2,2,124,4,1,600.0,585.8804240000001,14.12,5.434,,229
v28,55526859,93319312,2026-08-15T13:32:44.632942200Z,0,54757630,494.1982,966.4282,967.0198,1,first,Mega Lucario,32c9e38437f6fb1f,0,0,11,6,1,2,13,28,6,0,0,5,5,5,2,3,3,0,3,3,2,2,3,0,0,2,0,3,80,4,2,600.0,587.121253,12.879,1.717,,124
v28,55526859,93320220,2026-08-15T13:36:45.289274300Z,0,55513046,857.9718,967.0198,951.29,0,first,Ogerpon,0dede7cb8026e473,0,1,8,4,4,2,19,38,5,0,0,3,3,3,4,2,2,0,3,3,3,1,0,0,0,1,0,2,59,5,1,600.0,590.5470700000001,9.453,51.268,,99
v28,55526859,93321163,2026-08-15T13:40:44.564044800Z,1,55509944,956.9723,951.29,940.904,0,second,Mega Lopunny / Froslass,a7ee29914c1dce64,0,0,15,7,5,1,20,12,4,0,0,6,6,6,3,3,3,0,4,4,2,0,7,1,1,2,1,1,89,3,3,600.0,585.9694859999998,14.031,16.552,,195
v28,55526859,93322049,2026-08-15T13:44:46.191878500Z,1,55479864,941.4366,940.904,951.136,1,second,Grimmsnarl (mirror),9714ab5c3996f6cc,1,0,10,5,1,5,26,30,6,0,0,4,4,4,3,2,2,0,3,3,1,2,9,0,0,1,0,1,95,3,1,600.0,582.8397360000001,17.16,27.114,,153
v28,55526859,93322998,2026-08-15T13:48:45.027906500Z,0,55526668,926.8717,951.136,960.0469,1,first,Grimmsnarl (mirror),9714ab5c3996f6cc,1,0,11,6,2,4,17,23,6,0,0,3,3,3,4,2,2,0,4,4,3,1,11,1,0,2,1,2,126,3,1,600.0,587.5847240000003,12.415,19.142,,193
v28,55526859,93323725,2026-08-15T13:52:45.049177100Z,1,55388234,851.9064,960.0469,966.1928,1,second,Grimmsnarl (mirror),9714ab5c3996f6cc,1,0,10,5,1,2,22,16,4,0,0,4,4,4,5,2,2,0,4,4,3,1,6,0,0,0,0,4,100,10,1,600.0,588.2070300000005,11.793,3.433,,189
v28,55526859,93324758,2026-08-15T13:56:47.541195100Z,0,55519568,999.6964,966.1928,976.5541,1,first,Alakazam,cc38cb450b86770a,0,0,9,5,1,4,16,29,6,0,0,3,3,3,2,2,2,0,4,4,2,2,0,5,2,2,2,1,70,5,1,600.0,590.2229680000002,9.777,15.151,,144
v28,55526859,93325664,2026-08-15T14:00:46.761883200Z,0,55516202,1011.6595,976.5541,968.7127,0,first,Dragapult,42972e2eccd5e0aa,0,0,12,6,5,1,24,18,3,0,0,5,5,5,6,3,3,0,2,2,1,0,5,0,0,0,0,3,71,3,4,600.0,589.4793729999999,10.521,6.647,,176
v28,55526859,93326585,2026-08-15T14:04:46.590245100Z,0,55417796,1026.9493,975.6638,968.7202,0,first,Mega Lopunny / Froslass,a7ee29914c1dce64,0,0,16,8,2,1,8,10,5,0,0,5,5,5,2,3,3,0,6,6,3,0,12,4,1,2,0,2,138,6,2,600.0,579.0862049999997,20.914,322.566,,238
v28,55526859,93327489,2026-08-15T14:08:46.238040800Z,1,55512740,910.8878,968.7127,975.6638,1,second,Grimmsnarl (mirror),1dc8b2e03614809f,0,0,10,5,1,4,22,26,5,0,0,4,4,4,5,2,2,0,3,3,3,1,8,0,0,0,1,2,96,3,1,600.0,586.6932839999998,13.307,16.806,,155
v29,55530747,93344226,2026-08-15T15:24:47.655581200Z,1,54027809,681.8887,600.0,514.195,0,first,Mega Lucario,d05bff224d40b9c6,0,0,12,6,1,1,14,3,4,0,0,7,7,7,2,4,4,0,2,2,2,1,6,7,2,1,0,3,102,6,4,600.0,583.611935,16.388,6.36,,186
v29,55530747,93345146,2026-08-15T15:28:46.599035700Z,1,54712878,624.7927,514.195,642.4057,1,second,other: Cynthia's Garchomp ex,daff2ed17de6145d,0,0,10,5,1,5,20,24,6,0,0,4,4,2,3,2,2,0,4,5,1,1,3,3,2,2,1,2,77,3,0,600.0,587.4340509999995,12.566,3.183,,134
v29,55530747,93346041,2026-08-15T15:32:46.306682600Z,0,55522615,650.7941,642.4057,560.8225,0,first,Ogerpon,1be0cbdbcbc3e6e8,0,1,10,5,2,1,26,15,4,0,0,3,3,3,4,2,2,0,2,2,2,1,7,3,1,1,0,1,86,5,3,600.0,589.7631220000005,10.237,2.129,,172
v29,55530747,93346968,2026-08-15T15:36:49.752783600Z,0,55218271,496.3992,560.8225,619.7901,1,first,Alakazam,73d5cb888910aa62,0,0,9,5,1,4,20,35,6,0,0,5,5,3,6,3,3,0,3,4,2,1,2,4,2,2,0,1,72,5,1,600.0,588.2201219999997,11.78,1.814,,122
v29,55530747,93346993,2026-08-15T15:36:49.847865900Z,0,55530588,489.9828,619.7901,655.9996,1,first,Kangaskhan / Crustle,9b415cc6bbdf6fd5,0,1,15,8,4,6,17,24,6,0,0,5,9,5,2,5,3,1,2,6,1,0,8,2,1,1,1,1,106,2,2,600.0,584.1513430000002,15.849,2.21,,152
v29,55530747,93347873,2026-08-15T15:40:46.450813800Z,1,55323685,601.33,655.9996,701.4746,1,second,Alakazam,29929a763bf01096,0,0,9,4,1,5,19,29,6,0,0,4,4,4,3,2,2,0,3,3,1,1,5,4,1,1,0,2,78,4,1,600.0,588.5725999999999,11.427,3.428,,121
v29,55530747,93348785,2026-08-15T15:44:47.634681400Z,0,54643348,710.751,701.4746,749.7838,1,first,other: Iono’s Bellibolt ex,282504e445a4d4fc,0,0,13,7,1,6,18,7,6,0,0,7,7,3,10,4,4,0,4,6,1,1,6,0,0,0,1,3,88,2,1,600.0,584.6173280000002,15.383,5.425,,233
v29,55530747,93349687,2026-08-15T15:48:46.487908600Z,0,55123583,711.3064,749.7838,785.2231,1,first,Archaludon,ebd4dbb270dce6a2,0,0,11,6,2,3,16,17,6,0,0,3,3,3,2,2,2,0,5,5,3,2,5,2,1,2,0,1,99,7,1,600.0,587.3889669999999,12.611,3.352,,167
v29,55530747,93350574,2026-08-15T15:52:47.632739400Z,1,55522258,816.8541,785.2231,753.3284,0,second,Grimmsnarl (mirror),9714ab5c3996f6cc,1,0,9,4,5,1,26,27,4,0,0,,,,3,,,0,0,0,0,0,6,6,2,2,0,1,81,3,4,600.0,590.1353000000001,9.865,2.076,,162
v29,55530747,93351496,2026-08-15T15:56:49.283188300Z,1,55476590,752.261,753.3284,785.3419,1,second,Alakazam,c692c6b34ff4f57d,0,0,10,5,2,5,19,29,6,0,0,6,6,6,3,3,3,0,3,3,2,0,5,2,1,1,0,5,80,3,2,600.0,586.2835459999995,13.716,2.876,,136
v29,55530747,93352389,2026-08-15T16:00:46.793468800Z,0,54401597,680.7478,785.3419,804.7895,1,first,Mega Lucario,c3c16f0e65487ad6,0,0,9,5,1,2,19,24,6,0,0,3,3,3,2,2,2,0,4,4,2,1,2,0,0,1,1,3,78,3,1,600.0,588.607911,11.392,1.839,,128
v29,55530747,93353287,2026-08-15T16:04:46.685939600Z,1,55262159,809.0233,804.7895,778.4587,0,second,Grimmsnarl (mirror),9714ab5c3996f6cc,1,0,11,5,3,1,21,17,4,0,0,6,6,6,5,3,3,0,3,3,2,1,7,4,1,1,1,2,103,2,2,600.0,587.1288499999999,12.871,3.818,,219
v29,55530747,93354204,2026-08-15T16:08:46.479892800Z,0,55388181,691.8665,778.4587,746.2637,0,first,other: Cynthia's Garchomp ex,daff2ed17de6145d,0,0,14,7,5,1,26,19,1,0,0,5,5,3,2,3,3,0,2,5,1,0,1,0,0,0,0,1,52,3,2,600.0,591.1117229999998,8.888,13.811,,116
v29,55530747,93355133,2026-08-15T16:12:46.356038700Z,0,54831441,765.0546,746.2637,770.0182,1,first,Alakazam,cc38cb450b86770a,0,0,9,5,1,5,24,31,6,0,0,3,3,3,6,2,2,0,4,4,1,1,3,8,2,2,1,1,80,3,1,600.0,587.3965579999999,12.603,1.92,,133
v29,55530747,93356042,2026-08-15T16:16:52.646850400Z,1,53836271,710.6391,770.0182,786.5469,1,second,Mega Lucario,61e946ddc91bef35,0,0,12,6,1,4,23,22,6,0,0,6,6,6,7,3,3,0,3,3,2,0,4,0,0,1,0,2,77,3,2,600.0,589.8381350000002,10.162,1.661,,136
v29,55530747,93356943,2026-08-15T16:20:47.269072600Z,1,55438055,802.8645,786.5469,768.3059,0,second,Grimmsnarl (mirror),9714ab5c3996f6cc,1,0,21,10,2,1,7,9,3,0,0,6,6,6,5,3,3,0,5,5,3,2,9,3,1,2,1,3,138,3,5,600.0,583.0405119999996,16.959,7.529,,312
v29,55530747,93357826,2026-08-15T16:24:46.283855100Z,1,55530798,792.1696,768.3059,752.2697,0,first,Alakazam,999dfe4000bdc14b,0,0,16,8,3,1,14,7,4,0,0,3,7,7,2,4,2,1,2,2,1,1,2,2,1,2,0,2,80,3,6,600.0,588.648446,11.352,3.856,,183
v29,55530747,93357851,2026-08-15T16:24:46.349208200Z,0,55487859,754.6121,752.2697,769.5493,1,first,Mega Lucario,c3c16f0e65487ad6,0,0,11,6,1,2,17,13,6,0,0,3,3,3,4,2,2,0,5,5,3,1,5,0,0,2,0,1,113,4,1,600.0,585.9710989999995,14.029,2.34,,182
v29,55530747,93358765,2026-08-15T16:28:46.647755Z,0,54098614,308.1613,769.5493,770.5622,1,first,other: Dudunsparce ex,bd1b161cccedf43e,0,0,13,7,1,6,24,29,6,0,0,5,5,5,6,3,3,0,4,4,1,0,3,1,1,1,0,0,70,2,2,600.0,590.5717919999996,9.428,1.657,,120
v29,55530747,93359667,2026-08-15T16:32:46.547903Z,0,55397981,785.1478,770.5622,787.3958,1,first,Grimmsnarl (mirror),9714ab5c3996f6cc,1,0,13,7,1,5,19,22,6,0,0,7,7,7,6,4,4,0,4,4,2,1,7,1,1,1,0,2,96,4,3,600.0,588.4438079999995,11.556,1.818,,166
v29,55530747,93360534,2026-08-15T16:36:47.533961500Z,1,55530740,783.8405,804.9098,817.7493,1,second,other: Mega Starmie ex,164ab6937ac04642,0,0,10,5,3,4,15,35,5,0,0,4,6,6,3,3,2,1,3,3,2,2,5,1,0,2,0,2,87,4,2,600.0,587.9605250000001,12.039,34.92,,136
v29,55530747,93360549,2026-08-15T16:36:47.562081600Z,0,55507069,831.1114,787.3958,804.9098,1,first,Grimmsnarl (mirror),9714ab5c3996f6cc,1,0,13,7,2,1,18,11,4,0,0,5,5,5,4,3,3,0,5,5,3,0,11,1,0,1,0,0,130,6,2,600.0,582.4443579999997,17.556,4.966,,255
v29,55530747,93361433,2026-08-15T16:40:46.571824600Z,1,54839535,687.3989,817.7493,797.1838,0,second,Mega Lucario,d05bff224d40b9c6,0,0,9,4,1,1,15,16,4,0,0,4,4,2,3,2,2,0,3,4,3,2,5,4,1,1,0,2,93,5,0,600.0,587.3416420000001,12.658,187.929,,165
v29,55530747,93362376,2026-08-15T16:44:46.536390700Z,0,55530991,752.332,797.1838,782.6958,0,first,Mega Lopunny / Froslass,a7ee29914c1dce64,0,0,14,7,3,1,15,18,4,0,0,3,3,3,2,2,2,0,4,6,2,1,5,0,0,2,0,2,94,4,1,600.0,587.2281959999996,12.772,18.331,,191
v29,55530747,93363286,2026-08-15T16:48:46.635814100Z,0,54682595,710.365,782.6958,792.0204,1,first,Alakazam,a665414222aea434,0,0,9,5,1,3,22,0,6,0,0,3,3,3,4,2,2,0,4,4,2,1,5,2,1,0,0,1,85,4,1,600.0,587.700827,12.299,12.621,,153
v29,55530747,93364157,2026-08-15T16:52:47.782601500Z,1,55530458,883.192,792.0204,783.8413,0,second,other: Cynthia's Garchomp ex,e7490b8426aeeb65,0,0,13,6,6,1,33,20,2,0,0,,,6,3,,,0,0,1,0,0,3,2,1,0,1,0,54,1,5,600.0,590.9095440000003,9.09,2.771,,122
v29,55530747,93364177,2026-08-15T16:52:47.848111600Z,1,55463114,828.0788,783.8413,797.1901,1,second,Grimmsnarl (mirror),9714ab5c3996f6cc,1,0,14,7,1,2,16,13,5,0,0,4,4,4,5,2,2,0,5,5,3,1,9,0,0,1,1,3,118,4,1,600.0,587.7913819999995,12.209,3.475,,233
v29,55530747,93372317,2026-08-15T17:28:46.933583900Z,1,54200120,685.5864,797.1901,781.4582,0,second,Mega Lucario,c3c16f0e65487ad6,0,0,11,5,5,1,29,8,4,0,0,6,6,6,3,3,3,0,1,1,1,1,0,0,0,0,0,1,47,1,4,600.0,592.2262159999998,7.774,1.99,,124
v29,55530747,93379219,2026-08-15T18:00:46.474879800Z,0,55532490,811.0706,781.4582,792.5212,1,first,Grimmsnarl (mirror),9714ab5c3996f6cc,1,0,17,9,2,4,17,13,5,0,0,3,11,11,12,6,2,1,4,4,3,1,12,0,0,1,0,3,134,5,5,600.0,581.8750280000006,18.125,5.438,,246
v29,55530747,93386292,2026-08-15T18:32:49.895763200Z,1,55533371,778.2065,792.5212,801.4132,1,second,Kangaskhan / Crustle,06719550d979d46e,0,1,18,9,1,6,17,11,6,0,0,4,4,4,3,2,2,0,8,8,1,2,8,6,1,2,1,1,107,3,1,600.0,588.1375180000001,11.862,1.545,,169
v29,55530747,93390738,2026-08-15T18:52:46.287735Z,0,55533329,873.5151,793.0417,804.7771,1,first,Dragapult,de9ffdfe3237abe2,0,0,15,8,2,6,19,21,6,0,0,7,7,7,2,4,4,0,5,5,2,1,3,1,0,0,1,2,87,4,3,600.0,591.2107120000001,8.789,24.13,,163
v29,55530747,93390886,2026-08-15T18:52:46.340495600Z,0,55533271,836.1559,801.4132,793.0417,0,first,Ogerpon,97df7a2a423da1d8,0,1,12,6,2,1,19,8,4,0,0,9,9,3,4,5,5,0,2,3,2,0,6,6,1,2,0,1,90,6,3,600.0,588.27519,11.725,6.237,,183
v29,55530747,93392632,2026-08-15T19:00:47.876485500Z,1,55533193,734.8714,804.7771,811.6357,1,second,Alakazam,0a9a8b53aced5568,0,0,10,5,1,3,19,32,6,0,0,4,4,4,3,2,2,0,4,4,2,2,5,1,1,2,0,1,92,3,1,600.0,586.5845180000003,13.415,17.623,,162
v29,55530747,93393346,2026-08-15T19:04:46.224297400Z,1,55534293,862.1949,811.6357,820.1853,1,second,Alakazam,cc38cb450b86770a,0,0,10,5,1,3,21,28,6,0,0,4,4,4,5,2,2,0,2,2,2,2,5,5,1,1,1,3,87,3,2,600.0,588.8893999999998,11.111,29.787,,133
v29,55530747,93412320,2026-08-15T20:28:47.137625Z,0,55516431,960.5356,820.1853,833.8122,1,first,Grimmsnarl (mirror),73b854cc1f4e23a2,0,0,13,7,2,1,12,17,4,0,0,3,5,5,6,3,2,1,4,4,3,1,7,6,1,1,2,2,108,4,2,600.0,584.6326929999994,15.367,12.875,,203
v29,55530747,93424752,2026-08-15T21:24:46.991015300Z,1,54455631,739.1799,833.8122,822.2838,0,second,Mega Lucario,c3c16f0e65487ad6,0,0,9,4,2,2,23,7,3,0,0,6,6,4,3,3,3,0,2,3,2,2,2,1,1,2,0,2,64,4,1,600.0,592.513148,7.487,1.663,,140
v29,55530747,93431615,2026-08-15T21:56:46.626676600Z,1,55536068,811.2181,822.2838,814.2405,0,second,Dragapult,202ee2cec6cbe8b4,0,0,13,6,1,1,21,11,3,0,0,8,8,6,3,4,4,0,3,4,2,1,4,0,0,1,1,1,89,5,2,600.0,588.0011279999998,11.999,52.035,,220
v29,55530747,93438763,2026-08-15T22:28:46.590204800Z,1,55535669,859.9968,814.2405,823.3342,1,second,Grimmsnarl (mirror),9714ab5c3996f6cc,1,0,16,8,1,3,17,24,5,0,0,8,8,8,9,4,4,0,4,4,2,1,8,0,0,2,1,2,103,3,3,600.0,585.9543910000006,14.046,4.144,,192
v29,55530747,93446671,2026-08-15T23:04:46.257845600Z,0,55536971,823.02,823.3342,830.5047,1,first,Alakazam,cc38cb450b86770a,0,0,13,7,1,4,23,35,6,0,0,9,9,3,2,5,5,0,3,6,2,2,6,1,1,2,0,0,85,3,1,600.0,586.1229529999998,13.877,14.634,,145
v29,55530747,93453868,2026-08-15T23:36:47.140756300Z,1,55537271,812.2973,830.5047,837.2264,1,second,Dragapult,202ee2cec6cbe8b4,0,0,14,7,1,5,20,1,5,0,0,8,8,8,3,4,4,0,3,3,2,0,14,0,0,3,0,3,121,3,3,600.0,583.0788310000006,16.921,4.801,,250
v29,55530747,93458564,2026-08-15T23:56:48.332463400Z,0,55536373,914.0781,837.2264,846.6088,1,first,Mega Lucario,05f854e1b3b3ba0f,0,0,13,7,2,2,19,13,5,0,0,5,5,5,2,3,3,0,4,4,2,1,8,0,0,0,0,3,102,4,2,600.0,584.891732,15.108,115.169,,183
v29,55530747,93459223,2026-08-16T00:00:47.231012800Z,0,55538191,764.769,846.6088,839.5027,0,first,Kangaskhan / Crustle,9b415cc6bbdf6fd5,0,1,20,10,6,2,7,29,4,0,0,7,7,7,2,4,4,0,3,4,2,2,2,3,1,0,0,4,95,4,6,600.0,586.8465820000004,13.153,7.29,,149
v29,55530747,93475371,2026-08-16T01:12:45.849711700Z,0,55539169,824.7949,839.5027,845.8266,1,first,Alakazam,cc38cb450b86770a,0,0,15,8,1,1,18,6,5,0,0,5,5,5,6,3,3,0,3,3,3,1,1,4,1,0,1,2,82,6,4,600.0,588.8407839999998,11.159,274.946,,173
v29,55530747,93479819,2026-08-16T01:32:45.767029800Z,1,55539586,810.5061,845.8266,851.5308,1,second,Kangaskhan / Crustle,1eda048ea3581634,0,1,14,7,4,3,10,32,5,0,0,4,,4,3,,2,0,0,3,1,2,9,2,1,2,0,2,109,4,3,600.0,585.1022900000004,14.898,148.361,,159
v29,55530747,93485437,2026-08-16T01:56:52.830066Z,0,55538403,847.5544,851.5308,858.0456,1,first,Dragapult,fe9cca6fbf8cfae8,0,0,15,8,1,2,19,13,4,0,0,5,9,9,6,5,3,1,3,3,1,0,6,3,1,2,1,3,96,3,4,600.0,588.1208480000001,11.879,190.526,,221
v29,55530747,93488648,2026-08-16T02:12:52.359666700Z,0,55540713,908.5051,858.0456,853.4297,0,first,Mega Lucario,05f854e1b3b3ba0f,0,0,14,7,2,1,20,7,5,0,0,7,7,5,2,4,4,0,3,4,1,0,9,2,0,2,0,2,100,4,3,600.0,587.974527,12.025,2.958,,195
v29,55530747,93504904,2026-08-16T03:24:51.488782700Z,0,55540767,869.4277,853.4297,847.5181,0,first,Alakazam,cc38cb450b86770a,0,0,14,7,2,1,20,13,5,0,0,,,,2,,,0,0,0,0,0,9,3,2,1,0,1,109,3,7,600.0,588.1833480000001,11.817,12.922,,182
v22_e,55542305,93507384,2026-08-16T03:36:58.571122300Z,1,54955122,629.0326,600.0,717.5193,1,second,other: Cynthia's Garchomp ex,daff2ed17de6145d,0,0,12,6,1,3,23,19,6,0,0,6,6,2,5,3,3,0,3,5,2,2,8,10,1,0,0,2,92,4,0,600.0,586.4587730000002,13.541,3.166,,166
v22_e,55542305,93508266,2026-08-16T03:40:51.564296Z,0,55538136,725.167,717.5193,814.944,1,first,Grimmsnarl (mirror),9714ab5c3996f6cc,1,0,9,5,2,6,25,20,6,0,0,3,3,3,6,2,2,0,4,4,2,1,6,0,0,1,0,2,89,4,1,600.0,589.1502080000002,10.85,6.985,,159
v22_e,55542305,93509176,2026-08-16T03:44:51.347636600Z,1,55441370,739.4423,814.944,881.5661,1,second,Kangaskhan / Crustle,cacefd555123e6e8,0,1,16,8,1,4,14,22,6,0,0,6,6,2,3,3,3,0,3,8,1,0,7,2,2,0,2,2,105,5,0,600.0,584.7589280000001,15.241,4.855,,167
v22_e,55542305,93510069,2026-08-16T03:48:51.430803400Z,1,54855653,682.086,881.5661,916.7904,1,first,Alakazam,65980f1c1e35b45d,0,0,11,6,1,4,22,28,5,0,0,3,3,3,2,2,2,0,5,5,2,1,0,5,1,1,0,2,66,5,1,600.0,590.3752590000004,9.625,6.42,,143
v22_e,55542305,93510958,2026-08-16T03:52:51.423384200Z,1,55530319,940.5151,916.7904,858.3947,0,second,Grimmsnarl (mirror),9714ab5c3996f6cc,1,0,11,5,1,2,19,19,5,0,0,6,6,6,5,3,3,0,3,3,2,0,6,1,0,1,0,4,98,7,2,600.0,584.9157759999998,15.084,5.788,,206
v22_e,55542305,93511860,2026-08-16T03:56:51.897574700Z,0,54069042,507.9767,858.3947,869.1904,1,first,Mega Lucario,5b59db5b2610a498,0,0,11,6,2,3,23,28,6,0,0,5,5,3,2,3,3,0,4,5,2,3,5,5,2,1,0,1,78,6,1,600.0,588.0540290000001,11.946,3.882,,129
v22_e,55542305,93512757,2026-08-16T04:00:51.359516400Z,1,55540844,879.033,914.7886,952.2694,1,second,Grimmsnarl (mirror),9714ab5c3996f6cc,1,0,16,8,1,1,15,18,5,0,0,4,6,6,5,3,2,1,6,6,3,1,7,0,0,2,0,4,119,4,2,600.0,583.2742779999992,16.726,311.934,,246
v22_e,55542305,93513638,2026-08-16T04:04:51.498247800Z,1,55492478,843.2587,869.1904,914.7886,1,second,Grimmsnarl (mirror),9714ab5c3996f6cc,1,0,10,5,2,6,25,20,6,0,0,4,4,4,5,2,2,0,4,4,3,1,9,0,0,0,0,3,102,4,1,600.0,588.3186109999998,11.681,2.738,,175
v22_e,55542305,93514531,2026-08-16T04:08:51.270020100Z,0,55532084,997.8475,952.2694,920.0177,0,first,other: Conkeldurr,d9f935d23302a6f4,0,0,10,5,6,1,33,27,2,0,0,,,3,4,,,0,0,1,0,1,2,2,1,0,1,1,48,2,4,600.0,591.2571159999999,8.743,2.739,,109
v22_e,55542305,93515432,2026-08-16T04:12:51.440424600Z,1,55542671,953.0652,920.0177,893.4176,0,second,other: Hydrapple ex,f39b7a1dd837f526,0,0,13,6,3,1,18,17,4,0,0,8,8,4,5,4,4,0,2,3,2,1,2,1,1,1,0,3,74,2,3,600.0,591.299745,8.7,16.12,,160
v22_e,55542305,93516324,2026-08-16T04:16:52.734629900Z,0,55531043,914.7591,893.4176,926.8204,1,first,Dragapult,42972e2eccd5e0aa,0,0,5,3,5,6,24,43,6,0,0,5,5,5,2,3,3,0,1,1,1,0,2,2,1,0,0,2,49,3,2,600.0,590.271842,9.728,11.391,,66
v22_e,55542305,93517224,2026-08-16T04:20:51.235073700Z,1,55507175,952.5933,926.8204,901.0974,0,second,Mega Lopunny / Froslass,a7ee29914c1dce64,0,0,15,7,5,1,21,7,4,0,0,6,6,6,3,3,3,0,2,2,1,0,4,0,0,1,1,2,83,2,5,600.0,587.6508979999996,12.349,19.339,,185
v22_e,55542305,93518125,2026-08-16T04:24:51.225462800Z,1,55527675,889.4714,901.0974,874.4169,0,second,Grimmsnarl (mirror),9714ab5c3996f6cc,1,0,13,6,1,1,22,18,2,0,0,4,4,4,3,2,2,0,5,5,3,1,5,0,0,1,2,2,95,5,1,600.0,585.8806129999997,14.119,13.667,,224
v22_e,55542305,93519032,2026-08-16T04:28:51.451190100Z,0,55506775,862.4602,874.4169,897.0238,1,first,Grimmsnarl (mirror),9714ab5c3996f6cc,1,0,11,6,1,2,17,20,6,0,0,3,3,3,4,2,2,0,5,5,3,1,10,2,1,0,0,2,122,4,1,600.0,581.6805980000001,18.319,5.468,,221
v22_e,55542305,93519916,2026-08-16T04:32:51.325926300Z,1,55521976,911.9873,897.0238,876.3508,0,second,other: Team Rocket's Mewtwo ex,27f3980c09f1850d,0,0,11,5,3,1,23,23,4,0,0,6,6,6,5,3,3,0,2,2,2,1,4,4,2,0,0,1,83,3,3,600.0,590.4167719999998,9.583,29.395,,157
v22_e,55542305,93520826,2026-08-16T04:36:51.928808Z,1,55443555,907.4042,876.3508,898.8705,1,second,Grimmsnarl (mirror),9714ab5c3996f6cc,1,0,12,6,1,6,23,21,5,0,0,6,6,4,,3,3,0,4,5,1,0,5,0,0,1,0,3,82,2,1,600.0,586.3834679999994,13.617,6.215,,161
v22_e,55542305,93521776,2026-08-16T04:40:53.391806900Z,1,54333649,434.9331,880.9914,882.2934,1,second,Grimmsnarl (mirror),21c3f20980827cb2,0,0,22,11,1,4,18,5,6,0,0,4,4,4,5,2,2,0,5,5,3,2,9,1,0,0,1,3,130,4,5,600.0,582.7837299999998,17.216,272.336,,271
v22_e,55542305,93522633,2026-08-16T04:44:53.134127400Z,1,55541311,910.7691,898.8705,880.9914,0,second,Alakazam,b1f287b8d98881f8,0,0,11,5,4,1,30,12,3,0,0,4,4,4,3,2,2,0,1,2,1,1,4,1,1,0,0,1,59,2,3,600.0,589.5478380000003,10.452,12.022,,125
v22_e,55542305,93523546,2026-08-16T04:48:52.179831300Z,0,55444628,899.3122,882.2934,900.8647,1,first,Alakazam,cc38cb450b86770a,0,0,12,6,1,3,13,17,6,0,0,5,5,5,6,3,3,0,4,4,2,1,2,4,1,2,0,4,92,2,2,600.0,590.740601,9.259,2.188,,166
v22_e,55542305,93524441,2026-08-16T04:52:52.876660100Z,1,55522357,880.8465,889.8893,874.4853,0,first,other: Ethan's Typhlosion,055cb642589a14a0,0,0,22,11,1,1,12,15,4,0,0,5,5,5,8,3,3,0,2,3,2,0,13,5,2,2,3,3,154,3,8,600.0,581.7942250000001,18.206,475.154,,244
v22_e,55542305,93525314,2026-08-16T04:56:52.762403200Z,1,55541991,861.1792,900.8647,882.4375,0,second,Grimmsnarl (mirror),9714ab5c3996f6cc,1,0,13,6,1,1,14,28,3,0,0,4,4,4,5,2,2,0,5,5,2,1,9,0,0,2,1,1,117,5,1,600.0,583.7585449999998,16.241,16.645,,238
v22_e,55542305,93526216,2026-08-16T05:00:51.570754600Z,1,55086291,710.563,882.4375,889.8893,1,first,Archaludon,0bef8b29715ae7d8,0,0,13,7,1,5,18,31,6,0,0,5,5,5,2,3,3,0,4,4,3,1,9,0,0,1,0,3,114,4,2,600.0,587.0468499999998,12.953,1.211,,160
v22_e,55542305,93527120,2026-08-16T05:04:51.456531900Z,1,55157257,484.5916,874.4853,876.1122,1,second,Mega Lopunny / Froslass,6fa64c0e3b2eb67c,0,0,12,6,2,4,18,14,6,0,0,4,6,6,7,3,2,1,4,4,2,1,6,7,1,2,1,1,95,4,2,600.0,585.6813789999997,14.319,2.961,,184
v22_e,55542305,93528014,2026-08-16T05:08:51.435482300Z,1,55382976,921.1937,876.1122,864.2788,0,second,Grimmsnarl (mirror),9714ab5c3996f6cc,1,0,13,6,3,1,16,19,3,0,0,4,4,4,5,2,2,0,4,4,3,1,7,1,0,2,1,3,112,3,2,600.0,583.1898230000007,16.81,20.41,,231
v22_e,55542305,93528917,2026-08-16T05:12:51.326114100Z,1,54987293,800.1435,864.2788,874.7527,1,first,Archaludon,ebd4dbb270dce6a2,0,0,7,4,4,4,22,31,6,0,0,3,3,3,4,2,2,0,3,3,2,1,2,0,0,2,0,1,60,4,1,600.0,590.9461829999996,9.054,1.867,,97
