decision_id,episode_id,exact_top1,semantic_top1,top3,top5,mrr,log_loss,confidence,low_confidence,selected_action_type,predicted_action_type,teacher_weight,unique_legal,high_importance,opponent,go_first,outcome,rank,predicted_candidate_index,selected_candidate_indices
85995091:1:11,85995091,True,True,True,True,1.0,0.9723184942170789,0.37820515434921614,True,card,card,0.69,False,False,Alakazam,False,loss,1,4,[4]
85995091:1:114,85995091,True,True,True,True,1.0,0.9825543953668542,0.37435362931785365,True,card,card,0.57,False,False,Alakazam,False,loss,1,4,[4]
85995091:1:115,85995091,True,True,True,True,1.0,0.6703625049199539,0.5115231145272152,True,evolve,evolve,0.7124999999999999,False,True,Alakazam,False,loss,1,0,[0]
85995091:1:116,85995091,True,True,True,True,1.0,0.051022751806742664,0.9502570502217148,False,ability,ability,0.69,False,False,Alakazam,False,loss,1,3,[3]
85995091:1:117,85995091,True,True,True,True,1.0,0.9576612926981057,0.3837894083064154,True,evolve,evolve,0.7124999999999999,False,True,Alakazam,False,loss,1,1,[1]
85995091:1:118,85995091,True,True,True,True,1.0,0.07078388303084969,0.931663218602848,False,yes,yes,0.8280000000000001,False,False,Alakazam,False,loss,1,0,[0]
85995091:1:119,85995091,True,True,True,True,1.0,1.4326536530153509,0.23867472124749864,True,card,card,0.8280000000000001,False,False,Alakazam,False,loss,1,1,[1]
85995091:1:12,85995091,True,True,True,True,1.0,1.5879167015587707,0.4735692798432333,True,card,card,0.69,False,False,Alakazam,False,loss,1,0,"[0, 5]"
85995091:1:120,85995091,True,True,True,True,1.0,-0.0,1.0,False,card,card,0.20700000000000002,True,False,Alakazam,False,loss,1,0,[0]
85995091:1:121,85995091,True,True,True,True,1.0,0.9488880645992107,0.38717129366142305,True,attack,attack,1.0350000000000001,False,True,Alakazam,False,loss,1,3,[3]
85995091:1:122,85995091,True,True,True,True,1.0,0.24475561551155797,0.7828958424649879,False,card,card,0.8280000000000001,False,False,Alakazam,False,loss,1,0,[0]
85995091:1:13,85995091,True,True,True,True,1.0,1.1484486158630036,0.31712837587691933,True,energy,energy,0.75,False,True,Alakazam,False,loss,1,4,[4]
85995091:1:132,85995091,True,True,True,True,1.0,1.0559010738425854,0.34787882152996547,True,card,card,0.69,False,False,Alakazam,False,loss,1,3,[3]
85995091:1:133,85995091,False,False,True,True,0.3333333333333333,2.024156215207898,0.33641773136618547,True,card,attack,0.5549999999999999,False,False,Alakazam,False,loss,1,5,[1]
85995091:1:134,85995091,True,True,True,True,1.0,-0.0,1.0,False,card,card,0.1725,True,False,Alakazam,False,loss,1,0,[0]
85995091:1:135,85995091,True,True,True,True,1.0,0.7851203126537565,0.45606482811495147,True,evolve,evolve,0.69375,False,True,Alakazam,False,loss,1,4,[4]
85995091:1:136,85995091,True,True,True,True,1.0,0.03826915733120677,0.962453854514374,False,ability,ability,0.5549999999999999,False,False,Alakazam,False,loss,1,4,[4]
85995091:1:137,85995091,False,False,True,True,0.3333333333333333,2.181456123872838,0.2570856290534895,True,card,attack,0.69,False,False,Alakazam,False,loss,1,7,[0]
85995091:1:138,85995091,True,True,True,True,1.0,1.6468495288124092,0.28259153433702694,True,card,card,0.6552,False,False,Alakazam,False,loss,1,4,"[0, 1, 2, 3, 4]"
85995091:1:139,85995091,False,False,True,True,0.5,2.019092194072932,0.2819028240224943,True,card,attack,0.8280000000000001,False,False,Alakazam,False,loss,1,6,[2]
85995091:1:14,85995091,True,True,True,True,1.0,0.7733536057903585,0.6924889259007571,False,card,card,0.69,False,False,Alakazam,False,loss,1,0,"[0, 1]"
85995091:1:140,85995091,True,True,True,True,1.0,0.7401697540572914,0.6497984757620965,True,card,card,0.8280000000000001,False,False,Alakazam,False,loss,1,0,"[0, 1]"
85995091:1:141,85995091,True,True,True,True,1.0,0.9133402051067934,0.4011819535422582,True,attack,attack,0.8325,False,True,Alakazam,False,loss,1,5,[5]
85995091:1:142,85995091,True,True,True,True,1.0,0.20421719959854534,0.8152852723212395,False,card,card,0.8280000000000001,False,False,Alakazam,False,loss,1,0,[0]
85995091:1:147,85995091,True,True,True,True,1.0,2.3131088077782267,0.2488292753426745,True,hammer,card,0.8550000000000001,False,True,Alakazam,False,loss,1,2,"[0, 1, 2, 3, 7, 8]"
85995091:1:15,85995091,True,True,True,True,1.0,0.682478161521817,0.5053630679841128,True,card,card,0.69,False,False,Alakazam,False,loss,1,0,[0]
85995091:1:150,85995091,True,True,True,True,1.0,0.6758636702419833,0.5087168672004773,True,card,card,0.69,False,False,Alakazam,False,loss,1,0,[0]
85995091:1:151,85995091,True,True,True,True,1.0,0.8063374666916052,0.44649036105042456,True,evolve,evolve,0.75,False,True,Alakazam,False,loss,1,3,[3]
85995091:1:152,85995091,True,True,True,True,1.0,0.01728401878647221,0.9828644930083821,False,ability,ability,0.6,False,False,Alakazam,False,loss,1,3,[3]
85995091:1:153,85995091,False,False,True,True,0.5,1.7176901269882212,0.18298324961133405,True,card,card,0.6,False,False,Alakazam,False,loss,1,5,[2]
85995091:1:154,85995091,True,True,True,True,1.0,1.6249001107419279,0.555821813275195,True,card,card,0.63,False,False,Alakazam,False,loss,1,0,"[0, 2, 5]"
85995091:1:155,85995091,False,False,True,True,0.3333333333333333,1.4983795789659584,0.2917918587141084,True,evolve,energy,0.75,False,True,Alakazam,False,loss,1,7,[6]
85995091:1:156,85995091,True,True,True,True,1.0,0.08545212325778731,0.9180970975000159,False,yes,yes,0.69,False,False,Alakazam,False,loss,1,0,[0]
85995091:1:157,85995091,True,True,True,True,1.0,1.2991584619103418,0.272761235447218,True,evolve,evolve,0.69375,False,True,Alakazam,False,loss,1,11,[11]
85995091:1:158,85995091,True,True,True,True,1.0,0.06358155934524325,0.9383975810872118,False,ability,ability,0.5549999999999999,False,False,Alakazam,False,loss,1,11,[11]
85995091:1:159,85995091,True,True,True,True,1.0,1.2824004835356093,0.2773706769206863,True,card,card,0.6,False,False,Alakazam,False,loss,1,10,[10]
85995091:1:16,85995091,False,False,True,True,0.3333333333333333,1.6462296402599386,0.21245138176463232,True,card,card,0.6,False,False,Alakazam,False,loss,1,0,[1]
85995091:1:160,85995091,True,True,True,True,1.0,1.1983781338144215,0.30168310497218825,True,ability,ability,0.5549999999999999,False,False,Alakazam,False,loss,1,12,[12]
85995091:1:161,85995091,False,True,True,True,1.0,1.4329666517978439,0.24252580111534455,True,energy,energy,0.9000000000000001,False,True,Alakazam,False,loss,1,6,[2]
85995091:1:162,85995091,False,False,True,True,0.5,1.6755913973687935,0.39385580840765805,True,card,attack,0.7200000000000001,False,False,Alakazam,False,loss,1,5,[3]
85995091:1:163,85995091,False,False,True,True,0.5,1.4473277739409969,0.4486603935999705,True,card,attack,0.7200000000000001,False,False,Alakazam,False,loss,1,4,[3]
85995091:1:164,85995091,True,True,True,True,1.0,0.2038830123270897,0.8155577758129176,False,attack,attack,0.8325,False,True,Alakazam,False,loss,1,1,[1]
85995091:1:165,85995091,True,True,True,True,1.0,0.19496473162203284,0.8228636786114941,False,card,card,0.8280000000000001,False,False,Alakazam,False,loss,1,0,[0]
85995091:1:17,85995091,False,False,True,True,0.3333333333333333,1.5579957826745348,0.28322494933176157,True,card,card,0.6,False,False,Alakazam,False,loss,1,0,[1]
85995091:1:18,85995091,True,True,True,True,1.0,0.4383557228765693,0.6450962665380151,True,end,end,0.6,False,False,Alakazam,False,loss,1,1,[1]
85995091:1:3,85995091,True,True,True,True,1.0,-0.0,1.0,False,card,card,0.14637096774193548,True,False,Alakazam,False,loss,1,0,[0]
85995091:1:42,85995091,True,True,True,True,1.0,0.42062790448213416,0.6566343866697838,False,card,card,0.69,False,False,Alakazam,False,loss,1,0,[0]
85995091:1:43,85995091,True,True,True,True,1.0,1.6522601728437631,0.19161633279536794,True,evolve,evolve,0.69375,False,True,Alakazam,False,loss,1,3,[3]
85995091:1:44,85995091,True,True,True,True,1.0,0.07931791711462416,0.9237462030305159,False,yes,yes,0.69,False,False,Alakazam,False,loss,1,0,[0]
85995091:1:45,85995091,True,True,True,True,1.0,1.3393832782821866,0.26200720429702723,True,evolve,evolve,0.8624999999999999,False,True,Alakazam,False,loss,1,3,[3]
85995091:1:46,85995091,True,True,True,True,1.0,0.0780520315623402,0.9249163004513659,False,yes,yes,0.69,False,False,Alakazam,False,loss,1,0,[0]
85995091:1:47,85995091,True,True,True,True,1.0,1.2582488454181187,0.2841511837204709,True,card,card,0.57,False,False,Alakazam,False,loss,1,7,[7]
85995091:1:48,85995091,True,True,True,True,1.0,0.9973171859488142,0.3688677183946102,True,hammer,hammer,0.75,False,True,Alakazam,False,loss,1,8,[8]
85995091:1:49,85995091,True,True,True,True,1.0,-0.0,1.0,False,card,card,0.1725,True,False,Alakazam,False,loss,1,0,[0]
85995091:1:50,85995091,True,True,True,True,1.0,1.6760105350689047,0.18711899360347958,True,card,card,0.6,False,False,Alakazam,False,loss,1,7,[7]
85995091:1:51,85995091,False,True,True,True,1.0,1.496283699628723,0.3231265974962071,True,card,card,0.69,False,False,Alakazam,False,loss,1,1,[3]
85995091:1:52,85995091,True,True,True,True,1.0,0.962208851440182,0.3820480658570492,True,evolve,evolve,0.75,False,True,Alakazam,False,loss,1,9,[9]
85995091:1:53,85995091,True,True,True,True,1.0,0.08294022946412455,0.9204061587454054,False,yes,yes,0.69,False,False,Alakazam,False,loss,1,0,[0]
85995091:1:54,85995091,False,False,True,True,0.3333333333333333,2.527200448092649,0.14046253757341473,True,energy,boss,0.8550000000000001,False,True,Alakazam,False,loss,1,7,[3]
85995091:1:55,85995091,True,True,True,True,1.0,1.0108589070024754,0.363906283647118,True,xerosic,xerosic,0.8550000000000001,False,True,Alakazam,False,loss,1,1,[1]
85995091:1:57,85995091,True,True,True,True,1.0,0.7103345817470639,0.4914797298019174,True,attack,attack,0.8550000000000001,False,True,Alakazam,False,loss,1,1,[1]
85995091:1:58,85995091,False,False,False,True,0.25,2.2043498400739447,0.5453472555259282,True,card,card,0.8280000000000001,False,False,Alakazam,False,loss,1,0,[3]
85995091:1:73,85995091,True,True,True,True,1.0,0.4784740791815285,0.6197283270306362,True,card,card,0.69,False,False,Alakazam,False,loss,1,0,[0]
85995091:1:74,85995091,True,True,True,True,1.0,0.8033608616150633,0.44782136648177095,True,evolve,evolve,0.8624999999999999,False,True,Alakazam,False,loss,1,2,[2]
85995091:1:75,85995091,True,True,True,True,1.0,0.06657873559847977,0.9355892487768244,False,yes,yes,0.69,False,False,Alakazam,False,loss,1,0,[0]
85995091:1:76,85995091,False,False,False,False,0.08333333333333333,3.3147417088069244,0.18069157431674251,True,energy,boss,0.8624999999999999,False,True,Alakazam,False,loss,1,1,[7]
85995091:1:77,85995091,True,True,True,True,1.0,1.7912107827321815,0.1667581395086406,True,card,card,0.69,False,False,Alakazam,False,loss,1,2,[2]
85995091:1:78,85995091,True,True,True,True,1.0,-0.0,1.0,False,evolve,evolve,0.1725,True,False,Alakazam,False,loss,1,0,[0]
85995091:1:79,85995091,True,True,True,True,1.0,0.07159628669934096,0.930906639351748,False,yes,yes,0.69,False,False,Alakazam,False,loss,1,0,[0]
85995091:1:80,85995091,False,False,False,True,0.2,2.3000133253542674,0.1729857957078317,True,card,boss,0.684,False,False,Alakazam,False,loss,1,1,[3]
85995091:1:81,85995091,True,True,True,True,1.0,-0.0,1.0,False,card,card,0.20700000000000002,True,False,Alakazam,False,loss,1,0,[0]
85995091:1:82,85995091,True,True,True,True,1.0,1.365647480846077,0.25521537541217054,True,card,card,0.684,False,False,Alakazam,False,loss,1,6,[6]
85995091:1:83,85995091,False,False,True,True,0.3333333333333333,2.040884256380807,0.21345391110951095,True,attack,boss,0.8550000000000001,False,True,Alakazam,False,loss,1,1,[6]
85995091:1:84,85995091,True,True,True,True,1.0,0.2807300549360807,0.7552321791645504,False,card,card,0.8280000000000001,False,False,Alakazam,False,loss,1,0,[0]
85995091:1:87,85995091,True,True,True,True,1.0,2.6250682482180947,0.19045469848658225,True,card,card,0.6824999999999999,False,True,Alakazam,False,loss,1,1,"[0, 1, 3, 4, 5, 6, 8, 9, 11, 12]"
85995612:1:100,85995612,True,True,True,True,1.0,0.6055250329152231,0.5457877948437101,True,card,card,1.15,False,False,deck_21c3f20980,False,win,1,0,[0]
85995612:1:101,85995612,True,True,True,True,1.0,0.6105495974505035,0.5430523268686599,True,card,card,1.15,False,False,deck_21c3f20980,False,win,1,0,[0]
85995612:1:102,85995612,True,True,True,True,1.0,0.2795944989356792,0.7560902747128628,False,attack,attack,1.25,False,True,deck_21c3f20980,False,win,1,1,[1]
85995612:1:12,85995612,True,True,True,True,1.0,1.4159639094659606,0.24269156796786354,True,card,card,1.15,False,False,deck_21c3f20980,False,win,1,0,[0]
85995612:1:124,85995612,True,True,True,True,1.0,0.7313293764742663,0.48126877725226597,True,card,card,1.15,False,False,deck_21c3f20980,False,win,1,1,[1]
85995612:1:125,85995612,False,False,True,True,0.5,1.635273473759747,0.35430180692178664,True,ability,evolve,1.15,False,False,deck_21c3f20980,False,win,1,1,[15]
85995612:1:126,85995612,True,True,True,True,1.0,0.853067500208162,0.4261058453941354,True,evolve,evolve,1.4375,False,True,deck_21c3f20980,False,win,1,1,[1]
85995612:1:127,85995612,True,True,True,True,1.0,0.09368631640867985,0.910568347796153,False,yes,yes,1.15,False,False,deck_21c3f20980,False,win,1,0,[0]
85995612:1:128,85995612,True,True,True,True,1.0,1.1841544463325617,0.30600481363120235,True,evolve,evolve,1.25,False,True,deck_21c3f20980,False,win,1,7,[7]
85995612:1:129,85995612,True,True,True,True,1.0,0.06945098429402133,0.9329058593032081,False,ability,ability,1.0,False,False,deck_21c3f20980,False,win,1,16,[16]
85995612:1:13,85995612,False,False,True,True,0.5,1.7673534219625822,0.4339852829754976,True,card,card,1.15,False,False,deck_21c3f20980,False,win,1,0,[2]
85995612:1:130,85995612,True,True,True,True,1.0,1.125603649181047,0.3244565503008388,True,evolve,evolve,1.1375,False,True,deck_21c3f20980,False,win,1,18,[18]
85995612:1:131,85995612,True,True,True,True,1.0,0.08863247527066213,0.9151818637399566,False,ability,ability,1.0,False,False,deck_21c3f20980,False,win,1,18,[18]
85995612:1:132,85995612,True,True,True,True,1.0,1.286068856635372,0.276355041794043,True,energy,energy,1.1375,False,True,deck_21c3f20980,False,win,1,2,[2]
85995612:1:133,85995612,False,False,True,True,0.3333333333333333,2.1919142686913067,0.1666026885195879,True,ability,xerosic,0.9099999999999999,False,False,deck_21c3f20980,False,win,1,0,[10]
85995612:1:134,85995612,False,False,True,True,0.3333333333333333,2.2153766699352997,0.18755285116590314,True,card,xerosic,0.9099999999999999,False,False,deck_21c3f20980,False,win,1,0,[2]
85995612:1:135,85995612,True,True,True,True,1.0,1.084488872831701,0.5215065719237788,True,card,card,1.3800000000000001,False,False,deck_21c3f20980,False,win,1,0,"[0, 2]"
85995612:1:136,85995612,True,True,True,True,1.0,1.1726432710197332,0.3095476406180133,True,xerosic,xerosic,1.365,False,True,deck_21c3f20980,False,win,1,0,[0]
85995612:1:138,85995612,True,True,True,True,1.0,0.5162597002658283,0.5967483968317085,True,attack,attack,1.5000000000000002,False,True,deck_21c3f20980,False,win,1,3,[3]
85995612:1:139,85995612,True,True,True,True,1.0,1.7661086018671432,0.7494893601782252,False,card,card,1.3800000000000001,False,False,deck_21c3f20980,False,win,1,0,"[0, 4]"
85995612:1:14,85995612,True,True,True,True,1.0,0.8838968659877373,0.4131697035301988,True,card,card,1.15,False,False,deck_21c3f20980,False,win,1,2,[2]
85995612:1:15,85995612,True,True,True,True,1.0,1.1193972524917128,0.32647651823763135,True,energy,energy,1.4375,False,True,deck_21c3f20980,False,win,1,5,[5]
85995612:1:158,85995612,True,True,True,True,1.0,0.7351007955416523,0.4794571293981753,True,card,card,1.15,False,False,deck_21c3f20980,False,win,1,2,[2]
85995612:1:159,85995612,False,False,True,True,0.3333333333333333,1.8854272379816288,0.19926208033877135,True,card,evolve,0.95,False,False,deck_21c3f20980,False,win,1,13,[16]
85995612:1:16,85995612,False,False,True,True,0.5,1.7055566663791373,0.5403940168198634,True,card,card,1.0,False,False,deck_21c3f20980,False,win,1,1,[2]
85995612:1:160,85995612,False,False,True,True,0.5,1.7173171889703753,0.20836261594340932,True,ability,evolve,0.95,False,False,deck_21c3f20980,False,win,1,15,[19]
85995612:1:161,85995612,False,False,False,False,0.16666666666666666,3.3891790633010057,0.178162661858117,True,card,evolve,1.15,False,False,deck_21c3f20980,False,win,1,15,[18]
85995612:1:162,85995612,True,True,True,True,1.0,2.0876513702404678,0.2849378373520696,True,card,card,1.03,False,False,deck_21c3f20980,False,win,1,0,"[0, 1, 3, 5, 8]"
85995612:1:163,85995612,True,True,True,True,1.0,1.7034086086397813,0.18206188747408864,True,evolve,evolve,1.2125,False,True,deck_21c3f20980,False,win,1,15,[15]
85995612:1:164,85995612,True,True,True,True,1.0,0.2199745761765317,0.8025392013180924,False,ability,ability,1.15,False,False,deck_21c3f20980,False,win,1,19,[19]
85995612:1:165,85995612,False,False,True,True,0.5,1.2448290140407992,0.5047749197274985,True,card,card,1.0,False,False,deck_21c3f20980,False,win,1,2,[1]
85995612:1:166,85995612,False,False,True,True,0.5,1.7550567909415877,0.219426870789126,True,card,evolve,0.97,False,False,deck_21c3f20980,False,win,1,15,[17]
85995612:1:167,85995612,False,False,True,True,0.5,1.513731178948011,0.22264216095104525,True,card,evolve,0.97,False,False,deck_21c3f20980,False,win,1,17,[19]
85995612:1:168,85995612,False,False,True,True,0.5,2.3359403558268994,0.26291564654936606,True,ability,evolve,0.97,False,False,deck_21c3f20980,False,win,1,19,[26]
85995612:1:169,85995612,False,False,False,False,0.16666666666666666,3.133907440546195,0.2923877724203874,True,card,evolve,0.97,False,False,deck_21c3f20980,False,win,1,19,[11]
85995612:1:17,85995612,False,False,True,True,0.5,2.8825324837930815,0.19459950765374012,True,card,card,1.15,False,False,deck_21c3f20980,False,win,1,1,[11]
85995612:1:170,85995612,True,True,True,True,1.0,1.1687124694398634,0.31076680555072494,True,evolve,evolve,1.1875,False,True,deck_21c3f20980,False,win,1,18,[18]
85995612:1:171,85995612,True,True,True,True,1.0,0.10672199138649562,0.8987755055930503,False,ability,ability,1.15,False,False,deck_21c3f20980,False,win,1,24,[24]
85995612:1:172,85995612,False,True,True,True,1.0,1.5452585681476376,0.38710957733734763,True,card,card,1.0,False,False,deck_21c3f20980,False,win,1,1,[3]
85995612:1:173,85995612,True,True,True,True,1.0,1.696745103931739,0.1832791086941446,True,card,card,0.95,False,False,deck_21c3f20980,False,win,1,22,[22]
85995612:1:174,85995612,False,False,True,True,0.5,2.5044894006200833,0.0850103923697629,True,card,card,0.95,False,False,deck_21c3f20980,False,win,1,7,[24]
85995612:1:175,85995612,True,True,True,True,1.0,1.3127439498001376,0.2690806985392046,True,card,card,1.15,False,False,deck_21c3f20980,False,win,1,2,[2]
85995612:1:176,85995612,False,False,False,True,0.25,2.7483893944760305,0.0820441164437951,True,energy,card,1.1875,False,True,deck_21c3f20980,False,win,1,7,[24]
85995612:1:177,85995612,False,False,True,True,0.3333333333333333,2.3049836130878694,0.17558131727987009,True,boss,attack,1.4375,False,True,deck_21c3f20980,False,win,1,9,[3]
85995612:1:178,85995612,False,False,False,True,0.2,1.9511894636085965,0.25361245008076017,True,card,card,1.3800000000000001,False,False,deck_21c3f20980,False,win,1,0,[4]
85995612:1:179,85995612,False,False,True,True,0.5,1.476107690088852,0.4032734733927582,True,card,attack,1.3800000000000001,False,False,deck_21c3f20980,False,win,1,2,[1]
85995612:1:18,85995612,True,True,True,True,1.0,0.8086284840045903,0.4454686147692952,True,card,card,1.0,False,False,deck_21c3f20980,False,win,1,3,[3]
85995612:1:180,85995612,True,True,True,True,1.0,0.27348227131863,0.7607258229020386,False,card,card,1.3800000000000001,False,False,deck_21c3f20980,False,win,1,0,[0]
85995612:1:181,85995612,True,True,True,True,1.0,0.6592872856735947,0.5172198331439489,True,attack,attack,1.725,False,True,deck_21c3f20980,False,win,1,1,[1]
85995612:1:182,85995612,False,False,False,True,0.2,2.003446233954409,0.2636020074794055,True,card,card,1.3800000000000001,False,False,deck_21c3f20980,False,win,1,0,[3]
85995612:1:19,85995612,True,True,True,True,1.0,0.5053994256768893,0.6032645679395627,True,card,card,0.9249999999999999,False,False,deck_21c3f20980,False,win,1,1,[1]
85995612:1:196,85995612,True,True,True,True,1.0,0.8899933591386022,0.4106584798693369,True,card,card,1.15,False,False,deck_21c3f20980,False,win,1,3,[3]
85995612:1:197,85995612,True,True,True,True,1.0,2.0892031552736277,0.12378573453806913,True,card,card,1.15,False,False,deck_21c3f20980,False,win,1,5,[5]
85995612:1:198,85995612,True,True,True,True,1.0,0.5238805344594996,0.592217961020385,True,evolve,evolve,1.4375,False,True,deck_21c3f20980,False,win,1,0,[0]
85995612:1:199,85995612,True,True,True,True,1.0,0.06984996157953703,0.9325337252972659,False,yes,yes,1.15,False,False,deck_21c3f20980,False,win,1,0,[0]
85995612:1:2,85995612,True,True,True,True,1.0,-0.0,1.0,False,card,card,0.2491412213740458,True,False,deck_21c3f20980,False,win,1,0,[0]
85995612:1:20,85995612,True,True,True,True,1.0,0.6902805263429087,0.5014353834996362,True,card,card,0.9249999999999999,False,False,deck_21c3f20980,False,win,1,1,[1]
85995612:1:200,85995612,True,True,True,True,1.0,1.6756339772752515,0.18718946798686795,True,evolve,evolve,1.4375,False,True,deck_21c3f20980,False,win,1,0,[0]
85995612:1:201,85995612,True,True,True,True,1.0,0.08087255952610062,0.9223112237346991,False,yes,yes,1.15,False,False,deck_21c3f20980,False,win,1,0,[0]
85995612:1:202,85995612,True,True,True,True,1.0,1.5948062236502119,0.20294785118631817,True,evolve,evolve,1.4375,False,True,deck_21c3f20980,False,win,1,16,[16]
85995612:1:203,85995612,False,False,True,True,0.5,2.495292659538335,0.917527688449084,False,no,yes,1.15,False,False,deck_21c3f20980,False,win,1,0,[1]
85995612:1:204,85995612,False,False,False,False,0.16666666666666666,2.844763658504594,0.19162623598405149,True,card,attack,1.15,False,False,deck_21c3f20980,False,win,1,28,[7]
85995612:1:205,85995612,True,True,True,True,1.0,0.23841488207652745,0.7878757477507211,False,evolve,evolve,1.4375,False,True,deck_21c3f20980,False,win,1,0,[0]
85995612:1:206,85995612,False,False,True,True,0.5,2.5249461838237686,0.919937378665076,False,no,yes,1.15,False,False,deck_21c3f20980,False,win,1,0,[1]
85995612:1:207,85995612,False,False,False,True,0.2,2.7386363221527152,0.19682844658113913,True,ability,attack,1.2000000000000002,False,False,deck_21c3f20980,False,win,1,27,[26]
85995612:1:208,85995612,False,False,False,False,0.08333333333333333,3.978092242241308,0.21923987577772103,True,xerosic,attack,1.5000000000000002,False,True,deck_21c3f20980,False,win,1,26,[7]
85995612:1:21,85995612,True,True,True,True,1.0,1.0598888123987642,0.3464943340621832,True,card,card,1.15,False,False,deck_21c3f20980,False,win,1,0,[0]
85995612:1:210,85995612,True,True,True,True,1.0,1.1597000843399825,0.3135802143978081,True,attack,attack,1.725,False,True,deck_21c3f20980,False,win,1,19,[19]
85995612:1:211,85995612,True,True,True,True,1.0,1.1414101595077395,0.7785731861298371,False,card,card,1.3800000000000001,False,False,deck_21c3f20980,False,win,1,0,"[0, 1]"
85995612:1:218,85995612,True,True,True,True,1.0,1.1117789574858656,0.32897321086119075,True,attack,attack,1.725,False,True,deck_21c3f20980,False,win,1,28,[28]
85995612:1:219,85995612,True,True,True,True,1.0,-0.0,1.0,False,card,card,0.34500000000000003,True,False,deck_21c3f20980,False,win,1,0,[0]
85995612:1:22,85995612,True,True,True,True,1.0,0.24210516163250503,0.7849736241033938,False,card,card,0.9249999999999999,False,False,deck_21c3f20980,False,win,1,1,[1]
85995612:1:23,85995612,True,True,True,True,1.0,1.0696733554131048,0.34312057759510906,True,end,end,0.9249999999999999,False,False,deck_21c3f20980,False,win,1,2,[2]
85995612:1:4,85995612,True,True,True,True,1.0,0.3912002919451156,0.6762446961084179,False,number,number,1.15,False,False,deck_21c3f20980,False,win,1,1,[1]
85995612:1:45,85995612,True,True,True,True,1.0,1.4396572445456943,0.2370089808825674,True,evolve,evolve,1.4375,False,True,deck_21c3f20980,False,win,1,18,[18]
85995612:1:46,85995612,True,True,True,True,1.0,0.07208814488976517,0.9304488778827551,False,yes,yes,1.15,False,False,deck_21c3f20980,False,win,1,0,[0]
85995612:1:47,85995612,True,True,True,True,1.0,0.9422154031757788,0.38976339510691643,True,card,card,0.95,False,False,deck_21c3f20980,False,win,1,18,[18]
85995612:1:48,85995612,True,True,True,True,1.0,1.2447465104612219,0.28801390739065114,True,evolve,evolve,1.1875,False,True,deck_21c3f20980,False,win,1,16,[16]
85995612:1:49,85995612,True,True,True,True,1.0,0.05710081870285299,0.944498841418187,False,ability,ability,0.95,False,False,deck_21c3f20980,False,win,1,22,[22]
85995612:1:50,85995612,False,False,True,True,0.5,2.0319262992296405,0.1475217566616628,True,card,card,1.15,False,False,deck_21c3f20980,False,win,1,20,[18]
85995612:1:51,85995612,True,True,True,True,1.0,0.24611266241701668,0.7818341366399109,False,evolve,evolve,1.4375,False,True,deck_21c3f20980,False,win,1,0,[0]
85995612:1:52,85995612,True,True,True,True,1.0,0.072338096641309,0.9302163396188902,False,yes,yes,1.15,False,False,deck_21c3f20980,False,win,1,0,[0]
85995612:1:53,85995612,False,False,False,True,0.25,3.2092570744824704,0.14853662066340337,True,energy,card,1.4375,False,True,deck_21c3f20980,False,win,1,18,[2]
85995612:1:54,85995612,True,True,True,True,1.0,-0.0,1.0,False,card,card,0.2875,True,False,deck_21c3f20980,False,win,1,0,[0]
85995612:1:55,85995612,False,False,False,True,0.2,2.580312693304186,0.3825338575713755,True,retreat,card,1.4375,False,True,deck_21c3f20980,False,win,1,2,[4]
85995612:1:56,85995612,True,True,True,True,1.0,-0.0,1.0,False,card,card,0.2875,True,False,deck_21c3f20980,False,win,1,0,[0]
85995612:1:57,85995612,True,True,True,True,1.0,0.719263079460849,0.48711108589320196,True,card,card,1.15,False,False,deck_21c3f20980,False,win,1,1,[1]
85995612:1:58,85995612,True,True,True,True,1.0,1.0339133674301242,0.35561259127651496,True,card,card,1.15,False,False,deck_21c3f20980,False,win,1,2,[2]
85995612:1:59,85995612,True,True,True,True,1.0,1.0835861441787222,0.33837986819179977,True,ability,ability,0.9249999999999999,False,False,deck_21c3f20980,False,win,1,2,[2]
85995612:1:60,85995612,False,False,True,True,0.5,1.1745806069637175,0.4168381596819774,True,card,attack,0.9249999999999999,False,False,deck_21c3f20980,False,win,1,2,[0]
85995612:1:61,85995612,False,False,True,True,0.5,1.3300395792366215,0.585275236468075,True,card,attack,1.11,False,False,deck_21c3f20980,False,win,1,1,[0]
85995612:1:62,85995612,True,True,True,True,1.0,0.850040224228944,0.4273977398584215,True,card,card,1.2000000000000002,False,False,deck_21c3f20980,False,win,1,0,[0]
85995612:1:63,85995612,True,True,True,True,1.0,-0.0,1.0,False,card,card,0.30000000000000004,True,False,deck_21c3f20980,False,win,1,0,[0]
85995612:1:64,85995612,True,True,True,True,1.0,0.18356051516746477,0.8323015073487859,False,attack,attack,1.3875000000000002,False,True,deck_21c3f20980,False,win,1,0,[0]
85995612:1:65,85995612,True,True,True,True,1.0,0.28382495684704806,0.7528984228862202,False,card,card,1.3800000000000001,False,False,deck_21c3f20980,False,win,1,0,[0]
85995612:1:86,85995612,True,True,True,True,1.0,0.4202833061753225,0.656860700759111,False,card,card,1.15,False,False,deck_21c3f20980,False,win,1,0,[0]
85995612:1:87,85995612,True,True,True,True,1.0,0.5278647837303131,0.5898631113102675,True,ability,ability,1.15,False,False,deck_21c3f20980,False,win,1,7,[7]
85995612:1:88,85995612,True,True,True,True,1.0,0.649816971015269,0.522141335014218,True,evolve,evolve,1.4375,False,True,deck_21c3f20980,False,win,1,8,[8]
85995612:1:89,85995612,True,True,True,True,1.0,0.0834758098434074,0.9199133392498168,False,yes,yes,1.15,False,False,deck_21c3f20980,False,win,1,0,[0]
85995612:1:90,85995612,True,True,True,True,1.0,0.7669238320809313,0.4644395672082581,True,evolve,evolve,1.4375,False,True,deck_21c3f20980,False,win,1,6,[6]
85995612:1:91,85995612,True,True,True,True,1.0,0.08353919471930835,0.9198550325048712,False,yes,yes,1.15,False,False,deck_21c3f20980,False,win,1,0,[0]
85995612:1:92,85995612,True,True,True,True,1.0,0.6778927548504011,0.5076856841678058,True,energy,energy,1.25,False,True,deck_21c3f20980,False,win,1,1,[1]
85995612:1:93,85995612,False,False,False,True,0.25,1.9456130154696796,0.18189077540066428,True,card,xerosic,0.95,False,False,deck_21c3f20980,False,win,1,1,[2]
85995612:1:94,85995612,True,True,True,True,1.0,0.7304089428979462,0.4817119571216111,True,card,card,1.15,False,False,deck_21c3f20980,False,win,1,0,[0]
85995612:1:95,85995612,True,True,True,True,1.0,0.6986157668791404,0.49727316958972506,True,evolve,evolve,1.1875,False,True,deck_21c3f20980,False,win,1,4,[4]
85995612:1:96,85995612,True,True,True,True,1.0,0.024048593055664064,0.9762382702046968,False,ability,ability,0.95,False,False,deck_21c3f20980,False,win,1,4,[4]
85995612:1:97,85995612,True,True,True,True,1.0,1.6615214141355978,0.18984991991534989,True,card,card,1.0,False,False,deck_21c3f20980,False,win,1,2,[2]
85995612:1:98,85995612,True,True,True,True,1.0,1.0079115610638167,0.502123883074205,True,card,card,1.15,False,False,deck_21c3f20980,False,win,1,0,"[0, 1]"
85995612:1:99,85995612,False,False,True,True,0.3333333333333333,1.6070441349009816,0.32122204120168446,True,card,attack,1.0,False,False,deck_21c3f20980,False,win,1,3,[0]
85996125:0:1,85996125,True,True,True,True,1.0,0.08644916736950367,0.9171821703821113,False,yes,yes,1.15,False,False,Team Rocket Spidops,False,win,1,0,[0]
85996125:0:100,85996125,False,False,True,True,0.3333333333333333,2.073691219952702,0.285823388716022,True,retreat,evolve,1.375,False,True,Team Rocket Spidops,True,win,1,2,[6]
85996125:0:101,85996125,True,True,True,True,1.0,-0.0,1.0,False,card,card,0.34500000000000003,True,False,Team Rocket Spidops,True,win,1,0,[0]
85996125:0:102,85996125,False,False,True,True,0.5,1.2322994904800069,0.29497751838235087,True,card,card,1.3800000000000001,False,False,Team Rocket Spidops,True,win,1,0,[3]
85996125:0:103,85996125,True,True,True,True,1.0,0.2597982684530355,0.7712071469230249,False,attack,attack,1.725,False,True,Team Rocket Spidops,True,win,1,7,[7]
85996125:0:104,85996125,True,True,True,True,1.0,0.48766283723809595,0.6140598762678234,True,card,card,1.3800000000000001,False,False,Team Rocket Spidops,True,win,1,1,[1]
85996125:0:105,85996125,True,True,True,True,1.0,0.11128597786899115,0.8946828528447871,False,card,card,1.3800000000000001,False,False,Team Rocket Spidops,True,win,1,0,[0]
85996125:0:107,85996125,True,True,True,True,1.0,0.42753799175728013,0.6521126266208823,False,attack,attack,1.5812499999999998,False,True,Team Rocket Spidops,True,win,1,14,[14]
85996125:0:108,85996125,True,True,True,True,1.0,0.5938466069901808,0.5521991012929686,True,card,card,1.265,False,False,Team Rocket Spidops,True,win,1,0,[0]
85996125:0:116,85996125,True,True,True,True,1.0,0.5076712481409118,0.60189561354183,True,attack,attack,1.725,False,True,Team Rocket Spidops,True,win,1,19,[19]
85996125:0:117,85996125,True,True,True,True,1.0,0.24008172335126418,0.7865635778283059,False,card,card,1.265,False,False,Team Rocket Spidops,True,win,1,0,[0]
85996125:0:118,85996125,True,True,True,True,1.0,-0.0,1.0,False,card,card,0.31625,True,False,Team Rocket Spidops,True,win,1,0,[0]
85996125:0:13,85996125,True,True,True,True,1.0,1.04278925865915,0.35247017908138034,True,evolve,evolve,1.4375,False,True,Team Rocket Spidops,True,win,1,2,[2]
85996125:0:14,85996125,True,True,True,True,1.0,0.0798549948547108,0.9232502127119808,False,yes,yes,1.15,False,False,Team Rocket Spidops,True,win,1,0,[0]
85996125:0:15,85996125,True,True,True,True,1.0,1.2863937987378766,0.27626525699394555,True,energy,energy,1.4375,False,True,Team Rocket Spidops,True,win,1,3,[3]
85996125:0:16,85996125,True,True,True,True,1.0,0.9319490050740173,0.6180977073130098,True,card,card,1.15,False,False,Team Rocket Spidops,True,win,1,0,"[0, 1]"
85996125:0:17,85996125,True,True,True,True,1.0,1.4761575874446853,0.22851404888679624,True,card,card,1.15,False,False,Team Rocket Spidops,True,win,1,2,[2]
85996125:0:18,85996125,True,True,True,True,1.0,1.1411909835765774,0.3194383493461704,True,card,card,1.0,False,False,Team Rocket Spidops,True,win,1,3,[3]
85996125:0:19,85996125,False,False,True,True,0.5,1.4585469865638927,0.5445455788770838,True,card,card,1.0,False,False,Team Rocket Spidops,True,win,1,0,[1]
85996125:0:20,85996125,False,True,True,True,1.0,2.1730422874047943,0.6599635010326278,False,card,card,1.15,False,False,Team Rocket Spidops,True,win,1,0,[2]
85996125:0:21,85996125,True,True,True,True,1.0,0.1836580568461937,0.8322203272218378,False,card,card,1.0,False,False,Team Rocket Spidops,True,win,1,1,[1]
85996125:0:22,85996125,True,True,True,True,1.0,0.4708147591006667,0.6244932493887269,True,attack,attack,1.25,False,True,Team Rocket Spidops,True,win,1,1,[1]
85996125:0:29,85996125,True,True,True,True,1.0,1.9077688373274693,0.1484111468793549,True,evolve,evolve,1.4375,False,True,Team Rocket Spidops,True,win,1,3,[3]
85996125:0:3,85996125,True,True,True,True,1.0,-0.0,1.0,False,card,card,0.2439516129032258,True,False,Team Rocket Spidops,True,win,1,0,[0]
85996125:0:30,85996125,True,True,True,True,1.0,0.06591310741009548,0.9362122106610539,False,yes,yes,1.15,False,False,Team Rocket Spidops,True,win,1,0,[0]
85996125:0:31,85996125,False,False,True,True,0.5,1.7697792641192123,0.2100963409827599,True,evolve,evolve,1.4375,False,True,Team Rocket Spidops,True,win,1,3,[5]
85996125:0:32,85996125,True,True,True,True,1.0,0.07123929796284602,0.9312390218616011,False,yes,yes,1.15,False,False,Team Rocket Spidops,True,win,1,0,[0]
85996125:0:33,85996125,False,False,False,True,0.25,1.985939354847516,0.2795987251338305,True,card,evolve,1.15,False,False,Team Rocket Spidops,True,win,1,2,[7]
85996125:0:34,85996125,True,True,True,True,1.0,1.2304892467422006,0.29214960946567814,True,evolve,evolve,1.4375,False,True,Team Rocket Spidops,True,win,1,2,[2]
85996125:0:35,85996125,True,True,True,True,1.0,0.059230621620050654,0.9424893856623944,False,yes,yes,1.15,False,False,Team Rocket Spidops,True,win,1,0,[0]
85996125:0:36,85996125,True,True,True,True,1.0,1.4660945650762136,0.2308251999516039,True,hammer,hammer,1.25,False,True,Team Rocket Spidops,True,win,1,6,[6]
85996125:0:37,85996125,True,True,True,True,1.0,-0.0,1.0,False,card,card,0.2875,True,False,Team Rocket Spidops,True,win,1,0,[0]
85996125:0:38,85996125,True,True,True,True,1.0,1.2471308181952243,0.28732801162199106,True,card,card,1.0,False,False,Team Rocket Spidops,True,win,1,5,[5]
85996125:0:39,85996125,False,False,True,True,0.3333333333333333,1.8527438570431884,0.19830417833918806,True,card,boss,1.0,False,False,Team Rocket Spidops,True,win,1,1,[0]
85996125:0:40,85996125,False,False,True,True,0.3333333333333333,1.7142203177144089,0.2686916336559695,True,attack,boss,1.5000000000000002,False,True,Team Rocket Spidops,True,win,1,0,[4]
85996125:0:44,85996125,True,True,True,True,1.0,1.1437231236753453,0.3186305099056646,True,evolve,evolve,1.25,False,True,Team Rocket Spidops,True,win,1,7,[7]
85996125:0:45,85996125,True,True,True,True,1.0,0.03790031699066208,0.962808911797531,False,ability,ability,1.0,False,False,Team Rocket Spidops,True,win,1,10,[10]
85996125:0:46,85996125,False,False,True,True,0.3333333333333333,2.458690884135529,0.10602054216844249,True,evolve,boss,1.4375,False,True,Team Rocket Spidops,True,win,1,0,[3]
85996125:0:47,85996125,True,True,True,True,1.0,0.060542612462365454,0.9412536590276973,False,yes,yes,1.15,False,False,Team Rocket Spidops,True,win,1,0,[0]
85996125:0:48,85996125,False,False,True,True,0.5,2.129606325014138,0.12522961072443523,True,card,evolve,1.15,False,False,Team Rocket Spidops,True,win,1,3,[24]
85996125:0:49,85996125,True,True,True,True,1.0,2.2801177992563195,0.10227215842170709,True,evolve,evolve,1.4375,False,True,Team Rocket Spidops,True,win,1,3,[3]
85996125:0:5,85996125,True,True,True,True,1.0,0.31373305754366726,0.7307140607332786,False,end,end,1.15,False,False,Team Rocket Spidops,True,win,1,1,[1]
85996125:0:50,85996125,True,True,True,True,1.0,0.061131318262271764,0.940699700614709,False,yes,yes,1.15,False,False,Team Rocket Spidops,True,win,1,0,[0]
85996125:0:51,85996125,True,True,True,True,1.0,1.8570387411783034,0.15613430054304303,True,hammer,hammer,1.25,False,True,Team Rocket Spidops,True,win,1,31,[31]
85996125:0:52,85996125,True,True,True,True,1.0,-0.0,1.0,False,card,card,0.2875,True,False,Team Rocket Spidops,True,win,1,0,[0]
85996125:0:53,85996125,True,True,True,True,1.0,2.125966250168205,0.11931762187675136,True,boss,boss,1.5000000000000002,False,True,Team Rocket Spidops,True,win,1,0,[0]
85996125:0:54,85996125,False,False,False,True,0.25,1.7042490190375326,0.3600331166919098,True,card,card,1.3800000000000001,False,False,Team Rocket Spidops,True,win,1,0,[3]
85996125:0:55,85996125,False,False,True,True,0.5,2.3801189376056735,0.19799544783526,True,energy,attack,1.5000000000000002,False,True,Team Rocket Spidops,True,win,1,24,[3]
85996125:0:56,85996125,True,True,True,True,1.0,0.15080088546369427,0.8600189238811672,False,attack,attack,1.5000000000000002,False,True,Team Rocket Spidops,True,win,1,0,[0]
85996125:0:57,85996125,True,True,True,True,1.0,0.27937544576654894,0.7562559168252397,False,card,card,1.3800000000000001,False,False,Team Rocket Spidops,True,win,1,0,[0]
85996125:0:61,85996125,False,False,False,False,0.14285714285714285,3.513727383624524,0.31839201996390193,True,energy,evolve,1.4375,False,True,Team Rocket Spidops,True,win,1,18,[15]
85996125:0:62,85996125,False,False,True,True,0.5,2.0295793628724628,0.4039098731222117,True,boss,evolve,1.4375,False,True,Team Rocket Spidops,True,win,1,6,[0]
85996125:0:63,85996125,False,False,True,True,0.5,1.29809221199765,0.4518079686264456,True,card,card,1.15,False,False,Team Rocket Spidops,True,win,1,0,[2]
85996125:0:64,85996125,False,False,True,True,0.3333333333333333,3.1939556547907206,0.49392516961024785,True,retreat,attack,1.4375,False,True,Team Rocket Spidops,True,win,1,1,[2]
85996125:0:65,85996125,True,True,True,True,1.0,-0.0,1.0,False,card,card,0.2875,True,False,Team Rocket Spidops,True,win,1,0,[0]
85996125:0:66,85996125,True,True,True,True,1.0,0.9650840282385569,0.3809511877371183,True,card,card,1.15,False,False,Team Rocket Spidops,True,win,1,2,[2]
85996125:0:67,85996125,False,False,True,True,0.5,0.6938644360766036,0.5003584991752041,True,end,evolve,1.15,False,False,Team Rocket Spidops,True,win,1,0,[1]
85996125:0:74,85996125,False,False,True,True,0.3333333333333333,2.0786244111437995,0.23050863675405323,True,energy,evolve,1.5000000000000002,False,True,Team Rocket Spidops,True,win,1,8,[9]
85996125:0:75,85996125,True,True,True,True,1.0,0.41204456645170473,0.6622947592669948,False,attack,attack,1.5000000000000002,False,True,Team Rocket Spidops,True,win,1,3,[3]
85996125:0:76,85996125,False,False,True,True,0.3333333333333333,1.6366309046391234,0.23271152688008212,True,card,card,1.265,False,False,Team Rocket Spidops,True,win,1,0,[4]
85996125:0:77,85996125,True,True,True,True,1.0,0.29747500481605926,0.7426911466906053,False,card,card,1.3800000000000001,False,False,Team Rocket Spidops,True,win,1,0,[0]
85996125:0:80,85996125,True,True,True,True,1.0,0.5289436383073509,0.5892270779482479,True,attack,attack,1.725,False,True,Team Rocket Spidops,True,win,1,9,[9]
85996125:0:81,85996125,False,False,True,True,0.5,1.2810656217703529,0.2843172695046752,True,card,card,1.265,False,False,Team Rocket Spidops,True,win,1,0,[4]
85996125:0:82,85996125,True,True,True,True,1.0,0.2311530016714389,0.7936180318603051,False,card,card,1.3800000000000001,False,False,Team Rocket Spidops,True,win,1,0,[0]
85996125:0:85,85996125,True,True,True,True,1.0,0.41561875726777875,0.6599318167401451,False,attack,attack,1.725,False,True,Team Rocket Spidops,True,win,1,10,[10]
85996125:0:86,85996125,True,True,True,True,1.0,0.8866756137353433,0.41202320280301136,True,card,card,1.265,False,False,Team Rocket Spidops,True,win,1,0,[0]
85996125:0:87,85996125,True,True,True,True,1.0,0.16419719616112335,0.8485746697128527,False,card,card,1.265,False,False,Team Rocket Spidops,True,win,1,0,[0]
85996125:0:91,85996125,True,True,True,True,1.0,0.37330108449211225,0.6884579176333532,False,attack,attack,1.5812499999999998,False,True,Team Rocket Spidops,True,win,1,11,[11]
85996125:0:92,85996125,True,True,True,True,1.0,0.7485631429863822,0.473045763783038,True,card,card,1.265,False,False,Team Rocket Spidops,True,win,1,1,[1]
85996125:0:99,85996125,False,False,True,True,0.3333333333333333,2.317763514657058,0.249451343687127,True,energy,evolve,1.25,False,True,Team Rocket Spidops,True,win,1,8,[1]
85996659:1:10,85996659,True,True,True,True,1.0,0.919620275301247,0.39867039734237336,True,card,card,1.15,False,False,deck_7e7bca6783,False,win,1,0,[0]
85996659:1:11,85996659,True,True,True,True,1.0,0.7927769320177253,0.4525862473989735,True,card,card,1.15,False,False,deck_7e7bca6783,False,win,1,0,[0]
85996659:1:12,85996659,True,True,True,True,1.0,0.270741787403588,0.762813439016106,False,card,card,1.15,False,False,deck_7e7bca6783,False,win,1,0,[0]
85996659:1:13,85996659,True,True,True,True,1.0,0.2530732448452562,0.7764110116366367,False,card,card,1.0,False,False,deck_7e7bca6783,False,win,1,0,[0]
85996659:1:14,85996659,True,True,True,True,1.0,-0.0,1.0,False,end,end,0.25,True,False,deck_7e7bca6783,False,win,1,0,[0]
85996659:1:19,85996659,False,False,True,True,0.5,1.2095219092828644,0.701660121133925,False,card,card,1.15,False,False,deck_7e7bca6783,False,win,1,1,[0]
85996659:1:20,85996659,True,True,True,True,1.0,0.6777232359427677,0.5077717537854147,True,evolve,evolve,1.4375,False,True,deck_7e7bca6783,False,win,1,0,[0]
85996659:1:21,85996659,True,True,True,True,1.0,0.07799779077560004,0.9249664699997767,False,yes,yes,1.3800000000000001,False,False,deck_7e7bca6783,False,win,1,0,[0]
85996659:1:22,85996659,True,True,True,True,1.0,0.4825295074157644,0.6172201525739507,True,end,end,1.3800000000000001,False,False,deck_7e7bca6783,False,win,1,1,[1]
85996659:1:25,85996659,True,True,True,True,1.0,-0.0,1.0,False,card,card,0.2875,True,False,deck_7e7bca6783,False,win,1,0,[0]
85996659:1:26,85996659,True,True,True,True,1.0,0.8523999490610108,0.4263903878027751,True,evolve,evolve,1.4375,False,True,deck_7e7bca6783,False,win,1,0,[0]
85996659:1:27,85996659,True,True,True,True,1.0,0.07753828847363216,0.9253915918867475,False,yes,yes,1.15,False,False,deck_7e7bca6783,False,win,1,0,[0]
85996659:1:28,85996659,False,True,True,True,1.0,0.8863086652829082,0.4273855132631855,True,card,card,1.15,False,False,deck_7e7bca6783,False,win,1,3,[1]
85996659:1:29,85996659,True,True,True,True,1.0,0.3471048840412075,0.7067311995461022,False,card,card,1.0,False,False,deck_7e7bca6783,False,win,1,2,[2]
85996659:1:3,85996659,True,True,True,True,1.0,0.4208873013385664,0.6564640798635364,False,card,card,0.9965648854961832,False,False,deck_7e7bca6783,False,win,1,1,[1]
85996659:1:30,85996659,True,True,True,True,1.0,0.65742427192456,0.5181843189505657,True,card,card,1.0,False,False,deck_7e7bca6783,False,win,1,1,[1]
85996659:1:31,85996659,False,False,True,True,0.3333333333333333,1.3715192949335901,0.39057976741268874,True,card,card,1.0,False,False,deck_7e7bca6783,False,win,1,0,[2]
85996659:1:32,85996659,False,False,False,True,0.25,2.7316558944755993,0.3569692258604568,True,card,card,1.0,False,False,deck_7e7bca6783,False,win,1,0,[3]
85996659:1:33,85996659,True,True,True,True,1.0,0.34936620471526086,0.7051348592724518,False,energy,energy,1.25,False,True,deck_7e7bca6783,False,win,1,1,[1]
85996659:1:34,85996659,True,True,True,True,1.0,-0.0,1.0,False,card,card,0.34500000000000003,True,False,deck_7e7bca6783,False,win,1,0,[0]
85996659:1:35,85996659,True,True,True,True,1.0,0.2734175680371155,0.7607750459515424,False,attack,attack,1.5000000000000002,False,True,deck_7e7bca6783,False,win,1,1,[1]
85996659:1:38,85996659,True,True,True,True,1.0,0.4902890556363044,0.6124493366631982,True,card,card,1.15,False,False,deck_7e7bca6783,False,win,1,0,[0]
85996659:1:39,85996659,False,True,True,True,1.0,1.8668123898894426,0.16178104008045235,True,card,card,1.15,False,False,deck_7e7bca6783,False,win,1,5,[4]
85996659:1:4,85996659,True,True,True,True,1.0,-0.0,1.0,False,card,card,0.26598011363636365,True,False,deck_7e7bca6783,False,win,1,0,[0]
85996659:1:40,85996659,True,True,True,True,1.0,0.20202872908011282,0.8170714538937875,False,evolve,evolve,1.725,False,True,deck_7e7bca6783,False,win,1,0,[0]
85996659:1:41,85996659,True,True,True,True,1.0,0.08087373414685456,0.9223101403694304,False,yes,yes,1.3800000000000001,False,False,deck_7e7bca6783,False,win,1,0,[0]
85996659:1:42,85996659,False,False,False,False,0.14285714285714285,3.197552016392176,0.22189033589265147,True,energy,evolve,1.725,False,True,deck_7e7bca6783,False,win,1,0,[9]
85996659:1:43,85996659,False,False,False,False,0.14285714285714285,3.242368273672613,0.2138306840438302,True,attack,evolve,1.725,False,True,deck_7e7bca6783,False,win,1,0,[10]
85996659:1:44,85996659,True,True,True,True,1.0,1.7638584241656892,0.7236808277385092,False,card,card,1.3800000000000001,False,False,deck_7e7bca6783,False,win,1,0,"[0, 1, 2]"
85996659:1:5,85996659,True,True,True,True,1.0,0.03696781510093589,0.963707151667326,False,none,none,1.0639204545454546,False,False,deck_7e7bca6783,False,win,1,1,[1]
85996659:1:6,85996659,True,True,True,True,1.0,0.03696781510093589,0.963707151667326,False,none,none,1.0639204545454546,False,False,deck_7e7bca6783,False,win,1,1,[1]
85996659:1:7,85996659,True,True,True,True,1.0,0.03696781510093589,0.963707151667326,False,none,none,1.0639204545454546,False,False,deck_7e7bca6783,False,win,1,1,[1]
85996659:1:8,85996659,True,True,True,True,1.0,0.03696781510093589,0.963707151667326,False,none,none,1.0639204545454546,False,False,deck_7e7bca6783,False,win,1,1,[1]
85996659:1:9,85996659,True,True,True,True,1.0,0.5005628510850402,0.6061893693295454,True,card,card,1.15,False,False,deck_7e7bca6783,False,win,1,0,[0]
85997686:1:10,85997686,True,True,True,True,1.0,0.05662476910374665,0.94494857675267,False,none,none,1.0639204545454546,False,False,Alakazam,False,win,1,1,[1]
85997686:1:100,85997686,True,True,True,True,1.0,-0.0,1.0,False,card,card,0.30000000000000004,True,False,Alakazam,False,win,1,0,[0]
85997686:1:101,85997686,True,True,True,True,1.0,1.4095729020718013,0.24424757851443643,True,evolve,evolve,1.5000000000000002,False,True,Alakazam,False,win,1,6,[6]
85997686:1:102,85997686,True,True,True,True,1.0,0.04968461175868238,0.9515294783902439,False,ability,ability,1.2000000000000002,False,False,Alakazam,False,win,1,8,[8]
85997686:1:103,85997686,True,True,True,True,1.0,1.310366642158591,0.2697211471100458,True,attack,attack,1.725,False,True,Alakazam,False,win,1,10,[10]
85997686:1:104,85997686,True,True,True,True,1.0,1.2377032429026975,0.7828541611100269,False,card,card,1.3800000000000001,False,False,Alakazam,False,win,1,0,"[0, 1]"
85997686:1:11,85997686,True,True,True,True,1.0,0.05662476910374665,0.94494857675267,False,none,none,1.0639204545454546,False,False,Alakazam,False,win,1,1,[1]
85997686:1:114,85997686,True,True,True,True,1.0,2.7220767889658433,0.12833494670669662,True,boss,boss,1.125,False,True,Alakazam,False,win,1,2,"[0, 1, 2, 3, 4, 5, 6, 7, 8, 9, 10, 11]"
85997686:1:12,85997686,True,True,True,True,1.0,0.05662476910374665,0.94494857675267,False,none,none,1.0639204545454546,False,False,Alakazam,False,win,1,1,[1]
85997686:1:120,85997686,False,False,False,True,0.2,2.99351335813559,0.2618591629383597,True,energy,attack,1.725,False,True,Alakazam,False,win,1,13,[7]
85997686:1:121,85997686,True,True,True,True,1.0,0.7184602695098025,0.4875023005347141,True,attack,attack,1.725,False,True,Alakazam,False,win,1,6,[6]
85997686:1:122,85997686,True,True,True,True,1.0,0.10181247167182057,0.9031989111703537,False,card,card,1.3800000000000001,False,False,Alakazam,False,win,1,0,[0]
85997686:1:129,85997686,True,True,True,True,1.0,1.1042544242682901,0.33145791711801953,True,attack,attack,1.725,False,True,Alakazam,False,win,1,11,[11]
85997686:1:13,85997686,True,True,True,True,1.0,0.05662476910374665,0.94494857675267,False,none,none,1.0639204545454546,False,False,Alakazam,False,win,1,1,[1]
85997686:1:130,85997686,True,True,True,True,1.0,-0.0,1.0,False,card,card,0.34500000000000003,True,False,Alakazam,False,win,1,0,[0]
85997686:1:14,85997686,False,False,True,True,0.5,1.0124387786805622,0.4166715209263889,True,card,card,1.05,False,False,Alakazam,False,win,1,1,[2]
85997686:1:15,85997686,True,True,True,True,1.0,0.9321096440818192,0.393722219854466,True,card,card,1.15,False,False,Alakazam,False,win,1,0,[0]
85997686:1:16,85997686,True,True,True,True,1.0,1.0593923551967153,0.34666639637705127,True,card,card,1.0,False,False,Alakazam,False,win,1,0,[0]
85997686:1:17,85997686,True,True,True,True,1.0,0.6384855765670221,0.5280915730182825,True,energy,energy,1.2125,False,True,Alakazam,False,win,1,2,[2]
85997686:1:18,85997686,True,True,True,True,1.0,0.9083766244438751,0.5788539463454485,True,card,card,1.15,False,False,Alakazam,False,win,1,0,"[0, 1]"
85997686:1:19,85997686,True,True,True,True,1.0,0.8561199870837062,0.42480714603325914,True,card,card,1.1640000000000001,False,False,Alakazam,False,win,1,1,[1]
85997686:1:20,85997686,False,False,True,True,0.5,1.8684911896177234,0.3578788771419598,True,card,card,1.3800000000000001,False,False,Alakazam,False,win,1,0,[2]
85997686:1:21,85997686,True,True,True,True,1.0,0.33857070410036566,0.7127883805460087,False,card,card,1.1640000000000001,False,False,Alakazam,False,win,1,1,[1]
85997686:1:22,85997686,True,True,True,True,1.0,0.8958360206537075,0.4082661370035017,True,attack,attack,1.725,False,True,Alakazam,False,win,1,1,[1]
85997686:1:23,85997686,False,False,True,True,0.5,1.5653805086138741,0.4431222920249463,True,card,card,1.3800000000000001,False,False,Alakazam,False,win,1,0,[1]
85997686:1:3,85997686,False,False,True,True,0.5,0.8714632311047121,0.5816610254121437,True,card,card,0.9758064516129032,False,False,Alakazam,False,win,1,0,[1]
85997686:1:32,85997686,True,True,True,True,1.0,1.130028180773327,0.3230241532235448,True,card,card,1.0,False,False,Alakazam,False,win,1,1,[1]
85997686:1:33,85997686,True,True,True,True,1.0,0.23767018757928207,0.7884626930049095,False,evolve,evolve,1.4375,False,True,Alakazam,False,win,1,0,[0]
85997686:1:34,85997686,True,True,True,True,1.0,0.08022177092647077,0.9229116487180921,False,yes,yes,1.15,False,False,Alakazam,False,win,1,0,[0]
85997686:1:35,85997686,True,True,True,True,1.0,1.261322367560815,0.28327917951400283,True,evolve,evolve,1.4375,False,True,Alakazam,False,win,1,1,[1]
85997686:1:36,85997686,True,True,True,True,1.0,0.08022177092647077,0.9229116487180921,False,yes,yes,1.15,False,False,Alakazam,False,win,1,0,[0]
85997686:1:37,85997686,True,True,True,True,1.0,1.1559396029203655,0.3147616469529555,True,evolve,evolve,1.4375,False,True,Alakazam,False,win,1,3,[3]
85997686:1:38,85997686,True,True,True,True,1.0,0.08022177092647077,0.9229116487180921,False,yes,yes,1.15,False,False,Alakazam,False,win,1,0,[0]
85997686:1:39,85997686,True,True,True,True,1.0,0.7980073394131634,0.45022521690177963,True,energy,energy,1.725,False,True,Alakazam,False,win,1,4,[4]
85997686:1:40,85997686,False,False,True,True,0.5,1.7985299800708268,0.17797430511382537,True,card,boss,1.2000000000000002,False,False,Alakazam,False,win,1,2,[1]
85997686:1:41,85997686,False,True,True,True,1.0,1.31385299255055,0.5548271064280756,True,card,card,1.3800000000000001,False,False,Alakazam,False,win,1,0,[1]
85997686:1:42,85997686,True,True,True,True,1.0,1.420432407608714,0.2416095205111417,True,attack,attack,1.5000000000000002,False,True,Alakazam,False,win,1,5,[5]
85997686:1:43,85997686,True,True,True,True,1.0,0.29131552342046324,0.7472798565200721,False,card,card,1.3800000000000001,False,False,Alakazam,False,win,1,0,[0]
85997686:1:5,85997686,True,True,True,True,1.0,-0.0,1.0,False,card,card,0.26598011363636365,True,False,Alakazam,False,win,1,0,[0]
85997686:1:53,85997686,True,True,True,True,1.0,2.049429640148539,0.2066151462825124,True,card,card,1.1375,False,True,Alakazam,False,win,1,1,"[1, 2, 4, 5, 6]"
85997686:1:59,85997686,True,True,True,True,1.0,0.7217484391684208,0.4859019428273474,True,card,card,1.15,False,False,Alakazam,False,win,1,1,[1]
85997686:1:6,85997686,True,True,True,True,1.0,0.05662476910374665,0.94494857675267,False,none,none,1.0639204545454546,False,False,Alakazam,False,win,1,1,[1]
85997686:1:60,85997686,True,True,True,True,1.0,0.5792618524015138,0.5603118067712538,True,ability,ability,1.15,False,False,Alakazam,False,win,1,4,[4]
85997686:1:61,85997686,True,True,True,True,1.0,0.8871049208775789,0.4118463562627388,True,evolve,evolve,1.25,False,True,Alakazam,False,win,1,0,[0]
85997686:1:62,85997686,True,True,True,True,1.0,0.03098998093316479,0.9694852863652467,False,ability,ability,1.0,False,False,Alakazam,False,win,1,6,[6]
85997686:1:63,85997686,True,True,True,True,1.0,0.972261008324232,0.37822689643511886,True,evolve,evolve,1.4375,False,True,Alakazam,False,win,1,8,[8]
85997686:1:64,85997686,True,True,True,True,1.0,0.07235863698869598,0.9301972328483599,False,yes,yes,1.15,False,False,Alakazam,False,win,1,0,[0]
85997686:1:65,85997686,False,True,True,True,1.0,1.77962936084098,0.18547916780605286,True,card,card,0.9249999999999999,False,False,Alakazam,False,win,1,7,[5]
85997686:1:66,85997686,True,True,True,True,1.0,1.6124412724785178,0.19940022910592234,True,card,card,0.9249999999999999,False,False,Alakazam,False,win,1,6,[6]
85997686:1:67,85997686,False,False,False,True,0.25,2.462341669840368,0.14962414558662365,True,card,boss,0.9249999999999999,False,False,Alakazam,False,win,1,1,[3]
85997686:1:68,85997686,True,True,True,True,1.0,1.1376241598153314,0.3205797640432915,True,card,card,1.15,False,False,Alakazam,False,win,1,0,[0]
85997686:1:69,85997686,True,True,True,True,1.0,0.7283592530493447,0.4827003298127775,True,evolve,evolve,1.15625,False,True,Alakazam,False,win,1,11,[11]
85997686:1:7,85997686,True,True,True,True,1.0,0.05662476910374665,0.94494857675267,False,none,none,1.0639204545454546,False,False,Alakazam,False,win,1,1,[1]
85997686:1:70,85997686,True,True,True,True,1.0,0.07884562993886302,0.9241825795552722,False,yes,yes,1.15,False,False,Alakazam,False,win,1,0,[0]
85997686:1:71,85997686,False,False,False,False,0.1111111111111111,3.1598410348066883,0.12964008883813102,True,energy,boss,1.5000000000000002,False,True,Alakazam,False,win,1,1,[6]
85997686:1:72,85997686,True,True,True,True,1.0,0.9802691368698908,0.37521010238856495,True,xerosic,xerosic,1.5000000000000002,False,True,Alakazam,False,win,1,5,[5]
85997686:1:74,85997686,True,True,True,True,1.0,0.09627562889655776,0.9082136516398154,False,attack,attack,1.725,False,True,Alakazam,False,win,1,0,[0]
85997686:1:75,85997686,True,True,True,True,1.0,0.24552313813739088,0.7822951827316803,False,card,card,1.3800000000000001,False,False,Alakazam,False,win,1,0,[0]
85997686:1:8,85997686,True,True,True,True,1.0,0.05662476910374665,0.94494857675267,False,none,none,1.0639204545454546,False,False,Alakazam,False,win,1,1,[1]
85997686:1:9,85997686,True,True,True,True,1.0,0.05662476910374665,0.94494857675267,False,none,none,1.0639204545454546,False,False,Alakazam,False,win,1,1,[1]
85997686:1:95,85997686,True,True,True,True,1.0,1.5270769861802906,0.21716953000742445,True,hammer,hammer,1.25,False,True,Alakazam,False,win,1,4,[4]
85997686:1:96,85997686,True,True,True,True,1.0,-0.0,1.0,False,card,card,0.2875,True,False,Alakazam,False,win,1,0,[0]
85997686:1:97,85997686,False,False,False,True,0.25,2.497266627700569,0.19290463545882397,True,card,attack,1.0,False,False,Alakazam,False,win,1,12,[0]
85997686:1:98,85997686,True,True,True,True,1.0,0.31778571567557756,0.7277587189927014,False,card,card,1.15,False,False,Alakazam,False,win,1,0,[0]
85997686:1:99,85997686,True,True,True,True,1.0,0.5939615783718204,0.5521356178488123,True,card,card,1.0,False,False,Alakazam,False,win,1,0,[0]
85998207:0:1,85998207,True,True,True,True,1.0,0.08644916736950367,0.9171821703821113,False,yes,yes,1.15,False,False,Alakazam,False,win,1,0,[0]
85998207:0:10,85998207,True,True,True,True,1.0,0.4822636061955513,0.6173842939873941,True,card,card,0.95,False,False,Alakazam,True,win,1,0,[0]
85998207:0:100,85998207,True,True,True,True,1.0,1.5039954608481794,0.2222404309522077,True,card,card,0.95,False,False,Alakazam,True,win,1,14,[14]
85998207:0:101,85998207,False,False,False,False,0.125,2.748471311495421,0.14416146257085521,True,card,xerosic,0.95,False,False,Alakazam,True,win,1,12,[13]
85998207:0:102,85998207,True,True,True,True,1.0,0.9902901998600679,0.5059207247947933,True,card,card,1.3800000000000001,False,False,Alakazam,True,win,1,0,"[0, 1]"
85998207:0:103,85998207,True,True,True,True,1.0,1.6521111370810244,0.1916448926098433,True,xerosic,xerosic,1.425,False,True,Alakazam,True,win,1,12,[12]
85998207:0:105,85998207,True,True,True,True,1.0,0.7113402443937717,0.49098571544357056,True,attack,attack,1.425,False,True,Alakazam,True,win,1,4,[4]
85998207:0:106,85998207,True,True,True,True,1.0,0.24734831831263318,0.7808686553037751,False,card,card,1.3800000000000001,False,False,Alakazam,True,win,1,0,[0]
85998207:0:109,85998207,True,True,True,True,1.0,2.779574785278551,0.12931181116954812,True,card,card,1.1490384615384615,False,True,Alakazam,True,win,1,2,"[0, 1, 2, 3, 4, 5, 6, 7, 8, 11, 13, 14, 15]"
85998207:0:11,85998207,False,False,True,True,0.5,2.060139105520286,0.26832499873831167,True,card,card,1.0,False,False,Alakazam,True,win,1,1,[3]
85998207:0:12,85998207,True,True,True,True,1.0,-0.0,1.0,False,end,end,0.25,True,False,Alakazam,True,win,1,0,[0]
85998207:0:122,85998207,False,False,True,True,0.5,2.1131275548227584,0.7566537222884854,False,card,card,1.15,False,False,Alakazam,True,win,1,0,[1]
85998207:0:123,85998207,True,True,True,True,1.0,0.4785986170137116,0.6196511522139373,True,evolve,evolve,1.4375,False,True,Alakazam,True,win,1,1,[1]
85998207:0:124,85998207,True,True,True,True,1.0,0.1046407489902042,0.9006480231856279,False,yes,yes,1.15,False,False,Alakazam,True,win,1,0,[0]
85998207:0:125,85998207,False,False,True,True,0.5,2.0437992069116966,0.36431371848630845,True,energy,card,1.4375,False,True,Alakazam,True,win,1,5,[6]
85998207:0:126,85998207,False,False,False,True,0.2,2.1500023773769414,0.1930052674926913,True,hammer,evolve,1.15625,False,True,Alakazam,True,win,1,4,[6]
85998207:0:127,85998207,True,True,True,True,1.0,-0.0,1.0,False,card,card,0.2875,True,False,Alakazam,True,win,1,0,[0]
85998207:0:128,85998207,True,True,True,True,1.0,1.477865615397891,0.22812407364271453,True,evolve,evolve,1.15625,False,True,Alakazam,True,win,1,4,[4]
85998207:0:129,85998207,True,True,True,True,1.0,0.05885418521505957,0.9428442397642862,False,ability,ability,1.15,False,False,Alakazam,True,win,1,5,[5]
85998207:0:130,85998207,False,False,True,True,0.5,1.9671752581052202,0.8601486572616855,False,card,card,1.15,False,False,Alakazam,True,win,1,0,[1]
85998207:0:131,85998207,True,True,True,True,1.0,1.2930999418468443,0.2744187809308978,True,card,card,1.15,False,False,Alakazam,True,win,1,2,[2]
85998207:0:132,85998207,True,True,True,True,1.0,1.0251796525999723,0.35873201247782194,True,xerosic,xerosic,1.15625,False,True,Alakazam,True,win,1,1,[1]
85998207:0:134,85998207,False,False,False,True,0.25,2.1416402163623722,0.37852776624922396,True,end,card,0.9249999999999999,False,False,Alakazam,True,win,1,2,[3]
85998207:0:145,85998207,True,True,True,True,1.0,0.17426101948147663,0.8400775924206331,False,card,card,1.15,False,False,Alakazam,True,win,1,0,[0]
85998207:0:146,85998207,True,True,True,True,1.0,0.5532467656996722,0.5750796271919011,True,evolve,evolve,1.725,False,True,Alakazam,True,win,1,6,[6]
85998207:0:147,85998207,True,True,True,True,1.0,0.09157332759314181,0.9124944026804354,False,yes,yes,1.3800000000000001,False,False,Alakazam,True,win,1,0,[0]
85998207:0:148,85998207,True,True,True,True,1.0,1.3301184201311056,0.2644459437222188,True,energy,energy,1.5000000000000002,False,True,Alakazam,True,win,1,1,[1]
85998207:0:149,85998207,True,True,True,True,1.0,0.8885335193173746,0.4112584132679629,True,attack,attack,1.5000000000000002,False,True,Alakazam,True,win,1,8,[8]
85998207:0:150,85998207,True,True,True,True,1.0,0.20421719959854534,0.8152852723212395,False,card,card,1.3800000000000001,False,False,Alakazam,True,win,1,0,[0]
85998207:0:165,85998207,True,True,True,True,1.0,0.7872092950138235,0.4551131111400541,True,attack,attack,1.725,False,True,Alakazam,True,win,1,11,[11]
85998207:0:166,85998207,True,True,True,True,1.0,0.16179697606408222,0.85061388198908,False,card,card,1.3800000000000001,False,False,Alakazam,True,win,1,0,[0]
85998207:0:2,85998207,True,True,True,True,1.0,0.4594049656590287,0.6316593927350617,True,card,card,0.9965648854961832,False,False,Alakazam,True,win,1,0,[0]
85998207:0:30,85998207,True,True,True,True,1.0,0.958686888881442,0.3833959971290365,True,evolve,evolve,1.25,False,True,Alakazam,True,win,1,1,[1]
85998207:0:31,85998207,True,True,True,True,1.0,0.06124339487536592,0.9405942760862478,False,ability,ability,1.15,False,False,Alakazam,True,win,1,5,[5]
85998207:0:32,85998207,True,True,True,True,1.0,0.48411644280811034,0.6162414408504944,True,card,card,1.0899999999999999,False,False,Alakazam,True,win,1,0,[0]
85998207:0:33,85998207,True,True,True,True,1.0,1.147926625394176,0.3172939570786667,True,evolve,evolve,1.34375,False,True,Alakazam,True,win,1,2,[2]
85998207:0:34,85998207,True,True,True,True,1.0,0.07878318735586257,0.9242402897044703,False,yes,yes,1.15,False,False,Alakazam,True,win,1,0,[0]
85998207:0:35,85998207,True,True,True,True,1.0,1.186128523339593,0.30540133241974343,True,card,card,0.9249999999999999,False,False,Alakazam,True,win,1,2,[2]
85998207:0:36,85998207,True,True,True,True,1.0,0.9979047641878922,0.5143136127233409,True,card,card,1.15,False,False,Alakazam,True,win,1,0,"[0, 1]"
85998207:0:37,85998207,True,True,True,True,1.0,1.1372608405073814,0.32069625802228097,True,card,card,0.9249999999999999,False,False,Alakazam,True,win,1,0,[0]
85998207:0:38,85998207,True,True,True,True,1.0,1.48443554584226,0.22663022695397653,True,card,card,1.0214285714285714,False,False,Alakazam,True,win,1,1,[1]
85998207:0:39,85998207,True,True,True,True,1.0,1.0932230312664581,0.3351346018573976,True,card,card,1.0214285714285714,False,False,Alakazam,True,win,1,0,[0]
85998207:0:4,85998207,True,True,True,True,1.0,-0.0,1.0,False,card,card,0.26598011363636365,True,False,Alakazam,True,win,1,0,[0]
85998207:0:40,85998207,True,True,True,True,1.0,0.7531100588730203,0.4708997470606573,True,evolve,evolve,1.15625,False,True,Alakazam,True,win,1,2,[2]
85998207:0:41,85998207,True,True,True,True,1.0,0.07878318735586257,0.9242402897044703,False,yes,yes,1.05,False,False,Alakazam,True,win,1,0,[0]
85998207:0:42,85998207,True,True,True,True,1.0,0.5509997174020722,0.5763733118307577,True,card,card,1.075,False,False,Alakazam,True,win,1,6,[6]
85998207:0:43,85998207,False,False,True,True,0.5,1.4832860946904112,0.25260001943571936,True,energy,energy,1.2125,False,True,Alakazam,True,win,1,1,[2]
85998207:0:44,85998207,True,True,True,True,1.0,0.40605724765240875,0.6662720238238514,False,end,end,0.97,False,False,Alakazam,True,win,1,1,[1]
85998207:0:5,85998207,True,True,True,True,1.0,0.10062342561551818,0.9042734950119703,False,none,none,1.0639204545454546,False,False,Alakazam,True,win,1,1,[1]
85998207:0:6,85998207,True,True,True,True,1.0,0.5201615462372946,0.5944245131699146,True,card,card,0.975,False,False,Alakazam,True,win,1,2,[2]
85998207:0:67,85998207,True,True,True,True,1.0,0.39917427034673986,0.6708737777597154,False,card,card,1.15,False,False,Alakazam,True,win,1,0,[0]
85998207:0:68,85998207,True,True,True,True,1.0,0.9862559932359182,0.37297048422406104,True,evolve,evolve,1.4375,False,True,Alakazam,True,win,1,0,[0]
85998207:0:69,85998207,True,True,True,True,1.0,0.07402484790091438,0.9286486185857437,False,yes,yes,1.3800000000000001,False,False,Alakazam,True,win,1,0,[0]
85998207:0:7,85998207,True,True,True,True,1.0,0.8516629271582888,0.4267047626940554,True,card,card,0.95,False,False,Alakazam,True,win,1,0,[0]
85998207:0:70,85998207,False,False,False,False,0.16666666666666666,2.874676067249561,0.3079883459489166,True,xerosic,evolve,1.5000000000000002,False,True,Alakazam,True,win,1,2,[7]
85998207:0:72,85998207,False,False,True,True,0.3333333333333333,1.657898534114405,0.3856891321060933,True,attack,evolve,1.5000000000000002,False,True,Alakazam,True,win,1,1,[5]
85998207:0:73,85998207,True,True,True,True,1.0,0.2869841370708396,0.7505236342458836,False,card,card,1.3800000000000001,False,False,Alakazam,True,win,1,0,[0]
85998207:0:8,85998207,True,True,True,True,1.0,1.6893332734576458,0.1846425890780385,True,card,card,1.0,False,False,Alakazam,True,win,1,1,[1]
85998207:0:86,85998207,True,True,True,True,1.0,0.38248383329167346,0.6821649192485866,False,card,card,1.15,False,False,Alakazam,True,win,1,0,[0]
85998207:0:87,85998207,True,True,True,True,1.0,1.4232790092701277,0.24092273241846582,True,evolve,evolve,1.25,False,True,Alakazam,True,win,1,3,[3]
85998207:0:88,85998207,True,True,True,True,1.0,0.041994442760411616,0.9588751092563956,False,ability,ability,1.0,False,False,Alakazam,True,win,1,13,[13]
85998207:0:89,85998207,False,False,True,True,0.3333333333333333,2.4141391944032917,0.18298090859532545,True,card,hammer,1.0,False,False,Alakazam,True,win,1,1,[6]
85998207:0:9,85998207,True,True,True,True,1.0,0.449491473359372,0.6379524849827752,True,card,card,0.95,False,False,Alakazam,True,win,1,1,[1]
85998207:0:90,85998207,False,False,True,True,0.3333333333333333,1.8384591836054782,0.2595414698324613,True,card,card,1.15,False,False,Alakazam,True,win,1,1,[0]
85998207:0:91,85998207,True,True,True,True,1.0,0.7224270308871489,0.4855723256432253,True,evolve,evolve,1.25,False,True,Alakazam,True,win,1,13,[13]
85998207:0:92,85998207,True,True,True,True,1.0,0.08730746960589073,0.9163952886135956,False,yes,yes,1.15,False,False,Alakazam,True,win,1,0,[0]
85998207:0:93,85998207,True,True,True,True,1.0,1.3579918489447023,0.25717670842443074,True,evolve,evolve,1.1875,False,True,Alakazam,True,win,1,13,[13]
85998207:0:94,85998207,True,True,True,True,1.0,0.08347546600270654,0.9199136555535185,False,ability,ability,1.15,False,False,Alakazam,True,win,1,19,[19]
85998207:0:95,85998207,True,True,True,True,1.0,1.2460807489983152,0.2876298843823097,True,evolve,evolve,1.1875,False,True,Alakazam,True,win,1,17,[17]
85998207:0:96,85998207,True,True,True,True,1.0,0.10559695166757203,0.8997872327451404,False,ability,ability,0.95,False,False,Alakazam,True,win,1,18,[18]
85998207:0:97,85998207,False,False,False,False,0.125,3.4190559537292065,0.17001527874046146,True,card,energy,0.95,False,False,Alakazam,True,win,1,7,[17]
85998207:0:98,85998207,True,True,True,True,1.0,1.1698667531981195,0.310408299423178,True,card,card,1.15,False,False,Alakazam,True,win,1,0,[0]
85998207:0:99,85998207,True,True,True,True,1.0,1.8432820069555031,0.15829704063127195,True,energy,energy,1.1875,False,True,Alakazam,True,win,1,7,[7]
85998716:1:10,85998716,True,True,True,True,1.0,0.6743139433393075,0.5095058506119267,True,energy,energy,1.1875,False,True,deck_21c3f20980,False,win,1,1,[1]
85998716:1:11,85998716,True,True,True,True,1.0,0.9729227897757511,0.5927775722389845,True,card,card,1.15,False,False,deck_21c3f20980,False,win,1,0,"[0, 1]"
85998716:1:12,85998716,False,False,True,True,0.5,0.8114062616029565,0.5557670809311115,True,end,boss,1.0,False,False,deck_21c3f20980,False,win,1,0,[1]
85998716:1:126,85998716,True,True,True,True,1.0,0.638347378718334,0.528164559180733,True,card,card,1.3800000000000001,False,False,deck_21c3f20980,False,win,1,0,[0]
85998716:1:127,85998716,True,True,True,True,1.0,1.4674736397521961,0.23050709416000847,True,energy,energy,1.725,False,True,deck_21c3f20980,False,win,1,13,[13]
85998716:1:128,85998716,True,True,True,True,1.0,1.5617119861472568,0.20977662892571852,True,attack,attack,1.725,False,True,deck_21c3f20980,False,win,1,18,[18]
85998716:1:129,85998716,True,True,True,True,1.0,1.1019552443987606,0.8736700283053863,False,card,card,1.3800000000000001,False,False,deck_21c3f20980,False,win,1,0,"[0, 1]"
85998716:1:21,85998716,False,False,False,True,0.25,2.017528955645843,0.3207884924764306,True,card,evolve,1.15,False,False,deck_21c3f20980,False,win,1,0,[3]
85998716:1:22,85998716,True,True,True,True,1.0,0.30884167191526096,0.7342970206640614,False,evolve,evolve,1.4375,False,True,deck_21c3f20980,False,win,1,0,[0]
85998716:1:23,85998716,True,True,True,True,1.0,0.07595152810639864,0.9268611321847409,False,yes,yes,1.15,False,False,deck_21c3f20980,False,win,1,0,[0]
85998716:1:24,85998716,True,True,True,True,1.0,1.141495362343175,0.3193411338913032,True,evolve,evolve,1.4375,False,True,deck_21c3f20980,False,win,1,0,[0]
85998716:1:25,85998716,True,True,True,True,1.0,0.07595152810639864,0.9268611321847409,False,yes,yes,1.15,False,False,deck_21c3f20980,False,win,1,0,[0]
85998716:1:26,85998716,True,True,True,True,1.0,0.7474567870471331,0.4735694103896896,True,evolve,evolve,1.4375,False,True,deck_21c3f20980,False,win,1,6,[6]
85998716:1:27,85998716,True,True,True,True,1.0,0.0771264438575312,0.9257727879230306,False,yes,yes,1.15,False,False,deck_21c3f20980,False,win,1,0,[0]
85998716:1:28,85998716,True,True,True,True,1.0,0.46371122919432917,0.6289451492436714,True,evolve,evolve,1.4375,False,True,deck_21c3f20980,False,win,1,8,[8]
85998716:1:29,85998716,True,True,True,True,1.0,0.02759722097641362,0.972780103324505,False,ability,ability,1.15,False,False,deck_21c3f20980,False,win,1,8,[8]
85998716:1:3,85998716,True,True,True,True,1.0,-0.0,1.0,False,card,card,0.2491412213740458,True,False,deck_21c3f20980,False,win,1,0,[0]
85998716:1:30,85998716,True,True,True,True,1.0,0.14861078393370813,0.8619045167083501,False,card,card,1.15,False,False,deck_21c3f20980,False,win,1,0,[0]
85998716:1:31,85998716,False,False,True,True,0.3333333333333333,2.149728839995841,0.17166000653545527,True,card,boss,0.95,False,False,deck_21c3f20980,False,win,1,0,[4]
85998716:1:32,85998716,False,False,False,True,0.25,2.258440731615049,0.17622176392351052,True,energy,boss,1.1875,False,True,deck_21c3f20980,False,win,1,0,[2]
85998716:1:33,85998716,False,False,False,True,0.25,2.098407251103097,0.20734634089384207,True,xerosic,boss,1.1875,False,True,deck_21c3f20980,False,win,1,0,[5]
85998716:1:35,85998716,False,False,True,True,0.5,1.1835133185606848,0.5470613581526867,True,card,attack,1.3800000000000001,False,False,deck_21c3f20980,False,win,1,1,[0]
85998716:1:36,85998716,False,False,False,True,0.25,2.2329765165283435,0.17536292880975074,True,card,card,1.3800000000000001,False,False,deck_21c3f20980,False,win,1,0,[8]
85998716:1:37,85998716,True,True,True,True,1.0,0.5640827335709886,0.5688817236156499,True,card,card,1.2000000000000002,False,False,deck_21c3f20980,False,win,1,0,[0]
85998716:1:38,85998716,True,True,True,True,1.0,0.2362575277664488,0.7895773096669569,False,attack,attack,1.5000000000000002,False,True,deck_21c3f20980,False,win,1,0,[0]
85998716:1:39,85998716,True,True,True,True,1.0,0.28755240383297803,0.7500972577696062,False,card,card,1.3800000000000001,False,False,deck_21c3f20980,False,win,1,0,[0]
85998716:1:51,85998716,False,False,True,True,0.5,1.2414910097962362,0.42766801526296216,True,card,ability,1.0,False,False,deck_21c3f20980,False,win,1,1,[0]
85998716:1:52,85998716,False,False,True,True,0.3333333333333333,1.5911854591809944,0.3833688648911873,True,card,card,1.15,False,False,deck_21c3f20980,False,win,1,0,[2]
85998716:1:53,85998716,False,False,True,True,0.5,1.2453960633851473,0.49307165364429767,True,card,card,1.15,False,False,deck_21c3f20980,False,win,1,0,[2]
85998716:1:54,85998716,True,True,True,True,1.0,0.5147200495583742,0.5976678885894905,True,evolve,evolve,1.25,False,True,deck_21c3f20980,False,win,1,0,[0]
85998716:1:55,85998716,True,True,True,True,1.0,0.07189757928817658,0.9306262063287306,False,yes,yes,1.15,False,False,deck_21c3f20980,False,win,1,0,[0]
85998716:1:56,85998716,False,False,False,False,0.16666666666666666,2.324400052190334,0.27710404801423755,True,energy,attack,1.725,False,True,deck_21c3f20980,False,win,1,6,[3]
85998716:1:57,85998716,False,False,True,True,0.3333333333333333,1.5922336273433502,0.26369740614922654,True,card,attack,1.1400000000000001,False,False,deck_21c3f20980,False,win,1,3,[0]
85998716:1:58,85998716,False,False,True,True,0.5,0.8392831161322416,0.4968266365790563,True,ability,attack,1.1400000000000001,False,False,deck_21c3f20980,False,win,1,1,[0]
85998716:1:59,85998716,True,True,True,True,1.0,0.13261296275772588,0.8758039952835727,False,attack,attack,1.425,False,True,deck_21c3f20980,False,win,1,0,[0]
85998716:1:60,85998716,True,True,True,True,1.0,0.24967542361624506,0.7790536044409431,False,card,card,1.3800000000000001,False,False,deck_21c3f20980,False,win,1,0,[0]
85998716:1:82,85998716,True,True,True,True,1.0,0.5002917021945807,0.6063537591905044,True,card,card,1.265,False,False,deck_21c3f20980,False,win,1,0,[0]
85998716:1:83,85998716,True,True,True,True,1.0,1.1272131244076289,0.32393476553349215,True,evolve,evolve,1.4375,False,True,deck_21c3f20980,False,win,1,0,[0]
85998716:1:84,85998716,True,True,True,True,1.0,0.03864795839997785,0.962089345008295,False,ability,ability,1.15,False,False,deck_21c3f20980,False,win,1,5,[5]
85998716:1:85,85998716,True,True,True,True,1.0,1.5490419733387248,0.2124514104777787,True,evolve,evolve,1.4375,False,True,deck_21c3f20980,False,win,1,5,[5]
85998716:1:86,85998716,True,True,True,True,1.0,0.07310645476263739,0.9295018748573027,False,yes,yes,1.15,False,False,deck_21c3f20980,False,win,1,0,[0]
85998716:1:87,85998716,True,True,True,True,1.0,1.4567454778633004,0.23299332407552195,True,evolve,evolve,1.4375,False,True,deck_21c3f20980,False,win,1,6,[6]
85998716:1:88,85998716,True,True,True,True,1.0,0.07819880359611488,0.9247805585666772,False,yes,yes,1.15,False,False,deck_21c3f20980,False,win,1,0,[0]
85998716:1:89,85998716,False,False,False,False,0.08333333333333333,3.379318671181617,0.1408757115714867,True,card,card,0.95,False,False,deck_21c3f20980,False,win,1,3,[6]
85998716:1:9,85998716,True,True,True,True,1.0,0.5213251367459014,0.5937332487006889,True,card,card,0.95,False,False,deck_21c3f20980,False,win,1,3,[3]
85998716:1:90,85998716,True,True,True,True,1.0,0.18059935374944835,0.8347697390732282,False,card,card,1.15,False,False,deck_21c3f20980,False,win,1,0,[0]
85998716:1:91,85998716,True,True,True,True,1.0,0.4181007689143366,0.6582958893203444,False,card,card,1.0,False,False,deck_21c3f20980,False,win,1,0,[0]
85998716:1:92,85998716,True,True,True,True,1.0,-0.0,1.0,False,card,card,0.25,True,False,deck_21c3f20980,False,win,1,0,[0]
85998716:1:93,85998716,True,True,True,True,1.0,1.5242317023226417,0.21778831886304129,True,card,card,0.95,False,False,deck_21c3f20980,False,win,1,13,[13]
85998716:1:94,85998716,True,True,True,True,1.0,1.134339132868272,0.3216346088550671,True,ability,ability,1.1400000000000001,False,False,deck_21c3f20980,False,win,1,16,[16]
85998716:1:95,85998716,False,False,True,True,0.5,1.7693121736882342,0.19658287456652934,True,evolve,attack,1.725,False,True,deck_21c3f20980,False,win,1,19,[15]
85998716:1:96,85998716,True,True,True,True,1.0,0.07819880359611488,0.9247805585666772,False,yes,yes,1.3800000000000001,False,False,deck_21c3f20980,False,win,1,0,[0]
85998716:1:97,85998716,True,True,True,True,1.0,1.1990073630387872,0.30149333685612584,True,attack,attack,1.725,False,True,deck_21c3f20980,False,win,1,19,[19]
85998716:1:98,85998716,True,True,True,True,1.0,1.2382201629670189,0.7824495926604947,False,card,card,1.3800000000000001,False,False,deck_21c3f20980,False,win,1,0,"[0, 1]"
85999225:1:10,85999225,True,True,True,True,1.0,0.8152634042552319,0.4425227496332,True,card,card,1.03,False,False,deck_1eda048ea3,False,win,1,0,[0]
85999225:1:11,85999225,True,True,True,True,1.0,1.3625207692323063,0.29070773437377617,True,card,card,1.075,False,False,deck_1eda048ea3,False,win,1,0,"[0, 3]"
85999225:1:12,85999225,False,False,True,True,0.5,0.9062736211283147,0.42776914868144555,True,card,card,0.97,False,False,deck_1eda048ea3,False,win,1,0,[1]
85999225:1:13,85999225,False,False,False,False,0.16666666666666666,2.944518316843602,0.3610550401137182,True,card,card,0.9166666666666666,False,False,deck_1eda048ea3,False,win,1,0,[8]
85999225:1:14,85999225,True,True,True,True,1.0,0.33915089875325494,0.7123749444872673,False,card,card,0.97,False,False,deck_1eda048ea3,False,win,1,1,[1]
85999225:1:15,85999225,True,True,True,True,1.0,0.4583044235638807,0.6323549431576181,True,card,card,0.97,False,False,deck_1eda048ea3,False,win,1,0,[0]
85999225:1:16,85999225,True,True,True,True,1.0,0.661777461603305,0.5159334670687308,True,card,card,0.9166666666666666,False,False,deck_1eda048ea3,False,win,1,1,[1]
85999225:1:17,85999225,True,True,True,True,1.0,0.4683643549027516,0.6260253866797829,True,card,card,0.9166666666666666,False,False,deck_1eda048ea3,False,win,1,0,[0]
85999225:1:18,85999225,True,True,True,True,1.0,0.6951018981095611,0.4990235958332691,True,card,card,0.9166666666666666,False,False,deck_1eda048ea3,False,win,1,0,[0]
85999225:1:19,85999225,True,True,True,True,1.0,0.12482798835039657,0.88264871538899,False,card,card,0.95,False,False,deck_1eda048ea3,False,win,1,0,[0]
85999225:1:2,85999225,True,True,True,True,1.0,-0.0,1.0,False,card,card,0.2491412213740458,True,False,deck_1eda048ea3,False,win,1,0,[0]
85999225:1:20,85999225,True,True,True,True,1.0,-0.0,1.0,False,end,end,0.2875,True,False,deck_1eda048ea3,False,win,1,0,[0]
85999225:1:23,85999225,True,True,True,True,1.0,1.4303524890508519,0.3124161242067382,True,card,card,1.0,False,False,deck_1eda048ea3,False,win,1,2,"[2, 4]"
85999225:1:25,85999225,False,False,True,True,0.5,1.715162935522573,0.1937339758816341,True,evolve,evolve,1.4375,False,True,deck_1eda048ea3,False,win,1,6,[1]
85999225:1:26,85999225,True,True,True,True,1.0,0.07878923663245617,0.9242346987362295,False,yes,yes,1.15,False,False,deck_1eda048ea3,False,win,1,0,[0]
85999225:1:27,85999225,False,False,True,True,0.5,1.1951560441339206,0.36522002246484675,True,evolve,evolve,1.4375,False,True,deck_1eda048ea3,False,win,1,2,[1]
85999225:1:28,85999225,True,True,True,True,1.0,0.07878923663245617,0.9242346987362295,False,yes,yes,1.15,False,False,deck_1eda048ea3,False,win,1,0,[0]
85999225:1:29,85999225,True,True,True,True,1.0,0.36942319672263774,0.6911328633895023,False,evolve,evolve,1.1375,False,True,deck_1eda048ea3,False,win,1,0,[0]
85999225:1:30,85999225,True,True,True,True,1.0,0.013184516707857575,0.98690201830762,False,ability,ability,1.15,False,False,deck_1eda048ea3,False,win,1,3,[3]
85999225:1:31,85999225,False,False,True,True,0.5,1.8301658749121497,0.2639174049610347,True,hammer,card,1.1375,False,True,deck_1eda048ea3,False,win,1,0,[3]
85999225:1:32,85999225,True,True,True,True,1.0,-0.0,1.0,False,card,card,0.2875,True,False,deck_1eda048ea3,False,win,1,0,[0]
85999225:1:33,85999225,False,False,True,True,0.3333333333333333,1.5073143674486436,0.3956888211440183,True,card,card,0.9099999999999999,False,False,deck_1eda048ea3,False,win,1,0,[3]
85999225:1:34,85999225,False,False,True,True,0.5,1.7984485460547632,0.5133221741003303,True,card,card,1.05,False,False,deck_1eda048ea3,False,win,1,0,[3]
85999225:1:35,85999225,False,False,True,True,0.5,1.3619656524247903,0.43731096520701856,True,card,card,1.05,False,False,deck_1eda048ea3,False,win,1,0,[2]
85999225:1:36,85999225,True,True,True,True,1.0,0.6232959433566374,0.5361743219023054,True,evolve,evolve,1.1375,False,True,deck_1eda048ea3,False,win,1,2,[2]
85999225:1:37,85999225,True,True,True,True,1.0,0.07644292199389449,0.9264057901751305,False,yes,yes,1.15,False,False,deck_1eda048ea3,False,win,1,0,[0]
85999225:1:38,85999225,False,False,True,True,0.3333333333333333,1.6906436569592986,0.2309199532941221,True,energy,card,1.25,False,True,deck_1eda048ea3,False,win,1,0,[2]
85999225:1:39,85999225,True,True,True,True,1.0,1.29586848361435,0.2736600917899916,True,card,card,1.0,False,False,deck_1eda048ea3,False,win,1,0,[0]
85999225:1:4,85999225,True,True,True,True,1.0,1.147706102301118,0.317363935439129,True,number,number,1.15,False,False,deck_1eda048ea3,False,win,1,1,[1]
85999225:1:40,85999225,True,True,True,True,1.0,1.0208493151000169,0.5368423801465794,True,card,card,1.15,False,False,deck_1eda048ea3,False,win,1,0,"[0, 1]"
85999225:1:41,85999225,True,True,True,True,1.0,0.32539225227012897,0.7222439962248041,False,attack,attack,1.5000000000000002,False,True,deck_1eda048ea3,False,win,1,1,[1]
85999225:1:45,85999225,True,True,True,True,1.0,2.0189522969702915,0.22217571797985144,True,card,card,1.3875000000000002,False,True,deck_1eda048ea3,False,win,1,0,"[0, 1, 5, 6]"
85999225:1:47,85999225,True,True,True,True,1.0,0.8173778485900127,0.4415880484472844,True,evolve,evolve,1.1875,False,True,deck_1eda048ea3,False,win,1,1,[1]
85999225:1:48,85999225,True,True,True,True,1.0,0.06032813331074534,0.9414555599649418,False,yes,yes,1.15,False,False,deck_1eda048ea3,False,win,1,0,[0]
85999225:1:49,85999225,True,True,True,True,1.0,1.2126639541002984,0.29740395272677767,True,evolve,evolve,1.25,False,True,deck_1eda048ea3,False,win,1,1,[1]
85999225:1:50,85999225,True,True,True,True,1.0,0.03444552084892715,0.9661409727927895,False,ability,ability,1.0,False,False,deck_1eda048ea3,False,win,1,9,[9]
85999225:1:51,85999225,False,False,True,True,0.3333333333333333,2.2265870642941024,0.24795516755529998,True,card,attack,1.0,False,False,deck_1eda048ea3,False,win,1,10,[0]
85999225:1:52,85999225,True,True,True,True,1.0,0.46176805009356064,0.630168490513867,True,card,card,1.0,False,False,deck_1eda048ea3,False,win,1,0,[0]
85999225:1:53,85999225,True,True,True,True,1.0,0.4498752128213387,0.6377077244045775,True,card,card,1.0,False,False,deck_1eda048ea3,False,win,1,0,[0]
85999225:1:54,85999225,True,True,True,True,1.0,0.3302102264440429,0.7187726125372694,False,card,card,1.15,False,False,deck_1eda048ea3,False,win,1,0,[0]
85999225:1:55,85999225,False,False,True,True,0.5,1.6789821928051643,0.24618329547276527,True,evolve,attack,1.5000000000000002,False,True,deck_1eda048ea3,False,win,1,10,[7]
85999225:1:56,85999225,True,True,True,True,1.0,0.05703690916322195,0.9445592058332345,False,ability,ability,1.2000000000000002,False,False,deck_1eda048ea3,False,win,1,9,[9]
85999225:1:57,85999225,False,False,False,True,0.2,2.700470827184456,0.26279069748855827,True,energy,attack,1.725,False,True,deck_1eda048ea3,False,win,1,13,[11]
85999225:1:58,85999225,True,True,True,True,1.0,1.0732641352667083,0.34189071653932934,True,attack,attack,1.725,False,True,deck_1eda048ea3,False,win,1,6,[6]
85999225:1:59,85999225,True,True,True,True,1.0,0.28084519151605836,0.7551452293200023,False,card,card,1.3800000000000001,False,False,deck_1eda048ea3,False,win,1,0,[0]
85999225:1:8,85999225,False,False,True,True,0.3333333333333333,1.984148220920554,0.1764615632739002,True,card,card,1.1875,False,True,deck_1eda048ea3,False,win,1,6,"[2, 5]"
85999827:0:1,85999827,True,True,True,True,1.0,0.08644916736950367,0.9171821703821113,False,yes,yes,1.15,False,False,Team Rocket Spidops,False,win,1,0,[0]
85999827:0:105,85999827,False,False,True,True,0.5,2.336267418356487,0.5667431334166224,True,evolve,attack,1.4375,False,True,Team Rocket Spidops,True,win,1,18,[15]
85999827:0:106,85999827,True,True,True,True,1.0,0.06677270120030473,0.9354077942436622,False,yes,yes,1.15,False,False,Team Rocket Spidops,True,win,1,0,[0]
85999827:0:107,85999827,False,False,False,True,0.2,3.5579531239814517,0.6225865030214418,True,card,attack,1.15,False,False,Team Rocket Spidops,True,win,1,17,[16]
85999827:0:108,85999827,False,False,False,True,0.25,2.845917616157921,0.6355952008787559,True,retreat,attack,1.4375,False,True,Team Rocket Spidops,True,win,1,16,[17]
85999827:0:109,85999827,True,True,True,True,1.0,1.0640914949391902,0.3450411840769588,True,card,card,1.15,False,False,Team Rocket Spidops,True,win,1,2,[2]
85999827:0:110,85999827,True,True,True,True,1.0,0.5999047735469166,0.5488638999679547,True,card,card,1.3800000000000001,False,False,Team Rocket Spidops,True,win,1,0,[0]
85999827:0:111,85999827,False,False,False,True,0.25,3.045713177488936,0.32557521664185524,True,boss,attack,1.725,False,True,Team Rocket Spidops,True,win,1,16,[15]
85999827:0:112,85999827,True,True,True,True,1.0,1.1622343647436544,0.3127865203519108,True,card,card,1.3800000000000001,False,False,Team Rocket Spidops,True,win,1,3,[3]
85999827:0:113,85999827,True,True,True,True,1.0,0.8670845825056678,0.42017475012781663,True,attack,attack,1.725,False,True,Team Rocket Spidops,True,win,1,5,[5]
85999827:0:114,85999827,True,True,True,True,1.0,0.1635914389208601,0.8490888556831494,False,card,card,1.3800000000000001,False,False,Team Rocket Spidops,True,win,1,0,[0]
85999827:0:120,85999827,False,False,False,False,0.125,3.6359093862179592,0.24231376198752266,True,card,attack,1.0,False,False,Team Rocket Spidops,True,win,1,15,[0]
85999827:0:121,85999827,True,True,True,True,1.0,0.8774331313334385,0.41584897257481396,True,card,card,1.15,False,False,Team Rocket Spidops,True,win,1,2,[2]
85999827:0:122,85999827,False,False,True,True,0.3333333333333333,2.3681158253370835,0.17912920256342968,True,energy,evolve,1.25,False,True,Team Rocket Spidops,True,win,1,12,[15]
85999827:0:123,85999827,False,False,False,True,0.25,2.8950892089737463,0.3648986197789271,True,retreat,attack,1.5812499999999998,False,True,Team Rocket Spidops,True,win,1,14,[15]
85999827:0:124,85999827,True,True,True,True,1.0,-0.0,1.0,False,card,card,0.34500000000000003,True,False,Team Rocket Spidops,True,win,1,0,[0]
85999827:0:125,85999827,True,True,True,True,1.0,0.6786316760168608,0.5073106830350655,True,card,card,1.3800000000000001,False,False,Team Rocket Spidops,True,win,1,0,[0]
85999827:0:126,85999827,True,True,True,True,1.0,0.4261175826771324,0.6530395514674039,False,attack,attack,1.725,False,True,Team Rocket Spidops,True,win,1,14,[14]
85999827:0:127,85999827,False,False,True,True,0.3333333333333333,1.360088377062521,0.26516533676143067,True,card,card,1.265,False,False,Team Rocket Spidops,True,win,1,0,[1]
85999827:0:128,85999827,True,True,True,True,1.0,0.1112859778689909,0.8946828528447873,False,card,card,1.265,False,False,Team Rocket Spidops,True,win,1,0,[0]
85999827:0:135,85999827,False,False,False,False,0.14285714285714285,3.421577528999032,0.2409639974131889,True,card,evolve,1.0,False,False,Team Rocket Spidops,True,win,1,12,[10]
85999827:0:136,85999827,True,True,True,True,1.0,1.1841849393787482,0.48936679782860587,True,card,card,0.95,False,False,Team Rocket Spidops,True,win,1,2,"[0, 1, 2]"
85999827:0:137,85999827,True,True,True,True,1.0,1.0754436650480836,0.3411463670013091,True,energy,energy,1.4375,False,True,Team Rocket Spidops,True,win,1,8,[8]
85999827:0:138,85999827,False,False,False,True,0.25,2.6943174612437435,0.518030812186461,True,retreat,attack,1.375,False,True,Team Rocket Spidops,True,win,1,8,[9]
85999827:0:139,85999827,True,True,True,True,1.0,-0.0,1.0,False,card,card,0.31625,True,False,Team Rocket Spidops,True,win,1,0,[0]
85999827:0:140,85999827,True,True,True,True,1.0,0.7307527473828445,0.4815463708566049,True,card,card,1.265,False,False,Team Rocket Spidops,True,win,1,0,[0]
85999827:0:141,85999827,True,True,True,True,1.0,0.2901621313324788,0.7481422604434178,False,attack,attack,1.725,False,True,Team Rocket Spidops,True,win,1,8,[8]
85999827:0:142,85999827,False,False,True,True,0.5,0.992704293487441,0.3814744794822945,True,card,card,1.3800000000000001,False,False,Team Rocket Spidops,True,win,1,2,[1]
85999827:0:145,85999827,True,True,True,True,1.0,0.4120959942726771,0.6622606997664947,False,attack,attack,1.725,False,True,Team Rocket Spidops,True,win,1,16,[16]
85999827:0:146,85999827,True,True,True,True,1.0,0.6565540607930548,0.5186354449720622,True,card,card,1.265,False,False,Team Rocket Spidops,True,win,1,1,[1]
85999827:0:147,85999827,True,True,True,True,1.0,-0.0,1.0,False,card,card,0.31625,True,False,Team Rocket Spidops,True,win,1,0,[0]
85999827:0:2,85999827,False,False,True,True,0.3333333333333333,1.384230786932719,0.48634498915183844,True,card,card,0.9965648854961832,False,False,Team Rocket Spidops,True,win,1,0,[2]
85999827:0:21,85999827,True,True,True,True,1.0,0.25057036253869963,0.7783567109327257,False,evolve,evolve,1.4375,False,True,Team Rocket Spidops,True,win,1,0,[0]
85999827:0:22,85999827,True,True,True,True,1.0,0.01692744929163023,0.9832150149931619,False,ability,ability,1.15,False,False,Team Rocket Spidops,True,win,1,6,[6]
85999827:0:23,85999827,True,True,True,True,1.0,0.38990596653084036,0.6771205434983537,False,card,card,1.15,False,False,Team Rocket Spidops,True,win,1,0,[0]
85999827:0:24,85999827,True,True,True,True,1.0,0.8026344785544435,0.44814677450769785,True,card,card,1.15,False,False,Team Rocket Spidops,True,win,1,7,[7]
85999827:0:25,85999827,False,False,True,True,0.3333333333333333,2.1184452428051213,0.21445623870360184,True,energy,card,1.4375,False,True,Team Rocket Spidops,True,win,1,7,[5]
85999827:0:26,85999827,True,True,True,True,1.0,0.6607408358492773,0.5164685742931054,True,card,card,0.95,False,False,Team Rocket Spidops,True,win,1,4,[4]
85999827:0:27,85999827,True,True,True,True,1.0,1.3426473250978403,0.2611533947114333,True,card,card,0.95,False,False,Team Rocket Spidops,True,win,1,2,[2]
85999827:0:28,85999827,False,False,True,True,0.3333333333333333,1.8822250641097058,0.33612420503167517,True,card,card,1.15,False,False,Team Rocket Spidops,True,win,1,0,[1]
85999827:0:29,85999827,False,False,True,True,0.3333333333333333,1.7127787573591753,0.22846598486411082,True,evolve,evolve,1.1875,False,True,Team Rocket Spidops,True,win,1,4,[3]
85999827:0:30,85999827,True,True,True,True,1.0,0.062173550134801865,0.939719784143041,False,yes,yes,1.15,False,False,Team Rocket Spidops,True,win,1,0,[0]
85999827:0:31,85999827,False,False,True,True,0.3333333333333333,1.7561255064356207,0.3201987339161829,True,boss,card,1.4375,False,True,Team Rocket Spidops,True,win,1,3,[1]
85999827:0:32,85999827,False,False,False,True,0.25,1.835667540906468,0.38004080093119613,True,card,card,1.15,False,False,Team Rocket Spidops,True,win,1,0,[3]
85999827:0:33,85999827,False,False,True,True,0.5,0.8611206595754949,0.48680157035916577,True,attack,card,1.4375,False,True,Team Rocket Spidops,True,win,1,0,[1]
85999827:0:39,85999827,False,False,True,True,0.5,1.5394916201879607,0.6087796084286207,True,evolve,card,1.4375,False,True,Team Rocket Spidops,True,win,1,0,[1]
85999827:0:4,85999827,True,True,True,True,1.0,0.6991966927376116,0.5548318462624363,True,card,card,1.0639204545454546,False,False,Team Rocket Spidops,True,win,1,1,"[0, 1]"
85999827:0:40,85999827,True,True,True,True,1.0,0.07748243575983581,0.9254432789618969,False,yes,yes,1.15,False,False,Team Rocket Spidops,True,win,1,0,[0]
85999827:0:41,85999827,False,False,False,True,0.25,2.337367199115867,0.48633900881086306,True,card,card,1.15,False,False,Team Rocket Spidops,True,win,1,0,[2]
85999827:0:42,85999827,True,True,True,True,1.0,0.5724699830721537,0.5641303241030735,True,card,card,1.0,False,False,Team Rocket Spidops,True,win,1,2,[2]
85999827:0:43,85999827,False,False,True,True,0.5,1.1801164809903195,0.44524635501189674,True,card,card,1.0,False,False,Team Rocket Spidops,True,win,1,0,[1]
85999827:0:44,85999827,True,True,True,True,1.0,-0.0,1.0,False,card,card,0.2875,True,False,Team Rocket Spidops,True,win,1,0,[0]
85999827:0:45,85999827,False,False,True,True,0.5,1.8291518815253762,0.3989436077877736,True,evolve,card,1.15625,False,True,Team Rocket Spidops,True,win,1,0,[7]
85999827:0:46,85999827,True,True,True,True,1.0,0.028252174896301004,0.9721431857812329,False,ability,ability,1.15,False,False,Team Rocket Spidops,True,win,1,7,[7]
85999827:0:47,85999827,True,True,True,True,1.0,0.9295769454839964,0.3947206634132089,True,card,card,0.9249999999999999,False,False,Team Rocket Spidops,True,win,1,6,[6]
85999827:0:48,85999827,False,False,False,False,0.125,3.246138597215149,0.3536672854673184,True,energy,card,1.15625,False,True,Team Rocket Spidops,True,win,1,0,[6]
85999827:0:49,85999827,False,False,True,True,0.5,1.3731136929637608,0.7466830209825409,False,end,card,0.9249999999999999,False,False,Team Rocket Spidops,True,win,1,0,[1]
85999827:0:5,85999827,True,True,True,True,1.0,0.23442222024370926,0.7910277574448972,False,none,none,1.0639204545454546,False,False,Team Rocket Spidops,True,win,1,2,[2]
85999827:0:51,85999827,False,False,False,False,0.1111111111111111,3.1907370732852636,0.2951283343165677,True,energy,card,1.25,False,True,Team Rocket Spidops,True,win,1,2,[15]
85999827:0:52,85999827,False,False,False,True,0.2,2.691471446345125,0.5170749894688769,True,end,card,1.0,False,False,Team Rocket Spidops,True,win,1,2,[4]
85999827:0:56,85999827,False,False,True,True,0.5,1.654918149486692,0.3189305944967381,True,evolve,card,1.25,False,True,Team Rocket Spidops,True,win,1,0,[14]
85999827:0:57,85999827,True,True,True,True,1.0,0.040271555791657296,0.9605285666378824,False,ability,ability,1.0,False,False,Team Rocket Spidops,True,win,1,14,[14]
85999827:0:58,85999827,True,True,True,True,1.0,1.0633265503965383,0.3453052224221792,True,card,card,1.15,False,False,Team Rocket Spidops,True,win,1,0,[0]
85999827:0:59,85999827,True,True,True,True,1.0,0.4452101524039797,0.640689619419883,True,evolve,evolve,1.4375,False,True,Team Rocket Spidops,True,win,1,0,[0]
85999827:0:6,85999827,True,True,True,True,1.0,0.8311192743479906,0.4355615005748569,True,card,card,1.15,False,False,Team Rocket Spidops,True,win,1,0,[0]
85999827:0:60,85999827,True,True,True,True,1.0,0.07037722307658167,0.9320421657708149,False,yes,yes,1.15,False,False,Team Rocket Spidops,True,win,1,0,[0]
85999827:0:61,85999827,True,True,True,True,1.0,1.1440381818459282,0.31853013857235646,True,energy,energy,1.25,False,True,Team Rocket Spidops,True,win,1,1,[1]
85999827:0:62,85999827,True,True,True,True,1.0,1.8280582281318418,0.16072535694209988,True,card,card,1.0,False,False,Team Rocket Spidops,True,win,1,3,[3]
85999827:0:63,85999827,True,True,True,True,1.0,0.6527766945914446,0.5205982257098399,True,card,card,1.15,False,False,Team Rocket Spidops,True,win,1,0,[0]
85999827:0:64,85999827,True,True,True,True,1.0,0.6559365395943371,0.5189558122603543,True,attack,attack,1.4375,False,True,Team Rocket Spidops,True,win,1,2,[2]
85999827:0:7,85999827,True,True,True,True,1.0,0.9279333571251434,0.6354503891734644,True,card,card,1.15,False,False,Team Rocket Spidops,True,win,1,0,"[0, 1]"
85999827:0:70,85999827,True,True,True,True,1.0,0.17685414329083282,0.8379019892373433,False,card,card,1.15,False,False,Team Rocket Spidops,True,win,1,0,[0]
85999827:0:71,85999827,True,True,True,True,1.0,0.6742570632857424,0.5095348321562293,True,ability,ability,1.15,False,False,Team Rocket Spidops,True,win,1,15,[15]
85999827:0:72,85999827,False,False,True,True,0.3333333333333333,2.5047191374527196,0.14942741411068206,True,card,energy,1.3800000000000001,False,False,Team Rocket Spidops,True,win,1,19,[15]
85999827:0:73,85999827,True,True,True,True,1.0,1.8247692731873668,0.16125484565447662,True,energy,energy,1.725,False,True,Team Rocket Spidops,True,win,1,18,[18]
85999827:0:74,85999827,True,True,True,True,1.0,1.467897823833515,0.2304093374549196,True,card,card,1.2000000000000002,False,False,Team Rocket Spidops,True,win,1,12,[12]
85999827:0:75,85999827,False,False,True,True,0.3333333333333333,2.0850113717370995,0.21042453117540594,True,attack,xerosic,1.5000000000000002,False,True,Team Rocket Spidops,True,win,1,0,[11]
85999827:0:76,85999827,True,True,True,True,1.0,0.289885878234199,0.7483489656109763,False,card,card,1.3800000000000001,False,False,Team Rocket Spidops,True,win,1,0,[0]
85999827:0:8,85999827,True,True,True,True,1.0,1.1681255132091233,0.310949265606345,True,energy,energy,1.25,False,True,Team Rocket Spidops,True,win,1,1,[1]
85999827:0:83,85999827,False,False,True,True,0.3333333333333333,2.360617141988614,0.18827153945490682,True,energy,evolve,1.4375,False,True,Team Rocket Spidops,True,win,1,12,[3]
85999827:0:84,85999827,False,False,False,True,0.25,2.402744879930481,0.18230969848120132,True,retreat,attack,1.5812499999999998,False,True,Team Rocket Spidops,True,win,1,11,[12]
85999827:0:85,85999827,True,True,True,True,1.0,-0.0,1.0,False,card,card,0.31625,True,False,Team Rocket Spidops,True,win,1,0,[0]
85999827:0:86,85999827,False,False,True,True,0.5,1.5130189224432244,0.584473131596997,True,card,card,1.265,False,False,Team Rocket Spidops,True,win,1,0,[2]
85999827:0:87,85999827,True,True,True,True,1.0,0.34910959930699287,0.7053158239081585,False,attack,attack,1.5812499999999998,False,True,Team Rocket Spidops,True,win,1,11,[11]
85999827:0:88,85999827,False,False,True,True,0.3333333333333333,1.5749400625383956,0.2329020592630192,True,card,card,1.265,False,False,Team Rocket Spidops,True,win,1,4,[0]
85999827:0:9,85999827,True,True,True,True,1.0,-0.0,1.0,False,end,end,0.25,True,False,Team Rocket Spidops,True,win,1,0,[0]
85999827:0:93,85999827,False,False,False,True,0.2,3.490791027054101,0.6572037076839586,False,boss,attack,1.725,False,True,Team Rocket Spidops,True,win,1,15,[14]
85999827:0:94,85999827,False,False,True,True,0.5,1.8472285562970687,0.28162847219587717,True,card,card,1.3800000000000001,False,False,Team Rocket Spidops,True,win,1,0,[2]
85999827:0:95,85999827,True,True,True,True,1.0,0.33106502672922195,0.7181584680259409,False,attack,attack,1.725,False,True,Team Rocket Spidops,True,win,1,5,[5]
85999827:0:96,85999827,True,True,True,True,1.0,1.6398889976716164,0.19400157572235455,True,card,card,1.265,False,False,Team Rocket Spidops,True,win,1,3,[3]
85999827:0:97,85999827,True,True,True,True,1.0,1.2971922015305373,0.7068820914922663,False,card,card,1.265,False,False,Team Rocket Spidops,True,win,1,0,"[0, 1]"
86000305:1:100,86000305,True,True,True,True,1.0,1.1146114072583022,0.32804272915837973,True,ability,ability,1.15,False,False,Alakazam,False,win,1,12,[12]
86000305:1:101,86000305,True,True,True,True,1.0,1.2688377878051669,0.2811581974522609,True,evolve,evolve,1.1875,False,True,Alakazam,False,win,1,9,[9]
86000305:1:102,86000305,True,True,True,True,1.0,0.05809564702516889,0.9435596944428094,False,ability,ability,1.15,False,False,Alakazam,False,win,1,16,[16]
86000305:1:103,86000305,False,False,False,False,0.16666666666666666,2.7874667543284026,0.1763404499231199,True,card,card,0.95,False,False,Alakazam,False,win,1,7,[3]
86000305:1:104,86000305,True,True,True,True,1.0,1.3164264591787538,0.2680916285906312,True,card,card,1.15,False,False,Alakazam,False,win,1,0,[0]
86000305:1:105,86000305,True,True,True,True,1.0,0.805670576661242,0.446788220329515,True,evolve,evolve,1.1875,False,True,Alakazam,False,win,1,16,[16]
86000305:1:106,86000305,True,True,True,True,1.0,0.09157332759314181,0.9124944026804354,False,yes,yes,1.15,False,False,Alakazam,False,win,1,0,[0]
86000305:1:107,86000305,True,True,True,True,1.0,1.3605937465345466,0.25650843073867985,True,evolve,evolve,1.25,False,True,Alakazam,False,win,1,17,[17]
86000305:1:108,86000305,True,True,True,True,1.0,0.06563933134570511,0.936468558244838,False,ability,ability,1.0,False,False,Alakazam,False,win,1,17,[17]
86000305:1:109,86000305,True,True,True,True,1.0,1.565136649443835,0.20905944336463894,True,energy,energy,1.4375,False,True,Alakazam,False,win,1,7,[7]
86000305:1:11,86000305,True,True,True,True,1.0,0.9939538101212771,0.3701104478738525,True,energy,energy,1.4375,False,True,Alakazam,False,win,1,2,[2]
86000305:1:110,86000305,True,True,True,True,1.0,1.8330962084351268,0.1599176620434402,True,card,card,0.95,False,False,Alakazam,False,win,1,3,[3]
86000305:1:111,86000305,False,False,False,True,0.2,2.401272044881577,0.13395201152765082,True,xerosic,attack,1.1875,False,True,Alakazam,False,win,1,12,[6]
86000305:1:113,86000305,False,False,False,True,0.25,2.349821326401839,0.4526124238060058,True,card,attack,1.1400000000000001,False,False,Alakazam,False,win,1,6,[2]
86000305:1:114,86000305,True,True,True,True,1.0,0.7493661011930649,0.6630545202421267,False,card,card,1.3800000000000001,False,False,Alakazam,False,win,1,0,"[0, 1]"
86000305:1:115,86000305,True,True,True,True,1.0,0.6843109540012703,0.5044376906250886,True,attack,attack,1.725,False,True,Alakazam,False,win,1,5,[5]
86000305:1:116,86000305,True,True,True,True,1.0,0.20272381437041662,0.8165037168807403,False,card,card,1.3800000000000001,False,False,Alakazam,False,win,1,0,[0]
86000305:1:12,86000305,True,True,True,True,1.0,0.7912230192827165,0.7110168456442671,False,card,card,1.15,False,False,Alakazam,False,win,1,0,"[0, 1]"
86000305:1:129,86000305,True,True,True,True,1.0,1.229178555947659,0.29253277832252633,True,card,card,1.15,False,False,Alakazam,False,win,1,1,[1]
86000305:1:13,86000305,True,True,True,True,1.0,0.8420570447833144,0.43082338830012357,True,card,card,1.0,False,False,Alakazam,False,win,1,1,[1]
86000305:1:130,86000305,True,True,True,True,1.0,1.0449757740746144,0.35170033954104585,True,ability,ability,1.0,False,False,Alakazam,False,win,1,14,[14]
86000305:1:131,86000305,False,False,False,True,0.2,3.0796608953302202,0.25749438072097064,True,card,evolve,0.9249999999999999,False,False,Alakazam,False,win,1,16,[15]
86000305:1:132,86000305,True,True,True,True,1.0,2.0040787831919253,0.2676448164789132,True,card,card,1.03,False,False,Alakazam,False,win,1,0,"[0, 1, 2, 4, 7]"
86000305:1:133,86000305,False,False,False,True,0.25,3.126084465683864,0.26176693144451896,True,card,evolve,0.95,False,False,Alakazam,False,win,1,15,[11]
86000305:1:134,86000305,True,True,True,True,1.0,1.0646714897929725,0.545407630952539,True,card,card,1.15,False,False,Alakazam,False,win,1,0,"[0, 2]"
86000305:1:135,86000305,False,False,True,True,0.5,1.7337697281910454,0.2969688200231572,True,evolve,evolve,1.25,False,True,Alakazam,False,win,1,14,[15]
86000305:1:136,86000305,True,True,True,True,1.0,0.06628852591094835,0.9358608052426223,False,ability,ability,1.0,False,False,Alakazam,False,win,1,14,[14]
86000305:1:137,86000305,False,False,True,True,0.5,1.720679194418948,0.28014741099654633,True,card,evolve,0.95,False,False,Alakazam,False,win,1,16,[15]
86000305:1:138,86000305,False,False,True,True,0.5,1.664306757191278,0.321981399700485,True,evolve,evolve,1.1875,False,True,Alakazam,False,win,1,14,[15]
86000305:1:139,86000305,True,True,True,True,1.0,0.06791647801202641,0.9343385081280069,False,ability,ability,1.0,False,False,Alakazam,False,win,1,15,[15]
86000305:1:14,86000305,True,True,True,True,1.0,1.1743166853020155,0.5412367780559554,True,card,card,1.15,False,False,Alakazam,False,win,1,0,"[0, 2]"
86000305:1:140,86000305,True,True,True,True,1.0,1.4046845904289962,0.24544445977717358,True,card,card,0.9249999999999999,False,False,Alakazam,False,win,1,17,[17]
86000305:1:141,86000305,False,False,False,True,0.2,2.5017133171848065,0.09357967978836614,True,xerosic,card,1.15625,False,True,Alakazam,False,win,1,15,[11]
86000305:1:143,86000305,False,False,False,False,0.09090909090909091,3.3791597558528688,0.1490109041383491,True,end,card,0.9249999999999999,False,False,Alakazam,False,win,1,9,[10]
86000305:1:146,86000305,True,True,True,True,1.0,2.9060131351253715,0.11297740697571729,True,card,card,1.365,False,True,Alakazam,False,win,1,5,"[0, 1, 2, 3, 5, 6, 7, 10, 11, 12, 13, 14, 15, 16, 17]"
86000305:1:149,86000305,True,True,True,True,1.0,1.0650458329411414,0.34471205523781506,True,card,card,1.15,False,False,Alakazam,False,win,1,1,[1]
86000305:1:15,86000305,True,True,True,True,1.0,0.5801320876575227,0.5598244157858118,True,card,card,1.3800000000000001,False,False,Alakazam,False,win,1,0,[0]
86000305:1:150,86000305,False,False,True,True,0.5,1.7556458970044895,0.1970756742051596,True,evolve,ability,1.4375,False,True,Alakazam,False,win,1,8,[1]
86000305:1:151,86000305,True,True,True,True,1.0,0.10009837440584374,0.9047484095707243,False,yes,yes,1.15,False,False,Alakazam,False,win,1,0,[0]
86000305:1:152,86000305,True,True,True,True,1.0,1.332661680338174,0.26377424339304467,True,evolve,evolve,1.4375,False,True,Alakazam,False,win,1,2,[2]
86000305:1:153,86000305,True,True,True,True,1.0,0.10009837440584374,0.9047484095707243,False,yes,yes,1.15,False,False,Alakazam,False,win,1,0,[0]
86000305:1:154,86000305,False,False,True,True,0.5,1.4497750468846742,0.2622235482012926,True,evolve,ability,1.25,False,True,Alakazam,False,win,1,10,[8]
86000305:1:155,86000305,True,True,True,True,1.0,0.13070592434859382,0.8774757807143021,False,ability,ability,1.15,False,False,Alakazam,False,win,1,10,[10]
86000305:1:156,86000305,True,True,True,True,1.0,1.2140408432309275,0.29699474224024675,True,card,card,1.0,False,False,Alakazam,False,win,1,8,[8]
86000305:1:157,86000305,True,True,True,True,1.0,0.31309895217266626,0.7311775573811818,False,evolve,evolve,1.4375,False,True,Alakazam,False,win,1,0,[0]
86000305:1:158,86000305,False,False,True,True,0.5,2.3169885679769275,0.9014300241173298,False,no,yes,1.15,False,False,Alakazam,False,win,1,0,[1]
86000305:1:159,86000305,True,True,True,True,1.0,1.0290572381714405,0.35734369180784065,True,energy,energy,1.5000000000000002,False,True,Alakazam,False,win,1,2,[2]
86000305:1:16,86000305,False,False,True,True,0.5,1.424289279865553,0.2738526474026475,True,card,card,1.2000000000000002,False,False,Alakazam,False,win,1,2,[1]
86000305:1:160,86000305,False,False,False,True,0.25,2.725066913390873,0.44828850089876343,True,card,attack,1.3800000000000001,False,False,Alakazam,False,win,1,5,[0]
86000305:1:161,86000305,True,True,True,True,1.0,1.8516384763018174,0.3731590571871301,True,card,card,1.2600000000000002,False,False,Alakazam,False,win,1,0,"[0, 2, 4]"
86000305:1:162,86000305,True,True,True,True,1.0,0.5614382247295597,0.5703881273345452,True,attack,attack,1.5000000000000002,False,True,Alakazam,False,win,1,2,[2]
86000305:1:163,86000305,True,True,True,True,1.0,0.19889850119376457,0.8196330808903968,False,card,card,1.3800000000000001,False,False,Alakazam,False,win,1,0,[0]
86000305:1:166,86000305,True,True,True,True,1.0,2.012308027291711,0.1720937429557596,True,card,card,0.97,False,False,Alakazam,False,win,1,1,"[0, 1, 2, 3, 7]"
86000305:1:17,86000305,True,True,True,True,1.0,1.0603291784008586,0.3463417833290874,True,card,card,1.2000000000000002,False,False,Alakazam,False,win,1,0,[0]
86000305:1:173,86000305,True,True,True,True,1.0,0.6908434457588745,0.5011531952184949,True,card,card,1.15,False,False,Alakazam,False,win,1,1,[1]
86000305:1:174,86000305,True,True,True,True,1.0,1.1889476796708176,0.3045415707905311,True,evolve,evolve,1.4375,False,True,Alakazam,False,win,1,3,[3]
86000305:1:175,86000305,False,False,True,True,0.5,2.361800801440672,0.9057496558725141,False,no,yes,1.15,False,False,Alakazam,False,win,1,0,[1]
86000305:1:176,86000305,False,False,True,True,0.5,1.2695157122317937,0.39346334003142763,True,energy,ability,1.4375,False,True,Alakazam,False,win,1,4,[0]
86000305:1:177,86000305,False,False,False,True,0.25,2.6246710397188604,0.45813366651092735,True,retreat,attack,1.4375,False,True,Alakazam,False,win,1,2,[3]
86000305:1:178,86000305,True,True,True,True,1.0,-0.0,1.0,False,card,card,0.34500000000000003,True,False,Alakazam,False,win,1,0,[0]
86000305:1:179,86000305,True,True,True,True,1.0,0.47984993951860827,0.618876253707069,True,card,card,1.3800000000000001,False,False,Alakazam,False,win,1,0,[0]
86000305:1:18,86000305,True,True,True,True,1.0,0.3174516749835169,0.7280018606261858,False,attack,attack,1.5000000000000002,False,True,Alakazam,False,win,1,0,[0]
86000305:1:180,86000305,False,False,True,True,0.5,0.9938519336435783,0.4259237073430455,True,end,ability,1.3800000000000001,False,False,Alakazam,False,win,1,1,[2]
86000305:1:182,86000305,False,False,True,True,0.5,0.9240661305597533,0.45948221004272405,True,card,evolve,1.15,False,False,Alakazam,False,win,1,0,[1]
86000305:1:183,86000305,True,True,True,True,1.0,0.3903891602501362,0.6767934421375549,False,evolve,evolve,1.4375,False,True,Alakazam,False,win,1,0,[0]
86000305:1:184,86000305,False,False,True,True,0.5,2.314496422081671,0.9011840670033312,False,no,yes,1.15,False,False,Alakazam,False,win,1,0,[1]
86000305:1:185,86000305,True,True,True,True,1.0,-0.0,1.0,False,end,end,0.2875,True,False,Alakazam,False,win,1,0,[0]
86000305:1:19,86000305,False,False,True,True,0.5,1.6103598901597138,0.4636929709513919,True,card,card,1.3800000000000001,False,False,Alakazam,False,win,1,0,[2]
86000305:1:3,86000305,True,True,True,True,1.0,-0.0,1.0,False,card,card,0.2439516129032258,True,False,Alakazam,False,win,1,0,[0]
86000305:1:31,86000305,False,False,True,True,0.5,1.7767174313077474,0.18787499061561744,True,card,card,0.95,False,False,Alakazam,False,win,1,1,"[2, 3, 5]"
86000305:1:33,86000305,True,True,True,True,1.0,1.0763920303790155,0.34082298897856156,True,evolve,evolve,1.4375,False,True,Alakazam,False,win,1,0,[0]
86000305:1:34,86000305,True,True,True,True,1.0,0.07555230280138404,0.9272312324747285,False,ability,ability,1.15,False,False,Alakazam,False,win,1,13,[13]
86000305:1:35,86000305,True,True,True,True,1.0,0.5068592279200119,0.6023845634426332,True,card,card,1.15,False,False,Alakazam,False,win,1,0,[0]
86000305:1:36,86000305,True,True,True,True,1.0,1.1583871135065078,0.31399220648087567,True,card,card,1.15,False,False,Alakazam,False,win,1,11,[11]
86000305:1:37,86000305,True,True,True,True,1.0,1.2352172718940102,0.2907715790124201,True,evolve,evolve,1.4375,False,True,Alakazam,False,win,1,6,[6]
86000305:1:38,86000305,True,True,True,True,1.0,0.07878318735586257,0.9242402897044703,False,yes,yes,1.15,False,False,Alakazam,False,win,1,0,[0]
86000305:1:39,86000305,True,True,True,True,1.0,1.9767700229505534,0.13851591877573852,True,card,card,1.15,False,False,Alakazam,False,win,1,12,[12]
86000305:1:40,86000305,True,True,True,True,1.0,0.3630853202811123,0.6955270884007573,False,card,card,1.15,False,False,Alakazam,False,win,1,0,[0]
86000305:1:41,86000305,False,False,True,True,0.3333333333333333,2.0595741234821623,0.5078174210346946,True,card,card,1.15,False,False,Alakazam,False,win,1,0,[2]
86000305:1:42,86000305,False,True,True,True,1.0,1.6948637000221962,0.5834443772359573,True,card,card,1.15,False,False,Alakazam,False,win,1,0,[2]
86000305:1:43,86000305,True,True,True,True,1.0,1.4322508748610299,0.23877087357393417,True,card,card,1.15,False,False,Alakazam,False,win,1,10,[10]
86000305:1:44,86000305,True,True,True,True,1.0,0.13192480938258108,0.8764068901771783,False,evolve,evolve,1.4375,False,True,Alakazam,False,win,1,0,[0]
86000305:1:45,86000305,True,True,True,True,1.0,0.06525690829043244,0.9368267538988215,False,yes,yes,1.15,False,False,Alakazam,False,win,1,0,[0]
86000305:1:46,86000305,True,True,True,True,1.0,0.9857106500409134,0.3731739366102152,True,evolve,evolve,1.4375,False,True,Alakazam,False,win,1,12,[12]
86000305:1:47,86000305,False,False,True,True,0.5,2.8065019652489682,0.9395840396806037,False,no,yes,1.3800000000000001,False,False,Alakazam,False,win,1,0,[1]
86000305:1:48,86000305,True,True,True,True,1.0,1.5948865260639562,0.20293155463833853,True,energy,energy,1.425,False,True,Alakazam,False,win,1,5,[5]
86000305:1:49,86000305,True,True,True,True,1.0,0.8461582741895122,0.429060101045472,True,card,card,1.1400000000000001,False,False,Alakazam,False,win,1,1,[1]
86000305:1:50,86000305,True,True,True,True,1.0,0.365782610524844,0.6936535778077589,False,attack,attack,1.425,False,True,Alakazam,False,win,1,2,[2]
86000305:1:51,86000305,False,True,True,True,1.0,3.264974668367414,0.7500414088547718,False,card,card,1.3800000000000001,False,False,Alakazam,False,win,1,0,[3]
86000305:1:57,86000305,True,True,True,True,1.0,1.9125506188191561,0.2216611242027996,True,card,card,1.15625,False,True,Alakazam,False,win,1,2,"[1, 2, 5, 6]"
86000305:1:62,86000305,True,True,True,True,1.0,0.5383396568519384,0.5837166181291259,True,card,card,1.15,False,False,Alakazam,False,win,1,0,[0]
86000305:1:63,86000305,True,True,True,True,1.0,0.3718020107407709,0.6894907407721939,False,ability,ability,1.15,False,False,Alakazam,False,win,1,12,[12]
86000305:1:64,86000305,True,True,True,True,1.0,0.8494396059938976,0.42765451984024855,True,evolve,evolve,1.25,False,True,Alakazam,False,win,1,14,[14]
86000305:1:65,86000305,True,True,True,True,1.0,0.08730746960589073,0.9163952886135956,False,yes,yes,1.15,False,False,Alakazam,False,win,1,0,[0]
86000305:1:66,86000305,False,False,True,True,0.5,2.1817213088521834,0.3227479147215961,True,energy,evolve,1.3875000000000002,False,True,Alakazam,False,win,1,16,[6]
86000305:1:67,86000305,True,True,True,True,1.0,1.1343977108398662,0.3216157687039002,True,xerosic,xerosic,1.425,False,True,Alakazam,False,win,1,0,[0]
86000305:1:69,86000305,True,True,True,True,1.0,1.2020179208311197,0.3005870386575854,True,attack,attack,1.425,False,True,Alakazam,False,win,1,5,[5]
86000305:1:70,86000305,True,True,True,True,1.0,0.24552313813739088,0.7822951827316803,False,card,card,1.3800000000000001,False,False,Alakazam,False,win,1,0,[0]
86000305:1:99,86000305,True,True,True,True,1.0,0.3216806069119348,0.7249296908906991,False,card,card,1.15,False,False,Alakazam,False,win,1,0,[0]
86000831:0:1,86000831,True,True,True,True,1.0,0.08644916736950367,0.9171821703821113,False,yes,yes,0.69,False,False,Alakazam,False,loss,1,0,[0]
86000831:0:10,86000831,True,True,True,True,1.0,1.2084091030273407,0.6542221416073096,False,card,card,0.6449999999999999,False,False,Alakazam,True,loss,1,0,"[0, 3]"
86000831:0:102,86000831,True,True,True,True,1.0,0.6702998582963868,0.5115551607269995,True,card,card,0.69,False,False,Alakazam,True,loss,1,1,[1]
86000831:0:103,86000831,False,False,True,True,0.5,1.462760204106748,0.24298116006845538,True,ability,evolve,0.57,False,False,Alakazam,True,loss,1,8,[10]
86000831:0:104,86000831,True,True,True,True,1.0,1.1995948223356323,0.3013162738062124,True,evolve,evolve,0.8624999999999999,False,True,Alakazam,True,loss,1,8,[8]
86000831:0:105,86000831,True,True,True,True,1.0,0.09157332759314181,0.9124944026804354,False,yes,yes,0.69,False,False,Alakazam,True,loss,1,0,[0]
86000831:0:106,86000831,True,True,True,True,1.0,1.6123806127760567,0.1994123250313545,True,evolve,evolve,0.7124999999999999,False,True,Alakazam,True,loss,1,1,[1]
86000831:0:107,86000831,True,True,True,True,1.0,0.1176339612345355,0.8890214093635482,False,ability,ability,0.57,False,False,Alakazam,True,loss,1,17,[17]
86000831:0:108,86000831,True,True,True,True,1.0,1.2503825079313058,0.28639522745995216,True,evolve,evolve,0.75,False,True,Alakazam,True,loss,1,1,[1]
86000831:0:109,86000831,True,True,True,True,1.0,0.08128879722331105,0.9219274029207079,False,ability,ability,0.6,False,False,Alakazam,True,loss,1,18,[18]
86000831:0:11,86000831,True,True,True,True,1.0,0.5254370126242774,0.5912969036840318,True,card,card,0.6,False,False,Alakazam,True,loss,1,0,[0]
86000831:0:110,86000831,True,True,True,True,1.0,1.2471142689064814,0.28733276673556607,True,energy,energy,0.8624999999999999,False,True,Alakazam,True,loss,1,6,[6]
86000831:0:111,86000831,False,False,False,False,0.125,3.1360677879126544,0.21184849048920829,True,card,xerosic,0.5549999999999999,False,False,Alakazam,True,loss,1,9,[7]
86000831:0:112,86000831,False,False,True,True,0.3333333333333333,1.9854333040865164,0.21635393561463936,True,card,card,0.69,False,False,Alakazam,True,loss,1,0,[1]
86000831:0:113,86000831,True,True,True,True,1.0,1.5166327043504368,0.21944959588263907,True,card,card,0.5549999999999999,False,False,Alakazam,True,loss,1,10,[10]
86000831:0:114,86000831,False,False,True,True,0.5,1.8363151252257417,0.2133765698695079,True,card,xerosic,0.666,False,False,Alakazam,True,loss,1,8,[9]
86000831:0:115,86000831,True,True,True,True,1.0,1.0635653476082068,0.3452227743424678,True,xerosic,xerosic,0.8325,False,True,Alakazam,True,loss,1,8,[8]
86000831:0:117,86000831,True,True,True,True,1.0,0.353512188780209,0.7022174333619495,False,attack,attack,1.0350000000000001,False,True,Alakazam,True,loss,1,3,[3]
86000831:0:118,86000831,False,True,True,True,1.0,3.202206792949196,0.8160174169629697,False,card,card,0.8280000000000001,False,False,Alakazam,True,loss,1,0,[3]
86000831:0:12,86000831,True,True,True,True,1.0,1.6934717292953092,0.18388003286833238,True,card,card,0.6449999999999999,False,False,Alakazam,True,loss,1,1,[1]
86000831:0:124,86000831,True,True,True,True,1.0,2.733873726291057,0.1387002273021111,True,card,card,0.8325,False,True,Alakazam,True,loss,1,12,"[0, 1, 2, 3, 4, 5, 6, 9, 11, 12, 13, 14]"
86000831:0:128,86000831,True,True,True,True,1.0,0.5767847305507096,0.5617014878851915,True,card,card,0.69,False,False,Alakazam,True,loss,1,1,[1]
86000831:0:129,86000831,True,True,True,True,1.0,0.6067851966272316,0.5451004460471562,True,ability,ability,0.69,False,False,Alakazam,True,loss,1,10,[10]
86000831:0:13,86000831,True,True,True,True,1.0,-0.0,1.0,False,end,end,0.15,True,False,Alakazam,True,loss,1,0,[0]
86000831:0:130,86000831,True,True,True,True,1.0,1.0119961593909061,0.363492665595513,True,evolve,evolve,0.75,False,True,Alakazam,True,loss,1,12,[12]
86000831:0:131,86000831,True,True,True,True,1.0,0.0653797607174468,0.936711669527755,False,ability,ability,0.6,False,False,Alakazam,True,loss,1,12,[12]
86000831:0:132,86000831,False,False,True,True,0.3333333333333333,2.3070556889046605,0.2895835869097698,True,card,card,0.6,False,False,Alakazam,True,loss,1,7,[0]
86000831:0:133,86000831,True,True,True,True,1.0,1.9885854978520268,0.20471799898524937,True,card,card,0.63,False,False,Alakazam,True,loss,1,0,"[0, 1, 13]"
86000831:0:134,86000831,True,True,True,True,1.0,1.1642411685219656,0.31215944859649625,True,card,card,0.6,False,False,Alakazam,True,loss,1,9,[9]
86000831:0:135,86000831,True,True,True,True,1.0,-0.0,1.0,False,evolve,evolve,0.1725,True,False,Alakazam,True,loss,1,0,[0]
86000831:0:136,86000831,False,False,True,True,0.5,2.3169885679769275,0.9014300241173298,False,no,yes,0.8280000000000001,False,False,Alakazam,True,loss,1,0,[1]
86000831:0:137,86000831,False,True,True,True,1.0,1.4850948451021406,0.24022051699360447,True,energy,energy,1.0350000000000001,False,True,Alakazam,True,loss,1,11,[9]
86000831:0:138,86000831,False,False,True,True,0.5,1.7055406859128812,0.5815421776617292,True,card,attack,0.7200000000000001,False,False,Alakazam,True,loss,1,3,[0]
86000831:0:139,86000831,True,True,True,True,1.0,0.3430182858866578,0.7096252353149455,False,attack,attack,0.9000000000000001,False,True,Alakazam,True,loss,1,2,[2]
86000831:0:140,86000831,True,True,True,True,1.0,0.19889850119376457,0.8196330808903968,False,card,card,0.8280000000000001,False,False,Alakazam,True,loss,1,0,[0]
86000831:0:147,86000831,True,True,True,True,1.0,2.0266984823909735,0.17803521528407307,True,card,card,0.5459999999999999,False,False,Alakazam,True,loss,1,5,"[0, 2, 3, 4, 5]"
86000831:0:15,86000831,True,True,True,True,1.0,1.0228270419376624,0.3595769627650991,True,evolve,evolve,0.8624999999999999,False,True,Alakazam,True,loss,1,0,[0]
86000831:0:154,86000831,False,False,True,True,0.5,0.9135687906124581,0.5989097403571084,True,card,card,0.69,False,False,Alakazam,True,loss,1,1,[0]
86000831:0:155,86000831,False,False,True,True,0.5,1.1893610297615111,0.3125269378589696,True,evolve,ability,0.6824999999999999,False,True,Alakazam,True,loss,1,6,[5]
86000831:0:156,86000831,True,True,True,True,1.0,0.1106602880590808,0.895242821954128,False,ability,ability,0.5459999999999999,False,False,Alakazam,True,loss,1,6,[6]
86000831:0:157,86000831,False,False,True,True,0.5,1.7367312717090952,0.3137042994009047,True,card,ability,0.6,False,False,Alakazam,True,loss,1,5,[4]
86000831:0:158,86000831,False,False,True,True,0.3333333333333333,1.6998582202530825,0.36812524677737557,True,card,ability,0.5459999999999999,False,False,Alakazam,True,loss,1,6,[5]
86000831:0:159,86000831,False,False,False,True,0.25,2.4880279891145523,0.41140495380475717,True,card,ability,0.5459999999999999,False,False,Alakazam,True,loss,1,7,[6]
86000831:0:16,86000831,True,True,True,True,1.0,0.06787819182767794,0.9343742810691733,False,ability,ability,0.69,False,False,Alakazam,True,loss,1,11,[11]
86000831:0:160,86000831,True,True,True,True,1.0,2.4147675042366386,0.15243159952047275,True,card,card,0.6539999999999999,False,False,Alakazam,True,loss,1,0,"[0, 2, 7, 8, 11]"
86000831:0:161,86000831,True,True,True,True,1.0,0.610617625888096,0.5430153851238909,True,ability,ability,0.8280000000000001,False,False,Alakazam,True,loss,1,6,[6]
86000831:0:162,86000831,False,False,True,True,0.5,1.7167177795473456,0.43948694895244045,True,energy,energy,0.9000000000000001,False,True,Alakazam,True,loss,1,3,[0]
86000831:0:163,86000831,False,False,True,True,0.5,0.9791507981615013,0.6243700509085033,True,end,retreat,0.6552,False,False,Alakazam,True,loss,1,0,[1]
86000831:0:165,86000831,True,True,True,True,1.0,1.3761974354059279,0.25253701791560246,True,evolve,evolve,0.7275,False,True,Alakazam,True,loss,1,3,[3]
86000831:0:166,86000831,True,True,True,True,1.0,0.05738741086037016,0.944228194241984,False,ability,ability,0.69,False,False,Alakazam,True,loss,1,4,[4]
86000831:0:167,86000831,True,True,True,True,1.0,0.9456863361549823,0.38841289758377817,True,evolve,evolve,0.7275,False,True,Alakazam,True,loss,1,3,[3]
86000831:0:168,86000831,True,True,True,True,1.0,0.05652158842197283,0.9450460822213144,False,ability,ability,0.582,False,False,Alakazam,True,loss,1,3,[3]
86000831:0:169,86000831,False,True,True,True,1.0,1.0435831962239879,0.427895015249986,True,card,card,0.69,False,False,Alakazam,True,loss,1,2,[1]
86000831:0:17,86000831,True,True,True,True,1.0,1.1275545011882635,0.3238242005993231,True,card,card,0.69,False,False,Alakazam,True,loss,1,1,[1]
86000831:0:170,86000831,True,True,True,True,1.0,0.8882704465044995,0.41136661840785105,True,card,card,0.582,False,False,Alakazam,True,loss,1,2,[2]
86000831:0:171,86000831,True,True,True,True,1.0,0.7944922512164423,0.4518105829659694,True,retreat,retreat,0.7275,False,True,Alakazam,True,loss,1,3,[3]
86000831:0:172,86000831,True,True,True,True,1.0,-0.0,1.0,False,card,card,0.18975,True,False,Alakazam,True,loss,1,0,[0]
86000831:0:173,86000831,False,True,True,True,1.0,0.8577471675187823,0.5758835297639818,True,card,card,0.759,False,False,Alakazam,True,loss,1,0,[1]
86000831:0:174,86000831,False,False,True,True,0.5,1.302852389131025,0.3893520429978344,True,energy,end,0.8250000000000001,False,True,Alakazam,True,loss,1,3,[0]
86000831:0:175,86000831,True,True,True,True,1.0,0.6539020525380419,0.5200126958866671,True,attack,attack,0.8250000000000001,False,True,Alakazam,True,loss,1,0,[0]
86000831:0:176,86000831,False,False,True,True,0.5,0.9764743629762046,0.6233633551190267,True,card,card,0.759,False,False,Alakazam,True,loss,1,1,[0]
86000831:0:18,86000831,True,True,True,True,1.0,1.356380849660028,0.257591353824781,True,evolve,evolve,0.8624999999999999,False,True,Alakazam,True,loss,1,2,[2]
86000831:0:19,86000831,True,True,True,True,1.0,0.08177171685381342,0.9214822935646126,False,yes,yes,0.69,False,False,Alakazam,True,loss,1,0,[0]
86000831:0:20,86000831,True,True,True,True,1.0,1.0108786325220807,0.36389910547738225,True,card,card,0.5549999999999999,False,False,Alakazam,True,loss,1,12,[12]
86000831:0:21,86000831,False,False,True,True,0.5,1.9730803521254718,0.14758339647775565,True,card,card,0.5549999999999999,False,False,Alakazam,True,loss,1,0,[7]
86000831:0:22,86000831,True,True,True,True,1.0,1.2772663497160937,0.27879839701046155,True,card,card,0.6,False,False,Alakazam,True,loss,1,1,[1]
86000831:0:23,86000831,False,False,True,True,0.3333333333333333,1.8723845892087527,0.31003014438524423,True,card,card,0.6,False,False,Alakazam,True,loss,1,2,[3]
86000831:0:24,86000831,True,True,True,True,1.0,1.6018146349854954,0.20153048172120988,True,evolve,evolve,0.69375,False,True,Alakazam,True,loss,1,13,[13]
86000831:0:25,86000831,True,True,True,True,1.0,0.08196662171063444,0.9213027096915753,False,yes,yes,0.69,False,False,Alakazam,True,loss,1,0,[0]
86000831:0:26,86000831,True,True,True,True,1.0,2.289651378677304,0.10130177165627706,True,card,card,0.6,False,False,Alakazam,True,loss,1,18,[18]
86000831:0:27,86000831,False,False,True,True,0.5,3.0424222244047767,0.2371255402137298,True,card,card,0.69,False,False,Alakazam,True,loss,1,2,[8]
86000831:0:28,86000831,True,True,True,True,1.0,1.03965091485277,0.35357808927704865,True,card,card,0.6,False,False,Alakazam,True,loss,1,18,[18]
86000831:0:29,86000831,True,True,True,True,1.0,0.14928373085796146,0.8613246958310505,False,evolve,evolve,1.0350000000000001,False,True,Alakazam,True,loss,1,0,[0]
86000831:0:3,86000831,False,False,True,True,0.5,0.805674700588972,0.5532136221890169,True,card,card,0.5854838709677419,False,False,Alakazam,True,loss,1,0,[1]
86000831:0:30,86000831,False,False,True,True,0.5,2.7540742972780947,0.936332070026075,False,no,yes,0.7200000000000001,False,False,Alakazam,True,loss,1,0,[1]
86000831:0:31,86000831,True,True,True,True,1.0,1.2992054230506274,0.27274842656933773,True,energy,energy,0.9675000000000001,False,True,Alakazam,True,loss,1,12,[12]
86000831:0:32,86000831,True,True,True,True,1.0,0.1226435871976382,0.8845788816215384,False,attack,attack,0.9675000000000001,False,True,Alakazam,True,loss,1,0,[0]
86000831:0:33,86000831,False,True,True,True,1.0,3.2414476432339185,0.7471329140642579,False,card,card,0.8280000000000001,False,False,Alakazam,True,loss,1,0,[4]
86000831:0:5,86000831,True,True,True,True,1.0,-0.0,1.0,False,card,card,0.15958806818181817,True,False,Alakazam,True,loss,1,0,[0]
86000831:0:55,86000831,True,True,True,True,1.0,1.0328546945726,0.35598926802823855,True,card,card,0.69,False,False,Alakazam,True,loss,1,1,[1]
86000831:0:56,86000831,True,True,True,True,1.0,0.8241394012320937,0.4386122992911258,True,ability,ability,0.69,False,False,Alakazam,True,loss,1,16,[16]
86000831:0:57,86000831,True,True,True,True,1.0,1.6051911552994718,0.2008511574772558,True,evolve,evolve,0.75,False,True,Alakazam,True,loss,1,13,[13]
86000831:0:58,86000831,True,True,True,True,1.0,0.050354281726380755,0.9508924809880067,False,ability,ability,0.6,False,False,Alakazam,True,loss,1,17,[17]
86000831:0:59,86000831,True,True,True,True,1.0,1.1339492083223903,0.3217600465378912,True,evolve,evolve,0.8624999999999999,False,True,Alakazam,True,loss,1,17,[17]
86000831:0:6,86000831,True,True,True,True,1.0,0.05662476910374665,0.94494857675267,False,none,none,0.6383522727272727,False,False,Alakazam,True,loss,1,1,[1]
86000831:0:60,86000831,True,True,True,True,1.0,0.09768393614008547,0.9069355079962643,False,yes,yes,0.69,False,False,Alakazam,True,loss,1,0,[0]
86000831:0:61,86000831,True,True,True,True,1.0,1.8741531025840708,0.1534848977813906,True,hammer,hammer,0.7875000000000001,False,True,Alakazam,True,loss,1,0,[0]
86000831:0:62,86000831,True,True,True,True,1.0,-0.0,1.0,False,card,card,0.1725,True,False,Alakazam,True,loss,1,0,[0]
86000831:0:63,86000831,True,True,True,True,1.0,1.6479041209517942,0.19245284410496358,True,card,card,0.63,False,False,Alakazam,True,loss,1,10,[10]
86000831:0:64,86000831,True,True,True,True,1.0,1.3765492938914166,0.25244817625371174,True,card,card,0.63,False,False,Alakazam,True,loss,1,16,[16]
86000831:0:65,86000831,True,True,True,True,1.0,1.8870776826068774,0.1515139343117836,True,energy,energy,0.7124999999999999,False,True,Alakazam,True,loss,1,1,[1]
86000831:0:66,86000831,True,True,True,True,1.0,1.1064106097653024,0.3307440023072309,True,xerosic,xerosic,0.7124999999999999,False,True,Alakazam,True,loss,1,3,[3]
86000831:0:68,86000831,True,True,True,True,1.0,0.33640021887298266,0.7143371573868361,False,attack,attack,0.7124999999999999,False,True,Alakazam,True,loss,1,1,[1]
86000831:0:7,86000831,True,True,True,True,1.0,0.9870022836175739,0.37269224377604204,True,card,card,0.585,False,False,Alakazam,True,loss,1,0,[0]
86000831:0:77,86000831,True,True,True,True,1.0,2.2180091595513365,0.26520413475211313,True,card,card,0.8100000000000002,False,True,Alakazam,True,loss,1,5,"[0, 1, 4, 5, 6, 7]"
86000831:0:8,86000831,True,True,True,True,1.0,1.1344055676549616,0.4851602367954219,True,card,card,0.69,False,False,Alakazam,True,loss,1,0,"[0, 1]"
86000831:0:80,86000831,True,True,True,True,1.0,0.9940647479996034,0.3700693908834488,True,card,card,0.69,False,False,Alakazam,True,loss,1,1,[1]
86000831:0:81,86000831,True,True,True,True,1.0,0.6706205904835558,0.5113911148302478,True,ability,ability,0.69,False,False,Alakazam,True,loss,1,9,[9]
86000831:0:82,86000831,True,True,True,True,1.0,1.1286918093427716,0.3234561220444003,True,evolve,evolve,0.8624999999999999,False,True,Alakazam,True,loss,1,11,[11]
86000831:0:83,86000831,True,True,True,True,1.0,0.08730746960589073,0.9163952886135956,False,yes,yes,0.69,False,False,Alakazam,True,loss,1,0,[0]
86000831:0:84,86000831,False,False,True,True,0.3333333333333333,2.1828157951141662,0.19901257978360834,True,energy,evolve,1.0350000000000001,False,True,Alakazam,True,loss,1,9,[0]
86000831:0:85,86000831,True,True,True,True,1.0,1.3977934731723765,0.2471416875107279,True,xerosic,xerosic,0.9000000000000001,False,True,Alakazam,True,loss,1,3,[3]
86000831:0:87,86000831,True,True,True,True,1.0,1.2272434292783403,0.2930994143829601,True,attack,attack,0.9000000000000001,False,True,Alakazam,True,loss,1,6,[6]
86000831:0:88,86000831,True,True,True,True,1.0,0.24674471719942237,0.7813401307706317,False,card,card,0.8280000000000001,False,False,Alakazam,True,loss,1,0,[0]
86000831:0:9,86000831,True,True,True,True,1.0,0.6652499694035064,0.5141449911254475,True,card,card,0.6,False,False,Alakazam,True,loss,1,0,[0]
86001354:0:1,86001354,True,True,True,True,1.0,0.08644916736950367,0.9171821703821113,False,yes,yes,1.15,False,False,deck_2609551e9f,False,win,1,0,[0]
86001354:0:10,86001354,True,True,True,True,1.0,0.5473223763826881,0.5784967349353818,True,card,card,0.95,False,False,deck_2609551e9f,True,win,1,0,[0]
86001354:0:11,86001354,False,False,False,True,0.2,2.721775490815782,0.23378398252563992,True,card,card,1.15,False,False,deck_2609551e9f,True,win,1,2,[10]
86001354:0:112,86001354,True,True,True,True,1.0,0.3583230587055802,0.6988472698399344,False,card,card,1.15,False,False,deck_2609551e9f,True,win,1,0,[0]
86001354:0:113,86001354,True,True,True,True,1.0,1.4959984771308346,0.22402480937295643,True,ability,ability,1.15,False,False,deck_2609551e9f,True,win,1,18,[18]
86001354:0:114,86001354,False,True,True,True,1.0,1.4729965906866087,0.23132101697692745,True,energy,energy,1.5000000000000002,False,True,deck_2609551e9f,True,win,1,13,[8]
86001354:0:115,86001354,False,False,False,True,0.2,2.5816084503805183,0.28769451105114674,True,boss,attack,1.5000000000000002,False,True,deck_2609551e9f,True,win,1,8,[2]
86001354:0:116,86001354,False,False,True,True,0.3333333333333333,1.889229093542512,0.5396443083218169,True,card,card,1.3800000000000001,False,False,deck_2609551e9f,True,win,1,0,[2]
86001354:0:117,86001354,True,True,True,True,1.0,1.0447817476987529,0.3517685853038412,True,attack,attack,1.725,False,True,deck_2609551e9f,True,win,1,5,[5]
86001354:0:118,86001354,True,True,True,True,1.0,-0.0,1.0,False,card,card,0.34500000000000003,True,False,deck_2609551e9f,True,win,1,0,[0]
86001354:0:12,86001354,True,True,True,True,1.0,0.33764148477251116,0.71345102510927,False,card,card,0.95,False,False,deck_2609551e9f,True,win,1,0,[0]
86001354:0:13,86001354,True,True,True,True,1.0,-0.0,1.0,False,end,end,0.28500000000000003,True,False,deck_2609551e9f,True,win,1,0,[0]
86001354:0:17,86001354,False,True,True,True,1.0,1.4311581211378244,0.2990459374270651,True,evolve,evolve,1.4375,False,True,deck_2609551e9f,True,win,1,2,[3]
86001354:0:18,86001354,True,True,True,True,1.0,0.08692960277062155,0.9167416294323932,False,yes,yes,1.15,False,False,deck_2609551e9f,True,win,1,0,[0]
86001354:0:19,86001354,True,True,True,True,1.0,1.3056309616308581,0.27100148954789127,True,card,card,1.0,False,False,deck_2609551e9f,True,win,1,3,[3]
86001354:0:2,86001354,True,True,True,True,1.0,-0.0,1.0,False,card,card,0.2491412213740458,True,False,deck_2609551e9f,True,win,1,0,[0]
86001354:0:20,86001354,True,True,True,True,1.0,0.9742199745399315,0.3774866879815257,True,card,card,1.15,False,False,deck_2609551e9f,True,win,1,0,[0]
86001354:0:21,86001354,True,True,True,True,1.0,0.3937133959382996,0.6745473565509907,False,evolve,evolve,1.25,False,True,deck_2609551e9f,True,win,1,3,[3]
86001354:0:22,86001354,True,True,True,True,1.0,0.03590140656060532,0.9647354053760635,False,ability,ability,1.15,False,False,deck_2609551e9f,True,win,1,3,[3]
86001354:0:23,86001354,True,True,True,True,1.0,0.41808890996003867,0.6583036960675003,False,card,card,1.15,False,False,deck_2609551e9f,True,win,1,0,[0]
86001354:0:24,86001354,False,False,True,True,0.3333333333333333,1.925401364653553,0.41490736705966597,True,card,card,1.15,False,False,deck_2609551e9f,True,win,1,4,[1]
86001354:0:25,86001354,True,True,True,True,1.0,0.9770980233113373,0.3764018247764073,True,card,card,1.0,False,False,deck_2609551e9f,True,win,1,3,[3]
86001354:0:26,86001354,True,True,True,True,1.0,0.8403483766287682,0.43156015176683094,True,card,card,1.0,False,False,deck_2609551e9f,True,win,1,0,[0]
86001354:0:27,86001354,True,True,True,True,1.0,0.6148075928096575,0.5407449285130146,True,card,card,1.15,False,False,deck_2609551e9f,True,win,1,0,[0]
86001354:0:28,86001354,True,True,True,True,1.0,1.1016531186606777,0.3323212628827557,True,card,card,1.0,False,False,deck_2609551e9f,True,win,1,1,[1]
86001354:0:29,86001354,True,True,True,True,1.0,1.0965261697246858,0.33402943213447683,True,evolve,evolve,1.5000000000000002,False,True,deck_2609551e9f,True,win,1,2,[2]
86001354:0:30,86001354,True,True,True,True,1.0,0.07032056783106039,0.9320949723444234,False,yes,yes,1.3800000000000001,False,False,deck_2609551e9f,True,win,1,0,[0]
86001354:0:31,86001354,False,True,True,True,1.0,0.9986688815400422,0.453953243956215,True,card,card,1.2000000000000002,False,False,deck_2609551e9f,True,win,1,1,[0]
86001354:0:32,86001354,True,True,True,True,1.0,0.31445067895600104,0.7301898727837469,False,attack,attack,1.5000000000000002,False,True,deck_2609551e9f,True,win,1,0,[0]
86001354:0:33,86001354,False,False,False,True,0.2,2.2282862950225013,0.39331497562077533,True,card,card,1.3800000000000001,False,False,deck_2609551e9f,True,win,1,0,[4]
86001354:0:38,86001354,True,True,True,True,1.0,1.3982077325952205,0.24703932794107095,True,evolve,evolve,1.4375,False,True,deck_2609551e9f,True,win,1,4,[4]
86001354:0:39,86001354,True,True,True,True,1.0,0.07821834736082793,0.9247624850496422,False,yes,yes,1.15,False,False,deck_2609551e9f,True,win,1,0,[0]
86001354:0:40,86001354,False,False,True,True,0.3333333333333333,1.8985339359301452,0.2812499758288455,True,card,evolve,1.15,False,False,deck_2609551e9f,True,win,1,2,[4]
86001354:0:41,86001354,True,True,True,True,1.0,-0.0,1.0,False,evolve,evolve,0.2875,True,False,deck_2609551e9f,True,win,1,0,[0]
86001354:0:42,86001354,True,True,True,True,1.0,0.07507077757300179,0.9276778252199167,False,yes,yes,1.15,False,False,deck_2609551e9f,True,win,1,0,[0]
86001354:0:43,86001354,False,False,False,True,0.25,2.522386118783378,0.2424625462095519,True,card,evolve,1.15,False,False,deck_2609551e9f,True,win,1,9,[1]
86001354:0:44,86001354,True,True,True,True,1.0,0.6368365368798536,0.5289631354036248,True,card,card,1.15,False,False,deck_2609551e9f,True,win,1,0,[0]
86001354:0:45,86001354,False,False,True,True,0.5,1.2965329875268894,0.44497494715029123,True,card,card,1.15,False,False,deck_2609551e9f,True,win,1,0,[1]
86001354:0:46,86001354,True,True,True,True,1.0,0.9423870420819416,0.3896965022849876,True,evolve,evolve,1.725,False,True,deck_2609551e9f,True,win,1,8,[8]
86001354:0:47,86001354,True,True,True,True,1.0,0.0569696982939614,0.9446226926120035,False,ability,ability,1.3800000000000001,False,False,deck_2609551e9f,True,win,1,14,[14]
86001354:0:48,86001354,True,True,True,True,1.0,0.7866113637439788,0.4553853188731688,True,card,card,1.3800000000000001,False,False,deck_2609551e9f,True,win,1,4,[4]
86001354:0:49,86001354,True,True,True,True,1.0,1.6597366049875748,0.1901890683567556,True,attack,attack,1.725,False,True,deck_2609551e9f,True,win,1,19,[19]
86001354:0:5,86001354,False,True,True,True,1.0,1.056866499100361,0.34797906702781606,True,card,card,0.95,False,False,deck_2609551e9f,True,win,1,1,[0]
86001354:0:50,86001354,True,True,True,True,1.0,0.29251608862720546,0.7463832366576358,False,card,card,1.3800000000000001,False,False,deck_2609551e9f,True,win,1,0,[0]
86001354:0:59,86001354,True,True,True,True,1.0,1.8108532480356925,0.16351455878774587,True,attack,attack,1.725,False,True,deck_2609551e9f,True,win,1,24,[24]
86001354:0:6,86001354,True,True,True,True,1.0,2.0743768322677836,0.1256346945916156,True,card,card,1.15,False,False,deck_2609551e9f,True,win,1,2,[2]
86001354:0:60,86001354,True,True,True,True,1.0,0.2567807156680572,0.773537819892854,False,card,card,1.3800000000000001,False,False,deck_2609551e9f,True,win,1,0,[0]
86001354:0:66,86001354,False,False,True,True,0.5,2.102745662773312,0.13299478063508885,True,attack,evolve,1.725,False,True,deck_2609551e9f,True,win,1,10,[30]
86001354:0:67,86001354,True,True,True,True,1.0,0.21224447330932947,0.8087669514625622,False,card,card,1.3800000000000001,False,False,deck_2609551e9f,True,win,1,0,[0]
86001354:0:7,86001354,True,True,True,True,1.0,0.5022670458631843,0.6051571843437118,True,card,card,0.95,False,False,deck_2609551e9f,True,win,1,2,[2]
86001354:0:8,86001354,True,True,True,True,1.0,0.5421713498888531,0.5814842747863779,True,energy,energy,1.1875,False,True,deck_2609551e9f,True,win,1,2,[2]
86001354:0:80,86001354,False,False,True,True,0.3333333333333333,1.7614182170990886,0.24226124285766304,True,energy,card,1.725,False,True,deck_2609551e9f,True,win,1,0,[5]
86001354:0:81,86001354,False,False,True,True,0.5,1.4188736197998122,0.2870198531824804,True,attack,card,1.725,False,True,deck_2609551e9f,True,win,1,1,[3]
86001354:0:82,86001354,True,True,True,True,1.0,0.1749127670856498,0.8395302522456519,False,card,card,1.3800000000000001,False,False,deck_2609551e9f,True,win,1,0,[0]
86001354:0:9,86001354,True,True,True,True,1.0,0.9731976534189762,0.5934897929671692,True,card,card,1.15,False,False,deck_2609551e9f,True,win,1,0,"[0, 1]"
86001354:0:93,86001354,False,False,False,False,0.14285714285714285,2.880501359610014,0.20281641564207678,True,card,attack,1.15,False,False,deck_2609551e9f,True,win,1,10,[8]
86001354:0:94,86001354,True,True,True,True,1.0,1.3116967444563443,0.26936262887834067,True,card,card,1.0,False,False,deck_2609551e9f,True,win,1,0,[0]
86001354:0:95,86001354,False,False,True,True,0.5,1.05007303081344,0.45108986215895497,True,card,card,1.2000000000000002,False,False,deck_2609551e9f,True,win,1,0,[2]
86001354:0:96,86001354,True,True,True,True,1.0,1.5539748833726708,0.21140598739222932,True,evolve,evolve,1.725,False,True,deck_2609551e9f,True,win,1,8,[8]
86001354:0:97,86001354,True,True,True,True,1.0,0.06758256239974225,0.9346505504380292,False,yes,yes,1.3800000000000001,False,False,deck_2609551e9f,True,win,1,0,[0]
86001354:0:98,86001354,True,True,True,True,1.0,1.5144589103039716,0.21992715297499682,True,attack,attack,1.725,False,True,deck_2609551e9f,True,win,1,13,[13]
86001354:0:99,86001354,False,True,True,True,1.0,2.29484173135023,0.8992226580999839,False,card,card,1.3800000000000001,False,False,deck_2609551e9f,True,win,1,0,[1]
86001838:0:1,86001838,True,True,True,True,1.0,0.08644916736950367,0.9171821703821113,False,yes,yes,0.69,False,False,Alakazam,False,loss,1,0,[0]
86001838:0:100,86001838,True,True,True,True,1.0,0.08730746960589073,0.9163952886135956,False,yes,yes,0.69,False,False,Alakazam,True,loss,1,0,[0]
86001838:0:101,86001838,True,True,True,True,1.0,0.5468223476568722,0.5787860722530968,True,energy,energy,0.9000000000000001,False,True,Alakazam,True,loss,1,2,[2]
86001838:0:102,86001838,False,False,False,True,0.25,1.9121382792731612,0.25371384766175037,True,card,boss,0.8280000000000001,False,False,Alakazam,True,loss,1,1,[2]
86001838:0:103,86001838,True,True,True,True,1.0,0.7559176768939766,0.6717413699804435,False,card,card,0.8280000000000001,False,False,Alakazam,True,loss,1,0,"[0, 1]"
86001838:0:104,86001838,True,True,True,True,1.0,0.26119228342693274,0.770132821599008,False,attack,attack,0.9000000000000001,False,True,Alakazam,True,loss,1,1,[1]
86001838:0:105,86001838,True,True,True,True,1.0,0.24465985690390293,0.7829708150703801,False,card,card,0.8280000000000001,False,False,Alakazam,True,loss,1,0,[0]
86001838:0:110,86001838,True,True,True,True,1.0,2.336906272398418,0.19253963486021528,True,card,card,0.8807142857142858,False,True,Alakazam,True,loss,1,1,"[0, 1, 2, 3, 4, 7, 8]"
86001838:0:113,86001838,True,True,True,True,1.0,0.5772430345843441,0.5614441168092011,True,card,card,0.69,False,False,Alakazam,True,loss,1,1,[1]
86001838:0:114,86001838,True,True,True,True,1.0,0.44461633456036836,0.6410701853303423,True,card,card,0.6,False,False,Alakazam,True,loss,1,1,[1]
86001838:0:115,86001838,True,True,True,True,1.0,0.7721395124891016,0.46202350503792816,True,boss,boss,0.75,False,True,Alakazam,True,loss,1,0,[0]
86001838:0:116,86001838,False,False,True,True,0.5,1.3251805714226355,0.32220824525400865,True,card,card,0.69,False,False,Alakazam,True,loss,1,0,[3]
86001838:0:117,86001838,False,False,True,True,0.5,1.1313262032991351,0.6773948673957855,False,card,end,0.6,False,False,Alakazam,True,loss,1,1,[0]
86001838:0:118,86001838,True,True,True,True,1.0,-0.0,1.0,False,end,end,0.15,True,False,Alakazam,True,loss,1,0,[0]
86001838:0:12,86001838,True,True,True,True,1.0,0.8830402508141698,0.41352378260060163,True,hammer,hammer,0.75,False,True,Alakazam,True,loss,1,1,[1]
86001838:0:13,86001838,True,True,True,True,1.0,-0.0,1.0,False,card,card,0.1725,True,False,Alakazam,True,loss,1,0,[0]
86001838:0:14,86001838,False,False,True,True,0.5,1.33590196583437,0.3003741105522375,True,card,card,0.6,False,False,Alakazam,True,loss,1,1,[4]
86001838:0:15,86001838,False,False,True,True,0.3333333333333333,1.8626085733958284,0.3968676311963294,True,card,card,0.69,False,False,Alakazam,True,loss,1,1,[3]
86001838:0:16,86001838,False,False,True,True,0.3333333333333333,2.7059710608874066,0.4547874931371408,True,card,card,0.6,False,False,Alakazam,True,loss,1,0,[3]
86001838:0:17,86001838,True,True,True,True,1.0,0.6316090965961895,0.5317354984742448,True,card,card,0.6,False,False,Alakazam,True,loss,1,0,[0]
86001838:0:18,86001838,True,True,True,True,1.0,0.3202246224236013,0.7259859460347257,False,card,card,0.69,False,False,Alakazam,True,loss,1,1,[1]
86001838:0:19,86001838,True,True,True,True,1.0,0.7551574905900237,0.46993659831010454,True,energy,energy,0.7218749999999999,False,True,Alakazam,True,loss,1,1,[1]
86001838:0:20,86001838,True,True,True,True,1.0,-0.0,1.0,False,end,end,0.14437499999999998,True,False,Alakazam,True,loss,1,0,[0]
86001838:0:3,86001838,True,True,True,True,1.0,-0.0,1.0,False,card,card,0.14637096774193548,True,False,Alakazam,True,loss,1,0,[0]
86001838:0:30,86001838,True,True,True,True,1.0,1.8127967394869837,0.19569144550906,True,card,xerosic,0.75,False,True,Alakazam,True,loss,1,3,"[1, 3, 4, 6]"
86001838:0:32,86001838,True,True,True,True,1.0,0.7673469561326351,0.4642430932261743,True,evolve,evolve,0.8624999999999999,False,True,Alakazam,True,loss,1,1,[1]
86001838:0:33,86001838,True,True,True,True,1.0,0.07616501941092145,0.9266632765135034,False,yes,yes,0.69,False,False,Alakazam,True,loss,1,0,[0]
86001838:0:34,86001838,False,False,True,True,0.3333333333333333,1.7217304498020758,0.510502797702882,True,end,card,0.6,False,False,Alakazam,True,loss,1,0,[2]
86001838:0:48,86001838,True,True,True,True,1.0,-0.0,1.0,False,card,card,0.1725,True,False,Alakazam,True,loss,1,0,[0]
86001838:0:49,86001838,False,False,True,True,0.5,0.7974042343800781,0.4528816887573851,True,card,evolve,0.6,False,False,Alakazam,True,loss,1,1,[3]
86001838:0:5,86001838,True,True,True,True,1.0,0.5785268821936421,0.5607237706283857,True,end,end,0.585,False,False,Alakazam,True,loss,1,1,[1]
86001838:0:50,86001838,True,True,True,True,1.0,0.62427890877581,0.5356475400318238,True,ability,ability,0.69,False,False,Alakazam,True,loss,1,3,[3]
86001838:0:51,86001838,True,True,True,True,1.0,0.42668710066396476,0.6526677395835578,False,evolve,evolve,0.75,False,True,Alakazam,True,loss,1,1,[1]
86001838:0:52,86001838,True,True,True,True,1.0,0.0789251843890071,0.9241090596427798,False,yes,yes,0.69,False,False,Alakazam,True,loss,1,0,[0]
86001838:0:53,86001838,False,False,True,True,0.3333333333333333,1.898764613555695,0.21623108557336354,True,card,card,0.6,False,False,Alakazam,True,loss,1,4,[3]
86001838:0:54,86001838,False,False,True,True,0.3333333333333333,1.6874282699304481,0.2063358491295677,True,card,card,0.57,False,False,Alakazam,True,loss,1,1,[0]
86001838:0:55,86001838,False,False,False,True,0.25,2.3524163893750685,0.38967404978140713,True,card,card,0.6,False,False,Alakazam,True,loss,1,6,[2]
86001838:0:56,86001838,True,True,True,True,1.0,0.8914764226447909,0.4100498986581749,True,card,card,0.57,False,False,Alakazam,True,loss,1,0,[0]
86001838:0:57,86001838,False,False,False,True,0.25,2.2556542716053913,0.3286546853685563,True,card,card,0.57,False,False,Alakazam,True,loss,1,0,[1]
86001838:0:58,86001838,True,True,True,True,1.0,0.8518007844313935,0.4266459423935459,True,energy,energy,0.8550000000000001,False,True,Alakazam,True,loss,1,3,[3]
86001838:0:59,86001838,True,True,True,True,1.0,1.0062351825597495,0.3655927819728323,True,card,card,0.684,False,False,Alakazam,True,loss,1,2,[2]
86001838:0:60,86001838,False,False,True,True,0.5,1.7085735732508935,0.574017435148507,True,card,attack,0.684,False,False,Alakazam,True,loss,1,2,[1]
86001838:0:61,86001838,True,True,True,True,1.0,0.3268209692322053,0.7212128507595488,False,attack,attack,1.0350000000000001,False,True,Alakazam,True,loss,1,1,[1]
86001838:0:62,86001838,True,True,True,True,1.0,0.28762686216953426,0.7500414088547718,False,card,card,0.8280000000000001,False,False,Alakazam,True,loss,1,0,[0]
86001838:0:68,86001838,True,True,True,True,1.0,2.146022241643371,0.19329871616986774,True,card,boss,0.8100000000000002,False,True,Alakazam,True,loss,1,2,"[1, 2, 3, 6, 7, 8]"
86001838:0:71,86001838,True,True,True,True,1.0,0.970965435576137,0.37871723446044187,True,card,card,0.69,False,False,Alakazam,True,loss,1,1,[1]
86001838:0:72,86001838,True,True,True,True,1.0,0.6014320314687739,0.5480262830200797,True,ability,ability,0.69,False,False,Alakazam,True,loss,1,3,[3]
86001838:0:73,86001838,False,False,True,True,0.5,1.6712773306134991,0.5926600545755097,True,hammer,evolve,0.75,False,True,Alakazam,True,loss,1,1,[3]
86001838:0:74,86001838,True,True,True,True,1.0,-0.0,1.0,False,card,card,0.1725,True,False,Alakazam,True,loss,1,0,[0]
86001838:0:75,86001838,True,True,True,True,1.0,0.3291402808424852,0.7195420716988913,False,evolve,evolve,0.75,False,True,Alakazam,True,loss,1,1,[1]
86001838:0:76,86001838,True,True,True,True,1.0,0.014919794934704892,0.9851909537391261,False,ability,ability,0.69,False,False,Alakazam,True,loss,1,3,[3]
86001838:0:77,86001838,True,True,True,True,1.0,0.5849002012626006,0.557161463048201,True,card,card,0.69,False,False,Alakazam,True,loss,1,1,[1]
86001838:0:78,86001838,False,False,True,True,0.5,1.4332832608917063,0.2440079174792995,True,card,card,0.69,False,False,Alakazam,True,loss,1,3,[0]
86001838:0:79,86001838,True,True,True,True,1.0,1.921409080784271,0.3176251122953666,True,card,card,0.618,False,False,Alakazam,True,loss,1,0,"[0, 1, 3, 4, 6]"
86001838:0:80,86001838,False,False,True,True,0.5,1.1922705994188247,0.3048345493822135,True,card,card,0.5459999999999999,False,False,Alakazam,True,loss,1,0,[2]
86001838:0:81,86001838,False,False,False,False,0.1,2.6725374277168177,0.13435703460960674,True,card,card,0.57,False,False,Alakazam,True,loss,1,1,[11]
86001838:0:82,86001838,True,True,True,True,1.0,0.5574185935218562,0.5726854914366111,True,card,card,0.5459999999999999,False,False,Alakazam,True,loss,1,3,[3]
86001838:0:83,86001838,True,True,True,True,1.0,0.843757565153218,0.430091386920515,True,card,card,0.5459999999999999,False,False,Alakazam,True,loss,1,0,[0]
86001838:0:84,86001838,True,True,True,True,1.0,0.7254765680175591,0.48409381034613413,True,card,card,0.69,False,False,Alakazam,True,loss,1,0,[0]
86001838:0:85,86001838,True,True,True,True,1.0,0.8278940580769348,0.4369685484106654,True,card,card,0.57,False,False,Alakazam,True,loss,1,0,[0]
86001838:0:86,86001838,True,True,True,True,1.0,0.7055441332913219,0.49383978646618565,True,card,card,0.57,False,False,Alakazam,True,loss,1,0,[0]
86001838:0:87,86001838,True,True,True,True,1.0,0.29088911328170225,0.7475985721743481,False,card,card,0.5459999999999999,False,False,Alakazam,True,loss,1,1,[1]
86001838:0:88,86001838,True,True,True,True,1.0,0.5038027841455094,0.6042285345529261,True,end,end,0.5459999999999999,False,False,Alakazam,True,loss,1,1,[1]
86001838:0:97,86001838,True,True,True,True,1.0,0.5941950916022382,0.5520067019294319,True,card,card,0.69,False,False,Alakazam,True,loss,1,1,[1]
86001838:0:98,86001838,True,True,True,True,1.0,1.0438232727640204,0.35210590830767907,True,card,card,0.69,False,False,Alakazam,True,loss,1,0,[0]
86001838:0:99,86001838,True,True,True,True,1.0,-0.0,1.0,False,evolve,evolve,0.1725,True,False,Alakazam,True,loss,1,0,[0]
86002298:1:10,86002298,True,True,True,True,1.0,-0.0,1.0,False,card,card,0.2875,True,False,Alakazam,False,win,1,0,[0]
86002298:1:109,86002298,True,True,True,True,1.0,0.4198201618634,0.657164992516452,False,card,card,1.15,False,False,Alakazam,False,win,1,0,[0]
86002298:1:11,86002298,True,True,True,True,1.0,0.7329065061967375,0.48051035218372795,True,card,card,1.0,False,False,Alakazam,False,win,1,3,[3]
86002298:1:110,86002298,False,False,False,True,0.25,3.492146254543018,0.30193785501866205,True,card,ability,1.0,False,False,Alakazam,False,win,1,21,[19]
86002298:1:111,86002298,True,True,True,True,1.0,1.6503493220696348,0.49647892847751257,True,card,card,0.95,False,False,Alakazam,False,win,1,0,"[0, 1, 2]"
86002298:1:112,86002298,True,True,True,True,1.0,1.3393394424735239,0.2620186898464404,True,evolve,evolve,1.25,False,True,Alakazam,False,win,1,22,[22]
86002298:1:113,86002298,False,False,True,True,0.5,2.656442593499278,0.9298025008689856,False,no,yes,1.15,False,False,Alakazam,False,win,1,0,[1]
86002298:1:114,86002298,False,False,True,True,0.5,1.6167874746620108,0.21316519216069685,True,evolve,evolve,1.725,False,True,Alakazam,False,win,1,0,[22]
86002298:1:115,86002298,False,False,True,True,0.5,2.641624479848543,0.9287545612800724,False,no,yes,1.3800000000000001,False,False,Alakazam,False,win,1,0,[1]
86002298:1:116,86002298,False,False,False,True,0.25,3.5045442975201135,0.28198843433158083,True,energy,evolve,1.725,False,True,Alakazam,False,win,1,0,[18]
86002298:1:117,86002298,True,True,True,True,1.0,0.9812881659307754,0.3748279471370169,True,attack,attack,1.725,False,True,Alakazam,False,win,1,3,[3]
86002298:1:118,86002298,True,True,True,True,1.0,0.20421719959854548,0.8152852723212394,False,card,card,1.3800000000000001,False,False,Alakazam,False,win,1,0,[0]
86002298:1:12,86002298,True,True,True,True,1.0,1.490866190397777,0.439439458362042,True,card,card,1.15,False,False,Alakazam,False,win,1,0,"[0, 5]"
86002298:1:13,86002298,True,True,True,True,1.0,0.6564486298814172,0.5186901280624265,True,card,card,1.0,False,False,Alakazam,False,win,1,2,[2]
86002298:1:134,86002298,False,False,True,True,0.5,1.165002511893942,0.5583986742924583,True,card,card,1.15,False,False,Alakazam,False,win,1,0,[2]
86002298:1:135,86002298,False,False,False,True,0.2,3.18463371049108,0.27744410304360934,True,card,evolve,1.1400000000000001,False,False,Alakazam,False,win,1,0,[17]
86002298:1:136,86002298,False,False,True,True,0.3333333333333333,1.4099299342717453,0.4070831865271549,True,card,card,1.3800000000000001,False,False,Alakazam,False,win,1,1,[2]
86002298:1:137,86002298,False,False,True,True,0.3333333333333333,1.9457875082859477,0.23769633234648166,True,energy,evolve,1.425,False,True,Alakazam,False,win,1,0,[1]
86002298:1:138,86002298,False,False,True,True,0.5,1.1788869069330572,0.32786941744274994,True,attack,card,1.425,False,True,Alakazam,False,win,1,5,[6]
86002298:1:139,86002298,False,True,True,True,1.0,2.447064857311854,0.85061388198908,False,card,card,1.3800000000000001,False,False,Alakazam,False,win,1,0,[1]
86002298:1:14,86002298,True,True,True,True,1.0,1.0403252976771844,0.3533397226707574,True,card,card,1.0,False,False,Alakazam,False,win,1,0,[0]
86002298:1:15,86002298,False,False,True,True,0.3333333333333333,1.7921812890026465,0.29184066185954466,True,card,card,1.0,False,False,Alakazam,False,win,1,0,[1]
86002298:1:154,86002298,True,True,True,True,1.0,1.012538378906147,0.3632956262027098,True,evolve,evolve,1.4375,False,True,Alakazam,False,win,1,0,[0]
86002298:1:155,86002298,True,True,True,True,1.0,0.07746306855296645,0.9254612023868892,False,ability,ability,1.15,False,False,Alakazam,False,win,1,15,[15]
86002298:1:156,86002298,True,True,True,True,1.0,0.5409511525617683,0.5821942334009289,True,card,card,1.3800000000000001,False,False,Alakazam,False,win,1,1,[1]
86002298:1:157,86002298,False,False,False,True,0.25,2.9425157787275045,0.26453960335214743,True,boss,attack,1.725,False,True,Alakazam,False,win,1,16,[14]
86002298:1:158,86002298,True,True,True,True,1.0,0.5884082829409133,0.5552103195142621,True,card,card,1.3800000000000001,False,False,Alakazam,False,win,1,0,[0]
86002298:1:159,86002298,True,True,True,True,1.0,0.9007812055125552,0.4062521693099559,True,attack,attack,1.725,False,True,Alakazam,False,win,1,12,[12]
86002298:1:16,86002298,True,True,True,True,1.0,1.0793626380358428,0.3398120399078316,True,energy,energy,1.4375,False,True,Alakazam,False,win,1,2,[2]
86002298:1:160,86002298,True,True,True,True,1.0,1.1019552443987606,0.8736700283053863,False,card,card,1.3800000000000001,False,False,Alakazam,False,win,1,0,"[0, 1]"
86002298:1:17,86002298,True,True,True,True,1.0,0.39084522432292584,0.6764848513378335,False,end,end,1.0,False,False,Alakazam,False,win,1,1,[1]
86002298:1:3,86002298,True,True,True,True,1.0,-0.0,1.0,False,card,card,0.2439516129032258,True,False,Alakazam,False,win,1,0,[0]
86002298:1:34,86002298,False,True,True,True,1.0,1.4887393347744078,0.25903674939862426,True,evolve,evolve,1.4375,False,True,Alakazam,False,win,1,2,[3]
86002298:1:35,86002298,True,True,True,True,1.0,0.08698671920011668,0.916689269919059,False,yes,yes,1.15,False,False,Alakazam,False,win,1,0,[0]
86002298:1:36,86002298,True,True,True,True,1.0,0.4533034049091087,0.6355252828812734,True,evolve,evolve,1.4375,False,True,Alakazam,False,win,1,2,[2]
86002298:1:37,86002298,True,True,True,True,1.0,0.09114821246077126,0.91288240032521,False,yes,yes,1.15,False,False,Alakazam,False,win,1,0,[0]
86002298:1:38,86002298,False,False,False,True,0.25,2.5628527906889604,0.28970750511180254,True,energy,card,1.1875,False,True,Alakazam,False,win,1,2,[7]
86002298:1:39,86002298,True,True,True,True,1.0,0.788424548868837,0.7082663459082996,False,card,card,1.15,False,False,Alakazam,False,win,1,0,"[0, 1]"
86002298:1:40,86002298,False,False,True,True,0.3333333333333333,1.7509609002116908,0.2860381557193983,True,xerosic,card,1.1875,False,True,Alakazam,False,win,1,2,[4]
86002298:1:42,86002298,True,True,True,True,1.0,0.45867864973090744,0.6321183436646617,True,card,card,0.95,False,False,Alakazam,False,win,1,1,[1]
86002298:1:43,86002298,True,True,True,True,1.0,0.3764653500033909,0.6862828969748437,False,card,card,1.15,False,False,Alakazam,False,win,1,0,[0]
86002298:1:44,86002298,True,True,True,True,1.0,0.4436089697135143,0.6417163022825235,True,end,end,1.15,False,False,Alakazam,False,win,1,1,[1]
86002298:1:58,86002298,True,True,True,True,1.0,0.4521244748527793,0.6362749645631227,True,card,card,1.15,False,False,Alakazam,False,win,1,0,[0]
86002298:1:59,86002298,True,True,True,True,1.0,0.6321429159355707,0.531451723530739,True,evolve,evolve,1.3125,False,True,Alakazam,False,win,1,0,[0]
86002298:1:60,86002298,True,True,True,True,1.0,0.07289547835004558,0.929697998516363,False,yes,yes,1.15,False,False,Alakazam,False,win,1,0,[0]
86002298:1:61,86002298,True,True,True,True,1.0,1.2956374463038667,0.2737233247858948,True,card,card,1.0,False,False,Alakazam,False,win,1,7,[7]
86002298:1:62,86002298,False,False,True,True,0.5,1.5323051120638642,0.3511835442949741,True,evolve,ability,1.25,False,True,Alakazam,False,win,1,13,[5]
86002298:1:63,86002298,True,True,True,True,1.0,0.07031341545549322,0.9321016390615713,False,yes,yes,1.15,False,False,Alakazam,False,win,1,0,[0]
86002298:1:64,86002298,False,False,False,False,0.16666666666666666,3.4893687528086788,0.5441953597340861,True,energy,ability,1.1875,False,True,Alakazam,False,win,1,13,[6]
86002298:1:65,86002298,False,False,True,True,0.5,1.3338179679102065,0.3928088485276275,True,xerosic,ability,1.425,False,True,Alakazam,False,win,1,7,[1]
86002298:1:67,86002298,True,True,True,True,1.0,0.6677488542767317,0.512861805918261,True,ability,ability,1.1400000000000001,False,False,Alakazam,False,win,1,3,[3]
86002298:1:68,86002298,True,True,True,True,1.0,0.7237427549170993,0.48493386657617055,True,attack,attack,1.5000000000000002,False,True,Alakazam,False,win,1,4,[4]
86002298:1:69,86002298,True,True,True,True,1.0,0.28084519151605836,0.7551452293200023,False,card,card,1.3800000000000001,False,False,Alakazam,False,win,1,0,[0]
86002298:1:78,86002298,True,True,True,True,1.0,2.261441115697351,0.1722439133423702,True,card,card,1.1696428571428572,False,True,Alakazam,False,win,1,0,"[0, 1, 2, 3, 5, 7, 8]"
86002298:1:83,86002298,True,True,True,True,1.0,0.42164111085702205,0.6559694174556502,False,card,card,1.15,False,False,Alakazam,False,win,1,0,[0]
86002298:1:84,86002298,True,True,True,True,1.0,1.0815273681946191,0.3390772341517634,True,ability,ability,1.15,False,False,Alakazam,False,win,1,9,[9]
86002298:1:85,86002298,True,True,True,True,1.0,1.161293982475781,0.3130807975941435,True,evolve,evolve,1.4375,False,True,Alakazam,False,win,1,7,[7]
86002298:1:86,86002298,True,True,True,True,1.0,0.0741920182938345,0.9284933890065463,False,yes,yes,1.15,False,False,Alakazam,False,win,1,0,[0]
86002298:1:87,86002298,True,True,True,True,1.0,1.1154882220584872,0.32775522250182604,True,evolve,evolve,1.4375,False,True,Alakazam,False,win,1,12,[12]
86002298:1:88,86002298,True,True,True,True,1.0,0.07534072823598882,0.9274274317744191,False,yes,yes,1.15,False,False,Alakazam,False,win,1,0,[0]
86002298:1:89,86002298,False,False,False,True,0.25,3.1339482247798607,0.3007236522047564,True,xerosic,evolve,1.25,False,True,Alakazam,False,win,1,1,[17]
86002298:1:9,86002298,False,False,True,True,0.5,1.2286392370654673,0.3291944479220208,True,hammer,card,1.25,False,True,Alakazam,False,win,1,4,[1]
86002298:1:91,86002298,False,False,False,False,0.16666666666666666,3.311391888981764,0.22670773866966845,True,card,evolve,1.0,False,False,Alakazam,False,win,1,1,[0]
86002298:1:92,86002298,True,True,True,True,1.0,1.660619178867045,0.2687125647969547,True,card,card,1.092,False,False,Alakazam,False,win,1,2,"[0, 1, 2, 3, 4]"
86002298:1:93,86002298,False,False,False,True,0.25,3.172146595107889,0.2574642023537164,True,energy,evolve,1.5000000000000002,False,True,Alakazam,False,win,1,0,[2]
86002298:1:94,86002298,True,True,True,True,1.0,-0.0,1.0,False,card,card,0.34500000000000003,True,False,Alakazam,False,win,1,0,[0]
86002298:1:95,86002298,True,True,True,True,1.0,0.5950367305011459,0.5515423070704323,True,attack,attack,1.5000000000000002,False,True,Alakazam,False,win,1,2,[2]
86002298:1:96,86002298,True,True,True,True,1.0,0.24674471719942237,0.7813401307706317,False,card,card,1.3800000000000001,False,False,Alakazam,False,win,1,0,[0]
86002961:1:10,86002961,True,True,True,True,1.0,0.18841909779292723,0.8282675093976974,False,none,none,1.0639204545454546,False,False,Team Rocket Spidops,False,win,1,2,[2]
86002961:1:102,86002961,True,True,True,True,1.0,0.529690053841499,0.5887874338031481,True,attack,attack,1.725,False,True,Team Rocket Spidops,False,win,1,21,[21]
86002961:1:103,86002961,True,True,True,True,1.0,0.7696831983309707,0.4631597748612644,True,card,card,1.265,False,False,Team Rocket Spidops,False,win,1,2,[2]
86002961:1:104,86002961,True,True,True,True,1.0,0.10675547587722761,0.898745411056816,False,card,card,1.265,False,False,Team Rocket Spidops,False,win,1,0,[0]
86002961:1:109,86002961,True,True,True,True,1.0,0.6041436436145515,0.5465422612498799,True,attack,attack,1.725,False,True,Team Rocket Spidops,False,win,1,23,[23]
86002961:1:11,86002961,True,True,True,True,1.0,0.18841909779292723,0.8282675093976974,False,none,none,1.0639204545454546,False,False,Team Rocket Spidops,False,win,1,2,[2]
86002961:1:110,86002961,True,True,True,True,1.0,0.45698587738122504,0.633189282290462,True,card,card,1.265,False,False,Team Rocket Spidops,False,win,1,0,[0]
86002961:1:111,86002961,True,True,True,True,1.0,-0.0,1.0,False,card,card,0.31625,True,False,Team Rocket Spidops,False,win,1,0,[0]
86002961:1:12,86002961,True,True,True,True,1.0,0.18841909779292723,0.8282675093976974,False,none,none,1.0639204545454546,False,False,Team Rocket Spidops,False,win,1,2,[2]
86002961:1:13,86002961,True,True,True,True,1.0,0.18841909779292723,0.8282675093976974,False,none,none,1.0639204545454546,False,False,Team Rocket Spidops,False,win,1,2,[2]
86002961:1:14,86002961,True,True,True,True,1.0,0.18841909779292723,0.8282675093976974,False,none,none,1.0639204545454546,False,False,Team Rocket Spidops,False,win,1,2,[2]
86002961:1:15,86002961,True,True,True,True,1.0,0.18841909779292723,0.8282675093976974,False,none,none,1.0639204545454546,False,False,Team Rocket Spidops,False,win,1,2,[2]
86002961:1:16,86002961,True,True,True,True,1.0,0.18841909779292723,0.8282675093976974,False,none,none,1.0639204545454546,False,False,Team Rocket Spidops,False,win,1,2,[2]
86002961:1:17,86002961,True,True,True,True,1.0,0.18841909779292723,0.8282675093976974,False,none,none,1.0639204545454546,False,False,Team Rocket Spidops,False,win,1,2,[2]
86002961:1:18,86002961,True,True,True,True,1.0,0.8121200507670268,0.4439159435652319,True,card,card,1.15,False,False,Team Rocket Spidops,False,win,1,0,[0]
86002961:1:19,86002961,True,True,True,True,1.0,1.126009027009323,0.5187932506354657,True,card,card,1.15,False,False,Team Rocket Spidops,False,win,1,0,"[0, 2]"
86002961:1:20,86002961,False,False,True,True,0.5,0.8841333699691718,0.4207472174259399,True,card,card,0.95,False,False,Team Rocket Spidops,False,win,1,1,[0]
86002961:1:21,86002961,True,True,True,True,1.0,1.0450917889351876,0.3516595394419451,True,card,card,0.9249999999999999,False,False,Team Rocket Spidops,False,win,1,2,[2]
86002961:1:22,86002961,False,False,True,True,0.5,1.1463933126857073,0.4150085226962161,True,card,card,0.9249999999999999,False,False,Team Rocket Spidops,False,win,1,0,[1]
86002961:1:23,86002961,True,True,True,True,1.0,0.34875391200765055,0.7055667404100089,False,card,card,0.9249999999999999,False,False,Team Rocket Spidops,False,win,1,0,[0]
86002961:1:24,86002961,True,True,True,True,1.0,0.40546270251703337,0.6666682703960163,False,card,card,1.15,False,False,Team Rocket Spidops,False,win,1,1,[1]
86002961:1:25,86002961,True,True,True,True,1.0,0.5473266497469946,0.5784942628133654,True,card,card,0.95,False,False,Team Rocket Spidops,False,win,1,0,[0]
86002961:1:26,86002961,False,False,False,True,0.2,2.5805197911929634,0.324362824973914,True,card,card,0.9249999999999999,False,False,Team Rocket Spidops,False,win,1,2,[6]
86002961:1:27,86002961,True,True,True,True,1.0,-0.0,1.0,False,end,end,0.2375,True,False,Team Rocket Spidops,False,win,1,0,[0]
86002961:1:3,86002961,True,True,True,True,1.0,0.7578944911260395,0.46865214017178414,True,card,card,0.9758064516129032,False,False,Team Rocket Spidops,False,win,1,0,[0]
86002961:1:31,86002961,True,True,True,True,1.0,1.559140229910899,0.21031681759846355,True,evolve,evolve,1.4375,False,True,Team Rocket Spidops,False,win,1,4,[4]
86002961:1:32,86002961,True,True,True,True,1.0,0.0975778104865324,0.9070317622272122,False,ability,ability,1.15,False,False,Team Rocket Spidops,False,win,1,9,[9]
86002961:1:33,86002961,True,True,True,True,1.0,1.1210068375714717,0.32595144918999774,True,card,card,1.15,False,False,Team Rocket Spidops,False,win,1,1,[1]
86002961:1:34,86002961,False,False,True,True,0.3333333333333333,1.9932865716318324,0.17564972619212563,True,hammer,evolve,1.25,False,True,Team Rocket Spidops,False,win,1,1,[9]
86002961:1:35,86002961,True,True,True,True,1.0,-0.0,1.0,False,card,card,0.2875,True,False,Team Rocket Spidops,False,win,1,0,[0]
86002961:1:36,86002961,False,False,True,True,0.5,1.8000734878752733,0.20727628395575695,True,evolve,evolve,1.25,False,True,Team Rocket Spidops,False,win,1,1,[0]
86002961:1:37,86002961,True,True,True,True,1.0,0.07864012590709445,0.9243725223177943,False,yes,yes,1.15,False,False,Team Rocket Spidops,False,win,1,0,[0]
86002961:1:38,86002961,False,False,False,True,0.2,3.375011518937727,0.3790820833759158,True,energy,evolve,1.25,False,True,Team Rocket Spidops,False,win,1,0,[5]
86002961:1:39,86002961,True,True,True,True,1.0,0.9100878221850685,0.4024888750289745,True,evolve,evolve,1.25,False,True,Team Rocket Spidops,False,win,1,0,[0]
86002961:1:40,86002961,True,True,True,True,1.0,0.07864012590709445,0.9243725223177943,False,yes,yes,1.15,False,False,Team Rocket Spidops,False,win,1,0,[0]
86002961:1:41,86002961,True,True,True,True,1.0,1.0989950535776918,0.33320576944518676,True,boss,boss,1.25,False,True,Team Rocket Spidops,False,win,1,3,[3]
86002961:1:42,86002961,True,True,True,True,1.0,1.2964110222380183,0.2735116608888282,True,card,card,1.15,False,False,Team Rocket Spidops,False,win,1,1,[1]
86002961:1:43,86002961,False,False,True,True,0.5,1.0842197631337491,0.3566138084545164,True,end,card,1.0,False,False,Team Rocket Spidops,False,win,1,1,[2]
86002961:1:49,86002961,True,True,True,True,1.0,1.1265131272859907,0.3241615983188503,True,evolve,evolve,1.4375,False,True,Team Rocket Spidops,False,win,1,0,[0]
86002961:1:50,86002961,True,True,True,True,1.0,0.06775478225887113,0.9344895989118205,False,yes,yes,1.15,False,False,Team Rocket Spidops,False,win,1,0,[0]
86002961:1:51,86002961,True,True,True,True,1.0,1.0878381389028793,0.3369441333091689,True,evolve,evolve,1.4375,False,True,Team Rocket Spidops,False,win,1,6,[6]
86002961:1:52,86002961,True,True,True,True,1.0,0.06577761677607134,0.9363390672408026,False,yes,yes,1.15,False,False,Team Rocket Spidops,False,win,1,0,[0]
86002961:1:53,86002961,False,False,True,True,0.3333333333333333,2.24449354837866,0.20003176664371705,True,evolve,energy,1.4375,False,True,Team Rocket Spidops,False,win,1,7,[0]
86002961:1:54,86002961,True,True,True,True,1.0,0.07037722307658167,0.9320421657708149,False,yes,yes,1.15,False,False,Team Rocket Spidops,False,win,1,0,[0]
86002961:1:55,86002961,False,False,True,True,0.3333333333333333,1.9386480548598648,0.20138500548569818,True,card,energy,1.0,False,False,Team Rocket Spidops,False,win,1,4,[15]
86002961:1:56,86002961,False,False,True,True,0.3333333333333333,2.294616854122226,0.23430027505938356,True,card,energy,1.0,False,False,Team Rocket Spidops,False,win,1,4,[17]
86002961:1:57,86002961,True,True,True,True,1.0,0.22178863164571455,0.8010846703894813,False,evolve,evolve,1.4375,False,True,Team Rocket Spidops,False,win,1,0,[0]
86002961:1:58,86002961,True,True,True,True,1.0,0.07164017373257951,0.9308657855176081,False,yes,yes,1.15,False,False,Team Rocket Spidops,False,win,1,0,[0]
86002961:1:59,86002961,False,False,True,True,0.3333333333333333,2.57475816006665,0.2100957526844341,True,energy,energy,1.25,False,True,Team Rocket Spidops,False,win,1,4,[5]
86002961:1:6,86002961,True,True,True,True,1.0,0.7870837184400981,0.7069300091824097,False,card,card,1.0639204545454546,False,False,Team Rocket Spidops,False,win,1,1,"[0, 1]"
86002961:1:60,86002961,False,False,False,True,0.2,2.248355826489413,0.19894104508668,True,end,card,1.0,False,False,Team Rocket Spidops,False,win,1,3,[6]
86002961:1:63,86002961,True,True,True,True,1.0,1.4500276962466576,0.23456379146720654,True,energy,energy,1.25,False,True,Team Rocket Spidops,False,win,1,13,[13]
86002961:1:64,86002961,False,False,False,False,0.1111111111111111,3.111913436348325,0.30383050328820155,True,evolve,attack,1.25,False,True,Team Rocket Spidops,False,win,1,7,[3]
86002961:1:65,86002961,True,True,True,True,1.0,0.0595016627099352,0.9422339669281495,False,yes,yes,1.15,False,False,Team Rocket Spidops,False,win,1,0,[0]
86002961:1:66,86002961,True,True,True,True,1.0,1.395764881991223,0.2476435458190736,True,evolve,evolve,1.25,False,True,Team Rocket Spidops,False,win,1,6,[6]
86002961:1:67,86002961,True,True,True,True,1.0,0.04717502587445029,0.953920422222237,False,ability,ability,1.0,False,False,Team Rocket Spidops,False,win,1,6,[6]
86002961:1:68,86002961,False,False,True,True,0.5,2.1497896098867573,0.280882021102762,True,boss,card,1.725,False,True,Team Rocket Spidops,False,win,1,6,[7]
86002961:1:69,86002961,True,True,True,True,1.0,0.9210659491699432,0.398094466371197,True,card,card,1.3800000000000001,False,False,Team Rocket Spidops,False,win,1,0,[0]
86002961:1:7,86002961,True,True,True,True,1.0,0.18841909779292723,0.8282675093976974,False,none,none,1.0639204545454546,False,False,Team Rocket Spidops,False,win,1,2,[2]
86002961:1:70,86002961,False,False,True,True,0.5,1.3190943931064807,0.2909891540217821,True,card,attack,1.3800000000000001,False,False,Team Rocket Spidops,False,win,1,7,[4]
86002961:1:71,86002961,True,True,True,True,1.0,0.5341250071425241,0.5861819708537832,True,attack,attack,1.725,False,True,Team Rocket Spidops,False,win,1,4,[4]
86002961:1:72,86002961,True,True,True,True,1.0,0.2787683316684455,0.7567151898555774,False,card,card,1.3800000000000001,False,False,Team Rocket Spidops,False,win,1,0,[0]
86002961:1:76,86002961,False,False,False,True,0.25,2.47977261085189,0.20219869262009715,True,energy,attack,1.25,False,True,Team Rocket Spidops,False,win,1,13,[5]
86002961:1:77,86002961,False,False,False,False,0.1111111111111111,3.11783664103564,0.28545238276220897,True,retreat,attack,1.375,False,True,Team Rocket Spidops,False,win,1,7,[8]
86002961:1:78,86002961,True,True,True,True,1.0,-0.0,1.0,False,card,card,0.31625,True,False,Team Rocket Spidops,False,win,1,0,[0]
86002961:1:79,86002961,True,True,True,True,1.0,0.7685176583677195,0.4636999208079308,True,card,card,1.265,False,False,Team Rocket Spidops,False,win,1,0,[0]
86002961:1:8,86002961,True,True,True,True,1.0,0.18841909779292723,0.8282675093976974,False,none,none,1.0639204545454546,False,False,Team Rocket Spidops,False,win,1,2,[2]
86002961:1:80,86002961,True,True,True,True,1.0,0.3456931314349367,0.707729633764222,False,attack,attack,1.5812499999999998,False,True,Team Rocket Spidops,False,win,1,8,[8]
86002961:1:81,86002961,False,False,False,True,0.25,1.8060677399464458,0.3028905295768927,True,card,card,1.265,False,False,Team Rocket Spidops,False,win,1,3,[0]
86002961:1:88,86002961,True,True,True,True,1.0,0.4977398249060364,0.6079030755692737,True,attack,attack,1.725,False,True,Team Rocket Spidops,False,win,1,14,[14]
86002961:1:89,86002961,True,True,True,True,1.0,1.318997853959636,0.2674031447373272,True,card,card,1.265,False,False,Team Rocket Spidops,False,win,1,0,[0]
86002961:1:9,86002961,True,True,True,True,1.0,0.18841909779292723,0.8282675093976974,False,none,none,1.0639204545454546,False,False,Team Rocket Spidops,False,win,1,2,[2]
86002961:1:90,86002961,True,True,True,True,1.0,1.293038986293924,0.7386284638069944,False,card,card,1.265,False,False,Team Rocket Spidops,False,win,1,0,"[0, 1]"
86002961:1:94,86002961,True,True,True,True,1.0,0.5502535691457621,0.5768035322565142,True,attack,attack,1.725,False,True,Team Rocket Spidops,False,win,1,21,[21]
86002961:1:95,86002961,False,False,False,True,0.25,1.5031918659109371,0.3156452370813571,True,card,card,1.3800000000000001,False,False,Team Rocket Spidops,False,win,1,0,[3]
86002961:1:96,86002961,True,True,True,True,1.0,0.1773610399602798,0.8374773671385317,False,card,card,1.3800000000000001,False,False,Team Rocket Spidops,False,win,1,0,[0]
86002961:1:98,86002961,True,True,True,True,1.0,0.4873211207754303,0.6142697464926198,True,attack,attack,1.725,False,True,Team Rocket Spidops,False,win,1,21,[21]
86002961:1:99,86002961,False,False,True,True,0.5,1.2079615926747287,0.4118554472782348,True,card,card,1.3800000000000001,False,False,Team Rocket Spidops,False,win,1,0,[2]
86003437:0:1,86003437,True,True,True,True,1.0,0.08644916736950367,0.9171821703821113,False,yes,yes,0.69,False,False,Alakazam,False,loss,1,0,[0]
86003437:0:10,86003437,True,True,True,True,1.0,-0.0,1.0,False,end,end,0.1725,True,False,Alakazam,True,loss,1,0,[0]
86003437:0:103,86003437,True,True,True,True,1.0,1.4566079039853097,0.23302538007564455,True,card,card,0.69,False,False,Alakazam,True,loss,1,3,[3]
86003437:0:104,86003437,True,True,True,True,1.0,0.9087359278646836,0.40303336541694906,True,ability,ability,0.69,False,False,Alakazam,True,loss,1,8,[8]
86003437:0:105,86003437,True,True,True,True,1.0,1.3899551844613665,0.24908646732573478,True,card,card,0.69,False,False,Alakazam,True,loss,1,2,[2]
86003437:0:106,86003437,True,True,True,True,1.0,0.09170596142656515,0.912373383075655,False,evolve,evolve,0.8624999999999999,False,True,Alakazam,True,loss,1,0,[0]
86003437:0:107,86003437,True,True,True,True,1.0,0.08598402254000258,0.9176088921623962,False,yes,yes,0.69,False,False,Alakazam,True,loss,1,0,[0]
86003437:0:108,86003437,True,True,True,True,1.0,1.6061417990624942,0.2006603103053138,True,evolve,evolve,0.8624999999999999,False,True,Alakazam,True,loss,1,6,[6]
86003437:0:109,86003437,True,True,True,True,1.0,0.09157332759314181,0.9124944026804354,False,yes,yes,0.8280000000000001,False,False,Alakazam,True,loss,1,0,[0]
86003437:0:110,86003437,True,True,True,True,1.0,1.609951357030984,0.19989733743864738,True,energy,energy,0.9000000000000001,False,True,Alakazam,True,loss,1,6,[6]
86003437:0:111,86003437,True,True,True,True,1.0,-0.0,1.0,False,card,card,0.20700000000000002,True,False,Alakazam,True,loss,1,0,[0]
86003437:0:112,86003437,True,True,True,True,1.0,1.5581313088590456,0.2105291177423309,True,attack,attack,0.9000000000000001,False,True,Alakazam,True,loss,1,8,[8]
86003437:0:113,86003437,True,True,True,True,1.0,0.24865066161620158,0.779852358167104,False,card,card,0.8280000000000001,False,False,Alakazam,True,loss,1,0,[0]
86003437:0:117,86003437,True,True,True,True,1.0,2.5328447005177863,0.11728445762787605,True,card,card,0.6824999999999999,False,True,Alakazam,True,loss,1,2,"[0, 1, 2, 3, 5, 6, 8, 9, 10, 12]"
86003437:0:122,86003437,True,True,True,True,1.0,1.33598892078312,0.2628980615043172,True,card,card,0.69,False,False,Alakazam,True,loss,1,3,[3]
86003437:0:123,86003437,True,True,True,True,1.0,0.991494860772153,0.37102165056025527,True,ability,ability,0.69,False,False,Alakazam,True,loss,1,8,[8]
86003437:0:124,86003437,True,True,True,True,1.0,0.8997697324406758,0.40666329032347204,True,evolve,evolve,0.8624999999999999,False,True,Alakazam,True,loss,1,10,[10]
86003437:0:125,86003437,True,True,True,True,1.0,0.09018808743804548,0.9137593024610461,False,yes,yes,0.69,False,False,Alakazam,True,loss,1,0,[0]
86003437:0:126,86003437,False,False,True,True,0.3333333333333333,1.7056663983981806,0.2850749100501411,True,evolve,evolve,0.8624999999999999,False,True,Alakazam,True,loss,1,7,[6]
86003437:0:127,86003437,True,True,True,True,1.0,0.09157332759314181,0.9124944026804354,False,yes,yes,0.69,False,False,Alakazam,True,loss,1,0,[0]
86003437:0:128,86003437,True,True,True,True,1.0,0.889771348562038,0.4107496605163832,True,evolve,evolve,0.75,False,True,Alakazam,True,loss,1,6,[6]
86003437:0:129,86003437,True,True,True,True,1.0,0.05087297613772878,0.950399386266119,False,ability,ability,0.6,False,False,Alakazam,True,loss,1,10,[10]
86003437:0:130,86003437,False,False,False,False,0.16666666666666666,2.6102320259792484,0.36695394545228127,True,card,energy,0.684,False,False,Alakazam,True,loss,1,1,[0]
86003437:0:131,86003437,True,True,True,True,1.0,1.6870446261750804,0.2790011174608981,True,card,card,0.7560000000000001,False,False,Alakazam,True,loss,1,0,"[0, 1, 2]"
86003437:0:132,86003437,True,True,True,True,1.0,1.2698308842563066,0.280879118843087,True,energy,energy,0.8550000000000001,False,True,Alakazam,True,loss,1,9,[9]
86003437:0:133,86003437,True,True,True,True,1.0,0.649199928344858,0.5224636179188337,True,attack,attack,0.8550000000000001,False,True,Alakazam,True,loss,1,5,[5]
86003437:0:134,86003437,True,True,True,True,1.0,0.24705651842641044,0.781096545936161,False,card,card,0.8280000000000001,False,False,Alakazam,True,loss,1,0,[0]
86003437:0:140,86003437,False,False,True,True,0.5,2.9168549691836083,0.26195416593109466,True,card,xerosic,0.8140909090909092,False,True,Alakazam,True,loss,1,13,"[0, 1, 2, 3, 4, 5, 6, 7, 8, 9, 10]"
86003437:0:143,86003437,True,True,True,True,1.0,0.5420913074364438,0.5815308200765439,True,card,card,0.69,False,False,Alakazam,True,loss,1,2,[2]
86003437:0:144,86003437,True,True,True,True,1.0,0.5394637172198553,0.5830608540408507,True,evolve,evolve,0.8624999999999999,False,True,Alakazam,True,loss,1,3,[3]
86003437:0:145,86003437,False,False,True,True,0.5,2.361800801440672,0.9057496558725141,False,no,yes,0.69,False,False,Alakazam,True,loss,1,0,[1]
86003437:0:146,86003437,False,False,True,True,0.5,0.9468992308423241,0.436524646521038,True,energy,ability,0.8624999999999999,False,True,Alakazam,True,loss,1,4,[0]
86003437:0:147,86003437,True,True,True,True,1.0,0.9232679161727505,0.3972188398963508,True,xerosic,xerosic,0.75,False,True,Alakazam,True,loss,1,0,[0]
86003437:0:149,86003437,True,True,True,True,1.0,0.4517805000070973,0.6364938647917975,True,attack,attack,0.75,False,True,Alakazam,True,loss,1,1,[1]
86003437:0:155,86003437,False,False,True,True,0.5,1.181697709943006,0.5423405761728393,True,card,attack,0.6,False,False,Alakazam,True,loss,1,1,[0]
86003437:0:156,86003437,False,False,True,True,0.5,1.9003034550706177,0.7636566582297861,False,retreat,attack,0.75,False,True,Alakazam,True,loss,1,0,[1]
86003437:0:157,86003437,True,True,True,True,1.0,-0.0,1.0,False,card,card,0.20700000000000002,True,False,Alakazam,True,loss,1,0,[0]
86003437:0:158,86003437,True,True,True,True,1.0,0.7297173011536712,0.4820452444643062,True,card,card,0.8280000000000001,False,False,Alakazam,True,loss,1,1,[1]
86003437:0:159,86003437,True,True,True,True,1.0,-0.0,1.0,False,end,end,0.20700000000000002,True,False,Alakazam,True,loss,1,0,[0]
86003437:0:161,86003437,True,True,True,True,1.0,0.6323314116460865,0.531351556601322,True,evolve,evolve,0.9000000000000001,False,True,Alakazam,True,loss,1,0,[0]
86003437:0:162,86003437,True,True,True,True,1.0,0.03369601277719876,0.9668653746889476,False,ability,ability,0.7200000000000001,False,False,Alakazam,True,loss,1,4,[4]
86003437:0:163,86003437,False,False,False,True,0.2,2.1708185383365457,0.3192947418878193,True,end,energy,0.8280000000000001,False,False,Alakazam,True,loss,1,0,[5]
86003437:0:165,86003437,True,True,True,True,1.0,0.974189246027345,0.37749828776418964,True,card,card,0.6,False,False,Alakazam,True,loss,1,5,[5]
86003437:0:166,86003437,False,False,False,False,0.16666666666666666,2.4121576443191333,0.27518818055710903,True,card,energy,0.6,False,False,Alakazam,True,loss,1,0,[4]
86003437:0:167,86003437,True,True,True,True,1.0,1.1872893200429377,0.30504702923664073,True,energy,energy,0.75,False,True,Alakazam,True,loss,1,0,[0]
86003437:0:168,86003437,True,True,True,True,1.0,0.21926844206920781,0.8031061017509172,False,retreat,retreat,0.75,False,True,Alakazam,True,loss,1,0,[0]
86003437:0:169,86003437,True,True,True,True,1.0,-0.0,1.0,False,card,card,0.1725,True,False,Alakazam,True,loss,1,0,[0]
86003437:0:17,86003437,True,True,True,True,1.0,0.9971062712968998,0.3689455262061532,True,evolve,evolve,0.8062499999999999,False,True,Alakazam,True,loss,1,4,[4]
86003437:0:170,86003437,False,False,True,True,0.5,1.1555501966356525,0.45460778715871725,True,card,card,0.69,False,False,Alakazam,True,loss,1,1,[2]
86003437:0:171,86003437,True,True,True,True,1.0,-0.0,1.0,False,end,end,0.1725,True,False,Alakazam,True,loss,1,0,[0]
86003437:0:18,86003437,True,True,True,True,1.0,0.07878318735586257,0.9242402897044703,False,yes,yes,0.69,False,False,Alakazam,True,loss,1,0,[0]
86003437:0:19,86003437,True,True,True,True,1.0,0.8868117506750697,0.4119671150429801,True,card,card,0.5549999999999999,False,False,Alakazam,True,loss,1,7,[7]
86003437:0:20,86003437,False,False,True,True,0.3333333333333333,2.0078024024760923,0.16753996152759337,True,boss,card,0.69375,False,True,Alakazam,True,loss,1,1,[0]
86003437:0:21,86003437,False,False,True,True,0.5,1.2378350713889754,0.4989196104306697,True,card,card,0.69,False,False,Alakazam,True,loss,1,0,[2]
86003437:0:22,86003437,False,False,True,True,0.3333333333333333,2.028075004045151,0.23788197976919664,True,energy,energy,0.75,False,True,Alakazam,True,loss,1,4,[2]
86003437:0:23,86003437,True,True,True,True,1.0,-0.0,1.0,False,end,end,0.15,True,False,Alakazam,True,loss,1,0,[0]
86003437:0:3,86003437,True,True,True,True,1.0,0.4598571496507209,0.6313738310375447,True,card,card,0.5854838709677419,False,False,Alakazam,True,loss,1,1,[1]
86003437:0:35,86003437,True,True,True,True,1.0,1.5247286302536651,0.2176801206499312,True,card,card,0.69,False,False,Alakazam,True,loss,1,0,[0]
86003437:0:36,86003437,False,False,True,True,0.5,1.1194570919206805,0.3973544048941315,True,card,card,0.6,False,False,Alakazam,True,loss,1,0,[2]
86003437:0:37,86003437,False,False,True,True,0.5,1.508281627505447,0.5834275589520566,True,card,card,0.6,False,False,Alakazam,True,loss,1,0,[1]
86003437:0:38,86003437,True,True,True,True,1.0,0.703526601981121,0.4948371294446457,True,card,card,0.69,False,False,Alakazam,True,loss,1,0,[0]
86003437:0:39,86003437,True,True,True,True,1.0,0.7016462784243108,0.49576845868167463,True,card,card,0.6,False,False,Alakazam,True,loss,1,4,[4]
86003437:0:40,86003437,False,False,True,True,0.5,1.0932664011523314,0.45814301849863004,True,evolve,evolve,0.75,False,True,Alakazam,True,loss,1,5,[6]
86003437:0:41,86003437,True,True,True,True,1.0,0.08321108150059425,0.92015689862076,False,yes,yes,0.69,False,False,Alakazam,True,loss,1,0,[0]
86003437:0:42,86003437,False,False,True,True,0.5,1.228137182082212,0.4347347026454212,True,hammer,evolve,0.75,False,True,Alakazam,True,loss,1,5,[11]
86003437:0:43,86003437,True,True,True,True,1.0,-0.0,1.0,False,card,card,0.1725,True,False,Alakazam,True,loss,1,0,[0]
86003437:0:44,86003437,True,True,True,True,1.0,0.48941963853382364,0.6129820421289621,True,evolve,evolve,0.75,False,True,Alakazam,True,loss,1,5,[5]
86003437:0:45,86003437,True,True,True,True,1.0,0.07792959592620767,0.9250295500997359,False,yes,yes,0.69,False,False,Alakazam,True,loss,1,0,[0]
86003437:0:46,86003437,True,True,True,True,1.0,1.7392064172063353,0.17565974587054847,True,energy,energy,0.75,False,True,Alakazam,True,loss,1,5,[5]
86003437:0:47,86003437,True,True,True,True,1.0,0.3479429481146026,0.7061391616357181,False,card,card,0.69,False,False,Alakazam,True,loss,1,0,[0]
86003437:0:48,86003437,False,False,True,True,0.5,2.5111611049373024,0.8605039629912261,False,retreat,attack,0.75,False,True,Alakazam,True,loss,1,0,[1]
86003437:0:49,86003437,True,True,True,True,1.0,-0.0,1.0,False,card,card,0.1725,True,False,Alakazam,True,loss,1,0,[0]
86003437:0:5,86003437,True,True,True,True,1.0,-0.0,1.0,False,card,card,0.15958806818181817,True,False,Alakazam,True,loss,1,0,[0]
86003437:0:50,86003437,True,True,True,True,1.0,0.627450185551739,0.5339515440857006,True,card,card,0.69,False,False,Alakazam,True,loss,1,1,[1]
86003437:0:51,86003437,True,True,True,True,1.0,0.18263200168933885,0.8330746694063718,False,attack,attack,0.8624999999999999,False,True,Alakazam,True,loss,1,0,[0]
86003437:0:6,86003437,True,True,True,True,1.0,0.03696781510093589,0.963707151667326,False,none,none,0.6383522727272727,False,False,Alakazam,True,loss,1,1,[1]
86003437:0:64,86003437,False,False,True,True,0.5,1.9949585683013384,0.26938636806067046,True,card,xerosic,0.8325,False,True,Alakazam,True,loss,1,0,"[1, 2, 3, 5]"
86003437:0:68,86003437,True,True,True,True,1.0,1.2836825415597148,0.2770152994746187,True,xerosic,xerosic,0.75,False,True,Alakazam,True,loss,1,0,[0]
86003437:0:7,86003437,True,True,True,True,1.0,0.4677177390692999,0.6264303155095403,True,card,card,0.5614285714285714,False,False,Alakazam,True,loss,1,0,[0]
86003437:0:70,86003437,True,True,True,True,1.0,0.771433878722243,0.4623496394763691,True,attack,attack,0.75,False,True,Alakazam,True,loss,1,6,[6]
86003437:0:8,86003437,False,False,False,True,0.25,1.9909484618337845,0.16533972540417508,True,card,card,0.69,False,False,Alakazam,True,loss,1,1,[4]
86003437:0:80,86003437,True,True,True,True,1.0,0.9031113485157396,0.40530664569054814,True,card,card,0.69,False,False,Alakazam,True,loss,1,1,[1]
86003437:0:81,86003437,True,True,True,True,1.0,0.386732449230468,0.6792728105796642,False,ability,ability,0.69,False,False,Alakazam,True,loss,1,8,[8]
86003437:0:82,86003437,False,False,True,True,0.5,1.7347240011891454,0.19077574153218782,True,card,energy,0.6,False,False,Alakazam,True,loss,1,1,[7]
86003437:0:83,86003437,False,False,True,True,0.5,1.8529131550558255,0.3233140475635938,True,card,card,0.69,False,False,Alakazam,True,loss,1,0,[1]
86003437:0:84,86003437,True,True,True,True,1.0,0.5766746312508049,0.5617633342303202,True,evolve,evolve,0.75,False,True,Alakazam,True,loss,1,9,[9]
86003437:0:85,86003437,True,True,True,True,1.0,0.08330697332068222,0.9200686673313818,False,yes,yes,0.69,False,False,Alakazam,True,loss,1,0,[0]
86003437:0:86,86003437,False,False,True,True,0.3333333333333333,2.4632322166924574,0.3896104916368134,True,card,energy,0.69,False,False,Alakazam,True,loss,1,1,[0]
86003437:0:87,86003437,True,True,True,True,1.0,1.1669331352191195,0.5149416116434994,True,card,card,0.57,False,False,Alakazam,True,loss,1,0,"[0, 1, 2]"
86003437:0:88,86003437,True,True,True,True,1.0,1.0405425892784461,0.3532629532576053,True,energy,energy,0.7124999999999999,False,True,Alakazam,True,loss,1,0,[0]
86003437:0:89,86003437,True,True,True,True,1.0,0.32836625165062266,0.7200992338692344,False,card,card,0.8280000000000001,False,False,Alakazam,True,loss,1,0,[0]
86003437:0:9,86003437,True,True,True,True,1.0,0.1903675427783769,0.8266552469348273,False,card,card,0.5614285714285714,False,False,Alakazam,True,loss,1,0,[0]
86003437:0:90,86003437,True,True,True,True,1.0,0.7069646448056837,0.4931387793754599,True,xerosic,xerosic,0.8550000000000001,False,True,Alakazam,True,loss,1,1,[1]
86003437:0:92,86003437,True,True,True,True,1.0,0.10916412004808698,0.8965832581352258,False,attack,attack,0.8550000000000001,False,True,Alakazam,True,loss,1,0,[0]
86003437:0:93,86003437,True,True,True,True,1.0,0.28005537850490997,0.7557418884409778,False,card,card,0.8280000000000001,False,False,Alakazam,True,loss,1,0,[0]
86004018:1:10,86004018,True,True,True,True,1.0,0.11083138078341814,0.8950896655231255,False,none,none,1.0639204545454546,False,False,Team Rocket Spidops,False,win,1,1,[1]
86004018:1:100,86004018,False,False,False,True,0.25,2.204329806797998,0.15309345591832238,True,boss,card,1.4375,False,True,Team Rocket Spidops,False,win,1,2,[6]
86004018:1:101,86004018,True,True,True,True,1.0,0.8114441137913542,0.44421610419898533,True,card,card,1.15,False,False,Team Rocket Spidops,False,win,1,0,[0]
86004018:1:102,86004018,True,True,True,True,1.0,1.344830768838371,0.2605838030284203,True,attack,attack,1.4375,False,True,Team Rocket Spidops,False,win,1,5,[5]
86004018:1:108,86004018,False,False,False,True,0.2,2.3315225305938734,0.17897626997266064,True,card,retreat,1.265,False,False,Team Rocket Spidops,False,win,1,8,[1]
86004018:1:109,86004018,True,True,True,True,1.0,1.5771730305337885,0.33595718386112305,True,card,card,1.1400000000000001,False,False,Team Rocket Spidops,False,win,1,4,"[1, 2, 4]"
86004018:1:11,86004018,True,True,True,True,1.0,0.11083138078341814,0.8950896655231255,False,none,none,1.0639204545454546,False,False,Team Rocket Spidops,False,win,1,1,[1]
86004018:1:110,86004018,True,True,True,True,1.0,1.7427258022218934,0.17504261818504155,True,energy,energy,1.5000000000000002,False,True,Team Rocket Spidops,False,win,1,10,[10]
86004018:1:111,86004018,True,True,True,True,1.0,0.5742867155113954,0.5631063806405961,True,attack,attack,1.5000000000000002,False,True,Team Rocket Spidops,False,win,1,10,[10]
86004018:1:112,86004018,True,True,True,True,1.0,1.1325568524284602,0.3222083630707754,True,card,card,1.265,False,False,Team Rocket Spidops,False,win,1,3,[3]
86004018:1:113,86004018,False,True,True,True,1.0,2.343475925157097,0.7739679945615695,False,card,card,1.265,False,False,Team Rocket Spidops,False,win,1,0,[1]
86004018:1:12,86004018,True,True,True,True,1.0,0.11083138078341814,0.8950896655231255,False,none,none,1.0639204545454546,False,False,Team Rocket Spidops,False,win,1,1,[1]
86004018:1:121,86004018,True,True,True,True,1.0,0.6166209356011206,0.5397652610997423,True,attack,attack,1.725,False,True,Team Rocket Spidops,False,win,1,16,[16]
86004018:1:122,86004018,True,True,True,True,1.0,1.0382246661692807,0.3540827393540987,True,card,card,1.265,False,False,Team Rocket Spidops,False,win,1,3,[3]
86004018:1:123,86004018,True,True,True,True,1.0,0.188174393488844,0.8284702148226128,False,card,card,1.265,False,False,Team Rocket Spidops,False,win,1,0,[0]
86004018:1:13,86004018,True,True,True,True,1.0,0.11083138078341814,0.8950896655231255,False,none,none,1.0639204545454546,False,False,Team Rocket Spidops,False,win,1,1,[1]
86004018:1:132,86004018,True,True,True,True,1.0,0.1962241067274651,0.821828036847094,False,attack,attack,1.725,False,True,Team Rocket Spidops,False,win,1,2,[2]
86004018:1:133,86004018,True,True,True,True,1.0,1.1504461739353478,0.31649552581752455,True,card,card,1.265,False,False,Team Rocket Spidops,False,win,1,3,[3]
86004018:1:134,86004018,True,True,True,True,1.0,0.1252768568692377,0.8822526110734857,False,card,card,1.3800000000000001,False,False,Team Rocket Spidops,False,win,1,0,[0]
86004018:1:137,86004018,True,True,True,True,1.0,0.3770819864425842,0.6858598403824344,False,attack,attack,1.725,False,True,Team Rocket Spidops,False,win,1,8,[8]
86004018:1:138,86004018,True,True,True,True,1.0,0.8752080074772995,0.4167753182789954,True,card,card,1.265,False,False,Team Rocket Spidops,False,win,1,1,[1]
86004018:1:139,86004018,True,True,True,True,1.0,-0.0,1.0,False,card,card,0.31625,True,False,Team Rocket Spidops,False,win,1,0,[0]
86004018:1:14,86004018,True,True,True,True,1.0,0.11083138078341814,0.8950896655231255,False,none,none,1.0639204545454546,False,False,Team Rocket Spidops,False,win,1,1,[1]
86004018:1:15,86004018,False,False,True,True,0.5,1.7163820509583863,0.2515652555797578,True,card,energy,1.0,False,False,Team Rocket Spidops,False,win,1,2,[7]
86004018:1:16,86004018,True,True,True,True,1.0,1.0693390980030064,0.4864014846362212,True,card,card,1.15,False,False,Team Rocket Spidops,False,win,1,0,"[0, 1]"
86004018:1:17,86004018,False,False,False,True,0.2,2.3630209108445914,0.20219584602497448,True,card,energy,0.95,False,False,Team Rocket Spidops,False,win,1,2,[10]
86004018:1:18,86004018,True,True,True,True,1.0,0.8927575290129607,0.4095249174719084,True,card,card,1.0,False,False,Team Rocket Spidops,False,win,1,0,[0]
86004018:1:19,86004018,True,True,True,True,1.0,0.22148105463184264,0.8013311035168982,False,card,card,1.0,False,False,Team Rocket Spidops,False,win,1,0,[0]
86004018:1:2,86004018,False,False,True,True,0.5,0.9784506924352372,0.6241069781515616,True,card,card,0.9965648854961832,False,False,Team Rocket Spidops,False,win,1,0,[1]
86004018:1:20,86004018,True,True,True,True,1.0,1.655121693779016,0.19106880240598553,True,energy,energy,1.1875,False,True,Team Rocket Spidops,False,win,1,1,[1]
86004018:1:21,86004018,True,True,True,True,1.0,-0.0,1.0,False,card,card,0.2875,True,False,Team Rocket Spidops,False,win,1,0,[0]
86004018:1:22,86004018,True,True,True,True,1.0,-0.0,1.0,False,end,end,0.2375,True,False,Team Rocket Spidops,False,win,1,0,[0]
86004018:1:28,86004018,True,True,True,True,1.0,0.4001691236112804,0.6702066886747134,False,card,card,1.15,False,False,Team Rocket Spidops,False,win,1,0,[0]
86004018:1:29,86004018,True,True,True,True,1.0,1.4351446549699105,0.23808092193503932,True,evolve,evolve,1.1875,False,True,Team Rocket Spidops,False,win,1,6,[6]
86004018:1:30,86004018,True,True,True,True,1.0,0.06486789918555737,0.9371912589290698,False,yes,yes,1.15,False,False,Team Rocket Spidops,False,win,1,0,[0]
86004018:1:31,86004018,True,True,True,True,1.0,1.086592389874912,0.3373641426945425,True,hammer,hammer,1.1875,False,True,Team Rocket Spidops,False,win,1,11,[11]
86004018:1:32,86004018,True,True,True,True,1.0,-0.0,1.0,False,card,card,0.2875,True,False,Team Rocket Spidops,False,win,1,0,[0]
86004018:1:33,86004018,False,False,True,True,0.5,1.987708564211404,0.1880377991750504,True,card,boss,0.95,False,False,Team Rocket Spidops,False,win,1,0,[9]
86004018:1:34,86004018,False,False,True,True,0.5,1.7164278808853286,0.47428499030026905,True,card,card,1.0,False,False,Team Rocket Spidops,False,win,1,0,[2]
86004018:1:35,86004018,True,True,True,True,1.0,-0.0,1.0,False,card,card,0.25,True,False,Team Rocket Spidops,False,win,1,0,[0]
86004018:1:36,86004018,True,True,True,True,1.0,1.4288930401272117,0.2395739742918039,True,evolve,evolve,1.425,False,True,Team Rocket Spidops,False,win,1,10,[10]
86004018:1:37,86004018,True,True,True,True,1.0,0.06382533074414849,0.9381688544757766,False,yes,yes,1.3800000000000001,False,False,Team Rocket Spidops,False,win,1,0,[0]
86004018:1:38,86004018,False,False,False,False,0.16666666666666666,2.620856215298878,0.13093689846227446,True,energy,card,1.725,False,True,Team Rocket Spidops,False,win,1,13,[5]
86004018:1:39,86004018,False,False,True,True,0.5,1.2240505795336005,0.34196282453825,True,attack,card,1.725,False,True,Team Rocket Spidops,False,win,1,1,[2]
86004018:1:4,86004018,True,True,True,True,1.0,0.3912002919451156,0.6762446961084179,False,number,number,1.15,False,False,Team Rocket Spidops,False,win,1,1,[1]
86004018:1:40,86004018,False,True,True,True,1.0,1.6603734193838957,0.6533212384500965,False,card,card,1.3800000000000001,False,False,Team Rocket Spidops,False,win,1,0,[1]
86004018:1:43,86004018,True,True,True,True,1.0,1.1929980444212427,0.3033105610493328,True,card,card,1.15,False,False,Team Rocket Spidops,False,win,1,12,[12]
86004018:1:44,86004018,False,False,True,True,0.3333333333333333,2.1360891097091086,0.1573687108626889,True,boss,card,1.4375,False,True,Team Rocket Spidops,False,win,1,12,[0]
86004018:1:45,86004018,True,True,True,True,1.0,0.9759537950769948,0.3768327608693797,True,card,card,1.15,False,False,Team Rocket Spidops,False,win,1,0,[0]
86004018:1:46,86004018,True,True,True,True,1.0,1.8338103122397673,0.15980350499738735,True,energy,energy,1.25,False,True,Team Rocket Spidops,False,win,1,0,[0]
86004018:1:47,86004018,True,True,True,True,1.0,0.8013957923638768,0.4487022316761677,True,attack,attack,1.25,False,True,Team Rocket Spidops,False,win,1,2,[2]
86004018:1:52,86004018,True,True,True,True,1.0,1.2736105955350832,0.27981948069427226,True,evolve,evolve,1.4375,False,True,Team Rocket Spidops,False,win,1,9,[9]
86004018:1:53,86004018,True,True,True,True,1.0,0.062067346132767695,0.9398195914447813,False,yes,yes,1.15,False,False,Team Rocket Spidops,False,win,1,0,[0]
86004018:1:54,86004018,True,True,True,True,1.0,0.8608068253505401,0.4228208021176196,True,evolve,evolve,1.25,False,True,Team Rocket Spidops,False,win,1,0,[0]
86004018:1:55,86004018,True,True,True,True,1.0,0.02462472155180312,0.9756759935055777,False,ability,ability,1.2000000000000002,False,False,Team Rocket Spidops,False,win,1,8,[8]
86004018:1:56,86004018,True,True,True,True,1.0,1.0699012870314195,0.34304237847894486,True,card,card,1.2000000000000002,False,False,Team Rocket Spidops,False,win,1,8,[8]
86004018:1:57,86004018,False,False,False,False,0.125,2.764343023742722,0.14378818094510007,True,attack,card,1.5000000000000002,False,True,Team Rocket Spidops,False,win,1,6,[9]
86004018:1:59,86004018,False,False,False,True,0.2,2.449491012026132,0.11601621524958126,True,card,card,1.15,False,False,Team Rocket Spidops,False,win,1,7,[11]
86004018:1:6,86004018,True,True,True,True,1.0,-0.0,1.0,False,card,card,0.26598011363636365,True,False,Team Rocket Spidops,False,win,1,0,[0]
86004018:1:60,86004018,True,True,True,True,1.0,0.38826781060194837,0.6782306815726346,False,card,card,0.95,False,False,Team Rocket Spidops,False,win,1,1,[1]
86004018:1:61,86004018,False,True,True,True,1.0,1.1902424786884653,0.5223790676130089,True,card,card,0.95,False,False,Team Rocket Spidops,False,win,1,0,[1]
86004018:1:62,86004018,True,True,True,True,1.0,0.744907670310087,0.47477813403417995,True,card,card,1.1400000000000001,False,False,Team Rocket Spidops,False,win,1,0,[0]
86004018:1:63,86004018,True,True,True,True,1.0,1.142062946189072,0.3191599324507458,True,card,card,1.3800000000000001,False,False,Team Rocket Spidops,False,win,1,9,[9]
86004018:1:64,86004018,False,False,False,False,0.1,3.2753552026667077,0.3155944135832301,True,energy,evolve,1.5000000000000002,False,True,Team Rocket Spidops,False,win,1,10,[6]
86004018:1:65,86004018,True,True,True,True,1.0,1.6809363503720514,0.1861995463739901,True,attack,attack,1.5000000000000002,False,True,Team Rocket Spidops,False,win,1,7,[7]
86004018:1:66,86004018,True,True,True,True,1.0,0.3083605620486037,0.7346503832020458,False,card,card,1.3800000000000001,False,False,Team Rocket Spidops,False,win,1,0,[0]
86004018:1:7,86004018,True,True,True,True,1.0,0.11083138078341814,0.8950896655231255,False,none,none,1.0639204545454546,False,False,Team Rocket Spidops,False,win,1,1,[1]
86004018:1:77,86004018,True,True,True,True,1.0,1.0428383895360285,0.3524528623378055,True,card,card,0.95,False,False,Team Rocket Spidops,False,win,1,1,[1]
86004018:1:78,86004018,True,True,True,True,1.0,0.9155846761651956,0.40028252200998604,True,card,card,1.15,False,False,Team Rocket Spidops,False,win,1,0,[0]
86004018:1:79,86004018,True,True,True,True,1.0,0.4621300721066108,0.6299403969383093,True,evolve,evolve,1.1875,False,True,Team Rocket Spidops,False,win,1,1,[1]
86004018:1:8,86004018,True,True,True,True,1.0,0.11083138078341814,0.8950896655231255,False,none,none,1.0639204545454546,False,False,Team Rocket Spidops,False,win,1,1,[1]
86004018:1:80,86004018,True,True,True,True,1.0,0.013876094920060755,0.9862197343277402,False,ability,ability,0.95,False,False,Team Rocket Spidops,False,win,1,1,[1]
86004018:1:81,86004018,True,True,True,True,1.0,0.8112916120604277,0.44428385308956136,True,evolve,evolve,1.4375,False,True,Team Rocket Spidops,False,win,1,3,[3]
86004018:1:82,86004018,True,True,True,True,1.0,0.05747961691598589,0.944141134698362,False,yes,yes,1.15,False,False,Team Rocket Spidops,False,win,1,0,[0]
86004018:1:83,86004018,False,False,True,True,0.5,1.6929268155604704,0.5152750371545416,True,card,attack,1.2000000000000002,False,False,Team Rocket Spidops,False,win,1,3,[1]
86004018:1:84,86004018,True,True,True,True,1.0,0.382441935103046,0.6821935013218127,False,card,card,1.3800000000000001,False,False,Team Rocket Spidops,False,win,1,0,[0]
86004018:1:85,86004018,True,True,True,True,1.0,0.17952163449728922,0.8356698714500195,False,attack,attack,1.5000000000000002,False,True,Team Rocket Spidops,False,win,1,1,[1]
86004018:1:87,86004018,False,False,True,True,0.5,1.4916970850512261,0.3281313450929044,True,boss,attack,1.725,False,True,Team Rocket Spidops,False,win,1,4,[2]
86004018:1:88,86004018,True,True,True,True,1.0,1.021224577119176,0.3601536341218463,True,card,card,1.3800000000000001,False,False,Team Rocket Spidops,False,win,1,2,[2]
86004018:1:89,86004018,True,True,True,True,1.0,0.3250702066292304,0.7224766292126626,False,attack,attack,1.725,False,True,Team Rocket Spidops,False,win,1,2,[2]
86004018:1:9,86004018,True,True,True,True,1.0,0.11083138078341814,0.8950896655231255,False,none,none,1.0639204545454546,False,False,Team Rocket Spidops,False,win,1,1,[1]
86004018:1:90,86004018,True,True,True,True,1.0,0.2477220504821041,0.780576874094565,False,card,card,1.3800000000000001,False,False,Team Rocket Spidops,False,win,1,0,[0]
86004018:1:95,86004018,True,True,True,True,1.0,0.574174238223943,0.5631697208809402,True,card,card,1.15,False,False,Team Rocket Spidops,False,win,1,0,[0]
86004018:1:96,86004018,True,True,True,True,1.0,0.7406732939954502,0.47679278570608774,True,ability,ability,1.0,False,False,Team Rocket Spidops,False,win,1,10,[10]
86004018:1:97,86004018,True,True,True,True,1.0,1.6387225040029907,0.19422800937317228,True,hammer,hammer,1.4375,False,True,Team Rocket Spidops,False,win,1,0,[0]
86004018:1:98,86004018,True,True,True,True,1.0,-0.0,1.0,False,card,card,0.2875,True,False,Team Rocket Spidops,False,win,1,0,[0]
86004018:1:99,86004018,False,False,True,True,0.5,2.186190903819778,0.14367308926610275,True,energy,card,1.25,False,True,Team Rocket Spidops,False,win,1,2,[7]
86004567:1:10,86004567,True,True,True,True,1.0,0.7666403116481971,0.46457126398381304,True,card,card,0.95,False,False,Alakazam,False,win,1,5,[5]
86004567:1:107,86004567,True,True,True,True,1.0,0.7007239281692408,0.49622594179339485,True,card,card,1.15,False,False,Alakazam,False,win,1,1,[1]
86004567:1:108,86004567,True,True,True,True,1.0,0.928552168838505,0.39512537126272623,True,ability,ability,1.15,False,False,Alakazam,False,win,1,11,[11]
86004567:1:109,86004567,False,False,True,True,0.3333333333333333,2.4898507196904163,0.22772963361928908,True,card,hammer,1.0,False,False,Alakazam,False,win,1,5,[0]
86004567:1:11,86004567,True,True,True,True,1.0,1.6010345444400842,0.2016877550803674,True,energy,energy,1.1875,False,True,Alakazam,False,win,1,2,[2]
86004567:1:110,86004567,False,False,True,True,0.3333333333333333,2.106583396076781,0.14968498819392742,True,card,card,1.15,False,False,Alakazam,False,win,1,1,[2]
86004567:1:111,86004567,True,True,True,True,1.0,0.5606731155038142,0.5708247035459708,True,evolve,evolve,1.25,False,True,Alakazam,False,win,1,16,[16]
86004567:1:112,86004567,False,False,True,True,0.5,2.502220849190833,0.9180970975000159,False,no,yes,1.15,False,False,Alakazam,False,win,1,0,[1]
86004567:1:113,86004567,True,True,True,True,1.0,1.1799051518887758,0.3073078847913156,True,energy,energy,1.5000000000000002,False,True,Alakazam,False,win,1,11,[11]
86004567:1:114,86004567,True,True,True,True,1.0,0.9634452834378291,0.3815759813141437,True,xerosic,xerosic,1.5000000000000002,False,True,Alakazam,False,win,1,7,[7]
86004567:1:116,86004567,True,True,True,True,1.0,0.38105236222591715,0.683142117841455,False,attack,attack,1.725,False,True,Alakazam,False,win,1,3,[3]
86004567:1:117,86004567,True,True,True,True,1.0,0.16179697606408208,0.8506138819890801,False,card,card,1.3800000000000001,False,False,Alakazam,False,win,1,0,[0]
86004567:1:12,86004567,True,True,True,True,1.0,0.43152410014205295,0.6495184088636422,True,card,card,1.0,False,False,Alakazam,False,win,1,3,[3]
86004567:1:13,86004567,True,True,True,True,1.0,0.6427919065161163,0.5258223260314924,True,card,card,1.0,False,False,Alakazam,False,win,1,3,[3]
86004567:1:133,86004567,True,True,True,True,1.0,0.9578267337688162,0.3837259190277898,True,card,card,1.15,False,False,Alakazam,False,win,1,1,[1]
86004567:1:134,86004567,False,False,False,False,0.1,3.242344051048268,0.4078393189535668,True,xerosic,ability,1.25,False,True,Alakazam,False,win,1,11,[10]
86004567:1:136,86004567,False,False,False,False,0.125,3.3423552606731057,0.5320090965977966,True,end,ability,1.2000000000000002,False,False,Alakazam,False,win,1,6,[7]
86004567:1:14,86004567,False,False,True,True,0.3333333333333333,1.5205909829914892,0.27885124425556645,True,xerosic,card,1.1458333333333333,False,True,Alakazam,False,win,1,0,[1]
86004567:1:140,86004567,False,False,True,True,0.5,0.9195631877213578,0.6013068428798248,True,card,card,1.15,False,False,Alakazam,False,win,1,1,[0]
86004567:1:141,86004567,False,False,False,True,0.2,2.562322523652972,0.3518843607822342,True,card,ability,1.15,False,False,Alakazam,False,win,1,10,[9]
86004567:1:142,86004567,True,True,True,True,1.0,2.3231778984001017,0.16322211998103767,True,card,card,1.03,False,False,Alakazam,False,win,1,1,"[1, 2, 3, 6, 9]"
86004567:1:143,86004567,True,True,True,True,1.0,0.8422581643958325,0.4307367499798297,True,ability,ability,1.0,False,False,Alakazam,False,win,1,9,[9]
86004567:1:144,86004567,True,True,True,True,1.0,1.3048923314888037,0.2712017333605669,True,evolve,evolve,1.1875,False,True,Alakazam,False,win,1,9,[9]
86004567:1:145,86004567,True,True,True,True,1.0,0.06182266127774066,0.9400495792013785,False,ability,ability,1.0,False,False,Alakazam,False,win,1,9,[9]
86004567:1:146,86004567,False,False,True,True,0.5,1.5087261151747953,0.22178816194197892,True,card,card,0.95,False,False,Alakazam,False,win,1,10,[8]
86004567:1:147,86004567,False,False,False,False,0.16666666666666666,2.7790447646350422,0.2397080959250849,True,boss,card,1.1875,False,True,Alakazam,False,win,1,10,[7]
86004567:1:148,86004567,False,False,True,True,0.5,1.049667505085131,0.4193306603069213,True,card,card,1.15,False,False,Alakazam,False,win,1,1,[0]
86004567:1:149,86004567,False,False,False,False,0.16666666666666666,2.393280407320326,0.3211752380147323,True,end,card,1.15,False,False,Alakazam,False,win,1,5,[6]
86004567:1:156,86004567,True,True,True,True,1.0,2.7550507587281112,0.11280945414212375,True,hammer,card,1.15625,False,True,Alakazam,False,win,1,10,"[1, 2, 3, 4, 5, 6, 8, 9, 10, 11, 13, 14]"
86004567:1:16,86004567,True,True,True,True,1.0,1.0626830907625395,0.34552748389469096,True,card,card,0.9166666666666666,False,False,Alakazam,False,win,1,0,[0]
86004567:1:160,86004567,True,True,True,True,1.0,0.5872137350121819,0.5558739411364527,True,evolve,evolve,1.1875,False,True,Alakazam,False,win,1,3,[3]
86004567:1:161,86004567,True,True,True,True,1.0,0.03755673503867616,0.9631397723984466,False,ability,ability,0.95,False,False,Alakazam,False,win,1,3,[3]
86004567:1:162,86004567,True,True,True,True,1.0,0.8125188594349059,0.4437389413364859,True,card,card,1.15,False,False,Alakazam,False,win,1,2,[2]
86004567:1:163,86004567,False,False,False,True,0.25,1.7366595683724215,0.43679852588759277,True,end,energy,0.95,False,False,Alakazam,False,win,1,0,[3]
86004567:1:17,86004567,False,False,True,True,0.5,2.0248555562385406,0.28121041568160626,True,card,card,1.0,False,False,Alakazam,False,win,1,0,[1]
86004567:1:18,86004567,True,True,True,True,1.0,0.5147854167650955,0.5976288219859177,True,card,card,0.9166666666666666,False,False,Alakazam,False,win,1,1,[1]
86004567:1:19,86004567,False,False,False,True,0.25,2.227627789910365,0.48486996578290353,True,end,card,0.6875,False,False,Alakazam,False,win,1,0,[3]
86004567:1:2,86004567,True,True,True,True,1.0,-0.0,1.0,False,card,card,0.2491412213740458,True,False,Alakazam,False,win,1,0,[0]
86004567:1:36,86004567,True,True,True,True,1.0,1.3069217670341438,0.2706519050322144,True,evolve,evolve,1.4375,False,True,Alakazam,False,win,1,8,[8]
86004567:1:37,86004567,True,True,True,True,1.0,0.10749029188343537,0.8980852411246874,False,ability,ability,1.15,False,False,Alakazam,False,win,1,14,[14]
86004567:1:38,86004567,True,True,True,True,1.0,0.41879511303911615,0.6578389640872614,False,card,card,1.15,False,False,Alakazam,False,win,1,0,[0]
86004567:1:39,86004567,True,True,True,True,1.0,1.6827435780208952,0.18586334529303014,True,evolve,evolve,1.4375,False,True,Alakazam,False,win,1,1,[1]
86004567:1:4,86004567,True,True,True,True,1.0,0.3912002919451156,0.6762446961084179,False,number,number,1.15,False,False,Alakazam,False,win,1,1,[1]
86004567:1:40,86004567,True,True,True,True,1.0,0.09319379608602418,0.9110169316718792,False,yes,yes,1.15,False,False,Alakazam,False,win,1,0,[0]
86004567:1:41,86004567,True,True,True,True,1.0,1.2961666625829982,0.27357850427050723,True,evolve,evolve,1.25,False,True,Alakazam,False,win,1,11,[11]
86004567:1:42,86004567,True,True,True,True,1.0,0.09319379608602418,0.9110169316718792,False,yes,yes,1.15,False,False,Alakazam,False,win,1,0,[0]
86004567:1:43,86004567,False,False,False,True,0.25,2.5211308784208053,0.10998720798056132,True,card,card,0.9249999999999999,False,False,Alakazam,False,win,1,10,[4]
86004567:1:44,86004567,True,True,True,True,1.0,1.7712044357338415,0.17012795718551896,True,card,card,1.05,False,False,Alakazam,False,win,1,1,[1]
86004567:1:45,86004567,True,True,True,True,1.0,1.1767250162520957,0.30828672113841254,True,card,card,1.15,False,False,Alakazam,False,win,1,8,[8]
86004567:1:46,86004567,True,True,True,True,1.0,-0.0,1.0,False,evolve,evolve,0.2875,True,False,Alakazam,False,win,1,0,[0]
86004567:1:47,86004567,True,True,True,True,1.0,0.07848251080799794,0.924518228866976,False,yes,yes,1.15,False,False,Alakazam,False,win,1,0,[0]
86004567:1:48,86004567,True,True,True,True,1.0,1.5827885734033336,0.20540152162616077,True,energy,energy,1.725,False,True,Alakazam,False,win,1,0,[0]
86004567:1:49,86004567,True,True,True,True,1.0,1.4022427838507137,0.24604451999099838,True,card,card,1.3800000000000001,False,False,Alakazam,False,win,1,0,[0]
86004567:1:50,86004567,True,True,True,True,1.0,1.0704815917385353,0.36263707443038823,True,card,card,1.2000000000000002,False,False,Alakazam,False,win,1,0,"[0, 2]"
86004567:1:51,86004567,True,True,True,True,1.0,0.6845326338613023,0.5043258793420486,True,attack,attack,1.725,False,True,Alakazam,False,win,1,2,[2]
86004567:1:52,86004567,True,True,True,True,1.0,0.28762686216953426,0.7500414088547718,False,card,card,1.3800000000000001,False,False,Alakazam,False,win,1,0,[0]
86004567:1:64,86004567,True,True,True,True,1.0,2.412477404279491,0.15680976568827865,True,card,card,1.3875000000000002,False,True,Alakazam,False,win,1,6,"[0, 2, 4, 5, 6, 7, 8, 10]"
86004567:1:67,86004567,True,True,True,True,1.0,1.0531107215777142,0.34885088155175387,True,card,card,1.15,False,False,Alakazam,False,win,1,1,[1]
86004567:1:68,86004567,True,True,True,True,1.0,0.6984165762365824,0.49737223161768945,True,ability,ability,1.15,False,False,Alakazam,False,win,1,9,[9]
86004567:1:69,86004567,True,True,True,True,1.0,0.7115241580171128,0.49089542478473025,True,evolve,evolve,1.25,False,True,Alakazam,False,win,1,6,[6]
86004567:1:70,86004567,True,True,True,True,1.0,0.08598402254000258,0.9176088921623962,False,yes,yes,1.15,False,False,Alakazam,False,win,1,0,[0]
86004567:1:71,86004567,True,True,True,True,1.0,1.25466499033875,0.2851713673868256,True,evolve,evolve,1.15625,False,True,Alakazam,False,win,1,15,[15]
86004567:1:72,86004567,True,True,True,True,1.0,0.05522771427583779,0.9462696443109856,False,ability,ability,0.95,False,False,Alakazam,False,win,1,16,[16]
86004567:1:73,86004567,True,True,True,True,1.0,1.7152795426212752,0.17991342021378387,True,energy,energy,1.3875000000000002,False,True,Alakazam,False,win,1,8,[8]
86004567:1:74,86004567,False,False,False,True,0.25,2.2983724103441334,0.17115346231234363,True,card,hammer,1.11,False,False,Alakazam,False,win,1,7,[1]
86004567:1:75,86004567,True,True,True,True,1.0,0.9983643053064514,0.5297995993904672,True,card,card,1.3800000000000001,False,False,Alakazam,False,win,1,0,"[0, 1]"
86004567:1:76,86004567,True,True,True,True,1.0,1.3889724761889715,0.24933136697046218,True,attack,attack,1.725,False,True,Alakazam,False,win,1,7,[7]
86004567:1:77,86004567,True,True,True,True,1.0,0.24546078373366076,0.782343963802182,False,card,card,1.3800000000000001,False,False,Alakazam,False,win,1,0,[0]
86004567:1:83,86004567,True,True,True,True,1.0,2.2128787457545083,0.21507716960070802,True,boss,card,1.4035714285714287,False,True,Alakazam,False,win,1,3,"[2, 3, 4, 6, 7, 8, 9]"
86004567:1:87,86004567,True,True,True,True,1.0,0.9670911213704435,0.380187350027759,True,card,card,1.15,False,False,Alakazam,False,win,1,1,[1]
86004567:1:88,86004567,True,True,True,True,1.0,0.9566077056650424,0.38419397693714163,True,ability,ability,1.15,False,False,Alakazam,False,win,1,8,[8]
86004567:1:89,86004567,True,True,True,True,1.0,0.8551664279862232,0.4252124179466863,True,evolve,evolve,1.4375,False,True,Alakazam,False,win,1,6,[6]
86004567:1:90,86004567,True,True,True,True,1.0,0.09018808743804548,0.9137593024610461,False,yes,yes,1.15,False,False,Alakazam,False,win,1,0,[0]
86004567:1:91,86004567,True,True,True,True,1.0,0.9211234250302233,0.3980715862068045,True,evolve,evolve,1.725,False,True,Alakazam,False,win,1,6,[6]
86004567:1:92,86004567,True,True,True,True,1.0,0.09157332759314181,0.9124944026804354,False,yes,yes,1.3800000000000001,False,False,Alakazam,False,win,1,0,[0]
86004567:1:93,86004567,True,True,True,True,1.0,1.075859147923152,0.34100465596922036,True,energy,energy,1.5000000000000002,False,True,Alakazam,False,win,1,9,[9]
86004567:1:94,86004567,True,True,True,True,1.0,1.5236559252778255,0.21791375248510653,True,attack,attack,1.5000000000000002,False,True,Alakazam,False,win,1,6,[6]
86004567:1:95,86004567,True,True,True,True,1.0,0.20272381437041662,0.8165037168807403,False,card,card,1.3800000000000001,False,False,Alakazam,False,win,1,0,[0]
86005042:0:1,86005042,True,True,True,True,1.0,0.08644916736950367,0.9171821703821113,False,yes,yes,1.15,False,False,Alakazam,False,win,1,0,[0]
86005042:0:100,86005042,True,True,True,True,1.0,0.20224649888499585,0.8168935397755621,False,card,card,1.3800000000000001,False,False,Alakazam,True,win,1,0,[0]
86005042:0:117,86005042,True,True,True,True,1.0,0.5865837552687109,0.5562242407885492,True,card,card,1.15,False,False,Alakazam,True,win,1,0,[0]
86005042:0:118,86005042,True,True,True,True,1.0,1.0037987410500593,0.36648461340886157,True,evolve,evolve,1.4375,False,True,Alakazam,True,win,1,6,[6]
86005042:0:119,86005042,True,True,True,True,1.0,0.0841556329816603,0.9192881734017888,False,yes,yes,1.15,False,False,Alakazam,True,win,1,0,[0]
86005042:0:120,86005042,True,True,True,True,1.0,0.8180737926424347,0.44128083478550684,True,evolve,evolve,1.25,False,True,Alakazam,True,win,1,5,[5]
86005042:0:121,86005042,True,True,True,True,1.0,0.02487600223239262,0.9754308557783721,False,ability,ability,1.0,False,False,Alakazam,True,win,1,8,[8]
86005042:0:122,86005042,False,False,False,True,0.25,2.12818355306575,0.13322407551065735,True,card,card,1.0,False,False,Alakazam,True,win,1,2,[0]
86005042:0:123,86005042,True,True,True,True,1.0,1.4781923044453573,0.4885424625254899,True,card,card,1.05,False,False,Alakazam,True,win,1,0,"[0, 1, 2]"
86005042:0:124,86005042,True,True,True,True,1.0,1.4925889366752396,0.22478993464514224,True,energy,energy,1.4375,False,True,Alakazam,True,win,1,7,[7]
86005042:0:125,86005042,False,False,True,True,0.5,2.151668518628612,0.37344958613494117,True,card,attack,1.2000000000000002,False,False,Alakazam,True,win,1,8,[0]
86005042:0:126,86005042,True,True,True,True,1.0,-0.0,1.0,False,evolve,evolve,0.34500000000000003,True,False,Alakazam,True,win,1,0,[0]
86005042:0:127,86005042,False,False,True,True,0.5,2.663077553632871,0.9302667167472732,False,no,yes,1.3800000000000001,False,False,Alakazam,True,win,1,0,[1]
86005042:0:128,86005042,True,True,True,True,1.0,0.5286041776981899,0.589427131284255,True,attack,attack,1.725,False,True,Alakazam,True,win,1,4,[4]
86005042:0:129,86005042,True,True,True,True,1.0,0.16179697606408222,0.85061388198908,False,card,card,1.3800000000000001,False,False,Alakazam,True,win,1,0,[0]
86005042:0:136,86005042,True,True,True,True,1.0,2.671026612923806,0.16369562911176277,True,card,card,0.94,False,False,Alakazam,True,win,1,7,"[1, 2, 3, 4, 5, 7, 8, 9, 10, 12]"
86005042:0:144,86005042,True,True,True,True,1.0,0.6544902455290875,0.5197069180007123,True,card,card,1.15,False,False,Alakazam,True,win,1,1,[1]
86005042:0:145,86005042,True,True,True,True,1.0,0.8382374348871923,0.43247211231434257,True,evolve,evolve,1.25,False,True,Alakazam,True,win,1,5,[5]
86005042:0:146,86005042,True,True,True,True,1.0,0.040505738906644904,0.9603036534025815,False,ability,ability,1.0,False,False,Alakazam,True,win,1,5,[5]
86005042:0:147,86005042,True,True,True,True,1.0,0.7555900288323402,0.4697333767135957,True,energy,energy,1.25,False,True,Alakazam,True,win,1,2,[2]
86005042:0:148,86005042,False,False,False,True,0.25,2.2423937953321325,0.3176102504825485,True,card,attack,1.15,False,False,Alakazam,True,win,1,3,[1]
86005042:0:149,86005042,True,True,True,True,1.0,-0.0,1.0,False,card,card,0.30000000000000004,True,False,Alakazam,True,win,1,0,[0]
86005042:0:15,86005042,True,True,True,True,1.0,1.4841911570828024,0.226685619602392,True,evolve,evolve,1.34375,False,True,Alakazam,True,win,1,2,[2]
86005042:0:150,86005042,True,True,True,True,1.0,0.583986902381466,0.557670550428095,True,card,card,1.2000000000000002,False,False,Alakazam,True,win,1,0,[0]
86005042:0:151,86005042,True,True,True,True,1.0,-0.0,1.0,False,card,card,0.34500000000000003,True,False,Alakazam,True,win,1,0,[0]
86005042:0:152,86005042,True,True,True,True,1.0,0.6937318599048503,0.49970774577337795,True,attack,attack,1.5000000000000002,False,True,Alakazam,True,win,1,3,[3]
86005042:0:153,86005042,True,True,True,True,1.0,0.10181247167182057,0.9031989111703537,False,card,card,1.3800000000000001,False,False,Alakazam,True,win,1,0,[0]
86005042:0:16,86005042,True,True,True,True,1.0,0.06674288008716235,0.9354356895612612,False,yes,yes,1.15,False,False,Alakazam,True,win,1,0,[0]
86005042:0:17,86005042,False,False,True,True,0.5,1.533758054773335,0.23254074490570834,True,hammer,card,1.15625,False,True,Alakazam,True,win,1,7,[8]
86005042:0:171,86005042,True,True,True,True,1.0,1.1988361495527649,0.30154496100059025,True,evolve,evolve,1.4375,False,True,Alakazam,True,win,1,5,[5]
86005042:0:172,86005042,True,True,True,True,1.0,0.0954039107077319,0.9090057031719971,False,yes,yes,1.15,False,False,Alakazam,True,win,1,0,[0]
86005042:0:173,86005042,True,True,True,True,1.0,1.340755028367048,0.2616480422888756,True,energy,energy,1.4375,False,True,Alakazam,True,win,1,2,[2]
86005042:0:174,86005042,False,False,False,False,0.16666666666666666,2.938631913149407,0.22648210234139338,True,retreat,card,1.5000000000000002,False,True,Alakazam,True,win,1,2,[5]
86005042:0:175,86005042,True,True,True,True,1.0,-0.0,1.0,False,card,card,0.34500000000000003,True,False,Alakazam,True,win,1,0,[0]
86005042:0:176,86005042,True,True,True,True,1.0,-0.0,1.0,False,card,card,0.34500000000000003,True,False,Alakazam,True,win,1,0,[0]
86005042:0:177,86005042,True,True,True,True,1.0,0.9785134211230254,0.37586944331196215,True,attack,attack,1.5000000000000002,False,True,Alakazam,True,win,1,5,[5]
86005042:0:178,86005042,True,True,True,True,1.0,-0.0,1.0,False,card,card,0.34500000000000003,True,False,Alakazam,True,win,1,0,[0]
86005042:0:18,86005042,True,True,True,True,1.0,-0.0,1.0,False,card,card,0.2875,True,False,Alakazam,True,win,1,0,[0]
86005042:0:19,86005042,False,False,True,True,0.5,1.3387174481256991,0.3156087862121076,True,evolve,card,1.15625,False,True,Alakazam,True,win,1,7,[6]
86005042:0:2,86005042,True,True,True,True,1.0,-0.0,1.0,False,card,card,0.2491412213740458,True,False,Alakazam,True,win,1,0,[0]
86005042:0:20,86005042,True,True,True,True,1.0,0.025346042928013793,0.9749724713185064,False,ability,ability,1.15,False,False,Alakazam,True,win,1,8,[8]
86005042:0:21,86005042,False,False,True,True,0.3333333333333333,2.1139931665209497,0.3605916501706873,True,card,card,0.9249999999999999,False,False,Alakazam,True,win,1,5,[0]
86005042:0:22,86005042,True,True,True,True,1.0,0.3345507783830033,0.7156595038728545,False,card,card,1.0214285714285714,False,False,Alakazam,True,win,1,0,[0]
86005042:0:23,86005042,True,True,True,True,1.0,0.772656775731501,0.4617845790607876,True,card,card,1.0214285714285714,False,False,Alakazam,True,win,1,0,[0]
86005042:0:24,86005042,True,True,True,True,1.0,0.23168846331902948,0.7931931935938574,False,card,card,1.15,False,False,Alakazam,True,win,1,0,[0]
86005042:0:25,86005042,False,True,True,True,1.0,1.8993613657905137,0.20907582540733094,True,evolve,evolve,1.2232142857142856,False,True,Alakazam,True,win,1,8,[9]
86005042:0:26,86005042,True,True,True,True,1.0,0.06497306910080684,0.9370926997866149,False,yes,yes,1.15,False,False,Alakazam,True,win,1,0,[0]
86005042:0:27,86005042,False,True,True,True,1.0,1.4022757918831346,0.2768387040008675,True,card,card,1.29,False,False,Alakazam,True,win,1,6,[4]
86005042:0:28,86005042,True,True,True,True,1.0,1.1292405066068212,0.32327869123754516,True,card,card,1.29,False,False,Alakazam,True,win,1,6,[6]
86005042:0:29,86005042,False,False,True,True,0.5,2.580766570389721,0.13374908951314068,True,energy,card,1.6125000000000003,False,True,Alakazam,True,win,1,6,[3]
86005042:0:30,86005042,True,True,True,True,1.0,0.7072816266146607,0.49298248812514706,True,attack,attack,1.455,False,True,Alakazam,True,win,1,1,[1]
86005042:0:31,86005042,False,False,False,True,0.25,2.1971473765684246,0.39525316779076125,True,card,card,1.3800000000000001,False,False,Alakazam,True,win,1,0,[3]
86005042:0:4,86005042,True,True,True,True,1.0,0.7826641139762899,0.457186390769103,True,energy,energy,1.1696428571428572,False,True,Alakazam,True,win,1,1,[1]
86005042:0:43,86005042,False,False,True,True,0.5,2.200708600947621,0.23274785405792908,True,boss,xerosic,1.2125,False,True,Alakazam,True,win,1,2,"[1, 3, 4, 6, 7]"
86005042:0:45,86005042,False,False,True,True,0.5,1.5269396777506659,0.2238528618349823,True,evolve,evolve,1.25,False,True,Alakazam,True,win,1,0,[5]
86005042:0:46,86005042,True,True,True,True,1.0,0.07760292019017087,0.9253317841724518,False,yes,yes,1.15,False,False,Alakazam,True,win,1,0,[0]
86005042:0:47,86005042,False,True,True,True,1.0,1.7342883154253657,0.33844087108875387,True,evolve,evolve,1.4375,False,True,Alakazam,True,win,1,0,[1]
86005042:0:48,86005042,True,True,True,True,1.0,0.06898184836266844,0.9333436216393687,False,yes,yes,1.15,False,False,Alakazam,True,win,1,0,[0]
86005042:0:49,86005042,False,False,True,True,0.3333333333333333,1.8318350446961769,0.3448092016599189,True,card,evolve,1.0,False,False,Alakazam,True,win,1,1,[2]
86005042:0:5,86005042,True,True,True,True,1.0,0.986298501354528,0.6204215196989673,True,card,card,1.15,False,False,Alakazam,True,win,1,0,"[0, 1]"
86005042:0:50,86005042,False,False,True,True,0.5,1.2920002688483023,0.42455746338615136,True,card,card,1.15,False,False,Alakazam,True,win,1,0,[2]
86005042:0:51,86005042,True,True,True,True,1.0,0.7132829286814005,0.4900328111045618,True,evolve,evolve,1.25,False,True,Alakazam,True,win,1,4,[4]
86005042:0:52,86005042,True,True,True,True,1.0,0.01783711578001642,0.9823210239216514,False,ability,ability,1.15,False,False,Alakazam,True,win,1,4,[4]
86005042:0:53,86005042,True,True,True,True,1.0,0.5492034113119477,0.577409585174397,True,card,card,1.15,False,False,Alakazam,True,win,1,2,[2]
86005042:0:54,86005042,True,True,True,True,1.0,1.4009564374145904,0.24636122213308212,True,evolve,evolve,1.25,False,True,Alakazam,True,win,1,15,[15]
86005042:0:55,86005042,True,True,True,True,1.0,0.06182793025078016,0.9400446261185388,False,ability,ability,0.9099999999999999,False,False,Alakazam,True,win,1,15,[15]
86005042:0:56,86005042,False,False,False,True,0.2,2.9493010815586453,0.20487734720090242,True,energy,evolve,1.425,False,True,Alakazam,True,win,1,1,[6]
86005042:0:57,86005042,False,False,True,True,0.5,1.9075509208870558,0.234585318147771,True,card,xerosic,1.1400000000000001,False,False,Alakazam,True,win,1,0,[2]
86005042:0:58,86005042,True,True,True,True,1.0,0.7465813314481187,0.6591822736535923,False,card,card,1.3800000000000001,False,False,Alakazam,True,win,1,0,"[0, 1]"
86005042:0:59,86005042,False,False,True,True,0.5,1.4254537542247527,0.3257350669548696,True,attack,xerosic,1.425,False,True,Alakazam,True,win,1,0,[5]
86005042:0:6,86005042,True,True,True,True,1.0,0.32856622609466674,0.7199552468226295,False,card,card,1.15,False,False,Alakazam,True,win,1,0,[0]
86005042:0:60,86005042,True,True,True,True,1.0,0.2814688321821565,0.7546744368641074,False,card,card,1.3800000000000001,False,False,Alakazam,True,win,1,0,[0]
86005042:0:7,86005042,True,True,True,True,1.0,0.8489075070816927,0.467597630548317,True,card,card,1.0,False,False,Alakazam,True,win,1,1,"[0, 1]"
86005042:0:70,86005042,False,False,True,True,0.5,2.4147019529969467,0.19372349597759692,True,card,xerosic,0.8928571428571428,False,False,Alakazam,True,win,1,0,"[1, 2, 4, 5, 6, 7, 9]"
86005042:0:72,86005042,True,True,True,True,1.0,1.0369025812394657,0.3545511763962513,True,evolve,evolve,1.4375,False,True,Alakazam,True,win,1,1,[1]
86005042:0:73,86005042,True,True,True,True,1.0,0.07371047312615586,0.9289406081807181,False,yes,yes,1.15,False,False,Alakazam,True,win,1,0,[0]
86005042:0:74,86005042,False,False,False,False,0.16666666666666666,2.138225937752755,0.1981578154985088,True,card,boss,1.2000000000000002,False,False,Alakazam,True,win,1,4,[3]
86005042:0:75,86005042,True,True,True,True,1.0,-0.0,1.0,False,card,card,0.34500000000000003,True,False,Alakazam,True,win,1,0,[0]
86005042:0:76,86005042,True,True,True,True,1.0,0.6160698284367073,0.5400628115858072,True,card,card,1.3800000000000001,False,False,Alakazam,True,win,1,0,[0]
86005042:0:77,86005042,False,False,True,True,0.3333333333333333,1.6258901601969913,0.4701747335966367,True,attack,evolve,1.5000000000000002,False,True,Alakazam,True,win,1,1,[3]
86005042:0:78,86005042,True,True,True,True,1.0,0.24668050612814582,0.7813903030682511,False,card,card,1.3800000000000001,False,False,Alakazam,True,win,1,0,[0]
86005042:0:8,86005042,True,True,True,True,1.0,0.3142208143774773,0.7303577368633605,False,end,end,1.15,False,False,Alakazam,True,win,1,1,[1]
86005042:0:88,86005042,True,True,True,True,1.0,0.17289480498070653,0.8412261029864195,False,card,card,1.15,False,False,Alakazam,True,win,1,0,[0]
86005042:0:89,86005042,False,False,False,False,0.125,3.145076165955864,0.28119996151119253,True,card,evolve,1.0,False,False,Alakazam,True,win,1,5,[1]
86005042:0:90,86005042,True,True,True,True,1.0,1.4569249240435844,0.4227000402290252,True,card,card,1.0,False,False,Alakazam,True,win,1,0,"[0, 1, 2, 3]"
86005042:0:91,86005042,True,True,True,True,1.0,1.2346316418184802,0.2909419134658204,True,evolve,evolve,1.25,False,True,Alakazam,True,win,1,4,[4]
86005042:0:92,86005042,True,True,True,True,1.0,0.03109538135552496,0.9693831075915293,False,ability,ability,1.0,False,False,Alakazam,True,win,1,5,[5]
86005042:0:93,86005042,True,True,True,True,1.0,0.8487759226019086,0.4279384412491157,True,evolve,evolve,1.25,False,True,Alakazam,True,win,1,9,[9]
86005042:0:94,86005042,False,False,True,True,0.5,2.66571639242953,0.9304504890611421,False,no,yes,1.15,False,False,Alakazam,True,win,1,0,[1]
86005042:0:95,86005042,False,False,False,True,0.25,2.1881710670491046,0.23351779838707376,True,xerosic,evolve,1.4375,False,True,Alakazam,True,win,1,5,[0]
86005042:0:97,86005042,False,False,True,True,0.3333333333333333,2.3763901907300413,0.49293369712238644,True,card,attack,1.2000000000000002,False,False,Alakazam,True,win,1,3,[2]
86005042:0:98,86005042,True,True,True,True,1.0,1.0347507852555622,0.8517830409547736,False,card,card,1.2000000000000002,False,False,Alakazam,True,win,1,0,"[0, 1]"
86005042:0:99,86005042,True,True,True,True,1.0,0.5629303074166103,0.5695376956997866,True,attack,attack,1.5000000000000002,False,True,Alakazam,True,win,1,1,[1]
86005599:0:1,86005599,True,True,True,True,1.0,0.08644916736950367,0.9171821703821113,False,yes,yes,1.15,False,False,deck_8699caf3aa,False,win,1,0,[0]
86005599:0:10,86005599,True,True,True,True,1.0,0.28264489372422463,0.7537874149805299,False,end,end,1.1550000000000002,False,False,deck_8699caf3aa,True,win,1,1,[1]
86005599:0:14,86005599,True,True,True,True,1.0,1.2416208886862863,0.2889155382755981,True,evolve,evolve,1.34375,False,True,deck_8699caf3aa,True,win,1,4,[4]
86005599:0:15,86005599,True,True,True,True,1.0,0.06347917375510163,0.9384936643960281,False,yes,yes,1.15,False,False,deck_8699caf3aa,True,win,1,0,[0]
86005599:0:16,86005599,True,True,True,True,1.0,0.5175502725550113,0.595978746638575,True,card,card,1.15,False,False,deck_8699caf3aa,True,win,1,3,[3]
86005599:0:17,86005599,True,True,True,True,1.0,0.1414721065985345,0.8680793889340933,False,evolve,evolve,1.4375,False,True,deck_8699caf3aa,True,win,1,0,[0]
86005599:0:18,86005599,True,True,True,True,1.0,0.05527755668221458,0.9462224811302048,False,yes,yes,1.15,False,False,deck_8699caf3aa,True,win,1,0,[0]
86005599:0:19,86005599,True,True,True,True,1.0,1.8387188116933884,0.1590210315367324,True,hammer,hammer,1.1375,False,True,deck_8699caf3aa,True,win,1,3,[3]
86005599:0:2,86005599,False,False,True,True,0.5,0.8656546262905399,0.5792239885905988,True,card,card,0.9965648854961832,False,False,deck_8699caf3aa,True,win,1,0,[1]
86005599:0:20,86005599,True,True,True,True,1.0,-0.0,1.0,False,card,card,0.2875,True,False,deck_8699caf3aa,True,win,1,0,[0]
86005599:0:21,86005599,True,True,True,True,1.0,1.6868920776580414,0.18509388842183097,True,card,card,1.15,False,False,deck_8699caf3aa,True,win,1,1,[1]
86005599:0:22,86005599,False,False,True,True,0.5,1.7746673024382973,0.2209747696374038,True,card,card,1.2000000000000002,False,False,deck_8699caf3aa,True,win,1,0,[2]
86005599:0:23,86005599,True,True,True,True,1.0,0.7582467270978897,0.46848709309919556,True,card,card,1.2000000000000002,False,False,deck_8699caf3aa,True,win,1,0,[0]
86005599:0:24,86005599,False,False,False,False,0.1,4.020893363192488,0.5045417898638633,True,energy,evolve,1.5000000000000002,False,True,deck_8699caf3aa,True,win,1,4,[5]
86005599:0:25,86005599,False,False,True,True,0.5,1.5317465689578387,0.6462322177153853,True,attack,evolve,1.725,False,True,deck_8699caf3aa,True,win,1,0,[3]
86005599:0:26,86005599,True,True,True,True,1.0,0.28535035903909406,0.7517508254778869,False,card,card,1.3800000000000001,False,False,deck_8699caf3aa,True,win,1,0,[0]
86005599:0:4,86005599,True,True,True,True,1.0,1.2744073805967147,0.2795966135125131,True,number,number,1.15,False,False,deck_8699caf3aa,True,win,1,1,[1]
86005599:0:5,86005599,True,True,True,True,1.0,-0.0,1.0,False,card,card,0.26598011363636365,True,False,deck_8699caf3aa,True,win,1,0,[0]
86005599:0:6,86005599,True,True,True,True,1.0,0.7139450789446242,0.48970844315171475,True,energy,energy,1.4375,False,True,deck_8699caf3aa,True,win,1,0,[0]
86005599:0:7,86005599,True,True,True,True,1.0,0.754297381823012,0.6696448439893149,False,card,card,1.15,False,False,deck_8699caf3aa,True,win,1,0,"[0, 1]"
86005599:0:8,86005599,True,True,True,True,1.0,0.469058978014387,0.6255906859717825,True,card,card,1.05,False,False,deck_8699caf3aa,True,win,1,0,[0]
86005599:0:9,86005599,True,True,True,True,1.0,1.069907049133381,0.3430404018394777,True,card,card,1.15,False,False,deck_8699caf3aa,True,win,1,0,[0]
86006166:1:10,86006166,True,True,True,True,1.0,0.05662476910374665,0.94494857675267,False,none,none,1.0639204545454546,False,False,Team Rocket Spidops,False,win,1,1,[1]
86006166:1:100,86006166,True,True,True,True,1.0,0.4712054840172569,0.6242492919791712,True,attack,attack,1.5000000000000002,False,True,Team Rocket Spidops,False,win,1,14,[14]
86006166:1:101,86006166,True,True,True,True,1.0,1.251054559776144,0.2862028196802283,True,card,card,1.265,False,False,Team Rocket Spidops,False,win,1,1,[1]
86006166:1:102,86006166,True,True,True,True,1.0,0.28643042882005454,0.7509393204483943,False,card,card,1.3800000000000001,False,False,Team Rocket Spidops,False,win,1,0,[0]
86006166:1:104,86006166,False,False,False,False,0.1,4.194345962053722,0.5620719935478972,True,energy,attack,1.5000000000000002,False,True,Team Rocket Spidops,False,win,1,22,[21]
86006166:1:105,86006166,True,True,True,True,1.0,0.5285227255794352,0.5894751433282643,True,attack,attack,1.5000000000000002,False,True,Team Rocket Spidops,False,win,1,16,[16]
86006166:1:106,86006166,True,True,True,True,1.0,0.9358578922815254,0.39224921357384834,True,card,card,1.265,False,False,Team Rocket Spidops,False,win,1,2,[2]
86006166:1:107,86006166,True,True,True,True,1.0,0.2883179059683434,0.7495232764370489,False,card,card,1.265,False,False,Team Rocket Spidops,False,win,1,0,[0]
86006166:1:11,86006166,True,True,True,True,1.0,0.05662476910374665,0.94494857675267,False,none,none,1.0639204545454546,False,False,Team Rocket Spidops,False,win,1,1,[1]
86006166:1:111,86006166,False,False,True,True,0.5,2.8475722406583936,0.5460680100193772,True,hammer,attack,1.5812499999999998,False,True,Team Rocket Spidops,False,win,1,18,[3]
86006166:1:112,86006166,True,True,True,True,1.0,-0.0,1.0,False,card,card,0.31625,True,False,Team Rocket Spidops,False,win,1,0,[0]
86006166:1:113,86006166,True,True,True,True,1.0,0.41636549747915813,0.6594392030659272,False,attack,attack,1.725,False,True,Team Rocket Spidops,False,win,1,15,[15]
86006166:1:114,86006166,True,True,True,True,1.0,0.7372464710230551,0.4784294728941948,True,card,card,1.3800000000000001,False,False,Team Rocket Spidops,False,win,1,0,[0]
86006166:1:117,86006166,True,True,True,True,1.0,0.427286815932095,0.6522764421203728,False,attack,attack,1.725,False,True,Team Rocket Spidops,False,win,1,16,[16]
86006166:1:118,86006166,True,True,True,True,1.0,0.39672438368597307,0.6725193573976528,False,card,card,1.265,False,False,Team Rocket Spidops,False,win,1,0,[0]
86006166:1:119,86006166,True,True,True,True,1.0,0.20194931076221156,0.817136346911074,False,card,card,1.265,False,False,Team Rocket Spidops,False,win,1,0,[0]
86006166:1:12,86006166,True,True,True,True,1.0,0.05662476910374665,0.94494857675267,False,none,none,1.0639204545454546,False,False,Team Rocket Spidops,False,win,1,1,[1]
86006166:1:128,86006166,False,False,False,False,0.1111111111111111,3.972520249123984,0.6143985674275295,True,card,attack,1.2000000000000002,False,False,Team Rocket Spidops,False,win,1,20,[18]
86006166:1:129,86006166,True,True,True,True,1.0,0.46846644852039515,0.6259614767457737,True,attack,attack,1.5000000000000002,False,True,Team Rocket Spidops,False,win,1,19,[19]
86006166:1:13,86006166,True,True,True,True,1.0,0.05662476910374665,0.94494857675267,False,none,none,1.0639204545454546,False,False,Team Rocket Spidops,False,win,1,1,[1]
86006166:1:130,86006166,True,True,True,True,1.0,0.576466428378661,0.5618803071465981,True,card,card,1.265,False,False,Team Rocket Spidops,False,win,1,2,[2]
86006166:1:131,86006166,True,True,True,True,1.0,0.13478310651588707,0.8739054355287454,False,card,card,1.265,False,False,Team Rocket Spidops,False,win,1,0,[0]
86006166:1:135,86006166,False,False,True,True,0.5,2.84859505993329,0.350128048359936,True,hammer,attack,1.5812499999999998,False,True,Team Rocket Spidops,False,win,1,28,[6]
86006166:1:136,86006166,True,True,True,True,1.0,-0.0,1.0,False,card,card,0.31625,True,False,Team Rocket Spidops,False,win,1,0,[0]
86006166:1:137,86006166,True,True,True,True,1.0,0.9025311877878864,0.4055418569126752,True,attack,attack,1.5812499999999998,False,True,Team Rocket Spidops,False,win,1,26,[26]
86006166:1:138,86006166,True,True,True,True,1.0,0.6449838460266127,0.5246710175597913,True,card,card,1.265,False,False,Team Rocket Spidops,False,win,1,0,[0]
86006166:1:14,86006166,True,True,True,True,1.0,0.05662476910374665,0.94494857675267,False,none,none,1.0639204545454546,False,False,Team Rocket Spidops,False,win,1,1,[1]
86006166:1:145,86006166,False,False,True,True,0.5,2.3537688803020917,0.4194767946083531,True,evolve,attack,1.725,False,True,Team Rocket Spidops,False,win,1,21,[12]
86006166:1:146,86006166,True,True,True,True,1.0,0.5135026717706147,0.5983959192557852,True,attack,attack,1.725,False,True,Team Rocket Spidops,False,win,1,19,[19]
86006166:1:147,86006166,True,True,True,True,1.0,0.24807284789004222,0.7803030977732557,False,card,card,1.265,False,False,Team Rocket Spidops,False,win,1,0,[0]
86006166:1:148,86006166,True,True,True,True,1.0,-0.0,1.0,False,card,card,0.31625,True,False,Team Rocket Spidops,False,win,1,0,[0]
86006166:1:15,86006166,True,True,True,True,1.0,0.05662476910374665,0.94494857675267,False,none,none,1.0639204545454546,False,False,Team Rocket Spidops,False,win,1,1,[1]
86006166:1:16,86006166,True,True,True,True,1.0,0.05662476910374665,0.94494857675267,False,none,none,1.0639204545454546,False,False,Team Rocket Spidops,False,win,1,1,[1]
86006166:1:17,86006166,True,True,True,True,1.0,0.05662476910374665,0.94494857675267,False,none,none,1.0639204545454546,False,False,Team Rocket Spidops,False,win,1,1,[1]
86006166:1:18,86006166,True,True,True,True,1.0,0.7811990464303147,0.4578566906100563,True,card,card,1.0,False,False,Team Rocket Spidops,False,win,1,4,[4]
86006166:1:19,86006166,True,True,True,True,1.0,1.3124485159256545,0.2691602058365188,True,card,card,1.15,False,False,Team Rocket Spidops,False,win,1,0,[0]
86006166:1:20,86006166,True,True,True,True,1.0,1.2497525496389263,0.28657570134793126,True,card,card,1.0,False,False,Team Rocket Spidops,False,win,1,1,[1]
86006166:1:21,86006166,True,True,True,True,1.0,0.7746040600016167,0.4608862281699525,True,card,card,1.0,False,False,Team Rocket Spidops,False,win,1,0,[0]
86006166:1:22,86006166,True,True,True,True,1.0,0.5662053431815924,0.567675490435764,True,card,card,1.0,False,False,Team Rocket Spidops,False,win,1,0,[0]
86006166:1:23,86006166,True,True,True,True,1.0,0.7513683035490535,0.47172065390405443,True,card,card,0.95,False,False,Team Rocket Spidops,False,win,1,4,[4]
86006166:1:24,86006166,True,True,True,True,1.0,1.2120420682723407,0.2975889615513775,True,card,card,0.95,False,False,Team Rocket Spidops,False,win,1,4,[4]
86006166:1:25,86006166,False,False,False,True,0.25,2.488335389853569,0.34512470771866327,True,card,card,1.0,False,False,Team Rocket Spidops,False,win,1,0,[6]
86006166:1:26,86006166,True,True,True,True,1.0,0.589011639154452,0.5548754309568678,True,card,card,0.95,False,False,Team Rocket Spidops,False,win,1,4,[4]
86006166:1:27,86006166,True,True,True,True,1.0,1.4144963085415279,0.24304800382618696,True,energy,energy,1.25,False,True,Team Rocket Spidops,False,win,1,1,[1]
86006166:1:28,86006166,True,True,True,True,1.0,-0.0,1.0,False,end,end,0.25,True,False,Team Rocket Spidops,False,win,1,0,[0]
86006166:1:3,86006166,False,False,True,True,0.5,0.8092596890449272,0.5548124785425687,True,card,card,0.9965648854961832,False,False,Team Rocket Spidops,False,win,1,0,[1]
86006166:1:34,86006166,True,True,True,True,1.0,1.0866179568866603,0.3373555174118046,True,card,card,1.15,False,False,Team Rocket Spidops,False,win,1,1,[1]
86006166:1:35,86006166,True,True,True,True,1.0,0.28889098081223785,0.7490938665561617,False,ability,ability,1.15,False,False,Team Rocket Spidops,False,win,1,2,[2]
86006166:1:36,86006166,True,True,True,True,1.0,0.724316476077688,0.48465572954960773,True,hammer,hammer,1.1875,False,True,Team Rocket Spidops,False,win,1,0,[0]
86006166:1:37,86006166,True,True,True,True,1.0,-0.0,1.0,False,card,card,0.2875,True,False,Team Rocket Spidops,False,win,1,0,[0]
86006166:1:38,86006166,True,True,True,True,1.0,1.1071446866156158,0.33050129988377114,True,card,card,0.95,False,False,Team Rocket Spidops,False,win,1,3,[3]
86006166:1:39,86006166,False,False,True,True,0.5,1.5564786096599221,0.4826224730533563,True,card,card,0.95,False,False,Team Rocket Spidops,False,win,1,1,[2]
86006166:1:4,86006166,True,True,True,True,1.0,-0.0,1.0,False,card,card,0.26598011363636365,True,False,Team Rocket Spidops,False,win,1,0,[0]
86006166:1:40,86006166,True,True,True,True,1.0,0.6441384522757357,0.5251147587008683,True,card,card,0.95,False,False,Team Rocket Spidops,False,win,1,0,[0]
86006166:1:41,86006166,True,True,True,True,1.0,0.3262896233237399,0.7215961660844289,False,card,card,0.95,False,False,Team Rocket Spidops,False,win,1,0,[0]
86006166:1:42,86006166,False,False,True,True,0.3333333333333333,1.3911049447656114,0.312831402111565,True,evolve,evolve,1.4375,False,True,Team Rocket Spidops,False,win,1,2,[1]
86006166:1:43,86006166,True,True,True,True,1.0,0.07927973795753313,0.9237814715551707,False,yes,yes,1.15,False,False,Team Rocket Spidops,False,win,1,0,[0]
86006166:1:44,86006166,False,False,True,True,0.5,1.167415238674556,0.49647997047003095,True,card,card,0.95,False,False,Team Rocket Spidops,False,win,1,1,[0]
86006166:1:45,86006166,False,False,True,True,0.5,1.641456946543372,0.71346234271818,False,card,card,0.95,False,False,Team Rocket Spidops,False,win,1,0,[1]
86006166:1:46,86006166,False,False,True,True,0.5,1.8388727163132919,0.4587992393511624,True,card,card,1.15,False,False,Team Rocket Spidops,False,win,1,0,[1]
86006166:1:47,86006166,True,True,True,True,1.0,0.8411088706624245,0.43123207761127924,True,evolve,evolve,1.1875,False,True,Team Rocket Spidops,False,win,1,1,[1]
86006166:1:48,86006166,True,True,True,True,1.0,0.07927973795753313,0.9237814715551707,False,yes,yes,1.15,False,False,Team Rocket Spidops,False,win,1,0,[0]
86006166:1:49,86006166,False,False,True,True,0.3333333333333333,2.175979393061362,0.4469100197775683,True,energy,card,1.25,False,True,Team Rocket Spidops,False,win,1,0,[2]
86006166:1:5,86006166,True,True,True,True,1.0,0.05662476910374665,0.94494857675267,False,none,none,1.0639204545454546,False,False,Team Rocket Spidops,False,win,1,1,[1]
86006166:1:50,86006166,False,False,True,True,0.5,1.4483407383971159,0.7650401753518381,False,end,card,1.0,False,False,Team Rocket Spidops,False,win,1,0,[1]
86006166:1:55,86006166,False,False,True,True,0.5,2.0282159363404135,0.2046633471366681,True,evolve,card,1.4375,False,True,Team Rocket Spidops,False,win,1,10,[12]
86006166:1:56,86006166,True,True,True,True,1.0,0.07753822090781153,0.9253916544115919,False,yes,yes,1.15,False,False,Team Rocket Spidops,False,win,1,0,[0]
86006166:1:57,86006166,True,True,True,True,1.0,1.6340563860715276,0.19513641789293742,True,evolve,evolve,1.25,False,True,Team Rocket Spidops,False,win,1,2,[2]
86006166:1:58,86006166,True,True,True,True,1.0,0.05169494019872979,0.9496185130958167,False,ability,ability,1.0,False,False,Team Rocket Spidops,False,win,1,10,[10]
86006166:1:59,86006166,False,False,False,True,0.25,2.2673163672520635,0.19479017129564477,True,card,evolve,1.15,False,False,Team Rocket Spidops,False,win,1,0,[11]
86006166:1:6,86006166,True,True,True,True,1.0,0.05662476910374665,0.94494857675267,False,none,none,1.0639204545454546,False,False,Team Rocket Spidops,False,win,1,1,[1]
86006166:1:60,86006166,True,True,True,True,1.0,0.8864804500188677,0.49354807658788474,True,card,card,1.0,False,False,Team Rocket Spidops,False,win,1,1,"[0, 1]"
86006166:1:61,86006166,True,True,True,True,1.0,1.6421589179693608,0.1935617070301344,True,evolve,evolve,1.4375,False,True,Team Rocket Spidops,False,win,1,0,[0]
86006166:1:62,86006166,True,True,True,True,1.0,0.0687958521155031,0.9335172361956368,False,yes,yes,1.15,False,False,Team Rocket Spidops,False,win,1,0,[0]
86006166:1:63,86006166,True,True,True,True,1.0,1.1046441246127268,0.3313287730189367,True,evolve,evolve,1.4375,False,True,Team Rocket Spidops,False,win,1,0,[0]
86006166:1:64,86006166,True,True,True,True,1.0,0.07101685724773223,0.9314461903760679,False,yes,yes,1.15,False,False,Team Rocket Spidops,False,win,1,0,[0]
86006166:1:65,86006166,False,False,False,True,0.2,2.194106774440531,0.19926441750118934,True,xerosic,card,1.25,False,True,Team Rocket Spidops,False,win,1,5,[1]
86006166:1:67,86006166,True,True,True,True,1.0,0.3960435443435845,0.6729773909406219,False,end,end,1.0,False,False,Team Rocket Spidops,False,win,1,1,[1]
86006166:1:7,86006166,True,True,True,True,1.0,0.05662476910374665,0.94494857675267,False,none,none,1.0639204545454546,False,False,Team Rocket Spidops,False,win,1,1,[1]
86006166:1:74,86006166,True,True,True,True,1.0,0.903033037204377,0.4053383870283128,True,evolve,evolve,1.1875,False,True,Team Rocket Spidops,False,win,1,4,[4]
86006166:1:75,86006166,True,True,True,True,1.0,0.027182492456385873,0.9731836266476007,False,ability,ability,0.95,False,False,Team Rocket Spidops,False,win,1,8,[8]
86006166:1:76,86006166,True,True,True,True,1.0,1.7265395311568734,0.17789895984904386,True,card,card,1.15,False,False,Team Rocket Spidops,False,win,1,5,[5]
86006166:1:77,86006166,False,False,False,False,0.1,3.0356088126284706,0.1924007605314795,True,card,card,0.95,False,False,Team Rocket Spidops,False,win,1,3,[7]
86006166:1:78,86006166,True,True,True,True,1.0,0.4463927419383652,0.6399323944126014,True,card,card,1.0,False,False,Team Rocket Spidops,False,win,1,0,[0]
86006166:1:79,86006166,False,False,True,True,0.5,1.3773726843610175,0.40717104770209334,True,card,card,1.0,False,False,Team Rocket Spidops,False,win,1,0,[2]
86006166:1:8,86006166,True,True,True,True,1.0,0.05662476910374665,0.94494857675267,False,none,none,1.0639204545454546,False,False,Team Rocket Spidops,False,win,1,1,[1]
86006166:1:80,86006166,False,False,False,False,0.16666666666666666,2.803019721589355,0.16950425646919212,True,energy,energy,1.4375,False,True,Team Rocket Spidops,False,win,1,7,[8]
86006166:1:81,86006166,False,False,False,False,0.125,2.7816898177418703,0.24684849128844746,True,end,card,1.15,False,False,Team Rocket Spidops,False,win,1,1,[7]
86006166:1:83,86006166,True,True,True,True,1.0,1.3848991348557333,0.2503490500112876,True,evolve,evolve,1.1375,False,True,Team Rocket Spidops,False,win,1,10,[10]
86006166:1:84,86006166,True,True,True,True,1.0,0.05799654826829065,0.9436532046688662,False,ability,ability,0.9099999999999999,False,False,Team Rocket Spidops,False,win,1,19,[19]
86006166:1:85,86006166,False,False,False,False,0.1111111111111111,3.2342581022922374,0.11824922448494353,True,card,card,1.15,False,False,Team Rocket Spidops,False,win,1,4,[21]
86006166:1:86,86006166,False,False,True,True,0.3333333333333333,2.373179621612966,0.11634083544160188,True,energy,card,1.1375,False,True,Team Rocket Spidops,False,win,1,4,[14]
86006166:1:87,86006166,False,False,False,False,0.1111111111111111,2.998782449017025,0.097697115504469,True,card,card,0.9099999999999999,False,False,Team Rocket Spidops,False,win,1,4,[5]
86006166:1:88,86006166,True,True,True,True,1.0,0.41300981261574543,0.6616557902219685,False,card,card,1.15,False,False,Team Rocket Spidops,False,win,1,0,[0]
86006166:1:89,86006166,False,False,True,True,0.3333333333333333,2.3373486122897447,0.19752181923340745,True,boss,attack,1.1375,False,True,Team Rocket Spidops,False,win,1,13,[0]
86006166:1:9,86006166,True,True,True,True,1.0,0.05662476910374665,0.94494857675267,False,none,none,1.0639204545454546,False,False,Team Rocket Spidops,False,win,1,1,[1]
86006166:1:90,86006166,True,True,True,True,1.0,1.4795298943413755,0.22774472730706866,True,card,card,1.15,False,False,Team Rocket Spidops,False,win,1,2,[2]
86006166:1:91,86006166,False,False,False,True,0.2,3.02598001551987,0.45778045095158143,True,retreat,attack,1.5812499999999998,False,True,Team Rocket Spidops,False,win,1,7,[8]
86006166:1:92,86006166,True,True,True,True,1.0,-0.0,1.0,False,card,card,0.34500000000000003,True,False,Team Rocket Spidops,False,win,1,0,[0]
86006166:1:93,86006166,True,True,True,True,1.0,0.768998005642412,0.46347723730168494,True,card,card,1.3800000000000001,False,False,Team Rocket Spidops,False,win,1,0,[0]
86006166:1:94,86006166,True,True,True,True,1.0,0.3145332982320397,0.730129547517136,False,attack,attack,1.725,False,True,Team Rocket Spidops,False,win,1,7,[7]
86006166:1:95,86006166,False,True,True,True,1.0,1.4673243884350367,0.23355140144209457,True,card,card,1.265,False,False,Team Rocket Spidops,False,win,1,2,[1]
86006166:1:96,86006166,True,True,True,True,1.0,0.3459982402742983,0.707513732135505,False,card,card,1.265,False,False,Team Rocket Spidops,False,win,1,0,[0]
86006166:1:99,86006166,False,False,False,False,0.125,3.9635599777578965,0.5512343599784296,True,energy,attack,1.5000000000000002,False,True,Team Rocket Spidops,False,win,1,20,[14]
86006665:1:10,86006665,True,True,True,True,1.0,0.03696781510093589,0.963707151667326,False,none,none,1.0639204545454546,False,False,Alakazam,False,win,1,1,[1]
86006665:1:103,86006665,True,True,True,True,1.0,0.3275290281044806,0.7207023703481891,False,card,card,1.15,False,False,Alakazam,False,win,1,0,[0]
86006665:1:104,86006665,False,False,True,True,0.5,1.3090473723581912,0.3472073322169633,True,ability,evolve,1.15,False,False,Alakazam,False,win,1,0,[8]
86006665:1:105,86006665,True,True,True,True,1.0,0.7881101449776152,0.454703307124043,True,evolve,evolve,1.4375,False,True,Alakazam,False,win,1,0,[0]
86006665:1:106,86006665,True,True,True,True,1.0,0.07690380877615786,0.9259789203683085,False,yes,yes,1.15,False,False,Alakazam,False,win,1,0,[0]
86006665:1:107,86006665,False,False,True,True,0.5,1.9023837867985414,0.24899423114798921,True,card,card,0.9,False,False,Alakazam,False,win,1,9,[5]
86006665:1:108,86006665,True,True,True,True,1.0,0.2581550257241404,0.7724754692550045,False,evolve,evolve,1.4375,False,True,Alakazam,False,win,1,0,[0]
86006665:1:109,86006665,True,True,True,True,1.0,0.07815179009362405,0.9248240367617939,False,yes,yes,1.15,False,False,Alakazam,False,win,1,0,[0]
86006665:1:11,86006665,True,True,True,True,1.0,0.03696781510093589,0.963707151667326,False,none,none,1.0639204545454546,False,False,Alakazam,False,win,1,1,[1]
86006665:1:110,86006665,False,False,False,False,0.16666666666666666,2.721980005225878,0.22256716379640357,True,card,card,1.15,False,False,Alakazam,False,win,1,8,[11]
86006665:1:111,86006665,True,True,True,True,1.0,1.8798311081840748,0.22732888065540383,True,card,card,0.97,False,False,Alakazam,False,win,1,2,"[1, 2, 3, 4, 6]"
86006665:1:112,86006665,False,False,False,True,0.2,2.576652477076347,0.23504260869556834,True,card,card,1.0,False,False,Alakazam,False,win,1,8,[7]
86006665:1:113,86006665,True,True,True,True,1.0,1.2031311321637594,0.30025260794027603,True,card,card,1.15,False,False,Alakazam,False,win,1,0,[0]
86006665:1:114,86006665,True,True,True,True,1.0,0.6456027026293304,0.5243464218857674,True,evolve,evolve,1.25,False,True,Alakazam,False,win,1,10,[10]
86006665:1:115,86006665,True,True,True,True,1.0,0.0780928881119572,0.9248785123345962,False,yes,yes,1.15,False,False,Alakazam,False,win,1,0,[0]
86006665:1:116,86006665,False,False,True,True,0.5,1.674634220062234,0.20524021236183598,True,card,card,1.1400000000000001,False,False,Alakazam,False,win,1,11,[10]
86006665:1:117,86006665,True,True,True,True,1.0,1.6269662049629399,0.1965248868683286,True,xerosic,xerosic,1.425,False,True,Alakazam,False,win,1,6,[6]
86006665:1:119,86006665,True,True,True,True,1.0,0.834997925570363,0.43387538147600746,True,attack,attack,1.725,False,True,Alakazam,False,win,1,7,[7]
86006665:1:12,86006665,True,True,True,True,1.0,0.6746143388510447,0.5093528203271551,True,energy,energy,1.2125,False,True,Alakazam,False,win,1,1,[1]
86006665:1:120,86006665,True,True,True,True,1.0,0.24552313813739088,0.7822951827316803,False,card,card,1.3800000000000001,False,False,Alakazam,False,win,1,0,[0]
86006665:1:129,86006665,True,True,True,True,1.0,0.9268669517337941,0.39579180468166164,True,evolve,evolve,1.4375,False,True,Alakazam,False,win,1,10,[10]
86006665:1:13,86006665,True,True,True,True,1.0,0.926924998627189,0.6260053694741468,True,card,card,1.15,False,False,Alakazam,False,win,1,0,"[0, 1]"
86006665:1:130,86006665,True,True,True,True,1.0,0.07772438258887382,0.9252193979798365,False,yes,yes,1.15,False,False,Alakazam,False,win,1,0,[0]
86006665:1:131,86006665,False,False,False,True,0.25,2.6577874386784006,0.28855149803629926,True,card,attack,1.1400000000000001,False,False,Alakazam,False,win,1,12,[10]
86006665:1:132,86006665,True,True,True,True,1.0,0.5597792550198892,0.5713351693003139,True,card,card,1.3800000000000001,False,False,Alakazam,False,win,1,2,[2]
86006665:1:133,86006665,False,False,False,False,0.1111111111111111,3.0944804193974207,0.24046381985157628,True,energy,attack,1.425,False,True,Alakazam,False,win,1,17,[13]
86006665:1:134,86006665,True,True,True,True,1.0,0.6799639139161152,0.5066352745187372,True,attack,attack,1.425,False,True,Alakazam,False,win,1,5,[5]
86006665:1:135,86006665,True,True,True,True,1.0,0.2033195799284518,0.8160174169629698,False,card,card,1.3800000000000001,False,False,Alakazam,False,win,1,0,[0]
86006665:1:14,86006665,True,True,True,True,1.0,1.0186191633925061,0.36109320680017504,True,card,card,1.0,False,False,Alakazam,False,win,1,0,[0]
86006665:1:145,86006665,True,True,True,True,1.0,2.4400278292050848,0.2181849492578275,True,hammer,card,1.15625,False,True,Alakazam,False,win,1,4,"[1, 2, 3, 4, 5, 6, 7, 10]"
86006665:1:15,86006665,False,False,True,True,0.3333333333333333,1.540440713149081,0.31014396329436933,True,card,card,0.9357142857142857,False,False,Alakazam,False,win,1,1,[4]
86006665:1:156,86006665,False,False,False,False,0.16666666666666666,2.6995786655767744,0.36078473912595127,True,energy,attack,1.4375,False,True,Alakazam,False,win,1,11,[1]
86006665:1:157,86006665,False,False,True,True,0.5,1.2729366042847903,0.4135405472193357,True,xerosic,attack,1.25,False,True,Alakazam,False,win,1,8,[5]
86006665:1:159,86006665,True,True,True,True,1.0,0.41834247884619635,0.6581367918942819,False,attack,attack,1.25,False,True,Alakazam,False,win,1,5,[5]
86006665:1:16,86006665,True,True,True,True,1.0,0.4019029872179534,0.669045648521773,False,card,card,1.122857142857143,False,False,Alakazam,False,win,1,0,[0]
86006665:1:167,86006665,False,False,False,False,0.0625,4.909997737826126,0.3585908549796784,True,end,attack,1.3800000000000001,False,False,Alakazam,False,win,1,13,[15]
86006665:1:17,86006665,True,True,True,True,1.0,0.5687223673326158,0.5662484342372669,True,card,card,1.2000000000000002,False,False,Alakazam,False,win,1,0,[0]
86006665:1:18,86006665,True,True,True,True,1.0,0.16141449082648862,0.8509392914700271,False,card,card,1.116,False,False,Alakazam,False,win,1,0,[0]
86006665:1:19,86006665,True,True,True,True,1.0,0.3042587199310332,0.7376699918307099,False,attack,attack,1.395,False,True,Alakazam,False,win,1,0,[0]
86006665:1:20,86006665,False,False,True,True,0.5,1.4393970164630543,0.3216458375226214,True,card,card,1.2000000000000002,False,False,Alakazam,False,win,1,3,[0]
86006665:1:3,86006665,True,True,True,True,1.0,0.45617987912206875,0.6336998374753602,True,card,card,0.9965648854961832,False,False,Alakazam,False,win,1,1,[1]
86006665:1:4,86006665,True,True,True,True,1.0,-0.0,1.0,False,card,card,0.26598011363636365,True,False,Alakazam,False,win,1,0,[0]
86006665:1:40,86006665,True,True,True,True,1.0,0.3920742814687708,0.6756539235307191,False,card,card,1.15,False,False,Alakazam,False,win,1,0,[0]
86006665:1:41,86006665,True,True,True,True,1.0,0.862197511448743,0.42223319978598284,True,ability,ability,0.97,False,False,Alakazam,False,win,1,9,[9]
86006665:1:42,86006665,True,True,True,True,1.0,1.1380315799634275,0.32044917999144157,True,evolve,evolve,1.4375,False,True,Alakazam,False,win,1,3,[3]
86006665:1:43,86006665,True,True,True,True,1.0,0.07987539994504791,0.9232313739001912,False,yes,yes,1.15,False,False,Alakazam,False,win,1,0,[0]
86006665:1:44,86006665,True,True,True,True,1.0,1.1720497630806688,0.30973141413036354,True,hammer,hammer,1.1875,False,True,Alakazam,False,win,1,8,[8]
86006665:1:45,86006665,True,True,True,True,1.0,0.6568611457878797,0.5184762042605948,True,card,card,1.15,False,False,Alakazam,False,win,1,0,[0]
86006665:1:46,86006665,True,True,True,True,1.0,1.8414735137639544,0.1585835787745394,True,card,card,0.95,False,False,Alakazam,False,win,1,6,[6]
86006665:1:47,86006665,False,False,False,True,0.25,2.2854986135832425,0.22277557135110723,True,card,card,1.15,False,False,Alakazam,False,win,1,2,[5]
86006665:1:48,86006665,True,True,True,True,1.0,0.986659136038819,0.372820154161929,True,evolve,evolve,1.3125,False,True,Alakazam,False,win,1,9,[9]
86006665:1:49,86006665,True,True,True,True,1.0,0.08116967440843682,0.922037232049501,False,yes,yes,1.15,False,False,Alakazam,False,win,1,0,[0]
86006665:1:5,86006665,True,True,True,True,1.0,0.03696781510093589,0.963707151667326,False,none,none,1.0639204545454546,False,False,Alakazam,False,win,1,1,[1]
86006665:1:50,86006665,True,True,True,True,1.0,1.9197934158055778,0.14663725194010876,True,card,card,0.95,False,False,Alakazam,False,win,1,12,[12]
86006665:1:51,86006665,True,True,True,True,1.0,1.1328995112861064,0.37883664445740767,True,card,card,1.0,False,False,Alakazam,False,win,1,0,"[0, 3]"
86006665:1:52,86006665,False,False,False,False,0.1111111111111111,2.906742306749971,0.11759762829257354,True,energy,boss,1.425,False,True,Alakazam,False,win,1,1,[11]
86006665:1:53,86006665,True,True,True,True,1.0,1.0823668802569701,0.3387926941777061,True,xerosic,xerosic,1.425,False,True,Alakazam,False,win,1,0,[0]
86006665:1:55,86006665,True,True,True,True,1.0,0.2150170771830804,0.8065276668390963,False,attack,attack,1.5000000000000002,False,True,Alakazam,False,win,1,0,[0]
86006665:1:56,86006665,False,False,False,True,0.2,2.445255362616998,0.47269810081145325,True,card,card,1.3800000000000001,False,False,Alakazam,False,win,1,0,[3]
86006665:1:6,86006665,True,True,True,True,1.0,0.03696781510093589,0.963707151667326,False,none,none,1.0639204545454546,False,False,Alakazam,False,win,1,1,[1]
86006665:1:7,86006665,True,True,True,True,1.0,0.03696781510093589,0.963707151667326,False,none,none,1.0639204545454546,False,False,Alakazam,False,win,1,1,[1]
86006665:1:76,86006665,True,True,True,True,1.0,0.4797148077295841,0.6189598892131976,True,card,card,1.15,False,False,Alakazam,False,win,1,0,[0]
86006665:1:77,86006665,True,True,True,True,1.0,1.1032993468873475,0.33177463629898096,True,ability,ability,1.15,False,False,Alakazam,False,win,1,13,[13]
86006665:1:78,86006665,True,True,True,True,1.0,1.228807807406692,0.2926412545307298,True,evolve,evolve,1.4375,False,True,Alakazam,False,win,1,1,[1]
86006665:1:79,86006665,True,True,True,True,1.0,0.07173506208619346,0.9307774613863168,False,yes,yes,1.15,False,False,Alakazam,False,win,1,0,[0]
86006665:1:8,86006665,True,True,True,True,1.0,0.03696781510093589,0.963707151667326,False,none,none,1.0639204545454546,False,False,Alakazam,False,win,1,1,[1]
86006665:1:80,86006665,False,False,True,True,0.5,2.140888468715415,0.12874030336620643,True,hammer,card,1.1875,False,True,Alakazam,False,win,1,15,[16]
86006665:1:81,86006665,True,True,True,True,1.0,0.5373084873212314,0.5843188393630392,True,card,card,1.3800000000000001,False,False,Alakazam,False,win,1,0,[0]
86006665:1:82,86006665,True,True,True,True,1.0,1.8894790778823658,0.15115052598391626,True,card,card,1.1400000000000001,False,False,Alakazam,False,win,1,15,[15]
86006665:1:83,86006665,False,False,False,False,0.14285714285714285,3.0484413562443473,0.0979667946892637,True,energy,evolve,1.425,False,True,Alakazam,False,win,1,8,[18]
86006665:1:84,86006665,True,True,True,True,1.0,1.2547468746981267,0.2851480172681123,True,attack,attack,1.725,False,True,Alakazam,False,win,1,6,[6]
86006665:1:85,86006665,True,True,True,True,1.0,0.28146883218215635,0.7546744368641075,False,card,card,1.3800000000000001,False,False,Alakazam,False,win,1,0,[0]
86006665:1:9,86006665,True,True,True,True,1.0,0.03696781510093589,0.963707151667326,False,none,none,1.0639204545454546,False,False,Alakazam,False,win,1,1,[1]
86006665:1:96,86006665,True,True,True,True,1.0,2.485137844874602,0.15145883451432798,True,card,boss,1.1458333333333333,False,True,Alakazam,False,win,1,2,"[0, 1, 2, 3, 4, 6, 7, 9, 11]"
86007713:0:1,86007713,True,True,True,True,1.0,0.08644916736950367,0.9171821703821113,False,yes,yes,1.15,False,False,Alakazam,False,win,1,0,[0]
86007713:0:10,86007713,True,True,True,True,1.0,-0.0,1.0,False,end,end,0.25,True,False,Alakazam,True,win,1,0,[0]
86007713:0:100,86007713,False,False,True,True,0.3333333333333333,1.6817536753140263,0.2323246132654148,True,card,energy,1.15,False,False,Alakazam,True,win,1,2,[0]
86007713:0:101,86007713,True,True,True,True,1.0,1.2347827887066503,0.3845885955269236,True,card,card,0.95,False,False,Alakazam,True,win,1,3,"[1, 2, 3]"
86007713:0:102,86007713,True,True,True,True,1.0,0.5062446623128299,0.6027548820585095,True,evolve,evolve,1.4375,False,True,Alakazam,True,win,1,5,[5]
86007713:0:103,86007713,True,True,True,True,1.0,0.08040479576350583,0.9227427484209338,False,yes,yes,1.15,False,False,Alakazam,True,win,1,0,[0]
86007713:0:104,86007713,False,False,False,True,0.25,1.9776870724517497,0.3168117752483555,True,card,energy,1.15,False,False,Alakazam,True,win,1,6,[11]
86007713:0:105,86007713,True,True,True,True,1.0,-0.0,1.0,False,evolve,evolve,0.2875,True,False,Alakazam,True,win,1,0,[0]
86007713:0:106,86007713,True,True,True,True,1.0,0.08730746960589073,0.9163952886135956,False,yes,yes,1.3800000000000001,False,False,Alakazam,True,win,1,0,[0]
86007713:0:107,86007713,False,False,True,True,0.3333333333333333,1.6966021902394235,0.26391479496360165,True,energy,evolve,1.725,False,True,Alakazam,True,win,1,11,[6]
86007713:0:108,86007713,False,False,True,True,0.5,1.690128202870046,0.2798698868446266,True,card,attack,1.2000000000000002,False,False,Alakazam,True,win,1,6,[1]
86007713:0:109,86007713,True,True,True,True,1.0,1.2152675496966205,0.29663064023846236,True,attack,attack,1.5000000000000002,False,True,Alakazam,True,win,1,5,[5]
86007713:0:110,86007713,True,True,True,True,1.0,0.24758427628685797,0.7806844248539107,False,card,card,1.3800000000000001,False,False,Alakazam,True,win,1,0,[0]
86007713:0:118,86007713,True,True,True,True,1.0,0.23100007727635155,0.7937394046979551,False,card,card,1.15,False,False,Alakazam,True,win,1,0,[0]
86007713:0:119,86007713,True,True,True,True,1.0,1.3634120182284741,0.2557865380118064,True,evolve,evolve,1.1375,False,True,Alakazam,True,win,1,8,[8]
86007713:0:120,86007713,True,True,True,True,1.0,0.06689047442723359,0.9352976347362874,False,ability,ability,1.15,False,False,Alakazam,True,win,1,14,[14]
86007713:0:121,86007713,True,True,True,True,1.0,1.208698079907637,0.2985857612907623,True,energy,energy,1.1375,False,True,Alakazam,True,win,1,8,[8]
86007713:0:122,86007713,False,False,False,False,0.125,3.027543023864528,0.353734185334653,True,card,xerosic,0.9099999999999999,False,False,Alakazam,True,win,1,5,[4]
86007713:0:123,86007713,False,False,True,True,0.3333333333333333,1.8798339154560932,0.23022829669581416,True,card,card,1.15,False,False,Alakazam,True,win,1,1,[2]
86007713:0:124,86007713,True,True,True,True,1.0,1.2400922703838253,0.28935751757803363,True,evolve,evolve,1.1375,False,True,Alakazam,True,win,1,8,[8]
86007713:0:125,86007713,True,True,True,True,1.0,0.07208641327717434,0.9304504890611421,False,yes,yes,1.15,False,False,Alakazam,True,win,1,0,[0]
86007713:0:126,86007713,True,True,True,True,1.0,1.2278429422238077,0.29292375015148037,True,xerosic,xerosic,1.1875,False,True,Alakazam,True,win,1,4,[4]
86007713:0:128,86007713,False,False,False,True,0.25,2.5410819299762193,0.5012653525217179,True,card,attack,1.1400000000000001,False,False,Alakazam,True,win,1,6,[1]
86007713:0:129,86007713,True,True,True,True,1.0,0.7381537625247072,0.6466976870772828,True,card,card,1.3800000000000001,False,False,Alakazam,True,win,1,0,"[0, 1]"
86007713:0:130,86007713,True,True,True,True,1.0,0.5669141774900405,0.5672732451515492,True,attack,attack,1.425,False,True,Alakazam,True,win,1,5,[5]
86007713:0:131,86007713,True,True,True,True,1.0,0.20421719959854534,0.8152852723212395,False,card,card,1.3800000000000001,False,False,Alakazam,True,win,1,0,[0]
86007713:0:143,86007713,True,True,True,True,1.0,0.792947361364763,0.4525091199929245,True,card,card,1.15,False,False,Alakazam,True,win,1,1,[1]
86007713:0:144,86007713,True,True,True,True,1.0,0.627161580544999,0.5341056674139926,True,evolve,evolve,1.4375,False,True,Alakazam,True,win,1,12,[12]
86007713:0:145,86007713,True,True,True,True,1.0,0.07953974774797264,0.9235413105517988,False,yes,yes,1.15,False,False,Alakazam,True,win,1,0,[0]
86007713:0:146,86007713,True,True,True,True,1.0,1.362917772155772,0.2559129907504794,True,card,card,0.95,False,False,Alakazam,True,win,1,14,[14]
86007713:0:147,86007713,True,True,True,True,1.0,1.3008384743372683,0.27230337789296294,True,ability,ability,0.95,False,False,Alakazam,True,win,1,20,[20]
86007713:0:148,86007713,False,False,False,False,0.14285714285714285,3.3110651106337077,0.23829859403554143,True,card,energy,0.95,False,False,Alakazam,True,win,1,1,[12]
86007713:0:149,86007713,True,True,True,True,1.0,0.6705372556180176,0.5114337333158179,True,card,card,1.15,False,False,Alakazam,True,win,1,0,[0]
86007713:0:150,86007713,True,True,True,True,1.0,1.6689267391807106,0.188449212297283,True,evolve,evolve,1.1875,False,True,Alakazam,True,win,1,21,[21]
86007713:0:151,86007713,True,True,True,True,1.0,0.11310020254431699,0.8930611686311256,False,ability,ability,1.15,False,False,Alakazam,True,win,1,21,[21]
86007713:0:152,86007713,False,False,False,False,0.125,3.7665187569745364,0.21381891258469515,True,card,evolve,0.95,False,False,Alakazam,True,win,1,19,[0]
86007713:0:153,86007713,True,True,True,True,1.0,1.7156298724401668,0.24429148788908242,True,card,card,0.97,False,False,Alakazam,True,win,1,1,"[1, 2, 3, 4, 5]"
86007713:0:154,86007713,False,False,True,True,0.3333333333333333,2.1415104891066186,0.21871124165034872,True,energy,evolve,1.25,False,True,Alakazam,True,win,1,18,[0]
86007713:0:155,86007713,True,True,True,True,1.0,0.7896254168956708,0.7094529407659783,False,card,card,1.3800000000000001,False,False,Alakazam,True,win,1,0,"[0, 1]"
86007713:0:156,86007713,True,True,True,True,1.0,1.1855838927822306,0.30556770862030724,True,xerosic,xerosic,1.5000000000000002,False,True,Alakazam,True,win,1,12,[12]
86007713:0:158,86007713,True,True,True,True,1.0,0.5758240996937022,0.562241334922227,True,attack,attack,1.425,False,True,Alakazam,True,win,1,7,[7]
86007713:0:159,86007713,True,True,True,True,1.0,0.16179697606408222,0.85061388198908,False,card,card,1.3800000000000001,False,False,Alakazam,True,win,1,0,[0]
86007713:0:174,86007713,False,False,False,False,0.14285714285714285,3.130134653679125,0.3094618013619005,True,boss,attack,1.725,False,True,Alakazam,True,win,1,18,[0]
86007713:0:175,86007713,True,True,True,True,1.0,0.8514997297359338,0.42677440549404183,True,card,card,1.3800000000000001,False,False,Alakazam,True,win,1,0,[0]
86007713:0:176,86007713,True,True,True,True,1.0,1.0508497974231708,0.3496404992326693,True,attack,attack,1.725,False,True,Alakazam,True,win,1,13,[13]
86007713:0:177,86007713,True,True,True,True,1.0,1.1019552443987608,0.8736700283053863,False,card,card,1.3800000000000001,False,False,Alakazam,True,win,1,0,"[0, 1]"
86007713:0:2,86007713,True,True,True,True,1.0,0.5015846527979804,0.6055702803405578,True,card,card,0.9965648854961832,False,False,Alakazam,True,win,1,0,[0]
86007713:0:26,86007713,True,True,True,True,1.0,1.0440017282383247,0.3520430786871183,True,evolve,evolve,1.203125,False,True,Alakazam,True,win,1,0,[0]
86007713:0:27,86007713,True,True,True,True,1.0,0.042273175121870836,0.9586078769777203,False,ability,ability,1.15,False,False,Alakazam,True,win,1,5,[5]
86007713:0:28,86007713,False,False,True,True,0.5,1.1038727384118836,0.38933426461071263,True,card,card,1.0899999999999999,False,False,Alakazam,True,win,1,1,[0]
86007713:0:29,86007713,True,True,True,True,1.0,1.032682583150317,0.35605054312039675,True,evolve,evolve,1.203125,False,True,Alakazam,True,win,1,2,[2]
86007713:0:30,86007713,True,True,True,True,1.0,0.07500420706644717,0.9277395832582702,False,yes,yes,1.15,False,False,Alakazam,True,win,1,0,[0]
86007713:0:31,86007713,False,False,True,True,0.5,1.20420922970702,0.33131906038880227,True,card,card,1.15,False,False,Alakazam,True,win,1,5,[2]
86007713:0:32,86007713,True,True,True,True,1.0,0.9655539347540263,0.3807722183446598,True,card,card,1.0,False,False,Alakazam,True,win,1,4,[4]
86007713:0:33,86007713,True,True,True,True,1.0,-0.0,1.0,False,evolve,evolve,0.2875,True,False,Alakazam,True,win,1,0,[0]
86007713:0:34,86007713,True,True,True,True,1.0,0.07316801238691512,0.9294446586911885,False,yes,yes,1.15,False,False,Alakazam,True,win,1,0,[0]
86007713:0:35,86007713,False,False,False,False,0.14285714285714285,2.5878568945229574,0.19573911576023173,True,energy,card,1.25,False,True,Alakazam,True,win,1,2,[6]
86007713:0:36,86007713,False,False,True,True,0.5,1.5545980269178423,0.22008139502540125,True,xerosic,card,1.15625,False,True,Alakazam,True,win,1,2,[4]
86007713:0:38,86007713,True,True,True,True,1.0,0.3534329632198642,0.7022730691354501,False,card,card,0.9249999999999999,False,False,Alakazam,True,win,1,0,[0]
86007713:0:39,86007713,True,True,True,True,1.0,0.7401161653386704,0.6497170420871717,True,card,card,1.05,False,False,Alakazam,True,win,1,0,"[0, 1]"
86007713:0:4,86007713,True,True,True,True,1.0,-0.0,1.0,False,card,card,0.26598011363636365,True,False,Alakazam,True,win,1,0,[0]
86007713:0:40,86007713,True,True,True,True,1.0,-0.0,1.0,False,end,end,0.2875,True,False,Alakazam,True,win,1,0,[0]
86007713:0:5,86007713,True,True,True,True,1.0,0.08872521492065165,0.915096994029691,False,none,none,1.0639204545454546,False,False,Alakazam,True,win,1,1,[1]
86007713:0:6,86007713,True,True,True,True,1.0,0.6998484564696004,0.4966605637839291,True,card,card,0.975,False,False,Alakazam,True,win,1,1,[1]
86007713:0:67,86007713,True,True,True,True,1.0,1.1273951292705318,0.32387581319587055,True,hammer,hammer,1.1875,False,True,Alakazam,True,win,1,2,[2]
86007713:0:68,86007713,True,True,True,True,1.0,-0.0,1.0,False,card,card,0.2875,True,False,Alakazam,True,win,1,0,[0]
86007713:0:69,86007713,True,True,True,True,1.0,1.3669030212049453,0.2548951432823857,True,card,card,0.95,False,False,Alakazam,True,win,1,1,[1]
86007713:0:7,86007713,True,True,True,True,1.0,1.1274770270161243,0.6173746533502101,True,card,card,1.15,False,False,Alakazam,True,win,1,0,"[0, 2]"
86007713:0:70,86007713,False,False,True,True,0.5,1.8092278888481255,0.35066571526387885,True,card,card,1.15,False,False,Alakazam,True,win,1,0,[4]
86007713:0:71,86007713,False,False,True,True,0.5,1.1006563143858372,0.4878004394033651,True,card,card,1.15,False,False,Alakazam,True,win,1,1,[0]
86007713:0:72,86007713,True,True,True,True,1.0,0.6954211161925593,0.4988643239002294,True,evolve,evolve,1.1875,False,True,Alakazam,True,win,1,0,[0]
86007713:0:73,86007713,True,True,True,True,1.0,0.029297027356171852,0.9711279700499105,False,ability,ability,1.3800000000000001,False,False,Alakazam,True,win,1,6,[6]
86007713:0:74,86007713,True,True,True,True,1.0,0.4506935263324719,0.6371860930156585,True,card,card,1.3800000000000001,False,False,Alakazam,True,win,1,1,[1]
86007713:0:75,86007713,False,False,True,True,0.5,2.109123117044699,0.25374485286871074,True,energy,attack,1.725,False,True,Alakazam,True,win,1,11,[1]
86007713:0:76,86007713,True,True,True,True,1.0,0.3576054888874766,0.6993489215117598,False,attack,attack,1.725,False,True,Alakazam,True,win,1,1,[1]
86007713:0:77,86007713,False,True,True,True,1.0,3.3228058704352224,0.7500414088547718,False,card,card,1.3800000000000001,False,False,Alakazam,True,win,1,0,[5]
86007713:0:8,86007713,True,True,True,True,1.0,0.5029987459404336,0.6047145527417164,True,card,card,1.0,False,False,Alakazam,True,win,1,0,[0]
86007713:0:9,86007713,False,False,True,True,0.5,1.9665058523877006,0.19382620099588918,True,card,card,1.075,False,False,Alakazam,True,win,1,2,[4]
86007713:0:96,86007713,True,True,True,True,1.0,2.1739747721897076,0.1998673222747336,True,boss,boss,1.425,False,True,Alakazam,True,win,1,1,"[0, 1, 3, 5, 6, 7]"
86007713:0:99,86007713,True,True,True,True,1.0,0.48509938979770756,0.6156360057853795,True,card,card,1.15,False,False,Alakazam,True,win,1,0,[0]
86008225:0:1,86008225,True,True,True,True,1.0,0.08644916736950367,0.9171821703821113,False,yes,yes,1.15,False,False,Cinderace,False,win,1,0,[0]
86008225:0:10,86008225,True,True,True,True,1.0,0.6723417322468295,0.5105116952451283,True,end,end,0.95,False,False,Cinderace,True,win,1,2,[2]
86008225:0:102,86008225,True,True,True,True,1.0,0.905603484144274,0.40429782414053206,True,card,card,1.15,False,False,Cinderace,True,win,1,2,[2]
86008225:0:103,86008225,True,True,True,True,1.0,0.959049961706129,0.383256821728317,True,evolve,evolve,1.725,False,True,Cinderace,True,win,1,12,[12]
86008225:0:104,86008225,False,False,True,True,0.5,2.54715544763163,0.9216959104131063,False,no,yes,1.3800000000000001,False,False,Cinderace,True,win,1,0,[1]
86008225:0:105,86008225,False,False,True,True,0.5,2.0857542459385705,0.17055409017697648,True,energy,ability,1.725,False,True,Cinderace,True,win,1,35,[5]
86008225:0:106,86008225,True,True,True,True,1.0,0.870254344483513,0.41884500478230147,True,attack,attack,1.725,False,True,Cinderace,True,win,1,21,[21]
86008225:0:107,86008225,True,True,True,True,1.0,-0.0,1.0,False,card,card,0.34500000000000003,True,False,Cinderace,True,win,1,0,[0]
86008225:0:2,86008225,True,True,True,True,1.0,0.42271795607310947,0.655263420119713,False,card,card,0.9965648854961832,False,False,Cinderace,True,win,1,1,[1]
86008225:0:23,86008225,True,True,True,True,1.0,1.024759499145811,0.3588827666397059,True,evolve,evolve,1.4375,False,True,Cinderace,True,win,1,6,[6]
86008225:0:24,86008225,True,True,True,True,1.0,0.06425421393074729,0.9377665758993264,False,yes,yes,1.15,False,False,Cinderace,True,win,1,0,[0]
86008225:0:25,86008225,False,False,False,False,0.125,2.7612409303814176,0.12487137597835764,True,energy,card,1.25,False,True,Cinderace,True,win,1,11,[4]
86008225:0:26,86008225,True,True,True,True,1.0,0.9426342192518502,0.6345253108901708,True,card,card,1.15,False,False,Cinderace,True,win,1,0,"[0, 1]"
86008225:0:27,86008225,False,False,True,True,0.3333333333333333,1.9308144040263973,0.16107029290270172,True,card,card,1.0,False,False,Cinderace,True,win,1,5,[4]
86008225:0:28,86008225,True,True,True,True,1.0,0.9937509727063252,0.37018552773459096,True,card,card,1.15,False,False,Cinderace,True,win,1,3,[3]
86008225:0:29,86008225,False,False,True,True,0.5,1.3782995187847202,0.3639620610830461,True,card,card,1.0,False,False,Cinderace,True,win,1,0,[1]
86008225:0:30,86008225,True,True,True,True,1.0,0.292520734058188,0.7463797693938768,False,card,card,1.0,False,False,Cinderace,True,win,1,0,[0]
86008225:0:31,86008225,True,True,True,True,1.0,0.517645053438614,0.595922261923238,True,card,card,1.15,False,False,Cinderace,True,win,1,2,[2]
86008225:0:32,86008225,True,True,True,True,1.0,0.7195011839368729,0.48699511637030907,True,evolve,evolve,1.4375,False,True,Cinderace,True,win,1,2,[2]
86008225:0:33,86008225,True,True,True,True,1.0,0.014100348835220251,0.9859985954876618,False,ability,ability,1.15,False,False,Cinderace,True,win,1,2,[2]
86008225:0:34,86008225,False,False,True,True,0.5,1.6604560809924704,0.48504902028154523,True,card,card,1.15,False,False,Cinderace,True,win,1,1,[2]
86008225:0:35,86008225,True,True,True,True,1.0,0.6593348619619611,0.5171952263293735,True,card,card,0.95,False,False,Cinderace,True,win,1,1,[1]
86008225:0:36,86008225,False,False,False,True,0.25,2.457038502454754,0.31893088569130895,True,card,card,1.15,False,False,Cinderace,True,win,1,0,[9]
86008225:0:37,86008225,True,True,True,True,1.0,0.2025878230460942,0.8166147618529184,False,card,card,0.95,False,False,Cinderace,True,win,1,1,[1]
86008225:0:38,86008225,True,True,True,True,1.0,0.36972278365505606,0.6909258400273613,False,end,end,0.95,False,False,Cinderace,True,win,1,1,[1]
86008225:0:4,86008225,True,True,True,True,1.0,0.3912002919451156,0.6762446961084179,False,number,number,1.15,False,False,Cinderace,True,win,1,1,[1]
86008225:0:40,86008225,True,True,True,True,1.0,1.4537229434829766,0.23369861976120704,True,card,card,1.15,False,False,Cinderace,True,win,1,12,[12]
86008225:0:41,86008225,True,True,True,True,1.0,0.5991491213042648,0.549278806947828,True,evolve,evolve,1.4375,False,True,Cinderace,True,win,1,0,[0]
86008225:0:42,86008225,True,True,True,True,1.0,0.06350272818570495,0.9384715589724798,False,yes,yes,1.15,False,False,Cinderace,True,win,1,0,[0]
86008225:0:43,86008225,True,True,True,True,1.0,1.6813554717451977,0.18612152251630995,True,energy,energy,1.25,False,True,Cinderace,True,win,1,3,[3]
86008225:0:44,86008225,False,False,False,False,0.14285714285714285,2.645442281561372,0.28531602088169505,True,card,attack,1.0,False,False,Cinderace,True,win,1,9,[7]
86008225:0:45,86008225,True,True,True,True,1.0,0.7348906605852024,0.47955789068754484,True,card,card,0.95,False,False,Cinderace,True,win,1,0,[0]
86008225:0:46,86008225,True,True,True,True,1.0,0.9570209834210133,0.3840352309178543,True,card,card,0.95,False,False,Cinderace,True,win,1,0,[0]
86008225:0:47,86008225,True,True,True,True,1.0,-0.0,1.0,False,card,card,0.2375,True,False,Cinderace,True,win,1,0,[0]
86008225:0:48,86008225,True,True,True,True,1.0,1.191159700947961,0.3038686628738627,True,evolve,evolve,1.4375,False,True,Cinderace,True,win,1,5,[5]
86008225:0:49,86008225,True,True,True,True,1.0,0.05792447724786086,0.9437212171690942,False,yes,yes,1.3800000000000001,False,False,Cinderace,True,win,1,0,[0]
86008225:0:5,86008225,True,True,True,True,1.0,-0.0,1.0,False,card,card,0.26598011363636365,True,False,Cinderace,True,win,1,0,[0]
86008225:0:50,86008225,True,True,True,True,1.0,0.9247254548030166,0.39664029981721144,True,evolve,evolve,1.725,False,True,Cinderace,True,win,1,6,[6]
86008225:0:51,86008225,True,True,True,True,1.0,0.05882867200714015,0.9428682950522734,False,yes,yes,1.3800000000000001,False,False,Cinderace,True,win,1,0,[0]
86008225:0:52,86008225,True,True,True,True,1.0,0.506124868053719,0.6028270929581704,True,attack,attack,1.725,False,True,Cinderace,True,win,1,5,[5]
86008225:0:53,86008225,True,True,True,True,1.0,0.2802347042653528,0.7556063766028794,False,card,card,1.3800000000000001,False,False,Cinderace,True,win,1,0,[0]
86008225:0:6,86008225,True,True,True,True,1.0,1.3930234480281831,0.24832337567486806,True,energy,energy,1.4375,False,True,Cinderace,True,win,1,0,[0]
86008225:0:64,86008225,True,True,True,True,1.0,0.7119263640630911,0.4906980233776196,True,card,card,1.15,False,False,Cinderace,True,win,1,1,[1]
86008225:0:65,86008225,True,True,True,True,1.0,1.8138139311121624,0.16303115994927514,True,evolve,evolve,1.4375,False,True,Cinderace,True,win,1,4,[4]
86008225:0:66,86008225,True,True,True,True,1.0,0.07533599205123913,0.9274318242524797,False,yes,yes,1.15,False,False,Cinderace,True,win,1,0,[0]
86008225:0:67,86008225,False,False,True,True,0.3333333333333333,2.73855567455569,0.23960448752343091,True,card,ability,1.15,False,False,Cinderace,True,win,1,32,[14]
86008225:0:68,86008225,True,True,True,True,1.0,1.367554524526292,0.2547291323341563,True,ability,ability,1.15,False,False,Cinderace,True,win,1,33,[33]
86008225:0:69,86008225,False,False,False,False,0.06666666666666667,3.8070822007986234,0.18055230276189563,True,energy,attack,1.425,False,True,Cinderace,True,win,1,33,[28]
86008225:0:7,86008225,True,True,True,True,1.0,0.6671991672148869,0.5131437969137891,True,card,card,0.95,False,False,Cinderace,True,win,1,1,[1]
86008225:0:70,86008225,False,False,False,True,0.2,2.8685499354879185,0.3052087186197285,True,xerosic,attack,1.425,False,True,Cinderace,True,win,1,15,[11]
86008225:0:72,86008225,True,True,True,True,1.0,0.558651024465669,0.5719801308592731,True,attack,attack,1.425,False,True,Cinderace,True,win,1,7,[7]
86008225:0:73,86008225,True,True,True,True,1.0,1.2722071835018782,0.7494893601782252,False,card,card,1.3800000000000001,False,False,Cinderace,True,win,1,0,"[0, 1]"
86008225:0:8,86008225,True,True,True,True,1.0,1.3944255218552393,0.24797545193356985,True,card,card,1.15,False,False,Cinderace,True,win,1,0,[0]
86008225:0:87,86008225,True,True,True,True,1.0,0.5250556248643795,0.5915224600950555,True,card,card,1.15,False,False,Cinderace,True,win,1,1,[1]
86008225:0:88,86008225,True,True,True,True,1.0,1.7439815789498279,0.17482294169990562,True,evolve,evolve,1.725,False,True,Cinderace,True,win,1,4,[4]
86008225:0:89,86008225,True,True,True,True,1.0,0.07464418661617767,0.928073648612339,False,yes,yes,1.3800000000000001,False,False,Cinderace,True,win,1,0,[0]
86008225:0:9,86008225,True,True,True,True,1.0,0.24969377055495817,0.779039311323326,False,card,card,0.95,False,False,Cinderace,True,win,1,1,[1]
86008225:0:90,86008225,False,False,False,True,0.2,2.6416195785156162,0.23968169914191848,True,card,attack,1.2000000000000002,False,False,Cinderace,True,win,1,34,[23]
86008225:0:91,86008225,True,True,True,True,1.0,1.2510977862188122,0.2861904484178367,True,attack,attack,1.5000000000000002,False,True,Cinderace,True,win,1,34,[34]
86008225:0:92,86008225,True,True,True,True,1.0,1.1976797136207151,0.8148222174608278,False,card,card,1.3800000000000001,False,False,Cinderace,True,win,1,0,"[0, 1]"
86008753:1:10,86008753,True,True,True,True,1.0,0.9169635325606257,0.39973097023726456,True,attack,attack,1.455,False,True,Alakazam,False,win,1,1,[1]
86008753:1:11,86008753,True,True,True,True,1.0,0.3437883337820792,0.7090790002365315,False,card,card,1.3800000000000001,False,False,Alakazam,False,win,1,0,[0]
86008753:1:114,86008753,False,False,False,True,0.25,3.201423838464949,0.32495804480727436,True,energy,evolve,1.5000000000000002,False,True,Alakazam,False,win,1,0,[12]
86008753:1:115,86008753,True,True,True,True,1.0,0.8692503853341383,0.4192657192117352,True,xerosic,xerosic,1.5000000000000002,False,True,Alakazam,False,win,1,4,[4]
86008753:1:117,86008753,True,True,True,True,1.0,0.5929068477826079,0.5527182793958141,True,attack,attack,1.725,False,True,Alakazam,False,win,1,3,[3]
86008753:1:118,86008753,True,True,True,True,1.0,0.2033195799284518,0.8160174169629698,False,card,card,1.3800000000000001,False,False,Alakazam,False,win,1,0,[0]
86008753:1:130,86008753,True,True,True,True,1.0,0.33383552443882,0.7161715652608251,False,card,card,1.15,False,False,Alakazam,False,win,1,0,[0]
86008753:1:131,86008753,False,False,True,True,0.5,1.4795460640299267,0.2681411457974017,True,card,evolve,1.0,False,False,Alakazam,False,win,1,0,[11]
86008753:1:132,86008753,True,True,True,True,1.0,1.200583409791379,0.30101854350818197,True,ability,ability,1.0,False,False,Alakazam,False,win,1,12,[12]
86008753:1:133,86008753,False,False,False,False,0.16666666666666666,3.0486298796301528,0.29410070285486095,True,card,evolve,1.0,False,False,Alakazam,False,win,1,0,[10]
86008753:1:134,86008753,True,True,True,True,1.0,0.9690637297865539,0.37943812846472247,True,card,card,1.15,False,False,Alakazam,False,win,1,0,[0]
86008753:1:135,86008753,True,True,True,True,1.0,1.1414124639626202,0.3193676078514563,True,evolve,evolve,1.25,False,True,Alakazam,False,win,1,13,[13]
86008753:1:136,86008753,False,False,True,True,0.5,2.659658415285767,0.9300278809307609,False,no,yes,1.15,False,False,Alakazam,False,win,1,0,[1]
86008753:1:137,86008753,False,False,True,True,0.5,1.314154211101045,0.27078219506736795,True,evolve,attack,1.25,False,True,Alakazam,False,win,1,12,[0]
86008753:1:138,86008753,True,True,True,True,1.0,0.08254379881251048,0.9207711082924803,False,ability,ability,1.0,False,False,Alakazam,False,win,1,10,[10]
86008753:1:139,86008753,False,False,True,True,0.5,2.096621310589231,0.4478174132526978,True,card,attack,0.95,False,False,Alakazam,False,win,1,12,[7]
86008753:1:140,86008753,False,False,True,True,0.5,2.7461553784837167,0.5151628586547182,True,card,attack,0.95,False,False,Alakazam,False,win,1,11,[8]
86008753:1:141,86008753,False,False,False,True,0.2,2.3872304309433243,0.24586223323873757,True,card,card,1.3800000000000001,False,False,Alakazam,False,win,1,0,[6]
86008753:1:142,86008753,False,False,True,True,0.5,1.353995753469455,0.3045932208413583,True,evolve,attack,1.425,False,True,Alakazam,False,win,1,12,[10]
86008753:1:143,86008753,False,False,True,True,0.5,2.659658415285767,0.9300278809307609,False,no,yes,1.3800000000000001,False,False,Alakazam,False,win,1,0,[1]
86008753:1:144,86008753,True,True,True,True,1.0,0.6483743641215438,0.5228951232829582,True,attack,attack,1.725,False,True,Alakazam,False,win,1,10,[10]
86008753:1:145,86008753,True,True,True,True,1.0,0.16179697606408208,0.8506138819890801,False,card,card,1.3800000000000001,False,False,Alakazam,False,win,1,0,[0]
86008753:1:151,86008753,True,True,True,True,1.0,2.5067841574649448,0.20808410029306126,True,hammer,card,1.1875,False,True,Alakazam,False,win,1,3,"[0, 2, 3, 4, 5, 6, 7, 9, 10]"
86008753:1:156,86008753,True,True,True,True,1.0,1.0218327044420819,0.3599346814387952,True,card,card,1.15,False,False,Alakazam,False,win,1,1,[1]
86008753:1:157,86008753,True,True,True,True,1.0,0.43732712488686204,0.6457601526383645,True,ability,ability,1.15,False,False,Alakazam,False,win,1,6,[6]
86008753:1:158,86008753,False,False,True,True,0.5,1.920364815511673,0.16678786862692135,True,card,energy,1.15,False,False,Alakazam,False,win,1,8,[5]
86008753:1:159,86008753,False,False,True,True,0.5,1.936327570059506,0.2594981310333049,True,card,card,1.05,False,False,Alakazam,False,win,1,0,"[2, 3, 6]"
86008753:1:160,86008753,True,True,True,True,1.0,0.7400014774543633,0.4771132106075189,True,evolve,evolve,1.725,False,True,Alakazam,False,win,1,17,[17]
86008753:1:161,86008753,True,True,True,True,1.0,0.08024289797675219,0.9228921505232547,False,yes,yes,1.3800000000000001,False,False,Alakazam,False,win,1,0,[0]
86008753:1:162,86008753,False,False,True,True,0.3333333333333333,2.1031688812177167,0.16092209469983615,True,energy,evolve,1.5000000000000002,False,True,Alakazam,False,win,1,20,[10]
86008753:1:163,86008753,True,True,True,True,1.0,0.6209745110493824,0.5374204601486573,True,attack,attack,1.5000000000000002,False,True,Alakazam,False,win,1,5,[5]
86008753:1:164,86008753,True,True,True,True,1.0,0.10181247167182057,0.9031989111703537,False,card,card,1.3800000000000001,False,False,Alakazam,False,win,1,0,[0]
86008753:1:170,86008753,True,True,True,True,1.0,2.380742674626796,0.12706919246856618,True,card,card,0.9249999999999999,False,False,Alakazam,False,win,1,3,"[0, 1, 2, 3, 4, 5, 9, 10]"
86008753:1:182,86008753,True,True,True,True,1.0,1.4698700608366921,0.22995536345302858,True,attack,attack,1.725,False,True,Alakazam,False,win,1,10,[10]
86008753:1:183,86008753,True,True,True,True,1.0,-0.0,1.0,False,card,card,0.34500000000000003,True,False,Alakazam,False,win,1,0,[0]
86008753:1:3,86008753,True,True,True,True,1.0,-0.0,1.0,False,card,card,0.2491412213740458,True,False,Alakazam,False,win,1,0,[0]
86008753:1:32,86008753,False,True,True,True,1.0,1.8259324479154173,0.23715225619462482,True,evolve,evolve,1.4375,False,True,Alakazam,False,win,1,1,[2]
86008753:1:33,86008753,True,True,True,True,1.0,0.07878318735586257,0.9242402897044703,False,yes,yes,1.15,False,False,Alakazam,False,win,1,0,[0]
86008753:1:34,86008753,True,True,True,True,1.0,0.813201862427466,0.4434359697886524,True,evolve,evolve,1.4375,False,True,Alakazam,False,win,1,1,[1]
86008753:1:35,86008753,True,True,True,True,1.0,0.07878318735586257,0.9242402897044703,False,yes,yes,1.15,False,False,Alakazam,False,win,1,0,[0]
86008753:1:36,86008753,False,False,True,True,0.5,1.9267105451265927,0.1701560970870283,True,card,card,0.9249999999999999,False,False,Alakazam,False,win,1,10,[7]
86008753:1:37,86008753,True,True,True,True,1.0,0.3916071339522245,0.67596962731752,False,card,card,1.15,False,False,Alakazam,False,win,1,0,[0]
86008753:1:38,86008753,False,False,True,True,0.3333333333333333,1.5902527811181855,0.43092073969962674,True,card,card,1.05,False,False,Alakazam,False,win,1,0,[2]
86008753:1:39,86008753,True,True,True,True,1.0,0.47270827427701007,0.6233118807661664,True,card,card,1.05,False,False,Alakazam,False,win,1,0,[0]
86008753:1:40,86008753,False,False,True,True,0.5,1.2144072971130044,0.36613252447807115,True,card,evolve,0.9249999999999999,False,False,Alakazam,False,win,1,8,[7]
86008753:1:41,86008753,True,True,True,True,1.0,0.7541016011789232,0.4704330614471077,True,evolve,evolve,1.15625,False,True,Alakazam,False,win,1,9,[9]
86008753:1:42,86008753,True,True,True,True,1.0,0.07576176235034232,0.9270370353779225,False,yes,yes,1.15,False,False,Alakazam,False,win,1,0,[0]
86008753:1:43,86008753,False,False,False,True,0.2,2.7946466492142306,0.15081941620449096,True,energy,card,1.15625,False,True,Alakazam,False,win,1,8,[2]
86008753:1:44,86008753,True,True,True,True,1.0,0.46431530566201507,0.6285653330101223,True,card,card,0.9249999999999999,False,False,Alakazam,False,win,1,0,[0]
86008753:1:45,86008753,False,False,True,True,0.3333333333333333,2.100162506104559,0.4215336728424489,True,card,card,1.15,False,False,Alakazam,False,win,1,0,[1]
86008753:1:46,86008753,True,True,True,True,1.0,0.25157815568447317,0.7775726835095704,False,card,card,0.9249999999999999,False,False,Alakazam,False,win,1,0,[0]
86008753:1:47,86008753,True,True,True,True,1.0,-0.0,1.0,False,end,end,0.23124999999999998,True,False,Alakazam,False,win,1,0,[0]
86008753:1:55,86008753,False,False,True,True,0.5,2.364440902583792,0.21724257899199345,True,hammer,xerosic,1.425,False,True,Alakazam,False,win,1,2,"[1, 3, 4, 5, 7, 8]"
86008753:1:58,86008753,True,True,True,True,1.0,0.4908437905366554,0.6121096838587968,True,card,card,1.15,False,False,Alakazam,False,win,1,0,[0]
86008753:1:59,86008753,True,True,True,True,1.0,0.8915866907612805,0.4100046857210016,True,evolve,evolve,1.4375,False,True,Alakazam,False,win,1,0,[0]
86008753:1:60,86008753,True,True,True,True,1.0,0.07289547835004558,0.929697998516363,False,yes,yes,1.15,False,False,Alakazam,False,win,1,0,[0]
86008753:1:61,86008753,True,True,True,True,1.0,1.2247950508754055,0.29381791187699885,True,evolve,evolve,1.25,False,True,Alakazam,False,win,1,3,[3]
86008753:1:62,86008753,True,True,True,True,1.0,0.032186756217293985,0.9683257243421832,False,ability,ability,1.15,False,False,Alakazam,False,win,1,4,[4]
86008753:1:63,86008753,True,True,True,True,1.0,0.7090455604717796,0.4921136661209265,True,evolve,evolve,1.25,False,True,Alakazam,False,win,1,6,[6]
86008753:1:64,86008753,True,True,True,True,1.0,0.07117852111537376,0.9312956213535449,False,yes,yes,1.15,False,False,Alakazam,False,win,1,0,[0]
86008753:1:65,86008753,False,False,True,True,0.3333333333333333,2.601741395816792,0.3271542504828343,True,card,evolve,1.0,False,False,Alakazam,False,win,1,1,[4]
86008753:1:66,86008753,True,True,True,True,1.0,0.7516685440777467,0.6661722113973986,False,card,card,1.3800000000000001,False,False,Alakazam,False,win,1,0,"[0, 1]"
86008753:1:67,86008753,False,False,False,False,0.14285714285714285,2.973035705420199,0.29417761097211564,True,xerosic,evolve,1.5000000000000002,False,True,Alakazam,False,win,1,1,[0]
86008753:1:69,86008753,False,False,True,True,0.5,1.4137670163591818,0.3162559933398681,True,attack,evolve,1.5000000000000002,False,True,Alakazam,False,win,1,0,[9]
86008753:1:70,86008753,True,True,True,True,1.0,0.28084519151605836,0.7551452293200023,False,card,card,1.3800000000000001,False,False,Alakazam,False,win,1,0,[0]
86008753:1:8,86008753,True,True,True,True,1.0,0.5080610142215364,0.6016610607609231,True,energy,energy,1.5750000000000004,False,True,Alakazam,False,win,1,0,[0]
86008753:1:85,86008753,True,True,True,True,1.0,0.35371485347843656,0.7020751330978342,False,card,card,1.15,False,False,Alakazam,False,win,1,0,[0]
86008753:1:86,86008753,True,True,True,True,1.0,0.9567662918746386,0.3841330539014938,True,evolve,evolve,1.4375,False,True,Alakazam,False,win,1,0,[0]
86008753:1:87,86008753,True,True,True,True,1.0,0.07534072823598882,0.9274274317744191,False,yes,yes,1.15,False,False,Alakazam,False,win,1,0,[0]
86008753:1:88,86008753,False,False,False,True,0.2,3.310555196988905,0.41303540127089,True,card,evolve,1.0,False,False,Alakazam,False,win,1,1,[3]
86008753:1:89,86008753,True,True,True,True,1.0,1.6600045426725825,0.3184739533963474,True,card,card,0.97,False,False,Alakazam,False,win,1,0,"[0, 1, 2, 3, 4]"
86008753:1:9,86008753,True,True,True,True,1.0,0.9069441616251452,0.5813568935638385,True,card,card,1.3800000000000001,False,False,Alakazam,False,win,1,0,"[0, 1]"
86008753:1:90,86008753,False,False,True,True,0.3333333333333333,3.0475948445078713,0.44229987301498747,True,card,evolve,1.15,False,False,Alakazam,False,win,1,1,[7]
86008753:1:91,86008753,True,True,True,True,1.0,0.7513735681998162,0.6657768610274776,False,card,card,1.3800000000000001,False,False,Alakazam,False,win,1,0,"[0, 1]"
86008753:1:92,86008753,False,False,False,True,0.25,3.0617594128131813,0.4274184739104288,True,xerosic,evolve,1.5000000000000002,False,True,Alakazam,False,win,1,1,[0]
86008753:1:94,86008753,False,False,True,True,0.3333333333333333,1.838990539896518,0.4080793998888989,True,attack,evolve,1.725,False,True,Alakazam,False,win,1,0,[9]
86008753:1:95,86008753,True,True,True,True,1.0,0.24552313813739088,0.7822951827316803,False,card,card,1.3800000000000001,False,False,Alakazam,False,win,1,0,[0]
