tree
version=v4
num_class=1
num_tree_per_iteration=1
label_index=0
max_feature_idx=224
objective=lambdarank
feature_names=turn turn_action_count first_player_is_self energy_attached retreated stadium_played supporter_played self_hand_count self_deck_count self_prize_count self_bench_count opp_hand_count opp_deck_count opp_prize_count opp_bench_count self_total_energy opp_total_energy self_total_hp opp_total_hp self_status_count opp_status_count early_game mid_game late_game deck_low_10 deck_low_5 current_powerful_hand_damage self_active_id self_active_hp self_active_max_hp self_active_damage self_active_energy self_active_special_energy self_active_tool_count self_active_appear_this_turn opp_active_id opp_active_hp opp_active_max_hp opp_active_damage opp_active_energy opp_active_special_energy opp_active_tool_count opp_active_appear_this_turn self_bench_open self_bench_min_hp self_bench_max_hp self_bench_max_energy self_bench_total_damage self_bench_damaged_count self_bench_low_hp_count opp_bench_open opp_bench_min_hp opp_bench_max_hp opp_bench_max_energy opp_bench_total_damage opp_bench_damaged_count opp_bench_low_hp_count hand_5 field_5 discard_5 opp_field_5 hand_13 field_13 discard_13 opp_field_13 hand_19 field_19 discard_19 opp_field_19 hand_66 field_66 discard_66 opp_field_66 hand_140 field_140 discard_140 opp_field_140 hand_305 field_305 discard_305 opp_field_305 hand_343 field_343 discard_343 opp_field_343 hand_741 field_741 discard_741 opp_field_741 hand_742 field_742 discard_742 opp_field_742 hand_743 field_743 discard_743 opp_field_743 hand_1079 field_1079 discard_1079 opp_field_1079 hand_1081 field_1081 discard_1081 opp_field_1081 hand_1086 field_1086 discard_1086 opp_field_1086 hand_1097 field_1097 discard_1097 opp_field_1097 hand_1129 field_1129 discard_1129 opp_field_1129 hand_1152 field_1152 discard_1152 opp_field_1152 hand_1182 field_1182 discard_1182 opp_field_1182 hand_1197 field_1197 discard_1197 opp_field_1197 hand_1225 field_1225 discard_1225 opp_field_1225 hand_1231 field_1231 discard_1231 opp_field_1231 hand_1266 field_1266 discard_1266 opp_field_1266 ready_alakazam_count has_ready_alakazam field_route_body_count has_abra_anywhere has_bridge_anywhere has_alakazam_anywhere has_psychic_energy_in_hand complete_route_components needs_first_abra needs_stage2 needs_attacker_energy dudunsparce_engine_count dunsparce_engine_count stadium_id select_type select_context select_min_count select_max_count option_type candidate_card_id candidate_attack_id candidate_area candidate_inplay_area candidate_target_id candidate_target_hp candidate_target_max_hp candidate_target_energy candidate_target_special_energy candidate_target_appear_this_turn candidate_target_is_active candidate_target_is_bench candidate_hand_cost post_action_hand_count post_action_powerful_hand_damage current_ko_estimate post_action_ko_estimate breaks_current_ko_estimate preserves_current_ko_estimate powerful_hand_attack_option attack_lethal_estimate attack_overkill_estimate candidate_is_route_card candidate_is_abra candidate_is_kadabra candidate_is_alakazam candidate_is_rare_candy candidate_is_psychic_energy target_is_abra target_is_kadabra target_is_alakazam target_is_dunsparce target_is_dudunsparce candidate_fills_missing_abra candidate_fills_stage2 candidate_fills_energy action_type is_attack is_retreat is_end is_evolve is_ability is_energy is_boss is_xerosic is_hammer is_bench is_trainer is_other hammer_opp_active_energy_value hammer_opp_active_special_energy_value xerosic_opp_hand_value boss_opp_bench_value boss_opp_bench_low_hp_value retreat_active_damage_value retreat_status_value energy_target_existing_energy_value energy_target_is_alakazam_value energy_target_is_fezandipiti_value evolve_target_is_abra_value evolve_target_is_kadabra_value bench_early_game_value ability_low_deck_risk trainer_low_deck_risk end_has_attack_ready_penalty
feature_infos=[1:1067] [1:34] [0:1] [0:1] [0:1] [0:1] [0:1] [0:35] [0:46] [1:6] [0:5] [0:29] [0:47] [1:6] [0:6] [0:7] [0:19] [10:910] [10:1680] [0:2] [0:1] [0:1] [0:1] [0:1] [0:1] [0:1] [0:700] -1:743:742:140:305:741:66:343:65:214:959 [10:210] [50:210] [0:200] [0:5] [0:4] none [0:1] -1:743:414:756:345:648:305:381:1031:190:434:678:742:741:431:112:140:344:401:121:343:400:676:506:646:169:666:164:235:380:861:58:93:849:387:1030:860:66:341:647:342:379:65:677:463:120:891:104:57:119:116:131:174:473:117:675:721:723:674:265:848:92:269:649:747:304:879:878:90:184:96:722:817:673:89:689:818:474:40:293:607:247:272:135:432:108:214:31:1071:270:746:122:408:655:144:959:591:906:1056:86:292:41:1013:1051:745:855:1034:320:85:829:992:142:1052:415:583:73:790:475:138:183:1002:34:100:336:240:268:788:46:597:109:311:803:521:625:834:162:979:157:158:257:222:271:789:42:349:663:858:303:695:179:795:81:330 [10:440] [30:440] [0:420] [0:9] [0:9] [0:1] [0:1] [0:5] [0:210] [0:210] [0:4] [0:480] [0:5] [0:5] [0:5] [0:410] [0:440] [0:9] [0:860] [0:4] [0:5] [0:3] none [0:3] none [0:1] none [0:1] none [0:4] none [0:4] none [0:3] [0:3] [0:3] [0:4] [0:1] [0:1] [0:1] [0:2] [0:4] [0:4] [0:3] [0:4] [0:1] [0:1] [0:1] [0:1] [0:3] [0:4] [0:4] [0:4] [0:4] [0:4] [0:4] [0:4] [0:4] [0:4] [0:4] [0:4] [0:4] none [0:4] none [0:4] none [0:4] none [0:4] none [0:4] none [0:3] none [0:3] none [0:2] none [0:2] none [0:4] none [0:4] none [0:3] none [0:3] none [0:4] none [0:4] none [0:4] none [0:4] none [0:4] none [0:4] none [0:3] none [0:3] none [0:4] [0:1] [0:4] [0:1] [0:1] [0:1] [0:1] [0:4] [0:1] [0:1] [0:1] [0:3] [0:4] -1:1266:1264:1247:1259:1246:1257:1244:1261:1262:1242:1245:1252:1260:1256:1249:1255:1254:1250:1267:1248 none none none none -1:7:8:9:14:12:13:10 -1:19:5:13:1225:1231:66:1152:1086:743:1182:1266:742:1197:305:1079:1081:140:343:1129:1097:1184:741:1264:65:1246:1247:245:959:1146 -1:1072:1071:1070:423:76:183:288:74:338:339 [-1:7] [-1:5] -1:305:742:743:741:140:66:343:65:214:959:245 [0:210] [0:210] [0:5] [0:4] [0:1] [0:1] [0:1] [0:1] [0:35] [0:700] [0:1] [0:1] [0:1] [0:1] [0:1] [0:1] [0:580] [0:1] [0:1] [0:1] [0:1] [0:1] [0:1] [0:1] [0:1] [0:1] [0:1] [0:1] [0:1] [0:1] [0:1] -1:5:10:6:4:2:9:1:3:11:0:7 [0:1] [0:1] [0:1] [0:1] [0:1] [0:1] [0:1] [0:1] [0:1] [0:1] [0:1] none [0:9] [0:9] [0:24] [0:6] [0:5] [0:200] [0:2] [0:5] [0:1] [0:1] [0:1] [0:1] [0:1] [0:1] [0:1] [0:1]
tree_sizes=4055 4266 4228 4077 4124 4259 4265 4242 4031 4377 3718 4241 3718 3779 4239 4250 3912 4318 4198 4119 4133 3817 4315 4351 4166 4254 3917 4224 3811 4281 4313 3963 4268 3870 4233 4140 3997 4121 3707 4036 4144 4193 4167 4299 4097 4211 4088 3838 4043 4089

Tree=0
num_leaves=31
num_cat=7
split_feature=196 160 160 160 195 217 160 160 195 223 167 191 180 160 173 170 173 31 172 169 166 166 223 170 188 207 169 31 173 211
split_gain=46371.2 5325.57 4422.6 3002.47 3253.79 4579.6 2354.46 1304.61 1257.74 1430.38 1137.33 1277.77 1029.42 968.467 1870.09 736.236 652.046 893.693 735.869 616.553 595.084 566.456 569.259 538.882 824.794 381.636 568.159 621.672 382.532 348.333
threshold=0 1 2 3 1.0000000180025095e-35 1.0000000180025095e-35 4 5 1.0000000180025095e-35 1.0000000180025095e-35 1.0000000180025095e-35 1.0000000180025095e-35 1.0000000180025095e-35 6 10.500000000000002 1.0000000180025095e-35 11.500000000000002 1.0000000180025095e-35 1.0000000180025095e-35 1.0000000180025095e-35 175.00000000000003 175.00000000000003 1.0000000180025095e-35 1.0000000180025095e-35 1.0000000180025095e-35 1.0000000180025095e-35 1.0000000180025095e-35 1.0000000180025095e-35 9.5000000000000018 9.5000000000000018
decision_type=1 9 9 9 2 2 9 9 2 2 2 2 2 9 2 2 2 2 2 2 2 2 2 2 2 2 2 2 2 2
left_child=2 7 -1 4 10 -6 19 -2 9 13 11 15 20 14 -5 21 -15 18 -18 -4 23 22 25 24 -8 26 27 -3 -27 -9
right_child=1 3 6 8 5 -7 12 29 -10 -11 -12 -13 -14 16 -16 -17 17 -19 -20 -21 -22 -23 -24 -25 -26 28 -28 -29 -30 -31
leaf_value=-0.068130265182545252 0.042102999932099414 -0.068637681111821294 0.065483430251355071 -0.0054343227928461482 -0.079488213335722813 0.065114702112540709 0.015020152293546474 -0.011138886658921744 -0.095931962135264948 -0.093159043092929494 -0.072013036449523213 -0.084508304139450319 0.066342881994153349 -0.068575653928455063 -0.061522825791680419 0.012377753545324856 0.030051456873456839 -0.057528214103205223 -0.068612666642070094 0.09194426905599544 0.075243371680735346 -0.086248932011360732 -0.086629137214570814 0.060224027854464207 0.048832593039074501 0.016911714882203475 0.00065141231264338934 -0.026217589449438694 -0.025502671323126225 0.025441607819220186
leaf_weight=736.1643934296153 1527.6276902687387 1265.5896898020001 9008.3638199167035 3275.0787948011421 763.56180519892951 1931.6460477571818 5718.3416632696171 7626.7913227386889 1786.672275516321 1837.1875761031988 1909.6626575740229 971.21681705425726 3166.7422230117518 5070.497601944604 2720.6724994603283 1195.5376018043607 658.97795432136627 2034.7347006553609 264.38763115348411 2921.1115104649361 799.77810241340194 418.9720042081608 374.51351029492798 1306.5343868576747 2634.9769381553051 997.54697739047697 1117.2767547835538 2723.5012412463839 1136.8295384510711 710.94496502151014
leaf_count=13857 17256 29555 79206 41391 31922 14725 80418 104314 35941 54197 50688 38094 30407 93998 76452 12193 15143 63313 4978 12256 6465 17506 10821 9077 25440 10133 25129 63208 23363 6035
internal_value=0 -0.032397 0.052138 -0.0421773 -0.0255252 0.0241392 0.0556292 -0.00021157 -0.0561236 -0.0516717 -0.0366 -0.0299668 0.0413342 -0.0462334 -0.0308378 -0.0242228 -0.0576174 -0.0390184 0.00177366 0.0719065 0.0337989 -0.0296702 -0.0265513 0.0303633 0.0256889 -0.0234375 -0.0308585 -0.0396841 -0.00567773 -0.00800819
internal_weight=68611.4 42319.4 26292 32454.1 14805.9 2695.21 25555.8 9865.36 17648.2 15861.5 12110.6 10201 13626.4 14024.3 5995.75 9229.77 8028.6 2958.1 923.366 11929.5 10459.6 8034.23 7615.26 9659.85 8353.32 7240.74 5106.37 3989.09 2134.38 8337.74
internal_count=1097481 840355 257126 712750 327337 46647 243269 127605 385413 349472 280690 230002 151807 295275 117843 191908 177432 83434 20121 91462 121400 179715 162209 114935 105858 151388 117892 92763 33496 110349
cat_boundaries=0 1 40 51 88 112 148 187
cat_threshold=199 0 0 2 0 0 0 0 0 0 0 0 0 0 0 0 0 0 0 0 0 0 0 0 0 0 0 0 0 0 0 0 0 0 8388608 512 67109376 1 8193 3221225472 0 0 0 0 0 0 0 2097152 0 0 8388608 524320 0 0 0 0 0 0 0 0 0 0 0 0 0 0 0 0 0 0 0 0 0 0 0 0 0 0 0 0 2147483648 0 0 0 1073741824 0 0 1073741824 0 0 4 0 0 0 0 0 0 131072 0 0 0 0 0 0 0 0 0 0 0 0 0 32 0 0 2 0 0 0 0 0 0 0 0 0 0 0 0 0 0 0 0 0 0 0 0 0 0 0 0 0 0 0 0 0 0 8388608 0 67108864 8192 0 0 0 0 0 0 0 0 0 0 0 0 0 0 0 0 0 0 0 0 0 0 0 0 0 0 0 0 0 0 0 0 0 0 0 0 0 33280
is_linear=0
shrinkage=0.05


Tree=1
num_leaves=31
num_cat=12
split_feature=160 196 169 170 160 223 31 170 190 31 222 164 160 223 182 164 169 173 160 166 160 211 160 31 161 223 160 173 173 160
split_gain=54432.7 15081.5 14532.1 11657.6 11201.1 6750.61 5354.26 4000.93 3730.54 3729.78 2465.52 2105.64 1696.59 1658.27 3034.6 1518.37 1603.08 1515.07 1184.45 1127.88 1105.94 1088.36 1071.13 1817.9 1019.26 1017.45 1699.89 1408.91 993.15 953.153
threshold=0 1 1.0000000180025095e-35 1.0000000180025095e-35 2 1.0000000180025095e-35 1.0000000180025095e-35 1.0000000180025095e-35 1.0000000180025095e-35 1.0000000180025095e-35 1.0000000180025095e-35 3 4 1.0000000180025095e-35 1.0000000180025095e-35 5 1.0000000180025095e-35 13.500000000000002 6 175.00000000000003 7 7.5000000000000009 8 1.0000000180025095e-35 9 1.0000000180025095e-35 10 8.5000000000000018 14.500000000000002 11
decision_type=9 1 2 2 9 2 2 2 2 2 2 9 9 2 2 9 2 2 9 2 9 2 9 2 9 2 9 2 2 9
left_child=2 7 10 4 5 17 8 9 -5 -2 11 -1 -7 -13 -15 22 25 18 -3 -12 -19 24 23 -6 28 26 27 -17 -11 -10
right_child=1 3 -4 6 15 12 -8 -9 29 21 19 13 -14 14 -16 16 -18 20 -20 -21 -22 -23 -24 -25 -26 -27 -28 -29 -30 -31
leaf_value=-0.015062434202136227 -0.033494261441801183 0.0073017344850219504 0.07573810155868102 -0.0034027066968858907 -0.07634686330613355 0.058591588160148381 -0.054025517045673932 0.056028556135482334 0.052597563287935495 0.0021895405600242334 0.017322049626375943 0.024828009478897836 -0.08190275869306049 0.052489537186284532 -0.073338794766292223 0.00031738573420866896 -0.024020746617493559 0.002212860390830951 -0.020206493048016652 -0.074550349232575183 -0.036770954893773876 0.041538175730258114 -0.084220334461894003 0.0076451609914692659 -0.0075023774665042816 -0.080671524735390465 -0.050438571104985355 -0.047282072290114684 0.02224367450541085 -0.045068198860706128
leaf_weight=3648.2983193390537 6607.2413555283565 18997.375937138684 14057.356236901134 6488.7567746373825 1670.5986971871462 223.83990965387784 2625.5888615327422 3593.5657440605573 6818.3220610348508 14626.736633191817 508.73768388386816 81465.791136294603 3723.0250464989804 814.29318467853591 1162.7545668806415 3290.006369099021 8097.6244905898347 2774.5276797421975 4917.2382247881033 971.15838679671288 5296.6438839067705 2172.0379696243908 4497.8484153145691 1048.0762489652261 11125.030422887532 2285.4073093556799 37807.383692875504 2946.3564724334283 10683.190682413056 254.31400779867545
leaf_count=9124 29154 58843 12809 26134 15893 590 35186 5145 9393 24671 938 151937 47462 2436 5398 8731 40692 20776 24873 1916 51275 5667 75841 6904 44417 29742 302125 31168 15655 2586
internal_value=0 -0.0179977 0.0285086 -0.0279724 -0.034494 -0.0122921 0.0113219 0.00525265 0.0239755 0.00121753 0.0210154 0.022103 -0.0739862 0.0237271 -0.0215108 -0.0474257 -0.0445413 -0.00468209 0.00163968 -0.0429692 -0.0234129 0.00715863 -0.0690826 -0.0438087 0.00510844 -0.0481372 -0.046448 -0.0221366 0.0106505 0.0490928
internal_weight=265199 162571 102628 113763 97576 35932.7 16187 48807.8 13561.4 45214.2 88571 87091.1 3946.86 83442.8 1977.05 61643.3 54426.8 31985.8 23914.6 1479.9 8071.17 38607 7216.52 2718.67 36435 46329.2 44043.7 6236.36 25309.9 7072.64
internal_count=1097481 912923 184558 788214 714915 203819 73299 124709 38113 119564 171749 168895 48052 159771 7834 511096 412458 155767 83716 2854 72051 90410 98638 22797 84743 371766 342024 39899 40326 11979
cat_boundaries=0 39 40 79 82 121 151 190 229 230 264 303 304
cat_threshold=0 0 6 0 4096 0 0 0 0 131072 0 0 0 0 0 0 0 0 0 0 0 0 0 96 0 0 0 0 0 0 0 0 0 41943040 512 67108864 0 1 2147483648 2115 0 0 0 0 0 0 0 0 0 0 0 0 0 0 0 0 0 0 0 0 0 0 0 0 0 0 0 0 0 2147483648 0 0 0 1073741824 0 512 1073741825 0 1073774592 0 0 6 0 0 0 0 0 0 0 0 0 0 0 0 0 0 0 0 0 0 0 0 0 0 0 0 0 0 0 0 0 0 0 0 0 0 0 512 0 0 1073741824 0 0 0 0 4096 0 0 0 0 131072 8388608 0 0 0 0 0 0 0 0 0 0 0 0 0 0 0 0 0 0 2147483648 0 0 0 0 0 0 0 0 0 0 0 0 0 0 0 0 0 0 0 0 0 0 0 0 0 0 0 0 0 0 0 0 0 1073741824 0 0 1 0 32768 0 0 0 0 0 0 0 0 0 0 0 0 0 0 0 0 0 0 0 0 0 0 0 0 0 0 0 0 0 2147483648 0 0 0 0 0 512 1073741824 0 1073741824 8192 0 0 4096 0 0 8388608 0 0 0 1 524288 0 0 0 0 0 0 0 0 0 0 0 0 0 0 0 0 0 0 0 0 0 0 65536 0 0 0 0 0 0 0 0 0 0 0 0 0 0 0 0 0 0 0 0 0 0 0 0 0 0 0 0 0 0 0 0 0 0 0 0 0 0 512 524320
is_linear=0
shrinkage=0.05


Tree=2
num_leaves=31
num_cat=11
split_feature=196 169 160 190 167 223 160 160 195 31 173 160 173 40 224 163 161 160 163 160 173 173 163 169 165 160 182 160 176 160
split_gain=40671.2 16022.8 8709.58 5299.1 6408.08 4027.1 5888.68 3315.12 2157.61 2397.37 2021.41 1944.57 1761.17 1478.32 1288.85 1215.81 996.247 925.778 914.022 1124.29 1777.88 1169.25 853.361 851.891 823.173 732.011 730.195 726.326 674.037 1203.19
threshold=0 1.0000000180025095e-35 1 1.0000000180025095e-35 1.0000000180025095e-35 1.0000000180025095e-35 2 3 1.0000000180025095e-35 1.0000000180025095e-35 9.5000000000000018 4 10.500000000000002 1.0000000180025095e-35 1.0000000180025095e-35 4.5000000000000009 5 6 4.5000000000000009 7 11.500000000000002 12.500000000000002 4.5000000000000009 1.0000000180025095e-35 25.000000000000004 8 1.0000000180025095e-35 9 1.0000000180025095e-35 10
decision_type=1 2 9 2 2 2 9 9 2 2 2 9 2 2 2 2 9 9 2 9 2 2 2 2 2 9 2 9 2 9
left_child=1 11 17 5 7 6 10 15 9 18 25 12 26 22 -11 -5 -13 -2 19 -8 -21 -22 24 -20 -14 -4 -1 -12 -19 -30
right_child=2 -3 3 4 -6 -7 8 -9 -10 14 27 16 13 -15 -16 -17 -18 28 23 20 21 -23 -24 -25 -26 -27 -28 -29 29 -31
leaf_value=-0.029996370947031073 0.014568155204794726 0.075240246670725666 0.0054687410668857088 0.035349253218031916 -0.06787679279513377 -0.078572857804528967 0.004212391956972694 -0.075368962734376974 -0.0776821467929453 -0.04363425157587604 -0.016622497492639953 -0.025573366631305661 -0.059270279451506973 0.0043227553017434047 -0.074436995776134815 -0.0013263907727432624 0.01711516657859059 -0.012664529260491844 -0.066078299799879989 -0.042480810350719725 0.035278694203890536 -0.020986953885595697 -0.054448479317892644 -0.025772777487997375 0.028844368768300974 -0.029216903621241908 0.023708384057527274 -0.042076175844258469 0.022950151756897502 -0.017592809209918684
leaf_weight=723.3921896610409 11112.941943444312 11851.415665409528 12397.818072640104 7318.8797733336687 2826.1687379068462 4668.1929080685368 3809.1281671690522 901.56669306382537 3750.0592694107909 18312.574226050288 7055.4749135029269 1378.486884979764 418.04242957127281 3444.7607949930243 4171.314057320822 3268.4531358304666 98719.987563290168 9701.8149498148123 2326.6990666325437 7026.3751641833223 1441.4675817883108 2566.7043426446617 2931.9494944501203 3006.1379833354149 722.24082530848682 1723.1409708005376 5035.6794741251506 4698.6353626372293 4685.6735852463171 2989.4210655440111
leaf_count=4134 36294 12809 33911 9393 45753 66479 13126 11328 59360 188733 51669 3960 4787 17330 42391 20044 182829 41932 34421 39588 4218 17735 17732 15241 1189 10208 12356 56043 19096 23392
internal_value=0 0.019922 -0.0208314 -0.028365 -0.000434005 -0.0335643 -0.0306571 0.0161581 -0.0413106 -0.0381221 -0.0115275 0.0141408 -0.00384177 -0.0197845 -0.0493507 0.0240043 0.0165246 0.00330412 -0.0256082 -0.0192277 -0.0272986 -0.000748893 -0.0401764 -0.0433634 -0.00346702 0.00121809 0.0169597 -0.0268492 -0.00390365 0.00716503
internal_weight=244985 125226 119759 91268.8 14315.1 76953.7 72285.5 11488.9 46410.5 42660.4 25875.1 113375 13276.1 7516.99 22483.9 10587.3 100098 28489.9 20176.5 14843.7 11034.5 4008.17 4072.23 5332.84 1140.28 14121 5759.07 11754.1 17376.9 7675.09
internal_count=1097481 257126 840355 719641 86518 633123 566644 40765 414813 355453 151831 244317 57528 41038 231124 29437 186789 120714 124329 74667 61541 21953 23708 49662 5976 44119 16490 107712 84420 42488
cat_boundaries=0 1 40 79 80 104 138 177 178 217 254 293
cat_threshold=199 0 0 2 0 0 0 0 0 0 0 0 0 0 0 0 0 0 0 0 0 0 0 0 0 0 0 0 0 0 0 0 0 0 1082130432 512 67109376 0 8193 3221225472 0 0 0 0 0 0 0 0 0 0 0 0 0 0 0 0 0 0 0 0 0 0 0 0 0 0 0 0 0 2147483648 0 0 0 0 0 0 1073741825 0 33280 524320 0 0 0 0 0 0 0 2097152 0 0 8388608 0 0 0 0 0 0 0 0 0 0 0 0 128 0 0 0 0 0 0 0 0 0 0 0 0 0 128 0 0 0 0 0 0 0 0 0 0 0 0 0 0 0 0 0 0 0 16384 0 0 2 0 0 0 0 0 0 0 0 0 0 0 0 0 0 0 0 0 0 0 0 0 0 0 0 0 0 0 0 0 0 8388608 512 0 0 1 2147483648 532480 0 0 0 0 0 0 0 0 0 0 0 0 0 0 0 0 0 0 0 0 0 0 0 0 0 0 0 0 0 0 0 0 0 0 0 0 1 0 33280 0 0 0 0 0 0 0 0 0 0 0 0 0 0 0 0 0 0 0 0 0 0 0 0 0 0 0 0 0 2147483648 0 0 0 0 0 0 1073741825 0 0 0 0 0 0 0 0 0 0 0 0 0 0 0 0 0 0 0 0 0 0 0 0 0 0 0 0 0 0 0 0 0 0 0 512 0 8192 1073741824
is_linear=0
shrinkage=0.05


Tree=3
num_leaves=31
num_cat=10
split_feature=196 166 160 170 160 223 31 164 160 164 160 223 31 224 167 173 160 31 223 160 182 160 166 222 173 173 194 165 173 173
split_gain=31079 9378.52 6613.26 7407.78 3464.88 3922.67 2658.3 2495.71 1457.29 1281.37 1047.25 1293.25 1231.61 1188.04 1012.99 754.201 734.292 1125.72 706.039 2395.85 1311.9 677.552 670.43 1148.74 1103.14 615.405 598.517 2029.69 999.463 863.419
threshold=0 125.00000000000001 1 1.0000000180025095e-35 2 1.0000000180025095e-35 1.0000000180025095e-35 3 4 5 6 1.0000000180025095e-35 1.0000000180025095e-35 1.0000000180025095e-35 1.5000000000000002 12.500000000000002 7 1.0000000180025095e-35 1.0000000180025095e-35 8 1.0000000180025095e-35 9 175.00000000000003 1.0000000180025095e-35 16.500000000000004 11.500000000000002 1.0000000180025095e-35 75.000000000000014 9.5000000000000018 10.500000000000002
decision_type=1 2 9 2 9 2 2 9 9 9 9 2 2 2 2 2 9 2 2 9 2 9 2 2 2 2 2 2 2 2
left_child=1 8 18 4 5 15 7 -5 -1 16 -11 12 -12 21 22 -4 17 -6 20 -20 -2 -14 -3 24 -24 -22 27 29 -29 -10
right_child=2 14 3 6 9 -7 -8 -9 26 10 11 -13 13 -15 -16 -17 -18 -19 19 -21 25 -23 23 -25 -26 -27 -28 28 -30 -31
leaf_value=-0.040954643490724731 -0.00032438343984177018 0.060221633110425103 -0.0027083133157248893 0.025258820233551766 -0.071017294981032028 -0.076660837446864596 -0.047603644041811118 -0.027771820422346563 0.0088219372142751586 -0.057240872680856238 -0.021343092837778022 -0.078348766789239993 -0.011525060413780517 -0.068111600675139036 -0.056276924069149629 -0.024569000199800052 -0.077465453429714712 0.0029281940762297563 -0.065573493855065848 0.030328394506520303 0.043840000458512982 -0.039451674252094657 0.06069637251127738 -0.046078770521506988 -0.006512584621181353 0.0026459250284310478 0.030330148308778501 0.012074999823626822 -0.03036729974023715 0.018435692562508595
leaf_weight=1271.0531891030259 20892.969140036555 12080.58444909472 13829.952699697868 10311.629951619543 1205.6426734232809 2404.0140625948552 2029.6801626612432 2817.7181757468497 45744.329752848949 5838.7307302068803 14733.322110032605 1592.4381205356913 2619.423654047423 3247.5484916894929 208.89790214784443 5520.2987875037361 3472.5026760414476 897.51995088288095 1437.2882772271987 1176.8386953386944 2796.7993922838941 13617.420372533321 2665.6370026115328 381.3937721112743 791.60046916175634 1341.8847474360373 4607.7750193496468 2105.4438224891201 4063.0589258626569 47725.765064503765
leaf_count=13423 92239 17744 52707 21392 15893 36737 35186 16721 82073 68708 104007 26037 24766 42391 578 59225 75841 6904 16185 2964 4461 133126 3011 1918 1484 4865 10019 5611 27571 93694
internal_value=0 0.0174884 -0.0190311 -0.0260023 -0.0329604 -0.0164229 0.00564174 0.0138749 0.0120619 -0.040566 -0.0375256 -0.0342951 -0.0322537 -0.0405029 0.0530001 -0.00894553 -0.0631631 -0.0392789 0.0021869 -0.0225353 0.00477018 -0.0349786 0.0544361 0.0362215 0.0453074 0.0304868 0.0127112 0.0118975 -0.0158802 0.0137308
internal_weight=233429 121646 111784 84137.8 68978.8 21754.3 15159 13129.3 105517 47224.5 41648.9 35810.2 34217.7 19484.4 16128.1 19350.3 5575.67 2103.16 27645.8 2614.13 25031.7 16236.8 15919.2 3838.63 3457.24 4138.68 104246 99638.6 6168.5 93470.1
internal_count=1097481 257126 840355 719641 646342 148669 73299 38113 232391 497673 399035 330327 304290 200283 24735 111932 98638 22797 120714 19149 101565 157892 24157 6413 4495 9326 218968 208949 33182 175767
cat_boundaries=0 1 40 79 103 114 144 184 185 224 225
cat_threshold=199 0 0 2 0 0 0 0 0 0 0 0 0 0 0 0 0 0 0 0 0 0 0 0 0 0 0 0 0 0 0 0 0 0 1082130432 512 67109376 0 8193 3221225472 0 0 0 0 0 0 0 0 0 0 0 0 0 0 0 0 0 0 0 0 0 0 0 0 0 0 0 0 0 2147483648 0 0 0 0 0 0 1073741825 0 32768 0 0 0 0 0 0 4194304 0 0 0 0 0 0 0 0 0 0 0 0 0 0 0 0 224 0 0 0 0 0 0 0 0 0 0 8388608 0 0 0 0 4096 0 0 0 0 131072 8388608 0 0 0 0 0 0 0 0 0 0 0 0 0 0 0 0 0 0 2147483648 8192 0 0 0 0 0 0 0 0 0 0 0 0 0 0 0 0 0 0 0 0 0 0 0 0 0 0 0 0 0 0 0 0 0 0 0 0 0 0 262144 8192 0 0 0 0 0 0 0 0 0 0 0 0 0 0 0 0 0 0 0 0 0 0 0 0 0 0 0 0 0 0 0 0 0 1082130432 0 0 0 0 1073741824 32
is_linear=0
shrinkage=0.05


Tree=4
num_leaves=31
num_cat=11
split_feature=196 169 160 170 223 160 31 192 164 160 173 176 164 169 160 173 31 173 165 222 160 161 171 165 160 31 31 176 173 196
split_gain=24648.1 13009.9 5562.77 5552.67 2865.94 4438.03 2048.55 1796.94 1765.5 1291.22 1259.66 1125.78 1026.71 1200.45 744.761 989.705 935.714 802.1 740.255 883.944 703.586 687.697 682.445 1518.27 1365.15 1194.2 1030.82 848.474 778.482 687.191
threshold=0 1.0000000180025095e-35 1 1.0000000180025095e-35 1.0000000180025095e-35 2 1.0000000180025095e-35 1.0000000180025095e-35 3 4 11.500000000000002 1.0000000180025095e-35 5 1.0000000180025095e-35 6 11.500000000000002 1.0000000180025095e-35 12.500000000000002 95.000000000000014 1.0000000180025095e-35 7 8 1.0000000180025095e-35 75.000000000000014 9 1.0000000180025095e-35 1.0000000180025095e-35 1.0000000180025095e-35 9.5000000000000018 10
decision_type=1 2 9 2 2 9 2 2 9 9 2 2 9 2 9 2 2 2 2 2 9 9 2 2 9 2 2 2 2 1
left_child=1 7 -2 4 5 10 8 9 20 -1 -4 -9 -7 14 -14 -16 17 -17 21 -20 -5 -11 24 25 -23 -24 27 29 -25 -26
right_child=2 -3 3 6 -6 12 -8 11 -10 18 -12 -13 13 -15 15 16 -18 -19 19 -21 -22 22 23 28 26 -27 -28 -29 -30 -31
leaf_value=-0.039534645759130488 0.002165377006927322 0.070176515609722448 -0.0024400865855738461 0.022896557925632187 -0.072162794742669026 -0.059600577876076338 -0.045712108222632511 0.0085598582822877731 -0.026603068515405538 -0.015699909941327746 -0.027330933895102702 -0.057034081959917965 -0.052732842477870627 -0.014719455147969535 -0.043633449321124534 0.03190046800826371 -0.034771511158370128 -0.020262155923960828 0.047338455153447437 -0.043902593553125736 -0.030559373939312025 -0.012176444180927126 0.00098628701281784723 0.0060101597742562088 0.036202497319725573 0.019996761976609989 0.013090832863580934 -0.00087404386791735335 -0.0287252614413421 0.0032100729886956449
leaf_weight=1208.3527908718679 26848.702219982981 10018.207917900756 15515.925154735218 9780.2441299201455 3884.0028887455119 5025.2459188932553 1859.2944769171299 1120.628881348297 2577.5538342070067 2256.5677245076513 7559.2355359766516 1570.077129250858 7838.0052574092406 5862.6950813600561 11232.276355580892 1251.8833756470121 4452.0322375322576 1790.2084796298877 2496.6395418187603 296.57511407253332 649.39216293371283 4124.2166962060146 14965.19333340181 2715.5163601865061 12999.95302443672 18441.32602793118 38445.739212657791 2231.6561871257145 3971.2883768002503 1811.369493059814
leaf_count=13423 120714 12809 61309 17359 66479 98638 35186 2281 16630 7607 90522 3733 109249 40692 95726 4134 62660 16933 3835 1825 4124 10924 28292 7446 17706 31575 74206 6049 30526 4889
internal_value=0 0.015656 -0.0175068 -0.0241685 -0.0305287 -0.0278564 0.00337178 0.0106302 0.0103899 0.0116549 -0.0105902 -0.0297171 -0.038481 -0.0351897 -0.0397202 -0.0342257 -0.0201682 0.00120391 0.0122482 0.0376428 0.0195403 0.0115535 0.0121708 0.00712766 0.0155645 0.0114809 0.0176256 0.0278645 -0.014619 0.0321948
internal_weight=224800 118673 106127 79278 64411.5 60527.5 14866.5 108655 13007.2 105964 23075.2 2690.71 37452.3 32427.1 26564.4 18726.4 7494.12 3042.09 104756 2793.21 10429.6 101963 99706.3 40093.3 59612.9 33406.5 55488.7 17043 6686.8 14811.3
internal_count=1097481 257126 840355 719641 646342 579863 73299 244317 38113 238303 151831 6014 428032 329394 288702 179453 83727 21067 224880 5660 21483 219220 211613 97839 113774 59867 102850 28644 37972 22595
cat_boundaries=0 1 40 79 109 120 150 190 191 225 249 250
cat_threshold=199 0 0 2 0 0 0 0 0 0 0 0 0 0 0 0 0 0 0 0 0 0 0 0 0 0 0 0 0 0 0 0 0 0 1082130432 512 67109376 0 8193 3221225472 0 0 0 0 0 0 0 0 0 0 0 0 0 0 0 0 0 0 0 0 0 0 0 0 0 0 0 0 0 2147483648 0 0 0 0 0 0 1073741825 0 33280 0 0 0 0 0 0 4194304 0 0 0 0 0 0 0 0 0 0 0 0 0 0 0 0 224 0 0 0 0 0 2147483648 0 0 0 0 0 0 0 0 0 0 8388608 0 0 0 0 4096 0 0 0 0 131072 8388608 0 0 0 0 0 0 0 0 0 0 0 0 0 0 0 0 0 0 2147483648 532480 0 0 0 0 0 0 0 0 0 0 0 0 0 0 0 0 0 0 0 0 0 0 0 0 0 0 0 0 0 0 0 0 0 0 0 0 0 0 262144 524320 0 0 1024 0 0 0 0 0 0 0 262144 0 0 128 0 0 0 0 0 0 0 0 0 0 0 0 0 0 0 0 0 0 0 49152 0 0 0 0 4096 0 0 0 0 0 0 0 0 0 0 0 0 0 0 0 0 0 0 64 68
is_linear=0
shrinkage=0.05


Tree=5
num_leaves=31
num_cat=13
split_feature=196 169 160 170 223 160 31 190 160 173 164 160 169 160 160 31 160 164 224 161 164 170 173 40 173 211 31 160 31 173
split_gain=23310.3 11208.9 4647.2 4878.92 2486.79 3761.28 1804.96 1629.27 1250.6 1162.2 919.045 1059.5 975.351 800.385 713.765 695.688 685.03 634.102 620.653 611.248 608.392 2065.9 643.752 571.67 554.279 551.121 562.657 540.723 869.963 507.038
threshold=0 1.0000000180025095e-35 1 1.0000000180025095e-35 1.0000000180025095e-35 2 1.0000000180025095e-35 1.0000000180025095e-35 3 8.5000000000000018 4 5 1.0000000180025095e-35 6 7 1.0000000180025095e-35 8 9 1.0000000180025095e-35 10 11 1.0000000180025095e-35 9.5000000000000018 1.0000000180025095e-35 9.5000000000000018 8.5000000000000018 1.0000000180025095e-35 12 1.0000000180025095e-35 11.500000000000002
decision_type=1 2 9 2 2 9 2 2 9 2 9 9 2 9 9 2 9 9 2 9 9 2 2 2 2 2 2 9 2 2
left_child=1 8 13 4 5 9 7 -5 -1 14 27 -12 15 24 -4 17 -9 -13 -17 -10 21 22 -21 -24 -2 -15 -27 28 -7 -19
right_child=2 -3 3 6 -6 10 -8 16 19 -11 11 12 -14 25 -16 18 -18 29 -20 20 -22 -23 23 -25 -26 26 -28 -29 -30 -31
leaf_value=-0.039168200583842641 0.027400474004576836 0.067987807675360154 0.0052375077560648572 -0.011318021027668877 -0.069720394651447415 -0.066443039097011117 -0.044281214090737916 0.027874377326512913 -0.014929132873744352 -0.022202282625629927 -0.05508980066293178 -0.057723924068819016 -0.010378527626705908 -0.0084146206723678049 -0.034377793223026983 -0.036403705392805345 -0.053103354794516104 -0.029305760947549733 -0.063558535792264378 0.0052238921697838527 0.01357722853924594 0.030400132834542133 -0.036516123318222446 -0.0042451132656834735 0.0013371938295988067 -0.015023639215681915 0.03553173622293803 -0.071784235928698148 0.0023899481228790175 -0.0023395559306060706
leaf_weight=1223.2783823455684 3913.6974797383882 9368.8307172246277 9649.9320334263612 5473.7658371066209 3647.5527919792803 1057.5782101715449 1798.504143152968 6933.0273128552362 2136.914944475051 11484.9156694751 5048.6109377719695 1162.0293038270902 5101.6731750725303 15795.997704754292 1278.203476307448 9774.6360175234149 262.91682331985794 4134.9709630576544 2683.85469525191 3542.5431141355075 87381.072340925457 4370.8724829540588 3062.5042906946037 2487.237174469512 4261.0647359079449 858.9527365018148 1529.7645358124282 2852.4267747799167 810.49022742570378 3014.2617049698019
leaf_count=13857 7471 12809 27388 26134 66479 15893 35186 9393 7607 116194 65003 23614 33543 85857 8249 114525 2586 30896 42391 9624 169120 6761 22707 14641 19492 4011 3883 75841 6904 19422
internal_value=0 0.015602 -0.0172825 -0.0235447 -0.0296755 -0.0271588 0.00258435 0.00923894 0.0108933 -0.0110914 -0.037249 -0.034079 -0.0299581 0.000814893 0.000575443 -0.0347812 0.0248765 -0.0235737 -0.0422562 0.0114908 0.0120522 0.00215116 -0.0114268 -0.0220558 0.0137997 -0.00502663 0.0173512 -0.0578899 -0.0363887 -0.0179129
internal_weight=216102 113573 102529 76169.4 61701.1 58053.6 14468.2 12669.7 104204 22413.1 35640.5 30920 25871.4 26359.5 10928.1 20769.8 7195.94 8311.26 12458.5 102981 100844 13463.2 9092.28 5549.74 8174.76 18184.7 2388.72 4720.5 1868.07 7149.23
internal_count=1097481 257126 840355 719641 646342 579863 73299 38113 244317 151831 428032 329394 264391 120714 35637 230848 11979 73932 156916 230460 222853 53733 46972 37348 26963 93751 7894 98638 22797 50318
cat_boundaries=0 1 40 79 90 120 160 199 238 239 263 297 321 322
cat_threshold=199 0 0 2 0 0 0 0 0 0 0 0 0 0 0 0 0 0 0 0 0 0 0 0 0 0 0 0 0 0 0 0 0 0 1082130432 512 67109376 0 8193 3221225472 0 0 0 0 0 0 0 0 0 0 0 0 0 0 0 0 0 0 0 0 0 0 0 0 0 0 0 0 0 2147483648 0 0 0 0 0 0 1073741825 0 33280 0 0 0 0 0 0 0 2097152 0 0 8388608 0 0 0 0 4096 0 0 0 0 131072 8388608 0 0 0 0 0 0 0 0 0 0 0 0 0 0 0 0 0 0 2147483648 8192 0 0 0 0 0 0 0 0 0 0 0 0 0 0 0 0 0 0 0 0 0 0 0 0 0 0 0 0 0 0 0 0 0 0 0 0 0 0 262144 0 0 2 0 0 0 0 0 0 0 0 0 0 0 0 0 0 0 0 0 0 0 0 0 0 0 0 0 0 0 0 0 0 8388608 0 67108864 0 1 2147483648 0 0 0 0 0 0 0 0 0 0 0 0 0 0 0 0 0 0 0 0 0 0 0 0 0 0 0 0 0 0 0 0 0 0 0 0 1 0 33280 524320 0 0 6 0 0 0 0 0 0 0 0 0 0 0 0 0 0 0 0 0 0 0 0 96 0 0 1024 0 0 0 0 0 0 0 262144 0 0 128 0 0 0 0 0 0 0 0 0 0 0 0 0 0 0 0 0 0 0 49152 0 0 6 0 0 0 0 0 0 0 0 0 0 0 0 0 0 0 0 0 0 0 0 64 8192
is_linear=0
shrinkage=0.05


Tree=6
num_leaves=31
num_cat=12
split_feature=160 169 180 223 163 160 176 196 167 164 169 164 164 161 160 160 173 164 172 31 164 171 173 40 211 224 164 173 31 222
split_gain=20104.2 9441.45 5533.63 3312.31 3171.36 3890.24 1182.18 1485.09 1127.83 2084.1 1040.68 1041.76 946.733 945.232 1048.47 925.885 724.655 893.721 804.526 672.443 551.897 1558.5 530.102 480.355 426.279 397.391 397.066 393.728 384.678 372.749
threshold=0 1.0000000180025095e-35 1.0000000180025095e-35 1.0000000180025095e-35 4.5000000000000009 1 1.0000000180025095e-35 2 1.0000000180025095e-35 3 1.0000000180025095e-35 4 5 6 7 8 11.500000000000002 9 1.0000000180025095e-35 1.0000000180025095e-35 10 1.0000000180025095e-35 9.5000000000000018 1.0000000180025095e-35 10.500000000000002 1.0000000180025095e-35 11 5.5000000000000009 1.0000000180025095e-35 1.0000000180025095e-35
decision_type=9 2 2 2 2 9 2 1 2 9 2 9 9 9 9 9 2 9 2 2 9 2 2 2 2 2 9 2 2 2
left_child=1 20 3 4 5 8 13 28 9 -2 19 -12 -11 -7 27 -5 17 -16 25 -6 21 -1 -23 -24 -14 -18 -21 -15 -8 -22
right_child=2 -3 -4 15 10 6 7 -9 -10 12 11 -13 24 14 16 -17 18 -19 -20 26 29 22 23 -25 -26 -27 -28 -29 -30 -31
leaf_value=0.026262770748930905 0.025086716254830888 0.065736535676688093 0.01360201522358947 0.039754765310498999 -0.06281934066836363 0.063525884657325449 -0.045699800899679399 -0.045246808559998471 -0.044132161506289479 -0.049642891779656237 -0.055281832549551414 -0.010226318691702173 -0.0047677104070983738 0.013905706344801483 0.031683602084885798 -0.067233110676983759 0.0055207126411366027 -0.032390840043580608 -0.042487865787548561 -0.026977351646674759 0.013384769495580626 0.0050571291985782455 -0.034238691815237261 -0.0038545112877263667 0.022581293219834118 -0.044089468653526705 -0.056156089384977383 -0.010709162747668916 0.0089003038769823808 -0.04402415491594177
leaf_weight=4402.5314767286181 7282.3886194049846 8830.2197901541367 15049.006711813854 209.83505030907691 4093.0009045885527 344.04297655075788 387.77615534700453 9478.3056599462288 1413.7351701187436 1132.6466456584167 1720.4799518105574 5020.3151422424708 23465.590747560957 2485.4145393578801 559.26819264818914 4062.5819782310282 4121.7615833738237 14791.119189993769 1414.1723957630456 3863.3823292785091 76755.173735002754 3411.2356655069161 2829.1136779376538 2408.5784341187682 1516.3519624196924 446.97605567879509 1723.1462228937307 4687.9828526825877 1906.303382543847 283.27820648113266
leaf_count=6761 10568 12809 30407 590 86737 435 4988 141221 29942 8851 26603 33168 115503 5787 1789 77204 22522 95838 19408 67440 159771 9624 22707 14641 4339 5002 37058 28909 14943 1916
internal_value=0 0.0163962 -0.0145889 -0.019004 -0.0170019 -0.0126671 -0.0231752 -0.0365341 -0.000397309 0.00145441 -0.0369148 -0.0218272 -0.00514357 -0.0177315 -0.0187292 -0.0620376 -0.024291 -0.0300556 -0.0095393 -0.0474196 0.0115615 0.00204535 -0.0102798 -0.020269 -0.00310582 0.000661782 -0.0361313 -0.00217658 -0.000333255 0.0131716
internal_weight=210096 98920.1 111176 96126.6 91854.2 75433.8 40623.1 11772.4 34810.7 33397 16420.3 6740.8 26114.6 28850.7 28506.7 4272.42 21333.3 15350.4 5982.91 9679.53 90089.9 13051.5 8648.93 5237.69 24981.9 4568.74 5586.53 7173.4 2294.08 77038.5
internal_count=1097481 228229 869252 838845 761051 510045 340842 161152 169203 139261 251006 59771 128693 179690 179255 77794 144559 97627 46932 191235 215420 53733 46972 37348 119842 27524 104498 34696 19931 161687
cat_boundaries=0 39 78 79 103 114 125 135 174 213 243 267 291
cat_threshold=0 0 6 0 4096 0 0 0 0 131072 0 0 0 0 0 0 0 0 0 0 0 0 0 224 0 0 0 0 0 0 0 0 0 41943040 512 67108864 0 1 2147483648 524320 0 0 0 0 0 0 0 0 0 0 0 0 0 0 0 0 0 0 0 0 0 0 0 0 0 0 0 0 2147483648 0 0 0 1073741824 0 512 1 8192 1073741824 9 0 0 0 0 4096 0 4194304 0 0 0 0 0 0 0 0 0 0 0 0 0 0 0 0 128 0 0 4 0 4096 0 0 0 0 131072 8388608 0 0 6 0 0 0 0 0 0 131072 8388608 0 0 4096 0 0 8388608 0 0 0 1 0 0 0 0 0 0 0 0 0 0 0 0 0 0 0 0 0 0 0 0 0 0 0 0 0 0 0 0 0 0 0 0 0 0 0 0 0 0 33280 0 0 0 0 0 0 0 0 0 0 0 0 0 0 0 0 0 0 0 0 0 0 0 0 0 0 0 0 0 0 0 0 0 0 0 512 0 0 1073741824 0 0 2 0 0 0 0 0 0 131072 8388608 0 0 0 0 0 0 0 0 0 0 0 0 32 0 0 0 0 0 2147483648 0 0 6 0 0 0 0 0 0 0 0 0 0 0 0 0 0 0 0 0 0 0 0 64 0 0 4 0 0 0 4194304 2097152 0 131072 0 0 0 0 0 0 0 0 0 0 0 0 0 192
is_linear=0
shrinkage=0.05


Tree=7
num_leaves=31
num_cat=12
split_feature=196 169 160 170 223 160 31 164 174 160 164 160 169 160 31 211 31 160 31 160 31 176 174 174 193 165 160 164 166 177
split_gain=17316 9046.77 3612.96 3784.64 1920.87 2909.53 1380.52 1150.31 920.238 896.016 685.225 824.371 709.65 649.898 564.511 470.745 490.911 462.242 723.187 459.938 731.968 573.153 486.391 791.993 552.882 457.559 431.344 424.769 406.445 405.856
threshold=0 1.0000000180025095e-35 1 1.0000000180025095e-35 1.0000000180025095e-35 2 1.0000000180025095e-35 3 270.00000000000006 4 5 6 1.0000000180025095e-35 7 1.0000000180025095e-35 7.5000000000000009 1.0000000180025095e-35 8 1.0000000180025095e-35 9 1.0000000180025095e-35 1.0000000180025095e-35 230.00000000000003 250.00000000000003 1.0000000180025095e-35 25.000000000000004 10 11 75.000000000000014 1.0000000180025095e-35
decision_type=1 2 9 2 2 9 2 9 2 9 9 9 2 9 2 2 2 9 2 9 2 2 2 2 2 2 9 9 2 2
left_child=1 9 13 4 5 8 7 -5 -4 -1 17 -12 14 15 27 -2 -17 18 -7 20 21 22 24 -24 25 -11 -10 -13 -16 -22
right_child=2 -3 3 6 -6 10 -8 -9 26 19 11 12 -14 -15 28 16 -18 -19 -20 -21 29 -23 23 -25 -26 -27 -28 -29 -30 -31
leaf_value=-0.035784393076476254 -0.010221970005633029 0.063634823832230458 -0.0050328987599916044 -0.024220147375329792 -0.064921102685072299 -0.062509654567165493 -0.041404760471622726 0.015060997671910112 -0.017802988613727182 0.0084236158063518991 -0.05143604908514457 -0.052335148726927697 -0.010836609942810438 0.010802061848716106 -0.044175148570144145 -0.016607229747066719 0.025073833411828578 -0.067474190860101479 0.0036816509781895847 0.0079478974823574619 0.010216901990130889 0.0027219153594622266 0.071581392506620267 0.024001968400812115 0.075668645693552347 0.049999478228927891 -0.048815379283344042 -0.016719646459399686 -0.021187557359860179 -0.036768560082864207
leaf_weight=1072.842619009316 12003.391507674183 8342.8157980535179 16765.337896910962 2279.303332176758 3155.7857617664267 917.75745097373147 1613.3926399901975 10027.781413489487 2951.7262659936096 3558.308637063019 4390.9523378710728 961.62289639888331 4908.1743380320258 9853.0054868294392 8893.5076206498197 1052.2198301786557 2146.7212517429143 2448.4756928908173 749.11242869589478 74180.984246444539 14892.662614472443 2121.54023148329 1623.9696050388739 1897.4498024110217 428.22502871975303 812.68735536560416 1843.9434214663925 6436.8641861663782 2456.3716502652969 473.71676051430404
leaf_count=13857 72670 12809 79658 16630 66445 15893 35186 21483 34529 7238 65003 23614 33543 36434 119228 5478 5667 75841 6904 182505 26548 5622 1640 3915 612 1446 38143 50318 37688 934
internal_value=0 0.0135928 -0.0155141 -0.0212888 -0.0270107 -0.0247831 0.0020756 0.00777749 -0.0105534 0.00946283 -0.0343078 -0.0314789 -0.0277532 0.000805642 -0.032196 -0.00567594 0.0113618 -0.0534575 -0.0325719 0.00995112 0.0157032 0.0259239 0.0318387 0.0459526 0.0214779 0.0161597 -0.0298711 -0.021446 -0.0392017 0.00876695
internal_weight=205261 109405 95855.4 70800.1 56879.6 53723.8 13920.5 12307.1 21561 101062 32162.8 28047.5 23656.5 25055.3 18748.4 15202.3 3198.94 4115.35 1666.87 99989.5 25808.6 10442.2 8320.64 3521.42 4799.22 4371 4795.67 7398.49 11349.9 15366.4
internal_count=1097481 257126 840355 720106 646807 580362 73299 38113 152330 244317 428032 329394 264391 120249 230848 83815 11145 98638 22797 230460 47955 20473 14851 5555 9296 8684 72672 73932 156916 27482
cat_boundaries=0 1 40 79 90 101 131 171 209 210 234 273 297
cat_threshold=199 0 0 2 0 0 0 0 0 0 0 0 0 0 0 0 0 0 0 0 0 0 0 0 0 0 0 0 0 0 2147483648 0 0 0 1082130432 512 67109376 0 8193 2147483648 0 0 0 0 0 0 0 0 0 0 0 0 0 0 0 0 0 0 0 0 0 0 0 0 0 0 0 0 0 0 0 0 0 0 0 0 1073741825 0 1073775104 0 0 6 0 4096 0 0 0 0 131072 8388608 0 0 0 0 0 0 0 2097152 0 0 8388608 0 0 0 0 4096 0 0 0 0 131072 8388608 0 0 0 0 0 0 0 0 0 0 0 0 0 0 0 0 0 0 2147483648 8192 0 0 0 0 0 0 0 0 0 0 0 0 0 0 0 0 0 0 0 0 0 0 0 0 0 0 0 0 0 0 0 0 0 0 0 0 0 0 262144 0 0 0 0 0 0 0 0 0 0 0 0 0 0 0 0 0 0 0 0 0 0 0 0 0 0 0 0 0 2147483648 0 0 0 1073741824 0 512 0 8192 8192 0 0 0 0 4096 0 0 0 0 131072 0 0 0 0 0 0 0 0 0 0 0 0 0 32 0 0 0 0 0 0 0 0 0 0 0 0 0 0 0 0 0 0 0 0 0 0 0 0 0 0 0 0 0 0 0 0 0 0 0 0 1073741825 0 1073741824 0 0 6 0 0 0 0 0 0 0 0 0 0 0 0 0 0 0 0 0 0 0 0 96
is_linear=0
shrinkage=0.05


Tree=8
num_leaves=31
num_cat=9
split_feature=196 169 160 170 223 160 31 190 160 173 164 160 169 173 223 160 182 176 176 160 173 40 165 222 173 170 165 166 173 160
split_gain=15093.3 8254.74 3112.25 3481.56 1710.78 2470.6 1239.79 1029.87 747.154 746.188 593.628 695.135 588.172 559.905 554.966 1810.34 1009.84 939.947 551.144 537.171 523.684 527.529 427.533 594.71 647.277 477.49 1429.36 1241.3 622.938 415.862
threshold=0 1.0000000180025095e-35 1 1.0000000180025095e-35 1.0000000180025095e-35 2 1.0000000180025095e-35 1.0000000180025095e-35 3 12.500000000000002 4 5 1.0000000180025095e-35 11.500000000000002 1.0000000180025095e-35 6 1.0000000180025095e-35 1.0000000180025095e-35 1.0000000180025095e-35 7 12.500000000000002 1.0000000180025095e-35 145.00000000000003 1.0000000180025095e-35 16.500000000000004 1.0000000180025095e-35 75.000000000000014 65.000000000000014 9.5000000000000018 8
decision_type=1 2 9 2 2 9 2 2 9 2 9 9 2 2 2 9 2 2 2 9 2 2 2 2 2 2 2 2 2 9
left_child=1 8 14 4 5 9 7 -5 -1 -4 29 -12 13 -13 16 -16 -2 -18 20 -9 21 -15 25 24 -24 26 -10 -27 -28 -7
right_child=2 -3 3 6 -6 10 -8 19 22 -11 11 12 -14 18 15 -17 17 -19 -20 -21 -22 -23 23 -25 -26 27 28 -29 -30 -31
leaf_value=-0.034566177921193229 -0.0021300479125364378 0.061900423979358569 -0.0050065035284157918 -0.009606095319698485 -0.062843779240933748 -0.03112488771721866 -0.039849296512029592 0.022689029721311954 0.0095838164201032822 -0.026401305968715524 -0.049210553448179213 -0.038453895730204996 -0.011303233508842192 0.034023945603545387 -0.06279695949906898 0.026202648054109618 0.04080361235416706 -0.012241368742876931 -0.033365606705694356 -0.052461468927632295 -0.020990151504132401 -0.04549297515980158 0.052653459450560193 -0.044017229830933424 -0.0078041940197919133 -0.016489428922434352 0.0038284671998461911 0.029681973583258289 -0.025635555097528202 -0.065233686744239239
leaf_weight=971.02806394948857 18487.607209338254 7918.9083114615642 15662.593580892833 4958.6121731439489 2954.5981368276989 1595.5088502085418 1535.0626791338436 6828.5407923562452 79925.338504663669 5508.8883749820525 4072.2322604379733 10342.525595172192 4878.2037065017503 1071.024085795274 1263.436209524516 1029.9375466096681 2879.1023805094883 1175.816860118648 3980.4376291089575 237.38736390322447 2260.5282966099912 258.48787739523686 1735.3124161753803 248.81691862433217 593.95059432135895 1846.1143595958129 3066.8149911318906 6875.9924426078796 4320.295386064332 2258.0569276206661
leaf_count=13423 91740 12809 70623 26134 66445 22797 35186 9393 167262 81707 65003 118350 33543 4133 16123 3060 4993 4333 77323 2586 27793 3249 2420 1818 1338 4836 8672 9948 34600 75841
internal_value=0 0.0127677 -0.0147207 -0.0202252 -0.0258371 -0.0237292 0.00245742 0.00786018 0.0088616 -0.0105692 -0.032785 -0.0301191 -0.0266866 -0.0308901 0.000441545 -0.0229882 0.00282606 0.0254212 -0.0205542 0.0201179 -0.00634556 0.018549 0.00929202 0.0293856 0.0372365 0.00875337 0.00763886 0.0199084 -0.0134032 -0.0512357
internal_weight=200741 107503 93238.6 68402.7 54843.1 51888.5 13559.6 12024.5 99583.7 21171.5 30717 26863.4 22791.2 17913 24835.9 2293.37 22542.5 4054.92 7570.48 7065.93 3590.04 1329.51 98612.6 2578.08 2329.26 96034.6 87312.4 8722.11 7387.11 3853.57
internal_count=1097481 257126 840355 720106 646807 580362 73299 38113 244317 152330 428032 329394 264391 230848 120249 19183 101066 9326 112498 11979 35175 7382 230894 5576 3758 225318 210534 14784 43272 98638
cat_boundaries=0 1 40 79 90 120 160 194 195 196
cat_threshold=199 0 0 2 0 0 0 0 0 0 0 0 0 0 0 0 0 0 0 0 0 0 0 0 0 0 0 0 0 0 2147483648 0 0 0 1082130432 512 67109376 0 8193 2147483648 0 0 0 0 0 0 0 0 0 0 0 0 0 0 0 0 0 0 0 0 0 0 0 0 0 0 0 0 0 0 0 0 0 0 0 0 1073741825 0 1073775104 0 0 0 0 0 0 0 0 0 0 8388608 0 0 0 0 4096 0 0 0 0 131072 8388608 0 0 0 0 0 0 0 0 0 0 0 0 0 0 0 0 0 0 2147483648 8192 0 0 0 0 0 0 0 0 0 0 0 0 0 0 0 0 0 0 0 0 0 0 0 0 0 0 0 0 0 0 0 0 0 0 0 0 0 0 262144 0 0 0 0 0 0 0 0 0 0 0 0 0 0 0 0 0 0 0 0 0 0 0 0 0 0 0 0 0 0 0 0 0 1082130432 524320 8192
is_linear=0
shrinkage=0.05


Tree=9
num_leaves=31
num_cat=12
split_feature=160 169 180 160 164 167 164 223 196 161 223 163 160 160 163 165 176 223 160 31 160 176 163 31 160 173 182 167 40 164
split_gain=14012.4 7010.57 3529.18 2318.45 2588.53 1825.02 1878.86 1389.31 1182.84 747.142 645.251 652.001 611.131 498.802 480.99 964.905 797.383 682.3 788.282 708.951 485.447 446.805 500.039 775.41 430.114 417.663 382 373.826 372.284 371.545
threshold=0 1.0000000180025095e-35 1.0000000180025095e-35 1 2 1.0000000180025095e-35 3 1.0000000180025095e-35 4 5 1.0000000180025095e-35 4.5000000000000009 6 7 4.5000000000000009 75.000000000000014 1.0000000180025095e-35 1.0000000180025095e-35 8 1.0000000180025095e-35 9 1.0000000180025095e-35 4.5000000000000009 1.0000000180025095e-35 10 9.5000000000000018 1.0000000180025095e-35 1.5000000000000002 1.5000000000000002 11
decision_type=9 2 2 9 9 2 9 2 1 9 2 2 9 9 2 2 2 2 9 2 9 2 2 2 9 2 2 2 2 9
left_child=1 14 3 4 27 6 -6 8 9 -5 11 28 -12 -11 16 -16 17 18 19 -1 -18 22 29 -24 -21 -17 -19 -2 -8 -10
right_child=2 -3 -4 7 5 -7 10 -9 21 13 12 -13 -14 -15 15 25 20 26 -20 24 -22 -23 23 -25 -26 -27 -28 -29 -30 -31
leaf_value=0.030190946109570672 -0.04737837789212232 0.06024490221949011 0.01006661821647175 0.061293385369208753 0.017524559219022736 -0.051619252498396884 -0.00071265661725234308 -0.063257566357403941 0.024542553568760173 -0.038366355649357128 0.032241816180334879 -0.023180977018410317 -0.057350325698838606 -0.013180974016917294 0.0090917960777530567 0.002486678052937587 0.0096040099146042293 0.011805689503475429 0.0035109600517447036 -0.00034687769271414098 -0.0092796957072275137 -0.044045881791737351 -0.062484638028725836 0.0068850209182638915 0.022566054301708209 -0.024598320840049211 -0.059453565141508458 0.074032713963322325 -0.017777562357895137 -0.024336959181718954
leaf_weight=14912.395086333621 4263.2347757679527 7520.8267029062845 14493.93492669845 308.88237540237606 9016.5028763807495 1985.9241507254774 20030.571068983059 2245.5668183875096 397.5121423038654 2197.2600308996625 225.25903784576803 5070.1411448820727 1111.3641075685446 18661.150599733694 31936.982010840205 2481.2436461835168 14165.463690485107 333.01117219310254 6147.7798703870503 3838.1409854032099 4470.3837535756174 5436.2842601733282 1893.8421261092881 511.36420536180958 4391.8156562256627 3336.6066308615264 430.88888022955507 63.898206396959722 3802.4314199052751 10707.126853733032
leaf_count=25909 98729 12809 30407 342 29468 47699 91531 54197 2038 31505 590 63980 23007 133630 59718 7338 31334 889 19487 7672 19815 102423 33256 5365 8744 30155 4359 512 28248 92325
internal_value=0 0.013943 -0.0127919 -0.0165614 -0.00872661 -0.00486068 -0.0024957 -0.0249817 -0.0228443 -0.0146964 -0.00846844 -0.00689998 -0.0424291 -0.0158523 0.00991589 0.00568008 0.0132002 0.0182388 0.0194557 0.0236793 0.00507395 -0.0319219 -0.0270651 -0.0477357 0.0119073 -0.0130468 -0.0283952 -0.0454709 -0.0034358 -0.0225856
internal_weight=196388 93965.5 102422 87928.3 45569.3 41242.2 39256.3 42359 40113.4 21167.3 30239.8 28903.1 1336.62 20858.4 86444.7 37754.8 48689.9 30054 29290.1 23142.4 18635.8 18946.1 13509.8 2405.21 8229.96 5817.85 763.9 4327.13 23833 11104.6
internal_count=1097481 228229 869252 838845 383764 284523 236824 455081 400884 165477 207356 183759 23597 165135 215420 97211 118209 67060 61812 42325 51149 235407 132984 38621 16416 37493 5248 99241 119779 94363
cat_boundaries=0 39 78 108 132 133 139 178 218 252 291 315 345
cat_threshold=0 0 6 0 4096 0 0 0 0 131072 0 0 0 0 0 0 0 0 0 0 0 0 0 224 0 0 0 0 0 0 0 0 0 41943040 512 67108864 0 1 2147483648 524320 0 0 0 0 0 0 0 0 0 0 0 0 0 0 0 0 0 0 0 0 0 0 0 0 0 0 0 0 2147483648 0 0 0 1073741824 0 512 1 8192 1073741824 0 0 6 0 4096 0 0 0 0 131072 8388608 0 0 0 0 0 0 0 0 0 0 0 0 0 0 0 0 0 0 2147483648 0 0 0 0 0 0 0 2097152 0 0 0 0 0 0 0 0 0 0 0 0 0 0 0 128 1035 0 0 4096 0 0 8388608 0 0 0 0 0 0 0 0 0 0 0 0 0 0 0 0 0 0 0 0 0 0 0 0 0 0 0 0 0 0 0 0 0 0 0 512 0 0 1073741824 0 0 0 0 0 0 0 0 0 0 0 0 0 0 0 0 0 0 0 0 0 0 0 0 0 0 0 0 0 0 0 0 0 0 0 0 0 0 0 327680 0 0 4 0 4096 0 0 0 0 131072 0 0 0 0 0 0 0 0 0 0 0 0 0 160 0 0 0 0 0 0 0 0 0 8388608 0 0 2 0 0 0 0 0 0 131072 0 0 0 0 0 0 0 0 0 0 0 0 0 32 0 0 0 0 0 0 0 0 0 33554432 512 0 0 0 2147483648 0 0 0 0 0 0 0 0 0 131072 0 0 0 0 0 0 0 0 0 0 0 0 0 32 0 0 2 0 0 0 4194304 0 0 131072 8388608 0 0 0 0 0 0 0 0 0 0 0 0 0 0 0 0 0 0 2147483648
is_linear=0
shrinkage=0.05


Tree=10
num_leaves=31
num_cat=2
split_feature=162 223 187 163 199 169 198 207 182 31 173 164 213 169 166 222 31 173 164 31 170 165 173 211 211 172 193 31 166 173
split_gain=8719.67 2787.68 2439.83 3200.6 2557.84 2089.46 1951.96 1045.01 1393.17 954.611 940.569 898.529 725.216 689.463 645.789 622.07 599.072 713.848 589.351 560.84 486.683 850.312 468.264 626.382 717.499 607.841 483.931 462.513 455.006 451.303
threshold=3.0000000000000004 1.0000000180025095e-35 1.0000000180025095e-35 4.5000000000000009 1.0000000180025095e-35 1.0000000180025095e-35 1.0000000180025095e-35 1.0000000180025095e-35 1.0000000180025095e-35 1.0000000180025095e-35 9.5000000000000018 0 1.0000000180025095e-35 1.0000000180025095e-35 175.00000000000003 1.0000000180025095e-35 1.0000000180025095e-35 2.5000000000000004 1 1.0000000180025095e-35 1.0000000180025095e-35 75.000000000000014 10.500000000000002 1.0000000180025095e-35 7.5000000000000009 1.0000000180025095e-35 1.0000000180025095e-35 1.0000000180025095e-35 65.000000000000014 11.500000000000002
decision_type=2 2 2 2 2 2 2 2 2 2 2 9 2 2 2 2 2 2 9 2 2 2 2 2 2 2 2 2 2 2
left_child=1 2 4 9 6 14 7 12 10 11 -9 -4 20 27 -2 -16 29 -18 -15 -14 21 22 23 25 -25 -1 -27 -5 -22 -6
right_child=5 -3 3 13 16 -7 -8 8 -10 -11 -12 -13 19 18 15 -17 17 -19 -20 -21 28 -23 -24 24 -26 26 -28 -29 -30 -31
leaf_value=-0.0084492679552304936 -0.0031780336227082706 -0.040305864339611586 -0.025308862838276117 -0.055805990444227307 -0.027487643919791645 0.058602872813944412 -0.032902685296895315 8.1276975929342425e-05 0.024379221469114275 -0.036451665225054337 -0.017502282876167084 0.012927629191946011 -0.048892924893818655 -0.04770296725484343 0.042467021134258529 -0.042811213572186507 0.045586157052429611 -0.046997045703024765 -0.010776792649851284 -0.0023229944778348933 -0.0064106367893096844 -0.012991835240025729 0.010450554954318483 -0.045300255981430136 0.0044704764167933508 0.0072190052150371111 0.068323099090856557 -0.031462619418903513 0.024374882356653992 0.0025956097076182071
leaf_weight=7036.3645905747544 2311.1951147280633 4802.7550109992735 1807.3411046677502 3313.192318165733 2890.5169842296455 7144.0299490657635 3794.1837955045921 17545.519151683489 3842.1313559038099 1413.3945579504361 13422.909211030754 9941.8645015620859 1006.9363838792779 1395.6462066821987 2137.9670965201221 237.14761121454649 221.55975023913197 3348.515670973371 4764.0628964665812 1805.3207201728947 1474.7811499168165 5698.355242829537 45023.427778904384 1389.1714355670847 1511.4727578391321 29396.147261300008 327.16976544633508 4757.7342417227337 6436.7509642885998 2191.2625391449546
leaf_count=20241 9543 85628 15297 86642 27461 12809 50673 64135 9326 35186 147566 22816 11902 26603 3996 1916 521 52526 33168 16422 4836 37891 119507 7278 4914 60024 586 104187 9135 14746
internal_value=0 -0.00272475 -0.00169766 -0.0154075 0.00083369 0.0415844 0.00246751 0.00345504 -0.00401665 0.00236298 -0.00754011 0.00703405 0.00602758 -0.0318441 0.0156362 0.0339429 -0.0255473 -0.0412443 -0.0192423 -0.019005 0.00674393 0.00570285 0.00696094 0.00299924 -0.0193676 0.00476455 0.00789289 -0.0414593 0.0186355 -0.0145158
internal_weight=192389 180558 175756 27393.2 148362 11830.3 139711 135916 34810.6 13162.6 30968.4 11749.2 101106 14230.6 4686.31 2375.11 8651.85 3570.08 6159.71 2812.26 98293.6 90382.1 84683.8 39660.3 2900.64 36759.7 29723.3 8070.93 7911.53 5081.78
internal_count=1097481 1069217 983589 323899 659690 28264 564436 513763 221027 73299 211701 38113 292736 250600 15455 5912 95254 53047 59771 28324 264412 250441 212550 93043 12192 80851 60610 190829 13971 42207
cat_boundaries=0 10 21
cat_threshold=0 0 6 0 4096 0 0 0 0 131072 0 0 4 0 4096 0 0 0 0 131072 8388608
is_linear=0
shrinkage=0.05


Tree=11
num_leaves=31
num_cat=10
split_feature=160 169 180 223 163 160 195 160 169 164 164 196 176 173 167 195 164 31 163 165 176 223 160 31 160 173 182 211 197 160
split_gain=11543.6 5746.18 2782.7 1965.54 1903.37 2504.94 1627.68 669.244 621.243 533.459 504.972 501.277 712.538 600.053 497.511 438.775 462.762 420.034 368.26 824.252 683.997 497.079 558.257 658.195 394.631 386.781 357.418 340.997 337.147 325.457
threshold=0 1.0000000180025095e-35 1.0000000180025095e-35 1.0000000180025095e-35 4.5000000000000009 1 1.0000000180025095e-35 2 1.0000000180025095e-35 3 4 5 1.0000000180025095e-35 14.500000000000002 1.0000000180025095e-35 1.0000000180025095e-35 6 1.0000000180025095e-35 4.5000000000000009 75.000000000000014 1.0000000180025095e-35 1.0000000180025095e-35 7 1.0000000180025095e-35 8 10.500000000000002 1.0000000180025095e-35 9.5000000000000018 1.0000000180025095e-35 9
decision_type=9 2 2 2 2 9 2 9 2 9 9 1 2 2 2 2 9 2 2 2 2 2 9 2 9 2 2 2 2 9
left_child=1 18 3 4 5 6 10 -5 17 -10 -2 13 15 -7 27 16 -13 -6 20 -20 21 22 23 -1 -22 -21 -23 -12 -15 -25
right_child=2 -3 -4 7 8 11 -8 -9 9 -11 14 12 -14 28 -16 -17 -18 -19 19 25 24 26 -24 29 -26 -27 -28 -29 -30 -31
leaf_value=0.02821240238486665 -0.043793684331363381 0.05709080606061967 0.0086809305702956908 0.03662024659452124 -0.054186889578376418 -0.018251546294964442 0.02132250250913862 -0.058687788051255012 -0.046537444182637056 -0.010650391841238428 -0.0054981256178352174 0.033241903566506026 -0.03948077327909795 -0.0030852394586555923 -0.038919966065961022 -0.067083459805195436 -0.019326043019357139 -0.03046851545961872 0.0087205701508611729 0.0012695335130533175 -0.010597792271161088 0.016353642898911155 0.0042779412688879219 -0.000607546936086738 0.0082132530502035377 -0.025087266691522316 -0.056837966533767229 0.016030563502291078 0.038167705468421992 0.0196238268044833
leaf_weight=14123.832095501712 865.20024667965481 6802.1465990040451 14128.111297935713 192.40564526710659 3125.656786864507 6645.1879022816429 6424.5824568042299 3098.2709050819976 1325.1830522330711 4711.738300080644 26647.05662079819 423.13396406499669 6149.060355272115 1325.8030948844971 1057.9967399601592 465.74128573294729 14369.922808530857 4645.5677627088153 31278.925645988667 2731.7416980250273 3431.6615925413789 293.39713567355648 5818.0240338396979 3710.1610263613984 14693.043019245495 2836.7085531479679 385.26589142740704 1975.0986062027514 789.88470553746447 4280.8987210518681
leaf_count=25909 8155 12809 30407 528 86737 37482 11176 77266 26603 33168 152684 1632 120560 15991 28633 5511 119820 104498 59718 9989 15071 889 19487 7672 36078 27504 4359 6035 2366 8744
internal_value=0 0.0128986 -0.0118523 -0.0152976 -0.0137573 -0.01028 -0.00155189 -0.0531759 -0.0306636 -0.0186268 -0.00636399 -0.020968 -0.0250987 -0.0108556 -0.00525547 -0.019318 -0.0178116 -0.0400118 0.0093033 0.00556519 0.0122503 0.0170646 0.0180921 0.0217142 0.00464986 -0.0121574 -0.0251999 -0.00401209 0.0123194 0.0102543
internal_weight=188751 90385.8 98365.6 84237.5 80946.8 67138.7 36969.9 3290.68 13808.1 6036.92 30545.4 30168.7 21407.9 8760.88 29680.2 15258.8 14793.1 7771.22 83583.7 36847.4 46736.3 28611.6 27932.9 22114.9 18124.7 5568.45 678.663 28622.2 2115.69 7991.06
internal_count=1097481 228229 869252 838845 761051 510045 206683 77794 251006 59771 195507 303362 247523 55839 187352 126963 121452 191235 215420 97211 118209 67060 61812 42325 51149 37493 5248 158719 18357 16416
cat_boundaries=0 39 78 114 125 155 156 186 220 254 278
cat_threshold=0 0 6 0 4096 0 0 0 0 131072 0 0 0 0 0 0 0 0 0 0 0 0 0 224 0 0 0 0 0 0 0 0 0 41943040 512 67108864 0 1 2147483648 524320 0 0 0 0 0 0 0 0 0 0 0 0 0 0 0 0 0 0 0 0 0 0 0 0 0 0 0 0 2147483648 0 0 0 1073741824 0 512 1 8192 32768 0 0 0 0 0 0 0 0 0 0 0 0 0 0 0 0 0 0 0 0 0 0 0 0 0 0 0 0 0 0 0 0 0 0 0 512 0 0 4 0 4096 0 0 0 0 131072 8388608 0 0 6 0 0 0 0 0 0 131072 8388608 0 0 0 0 0 0 0 0 0 0 0 0 0 0 0 0 0 0 2147483648 75 0 0 0 0 4096 0 0 0 0 131072 8388608 0 0 0 0 0 0 0 0 0 0 0 0 0 0 0 0 0 0 2147483648 0 0 4 0 4096 0 0 0 0 131072 0 0 0 0 0 0 0 0 0 0 0 0 0 160 0 0 0 0 0 0 0 0 0 8388608 0 0 4 0 4096 0 0 0 0 0 0 0 0 0 0 0 0 0 0 0 0 0 0 0 0 0 0 0 0 0 0 0 0 8388608 0 0 0 0 0 0 0 0 0 131072 0 0 0 0 0 0 0 0 0 0 0 0 0 32
is_linear=0
shrinkage=0.05


Tree=12
num_leaves=31
num_cat=1
split_feature=162 200 171 223 169 198 224 182 207 174 176 174 169 166 222 164 174 167 170 165 40 31 174 206 31 199 206 31 221 174
split_gain=6980.41 2292.53 3445.87 2230.39 1833.73 1690.57 1735.75 1149.24 697.772 1331.11 741.751 718.142 550.298 462.371 517.885 457.038 453.226 451.793 437.299 763.332 430.613 391.267 382.848 438.927 382.683 381.877 359.447 355.57 352.598 348.045
threshold=3.0000000000000004 1.0000000180025095e-35 1.0000000180025095e-35 1.0000000180025095e-35 1.0000000180025095e-35 1.0000000180025095e-35 1.0000000180025095e-35 1.0000000180025095e-35 1.0000000180025095e-35 230.00000000000003 1.0000000180025095e-35 150.00000000000003 1.0000000180025095e-35 175.00000000000003 1.0000000180025095e-35 0 350.00000000000006 1.0000000180025095e-35 1.0000000180025095e-35 75.000000000000014 1.0000000180025095e-35 1.0000000180025095e-35 250.00000000000003 1.0000000180025095e-35 1.0000000180025095e-35 1.0000000180025095e-35 1.0000000180025095e-35 1.0000000180025095e-35 1.0000000180025095e-35 210.00000000000003
decision_type=2 2 2 2 2 2 2 2 2 2 2 2 2 2 2 9 2 2 2 2 2 2 2 2 2 2 2 2 2 2
left_child=1 2 3 5 13 6 7 8 9 10 26 -10 24 -2 16 -14 -15 20 19 -3 22 -8 23 -11 -4 -24 -1 -5 -9 -21
right_child=4 18 12 27 -6 -7 21 28 11 17 -12 -13 15 14 -16 -17 -18 -19 -20 29 -22 -23 25 -25 -26 -27 -28 -29 -30 -31
leaf_value=-0.014330479214220669 -0.002246290040878869 0.0081762579896835965 -0.052773015636283706 -0.051209161732096747 0.055708373456235853 -0.03462900648659948 -0.0080375687564034973 0.014081335432087783 0.0017883103433899974 0.014581155464576116 0.0043473162822318537 -0.013951288562325021 -0.044924432068338224 0.049355803121747033 -0.0426129545528523 -0.011072027713034747 -0.0069388919796801261 -0.032352959744031788 0.018388794562485815 0.00068478482697338985 0.0041337746472215704 -0.053433112908926356 0.013070313789943578 0.048942770506117741 -0.029631315054954466 -0.030628773602200784 0.00099563992342436864 -0.022157605437578796 0.043843127191052156 -0.024536100189057983
leaf_weight=16765.705481084035 2193.9050530372187 31206.558365599019 2960.151808065013 2398.5384870446287 6469.1796899687033 3761.1813447308377 638.85707085044123 7257.0805668889079 12331.603273945628 2157.223497181898 12779.818015920639 17573.845072132128 1266.7365882389131 1668.8241640115157 223.65182184905279 4666.0457516020397 454.64950403664261 654.97007010929519 7524.3072724684607 2704.1954404469579 17364.149442927737 1851.6840103432478 11449.543564735621 1633.9074042184511 4517.3883659619023 522.23830032045953 4955.8637010710081 1881.2470913759316 1153.3545183227398 2766.8194755821023
leaf_count=94685 9543 59726 86642 44254 12809 50673 4977 16086 39694 8223 40616 172007 26603 2756 1916 33168 1240 21020 13971 10120 69828 42391 36757 3311 104187 5539 13361 41374 2233 27771
internal_value=0 -0.00243303 -0.00576558 -0.00301676 0.038613 -0.00167299 -0.00053654 0.000427538 -0.00109187 0.00169749 -0.00521023 -0.00746093 -0.0297735 0.0142543 0.0296771 -0.0183984 0.0373016 0.00875244 0.00740881 0.00515594 0.00956578 -0.0417945 0.0155489 0.0293962 -0.0387961 0.0111624 -0.0108336 -0.0384443 0.0181656 -0.0120702
internal_weight=185753 174743 130541 117131 11010.2 112851 109090 106599 98188.9 68283.4 34501.4 29905.4 13410.3 4541.03 2347.13 5932.78 2123.47 33782 44201.9 36677.6 33127.1 2490.54 15762.9 3791.13 7477.54 11971.8 21721.6 4279.79 8410.44 5471.01
internal_count=1097481 1069217 957629 707029 28264 621401 570728 523360 505041 293340 148662 211701 250600 15455 5912 59771 3996 144678 111588 97617 123658 47368 53830 11534 190829 42296 108046 85628 18319 37891
cat_boundaries=0 11
cat_threshold=0 0 4 0 4096 0 0 0 0 131072 8388608
is_linear=0
shrinkage=0.05


Tree=13
num_leaves=31
num_cat=6
split_feature=196 169 163 223 196 182 164 31 169 165 222 164 211 173 204 173 170 165 173 31 166 198 224 31 31 31 176 161 40 161
split_gain=9149.39 5112.2 1700.76 1506.16 1679.74 781.757 777.371 1237.07 499.341 480.816 499.255 393.865 388.122 450.077 505.759 383.66 370.878 706.415 374.272 368.142 365.089 349.103 355.579 412.534 344.787 312.492 307.126 298.469 273.344 264.52
threshold=0 1.0000000180025095e-35 4.5000000000000009 1.0000000180025095e-35 1 1.0000000180025095e-35 2 1.0000000180025095e-35 1.0000000180025095e-35 145.00000000000003 1.0000000180025095e-35 3 8.5000000000000018 9.5000000000000018 1.0000000180025095e-35 11.500000000000002 1.0000000180025095e-35 75.000000000000014 8.5000000000000018 1.0000000180025095e-35 65.000000000000014 1.0000000180025095e-35 1.0000000180025095e-35 1.0000000180025095e-35 1.0000000180025095e-35 1.0000000180025095e-35 1.0000000180025095e-35 4 1.0000000180025095e-35 5
decision_type=1 2 2 2 1 2 9 2 2 2 2 9 2 2 2 2 2 2 2 2 2 2 2 2 2 2 2 9 2 9
left_child=1 9 3 4 5 6 7 -2 24 16 -11 -10 13 14 -8 21 17 27 -19 -14 -18 22 23 -6 -4 -5 -7 -1 -20 -29
right_child=2 -3 8 25 15 26 12 -9 11 10 -12 -13 19 -15 -16 -17 20 18 28 -21 -22 -23 -24 -25 -26 -27 -28 29 -30 -31
leaf_value=0.057874663505916482 0.017532178027810739 0.054442721008356898 -0.051189611899366209 -0.050467326129913628 -0.028734794082147592 0.027414524812946553 -0.0020234145182795615 -0.041363571329453452 -0.043123894674114462 0.039254417101837288 -0.041775485826964519 -0.011086561983057207 -0.016321638747064281 -0.01497756909087015 -0.033996304821418327 -0.012137908278599053 -0.0059966492320484115 0.0057888752240939888 -0.030762507287672675 0.025579459440455823 0.02233794219580201 -0.044267404726407229 -0.047404903435406764 -0.0011514925132077966 -0.028744098270024356 -0.02283775323167421 -0.005242345188949925 -0.021085703997455546 -0.0048991150731694261 0.0073523836605152923
leaf_weight=279.82335011288524 6788.2124539094511 6165.0735008842312 2800.4610305596725 2316.766331706167 3192.2345095262572 2797.3009908478707 20377.179340269999 1025.8786697572214 1208.3602146576741 1885.0113375429064 210.94189874199219 4641.8314157695277 773.24788962630555 16210.590875604074 1316.335821577406 6215.2733197481721 1382.0390175348148 2399.992177605629 2254.6164833162911 1624.6634548883885 6396.0012790821493 2477.6246283319197 1165.4997327590245 2356.3995134726865 4410.0669497019844 1836.9483635017241 968.90377559186891 817.4446289211046 1869.0364274265012 74750.45361491933
leaf_count=342 11994 12809 86642 44254 32134 4993 79453 30054 26603 3758 1818 33168 4011 177253 7482 86537 4836 6909 22528 3883 9948 25760 21388 14852 104187 41374 4333 4055 13835 176288
internal_value=0 0.0103619 -0.0120669 -0.00903521 -0.00723123 -0.00292307 -0.0046409 0.00978469 -0.0286584 0.0074166 0.031089 -0.0178005 -0.00743865 -0.00867474 -0.00396446 -0.0217218 0.006866 0.00588034 -0.00990719 0.0120651 0.0173026 -0.0282244 -0.0223006 -0.0170227 -0.0374652 -0.0382538 0.0190122 0.00723835 -0.0190432 0.00704181
internal_weight=182914 98410.4 84503.8 71443.1 67289.3 51882.3 48116.1 7814.09 13060.7 92245.4 2095.95 5850.19 40302 37904.1 21693.5 15407 90149.4 82371.4 6523.65 2397.91 7778.04 9191.76 6714.13 5548.63 7210.53 4153.71 3766.2 75847.7 4123.65 75567.9
internal_count=1097481 257126 840355 589755 504127 323456 314130 42048 250600 244317 5576 59771 272082 264188 86935 180671 238741 223957 43272 7894 14784 94134 68374 46986 190829 85628 9326 180685 36363 180343
cat_boundaries=0 1 2 26 37 43 77
cat_threshold=199 3104 0 0 0 0 0 0 4194304 0 0 0 0 0 0 0 0 0 0 0 0 0 0 0 0 128 0 0 4 0 4096 0 0 0 0 131072 8388608 0 0 4096 0 0 8388608 0 0 1024 0 0 0 0 0 0 0 0 0 0 128 0 0 0 0 0 0 0 0 0 0 0 0 0 0 0 0 0 0 0 16384
is_linear=0
shrinkage=0.05


Tree=14
num_leaves=31
num_cat=10
split_feature=160 162 160 164 196 223 174 163 195 160 180 160 195 161 174 176 167 160 170 221 210 164 195 40 211 160 174 31 174 224
split_gain=9550.91 2954.16 2198.24 1667.67 1551.41 1438.26 1192.54 1148.56 1080.1 576.127 564.812 559.967 442.235 424.484 388.168 358.924 347.919 318.093 676.871 383.572 362.026 312.217 258.041 242.264 279.402 367.229 318.864 307.178 237.684 236.211
threshold=0 3.0000000000000004 1 2 3 1.0000000180025095e-35 210.00000000000003 4.5000000000000009 1.0000000180025095e-35 4 1.0000000180025095e-35 5 1.0000000180025095e-35 6 230.00000000000003 1.0000000180025095e-35 1.0000000180025095e-35 7 1.0000000180025095e-35 1.0000000180025095e-35 1.5000000000000002 8 1.0000000180025095e-35 1.5000000000000002 7.5000000000000009 9 150.00000000000003 1.0000000180025095e-35 330.00000000000006 1.0000000180025095e-35
decision_type=9 2 9 9 1 2 2 2 2 9 2 9 2 9 2 2 2 9 2 2 2 9 2 2 2 9 2 2 2 2
left_child=1 17 6 -4 14 7 11 8 10 -7 13 12 21 -6 -5 -3 23 18 20 -19 -1 -2 -8 24 25 26 -15 -26 -12 -16
right_child=2 15 3 4 5 9 22 -9 -10 -11 28 -13 -14 16 29 -17 -18 19 -20 -21 -22 -23 -24 -25 27 -27 -28 -29 -30 -31
leaf_value=-0.0044878062508628873 0.023529311313991805 0.046091176324178335 -0.051127886325695919 -0.028678232049998489 0.056547889134782439 0.038056041271105207 -0.041857367877508461 -0.019333728002211937 0.019913512000194238 -0.056223488594159682 0.0010830358406029592 -0.04073317646369784 -0.052818122644225862 0.016493226825490776 -0.0073947118189604671 0.026205724104439866 -0.035017274036690714 0.0096423185624961195 0.022543923958243152 0.029223332760284184 0.027807201644067466 -0.0094660122472693502 -0.067605641736848437 -0.014383457019594623 -0.013813588721539786 -0.0087444050273791842 -0.005239805078600477 0.022141539447538026 0.014515029875295987 -0.032376468092533105
leaf_weight=12651.910769456241 881.78303417982534 5795.3456140633207 2174.8339344784617 8328.8723946445971 262.58185704797506 175.26440844475292 4414.9848200969864 8512.0751711060875 6282.8961053390522 1650.9182859973516 8269.2474061530083 1748.7909296349972 493.68487327022012 3181.2416067193262 4999.5587141598226 3736.4228467884823 1006.0997007599799 56630.941643528058 3443.8364491080865 2616.5270835980773 931.15545675111935 3641.9064014456235 1251.5743747471133 5873.6724962075823 840.32922221603803 17524.299872323056 3593.4681867416948 2022.8869859187398 5474.1190993497148 1167.0618706480018
leaf_count=66442 6079 13288 63741 94134 342 590 105490 135319 9998 47462 19494 16775 9047 7599 60557 11447 28792 124205 5117 5350 2380 26341 26894 44760 4547 96920 23079 4399 10913 25980
internal_value=0 0.0120536 -0.0110297 -0.00803402 -0.00684344 -0.00352766 -0.030605 -0.00225682 0.000418694 -0.047264 -0.00213058 -0.0164553 -0.00789217 -0.00556192 -0.0216226 0.0382985 -0.0060568 0.00877511 0.00274537 0.0105056 -0.00227259 -0.0030003 -0.0475507 -0.00517598 -0.00318451 -0.00492545 0.00495791 0.0115867 0.00643383 -0.0121257
internal_weight=179578 85806.1 93772.2 81339.4 79164.6 64669.1 12432.7 62842.9 54330.8 1826.18 48047.9 6766.17 5017.37 34304.6 14495.5 9531.77 34042 76274.4 17026.9 59247.5 13583.1 4523.69 5666.56 33035.9 27162.2 24299 6774.71 2863.22 13743.4 6166.62
internal_count=1097481 228229 869252 678626 614885 434214 190626 386162 250843 48052 240845 58242 41467 210438 180671 24735 210096 203494 73939 129555 68822 32420 132384 181304 136544 127598 30678 8946 30407 86537
cat_boundaries=0 39 79 109 110 149 188 194 229 240 274
cat_threshold=0 0 6 0 4096 0 0 0 0 131072 0 0 0 0 0 0 0 0 0 0 0 0 0 224 0 0 0 0 0 0 0 0 0 41943040 512 67108864 0 1 2147483648 8192 0 0 0 0 0 0 2097152 0 0 8388608 0 0 0 0 0 0 0 0 0 0 0 0 0 0 0 0 0 0 0 0 0 0 0 0 0 0 0 512 327680 0 0 2 0 0 0 0 0 0 131072 8388608 0 0 0 0 0 0 0 0 0 0 0 0 0 0 0 0 0 0 2147483648 536 0 0 0 0 0 0 0 0 0 0 0 0 0 0 0 0 0 0 0 0 0 0 0 0 0 0 0 0 0 0 0 0 0 0 0 512 0 0 1073741824 8192 0 0 0 0 0 0 0 0 0 0 0 0 0 0 0 0 0 0 0 0 0 0 0 0 0 0 0 0 0 0 0 0 0 0 0 0 0 512 0 0 4096 0 0 8388608 0 0 0 0 4096 0 0 0 0 0 0 0 0 0 0 0 0 0 0 0 0 0 0 128 0 0 0 0 0 0 0 0 0 33554432 512 0 0 6 0 4096 0 0 0 0 131072 8388608 524288 0 0 0 0 0 0 0 0 0 0 0 0 0 0 0 0 0 0 0 0 0 0 0 0 0 0 0 0 2147483648 0 0 0 1073741824
is_linear=0
shrinkage=0.05


Tree=15
num_leaves=31
num_cat=10
split_feature=160 169 160 164 195 196 223 173 164 160 160 31 160 203 180 163 165 164 160 222 173 176 195 167 195 31 165 177 173 223
split_gain=9117.91 3945.08 1904.04 1476.73 1409.38 1445.34 1303.41 1069.25 686.665 554.95 514.583 393.869 827.663 464.022 360.672 335.381 592.714 463.848 446.435 386.214 399.538 309.145 299.181 281.854 266.642 254.391 249.608 249.357 238.737 238.12
threshold=0 1.0000000180025095e-35 1 2 1.0000000180025095e-35 3 1.0000000180025095e-35 9.5000000000000018 4 5 6 1.0000000180025095e-35 7 1.0000000180025095e-35 1.0000000180025095e-35 4.5000000000000009 75.000000000000014 8 9 1.0000000180025095e-35 17.500000000000004 1.0000000180025095e-35 1.0000000180025095e-35 1.0000000180025095e-35 1.0000000180025095e-35 1.0000000180025095e-35 95.000000000000014 1.0000000180025095e-35 18.500000000000004 1.0000000180025095e-35
decision_type=9 2 9 9 2 1 2 2 9 9 9 2 9 2 2 2 2 9 9 2 2 2 2 2 2 2 2 2 2 2
left_child=1 15 7 -4 5 6 14 9 -6 24 -8 13 21 -7 -5 17 25 19 -19 20 26 -13 -9 -18 29 -17 -1 -20 -25 -2
right_child=2 -3 3 4 8 11 10 22 -10 -11 -12 12 -14 -15 -16 16 23 18 27 -21 -22 -23 -24 28 -26 -27 -28 -29 -30 -31
leaf_value=0.024464720399006896 0.00057670626816167328 0.052257122151913908 -0.049516317228202135 -0.0052182226806467905 0.017641108917034225 -0.008520793439055525 0.030782212936609848 -0.038305641191652244 -0.042906232126462357 -0.040805437728245415 -0.055219790945558345 -0.024860672556559396 -0.032709042776541547 -0.043220982364745149 0.004536575279069993 0.0026747200845600757 -0.016012796857711592 -0.0054031345711796405 0.012351483530176392 -0.043191040841666861 -0.0011299795116369677 0.002789888892686913 -0.065257239442781487 0.022980983462180065 -0.048962348346909733 0.011984448008818904 0.048152079790925867 -0.016823180005178916 -0.045468377172365237 -0.057860830037059885
leaf_weight=5166.5311081327964 3946.3749965969473 5654.6037883907557 2083.1497582399752 29529.973047563049 7016.9959381956141 10238.903003290383 192.22034543659538 4787.5055842930451 492.3457288480713 1470.6540593426907 1568.7023006943346 1532.6527380049811 9481.9036427457177 1063.1697823043214 13952.186703298474 12612.94648099225 4155.8884943206212 4402.7859003485646 29658.206269310205 215.16967011900852 1262.4157280707732 2966.3609014222748 1314.4560937500792 886.09719963045791 325.71229651174508 17551.073943872005 1418.810167261865 750.38591429195367 148.24661877867766 181.87141145177884
leaf_count=7541 24184 12809 63741 171220 16841 84829 590 113520 17303 13855 47462 20404 174035 14218 30407 28211 31067 17784 83069 1916 2907 37576 30704 3998 5237 31507 2655 2337 2428 3126
internal_value=0 0.0119261 -0.0108569 -0.00806943 -0.00695643 -0.00915 -0.00379544 -0.0294025 0.0136345 -0.0142938 -0.0459617 -0.0187225 -0.0243413 -0.0117872 -0.00208805 0.00901195 0.00540633 0.0119849 0.00947224 0.0227915 0.0246329 -0.00661557 -0.0441171 -0.0101997 -0.00543136 0.0080919 0.0295722 0.0116273 0.0131485 -0.00200327
internal_weight=176028 83883.2 92145.1 80118.6 78035.4 70526.1 45243.1 12026.6 7509.34 5924.61 1760.92 25283 13980.9 11302.1 43482.2 78228.6 35354.3 42874.3 34811.4 8062.93 7847.76 4499.01 6101.96 5190.23 4453.96 30164 6585.34 30408.6 1034.34 4128.25
internal_count=1097481 228229 869252 678626 614885 580741 249679 190626 34144 46402 48052 331062 232015 99047 201627 215420 97211 118209 103190 15019 13103 57980 144224 37493 32547 59718 10196 85406 6426 27310
cat_boundaries=0 39 79 109 110 134 173 212 249 273 297
cat_threshold=0 0 6 0 4096 0 0 0 0 131072 0 0 0 0 0 0 0 0 0 0 0 0 0 224 0 0 0 0 0 0 0 0 0 41943040 512 67108864 0 1 2147483648 8192 0 0 0 0 0 0 2097152 0 0 8388608 0 0 0 0 0 0 0 0 0 0 0 0 0 0 0 0 0 0 0 0 0 0 0 0 0 0 0 512 327680 0 0 2 0 0 0 0 0 0 131072 8388608 0 0 0 0 0 0 0 0 0 0 0 0 0 0 0 0 0 0 2147483648 3075 0 0 4 0 0 0 0 0 0 0 0 0 0 0 0 0 0 0 0 0 0 0 0 128 8192 0 0 0 0 0 0 0 0 0 0 0 0 0 0 0 0 0 0 0 0 0 0 0 0 0 0 0 0 0 0 0 0 0 0 0 0 0 512 0 0 0 0 0 0 0 0 0 0 0 0 0 0 0 0 0 0 0 0 0 0 0 0 0 0 0 0 0 0 0 0 0 0 0 512 0 0 1073741824 32 0 0 0 0 0 0 0 0 0 0 0 0 0 0 0 0 0 0 0 0 0 0 0 0 0 0 0 0 0 0 0 0 0 0 0 1073741824 0 0 0 0 4096 0 0 0 0 131072 0 0 0 0 0 0 0 0 0 0 0 0 0 64 0 0 4 0 4096 0 0 0 0 0 0 0 0 0 0 0 0 0 0 0 0 0 0 64
is_linear=0
shrinkage=0.05


Tree=16
num_leaves=31
num_cat=9
split_feature=196 169 163 195 223 182 172 164 31 169 211 176 164 173 196 164 170 164 176 31 173 40 161 173 31 164 176 224 166 161
split_gain=7174.71 3994.4 1418.34 1336.42 956.439 1138.29 727.857 585.341 509.133 431.402 349.794 331.02 311.731 297.435 565.096 351.72 289.177 654.307 286.823 277.534 270.485 294.396 269.699 292.301 265.702 248.727 246.562 285.685 244.635 243.808
threshold=0 1.0000000180025095e-35 4.5000000000000009 1.0000000180025095e-35 1.0000000180025095e-35 1.0000000180025095e-35 1.0000000180025095e-35 1 1.0000000180025095e-35 1.0000000180025095e-35 7.5000000000000009 1.0000000180025095e-35 2 7.5000000000000009 3 4 1.0000000180025095e-35 5 1.0000000180025095e-35 1.0000000180025095e-35 9.5000000000000018 1.0000000180025095e-35 6 15.500000000000002 1.0000000180025095e-35 7 1.0000000180025095e-35 1.0000000180025095e-35 55.000000000000007 8
decision_type=1 2 2 2 2 2 2 9 2 2 2 2 9 2 1 9 2 9 2 2 2 2 9 2 2 9 2 2 2 9
left_child=1 16 3 4 5 6 8 -5 -2 19 13 -12 -11 14 28 -15 17 20 -7 -4 -1 -22 23 -19 -6 -18 27 -10 -8 -24
right_child=2 -3 9 7 24 18 10 -9 26 12 11 -13 -14 15 -16 -17 25 22 -20 -21 21 -23 29 -25 -26 -27 -28 -29 -30 -31
leaf_value=0.0032833363322337288 -0.010133402206788041 0.051178483023820859 -0.048289595335875068 -0.047784231426098459 -0.04728336778057099 0.026751280602292378 0.001412961503499636 0.016489249683850876 -0.018798699091392104 -0.0049883587603890174 -0.012991362762713322 0.020932770336840073 -0.028771776070885265 0.038025749592400876 -0.033747582689102856 -0.013354570382070967 0.02051706175541488 -0.022115624686909658 -0.0054538364939862895 -0.027291024617556836 -0.028399989007459749 -0.0024083418642660073 0.056273567502024481 0.043667654883828927 -0.020419331351129354 -0.0033000255935790312 -0.045220480927659235 -0.058966643524304169 -0.019993331238251151 0.0076523674035952538
leaf_weight=3022.687418602407 4744.2410205213528 5387.2559921506327 2528.3280977152754 365.45949354651384 2031.0308468336298 2648.9514998970553 12912.882075111615 6366.4082195968367 3265.4770255259937 2909.0735336004291 1140.3418494298821 1944.2596210578922 2634.2970682018204 328.60883357631974 1420.3377132397145 23395.452438817534 6109.7228844179772 1307.1489199863281 934.93775951000862 4180.3913481002674 2314.2898686503759 2059.0942546647275 248.83129626885056 193.39150788774714 1686.9013886036992 1338.6077260652091 2233.2923133254517 512.00533498340519 1488.0011288409587 71674.353003106778
leaf_count=9732 43369 12809 86642 5608 44254 4993 43112 12566 30758 18907 5545 5600 40864 1675 10656 252170 9903 6728 4333 104187 22884 14762 342 879 41374 5054 60693 11107 11942 174033
internal_value=0 0.00938212 -0.0110288 -0.00818594 -0.0105306 -0.00892675 -0.0107581 0.0129495 -0.0223816 -0.0266794 -0.00782528 0.00838971 -0.016354 -0.0090903 -0.0037797 -0.0126315 0.0068319 0.00596293 0.0183489 -0.0352086 -0.00820543 -0.0161653 0.00739035 -0.0135322 -0.0351003 0.0162592 -0.0320464 -0.0242515 -0.000798604 0.00782884
internal_weight=173326 93655.4 79670.7 67418.6 60686.7 56968.8 53384.9 6731.87 10755 12252.1 42629.9 3084.6 5543.37 39545.3 15821.2 23724.1 88268.1 80819.8 3583.89 6708.72 7396.07 4373.38 73423.7 1500.54 3717.93 7448.33 6010.77 3777.48 14400.9 71923.2
internal_count=1097481 257126 840355 589755 571581 485953 476627 18174 145927 250600 330700 11145 59771 319555 65710 253845 244317 229360 9326 190829 47378 37646 181982 7607 85628 14957 102558 41865 55054 174375
cat_boundaries=0 1 11 41 42 53 77 111 135 141
cat_threshold=199 0 0 2 0 4096 0 0 0 0 131072 0 0 2 0 0 0 4194304 2097152 0 0 0 0 0 0 0 0 0 0 0 0 0 0 0 160 0 0 0 0 0 2147483648 1056 0 0 0 0 4096 0 4194304 0 0 0 8388608 0 0 6 0 0 0 0 0 0 0 0 0 0 0 0 0 0 0 0 0 0 0 0 64 0 0 1024 0 0 0 0 0 0 0 262144 0 0 128 0 0 0 0 0 0 0 0 0 0 0 0 0 0 0 0 0 0 0 49152 0 0 4 0 0 0 0 0 0 131072 0 0 0 0 0 0 0 0 0 0 0 0 0 64 0 0 4096 0 0 8388608
is_linear=0
shrinkage=0.05


Tree=17
num_leaves=31
num_cat=14
split_feature=160 162 180 170 160 223 167 161 164 160 159 224 160 176 160 164 223 195 164 167 164 164 173 211 173 160 176 170 160 173
split_gain=7042.88 2251.89 2024.08 1351.83 1250.85 893.106 645.047 625.752 498.649 468.884 456.32 444.529 366.516 304.936 267.07 815.195 575.946 355.259 489.619 282.079 416.56 300.792 332.064 239.802 288.491 903.849 239.018 225.45 622.506 326.406
threshold=0 3.0000000000000004 1.0000000180025095e-35 1.0000000180025095e-35 1 1.0000000180025095e-35 1.0000000180025095e-35 2 3 4 5 1.0000000180025095e-35 6 1.0000000180025095e-35 7 8 1.0000000180025095e-35 1.0000000180025095e-35 9 1.0000000180025095e-35 10 11 7.5000000000000009 7.5000000000000009 9.5000000000000018 12 1.0000000180025095e-35 1.0000000180025095e-35 13 10.500000000000002
decision_type=9 2 2 2 9 2 2 9 9 9 1 2 9 2 9 9 2 2 9 2 9 9 2 2 2 9 2 2 9 2
left_child=1 27 3 4 5 23 8 -6 12 -7 11 -9 -5 -3 15 -12 19 18 -16 21 -21 -17 -23 24 25 -2 -25 28 29 -1
right_child=2 13 -4 6 7 9 -8 10 -10 -11 14 -13 -14 -15 17 16 -18 -19 -20 20 -22 22 -24 26 -26 -27 -28 -29 -30 -31
leaf_value=0.0031162890506754881 0.00419390264201121 0.042381602640113182 0.0087594315441717214 0.02799784127704763 0.052602128278874595 0.030365642755297923 -0.032041756967112159 -0.010268216958163025 -0.0075688896054095581 -0.053372290953927787 -0.055902100502206689 -0.035883148952193654 0.0045776233719200627 0.023149501552586275 0.0067075078907179522 0.0038962252931943812 -0.058763354875490816 -0.061515496684599651 -0.034430472600685956 0.052658528243565428 -0.058388358988430894 -0.0066031899063990623 -0.026386948543305679 -0.011834783600679995 -0.013508120227685575 -0.028251046330809906 0.017074384787219902 0.016207564955665731 0.0084258398719226513 -0.018725892594572177
leaf_weight=3520.663106847438 10261.390585514484 5175.5511958857533 12604.721986533841 2884.7612181594595 268.52050873823464 185.34093309054151 1224.252396038908 9644.4580063464819 4103.8652264416451 1451.3656168403104 1614.0637836715905 2054.6515041033563 3983.8897948792437 3431.4270673114806 809.22373095387593 2089.7193143232726 812.94095479138196 1025.8097272788291 7021.1994707604754 90.500485821161419 654.52194896934088 3928.1701873682905 4613.1038820816902 1097.7937128995545 11347.811592916551 2703.3015404751641 2047.7445769272745 7034.2996523394249 59990.115212704288 3325.255962250114
leaf_count=13376 33131 13288 30407 4270 435 590 35195 68518 24805 47462 75841 47368 9057 11447 12103 20075 25716 28943 118623 957 18949 26395 88646 5545 120274 20347 5600 13943 144063 32112
internal_value=0 0.0105118 -0.00979401 -0.0128758 -0.0157948 -0.00814233 0.00237401 -0.0222156 0.00621567 -0.0440209 -0.0228164 -0.014756 0.0144423 0.0347165 -0.026969 -0.0225602 -0.0181003 -0.0338051 -0.0302137 -0.0152075 -0.044943 -0.0131212 -0.0172696 -0.00600572 -0.00768654 -0.00259028 0.00698321 0.00769279 0.00679644 -0.00748201
internal_weight=171000 82477.3 88523.1 75918.4 63721.6 29094.7 12196.8 34626.9 10972.5 1636.71 34358.4 11699.1 6868.65 8606.98 22659.3 13803 12189 8856.23 7830.42 11376 745.022 10631 8541.27 27458 24312.5 12964.7 3145.54 73870.3 66836 6845.92
internal_count=1097481 228229 869252 838845 765518 232949 73327 532569 38132 48052 532134 115886 13327 24735 416248 256579 180738 159669 130726 155022 19906 135116 115041 184897 173752 53478 11145 203494 189551 45488
cat_boundaries=0 39 78 88 112 151 152 153 192 222 232 239 263 302 326
cat_threshold=0 0 6 0 4096 0 0 0 0 131072 0 0 0 0 0 0 0 0 0 0 0 0 0 224 0 0 0 0 0 0 0 0 0 41943040 512 67108864 0 1 2147483648 0 0 0 0 0 0 0 0 0 0 0 0 0 0 0 0 0 0 0 0 0 0 0 0 0 0 0 0 0 2147483648 0 0 0 1073741824 0 512 1073741825 8192 1073774592 0 0 4096 0 0 8388608 0 0 0 1 0 0 0 0 0 0 4194304 0 0 0 8388608 0 0 0 0 0 0 0 0 0 0 0 0 128 0 0 0 0 0 0 0 0 0 0 0 0 0 0 0 0 0 0 0 0 0 0 0 0 0 0 0 0 0 0 0 0 0 0 0 512 0 0 1073741824 25600 32 524320 0 0 0 0 0 0 0 0 0 0 0 0 0 0 0 0 0 0 0 0 0 0 0 0 0 0 0 0 0 0 0 0 0 0 0 0 0 512 0 0 0 0 4096 0 0 0 0 131072 8388608 0 0 0 0 0 0 0 0 0 0 0 0 0 0 0 0 0 0 2147483648 0 0 4 0 4096 0 4194304 0 0 131072 0 0 4 0 0 0 4194304 0 0 0 0 0 0 0 2097152 0 0 0 0 0 0 0 0 0 0 0 0 0 0 0 128 0 0 0 0 0 0 0 0 0 0 0 0 0 0 0 0 0 0 0 0 0 0 0 0 0 0 0 0 0 0 0 0 0 1073741824 0 0 1 0 32768 0 0 0 0 4096 0 0 0 0 0 0 0 0 0 0 0 0 0 0 0 0 0 0 128
is_linear=0
shrinkage=0.05


Tree=18
num_leaves=31
num_cat=11
split_feature=160 169 180 170 223 160 195 160 161 173 160 159 169 224 164 40 31 164 31 170 164 164 40 173 195 31 172 160 40 222
split_gain=6382.33 3273.32 1795.94 1522.61 1263.2 1303.82 703.759 1105.87 551.377 514.366 591.881 419.029 466.468 374.133 345.923 296.385 294.123 258.608 226.697 209.004 669.889 246.72 236.46 241.25 202.451 196.797 236.366 234.974 194.798 191.358
threshold=0 1.0000000180025095e-35 1.0000000180025095e-35 1.0000000180025095e-35 1.0000000180025095e-35 1 1.0000000180025095e-35 2 3 14.500000000000002 4 5 1.0000000180025095e-35 1.0000000180025095e-35 6 1.0000000180025095e-35 1.0000000180025095e-35 7 1.0000000180025095e-35 1.0000000180025095e-35 8 9 1.0000000180025095e-35 9.5000000000000018 1.0000000180025095e-35 1.0000000180025095e-35 1.0000000180025095e-35 10 1.0000000180025095e-35 1.0000000180025095e-35
decision_type=9 2 2 2 2 9 2 9 9 2 9 1 2 2 9 2 2 9 2 2 9 9 2 2 2 2 2 9 2 2
left_child=1 19 3 4 5 9 14 -8 -7 -2 18 13 25 15 -5 -10 -15 -14 -11 20 22 -21 23 -1 -19 26 -13 -27 -4 -22
right_child=2 -3 28 6 -6 8 7 -9 11 10 -12 12 17 16 -16 -17 -18 24 -20 21 29 -23 -24 -25 -26 27 -28 -29 -30 -31
leaf_value=-0.0017664102600992481 -0.0035647380536140195 0.049253833035054873 0.013578624810820526 0.0013011415293266218 -0.052105012499508323 0.047503913631194217 0.022082550539686902 -0.056984705955438392 -0.0033375167558091544 -0.03339198450909691 -0.034448382019659253 0.018507011461844809 -0.0048853937969466008 -0.0034284112889503833 -0.024583071315837045 -0.021288764255358975 -0.046637941289159712 -0.021123796213600454 0.0035358064864113234 0.019739126555873385 0.0082935850014190654 -0.0041528508375742257 0.0018097871902370698 -0.027020193162807085 -0.061635175152092742 -0.013653090156963863 -0.044677990883388294 -0.033326768346730186 0.0010839703179650437 -0.041971839544542568
leaf_weight=1639.9269507352728 23260.868234956404 4951.5499279700452 6744.9168145791627 3228.129212319036 2308.7614017329761 275.11810364574194 5545.9926255480386 470.91125049139373 5451.0556541191181 506.08256800496019 3240.0438362574787 153.78537552536 2887.172407723323 542.62573209858965 2142.1823636271292 3977.6893939065048 1439.012455964199 2089.1906104396912 2313.0535504042637 5945.644847298041 63681.815613088082 1321.8258904644754 3344.008242830052 2235.1368185818428 361.82230394368526 2068.4950019256794 3711.8550320140785 6260.3944920085487 5804.9798111813143 189.38751238328405
leaf_count=5349 126866 12809 15416 15644 77266 474 11176 6998 36562 7676 62428 1162 18907 4977 39509 31917 42391 30991 17986 9875 162103 5054 18916 22707 9873 45918 104185 135571 14991 1784
internal_value=0 0.00982805 -0.00965711 -0.0126915 -0.0158319 -0.0144007 0.00408843 0.0158313 -0.0218744 -0.00694284 -0.0199204 -0.022551 -0.0274197 -0.0150512 -0.00906765 -0.0109118 -0.0348124 -0.0151049 -0.00308539 0.00733757 0.00651171 0.0154144 -0.00791916 -0.0163357 -0.0270074 -0.0328317 -0.042161 -0.0284989 0.00779987 0.00814286
internal_weight=168093 83309.3 84784.1 72234.2 60847 58538.3 11387.2 6016.9 29218.2 29320 6059.18 28943.1 17532.7 11410.4 5370.31 9428.75 1981.64 5338.19 2819.14 78357.7 71090.3 7267.47 7219.07 3875.06 2451.01 12194.5 3865.64 8328.89 12549.9 63871.2
internal_count=1097481 238597 858884 828477 755150 677884 73327 18174 462928 214956 88090 462454 346607 115847 55153 68479 47368 59771 25662 225788 210859 14929 46972 28056 40864 286836 105347 181489 30407 163887
cat_boundaries=0 39 78 79 90 129 130 160 190 214 238 239
cat_threshold=0 0 6 0 4096 0 0 0 0 131072 0 0 0 0 0 0 0 0 0 0 0 0 0 224 0 0 0 0 0 0 0 0 0 41943040 512 67109376 0 1 2147483648 0 0 0 0 0 0 0 0 0 0 0 0 0 0 0 0 0 0 0 0 0 0 0 0 0 0 0 0 0 2147483648 0 0 0 1073741824 0 0 1073741825 8192 1073775104 524320 0 0 4096 0 0 8388608 0 0 0 1 524288 0 0 0 0 0 0 0 0 0 0 0 0 0 0 0 0 0 0 0 0 0 0 0 0 0 0 0 0 0 2147483648 0 0 0 0 0 0 1073741824 8192 1073741824 25600 0 0 0 0 4096 0 4194304 0 0 0 8388608 0 0 0 0 0 0 0 0 0 0 0 0 96 0 0 0 0 0 2147483648 0 0 2 0 0 0 4194304 2097152 0 0 0 0 0 0 0 0 0 0 0 0 0 0 0 160 0 0 0 0 0 2147483648 0 0 6 0 0 0 0 0 0 0 0 0 0 0 0 0 0 0 0 0 0 0 0 64 0 0 4 0 0 0 0 0 0 131072 0 0 0 0 0 0 0 0 0 0 0 0 0 64 8224
is_linear=0
shrinkage=0.05


Tree=19
num_leaves=31
num_cat=11
split_feature=160 169 180 170 160 223 195 160 160 164 161 195 164 224 167 198 173 207 40 211 170 164 173 40 164 164 160 165 173 222
split_gain=5829.51 2994.39 1488.47 1318.71 1128.07 763.048 678.46 942.818 550.843 925.648 410.043 314.008 436.698 309.467 297.021 276.329 255.588 284.458 217.761 232.887 215.052 616.118 227.244 215.745 204.483 197.144 257.681 192.71 434.964 386.918
threshold=0 1.0000000180025095e-35 1.0000000180025095e-35 1.0000000180025095e-35 1 1.0000000180025095e-35 1.0000000180025095e-35 2 3 4 5 1.0000000180025095e-35 6 1.0000000180025095e-35 1.0000000180025095e-35 1.0000000180025095e-35 5.5000000000000009 1.0000000180025095e-35 1.5000000000000002 7.5000000000000009 1.0000000180025095e-35 7 7.5000000000000009 1.0000000180025095e-35 8 9 10 105.00000000000001 16.500000000000004 1.0000000180025095e-35
decision_type=9 2 2 2 9 2 2 9 9 9 9 2 9 2 2 2 2 2 2 2 2 9 2 2 9 9 9 2 2 2
left_child=1 20 3 4 18 8 14 -8 11 -10 -11 12 -6 15 25 16 17 -12 19 -2 21 22 -1 -24 -22 26 -5 -23 29 -29
right_child=2 -3 -4 6 5 -7 7 -9 9 10 13 -13 -14 -15 -16 -17 -18 -19 -20 -21 24 27 23 -25 -26 -27 -28 28 -30 -31
leaf_value=0.0062312696014081657 -0.0052762777152200726 0.048253927728154657 0.0067016013401358975 0.014429641646805791 0.0059229646257744819 -0.054440666716043078 0.021031541706952893 -0.053938994371435567 -0.054259903083838726 0.052705251184571658 -0.011010649661411433 -0.060049369060304086 -0.035498067346159699 -0.034183485897665046 -0.031841373147292289 -0.028202724006149593 -0.014438202203865921 0.011410966941270593 -0.016486363529439056 0.010655144867469612 0.019401115225408962 0.0074586407941391909 -0.023414771710969364 -0.0026114973710204305 -0.0027332898672243248 0.0022646658819993905 -0.044992181924113257 0.048096269726149103 -0.014372546135880612 -0.037204132975150898
leaf_weight=2087.4332125275396 13607.483307417453 4718.8222900484689 12615.722572467988 271.57139645819552 785.7082071826444 1506.950043981662 5513.4722378989682 444.28644998336677 1498.6499239582918 218.01564228534698 3905.3728414784418 920.74478503037244 3395.3599749131245 1908.0358695520263 1135.4909891607822 2875.3690668848285 22059.765768086945 2217.1401116626803 3406.1153361192846 2758.3653703016462 5862.4205445148982 60098.571913900902 2591.685401108989 2401.7530205177609 1272.7002567555755 3404.6169441053644 535.79263618501136 1208.7021372593008 538.19427769293543 148.92421739548445
leaf_count=6132 89356 12809 30407 1489 12103 54197 11176 6998 75841 342 28469 28943 63924 47368 34428 50673 261983 6187 37186 8946 9875 148051 24690 16150 5054 12784 6452 2419 1809 1240
internal_value=0 0.00960357 -0.00914541 -0.0119093 -0.0148135 -0.0195148 0.00377647 0.0153807 -0.018196 -0.0159229 -0.0141748 -0.0335476 -0.027784 -0.0146339 -0.00915134 -0.0134369 -0.0119297 -0.00289004 -0.0049825 -0.00259058 0.0072113 0.00635745 -0.00760903 -0.013411 0.0154757 -0.00303019 -0.0250698 0.00795274 0.0236492 0.0387253
internal_weight=165913 80929.2 84984 72368.3 61063.1 41291.1 11305.2 5957.76 39784.2 34682.3 33183.7 5101.81 4181.07 32965.7 5347.47 31057.6 28182.3 6122.51 19772 16365.8 76210.4 69075.3 7080.87 4993.44 7135.12 4211.98 807.364 61994.4 1895.82 1357.63
internal_count=1097481 228229 869252 838845 765518 630030 73327 18174 575833 470863 395022 104970 76027 394680 55153 347312 296639 34656 135488 98302 215420 200491 46972 40840 14929 20725 7941 153519 5468 3659
cat_boundaries=0 39 78 79 119 149 155 165 189 213 223 224
cat_threshold=0 0 6 0 4096 0 0 0 0 131072 0 0 0 0 0 0 0 0 0 0 0 0 0 224 0 0 0 0 0 0 0 0 0 41943040 512 67108864 0 1 2147483648 0 0 0 0 0 0 0 0 0 0 0 0 0 0 0 0 0 0 0 0 0 0 0 0 0 0 0 0 0 2147483648 0 0 0 1073741824 0 512 1 8192 1073741824 524320 8192 0 0 0 0 0 0 2097152 0 0 8388608 0 0 0 0 0 0 0 0 0 0 0 0 0 0 0 0 0 0 0 0 0 0 0 0 0 0 0 0 327680 0 0 0 0 4096 0 0 0 0 131072 8388608 0 0 0 0 0 0 0 0 0 0 0 0 0 0 0 0 0 0 2147483648 0 0 4096 0 0 8388608 0 0 4 0 4096 0 4194304 0 0 131072 0 0 6 0 0 0 0 0 0 0 0 0 0 0 0 0 0 0 0 0 0 0 0 64 0 0 4 0 0 0 0 0 0 131072 0 0 0 0 0 0 0 0 0 0 0 0 0 64 0 0 6 0 0 0 0 0 0 131072 8192
is_linear=0
shrinkage=0.05


Tree=20
num_leaves=31
num_cat=12
split_feature=160 169 223 180 170 196 195 160 160 161 31 164 160 160 31 211 173 160 31 31 165 170 164 173 40 160 173 31 164 173
split_gain=5248.11 2802.38 1495.72 1271.6 1093.5 1211.06 653.17 808.702 511.228 300.043 271.066 261.422 311.76 299.401 354.056 242.221 355.643 600.815 261.65 238.92 356.99 230.521 540.437 214.934 200.964 193.197 346.563 192.657 181.915 176.903
threshold=0 1.0000000180025095e-35 1.0000000180025095e-35 1.0000000180025095e-35 1.0000000180025095e-35 1 1.0000000180025095e-35 2 3 4 1.0000000180025095e-35 5 6 7 1.0000000180025095e-35 7.5000000000000009 7.5000000000000009 8 1.0000000180025095e-35 1.0000000180025095e-35 55.000000000000007 1.0000000180025095e-35 9 9.5000000000000018 1.0000000180025095e-35 10 14.500000000000002 1.0000000180025095e-35 11 12.500000000000002
decision_type=9 2 2 2 2 1 2 9 9 9 2 9 9 9 2 2 2 9 2 2 2 2 9 2 2 9 2 2 9 2
left_child=1 21 3 4 5 8 10 -8 -2 -10 -6 13 -13 14 -7 16 17 -11 -17 -14 -21 22 23 -1 27 26 -18 29 -23 -25
right_child=2 -3 -4 -5 6 11 7 -9 9 15 -12 12 19 -15 -16 18 25 -19 -20 20 -22 28 -24 24 -26 -27 -28 -29 -30 -31
leaf_value=0.0031265813653262205 -0.033685964195012734 0.047301517978292296 -0.050535392001245939 0.0068525327317583542 -0.0032209909695226262 -0.04722768833035372 0.02020505406585147 -0.052756846748480503 0.052180641468205828 0.0051671947912903483 -0.031138035737353582 -0.039200310251017625 -0.011874359975782135 -0.053258216699502328 0.0093003899140398621 -0.016244839619576307 -0.01310438572758787 -0.020206993253872183 0.015900257693396196 -0.031540414692546127 -0.011272359466464807 0.019063062045114459 0.0073098763523962336 -0.054511384389826147 -0.003376031499698286 -0.0096282487195308384 -0.045556637138501076 -0.012374244419331793 -0.0020496654074818295 -0.0003115846489690932
leaf_weight=2880.0659901291365 1778.4628876794595 4500.670063822763 2106.8372039880051 12404.189362783916 4165.071869469306 538.78895276604453 5478.601320292335 398.50360377167817 208.13512045331299 8983.2062287407462 1098.663250255282 2043.2335422280885 7577.8506954957265 1418.5485403496423 569.02519731339999 886.6824854563456 2971.337337432371 3139.5648192623048 2208.8470767595572 5732.5586204217834 3501.0237263769959 5785.3414683849551 63375.080816061061 708.15306781895924 2008.9360411262605 13469.563120866136 1137.946368820325 1200.1763653894304 1243.2089218364563 191.40368357137777
leaf_count=9624 31505 12809 77266 30407 20725 15893 11176 6998 342 27159 34428 50668 87777 75841 6904 5478 30841 19011 5667 119033 54240 9875 163887 8488 14641 114064 33461 12389 5054 1830
internal_value=0 0.00894754 -0.00895589 -0.00785764 -0.0105688 -0.0134072 0.00374029 0.0151975 -0.00764281 -0.00622908 -0.00905128 -0.0227702 -0.0207156 -0.0379528 -0.0180339 -0.00661649 -0.00800577 -0.00141679 0.00668987 -0.0184457 -0.0238571 0.00671791 0.00585526 -0.0073343 -0.0146857 -0.0125492 -0.0220431 -0.0255005 0.0153523 -0.0429911
internal_weight=163710 81893 81816.6 79709.8 67305.6 56164.8 11140.8 5877.1 34783.7 33005.3 5263.74 21381 18854.7 2526.36 1107.81 32797.1 29701.6 12122.8 3095.53 16811.4 9233.58 77392.4 70363.8 6988.74 4108.67 17578.8 4109.28 2099.73 7028.55 899.557
internal_count=1097481 238597 858884 781618 751211 677884 73327 18174 267528 236023 55153 410356 311718 98638 22797 235681 224536 46170 11145 261050 173273 225788 210859 46972 37348 178366 64302 22707 14929 10318
cat_boundaries=0 39 40 41 81 87 117 128 129 168 192 231 255
cat_threshold=0 0 6 0 4096 0 0 0 0 131072 0 0 0 0 0 0 0 0 0 0 0 0 0 224 0 0 0 0 0 0 0 0 0 41943040 512 67109376 0 1 2147483648 3083 524320 0 0 0 0 0 0 0 0 0 0 0 0 0 0 0 0 0 0 0 0 0 0 0 0 0 0 0 0 0 0 0 0 0 0 0 0 0 0 0 327680 0 0 4096 0 0 8388608 0 0 0 0 4096 0 0 0 0 131072 8388608 0 0 0 0 0 0 0 0 0 0 0 0 0 0 0 0 0 0 2147483648 8192 0 0 0 0 0 0 2097152 0 0 8388608 8192 0 0 0 0 0 0 0 0 0 0 0 0 0 0 0 0 0 0 0 0 0 0 0 0 0 0 0 0 0 0 0 0 0 1073741824 0 0 1 0 33280 0 0 6 0 0 0 0 0 0 0 0 0 0 0 0 0 0 0 0 0 0 0 0 64 0 0 0 0 0 0 0 0 0 0 0 0 0 0 0 0 0 0 0 0 0 0 0 0 0 0 0 0 0 0 0 0 0 0 0 0 0 0 33280 0 0 4 0 0 0 0 0 0 131072 0 0 0 0 0 0 0 0 0 0 0 0 0 64
is_linear=0
shrinkage=0.05


Tree=21
num_leaves=31
num_cat=8
split_feature=196 169 163 195 223 182 172 164 169 31 170 164 176 174 174 31 211 164 167 31 31 167 174 196 164 164 161 221 182 165
split_gain=4626 2705.73 933.594 1251.98 656.252 937.82 573.147 451.799 326.976 325.374 283.015 426.89 265.547 254.136 262.726 243.008 240.91 222.145 221.185 217.978 211.337 211.284 206.35 378.093 246.819 183.445 172.245 166.368 253.433 166.927
threshold=0 1.0000000180025095e-35 4.5000000000000009 1.0000000180025095e-35 1.0000000180025095e-35 1.0000000180025095e-35 1.0000000180025095e-35 1 1.0000000180025095e-35 1.0000000180025095e-35 1.0000000180025095e-35 2 1.0000000180025095e-35 230.00000000000003 250.00000000000003 1.0000000180025095e-35 7.5000000000000009 3 1.0000000180025095e-35 1.0000000180025095e-35 1.0000000180025095e-35 1.0000000180025095e-35 150.00000000000003 4 5 6 7 1.0000000180025095e-35 1.0000000180025095e-35 105.00000000000001
decision_type=1 2 2 2 2 2 2 9 2 2 2 9 2 2 2 2 2 9 2 2 2 2 2 1 9 9 9 2 2 2
left_child=1 10 3 4 5 6 9 -5 20 13 11 18 -7 -2 -15 -6 21 -10 -1 -18 -4 22 23 -8 -24 -22 -13 29 -29 -28
right_child=2 -3 8 7 15 12 16 -9 17 -11 -12 26 -14 14 -16 -17 19 -19 -20 -21 25 -23 24 -25 -26 -27 27 28 -30 -31
leaf_value=-0.011401306470178821 -0.021622182193560349 0.046371792941602125 -0.043609234715089505 -0.042113754248802426 -0.0440755320303126 0.025968191219322243 -0.00053495703336266947 0.018467435064153673 -0.036591155430922416 -0.029757744153912899 0.015367041818987634 0.051262970467593982 -0.0055822035434804794 0.02409267279314465 -0.013555053757838224 -0.016313120852277117 -0.015006597093844921 -0.0087833133817111688 0.011345619541305772 0.014675352779963719 -0.047756022165004616 -0.030151435599951617 0.019178797482255521 -0.029019437578559765 -0.01166601860823022 -0.018485766157301489 0.0048972376066572084 0.0079311442376292299 0.039229047839549579 0.019954976122241598
leaf_weight=5586.373552177567 2420.7653165996016 4292.0879803569987 2092.5971924192854 316.8636160842143 1717.9101828360872 2481.5743015999906 13436.784328996378 5494.5870512307156 860.51034437556518 4894.4770058495051 6925.9850861809682 199.20807128399611 911.41149682644755 821.41526489402167 1061.8332063367707 1459.1937185290153 858.52353343600407 4251.8567986289272 1320.8254657717771 2208.3252197001129 655.95486450952012 1065.9376133301121 661.55597394402139 1265.3095512001892 20687.134198901069 3105.3049881462357 65675.361794754397 2201.4184566051699 915.97638137289323 1893.42505199468
leaf_count=39447 28226 12809 86642 5608 44254 4993 48744 12566 24110 102558 14957 342 4333 3367 11776 41374 5478 35661 7931 5667 22324 34419 2202 10656 223534 81863 167290 6649 2233 5468
internal_value=0 0.00764322 -0.00935393 -0.00696797 -0.00926228 -0.00793335 -0.00968057 0.0151194 -0.0227992 -0.0209392 0.0056817 0.00481924 0.0174922 -0.0109074 0.00286511 -0.0313308 -0.00710299 -0.0135568 -0.00704012 0.00636356 -0.0308682 -0.0082159 -0.00756677 -0.00300777 -0.010706 -0.0237735 0.0059751 0.0058398 0.0171337 0.00531941
internal_weight=161740 89010.7 72729.8 61763.6 55952.2 52775 49382.1 5811.45 10966.2 9198.49 84718.6 77792.6 3392.99 4304.01 1883.25 3177.1 40183.6 5112.37 6907.2 3066.85 5853.86 37116.7 36050.8 14702.1 21348.7 3761.26 70885.4 70686.2 3117.39 67568.8
internal_count=1097481 257126 840355 589755 571581 485953 476627 18174 250600 145927 244317 229360 9326 43369 15143 85628 330700 59771 47378 11145 190829 319555 285136 59400 225736 104187 181982 181640 8882 172758
cat_boundaries=0 1 11 35 46 47 71 95 101
cat_threshold=199 0 0 2 0 4096 0 0 0 0 131072 0 0 6 0 0 0 0 0 0 0 0 0 0 0 0 0 0 0 0 0 0 0 0 64 0 0 4 0 0 0 0 0 0 131072 8388608 1056 0 0 0 0 4096 0 4194304 0 0 0 8388608 0 0 0 0 0 0 0 0 0 0 0 0 128 0 0 2 0 0 0 0 0 0 0 8388608 0 0 0 0 0 0 0 0 0 0 0 0 32 0 0 4096 0 0 8388608
is_linear=0
shrinkage=0.05


Tree=22
num_leaves=31
num_cat=13
split_feature=160 169 180 170 160 223 195 160 160 164 31 161 164 164 224 31 167 164 198 173 164 170 164 173 164 160 40 40 165 173
split_gain=4628.27 2350.55 1199.51 1053.3 902.289 648.397 609.458 696.526 459.171 742.877 345.884 324.311 320.153 247.363 241.416 228.46 223.618 394.724 220.9 202.817 269.652 186.308 452.111 208.57 181.121 179.075 172.665 171.416 169.399 407.047
threshold=0 1.0000000180025095e-35 1.0000000180025095e-35 1.0000000180025095e-35 1 1.0000000180025095e-35 1.0000000180025095e-35 2 3 4 1.0000000180025095e-35 5 6 7 1.0000000180025095e-35 1.0000000180025095e-35 1.0000000180025095e-35 8 1.0000000180025095e-35 5.5000000000000009 9 1.0000000180025095e-35 10 9.5000000000000018 11 12 1.0000000180025095e-35 1.5000000000000002 105.00000000000001 16.500000000000004
decision_type=9 2 2 2 9 2 2 9 9 9 2 9 9 9 2 2 2 9 2 2 9 2 9 2 9 9 2 2 2 2
left_child=1 21 3 4 27 8 13 -8 10 -10 -6 -11 -12 -5 16 -16 18 -18 19 25 -21 22 23 -1 -23 -13 -25 -2 -24 -30
right_child=2 -3 -4 6 5 -7 7 -9 9 11 12 14 -14 -15 15 -17 17 -19 -20 20 -22 24 28 26 -26 -27 -28 -29 29 -31
leaf_value=0.0040065094741509495 -0.0025843292579137227 0.045495467919258632 0.0060961071902166201 -0.0004075805886281472 -0.045043672918465706 -0.052477818428375025 0.018976915295182344 -0.051117347625963462 -0.051531254374051538 0.050159925990115234 0.013745783822607806 0.006205543745065413 -0.02857147251923884 -0.022751429938568213 -0.0037097993840086124 -0.043220517662329622 0.051944816787463467 -0.055936371480766051 -0.025600637881477657 0.0056681179270919356 -0.014555277496330008 0.018180645746581497 0.0067174818560322095 -0.024102785318596241 -0.0029895987973588929 -0.011307092590193517 -0.0032480765204601033 -0.015141217441766575 0.037564946006675946 -0.014508113934723134
leaf_weight=2798.9538236408262 15897.319623173738 4100.4722477274481 12172.28179964982 3179.2745488795335 2350.6362061367254 1316.911442247394 5414.4046989410417 369.64658756949939 1305.2417877683765 191.43118455447257 595.00046688114526 3033.8521997338394 1749.1594955167966 2024.2258026603668 519.73764651163947 1238.4057971865113 92.509737801912706 576.63369521516142 2640.7943716657028 1806.9195856077131 18654.021992070164 5683.8702094592154 59113.735515583889 2011.3591268426389 1231.3240902877878 2794.8299339782825 1960.4992189775221 3278.3652901324094 1275.9500741322991 531.08361022459576
leaf_count=9624 98302 12809 30407 15644 56964 54197 11176 6998 75841 342 7621 13203 40385 39509 4977 42391 957 18949 50673 18233 225862 9875 148051 22707 5054 19435 14641 37186 3659 1809
internal_value=0 0.0086395 -0.00837414 -0.0109271 -0.0136143 -0.0179919 0.0032679 0.0144369 -0.0167864 -0.0146802 -0.0314235 -0.0131388 -0.0178909 -0.00914643 -0.0135421 -0.0315477 -0.0124765 -0.0410462 -0.0118148 -0.0104294 -0.0127733 0.00661465 0.00581584 -0.00643605 0.0144324 -0.00219984 -0.0138119 -0.00472925 0.00717753 0.0222582
internal_weight=159909 78707.2 81201.6 69029.3 58041.8 38866.1 10987.6 5784.05 37549.2 32854.4 4694.8 31549.1 2344.16 5203.5 31357.7 1758.14 29599.6 669.143 28930.4 26289.6 20460.9 74606.8 67691.6 6770.81 6915.19 5828.68 3971.86 19175.7 60920.8 1807.03
internal_count=1097481 228229 869252 838845 765518 630030 73327 18174 575833 470863 104970 395022 48006 55153 394680 47368 347312 19906 327406 276733 244095 215420 200491 46972 14929 32638 37348 135488 153519 5468
cat_boundaries=0 39 78 79 119 149 155 165 195 202 226 250 274 313
cat_threshold=0 0 6 0 4096 0 0 0 0 131072 0 0 0 0 0 0 0 0 0 0 0 0 0 224 0 0 0 0 0 0 0 0 0 41943040 512 67108864 0 1 2147483648 0 0 0 0 0 0 0 0 0 0 0 0 0 0 0 0 0 0 0 0 0 0 0 0 0 0 0 0 0 2147483648 0 0 0 1073741824 0 512 1 8192 1073741824 524320 8192 0 0 0 0 0 0 2097152 0 0 8388608 0 0 0 0 0 0 0 0 0 0 0 0 0 0 0 0 0 0 0 0 0 0 0 0 0 0 0 0 327680 0 0 0 0 4096 0 0 0 0 131072 8388608 0 0 0 0 0 0 0 0 0 0 0 0 0 0 0 0 0 0 2147483648 0 0 4096 0 0 8388608 0 0 4 0 4096 0 4194304 0 0 131072 0 0 0 0 4096 0 4194304 0 0 0 8388608 0 0 0 0 0 0 0 0 0 0 0 0 96 0 0 0 0 0 2147483648 0 0 4 0 0 0 4194304 0 0 0 0 0 0 0 2097152 0 0 0 0 0 0 0 0 0 0 0 0 0 0 0 128 0 0 6 0 0 0 0 0 0 0 0 0 0 0 0 0 0 0 0 0 0 0 0 64 0 0 4 0 0 0 0 0 0 131072 0 0 0 0 0 0 0 0 0 0 0 0 0 64 524288 0 0 0 0 0 0 0 0 0 0 0 0 0 0 0 0 0 0 0 0 0 0 0 0 0 0 0 0 0 0 0 0 0 0 0 0 0 33280
is_linear=0
shrinkage=0.05


Tree=23
num_leaves=31
num_cat=12
split_feature=160 169 161 170 160 223 195 160 160 173 223 160 164 31 164 164 170 164 173 31 159 165 173 40 40 188 221 193 160 210
split_gain=4139.25 2189.72 1106.24 1036.18 984.956 585.848 576.873 607.476 392.602 321.94 217.753 253.042 583.574 327.678 282.952 216.098 207.009 416.448 195.041 181.581 229.908 176.002 353.722 163.253 160.659 160.382 155.854 208.344 159.509 200.938
threshold=0 1.0000000180025095e-35 1 1.0000000180025095e-35 2 1.0000000180025095e-35 1.0000000180025095e-35 3 4 15.500000000000002 1.0000000180025095e-35 5 6 1.0000000180025095e-35 7 8 1.0000000180025095e-35 9 9.5000000000000018 1.0000000180025095e-35 10 105.00000000000001 17.500000000000004 1.0000000180025095e-35 1.5000000000000002 1.0000000180025095e-35 1.0000000180025095e-35 1.0000000180025095e-35 11 1.5000000000000002
decision_type=9 2 9 2 9 2 2 9 9 2 2 9 9 2 9 9 2 9 2 2 1 2 2 2 2 2 2 2 9 2
left_child=1 16 9 4 5 -4 15 -8 -7 24 11 13 -13 -6 -15 -5 17 18 -1 -14 -21 26 -23 -20 -2 -22 28 -28 29 -19
right_child=2 -3 3 6 10 8 7 -9 -10 -11 -12 12 19 14 -16 -17 -18 21 23 20 25 22 -24 -25 -26 -27 27 -29 -30 -31
leaf_value=0.0037101482029020718 0.0013697604180788843 0.044601242297403004 -0.0051100784533304293 -0.00078124527095709158 -0.044072147767364116 0.032827510376869033 0.018373033846272219 -0.049673907466922775 -0.049406738465856026 0.013437764128763713 -0.047224215202829253 -0.050548578153471649 -0.010065076617773405 0.012320312848948049 -0.02749968863456222 -0.02201973972920265 0.014561682106224778 -0.0021602604549185167 -0.023746538811762571 -0.028183988856828636 -0.01160549685376102 0.035361827520586551 -0.01585064876341433 -0.003348390159043646 -0.017146133864228516 -0.038589505333525689 0.014036213409031873 0.068031055835305568 0.0069356542119312463 0.021935804560275819
leaf_weight=2780.2961713178083 6875.5555489605758 3917.2027985916939 25679.992062067933 3153.3994554131059 2222.3698455070262 161.42259985394776 5377.8823643750511 339.72542541660368 1148.4043434552732 5978.7147633743007 726.78552463345113 1238.8381317609455 9266.189253221135 601.09057219413808 1689.3027840681316 1926.5151895384188 6802.3728585927747 9390.6831039433018 1971.3797026766697 4591.2546017026034 6681.7604795236257 1316.422475727275 452.72317019669572 1953.4536795302993 1411.5705282285344 599.99273187789368 2637.7160121637862 191.26386231090873 45893.458698185044 952.48182204179466
leaf_count=9624 20758 12809 184897 15644 56869 590 11176 6998 47462 13537 29742 75841 104296 7621 40074 39509 14929 32962 22707 102558 90695 3908 1560 14641 6031 14954 6761 501 105447 2380
internal_value=0 0.00816676 -0.00802212 -0.0107738 -0.0135739 -0.00677189 0.00337696 0.0142703 -0.0393863 0.00459181 -0.0202111 -0.0194874 -0.0172795 -0.0303267 -0.017113 -0.00888301 0.00624772 0.0054102 -0.00641053 -0.0153054 -0.019407 0.00671313 0.022253 -0.013597 -0.00178435 -0.0138131 0.00624855 0.0176999 0.00567225 5.91116e-05
internal_weight=157930 78259.5 79670.8 65404.9 54607.4 26989.8 10797.5 5717.61 1309.83 14265.8 27617.6 26890.8 22378 4512.76 2290.39 5079.91 74342.3 67539.9 6705.13 21139.2 11873 60834.7 1769.15 3924.83 8287.13 7281.75 59065.6 2828.98 56236.6 10343.2
internal_count=1097481 228229 869252 828926 755599 232949 73327 18174 48052 40326 522650 492908 388344 104564 47695 55153 215420 200491 46972 312503 208207 153519 5468 37348 26789 105649 148051 7262 140789 35342
cat_boundaries=0 39 73 112 113 152 192 222 232 262 286 287 322
cat_threshold=0 0 6 0 4096 0 0 0 0 131072 0 0 0 0 0 0 0 0 0 0 0 0 0 224 0 0 0 0 0 0 0 0 0 41943040 512 67108864 0 1 2147483648 0 0 4096 0 0 8388608 0 0 0 1 524288 0 0 0 0 0 0 0 0 0 0 0 0 0 0 0 0 0 0 0 0 0 0 65536 0 0 0 0 0 0 0 0 0 0 0 0 0 0 0 0 0 0 0 0 0 0 0 0 0 0 0 0 0 2147483648 0 0 0 1073741824 0 512 1073741825 8192 1073774592 524320 0 0 0 0 0 0 0 0 0 0 0 0 0 0 0 0 0 0 0 0 0 0 0 0 0 0 0 0 0 0 0 0 0 0 0 512 0 0 1073741824 8192 0 0 0 0 0 0 0 0 0 8388608 0 0 0 0 0 0 0 0 0 0 0 0 0 0 0 0 0 0 0 0 0 0 0 0 0 0 0 0 327680 0 0 0 0 4096 0 0 0 0 131072 8388608 0 0 0 0 0 0 0 0 0 0 0 0 0 0 0 0 0 0 2147483648 0 0 4 0 4096 0 4194304 0 0 131072 0 0 0 0 4096 0 4194304 0 0 0 8388608 0 0 0 0 0 0 0 0 0 0 0 0 96 0 0 0 0 0 2147483648 0 0 6 0 0 0 0 0 0 0 0 0 0 0 0 0 0 0 0 0 0 0 0 64 20480 0 0 0 0 4096 0 0 0 0 0 0 0 0 0 0 0 0 0 0 0 0 0 0 32 0 0 0 0 0 0 0 0 0 33554432 512
is_linear=0
shrinkage=0.05


Tree=24
num_leaves=31
num_cat=8
split_feature=160 169 160 195 196 173 217 191 180 160 173 169 161 211 173 160 160 173 165 163 173 195 171 165 160 31 176 173 178 173
split_gain=4067.58 1991.15 920.3 942.378 1150.45 786.076 679.351 415.362 298.825 281.198 237.26 360.731 231.612 239.232 256.614 484.492 467.805 279.634 218.986 216.27 211.987 206.327 203.189 331.335 308.119 294.075 398.121 270.581 248.369 190.993
threshold=0 1.0000000180025095e-35 1 1.0000000180025095e-35 2 10.500000000000002 1.0000000180025095e-35 1.0000000180025095e-35 1.0000000180025095e-35 3 11.500000000000002 1.0000000180025095e-35 4 8.5000000000000018 9.5000000000000018 5 6 16.500000000000004 145.00000000000003 4.5000000000000009 14.500000000000002 1.0000000180025095e-35 1.0000000180025095e-35 75.000000000000014 7 1.0000000180025095e-35 1.0000000180025095e-35 9.5000000000000018 1.0000000180025095e-35 16.500000000000004
decision_type=9 2 9 2 1 2 2 2 2 9 2 2 9 2 2 9 9 2 2 2 2 2 2 2 9 2 2 2 2 2
left_child=1 18 5 4 8 9 19 10 12 21 11 -6 -4 14 16 17 -14 -16 22 -5 -17 -2 24 -24 -1 26 -26 -25 -27 -20
right_child=2 -3 3 6 7 -7 -8 -9 -10 -11 -12 -13 13 -15 15 20 -18 -19 29 -21 -22 -23 23 27 25 28 -28 -29 -30 -31
leaf_value=0.0009922125093677701 -0.0010678301367059585 0.043724574393339995 0.044593712443074057 0.0030812045562427187 -0.024559230612106946 -0.039047424615838981 0.017628799619918183 -0.049252584474159866 0.0036889368748466954 -0.031137205284223726 -0.0090814848616891687 -0.0052175239186497734 0.002925057803614981 0.0090138831613190799 -0.014950798944913394 -0.010050384356576259 -0.017380911485252726 -0.037159189057187361 0.034550845263917808 -0.055283928824793917 0.012374404305606605 -0.044415567994960582 0.0053388494446459968 0.0045974283092966479 0.020663968285831592 -0.035492171449156125 -0.0061995915716151302 -0.017475432178637108 0.0075874026511820493 -0.0033127381039979157
leaf_weight=9911.5616362477886 3987.8129048983392 3744.6142391467001 217.27883612178266 245.08003082778305 9718.7296662563749 4107.1298804417602 5854.11853626027 949.19974066122086 12376.750399909681 1227.2000780854723 8707.9200183887151 3207.1300328487996 9854.6223239805549 2402.2149416799657 5210.9877776573558 2266.0802667483222 3971.0738031479559 1948.0817605443881 1218.6839267414762 448.83845317881787 1969.2226725108339 294.33466612867778 29427.514650222729 2455.2016329574399 10451.196780893952 342.00566548015922 1588.3248439840972 3193.579032066802 14407.011886557913 457.79811810399406
leaf_count=43305 32420 12809 435 2411 150653 132384 14725 39197 30407 16775 171300 21150 39327 7894 62627 14998 22950 55530 3741 29511 15511 9047 59874 8566 25871 1066 5050 34308 31804 1835
internal_value=0 0.00816082 -0.0079783 -0.00596581 -0.00784885 -0.0224681 0.0120829 -0.0168769 -0.00277409 -0.0101459 -0.0154629 -0.019761 -0.00564857 -0.00605871 -0.00749713 -0.0130528 -0.00291782 -0.0209676 0.00634854 -0.0346758 0.000374285 -0.00404391 0.00593111 0.00320964 0.00853195 0.0113167 0.0171194 -0.00788118 0.00658695 0.0242105
internal_weight=156161 77197.5 78963.8 69347.3 62799.3 9616.48 6548.04 22583 40216.3 5509.35 21633.8 12925.9 27839.6 27622.3 25220.1 11394.4 13825.7 7159.07 73452.9 693.918 4235.3 4282.15 71776.4 35076.3 36700.1 26788.5 12039.5 5648.78 14749 1676.48
internal_count=1097481 228229 869252 678626 631979 190626 46647 382300 249679 58242 343103 171803 219272 218837 210943 148666 62277 118157 215420 31922 30509 41467 209844 102748 107096 63791 30921 42874 32870 5576
cat_boundaries=0 39 79 80 119 129 168 207 245
cat_threshold=0 0 6 0 4096 0 0 0 0 131072 0 0 0 0 0 0 0 0 0 0 0 0 0 224 0 0 0 0 0 0 0 0 0 41943040 512 67108864 0 1 2147483648 8192 0 0 0 0 0 0 2097152 0 0 8388608 0 0 0 0 0 0 0 0 0 0 0 0 0 0 0 0 0 0 0 0 0 0 0 0 0 0 0 512 327680 3075 8192 0 0 0 0 0 0 0 0 0 0 0 0 0 0 0 0 0 0 0 0 0 0 0 0 0 0 0 0 0 0 0 0 0 0 0 0 0 512 0 0 4096 0 0 8388608 0 0 0 1 0 0 0 0 0 0 0 0 0 0 0 0 0 0 0 0 0 0 0 0 0 0 0 0 0 0 0 0 0 0 0 0 0 1073741824 0 0 1 0 32768 0 0 0 0 0 0 0 0 0 0 0 0 0 0 0 0 0 0 0 0 0 0 0 0 0 0 0 0 0 0 0 0 0 1073741824 0 0 1 0 32768 0 0 0 0 4096 0 0 0 0 0 0 0 0 0 0 0 0 0 0 0 0 0 0 64 0 0 0 0 0 0 0 0 0 33554432 512 0 0 1
is_linear=0
shrinkage=0.05


Tree=25
num_leaves=31
num_cat=11
split_feature=160 169 223 163 196 176 160 176 160 160 204 173 160 169 167 165 222 173 170 160 173 221 160 167 164 160 173 176 166 160
split_gain=3771.6 1840.98 846.796 876.661 1025.54 595.008 586.901 407.829 389.729 324.127 309.499 296.197 269.406 256.752 242.583 204.714 424.553 247.535 190.854 392.747 273.412 219.91 179.079 171.393 171.33 164.452 216.531 194.236 163.438 156.838
threshold=0 1.0000000180025095e-35 1.0000000180025095e-35 4.5000000000000009 1 1.0000000180025095e-35 2 1.0000000180025095e-35 3 4 1.0000000180025095e-35 15.500000000000002 5 1.0000000180025095e-35 1.0000000180025095e-35 145.00000000000003 1.0000000180025095e-35 16.500000000000004 1.0000000180025095e-35 6 18.500000000000004 1.0000000180025095e-35 7 1.0000000180025095e-35 8 9 11.500000000000002 1.0000000180025095e-35 65.000000000000014 10
decision_type=9 2 2 2 1 2 9 2 9 9 2 2 9 2 2 2 2 2 2 9 2 2 9 2 9 9 2 2 2 9
left_child=1 15 3 4 5 10 7 29 -4 -7 11 -2 -9 24 -11 18 17 -17 19 20 23 -21 -13 -1 -5 -8 -27 -28 -20 -6
right_child=2 -3 8 13 6 9 25 12 -10 14 -12 22 -14 -15 -16 16 -18 -19 28 21 -22 -23 -24 -25 -26 26 27 -29 -30 -31
leaf_value=-0.0072462263849575551 -0.0067562053151787038 0.042858781357717625 0.013413116454991889 -0.021614087517939598 0.0027467880487593121 0.02557281778043001 -0.010956029662579154 0.014398653406039637 -0.049776112409607831 0.0055566912003082395 -0.024810729129017984 -0.0083249187732037221 -0.019017178232719853 -0.012219693195822418 -0.03471965698178775 0.04626362064678393 -0.045822069170830426 0.000736006627232942 -0.0033295569116488441 0.0056174313459110064 -0.040486705994583497 0.02185398042763316 0.034402277669498112 0.016991223519589798 -0.04096792371558354 -0.027264936506813359 -0.0031495705060503687 -0.024448898794504972 0.017390952156154948 -0.020252267074609902
leaf_weight=4947.6371927344007 8358.8550406373251 3586.4054217424709 287.42075690219644 3601.3352030981914 10628.844724673487 2066.2006542345625 6183.653526820679 678.00019213132327 1635.1293018680008 17704.165574020706 2084.9003623042663 361.8297460876056 5133.3006657057267 4871.2934706767846 381.39384707660065 1022.0053648366593 193.4447731966502 422.02190835075453 1149.3472092875745 56049.718124310399 551.9518860776443 2165.8652489311062 749.0499351231847 854.9271183203673 1758.1290943996282 6251.8801987057377 2385.608362593397 1942.1755091750383 5518.3451609238982 786.3068442059448
leaf_count=32433 53805 12809 4712 114765 49126 9085 74671 5353 73082 51371 15601 3833 60992 59771 16411 2420 1818 1338 4836 143959 9150 5350 3797 4196 76470 98721 31102 61032 9920 5552
internal_value=0 0.00788696 -0.00774638 -0.00691734 -0.00479698 0.00167198 -0.0108288 -0.0043404 -0.0405148 0.00685914 -0.00737267 -0.00353179 -0.0151248 -0.0205317 0.00470352 0.00616663 0.0236444 0.0329663 0.00576465 0.00493281 -0.00686369 0.0062207 0.0207181 -0.00367316 -0.0280839 -0.0174892 -0.0212926 -0.0127109 0.0138185 0.00114596
internal_weight=154311 76461.7 77849.5 75926.9 65696.2 31706.4 33989.8 17226.5 1922.55 20151.8 11554.6 9469.73 5811.3 10230.8 18085.6 72875.3 1637.47 1444.03 71237.8 64570.1 6354.52 58215.6 1110.88 5802.56 5359.46 16763.3 10579.7 4327.78 6667.69 11415.2
internal_count=1097481 228229 869252 791458 540452 153903 386549 121023 77794 76867 77036 61435 66345 251006 67782 215420 5576 3758 209844 195088 45779 149309 7630 36629 191235 265526 190855 92134 14756 54678
cat_boundaries=0 39 40 79 119 120 159 183 184 208 247 286
cat_threshold=0 0 6 0 4096 0 0 0 0 131072 0 0 0 0 0 0 0 0 0 0 0 0 0 224 0 0 0 0 0 0 0 0 0 41943040 512 67108864 0 1 2147483648 2083 0 0 0 0 0 0 0 0 0 0 0 0 0 0 0 0 0 0 0 0 0 0 0 0 0 0 0 0 0 2147483648 0 0 0 1073741824 0 512 1 0 1073774592 0 0 0 0 0 0 0 0 0 0 0 0 0 0 0 0 0 0 0 0 0 0 0 0 0 0 0 0 0 2147483648 0 0 0 0 0 512 0 0 1073741824 327680 32 0 0 0 0 0 0 0 0 0 0 0 0 0 0 0 0 0 0 0 0 0 0 0 0 0 0 0 0 0 2147483648 0 0 0 0 0 512 0 0 1073741824 0 0 0 0 4096 0 0 0 0 0 0 0 0 0 0 0 0 0 0 0 0 0 0 128 532480 0 0 4 0 0 0 4194304 2097152 0 131072 0 0 0 0 0 0 0 0 0 0 0 0 0 192 0 0 0 0 0 0 0 2097152 0 0 0 0 0 0 0 0 0 0 0 0 0 0 0 0 0 0 0 0 0 0 0 0 0 0 0 0 1073741824 0 512 0 0 0 0 0 0 0 0 0 0 0 0 0 0 0 0 0 0 0 0 0 0 0 0 0 0 0 0 0 0 0 0 0 1073741824 0 0 1 0 32768
is_linear=0
shrinkage=0.05


Tree=26
num_leaves=31
num_cat=8
split_feature=196 169 170 159 195 174 182 164 211 166 170 165 174 164 164 167 164 169 174 40 174 166 161 31 176 174 161 207 31 176
split_gain=3071.43 1821.93 724.928 917.601 497.045 399.692 672.781 331.15 330.991 238.528 236.478 296.182 228.763 212.456 165.036 177.063 375.451 185.214 232.84 163.113 155.013 151.796 136.298 128.713 124.327 124.208 121.439 111.507 322.527 174.348
threshold=0 1.0000000180025095e-35 1.0000000180025095e-35 1 1.0000000180025095e-35 210.00000000000003 1.0000000180025095e-35 2 7.5000000000000009 175.00000000000003 1.0000000180025095e-35 75.000000000000014 190.00000000000003 3 4 1.0000000180025095e-35 5 1.0000000180025095e-35 230.00000000000003 1.0000000180025095e-35 330.00000000000006 65.000000000000014 6 1.0000000180025095e-35 1.0000000180025095e-35 250.00000000000003 7 1.0000000180025095e-35 1.0000000180025095e-35 1.0000000180025095e-35
decision_type=1 2 2 1 2 2 2 9 2 2 2 2 2 9 9 2 9 2 2 2 2 2 9 2 2 2 9 2 2 2
left_child=1 9 3 5 13 6 27 -6 -7 10 11 22 -13 -4 -5 17 -17 18 -16 23 -11 -12 -1 25 -8 -14 -24 28 -2 -30
right_child=2 -3 4 14 7 8 24 -9 -10 20 21 12 19 -15 15 16 -18 -19 -20 -21 -22 -23 26 -25 -26 -27 -28 -29 29 -31
leaf_value=0.047810426594057494 -0.030318916015132921 0.042012969977972818 0.0007258908516614552 -0.032653599879594812 0.017741461505658442 -0.013854992811930138 0.031393649733722516 -0.035648374662963216 0.0098592756068718434 0.032958961585942755 -0.0030993110790518219 0.0039872260745924971 -0.05312942283211454 -0.020798868929429608 -0.025931591480075941 0.045995289411015106 -0.054852217368668847 -0.0073620365039016381 -0.011469876531318805 -0.0045403922410888978 -0.0014131683612869103 0.016990653996998777 -0.017622493174703428 -0.014419415417020515 -0.0019658156841777189 -0.0024162549467853403 0.0046236848252671544 -0.002502212776186672 -0.014043399926924894 0.01630177148781765
leaf_weight=171.22022910509259 1442.0589934082527 3434.2509457673877 3109.3702851270209 2090.8936208459199 5099.9222290561302 15332.847566256212 1709.8699443698861 299.12809799145907 1627.0042011494515 1205.9425342327449 1135.731495951768 2423.7119046630105 592.15280954050831 1807.1940484551014 6526.2981006211776 101.2934162641177 649.76206632162211 4097.9020252599439 4857.8727533406927 1480.4665410080925 450.07026943739038 5446.9151028359775 609.37468092597555 866.77932413248345 333.40759904170409 151.95470094773918 66870.301767208846 16856.084395756072 950.12437311909162 942.24808286130428
leaf_count=342 13163 12809 15616 98638 12196 244890 3675 5978 6231 3921 4836 8659 8382 39509 123162 1199 24134 37240 112154 12983 1991 9903 4055 11403 905 1695 176147 90579 6930 4156
internal_value=0 0.00634106 -0.00793049 -0.0101207 0.00427315 -0.00579687 -0.00138812 0.0147463 -0.0115795 0.00483662 0.00444643 0.00362961 -0.0075114 -0.00722714 -0.0193545 -0.0176212 -0.0413408 -0.0164803 -0.0197617 -0.0165275 0.0236167 0.0135237 0.00453797 -0.0275361 0.0259487 -0.0427885 0.00442001 -0.00415542 -0.0125095 0.00106371
internal_weight=152672 84838.9 67833.3 57517.7 10315.6 39193.6 22233.8 5399.05 16959.9 81404.6 79748.6 73166 5515.07 4916.56 18324 16233.1 751.055 15482.1 11384.2 3091.35 1656.01 6582.65 67650.9 1610.89 2043.28 744.108 67479.7 20190.5 3334.43 1892.37
internal_count=1097481 257126 840355 767056 73299 370529 119408 18174 251121 244317 238405 223666 43122 55125 396527 297889 25333 272556 235316 34463 5912 14739 180544 21480 4580 10077 180202 114828 24249 11086
cat_boundaries=0 1 2 32 62 92 99 105 139
cat_threshold=199 128 0 0 4 0 0 0 0 0 0 0 0 0 0 0 0 0 0 0 0 0 0 0 0 192 0 0 0 0 0 2147483648 0 0 0 0 4096 0 4194304 0 0 0 8388608 0 0 0 0 0 0 0 0 0 0 0 0 96 0 0 0 0 0 2147483648 0 0 0 0 4096 0 0 0 0 131072 8388608 0 0 0 0 0 0 0 0 0 0 0 0 0 0 0 0 0 0 2147483648 0 0 4 0 0 0 4194304 0 0 4096 0 0 8388608 0 0 1024 0 0 0 0 0 0 0 0 0 0 128 0 0 0 0 0 0 0 0 0 0 0 0 0 0 0 0 0 0 0 16384
is_linear=0
shrinkage=0.05


Tree=27
num_leaves=31
num_cat=13
split_feature=160 169 160 195 196 174 164 223 164 160 160 195 164 164 222 174 170 165 174 174 160 31 164 161 180 211 195 31 160 223
split_gain=3340.02 1568.85 804.401 878.866 864.949 682.18 600.743 549.989 420.472 343.64 285.412 191.046 215.57 187.074 421.642 223.737 174.267 329.459 209.257 172.443 282.02 425.509 198.356 166.8 164.895 176.408 160.665 159.873 143.095 197.815
threshold=0 1.0000000180025095e-35 1 1.0000000180025095e-35 2 210.00000000000003 3 1.0000000180025095e-35 4 5 6 1.0000000180025095e-35 7 8 1.0000000180025095e-35 330.00000000000006 1.0000000180025095e-35 75.000000000000014 190.00000000000003 230.00000000000003 9 1.0000000180025095e-35 10 11 1.0000000180025095e-35 7.5000000000000009 1.0000000180025095e-35 1.0000000180025095e-35 12 1.0000000180025095e-35
decision_type=9 2 9 2 1 2 9 2 9 9 9 2 9 9 2 2 2 2 2 2 9 2 9 9 2 2 2 2 9 2
left_child=1 13 5 4 7 10 -5 23 -6 -9 11 12 -2 14 15 -1 17 28 -19 20 21 22 -10 -4 25 -25 -7 -27 -15 -30
right_child=2 -3 3 6 8 26 -8 9 19 -11 -12 -13 -14 16 -16 -17 -18 18 -20 -21 -22 -23 -24 24 -26 27 -28 -29 29 -31
leaf_value=0.044978912968071591 0.023875589013706067 0.041211275453603063 0.046894203617536621 0.017243884887382072 -0.043929383657389548 -0.032436543389390185 -0.037275627193984549 0.029794060783301608 0.017507883761338848 -0.047020222923028585 -0.030872691779779117 -0.043344573019008681 -0.0061626023576219664 0.0039967696376468119 -0.046166527303285514 0.001472712197815368 0.013324746748374401 0.0039776886825536144 -0.015756860565442253 -0.0080688708901956192 -0.022427463729803782 -0.028094490974227695 -0.012534175524197215 -0.005787810568205088 0.0027971271551817433 -0.012109520076892109 -0.058862247986698993 0.014271616262831723 0.010056537962611734 -0.017964888243159803
leaf_weight=1008.6119164347183 729.91654379392276 3294.8833757194225 164.61379797291011 5672.5601549466373 1203.8213390990859 3159.3554250086891 545.30672887217952 165.23129881406203 1534.9866113735479 1017.1186994945456 1207.5661586741335 276.78484754444798 3079.1958618496428 37561.506013157952 194.41660459287232 418.27691297139972 6522.4137661864515 2409.6675121153239 3033.4359735252219 8392.5575673464045 8469.0205747590517 1371.7217283098144 844.41357332206098 22653.595344872243 12065.325242868625 782.47790341591462 704.97269912622869 2153.2009753198363 20103.579513607896 649.62498039932689
leaf_count=2541 5956 12809 342 16841 47577 105490 29806 590 7731 47462 16775 9047 26464 97972 1916 1455 14711 8553 34171 167054 122715 28288 8935 159733 30407 5478 26894 5667 48034 6067
internal_value=0 0.00747526 -0.00737743 -0.00547627 -0.00730771 -0.0212714 0.0124269 -0.00284461 -0.0152776 -0.0364189 -0.009632 -0.00326665 -0.000356384 0.00593 0.0226785 0.032234 0.00553939 0.00474364 -0.00701987 -0.0135826 -0.0173795 -0.00590418 0.00686481 -0.00179512 -0.00202064 -0.00429321 -0.0372657 0.0072374 0.00584178 0.00917433
internal_weight=151390 75196.4 76193.7 67036 60818.1 9157.79 6217.87 39001.6 21816.5 1182.35 5293.46 4085.9 3809.11 71901.5 1621.31 1426.89 70280.2 63757.8 5443.1 20612.7 12220.1 3751.12 2379.4 37819.2 37654.6 25589.3 3864.33 2935.68 58314.7 20753.2
internal_count=1097481 228229 869252 678626 631979 190626 46647 249679 382300 48052 58242 41467 32420 215420 5912 3996 209508 194797 42724 334723 167669 44954 16666 201627 201285 170878 132384 11145 152073 54101
cat_boundaries=0 39 79 80 104 134 173 212 223 228 229 253 259 297
cat_threshold=0 0 6 0 4096 0 0 0 0 131072 0 0 0 0 0 0 0 0 0 0 0 0 0 224 0 0 0 0 0 0 0 0 0 41943040 512 67108864 0 1 2147483648 8192 0 0 0 0 0 0 2097152 0 0 8388608 0 0 0 0 0 0 0 0 0 0 0 0 0 0 0 0 0 0 0 0 0 0 0 0 0 0 0 512 327680 3075 0 0 4 0 0 0 0 0 0 0 0 0 0 0 0 0 0 0 0 0 0 0 0 128 0 0 0 0 0 0 0 0 0 131072 8388608 0 0 0 0 0 0 0 0 0 0 0 0 0 0 0 0 0 0 2147483648 0 0 0 0 0 0 0 0 0 0 0 0 0 0 0 0 0 0 0 0 0 0 0 0 0 0 0 0 0 0 0 0 0 0 0 512 0 0 1073741824 8192 0 0 0 0 0 0 0 0 0 0 0 0 0 0 0 0 0 0 0 0 0 0 0 0 0 0 0 0 0 0 0 0 0 0 0 0 0 512 0 0 4 0 4096 0 0 0 0 131072 8388608 0 0 0 0 4096 524288 0 0 0 0 0 0 0 0 0 0 0 0 0 0 0 0 0 0 0 0 0 0 0 32 0 0 4096 0 0 8388608 0 0 4 0 4096 0 0 0 0 0 0 0 0 0 0 0 0 0 0 0 0 0 0 64 0 0 0 0 0 0 0 0 0 33554432 512 0 0 1
is_linear=0
shrinkage=0.05


Tree=28
num_leaves=31
num_cat=7
split_feature=196 166 170 159 223 182 195 164 176 31 31 211 170 165 173 196 173 177 40 167 31 173 166 164 167 164 164 195 31 166
split_gain=2694.37 1148.38 665.328 783.973 573.817 537.534 428.531 278.792 224.241 220.956 199.228 197.277 196.633 220.68 172.219 260.735 167.208 163.169 163.094 154.8 153.956 208.01 148.019 143.787 154.905 347.186 159.958 285.724 198.049 152.315
threshold=0 125.00000000000001 1.0000000180025095e-35 1 1.0000000180025095e-35 1.0000000180025095e-35 1.0000000180025095e-35 2 1.0000000180025095e-35 1.0000000180025095e-35 1.0000000180025095e-35 7.5000000000000009 1.0000000180025095e-35 75.000000000000014 7.5000000000000009 3 18.500000000000004 1.0000000180025095e-35 1.0000000180025095e-35 1.5000000000000002 1.0000000180025095e-35 10.500000000000002 65.000000000000014 4 1.0000000180025095e-35 5 6 1.0000000180025095e-35 1.0000000180025095e-35 55.000000000000007
decision_type=1 2 2 1 2 2 2 9 2 2 2 2 2 2 2 1 2 2 2 2 2 2 2 9 2 9 9 2 2 2
left_child=1 12 3 4 5 11 10 -8 17 -6 -4 14 13 -1 15 -2 18 -7 20 -3 21 -15 -14 -5 26 -26 -25 28 -28 -30
right_child=2 19 6 23 9 8 7 -9 -10 -11 -12 -13 22 16 -16 -17 -18 -19 -20 -21 -22 -23 -24 24 25 -27 27 -29 29 -31
leaf_value=0.0043366249920573198 0.00019500746774537563 0.028233961942108726 -0.0013910300553940387 -0.031036587097931851 -0.041150818359284108 0.025757236194997438 0.016773067333664803 -0.033491102640832791 -0.0061522339708221111 -0.012522314731347302 -0.026764552571965652 0.0065091437016202309 -0.0035749678693744458 -0.0048572199796068768 -0.010127670255716583 -0.025169076120387737 -0.039121087736839893 -0.053443519634189418 0.0068905069807247664 -0.045344837123865195 -0.000620674007621007 -0.048745924050335059 0.016402129596405923 -0.0029581519127162381 0.041989937996303656 -0.05350476313743379 -0.0094944021907466536 -0.056449333129825953 -0.026762477845348451 -0.009855493585960818
leaf_weight=66774.98654923623 10331.857037121954 5786.6192007214413 3747.9741557228845 1995.8573946311371 1445.7090829406807 2293.1022783759981 5035.9253393175313 283.04914789227769 871.87489978934173 1264.5694178036501 974.52187289448921 2926.8817628838588 1128.6488283048384 539.66013253037818 18137.370622570073 1112.919918408792 374.56076293613296 66.43552611861378 1820.5223163807532 71.896287017385475 1163.307587810792 540.53325266577303 5181.4826442450285 2160.5909149238723 106.64957198547199 609.56149448920041 5754.1515802728827 459.26641153340461 4875.2609045264398 1835.5276636041526
leaf_count=180529 39694 24157 20706 98638 44254 4794 12196 5978 4333 41374 34419 11145 4836 3066 214080 10656 7818 199 10652 578 8456 7899 9135 28821 1199 24134 67920 24097 118758 32960
internal_value=0 0.00598122 -0.00752328 -0.00964091 -0.00561943 -0.0039385 0.00433057 0.014063 0.0155086 -0.0277999 -0.00663038 -0.00587192 0.0043687 0.00361896 -0.00709717 -0.00229384 -0.00717585 0.0235143 -0.00422594 0.0273263 -0.0132483 -0.0268363 0.0128282 -0.0183153 -0.0166886 -0.0394191 -0.0156189 -0.0177188 -0.0163034 -0.0221399
internal_weight=149671 83382.2 66289.1 56247.6 38450.7 35740.4 10041.5 5318.97 3231.41 2710.28 4722.5 32509 77523.7 71213.6 29582.1 11444.8 4438.58 2359.54 4064.02 5858.52 2243.5 1080.19 6310.13 17796.9 15801 716.211 15084.8 12924.2 12464.9 6710.79
internal_count=1097481 257126 840355 767056 370529 284901 73299 18174 9326 85628 55125 275575 232391 218420 264430 50350 37891 4993 30073 24735 19421 10965 13971 396527 297889 25333 272556 243735 219638 151718
cat_boundaries=0 1 2 32 33 63 70 94
cat_threshold=199 128 0 0 4 0 0 0 0 0 0 0 0 0 0 0 0 0 0 0 0 0 0 0 0 192 0 0 0 0 0 2147483648 1024 0 0 0 0 4096 0 0 0 0 131072 8388608 0 0 0 0 0 0 0 0 0 0 0 0 0 0 0 0 0 0 2147483648 0 0 4 0 0 0 4194304 0 0 0 0 0 0 0 2097152 0 0 0 0 0 0 0 0 0 0 0 0 0 0 0 128
is_linear=0
shrinkage=0.05


Tree=29
num_leaves=31
num_cat=9
split_feature=160 169 223 160 164 170 180 31 164 160 173 224 31 190 164 31 170 164 222 165 173 40 211 164 221 193 173 173 160 31
split_gain=2715.75 1400.99 954.007 721.695 775.205 655.816 658.896 405.063 273.48 267.7 244.918 179.934 182.516 166.835 152.164 151.927 146.558 282.784 167.841 281.244 284.687 141.106 139.205 139.173 136.838 155.542 127.464 126.36 245.546 125.011
threshold=0 1.0000000180025095e-35 1.0000000180025095e-35 1 2 1.0000000180025095e-35 1.0000000180025095e-35 1.0000000180025095e-35 3 4 9.5000000000000018 1.0000000180025095e-35 1.0000000180025095e-35 1.0000000180025095e-35 5 1.0000000180025095e-35 1.0000000180025095e-35 6 1.0000000180025095e-35 105.00000000000001 16.500000000000004 1.5000000000000002 7.5000000000000009 7 1.0000000180025095e-35 1.0000000180025095e-35 7.5000000000000009 9.5000000000000018 8 1.0000000180025095e-35
decision_type=9 2 2 9 9 2 2 2 9 9 2 2 2 2 9 2 2 9 2 2 2 2 2 9 2 2 2 2 9 2
left_child=1 16 3 8 -5 6 9 13 10 21 -2 -11 -13 -7 -9 -12 17 26 19 24 -21 22 27 -18 -19 -26 -1 28 -6 -24
right_child=2 -3 -4 4 5 7 -8 14 -10 11 15 12 -14 -15 -16 -17 23 18 -20 20 -22 -23 29 -25 25 -27 -28 -29 -30 -31
leaf_value=0.005175698129705998 0.018802057426528022 0.039762158806718829 -0.045313688176757724 -0.03989480892383146 0.0037618670668172101 0.0021360218378919144 0.0049636388144761387 0.019282059900487002 -0.03033522574807019 -0.010429055024603062 -0.050385590678032888 -0.0016606957915832991 -0.039444059066901849 0.018226926411998991 -0.034149372898589776 0.0033859387651947307 0.015794657608538484 0.0046962617538465765 -0.043777662971744215 0.044542020372184077 -0.004332146406742318 -0.014265501917807441 -0.0093896636991245286 -0.0033228789086307805 0.013351313663093365 0.064222953741113226 -0.010159399639782744 -0.010182840295233581 -0.030470335967260672 0.015490771044821628
leaf_weight=1949.3619030314148 619.90336080710404 3059.3909992914414 1581.0080361006403 1513.3719112996187 5881.5070384846767 2370.2042533224449 11454.909785215277 161.69685776368715 3974.262496784766 27233.179237740536 305.89812556107063 457.1841666091932 1064.2989728529355 5033.8405289060902 663.35490875242976 229.55326056090416 5330.9587072290014 55884.674044212123 171.15768370917067 898.3616179341916 445.3020982965827 2480.1131918146275 681.00127509958111 1160.1949341353029 2371.1365493286867 160.0547445807606 4439.6366960662417 4520.3356204261072 564.46679190508439 1946.1377935977653
leaf_count=6132 6333 12809 77266 63741 19515 10498 30407 2469 96762 367850 12989 4977 42391 9393 26856 4901 9875 151073 1784 2419 1349 24165 4547 5054 6761 501 40840 44419 5006 4399
internal_value=0 0.00661769 -0.00690279 -0.00604992 -0.00464312 -0.00380972 -0.00573802 0.00937324 -0.0240983 -0.00847275 -0.00255971 -0.0113607 -0.0280983 0.013077 -0.0238464 -0.0273422 0.00522559 0.0045236 0.0055892 0.00573198 0.0283454 -0.00329679 -0.00129716 0.0123961 0.0052115 0.0165821 -0.00547109 -0.00377406 0.000719853 0.00903886
internal_weight=148606 75870.2 72736.2 71155.2 66025.6 64512.2 56283.1 8229.1 5129.62 44828.2 1155.35 28754.7 1521.48 7404.04 825.052 535.451 72810.8 66319.7 59930.7 59759.5 1343.66 16073.6 13593.4 6491.15 58415.9 2531.19 6389 10966.3 6445.97 2627.14
internal_count=1097481 238597 858884 781618 660633 596892 547676 49216 120985 517269 24223 415218 47368 19891 29325 17890 225788 210859 163887 162103 3768 102051 77886 14929 158335 7262 46972 68940 24521 8946
cat_boundaries=0 39 79 109 139 178 202 226 250 289
cat_threshold=0 0 6 0 4096 0 0 0 0 131072 0 0 0 0 0 0 0 0 0 0 0 0 0 224 0 0 0 0 0 0 0 0 0 41943040 512 67109376 0 1 2147483648 8192 0 0 0 0 0 0 2097152 0 0 8388608 0 0 0 0 0 0 0 0 0 0 0 0 0 0 0 0 0 0 0 0 0 0 0 0 0 0 0 0 327680 0 0 2 0 0 0 0 0 0 131072 8388608 0 0 0 0 0 0 0 0 0 0 0 0 0 0 0 0 0 0 2147483648 0 0 4 0 0 0 4194304 0 0 131072 8388608 0 0 0 0 0 0 0 0 0 0 0 0 0 0 0 0 0 0 2147483648 0 0 0 0 0 0 0 0 0 0 0 0 0 0 0 0 0 0 0 0 0 0 0 0 0 0 0 0 0 2147483648 0 0 0 1073741824 0 0 1 8192 1073741824 0 0 4 0 4096 0 4194304 0 0 0 0 0 0 0 0 0 0 0 0 0 0 0 0 64 0 0 6 0 0 0 0 0 0 0 0 0 0 0 0 0 0 0 0 0 0 0 0 64 0 0 4 0 0 0 0 0 0 131072 0 0 0 0 0 0 0 0 0 0 0 0 0 64 0 0 0 0 0 0 0 0 0 0 0 0 0 0 0 0 0 0 0 0 0 0 0 0 0 0 0 0 0 0 0 0 0 1073741824 0 0 1 0 1073741824
is_linear=0
shrinkage=0.05


Tree=30
num_leaves=31
num_cat=12
split_feature=160 169 160 195 196 173 166 164 180 160 161 211 173 160 160 173 170 164 165 222 173 195 164 173 169 195 160 164 31 173
split_gain=2511.78 1287.69 680.179 739.422 795.734 605.244 470.325 328.191 295.63 255.905 176.232 176.729 189.691 353.153 346.82 232.257 159.41 273.326 166.307 290.54 204.664 157.253 184.617 153.581 254.416 149 144.688 131.339 130.74 118.389
threshold=0 1.0000000180025095e-35 1 1.0000000180025095e-35 2 10.500000000000002 95.000000000000014 3 1.0000000180025095e-35 4 5 7.5000000000000009 9.5000000000000018 6 7 14.500000000000002 1.0000000180025095e-35 8 95.000000000000014 1.0000000180025095e-35 16.500000000000004 1.0000000180025095e-35 9 11.500000000000002 1.0000000180025095e-35 1.0000000180025095e-35 10 11 1.0000000180025095e-35 7.5000000000000009
decision_type=9 2 9 2 1 2 2 9 2 9 9 2 2 9 9 2 2 9 2 2 2 2 9 2 2 2 9 9 2 2
left_child=1 16 5 4 8 9 -5 -6 10 -2 -4 12 14 26 -12 -15 17 29 -19 20 -20 22 -11 24 -9 -7 -14 -26 -13 -1
right_child=2 -3 3 6 7 25 -8 23 -10 21 11 28 13 15 -16 -17 -18 18 19 -21 -22 -23 -24 -25 27 -27 -28 -29 -30 -31
leaf_value=0.0048214021225855587 -0.033028098299493588 0.03894310973819487 0.041869923936393862 -0.039891195767394166 -0.041135132981738848 -0.030713007378432494 0.015532966700155405 -0.020871193389300057 0.0045520326572018105 0.021322602190722618 0.0020571050294903525 -0.011534906392540015 -0.029592386295026026 -0.0083107338820814138 -0.016676823107326509 0.023307542522542087 0.012686589267466051 0.0050629381623910844 0.044027319349744735 -0.041469550615184217 0.00094176523568961258 -0.042023874860683832 -0.0062140753453412481 -0.0076019418085123778 -0.0012320178004129635 -0.057522701350420362 -0.013315299327552639 -0.045886338685343461 0.012605482884724191 -0.0099969675283373451
leaf_weight=1943.3897131226258 876.86634135403438 2936.85383144964 187.97089777793735 409.94157073559472 1078.6368925412826 2967.5720073574048 5673.8990560237435 8684.6317933112878 11390.980428775772 738.94778779416811 9456.5865121778625 761.91924883425236 1779.74170953469 1382.6478965536226 3333.0635973402095 1000.6368755326839 6399.9502950713504 56821.0855829512 864.97191947232932 158.12376314605353 404.80308300512843 248.32714741522796 3230.501072631334 8135.1639574604633 2791.9301558556035 629.39437494683079 6172.0555612190219 164.64287522365339 2120.0787241024664 4393.6211904804222
leaf_count=6132 12641 12809 435 24673 47577 105490 21974 146829 30407 5956 39327 5478 48885 9576 21781 7179 14929 148047 2420 1700 1352 9047 30598 167054 16904 26894 80944 3936 5667 40840
internal_value=0 0.00650101 -0.00656375 -0.00479283 -0.00652061 -0.0196884 0.0117946 -0.0143503 -0.00217151 -0.00862181 -0.00509635 -0.0054508 -0.00690809 -0.0119457 -0.00283658 0.00494366 0.00515939 0.00441333 0.00548575 0.0223383 0.0303014 -0.00345681 -0.00104652 -0.0128681 -0.0165584 -0.0354129 -0.0169932 -0.00388706 0.00622081 -0.00544318
internal_weight=147139 73922.8 73216.1 64524.5 58440.7 8691.61 6083.84 20855 37585.7 5094.64 26194.7 26006.7 23124.7 10335.1 12789.7 2383.28 70985.9 64586 58249 1427.9 1269.78 4217.78 3969.45 19776.4 11641.2 3596.97 7951.8 2956.57 2882 6337.01
internal_count=1097481 228229 869252 678626 631979 190626 46647 382300 249679 58242 219272 218837 207692 146584 61108 16755 215420 200491 153519 5472 3772 45601 36554 334723 167669 132384 129829 20840 11145 46972
cat_boundaries=0 39 79 80 110 150 160 199 238 262 273 312 336
cat_threshold=0 0 6 0 4096 0 0 0 0 131072 0 0 0 0 0 0 0 0 0 0 0 0 0 224 0 0 0 0 0 0 0 0 0 41943040 512 67108864 0 1 2147483648 8192 0 0 0 0 0 0 2097152 0 0 8388608 0 0 0 0 0 0 0 0 0 0 0 0 0 0 0 0 0 0 0 0 0 0 0 0 0 0 0 512 327680 3075 0 0 0 0 0 0 0 0 0 131072 8388608 0 0 0 0 0 0 0 0 0 0 0 0 0 0 0 0 0 0 2147483648 0 0 0 0 0 0 0 0 0 0 0 0 0 0 0 0 0 0 0 0 0 0 0 0 0 0 0 0 0 0 0 0 0 0 0 0 0 0 0 327680 0 0 4096 0 0 8388608 0 0 0 1 0 0 0 0 0 0 0 0 0 0 0 0 0 0 0 0 0 0 0 0 0 0 0 0 0 0 0 0 0 0 0 0 0 1073741824 0 0 1 8192 32768 0 0 0 0 0 0 0 0 0 0 0 0 0 0 0 0 0 0 0 0 0 0 0 0 0 0 0 0 0 0 0 0 0 1073741824 0 0 1 0 32768 0 0 6 0 0 0 0 0 0 0 0 0 0 0 0 0 0 0 0 0 0 0 0 64 0 0 4 0 4096 0 0 0 0 131072 8388608 0 0 0 0 0 0 0 0 0 0 0 0 0 0 0 0 0 0 0 0 0 0 0 0 0 0 0 0 0 0 0 0 0 0 0 0 0 0 32768 0 0 0 0 0 0 4194304 0 0 0 0 0 0 0 0 0 0 0 0 0 0 0 0 224
is_linear=0
shrinkage=0.05


Tree=31
num_leaves=31
num_cat=7
split_feature=160 169 223 163 196 176 160 173 160 204 173 176 167 169 31 160 166 222 173 170 160 173 40 160 31 31 173 166 224 211
split_gain=2323.61 1200.03 872.633 653.741 888.032 446.916 386.04 307.733 255.005 226.233 243.579 185.073 184.174 178.327 155.728 184.271 152.173 325.078 204.008 156.57 260.595 201.512 166.4 150.592 141.179 137.161 191.146 135.566 128.264 127.183
threshold=0 1.0000000180025095e-35 1.0000000180025095e-35 4.5000000000000009 1 1.0000000180025095e-35 2 13.500000000000002 3 1.0000000180025095e-35 15.500000000000002 1.0000000180025095e-35 1.0000000180025095e-35 1.0000000180025095e-35 1.0000000180025095e-35 4 175.00000000000003 1.0000000180025095e-35 17.500000000000004 1.0000000180025095e-35 5 18.500000000000004 1.0000000180025095e-35 6 1.0000000180025095e-35 1.0000000180025095e-35 10.500000000000002 65.000000000000014 1.0000000180025095e-35 11.500000000000002
decision_type=9 2 2 2 1 2 9 2 9 2 2 2 2 2 2 9 2 2 2 2 9 2 2 9 2 2 2 2 2 2
left_child=1 16 3 4 5 9 7 -6 24 10 -2 23 -10 14 -5 -16 19 18 -18 20 21 22 25 -8 -7 26 -1 -21 -25 -11
right_child=2 -3 -4 13 6 8 11 -9 12 29 -12 -13 -14 -15 15 -17 17 -19 -20 27 -22 -23 -24 28 -26 -27 -28 -29 -30 -31
leaf_value=-0.006682072707747528 -0.0053872148423301522 0.03812968056614971 -0.044377820922329975 -0.0373986304733359 -0.0015290603261756788 0.028571884821677326 -0.028411770411155182 -0.017468152021646862 0.0058939260065970448 -0.026904310468111117 0.020565388191346869 -0.025901472185106467 -0.031014495393736671 -0.010853386687955699 -0.0068800418864737554 -0.030911181057693915 0.041329741576667939 -0.043539116528367505 -0.0034441342712424948 -0.0038439495389950337 0.0048389078038543823 -0.036765480108708219 0.0060245726026232245 -0.0080100118259321795 -0.022033458121927647 -0.0014958142534436214 -0.044626530910969027 0.015419386816452064 -0.031173812054855907 0.0092202142274864125
leaf_weight=764.40030771773309 7691.193491815764 2821.7948586352868 1486.8214048944501 1598.5893135864753 14078.146919087798 1745.2870342899114 1282.4717508842004 3857.9503671218554 16525.625633719785 1603.1042171247245 1023.9921472856076 3630.5253052856715 344.52849102497566 4577.5523085235618 1710.3164989998331 1519.3184435076546 952.22970031527802 172.73026223492343 346.72782578552142 1105.7347053082194 58263.074829227204 492.37002732616384 2526.7285031111096 7213.0714198556961 149.16022133163642 1586.056639736169 586.89528464432806 5232.7825051748659 651.43447468226077 286.81797708524391
leaf_count=4014 53805 12809 77266 86737 77753 2780 21408 68174 51371 14270 7630 114619 16411 59771 45918 58580 2756 1916 1240 4836 159677 9035 13791 79660 6305 10333 8315 9875 15095 1331
internal_value=0 0.00614551 -0.00648103 -0.00567072 -0.00375172 0.00246487 -0.00969404 -0.00495537 0.00710259 -0.00573823 -0.00233633 -0.0163359 0.00513593 -0.0179278 -0.0246321 -0.0183066 0.00489305 0.0208043 0.0293778 0.00456095 0.00382081 -0.00613427 -0.00338128 -0.0125553 0.024451 -0.0114736 -0.0231762 0.0120581 -0.00991861 -0.0214184
internal_weight=145827 74851.5 70975.9 69489.1 60083.3 29369.7 30713.6 17936.1 18764.6 10605.1 8715.19 12777.5 16870.2 9405.78 4828.22 3229.63 72029.7 1471.69 1298.96 70558 64219.5 5956.45 5464.08 9146.98 1894.45 2937.35 1351.3 6338.52 7864.51 1889.92
internal_count=1097481 238597 858884 781618 530612 153903 376709 145927 76867 77036 61435 230782 67782 251006 191235 104498 225788 5912 3996 219876 205165 45488 36453 116163 9085 22662 12329 14711 94755 15601
cat_boundaries=0 39 40 79 80 81 105 145
cat_threshold=0 0 6 0 4096 0 0 0 0 131072 0 0 0 0 0 0 0 0 0 0 0 0 0 224 0 0 0 0 0 0 0 0 0 41943040 512 67109376 0 1 2147483648 2083 0 0 0 0 0 0 0 0 0 0 0 0 0 0 0 0 0 0 0 0 0 0 0 0 0 0 0 0 0 2147483648 0 0 0 1073741824 0 0 1073741825 0 1073774592 32 8224 0 0 0 0 4096 0 0 0 0 0 0 0 0 0 0 0 0 0 0 0 0 0 0 128 0 0 0 0 0 0 0 0 0 0 8388608 0 0 0 0 0 0 0 0 0 0 0 0 0 0 0 0 0 0 0 0 0 0 0 0 0 0 0 0 327680
is_linear=0
shrinkage=0.05


Tree=32
num_leaves=31
num_cat=10
split_feature=160 162 223 163 196 176 160 160 176 160 160 204 173 167 170 160 221 173 176 40 31 161 160 160 173 176 198 173 40 172
split_gain=2163.53 734.009 580.794 603.593 813.717 405.664 334.181 322.297 290.925 257.27 214.364 187.091 213.901 172.887 156.915 238.13 209.054 184.332 146.938 141.296 135.195 134.884 125.507 123.714 154.625 135.008 137.614 210.513 144.47 196.365
threshold=0 3.0000000000000004 1.0000000180025095e-35 4.5000000000000009 1 1.0000000180025095e-35 2 3 1.0000000180025095e-35 4 5 1.0000000180025095e-35 15.500000000000002 1.0000000180025095e-35 1.0000000180025095e-35 6 1.0000000180025095e-35 18.500000000000004 1.0000000180025095e-35 1.0000000180025095e-35 1.0000000180025095e-35 7 8 9 11.500000000000002 1.0000000180025095e-35 1.0000000180025095e-35 12.500000000000002 1.0000000180025095e-35 1.0000000180025095e-35
decision_type=9 2 2 2 1 2 9 9 2 9 9 2 2 2 2 9 2 2 2 2 2 9 9 9 2 2 2 2 2 2
left_child=1 14 3 4 5 11 8 -4 22 20 -10 12 -2 -11 15 17 -17 19 -3 -1 -7 -14 -6 -8 -25 26 27 28 29 -26
right_child=2 18 7 -5 6 9 23 -9 10 13 -12 -13 21 -15 -16 16 -18 -19 -20 -21 -22 -23 -24 24 25 -27 -28 -29 -30 -31
leaf_value=-0.010604209240326434 -0.0053102475761970854 0.031146659253466293 0.013746705419000714 -0.017386511932100741 0.0018570694993409022 0.028680271442898898 -0.0087012323791807386 -0.046245886630982717 0.013330699419005963 0.0055562601402956331 -0.01732586630645291 -0.019956083834725909 0.047751108881897542 -0.030653476241972722 0.012315878782747232 0.0043335186914496967 0.021043657252110701 -0.035515666089616309 0.014124295574386776 0.0055980889246854196 -0.021378727695469047 0.0073634651133189415 -0.019519505750457959 -0.023443696069517996 0.029187639293714235 -0.020908066145941175 0.024902797705328342 -0.02336159796598385 -0.04193714659820804 -0.051626016186211647
leaf_weight=2882.511049643741 7658.3040776601993 3064.5363451936282 269.80705415454577 9269.3481912951393 10205.246206335665 1682.9956714063883 5690.7552357377717 1307.0948065627745 641.37094617384719 16427.957438235695 4806.4406309265469 1844.9112130371213 281.46809310605749 335.87082243483746 6094.1294884800445 53905.128124190989 1938.7683890245389 475.01237092318479 2166.816649747605 2522.4788224032964 146.15090833854629 753.57863975624787 725.61779887508601 5589.9903093446628 614.72526955453213 1738.4248785062664 384.20135396817932 1000.744487696822 111.06555632653181 85.129163813078776
leaf_count=22662 53805 13288 4712 251006 49126 2780 74643 73082 5353 51371 60992 15601 987 16411 13943 138713 5350 9035 11447 13791 6305 6643 5552 98735 2647 61032 5830 19044 2005 1590
internal_value=0 0.00605294 -0.00617794 -0.00550251 -0.00368827 0.00233972 -0.00924435 -0.0361829 -0.00428088 0.00678263 -0.0137222 -0.00549631 -0.00242609 0.00482671 0.00466155 0.00390565 0.00491305 -0.00565934 0.024099 -0.00304194 0.0245389 0.0189012 0.000420597 -0.0145805 -0.0180793 -0.0105001 -0.00225508 -0.00802252 0.0109038 0.0193206
internal_weight=144621 73049.4 71571.2 69994.3 60724.9 29131.2 31593.7 1576.9 16378.7 18593 5447.81 10538.3 8693.35 16763.8 67818 61723.9 55843.9 5880 5231.35 5404.99 1829.15 1035.05 10930.9 15215 9524.28 3934.29 2195.87 1811.66 810.92 699.854
internal_count=1097481 228229 869252 791458 540452 153903 386549 77794 121023 76867 66345 77036 61435 67782 203494 189551 144063 45488 24735 36453 9085 7630 54678 265526 190883 92148 31116 25286 6242 4237
cat_boundaries=0 39 40 79 119 120 159 183 217 256 295
cat_threshold=0 0 6 0 4096 0 0 0 0 131072 0 0 0 0 0 0 0 0 0 0 0 0 0 224 0 0 0 0 0 0 0 0 0 41943040 512 67108864 0 1 2147483648 2083 0 0 0 0 0 0 0 0 0 0 0 0 0 0 0 0 0 0 0 0 0 0 0 0 0 0 0 0 0 2147483648 0 0 0 1073741824 0 512 1 0 1073774592 0 0 0 0 0 0 0 0 0 0 0 0 0 0 0 0 0 0 0 0 0 0 0 0 0 0 0 0 0 2147483648 0 0 0 0 0 512 0 0 1073741824 327680 32 0 0 0 0 0 0 0 0 0 0 0 0 0 0 0 0 0 0 0 0 0 0 0 0 0 0 0 0 0 2147483648 0 0 0 0 0 512 0 0 1073741824 0 0 0 0 4096 0 0 0 0 0 0 0 0 0 0 0 0 0 0 0 0 0 0 128 0 0 4096 0 0 8388608 0 0 0 1 0 0 0 128 0 0 0 0 0 0 0 0 0 0 0 0 0 0 0 0 0 0 0 32768 0 0 0 0 0 0 0 0 0 0 0 0 0 0 0 0 0 0 0 0 0 0 0 0 0 0 0 0 0 0 0 0 0 1073741824 0 0 1 0 32768 0 0 0 0 0 0 0 0 0 0 0 0 0 0 0 0 0 0 0 0 0 0 0 0 0 0 0 0 0 0 0 0 0 0 0 0 1073741824 0 512
is_linear=0
shrinkage=0.05


Tree=33
num_leaves=31
num_cat=8
split_feature=196 169 170 196 223 182 31 190 31 176 211 170 164 165 222 174 164 164 164 167 164 164 195 31 224 174 207 167 31 221
split_gain=1783.01 1104.39 568.565 618.076 429.025 484.023 331.813 328.731 206.021 199.717 180.078 154.08 181.845 144.913 234.274 194.654 138.433 133.634 119.823 129.832 325.391 144.771 229.533 152.023 125.328 115.869 180.097 115.308 114.125 110.909
threshold=0 1.0000000180025095e-35 1.0000000180025095e-35 1 1.0000000180025095e-35 1.0000000180025095e-35 1.0000000180025095e-35 1.0000000180025095e-35 1.0000000180025095e-35 1.0000000180025095e-35 7.5000000000000009 1.0000000180025095e-35 2 105.00000000000001 1.0000000180025095e-35 330.00000000000006 3 4 5 1.0000000180025095e-35 6 7 1.0000000180025095e-35 1.0000000180025095e-35 1.0000000180025095e-35 150.00000000000003 1.0000000180025095e-35 1.0000000180025095e-35 1.0000000180025095e-35 1.0000000180025095e-35
decision_type=1 2 2 1 2 2 2 2 2 2 2 2 9 2 2 2 9 9 9 2 9 9 2 2 2 2 2 2 2 2
left_child=1 11 3 4 5 10 7 -4 -6 -7 25 12 27 29 15 -15 -13 -8 -5 21 -21 -20 23 -23 -25 26 -2 -1 -12 -14
right_child=2 -3 6 18 8 9 17 -9 -10 -11 28 16 13 14 -16 -17 -18 -19 19 20 -22 22 -24 24 -26 -27 -28 -29 -30 -31
leaf_value=-0.0083922138068361577 -0.022158405898343142 0.036709404070220802 -0.0032789298111853987 -0.028536661031564999 -0.038787284661748966 0.023230254446757484 0.034794899683819568 0.016531116299266176 -0.0096642215321632464 -0.0053361540963135475 -0.010044661403636489 0.01480353220950178 0.003187375290692903 0.042054600871890467 -0.039650052783356642 -0.00083238784024292729 -0.004396699195934487 -0.028933364139231827 -0.0015107963998194749 0.04290805194774458 -0.051557765510752786 -0.008551554528559966 -0.054058819573703336 -0.016970056190592501 -0.036608965474104083 -0.0088999104639002988 -0.00026139243195321939 0.0087765428453362056 0.012939016072576507 0.013831302304516041
leaf_weight=4977.6731972544803 1036.445952680835 2639.6748332018033 3662.6594348809158 1811.2956082732126 1280.2532372468413 2273.5811758171767 83.541308193933219 4888.0908037683694 1156.7075023450016 836.48277583345771 729.92156164476182 5157.0290810330771 61935.178143939542 785.89224459347315 144.75156228803098 398.35497893439606 1146.8741659135558 859.15785510360729 2057.0549617504003 102.77048017946072 546.12315143848537 5439.6987086377339 381.69570028525777 5327.5238599588483 959.4552254415612 17239.957960315805 9949.1697886721231 1216.3547137071728 2071.2197495257715 2547.9840144499904
leaf_count=39447 10656 12809 26134 98638 44254 4993 808 11979 41374 4333 5478 9903 167632 2419 1700 1349 5054 34378 28821 1199 24134 67920 24097 109327 42391 214080 39694 7931 5667 8882
internal_value=0 0.00490211 -0.00632943 -0.00834192 -0.00470329 -0.00325732 0.00494079 0.00804533 -0.0249708 0.0155458 -0.00514249 0.00383029 0.00317392 0.00394456 0.020286 0.0276299 0.0113261 -0.0232029 -0.016333 -0.0148214 -0.0367004 -0.013828 -0.0159056 -0.0146746 -0.0199706 -0.00634259 -0.00232865 -0.00501136 0.00694742 0.00360814
internal_weight=143643 80949.8 62692.8 53199.4 36573.7 34136.8 9493.45 8550.75 2436.96 3110.06 31026.7 78310.1 72006.2 65812.2 1329 1184.25 6303.9 942.699 16625.6 14814.3 648.894 14165.4 12108.4 11726.7 6286.98 28225.6 10985.6 6194.03 2801.14 64483.2
internal_count=1097481 257126 840355 767056 370529 284901 73299 38113 85628 9326 275575 244317 229360 181982 5468 3768 14957 35186 396527 297889 25333 272556 243735 219638 151718 264430 50350 47378 11145 176514
cat_boundaries=0 1 2 26 50 57 87 94 118
cat_threshold=199 3080 0 0 6 0 0 0 0 0 0 0 0 0 0 0 0 0 0 0 0 0 0 0 0 64 0 0 4 0 0 0 0 0 0 131072 0 0 0 0 0 0 0 0 0 0 0 0 0 64 0 0 4 0 4096 0 4194304 0 0 0 0 4096 0 0 0 0 131072 8388608 0 0 0 0 0 0 0 0 0 0 0 0 0 0 0 0 0 0 2147483648 0 0 4 0 0 0 4194304 0 0 0 0 0 0 0 2097152 0 0 0 0 0 0 0 0 0 0 0 0 0 0 0 128
is_linear=0
shrinkage=0.05


Tree=34
num_leaves=31
num_cat=12
split_feature=160 169 223 160 164 170 196 31 164 173 180 161 173 160 31 190 170 164 165 222 173 173 169 164 159 173 164 164 40 197
split_gain=1937.31 965.208 711.691 538.436 604.552 612.073 516.583 347.834 230.726 187.555 157.927 149.649 163.876 455.969 141.84 136.24 131.321 206.932 140.343 226.791 150.654 123.165 180.406 105.768 106.847 105.248 104.955 104.292 104.26 102.295
threshold=0 1.0000000180025095e-35 1.0000000180025095e-35 1 2 1.0000000180025095e-35 3 1.0000000180025095e-35 4 9.5000000000000018 1.0000000180025095e-35 5 14.500000000000002 6 1.0000000180025095e-35 1.0000000180025095e-35 1.0000000180025095e-35 7 105.00000000000001 1.0000000180025095e-35 16.500000000000004 11.500000000000002 1.0000000180025095e-35 8 9 7.5000000000000009 10 11 1.0000000180025095e-35 1.0000000180025095e-35
decision_type=9 2 2 9 9 2 1 2 9 2 2 9 2 9 2 2 2 9 2 2 2 2 2 9 1 2 9 9 2 2
left_child=1 16 3 8 -5 6 10 15 9 -2 11 -6 29 -14 -11 -7 17 25 -19 20 -20 22 23 -8 -25 -1 -9 -18 -27 -13
right_child=2 -3 -4 4 5 7 21 26 -10 14 -12 12 13 -15 -16 -17 27 18 19 -21 -22 -23 -24 24 -26 28 -28 -29 -30 -31
leaf_value=0.0049845035240376548 0.01691058712709196 0.035918596276626247 -0.042075144379177157 -0.036921104410553698 0.041090520441067868 0.0033211744826920175 -0.039817642982350361 0.013623370552969536 -0.027735031583474297 -0.049206776909572085 0.0029795135256570752 -0.0013497783275288669 -0.02696947756718808 0.0045791017871825044 0.0051184973202820271 0.018076206143381599 0.014487992247960428 0.0044468796388618149 0.041443117139541678 -0.039030622629853233 0.002733878702971902 -0.007621732946574979 -0.0047907574251449649 -0.031100199784461404 -0.014964721474487972 -0.017028258434860815 -0.031679750544739996 -0.0024156131614654088 -0.0013753140200125746 -0.012402547652727115
leaf_weight=1888.6490048967535 613.27925979613792 2541.8643548557302 1341.1396227004007 1360.5481648860732 171.47423800360411 2342.3205501703778 646.04999773984309 158.92305277776904 3601.3964513284154 265.68811598120374 11223.421413619304 18903.14903040533 2565.2629603053792 2062.5232155022677 218.57747191400267 4717.521233743988 5126.0036294090096 57356.521999480814 758.06631819857284 138.6151251947158 376.46181073272601 7116.1267956587108 2495.3743700638879 1323.1941535040387 4999.6623209546524 2125.8025415643351 600.22802835033508 1112.5216336774174 2130.6572550145793 2353.8823980845045
leaf_count=6132 6333 12809 77266 63741 435 10498 27965 2469 96762 12989 30407 108978 62428 14388 4901 9393 9875 158419 2419 1700 1349 157489 19636 25760 85140 24690 26856 5054 16150 15050
internal_value=0 0.00564671 -0.00601249 -0.005299 -0.00407891 -0.00334822 -0.00524661 0.00972317 -0.0216095 -0.00143274 -0.00197817 -0.00411459 -0.0044292 -0.0129571 -0.0246963 0.0131821 0.00456363 0.00389618 0.00481075 0.021229 0.0286098 -0.0125861 -0.0163309 -0.0204617 -0.0183882 -0.0048284 -0.0224242 0.0114922 -0.00919512 -0.0025742
internal_weight=142635 73555.2 69079.7 67738.6 63039.7 61679.1 53860.1 7818.99 4698.94 1097.54 37279.7 26056.3 25884.8 4627.79 484.266 7059.84 71013.3 64774.8 58629.7 1273.14 1134.53 16580.4 9464.28 6968.91 6322.86 6145.11 759.151 6238.53 4256.46 21257
internal_count=1097481 238597 858884 781618 660633 596892 547676 49216 120985 24223 231686 201279 200844 76816 17890 19891 225788 210859 163887 5468 3768 315990 158501 138865 110900 46972 29325 14929 40840 124028
cat_boundaries=0 39 79 109 110 140 150 189 213 237 238 262 286
cat_threshold=0 0 6 0 4096 0 0 0 0 131072 0 0 0 0 0 0 0 0 0 0 0 0 0 224 0 0 0 0 0 0 0 0 0 41943040 512 67109376 0 1 2147483648 8192 0 0 0 0 0 0 2097152 0 0 8388608 0 0 0 0 0 0 0 0 0 0 0 0 0 0 0 0 0 0 0 0 0 0 0 0 0 0 0 0 327680 0 0 2 0 0 0 0 0 0 131072 8388608 0 0 0 0 0 0 0 0 0 0 0 0 0 0 0 0 0 0 2147483648 3075 0 0 4 0 0 0 4194304 0 0 131072 8388608 0 0 0 0 0 0 0 0 0 0 0 0 0 0 0 0 0 0 2147483648 0 0 4096 0 0 8388608 0 0 0 1 0 0 0 0 0 0 0 0 0 0 0 0 0 0 0 0 0 0 0 0 0 0 0 0 0 0 0 0 0 0 0 0 0 1073741824 0 0 1 0 33280 0 0 6 0 0 0 0 0 0 0 0 0 0 0 0 0 0 0 0 0 0 0 0 64 0 0 4 0 4096 0 0 0 0 0 0 0 0 0 0 0 0 0 0 0 0 0 0 32 4096 0 0 4 0 4096 0 4194304 0 0 0 0 0 0 0 0 0 0 0 0 0 0 0 0 64 0 0 4 0 0 0 0 0 0 131072 0 0 0 0 0 0 0 0 0 0 0 0 0 64
is_linear=0
shrinkage=0.05


Tree=35
num_leaves=31
num_cat=11
split_feature=160 169 160 195 196 173 190 223 164 160 160 195 195 164 171 180 211 161 173 164 160 31 166 222 173 166 221 193 210 160
split_gain=1781.58 890.067 476.411 663.168 544.763 509.008 372.758 299.509 277.72 268.064 224.267 149.723 141.178 135.972 133.158 124.296 135.346 140.982 119.502 203.124 194.605 190.907 114.373 272.715 161.77 98.976 97.6862 132.19 100.051 123.243
threshold=0 1.0000000180025095e-35 1 1.0000000180025095e-35 2 10.500000000000002 1.0000000180025095e-35 1.0000000180025095e-35 3 4 5 1.0000000180025095e-35 1.0000000180025095e-35 6 1.0000000180025095e-35 1.0000000180025095e-35 10.500000000000002 7 11.500000000000002 8 9 1.0000000180025095e-35 175.00000000000003 1.0000000180025095e-35 16.500000000000004 75.000000000000014 1.0000000180025095e-35 1.0000000180025095e-35 1.5000000000000002 10
decision_type=9 2 9 2 1 2 2 2 9 9 9 2 2 9 2 2 2 9 2 9 9 2 2 2 2 2 2 2 2 9
left_child=1 22 5 4 7 10 14 15 -6 -9 12 -7 13 -2 -5 16 17 -4 19 20 21 -10 26 24 -24 -22 28 -28 29 -1
right_child=2 -3 3 6 8 11 -8 9 18 -11 -12 -13 -14 -15 -16 -17 -18 -19 -20 -21 25 -23 23 -25 -26 -27 27 -29 -30 -31
leaf_value=-0.0048902649277367876 0.02051541559986135 0.035141540293963144 0.040202976990806966 0.0019150988528669416 -0.038760412300182914 -0.027669926420557107 0.016169832669868638 0.030153755365057253 0.0099776088240325616 -0.041603012883685515 -0.026963246598995433 -0.056508270544971623 -0.038921533004636154 -0.0035899743512543738 -0.049240423646174723 0.0028882890448502872 0.011746898369343287 -0.0047616479012627467 -0.0064500778706970798 -0.019909495490828193 -0.030881261306599708 -0.021495013178740016 0.040520133773217892 -0.042329881819410532 0.0012655273033930947 -0.0055087810402243585 0.011223929416550829 0.061532484718856556 0.020137508874323487 0.0041593248325984995
leaf_weight=4003.1587857577251 731.84651935799047 2449.5479920873186 165.36136190453544 216.57571518560871 954.87832538221846 2692.2214162810851 5147.6763584038708 150.19445190974511 2007.6395484493114 783.27509046005434 1060.5340115331928 541.38566919096047 229.48728228415712 2750.8253184762143 307.03526945161866 11147.456779489759 1372.5668193862075 22559.843529258011 7762.1800736309815 6774.9562576062744 888.52058655393193 633.40395082859322 779.00522671989165 159.23695703723934 396.13323441869579 678.52832842513453 2221.4032610512804 138.33405509963632 927.32652682485059 60765.396092235576
leaf_count=16505 6079 12809 435 2411 46813 105490 14725 528 12010 47524 16775 26894 9047 26341 29511 30407 4339 166446 167408 127033 9954 12217 2541 1916 1455 6865 6761 501 2380 183361
internal_value=0 0.00552218 -0.00570341 -0.00420897 -0.00586316 -0.0171711 0.0120804 -0.00221715 -0.012551 -0.0301647 -0.00681275 -0.0325077 -0.000976452 0.00152489 -0.0280903 -0.00147703 -0.00349662 -0.00441777 -0.0111947 -0.0145571 -0.00587614 0.00241582 0.00447706 0.0189725 0.027298 -0.0197773 0.00419263 0.0141877 0.00383344 0.00359977
internal_weight=141396 71839.5 69556.4 61550.1 55878.8 8006.3 5671.29 36178.7 19700.1 933.47 4772.69 3233.61 3712.16 3482.67 523.611 35245.2 24097.8 22725.2 18745.2 10983 4208.09 2641.04 69390 1334.38 1175.14 1567.05 68055.6 2359.74 65695.9 64768.6
internal_count=1097481 228229 869252 678626 631979 190626 46647 249679 382300 48052 58242 132384 41467 32420 31922 201627 171220 166881 335487 168079 41046 24227 215420 5912 3996 16819 209508 7262 202246 199866
cat_boundaries=0 39 79 80 91 127 166 177 187 211 212 246
cat_threshold=0 0 6 0 4096 0 0 0 0 131072 0 0 0 0 0 0 0 0 0 0 0 0 0 224 0 0 0 0 0 0 0 0 0 41943040 512 67108864 0 1 2147483648 8192 0 0 0 0 0 0 2097152 0 0 8388608 0 0 0 0 0 0 0 0 0 0 0 0 0 0 0 0 0 0 0 0 0 0 0 0 0 0 0 512 327680 3075 0 0 0 0 0 0 0 0 0 131072 8388608 0 0 0 0 0 0 0 0 0 0 0 0 0 0 0 0 0 0 0 0 0 0 0 0 0 0 0 0 0 0 0 0 0 0 0 512 8192 0 0 0 0 0 0 0 0 0 0 0 0 0 0 0 0 0 0 0 0 0 0 0 0 0 0 0 0 0 0 0 0 0 0 0 0 0 512 0 0 6 0 4096 0 0 0 0 131072 8388608 0 0 4096 0 0 8388608 0 0 0 1 0 0 0 0 0 0 4194304 2097152 0 0 0 0 0 0 0 0 0 0 0 0 0 0 0 96 524288 0 0 0 0 4096 0 0 0 0 0 0 0 0 0 0 0 0 0 0 0 0 0 0 0 0 0 0 0 0 0 0 0 0 33554432
is_linear=0
shrinkage=0.05


Tree=36
num_leaves=31
num_cat=8
split_feature=160 166 160 196 160 195 176 223 191 160 176 169 195 166 217 173 161 173 173 221 170 165 163 169 160 222 163 159 173 40
split_gain=1672.57 603.742 558.392 507.967 382.455 404.859 407.085 360.185 295.11 291.767 263.567 254.91 211.5 211.156 190.402 176.379 203.112 168.197 161.46 158.159 150.335 155.053 142.482 142.341 134.794 194.812 140.363 130.409 176.635 125.691
threshold=0 95.000000000000014 1 2 3 1.0000000180025095e-35 1.0000000180025095e-35 1.0000000180025095e-35 1.0000000180025095e-35 4 1.0000000180025095e-35 1.0000000180025095e-35 1.0000000180025095e-35 55.000000000000007 1.0000000180025095e-35 14.500000000000002 5 11.500000000000002 16.500000000000004 1.0000000180025095e-35 1.0000000180025095e-35 75.000000000000014 4.5000000000000009 1.0000000180025095e-35 6 1.0000000180025095e-35 4.5000000000000009 7 12.500000000000002 1.0000000180025095e-35
decision_type=9 2 9 1 9 2 2 2 2 9 2 2 2 2 2 2 9 2 2 2 2 2 2 2 9 2 2 1 2 2
left_child=1 2 -1 10 8 6 7 9 12 18 15 24 13 23 -14 -2 -17 -11 -6 20 21 -4 -13 -5 25 26 -3 -19 29 -29
right_child=3 11 19 4 5 -7 -8 -9 -10 17 -12 22 14 -15 -16 16 -18 27 -20 -21 -22 -23 -24 -25 -26 -27 -28 28 -30 -31
leaf_value=-0.014799741926181387 -0.013393106391589298 0.022225901046572141 0.0039913765993716569 -0.0047109321610602313 0.0025998914367874829 -0.050921487662222709 -0.024536724209496517 -0.047919349071944617 -0.043711686628507468 -0.01962740304035122 0.0042413982358751349 0.030335640158119875 -0.03655609282389894 -0.017038323539921962 0.011666940939473874 0.044957908924363077 -0.0063692886052222732 0.023241671287630966 -0.040670458672096892 0.018975927561913193 0.011606198150137307 -0.0059925174783484175 0.0023598205130999587 0.014936399687733918 -0.006060041759132509 -0.040794882282005292 -0.0039179880716615169 0.01755671001593314 -0.022757338194202888 -0.040437005159319736
leaf_weight=3981.8200905392296 4133.0143589087529 2526.1172933708876 53511.871613271913 15986.322693328271 6151.458876346238 725.78116467350628 5344.2212541109184 547.36295937396062 478.27137796109309 4355.1578910698881 14009.047103950172 3478.9823247111635 220.04731882375199 3517.8420049498673 2842.7908223748673 287.271931949188 544.24080440960824 391.44520500738872 222.91060016638949 1824.6899124719203 5961.3965463237837 4192.7784836976789 524.17369394714478 977.67844967450947 1084.2376505266875 152.79355961258989 643.75945300949388 662.81964961311314 957.03636171520338 108.22645276627736
leaf_count=62259 29317 13800 139774 157928 45114 35941 179352 31289 31087 67716 45319 16890 13030 82763 8693 1121 4847 5830 8695 5350 13943 37493 6287 3432 6014 1916 16948 4247 19078 2008
internal_value=0 0.00488797 0.00335676 -0.00609441 -0.00907249 -0.0142823 -0.0128694 -0.00821385 -0.00484624 -0.00652023 0.000732634 0.017541 -0.00405768 -0.00589039 0.00819536 -0.00916545 0.0118374 -0.0139842 0.00108118 0.00446243 0.00404694 0.00326582 0.0266745 -0.0035779 0.00924112 0.0142113 0.0169151 -0.00245042 -0.00836419 0.00938912
internal_weight=140346 77882.6 69472.6 62462.9 43489.4 19466.4 18740.6 13396.4 24023 12849.1 18973.6 8410.06 23544.7 20481.8 3062.84 4964.53 831.513 6474.69 6374.37 65490.7 63666 57704.7 4003.16 16964 4406.91 3322.67 3169.88 2119.53 1728.08 771.046
internal_count=1097481 320674 258819 776807 696203 399270 363329 183977 296933 152688 80604 61855 265846 244123 21723 35285 5968 98879 53809 196560 191210 177267 23177 161360 38678 32664 30748 31163 25333 6255
cat_boundaries=0 39 44 45 84 123 157 162 163
cat_threshold=32 0 6 0 4096 0 0 0 0 131072 0 0 0 0 0 0 0 0 0 0 0 0 0 224 0 0 0 0 0 0 0 0 0 41943040 512 67108864 0 1 2147483648 32 0 0 0 4096 2051 524288 0 0 0 0 0 0 0 0 0 0 0 0 0 0 0 0 0 0 0 0 0 0 0 0 0 0 0 0 2147483648 0 0 0 1073741824 0 512 1073741825 0 1073741824 8192 0 0 0 0 0 0 0 0 0 0 0 0 0 0 0 0 0 0 0 0 0 0 0 0 0 0 0 0 0 0 0 0 0 0 0 0 0 33280 0 0 4096 0 0 8388608 0 0 0 1 0 0 0 128 0 0 0 0 0 0 0 0 0 0 0 0 0 0 0 0 0 0 0 32768 32 0 0 0 4096 4096
is_linear=0
shrinkage=0.05


Tree=37
num_leaves=31
num_cat=9
split_feature=160 166 160 196 160 195 176 223 164 167 170 160 167 176 164 173 161 190 173 173 163 221 170 165 173 198 173 164 191 166
split_gain=1559.39 528.288 485.07 477.996 358.297 376.114 360.317 333.877 309.957 295.319 345.829 257.52 230.082 229.528 212.564 160.029 194.071 158.304 157.664 136.626 135.975 130.44 133.454 149.779 126.19 118.828 147.874 116.275 110.24 106.515
threshold=0 95.000000000000014 1 2 3 1.0000000180025095e-35 1.0000000180025095e-35 1.0000000180025095e-35 4 1.0000000180025095e-35 1.0000000180025095e-35 5 1.0000000180025095e-35 1.0000000180025095e-35 6 14.500000000000002 7 1.0000000180025095e-35 11.500000000000002 16.500000000000004 4.5000000000000009 1.0000000180025095e-35 1.0000000180025095e-35 75.000000000000014 10.500000000000002 1.0000000180025095e-35 12.500000000000002 8 1.0000000180025095e-35 175.00000000000003
decision_type=9 2 9 1 9 2 2 2 9 2 2 9 2 2 9 2 9 2 2 2 2 2 2 2 2 2 2 9 2 2
left_child=1 2 14 13 8 6 7 11 28 10 -10 19 20 15 -1 -2 -17 -14 -13 -6 -3 22 23 -4 -25 26 -20 -8 -5 -22
right_child=3 12 21 4 5 -7 27 -9 9 -11 -12 18 17 -15 -16 16 -18 -19 25 -21 29 -23 -24 24 -26 -27 -28 -29 -30 -31
leaf_value=-0.02933721125956873 -0.012670829099508006 0.022111035912490556 0.0039159729782099074 -0.015980034327235531 0.0018395170888047556 -0.050348507888240406 0.0062761171483744563 -0.047435669421205223 -0.0045273257623147439 -0.038549836621711304 0.013047641528070923 -0.019221843180090542 0.0077473271098608331 0.0039877154954211244 -0.0050014954125597146 0.043761153623278724 -0.0064427817878003673 -0.037335028508162137 0.0081873300448519881 -0.038799709717082652 0.0078427741651089459 0.017578255845001566 0.011065516341923981 0.0025943071558784431 -0.014809627579441624 0.021909997281726615 -0.021506205608499088 -0.025543857701150835 -0.042850835701548927 -0.045677065385344759
leaf_weight=1403.1985852846556 4069.3696690347133 6457.1734319775715 53389.39576302006 2365.4756981657702 6196.4007263880922 682.81638940481935 306.92970856936881 520.68751945302938 17082.775606524752 556.45869759254856 3346.977862726897 4286.2040977736906 561.62130551080918 13959.791461873625 2497.9250977429328 287.41486425022595 541.50514665828086 297.37400446011452 754.92193730396684 213.45302524854196 898.4928136470844 1803.0123547979165 5956.4365020000841 2126.4968408605782 2039.8656480977661 402.52819195800112 941.50335521262605 4911.0595716427924 455.42492659788695 103.17863889041473
leaf_count=35758 29317 26714 139774 56620 45114 35941 6010 31289 173802 27379 8045 67716 4331 45319 26501 1121 4847 12442 6255 8695 10697 5350 13943 9989 27504 5830 19078 173342 31087 7671
internal_value=0 0.0047239 0.00329362 -0.00591857 -0.00882776 -0.0139075 -0.0125708 -0.00820556 -0.004723 -0.00262591 -0.00164755 -0.00660693 0.0166301 0.00071954 -0.0138114 -0.0085915 0.0114244 -0.00786647 -0.0137026 0.000481748 0.0194522 0.00431689 0.00394088 0.00320338 -0.00592627 -0.00249288 -0.00829089 -0.0237077 -0.020255 0.00230486
internal_weight=139416 77534.2 69216.3 61881.7 43023.6 19216.5 18533.7 13315.7 23807.1 20986.2 20429.8 12795 8317.84 18858.1 3901.12 4898.29 828.92 858.995 6385.16 6409.85 7458.84 65315.2 63512.2 57555.8 4166.36 2098.95 1696.43 5217.99 2820.9 1001.67
internal_count=1097481 320674 258819 776807 696203 399270 363329 183977 296933 209226 181847 152688 61855 80604 62259 35285 5968 16773 98879 53809 45082 196560 191210 177267 37493 31163 25333 179352 87707 18368
cat_boundaries=0 39 44 45 84 108 147 171 205 215
cat_threshold=32 0 6 0 4096 0 0 0 0 131072 0 0 0 0 0 0 0 0 0 0 0 0 0 224 0 0 0 0 0 0 0 0 0 41943040 512 67108864 0 1 2147483648 32 0 0 0 4096 2051 524288 0 0 0 0 0 0 0 0 0 0 0 0 0 0 0 0 0 0 0 0 0 0 0 0 0 0 0 0 2147483648 0 0 0 1073741824 0 512 1073741825 0 1073741824 0 0 6 0 4096 0 0 0 0 131072 8388608 0 0 0 0 0 0 0 0 0 0 0 0 64 8192 0 0 0 0 0 0 0 0 0 0 0 0 0 0 0 0 0 0 0 0 0 0 0 0 0 0 0 0 0 0 0 0 0 0 0 0 0 33280 0 0 2 0 0 0 0 0 0 131072 0 0 0 0 0 0 0 0 0 0 0 0 0 32 0 0 4096 0 0 8388608 0 0 0 1 0 0 0 128 0 0 0 0 0 0 0 0 0 0 0 0 0 0 0 0 0 0 0 32768 0 0 4 0 4096 0 4194304 0 0 131072
is_linear=0
shrinkage=0.05


Tree=38
num_leaves=31
num_cat=3
split_feature=196 169 170 159 223 182 31 190 176 31 211 170 31 189 173 40 31 173 173 214 177 40 198 173 176 161 173 207 173 176
split_gain=1230.6 776.23 514.978 457.333 308.458 451.775 261.289 221.023 183.399 179.459 162.096 129.43 107.232 101.922 111.812 109.07 117.783 168.102 101.664 100.067 96.6992 92.2002 102.969 204.858 205.206 87.045 84.8251 152.222 84.4488 92.2559
threshold=0 1.0000000180025095e-35 1.0000000180025095e-35 1 1.0000000180025095e-35 1.0000000180025095e-35 1.0000000180025095e-35 1.0000000180025095e-35 1.0000000180025095e-35 1.0000000180025095e-35 7.5000000000000009 1.0000000180025095e-35 1.0000000180025095e-35 1.0000000180025095e-35 18.500000000000004 1.0000000180025095e-35 1.0000000180025095e-35 10.500000000000002 12.500000000000002 105.00000000000001 1.0000000180025095e-35 1.0000000180025095e-35 1.0000000180025095e-35 10.500000000000002 1.0000000180025095e-35 2 7.5000000000000009 1.0000000180025095e-35 22.500000000000004 1.0000000180025095e-35
decision_type=1 2 2 1 2 2 2 2 2 2 2 2 2 2 2 2 2 2 2 2 2 2 2 2 2 9 2 2 2 2
left_child=1 11 3 4 5 10 7 -4 20 -6 26 13 -12 25 15 16 17 -15 -19 21 -7 22 -5 -24 -25 -1 27 -2 29 -14
right_child=2 -3 6 19 9 8 -8 -9 -10 -11 12 -13 28 14 -16 -17 -18 18 -20 -21 -22 -23 23 24 -26 -27 -28 -29 -30 -31
leaf_value=-0.016961494622894924 -0.021278181969960036 0.033188996755509168 -0.0012283200521792598 -0.0095690464123026515 -0.036274962214495839 0.024553641527094314 -0.020461935533123095 0.01560690372188976 -0.004936526071975548 -0.007712366916244987 -0.010115877729637301 0.010205629848311143 -0.0057700635979699971 -0.0029645674125243424 -0.031284784552596388 0.006508285261928687 0.00090007894832884764 -0.054665542559216664 0.0052278157314606805 0.034937289037907208 -0.044042481326520805 -0.01951106736444003 -0.042631637409878131 0.031684040234604999 -0.03340975926041298 0.003297765630921011 -0.0082523347329512466 -0.00062142369081005571 -0.031964728411278537 0.020695878481975863
leaf_weight=524.440447299683 982.33270101787639 2227.7513014794094 3367.2235308598028 7887.848914815695 1126.7437693756074 2151.9120778532233 861.13952938377042 4628.238860708545 806.69839823734947 1075.5032080779783 699.27314821758773 6153.7822306372691 420.73257652681787 526.35099303594325 363.0940385152353 1870.0294897043495 1156.4367621262791 393.13271406339481 86.120995272183791 101.0089274134225 52.140183571726084 6306.3034159480012 701.3608842024114 245.65457628923468 237.76640417051385 65541.641614397551 16641.686533792919 9641.998169379076 100.57370211044326 1506.6937159332447
leaf_count=4055 10656 12809 26134 175716 44254 4794 35186 11979 4333 41374 5478 14957 1902 3111 8015 11207 8684 6944 999 2361 199 194225 11840 2734 9651 186345 214080 39694 439 3326
internal_value=0 0.00409726 -0.00542509 -0.00736978 -0.00421581 -0.0030077 0.00569744 0.00851663 0.0154542 -0.0223331 -0.00486132 0.00325161 0.00675919 0.00264413 -0.00472781 -0.00233149 -0.0099794 -0.0224899 -0.0438982 -0.0145301 0.022919 -0.0148659 -0.0116356 -0.0253802 -0.000322887 0.00313467 -0.00602394 -0.00253274 0.0125814 0.0149161
internal_weight=138386 78842.8 59542.8 50686.2 35206.3 33004 8856.6 7995.46 3010.75 2202.25 29993.3 76615 2727.27 70461.2 4395.16 4032.07 2162.04 1005.6 479.254 15479.9 2204.05 15378.9 9072.63 1184.78 483.421 66066.1 27266 10624.3 2028 1927.43
internal_count=1097481 257126 840355 767056 370529 284901 73299 38113 9326 85628 275575 244317 11145 229360 38960 30945 19738 11054 7943 396527 4993 394166 199941 24225 12385 190400 264430 50350 5667 5228
cat_boundaries=0 1 2 36
cat_threshold=199 128 0 0 1024 0 0 0 0 0 0 0 0 0 0 128 0 0 0 0 0 0 0 0 0 0 0 0 0 0 0 0 0 0 0 16384
is_linear=0
shrinkage=0.05


Tree=39
num_leaves=31
num_cat=6
split_feature=160 223 166 160 196 160 169 191 173 176 31 190 170 167 31 222 170 221 163 176 160 170 166 165 173 160 169 31 181 173
split_gain=1405.37 550.42 423.962 426.33 365.734 322.765 263.95 257.361 207.151 206.46 193.236 178.825 167.691 149.302 145.463 132.507 128.568 126.72 114.769 108.418 128.451 102.997 139.642 124.705 105.539 102.421 112.152 97.376 159.584 128.486
threshold=0 1.0000000180025095e-35 95.000000000000014 1 2 3 1.0000000180025095e-35 1.0000000180025095e-35 11.500000000000002 1.0000000180025095e-35 1.0000000180025095e-35 1.0000000180025095e-35 1.0000000180025095e-35 1.0000000180025095e-35 2.5000000000000004 1.0000000180025095e-35 1.0000000180025095e-35 1.0000000180025095e-35 4.5000000000000009 1.0000000180025095e-35 4 1.0000000180025095e-35 65.000000000000014 75.000000000000014 10.500000000000002 5 1.0000000180025095e-35 1.0000000180025095e-35 15.000000000000002 18.500000000000004
decision_type=9 2 2 9 1 9 2 2 2 2 2 2 2 2 2 2 2 2 2 2 9 2 2 2 2 9 2 2 2 2
left_child=2 4 3 -1 9 7 10 8 13 14 15 19 -10 16 -2 -4 25 21 -8 20 -7 23 -23 -5 -25 -6 -27 -11 -29 -30
right_child=1 -3 6 17 5 11 18 -9 12 27 -12 -13 -14 -15 -16 -17 -18 -19 -20 -21 -22 22 -24 24 -26 26 -28 28 29 -31
leaf_value=-0.013071951308069266 -0.010013189543939909 -0.039922744170069698 0.019776102605334148 0.0037270479097307298 0.00079246224354559815 -0.025920762451643875 0.028487055794831285 -0.042602735958390203 -0.013756442423047849 -0.019939763771749705 -0.0042852499989442959 -0.045455002652888654 0.0028155285170430467 -0.032803858910628446 0.035195393550922188 -0.029105045939944674 0.011214162052910641 0.017354362394430941 0.0029335030930784014 -0.02030425101232692 -0.0081106530819332993 -0.0060231291483006481 0.013652025886509562 0.0024626221305773981 -0.0135790384556336 -0.01683585051116036 0.0016490641803039562 0.014035895088974543 -0.0026424942677939801 0.0092734692741246634
leaf_weight=3817.5212000604952 4613.6693421335658 1157.7760900010326 2204.6838423557347 54344.025607575109 10521.511405087193 1143.8988361656084 3220.9691810833756 435.30156913190149 6823.1097014510451 419.48842230800074 2052.8202947531245 436.38275653935852 1965.6276319129393 350.61740201618522 184.54207342583686 147.43037033395376 2259.2674331476446 1753.1418807564769 509.45821917947615 3651.7915050909796 8708.9735774815781 1107.1065268542152 4849.7095861451235 2114.7220544364536 1988.7679157216335 1991.0156283710967 1394.6690842260723 3310.1487183272257 6689.0060295615112 3417.4699483376462
leaf_count=62259 34573 77266 12320 150142 45998 21408 16890 31087 135461 3709 25039 19173 17492 12960 712 1319 7372 5350 6287 131303 134927 4836 9107 9989 27504 40671 10717 13237 20785 7588
internal_value=0 -0.00579065 0.00440926 0.00315366 -0.00511358 -0.00782593 0.0152131 -0.00450274 -0.00384811 0.000666028 0.00692223 -0.0139536 -0.0100496 -0.000547812 -0.00826991 0.0167046 0.000152439 0.00409146 0.0249995 -0.012944 -0.0102146 0.00373086 0.00999425 0.00309234 -0.0053115 -0.00164455 -0.00919359 0.00376594 0.00450822 0.00138661
internal_weight=137585 59474.3 78110.4 69975 58316.5 39682.2 8135.36 25741.1 25305.8 18634.3 4404.93 13941 8788.74 16517.1 4798.21 2352.11 16166.5 66157.5 3730.43 13504.7 9852.87 64404.3 5956.82 58447.5 4103.49 13907.2 3385.68 13836.1 13416.6 10106.5
internal_count=1097481 766439 331042 269187 689173 608569 61855 301758 270671 80604 38678 306811 152953 117718 35285 13639 104758 206928 23177 287638 156335 201578 13943 187635 37493 97386 51388 45319 41610 28373
cat_boundaries=0 39 44 45 84 124 163
cat_threshold=32 0 6 0 4096 0 0 0 0 131072 0 0 0 0 0 0 0 0 0 0 0 0 0 224 0 0 0 0 0 0 0 0 0 41943040 512 67109376 0 1 2147483648 32 0 0 0 4096 2051 524288 0 0 0 0 0 0 0 0 0 0 0 0 0 0 0 0 0 0 0 0 0 0 0 0 0 0 0 0 2147483648 0 0 0 1073741824 0 0 1073741825 0 1073774592 0 0 0 0 0 0 0 0 0 0 8388608 0 0 0 0 0 0 0 0 0 0 0 0 0 0 0 0 0 0 0 0 0 0 0 0 0 0 0 0 327680 0 0 0 0 0 0 0 0 0 0 0 0 0 0 0 0 0 0 0 0 0 0 0 0 0 0 0 0 0 0 0 0 0 1073741824 0 0 1 0 32768
is_linear=0
shrinkage=0.05


Tree=40
num_leaves=31
num_cat=7
split_feature=160 196 166 187 160 195 176 223 169 160 195 166 176 166 31 31 166 174 174 161 174 160 222 163 198 174 172 31 170 160
split_gain=1290.7 432.155 393.574 387.163 307.946 348.663 306.55 284.876 247.651 228.727 211.157 257.246 202.187 195.75 186.613 171.282 154.212 149.398 134.779 150.424 126.798 182.101 124.847 111.924 100.627 112.165 100.677 136.014 97.4556 141.781
threshold=0 1 95.000000000000014 1.0000000180025095e-35 2 1.0000000180025095e-35 1.0000000180025095e-35 1.0000000180025095e-35 1.0000000180025095e-35 3 1.0000000180025095e-35 55.000000000000007 1.0000000180025095e-35 95.000000000000014 1.0000000180025095e-35 1.0000000180025095e-35 75.000000000000014 230.00000000000003 290.00000000000006 4 150.00000000000003 5 1.0000000180025095e-35 4.5000000000000009 1.0000000180025095e-35 250.00000000000003 1.0000000180025095e-35 1.0000000180025095e-35 1.0000000180025095e-35 6
decision_type=9 1 2 2 9 2 2 2 2 9 2 2 2 2 2 2 2 2 2 9 2 9 2 2 2 2 2 2 2 9
left_child=2 12 3 28 10 6 7 9 15 14 11 20 18 -12 -6 22 -5 -11 -2 -20 21 -3 -4 -10 25 26 27 -19 29 -1
right_child=1 4 8 16 5 -7 -8 -9 23 17 13 -13 -14 -15 -16 -17 -18 24 19 -21 -22 -23 -24 -25 -26 -27 -28 -29 -30 -31
leaf_value=-0.0034951780858902951 -0.011798785111438849 0.0052635622347770809 0.019055788389086351 -0.027734534525784282 -0.006557221973294192 -0.0494987275147169 -0.022358791498439612 -0.046200646322483087 0.02797007252984858 -0.018660464144351029 -0.044475459927585399 -0.018121098344574118 0.0039664469619590977 0.01122493662696962 0.011052177234921785 -0.0038113950376899818 -0.0029641604258732689 0.021684659511569889 0.040439309823607425 -0.0048214105987511597 -0.0071562756853619965 -0.018095228120996398 -0.028638693135378243 0.0025472015424919756 0.020625847233510585 -0.019572939075756312 -0.040503061739468368 -0.057322213263041245 0.0099487375530863155 0.0040996689748562156
leaf_weight=6944.0377087317756 3950.4021207218611 5600.6461967184878 2177.0176327029476 1340.8615233014571 3812.9078551876592 635.60461073223269 4978.8303305054433 463.84526067458501 3130.6200999927823 4112.1785347840196 166.72207199936383 3737.382704473479 13726.543104538694 2774.6552512698108 2484.3165628663264 2035.6432139012031 1183.2345606705057 573.62306583917234 267.28131392644718 540.02638750511687 9941.515940698504 969.7132046171173 145.92002057516947 503.02224144258071 393.90433554709307 879.60437522412394 96.490926834696438 59.677162661624607 5912.5378986606374 53009.323790888477
leaf_count=54959 29317 23997 12320 36229 32634 35941 179352 31289 16890 67716 14448 108104 45319 13021 21175 25039 19096 2740 1077 4891 128332 9031 1319 6287 5830 19078 2263 1252 13943 134592
internal_value=0 -0.00547671 0.00431414 0.0030876 -0.00829843 -0.0131124 -0.0118228 -0.00774788 0.0148136 -0.00630875 -0.00445565 -0.00627612 0.000887047 0.00805903 0.000388773 0.00677448 -0.0161277 -0.0131847 -0.00799395 0.0106139 -0.0035943 0.00179466 0.0160521 0.0244529 -0.00200597 -0.00755296 0.00693113 0.0141924 0.00382416 0.00322
internal_weight=136548 60165.9 76382.2 68390 41681.6 18491 17855.4 12876.5 7992.22 12412.7 23190.6 20249.3 18484.3 2941.38 6297.22 4358.58 2524.1 6115.48 4757.71 807.308 16511.9 6570.36 2322.94 3633.64 2003.3 1609.4 729.791 633.3 65865.9 59953.4
internal_count=1097481 776807 320674 258819 696203 399270 363329 183977 61855 152688 296933 269464 80604 27469 53809 38678 55325 98879 35285 5968 161360 33028 13639 23177 31163 25333 6255 3992 203494 189551
cat_boundaries=0 39 40 79 118 152 189 224
cat_threshold=32 0 6 0 4096 0 0 0 0 131072 0 0 0 0 0 0 0 0 0 0 0 0 0 224 0 0 0 0 0 0 0 0 0 41943040 512 67108864 0 1 2147483648 2051 524288 0 0 0 0 0 0 0 0 0 0 0 0 0 0 0 0 0 0 0 0 0 0 0 0 0 0 0 0 2147483648 0 0 0 1073741824 0 512 1073741825 0 1073741824 8192 0 0 0 0 0 0 0 0 0 0 0 0 0 0 0 0 0 0 0 0 0 0 0 0 0 0 0 0 0 0 0 0 0 0 0 0 0 33280 0 0 4096 0 0 8388608 0 0 0 0 0 0 0 128 0 0 0 0 0 0 0 0 0 0 0 0 0 0 0 0 0 0 0 32768 524288 0 0 0 0 0 0 0 0 0 0 0 0 0 0 0 0 0 0 0 0 0 0 0 0 0 0 0 0 0 0 0 0 1073741824 0 0 1 0 0 0 0 4096 0 0 0 0 0 0 0 0 0 0 0 0 0 0 0 0 0 0 128 0 0 0 0 0 0 0 0 0 0 512
is_linear=0
shrinkage=0.05


Tree=41
num_leaves=31
num_cat=9
split_feature=160 223 166 202 196 160 164 169 170 174 31 189 31 31 164 174 211 164 163 161 40 167 160 31 214 160 174 174 170 166
split_gain=1239.77 493.982 385.051 355.147 346.08 299.375 249.814 219.324 200.075 228.364 196.292 155.714 152.776 152.379 147.178 134.032 135.359 111.287 104.276 98.6903 97.9031 96.3131 89.7356 135.187 89.2452 91.5318 319.347 101.187 88.5552 139.885
threshold=0 1.0000000180025095e-35 95.000000000000014 1.0000000180025095e-35 1 2 3 1.0000000180025095e-35 1.0000000180025095e-35 270.00000000000006 1.0000000180025095e-35 1.0000000180025095e-35 1.0000000180025095e-35 1.0000000180025095e-35 4 250.00000000000003 7.5000000000000009 5 4.5000000000000009 6 1.0000000180025095e-35 1.0000000180025095e-35 7 1.0000000180025095e-35 135.00000000000003 8 210.00000000000003 350.00000000000006 1.0000000180025095e-35 65.000000000000014
decision_type=9 2 2 2 1 9 9 2 2 2 2 2 2 2 9 2 2 9 2 9 2 2 9 2 2 9 2 2 2 2
left_child=2 4 3 28 10 6 -6 13 9 17 -2 -5 -10 -4 -7 16 20 -8 -9 -17 -12 -19 23 -11 25 26 -16 -27 -1 -30
right_child=1 -3 7 11 5 14 8 18 12 22 15 -13 -14 -15 24 19 -18 21 -20 -21 -22 -23 -24 -25 -26 27 -28 -29 29 -31
leaf_value=0.0030911934438434228 -0.016896608778539376 -0.038895137741655782 0.01585841028628349 -0.02659322305160668 -0.037260463579544212 -0.035152493568996093 -0.019438700936797178 0.027317684140447319 0.0094669794492617029 -0.038715164840201995 0.00021546776109338637 -0.0013438059037121275 -0.022287265920229518 -0.003016889832689165 0.002243369118158835 0.034349830111042944 0.013933665841421689 -0.0013800616577276208 0.0026110860873079221 0.0053035181661089366 -0.012208187512573706 -0.050747204446775308 -0.019062149464513269 0.0065415277068036244 0.089883611964849203 -0.017486036944725288 -0.026627231494751321 0.00026627525806244756 -0.0065089788186501289 0.013200444176403821
leaf_weight=61041.324859187996 1444.5078372141434 1086.3897383662261 2291.6211850511027 1401.528120496223 552.71314732532483 740.25423322353163 930.69800325660617 3050.0943358271616 3817.5578924681176 204.78310976974899 3473.9206696844194 1082.5908430486452 419.94692356383894 2003.2169039730215 3109.5715220792918 292.62651153537445 1047.3861767287599 14859.042965242814 497.24702182423789 9188.1988762153196 2915.8329671346582 98.967257513053482 3611.9852562891319 840.34344417299144 20.842268045496894 7410.9730727845454 1383.5051486238372 899.56133281372604 1107.4345884220675 4798.3869712757878
leaf_count=199919 13740 77266 13639 39914 36891 32575 24850 16890 12445 5245 15583 15411 19172 25039 28251 1284 2658 97874 6287 31150 16189 4374 89253 11654 97 156397 55130 34361 4836 9107
internal_value=0 -0.0055008 0.00415387 0.00296807 -0.00486779 -0.00753731 -0.0043233 0.0146562 -0.00357307 -0.00561487 0.000791024 -0.0155939 0.00631662 0.00705402 -0.013532 0.00230247 -0.00272178 -0.00276039 0.0238567 0.00624415 -0.00545354 -0.00170757 -0.0153511 -0.00231348 -0.0122559 -0.0124357 -0.00663255 -0.0155453 0.00365701 0.00950353
internal_weight=135623 58349.6 77273.4 69431.3 57263.2 38900.7 25336 7842.18 24783.3 20545.8 18362.5 2484.12 4237.5 4294.84 13564.7 16918 7437.14 15888.7 3547.34 9480.83 6389.75 14958 4657.11 1045.13 12824.5 12803.6 4493.08 8310.53 66947.1 5905.82
internal_count=1097481 766439 331042 269187 689173 608569 301758 61855 264867 233250 80604 55325 31617 38678 306811 66864 34430 127098 23177 32434 31772 102248 106152 16899 274236 274139 83381 190758 213862 13943
cat_boundaries=0 39 40 79 90 114 138 172 211 250
cat_threshold=32 0 6 0 4096 0 0 0 0 131072 0 0 0 0 0 0 0 0 0 0 0 0 0 224 0 0 0 0 0 0 0 0 0 41943040 512 67109376 0 1 2147483648 2051 524288 0 0 0 0 0 0 0 0 0 0 0 0 0 0 0 0 0 0 0 0 0 0 0 0 0 0 0 0 2147483648 0 0 0 1073741824 0 0 1073741825 0 1073774592 0 0 0 0 0 0 0 0 0 131072 8388608 0 0 2 0 0 0 0 0 0 0 0 0 0 0 0 0 0 0 0 0 0 0 0 192 0 0 6 0 4096 0 0 0 0 0 0 0 0 0 0 0 0 0 0 0 0 0 0 64 0 0 4096 0 0 8388608 0 0 0 0 0 0 0 0 0 0 0 0 0 0 0 0 0 0 0 0 0 0 0 0 0 0 0 32768 0 0 0 0 0 0 0 0 0 0 0 0 0 0 0 0 0 0 0 0 0 0 0 0 0 0 0 0 0 2147483648 0 0 0 0 0 0 1073741824 0 1073741824 8192 0 0 0 0 0 0 0 0 0 0 0 0 0 0 0 0 0 0 0 0 0 0 0 0 0 0 0 0 0 0 0 0 0 0 0 0 0 512
is_linear=0
shrinkage=0.05


Tree=42
num_leaves=31
num_cat=8
split_feature=160 166 196 187 170 160 169 31 173 160 223 164 31 160 222 31 164 173 40 214 162 170 160 210 166 221 193 211 173 173
split_gain=1239.58 354.465 330.409 326.522 285.825 289.37 194.294 167.443 152.344 176.747 179.025 137.287 134.038 124.538 120.533 117.411 136.163 112.613 109.811 104.947 96.5515 91.3619 150.932 162.517 108.227 88.4366 92.741 87.6454 91.8498 83.5822
threshold=0 95.000000000000014 1 1.0000000180025095e-35 1.0000000180025095e-35 2 1.0000000180025095e-35 1.0000000180025095e-35 9.5000000000000018 3 1.0000000180025095e-35 4 1.0000000180025095e-35 5 1.0000000180025095e-35 1.0000000180025095e-35 6 17.500000000000004 1.5000000000000002 135.00000000000003 3.0000000000000004 1.0000000180025095e-35 7 1.5000000000000002 65.000000000000014 1.0000000180025095e-35 1.0000000180025095e-35 7.5000000000000009 22.500000000000004 22.500000000000004
decision_type=9 2 1 2 2 9 2 2 2 9 2 9 2 9 2 2 9 2 2 2 2 2 9 2 2 2 2 2 2 2
left_child=1 3 7 21 5 8 12 -2 13 -10 17 -5 14 -4 -3 16 -6 -11 27 -7 -8 22 23 -1 -23 -24 -27 -9 -29 -20
right_child=2 6 4 11 15 19 20 18 9 10 -12 -13 -14 -15 -16 -17 -18 -19 29 -21 -22 24 25 -25 -26 26 -28 28 -30 -31
leaf_value=-0.0040019606956449528 -0.016336852828244122 0.018512651789210448 0.0010574411997133692 -0.0013537347184793217 -0.008838966606624683 -0.014432765658105935 0.013586317695757917 0.0019430226487934079 0.0010073112580329807 -0.0088997151320929467 -0.043691210631163629 -0.025271680602927844 -0.0023035425133527362 -0.01488891874503403 -0.028553056418427883 -0.019164527165529278 0.010386343207769089 -0.027558482471247748 -0.0097109826905280548 0.088798828712432235 0.03042792061436583 -0.0045881366311149689 0.0039699174853209578 0.017406115298419369 0.012962207950541286 0.012367122503690358 0.058440455729614843 0.016336432851527135 -0.034861638010961322 0.012718506701870191
leaf_weight=10028.505955992907 1423.3034440105839 2126.5351688907249 8854.9254162112629 1077.8174520212342 1236.3925342157017 16863.173447730253 1499.2267797608511 11877.376280868193 2480.1866885741765 4448.0537464242952 495.26235258425004 1367.3496927644737 1974.6053015635698 1410.1575443112233 144.80696739640553 540.81297030427959 3534.7165539478301 988.65924196041306 2922.3430385433603 24.152017234708183 1976.3140568698873 1075.961425207206 46789.076480366581 971.92020487249829 4769.541756851133 1601.1865024096332 116.86538148950785 1724.1025417392957 91.771063661202788 483.53238494729158
leaf_count=66442 13740 12320 39327 15411 14726 440511 10368 44946 32030 50398 41170 39914 25039 14305 1319 24777 12273 26589 15786 97 12809 4836 115379 2380 9107 4849 501 4060 339 1733
internal_value=0 0.00425016 -0.00540344 0.00309454 -0.0079136 -0.0095314 0.014401 0.000137223 -0.00523255 -0.0102235 -0.0148963 -0.0148421 0.00722212 -0.00114678 0.0155042 0.00290199 0.00540606 -0.0122959 0.00150931 -0.0142738 0.0231675 0.00376582 0.00317971 -0.00210742 0.00973081 0.00437837 0.0155201 0.00350789 0.0137373 -0.0065238
internal_weight=134919 75519.7 59398.9 67798.2 40876.5 35564.6 7721.49 18522.4 18677.2 8412.16 5931.98 2445.17 4245.95 10265.1 2271.34 5311.92 4771.11 5436.71 17099.1 16887.3 3475.54 65353.1 59507.6 11000.4 5845.5 48507.1 1718.05 13693.2 1815.87 3405.88
internal_count=1097481 320674 776807 258819 696203 644427 61855 80604 203819 150187 118157 55325 38678 53632 13639 51776 26999 76987 66864 440608 23177 203494 189551 68822 13943 120729 5350 49345 4399 17519
cat_boundaries=0 39 40 79 118 142 181 205 240
cat_threshold=32 0 6 0 4096 0 0 0 0 131072 0 0 0 0 0 0 0 0 0 0 0 0 0 224 0 0 0 0 0 0 0 0 0 41943040 512 67108864 0 1 2147483648 2051 0 0 0 0 0 0 0 0 0 0 0 0 0 0 0 0 0 0 0 0 0 0 0 0 0 0 0 0 0 2147483648 0 0 0 1073741824 0 512 1073741825 0 1073774592 0 0 0 0 0 0 0 0 0 0 0 0 0 0 0 0 0 0 0 0 0 0 0 0 0 0 0 0 0 2147483648 0 0 0 0 0 512 1073741824 0 1073741824 0 0 0 0 0 0 0 0 0 0 0 0 0 0 0 0 0 0 0 0 0 0 0 64 0 0 0 0 0 0 0 0 0 0 0 0 0 0 0 0 0 0 0 0 0 0 0 0 0 0 0 0 0 0 0 0 0 1073741824 0 0 1 0 32768 0 0 6 0 4096 0 0 0 0 131072 0 0 0 0 0 0 0 0 0 0 0 0 0 64 0 0 0 0 4096 0 0 0 0 0 0 0 0 0 0 0 0 0 0 0 0 0 0 128 0 0 0 0 0 0 0 0 0 33554432 512
is_linear=0
shrinkage=0.05


Tree=43
num_leaves=31
num_cat=9
split_feature=160 223 161 166 187 160 195 164 164 195 169 173 164 173 181 189 160 31 190 222 160 170 160 40 163 214 166 173 173 163
split_gain=1047.49 442.898 353.088 333.798 293.115 250.187 330.068 241.67 224.536 187.976 185.05 172.766 139.445 129.04 133.451 126.703 124.872 124.553 117.774 115.975 110.046 105.312 124.83 129.509 105.308 99.9497 92.1763 91.8558 92.3087 91.7826
threshold=0 1.0000000180025095e-35 1 95.000000000000014 1.0000000180025095e-35 2 1.0000000180025095e-35 3 4 1.0000000180025095e-35 1.0000000180025095e-35 14.500000000000002 5 12.500000000000002 115.00000000000001 1.0000000180025095e-35 6 1.0000000180025095e-35 1.0000000180025095e-35 1.0000000180025095e-35 7 1.0000000180025095e-35 8 1.5000000000000002 4.5000000000000009 135.00000000000003 65.000000000000014 16.500000000000004 2.5000000000000004 4.5000000000000009
decision_type=9 2 9 2 2 9 2 9 9 2 2 2 9 2 2 2 9 2 2 2 9 2 9 2 2 2 2 2 2 2
left_child=3 2 13 4 21 7 8 -4 27 11 17 12 -9 -2 -15 -6 -10 19 -11 29 -13 22 23 -1 -12 -18 -23 28 -7 -5
right_child=1 -3 5 10 15 6 -8 9 16 18 24 20 -14 14 -16 -17 25 -19 -20 -21 -22 26 -24 -25 -26 -27 -28 -29 -30 -31
leaf_value=-0.0045699982197499297 -0.003238735836657668 -0.037609025859947298 -0.036580076772238866 0.020785318151176856 -0.024643338539053129 -0.055369263599484936 -0.048465066184238167 -0.019919361857620835 -0.022260351093634514 -0.029838717867399434 0.026037101686152093 -0.0020004847068087217 -0.0012929658392482933 0.018400515129379354 0.003113330063622501 -0.0015926772948472599 -0.0098998432380768969 -0.0024306644550338794 0.011959894405906354 -0.028178264047534957 -0.01856635450336595 -0.0035483268298946297 0.0038701173089964107 0.0077062526824225076 0.0010300591872419271 0.088995829685240654 0.01276381963736279 -0.02805222808564576 0.021237179669840386 -0.018121090821536175
leaf_weight=9456.7776746838354 5167.3857526632491 1029.041697091001 535.94543408209574 1947.1752288830467 1339.4028216664155 40.661464252276346 581.08674921253987 1054.1395924432727 2354.3963366046082 179.57965365739074 2912.4407723960467 1505.8813987238682 17994.728336111919 1919.3864932111464 5573.23681679531 1075.023468201136 12729.758694234115 1969.5092102822964 2619.2423715717159 146.43441603216343 3067.1241819696443 1058.7753883007681 48571.538246382959 2779.1755861776765 492.65654400113272 25.094828147557564 4741.2516817429569 123.32852851587813 878.49537674942985 163.86372178967576
leaf_count=63580 22507 77266 36891 6043 39914 500 35941 29482 66009 11894 16890 11004 115486 6723 14570 15411 231488 25039 8693 1319 82694 4836 120729 15610 6287 97 9107 5549 9645 6277
internal_value=0 -0.00510846 -0.00451543 0.00382405 0.00272724 -0.00664512 -0.0114479 -0.00366043 -0.0101214 -0.0029782 0.0137468 -0.00443122 -0.00233562 0.00283669 0.00703108 -0.0143846 -0.0116664 0.00675599 0.00927135 0.0147718 -0.0131581 0.0033477 0.00273351 -0.00177961 0.0224212 -0.0096938 0.00978518 0.0122553 0.0178146 0.0177594
internal_weight=134033 57378.5 56349.5 76654 69021.9 43689.5 16732.8 26956.6 16151.7 26420.7 7632.08 23621.9 19048.9 12660 7492.62 2414.43 15109.2 4226.98 2798.82 2257.47 4573.01 66607.5 60807.5 12236 3405.1 12754.9 5800.03 1042.49 919.157 2111.04
internal_count=1097481 766439 689173 331042 269187 645373 349229 296144 313288 259253 61855 238666 144968 43800 21293 55325 297594 38678 20587 13639 93698 213862 199919 79190 23177 231585 13943 15694 10145 12320
cat_boundaries=0 39 73 112 123 153 177 217 256 292
cat_threshold=32 0 6 0 4096 0 0 0 0 131072 0 0 0 0 0 0 0 0 0 0 0 0 0 224 0 0 0 0 0 0 0 0 0 41943040 512 67109376 0 1 2147483648 0 0 4096 0 0 8388608 0 0 0 1 0 0 0 0 0 0 0 0 0 0 0 0 0 0 0 0 0 0 0 0 0 0 0 98304 524288 0 0 0 0 0 0 0 0 0 0 0 0 0 0 0 0 0 0 0 0 0 0 0 0 0 0 0 0 2147483648 0 0 0 1073741824 0 0 1 8192 1073774592 0 0 0 0 0 0 0 0 0 131072 8388608 0 0 4 0 4096 0 4194304 0 0 131072 8388608 0 0 0 0 0 0 0 0 0 0 0 0 0 0 0 0 0 0 2147483648 0 0 6 0 4096 0 0 0 0 0 0 0 0 0 0 0 0 0 0 0 0 0 0 128 8192 0 0 0 0 0 0 2097152 0 0 8388608 0 0 0 0 0 0 0 0 0 0 0 0 0 0 0 0 0 0 0 0 0 0 0 0 0 0 0 0 262144 0 0 0 0 0 0 0 0 0 0 0 0 0 0 0 0 0 0 0 0 0 0 0 0 0 0 0 0 0 2147483648 0 0 0 0 0 0 0 8192 1073741824 0 0 0 0 4096 0 0 0 0 0 0 0 0 0 0 0 0 0 0 0 0 0 0 128 0 0 0 0 0 0 0 0 0 33554432 512 512
is_linear=0
shrinkage=0.05


Tree=44
num_leaves=31
num_cat=10
split_feature=160 161 166 160 160 195 176 223 164 160 195 167 31 190 173 167 164 169 164 222 159 173 31 199 211 166 164 173 40 170
split_gain=1020.1 327.113 297.948 272.556 259.785 300.952 253.889 233.515 224.125 187.008 185.725 182.077 162.611 142.162 133.083 123.227 129.111 120.399 132.577 161.47 116.194 112.343 115.21 127.83 102.948 102.456 101.106 98.8661 96.0246 95.8775
threshold=0 1 95.000000000000014 2 3 1.0000000180025095e-35 1.0000000180025095e-35 1.0000000180025095e-35 4 5 1.0000000180025095e-35 1.0000000180025095e-35 1.0000000180025095e-35 1.0000000180025095e-35 11.500000000000002 1.0000000180025095e-35 6 1.0000000180025095e-35 7 1.0000000180025095e-35 8 12.500000000000002 1.0000000180025095e-35 1.0000000180025095e-35 7.5000000000000009 95.000000000000014 9 22.500000000000004 1.0000000180025095e-35 1.0000000180025095e-35
decision_type=9 9 2 9 9 2 2 2 9 9 2 2 2 2 2 2 9 2 9 2 1 2 2 2 2 2 9 2 2 2
left_child=2 28 3 26 8 6 7 9 -3 12 15 17 -6 -13 -11 24 -17 18 19 -4 -16 22 23 -22 -10 -12 -1 -26 -2 -5
right_child=1 4 11 29 5 -7 -8 -9 10 14 25 13 -14 -15 20 16 -18 -19 -20 -21 21 -23 -24 -25 27 -27 -28 -29 -30 -31
leaf_value=-0.033532343222996683 0.0062568632834506255 -0.035984564233511283 0.017983189260671103 0.0029474336493477468 -0.0059015428476443879 -0.047870372038572834 -0.020086882168495048 -0.044266750739578517 -0.0051885055572189094 -0.016148826254026239 -0.041186254259274011 0.0065188320612509388 0.01072388799693293 -0.037311633939124372 0.0204039857200678 0.032816585851095162 -0.033619346162711138 0.023080807940983116 -0.00701654604674057 -0.040456541833338015 -0.051761845857133976 -0.019011554670391562 -0.041400754856092459 0.023226828270248662 0.0072981203344681918 0.010921262859065209 -0.0074842785103223178 -0.038406023272113995 -0.0024412002962903492 0.0097102959646810563
leaf_weight=416.13900119147729 6690.800684149377 519.65763484913623 2544.0171696676989 58159.641903972864 3686.0514752807212 550.73329831287265 4900.5146195594643 402.01002503964264 20276.338632051193 4589.4567868105805 97.257351928506978 515.37784075428499 2446.4527810848085 287.87527160381433 479.15808054967783 76.776317280426156 583.116569206235 3163.2370853247121 890.9127494408749 123.44617790239863 62.803727502876427 914.9757448361197 103.16062907356536 554.68648898345418 2578.0994207588956 2680.0820565478643 3163.5221905804938 123.49550259718671 6033.374574625399 5760.3921821672702
leaf_count=23236 20519 36891 17641 182617 32634 35941 180735 31289 224877 72520 7566 4331 21175 12442 6605 1545 31018 19727 6105 1609 1583 19629 2093 2740 10569 13021 39023 576 23281 13943
internal_value=0 -0.0049579 0.00385607 0.00280439 -0.00693492 -0.0114647 -0.0103642 -0.00676416 -0.00378827 -0.00558762 -0.00314064 0.0132936 0.000729204 -0.00919664 -0.0113503 -0.00457912 -0.0258753 0.0159825 0.00966858 0.0152127 -0.000986518 -0.0073401 0.00737276 0.0155561 -0.00396675 0.00908767 -0.010603 0.00520032 0.00213053 0.00355649
internal_weight=133374 58349 75024.6 67499.7 45624.8 18690 18139.3 13238.8 26934.8 12836.7 26415.2 7524.87 6132.5 803.253 6704.24 23637.8 659.893 6721.61 3558.38 2667.46 2114.78 1635.63 720.651 617.49 22977.9 2777.34 3579.66 2701.59 12724.2 63920
internal_count=1097481 776807 320674 258819 733007 406944 371003 190268 326063 158979 289172 61855 53809 16773 105170 268585 32563 45082 25355 19250 32650 26045 6416 4323 236022 20587 62259 11145 43800 196560
cat_boundaries=0 39 73 78 117 128 167 174 198 199 210
cat_threshold=32 0 6 0 4096 0 0 0 0 131072 0 0 0 0 0 0 0 0 0 0 0 0 0 224 0 0 0 0 0 0 0 0 0 41943040 512 67108864 0 1 2147483648 0 0 4096 0 0 8388608 0 0 0 1 0 0 0 0 0 0 0 0 0 0 0 0 0 0 0 0 0 0 0 0 0 0 0 98304 32 0 0 0 4096 524288 0 0 0 0 0 0 0 0 0 0 0 0 0 0 0 0 0 0 0 0 0 0 0 0 0 0 0 0 2147483648 0 0 0 1073741824 0 512 1073741825 8192 1073741824 0 0 0 0 0 0 0 0 0 131072 8388608 8192 0 0 0 0 0 0 0 0 0 0 0 0 0 0 0 0 0 0 0 0 0 0 0 0 0 0 0 0 0 0 0 0 0 0 0 0 0 33280 0 0 4 0 4096 0 4194304 0 0 0 0 4096 0 0 0 0 0 0 0 0 0 0 0 0 0 0 0 0 0 0 128 5120 0 0 2 0 0 0 0 0 0 131072 8388608
is_linear=0
shrinkage=0.05


Tree=45
num_leaves=31
num_cat=11
split_feature=160 196 170 160 166 160 169 173 31 222 214 163 161 31 164 164 173 160 223 160 176 176 160 163 176 211 211 176 160 181
split_gain=986.799 315.049 252.474 253.589 242.325 268.895 172.714 129.815 120.479 102.505 102.215 102.053 99.3354 93.3539 122.827 91.5772 90.8337 211.696 155.25 109.441 98.2294 97.9775 92.5552 87.2624 84.2375 82.726 110.853 81.7311 98.252 80.8647
threshold=0 1 1.0000000180025095e-35 2 95.000000000000014 3 1.0000000180025095e-35 13.500000000000002 1.0000000180025095e-35 1.0000000180025095e-35 105.00000000000001 4.5000000000000009 4 1.0000000180025095e-35 5 6 9.5000000000000018 7 1.0000000180025095e-35 8 1.0000000180025095e-35 1.0000000180025095e-35 9 4.5000000000000009 1.0000000180025095e-35 7.5000000000000009 1.0000000180025095e-35 1.0000000180025095e-35 10 435.00000000000006
decision_type=9 1 2 9 2 9 2 2 2 2 2 2 9 2 9 9 2 9 2 9 2 2 9 2 2 2 2 2 9 2
left_child=4 7 3 16 5 15 8 25 9 23 24 -8 -9 14 -4 -1 19 18 20 -3 -18 -19 -22 -6 -5 26 -2 -10 -29 -14
right_child=1 2 13 10 6 -7 11 12 27 -11 -12 -13 29 -15 -16 -17 17 21 -20 -21 22 -23 -24 -25 -26 -27 -28 28 -30 -31
leaf_value=-0.032478780805498014 -0.0032616897462484115 0.00072473766617145007 -0.0081969504464884518 -0.011114426359544828 0.019762832895373322 0.003919794446960799 0.024949060630482377 0.03150949890506307 0.009575930988399586 -0.027158881824210054 0.035189044801280538 0.00018526610343184006 0.0043211497276350848 -0.016962487245948659 0.01026620238910453 -0.0073052234572811422 -0.0040791280341173899 -0.010516342136964438 -0.042287202964545301 -0.01250913784962893 -0.0060885230549031577 0.0079482851928836598 -0.024437323171179935 -0.018302742280894249 -0.018929844429484321 0.0069203170472719655 -0.021033407026994588 -0.00064716613292818139 -0.030617166669544577 -0.021823903619261571
leaf_weight=402.11711743249907 9318.1272769204952 8782.0335587861555 1210.692941677873 11218.311327929041 1904.3081556807738 58101.158803550585 2784.4601946546463 317.41863904485945 776.19077874207869 141.48107441933826 107.90826836353517 489.58830066618975 9646.2062409952632 514.52668960817391 3446.6083339019096 3140.0575795251498 2329.3812025947263 1075.1741963459062 452.55520523423183 1889.599408884882 1112.5983601345797 2162.2903086402221 1896.7827799606021 162.95695671223802 4984.7224366858427 1715.9322890549083 968.41189934183785 785.94585526204901 412.86984805844259 304.55530740553513
leaf_count=23236 39758 39327 14726 227738 6043 173226 16890 1285 7458 1319 2361 6287 35919 24777 12273 39023 24831 13774 41170 17115 15381 24917 36775 6277 210509 6988 9894 14323 3258 623
internal_value=0 -0.00450156 -0.00709216 -0.00857752 0.00413372 0.00310427 0.0126469 0.000289894 0.00591297 0.0139354 -0.0131879 0.0212481 0.00441731 0.00323552 0.0054696 -0.0102519 -0.00475078 -0.00844429 -0.0141549 -0.0016296 -0.011792 0.00180831 -0.0177588 0.0167561 -0.0135196 -0.00324051 -0.00493621 -0.00305759 -0.0112421 0.00351586
internal_weight=132555 63453.8 41183.2 36011.4 69101.1 61643.3 7457.8 22270.7 4183.75 2208.75 16310.9 3274.05 10268.2 5171.83 4657.3 3542.17 19700.4 9028.78 5791.32 10671.6 5338.76 3237.46 3009.38 2067.27 16203 12002.5 10286.5 1975.01 1198.82 9950.76
internal_count=1097481 800141 705674 653898 297340 235485 61855 94467 38678 13639 440608 23177 37827 51776 26999 62259 213290 156848 118157 56442 76987 38691 52156 12320 438247 56640 49652 25039 17581 36542
cat_boundaries=0 39 40 79 84 118 142 153 192 231 265 270
cat_threshold=32 0 6 0 4096 0 0 0 0 131072 0 0 0 0 0 0 0 0 0 0 0 0 0 224 0 0 0 0 0 0 0 0 0 8388608 0 67108864 0 1 2147483648 2179 0 0 0 0 0 0 0 0 0 0 0 0 0 0 0 0 0 0 0 0 0 0 0 0 0 0 0 0 0 2147483648 0 0 0 1073741824 512 512 1073741825 0 1073774592 32 0 0 0 4096 0 0 4096 0 0 8388608 0 0 0 1 0 0 0 128 0 0 0 0 0 0 0 0 0 0 0 0 0 0 0 0 0 0 0 32768 0 0 6 0 4096 0 0 0 0 131072 0 0 0 0 0 0 0 0 0 0 0 0 0 64 0 0 2 0 0 0 0 0 0 131072 8388608 0 0 0 0 0 0 0 0 0 0 0 0 0 0 0 0 0 0 0 0 0 0 0 0 0 0 0 0 0 0 0 0 0 1073741824 0 0 1 0 32768 0 0 0 0 0 0 0 0 0 0 0 0 0 0 0 0 0 0 0 0 0 0 0 0 0 0 0 0 0 0 0 0 0 1073741824 0 0 1 0 32768 0 0 0 0 0 0 0 0 0 0 0 0 0 0 0 0 0 0 0 0 0 0 0 0 0 0 0 0 0 0 0 0 0 1073741824 32 0 0 0 4096
is_linear=0
shrinkage=0.05


Tree=46
num_leaves=31
num_cat=9
split_feature=160 223 196 166 187 160 195 173 164 164 170 176 167 190 196 214 31 195 169 164 164 222 170 160 40 173 190 166 224 31
split_gain=875.311 380.831 270.052 258.385 236.032 217.029 268.396 253.799 327.953 242.681 205.309 173.168 166.461 130.05 113.169 137.012 112.13 110.76 110.063 98.2367 97.4299 137.691 96.3363 140.912 114.325 95.8924 99.3348 93.6568 85.1699 160.141
threshold=0 1.0000000180025095e-35 1 95.000000000000014 1.0000000180025095e-35 2 1.0000000180025095e-35 12.500000000000002 3 4 1.0000000180025095e-35 1.0000000180025095e-35 1.0000000180025095e-35 1.0000000180025095e-35 5 1.0000000180025095e-35 2.5000000000000004 1.0000000180025095e-35 1.0000000180025095e-35 6 7 1.0000000180025095e-35 1.0000000180025095e-35 8 1.5000000000000002 7.5000000000000009 1.0000000180025095e-35 65.000000000000014 1.0000000180025095e-35 1.0000000180025095e-35
decision_type=9 2 1 2 2 9 2 2 9 9 2 2 2 2 1 2 2 2 2 9 9 2 2 9 2 2 2 2 2 2
left_child=3 2 11 4 22 7 9 8 -4 -7 -9 16 18 -14 28 -16 -2 25 20 -6 -5 -22 23 24 -1 26 -10 -24 -11 -30
right_child=1 -3 5 12 19 6 -8 10 17 14 -12 -13 13 -15 15 -17 -18 -19 -20 -21 21 -23 27 -25 -26 -27 -28 -29 29 -31
leaf_value=-0.0049388981322778681 -0.0090525611331316574 -0.035976267005664586 -0.034605816140785499 -0.0056028751325061929 -0.0016449605257997967 0.012577180624137494 -0.047197062313966698 -0.017605499603667776 0.0033736764268132626 -0.006021989003237322 0.0027709158541115312 0.0037454000649552845 0.0058771480667573033 -0.036544252641996136 -0.021814853267761166 0.0099295100928320085 0.03273347995972891 0.014184393933260073 0.021978021709246821 -0.022290180757676678 0.016252956555440998 -0.038185135635601157 -0.004107134146295586 0.0037318101143812539 0.0065698948511157809 -0.0052005372959324433 -0.031395919355281868 0.012329750768861197 0.0072081188016131954 -0.033383169048705461
leaf_weight=9376.1290617572959 4407.4560260013532 958.13194820450008 682.30952282182989 862.58833089761902 1057.9754827593861 1039.1817575495807 518.0094420377427 4822.1652720702405 9172.6272793603712 5592.5118493437476 1661.611154943268 13318.600742747018 502.91900343820453 281.2330149122281 3902.8365920936776 371.82276483206078 166.08506687486079 1357.3504331110162 3046.9189755840925 1280.5583196278458 2531.7028044545441 121.22373137995601 1062.5447442152072 48050.828034903301 2802.1128929780389 6806.6185127728968 209.60558900574688 4684.9132708571851 349.30128904325829 795.27989625379996
leaf_count=63580 34573 77266 30469 6093 15411 15694 35941 140376 40102 82630 16518 45319 4331 12442 109648 10375 712 8263 19727 39914 17653 1609 4836 120729 15610 65601 5584 9107 4977 42391
internal_value=0 -0.00473036 -0.00418819 0.00350951 0.00255164 -0.00661055 -0.0119599 -0.00388568 -0.000864826 -0.0104529 -0.012383 0.000862162 0.0124199 -0.00934434 -0.0126271 -0.0190072 -0.00753062 0.000467361 0.0150218 -0.0130569 0.00898914 0.0137052 0.00310506 0.00251469 -0.00228837 -0.000682545 0.00259473 0.00929007 -0.00855495 -0.0209935
internal_weight=131793 56131.5 55173.4 75661.6 68315.1 37281.2 12568.9 24712.3 18228.5 12050.9 6483.78 17892.1 7346.59 784.152 11011.8 4274.66 4573.54 17546.2 6562.43 2338.53 3515.51 2652.93 65976.5 60229.1 12178.2 16188.9 9382.23 5747.46 6737.09 1144.58
internal_count=1097481 766439 689173 331042 269187 608569 301656 306913 150019 265715 156894 80604 61855 16773 250021 120023 35285 119550 45082 55325 25355 19262 213862 199919 79190 111287 45686 13943 129998 47368
cat_boundaries=0 39 40 79 90 120 121 145 152 188
cat_threshold=32 0 6 0 4096 0 0 0 0 131072 0 0 0 0 0 0 0 0 0 0 0 0 0 224 0 0 0 0 0 0 0 0 0 41943040 512 67109376 0 1 2147483648 2051 524288 0 0 0 0 0 0 0 0 0 0 0 0 0 0 0 0 0 0 0 0 0 0 0 0 0 0 0 0 2147483648 0 0 0 1073741824 0 0 1 0 1073775104 0 0 6 0 4096 0 0 0 0 131072 8388608 0 0 4 0 4096 0 4194304 0 0 131072 8388608 0 0 0 0 0 0 0 0 0 0 0 0 0 0 0 0 0 0 2147483648 24 0 0 0 0 0 0 0 0 0 0 0 0 0 0 0 0 0 0 0 0 0 0 0 64 0 0 4 0 0 0 4194304 0 0 0 0 4096 0 0 0 0 0 0 0 0 0 0 0 0 0 0 0 0 0 0 128 0 0 0 0 0 0 0 0 0 33554432 512 512
is_linear=0
shrinkage=0.05


Tree=47
num_leaves=31
num_cat=8
split_feature=196 169 170 159 223 182 176 31 31 164 211 170 164 164 214 173 40 164 182 40 178 31 173 169 167 167 164 164 195 31
split_gain=748.511 414.054 410.037 298.767 196.91 350.439 196.433 182.209 177.541 158.659 121.811 104.761 144.629 100.475 98.2902 91.551 89.1665 87.3466 82.6299 119.255 78.8518 78.5219 83.0604 75.8526 75.7549 115.132 139.616 117.436 255.973 88.2831
threshold=0 1.0000000180025095e-35 1.0000000180025095e-35 1 1.0000000180025095e-35 1.0000000180025095e-35 1.0000000180025095e-35 1.0000000180025095e-35 1.0000000180025095e-35 2 10.500000000000002 1.0000000180025095e-35 3 4 135.00000000000003 9.5000000000000018 1.0000000180025095e-35 5 1.0000000180025095e-35 1.0000000180025095e-35 1.0000000180025095e-35 1.0000000180025095e-35 12.500000000000002 1.0000000180025095e-35 1.5000000000000002 1.0000000180025095e-35 6 7 1.0000000180025095e-35 1.0000000180025095e-35
decision_type=1 2 2 1 2 2 2 2 2 9 2 2 9 9 2 2 2 9 2 2 2 2 2 2 2 2 9 9 2 2
left_child=1 11 3 4 5 10 20 18 9 23 -2 12 15 -10 24 -1 21 -13 -6 -20 -7 22 -17 -4 25 27 -27 -5 29 -29
right_child=2 -3 8 14 7 6 -8 -9 13 -11 -12 17 -14 -15 -16 16 -18 -19 19 -21 -22 -23 -24 -25 -26 26 -28 28 -30 -31
leaf_value=0.0018363512090023158 -0.0050599177226176503 0.027388363511591005 -0.0023144653317310501 -3.0565931918923693e-05 -0.02462021384692116 -0.040293323063086812 -0.006918969945592119 -0.0035366114367801449 0.017934986974655578 0.011508260448307583 0.010829086091911914 0.011947518031507551 0.0028243583418472427 -0.025577870007674353 0.084067506366758221 -0.043544783562508418 -0.0026673275588186655 -0.0037404014057282292 -0.066528736475176001 0.040789230526266818 0.023309257554511624 -0.010313902490627597 -0.0035590530830267361 -0.034602720745060593 0.042772452156816854 0.019330336422685224 -0.047348133365776195 -0.0072351573802084531 -0.05017359114941107 -0.016172298221601947
leaf_weight=2535.4345612148172 27133.480440749248 1732.8753223294625 792.17344498302555 1834.1800713112461 667.63057259104971 49.409566706046462 825.88379067368805 942.22565085392853 162.2699729091255 6192.1699527335586 1261.7087194750784 4801.0059842797928 62118.200820399405 617.43197990569752 25.906768041779287 470.09416624292498 1709.6368411092553 1087.0968221069779 270.33278613141738 28.230457551311702 2071.3090934762731 1036.0219224063912 179.89809400262311 235.79914070258383 61.253205458226148 93.747453835501801 425.25697851585574 4997.993214400587 461.30691977843526 6191.0204855275224
leaf_count=9732 271236 12809 12102 28821 40181 199 4333 41374 2955 22816 4339 9903 181982 32231 97 8498 14762 5054 3847 226 4794 12542 1844 3195 1555 2779 24703 89446 50074 199052
internal_value=0 0.00323185 -0.00441885 -0.00618892 -0.00359894 -0.00265021 0.0137605 -0.0191914 0.00604951 0.00849796 -0.00435355 0.00266588 0.00211212 -0.0166079 -0.0122886 -0.00534187 -0.0107183 0.00906414 -0.034443 -0.0563134 0.0218159 -0.0188759 -0.0324969 -0.00964514 -0.0124782 -0.0127217 -0.0358267 -0.0118308 -0.0136763 -0.0121811
internal_weight=131011 75670.3 55340.7 47340.9 33250.2 31341.8 2946.6 1908.42 7999.84 7220.14 28395.2 73937.4 68049.3 779.702 14090.7 5931.09 3395.65 5888.1 966.194 298.563 2120.72 1686.01 649.992 1027.97 14064.8 14003.5 519.004 13484.5 11650.3 11189
internal_count=1097481 257126 840355 767056 370529 284901 9326 85628 73299 38113 275575 244317 229360 35186 396527 47378 37646 14957 44254 4073 4993 22884 10342 15297 396430 394875 27482 367393 338572 288498
cat_boundaries=0 1 2 12 36 60 84 91 115
cat_threshold=199 128 0 0 6 0 4096 0 0 0 0 131072 0 0 6 0 0 0 0 0 0 0 0 0 0 0 0 0 0 0 0 0 0 0 0 64 0 0 4 0 4096 0 4194304 0 0 0 0 0 0 0 0 0 0 0 0 0 0 0 0 64 0 0 4 0 0 0 0 0 0 131072 0 0 0 0 0 0 0 0 0 0 0 0 0 64 0 0 4 0 4096 0 4194304 0 0 0 0 0 0 0 2097152 0 0 0 0 0 0 0 0 0 0 0 0 0 0 0 128
is_linear=0
shrinkage=0.05


Tree=48
num_leaves=31
num_cat=6
split_feature=160 196 170 166 187 160 176 169 173 160 31 31 173 163 189 170 160 173 40 31 173 221 214 193 31 164 181 31 40 31
split_gain=813.193 262.069 222.679 207.111 220.042 201.574 164.419 141.384 128.684 129.28 107.141 96.2927 95.912 92.9379 91.6574 90.8789 120.222 151.088 103.358 95.0792 148.114 87.515 86.1089 81.1474 80.6496 100.952 80.4974 126.44 80.0533 76.4068
threshold=0 1 1.0000000180025095e-35 95.000000000000014 1.0000000180025095e-35 2 1.0000000180025095e-35 1.0000000180025095e-35 10.500000000000002 3 1.0000000180025095e-35 2.5000000000000004 17.500000000000004 4.5000000000000009 1.0000000180025095e-35 1.0000000180025095e-35 4 18.500000000000004 1.0000000180025095e-35 1.0000000180025095e-35 10.500000000000002 1.0000000180025095e-35 135.00000000000003 1.0000000180025095e-35 1.0000000180025095e-35 5 45.000000000000007 1.0000000180025095e-35 1.5000000000000002 1.0000000180025095e-35
decision_type=9 1 2 2 2 9 2 2 2 9 2 2 2 2 2 2 9 2 2 2 2 2 2 2 2 9 2 2 2 2
left_child=3 6 5 4 15 8 11 10 -3 29 -5 -2 -11 -9 -6 16 17 18 19 20 -1 -18 -7 -23 25 -4 27 -8 -29 -10
right_child=1 2 24 7 14 22 26 13 9 12 -12 -13 -14 -15 -16 -17 21 -19 -20 -21 -22 23 -24 -25 -26 -27 -28 28 -30 -31
leaf_value=-0.0041329939791082586 -0.0091037293179583902 -0.0013338081326764687 -0.0075297462219646024 0.013077516371566093 -0.021732548087252321 -0.012538777947970035 -0.018400482834321042 0.023291603555552307 -0.015765595179369967 -0.010812564540932759 -0.0030960385126795006 0.029734172154784761 -0.027786583807380572 -0.00049803653285519734 -0.001690520455697088 0.0091730092055385959 0.0029129469802719535 -0.033253871457160321 0.0055272927561300905 -0.00027569693076850667 -0.039579976466960716 0.011719631030044114 0.077492074855232365 0.056918891710216357 -0.01612534659140781 0.0094179011407106265 0.00041268429422650809 0.014237149960690679 -0.0030277696197452833 0.0054066312635704999
leaf_weight=692.07977941638092 4363.0142105794584 11187.712777846165 1176.7438892534701 2162.4646452827146 1251.8847794626345 15792.864379722239 398.83347451587906 2618.288894143363 574.16765271913027 3574.4721017504999 1943.4792046097282 165.12103409832343 1085.7694720645668 486.35613615479087 1048.8958640000928 5680.8971752432408 51427.995426170208 421.87271661037812 2351.0263191884151 1462.4500538435532 513.38008048263146 1527.5283616948873 26.097512302163523 105.84458998776972 497.70238593130489 3394.9031995486293 8419.2427454135614 3561.9398435656913 826.59081635909388 1648.0570035541314
leaf_count=4014 34573 63650 14726 13639 39914 440511 3709 16890 9801 61595 25039 712 48347 6287 15411 13943 139610 9035 13791 10333 8315 4849 97 501 24777 12273 24612 12031 4967 19529
internal_value=0 -0.00450149 -0.00679497 0.00346315 0.00259054 -0.00825876 0.000537432 0.0115123 -0.00464131 -0.0100233 0.00542137 -0.00768325 -0.0147393 0.0195638 -0.0126002 0.00313525 0.0025488 -0.00452425 -0.00211429 -0.00884988 -0.0192434 0.00327442 -0.0123797 0.0146682 0.00297611 0.00505826 0.00335702 0.00853341 0.0109841 -6.35267e-05
internal_weight=130388 56693.2 38958.5 73694.4 66483.9 33889.1 17734.7 7210.59 18070.2 6882.47 4105.94 4528.14 4660.24 3104.65 2300.78 64183.1 58502.2 5440.81 5018.94 2667.91 1205.46 53061.4 15819 1633.37 5069.35 4571.65 13206.6 4787.36 4388.53 2222.22
internal_count=1097481 775910 695306 321571 259716 643530 80604 61855 202922 139272 38678 35285 109942 23177 55325 204391 190448 45488 36453 22662 12329 144960 440608 5350 51776 26999 45319 20707 16998 29330
cat_boundaries=0 39 40 79 118 142 166
cat_threshold=32 0 6 0 4096 0 0 0 0 131072 0 0 0 0 0 0 0 0 0 0 0 0 0 224 0 0 0 0 0 0 0 0 0 41943040 0 67109376 0 1 2147483648 2051 0 0 0 0 0 0 0 0 0 0 0 0 0 0 0 0 0 0 0 0 0 0 0 0 0 0 0 0 0 2147483648 0 0 0 1073741824 512 0 1073741825 0 1073774592 0 0 0 0 0 0 0 0 0 0 0 0 0 0 0 0 0 0 0 0 0 0 0 0 0 0 0 0 0 2147483648 0 0 0 0 512 0 1073741824 0 1073741824 0 0 0 0 4096 0 0 0 0 0 0 0 0 0 0 0 0 0 0 0 0 0 0 128 0 0 6 0 4096 0 0 0 0 131072 0 0 0 0 0 0 0 0 0 0 0 0 0 64
is_linear=0
shrinkage=0.05


Tree=49
num_leaves=31
num_cat=7
split_feature=160 196 170 166 187 176 223 160 167 160 173 190 170 160 173 169 197 210 173 160 173 192 222 166 189 169 164 31 181 173
split_gain=718.259 345.231 243.862 209.028 194.201 171.958 149.577 166.367 145.834 132.739 119.256 111.132 95.7153 107.639 92.9728 92.8293 87.9502 84.1737 100.245 87.4799 103.934 83.4872 127.15 81.9605 81.1415 79.3258 117.836 78.907 92.2875 88.0141
threshold=0 1 1.0000000180025095e-35 95.000000000000014 1.0000000180025095e-35 1.0000000180025095e-35 1.0000000180025095e-35 2 1.0000000180025095e-35 3 4.5000000000000009 1.0000000180025095e-35 1.0000000180025095e-35 4 15.500000000000002 1.0000000180025095e-35 1.0000000180025095e-35 1.5000000000000002 9.5000000000000018 5 16.500000000000004 1.0000000180025095e-35 1.0000000180025095e-35 65.000000000000014 1.0000000180025095e-35 1.0000000180025095e-35 6 1.0000000180025095e-35 15.000000000000002 17.500000000000004
decision_type=9 1 2 2 2 2 2 9 2 9 2 2 2 9 2 2 2 2 2 9 2 2 2 2 2 2 9 2 2 2
left_child=3 5 6 4 12 14 7 10 15 -8 -3 -10 13 17 -2 21 -16 18 -1 20 -20 22 -5 -14 -6 -4 -27 -7 -29 -30
right_child=1 2 25 8 24 27 9 -9 11 -11 -12 -13 23 -15 16 -17 -18 -19 19 -21 -22 -23 -24 -25 -26 26 -28 28 29 -31
leaf_value=0.0016400688141601342 -0.01022325286042652 0.0078545705199701103 -0.002462198801830344 0.014903642803705678 -0.0208529584958978 -0.017910223158823471 0.0077104689262734536 -0.01288242959722035 0.004802871811656886 -0.040081204947513931 -0.0066406880156377598 -0.034971486159993063 -0.0037561777089448363 0.0032832580697451474 -0.014613460839155615 0.020261288692386942 0.024588223628157921 0.012006631945916453 -0.0055025550500493511 -0.008590911764834919 0.033556069304393255 -0.0055562970745082685 -0.038068699597564266 0.011751733803978549 -0.0019182317184874562 -0.027662680810951131 0.014113090359269331 0.012032078406183344 -0.0018437653575866131 0.0080033803919474442
leaf_weight=7130.9237747456646 3848.6320156945221 1580.8571199538419 3042.0533148135873 2515.38905403635 1232.0468690342241 396.12962163594784 187.43443577745347 12754.905777342217 488.05147846048931 663.74363661788811 13798.921228448526 273.60144777948153 1043.4273758190684 47852.360783108001 221.92172480467707 2896.139098495536 400.31690540979616 1067.1645492610987 430.10661922907457 6401.8840581872646 281.17933417388122 842.59012692805845 118.10441175231244 4627.5081714447588 1047.3094133420382 176.82033922226401 1826.3418688798556 3224.992777919746 5492.3323081017006 3865.4423779123463
leaf_count=29867 30567 6394 40501 17952 39914 3709 4795 370967 4331 62453 154983 12442 4836 120729 2903 19727 1815 2380 4353 74619 2438 5794 1609 9107 15411 2373 8902 13237 19253 9120
internal_value=0 -0.00458623 -0.00751784 0.00301759 0.00219933 0.00113189 -0.0092859 -0.00866055 0.0111771 -0.0299331 -0.00514687 -0.00949191 0.00267489 0.00211608 -0.0073234 0.013649 0.0105984 -0.0015325 -0.00254866 -0.00674836 0.0098057 0.00813625 0.0125193 0.00889738 -0.0121574 0.00262408 0.0103494 0.00404593 0.00473824 0.0022235
internal_weight=129729 51480.8 34031.1 78247.8 71113.9 17449.8 28985.9 28134.7 7133.88 851.178 15379.8 761.653 68834.6 63163.6 4470.87 6372.22 622.239 15311.3 14244.1 7113.17 711.286 3476.08 2633.49 5670.94 2279.36 5045.22 2003.16 12978.9 12582.8 9357.77
internal_count=1097481 731972 651368 365509 303654 80604 599592 532344 61855 67248 161377 16773 248329 234386 35285 45082 4718 113657 111277 81410 6791 25355 19561 13943 55325 51776 11275 45319 41610 28373
cat_boundaries=0 39 40 79 119 155 191 202
cat_threshold=32 0 6 0 4096 0 0 0 0 131072 0 0 0 0 0 0 0 0 0 0 0 0 0 224 0 0 0 0 0 0 0 0 0 1115684864 0 67109376 0 1 2147483648 2051 0 0 0 0 0 0 0 0 0 0 0 0 0 0 0 0 0 0 0 0 0 0 0 0 0 0 0 0 0 2147483648 0 0 0 0 512 0 1073741825 0 1073775104 0 0 0 0 0 0 0 0 0 0 0 0 0 0 0 0 0 0 0 0 0 0 0 0 0 0 0 0 0 0 0 0 0 0 512 0 0 0 1073741824 327680 0 0 0 0 4096 0 0 0 0 0 0 0 0 0 0 0 0 0 0 0 0 0 0 128 0 0 0 0 0 0 0 0 0 1107296256 0 512 0 0 0 0 0 0 0 0 0 0 0 0 0 0 0 0 0 0 0 0 0 0 0 0 0 0 0 0 0 0 0 0 0 0 0 512 0 0 4 0 4096 0 0 0 0 131072 8388608
is_linear=0
shrinkage=0.05


end of trees

feature_importances:
candidate_card_id=233
post_action_hand_count=150
candidate_target_id=140
self_active_energy=123
candidate_target_appear_this_turn=69
candidate_target_is_active=68
trainer_low_deck_risk=59
post_action_ko_estimate=55
candidate_fills_energy=48
candidate_target_max_hp=47
action_type=47
opp_active_special_energy=38
candidate_target_energy=35
candidate_attack_id=34
post_action_powerful_hand_damage=34
candidate_target_hp=33
xerosic_opp_hand_value=31
candidate_inplay_area=30
ability_low_deck_risk=28
candidate_is_route_card=18
attack_lethal_estimate=17
target_is_alakazam=16
end_has_attack_ready_penalty=16
bench_early_game_value=14
option_type=10
is_retreat=9
candidate_hand_cost=8
retreat_active_damage_value=8
candidate_is_psychic_energy=7
candidate_fills_missing_abra=7
is_trainer=7
candidate_area=6
candidate_target_is_bench=5
attack_overkill_estimate=5
target_is_kadabra=5
target_is_dunsparce=5
hammer_opp_active_special_energy_value=5
breaks_current_ko_estimate=4
is_xerosic=4
is_attack=3
is_end=3
energy_target_is_alakazam_value=3
preserves_current_ko_estimate=2
target_is_abra=2
target_is_dudunsparce=2
is_bench=2
candidate_fills_stage2=1
is_evolve=1
is_energy=1
is_boss=1
boss_opp_bench_low_hp_value=1

parameters:
[boosting: gbdt]
[objective: lambdarank]
[metric: ndcg]
[tree_learner: serial]
[device_type: cpu]
[data_sample_strategy: bagging]
[data: ]
[valid: ]
[num_iterations: 50]
[learning_rate: 0.05]
[num_leaves: 31]
[num_threads: 4]
[seed: 741]
[deterministic: 0]
[force_col_wise: 0]
[force_row_wise: 0]
[histogram_pool_size: -1]
[max_depth: -1]
[min_data_in_leaf: 40]
[min_sum_hessian_in_leaf: 0.001]
[bagging_fraction: 0.85]
[pos_bagging_fraction: 1]
[neg_bagging_fraction: 1]
[bagging_freq: 0]
[bagging_seed: 9664]
[bagging_by_query: 0]
[feature_fraction: 0.85]
[feature_fraction_bynode: 1]
[feature_fraction_seed: 7560]
[extra_trees: 0]
[extra_seed: 5152]
[early_stopping_round: 0]
[early_stopping_min_delta: 0]
[first_metric_only: 0]
[max_delta_step: 0]
[lambda_l1: 0.1]
[lambda_l2: 0.5]
[linear_lambda: 0]
[min_gain_to_split: 0]
[drop_rate: 0.1]
[max_drop: 50]
[skip_drop: 0.5]
[xgboost_dart_mode: 0]
[uniform_drop: 0]
[drop_seed: 20317]
[top_rate: 0.2]
[other_rate: 0.1]
[min_data_per_group: 100]
[max_cat_threshold: 32]
[cat_l2: 10]
[cat_smooth: 10]
[max_cat_to_onehot: 4]
[top_k: 20]
[monotone_constraints: ]
[monotone_constraints_method: basic]
[monotone_penalty: 0]
[feature_contri: ]
[forcedsplits_filename: ]
[refit_decay_rate: 0.9]
[cegb_tradeoff: 1]
[cegb_penalty_split: 0]
[cegb_penalty_feature_lazy: ]
[cegb_penalty_feature_coupled: ]
[path_smooth: 0]
[interaction_constraints: ]
[verbosity: -1]
[saved_feature_importance_type: 0]
[use_quantized_grad: 0]
[num_grad_quant_bins: 4]
[quant_train_renew_leaf: 0]
[stochastic_rounding: 1]
[linear_tree: 0]
[max_bin: 255]
[max_bin_by_feature: ]
[min_data_in_bin: 3]
[bin_construct_sample_cnt: 200000]
[data_random_seed: 2458]
[is_enable_sparse: 1]
[enable_bundle: 1]
[use_missing: 1]
[zero_as_missing: 0]
[feature_pre_filter: 1]
[pre_partition: 0]
[two_round: 0]
[header: 0]
[label_column: ]
[weight_column: ]
[group_column: ]
[ignore_column: ]
[categorical_feature: 27,35,154,159,160,161,164,196]
[forcedbins_filename: ]
[precise_float_parser: 0]
[parser_config_file: ]
[objective_seed: 17010]
[num_class: 1]
[is_unbalance: 0]
[scale_pos_weight: 1]
[sigmoid: 1]
[boost_from_average: 1]
[reg_sqrt: 0]
[alpha: 0.9]
[fair_c: 1]
[poisson_max_delta_step: 0.7]
[tweedie_variance_power: 1.5]
[lambdarank_truncation_level: 30]
[lambdarank_norm: 1]
[label_gain: ]
[lambdarank_position_bias_regularization: 0]
[eval_at: 1,2,3,4,5]
[multi_error_top_k: 1]
[auc_mu_weights: ]
[num_machines: 1]
[local_listen_port: 12400]
[time_out: 120]
[machine_list_filename: ]
[machines: ]
[gpu_platform_id: -1]
[gpu_device_id: -1]
[gpu_use_dp: 0]
[num_gpu: 1]

end of parameters

pandas_categorical:null
