tree
version=v4
num_class=1
num_tree_per_iteration=1
label_index=0
max_feature_idx=224
objective=lambdarank
feature_names=turn turn_action_count first_player_is_self energy_attached retreated stadium_played supporter_played self_hand_count self_deck_count self_prize_count self_bench_count opp_hand_count opp_deck_count opp_prize_count opp_bench_count self_total_energy opp_total_energy self_total_hp opp_total_hp self_status_count opp_status_count early_game mid_game late_game deck_low_10 deck_low_5 current_powerful_hand_damage self_active_id self_active_hp self_active_max_hp self_active_damage self_active_energy self_active_special_energy self_active_tool_count self_active_appear_this_turn opp_active_id opp_active_hp opp_active_max_hp opp_active_damage opp_active_energy opp_active_special_energy opp_active_tool_count opp_active_appear_this_turn self_bench_open self_bench_min_hp self_bench_max_hp self_bench_max_energy self_bench_total_damage self_bench_damaged_count self_bench_low_hp_count opp_bench_open opp_bench_min_hp opp_bench_max_hp opp_bench_max_energy opp_bench_total_damage opp_bench_damaged_count opp_bench_low_hp_count hand_5 field_5 discard_5 opp_field_5 hand_13 field_13 discard_13 opp_field_13 hand_19 field_19 discard_19 opp_field_19 hand_66 field_66 discard_66 opp_field_66 hand_140 field_140 discard_140 opp_field_140 hand_305 field_305 discard_305 opp_field_305 hand_343 field_343 discard_343 opp_field_343 hand_741 field_741 discard_741 opp_field_741 hand_742 field_742 discard_742 opp_field_742 hand_743 field_743 discard_743 opp_field_743 hand_1079 field_1079 discard_1079 opp_field_1079 hand_1081 field_1081 discard_1081 opp_field_1081 hand_1086 field_1086 discard_1086 opp_field_1086 hand_1097 field_1097 discard_1097 opp_field_1097 hand_1129 field_1129 discard_1129 opp_field_1129 hand_1152 field_1152 discard_1152 opp_field_1152 hand_1182 field_1182 discard_1182 opp_field_1182 hand_1197 field_1197 discard_1197 opp_field_1197 hand_1225 field_1225 discard_1225 opp_field_1225 hand_1231 field_1231 discard_1231 opp_field_1231 hand_1266 field_1266 discard_1266 opp_field_1266 ready_alakazam_count has_ready_alakazam field_route_body_count has_abra_anywhere has_bridge_anywhere has_alakazam_anywhere has_psychic_energy_in_hand complete_route_components needs_first_abra needs_stage2 needs_attacker_energy dudunsparce_engine_count dunsparce_engine_count stadium_id select_type select_context select_min_count select_max_count option_type candidate_card_id candidate_attack_id candidate_area candidate_inplay_area candidate_target_id candidate_target_hp candidate_target_max_hp candidate_target_energy candidate_target_special_energy candidate_target_appear_this_turn candidate_target_is_active candidate_target_is_bench candidate_hand_cost post_action_hand_count post_action_powerful_hand_damage current_ko_estimate post_action_ko_estimate breaks_current_ko_estimate preserves_current_ko_estimate powerful_hand_attack_option attack_lethal_estimate attack_overkill_estimate candidate_is_route_card candidate_is_abra candidate_is_kadabra candidate_is_alakazam candidate_is_rare_candy candidate_is_psychic_energy target_is_abra target_is_kadabra target_is_alakazam target_is_dunsparce target_is_dudunsparce candidate_fills_missing_abra candidate_fills_stage2 candidate_fills_energy action_type is_attack is_retreat is_end is_evolve is_ability is_energy is_boss is_xerosic is_hammer is_bench is_trainer is_other hammer_opp_active_energy_value hammer_opp_active_special_energy_value xerosic_opp_hand_value boss_opp_bench_value boss_opp_bench_low_hp_value retreat_active_damage_value retreat_status_value energy_target_existing_energy_value energy_target_is_alakazam_value energy_target_is_fezandipiti_value evolve_target_is_abra_value evolve_target_is_kadabra_value bench_early_game_value ability_low_deck_risk trainer_low_deck_risk end_has_attack_ready_penalty
feature_infos=[1:1224] [1:31] [0:1] [0:1] [0:1] [0:1] [0:1] [0:35] [0:47] [1:6] [0:5] [0:24] [0:48] [1:6] [0:8] [0:7] [0:18] [10:910] [10:1720] [0:1] [0:1] [0:1] [0:1] [0:1] [0:1] [0:1] [0:700] -1:743:140:742:741:305:66:343 [10:210] [50:210] [0:200] [0:4] [0:4] none [0:1] -1:743:431:756:140:648:345:414:305:93:381:400:401:741:1031:434:646:112:647:742:343:432:678:344:121:861:860:104:190:380:463:387:676:235:506:66:90:341:1030:666:649:117:379:293:169:92:342:89:723:65:120:119:677:247:721:58:131:722:674:675:849:265:57:879:673:96:878:73:304:164:891:1071:320:299:116:271:272:655:745:303:150:791:37:269:138:184:108:141:292:689:311:63:229:767:597:31:174:746:42:554:583:132:170:848:1055:81:270:827:474:607:828:74:162:100:183:532:214:297:602:858:142:747:41:45:122:268:331:139:204:794:987 [10:440] [30:440] [0:420] [0:10] [0:10] [0:1] [0:1] [0:5] [0:210] [0:210] [0:5] [0:360] [0:5] [0:5] [0:8] [0:400] [0:440] [0:8] [0:980] [0:5] [0:5] [0:3] none [0:3] none [0:1] none [0:1] none [0:4] none [0:4] none [0:3] [0:3] [0:3] [0:3] [0:1] [0:1] [0:1] [0:2] [0:4] [0:4] [0:4] [0:4] [0:1] [0:1] [0:1] [0:1] [0:3] [0:4] [0:4] [0:4] [0:4] [0:4] [0:4] [0:4] [0:4] [0:4] [0:4] [0:4] [0:4] none [0:4] none [0:4] none [0:4] none [0:4] none [0:4] none [0:1] none [0:1] none [0:1] none [0:1] none [0:4] none [0:4] none [0:3] none [0:3] none [0:3] none [0:3] none [0:4] none [0:4] none [0:4] none [0:4] none [0:2] none [0:2] none [0:4] [0:1] [0:4] [0:1] [0:1] [0:1] [0:1] [0:4] [0:1] [0:1] [0:1] [0:3] [0:4] -1:1266:1247:1257:1259:1264:1245:1261:1262:1246:1244:1252:1256:1260:1253:1255:1254:1250:1249:1242:1258 none none none none -1:7:8:9:14:12:13:10 -1:19:5:13:1231:1225:1152:66:743:1086:1182:305:1266:1197:742:343:140:1184:1097:1081:1079:1129:741:1247 -1:1072:1070:1071:183:423:424 [-1:7] [-1:5] -1:742:305:743:741:140:66:343 [0:210] [0:210] [0:5] [0:4] [0:1] [0:1] [0:1] [0:1] [0:34] [0:680] [0:1] [0:1] [0:1] [0:1] [0:1] [0:1] [0:570] [0:1] [0:1] [0:1] [0:1] [0:1] [0:1] [0:1] [0:1] [0:1] [0:1] [0:1] [0:1] [0:1] [0:1] -1:10:5:6:4:2:9:1:3:11:0:7 [0:1] [0:1] [0:1] [0:1] [0:1] [0:1] [0:1] [0:1] [0:1] [0:1] [0:1] none [0:7] [0:6] [0:24] [0:5] [0:5] [0:200] none [0:5] [0:1] [0:1] [0:1] [0:1] [0:1] [0:1] [0:1] [0:1]
tree_sizes=4040 4213 4061 4155 4057 3864 4132 4230 4042 4069 4355 3993 4065 4035 3814 4290 4134 4255 3773 4247 4136 4139 4012 4362 3772 4322 4269 4187 3894 4026 4237 4037 4238 4259 4107 4020 3922 4012 4101 3978 4170 4071 4078 4237 3915 4021 3668 4061 4011 3916

Tree=0
num_leaves=31
num_cat=8
split_feature=196 160 223 160 170 169 160 160 167 190 182 169 167 190 163 166 159 162 160 173 171 173 198 211 176 161 173 204 173 166
split_gain=100104 13461.3 11159.9 8401.57 6162.98 3551.2 4084.69 2918.22 2561.36 2306.69 1970.27 1153.01 1118.93 3722.12 1375.8 1369.97 1076.92 1037.93 982.383 931.344 1226.96 806.275 790.6 784.428 1097.04 720.284 708.599 1055.71 689.315 650.372
threshold=0 1 1.0000000180025095e-35 2 1.0000000180025095e-35 1.0000000180025095e-35 3 4 1.0000000180025095e-35 1.0000000180025095e-35 1.0000000180025095e-35 1.0000000180025095e-35 1.0000000180025095e-35 1.0000000180025095e-35 4.5000000000000009 175.00000000000003 5 1.0000000180025095e-35 6 13.500000000000002 1.0000000180025095e-35 5.5000000000000009 1.0000000180025095e-35 7.5000000000000009 1.0000000180025095e-35 7 10.500000000000002 1.0000000180025095e-35 6.5000000000000009 75.000000000000014
decision_type=1 9 2 9 2 2 9 9 2 2 2 2 2 2 2 2 1 2 9 2 2 2 2 2 2 9 2 2 2 2
left_child=1 4 3 -2 17 6 10 11 9 -7 23 -3 13 14 22 -14 -9 -1 28 20 25 -19 -8 26 -25 -18 27 -5 -4 -16
right_child=2 7 18 5 -6 8 12 16 -10 -11 -12 -13 15 -15 29 -17 19 21 -20 -21 -22 -23 -24 24 -26 -27 -28 -29 -30 -31
leaf_value=-0.082174571436766444 -0.077607009476829095 0.071172979641902764 -0.082805562410483674 0.00048729944269142362 0.069766565054502891 -0.0032042225012623307 -0.030997904406922044 0.026693154105130613 -0.081369753683702639 0.065287314277720013 0.043577388486647148 0.096367160544627323 -0.086727909483478305 0.044428732325536992 -0.08526548444497517 0.014442231181902649 0.043304579394098874 0.03363277894614234 -0.097334046728804233 0.076773547615111959 0.067391859986702871 -0.035092971617921576 -0.058498850764717059 -0.029298264651673768 0.044068040252921041 0.00126267334666509 -0.031306560622134487 -0.055054249453265994 -0.019289224853537373 -0.045517316058775625
leaf_weight=1066.9993905908486 8079.227377664909 17873.872795862815 959.24395147513133 6106.2267272069294 1786.2263551931828 2832.4323791451461 21326.398398665304 3771.3612738641386 617.56943603756372 2171.1911404911662 1724.9801778053807 6098.1532535788137 2043.697025660018 1405.863549924019 2083.29542263248 399.85633585671894 3700.1184349100513 486.88757131091552 7377.4474706083129 4206.1165316173283 4578.9074913755758 3431.4741905819101 2979.4383438242949 841.08426787224016 1290.8314580132137 1416.4256576219632 5416.2820696342096 994.43163579615066 770.88798096225946 2039.7672358533891
leaf_count=22884 174682 149245 7762 65523 11220 61347 385744 33182 14884 16859 14832 24867 69207 16562 93966 8587 42377 4387 211637 43498 33748 81503 87181 10562 9646 22086 105002 13010 16550 71408
internal_value=0 0.0555022 -0.0376072 -0.0300602 -0.00989497 -0.022963 -0.0273146 0.0661359 0.0146583 0.0265184 -0.00695383 0.0775518 -0.0376288 -0.0349748 -0.0389023 -0.0701711 0.0506141 -0.0384622 -0.089312 0.0570782 0.0485887 -0.0265488 -0.0343703 -0.0129105 0.0151211 0.0317553 -0.0176857 -0.0072938 -0.0542083 -0.0656103
internal_weight=119877 48416.5 71460.2 62352.6 6771.59 54273.3 48652.2 41645 5621.19 5003.62 16373.8 23972 32278.3 29834.8 28428.9 2443.55 17672.9 4985.36 9107.58 13901.6 9695.45 3918.36 24305.8 14648.9 2131.92 5116.54 12516.9 7100.66 1730.13 4123.06
internal_count=1923948 468997 1454951 1219002 119994 1044320 951230 349003 93090 78206 218575 174112 732655 654861 638299 77794 174891 108774 235949 141709 98211 85890 472925 203743 20208 64463 183535 78533 24312 165374
cat_boundaries=0 1 25 65 104 128 129 168 202
cat_threshold=199 0 0 0 0 0 0 0 0 0 0 8388608 0 0 0 0 0 0 0 0 0 0 0 0 128 8192 0 0 0 0 0 0 0 0 0 0 0 0 0 0 0 0 0 0 0 0 0 0 0 0 0 0 0 0 0 0 0 0 0 0 0 0 0 0 262144 0 0 0 0 0 0 0 0 0 0 0 0 0 0 0 0 0 0 0 0 0 0 0 0 0 0 0 0 0 0 0 0 0 1082130432 512 0 1 8193 2147483648 0 0 4 0 0 0 0 0 0 131072 0 0 0 0 0 0 0 0 0 0 0 0 0 32 128 0 0 0 0 0 0 0 0 0 0 0 0 0 0 0 0 0 0 0 0 0 0 0 0 0 0 0 0 0 0 0 0 0 8388608 512 512 0 1 2147483648 0 0 0 0 0 8388608 0 0 0 0 0 0 0 0 0 0 0 0 0 0 0 0 0 0 0 0 0 0 0 0 0 0 0 65536
is_linear=0
shrinkage=0.05


Tree=1
num_leaves=31
num_cat=12
split_feature=196 169 223 160 160 164 160 195 163 194 211 176 160 162 163 167 161 164 161 213 176 160 176 182 160 176 164 195 173 163
split_gain=127362 37608.4 24185.4 16287.2 10397.4 11255.3 9390.81 8159.19 13676.8 7302.19 6244.29 5067.32 6227.66 4825.89 4461.09 3517 3432.7 3331.06 2732.46 2175.27 2070.23 2041.16 1947.51 2445.19 2092.84 1865.83 1741.91 1997.39 1722.06 1698.54
threshold=0 1.0000000180025095e-35 1.0000000180025095e-35 1 2 3 4 1.0000000180025095e-35 4.5000000000000009 1.0000000180025095e-35 6.5000000000000009 1.0000000180025095e-35 5 6.0000000000000009 4.5000000000000009 1.0000000180025095e-35 6 7 8 1.5000000000000002 1.0000000180025095e-35 9 1.0000000180025095e-35 1.0000000180025095e-35 10 1.0000000180025095e-35 11 1.0000000180025095e-35 8.5000000000000018 4.5000000000000009
decision_type=1 2 2 9 9 9 9 2 2 2 2 2 9 2 2 2 9 9 9 2 2 9 2 2 9 2 9 2 2 2
left_child=1 6 3 22 5 -5 9 15 -9 10 -1 12 26 16 -11 19 -8 -17 -18 29 -12 25 23 -2 -24 -4 27 -6 -21 -7
right_child=2 -3 21 4 11 7 13 8 -10 14 20 -13 -14 -15 -16 17 18 -19 -20 28 -22 -23 24 -25 -26 -27 -28 -29 -30 -31
leaf_value=-0.035623425302387379 0.0047288795297573041 0.077457891482527574 -0.065303651660913953 -0.075633149568082855 -0.020789647857762591 -0.0010352230736525513 -0.030398284536336903 0.055649038746164461 -0.060717087558213638 0.053163139900388005 -0.014730772248127173 -0.064787946378252692 -0.025801808709531266 -0.038749193566662149 -0.033591573843615108 0.010440390456386561 0.075512332791663875 -0.077707795106461905 0.022342854365248493 -0.064947452727338512 0.037523109453956455 -0.089385339826530075 -0.03556035249006579 0.044821739389903803 0.0016137076818720231 0.020894425735002303 -0.078772296822980481 -0.087288582225206232 -0.016317600217612124 -0.021079537208138804
leaf_weight=18653.975019370206 23948.357489006128 28825.775664586574 3645.0939273516415 7596.3332609022036 3560.369959696196 20932.485711780202 3047.5677852868102 9398.2864292096347 3452.1578319664113 6546.430555196479 3098.6879564755363 21402.73864146031 39315.347306425509 3304.5807317610597 1914.8790704384446 1416.1435314000119 2441.5790647491813 4435.5737325638765 186904.79970757978 3657.3563835811801 4879.7906443397515 15517.960653143469 5512.3390353161376 4520.4624873932917 12044.21519517689 758.0470266554039 8593.4804147799732 1653.7146570775658 3625.7290660142899 21348.212722026976
leaf_count=122358 79335 25809 19766 85419 23684 98959 7030 14451 33707 8770 14891 199428 171779 8853 15010 6972 2031 79866 305280 16420 12876 211637 35186 8885 57464 4546 76586 17453 21632 137865
internal_value=0 0.02361 -0.0283336 -0.0230105 -0.0309746 -0.0179377 0.0168852 -0.0115069 0.0243868 -0.00693224 -0.01979 -0.0442409 -0.0359704 0.0211556 0.0335283 -0.0198326 0.0221858 -0.0564905 0.0230326 -0.015504 0.0172284 -0.0808287 0.00301835 0.0110959 -0.0100778 -0.0503476 -0.0648563 -0.0418078 -0.0407416 -0.0111562
internal_weight=475952 259618 216334 196413 150388 75862.3 230792 68265.9 12850.4 35093.8 26632.5 74525.7 53122.9 195699 8461.31 55415.5 192394 5851.72 189346 49563.8 7978.48 19921.1 46025.4 28468.8 17556.6 4403.14 13807.6 5214.08 7283.09 42280.7
internal_count=1923948 522908 1401040 1165091 984221 495291 497099 409872 48158 173905 150125 488930 289502 323194 23780 361714 314341 86838 307311 274876 27767 235949 180870 88220 92650 24312 117723 41137 38052 236824
cat_boundaries=0 1 40 79 90 128 168 202 207 213 252 289 300
cat_threshold=2247 0 0 0 0 0 0 0 0 0 0 0 0 0 0 0 0 0 0 0 0 0 0 0 0 0 0 0 0 0 0 0 0 0 1082130432 512 512 1 1 2147483648 524320 0 0 0 0 0 0 0 0 0 0 0 0 0 0 0 0 0 0 0 0 0 0 0 0 0 0 0 0 0 0 0 0 0 0 0 1073741824 0 32768 0 0 0 0 0 0 0 0 0 131072 8388608 0 0 0 0 0 0 0 0 0 0 8388608 0 0 0 0 0 0 0 0 0 0 0 0 128 0 0 0 0 0 0 0 0 0 0 0 0 0 8192 8192 0 0 0 0 0 0 0 0 0 0 0 0 0 0 0 0 0 0 0 0 0 0 0 0 0 0 0 0 0 0 0 0 0 0 0 0 0 0 262144 0 0 0 0 0 0 0 0 0 0 0 0 0 128 0 0 0 0 0 0 0 0 0 0 0 0 0 0 0 0 0 0 0 16384 0 0 4 0 4096 0 0 0 0 0 8388608 0 0 0 0 0 0 0 0 0 0 0 0 0 0 0 0 0 0 0 0 0 0 0 0 0 0 0 0 0 0 0 0 0 8388608 512 512 0 1 2147483648 0 0 0 0 0 0 0 0 0 0 0 0 0 0 0 0 0 0 0 0 0 0 0 0 0 0 0 0 0 0 0 0 0 0 0 0 1 0 0 0 0 4096 0 0 0 0 131072 8388608
is_linear=0
shrinkage=0.05


Tree=2
num_leaves=31
num_cat=11
split_feature=196 169 223 160 170 196 160 170 174 216 164 160 211 161 164 198 174 182 169 159 216 176 174 216 160 214 176 174 160 193
split_gain=92570 34109.7 19462 12460.8 7881.72 10728.6 7606.8 8066.54 6395.77 5887.91 5020.69 4553.59 4517.86 2796.08 2764.86 2870.05 2623.12 1805.11 1801.02 1768.16 1647.07 1603.07 1587.9 1493.38 1404.57 1381.07 1324.91 1231.73 1318.76 1212.11
threshold=0 1.0000000180025095e-35 1.0000000180025095e-35 1 1.0000000180025095e-35 2 3 1.0000000180025095e-35 210.00000000000003 1.0000000180025095e-35 4 5 7.5000000000000009 6 7 1.0000000180025095e-35 150.00000000000003 1.0000000180025095e-35 1.0000000180025095e-35 8 1.0000000180025095e-35 1.0000000180025095e-35 450.00000000000006 1.0000000180025095e-35 9 135.00000000000003 1.0000000180025095e-35 130.00000000000003 10 1.0000000180025095e-35
decision_type=1 2 2 9 2 1 9 2 2 2 9 9 2 9 9 2 2 2 2 1 2 2 2 2 9 2 2 2 9 2
left_child=1 6 3 -2 5 8 7 12 17 10 -6 -10 -1 -8 23 16 18 27 -16 21 -18 -15 -9 -7 26 -17 -4 28 -5 -21
right_child=2 -3 24 4 9 14 13 22 11 -11 -12 -13 -14 19 15 25 20 -19 -20 29 -22 -23 -24 -25 -26 -27 -28 -29 -30 -31
leaf_value=-0.033770461604203432 -0.062560390935722548 0.07667392282804554 -0.064167125953129109 -0.02892316665097372 0.032283792486276282 -0.068450036452829585 0.074866557581142676 0.044590121693382556 -0.049020773723372359 -0.05511682487673919 -0.056585557702849176 -0.0039750739146203473 0.014622914250097012 -0.0073455121705394396 -0.045091129245896755 -0.056941589628457058 -0.015176372158002922 0.037697420935981864 -0.0093647550807326261 0.01972280612929548 -0.073943761165249922 0.014691074324637282 -0.048059878554894062 -0.0072142728912664954 -0.084756781790536057 0.065519484540788875 0.010167641406892568 -0.0061647067018653912 0.016967017150431137 0.078337172078378994
leaf_weight=18804.410939362657 16243.535454144701 24349.561574533582 3219.7862609592266 1727.3417616132647 15698.681610960397 7325.8880087001016 2142.3656517714262 6806.4396939352155 11265.004235055269 2772.6211312590167 1759.3651919945842 11184.638973898953 6485.847645368427 11739.757122758718 19330.541057641938 10091.443125206046 35096.88045227126 4221.0185505114496 4315.851710513467 144176.16199892393 1233.8126121704699 27781.295470824931 495.71460541337729 1152.5738732037134 13062.477923634578 235.16881551314145 736.2439981426578 17814.957839641254 15928.880230985058 887.06029714271426
leaf_count=142477 174682 25809 19766 6624 27632 109804 2031 8879 112430 49985 11679 61112 20208 31142 103121 86504 250979 6580 13975 237686 28438 51361 2341 7686 211637 677 4546 75575 37608 974
internal_value=0 0.0205298 -0.0257304 -0.0208317 -0.0166205 -0.0208111 0.0142972 -0.00799076 -0.00527329 0.0125622 0.0233123 -0.026603 -0.0213594 0.018187 -0.033062 -0.0297981 -0.0256098 0.00678936 -0.038571 0.0175249 -0.0171733 0.00814289 0.0382969 -0.0600562 -0.0768064 -0.0541493 -0.0502052 0.00311073 0.0124697 0.0200802
internal_weight=438085 243669 194417 177398 161155 140924 219319 32592.4 62141.8 20230.7 17458 22449.6 25290.3 186727 78782.2 70303.7 59977.1 39692.2 23646.4 184584 36330.7 39521.1 7302.15 8478.46 17018.5 10326.6 3956.03 35471.2 17656.2 145063
internal_count=1923948 522908 1401040 1165091 990409 901113 497099 173905 299929 89296 39311 173542 162685 323194 601184 483694 396513 126387 117096 321163 279417 82503 11220 117490 235949 87181 24312 119807 44232 238660
cat_boundaries=0 1 41 42 80 104 143 149 160 161 200 236
cat_threshold=2247 8192 0 0 0 0 0 0 0 0 0 0 0 0 0 0 0 0 0 0 0 0 0 0 0 0 0 0 0 0 0 0 0 0 0 0 0 0 0 0 262144 1024 0 0 0 0 0 0 0 0 0 0 8388608 0 0 0 0 0 0 0 0 0 0 0 0 128 0 0 0 0 0 0 0 0 0 0 0 0 0 8192 0 0 0 0 4096 0 0 0 0 0 0 0 0 0 0 0 0 0 0 0 0 0 0 224 0 0 0 0 0 0 0 0 0 0 0 0 0 0 0 0 0 0 0 0 0 0 0 0 0 0 0 0 0 0 0 0 0 0 0 0 1 0 33280 0 0 0 0 0 8388608 0 0 0 0 4096 0 0 0 0 131072 8388608 8192 0 0 0 0 0 0 0 0 0 0 0 0 0 0 0 0 0 0 0 0 0 0 0 0 0 0 0 0 0 0 0 0 0 8388608 512 512 0 1 2147483648 0 0 0 0 0 0 0 0 0 0 0 0 0 0 0 0 0 0 0 0 0 0 0 0 0 0 0 0 0 0 0 0 0 0 512 512
is_linear=0
shrinkage=0.05


Tree=3
num_leaves=31
num_cat=11
split_feature=160 169 196 160 170 163 195 161 194 164 164 176 198 174 174 172 160 169 164 174 207 214 165 216 160 164 195 193 160 174
split_gain=73223.3 24374.3 16265.2 9570.03 9066.87 5616.84 4989.35 3239.02 3452.22 2634.9 2593.82 2370.3 2289.24 2130.24 1992.58 1342.99 1294.78 1428.25 1657.45 1961.15 4808.59 1277.3 1079.37 1075.2 957.967 953.292 1296.14 929.961 897.898 837.059
threshold=0 1.0000000180025095e-35 1 2 1.0000000180025095e-35 4.5000000000000009 1.0000000180025095e-35 3 1.0000000180025095e-35 4 5 1.0000000180025095e-35 1.0000000180025095e-35 130.00000000000003 270.00000000000006 1.0000000180025095e-35 6 1.0000000180025095e-35 7 250.00000000000003 1.0000000180025095e-35 135.00000000000003 75.000000000000014 1.5000000000000002 8 9 1.0000000180025095e-35 1.0000000180025095e-35 10 110.00000000000001
decision_type=9 2 1 9 2 2 2 9 2 9 9 2 2 2 2 2 9 2 9 2 2 2 2 2 9 9 2 2 9 2
left_child=1 27 5 25 10 7 9 -2 11 -6 -5 15 16 -7 -13 -9 -12 18 23 28 24 -14 -15 -18 -21 26 -4 -1 29 -20
right_child=2 -3 3 4 6 13 -8 8 -10 -11 12 14 21 22 -16 -17 17 -19 19 20 -22 -23 -24 -25 -26 -27 -28 -29 -30 -31
leaf_value=0.017557098198394967 0.072266497946083835 0.074421666769334885 -0.027570067384522459 -0.06832864458564665 0.0020930375717790111 0.014815224509848202 0.032696441165432827 -0.0037247785995522505 0.041259380111490308 -0.054369845995962424 -0.01364453572309194 0.022511529495357129 -0.053468391553883235 0.036807756864969655 -0.0014828250286952548 -0.035465033513635912 -0.058823756147871775 -0.0091221309318746668 0.0032525587639801925 0.0023147826694623285 -0.063780645422242252 0.05721111014867343 -0.044092653064483379 0.045321243703126228 -0.027797768993081968 -0.06893273153311251 -0.079917405490650018 0.073730602546164509 -0.0262803992760005 -0.019458770770567117
leaf_weight=148786.60922613577 1946.6408778950572 21805.450021890923 3867.8617563203443 3603.2315629356308 5930.392586368951 2179.7120267297141 10769.199573172024 10141.172150011873 6448.0216767769307 3162.124643393443 25915.501172855904 16027.723980848677 8480.0833064024337 432.53652833052911 18801.608763639233 4963.8926543482812 5582.6411715011345 10844.737926717848 5548.6250392778311 4155.6381228280952 10466.947306005808 268.50571791641414 8634.7308999266243 258.93427794589661 7251.6345124772051 11937.219327972678 1703.6790421637706 740.06146829668432 38791.058086800796 15086.793445184303
leaf_count=252702 2031 25809 32743 74790 23783 7334 15223 31142 8770 50290 149981 37434 86504 2200 37557 32731 81268 57024 15541 36458 188520 677 76356 941 81414 158485 22517 974 246883 85866
internal_value=0 0.0250359 -0.0176378 -0.0258232 -0.0218884 0.00278917 0.00967013 0.00902792 0.00682983 -0.017602 -0.0264903 0.00238484 -0.0253465 -0.0295623 0.00955889 -0.0141566 -0.0236028 -0.0262323 -0.0283646 -0.0265044 -0.0393078 -0.0500678 -0.0402311 -0.0541105 -0.0168501 -0.0608726 -0.0435055 0.0178354 -0.0217957 -0.0133453
internal_weight=414533 171332 243201 173625 156116 69576 19861.7 58329.1 56382.4 9092.52 136254 49934.4 132651 11247 34829.3 15105.1 123903 97987 87142.3 81300.7 21874.2 8748.59 9067.27 5841.58 11407.3 17508.8 5571.54 149527 59426.5 20635.4
internal_count=1923948 279485 1644463 1408908 1195163 235555 89296 149665 147634 74073 1105867 138864 1031077 85890 74991 63873 943896 793915 736891 654682 306392 87181 78556 82209 117872 213745 55260 253676 348290 101407
cat_boundaries=0 39 40 80 86 110 121 159 183 220 231 270
cat_threshold=0 0 4 0 4096 0 0 0 0 131072 0 0 0 0 0 0 0 0 0 0 0 0 0 96 0 0 0 0 0 0 0 0 0 41943040 0 0 0 0 2147483648 2114 8192 0 0 0 0 0 0 0 0 0 8388608 0 0 0 0 0 0 0 0 0 0 0 0 0 0 0 0 0 0 0 0 0 0 0 0 0 0 0 0 262144 0 0 0 0 0 8388608 0 0 4 0 4096 0 0 0 0 0 0 0 0 0 0 0 0 0 0 0 0 0 0 96 0 0 0 0 0 0 0 0 0 131072 8388608 0 0 0 0 0 0 0 0 0 0 0 0 0 0 0 0 0 0 0 0 0 0 0 0 0 0 0 0 0 0 0 0 0 1073741824 512 512 0 1 0 0 0 0 4096 0 0 0 0 0 0 0 0 0 0 0 0 0 0 0 0 0 0 32 32 0 0 0 0 0 0 0 0 0 0 0 0 0 0 0 0 0 0 0 0 0 0 0 0 0 0 0 0 0 0 0 0 0 0 0 1073741824 0 0 0 0 4096 0 0 0 0 131072 8388608 0 0 0 0 0 0 0 0 0 0 0 0 0 0 0 0 0 0 0 0 0 0 0 0 0 0 0 0 0 0 0 0 0 0 0 0 1 0 32768
is_linear=0
shrinkage=0.05


Tree=4
num_leaves=31
num_cat=9
split_feature=196 169 223 160 160 170 170 207 195 173 211 160 164 164 198 173 176 160 182 173 214 173 162 176 173 164 176 169 160 166
split_gain=61601.7 26830.1 16343.7 9139.25 4608.07 5573.8 4502.9 6768.97 4413.46 3740.51 3373.7 2719.97 2306.33 1825.58 1741.17 1124.87 1065.14 1057.72 1057.05 1042.35 1008.31 982.857 1142.62 1001.22 976.004 966.234 918.103 824.29 800.39 1040.77
threshold=0 1.0000000180025095e-35 1.0000000180025095e-35 1 2 1.0000000180025095e-35 1.0000000180025095e-35 1.0000000180025095e-35 1.0000000180025095e-35 9.5000000000000018 6.5000000000000009 3 4 5 1.0000000180025095e-35 7.5000000000000009 1.0000000180025095e-35 6 1.0000000180025095e-35 16.500000000000004 135.00000000000003 6.5000000000000009 1.0000000180025095e-35 1.0000000180025095e-35 20.500000000000004 7 1.0000000180025095e-35 1.0000000180025095e-35 8 75.000000000000014
decision_type=1 2 2 9 9 2 2 2 2 2 2 9 9 9 2 2 2 9 2 2 2 2 2 2 2 9 2 2 9 2
left_child=1 4 3 25 5 10 7 13 12 18 21 -11 -8 -5 15 27 -12 26 -9 -13 -16 22 -1 -23 -7 -2 -4 -15 29 -29
right_child=2 -3 17 6 -6 24 8 9 -10 11 16 19 -14 14 20 -17 -18 -19 -20 -21 -22 23 -24 -25 -26 -27 -28 28 -30 -31
leaf_value=-0.050399357355693931 -0.075615775102208821 0.072101781421720398 -0.060651801669086493 -0.064674557055815124 0.014671107031009475 0.038981145854639951 0.00070934280226207856 0.0028840474934559534 0.030124469147981954 0.0079902720630786513 -0.017735443800635558 -0.023543886282011268 -0.05326563934987736 -0.03802816805614051 -0.051684654236907469 -0.018022604227404256 0.022767800276263753 -0.079553860494428141 0.03088010008221086 -0.05236408087677269 0.050529897261197776 -0.050872575842108886 0.013247242919525164 -0.021780633135854315 -0.030091091934805983 -0.047229315670483898 0.0031404155634571851 0.040629068403887594 -0.037560664522296741 -0.027246859068775227
leaf_weight=1042.6166376180481 4701.7195515378844 20132.321365853772 2791.1484866235405 3313.7483503642725 177898.35910450315 6167.7177609070204 5733.7117028322536 28323.151268141286 10508.888989311643 6182.6100881332532 2428.3514148517279 12279.765309036244 3014.1072884171735 15906.290318105894 7689.1765451297397 34992.146680415637 4892.5994166835444 11712.474431098788 3826.8865278302692 4215.0696576093324 248.65757287666202 6936.5644375731936 2175.966600838583 5158.9452806133777 557.22082480136305 8893.3637178684585 706.58486824738793 1143.2482535582967 1795.6840714449063 1115.0990975438617
leaf_count=6383 73809 25809 19766 74790 323194 8191 23783 100185 15223 27891 14891 102661 50290 112203 86504 311803 12876 211637 5399 63793 677 68110 7334 53091 3029 100873 4546 1633 7460 6114
internal_value=0 0.0169951 -0.0228539 -0.017968 0.0116428 -0.00670869 -0.0141707 -0.0177448 0.00828556 -0.00475119 -0.0185858 -0.020301 -0.0179495 -0.0285055 -0.0265846 -0.0234263 0.00933194 -0.0722981 0.00621706 -0.0308915 -0.0484791 -0.0319321 -0.00737329 -0.0384662 0.0332553 -0.0570976 -0.0476288 -0.0328984 -0.0127681 0.00708195
internal_weight=396484 227391 169094 153883 207258 29360 140288 121032 19256.7 54827.5 22635 22677.4 8747.82 66204.1 62890.3 54952.5 7320.95 15210.2 32150 16494.8 7937.83 15314.1 3218.58 12095.5 6724.94 13595.1 3497.73 19960.3 4054.03 2258.35
internal_count=1923948 522908 1401040 1165091 497099 173905 990409 901113 89296 299929 162685 194345 74073 601184 526394 439213 27767 235949 105584 166454 87181 134918 13717 121201 11220 174682 24312 127410 15207 7747
cat_boundaries=0 1 41 79 118 142 153 192 216 217
cat_threshold=2247 8192 0 0 0 0 0 0 0 0 0 0 0 0 0 0 0 0 0 0 0 0 0 0 0 0 0 0 0 0 0 0 0 0 0 0 0 0 0 0 262144 0 0 0 0 0 0 0 0 0 0 8388608 0 0 0 0 0 0 0 0 0 0 0 0 128 0 0 0 0 0 0 0 0 0 0 0 0 0 8192 0 0 0 0 0 0 0 0 0 0 0 0 0 0 0 0 0 0 0 0 0 0 0 0 0 0 0 0 0 0 0 0 0 8388608 512 512 0 0 2147483648 0 0 4 0 4096 0 0 0 0 0 0 0 0 0 0 0 0 0 0 0 0 0 0 96 0 0 0 0 0 0 0 0 0 131072 8388608 0 0 0 0 0 0 0 0 0 0 0 0 0 0 0 0 0 0 0 0 0 0 0 0 0 0 0 0 0 0 0 0 0 8388608 512 512 0 1 2147483648 0 0 0 0 0 0 0 0 0 0 0 0 0 0 0 0 0 0 0 0 0 0 0 224 524288
is_linear=0
shrinkage=0.05


Tree=5
num_leaves=31
num_cat=8
split_feature=196 166 223 163 195 176 207 173 161 195 176 164 165 163 173 198 182 167 164 161 196 166 222 222 164 173 193 164 173 167
split_gain=50691.5 16610.5 13818.3 5941.39 5756.63 4005.26 3069.7 2620.76 2544.69 1930.45 1823.79 1738.69 1661.17 5144.85 1704.49 1539.28 1466.98 1448.28 1491.52 1408.82 1463.27 1276.66 1409.9 1182.43 1161.91 1090.06 1010.33 939.564 877.044 834.311
threshold=0 125.00000000000001 1.0000000180025095e-35 4.5000000000000009 1.0000000180025095e-35 1.0000000180025095e-35 1.0000000180025095e-35 11.500000000000002 1 1.0000000180025095e-35 1.0000000180025095e-35 2 75.000000000000014 4.5000000000000009 6.5000000000000009 1.0000000180025095e-35 1.0000000180025095e-35 1.0000000180025095e-35 3 4 5 175.00000000000003 1.0000000180025095e-35 1.0000000180025095e-35 6 7.5000000000000009 1.0000000180025095e-35 7 7.5000000000000009 1.0000000180025095e-35
decision_type=1 2 2 2 2 2 2 2 9 2 2 9 2 2 2 2 2 2 9 9 1 2 2 2 9 2 2 9 2 2
left_child=1 8 3 4 6 -3 15 16 -1 10 24 -6 19 -14 -15 17 -8 18 -2 -10 -21 22 -7 -23 -5 -20 28 29 -22 -12
right_child=2 5 -4 9 11 21 7 -9 12 -11 27 -13 13 14 -16 -17 -18 -19 25 20 26 23 -24 -25 -26 -27 -28 -29 -30 -31
leaf_value=0.069581283553973458 0.014212504746807759 0.064066599822371922 -0.069224871788117093 -0.030861335729211486 0.028562396298821992 0.015302789064421063 -0.0039947310449704541 -0.024860345540095474 -0.030801193819116862 -0.063764385083356509 0.0027259954440225034 -0.045796570740750095 0.030793430389759537 0.010864879536541576 -0.040259189651985113 -0.045970021787956339 0.026099573091750483 -0.056016031333840477 -0.032518329137796696 0.014807338744852372 -0.0051923577261811689 0.0093416920666707197 0.057683719970021419 -0.083903022513948336 -0.058771888998468795 -0.014342953738496486 0.068109891436658951 -0.042203924364320383 0.0082117970585458746 -0.039959803500939299
leaf_weight=1770.4390246951953 3223.4083185178461 19011.655444933102 13859.863547049696 10644.207782865153 10098.670555533841 4204.4884402323514 35365.55411034057 15343.739233259403 1993.9169312622398 5283.2561834831722 6186.4566654574592 844.13689177716151 5802.4806326359976 2091.4411978586577 7389.6007182111498 7157.1268847052706 4572.5655957050622 2728.9928979802644 13390.680949707603 111814.03388978879 16622.498095151852 2005.6767776785418 3680.9876613626257 408.85817832639441 5831.4035438052379 21493.19774531771 633.0251598386094 2204.1558426069096 45896.856250055833 1404.077339341864
leaf_count=2031 9795 26061 235949 99404 16154 7979 156701 173837 7030 89721 51770 9311 10413 7096 76356 87181 7581 58271 84048 208022 40589 3276 4837 1033 78955 170425 974 46115 127211 25822
internal_value=0 0.0153796 -0.0215158 -0.0169808 -0.0116751 0.0504623 -0.015329 -0.00729683 0.0100799 -0.0361861 -0.0306384 0.0228083 0.00952764 -0.00628677 -0.0289811 -0.0245807 -0.000548787 -0.0208312 -0.0183107 0.0108941 0.0113704 0.0253492 0.0350895 -0.00645966 -0.0407962 -0.0213142 0.00528375 -0.0135503 0.00464784 -0.00516456
internal_weight=382957 223326 159631 145772 114218 29311.7 103275 55281.9 194014 31553.6 26270.3 10942.8 192244 15283.5 9481.04 47993.4 39938.1 40836.3 38107.3 176960 174966 10300 7885.48 2414.53 16475.6 34883.9 63152.4 9794.69 62519.4 7590.53
internal_count=1923948 522908 1401040 1165091 773304 43186 747839 338119 479722 391787 302066 25465 477691 93865 83452 409720 164282 322539 264268 383826 376796 17125 12816 4309 178359 254473 168774 123707 167800 77592
cat_boundaries=0 1 7 31 55 89 90 114 138
cat_threshold=2247 0 0 0 0 0 8388608 0 0 0 0 0 0 0 0 0 0 0 0 0 0 0 0 0 0 0 0 0 0 0 192 0 0 0 0 0 0 0 0 0 0 8388608 0 0 0 0 0 0 0 0 0 0 0 0 160 0 0 0 0 0 0 0 0 0 0 0 0 0 128 0 0 0 0 0 0 0 0 0 0 0 0 0 0 0 0 0 0 0 16384 194 0 0 0 0 4096 0 0 0 0 0 0 0 0 0 0 0 0 0 0 0 0 0 0 96 0 0 4 0 4096 0 0 0 0 0 0 0 0 0 0 0 0 0 0 0 0 0 0 192
is_linear=0
shrinkage=0.05


Tree=6
num_leaves=31
num_cat=8
split_feature=160 223 160 165 161 170 216 176 160 164 179 164 216 198 222 167 211 176 160 173 165 195 214 164 195 173 166 223 176 194
split_gain=44392 15096.9 11574.3 10911.7 7037.87 7268.18 3682.79 3491.96 3375.95 2457.8 2043.98 1806.33 1911.3 1818.2 1743.59 1136.13 946.822 946.545 870.914 1032.91 828.128 868.605 812.224 786.138 844.343 730.768 714.379 673.676 668.276 1221.59
threshold=0 1.0000000180025095e-35 1 75.000000000000014 2 1.0000000180025095e-35 1.0000000180025095e-35 1.0000000180025095e-35 3 4 1.0000000180025095e-35 5 1.0000000180025095e-35 1.0000000180025095e-35 1.0000000180025095e-35 1.0000000180025095e-35 8.5000000000000018 1.0000000180025095e-35 6 8.5000000000000018 85.000000000000014 1.0000000180025095e-35 135.00000000000003 7 1.0000000180025095e-35 8.5000000000000018 175.00000000000003 1.0000000180025095e-35 1.0000000180025095e-35 1.0000000180025095e-35
decision_type=9 2 9 2 9 2 2 2 9 9 2 9 2 2 2 2 2 2 9 2 2 2 2 9 2 2 2 2 2 2
left_child=3 2 23 27 10 8 9 -5 16 28 -4 15 13 20 25 -10 -6 -12 19 -3 21 -13 -15 24 -2 -9 -16 -1 29 -7
right_child=1 18 4 7 5 6 -8 14 11 -11 17 12 -14 22 26 -17 -18 -19 -20 -21 -22 -23 -24 -25 -26 -27 -28 -29 -30 -31
leaf_value=0.014126880506320237 -0.027378455188420959 -0.060964118813124892 0.067255826422649212 0.062023697863798834 -0.0077224125160720719 0.0022540865527635209 -0.0486902954200161 0.043278029730511647 -0.055115684242210278 -0.047776397852406449 -0.0086725225225464213 -0.017892110637674898 -0.077273028142674491 -0.047786619104642172 0.057103117437370038 0.0025962638492305502 0.016437443311746642 0.015232437888683437 -0.074302584444146835 0.011600532906302329 0.007249127170573833 -0.071599240776473644 0.047595818865139021 -0.064729253374515586 -0.072210468370040179 0.00050114977996162122 -0.061172772270058032 -0.044595552968913682 0.034007597287259793 0.032123174365113277
leaf_weight=132549.61403986393 3755.2689724061638 1735.3240499431267 1703.929800058715 17470.717264290433 32903.619659656659 7668.0506582339294 2271.9847123932559 1244.1904766792431 6039.5007671355852 1326.4144309952389 5074.2916349228472 72801.23339391395 1457.824186554295 6475.0174782761605 3437.420463655144 992.73083349049557 4624.7377582141198 22501.686913839076 10287.410726277623 683.15661377925426 3274.3170198084554 760.32438469107728 230.72374298982322 8789.3784212323371 1458.5429982636124 5046.7758999206126 132.15646484261379 489.70244482345879 7644.598145336844 6183.7225501067005
leaf_count=231120 37590 12911 2055 25724 198049 21122 49985 1883 121681 11679 17709 545078 34389 86504 4837 8304 14058 51361 211637 5709 19698 16561 677 134883 25093 9237 992 5692 8960 8770
internal_value=0 -0.0150906 -0.0116998 0.0198209 -0.00836134 -0.012617 0.0120107 0.0485969 -0.0173883 0.0180546 0.0141133 -0.0225414 -0.0205205 -0.0195321 0.024805 -0.0469016 -0.00474354 0.0108334 -0.0679228 -0.0402997 -0.0173526 -0.0184478 -0.0445008 -0.0555032 -0.0398503 0.00896487 0.0527148 0.0139105 0.0221299 0.0155893
internal_weight=371014 210644 197938 160371 183935 154655 25094.8 27331.3 129560 22822.8 29279.9 92031.7 84999.4 83541.6 9860.54 7032.23 37528.4 27576 12705.9 2418.48 76835.9 73561.6 6705.74 14003.2 5213.81 6290.97 3569.58 133039 21496.4 13851.8
internal_count=1923948 1644463 1414206 279485 1216640 1145515 100516 42673 1044999 50531 71125 832892 702907 668518 16949 129985 212107 69070 230257 18620 581337 561639 87181 197566 62683 11120 5829 236812 38852 29892
cat_boundaries=0 39 79 113 152 176 187 225 236
cat_threshold=0 0 4 0 4096 0 0 0 0 131072 0 0 0 0 0 0 0 0 0 0 0 0 0 96 0 0 0 0 0 0 0 0 0 41943040 0 0 0 0 2147483648 8192 0 0 0 0 0 0 0 0 0 8388608 0 0 0 0 0 0 0 0 0 0 0 0 0 0 0 0 0 0 0 0 0 0 0 0 0 0 0 0 262144 0 0 0 0 0 8388608 0 0 0 0 0 0 0 256 0 0 0 0 0 0 0 0 0 0 0 0 0 0 0 0 0 0 0 65536 0 0 0 0 0 0 0 0 0 0 0 0 0 0 0 0 0 0 0 0 0 0 0 0 0 0 0 0 0 0 0 0 0 1073741824 512 512 0 8193 32768 0 0 0 0 4096 0 0 0 0 0 0 0 0 0 0 0 0 0 0 0 0 0 0 224 0 0 4 0 4096 0 0 0 0 131072 8388608 0 0 0 0 0 0 0 0 0 0 0 0 0 0 0 0 0 0 0 0 0 0 0 0 0 0 0 0 0 0 0 0 0 0 512 512 0 1 0 0 4 0 4096 0 0 0 0 131072 8388608
is_linear=0
shrinkage=0.05


Tree=7
num_leaves=31
num_cat=16
split_feature=196 169 223 160 196 163 195 160 169 164 170 164 161 173 160 164 173 165 160 176 160 161 159 166 173 164 176 176 164 164
split_gain=40616.9 18784.8 11034.1 6972.79 3496.68 3804.2 3317.25 3025.08 2365.52 2097.01 3638.17 1769.39 1760.46 1671.35 2577.19 1415.23 1366.31 1174.51 1019.86 1164.94 929.3 865.486 843.479 805.692 748.315 730.682 730.626 719.248 718.14 707.219
threshold=0 1.0000000180025095e-35 1.0000000180025095e-35 1 2 4.5000000000000009 1.0000000180025095e-35 3 1.0000000180025095e-35 4 1.0000000180025095e-35 5 6 12.500000000000002 7 8 6.5000000000000009 75.000000000000014 9 1.0000000180025095e-35 10 11 12 75.000000000000014 20.500000000000004 13 1.0000000180025095e-35 1.0000000180025095e-35 14 15
decision_type=1 2 2 9 1 2 2 9 2 9 2 9 9 2 9 9 2 2 9 2 9 9 1 2 2 9 2 2 9 9
left_child=1 7 3 28 5 6 11 -1 15 10 16 -5 -11 18 -15 27 -9 21 19 23 -4 -14 -6 -13 -12 -20 -19 -7 -2 -10
right_child=2 -3 20 4 22 8 -8 9 29 12 24 13 17 14 -16 -17 -18 26 25 -21 -22 -23 -24 -25 -26 -27 -28 -29 -30 -31
leaf_value=-0.059548087282146611 -0.070089885715272957 0.06532983811691688 -0.038078280553596501 -0.046933747496585361 -0.021926829007201332 -0.044254396210619704 0.024863703508784248 0.011948072747048283 0.0071850270889519579 0.064495816276610315 0.029753278372470684 0.033558603076369001 -0.02345774275582517 -0.047418604295765381 -0.0040601644913543693 -0.063595598399179262 -0.028136782039021441 0.049646590400056229 -0.042942646740917863 -0.030338172890062548 -0.071935870987904049 0.011850177954187795 -0.042375666795456235 -0.013187483266603371 -0.030775594028332805 -0.001886547458421723 0.006927804690950644 -0.013780468191804103 -0.043319225194208895 -0.019359895132120584
leaf_weight=1528.6606022129999 3924.4339154813206 16900.332341652364 2686.1492488310905 2525.1923991244985 28946.700960043177 3558.3634750714991 10015.898389718845 2671.0477079199627 4480.9241274642991 1615.8623539404944 6359.0870042620227 5233.9813520305324 1746.7783721158048 5197.7317647766322 10045.710090017586 4260.7113684917567 10406.465551873669 3306.0076699550264 1102.0189385560807 1102.5455897855572 9515.2326887786621 155887.41108428431 6143.5275469925255 1118.3155339476652 554.71967243915424 42024.394399692421 1436.110098271165 4249.6824645287124 7523.3677954729646 5683.0592830429086
leaf_count=22884 73809 25809 24312 50290 228867 50934 15223 8026 19599 2031 8612 10578 7030 89610 76381 106292 85199 5389 4883 2638 211637 297209 87181 5130 3057 188403 3751 58226 100873 50085
internal_value=0 0.0148645 -0.0188826 -0.0150946 -0.0119294 -0.00718703 -0.00200869 0.0102677 -0.0254421 0.0108506 -0.00443771 -0.00594676 0.0127145 -0.00436619 -0.0188798 -0.0404089 -0.019949 0.012195 6.87604e-06 0.01707 -0.0645745 0.0114581 -0.0255187 0.0253278 0.0248942 -0.00294598 0.0367127 -0.0276356 -0.0525528 -0.00766893
internal_weight=361750 202412 159338 147137 135689 100599 78365.8 185512 22232.7 183983 19991.3 68349.9 163992 65824.7 15243.4 12068.8 13077.5 162376 50581.3 7454.84 12201.4 157634 35090.2 6352.3 6913.81 43126.4 4742.12 7808.05 11447.8 10164
internal_count=1923948 468997 1454951 1219002 1044320 728272 443136 443188 285136 420304 104894 427913 315410 377623 165991 215452 93225 313379 211632 18346 235949 304239 316048 15708 11669 193286 9140 109160 174682 69684
cat_boundaries=0 1 41 42 53 77 101 107 146 170 204 243 277 278 302 326 350
cat_threshold=199 8192 0 0 0 0 0 0 0 0 0 0 0 0 0 0 0 0 0 0 0 0 0 0 0 0 0 0 0 0 0 0 0 0 0 0 0 0 0 0 262144 3104 0 0 0 0 0 0 0 0 0 0 8388608 0 0 4 0 0 0 0 0 0 0 0 0 0 0 0 0 0 0 0 0 0 0 0 64 0 0 0 0 0 0 0 0 0 131072 8388608 0 0 0 0 0 0 0 0 0 0 0 0 128 0 0 0 0 0 8388608 0 0 0 0 0 0 0 0 0 0 0 0 0 0 0 0 0 0 0 0 0 0 0 0 0 0 0 0 0 0 0 0 0 0 0 0 1 0 33280 0 0 4 0 4096 0 0 0 0 0 0 0 0 0 0 0 0 0 0 0 0 0 0 192 524288 0 0 0 0 0 0 0 0 0 0 0 0 0 0 0 0 0 0 0 0 0 0 0 0 0 0 0 0 0 0 0 0 8388608 0 0 0 0 0 0 0 0 0 0 0 0 0 0 0 0 0 0 0 0 0 0 0 0 0 0 0 0 0 0 0 0 0 8388608 512 512 0 1 2147483648 0 0 0 0 0 0 0 0 0 0 0 0 0 128 0 0 0 0 0 0 0 0 0 0 0 0 0 0 0 0 0 0 0 16384 16512 0 0 4 0 0 0 0 0 0 0 0 0 0 0 0 0 0 0 0 0 0 0 0 32 0 0 0 0 0 0 0 0 0 0 0 0 0 0 0 0 0 0 0 0 0 0 0 224 0 0 0 0 0 0 0 0 0 0 0 0 0 0 0 0 0 0 0 0 0 0 0 160
is_linear=0
shrinkage=0.05


Tree=8
num_leaves=31
num_cat=9
split_feature=160 169 223 160 196 163 159 216 173 160 169 164 164 164 173 179 166 222 176 160 173 198 222 162 173 214 176 173 182 173
split_gain=35202.5 14852.2 11238.9 8763.37 4484.25 6037.88 2895.09 2604.16 1467.23 1974.57 1451.83 1676.58 1430.65 1072.64 1311.22 1136.13 814.033 2609.85 1234.53 788.459 838.255 778.941 762.306 1161.31 726.166 721.505 711.078 717.698 1017.31 620.301
threshold=0 1.0000000180025095e-35 1.0000000180025095e-35 1 2 4.5000000000000009 3 1.0000000180025095e-35 11.500000000000002 4 1.0000000180025095e-35 5 6 7 13.500000000000002 1.0000000180025095e-35 175.00000000000003 1.0000000180025095e-35 1.0000000180025095e-35 8 8.5000000000000018 1.0000000180025095e-35 1.0000000180025095e-35 4.5000000000000009 20.500000000000004 135.00000000000003 1.0000000180025095e-35 5.5000000000000009 1.0000000180025095e-35 7.5000000000000009
decision_type=9 2 2 9 1 2 1 2 2 9 2 9 9 9 2 2 2 2 2 9 2 2 2 2 2 2 2 2 2 2
left_child=1 16 3 -2 5 6 8 12 -5 -10 11 24 -8 -14 -15 -16 22 18 -18 20 -4 29 23 -1 26 -23 27 28 -7 -6
right_child=2 -3 19 4 21 10 7 -9 9 -11 -12 -13 13 14 15 -17 17 -19 -20 -21 -22 25 -24 -25 -26 -27 -28 -29 -30 -31
leaf_value=0.012008391053325565 -0.051912497115143785 0.063583349916326401 -0.056267631969390164 -0.0017658294189349865 -0.030736583448574956 -0.044414867471027603 -0.043335915548786907 -0.045799926766839028 0.00046576173980417569 -0.035593074321011643 -0.0082358006386564313 -0.060849338383835064 0.022628152051608817 -0.00014860210606997004 0.050139554190854578 0.012838929016480014 0.064639882520042061 -0.065444400296153116 0.0075133423694555461 -0.069914455171924905 0.011913975441755152 -0.04438996851339598 0.046100107308783618 -0.029167145956814685 -0.053766782328238331 0.048668426782945452 -0.0071352128227293492 -0.038081619680060234 0.02155199267878348 -0.015506671109243043
leaf_weight=130738.96032124618 12268.362238460686 15932.788530929945 1481.8848318355158 37358.865570025635 10335.438019426569 1006.7908311794745 1165.2888691090047 2076.5902934931219 6674.8991521298303 8808.7307184441015 10048.381276510889 3917.6183587158739 17406.774356129114 21884.227593816817 2479.3965089016128 11554.383060094668 2919.8950039525516 595.91834829817526 1399.1857576984912 8784.1030419917079 647.41672754508909 5593.9979380104924 1608.0098936981522 1734.6182798971422 1877.2854842654197 215.89811067050323 5819.151789379539 6597.5992827471346 1391.6800078819506 18945.451041189954
leaf_count=236570 197566 25809 12911 163053 71654 11647 11679 49985 46725 125885 69684 106292 29220 61406 5789 26971 3564 3122 2907 211637 5709 86504 2297 5216 38795 677 63953 76835 3820 166066
internal_value=0 0.0178577 -0.0139494 -0.0110779 -0.00821423 -0.00420893 0.00128606 0.00914631 -0.00712845 -0.0200712 -0.0238198 -0.0314171 0.0112425 0.0124414 0.00749937 0.0194309 0.0126174 0.0326026 0.0461377 -0.0632735 -0.0353706 -0.0241955 0.0118846 0.0114691 -0.0244565 -0.0409271 -0.020757 -0.0295669 -0.0061399 -0.0208831
internal_weight=353270 154929 198340 187427 175158 140068 109409 56566.7 52842.5 15483.6 30658.5 20610.1 54490.1 53324.8 35918 14033.8 138997 4915 4319.08 10913.4 2129.3 35090.8 134082 132474 16692.5 5809.9 14815.2 8996.07 2398.47 29280.9
internal_count=1923948 279485 1644463 1414206 1216640 891739 520713 185050 335663 172610 371026 301342 135065 123386 94166 32760 253676 9593 6471 230257 18620 324901 244083 241786 195050 87181 156255 92302 15467 237720
cat_boundaries=0 39 79 80 81 119 143 154 178 216
cat_threshold=0 0 4 0 4096 0 0 0 0 131072 0 0 0 0 0 0 0 0 0 0 0 0 0 96 0 0 0 0 0 0 0 0 0 41943040 0 0 0 0 2147483648 8192 0 0 0 0 0 0 0 0 0 8388608 0 0 0 0 0 0 0 0 0 0 0 0 0 0 0 0 0 0 0 0 0 0 0 0 0 0 0 0 262144 3170 128 0 0 0 0 0 0 0 0 0 0 0 0 0 0 0 0 0 0 0 0 0 0 0 0 0 0 0 0 0 0 0 0 0 0 512 512 0 8193 0 0 4 0 4096 0 0 0 0 0 0 0 0 0 0 0 0 0 0 0 0 0 0 192 0 0 4 0 0 0 0 0 0 131072 8388608 0 0 0 0 0 0 0 0 0 0 0 0 0 0 0 0 0 0 0 0 0 0 0 192 0 0 0 0 0 0 0 0 0 0 0 0 0 0 0 0 0 0 0 0 0 0 0 0 0 0 0 0 0 0 0 0 0 0 512 512 0 1
is_linear=0
shrinkage=0.05


Tree=9
num_leaves=31
num_cat=13
split_feature=160 169 223 160 196 163 159 216 161 164 173 160 169 164 191 160 198 173 214 223 173 164 195 164 160 166 173 164 176 173
split_gain=30751.7 13589.3 9918.8 7806.05 4070.43 5344.97 2525.89 2246.31 1580.14 1536.08 1269.86 1492.35 1183.98 1429.18 985.527 776.923 712.592 700.731 629.019 628.114 598.749 572.847 680.741 571.225 565.689 559.418 559.339 550.544 538.89 601.902
threshold=0 1.0000000180025095e-35 1.0000000180025095e-35 1 2 4.5000000000000009 3 1.0000000180025095e-35 4 5 14.500000000000002 6 1.0000000180025095e-35 7 1.0000000180025095e-35 8 1.0000000180025095e-35 8.5000000000000018 165.00000000000003 1.0000000180025095e-35 21.500000000000004 9 1.0000000180025095e-35 10 11 175.00000000000003 12.500000000000002 12 1.0000000180025095e-35 5.5000000000000009
decision_type=9 2 2 9 1 2 1 2 9 9 2 9 2 9 2 9 2 2 2 2 2 9 2 9 9 2 2 9 2 2
left_child=1 19 3 21 5 6 10 8 -8 24 -5 -12 13 20 26 17 -6 -4 -18 25 28 22 -2 -14 -10 -1 -11 -9 29 -7
right_child=2 -3 15 4 16 12 7 27 9 14 11 -13 23 -15 -16 -17 18 -19 -20 -21 -22 -23 -24 -25 -26 -27 -28 -29 -30 -31
leaf_value=0.011391736920753305 -0.023886614100330598 0.06188886783308517 -0.05307497988887936 -0.0032874994400561098 -0.020279276130333403 -0.0070450082050207662 0.060937451001433829 0.012971590497999869 0.035605411136499038 -0.0012005398709419961 -0.051078740926080252 -0.0082655911218505393 0.0045346679486537571 -0.058184834385539765 -0.053336852488294742 -0.06808855841244614 -0.042478473229730175 0.010007719183147674 0.071963066655948912 -0.04561578447593452 -0.054728271964833312 -0.059147516544924686 -0.067260761839003855 -0.019527484403184504 0.015468789349957263 0.028522948264776776 0.011795472716858803 -0.05606228439691098 -0.0090694795141291369 -0.036546674866327088
leaf_weight=132574.57395952893 3230.7154424174223 15020.510813038331 1391.9119989040773 42820.940979476902 28093.877001585992 2379.8779065613053 1498.0353749357164 352.76527306879871 4912.8104013614357 19809.298006030032 3236.7402437815908 5491.9727118525188 4466.219735295279 3640.8156062187918 759.54471711092629 8200.0133890313446 5396.0445395737188 643.3631659662351 122.33465128391981 474.02851977292448 1399.9344372053165 7140.336218929966 1256.8614793219604 5494.9556266039144 12230.198867850006 4943.2948023141362 14223.105572519242 1615.3092373717809 6064.8963410407305 6327.347762918449
leaf_count=238391 37590 25809 12911 218460 237720 15467 2031 2234 7383 59242 68456 48747 19599 106292 8583 211637 86976 5709 205 5692 32402 134883 25093 50085 21837 9593 35989 47751 68315 78866
internal_value=0 0.0167247 -0.0133149 -0.0106216 -0.00791344 -0.00408014 0.00113565 0.00854687 0.0104809 0.00901135 -0.00682953 -0.0242119 -0.0228169 -0.0298867 0.0029723 -0.0612069 -0.0234999 -0.0329722 -0.0399343 0.0118095 -0.0234635 -0.0502404 -0.0359618 -0.00875377 0.0212581 0.0120077 0.00423081 -0.0439046 -0.0205144 -0.0284847
internal_weight=345213 153012 192200 181965 170337 136725 106951 55401.1 53433 51935 51549.7 8728.71 29774 19812.9 34791.9 10235.3 33612.3 2035.28 5518.38 137992 16172.1 11627.9 4487.58 9961.18 17143 137518 34032.4 1968.07 14772.1 8707.23
internal_count=1923948 279485 1644463 1414206 1216640 891739 520713 185050 135065 133034 335663 117203 371026 301342 103814 230257 324901 18620 87181 253676 195050 197566 62683 69684 29220 247984 95231 49985 162648 94333
cat_boundaries=0 39 79 80 81 87 111 150 174 212 223 247 248 253
cat_threshold=0 0 4 0 4096 0 0 0 0 131072 0 0 0 0 0 0 0 0 0 0 0 0 0 96 0 0 0 0 0 0 0 0 0 41943040 0 0 0 0 2147483648 8192 0 0 0 0 0 0 0 0 0 8388608 0 0 0 0 0 0 0 0 0 0 0 0 0 0 0 0 0 0 0 0 0 0 0 0 0 0 0 0 262144 3170 128 0 0 0 0 0 8388608 0 0 0 0 0 0 0 0 0 0 0 0 0 0 0 0 0 0 0 0 0 0 0 192 0 0 0 0 0 0 0 0 0 0 0 0 0 0 0 0 0 0 0 0 0 0 0 0 0 0 0 0 0 0 0 0 0 0 0 0 1 0 33280 0 0 4 0 4096 0 0 0 0 0 0 0 0 0 0 0 0 0 0 0 0 0 0 192 0 0 0 0 0 0 0 0 0 0 0 0 0 0 0 0 0 0 0 0 0 0 0 0 0 0 0 0 0 0 0 0 0 0 512 512 0 1 0 0 4 0 4096 0 0 0 0 131072 8388608 0 0 0 0 0 0 0 0 0 0 0 0 0 0 0 0 0 0 0 0 0 0 0 160 32 0 0 4 0 4096
is_linear=0
shrinkage=0.05


Tree=10
num_leaves=31
num_cat=14
split_feature=196 169 223 160 195 217 160 160 161 164 198 167 164 160 163 173 161 160 176 160 211 176 160 169 176 160 160 173 214 224
split_gain=26707 14220.7 7856.99 5220.97 2912.59 3838.58 3204.21 1875.03 1468.7 1304.1 970.58 1015.61 1788.62 872.704 2206.41 1126.41 843.592 785.232 1049.4 1729.52 1233.77 739.874 713.878 695.854 787.542 2173.81 1504.03 925.292 648.06 622.199
threshold=0 1.0000000180025095e-35 1.0000000180025095e-35 1 1.0000000180025095e-35 1.0000000180025095e-35 2 3 4 5 1.0000000180025095e-35 1.0000000180025095e-35 6 7 4.5000000000000009 6.5000000000000009 8 9 1.0000000180025095e-35 10 8.5000000000000018 1.0000000180025095e-35 11 1.0000000180025095e-35 1.0000000180025095e-35 12 13 12.500000000000002 135.00000000000003 1.0000000180025095e-35
decision_type=1 2 2 9 2 2 9 9 9 9 2 2 9 9 2 2 9 9 2 9 2 2 9 2 2 9 9 2 2 2
left_child=1 7 3 -2 6 -6 17 -1 -9 -8 11 23 -13 14 -10 -16 -15 21 19 -19 -20 -5 -4 24 26 -26 -11 -28 -12 -27
right_child=2 -3 22 4 5 -7 9 8 13 10 28 12 -14 16 15 -17 -18 18 20 -21 -22 -23 -24 -25 25 29 27 -29 -30 -31
leaf_value=-0.05345992418306672 -0.048217966923437272 0.060320697796465594 -0.03450682443567353 0.026864191218912859 -0.051414144416651819 0.027361853746753539 -0.051046836643652276 0.058898329622254109 0.01092813669991719 -0.034266000309867768 -0.041548746230485566 0.016398745250045817 -0.062491594175113879 -0.026480308516030299 0.01112490745715271 -0.031083951013391495 0.010090336341471625 0.00087858911168481107 -0.0011589723292462627 -0.035206969123619786 0.036536688497284607 -0.012546593334072282 -0.066472017624584392 -0.0014449222265891742 0.0054249970211682581 -0.028379990767881877 -0.005058235465390839 -0.030562713205131098 0.04551359506387731 -0.052808252237284165
leaf_weight=1209.7371204545489 9806.4253630732419 14186.042897924781 2371.4409044045024 4542.6364745388273 1857.807809688733 9212.6225742360111 2892.7530950874789 1437.7429934646934 15049.669210636057 6488.3506308707874 4953.0316268240567 985.57044630550081 2639.5659118906478 1584.3956784256734 2087.4995423248038 6504.4735010329168 151514.0947874792 8900.8342018076219 9700.8418827205896 5288.0970859673107 2795.7922067912295 1613.4008982019732 7649.8097570556565 9487.5646997245494 4497.3990758500877 10064.635975171754 30463.976893949904 4025.9077687895042 222.93154331017286 3520.0585423166631
leaf_count=22884 174682 25809 24312 10284 44321 17988 71268 2031 31495 63845 86504 6972 79866 7030 7334 78556 293858 39637 66388 39038 6813 7893 211637 48296 40409 130649 174097 57208 677 52167
internal_value=0 0.0121292 -0.0163066 -0.0131129 -0.0103351 0.0141397 -0.0127321 0.00831864 0.00874077 -0.0181154 -0.016877 -0.015379 -0.04117 0.00832925 -0.000612679 -0.0208283 0.00971005 0.00042613 -0.00328848 -0.0125948 0.00727516 0.0165074 -0.0590111 -0.0140146 -0.0160338 -0.0247259 -0.0121979 -0.00803352 -0.0377939 -0.0346864
internal_weight=337555 193574 143981 133960 124154 11070.4 113083 179388 178178 80241.7 77349 72173 3625.14 176740 23641.6 8591.97 153098 32841.6 26685.6 14188.9 12496.6 6156.04 10021.3 68547.9 59060.3 18082.1 40978.2 34489.9 5175.96 13584.7
internal_count=1923948 468997 1454951 1219002 1044320 62309 982011 443188 420304 811958 740690 653509 86838 418273 117385 85890 300888 170053 151876 78675 73201 18177 235949 566671 518375 223225 295150 231305 87181 182816
cat_boundaries=0 1 41 80 91 97 108 113 147 181 220 258 297 334 371
cat_threshold=199 8192 0 0 0 0 0 0 0 0 0 0 0 0 0 0 0 0 0 0 0 0 0 0 0 0 0 0 0 0 0 0 0 0 0 0 0 0 0 0 262144 0 0 0 0 0 0 0 0 0 0 0 0 0 0 0 0 0 0 0 0 0 0 0 0 0 0 0 0 0 0 0 0 0 1082130432 512 512 0 8193 2147483648 0 0 0 0 0 0 0 0 0 0 8388608 0 0 0 0 0 8388608 0 0 0 0 0 0 0 0 0 131072 8388608 0 0 4 0 4096 0 0 0 0 0 0 0 0 0 0 0 0 0 0 0 0 0 0 0 0 0 0 0 128 0 0 0 0 0 0 0 0 0 33554432 0 0 0 0 0 0 0 0 0 0 0 0 0 128 0 0 0 0 0 0 0 0 0 0 0 0 0 0 0 0 0 0 0 16384 0 0 0 0 0 0 0 0 0 0 0 0 0 0 0 0 0 0 0 0 0 0 0 0 0 0 0 0 0 0 0 0 0 8388608 0 0 0 0 2147483648 0 0 0 0 0 0 0 0 0 0 0 0 0 0 0 0 0 0 0 0 0 0 0 0 0 0 0 0 0 0 0 0 0 1073741824 512 0 0 1 0 0 0 0 0 0 0 0 0 0 0 0 0 0 0 0 0 0 0 0 0 0 0 0 0 0 0 0 0 0 0 0 0 8388608 512 512 0 1 2147483648 32 0 0 0 0 0 0 0 0 0 0 0 0 0 0 0 0 0 0 0 0 0 0 0 0 0 0 0 0 0 0 0 0 0 0 0 1073741824 32 0 0 0 0 0 0 0 0 0 0 0 0 0 0 0 0 0 0 0 0 0 0 0 0 0 0 0 0 0 0 0 0 0 0 0 1073741824
is_linear=0
shrinkage=0.05


Tree=11
num_leaves=31
num_cat=10
split_feature=196 169 223 160 190 167 196 160 174 160 164 182 170 160 163 174 194 210 160 174 176 169 164 196 174 165 176 165 222 176
split_gain=23849.4 12983.8 7082.55 4692.71 2725.6 4219.97 3217.4 1616.47 1284.43 1870.75 1059.26 981.896 772.412 764.035 1992.14 955.63 799.989 830.898 678.281 639.134 634.478 600.566 573.699 564.544 530.639 522.746 507.065 466.305 2208.32 1378.84
threshold=0 1.0000000180025095e-35 1.0000000180025095e-35 1 1.0000000180025095e-35 1.0000000180025095e-35 2 3 210.00000000000003 4 5 1.0000000180025095e-35 1.0000000180025095e-35 6 4.5000000000000009 130.00000000000003 1.0000000180025095e-35 1.5000000000000002 7 230.00000000000003 1.0000000180025095e-35 1.0000000180025095e-35 8 9 470.00000000000006 75.000000000000014 1.0000000180025095e-35 145.00000000000003 1.0000000180025095e-35 1.0000000180025095e-35
decision_type=1 2 2 9 2 2 1 9 2 9 9 2 2 9 2 2 2 2 9 2 2 2 9 1 2 2 2 2 2 2
left_child=1 7 3 22 6 20 8 -1 11 -10 -8 -5 19 14 16 -16 17 -9 26 21 -6 23 -2 -12 -18 -17 -4 -15 29 -29
right_child=2 -3 18 4 5 -7 10 13 9 -11 12 -13 -14 27 15 25 24 -19 -20 -21 -22 -23 -24 -25 -26 -27 -28 28 -30 -31
leaf_value=-0.051499416064953535 -0.064217044754160443 0.058892867225168392 -0.046695877396658196 -0.0015714779281482073 0.0037477357671175681 -0.061520760214838148 -0.049971315105321372 -0.0072528896807260816 -0.035995892480999686 -0.0032082493533679398 -0.04166956521126336 0.026092496232945569 -0.0014148927337774841 0.0090733926609330197 0.0097221893606736116 0.026249544890354404 0.028136272955782221 0.027788369724538423 -0.065061609044690299 -0.013362831847654895 0.029206447147877436 -0.011196248696898906 -0.037696325736509127 -0.024652791208077337 -0.050891284490166055 -0.033066681565662809 0.0082053756396585822 0.060212550872553117 -0.065686872823879444 -0.0011219331922991415
leaf_weight=1128.1323260827921 3181.7342419724446 13421.045879541198 1732.9371552697849 33217.927945652569 3457.0971739855595 1744.1464142991463 3105.8329418171779 6794.2995691350661 6760.0820962394355 12194.79672950349 6970.0721739900182 3549.8810980063863 5088.4177984178532 148922.36135051693 2081.6559771415778 395.87258078716695 5653.5946203689091 2252.0224589253776 7170.6536807036318 14359.853597511858 8383.0143837128999 5405.2207901049405 6158.3801182504976 16856.223399757437 220.21611066441983 5913.3647564605344 554.92747140373103 2586.340416491963 582.23570943216328 1418.649360246025
leaf_count=22884 73809 25809 19766 144458 14835 60418 85419 18288 112430 90372 116709 6580 25780 294081 7334 2200 7494 4437 211637 196091 18586 29896 100873 142746 1276 76356 4546 3332 2837 2669
internal_value=0 0.0114703 -0.0156909 -0.0126622 -0.0100247 0.011077 -0.012692 0.00789406 -0.00435 -0.0149232 -0.021663 0.00109962 -0.0198464 0.00827561 -0.000159919 -0.0196504 0.0108011 0.0014709 -0.0574694 -0.0220023 0.0217739 -0.026246 -0.0467932 -0.0296596 0.0251685 -0.0293423 -0.0332331 0.00955654 0.0252587 0.0384879
internal_weight=331261 191370 139891 130433 121093 13584.3 107508 177949 55722.7 18954.9 51785.6 36767.8 48679.8 176821 23311 8390.89 14920.1 9046.32 9458.52 43591.4 11840.1 29231.5 9340.11 23826.3 5873.81 6309.24 2287.86 153510 4587.23 4004.99
internal_count=1923948 468997 1454951 1219002 1044320 93839 950481 443188 353840 202802 596641 151038 511222 420304 117385 85890 31495 22725 235949 485442 33421 289351 174682 259455 8770 78556 24312 302919 8838 6001
cat_boundaries=0 1 41 42 53 92 103 137 176 200 201
cat_threshold=199 8192 0 0 0 0 0 0 0 0 0 0 0 0 0 0 0 0 0 0 0 0 0 0 0 0 0 0 0 0 0 0 0 0 0 0 0 0 0 0 262144 3072 0 0 0 0 0 0 0 0 0 0 8388608 0 0 0 0 0 0 0 0 0 0 0 0 0 0 0 0 0 0 0 0 0 0 0 0 0 0 0 0 0 0 0 0 0 0 0 0 1 0 33280 0 0 0 0 0 0 0 0 0 131072 8388608 0 0 0 0 0 0 0 0 0 0 0 0 0 0 0 0 0 0 0 0 0 0 0 128 0 0 0 0 0 0 0 0 0 33554432 0 0 0 0 0 0 0 0 0 0 0 0 0 0 0 0 0 0 0 0 0 0 0 0 0 0 0 0 0 0 0 0 0 8388608 512 512 0 1 2147483648 0 0 0 0 0 0 0 0 0 0 0 0 0 0 0 0 0 0 0 0 0 0 0 224 544
is_linear=0
shrinkage=0.05


Tree=12
num_leaves=31
num_cat=12
split_feature=196 169 223 160 190 216 196 160 161 160 211 164 160 163 165 221 196 170 160 195 163 210 180 164 198 214 193 165 160 195
split_gain=20989.9 11912.9 6409.91 4343.26 2502.33 3646.11 2865.04 1419.63 1372.44 966.646 1066.06 945.363 836.953 1787.46 1273.78 700.581 1135.26 671.029 666.322 629.274 624.089 557.162 552.603 508.549 501.37 594.668 485.955 446.928 435.513 386.482
threshold=0 1.0000000180025095e-35 1.0000000180025095e-35 1 1.0000000180025095e-35 1.0000000180025095e-35 2 3 4 5 8.5000000000000018 6 7 4.5000000000000009 1.0000000180025095e-35 1.0000000180025095e-35 8 1.0000000180025095e-35 9 1.0000000180025095e-35 4.5000000000000009 1.5000000000000002 1.0000000180025095e-35 10 1.0000000180025095e-35 135.00000000000003 1.0000000180025095e-35 65.000000000000014 11 1.0000000180025095e-35
decision_type=1 2 2 9 2 2 1 9 9 9 2 9 9 2 2 2 1 2 9 2 2 2 2 9 2 2 2 2 9 2
left_child=1 7 3 23 6 20 9 -1 -9 -5 28 -8 26 14 15 16 21 19 -4 24 -6 22 -14 -2 -13 -26 -10 -15 -11 -25
right_child=2 -3 18 4 5 -7 11 8 12 10 -12 17 13 27 -16 -17 -18 -19 -20 -21 -22 -23 -24 29 25 -27 -28 -29 -30 -31
leaf_value=-0.049614972326782435 -0.062743520669442387 0.057572327168917914 -0.031509543014558765 0.014738338042296304 0.027592432816408826 -0.059568072405369522 -0.048332334734811681 0.057722134426270937 0.0097073173557919463 -0.01758442618138175 0.017576598648801345 -0.018200636980679565 -0.0059074384451365683 0.035416676867982146 0.021239877462321803 0.038114370524604063 -0.023661050233253197 -0.0018401661477084206 -0.063777281444792472 -0.060606561222170278 0.0018506061446134034 0.027234246669599178 0.0070893691212367167 -0.031026629223232217 -0.039312683201552803 0.04520874143568121 0.058519729999672754 -0.021569695757202176 -0.0060498167009096215 -0.063739740952233351
leaf_weight=1074.7685663981829 2979.3977163594682 12681.689759927336 2195.7862364879693 5955.6561479818774 8514.3329446967691 1617.9067369902623 2935.9132270964328 1353.6101242182776 112135.79085973161 10790.175801821984 4176.3124688817188 36309.000810699799 13184.493013700005 359.36570863984525 10928.454083179706 1308.6910978062078 4194.0323930593731 5037.7779066928197 6724.7616747802531 986.6309925171081 3255.1848522844957 2364.8728124075569 21538.209708478069 4854.3222338628257 4549.7254820610397 217.62017498072237 511.78054556064308 7832.2206902878243 33977.497447539732 1110.1358962575905
leaf_count=22884 73809 25809 24312 18177 12741 60418 85419 2031 186058 98681 14058 370088 46980 1503 20813 2542 19218 25780 211637 28173 20680 4437 51361 75780 86504 677 974 84387 222924 25093
internal_value=0 0.0107619 -0.0149718 -0.0121009 -0.0095579 0.0107981 -0.0121558 0.00740438 0.0077557 -0.00426505 -0.00658021 -0.0208083 0.00736431 0.00268258 0.00601233 0.0021047 0.000962568 -0.0190822 -0.0559442 -0.0211516 0.0204736 0.0037529 0.00215422 -0.0456791 -0.020203 -0.0354491 0.0099285 -0.0190671 -0.00883551 -0.0370589
internal_weight=325656 189468 136188 127268 118324 13387.4 104936 176786 175712 54899.6 48944 50036.7 174358 61710.3 53518.8 42590.3 41281.6 47100.8 8920.55 42063 11769.5 37087.6 34722.7 8943.86 41076.3 4767.35 112648 8191.59 44767.7 5964.46
internal_count=1923948 468997 1454951 1219002 1044320 93839 950481 443188 420304 353840 335663 596641 418273 231241 145351 124538 121996 511222 235949 485442 33421 102778 98341 174682 457269 87181 187032 85890 321605 100873
cat_boundaries=0 1 41 42 53 59 98 109 133 134 173 197 236
cat_threshold=199 8192 0 0 0 0 0 0 0 0 0 0 0 0 0 0 0 0 0 0 0 0 0 0 0 0 0 0 0 0 0 0 0 0 0 0 0 0 0 0 262144 3072 0 0 0 0 0 0 0 0 0 0 8388608 0 0 0 0 0 8388608 0 0 0 0 0 0 0 0 0 0 0 0 0 0 0 0 0 0 0 0 0 0 0 0 0 0 0 0 0 0 0 0 0 8388608 0 0 0 0 2147483648 0 0 0 0 0 0 0 0 0 131072 8388608 0 0 4 0 0 0 0 0 0 131072 0 0 0 0 0 0 0 0 0 0 0 0 0 96 130 0 0 0 0 0 0 0 0 0 0 0 0 0 0 0 0 0 0 0 0 0 0 0 0 0 0 0 0 0 0 0 0 0 8388608 512 512 0 1 2147483648 0 0 0 0 0 0 0 0 0 0 0 0 0 0 0 0 0 0 0 0 0 0 0 224 0 0 0 0 0 0 0 0 0 0 0 0 0 0 0 0 0 0 0 0 0 0 0 0 0 0 0 0 0 0 0 0 0 0 0 0 0 8192 512
is_linear=0
shrinkage=0.05


Tree=13
num_leaves=31
num_cat=10
split_feature=196 169 223 160 195 190 196 161 160 160 211 169 161 176 160 170 185 160 160 222 166 176 167 176 222 201 167 191 176 195
split_gain=19473.9 10753.3 5834.93 3973.59 2389.65 2591.09 2287.86 1276.27 1250.11 919.067 890.112 843.864 703.35 668.481 647.641 635.935 2160.84 1864.75 644.982 1967.28 799.495 1520.94 724.577 678.812 643.148 804.134 726.093 542.871 531.036 438.878
threshold=0 1.0000000180025095e-35 1.0000000180025095e-35 1 1.0000000180025095e-35 1.0000000180025095e-35 2 3 4 5 8.5000000000000018 1.0000000180025095e-35 6 1.0000000180025095e-35 7 1.0000000180025095e-35 1.0000000180025095e-35 8 9 1.0000000180025095e-35 175.00000000000003 1.0000000180025095e-35 1.0000000180025095e-35 1.0000000180025095e-35 1.0000000180025095e-35 1.0000000180025095e-35 1.0000000180025095e-35 1.0000000180025095e-35 1.0000000180025095e-35 1.0000000180025095e-35
decision_type=1 2 2 9 2 2 1 9 9 9 2 2 9 2 9 2 2 9 9 2 2 2 2 2 2 2 2 2 2 2
left_child=1 7 3 29 6 -6 9 -1 -9 28 -11 27 -10 -12 -4 16 18 -17 19 20 22 -22 -14 -24 25 26 -20 -8 -5 -2
right_child=2 -3 14 4 5 -7 11 8 12 10 13 -13 15 -15 -16 17 -18 -19 24 -21 21 -23 23 -25 -26 -27 -28 -29 -30 -31
leaf_value=0.056395821544460913 -0.038178864393068931 0.05625472821274892 0.00941344543695289 0.019501349681234202 -0.04606023579024545 0.023573886493956687 -0.021416045256279669 -0.047853969266886454 -0.027045991685482881 -0.0094966831993304589 -0.015916952522814439 -0.0065821513314616503 0.014908460421453587 0.027580595925558393 -0.057649099324993916 0.026124985678328799 -0.018550760711927919 -0.026697104128150552 0.0060782860132316766 -0.066929459740837569 0.061700766810219111 -0.0021721296827309803 -0.036586372667001966 0.037133807364792985 0.040303438034571093 -0.020294155336280026 0.045582444193816317 -0.053435410398044163 -0.0076214910544267853 -0.064298643222712754
leaf_weight=1303.9631050792523 6429.6914194168639 11994.105436251499 381.01097419077996 5627.3328996603377 1568.1445018145023 9003.3453857244458 39601.480592626263 1024.843953394331 1471.421113749966 41874.922010277049 1258.46810704784 10472.819205876091 28244.316593360389 2959.2445579434279 8104.0221037151932 11068.100815838203 8050.5338154276251 1960.3306040889584 108907.26787123774 733.95874960313085 2408.6003553383052 1519.7884108857252 1286.9780587852001 411.7409079298377 1368.0176549092866 2872.6561969066388 1175.2930570924655 1369.5444229467539 2655.8555404990911 2147.8602574577089
leaf_count=2031 121805 25809 3802 17036 44321 17988 501256 22884 7030 307511 7245 76468 53584 6813 232147 17338 85890 6944 218372 2751 3350 2907 2256 496 2421 13767 1167 50447 15235 52877
internal_value=0 0.0104654 -0.0145703 -0.0118469 -0.00942302 0.0132424 -0.0116883 0.00730604 0.00693111 -0.00453386 -0.00728985 -0.0192457 0.00726147 0.0146004 -0.0546936 0.00756008 0.00667945 0.0181755 0.00804339 0.0140245 0.0157839 0.0369916 0.0130008 -0.0187092 0.00623106 0.00581874 0.0065003 -0.0224871 0.0107913 -0.0446713
internal_weight=319256 185802 133454 124969 116391 10571.5 105820 173808 172504 54375.8 46092.6 51443.8 171479 4217.71 8485.03 170008 156979 13028.4 148929 34605.4 33871.4 3928.39 29943 1698.72 114323 112955 110083 40971 8283.19 8577.55
internal_count=1923948 468997 1454951 1219002 1044320 62309 982011 443188 441157 353840 321569 628171 418273 14058 235949 411243 386961 24282 301071 65344 62593 6257 56336 2752 235727 233306 219539 551703 32271 174682
cat_boundaries=0 1 41 42 48 59 98 132 171 195 219
cat_threshold=199 8192 0 0 0 0 0 0 0 0 0 0 0 0 0 0 0 0 0 0 0 0 0 0 0 0 0 0 0 0 0 0 0 0 0 0 0 0 0 0 262144 3072 0 0 0 0 0 8388608 0 0 0 0 0 0 0 0 0 0 8388608 0 0 0 0 0 0 0 0 0 0 0 0 0 0 0 0 0 0 0 0 0 0 0 0 0 0 0 0 0 0 0 0 0 8388608 512 0 0 0 2147483648 0 0 0 0 0 0 0 0 0 0 0 0 0 128 0 0 0 0 0 0 0 0 0 0 0 0 0 0 0 0 0 0 0 16384 0 0 0 0 0 0 0 0 0 0 0 0 0 0 0 0 0 0 0 0 0 0 0 0 0 0 0 0 0 0 0 0 0 0 0 512 0 0 2147483648 0 0 4 0 0 0 0 0 0 0 0 0 0 0 0 0 0 0 0 0 0 0 0 128 0 0 0 0 4096 0 0 0 0 0 0 0 0 0 0 0 0 0 0 0 0 0 0 96
is_linear=0
shrinkage=0.05


Tree=14
num_leaves=31
num_cat=7
split_feature=196 169 223 163 195 196 161 182 169 164 167 164 170 165 173 173 173 211 173 164 164 173 176 176 204 170 167 173 173 176
split_gain=18927.7 9634.67 5267.63 2484.3 3189.3 1410.36 1147.97 989.374 970.97 1119.05 819.966 776.715 1549.62 2048.54 1526.63 1073.57 920.126 703.057 803.52 748.576 630.983 630.353 622.486 611.36 597.401 580.154 569.734 565.926 564.922 737.778
threshold=0 1.0000000180025095e-35 1.0000000180025095e-35 4.5000000000000009 1.0000000180025095e-35 1 2 1.0000000180025095e-35 1.0000000180025095e-35 3 1.0000000180025095e-35 4 1.0000000180025095e-35 75.000000000000014 2.5000000000000004 6.5000000000000009 14.500000000000002 7.5000000000000009 9.5000000000000018 5 6 13.500000000000002 1.0000000180025095e-35 1.0000000180025095e-35 1.0000000180025095e-35 1.0000000180025095e-35 1.0000000180025095e-35 1.5000000000000002 7.5000000000000009 1.0000000180025095e-35
decision_type=1 2 2 2 2 1 9 2 2 9 2 9 2 2 2 2 2 2 2 9 9 2 2 2 2 2 2 2 2 2
left_child=1 6 3 4 5 7 -1 10 23 -10 17 25 13 26 27 -15 -16 18 24 -20 -6 -11 -19 -5 -2 -8 -13 -14 -7 -30
right_child=2 -3 -4 8 20 28 11 -9 9 21 -12 12 14 15 16 -17 -18 22 19 -21 -22 -23 -24 -25 -26 -27 -28 -29 29 -31
leaf_value=0.05492983789607369 -0.0031690071307573561 0.055119597503654409 -0.053641950136471085 -0.044891380908039874 -0.030425094847667568 -0.030648056136659205 0.016686597984913492 0.014036856703271643 -0.0068094365772620935 -0.06387400994574309 -0.042384231466581289 0.0053847329402652291 0.042004582152214642 0.011173862537544045 0.036709013755608158 -0.03228321119617935 -0.0024988373567701133 -0.016867436303490354 0.038723690523558535 -0.019147307166060647 0.023611500027443999 -0.011303853837270507 0.019370721257276506 -0.022777545508489788 -0.035964526817744112 -0.011990214070669957 0.040604972687310115 -0.075960622380226606 -0.0066336985968129163 -0.027122266025576876
leaf_weight=1257.8007209296338 29609.114903308975 11348.622993215453 8027.9778168264602 7498.6447460305062 570.2400994177442 9378.1078530868399 26230.687521114713 5087.2424069617409 8536.5125639408361 1595.8720556705375 1777.5402556850458 120845.13497417665 127.65325112640858 1905.9922299869359 7816.4049127893522 5582.473142860923 1850.2779923768248 1676.9035505977808 566.57473332877271 19651.229234114347 8347.0679586388869 887.87896076287143 4036.4452766960021 5364.2981343840365 1456.4838410522207 1890.2650304103736 1158.8015412427485 492.85651964694262 10158.245867969526 7744.1685096693982
leaf_count=2031 138695 25809 235949 173861 9176 89471 47771 14832 55661 24289 58271 284028 419 7096 10066 76356 5690 10562 2146 240259 16289 14044 9646 123932 11291 7393 1624 714 100465 126112
internal_value=0 0.0105218 -0.0143913 -0.0118499 -0.00839127 -0.0111835 0.00753027 -0.00711423 -0.026339 -0.0154453 -0.00894638 0.00717129 0.00564489 0.00416136 0.0243231 -0.0212217 0.0292041 -0.00790311 -0.00975668 -0.0175147 0.0201463 -0.0449088 0.00873318 -0.0356708 -0.00470731 0.0147534 0.00571946 -0.0516701 -0.0206987 -0.0154974
internal_weight=312478 180507 131971 123943 100059 91142.1 169158 63861.5 23883.2 11020.3 58774.3 167901 139780 129492 10287.2 7488.47 9666.68 56996.8 51283.4 20217.8 8917.31 2483.75 5713.35 12862.9 31065.6 28121 122004 620.51 27280.5 17902.4
internal_count=1923948 468997 1454951 1219002 827215 801750 443188 485702 391787 93994 470870 441157 385993 369104 16889 83452 15756 412599 392391 242405 25465 38333 20208 297793 149986 55164 285652 1133 316048 226577
cat_boundaries=0 1 2 8 32 56 80 104
cat_threshold=199 3104 0 0 0 0 0 8388608 0 0 0 0 4096 0 0 0 0 0 0 0 0 0 0 0 0 0 0 0 0 0 0 224 0 0 4 0 4096 0 0 0 0 0 0 0 0 0 0 0 0 0 0 0 0 0 0 32 0 0 4 0 4096 0 0 0 0 0 8388608 0 0 0 0 0 0 0 0 0 0 0 0 128 0 0 4 0 4096 0 0 0 0 131072 0 0 0 0 0 0 0 0 0 0 0 0 0 32
is_linear=0
shrinkage=0.05


Tree=15
num_leaves=31
num_cat=14
split_feature=196 169 223 160 195 190 160 160 161 160 163 173 164 194 198 160 167 164 161 214 160 176 162 176 160 160 164 193 210 173
split_gain=17559.4 8779.6 4799.69 3399.56 2152.3 2124.67 1907.52 1225.93 1031.34 871.444 1449.83 861.394 819.498 744.429 676.713 652.237 592.477 1442.78 561.266 524.924 516.522 563.493 513.145 484.32 1122.81 573.191 458.711 452.663 438.061 452.506
threshold=0 1.0000000180025095e-35 1.0000000180025095e-35 1 1.0000000180025095e-35 1.0000000180025095e-35 2 3 4 5 4.5000000000000009 6.5000000000000009 6 1.0000000180025095e-35 1.0000000180025095e-35 7 1.0000000180025095e-35 8 9 135.00000000000003 10 1.0000000180025095e-35 -1.0000000180025095e-35 1.0000000180025095e-35 11 12 13 1.0000000180025095e-35 1.5000000000000002 27.500000000000004
decision_type=1 2 2 9 2 2 9 9 9 9 2 2 9 2 2 9 2 9 9 2 9 2 2 2 9 9 9 2 2 2
left_child=1 7 3 26 6 -6 20 -1 -9 -10 13 -12 -8 18 16 -4 -14 -18 -11 -16 21 -5 27 24 -22 -25 -2 28 29 -20
right_child=2 -3 15 4 5 -7 12 8 9 10 11 -13 14 -15 19 -17 17 -19 22 -21 23 -23 -24 25 -26 -27 -28 -29 -30 -31
leaf_value=-0.047192456419808036 -0.060235926388397004 0.05405933490089472 -0.02638513989080913 0.02147831892583453 -0.04332052915087798 0.02162293886448878 -0.044664386831841651 0.053563447591861296 0.010036123166516968 -0.027445833138021056 0.010733912245650503 -0.027381368172127846 -0.012651344421356231 0.02282785492469646 -0.03762221904332233 -0.060784499529700803 0.018163231264655667 -0.057258933540977164 0.0042593685947460228 0.044298858161097424 -0.00018343053248445865 -0.013833221529700332 -0.021484202453489337 0.010327850566694913 -0.030772112068571118 -0.012236070909959238 -0.034425204912350293 0.054450649266437515 0.025253828877782436 -0.046392168023834925
leaf_weight=1011.5754673249321 2618.413540901267 10735.437460839748 1884.1391263316036 4301.2620334334206 1467.0332637074171 8878.4741730063688 2401.2927029819111 1209.243296307046 107969.07421838318 1419.6143322226126 1990.0216283653863 5805.3160990066244 62466.872405218484 5540.4661587737501 4245.6185422887211 5752.9095820930961 895.36796881281771 2152.320418703428 36380.213532263413 204.52271921932697 8490.4899077718146 1531.6151006978471 1828.0603754282638 8339.2274403367774 4632.2209786208114 4235.781396136852 5487.2336238989374 468.2360141472891 2504.6579640270211 445.83798451162875
leaf_count=22884 73809 25809 24312 10284 44321 17988 71268 2031 197531 7030 7334 78556 566671 8770 86504 211637 6972 79866 101114 677 39637 7893 11303 38421 39038 34780 100873 974 4437 1224
internal_value=0 0.0102334 -0.0139587 -0.0115592 -0.00933562 0.0124116 -0.0115021 0.0074093 0.00774547 0.00740493 0.00236532 -0.0176505 -0.0159731 0.0055774 -0.0149817 -0.0524149 -0.0137019 -0.0352282 0.00335677 -0.0338516 -0.001235 0.012184 0.00441321 -0.00428477 -0.0110057 0.00272529 -0.0428307 0.00560423 0.00502189 0.00364539
internal_weight=307293 177308 129985 122348 114242 10345.5 103897 166572 165561 164351 56382.4 7795.34 72366 48587.1 69964.7 7637.05 65514.6 3047.69 43046.6 4450.14 31530.6 5832.88 41627 25697.7 13122.7 12575 8105.65 39798.9 39330.7 36826.1
internal_count=1923948 468997 1454951 1219002 1044320 62309 982011 443188 420304 418273 220742 85890 811958 134852 740690 235949 653509 86838 126082 87181 170053 18177 119052 151876 78675 73201 174682 107749 106775 102338
cat_boundaries=0 1 41 80 91 97 121 132 171 176 210 249 287 325 349
cat_threshold=199 8192 0 0 0 0 0 0 0 0 0 0 0 0 0 0 0 0 0 0 0 0 0 0 0 0 0 0 0 0 0 0 0 0 0 0 0 0 0 0 262144 0 0 0 0 0 0 0 0 0 0 0 0 0 0 0 0 0 0 0 0 0 0 0 0 0 0 0 0 0 0 0 0 0 1082130432 512 512 0 8193 2147483648 0 0 0 0 0 0 0 0 0 0 8388608 0 0 0 0 0 8388608 0 0 4 0 4096 0 0 0 0 131072 0 0 0 0 0 0 0 0 0 0 0 0 0 64 0 0 0 0 0 0 0 0 0 131072 8388608 0 0 0 0 0 0 0 0 0 0 0 0 0 0 0 0 0 0 0 0 0 0 0 0 0 0 0 0 0 0 0 0 0 8388608 512 512 0 1 2147483648 0 0 4 0 4096 0 0 0 0 0 0 0 0 0 0 0 0 0 128 0 0 0 0 0 0 0 0 0 0 0 0 0 0 0 0 0 0 0 16384 0 0 0 0 0 0 0 0 0 0 0 0 0 0 0 0 0 0 0 0 0 0 0 0 0 0 0 0 0 0 0 0 0 8388608 0 0 0 0 2147483648 0 0 0 0 0 0 0 0 0 0 0 0 0 0 0 0 0 0 0 0 0 0 0 0 0 0 0 0 0 0 0 0 0 1073741824 512 0 0 1 0 0 0 0 0 0 0 0 0 0 0 0 0 0 0 0 0 0 0 0 0 0 0 0 0 0 0 0 0 0 0 0 0 0 512 512 0 8192 0 0 0 0 0 0 0 0 0 0 0 0 0 0 0 0 0 0 0 0 0 0 0 224
is_linear=0
shrinkage=0.05


Tree=16
num_leaves=31
num_cat=12
split_feature=196 169 223 160 170 196 195 173 160 160 161 182 160 169 164 173 164 185 163 173 173 161 165 222 176 165 222 162 160 164
split_gain=16202.6 8028.74 4427.77 3129.65 2102.56 2248.39 1482.34 1108.31 1244.28 1094.24 956.715 712.701 619.183 582.398 1030.68 610.103 560.21 546.823 1521.28 774.65 576.743 553.96 454.268 1598.39 1113.16 449.676 429.991 670.939 420.848 415.476
threshold=0 1.0000000180025095e-35 1.0000000180025095e-35 1 1.0000000180025095e-35 2 1.0000000180025095e-35 12.500000000000002 3 4 5 1.0000000180025095e-35 6 1.0000000180025095e-35 7 7.5000000000000009 8 1.0000000180025095e-35 4.5000000000000009 6.5000000000000009 20.500000000000004 9 145.00000000000003 1.0000000180025095e-35 1.0000000180025095e-35 75.000000000000014 1.0000000180025095e-35 4.5000000000000009 10 11
decision_type=1 2 2 9 2 1 2 2 9 9 9 2 9 2 9 2 9 2 2 2 2 9 2 2 2 2 2 2 9 9
left_child=1 9 3 29 5 7 16 11 -9 -1 -11 -5 -4 14 -7 -16 -6 21 20 -20 -19 -12 26 24 -24 -21 27 -23 -10 -2
right_child=2 -3 12 4 6 13 -8 8 28 10 17 -13 -14 -15 15 -17 -18 18 19 25 -22 22 23 -25 -26 -27 -28 -29 -30 -31
leaf_value=-0.045558753069191209 -0.059070933937286109 0.053004967464008394 -0.061210969600495602 -0.0029539792939239358 0.004552038972848403 -0.051854367337915874 0.022274924582232736 -0.040206702560084816 0.025910667835325831 0.052512907797202885 -0.023486699524587939 0.019466184418806501 -0.029209078767806391 -0.0089540487138210327 -0.030319087414014928 -0.015697023320058352 -0.025440224387332535 0.021085912538227461 0.0096137542930222111 0.024960698292341602 -0.034528162783874515 0.0081448300117910582 0.058647092254870706 -0.059568804622422381 0.00060134174806344043 -0.030514680243963928 0.03552444194289326 -0.015745290712975122 -0.010524049817143551 -0.033856486120461035
leaf_weight=966.3485850103898 2467.035521165235 10162.390028016176 5028.1208114503534 36373.345983611071 3223.7917939885519 2839.7259898649063 8379.6367339302087 4135.8111026902916 876.72968600317836 1163.5109716204461 1367.7359805459855 3926.8206116440706 2259.1114620885928 9370.2331509311916 10559.255896472256 22007.00681762828 2999.5608879367937 5524.9318617684767 1990.9518394647166 392.13179194042459 508.6236755263526 139218.91004449446 2191.1674345394131 490.10414067213424 1325.7786745913327 5251.3079810320633 1395.8029521298595 3001.7012296766043 7473.892687125277 5316.7087279637344
leaf_count=22884 73809 25809 195458 185183 13474 106292 15223 89610 6224 2031 7030 8516 40491 69684 113320 311888 60599 8191 7334 2200 3029 288217 3332 2837 2669 76356 2884 14194 64307 100873
internal_value=0 0.00987327 -0.0135755 -0.0112774 -0.00914635 -0.0117956 0.00854679 -0.00480111 -0.0178176 0.0072138 0.00752758 -0.000769035 -0.0514175 -0.0200357 -0.0229738 -0.0204323 -0.00993741 0.0072024 -0.00236837 -0.0171976 0.0163944 0.00808091 0.00837452 0.0249798 0.0367703 -0.0266572 0.00791168 0.00764052 -0.00667045 -0.0419176
internal_weight=302188 174951 127237 119950 112166 97562.8 14603 52786.6 12486.4 164789 163823 40300.2 7287.23 44776.2 35406 32566.3 6223.35 162659 13667.9 7634.39 6033.56 148991 147623 4007.05 3516.95 5643.44 143616 142221 8350.62 7783.74
internal_count=1923948 468997 1454951 1219002 1044320 955024 89296 353840 160141 443188 420304 193699 235949 601184 531500 425208 74073 418273 97110 85890 11220 321163 314133 8838 6001 78556 305295 302411 70531 174682
cat_boundaries=0 1 41 42 81 92 98 137 161 185 219 258 282
cat_threshold=199 8192 0 0 0 0 0 0 0 0 0 0 0 0 0 0 0 0 0 0 0 0 0 0 0 0 0 0 0 0 0 0 0 0 0 0 0 0 0 0 262144 3072 0 0 0 0 0 0 0 0 0 0 0 0 0 0 0 0 0 0 0 0 0 0 0 0 0 0 0 0 0 0 0 0 0 0 0 0 1 0 33280 0 0 0 0 0 0 0 0 0 0 8388608 0 0 0 0 0 8388608 0 0 0 0 0 0 0 0 0 0 0 0 0 0 0 0 0 0 0 0 0 0 0 0 0 0 0 0 0 0 0 0 0 1073741824 0 0 1 0 33280 0 0 0 0 0 0 0 0 0 131072 8388608 0 0 0 0 0 0 0 0 0 0 0 0 32 0 0 0 0 4096 0 0 0 0 0 0 0 0 0 0 0 0 0 0 0 0 0 0 32 0 0 0 0 0 0 0 0 0 0 0 0 0 128 0 0 0 0 0 0 0 0 0 0 0 0 0 0 0 0 0 0 0 16384 0 0 0 0 0 0 0 0 0 0 0 0 0 0 0 0 0 0 0 0 0 0 0 0 0 0 0 0 0 0 0 0 0 0 0 512 0 0 2147483648 0 0 0 0 0 0 0 0 0 0 0 0 0 0 0 0 0 0 0 0 0 0 0 224
is_linear=0
shrinkage=0.05


Tree=17
num_leaves=31
num_cat=12
split_feature=196 166 223 160 170 196 195 160 173 170 173 160 176 221 167 173 182 160 164 164 176 211 176 211 173 160 173 160 160 160
split_gain=14543.1 6339.27 4128.48 2898.65 1911.15 2058.06 1378.47 1032.11 1867.02 1271.49 979.36 979.276 849.922 625.799 736.226 606.818 596.682 586.263 525.383 522.031 430.383 429.261 489.312 465.182 544.484 437.426 419.594 745.781 415.364 398.119
threshold=0 125.00000000000001 1.0000000180025095e-35 1 1.0000000180025095e-35 2 1.0000000180025095e-35 3 17.500000000000004 1.0000000180025095e-35 14.500000000000002 4 1.0000000180025095e-35 1.0000000180025095e-35 1.0000000180025095e-35 6.5000000000000009 1.0000000180025095e-35 5 6 7 1.0000000180025095e-35 7.5000000000000009 1.0000000180025095e-35 1.0000000180025095e-35 7.5000000000000009 8 9.5000000000000018 9 10 11
decision_type=1 2 2 9 2 1 2 9 2 2 2 9 2 2 2 2 2 9 9 9 2 2 2 2 2 9 2 9 9 9
left_child=1 7 3 -2 5 10 19 8 9 13 16 -12 -3 14 15 -1 21 -4 -7 -6 -18 23 -23 24 25 -5 -20 -28 -13 -26
right_child=2 12 17 4 6 18 -8 -9 -10 -11 11 28 -14 -15 -16 -17 20 -19 26 -21 -22 22 -24 -25 29 -27 27 -29 -30 -31
leaf_value=0.0039749240189874569 -0.040898318039671228 0.047845138526639464 -0.060381531734417619 -0.036980404879003358 -0.00081195770656461203 -0.045413893156598766 0.021434187377134886 0.0077471909253926845 -0.044228889194586229 0.021963473687174592 -0.045067764626948878 0.019440744067123115 0.024241033039907559 0.021619495889223014 0.022687695671440019 -0.027991446008308475 0.024319025279060515 -0.028591321643561693 -0.022986320581316652 -0.03346886670953101 -0.014642578306641521 -0.014298762514715947 0.021273129421148666 -0.027630311695886086 -0.022033143290256088 0.0040756308409423047 0.0006954408607824313 -0.019745373956592691 -0.014942641959666329 -0.005052450247102643
leaf_weight=2029.3976053684019 7490.5638471792918 10226.0896027321 4755.3240014835319 665.85425064060837 4457.9458276496734 1847.7819812096131 8319.1906843269244 138800.37123545888 2593.639328930527 5123.4266873504966 2685.4869222798734 1073.9649514310877 6086.3854548104573 1471.0910555152223 1203.8731381108519 5526.0387176335789 3380.6562696401961 2183.4738982538111 21726.134487522126 1678.4237541913171 896.25912678835448 1371.7181628056569 3270.7400351406541 2208.532546078437 5106.0403836212936 15930.816984236357 6685.1059952959185 13438.915063575318 4643.6746976570575 10676.965105693438
leaf_count=8404 174682 26061 195458 4933 23783 74790 15223 292910 40379 7396 68456 8673 17125 4990 8558 63174 6692 40491 235380 50290 3451 9078 6544 18999 51443 56297 77457 213557 45094 74180
internal_value=0 0.00937521 -0.0130323 -0.010821 -0.00876934 -0.0113321 0.00817382 0.00628855 -0.00499329 0.00163222 -0.00459782 -0.0202252 0.0390395 -0.00854984 -0.0136182 -0.0194049 -0.00158027 -0.0505096 -0.0193262 -0.00980297 0.0161524 -0.00351379 0.0107611 -0.00543005 -0.00391527 0.00240728 -0.0181632 -0.0129644 -0.00845962 -0.010564
internal_weight=297554 173060 124494 117555 110064 95608.6 14455.6 156748 17947.5 15353.8 51910.7 8403.13 16312.5 10230.4 8759.31 7555.44 43507.6 6938.8 43697.9 6136.37 4276.92 39230.7 4642.46 34588.2 32379.7 16596.7 41850.2 20124 5717.64 15783
internal_count=1923948 468997 1454951 1219002 1044320 955024 89296 425811 132901 92522 353840 122223 43186 85126 80136 71578 231617 235949 601184 74073 10143 221474 15622 205852 186853 61230 526394 291014 53767 125623
cat_boundaries=0 1 41 42 66 105 144 155 179 215 252 291 330
cat_threshold=199 8192 0 0 0 0 0 0 0 0 0 0 0 0 0 0 0 0 0 0 0 0 0 0 0 0 0 0 0 0 0 0 0 0 0 0 0 0 0 0 262144 3072 0 0 0 0 4096 0 0 0 0 0 8388608 0 0 0 0 0 0 0 0 0 0 0 0 128 0 0 0 0 0 0 0 0 0 0 0 0 0 0 0 0 0 0 0 0 0 0 0 0 0 0 0 0 0 0 0 0 0 0 0 0 1 0 33280 0 0 0 0 0 0 0 0 0 0 0 0 0 0 0 0 0 0 0 0 0 0 0 0 0 0 0 0 0 0 0 0 0 1073741824 0 0 1 0 33280 0 0 0 0 0 0 0 0 0 131072 8388608 0 0 4 0 4096 0 0 0 0 0 0 0 0 0 0 0 0 0 0 0 0 0 0 96 0 0 0 0 0 0 0 0 0 0 0 0 0 0 0 0 0 0 0 0 0 0 0 0 0 0 0 0 0 0 0 0 0 0 0 512 32 0 0 0 0 0 0 0 0 0 0 0 0 0 0 0 0 0 0 0 0 0 0 0 0 0 0 0 0 0 0 0 0 0 0 0 1073741824 0 0 0 0 0 0 0 0 0 0 0 0 0 0 0 0 0 0 0 0 0 0 0 0 0 0 0 0 0 0 0 0 0 0 512 512 0 0 2147483648 0 0 0 0 0 0 0 0 0 0 0 0 0 0 0 0 0 0 0 0 0 0 0 0 0 0 0 0 0 0 0 0 0 0 0 0 0 0 33280
is_linear=0
shrinkage=0.05


Tree=18
num_leaves=31
num_cat=5
split_feature=196 169 223 163 195 196 169 164 173 167 167 173 164 164 163 173 173 194 222 162 173 221 166 180 195 176 165 197 177 214
split_gain=13460.3 6861.14 3861.66 1751.89 2407.54 1095.47 789.704 878.319 778.349 627.185 551.545 519.231 508.141 452.967 1285.04 1072.09 1030.3 916.116 740.87 1145.47 660.278 567.278 496.824 453.841 391.973 442.919 389.092 362.272 375.54 344.253
threshold=0 1.0000000180025095e-35 1.0000000180025095e-35 4.5000000000000009 1.0000000180025095e-35 1 1.0000000180025095e-35 2 14.500000000000002 1.0000000180025095e-35 1.5000000000000002 13.500000000000002 3 4 4.5000000000000009 11.500000000000002 11.500000000000002 1.0000000180025095e-35 1.0000000180025095e-35 3.0000000000000004 6.5000000000000009 1.0000000180025095e-35 60.000000000000007 1.0000000180025095e-35 1.0000000180025095e-35 1.0000000180025095e-35 75.000000000000014 1.0000000180025095e-35 1.0000000180025095e-35 165.00000000000003
decision_type=1 2 2 2 2 1 2 9 2 2 2 2 9 9 2 2 2 2 2 2 2 2 2 2 2 2 2 2 2 2
left_child=1 13 3 4 5 8 10 -8 9 -2 24 -9 -6 15 16 18 17 21 19 -1 -16 23 -17 27 25 -5 -22 28 -15 -7
right_child=2 -3 -4 6 12 29 7 11 -10 -11 -12 -13 -14 14 20 22 -18 -19 -20 -21 26 -23 -24 -25 -26 -27 -28 -29 -30 -31
leaf_value=0.012804474236484106 -0.0031455957876443397 0.051096080123808056 -0.049746098419889875 -0.03946308137833994 0.020753792244371065 -0.019302996500669245 -0.0055013626623781862 -0.060591434478112043 -0.019510216328926692 -0.041648801146887092 0.044898290797197468 -0.010575639837843754 -0.028680076964310054 -0.0022605378025532079 0.009284802007713493 0.01782917884488391 0.01225209900166321 0.026105640345608878 -0.056647270838028486 0.051273789763276456 0.023157172181361867 0.014923410204228663 -0.0026682662100396422 0.008238392492131312 -0.054141839312059785 -0.017576658950750453 -0.028742748849222333 -0.018492846559120736 -0.037364232526251845 0.067499415879061206
leaf_weight=45696.269771403866 49330.216282227659 9187.0042214076966 6642.7594604985788 5115.6022820992221 8073.2843816353707 24977.873692768684 8023.3099451963208 1349.0901256123907 9592.2579650598345 1080.3570283715089 226.36628614971414 843.88420009170659 547.95348715735599 25347.361421453999 1916.8904858068563 3514.0555494462606 37563.075719035114 3400.037484599743 368.91333272051997 2020.304814835079 389.21194095234387 5034.2318822965026 18609.107573071495 7337.5859140955145 1966.1126545383595 4221.5526154690306 4927.0065224461723 4628.2690326555166 785.02943184878677 114.24638758227229
leaf_count=70932 288864 25809 235949 129461 16154 315843 55661 24289 161424 35414 1843 14044 9311 64173 7334 7153 111279 4332 1954 3219 2200 12455 35364 21025 71750 94739 76356 23057 2355 205
internal_value=0 0.00906564 -0.0126751 -0.0105431 -0.00757621 -0.0101271 -0.0233288 -0.0132048 -0.00645453 -0.00397127 -0.0322981 -0.0411661 0.0176006 0.00667565 0.00435243 0.00969561 0.00609238 0.00111981 0.0138879 0.0144339 -0.0158694 -0.000849935 0.000587663 -0.0029345 -0.0338465 -0.0295697 -0.0249403 -0.00559991 -0.00331596 -0.0188987
internal_weight=292829 170724 122105 115462 93716.2 85095 21745.9 10216.3 60002.8 50410.6 11529.6 2192.97 8621.24 161537 91328.7 70208.7 84095.6 46532.5 48085.5 47716.6 7233.11 43132.5 22123.2 38098.2 11303.3 9337.15 5316.22 30760.7 26132.4 25092.1
internal_count=1923948 468997 1454951 1219002 827215 801750 391787 93994 485702 324278 297793 38333 25465 443188 324566 118622 238676 127397 76105 74151 85890 123065 42517 110610 295950 224200 78556 89585 66528 316048
cat_boundaries=0 1 2 26 50 74
cat_threshold=199 3104 0 0 0 0 4096 0 0 0 0 0 0 0 0 0 0 0 0 0 0 0 0 0 0 224 0 0 0 0 0 0 0 0 0 0 0 0 0 0 0 0 0 0 0 0 0 0 0 192 0 0 0 0 4096 0 0 0 0 131072 0 0 0 0 0 0 0 0 0 0 0 0 0 32
is_linear=0
shrinkage=0.05


Tree=19
num_leaves=31
num_cat=12
split_feature=160 169 223 160 170 196 161 216 164 180 211 160 173 173 160 207 160 164 216 167 169 161 164 164 198 214 165 222 173 181
split_gain=12852.6 5572.23 4024.11 3604.72 2441.27 2556.68 1322.84 1121.93 822.371 787.224 675.914 545.126 552.825 514.587 954.008 822.271 516.59 507.025 758.29 639.547 481.111 408.753 376.325 364.63 380.265 517.392 331.137 1035.7 623.851 323.603
threshold=0 1.0000000180025095e-35 1.0000000180025095e-35 1 1.0000000180025095e-35 2 3 1.0000000180025095e-35 4 1.0000000180025095e-35 7.5000000000000009 5 8.5000000000000018 8.5000000000000018 6 1.0000000180025095e-35 7 8 1.0000000180025095e-35 1.0000000180025095e-35 1.0000000180025095e-35 9 10 11 1.0000000180025095e-35 135.00000000000003 145.00000000000003 1.0000000180025095e-35 8.5000000000000018 55.000000000000007
decision_type=9 2 2 9 2 1 9 2 9 2 2 9 2 2 9 2 9 9 2 2 2 9 9 9 2 2 2 2 2 2
left_child=1 26 3 22 5 6 -5 8 -6 10 13 12 -4 15 -15 -8 -16 19 20 -7 23 -18 -2 -19 -25 -26 -1 28 -28 -11
right_child=2 -3 11 4 7 17 9 -9 -10 29 -12 -13 -14 14 16 -17 21 18 -20 -21 -22 -23 -24 24 25 -27 27 -29 -30 -31
leaf_value=0.0083059229102300704 -0.02703029764910125 0.050163797642892596 -0.044409852096772617 0.051589340410815247 0.015490139895511738 -0.043866179914170689 -0.023301056010769414 -0.033124690621255101 -0.034690760583802216 0.015656087659338937 0.010054583532179084 -0.057691731634362454 0.023347260231579736 -0.032561604262780992 -0.015428387891392554 0.00068430742583792665 -0.047525677804369552 -0.041392370007687279 -0.059055173222693984 0.010315281849006777 -0.0036933740685782383 0.0054837870996054033 -0.04945921683131578 -0.014582614451497548 -0.03495716405866469 0.043466352325097317 0.062965170437260534 -0.053048642598119117 0.016790253487376571 0.0010187890664708937
leaf_weight=119878.10507179092 3209.2038783384487 8695.8702808800153 873.2575855681207 1088.7266480019316 17760.285496722674 3280.0681924497185 4378.2541356734 1405.5505728630233 846.76802259060787 5148.8551961773774 5266.71626908076 4708.1626922545256 458.77231865277281 5407.5207558054535 10362.811163751074 19422.060127767618 375.51557328505442 1522.5346247106791 1003.2597223487101 652.69107738591265 7665.0573866306804 6278.7542586858908 4858.5733514250605 32156.726651713645 3894.5134384854755 221.84772326890379 1130.1208730861545 391.19489662500564 2074.9111631403212 14161.314486593357
leaf_count=244838 62683 25809 12911 2055 38852 109804 25567 49985 11679 13214 20208 211637 5709 88817 108736 79257 2821 43949 35007 7686 47904 41375 134883 364396 86504 677 1873 2837 4128 38147
internal_value=0 0.0114783 -0.00969971 -0.0080928 -0.00624719 -0.00889698 -0.0028418 0.00994087 0.0131951 -0.00368639 -0.00691559 -0.0497143 -0.0209125 -0.00884931 -0.0142842 -0.00372817 -0.00845101 -0.0175304 -0.0160624 -0.0347842 -0.0151164 0.00242143 -0.0405848 -0.0174328 -0.0164105 -0.0307246 0.00875454 0.0237042 0.0330808 0.00492224
internal_weight=288578 132170 156408 150368 142300 122287 71890.5 20012.6 18607.1 70801.8 51491.6 6040.19 1332.03 46224.9 22424.6 23800.3 17017.1 50396.7 46463.9 3932.76 45460.7 6654.27 8067.78 37795.6 36273.1 4116.36 123474 3596.23 3205.03 19310.2
internal_count=1923948 279485 1644463 1414206 1216640 1116124 420197 100516 50531 418142 366781 230257 18620 346573 241749 104824 152932 695927 578437 117490 543430 44196 197566 495526 451577 87181 253676 8838 6001 51361
cat_boundaries=0 39 79 80 94 118 156 195 233 244 278 289 313
cat_threshold=0 0 4 0 4096 0 0 0 0 131072 0 0 0 0 0 0 0 0 0 0 0 0 0 96 0 0 0 0 0 0 0 0 0 41943040 0 0 0 0 2147483648 8192 0 0 0 0 0 0 0 0 0 8388608 0 0 0 0 0 0 0 0 0 0 0 0 0 0 0 0 0 0 0 0 0 0 0 0 0 0 0 0 262144 3074 0 0 0 0 0 8388608 0 0 0 0 0 0 0 256 0 0 0 0 4096 0 0 0 0 0 0 0 0 0 0 0 0 0 0 0 0 0 0 224 0 0 0 0 0 0 0 0 0 0 0 0 0 0 0 0 0 0 0 0 0 0 0 0 0 0 0 0 0 0 0 0 0 0 512 512 0 1 0 0 0 0 0 0 0 0 0 0 0 0 0 0 0 0 0 0 0 0 0 0 0 0 0 0 0 0 0 0 0 0 0 0 0 0 0 0 33280 0 0 0 0 0 0 0 0 0 0 0 0 0 0 0 0 0 0 0 0 0 0 0 0 0 0 0 0 0 0 0 0 0 1073741824 0 0 1 8192 0 0 0 0 4096 0 0 0 0 131072 8388608 0 0 0 0 0 0 0 0 0 0 0 0 0 128 0 0 0 0 0 0 0 0 0 0 0 0 0 0 0 0 0 0 0 16384 0 0 4 0 4096 0 0 0 0 131072 8388608 0 0 4 0 0 0 0 0 0 0 0 0 0 0 0 0 0 0 0 0 0 0 0 32
is_linear=0
shrinkage=0.05


Tree=20
num_leaves=31
num_cat=12
split_feature=160 169 223 160 170 196 216 164 180 160 211 174 160 176 164 176 160 169 174 197 176 194 160 174 159 164 174 204 167 164
split_gain=11434.8 5180.8 3735.86 3343.87 2202.71 2434.07 1023.7 746.16 720.756 525.562 513.601 479.059 468.412 454.74 442.314 434.016 580.756 403.526 387.731 506.811 355.5 492.681 401.063 342.799 339.248 338.76 331.817 348.165 325.97 328.072
threshold=0 1.0000000180025095e-35 1.0000000180025095e-35 1 1.0000000180025095e-35 2 1.0000000180025095e-35 3 1.0000000180025095e-35 4 7.5000000000000009 170.00000000000003 5 1.0000000180025095e-35 6 1.0000000180025095e-35 7 1.0000000180025095e-35 390.00000000000006 1.0000000180025095e-35 1.0000000180025095e-35 1.0000000180025095e-35 8 370.00000000000006 9 10 190.00000000000003 1.0000000180025095e-35 1.5000000000000002 11
decision_type=9 2 2 9 2 1 2 9 2 9 2 2 9 2 9 2 9 2 2 2 2 2 9 2 1 9 2 2 2 9
left_child=1 -1 3 25 5 8 7 20 10 11 12 -4 26 -12 23 18 -17 24 -14 -20 21 -6 -22 -7 28 -2 27 -5 29 -16
right_child=2 -3 9 4 6 14 -8 -9 -10 -11 13 -13 15 -15 17 16 -18 -19 19 -21 22 -23 -24 -25 -26 -27 -28 -29 -30 -31
leaf_value=0.0082766013134140237 -0.026728348350964028 0.049238740444116309 -0.043217318425407263 0.00014810001374308197 -0.00017606854947224595 -0.056802777114548744 -0.032202905673821683 -0.033757042159835465 0.0058809136838780191 -0.0569198764515935 -0.01420013523740179 0.020089345318291894 -0.0029145876868952834 0.018311862101478258 -0.015238855653975487 0.010295688448862111 -0.019054970373528247 -0.0059742967822112164 -0.025178089824738615 0.041529108359064648 0.037631033028494652 0.020664362347635822 0.012171206671641446 -0.0064050505981282898 -0.015295542957624631 -0.048383047757530911 -0.028121805263939953 -0.030819388460321024 0.036960491193814518 -0.033405742212348932
leaf_weight=122661.40028420062 3144.9719826341607 8237.196698427666 825.98226381465793 3263.9103897464229 6116.3620003380347 1195.1468897151935 1371.0224006312201 821.54204540135106 18681.668742231792 4459.1946898345195 1496.8098670057952 467.58181604091078 25716.079494576785 3816.817285337951 3973.4612670757924 2087.5599198978744 8664.6598258531885 8133.1045985747478 388.5239474598784 1061.766955495812 2965.9079359779134 5286.2370205607731 3293.5537738511339 470.57733268418815 28536.256634791644 4613.8780786659336 4088.2209930311947 1256.5915771296131 203.53839107905515 6926.1085764582385
leaf_count=253676 62683 25809 12911 17532 21122 57722 49985 11679 51361 211637 10562 5709 130612 9646 70488 14791 100506 57024 7628 2560 3622 8770 5338 17068 323610 134883 63708 11291 1566 168449
internal_value=0 0.0108537 -0.00926611 -0.00772563 -0.00595037 -0.008504 0.00947516 0.0125677 -0.00253881 -0.0487948 -0.0055736 -0.0201753 -0.00725552 0.00915206 -0.0170091 -0.00486004 -0.013364 -0.0161173 -0.00149569 0.0236527 0.0147344 0.00948558 0.0243172 -0.0423203 -0.0182023 -0.0396542 -0.017779 -0.00846147 -0.0256345 -0.0268291
internal_weight=284226 130899 153327 147574 139815 119961 19854.6 18483.6 70522.6 5752.76 51840.9 1293.56 46527.3 5313.63 49438.2 37918.6 10752.2 47772.5 27166.4 1450.29 17662.1 11402.6 6259.46 1665.72 39639.4 7758.85 8608.72 4520.5 11103.1 10899.6
internal_count=1923948 279485 1644463 1414206 1216640 1116124 100516 50531 420197 230257 368836 18620 348628 20208 695927 256097 115297 621137 140800 10188 38852 29892 8960 74790 564113 197566 92531 28823 240503 238937
cat_boundaries=0 39 79 80 104 142 181 192 228 229 230 241 265
cat_threshold=0 0 4 0 4096 0 0 0 0 131072 0 0 0 0 0 0 0 0 0 0 0 0 0 96 0 0 0 0 0 0 0 0 0 41943040 0 0 0 0 2147483648 8192 0 0 0 0 0 0 0 0 0 8388608 0 0 0 0 0 0 0 0 0 0 0 0 0 0 0 0 0 0 0 0 0 0 0 0 0 0 0 0 262144 3074 0 0 0 0 4096 0 0 0 0 0 0 0 0 0 0 0 0 0 0 0 0 0 0 224 0 0 0 0 0 0 0 0 0 0 0 0 0 0 0 0 0 0 0 0 0 0 0 0 0 0 0 0 0 0 0 0 0 0 512 512 0 1 0 0 0 0 0 0 0 0 0 0 0 0 0 0 0 0 0 0 0 0 0 0 0 0 0 0 0 0 0 0 0 0 0 0 0 0 0 8192 512 0 0 0 0 0 0 0 0 0 131072 8388608 0 0 0 0 0 0 0 0 0 0 0 0 0 0 0 0 0 0 0 0 0 0 0 0 0 0 0 0 0 0 0 0 0 0 512 512 32 4352 0 0 4 0 4096 0 0 0 0 131072 8388608 0 0 4 0 0 0 0 0 0 0 0 0 0 0 0 0 0 0 0 0 0 0 0 192
is_linear=0
shrinkage=0.05


Tree=21
num_leaves=31
num_cat=10
split_feature=160 169 223 160 170 196 161 216 180 191 160 211 176 194 173 160 207 160 169 159 214 166 176 176 176 160 165 222 196 162
split_gain=10346.7 4801.69 3430.39 3057.75 2204.44 2274.69 1163.1 980.004 909.997 657.08 514.61 503.609 478.06 497.656 455.418 808.676 673.282 386.37 358.781 495.418 450.416 373.587 348.162 332.999 301.611 1248.13 845.143 1143.88 559.044 533.341
threshold=0 1.0000000180025095e-35 1.0000000180025095e-35 1 1.0000000180025095e-35 2 3 1.0000000180025095e-35 1.0000000180025095e-35 1.0000000180025095e-35 4 7.5000000000000009 1.0000000180025095e-35 1.0000000180025095e-35 8.5000000000000018 5 1.0000000180025095e-35 6 1.0000000180025095e-35 7 165.00000000000003 75.000000000000014 1.0000000180025095e-35 1.0000000180025095e-35 1.0000000180025095e-35 8 145.00000000000003 1.0000000180025095e-35 9 1.0000000180025095e-35
decision_type=9 2 2 9 2 1 9 2 2 2 9 2 2 2 2 9 2 9 2 1 2 2 2 2 2 9 2 2 1 2
left_child=1 24 3 -2 5 6 -5 9 11 12 -4 14 13 -6 16 23 -8 -17 19 20 21 -7 -13 -16 26 29 -1 -28 -27 -26
right_child=2 -3 10 4 7 18 8 -9 -10 -11 -12 22 -14 -15 15 17 -18 -19 -20 -21 -22 -23 -24 -25 25 28 27 -29 -30 -31
leaf_value=0.0089392614987546248 -0.038663580787013284 0.048350129979429071 -0.023336979323455909 0.050212201227612718 -0.00073790980719285306 -0.037252660248641184 -0.021799466937420561 -0.031521752390406825 0.0062157515569340252 -0.042678075624885625 -0.057647718321325161 -0.013243424453692164 0.026172340756376023 0.020055354273170956 -0.018597184435438247 0.0096912299949287097 0.00028718226150316111 -0.011595550445085397 -0.0074230022746769805 -0.015002475471800975 0.059528911358221408 -0.019357906196125874 0.015397846435271718 -0.044081147731066098 0.0083576329652187836 -0.033261809378052842 0.055988609224017077 -0.048551011256340718 -0.0014885951081055051 0.025628732980422588
leaf_weight=74270.047890508082 7437.8004712521215 7807.2874672440812 1588.9471383847995 1019.2702285565902 6349.0366293573752 5867.7192720220191 4208.3916188401054 1330.7574913724093 18319.520481359446 515.43540858570486 3873.6101198396063 1453.4217517782236 5892.4082016022876 5261.5766266547143 2607.6049730572267 2510.3638836718164 19145.923356932937 13922.667571443599 8690.8586603793083 28105.003992134763 147.15369166061282 5806.6577789484872 3925.4246898655547 2525.1611301977537 16699.097770082997 1469.5572903831489 1816.6409176893067 305.24587894789875 21480.796786823659 6104.6107512507588
leaf_count=147439 197566 25809 34799 2055 24218 185774 25567 49985 51361 8583 195458 10562 8960 8770 35119 19229 79257 133703 69684 323610 205 116654 9646 53698 32256 7330 3332 1908 52755 8656
internal_value=0 0.0103348 -0.00892365 -0.00745918 -0.00576912 -0.00832947 -0.00253334 0.00987539 -0.00332446 0.0129339 -0.0478196 -0.00679992 0.014573 0.00868499 -0.00853123 -0.0137703 -0.00369295 -0.0083393 -0.0166275 -0.018635 -0.0272338 -0.0283537 0.00765723 -0.031078 0.00790553 0.00469481 0.00982844 0.0409397 -0.0035376 0.0129761
internal_weight=280458 129953 150505 145042 137604 118255 69637.7 19349.2 68618.5 18018.5 5462.56 50299 17503 11610.6 44920.1 21565.8 23354.3 16433 48617.4 39926.5 11821.5 11674.4 5378.85 5132.77 122146 45754.1 76391.9 2121.89 22950.4 22803.7
internal_count=1923948 279485 1644463 1414206 1216640 1116124 420197 100516 418142 50531 230257 366781 41948 32988 346573 241749 104824 152932 695927 626243 302633 302428 20208 88817 253676 100997 152679 5240 60085 40912
cat_boundaries=0 39 79 80 94 134 173 209 210 249 250
cat_threshold=0 0 4 0 4096 0 0 0 0 131072 0 0 0 0 0 0 0 0 0 0 0 0 0 96 0 0 0 0 0 0 0 0 0 41943040 0 0 0 0 2147483648 8192 0 0 0 0 0 0 0 0 0 8388608 0 0 0 0 0 0 0 0 0 0 0 0 0 0 0 0 0 0 0 0 0 0 0 0 0 0 0 0 262144 3074 0 0 0 0 0 8388608 0 0 0 0 0 0 0 256 0 0 0 0 0 0 0 0 0 0 0 0 0 0 0 0 0 0 0 0 0 0 0 0 0 0 0 0 0 0 0 0 0 0 512 512 0 1 0 262144 0 0 0 0 0 0 0 0 0 0 0 0 0 0 0 0 0 0 0 0 0 0 0 0 0 0 0 0 0 0 0 0 0 0 0 0 0 0 33280 0 0 0 0 0 0 0 0 0 0 0 0 0 0 0 0 0 0 0 0 0 0 0 0 0 0 0 0 0 0 0 0 0 0 512 512 4352 0 0 0 0 0 0 0 0 0 131072 0 0 0 0 0 0 0 0 0 0 0 0 0 96 0 0 0 0 0 0 0 0 0 0 0 0 0 0 2147483648 4
is_linear=0
shrinkage=0.05


Tree=22
num_leaves=31
num_cat=12
split_feature=160 169 223 160 170 196 161 180 164 167 164 160 173 164 173 176 182 195 164 169 214 159 173 167 164 167 193 160 223 173
split_gain=9866.56 4366.74 3160.85 2777.23 2081.84 2035.77 1057.83 671.269 578.868 600.977 698.968 495.239 418.469 410.3 390.864 346.839 345.082 338.101 486.991 319.378 297.922 337.434 296.768 295.597 331.761 589.671 286.613 281.985 280.373 276.789
threshold=0 1.0000000180025095e-35 1.0000000180025095e-35 1 1.0000000180025095e-35 2 3 1.0000000180025095e-35 4 1.0000000180025095e-35 5 6 8.5000000000000018 7 20.500000000000004 1.0000000180025095e-35 1.0000000180025095e-35 1.0000000180025095e-35 8 1.0000000180025095e-35 165.00000000000003 9 13.500000000000002 1.5000000000000002 10 1.0000000180025095e-35 1.0000000180025095e-35 11 1.0000000180025095e-35 16.500000000000004
decision_type=9 2 2 9 2 1 9 2 9 2 9 9 2 9 2 2 2 2 9 2 2 1 2 2 9 2 2 9 2 2
left_child=1 26 3 17 5 6 -5 29 -6 15 14 12 -4 22 -11 16 -10 18 -2 20 21 23 -7 24 25 -15 28 -17 -1 -8
right_child=2 -3 11 4 8 13 7 -9 9 10 -12 -13 -14 19 -16 27 -18 -19 -20 -21 -22 -23 -24 -25 -26 -27 -28 -29 -30 -31
leaf_value=0.0078765453959608999 -0.013451498691308399 0.047445951050111332 -0.041680965899937243 0.048973857043140057 -0.036842863621314954 -0.061721509666105151 -0.0052314999048763498 0.0046153752201297084 0.0022304795590846363 0.01232624257602262 -0.04588301788606932 -0.055622371379708963 0.018432398241593172 -0.006072905025970579 -0.040268036198736305 0.036696225187041333 0.022898098835846342 -0.058941905614310133 -0.043707440910214744 -0.0062748993755311622 0.055752335242320587 -0.0146078546189511 -0.018108868972062053 0.034413363752704366 -0.033487119519273759 -0.058093157513036786 0.049814998706057607 0.014551599611850397 -0.037115795984336251 -0.017110576171575295
leaf_weight=119807.88031471614 2192.0073757576756 7404.6115074910922 764.25571252242662 962.7415489226114 641.93388594902353 844.48913427371008 44190.211247802246 18459.892333606491 5772.2158213164657 2553.021708013257 861.70521627622657 3970.4167980509519 465.36198914656416 3237.637403085304 409.45196173421573 2775.3856106288731 3106.8235338875093 1487.89020827075 3500.0361972951214 8031.8581277385238 138.77204420417547 27751.521700644938 726.32544913422316 203.2534436492133 6320.7451732666814 654.58027645031689 405.80691464990377 3076.7501135193743 346.73761308816029 5516.0498541971028
leaf_count=247010 37590 25809 12911 2031 10629 43447 279447 51361 20409 8053 43409 211637 5709 44625 4427 3622 4629 52877 107099 57024 205 323610 31343 1566 168244 25863 974 5338 5692 87358
internal_value=0 0.0101768 -0.00876278 -0.00737474 -0.0057752 -0.0082789 -0.0027872 -0.00352574 0.00948542 0.0111033 -0.0065501 -0.0470561 -0.0187755 -0.0161988 0.0050328 0.015694 0.00946364 -0.0376614 -0.0321594 -0.0153383 -0.0172425 -0.0175087 -0.041308 -0.0251977 -0.0264108 -0.0147911 0.00788836 0.0251444 0.00774651 -0.00655002
internal_weight=276580 127965 148615 143415 136235 117038 69128.9 68166.2 19197.3 18555.4 3824.18 5200.03 1229.62 47909.2 2962.47 14731.2 8879.04 7179.93 5692.04 46338.4 38306.5 38167.7 1570.81 10416.2 10213 3892.22 120560 5852.14 120155 49706.3
internal_count=1923948 279485 1644463 1414206 1216640 1116124 420197 418166 100516 89887 55889 230257 18620 695927 12480 33998 25038 197566 144689 621137 564113 563908 74790 240298 238732 70488 253676 8960 252702 366805
cat_boundaries=0 39 79 80 86 97 121 159 170 181 182 206 207
cat_threshold=0 0 4 0 4096 0 0 0 0 131072 0 0 0 0 0 0 0 0 0 0 0 0 0 96 0 0 0 0 0 0 0 0 0 41943040 0 0 0 0 2147483648 8192 0 0 0 0 0 0 0 0 0 8388608 0 0 0 0 0 0 0 0 0 0 0 0 0 0 0 0 0 0 0 0 0 0 0 0 0 0 0 0 262144 3074 0 0 0 0 0 8388608 0 0 0 0 0 0 0 0 0 131072 8388608 0 0 4 0 4096 0 0 0 0 0 0 0 0 0 0 0 0 0 0 0 0 0 0 64 0 0 0 0 0 0 0 0 0 0 0 0 0 0 0 0 0 0 0 0 0 0 0 0 0 0 0 0 0 0 0 0 0 0 512 512 0 1 0 0 0 0 0 0 0 0 0 131072 8388608 0 0 4 0 4096 0 0 0 0 131072 8388608 4352 0 0 4 0 0 0 0 0 0 0 0 0 0 0 0 0 0 0 0 0 0 0 0 192 32
is_linear=0
shrinkage=0.05


Tree=23
num_leaves=31
num_cat=14
split_feature=160 169 223 160 170 196 161 216 180 164 211 160 176 194 173 160 160 160 161 164 173 176 160 195 164 176 165 176 169 164
split_gain=8789.57 4068.11 2944.31 2550.43 1991.73 1957.67 994.432 847.891 678.732 598.391 546.03 476.989 443.521 437.781 367.042 757.166 624.507 419.326 380.715 362.372 356.989 344.571 325.589 324.429 435.513 323.922 301.545 675.419 289.895 284.88
threshold=0 1.0000000180025095e-35 1.0000000180025095e-35 1 1.0000000180025095e-35 2 3 1.0000000180025095e-35 1.0000000180025095e-35 4 7.5000000000000009 5 1.0000000180025095e-35 1.0000000180025095e-35 8.5000000000000018 6 7 8 9 10 8.5000000000000018 1.0000000180025095e-35 11 1.0000000180025095e-35 12 1.0000000180025095e-35 145.00000000000003 1.0000000180025095e-35 1.0000000180025095e-35 13
decision_type=9 2 2 9 2 1 9 2 2 9 2 9 2 2 2 9 9 9 9 9 2 2 9 2 9 2 2 2 2 9
left_child=1 26 3 23 5 6 -5 9 10 12 14 20 13 -6 16 25 -8 -17 -19 -7 -4 -12 -18 24 -2 -16 -1 -28 -21 -9
right_child=2 -3 11 4 7 19 8 29 -10 -11 21 -13 -14 -15 15 17 22 18 -20 28 -22 -23 -24 -25 -26 -27 27 -29 -30 -31
leaf_value=0.0070242759979761028 -0.013576209207766475 0.04659614682315584 -0.04046258966962555 0.048189338301106353 -0.00058939438937969811 -0.039879128878093084 0.0038262805121687393 0.013657327336356781 0.0050087755398319561 -0.031127960050090376 -0.012180128477500343 -0.054934019015946051 0.025768679329722599 0.019240844965725978 -0.017563218410605142 -0.014046080498818484 -0.0046116821605765492 -0.046654825288194229 0.0057130202247335435 -0.016845081474222569 0.015174784602759093 0.016684542302887719 -0.02216649507359137 -0.058166123169608591 -0.042532377056694382 -0.043118396370402483 0.040622404270758271 -0.0054092421875120778 -0.0063569122944117651 -0.042617002353851713
leaf_weight=116912.12198378978 2175.712258159474 7022.8029866479337 726.4023851158563 941.40964971715584 6014.9939064329956 1511.2080842128198 12429.301959315315 290.26643216796219 18080.302805448649 747.08668249490438 1414.115006726468 3764.4540186150989 5651.9543748074211 5178.7027881490067 2545.5730252907961 9775.1641062624694 5784.0172846158966 358.60105027386453 5814.3090432934987 37599.166047141858 477.32157178118359 3840.5494747570483 4880.8036079562735 1401.3978046957636 3337.957770414534 2421.1504379856342 2000.859463596018 1323.6635160765145 7991.1607445335831 976.40372341818875
leaf_count=244838 37590 25809 12911 2055 21122 74790 51197 2234 51361 11679 10562 211637 8960 8770 35119 108736 21873 2821 41375 564113 5709 9646 31754 52877 107099 53698 5240 3598 57024 47751
internal_value=0 0.00960657 -0.00836614 -0.0070351 -0.00550759 -0.00797021 -0.00255931 0.00955597 -0.00327621 0.0124011 -0.00631768 -0.0461964 0.0143427 0.00858496 -0.00813668 -0.0129349 -0.00379081 -0.00760678 0.00259596 -0.0158105 -0.0182475 0.00891522 -0.0126601 -0.0366253 -0.0312111 -0.0299645 0.00744665 0.0222953 -0.0150036 -0.0299456
internal_weight=273389 127259 146129 141161 134246 115387 68285.3 18859.4 67343.9 17592.7 49263.6 4968.18 16845.7 11193.7 44008.9 20914.8 23094.1 15948.1 6172.91 47101.5 1203.72 5254.66 10664.8 6915.07 5513.67 4966.72 120237 3324.52 45590.3 1266.67
internal_count=1923948 279485 1644463 1414206 1216640 1116124 420197 100516 418142 50531 366781 230257 38852 29892 346573 241749 104824 152932 44196 695927 18620 20208 53627 197566 144689 88817 253676 8838 621137 49985
cat_boundaries=0 39 79 80 94 118 156 195 234 272 306 317 354 365 370
cat_threshold=0 0 4 0 4096 0 0 0 0 131072 0 0 0 0 0 0 0 0 0 0 0 0 0 96 0 0 0 0 0 0 0 0 0 41943040 0 0 0 0 2147483648 8192 0 0 0 0 0 0 0 0 0 8388608 0 0 0 0 0 0 0 0 0 0 0 0 0 0 0 0 0 0 0 0 0 0 0 0 0 0 0 0 262144 3074 0 0 0 0 0 8388608 0 0 0 0 0 0 0 256 0 0 0 0 4096 0 0 0 0 0 0 0 0 0 0 0 0 0 0 0 0 0 0 224 0 0 0 0 0 0 0 0 0 0 0 0 0 0 0 0 0 0 0 0 0 0 0 0 0 0 0 0 0 0 0 0 0 0 512 512 0 1 0 0 0 0 0 0 0 0 0 0 0 0 0 0 0 0 0 0 0 0 0 0 0 0 0 0 0 0 0 0 0 0 0 0 0 0 0 0 33280 0 0 0 0 0 0 0 0 0 0 0 0 0 0 0 0 0 0 0 0 0 0 0 0 0 0 0 0 0 0 0 0 0 1073741824 0 0 0 1 33280 0 0 0 0 0 0 0 0 0 0 0 0 0 0 0 0 0 0 0 0 0 0 0 0 0 0 0 0 0 0 0 0 0 1073741824 0 0 1 8192 0 0 0 0 0 0 0 0 0 0 0 0 0 128 0 0 0 0 0 0 0 0 0 0 0 0 0 0 0 0 0 0 0 16384 0 0 0 0 0 0 0 0 0 131072 8388608 0 0 0 0 0 0 0 0 0 0 0 0 0 0 0 0 0 0 0 0 0 0 0 0 0 0 0 0 0 0 0 0 0 0 512 0 1 0 0 4 0 4096 0 0 0 0 131072 8388608 0 0 4 0 4096
is_linear=0
shrinkage=0.05


Tree=24
num_leaves=31
num_cat=5
split_feature=196 169 223 163 195 182 211 161 196 164 163 173 222 162 176 177 195 176 176 172 173 172 222 171 173 194 173 161 163 173
split_gain=8020.89 4143.37 2533.65 1132.89 1852.26 842.617 733.886 624.629 576.732 511.048 722.504 872.727 694.741 564.778 1106.94 523.177 493.009 577.003 489.475 722.031 829.058 565.363 444.633 561.341 555.356 429.483 513.699 538.025 423.276 418.599
threshold=0 1.0000000180025095e-35 1.0000000180025095e-35 4.5000000000000009 1.0000000180025095e-35 1.0000000180025095e-35 7.5000000000000009 1 2 3 4.5000000000000009 6.5000000000000009 1.0000000180025095e-35 3.0000000000000004 1.0000000180025095e-35 1.0000000180025095e-35 1.0000000180025095e-35 1.0000000180025095e-35 1.0000000180025095e-35 1.0000000180025095e-35 17.500000000000004 1.0000000180025095e-35 1.0000000180025095e-35 1.0000000180025095e-35 7.5000000000000009 1.0000000180025095e-35 11.500000000000002 4 1.0000000180025095e-35 7.5000000000000009
decision_type=1 2 2 2 2 2 2 9 1 9 2 2 2 2 2 2 2 2 2 2 2 2 2 2 2 2 2 9 2 2
left_child=2 7 3 4 5 6 8 -2 -1 12 15 -12 13 -9 -15 22 17 -5 21 20 -20 29 23 25 -25 26 27 -11 -28 -10
right_child=1 -3 -4 16 -6 -7 -8 9 18 10 11 -13 -14 14 -16 -17 -18 -19 19 -21 -22 -23 -24 24 -26 -27 28 -29 -30 -31
leaf_value=-0.0082476222373625615 0.047040986176571681 0.045766611563697608 -0.044871022441223915 -0.024094314502494166 0.017050337799763424 0.012153686709401259 0.0082304342378317144 0.0078933659266615837 -0.020045787485315547 -0.041940682968561356 0.016672859792086488 -0.023851517277406007 -0.05741002627112296 0.055355360963537228 -0.0045131968068557607 -0.027340393370537577 -0.040114488877132232 -0.0052718746794011562 -0.053957109451778965 -0.0011720586506920832 -0.0068966951883411261 -0.041358919917812542 0.03500919803144055 0.019875331764089368 -0.048161463790070441 0.018611572086431428 0.0089057531222707358 0.00056503799077035335 -0.050690832739275361 -0.0014937088318992941
leaf_weight=48533.798840996416 889.224379070336 6665.0063374208985 5067.5754141375946 10082.43700633751 7778.2939459192567 4633.156677143299 5227.9352972281049 63121.156994998571 5382.2736047594226 749.24491235148162 1814.6713645043783 4955.1314941319288 396.56869644677499 1793.4707606746815 1355.0634503078181 1305.972653046716 2541.0946017066599 6831.2887454318698 3219.5872416477359 1595.5229975836992 1319.8871760620095 1576.2384288824978 1180.6221907541621 433.06187794264406 972.85641359491274 5152.1467836019583 31424.034687603882 37019.839469925268 300.272158827167 6989.340363670286
leaf_count=477587 2031 25809 235949 178359 25465 14832 20208 109029 61822 4216 7334 78556 3122 3564 2907 3829 89721 123707 81490 13984 30786 19719 2599 818 4398 8770 96481 113384 2150 81322
internal_value=0 0.00717713 -0.0103353 -0.0086804 -0.00622201 -0.0085288 -0.0098266 0.00549488 -0.0112025 0.00524816 0.00268413 -0.0129876 0.00852815 0.00892453 0.029591 0.00403548 -0.0195794 -0.0164928 -0.0183296 -0.030109 -0.0402773 -0.0131603 0.00456627 0.00409338 -0.0272011 0.00468305 0.00365021 -0.000289536 0.00834072 -0.00956568
internal_weight=270307 159528 110778 105711 86256 78477.7 73844.6 152863 68616.6 151974 85307.9 6769.8 66666.3 66269.7 3148.53 78538.1 19454.8 16913.7 20082.8 6135 4539.47 13947.9 77232.1 76051.5 1405.92 74645.5 69493.4 37769.1 31724.3 12371.6
internal_count=1923948 468997 1454951 1219002 827215 801750 786918 443188 766710 441157 322535 85890 118622 115500 6471 236645 391787 302066 289123 126260 112276 162863 232816 230217 5216 225001 216231 117600 98631 143144
cat_boundaries=0 1 7 8 32 66
cat_threshold=3640 0 0 0 0 0 8388608 1064 0 0 0 0 4096 0 0 0 0 131072 0 0 0 0 0 0 0 0 0 0 0 0 0 32 0 0 0 0 0 0 0 0 0 0 0 0 0 128 0 0 0 0 0 0 0 0 0 0 0 0 0 0 0 0 0 0 0 32768
is_linear=0
shrinkage=0.05


Tree=25
num_leaves=31
num_cat=13
split_feature=160 165 223 160 170 196 161 176 216 164 180 160 211 176 194 164 174 174 160 160 174 160 160 161 176 222 174 195 164 174
split_gain=7820.11 2494.01 2479.1 2340.15 1788.74 1643.76 833.414 761.058 759.112 543.45 499.829 489.253 427.096 387.544 375.977 334.586 328.578 319.115 768.725 580.153 365.551 319.273 312.872 329.795 311.502 309.966 301.727 299.357 380.01 271.822
threshold=0 75.000000000000014 1.0000000180025095e-35 1 1.0000000180025095e-35 2 3 1.0000000180025095e-35 1.0000000180025095e-35 4 1.0000000180025095e-35 5 7.5000000000000009 1.0000000180025095e-35 1.0000000180025095e-35 6 170.00000000000003 150.00000000000003 7 8 310.00000000000006 9 10 11 1.0000000180025095e-35 1.0000000180025095e-35 470.00000000000006 1.0000000180025095e-35 12 170.00000000000003
decision_type=9 2 2 9 2 1 9 2 2 9 2 9 2 2 2 9 2 2 9 9 2 9 9 9 2 2 2 2 9 2
left_child=1 -1 3 27 5 6 -5 -3 9 13 12 16 17 14 -6 -7 -4 18 -8 20 -19 -20 -21 -24 -14 -9 -16 28 -2 -11
right_child=2 7 11 4 8 15 10 25 -10 29 -12 -13 24 -15 26 -17 -18 19 21 22 -22 -23 23 -25 -26 -27 -28 -29 -30 -31
leaf_value=0.0068616784019403416 -0.014047344567325593 0.041433104782450769 -0.038062020028273934 0.046059769548971258 -0.00039951480927614513 -0.038731804251986746 0.0064474520536176852 0.0066219902433910559 -0.028916546862453207 -0.051629558252018384 0.0038248488690297631 -0.053732555200761839 -0.012706505796661438 0.024361701123054413 0.020409642360759202 -0.014202907347209238 0.016763603233755121 -0.019108509588589496 -0.0047733496789822668 -0.012240376920605022 -0.050988285791315147 -0.023971393369659817 -0.037265458413424733 0.0041355055404264703 0.014775536631047408 0.03318282700314084 -0.045916527004009347 -0.057497358552087707 -0.041494343919082709 0.013793476167442503
leaf_weight=112487.12604511931 2138.6032665194944 7040.176162967924 659.88944132137112 854.46786956931464 5916.3654533223016 1432.9832363092573 10351.049937598989 3204.8195545212366 1228.3178451624117 495.10778187413234 17808.386263857014 3412.6420133965439 1404.5171930976212 5571.9666948239319 4939.2555261445232 44498.277887381046 465.67385398945771 4722.9152791136294 4686.8621215430321 11234.962345210792 1110.9907917228702 4044.9512124328176 508.0450060099829 6638.1592406436102 3873.1358079670463 1671.5094756383915 177.1305297287181 1284.9036657445831 3197.0362795742694 233.18503860902274
leaf_count=236812 37590 25724 12911 2031 21122 74790 38639 11120 49985 8075 51361 211637 10562 8960 7494 621137 5709 57926 16499 118955 38252 26053 3834 46439 9646 5829 1276 52877 107099 3604
internal_value=0 0.00916531 -0.00797965 -0.00678727 -0.0053273 -0.00768734 -0.00270495 0.0309167 0.00905867 0.0117509 -0.00333989 -0.044342 -0.00596737 0.0136049 0.00818332 -0.014977 -0.0152421 -0.00760429 -0.00276845 -0.0114149 -0.0251412 -0.0136854 -0.00703998 0.00114113 0.00746041 0.01573 0.0181082 -0.0357713 -0.0306006 -0.0302652
internal_weight=267293 124404 142890 138352 131731 113170 67238.4 11916.5 18561.3 17333 66384 4538.21 48575.6 16604.7 11032.8 45931.3 1125.56 43297.9 19082.9 24215.1 5833.91 8731.81 18381.2 7146.2 5277.65 4876.33 5116.39 6620.54 5335.64 728.293
internal_count=1923948 279485 1644463 1414206 1216640 1116124 420197 42673 100516 50531 418166 230257 366805 38852 29892 695927 18620 346597 81191 265406 96178 42552 169228 50273 20208 16949 8770 197566 144689 11679
cat_boundaries=0 39 79 80 86 110 148 159 198 237 274 312 346 357
cat_threshold=0 0 4 0 4096 0 0 0 0 131072 0 0 0 0 0 0 0 0 0 0 0 0 0 96 0 0 0 0 0 0 0 0 0 41943040 0 0 0 0 2147483648 8192 0 0 0 0 0 0 0 0 0 8388608 0 0 0 0 0 0 0 0 0 0 0 0 0 0 0 0 0 0 0 0 0 0 0 0 0 0 0 0 262144 3074 0 0 0 0 0 8388608 0 0 0 0 4096 0 0 0 0 0 0 0 0 0 0 0 0 0 0 0 0 0 0 224 0 0 0 0 0 0 0 0 0 0 0 0 0 0 0 0 0 0 0 0 0 0 0 0 0 0 0 0 0 0 0 0 0 0 512 512 0 1 0 0 0 0 0 0 0 0 0 131072 8388608 0 0 0 0 0 0 0 0 0 0 0 0 0 0 0 0 0 0 0 0 0 0 0 0 0 0 0 0 0 0 0 0 0 1073741824 0 0 0 1 33280 0 0 0 0 0 0 0 0 0 0 0 0 0 0 0 0 0 0 0 0 0 0 0 0 0 0 0 0 0 0 0 0 0 0 0 0 0 0 33280 0 0 0 0 0 0 0 0 0 0 0 0 0 0 0 0 0 0 0 0 0 0 0 0 0 0 0 0 0 0 0 0 0 0 512 0 1 0 0 0 0 0 0 0 0 0 0 0 0 0 0 0 0 0 0 0 0 0 0 0 0 0 0 0 0 0 0 0 0 0 1073741824 0 0 1 8192 0 0 0 0 0 0 0 0 0 0 0 0 0 128 0 0 0 0 0 0 0 0 0 0 0 0 0 0 0 0 0 0 0 16384 0 0 4 0 4096 0 0 0 0 131072 8388608
is_linear=0
shrinkage=0.05


Tree=26
num_leaves=31
num_cat=13
split_feature=160 223 162 160 170 196 161 176 216 180 176 194 160 164 211 173 164 173 195 164 176 214 198 164 173 160 160 176 160 160
split_gain=7091.24 2312.35 2277.39 2179.62 1719.14 1562.59 766.028 736.826 713.345 540.064 472.46 532.831 461.975 446.333 398.996 289.859 287.432 282.979 281.945 329.823 275.519 274.762 350.531 268.215 262.369 669.395 525.275 341.555 296.607 272.14
threshold=0 1.0000000180025095e-35 3.0000000000000004 1 1.0000000180025095e-35 2 3 1.0000000180025095e-35 1.0000000180025095e-35 1.0000000180025095e-35 1.0000000180025095e-35 1.0000000180025095e-35 4 5 7.5000000000000009 8.5000000000000018 6 18.500000000000004 1.0000000180025095e-35 7 1.0000000180025095e-35 135.00000000000003 1.0000000180025095e-35 8 7.5000000000000009 9 10 1.0000000180025095e-35 11 12
decision_type=9 2 2 9 2 1 9 2 2 2 2 2 9 9 2 2 9 2 2 9 2 2 2 9 2 9 9 2 9 9
left_child=2 3 -1 18 5 16 -7 -4 10 14 11 13 15 -6 24 -3 17 -5 19 -2 -16 22 -18 -10 25 -8 27 -26 -27 -28
right_child=1 12 7 4 8 6 9 -9 23 -11 -12 -13 -14 -15 20 -17 21 -19 -20 -21 -22 -23 -24 -25 26 28 29 -29 -30 -31
leaf_value=0.0065468854769461975 -0.014629287773389579 -0.037123683779728682 0.040211159234199045 -0.052712045856403225 0.005279135493550741 0.045066559717381376 0.0054699858488575807 0.014742468156060819 0.014509010840843115 0.0042969365376730149 0.023682770980373802 0.018139552282052964 -0.053081526591637521 -0.022832195797831169 -0.012111954321339911 0.015006505678960362 -0.01299824294733413 -0.0040277764348595861 -0.056805521976365805 -0.040485547536982469 0.013977693775926593 0.044045154832389501 -0.030180445326763089 -0.041001537189237464 -0.013027306485660264 -0.004410338380062215 -0.011943509317017037 -0.037625310192398662 -0.022620551465087457 0.00021622165075487235
leaf_weight=111860.24855755625 2131.1348399678245 631.47038189438172 6888.9925186116016 949.40322409411601 4549.9156098136446 819.91287934803404 10444.932723578531 4834.0416685076198 282.31956435367465 17474.007433194201 5534.4243603525683 5059.3705988617148 3237.4822699607466 2035.3130162325106 1371.5220926899347 460.75187078758609 39549.151563142819 435.70784794888459 1208.4467790221679 3057.624871959968 3854.312033305061 202.30930863367394 3209.6288361977786 919.68899571656948 3092.1338867099839 4688.4974882679526 11075.702194031765 2598.238368408056 4296.2435385680583 7873.6210820098349
leaf_count=236299 37590 12911 26061 57722 13413 2031 38639 17125 2234 51361 8960 8770 211637 19388 10562 5709 525103 17068 52877 107099 9646 677 86504 47751 39095 16499 118955 57083 27942 57237
internal_value=0 -0.00766131 0.00874362 -0.00652241 -0.00512151 -0.00744909 -0.002662 0.0297105 0.00904958 -0.00325517 0.0116555 0.00593799 -0.0436347 -0.00343627 -0.00593299 -0.0149941 -0.0147411 -0.0371402 -0.0349938 -0.0299754 0.007129 -0.0140099 -0.0142885 -0.0281791 -0.00748208 -0.00313708 -0.010908 -0.0242195 -0.0131347 -0.00689344
internal_weight=264627 141043 123583 136714 130316 111935 67589.1 11723 18381 66769.2 17179 11644.6 4329.7 6585.23 49295.2 1092.22 44346.2 1385.11 6397.21 5188.76 5225.83 42961.1 42758.8 1202.01 44069.4 19429.7 24639.7 5690.37 8984.74 18949.3
internal_count=1923948 1644463 279485 1414206 1216640 1116124 429050 43186 100516 427019 50531 41571 230257 32801 375658 18620 687074 74790 197566 144689 20208 612284 611607 49985 355450 83080 272370 96178 44441 176192
cat_boundaries=0 39 79 80 86 124 148 159 170 175 214 253 290 328
cat_threshold=0 0 4 0 4096 0 0 0 0 131072 0 0 0 0 0 0 0 0 0 0 0 0 0 96 0 0 0 0 0 0 0 0 0 41943040 0 0 0 0 2147483648 8192 0 0 0 0 0 0 0 0 0 8388608 0 0 0 0 0 0 0 0 0 0 0 0 0 0 0 0 0 0 0 0 0 0 0 0 0 0 0 0 262144 632 0 0 0 0 0 8388608 0 0 0 0 0 0 0 0 0 0 0 0 0 0 0 0 0 0 0 0 0 0 0 0 0 0 0 0 0 0 0 0 0 0 512 512 0 1 0 0 0 0 4096 0 0 0 0 0 0 0 0 0 0 0 0 0 0 0 0 0 0 160 0 0 0 0 0 0 0 0 0 131072 8388608 0 0 4 0 4096 0 0 0 0 131072 8388608 0 0 4 0 4096 0 0 0 0 0 0 0 0 0 0 0 0 0 0 0 0 0 0 0 0 0 0 0 0 0 0 0 0 0 0 0 0 0 1073741824 0 0 0 1 33280 0 0 0 0 0 0 0 0 0 0 0 0 0 0 0 0 0 0 0 0 0 0 0 0 0 0 0 0 0 0 0 0 0 0 0 0 0 0 33280 0 0 0 0 0 0 0 0 0 0 0 0 0 0 0 0 0 0 0 0 0 0 0 0 0 0 0 0 0 0 0 0 0 0 512 0 1 0 0 0 0 0 0 0 0 0 0 0 0 0 0 0 0 0 0 0 0 0 0 0 0 0 0 0 0 0 0 0 0 0 1073741824 0 0 1 8192
is_linear=0
shrinkage=0.05


Tree=27
num_leaves=31
num_cat=12
split_feature=160 169 160 195 196 190 176 161 173 164 164 160 167 164 190 176 160 160 188 159 173 173 173 173 213 163 224 161 173 165
split_gain=6509.69 3192.37 1940.97 1180.93 1381.16 989.499 652.668 1052.11 560.659 373.673 370.794 318.837 308.822 1037.25 372.523 340.061 1459.42 819.745 470.348 463.391 767.952 350.559 319.974 319.736 307.788 289.713 288.216 283.43 365.766 271.002
threshold=0 1.0000000180025095e-35 1 1.0000000180025095e-35 2 1.0000000180025095e-35 1.0000000180025095e-35 3 6.5000000000000009 4 5 6 1.0000000180025095e-35 7 1.0000000180025095e-35 1.0000000180025095e-35 8 9 1.0000000180025095e-35 10 17.500000000000004 17.500000000000004 7.5000000000000009 8.5000000000000018 1.5000000000000002 4.5000000000000009 1.0000000180025095e-35 11 14.500000000000002 145.00000000000003
decision_type=9 2 9 2 1 2 2 9 2 9 9 9 2 9 2 2 9 9 2 1 2 2 2 2 2 2 2 9 2 2
left_child=1 29 8 4 6 -5 7 -4 10 -6 -2 -12 14 -14 15 17 -17 23 25 21 26 -18 -20 24 -11 -19 -21 28 -9 -1
right_child=2 -3 3 5 9 -7 -8 27 -10 12 11 -13 13 -15 -16 16 19 18 22 20 -22 -23 -24 -25 -26 -27 -28 -29 -30 -31
leaf_value=0.0055714503158863955 -0.043721629500717521 0.043657173484680095 0.044336465429159921 -0.034238975026714254 -0.034578384086407003 0.017683701269989898 0.005550949825793872 -0.012204443369514107 -0.034181782177220579 -0.024320050215175248 0.0040188256999848081 -0.043731597145515971 0.018961458741180069 -0.051217235663726171 0.0097173441171713205 0.0048524620677275736 -0.014504078751084594 -0.0062847058601489874 0.02316954441372724 -0.036321978871281052 -0.0062903768081028601 -0.038067756846710051 -0.014981100986728241 -0.010956035436240089 -0.053840395136959977 -0.026759218350639654 -0.067355894523843371 -0.020339981196751195 0.032808442530944261 0.020951781520068494
leaf_weight=128319.63280563749 671.0053716696566 5852.0826085329754 805.18605701287743 1041.6609938758193 1711.0050884247321 7673.7100830383133 22646.973221882043 1628.6639397320105 8580.6280553939723 3096.3445555043872 2486.8934843896423 396.05684335512342 774.93149745988194 1617.6833233406651 2237.2578945583664 5756.0058705816045 8156.1695122655219 33729.914052354652 2180.4897940447554 1427.6646317307604 1272.6286323865497 1957.6453547555575 734.21085177361965 2753.4225177361513 1236.5787975667045 1820.7899884674116 1579.5155503500428 6513.1318908760732 623.72158567991573 2929.2720314306789
leaf_count=361821 16760 25809 2055 44321 71268 17988 74991 10042 285641 28284 20657 7146 6972 79866 15433 59983 108609 335011 10136 44134 30786 85038 9530 33287 13864 26965 37356 49051 2306 8838
internal_value=0 0.00752548 -0.0082467 -0.00620399 -0.00768258 0.0114757 0.000924215 -0.0100222 -0.0272425 -0.0115302 -0.0105612 -0.00267424 -0.0109643 -0.0286209 -0.0103438 -0.0110271 -0.0164359 -0.00863423 -0.00574909 -0.0249354 -0.0387654 -0.0190484 0.0135568 -0.0242505 -0.0327513 -0.00733385 -0.0526326 -0.0150517 0.00026148 0.00591483
internal_weight=262211 137101 125110 112975 104260 8715.37 32217.7 9570.7 12134.6 72042.3 3553.96 2882.95 70331.3 2392.61 67938.6 65701.4 20149.6 45551.8 38465.4 14393.6 4279.81 10113.8 2914.7 7086.35 4332.92 35550.7 3007.18 8765.52 2252.39 131249
internal_count=1923948 396468 1527480 1197276 1134967 62309 138445 63454 330204 996522 44563 27803 925254 86838 838416 822983 365906 457077 381642 305923 112276 193647 19666 75435 42148 361976 81490 61399 12348 370659
cat_boundaries=0 39 79 80 94 105 129 168 173 211 248 249 283
cat_threshold=0 0 4 0 4096 0 0 0 0 131072 0 0 0 0 0 0 0 0 0 0 0 0 0 224 0 0 0 0 0 0 0 0 0 41943040 0 512 0 0 2147483648 8192 0 0 0 0 0 0 0 0 0 8388608 0 0 0 0 0 0 0 0 0 0 0 0 0 0 0 0 0 0 0 0 0 0 0 0 0 0 0 512 262144 2050 0 0 0 0 0 8388608 0 0 0 0 0 0 0 256 0 0 0 0 0 0 0 0 0 131072 8388608 0 0 0 0 4096 0 0 0 0 0 0 0 0 0 0 0 0 0 0 0 0 0 0 192 8192 0 0 0 0 0 0 0 0 0 0 0 0 0 0 0 0 0 0 0 0 0 0 0 0 0 0 0 0 0 0 0 0 0 0 0 0 0 512 0 0 4 0 4096 32 0 0 0 0 0 0 0 0 0 0 0 0 0 0 0 0 0 0 0 0 0 0 0 0 0 0 0 0 0 0 0 0 0 512 0 1073741824 1 32 0 0 0 0 0 0 0 0 0 0 0 0 0 0 0 0 0 0 0 0 0 0 0 0 0 0 0 0 0 0 0 0 0 0 0 1073741824 1408 0 0 0 0 0 0 0 0 0 0 0 0 0 0 0 0 0 0 0 0 0 0 0 0 0 0 0 0 0 0 0 0 0 49152
is_linear=0
shrinkage=0.05


Tree=28
num_leaves=31
num_cat=8
split_feature=160 169 160 195 196 190 176 161 173 164 190 159 176 173 173 173 173 167 164 224 173 173 213 224 173 161 165 195 170 173
split_gain=6026.74 2930.73 1750.55 1111.31 1059.29 895.245 696.408 988.586 547.589 364.146 332.363 317.42 899.459 696.247 377.051 384.926 562.995 360.228 939.534 330.594 306.914 514.831 293.36 278.447 274.318 272.792 262.438 258.823 255.3 1064.67
threshold=0 1.0000000180025095e-35 1 1.0000000180025095e-35 2 1.0000000180025095e-35 1.0000000180025095e-35 3 6.5000000000000009 4 1.0000000180025095e-35 5 1.0000000180025095e-35 17.500000000000004 7.5000000000000009 8.5000000000000018 9.5000000000000018 1.0000000180025095e-35 6 1.0000000180025095e-35 6.5000000000000009 5.5000000000000009 2.5000000000000004 1.0000000180025095e-35 3.5000000000000004 7 205.00000000000003 1.0000000180025095e-35 1.0000000180025095e-35 2.5000000000000004
decision_type=9 2 9 2 1 2 2 9 2 9 2 1 2 2 2 2 2 2 9 2 2 2 2 2 2 9 2 2 2 2
left_child=1 28 8 4 6 -5 7 -4 10 -6 -2 17 14 -14 19 23 -17 22 -19 -13 21 24 26 -16 -21 -9 -11 -10 -1 -30
right_child=2 -3 3 5 9 -7 -8 25 27 11 -12 12 13 -15 15 16 -18 18 -20 20 -22 -23 -24 -25 -26 -27 -28 -29 29 -31
leaf_value=0.0051522605600047991 -0.0052685522842188847 0.042825805579794297 0.043314979287758154 -0.033110562864985753 -0.033810772662425645 0.017100706305538303 0.0050119767911835263 -0.0007265868434166695 -0.029954694069385904 -0.0062357371042579268 -0.060906863862133391 -0.027028913747257622 -0.050488340113746859 -0.0058415349984984226 0.0049504464532526687 -0.046921626962252827 -0.0013642293355943464 0.017059538291153972 -0.050037673316627833 0.0082387071218451013 -0.064669244090902217 0.04347548136754139 -0.028172023140187089 0.046792469324268969 -0.060561148823633643 -0.020793262092397149 -0.027066513056341602 -0.056960435689816125 -0.057410450831488838 0.016711643326737791
leaf_weight=118108.46721707055 3277.6701701404527 5582.7747949089971 761.6800659034634 1003.891691896948 1660.287520781887 7640.7115379452007 22480.631556824694 2282.9357517922763 7242.5918140560971 49968.945747390098 291.90747422573622 3832.8694181381579 2815.7203184773971 1266.2514545764279 1329.8397260277416 817.226016660803 3974.7988872959104 782.14385617186781 1545.3051473663072 322.12382521340623 152.6276529377792 591.05499837303068 1667.6933544253989 566.98521503072698 262.50549039256293 6658.1994190034457 1558.9204725711606 1012.1449100287282 508.02502164617181 10234.676060817088
leaf_count=326504 34723 25809 2031 44321 71268 17988 74991 12372 237050 554638 9840 46966 81490 30786 11627 14001 52615 6972 79866 2765 3114 3906 21162 3079 5071 49051 27069 48591 1176 23106
internal_value=0 0.00735987 -0.00786697 -0.00596511 -0.0073805 0.0112676 0.000179738 -0.0110151 -0.026172 -0.0107069 -0.00982775 -0.0101651 -0.0163911 -0.0366423 -0.00942731 -0.0015917 -0.00913866 -0.0083758 -0.0276302 -0.0195801 0.00191192 0.0105836 -0.0075346 0.0174692 -0.0226701 -0.0156771 -0.0068663 -0.0332698 0.0058236 0.0132034
internal_weight=260202 134434 125768 113943 105299 8644.6 32183.4 9702.82 11824.3 73115.3 3569.58 71455 15932 4081.97 11850 6688.85 4792.02 55523 2327.45 5161.18 1328.31 1175.68 53195.6 1896.82 584.629 8941.14 51527.9 8254.74 128851 10742.7
internal_count=1923948 376595 1547353 1217149 1154840 62309 138445 63454 330204 1016395 44563 945127 255420 112276 143144 81322 66616 689707 86838 61822 14856 11742 602869 14706 7836 61423 581707 285641 350786 24282
cat_boundaries=0 39 79 80 86 97 98 103 137
cat_threshold=0 0 4 0 4096 0 0 0 0 131072 0 0 0 0 0 0 0 0 0 0 0 0 0 224 0 0 0 0 0 0 0 0 0 41943040 0 0 0 0 2147483648 8192 0 0 0 0 0 0 0 0 0 8388608 0 0 0 0 0 0 0 0 0 0 0 0 0 0 0 0 0 0 0 0 0 0 0 0 0 0 0 512 262144 2050 0 0 0 0 0 8388608 0 0 0 0 0 0 0 0 0 131072 8388608 1408 0 0 4 0 4096 0 0 0 0 0 0 0 0 0 0 0 0 0 256 0 0 0 0 0 0 0 0 0 0 0 0 0 0 0 0 0 0 0 49152
is_linear=0
shrinkage=0.05


Tree=29
num_leaves=31
num_cat=10
split_feature=160 223 160 170 165 196 176 161 216 160 180 176 194 211 222 164 223 164 214 198 164 216 216 190 160 193 173 192 161 195
split_gain=5620.44 2106 1673.5 1522.51 1521.03 1225.58 789.286 615.633 525.346 465.579 395.45 392.585 453.373 379.165 354.31 317.722 289.95 264.534 263.972 249.442 286.181 573.185 416.839 260.135 247.309 243.138 239.594 229.122 225.925 220.549
threshold=0 1.0000000180025095e-35 1 1.0000000180025095e-35 75.000000000000014 2 1.0000000180025095e-35 3 1.0000000180025095e-35 4 1.0000000180025095e-35 1.0000000180025095e-35 1.0000000180025095e-35 7.5000000000000009 1.0000000180025095e-35 5 1.0000000180025095e-35 6 135.00000000000003 1.0000000180025095e-35 7 1.0000000180025095e-35 1.0000000180025095e-35 1.0000000180025095e-35 8 1.0000000180025095e-35 23.500000000000004 1.0000000180025095e-35 9 1.0000000180025095e-35
decision_type=9 2 9 2 2 1 2 9 2 9 2 2 2 2 2 9 2 9 2 2 9 2 2 2 9 2 2 2 9 2
left_child=4 2 17 5 16 7 -6 -4 11 -3 13 12 15 28 -8 -5 25 -2 19 20 22 23 -7 29 -13 -1 -14 -23 -9 -22
right_child=1 9 3 8 6 18 14 10 -10 -11 -12 24 26 -15 -16 -17 -18 -19 -20 -21 21 27 -24 -25 -26 -27 -28 -29 -30 -31
leaf_value=0.0060870250105317797 -0.050753867932192602 -0.017535669654704128 0.042549646179043103 0.0039845952097996469 0.037645545743456695 -0.036429253910414509 0.00090059103979571681 -0.062333505994684457 -0.024699138038791466 -0.054129865294175544 0.0034140145629205846 0.033431750048663153 0.019023094491732527 0.00741178997576253 0.030411651645098733 -0.020695286883402414 -0.040108764862277289 -0.025786436833068017 0.045186655406552881 -0.027712993080426247 -0.011355222040959815 -0.06164000564816359 0.01010448205941014 0.0042720484758157944 0.011910625522492949 0.047096987664975165 -0.04297482657192131 0.043005670204261756 -0.0067317962279198774 -0.051755184291476908
leaf_weight=109984.61728340446 1453.9175206783111 1319.8408541331301 735.01377960760146 4536.4824712119298 6082.8278038271819 2487.7241461197846 3184.7627968213055 173.31970309553435 1094.5509535371675 2742.3609849315835 16999.297486149124 2548.8793959477916 4834.5113621113123 5123.6028573537478 1494.0661256584572 1818.5124654340325 338.21364933566656 4336.1324358345009 190.18622290948406 2983.5186278149195 32502.218810035964 717.62210877763573 596.22284429467982 2734.9328684210777 2877.6633186121471 362.1616714829579 160.51685665454715 56.014619701076299 43141.707303069037 340.98344158718828
leaf_count=230146 73809 34799 2031 14772 25724 109804 11120 1033 49985 195458 51361 3622 7494 20208 5829 18029 5692 123757 677 86504 408432 34389 7686 20680 5338 974 1276 618 354417 18284
internal_value=0 -0.00696125 -0.00587397 -0.00467026 0.00782435 -0.00689262 0.02577 -0.00263211 0.0088543 -0.0424214 -0.00314643 0.0110444 0.00575464 -0.00544955 0.0103275 -0.00310425 0.00608008 -0.0321373 -0.0135052 -0.0137722 -0.0127171 -0.0114651 -0.0273424 -0.0105418 0.0221058 0.00622188 0.0170257 -0.0540339 -0.00697106 -0.0117756
internal_weight=257952 136506 132444 126653 121447 108782 10761.7 66172.9 17871.1 4062.2 65437.9 16776.6 11350 48438.6 4678.83 6354.99 110685 5790.05 42609.4 42419.2 39435.7 36351.8 3083.95 35578.1 5426.54 110347 4995.03 773.637 43315 32843.2
internal_count=1923948 1644463 1414206 1216640 279485 1116124 42673 429050 100516 230257 427019 50531 41571 375658 16949 32801 236812 197566 687074 686397 599893 482403 117490 447396 8960 231120 8770 35007 355450 426716
cat_boundaries=0 39 79 80 86 126 150 174 185 186 200
cat_threshold=0 0 4 0 4096 0 0 0 0 131072 0 0 0 0 0 0 0 0 0 0 0 0 0 96 0 0 0 0 0 0 0 0 0 41943040 0 0 0 0 2147483648 8192 0 0 0 0 0 0 0 0 0 8388608 0 0 0 0 0 0 0 0 0 0 0 0 0 0 0 0 0 0 0 0 0 0 0 0 0 0 0 0 262144 3075 0 0 0 0 0 8388608 0 0 0 0 0 0 0 0 0 0 0 0 0 0 0 0 0 0 0 0 0 0 0 0 0 0 0 0 0 0 0 0 0 0 512 512 0 1 0 262144 0 0 0 0 4096 0 0 0 0 0 8388608 0 0 0 0 0 0 0 0 0 0 0 0 160 0 0 0 0 0 0 0 0 0 0 0 0 0 0 0 0 0 0 0 0 0 0 0 224 0 0 0 0 4096 0 0 0 0 131072 8388608 32 0 0 0 0 0 0 0 0 0 0 0 0 0 128
is_linear=0
shrinkage=0.05


Tree=30
num_leaves=31
num_cat=11
split_feature=160 169 223 160 195 196 190 161 194 180 173 160 160 169 173 164 160 176 173 173 173 161 160 223 224 195 164 163 169 165
split_gain=5158.54 2476.51 1975.34 1573.85 885.657 1087.1 758.599 574.143 560.131 493.487 451.928 927.441 426.887 375.273 409.933 307.704 328.064 625.674 316.026 368.569 278.661 272.597 271.34 256.702 256.602 253.23 279.676 242.058 217.802 288.294
threshold=0 1.0000000180025095e-35 1.0000000180025095e-35 1 1.0000000180025095e-35 2 1.0000000180025095e-35 3 1.0000000180025095e-35 1.0000000180025095e-35 17.500000000000004 4 5 1.0000000180025095e-35 7.5000000000000009 6 7 1.0000000180025095e-35 8.5000000000000018 9.5000000000000018 23.500000000000004 8 9 1.0000000180025095e-35 1.0000000180025095e-35 1.0000000180025095e-35 10 4.5000000000000009 1.0000000180025095e-35 205.00000000000003
decision_type=9 2 2 9 2 1 2 9 2 2 2 9 9 2 2 9 9 2 2 2 2 9 9 2 2 2 9 2 2 2
left_child=1 23 3 25 5 13 -6 -7 9 10 21 -12 -4 14 -5 -16 -17 18 24 -20 27 -9 -13 -1 -18 26 28 -10 -2 -30
right_child=2 -3 12 4 6 7 -8 8 20 -11 11 22 -14 -15 15 16 17 -19 19 -21 -22 -23 -24 -25 -26 -27 -28 -29 29 -31
leaf_value=0.0061215397698945028 -0.00086230218187560671 0.041466711996159478 -0.01780659928430962 -0.023122461524865953 -0.030843589884514251 0.041807024192979825 0.016488716794727104 -0.064760016442219334 0.018654227900800464 0.0036171509810280777 -0.041979727552898929 -0.014403088617805801 -0.053495230891559956 -0.0033495776760134235 -0.032307531222823885 0.0011163861507375503 0.001747034164685464 -0.026852734423585961 -0.039570589743279996 -0.0048287475819385672 -0.046758214117826206 -0.0044959326000926876 0.018156526636890741 -0.03849866311229494 0.041990786196353887 -0.05445145645425873 -0.037122339469713467 -0.0091289335587694965 -0.047551296331282425 0.070932769262350981
leaf_weight=115293.298124425 1346.4578301670263 5139.4203724178078 1286.736140276189 10407.205101779778 954.01585330325179 722.99151222291403 7479.6519343412947 178.00818624033127 4799.2380053553497 16797.031379665714 2500.6170442824077 1353.8733061430394 2597.1600553510652 8798.8454602833954 1538.1696105283772 5536.468722970385 1452.5471116998233 5193.7627438845811 908.79976561508374 4762.4727818779647 193.84641503402963 49084.982650509657 1194.5345653035329 322.71709080069559 544.28049725666642 994.86052145058056 2679.5183686163509 936.43533752276562 560.85952162626199 56.034533643280156
leaf_count=247984 27052 25809 34799 157883 44321 2055 17988 945 7494 51361 71819 15872 195458 76468 65366 78311 13924 145048 16367 71725 3539 351530 8798 5692 3079 52877 107099 12747 10000 538
internal_value=0 0.00750599 -0.00672105 -0.00567937 -0.00451496 -0.00564426 0.0111324 -0.00222203 -0.00264094 -0.0038725 -0.00618892 -0.0204352 -0.0418602 -0.012439 -0.0150785 -0.0108787 -0.00906353 -0.0134433 -0.00437648 -0.0103999 0.0121222 -0.00472851 0.000868751 0.00599678 0.0127266 -0.0314989 -0.0266422 0.0141169 -0.0120803 -0.0367322
internal_weight=255615 120755 134859 130976 125338 116904 8433.67 77761.6 77038.6 71109 54312 5049.02 3883.9 39142.6 30343.7 19936.5 18398.3 12861.9 7668.1 5671.27 5929.52 49263 2548.41 115616 1996.83 5637.73 4642.87 5735.67 1963.35 616.894
internal_count=1923948 279485 1644463 1414206 1216640 1154331 62309 526160 524105 500325 448964 96489 230257 628171 551703 393820 328454 250143 105095 88092 23780 352475 24670 253676 17003 197566 144689 20241 37590 10538
cat_boundaries=0 39 79 80 94 133 173 197 234 248 286 297
cat_threshold=0 0 4 0 4096 0 0 0 0 131072 0 0 0 0 0 0 0 0 0 0 0 0 0 96 0 0 0 0 0 0 0 0 0 41943040 0 0 0 0 2147483648 8192 0 0 0 0 0 0 0 0 0 8388608 0 0 0 0 0 0 0 0 0 0 0 0 0 0 0 0 0 0 0 0 0 0 0 0 0 0 0 0 262144 568 0 0 0 0 0 8388608 0 0 0 0 0 0 0 256 0 0 0 0 0 0 0 0 0 0 0 0 0 0 0 0 0 0 0 0 0 0 0 128 0 0 0 0 0 0 0 0 0 1073741824 0 0 1 0 33280 0 0 0 0 0 0 0 0 0 0 0 0 0 0 0 0 0 0 0 0 0 0 0 0 0 0 0 0 0 0 0 0 0 0 512 512 0 1 0 262144 0 0 0 0 0 0 0 0 0 131072 8388608 0 0 0 0 0 0 0 0 0 0 0 0 32 32 0 0 0 0 0 0 0 0 0 0 0 0 0 0 0 0 0 0 0 0 0 0 0 0 0 0 0 0 0 0 0 0 0 0 0 1073741824 0 0 0 0 0 0 0 0 0 0 0 0 0 128 0 0 0 0 0 0 0 0 0 0 0 0 0 0 0 0 0 0 0 0 0 0 0 0 0 0 0 0 0 0 0 0 0 0 0 0 0 8193 0 0 4 0 4096 0 0 0 0 131072 8388608
is_linear=0
shrinkage=0.05


Tree=31
num_leaves=31
num_cat=9
split_feature=160 223 170 196 165 176 216 160 166 161 164 180 211 160 160 173 176 176 160 173 222 173 222 166 214 209 209 173 223 164
split_gain=4672.35 1846.29 1459.47 1435.39 1291.5 723.674 643.346 556.909 534.409 531.655 477.009 464.542 418.34 402.401 360.171 332.025 324.769 310.099 533.594 330.924 309.137 259.375 248.478 860.798 233.923 227.234 267.249 316.655 226.392 226.29
threshold=0 1.0000000180025095e-35 1.0000000180025095e-35 1 75.000000000000014 1.0000000180025095e-35 1.0000000180025095e-35 2 175.00000000000003 3 4 1.0000000180025095e-35 7.5000000000000009 5 6 8.5000000000000018 1.0000000180025095e-35 1.0000000180025095e-35 7 10.500000000000002 1.0000000180025095e-35 8.5000000000000018 1.0000000180025095e-35 175.00000000000003 165.00000000000003 2.5000000000000004 1.0000000180025095e-35 15.500000000000002 1.0000000180025095e-35 8
decision_type=9 2 2 1 2 2 2 9 2 9 9 2 2 9 9 2 2 2 9 2 2 2 2 2 2 2 2 2 2 9
left_child=4 2 3 9 25 22 10 8 -5 -2 -4 12 14 21 16 -12 -11 -16 19 -19 -7 -3 -6 -24 29 26 28 -28 -1 -9
right_child=1 13 6 7 5 20 -8 24 -10 11 15 -13 -14 -15 17 -17 -18 18 -20 -21 -22 -23 23 -25 -26 -27 27 -29 -30 -31
leaf_value=0.0060259432264613234 0.040711558559085259 -0.035911998913436147 0.013100140955877216 -0.041685022199021093 0.043908687331219824 0.00035265950974175311 -0.027063261307393633 -0.02647278199477749 0.019994031024597694 -0.035690381235570653 -0.02799501428966325 0.0038299513096272195 0.0077218689117368377 -0.051331333434898818 -0.0032853490427101513 0.014525121295469894 -0.0073135212758789958 -0.012067412117269229 -0.002379539016654165 -0.037168406376078399 0.028659590105383423 0.01462201581664687 0.034793466758294478 -0.060173497306581114 0.055787853296171266 0.029417948753543133 -0.010884922751276359 0.024967094292443891 -0.036814389137781921 -0.01211553573117497
leaf_weight=103655.63794023427 679.76210312044714 593.59210013109259 15199.009208522795 2933.0364042692818 3624.07058344502 3095.3889262888115 1249.8813827128033 2966.4217480146763 398.53026232490083 2045.5955913719081 1291.1768112631398 16577.970869539771 5083.6097035892308 2686.2855092905957 28982.76832631258 711.73238543013576 1989.5968000753783 2619.9700329978368 5560.1592846748244 2634.8296447568573 1400.8251342086587 442.91487365268404 1795.6825469518953 274.67262251349166 122.88736096117646 989.29008470661938 4372.7459659420419 716.29336060397327 308.78331806865754 38311.654379691332
leaf_count=214170 2031 12911 43367 120683 11928 11120 59743 117490 8852 38895 18258 51361 20208 211637 172650 8989 32998 24377 53178 71542 5829 5709 11815 1981 205 1669 13732 1549 5692 569379
internal_value=0 -0.00645424 -0.00545552 -0.0076218 0.00714387 0.024173 0.00756475 -0.0145391 -0.0342008 -0.00294304 0.0100818 -0.00340266 -0.00585462 -0.0411681 -0.00742937 -0.0128192 -0.0216491 -0.00598027 -0.0132069 -0.0246099 0.00917519 -0.0141799 0.0360123 0.0221804 -0.0129485 0.00556737 0.00535083 -0.00583573 0.00589848 -0.0131571
internal_weight=253315 133081 129359 110907 120233 10190.6 18451.8 44732.5 3331.57 66174.3 17201.9 65494.5 48916.5 3722.79 43832.9 2002.91 4035.19 39797.7 10815 5254.8 4496.21 1036.51 5694.43 2070.36 41401 110043 109053 5089.04 103964 41278.1
internal_count=1923948 1644463 1414206 1283849 279485 42673 130357 816609 129535 467240 70614 465209 413848 230257 393640 27247 71893 321747 149097 95919 16949 18620 25724 13796 687074 236812 235143 15281 219862 686869
cat_boundaries=0 39 40 51 57 81 119 159 198 209
cat_threshold=0 0 4 0 4096 0 0 0 0 131072 0 0 0 0 0 0 0 0 0 0 0 0 0 96 0 0 0 0 0 0 0 0 0 41943040 0 0 0 0 2147483648 3075 8192 0 0 0 0 0 0 0 0 0 8388608 0 0 0 0 0 8388608 0 0 0 0 0 0 0 0 0 0 8388608 0 0 0 0 0 0 0 0 0 0 0 0 224 0 0 0 0 0 0 0 0 0 0 0 0 0 0 0 0 0 0 0 0 0 0 0 0 0 0 0 0 0 0 0 0 0 0 512 512 0 1 0 0 0 0 0 0 0 0 0 0 0 0 0 0 0 0 0 0 0 0 0 0 0 0 0 0 0 0 0 0 0 0 0 0 0 0 0 8192 0 262144 0 0 0 0 0 0 0 0 0 0 0 0 0 0 0 0 0 0 0 0 0 0 0 0 0 0 0 0 0 0 0 0 0 0 0 0 1 0 33280 0 0 0 0 4096 0 0 0 0 131072 8388608
is_linear=0
shrinkage=0.05


Tree=32
num_leaves=31
num_cat=13
split_feature=160 170 196 165 160 176 176 173 166 161 173 160 160 176 173 160 164 167 194 164 196 222 195 160 196 167 214 222 165 164
split_gain=4378.81 1577.52 1351.38 1179.11 769.34 719.193 607.995 722.22 515.338 473.795 443.685 1239.86 828.16 625.139 373.706 419.308 359.762 414.44 619.5 356.543 329.315 286.054 284.915 256.329 230.907 473.891 264.466 218.43 666.43 215.489
threshold=0 1.0000000180025095e-35 1 75.000000000000014 2 1.0000000180025095e-35 1.0000000180025095e-35 14.500000000000002 175.00000000000003 3 6.5000000000000009 4 5 1.0000000180025095e-35 12.500000000000002 6 7 1.0000000180025095e-35 1.0000000180025095e-35 8 9 1.0000000180025095e-35 1.0000000180025095e-35 10 11 1.0000000180025095e-35 135.00000000000003 1.0000000180025095e-35 175.00000000000003 12
decision_type=9 2 1 2 9 2 2 2 2 9 2 9 9 2 2 9 9 2 2 9 1 2 2 9 1 2 2 2 2 9
left_child=3 2 6 -1 8 27 7 -2 -4 -9 11 19 13 29 24 -16 17 23 -19 -6 -13 -7 -15 -3 25 26 -14 -5 -29 -12
right_child=1 16 4 5 10 21 -8 9 -10 -11 12 20 14 22 15 -17 -18 18 -20 -21 -22 -23 -24 -25 -26 -27 -28 28 -30 -31
leaf_value=0.0054448804212999767 -0.017558944135969 0.022038207663405193 -0.037189847478648827 0.04319997683991797 -0.044603414480214633 0.00011798403865296447 0.0050162599831291461 0.036551391013721846 0.023706877216129497 -0.015031198044550213 -0.044535613087615188 -0.011390692085808261 -0.031528371400972317 0.010415806456004846 -0.042344242838707885 -0.019148926990162272 -0.0052769560199016786 -0.037033002987986501 0.010624563016895886 0.0070043974553434321 -0.03007845010486589 0.027641463483867076 -0.058567507113775709 0.0063334980718106892 -0.011012350538480278 0.026276219454673833 0.060682580811509991 0.033039146701027637 -0.056841871113685438 -0.01083241242594607
leaf_weight=109436.4964454865 7229.5954558865924 6557.9731130907312 4099.4626305270649 3477.0696647474542 333.63645306881517 3081.5608023861423 21665.044130844995 1171.8142537445528 379.13726041396149 709.17375150919543 520.24176065072243 7609.2282636763703 3654.6998610554438 6427.3564839134488 2321.7067050711776 12615.189528750256 4327.5550557714305 1010.9336150593008 2092.2533375532366 12460.614638357234 3440.7188873714767 1360.6704271384515 152.73893318977207 4346.8866692560259 23283.356597924532 422.42174122366123 78.965564623475075 1727.4378974944993 233.68781741091516 4803.0543020591722
leaf_count=236812 50116 12504 175052 11928 12654 11120 74991 3762 8852 9576 20846 64920 71262 74118 125369 322538 43238 53894 4572 63495 53097 5829 9737 16149 309954 3601 170 11882 1914 59996
internal_value=0 -0.00628497 -0.00848599 0.00693792 -0.0118172 0.0234803 0.000458643 -0.010378 -0.0319601 0.0172165 -0.0106583 -0.00497399 -0.0131571 -0.00149471 -0.0164286 -0.0227971 0.00732115 0.0112093 -0.00490283 0.00562276 -0.0172331 0.00855181 0.00880946 0.0158051 -0.0129673 -0.0238319 -0.0295689 0.0356719 0.0223146 -0.014235
internal_weight=251031 131714 113378 119317 82602.5 9880.43 30775.6 9110.58 4478.6 1880.99 78123.9 23844.2 54279.7 11903.4 42376.3 14936.9 18335.6 14008 3103.19 12794.3 11049.9 4442.23 6580.1 10904.9 27439.4 4156.09 3733.67 5438.2 1961.13 5323.3
internal_count=1923948 1644463 1514106 279485 1375661 42673 138445 63454 183904 13338 1191757 194166 997591 164697 832894 447907 130357 87119 58466 76149 118017 16949 83855 28653 384987 75033 71432 25724 13796 80842
cat_boundaries=0 39 40 80 114 153 190 229 253 264 265 289 290 314
cat_threshold=0 0 4 0 4096 0 0 0 0 131072 0 0 0 0 0 0 0 0 0 0 0 0 0 96 0 0 0 0 0 0 0 0 0 41943040 0 0 0 0 2147483648 2050 8192 0 0 0 0 0 0 0 0 0 8388608 0 0 0 0 0 0 0 0 0 0 0 0 0 0 0 0 0 0 0 0 0 0 0 0 0 0 0 0 262144 0 0 0 0 0 8388608 0 0 0 0 0 0 0 0 0 0 0 0 0 0 0 0 0 0 0 0 0 0 0 0 0 0 0 32768 524288 0 0 0 0 0 0 0 0 0 0 0 0 0 0 0 0 0 0 0 0 0 0 128 0 0 0 0 0 0 0 0 0 1073741824 0 0 0 1 33280 32 0 0 0 0 0 0 0 0 0 0 0 0 0 0 0 0 0 0 0 0 0 0 0 0 0 0 0 0 0 0 0 0 0 512 512 1073741824 0 0 0 0 0 0 0 0 0 0 0 0 0 0 0 0 0 0 0 0 0 0 0 0 0 0 0 0 0 0 0 0 0 0 0 0 0 0 33280 0 0 0 0 0 0 0 0 0 0 8388608 0 0 0 0 0 0 0 0 0 0 0 0 192 0 0 4 0 4096 0 0 0 0 131072 8388608 1041 32 0 0 0 0 0 0 0 0 0 0 0 0 0 0 0 0 0 0 0 0 0 0 128 576 0 0 4 0 0 0 0 0 0 131072 8388608 0 0 0 0 0 0 0 0 0 0 0 0 32
is_linear=0
shrinkage=0.05


Tree=33
num_leaves=31
num_cat=12
split_feature=160 169 223 160 190 167 159 161 160 181 170 160 164 222 222 162 176 165 211 176 164 160 164 169 167 176 164 163 167 160
split_gain=4084.04 2091.65 1634.35 1151.27 813.377 1296.33 897.159 474.438 401.174 340.665 300.175 1143.57 634.206 564.301 365.987 459.975 745.343 285.753 285.561 277.1 270.563 254.909 252.209 250.581 281.258 293.826 479.083 447.809 257.088 237.125
threshold=0 1.0000000180025095e-35 1.0000000180025095e-35 1 1.0000000180025095e-35 1.0000000180025095e-35 2 3 4 185.00000000000003 1.0000000180025095e-35 5 6 1.0000000180025095e-35 1.0000000180025095e-35 4.5000000000000009 1.0000000180025095e-35 55.000000000000007 7.5000000000000009 1.0000000180025095e-35 7 8 9 1.0000000180025095e-35 1.5000000000000002 1.0000000180025095e-35 10 4.5000000000000009 2.5000000000000004 11
decision_type=9 2 2 9 2 2 1 9 9 2 2 9 9 2 2 2 2 2 2 2 9 9 9 2 2 2 9 2 2 9
left_child=1 10 3 22 6 19 20 -8 -4 18 12 -12 13 17 15 29 -17 -1 21 -6 -5 -9 -2 24 25 27 -27 -22 -26 -14
right_child=2 -3 8 4 5 -7 7 9 -10 -11 11 -13 14 -15 -16 16 -18 -19 -20 -21 23 -23 -24 -25 28 26 -28 -29 -30 -31
leaf_value=0.048771481275008327 -0.048561556537872315 0.039344235243514797 -0.016455241572348348 -0.032822641276877063 0.0013474858273511609 -0.047936588253241749 0.039478638925910935 -0.011451635247779588 -0.052504730466857587 0.010771921712680915 0.020126032678528926 -0.02626933979361807 0.0092488249478868672 0.029331844861414116 -0.051038063053637277 0.05223792090979406 -0.0016605071777465248 -0.014669024966273064 0.0072071923001017632 0.019989310673944265 -0.0084226965718141224 -0.0034055556757167983 -0.022411451155261726 -0.0035895214729365858 0.052875727742781535 0.0010620183587762293 -0.03270122124704599 -0.032905196592880798 -0.061112752467367928 0.0035568625905078284
leaf_weight=181.25528105837293 1239.4077807764988 4565.2422271817923 1205.8634670131723 1647.0104938470613 2871.5623421184719 918.22810149300494 645.83049682714045 12499.550738459511 2305.9216895212594 4077.565901602502 8717.7009289840935 1558.2267981793266 23697.450091034931 867.60190549399704 287.83841474878136 1330.772057189839 1237.4211983648129 7560.358166736376 5107.7422030870221 6523.0425622565672 13786.433239944483 46373.608677629047 3902.8586090365425 6783.1517148051062 264.13024174387101 1378.4489393032854 4491.9105395716324 2160.3566469996003 60.358137274160981 80484.730602605734
leaf_count=808 73809 25809 34799 85419 14835 60418 2055 153159 195458 12036 17338 6944 55297 2119 2751 3350 2907 90298 20208 18586 163270 302220 123757 48999 1222 22866 143475 69316 1446 168974
internal_value=0 0.00609866 -0.0067302 -0.00570218 -0.00461507 0.00874892 -0.00600388 -0.00283139 -0.0403281 -0.00323899 0.00489366 0.0130833 0.00416587 -0.00888346 0.00521587 0.00536833 0.0262711 -0.01318 -0.00413258 0.0142921 -0.0131279 -0.00511654 -0.0288013 -0.0119948 -0.0145748 -0.0152625 -0.0248267 -0.0117407 0.0315959 0.00485288
internal_weight=248732 130489 118243 114731 109589 10312.8 99276.1 68704.3 3511.79 68058.5 125923 10275.9 115647 8609.22 107038 106750 2568.19 7741.61 63980.9 9394.6 30571.8 58873.2 5142.27 28924.8 22141.6 21817.1 5870.36 15946.8 324.488 104182
internal_count=1923948 376595 1547353 1317096 1119530 93839 1025691 489678 230257 487623 350786 24282 326504 93225 233279 230528 6257 91106 475587 33421 536013 455379 197566 450594 401595 398927 166341 232586 2668 224271
cat_boundaries=0 39 79 80 94 134 158 182 193 232 256 280 319
cat_threshold=0 0 4 0 4096 0 0 0 0 131072 0 0 0 0 0 0 0 0 0 0 0 0 0 224 0 0 0 0 0 0 0 0 0 41943040 0 0 0 0 2147483648 8192 0 0 0 0 0 0 0 0 0 8388608 0 0 0 0 0 0 0 0 0 0 0 0 0 0 0 0 0 0 0 0 0 0 0 0 0 0 0 0 262144 20736 0 0 0 0 0 8388608 0 0 0 0 0 0 0 256 0 0 0 0 0 0 0 0 0 0 0 0 0 0 0 0 0 0 0 0 0 0 0 0 0 0 0 0 0 0 0 0 0 0 512 512 0 1 0 262144 0 0 4 0 0 0 0 0 0 0 0 0 0 0 0 0 0 0 0 0 0 0 0 128 0 0 4 0 0 0 0 0 0 0 0 0 0 0 0 0 0 0 0 0 0 0 0 64 0 0 0 0 0 0 0 0 0 131072 8388608 0 0 0 0 0 0 0 0 0 0 0 0 0 0 0 0 0 0 0 0 0 0 0 0 0 0 0 0 0 0 0 0 0 0 0 0 1073741824 8192 512 0 0 0 0 0 0 0 0 0 0 0 0 0 0 0 0 0 0 0 0 0 0 0 224 0 0 4 0 0 0 0 0 0 0 0 0 0 0 0 0 0 0 0 0 0 0 0 64 0 0 0 0 0 0 0 0 0 0 0 0 0 0 0 0 0 0 0 0 0 0 0 64 0 0 0 0 0 0 0 0 0 8388608 0 0 0 0 2147483648
is_linear=0
shrinkage=0.05


Tree=34
num_leaves=31
num_cat=10
split_feature=160 169 223 160 195 196 164 161 160 180 211 169 173 170 160 173 164 173 222 166 165 164 222 167 173 176 160 173 182 223
split_gain=3808.38 1927.92 1519.63 1061.61 830.775 784.582 589.672 412.297 381.26 346.776 330.323 314.465 348.96 297.584 829.383 656.121 549.878 892.601 850.057 459.791 353.833 334.321 384.398 323.028 314.585 278.506 714.307 307.217 375.542 275.828
threshold=0 1.0000000180025095e-35 1.0000000180025095e-35 1 1.0000000180025095e-35 2 3 4 5 1.0000000180025095e-35 7.5000000000000009 1.0000000180025095e-35 7.5000000000000009 1.0000000180025095e-35 6 2.5000000000000004 7 6.5000000000000009 1.0000000180025095e-35 75.000000000000014 75.000000000000014 8 1.0000000180025095e-35 1.0000000180025095e-35 1.5000000000000002 1.0000000180025095e-35 9 22.500000000000004 1.0000000180025095e-35 1.0000000180025095e-35
decision_type=9 2 2 9 2 1 9 9 9 2 2 2 2 2 9 2 9 2 2 2 2 9 2 2 2 2 9 2 2 2
left_child=1 13 3 -2 5 7 -6 -5 -4 10 -9 12 -7 16 15 24 17 -1 20 -17 -19 22 -18 25 -15 29 -27 -28 -29 -23
right_child=2 -3 8 4 6 11 -8 9 -10 -11 -12 -13 -14 14 -16 19 21 18 -20 -21 -22 23 -24 -25 -26 26 27 28 -30 -31
leaf_value=0.018932619512923455 -0.028017600989400482 0.038577796153107427 -0.012790661785814034 0.038272895827025415 0.014512460263903446 -0.021665335174577974 -0.039480349782418565 -0.0064391080503413203 -0.050307134311684723 0.0035354538835999879 0.0070411259187516595 -0.0030839416095568405 -0.010042694038713751 0.041602520872405756 -0.021996131436518549 0.037540818326194179 0.011485218718777557 0.023726272353907701 0.029926861496862623 0.012972762003702204 -0.028386363930547467 0.0059280615008179055 -0.047800576733436975 0.032909595591834297 -0.068510496349635394 -0.026248369716157807 8.4029872150217881e-05 0.02090192049996532 -0.03626137181388607 -0.046409101854815983
leaf_weight=2229.1082056963351 5017.8571359269845 4364.2296460220823 977.50811309937853 607.55870167096145 7539.4601000556722 9826.0284923295549 532.40201872517355 41429.856436347443 2393.2578569488687 16188.090859824209 5103.6186503264471 8519.6550419535488 18854.627010360258 82.133564054965973 1442.5567064590286 2984.0590411592275 20619.316301824641 347.56154684349895 807.32054134411737 5267.3214728916064 5080.9227904304571 50376.411414435715 276.57329657126684 931.84061488788575 302.12507621198893 2429.6717757236329 28042.108327937778 3197.9601910156198 315.16335508320481 252.49232515855692
leaf_count=8026 197566 25809 18620 2031 27743 157883 34566 355450 211637 51361 20208 76468 393820 419 6944 4569 37685 2205 2038 11631 80956 104183 2751 1167 719 14095 62823 5178 613 4784
internal_value=0 0.00591221 -0.00653673 -0.00555561 -0.0045146 -0.00575424 0.0109174 -0.00236711 -0.0396197 -0.00276719 -0.00496048 -0.0115165 -0.0140251 0.00477188 0.01301 0.0188628 0.00404923 -0.00820987 -0.0179272 0.02186 -0.025047 0.00502453 0.010694 0.00363846 -0.0449379 0.00331628 -0.000184831 0.00182996 0.0157679 0.0056665
internal_weight=246339 129349 116990 113619 108601 100529 8071.86 63329.1 3370.77 62721.6 46533.5 37200.3 28680.7 124985 10078.2 8635.64 114906 8464.91 6235.8 8251.38 5428.48 106442 20895.9 85545.6 384.259 84613.8 33984.9 31555.2 3513.12 50628.9
internal_count=1923948 376595 1547353 1317096 1119530 1057221 62309 429050 230257 427019 375658 628171 551703 350786 24282 17338 326504 93225 85199 16200 83161 233279 40436 192843 1138 191676 82709 68614 5791 108967
cat_boundaries=0 39 79 80 104 110 148 172 196 220 254
cat_threshold=0 0 4 0 4096 0 0 0 0 131072 0 0 0 0 0 0 0 0 0 0 0 0 0 224 0 0 0 0 0 0 0 0 0 41943040 0 0 0 0 2147483648 8192 0 0 0 0 0 0 0 0 0 8388608 0 0 0 0 0 0 0 0 0 0 0 0 0 0 0 0 0 0 0 0 0 0 0 0 0 0 0 0 262144 3075 0 0 0 0 4096 0 0 0 0 0 0 0 0 0 0 0 0 0 0 0 0 0 0 128 0 0 0 0 0 8388608 0 0 0 0 0 0 0 0 0 0 0 0 0 0 0 0 0 0 0 0 0 0 0 0 0 0 0 0 0 0 0 0 0 0 512 512 0 1 0 0 4 0 0 0 0 0 0 0 0 0 0 0 0 0 0 0 0 0 0 0 0 128 0 0 4 0 0 0 0 0 0 0 0 0 0 0 0 0 0 0 0 0 0 0 0 64 0 0 0 0 4096 0 0 0 0 0 0 0 0 0 0 0 0 0 0 0 0 0 0 32 0 0 0 0 4096 0 0 0 0 0 0 0 0 0 0 0 0 0 0 0 0 0 0 0 0 0 0 0 0 0 0 0 0 8388608
is_linear=0
shrinkage=0.05


Tree=35
num_leaves=31
num_cat=7
split_feature=160 169 223 160 195 196 163 161 160 170 160 185 173 173 166 169 173 160 180 211 173 176 167 195 176 176 181 214 173 193
split_gain=3775.99 1750.17 1418.2 988.885 815.734 725.642 566.358 383.324 364.316 314.115 639.524 493.351 801.914 356.66 403.111 296.654 313.483 314.615 286.795 314.671 274.215 296.008 392.857 272.061 255.967 236.028 231.395 229.505 220.473 212.898
threshold=0 1.0000000180025095e-35 1.0000000180025095e-35 1 1.0000000180025095e-35 2 4.5000000000000009 3 4 1.0000000180025095e-35 5 1.0000000180025095e-35 6.5000000000000009 2.5000000000000004 75.000000000000014 1.0000000180025095e-35 9.5000000000000018 6 1.0000000180025095e-35 7.5000000000000009 19.500000000000004 1.0000000180025095e-35 1.0000000180025095e-35 1.0000000180025095e-35 1.0000000180025095e-35 1.0000000180025095e-35 55.000000000000007 165.00000000000003 22.500000000000004 1.0000000180025095e-35
decision_type=9 2 2 9 2 1 2 9 9 2 9 2 2 2 2 2 2 9 2 2 2 2 2 2 2 2 2 2 2 2
left_child=1 9 3 23 5 7 -6 -5 -4 11 13 29 -13 -11 -15 16 -7 -18 19 -9 21 22 -14 -2 -8 -21 -20 -19 -16 -1
right_child=2 -3 8 4 6 15 24 18 -10 10 -12 12 20 14 28 -17 17 27 26 25 -22 -23 -24 -25 -26 -27 -28 -29 -30 -31
leaf_value=0.0047958502933414405 -0.022186375859061979 0.037761352196262365 -0.051450079608568448 0.037368948398270145 0.016402489752809019 -0.018954952003080693 -0.0059852606896385122 -0.006384642548067046 -0.016191475737971438 -0.035349067062286292 -0.018330533595300177 0.017793583059634036 -0.034970244045074921 0.035575857693398563 0.014640464518097616 -0.0032040447382385181 0.00208694556703275 -0.014609987913252166 0.012544006770301933 -0.011516450131735613 -0.052278018995102198 0.0021155972674213315 0.020345255206070303 -0.053375370816943671 -0.056519826143670716 0.013054974806791462 -0.00087790083312930907 0.070079657699945938 -0.032547981808135555 0.044725691431110604
leaf_weight=107020.01875616075 4070.7924574127246 4177.2056831114169 2093.80812501537 585.19364204443991 6790.0931640621275 14578.257817503392 867.39501000696328 41203.391049208127 1173.9456269535076 295.35926451906562 1357.7722664807225 1908.3738411962986 2092.4163158162264 2880.2184869379271 5007.3088667169213 8525.3444687923475 4691.8974248485174 9039.9337925059517 4429.628825885593 1313.8315073391423 602.07723034935771 1425.7250969144516 378.66697510064114 844.66408210305963 352.11869111971464 3810.0828845626675 11668.444744447013 80.204768569208682 259.87496215058491 334.40563334245235
leaf_count=239640 144689 25809 195458 2031 15223 245377 21662 355450 34799 1138 6944 7334 34676 4569 9274 76468 79838 226365 13214 10562 20791 19032 4057 52877 25424 9646 38147 123 2357 974
internal_value=0 0.00593184 -0.0065254 -0.00558553 -0.00458458 -0.00581568 0.0107674 -0.00255262 -0.0389963 0.00485608 0.0134452 0.00411604 -0.00936116 0.0185565 0.0205361 -0.0113813 -0.0138406 -0.0084417 -0.00293315 -0.00493141 -0.0208817 -0.0160234 -0.0264893 -0.0274958 -0.0205977 0.00675309 0.0028153 -0.0138457 0.0123084 0.00492048
internal_weight=243858 127739 116119 112851 107936 99926.2 8009.61 63010.6 3267.75 123562 9800.53 113762 6407.26 8442.76 8147.4 36915.6 28390.3 13812 62425.4 46327.3 4498.89 3896.81 2471.08 4915.46 1219.51 5123.91 16098.1 9120.14 5267.18 107354
internal_count=1923948 376595 1547353 1317096 1119530 1057221 62309 429050 230257 350786 24282 326504 85890 17338 16200 628171 551703 306326 427019 375658 78556 57765 38733 197566 47086 20208 51361 226488 11631 240614
cat_boundaries=0 39 79 80 86 125 149 186
cat_threshold=0 0 4 0 4096 0 0 0 0 131072 0 0 0 0 0 0 0 0 0 0 0 0 0 224 0 0 0 0 0 0 0 0 0 41943040 0 0 0 0 2147483648 8192 0 0 0 0 0 0 0 0 0 8388608 0 0 0 0 0 0 0 0 0 0 0 0 0 0 0 0 0 0 0 0 0 0 0 0 0 0 0 0 262144 3075 0 0 0 0 0 8388608 0 0 0 0 0 0 0 0 0 0 0 0 0 0 0 0 0 0 0 0 0 0 0 0 0 0 0 0 0 0 0 0 0 1073741824 0 0 1 0 33280 0 0 4 0 0 0 0 0 0 0 0 0 0 0 0 0 0 0 0 0 0 0 0 128 32 0 0 0 0 0 0 0 0 0 0 0 0 0 0 0 0 0 0 0 0 0 0 0 0 0 0 0 0 0 0 0 0 0 0 0 1073741824
is_linear=0
shrinkage=0.05


Tree=36
num_leaves=31
num_cat=6
split_feature=160 169 160 195 196 176 174 163 174 197 164 170 160 185 174 164 222 165 174 174 191 190 176 174 176 167 195 167 174 209
split_gain=3534.85 1618.56 904.227 846.364 679.765 518.887 575.876 494.398 441.512 419.903 307.394 304.645 571.521 492.389 628.933 327.507 338.898 280.751 280.227 280.766 282.286 247.75 245.954 237.351 300.989 330.485 232.444 226.711 215.148 211.43
threshold=0 1.0000000180025095e-35 1 1.0000000180025095e-35 2 1.0000000180025095e-35 290.00000000000006 4.5000000000000009 130.00000000000003 1.0000000180025095e-35 3 1.0000000180025095e-35 4 1.0000000180025095e-35 130.00000000000003 5 1.0000000180025095e-35 75.000000000000014 290.00000000000006 50.000000000000007 1.0000000180025095e-35 1.0000000180025095e-35 1.0000000180025095e-35 390.00000000000006 1.0000000180025095e-35 1.0000000180025095e-35 1.0000000180025095e-35 1.0000000180025095e-35 30.000000000000004 1.5000000000000002
decision_type=9 2 9 2 1 2 2 2 2 2 9 2 9 2 2 9 2 2 2 2 2 2 2 2 2 2 2 2 2 2
left_child=1 11 8 4 5 6 -4 -5 21 -8 -6 13 18 15 -15 16 -1 -16 19 28 -21 -2 -9 24 25 -19 -10 29 -13 -17
right_child=2 -3 3 7 10 -7 9 22 26 -11 -12 12 -14 14 17 27 -18 23 -20 20 -22 -23 -24 -25 -26 -27 -28 -29 -30 -31
leaf_value=0.011119544950759805 -0.0019753601453606938 0.036967745383492102 -0.017040200156433535 0.015839983003679663 -0.031900747971610688 0.0040649977530187818 -0.030602349599626134 -0.0050855021549871355 -0.024753248532055915 0.028202884148757726 -0.0087092874748510279 0.041766010815290799 -0.017221662589289078 0.014496664942959515 0.023006633776360995 0.002693178488119004 -0.045612262780734075 -0.037893427497054648 -0.0011631527923032872 0.016414634259554126 0.037888707217066164 -0.05749552557980675 -0.056053864724523131 -0.054140325409503622 0.00092833306872741486 0.014936064275025449 -0.054374490071409098 0.025965478453615493 -0.054585093796287967 0.017602124467443771
leaf_weight=20438.006237577065 3052.7190066943294 3999.1649348295468 6841.766184655542 6761.2319670161232 1454.736871601388 21284.870148036338 390.18061156841577 856.00418425654061 6084.7506692035677 1360.733248262899 63599.380510566873 81.218493312597275 1327.9677555337548 1885.6760820166674 348.78543902887031 84721.502440073644 266.16090309165884 1914.7114039547741 1548.1320437879767 4064.2787587310886 2457.0443685459904 214.61536382965278 326.86426477250643 553.18911282724002 1237.6182970247464 349.72774799726903 743.64412468951195 1098.4306389400735 198.70739370770752 2446.3528166878968
leaf_count=37685 34723 25809 50116 15223 71268 74991 7478 21662 237050 5860 925254 419 6944 7334 2200 213427 2751 34030 5819 6547 3834 9840 25424 20571 17806 3949 48591 1984 719 4640
internal_value=0 0.00565731 -0.00645673 -0.00505396 -0.00636641 -0.000121408 -0.0104919 0.0106223 -0.0207304 0.0150906 -0.00923303 0.00465535 0.0131762 0.00393984 -0.00966205 0.00472502 0.0103839 -0.0200077 0.0180114 0.022403 0.0245085 -0.00563198 -0.0191916 -0.0237109 -0.0188958 -0.0297306 -0.0279836 0.00339597 -0.0265871 0.00311175
internal_weight=241908 128937 112971 102876 94931.7 29877.6 8592.68 7944.1 10095.7 1750.91 65054.1 124938 9677.35 115260 6289.71 108970 20704.2 4404.03 8349.38 6801.25 6521.32 3267.33 1182.87 4055.25 3502.06 2264.44 6828.39 88266.3 279.926 87167.9
internal_count=1923948 396468 1527480 1197276 1134967 138445 63454 62309 330204 13338 996522 370659 24282 346377 85890 260487 40436 78556 17338 11519 10381 44563 47086 76356 55785 37979 285641 220051 1138 218067
cat_boundaries=0 39 79 80 91 115 139
cat_threshold=0 0 4 0 4096 0 0 0 0 131072 0 0 0 0 0 0 0 0 0 0 0 0 0 224 0 0 0 0 0 0 0 0 0 41943040 0 512 0 0 2147483648 8192 0 0 0 0 0 0 0 0 0 8388608 0 0 0 0 0 0 0 0 0 0 0 0 0 0 0 0 0 0 0 0 0 0 0 0 0 0 0 512 262144 2050 0 0 0 0 0 0 0 0 0 131072 8388608 0 0 4 0 0 0 0 0 0 0 0 0 0 0 0 0 0 0 0 0 0 0 0 128 0 0 0 0 4096 0 0 0 0 0 0 0 0 0 0 0 0 0 0 0 0 0 0 32
is_linear=0
shrinkage=0.05


Tree=37
num_leaves=31
num_cat=10
split_feature=160 169 223 170 196 216 161 160 160 166 176 194 181 211 160 176 160 169 188 191 214 176 173 161 167 176 170 160 173 160
split_gain=3427.52 1424.83 1376.54 1148.85 1077.37 500.857 352.608 340.273 326.165 512.55 297.581 343.103 233.061 228.772 367.585 272.11 210.807 210.613 211.56 207.078 199.051 193.512 192.46 191.482 190.952 169.765 164.722 604.747 299.402 190.167
threshold=0 1.0000000180025095e-35 1.0000000180025095e-35 1.0000000180025095e-35 1 1.0000000180025095e-35 2 3 4 175.00000000000003 1.0000000180025095e-35 1.0000000180025095e-35 225.00000000000003 7.5000000000000009 5 1.0000000180025095e-35 6 1.0000000180025095e-35 1.0000000180025095e-35 1.0000000180025095e-35 135.00000000000003 1.0000000180025095e-35 8.5000000000000018 7 1.5000000000000002 1.0000000180025095e-35 1.0000000180025095e-35 8 2.5000000000000004 9
decision_type=9 2 2 2 1 2 9 9 9 2 2 2 2 2 9 2 9 2 2 2 2 2 2 9 2 2 2 9 2 9
left_child=1 26 3 4 6 10 -2 22 9 -6 11 -5 13 14 15 -8 -12 18 19 20 24 -15 25 -16 -10 -4 29 28 -28 -1
right_child=2 -3 7 5 8 -7 12 -9 17 -11 16 -13 -14 21 23 -17 -18 -19 -20 -21 -22 -23 -24 -25 -26 -27 27 -29 -30 -31
leaf_value=0.0083077333814065048 0.036387764439875014 0.036210495318660128 -0.042795493070633898 -0.0026322723986005724 -0.037836436452661 -0.025057998680583622 -0.033178882013878329 -0.050948732385117115 -0.013031979813005129 0.026287800566952419 0.030251410876344483 0.01492892097818535 0.010853137109161262 -0.010410059594141411 -0.055289961367412044 -0.0064043063505325459 0.0096980293214684148 -0.0044819446134896721 -0.035872676878398332 -0.04395252758576973 0.043356172863487329 0.012032958719624851 0.0049126058289388087 -0.0033961192450143 0.036794924934810389 0.061830554614102008 -0.027983139808544791 -0.0143687868431219 0.030896610806917614 0.0035401842909143022
leaf_weight=28669.54725532257 560.3289873925969 3837.3736463334935 574.64101459586527 6675.397444923874 2445.6679262480466 1143.3100378522067 1890.5470553426712 1977.8037906441023 29238.633129530856 356.66518869204447 2333.7417773087509 4766.8666757002939 2859.3541250814451 1283.3981144689023 167.99592370865867 1906.4677441826789 2741.3743641410256 7685.2851936146908 1042.0911086209817 529.12360393052222 158.68072434491478 3810.9339993498288 550.34801381328725 50852.583731039565 193.03504580096342 41.103207124338951 232.77841493859887 1270.9265739212278 2902.9740252231713 77573.779892747989
leaf_count=77212 2055 25809 15637 50067 120683 59743 38895 195458 516263 8852 3622 8770 8224 10562 1033 32998 8155 69684 44162 54636 677 9646 18539 363827 1652 623 1105 6944 5013 163402
internal_value=0 0.00625926 -0.0056971 -0.00485996 -0.00684486 0.00693847 -0.0027353 -0.038364 -0.0130898 -0.0295646 0.00915422 0.00468365 -0.00309064 -0.00375681 -0.00469875 -0.0196875 0.019231 -0.0118936 -0.013725 -0.012958 -0.0124029 0.00637752 -0.0164245 -0.00357843 -0.0127044 -0.0357587 0.00522091 0.0146935 0.0264361 0.00482789
internal_weight=240273 114487 125785 122641 104981 17660.7 63331.6 3143.9 41649.2 2802.33 16517.4 11442.3 62771.3 59911.9 54817.6 3797.01 5075.12 38846.8 31161.6 30119.5 29590.3 5094.33 1166.09 51020.6 29431.7 615.744 110650 4406.68 3135.75 106243
internal_count=1923948 279485 1644463 1414206 1283849 130357 467240 230257 816609 129535 70614 58837 465185 456961 436753 71893 11777 687074 617390 573228 518592 20208 34799 364860 517915 16260 253676 13062 6118 240614
cat_boundaries=0 39 40 54 94 105 145 146 160 163 202
cat_threshold=0 0 4 0 4096 0 0 0 0 131072 0 0 0 0 0 0 0 0 0 0 0 0 0 96 0 0 0 0 0 0 0 0 0 41943040 0 0 0 0 2147483648 3075 0 0 0 0 0 8388608 0 0 0 0 0 0 0 256 0 0 0 0 0 0 0 0 0 0 0 0 0 0 0 0 0 0 0 0 0 0 0 0 0 0 0 0 0 0 0 0 0 0 512 512 0 1 0 262144 8192 0 0 0 0 0 0 0 0 0 8388608 0 0 0 0 0 0 0 0 0 0 0 0 0 0 0 0 0 0 0 0 0 0 0 0 0 0 0 0 0 0 0 0 0 0 0 0 0 8192 0 262144 32 0 0 0 0 0 0 0 0 0 0 0 0 0 128 0 0 4 0 0 0 0 4096 0 0 0 0 0 0 0 0 0 0 0 0 0 0 0 0 0 0 64 0 0 0 0 0 0 0 0 0 8388608 0 0 0 0 2147483648
is_linear=0
shrinkage=0.05


Tree=38
num_leaves=31
num_cat=12
split_feature=160 169 223 170 196 160 180 161 160 164 164 167 194 174 174 170 160 164 222 176 160 174 182 160 174 174 174 174 160 174
split_gain=3131.37 1321.02 1254.12 1082.49 1021.27 354.642 316.859 361.798 284.048 501.41 279.878 332.639 539.284 250.839 229.995 188.45 517.152 268.737 293.125 243.105 570.42 365.455 312.664 288.888 587.896 731.083 525.709 372.089 360.903 297.164
threshold=0 1.0000000180025095e-35 1.0000000180025095e-35 1.0000000180025095e-35 1 2 1.0000000180025095e-35 3 4 5 6 1.0000000180025095e-35 1.0000000180025095e-35 190.00000000000003 170.00000000000003 1.0000000180025095e-35 7 8 1.0000000180025095e-35 1.0000000180025095e-35 9 410.00000000000006 1.0000000180025095e-35 10 230.00000000000003 250.00000000000003 230.00000000000003 190.00000000000003 11 130.00000000000003
decision_type=9 2 2 2 1 9 2 9 9 9 9 2 2 2 2 2 9 9 2 2 9 2 2 9 2 2 2 2 9 2
left_child=1 15 3 4 6 14 7 -2 9 -6 11 -5 -13 -12 -4 17 -17 18 -1 23 -21 22 -22 24 27 -26 -25 29 -28 -19
right_child=2 -3 5 10 8 -7 -8 -9 -10 -11 13 12 -14 -15 -16 16 -18 19 -20 20 21 -23 -24 26 25 -27 28 -29 -30 -31
leaf_value=0.010407236699439239 0.035668856056923791 0.035453924810037112 -0.032993662355952656 0.012893849354387752 0.019117733211094539 -0.04882268813331575 0.0035370458223477198 -0.0051278789784153823 -0.011621053640485402 -0.038028966699034474 -0.022257596403504352 -0.036083467096546161 0.0090245303126135334 0.012648509042558024 0.016514915998554952 0.026390990003666015 -0.011990336405077857 -0.011473389148740819 -0.043446791146576041 -0.024050996325722013 -0.0026223365635109582 0.012437419811739014 0.015565342087697824 0.011489263755281851 0.047155484643975058 0.0021263531943240843 0.025077208324676383 -0.026853871545103658 -0.007193137308198397 0.0060271067774039268
leaf_weight=20278.861009863438 539.58403114037355 3682.1610739930766 544.93580837955233 12269.826967722736 458.61017083126353 2070.3203951347532 15732.061887613381 46716.806944387674 38509.935482827394 2260.5512405725894 1433.1780475412379 980.88714582196553 2039.1174892517738 802.30954053315509 411.04894728673389 3025.2978384827729 1230.2922573750839 4497.8387494215276 255.34177070239093 2264.9125509907026 23546.872994857724 6514.008452601498 2626.0494025819935 26729.729286833666 1297.0357116833329 2953.5658541512676 979.5116977263242 1786.409821620211 6939.8820005147718 5263.7664388832636
leaf_count=37685 2055 25809 12911 36776 15836 211637 51361 413824 687074 113699 20732 57603 4572 10674 5709 6118 6944 13358 2751 14095 57700 12229 4396 49983 2411 7028 2043 4679 19733 12523
internal_value=0 0.00599502 -0.00547144 -0.0046814 -0.00661483 -0.0372639 -0.00260852 -0.00465511 -0.0127316 -0.0283524 0.00681569 0.00922898 -0.00562828 -0.00968433 -0.0115824 0.00501094 0.0153275 0.00459638 0.00973154 0.00336 0.000155261 0.00183983 -0.00079703 0.00558089 -2.47344e-05 0.0158717 0.0081346 -0.0058768 -0.00317723 -0.00203623
internal_weight=238641 113872 124769 121743 104218 3026.31 62988.5 47256.4 41229.1 2719.16 17525.3 15289.8 3020 2235.49 955.985 110189 4255.59 105934 20534.2 85399.6 34951.8 32686.9 26172.9 50447.7 15798.6 4250.6 34649.1 11548 7919.39 9761.61
internal_count=1923948 279485 1644463 1414206 1283849 230257 467240 415879 816609 129535 130357 98951 62175 31406 18620 253676 13062 240614 40436 200178 88420 74325 62096 111758 39999 9439 71759 30560 21776 25881
cat_boundaries=0 39 40 78 92 103 108 132 135 159 193 217 256
cat_threshold=0 0 4 0 4096 0 0 0 0 131072 0 0 0 0 0 0 0 0 0 0 0 0 0 96 0 0 0 0 0 0 0 0 0 41943040 0 0 0 0 2147483648 3075 0 0 0 0 0 0 0 0 0 0 0 0 0 0 0 0 0 0 0 0 0 0 0 0 0 0 0 0 0 0 0 0 0 0 512 512 0 1 0 0 0 0 0 8388608 0 0 0 0 0 0 0 256 8192 0 0 0 0 0 0 0 0 0 8388608 0 0 4 0 4096 0 0 0 0 0 0 0 0 0 0 8388608 0 0 0 0 0 0 0 0 0 0 0 0 224 0 0 4 0 0 0 0 4096 0 0 0 0 0 0 0 0 0 0 0 0 0 0 0 0 0 0 32 0 0 0 0 4096 0 0 0 0 0 0 0 0 0 0 0 0 0 0 0 0 0 0 0 0 0 0 0 0 0 0 0 0 8388608 0 0 0 0 0 0 0 0 0 131072 0 0 0 0 0 0 0 0 0 0 0 0 0 32 0 0 0 0 0 0 0 0 0 0 0 0 0 0 0 0 0 0 0 0 0 0 0 0 0 0 0 0 0 0 0 0 0 33554432 0 0 0 0 2147483648
is_linear=0
shrinkage=0.05


Tree=39
num_leaves=31
num_cat=11
split_feature=160 169 170 223 196 216 160 164 161 160 164 173 173 211 160 176 169 164 176 160 166 173 176 160 193 176 214 167 181 173
split_gain=3227.42 1182.66 1173.23 1009.44 912.156 420.993 357.39 329.671 291.227 270.754 473.223 260.165 213.842 209.91 392.89 257.146 192.445 420.066 190.693 205.518 222.798 211.954 189.211 186.454 183.438 182.185 176.006 177.918 170.526 186.248
threshold=0 1.0000000180025095e-35 1.0000000180025095e-35 1.0000000180025095e-35 1 1.0000000180025095e-35 2 3 4 5 6 8.5000000000000018 8.5000000000000018 7.5000000000000009 7 1.0000000180025095e-35 1.0000000180025095e-35 8 1.0000000180025095e-35 9 75.000000000000014 22.500000000000004 1.0000000180025095e-35 10 1.0000000180025095e-35 1.0000000180025095e-35 105.00000000000001 1.5000000000000002 185.00000000000003 8.5000000000000018
decision_type=9 2 2 2 1 2 9 9 9 9 9 2 2 2 9 2 2 9 2 9 2 2 2 9 2 2 2 2 2 2
left_child=1 24 3 4 8 7 12 18 -2 10 -6 -9 22 14 15 -10 17 -11 19 20 -4 -21 -5 -20 -1 -15 27 -19 29 -16
right_child=2 -3 5 6 9 -7 -8 11 13 16 -12 -13 -14 25 28 -17 -18 26 23 21 -22 -23 -24 -25 -26 -27 -28 -29 -30 -31
leaf_value=0.0051295390405652784 0.034417583660056671 0.034616074769678699 -0.031104464583910665 -0.041016096056002073 0.017643134184232221 -0.023556145190693992 -0.048321019629290397 -0.025632585726668922 -0.032494792913682964 -0.038228805543220779 -0.037588873632763337 0.012894570102777635 0.015798945139859074 -0.0098181372635067904 -0.00060849337491758069 -0.0065437789157416397 -0.0043010627144283243 -0.012478489573274583 0.029502578938202819 0.012031839755673573 0.0051503345330537438 -0.03382829911212458 0.06579978433500093 0.0099412557394184947 0.042885035802080251 0.012123537229497218 0.031651251344423016 0.035598240794149201 0.0067229489132301298 -0.0067596957580025631
leaf_weight=107635.23585101718 508.01452482794411 3538.696576876886 671.56762057798915 485.03444299125113 467.26305967604276 1093.0739998318895 1994.3355135259917 1175.3205734685471 1920.4342163254041 1581.2672240308166 2203.0443046069122 697.89304317833739 420.90596804211964 1264.2604650437133 23818.228481940962 1899.2909186328179 7614.7167686983012 28667.380113244428 2275.3265880718827 7430.0532065454172 1146.1766234397655 260.26482283533551 44.849051632452756 2689.8213056627428 322.22383704595268 3752.3327783533605 230.5965163402725 193.2176112307352 4186.696456828271 25463.918010919573
leaf_count=252702 2031 25809 3297 12526 15836 59743 211637 18258 38895 106292 113699 8989 5709 10562 106690 32998 69684 506362 3622 21405 4253 2635 385 8155 974 9646 3084 1652 12036 254382
internal_value=0 0.00617438 -0.00554488 -0.00751021 -0.00669081 0.00647773 -0.0363738 0.00848704 -0.00290346 -0.0124952 -0.027891 -0.0112166 -0.0106763 -0.00321359 -0.00407298 -0.0195438 -0.0114139 -0.0131832 0.011038 0.00689678 -0.00820106 0.0104634 -0.0319123 0.0189879 0.00524247 0.00659247 -0.0118038 -0.0121558 -0.00296329 -0.00378694
internal_weight=235651 111496 124155 106716 103771 17439.5 2945.12 16346.4 62813.2 40957.5 2670.31 1873.21 950.789 62305.2 57288.6 3819.73 38287.2 30672.5 14473.2 9508.06 1817.74 7690.32 529.883 4965.15 107957 5016.59 29091.2 28860.6 53468.8 49282.1
internal_count=1923948 279485 1644463 1514106 1283849 130357 230257 70614 467240 816609 129535 27247 18620 465209 445001 71893 687074 617390 43367 31590 7550 24040 12911 11777 253676 20208 511098 508014 373108 361072
cat_boundaries=0 39 40 78 102 108 119 124 164 188 189 190
cat_threshold=0 0 4 0 4096 0 0 0 0 131072 0 0 0 0 0 0 0 0 0 0 0 0 0 96 0 0 0 0 0 0 0 0 0 41943040 0 0 0 0 2147483648 3075 0 0 0 0 0 0 0 0 0 0 0 0 0 0 0 0 0 0 0 0 0 0 0 0 0 0 0 0 0 0 0 0 0 0 512 512 0 1 0 0 0 0 0 0 0 0 0 0 8388608 0 0 0 0 0 0 0 0 0 0 0 0 224 0 0 0 0 0 8388608 8192 0 0 0 0 0 0 0 0 0 8388608 0 0 4 0 4096 0 0 0 0 0 0 0 0 0 0 0 0 0 0 0 0 0 0 0 0 0 0 0 0 0 0 0 0 0 0 0 0 0 0 0 0 0 8192 0 262144 0 0 0 0 0 0 0 0 0 131072 8388608 0 0 0 0 0 0 0 0 0 0 0 0 32 32 32
is_linear=0
shrinkage=0.05


Tree=40
num_leaves=31
num_cat=13
split_feature=160 169 223 160 195 196 164 160 180 161 170 164 173 160 173 160 164 160 166 195 164 211 188 173 173 166 173 164 167 176
split_gain=2889.49 1140.31 1034.55 716.267 700.496 627.5 418.384 348.734 302.146 304.54 274.899 461.607 640.253 310.287 268.997 400.277 356.307 395.704 393.074 253.552 256.69 245.42 233.165 209.814 213.117 207.298 201.082 199.277 255.152 200.742
threshold=0 1.0000000180025095e-35 1.0000000180025095e-35 1 1.0000000180025095e-35 2 3 4 1.0000000180025095e-35 5 1.0000000180025095e-35 6 6.5000000000000009 7 11.500000000000002 8 9 10 75.000000000000014 1.0000000180025095e-35 11 7.5000000000000009 1.0000000180025095e-35 14.500000000000002 2.5000000000000004 75.000000000000014 7.5000000000000009 12 1.0000000180025095e-35 1.0000000180025095e-35
decision_type=9 2 2 9 2 1 9 9 2 9 2 9 2 9 2 9 9 9 2 2 9 2 2 2 2 2 2 9 2 2
left_child=1 10 3 19 5 8 -6 -4 9 -5 11 12 -1 23 16 -16 -7 18 26 20 -2 -11 -19 24 -12 -26 -18 -13 29 -29
right_child=2 -3 7 4 6 14 -8 -9 -10 21 13 27 -14 -15 15 -17 17 22 -20 -21 -22 -23 -24 -25 25 -27 -28 28 -30 -31
leaf_value=0.015257024446401785 -0.0045848356842286874 0.033843627463264712 -0.010200521768208421 0.033995501890008759 0.013328120190437207 -0.043847523776320618 -0.035872846860398266 -0.04778229756567029 0.0037873294256807544 -0.0060432816631974823 -0.025339530603001516 0.0091266165152778817 -0.016346325300623552 -0.010834649871813691 0.0072597244768844568 -0.011562153430114977 0.019539724602295236 -0.014640215353053546 -0.012981372581537896 -0.051788155857564702 -0.03101297836454954 0.0056667950203326952 -0.035077032723193485 -0.00056616354695617681 0.034143890653613417 0.015192560306974651 -0.01350179855963763 0.0053748552568818756 0.03056983367607213 0.00028552536817817866
leaf_weight=2204.1128755952232 1657.0306462229928 3403.5292272400111 940.93769801891176 502.78596209094394 7177.5876794205979 937.72884261056606 450.20203594892519 1905.6364153248142 15370.353315834422 40347.410864448502 246.20999587140977 20417.353836861061 5867.6959217250114 1203.53300963738 4483.90152882642 7600.8320315065139 2148.2402028274955 14761.849571138577 3412.9744214070088 722.31931782257743 2092.6449832632497 5031.5855944493087 1541.7597811273881 1487.8532123496989 2260.1288629879709 3998.7855975194834 585.47610722423997 47717.879107302055 867.12323805596679 32625.032802906353
leaf_count=8026 37590 25809 18620 2055 27743 42681 34566 211637 51361 355426 1138 40436 85199 6944 72158 195232 12464 228528 47412 52877 107099 20208 20284 5819 3834 6547 9412 108967 1167 82709
internal_value=0 0.00530935 -0.00581461 -0.00503664 -0.00419491 -0.00534577 0.0103918 -0.035569 -0.00227935 -0.00431231 0.00449279 0.00379657 -0.00770604 0.0127964 -0.0106368 -0.00458165 -0.0137697 -0.0124871 -0.00166269 -0.0246099 -0.0194325 -0.00474367 -0.016564 0.0163488 0.0202432 0.022039 0.0124603 0.00471055 0.00359919 0.0033083
internal_weight=233970 122299 111671 108825 104353 96724.9 7627.79 2846.57 61252.1 45881.8 118896 109699 8071.81 9196.51 35472.8 12084.7 23388 22450.3 6146.69 4471.99 3749.68 45379 16303.6 7992.98 6505.12 6258.91 2733.72 101627 81210 80342.9
internal_count=1923948 376595 1547353 1317096 1119530 1057221 62309 230257 429050 377689 350786 326504 93225 24282 628171 267390 360781 318100 69288 197566 144689 375634 248812 17338 11519 10381 21876 233279 192843 191676
cat_boundaries=0 39 79 80 104 142 156 180 204 241 252 253 264 288
cat_threshold=0 0 4 0 4096 0 0 0 0 131072 0 0 0 0 0 0 0 0 0 0 0 0 0 224 0 0 0 0 0 0 0 0 0 41943040 0 0 0 0 2147483648 8192 0 0 0 0 0 0 0 0 0 8388608 0 0 0 0 0 0 0 0 0 0 0 0 0 0 0 0 0 0 0 0 0 0 0 0 0 0 0 0 262144 3075 0 0 0 0 4096 0 0 0 0 0 0 0 0 0 0 0 0 0 0 0 0 0 0 128 0 0 0 0 0 0 0 0 0 0 0 0 0 0 0 0 0 0 0 0 0 0 0 0 0 0 0 0 0 0 0 0 0 0 512 512 0 1 0 0 0 0 0 8388608 0 0 0 0 0 0 0 256 0 0 4 0 0 0 0 0 0 0 0 0 0 0 0 0 0 0 0 0 0 0 0 64 0 0 4 0 0 0 0 0 0 0 0 0 0 0 0 0 0 0 0 0 0 0 0 128 32 0 0 0 0 0 0 0 0 0 0 0 0 0 0 0 0 0 0 0 0 0 0 0 0 0 0 0 0 0 0 0 0 0 0 0 1073741824 0 0 4 0 0 0 0 0 0 131072 8388608 524288 0 0 4 0 4096 0 0 0 0 131072 8388608 0 0 0 0 4096 0 0 0 0 0 0 0 0 0 0 0 0 0 0 0 0 0 0 32
is_linear=0
shrinkage=0.05


Tree=41
num_leaves=31
num_cat=8
split_feature=160 223 164 187 160 169 159 176 173 164 164 222 162 176 173 213 170 165 173 169 173 160 173 222 170 195 166 173 164 173
split_gain=2813.6 1157.16 689.463 646.55 626.14 483.883 473.139 547.646 536.005 446.187 399.844 362.948 333.006 857.636 320.491 303.299 283.33 558.381 628.658 263.809 260.151 248.949 512.134 243.541 388.214 242.321 241.989 234.634 230.523 227.89
threshold=0 1.0000000180025095e-35 1 1.0000000180025095e-35 2 1.0000000180025095e-35 3 1.0000000180025095e-35 17.500000000000004 4 5 1.0000000180025095e-35 3.0000000000000004 1.0000000180025095e-35 16.500000000000004 1.5000000000000002 1.0000000180025095e-35 75.000000000000014 6.5000000000000009 1.0000000180025095e-35 8.5000000000000018 6 12.500000000000002 1.0000000180025095e-35 1.0000000180025095e-35 1.0000000180025095e-35 60.000000000000007 7.5000000000000009 7 14.500000000000002
decision_type=9 2 9 2 9 2 1 2 2 9 9 2 2 2 2 2 2 2 2 2 2 9 2 2 2 2 2 2 9 2
left_child=2 4 5 11 25 23 7 27 -9 -8 -5 12 16 -14 -12 19 17 -4 -19 21 -17 22 -11 24 -1 28 -18 -6 -2 -28
right_child=1 -3 3 10 6 -7 9 8 -10 15 14 -13 13 -15 -16 20 26 18 -20 -21 -22 -23 -24 -25 -26 -27 29 -29 -30 -31
leaf_value=-0.017071634691572381 -0.0050188525612372328 -0.039815699409874533 0.0043790056355798345 -0.0017431239557972192 -0.016491711850337369 0.026866460400942333 -0.019181013336554684 -0.045547412067739518 -0.0022067393551247309 -0.002790020197600461 -0.034644888137100399 -0.050988082726855503 0.04971869530075862 -0.0064015049947090917 0.022509000381527852 -0.037810468874809058 -0.0094398377647264484 0.013074561000578631 -0.022901728093948137 0.0092434978307116451 -0.0059231946092213094 -0.00019704707946273088 -0.020636631840946551 0.028103725097630629 0.017651078214165401 -0.051385098954177422 0.019972420745801495 -0.0010055783350539158 -0.03023200532026531 -0.0019751850680918507
leaf_weight=1833.2026945985272 1659.4959796980547 2529.1664073589782 101008.19602682983 3647.3838987629279 4273.6564547213784 5717.1488084345765 4117.3057235843007 2170.3343360961298 1062.9934890201912 18945.026500772859 2136.3750255531631 293.40663932639291 1374.0999876060523 1348.2791780596599 276.63101367295894 1077.7940617267741 1072.6176155356225 1759.8824609681033 3913.4668305189407 5137.5353535360773 1573.9949954026524 42061.154084483846 5102.4632857164106 857.47788765281439 1434.3308129728102 684.58464539502165 6346.7026035084855 5720.2126713544712 2030.2848221089516 1453.0069519625977
leaf_count=17750 37590 226590 246582 46595 61822 40344 105114 81490 30786 143949 53501 3169 4090 3276 8129 16420 6359 7096 76356 25139 21632 259710 126143 2297 13832 52877 11199 81322 107099 5690
internal_value=0 -0.00643626 0.00469771 0.00369064 -0.00555376 0.0174321 -0.00466548 -0.0134071 -0.0313028 -0.00318171 -0.0122375 0.00450517 0.00464309 0.0219268 -0.0279714 -0.00228763 0.00423576 0.00352165 -0.0117408 -0.0016698 -0.01889 -0.00251806 -0.00657459 0.00439567 -0.0018277 -0.0240125 0.0128209 -0.00762887 -0.0189914 0.0158833
internal_weight=232618 98146 134472 124630 95616.8 9842.16 91242.5 13227.2 3233.33 78015.3 6060.39 118570 118276 2722.38 2413.01 73898 115554 106682 5673.35 71246.2 2651.79 66108.6 24047.5 4125.01 3267.53 4374.37 8872.33 9993.87 3689.78 7799.71
internal_count=1923948 1377683 546265 472042 1151093 74223 953527 255420 112276 698107 108225 363817 360648 7366 61630 592993 353282 330034 83452 554941 38052 529802 270092 33879 31582 197566 23248 143144 144689 16889
cat_boundaries=0 39 63 103 104 128 152 191 202
cat_threshold=32 0 4 0 4096 0 0 0 0 131072 0 0 0 0 0 0 0 0 0 0 0 0 0 224 0 0 0 0 0 0 0 0 0 41943040 0 512 0 0 2147483648 0 0 4 0 0 0 0 0 0 0 0 0 0 0 0 0 0 0 0 0 0 0 0 128 8192 0 0 0 0 0 0 0 0 0 8388608 0 0 0 0 0 0 0 0 0 0 0 0 0 0 0 0 0 0 0 0 0 0 0 0 0 0 0 0 262144 20480 0 0 4 0 0 0 0 0 0 131072 8388608 0 0 0 0 0 0 0 0 0 0 0 0 64 0 0 0 0 4096 0 0 0 0 0 0 0 0 0 0 0 0 0 0 0 0 0 0 64 524288 0 0 0 0 0 0 0 0 0 0 0 0 0 0 0 0 0 0 0 0 0 0 0 0 0 0 0 0 0 0 0 0 1073741824 0 0 1 0 512 0 0 4 0 4096 0 0 0 0 131072 8388608
is_linear=0
shrinkage=0.05


Tree=42
num_leaves=31
num_cat=6
split_feature=160 180 166 187 160 163 176 211 170 161 170 165 173 160 195 173 160 160 173 176 167 173 166 173 176 195 181 173 173 173
split_gain=2570.96 654.619 624.007 493.316 472.637 463.351 391.815 330.024 377.486 358.412 275.027 527.045 582.694 234.599 226.733 221.456 356.177 309.698 219.184 291.508 312.424 215.36 210.57 217.445 197.556 307.006 194.633 190.674 188.461 183.832
threshold=0 1.0000000180025095e-35 95.000000000000014 1.0000000180025095e-35 1 4.5000000000000009 1.0000000180025095e-35 7.5000000000000009 1.0000000180025095e-35 2 1.0000000180025095e-35 75.000000000000014 6.5000000000000009 3 1.0000000180025095e-35 6.5000000000000009 4 5 19.500000000000004 1.0000000180025095e-35 1.0000000180025095e-35 17.500000000000004 60.000000000000007 14.500000000000002 1.0000000180025095e-35 1.0000000180025095e-35 55.000000000000007 8.5000000000000018 12.500000000000002 2.5000000000000004
decision_type=9 2 2 2 9 2 2 2 2 9 2 2 2 9 2 2 9 9 2 2 2 2 2 2 2 2 2 2 2 2
left_child=2 4 3 10 14 24 -5 8 9 -6 11 -1 -13 15 -2 17 -17 -11 19 20 28 -18 -12 29 -4 -26 -3 -7 -14 -24
right_child=1 26 5 6 7 27 -8 -9 -10 13 22 12 18 -15 -16 16 21 -19 -20 -21 -22 -23 23 -25 25 -27 -28 -29 -30 -31
leaf_value=0.0042141412405252788 -0.019016169289546393 0.012661336425836063 0.025547132985246013 -0.020776212991752752 0.033764719493396288 -0.026825835000335526 0.010709406537367157 0.0054870915175497048 0.0040795507954402808 0.0065274037541546833 -0.0083615601225708446 0.012227472517767249 -0.043879409742496912 -0.011097506603853665 -0.050919822497331263 0.0063357667817812453 -0.010387238130981446 -0.022111289291934927 -0.05306059736429896 0.0021740723989130662 0.015137365910837223 -0.032907782100147082 -0.023261598431040802 -0.0020067070088440006 0.0040139018253405809 0.027667846143332626 -1.8186650244096836e-05 0.0043922224886301289 0.00077694375844688493 0.02117445890166033
leaf_weight=98764.243809136111 3814.9549818688683 4172.358055240009 5487.3554832448426 3570.2489165250008 480.64980755880242 756.61074984422885 1365.5255723700393 5017.6378323768731 6172.3119983015204 6286.7805308607713 1055.9348437488079 1765.3907703305595 1533.4115925484803 46947.736147041149 652.26739944380824 3091.0928464630852 9095.6231299888968 1100.1023962185718 507.96201845171163 1179.4718123408966 340.95343155448791 1201.8667348677045 241.57070631533861 1451.0230314242654 3865.263582336629 2126.6390352272429 11014.798440492596 1380.9991942051856 278.99989752483089 6042.5233864258043
leaf_count=226709 160868 13214 36155 61486 2055 13550 28147 20208 53106 29424 6359 7096 27355 786670 52877 29283 131887 11848 20571 17806 3949 67969 1133 5690 26784 3541 38147 23320 6675 10066
internal_value=0 -0.00608559 0.00457645 0.0034081 -0.00781603 0.0147119 -0.0120642 -0.0069223 -0.0077605 -0.0088321 0.00408305 0.00336756 -0.0115448 -0.00913838 -0.0236279 -0.00470759 -0.00854426 0.00223936 -0.0224729 -0.0178023 -0.0287443 -0.013005 0.0125763 0.0154356 0.018692 0.0124116 0.00346522 -0.00665881 -0.037004 0.0194638
internal_weight=230762 99048.2 131714 118097 83861 13616.9 4935.77 79393.8 74376.2 68203.9 113161 104370 5606.19 67723.2 4467.22 20775.5 13388.6 7386.88 3840.8 3332.84 2153.36 10297.5 8791.05 7735.12 11479.3 5991.9 15187.2 2137.61 1812.41 6284.09
internal_count=1923948 1397556 526392 423042 1346195 103350 89633 1132450 1112242 1059136 333409 310161 83452 1057081 213745 270411 229139 41272 76356 55785 37979 199856 23248 16889 66480 30325 51361 36870 34030 11199
cat_boundaries=0 39 79 93 132 168 207
cat_threshold=32 0 4 0 4096 0 0 0 0 131072 0 0 0 0 0 0 0 0 0 0 0 0 0 224 0 0 0 0 0 0 0 0 0 41943040 0 0 0 0 2147483648 8192 0 0 0 0 0 0 0 0 0 8388608 0 0 0 0 0 0 0 0 0 0 0 0 0 0 0 0 0 0 0 0 0 0 0 0 0 0 0 0 262144 0 0 0 0 0 8388608 0 0 0 0 0 0 0 256 0 0 0 0 0 0 0 0 0 0 0 0 0 0 0 0 0 0 0 0 0 0 0 0 0 0 0 0 0 0 0 0 0 1073741824 512 512 0 1 32768 0 0 0 0 0 0 0 0 0 0 0 0 0 0 0 0 0 0 0 0 0 0 0 0 0 0 0 0 0 0 0 0 0 0 512 512 0 0 0 0 0 0 0 0 0 0 0 0 0 0 0 0 0 0 0 0 0 0 0 0 0 0 0 0 0 0 0 0 0 1073741824 0 0 0 1 32768
is_linear=0
shrinkage=0.05


Tree=43
num_leaves=31
num_cat=10
split_feature=160 223 164 160 187 159 176 173 164 216 222 162 176 160 173 170 165 173 213 160 173 160 176 211 176 195 161 164 223 173
split_gain=2428.42 863.936 585.36 556.49 551.625 483.836 453.334 488.793 430.119 371.806 349.276 344.748 696.453 335.011 312.222 266.392 466.097 512.118 261.546 235.662 557.526 327.902 280.498 380.001 231.796 221.84 218.077 209.823 209.613 202.339
threshold=0 1.0000000180025095e-35 1 2 1.0000000180025095e-35 3 1.0000000180025095e-35 13.500000000000002 4 1.0000000180025095e-35 1.0000000180025095e-35 3.0000000000000004 1.0000000180025095e-35 5 7.5000000000000009 1.0000000180025095e-35 75.000000000000014 6.5000000000000009 1.5000000000000002 6 10.500000000000002 7 1.0000000180025095e-35 1.0000000180025095e-35 1.0000000180025095e-35 1.0000000180025095e-35 8 9 1.0000000180025095e-35 7.5000000000000009
decision_type=9 2 9 9 2 1 2 2 9 2 2 2 2 9 2 2 2 2 2 9 2 9 2 2 2 2 9 9 2 2
left_child=2 3 9 25 10 6 29 -8 -7 -1 11 15 -13 -3 -6 16 28 -18 19 20 -10 -22 23 26 -20 27 -21 -2 -4 -5
right_child=1 13 4 5 14 8 7 -9 18 -11 -12 12 -14 -15 -16 -17 17 -19 24 22 21 -23 -24 -25 -26 -27 -28 -29 -30 -31
leaf_value=0.018349152724277725 -0.0048916597059718327 -0.011910398535181888 0.0042197048733844198 -0.016312603818049689 -0.02567728038791561 -0.01876316703189039 -0.051324963370262246 -0.011537122142674348 -0.00061523626388520158 -0.034708961319127936 -0.050128801043859153 0.048458298064290022 -0.003200269186082533 -0.048654920664761549 -0.0021827247118374115 0.012400925733315216 0.01137588995981469 -0.021247508726847834 -0.031769793222120361 -0.011263058842630527 0.013018577284887685 -0.020244430646249811 0.0039355160022548049 -0.021918288789767811 -0.0016825561213958361 -0.050427603229443896 0.0025292944850007723 -0.029194887141303489 -0.037819821712868358 -0.0018211715031739269
leaf_weight=9133.2906109840405 1650.2813501502387 1054.6930632638978 98226.529002092953 4225.5863885456638 2315.7604709489387 4025.3195596990408 1437.9365056072711 1667.5474424957356 19225.24186642142 342.0534146863647 293.7006832745974 1292.1500636867713 1316.9246501470916 1581.4636668385065 3632.0403218352876 8713.8260435808334 1767.3322319001891 3763.857167112059 1365.5157653207425 3878.5978279505798 827.73382391792256 6757.6629017004016 27389.013974664631 2573.8269474221161 1205.5101423171291 625.32375382191094 10884.747230517343 1953.2381553123123 296.89083204453345 5603.9464496502478
leaf_count=52071 37590 34799 221017 61822 37762 105114 59707 52569 103417 22152 3169 4090 3276 195458 70463 23248 7096 76356 21521 24739 7582 141148 164245 30281 16531 52877 99735 107099 5692 81322
internal_value=0 -0.00595647 0.00444987 -0.00517585 0.00351635 -0.00435027 -0.0133044 -0.029967 -0.00286625 0.0164142 0.00428026 0.00441903 0.0223862 -0.0341905 -0.0113325 0.00400319 0.00329983 -0.0108227 -0.00200017 -0.00143718 -0.00514271 -0.016623 0.000784953 -0.00419149 -0.0176674 -0.0228865 -0.00110004 -0.0181631 0.00409278 -0.00805187
internal_weight=229028 97933.2 131094 95297 121619 91068.2 12935 3105.48 78133.2 9475.34 115671 115378 2609.07 2636.16 5947.8 112768 104055 5531.19 74107.9 71536.8 26810.6 7585.4 44726.2 17337.2 2571.03 4228.84 14763.3 3603.52 98523.4 9829.53
internal_count=1923948 1397556 526392 1167299 452169 969733 255420 112276 714313 74223 343944 340775 7366 230257 108225 333409 310161 83452 609199 571147 252147 148730 319000 154755 38052 197566 124474 144689 226709 143144
cat_boundaries=0 39 63 103 104 128 168 207 243 277 288
cat_threshold=32 0 4 0 4096 0 0 0 0 131072 0 0 0 0 0 0 0 0 0 0 0 0 0 224 0 0 0 0 0 0 0 0 0 41943040 0 0 0 0 2147483648 0 0 4 0 0 0 0 0 0 0 0 0 0 0 0 0 0 0 0 0 0 0 0 128 8192 0 0 0 0 0 0 0 0 0 8388608 0 0 0 0 0 0 0 0 0 0 0 0 0 0 0 0 0 0 0 0 0 0 0 0 0 0 0 0 262144 20480 0 0 4 0 0 0 0 0 0 131072 8388608 0 0 0 0 0 0 0 0 0 0 0 0 64 0 0 0 0 0 0 0 0 0 0 0 0 0 0 0 0 0 0 0 0 0 0 0 0 0 0 0 0 0 0 0 0 0 0 512 512 0 1 0 262144 0 0 0 0 0 0 0 0 0 0 0 0 0 0 0 0 0 0 0 0 0 0 0 0 0 0 0 0 0 0 0 0 0 1073741824 0 512 1 0 33280 0 0 0 0 0 0 0 0 0 0 0 0 0 0 0 0 0 0 0 0 0 0 0 0 0 0 0 0 0 0 0 0 0 0 0 512 0 0 0 0 0 0 0 0 0 0 0 0 0 128 0 0 0 0 0 0 0 0 0 0 0 0 0 0 0 0 0 0 0 81920 0 0 4 0 4096 0 0 0 0 131072 8388608
is_linear=0
shrinkage=0.05


Tree=44
num_leaves=31
num_cat=7
split_feature=160 180 165 169 160 187 170 161 218 160 170 165 173 173 189 163 182 194 173 195 173 167 160 222 222 173 173 196 196 173
split_gain=2255.09 569.633 486.278 423.524 416.882 404.487 302.321 305.903 276.638 258.452 258.258 435.662 468.004 249.7 283.842 217.09 214.739 310.219 225.427 209.239 205.675 199.727 187.797 436.555 416.768 277.099 185.289 466.118 276.025 331.053
threshold=0 1.0000000180025095e-35 85.000000000000014 1.0000000180025095e-35 1 1.0000000180025095e-35 1.0000000180025095e-35 2 1.0000000180025095e-35 3 1.0000000180025095e-35 75.000000000000014 6.5000000000000009 15.500000000000002 1.0000000180025095e-35 4.5000000000000009 1.0000000180025095e-35 1.0000000180025095e-35 2.5000000000000004 1.0000000180025095e-35 19.500000000000004 1.0000000180025095e-35 4 1.0000000180025095e-35 1.0000000180025095e-35 7.5000000000000009 6.5000000000000009 5 6 10.500000000000002
decision_type=9 2 2 2 9 2 2 9 2 9 2 2 2 2 2 2 2 2 2 2 2 2 9 2 2 2 2 1 1 2
left_child=2 4 5 15 19 10 7 -6 -5 -9 11 -1 -13 14 -7 22 18 -18 -12 -2 21 -14 24 25 -4 -24 27 -11 -28 -30
right_child=1 -3 3 8 6 13 -8 9 -10 26 16 12 20 -15 -16 -17 17 -19 -20 -21 -22 -23 23 -25 -26 -27 28 -29 29 -31
leaf_value=0.0039820648203591569 -0.018149347669887645 0.0031706518980609368 0.019590954174309963 0.025556556769470631 0.032788903292282817 -0.027665618478177324 0.0041441977015550854 -0.0031363989412592271 -0.047328654923123915 0.0017879848659678958 -0.024168385486197742 0.010683455170196192 -0.022593635177739477 0.01641894982805514 -0.0022684096086545559 -0.014478074830296917 -0.014095708820969145 0.01303749672218483 0.028084101026897852 -0.050016915543798085 -0.051442364451481093 0.0074710407628533456 0.010858229368852905 0.024988038917671328 -0.044687261597677275 -0.041412561437326377 -0.014210712704169657 -0.015758324555069054 -0.015899855405444151 0.0052703504431308411
leaf_weight=98485.531757514342 3727.1825169350195 15045.798325862619 3819.5338947623677 5487.2009680330812 458.7956012962386 2196.85426365686 6069.6902171548281 21371.57580325396 132.86099112394731 9460.8520143372734 224.43475024076179 1768.5542475515977 2546.2427898385504 740.74468558748777 2204.2979627116001 1143.6877290491539 1362.2742045563646 4639.0578786720289 2508.358000786975 597.81746238742198 470.45395988848759 704.86801821566769 384.19382868008688 782.72786023304798 269.4919982709107 743.35862678347621 26411.200014147813 6298.4465938682333 3128.0245973651763 4506.0862911046133
leaf_count=227123 160868 51361 19526 41060 2055 54263 53106 203892 1968 67478 1102 7100 46939 16152 22661 26142 8809 8770 4728 52877 20580 8869 905 2225 2917 4553 653334 74714 31565 46306
internal_value=0 -0.00577159 0.00428968 0.0135605 -0.00741254 0.00328594 -0.00656835 -0.00747705 0.0238286 -0.00774042 0.00391164 0.00321785 -0.0104893 -0.0104275 -0.0149484 0.0054799 0.0121696 0.00687689 0.0237873 -0.0225086 -0.0205524 -0.0160737 0.00928634 -0.00366865 0.015311 -0.0236009 -0.00971486 -0.00523349 -0.0117918 -0.00339936
internal_weight=227690 97075.5 130615 12763.1 82029.7 117852 77704.7 71635 5620.06 71176.2 112710 103976 5490.12 5141.9 4401.15 7142.99 8734.12 6001.33 2732.79 4325 3721.56 3251.11 5999.31 1910.28 4089.03 1127.55 49804.6 15759.3 34045.3 7634.11
internal_count=1923948 1397556 526392 99296 1346195 427096 1132450 1079344 43028 1077289 334020 310611 83488 93076 76924 56268 23409 17579 5830 213745 76388 55808 30126 7683 22443 5458 873397 142192 731205 77871
cat_boundaries=0 39 79 93 131 136 137 138
cat_threshold=32 0 4 0 4096 0 0 0 0 131072 0 0 0 0 0 0 0 0 0 0 0 0 0 224 0 0 0 0 0 0 0 0 0 41943040 0 0 0 0 2147483648 8192 0 0 0 0 0 0 0 0 0 8388608 0 0 0 0 0 0 0 0 0 0 0 0 0 0 0 0 0 0 0 0 0 0 0 0 0 0 0 0 262144 0 0 0 0 0 8388608 0 0 0 0 0 0 0 256 0 0 0 0 0 0 0 0 0 0 0 0 0 0 0 0 0 0 0 0 0 0 0 0 0 0 0 0 0 0 0 0 0 1073741824 512 512 0 8193 32 0 0 0 4096 1056 1584
is_linear=0
shrinkage=0.05


Tree=45
num_leaves=31
num_cat=7
split_feature=160 223 160 166 159 163 160 221 176 174 169 160 189 176 195 180 161 170 165 174 211 169 163 222 195 174 176 167 223 160
split_gain=2133.2 821.972 490.636 447.596 427.269 420.727 410.186 525.16 369.774 457.906 342.383 313.766 297.634 282.192 265.102 232.346 234.044 228.462 434.132 434.9 224.357 231.272 281.436 206.61 203.675 198.924 247.131 252.377 193.929 184.382
threshold=0 1.0000000180025095e-35 1 95.000000000000014 2 4.5000000000000009 3 1.0000000180025095e-35 1.0000000180025095e-35 270.00000000000006 1.0000000180025095e-35 4 1.0000000180025095e-35 1.0000000180025095e-35 1.0000000180025095e-35 1.0000000180025095e-35 5 1.0000000180025095e-35 75.000000000000014 130.00000000000003 8.5000000000000018 1.0000000180025095e-35 4.5000000000000009 1.0000000180025095e-35 1.0000000180025095e-35 390.00000000000006 1.0000000180025095e-35 1.0000000180025095e-35 1.0000000180025095e-35 6
decision_type=9 2 9 2 1 2 9 2 2 2 2 9 2 2 2 2 9 2 2 2 2 2 2 2 2 2 2 2 2 9
left_child=3 2 24 6 8 10 7 12 -4 -10 13 -3 -1 -5 23 16 -6 18 28 -20 21 22 -18 -15 -2 26 27 -21 29 -8
right_child=1 11 4 5 15 -7 17 -9 9 -11 -12 -13 -14 14 -16 -17 20 -19 19 25 -22 -23 -24 -25 -26 -27 -28 -29 -30 -31
leaf_value=-0.02227240368152782 -0.017329036684789578 -0.048245465153315709 -0.007894942813875953 0.020363381791143071 0.031717834905653934 -0.0075809932761946742 0.0081986184594123272 0.02488758909520622 -0.049875391061170893 -0.010351152504113587 0.027182731497354173 -0.012156433289083972 -0.00027464925165259722 -0.016370850023410322 0.025651390135821312 0.0028874259022644536 -0.0052813498681747728 0.011803015630954969 0.0099456193555446416 -0.034145700268143696 0.0073720056236942083 0.0034207924238249098 -0.0202474844242247 0.017354997361300209 -0.049486272599525448 -0.051043860239630007 0.0026771695881427269 0.012344485055971084 -0.036915804880202845 0.0029965113310702891
leaf_weight=3852.7580739473924 3532.2064015626675 1499.8276349117914 9593.5404532255488 2995.3924353423645 443.58470110758208 2088.5617191227502 22236.326272650971 1034.5786620082799 1330.2493833433546 1632.5411821094895 4653.8224663522269 1042.0008416172677 2559.5825427677482 1948.5005527472531 730.72991971345618 14940.936655597994 47428.269979406497 8584.4748585255584 1767.4825935466215 1709.0443471741164 3845.9798623353709 7000.1392414726142 3363.9570634962729 591.49286075818236 572.24837082230079 458.2609966819291 1154.8396847427648 351.59103994723409 286.95454530761344 72947.21691635286
leaf_count=71995 144689 195458 143144 15540 2055 36870 48698 2542 59707 52569 33650 34799 28003 13703 1171 51361 461422 23248 7096 34030 14058 54692 130725 2416 52877 20571 17806 3949 5692 159412
internal_value=0 -0.00564262 -0.00488185 0.00417832 -0.00410517 0.0129768 0.00319985 -0.0081481 -0.0126547 -0.0281041 0.0169094 -0.0336959 -0.0134932 0.00927707 -0.000876032 -0.00270981 -0.0040574 0.0039721 0.00330622 -0.0104301 -0.00431964 -0.00509859 -0.00627284 -0.00851321 -0.0217661 -0.0202344 -0.0158348 -0.0262099 0.0040892 0.00421307
internal_weight=226177 96225.5 93683.7 129952 89579.2 13008.5 116943 7446.92 12556.3 2962.79 10919.9 2541.83 6412.34 6266.12 3270.72 77022.9 62081.9 109496 100912 5441.22 61638.3 57792.4 50792.2 2539.99 4104.45 3673.74 3215.48 2060.64 95470.5 95183.5
internal_count=1923948 1397556 1167299 526392 969733 103350 423042 102540 255420 112276 66480 230257 99998 32830 17290 714313 662952 320502 297254 83452 660897 646839 592147 16119 197566 76356 55785 37979 213802 208110
cat_boundaries=0 39 79 80 85 124 138 172
cat_threshold=32 0 4 0 4096 0 0 0 0 131072 0 0 0 0 0 0 0 0 0 0 0 0 0 224 0 0 0 0 0 0 0 0 0 41943040 0 0 0 0 2147483648 8192 0 0 0 0 0 0 0 0 0 8388608 0 0 0 0 0 0 0 0 0 0 0 0 0 0 0 0 0 0 0 0 0 0 0 0 0 0 0 0 262144 20480 32 0 0 0 4096 0 0 0 0 0 0 0 0 0 0 0 0 0 0 0 0 0 0 0 0 0 0 0 0 0 0 0 0 0 0 0 0 0 1073741824 0 0 1 0 33280 0 0 0 0 0 8388608 0 0 0 0 0 0 0 256 0 0 0 0 0 0 0 0 0 0 0 0 0 0 0 0 0 0 0 0 0 0 0 192 0 0 0 0 0 0 0 0 0 8388608
is_linear=0
shrinkage=0.05


Tree=46
num_leaves=31
num_cat=3
split_feature=196 223 169 170 196 167 176 182 176 173 170 185 173 211 214 161 173 167 167 166 191 194 173 190 176 176 167 173 193 176
split_gain=1894.7 871.651 803.841 550.094 531.611 423.552 340.171 261.249 451.014 251.446 238.294 256.197 339.68 219.833 207.3 204.405 193.994 189.514 263.84 452.366 183.613 277.682 213.817 182.123 183.647 181.893 253.355 190.065 179.693 169.913
threshold=0 1.0000000180025095e-35 1.0000000180025095e-35 1.0000000180025095e-35 1 1.0000000180025095e-35 1.0000000180025095e-35 1.0000000180025095e-35 1.0000000180025095e-35 10.500000000000002 1.0000000180025095e-35 1.0000000180025095e-35 6.5000000000000009 7.5000000000000009 165.00000000000003 2 18.500000000000004 1.5000000000000002 1.0000000180025095e-35 175.00000000000003 1.0000000180025095e-35 1.0000000180025095e-35 2.5000000000000004 1.0000000180025095e-35 1.0000000180025095e-35 1.0000000180025095e-35 1.0000000180025095e-35 12.500000000000002 1.0000000180025095e-35 1.0000000180025095e-35
decision_type=1 2 2 2 1 2 2 2 2 2 2 2 2 2 2 9 2 2 2 2 2 2 2 2 2 2 2 2 2 2
left_child=2 3 10 4 7 6 -5 13 9 -9 11 15 -13 -2 17 -1 25 18 23 -20 21 -12 -22 -6 -25 26 27 -14 -17 -15
right_child=1 -3 -4 5 14 -7 -8 8 -10 -11 20 12 16 29 -16 28 -18 -19 19 -21 22 -23 -24 24 -26 -27 -28 -29 -30 -31
leaf_value=-0.052902365297787635 -0.0055756396800876219 -0.03340286338031824 0.029969912794211719 0.00044128701174893717 -0.012805483288272041 -0.024619449235240433 0.018721755958234301 0.026301155036109365 -0.020354959840253081 -0.0046628430334282591 -0.011951202244470391 0.010004935714139964 -0.035669081654823243 -0.010324481358354341 0.059341631076113247 0.0030787348663118565 -0.042999442031549567 0.038355145436178087 -0.054053593757851071 0.012306971793294827 -0.025539810793712231 0.012555605022075015 0.026521270258010744 -0.011939064785377897 0.014772001535008787 0.0035931993816441556 0.016293279361724734 0.009330877401448251 0.041343835439196092 0.011002720167666947
leaf_weight=152.2592149975244 38572.883960543346 2742.9697982663492 2855.7382889522705 5722.9433895827096 23260.928893590361 1059.5022812283714 4583.0055550981779 2359.3123858557083 1021.6500922426349 907.35866306605749 1541.9710219593253 1855.446406699717 1461.8549408077379 1248.6187467514537 101.26193861383945 117650.78757686494 566.27530887455214 183.95505032280926 890.09009326944943 360.4850807065377 214.41768447123468 4610.2881764345802 2396.1681840337114 1306.4663625784451 1267.0358651318238 1268.1646666937741 386.08839012228418 279.08136435237247 307.13497732300311 3698.8102790010162
leaf_count=1033 417618 235949 25809 47617 549450 59743 11777 4832 5947 4053 9843 7334 27730 10562 205 331009 23547 1876 55012 5895 1100 8770 4569 23831 10938 17452 3828 5999 974 9646
internal_value=0 -0.00565496 0.00372521 -0.00477591 -0.00632588 0.00547603 0.00857152 -0.00314191 0.00863099 0.0176996 0.00316051 0.00259699 -0.00764638 -0.00430289 -0.0118816 0.00310154 -0.0159153 -0.0121517 -0.0124956 -0.0349235 0.0111288 0.00641206 0.0222393 -0.0114091 0.00121021 -0.0113908 -0.0203257 -0.0284519 0.00317832 0.00561871
internal_weight=224833 89287.3 135546 86544.3 75178.9 11365.5 10305.9 47808.6 4288.32 3266.67 132690 123927 5816.91 43520.3 27370.2 118110 3961.46 27269 27085 1250.58 8762.85 6152.26 2610.59 25834.4 2573.5 3395.19 2127.02 1740.94 117958 4947.43
internal_count=1923948 1454951 468997 1219002 1099865 119137 59394 452658 14832 8885 443188 418906 85890 437826 647207 333016 78556 647002 645126 60907 24282 18613 5669 584219 34769 55009 37557 33729 331983 20208
cat_boundaries=0 1 2 16
cat_threshold=199 3080 0 0 0 0 0 0 0 0 0 0 0 0 0 128
is_linear=0
shrinkage=0.05


Tree=47
num_leaves=31
num_cat=8
split_feature=160 223 160 166 163 159 202 160 164 176 173 169 176 169 223 180 161 211 170 165 173 160 167 176 195 195 173 173 164 193
split_gain=2004.03 731.383 446.045 442.562 389.95 369.172 347.038 340.269 330.582 310.376 426.267 305.206 304.502 261.005 254.9 242.303 225.127 238.378 203.113 360.749 342.101 202.518 238.984 197.571 199.762 196.751 187.641 177.483 175.467 175.411
threshold=0 1.0000000180025095e-35 1 125.00000000000001 4.5000000000000009 2 1.0000000180025095e-35 3 4 1.0000000180025095e-35 17.500000000000004 1.0000000180025095e-35 1.0000000180025095e-35 1.0000000180025095e-35 1.0000000180025095e-35 1.0000000180025095e-35 5 7.5000000000000009 1.0000000180025095e-35 75.000000000000014 6.5000000000000009 6 1.0000000180025095e-35 1.0000000180025095e-35 1.0000000180025095e-35 1.0000000180025095e-35 3.5000000000000004 20.500000000000004 7 1.0000000180025095e-35
decision_type=9 2 9 2 2 1 2 9 9 2 2 2 2 2 2 2 9 2 2 2 2 9 2 2 2 2 2 2 9 2
left_child=3 2 25 6 13 9 14 26 -7 -4 -11 15 -8 23 18 16 -10 -18 19 21 -21 -1 29 -5 -25 28 -3 -20 -2 -23
right_child=1 7 5 4 -6 8 12 -9 11 10 -12 -13 -14 -15 -16 -17 17 -19 27 20 -22 22 -24 24 -26 -27 -28 -29 -30 -31
leaf_value=0.0080466578781821577 -0.0048072933500361596 -0.055446009853755175 -0.0080028537149226774 0.019300315754849234 -0.0071068537634441341 -0.017161073389410475 -0.018306746780041842 -0.045600510010792135 0.03112514213335529 -0.041412664528224126 -0.00088740264170031563 0.0098184800909673908 0.0096909846451274685 0.025986494035588836 -0.022794902948427762 0.0025179811327888531 -0.0062733436013829875 0.0053114961746633452 0.013002049589249843 0.008535030575057714 -0.018391245437723126 0.0021897308161333662 0.029259311371995861 -0.0054202070914275476 0.024687471070746224 -0.049230152353534611 0.050977278674044037 -0.017410478826406142 -0.027448196993679969 0.040554092653439192
leaf_weight=22027.84471637581 1613.482996381761 55.918976778397337 9400.3972871927544 2968.2486226634355 2052.218679072088 3875.8685990489466 3383.3733194997767 1547.7957614928309 422.55530913139228 1812.65379807516 1010.9716064335225 4927.5161976997042 1361.4148011833313 4412.0373416224757 912.13602652581176 14783.243330485537 43828.768722122797 4940.184552492341 7982.1069163039792 1758.0850480045192 3581.9124703320849 77552.108551198209 832.67247227486223 2452.9854140593379 709.94598566368222 548.66963480506092 155.3189842129359 509.83659412711859 1852.1699190077779 298.61454990226775
leaf_count=48698 37590 1765 143144 15502 36755 105114 61583 211637 2055 81490 30786 25139 28326 33618 20645 51361 480831 20208 19761 7096 76356 199783 1167 16034 1165 52877 1902 3487 107099 974
internal_value=0 -0.00572523 -0.00509478 0.00391376 0.0128308 -0.00432332 0.0029796 -0.0376486 -0.00297166 -0.0123609 -0.0269075 -0.00217092 -0.0102722 0.0167123 0.00352428 -0.00309486 -0.00478177 -0.00509864 0.00373401 0.00313811 -0.00952541 0.00380966 0.00262203 0.0100362 0.00133896 -0.0213623 0.0216924 0.0111746 -0.0170041 0.00233721
internal_weight=223571 90775.5 89016.5 132796 12595.4 85002.2 120200 1759.03 72778.1 12224 2823.63 68902.3 4744.79 10543.2 115455 63974.8 49191.5 48769 114543 106051 5340 100711 78683.4 6131.18 3162.93 4014.32 211.238 8491.94 3465.65 77850.7
internal_count=1923948 1352998 1137694 570950 103074 940128 467876 215304 684708 255420 112276 579594 89909 66319 377967 554455 503094 501039 357322 334074 83452 250622 201924 32701 17199 197566 3667 23248 144689 200757
cat_boundaries=0 39 79 80 116 140 154 188 199
cat_threshold=32 0 4 0 4096 0 0 0 0 131072 0 0 0 0 0 0 0 0 0 0 0 0 0 224 0 0 0 0 0 0 0 0 0 41943040 512 0 0 1 2147483648 8192 0 0 0 0 0 0 0 0 0 8388608 0 0 0 0 0 0 0 0 0 0 0 0 0 0 0 0 0 0 0 0 0 0 0 0 0 0 0 0 262144 20480 0 0 0 0 0 0 0 0 0 0 0 0 0 0 0 0 0 0 0 0 0 0 0 0 0 0 0 0 0 0 0 0 0 0 0 512 0 0 4 0 0 0 0 0 0 131072 8388608 0 0 0 0 0 0 0 0 0 0 0 0 64 0 0 0 0 0 8388608 0 0 0 0 0 0 0 256 0 0 0 0 0 0 0 0 0 0 0 0 0 0 0 0 0 0 0 0 0 0 0 192 0 0 0 0 0 0 0 0 0 8388608 0 0 4 0 4096 0 0 0 0 131072 8388608
is_linear=0
shrinkage=0.05


Tree=48
num_leaves=31
num_cat=9
split_feature=160 223 160 166 163 196 164 160 187 176 169 169 223 163 173 195 161 180 211 173 176 195 222 160 166 173 173 196 160 173
split_gain=1915.2 688.195 429.287 416.145 364.885 346.729 309.535 308.801 307.298 286.163 280.216 241.598 239.664 205.65 198.909 185.183 168.443 177.152 186.697 168.435 168.252 180.114 163.61 410.215 257.141 161.733 161.696 432.533 382.568 200.27
threshold=0 1.0000000180025095e-35 1 125.00000000000001 4.5000000000000009 2 3 4 1.0000000180025095e-35 1.0000000180025095e-35 1.0000000180025095e-35 1.0000000180025095e-35 1.0000000180025095e-35 4.5000000000000009 11.500000000000002 1.0000000180025095e-35 5 1.0000000180025095e-35 7.5000000000000009 8.5000000000000018 1.0000000180025095e-35 1.0000000180025095e-35 1.0000000180025095e-35 6 175.00000000000003 3.5000000000000004 8.5000000000000018 7 8 16.500000000000004
decision_type=9 2 9 2 2 1 9 9 2 2 2 2 2 2 2 2 9 2 2 2 2 2 2 9 2 2 2 1 9 2
left_child=3 2 15 8 11 14 -7 25 12 -10 13 20 -1 16 -4 -2 -8 18 26 -6 22 -22 23 -5 -24 -3 27 -18 29 -28
right_child=1 7 5 4 19 6 10 -9 9 -11 -12 -13 -14 -15 -16 -17 17 -19 -20 -21 21 -23 24 -25 -26 -27 28 -29 -30 -31
leaf_value=0.0036443431258984106 -0.016902951460407472 -0.053987874191336951 -0.014842608058935093 0.046363726446919468 -0.026186310907991714 -0.016502400906871204 0.029676671030598185 -0.045024053173794688 -0.01750619787131244 0.0096256489060929512 0.0095841425477296502 0.025412261287657362 -0.022414486895879323 -0.018852618899682913 -0.0033854462761269324 -0.048782361285851068 0.0011047754821395725 0.0022119517670829473 0.0049791896722344497 0.0038431000747724702 -0.0046475801264522307 0.024139537812833758 0.026959874475751985 0.0051543963144118779 -0.045896606875593673 0.048024506619230745 -0.01237039832974446 -0.017937688139081701 -0.0013654752028622692 -0.03091418458275691
leaf_weight=114144.54403867495 3436.8380584248807 51.930439367424697 10636.455987687019 1093.074816012755 721.03233374623233 3812.6801371429174 399.27520061912946 1480.4100267518807 3332.2991368780931 1371.244234702026 4939.5436927246628 4307.5610373767122 888.66523824472097 1932.2147316956543 5886.2446233651062 525.19399521124433 16525.61272642175 14773.161263051559 4941.7591926242458 1322.6010051683843 2416.1285353062558 700.44190796045586 251.57899839198217 1357.3311625232163 232.56390674336581 149.56998076383024 6756.3433425242256 3627.9791712533624 8433.8877560645342 1856.8207165434287
leaf_count=357322 144689 1765 189330 3564 13546 105114 2031 211637 61583 28326 25139 33618 20645 65286 126718 52877 80299 51361 20208 23209 16034 1165 895 8935 2108 1902 100106 25568 88350 60618
internal_value=0 -0.00561782 -0.00501602 0.0038335 0.0125522 -0.00425971 -0.00267998 -0.0372979 0.00293065 -0.00959509 -0.00185628 0.0163615 0.00344289 -0.00281057 -0.010755 -0.0210825 -0.0022695 -0.00249873 -0.0041508 -0.00675321 0.00991624 0.00182349 0.0185075 0.023755 -0.00803855 0.0206199 -0.00536382 -0.00233165 -0.00894809 -0.0163512
internal_weight=222305 90165.9 88484 132139 12402.3 84522 67999.3 1681.91 119737 4703.54 64186.6 10358.7 115033 59247.1 16522.7 3962.03 57314.8 56915.6 42142.4 2043.63 6051.12 3116.57 2934.55 2450.41 484.143 201.5 37200.6 20153.6 17047.1 8613.16
internal_count=1923948 1352998 1137694 570950 103074 940128 624080 215304 467876 89909 518966 66319 377967 493827 316048 197566 428541 426510 375149 36755 32701 17199 15502 12499 3003 3667 354941 105867 249074 160724
cat_boundaries=0 39 79 80 104 140 146 151 152 191
cat_threshold=32 0 4 0 4096 0 0 0 0 131072 0 0 0 0 0 0 0 0 0 0 0 0 0 224 0 0 0 0 0 0 0 0 0 41943040 512 0 0 1 2147483648 8192 0 0 0 0 0 0 0 0 0 8388608 0 0 0 0 0 0 0 0 0 0 0 0 0 0 0 0 0 0 0 0 0 0 0 0 0 0 0 0 262144 536 0 0 4 0 0 0 0 0 0 131072 8388608 0 0 0 0 0 0 0 0 0 0 0 0 64 0 0 0 0 0 0 0 0 0 0 0 0 0 0 0 0 0 0 0 0 0 0 0 0 0 0 0 0 0 0 0 0 0 0 0 512 0 0 0 0 0 8388608 0 0 0 0 4096 1057 0 0 0 0 0 0 0 0 0 0 0 0 0 0 0 0 0 0 0 0 0 0 0 0 0 0 0 0 0 0 0 0 0 0 0 0 1 8192 33280
is_linear=0
shrinkage=0.05


Tree=49
num_leaves=31
num_cat=7
split_feature=196 223 169 170 196 167 164 173 182 176 164 173 173 194 221 182 173 166 161 173 167 161 164 222 163 176 211 173 167 169
split_gain=1597.63 704.209 633.46 519.228 449.843 403.029 390.931 351.422 379.468 266.137 250.629 330.698 298.093 381.405 393.746 332.476 614.623 242.273 216.943 215.117 213.381 209.073 190.39 188.46 353.694 190.722 186.151 176.682 169.458 162.603
threshold=0 1.0000000180025095e-35 1.0000000180025095e-35 1.0000000180025095e-35 1 1.0000000180025095e-35 2 10.500000000000002 1.0000000180025095e-35 1.0000000180025095e-35 3 11.500000000000002 11.500000000000002 1.0000000180025095e-35 1.0000000180025095e-35 1.0000000180025095e-35 20.500000000000004 60.000000000000007 4 9.5000000000000018 1.0000000180025095e-35 5 6 1.0000000180025095e-35 1.0000000180025095e-35 1.0000000180025095e-35 5.5000000000000009 7.5000000000000009 1.0000000180025095e-35 1.0000000180025095e-35
decision_type=1 2 2 2 1 2 9 2 2 2 9 2 2 2 2 2 2 2 9 2 2 9 9 2 2 2 2 2 2 2
left_child=1 3 10 4 7 6 -5 8 -1 -10 11 23 13 14 21 18 -17 -13 -14 20 22 -12 29 24 25 -2 -9 -8 -19 -6
right_child=2 -3 -4 5 19 -7 27 26 9 -11 12 17 15 -15 -16 16 -18 28 -20 -21 -22 -23 -24 -25 -26 -27 -28 -29 -30 -31
leaf_value=-0.0013679400653027847 0.050902059810553693 -0.031494745518145253 0.02784679927065227 0.014316353783430489 -0.018543016415023653 -0.024108349360399996 -0.022520365252148893 -0.012116307853438734 0.025010300189376118 -0.017715793803155331 -0.034223728451693983 0.012844692880866869 0.030393927099934184 0.013898154514442105 0.012154382631730531 0.0026239913544905576 -0.034990773732705892 -0.0040484903498869684 0.0061349202329571834 -0.0063485155300983176 -0.047838655601035604 -0.0046566456171891419 -0.017792293804009193 -0.039836934327682337 0.0072917853308441388 0.0066029108070828589 0.0021624907013401097 0.0041302454992513263 0.018805963035710267 -0.00017332196720833118
leaf_weight=25881.917911229335 727.85938652837649 2485.5761703132885 2604.3804852778267 7549.8510276724992 1785.523100607068 1034.5919344102731 1184.2583480439207 11081.840757247977 2296.5357036876958 432.69103080721106 599.53240127989557 2961.7535657499684 948.56550366425654 3463.3364745103172 3626.4542131632916 4835.0683052224049 1400.0035641553113 14515.522674699547 24848.43369433179 15267.60914909016 470.07542138945428 31890.303079518024 9888.9331240315951 205.89679975583567 40037.095033833175 365.25158986821771 2873.7413152696099 1308.2086117661238 858.52159488745383 3702.613459170796
leaf_count=160440 2394 235949 25809 25779 56816 59743 16422 206308 4832 1748 4216 7153 4778 9620 12455 36223 22691 33391 94757 391262 24510 139826 212919 1954 70932 825 18702 17193 1973 22328
internal_value=0 -0.00526448 0.00343058 -0.00449564 -0.00601303 0.0055971 0.008659 -0.00267025 0.000501881 0.0182327 0.00294633 0.00533925 0.000951411 -0.00195045 -0.00347054 0.00453745 -0.00582324 -0.00024836 0.00704186 -0.0105816 -0.0146659 -0.00521488 -0.01365 0.00781918 0.00805835 0.0361143 -0.00917568 -0.00849828 -0.00277135 -0.00614063
internal_weight=221132 87244 133888 84758.4 73681.5 11076.9 10042.3 42566.7 28611.1 2729.23 131284 59671.9 71611.7 39579.6 36116.3 32032.1 6235.07 18335.8 25797 31114.8 15847.1 32489.8 15377.1 41336.1 41130.2 1093.11 13955.6 2492.47 15374 5488.14
internal_count=1923948 1454951 468997 1219002 1099865 119137 59394 392030 167020 6580 443188 118622 324566 166117 156497 158449 58914 42517 99535 707835 316573 144042 292063 76105 74151 3219 225010 33615 35364 79144
cat_boundaries=0 1 2 26 50 84 118 142
cat_threshold=3640 3072 0 0 0 0 0 0 0 0 0 0 8388608 0 0 0 0 0 0 0 0 0 0 0 0 160 0 0 0 0 4096 0 0 0 0 131072 0 0 0 0 0 0 0 0 0 0 0 0 0 32 0 0 0 0 0 8388608 0 0 0 0 0 0 0 0 0 0 0 0 0 0 0 0 0 0 0 0 0 0 0 0 0 0 0 32768 0 0 0 0 0 0 0 0 0 0 0 0 0 128 0 0 0 0 0 0 0 0 0 0 0 0 0 0 0 0 0 0 0 32768 0 0 0 0 0 0 0 0 0 0 0 0 0 0 0 0 0 0 0 0 0 0 0 224
is_linear=0
shrinkage=0.05


end of trees

feature_importances:
candidate_card_id=237
post_action_hand_count=169
candidate_target_id=127
post_action_ko_estimate=121
candidate_target_appear_this_turn=70
action_type=63
candidate_attack_id=59
trainer_low_deck_risk=54
candidate_fills_energy=53
candidate_target_is_active=49
candidate_target_energy=47
post_action_powerful_hand_damage=39
candidate_inplay_area=35
ability_low_deck_risk=35
candidate_target_hp=34
xerosic_opp_hand_value=33
candidate_target_max_hp=31
energy_target_existing_energy_value=23
attack_lethal_estimate=21
retreat_active_damage_value=21
candidate_fills_stage2=20
candidate_is_route_card=18
option_type=15
target_is_alakazam=15
is_retreat=14
candidate_area=13
candidate_fills_missing_abra=11
attack_overkill_estimate=6
target_is_dunsparce=6
candidate_is_alakazam=5
candidate_is_psychic_energy=5
is_trainer=5
boss_opp_bench_low_hp_value=5
bench_early_game_value=5
end_has_attack_ready_penalty=5
candidate_hand_cost=3
target_is_abra=3
is_attack=3
is_xerosic=3
hammer_opp_active_energy_value=3
hammer_opp_active_special_energy_value=3
candidate_target_is_bench=2
breaks_current_ko_estimate=2
powerful_hand_attack_option=2
target_is_kadabra=2
target_is_dudunsparce=1
is_ability=1
is_energy=1
energy_target_is_alakazam_value=1
energy_target_is_fezandipiti_value=1

parameters:
[boosting: gbdt]
[objective: lambdarank]
[metric: ndcg]
[tree_learner: serial]
[device_type: cpu]
[data_sample_strategy: bagging]
[data: ]
[valid: ]
[num_iterations: 50]
[learning_rate: 0.05]
[num_leaves: 31]
[num_threads: 4]
[seed: 741]
[deterministic: 0]
[force_col_wise: 0]
[force_row_wise: 0]
[histogram_pool_size: -1]
[max_depth: -1]
[min_data_in_leaf: 40]
[min_sum_hessian_in_leaf: 0.001]
[bagging_fraction: 0.85]
[pos_bagging_fraction: 1]
[neg_bagging_fraction: 1]
[bagging_freq: 0]
[bagging_seed: 9664]
[bagging_by_query: 0]
[feature_fraction: 0.85]
[feature_fraction_bynode: 1]
[feature_fraction_seed: 7560]
[extra_trees: 0]
[extra_seed: 5152]
[early_stopping_round: 0]
[early_stopping_min_delta: 0]
[first_metric_only: 0]
[max_delta_step: 0]
[lambda_l1: 0.1]
[lambda_l2: 0.5]
[linear_lambda: 0]
[min_gain_to_split: 0]
[drop_rate: 0.1]
[max_drop: 50]
[skip_drop: 0.5]
[xgboost_dart_mode: 0]
[uniform_drop: 0]
[drop_seed: 20317]
[top_rate: 0.2]
[other_rate: 0.1]
[min_data_per_group: 100]
[max_cat_threshold: 32]
[cat_l2: 10]
[cat_smooth: 10]
[max_cat_to_onehot: 4]
[top_k: 20]
[monotone_constraints: ]
[monotone_constraints_method: basic]
[monotone_penalty: 0]
[feature_contri: ]
[forcedsplits_filename: ]
[refit_decay_rate: 0.9]
[cegb_tradeoff: 1]
[cegb_penalty_split: 0]
[cegb_penalty_feature_lazy: ]
[cegb_penalty_feature_coupled: ]
[path_smooth: 0]
[interaction_constraints: ]
[verbosity: -1]
[saved_feature_importance_type: 0]
[use_quantized_grad: 0]
[num_grad_quant_bins: 4]
[quant_train_renew_leaf: 0]
[stochastic_rounding: 1]
[linear_tree: 0]
[max_bin: 255]
[max_bin_by_feature: ]
[min_data_in_bin: 3]
[bin_construct_sample_cnt: 200000]
[data_random_seed: 2458]
[is_enable_sparse: 1]
[enable_bundle: 1]
[use_missing: 1]
[zero_as_missing: 0]
[feature_pre_filter: 1]
[pre_partition: 0]
[two_round: 0]
[header: 0]
[label_column: ]
[weight_column: ]
[group_column: ]
[ignore_column: ]
[categorical_feature: 27,35,154,159,160,161,164,196]
[forcedbins_filename: ]
[precise_float_parser: 0]
[parser_config_file: ]
[objective_seed: 17010]
[num_class: 1]
[is_unbalance: 0]
[scale_pos_weight: 1]
[sigmoid: 1]
[boost_from_average: 1]
[reg_sqrt: 0]
[alpha: 0.9]
[fair_c: 1]
[poisson_max_delta_step: 0.7]
[tweedie_variance_power: 1.5]
[lambdarank_truncation_level: 30]
[lambdarank_norm: 1]
[label_gain: ]
[lambdarank_position_bias_regularization: 0]
[eval_at: 1,2,3,4,5]
[multi_error_top_k: 1]
[auc_mu_weights: ]
[num_machines: 1]
[local_listen_port: 12400]
[time_out: 120]
[machine_list_filename: ]
[machines: ]
[gpu_platform_id: -1]
[gpu_device_id: -1]
[gpu_use_dp: 0]
[num_gpu: 1]

end of parameters

pandas_categorical:null
