attack_ledger,contexts,create_time,episode_id,first_attack_turn,first_ready_turn,first_shadow_turn,is_first_choice,is_first_offered,log_turns,min_overage,opening_basics,opening_dark_energy,opening_grim_ex,opening_hand,opening_impidimp,opening_morgrem,opening_rare_candy,opp_attacks,opp_bodies_left,opp_damage,opp_deck_left,opp_first_attack_turn,opp_grim_ko,opp_kos,opp_max_attack_damage,opp_mulligans,opp_one_shot_kos,opp_prize_left,opponent_family,opponent_hash,opponent_rating,opponent_submission,our_active_steps,our_attacks,our_bodies_left,our_damage,our_deck_left,our_draws,our_empty_actions,our_grim_ko,our_grim_one_shot,our_hand_left,our_ko_ledger,our_kos,our_max_attack_damage,our_mulligans,our_one_shot_kos,our_prize_left,our_rating,our_small_ko,our_turns,our_zero_damage_attacks,seat,statuses,turns,version,went_first,won
"[{""t"": 5, ""by"": ""us"", ""atk"": 937, ""card"": 648, ""dmg"": 210, ""ko"": 1, ""os"": 1}, {""t"": 6, ""by"": ""opp"", ""atk"": 937, ""card"": 648, ""dmg"": 210, ""ko"": 0, ""os"": 0}, {""t"": 7, ""by"": ""us"", ""atk"": 937, ""card"": 648, ""dmg"": 240, ""ko"": 0, ""os"": 0}, {""t"": 8, ""by"": ""opp"", ""atk"": 937, ""card"": 648, ""dmg"": 230, ""ko"": 1, ""os"": 0}, {""t"": 9, ""by"": ""us"", ""atk"": 937, ""card"": 648, ""dmg"": 240, ""ko"": 0, ""os"": 0}, {""t"": 10, ""by"": ""opp"", ""atk"": 937, ""card"": 648, ""dmg"": 240, ""ko"": 2, ""os"": 0}, {""t"": 11, ""by"": ""us"", ""atk"": 937, ""card"": 648, ""dmg"": 240, ""ko"": 1, ""os"": 0}, {""t"": 13, ""by"": ""us"", ""atk"": 937, ""card"": 648, ""dmg"": 210, ""ko"": 1, ""os"": 0}]","{""0"": 48, ""1"": 1, ""3"": 3, ""4"": 1, ""5"": 2, ""7"": 16, ""13"": 3, ""15"": 5, ""16"": 3, ""21"": 7, ""22"": 2, ""30"": 3, ""37"": 1, ""40"": 3, ""41"": 1, ""43"": 3}",2026-08-10T10:50:53.650257100Z,91625099,5,5,5,0,True,13,584.4062639999996,1,1,1,647|1219|648|112|1182|1182|7,0,1,0,3,5,680,24,6,2,4,240,0,0,1,Grimmsnarl (mirror),9714ab5c3996f6cc,,55404196,102,5,5,1140,13,33,0,1,0,6,"[{""t"": 8, ""c"": 112, ""os"": false}, {""t"": 10, ""c"": 648, ""os"": false}, {""t"": 10, ""c"": 112, ""os"": false}, {""t"": 12, ""c"": 112, ""os"": false}]",4,240,0,1,2,,3,7,0,0,DONE|DONE,13,v15,True,True
"[{""t"": 9, ""by"": ""opp"", ""atk"": 422, ""card"": 304, ""dmg"": 240, ""ko"": 1, ""os"": 0}, {""t"": 10, ""by"": ""us"", ""atk"": 937, ""card"": 648, ""dmg"": 390, ""ko"": 1, ""os"": 1}, {""t"": 11, ""by"": ""opp"", ""atk"": 433, ""card"": 311, ""dmg"": 180, ""ko"": 0, ""os"": 0}, {""t"": 12, ""by"": ""us"", ""atk"": 937, ""card"": 648, ""dmg"": 210, ""ko"": 1, ""os"": 1}, {""t"": 14, ""by"": ""us"", ""atk"": 937, ""card"": 648, ""dmg"": 210, ""ko"": 2, ""os"": 2}]","{""0"": 40, ""1"": 1, ""4"": 1, ""5"": 1, ""7"": 11, ""13"": 9, ""15"": 3, ""16"": 9, ""21"": 4, ""22"": 1, ""27"": 1, ""40"": 9, ""43"": 1}",2026-08-10T10:52:09.480866200Z,91625197,10,10,10,,False,14,589.0638059999999,1,0,1,1137|104|648|112|1227|1259|1259,0,0,0,2,0,420,25,9,0,1,240,1,0,5,other: Hop's Trevenant,986c89d6bbe428f2,706.986,54014801,91,3,6,810,21,40,0,0,0,10,"[{""t"": 9, ""c"": 112, ""os"": false}]",7,390,1,4,1,600.0,1,7,0,1,DONE|DONE,14,v15,False,True
"[{""t"": 2, ""by"": ""opp"", ""atk"": 981, ""card"": 677, ""dmg"": 0, ""ko"": 0, ""os"": 0}, {""t"": 4, ""by"": ""opp"", ""atk"": 983, ""card"": 678, ""dmg"": 240, ""ko"": 1, ""os"": 1}, {""t"": 5, ""by"": ""us"", ""atk"": 937, ""card"": 648, ""dmg"": 210, ""ko"": 0, ""os"": 0}, {""t"": 6, ""by"": ""opp"", ""atk"": 982, ""card"": 678, ""dmg"": 130, ""ko"": 0, ""os"": 0}, {""t"": 7, ""by"": ""us"", ""atk"": 937, ""card"": 648, ""dmg"": 210, ""ko"": 1, ""os"": 0}, {""t"": 8, ""by"": ""opp"", ""atk"": 982, ""card"": 678, ""dmg"": 190, ""ko"": 0, ""os"": 0}, {""t"": 9, ""by"": ""us"", ""atk"": 937, ""card"": 648, ""dmg"": 210, ""ko"": 0, ""os"": 0}, {""t"": 10, ""by"": ""opp"", ""atk"": 983, ""card"": 678, ""dmg"": 300, ""ko"": 0, ""os"": 0}, {""t"": 11, ""by"": ""us"", ""atk"": 937, ""card"": 648, ""dmg"": 210, ""ko"": 1, ""os"": 0}]","{""0"": 43, ""1"": 1, ""3"": 1, ""4"": 1, ""5"": 1, ""7"": 15, ""13"": 6, ""15"": 4, ""16"": 6, ""21"": 5, ""22"": 2, ""30"": 2, ""37"": 1, ""40"": 6, ""41"": 1, ""43"": 2}",2026-08-10T10:56:07.512880800Z,91626105,5,5,5,0,True,11,586.6720519999998,1,0,1,112|1227|1080|648|1259|1097|647,0,1,0,5,3,860,10,2,0,1,300,0,1,5,Mega Lucario,c3c16f0e65487ad6,742.8029,54967117,97,4,6,840,18,34,0,0,0,10,"[{""t"": 4, ""c"": 112, ""os"": true}]",4,210,0,0,1,742.2604,1,6,0,0,DONE|DONE,11,v15,True,True
"[{""t"": 6, ""by"": ""us"", ""atk"": 937, ""card"": 648, ""dmg"": 220, ""ko"": 1, ""os"": 0}, {""t"": 7, ""by"": ""opp"", ""atk"": 1070, ""card"": 741, ""dmg"": 30, ""ko"": 0, ""os"": 0}, {""t"": 8, ""by"": ""us"", ""atk"": 937, ""card"": 648, ""dmg"": 400, ""ko"": 1, ""os"": 1}, {""t"": 9, ""by"": ""opp"", ""atk"": 1072, ""card"": 743, ""dmg"": 310, ""ko"": 1, ""os"": 0}, {""t"": 10, ""by"": ""us"", ""atk"": 937, ""card"": 648, ""dmg"": 390, ""ko"": 2, ""os"": 0}]","{""0"": 28, ""1"": 1, ""3"": 1, ""4"": 1, ""5"": 2, ""7"": 12, ""13"": 3, ""15"": 3, ""16"": 3, ""21"": 6, ""22"": 2, ""30"": 1, ""37"": 1, ""40"": 3, ""43"": 2}",2026-08-10T11:00:07.290827300Z,91627018,6,4,6,,False,10,590.029372,1,0,0,1152|1219|1122|1097|860|1079|1086,0,0,1,2,1,340,37,7,0,1,310,0,0,4,Alakazam,e452d606e1029229,771.2699,55304615,69,3,4,1010,26,25,0,1,0,6,"[{""t"": 9, ""c"": 648, ""os"": false}]",5,400,0,1,1,838.7802,0,5,0,1,DONE|DONE,10,v15,False,True
"[{""t"": 2, ""by"": ""opp"", ""atk"": 478, ""card"": 344, ""dmg"": 0, ""ko"": 0, ""os"": 0}, {""t"": 3, ""by"": ""us"", ""atk"": 937, ""card"": 648, ""dmg"": 40, ""ko"": 0, ""os"": 0}, {""t"": 5, ""by"": ""us"", ""atk"": 937, ""card"": 648, ""dmg"": 50, ""ko"": 0, ""os"": 0}, {""t"": 6, ""by"": ""opp"", ""atk"": 479, ""card"": 345, ""dmg"": 260, ""ko"": 0, ""os"": 0}, {""t"": 7, ""by"": ""us"", ""atk"": 937, ""card"": 648, ""dmg"": 230, ""ko"": 2, ""os"": 2}, {""t"": 8, ""by"": ""opp"", ""atk"": 479, ""card"": 345, ""dmg"": 250, ""ko"": 1, ""os"": 0}, {""t"": 9, ""by"": ""us"", ""atk"": 937, ""card"": 648, ""dmg"": 40, ""ko"": 0, ""os"": 0}, {""t"": 10, ""by"": ""opp"", ""atk"": 479, ""card"": 345, ""dmg"": 300, ""ko"": 0, ""os"": 0}, {""t"": 11, ""by"": ""us"", ""atk"": 937, ""card"": 648, ""dmg"": 40, ""ko"": 0, ""os"": 0}, {""t"": 12, ""by"": ""opp"", ""atk"": 479, ""card"": 345, ""dmg"": 280, ""ko"": 1, ""os"": 0}]","{""0"": 39, ""1"": 1, ""2"": 1, ""3"": 1, ""4"": 2, ""5"": 2, ""7"": 13, ""13"": 4, ""15"": 5, ""16"": 4, ""21"": 7, ""22"": 2, ""27"": 1, ""34"": 2, ""37"": 2, ""38"": 1, ""40"": 4, ""41"": 1, ""43"": 3}",2026-08-10T11:04:07.253495300Z,91627968,3,3,3,0,True,13,586.2836629999995,2,0,1,1182|860|646|648|1097|1086|1086,1,0,0,5,0,1090,35,2,0,2,300,4,0,2,Kangaskhan / Crustle,6977b2047b1f620e,722.2697,53781769,95,5,6,400,11,38,0,2,0,7,"[{""t"": 8, ""c"": 648, ""os"": false}, {""t"": 12, ""c"": 648, ""os"": false}]",4,230,0,2,3,907.1745,0,7,0,0,DONE|DONE,13,v15,True,True
"[{""t"": 5, ""by"": ""opp"", ""atk"": 1072, ""card"": 743, ""dmg"": 160, ""ko"": 1, ""os"": 1}, {""t"": 6, ""by"": ""us"", ""atk"": 937, ""card"": 648, ""dmg"": 390, ""ko"": 1, ""os"": 1}, {""t"": 7, ""by"": ""opp"", ""atk"": 1072, ""card"": 743, ""dmg"": 320, ""ko"": 1, ""os"": 1}, {""t"": 8, ""by"": ""us"", ""atk"": 937, ""card"": 648, ""dmg"": 390, ""ko"": 1, ""os"": 1}, {""t"": 9, ""by"": ""opp"", ""atk"": 1072, ""card"": 743, ""dmg"": 320, ""ko"": 1, ""os"": 1}, {""t"": 11, ""by"": ""opp"", ""atk"": 1072, ""card"": 743, ""dmg"": 340, ""ko"": 1, ""os"": 1}]","{""0"": 31, ""1"": 1, ""3"": 2, ""4"": 3, ""5"": 1, ""7"": 10, ""15"": 2, ""21"": 5, ""22"": 2, ""30"": 1, ""43"": 2}",2026-08-10T11:08:07.318686500Z,91628892,6,6,6,,False,11,589.4884730000001,1,0,0,1182|1219|1219|1227|646|647|1079,1,1,1,4,6,1140,15,5,0,4,340,0,4,1,Alakazam,3eab55e0c01eea42,878.2113,55392982,60,2,5,780,26,20,0,2,2,2,"[{""t"": 5, ""c"": 646, ""os"": true}, {""t"": 7, ""c"": 648, ""os"": true}, {""t"": 9, ""c"": 648, ""os"": true}, {""t"": 11, ""c"": 646, ""os"": true}]",2,390,0,2,4,944.6486,2,5,0,1,DONE|DONE,11,v15,False,False
"[{""t"": 4, ""by"": ""us"", ""atk"": 937, ""card"": 648, ""dmg"": 230, ""ko"": 1, ""os"": 1}, {""t"": 6, ""by"": ""us"", ""atk"": 937, ""card"": 648, ""dmg"": 230, ""ko"": 1, ""os"": 0}, {""t"": 8, ""by"": ""us"", ""atk"": 937, ""card"": 648, ""dmg"": 400, ""ko"": 1, ""os"": 0}, {""t"": 10, ""by"": ""us"", ""atk"": 937, ""card"": 648, ""dmg"": 390, ""ko"": 1, ""os"": 0}]","{""0"": 34, ""1"": 1, ""3"": 1, ""5"": 2, ""7"": 12, ""13"": 4, ""15"": 4, ""16"": 4, ""21"": 4, ""22"": 1, ""30"": 1, ""37"": 1, ""38"": 1, ""40"": 4, ""43"": 1}",2026-08-10T11:12:09.441527400Z,91629835,4,4,4,,False,10,588.0730060000001,1,1,0,1079|647|112|1152|7|1086|1219,0,1,1,0,1,0,34,,0,0,0,2,0,6,other: Team Rocket's Mewtwo ex,ce875d482eaa7ade,847.5058,55403813,75,4,6,1250,20,24,0,0,0,12,[],5,400,0,1,1,868.7287,0,5,0,1,DONE|DONE,10,v15,False,True
"[{""t"": 3, ""by"": ""opp"", ""atk"": 934, ""card"": 646, ""dmg"": 0, ""ko"": 0, ""os"": 0}, {""t"": 4, ""by"": ""us"", ""atk"": 937, ""card"": 648, ""dmg"": 210, ""ko"": 1, ""os"": 1}, {""t"": 5, ""by"": ""opp"", ""atk"": 937, ""card"": 648, ""dmg"": 240, ""ko"": 0, ""os"": 0}, {""t"": 6, ""by"": ""us"", ""atk"": 937, ""card"": 648, ""dmg"": 240, ""ko"": 1, ""os"": 0}, {""t"": 7, ""by"": ""opp"", ""atk"": 937, ""card"": 648, ""dmg"": 230, ""ko"": 1, ""os"": 0}, {""t"": 8, ""by"": ""us"", ""atk"": 937, ""card"": 648, ""dmg"": 260, ""ko"": 0, ""os"": 0}, {""t"": 9, ""by"": ""opp"", ""atk"": 937, ""card"": 648, ""dmg"": 230, ""ko"": 1, ""os"": 0}, {""t"": 10, ""by"": ""us"", ""atk"": 937, ""card"": 648, ""dmg"": 250, ""ko"": 1, ""os"": 0}, {""t"": 11, ""by"": ""opp"", ""atk"": 937, ""card"": 648, ""dmg"": 210, ""ko"": 1, ""os"": 0}]","{""0"": 30, ""1"": 1, ""4"": 1, ""7"": 10, ""13"": 3, ""15"": 4, ""16"": 3, ""21"": 6, ""22"": 2, ""37"": 1, ""40"": 3, ""43"": 2}",2026-08-10T11:12:09.925796400Z,91630184,4,4,4,,False,11,589.768884,1,1,1,646|7|1227|1079|1097|648|1259,1,0,1,5,6,910,13,3,1,5,240,0,0,1,Grimmsnarl (mirror),9714ab5c3996f6cc,829.374,55400834,66,4,2,960,27,37,0,2,0,6,"[{""t"": 7, ""c"": 112, ""os"": false}, {""t"": 7, ""c"": 648, ""os"": false}, {""t"": 9, ""c"": 112, ""os"": false}, {""t"": 11, ""c"": 112, ""os"": false}, {""t"": 11, ""c"": 648, ""os"": false}]",3,260,1,1,2,914.8786,3,5,0,1,DONE|DONE,11,v15,False,False
"[{""t"": 2, ""by"": ""opp"", ""atk"": 478, ""card"": 344, ""dmg"": 0, ""ko"": 0, ""os"": 0}, {""t"": 3, ""by"": ""us"", ""atk"": 934, ""card"": 646, ""dmg"": 0, ""ko"": 0, ""os"": 0}, {""t"": 4, ""by"": ""opp"", ""atk"": 478, ""card"": 344, ""dmg"": 0, ""ko"": 0, ""os"": 0}, {""t"": 5, ""by"": ""us"", ""atk"": 934, ""card"": 646, ""dmg"": 0, ""ko"": 0, ""os"": 0}, {""t"": 6, ""by"": ""opp"", ""atk"": 478, ""card"": 344, ""dmg"": 20, ""ko"": 0, ""os"": 0}, {""t"": 7, ""by"": ""us"", ""atk"": 936, ""card"": 647, ""dmg"": 70, ""ko"": 1, ""os"": 0}, {""t"": 8, ""by"": ""opp"", ""atk"": 253, ""card"": 190, ""dmg"": 240, ""ko"": 1, ""os"": 1}, {""t"": 9, ""by"": ""us"", ""atk"": 937, ""card"": 648, ""dmg"": 220, ""ko"": 0, ""os"": 0}, {""t"": 10, ""by"": ""opp"", ""atk"": 224, ""card"": 190, ""dmg"": 310, ""ko"": 0, ""os"": 0}, {""t"": 11, ""by"": ""us"", ""atk"": 937, ""card"": 648, ""dmg"": 220, ""ko"": 1, ""os"": 0}, {""t"": 12, ""by"": ""opp"", ""atk"": 253, ""card"": 190, ""dmg"": 270, ""ko"": 0, ""os"": 0}, {""t"": 13, ""by"": ""us"", ""atk"": 937, ""card"": 648, ""dmg"": 180, ""ko"": 1, ""os"": 0}]","{""0"": 47, ""1"": 1, ""4"": 1, ""5"": 1, ""7"": 13, ""13"": 10, ""15"": 2, ""16"": 10, ""21"": 5, ""22"": 2, ""27"": 1, ""40"": 10, ""43"": 2}",2026-08-10T11:16:07.182324200Z,91630770,3,9,9,,False,13,588.5075890000005,1,2,0,1152|7|1219|647|646|1086|7,1,1,0,6,0,840,16,2,0,1,310,0,1,5,Archaludon,ebd4dbb270dce6a2,830.3647,55283867,105,6,6,690,15,58,0,0,0,9,"[{""t"": 8, ""c"": 647, ""os"": true}]",4,220,3,0,2,857.0486,1,7,2,1,DONE|DONE,13,v15,True,True
"[{""t"": 8, ""by"": ""us"", ""atk"": 937, ""card"": 648, ""dmg"": 240, ""ko"": 1, ""os"": 0}, {""t"": 10, ""by"": ""us"", ""atk"": 937, ""card"": 648, ""dmg"": 390, ""ko"": 2, ""os"": 0}, {""t"": 11, ""by"": ""opp"", ""atk"": 153, ""card"": 121, ""dmg"": 100, ""ko"": 1, ""os"": 1}, {""t"": 12, ""by"": ""us"", ""atk"": 937, ""card"": 648, ""dmg"": 220, ""ko"": 1, ""os"": 0}, {""t"": 13, ""by"": ""opp"", ""atk"": 154, ""card"": 121, ""dmg"": 310, ""ko"": 0, ""os"": 0}]","{""0"": 30, ""1"": 1, ""2"": 1, ""3"": 1, ""4"": 1, ""5"": 2, ""7"": 11, ""13"": 7, ""15"": 3, ""16"": 7, ""21"": 6, ""22"": 2, ""37"": 2, ""40"": 7, ""43"": 2}",2026-08-10T11:20:07.210030700Z,91631698,8,8,8,,False,14,591.2557120000005,2,1,1,112|1086|1086|646|648|7|1152,1,0,0,2,5,410,24,11,0,1,310,0,1,5,Dragapult,a0c137dc41050f92,801.0171,55379450,83,3,6,850,21,25,0,0,0,8,"[{""t"": 11, ""c"": 646, ""os"": true}]",4,390,0,0,2,892.3193,1,7,0,1,DONE|DONE,14,v15,False,True
"[{""t"": 3, ""by"": ""us"", ""atk"": 934, ""card"": 646, ""dmg"": 0, ""ko"": 0, ""os"": 0}, {""t"": 5, ""by"": ""us"", ""atk"": 937, ""card"": 648, ""dmg"": 390, ""ko"": 1, ""os"": 0}, {""t"": 6, ""by"": ""opp"", ""atk"": 937, ""card"": 648, ""dmg"": 230, ""ko"": 0, ""os"": 0}, {""t"": 7, ""by"": ""us"", ""atk"": 937, ""card"": 648, ""dmg"": 420, ""ko"": 1, ""os"": 0}, {""t"": 8, ""by"": ""opp"", ""atk"": 937, ""card"": 648, ""dmg"": 230, ""ko"": 2, ""os"": 0}, {""t"": 9, ""by"": ""us"", ""atk"": 937, ""card"": 648, ""dmg"": 250, ""ko"": 0, ""os"": 0}, {""t"": 10, ""by"": ""opp"", ""atk"": 937, ""card"": 648, ""dmg"": 240, ""ko"": 0, ""os"": 0}, {""t"": 11, ""by"": ""us"", ""atk"": 937, ""card"": 648, ""dmg"": 240, ""ko"": 1, ""os"": 0}, {""t"": 12, ""by"": ""opp"", ""atk"": 937, ""card"": 648, ""dmg"": 210, ""ko"": 1, ""os"": 0}]","{""0"": 31, ""1"": 1, ""3"": 3, ""4"": 1, ""5"": 1, ""7"": 10, ""13"": 1, ""15"": 4, ""16"": 1, ""21"": 8, ""22"": 3, ""30"": 2, ""37"": 1, ""40"": 1, ""41"": 1, ""43"": 3}",2026-08-10T11:24:07.495336300Z,91632620,3,5,5,0,True,12,588.8186100000001,1,0,1,1259|1086|1122|1137|646|1097|648,1,0,0,4,6,910,10,6,1,4,240,0,0,2,Grimmsnarl (mirror),9714ab5c3996f6cc,930.2834,55328583,72,5,2,1300,26,23,0,2,0,4,"[{""t"": 8, ""c"": 648, ""os"": false}, {""t"": 8, ""c"": 112, ""os"": false}, {""t"": 12, ""c"": 646, ""os"": false}, {""t"": 12, ""c"": 648, ""os"": false}]",3,420,1,0,2,916.8046,2,6,1,0,DONE|DONE,12,v15,True,False
"[{""t"": 2, ""by"": ""opp"", ""atk"": 215, ""card"": 164, ""dmg"": 0, ""ko"": 0, ""os"": 0}, {""t"": 3, ""by"": ""us"", ""atk"": 937, ""card"": 648, ""dmg"": 210, ""ko"": 1, ""os"": 1}, {""t"": 4, ""by"": ""opp"", ""atk"": 215, ""card"": 164, ""dmg"": 0, ""ko"": 0, ""os"": 0}, {""t"": 5, ""by"": ""us"", ""atk"": 937, ""card"": 648, ""dmg"": 210, ""ko"": 1, ""os"": 0}, {""t"": 6, ""by"": ""opp"", ""atk"": 215, ""card"": 164, ""dmg"": 30, ""ko"": 0, ""os"": 0}, {""t"": 7, ""by"": ""us"", ""atk"": 937, ""card"": 648, ""dmg"": 210, ""ko"": 1, ""os"": 1}, {""t"": 8, ""by"": ""opp"", ""atk"": 215, ""card"": 164, ""dmg"": 30, ""ko"": 0, ""os"": 0}, {""t"": 9, ""by"": ""us"", ""atk"": 937, ""card"": 648, ""dmg"": 0, ""ko"": 0, ""os"": 0}, {""t"": 10, ""by"": ""opp"", ""atk"": 997, ""card"": 689, ""dmg"": 60, ""ko"": 0, ""os"": 0}, {""t"": 11, ""by"": ""us"", ""atk"": 937, ""card"": 648, ""dmg"": 0, ""ko"": 0, ""os"": 0}, {""t"": 12, ""by"": ""opp"", ""atk"": 997, ""card"": 689, ""dmg"": 60, ""ko"": 0, ""os"": 0}]","{""0"": 42, ""1"": 1, ""2"": 1, ""5"": 1, ""7"": 16, ""8"": 3, ""13"": 8, ""15"": 5, ""16"": 8, ""21"": 5, ""22"": 2, ""37"": 1, ""40"": 8, ""43"": 2}",2026-08-10T11:28:07.121607300Z,91633556,3,3,3,,False,13,586.2215909999998,2,0,0,646|647|1097|1182|860|1122|1219,1,1,0,6,2,180,20,2,0,0,60,0,0,6,other: Comfey,1ba58fb8a41b6101,879.9693,54430351,103,5,6,630,8,40,0,0,0,4,[],6,210,0,2,1,887.0102,0,7,2,1,DONE|DONE,13,v15,True,True
"[{""t"": 2, ""by"": ""opp"", ""atk"": 934, ""card"": 646, ""dmg"": 0, ""ko"": 0, ""os"": 0}, {""t"": 4, ""by"": ""opp"", ""atk"": 937, ""card"": 648, ""dmg"": 210, ""ko"": 1, ""os"": 1}, {""t"": 5, ""by"": ""us"", ""atk"": 937, ""card"": 648, ""dmg"": 210, ""ko"": 0, ""os"": 0}, {""t"": 6, ""by"": ""opp"", ""atk"": 937, ""card"": 648, ""dmg"": 210, ""ko"": 0, ""os"": 0}, {""t"": 7, ""by"": ""us"", ""atk"": 937, ""card"": 648, ""dmg"": 210, ""ko"": 0, ""os"": 0}, {""t"": 8, ""by"": ""opp"", ""atk"": 937, ""card"": 648, ""dmg"": 210, ""ko"": 0, ""os"": 0}, {""t"": 9, ""by"": ""us"", ""atk"": 937, ""card"": 648, ""dmg"": 210, ""ko"": 1, ""os"": 0}, {""t"": 10, ""by"": ""opp"", ""atk"": 937, ""card"": 648, ""dmg"": 210, ""ko"": 1, ""os"": 1}, {""t"": 11, ""by"": ""us"", ""atk"": 937, ""card"": 648, ""dmg"": 210, ""ko"": 2, ""os"": 0}]","{""0"": 45, ""1"": 1, ""3"": 2, ""4"": 1, ""7"": 19, ""13"": 8, ""15"": 4, ""16"": 8, ""21"": 5, ""22"": 2, ""30"": 2, ""37"": 1, ""38"": 1, ""40"": 8, ""41"": 1, ""43"": 2}",2026-08-10T11:32:08.516673Z,91634488,5,5,5,0,True,11,584.1986280000009,1,1,0,1259|1122|1227|1231|112|7|647,0,1,0,5,3,840,18,2,2,3,210,1,2,2,Grimmsnarl (mirror),9714ab5c3996f6cc,915.7082,55374596,110,4,4,840,20,21,0,1,1,9,"[{""t"": 4, ""c"": 647, ""os"": true}, {""t"": 8, ""c"": 112, ""os"": false}, {""t"": 10, ""c"": 648, ""os"": true}]",4,210,0,0,1,914.5492,2,6,0,0,DONE|DONE,11,v15,True,True
"[{""t"": 3, ""by"": ""us"", ""atk"": 937, ""card"": 648, ""dmg"": 210, ""ko"": 1, ""os"": 1}, {""t"": 4, ""by"": ""opp"", ""atk"": 983, ""card"": 678, ""dmg"": 300, ""ko"": 0, ""os"": 0}, {""t"": 5, ""by"": ""us"", ""atk"": 937, ""card"": 648, ""dmg"": 210, ""ko"": 1, ""os"": 0}, {""t"": 6, ""by"": ""opp"", ""atk"": 982, ""card"": 678, ""dmg"": 130, ""ko"": 0, ""os"": 0}, {""t"": 7, ""by"": ""us"", ""atk"": 937, ""card"": 648, ""dmg"": 210, ""ko"": 2, ""os"": 0}]","{""0"": 28, ""1"": 1, ""3"": 1, ""5"": 1, ""7"": 11, ""13"": 3, ""15"": 3, ""16"": 3, ""21"": 8, ""22"": 2, ""30"": 2, ""37"": 1, ""40"": 3, ""41"": 1, ""43"": 3}",2026-08-10T11:36:07.181698700Z,91635430,3,3,3,0,True,7,590.2737400000005,1,0,1,1227|646|1182|648|1219|1152|1086,1,0,0,2,3,430,34,4,0,0,300,0,0,6,Mega Lucario,c3c16f0e65487ad6,659.9846,53852973,71,3,6,630,22,19,0,0,0,9,[],4,210,0,1,1,940.3595,0,4,0,0,DONE|DONE,7,v15,True,True
"[{""t"": 3, ""by"": ""us"", ""atk"": 934, ""card"": 646, ""dmg"": 0, ""ko"": 0, ""os"": 0}, {""t"": 4, ""by"": ""opp"", ""atk"": 215, ""card"": 164, ""dmg"": 0, ""ko"": 0, ""os"": 0}, {""t"": 5, ""by"": ""us"", ""atk"": 937, ""card"": 648, ""dmg"": 220, ""ko"": 1, ""os"": 1}, {""t"": 6, ""by"": ""opp"", ""atk"": 215, ""card"": 164, ""dmg"": 20, ""ko"": 0, ""os"": 0}, {""t"": 7, ""by"": ""us"", ""atk"": 937, ""card"": 648, ""dmg"": 210, ""ko"": 2, ""os"": 1}, {""t"": 8, ""by"": ""opp"", ""atk"": 215, ""card"": 164, ""dmg"": 20, ""ko"": 0, ""os"": 0}, {""t"": 9, ""by"": ""us"", ""atk"": 937, ""card"": 648, ""dmg"": 220, ""ko"": 2, ""os"": 1}, {""t"": 10, ""by"": ""opp"", ""atk"": 215, ""card"": 164, ""dmg"": 20, ""ko"": 0, ""os"": 0}, {""t"": 11, ""by"": ""us"", ""atk"": 937, ""card"": 648, ""dmg"": 0, ""ko"": 0, ""os"": 0}, {""t"": 12, ""by"": ""opp"", ""atk"": 215, ""card"": 164, ""dmg"": 20, ""ko"": 0, ""os"": 0}, {""t"": 13, ""by"": ""us"", ""atk"": 937, ""card"": 648, ""dmg"": 210, ""ko"": 1, ""os"": 1}]","{""0"": 42, ""1"": 1, ""7"": 21, ""8"": 1, ""13"": 3, ""15"": 4, ""16"": 3, ""21"": 3, ""22"": 1, ""37"": 1, ""40"": 3, ""41"": 1, ""43"": 1}",2026-08-10T11:40:06.972948500Z,91636342,3,5,5,0,True,13,590.4797370000003,1,3,0,1122|1227|7|1259|7|646|7,1,0,0,5,4,80,17,4,0,0,20,0,0,6,other: Brambleghast,5acd0e1893c52a79,960.9584,55274129,85,6,6,860,4,51,0,0,0,14,[],6,220,1,4,1,946.6814,0,7,2,0,DONE|DONE,13,v15,True,True
"[{""t"": 3, ""by"": ""opp"", ""atk"": 1072, ""card"": 743, ""dmg"": 200, ""ko"": 1, ""os"": 1}, {""t"": 5, ""by"": ""opp"", ""atk"": 1072, ""card"": 743, ""dmg"": 230, ""ko"": 1, ""os"": 1}, {""t"": 7, ""by"": ""opp"", ""atk"": 1072, ""card"": 743, ""dmg"": 270, ""ko"": 1, ""os"": 1}, {""t"": 8, ""by"": ""us"", ""atk"": 937, ""card"": 648, ""dmg"": 420, ""ko"": 2, ""os"": 0}, {""t"": 9, ""by"": ""opp"", ""atk"": 1072, ""card"": 743, ""dmg"": 490, ""ko"": 1, ""os"": 0}, {""t"": 10, ""by"": ""us"", ""atk"": 937, ""card"": 648, ""dmg"": 410, ""ko"": 1, ""os"": 0}, {""t"": 11, ""by"": ""opp"", ""atk"": 1072, ""card"": 743, ""dmg"": 580, ""ko"": 1, ""os"": 0}]","{""0"": 31, ""1"": 1, ""3"": 1, ""4"": 4, ""7"": 9, ""13"": 1, ""15"": 2, ""16"": 1, ""21"": 5, ""22"": 2, ""30"": 1, ""37"": 1, ""40"": 1, ""43"": 2}",2026-08-10T11:44:07.029226100Z,91637276,8,8,8,,False,11,592.996779,1,0,0,1259|104|646|104|1097|647|1152,1,1,0,5,2,1770,5,3,0,5,580,0,3,1,Alakazam,cc38cb450b86770a,839.3575,55404848,62,2,4,830,27,18,0,2,0,3,"[{""t"": 3, ""c"": 860, ""os"": true}, {""t"": 5, ""c"": 646, ""os"": true}, {""t"": 7, ""c"": 104, ""os"": true}, {""t"": 9, ""c"": 648, ""os"": false}, {""t"": 11, ""c"": 648, ""os"": false}]",3,420,0,0,3,970.5231,3,5,0,1,DONE|DONE,11,v15,False,False
"[{""t"": 4, ""by"": ""opp"", ""atk"": 937, ""card"": 648, ""dmg"": 210, ""ko"": 1, ""os"": 1}, {""t"": 5, ""by"": ""us"", ""atk"": 937, ""card"": 648, ""dmg"": 210, ""ko"": 0, ""os"": 0}, {""t"": 6, ""by"": ""opp"", ""atk"": 937, ""card"": 648, ""dmg"": 210, ""ko"": 0, ""os"": 0}, {""t"": 7, ""by"": ""us"", ""atk"": 937, ""card"": 648, ""dmg"": 210, ""ko"": 2, ""os"": 0}, {""t"": 8, ""by"": ""opp"", ""atk"": 937, ""card"": 648, ""dmg"": 210, ""ko"": 0, ""os"": 0}, {""t"": 9, ""by"": ""us"", ""atk"": 937, ""card"": 648, ""dmg"": 210, ""ko"": 1, ""os"": 0}, {""t"": 10, ""by"": ""opp"", ""atk"": 937, ""card"": 648, ""dmg"": 210, ""ko"": 0, ""os"": 0}, {""t"": 11, ""by"": ""us"", ""atk"": 937, ""card"": 648, ""dmg"": 210, ""ko"": 2, ""os"": 0}]","{""0"": 44, ""1"": 1, ""2"": 1, ""3"": 1, ""4"": 1, ""5"": 1, ""7"": 16, ""13"": 9, ""15"": 4, ""16"": 9, ""21"": 7, ""22"": 3, ""30"": 2, ""37"": 1, ""40"": 9, ""41"": 1, ""43"": 3}",2026-08-10T11:48:07.127830200Z,91638219,5,5,5,0,True,11,584.8271920000004,2,1,0,1182|1231|860|104|7|1259|112,0,0,0,4,2,840,22,4,2,1,210,0,1,5,Grimmsnarl (mirror),9714ab5c3996f6cc,832.2678,55298590,113,4,6,840,16,32,0,0,0,9,"[{""t"": 4, ""c"": 860, ""os"": true}]",5,210,0,0,2,943.8755,1,6,0,0,DONE|DONE,11,v15,True,True
"[{""t"": 3, ""by"": ""opp"", ""atk"": 323, ""card"": 235, ""dmg"": 10, ""ko"": 0, ""os"": 0}, {""t"": 5, ""by"": ""opp"", ""atk"": 154, ""card"": 121, ""dmg"": 260, ""ko"": 1, ""os"": 1}, {""t"": 6, ""by"": ""us"", ""atk"": 937, ""card"": 648, ""dmg"": 210, ""ko"": 1, ""os"": 0}, {""t"": 7, ""by"": ""opp"", ""atk"": 154, ""card"": 121, ""dmg"": 260, ""ko"": 0, ""os"": 0}, {""t"": 8, ""by"": ""us"", ""atk"": 937, ""card"": 648, ""dmg"": 210, ""ko"": 1, ""os"": 0}, {""t"": 9, ""by"": ""opp"", ""atk"": 154, ""card"": 121, ""dmg"": 260, ""ko"": 1, ""os"": 0}, {""t"": 10, ""by"": ""us"", ""atk"": 937, ""card"": 648, ""dmg"": 210, ""ko"": 0, ""os"": 0}, {""t"": 12, ""by"": ""us"", ""atk"": 937, ""card"": 648, ""dmg"": 180, ""ko"": 1, ""os"": 1}]","{""0"": 47, ""1"": 1, ""3"": 1, ""4"": 2, ""5"": 1, ""7"": 16, ""13"": 9, ""15"": 4, ""16"": 9, ""21"": 6, ""22"": 2, ""30"": 1, ""37"": 1, ""40"": 8, ""43"": 3}",2026-08-10T11:52:07.832568400Z,91639130,6,6,6,,False,12,582.1181239999997,1,1,0,1086|1152|1152|7|1227|1182|646,1,0,0,4,3,790,15,3,0,2,260,0,1,3,Dragapult,e6e1641ed1455020,920.5603,55388051,111,4,6,810,17,34,0,1,0,5,"[{""t"": 5, ""c"": 112, ""os"": true}, {""t"": 9, ""c"": 648, ""os"": false}]",5,210,0,1,1,956.5546,1,6,0,1,DONE|DONE,12,v15,False,True
"[{""t"": 4, ""by"": ""us"", ""atk"": 937, ""card"": 648, ""dmg"": 390, ""ko"": 1, ""os"": 1}, {""t"": 5, ""by"": ""opp"", ""atk"": 937, ""card"": 648, ""dmg"": 210, ""ko"": 0, ""os"": 0}, {""t"": 6, ""by"": ""us"", ""atk"": 937, ""card"": 648, ""dmg"": 210, ""ko"": 0, ""os"": 0}, {""t"": 7, ""by"": ""opp"", ""atk"": 937, ""card"": 648, ""dmg"": 210, ""ko"": 0, ""os"": 0}, {""t"": 8, ""by"": ""us"", ""atk"": 937, ""card"": 648, ""dmg"": 210, ""ko"": 2, ""os"": 0}, {""t"": 9, ""by"": ""opp"", ""atk"": 937, ""card"": 648, ""dmg"": 210, ""ko"": 1, ""os"": 0}, {""t"": 10, ""by"": ""us"", ""atk"": 937, ""card"": 648, ""dmg"": 210, ""ko"": 1, ""os"": 0}, {""t"": 11, ""by"": ""opp"", ""atk"": 937, ""card"": 648, ""dmg"": 210, ""ko"": 0, ""os"": 0}, {""t"": 12, ""by"": ""us"", ""atk"": 937, ""card"": 648, ""dmg"": 210, ""ko"": 1, ""os"": 0}]","{""0"": 43, ""1"": 1, ""3"": 2, ""4"": 1, ""5"": 2, ""7"": 17, ""13"": 8, ""15"": 5, ""16"": 8, ""21"": 7, ""22"": 3, ""30"": 3, ""37"": 1, ""40"": 8, ""43"": 3}",2026-08-10T11:56:06.933433100Z,91640079,4,4,4,,False,12,586.2436940000006,1,0,1,112|648|1079|1086|1219|1152|1079,0,0,2,4,1,840,23,5,2,1,210,0,0,4,Grimmsnarl (mirror),9714ab5c3996f6cc,948.622,55401537,112,5,5,1230,23,29,0,1,0,4,"[{""t"": 9, ""c"": 648, ""os"": false}]",5,390,0,1,1,972.8933,0,6,0,1,DONE|DONE,12,v15,False,True
"[{""t"": 3, ""by"": ""us"", ""atk"": 934, ""card"": 646, ""dmg"": 0, ""ko"": 0, ""os"": 0}, {""t"": 5, ""by"": ""us"", ""atk"": 937, ""card"": 648, ""dmg"": 400, ""ko"": 1, ""os"": 1}, {""t"": 6, ""by"": ""opp"", ""atk"": 1072, ""card"": 743, ""dmg"": 300, ""ko"": 1, ""os"": 0}, {""t"": 7, ""by"": ""us"", ""atk"": 937, ""card"": 648, ""dmg"": 400, ""ko"": 2, ""os"": 0}, {""t"": 8, ""by"": ""opp"", ""atk"": 1072, ""card"": 743, ""dmg"": 240, ""ko"": 0, ""os"": 0}, {""t"": 9, ""by"": ""us"", ""atk"": 937, ""card"": 648, ""dmg"": 430, ""ko"": 2, ""os"": 0}, {""t"": 10, ""by"": ""opp"", ""atk"": 1072, ""card"": 743, ""dmg"": 360, ""ko"": 1, ""os"": 0}]","{""0"": 36, ""1"": 1, ""2"": 1, ""3"": 2, ""4"": 2, ""5"": 1, ""7"": 14, ""13"": 3, ""15"": 3, ""16"": 3, ""21"": 6, ""22"": 2, ""30"": 1, ""34"": 4, ""37"": 1, ""38"": 1, ""40"": 3, ""41"": 1, ""43"": 2}",2026-08-10T12:00:07.228615300Z,91641012,3,5,5,0,True,11,585.6334989999999,2,1,1,860|648|860|1086|1227|1152|7,0,0,0,3,3,900,11,6,0,2,360,1,0,2,Alakazam,cc38cb450b86770a,975.4215,55405141,87,4,6,1230,16,28,0,2,0,8,"[{""t"": 6, ""c"": 648, ""os"": false}, {""t"": 10, ""c"": 648, ""os"": false}]",6,430,0,1,1,988.8611,0,6,1,0,DONE|DONE,11,v15,True,True
"[{""t"": 3, ""by"": ""opp"", ""atk"": 934, ""card"": 646, ""dmg"": 0, ""ko"": 0, ""os"": 0}, {""t"": 4, ""by"": ""us"", ""atk"": 937, ""card"": 648, ""dmg"": 210, ""ko"": 1, ""os"": 1}, {""t"": 6, ""by"": ""us"", ""atk"": 937, ""card"": 648, ""dmg"": 210, ""ko"": 0, ""os"": 0}, {""t"": 7, ""by"": ""opp"", ""atk"": 937, ""card"": 648, ""dmg"": 390, ""ko"": 1, ""os"": 1}, {""t"": 8, ""by"": ""us"", ""atk"": 937, ""card"": 648, ""dmg"": 210, ""ko"": 0, ""os"": 0}, {""t"": 9, ""by"": ""opp"", ""atk"": 937, ""card"": 648, ""dmg"": 210, ""ko"": 1, ""os"": 0}, {""t"": 10, ""by"": ""us"", ""atk"": 937, ""card"": 648, ""dmg"": 210, ""ko"": 0, ""os"": 0}, {""t"": 11, ""by"": ""opp"", ""atk"": 937, ""card"": 648, ""dmg"": 210, ""ko"": 0, ""os"": 0}, {""t"": 12, ""by"": ""us"", ""atk"": 937, ""card"": 648, ""dmg"": 210, ""ko"": 1, ""os"": 0}, {""t"": 13, ""by"": ""opp"", ""atk"": 937, ""card"": 648, ""dmg"": 210, ""ko"": 1, ""os"": 0}]","{""0"": 39, ""1"": 1, ""3"": 2, ""4"": 1, ""7"": 13, ""13"": 2, ""15"": 5, ""16"": 2, ""21"": 8, ""22"": 3, ""30"": 4, ""37"": 1, ""40"": 2, ""43"": 3}",2026-08-10T12:04:07.294963800Z,91641933,4,4,4,,False,13,586.5889420000001,1,0,0,1231|1227|1152|646|1227|104|1219,1,0,0,5,6,1020,18,3,1,4,390,0,1,2,Grimmsnarl (mirror),9714ab5c3996f6cc,1050.8481,55374483,86,5,4,1050,17,36,0,2,0,8,"[{""t"": 7, ""c"": 112, ""os"": true}, {""t"": 9, ""c"": 112, ""os"": false}, {""t"": 13, ""c"": 648, ""os"": false}, {""t"": 13, ""c"": 648, ""os"": false}]",2,210,1,1,3,1003.2629,2,6,0,1,DONE|DONE,13,v15,False,False
"[{""t"": 2, ""by"": ""opp"", ""atk"": 1070, ""card"": 741, ""dmg"": 10, ""ko"": 0, ""os"": 0}, {""t"": 3, ""by"": ""us"", ""atk"": 937, ""card"": 648, ""dmg"": 390, ""ko"": 1, ""os"": 1}, {""t"": 5, ""by"": ""us"", ""atk"": 937, ""card"": 648, ""dmg"": 250, ""ko"": 1, ""os"": 1}, {""t"": 6, ""by"": ""opp"", ""atk"": 1072, ""card"": 743, ""dmg"": 350, ""ko"": 1, ""os"": 0}, {""t"": 7, ""by"": ""us"", ""atk"": 937, ""card"": 648, ""dmg"": 420, ""ko"": 2, ""os"": 0}, {""t"": 8, ""by"": ""opp"", ""atk"": 1072, ""card"": 743, ""dmg"": 240, ""ko"": 0, ""os"": 0}, {""t"": 9, ""by"": ""us"", ""atk"": 937, ""card"": 648, ""dmg"": 390, ""ko"": 2, ""os"": 0}]","{""0"": 37, ""1"": 1, ""4"": 1, ""5"": 1, ""7"": 11, ""8"": 1, ""13"": 7, ""15"": 4, ""16"": 7, ""21"": 4, ""22"": 2, ""37"": 1, ""40"": 5, ""41"": 1, ""43"": 2}",2026-08-10T12:08:07.285274500Z,91642858,3,3,3,0,True,9,585.1669440000004,1,2,0,1086|7|1079|1080|1227|7|646,1,0,1,3,3,600,19,2,0,1,350,0,0,4,Alakazam,cc38cb450b86770a,993.2047,55367704,85,4,6,1450,19,31,0,1,0,8,"[{""t"": 6, ""c"": 648, ""os"": false}]",7,420,0,2,1,990.0269,0,5,0,0,DONE|DONE,9,v15,True,True
"[{""t"": 2, ""by"": ""opp"", ""atk"": 423, ""card"": 305, ""dmg"": 0, ""ko"": 0, ""os"": 0}, {""t"": 3, ""by"": ""us"", ""atk"": 937, ""card"": 648, ""dmg"": 390, ""ko"": 1, ""os"": 1}, {""t"": 5, ""by"": ""us"", ""atk"": 937, ""card"": 648, ""dmg"": 180, ""ko"": 1, ""os"": 1}]","{""0"": 15, ""1"": 1, ""5"": 1, ""7"": 5, ""15"": 1, ""21"": 3, ""22"": 1, ""37"": 1, ""38"": 1, ""41"": 1, ""43"": 1}",2026-08-10T12:12:08.779622700Z,91644003,3,3,3,0,True,5,592.2256220000003,1,1,0,7|1259|1097|1259|646|1086|1079,1,0,1,1,0,0,37,2,0,0,0,1,0,6,Alakazam,cc38cb450b86770a,943.339,55396929,31,2,5,570,35,11,0,0,0,4,[],2,390,0,2,5,1005.2139,0,3,0,0,DONE|DONE,5,v15,True,True
"[{""t"": 4, ""by"": ""opp"", ""atk"": 530, ""card"": 380, ""dmg"": 40, ""ko"": 0, ""os"": 0}, {""t"": 5, ""by"": ""us"", ""atk"": 937, ""card"": 648, ""dmg"": 220, ""ko"": 1, ""os"": 1}, {""t"": 6, ""by"": ""opp"", ""atk"": 532, ""card"": 381, ""dmg"": 280, ""ko"": 0, ""os"": 0}, {""t"": 7, ""by"": ""us"", ""atk"": 937, ""card"": 648, ""dmg"": 230, ""ko"": 0, ""os"": 0}, {""t"": 8, ""by"": ""opp"", ""atk"": 531, ""card"": 381, ""dmg"": 170, ""ko"": 1, ""os"": 0}, {""t"": 9, ""by"": ""us"", ""atk"": 937, ""card"": 648, ""dmg"": 230, ""ko"": 1, ""os"": 0}, {""t"": 10, ""by"": ""opp"", ""atk"": 532, ""card"": 381, ""dmg"": 330, ""ko"": 1, ""os"": 0}]","{""0"": 41, ""1"": 1, ""2"": 1, ""3"": 2, ""4"": 2, ""5"": 1, ""7"": 18, ""13"": 6, ""15"": 3, ""16"": 6, ""21"": 6, ""22"": 2, ""30"": 1, ""34"": 2, ""38"": 1, ""40"": 6, ""41"": 1, ""43"": 2}",2026-08-10T12:16:07.789491100Z,91644716,5,5,5,0,True,11,585.4101019999998,1,0,0,647|1259|1219|646|1219|1219|1259,1,1,0,4,4,820,24,4,0,2,330,1,0,2,other: Cynthia's Garchomp ex,daff2ed17de6145d,918.216,55146037,102,3,5,680,24,21,0,2,0,3,"[{""t"": 8, ""c"": 648, ""os"": false}, {""t"": 10, ""c"": 648, ""os"": false}]",4,230,0,1,1,1016.4366,0,6,0,0,DONE|DONE,11,v15,True,True
"[{""t"": 5, ""by"": ""us"", ""atk"": 937, ""card"": 648, ""dmg"": 390, ""ko"": 1, ""os"": 1}, {""t"": 6, ""by"": ""opp"", ""atk"": 937, ""card"": 648, ""dmg"": 210, ""ko"": 0, ""os"": 0}, {""t"": 7, ""by"": ""us"", ""atk"": 937, ""card"": 648, ""dmg"": 210, ""ko"": 0, ""os"": 0}, {""t"": 8, ""by"": ""opp"", ""atk"": 937, ""card"": 648, ""dmg"": 390, ""ko"": 1, ""os"": 1}, {""t"": 9, ""by"": ""us"", ""atk"": 937, ""card"": 648, ""dmg"": 210, ""ko"": 0, ""os"": 0}, {""t"": 10, ""by"": ""opp"", ""atk"": 937, ""card"": 648, ""dmg"": 210, ""ko"": 0, ""os"": 0}, {""t"": 11, ""by"": ""us"", ""atk"": 937, ""card"": 648, ""dmg"": 210, ""ko"": 1, ""os"": 0}, {""t"": 12, ""by"": ""opp"", ""atk"": 937, ""card"": 648, ""dmg"": 210, ""ko"": 1, ""os"": 0}, {""t"": 13, ""by"": ""us"", ""atk"": 936, ""card"": 647, ""dmg"": 60, ""ko"": 0, ""os"": 0}]","{""0"": 47, ""1"": 1, ""2"": 1, ""3"": 2, ""4"": 2, ""5"": 1, ""7"": 14, ""13"": 5, ""15"": 4, ""16"": 5, ""21"": 7, ""22"": 2, ""30"": 3, ""40"": 5, ""41"": 1, ""43"": 2}",2026-08-10T12:20:07.014723400Z,91645648,5,5,5,0,True,14,585.1650059999998,2,1,0,1259|1219|860|7|1219|1152|646,1,0,0,4,6,1020,21,6,1,5,390,0,1,1,Grimmsnarl (mirror),9714ab5c3996f6cc,1014.0631,55308390,102,5,4,1080,19,35,0,1,0,4,"[{""t"": 8, ""c"": 112, ""os"": true}, {""t"": 10, ""c"": 112, ""os"": false}, {""t"": 12, ""c"": 646, ""os"": false}, {""t"": 12, ""c"": 648, ""os"": false}, {""t"": 14, ""c"": 112, ""os"": false}]",2,390,0,1,3,1025.6748,4,7,0,0,DONE|DONE,14,v15,True,False
"[{""t"": 6, ""by"": ""opp"", ""atk"": 1072, ""card"": 743, ""dmg"": 180, ""ko"": 1, ""os"": 1}, {""t"": 7, ""by"": ""us"", ""atk"": 937, ""card"": 648, ""dmg"": 360, ""ko"": 1, ""os"": 1}, {""t"": 8, ""by"": ""opp"", ""atk"": 1072, ""card"": 743, ""dmg"": 340, ""ko"": 1, ""os"": 1}, {""t"": 9, ""by"": ""us"", ""atk"": 937, ""card"": 648, ""dmg"": 230, ""ko"": 0, ""os"": 0}, {""t"": 10, ""by"": ""opp"", ""atk"": 1072, ""card"": 743, ""dmg"": 270, ""ko"": 0, ""os"": 0}, {""t"": 11, ""by"": ""us"", ""atk"": 937, ""card"": 648, ""dmg"": 380, ""ko"": 1, ""os"": 0}, {""t"": 12, ""by"": ""opp"", ""atk"": 1072, ""card"": 743, ""dmg"": 300, ""ko"": 1, ""os"": 0}]","{""0"": 45, ""1"": 1, ""2"": 1, ""3"": 1, ""4"": 3, ""5"": 1, ""7"": 16, ""13"": 6, ""15"": 3, ""16"": 6, ""21"": 4, ""22"": 2, ""37"": 1, ""40"": 6, ""41"": 1, ""43"": 2}",2026-08-10T12:24:07.025650900Z,91646590,7,7,7,0,True,13,585.040171,2,2,0,112|1182|1097|7|1152|112|7,0,0,0,4,3,1090,17,6,0,3,340,0,2,1,Alakazam,cc38cb450b86770a,1030.8075,55393956,99,3,5,970,16,41,0,2,1,9,"[{""t"": 6, ""c"": 860, ""os"": true}, {""t"": 8, ""c"": 648, ""os"": true}, {""t"": 12, ""c"": 648, ""os"": false}]",5,380,0,1,1,1012.0332,1,7,0,0,DONE|DONE,13,v15,True,True
"[{""t"": 4, ""by"": ""us"", ""atk"": 937, ""card"": 648, ""dmg"": 210, ""ko"": 0, ""os"": 0}, {""t"": 5, ""by"": ""opp"", ""atk"": 937, ""card"": 648, ""dmg"": 210, ""ko"": 0, ""os"": 0}, {""t"": 6, ""by"": ""us"", ""atk"": 937, ""card"": 648, ""dmg"": 210, ""ko"": 0, ""os"": 0}, {""t"": 7, ""by"": ""opp"", ""atk"": 937, ""card"": 648, ""dmg"": 210, ""ko"": 0, ""os"": 0}, {""t"": 8, ""by"": ""us"", ""atk"": 937, ""card"": 648, ""dmg"": 390, ""ko"": 1, ""os"": 1}, {""t"": 9, ""by"": ""opp"", ""atk"": 937, ""card"": 648, ""dmg"": 210, ""ko"": 0, ""os"": 0}, {""t"": 10, ""by"": ""us"", ""atk"": 937, ""card"": 648, ""dmg"": 210, ""ko"": 1, ""os"": 0}, {""t"": 12, ""by"": ""us"", ""atk"": 937, ""card"": 648, ""dmg"": 210, ""ko"": 1, ""os"": 0}, {""t"": 14, ""by"": ""us"", ""atk"": 937, ""card"": 648, ""dmg"": 390, ""ko"": 2, ""os"": 1}]","{""0"": 45, ""1"": 1, ""3"": 3, ""5"": 1, ""7"": 17, ""13"": 8, ""15"": 6, ""16"": 8, ""21"": 7, ""22"": 3, ""30"": 3, ""37"": 1, ""38"": 1, ""40"": 8, ""43"": 3}",2026-08-10T12:28:07.018438900Z,91647514,4,4,4,,False,14,574.7494410000004,1,1,0,1182|860|1219|1079|1079|7|1086,0,0,2,3,1,630,23,5,2,0,210,2,0,6,Grimmsnarl (mirror),9714ab5c3996f6cc,1021.0935,55393180,115,6,6,1620,12,32,0,0,0,15,[],6,390,0,2,1,1025.3511,0,7,0,1,DONE|DONE,14,v15,False,True
"[{""t"": 3, ""by"": ""opp"", ""atk"": 530, ""card"": 380, ""dmg"": 10, ""ko"": 0, ""os"": 0}, {""t"": 4, ""by"": ""us"", ""atk"": 937, ""card"": 648, ""dmg"": 210, ""ko"": 1, ""os"": 1}, {""t"": 6, ""by"": ""us"", ""atk"": 937, ""card"": 648, ""dmg"": 220, ""ko"": 1, ""os"": 1}, {""t"": 7, ""by"": ""opp"", ""atk"": 532, ""card"": 381, ""dmg"": 320, ""ko"": 0, ""os"": 0}, {""t"": 8, ""by"": ""us"", ""atk"": 937, ""card"": 648, ""dmg"": 210, ""ko"": 1, ""os"": 0}, {""t"": 9, ""by"": ""opp"", ""atk"": 531, ""card"": 381, ""dmg"": 120, ""ko"": 1, ""os"": 0}, {""t"": 10, ""by"": ""us"", ""atk"": 937, ""card"": 648, ""dmg"": 210, ""ko"": 1, ""os"": 0}, {""t"": 12, ""by"": ""us"", ""atk"": 937, ""card"": 648, ""dmg"": 210, ""ko"": 2, ""os"": 0}]","{""0"": 43, ""1"": 1, ""3"": 3, ""4"": 1, ""5"": 2, ""7"": 14, ""8"": 1, ""13"": 6, ""15"": 5, ""16"": 6, ""21"": 7, ""22"": 3, ""30"": 1, ""37"": 2, ""38"": 1, ""40"": 5, ""43"": 3}",2026-08-10T12:32:14.103997600Z,91648464,4,4,4,,False,12,585.465976,1,1,1,7|112|1152|648|1219|1079|1122,0,0,1,3,3,450,21,3,0,1,320,1,0,4,other: Cynthia's Garchomp ex,daff2ed17de6145d,906.2642,55108130,104,5,6,1060,16,33,0,1,0,2,"[{""t"": 9, ""c"": 648, ""os"": false}]",6,220,0,2,1,1037.0715,0,6,0,1,DONE|DONE,12,v15,False,True
"[{""t"": 6, ""by"": ""us"", ""atk"": 937, ""card"": 648, ""dmg"": 210, ""ko"": 1, ""os"": 1}, {""t"": 8, ""by"": ""us"", ""atk"": 937, ""card"": 648, ""dmg"": 390, ""ko"": 1, ""os"": 1}, {""t"": 9, ""by"": ""opp"", ""atk"": 937, ""card"": 648, ""dmg"": 210, ""ko"": 0, ""os"": 0}, {""t"": 10, ""by"": ""us"", ""atk"": 937, ""card"": 648, ""dmg"": 210, ""ko"": 0, ""os"": 0}, {""t"": 11, ""by"": ""opp"", ""atk"": 937, ""card"": 648, ""dmg"": 210, ""ko"": 0, ""os"": 0}, {""t"": 12, ""by"": ""us"", ""atk"": 937, ""card"": 648, ""dmg"": 210, ""ko"": 1, ""os"": 0}, {""t"": 13, ""by"": ""opp"", ""atk"": 937, ""card"": 648, ""dmg"": 390, ""ko"": 1, ""os"": 1}, {""t"": 14, ""by"": ""us"", ""atk"": 937, ""card"": 648, ""dmg"": 210, ""ko"": 1, ""os"": 0}, {""t"": 15, ""by"": ""opp"", ""atk"": 934, ""card"": 646, ""dmg"": 0, ""ko"": 0, ""os"": 0}, {""t"": 16, ""by"": ""us"", ""atk"": 937, ""card"": 648, ""dmg"": 210, ""ko"": 1, ""os"": 0}]","{""0"": 39, ""1"": 1, ""2"": 1, ""3"": 1, ""4"": 1, ""7"": 13, ""13"": 7, ""15"": 6, ""16"": 7, ""21"": 7, ""22"": 3, ""30"": 2, ""37"": 1, ""40"": 7, ""43"": 3}",2026-08-10T12:36:07.728120400Z,91649403,6,6,6,,False,16,589.6176220000004,2,0,0,1219|1182|646|104|112|1152|1097,1,0,0,4,5,810,17,9,1,2,390,0,1,4,Grimmsnarl (mirror),9714ab5c3996f6cc,974.2138,55314931,99,6,4,1440,23,33,0,0,0,8,"[{""t"": 11, ""c"": 112, ""os"": false}, {""t"": 13, ""c"": 112, ""os"": true}]",5,390,0,2,1,1043.7423,2,8,0,1,DONE|DONE,16,v15,False,True
"[{""t"": 3, ""by"": ""us"", ""atk"": 937, ""card"": 648, ""dmg"": 210, ""ko"": 1, ""os"": 1}, {""t"": 5, ""by"": ""us"", ""atk"": 937, ""card"": 648, ""dmg"": 210, ""ko"": 1, ""os"": 1}, {""t"": 6, ""by"": ""opp"", ""atk"": 937, ""card"": 648, ""dmg"": 210, ""ko"": 0, ""os"": 0}, {""t"": 7, ""by"": ""us"", ""atk"": 937, ""card"": 648, ""dmg"": 210, ""ko"": 0, ""os"": 0}, {""t"": 8, ""by"": ""opp"", ""atk"": 937, ""card"": 648, ""dmg"": 210, ""ko"": 1, ""os"": 0}, {""t"": 9, ""by"": ""us"", ""atk"": 937, ""card"": 648, ""dmg"": 210, ""ko"": 1, ""os"": 0}, {""t"": 10, ""by"": ""opp"", ""atk"": 937, ""card"": 648, ""dmg"": 210, ""ko"": 0, ""os"": 0}, {""t"": 11, ""by"": ""us"", ""atk"": 937, ""card"": 648, ""dmg"": 210, ""ko"": 1, ""os"": 0}, {""t"": 12, ""by"": ""opp"", ""atk"": 937, ""card"": 648, ""dmg"": 210, ""ko"": 0, ""os"": 0}, {""t"": 13, ""by"": ""us"", ""atk"": 937, ""card"": 648, ""dmg"": 210, ""ko"": 2, ""os"": 0}]","{""0"": 51, ""1"": 1, ""3"": 6, ""5"": 1, ""7"": 15, ""13"": 9, ""15"": 6, ""16"": 9, ""21"": 7, ""22"": 3, ""30"": 6, ""37"": 1, ""38"": 1, ""40"": 9, ""41"": 1, ""43"": 3}",2026-08-10T12:40:09.953415400Z,91650346,3,3,3,0,True,13,587.5407879999992,1,2,1,1259|7|648|112|7|647|1152,0,1,0,4,2,840,15,6,2,2,210,1,0,4,Grimmsnarl (mirror),9714ab5c3996f6cc,998.1105,55397828,129,6,5,1260,23,23,0,0,0,3,"[{""t"": 8, ""c"": 112, ""os"": false}, {""t"": 12, ""c"": 112, ""os"": false}]",6,210,0,2,1,1043.3717,2,7,0,0,DONE|DONE,13,v15,True,True
"[{""t"": 2, ""by"": ""opp"", ""atk"": 37, ""card"": 42, ""dmg"": 0, ""ko"": 0, ""os"": 0}, {""t"": 4, ""by"": ""opp"", ""atk"": 115, ""card"": 93, ""dmg"": 160, ""ko"": 1, ""os"": 1}, {""t"": 4, ""by"": ""opp"", ""atk"": 115, ""card"": 93, ""dmg"": 160, ""ko"": 1, ""os"": 1}, {""t"": 6, ""by"": ""opp"", ""atk"": 115, ""card"": 93, ""dmg"": 100, ""ko"": 1, ""os"": 1}, {""t"": 6, ""by"": ""opp"", ""atk"": 115, ""card"": 93, ""dmg"": 100, ""ko"": 1, ""os"": 0}, {""t"": 8, ""by"": ""opp"", ""atk"": 115, ""card"": 93, ""dmg"": 100, ""ko"": 0, ""os"": 0}, {""t"": 8, ""by"": ""opp"", ""atk"": 115, ""card"": 93, ""dmg"": 100, ""ko"": 1, ""os"": 0}, {""t"": 9, ""by"": ""us"", ""atk"": 937, ""card"": 648, ""dmg"": 210, ""ko"": 2, ""os"": 0}, {""t"": 10, ""by"": ""opp"", ""atk"": 115, ""card"": 93, ""dmg"": 200, ""ko"": 0, ""os"": 0}, {""t"": 10, ""by"": ""opp"", ""atk"": 115, ""card"": 93, ""dmg"": 200, ""ko"": 1, ""os"": 0}]","{""0"": 33, ""1"": 1, ""4"": 5, ""5"": 1, ""7"": 9, ""13"": 1, ""15"": 1, ""16"": 1, ""21"": 2, ""22"": 1, ""27"": 1, ""37"": 1, ""41"": 1, ""43"": 1}",2026-08-10T12:40:10.038474600Z,91650398,9,9,9,0,True,10,590.063839,1,1,0,647|1259|1219|1227|7|1219|112,0,1,0,9,6,1120,28,2,0,6,200,0,3,1,other: Rillaboom,386025bd3ab3c9cd,1100.6837,55403566,59,1,1,210,20,41,0,1,0,6,"[{""t"": 4, ""c"": 647, ""os"": true}, {""t"": 4, ""c"": 646, ""os"": true}, {""t"": 6, ""c"": 104, ""os"": true}, {""t"": 6, ""c"": 112, ""os"": false}, {""t"": 8, ""c"": 112, ""os"": false}, {""t"": 10, ""c"": 648, ""os"": false}]",2,210,0,0,4,1052.2271,5,5,0,0,DONE|DONE,10,v15,True,False
"[{""t"": 4, ""by"": ""us"", ""atk"": 937, ""card"": 648, ""dmg"": 230, ""ko"": 1, ""os"": 1}, {""t"": 5, ""by"": ""opp"", ""atk"": 937, ""card"": 648, ""dmg"": 230, ""ko"": 0, ""os"": 0}, {""t"": 6, ""by"": ""us"", ""atk"": 937, ""card"": 648, ""dmg"": 250, ""ko"": 0, ""os"": 0}, {""t"": 7, ""by"": ""opp"", ""atk"": 937, ""card"": 648, ""dmg"": 210, ""ko"": 1, ""os"": 0}, {""t"": 8, ""by"": ""us"", ""atk"": 937, ""card"": 648, ""dmg"": 250, ""ko"": 1, ""os"": 0}, {""t"": 9, ""by"": ""opp"", ""atk"": 937, ""card"": 648, ""dmg"": 250, ""ko"": 1, ""os"": 0}, {""t"": 10, ""by"": ""us"", ""atk"": 937, ""card"": 648, ""dmg"": 260, ""ko"": 2, ""os"": 0}, {""t"": 11, ""by"": ""opp"", ""atk"": 937, ""card"": 648, ""dmg"": 210, ""ko"": 1, ""os"": 0}]","{""0"": 37, ""1"": 1, ""3"": 1, ""4"": 1, ""7"": 16, ""13"": 3, ""15"": 4, ""16"": 3, ""21"": 4, ""22"": 2, ""30"": 1, ""37"": 2, ""40"": 3, ""43"": 2}",2026-08-10T12:44:07.471532500Z,91651280,4,4,4,,False,11,587.1448860000005,1,1,0,1219|1097|104|7|1097|860|1079,0,0,1,4,4,900,20,5,1,4,250,0,0,2,Grimmsnarl (mirror),9714ab5c3996f6cc,1024.1452,55397412,80,4,4,990,24,35,0,2,0,7,"[{""t"": 7, ""c"": 112, ""os"": false}, {""t"": 7, ""c"": 648, ""os"": false}, {""t"": 9, ""c"": 112, ""os"": false}, {""t"": 11, ""c"": 648, ""os"": false}]",4,260,1,1,1,1052.0692,2,5,0,1,DONE|DONE,11,v15,False,False
"[{""t"": 4, ""by"": ""opp"", ""atk"": 937, ""card"": 648, ""dmg"": 240, ""ko"": 1, ""os"": 1}, {""t"": 5, ""by"": ""us"", ""atk"": 937, ""card"": 648, ""dmg"": 240, ""ko"": 0, ""os"": 0}, {""t"": 6, ""by"": ""opp"", ""atk"": 937, ""card"": 648, ""dmg"": 240, ""ko"": 1, ""os"": 0}, {""t"": 7, ""by"": ""us"", ""atk"": 937, ""card"": 648, ""dmg"": 230, ""ko"": 1, ""os"": 0}, {""t"": 8, ""by"": ""opp"", ""atk"": 937, ""card"": 648, ""dmg"": 250, ""ko"": 1, ""os"": 0}, {""t"": 9, ""by"": ""us"", ""atk"": 937, ""card"": 648, ""dmg"": 240, ""ko"": 0, ""os"": 0}, {""t"": 10, ""by"": ""opp"", ""atk"": 937, ""card"": 648, ""dmg"": 240, ""ko"": 0, ""os"": 0}, {""t"": 11, ""by"": ""us"", ""atk"": 937, ""card"": 648, ""dmg"": 240, ""ko"": 1, ""os"": 0}, {""t"": 12, ""by"": ""opp"", ""atk"": 937, ""card"": 648, ""dmg"": 210, ""ko"": 2, ""os"": 0}]","{""0"": 46, ""1"": 1, ""2"": 1, ""4"": 2, ""7"": 17, ""13"": 11, ""15"": 4, ""16"": 11, ""21"": 4, ""22"": 2, ""40"": 9, ""41"": 1, ""43"": 2}",2026-08-10T12:48:07.297051800Z,91652218,5,5,5,0,True,12,585.0273469999998,3,2,1,647|7|112|112|7|646|648,1,1,0,5,4,1180,18,4,1,6,250,0,1,1,Grimmsnarl (mirror),21c3f20980827cb2,1127.8215,55363080,111,4,2,950,26,20,0,2,0,4,"[{""t"": 4, ""c"": 646, ""os"": true}, {""t"": 6, ""c"": 112, ""os"": false}, {""t"": 8, ""c"": 648, ""os"": false}, {""t"": 10, ""c"": 112, ""os"": false}, {""t"": 12, ""c"": 648, ""os"": false}, {""t"": 12, ""c"": 112, ""os"": false}]",4,240,0,0,1,1041.0666,4,6,0,0,DONE|DONE,12,v15,True,False
"[{""t"": 4, ""by"": ""opp"", ""atk"": 1487, ""card"": 1031, ""dmg"": 170, ""ko"": 1, ""os"": 1}, {""t"": 6, ""by"": ""opp"", ""atk"": 1487, ""card"": 1031, ""dmg"": 170, ""ko"": 1, ""os"": 1}, {""t"": 8, ""by"": ""opp"", ""atk"": 1488, ""card"": 1031, ""dmg"": 210, ""ko"": 1, ""os"": 1}, {""t"": 10, ""by"": ""opp"", ""atk"": 1488, ""card"": 1031, ""dmg"": 210, ""ko"": 1, ""os"": 1}, {""t"": 11, ""by"": ""us"", ""atk"": 937, ""card"": 648, ""dmg"": 210, ""ko"": 0, ""os"": 0}, {""t"": 12, ""by"": ""opp"", ""atk"": 1488, ""card"": 1031, ""dmg"": 210, ""ko"": 0, ""os"": 0}, {""t"": 13, ""by"": ""us"", ""atk"": 937, ""card"": 648, ""dmg"": 210, ""ko"": 1, ""os"": 0}, {""t"": 14, ""by"": ""opp"", ""atk"": 1488, ""card"": 1031, ""dmg"": 210, ""ko"": 1, ""os"": 0}]","{""0"": 39, ""1"": 1, ""3"": 1, ""4"": 4, ""5"": 1, ""7"": 11, ""13"": 7, ""15"": 2, ""16"": 7, ""21"": 3, ""22"": 1, ""37"": 1, ""40"": 7, ""41"": 1, ""43"": 1}",2026-08-10T12:52:08.680871800Z,91653142,11,11,11,0,True,14,589.327544,1,2,0,112|1086|1152|1097|7|1152|7,0,0,0,6,2,1180,27,4,0,5,210,0,4,2,other: Mega Starmie ex,54bcab557d0c2af0,558.8014,54140460,87,2,4,420,28,14,0,1,0,4,"[{""t"": 4, ""c"": 112, ""os"": true}, {""t"": 6, ""c"": 646, ""os"": true}, {""t"": 8, ""c"": 647, ""os"": true}, {""t"": 10, ""c"": 646, ""os"": true}, {""t"": 14, ""c"": 648, ""os"": false}]",2,210,0,0,2,1034.2204,4,7,0,0,DONE|DONE,14,v15,True,False
"[{""t"": 3, ""by"": ""opp"", ""atk"": 934, ""card"": 646, ""dmg"": 10, ""ko"": 0, ""os"": 0}, {""t"": 4, ""by"": ""us"", ""atk"": 937, ""card"": 648, ""dmg"": 220, ""ko"": 1, ""os"": 1}, {""t"": 5, ""by"": ""opp"", ""atk"": 937, ""card"": 648, ""dmg"": 230, ""ko"": 0, ""os"": 0}, {""t"": 6, ""by"": ""us"", ""atk"": 937, ""card"": 648, ""dmg"": 250, ""ko"": 1, ""os"": 0}, {""t"": 7, ""by"": ""opp"", ""atk"": 937, ""card"": 648, ""dmg"": 240, ""ko"": 1, ""os"": 0}, {""t"": 8, ""by"": ""us"", ""atk"": 937, ""card"": 648, ""dmg"": 260, ""ko"": 0, ""os"": 0}, {""t"": 9, ""by"": ""opp"", ""atk"": 937, ""card"": 648, ""dmg"": 250, ""ko"": 1, ""os"": 0}, {""t"": 10, ""by"": ""us"", ""atk"": 937, ""card"": 648, ""dmg"": 250, ""ko"": 1, ""os"": 0}, {""t"": 11, ""by"": ""opp"", ""atk"": 937, ""card"": 648, ""dmg"": 210, ""ko"": 2, ""os"": 0}]","{""0"": 30, ""1"": 1, ""3"": 2, ""5"": 1, ""7"": 8, ""13"": 3, ""15"": 4, ""16"": 3, ""21"": 8, ""22"": 2, ""30"": 4, ""37"": 1, ""38"": 1, ""40"": 2, ""43"": 3}",2026-08-10T12:56:07.424557100Z,91654112,4,4,4,,False,11,589.6055340000003,1,0,1,1227|648|1182|646|1086|647|1227,1,1,0,5,6,940,19,3,1,4,250,1,0,2,Grimmsnarl (mirror),9714ab5c3996f6cc,965.5483,55377277,73,4,2,980,29,21,0,2,0,2,"[{""t"": 7, ""c"": 112, ""os"": false}, {""t"": 9, ""c"": 112, ""os"": false}, {""t"": 11, ""c"": 648, ""os"": false}, {""t"": 11, ""c"": 648, ""os"": false}]",3,260,0,1,2,1004.8009,2,5,0,1,DONE|DONE,11,v15,False,False
"[{""t"": 3, ""by"": ""us"", ""atk"": 937, ""card"": 648, ""dmg"": 220, ""ko"": 1, ""os"": 1}, {""t"": 4, ""by"": ""opp"", ""atk"": 937, ""card"": 648, ""dmg"": 240, ""ko"": 0, ""os"": 0}, {""t"": 5, ""by"": ""us"", ""atk"": 937, ""card"": 648, ""dmg"": 220, ""ko"": 1, ""os"": 0}, {""t"": 6, ""by"": ""opp"", ""atk"": 937, ""card"": 648, ""dmg"": 240, ""ko"": 1, ""os"": 0}, {""t"": 7, ""by"": ""us"", ""atk"": 937, ""card"": 648, ""dmg"": 210, ""ko"": 1, ""os"": 0}, {""t"": 8, ""by"": ""opp"", ""atk"": 937, ""card"": 648, ""dmg"": 250, ""ko"": 0, ""os"": 0}, {""t"": 9, ""by"": ""us"", ""atk"": 937, ""card"": 648, ""dmg"": 210, ""ko"": 1, ""os"": 0}]","{""0"": 34, ""1"": 1, ""2"": 1, ""4"": 1, ""7"": 15, ""13"": 8, ""15"": 4, ""16"": 8, ""21"": 5, ""22"": 2, ""37"": 2, ""38"": 1, ""40"": 8, ""41"": 1, ""43"": 2}",2026-08-10T13:00:07.687595100Z,91655043,3,3,3,0,True,9,585.7662439999995,2,2,0,646|112|1182|1079|1231|7|7,1,0,1,3,2,730,25,4,1,1,250,2,0,4,Grimmsnarl (mirror),9714ab5c3996f6cc,938.2478,55379297,93,4,6,860,30,27,0,1,0,3,"[{""t"": 6, ""c"": 648, ""os"": false}]",5,220,1,1,1,994.553,0,5,0,0,DONE|DONE,9,v15,True,True
"[{""t"": 4, ""by"": ""us"", ""atk"": 937, ""card"": 648, ""dmg"": 210, ""ko"": 1, ""os"": 1}, {""t"": 5, ""by"": ""opp"", ""atk"": 937, ""card"": 648, ""dmg"": 210, ""ko"": 0, ""os"": 0}, {""t"": 6, ""by"": ""us"", ""atk"": 937, ""card"": 648, ""dmg"": 210, ""ko"": 1, ""os"": 0}, {""t"": 7, ""by"": ""opp"", ""atk"": 937, ""card"": 648, ""dmg"": 210, ""ko"": 0, ""os"": 0}, {""t"": 8, ""by"": ""us"", ""atk"": 937, ""card"": 648, ""dmg"": 390, ""ko"": 1, ""os"": 1}, {""t"": 9, ""by"": ""opp"", ""atk"": 937, ""card"": 648, ""dmg"": 210, ""ko"": 0, ""os"": 0}, {""t"": 10, ""by"": ""us"", ""atk"": 937, ""card"": 648, ""dmg"": 210, ""ko"": 1, ""os"": 0}, {""t"": 11, ""by"": ""opp"", ""atk"": 937, ""card"": 648, ""dmg"": 210, ""ko"": 1, ""os"": 0}, {""t"": 12, ""by"": ""us"", ""atk"": 937, ""card"": 648, ""dmg"": 210, ""ko"": 1, ""os"": 0}]","{""0"": 44, ""1"": 1, ""2"": 1, ""3"": 3, ""7"": 15, ""13"": 12, ""15"": 5, ""16"": 12, ""21"": 5, ""22"": 2, ""30"": 2, ""37"": 1, ""38"": 1, ""40"": 12, ""43"": 2}",2026-08-10T13:04:07.992934600Z,91655872,4,4,4,,False,12,584.4675090000006,2,0,0,860|1137|646|1079|1079|1259|1219,1,0,2,4,2,840,18,5,1,1,210,1,0,4,Grimmsnarl (mirror),9714ab5c3996f6cc,1036.5636,55405188,118,5,5,1230,24,36,0,1,0,7,"[{""t"": 11, ""c"": 648, ""os"": false}]",6,390,0,2,1,1009.3225,0,6,0,1,DONE|DONE,12,v15,False,True
"[{""t"": 4, ""by"": ""us"", ""atk"": 937, ""card"": 648, ""dmg"": 180, ""ko"": 1, ""os"": 1}]","{""0"": 17, ""1"": 1, ""3"": 1, ""5"": 1, ""7"": 7, ""21"": 2, ""22"": 1, ""30"": 1, ""37"": 1, ""43"": 1}",2026-08-10T13:04:08.178489Z,91655963,4,4,4,,False,4,594.8031510000001,1,0,0,112|1097|1259|1152|1259|1219|1079,0,0,1,0,0,0,44,,0,0,0,0,0,6,Alakazam,cc38cb450b86770a,981.6444,55380478,33,1,5,180,31,31,0,0,0,6,[],1,180,2,1,6,1001.5131,0,2,0,1,DONE|DONE,4,v15,False,True
"[{""t"": 5, ""by"": ""us"", ""atk"": 937, ""card"": 648, ""dmg"": 210, ""ko"": 1, ""os"": 1}, {""t"": 6, ""by"": ""opp"", ""atk"": 937, ""card"": 648, ""dmg"": 240, ""ko"": 0, ""os"": 0}, {""t"": 7, ""by"": ""us"", ""atk"": 937, ""card"": 648, ""dmg"": 240, ""ko"": 1, ""os"": 0}, {""t"": 8, ""by"": ""opp"", ""atk"": 937, ""card"": 648, ""dmg"": 270, ""ko"": 0, ""os"": 0}, {""t"": 9, ""by"": ""us"", ""atk"": 937, ""card"": 648, ""dmg"": 230, ""ko"": 0, ""os"": 0}, {""t"": 10, ""by"": ""opp"", ""atk"": 937, ""card"": 648, ""dmg"": 260, ""ko"": 1, ""os"": 0}, {""t"": 11, ""by"": ""us"", ""atk"": 937, ""card"": 648, ""dmg"": 210, ""ko"": 1, ""os"": 0}]","{""0"": 44, ""1"": 1, ""3"": 2, ""4"": 1, ""5"": 1, ""7"": 18, ""13"": 8, ""15"": 4, ""16"": 8, ""21"": 5, ""22"": 2, ""30"": 3, ""40"": 8, ""41"": 1, ""43"": 2}",2026-08-10T13:08:07.342828700Z,91656922,5,5,5,0,True,11,586.0964790000002,1,1,1,647|7|648|1097|1219|1086|112,0,1,0,3,3,770,23,6,1,1,270,0,0,4,Grimmsnarl (mirror),9714ab5c3996f6cc,972.4959,55398192,108,4,5,890,25,26,0,1,0,5,"[{""t"": 10, ""c"": 648, ""os"": false}]",5,240,0,1,2,1018.0809,0,6,0,0,DONE|DONE,11,v15,True,True
"[{""t"": 2, ""by"": ""us"", ""atk"": 934, ""card"": 646, ""dmg"": 0, ""ko"": 0, ""os"": 0}, {""t"": 3, ""by"": ""opp"", ""atk"": 1072, ""card"": 743, ""dmg"": 200, ""ko"": 1, ""os"": 1}, {""t"": 4, ""by"": ""us"", ""atk"": 937, ""card"": 648, ""dmg"": 380, ""ko"": 1, ""os"": 1}, {""t"": 5, ""by"": ""opp"", ""atk"": 1072, ""card"": 743, ""dmg"": 350, ""ko"": 1, ""os"": 0}, {""t"": 6, ""by"": ""us"", ""atk"": 937, ""card"": 648, ""dmg"": 440, ""ko"": 1, ""os"": 0}, {""t"": 8, ""by"": ""us"", ""atk"": 937, ""card"": 648, ""dmg"": 220, ""ko"": 2, ""os"": 0}]","{""0"": 35, ""1"": 1, ""2"": 1, ""3"": 1, ""4"": 2, ""5"": 1, ""7"": 16, ""13"": 3, ""15"": 3, ""16"": 3, ""21"": 5, ""22"": 2, ""34"": 1, ""37"": 1, ""38"": 1, ""40"": 3, ""43"": 2}",2026-08-10T13:12:08.232175700Z,91657654,2,4,4,,False,8,587.8609440000004,2,0,0,646|1227|646|1259|1182|1079|1097,2,0,1,2,4,550,25,3,0,2,350,2,1,3,Alakazam,cd280fd89f75c8e7,1055.7272,55242459,81,4,6,1040,19,27,0,1,0,7,"[{""t"": 3, ""c"": 646, ""os"": true}, {""t"": 5, ""c"": 648, ""os"": false}]",5,440,0,1,1,1024.7273,1,4,1,1,DONE|DONE,8,v15,False,True
"[{""t"": 3, ""by"": ""us"", ""atk"": 934, ""card"": 646, ""dmg"": 20, ""ko"": 0, ""os"": 0}, {""t"": 4, ""by"": ""opp"", ""atk"": 1071, ""card"": 742, ""dmg"": 40, ""ko"": 0, ""os"": 0}, {""t"": 5, ""by"": ""us"", ""atk"": 937, ""card"": 648, ""dmg"": 390, ""ko"": 1, ""os"": 0}, {""t"": 7, ""by"": ""us"", ""atk"": 937, ""card"": 648, ""dmg"": 220, ""ko"": 1, ""os"": 0}, {""t"": 8, ""by"": ""opp"", ""atk"": 1072, ""card"": 743, ""dmg"": 290, ""ko"": 1, ""os"": 0}, {""t"": 9, ""by"": ""us"", ""atk"": 937, ""card"": 648, ""dmg"": 390, ""ko"": 1, ""os"": 0}]","{""0"": 29, ""1"": 1, ""2"": 1, ""3"": 1, ""4"": 1, ""5"": 2, ""7"": 9, ""13"": 3, ""15"": 3, ""16"": 3, ""21"": 3, ""22"": 1, ""30"": 1, ""40"": 3, ""41"": 1, ""43"": 1}",2026-08-10T13:16:10.113514Z,91658783,3,5,5,0,True,9,589.2745650000002,2,2,0,646|1086|646|1152|7|7|104,2,0,0,2,3,330,26,4,0,1,290,0,0,5,Alakazam,a665414222aea434,520.4545,54757485,63,4,5,1020,31,24,0,0,0,4,"[{""t"": 8, ""c"": 112, ""os"": false}]",4,390,0,0,1,1033.3396,1,5,0,0,DONE|DONE,9,v15,True,True
"[{""t"": 3, ""by"": ""us"", ""atk"": 934, ""card"": 646, ""dmg"": 0, ""ko"": 0, ""os"": 0}, {""t"": 5, ""by"": ""us"", ""atk"": 937, ""card"": 648, ""dmg"": 270, ""ko"": 0, ""os"": 0}, {""t"": 6, ""by"": ""opp"", ""atk"": 479, ""card"": 345, ""dmg"": 260, ""ko"": 0, ""os"": 0}, {""t"": 7, ""by"": ""us"", ""atk"": 937, ""card"": 648, ""dmg"": 50, ""ko"": 0, ""os"": 0}, {""t"": 8, ""by"": ""opp"", ""atk"": 479, ""card"": 345, ""dmg"": 260, ""ko"": 1, ""os"": 0}, {""t"": 9, ""by"": ""us"", ""atk"": 937, ""card"": 648, ""dmg"": 110, ""ko"": 0, ""os"": 0}, {""t"": 10, ""by"": ""opp"", ""atk"": 479, ""card"": 345, ""dmg"": 280, ""ko"": 1, ""os"": 1}, {""t"": 11, ""by"": ""us"", ""atk"": 937, ""card"": 648, ""dmg"": 60, ""ko"": 0, ""os"": 0}, {""t"": 13, ""by"": ""us"", ""atk"": 937, ""card"": 648, ""dmg"": 80, ""ko"": 1, ""os"": 1}, {""t"": 14, ""by"": ""opp"", ""atk"": 479, ""card"": 345, ""dmg"": 260, ""ko"": 2, ""os"": 2}, {""t"": 15, ""by"": ""us"", ""atk"": 937, ""card"": 648, ""dmg"": 90, ""ko"": 1, ""os"": 0}]","{""0"": 47, ""1"": 1, ""2"": 1, ""3"": 2, ""4"": 3, ""5"": 3, ""7"": 15, ""8"": 3, ""13"": 4, ""15"": 6, ""16"": 4, ""21"": 8, ""22"": 3, ""30"": 1, ""34"": 5, ""37"": 1, ""38"": 1, ""40"": 4, ""41"": 1, ""43"": 3}",2026-08-10T13:20:09.978891700Z,91659713,3,5,5,0,True,15,587.8175649999997,2,0,0,646|1227|860|1219|1231|1086|1219,1,0,0,4,2,1060,25,6,0,3,280,1,3,1,Kangaskhan / Crustle,1eda048ea3581634,959.5442,55380378,116,7,4,660,4,44,0,2,1,4,"[{""t"": 8, ""c"": 648, ""os"": false}, {""t"": 13, ""c"": 648, ""os"": true}, {""t"": 14, ""c"": 647, ""os"": true}]",4,270,0,1,1,1033.5882,1,8,1,0,DONE|DONE,15,v15,True,True
"[{""t"": 3, ""by"": ""us"", ""atk"": 937, ""card"": 648, ""dmg"": 200, ""ko"": 1, ""os"": 1}, {""t"": 4, ""by"": ""opp"", ""atk"": 1072, ""card"": 743, ""dmg"": 340, ""ko"": 1, ""os"": 0}, {""t"": 5, ""by"": ""us"", ""atk"": 934, ""card"": 646, ""dmg"": 50, ""ko"": 0, ""os"": 0}, {""t"": 6, ""by"": ""opp"", ""atk"": 1072, ""card"": 743, ""dmg"": 360, ""ko"": 1, ""os"": 1}, {""t"": 7, ""by"": ""us"", ""atk"": 937, ""card"": 648, ""dmg"": 360, ""ko"": 1, ""os"": 0}, {""t"": 8, ""by"": ""opp"", ""atk"": 1072, ""card"": 743, ""dmg"": 220, ""ko"": 0, ""os"": 0}, {""t"": 9, ""by"": ""us"", ""atk"": 937, ""card"": 648, ""dmg"": 390, ""ko"": 1, ""os"": 0}, {""t"": 10, ""by"": ""opp"", ""atk"": 1072, ""card"": 743, ""dmg"": 340, ""ko"": 1, ""os"": 0}, {""t"": 11, ""by"": ""us"", ""atk"": 937, ""card"": 648, ""dmg"": 180, ""ko"": 1, ""os"": 0}]","{""0"": 46, ""1"": 1, ""2"": 1, ""3"": 2, ""4"": 3, ""5"": 1, ""7"": 15, ""13"": 9, ""15"": 4, ""16"": 9, ""21"": 5, ""22"": 2, ""37"": 2, ""40"": 6, ""41"": 1, ""43"": 3}",2026-08-10T13:24:08.496734200Z,91660667,3,3,3,0,True,11,586.7487739999995,3,1,0,1086|646|860|646|7|1097|1079,2,0,1,4,3,1260,12,4,0,3,360,0,1,1,Alakazam,cc38cb450b86770a,1070.1316,55404163,110,5,5,1180,15,40,0,2,0,7,"[{""t"": 4, ""c"": 648, ""os"": false}, {""t"": 6, ""c"": 104, ""os"": true}, {""t"": 10, ""c"": 648, ""os"": false}]",5,390,1,1,2,1039.1818,1,6,0,0,DONE|DONE,11,v15,True,True
"[{""t"": 3, ""by"": ""opp"", ""atk"": 1225, ""card"": 849, ""dmg"": 230, ""ko"": 1, ""os"": 1}, {""t"": 5, ""by"": ""opp"", ""atk"": 1226, ""card"": 849, ""dmg"": 160, ""ko"": 1, ""os"": 1}, {""t"": 6, ""by"": ""us"", ""atk"": 937, ""card"": 648, ""dmg"": 210, ""ko"": 0, ""os"": 0}, {""t"": 7, ""by"": ""opp"", ""atk"": 1225, ""card"": 849, ""dmg"": 230, ""ko"": 0, ""os"": 0}, {""t"": 8, ""by"": ""us"", ""atk"": 937, ""card"": 648, ""dmg"": 210, ""ko"": 0, ""os"": 0}, {""t"": 9, ""by"": ""opp"", ""atk"": 1225, ""card"": 849, ""dmg"": 230, ""ko"": 1, ""os"": 0}, {""t"": 10, ""by"": ""us"", ""atk"": 937, ""card"": 648, ""dmg"": 210, ""ko"": 0, ""os"": 0}, {""t"": 11, ""by"": ""opp"", ""atk"": 1225, ""card"": 849, ""dmg"": 230, ""ko"": 0, ""os"": 0}, {""t"": 12, ""by"": ""us"", ""atk"": 937, ""card"": 648, ""dmg"": 210, ""ko"": 0, ""os"": 0}, {""t"": 13, ""by"": ""opp"", ""atk"": 1225, ""card"": 849, ""dmg"": 230, ""ko"": 1, ""os"": 0}]","{""0"": 42, ""1"": 1, ""2"": 1, ""4"": 3, ""5"": 1, ""7"": 10, ""13"": 7, ""15"": 4, ""16"": 7, ""21"": 3, ""22"": 1, ""40"": 7, ""43"": 2}",2026-08-10T13:28:07.840524800Z,91661606,6,6,6,,False,13,589.7487100000003,2,3,0,1219|7|112|7|112|1086|7,0,0,0,6,5,1310,15,3,0,4,230,0,2,2,Mega Lopunny / Froslass,6fa64c0e3b2eb67c,980.7184,55399021,89,4,5,840,24,26,0,2,0,4,"[{""t"": 3, ""c"": 112, ""os"": true}, {""t"": 5, ""c"": 647, ""os"": true}, {""t"": 9, ""c"": 648, ""os"": false}, {""t"": 13, ""c"": 648, ""os"": false}]",2,210,0,0,4,1047.2737,2,6,0,1,DONE|DONE,13,v15,False,False
"[{""t"": 4, ""by"": ""opp"", ""atk"": 982, ""card"": 678, ""dmg"": 130, ""ko"": 1, ""os"": 1}, {""t"": 5, ""by"": ""us"", ""atk"": 937, ""card"": 648, ""dmg"": 230, ""ko"": 0, ""os"": 0}, {""t"": 6, ""by"": ""opp"", ""atk"": 983, ""card"": 678, ""dmg"": 320, ""ko"": 0, ""os"": 0}, {""t"": 7, ""by"": ""us"", ""atk"": 937, ""card"": 648, ""dmg"": 230, ""ko"": 0, ""os"": 0}, {""t"": 8, ""by"": ""opp"", ""atk"": 982, ""card"": 678, ""dmg"": 190, ""ko"": 0, ""os"": 0}, {""t"": 9, ""by"": ""us"", ""atk"": 937, ""card"": 648, ""dmg"": 230, ""ko"": 1, ""os"": 0}, {""t"": 10, ""by"": ""opp"", ""atk"": 983, ""card"": 678, ""dmg"": 300, ""ko"": 1, ""os"": 0}, {""t"": 11, ""by"": ""us"", ""atk"": 937, ""card"": 648, ""dmg"": 210, ""ko"": 2, ""os"": 0}]","{""0"": 43, ""1"": 1, ""3"": 1, ""4"": 3, ""5"": 2, ""7"": 13, ""13"": 6, ""15"": 4, ""16"": 6, ""21"": 5, ""22"": 2, ""30"": 2, ""37"": 2, ""40"": 6, ""41"": 1, ""43"": 3}",2026-08-10T13:32:08.017953600Z,91662217,5,5,5,0,True,11,587.1395110000001,1,1,1,7|1080|1227|1219|112|648|1152,0,0,0,4,3,940,18,4,0,2,320,0,1,1,Mega Lucario,c3c16f0e65487ad6,708.1283,55407808,100,4,4,900,15,34,0,1,0,8,"[{""t"": 4, ""c"": 647, ""os"": true}, {""t"": 10, ""c"": 648, ""os"": false}]",4,230,0,0,2,1032.6467,1,6,0,0,DONE|DONE,11,v15,True,True
"[{""t"": 2, ""by"": ""us"", ""atk"": 934, ""card"": 646, ""dmg"": 0, ""ko"": 0, ""os"": 0}, {""t"": 3, ""by"": ""opp"", ""atk"": 115, ""card"": 93, ""dmg"": 200, ""ko"": 1, ""os"": 1}, {""t"": 3, ""by"": ""opp"", ""atk"": 115, ""card"": 93, ""dmg"": 200, ""ko"": 1, ""os"": 1}, {""t"": 5, ""by"": ""opp"", ""atk"": 115, ""card"": 93, ""dmg"": 100, ""ko"": 1, ""os"": 1}, {""t"": 5, ""by"": ""opp"", ""atk"": 115, ""card"": 93, ""dmg"": 200, ""ko"": 1, ""os"": 1}, {""t"": 6, ""by"": ""us"", ""atk"": 937, ""card"": 648, ""dmg"": 210, ""ko"": 1, ""os"": 0}, {""t"": 7, ""by"": ""opp"", ""atk"": 115, ""card"": 93, ""dmg"": 200, ""ko"": 0, ""os"": 0}, {""t"": 7, ""by"": ""opp"", ""atk"": 115, ""card"": 93, ""dmg"": 200, ""ko"": 1, ""os"": 0}]","{""0"": 29, ""1"": 1, ""2"": 1, ""4"": 4, ""5"": 2, ""7"": 8, ""13"": 2, ""15"": 1, ""16"": 2, ""21"": 2, ""22"": 1, ""37"": 1, ""43"": 1}",2026-08-10T13:32:08.984447900Z,91662535,2,6,6,,False,7,591.5371570000002,2,2,0,1122|860|7|7|1086|646|1152,1,0,0,6,6,1100,30,3,0,5,200,0,4,2,other: Rillaboom,386025bd3ab3c9cd,1085.2044,55403566,55,2,5,210,20,53,0,1,0,4,"[{""t"": 3, ""c"": 646, ""os"": true}, {""t"": 3, ""c"": 646, ""os"": true}, {""t"": 5, ""c"": 104, ""os"": true}, {""t"": 5, ""c"": 647, ""os"": true}, {""t"": 7, ""c"": 648, ""os"": false}]",1,210,3,0,5,1038.4054,4,3,1,1,DONE|DONE,7,v15,False,False
"[{""t"": 3, ""by"": ""us"", ""atk"": 934, ""card"": 646, ""dmg"": 0, ""ko"": 0, ""os"": 0}, {""t"": 4, ""by"": ""opp"", ""atk"": 937, ""card"": 648, ""dmg"": 210, ""ko"": 1, ""os"": 1}, {""t"": 5, ""by"": ""us"", ""atk"": 937, ""card"": 648, ""dmg"": 210, ""ko"": 0, ""os"": 0}, {""t"": 6, ""by"": ""opp"", ""atk"": 937, ""card"": 648, ""dmg"": 210, ""ko"": 0, ""os"": 0}, {""t"": 7, ""by"": ""us"", ""atk"": 937, ""card"": 648, ""dmg"": 210, ""ko"": 1, ""os"": 0}, {""t"": 8, ""by"": ""opp"", ""atk"": 937, ""card"": 648, ""dmg"": 210, ""ko"": 1, ""os"": 0}, {""t"": 9, ""by"": ""us"", ""atk"": 937, ""card"": 648, ""dmg"": 210, ""ko"": 1, ""os"": 0}, {""t"": 10, ""by"": ""opp"", ""atk"": 937, ""card"": 648, ""dmg"": 210, ""ko"": 0, ""os"": 0}, {""t"": 11, ""by"": ""us"", ""atk"": 937, ""card"": 648, ""dmg"": 210, ""ko"": 1, ""os"": 0}, {""t"": 12, ""by"": ""opp"", ""atk"": 937, ""card"": 648, ""dmg"": 210, ""ko"": 1, ""os"": 0}]","{""0"": 42, ""1"": 1, ""2"": 1, ""3"": 3, ""4"": 1, ""5"": 1, ""7"": 15, ""13"": 5, ""15"": 4, ""16"": 5, ""21"": 8, ""22"": 3, ""30"": 4, ""37"": 1, ""40"": 5, ""41"": 1, ""43"": 3}",2026-08-10T13:36:07.586665800Z,91663401,3,5,5,0,True,12,585.9863540000001,3,2,0,1086|7|112|646|1137|7|646,2,0,0,5,5,1050,13,4,2,5,210,0,1,1,Grimmsnarl (mirror),9714ab5c3996f6cc,1003.3398,55405188,103,5,4,840,18,32,0,2,0,6,"[{""t"": 4, ""c"": 646, ""os"": true}, {""t"": 8, ""c"": 112, ""os"": false}, {""t"": 10, ""c"": 648, ""os"": false}, {""t"": 12, ""c"": 860, ""os"": false}, {""t"": 12, ""c"": 648, ""os"": false}]",3,210,0,0,1,1024.4844,3,6,1,0,DONE|DONE,12,v15,True,False
"[{""t"": 6, ""by"": ""opp"", ""atk"": 148, ""card"": 117, ""dmg"": 160, ""ko"": 1, ""os"": 1}, {""t"": 7, ""by"": ""us"", ""atk"": 937, ""card"": 648, ""dmg"": 10, ""ko"": 0, ""os"": 0}, {""t"": 8, ""by"": ""opp"", ""atk"": 148, ""card"": 117, ""dmg"": 140, ""ko"": 1, ""os"": 1}, {""t"": 9, ""by"": ""us"", ""atk"": 937, ""card"": 648, ""dmg"": 0, ""ko"": 0, ""os"": 0}, {""t"": 11, ""by"": ""us"", ""atk"": 937, ""card"": 648, ""dmg"": 0, ""ko"": 0, ""os"": 0}, {""t"": 13, ""by"": ""us"", ""atk"": 937, ""card"": 648, ""dmg"": 0, ""ko"": 0, ""os"": 0}, {""t"": 15, ""by"": ""us"", ""atk"": 937, ""card"": 648, ""dmg"": 0, ""ko"": 0, ""os"": 0}, {""t"": 17, ""by"": ""us"", ""atk"": 937, ""card"": 648, ""dmg"": 0, ""ko"": 0, ""os"": 0}, {""t"": 19, ""by"": ""us"", ""atk"": 937, ""card"": 648, ""dmg"": 0, ""ko"": 0, ""os"": 0}, {""t"": 21, ""by"": ""us"", ""atk"": 937, ""card"": 648, ""dmg"": 0, ""ko"": 0, ""os"": 0}, {""t"": 23, ""by"": ""us"", ""atk"": 937, ""card"": 648, ""dmg"": 0, ""ko"": 0, ""os"": 0}, {""t"": 25, ""by"": ""us"", ""atk"": 937, ""card"": 648, ""dmg"": 0, ""ko"": 0, ""os"": 0}, {""t"": 27, ""by"": ""us"", ""atk"": 937, ""card"": 648, ""dmg"": 0, ""ko"": 0, ""os"": 0}, {""t"": 29, ""by"": ""us"", ""atk"": 937, ""card"": 648, ""dmg"": 0, ""ko"": 0, ""os"": 0}, {""t"": 31, ""by"": ""us"", ""atk"": 937, ""card"": 648, ""dmg"": 0, ""ko"": 0, ""os"": 0}, {""t"": 33, ""by"": ""us"", ""atk"": 937, ""card"": 648, ""dmg"": 0, ""ko"": 0, ""os"": 0}, {""t"": 35, ""by"": ""us"", ""atk"": 937, ""card"": 648, ""dmg"": 0, ""ko"": 0, ""os"": 0}, {""t"": 37, ""by"": ""us"", ""atk"": 937, ""card"": 648, ""dmg"": 0, ""ko"": 0, ""os"": 0}, {""t"": 39, ""by"": ""us"", ""atk"": 937, ""card"": 648, ""dmg"": 0, ""ko"": 0, ""os"": 0}, {""t"": 41, ""by"": ""us"", ""atk"": 937, ""card"": 648, ""dmg"": 0, ""ko"": 0, ""os"": 0}, {""t"": 43, ""by"": ""us"", ""atk"": 937, ""card"": 648, ""dmg"": 0, ""ko"": 0, ""os"": 0}, {""t"": 45, ""by"": ""us"", ""atk"": 937, ""card"": 648, ""dmg"": 0, ""ko"": 0, ""os"": 0}, {""t"": 47, ""by"": ""us"", ""atk"": 937, ""card"": 648, ""dmg"": 0, ""ko"": 0, ""os"": 0}]","{""0"": 80, ""1"": 1, ""2"": 1, ""3"": 1, ""4"": 2, ""5"": 2, ""7"": 14, ""8"": 1, ""13"": 6, ""16"": 6, ""21"": 5, ""22"": 2, ""27"": 1, ""30"": 1, ""38"": 1, ""40"": 3, ""41"": 1, ""43"": 2}",2026-08-10T13:36:07.705020800Z,91663479,7,7,7,0,True,48,583.86269,1,2,0,112|1086|647|1152|104|7|7,0,1,0,2,1,300,17,6,0,2,160,2,2,4,Kangaskhan / Crustle,9b415cc6bbdf6fd5,920.1714,55330659,130,21,6,10,0,65,0,0,0,13,"[{""t"": 6, ""c"": 646, ""os"": true}, {""t"": 8, ""c"": 104, ""os"": true}]",0,10,0,0,6,1034.2043,2,24,20,0,DONE|DONE,48,v15,True,False
"[{""t"": 5, ""by"": ""opp"", ""atk"": 1072, ""card"": 743, ""dmg"": 250, ""ko"": 1, ""os"": 0}, {""t"": 7, ""by"": ""opp"", ""atk"": 1072, ""card"": 743, ""dmg"": 240, ""ko"": 1, ""os"": 1}, {""t"": 9, ""by"": ""opp"", ""atk"": 1072, ""card"": 743, ""dmg"": 280, ""ko"": 1, ""os"": 1}, {""t"": 11, ""by"": ""opp"", ""atk"": 1072, ""card"": 743, ""dmg"": 300, ""ko"": 1, ""os"": 1}, {""t"": 13, ""by"": ""opp"", ""atk"": 1072, ""card"": 743, ""dmg"": 320, ""ko"": 1, ""os"": 1}, {""t"": 14, ""by"": ""us"", ""atk"": 937, ""card"": 648, ""dmg"": 390, ""ko"": 1, ""os"": 0}, {""t"": 15, ""by"": ""opp"", ""atk"": 1072, ""card"": 743, ""dmg"": 360, ""ko"": 1, ""os"": 1}]","{""0"": 36, ""1"": 1, ""2"": 1, ""4"": 5, ""5"": 1, ""7"": 8, ""8"": 1, ""13"": 6, ""15"": 1, ""16"": 6, ""21"": 4, ""22"": 1, ""37"": 1, ""40"": 2, ""43"": 1}",2026-08-10T13:54:36.024436300Z,91667024,14,14,14,,False,15,591.8023829999997,2,1,1,7|647|648|1227|647|112|112,0,2,0,6,5,1750,16,5,0,6,360,1,5,1,Alakazam,cc38cb450b86770a,1018.6059,55406626,75,1,3,390,27,29,0,1,1,1,"[{""t"": 5, ""c"": 112, ""os"": false}, {""t"": 7, ""c"": 104, ""os"": true}, {""t"": 9, ""c"": 104, ""os"": true}, {""t"": 11, ""c"": 112, ""os"": true}, {""t"": 13, ""c"": 112, ""os"": true}, {""t"": 15, ""c"": 648, ""os"": true}]",2,390,1,0,4,1017.5535,5,7,0,1,DONE|DONE,15,v15,False,False
"[{""t"": 5, ""by"": ""us"", ""atk"": 937, ""card"": 648, ""dmg"": 210, ""ko"": 1, ""os"": 1}, {""t"": 6, ""by"": ""opp"", ""atk"": 937, ""card"": 648, ""dmg"": 210, ""ko"": 0, ""os"": 0}, {""t"": 7, ""by"": ""us"", ""atk"": 937, ""card"": 648, ""dmg"": 210, ""ko"": 0, ""os"": 0}, {""t"": 8, ""by"": ""opp"", ""atk"": 937, ""card"": 648, ""dmg"": 210, ""ko"": 0, ""os"": 0}, {""t"": 9, ""by"": ""us"", ""atk"": 937, ""card"": 648, ""dmg"": 390, ""ko"": 1, ""os"": 1}, {""t"": 10, ""by"": ""opp"", ""atk"": 937, ""card"": 648, ""dmg"": 210, ""ko"": 0, ""os"": 0}, {""t"": 11, ""by"": ""us"", ""atk"": 937, ""card"": 648, ""dmg"": 210, ""ko"": 1, ""os"": 0}, {""t"": 12, ""by"": ""opp"", ""atk"": 937, ""card"": 648, ""dmg"": 210, ""ko"": 2, ""os"": 0}, {""t"": 13, ""by"": ""us"", ""atk"": 937, ""card"": 648, ""dmg"": 210, ""ko"": 1, ""os"": 0}, {""t"": 14, ""by"": ""opp"", ""atk"": 937, ""card"": 648, ""dmg"": 210, ""ko"": 0, ""os"": 0}, {""t"": 15, ""by"": ""us"", ""atk"": 937, ""card"": 648, ""dmg"": 210, ""ko"": 1, ""os"": 0}]","{""0"": 53, ""1"": 1, ""3"": 4, ""4"": 1, ""5"": 1, ""7"": 19, ""13"": 7, ""15"": 6, ""16"": 7, ""21"": 8, ""22"": 3, ""30"": 5, ""37"": 1, ""40"": 7, ""41"": 1, ""43"": 3}",2026-08-10T15:34:38.944097600Z,91690205,5,5,5,0,True,15,582.0014390000001,1,2,0,860|7|647|1152|1152|7|1086,0,1,0,5,2,1050,23,6,2,3,210,0,0,2,Grimmsnarl (mirror),21c3f20980827cb2,1031.4119,55409691,127,6,4,1440,14,36,0,1,0,8,"[{""t"": 8, ""c"": 112, ""os"": false}, {""t"": 12, ""c"": 648, ""os"": false}, {""t"": 12, ""c"": 112, ""os"": false}]",5,390,0,2,1,1011.4124,2,8,0,0,DONE|DONE,15,v15,True,True
"[{""t"": 4, ""by"": ""us"", ""atk"": 937, ""card"": 648, ""dmg"": 210, ""ko"": 1, ""os"": 1}, {""t"": 5, ""by"": ""opp"", ""atk"": 937, ""card"": 648, ""dmg"": 210, ""ko"": 0, ""os"": 0}, {""t"": 6, ""by"": ""us"", ""atk"": 937, ""card"": 648, ""dmg"": 210, ""ko"": 0, ""os"": 0}, {""t"": 7, ""by"": ""opp"", ""atk"": 937, ""card"": 648, ""dmg"": 210, ""ko"": 1, ""os"": 0}, {""t"": 8, ""by"": ""us"", ""atk"": 937, ""card"": 648, ""dmg"": 210, ""ko"": 0, ""os"": 0}, {""t"": 9, ""by"": ""opp"", ""atk"": 937, ""card"": 648, ""dmg"": 210, ""ko"": 1, ""os"": 0}, {""t"": 11, ""by"": ""opp"", ""atk"": 937, ""card"": 648, ""dmg"": 210, ""ko"": 2, ""os"": 1}]","{""0"": 26, ""1"": 1, ""3"": 2, ""4"": 1, ""5"": 2, ""7"": 7, ""13"": 2, ""15"": 3, ""16"": 2, ""21"": 5, ""22"": 2, ""30"": 3, ""37"": 2, ""40"": 1, ""43"": 2}",2026-08-10T16:06:36.517212800Z,91697663,4,4,4,,False,11,590.9706750000005,1,1,1,647|1097|1079|112|1259|7|648,0,1,1,4,6,840,15,5,0,5,210,0,1,1,Grimmsnarl (mirror),9714ab5c3996f6cc,996.6741,55410607,61,3,1,630,30,12,0,2,0,4,"[{""t"": 7, ""c"": 112, ""os"": false}, {""t"": 9, ""c"": 860, ""os"": false}, {""t"": 9, ""c"": 648, ""os"": false}, {""t"": 11, ""c"": 647, ""os"": true}, {""t"": 11, ""c"": 648, ""os"": false}]",1,210,0,1,5,1017.5941,3,5,0,1,DONE|DONE,11,v15,False,False
"[{""t"": 3, ""by"": ""opp"", ""atk"": 980, ""card"": 676, ""dmg"": 70, ""ko"": 1, ""os"": 1}, {""t"": 4, ""by"": ""us"", ""atk"": 937, ""card"": 648, ""dmg"": 220, ""ko"": 1, ""os"": 1}, {""t"": 5, ""by"": ""opp"", ""atk"": 983, ""card"": 678, ""dmg"": 330, ""ko"": 1, ""os"": 0}, {""t"": 7, ""by"": ""opp"", ""atk"": 982, ""card"": 678, ""dmg"": 120, ""ko"": 1, ""os"": 0}, {""t"": 9, ""by"": ""opp"", ""atk"": 983, ""card"": 678, ""dmg"": 260, ""ko"": 1, ""os"": 0}, {""t"": 11, ""by"": ""opp"", ""atk"": 982, ""card"": 678, ""dmg"": 100, ""ko"": 1, ""os"": 0}]","{""0"": 39, ""1"": 1, ""2"": 1, ""3"": 1, ""4"": 4, ""5"": 1, ""7"": 11, ""13"": 6, ""15"": 1, ""16"": 6, ""21"": 2, ""22"": 1, ""27"": 1, ""30"": 1, ""34"": 2, ""37"": 1, ""40"": 4, ""43"": 1}",2026-08-10T17:35:10.921100900Z,91716337,4,4,4,,False,11,590.1460720000001,2,1,1,646|1086|7|1219|1152|112|648,1,0,0,5,5,880,23,3,0,5,330,0,1,1,Mega Lucario,05f854e1b3b3ba0f,1066.0042,55411051,84,1,3,220,18,31,0,1,0,7,"[{""t"": 3, ""c"": 646, ""os"": true}, {""t"": 5, ""c"": 648, ""os"": false}, {""t"": 7, ""c"": 112, ""os"": false}, {""t"": 9, ""c"": 112, ""os"": false}, {""t"": 11, ""c"": 112, ""os"": false}]",2,220,0,1,4,1011.5057,4,5,0,1,DONE|DONE,11,v15,False,False
"[{""t"": 2, ""by"": ""opp"", ""atk"": 478, ""card"": 344, ""dmg"": 0, ""ko"": 0, ""os"": 0}, {""t"": 3, ""by"": ""us"", ""atk"": 937, ""card"": 648, ""dmg"": 0, ""ko"": 0, ""os"": 0}, {""t"": 6, ""by"": ""opp"", ""atk"": 479, ""card"": 345, ""dmg"": 140, ""ko"": 1, ""os"": 1}, {""t"": 7, ""by"": ""us"", ""atk"": 937, ""card"": 648, ""dmg"": 50, ""ko"": 0, ""os"": 0}, {""t"": 8, ""by"": ""opp"", ""atk"": 479, ""card"": 345, ""dmg"": 280, ""ko"": 0, ""os"": 0}, {""t"": 9, ""by"": ""us"", ""atk"": 937, ""card"": 648, ""dmg"": 50, ""ko"": 0, ""os"": 0}, {""t"": 10, ""by"": ""opp"", ""atk"": 479, ""card"": 345, ""dmg"": 270, ""ko"": 1, ""os"": 0}, {""t"": 11, ""by"": ""us"", ""atk"": 937, ""card"": 648, ""dmg"": 30, ""ko"": 0, ""os"": 0}, {""t"": 12, ""by"": ""opp"", ""atk"": 479, ""card"": 345, ""dmg"": 270, ""ko"": 0, ""os"": 0}, {""t"": 13, ""by"": ""us"", ""atk"": 937, ""card"": 648, ""dmg"": 60, ""ko"": 1, ""os"": 0}, {""t"": 15, ""by"": ""us"", ""atk"": 937, ""card"": 648, ""dmg"": 220, ""ko"": 0, ""os"": 0}, {""t"": 17, ""by"": ""us"", ""atk"": 937, ""card"": 648, ""dmg"": 180, ""ko"": 1, ""os"": 0}]","{""0"": 62, ""1"": 1, ""3"": 1, ""4"": 2, ""5"": 1, ""7"": 23, ""13"": 11, ""15"": 5, ""16"": 11, ""21"": 4, ""22"": 2, ""27"": 1, ""30"": 1, ""34"": 2, ""37"": 2, ""40"": 10, ""41"": 1, ""43"": 2}",2026-08-10T18:07:12.773440Z,91723921,3,3,3,0,True,17,583.1328370000002,1,1,0,860|1097|1080|7|1079|1152|1259,0,0,1,5,0,960,20,2,0,4,280,0,1,1,Kangaskhan / Crustle,9b415cc6bbdf6fd5,644.4693,55408230,142,7,6,590,9,37,0,1,0,10,"[{""t"": 6, ""c"": 860, ""os"": true}, {""t"": 10, ""c"": 648, ""os"": false}, {""t"": 16, ""c"": 112, ""os"": false}, {""t"": 16, ""c"": 112, ""os"": false}]",3,220,0,0,3,1006.7232,3,9,1,0,DONE|DONE,17,v15,True,True
"[{""t"": 5, ""by"": ""us"", ""atk"": 937, ""card"": 648, ""dmg"": 210, ""ko"": 1, ""os"": 1}, {""t"": 7, ""by"": ""us"", ""atk"": 937, ""card"": 648, ""dmg"": 210, ""ko"": 1, ""os"": 1}, {""t"": 8, ""by"": ""opp"", ""atk"": 1225, ""card"": 849, ""dmg"": 230, ""ko"": 0, ""os"": 0}, {""t"": 9, ""by"": ""us"", ""atk"": 937, ""card"": 648, ""dmg"": 220, ""ko"": 1, ""os"": 0}, {""t"": 10, ""by"": ""opp"", ""atk"": 1226, ""card"": 849, ""dmg"": 180, ""ko"": 1, ""os"": 0}, {""t"": 12, ""by"": ""opp"", ""atk"": 1226, ""card"": 849, ""dmg"": 190, ""ko"": 1, ""os"": 1}]","{""0"": 43, ""1"": 1, ""3"": 2, ""4"": 2, ""5"": 1, ""7"": 13, ""13"": 7, ""15"": 3, ""16"": 7, ""21"": 4, ""22"": 2, ""30"": 2, ""37"": 1, ""38"": 1, ""40"": 7, ""41"": 1, ""43"": 2}",2026-08-10T18:31:11.073913900Z,91729142,5,5,5,0,True,13,588.0073240000002,1,1,1,1182|1227|1122|648|7|112|1231,0,0,0,3,5,600,37,8,0,2,230,2,1,3,Mega Lopunny / Froslass,34d66734d290ea3d,934.2495,55413157,99,3,5,640,21,41,0,1,0,3,"[{""t"": 10, ""c"": 648, ""os"": false}, {""t"": 12, ""c"": 647, ""os"": true}]",3,220,1,2,3,1007.5344,1,7,0,0,DONE|DONE,13,v15,True,True
"[{""t"": 3, ""by"": ""us"", ""atk"": 937, ""card"": 648, ""dmg"": 240, ""ko"": 1, ""os"": 1}, {""t"": 5, ""by"": ""us"", ""atk"": 937, ""card"": 648, ""dmg"": 240, ""ko"": 2, ""os"": 1}, {""t"": 6, ""by"": ""opp"", ""atk"": 937, ""card"": 648, ""dmg"": 240, ""ko"": 0, ""os"": 0}, {""t"": 7, ""by"": ""us"", ""atk"": 937, ""card"": 648, ""dmg"": 230, ""ko"": 1, ""os"": 0}, {""t"": 8, ""by"": ""opp"", ""atk"": 937, ""card"": 648, ""dmg"": 260, ""ko"": 0, ""os"": 0}, {""t"": 9, ""by"": ""us"", ""atk"": 937, ""card"": 648, ""dmg"": 240, ""ko"": 1, ""os"": 0}, {""t"": 10, ""by"": ""opp"", ""atk"": 937, ""card"": 648, ""dmg"": 240, ""ko"": 2, ""os"": 0}, {""t"": 11, ""by"": ""us"", ""atk"": 937, ""card"": 648, ""dmg"": 210, ""ko"": 1, ""os"": 0}]","{""0"": 37, ""1"": 1, ""2"": 1, ""3"": 1, ""4"": 1, ""5"": 2, ""7"": 16, ""13"": 7, ""15"": 5, ""16"": 7, ""21"": 6, ""22"": 2, ""30"": 2, ""37"": 1, ""40"": 7, ""41"": 1, ""43"": 3}",2026-08-10T18:47:11.695762400Z,91733024,3,3,3,0,True,11,587.470189,2,2,0,646|1097|7|112|1086|7|1227,1,0,0,3,2,740,18,6,1,2,260,0,0,3,Grimmsnarl (mirror),9714ab5c3996f6cc,955.7343,55411322,100,5,4,1160,23,36,0,1,0,6,"[{""t"": 10, ""c"": 648, ""os"": false}, {""t"": 10, ""c"": 112, ""os"": false}]",6,240,1,2,1,1011.7104,1,6,0,0,DONE|DONE,11,v15,True,True
"[{""t"": 4, ""by"": ""us"", ""atk"": 937, ""card"": 648, ""dmg"": 220, ""ko"": 1, ""os"": 1}, {""t"": 5, ""by"": ""opp"", ""atk"": 1072, ""card"": 743, ""dmg"": 340, ""ko"": 1, ""os"": 0}, {""t"": 6, ""by"": ""us"", ""atk"": 937, ""card"": 648, ""dmg"": 450, ""ko"": 2, ""os"": 0}, {""t"": 7, ""by"": ""opp"", ""atk"": 1072, ""card"": 743, ""dmg"": 460, ""ko"": 1, ""os"": 0}, {""t"": 8, ""by"": ""us"", ""atk"": 937, ""card"": 648, ""dmg"": 450, ""ko"": 1, ""os"": 0}, {""t"": 9, ""by"": ""opp"", ""atk"": 1072, ""card"": 743, ""dmg"": 240, ""ko"": 0, ""os"": 0}]","{""0"": 35, ""1"": 1, ""2"": 1, ""4"": 2, ""5"": 1, ""7"": 16, ""13"": 6, ""15"": 3, ""16"": 6, ""21"": 7, ""22"": 3, ""34"": 3, ""37"": 1, ""38"": 1, ""40"": 4, ""43"": 3}",2026-08-10T19:32:07.747020Z,91742137,4,4,4,,False,10,582.3023480000006,3,0,0,1086|647|860|1137|646|1086|112,1,1,0,3,5,1040,27,5,0,2,460,7,0,2,Alakazam,cc38cb450b86770a,1012.6811,55412982,93,3,6,1120,21,24,0,2,0,5,"[{""t"": 5, ""c"": 648, ""os"": false}, {""t"": 7, ""c"": 648, ""os"": false}]",5,450,0,1,1,1025.5072,0,5,0,1,DONE|DONE,10,v15,False,True
"[{""t"": 2, ""by"": ""us"", ""atk"": 934, ""card"": 646, ""dmg"": 0, ""ko"": 0, ""os"": 0}, {""t"": 3, ""by"": ""opp"", ""atk"": 1092, ""card"": 756, ""dmg"": 200, ""ko"": 1, ""os"": 1}, {""t"": 4, ""by"": ""us"", ""atk"": 937, ""card"": 648, ""dmg"": 210, ""ko"": 0, ""os"": 0}, {""t"": 5, ""by"": ""opp"", ""atk"": 183, ""card"": 140, ""dmg"": 100, ""ko"": 1, ""os"": 1}, {""t"": 6, ""by"": ""us"", ""atk"": 937, ""card"": 648, ""dmg"": 260, ""ko"": 1, ""os"": 0}, {""t"": 7, ""by"": ""opp"", ""atk"": 120, ""card"": 96, ""dmg"": 120, ""ko"": 1, ""os"": 1}, {""t"": 8, ""by"": ""us"", ""atk"": 937, ""card"": 648, ""dmg"": 210, ""ko"": 0, ""os"": 0}, {""t"": 9, ""by"": ""opp"", ""atk"": 120, ""card"": 96, ""dmg"": 360, ""ko"": 1, ""os"": 1}, {""t"": 10, ""by"": ""us"", ""atk"": 937, ""card"": 648, ""dmg"": 210, ""ko"": 2, ""os"": 0}]","{""0"": 41, ""1"": 1, ""4"": 3, ""5"": 1, ""7"": 16, ""13"": 3, ""15"": 4, ""16"": 3, ""21"": 7, ""22"": 2, ""37"": 1, ""43"": 2}",2026-08-10T19:32:08.041170100Z,91742357,2,4,4,,False,10,586.6554150000002,1,1,0,1097|1219|1259|1227|646|7|1097,1,0,0,4,4,780,25,3,0,4,360,0,4,1,Kangaskhan / Crustle,f28177e6f00410a7,1173.9764,55410444,84,5,5,890,14,39,0,1,1,8,"[{""t"": 3, ""c"": 646, ""os"": true}, {""t"": 5, ""c"": 860, ""os"": true}, {""t"": 7, ""c"": 104, ""os"": true}, {""t"": 9, ""c"": 648, ""os"": true}]",3,260,1,0,2,1016.3086,3,5,1,1,DONE|DONE,10,v15,False,True
"[{""t"": 3, ""by"": ""opp"", ""atk"": 323, ""card"": 235, ""dmg"": 20, ""ko"": 0, ""os"": 0}, {""t"": 5, ""by"": ""opp"", ""atk"": 154, ""card"": 121, ""dmg"": 260, ""ko"": 2, ""os"": 1}, {""t"": 6, ""by"": ""us"", ""atk"": 937, ""card"": 648, ""dmg"": 210, ""ko"": 1, ""os"": 1}, {""t"": 7, ""by"": ""opp"", ""atk"": 154, ""card"": 121, ""dmg"": 260, ""ko"": 1, ""os"": 0}, {""t"": 8, ""by"": ""us"", ""atk"": 937, ""card"": 648, ""dmg"": 210, ""ko"": 0, ""os"": 0}, {""t"": 9, ""by"": ""opp"", ""atk"": 154, ""card"": 121, ""dmg"": 260, ""ko"": 1, ""os"": 0}, {""t"": 10, ""by"": ""us"", ""atk"": 937, ""card"": 648, ""dmg"": 390, ""ko"": 1, ""os"": 0}, {""t"": 11, ""by"": ""opp"", ""atk"": 154, ""card"": 121, ""dmg"": 260, ""ko"": 1, ""os"": 0}]","{""0"": 46, ""1"": 1, ""3"": 1, ""4"": 1, ""5"": 2, ""7"": 16, ""13"": 7, ""15"": 3, ""16"": 7, ""21"": 4, ""22"": 2, ""30"": 2, ""40"": 6, ""43"": 2}",2026-08-10T19:36:08.485540100Z,91743131,6,6,6,,False,11,587.0947809999998,1,1,0,1182|1227|7|1219|646|1122|1086,1,0,0,5,3,1060,20,3,0,5,260,0,1,2,Dragapult,10fc83264fd70470,1039.9873,55411500,100,3,4,810,18,28,0,1,0,6,"[{""t"": 5, ""c"": 646, ""os"": true}, {""t"": 5, ""c"": 860, ""os"": false}, {""t"": 7, ""c"": 112, ""os"": false}, {""t"": 9, ""c"": 646, ""os"": false}, {""t"": 11, ""c"": 648, ""os"": false}]",3,390,0,1,2,1030.6692,4,5,0,1,DONE|DONE,11,v15,False,False
"[{""t"": 3, ""by"": ""opp"", ""atk"": 937, ""card"": 648, ""dmg"": 210, ""ko"": 1, ""os"": 1}, {""t"": 5, ""by"": ""opp"", ""atk"": 937, ""card"": 648, ""dmg"": 390, ""ko"": 1, ""os"": 1}, {""t"": 6, ""by"": ""us"", ""atk"": 937, ""card"": 648, ""dmg"": 210, ""ko"": 0, ""os"": 0}, {""t"": 7, ""by"": ""opp"", ""atk"": 937, ""card"": 648, ""dmg"": 210, ""ko"": 0, ""os"": 0}, {""t"": 8, ""by"": ""us"", ""atk"": 937, ""card"": 648, ""dmg"": 210, ""ko"": 1, ""os"": 0}, {""t"": 9, ""by"": ""opp"", ""atk"": 937, ""card"": 648, ""dmg"": 210, ""ko"": 1, ""os"": 0}, {""t"": 10, ""by"": ""us"", ""atk"": 937, ""card"": 648, ""dmg"": 210, ""ko"": 0, ""os"": 0}, {""t"": 11, ""by"": ""opp"", ""atk"": 937, ""card"": 648, ""dmg"": 210, ""ko"": 0, ""os"": 0}, {""t"": 12, ""by"": ""us"", ""atk"": 937, ""card"": 648, ""dmg"": 210, ""ko"": 1, ""os"": 0}, {""t"": 13, ""by"": ""opp"", ""atk"": 937, ""card"": 648, ""dmg"": 210, ""ko"": 1, ""os"": 0}]","{""0"": 48, ""1"": 1, ""3"": 2, ""4"": 2, ""5"": 1, ""7"": 15, ""13"": 7, ""15"": 4, ""16"": 7, ""21"": 8, ""22"": 3, ""30"": 2, ""37"": 1, ""40"": 7, ""43"": 3}",2026-08-10T20:12:07.841025600Z,91751312,6,6,6,,False,13,585.4770079999998,1,0,1,648|1227|1079|860|1259|1231|1086,0,0,1,6,5,1440,14,3,2,5,390,0,2,2,Grimmsnarl (mirror),9714ab5c3996f6cc,993.6685,55414968,111,4,3,840,13,40,0,1,0,8,"[{""t"": 3, ""c"": 860, ""os"": true}, {""t"": 5, ""c"": 112, ""os"": true}, {""t"": 9, ""c"": 112, ""os"": false}, {""t"": 13, ""c"": 112, ""os"": false}, {""t"": 13, ""c"": 648, ""os"": false}]",3,210,0,0,1,1025.4754,4,6,0,1,DONE|DONE,13,v15,False,False
"[{""t"": 2, ""by"": ""us"", ""atk"": 934, ""card"": 646, ""dmg"": 0, ""ko"": 0, ""os"": 0}, {""t"": 3, ""by"": ""opp"", ""atk"": 1226, ""card"": 849, ""dmg"": 160, ""ko"": 1, ""os"": 1}, {""t"": 4, ""by"": ""us"", ""atk"": 937, ""card"": 648, ""dmg"": 210, ""ko"": 0, ""os"": 0}, {""t"": 5, ""by"": ""opp"", ""atk"": 1225, ""card"": 849, ""dmg"": 230, ""ko"": 0, ""os"": 0}, {""t"": 6, ""by"": ""us"", ""atk"": 937, ""card"": 648, ""dmg"": 210, ""ko"": 0, ""os"": 0}, {""t"": 7, ""by"": ""opp"", ""atk"": 1225, ""card"": 849, ""dmg"": 60, ""ko"": 0, ""os"": 0}, {""t"": 8, ""by"": ""us"", ""atk"": 937, ""card"": 648, ""dmg"": 210, ""ko"": 1, ""os"": 0}, {""t"": 9, ""by"": ""opp"", ""atk"": 1225, ""card"": 849, ""dmg"": 230, ""ko"": 1, ""os"": 0}, {""t"": 10, ""by"": ""us"", ""atk"": 937, ""card"": 648, ""dmg"": 210, ""ko"": 0, ""os"": 0}, {""t"": 11, ""by"": ""opp"", ""atk"": 1225, ""card"": 849, ""dmg"": 230, ""ko"": 0, ""os"": 0}, {""t"": 12, ""by"": ""us"", ""atk"": 937, ""card"": 648, ""dmg"": 210, ""ko"": 1, ""os"": 0}, {""t"": 13, ""by"": ""opp"", ""atk"": 1240, ""card"": 861, ""dmg"": 430, ""ko"": 1, ""os"": 0}, {""t"": 14, ""by"": ""us"", ""atk"": 937, ""card"": 648, ""dmg"": 210, ""ko"": 1, ""os"": 0}]","{""0"": 45, ""1"": 1, ""3"": 1, ""4"": 3, ""5"": 1, ""7"": 13, ""13"": 7, ""15"": 6, ""16"": 7, ""21"": 6, ""22"": 3, ""37"": 2, ""40"": 7, ""43"": 3}",2026-08-10T21:38:13.992613100Z,91770983,2,4,4,,False,14,584.6164280000005,1,2,1,1259|1182|7|648|7|104|646,1,0,0,6,4,1340,11,3,0,3,430,0,1,1,Mega Lopunny / Froslass,a7ee29914c1dce64,923.5556,55409165,105,7,5,1260,13,32,0,2,0,7,"[{""t"": 3, ""c"": 646, ""os"": true}, {""t"": 9, ""c"": 648, ""os"": false}, {""t"": 13, ""c"": 648, ""os"": false}]",3,210,0,0,2,1014.7765,1,7,1,1,DONE|DONE,14,v15,False,True
"[{""t"": 2, ""by"": ""opp"", ""atk"": 478, ""card"": 344, ""dmg"": 0, ""ko"": 0, ""os"": 0}, {""t"": 5, ""by"": ""us"", ""atk"": 934, ""card"": 646, ""dmg"": 20, ""ko"": 0, ""os"": 0}, {""t"": 6, ""by"": ""opp"", ""atk"": 479, ""card"": 345, ""dmg"": 130, ""ko"": 1, ""os"": 1}, {""t"": 7, ""by"": ""us"", ""atk"": 937, ""card"": 648, ""dmg"": 190, ""ko"": 1, ""os"": 1}, {""t"": 8, ""by"": ""opp"", ""atk"": 479, ""card"": 345, ""dmg"": 120, ""ko"": 1, ""os"": 1}, {""t"": 9, ""by"": ""us"", ""atk"": 937, ""card"": 648, ""dmg"": 0, ""ko"": 0, ""os"": 0}, {""t"": 11, ""by"": ""us"", ""atk"": 937, ""card"": 648, ""dmg"": 0, ""ko"": 0, ""os"": 0}, {""t"": 13, ""by"": ""us"", ""atk"": 937, ""card"": 648, ""dmg"": 0, ""ko"": 0, ""os"": 0}, {""t"": 15, ""by"": ""us"", ""atk"": 937, ""card"": 648, ""dmg"": 0, ""ko"": 0, ""os"": 0}, {""t"": 17, ""by"": ""us"", ""atk"": 937, ""card"": 648, ""dmg"": 0, ""ko"": 0, ""os"": 0}, {""t"": 19, ""by"": ""us"", ""atk"": 937, ""card"": 648, ""dmg"": 0, ""ko"": 0, ""os"": 0}, {""t"": 21, ""by"": ""us"", ""atk"": 937, ""card"": 648, ""dmg"": 0, ""ko"": 0, ""os"": 0}, {""t"": 23, ""by"": ""us"", ""atk"": 937, ""card"": 648, ""dmg"": 0, ""ko"": 0, ""os"": 0}, {""t"": 25, ""by"": ""us"", ""atk"": 937, ""card"": 648, ""dmg"": 0, ""ko"": 0, ""os"": 0}]","{""0"": 68, ""1"": 1, ""3"": 2, ""4"": 2, ""5"": 3, ""7"": 14, ""13"": 5, ""15"": 1, ""16"": 5, ""21"": 6, ""22"": 2, ""27"": 1, ""30"": 1, ""38"": 1, ""40"": 2, ""41"": 1, ""43"": 3}",2026-08-10T21:38:14.012417300Z,91770999,5,7,7,0,True,26,582.8156969999999,1,1,0,1086|112|7|1086|1227|1259|1152,0,0,0,3,1,250,21,2,0,2,130,1,2,4,Kangaskhan / Crustle,9b415cc6bbdf6fd5,1009.4832,55410531,118,11,6,210,0,51,0,0,0,8,"[{""t"": 6, ""c"": 104, ""os"": true}, {""t"": 8, ""c"": 104, ""os"": true}]",1,190,0,1,5,1020.1759,2,13,9,0,DONE|DONE,26,v15,True,False
"[{""t"": 3, ""by"": ""us"", ""atk"": 937, ""card"": 648, ""dmg"": 210, ""ko"": 1, ""os"": 1}, {""t"": 4, ""by"": ""opp"", ""atk"": 1240, ""card"": 861, ""dmg"": 220, ""ko"": 0, ""os"": 0}, {""t"": 5, ""by"": ""us"", ""atk"": 937, ""card"": 648, ""dmg"": 210, ""ko"": 0, ""os"": 0}, {""t"": 6, ""by"": ""opp"", ""atk"": 1240, ""card"": 861, ""dmg"": 270, ""ko"": 1, ""os"": 0}, {""t"": 7, ""by"": ""us"", ""atk"": 937, ""card"": 648, ""dmg"": 210, ""ko"": 0, ""os"": 0}, {""t"": 8, ""by"": ""opp"", ""atk"": 1225, ""card"": 849, ""dmg"": 260, ""ko"": 0, ""os"": 0}, {""t"": 9, ""by"": ""us"", ""atk"": 937, ""card"": 648, ""dmg"": 210, ""ko"": 0, ""os"": 0}, {""t"": 10, ""by"": ""opp"", ""atk"": 1225, ""card"": 849, ""dmg"": 270, ""ko"": 1, ""os"": 0}, {""t"": 11, ""by"": ""us"", ""atk"": 937, ""card"": 648, ""dmg"": 230, ""ko"": 0, ""os"": 0}, {""t"": 12, ""by"": ""opp"", ""atk"": 1225, ""card"": 849, ""dmg"": 310, ""ko"": 0, ""os"": 0}, {""t"": 13, ""by"": ""us"", ""atk"": 937, ""card"": 648, ""dmg"": 210, ""ko"": 1, ""os"": 0}, {""t"": 14, ""by"": ""opp"", ""atk"": 1225, ""card"": 849, ""dmg"": 230, ""ko"": 1, ""os"": 0}]","{""0"": 55, ""1"": 1, ""4"": 2, ""5"": 2, ""7"": 16, ""13"": 8, ""15"": 6, ""16"": 8, ""21"": 5, ""22"": 2, ""27"": 1, ""34"": 2, ""37"": 2, ""40"": 8, ""41"": 1, ""43"": 3}",2026-08-10T22:14:14.092811Z,91779068,3,3,3,0,True,14,582.4667039999994,1,1,1,7|1227|1097|1086|646|1086|648,1,0,0,6,2,1560,13,4,0,3,310,0,0,2,Mega Lopunny / Froslass,a7ee29914c1dce64,1001.0972,55415079,122,6,5,1280,8,45,0,3,0,8,"[{""t"": 6, ""c"": 648, ""os"": false}, {""t"": 10, ""c"": 648, ""os"": false}, {""t"": 14, ""c"": 648, ""os"": false}]",3,230,0,1,1,1018.307,0,7,0,0,DONE|DONE,14,v15,True,False
"[{""t"": 2, ""by"": ""opp"", ""atk"": 478, ""card"": 344, ""dmg"": 0, ""ko"": 0, ""os"": 0}, {""t"": 3, ""by"": ""us"", ""atk"": 934, ""card"": 646, ""dmg"": 0, ""ko"": 0, ""os"": 0}, {""t"": 5, ""by"": ""us"", ""atk"": 934, ""card"": 646, ""dmg"": 0, ""ko"": 0, ""os"": 0}, {""t"": 6, ""by"": ""opp"", ""atk"": 479, ""card"": 345, ""dmg"": 240, ""ko"": 1, ""os"": 1}, {""t"": 7, ""by"": ""us"", ""atk"": 937, ""card"": 648, ""dmg"": 210, ""ko"": 1, ""os"": 1}, {""t"": 8, ""by"": ""opp"", ""atk"": 479, ""card"": 345, ""dmg"": 120, ""ko"": 1, ""os"": 1}, {""t"": 9, ""by"": ""us"", ""atk"": 937, ""card"": 648, ""dmg"": 20, ""ko"": 0, ""os"": 0}, {""t"": 10, ""by"": ""opp"", ""atk"": 479, ""card"": 345, ""dmg"": 120, ""ko"": 1, ""os"": 1}, {""t"": 11, ""by"": ""us"", ""atk"": 937, ""card"": 648, ""dmg"": 0, ""ko"": 0, ""os"": 0}, {""t"": 12, ""by"": ""opp"", ""atk"": 479, ""card"": 345, ""dmg"": 240, ""ko"": 0, ""os"": 0}, {""t"": 13, ""by"": ""us"", ""atk"": 937, ""card"": 648, ""dmg"": 0, ""ko"": 0, ""os"": 0}, {""t"": 14, ""by"": ""opp"", ""atk"": 479, ""card"": 345, ""dmg"": 240, ""ko"": 0, ""os"": 0}, {""t"": 15, ""by"": ""us"", ""atk"": 937, ""card"": 648, ""dmg"": 20, ""ko"": 0, ""os"": 0}, {""t"": 16, ""by"": ""opp"", ""atk"": 479, ""card"": 345, ""dmg"": 280, ""ko"": 1, ""os"": 0}, {""t"": 18, ""by"": ""opp"", ""atk"": 479, ""card"": 345, ""dmg"": 290, ""ko"": 0, ""os"": 0}, {""t"": 20, ""by"": ""opp"", ""atk"": 479, ""card"": 345, ""dmg"": 240, ""ko"": 1, ""os"": 0}]","{""0"": 58, ""1"": 1, ""2"": 1, ""3"": 2, ""4"": 4, ""5"": 2, ""7"": 13, ""8"": 1, ""13"": 6, ""15"": 5, ""16"": 6, ""21"": 5, ""22"": 2, ""30"": 2, ""38"": 1, ""40"": 4, ""41"": 1, ""43"": 3}",2026-08-10T23:21:49.103305500Z,91793871,3,7,7,0,True,20,583.6537220000001,2,1,1,648|1097|104|1182|646|7|646,2,0,0,9,2,1770,27,2,0,5,290,1,3,1,Kangaskhan / Crustle,20bc24847121c967,995.6877,55415597,117,7,5,250,5,43,0,2,0,6,"[{""t"": 6, ""c"": 646, ""os"": true}, {""t"": 8, ""c"": 112, ""os"": true}, {""t"": 10, ""c"": 104, ""os"": true}, {""t"": 16, ""c"": 648, ""os"": false}, {""t"": 20, ""c"": 648, ""os"": false}]",1,210,0,1,5,1013.0088,3,10,4,0,DONE|DONE,20,v15,True,False
"[{""t"": 3, ""by"": ""us"", ""atk"": 934, ""card"": 646, ""dmg"": 0, ""ko"": 0, ""os"": 0}, {""t"": 5, ""by"": ""us"", ""atk"": 937, ""card"": 648, ""dmg"": 240, ""ko"": 1, ""os"": 1}, {""t"": 6, ""by"": ""opp"", ""atk"": 937, ""card"": 648, ""dmg"": 400, ""ko"": 2, ""os"": 0}, {""t"": 7, ""by"": ""us"", ""atk"": 937, ""card"": 648, ""dmg"": 250, ""ko"": 0, ""os"": 0}, {""t"": 8, ""by"": ""opp"", ""atk"": 937, ""card"": 648, ""dmg"": 220, ""ko"": 1, ""os"": 0}, {""t"": 9, ""by"": ""us"", ""atk"": 937, ""card"": 648, ""dmg"": 240, ""ko"": 0, ""os"": 0}, {""t"": 10, ""by"": ""opp"", ""atk"": 937, ""card"": 648, ""dmg"": 230, ""ko"": 1, ""os"": 0}, {""t"": 11, ""by"": ""us"", ""atk"": 937, ""card"": 648, ""dmg"": 250, ""ko"": 1, ""os"": 0}]","{""0"": 41, ""1"": 1, ""3"": 2, ""4"": 1, ""5"": 2, ""7"": 16, ""13"": 2, ""15"": 4, ""16"": 2, ""21"": 7, ""22"": 3, ""30"": 4, ""37"": 1, ""40"": 1, ""41"": 1, ""43"": 3}",2026-08-11T08:51:25.841589800Z,91926096,3,5,5,0,True,12,593.6761069999998,1,3,0,1152|7|646|7|7|1219|1086,1,0,0,3,6,850,18,6,1,5,400,0,0,2,Grimmsnarl (mirror),9714ab5c3996f6cc,,55428196,91,5,4,980,15,37,0,1,0,5,"[{""t"": 6, ""c"": 112, ""os"": false}, {""t"": 6, ""c"": 112, ""os"": false}, {""t"": 8, ""c"": 112, ""os"": false}, {""t"": 10, ""c"": 112, ""os"": false}, {""t"": 12, ""c"": 648, ""os"": false}]",3,250,1,1,2,,4,6,1,0,DONE|DONE,12,v19a,True,False
"[{""t"": 2, ""by"": ""opp"", ""atk"": 981, ""card"": 677, ""dmg"": 30, ""ko"": 0, ""os"": 0}, {""t"": 3, ""by"": ""us"", ""atk"": 937, ""card"": 648, ""dmg"": 220, ""ko"": 1, ""os"": 1}, {""t"": 4, ""by"": ""opp"", ""atk"": 980, ""card"": 676, ""dmg"": 150, ""ko"": 1, ""os"": 1}, {""t"": 5, ""by"": ""us"", ""atk"": 937, ""card"": 648, ""dmg"": 230, ""ko"": 1, ""os"": 1}, {""t"": 6, ""by"": ""opp"", ""atk"": 980, ""card"": 676, ""dmg"": 100, ""ko"": 0, ""os"": 0}, {""t"": 7, ""by"": ""us"", ""atk"": 937, ""card"": 648, ""dmg"": 220, ""ko"": 2, ""os"": 1}, {""t"": 8, ""by"": ""opp"", ""atk"": 982, ""card"": 678, ""dmg"": 190, ""ko"": 0, ""os"": 0}, {""t"": 9, ""by"": ""us"", ""atk"": 937, ""card"": 648, ""dmg"": 230, ""ko"": 1, ""os"": 0}]","{""0"": 36, ""1"": 1, ""2"": 1, ""4"": 1, ""7"": 15, ""13"": 6, ""15"": 4, ""16"": 6, ""21"": 4, ""22"": 2, ""37"": 1, ""40"": 6, ""41"": 1, ""43"": 2}",2026-08-11T08:53:52.320133200Z,91926197,3,3,3,0,True,9,595.5193939999999,2,2,0,1259|1227|7|7|1079|646|860,1,0,1,4,2,470,18,2,0,1,190,0,1,5,Mega Lucario,05f854e1b3b3ba0f,670.3655,55420652,86,4,6,900,28,33,0,0,0,4,"[{""t"": 4, ""c"": 646, ""os"": true}]",6,230,0,3,1,600.0,1,5,0,0,DONE|DONE,9,v19a,True,True
"[{""t"": 3, ""by"": ""opp"", ""atk"": 937, ""card"": 648, ""dmg"": 390, ""ko"": 1, ""os"": 1}, {""t"": 4, ""by"": ""us"", ""atk"": 937, ""card"": 648, ""dmg"": 210, ""ko"": 0, ""os"": 0}, {""t"": 5, ""by"": ""opp"", ""atk"": 937, ""card"": 648, ""dmg"": 210, ""ko"": 0, ""os"": 0}, {""t"": 6, ""by"": ""us"", ""atk"": 937, ""card"": 648, ""dmg"": 210, ""ko"": 1, ""os"": 0}, {""t"": 7, ""by"": ""opp"", ""atk"": 937, ""card"": 648, ""dmg"": 210, ""ko"": 1, ""os"": 0}, {""t"": 9, ""by"": ""opp"", ""atk"": 937, ""card"": 648, ""dmg"": 210, ""ko"": 1, ""os"": 1}, {""t"": 10, ""by"": ""us"", ""atk"": 937, ""card"": 648, ""dmg"": 210, ""ko"": 0, ""os"": 0}, {""t"": 11, ""by"": ""opp"", ""atk"": 937, ""card"": 648, ""dmg"": 210, ""ko"": 1, ""os"": 0}, {""t"": 12, ""by"": ""us"", ""atk"": 937, ""card"": 648, ""dmg"": 210, ""ko"": 0, ""os"": 0}, {""t"": 13, ""by"": ""opp"", ""atk"": 937, ""card"": 648, ""dmg"": 210, ""ko"": 1, ""os"": 0}]","{""0"": 43, ""1"": 1, ""4"": 3, ""5"": 3, ""7"": 12, ""13"": 8, ""15"": 4, ""16"": 8, ""21"": 4, ""22"": 2, ""37"": 1, ""38"": 1, ""40"": 8, ""43"": 2}",2026-08-11T08:57:51.538109500Z,91927127,4,4,4,,False,13,595.7896530000002,1,1,0,1259|1219|647|112|1079|1182|7,0,1,1,6,4,1440,21,3,1,5,390,1,2,1,Grimmsnarl (mirror),21c3f20980827cb2,695.4956,55397232,100,4,5,840,25,30,0,2,0,2,"[{""t"": 3, ""c"": 112, ""os"": true}, {""t"": 7, ""c"": 648, ""os"": false}, {""t"": 9, ""c"": 646, ""os"": true}, {""t"": 11, ""c"": 112, ""os"": false}, {""t"": 13, ""c"": 648, ""os"": false}]",3,210,0,0,2,729.5149,3,6,0,1,DONE|DONE,13,v19a,False,False
"[{""t"": 2, ""by"": ""opp"", ""atk"": 1070, ""card"": 741, ""dmg"": 10, ""ko"": 0, ""os"": 0}, {""t"": 3, ""by"": ""us"", ""atk"": 937, ""card"": 648, ""dmg"": 390, ""ko"": 1, ""os"": 1}, {""t"": 4, ""by"": ""opp"", ""atk"": 1072, ""card"": 743, ""dmg"": 150, ""ko"": 1, ""os"": 1}, {""t"": 5, ""by"": ""us"", ""atk"": 937, ""card"": 648, ""dmg"": 400, ""ko"": 1, ""os"": 0}, {""t"": 6, ""by"": ""opp"", ""atk"": 1071, ""card"": 742, ""dmg"": 70, ""ko"": 0, ""os"": 0}, {""t"": 7, ""by"": ""us"", ""atk"": 937, ""card"": 648, ""dmg"": 390, ""ko"": 1, ""os"": 0}, {""t"": 9, ""by"": ""us"", ""atk"": 937, ""card"": 648, ""dmg"": 210, ""ko"": 1, ""os"": 1}]","{""0"": 34, ""1"": 1, ""3"": 1, ""4"": 1, ""5"": 1, ""7"": 13, ""13"": 3, ""15"": 4, ""16"": 3, ""21"": 3, ""22"": 1, ""30"": 1, ""37"": 1, ""40"": 3, ""41"": 1, ""43"": 1}",2026-08-11T09:01:50.986731200Z,91928067,3,3,3,0,True,9,594.592143,1,0,1,648|1227|1259|112|1259|1152|1227,0,0,0,3,3,230,23,2,0,1,150,0,1,5,Alakazam,fcfbce590a2ce1a3,545.5656,54580364,72,4,6,1390,24,33,0,0,0,9,"[{""t"": 4, ""c"": 647, ""os"": true}]",6,400,1,2,1,624.0314,1,5,0,0,DONE|DONE,9,v19a,True,True
"[{""t"": 2, ""by"": ""opp"", ""atk"": 1070, ""card"": 741, ""dmg"": 10, ""ko"": 0, ""os"": 0}, {""t"": 4, ""by"": ""opp"", ""atk"": 1071, ""card"": 742, ""dmg"": 50, ""ko"": 0, ""os"": 0}, {""t"": 6, ""by"": ""opp"", ""atk"": 1072, ""card"": 743, ""dmg"": 240, ""ko"": 1, ""os"": 0}, {""t"": 7, ""by"": ""us"", ""atk"": 937, ""card"": 648, ""dmg"": 400, ""ko"": 2, ""os"": 0}, {""t"": 8, ""by"": ""opp"", ""atk"": 1072, ""card"": 743, ""dmg"": 330, ""ko"": 1, ""os"": 0}, {""t"": 9, ""by"": ""us"", ""atk"": 937, ""card"": 648, ""dmg"": 400, ""ko"": 1, ""os"": 0}, {""t"": 10, ""by"": ""opp"", ""atk"": 1072, ""card"": 743, ""dmg"": 50, ""ko"": 0, ""os"": 0}, {""t"": 11, ""by"": ""us"", ""atk"": 937, ""card"": 648, ""dmg"": 390, ""ko"": 2, ""os"": 0}]","{""0"": 32, ""1"": 1, ""2"": 1, ""4"": 2, ""5"": 2, ""7"": 13, ""13"": 5, ""15"": 3, ""16"": 5, ""21"": 6, ""22"": 2, ""37"": 1, ""40"": 4, ""41"": 1, ""43"": 2}",2026-08-11T09:05:51.118185200Z,91929000,7,5,7,0,True,11,594.2059379999996,3,0,0,1086|646|112|1086|1152|1259|112,1,0,0,5,2,680,30,2,0,2,330,0,0,3,Alakazam,7fa65817cc79c36c,742.8014,55414561,80,3,5,1190,20,33,0,1,0,9,"[{""t"": 6, ""c"": 112, ""os"": false}, {""t"": 8, ""c"": 648, ""os"": false}]",6,400,1,0,1,690.0019,1,6,0,0,DONE|DONE,11,v19a,True,True
"[{""t"": 5, ""by"": ""opp"", ""atk"": 937, ""card"": 648, ""dmg"": 390, ""ko"": 1, ""os"": 1}, {""t"": 6, ""by"": ""us"", ""atk"": 937, ""card"": 648, ""dmg"": 210, ""ko"": 0, ""os"": 0}, {""t"": 7, ""by"": ""opp"", ""atk"": 937, ""card"": 648, ""dmg"": 210, ""ko"": 0, ""os"": 0}, {""t"": 8, ""by"": ""us"", ""atk"": 937, ""card"": 648, ""dmg"": 210, ""ko"": 1, ""os"": 0}, {""t"": 9, ""by"": ""opp"", ""atk"": 937, ""card"": 648, ""dmg"": 210, ""ko"": 0, ""os"": 0}, {""t"": 10, ""by"": ""us"", ""atk"": 937, ""card"": 648, ""dmg"": 390, ""ko"": 1, ""os"": 1}, {""t"": 11, ""by"": ""opp"", ""atk"": 937, ""card"": 648, ""dmg"": 210, ""ko"": 1, ""os"": 0}, {""t"": 12, ""by"": ""us"", ""atk"": 937, ""card"": 648, ""dmg"": 390, ""ko"": 1, ""os"": 0}]","{""0"": 46, ""1"": 1, ""2"": 1, ""3"": 3, ""4"": 1, ""7"": 17, ""13"": 9, ""15"": 4, ""16"": 9, ""21"": 5, ""22"": 2, ""30"": 2, ""37"": 1, ""40"": 9, ""43"": 2}",2026-08-11T09:09:50.381127700Z,91929928,6,6,6,,False,12,592.7852529999998,2,1,0,1259|7|1152|1259|1219|112|112,0,0,0,4,4,1020,24,5,1,2,390,0,1,4,Grimmsnarl (mirror),9714ab5c3996f6cc,889.3352,55409213,112,4,5,1200,19,26,0,0,0,8,"[{""t"": 5, ""c"": 112, ""os"": true}, {""t"": 11, ""c"": 112, ""os"": false}]",5,390,0,1,1,773.9303,2,6,0,1,DONE|DONE,12,v19a,False,True
"[{""t"": 5, ""by"": ""us"", ""atk"": 937, ""card"": 648, ""dmg"": 210, ""ko"": 1, ""os"": 1}, {""t"": 6, ""by"": ""opp"", ""atk"": 983, ""card"": 678, ""dmg"": 330, ""ko"": 1, ""os"": 1}, {""t"": 7, ""by"": ""us"", ""atk"": 937, ""card"": 648, ""dmg"": 210, ""ko"": 0, ""os"": 0}, {""t"": 8, ""by"": ""opp"", ""atk"": 982, ""card"": 678, ""dmg"": 160, ""ko"": 1, ""os"": 1}, {""t"": 9, ""by"": ""us"", ""atk"": 937, ""card"": 648, ""dmg"": 210, ""ko"": 1, ""os"": 0}, {""t"": 10, ""by"": ""opp"", ""atk"": 980, ""card"": 676, ""dmg"": 100, ""ko"": 0, ""os"": 0}, {""t"": 11, ""by"": ""us"", ""atk"": 937, ""card"": 648, ""dmg"": 210, ""ko"": 2, ""os"": 1}]","{""0"": 36, ""1"": 1, ""2"": 1, ""3"": 2, ""4"": 2, ""5"": 2, ""7"": 15, ""15"": 4, ""21"": 5, ""22"": 2, ""27"": 1, ""30"": 1, ""38"": 1, ""41"": 1, ""43"": 2}",2026-08-11T09:13:51.756226900Z,91930858,5,5,5,0,True,11,594.6751809999996,1,2,0,1080|1182|7|1086|1086|7|860,0,0,0,3,1,590,7,6,0,2,330,3,2,3,Mega Lucario,a6535bbccddb9182,755.9198,54769470,76,4,5,840,16,29,0,1,1,10,"[{""t"": 6, ""c"": 648, ""os"": true}, {""t"": 8, ""c"": 860, ""os"": true}]",4,210,0,2,1,858.3754,1,6,0,0,DONE|DONE,11,v19a,True,True
"[{""t"": 2, ""by"": ""opp"", ""atk"": 980, ""card"": 676, ""dmg"": 70, ""ko"": 0, ""os"": 0}, {""t"": 4, ""by"": ""opp"", ""atk"": 982, ""card"": 678, ""dmg"": 100, ""ko"": 1, ""os"": 0}, {""t"": 5, ""by"": ""us"", ""atk"": 937, ""card"": 648, ""dmg"": 210, ""ko"": 0, ""os"": 0}, {""t"": 6, ""by"": ""opp"", ""atk"": 982, ""card"": 678, ""dmg"": 130, ""ko"": 1, ""os"": 1}, {""t"": 7, ""by"": ""us"", ""atk"": 937, ""card"": 648, ""dmg"": 210, ""ko"": 1, ""os"": 0}, {""t"": 8, ""by"": ""opp"", ""atk"": 978, ""card"": 674, ""dmg"": 210, ""ko"": 0, ""os"": 0}, {""t"": 9, ""by"": ""us"", ""atk"": 937, ""card"": 648, ""dmg"": 210, ""ko"": 0, ""os"": 0}, {""t"": 10, ""by"": ""opp"", ""atk"": 983, ""card"": 678, ""dmg"": 270, ""ko"": 1, ""os"": 0}, {""t"": 11, ""by"": ""us"", ""atk"": 937, ""card"": 648, ""dmg"": 210, ""ko"": 1, ""os"": 0}]","{""0"": 35, ""1"": 1, ""3"": 1, ""4"": 3, ""5"": 1, ""7"": 12, ""13"": 4, ""15"": 4, ""16"": 4, ""21"": 6, ""22"": 2, ""30"": 2, ""37"": 1, ""40"": 4, ""41"": 1, ""43"": 2}",2026-08-11T09:17:50.422699300Z,91931782,5,5,5,0,True,11,592.5382619999999,1,1,0,1259|112|1152|1227|1259|1219|7,0,0,0,5,4,780,16,2,0,3,270,0,1,2,Mega Lucario,237b497b729ad191,645.2291,55428466,83,4,3,840,20,21,0,1,0,10,"[{""t"": 4, ""c"": 112, ""os"": false}, {""t"": 6, ""c"": 647, ""os"": true}, {""t"": 10, ""c"": 648, ""os"": false}]",2,210,0,0,2,931.4877,2,6,0,0,DONE|DONE,11,v19a,True,True
"[{""t"": 7, ""by"": ""opp"", ""atk"": 937, ""card"": 648, ""dmg"": 210, ""ko"": 1, ""os"": 1}, {""t"": 8, ""by"": ""us"", ""atk"": 937, ""card"": 648, ""dmg"": 210, ""ko"": 0, ""os"": 0}, {""t"": 9, ""by"": ""opp"", ""atk"": 937, ""card"": 648, ""dmg"": 210, ""ko"": 1, ""os"": 0}, {""t"": 10, ""by"": ""us"", ""atk"": 937, ""card"": 648, ""dmg"": 210, ""ko"": 0, ""os"": 0}, {""t"": 11, ""by"": ""opp"", ""atk"": 937, ""card"": 648, ""dmg"": 210, ""ko"": 1, ""os"": 0}, {""t"": 12, ""by"": ""us"", ""atk"": 937, ""card"": 648, ""dmg"": 210, ""ko"": 1, ""os"": 0}, {""t"": 13, ""by"": ""opp"", ""atk"": 936, ""card"": 647, ""dmg"": 60, ""ko"": 0, ""os"": 0}, {""t"": 14, ""by"": ""us"", ""atk"": 937, ""card"": 648, ""dmg"": 210, ""ko"": 2, ""os"": 1}, {""t"": 16, ""by"": ""us"", ""atk"": 937, ""card"": 648, ""dmg"": 210, ""ko"": 1, ""os"": 0}, {""t"": 18, ""by"": ""us"", ""atk"": 937, ""card"": 648, ""dmg"": 210, ""ko"": 0, ""os"": 0}, {""t"": 20, ""by"": ""us"", ""atk"": 937, ""card"": 648, ""dmg"": 210, ""ko"": 1, ""os"": 0}]","{""0"": 60, ""1"": 1, ""2"": 1, ""3"": 3, ""4"": 1, ""7"": 26, ""13"": 11, ""15"": 7, ""16"": 11, ""21"": 6, ""22"": 2, ""30"": 4, ""37"": 1, ""40"": 11, ""43"": 2}",2026-08-11T09:17:50.436665900Z,91931793,8,4,8,,False,20,589.8155589999994,2,0,0,1219|1231|1259|1182|112|860|1219,0,0,0,4,3,690,17,7,2,3,210,0,1,3,Grimmsnarl (mirror),9714ab5c3996f6cc,850.7205,55371514,147,7,6,1470,15,24,0,0,0,10,"[{""t"": 7, ""c"": 860, ""os"": true}, {""t"": 9, ""c"": 112, ""os"": false}, {""t"": 11, ""c"": 112, ""os"": false}]",5,210,0,1,1,893.3082,3,10,0,1,DONE|DONE,20,v19a,False,True
"[{""t"": 3, ""by"": ""us"", ""atk"": 937, ""card"": 648, ""dmg"": 390, ""ko"": 1, ""os"": 1}, {""t"": 4, ""by"": ""opp"", ""atk"": 937, ""card"": 648, ""dmg"": 210, ""ko"": 0, ""os"": 0}, {""t"": 5, ""by"": ""us"", ""atk"": 937, ""card"": 648, ""dmg"": 210, ""ko"": 1, ""os"": 0}, {""t"": 6, ""by"": ""opp"", ""atk"": 937, ""card"": 648, ""dmg"": 210, ""ko"": 0, ""os"": 0}, {""t"": 7, ""by"": ""us"", ""atk"": 937, ""card"": 648, ""dmg"": 210, ""ko"": 1, ""os"": 0}, {""t"": 8, ""by"": ""opp"", ""atk"": 937, ""card"": 648, ""dmg"": 210, ""ko"": 0, ""os"": 0}, {""t"": 9, ""by"": ""us"", ""atk"": 937, ""card"": 648, ""dmg"": 390, ""ko"": 2, ""os"": 1}]","{""0"": 34, ""1"": 1, ""2"": 1, ""3"": 2, ""5"": 1, ""7"": 12, ""13"": 6, ""15"": 4, ""16"": 6, ""21"": 5, ""22"": 2, ""30"": 2, ""37"": 1, ""40"": 6, ""41"": 1, ""43"": 2}",2026-08-11T09:21:50.485028700Z,91932746,3,3,3,0,True,9,593.2277699999999,2,1,0,860|646|647|1086|7|1219|1182,1,1,0,3,4,630,23,4,1,1,210,0,0,5,Grimmsnarl (mirror),9714ab5c3996f6cc,950.4498,55412775,86,4,6,1200,21,31,0,0,0,10,"[{""t"": 6, ""c"": 112, ""os"": false}]",5,390,0,2,1,943.205,1,5,0,0,DONE|DONE,9,v19a,True,True
"[{""t"": 2, ""by"": ""us"", ""atk"": 934, ""card"": 646, ""dmg"": 0, ""ko"": 0, ""os"": 0}, {""t"": 3, ""by"": ""opp"", ""atk"": 1225, ""card"": 849, ""dmg"": 230, ""ko"": 1, ""os"": 1}, {""t"": 5, ""by"": ""opp"", ""atk"": 1226, ""card"": 849, ""dmg"": 160, ""ko"": 1, ""os"": 1}, {""t"": 6, ""by"": ""us"", ""atk"": 937, ""card"": 648, ""dmg"": 210, ""ko"": 0, ""os"": 0}, {""t"": 7, ""by"": ""opp"", ""atk"": 1225, ""card"": 849, ""dmg"": 230, ""ko"": 0, ""os"": 0}, {""t"": 8, ""by"": ""us"", ""atk"": 937, ""card"": 648, ""dmg"": 210, ""ko"": 0, ""os"": 0}, {""t"": 9, ""by"": ""opp"", ""atk"": 1225, ""card"": 849, ""dmg"": 230, ""ko"": 0, ""os"": 0}, {""t"": 10, ""by"": ""us"", ""atk"": 937, ""card"": 648, ""dmg"": 210, ""ko"": 1, ""os"": 0}, {""t"": 11, ""by"": ""opp"", ""atk"": 1240, ""card"": 861, ""dmg"": 550, ""ko"": 1, ""os"": 0}]","{""0"": 50, ""1"": 1, ""3"": 2, ""4"": 3, ""5"": 3, ""7"": 13, ""13"": 10, ""15"": 3, ""16"": 10, ""21"": 5, ""22"": 2, ""27"": 1, ""30"": 4, ""40"": 10, ""43"": 2}",2026-08-11T09:25:50.853386600Z,91933680,2,6,6,,False,12,591.259003,1,3,0,7|1080|646|7|1122|7|1086,1,0,0,5,2,1400,16,3,0,3,550,0,2,2,Mega Lopunny / Froslass,a7ee29914c1dce64,939.6163,55412440,119,4,6,630,10,35,0,1,0,10,"[{""t"": 3, ""c"": 646, ""os"": true}, {""t"": 5, ""c"": 646, ""os"": true}, {""t"": 11, ""c"": 648, ""os"": false}]",3,210,0,0,2,980.9746,2,6,1,1,DONE|DONE,12,v19a,False,True
"[{""t"": 5, ""by"": ""opp"", ""atk"": 937, ""card"": 648, ""dmg"": 210, ""ko"": 1, ""os"": 1}, {""t"": 6, ""by"": ""us"", ""atk"": 937, ""card"": 648, ""dmg"": 210, ""ko"": 0, ""os"": 0}, {""t"": 7, ""by"": ""opp"", ""atk"": 937, ""card"": 648, ""dmg"": 210, ""ko"": 0, ""os"": 0}, {""t"": 8, ""by"": ""us"", ""atk"": 937, ""card"": 648, ""dmg"": 210, ""ko"": 0, ""os"": 0}, {""t"": 9, ""by"": ""opp"", ""atk"": 937, ""card"": 648, ""dmg"": 210, ""ko"": 1, ""os"": 0}, {""t"": 11, ""by"": ""opp"", ""atk"": 937, ""card"": 648, ""dmg"": 210, ""ko"": 1, ""os"": 1}]","{""0"": 38, ""1"": 1, ""4"": 2, ""5"": 1, ""7"": 15, ""13"": 5, ""15"": 2, ""16"": 5, ""21"": 4, ""22"": 1, ""40"": 4, ""43"": 1}",2026-08-11T09:29:50.727110500Z,91934607,6,6,6,,False,11,594.8182830000001,1,1,0,7|104|860|1152|1259|1097|1227,0,0,0,4,6,840,24,5,0,5,210,0,2,1,Grimmsnarl (mirror),9714ab5c3996f6cc,965.8499,55340581,79,2,3,420,20,32,0,1,0,6,"[{""t"": 5, ""c"": 104, ""os"": true}, {""t"": 7, ""c"": 646, ""os"": false}, {""t"": 9, ""c"": 646, ""os"": false}, {""t"": 9, ""c"": 648, ""os"": false}, {""t"": 11, ""c"": 646, ""os"": true}]",0,210,1,0,6,1009.2596,4,5,0,1,DONE|DONE,11,v19a,False,False
"[{""t"": 3, ""by"": ""us"", ""atk"": 937, ""card"": 648, ""dmg"": 210, ""ko"": 1, ""os"": 1}, {""t"": 5, ""by"": ""us"", ""atk"": 937, ""card"": 648, ""dmg"": 210, ""ko"": 1, ""os"": 1}, {""t"": 6, ""by"": ""opp"", ""atk"": 937, ""card"": 648, ""dmg"": 210, ""ko"": 0, ""os"": 0}, {""t"": 7, ""by"": ""us"", ""atk"": 937, ""card"": 648, ""dmg"": 210, ""ko"": 0, ""os"": 0}, {""t"": 8, ""by"": ""opp"", ""atk"": 937, ""card"": 648, ""dmg"": 390, ""ko"": 1, ""os"": 1}, {""t"": 9, ""by"": ""us"", ""atk"": 937, ""card"": 648, ""dmg"": 210, ""ko"": 1, ""os"": 0}]","{""0"": 46, ""1"": 1, ""3"": 1, ""4"": 1, ""7"": 18, ""13"": 9, ""15"": 4, ""16"": 9, ""21"": 5, ""22"": 2, ""30"": 2, ""37"": 1, ""38"": 1, ""40"": 9, ""41"": 1, ""43"": 2}",2026-08-11T09:33:54.537734200Z,91935543,3,3,3,0,True,11,588.1600480000005,1,2,0,7|1137|1219|646|1079|1152|7,1,0,1,2,5,600,26,6,1,2,390,2,1,4,Grimmsnarl (mirror),9714ab5c3996f6cc,919.5545,55419172,112,4,6,840,21,32,0,0,0,7,"[{""t"": 8, ""c"": 112, ""os"": false}, {""t"": 8, ""c"": 112, ""os"": true}]",5,210,0,2,1,975.1634,2,6,0,0,DONE|DONE,11,v19a,True,True
"[{""t"": 2, ""by"": ""opp"", ""atk"": 1070, ""card"": 741, ""dmg"": 10, ""ko"": 0, ""os"": 0}, {""t"": 3, ""by"": ""us"", ""atk"": 934, ""card"": 646, ""dmg"": 0, ""ko"": 0, ""os"": 0}, {""t"": 4, ""by"": ""opp"", ""atk"": 1072, ""card"": 743, ""dmg"": 140, ""ko"": 1, ""os"": 1}, {""t"": 5, ""by"": ""us"", ""atk"": 937, ""card"": 648, ""dmg"": 390, ""ko"": 1, ""os"": 1}, {""t"": 6, ""by"": ""opp"", ""atk"": 1072, ""card"": 743, ""dmg"": 200, ""ko"": 0, ""os"": 0}, {""t"": 7, ""by"": ""us"", ""atk"": 937, ""card"": 648, ""dmg"": 360, ""ko"": 1, ""os"": 1}, {""t"": 9, ""by"": ""us"", ""atk"": 937, ""card"": 648, ""dmg"": 180, ""ko"": 1, ""os"": 0}, {""t"": 10, ""by"": ""opp"", ""atk"": 1072, ""card"": 743, ""dmg"": 300, ""ko"": 1, ""os"": 0}, {""t"": 11, ""by"": ""us"", ""atk"": 937, ""card"": 648, ""dmg"": 390, ""ko"": 1, ""os"": 1}]","{""0"": 41, ""1"": 1, ""4"": 2, ""5"": 2, ""7"": 15, ""8"": 1, ""13"": 7, ""15"": 4, ""16"": 7, ""21"": 6, ""22"": 2, ""40"": 4, ""41"": 1, ""43"": 2}",2026-08-11T09:37:50.459552600Z,91936487,3,5,5,0,True,11,594.3323829999997,1,1,1,1086|1219|648|7|646|1086|1259,1,0,0,4,5,650,11,2,0,2,300,0,1,3,Alakazam,cc38cb450b86770a,919.8536,55397324,95,5,5,1320,15,27,0,1,0,3,"[{""t"": 4, ""c"": 104, ""os"": true}, {""t"": 10, ""c"": 648, ""os"": false}]",6,390,0,3,1,996.8631,1,6,1,0,DONE|DONE,11,v19a,True,True
"[{""t"": 3, ""by"": ""opp"", ""atk"": 1071, ""card"": 742, ""dmg"": 30, ""ko"": 0, ""os"": 0}, {""t"": 5, ""by"": ""opp"", ""atk"": 1072, ""card"": 743, ""dmg"": 200, ""ko"": 1, ""os"": 1}, {""t"": 6, ""by"": ""us"", ""atk"": 937, ""card"": 648, ""dmg"": 390, ""ko"": 1, ""os"": 1}, {""t"": 8, ""by"": ""us"", ""atk"": 937, ""card"": 648, ""dmg"": 390, ""ko"": 1, ""os"": 1}, {""t"": 9, ""by"": ""opp"", ""atk"": 1072, ""card"": 743, ""dmg"": 360, ""ko"": 1, ""os"": 1}, {""t"": 10, ""by"": ""us"", ""atk"": 937, ""card"": 648, ""dmg"": 360, ""ko"": 1, ""os"": 1}, {""t"": 11, ""by"": ""opp"", ""atk"": 1072, ""card"": 743, ""dmg"": 380, ""ko"": 1, ""os"": 1}, {""t"": 12, ""by"": ""us"", ""atk"": 937, ""card"": 648, ""dmg"": 390, ""ko"": 1, ""os"": 1}, {""t"": 13, ""by"": ""opp"", ""atk"": 1072, ""card"": 743, ""dmg"": 460, ""ko"": 1, ""os"": 0}]","{""0"": 43, ""1"": 1, ""4"": 3, ""5"": 2, ""7"": 16, ""8"": 1, ""13"": 3, ""15"": 4, ""16"": 3, ""21"": 7, ""22"": 3, ""40"": 1, ""43"": 3}",2026-08-11T09:41:51.051173600Z,91937433,6,6,6,,False,13,594.4849219999999,1,0,0,1080|647|1086|1227|1219|1219|112,0,1,0,5,5,1430,1,3,0,4,460,0,3,1,Alakazam,cc38cb450b86770a,915.2285,55425741,90,4,4,1530,16,26,0,3,2,2,"[{""t"": 5, ""c"": 104, ""os"": true}, {""t"": 9, ""c"": 648, ""os"": true}, {""t"": 11, ""c"": 648, ""os"": true}, {""t"": 13, ""c"": 648, ""os"": false}]",4,390,0,4,1,1015.3103,1,6,0,1,DONE|DONE,13,v19a,False,False
"[{""t"": 3, ""by"": ""us"", ""atk"": 937, ""card"": 648, ""dmg"": 390, ""ko"": 1, ""os"": 1}]","{""0"": 13, ""1"": 1, ""5"": 2, ""7"": 2, ""15"": 1, ""21"": 3, ""22"": 1, ""37"": 1, ""43"": 1}",2026-08-11T09:45:53.159111Z,91938385,3,3,3,,False,4,597.6477439999999,1,1,1,104|648|1227|1227|646|7|1097,1,0,0,0,1,0,37,,0,0,0,0,0,6,Alakazam,28c260bfbfef601b,507.6293,54021720,25,1,6,390,35,17,0,0,0,3,[],1,390,0,1,5,984.2641,0,2,0,1,DONE|DONE,4,v19a,True,True
"[{""t"": 4, ""by"": ""opp"", ""atk"": 937, ""card"": 648, ""dmg"": 210, ""ko"": 1, ""os"": 1}, {""t"": 5, ""by"": ""us"", ""atk"": 937, ""card"": 648, ""dmg"": 210, ""ko"": 0, ""os"": 0}, {""t"": 6, ""by"": ""opp"", ""atk"": 937, ""card"": 648, ""dmg"": 210, ""ko"": 1, ""os"": 0}, {""t"": 7, ""by"": ""us"", ""atk"": 937, ""card"": 648, ""dmg"": 210, ""ko"": 1, ""os"": 0}, {""t"": 9, ""by"": ""us"", ""atk"": 937, ""card"": 648, ""dmg"": 210, ""ko"": 1, ""os"": 1}, {""t"": 11, ""by"": ""us"", ""atk"": 937, ""card"": 648, ""dmg"": 390, ""ko"": 1, ""os"": 1}]","{""0"": 41, ""1"": 1, ""2"": 1, ""3"": 1, ""4"": 1, ""5"": 1, ""7"": 15, ""13"": 9, ""15"": 4, ""16"": 9, ""21"": 3, ""22"": 1, ""30"": 1, ""37"": 1, ""40"": 9, ""41"": 1, ""43"": 1}",2026-08-11T09:49:50.622306500Z,91939328,5,5,5,0,True,11,594.656505,4,1,0,112|1097|7|112|646|860|1227,1,0,0,2,2,420,31,4,1,2,210,0,1,4,Grimmsnarl (mirror),9714ab5c3996f6cc,967.7679,55218119,100,4,6,1020,23,37,0,0,0,7,"[{""t"": 4, ""c"": 647, ""os"": true}, {""t"": 6, ""c"": 646, ""os"": false}]",5,390,0,2,1,985.4778,2,6,0,0,DONE|DONE,11,v19a,True,True
"[{""t"": 4, ""by"": ""opp"", ""atk"": 937, ""card"": 648, ""dmg"": 210, ""ko"": 1, ""os"": 1}, {""t"": 5, ""by"": ""us"", ""atk"": 937, ""card"": 648, ""dmg"": 210, ""ko"": 0, ""os"": 0}, {""t"": 6, ""by"": ""opp"", ""atk"": 937, ""card"": 648, ""dmg"": 210, ""ko"": 0, ""os"": 0}, {""t"": 7, ""by"": ""us"", ""atk"": 937, ""card"": 648, ""dmg"": 210, ""ko"": 0, ""os"": 0}, {""t"": 8, ""by"": ""opp"", ""atk"": 937, ""card"": 648, ""dmg"": 210, ""ko"": 0, ""os"": 0}, {""t"": 9, ""by"": ""us"", ""atk"": 937, ""card"": 648, ""dmg"": 210, ""ko"": 2, ""os"": 0}, {""t"": 11, ""by"": ""us"", ""atk"": 937, ""card"": 648, ""dmg"": 210, ""ko"": 0, ""os"": 0}, {""t"": 13, ""by"": ""us"", ""atk"": 937, ""card"": 648, ""dmg"": 210, ""ko"": 1, ""os"": 0}, {""t"": 14, ""by"": ""opp"", ""atk"": 937, ""card"": 648, ""dmg"": 210, ""ko"": 0, ""os"": 0}, {""t"": 15, ""by"": ""us"", ""atk"": 937, ""card"": 648, ""dmg"": 210, ""ko"": 0, ""os"": 0}, {""t"": 16, ""by"": ""opp"", ""atk"": 937, ""card"": 648, ""dmg"": 210, ""ko"": 1, ""os"": 0}]","{""0"": 54, ""1"": 1, ""2"": 1, ""3"": 2, ""4"": 1, ""5"": 2, ""7"": 18, ""13"": 8, ""15"": 6, ""16"": 8, ""21"": 7, ""22"": 3, ""30"": 4, ""40"": 8, ""41"": 1, ""43"": 3}",2026-08-11T09:53:50.865442800Z,91940351,5,5,5,0,True,16,591.1414759999996,2,2,0,7|1086|1097|7|1137|860|112,0,0,0,5,5,1050,21,4,2,5,210,0,1,2,Grimmsnarl (mirror),9714ab5c3996f6cc,955.6717,55394845,127,6,5,1260,13,34,0,1,0,7,"[{""t"": 4, ""c"": 860, ""os"": true}, {""t"": 8, ""c"": 112, ""os"": false}, {""t"": 10, ""c"": 112, ""os"": false}, {""t"": 14, ""c"": 112, ""os"": false}, {""t"": 16, ""c"": 648, ""os"": false}]",3,210,0,0,1,1004.9591,4,8,0,0,DONE|DONE,16,v19a,True,False
"[{""t"": 3, ""by"": ""opp"", ""atk"": 937, ""card"": 648, ""dmg"": 210, ""ko"": 1, ""os"": 1}, {""t"": 4, ""by"": ""us"", ""atk"": 937, ""card"": 648, ""dmg"": 210, ""ko"": 0, ""os"": 0}, {""t"": 5, ""by"": ""opp"", ""atk"": 937, ""card"": 648, ""dmg"": 210, ""ko"": 0, ""os"": 0}, {""t"": 6, ""by"": ""us"", ""atk"": 937, ""card"": 648, ""dmg"": 220, ""ko"": 2, ""os"": 0}, {""t"": 7, ""by"": ""opp"", ""atk"": 937, ""card"": 648, ""dmg"": 230, ""ko"": 1, ""os"": 0}, {""t"": 8, ""by"": ""us"", ""atk"": 937, ""card"": 648, ""dmg"": 230, ""ko"": 0, ""os"": 0}, {""t"": 9, ""by"": ""opp"", ""atk"": 937, ""card"": 648, ""dmg"": 250, ""ko"": 0, ""os"": 0}, {""t"": 10, ""by"": ""us"", ""atk"": 937, ""card"": 648, ""dmg"": 250, ""ko"": 0, ""os"": 0}, {""t"": 11, ""by"": ""opp"", ""atk"": 937, ""card"": 648, ""dmg"": 210, ""ko"": 2, ""os"": 0}]","{""0"": 41, ""1"": 1, ""4"": 2, ""5"": 2, ""7"": 17, ""13"": 5, ""15"": 4, ""16"": 5, ""21"": 7, ""22"": 3, ""37"": 1, ""40"": 5, ""43"": 3}",2026-08-11T09:57:50.529628300Z,91941193,4,4,4,,False,11,594.9151350000004,1,0,1,647|1079|1219|646|1227|1152|648,1,1,1,5,5,1110,17,3,1,4,250,1,1,1,Grimmsnarl (mirror),9714ab5c3996f6cc,932.603,55390724,96,4,4,910,18,34,0,2,0,5,"[{""t"": 3, ""c"": 646, ""os"": true}, {""t"": 7, ""c"": 648, ""os"": false}, {""t"": 11, ""c"": 648, ""os"": false}, {""t"": 11, ""c"": 112, ""os"": false}]",3,250,1,0,2,982.1316,2,5,0,1,DONE|DONE,11,v19a,False,False
"[{""t"": 3, ""by"": ""us"", ""atk"": 937, ""card"": 648, ""dmg"": 210, ""ko"": 1, ""os"": 1}, {""t"": 6, ""by"": ""opp"", ""atk"": 937, ""card"": 648, ""dmg"": 390, ""ko"": 1, ""os"": 1}, {""t"": 7, ""by"": ""us"", ""atk"": 937, ""card"": 648, ""dmg"": 210, ""ko"": 0, ""os"": 0}, {""t"": 8, ""by"": ""opp"", ""atk"": 937, ""card"": 648, ""dmg"": 210, ""ko"": 0, ""os"": 0}, {""t"": 9, ""by"": ""us"", ""atk"": 937, ""card"": 648, ""dmg"": 210, ""ko"": 0, ""os"": 0}, {""t"": 10, ""by"": ""opp"", ""atk"": 937, ""card"": 648, ""dmg"": 210, ""ko"": 1, ""os"": 0}, {""t"": 11, ""by"": ""us"", ""atk"": 937, ""card"": 648, ""dmg"": 210, ""ko"": 1, ""os"": 0}, {""t"": 12, ""by"": ""opp"", ""atk"": 937, ""card"": 648, ""dmg"": 210, ""ko"": 2, ""os"": 0}, {""t"": 13, ""by"": ""us"", ""atk"": 937, ""card"": 648, ""dmg"": 210, ""ko"": 2, ""os"": 0}]","{""0"": 44, ""1"": 1, ""2"": 1, ""3"": 1, ""4"": 2, ""5"": 2, ""7"": 18, ""13"": 5, ""15"": 5, ""16"": 5, ""21"": 7, ""22"": 3, ""30"": 2, ""37"": 2, ""40"": 5, ""41"": 1, ""43"": 3}",2026-08-11T10:01:50.528250300Z,91942142,3,3,3,0,True,13,590.7063740000003,2,0,1,646|648|1079|1231|1219|112|1097,1,0,1,4,3,1020,26,6,2,4,390,0,1,1,Grimmsnarl (mirror),9714ab5c3996f6cc,1018.1872,55422271,107,5,5,1050,13,33,0,1,0,7,"[{""t"": 6, ""c"": 112, ""os"": true}, {""t"": 10, ""c"": 112, ""os"": false}, {""t"": 12, ""c"": 648, ""os"": false}, {""t"": 12, ""c"": 646, ""os"": false}]",4,210,0,1,1,960.8509,3,7,0,0,DONE|DONE,13,v19a,True,True
"[{""t"": 6, ""by"": ""us"", ""atk"": 937, ""card"": 648, ""dmg"": 220, ""ko"": 1, ""os"": 1}, {""t"": 7, ""by"": ""opp"", ""atk"": 540, ""card"": 387, ""dmg"": 140, ""ko"": 0, ""os"": 0}, {""t"": 8, ""by"": ""us"", ""atk"": 937, ""card"": 648, ""dmg"": 240, ""ko"": 1, ""os"": 1}, {""t"": 9, ""by"": ""opp"", ""atk"": 531, ""card"": 381, ""dmg"": 230, ""ko"": 0, ""os"": 0}, {""t"": 10, ""by"": ""us"", ""atk"": 937, ""card"": 648, ""dmg"": 220, ""ko"": 1, ""os"": 0}, {""t"": 11, ""by"": ""opp"", ""atk"": 531, ""card"": 381, ""dmg"": 160, ""ko"": 1, ""os"": 0}, {""t"": 12, ""by"": ""us"", ""atk"": 937, ""card"": 648, ""dmg"": 210, ""ko"": 2, ""os"": 0}]","{""0"": 44, ""1"": 1, ""2"": 1, ""3"": 3, ""4"": 1, ""5"": 1, ""7"": 14, ""13"": 7, ""15"": 4, ""16"": 7, ""21"": 4, ""22"": 1, ""30"": 1, ""37"": 1, ""38"": 1, ""40"": 7, ""43"": 3}",2026-08-11T10:05:52.048221700Z,91943074,6,6,6,,False,12,593.4095259999997,2,1,0,1259|112|112|1097|1219|1152|7,0,0,0,3,2,530,16,7,0,1,230,1,0,4,other: Cynthia's Garchomp ex,daff2ed17de6145d,997.6845,55425381,101,4,6,890,15,30,0,1,0,11,"[{""t"": 11, ""c"": 648, ""os"": false}]",6,240,0,2,1,981.1628,0,6,0,1,DONE|DONE,12,v19a,False,True
"[{""t"": 4, ""by"": ""opp"", ""atk"": 120, ""card"": 96, ""dmg"": 240, ""ko"": 1, ""os"": 1}, {""t"": 6, ""by"": ""opp"", ""atk"": 120, ""card"": 96, ""dmg"": 440, ""ko"": 1, ""os"": 1}, {""t"": 7, ""by"": ""us"", ""atk"": 937, ""card"": 648, ""dmg"": 230, ""ko"": 1, ""os"": 0}, {""t"": 8, ""by"": ""opp"", ""atk"": 120, ""card"": 96, ""dmg"": 440, ""ko"": 1, ""os"": 0}, {""t"": 10, ""by"": ""opp"", ""atk"": 120, ""card"": 96, ""dmg"": 150, ""ko"": 1, ""os"": 1}, {""t"": 11, ""by"": ""us"", ""atk"": 937, ""card"": 648, ""dmg"": 180, ""ko"": 1, ""os"": 0}, {""t"": 12, ""by"": ""opp"", ""atk"": 195, ""card"": 150, ""dmg"": 660, ""ko"": 1, ""os"": 1}]","{""0"": 50, ""1"": 1, ""2"": 1, ""3"": 1, ""4"": 4, ""5"": 2, ""7"": 11, ""13"": 7, ""15"": 2, ""16"": 7, ""21"": 5, ""22"": 2, ""30"": 1, ""40"": 4, ""41"": 1, ""43"": 2}",2026-08-11T10:09:50.440970300Z,91944013,7,7,7,0,True,12,592.1613499999999,2,1,0,1227|1097|1122|112|7|647|646,1,1,0,5,5,1930,22,4,0,5,660,0,4,1,other: Hydrapple ex,b97e551a32cdc3a8,1015.6941,55424058,101,2,5,410,15,47,0,2,1,5,"[{""t"": 4, ""c"": 647, ""os"": true}, {""t"": 6, ""c"": 647, ""os"": true}, {""t"": 8, ""c"": 648, ""os"": false}, {""t"": 10, ""c"": 104, ""os"": true}, {""t"": 12, ""c"": 648, ""os"": true}]",2,230,1,0,2,997.8168,3,6,0,0,DONE|DONE,12,v19a,True,False
"[{""t"": 2, ""by"": ""opp"", ""atk"": 1044, ""card"": 722, ""dmg"": 10, ""ko"": 0, ""os"": 0}, {""t"": 3, ""by"": ""us"", ""atk"": 934, ""card"": 646, ""dmg"": 0, ""ko"": 0, ""os"": 0}, {""t"": 4, ""by"": ""opp"", ""atk"": 1046, ""card"": 723, ""dmg"": 400, ""ko"": 1, ""os"": 1}, {""t"": 6, ""by"": ""opp"", ""atk"": 1046, ""card"": 723, ""dmg"": 400, ""ko"": 1, ""os"": 1}, {""t"": 7, ""by"": ""us"", ""atk"": 937, ""card"": 648, ""dmg"": 210, ""ko"": 0, ""os"": 0}, {""t"": 8, ""by"": ""opp"", ""atk"": 1046, ""card"": 723, ""dmg"": 600, ""ko"": 1, ""os"": 1}, {""t"": 9, ""by"": ""us"", ""atk"": 937, ""card"": 648, ""dmg"": 210, ""ko"": 1, ""os"": 0}, {""t"": 10, ""by"": ""opp"", ""atk"": 1046, ""card"": 723, ""dmg"": 300, ""ko"": 0, ""os"": 0}, {""t"": 11, ""by"": ""us"", ""atk"": 937, ""card"": 648, ""dmg"": 210, ""ko"": 0, ""os"": 0}, {""t"": 12, ""by"": ""opp"", ""atk"": 1046, ""card"": 723, ""dmg"": 350, ""ko"": 1, ""os"": 0}]","{""0"": 49, ""1"": 1, ""3"": 1, ""4"": 3, ""5"": 2, ""7"": 14, ""13"": 5, ""15"": 3, ""16"": 5, ""21"": 4, ""22"": 1, ""30"": 1, ""37"": 1, ""40"": 3, ""41"": 1, ""43"": 3}",2026-08-11T10:13:50.575453Z,91944940,3,7,7,0,True,12,594.0289949999999,1,1,1,1097|648|860|7|647|1097|1080,0,1,0,6,2,2060,11,2,0,4,600,0,3,2,other: Mega Abomasnow ex,7e7bca6783abe61e,565.8264,53808093,97,4,5,630,11,41,0,2,1,6,"[{""t"": 4, ""c"": 646, ""os"": true}, {""t"": 6, ""c"": 104, ""os"": true}, {""t"": 8, ""c"": 648, ""os"": true}, {""t"": 12, ""c"": 648, ""os"": false}]",1,210,0,0,3,983.861,2,6,1,0,DONE|DONE,12,v19a,True,False
"[{""t"": 2, ""by"": ""opp"", ""atk"": 478, ""card"": 344, ""dmg"": 0, ""ko"": 0, ""os"": 0}, {""t"": 3, ""by"": ""us"", ""atk"": 936, ""card"": 647, ""dmg"": 60, ""ko"": 0, ""os"": 0}, {""t"": 5, ""by"": ""us"", ""atk"": 936, ""card"": 647, ""dmg"": 70, ""ko"": 0, ""os"": 0}, {""t"": 6, ""by"": ""opp"", ""atk"": 479, ""card"": 345, ""dmg"": 260, ""ko"": 1, ""os"": 0}, {""t"": 7, ""by"": ""us"", ""atk"": 937, ""card"": 648, ""dmg"": 20, ""ko"": 0, ""os"": 0}, {""t"": 8, ""by"": ""opp"", ""atk"": 479, ""card"": 345, ""dmg"": 280, ""ko"": 0, ""os"": 0}, {""t"": 9, ""by"": ""us"", ""atk"": 937, ""card"": 648, ""dmg"": 20, ""ko"": 0, ""os"": 0}, {""t"": 10, ""by"": ""opp"", ""atk"": 479, ""card"": 345, ""dmg"": 270, ""ko"": 1, ""os"": 0}, {""t"": 11, ""by"": ""us"", ""atk"": 937, ""card"": 648, ""dmg"": 20, ""ko"": 0, ""os"": 0}, {""t"": 12, ""by"": ""opp"", ""atk"": 479, ""card"": 345, ""dmg"": 280, ""ko"": 0, ""os"": 0}, {""t"": 13, ""by"": ""us"", ""atk"": 937, ""card"": 648, ""dmg"": 190, ""ko"": 1, ""os"": 1}, {""t"": 15, ""by"": ""us"", ""atk"": 937, ""card"": 648, ""dmg"": 20, ""ko"": 0, ""os"": 0}]","{""0"": 62, ""1"": 1, ""3"": 3, ""4"": 2, ""5"": 1, ""7"": 14, ""8"": 1, ""13"": 8, ""15"": 4, ""16"": 8, ""21"": 7, ""22"": 3, ""27"": 1, ""30"": 4, ""34"": 1, ""37"": 2, ""40"": 8, ""41"": 1, ""43"": 3}",2026-08-11T10:17:50.849679200Z,91945881,3,3,7,0,True,16,593.3653740000008,1,0,1,646|1079|648|1259|1219|1097|1227,1,0,1,5,0,1090,29,2,0,2,280,0,0,3,Kangaskhan / Crustle,9b415cc6bbdf6fd5,749.6451,55427037,134,7,6,400,6,44,0,1,0,4,"[{""t"": 6, ""c"": 647, ""os"": false}, {""t"": 10, ""c"": 648, ""os"": false}]",3,190,0,1,4,943.6453,1,8,0,0,DONE|DONE,16,v19a,True,True
"[{""t"": 6, ""by"": ""us"", ""atk"": 934, ""card"": 646, ""dmg"": 0, ""ko"": 0, ""os"": 0}, {""t"": 8, ""by"": ""us"", ""atk"": 937, ""card"": 648, ""dmg"": 210, ""ko"": 1, ""os"": 1}, {""t"": 9, ""by"": ""opp"", ""atk"": 1072, ""card"": 743, ""dmg"": 120, ""ko"": 1, ""os"": 1}, {""t"": 10, ""by"": ""us"", ""atk"": 937, ""card"": 648, ""dmg"": 390, ""ko"": 1, ""os"": 1}, {""t"": 11, ""by"": ""opp"", ""atk"": 1072, ""card"": 743, ""dmg"": 220, ""ko"": 0, ""os"": 0}, {""t"": 12, ""by"": ""us"", ""atk"": 937, ""card"": 648, ""dmg"": 250, ""ko"": 0, ""os"": 0}, {""t"": 13, ""by"": ""opp"", ""atk"": 1072, ""card"": 743, ""dmg"": 350, ""ko"": 1, ""os"": 0}]","{""0"": 39, ""1"": 1, ""2"": 1, ""3"": 1, ""4"": 2, ""7"": 15, ""8"": 1, ""13"": 6, ""15"": 3, ""16"": 6, ""21"": 3, ""22"": 1, ""37"": 1, ""40"": 6, ""43"": 1}",2026-08-11T10:21:50.474754800Z,91946755,6,8,8,,False,14,593.447916,2,0,1,1079|648|1122|1219|1137|112|112,0,0,1,3,4,690,9,9,0,2,350,0,1,3,Alakazam,cc38cb450b86770a,1003.0075,55428925,87,4,5,850,21,36,0,1,0,6,"[{""t"": 9, ""c"": 647, ""os"": true}, {""t"": 13, ""c"": 648, ""os"": false}]",4,390,0,2,1,949.2888,1,7,1,1,DONE|DONE,14,v19a,False,True
"[{""t"": 5, ""by"": ""opp"", ""atk"": 478, ""card"": 344, ""dmg"": 40, ""ko"": 0, ""os"": 0}, {""t"": 6, ""by"": ""us"", ""atk"": 937, ""card"": 648, ""dmg"": 230, ""ko"": 0, ""os"": 0}, {""t"": 8, ""by"": ""us"", ""atk"": 937, ""card"": 648, ""dmg"": 220, ""ko"": 1, ""os"": 0}, {""t"": 9, ""by"": ""opp"", ""atk"": 479, ""card"": 345, ""dmg"": 280, ""ko"": 0, ""os"": 0}, {""t"": 10, ""by"": ""us"", ""atk"": 937, ""card"": 648, ""dmg"": 30, ""ko"": 0, ""os"": 0}, {""t"": 11, ""by"": ""opp"", ""atk"": 479, ""card"": 345, ""dmg"": 270, ""ko"": 1, ""os"": 0}, {""t"": 12, ""by"": ""us"", ""atk"": 937, ""card"": 648, ""dmg"": 200, ""ko"": 0, ""os"": 0}, {""t"": 14, ""by"": ""us"", ""atk"": 937, ""card"": 648, ""dmg"": 180, ""ko"": 1, ""os"": 0}]","{""0"": 52, ""1"": 1, ""2"": 1, ""3"": 4, ""4"": 1, ""5"": 1, ""7"": 15, ""13"": 14, ""15"": 4, ""16"": 14, ""21"": 5, ""22"": 2, ""30"": 3, ""37"": 1, ""38"": 1, ""40"": 14, ""43"": 2}",2026-08-11T10:21:50.628627100Z,91946814,6,4,6,,False,14,589.4592359999999,3,2,0,7|1152|1259|112|112|7|112,0,0,0,3,0,590,24,5,0,1,280,3,0,4,Kangaskhan / Crustle,9b415cc6bbdf6fd5,935.96,55412155,135,5,6,860,19,30,0,1,0,6,"[{""t"": 11, ""c"": 648, ""os"": false}]",3,230,0,0,1,963.9336,0,7,0,1,DONE|DONE,14,v19a,False,True
"[{""t"": 2, ""by"": ""opp"", ""atk"": 323, ""card"": 235, ""dmg"": 20, ""ko"": 0, ""os"": 0}, {""t"": 3, ""by"": ""us"", ""atk"": 934, ""card"": 646, ""dmg"": 0, ""ko"": 0, ""os"": 0}, {""t"": 4, ""by"": ""opp"", ""atk"": 323, ""card"": 235, ""dmg"": 20, ""ko"": 0, ""os"": 0}, {""t"": 5, ""by"": ""us"", ""atk"": 937, ""card"": 648, ""dmg"": 210, ""ko"": 1, ""os"": 1}, {""t"": 6, ""by"": ""opp"", ""atk"": 154, ""card"": 121, ""dmg"": 260, ""ko"": 1, ""os"": 0}, {""t"": 7, ""by"": ""us"", ""atk"": 934, ""card"": 646, ""dmg"": 0, ""ko"": 0, ""os"": 0}, {""t"": 8, ""by"": ""opp"", ""atk"": 154, ""card"": 121, ""dmg"": 260, ""ko"": 1, ""os"": 1}, {""t"": 10, ""by"": ""opp"", ""atk"": 154, ""card"": 121, ""dmg"": 260, ""ko"": 1, ""os"": 1}, {""t"": 11, ""by"": ""us"", ""atk"": 937, ""card"": 648, ""dmg"": 210, ""ko"": 1, ""os"": 1}]","{""0"": 35, ""1"": 1, ""2"": 1, ""3"": 2, ""4"": 3, ""5"": 2, ""7"": 9, ""13"": 9, ""15"": 2, ""16"": 9, ""21"": 6, ""22"": 2, ""30"": 1, ""37"": 1, ""40"": 6, ""41"": 1, ""43"": 2}",2026-08-11T10:25:52.190255800Z,91947765,3,5,5,0,True,11,592.3919930000003,2,2,0,112|7|646|7|647|1086|1219,1,1,0,5,4,820,9,2,0,3,260,0,2,2,Dragapult,6d40ba7438d95d32,956.3575,55412166,92,4,4,420,28,44,0,1,0,1,"[{""t"": 6, ""c"": 648, ""os"": false}, {""t"": 8, ""c"": 646, ""os"": true}, {""t"": 10, ""c"": 646, ""os"": true}]",3,210,2,2,2,991.0534,2,6,2,0,DONE|DONE,11,v19a,True,True
"[{""t"": 2, ""by"": ""opp"", ""atk"": 323, ""card"": 235, ""dmg"": 10, ""ko"": 0, ""os"": 0}, {""t"": 4, ""by"": ""opp"", ""atk"": 323, ""card"": 235, ""dmg"": 20, ""ko"": 0, ""os"": 0}, {""t"": 5, ""by"": ""us"", ""atk"": 937, ""card"": 648, ""dmg"": 390, ""ko"": 1, ""os"": 1}, {""t"": 7, ""by"": ""us"", ""atk"": 937, ""card"": 648, ""dmg"": 210, ""ko"": 1, ""os"": 1}, {""t"": 8, ""by"": ""opp"", ""atk"": 154, ""card"": 121, ""dmg"": 260, ""ko"": 0, ""os"": 0}, {""t"": 9, ""by"": ""us"", ""atk"": 937, ""card"": 648, ""dmg"": 210, ""ko"": 1, ""os"": 0}, {""t"": 10, ""by"": ""opp"", ""atk"": 154, ""card"": 121, ""dmg"": 260, ""ko"": 1, ""os"": 0}, {""t"": 11, ""by"": ""us"", ""atk"": 937, ""card"": 648, ""dmg"": 180, ""ko"": 1, ""os"": 0}]","{""0"": 34, ""1"": 1, ""3"": 3, ""7"": 13, ""13"": 5, ""15"": 4, ""16"": 5, ""21"": 5, ""22"": 2, ""30"": 2, ""40"": 4, ""43"": 2}",2026-08-11T10:25:52.392308600Z,91947795,5,5,5,,False,11,593.4610819999998,1,0,1,1227|648|1152|112|1079|1219|1079,0,0,2,4,5,550,13,2,0,1,260,0,0,5,Dragapult,295af070deb9c468,867.8749,55428034,80,4,4,990,30,23,0,0,0,4,"[{""t"": 10, ""c"": 112, ""os"": false}]",5,390,0,2,2,975.0583,1,6,0,1,DONE|DONE,11,v19a,True,True
"[{""t"": 3, ""by"": ""opp"", ""atk"": 937, ""card"": 648, ""dmg"": 210, ""ko"": 1, ""os"": 1}, {""t"": 5, ""by"": ""opp"", ""atk"": 937, ""card"": 648, ""dmg"": 210, ""ko"": 1, ""os"": 1}, {""t"": 6, ""by"": ""us"", ""atk"": 937, ""card"": 648, ""dmg"": 210, ""ko"": 0, ""os"": 0}, {""t"": 7, ""by"": ""opp"", ""atk"": 937, ""card"": 648, ""dmg"": 210, ""ko"": 0, ""os"": 0}, {""t"": 8, ""by"": ""us"", ""atk"": 937, ""card"": 648, ""dmg"": 210, ""ko"": 1, ""os"": 0}, {""t"": 9, ""by"": ""opp"", ""atk"": 937, ""card"": 648, ""dmg"": 210, ""ko"": 0, ""os"": 0}, {""t"": 10, ""by"": ""us"", ""atk"": 937, ""card"": 648, ""dmg"": 210, ""ko"": 0, ""os"": 0}, {""t"": 11, ""by"": ""opp"", ""atk"": 937, ""card"": 648, ""dmg"": 210, ""ko"": 1, ""os"": 0}]","{""0"": 47, ""1"": 1, ""2"": 1, ""3"": 1, ""4"": 3, ""5"": 1, ""7"": 15, ""13"": 13, ""15"": 3, ""16"": 13, ""21"": 3, ""22"": 1, ""40"": 13, ""43"": 2}",2026-08-11T10:29:50.948468600Z,91948729,6,6,6,,False,12,593.5248520000002,3,0,1,112|648|1152|1227|646|1219|112,1,0,0,5,4,1050,17,3,1,3,210,0,2,2,Grimmsnarl (mirror),9714ab5c3996f6cc,908.9495,55428821,117,3,5,630,20,42,0,1,0,8,"[{""t"": 3, ""c"": 646, ""os"": true}, {""t"": 5, ""c"": 647, ""os"": true}, {""t"": 11, ""c"": 648, ""os"": false}]",5,210,0,0,1,982.672,2,6,0,1,DONE|DONE,12,v19a,False,True
"[{""t"": 2, ""by"": ""opp"", ""atk"": 323, ""card"": 235, ""dmg"": 20, ""ko"": 0, ""os"": 0}, {""t"": 4, ""by"": ""opp"", ""atk"": 323, ""card"": 235, ""dmg"": 20, ""ko"": 0, ""os"": 0}, {""t"": 5, ""by"": ""us"", ""atk"": 937, ""card"": 648, ""dmg"": 210, ""ko"": 0, ""os"": 0}, {""t"": 6, ""by"": ""opp"", ""atk"": 154, ""card"": 121, ""dmg"": 260, ""ko"": 0, ""os"": 0}, {""t"": 7, ""by"": ""us"", ""atk"": 937, ""card"": 648, ""dmg"": 210, ""ko"": 1, ""os"": 0}, {""t"": 8, ""by"": ""opp"", ""atk"": 151, ""card"": 119, ""dmg"": 40, ""ko"": 0, ""os"": 0}, {""t"": 9, ""by"": ""us"", ""atk"": 937, ""card"": 648, ""dmg"": 210, ""ko"": 1, ""os"": 1}]","{""0"": 30, ""1"": 1, ""2"": 1, ""3"": 1, ""7"": 10, ""13"": 6, ""15"": 3, ""16"": 6, ""21"": 6, ""22"": 2, ""30"": 1, ""40"": 6, ""43"": 2}",2026-08-11T10:33:50.754755300Z,91949684,5,5,5,,False,9,595.3602190000003,2,0,1,1219|646|104|648|1152|112|1097,1,0,0,4,3,340,23,2,0,0,260,0,0,6,Dragapult,8055443275c86105,705.5005,54430323,75,3,5,630,25,28,0,0,0,12,[],4,210,0,1,1,1000.7806,0,5,0,1,DONE|DONE,9,v19a,True,True
"[{""t"": 3, ""by"": ""opp"", ""atk"": 1071, ""card"": 742, ""dmg"": 30, ""ko"": 0, ""os"": 0}, {""t"": 5, ""by"": ""opp"", ""atk"": 1072, ""card"": 743, ""dmg"": 180, ""ko"": 1, ""os"": 1}, {""t"": 6, ""by"": ""us"", ""atk"": 936, ""card"": 647, ""dmg"": 180, ""ko"": 0, ""os"": 0}, {""t"": 7, ""by"": ""opp"", ""atk"": 1072, ""card"": 743, ""dmg"": 200, ""ko"": 1, ""os"": 1}, {""t"": 8, ""by"": ""us"", ""atk"": 936, ""card"": 647, ""dmg"": 120, ""ko"": 0, ""os"": 0}, {""t"": 9, ""by"": ""opp"", ""atk"": 1072, ""card"": 743, ""dmg"": 240, ""ko"": 1, ""os"": 1}, {""t"": 11, ""by"": ""opp"", ""atk"": 1072, ""card"": 743, ""dmg"": 320, ""ko"": 1, ""os"": 1}, {""t"": 13, ""by"": ""opp"", ""atk"": 1072, ""card"": 743, ""dmg"": 380, ""ko"": 1, ""os"": 1}]","{""0"": 43, ""1"": 1, ""2"": 1, ""3"": 3, ""4"": 4, ""5"": 2, ""7"": 11, ""8"": 1, ""13"": 5, ""16"": 5, ""21"": 7, ""22"": 3, ""30"": 4, ""37"": 2, ""40"": 1, ""43"": 3}",2026-08-11T10:37:51.561971200Z,91950626,6,6,,,False,13,593.4444290000001,2,1,0,112|1259|1152|860|1086|7|1219,0,0,0,6,5,1350,11,3,0,5,380,0,5,1,Alakazam,29929a763bf01096,966.0749,55162495,96,2,4,300,9,34,0,2,2,2,"[{""t"": 5, ""c"": 104, ""os"": true}, {""t"": 7, ""c"": 104, ""os"": true}, {""t"": 9, ""c"": 647, ""os"": true}, {""t"": 11, ""c"": 648, ""os"": true}, {""t"": 13, ""c"": 648, ""os"": true}]",0,180,0,0,4,1003.201,3,6,0,1,DONE|DONE,13,v19a,False,False
"[{""t"": 5, ""by"": ""us"", ""atk"": 937, ""card"": 648, ""dmg"": 410, ""ko"": 1, ""os"": 0}, {""t"": 6, ""by"": ""opp"", ""atk"": 937, ""card"": 648, ""dmg"": 420, ""ko"": 2, ""os"": 0}, {""t"": 7, ""by"": ""us"", ""atk"": 937, ""card"": 648, ""dmg"": 250, ""ko"": 0, ""os"": 0}, {""t"": 8, ""by"": ""opp"", ""atk"": 937, ""card"": 648, ""dmg"": 230, ""ko"": 1, ""os"": 0}, {""t"": 9, ""by"": ""us"", ""atk"": 937, ""card"": 648, ""dmg"": 260, ""ko"": 0, ""os"": 0}, {""t"": 10, ""by"": ""opp"", ""atk"": 937, ""card"": 648, ""dmg"": 220, ""ko"": 0, ""os"": 0}, {""t"": 11, ""by"": ""us"", ""atk"": 937, ""card"": 648, ""dmg"": 240, ""ko"": 2, ""os"": 0}, {""t"": 12, ""by"": ""opp"", ""atk"": 937, ""card"": 648, ""dmg"": 210, ""ko"": 1, ""os"": 0}]","{""0"": 39, ""1"": 1, ""3"": 1, ""4"": 1, ""5"": 2, ""7"": 13, ""13"": 3, ""15"": 4, ""16"": 3, ""21"": 5, ""22"": 2, ""30"": 2, ""40"": 3, ""41"": 1, ""43"": 2}",2026-08-11T10:41:50.928682Z,91951573,5,5,5,0,True,12,595.4602199999997,1,0,0,1152|1097|1086|104|1219|646|647,1,1,0,4,5,1080,18,6,1,5,420,0,0,1,Grimmsnarl (mirror),9714ab5c3996f6cc,928.2038,55374982,82,4,3,1160,19,42,0,2,0,7,"[{""t"": 6, ""c"": 112, ""os"": false}, {""t"": 6, ""c"": 112, ""os"": false}, {""t"": 8, ""c"": 112, ""os"": false}, {""t"": 10, ""c"": 648, ""os"": false}, {""t"": 12, ""c"": 648, ""os"": false}]",3,410,1,0,2,991.2602,3,6,0,0,DONE|DONE,12,v19a,True,False
"[{""t"": 4, ""by"": ""opp"", ""atk"": 937, ""card"": 648, ""dmg"": 390, ""ko"": 1, ""os"": 1}, {""t"": 5, ""by"": ""us"", ""atk"": 937, ""card"": 648, ""dmg"": 210, ""ko"": 0, ""os"": 0}, {""t"": 6, ""by"": ""opp"", ""atk"": 937, ""card"": 648, ""dmg"": 210, ""ko"": 0, ""os"": 0}, {""t"": 7, ""by"": ""us"", ""atk"": 937, ""card"": 648, ""dmg"": 210, ""ko"": 0, ""os"": 0}, {""t"": 8, ""by"": ""opp"", ""atk"": 937, ""card"": 648, ""dmg"": 210, ""ko"": 0, ""os"": 0}, {""t"": 9, ""by"": ""us"", ""atk"": 937, ""card"": 648, ""dmg"": 210, ""ko"": 1, ""os"": 0}, {""t"": 10, ""by"": ""opp"", ""atk"": 934, ""card"": 646, ""dmg"": 0, ""ko"": 0, ""os"": 0}, {""t"": 11, ""by"": ""us"", ""atk"": 937, ""card"": 648, ""dmg"": 210, ""ko"": 1, ""os"": 1}]","{""0"": 39, ""1"": 1, ""4"": 1, ""5"": 1, ""7"": 13, ""13"": 10, ""15"": 4, ""16"": 10, ""21"": 4, ""22"": 2, ""37"": 1, ""40"": 10, ""41"": 1, ""43"": 2}",2026-08-11T10:45:52.436923700Z,91952515,5,5,5,0,True,11,595.5982019999999,1,2,0,647|1219|7|1079|112|7|1097,0,1,1,4,4,810,22,4,1,1,390,0,1,5,Grimmsnarl (mirror),9714ab5c3996f6cc,919.7972,55417605,99,4,6,840,21,26,0,0,0,12,"[{""t"": 4, ""c"": 112, ""os"": true}]",5,210,0,1,1,978.7687,1,6,0,0,DONE|DONE,11,v19a,True,True
"[{""t"": 2, ""by"": ""opp"", ""atk"": 1070, ""card"": 741, ""dmg"": 10, ""ko"": 0, ""os"": 0}, {""t"": 3, ""by"": ""us"", ""atk"": 937, ""card"": 648, ""dmg"": 390, ""ko"": 1, ""os"": 1}, {""t"": 4, ""by"": ""opp"", ""atk"": 1072, ""card"": 743, ""dmg"": 320, ""ko"": 1, ""os"": 1}, {""t"": 5, ""by"": ""us"", ""atk"": 937, ""card"": 648, ""dmg"": 410, ""ko"": 1, ""os"": 1}, {""t"": 6, ""by"": ""opp"", ""atk"": 1072, ""card"": 743, ""dmg"": 440, ""ko"": 1, ""os"": 0}, {""t"": 8, ""by"": ""opp"", ""atk"": 1072, ""card"": 743, ""dmg"": 530, ""ko"": 1, ""os"": 1}, {""t"": 10, ""by"": ""opp"", ""atk"": 1072, ""card"": 743, ""dmg"": 120, ""ko"": 1, ""os"": 1}]","{""0"": 43, ""1"": 1, ""2"": 1, ""4"": 3, ""5"": 1, ""7"": 18, ""8"": 1, ""13"": 6, ""15"": 2, ""16"": 6, ""21"": 4, ""22"": 2, ""37"": 1, ""40"": 5, ""41"": 1, ""43"": 2}",2026-08-11T10:49:51.169817500Z,91953473,3,3,3,0,True,10,593.3247669999996,2,0,1,646|112|1097|1259|1227|648|1227,1,0,0,5,5,1420,32,2,0,4,530,0,3,1,Alakazam,cc38cb450b86770a,881.8464,55392999,97,2,5,800,15,32,0,2,1,6,"[{""t"": 4, ""c"": 648, ""os"": true}, {""t"": 6, ""c"": 648, ""os"": false}, {""t"": 8, ""c"": 647, ""os"": true}, {""t"": 10, ""c"": 646, ""os"": true}]",3,410,1,2,2,986.4883,2,5,0,0,DONE|DONE,10,v19a,True,False
"[{""t"": 2, ""by"": ""us"", ""atk"": 934, ""card"": 646, ""dmg"": 0, ""ko"": 0, ""os"": 0}, {""t"": 3, ""by"": ""opp"", ""atk"": 1070, ""card"": 741, ""dmg"": 10, ""ko"": 0, ""os"": 0}, {""t"": 4, ""by"": ""us"", ""atk"": 937, ""card"": 648, ""dmg"": 210, ""ko"": 1, ""os"": 1}, {""t"": 5, ""by"": ""opp"", ""atk"": 1072, ""card"": 743, ""dmg"": 360, ""ko"": 1, ""os"": 1}, {""t"": 7, ""by"": ""opp"", ""atk"": 1072, ""card"": 743, ""dmg"": 200, ""ko"": 1, ""os"": 1}, {""t"": 9, ""by"": ""opp"", ""atk"": 1072, ""card"": 743, ""dmg"": 200, ""ko"": 1, ""os"": 1}, {""t"": 10, ""by"": ""us"", ""atk"": 937, ""card"": 648, ""dmg"": 410, ""ko"": 1, ""os"": 1}, {""t"": 11, ""by"": ""opp"", ""atk"": 1072, ""card"": 743, ""dmg"": 380, ""ko"": 1, ""os"": 0}]","{""0"": 38, ""1"": 1, ""2"": 1, ""4"": 3, ""5"": 1, ""7"": 17, ""13"": 1, ""15"": 2, ""16"": 1, ""21"": 4, ""22"": 2, ""37"": 1, ""43"": 2}",2026-08-11T10:53:53.731287900Z,91954370,2,4,4,,False,11,592.8525639999993,2,2,0,1097|7|1080|646|7|1259|112,1,0,0,5,5,1150,11,3,0,4,380,0,3,2,Alakazam,cc38cb450b86770a,947.2081,55403948,74,3,5,620,17,24,0,2,1,4,"[{""t"": 5, ""c"": 648, ""os"": true}, {""t"": 7, ""c"": 647, ""os"": true}, {""t"": 9, ""c"": 646, ""os"": true}, {""t"": 11, ""c"": 648, ""os"": false}]",2,410,0,2,4,973.2634,2,5,1,1,DONE|DONE,11,v19a,False,False
"[{""t"": 4, ""by"": ""us"", ""atk"": 934, ""card"": 646, ""dmg"": 20, ""ko"": 0, ""os"": 0}, {""t"": 5, ""by"": ""opp"", ""atk"": 1072, ""card"": 743, ""dmg"": 220, ""ko"": 1, ""os"": 1}, {""t"": 7, ""by"": ""opp"", ""atk"": 1072, ""card"": 743, ""dmg"": 200, ""ko"": 1, ""os"": 1}, {""t"": 9, ""by"": ""opp"", ""atk"": 1072, ""card"": 743, ""dmg"": 240, ""ko"": 1, ""os"": 1}, {""t"": 10, ""by"": ""us"", ""atk"": 937, ""card"": 648, ""dmg"": 360, ""ko"": 1, ""os"": 1}, {""t"": 11, ""by"": ""opp"", ""atk"": 1072, ""card"": 743, ""dmg"": 300, ""ko"": 0, ""os"": 0}, {""t"": 12, ""by"": ""us"", ""atk"": 937, ""card"": 648, ""dmg"": 390, ""ko"": 1, ""os"": 1}, {""t"": 13, ""by"": ""opp"", ""atk"": 1072, ""card"": 743, ""dmg"": 300, ""ko"": 1, ""os"": 0}, {""t"": 14, ""by"": ""us"", ""atk"": 937, ""card"": 648, ""dmg"": 390, ""ko"": 1, ""os"": 1}, {""t"": 15, ""by"": ""opp"", ""atk"": 1072, ""card"": 743, ""dmg"": 360, ""ko"": 1, ""os"": 1}]","{""0"": 53, ""1"": 1, ""2"": 1, ""3"": 1, ""4"": 4, ""5"": 2, ""7"": 18, ""8"": 2, ""13"": 5, ""15"": 3, ""16"": 5, ""21"": 4, ""22"": 1, ""30"": 1, ""40"": 3, ""43"": 2}",2026-08-11T10:57:51.356854400Z,91955356,4,10,10,,False,15,592.101847,2,0,0,860|1231|1227|1219|1227|646|1182,1,0,0,6,5,1620,11,5,0,5,360,0,4,1,Alakazam,cc38cb450b86770a,889.5829,55396980,106,4,5,1160,5,42,0,2,1,6,"[{""t"": 5, ""c"": 104, ""os"": true}, {""t"": 7, ""c"": 860, ""os"": true}, {""t"": 9, ""c"": 647, ""os"": true}, {""t"": 13, ""c"": 648, ""os"": false}, {""t"": 15, ""c"": 648, ""os"": true}]",4,390,0,3,2,963.343,3,7,0,1,DONE|DONE,15,v19a,False,False
"[{""t"": 4, ""by"": ""opp"", ""atk"": 937, ""card"": 648, ""dmg"": 220, ""ko"": 1, ""os"": 1}, {""t"": 5, ""by"": ""us"", ""atk"": 937, ""card"": 648, ""dmg"": 230, ""ko"": 0, ""os"": 0}, {""t"": 6, ""by"": ""opp"", ""atk"": 937, ""card"": 648, ""dmg"": 230, ""ko"": 1, ""os"": 0}, {""t"": 7, ""by"": ""us"", ""atk"": 937, ""card"": 648, ""dmg"": 230, ""ko"": 1, ""os"": 0}, {""t"": 8, ""by"": ""opp"", ""atk"": 937, ""card"": 648, ""dmg"": 240, ""ko"": 0, ""os"": 0}, {""t"": 9, ""by"": ""us"", ""atk"": 937, ""card"": 648, ""dmg"": 250, ""ko"": 0, ""os"": 0}, {""t"": 10, ""by"": ""opp"", ""atk"": 937, ""card"": 648, ""dmg"": 270, ""ko"": 1, ""os"": 0}, {""t"": 11, ""by"": ""us"", ""atk"": 937, ""card"": 648, ""dmg"": 270, ""ko"": 2, ""os"": 0}]","{""0"": 45, ""1"": 1, ""3"": 2, ""4"": 1, ""5"": 4, ""7"": 16, ""13"": 5, ""15"": 4, ""16"": 5, ""21"": 7, ""22"": 3, ""30"": 4, ""34"": 2, ""37"": 1, ""40"": 5, ""41"": 1, ""43"": 3}",2026-08-11T11:01:51.037221100Z,91956314,5,5,5,0,True,13,592.6994220000005,1,0,1,1219|1259|648|1086|1086|647|646,1,1,0,4,5,960,18,4,2,3,270,0,1,3,Grimmsnarl (mirror),9714ab5c3996f6cc,923.4896,55159565,109,4,6,980,17,43,0,0,0,3,"[{""t"": 4, ""c"": 646, ""os"": true}, {""t"": 6, ""c"": 112, ""os"": false}, {""t"": 10, ""c"": 112, ""os"": false}]",4,270,2,0,2,952.1313,3,7,0,0,DONE|DONE,13,v19a,True,True
"[{""t"": 4, ""by"": ""us"", ""atk"": 937, ""card"": 648, ""dmg"": 390, ""ko"": 1, ""os"": 1}, {""t"": 5, ""by"": ""opp"", ""atk"": 1072, ""card"": 743, ""dmg"": 360, ""ko"": 1, ""os"": 0}, {""t"": 6, ""by"": ""us"", ""atk"": 937, ""card"": 648, ""dmg"": 390, ""ko"": 1, ""os"": 0}, {""t"": 8, ""by"": ""us"", ""atk"": 937, ""card"": 648, ""dmg"": 390, ""ko"": 1, ""os"": 0}, {""t"": 9, ""by"": ""opp"", ""atk"": 1071, ""card"": 742, ""dmg"": 60, ""ko"": 1, ""os"": 1}, {""t"": 10, ""by"": ""us"", ""atk"": 937, ""card"": 648, ""dmg"": 210, ""ko"": 2, ""os"": 0}]","{""0"": 38, ""1"": 1, ""2"": 1, ""3"": 3, ""4"": 1, ""5"": 2, ""7"": 17, ""13"": 2, ""15"": 4, ""16"": 2, ""21"": 7, ""22"": 2, ""30"": 2, ""37"": 1, ""38"": 1, ""40"": 2, ""43"": 2}",2026-08-11T11:05:51.138059Z,91957198,4,4,4,,False,10,593.2801900000001,2,0,0,104|646|1259|647|646|1079|1086,2,1,1,2,3,420,22,5,0,1,360,1,1,4,Alakazam,cc38cb450b86770a,921.6996,55394164,88,4,6,1380,18,18,0,1,0,5,"[{""t"": 5, ""c"": 648, ""os"": false}]",6,390,0,1,2,959.7277,0,5,0,1,DONE|DONE,10,v19a,False,True
"[{""t"": 2, ""by"": ""opp"", ""atk"": 965, ""card"": 666, ""dmg"": 50, ""ko"": 0, ""os"": 0}, {""t"": 3, ""by"": ""us"", ""atk"": 934, ""card"": 646, ""dmg"": 0, ""ko"": 0, ""os"": 0}, {""t"": 4, ""by"": ""opp"", ""atk"": 253, ""card"": 190, ""dmg"": 220, ""ko"": 1, ""os"": 0}, {""t"": 5, ""by"": ""us"", ""atk"": 937, ""card"": 648, ""dmg"": 210, ""ko"": 0, ""os"": 0}, {""t"": 6, ""by"": ""opp"", ""atk"": 253, ""card"": 190, ""dmg"": 220, ""ko"": 0, ""os"": 0}, {""t"": 7, ""by"": ""us"", ""atk"": 937, ""card"": 648, ""dmg"": 230, ""ko"": 1, ""os"": 0}, {""t"": 8, ""by"": ""opp"", ""atk"": 965, ""card"": 666, ""dmg"": 90, ""ko"": 0, ""os"": 0}, {""t"": 9, ""by"": ""us"", ""atk"": 937, ""card"": 648, ""dmg"": 230, ""ko"": 2, ""os"": 0}, {""t"": 10, ""by"": ""opp"", ""atk"": 253, ""card"": 190, ""dmg"": 260, ""ko"": 0, ""os"": 0}, {""t"": 11, ""by"": ""us"", ""atk"": 937, ""card"": 648, ""dmg"": 160, ""ko"": 0, ""os"": 0}, {""t"": 12, ""by"": ""opp"", ""atk"": 253, ""card"": 190, ""dmg"": 250, ""ko"": 1, ""os"": 0}, {""t"": 13, ""by"": ""us"", ""atk"": 936, ""card"": 647, ""dmg"": 40, ""ko"": 1, ""os"": 0}]","{""0"": 44, ""1"": 1, ""2"": 1, ""3"": 2, ""4"": 2, ""5"": 2, ""7"": 12, ""13"": 9, ""15"": 4, ""16"": 9, ""21"": 6, ""22"": 2, ""30"": 2, ""40"": 9, ""41"": 1, ""43"": 2}",2026-08-11T11:09:50.845134800Z,91958202,3,5,5,0,True,13,594.6430649999999,2,2,1,1227|7|7|112|648|1259|646,1,0,0,6,2,1090,19,2,0,2,260,1,0,3,Archaludon,2b6a7dd699d2b6a5,784.8228,55261996,108,6,5,870,13,47,0,1,0,13,"[{""t"": 4, ""c"": 646, ""os"": false}, {""t"": 12, ""c"": 648, ""os"": false}]",5,230,1,0,1,966.8426,1,7,1,0,DONE|DONE,13,v19a,True,True
"[{""t"": 3, ""by"": ""us"", ""atk"": 937, ""card"": 648, ""dmg"": 210, ""ko"": 1, ""os"": 1}, {""t"": 5, ""by"": ""us"", ""atk"": 937, ""card"": 648, ""dmg"": 210, ""ko"": 1, ""os"": 1}, {""t"": 7, ""by"": ""us"", ""atk"": 937, ""card"": 648, ""dmg"": 210, ""ko"": 1, ""os"": 1}, {""t"": 9, ""by"": ""us"", ""atk"": 937, ""card"": 648, ""dmg"": 210, ""ko"": 2, ""os"": 1}, {""t"": 11, ""by"": ""us"", ""atk"": 937, ""card"": 648, ""dmg"": 390, ""ko"": 1, ""os"": 1}]","{""0"": 31, ""1"": 1, ""3"": 3, ""5"": 1, ""7"": 15, ""13"": 4, ""15"": 5, ""16"": 4, ""21"": 3, ""22"": 1, ""30"": 2, ""37"": 1, ""40"": 4, ""41"": 1, ""43"": 1}",2026-08-11T11:13:51.141772500Z,91959143,3,3,3,0,True,11,594.2506350000002,1,3,0,7|1231|1152|112|7|7|1079,0,0,1,0,3,0,27,,0,0,0,0,0,6,Grimmsnarl (mirror),9714ab5c3996f6cc,863.0715,55325233,77,5,6,1230,25,21,0,0,0,11,[],6,390,0,5,1,970.4066,0,6,0,0,DONE|DONE,11,v19a,True,True
"[{""t"": 2, ""by"": ""opp"", ""atk"": 230, ""card"": 174, ""dmg"": 0, ""ko"": 0, ""os"": 0}, {""t"": 4, ""by"": ""opp"", ""atk"": 1240, ""card"": 861, ""dmg"": 250, ""ko"": 1, ""os"": 1}, {""t"": 5, ""by"": ""us"", ""atk"": 937, ""card"": 648, ""dmg"": 210, ""ko"": 0, ""os"": 0}, {""t"": 6, ""by"": ""opp"", ""atk"": 1240, ""card"": 861, ""dmg"": 300, ""ko"": 0, ""os"": 0}, {""t"": 7, ""by"": ""us"", ""atk"": 937, ""card"": 648, ""dmg"": 210, ""ko"": 0, ""os"": 0}, {""t"": 8, ""by"": ""opp"", ""atk"": 230, ""card"": 174, ""dmg"": 70, ""ko"": 0, ""os"": 0}, {""t"": 9, ""by"": ""us"", ""atk"": 937, ""card"": 648, ""dmg"": 210, ""ko"": 0, ""os"": 0}, {""t"": 10, ""by"": ""opp"", ""atk"": 1240, ""card"": 861, ""dmg"": 450, ""ko"": 1, ""os"": 1}, {""t"": 11, ""by"": ""us"", ""atk"": 937, ""card"": 648, ""dmg"": 210, ""ko"": 1, ""os"": 0}]","{""0"": 50, ""1"": 1, ""3"": 2, ""4"": 2, ""5"": 1, ""7"": 16, ""13"": 9, ""15"": 4, ""16"": 9, ""21"": 5, ""22"": 2, ""27"": 1, ""30"": 2, ""40"": 9, ""41"": 1, ""43"": 3}",2026-08-11T11:17:51.238493900Z,91960096,5,5,5,0,True,11,593.683051999999,1,3,0,7|7|1152|7|1231|112|1227,0,0,0,5,3,1070,22,2,0,2,450,0,2,3,Mega Lopunny / Froslass,a7ee29914c1dce64,971.8035,55410156,117,4,6,840,16,34,0,1,1,5,"[{""t"": 4, ""c"": 112, ""os"": true}, {""t"": 10, ""c"": 648, ""os"": true}]",4,210,0,0,1,975.4695,1,6,0,0,DONE|DONE,11,v19a,True,True
"[{""t"": 3, ""by"": ""us"", ""atk"": 937, ""card"": 648, ""dmg"": 390, ""ko"": 1, ""os"": 1}, {""t"": 4, ""by"": ""opp"", ""atk"": 937, ""card"": 648, ""dmg"": 210, ""ko"": 0, ""os"": 0}, {""t"": 5, ""by"": ""us"", ""atk"": 937, ""card"": 648, ""dmg"": 210, ""ko"": 0, ""os"": 0}, {""t"": 6, ""by"": ""opp"", ""atk"": 937, ""card"": 648, ""dmg"": 210, ""ko"": 0, ""os"": 0}, {""t"": 7, ""by"": ""us"", ""atk"": 937, ""card"": 648, ""dmg"": 210, ""ko"": 0, ""os"": 0}, {""t"": 8, ""by"": ""opp"", ""atk"": 937, ""card"": 648, ""dmg"": 210, ""ko"": 2, ""os"": 0}, {""t"": 10, ""by"": ""opp"", ""atk"": 937, ""card"": 648, ""dmg"": 390, ""ko"": 2, ""os"": 2}]","{""0"": 36, ""1"": 1, ""4"": 1, ""7"": 13, ""13"": 4, ""15"": 3, ""16"": 4, ""21"": 3, ""22"": 1, ""37"": 1, ""38"": 1, ""40"": 4, ""41"": 1, ""43"": 1}",2026-08-11T11:21:51.172174300Z,91961012,3,3,3,0,True,10,594.5722670000004,1,0,1,104|1152|648|646|1219|647|647,1,2,0,4,6,1020,14,4,0,4,390,1,2,1,Grimmsnarl (mirror),9714ab5c3996f6cc,856.392,55366690,74,3,3,810,25,32,0,1,0,4,"[{""t"": 8, ""c"": 648, ""os"": false}, {""t"": 8, ""c"": 112, ""os"": false}, {""t"": 10, ""c"": 112, ""os"": true}, {""t"": 10, ""c"": 112, ""os"": true}]",2,390,0,1,4,983.0288,3,5,0,0,DONE|DONE,10,v19a,True,False
"[{""t"": 2, ""by"": ""us"", ""atk"": 934, ""card"": 646, ""dmg"": 0, ""ko"": 0, ""os"": 0}, {""t"": 4, ""by"": ""us"", ""atk"": 937, ""card"": 648, ""dmg"": 200, ""ko"": 0, ""os"": 0}, {""t"": 6, ""by"": ""us"", ""atk"": 937, ""card"": 648, ""dmg"": 190, ""ko"": 1, ""os"": 0}, {""t"": 7, ""by"": ""opp"", ""atk"": 479, ""card"": 345, ""dmg"": 120, ""ko"": 1, ""os"": 1}, {""t"": 8, ""by"": ""us"", ""atk"": 937, ""card"": 648, ""dmg"": 10, ""ko"": 0, ""os"": 0}, {""t"": 9, ""by"": ""opp"", ""atk"": 479, ""card"": 345, ""dmg"": 280, ""ko"": 0, ""os"": 0}, {""t"": 11, ""by"": ""opp"", ""atk"": 479, ""card"": 345, ""dmg"": 280, ""ko"": 1, ""os"": 1}, {""t"": 13, ""by"": ""opp"", ""atk"": 478, ""card"": 344, ""dmg"": 40, ""ko"": 0, ""os"": 0}, {""t"": 15, ""by"": ""opp"", ""atk"": 479, ""card"": 345, ""dmg"": 120, ""ko"": 1, ""os"": 1}, {""t"": 16, ""by"": ""us"", ""atk"": 937, ""card"": 648, ""dmg"": 180, ""ko"": 0, ""os"": 0}, {""t"": 18, ""by"": ""us"", ""atk"": 937, ""card"": 648, ""dmg"": 210, ""ko"": 1, ""os"": 0}]","{""0"": 60, ""1"": 1, ""2"": 1, ""3"": 3, ""4"": 3, ""5"": 1, ""7"": 14, ""8"": 2, ""13"": 17, ""15"": 3, ""16"": 17, ""21"": 2, ""22"": 1, ""27"": 1, ""30"": 3, ""37"": 1, ""40"": 15, ""43"": 1}",2026-08-11T11:25:52.323567900Z,91961928,2,4,4,,False,18,590.6102619999997,2,0,0,1097|647|646|860|1259|1227|1182,1,1,0,5,2,840,18,7,0,3,280,0,3,3,Kangaskhan / Crustle,1eda048ea3581634,942.4139,55380627,146,6,4,790,14,45,0,0,0,6,"[{""t"": 7, ""c"": 104, ""os"": true}, {""t"": 11, ""c"": 647, ""os"": true}, {""t"": 15, ""c"": 104, ""os"": true}]",4,210,1,0,1,971.8434,3,9,1,1,DONE|DONE,18,v19a,False,True
"[{""t"": 3, ""by"": ""us"", ""atk"": 937, ""card"": 648, ""dmg"": 390, ""ko"": 1, ""os"": 1}, {""t"": 5, ""by"": ""us"", ""atk"": 937, ""card"": 648, ""dmg"": 210, ""ko"": 1, ""os"": 1}, {""t"": 6, ""by"": ""opp"", ""atk"": 937, ""card"": 648, ""dmg"": 210, ""ko"": 0, ""os"": 0}, {""t"": 7, ""by"": ""us"", ""atk"": 937, ""card"": 648, ""dmg"": 210, ""ko"": 0, ""os"": 0}, {""t"": 8, ""by"": ""opp"", ""atk"": 937, ""card"": 648, ""dmg"": 210, ""ko"": 1, ""os"": 0}, {""t"": 9, ""by"": ""us"", ""atk"": 937, ""card"": 648, ""dmg"": 250, ""ko"": 1, ""os"": 0}, {""t"": 10, ""by"": ""opp"", ""atk"": 937, ""card"": 648, ""dmg"": 410, ""ko"": 1, ""os"": 0}, {""t"": 11, ""by"": ""us"", ""atk"": 937, ""card"": 648, ""dmg"": 240, ""ko"": 1, ""os"": 0}, {""t"": 12, ""by"": ""opp"", ""atk"": 937, ""card"": 648, ""dmg"": 230, ""ko"": 1, ""os"": 0}, {""t"": 13, ""by"": ""us"", ""atk"": 937, ""card"": 648, ""dmg"": 210, ""ko"": 1, ""os"": 0}]","{""0"": 46, ""1"": 1, ""2"": 1, ""3"": 2, ""4"": 2, ""5"": 1, ""7"": 17, ""13"": 6, ""15"": 6, ""16"": 6, ""21"": 5, ""22"": 2, ""30"": 3, ""37"": 1, ""40"": 6, ""41"": 1, ""43"": 3}",2026-08-12T01:15:47.209102800Z,92155896,3,3,3,0,True,13,594.5515519999999,3,0,0,1079|1152|112|860|1086|1227|860,0,0,1,4,3,1060,21,6,1,4,410,0,0,1,Grimmsnarl (mirror),9714ab5c3996f6cc,,55445763,109,6,5,1510,17,42,0,1,0,7,"[{""t"": 8, ""c"": 112, ""os"": false}, {""t"": 8, ""c"": 648, ""os"": false}, {""t"": 10, ""c"": 112, ""os"": false}, {""t"": 12, ""c"": 112, ""os"": false}]",5,390,1,2,1,,3,7,0,0,DONE|DONE,13,v19b,True,True
"[{""t"": 2, ""by"": ""opp"", ""atk"": 980, ""card"": 676, ""dmg"": 70, ""ko"": 1, ""os"": 1}, {""t"": 3, ""by"": ""us"", ""atk"": 937, ""card"": 648, ""dmg"": 210, ""ko"": 1, ""os"": 1}, {""t"": 4, ""by"": ""opp"", ""atk"": 981, ""card"": 677, ""dmg"": 30, ""ko"": 0, ""os"": 0}, {""t"": 5, ""by"": ""us"", ""atk"": 937, ""card"": 648, ""dmg"": 210, ""ko"": 2, ""os"": 1}, {""t"": 6, ""by"": ""opp"", ""atk"": 982, ""card"": 678, ""dmg"": 220, ""ko"": 0, ""os"": 0}, {""t"": 7, ""by"": ""us"", ""atk"": 937, ""card"": 648, ""dmg"": 210, ""ko"": 0, ""os"": 0}, {""t"": 8, ""by"": ""opp"", ""atk"": 982, ""card"": 678, ""dmg"": 130, ""ko"": 0, ""os"": 0}, {""t"": 9, ""by"": ""us"", ""atk"": 937, ""card"": 648, ""dmg"": 210, ""ko"": 1, ""os"": 0}]","{""0"": 30, ""1"": 1, ""2"": 1, ""3"": 1, ""4"": 1, ""5"": 1, ""7"": 8, ""13"": 4, ""15"": 4, ""16"": 4, ""21"": 6, ""22"": 2, ""30"": 2, ""37"": 1, ""40"": 4, ""41"": 1, ""43"": 2}",2026-08-12T01:19:11.701537400Z,92156000,3,3,3,0,True,9,596.2647260000001,2,0,1,648|646|1227|112|1097|1086|647,1,1,0,4,2,450,15,2,0,1,220,0,1,5,Mega Lucario,d05bff224d40b9c6,576.8621,53805430,73,4,6,840,23,31,0,0,0,7,"[{""t"": 2, ""c"": 646, ""os"": true}]",5,210,0,2,2,600.0,1,5,0,0,DONE|DONE,9,v19b,True,True
"[{""t"": 3, ""by"": ""us"", ""atk"": 937, ""card"": 648, ""dmg"": 210, ""ko"": 1, ""os"": 1}, {""t"": 4, ""by"": ""opp"", ""atk"": 1072, ""card"": 743, ""dmg"": 160, ""ko"": 1, ""os"": 1}, {""t"": 5, ""by"": ""us"", ""atk"": 937, ""card"": 648, ""dmg"": 390, ""ko"": 1, ""os"": 1}, {""t"": 6, ""by"": ""opp"", ""atk"": 1072, ""card"": 743, ""dmg"": 180, ""ko"": 0, ""os"": 0}, {""t"": 7, ""by"": ""us"", ""atk"": 936, ""card"": 647, ""dmg"": 150, ""ko"": 0, ""os"": 0}, {""t"": 8, ""by"": ""opp"", ""atk"": 1072, ""card"": 743, ""dmg"": 270, ""ko"": 1, ""os"": 1}, {""t"": 9, ""by"": ""us"", ""atk"": 937, ""card"": 648, ""dmg"": 410, ""ko"": 2, ""os"": 0}, {""t"": 10, ""by"": ""opp"", ""atk"": 1072, ""card"": 743, ""dmg"": 190, ""ko"": 0, ""os"": 0}, {""t"": 11, ""by"": ""us"", ""atk"": 937, ""card"": 648, ""dmg"": 390, ""ko"": 1, ""os"": 0}]","{""0"": 32, ""1"": 1, ""2"": 1, ""3"": 1, ""4"": 2, ""5"": 2, ""7"": 12, ""13"": 1, ""15"": 4, ""16"": 1, ""21"": 6, ""22"": 2, ""30"": 2, ""37"": 1, ""40"": 1, ""43"": 2}",2026-08-12T01:23:10.808588300Z,92156920,3,3,3,,False,11,594.2485779999998,2,3,0,7|7|646|1086|112|1259|7,1,0,0,4,1,800,18,4,0,2,270,0,2,4,Alakazam,7fa65817cc79c36c,733.4219,55297140,71,5,6,1550,22,31,0,0,0,5,"[{""t"": 4, ""c"": 112, ""os"": true}, {""t"": 8, ""c"": 647, ""os"": true}]",5,410,1,2,1,702.0526,2,6,0,1,DONE|DONE,11,v19b,True,True
"[{""t"": 3, ""by"": ""opp"", ""atk"": 937, ""card"": 648, ""dmg"": 220, ""ko"": 1, ""os"": 1}, {""t"": 5, ""by"": ""opp"", ""atk"": 937, ""card"": 648, ""dmg"": 240, ""ko"": 2, ""os"": 1}, {""t"": 6, ""by"": ""us"", ""atk"": 937, ""card"": 648, ""dmg"": 250, ""ko"": 0, ""os"": 0}, {""t"": 7, ""by"": ""opp"", ""atk"": 937, ""card"": 648, ""dmg"": 240, ""ko"": 0, ""os"": 0}, {""t"": 8, ""by"": ""us"", ""atk"": 937, ""card"": 648, ""dmg"": 240, ""ko"": 1, ""os"": 0}, {""t"": 9, ""by"": ""opp"", ""atk"": 937, ""card"": 648, ""dmg"": 240, ""ko"": 1, ""os"": 0}, {""t"": 10, ""by"": ""us"", ""atk"": 937, ""card"": 648, ""dmg"": 230, ""ko"": 1, ""os"": 0}, {""t"": 11, ""by"": ""opp"", ""atk"": 937, ""card"": 648, ""dmg"": 210, ""ko"": 1, ""os"": 0}]","{""0"": 42, ""1"": 1, ""2"": 1, ""3"": 1, ""4"": 2, ""5"": 3, ""7"": 13, ""13"": 5, ""15"": 3, ""16"": 5, ""21"": 5, ""22"": 2, ""30"": 2, ""38"": 1, ""40"": 5, ""43"": 2}",2026-08-12T01:27:10.669439500Z,92157853,6,6,6,,False,11,592.976689,1,1,0,646|1219|1137|1097|1086|7|1182,1,0,0,5,4,1150,26,3,1,6,240,1,2,1,Grimmsnarl (mirror),9714ab5c3996f6cc,843.8564,55330514,93,3,4,720,16,40,0,1,0,6,"[{""t"": 3, ""c"": 646, ""os"": true}, {""t"": 5, ""c"": 646, ""os"": true}, {""t"": 5, ""c"": 112, ""os"": false}, {""t"": 7, ""c"": 112, ""os"": false}, {""t"": 9, ""c"": 112, ""os"": false}, {""t"": 11, ""c"": 648, ""os"": false}]",3,250,0,0,2,943.1907,5,5,0,1,DONE|DONE,11,v19b,False,False
"[{""t"": 4, ""by"": ""us"", ""atk"": 934, ""card"": 646, ""dmg"": 0, ""ko"": 0, ""os"": 0}, {""t"": 7, ""by"": ""opp"", ""atk"": 1072, ""card"": 743, ""dmg"": 280, ""ko"": 1, ""os"": 1}, {""t"": 8, ""by"": ""us"", ""atk"": 937, ""card"": 648, ""dmg"": 360, ""ko"": 1, ""os"": 0}, {""t"": 9, ""by"": ""opp"", ""atk"": 1072, ""card"": 743, ""dmg"": 80, ""ko"": 0, ""os"": 0}, {""t"": 10, ""by"": ""us"", ""atk"": 937, ""card"": 648, ""dmg"": 360, ""ko"": 1, ""os"": 1}, {""t"": 11, ""by"": ""opp"", ""atk"": 1072, ""card"": 743, ""dmg"": 180, ""ko"": 0, ""os"": 0}, {""t"": 12, ""by"": ""us"", ""atk"": 937, ""card"": 648, ""dmg"": 390, ""ko"": 1, ""os"": 0}]","{""0"": 37, ""1"": 1, ""3"": 1, ""4"": 1, ""5"": 1, ""7"": 12, ""13"": 8, ""15"": 3, ""16"": 8, ""21"": 3, ""22"": 1, ""40"": 6, ""43"": 1}",2026-08-12T01:31:11.019590300Z,92158793,4,8,8,,False,12,593.4566279999997,1,2,0,1122|1259|104|112|7|1219|7,0,0,0,3,3,540,20,7,0,1,280,0,1,5,Alakazam,a665414222aea434,813.8967,55402134,83,4,6,1110,22,27,0,0,0,10,"[{""t"": 7, ""c"": 104, ""os"": true}]",6,390,0,1,1,807.0842,1,6,1,1,DONE|DONE,12,v19b,False,True
"[{""t"": 3, ""by"": ""us"", ""atk"": 934, ""card"": 646, ""dmg"": 20, ""ko"": 0, ""os"": 0}, {""t"": 5, ""by"": ""us"", ""atk"": 937, ""card"": 648, ""dmg"": 410, ""ko"": 1, ""os"": 0}, {""t"": 6, ""by"": ""opp"", ""atk"": 937, ""card"": 648, ""dmg"": 230, ""ko"": 0, ""os"": 0}, {""t"": 7, ""by"": ""us"", ""atk"": 937, ""card"": 648, ""dmg"": 270, ""ko"": 1, ""os"": 0}, {""t"": 8, ""by"": ""opp"", ""atk"": 937, ""card"": 648, ""dmg"": 250, ""ko"": 1, ""os"": 0}, {""t"": 9, ""by"": ""us"", ""atk"": 937, ""card"": 648, ""dmg"": 230, ""ko"": 2, ""os"": 0}, {""t"": 10, ""by"": ""opp"", ""atk"": 937, ""card"": 648, ""dmg"": 270, ""ko"": 1, ""os"": 0}, {""t"": 11, ""by"": ""us"", ""atk"": 937, ""card"": 648, ""dmg"": 210, ""ko"": 1, ""os"": 0}]","{""0"": 46, ""1"": 1, ""3"": 2, ""4"": 2, ""5"": 1, ""7"": 17, ""13"": 3, ""15"": 4, ""16"": 3, ""21"": 8, ""22"": 3, ""30"": 2, ""34"": 4, ""37"": 1, ""38"": 1, ""40"": 3, ""41"": 1, ""43"": 3}",2026-08-12T01:35:10.839615500Z,92159731,3,5,5,0,True,11,592.5984970000001,1,2,0,1182|647|104|7|860|1259|7,0,1,0,3,3,750,22,6,1,2,270,1,0,1,Grimmsnarl (mirror),9714ab5c3996f6cc,783.4086,55425523,105,5,6,1140,16,36,0,1,0,6,"[{""t"": 8, ""c"": 648, ""os"": false}, {""t"": 10, ""c"": 112, ""os"": false}]",5,410,0,0,1,892.9738,1,6,0,0,DONE|DONE,11,v19b,True,True
"[{""t"": 4, ""by"": ""us"", ""atk"": 937, ""card"": 648, ""dmg"": 180, ""ko"": 0, ""os"": 0}, {""t"": 5, ""by"": ""opp"", ""atk"": 120, ""card"": 96, ""dmg"": 360, ""ko"": 1, ""os"": 1}, {""t"": 6, ""by"": ""us"", ""atk"": 937, ""card"": 648, ""dmg"": 210, ""ko"": 0, ""os"": 0}, {""t"": 7, ""by"": ""opp"", ""atk"": 120, ""card"": 96, ""dmg"": 420, ""ko"": 1, ""os"": 1}, {""t"": 8, ""by"": ""us"", ""atk"": 937, ""card"": 648, ""dmg"": 210, ""ko"": 1, ""os"": 0}, {""t"": 9, ""by"": ""opp"", ""atk"": 1092, ""card"": 756, ""dmg"": 200, ""ko"": 1, ""os"": 1}, {""t"": 10, ""by"": ""us"", ""atk"": 937, ""card"": 648, ""dmg"": 210, ""ko"": 1, ""os"": 0}, {""t"": 12, ""by"": ""us"", ""atk"": 937, ""card"": 648, ""dmg"": 180, ""ko"": 1, ""os"": 0}]","{""0"": 38, ""1"": 1, ""2"": 1, ""3"": 1, ""4"": 3, ""5"": 2, ""7"": 15, ""8"": 1, ""15"": 5, ""21"": 7, ""22"": 2, ""37"": 2, ""43"": 4}",2026-08-12T01:39:10.597467900Z,92160685,4,4,4,,False,12,593.5495790000001,2,1,1,1219|7|1227|646|648|112|1097,1,0,0,3,8,980,22,5,0,3,420,0,3,1,Kangaskhan / Crustle,62088a8950aeae46,881.2706,55269067,82,5,4,990,9,34,0,2,2,3,"[{""t"": 5, ""c"": 648, ""os"": true}, {""t"": 7, ""c"": 648, ""os"": true}, {""t"": 9, ""c"": 112, ""os"": true}]",3,210,0,0,1,862.0408,1,6,0,1,DONE|DONE,12,v19b,False,True
"[{""t"": 3, ""by"": ""opp"", ""atk"": 937, ""card"": 648, ""dmg"": 210, ""ko"": 1, ""os"": 1}, {""t"": 5, ""by"": ""opp"", ""atk"": 937, ""card"": 648, ""dmg"": 230, ""ko"": 1, ""os"": 1}, {""t"": 6, ""by"": ""us"", ""atk"": 937, ""card"": 648, ""dmg"": 240, ""ko"": 1, ""os"": 0}, {""t"": 7, ""by"": ""opp"", ""atk"": 937, ""card"": 648, ""dmg"": 240, ""ko"": 0, ""os"": 0}, {""t"": 8, ""by"": ""us"", ""atk"": 937, ""card"": 648, ""dmg"": 290, ""ko"": 1, ""os"": 0}, {""t"": 9, ""by"": ""opp"", ""atk"": 937, ""card"": 648, ""dmg"": 270, ""ko"": 1, ""os"": 0}, {""t"": 10, ""by"": ""us"", ""atk"": 937, ""card"": 648, ""dmg"": 270, ""ko"": 1, ""os"": 0}, {""t"": 11, ""by"": ""opp"", ""atk"": 937, ""card"": 648, ""dmg"": 210, ""ko"": 2, ""os"": 0}]","{""0"": 42, ""1"": 1, ""2"": 1, ""3"": 1, ""4"": 2, ""5"": 2, ""7"": 16, ""13"": 7, ""15"": 3, ""16"": 7, ""21"": 5, ""22"": 2, ""30"": 2, ""34"": 1, ""40"": 7, ""43"": 2}",2026-08-12T01:43:12.357668500Z,92161623,6,6,6,,False,11,592.8198329999999,3,0,1,1097|1227|112|1219|648|112|860,0,0,0,5,4,1160,18,3,1,5,270,0,2,1,Grimmsnarl (mirror),9714ab5c3996f6cc,918.3549,55429427,101,3,4,800,20,33,0,2,0,7,"[{""t"": 3, ""c"": 860, ""os"": true}, {""t"": 5, ""c"": 646, ""os"": true}, {""t"": 9, ""c"": 112, ""os"": false}, {""t"": 11, ""c"": 648, ""os"": false}, {""t"": 11, ""c"": 648, ""os"": false}]",4,290,0,0,1,964.6861,3,5,0,1,DONE|DONE,11,v19b,False,False
"[{""t"": 3, ""by"": ""us"", ""atk"": 937, ""card"": 648, ""dmg"": 210, ""ko"": 1, ""os"": 1}, {""t"": 5, ""by"": ""us"", ""atk"": 937, ""card"": 648, ""dmg"": 230, ""ko"": 1, ""os"": 1}, {""t"": 6, ""by"": ""opp"", ""atk"": 937, ""card"": 648, ""dmg"": 240, ""ko"": 1, ""os"": 0}, {""t"": 7, ""by"": ""us"", ""atk"": 937, ""card"": 648, ""dmg"": 240, ""ko"": 0, ""os"": 0}, {""t"": 8, ""by"": ""opp"", ""atk"": 937, ""card"": 648, ""dmg"": 240, ""ko"": 1, ""os"": 0}, {""t"": 9, ""by"": ""us"", ""atk"": 937, ""card"": 648, ""dmg"": 240, ""ko"": 1, ""os"": 0}, {""t"": 10, ""by"": ""opp"", ""atk"": 937, ""card"": 648, ""dmg"": 250, ""ko"": 0, ""os"": 0}, {""t"": 11, ""by"": ""us"", ""atk"": 937, ""card"": 648, ""dmg"": 210, ""ko"": 2, ""os"": 0}]","{""0"": 39, ""1"": 1, ""2"": 1, ""3"": 2, ""5"": 2, ""7"": 17, ""13"": 5, ""15"": 5, ""16"": 5, ""21"": 7, ""22"": 3, ""30"": 4, ""37"": 1, ""40"": 5, ""41"": 1, ""43"": 3}",2026-08-12T01:43:12.394926400Z,92161640,3,3,3,0,True,11,592.6419640000005,2,1,0,1152|112|7|646|1152|1079|1122,1,0,1,3,3,730,20,6,1,2,250,0,0,4,Grimmsnarl (mirror),9714ab5c3996f6cc,980.7805,55445470,101,5,6,1130,20,33,0,0,0,7,"[{""t"": 6, ""c"": 112, ""os"": false}, {""t"": 8, ""c"": 112, ""os"": false}]",5,240,1,2,1,915.456,2,6,0,0,DONE|DONE,11,v19b,True,True
"[{""t"": 3, ""by"": ""opp"", ""atk"": 1072, ""card"": 743, ""dmg"": 280, ""ko"": 1, ""os"": 1}, {""t"": 5, ""by"": ""opp"", ""atk"": 1072, ""card"": 743, ""dmg"": 40, ""ko"": 0, ""os"": 0}, {""t"": 6, ""by"": ""us"", ""atk"": 937, ""card"": 648, ""dmg"": 390, ""ko"": 1, ""os"": 1}, {""t"": 8, ""by"": ""us"", ""atk"": 937, ""card"": 648, ""dmg"": 210, ""ko"": 1, ""os"": 0}, {""t"": 10, ""by"": ""us"", ""atk"": 937, ""card"": 648, ""dmg"": 210, ""ko"": 1, ""os"": 0}, {""t"": 11, ""by"": ""opp"", ""atk"": 1072, ""card"": 743, ""dmg"": 160, ""ko"": 0, ""os"": 0}]","{""0"": 29, ""1"": 1, ""3"": 1, ""4"": 1, ""5"": 2, ""7"": 9, ""8"": 1, ""13"": 5, ""15"": 3, ""16"": 5, ""21"": 4, ""22"": 1, ""37"": 1, ""38"": 1, ""40"": 4, ""43"": 1}",2026-08-12T01:47:12.641302900Z,92162573,6,6,6,,False,12,594.6483210000002,1,1,0,1227|1086|7|860|104|1152|1219,0,0,0,3,4,480,21,3,0,1,280,1,1,5,Alakazam,cc38cb450b86770a,631.9822,55419247,69,3,6,810,19,35,0,0,0,8,"[{""t"": 3, ""c"": 860, ""os"": true}]",5,390,0,1,1,921.2359,1,6,0,1,DONE|DONE,12,v19b,False,True
"[{""t"": 3, ""by"": ""opp"", ""atk"": 323, ""card"": 235, ""dmg"": 10, ""ko"": 0, ""os"": 0}, {""t"": 5, ""by"": ""opp"", ""atk"": 323, ""card"": 235, ""dmg"": 10, ""ko"": 0, ""os"": 0}, {""t"": 7, ""by"": ""opp"", ""atk"": 323, ""card"": 235, ""dmg"": 10, ""ko"": 0, ""os"": 0}, {""t"": 8, ""by"": ""us"", ""atk"": 937, ""card"": 648, ""dmg"": 210, ""ko"": 0, ""os"": 0}, {""t"": 9, ""by"": ""opp"", ""atk"": 154, ""card"": 121, ""dmg"": 260, ""ko"": 0, ""os"": 0}, {""t"": 10, ""by"": ""us"", ""atk"": 937, ""card"": 648, ""dmg"": 210, ""ko"": 0, ""os"": 0}, {""t"": 11, ""by"": ""opp"", ""atk"": 154, ""card"": 121, ""dmg"": 260, ""ko"": 2, ""os"": 0}, {""t"": 12, ""by"": ""us"", ""atk"": 937, ""card"": 648, ""dmg"": 210, ""ko"": 1, ""os"": 0}, {""t"": 13, ""by"": ""opp"", ""atk"": 154, ""card"": 121, ""dmg"": 260, ""ko"": 2, ""os"": 1}, {""t"": 14, ""by"": ""us"", ""atk"": 937, ""card"": 648, ""dmg"": 210, ""ko"": 0, ""os"": 0}, {""t"": 15, ""by"": ""opp"", ""atk"": 154, ""card"": 121, ""dmg"": 260, ""ko"": 1, ""os"": 0}]","{""0"": 38, ""1"": 1, ""2"": 1, ""3"": 2, ""4"": 2, ""5"": 2, ""7"": 11, ""13"": 5, ""15"": 4, ""16"": 5, ""21"": 6, ""22"": 2, ""30"": 1, ""38"": 1, ""40"": 2, ""43"": 2}",2026-08-12T01:51:16.393332400Z,92163508,8,6,8,,False,15,594.4285950000001,2,1,0,1086|112|647|1227|7|1227|112,0,1,0,7,5,1070,6,3,0,5,260,1,1,1,Dragapult,202ee2cec6cbe8b4,967.3149,55437453,85,4,2,840,23,25,0,1,0,7,"[{""t"": 11, ""c"": 648, ""os"": false}, {""t"": 11, ""c"": 112, ""os"": false}, {""t"": 13, ""c"": 112, ""os"": true}, {""t"": 13, ""c"": 647, ""os"": false}, {""t"": 15, ""c"": 112, ""os"": false}]",3,210,0,0,1,930.0725,4,7,0,1,DONE|DONE,15,v19b,False,False
"[{""t"": 3, ""by"": ""opp"", ""atk"": 1071, ""card"": 742, ""dmg"": 30, ""ko"": 0, ""os"": 0}, {""t"": 4, ""by"": ""us"", ""atk"": 937, ""card"": 648, ""dmg"": 400, ""ko"": 1, ""os"": 1}, {""t"": 5, ""by"": ""opp"", ""atk"": 1072, ""card"": 743, ""dmg"": 400, ""ko"": 1, ""os"": 0}, {""t"": 7, ""by"": ""opp"", ""atk"": 1072, ""card"": 743, ""dmg"": 400, ""ko"": 1, ""os"": 1}, {""t"": 8, ""by"": ""us"", ""atk"": 937, ""card"": 648, ""dmg"": 400, ""ko"": 1, ""os"": 0}, {""t"": 9, ""by"": ""opp"", ""atk"": 1070, ""card"": 741, ""dmg"": 40, ""ko"": 0, ""os"": 0}, {""t"": 10, ""by"": ""us"", ""atk"": 937, ""card"": 648, ""dmg"": 210, ""ko"": 2, ""os"": 1}]","{""0"": 30, ""1"": 1, ""2"": 1, ""3"": 2, ""4"": 2, ""5"": 1, ""7"": 12, ""13"": 7, ""15"": 3, ""16"": 7, ""21"": 6, ""22"": 2, ""30"": 2, ""37"": 1, ""38"": 1, ""40"": 7, ""43"": 2}",2026-08-12T01:55:11.149889800Z,92164447,4,4,4,,False,10,594.3647160000003,4,1,0,646|7|112|112|860|1231|1219,1,0,0,4,3,870,12,3,0,2,400,1,1,3,Alakazam,cc38cb450b86770a,973.0727,55441727,87,3,5,1010,28,13,0,1,0,3,"[{""t"": 5, ""c"": 648, ""os"": false}, {""t"": 7, ""c"": 104, ""os"": true}]",6,400,0,2,1,902.5305,1,5,0,1,DONE|DONE,10,v19b,False,True
"[{""t"": 4, ""by"": ""opp"", ""atk"": 213, ""card"": 163, ""dmg"": 0, ""ko"": 0, ""os"": 0}, {""t"": 4, ""by"": ""opp"", ""atk"": 188, ""card"": 163, ""dmg"": 330, ""ko"": 3, ""os"": 3}]","{""0"": 10, ""1"": 1, ""7"": 2, ""9"": 1, ""41"": 1}",2026-08-12T01:59:10.677996400Z,92165376,,,,0,True,4,598.0759439999998,1,2,0,7|1182|1259|1219|1182|7|112,0,0,0,2,5,330,35,4,0,3,330,0,3,4,other: Conkeldurr,48047de8a9cc5ca2,643.7431,55094883,15,0,0,0,44,9,0,0,0,3,"[{""t"": 4, ""c"": 112, ""os"": true}, {""t"": 4, ""c"": 646, ""os"": true}, {""t"": 4, ""c"": 860, ""os"": true}]",0,0,0,0,6,938.1391,3,2,0,0,DONE|DONE,4,v19b,True,False
"[{""t"": 3, ""by"": ""us"", ""atk"": 934, ""card"": 646, ""dmg"": 20, ""ko"": 0, ""os"": 0}, {""t"": 9, ""by"": ""us"", ""atk"": 937, ""card"": 648, ""dmg"": 260, ""ko"": 1, ""os"": 1}, {""t"": 10, ""by"": ""opp"", ""atk"": 937, ""card"": 648, ""dmg"": 230, ""ko"": 1, ""os"": 0}, {""t"": 11, ""by"": ""us"", ""atk"": 937, ""card"": 648, ""dmg"": 250, ""ko"": 1, ""os"": 0}, {""t"": 12, ""by"": ""opp"", ""atk"": 937, ""card"": 648, ""dmg"": 210, ""ko"": 1, ""os"": 0}]","{""0"": 40, ""1"": 1, ""2"": 1, ""3"": 1, ""4"": 1, ""7"": 15, ""13"": 2, ""15"": 2, ""16"": 2, ""21"": 5, ""22"": 2, ""30"": 2, ""34"": 3, ""40"": 2, ""41"": 1, ""43"": 2}",2026-08-12T02:03:11.382720200Z,92166326,3,9,9,0,True,12,592.9484060000001,3,1,0,1219|860|7|646|1122|860|104,1,0,0,2,6,440,17,10,0,5,230,0,0,2,Grimmsnarl (mirror),9714ab5c3996f6cc,843.6602,55421757,82,3,4,530,16,35,0,1,0,8,"[{""t"": 6, ""c"": 112, ""os"": false}, {""t"": 8, ""c"": 112, ""os"": false}, {""t"": 10, ""c"": 112, ""os"": false}, {""t"": 10, ""c"": 112, ""os"": false}, {""t"": 12, ""c"": 648, ""os"": false}]",2,260,0,1,4,881.8479,4,6,0,0,DONE|DONE,12,v19b,True,False
"[{""t"": 2, ""by"": ""opp"", ""atk"": 980, ""card"": 676, ""dmg"": 100, ""ko"": 1, ""os"": 1}, {""t"": 3, ""by"": ""us"", ""atk"": 937, ""card"": 648, ""dmg"": 210, ""ko"": 1, ""os"": 1}, {""t"": 4, ""by"": ""opp"", ""atk"": 981, ""card"": 677, ""dmg"": 30, ""ko"": 0, ""os"": 0}, {""t"": 5, ""by"": ""us"", ""atk"": 937, ""card"": 648, ""dmg"": 210, ""ko"": 2, ""os"": 1}, {""t"": 6, ""by"": ""opp"", ""atk"": 980, ""card"": 676, ""dmg"": 70, ""ko"": 1, ""os"": 1}, {""t"": 7, ""by"": ""us"", ""atk"": 937, ""card"": 648, ""dmg"": 210, ""ko"": 1, ""os"": 1}, {""t"": 8, ""by"": ""opp"", ""atk"": 980, ""card"": 676, ""dmg"": 100, ""ko"": 0, ""os"": 0}, {""t"": 9, ""by"": ""us"", ""atk"": 937, ""card"": 648, ""dmg"": 210, ""ko"": 1, ""os"": 1}]","{""0"": 31, ""1"": 1, ""3"": 1, ""4"": 2, ""5"": 1, ""7"": 13, ""13"": 4, ""15"": 4, ""16"": 4, ""21"": 2, ""22"": 1, ""37"": 1, ""40"": 4, ""41"": 1, ""43"": 1}",2026-08-12T02:07:11.050369900Z,92167281,3,3,3,0,True,9,595.6850129999997,1,1,0,1079|646|1219|1219|104|7|1259,1,0,1,4,1,300,16,2,0,2,100,0,2,4,Mega Lucario,c3c16f0e65487ad6,838.51,55446192,71,4,5,840,30,17,0,0,0,6,"[{""t"": 2, ""c"": 646, ""os"": true}, {""t"": 6, ""c"": 646, ""os"": true}]",6,210,0,4,1,855.8376,2,5,0,0,DONE|DONE,9,v19b,True,True
"[{""t"": 5, ""by"": ""opp"", ""atk"": 937, ""card"": 648, ""dmg"": 210, ""ko"": 1, ""os"": 1}, {""t"": 6, ""by"": ""us"", ""atk"": 937, ""card"": 648, ""dmg"": 210, ""ko"": 0, ""os"": 0}, {""t"": 7, ""by"": ""opp"", ""atk"": 937, ""card"": 648, ""dmg"": 240, ""ko"": 0, ""os"": 0}, {""t"": 8, ""by"": ""us"", ""atk"": 937, ""card"": 648, ""dmg"": 410, ""ko"": 2, ""os"": 0}, {""t"": 9, ""by"": ""opp"", ""atk"": 937, ""card"": 648, ""dmg"": 250, ""ko"": 0, ""os"": 0}, {""t"": 10, ""by"": ""us"", ""atk"": 937, ""card"": 648, ""dmg"": 290, ""ko"": 1, ""os"": 0}, {""t"": 11, ""by"": ""opp"", ""atk"": 937, ""card"": 648, ""dmg"": 270, ""ko"": 1, ""os"": 0}, {""t"": 12, ""by"": ""us"", ""atk"": 936, ""card"": 647, ""dmg"": 140, ""ko"": 1, ""os"": 0}]","{""0"": 49, ""1"": 1, ""3"": 2, ""4"": 2, ""5"": 2, ""7"": 17, ""13"": 8, ""15"": 3, ""16"": 8, ""21"": 6, ""22"": 2, ""30"": 2, ""34"": 1, ""37"": 1, ""40"": 8, ""43"": 2}",2026-08-12T02:11:10.730778300Z,92168214,6,6,6,,False,12,591.6992450000001,1,0,1,646|1086|1086|1259|648|1080|1097,1,0,0,4,5,970,24,5,1,2,270,0,1,3,Grimmsnarl (mirror),9714ab5c3996f6cc,815.1667,55427169,114,4,6,1050,16,39,0,1,0,6,"[{""t"": 5, ""c"": 646, ""os"": true}, {""t"": 11, ""c"": 648, ""os"": false}]",5,410,1,0,2,874.0795,1,6,0,1,DONE|DONE,12,v19b,False,True
"[{""t"": 2, ""by"": ""opp"", ""atk"": 965, ""card"": 666, ""dmg"": 50, ""ko"": 0, ""os"": 0}, {""t"": 4, ""by"": ""opp"", ""atk"": 253, ""card"": 190, ""dmg"": 440, ""ko"": 1, ""os"": 1}, {""t"": 5, ""by"": ""us"", ""atk"": 937, ""card"": 648, ""dmg"": 210, ""ko"": 0, ""os"": 0}, {""t"": 6, ""by"": ""opp"", ""atk"": 224, ""card"": 190, ""dmg"": 230, ""ko"": 0, ""os"": 0}, {""t"": 7, ""by"": ""us"", ""atk"": 937, ""card"": 648, ""dmg"": 210, ""ko"": 0, ""os"": 0}, {""t"": 8, ""by"": ""opp"", ""atk"": 224, ""card"": 190, ""dmg"": 470, ""ko"": 1, ""os"": 1}, {""t"": 9, ""by"": ""us"", ""atk"": 937, ""card"": 648, ""dmg"": 210, ""ko"": 2, ""os"": 1}, {""t"": 10, ""by"": ""opp"", ""atk"": 223, ""card"": 169, ""dmg"": 30, ""ko"": 0, ""os"": 0}, {""t"": 11, ""by"": ""us"", ""atk"": 937, ""card"": 648, ""dmg"": 210, ""ko"": 1, ""os"": 1}, {""t"": 12, ""by"": ""opp"", ""atk"": 223, ""card"": 169, ""dmg"": 30, ""ko"": 0, ""os"": 0}, {""t"": 13, ""by"": ""us"", ""atk"": 937, ""card"": 648, ""dmg"": 180, ""ko"": 1, ""os"": 0}]","{""0"": 35, ""1"": 1, ""2"": 1, ""3"": 1, ""4"": 2, ""5"": 1, ""7"": 10, ""13"": 6, ""15"": 4, ""16"": 6, ""21"": 5, ""22"": 2, ""30"": 2, ""37"": 1, ""38"": 1, ""40"": 6, ""41"": 1, ""43"": 3}",2026-08-12T02:15:10.896107200Z,92169135,5,5,5,0,True,13,593.82408,2,2,0,860|7|112|1079|7|1086|647,0,1,1,6,0,1250,27,2,0,2,470,1,2,3,Archaludon,ebd4dbb270dce6a2,851.1147,54999778,88,5,6,1020,23,28,0,1,1,9,"[{""t"": 4, ""c"": 860, ""os"": true}, {""t"": 8, ""c"": 648, ""os"": true}]",5,210,0,2,1,890.0534,1,7,0,0,DONE|DONE,13,v19b,True,True
"[{""t"": 3, ""by"": ""opp"", ""atk"": 1072, ""card"": 743, ""dmg"": 180, ""ko"": 1, ""os"": 1}, {""t"": 4, ""by"": ""us"", ""atk"": 937, ""card"": 648, ""dmg"": 390, ""ko"": 1, ""os"": 1}, {""t"": 5, ""by"": ""opp"", ""atk"": 1072, ""card"": 743, ""dmg"": 360, ""ko"": 1, ""os"": 1}, {""t"": 7, ""by"": ""opp"", ""atk"": 1072, ""card"": 743, ""dmg"": 60, ""ko"": 0, ""os"": 0}, {""t"": 9, ""by"": ""opp"", ""atk"": 1072, ""card"": 743, ""dmg"": 240, ""ko"": 1, ""os"": 0}, {""t"": 10, ""by"": ""us"", ""atk"": 937, ""card"": 648, ""dmg"": 400, ""ko"": 1, ""os"": 0}, {""t"": 12, ""by"": ""us"", ""atk"": 937, ""card"": 648, ""dmg"": 180, ""ko"": 1, ""os"": 0}]","{""0"": 36, ""1"": 1, ""2"": 1, ""3"": 3, ""4"": 3, ""5"": 1, ""7"": 12, ""13"": 4, ""15"": 3, ""16"": 4, ""21"": 6, ""22"": 2, ""30"": 1, ""37"": 1, ""40"": 4, ""43"": 2}",2026-08-12T02:19:10.998838100Z,92170076,4,4,4,,False,12,595.610299,3,0,0,1097|1079|647|112|860|112|1259,0,1,1,4,5,840,8,3,0,3,360,0,2,2,Alakazam,cc38cb450b86770a,873.651,55425356,84,3,6,970,22,18,0,1,1,3,"[{""t"": 3, ""c"": 860, ""os"": true}, {""t"": 5, ""c"": 648, ""os"": true}, {""t"": 9, ""c"": 104, ""os"": false}]",3,400,0,1,2,906.292,2,6,0,1,DONE|DONE,12,v19b,False,True
"[{""t"": 5, ""by"": ""us"", ""atk"": 937, ""card"": 648, ""dmg"": 210, ""ko"": 0, ""os"": 0}, {""t"": 6, ""by"": ""opp"", ""atk"": 1305, ""card"": 293, ""dmg"": 70, ""ko"": 1, ""os"": 0}, {""t"": 7, ""by"": ""us"", ""atk"": 937, ""card"": 648, ""dmg"": 210, ""ko"": 0, ""os"": 0}, {""t"": 8, ""by"": ""opp"", ""atk"": 1306, ""card"": 293, ""dmg"": 250, ""ko"": 1, ""os"": 0}, {""t"": 10, ""by"": ""opp"", ""atk"": 1305, ""card"": 293, ""dmg"": 70, ""ko"": 1, ""os"": 0}, {""t"": 12, ""by"": ""opp"", ""atk"": 1306, ""card"": 293, ""dmg"": 250, ""ko"": 1, ""os"": 0}, {""t"": 14, ""by"": ""opp"", ""atk"": 1306, ""card"": 293, ""dmg"": 500, ""ko"": 1, ""os"": 1}]","{""0"": 54, ""1"": 1, ""3"": 4, ""4"": 4, ""5"": 2, ""7"": 15, ""13"": 4, ""15"": 2, ""16"": 4, ""21"": 3, ""22"": 1, ""30"": 3, ""41"": 1, ""43"": 1}",2026-08-12T02:23:10.747919500Z,92171031,5,5,5,0,True,14,594.2032979999998,1,1,0,1231|7|1219|1259|112|647|1097,0,1,0,5,6,1140,11,6,0,5,500,0,1,1,other: N’s Zoroark ex,11276baf19535b35,962.928,55359945,99,2,4,420,14,34,0,1,0,1,"[{""t"": 6, ""c"": 647, ""os"": false}, {""t"": 8, ""c"": 648, ""os"": false}, {""t"": 10, ""c"": 104, ""os"": false}, {""t"": 12, ""c"": 646, ""os"": false}, {""t"": 14, ""c"": 112, ""os"": true}]",0,210,1,0,6,921.8889,4,7,0,0,DONE|DONE,14,v19b,True,False
"[{""t"": 5, ""by"": ""opp"", ""atk"": 1072, ""card"": 743, ""dmg"": 200, ""ko"": 1, ""os"": 1}, {""t"": 6, ""by"": ""us"", ""atk"": 937, ""card"": 648, ""dmg"": 390, ""ko"": 1, ""os"": 1}, {""t"": 7, ""by"": ""opp"", ""atk"": 1072, ""card"": 743, ""dmg"": 340, ""ko"": 1, ""os"": 1}, {""t"": 8, ""by"": ""us"", ""atk"": 934, ""card"": 646, ""dmg"": 0, ""ko"": 0, ""os"": 0}, {""t"": 9, ""by"": ""opp"", ""atk"": 1072, ""card"": 743, ""dmg"": 340, ""ko"": 1, ""os"": 1}, {""t"": 10, ""by"": ""us"", ""atk"": 937, ""card"": 648, ""dmg"": 180, ""ko"": 1, ""os"": 0}, {""t"": 11, ""by"": ""opp"", ""atk"": 1072, ""card"": 743, ""dmg"": 160, ""ko"": 0, ""os"": 0}, {""t"": 12, ""by"": ""us"", ""atk"": 937, ""card"": 648, ""dmg"": 410, ""ko"": 1, ""os"": 1}, {""t"": 13, ""by"": ""opp"", ""atk"": 1072, ""card"": 743, ""dmg"": 260, ""ko"": 1, ""os"": 1}, {""t"": 14, ""by"": ""us"", ""atk"": 937, ""card"": 648, ""dmg"": 390, ""ko"": 1, ""os"": 0}]","{""0"": 46, ""1"": 1, ""3"": 1, ""4"": 4, ""5"": 1, ""7"": 15, ""8"": 2, ""13"": 3, ""15"": 4, ""16"": 3, ""21"": 6, ""22"": 2, ""38"": 1, ""40"": 3, ""43"": 2}",2026-08-12T02:27:17.813963100Z,92171967,6,6,6,,False,14,593.205107,1,1,0,1097|1219|1259|112|7|1097|104,0,0,0,5,5,1300,12,5,0,4,340,1,4,1,Alakazam,cc38cb450b86770a,929.0504,55433908,94,5,5,1370,10,35,0,1,1,8,"[{""t"": 5, ""c"": 112, ""os"": true}, {""t"": 7, ""c"": 648, ""os"": true}, {""t"": 9, ""c"": 646, ""os"": true}, {""t"": 13, ""c"": 104, ""os"": true}]",5,410,0,2,1,895.5972,3,7,1,1,DONE|DONE,14,v19b,False,True
"[{""t"": 3, ""by"": ""opp"", ""atk"": 120, ""card"": 96, ""dmg"": 180, ""ko"": 1, ""os"": 1}, {""t"": 4, ""by"": ""us"", ""atk"": 934, ""card"": 646, ""dmg"": 40, ""ko"": 0, ""os"": 0}, {""t"": 5, ""by"": ""opp"", ""atk"": 120, ""card"": 96, ""dmg"": 490, ""ko"": 1, ""os"": 1}, {""t"": 7, ""by"": ""opp"", ""atk"": 120, ""card"": 96, ""dmg"": 490, ""ko"": 1, ""os"": 1}, {""t"": 8, ""by"": ""us"", ""atk"": 937, ""card"": 648, ""dmg"": 220, ""ko"": 0, ""os"": 0}, {""t"": 9, ""by"": ""opp"", ""atk"": 120, ""card"": 96, ""dmg"": 750, ""ko"": 1, ""os"": 0}, {""t"": 10, ""by"": ""us"", ""atk"": 937, ""card"": 648, ""dmg"": 210, ""ko"": 1, ""os"": 0}, {""t"": 11, ""by"": ""opp"", ""atk"": 120, ""card"": 96, ""dmg"": 180, ""ko"": 1, ""os"": 0}]","{""0"": 40, ""1"": 1, ""2"": 1, ""4"": 4, ""7"": 10, ""13"": 4, ""15"": 2, ""16"": 4, ""21"": 3, ""22"": 1, ""37"": 1, ""38"": 1, ""40"": 4, ""43"": 2}",2026-08-12T02:27:18.152069800Z,92172191,4,8,8,,False,11,594.3019129999997,2,0,0,112|860|1080|1137|1227|1182|1227,0,0,0,5,3,2090,17,3,0,5,750,1,3,1,Ogerpon,03ef6fb296bc6b10,977.9724,55443385,78,3,5,470,17,48,0,1,0,5,"[{""t"": 3, ""c"": 860, ""os"": true}, {""t"": 5, ""c"": 646, ""os"": true}, {""t"": 7, ""c"": 646, ""os"": true}, {""t"": 9, ""c"": 648, ""os"": false}, {""t"": 11, ""c"": 112, ""os"": false}]",1,220,0,0,4,907.5866,4,5,0,1,DONE|DONE,11,v19b,False,False
"[{""t"": 3, ""by"": ""opp"", ""atk"": 1226, ""card"": 849, ""dmg"": 160, ""ko"": 1, ""os"": 1}, {""t"": 5, ""by"": ""opp"", ""atk"": 1226, ""card"": 849, ""dmg"": 160, ""ko"": 1, ""os"": 1}, {""t"": 6, ""by"": ""us"", ""atk"": 937, ""card"": 648, ""dmg"": 210, ""ko"": 0, ""os"": 0}, {""t"": 7, ""by"": ""opp"", ""atk"": 1225, ""card"": 849, ""dmg"": 230, ""ko"": 0, ""os"": 0}, {""t"": 8, ""by"": ""us"", ""atk"": 937, ""card"": 648, ""dmg"": 210, ""ko"": 0, ""os"": 0}, {""t"": 9, ""by"": ""opp"", ""atk"": 1225, ""card"": 849, ""dmg"": 230, ""ko"": 0, ""os"": 0}, {""t"": 10, ""by"": ""us"", ""atk"": 937, ""card"": 648, ""dmg"": 210, ""ko"": 0, ""os"": 0}, {""t"": 11, ""by"": ""opp"", ""atk"": 1225, ""card"": 849, ""dmg"": 230, ""ko"": 0, ""os"": 0}, {""t"": 12, ""by"": ""us"", ""atk"": 937, ""card"": 648, ""dmg"": 210, ""ko"": 0, ""os"": 0}, {""t"": 13, ""by"": ""opp"", ""atk"": 1225, ""card"": 849, ""dmg"": 230, ""ko"": 1, ""os"": 0}, {""t"": 14, ""by"": ""us"", ""atk"": 937, ""card"": 648, ""dmg"": 210, ""ko"": 0, ""os"": 0}, {""t"": 15, ""by"": ""opp"", ""atk"": 1225, ""card"": 849, ""dmg"": 230, ""ko"": 1, ""os"": 0}]","{""0"": 65, ""1"": 1, ""3"": 2, ""4"": 3, ""5"": 2, ""7"": 20, ""13"": 13, ""15"": 5, ""16"": 13, ""21"": 6, ""22"": 2, ""27"": 1, ""30"": 4, ""37"": 1, ""40"": 13, ""43"": 3}",2026-08-12T02:31:10.348274600Z,92172909,6,6,6,,False,15,593.3496840000006,1,0,1,1137|648|1227|647|860|1080|1152,0,1,0,7,2,1470,21,3,0,4,230,0,2,2,Mega Lopunny / Froslass,6fa64c0e3b2eb67c,959.0479,55429290,154,5,5,1050,9,33,0,2,0,4,"[{""t"": 3, ""c"": 860, ""os"": true}, {""t"": 5, ""c"": 647, ""os"": true}, {""t"": 13, ""c"": 648, ""os"": false}, {""t"": 15, ""c"": 648, ""os"": false}]",2,210,0,0,3,912.4085,2,7,0,1,DONE|DONE,15,v19b,False,False
"[{""t"": 4, ""by"": ""us"", ""atk"": 937, ""card"": 648, ""dmg"": 390, ""ko"": 1, ""os"": 1}, {""t"": 5, ""by"": ""opp"", ""atk"": 937, ""card"": 648, ""dmg"": 210, ""ko"": 0, ""os"": 0}, {""t"": 6, ""by"": ""us"", ""atk"": 937, ""card"": 648, ""dmg"": 390, ""ko"": 1, ""os"": 0}, {""t"": 7, ""by"": ""opp"", ""atk"": 937, ""card"": 648, ""dmg"": 210, ""ko"": 1, ""os"": 0}, {""t"": 8, ""by"": ""us"", ""atk"": 937, ""card"": 648, ""dmg"": 210, ""ko"": 0, ""os"": 0}, {""t"": 9, ""by"": ""opp"", ""atk"": 937, ""card"": 648, ""dmg"": 210, ""ko"": 1, ""os"": 0}, {""t"": 11, ""by"": ""opp"", ""atk"": 937, ""card"": 648, ""dmg"": 210, ""ko"": 2, ""os"": 1}, {""t"": 13, ""by"": ""opp"", ""atk"": 937, ""card"": 648, ""dmg"": 210, ""ko"": 2, ""os"": 0}]","{""0"": 36, ""1"": 1, ""3"": 3, ""4"": 2, ""5"": 2, ""7"": 11, ""13"": 4, ""15"": 3, ""16"": 4, ""21"": 5, ""22"": 2, ""30"": 4, ""37"": 1, ""40"": 4, ""43"": 2}",2026-08-12T02:35:10.889668600Z,92173841,4,4,4,,False,13,594.3870219999995,1,3,0,1231|7|7|1219|1122|7|646,1,0,0,5,6,1050,15,5,0,6,210,0,1,1,Grimmsnarl (mirror),9714ab5c3996f6cc,880.2948,55430013,84,3,1,990,24,30,0,2,0,4,"[{""t"": 7, ""c"": 112, ""os"": false}, {""t"": 9, ""c"": 648, ""os"": false}, {""t"": 11, ""c"": 647, ""os"": true}, {""t"": 11, ""c"": 112, ""os"": false}, {""t"": 13, ""c"": 648, ""os"": false}, {""t"": 13, ""c"": 860, ""os"": false}]",2,390,1,1,4,900.4723,4,6,0,1,DONE|DONE,13,v19b,False,False
"[{""t"": 3, ""by"": ""opp"", ""atk"": 1070, ""card"": 741, ""dmg"": 10, ""ko"": 0, ""os"": 0}, {""t"": 5, ""by"": ""opp"", ""atk"": 1072, ""card"": 743, ""dmg"": 280, ""ko"": 1, ""os"": 1}, {""t"": 7, ""by"": ""opp"", ""atk"": 1072, ""card"": 743, ""dmg"": 320, ""ko"": 1, ""os"": 1}, {""t"": 8, ""by"": ""us"", ""atk"": 934, ""card"": 646, ""dmg"": 0, ""ko"": 0, ""os"": 0}, {""t"": 9, ""by"": ""opp"", ""atk"": 1072, ""card"": 743, ""dmg"": 360, ""ko"": 1, ""os"": 1}, {""t"": 11, ""by"": ""opp"", ""atk"": 1072, ""card"": 743, ""dmg"": 140, ""ko"": 1, ""os"": 1}, {""t"": 13, ""by"": ""opp"", ""atk"": 1072, ""card"": 743, ""dmg"": 220, ""ko"": 1, ""os"": 1}, {""t"": 14, ""by"": ""us"", ""atk"": 937, ""card"": 648, ""dmg"": 410, ""ko"": 1, ""os"": 0}, {""t"": 15, ""by"": ""opp"", ""atk"": 1072, ""card"": 743, ""dmg"": 340, ""ko"": 1, ""os"": 0}]","{""0"": 35, ""1"": 1, ""3"": 1, ""4"": 5, ""5"": 2, ""7"": 8, ""13"": 2, ""15"": 1, ""16"": 2, ""21"": 2, ""22"": 1, ""30"": 1, ""40"": 1, ""43"": 1}",2026-08-12T02:35:11.190590500Z,92174054,8,14,14,,False,15,595.4169839999998,1,3,0,112|7|7|1086|1137|7|647,0,1,0,7,4,1670,17,3,0,6,360,0,5,1,Alakazam,cc38cb450b86770a,923.5194,55444216,63,2,3,410,23,20,0,1,0,2,"[{""t"": 5, ""c"": 647, ""os"": true}, {""t"": 7, ""c"": 647, ""os"": true}, {""t"": 9, ""c"": 646, ""os"": true}, {""t"": 11, ""c"": 112, ""os"": true}, {""t"": 13, ""c"": 860, ""os"": true}, {""t"": 15, ""c"": 648, ""os"": false}]",1,410,0,0,5,885.9585,5,7,1,1,DONE|DONE,15,v19b,False,False
"[{""t"": 3, ""by"": ""us"", ""atk"": 937, ""card"": 648, ""dmg"": 210, ""ko"": 1, ""os"": 1}, {""t"": 4, ""by"": ""opp"", ""atk"": 475, ""card"": 341, ""dmg"": 100, ""ko"": 0, ""os"": 0}, {""t"": 5, ""by"": ""us"", ""atk"": 937, ""card"": 648, ""dmg"": 210, ""ko"": 1, ""os"": 1}, {""t"": 6, ""by"": ""opp"", ""atk"": 531, ""card"": 381, ""dmg"": 160, ""ko"": 0, ""os"": 0}, {""t"": 7, ""by"": ""us"", ""atk"": 937, ""card"": 648, ""dmg"": 240, ""ko"": 0, ""os"": 0}, {""t"": 8, ""by"": ""opp"", ""atk"": 531, ""card"": 381, ""dmg"": 170, ""ko"": 1, ""os"": 0}, {""t"": 9, ""by"": ""us"", ""atk"": 934, ""card"": 646, ""dmg"": 20, ""ko"": 0, ""os"": 0}, {""t"": 10, ""by"": ""opp"", ""atk"": 531, ""card"": 381, ""dmg"": 170, ""ko"": 1, ""os"": 1}, {""t"": 12, ""by"": ""opp"", ""atk"": 531, ""card"": 381, ""dmg"": 180, ""ko"": 1, ""os"": 1}, {""t"": 14, ""by"": ""opp"", ""atk"": 531, ""card"": 381, ""dmg"": 110, ""ko"": 1, ""os"": 0}, {""t"": 16, ""by"": ""opp"", ""atk"": 531, ""card"": 381, ""dmg"": 130, ""ko"": 1, ""os"": 1}]","{""0"": 35, ""1"": 1, ""3"": 1, ""4"": 4, ""5"": 1, ""7"": 9, ""13"": 6, ""15"": 3, ""16"": 6, ""21"": 2, ""22"": 1, ""30"": 1, ""37"": 1, ""40"": 6, ""41"": 1, ""43"": 1}",2026-08-12T02:39:10.577575Z,92174785,3,3,3,0,True,16,594.4472390000002,1,2,0,1227|646|1079|7|1219|7|1219,1,0,1,7,6,1020,10,4,0,5,180,0,3,1,other: Cynthia's Garchomp ex,daff2ed17de6145d,887.2067,55444490,79,4,3,680,33,25,0,1,0,1,"[{""t"": 8, ""c"": 648, ""os"": false}, {""t"": 10, ""c"": 646, ""os"": true}, {""t"": 12, ""c"": 646, ""os"": true}, {""t"": 14, ""c"": 112, ""os"": false}, {""t"": 16, ""c"": 104, ""os"": true}]",3,240,1,2,2,874.794,4,8,0,0,DONE|DONE,16,v19b,True,False
"[{""t"": 5, ""by"": ""us"", ""atk"": 937, ""card"": 648, ""dmg"": 390, ""ko"": 1, ""os"": 1}, {""t"": 6, ""by"": ""opp"", ""atk"": 1072, ""card"": 743, ""dmg"": 360, ""ko"": 1, ""os"": 1}, {""t"": 7, ""by"": ""us"", ""atk"": 937, ""card"": 648, ""dmg"": 410, ""ko"": 1, ""os"": 1}, {""t"": 8, ""by"": ""opp"", ""atk"": 1072, ""card"": 743, ""dmg"": 160, ""ko"": 0, ""os"": 0}, {""t"": 9, ""by"": ""us"", ""atk"": 937, ""card"": 648, ""dmg"": 250, ""ko"": 1, ""os"": 0}, {""t"": 10, ""by"": ""opp"", ""atk"": 1072, ""card"": 743, ""dmg"": 300, ""ko"": 1, ""os"": 0}]","{""0"": 37, ""1"": 1, ""3"": 2, ""4"": 2, ""5"": 2, ""7"": 18, ""13"": 2, ""15"": 3, ""16"": 2, ""21"": 6, ""22"": 2, ""30"": 1, ""34"": 1, ""40"": 2, ""41"": 1, ""43"": 2}",2026-08-12T02:43:10.478796Z,92175730,5,5,5,0,True,11,593.5901610000003,1,0,0,1219|1231|1086|1259|112|1137|1259,0,0,0,3,5,820,19,6,0,2,360,0,1,2,Alakazam,cc38cb450b86770a,855.5777,55306828,84,3,5,1050,20,18,0,2,1,7,"[{""t"": 6, ""c"": 648, ""os"": true}, {""t"": 10, ""c"": 648, ""os"": false}]",5,410,0,2,1,863.0446,0,6,0,0,DONE|DONE,11,v19b,True,True
"[{""t"": 2, ""by"": ""us"", ""atk"": 934, ""card"": 646, ""dmg"": 0, ""ko"": 0, ""os"": 0}, {""t"": 4, ""by"": ""us"", ""atk"": 934, ""card"": 646, ""dmg"": 0, ""ko"": 0, ""os"": 0}, {""t"": 6, ""by"": ""us"", ""atk"": 934, ""card"": 646, ""dmg"": 0, ""ko"": 0, ""os"": 0}, {""t"": 8, ""by"": ""us"", ""atk"": 934, ""card"": 646, ""dmg"": 0, ""ko"": 0, ""os"": 0}, {""t"": 10, ""by"": ""us"", ""atk"": 936, ""card"": 647, ""dmg"": 60, ""ko"": 0, ""os"": 0}, {""t"": 12, ""by"": ""us"", ""atk"": 936, ""card"": 647, ""dmg"": 60, ""ko"": 0, ""os"": 0}, {""t"": 13, ""by"": ""opp"", ""atk"": 479, ""card"": 345, ""dmg"": 240, ""ko"": 1, ""os"": 1}, {""t"": 15, ""by"": ""opp"", ""atk"": 479, ""card"": 345, ""dmg"": 240, ""ko"": 0, ""os"": 0}, {""t"": 17, ""by"": ""opp"", ""atk"": 479, ""card"": 345, ""dmg"": 240, ""ko"": 1, ""os"": 0}, {""t"": 18, ""by"": ""us"", ""atk"": 937, ""card"": 648, ""dmg"": 0, ""ko"": 0, ""os"": 0}, {""t"": 19, ""by"": ""opp"", ""atk"": 479, ""card"": 345, ""dmg"": 240, ""ko"": 0, ""os"": 0}, {""t"": 21, ""by"": ""opp"", ""atk"": 479, ""card"": 345, ""dmg"": 240, ""ko"": 1, ""os"": 1}, {""t"": 23, ""by"": ""opp"", ""atk"": 479, ""card"": 345, ""dmg"": 240, ""ko"": 0, ""os"": 0}, {""t"": 25, ""by"": ""opp"", ""atk"": 479, ""card"": 345, ""dmg"": 240, ""ko"": 1, ""os"": 0}]","{""0"": 70, ""1"": 1, ""3"": 3, ""4"": 3, ""5"": 1, ""7"": 15, ""8"": 4, ""13"": 11, ""15"": 1, ""16"": 11, ""21"": 2, ""22"": 1, ""30"": 4, ""37"": 1, ""40"": 11, ""43"": 2}",2026-08-12T02:47:11.090226Z,92176656,2,10,18,,False,25,592.3335260000005,1,2,0,646|7|1137|1219|7|1097|104,1,0,0,7,4,1680,25,13,0,4,240,0,2,2,Kangaskhan / Crustle,1eda048ea3581634,974.4254,55439631,141,7,5,120,0,58,0,2,0,7,"[{""t"": 13, ""c"": 647, ""os"": true}, {""t"": 17, ""c"": 648, ""os"": false}, {""t"": 21, ""c"": 647, ""os"": true}, {""t"": 25, ""c"": 648, ""os"": false}]",1,60,0,0,5,874.6189,2,12,5,1,DONE|DONE,25,v19b,False,False
"[{""t"": 3, ""by"": ""us"", ""atk"": 934, ""card"": 646, ""dmg"": 0, ""ko"": 0, ""os"": 0}, {""t"": 5, ""by"": ""us"", ""atk"": 937, ""card"": 648, ""dmg"": 400, ""ko"": 1, ""os"": 1}, {""t"": 6, ""by"": ""opp"", ""atk"": 937, ""card"": 648, ""dmg"": 220, ""ko"": 0, ""os"": 0}, {""t"": 7, ""by"": ""us"", ""atk"": 937, ""card"": 648, ""dmg"": 250, ""ko"": 0, ""os"": 0}, {""t"": 8, ""by"": ""opp"", ""atk"": 937, ""card"": 648, ""dmg"": 230, ""ko"": 0, ""os"": 0}, {""t"": 9, ""by"": ""us"", ""atk"": 937, ""card"": 648, ""dmg"": 250, ""ko"": 1, ""os"": 0}, {""t"": 10, ""by"": ""opp"", ""atk"": 937, ""card"": 648, ""dmg"": 220, ""ko"": 1, ""os"": 0}, {""t"": 11, ""by"": ""us"", ""atk"": 934, ""card"": 646, ""dmg"": 50, ""ko"": 0, ""os"": 0}, {""t"": 12, ""by"": ""opp"", ""atk"": 937, ""card"": 648, ""dmg"": 210, ""ko"": 1, ""os"": 1}]","{""0"": 34, ""1"": 1, ""2"": 1, ""3"": 3, ""4"": 1, ""5"": 1, ""7"": 11, ""13"": 1, ""15"": 3, ""16"": 1, ""21"": 6, ""22"": 2, ""30"": 3, ""40"": 1, ""41"": 1, ""43"": 2}",2026-08-12T02:51:10.925133600Z,92177628,3,5,5,0,True,12,594.2978109999999,2,2,0,1097|1086|1259|646|646|7|7,2,0,0,4,6,880,17,6,1,3,230,0,1,1,Grimmsnarl (mirror),9714ab5c3996f6cc,853.1934,55436486,72,5,2,950,30,16,0,2,0,2,"[{""t"": 10, ""c"": 648, ""os"": false}, {""t"": 12, ""c"": 648, ""os"": false}, {""t"": 12, ""c"": 646, ""os"": true}]",2,400,0,1,3,866.9696,1,6,1,0,DONE|DONE,12,v19b,True,False
"[{""t"": 3, ""by"": ""us"", ""atk"": 937, ""card"": 648, ""dmg"": 200, ""ko"": 0, ""os"": 0}, {""t"": 4, ""by"": ""opp"", ""atk"": 120, ""card"": 96, ""dmg"": 430, ""ko"": 1, ""os"": 0}, {""t"": 6, ""by"": ""opp"", ""atk"": 120, ""card"": 96, ""dmg"": 220, ""ko"": 1, ""os"": 1}, {""t"": 7, ""by"": ""us"", ""atk"": 937, ""card"": 648, ""dmg"": 190, ""ko"": 1, ""os"": 0}, {""t"": 8, ""by"": ""opp"", ""atk"": 120, ""card"": 96, ""dmg"": 670, ""ko"": 1, ""os"": 0}, {""t"": 10, ""by"": ""opp"", ""atk"": 120, ""card"": 96, ""dmg"": 270, ""ko"": 1, ""os"": 1}]","{""0"": 31, ""1"": 1, ""2"": 1, ""3"": 2, ""4"": 3, ""7"": 9, ""13"": 3, ""15"": 2, ""16"": 3, ""21"": 4, ""22"": 2, ""30"": 1, ""37"": 2, ""40"": 3, ""41"": 1, ""43"": 2}",2026-08-12T02:55:35.522204600Z,92178567,3,3,3,0,True,10,596.5584869999997,2,1,0,1079|860|1259|860|1227|1219|7,0,0,1,4,2,1590,27,4,0,4,670,1,2,1,Ogerpon,0dede7cb8026e473,821.5342,55351349,70,2,3,390,26,27,0,2,0,6,"[{""t"": 4, ""c"": 648, ""os"": false}, {""t"": 6, ""c"": 860, ""os"": true}, {""t"": 8, ""c"": 648, ""os"": false}, {""t"": 10, ""c"": 104, ""os"": true}]",1,200,1,0,4,855.4193,2,5,0,0,DONE|DONE,10,v19b,True,False
"[{""t"": 4, ""by"": ""opp"", ""atk"": 937, ""card"": 648, ""dmg"": 210, ""ko"": 1, ""os"": 1}, {""t"": 5, ""by"": ""us"", ""atk"": 937, ""card"": 648, ""dmg"": 210, ""ko"": 0, ""os"": 0}, {""t"": 6, ""by"": ""opp"", ""atk"": 937, ""card"": 648, ""dmg"": 210, ""ko"": 0, ""os"": 0}, {""t"": 7, ""by"": ""us"", ""atk"": 937, ""card"": 648, ""dmg"": 210, ""ko"": 1, ""os"": 0}, {""t"": 8, ""by"": ""opp"", ""atk"": 937, ""card"": 648, ""dmg"": 210, ""ko"": 0, ""os"": 0}, {""t"": 9, ""by"": ""us"", ""atk"": 937, ""card"": 648, ""dmg"": 210, ""ko"": 0, ""os"": 0}, {""t"": 10, ""by"": ""opp"", ""atk"": 937, ""card"": 648, ""dmg"": 390, ""ko"": 1, ""os"": 0}, {""t"": 11, ""by"": ""us"", ""atk"": 937, ""card"": 648, ""dmg"": 210, ""ko"": 1, ""os"": 0}, {""t"": 13, ""by"": ""us"", ""atk"": 937, ""card"": 648, ""dmg"": 210, ""ko"": 1, ""os"": 1}]","{""0"": 43, ""1"": 1, ""3"": 2, ""4"": 2, ""5"": 2, ""7"": 17, ""13"": 7, ""15"": 5, ""16"": 7, ""21"": 7, ""22"": 2, ""30"": 3, ""37"": 2, ""38"": 1, ""40"": 7, ""41"": 1, ""43"": 2}",2026-08-12T02:59:33.919381Z,92179523,5,5,5,0,True,13,594.652278,1,1,0,7|647|1219|646|1086|1097|1227,1,1,0,4,5,1020,21,4,2,3,390,2,1,3,Grimmsnarl (mirror),9714ab5c3996f6cc,874.3756,55417150,111,5,5,1050,17,31,0,0,0,7,"[{""t"": 4, ""c"": 646, ""os"": true}, {""t"": 10, ""c"": 112, ""os"": false}, {""t"": 10, ""c"": 112, ""os"": false}]",4,210,0,1,1,843.4929,3,7,0,0,DONE|DONE,13,v19b,True,True
"[{""t"": 2, ""by"": ""us"", ""atk"": 934, ""card"": 646, ""dmg"": 0, ""ko"": 0, ""os"": 0}, {""t"": 4, ""by"": ""us"", ""atk"": 937, ""card"": 648, ""dmg"": 250, ""ko"": 0, ""os"": 0}, {""t"": 6, ""by"": ""us"", ""atk"": 937, ""card"": 648, ""dmg"": 230, ""ko"": 2, ""os"": 1}, {""t"": 8, ""by"": ""us"", ""atk"": 937, ""card"": 648, ""dmg"": 220, ""ko"": 1, ""os"": 0}, {""t"": 9, ""by"": ""opp"", ""atk"": 540, ""card"": 387, ""dmg"": 400, ""ko"": 1, ""os"": 0}, {""t"": 10, ""by"": ""us"", ""atk"": 937, ""card"": 648, ""dmg"": 210, ""ko"": 1, ""os"": 0}]","{""0"": 41, ""1"": 1, ""3"": 1, ""4"": 1, ""5"": 2, ""7"": 13, ""13"": 7, ""15"": 4, ""16"": 7, ""21"": 5, ""22"": 2, ""37"": 1, ""40"": 6, ""43"": 2}",2026-08-12T03:03:18.524163600Z,92180443,2,4,4,,False,10,593.6128819999997,1,2,1,7|1097|646|648|1219|1227|7,1,0,0,1,4,400,32,9,0,1,400,0,0,4,other: Cynthia's Garchomp ex,1425edcfd4319da5,876.1628,55330516,93,5,6,910,20,34,0,1,0,4,"[{""t"": 9, ""c"": 648, ""os"": false}]",5,250,0,1,2,854.8185,0,5,1,1,DONE|DONE,10,v19b,False,True
"[{""t"": 4, ""by"": ""opp"", ""atk"": 937, ""card"": 648, ""dmg"": 210, ""ko"": 1, ""os"": 1}, {""t"": 5, ""by"": ""us"", ""atk"": 937, ""card"": 648, ""dmg"": 210, ""ko"": 0, ""os"": 0}, {""t"": 6, ""by"": ""opp"", ""atk"": 937, ""card"": 648, ""dmg"": 210, ""ko"": 0, ""os"": 0}, {""t"": 7, ""by"": ""us"", ""atk"": 937, ""card"": 648, ""dmg"": 390, ""ko"": 2, ""os"": 2}, {""t"": 8, ""by"": ""opp"", ""atk"": 937, ""card"": 648, ""dmg"": 210, ""ko"": 0, ""os"": 0}, {""t"": 9, ""by"": ""us"", ""atk"": 937, ""card"": 648, ""dmg"": 210, ""ko"": 1, ""os"": 1}, {""t"": 10, ""by"": ""opp"", ""atk"": 937, ""card"": 648, ""dmg"": 210, ""ko"": 0, ""os"": 0}, {""t"": 11, ""by"": ""us"", ""atk"": 937, ""card"": 648, ""dmg"": 210, ""ko"": 1, ""os"": 0}]","{""0"": 44, ""1"": 1, ""2"": 1, ""3"": 2, ""4"": 1, ""5"": 1, ""7"": 12, ""13"": 12, ""15"": 4, ""16"": 12, ""21"": 4, ""22"": 2, ""30"": 2, ""40"": 12, ""41"": 1, ""43"": 2}",2026-08-12T03:07:12.049028200Z,92181383,5,5,5,0,True,11,593.0307750000003,2,0,0,1182|1227|1259|112|646|647|1152,1,1,0,4,2,840,21,4,2,1,210,0,1,5,Grimmsnarl (mirror),9714ab5c3996f6cc,888.615,55437925,113,4,6,1020,27,36,0,0,0,4,"[{""t"": 4, ""c"": 646, ""os"": true}]",5,390,0,3,1,865.3957,1,6,0,0,DONE|DONE,11,v19b,True,True
"[{""t"": 7, ""by"": ""opp"", ""atk"": 479, ""card"": 345, ""dmg"": 140, ""ko"": 1, ""os"": 0}, {""t"": 8, ""by"": ""us"", ""atk"": 937, ""card"": 648, ""dmg"": 50, ""ko"": 0, ""os"": 0}, {""t"": 9, ""by"": ""opp"", ""atk"": 479, ""card"": 345, ""dmg"": 280, ""ko"": 1, ""os"": 1}, {""t"": 10, ""by"": ""us"", ""atk"": 937, ""card"": 648, ""dmg"": 180, ""ko"": 1, ""os"": 0}]","{""0"": 39, ""1"": 1, ""4"": 1, ""5"": 1, ""7"": 11, ""13"": 7, ""15"": 1, ""16"": 7, ""21"": 2, ""22"": 1, ""40"": 7, ""43"": 1}",2026-08-12T03:11:06.150904500Z,92182320,8,8,8,,False,10,593.8649280000003,1,2,0,1152|1219|860|7|1079|104|7,0,0,1,2,1,420,32,7,0,1,280,0,1,5,Ogerpon,606c51d236295fcd,520.5383,54824883,79,2,6,230,22,28,0,0,0,8,"[{""t"": 7, ""c"": 112, ""os"": false}]",3,180,0,0,4,875.6304,1,5,0,1,DONE|DONE,10,v19b,False,True
"[{""t"": 6, ""by"": ""us"", ""atk"": 937, ""card"": 648, ""dmg"": 230, ""ko"": 1, ""os"": 1}, {""t"": 7, ""by"": ""opp"", ""atk"": 154, ""card"": 121, ""dmg"": 290, ""ko"": 0, ""os"": 0}, {""t"": 8, ""by"": ""us"", ""atk"": 937, ""card"": 648, ""dmg"": 220, ""ko"": 1, ""os"": 0}, {""t"": 9, ""by"": ""opp"", ""atk"": 154, ""card"": 121, ""dmg"": 260, ""ko"": 2, ""os"": 0}, {""t"": 10, ""by"": ""us"", ""atk"": 937, ""card"": 648, ""dmg"": 210, ""ko"": 0, ""os"": 0}, {""t"": 11, ""by"": ""opp"", ""atk"": 154, ""card"": 121, ""dmg"": 260, ""ko"": 2, ""os"": 2}, {""t"": 12, ""by"": ""us"", ""atk"": 937, ""card"": 648, ""dmg"": 210, ""ko"": 1, ""os"": 0}, {""t"": 13, ""by"": ""opp"", ""atk"": 154, ""card"": 121, ""dmg"": 260, ""ko"": 1, ""os"": 1}]","{""0"": 46, ""1"": 1, ""3"": 1, ""4"": 2, ""5"": 1, ""7"": 14, ""13"": 3, ""15"": 4, ""16"": 3, ""21"": 5, ""22"": 2, ""30"": 1, ""40"": 2, ""43"": 3}",2026-08-12T03:15:36.399874600Z,92183257,6,6,6,,False,13,593.9222129999997,1,0,0,1079|1097|104|1227|860|647|1152,0,1,1,4,5,1070,22,7,0,5,290,0,3,1,Dragapult,3edaa824fcc4d093,912.7642,55441775,88,4,3,870,17,36,0,1,0,3,"[{""t"": 9, ""c"": 648, ""os"": false}, {""t"": 9, ""c"": 104, ""os"": false}, {""t"": 11, ""c"": 112, ""os"": true}, {""t"": 11, ""c"": 112, ""os"": true}, {""t"": 13, ""c"": 112, ""os"": true}]",3,230,0,1,2,876.9554,4,6,0,1,DONE|DONE,13,v19b,False,False
"[{""t"": 4, ""by"": ""opp"", ""atk"": 937, ""card"": 648, ""dmg"": 390, ""ko"": 1, ""os"": 1}, {""t"": 5, ""by"": ""us"", ""atk"": 937, ""card"": 648, ""dmg"": 210, ""ko"": 0, ""os"": 0}, {""t"": 6, ""by"": ""opp"", ""atk"": 937, ""card"": 648, ""dmg"": 210, ""ko"": 0, ""os"": 0}, {""t"": 7, ""by"": ""us"", ""atk"": 937, ""card"": 648, ""dmg"": 210, ""ko"": 2, ""os"": 0}, {""t"": 8, ""by"": ""opp"", ""atk"": 937, ""card"": 648, ""dmg"": 210, ""ko"": 0, ""os"": 0}, {""t"": 9, ""by"": ""us"", ""atk"": 937, ""card"": 648, ""dmg"": 210, ""ko"": 1, ""os"": 0}, {""t"": 10, ""by"": ""opp"", ""atk"": 937, ""card"": 648, ""dmg"": 210, ""ko"": 0, ""os"": 0}, {""t"": 11, ""by"": ""us"", ""atk"": 937, ""card"": 648, ""dmg"": 210, ""ko"": 1, ""os"": 0}]","{""0"": 45, ""1"": 1, ""3"": 1, ""4"": 1, ""5"": 1, ""7"": 16, ""8"": 1, ""13"": 6, ""15"": 4, ""16"": 6, ""21"": 5, ""22"": 2, ""30"": 2, ""37"": 1, ""38"": 1, ""40"": 6, ""41"": 1, ""43"": 3}",2026-08-12T03:19:36.616080200Z,92184195,5,5,5,0,True,11,592.6040910000013,1,1,0,1097|112|1152|647|7|647|1086,0,2,0,4,2,1020,21,4,2,1,390,2,1,5,Grimmsnarl (mirror),2cd6d97526908dbb,804.4432,55437543,103,4,6,840,14,40,0,0,0,8,"[{""t"": 4, ""c"": 112, ""os"": true}]",4,210,1,0,2,869.0665,1,6,0,0,DONE|DONE,11,v19b,True,True
"[{""t"": 3, ""by"": ""opp"", ""atk"": 1226, ""card"": 849, ""dmg"": 160, ""ko"": 1, ""os"": 1}, {""t"": 4, ""by"": ""us"", ""atk"": 934, ""card"": 646, ""dmg"": 0, ""ko"": 0, ""os"": 0}, {""t"": 5, ""by"": ""opp"", ""atk"": 1226, ""card"": 849, ""dmg"": 170, ""ko"": 1, ""os"": 1}, {""t"": 6, ""by"": ""us"", ""atk"": 937, ""card"": 648, ""dmg"": 240, ""ko"": 0, ""os"": 0}, {""t"": 7, ""by"": ""opp"", ""atk"": 1225, ""card"": 849, ""dmg"": 260, ""ko"": 0, ""os"": 0}, {""t"": 8, ""by"": ""us"", ""atk"": 937, ""card"": 648, ""dmg"": 240, ""ko"": 0, ""os"": 0}, {""t"": 9, ""by"": ""opp"", ""atk"": 1225, ""card"": 849, ""dmg"": 270, ""ko"": 0, ""os"": 0}, {""t"": 10, ""by"": ""us"", ""atk"": 937, ""card"": 648, ""dmg"": 230, ""ko"": 0, ""os"": 0}, {""t"": 11, ""by"": ""opp"", ""atk"": 1225, ""card"": 849, ""dmg"": 270, ""ko"": 1, ""os"": 0}, {""t"": 12, ""by"": ""us"", ""atk"": 937, ""card"": 648, ""dmg"": 220, ""ko"": 0, ""os"": 0}, {""t"": 13, ""by"": ""opp"", ""atk"": 1225, ""card"": 849, ""dmg"": 280, ""ko"": 0, ""os"": 0}, {""t"": 14, ""by"": ""us"", ""atk"": 937, ""card"": 648, ""dmg"": 210, ""ko"": 1, ""os"": 0}]","{""0"": 60, ""1"": 1, ""2"": 1, ""3"": 1, ""4"": 3, ""5"": 2, ""7"": 15, ""8"": 1, ""13"": 11, ""15"": 5, ""16"": 11, ""21"": 5, ""22"": 2, ""27"": 1, ""30"": 2, ""40"": 11, ""43"": 3}",2026-08-12T03:23:36.246205400Z,92185184,4,6,6,,False,14,590.7813940000002,2,1,0,1097|860|860|7|1219|1086|1259,0,0,0,6,4,1410,8,3,0,3,280,0,2,2,Mega Lopunny / Froslass,a7ee29914c1dce64,870.3213,55440107,135,6,6,1140,4,56,0,1,0,6,"[{""t"": 3, ""c"": 860, ""os"": true}, {""t"": 5, ""c"": 646, ""os"": true}, {""t"": 11, ""c"": 648, ""os"": false}]",3,240,2,0,3,875.8766,2,7,1,1,DONE|DONE,14,v19b,False,True
"[{""t"": 6, ""by"": ""opp"", ""atk"": 937, ""card"": 648, ""dmg"": 210, ""ko"": 1, ""os"": 1}, {""t"": 7, ""by"": ""us"", ""atk"": 937, ""card"": 648, ""dmg"": 390, ""ko"": 1, ""os"": 1}, {""t"": 8, ""by"": ""opp"", ""atk"": 937, ""card"": 648, ""dmg"": 210, ""ko"": 0, ""os"": 0}, {""t"": 9, ""by"": ""us"", ""atk"": 937, ""card"": 648, ""dmg"": 210, ""ko"": 0, ""os"": 0}, {""t"": 10, ""by"": ""opp"", ""atk"": 937, ""card"": 648, ""dmg"": 210, ""ko"": 0, ""os"": 0}, {""t"": 11, ""by"": ""us"", ""atk"": 937, ""card"": 648, ""dmg"": 210, ""ko"": 1, ""os"": 0}, {""t"": 12, ""by"": ""opp"", ""atk"": 937, ""card"": 648, ""dmg"": 210, ""ko"": 2, ""os"": 0}, {""t"": 14, ""by"": ""opp"", ""atk"": 937, ""card"": 648, ""dmg"": 210, ""ko"": 1, ""os"": 0}]","{""0"": 45, ""1"": 1, ""3"": 2, ""4"": 2, ""5"": 1, ""7"": 17, ""13"": 5, ""15"": 3, ""16"": 5, ""21"": 6, ""22"": 2, ""30"": 2, ""37"": 1, ""40"": 5, ""41"": 1, ""43"": 2}",2026-08-12T03:27:36.409071500Z,92186068,7,5,7,0,True,14,595.0844979999998,1,1,1,860|7|1182|1097|648|1086|1259,0,0,0,5,6,1050,20,6,1,5,210,0,1,1,Grimmsnarl (mirror),9714ab5c3996f6cc,814.3799,55378431,100,3,4,810,19,40,0,2,0,6,"[{""t"": 6, ""c"": 860, ""os"": true}, {""t"": 10, ""c"": 647, ""os"": false}, {""t"": 12, ""c"": 648, ""os"": false}, {""t"": 12, ""c"": 646, ""os"": false}, {""t"": 14, ""c"": 648, ""os"": false}]",2,390,1,1,3,884.2137,3,7,0,0,DONE|DONE,14,v19b,True,False
"[{""t"": 3, ""by"": ""us"", ""atk"": 937, ""card"": 648, ""dmg"": 210, ""ko"": 1, ""os"": 1}, {""t"": 5, ""by"": ""us"", ""atk"": 937, ""card"": 648, ""dmg"": 210, ""ko"": 1, ""os"": 1}, {""t"": 6, ""by"": ""opp"", ""atk"": 937, ""card"": 648, ""dmg"": 210, ""ko"": 0, ""os"": 0}, {""t"": 7, ""by"": ""us"", ""atk"": 937, ""card"": 648, ""dmg"": 210, ""ko"": 0, ""os"": 0}, {""t"": 8, ""by"": ""opp"", ""atk"": 937, ""card"": 648, ""dmg"": 210, ""ko"": 0, ""os"": 0}, {""t"": 9, ""by"": ""us"", ""atk"": 937, ""card"": 648, ""dmg"": 210, ""ko"": 0, ""os"": 0}, {""t"": 10, ""by"": ""opp"", ""atk"": 937, ""card"": 648, ""dmg"": 210, ""ko"": 1, ""os"": 0}, {""t"": 11, ""by"": ""us"", ""atk"": 937, ""card"": 648, ""dmg"": 210, ""ko"": 1, ""os"": 0}, {""t"": 12, ""by"": ""opp"", ""atk"": 937, ""card"": 648, ""dmg"": 210, ""ko"": 0, ""os"": 0}, {""t"": 13, ""by"": ""us"", ""atk"": 937, ""card"": 648, ""dmg"": 210, ""ko"": 1, ""os"": 0}]","{""0"": 44, ""1"": 1, ""3"": 4, ""4"": 1, ""5"": 2, ""7"": 16, ""13"": 4, ""15"": 6, ""16"": 4, ""21"": 8, ""22"": 3, ""30"": 5, ""37"": 1, ""40"": 4, ""41"": 1, ""43"": 3}",2026-08-12T03:31:36.130627900Z,92186979,3,3,3,0,True,13,590.5271489999997,1,0,0,1079|1097|1086|104|1259|112|1137,0,0,1,4,4,840,16,6,2,3,210,0,0,2,Grimmsnarl (mirror),9714ab5c3996f6cc,754.6949,55446332,107,6,3,1260,18,28,0,1,0,7,"[{""t"": 8, ""c"": 112, ""os"": false}, {""t"": 10, ""c"": 648, ""os"": false}, {""t"": 12, ""c"": 112, ""os"": false}]",4,210,0,2,2,880.655,2,7,0,0,DONE|DONE,13,v19b,True,True
"[{""t"": 2, ""by"": ""us"", ""atk"": 934, ""card"": 646, ""dmg"": 0, ""ko"": 0, ""os"": 0}, {""t"": 3, ""by"": ""opp"", ""atk"": 1071, ""card"": 742, ""dmg"": 30, ""ko"": 0, ""os"": 0}, {""t"": 4, ""by"": ""us"", ""atk"": 934, ""card"": 646, ""dmg"": 20, ""ko"": 0, ""os"": 0}, {""t"": 5, ""by"": ""opp"", ""atk"": 1072, ""card"": 743, ""dmg"": 240, ""ko"": 1, ""os"": 0}, {""t"": 6, ""by"": ""us"", ""atk"": 937, ""card"": 648, ""dmg"": 450, ""ko"": 1, ""os"": 0}, {""t"": 7, ""by"": ""opp"", ""atk"": 1072, ""card"": 743, ""dmg"": 240, ""ko"": 0, ""os"": 0}, {""t"": 8, ""by"": ""us"", ""atk"": 937, ""card"": 648, ""dmg"": 410, ""ko"": 1, ""os"": 0}, {""t"": 9, ""by"": ""opp"", ""atk"": 1072, ""card"": 743, ""dmg"": 320, ""ko"": 1, ""os"": 0}, {""t"": 10, ""by"": ""us"", ""atk"": 937, ""card"": 648, ""dmg"": 390, ""ko"": 1, ""os"": 0}, {""t"": 11, ""by"": ""opp"", ""atk"": 1072, ""card"": 743, ""dmg"": 380, ""ko"": 1, ""os"": 0}]","{""0"": 34, ""1"": 1, ""2"": 1, ""4"": 3, ""5"": 3, ""7"": 13, ""8"": 2, ""13"": 5, ""15"": 3, ""16"": 5, ""21"": 5, ""22"": 2, ""34"": 3, ""37"": 1, ""40"": 5, ""43"": 2}",2026-08-12T03:31:36.222178200Z,92187042,2,6,6,,False,12,592.9779179999997,3,1,0,1079|7|1086|646|646|860|1227,2,0,1,5,2,1210,12,3,0,3,380,0,0,1,Alakazam,a665414222aea434,836.673,55442940,88,5,5,1270,12,43,0,2,0,4,"[{""t"": 5, ""c"": 646, ""os"": false}, {""t"": 9, ""c"": 648, ""os"": false}, {""t"": 11, ""c"": 648, ""os"": false}]",5,450,1,0,1,873.7309,1,6,1,1,DONE|DONE,12,v19b,False,True
"[{""t"": 3, ""by"": ""opp"", ""atk"": 982, ""card"": 678, ""dmg"": 130, ""ko"": 1, ""os"": 1}, {""t"": 5, ""by"": ""opp"", ""atk"": 982, ""card"": 678, ""dmg"": 160, ""ko"": 1, ""os"": 1}, {""t"": 6, ""by"": ""us"", ""atk"": 937, ""card"": 648, ""dmg"": 210, ""ko"": 0, ""os"": 0}, {""t"": 7, ""by"": ""opp"", ""atk"": 982, ""card"": 678, ""dmg"": 160, ""ko"": 1, ""os"": 1}, {""t"": 8, ""by"": ""us"", ""atk"": 937, ""card"": 648, ""dmg"": 210, ""ko"": 1, ""os"": 0}, {""t"": 9, ""by"": ""opp"", ""atk"": 983, ""card"": 678, ""dmg"": 300, ""ko"": 0, ""os"": 0}, {""t"": 10, ""by"": ""us"", ""atk"": 937, ""card"": 648, ""dmg"": 210, ""ko"": 1, ""os"": 0}, {""t"": 11, ""by"": ""opp"", ""atk"": 982, ""card"": 678, ""dmg"": 130, ""ko"": 0, ""os"": 0}, {""t"": 12, ""by"": ""us"", ""atk"": 937, ""card"": 648, ""dmg"": 210, ""ko"": 0, ""os"": 0}, {""t"": 13, ""by"": ""opp"", ""atk"": 983, ""card"": 678, ""dmg"": 270, ""ko"": 1, ""os"": 0}]","{""0"": 40, ""1"": 1, ""2"": 1, ""3"": 3, ""4"": 4, ""5"": 1, ""7"": 13, ""13"": 3, ""15"": 4, ""16"": 3, ""21"": 7, ""22"": 3, ""30"": 2, ""40"": 3, ""43"": 3}",2026-08-12T03:35:36.095717Z,92187796,6,6,6,,False,14,593.8844089999998,3,1,0,112|112|646|1259|7|1097|1152,1,0,0,6,3,1150,14,3,0,4,300,0,3,1,Mega Lucario,05f854e1b3b3ba0f,730.0053,55447139,91,4,5,840,19,19,0,1,0,6,"[{""t"": 3, ""c"": 646, ""os"": true}, {""t"": 5, ""c"": 646, ""os"": true}, {""t"": 7, ""c"": 112, ""os"": true}, {""t"": 13, ""c"": 648, ""os"": false}]",3,210,0,0,2,885.2389,3,7,0,1,DONE|DONE,14,v19b,False,True
"[{""t"": 3, ""by"": ""opp"", ""atk"": 1072, ""card"": 743, ""dmg"": 140, ""ko"": 1, ""os"": 1}, {""t"": 5, ""by"": ""opp"", ""atk"": 1072, ""card"": 743, ""dmg"": 160, ""ko"": 1, ""os"": 1}, {""t"": 6, ""by"": ""us"", ""atk"": 937, ""card"": 648, ""dmg"": 400, ""ko"": 2, ""os"": 0}, {""t"": 7, ""by"": ""opp"", ""atk"": 1072, ""card"": 743, ""dmg"": 230, ""ko"": 1, ""os"": 0}, {""t"": 8, ""by"": ""us"", ""atk"": 937, ""card"": 648, ""dmg"": 400, ""ko"": 2, ""os"": 0}, {""t"": 9, ""by"": ""opp"", ""atk"": 1072, ""card"": 743, ""dmg"": 270, ""ko"": 0, ""os"": 0}, {""t"": 10, ""by"": ""us"", ""atk"": 937, ""card"": 648, ""dmg"": 390, ""ko"": 2, ""os"": 0}]","{""0"": 31, ""1"": 1, ""2"": 1, ""3"": 1, ""4"": 3, ""5"": 1, ""7"": 13, ""13"": 4, ""15"": 3, ""16"": 4, ""21"": 5, ""22"": 2, ""37"": 1, ""40"": 4, ""43"": 2}",2026-08-12T03:39:37.066066900Z,92188596,6,6,6,,False,10,594.2524510000003,3,0,0,1152|112|647|112|1122|646|1086,1,1,0,4,3,800,20,3,0,3,270,0,2,3,Alakazam,cc38cb450b86770a,766.934,55447816,76,3,4,1190,17,33,0,0,0,12,"[{""t"": 3, ""c"": 646, ""os"": true}, {""t"": 5, ""c"": 646, ""os"": true}, {""t"": 7, ""c"": 112, ""os"": false}]",6,400,0,0,1,889.0988,3,5,0,1,DONE|DONE,10,v19b,False,True
"[{""t"": 2, ""by"": ""opp"", ""atk"": 980, ""card"": 676, ""dmg"": 70, ""ko"": 1, ""os"": 1}, {""t"": 3, ""by"": ""us"", ""atk"": 937, ""card"": 648, ""dmg"": 210, ""ko"": 1, ""os"": 1}, {""t"": 4, ""by"": ""opp"", ""atk"": 982, ""card"": 678, ""dmg"": 130, ""ko"": 0, ""os"": 0}, {""t"": 5, ""by"": ""us"", ""atk"": 937, ""card"": 648, ""dmg"": 210, ""ko"": 1, ""os"": 0}, {""t"": 6, ""by"": ""opp"", ""atk"": 983, ""card"": 678, ""dmg"": 270, ""ko"": 1, ""os"": 0}, {""t"": 7, ""by"": ""us"", ""atk"": 937, ""card"": 648, ""dmg"": 210, ""ko"": 1, ""os"": 0}, {""t"": 9, ""by"": ""us"", ""atk"": 937, ""card"": 648, ""dmg"": 210, ""ko"": 1, ""os"": 1}]","{""0"": 28, ""1"": 1, ""2"": 1, ""3"": 1, ""4"": 2, ""5"": 1, ""7"": 12, ""13"": 1, ""15"": 4, ""16"": 1, ""21"": 6, ""22"": 2, ""27"": 1, ""30"": 1, ""37"": 1, ""40"": 1, ""41"": 1, ""43"": 2}",2026-08-12T03:43:36.526855600Z,92189596,3,3,3,0,True,9,594.5409189999997,2,0,0,646|1079|1182|646|1219|1259|1137,2,0,1,3,2,470,35,2,0,2,270,0,1,3,Mega Lucario,05f854e1b3b3ba0f,890.4573,55447568,67,4,5,840,24,23,0,1,0,9,"[{""t"": 2, ""c"": 646, ""os"": true}, {""t"": 6, ""c"": 648, ""os"": false}]",4,210,0,2,1,893.2153,1,5,0,0,DONE|DONE,9,v19b,True,True
"[{""t"": 2, ""by"": ""opp"", ""atk"": 980, ""card"": 676, ""dmg"": 130, ""ko"": 1, ""os"": 1}, {""t"": 4, ""by"": ""opp"", ""atk"": 980, ""card"": 676, ""dmg"": 70, ""ko"": 1, ""os"": 1}, {""t"": 6, ""by"": ""opp"", ""atk"": 980, ""card"": 676, ""dmg"": 70, ""ko"": 1, ""os"": 1}, {""t"": 7, ""by"": ""us"", ""atk"": 937, ""card"": 648, ""dmg"": 210, ""ko"": 1, ""os"": 1}, {""t"": 8, ""by"": ""opp"", ""atk"": 983, ""card"": 678, ""dmg"": 300, ""ko"": 0, ""os"": 0}, {""t"": 9, ""by"": ""us"", ""atk"": 937, ""card"": 648, ""dmg"": 210, ""ko"": 0, ""os"": 0}, {""t"": 10, ""by"": ""opp"", ""atk"": 982, ""card"": 678, ""dmg"": 130, ""ko"": 0, ""os"": 0}, {""t"": 11, ""by"": ""us"", ""atk"": 937, ""card"": 648, ""dmg"": 210, ""ko"": 0, ""os"": 0}, {""t"": 12, ""by"": ""opp"", ""atk"": 983, ""card"": 678, ""dmg"": 270, ""ko"": 0, ""os"": 0}, {""t"": 13, ""by"": ""us"", ""atk"": 937, ""card"": 648, ""dmg"": 210, ""ko"": 1, ""os"": 0}]","{""0"": 42, ""1"": 1, ""2"": 1, ""3"": 2, ""4"": 3, ""7"": 14, ""8"": 1, ""13"": 9, ""15"": 4, ""16"": 9, ""21"": 5, ""22"": 2, ""30"": 2, ""37"": 1, ""40"": 9, ""41"": 1, ""43"": 2}",2026-08-12T03:59:35.752107400Z,92193254,7,7,7,0,True,13,594.7326920000003,2,0,1,112|1182|646|1259|648|1259|1097,1,0,0,6,2,970,10,2,0,3,300,0,3,3,Mega Lucario,0108c79d688ec17b,837.3679,55448054,108,4,5,840,27,14,0,0,0,4,"[{""t"": 2, ""c"": 646, ""os"": true}, {""t"": 4, ""c"": 646, ""os"": true}, {""t"": 6, ""c"": 646, ""os"": true}]",4,210,0,1,3,899.7779,3,7,0,0,DONE|DONE,13,v19b,True,True
"[{""t"": 3, ""by"": ""us"", ""atk"": 937, ""card"": 648, ""dmg"": 230, ""ko"": 1, ""os"": 1}, {""t"": 4, ""by"": ""opp"", ""atk"": 937, ""card"": 648, ""dmg"": 250, ""ko"": 0, ""os"": 0}, {""t"": 5, ""by"": ""us"", ""atk"": 937, ""card"": 648, ""dmg"": 250, ""ko"": 1, ""os"": 0}, {""t"": 6, ""by"": ""opp"", ""atk"": 937, ""card"": 648, ""dmg"": 230, ""ko"": 1, ""os"": 0}, {""t"": 7, ""by"": ""us"", ""atk"": 937, ""card"": 648, ""dmg"": 250, ""ko"": 1, ""os"": 0}, {""t"": 8, ""by"": ""opp"", ""atk"": 937, ""card"": 648, ""dmg"": 240, ""ko"": 0, ""os"": 0}, {""t"": 9, ""by"": ""us"", ""atk"": 937, ""card"": 648, ""dmg"": 250, ""ko"": 0, ""os"": 0}, {""t"": 10, ""by"": ""opp"", ""atk"": 937, ""card"": 648, ""dmg"": 210, ""ko"": 2, ""os"": 0}]","{""0"": 43, ""1"": 1, ""3"": 2, ""4"": 1, ""5"": 1, ""7"": 15, ""13"": 6, ""15"": 4, ""16"": 6, ""21"": 6, ""22"": 3, ""30"": 3, ""37"": 2, ""40"": 6, ""41"": 1, ""43"": 3}",2026-08-12T01:16:00.797810500Z,92155899,3,3,3,0,True,10,593.3221809999997,1,1,0,1079|1152|1122|860|1152|1182|7,0,0,1,4,4,930,21,4,0,5,250,0,0,2,Grimmsnarl (mirror),9714ab5c3996f6cc,,55445769,103,4,3,980,22,34,0,2,0,3,"[{""t"": 6, ""c"": 112, ""os"": false}, {""t"": 6, ""c"": 648, ""os"": false}, {""t"": 8, ""c"": 112, ""os"": false}, {""t"": 10, ""c"": 648, ""os"": false}, {""t"": 10, ""c"": 112, ""os"": false}]",4,250,0,1,2,,3,5,0,0,DONE|DONE,10,v20,True,False
"[{""t"": 3, ""by"": ""opp"", ""atk"": 1487, ""card"": 1031, ""dmg"": 170, ""ko"": 1, ""os"": 1}, {""t"": 4, ""by"": ""us"", ""atk"": 937, ""card"": 648, ""dmg"": 210, ""ko"": 1, ""os"": 0}, {""t"": 5, ""by"": ""opp"", ""atk"": 1487, ""card"": 1031, ""dmg"": 170, ""ko"": 0, ""os"": 0}, {""t"": 6, ""by"": ""us"", ""atk"": 937, ""card"": 648, ""dmg"": 210, ""ko"": 1, ""os"": 0}, {""t"": 7, ""by"": ""opp"", ""atk"": 1488, ""card"": 1031, ""dmg"": 210, ""ko"": 0, ""os"": 0}, {""t"": 8, ""by"": ""us"", ""atk"": 937, ""card"": 648, ""dmg"": 180, ""ko"": 0, ""os"": 0}, {""t"": 9, ""by"": ""opp"", ""atk"": 1488, ""card"": 1031, ""dmg"": 230, ""ko"": 1, ""os"": 0}, {""t"": 10, ""by"": ""us"", ""atk"": 937, ""card"": 648, ""dmg"": 180, ""ko"": 1, ""os"": 0}]","{""0"": 28, ""1"": 1, ""2"": 1, ""4"": 2, ""5"": 2, ""7"": 7, ""13"": 6, ""15"": 2, ""16"": 6, ""21"": 5, ""22"": 2, ""37"": 1, ""40"": 6, ""43"": 2}",2026-08-12T01:19:11.704447900Z,92156001,4,4,4,,False,10,594.6735079999995,2,1,1,112|1086|647|646|7|648|1097,1,1,0,4,0,780,34,3,0,2,230,0,1,3,Archaludon,1a5a0c5b50e7199e,607.7142,54095421,71,4,5,780,22,23,0,1,0,10,"[{""t"": 3, ""c"": 646, ""os"": true}, {""t"": 9, ""c"": 648, ""os"": false}]",3,210,0,0,2,600.0,1,5,0,1,DONE|DONE,10,v20,False,True
"[{""t"": 4, ""by"": ""us"", ""atk"": 934, ""card"": 646, ""dmg"": 0, ""ko"": 0, ""os"": 0}, {""t"": 5, ""by"": ""opp"", ""atk"": 1072, ""card"": 743, ""dmg"": 340, ""ko"": 1, ""os"": 1}, {""t"": 6, ""by"": ""us"", ""atk"": 937, ""card"": 648, ""dmg"": 410, ""ko"": 1, ""os"": 0}, {""t"": 7, ""by"": ""opp"", ""atk"": 1072, ""card"": 743, ""dmg"": 460, ""ko"": 1, ""os"": 0}, {""t"": 8, ""by"": ""us"", ""atk"": 937, ""card"": 648, ""dmg"": 400, ""ko"": 1, ""os"": 0}, {""t"": 9, ""by"": ""opp"", ""atk"": 1072, ""card"": 743, ""dmg"": 570, ""ko"": 1, ""os"": 1}, {""t"": 10, ""by"": ""us"", ""atk"": 937, ""card"": 648, ""dmg"": 410, ""ko"": 1, ""os"": 0}, {""t"": 11, ""by"": ""opp"", ""atk"": 1071, ""card"": 742, ""dmg"": 70, ""ko"": 0, ""os"": 0}, {""t"": 12, ""by"": ""us"", ""atk"": 937, ""card"": 648, ""dmg"": 390, ""ko"": 1, ""os"": 0}]","{""0"": 38, ""1"": 1, ""3"": 2, ""4"": 3, ""5"": 2, ""7"": 14, ""15"": 4, ""21"": 5, ""22"": 2, ""30"": 2, ""34"": 1, ""43"": 2}",2026-08-12T01:23:10.807426100Z,92156919,4,6,6,,False,12,596.1342129999998,1,2,1,7|1152|860|648|7|104|647,0,1,0,4,5,1440,0,5,0,3,570,0,2,2,Alakazam,a665414222aea434,649.8118,55400278,76,5,5,1610,21,26,0,1,0,6,"[{""t"": 5, ""c"": 646, ""os"": true}, {""t"": 7, ""c"": 648, ""os"": false}, {""t"": 9, ""c"": 646, ""os"": true}]",4,410,0,0,2,711.087,2,6,1,1,DONE|DONE,12,v20,False,True
"[{""t"": 3, ""by"": ""opp"", ""atk"": 937, ""card"": 648, ""dmg"": 210, ""ko"": 1, ""os"": 1}, {""t"": 4, ""by"": ""us"", ""atk"": 937, ""card"": 648, ""dmg"": 210, ""ko"": 0, ""os"": 0}, {""t"": 5, ""by"": ""opp"", ""atk"": 937, ""card"": 648, ""dmg"": 210, ""ko"": 0, ""os"": 0}, {""t"": 6, ""by"": ""us"", ""atk"": 937, ""card"": 648, ""dmg"": 210, ""ko"": 1, ""os"": 0}, {""t"": 7, ""by"": ""opp"", ""atk"": 937, ""card"": 648, ""dmg"": 210, ""ko"": 1, ""os"": 0}, {""t"": 8, ""by"": ""us"", ""atk"": 937, ""card"": 648, ""dmg"": 210, ""ko"": 0, ""os"": 0}, {""t"": 9, ""by"": ""opp"", ""atk"": 937, ""card"": 648, ""dmg"": 210, ""ko"": 0, ""os"": 0}, {""t"": 10, ""by"": ""us"", ""atk"": 937, ""card"": 648, ""dmg"": 210, ""ko"": 1, ""os"": 0}, {""t"": 12, ""by"": ""us"", ""atk"": 937, ""card"": 648, ""dmg"": 390, ""ko"": 1, ""os"": 1}, {""t"": 14, ""by"": ""us"", ""atk"": 937, ""card"": 648, ""dmg"": 210, ""ko"": 1, ""os"": 1}]","{""0"": 44, ""1"": 1, ""2"": 1, ""4"": 2, ""5"": 1, ""7"": 17, ""13"": 7, ""15"": 6, ""16"": 7, ""21"": 5, ""22"": 2, ""37"": 1, ""40"": 7, ""43"": 2}",2026-08-12T01:27:10.665769300Z,92157852,4,4,4,,False,14,592.6868450000004,2,2,0,646|104|7|646|1219|104|7,2,0,0,4,3,840,25,3,2,4,210,0,1,1,Grimmsnarl (mirror),9714ab5c3996f6cc,808.0501,55445803,103,6,6,1440,22,27,0,1,0,6,"[{""t"": 3, ""c"": 646, ""os"": true}, {""t"": 7, ""c"": 112, ""os"": false}, {""t"": 7, ""c"": 648, ""os"": false}, {""t"": 11, ""c"": 112, ""os"": false}]",4,390,0,2,1,902.1595,3,7,0,1,DONE|DONE,14,v20,False,True
"[{""t"": 5, ""by"": ""opp"", ""atk"": 937, ""card"": 648, ""dmg"": 210, ""ko"": 1, ""os"": 1}, {""t"": 6, ""by"": ""us"", ""atk"": 937, ""card"": 648, ""dmg"": 210, ""ko"": 0, ""os"": 0}, {""t"": 7, ""by"": ""opp"", ""atk"": 937, ""card"": 648, ""dmg"": 210, ""ko"": 0, ""os"": 0}, {""t"": 8, ""by"": ""us"", ""atk"": 937, ""card"": 648, ""dmg"": 210, ""ko"": 0, ""os"": 0}, {""t"": 9, ""by"": ""opp"", ""atk"": 937, ""card"": 648, ""dmg"": 210, ""ko"": 0, ""os"": 0}, {""t"": 10, ""by"": ""us"", ""atk"": 937, ""card"": 648, ""dmg"": 210, ""ko"": 1, ""os"": 0}, {""t"": 12, ""by"": ""us"", ""atk"": 937, ""card"": 648, ""dmg"": 210, ""ko"": 1, ""os"": 1}, {""t"": 14, ""by"": ""us"", ""atk"": 937, ""card"": 648, ""dmg"": 240, ""ko"": 1, ""os"": 0}]","{""0"": 47, ""1"": 1, ""3"": 1, ""4"": 1, ""5"": 1, ""7"": 17, ""13"": 12, ""15"": 5, ""16"": 12, ""21"": 5, ""22"": 2, ""30"": 2, ""40"": 12, ""43"": 2}",2026-08-12T01:27:10.668909800Z,92157854,6,6,6,,False,14,592.2491830000001,1,0,1,104|1152|1259|646|1219|648|104,1,0,0,3,4,630,23,5,2,2,210,0,1,4,Grimmsnarl (mirror),9714ab5c3996f6cc,893.8076,55318486,120,5,5,1080,19,27,0,0,0,12,"[{""t"": 5, ""c"": 646, ""os"": true}, {""t"": 9, ""c"": 112, ""os"": false}]",5,240,0,1,1,791.3305,2,7,0,1,DONE|DONE,14,v20,False,True
"[{""t"": 3, ""by"": ""opp"", ""atk"": 1225, ""card"": 849, ""dmg"": 230, ""ko"": 1, ""os"": 1}, {""t"": 4, ""by"": ""us"", ""atk"": 937, ""card"": 648, ""dmg"": 210, ""ko"": 0, ""os"": 0}, {""t"": 5, ""by"": ""opp"", ""atk"": 1225, ""card"": 849, ""dmg"": 230, ""ko"": 0, ""os"": 0}, {""t"": 6, ""by"": ""us"", ""atk"": 937, ""card"": 648, ""dmg"": 210, ""ko"": 0, ""os"": 0}, {""t"": 7, ""by"": ""opp"", ""atk"": 1225, ""card"": 849, ""dmg"": 230, ""ko"": 1, ""os"": 0}, {""t"": 8, ""by"": ""us"", ""atk"": 937, ""card"": 648, ""dmg"": 210, ""ko"": 1, ""os"": 0}, {""t"": 9, ""by"": ""opp"", ""atk"": 1240, ""card"": 861, ""dmg"": 400, ""ko"": 1, ""os"": 1}, {""t"": 11, ""by"": ""opp"", ""atk"": 1240, ""card"": 861, ""dmg"": 300, ""ko"": 0, ""os"": 0}, {""t"": 12, ""by"": ""us"", ""atk"": 937, ""card"": 648, ""dmg"": 210, ""ko"": 1, ""os"": 0}, {""t"": 13, ""by"": ""opp"", ""atk"": 1240, ""card"": 861, ""dmg"": 400, ""ko"": 1, ""os"": 0}]","{""0"": 43, ""1"": 1, ""2"": 1, ""4"": 3, ""5"": 1, ""7"": 16, ""13"": 7, ""15"": 4, ""16"": 7, ""21"": 5, ""22"": 2, ""37"": 2, ""40"": 7, ""43"": 3}",2026-08-12T01:31:11.029555400Z,92158798,4,4,4,,False,13,595.3063570000003,2,2,0,112|1219|1227|1086|646|7|7,1,0,0,6,3,1790,19,3,0,4,400,0,2,1,Mega Lopunny / Froslass,a7ee29914c1dce64,884.7825,55424549,102,4,4,840,15,26,0,3,1,8,"[{""t"": 3, ""c"": 646, ""os"": true}, {""t"": 7, ""c"": 648, ""os"": false}, {""t"": 9, ""c"": 648, ""os"": true}, {""t"": 13, ""c"": 648, ""os"": false}]",3,210,0,0,1,949.5639,1,6,0,1,DONE|DONE,13,v20,False,False
"[{""t"": 2, ""by"": ""opp"", ""atk"": 1070, ""card"": 741, ""dmg"": 10, ""ko"": 0, ""os"": 0}, {""t"": 3, ""by"": ""us"", ""atk"": 937, ""card"": 648, ""dmg"": 390, ""ko"": 1, ""os"": 1}, {""t"": 4, ""by"": ""opp"", ""atk"": 1070, ""card"": 741, ""dmg"": 10, ""ko"": 0, ""os"": 0}, {""t"": 5, ""by"": ""us"", ""atk"": 937, ""card"": 648, ""dmg"": 390, ""ko"": 2, ""os"": 2}, {""t"": 7, ""by"": ""us"", ""atk"": 937, ""card"": 648, ""dmg"": 180, ""ko"": 1, ""os"": 1}]","{""0"": 18, ""1"": 1, ""2"": 1, ""3"": 2, ""7"": 8, ""15"": 2, ""21"": 2, ""22"": 1, ""30"": 2, ""37"": 1, ""41"": 1, ""43"": 1}",2026-08-12T01:35:10.871048800Z,92159753,3,3,3,0,True,7,597.5309419999999,2,2,0,7|7|1097|1227|646|1079|860,1,0,1,2,0,20,43,2,0,0,10,0,0,6,Alakazam,1650450cac935c2d,714.1472,54417767,40,3,5,960,33,26,0,0,0,7,[],4,390,1,4,3,872.4869,0,4,0,0,DONE|DONE,7,v20,True,True
"[{""t"": 4, ""by"": ""opp"", ""atk"": 1071, ""card"": 742, ""dmg"": 30, ""ko"": 0, ""os"": 0}, {""t"": 6, ""by"": ""opp"", ""atk"": 1072, ""card"": 743, ""dmg"": 300, ""ko"": 1, ""os"": 1}, {""t"": 7, ""by"": ""us"", ""atk"": 937, ""card"": 648, ""dmg"": 390, ""ko"": 1, ""os"": 1}, {""t"": 8, ""by"": ""opp"", ""atk"": 1072, ""card"": 743, ""dmg"": 300, ""ko"": 0, ""os"": 0}, {""t"": 9, ""by"": ""us"", ""atk"": 937, ""card"": 648, ""dmg"": 420, ""ko"": 2, ""os"": 1}, {""t"": 10, ""by"": ""opp"", ""atk"": 1072, ""card"": 743, ""dmg"": 390, ""ko"": 1, ""os"": 0}, {""t"": 11, ""by"": ""us"", ""atk"": 937, ""card"": 648, ""dmg"": 390, ""ko"": 1, ""os"": 0}]","{""0"": 38, ""1"": 1, ""3"": 2, ""4"": 2, ""5"": 1, ""7"": 11, ""8"": 1, ""13"": 7, ""15"": 3, ""16"": 7, ""21"": 3, ""22"": 1, ""30"": 1, ""38"": 1, ""40"": 7, ""41"": 1, ""43"": 2}",2026-08-12T01:39:10.600016200Z,92160687,7,7,7,0,True,11,594.4645650000002,1,2,0,1152|7|112|1086|647|7|1182,0,1,0,4,4,1020,7,4,0,2,390,1,1,3,Alakazam,cc38cb450b86770a,891.9645,55393911,89,3,6,1200,24,22,0,1,0,5,"[{""t"": 6, ""c"": 860, ""os"": true}, {""t"": 10, ""c"": 648, ""os"": false}]",6,420,0,2,1,901.9055,1,6,0,0,DONE|DONE,11,v20,True,True
"[{""t"": 6, ""by"": ""us"", ""atk"": 937, ""card"": 648, ""dmg"": 210, ""ko"": 1, ""os"": 1}, {""t"": 7, ""by"": ""opp"", ""atk"": 937, ""card"": 648, ""dmg"": 210, ""ko"": 0, ""os"": 0}, {""t"": 8, ""by"": ""us"", ""atk"": 937, ""card"": 648, ""dmg"": 210, ""ko"": 0, ""os"": 0}, {""t"": 9, ""by"": ""opp"", ""atk"": 937, ""card"": 648, ""dmg"": 210, ""ko"": 0, ""os"": 0}, {""t"": 10, ""by"": ""us"", ""atk"": 937, ""card"": 648, ""dmg"": 210, ""ko"": 1, ""os"": 0}, {""t"": 11, ""by"": ""opp"", ""atk"": 937, ""card"": 648, ""dmg"": 210, ""ko"": 0, ""os"": 0}, {""t"": 12, ""by"": ""us"", ""atk"": 937, ""card"": 648, ""dmg"": 210, ""ko"": 1, ""os"": 0}, {""t"": 13, ""by"": ""opp"", ""atk"": 937, ""card"": 648, ""dmg"": 210, ""ko"": 1, ""os"": 0}, {""t"": 14, ""by"": ""us"", ""atk"": 937, ""card"": 648, ""dmg"": 210, ""ko"": 1, ""os"": 0}]","{""0"": 49, ""1"": 1, ""3"": 2, ""4"": 1, ""5"": 1, ""7"": 17, ""13"": 12, ""15"": 5, ""16"": 12, ""21"": 6, ""22"": 2, ""30"": 3, ""40"": 12, ""43"": 3}",2026-08-12T01:43:12.357911400Z,92161629,6,6,6,,False,14,591.7410870000002,1,0,1,1227|646|1259|104|1259|648|1219,1,0,0,4,4,840,14,7,1,1,210,0,0,4,Grimmsnarl (mirror),9714ab5c3996f6cc,953.9682,55390724,126,5,5,1050,27,30,0,1,0,2,"[{""t"": 13, ""c"": 648, ""os"": false}]",5,210,0,1,2,947.4014,0,7,0,1,DONE|DONE,14,v20,False,True
"[{""t"": 3, ""by"": ""us"", ""atk"": 937, ""card"": 648, ""dmg"": 180, ""ko"": 0, ""os"": 0}, {""t"": 4, ""by"": ""opp"", ""atk"": 120, ""card"": 96, ""dmg"": 360, ""ko"": 1, ""os"": 1}, {""t"": 5, ""by"": ""us"", ""atk"": 937, ""card"": 648, ""dmg"": 210, ""ko"": 1, ""os"": 0}, {""t"": 6, ""by"": ""opp"", ""atk"": 120, ""card"": 96, ""dmg"": 360, ""ko"": 1, ""os"": 1}, {""t"": 8, ""by"": ""opp"", ""atk"": 120, ""card"": 96, ""dmg"": 170, ""ko"": 1, ""os"": 0}, {""t"": 9, ""by"": ""us"", ""atk"": 937, ""card"": 648, ""dmg"": 230, ""ko"": 2, ""os"": 0}, {""t"": 11, ""by"": ""us"", ""atk"": 937, ""card"": 648, ""dmg"": 180, ""ko"": 1, ""os"": 0}]","{""0"": 44, ""1"": 1, ""2"": 1, ""3"": 2, ""4"": 3, ""5"": 1, ""7"": 15, ""13"": 3, ""15"": 3, ""16"": 3, ""21"": 7, ""22"": 3, ""27"": 1, ""30"": 2, ""37"": 2, ""40"": 3, ""41"": 1, ""43"": 3}",2026-08-12T01:47:12.629206Z,92162566,3,3,3,0,True,11,593.8296790000002,2,0,2,112|1259|1227|1152|112|648|648,0,0,0,3,0,890,34,4,0,3,360,0,2,1,Mega Lopunny / Froslass,beb28c5389bf9e1f,1027.2661,55430330,98,4,5,800,16,36,0,2,2,4,"[{""t"": 4, ""c"": 648, ""os"": true}, {""t"": 6, ""c"": 648, ""os"": true}, {""t"": 8, ""c"": 112, ""os"": false}]",4,230,0,0,1,988.9671,1,6,0,0,DONE|DONE,11,v20,True,True
"[{""t"": 6, ""by"": ""us"", ""atk"": 937, ""card"": 648, ""dmg"": 390, ""ko"": 1, ""os"": 1}, {""t"": 7, ""by"": ""opp"", ""atk"": 937, ""card"": 648, ""dmg"": 210, ""ko"": 0, ""os"": 0}, {""t"": 8, ""by"": ""us"", ""atk"": 937, ""card"": 648, ""dmg"": 210, ""ko"": 0, ""os"": 0}, {""t"": 9, ""by"": ""opp"", ""atk"": 937, ""card"": 648, ""dmg"": 210, ""ko"": 2, ""os"": 0}, {""t"": 10, ""by"": ""us"", ""atk"": 937, ""card"": 648, ""dmg"": 210, ""ko"": 0, ""os"": 0}, {""t"": 11, ""by"": ""opp"", ""atk"": 937, ""card"": 648, ""dmg"": 210, ""ko"": 1, ""os"": 0}, {""t"": 12, ""by"": ""us"", ""atk"": 934, ""card"": 646, ""dmg"": 0, ""ko"": 0, ""os"": 0}, {""t"": 13, ""by"": ""opp"", ""atk"": 937, ""card"": 648, ""dmg"": 210, ""ko"": 1, ""os"": 0}, {""t"": 15, ""by"": ""opp"", ""atk"": 937, ""card"": 648, ""dmg"": 390, ""ko"": 1, ""os"": 0}]","{""0"": 43, ""1"": 1, ""3"": 3, ""4"": 2, ""5"": 1, ""7"": 15, ""13"": 2, ""15"": 3, ""16"": 2, ""21"": 5, ""22"": 2, ""27"": 1, ""30"": 4, ""40"": 2, ""43"": 2}",2026-08-12T01:51:16.381083400Z,92163498,6,6,6,,False,15,595.9184630000001,1,3,0,7|7|7|112|1137|647|1080,0,1,0,5,5,1230,27,7,0,5,390,0,0,1,Grimmsnarl (mirror),21c3f20980827cb2,980.6288,55409731,88,4,1,810,20,27,0,1,0,6,"[{""t"": 9, ""c"": 648, ""os"": false}, {""t"": 9, ""c"": 112, ""os"": false}, {""t"": 11, ""c"": 646, ""os"": false}, {""t"": 13, ""c"": 646, ""os"": false}, {""t"": 15, ""c"": 112, ""os"": false}]",1,390,1,1,5,1029.3313,4,7,1,1,DONE|DONE,15,v20,False,False
"[{""t"": 3, ""by"": ""opp"", ""atk"": 1225, ""card"": 849, ""dmg"": 230, ""ko"": 1, ""os"": 1}, {""t"": 4, ""by"": ""us"", ""atk"": 937, ""card"": 648, ""dmg"": 210, ""ko"": 0, ""os"": 0}, {""t"": 5, ""by"": ""opp"", ""atk"": 1240, ""card"": 861, ""dmg"": 200, ""ko"": 0, ""os"": 0}, {""t"": 6, ""by"": ""us"", ""atk"": 937, ""card"": 648, ""dmg"": 210, ""ko"": 1, ""os"": 0}, {""t"": 7, ""by"": ""opp"", ""atk"": 1240, ""card"": 861, ""dmg"": 200, ""ko"": 0, ""os"": 0}, {""t"": 8, ""by"": ""us"", ""atk"": 937, ""card"": 648, ""dmg"": 210, ""ko"": 0, ""os"": 0}, {""t"": 9, ""by"": ""opp"", ""atk"": 1240, ""card"": 861, ""dmg"": 220, ""ko"": 1, ""os"": 0}, {""t"": 10, ""by"": ""us"", ""atk"": 937, ""card"": 648, ""dmg"": 220, ""ko"": 0, ""os"": 0}, {""t"": 11, ""by"": ""opp"", ""atk"": 1225, ""card"": 849, ""dmg"": 250, ""ko"": 1, ""os"": 0}, {""t"": 13, ""by"": ""opp"", ""atk"": 1226, ""card"": 849, ""dmg"": 160, ""ko"": 1, ""os"": 0}]","{""0"": 50, ""1"": 1, ""3"": 3, ""4"": 3, ""5"": 2, ""7"": 12, ""13"": 5, ""15"": 4, ""16"": 5, ""21"": 5, ""22"": 2, ""30"": 4, ""37"": 1, ""40"": 5, ""43"": 2}",2026-08-12T01:55:11.142900700Z,92164441,4,4,4,,False,13,593.18612,1,1,1,1182|1086|647|7|1259|648|860,0,1,0,6,5,1260,7,3,0,4,250,0,1,1,Mega Lopunny / Froslass,a7ee29914c1dce64,1025.7026,55441017,104,4,5,850,15,60,0,2,0,4,"[{""t"": 3, ""c"": 646, ""os"": true}, {""t"": 9, ""c"": 648, ""os"": false}, {""t"": 11, ""c"": 648, ""os"": false}, {""t"": 13, ""c"": 112, ""os"": false}]",3,220,4,0,3,992.3711,2,6,0,1,DONE|DONE,13,v20,False,False
"[{""t"": 5, ""by"": ""opp"", ""atk"": 154, ""card"": 121, ""dmg"": 280, ""ko"": 2, ""os"": 2}, {""t"": 7, ""by"": ""opp"", ""atk"": 154, ""card"": 121, ""dmg"": 270, ""ko"": 1, ""os"": 0}, {""t"": 8, ""by"": ""us"", ""atk"": 937, ""card"": 648, ""dmg"": 240, ""ko"": 1, ""os"": 0}, {""t"": 9, ""by"": ""opp"", ""atk"": 154, ""card"": 121, ""dmg"": 280, ""ko"": 0, ""os"": 0}, {""t"": 10, ""by"": ""us"", ""atk"": 937, ""card"": 648, ""dmg"": 230, ""ko"": 2, ""os"": 0}, {""t"": 11, ""by"": ""opp"", ""atk"": 154, ""card"": 121, ""dmg"": 260, ""ko"": 1, ""os"": 1}]","{""0"": 28, ""1"": 1, ""2"": 1, ""3"": 1, ""4"": 2, ""5"": 1, ""7"": 9, ""13"": 3, ""15"": 2, ""16"": 3, ""21"": 3, ""22"": 1, ""37"": 1, ""40"": 3, ""43"": 1}",2026-08-12T01:55:11.393215300Z,92164599,8,8,8,,False,11,594.2253699999999,2,1,0,7|1152|104|1259|646|1182|860,1,0,0,4,4,1090,15,5,0,4,280,0,3,2,Dragapult,202ee2cec6cbe8b4,1007.1823,55443978,60,2,2,470,28,19,0,0,0,5,"[{""t"": 5, ""c"": 646, ""os"": true}, {""t"": 5, ""c"": 646, ""os"": true}, {""t"": 7, ""c"": 112, ""os"": false}, {""t"": 11, ""c"": 647, ""os"": true}]",3,240,0,0,2,967.3013,4,5,0,1,DONE|DONE,11,v20,False,False
"[{""t"": 3, ""by"": ""us"", ""atk"": 937, ""card"": 648, ""dmg"": 400, ""ko"": 1, ""os"": 1}, {""t"": 4, ""by"": ""opp"", ""atk"": 937, ""card"": 648, ""dmg"": 230, ""ko"": 1, ""os"": 0}, {""t"": 5, ""by"": ""us"", ""atk"": 937, ""card"": 648, ""dmg"": 240, ""ko"": 0, ""os"": 0}, {""t"": 6, ""by"": ""opp"", ""atk"": 937, ""card"": 648, ""dmg"": 250, ""ko"": 1, ""os"": 0}, {""t"": 7, ""by"": ""us"", ""atk"": 937, ""card"": 648, ""dmg"": 250, ""ko"": 0, ""os"": 0}, {""t"": 8, ""by"": ""opp"", ""atk"": 937, ""card"": 648, ""dmg"": 230, ""ko"": 2, ""os"": 0}]","{""0"": 37, ""1"": 1, ""2"": 1, ""3"": 3, ""4"": 1, ""5"": 2, ""7"": 11, ""13"": 2, ""15"": 3, ""16"": 2, ""21"": 6, ""22"": 2, ""30"": 3, ""37"": 1, ""40"": 2, ""41"": 1, ""43"": 2}",2026-08-12T01:59:10.686834500Z,92165385,3,3,3,0,True,10,594.6050069999998,2,2,0,7|7|1086|1079|860|860|1259,0,0,1,3,6,710,21,4,0,5,250,0,0,1,Grimmsnarl (mirror),9714ab5c3996f6cc,917.7787,55444068,80,3,5,890,18,27,0,1,0,4,"[{""t"": 4, ""c"": 646, ""os"": false}, {""t"": 6, ""c"": 112, ""os"": false}, {""t"": 8, ""c"": 648, ""os"": false}, {""t"": 8, ""c"": 112, ""os"": false}, {""t"": 10, ""c"": 112, ""os"": false}]",1,400,1,1,5,945.1571,4,5,0,0,DONE|DONE,10,v20,True,False
"[{""t"": 2, ""by"": ""us"", ""atk"": 934, ""card"": 646, ""dmg"": 0, ""ko"": 0, ""os"": 0}, {""t"": 4, ""by"": ""us"", ""atk"": 937, ""card"": 648, ""dmg"": 230, ""ko"": 0, ""os"": 0}, {""t"": 6, ""by"": ""us"", ""atk"": 937, ""card"": 648, ""dmg"": 200, ""ko"": 1, ""os"": 0}, {""t"": 7, ""by"": ""opp"", ""atk"": 479, ""card"": 345, ""dmg"": 270, ""ko"": 0, ""os"": 0}, {""t"": 8, ""by"": ""us"", ""atk"": 937, ""card"": 648, ""dmg"": 50, ""ko"": 0, ""os"": 0}, {""t"": 9, ""by"": ""opp"", ""atk"": 479, ""card"": 345, ""dmg"": 270, ""ko"": 1, ""os"": 0}, {""t"": 10, ""by"": ""us"", ""atk"": 937, ""card"": 648, ""dmg"": 40, ""ko"": 1, ""os"": 0}, {""t"": 11, ""by"": ""opp"", ""atk"": 479, ""card"": 345, ""dmg"": 280, ""ko"": 0, ""os"": 0}, {""t"": 12, ""by"": ""us"", ""atk"": 937, ""card"": 648, ""dmg"": 190, ""ko"": 1, ""os"": 1}, {""t"": 13, ""by"": ""opp"", ""atk"": 479, ""card"": 345, ""dmg"": 280, ""ko"": 1, ""os"": 0}, {""t"": 14, ""by"": ""us"", ""atk"": 937, ""card"": 648, ""dmg"": 40, ""ko"": 0, ""os"": 0}, {""t"": 15, ""by"": ""opp"", ""atk"": 479, ""card"": 345, ""dmg"": 280, ""ko"": 0, ""os"": 0}]","{""0"": 46, ""1"": 1, ""3"": 1, ""4"": 2, ""5"": 2, ""7"": 16, ""8"": 1, ""13"": 7, ""15"": 6, ""16"": 7, ""21"": 7, ""22"": 3, ""27"": 1, ""37"": 1, ""38"": 1, ""40"": 7, ""43"": 3}",2026-08-12T02:03:11.383819500Z,92166327,2,4,4,,False,16,595.2435720000002,1,1,0,647|1086|1219|7|1219|646|647,1,2,0,5,1,1380,30,7,0,2,280,4,0,2,Kangaskhan / Crustle,36308472ad6655a5,876.8227,55305966,112,7,6,750,6,33,0,2,0,6,"[{""t"": 9, ""c"": 648, ""os"": false}, {""t"": 13, ""c"": 648, ""os"": false}]",4,230,0,1,1,919.2892,0,8,1,1,DONE|DONE,16,v20,False,True
"[{""t"": 3, ""by"": ""us"", ""atk"": 934, ""card"": 646, ""dmg"": 0, ""ko"": 0, ""os"": 0}, {""t"": 5, ""by"": ""us"", ""atk"": 937, ""card"": 648, ""dmg"": 210, ""ko"": 0, ""os"": 0}, {""t"": 6, ""by"": ""opp"", ""atk"": 478, ""card"": 344, ""dmg"": 0, ""ko"": 0, ""os"": 0}, {""t"": 7, ""by"": ""us"", ""atk"": 937, ""card"": 648, ""dmg"": 210, ""ko"": 1, ""os"": 1}, {""t"": 8, ""by"": ""opp"", ""atk"": 479, ""card"": 345, ""dmg"": 120, ""ko"": 1, ""os"": 1}, {""t"": 9, ""by"": ""us"", ""atk"": 937, ""card"": 648, ""dmg"": 50, ""ko"": 0, ""os"": 0}, {""t"": 10, ""by"": ""opp"", ""atk"": 479, ""card"": 345, ""dmg"": 270, ""ko"": 0, ""os"": 0}, {""t"": 11, ""by"": ""us"", ""atk"": 937, ""card"": 648, ""dmg"": 50, ""ko"": 1, ""os"": 0}, {""t"": 12, ""by"": ""opp"", ""atk"": 479, ""card"": 345, ""dmg"": 280, ""ko"": 0, ""os"": 0}, {""t"": 13, ""by"": ""us"", ""atk"": 936, ""card"": 647, ""dmg"": 60, ""ko"": 1, ""os"": 0}]","{""0"": 44, ""1"": 1, ""2"": 1, ""3"": 4, ""4"": 1, ""5"": 1, ""7"": 13, ""13"": 3, ""15"": 4, ""16"": 3, ""21"": 4, ""22"": 2, ""30"": 5, ""37"": 1, ""40"": 3, ""41"": 1, ""43"": 2}",2026-08-12T02:07:11.033902800Z,92167269,3,5,5,0,True,13,593.3733620000004,2,2,0,646|7|1219|1182|7|860|1227,1,0,0,4,0,670,33,6,0,1,280,0,1,5,Kangaskhan / Crustle,9b415cc6bbdf6fd5,913.3124,55443106,93,6,6,580,16,54,0,0,0,7,"[{""t"": 8, ""c"": 112, ""os"": true}]",3,210,2,1,2,938.1419,1,7,1,0,DONE|DONE,13,v20,True,True
"[{""t"": 3, ""by"": ""opp"", ""atk"": 1225, ""card"": 849, ""dmg"": 230, ""ko"": 1, ""os"": 1}, {""t"": 6, ""by"": ""us"", ""atk"": 937, ""card"": 648, ""dmg"": 210, ""ko"": 1, ""os"": 1}, {""t"": 7, ""by"": ""opp"", ""atk"": 1240, ""card"": 861, ""dmg"": 350, ""ko"": 1, ""os"": 1}, {""t"": 8, ""by"": ""us"", ""atk"": 937, ""card"": 648, ""dmg"": 210, ""ko"": 0, ""os"": 0}, {""t"": 9, ""by"": ""opp"", ""atk"": 1225, ""card"": 849, ""dmg"": 230, ""ko"": 0, ""os"": 0}, {""t"": 10, ""by"": ""us"", ""atk"": 937, ""card"": 648, ""dmg"": 210, ""ko"": 0, ""os"": 0}, {""t"": 11, ""by"": ""opp"", ""atk"": 1240, ""card"": 861, ""dmg"": 250, ""ko"": 1, ""os"": 0}, {""t"": 13, ""by"": ""opp"", ""atk"": 1240, ""card"": 861, ""dmg"": 250, ""ko"": 1, ""os"": 1}]","{""0"": 50, ""1"": 1, ""3"": 2, ""4"": 3, ""5"": 1, ""7"": 16, ""8"": 1, ""13"": 3, ""15"": 3, ""16"": 3, ""21"": 5, ""22"": 2, ""27"": 1, ""30"": 2, ""37"": 1, ""38"": 1, ""40"": 3, ""43"": 2}",2026-08-12T02:07:11.219405800Z,92167385,6,6,6,,False,13,593.2272209999998,1,3,1,7|1259|860|648|7|7|1259,0,0,0,5,3,1310,13,3,0,4,350,1,3,1,Mega Lopunny / Froslass,a7ee29914c1dce64,1060.0871,55443913,100,3,5,630,11,35,0,2,1,5,"[{""t"": 3, ""c"": 860, ""os"": true}, {""t"": 7, ""c"": 648, ""os"": true}, {""t"": 11, ""c"": 648, ""os"": false}, {""t"": 13, ""c"": 647, ""os"": true}]",2,210,0,1,4,956.7802,2,6,0,1,DONE|DONE,13,v20,False,False
"[{""t"": 2, ""by"": ""opp"", ""atk"": 478, ""card"": 344, ""dmg"": 0, ""ko"": 0, ""os"": 0}, {""t"": 6, ""by"": ""opp"", ""atk"": 479, ""card"": 345, ""dmg"": 120, ""ko"": 1, ""os"": 1}, {""t"": 7, ""by"": ""us"", ""atk"": 937, ""card"": 648, ""dmg"": 0, ""ko"": 0, ""os"": 0}, {""t"": 8, ""by"": ""opp"", ""atk"": 479, ""card"": 345, ""dmg"": 120, ""ko"": 1, ""os"": 1}, {""t"": 9, ""by"": ""us"", ""atk"": 937, ""card"": 648, ""dmg"": 0, ""ko"": 0, ""os"": 0}, {""t"": 11, ""by"": ""us"", ""atk"": 937, ""card"": 648, ""dmg"": 0, ""ko"": 0, ""os"": 0}, {""t"": 13, ""by"": ""us"", ""atk"": 937, ""card"": 648, ""dmg"": 0, ""ko"": 0, ""os"": 0}, {""t"": 15, ""by"": ""us"", ""atk"": 937, ""card"": 648, ""dmg"": 0, ""ko"": 0, ""os"": 0}, {""t"": 17, ""by"": ""us"", ""atk"": 937, ""card"": 648, ""dmg"": 0, ""ko"": 0, ""os"": 0}, {""t"": 19, ""by"": ""us"", ""atk"": 937, ""card"": 648, ""dmg"": 0, ""ko"": 0, ""os"": 0}, {""t"": 21, ""by"": ""us"", ""atk"": 937, ""card"": 648, ""dmg"": 0, ""ko"": 0, ""os"": 0}, {""t"": 23, ""by"": ""us"", ""atk"": 937, ""card"": 648, ""dmg"": 0, ""ko"": 0, ""os"": 0}]","{""0"": 58, ""1"": 1, ""2"": 1, ""4"": 2, ""5"": 1, ""7"": 16, ""8"": 2, ""13"": 2, ""16"": 2, ""21"": 2, ""22"": 1, ""41"": 1, ""43"": 2}",2026-08-12T02:11:10.740917700Z,92168220,7,7,7,0,True,24,595.7742579999999,2,1,0,112|1097|1219|7|104|112|647,0,1,0,3,1,240,32,2,0,2,120,0,2,4,Kangaskhan / Crustle,2615cb184074e798,880.811,55407664,91,9,6,0,0,74,0,0,0,13,"[{""t"": 6, ""c"": 104, ""os"": true}, {""t"": 8, ""c"": 860, ""os"": true}]",0,0,2,0,6,944.0512,2,12,9,0,DONE|DONE,24,v20,True,False
"[{""t"": 3, ""by"": ""opp"", ""atk"": 1240, ""card"": 861, ""dmg"": 150, ""ko"": 1, ""os"": 1}, {""t"": 5, ""by"": ""opp"", ""atk"": 1240, ""card"": 861, ""dmg"": 0, ""ko"": 0, ""os"": 0}, {""t"": 6, ""by"": ""us"", ""atk"": 937, ""card"": 648, ""dmg"": 210, ""ko"": 0, ""os"": 0}, {""t"": 7, ""by"": ""opp"", ""atk"": 1240, ""card"": 861, ""dmg"": 50, ""ko"": 0, ""os"": 0}, {""t"": 8, ""by"": ""us"", ""atk"": 937, ""card"": 648, ""dmg"": 210, ""ko"": 1, ""os"": 0}, {""t"": 9, ""by"": ""opp"", ""atk"": 1240, ""card"": 861, ""dmg"": 300, ""ko"": 0, ""os"": 0}, {""t"": 10, ""by"": ""us"", ""atk"": 937, ""card"": 648, ""dmg"": 210, ""ko"": 0, ""os"": 0}, {""t"": 12, ""by"": ""us"", ""atk"": 937, ""card"": 648, ""dmg"": 210, ""ko"": 0, ""os"": 0}, {""t"": 13, ""by"": ""opp"", ""atk"": 1225, ""card"": 849, ""dmg"": 230, ""ko"": 0, ""os"": 0}, {""t"": 14, ""by"": ""us"", ""atk"": 937, ""card"": 648, ""dmg"": 210, ""ko"": 0, ""os"": 0}, {""t"": 18, ""by"": ""us"", ""atk"": 937, ""card"": 648, ""dmg"": 210, ""ko"": 1, ""os"": 0}]","{""0"": 56, ""1"": 1, ""2"": 1, ""3"": 3, ""4"": 1, ""5"": 2, ""7"": 14, ""13"": 12, ""15"": 6, ""16"": 12, ""21"": 6, ""22"": 2, ""27"": 1, ""30"": 3, ""40"": 12, ""43"": 2}",2026-08-12T02:15:11.184687200Z,92169244,6,6,6,,False,18,593.7859739999994,2,1,0,1097|1152|646|7|1086|1259|112,1,0,0,5,4,730,20,3,0,1,300,0,1,5,Mega Lopunny / Froslass,a7ee29914c1dce64,904.6512,55408195,134,6,6,1260,14,36,0,0,0,6,"[{""t"": 3, ""c"": 646, ""os"": true}]",3,210,0,0,2,921.6175,1,9,0,1,DONE|DONE,18,v20,False,True
"[{""t"": 2, ""by"": ""opp"", ""atk"": 934, ""card"": 646, ""dmg"": 0, ""ko"": 0, ""os"": 0}, {""t"": 3, ""by"": ""us"", ""atk"": 937, ""card"": 648, ""dmg"": 210, ""ko"": 1, ""os"": 1}, {""t"": 4, ""by"": ""opp"", ""atk"": 937, ""card"": 648, ""dmg"": 210, ""ko"": 0, ""os"": 0}, {""t"": 5, ""by"": ""us"", ""atk"": 937, ""card"": 648, ""dmg"": 210, ""ko"": 1, ""os"": 0}, {""t"": 6, ""by"": ""opp"", ""atk"": 937, ""card"": 648, ""dmg"": 290, ""ko"": 2, ""os"": 0}, {""t"": 7, ""by"": ""us"", ""atk"": 937, ""card"": 648, ""dmg"": 210, ""ko"": 2, ""os"": 0}, {""t"": 8, ""by"": ""opp"", ""atk"": 937, ""card"": 648, ""dmg"": 310, ""ko"": 0, ""os"": 0}]","{""0"": 39, ""1"": 1, ""3"": 1, ""4"": 1, ""5"": 1, ""7"": 14, ""13"": 8, ""15"": 3, ""16"": 8, ""21"": 5, ""22"": 2, ""30"": 1, ""34"": 2, ""37"": 1, ""40"": 8, ""41"": 1, ""43"": 2}",2026-08-12T02:19:11.012400700Z,92170091,3,3,3,0,True,9,593.5891540000002,1,1,0,1227|7|1259|1259|1152|112|1137,0,0,0,4,3,810,20,2,1,2,310,0,0,3,Grimmsnarl (mirror),9714ab5c3996f6cc,884.0121,55318486,98,3,5,630,20,40,0,1,0,10,"[{""t"": 6, ""c"": 646, ""os"": false}, {""t"": 6, ""c"": 648, ""os"": false}]",5,210,1,1,1,937.6039,1,5,0,0,DONE|DONE,9,v20,True,True
"[{""t"": 3, ""by"": ""opp"", ""atk"": 1072, ""card"": 743, ""dmg"": 200, ""ko"": 1, ""os"": 1}, {""t"": 5, ""by"": ""opp"", ""atk"": 1072, ""card"": 743, ""dmg"": 180, ""ko"": 1, ""os"": 1}, {""t"": 6, ""by"": ""us"", ""atk"": 937, ""card"": 648, ""dmg"": 410, ""ko"": 1, ""os"": 0}, {""t"": 7, ""by"": ""opp"", ""atk"": 1072, ""card"": 743, ""dmg"": 390, ""ko"": 1, ""os"": 0}, {""t"": 8, ""by"": ""us"", ""atk"": 937, ""card"": 648, ""dmg"": 400, ""ko"": 1, ""os"": 0}, {""t"": 9, ""by"": ""opp"", ""atk"": 1072, ""card"": 743, ""dmg"": 140, ""ko"": 1, ""os"": 1}, {""t"": 10, ""by"": ""us"", ""atk"": 937, ""card"": 648, ""dmg"": 390, ""ko"": 2, ""os"": 0}, {""t"": 11, ""by"": ""opp"", ""atk"": 1072, ""card"": 743, ""dmg"": 320, ""ko"": 1, ""os"": 1}]","{""0"": 37, ""1"": 1, ""2"": 1, ""3"": 1, ""4"": 4, ""5"": 1, ""7"": 16, ""13"": 4, ""15"": 3, ""16"": 4, ""21"": 5, ""22"": 2, ""30"": 1, ""37"": 1, ""40"": 2, ""43"": 2}",2026-08-12T02:23:10.789347600Z,92171043,6,6,6,,False,11,593.7508589999993,2,1,0,7|647|860|1259|647|112|1182,0,2,0,5,2,1230,14,3,0,5,390,0,4,1,Alakazam,cc38cb450b86770a,898.0652,55436166,85,3,4,1200,18,25,0,2,1,7,"[{""t"": 3, ""c"": 646, ""os"": true}, {""t"": 5, ""c"": 104, ""os"": true}, {""t"": 7, ""c"": 648, ""os"": false}, {""t"": 9, ""c"": 104, ""os"": true}, {""t"": 11, ""c"": 648, ""os"": true}]",5,410,0,0,1,950.7309,3,5,0,1,DONE|DONE,11,v20,False,False
"[{""t"": 4, ""by"": ""opp"", ""atk"": 934, ""card"": 646, ""dmg"": 0, ""ko"": 0, ""os"": 0}, {""t"": 5, ""by"": ""us"", ""atk"": 937, ""card"": 648, ""dmg"": 210, ""ko"": 1, ""os"": 1}, {""t"": 6, ""by"": ""opp"", ""atk"": 937, ""card"": 648, ""dmg"": 210, ""ko"": 0, ""os"": 0}, {""t"": 7, ""by"": ""us"", ""atk"": 937, ""card"": 648, ""dmg"": 210, ""ko"": 1, ""os"": 0}, {""t"": 8, ""by"": ""opp"", ""atk"": 937, ""card"": 648, ""dmg"": 210, ""ko"": 1, ""os"": 0}, {""t"": 9, ""by"": ""us"", ""atk"": 937, ""card"": 648, ""dmg"": 210, ""ko"": 1, ""os"": 0}, {""t"": 10, ""by"": ""opp"", ""atk"": 937, ""card"": 648, ""dmg"": 210, ""ko"": 0, ""os"": 0}, {""t"": 11, ""by"": ""us"", ""atk"": 937, ""card"": 648, ""dmg"": 210, ""ko"": 2, ""os"": 0}]","{""0"": 40, ""1"": 1, ""2"": 1, ""3"": 2, ""5"": 1, ""7"": 13, ""13"": 9, ""15"": 4, ""16"": 9, ""21"": 5, ""22"": 2, ""30"": 3, ""40"": 9, ""41"": 1, ""43"": 2}",2026-08-12T02:27:17.822940600Z,92171978,5,5,5,0,True,11,593.7817579999999,2,2,1,7|1227|7|648|112|112|1152,0,0,0,4,3,630,15,4,1,1,210,0,0,5,Grimmsnarl (mirror),9714ab5c3996f6cc,838.365,55370176,102,4,5,840,24,21,0,0,0,10,"[{""t"": 8, ""c"": 112, ""os"": false}]",5,210,0,1,1,932.5894,1,6,0,0,DONE|DONE,11,v20,True,True
"[{""t"": 2, ""by"": ""opp"", ""atk"": 1070, ""card"": 741, ""dmg"": 10, ""ko"": 0, ""os"": 0}, {""t"": 3, ""by"": ""us"", ""atk"": 934, ""card"": 646, ""dmg"": 0, ""ko"": 0, ""os"": 0}, {""t"": 6, ""by"": ""opp"", ""atk"": 1072, ""card"": 743, ""dmg"": 240, ""ko"": 1, ""os"": 1}, {""t"": 7, ""by"": ""us"", ""atk"": 937, ""card"": 648, ""dmg"": 400, ""ko"": 1, ""os"": 0}, {""t"": 8, ""by"": ""opp"", ""atk"": 1072, ""card"": 743, ""dmg"": 130, ""ko"": 0, ""os"": 0}, {""t"": 9, ""by"": ""us"", ""atk"": 937, ""card"": 648, ""dmg"": 370, ""ko"": 1, ""os"": 0}, {""t"": 11, ""by"": ""us"", ""atk"": 937, ""card"": 648, ""dmg"": 180, ""ko"": 1, ""os"": 0}]","{""0"": 34, ""1"": 1, ""2"": 1, ""4"": 1, ""5"": 1, ""7"": 15, ""13"": 8, ""15"": 3, ""16"": 8, ""21"": 3, ""22"": 1, ""37"": 1, ""40"": 7, ""41"": 1, ""43"": 1}",2026-08-12T02:31:10.348469300Z,92172908,3,5,7,0,True,11,594.2391290000003,2,2,1,860|648|646|7|7|1231|1080,1,0,0,3,2,380,22,2,0,1,240,0,1,5,Alakazam,cc38cb450b86770a,938.3508,55096883,86,4,6,950,25,19,0,0,0,11,"[{""t"": 6, ""c"": 647, ""os"": true}]",4,400,0,0,1,942.5329,1,6,1,0,DONE|DONE,11,v20,True,True
"[{""t"": 3, ""by"": ""us"", ""atk"": 937, ""card"": 648, ""dmg"": 210, ""ko"": 1, ""os"": 1}, {""t"": 5, ""by"": ""us"", ""atk"": 937, ""card"": 648, ""dmg"": 210, ""ko"": 1, ""os"": 1}, {""t"": 7, ""by"": ""us"", ""atk"": 937, ""card"": 648, ""dmg"": 220, ""ko"": 1, ""os"": 0}, {""t"": 9, ""by"": ""us"", ""atk"": 937, ""card"": 648, ""dmg"": 210, ""ko"": 1, ""os"": 0}]","{""0"": 19, ""1"": 1, ""2"": 1, ""3"": 1, ""7"": 9, ""13"": 3, ""15"": 4, ""16"": 3, ""21"": 3, ""22"": 1, ""34"": 1, ""37"": 1, ""38"": 1, ""40"": 3, ""41"": 1, ""43"": 1}",2026-08-12T02:35:10.881690600Z,92173836,3,3,3,0,True,9,595.8979209999999,3,1,1,1152|860|7|646|112|1152|648,1,0,0,0,1,0,37,,0,0,0,1,0,6,Dipplin,8d3a8feb6bf84019,932.4236,55442755,53,4,5,850,35,13,0,0,0,7,[],5,220,0,2,1,956.1301,0,5,0,0,DONE|DONE,9,v20,True,True
"[{""t"": 5, ""by"": ""opp"", ""atk"": 1072, ""card"": 743, ""dmg"": 180, ""ko"": 1, ""os"": 1}, {""t"": 6, ""by"": ""us"", ""atk"": 937, ""card"": 648, ""dmg"": 360, ""ko"": 1, ""os"": 1}, {""t"": 7, ""by"": ""opp"", ""atk"": 1072, ""card"": 743, ""dmg"": 360, ""ko"": 1, ""os"": 1}, {""t"": 8, ""by"": ""us"", ""atk"": 937, ""card"": 648, ""dmg"": 390, ""ko"": 1, ""os"": 1}, {""t"": 9, ""by"": ""opp"", ""atk"": 1072, ""card"": 743, ""dmg"": 120, ""ko"": 0, ""os"": 0}, {""t"": 10, ""by"": ""us"", ""atk"": 937, ""card"": 648, ""dmg"": 400, ""ko"": 1, ""os"": 0}, {""t"": 11, ""by"": ""opp"", ""atk"": 1072, ""card"": 743, ""dmg"": 250, ""ko"": 0, ""os"": 0}, {""t"": 12, ""by"": ""us"", ""atk"": 937, ""card"": 648, ""dmg"": 360, ""ko"": 1, ""os"": 0}]","{""0"": 46, ""1"": 1, ""2"": 1, ""3"": 2, ""4"": 2, ""5"": 1, ""7"": 20, ""13"": 6, ""15"": 4, ""16"": 6, ""21"": 8, ""22"": 3, ""30"": 1, ""37"": 1, ""38"": 1, ""40"": 4, ""43"": 3}",2026-08-12T02:39:10.546762700Z,92174768,6,6,6,,False,12,594.6629540000004,2,0,0,646|1231|1227|104|1097|112|1259,1,0,0,4,3,910,17,5,0,2,360,1,2,3,Alakazam,cc38cb450b86770a,965.1626,55395289,110,4,6,1510,12,27,0,1,1,7,"[{""t"": 5, ""c"": 104, ""os"": true}, {""t"": 7, ""c"": 648, ""os"": true}]",6,400,0,2,1,968.1436,1,6,0,1,DONE|DONE,12,v20,False,True
"[{""t"": 3, ""by"": ""us"", ""atk"": 937, ""card"": 648, ""dmg"": 210, ""ko"": 1, ""os"": 1}, {""t"": 5, ""by"": ""us"", ""atk"": 937, ""card"": 648, ""dmg"": 210, ""ko"": 1, ""os"": 1}, {""t"": 6, ""by"": ""opp"", ""atk"": 475, ""card"": 341, ""dmg"": 100, ""ko"": 0, ""os"": 0}, {""t"": 7, ""by"": ""us"", ""atk"": 937, ""card"": 648, ""dmg"": 210, ""ko"": 1, ""os"": 1}, {""t"": 9, ""by"": ""us"", ""atk"": 937, ""card"": 648, ""dmg"": 210, ""ko"": 2, ""os"": 1}]","{""0"": 26, ""1"": 1, ""2"": 1, ""3"": 1, ""5"": 1, ""7"": 12, ""13"": 2, ""15"": 4, ""16"": 2, ""21"": 6, ""22"": 2, ""30"": 1, ""37"": 2, ""38"": 1, ""40"": 2, ""41"": 1, ""43"": 2}",2026-08-12T02:43:10.421646100Z,92175704,3,3,3,0,True,9,595.4170979999999,1,1,1,112|1079|7|1122|648|1219|1259,0,0,1,1,3,100,33,6,0,0,100,1,0,6,other: Cynthia's Garchomp ex,daff2ed17de6145d,903.204,55273269,67,4,6,840,21,27,0,0,0,11,[],6,210,0,4,1,980.593,0,5,0,0,DONE|DONE,9,v20,True,True
"[{""t"": 4, ""by"": ""opp"", ""atk"": 937, ""card"": 648, ""dmg"": 210, ""ko"": 1, ""os"": 1}, {""t"": 5, ""by"": ""us"", ""atk"": 937, ""card"": 648, ""dmg"": 210, ""ko"": 1, ""os"": 1}, {""t"": 6, ""by"": ""opp"", ""atk"": 937, ""card"": 648, ""dmg"": 210, ""ko"": 0, ""os"": 0}, {""t"": 7, ""by"": ""us"", ""atk"": 937, ""card"": 648, ""dmg"": 210, ""ko"": 0, ""os"": 0}, {""t"": 8, ""by"": ""opp"", ""atk"": 937, ""card"": 648, ""dmg"": 210, ""ko"": 1, ""os"": 0}, {""t"": 9, ""by"": ""us"", ""atk"": 937, ""card"": 648, ""dmg"": 210, ""ko"": 0, ""os"": 0}, {""t"": 10, ""by"": ""opp"", ""atk"": 937, ""card"": 648, ""dmg"": 210, ""ko"": 0, ""os"": 0}, {""t"": 11, ""by"": ""us"", ""atk"": 937, ""card"": 648, ""dmg"": 210, ""ko"": 1, ""os"": 0}, {""t"": 13, ""by"": ""us"", ""atk"": 937, ""card"": 648, ""dmg"": 210, ""ko"": 1, ""os"": 0}]","{""0"": 37, ""1"": 1, ""3"": 1, ""4"": 2, ""5"": 1, ""7"": 14, ""13"": 7, ""15"": 5, ""16"": 7, ""21"": 5, ""22"": 2, ""40"": 7, ""41"": 1, ""43"": 2}",2026-08-12T02:47:11.030251300Z,92176625,5,5,5,0,True,13,593.5761269999999,1,1,0,7|1259|1097|1259|1182|1152|860,0,0,0,4,2,840,27,4,2,2,210,0,1,3,Grimmsnarl (mirror),9714ab5c3996f6cc,897.1467,55443573,92,5,4,1050,25,19,0,1,0,10,"[{""t"": 4, ""c"": 860, ""os"": true}, {""t"": 8, ""c"": 648, ""os"": false}]",4,210,0,1,1,989.5042,1,7,0,0,DONE|DONE,13,v20,True,True
"[{""t"": 5, ""by"": ""us"", ""atk"": 937, ""card"": 648, ""dmg"": 390, ""ko"": 1, ""os"": 1}, {""t"": 6, ""by"": ""opp"", ""atk"": 937, ""card"": 648, ""dmg"": 390, ""ko"": 1, ""os"": 1}, {""t"": 7, ""by"": ""us"", ""atk"": 937, ""card"": 648, ""dmg"": 210, ""ko"": 0, ""os"": 0}, {""t"": 8, ""by"": ""opp"", ""atk"": 937, ""card"": 648, ""dmg"": 210, ""ko"": 0, ""os"": 0}, {""t"": 9, ""by"": ""us"", ""atk"": 937, ""card"": 648, ""dmg"": 210, ""ko"": 0, ""os"": 0}, {""t"": 10, ""by"": ""opp"", ""atk"": 937, ""card"": 648, ""dmg"": 210, ""ko"": 1, ""os"": 0}, {""t"": 11, ""by"": ""us"", ""atk"": 937, ""card"": 648, ""dmg"": 210, ""ko"": 0, ""os"": 0}, {""t"": 12, ""by"": ""opp"", ""atk"": 937, ""card"": 648, ""dmg"": 210, ""ko"": 0, ""os"": 0}, {""t"": 13, ""by"": ""us"", ""atk"": 937, ""card"": 648, ""dmg"": 210, ""ko"": 0, ""os"": 0}, {""t"": 14, ""by"": ""opp"", ""atk"": 937, ""card"": 648, ""dmg"": 210, ""ko"": 1, ""os"": 0}]","{""0"": 47, ""1"": 1, ""2"": 1, ""3"": 3, ""4"": 1, ""5"": 1, ""7"": 14, ""13"": 2, ""15"": 5, ""16"": 2, ""21"": 7, ""22"": 3, ""30"": 6, ""40"": 2, ""41"": 1, ""43"": 3}",2026-08-12T02:51:10.888414200Z,92177597,5,5,5,0,True,14,592.8392720000005,2,0,1,648|647|1259|1097|112|646|1219,1,1,0,5,6,1230,19,6,0,5,390,0,1,2,Grimmsnarl (mirror),9714ab5c3996f6cc,1028.6715,55395787,99,5,2,1230,16,33,0,1,0,4,"[{""t"": 6, ""c"": 112, ""os"": true}, {""t"": 8, ""c"": 112, ""os"": false}, {""t"": 10, ""c"": 112, ""os"": false}, {""t"": 12, ""c"": 860, ""os"": false}, {""t"": 14, ""c"": 648, ""os"": false}]",1,390,0,1,5,997.5167,4,7,0,0,DONE|DONE,14,v20,True,False
"[{""t"": 3, ""by"": ""opp"", ""atk"": 120, ""card"": 96, ""dmg"": 300, ""ko"": 1, ""os"": 1}, {""t"": 4, ""by"": ""us"", ""atk"": 937, ""card"": 648, ""dmg"": 180, ""ko"": 0, ""os"": 0}, {""t"": 5, ""by"": ""opp"", ""atk"": 120, ""card"": 96, ""dmg"": 210, ""ko"": 1, ""os"": 1}, {""t"": 6, ""by"": ""us"", ""atk"": 937, ""card"": 648, ""dmg"": 190, ""ko"": 1, ""os"": 0}, {""t"": 7, ""by"": ""opp"", ""atk"": 120, ""card"": 96, ""dmg"": 430, ""ko"": 1, ""os"": 0}, {""t"": 8, ""by"": ""us"", ""atk"": 937, ""card"": 648, ""dmg"": 180, ""ko"": 1, ""os"": 0}]","{""0"": 27, ""1"": 1, ""4"": 3, ""5"": 1, ""7"": 9, ""13"": 1, ""15"": 2, ""16"": 1, ""21"": 4, ""22"": 2, ""37"": 1, ""38"": 1, ""40"": 1, ""43"": 2}",2026-08-12T02:55:35.481904600Z,92178524,4,4,4,,False,8,597.012419,1,2,0,1097|1097|646|7|1219|7|1227,1,0,0,3,0,940,28,3,0,3,430,2,2,2,Ogerpon,0dede7cb8026e473,988.1566,55429108,56,3,4,550,25,26,0,1,0,4,"[{""t"": 3, ""c"": 646, ""os"": true}, {""t"": 5, ""c"": 112, ""os"": true}, {""t"": 7, ""c"": 648, ""os"": false}]",2,190,0,0,4,987.5382,2,4,0,1,DONE|DONE,8,v20,False,True
"[{""t"": 3, ""by"": ""opp"", ""atk"": 1042, ""card"": 721, ""dmg"": 0, ""ko"": 0, ""os"": 0}, {""t"": 5, ""by"": ""opp"", ""atk"": 1043, ""card"": 721, ""dmg"": 130, ""ko"": 1, ""os"": 1}, {""t"": 6, ""by"": ""us"", ""atk"": 937, ""card"": 648, ""dmg"": 180, ""ko"": 1, ""os"": 0}]","{""0"": 25, ""1"": 1, ""2"": 1, ""4"": 1, ""7"": 11, ""13"": 1, ""16"": 1, ""21"": 6, ""22"": 2, ""37"": 1, ""38"": 1, ""43"": 2}",2026-08-12T02:55:35.683630900Z,92178666,6,6,6,,False,6,597.0151179999999,1,0,1,648|1219|1097|647|1259|1259|860,0,1,0,2,0,130,41,3,0,1,130,1,1,5,other: Mega Abomasnow ex,087addb066c1d16f,156.6992,55434525,53,1,6,180,23,19,0,0,0,5,"[{""t"": 5, ""c"": 104, ""os"": true}]",1,180,0,0,6,987.5276,1,3,0,1,DONE|DONE,6,v20,False,True
"[{""t"": 3, ""by"": ""opp"", ""atk"": 937, ""card"": 648, ""dmg"": 210, ""ko"": 1, ""os"": 1}, {""t"": 5, ""by"": ""opp"", ""atk"": 937, ""card"": 648, ""dmg"": 210, ""ko"": 1, ""os"": 1}, {""t"": 7, ""by"": ""opp"", ""atk"": 937, ""card"": 648, ""dmg"": 210, ""ko"": 1, ""os"": 1}, {""t"": 9, ""by"": ""opp"", ""atk"": 937, ""card"": 648, ""dmg"": 210, ""ko"": 1, ""os"": 0}, {""t"": 11, ""by"": ""opp"", ""atk"": 937, ""card"": 648, ""dmg"": 210, ""ko"": 1, ""os"": 1}, {""t"": 13, ""by"": ""opp"", ""atk"": 937, ""card"": 648, ""dmg"": 210, ""ko"": 1, ""os"": 0}]","{""0"": 24, ""1"": 1, ""2"": 1, ""4"": 5, ""5"": 2, ""7"": 6, ""13"": 2, ""16"": 2, ""40"": 2}",2026-08-12T02:59:33.880296500Z,92179485,,,,,False,13,596.490446,2,0,2,1086|860|1097|1152|112|648|648,0,0,0,6,5,1260,22,3,0,6,210,0,4,1,Grimmsnarl (mirror),9714ab5c3996f6cc,984.767,55431441,45,0,3,0,33,20,0,0,0,6,"[{""t"": 3, ""c"": 860, ""os"": true}, {""t"": 5, ""c"": 647, ""os"": true}, {""t"": 7, ""c"": 647, ""os"": true}, {""t"": 9, ""c"": 646, ""os"": false}, {""t"": 11, ""c"": 646, ""os"": true}, {""t"": 13, ""c"": 860, ""os"": false}]",0,0,1,0,6,998.3368,6,6,0,1,DONE|DONE,13,v20,False,False
"[{""t"": 3, ""by"": ""opp"", ""atk"": 1072, ""card"": 743, ""dmg"": 180, ""ko"": 1, ""os"": 1}, {""t"": 4, ""by"": ""us"", ""atk"": 934, ""card"": 646, ""dmg"": 0, ""ko"": 0, ""os"": 0}, {""t"": 5, ""by"": ""opp"", ""atk"": 1072, ""card"": 743, ""dmg"": 140, ""ko"": 1, ""os"": 1}, {""t"": 6, ""by"": ""us"", ""atk"": 937, ""card"": 648, ""dmg"": 390, ""ko"": 1, ""os"": 1}, {""t"": 7, ""by"": ""opp"", ""atk"": 1072, ""card"": 743, ""dmg"": 280, ""ko"": 0, ""os"": 0}, {""t"": 8, ""by"": ""us"", ""atk"": 937, ""card"": 648, ""dmg"": 390, ""ko"": 1, ""os"": 1}, {""t"": 9, ""by"": ""opp"", ""atk"": 1072, ""card"": 743, ""dmg"": 340, ""ko"": 1, ""os"": 1}, {""t"": 10, ""by"": ""us"", ""atk"": 936, ""card"": 647, ""dmg"": 160, ""ko"": 0, ""os"": 0}, {""t"": 11, ""by"": ""opp"", ""atk"": 1072, ""card"": 743, ""dmg"": 380, ""ko"": 1, ""os"": 0}]","{""0"": 25, ""1"": 1, ""3"": 1, ""4"": 3, ""5"": 2, ""7"": 9, ""15"": 2, ""21"": 6, ""22"": 2, ""30"": 2, ""37"": 1, ""43"": 2}",2026-08-12T02:59:33.897540Z,92179504,4,6,6,,False,11,595.9032950000001,1,1,0,1137|1086|1152|1079|7|112|647,0,1,1,5,6,1320,7,3,0,4,380,0,3,2,Alakazam,cc38cb450b86770a,1036.8204,55445402,56,4,5,940,26,20,0,2,1,2,"[{""t"": 3, ""c"": 112, ""os"": true}, {""t"": 5, ""c"": 860, ""os"": true}, {""t"": 9, ""c"": 648, ""os"": true}, {""t"": 11, ""c"": 648, ""os"": false}]",2,390,1,2,3,987.4612,2,5,1,1,DONE|DONE,11,v20,False,False
"[{""t"": 5, ""by"": ""opp"", ""atk"": 937, ""card"": 648, ""dmg"": 390, ""ko"": 1, ""os"": 1}, {""t"": 6, ""by"": ""us"", ""atk"": 937, ""card"": 648, ""dmg"": 210, ""ko"": 0, ""os"": 0}, {""t"": 7, ""by"": ""opp"", ""atk"": 937, ""card"": 648, ""dmg"": 210, ""ko"": 0, ""os"": 0}, {""t"": 8, ""by"": ""us"", ""atk"": 937, ""card"": 648, ""dmg"": 210, ""ko"": 1, ""os"": 0}, {""t"": 10, ""by"": ""us"", ""atk"": 937, ""card"": 648, ""dmg"": 390, ""ko"": 1, ""os"": 1}, {""t"": 11, ""by"": ""opp"", ""atk"": 937, ""card"": 648, ""dmg"": 210, ""ko"": 0, ""os"": 0}]","{""0"": 41, ""1"": 1, ""3"": 1, ""4"": 1, ""5"": 1, ""7"": 13, ""13"": 10, ""15"": 3, ""16"": 10, ""21"": 6, ""22"": 2, ""30"": 2, ""40"": 10, ""43"": 2}",2026-08-12T03:03:18.490143300Z,92180419,6,6,6,,False,12,593.2943529999998,1,1,1,1152|648|1219|1152|7|112|1086,0,0,0,3,4,810,21,5,1,1,390,0,1,5,Grimmsnarl (mirror),6ef5d9bc5407f2ae,976.1575,55441101,103,3,6,810,23,31,0,0,0,6,"[{""t"": 5, ""c"": 112, ""os"": true}]",5,390,0,1,1,979.2425,1,6,0,1,DONE|DONE,12,v20,False,True
"[{""t"": 3, ""by"": ""us"", ""atk"": 937, ""card"": 648, ""dmg"": 210, ""ko"": 1, ""os"": 1}, {""t"": 5, ""by"": ""us"", ""atk"": 937, ""card"": 648, ""dmg"": 210, ""ko"": 1, ""os"": 1}, {""t"": 7, ""by"": ""us"", ""atk"": 937, ""card"": 648, ""dmg"": 210, ""ko"": 2, ""os"": 2}, {""t"": 9, ""by"": ""us"", ""atk"": 937, ""card"": 648, ""dmg"": 390, ""ko"": 1, ""os"": 1}, {""t"": 11, ""by"": ""us"", ""atk"": 937, ""card"": 648, ""dmg"": 210, ""ko"": 0, ""os"": 0}, {""t"": 13, ""by"": ""us"", ""atk"": 937, ""card"": 648, ""dmg"": 210, ""ko"": 0, ""os"": 0}, {""t"": 15, ""by"": ""us"", ""atk"": 937, ""card"": 648, ""dmg"": 390, ""ko"": 1, ""os"": 1}]","{""0"": 37, ""1"": 1, ""3"": 1, ""5"": 1, ""7"": 14, ""13"": 6, ""15"": 7, ""16"": 6, ""21"": 4, ""22"": 1, ""37"": 1, ""40"": 6, ""41"": 1, ""43"": 1}",2026-08-12T03:07:12.012372Z,92181351,3,3,3,0,True,15,594.7528130000002,1,1,1,1079|1227|1097|1152|7|646|648,1,0,1,0,4,0,7,,0,0,0,0,0,6,Grimmsnarl (mirror),17125d8ba1b278fc,987.5769,55437832,87,7,6,1830,22,31,0,0,0,12,[],6,390,0,6,1,988.8008,0,8,0,0,DONE|DONE,15,v20,True,True
"[{""t"": 3, ""by"": ""opp"", ""atk"": 1071, ""card"": 742, ""dmg"": 30, ""ko"": 0, ""os"": 0}, {""t"": 5, ""by"": ""opp"", ""atk"": 1072, ""card"": 743, ""dmg"": 240, ""ko"": 1, ""os"": 1}, {""t"": 6, ""by"": ""us"", ""atk"": 937, ""card"": 648, ""dmg"": 360, ""ko"": 1, ""os"": 1}, {""t"": 7, ""by"": ""opp"", ""atk"": 1072, ""card"": 743, ""dmg"": 360, ""ko"": 1, ""os"": 1}, {""t"": 8, ""by"": ""us"", ""atk"": 937, ""card"": 648, ""dmg"": 360, ""ko"": 1, ""os"": 1}, {""t"": 9, ""by"": ""opp"", ""atk"": 1071, ""card"": 742, ""dmg"": 30, ""ko"": 0, ""os"": 0}, {""t"": 10, ""by"": ""us"", ""atk"": 937, ""card"": 648, ""dmg"": 360, ""ko"": 1, ""os"": 1}, {""t"": 11, ""by"": ""opp"", ""atk"": 1072, ""card"": 743, ""dmg"": 460, ""ko"": 1, ""os"": 1}, {""t"": 13, ""by"": ""opp"", ""atk"": 1072, ""card"": 743, ""dmg"": 180, ""ko"": 1, ""os"": 1}, {""t"": 14, ""by"": ""us"", ""atk"": 937, ""card"": 648, ""dmg"": 230, ""ko"": 1, ""os"": 0}]","{""0"": 46, ""1"": 1, ""2"": 1, ""3"": 2, ""4"": 3, ""5"": 2, ""7"": 17, ""8"": 2, ""13"": 5, ""15"": 4, ""16"": 5, ""21"": 5, ""22"": 3, ""30"": 1, ""37"": 1, ""40"": 5, ""43"": 3}",2026-08-12T03:11:06.092287900Z,92182285,6,6,6,,False,14,595.0573989999999,2,2,0,1219|1152|112|7|647|112|7,0,1,0,6,3,1300,24,3,0,3,460,0,4,1,Alakazam,cc38cb450b86770a,964.0794,55444628,106,4,6,1310,10,33,0,2,2,6,"[{""t"": 5, ""c"": 112, ""os"": true}, {""t"": 7, ""c"": 648, ""os"": true}, {""t"": 11, ""c"": 648, ""os"": true}]",6,360,0,3,1,998.1047,1,7,0,1,DONE|DONE,14,v20,False,True
"[{""t"": 4, ""by"": ""us"", ""atk"": 937, ""card"": 648, ""dmg"": 210, ""ko"": 0, ""os"": 0}, {""t"": 6, ""by"": ""us"", ""atk"": 937, ""card"": 648, ""dmg"": 200, ""ko"": 1, ""os"": 0}, {""t"": 7, ""by"": ""opp"", ""atk"": 479, ""card"": 345, ""dmg"": 270, ""ko"": 0, ""os"": 0}, {""t"": 8, ""by"": ""us"", ""atk"": 937, ""card"": 648, ""dmg"": 50, ""ko"": 0, ""os"": 0}, {""t"": 9, ""by"": ""opp"", ""atk"": 479, ""card"": 345, ""dmg"": 280, ""ko"": 0, ""os"": 0}, {""t"": 10, ""by"": ""us"", ""atk"": 936, ""card"": 647, ""dmg"": 90, ""ko"": 0, ""os"": 0}, {""t"": 11, ""by"": ""opp"", ""atk"": 479, ""card"": 345, ""dmg"": 280, ""ko"": 1, ""os"": 1}, {""t"": 13, ""by"": ""opp"", ""atk"": 479, ""card"": 345, ""dmg"": 280, ""ko"": 1, ""os"": 0}, {""t"": 15, ""by"": ""opp"", ""atk"": 479, ""card"": 345, ""dmg"": 120, ""ko"": 1, ""os"": 1}, {""t"": 17, ""by"": ""opp"", ""atk"": 479, ""card"": 345, ""dmg"": 240, ""ko"": 1, ""os"": 1}, {""t"": 19, ""by"": ""opp"", ""atk"": 148, ""card"": 117, ""dmg"": 140, ""ko"": 1, ""os"": 0}]","{""0"": 79, ""1"": 1, ""3"": 3, ""4"": 4, ""7"": 21, ""8"": 1, ""13"": 17, ""15"": 3, ""16"": 17, ""21"": 5, ""22"": 2, ""27"": 1, ""30"": 5, ""37"": 1, ""40"": 16, ""43"": 2}",2026-08-12T03:15:36.341805400Z,92183225,4,4,4,,False,19,592.4395059999998,1,0,1,112|1219|648|647|1182|1080|1227,0,1,0,7,1,1610,17,7,0,5,280,0,3,1,Kangaskhan / Crustle,e867da7ee803397c,975.1998,55437097,178,4,4,550,8,43,0,1,0,3,"[{""t"": 11, ""c"": 647, ""os"": true}, {""t"": 13, ""c"": 648, ""os"": false}, {""t"": 15, ""c"": 104, ""os"": true}, {""t"": 17, ""c"": 647, ""os"": true}, {""t"": 19, ""c"": 112, ""os"": false}]",3,210,0,0,1,1006.0279,4,9,0,1,DONE|DONE,19,v20,False,False
"[{""t"": 2, ""by"": ""us"", ""atk"": 934, ""card"": 646, ""dmg"": 0, ""ko"": 0, ""os"": 0}, {""t"": 3, ""by"": ""opp"", ""atk"": 120, ""card"": 96, ""dmg"": 360, ""ko"": 1, ""os"": 1}, {""t"": 4, ""by"": ""us"", ""atk"": 937, ""card"": 648, ""dmg"": 190, ""ko"": 0, ""os"": 0}, {""t"": 5, ""by"": ""opp"", ""atk"": 120, ""card"": 96, ""dmg"": 490, ""ko"": 1, ""os"": 0}, {""t"": 6, ""by"": ""us"", ""atk"": 937, ""card"": 648, ""dmg"": 180, ""ko"": 1, ""os"": 0}]","{""0"": 23, ""1"": 1, ""2"": 1, ""4"": 2, ""5"": 2, ""7"": 8, ""21"": 6, ""22"": 2, ""37"": 1, ""38"": 1, ""43"": 2}",2026-08-12T03:19:36.582685Z,92184158,2,4,4,,False,6,597.041556,2,2,0,7|860|646|1086|1086|7|1259,1,0,0,2,0,850,42,3,0,2,490,1,1,3,Ogerpon,0dede7cb8026e473,921.3303,55366485,49,3,6,370,21,29,0,1,0,3,"[{""t"": 3, ""c"": 646, ""os"": true}, {""t"": 5, ""c"": 648, ""os"": false}]",1,190,0,0,6,996.2661,1,3,1,1,DONE|DONE,6,v20,False,True
"[{""t"": 2, ""by"": ""us"", ""atk"": 934, ""card"": 646, ""dmg"": 0, ""ko"": 0, ""os"": 0}, {""t"": 3, ""by"": ""opp"", ""atk"": 1072, ""card"": 743, ""dmg"": 200, ""ko"": 1, ""os"": 1}, {""t"": 5, ""by"": ""opp"", ""atk"": 1072, ""card"": 743, ""dmg"": 250, ""ko"": 1, ""os"": 1}, {""t"": 6, ""by"": ""us"", ""atk"": 937, ""card"": 648, ""dmg"": 400, ""ko"": 1, ""os"": 0}, {""t"": 7, ""by"": ""opp"", ""atk"": 1072, ""card"": 743, ""dmg"": 320, ""ko"": 1, ""os"": 0}, {""t"": 8, ""by"": ""us"", ""atk"": 937, ""card"": 648, ""dmg"": 400, ""ko"": 1, ""os"": 0}, {""t"": 9, ""by"": ""opp"", ""atk"": 1072, ""card"": 743, ""dmg"": 320, ""ko"": 1, ""os"": 0}]","{""0"": 30, ""1"": 1, ""4"": 3, ""7"": 10, ""13"": 2, ""15"": 2, ""16"": 2, ""21"": 4, ""22"": 2, ""40"": 2, ""43"": 2}",2026-08-12T03:23:36.214183200Z,92185044,2,6,6,,False,9,594.456952,1,0,0,1182|647|1152|1080|646|1227|1219,1,1,0,4,6,1090,17,3,0,4,320,0,2,2,Alakazam,cc38cb450b86770a,956.5632,55394655,60,3,3,800,29,20,0,2,0,4,"[{""t"": 3, ""c"": 646, ""os"": true}, {""t"": 5, ""c"": 646, ""os"": true}, {""t"": 7, ""c"": 648, ""os"": false}, {""t"": 9, ""c"": 648, ""os"": false}]",2,400,0,0,4,1002.6055,2,4,1,1,DONE|DONE,9,v20,False,False
"[{""t"": 4, ""by"": ""opp"", ""atk"": 937, ""card"": 648, ""dmg"": 210, ""ko"": 1, ""os"": 1}, {""t"": 5, ""by"": ""us"", ""atk"": 937, ""card"": 648, ""dmg"": 210, ""ko"": 0, ""os"": 0}, {""t"": 6, ""by"": ""opp"", ""atk"": 937, ""card"": 648, ""dmg"": 210, ""ko"": 0, ""os"": 0}, {""t"": 7, ""by"": ""us"", ""atk"": 937, ""card"": 648, ""dmg"": 210, ""ko"": 1, ""os"": 0}, {""t"": 8, ""by"": ""opp"", ""atk"": 937, ""card"": 648, ""dmg"": 210, ""ko"": 0, ""os"": 0}, {""t"": 9, ""by"": ""us"", ""atk"": 937, ""card"": 648, ""dmg"": 390, ""ko"": 1, ""os"": 1}, {""t"": 10, ""by"": ""opp"", ""atk"": 937, ""card"": 648, ""dmg"": 210, ""ko"": 1, ""os"": 0}]","{""0"": 41, ""1"": 1, ""3"": 2, ""4"": 2, ""7"": 11, ""13"": 11, ""15"": 3, ""16"": 11, ""21"": 2, ""22"": 1, ""37"": 1, ""40"": 11, ""41"": 1, ""43"": 1}",2026-08-12T03:27:36.377945200Z,92186042,5,5,5,0,True,11,593.346088999999,1,1,1,7|648|647|1152|1227|1219|860,0,1,0,4,3,840,18,4,1,2,210,0,1,3,Grimmsnarl (mirror),6ef5d9bc5407f2ae,965.6956,55441101,99,3,5,810,31,43,0,1,0,3,"[{""t"": 4, ""c"": 860, ""os"": true}, {""t"": 10, ""c"": 648, ""os"": false}]",4,390,1,1,1,992.8967,1,6,0,0,DONE|DONE,11,v20,True,True
"[{""t"": 2, ""by"": ""opp"", ""atk"": 242, ""card"": 183, ""dmg"": 0, ""ko"": 0, ""os"": 0}, {""t"": 4, ""by"": ""opp"", ""atk"": 213, ""card"": 163, ""dmg"": 0, ""ko"": 0, ""os"": 0}, {""t"": 4, ""by"": ""opp"", ""atk"": 188, ""card"": 163, ""dmg"": 330, ""ko"": 3, ""os"": 2}]","{""0"": 11, ""1"": 1, ""2"": 1, ""3"": 1, ""7"": 4, ""9"": 1, ""30"": 1, ""41"": 1}",2026-08-12T03:31:36.181623200Z,92187003,,,,0,True,4,598.138059,2,2,0,1097|860|1231|7|7|1122|646,1,0,0,3,5,330,35,2,0,3,330,0,2,4,other: Conkeldurr,cf84f522720e3610,1082.3332,55444252,21,0,0,0,42,9,0,0,0,3,"[{""t"": 4, ""c"": 112, ""os"": false}, {""t"": 4, ""c"": 104, ""os"": true}, {""t"": 4, ""c"": 647, ""os"": true}]",0,0,0,0,6,1000.1313,3,2,0,0,DONE|DONE,4,v20,True,False
"[{""t"": 2, ""by"": ""us"", ""atk"": 934, ""card"": 646, ""dmg"": 0, ""ko"": 0, ""os"": 0}, {""t"": 3, ""by"": ""opp"", ""atk"": 62, ""card"": 58, ""dmg"": 0, ""ko"": 0, ""os"": 0}, {""t"": 4, ""by"": ""us"", ""atk"": 934, ""card"": 646, ""dmg"": 0, ""ko"": 0, ""os"": 0}, {""t"": 5, ""by"": ""opp"", ""atk"": 62, ""card"": 58, ""dmg"": 20, ""ko"": 0, ""os"": 0}, {""t"": 6, ""by"": ""us"", ""atk"": 937, ""card"": 648, ""dmg"": 210, ""ko"": 2, ""os"": 1}]","{""0"": 23, ""1"": 1, ""2"": 1, ""5"": 1, ""7"": 7, ""13"": 2, ""15"": 1, ""16"": 2, ""21"": 3, ""22"": 1, ""37"": 1, ""38"": 1, ""40"": 2, ""43"": 1}",2026-08-12T03:35:36.323190900Z,92187940,2,6,6,,False,6,596.1779640000002,2,1,0,646|1219|1137|647|860|1259|7,1,1,0,2,0,20,42,3,0,0,20,2,0,6,Kangaskhan / Crustle,06719550d979d46e,678.0833,54318477,47,3,6,210,25,28,0,0,0,5,[],2,210,1,1,5,994.5161,0,3,2,1,DONE|DONE,6,v20,False,True
"[{""t"": 5, ""by"": ""opp"", ""atk"": 937, ""card"": 648, ""dmg"": 210, ""ko"": 1, ""os"": 1}, {""t"": 6, ""by"": ""us"", ""atk"": 937, ""card"": 648, ""dmg"": 210, ""ko"": 0, ""os"": 0}, {""t"": 7, ""by"": ""opp"", ""atk"": 937, ""card"": 648, ""dmg"": 210, ""ko"": 1, ""os"": 0}, {""t"": 8, ""by"": ""us"", ""atk"": 937, ""card"": 648, ""dmg"": 210, ""ko"": 0, ""os"": 0}, {""t"": 9, ""by"": ""opp"", ""atk"": 937, ""card"": 648, ""dmg"": 210, ""ko"": 2, ""os"": 0}, {""t"": 11, ""by"": ""opp"", ""atk"": 937, ""card"": 648, ""dmg"": 390, ""ko"": 1, ""os"": 1}]","{""0"": 34, ""1"": 1, ""3"": 1, ""4"": 2, ""5"": 1, ""7"": 11, ""13"": 3, ""15"": 2, ""16"": 3, ""21"": 2, ""22"": 1, ""30"": 1, ""40"": 3, ""43"": 1}",2026-08-12T03:39:37.525070Z,92188868,6,6,6,,False,11,595.5801749999998,1,1,0,1219|1152|104|1219|1259|646|7,1,0,0,4,6,1020,19,5,0,5,390,0,2,1,Grimmsnarl (mirror),9714ab5c3996f6cc,1037.4196,55407630,66,2,1,420,22,35,0,1,0,8,"[{""t"": 5, ""c"": 647, ""os"": true}, {""t"": 7, ""c"": 112, ""os"": false}, {""t"": 9, ""c"": 648, ""os"": false}, {""t"": 9, ""c"": 646, ""os"": false}, {""t"": 11, ""c"": 112, ""os"": true}]",0,210,1,0,6,995.9777,4,5,0,1,DONE|DONE,11,v20,False,False
"[{""t"": 14, ""by"": ""us"", ""atk"": 937, ""card"": 648, ""dmg"": 250, ""ko"": 0, ""os"": 0}, {""t"": 15, ""by"": ""opp"", ""atk"": 937, ""card"": 648, ""dmg"": 400, ""ko"": 1, ""os"": 0}, {""t"": 16, ""by"": ""us"", ""atk"": 937, ""card"": 648, ""dmg"": 260, ""ko"": 1, ""os"": 0}, {""t"": 17, ""by"": ""opp"", ""atk"": 937, ""card"": 648, ""dmg"": 240, ""ko"": 1, ""os"": 0}, {""t"": 18, ""by"": ""us"", ""atk"": 937, ""card"": 648, ""dmg"": 250, ""ko"": 1, ""os"": 0}]","{""0"": 48, ""1"": 1, ""3"": 2, ""4"": 1, ""5"": 1, ""7"": 15, ""13"": 3, ""15"": 3, ""16"": 3, ""21"": 6, ""22"": 2, ""30"": 3, ""37"": 1, ""40"": 3, ""43"": 3}",2026-08-12T03:43:36.906355400Z,92189837,14,4,14,,False,19,593.6506579999997,1,0,1,1079|1122|1086|1182|1227|648|860,0,0,1,2,4,640,28,15,1,5,400,0,0,2,Grimmsnarl (mirror),9714ab5c3996f6cc,997.1513,55401396,95,3,3,760,17,29,0,1,0,7,"[{""t"": 13, ""c"": 112, ""os"": false}, {""t"": 15, ""c"": 112, ""os"": false}, {""t"": 15, ""c"": 112, ""os"": false}, {""t"": 17, ""c"": 112, ""os"": false}, {""t"": 19, ""c"": 648, ""os"": false}]",2,260,0,0,3,989.5328,4,9,0,1,DONE|DONE,19,v20,False,False
"[{""t"": 4, ""by"": ""opp"", ""atk"": 1226, ""card"": 849, ""dmg"": 160, ""ko"": 1, ""os"": 1}, {""t"": 5, ""by"": ""us"", ""atk"": 937, ""card"": 648, ""dmg"": 210, ""ko"": 0, ""os"": 0}, {""t"": 7, ""by"": ""us"", ""atk"": 937, ""card"": 648, ""dmg"": 210, ""ko"": 1, ""os"": 1}, {""t"": 9, ""by"": ""us"", ""atk"": 937, ""card"": 648, ""dmg"": 210, ""ko"": 0, ""os"": 0}, {""t"": 10, ""by"": ""opp"", ""atk"": 1225, ""card"": 849, ""dmg"": 230, ""ko"": 0, ""os"": 0}, {""t"": 11, ""by"": ""us"", ""atk"": 937, ""card"": 648, ""dmg"": 210, ""ko"": 0, ""os"": 0}, {""t"": 12, ""by"": ""opp"", ""atk"": 1225, ""card"": 849, ""dmg"": 230, ""ko"": 1, ""os"": 0}, {""t"": 13, ""by"": ""us"", ""atk"": 937, ""card"": 648, ""dmg"": 210, ""ko"": 0, ""os"": 0}, {""t"": 14, ""by"": ""opp"", ""atk"": 1225, ""card"": 849, ""dmg"": 230, ""ko"": 1, ""os"": 1}, {""t"": 15, ""by"": ""us"", ""atk"": 937, ""card"": 648, ""dmg"": 210, ""ko"": 1, ""os"": 0}, {""t"": 16, ""by"": ""opp"", ""atk"": 1225, ""card"": 849, ""dmg"": 230, ""ko"": 0, ""os"": 0}, {""t"": 17, ""by"": ""us"", ""atk"": 937, ""card"": 648, ""dmg"": 210, ""ko"": 0, ""os"": 0}]","{""0"": 51, ""1"": 1, ""2"": 1, ""3"": 2, ""4"": 3, ""5"": 1, ""7"": 17, ""13"": 4, ""15"": 7, ""16"": 4, ""21"": 6, ""22"": 2, ""27"": 1, ""30"": 2, ""38"": 1, ""40"": 4, ""41"": 1, ""43"": 3}",2026-08-12T03:47:36.500087400Z,92190746,5,5,5,0,True,17,592.6203420000002,2,2,0,7|104|112|1086|112|1152|7,0,0,0,5,2,1080,18,4,0,3,230,1,2,2,Mega Lopunny / Froslass,6fa64c0e3b2eb67c,959.133,55429290,111,7,4,1470,14,50,0,1,0,8,"[{""t"": 4, ""c"": 112, ""os"": true}, {""t"": 12, ""c"": 648, ""os"": false}, {""t"": 14, ""c"": 112, ""os"": true}]",3,210,0,1,1,982.3822,2,9,0,0,DONE|DONE,17,v20,True,True
"[{""t"": 7, ""by"": ""opp"", ""atk"": 1072, ""card"": 743, ""dmg"": 300, ""ko"": 1, ""os"": 1}, {""t"": 9, ""by"": ""opp"", ""atk"": 1072, ""card"": 743, ""dmg"": 80, ""ko"": 0, ""os"": 0}, {""t"": 11, ""by"": ""opp"", ""atk"": 1072, ""card"": 743, ""dmg"": 80, ""ko"": 0, ""os"": 0}, {""t"": 13, ""by"": ""opp"", ""atk"": 1072, ""card"": 743, ""dmg"": 80, ""ko"": 0, ""os"": 0}, {""t"": 14, ""by"": ""us"", ""atk"": 937, ""card"": 648, ""dmg"": 210, ""ko"": 1, ""os"": 1}]","{""0"": 40, ""1"": 1, ""4"": 1, ""7"": 13, ""13"": 8, ""15"": 1, ""16"": 8, ""21"": 3, ""22"": 1, ""40"": 7, ""43"": 1}",2026-08-12T03:51:36.281365800Z,92191615,14,14,14,,False,15,593.8614290000004,1,1,0,1097|1152|646|1137|1259|1152|7,1,0,0,4,1,540,27,7,0,1,300,0,1,5,Alakazam,cc38cb450b86770a,921.9007,55287546,84,1,6,210,25,59,0,0,0,8,"[{""t"": 7, ""c"": 104, ""os"": true}]",4,210,4,1,1,988.9454,1,7,0,1,DONE|DONE,15,v20,False,True
"[{""t"": 4, ""by"": ""opp"", ""atk"": 1226, ""card"": 849, ""dmg"": 170, ""ko"": 1, ""os"": 1}, {""t"": 6, ""by"": ""opp"", ""atk"": 1226, ""card"": 849, ""dmg"": 170, ""ko"": 1, ""os"": 1}, {""t"": 7, ""by"": ""us"", ""atk"": 937, ""card"": 648, ""dmg"": 220, ""ko"": 1, ""os"": 0}, {""t"": 8, ""by"": ""opp"", ""atk"": 1225, ""card"": 849, ""dmg"": 250, ""ko"": 0, ""os"": 0}, {""t"": 9, ""by"": ""us"", ""atk"": 937, ""card"": 648, ""dmg"": 210, ""ko"": 0, ""os"": 0}, {""t"": 10, ""by"": ""opp"", ""atk"": 1226, ""card"": 849, ""dmg"": 170, ""ko"": 1, ""os"": 0}, {""t"": 11, ""by"": ""us"", ""atk"": 937, ""card"": 648, ""dmg"": 210, ""ko"": 1, ""os"": 0}, {""t"": 12, ""by"": ""opp"", ""atk"": 1240, ""card"": 861, ""dmg"": 350, ""ko"": 1, ""os"": 0}]","{""0"": 35, ""1"": 1, ""2"": 1, ""4"": 3, ""5"": 1, ""7"": 11, ""13"": 4, ""15"": 3, ""16"": 4, ""21"": 7, ""22"": 3, ""37"": 2, ""40"": 4, ""41"": 1, ""43"": 3}",2026-08-12T03:55:36.328347900Z,92192672,7,7,7,0,True,12,595.459143,3,1,0,7|1152|1152|860|646|1097|860,1,0,0,5,4,1110,22,4,0,4,350,0,2,2,Mega Lopunny / Froslass,a7ee29914c1dce64,1008.8367,55431225,83,3,4,640,18,24,0,2,0,7,"[{""t"": 4, ""c"": 646, ""os"": true}, {""t"": 6, ""c"": 646, ""os"": true}, {""t"": 10, ""c"": 648, ""os"": false}, {""t"": 12, ""c"": 648, ""os"": false}]",2,220,0,0,2,994.3233,2,6,0,0,DONE|DONE,12,v20,True,False
"[{""t"": 2, ""by"": ""us"", ""atk"": 934, ""card"": 646, ""dmg"": 0, ""ko"": 0, ""os"": 0}, {""t"": 3, ""by"": ""opp"", ""atk"": 120, ""card"": 96, ""dmg"": 300, ""ko"": 1, ""os"": 1}, {""t"": 4, ""by"": ""us"", ""atk"": 937, ""card"": 648, ""dmg"": 210, ""ko"": 0, ""os"": 0}, {""t"": 5, ""by"": ""opp"", ""atk"": 120, ""card"": 96, ""dmg"": 360, ""ko"": 1, ""os"": 1}, {""t"": 6, ""by"": ""us"", ""atk"": 937, ""card"": 648, ""dmg"": 260, ""ko"": 1, ""os"": 0}, {""t"": 7, ""by"": ""opp"", ""atk"": 120, ""card"": 96, ""dmg"": 490, ""ko"": 1, ""os"": 0}, {""t"": 9, ""by"": ""opp"", ""atk"": 120, ""card"": 96, ""dmg"": 150, ""ko"": 1, ""os"": 1}]","{""0"": 29, ""1"": 1, ""2"": 1, ""4"": 3, ""5"": 2, ""7"": 10, ""13"": 1, ""15"": 2, ""16"": 1, ""21"": 5, ""22"": 2, ""37"": 2, ""40"": 1, ""43"": 2}",2026-08-12T04:03:36.199586300Z,92194308,2,4,4,,False,9,595.7043519999996,2,1,0,1182|1079|646|1259|7|860|1219,1,0,1,4,6,1300,23,3,0,4,490,0,3,1,Ogerpon,927345d73c1a1614,1017.2827,55447041,62,3,4,470,22,28,0,2,1,4,"[{""t"": 3, ""c"": 646, ""os"": true}, {""t"": 5, ""c"": 648, ""os"": true}, {""t"": 7, ""c"": 648, ""os"": false}, {""t"": 9, ""c"": 104, ""os"": true}]",1,260,0,0,4,987.8504,2,4,1,1,DONE|DONE,9,v20,False,False
"[{""t"": 3, ""by"": ""us"", ""atk"": 937, ""card"": 648, ""dmg"": 210, ""ko"": 1, ""os"": 1}, {""t"": 4, ""by"": ""opp"", ""atk"": 937, ""card"": 648, ""dmg"": 210, ""ko"": 0, ""os"": 0}, {""t"": 5, ""by"": ""us"", ""atk"": 937, ""card"": 648, ""dmg"": 210, ""ko"": 0, ""os"": 0}, {""t"": 6, ""by"": ""opp"", ""atk"": 937, ""card"": 648, ""dmg"": 210, ""ko"": 0, ""os"": 0}, {""t"": 7, ""by"": ""us"", ""atk"": 937, ""card"": 648, ""dmg"": 210, ""ko"": 0, ""os"": 0}, {""t"": 8, ""by"": ""opp"", ""atk"": 937, ""card"": 648, ""dmg"": 210, ""ko"": 0, ""os"": 0}, {""t"": 9, ""by"": ""us"", ""atk"": 937, ""card"": 648, ""dmg"": 210, ""ko"": 0, ""os"": 0}, {""t"": 11, ""by"": ""us"", ""atk"": 937, ""card"": 648, ""dmg"": 210, ""ko"": 1, ""os"": 1}]","{""0"": 39, ""1"": 1, ""3"": 2, ""5"": 2, ""7"": 13, ""13"": 7, ""15"": 5, ""16"": 7, ""21"": 6, ""22"": 2, ""30"": 2, ""37"": 1, ""40"": 7, ""41"": 1, ""43"": 3}",2026-08-12T10:59:54.951348900Z,92292351,3,3,3,0,True,11,588.9188269999996,1,0,1,648|646|1086|1152|1227|1219|1080,1,0,0,3,4,630,23,4,1,1,210,0,0,5,Grimmsnarl (mirror),9714ab5c3996f6cc,,55456713,98,5,6,1050,18,55,0,0,0,9,"[{""t"": 8, ""c"": 112, ""os"": false}]",5,210,3,2,1,,1,6,0,0,DONE|DONE,11,v21,True,True
"[{""t"": 3, ""by"": ""opp"", ""atk"": 980, ""card"": 676, ""dmg"": 100, ""ko"": 1, ""os"": 1}, {""t"": 5, ""by"": ""opp"", ""atk"": 980, ""card"": 676, ""dmg"": 90, ""ko"": 1, ""os"": 1}, {""t"": 6, ""by"": ""us"", ""atk"": 937, ""card"": 648, ""dmg"": 220, ""ko"": 1, ""os"": 1}, {""t"": 7, ""by"": ""opp"", ""atk"": 983, ""card"": 678, ""dmg"": 340, ""ko"": 1, ""os"": 0}, {""t"": 8, ""by"": ""us"", ""atk"": 937, ""card"": 648, ""dmg"": 210, ""ko"": 1, ""os"": 0}, {""t"": 9, ""by"": ""opp"", ""atk"": 982, ""card"": 678, ""dmg"": 170, ""ko"": 0, ""os"": 0}, {""t"": 10, ""by"": ""us"", ""atk"": 937, ""card"": 648, ""dmg"": 220, ""ko"": 1, ""os"": 0}, {""t"": 11, ""by"": ""opp"", ""atk"": 978, ""card"": 674, ""dmg"": 210, ""ko"": 1, ""os"": 0}]","{""0"": 51, ""1"": 1, ""2"": 1, ""3"": 1, ""4"": 4, ""5"": 1, ""7"": 19, ""13"": 11, ""15"": 3, ""16"": 11, ""21"": 5, ""22"": 2, ""40"": 11, ""43"": 2}",2026-08-12T11:03:43.338178200Z,92292487,6,6,6,,False,12,587.1617350000004,2,1,0,647|112|646|7|1152|1227|1097,1,1,0,5,3,910,10,3,0,4,340,0,2,1,Mega Lucario,d05bff224d40b9c6,663.2919,53765546,123,3,6,650,17,32,0,1,0,7,"[{""t"": 3, ""c"": 646, ""os"": true}, {""t"": 5, ""c"": 646, ""os"": true}, {""t"": 7, ""c"": 648, ""os"": false}, {""t"": 11, ""c"": 112, ""os"": false}]",4,220,0,1,1,600.0,3,6,0,1,DONE|DONE,12,v21,False,True
"[{""t"": 4, ""by"": ""us"", ""atk"": 937, ""card"": 648, ""dmg"": 210, ""ko"": 1, ""os"": 1}, {""t"": 5, ""by"": ""opp"", ""atk"": 937, ""card"": 648, ""dmg"": 390, ""ko"": 1, ""os"": 1}, {""t"": 6, ""by"": ""us"", ""atk"": 937, ""card"": 648, ""dmg"": 210, ""ko"": 0, ""os"": 0}, {""t"": 7, ""by"": ""opp"", ""atk"": 937, ""card"": 648, ""dmg"": 210, ""ko"": 0, ""os"": 0}, {""t"": 8, ""by"": ""us"", ""atk"": 937, ""card"": 648, ""dmg"": 210, ""ko"": 0, ""os"": 0}, {""t"": 9, ""by"": ""opp"", ""atk"": 937, ""card"": 648, ""dmg"": 210, ""ko"": 0, ""os"": 0}, {""t"": 10, ""by"": ""us"", ""atk"": 937, ""card"": 648, ""dmg"": 210, ""ko"": 2, ""os"": 1}, {""t"": 11, ""by"": ""opp"", ""atk"": 937, ""card"": 648, ""dmg"": 210, ""ko"": 0, ""os"": 0}, {""t"": 12, ""by"": ""us"", ""atk"": 937, ""card"": 648, ""dmg"": 210, ""ko"": 1, ""os"": 0}]","{""0"": 40, ""1"": 1, ""2"": 1, ""3"": 3, ""4"": 1, ""7"": 17, ""13"": 5, ""15"": 5, ""16"": 5, ""21"": 5, ""22"": 2, ""30"": 3, ""37"": 1, ""40"": 5, ""43"": 2}",2026-08-12T11:03:43.426328800Z,92292529,4,4,4,,False,12,588.7584270000001,2,0,0,112|1259|1152|646|1219|1152|1152,1,0,0,4,4,1020,24,5,2,1,390,0,1,5,Grimmsnarl (mirror),ab6ce40f94feb450,510.0543,55456358,96,5,5,1050,19,26,0,0,0,10,"[{""t"": 5, ""c"": 112, ""os"": true}]",5,210,0,2,1,728.1644,1,6,0,1,DONE|DONE,12,v21,False,True
"[{""t"": 3, ""by"": ""opp"", ""atk"": 936, ""card"": 647, ""dmg"": 120, ""ko"": 1, ""os"": 1}, {""t"": 5, ""by"": ""opp"", ""atk"": 937, ""card"": 648, ""dmg"": 210, ""ko"": 1, ""os"": 1}, {""t"": 6, ""by"": ""us"", ""atk"": 937, ""card"": 648, ""dmg"": 210, ""ko"": 0, ""os"": 0}, {""t"": 7, ""by"": ""opp"", ""atk"": 937, ""card"": 648, ""dmg"": 210, ""ko"": 0, ""os"": 0}, {""t"": 8, ""by"": ""us"", ""atk"": 937, ""card"": 648, ""dmg"": 210, ""ko"": 0, ""os"": 0}, {""t"": 9, ""by"": ""opp"", ""atk"": 937, ""card"": 648, ""dmg"": 210, ""ko"": 0, ""os"": 0}, {""t"": 10, ""by"": ""us"", ""atk"": 937, ""card"": 648, ""dmg"": 210, ""ko"": 1, ""os"": 1}, {""t"": 11, ""by"": ""opp"", ""atk"": 937, ""card"": 648, ""dmg"": 210, ""ko"": 0, ""os"": 0}, {""t"": 12, ""by"": ""us"", ""atk"": 937, ""card"": 648, ""dmg"": 210, ""ko"": 1, ""os"": 0}, {""t"": 14, ""by"": ""us"", ""atk"": 937, ""card"": 648, ""dmg"": 210, ""ko"": 2, ""os"": 1}]","{""0"": 47, ""1"": 1, ""3"": 1, ""4"": 2, ""5"": 1, ""7"": 17, ""13"": 9, ""15"": 5, ""16"": 9, ""21"": 5, ""22"": 2, ""27"": 1, ""30"": 2, ""37"": 1, ""40"": 9, ""43"": 2}",2026-08-12T11:03:43.478803800Z,92292554,6,6,6,,False,14,587.8762190000002,1,1,1,104|648|7|112|1219|1086|1097,0,0,0,5,4,960,19,3,3,2,210,0,2,4,Grimmsnarl (mirror),21c3f20980827cb2,674.1631,55456143,114,5,6,1050,14,30,0,0,0,13,"[{""t"": 3, ""c"": 112, ""os"": true}, {""t"": 5, ""c"": 647, ""os"": true}]",5,210,0,2,1,837.0484,2,7,0,1,DONE|DONE,14,v21,False,True
"[{""t"": 4, ""by"": ""opp"", ""atk"": 965, ""card"": 666, ""dmg"": 50, ""ko"": 0, ""os"": 0}, {""t"": 5, ""by"": ""us"", ""atk"": 937, ""card"": 648, ""dmg"": 210, ""ko"": 1, ""os"": 1}, {""t"": 6, ""by"": ""opp"", ""atk"": 253, ""card"": 190, ""dmg"": 220, ""ko"": 0, ""os"": 0}, {""t"": 7, ""by"": ""us"", ""atk"": 937, ""card"": 648, ""dmg"": 180, ""ko"": 0, ""os"": 0}, {""t"": 8, ""by"": ""opp"", ""atk"": 253, ""card"": 190, ""dmg"": 220, ""ko"": 1, ""os"": 0}, {""t"": 9, ""by"": ""us"", ""atk"": 937, ""card"": 648, ""dmg"": 230, ""ko"": 1, ""os"": 0}, {""t"": 10, ""by"": ""opp"", ""atk"": 253, ""card"": 190, ""dmg"": 260, ""ko"": 0, ""os"": 0}, {""t"": 11, ""by"": ""us"", ""atk"": 937, ""card"": 648, ""dmg"": 210, ""ko"": 1, ""os"": 0}, {""t"": 12, ""by"": ""opp"", ""atk"": 253, ""card"": 190, ""dmg"": 250, ""ko"": 1, ""os"": 0}, {""t"": 13, ""by"": ""us"", ""atk"": 937, ""card"": 648, ""dmg"": 210, ""ko"": 0, ""os"": 0}]","{""0"": 47, ""1"": 1, ""3"": 1, ""4"": 2, ""5"": 2, ""7"": 16, ""13"": 8, ""15"": 5, ""16"": 8, ""21"": 6, ""22"": 3, ""30"": 1, ""37"": 1, ""40"": 8, ""43"": 3}",2026-08-12T11:07:40.416878Z,92293437,5,5,5,,False,13,589.2464069999999,1,2,1,112|1137|1231|648|7|7|647,0,1,0,5,1,1000,19,4,0,2,260,0,0,2,Archaludon,2b6a7dd699d2b6a5,685.3548,55425430,112,5,5,1040,16,39,0,2,0,7,"[{""t"": 8, ""c"": 648, ""os"": false}, {""t"": 12, ""c"": 648, ""os"": false}]",3,230,2,1,2,773.1259,0,7,0,1,DONE|DONE,13,v21,True,True
"[{""t"": 3, ""by"": ""opp"", ""atk"": 937, ""card"": 648, ""dmg"": 390, ""ko"": 1, ""os"": 1}, {""t"": 5, ""by"": ""opp"", ""atk"": 937, ""card"": 648, ""dmg"": 210, ""ko"": 1, ""os"": 1}, {""t"": 6, ""by"": ""us"", ""atk"": 937, ""card"": 648, ""dmg"": 210, ""ko"": 0, ""os"": 0}, {""t"": 7, ""by"": ""opp"", ""atk"": 937, ""card"": 648, ""dmg"": 210, ""ko"": 0, ""os"": 0}, {""t"": 8, ""by"": ""us"", ""atk"": 937, ""card"": 648, ""dmg"": 210, ""ko"": 2, ""os"": 0}, {""t"": 9, ""by"": ""opp"", ""atk"": 937, ""card"": 648, ""dmg"": 210, ""ko"": 1, ""os"": 0}, {""t"": 10, ""by"": ""us"", ""atk"": 934, ""card"": 646, ""dmg"": 0, ""ko"": 0, ""os"": 0}, {""t"": 11, ""by"": ""opp"", ""atk"": 937, ""card"": 648, ""dmg"": 390, ""ko"": 1, ""os"": 1}, {""t"": 12, ""by"": ""us"", ""atk"": 934, ""card"": 646, ""dmg"": 50, ""ko"": 0, ""os"": 0}, {""t"": 13, ""by"": ""opp"", ""atk"": 937, ""card"": 648, ""dmg"": 210, ""ko"": 1, ""os"": 1}]","{""0"": 35, ""1"": 1, ""2"": 1, ""4"": 4, ""5"": 2, ""7"": 10, ""13"": 8, ""15"": 2, ""16"": 8, ""21"": 4, ""22"": 1, ""40"": 8, ""43"": 1}",2026-08-12T11:11:40.303876900Z,92294364,6,6,6,,False,13,590.4767899999999,2,1,0,1259|1137|112|1086|1152|7|112,0,0,0,6,6,1620,16,3,1,5,390,0,4,1,Grimmsnarl (mirror),9714ab5c3996f6cc,864.6693,55448967,85,4,4,470,29,16,0,1,0,4,"[{""t"": 3, ""c"": 112, ""os"": true}, {""t"": 5, ""c"": 646, ""os"": true}, {""t"": 9, ""c"": 648, ""os"": false}, {""t"": 11, ""c"": 112, ""os"": true}, {""t"": 13, ""c"": 646, ""os"": true}]",2,210,0,0,3,877.0207,4,6,1,1,DONE|DONE,13,v21,False,False
"[{""t"": 4, ""by"": ""opp"", ""atk"": 1240, ""card"": 861, ""dmg"": 200, ""ko"": 1, ""os"": 1}, {""t"": 5, ""by"": ""us"", ""atk"": 937, ""card"": 648, ""dmg"": 210, ""ko"": 0, ""os"": 0}, {""t"": 6, ""by"": ""opp"", ""atk"": 1225, ""card"": 849, ""dmg"": 230, ""ko"": 0, ""os"": 0}, {""t"": 7, ""by"": ""us"", ""atk"": 937, ""card"": 648, ""dmg"": 210, ""ko"": 1, ""os"": 0}, {""t"": 8, ""by"": ""opp"", ""atk"": 1240, ""card"": 861, ""dmg"": 350, ""ko"": 1, ""os"": 1}, {""t"": 10, ""by"": ""opp"", ""atk"": 1240, ""card"": 861, ""dmg"": 250, ""ko"": 1, ""os"": 1}, {""t"": 11, ""by"": ""us"", ""atk"": 937, ""card"": 648, ""dmg"": 210, ""ko"": 0, ""os"": 0}, {""t"": 12, ""by"": ""opp"", ""atk"": 1225, ""card"": 849, ""dmg"": 230, ""ko"": 0, ""os"": 0}, {""t"": 13, ""by"": ""us"", ""atk"": 937, ""card"": 648, ""dmg"": 210, ""ko"": 1, ""os"": 0}]","{""0"": 58, ""1"": 1, ""3"": 1, ""4"": 3, ""5"": 1, ""7"": 17, ""13"": 12, ""15"": 4, ""16"": 12, ""21"": 5, ""22"": 2, ""27"": 1, ""30"": 2, ""37"": 1, ""40"": 12, ""41"": 1, ""43"": 2}",2026-08-12T11:15:38.328740300Z,92295332,5,5,5,0,True,13,586.3429960000003,1,1,1,648|1227|1219|112|1219|7|1259,0,0,0,5,1,1260,22,4,0,3,350,0,3,2,Mega Lopunny / Froslass,34d66734d290ea3d,828.2184,55432319,135,4,6,840,13,41,0,1,1,6,"[{""t"": 4, ""c"": 112, ""os"": true}, {""t"": 8, ""c"": 648, ""os"": true}, {""t"": 10, ""c"": 647, ""os"": true}]",4,210,0,0,3,811.4134,2,7,0,0,DONE|DONE,13,v21,True,True
"[{""t"": 4, ""by"": ""opp"", ""atk"": 120, ""card"": 96, ""dmg"": 320, ""ko"": 1, ""os"": 1}, {""t"": 5, ""by"": ""us"", ""atk"": 937, ""card"": 648, ""dmg"": 200, ""ko"": 1, ""os"": 0}, {""t"": 6, ""by"": ""opp"", ""atk"": 120, ""card"": 96, ""dmg"": 440, ""ko"": 1, ""os"": 0}, {""t"": 7, ""by"": ""us"", ""atk"": 937, ""card"": 648, ""dmg"": 190, ""ko"": 1, ""os"": 0}, {""t"": 8, ""by"": ""opp"", ""atk"": 120, ""card"": 96, ""dmg"": 500, ""ko"": 1, ""os"": 0}, {""t"": 9, ""by"": ""us"", ""atk"": 937, ""card"": 648, ""dmg"": 180, ""ko"": 1, ""os"": 0}]","{""0"": 40, ""1"": 1, ""2"": 1, ""4"": 3, ""5"": 2, ""7"": 14, ""13"": 6, ""15"": 3, ""16"": 6, ""21"": 6, ""22"": 2, ""38"": 1, ""40"": 6, ""41"": 1, ""43"": 3}",2026-08-12T11:19:35.695991900Z,92296264,5,5,5,0,True,9,589.8707499999999,1,1,0,1219|1152|7|1086|646|647|1227,1,1,0,3,1,1260,20,4,0,3,500,3,1,1,Ogerpon,0dede7cb8026e473,843.6909,55448563,95,3,4,570,19,38,0,2,0,5,"[{""t"": 4, ""c"": 647, ""os"": true}, {""t"": 6, ""c"": 648, ""os"": false}, {""t"": 8, ""c"": 648, ""os"": false}]",3,200,1,0,2,866.7262,1,5,0,0,DONE|DONE,9,v21,True,True
"[{""t"": 4, ""by"": ""opp"", ""atk"": 223, ""card"": 169, ""dmg"": 60, ""ko"": 0, ""os"": 0}, {""t"": 5, ""by"": ""us"", ""atk"": 937, ""card"": 648, ""dmg"": 180, ""ko"": 0, ""os"": 0}, {""t"": 6, ""by"": ""opp"", ""atk"": 224, ""card"": 190, ""dmg"": 230, ""ko"": 0, ""os"": 0}, {""t"": 7, ""by"": ""us"", ""atk"": 937, ""card"": 648, ""dmg"": 210, ""ko"": 0, ""os"": 0}, {""t"": 8, ""by"": ""opp"", ""atk"": 253, ""card"": 190, ""dmg"": 220, ""ko"": 1, ""os"": 0}, {""t"": 9, ""by"": ""us"", ""atk"": 937, ""card"": 648, ""dmg"": 210, ""ko"": 1, ""os"": 0}, {""t"": 10, ""by"": ""opp"", ""atk"": 223, ""card"": 169, ""dmg"": 70, ""ko"": 0, ""os"": 0}, {""t"": 11, ""by"": ""us"", ""atk"": 937, ""card"": 648, ""dmg"": 150, ""ko"": 1, ""os"": 0}, {""t"": 12, ""by"": ""opp"", ""atk"": 253, ""card"": 190, ""dmg"": 260, ""ko"": 0, ""os"": 0}, {""t"": 13, ""by"": ""us"", ""atk"": 937, ""card"": 648, ""dmg"": 190, ""ko"": 1, ""os"": 1}, {""t"": 14, ""by"": ""opp"", ""atk"": 253, ""card"": 190, ""dmg"": 250, ""ko"": 1, ""os"": 0}]","{""0"": 41, ""1"": 1, ""2"": 1, ""3"": 2, ""4"": 2, ""5"": 1, ""7"": 13, ""13"": 6, ""15"": 5, ""16"": 6, ""21"": 5, ""22"": 3, ""30"": 1, ""40"": 6, ""43"": 3}",2026-08-12T11:23:35.686435600Z,92297190,5,5,5,,False,15,590.185468,2,2,1,647|648|7|7|112|860|1152,0,1,0,6,1,1090,7,4,0,2,260,0,0,2,Archaludon,ebd4dbb270dce6a2,796.1327,54987267,96,5,5,940,17,32,0,2,0,9,"[{""t"": 8, ""c"": 648, ""os"": false}, {""t"": 14, ""c"": 648, ""os"": false}]",5,210,0,1,1,907.8802,0,8,0,1,DONE|DONE,15,v21,True,True
"[{""t"": 6, ""by"": ""opp"", ""atk"": 1072, ""card"": 743, ""dmg"": 200, ""ko"": 1, ""os"": 1}, {""t"": 8, ""by"": ""opp"", ""atk"": 1072, ""card"": 743, ""dmg"": 220, ""ko"": 1, ""os"": 1}, {""t"": 10, ""by"": ""opp"", ""atk"": 1072, ""card"": 743, ""dmg"": 260, ""ko"": 1, ""os"": 1}, {""t"": 12, ""by"": ""opp"", ""atk"": 1072, ""card"": 743, ""dmg"": 300, ""ko"": 1, ""os"": 1}, {""t"": 13, ""by"": ""us"", ""atk"": 937, ""card"": 648, ""dmg"": 390, ""ko"": 1, ""os"": 1}, {""t"": 14, ""by"": ""opp"", ""atk"": 1072, ""card"": 743, ""dmg"": 380, ""ko"": 1, ""os"": 1}]","{""0"": 25, ""1"": 1, ""2"": 1, ""4"": 4, ""5"": 3, ""7"": 5, ""13"": 2, ""15"": 1, ""16"": 2, ""21"": 2, ""22"": 1, ""37"": 1, ""40"": 1, ""41"": 1, ""43"": 1}",2026-08-12T11:27:35.537276200Z,92298133,13,13,13,0,True,14,594.4038800000004,2,1,0,1259|1086|1152|1152|646|646|7,2,0,0,5,5,1360,19,6,0,5,380,1,5,2,Alakazam,cc38cb450b86770a,885.8335,55357216,51,1,3,390,31,21,0,1,1,1,"[{""t"": 6, ""c"": 104, ""os"": true}, {""t"": 8, ""c"": 647, ""os"": true}, {""t"": 10, ""c"": 646, ""os"": true}, {""t"": 12, ""c"": 646, ""os"": true}, {""t"": 14, ""c"": 648, ""os"": true}]",1,390,1,1,5,933.7335,4,7,0,0,DONE|DONE,14,v21,True,False
"[{""t"": 4, ""by"": ""us"", ""atk"": 934, ""card"": 646, ""dmg"": 20, ""ko"": 0, ""os"": 0}, {""t"": 5, ""by"": ""opp"", ""atk"": 1072, ""card"": 743, ""dmg"": 250, ""ko"": 1, ""os"": 1}, {""t"": 6, ""by"": ""us"", ""atk"": 937, ""card"": 648, ""dmg"": 380, ""ko"": 1, ""os"": 0}, {""t"": 7, ""by"": ""opp"", ""atk"": 1072, ""card"": 743, ""dmg"": 330, ""ko"": 1, ""os"": 0}, {""t"": 8, ""by"": ""us"", ""atk"": 936, ""card"": 647, ""dmg"": 130, ""ko"": 1, ""os"": 0}, {""t"": 9, ""by"": ""opp"", ""atk"": 1072, ""card"": 743, ""dmg"": 350, ""ko"": 1, ""os"": 1}, {""t"": 11, ""by"": ""opp"", ""atk"": 1072, ""card"": 743, ""dmg"": 380, ""ko"": 1, ""os"": 1}, {""t"": 12, ""by"": ""us"", ""atk"": 937, ""card"": 648, ""dmg"": 390, ""ko"": 1, ""os"": 0}, {""t"": 13, ""by"": ""opp"", ""atk"": 1072, ""card"": 743, ""dmg"": 460, ""ko"": 1, ""os"": 1}]","{""0"": 27, ""1"": 1, ""3"": 1, ""4"": 4, ""5"": 2, ""7"": 7, ""13"": 4, ""15"": 2, ""16"": 4, ""21"": 5, ""22"": 2, ""30"": 1, ""37"": 2, ""40"": 3, ""43"": 2}",2026-08-12T11:31:35.393346100Z,92299068,4,6,6,,False,13,592.8077530000003,1,2,0,7|1152|1152|112|1079|7|1086,0,0,1,5,4,1770,11,5,0,5,460,0,4,1,Alakazam,cc38cb450b86770a,851.2757,55452107,67,4,2,920,29,14,0,2,1,2,"[{""t"": 5, ""c"": 646, ""os"": true}, {""t"": 7, ""c"": 648, ""os"": false}, {""t"": 9, ""c"": 647, ""os"": true}, {""t"": 11, ""c"": 104, ""os"": true}, {""t"": 13, ""c"": 648, ""os"": true}]",4,390,0,0,2,892.5834,3,6,0,1,DONE|DONE,13,v21,False,False
"[{""t"": 3, ""by"": ""us"", ""atk"": 934, ""card"": 646, ""dmg"": 0, ""ko"": 0, ""os"": 0}, {""t"": 4, ""by"": ""opp"", ""atk"": 937, ""card"": 648, ""dmg"": 210, ""ko"": 1, ""os"": 1}, {""t"": 5, ""by"": ""us"", ""atk"": 937, ""card"": 648, ""dmg"": 210, ""ko"": 0, ""os"": 0}, {""t"": 6, ""by"": ""opp"", ""atk"": 937, ""card"": 648, ""dmg"": 210, ""ko"": 0, ""os"": 0}, {""t"": 7, ""by"": ""us"", ""atk"": 937, ""card"": 648, ""dmg"": 210, ""ko"": 1, ""os"": 0}, {""t"": 8, ""by"": ""opp"", ""atk"": 937, ""card"": 648, ""dmg"": 210, ""ko"": 1, ""os"": 0}, {""t"": 9, ""by"": ""us"", ""atk"": 937, ""card"": 648, ""dmg"": 210, ""ko"": 1, ""os"": 0}, {""t"": 10, ""by"": ""opp"", ""atk"": 937, ""card"": 648, ""dmg"": 210, ""ko"": 0, ""os"": 0}, {""t"": 11, ""by"": ""us"", ""atk"": 937, ""card"": 648, ""dmg"": 210, ""ko"": 2, ""os"": 0}, {""t"": 13, ""by"": ""us"", ""atk"": 937, ""card"": 648, ""dmg"": 210, ""ko"": 1, ""os"": 0}]","{""0"": 47, ""1"": 1, ""2"": 1, ""3"": 1, ""4"": 1, ""5"": 1, ""7"": 16, ""13"": 11, ""15"": 5, ""16"": 11, ""21"": 5, ""22"": 2, ""30"": 2, ""40"": 11, ""41"": 1, ""43"": 2}",2026-08-12T11:35:36.194301800Z,92300019,3,5,5,0,True,13,587.6641129999999,2,2,1,648|7|646|646|1097|7|1219,2,0,0,4,4,840,17,4,2,2,210,0,1,4,Grimmsnarl (mirror),9714ab5c3996f6cc,845.0727,55455018,118,6,6,1050,25,30,0,0,0,3,"[{""t"": 4, ""c"": 646, ""os"": true}, {""t"": 8, ""c"": 112, ""os"": false}]",5,210,0,0,1,857.223,2,7,1,0,DONE|DONE,13,v21,True,True
"[{""t"": 4, ""by"": ""opp"", ""atk"": 1072, ""card"": 743, ""dmg"": 320, ""ko"": 1, ""os"": 1}, {""t"": 5, ""by"": ""us"", ""atk"": 937, ""card"": 648, ""dmg"": 360, ""ko"": 1, ""os"": 1}, {""t"": 6, ""by"": ""opp"", ""atk"": 1072, ""card"": 743, ""dmg"": 400, ""ko"": 1, ""os"": 1}, {""t"": 7, ""by"": ""us"", ""atk"": 937, ""card"": 648, ""dmg"": 360, ""ko"": 1, ""os"": 1}, {""t"": 8, ""by"": ""opp"", ""atk"": 1072, ""card"": 743, ""dmg"": 420, ""ko"": 1, ""os"": 1}, {""t"": 10, ""by"": ""opp"", ""atk"": 1072, ""card"": 743, ""dmg"": 460, ""ko"": 1, ""os"": 1}]","{""0"": 33, ""1"": 1, ""3"": 2, ""4"": 3, ""5"": 1, ""7"": 9, ""8"": 1, ""15"": 2, ""21"": 5, ""22"": 2, ""30"": 1, ""41"": 1, ""43"": 2}",2026-08-12T11:39:36.496693500Z,92300965,5,5,5,0,True,10,591.0507649999998,1,1,0,1152|860|7|1086|1219|1227|1231,0,0,0,4,6,1600,8,4,0,4,460,0,4,1,Alakazam,cc38cb450b86770a,870.5274,55433883,63,2,5,720,18,26,0,2,2,3,"[{""t"": 4, ""c"": 860, ""os"": true}, {""t"": 6, ""c"": 648, ""os"": true}, {""t"": 8, ""c"": 648, ""os"": true}, {""t"": 10, ""c"": 104, ""os"": true}]",2,360,0,2,4,883.8261,2,5,0,0,DONE|DONE,10,v21,True,False
"[{""t"": 2, ""by"": ""opp"", ""atk"": 323, ""card"": 235, ""dmg"": 10, ""ko"": 0, ""os"": 0}, {""t"": 4, ""by"": ""opp"", ""atk"": 323, ""card"": 235, ""dmg"": 10, ""ko"": 0, ""os"": 0}, {""t"": 5, ""by"": ""us"", ""atk"": 937, ""card"": 648, ""dmg"": 210, ""ko"": 2, ""os"": 0}, {""t"": 6, ""by"": ""opp"", ""atk"": 154, ""card"": 121, ""dmg"": 260, ""ko"": 0, ""os"": 0}, {""t"": 7, ""by"": ""us"", ""atk"": 937, ""card"": 648, ""dmg"": 210, ""ko"": 0, ""os"": 0}, {""t"": 8, ""by"": ""opp"", ""atk"": 154, ""card"": 121, ""dmg"": 260, ""ko"": 0, ""os"": 0}, {""t"": 9, ""by"": ""us"", ""atk"": 937, ""card"": 648, ""dmg"": 210, ""ko"": 1, ""os"": 0}, {""t"": 10, ""by"": ""opp"", ""atk"": 153, ""card"": 121, ""dmg"": 70, ""ko"": 0, ""os"": 0}, {""t"": 11, ""by"": ""us"", ""atk"": 937, ""card"": 648, ""dmg"": 210, ""ko"": 0, ""os"": 0}, {""t"": 12, ""by"": ""opp"", ""atk"": 154, ""card"": 121, ""dmg"": 260, ""ko"": 2, ""os"": 0}, {""t"": 13, ""by"": ""us"", ""atk"": 937, ""card"": 648, ""dmg"": 210, ""ko"": 1, ""os"": 0}]","{""0"": 37, ""1"": 1, ""3"": 2, ""4"": 1, ""5"": 1, ""7"": 11, ""13"": 6, ""15"": 5, ""16"": 6, ""21"": 7, ""22"": 3, ""30"": 3, ""37"": 1, ""38"": 1, ""40"": 4, ""41"": 1, ""43"": 3}",2026-08-12T11:43:35.601870500Z,92301932,5,5,5,0,True,13,592.1809850000001,1,1,0,112|7|1097|1259|1137|1259|1227,0,0,0,6,3,870,6,2,0,2,260,2,0,2,Dragapult,202ee2cec6cbe8b4,833.7994,55455472,93,5,3,1050,25,34,0,2,0,6,"[{""t"": 12, ""c"": 648, ""os"": false}, {""t"": 12, ""c"": 648, ""os"": false}]",5,210,0,0,1,856.995,0,7,0,0,DONE|DONE,13,v21,True,True
"[{""t"": 4, ""by"": ""opp"", ""atk"": 937, ""card"": 648, ""dmg"": 390, ""ko"": 1, ""os"": 1}, {""t"": 5, ""by"": ""us"", ""atk"": 937, ""card"": 648, ""dmg"": 210, ""ko"": 0, ""os"": 0}, {""t"": 6, ""by"": ""opp"", ""atk"": 937, ""card"": 648, ""dmg"": 210, ""ko"": 0, ""os"": 0}, {""t"": 7, ""by"": ""us"", ""atk"": 937, ""card"": 648, ""dmg"": 210, ""ko"": 0, ""os"": 0}, {""t"": 8, ""by"": ""opp"", ""atk"": 937, ""card"": 648, ""dmg"": 210, ""ko"": 2, ""os"": 0}, {""t"": 9, ""by"": ""us"", ""atk"": 937, ""card"": 648, ""dmg"": 210, ""ko"": 1, ""os"": 0}, {""t"": 11, ""by"": ""us"", ""atk"": 937, ""card"": 648, ""dmg"": 210, ""ko"": 2, ""os"": 0}, {""t"": 13, ""by"": ""us"", ""atk"": 937, ""card"": 648, ""dmg"": 210, ""ko"": 0, ""os"": 0}, {""t"": 15, ""by"": ""us"", ""atk"": 937, ""card"": 648, ""dmg"": 390, ""ko"": 2, ""os"": 2}]","{""0"": 57, ""1"": 1, ""3"": 3, ""4"": 2, ""7"": 23, ""13"": 7, ""15"": 6, ""16"": 7, ""21"": 5, ""22"": 2, ""30"": 1, ""37"": 1, ""40"": 7, ""41"": 1, ""43"": 2}",2026-08-12T11:47:35.519124300Z,92302852,5,3,5,0,True,15,587.8058779999998,1,0,1,648|1259|112|1182|1152|1079|1152,0,0,1,3,1,810,29,4,2,3,390,0,1,2,Grimmsnarl (mirror),17125d8ba1b278fc,949.2923,55454334,125,6,6,1440,12,32,0,1,0,9,"[{""t"": 4, ""c"": 112, ""os"": true}, {""t"": 8, ""c"": 648, ""os"": false}, {""t"": 8, ""c"": 112, ""os"": false}]",5,390,0,2,1,878.3427,2,8,0,0,DONE|DONE,15,v21,True,True
"[{""t"": 4, ""by"": ""opp"", ""atk"": 937, ""card"": 648, ""dmg"": 210, ""ko"": 1, ""os"": 1}, {""t"": 5, ""by"": ""us"", ""atk"": 937, ""card"": 648, ""dmg"": 210, ""ko"": 0, ""os"": 0}, {""t"": 6, ""by"": ""opp"", ""atk"": 937, ""card"": 648, ""dmg"": 210, ""ko"": 0, ""os"": 0}, {""t"": 7, ""by"": ""us"", ""atk"": 937, ""card"": 648, ""dmg"": 210, ""ko"": 1, ""os"": 0}, {""t"": 9, ""by"": ""us"", ""atk"": 937, ""card"": 648, ""dmg"": 210, ""ko"": 1, ""os"": 0}, {""t"": 11, ""by"": ""us"", ""atk"": 937, ""card"": 648, ""dmg"": 210, ""ko"": 1, ""os"": 0}]","{""0"": 40, ""1"": 1, ""2"": 1, ""3"": 1, ""4"": 1, ""5"": 1, ""7"": 16, ""13"": 6, ""15"": 4, ""16"": 6, ""21"": 5, ""22"": 2, ""30"": 2, ""40"": 6, ""41"": 1, ""43"": 2}",2026-08-12T11:51:35.827998200Z,92303795,5,5,5,0,True,11,588.7977470000006,2,1,0,1097|1122|7|646|1219|112|647,1,1,0,2,2,420,29,4,2,1,210,0,1,5,Grimmsnarl (mirror),9714ab5c3996f6cc,883.6788,55366690,95,4,6,840,18,21,0,0,0,11,"[{""t"": 4, ""c"": 647, ""os"": true}]",3,210,0,0,2,905.5406,1,6,0,0,DONE|DONE,11,v21,True,True
"[{""t"": 3, ""by"": ""us"", ""atk"": 937, ""card"": 648, ""dmg"": 390, ""ko"": 1, ""os"": 1}, {""t"": 4, ""by"": ""opp"", ""atk"": 560, ""card"": 401, ""dmg"": 360, ""ko"": 1, ""os"": 1}, {""t"": 5, ""by"": ""us"", ""atk"": 937, ""card"": 648, ""dmg"": 210, ""ko"": 2, ""os"": 1}, {""t"": 6, ""by"": ""opp"", ""atk"": 559, ""card"": 400, ""dmg"": 60, ""ko"": 0, ""os"": 0}, {""t"": 7, ""by"": ""us"", ""atk"": 937, ""card"": 648, ""dmg"": 210, ""ko"": 1, ""os"": 0}, {""t"": 9, ""by"": ""us"", ""atk"": 937, ""card"": 648, ""dmg"": 390, ""ko"": 2, ""os"": 2}]","{""0"": 22, ""1"": 1, ""4"": 1, ""5"": 1, ""7"": 11, ""13"": 2, ""15"": 4, ""16"": 2, ""21"": 4, ""22"": 2, ""37"": 2, ""40"": 2, ""41"": 1, ""43"": 2}",2026-08-12T11:55:35.738907100Z,92304739,3,3,3,0,True,9,593.2260489999996,1,1,1,1079|646|1097|1097|648|1227|7,1,0,1,2,4,420,25,4,0,1,360,0,1,4,other: Team Rocket's Mewtwo ex,c7f1cd6579e2b0e8,801.0421,55281815,57,4,4,1200,26,20,0,1,1,11,"[{""t"": 4, ""c"": 648, ""os"": true}]",7,390,0,4,1,924.1365,0,5,0,0,DONE|DONE,9,v21,True,True
"[{""t"": 2, ""by"": ""opp"", ""atk"": 934, ""card"": 646, ""dmg"": 0, ""ko"": 0, ""os"": 0}, {""t"": 4, ""by"": ""opp"", ""atk"": 937, ""card"": 648, ""dmg"": 390, ""ko"": 1, ""os"": 1}, {""t"": 5, ""by"": ""us"", ""atk"": 937, ""card"": 648, ""dmg"": 210, ""ko"": 0, ""os"": 0}, {""t"": 6, ""by"": ""opp"", ""atk"": 937, ""card"": 648, ""dmg"": 210, ""ko"": 0, ""os"": 0}, {""t"": 7, ""by"": ""us"", ""atk"": 937, ""card"": 648, ""dmg"": 210, ""ko"": 1, ""os"": 0}, {""t"": 8, ""by"": ""opp"", ""atk"": 937, ""card"": 648, ""dmg"": 210, ""ko"": 0, ""os"": 0}, {""t"": 9, ""by"": ""us"", ""atk"": 937, ""card"": 648, ""dmg"": 210, ""ko"": 0, ""os"": 0}, {""t"": 10, ""by"": ""opp"", ""atk"": 937, ""card"": 648, ""dmg"": 210, ""ko"": 0, ""os"": 0}, {""t"": 11, ""by"": ""us"", ""atk"": 937, ""card"": 648, ""dmg"": 210, ""ko"": 1, ""os"": 0}, {""t"": 13, ""by"": ""us"", ""atk"": 937, ""card"": 648, ""dmg"": 390, ""ko"": 1, ""os"": 1}]","{""0"": 41, ""1"": 1, ""3"": 2, ""4"": 1, ""5"": 2, ""7"": 15, ""13"": 4, ""15"": 5, ""16"": 4, ""21"": 8, ""22"": 2, ""30"": 4, ""37"": 1, ""40"": 4, ""41"": 1, ""43"": 3}",2026-08-12T11:59:35.808385500Z,92305667,5,5,5,0,True,13,582.1113870000005,1,1,0,1122|1086|646|7|1152|647|1086,1,1,0,5,2,1020,25,2,2,1,390,0,1,5,Grimmsnarl (mirror),9714ab5c3996f6cc,852.3452,55371062,98,5,6,1230,9,37,0,0,0,14,"[{""t"": 4, ""c"": 112, ""os"": true}]",3,390,1,1,1,935.6376,1,7,0,0,DONE|DONE,13,v21,True,True
"[{""t"": 4, ""by"": ""opp"", ""atk"": 937, ""card"": 648, ""dmg"": 210, ""ko"": 1, ""os"": 1}, {""t"": 5, ""by"": ""us"", ""atk"": 937, ""card"": 648, ""dmg"": 210, ""ko"": 0, ""os"": 0}, {""t"": 6, ""by"": ""opp"", ""atk"": 937, ""card"": 648, ""dmg"": 210, ""ko"": 0, ""os"": 0}, {""t"": 7, ""by"": ""us"", ""atk"": 937, ""card"": 648, ""dmg"": 210, ""ko"": 1, ""os"": 0}, {""t"": 8, ""by"": ""opp"", ""atk"": 937, ""card"": 648, ""dmg"": 390, ""ko"": 1, ""os"": 1}, {""t"": 9, ""by"": ""us"", ""atk"": 937, ""card"": 648, ""dmg"": 210, ""ko"": 1, ""os"": 0}, {""t"": 10, ""by"": ""opp"", ""atk"": 937, ""card"": 648, ""dmg"": 210, ""ko"": 0, ""os"": 0}, {""t"": 11, ""by"": ""us"", ""atk"": 937, ""card"": 648, ""dmg"": 210, ""ko"": 0, ""os"": 0}, {""t"": 12, ""by"": ""opp"", ""atk"": 937, ""card"": 648, ""dmg"": 210, ""ko"": 1, ""os"": 0}, {""t"": 13, ""by"": ""us"", ""atk"": 937, ""card"": 648, ""dmg"": 210, ""ko"": 1, ""os"": 0}]","{""0"": 48, ""1"": 1, ""3"": 1, ""4"": 2, ""7"": 15, ""13"": 8, ""15"": 5, ""16"": 8, ""21"": 7, ""22"": 3, ""30"": 2, ""37"": 1, ""40"": 8, ""41"": 1, ""43"": 3}",2026-08-12T12:03:35.708874700Z,92306595,5,5,5,0,True,13,589.5519910000002,1,0,1,860|648|1219|104|647|1152|1259,0,1,0,5,3,1230,22,4,2,3,390,0,2,3,Grimmsnarl (mirror),9714ab5c3996f6cc,877.6765,55373786,113,5,4,1050,20,33,0,0,0,5,"[{""t"": 4, ""c"": 104, ""os"": true}, {""t"": 8, ""c"": 112, ""os"": true}, {""t"": 12, ""c"": 112, ""os"": false}]",4,210,0,0,2,948.6222,3,7,0,0,DONE|DONE,13,v21,True,True
"[{""t"": 2, ""by"": ""opp"", ""atk"": 478, ""card"": 344, ""dmg"": 0, ""ko"": 0, ""os"": 0}, {""t"": 3, ""by"": ""us"", ""atk"": 937, ""card"": 648, ""dmg"": 10, ""ko"": 0, ""os"": 0}, {""t"": 5, ""by"": ""us"", ""atk"": 937, ""card"": 648, ""dmg"": 40, ""ko"": 0, ""os"": 0}, {""t"": 6, ""by"": ""opp"", ""atk"": 479, ""card"": 345, ""dmg"": 270, ""ko"": 0, ""os"": 0}, {""t"": 7, ""by"": ""us"", ""atk"": 937, ""card"": 648, ""dmg"": 20, ""ko"": 0, ""os"": 0}, {""t"": 8, ""by"": ""opp"", ""atk"": 479, ""card"": 345, ""dmg"": 270, ""ko"": 1, ""os"": 0}, {""t"": 9, ""by"": ""us"", ""atk"": 937, ""card"": 648, ""dmg"": 20, ""ko"": 0, ""os"": 0}, {""t"": 10, ""by"": ""opp"", ""atk"": 479, ""card"": 345, ""dmg"": 270, ""ko"": 1, ""os"": 1}, {""t"": 11, ""by"": ""us"", ""atk"": 937, ""card"": 648, ""dmg"": 20, ""ko"": 0, ""os"": 0}, {""t"": 12, ""by"": ""opp"", ""atk"": 479, ""card"": 345, ""dmg"": 280, ""ko"": 0, ""os"": 0}]","{""0"": 59, ""1"": 1, ""3"": 2, ""4"": 3, ""5"": 2, ""7"": 16, ""13"": 11, ""15"": 4, ""16"": 11, ""21"": 6, ""22"": 2, ""27"": 1, ""30"": 3, ""34"": 2, ""37"": 2, ""40"": 11, ""41"": 1, ""43"": 2}",2026-08-12T12:07:35.579626600Z,92307543,3,3,3,0,True,17,585.8206029999996,1,1,2,7|112|648|648|1152|1079|1086,0,0,1,5,0,1090,27,2,0,3,280,0,1,2,Kangaskhan / Crustle,5f0ac3552fe3098a,906.6208,55453185,139,5,6,110,10,37,0,1,0,6,"[{""t"": 8, ""c"": 648, ""os"": false}, {""t"": 10, ""c"": 647, ""os"": true}, {""t"": 14, ""c"": 112, ""os"": false}]",1,40,0,0,4,961.5686,2,9,0,0,DONE|DONE,17,v21,True,True
"[{""t"": 5, ""by"": ""us"", ""atk"": 937, ""card"": 648, ""dmg"": 230, ""ko"": 1, ""os"": 1}, {""t"": 6, ""by"": ""opp"", ""atk"": 532, ""card"": 381, ""dmg"": 330, ""ko"": 1, ""os"": 0}, {""t"": 7, ""by"": ""us"", ""atk"": 937, ""card"": 648, ""dmg"": 230, ""ko"": 0, ""os"": 0}, {""t"": 8, ""by"": ""opp"", ""atk"": 531, ""card"": 381, ""dmg"": 160, ""ko"": 1, ""os"": 1}, {""t"": 9, ""by"": ""us"", ""atk"": 937, ""card"": 648, ""dmg"": 210, ""ko"": 0, ""os"": 0}, {""t"": 10, ""by"": ""opp"", ""atk"": 540, ""card"": 387, ""dmg"": 500, ""ko"": 1, ""os"": 1}, {""t"": 12, ""by"": ""opp"", ""atk"": 540, ""card"": 387, ""dmg"": 500, ""ko"": 1, ""os"": 1}]","{""0"": 38, ""1"": 1, ""2"": 1, ""3"": 2, ""4"": 3, ""5"": 1, ""7"": 10, ""8"": 1, ""13"": 5, ""15"": 3, ""16"": 5, ""21"": 5, ""22"": 2, ""30"": 1, ""40"": 2, ""41"": 1, ""43"": 2}",2026-08-12T12:11:35.524263800Z,92308462,5,5,5,0,True,12,592.5829979999997,2,0,1,1080|1227|112|646|648|1086|1259,1,0,0,4,5,1490,24,6,0,4,500,0,3,1,other: Cynthia's Garchomp ex,daff2ed17de6145d,892.4661,55147260,83,3,5,670,23,23,0,2,1,1,"[{""t"": 6, ""c"": 648, ""os"": false}, {""t"": 8, ""c"": 104, ""os"": true}, {""t"": 10, ""c"": 648, ""os"": true}, {""t"": 12, ""c"": 646, ""os"": true}]",1,230,0,1,4,990.2614,2,6,0,0,DONE|DONE,12,v21,True,False
"[{""t"": 4, ""by"": ""us"", ""atk"": 937, ""card"": 648, ""dmg"": 210, ""ko"": 1, ""os"": 1}, {""t"": 6, ""by"": ""us"", ""atk"": 937, ""card"": 648, ""dmg"": 210, ""ko"": 1, ""os"": 1}, {""t"": 7, ""by"": ""opp"", ""atk"": 937, ""card"": 648, ""dmg"": 390, ""ko"": 1, ""os"": 1}, {""t"": 8, ""by"": ""us"", ""atk"": 937, ""card"": 648, ""dmg"": 210, ""ko"": 0, ""os"": 0}, {""t"": 9, ""by"": ""opp"", ""atk"": 937, ""card"": 648, ""dmg"": 210, ""ko"": 1, ""os"": 0}, {""t"": 10, ""by"": ""us"", ""atk"": 937, ""card"": 648, ""dmg"": 210, ""ko"": 2, ""os"": 0}, {""t"": 11, ""by"": ""opp"", ""atk"": 937, ""card"": 648, ""dmg"": 210, ""ko"": 0, ""os"": 0}, {""t"": 12, ""by"": ""us"", ""atk"": 937, ""card"": 648, ""dmg"": 210, ""ko"": 1, ""os"": 0}]","{""0"": 34, ""1"": 1, ""2"": 1, ""3"": 1, ""4"": 1, ""5"": 1, ""7"": 13, ""13"": 5, ""15"": 5, ""16"": 5, ""21"": 6, ""22"": 2, ""30"": 2, ""37"": 2, ""40"": 5, ""43"": 2}",2026-08-12T12:11:35.688461800Z,92308563,4,4,4,,False,12,590.1977769999999,2,0,2,648|648|1219|112|1152|1079|646,1,0,1,3,3,810,21,7,1,2,390,0,1,4,Grimmsnarl (mirror),9714ab5c3996f6cc,985.2073,55455876,86,5,5,1050,22,34,0,0,0,6,"[{""t"": 7, ""c"": 112, ""os"": true}, {""t"": 9, ""c"": 112, ""os"": false}]",5,210,0,2,1,974.586,2,6,0,1,DONE|DONE,12,v21,False,True
"[{""t"": 4, ""by"": ""opp"", ""atk"": 120, ""card"": 96, ""dmg"": 150, ""ko"": 1, ""os"": 1}, {""t"": 5, ""by"": ""us"", ""atk"": 937, ""card"": 648, ""dmg"": 210, ""ko"": 2, ""os"": 1}, {""t"": 6, ""by"": ""opp"", ""atk"": 120, ""card"": 96, ""dmg"": 420, ""ko"": 1, ""os"": 1}, {""t"": 8, ""by"": ""opp"", ""atk"": 120, ""card"": 96, ""dmg"": 390, ""ko"": 1, ""os"": 1}, {""t"": 9, ""by"": ""us"", ""atk"": 937, ""card"": 648, ""dmg"": 180, ""ko"": 1, ""os"": 0}]","{""0"": 41, ""1"": 1, ""2"": 1, ""3"": 1, ""4"": 3, ""5"": 1, ""7"": 17, ""13"": 4, ""15"": 1, ""16"": 4, ""21"": 4, ""22"": 2, ""37"": 1, ""40"": 3, ""41"": 1, ""43"": 2}",2026-08-12T12:15:36.319766400Z,92309419,5,5,5,0,True,9,590.8209209999995,2,1,1,7|860|112|648|1080|1227|1079,0,0,1,3,0,960,40,4,0,3,420,0,3,2,other: Hydrapple ex,78a27b6e506d4015,913.0992,55438434,87,2,6,390,18,23,0,1,1,3,"[{""t"": 4, ""c"": 104, ""os"": true}, {""t"": 6, ""c"": 648, ""os"": true}, {""t"": 8, ""c"": 647, ""os"": true}]",3,210,0,1,3,957.8755,2,5,0,0,DONE|DONE,9,v21,True,True
"[{""t"": 3, ""by"": ""opp"", ""atk"": 936, ""card"": 647, ""dmg"": 60, ""ko"": 0, ""os"": 0}, {""t"": 5, ""by"": ""opp"", ""atk"": 936, ""card"": 647, ""dmg"": 60, ""ko"": 0, ""os"": 0}, {""t"": 7, ""by"": ""opp"", ""atk"": 937, ""card"": 648, ""dmg"": 210, ""ko"": 1, ""os"": 1}, {""t"": 8, ""by"": ""us"", ""atk"": 937, ""card"": 648, ""dmg"": 390, ""ko"": 1, ""os"": 1}, {""t"": 9, ""by"": ""opp"", ""atk"": 937, ""card"": 648, ""dmg"": 210, ""ko"": 0, ""os"": 0}, {""t"": 11, ""by"": ""opp"", ""atk"": 937, ""card"": 648, ""dmg"": 210, ""ko"": 1, ""os"": 1}, {""t"": 13, ""by"": ""opp"", ""atk"": 937, ""card"": 648, ""dmg"": 390, ""ko"": 1, ""os"": 0}, {""t"": 15, ""by"": ""opp"", ""atk"": 937, ""card"": 648, ""dmg"": 390, ""ko"": 1, ""os"": 0}]","{""0"": 33, ""1"": 1, ""2"": 1, ""3"": 4, ""4"": 3, ""5"": 1, ""7"": 10, ""13"": 1, ""15"": 1, ""16"": 1, ""21"": 2, ""22"": 1, ""30"": 4, ""40"": 1, ""43"": 1}",2026-08-12T12:19:35.725650800Z,92310361,8,8,8,,False,15,592.8235189999994,2,2,0,647|7|860|860|1097|1086|7,0,1,0,7,4,1530,26,3,0,5,390,0,2,1,Grimmsnarl (mirror),9714ab5c3996f6cc,996.0933,55360885,65,1,1,390,27,22,0,0,0,5,"[{""t"": 7, ""c"": 860, ""os"": false}, {""t"": 7, ""c"": 647, ""os"": true}, {""t"": 11, ""c"": 646, ""os"": true}, {""t"": 13, ""c"": 112, ""os"": false}, {""t"": 15, ""c"": 112, ""os"": false}]",1,390,0,1,5,970.345,5,7,0,1,DONE|DONE,15,v21,False,False
"[{""t"": 2, ""by"": ""us"", ""atk"": 934, ""card"": 646, ""dmg"": 0, ""ko"": 0, ""os"": 0}, {""t"": 3, ""by"": ""opp"", ""atk"": 1070, ""card"": 741, ""dmg"": 10, ""ko"": 0, ""os"": 0}, {""t"": 4, ""by"": ""us"", ""atk"": 937, ""card"": 648, ""dmg"": 390, ""ko"": 1, ""os"": 1}, {""t"": 5, ""by"": ""opp"", ""atk"": 1071, ""card"": 742, ""dmg"": 30, ""ko"": 0, ""os"": 0}, {""t"": 6, ""by"": ""us"", ""atk"": 937, ""card"": 648, ""dmg"": 390, ""ko"": 1, ""os"": 1}, {""t"": 7, ""by"": ""opp"", ""atk"": 1072, ""card"": 743, ""dmg"": 300, ""ko"": 0, ""os"": 0}, {""t"": 8, ""by"": ""us"", ""atk"": 937, ""card"": 648, ""dmg"": 390, ""ko"": 1, ""os"": 1}, {""t"": 10, ""by"": ""us"", ""atk"": 937, ""card"": 648, ""dmg"": 420, ""ko"": 1, ""os"": 1}, {""t"": 11, ""by"": ""opp"", ""atk"": 1072, ""card"": 743, ""dmg"": 340, ""ko"": 1, ""os"": 1}, {""t"": 12, ""by"": ""us"", ""atk"": 937, ""card"": 648, ""dmg"": 360, ""ko"": 1, ""os"": 1}, {""t"": 13, ""by"": ""opp"", ""atk"": 1072, ""card"": 743, ""dmg"": 240, ""ko"": 0, ""os"": 0}, {""t"": 14, ""by"": ""us"", ""atk"": 937, ""card"": 648, ""dmg"": 360, ""ko"": 1, ""os"": 1}]","{""0"": 35, ""1"": 1, ""3"": 1, ""4"": 2, ""5"": 1, ""7"": 14, ""8"": 1, ""13"": 2, ""15"": 6, ""16"": 2, ""21"": 4, ""22"": 2, ""30"": 1, ""37"": 1, ""40"": 1, ""43"": 2}",2026-08-12T12:23:35.813403700Z,92311310,2,4,4,,False,14,591.5138469999995,1,3,1,647|7|1079|648|7|646|7,1,1,1,5,4,920,13,3,0,1,340,0,1,3,Alakazam,cc38cb450b86770a,891.3279,55403940,76,7,4,2310,22,26,0,0,0,5,"[{""t"": 11, ""c"": 104, ""os"": true}]",6,420,0,6,1,968.9407,1,7,1,1,DONE|DONE,14,v21,False,True
"[{""t"": 2, ""by"": ""opp"", ""atk"": 323, ""card"": 235, ""dmg"": 20, ""ko"": 0, ""os"": 0}, {""t"": 3, ""by"": ""us"", ""atk"": 934, ""card"": 646, ""dmg"": 0, ""ko"": 0, ""os"": 0}, {""t"": 4, ""by"": ""opp"", ""atk"": 323, ""card"": 235, ""dmg"": 20, ""ko"": 0, ""os"": 0}, {""t"": 5, ""by"": ""us"", ""atk"": 934, ""card"": 646, ""dmg"": 0, ""ko"": 0, ""os"": 0}, {""t"": 7, ""by"": ""us"", ""atk"": 937, ""card"": 648, ""dmg"": 210, ""ko"": 1, ""os"": 1}, {""t"": 8, ""by"": ""opp"", ""atk"": 154, ""card"": 121, ""dmg"": 260, ""ko"": 0, ""os"": 0}, {""t"": 9, ""by"": ""us"", ""atk"": 937, ""card"": 648, ""dmg"": 210, ""ko"": 0, ""os"": 0}, {""t"": 10, ""by"": ""opp"", ""atk"": 154, ""card"": 121, ""dmg"": 260, ""ko"": 1, ""os"": 0}, {""t"": 11, ""by"": ""us"", ""atk"": 937, ""card"": 648, ""dmg"": 210, ""ko"": 0, ""os"": 0}, {""t"": 12, ""by"": ""opp"", ""atk"": 154, ""card"": 121, ""dmg"": 260, ""ko"": 0, ""os"": 0}, {""t"": 13, ""by"": ""us"", ""atk"": 937, ""card"": 648, ""dmg"": 240, ""ko"": 1, ""os"": 0}, {""t"": 14, ""by"": ""opp"", ""atk"": 154, ""card"": 121, ""dmg"": 260, ""ko"": 2, ""os"": 0}]","{""0"": 37, ""1"": 1, ""4"": 1, ""5"": 2, ""7"": 11, ""13"": 2, ""15"": 4, ""16"": 2, ""21"": 5, ""22"": 2, ""37"": 1, ""38"": 1, ""40"": 2, ""43"": 2}",2026-08-12T12:27:35.998337100Z,92312245,3,7,7,,False,14,593.2662960000002,1,2,0,1097|104|1152|1219|646|7|7,1,0,0,6,4,1080,11,2,0,3,260,1,0,2,Dragapult,202ee2cec6cbe8b4,903.9006,55447687,73,6,3,870,18,29,0,2,0,7,"[{""t"": 10, ""c"": 648, ""os"": false}, {""t"": 14, ""c"": 648, ""os"": false}, {""t"": 14, ""c"": 104, ""os"": false}]",3,240,0,1,2,978.2156,1,7,2,1,DONE|DONE,14,v21,True,False
"[{""t"": 2, ""by"": ""us"", ""atk"": 934, ""card"": 646, ""dmg"": 0, ""ko"": 0, ""os"": 0}, {""t"": 3, ""by"": ""opp"", ""atk"": 1072, ""card"": 743, ""dmg"": 260, ""ko"": 1, ""os"": 1}, {""t"": 4, ""by"": ""us"", ""atk"": 937, ""card"": 648, ""dmg"": 470, ""ko"": 1, ""os"": 1}, {""t"": 5, ""by"": ""opp"", ""atk"": 1072, ""card"": 743, ""dmg"": 340, ""ko"": 1, ""os"": 0}, {""t"": 7, ""by"": ""opp"", ""atk"": 1072, ""card"": 743, ""dmg"": 180, ""ko"": 1, ""os"": 1}, {""t"": 8, ""by"": ""us"", ""atk"": 937, ""card"": 648, ""dmg"": 380, ""ko"": 2, ""os"": 0}]","{""0"": 35, ""1"": 1, ""2"": 1, ""3"": 1, ""4"": 3, ""5"": 1, ""7"": 16, ""8"": 1, ""13"": 5, ""15"": 2, ""16"": 5, ""21"": 5, ""22"": 2, ""30"": 1, ""34"": 3, ""37"": 1, ""40"": 5, ""43"": 2}",2026-08-12T12:31:35.636020400Z,92313196,2,4,4,,False,10,591.7049269999999,2,1,0,1219|7|1079|646|1227|1097|860,1,0,1,3,3,780,18,3,0,3,340,0,2,2,Alakazam,cc38cb450b86770a,921.405,55437201,90,3,6,850,20,26,0,1,0,6,"[{""t"": 3, ""c"": 646, ""os"": true}, {""t"": 5, ""c"": 648, ""os"": false}, {""t"": 7, ""c"": 646, ""os"": true}]",4,470,0,1,1,962.8884,2,5,1,1,DONE|DONE,10,v21,False,True
"[{""t"": 3, ""by"": ""us"", ""atk"": 934, ""card"": 646, ""dmg"": 0, ""ko"": 0, ""os"": 0}, {""t"": 5, ""by"": ""us"", ""atk"": 937, ""card"": 648, ""dmg"": 390, ""ko"": 1, ""os"": 1}, {""t"": 6, ""by"": ""opp"", ""atk"": 937, ""card"": 648, ""dmg"": 210, ""ko"": 0, ""os"": 0}, {""t"": 7, ""by"": ""us"", ""atk"": 937, ""card"": 648, ""dmg"": 210, ""ko"": 0, ""os"": 0}, {""t"": 8, ""by"": ""opp"", ""atk"": 937, ""card"": 648, ""dmg"": 210, ""ko"": 0, ""os"": 0}, {""t"": 9, ""by"": ""us"", ""atk"": 937, ""card"": 648, ""dmg"": 210, ""ko"": 1, ""os"": 0}, {""t"": 11, ""by"": ""us"", ""atk"": 937, ""card"": 648, ""dmg"": 210, ""ko"": 2, ""os"": 0}]","{""0"": 46, ""1"": 1, ""3"": 3, ""5"": 1, ""7"": 15, ""13"": 9, ""15"": 4, ""16"": 9, ""21"": 6, ""22"": 2, ""30"": 3, ""38"": 1, ""40"": 9, ""41"": 1, ""43"": 2}",2026-08-12T12:35:36.737483600Z,92314152,3,5,5,0,True,11,587.8622969999998,1,4,0,7|7|1086|7|1080|7|646,1,0,0,2,3,420,25,6,1,1,210,2,0,5,Grimmsnarl (mirror),9714ab5c3996f6cc,942.7735,55433905,112,5,6,1020,20,31,0,0,0,7,"[{""t"": 8, ""c"": 112, ""os"": false}]",5,390,0,1,1,972.7391,1,6,1,0,DONE|DONE,11,v21,True,True
"[{""t"": 8, ""by"": ""opp"", ""atk"": 479, ""card"": 345, ""dmg"": 140, ""ko"": 1, ""os"": 1}, {""t"": 10, ""by"": ""opp"", ""atk"": 479, ""card"": 345, ""dmg"": 120, ""ko"": 1, ""os"": 1}, {""t"": 12, ""by"": ""opp"", ""atk"": 479, ""card"": 345, ""dmg"": 240, ""ko"": 1, ""os"": 1}, {""t"": 13, ""by"": ""us"", ""atk"": 937, ""card"": 648, ""dmg"": 0, ""ko"": 0, ""os"": 0}, {""t"": 14, ""by"": ""opp"", ""atk"": 479, ""card"": 345, ""dmg"": 240, ""ko"": 0, ""os"": 0}, {""t"": 15, ""by"": ""us"", ""atk"": 937, ""card"": 648, ""dmg"": 0, ""ko"": 0, ""os"": 0}, {""t"": 17, ""by"": ""us"", ""atk"": 936, ""card"": 647, ""dmg"": 60, ""ko"": 0, ""os"": 0}, {""t"": 19, ""by"": ""us"", ""atk"": 936, ""card"": 647, ""dmg"": 60, ""ko"": 1, ""os"": 0}]","{""0"": 57, ""1"": 1, ""2"": 1, ""3"": 2, ""4"": 3, ""7"": 13, ""13"": 17, ""15"": 2, ""16"": 17, ""21"": 3, ""22"": 1, ""27"": 1, ""30"": 2, ""34"": 1, ""40"": 15, ""41"": 1, ""43"": 1}",2026-08-12T12:39:35.847156400Z,92315087,13,13,13,0,True,19,586.2701190000001,4,1,1,860|112|1182|646|860|7|648,1,0,0,4,0,740,25,8,0,3,240,0,3,3,Kangaskhan / Crustle,9b415cc6bbdf6fd5,923.9544,55456272,138,4,6,120,19,30,0,0,0,5,"[{""t"": 8, ""c"": 104, ""os"": true}, {""t"": 10, ""c"": 104, ""os"": true}, {""t"": 12, ""c"": 646, ""os"": true}]",3,60,0,0,3,982.6581,3,10,2,0,DONE|DONE,19,v21,True,True
"[{""t"": 6, ""by"": ""us"", ""atk"": 936, ""card"": 647, ""dmg"": 90, ""ko"": 0, ""os"": 0}, {""t"": 7, ""by"": ""opp"", ""atk"": 479, ""card"": 345, ""dmg"": 260, ""ko"": 1, ""os"": 1}, {""t"": 8, ""by"": ""us"", ""atk"": 937, ""card"": 648, ""dmg"": 50, ""ko"": 0, ""os"": 0}, {""t"": 9, ""by"": ""opp"", ""atk"": 479, ""card"": 345, ""dmg"": 300, ""ko"": 0, ""os"": 0}, {""t"": 10, ""by"": ""us"", ""atk"": 937, ""card"": 648, ""dmg"": 20, ""ko"": 0, ""os"": 0}, {""t"": 11, ""by"": ""opp"", ""atk"": 479, ""card"": 345, ""dmg"": 280, ""ko"": 1, ""os"": 0}, {""t"": 12, ""by"": ""us"", ""atk"": 937, ""card"": 648, ""dmg"": 200, ""ko"": 0, ""os"": 0}, {""t"": 14, ""by"": ""us"", ""atk"": 937, ""card"": 648, ""dmg"": 20, ""ko"": 0, ""os"": 0}, {""t"": 16, ""by"": ""us"", ""atk"": 937, ""card"": 648, ""dmg"": 20, ""ko"": 0, ""os"": 0}]","{""0"": 61, ""1"": 1, ""3"": 4, ""4"": 2, ""5"": 1, ""7"": 15, ""8"": 1, ""13"": 14, ""15"": 4, ""16"": 14, ""21"": 5, ""22"": 2, ""30"": 2, ""34"": 5, ""37"": 1, ""38"": 1, ""40"": 14, ""43"": 2}",2026-08-12T12:43:35.811346900Z,92316018,6,6,8,,False,18,585.0109029999994,1,1,1,1097|1259|1097|7|648|1219|112,0,0,0,3,1,840,28,7,0,2,300,1,1,3,Kangaskhan / Crustle,1eda048ea3581634,963.6279,55456643,149,6,6,400,9,38,0,1,0,7,"[{""t"": 7, ""c"": 647, ""os"": true}, {""t"": 11, ""c"": 648, ""os"": false}]",3,200,0,0,1,975.9496,1,9,0,1,DONE|DONE,18,v21,False,True
"[{""t"": 5, ""by"": ""opp"", ""atk"": 937, ""card"": 648, ""dmg"": 390, ""ko"": 1, ""os"": 1}, {""t"": 6, ""by"": ""us"", ""atk"": 937, ""card"": 648, ""dmg"": 210, ""ko"": 0, ""os"": 0}, {""t"": 7, ""by"": ""opp"", ""atk"": 937, ""card"": 648, ""dmg"": 210, ""ko"": 0, ""os"": 0}, {""t"": 8, ""by"": ""us"", ""atk"": 937, ""card"": 648, ""dmg"": 210, ""ko"": 0, ""os"": 0}, {""t"": 9, ""by"": ""opp"", ""atk"": 937, ""card"": 648, ""dmg"": 390, ""ko"": 1, ""os"": 0}, {""t"": 10, ""by"": ""us"", ""atk"": 937, ""card"": 648, ""dmg"": 210, ""ko"": 1, ""os"": 0}, {""t"": 11, ""by"": ""opp"", ""atk"": 937, ""card"": 648, ""dmg"": 210, ""ko"": 0, ""os"": 0}, {""t"": 12, ""by"": ""us"", ""atk"": 937, ""card"": 648, ""dmg"": 210, ""ko"": 0, ""os"": 0}]","{""0"": 43, ""1"": 1, ""3"": 3, ""4"": 2, ""5"": 1, ""7"": 13, ""13"": 3, ""15"": 4, ""16"": 3, ""21"": 5, ""22"": 2, ""30"": 4, ""40"": 3, ""43"": 3}",2026-08-12T12:43:35.821035500Z,92316023,6,6,6,,False,13,588.824961,1,0,1,648|647|1080|112|1227|1086|1122,0,1,0,4,6,1200,14,5,1,5,390,0,1,1,Grimmsnarl (mirror),9714ab5c3996f6cc,868.4623,55448347,90,4,2,840,21,52,0,1,0,2,"[{""t"": 5, ""c"": 112, ""os"": true}, {""t"": 9, ""c"": 112, ""os"": false}, {""t"": 9, ""c"": 112, ""os"": false}, {""t"": 13, ""c"": 648, ""os"": false}, {""t"": 13, ""c"": 646, ""os"": false}]",1,210,3,0,4,991.1045,4,6,0,1,DONE|DONE,13,v21,False,False
"[{""t"": 3, ""by"": ""opp"", ""atk"": 934, ""card"": 646, ""dmg"": 0, ""ko"": 0, ""os"": 0}, {""t"": 5, ""by"": ""opp"", ""atk"": 937, ""card"": 648, ""dmg"": 390, ""ko"": 1, ""os"": 1}, {""t"": 6, ""by"": ""us"", ""atk"": 937, ""card"": 648, ""dmg"": 210, ""ko"": 0, ""os"": 0}, {""t"": 7, ""by"": ""opp"", ""atk"": 937, ""card"": 648, ""dmg"": 210, ""ko"": 1, ""os"": 0}, {""t"": 8, ""by"": ""us"", ""atk"": 937, ""card"": 648, ""dmg"": 210, ""ko"": 1, ""os"": 0}, {""t"": 9, ""by"": ""opp"", ""atk"": 937, ""card"": 648, ""dmg"": 210, ""ko"": 1, ""os"": 0}, {""t"": 10, ""by"": ""us"", ""atk"": 937, ""card"": 648, ""dmg"": 210, ""ko"": 0, ""os"": 0}, {""t"": 11, ""by"": ""opp"", ""atk"": 937, ""card"": 648, ""dmg"": 210, ""ko"": 1, ""os"": 0}]","{""0"": 54, ""1"": 1, ""3"": 1, ""4"": 2, ""5"": 1, ""7"": 18, ""13"": 8, ""15"": 3, ""16"": 8, ""21"": 4, ""22"": 2, ""30"": 2, ""37"": 1, ""40"": 8, ""43"": 3}",2026-08-12T12:47:35.786522100Z,92316985,6,6,6,,False,13,586.4470069999999,1,1,1,7|1182|104|1152|648|112|1259,0,0,0,5,5,1020,22,3,1,5,390,0,1,1,Grimmsnarl (mirror),9714ab5c3996f6cc,951.5346,55452397,116,3,5,630,14,34,0,1,0,5,"[{""t"": 5, ""c"": 112, ""os"": true}, {""t"": 7, ""c"": 112, ""os"": false}, {""t"": 9, ""c"": 112, ""os"": false}, {""t"": 11, ""c"": 648, ""os"": false}, {""t"": 13, ""c"": 860, ""os"": false}]",2,210,0,0,3,985.249,4,6,0,1,DONE|DONE,13,v21,False,False
"[{""t"": 3, ""by"": ""us"", ""atk"": 937, ""card"": 648, ""dmg"": 210, ""ko"": 1, ""os"": 1}, {""t"": 4, ""by"": ""opp"", ""atk"": 937, ""card"": 648, ""dmg"": 250, ""ko"": 0, ""os"": 0}, {""t"": 5, ""by"": ""us"", ""atk"": 937, ""card"": 648, ""dmg"": 240, ""ko"": 0, ""os"": 0}, {""t"": 6, ""by"": ""opp"", ""atk"": 937, ""card"": 648, ""dmg"": 260, ""ko"": 0, ""os"": 0}, {""t"": 7, ""by"": ""us"", ""atk"": 937, ""card"": 648, ""dmg"": 240, ""ko"": 1, ""os"": 0}, {""t"": 8, ""by"": ""opp"", ""atk"": 937, ""card"": 648, ""dmg"": 250, ""ko"": 1, ""os"": 0}, {""t"": 9, ""by"": ""us"", ""atk"": 937, ""card"": 648, ""dmg"": 220, ""ko"": 1, ""os"": 0}, {""t"": 10, ""by"": ""opp"", ""atk"": 937, ""card"": 648, ""dmg"": 430, ""ko"": 1, ""os"": 0}, {""t"": 11, ""by"": ""us"", ""atk"": 937, ""card"": 648, ""dmg"": 210, ""ko"": 1, ""os"": 0}]","{""0"": 42, ""1"": 1, ""2"": 1, ""3"": 1, ""4"": 2, ""7"": 18, ""13"": 8, ""15"": 5, ""16"": 8, ""21"": 8, ""22"": 3, ""30"": 2, ""37"": 2, ""40"": 8, ""41"": 1, ""43"": 3}",2026-08-12T12:51:36.195505200Z,92317932,3,3,3,0,True,11,587.8181179999996,2,0,0,1079|1097|1231|646|1259|1152|112,1,0,1,4,3,1190,21,4,2,3,430,0,0,2,Grimmsnarl (mirror),9714ab5c3996f6cc,880.9093,55439479,113,5,4,1120,18,32,0,1,0,9,"[{""t"": 6, ""c"": 112, ""os"": false}, {""t"": 8, ""c"": 648, ""os"": false}, {""t"": 10, ""c"": 112, ""os"": false}]",5,240,0,1,1,974.5665,2,6,0,0,DONE|DONE,11,v21,True,True
"[{""t"": 3, ""by"": ""opp"", ""atk"": 980, ""card"": 676, ""dmg"": 70, ""ko"": 1, ""os"": 1}, {""t"": 4, ""by"": ""us"", ""atk"": 934, ""card"": 646, ""dmg"": 0, ""ko"": 0, ""os"": 0}, {""t"": 5, ""by"": ""opp"", ""atk"": 982, ""card"": 678, ""dmg"": 130, ""ko"": 1, ""os"": 1}, {""t"": 6, ""by"": ""us"", ""atk"": 937, ""card"": 648, ""dmg"": 210, ""ko"": 0, ""os"": 0}, {""t"": 7, ""by"": ""opp"", ""atk"": 982, ""card"": 678, ""dmg"": 130, ""ko"": 1, ""os"": 1}, {""t"": 8, ""by"": ""us"", ""atk"": 937, ""card"": 648, ""dmg"": 210, ""ko"": 0, ""os"": 0}, {""t"": 9, ""by"": ""opp"", ""atk"": 982, ""card"": 678, ""dmg"": 130, ""ko"": 1, ""os"": 1}, {""t"": 10, ""by"": ""us"", ""atk"": 937, ""card"": 648, ""dmg"": 230, ""ko"": 0, ""os"": 0}, {""t"": 11, ""by"": ""opp"", ""atk"": 983, ""card"": 678, ""dmg"": 360, ""ko"": 1, ""os"": 0}]","{""0"": 31, ""1"": 1, ""2"": 1, ""4"": 4, ""5"": 1, ""7"": 11, ""15"": 3, ""21"": 3, ""22"": 1, ""43"": 1}",2026-08-12T12:55:36.155397300Z,92318873,4,6,6,,False,11,593.7288729999999,3,1,0,1219|1086|1219|860|646|112|7,1,0,0,5,6,820,12,3,0,5,360,0,4,2,Mega Lucario,05f854e1b3b3ba0f,1011.9044,55426023,57,4,4,650,19,40,0,1,0,7,"[{""t"": 3, ""c"": 646, ""os"": true}, {""t"": 5, ""c"": 646, ""os"": true}, {""t"": 7, ""c"": 646, ""os"": true}, {""t"": 9, ""c"": 646, ""os"": true}, {""t"": 11, ""c"": 648, ""os"": false}]",0,230,1,0,6,980.9204,4,5,1,1,DONE|DONE,11,v21,False,False
"[{""t"": 3, ""by"": ""us"", ""atk"": 937, ""card"": 648, ""dmg"": 40, ""ko"": 0, ""os"": 0}, {""t"": 5, ""by"": ""us"", ""atk"": 937, ""card"": 648, ""dmg"": 20, ""ko"": 0, ""os"": 0}, {""t"": 8, ""by"": ""opp"", ""atk"": 479, ""card"": 345, ""dmg"": 120, ""ko"": 1, ""os"": 1}, {""t"": 9, ""by"": ""us"", ""atk"": 937, ""card"": 648, ""dmg"": 20, ""ko"": 0, ""os"": 0}, {""t"": 10, ""by"": ""opp"", ""atk"": 479, ""card"": 345, ""dmg"": 120, ""ko"": 1, ""os"": 1}, {""t"": 11, ""by"": ""us"", ""atk"": 937, ""card"": 648, ""dmg"": 0, ""ko"": 0, ""os"": 0}, {""t"": 13, ""by"": ""us"", ""atk"": 937, ""card"": 648, ""dmg"": 0, ""ko"": 0, ""os"": 0}, {""t"": 15, ""by"": ""us"", ""atk"": 937, ""card"": 648, ""dmg"": 0, ""ko"": 0, ""os"": 0}, {""t"": 17, ""by"": ""us"", ""atk"": 937, ""card"": 648, ""dmg"": 0, ""ko"": 0, ""os"": 0}, {""t"": 19, ""by"": ""us"", ""atk"": 937, ""card"": 648, ""dmg"": 0, ""ko"": 0, ""os"": 0}, {""t"": 21, ""by"": ""us"", ""atk"": 937, ""card"": 648, ""dmg"": 0, ""ko"": 0, ""os"": 0}, {""t"": 23, ""by"": ""us"", ""atk"": 937, ""card"": 648, ""dmg"": 0, ""ko"": 0, ""os"": 0}, {""t"": 25, ""by"": ""us"", ""atk"": 937, ""card"": 648, ""dmg"": 0, ""ko"": 0, ""os"": 0}, {""t"": 27, ""by"": ""us"", ""atk"": 937, ""card"": 648, ""dmg"": 0, ""ko"": 0, ""os"": 0}, {""t"": 29, ""by"": ""us"", ""atk"": 937, ""card"": 648, ""dmg"": 0, ""ko"": 0, ""os"": 0}, {""t"": 31, ""by"": ""us"", ""atk"": 937, ""card"": 648, ""dmg"": 0, ""ko"": 0, ""os"": 0}, {""t"": 33, ""by"": ""us"", ""atk"": 937, ""card"": 648, ""dmg"": 0, ""ko"": 0, ""os"": 0}, {""t"": 34, ""by"": ""opp"", ""atk"": 479, ""card"": 345, ""dmg"": 120, ""ko"": 1, ""os"": 1}, {""t"": 35, ""by"": ""us"", ""atk"": 937, ""card"": 648, ""dmg"": 0, ""ko"": 0, ""os"": 0}, {""t"": 37, ""by"": ""us"", ""atk"": 937, ""card"": 648, ""dmg"": 0, ""ko"": 0, ""os"": 0}, {""t"": 39, ""by"": ""us"", ""atk"": 937, ""card"": 648, ""dmg"": 0, ""ko"": 0, ""os"": 0}, {""t"": 41, ""by"": ""us"", ""atk"": 937, ""card"": 648, ""dmg"": 0, ""ko"": 0, ""os"": 0}, {""t"": 43, ""by"": ""us"", ""atk"": 937, ""card"": 648, ""dmg"": 0, ""ko"": 0, ""os"": 0}, {""t"": 44, ""by"": ""opp"", ""atk"": 479, ""card"": 345, ""dmg"": 120, ""ko"": 1, ""os"": 1}, {""t"": 45, ""by"": ""us"", ""atk"": 937, ""card"": 648, ""dmg"": 0, ""ko"": 0, ""os"": 0}, {""t"": 47, ""by"": ""us"", ""atk"": 937, ""card"": 648, ""dmg"": 20, ""ko"": 0, ""os"": 0}, {""t"": 48, ""by"": ""opp"", ""atk"": 479, ""card"": 345, ""dmg"": 280, ""ko"": 0, ""os"": 0}, {""t"": 49, ""by"": ""us"", ""atk"": 937, ""card"": 648, ""dmg"": 20, ""ko"": 0, ""os"": 0}, {""t"": 50, ""by"": ""opp"", ""atk"": 479, ""card"": 345, ""dmg"": 280, ""ko"": 0, ""os"": 0}, {""t"": 52, ""by"": ""opp"", ""atk"": 479, ""card"": 345, ""dmg"": 290, ""ko"": 0, ""os"": 0}]","{""0"": 93, ""1"": 1, ""2"": 1, ""3"": 3, ""4"": 4, ""7"": 19, ""8"": 1, ""13"": 17, ""15"": 23, ""16"": 17, ""21"": 5, ""22"": 2, ""27"": 1, ""30"": 4, ""37"": 1, ""40"": 12, ""41"": 1, ""43"": 3}",2026-08-12T12:55:36.205199100Z,92318905,3,3,3,0,True,54,579.2493290000004,3,0,0,1079|860|1227|1182|112|646|1080,1,0,1,7,2,1330,19,8,0,4,290,0,4,2,Kangaskhan / Crustle,9b415cc6bbdf6fd5,925.207,55456272,208,23,6,120,0,71,0,0,0,5,"[{""t"": 8, ""c"": 104, ""os"": true}, {""t"": 10, ""c"": 104, ""os"": true}, {""t"": 34, ""c"": 112, ""os"": true}, {""t"": 44, ""c"": 112, ""os"": true}]",1,40,0,0,5,964.9851,4,27,18,0,DONE|DONE,54,v21,True,False
"[{""t"": 4, ""by"": ""us"", ""atk"": 937, ""card"": 648, ""dmg"": 230, ""ko"": 1, ""os"": 1}, {""t"": 5, ""by"": ""opp"", ""atk"": 937, ""card"": 648, ""dmg"": 250, ""ko"": 0, ""os"": 0}, {""t"": 6, ""by"": ""us"", ""atk"": 937, ""card"": 648, ""dmg"": 250, ""ko"": 0, ""os"": 0}, {""t"": 7, ""by"": ""opp"", ""atk"": 937, ""card"": 648, ""dmg"": 230, ""ko"": 1, ""os"": 0}, {""t"": 8, ""by"": ""us"", ""atk"": 937, ""card"": 648, ""dmg"": 250, ""ko"": 2, ""os"": 0}, {""t"": 9, ""by"": ""opp"", ""atk"": 937, ""card"": 648, ""dmg"": 240, ""ko"": 1, ""os"": 0}, {""t"": 10, ""by"": ""us"", ""atk"": 937, ""card"": 648, ""dmg"": 250, ""ko"": 0, ""os"": 0}, {""t"": 11, ""by"": ""opp"", ""atk"": 937, ""card"": 648, ""dmg"": 210, ""ko"": 1, ""os"": 0}]","{""0"": 28, ""1"": 1, ""2"": 1, ""4"": 1, ""5"": 1, ""7"": 10, ""13"": 3, ""15"": 4, ""16"": 3, ""21"": 5, ""22"": 2, ""37"": 1, ""38"": 1, ""40"": 3, ""43"": 2}",2026-08-12T12:59:36.023254300Z,92319827,4,4,4,,False,11,591.6680449999999,3,1,0,112|7|1152|1152|860|1079|646,1,0,1,4,4,930,21,5,1,4,250,1,0,2,Grimmsnarl (mirror),9714ab5c3996f6cc,998.3497,55314931,66,4,5,980,31,15,0,2,0,2,"[{""t"": 7, ""c"": 112, ""os"": false}, {""t"": 7, ""c"": 648, ""os"": false}, {""t"": 9, ""c"": 112, ""os"": false}, {""t"": 11, ""c"": 648, ""os"": false}]",3,250,0,1,2,972.9155,2,5,0,1,DONE|DONE,11,v21,False,False
"[{""t"": 3, ""by"": ""opp"", ""atk"": 937, ""card"": 648, ""dmg"": 210, ""ko"": 1, ""os"": 1}, {""t"": 4, ""by"": ""us"", ""atk"": 937, ""card"": 648, ""dmg"": 210, ""ko"": 0, ""os"": 0}, {""t"": 5, ""by"": ""opp"", ""atk"": 937, ""card"": 648, ""dmg"": 210, ""ko"": 0, ""os"": 0}, {""t"": 6, ""by"": ""us"", ""atk"": 937, ""card"": 648, ""dmg"": 210, ""ko"": 0, ""os"": 0}, {""t"": 7, ""by"": ""opp"", ""atk"": 937, ""card"": 648, ""dmg"": 210, ""ko"": 1, ""os"": 0}, {""t"": 8, ""by"": ""us"", ""atk"": 937, ""card"": 648, ""dmg"": 210, ""ko"": 0, ""os"": 0}, {""t"": 9, ""by"": ""opp"", ""atk"": 937, ""card"": 648, ""dmg"": 210, ""ko"": 1, ""os"": 0}, {""t"": 10, ""by"": ""us"", ""atk"": 937, ""card"": 648, ""dmg"": 210, ""ko"": 1, ""os"": 0}, {""t"": 11, ""by"": ""opp"", ""atk"": 937, ""card"": 648, ""dmg"": 210, ""ko"": 1, ""os"": 0}]","{""0"": 35, ""1"": 1, ""3"": 1, ""4"": 2, ""7"": 14, ""13"": 5, ""15"": 4, ""16"": 5, ""21"": 5, ""22"": 2, ""37"": 1, ""40"": 5, ""43"": 2}",2026-08-12T13:03:36.590219500Z,92320805,4,4,4,,False,11,587.7675959999996,1,2,0,7|1227|1219|7|646|1227|647,1,1,0,5,4,1050,21,3,1,4,210,0,1,2,Grimmsnarl (mirror),9714ab5c3996f6cc,973.7402,55434424,82,4,2,840,28,19,0,2,0,4,"[{""t"": 3, ""c"": 646, ""os"": true}, {""t"": 7, ""c"": 648, ""os"": false}, {""t"": 9, ""c"": 112, ""os"": false}, {""t"": 11, ""c"": 648, ""os"": false}]",2,210,0,0,3,955.3823,2,5,0,1,DONE|DONE,11,v21,False,False
"[{""t"": 3, ""by"": ""us"", ""atk"": 937, ""card"": 648, ""dmg"": 210, ""ko"": 1, ""os"": 1}, {""t"": 4, ""by"": ""opp"", ""atk"": 529, ""card"": 379, ""dmg"": 20, ""ko"": 0, ""os"": 0}, {""t"": 5, ""by"": ""us"", ""atk"": 937, ""card"": 648, ""dmg"": 210, ""ko"": 1, ""os"": 1}, {""t"": 6, ""by"": ""opp"", ""atk"": 531, ""card"": 381, ""dmg"": 100, ""ko"": 0, ""os"": 0}, {""t"": 7, ""by"": ""us"", ""atk"": 937, ""card"": 648, ""dmg"": 210, ""ko"": 0, ""os"": 0}, {""t"": 8, ""by"": ""opp"", ""atk"": 532, ""card"": 381, ""dmg"": 320, ""ko"": 1, ""os"": 1}, {""t"": 11, ""by"": ""us"", ""atk"": 937, ""card"": 648, ""dmg"": 220, ""ko"": 1, ""os"": 0}]","{""0"": 45, ""1"": 1, ""3"": 4, ""4"": 1, ""5"": 1, ""7"": 15, ""13"": 8, ""15"": 4, ""16"": 8, ""21"": 7, ""22"": 3, ""27"": 1, ""30"": 4, ""37"": 1, ""40"": 8, ""41"": 1, ""43"": 3}",2026-08-12T13:07:36.435448400Z,92321738,3,3,3,0,True,13,588.4056549999998,1,3,1,7|1182|1079|7|7|648|860,0,0,1,3,4,440,16,4,0,1,320,0,1,4,other: Cynthia's Garchomp ex,daff2ed17de6145d,895.2035,55447058,115,4,5,850,22,21,0,1,1,4,"[{""t"": 8, ""c"": 648, ""os"": true}]",5,220,0,2,1,947.7293,0,7,0,0,DONE|DONE,13,v21,True,True
"[{""t"": 5, ""by"": ""opp"", ""atk"": 937, ""card"": 648, ""dmg"": 410, ""ko"": 1, ""os"": 0}, {""t"": 6, ""by"": ""us"", ""atk"": 937, ""card"": 648, ""dmg"": 240, ""ko"": 1, ""os"": 0}, {""t"": 7, ""by"": ""opp"", ""atk"": 937, ""card"": 648, ""dmg"": 410, ""ko"": 1, ""os"": 0}, {""t"": 8, ""by"": ""us"", ""atk"": 937, ""card"": 648, ""dmg"": 230, ""ko"": 0, ""os"": 0}, {""t"": 9, ""by"": ""opp"", ""atk"": 937, ""card"": 648, ""dmg"": 250, ""ko"": 1, ""os"": 0}, {""t"": 10, ""by"": ""us"", ""atk"": 937, ""card"": 648, ""dmg"": 230, ""ko"": 2, ""os"": 0}, {""t"": 12, ""by"": ""us"", ""atk"": 937, ""card"": 648, ""dmg"": 210, ""ko"": 1, ""os"": 1}]","{""0"": 37, ""1"": 1, ""3"": 1, ""4"": 2, ""5"": 1, ""7"": 13, ""13"": 5, ""15"": 4, ""16"": 5, ""21"": 6, ""22"": 2, ""30"": 2, ""34"": 2, ""37"": 1, ""40"": 3, ""43"": 3}",2026-08-12T13:11:36.212586300Z,92322682,6,6,6,,False,12,588.9526859999997,1,1,0,7|1080|1097|1231|1219|112|1122,0,0,0,3,4,1070,14,5,2,3,410,0,0,3,Grimmsnarl (mirror),f7dd691a9701b41a,931.6818,55438054,88,4,4,910,27,31,0,0,0,3,"[{""t"": 5, ""c"": 112, ""os"": false}, {""t"": 7, ""c"": 112, ""os"": false}, {""t"": 9, ""c"": 112, ""os"": false}]",4,240,0,1,1,954.2211,3,6,0,1,DONE|DONE,12,v21,False,True
"[{""t"": 6, ""by"": ""us"", ""atk"": 937, ""card"": 648, ""dmg"": 210, ""ko"": 1, ""os"": 1}, {""t"": 7, ""by"": ""opp"", ""atk"": 937, ""card"": 648, ""dmg"": 250, ""ko"": 0, ""os"": 0}, {""t"": 8, ""by"": ""us"", ""atk"": 937, ""card"": 648, ""dmg"": 250, ""ko"": 1, ""os"": 0}, {""t"": 9, ""by"": ""opp"", ""atk"": 937, ""card"": 648, ""dmg"": 260, ""ko"": 0, ""os"": 0}, {""t"": 10, ""by"": ""us"", ""atk"": 937, ""card"": 648, ""dmg"": 230, ""ko"": 2, ""os"": 0}, {""t"": 11, ""by"": ""opp"", ""atk"": 937, ""card"": 648, ""dmg"": 260, ""ko"": 1, ""os"": 0}, {""t"": 12, ""by"": ""us"", ""atk"": 937, ""card"": 648, ""dmg"": 210, ""ko"": 1, ""os"": 0}]","{""0"": 43, ""1"": 1, ""3"": 2, ""4"": 1, ""5"": 1, ""7"": 16, ""13"": 7, ""15"": 4, ""16"": 7, ""21"": 7, ""22"": 3, ""30"": 3, ""40"": 7, ""43"": 3}",2026-08-12T13:15:36.033340Z,92323606,6,6,6,,False,12,588.8298640000002,1,0,0,1152|112|1080|104|1219|1219|1227,0,0,0,3,3,770,23,7,1,1,260,0,0,4,Grimmsnarl (mirror),9714ab5c3996f6cc,809.746,55432807,105,4,5,900,23,41,0,1,0,5,"[{""t"": 11, ""c"": 648, ""os"": false}]",5,250,1,1,1,961.3597,0,6,0,1,DONE|DONE,12,v21,False,True
"[{""t"": 4, ""by"": ""opp"", ""atk"": 937, ""card"": 648, ""dmg"": 230, ""ko"": 1, ""os"": 1}, {""t"": 5, ""by"": ""us"", ""atk"": 937, ""card"": 648, ""dmg"": 250, ""ko"": 1, ""os"": 0}, {""t"": 6, ""by"": ""opp"", ""atk"": 937, ""card"": 648, ""dmg"": 240, ""ko"": 0, ""os"": 0}, {""t"": 7, ""by"": ""us"", ""atk"": 937, ""card"": 648, ""dmg"": 240, ""ko"": 1, ""os"": 0}, {""t"": 9, ""by"": ""us"", ""atk"": 937, ""card"": 648, ""dmg"": 390, ""ko"": 2, ""os"": 0}]","{""0"": 35, ""1"": 1, ""4"": 1, ""7"": 13, ""13"": 8, ""15"": 3, ""16"": 8, ""21"": 3, ""22"": 1, ""37"": 1, ""40"": 7, ""41"": 1, ""43"": 1}",2026-08-12T13:19:36.192043400Z,92324548,5,5,5,0,True,9,589.53617,1,1,1,1152|7|1097|1231|646|648|1227,1,0,0,2,3,470,23,4,1,1,240,0,1,5,Grimmsnarl (mirror),9714ab5c3996f6cc,865.9306,55421467,83,3,6,880,31,27,0,0,0,4,"[{""t"": 4, ""c"": 647, ""os"": true}]",6,390,0,0,1,965.3025,1,5,0,0,DONE|DONE,9,v21,True,True
"[{""t"": 4, ""by"": ""opp"", ""atk"": 934, ""card"": 646, ""dmg"": 20, ""ko"": 0, ""os"": 0}, {""t"": 5, ""by"": ""us"", ""atk"": 937, ""card"": 648, ""dmg"": 220, ""ko"": 1, ""os"": 1}, {""t"": 6, ""by"": ""opp"", ""atk"": 937, ""card"": 648, ""dmg"": 240, ""ko"": 0, ""os"": 0}, {""t"": 7, ""by"": ""us"", ""atk"": 937, ""card"": 648, ""dmg"": 240, ""ko"": 1, ""os"": 0}, {""t"": 8, ""by"": ""opp"", ""atk"": 937, ""card"": 648, ""dmg"": 240, ""ko"": 0, ""os"": 0}, {""t"": 9, ""by"": ""us"", ""atk"": 937, ""card"": 648, ""dmg"": 240, ""ko"": 1, ""os"": 0}, {""t"": 10, ""by"": ""opp"", ""atk"": 937, ""card"": 648, ""dmg"": 220, ""ko"": 1, ""os"": 0}, {""t"": 11, ""by"": ""us"", ""atk"": 937, ""card"": 648, ""dmg"": 250, ""ko"": 0, ""os"": 0}]","{""0"": 38, ""1"": 1, ""2"": 1, ""3"": 3, ""4"": 1, ""5"": 1, ""7"": 12, ""13"": 5, ""15"": 4, ""16"": 5, ""21"": 5, ""22"": 2, ""30"": 3, ""37"": 1, ""40"": 3, ""41"": 1, ""43"": 3}",2026-08-12T13:39:36.035598600Z,92329216,5,5,5,0,True,12,589.2839099999999,2,3,0,7|7|1152|112|7|104|112,0,0,0,4,6,720,14,4,1,4,240,0,0,2,Grimmsnarl (mirror),9714ab5c3996f6cc,919.5379,55457326,89,4,3,950,29,23,0,2,0,3,"[{""t"": 8, ""c"": 112, ""os"": false}, {""t"": 10, ""c"": 112, ""os"": false}, {""t"": 10, ""c"": 648, ""os"": false}, {""t"": 12, ""c"": 648, ""os"": false}]",3,250,0,1,2,970.2612,2,6,0,0,DONE|DONE,12,v21,True,False
"[{""t"": 5, ""by"": ""us"", ""atk"": 937, ""card"": 648, ""dmg"": 240, ""ko"": 1, ""os"": 1}, {""t"": 6, ""by"": ""opp"", ""atk"": 937, ""card"": 648, ""dmg"": 230, ""ko"": 1, ""os"": 0}, {""t"": 7, ""by"": ""us"", ""atk"": 937, ""card"": 648, ""dmg"": 420, ""ko"": 1, ""os"": 0}, {""t"": 8, ""by"": ""opp"", ""atk"": 937, ""card"": 648, ""dmg"": 230, ""ko"": 1, ""os"": 0}, {""t"": 10, ""by"": ""opp"", ""atk"": 937, ""card"": 648, ""dmg"": 240, ""ko"": 1, ""os"": 0}, {""t"": 12, ""by"": ""opp"", ""atk"": 937, ""card"": 648, ""dmg"": 210, ""ko"": 1, ""os"": 1}]","{""0"": 45, ""1"": 1, ""3"": 5, ""5"": 2, ""7"": 9, ""13"": 3, ""15"": 2, ""16"": 3, ""21"": 5, ""22"": 2, ""30"": 7, ""37"": 1, ""38"": 1, ""40"": 1, ""41"": 1, ""43"": 3}",2026-08-12T13:47:35.404680100Z,92330799,5,5,5,0,True,12,589.9145619999997,1,1,0,646|1097|7|1259|1259|647|1227,1,1,0,4,6,910,18,6,0,5,240,1,1,1,Grimmsnarl (mirror),9714ab5c3996f6cc,923.457,55459480,91,2,3,660,19,30,0,1,0,3,"[{""t"": 6, ""c"": 112, ""os"": false}, {""t"": 8, ""c"": 112, ""os"": false}, {""t"": 10, ""c"": 112, ""os"": false}, {""t"": 12, ""c"": 648, ""os"": false}, {""t"": 12, ""c"": 860, ""os"": true}]",2,420,0,1,4,961.7557,4,6,0,0,DONE|DONE,12,v21,True,False
"[{""t"": 6, ""by"": ""opp"", ""atk"": 1072, ""card"": 743, ""dmg"": 180, ""ko"": 1, ""os"": 1}, {""t"": 7, ""by"": ""us"", ""atk"": 937, ""card"": 648, ""dmg"": 390, ""ko"": 1, ""os"": 1}, {""t"": 8, ""by"": ""opp"", ""atk"": 1072, ""card"": 743, ""dmg"": 320, ""ko"": 1, ""os"": 1}, {""t"": 10, ""by"": ""opp"", ""atk"": 1072, ""card"": 743, ""dmg"": 340, ""ko"": 1, ""os"": 1}, {""t"": 12, ""by"": ""opp"", ""atk"": 1072, ""card"": 743, ""dmg"": 300, ""ko"": 1, ""os"": 1}, {""t"": 14, ""by"": ""opp"", ""atk"": 1072, ""card"": 743, ""dmg"": 340, ""ko"": 1, ""os"": 1}]","{""0"": 43, ""1"": 1, ""3"": 1, ""4"": 4, ""5"": 3, ""7"": 13, ""8"": 1, ""15"": 1, ""21"": 4, ""22"": 1, ""30"": 1, ""38"": 1, ""41"": 1, ""43"": 1}",2026-08-12T14:15:36.190544200Z,92337400,7,7,7,0,True,14,590.0468289999998,1,0,0,1097|1097|112|1227|104|647|104,0,1,0,5,6,1480,10,6,0,5,340,1,5,1,Alakazam,cc38cb450b86770a,971.1618,55459683,76,1,5,390,8,34,0,1,1,4,"[{""t"": 6, ""c"": 112, ""os"": true}, {""t"": 8, ""c"": 648, ""os"": true}, {""t"": 10, ""c"": 860, ""os"": true}, {""t"": 12, ""c"": 647, ""os"": true}, {""t"": 14, ""c"": 647, ""os"": true}]",1,390,0,1,5,954.8555,4,7,0,0,DONE|DONE,14,v21,True,False
"[{""t"": 4, ""by"": ""opp"", ""atk"": 937, ""card"": 648, ""dmg"": 390, ""ko"": 1, ""os"": 1}, {""t"": 5, ""by"": ""us"", ""atk"": 937, ""card"": 648, ""dmg"": 210, ""ko"": 0, ""os"": 0}, {""t"": 6, ""by"": ""opp"", ""atk"": 937, ""card"": 648, ""dmg"": 210, ""ko"": 0, ""os"": 0}, {""t"": 7, ""by"": ""us"", ""atk"": 937, ""card"": 648, ""dmg"": 210, ""ko"": 0, ""os"": 0}, {""t"": 8, ""by"": ""opp"", ""atk"": 937, ""card"": 648, ""dmg"": 210, ""ko"": 1, ""os"": 0}, {""t"": 9, ""by"": ""us"", ""atk"": 937, ""card"": 648, ""dmg"": 210, ""ko"": 1, ""os"": 0}, {""t"": 10, ""by"": ""opp"", ""atk"": 937, ""card"": 648, ""dmg"": 210, ""ko"": 0, ""os"": 0}, {""t"": 11, ""by"": ""us"", ""atk"": 937, ""card"": 648, ""dmg"": 210, ""ko"": 2, ""os"": 0}, {""t"": 12, ""by"": ""opp"", ""atk"": 937, ""card"": 648, ""dmg"": 210, ""ko"": 1, ""os"": 0}]","{""0"": 47, ""1"": 1, ""2"": 1, ""3"": 2, ""4"": 2, ""5"": 1, ""7"": 18, ""8"": 1, ""13"": 7, ""15"": 4, ""16"": 7, ""21"": 8, ""22"": 3, ""30"": 4, ""37"": 1, ""40"": 7, ""41"": 1, ""43"": 3}",2026-08-12T15:46:00.601185600Z,92358208,5,3,5,0,True,13,587.2845910000002,2,0,0,1152|1259|112|1122|1259|112|1079,0,0,1,5,4,1230,24,4,2,3,390,0,1,2,Grimmsnarl (mirror),4bb039bb27a8d7ab,863.3118,55460018,118,4,6,840,12,27,0,1,0,6,"[{""t"": 4, ""c"": 112, ""os"": true}, {""t"": 8, ""c"": 112, ""os"": false}, {""t"": 12, ""c"": 648, ""os"": false}]",4,210,0,0,1,948.7381,2,7,0,0,DONE|DONE,13,v21,True,True
"[{""t"": 3, ""by"": ""us"", ""atk"": 934, ""card"": 646, ""dmg"": 0, ""ko"": 0, ""os"": 0}, {""t"": 4, ""by"": ""opp"", ""atk"": 937, ""card"": 648, ""dmg"": 210, ""ko"": 1, ""os"": 1}, {""t"": 6, ""by"": ""opp"", ""atk"": 937, ""card"": 648, ""dmg"": 210, ""ko"": 1, ""os"": 1}, {""t"": 8, ""by"": ""opp"", ""atk"": 937, ""card"": 648, ""dmg"": 230, ""ko"": 2, ""os"": 1}, {""t"": 9, ""by"": ""us"", ""atk"": 937, ""card"": 648, ""dmg"": 250, ""ko"": 0, ""os"": 0}, {""t"": 10, ""by"": ""opp"", ""atk"": 937, ""card"": 648, ""dmg"": 220, ""ko"": 1, ""os"": 0}, {""t"": 12, ""by"": ""opp"", ""atk"": 937, ""card"": 648, ""dmg"": 390, ""ko"": 1, ""os"": 0}]","{""0"": 39, ""1"": 1, ""2"": 1, ""3"": 2, ""4"": 3, ""5"": 2, ""7"": 10, ""13"": 5, ""15"": 1, ""16"": 5, ""21"": 2, ""22"": 1, ""27"": 1, ""30"": 3, ""40"": 5, ""41"": 1, ""43"": 1}",2026-08-12T15:58:00.747519900Z,92361041,3,9,9,0,True,12,589.7143390000001,2,1,1,1137|1080|646|648|112|7|104,1,0,0,5,6,1260,23,4,0,6,390,0,3,1,Grimmsnarl (mirror),e9faaa55b3bb53dd,970.0049,55459704,83,2,2,250,21,27,0,0,0,5,"[{""t"": 4, ""c"": 646, ""os"": true}, {""t"": 6, ""c"": 646, ""os"": true}, {""t"": 8, ""c"": 646, ""os"": true}, {""t"": 8, ""c"": 112, ""os"": false}, {""t"": 10, ""c"": 112, ""os"": false}, {""t"": 12, ""c"": 112, ""os"": false}]",0,250,0,0,6,953.5064,6,6,1,0,DONE|DONE,12,v21,True,False
"[{""t"": 6, ""by"": ""opp"", ""atk"": 479, ""card"": 345, ""dmg"": 240, ""ko"": 1, ""os"": 1}, {""t"": 8, ""by"": ""opp"", ""atk"": 479, ""card"": 345, ""dmg"": 120, ""ko"": 1, ""os"": 1}, {""t"": 10, ""by"": ""opp"", ""atk"": 479, ""card"": 345, ""dmg"": 240, ""ko"": 1, ""os"": 1}, {""t"": 11, ""by"": ""us"", ""atk"": 937, ""card"": 648, ""dmg"": 30, ""ko"": 0, ""os"": 0}, {""t"": 12, ""by"": ""opp"", ""atk"": 479, ""card"": 345, ""dmg"": 240, ""ko"": 0, ""os"": 0}, {""t"": 14, ""by"": ""opp"", ""atk"": 479, ""card"": 345, ""dmg"": 120, ""ko"": 1, ""os"": 1}, {""t"": 16, ""by"": ""opp"", ""atk"": 479, ""card"": 345, ""dmg"": 120, ""ko"": 1, ""os"": 1}, {""t"": 18, ""by"": ""opp"", ""atk"": 479, ""card"": 345, ""dmg"": 120, ""ko"": 1, ""os"": 1}]","{""0"": 49, ""1"": 1, ""3"": 2, ""4"": 5, ""5"": 1, ""7"": 7, ""8"": 1, ""13"": 12, ""15"": 1, ""16"": 12, ""21"": 2, ""22"": 1, ""30"": 3, ""37"": 1, ""40"": 8, ""41"": 1, ""43"": 1}",2026-08-12T17:22:04.437269700Z,92380726,11,11,11,0,True,18,590.4072460000009,1,1,0,860|1079|1227|1227|104|104|7,0,0,1,7,4,1200,19,6,0,6,240,0,6,1,Kangaskhan / Crustle,20bc24847121c967,915.345,55461534,108,1,3,30,20,43,0,0,0,2,"[{""t"": 6, ""c"": 646, ""os"": true}, {""t"": 8, ""c"": 104, ""os"": true}, {""t"": 10, ""c"": 647, ""os"": true}, {""t"": 14, ""c"": 860, ""os"": true}, {""t"": 16, ""c"": 112, ""os"": true}, {""t"": 18, ""c"": 112, ""os"": true}]",0,30,2,0,6,947.3311,6,9,0,0,DONE|DONE,18,v21,True,False
"[{""t"": 7, ""by"": ""us"", ""atk"": 937, ""card"": 648, ""dmg"": 410, ""ko"": 1, ""os"": 0}, {""t"": 8, ""by"": ""opp"", ""atk"": 937, ""card"": 648, ""dmg"": 240, ""ko"": 1, ""os"": 0}, {""t"": 9, ""by"": ""us"", ""atk"": 937, ""card"": 648, ""dmg"": 240, ""ko"": 1, ""os"": 0}, {""t"": 10, ""by"": ""opp"", ""atk"": 937, ""card"": 648, ""dmg"": 240, ""ko"": 1, ""os"": 0}, {""t"": 11, ""by"": ""us"", ""atk"": 937, ""card"": 648, ""dmg"": 260, ""ko"": 0, ""os"": 0}, {""t"": 12, ""by"": ""opp"", ""atk"": 937, ""card"": 648, ""dmg"": 230, ""ko"": 1, ""os"": 0}]","{""0"": 42, ""1"": 1, ""2"": 1, ""3"": 2, ""4"": 1, ""5"": 3, ""7"": 16, ""13"": 2, ""15"": 3, ""16"": 2, ""21"": 5, ""22"": 2, ""30"": 3, ""37"": 1, ""40"": 2, ""41"": 1, ""43"": 2}",2026-08-12T19:02:03.353811Z,92403585,7,3,7,0,True,13,591.1741729999999,2,0,0,1086|1097|112|1086|1152|112|104,0,0,0,3,6,710,20,8,0,5,240,0,0,1,Grimmsnarl (mirror),9714ab5c3996f6cc,961.496,55465037,89,3,4,910,15,43,0,2,0,7,"[{""t"": 8, ""c"": 112, ""os"": false}, {""t"": 10, ""c"": 112, ""os"": false}, {""t"": 12, ""c"": 112, ""os"": false}, {""t"": 12, ""c"": 648, ""os"": false}, {""t"": 13, ""c"": 648, ""os"": false}]",2,410,0,0,4,940.1719,3,7,0,0,DONE|DONE,13,v21,True,False
"[{""t"": 2, ""by"": ""opp"", ""atk"": 980, ""card"": 676, ""dmg"": 70, ""ko"": 1, ""os"": 1}, {""t"": 3, ""by"": ""us"", ""atk"": 934, ""card"": 646, ""dmg"": 0, ""ko"": 0, ""os"": 0}, {""t"": 4, ""by"": ""opp"", ""atk"": 980, ""card"": 676, ""dmg"": 70, ""ko"": 1, ""os"": 1}, {""t"": 6, ""by"": ""opp"", ""atk"": 980, ""card"": 676, ""dmg"": 70, ""ko"": 1, ""os"": 1}, {""t"": 7, ""by"": ""us"", ""atk"": 937, ""card"": 648, ""dmg"": 210, ""ko"": 1, ""os"": 1}, {""t"": 8, ""by"": ""opp"", ""atk"": 983, ""card"": 678, ""dmg"": 300, ""ko"": 0, ""os"": 0}, {""t"": 9, ""by"": ""us"", ""atk"": 937, ""card"": 648, ""dmg"": 210, ""ko"": 0, ""os"": 0}, {""t"": 10, ""by"": ""opp"", ""atk"": 982, ""card"": 678, ""dmg"": 130, ""ko"": 0, ""os"": 0}, {""t"": 11, ""by"": ""us"", ""atk"": 937, ""card"": 648, ""dmg"": 210, ""ko"": 0, ""os"": 0}, {""t"": 12, ""by"": ""opp"", ""atk"": 983, ""card"": 678, ""dmg"": 300, ""ko"": 1, ""os"": 0}, {""t"": 13, ""by"": ""us"", ""atk"": 937, ""card"": 648, ""dmg"": 210, ""ko"": 1, ""os"": 0}]","{""0"": 51, ""1"": 1, ""3"": 2, ""4"": 4, ""5"": 2, ""7"": 19, ""13"": 9, ""15"": 4, ""16"": 9, ""21"": 4, ""22"": 2, ""30"": 2, ""37"": 1, ""40"": 9, ""41"": 1, ""43"": 2}",2026-08-12T19:14:06.256942800Z,92406356,3,7,7,0,True,13,587.5754549999994,1,1,0,1152|1086|646|104|1097|1097|7,1,0,0,6,4,940,12,2,0,4,300,0,3,1,Mega Lucario,0108c79d688ec17b,969.0983,55464969,122,5,5,840,12,35,0,1,0,10,"[{""t"": 2, ""c"": 646, ""os"": true}, {""t"": 4, ""c"": 646, ""os"": true}, {""t"": 6, ""c"": 646, ""os"": true}, {""t"": 12, ""c"": 648, ""os"": false}]",5,210,1,1,2,934.7188,3,7,1,0,DONE|DONE,13,v21,True,True
"[{""t"": 3, ""by"": ""opp"", ""atk"": 1225, ""card"": 849, ""dmg"": 230, ""ko"": 1, ""os"": 1}, {""t"": 4, ""by"": ""us"", ""atk"": 937, ""card"": 648, ""dmg"": 210, ""ko"": 0, ""os"": 0}, {""t"": 6, ""by"": ""us"", ""atk"": 937, ""card"": 648, ""dmg"": 210, ""ko"": 1, ""os"": 0}, {""t"": 7, ""by"": ""opp"", ""atk"": 1240, ""card"": 861, ""dmg"": 300, ""ko"": 0, ""os"": 0}, {""t"": 8, ""by"": ""us"", ""atk"": 937, ""card"": 648, ""dmg"": 210, ""ko"": 0, ""os"": 0}, {""t"": 9, ""by"": ""opp"", ""atk"": 1240, ""card"": 861, ""dmg"": 300, ""ko"": 1, ""os"": 0}, {""t"": 10, ""by"": ""us"", ""atk"": 937, ""card"": 648, ""dmg"": 210, ""ko"": 1, ""os"": 0}, {""t"": 11, ""by"": ""opp"", ""atk"": 1240, ""card"": 861, ""dmg"": 300, ""ko"": 0, ""os"": 0}, {""t"": 12, ""by"": ""us"", ""atk"": 937, ""card"": 648, ""dmg"": 180, ""ko"": 0, ""os"": 0}, {""t"": 13, ""by"": ""opp"", ""atk"": 1240, ""card"": 861, ""dmg"": 250, ""ko"": 1, ""os"": 0}, {""t"": 14, ""by"": ""us"", ""atk"": 937, ""card"": 648, ""dmg"": 180, ""ko"": 0, ""os"": 0}, {""t"": 15, ""by"": ""opp"", ""atk"": 1240, ""card"": 861, ""dmg"": 300, ""ko"": 1, ""os"": 1}]","{""0"": 51, ""1"": 1, ""3"": 1, ""4"": 3, ""5"": 2, ""7"": 16, ""8"": 1, ""13"": 5, ""15"": 4, ""16"": 5, ""21"": 6, ""22"": 3, ""27"": 1, ""37"": 1, ""40"": 5, ""43"": 3}",2026-08-12T19:30:04.529239700Z,92410069,4,4,4,,False,15,587.7514239999996,1,2,0,104|112|1079|7|1152|1259|7,0,0,1,6,1,1680,9,3,0,4,300,0,2,1,Mega Lopunny / Froslass,a7ee29914c1dce64,897.6847,55465468,108,6,5,1200,9,40,0,2,0,6,"[{""t"": 3, ""c"": 112, ""os"": true}, {""t"": 9, ""c"": 648, ""os"": false}, {""t"": 13, ""c"": 648, ""os"": false}, {""t"": 15, ""c"": 860, ""os"": true}]",3,210,1,0,1,941.2545,2,7,0,1,DONE|DONE,15,v21,False,False
"[{""t"": 3, ""by"": ""us"", ""atk"": 937, ""card"": 648, ""dmg"": 210, ""ko"": 1, ""os"": 1}, {""t"": 4, ""by"": ""opp"", ""atk"": 937, ""card"": 648, ""dmg"": 250, ""ko"": 0, ""os"": 0}, {""t"": 5, ""by"": ""us"", ""atk"": 937, ""card"": 648, ""dmg"": 230, ""ko"": 1, ""os"": 0}, {""t"": 6, ""by"": ""opp"", ""atk"": 937, ""card"": 648, ""dmg"": 250, ""ko"": 1, ""os"": 0}, {""t"": 7, ""by"": ""us"", ""atk"": 937, ""card"": 648, ""dmg"": 220, ""ko"": 2, ""os"": 0}, {""t"": 8, ""by"": ""opp"", ""atk"": 937, ""card"": 648, ""dmg"": 240, ""ko"": 1, ""os"": 0}, {""t"": 9, ""by"": ""us"", ""atk"": 937, ""card"": 648, ""dmg"": 210, ""ko"": 2, ""os"": 1}]","{""0"": 32, ""1"": 1, ""3"": 2, ""4"": 1, ""5"": 1, ""7"": 11, ""13"": 7, ""15"": 4, ""16"": 7, ""21"": 5, ""22"": 2, ""30"": 2, ""37"": 1, ""40"": 7, ""41"": 1, ""43"": 2}",2026-08-12T19:42:03.453394600Z,92412850,3,3,3,0,True,9,593.4945200000002,1,1,0,646|1227|1152|1079|1086|7|647,1,1,1,3,2,740,17,4,1,2,250,0,0,3,Grimmsnarl (mirror),9714ab5c3996f6cc,1011.3365,55465187,86,4,4,870,29,36,0,1,0,6,"[{""t"": 6, ""c"": 112, ""os"": false}, {""t"": 8, ""c"": 648, ""os"": false}]",6,230,2,2,1,941.0855,1,5,0,0,DONE|DONE,9,v21,True,True
"[{""t"": 3, ""by"": ""opp"", ""atk"": 1072, ""card"": 743, ""dmg"": 160, ""ko"": 1, ""os"": 1}, {""t"": 5, ""by"": ""opp"", ""atk"": 1072, ""card"": 743, ""dmg"": 180, ""ko"": 1, ""os"": 1}, {""t"": 7, ""by"": ""opp"", ""atk"": 1072, ""card"": 743, ""dmg"": 20, ""ko"": 0, ""os"": 0}, {""t"": 8, ""by"": ""us"", ""atk"": 937, ""card"": 648, ""dmg"": 390, ""ko"": 2, ""os"": 0}, {""t"": 9, ""by"": ""opp"", ""atk"": 1072, ""card"": 743, ""dmg"": 200, ""ko"": 0, ""os"": 0}, {""t"": 10, ""by"": ""us"", ""atk"": 937, ""card"": 648, ""dmg"": 360, ""ko"": 1, ""os"": 1}, {""t"": 11, ""by"": ""opp"", ""atk"": 1072, ""card"": 743, ""dmg"": 300, ""ko"": 0, ""os"": 0}, {""t"": 12, ""by"": ""us"", ""atk"": 937, ""card"": 648, ""dmg"": 390, ""ko"": 2, ""os"": 1}]","{""0"": 38, ""1"": 1, ""3"": 1, ""4"": 2, ""5"": 1, ""7"": 11, ""13"": 7, ""15"": 3, ""16"": 7, ""21"": 5, ""22"": 2, ""30"": 2, ""40"": 5, ""43"": 2}",2026-08-12T19:42:03.819489700Z,92413093,8,8,8,,False,12,590.242725,1,0,0,1137|104|646|1152|1097|1227|1122,1,0,0,5,3,860,19,3,0,2,300,0,2,4,Alakazam,cc38cb450b86770a,953.3333,55460753,87,3,5,1140,22,26,0,0,0,7,"[{""t"": 3, ""c"": 646, ""os"": true}, {""t"": 5, ""c"": 104, ""os"": true}]",6,390,0,2,1,934.7671,2,6,0,1,DONE|DONE,12,v21,False,True
"[{""t"": 3, ""by"": ""opp"", ""atk"": 115, ""card"": 93, ""dmg"": 80, ""ko"": 1, ""os"": 1}, {""t"": 3, ""by"": ""opp"", ""atk"": 115, ""card"": 93, ""dmg"": 80, ""ko"": 0, ""os"": 0}, {""t"": 5, ""by"": ""opp"", ""atk"": 115, ""card"": 93, ""dmg"": 100, ""ko"": 1, ""os"": 0}, {""t"": 5, ""by"": ""opp"", ""atk"": 115, ""card"": 93, ""dmg"": 200, ""ko"": 1, ""os"": 1}, {""t"": 7, ""by"": ""opp"", ""atk"": 115, ""card"": 93, ""dmg"": 200, ""ko"": 1, ""os"": 1}, {""t"": 7, ""by"": ""opp"", ""atk"": 115, ""card"": 93, ""dmg"": 220, ""ko"": 1, ""os"": 1}, {""t"": 9, ""by"": ""opp"", ""atk"": 115, ""card"": 93, ""dmg"": 100, ""ko"": 1, ""os"": 0}]","{""0"": 24, ""1"": 1, ""2"": 1, ""4"": 5, ""5"": 2, ""7"": 6, ""13"": 4, ""16"": 4, ""27"": 1, ""38"": 1, ""40"": 4}",2026-08-12T20:18:03.646257100Z,92421332,,,,,False,9,594.1841179999999,2,1,0,1079|104|1219|1219|7|860|112,0,0,1,7,6,980,24,3,0,6,220,1,4,1,other: Rillaboom,93cc6d8bea20585e,919.9986,55465134,53,0,2,0,33,24,0,0,0,3,"[{""t"": 3, ""c"": 860, ""os"": true}, {""t"": 5, ""c"": 112, ""os"": false}, {""t"": 5, ""c"": 647, ""os"": true}, {""t"": 7, ""c"": 646, ""os"": true}, {""t"": 7, ""c"": 646, ""os"": true}, {""t"": 9, ""c"": 112, ""os"": false}]",2,0,0,0,4,947.9813,6,4,0,1,DONE|DONE,9,v21,False,False
"[{""t"": 2, ""by"": ""opp"", ""atk"": 981, ""card"": 677, ""dmg"": 60, ""ko"": 0, ""os"": 0}, {""t"": 4, ""by"": ""opp"", ""atk"": 982, ""card"": 678, ""dmg"": 130, ""ko"": 1, ""os"": 1}, {""t"": 5, ""by"": ""us"", ""atk"": 937, ""card"": 648, ""dmg"": 210, ""ko"": 1, ""os"": 0}, {""t"": 6, ""by"": ""opp"", ""atk"": 982, ""card"": 678, ""dmg"": 130, ""ko"": 1, ""os"": 1}, {""t"": 7, ""by"": ""us"", ""atk"": 937, ""card"": 648, ""dmg"": 210, ""ko"": 0, ""os"": 0}, {""t"": 8, ""by"": ""opp"", ""atk"": 978, ""card"": 674, ""dmg"": 210, ""ko"": 0, ""os"": 0}, {""t"": 9, ""by"": ""us"", ""atk"": 937, ""card"": 648, ""dmg"": 210, ""ko"": 0, ""os"": 0}, {""t"": 10, ""by"": ""opp"", ""atk"": 983, ""card"": 678, ""dmg"": 300, ""ko"": 0, ""os"": 0}, {""t"": 11, ""by"": ""us"", ""atk"": 937, ""card"": 648, ""dmg"": 210, ""ko"": 1, ""os"": 0}, {""t"": 12, ""by"": ""opp"", ""atk"": 980, ""card"": 676, ""dmg"": 100, ""ko"": 0, ""os"": 0}, {""t"": 13, ""by"": ""us"", ""atk"": 937, ""card"": 648, ""dmg"": 210, ""ko"": 2, ""os"": 1}]","{""0"": 41, ""1"": 1, ""3"": 2, ""4"": 2, ""5"": 2, ""7"": 10, ""13"": 8, ""15"": 5, ""16"": 8, ""21"": 5, ""22"": 2, ""30"": 3, ""37"": 1, ""40"": 8, ""41"": 1, ""43"": 2}",2026-08-12T20:38:03.703807900Z,92426186,5,5,5,0,True,13,588.8187349999995,1,1,0,1086|1231|1219|646|7|1080|1227,1,0,0,6,2,930,7,2,0,2,300,0,2,4,Mega Lucario,05f854e1b3b3ba0f,883.8056,55462278,101,5,6,1050,27,35,0,0,0,5,"[{""t"": 4, ""c"": 860, ""os"": true}, {""t"": 6, ""c"": 647, ""os"": true}]",5,210,1,1,1,941.8255,2,7,0,0,DONE|DONE,13,v21,True,True
"[{""t"": 3, ""by"": ""opp"", ""atk"": 323, ""card"": 235, ""dmg"": 10, ""ko"": 0, ""os"": 0}, {""t"": 5, ""by"": ""opp"", ""atk"": 323, ""card"": 235, ""dmg"": 10, ""ko"": 0, ""os"": 0}, {""t"": 7, ""by"": ""opp"", ""atk"": 154, ""card"": 121, ""dmg"": 260, ""ko"": 2, ""os"": 1}, {""t"": 8, ""by"": ""us"", ""atk"": 937, ""card"": 648, ""dmg"": 210, ""ko"": 0, ""os"": 0}, {""t"": 9, ""by"": ""opp"", ""atk"": 154, ""card"": 121, ""dmg"": 260, ""ko"": 1, ""os"": 0}, {""t"": 10, ""by"": ""us"", ""atk"": 937, ""card"": 648, ""dmg"": 210, ""ko"": 2, ""os"": 0}, {""t"": 11, ""by"": ""opp"", ""atk"": 154, ""card"": 121, ""dmg"": 260, ""ko"": 0, ""os"": 0}, {""t"": 12, ""by"": ""us"", ""atk"": 937, ""card"": 648, ""dmg"": 210, ""ko"": 1, ""os"": 1}, {""t"": 13, ""by"": ""opp"", ""atk"": 154, ""card"": 121, ""dmg"": 260, ""ko"": 2, ""os"": 0}]","{""0"": 43, ""1"": 1, ""2"": 1, ""3"": 1, ""4"": 1, ""5"": 2, ""7"": 15, ""13"": 8, ""15"": 3, ""16"": 8, ""21"": 4, ""22"": 1, ""30"": 2, ""38"": 1, ""40"": 5, ""43"": 2}",2026-08-12T22:06:05.043623100Z,92446416,8,8,8,,False,13,589.9816589999996,1,2,0,7|1086|1227|7|1086|860|1219,0,0,0,6,4,1060,13,3,0,5,260,1,1,1,Dragapult,202ee2cec6cbe8b4,890.5628,55466146,98,3,3,630,20,39,0,1,0,7,"[{""t"": 7, ""c"": 860, ""os"": true}, {""t"": 7, ""c"": 646, ""os"": false}, {""t"": 9, ""c"": 646, ""os"": false}, {""t"": 13, ""c"": 648, ""os"": false}, {""t"": 13, ""c"": 112, ""os"": false}]",4,210,0,1,1,946.2647,4,6,0,1,DONE|DONE,13,v21,False,False
"[{""t"": 3, ""by"": ""us"", ""atk"": 937, ""card"": 648, ""dmg"": 210, ""ko"": 0, ""os"": 0}, {""t"": 5, ""by"": ""us"", ""atk"": 937, ""card"": 648, ""dmg"": 210, ""ko"": 1, ""os"": 0}, {""t"": 6, ""by"": ""opp"", ""atk"": 120, ""card"": 96, ""dmg"": 420, ""ko"": 1, ""os"": 1}, {""t"": 7, ""by"": ""us"", ""atk"": 937, ""card"": 648, ""dmg"": 260, ""ko"": 0, ""os"": 0}, {""t"": 8, ""by"": ""opp"", ""atk"": 120, ""card"": 96, ""dmg"": 430, ""ko"": 1, ""os"": 0}, {""t"": 9, ""by"": ""us"", ""atk"": 937, ""card"": 648, ""dmg"": 290, ""ko"": 0, ""os"": 0}, {""t"": 10, ""by"": ""opp"", ""atk"": 71, ""card"": 63, ""dmg"": 80, ""ko"": 1, ""os"": 1}]","{""0"": 36, ""1"": 1, ""2"": 1, ""3"": 1, ""4"": 2, ""5"": 1, ""7"": 14, ""8"": 1, ""13"": 1, ""15"": 4, ""16"": 1, ""21"": 6, ""22"": 3, ""30"": 1, ""34"": 1, ""37"": 1, ""40"": 1, ""41"": 1, ""43"": 3}",2026-08-12T23:31:37.446649Z,92465999,3,3,3,0,True,10,590.4685369999995,2,1,1,1086|860|646|7|1227|648|1122,1,0,0,3,5,930,22,6,0,2,430,1,2,2,Kangaskhan / Crustle,62088a8950aeae46,909.0381,55269067,80,4,6,970,18,32,0,2,1,3,"[{""t"": 6, ""c"": 648, ""os"": true}, {""t"": 8, ""c"": 648, ""os"": false}]",3,290,1,0,1,939.6853,0,5,0,0,DONE|DONE,10,v21,True,True
"[{""t"": 5, ""by"": ""opp"", ""atk"": 479, ""card"": 345, ""dmg"": 240, ""ko"": 1, ""os"": 1}, {""t"": 6, ""by"": ""us"", ""atk"": 937, ""card"": 648, ""dmg"": 30, ""ko"": 0, ""os"": 0}, {""t"": 7, ""by"": ""opp"", ""atk"": 479, ""card"": 345, ""dmg"": 240, ""ko"": 0, ""os"": 0}, {""t"": 8, ""by"": ""us"", ""atk"": 936, ""card"": 647, ""dmg"": 80, ""ko"": 0, ""os"": 0}, {""t"": 9, ""by"": ""opp"", ""atk"": 479, ""card"": 345, ""dmg"": 280, ""ko"": 1, ""os"": 1}, {""t"": 13, ""by"": ""opp"", ""atk"": 479, ""card"": 345, ""dmg"": 120, ""ko"": 1, ""os"": 1}, {""t"": 15, ""by"": ""opp"", ""atk"": 479, ""card"": 345, ""dmg"": 240, ""ko"": 0, ""os"": 0}, {""t"": 17, ""by"": ""opp"", ""atk"": 479, ""card"": 345, ""dmg"": 240, ""ko"": 1, ""os"": 0}, {""t"": 20, ""by"": ""us"", ""atk"": 937, ""card"": 648, ""dmg"": 0, ""ko"": 0, ""os"": 0}, {""t"": 21, ""by"": ""opp"", ""atk"": 148, ""card"": 117, ""dmg"": 140, ""ko"": 1, ""os"": 1}]","{""0"": 78, ""1"": 1, ""2"": 1, ""3"": 3, ""4"": 4, ""5"": 1, ""7"": 15, ""8"": 1, ""13"": 19, ""15"": 1, ""16"": 19, ""21"": 4, ""22"": 2, ""27"": 1, ""30"": 3, ""37"": 1, ""40"": 19, ""43"": 2}",2026-08-13T00:31:37.722556Z,92479989,6,6,6,,False,21,583.7300309999997,2,0,0,1122|1152|1219|646|1219|646|1227,2,0,0,7,1,1500,17,5,0,5,280,0,4,1,Kangaskhan / Crustle,80a6d4e33ff048e9,916.055,55468625,175,3,5,110,5,46,0,1,0,4,"[{""t"": 5, ""c"": 647, ""os"": true}, {""t"": 9, ""c"": 647, ""os"": true}, {""t"": 13, ""c"": 104, ""os"": true}, {""t"": 17, ""c"": 648, ""os"": false}, {""t"": 21, ""c"": 860, ""os"": true}]",2,80,0,0,3,949.9221,4,10,1,1,DONE|DONE,21,v21,False,False
"[{""t"": 3, ""by"": ""opp"", ""atk"": 937, ""card"": 648, ""dmg"": 210, ""ko"": 1, ""os"": 1}, {""t"": 4, ""by"": ""us"", ""atk"": 937, ""card"": 648, ""dmg"": 210, ""ko"": 0, ""os"": 0}, {""t"": 5, ""by"": ""opp"", ""atk"": 937, ""card"": 648, ""dmg"": 210, ""ko"": 0, ""os"": 0}, {""t"": 6, ""by"": ""us"", ""atk"": 937, ""card"": 648, ""dmg"": 210, ""ko"": 1, ""os"": 0}, {""t"": 7, ""by"": ""opp"", ""atk"": 937, ""card"": 648, ""dmg"": 210, ""ko"": 0, ""os"": 0}, {""t"": 8, ""by"": ""us"", ""atk"": 937, ""card"": 648, ""dmg"": 210, ""ko"": 1, ""os"": 0}, {""t"": 9, ""by"": ""opp"", ""atk"": 937, ""card"": 648, ""dmg"": 210, ""ko"": 0, ""os"": 0}, {""t"": 10, ""by"": ""us"", ""atk"": 937, ""card"": 648, ""dmg"": 210, ""ko"": 1, ""os"": 0}, {""t"": 12, ""by"": ""us"", ""atk"": 937, ""card"": 648, ""dmg"": 210, ""ko"": 1, ""os"": 0}]","{""0"": 41, ""1"": 1, ""3"": 2, ""4"": 1, ""5"": 2, ""7"": 16, ""13"": 7, ""15"": 5, ""16"": 7, ""21"": 7, ""22"": 3, ""30"": 4, ""37"": 1, ""38"": 1, ""40"": 7, ""43"": 3}",2026-08-13T00:31:37.732898800Z,92479999,4,4,4,,False,12,588.0455340000003,1,1,0,1219|647|646|647|7|647|1080,1,3,0,4,4,840,18,3,2,1,210,2,1,5,Grimmsnarl (mirror),9714ab5c3996f6cc,960.6104,55468478,108,5,6,1050,23,22,0,0,0,3,"[{""t"": 3, ""c"": 646, ""os"": true}]",4,210,0,0,2,944.4769,1,6,0,1,DONE|DONE,12,v21,False,True
"[{""t"": 2, ""by"": ""opp"", ""atk"": 323, ""card"": 235, ""dmg"": 10, ""ko"": 0, ""os"": 0}, {""t"": 4, ""by"": ""opp"", ""atk"": 323, ""card"": 235, ""dmg"": 10, ""ko"": 0, ""os"": 0}, {""t"": 6, ""by"": ""opp"", ""atk"": 323, ""card"": 235, ""dmg"": 10, ""ko"": 0, ""os"": 0}, {""t"": 7, ""by"": ""us"", ""atk"": 937, ""card"": 648, ""dmg"": 210, ""ko"": 1, ""os"": 1}, {""t"": 8, ""by"": ""opp"", ""atk"": 153, ""card"": 121, ""dmg"": 70, ""ko"": 0, ""os"": 0}, {""t"": 9, ""by"": ""us"", ""atk"": 937, ""card"": 648, ""dmg"": 210, ""ko"": 0, ""os"": 0}, {""t"": 10, ""by"": ""opp"", ""atk"": 154, ""card"": 121, ""dmg"": 260, ""ko"": 0, ""os"": 0}, {""t"": 11, ""by"": ""us"", ""atk"": 937, ""card"": 648, ""dmg"": 210, ""ko"": 1, ""os"": 0}, {""t"": 12, ""by"": ""opp"", ""atk"": 153, ""card"": 121, ""dmg"": 70, ""ko"": 1, ""os"": 0}, {""t"": 13, ""by"": ""us"", ""atk"": 937, ""card"": 648, ""dmg"": 390, ""ko"": 1, ""os"": 1}]","{""0"": 37, ""1"": 1, ""3"": 2, ""4"": 1, ""5"": 1, ""7"": 12, ""13"": 5, ""15"": 4, ""16"": 5, ""21"": 6, ""22"": 2, ""30"": 1, ""40"": 2, ""41"": 1, ""43"": 2}",2026-08-13T01:03:40.626621Z,92487474,7,7,7,0,True,13,589.9524139999999,1,2,0,7|1259|1086|7|1182|112|1219,0,0,0,6,3,430,5,2,0,1,260,0,0,4,Dragapult,202ee2cec6cbe8b4,884.5534,55468794,82,4,5,1020,25,37,0,1,0,6,"[{""t"": 12, ""c"": 648, ""os"": false}]",4,390,1,2,1,944.2726,0,7,0,0,DONE|DONE,13,v21,True,True
