tree
version=v4
num_class=1
num_tree_per_iteration=1
label_index=0
max_feature_idx=273
objective=lambdarank
feature_names=turn turn_action_count first_player_is_self energy_attached retreated stadium_played supporter_played self_hand_count self_deck_count self_prize_count self_bench_count opp_hand_count opp_deck_count opp_prize_count opp_bench_count self_total_energy opp_total_energy self_total_hp opp_total_hp self_status_count opp_status_count early_game mid_game late_game deck_low_10 deck_low_5 current_powerful_hand_damage self_active_id self_active_hp self_active_max_hp self_active_damage self_active_energy self_active_special_energy self_active_tool_count self_active_appear_this_turn opp_active_id opp_active_hp opp_active_max_hp opp_active_damage opp_active_energy opp_active_special_energy opp_active_tool_count opp_active_appear_this_turn self_bench_open self_bench_min_hp self_bench_max_hp self_bench_max_energy self_bench_total_damage self_bench_damaged_count self_bench_low_hp_count opp_bench_open opp_bench_min_hp opp_bench_max_hp opp_bench_max_energy opp_bench_total_damage opp_bench_damaged_count opp_bench_low_hp_count hand_5 field_5 discard_5 opp_field_5 hand_13 field_13 discard_13 opp_field_13 hand_19 field_19 discard_19 opp_field_19 hand_66 field_66 discard_66 opp_field_66 hand_104 field_104 discard_104 opp_field_104 hand_140 field_140 discard_140 opp_field_140 hand_305 field_305 discard_305 opp_field_305 hand_343 field_343 discard_343 opp_field_343 hand_648 field_648 discard_648 opp_field_648 hand_741 field_741 discard_741 opp_field_741 hand_742 field_742 discard_742 opp_field_742 hand_743 field_743 discard_743 opp_field_743 hand_1079 field_1079 discard_1079 opp_field_1079 hand_1081 field_1081 discard_1081 opp_field_1081 hand_1086 field_1086 discard_1086 opp_field_1086 hand_1097 field_1097 discard_1097 opp_field_1097 hand_1129 field_1129 discard_1129 opp_field_1129 hand_1152 field_1152 discard_1152 opp_field_1152 hand_1182 field_1182 discard_1182 opp_field_1182 hand_1197 field_1197 discard_1197 opp_field_1197 hand_1225 field_1225 discard_1225 opp_field_1225 hand_1231 field_1231 discard_1231 opp_field_1231 hand_1266 field_1266 discard_1266 opp_field_1266 ready_alakazam_count has_ready_alakazam ready_active_alakazam_count has_ready_active_alakazam ready_bench_alakazam_count has_ready_backup_alakazam active_is_fezandipiti active_is_setup_wall field_route_body_count has_abra_anywhere has_bridge_anywhere has_alakazam_anywhere has_psychic_energy_in_hand complete_route_components needs_first_abra needs_stage2 needs_attacker_energy dudunsparce_engine_count dunsparce_engine_count opp_froslass_count opp_has_froslass opp_has_grimmsnarl_ex self_froslass_vulnerable_count stadium_id select_type select_context select_min_count select_max_count option_type candidate_card_id candidate_attack_id candidate_area candidate_inplay_area candidate_target_id candidate_target_hp candidate_target_max_hp candidate_target_energy candidate_target_special_energy candidate_target_appear_this_turn candidate_target_is_active candidate_target_is_bench candidate_hand_cost post_action_hand_count post_action_powerful_hand_damage current_ko_estimate post_action_ko_estimate breaks_current_ko_estimate preserves_current_ko_estimate powerful_hand_attack_option attack_lethal_estimate attack_overkill_estimate candidate_is_route_card candidate_is_abra candidate_is_kadabra candidate_is_alakazam candidate_is_rare_candy candidate_is_psychic_energy target_is_abra target_is_kadabra target_is_alakazam target_is_dunsparce target_is_dudunsparce candidate_fills_missing_abra candidate_fills_stage2 candidate_fills_energy action_type is_attack is_retreat is_end is_evolve is_ability is_energy is_boss is_xerosic is_hammer is_bench is_trainer is_other hammer_opp_active_energy_value hammer_opp_active_special_energy_value xerosic_opp_hand_value boss_opp_bench_value boss_opp_bench_low_hp_value retreat_active_damage_value retreat_status_value energy_target_existing_energy_value energy_target_is_alakazam_value energy_target_is_fezandipiti_value evolve_target_is_abra_value evolve_target_is_kadabra_value evolve_kadabra_to_active evolve_kadabra_to_bench evolve_kadabra_target_damage evolve_kadabra_under_froslass bench_shaymin_into_grimmsnarl bench_early_game_value ability_low_deck_risk trainer_low_deck_risk end_has_attack_ready_penalty end_ready_active_alakazam_penalty attack_with_ready_active_alakazam retreat_to_ready_backup_value ability_repositions_to_ready_backup_value evolve_builds_active_alakazam evolve_builds_backup_alakazam self_board_count self_last_body_risk has_backup_route_body active_is_one_energy_pivot support_pivot_ready deck_runway_margin deck_pressure_risk hand_112 field_112 discard_112 opp_field_112 opp_munkidori_count opp_has_munkidori opp_spread_package_count self_has_shaymin energy_support_pivot_value bench_shaymin_into_spread_package bench_backup_route_under_boardout_risk optional_draw_under_deck_pressure retreat_support_pivot_value
feature_infos=[1:1224] [1:30] [0:1] [0:1] [0:1] [0:1] [0:1] [0:36] [0:48] [1:6] [0:5] [0:32] [0:48] [1:6] [0:8] [0:7] [0:19] [10:910] [10:1920] [0:1] [0:1] [0:1] [0:1] [0:1] [0:1] [0:1] [0:720] -1:743:140:742:741:305:66:343 [10:210] [50:210] [0:200] [0:5] [0:4] [0:1] [0:1] -1:743:431:756:648:140:345:414:305:381:741:678:742:400:112:401:190:93:646:1031:121:434:343:647:344:676:432:380:861:235:860:506:666:387:169:66:104:341:58:1030:117:463:379:293:120:342:677:879:723:65:649:119:674:878:90:265:675:164:92:89:96:849:247:57:722:131:304:721:891:1071:673:116:108:791:184:163:311:272:132:63:292:607:269:229:655:828:73:320:271:303:817:299:848:122:473:162:174:183:689:745:475:31:150:142:970:141:474:333:306:488:746:268:309:1051:818:37:144:41:133:227:264:597:100:270:352:138:354:95:103:214:297:42:87:532:813:1055:170:827:959:62:74:75:160:493:554:583:946:81:109:263:284:358:710:747:767:858:228:290:353:408:796:906:978:1002:1072 [10:440] [30:440] [0:420] [0:10] [0:10] [0:1] [0:1] [0:5] [0:210] [0:210] [0:5] [0:480] [0:5] [0:5] [0:8] [0:440] [0:440] [0:9] [0:900] [0:5] [0:5] [0:3] none [0:3] none [0:1] none [0:1] none [0:4] none [0:4] none [0:3] [0:3] [0:3] [0:3] none none none [0:2] [0:1] [0:1] [0:1] [0:2] [0:4] [0:4] [0:4] [0:4] [0:1] [0:1] [0:1] [0:1] none none none [0:3] [0:4] [0:4] [0:4] [0:4] [0:4] [0:4] [0:4] [0:4] [0:4] [0:4] [0:4] [0:4] [0:4] none [0:4] none [0:4] none [0:4] none [0:4] none [0:4] none [0:1] none [0:1] none [0:1] none [0:1] none [0:4] none [0:4] none [0:3] none [0:3] none [0:3] none [0:3] none [0:4] none [0:4] none [0:4] none [0:4] none [0:3] none [0:3] none [0:4] [0:1] [0:1] [0:1] [0:4] [0:1] [0:1] [0:1] [0:4] [0:1] [0:1] [0:1] [0:1] [0:4] [0:1] [0:1] [0:1] [0:3] [0:4] [0:2] [0:1] [0:1] [0:6] -1:1266:1259:1264:1247:1257:1261:1245:1244:1262:1246:1252:1256:1255:1260:1249:1253:1254:1250:1242:1248:1267:1251:1258 none none none none -1:7:8:9:14:12:13:10 -1:19:5:13:1225:1231:1152:66:1086:743:1266:1182:1197:305:742:140:343:1184:1081:1129:1079:1097:741:1247:1156:1264:1110:142:1146 -1:1072:1071:1070:423:183:76 [-1:7] [-1:5] -1:742:305:743:741:140:66:343:142 [0:210] [0:210] [0:5] [0:4] [0:1] [0:1] [0:1] [0:1] [0:36] [0:720] [0:1] [0:1] [0:1] [0:1] [0:1] [0:1] [0:620] [0:1] [0:1] [0:1] [0:1] [0:1] [0:1] [0:1] [0:1] [0:1] [0:1] [0:1] [0:1] [0:1] [0:1] -1:10:5:6:4:2:9:1:3:11:0:7 [0:1] [0:1] [0:1] [0:1] [0:1] [0:1] [0:1] [0:1] [0:1] [0:1] [0:1] none [0:7] [0:5] [0:31] [0:8] [0:5] [0:200] [0:1] [0:4] [0:1] [0:1] [0:1] [0:1] [0:1] [0:1] [0:40] [0:1] [0:1] [0:1] [0:1] [0:1] [0:1] [0:1] [0:1] [0:1] [0:1] [0:1] [0:1] [1:6] [0:1] [0:1] [0:1] [0:1] [-9:39] [0:1] none none none none none none [0:5] [0:1] [0:1] [0:1] [0:1] [0:1] none
tree_sizes=4156 4026 4376 4282 4359 4032 4035 4374 4015 3775 4210 3838 4177 3738 4213 4213 4196 4069 4123 4237 4141 4054 4189 4175 4124 4205 4207 4130 4185 4127 4157 4086 3727 3745 4070 4101 4233 4145 4015 4053 4277 3727 4147 4074 4256 4204 4205 4047 4086 4154

Tree=0
num_leaves=31
num_cat=11
split_feature=178 177 178 213 208 181 246 225 178 229 185 182 224 192 187 192 194 192 187 178 178 182 182 248 247 269 177 250 178 192
split_gain=159287 54204.6 14875.4 10688.2 15704.7 9620.27 7472.06 6824.12 6179.17 5446.89 3105.63 5799.02 2585.54 2398.36 2263.88 2256.01 1991.36 1869.22 1863.11 1806.66 1567.07 1514.97 1507.54 1499.56 4951.43 1450.16 1755.34 1723.59 1426.84 1391.96
threshold=0 1 2 1.0000000180025095e-35 1.0000000180025095e-35 4.5000000000000009 1.0000000180025095e-35 1.0000000180025095e-35 3 7.5000000000000009 1.0000000180025095e-35 4 1.0000000180025095e-35 210.00000000000003 1.0000000180025095e-35 230.00000000000003 1.0000000180025095e-35 130.00000000000003 1.0000000180025095e-35 5 6 7 8 1.0000000180025095e-35 1.0000000180025095e-35 1.0000000180025095e-35 9 1.0000000180025095e-35 10 270.00000000000006
decision_type=9 1 9 2 2 2 2 2 9 2 2 9 2 2 2 2 2 2 2 9 9 9 9 2 2 2 1 2 9 2
left_child=8 2 17 6 -5 29 7 9 18 10 11 14 -10 28 -4 23 -11 20 -1 -8 -2 -22 -12 24 25 26 -13 -28 -9 -3
right_child=1 5 3 4 -6 -7 19 13 12 16 22 15 -14 -15 -16 -17 -18 -19 -20 -21 21 -23 -24 -25 -26 -27 27 -29 -30 -31
leaf_value=0.07187261365931702 -0.0074509721949358081 0.047211149586810157 -0.027790067915537633 -0.084522822378545651 0.065177356066161846 -0.011580777749011591 -0.094567315667764329 -0.040502431593663679 0.051838279058601125 -0.027254301959763721 0.0081867632667388963 -0.049388007020048925 -0.0010969190737089502 -0.027170911326418273 0.017663435529961202 -0.032460906589238468 0.037614342876372199 -0.075269330092832376 0.09588341051036206 -0.040239391959957821 -0.0090036090483912676 -0.077495305555464272 -0.086028815865202432 -0.09259424282007761 0.046988960556396911 0.041265729532694938 -0.085672618443768306 -0.0014239671491502069 0.0057244841922000494 0.07456523680033196
leaf_weight=30515.061214169706 1960.0768779774662 11911.897507402929 6339.1818561551336 2425.6914003300626 6303.9550165861438 6685.5912149340438 5908.9505779223109 1852.0105182059342 20482.199297212632 2005.8214946855442 467.28284642001381 14142.807700060104 2599.2811292897095 13171.155926368127 4823.2519411106041 13736.98221454829 2882.8025725859916 24239.376190853334 11000.179938600908 2135.9293251974741 1073.6703956361162 3420.6657426389866 5354.4081794750819 2721.1581668930594 1167.5242882468738 357.52256462402875 7492.0704736086482 660.75994727443322 16077.903741627815 7636.9082168359892
leaf_count=257588 23085 125575 163226 103487 43922 138464 207009 17121 181666 24039 9735 216325 31219 262059 77907 415795 22430 556994 43133 22830 19590 63310 156335 66918 20860 2247 200629 12427 172822 77804
internal_value=0 -0.0257954 -0.0380968 -0.0295038 0.0235774 0.0401774 -0.0340813 -0.0300923 0.0666637 -0.0396604 -0.0439853 -0.0400671 0.0458571 -0.0109713 -0.0081421 -0.0489 0.0109974 -0.0688789 0.078217 -0.0803147 -0.0449818 -0.0611933 -0.0785993 -0.0574256 -0.053406 -0.0585815 -0.0601837 -0.0787491 0.000928958 0.0578991
internal_weight=231552 166955 140721 110027 8729.65 26234.4 101298 93252.6 64596.7 62151.6 57263 51441.3 23081.5 31101.1 11162.4 40278.8 4888.62 30693.8 41515.2 8044.88 6454.41 4494.34 5821.69 26541.8 23820.7 22653.2 22295.6 8152.83 17929.9 19548.8
internal_count=3736551 3222945 2881102 2218123 147409 341843 2070714 1840875 513606 1388873 1342404 1176334 212885 452002 241133 935201 46469 662979 300721 229839 105985 82900 166070 519406 452488 431628 429381 213056 189943 203379
cat_boundaries=0 35 36 76 100 124 163 202 213 218 219 255
cat_threshold=0 0 4 0 20480 0 0 0 0 131072 0 0 0 0 0 0 0 0 0 0 0 0 0 96 0 0 0 0 0 0 0 0 0 41943040 4194304 20864 8192 0 0 0 0 0 0 0 0 0 8388608 0 0 0 0 0 0 0 0 0 0 0 0 0 0 0 0 0 0 0 0 0 0 0 0 0 16 0 512 262144 0 0 4 0 16384 0 0 0 0 131072 0 0 0 0 0 0 0 0 0 0 0 0 0 32 0 0 0 0 0 0 0 0 0 0 0 0 0 0 0 0 0 0 0 0 0 0 0 224 0 0 0 0 0 0 0 0 0 0 0 0 0 0 0 0 0 0 0 0 0 0 0 0 0 0 0 0 0 0 0 0 0 1073741824 0 0 1 0 32768 0 0 0 0 0 0 0 0 0 0 0 0 0 0 0 0 0 0 0 0 0 0 0 0 0 0 0 0 0 0 0 0 0 0 0 0 0 0 512 0 0 0 0 20480 0 0 0 0 131072 8388608 0 0 4 0 4096 16512 0 0 0 0 0 0 0 0 0 0 0 0 0 0 0 0 0 0 0 0 0 0 0 0 0 0 0 0 0 0 0 0 0 0 0 512
is_linear=0
shrinkage=0.05


Tree=1
num_leaves=31
num_cat=11
split_feature=214 187 188 178 185 178 246 178 214 246 239 182 191 198 212 179 248 217 188 231 182 250 178 228 229 178 178 191 236 194
split_gain=232804 73451.5 42210 41381.6 22668.6 17564.6 17111.4 24970.5 15461.7 13779.5 12390.3 7889.72 7108.5 6383.34 9242.94 6128.97 5702.46 12731.2 5325.61 4843.53 4839.8 6307.51 4122.9 4057.13 4605.9 3561.83 3500.25 3183.45 2679.94 2669.9
threshold=0 1.0000000180025095e-35 1.0000000180025095e-35 1 1.0000000180025095e-35 2 1.0000000180025095e-35 3 4 1.0000000180025095e-35 1.0000000180025095e-35 5 11.500000000000002 1.0000000180025095e-35 1.0000000180025095e-35 6 1.0000000180025095e-35 1.0000000180025095e-35 1.0000000180025095e-35 1.5000000000000002 7 1.0000000180025095e-35 8 1.5000000000000002 7.5000000000000009 9 10 21.500000000000004 1.0000000180025095e-35 1.0000000180025095e-35
decision_type=1 2 2 9 2 9 2 9 1 2 2 9 2 2 2 9 2 2 2 2 9 2 9 2 2 9 9 2 2 2
left_child=1 5 3 9 11 10 7 12 -7 -2 -1 25 19 14 15 -10 17 20 -16 29 22 -22 28 24 -17 -4 -14 -20 -9 -5
right_child=2 -3 4 6 -6 8 -8 16 13 -11 -12 -13 26 -15 18 23 -18 -19 27 -21 21 -23 -24 -25 -26 -27 -28 -29 -30 -31
leaf_value=0.027829363613544857 0.0089162205081852845 0.079628366829468888 -0.022992078816768013 0.0042628614562406587 -0.061542017114106264 -0.04732354465263032 -0.086697833152380444 -0.085010802508726863 0.073486724144419965 -0.053550153587697269 -0.039007455760758571 -0.0034433753061375583 -0.022466409251014278 0.022339808897835156 -0.018692465299791568 -0.012805891535691486 -0.076631600950612166 -0.023095637234674296 0.059747549136390632 -0.046902425687372677 -0.069987563820875412 -0.017714647992065652 -0.038836021158928799 0.039643146135447262 0.018933540507069656 0.048298848562336745 -0.056649793946044275 -0.03046715143463586 -0.0223790503175024 -0.021383333678200646
leaf_weight=234756.34064826096 64616.786689146305 52486.261896978132 1865.0105557166971 41254.226777617936 7991.5373042552965 12913.67944394605 19332.621593893855 8730.6794448024593 2503.0936725325882 10224.95869077486 7144.68174955016 12386.197481635143 18602.329322256031 61324.214312311728 3348.9905613253359 75721.121159641771 16555.747818711912 45002.282413939625 11647.555168050341 6761.2049476643151 53612.303778050642 6467.7736581729259 53428.366786858009 4700.5621874993667 13461.861572895199 28495.686946826754 12585.320753138687 1067.117231586948 2124.1365596009418 13458.401407872327
leaf_count=377842 231149 45240 13612 121820 119336 68043 278195 105288 2305 86336 14059 62985 134859 100456 25127 285087 137120 186769 14558 43575 505836 34224 412832 7115 46469 46054 144912 2794 16779 65775
internal_value=0 0.0237989 -0.0270346 -0.0328591 0.0157502 0.0169623 -0.0412083 -0.0380529 0.00543902 0.00038158 0.0258541 0.0302006 -0.0168422 0.00936261 0.00228627 -0.0035658 -0.0486204 -0.0458849 0.0373997 -0.00697972 -0.0541313 -0.0643498 -0.0445636 -0.00562781 -0.0080148 0.043913 -0.0362868 0.0521747 -0.0726897 -0.00204572
internal_weight=904571 481075 423496 372757 50738.4 428589 297915 278583 186688 74841.7 241901 42746.9 92661.5 173775 112450 96386.6 185921 169366 16063.7 61473.8 124363 60080.1 64283.2 93883.5 89183 30360.7 31187.7 12714.7 10854.8 54712.6
internal_count=3736551 989095 2747456 2505469 241987 943855 2187984 1909789 551954 317485 391901 122651 510941 483911 383455 340976 1398848 1261728 42479 231170 1074959 540060 534899 338671 331556 59666 279771 17352 122067 187595
cat_boundaries=0 1 41 65 104 105 129 135 159 160 161 198
cat_threshold=2247 0 0 0 0 16384 0 0 0 0 0 0 0 0 0 0 0 0 0 0 0 0 0 0 0 0 0 0 0 0 0 0 0 0 1082130432 4194816 67109376 0 1 2147483648 65536 0 0 4 0 4096 0 0 0 0 131072 0 0 0 0 0 0 0 0 0 0 0 0 0 96 0 0 0 0 0 0 0 0 0 0 0 0 0 0 0 0 0 0 0 0 0 0 0 0 0 0 0 0 0 0 0 0 0 0 0 0 1073741825 0 33280 5 0 0 0 0 0 0 0 0 0 0 0 0 0 0 0 0 0 0 0 0 0 0 0 160 0 0 4096 0 0 8388608 0 0 0 0 4096 0 0 0 0 0 0 0 0 0 0 0 0 0 0 0 0 0 0 224 8192 8192 0 0 0 0 0 0 0 0 0 0 0 0 0 0 0 0 0 0 0 0 0 0 0 0 0 0 0 0 0 0 0 0 0 0 0 0 1073741825
is_linear=0
shrinkage=0.05


Tree=2
num_leaves=31
num_cat=13
split_feature=214 187 246 189 178 178 185 178 253 182 187 179 248 182 182 178 272 216 178 182 245 250 194 178 178 191 191 180 247 211
split_gain=182629 60872.2 25474.6 23385.4 27662.6 17736.2 12991.2 11450.2 11129.3 10101.2 8602.08 7131.63 6104.53 5468.73 5171.78 5415.22 5115.28 5041.99 4708.31 4367.3 9426.09 4061.81 5785.26 3605.8 3524.6 3433.29 3270.79 3090.11 2660.74 2567.88
threshold=0 1.0000000180025095e-35 1.0000000180025095e-35 1.0000000180025095e-35 1 2 1.0000000180025095e-35 3 1.0000000180025095e-35 4 1.0000000180025095e-35 5 1.0000000180025095e-35 6 7 8 1.0000000180025095e-35 1.0000000180025095e-35 9 10 1.0000000180025095e-35 1.0000000180025095e-35 1.0000000180025095e-35 11 12 19.500000000000004 18.500000000000004 4.5000000000000009 1.0000000180025095e-35 1.0000000180025095e-35
decision_type=1 2 2 2 9 9 2 9 2 9 2 9 2 9 9 9 2 2 9 9 2 2 2 9 9 2 2 2 2 2
left_child=2 7 3 4 6 16 9 -2 11 -1 -5 -9 14 -12 -7 -16 -6 28 -4 20 25 -19 -23 -11 -18 -13 -10 29 -17 -21
right_child=1 -3 18 10 5 12 -8 8 26 23 13 19 -14 -15 15 17 24 21 -20 27 -22 22 -24 -25 -26 -27 -28 -29 -30 -31
leaf_value=-0.059220802903098016 -0.061740231954507674 0.078233303782740835 -0.08265451262728242 -0.060725819388261632 -0.0050433226231748366 0.039341503424178248 -0.060748874244540153 -0.034566754956042452 -0.009885523298969438 0.029173057061130797 -0.01263918877553742 0.055259939385327334 -0.069643198886773214 -0.061346626080147938 -0.060613471197915936 -0.026810939434633141 0.027868232490647484 -0.066101826270966418 -0.029441103206374448 0.019444056411433413 -0.066535968021970218 0.027027440944802902 -0.073085397253171841 0.0017204595159068898 -0.054630732095114376 -0.011336359856916825 -0.067348010543535383 -0.0075513987901062929 0.0025327389430544571 0.076714859982859082
leaf_weight=4003.6372383388807 4614.6149842268787 44548.890956499614 20639.092733001627 42481.553407332627 99880.602550040989 2452.3873822155874 5701.4673572870088 5979.5993743082508 18619.721870498266 49321.137009800645 21704.186862234143 21263.454391981941 12180.257695872569 7844.9323948808014 16278.396836561733 65189.707948171708 1519.7382596170064 14165.658515089948 5253.1794480654644 310429.45178951172 1901.9163190326653 3308.9555912045762 2558.2885462201666 15803.685129816411 8628.3531080350513 2128.7796063809656 2855.9243720718659 10674.820389440167 8763.3487928931136 1969.2970189051703
leaf_count=24337 51703 45240 332849 593787 430560 8186 99828 14957 99089 91662 112596 25815 137120 87398 155124 421024 5520 137443 31682 548039 6446 11203 23021 62057 72784 9013 39375 28337 28194 2162
internal_value=0 0.0229343 -0.023908 -0.0206535 -0.0146861 -0.0231185 0.0117884 0.0164593 0.0174208 0.0177732 -0.0463151 0.0195395 -0.0360133 -0.0255964 -0.0323821 -0.033978 -0.00847911 -0.0293584 -0.0719025 0.0204687 0.0404794 -0.0516124 -0.0166263 0.0225126 -0.0423011 0.0491991 -0.0175288 0.0189007 -0.0233337 0.0198052
internal_weight=832665 424986 407679 381786 309756 234926 74829.9 380438 375823 69128.5 72030.7 354347 124897 29549.1 112717 110264 110029 93986 25892.3 348368 25294.2 20032.9 5867.24 65124.8 10148.1 23392.2 21475.6 323074 73953.1 312399
internal_count=3736551 870176 2866375 2501844 1708063 1430179 277884 824936 773233 178056 793781 634769 921315 199994 784195 776009 508864 620885 364531 619812 41274 171667 34224 153719 78304 34828 138464 578538 449218 550201
cat_boundaries=0 1 41 80 91 102 136 160 184 224 264 288 323 359
cat_threshold=3640 524320 0 0 0 16384 0 0 0 0 0 0 0 0 0 0 0 0 0 0 0 0 0 0 0 0 0 0 0 0 0 0 0 0 8388608 4194816 67108864 0 1 2147483648 65536 0 0 0 0 0 0 0 0 0 0 0 0 0 0 0 0 0 0 0 0 0 0 0 0 0 0 0 0 0 0 0 0 0 1073741824 0 512 1 8192 32768 0 0 0 0 0 0 0 0 0 0 8388608 0 0 4 0 16384 0 0 0 0 131072 8388608 0 0 0 0 0 0 0 0 0 0 0 0 0 128 0 0 0 0 0 0 0 0 0 0 0 0 0 0 0 0 0 0 0 16384 0 0 0 0 0 0 0 0 0 0 0 0 0 0 0 0 0 0 0 0 0 0 0 224 0 0 0 0 0 0 0 0 0 131072 8388608 0 0 0 0 0 0 0 0 0 0 0 0 32 8192 0 0 0 0 0 0 0 0 0 0 0 0 0 0 0 0 0 0 0 0 0 0 0 0 0 0 0 0 0 0 0 0 0 0 0 0 0 0 262144 0 0 0 0 0 0 0 0 0 0 0 0 0 0 0 0 0 0 0 0 0 0 0 0 0 0 0 0 0 0 0 0 0 1073741824 0 0 1 0 33280 262144 0 0 0 0 4096 0 0 0 0 0 0 0 0 0 0 0 0 0 0 0 0 0 0 64 524320 0 0 0 16384 0 0 0 0 0 0 0 0 0 0 0 0 0 0 0 0 0 0 0 0 0 0 0 0 0 0 0 0 8388608 4194304 0 0 0 0 0 0 0 0 0 0 0 0 0 0 0 0 0 0 0 0 0 0 0 0 0 0 0 0 0 0 0 0 0 0 0 512
is_linear=0
shrinkage=0.05


Tree=3
num_leaves=31
num_cat=14
split_feature=214 187 246 189 178 178 185 178 253 187 182 182 245 248 179 182 178 178 182 177 250 194 208 272 178 179 191 191 211 191
split_gain=147014 53054.1 21423.2 19044.3 20678.8 13356.2 10628.5 8945.14 8923.29 6669.26 6551.82 4771.5 4685.24 4531.93 4402.37 4243.58 4220.74 3789.95 3282.58 3805.98 4287.5 3908.52 3038.31 2937.04 2638.94 2583.28 2493.38 1984.29 1976.57 1854.77
threshold=0 1.0000000180025095e-35 1.0000000180025095e-35 1.0000000180025095e-35 1 2 1.0000000180025095e-35 3 1.0000000180025095e-35 1.0000000180025095e-35 4 5 1.0000000180025095e-35 1.0000000180025095e-35 6 7 8 9 10 11 1.0000000180025095e-35 1.0000000180025095e-35 1.0000000180025095e-35 1.0000000180025095e-35 12 13 18.500000000000004 15.500000000000002 1.0000000180025095e-35 20.500000000000004
decision_type=1 2 2 2 9 9 2 9 2 2 9 9 2 2 9 9 9 9 9 1 2 2 2 2 9 9 2 2 2 2
left_child=1 7 3 4 6 23 10 -1 11 -5 -2 12 27 16 -13 -11 -7 -4 -18 -20 -21 -22 -12 -6 -25 -16 -10 -9 -27 -15
right_child=2 -3 17 9 5 13 -8 8 26 15 22 14 -14 29 25 -17 18 -19 19 20 21 -23 -24 24 -26 28 -28 -29 -30 -31
leaf_value=-0.058470338309293372 -0.063854571510002886 0.075501301788989325 -0.078919516868678152 -0.057317351283467627 -0.0061141426743141492 -0.060395512788164844 -0.058941808730393341 0.051264552408841584 -0.010080722148490651 -0.014949293105614917 0.0090951430596412728 -0.028831980707306356 -0.055001528835397023 -0.071978377997695894 0.07274070483862588 -0.061633822211676487 0.028103173493088492 -0.029718621421719767 -0.02255432732764677 -0.059527070553899136 0.021106442556922358 -0.067117064809957064 0.03128103863091676 0.024423394697239167 -0.049293561516340005 0.016109428926788655 -0.064016174101417328 0.014358115106480385 0.070832558052878122 -0.004266046283306857
leaf_weight=4097.4518747291295 2550.0119792462792 40059.540728615597 18573.045515333069 37700.284837970277 95948.740133525571 10408.387830108171 5296.1006835286971 18637.843851870741 17703.743378455518 22158.170298940153 39791.842669212492 5375.5496535294224 1258.2046861598501 9377.1856529897777 2039.3417211100459 6236.8146359216771 2639.2978804891463 5012.2510155467317 67858.075782296073 16304.259767318261 3700.9146934249438 1899.2194062550552 25208.89620207157 1461.6090419134125 7080.9499297842267 309854.30514111533 2437.480583884113 4527.6079576234333 1658.534489993006 1133.8330871148501
leaf_count=51703 20871 45240 332849 593787 430560 109511 99828 21189 99089 123494 126338 14957 6446 121521 2305 76500 8186 31682 448733 183541 11203 23021 30847 5520 72784 574071 39375 13639 2162 15599
internal_value=0 0.0208606 -0.0223584 -0.0193078 -0.0137989 -0.0215109 0.00926189 0.0149064 0.0157348 -0.0435334 0.014611 0.0176326 0.038932 -0.0334003 0.0159997 -0.0252314 -0.0302058 -0.0685107 -0.0267953 -0.0284127 -0.0465416 -0.00881595 0.0176969 -0.00861474 -0.0367086 0.0167693 -0.0166096 0.044052 0.0164004 -0.0646752
internal_weight=787989 407650 380340 356755 290659 217812 72846.9 367590 363493 66095.3 67550.8 343351 24423.7 113321 318928 28395 102810 23585.3 92401.8 89762.5 21904.4 5600.13 65000.7 104491 8542.56 313552 20141.2 23165.5 311513 10511
internal_count=3736551 870176 2866375 2501844 1708063 1430179 277884 824936 773233 793781 178056 634769 41274 921315 593495 199994 784195 364531 674684 666498 217765 34224 157185 508864 78304 578538 138464 34828 576233 137120
cat_boundaries=0 1 41 80 91 101 125 159 183 223 263 287 288 324 330
cat_threshold=199 524320 0 0 0 16384 0 0 0 0 0 0 0 0 0 0 0 0 0 0 0 0 0 0 0 0 0 0 0 0 0 0 0 0 8388608 4194816 67108864 0 1 2147483648 65536 0 0 0 0 0 0 0 0 0 0 0 0 0 0 0 0 0 0 0 0 0 0 0 0 0 0 0 0 0 0 0 0 0 1073741824 0 512 1 8192 32768 0 0 0 0 0 0 0 0 0 0 8388608 0 0 4 0 16384 0 0 0 0 131072 0 0 0 0 4096 0 0 0 0 0 0 0 0 0 0 0 0 0 0 0 0 0 0 64 0 0 0 0 0 0 0 0 0 0 0 0 0 128 0 0 0 0 0 0 0 0 0 0 0 0 0 0 0 0 0 0 0 16384 0 0 0 0 4096 0 0 0 0 0 0 0 0 0 0 0 0 0 0 0 0 0 0 224 0 0 0 0 0 0 0 0 0 0 0 0 0 0 0 0 0 0 0 0 0 0 0 0 0 0 0 0 0 0 0 0 0 0 0 0 0 0 0 262144 0 0 0 0 0 0 0 0 0 0 0 0 0 0 0 0 0 0 0 0 0 0 0 0 0 0 0 0 0 0 0 0 0 1073741824 0 0 1 0 33280 262144 0 0 0 0 0 0 0 0 0 131072 8388608 0 0 0 0 0 0 0 0 0 0 0 0 32 16512 0 0 0 0 0 0 0 0 0 0 0 0 0 0 0 0 0 0 0 0 0 0 0 0 0 0 0 0 0 0 0 0 0 0 0 512 0 0 4096 0 0 8388608
is_linear=0
shrinkage=0.05


Tree=4
num_leaves=31
num_cat=14
split_feature=214 187 246 181 178 185 178 253 178 187 208 182 245 178 194 182 178 182 182 178 179 229 194 191 179 180 191 178 245 191
split_gain=118905 47322.3 17629.2 15431.1 21140.5 8146.22 7723.24 7221.23 7332.13 5629.63 5276.28 3909.36 3833.09 3676.13 4456.95 3567.93 3377.63 3221.08 2834.08 2696.91 2507.25 2290.86 2993.48 2278.91 1900.88 1951.33 1891.77 4931.96 1859.75 1829.92
threshold=0 1.0000000180025095e-35 1.0000000180025095e-35 4.5000000000000009 1 1.0000000180025095e-35 2 1.0000000180025095e-35 3 1.0000000180025095e-35 1.0000000180025095e-35 4 1.0000000180025095e-35 5 1.0000000180025095e-35 6 7 8 9 10 11 7.5000000000000009 1.0000000180025095e-35 6.5000000000000009 12 4.5000000000000009 9.5000000000000018 13 1.0000000180025095e-35 16.500000000000004
decision_type=1 2 2 2 9 2 9 2 9 2 2 9 2 9 2 9 9 9 9 9 9 2 2 2 9 2 2 9 2 2
left_child=1 7 3 4 5 10 21 8 -1 -5 13 12 29 14 -2 -11 -4 -8 -15 -19 -13 26 -23 -9 -22 -26 27 -6 -27 -10
right_child=2 -3 16 9 6 -7 17 23 11 15 -12 20 -14 18 -16 -17 -18 19 -20 -21 24 22 -24 -25 25 28 -28 -29 -30 -31
leaf_value=-0.05540273628945809 0.046591496658993377 0.072734409364549987 -0.07549667939117638 -0.054182249476350378 0.0026421211631417404 -0.056286688034901493 0.023109245625412556 0.016727312932473735 0.046298805298011281 -0.014318766060027098 0.029722789558335495 0.072148099061963608 -0.053688505650083408 -0.059294808689827311 -0.022030469137890876 -0.058592931840013546 -0.026845663093242923 -0.054404419765789226 -0.00098106592932686496 -0.030019748752013731 -0.017992393893988684 -0.020770135006579336 0.029628825704109598 -0.025297100331740565 0.015125841527547187 -0.018350566165399856 -0.024400228036998203 -0.041560726082577749 0.040242854395173278 0.0078423693189555357
leaf_weight=3648.6283159836894 8512.7486491440795 36948.687320278492 16683.447886654583 34386.525928575749 28525.796951447381 4904.1388085213257 2608.45859102963 4091.1439280924387 18757.717923084274 21436.866953113931 24323.692682212219 1851.8345823686104 1148.1584166920511 2165.0327178447042 3276.5698973736726 5775.1300112681056 4586.4657169397688 13018.401174093131 49329.664404657611 89741.632471942983 4585.0786927030422 4985.0845639684703 7202.2867769179866 15247.484571916691 297316.96799781721 7713.8129010014236 28011.441895979107 8092.4293361703167 1642.0819066360127 3704.899918766343
leaf_count=51703 16058 45240 332849 593787 82024 99828 8186 13875 22518 123494 30847 2305 6446 20871 12066 76500 31682 155124 204803 758005 14957 24039 22430 124589 547896 24992 231042 42740 3345 12310
internal_value=0 0.0188489 -0.0209095 -0.0181179 -0.013046 0.00641951 -0.0229295 0.0133143 0.0150029 -0.0407356 0.00993079 0.0157671 0.0353864 0.00232333 0.0274957 -0.0237428 -0.0650552 -0.0317202 -0.00344448 -0.0331143 0.0142865 -0.0108686 0.00901337 -0.0164063 0.0139398 0.0144179 -0.0146196 -0.00713739 -0.00806452 0.0399565
internal_weight=754222 396656 357566 336296 274697 92511.8 182186 359708 340369 61598.5 87607.7 336721 23610.8 63284 11789.3 27212 21269.9 105368 51494.7 102760 313110 76817 12187.4 19338.6 311258 306673 64629.7 36618.2 9355.89 22462.6
internal_count=3736551 870176 2866375 2501844 1708063 384473 1323590 824936 686472 793781 284645 634769 41274 253798 28124 199994 364531 921315 225674 913129 593495 402275 46469 138464 591190 576233 355806 124764 28337 34828
cat_boundaries=0 1 41 80 91 115 150 174 214 238 248 288 294 328 367
cat_threshold=199 524320 0 0 0 16384 0 0 0 0 0 0 0 0 0 0 0 0 0 0 0 0 0 0 0 0 0 0 0 0 0 0 0 0 1082130432 4194816 0 0 1 2147483648 65536 0 0 0 0 0 0 0 0 0 0 0 0 0 0 0 0 0 0 0 0 0 0 0 0 0 0 0 0 0 0 0 0 0 0 0 67109376 1 8192 32768 0 0 0 0 0 0 0 0 0 0 8388608 0 0 0 0 4096 0 0 0 0 0 0 0 0 0 0 0 0 0 0 0 0 0 0 64 0 0 0 0 16384 0 0 0 0 0 0 0 0 0 0 0 0 0 0 0 0 0 0 0 0 0 0 0 0 0 0 0 0 8388608 4194304 0 0 0 0 4096 0 0 0 0 0 0 0 0 0 0 0 0 0 0 0 0 0 0 224 0 0 0 0 0 0 0 0 0 0 0 0 0 0 0 0 0 0 0 0 0 0 0 0 0 0 0 0 0 0 0 0 0 1073741824 0 0 1 0 33280 262144 0 0 0 0 0 0 0 0 0 131072 8388608 0 0 0 0 0 0 0 0 0 0 0 0 32 0 0 4 0 16384 0 0 0 0 131072 8192 0 0 0 0 0 0 0 0 0 0 0 0 0 0 0 0 0 0 0 0 0 0 0 0 0 0 0 0 0 0 0 0 0 0 0 0 0 0 262144 0 0 4096 0 0 8388608 0 0 0 0 0 0 0 0 0 0 0 0 0 128 0 0 0 0 0 0 0 0 0 0 0 0 0 0 0 0 0 0 0 16384 0 0 0 0 0 0 0 0 0 0 0 0 0 0 0 0 0 0 0 0 0 0 0 0 0 0 0 0 0 0 0 0 0 0 0 0 1 0 32768
is_linear=0
shrinkage=0.05


Tree=5
num_leaves=31
num_cat=9
split_feature=178 180 177 188 178 234 272 178 182 248 272 178 181 208 247 178 234 208 191 179 212 194 225 191 194 191 213 191 178 232
split_gain=96186.8 30395 25162.4 14567.3 16210.5 9035.09 7776.89 6248.47 7554.07 4826.56 4647.06 4896.99 4563.94 4031.09 3761.75 2670.95 2610.17 2798.98 2509.46 2481.64 2735.4 3335.72 2462.62 5504.01 2289.66 1848.04 1773.5 1727.61 1721.86 1586.55
threshold=0 3.0000000000000004 1 1.0000000180025095e-35 2 1.0000000180025095e-35 1.0000000180025095e-35 3 4 1.0000000180025095e-35 1.0000000180025095e-35 5 4.5000000000000009 1.0000000180025095e-35 1.0000000180025095e-35 6 1.0000000180025095e-35 1.0000000180025095e-35 2.5000000000000004 7 1.0000000180025095e-35 1.0000000180025095e-35 1.0000000180025095e-35 8.5000000000000018 1.0000000180025095e-35 6.5000000000000009 1.0000000180025095e-35 17.500000000000004 8 135.00000000000003
decision_type=9 2 1 2 9 2 2 9 9 2 2 9 2 2 2 9 2 2 2 9 2 2 2 2 2 2 2 2 9 2
left_child=1 -1 12 4 10 13 7 -6 -9 14 -4 -12 19 -5 16 -15 17 22 -13 -2 21 -21 26 -24 -3 -14 29 -11 -17 -10
right_child=2 24 3 5 6 -7 -8 8 9 27 11 18 25 15 -16 28 -18 -19 -20 20 -22 -23 23 -25 -26 -27 -28 -29 -30 -31
leaf_value=0.014909884116919384 0.070174321706461623 0.066232043085729567 -0.0043250907225192625 -0.0063269751462271817 -0.05529317738956098 -0.05409110783742338 -0.069916957792569651 -0.066235929263383383 -0.028776712345868788 -0.070697038050487701 -0.055984121237385664 -0.07836918453520765 0.013251454501627166 -0.058287971547361199 0.01412345093583321 0.016332427855877938 -0.070277141533827567 0.0073590313527751141 0.0093544159059963609 -0.0098608489969639716 0.031933212163725064 0.013333575897298068 0.005764973762297055 -0.037133997948751003 0.044111774473668763 -0.024540626043085632 -0.077863293744591694 -0.017025466084183753 0.043526789311654553 0.076073379407198466
leaf_weight=242776.64254294743 1736.0241857096553 30817.626789294416 79926.893942317256 18006.537257013028 24028.418465173338 5948.4228946036892 14384.55039353139 11753.441872626601 76940.70251064765 7234.2378324233869 9847.8088302535471 934.77578801289201 4165.616326035466 923.28860261198133 6845.9465934804175 13629.876093044411 2969.0479265698232 7214.6428692804184 6351.6956841452629 22213.337800177396 12151.082538044313 51294.945954665891 17353.989178567426 13136.230285381898 18867.82675170718 14469.751934965956 1846.7164105854463 1892.0929910095292 10210.534272113349 362.00167766492814
leaf_count=439909 2305 44536 378722 80581 333947 119336 284153 250514 658016 107865 166175 2842 13875 11136 28194 18989 62329 49038 36282 76715 17352 107007 57647 146052 32796 124589 43446 29255 11945 1003
internal_value=0 0.0222012 -0.0148321 -0.0216091 -0.0259568 0.00364367 -0.0346013 -0.0316424 -0.027785 -0.0244521 -0.00938979 -0.0330197 0.00637118 0.011674 -0.0219234 0.0247632 -0.023983 -0.0228064 -0.00190089 0.011162 0.00995617 0.00632441 -0.0247915 -0.0127175 0.0578326 -0.0160925 -0.0294425 -0.0595718 0.0279937 -0.0282852
internal_weight=730235 292462 437773 331742 283023 48718.7 185962 171577 147549 135796 97061.2 17134.3 106031 42770.2 126669 24763.7 119823 116854 7286.47 87395.4 85659.4 73508.3 109640 30490.2 49685.5 18635.4 79149.4 9126.33 23840.4 77302.7
internal_count=3736551 517241 3219310 2877467 2635480 241987 2051459 1767306 1433359 1182845 584021 205299 341843 122651 1045725 42070 1017531 955202 39124 203379 201074 183722 906164 203699 77332 138464 702465 137120 30934 659019
cat_boundaries=0 39 40 80 120 131 168 169 175 176
cat_threshold=0 0 4 0 20480 0 0 0 0 131072 0 0 0 0 0 0 0 0 0 0 0 0 0 96 0 0 0 0 0 0 0 0 0 41943040 4194304 67108864 0 0 2147483648 9728 0 0 0 0 0 0 0 0 0 0 0 0 0 0 0 0 0 0 0 0 0 0 0 0 0 0 0 0 0 0 0 0 0 1073741824 512 512 1 8193 0 65536 8192 0 0 0 0 0 0 0 0 0 8388608 0 0 0 0 0 0 0 0 0 0 0 0 0 0 0 0 0 0 0 0 0 0 0 0 0 16 0 0 262144 0 0 0 0 20480 0 0 0 0 131072 8388608 0 0 0 0 0 0 0 0 0 0 0 0 0 0 0 0 0 0 0 0 0 0 0 0 0 0 0 0 0 0 0 0 0 1073741824 0 0 1 8192 0 0 4096 0 0 8388608 524288
is_linear=0
shrinkage=0.05


Tree=6
num_leaves=31
num_cat=9
split_feature=178 187 177 188 178 213 272 246 178 182 185 248 181 178 216 185 184 272 179 232 212 198 192 178 178 192 247 208 213 180
split_gain=80315 33531 22847.1 14616 13403.3 8901.66 6848.23 6071.6 5486.42 6234.44 3995.71 3827.62 3753.43 2882.2 2527.41 2657.37 2397.63 3767.16 2186.82 1855.98 1807.16 2441.78 1778.54 1658.64 1647.36 1945.23 1557.57 1510.31 2080.2 1464.19
threshold=0 1.0000000180025095e-35 1 1.0000000180025095e-35 2 1.0000000180025095e-35 1.0000000180025095e-35 1.0000000180025095e-35 3 4 1.0000000180025095e-35 1.0000000180025095e-35 4.5000000000000009 5 1.0000000180025095e-35 1.0000000180025095e-35 175.00000000000003 1.0000000180025095e-35 6 135.00000000000003 1.0000000180025095e-35 1.0000000180025095e-35 370.00000000000006 7 8 170.00000000000003 1.0000000180025095e-35 1.0000000180025095e-35 1.0000000180025095e-35 4.5000000000000009
decision_type=9 2 1 2 9 2 2 2 9 9 2 2 2 9 2 2 2 2 9 2 2 2 2 9 9 2 2 2 2 2
left_child=1 16 3 4 7 10 8 -2 -6 -10 -5 14 18 -7 15 26 23 -18 -4 -16 21 -20 -14 -1 -9 -26 27 28 -11 -25
right_child=2 -3 12 5 6 13 -8 24 9 11 -12 -13 22 -15 19 -17 17 -19 20 -21 -22 -23 -24 29 25 -27 -28 -29 -30 -31
leaf_value=-0.0085649614370176871 -0.005754528672142792 0.067973293133254731 0.067720185748344694 -0.0046302022381332899 -0.053302444270035866 -0.051038370385819959 -0.06747643951563341 -0.067542411156584645 -0.063096261688616512 -0.01978284699732093 -0.053596762058354036 -0.056540843664035938 -0.0086754362950059033 0.03206555816829592 -0.043833743392232623 -0.067624226598212753 0.058391619541800791 -0.011248768717798993 -0.0071854845610169783 0.069702234664617002 0.027517597460844569 0.012935300619287663 -0.058579820307227873 0.014638907930760378 -0.04957694089684328 0.029290106784910199 0.0054400882989456643 0.002836554056088421 -0.074652695369989377 -0.011046457324149057
leaf_weight=8411.7138162893243 85293.624069491198 32711.689871868119 1652.0639951396734 17555.302950077108 22475.041015192051 1089.0071251795162 13454.213221155689 5178.556076049048 10844.216585467337 88094.100119441544 5462.1522557651624 8271.0887296303408 15833.82486087142 21322.902702954831 14163.921056803432 2707.3776507780422 6880.7568836840801 2705.0418804129586 21825.174506448326 368.87328624003567 12251.780137785943 48773.728273230372 2011.8737361266976 231740.01977408963 2317.0356041316409 1179.4027383216307 6935.2687035208801 7268.1575430064695 1761.5362414749106 5683.9244440835901
leaf_count=31219 442344 45240 2305 73595 333947 15491 284153 119137 250514 691051 116659 137120 99089 36242 170664 62329 9070 10138 83266 1003 17352 100456 39375 409422 14010 8685 28194 49038 43446 11997
internal_value=0 0.0203108 -0.0139976 -0.0206522 -0.025063 0.00558813 -0.0331901 -0.00980697 -0.0303599 -0.0266818 -0.0162513 -0.0236292 0.00653157 0.0280178 -0.0213867 -0.0187237 0.0142073 0.0387395 0.0109325 -0.0409493 0.00979028 0.00671502 -0.0143033 0.0132507 -0.0496592 -0.0229065 -0.017451 -0.0190857 -0.020859 0.0140234
internal_weight=706223 288133 418090 315742 270312 45429.4 176344 93968.6 162890 140415 23017.5 129570 102348 22411.9 121299 106766 255421 9585.8 84502.7 14532.8 82850.7 70598.9 17845.7 245836 8674.99 3496.44 104059 97123.8 89855.6 237424
internal_count=3736551 517086 3219465 2877622 2635635 241987 2051459 584176 1767306 1433359 190254 1182845 341843 51733 1045725 874058 471846 19208 203379 171667 201074 183722 138464 452638 141832 22695 811729 783535 734497 421419
cat_boundaries=0 39 40 80 120 131 132 138 143 180
cat_threshold=0 0 4 0 20480 0 0 0 0 131072 0 0 0 0 0 0 0 0 0 0 0 0 0 96 0 0 0 0 0 0 0 0 0 41943040 4194304 0 0 0 2147483648 20864 0 0 0 0 0 0 0 0 0 0 0 0 0 0 0 0 0 0 0 0 0 0 0 0 0 0 0 0 0 0 0 0 0 1073741824 512 67109376 1 8193 0 65536 8192 0 0 0 0 0 0 0 0 0 8388608 0 0 0 0 0 0 0 0 0 0 0 0 0 0 0 0 0 0 0 0 0 0 0 0 0 16 0 0 262144 0 0 0 0 20480 0 0 0 0 131072 8388608 8192 0 0 4096 0 0 8388608 0 0 0 0 4096 0 0 0 0 0 0 0 0 0 0 0 0 0 0 0 0 0 0 0 0 0 0 0 0 0 0 0 0 0 0 0 0 0 1073741824 0 0 1
is_linear=0
shrinkage=0.05


Tree=7
num_leaves=31
num_cat=14
split_feature=214 187 246 178 182 178 182 178 253 185 188 213 178 182 182 245 191 194 181 178 229 248 178 194 179 247 182 191 178 191
split_gain=73538.9 34776.1 12177.6 10787.4 11083.2 7251.09 6929.28 4337.78 4464.79 4062.16 5755.19 2840.1 3399.42 2652.56 2541.16 2863.36 2525.78 2462.57 2346.51 2313.76 2294.1 2166.65 2227.58 2134.86 1882.3 1790.16 1741.89 1613.66 3556.81 1559.48
threshold=0 1.0000000180025095e-35 1.0000000180025095e-35 1 2 3 4 5 1.0000000180025095e-35 1.0000000180025095e-35 1.0000000180025095e-35 1.0000000180025095e-35 6 7 8 1.0000000180025095e-35 17.500000000000004 1.0000000180025095e-35 4.5000000000000009 9 7.5000000000000009 1.0000000180025095e-35 10 1.0000000180025095e-35 11 1.0000000180025095e-35 12 9.5000000000000018 13 6.5000000000000009
decision_type=1 2 2 9 9 9 9 9 2 2 2 2 9 9 9 2 2 2 2 9 2 2 9 2 9 2 9 2 9 2
left_child=1 7 3 4 -2 6 -5 -1 14 10 20 12 17 -7 15 16 -9 -6 -13 -4 26 22 -15 -22 -16 -24 -8 28 -28 -10
right_child=2 -3 19 5 11 13 9 8 29 -11 -12 18 -14 21 24 -17 -18 -19 -20 -21 23 -23 25 -25 -26 -27 27 -29 -30 -31
leaf_value=-0.049144314609315391 -0.049453461954573084 0.065922757201939172 -0.068264336884097152 -0.062300146352286805 0.039075104726346781 -0.060419075755426391 -0.03782133505009095 0.040187759158765282 0.013167018011962295 -0.05628049962824986 0.018145956521655623 0.040443555925631376 -0.0030014868682831358 -0.051819135018177157 0.065391393757251837 -0.053143999292527777 -0.0078031023092167417 -0.015935393528949036 -0.024391662348683202 -0.025399470567650507 -0.018581666647175539 -0.053929570499576508 -0.026176353933668246 0.02608260288444272 0.010853874361682891 0.00037059603982305799 9.3908596415890385e-05 -0.022389370671441856 -0.039180018161056027 -0.02195919893448911
leaf_weight=3013.5398801298579 9753.183293568145 30844.956595472991 13422.891933053557 6599.8810420784284 9252.332562034484 7055.7800517376745 8155.2714649122208 17707.206497815438 4143.4104959247634 4469.3364553584252 17988.215466432972 9344.9691284205765 46791.660505120177 7828.8126019461779 1581.0080126121175 1016.7115845403168 3243.5772981643677 2607.3199396294076 1640.0612707408145 4166.3538583720801 4447.9398944970453 7765.0584431355528 72368.759154437226 6711.7837842018344 296447.24264254747 6960.8451883875532 32676.405923292798 28780.642988450272 6989.7161882399814 13303.765318650752
leaf_count=51703 126884 45240 332849 137996 16058 122529 116897 23682 13875 108056 38506 12982 305833 110629 2305 6446 11146 12066 22633 31682 24039 137120 713421 22430 591190 28194 126343 276532 42696 124589
internal_value=0 0.0150851 -0.0177374 -0.0153532 0.000435866 -0.0210812 -0.0125738 0.0104796 0.0110132 -0.00959054 -0.00761788 0.00742978 0.00306065 -0.0308242 0.0123565 0.0287674 0.0327576 0.0269578 0.0307626 -0.0581655 -0.0128987 -0.0286179 -0.0263657 0.00828025 0.0111455 -0.0238439 -0.0159843 -0.0133746 -0.00683683 -0.0136169
internal_weight=687079 371301 315777 298188 79389.5 218798 116819 340456 337443 110219 105750 69636.3 58651.3 101979 319996 21967.5 20950.8 11859.7 10985 17589.2 87761.8 94923.5 87158.4 11159.7 298028 79329.6 76602 68446.8 39666.1 17447.2
internal_count=3736551 870176 2866375 2501844 496456 2005388 893495 824936 773233 755499 647443 369572 333957 1111893 634769 41274 34828 28124 35615 364531 608937 989364 852244 46469 593495 741615 562468 445571 169039 138464
cat_boundaries=0 1 41 65 104 115 126 161 185 209 249 289 295 319 358
cat_threshold=199 32 0 0 0 16384 0 0 0 0 0 0 0 0 0 0 0 0 0 0 0 0 0 0 0 0 0 0 0 0 0 0 0 0 1082130432 4194816 67108864 0 1 2147483648 65536 0 0 0 0 16384 0 0 0 0 131072 8388608 0 0 0 0 0 0 0 0 0 0 0 0 32 524288 0 0 0 0 0 0 0 0 0 0 0 0 0 0 0 0 0 0 0 0 0 0 0 0 0 0 0 0 0 0 0 0 0 0 512 1 8192 32768 0 0 4 0 16384 0 0 0 0 131072 8388608 0 0 0 0 0 0 0 0 0 0 8388608 0 0 0 0 16384 0 0 0 0 0 0 0 0 0 0 0 0 0 0 0 0 0 0 0 0 0 0 0 0 0 0 0 0 8388608 4194304 0 0 4 0 16384 0 0 0 0 0 0 0 0 0 0 0 0 0 0 0 0 0 0 192 0 0 0 0 4096 0 0 0 0 0 0 0 0 0 0 0 0 0 0 0 0 0 0 64 0 0 0 0 0 0 0 0 0 0 0 0 0 0 0 0 0 0 0 0 0 0 0 0 0 0 0 0 0 0 0 0 0 1073741824 0 0 1 0 33280 262144 0 0 0 0 0 0 0 0 0 0 0 0 0 0 0 0 0 0 0 0 0 0 0 0 0 0 0 0 0 0 0 0 0 0 0 0 16 0 0 262144 0 0 4096 0 0 8388608 0 0 0 0 4096 0 0 0 0 0 0 0 0 0 0 0 0 0 0 0 0 0 0 64 524288 0 0 0 0 0 0 0 0 0 0 0 0 0 0 0 0 0 0 0 0 0 0 0 0 0 0 0 0 0 0 0 0 0 0 0 1 0 32768
is_linear=0
shrinkage=0.05


Tree=8
num_leaves=31
num_cat=6
split_feature=178 187 215 188 178 185 272 246 178 182 208 253 248 216 185 178 182 245 194 191 191 191 249 194 239 188 191 211 191 180
split_gain=64003.4 28814.3 13756.7 12168.3 10590.4 7099.72 5017.98 4507.28 4479.24 5152.11 4456.33 4266.43 2902.91 2348.39 2200.27 2122.63 2077.86 2491.37 2037.42 1903.34 1813.31 1578.61 1552.36 1541.79 1526.43 2053.14 3695.2 1355.15 1351.23 1325.45
threshold=0 1.0000000180025095e-35 1.0000000180025095e-35 1.0000000180025095e-35 1 1.0000000180025095e-35 1.0000000180025095e-35 1.0000000180025095e-35 2 3 1.0000000180025095e-35 1.0000000180025095e-35 1.0000000180025095e-35 1.0000000180025095e-35 1.0000000180025095e-35 4 5 1.0000000180025095e-35 1.0000000180025095e-35 15.500000000000002 17.500000000000004 6.5000000000000009 1.0000000180025095e-35 1.0000000180025095e-35 1.0000000180025095e-35 1.0000000180025095e-35 2.5000000000000004 1.0000000180025095e-35 17.500000000000004 3.0000000000000004
decision_type=9 2 2 2 9 2 2 2 9 9 2 2 2 2 2 9 9 2 2 2 2 2 2 2 2 2 2 2 2 2
left_child=1 11 3 4 7 10 8 -2 -6 -10 -5 16 13 14 -11 -12 17 20 -15 23 29 -13 -21 -4 25 27 -27 -18 -14 -1
right_child=2 -3 19 5 6 -7 -8 -9 9 12 15 21 28 18 -16 -17 24 -19 -20 22 -22 -23 -24 -25 -26 26 -28 -29 -30 -31
leaf_value=0.027416441852726531 -0.0057224895317341904 0.064061455723850538 -0.012753850870573831 -0.0060933140803801217 -0.050048047710126498 -0.049738958723801185 -0.061594223658050298 -0.045719754174589559 -0.059930850665384484 -0.01634630618223477 -0.051531606358226061 0.014078657888264765 -0.064429455170635822 -0.024420729888555367 -0.064398545740787905 0.032048375629970094 0.01131312968433861 -0.051417256155348527 -0.065272669061864547 0.055251583666274064 -0.0036248036637693062 -0.02106753164472756 0.013631272627358563 0.0073268828442752581 -0.019692982309776605 -0.049490317226598593 0.046632381119533384 0.062027146174243854 -0.012403184697475606 0.055848451855299075
leaf_weight=10781.245294187451 82212.920699660288 29155.038582625799 14721.986052033142 16106.422184924537 20087.020134668739 5012.6965295384289 12022.251705674076 7703.1870126661379 9618.2936437395401 100231.39316248224 781.56457033543848 4247.5317840524949 5572.7989532603242 7943.2818761523813 2439.9078219092917 20099.919426830951 225062.98932389176 935.46096525236499 4957.7739428688947 2518.2611958777998 3039.3706731862621 12886.342772751581 20286.785275117727 27253.449449112639 3723.6082721811254 1133.7028438746929 8440.8192541128956 1324.5872636185959 1608.8168474192498 6616.5306421890855
leaf_count=14242 442215 45240 56538 80581 333947 119336 285898 141806 250514 826324 11136 13875 107865 74071 62329 30934 425347 6446 97596 6010 11146 124589 40131 62294 14059 1263 9962 2162 29255 9440
internal_value=0 0.0167707 -0.0142712 -0.0188335 -0.0229499 0.00609934 -0.0304923 -0.00914836 -0.0280415 -0.0246962 0.0136674 0.011815 -0.0219305 -0.0200153 -0.0174886 0.0289094 0.0134013 0.0283401 -0.0401221 0.00660117 0.0320061 -0.0123543 0.0182286 0.000283808 0.0120675 0.0125693 0.0352481 0.01161 -0.052777 0.038231
internal_weight=668526 307347 361179 296398 254398 42000.6 164482 89916.1 152459 132372 36987.9 278192 122754 115572 102671 20881.5 261058 21372.6 12901.1 64780.5 20437.1 17133.9 22805 41975.4 239686 235962 9574.52 226388 7181.62 17397.8
internal_count=3736551 677771 3058780 2893807 2651820 241987 2067799 584021 1781901 1447954 122651 632531 1197440 1060320 888653 42070 494067 41274 171667 164973 34828 138464 46141 118832 452793 438734 11225 427509 137120 23682
cat_boundaries=0 39 79 119 130 131 155
cat_threshold=0 0 4 0 20480 0 0 0 0 131072 0 0 0 0 0 0 0 0 0 0 0 0 0 224 0 0 0 0 0 0 0 0 0 41943040 4194304 67108864 0 0 2147483648 0 0 0 0 0 0 0 0 0 0 0 0 0 0 0 0 0 0 0 0 0 0 0 0 0 0 0 0 0 0 0 0 0 1073741824 512 512 1 8193 0 65536 8192 0 0 0 0 0 0 0 0 0 8388608 0 0 0 0 0 0 0 0 0 0 0 0 0 0 0 0 0 0 0 0 0 0 0 0 0 16 0 0 262144 0 0 0 0 20480 0 0 0 0 131072 8388608 8192 0 0 0 0 4096 0 0 0 0 0 0 0 0 0 0 0 0 0 0 0 0 0 0 64
is_linear=0
shrinkage=0.05


Tree=9
num_leaves=31
num_cat=7
split_feature=214 187 246 181 213 204 214 187 253 182 185 245 182 191 225 179 214 271 194 191 182 191 250 216 194 191 194 191 180 184
split_gain=57955.9 28506 9574.4 8676.22 11656.8 6514.59 4556.35 3912 3466.91 2840.33 2830.66 2430.17 2181.78 2065.2 2211.01 1655.77 1793.68 1663.31 1644.94 1554.09 1496.51 1416.22 1343.85 2834.83 2466.41 1333.44 1312.17 1150.63 1163.63 1061.99
threshold=0 1.0000000180025095e-35 1.0000000180025095e-35 4.5000000000000009 1.0000000180025095e-35 1.0000000180025095e-35 1 1.0000000180025095e-35 1.0000000180025095e-35 2 1.0000000180025095e-35 1.0000000180025095e-35 3 10.500000000000002 1.0000000180025095e-35 4 5 1.0000000180025095e-35 1.0000000180025095e-35 11.500000000000002 6 19.500000000000004 1.0000000180025095e-35 1.0000000180025095e-35 1.0000000180025095e-35 17.500000000000004 1.0000000180025095e-35 15.500000000000002 3.0000000000000004 75.000000000000014
decision_type=1 2 2 2 2 2 1 2 2 9 2 2 9 2 2 9 1 2 2 2 9 2 2 2 2 2 2 2 2 2
left_child=1 8 3 4 5 6 10 -5 9 11 13 27 -9 -2 26 -11 -17 19 -7 -18 -6 -10 23 25 -24 -8 29 28 -1 -15
right_child=2 -3 -4 7 20 18 22 12 21 15 -12 -13 -14 14 -16 16 17 -19 -20 -21 -22 -23 24 -25 -26 -27 -28 -29 -30 -31
leaf_value=0.028073850231687465 -0.0048794441612195769 0.062374944094546164 -0.054413921527719171 -0.046167208658076782 0.028907316792153401 0.033161297147049462 -0.027503428297125005 -0.0097906545460363092 -0.0080791361748544371 0.06204409860637377 -0.049214600750981351 -0.051081740535238208 -0.049044760322020209 -0.034509163954715587 -0.024331963367199314 0.013383022820886851 -0.00014311702011250637 0.04084649346561222 -0.014245595251857996 0.0099298747699485823 -0.028823219692788862 -0.059029519006292289 0.031988973532720219 -0.055524656180877985 -0.056096979287416006 -0.0015720862900061188 0.014221071823511731 0.0088280339307397707 0.056437050012596295 0.011550562462348238
leaf_weight=9747.3875539712608 85958.581584787229 27593.290779852774 15688.283110977558 26935.556205132802 19502.449200158473 8876.2313938080333 42133.622924169016 17536.883909736294 15401.688476830604 1475.8388081025332 4643.8449316479382 912.59594225895125 4430.6038451686618 3555.8514801481506 34988.110783088778 133462.61398967484 78963.05181611568 3257.2415372468531 2304.4830248771468 74339.120259810588 1185.0230946587399 1495.9798020766466 2367.7108806897886 8674.1203745388484 1195.5121665085608 5619.1249907531455 7132.8919046926603 4105.4097625780269 5751.729147778824 1930.4279133208329
leaf_count=12797 392678 45240 364531 593787 37740 15831 379945 123494 103868 2305 116659 6446 76500 33373 410834 243489 202389 5378 11902 191637 13993 34596 11203 137443 23021 74845 38617 13639 8392 9979
internal_value=0 0.0135611 -0.0164073 -0.0142705 -0.0102051 -0.0137428 -0.0158375 -0.0333961 0.00946628 0.0106609 -0.0108401 0.0286399 -0.0177357 -0.00950653 -0.0178609 0.00939408 0.0091239 0.00549243 0.0233895 0.00474145 0.0255996 -0.0125918 -0.0273442 -0.0292293 0.00242975 -0.0244522 8.09106e-05 0.032367 0.0386013 -0.0183019
internal_weight=651165 356506 294659 278971 230068 209381 198200 48903 328913 312015 138210 20517.1 21967.5 133566 47607.3 291498 290022 156559 11180.7 153302 20687.5 16897.7 59990.1 56426.9 3563.22 47752.7 12619.2 19604.5 15499.1 5486.28
internal_count=3736551 870176 2866375 2501844 1708063 1656330 1628597 793781 824936 686472 1002140 41274 199994 885481 492803 645198 642893 399404 27733 394026 51733 138464 626457 592233 34224 454790 81969 34828 21189 43352
cat_boundaries=0 1 2 26 50 56 57 81
cat_threshold=199 3104 0 0 0 0 4096 0 0 0 0 0 0 0 0 0 0 0 0 0 0 0 0 0 0 64 0 0 0 0 4096 0 0 0 0 0 0 0 0 0 0 0 0 0 0 0 0 0 0 224 0 0 4096 0 0 8388608 192 0 0 0 0 0 0 0 0 0 0 8388608 0 0 0 0 0 0 0 0 0 0 0 0 128
is_linear=0
shrinkage=0.05


Tree=10
num_leaves=31
num_cat=12
split_feature=178 187 179 188 178 213 272 178 182 253 246 185 214 191 178 182 245 187 250 216 206 197 191 178 191 178 191 179 191 182
split_gain=54581 23221 11031.9 9299.23 7612.29 6323.46 4705.32 4475.31 4595.07 4067.31 3176.5 2473.8 2027.67 2649.94 2008.11 1956.05 2401.35 1894.34 1704.73 2161.7 1746.36 1679.65 1375.91 1356.48 1375.78 1274.03 1224.92 1188.04 1144.81 1138.7
threshold=0 1.0000000180025095e-35 1 1.0000000180025095e-35 2 1.0000000180025095e-35 1.0000000180025095e-35 3 4 1.0000000180025095e-35 1.0000000180025095e-35 1.0000000180025095e-35 5 6.5000000000000009 6 7 1.0000000180025095e-35 1.0000000180025095e-35 1.0000000180025095e-35 1.0000000180025095e-35 1.0000000180025095e-35 1.0000000180025095e-35 19.500000000000004 8 8.5000000000000018 9 15.500000000000002 10 21.500000000000004 11
decision_type=9 2 9 2 9 2 2 9 9 2 2 2 1 2 9 9 2 2 2 2 2 2 2 9 2 9 2 9 2 9
left_child=1 9 21 4 10 11 7 29 -9 15 -4 -5 17 -14 -7 16 28 18 19 20 -10 -2 -11 -12 -25 26 -17 -15 -1 -6
right_child=2 -3 3 5 6 14 -8 8 12 22 23 -13 13 27 -16 25 -18 -19 -20 -21 -22 -23 -24 24 -26 -27 -28 -29 -30 -31
leaf_value=0.034823263432529797 0.060620369615386631 0.060897914849707059 -0.0062219875193345077 -0.0056811580467959668 -0.024654175049697958 -0.046652583705792269 -0.058942101500130621 -0.05684538136836103 -0.023114319403385875 -0.0079196225386519263 -0.060139223073946861 -0.047769201305665969 0.008940129054216036 0.01146445415683007 0.027906967369302163 0.00031740745731367089 -0.05157066394922262 -0.0083287808659515648 0.0056913962953323606 -0.052879399822899548 -0.056397678255572764 0.0055032341890780519 -0.058736429889351405 -0.041798619032251128 0.030695642065498449 0.012481534194783053 -0.054919145534146022 -0.023469594522800521 -0.021043244391384233 -0.054387209623923273
leaf_weight=17973.677402923349 1417.8062545866705 26129.524105611723 79795.318379727687 15865.251619972929 4196.1169132518116 938.91042778384872 11012.038687379943 8744.9232145757996 54382.833116107286 15296.45203632128 4053.0513902486709 4476.0730680827401 12763.205906501171 2755.2266998176929 19442.038217408233 6243.055475113797 900.56676978850737 16699.410738835461 3762.2556354183471 8239.1296440900187 4249.1514452152187 54412.028853421099 1458.6820407623309 1754.2031453300733 1043.227385199978 221596.93285976286 1195.4006578315748 20698.55166387721 965.87129824818112 14750.433182232606
leaf_count=28148 2305 45240 442344 73595 69016 15491 285898 250514 597970 103868 119137 116659 40728 10466 36242 21127 6446 115210 34224 137443 94299 135011 34596 14010 8685 421419 10092 194757 6680 264931
internal_value=0 0.0159229 -0.0134482 -0.0173712 -0.0209958 0.00477806 -0.0273854 -0.0250893 -0.0218284 0.0114992 -0.00902622 -0.0149438 -0.0193453 -0.00939083 0.0244617 0.0131046 0.0281656 -0.0234717 -0.027055 -0.0288975 -0.025527 0.00690232 -0.0123456 -0.0416999 -0.0147088 0.0117981 -0.00855034 -0.0193705 0.0319735 -0.0478198
internal_weight=637211 291760 345451 289621 248899 40722.3 162253 151241 132295 265631 86645.8 20341.3 123550 36217 20380.9 248876 19840.1 87332.8 70633.4 66871.1 58632 55829.8 16755.1 6850.48 2797.43 229035 7438.46 23453.8 18939.5 18946.6
internal_count=3736551 677616 3058935 2921619 2679632 241987 2095456 1809558 1475611 632376 584176 190254 1225097 245951 51733 493912 41274 979146 863936 829712 692269 137316 138464 141832 22695 452638 31219 205223 34828 333947
cat_boundaries=0 39 73 113 153 164 165 166 190 227 232 266 276
cat_threshold=0 0 4 0 20480 0 0 0 0 131072 0 0 0 0 0 0 0 0 0 0 0 0 0 224 0 0 0 0 0 0 0 0 0 41943040 4194304 0 0 0 2147483648 0 0 4096 0 0 8388608 0 0 0 0 0 0 0 0 0 0 0 0 0 0 0 0 0 0 0 0 0 0 0 0 0 0 0 65536 0 0 0 0 0 0 0 0 0 0 0 0 0 0 0 0 0 0 0 0 0 0 0 0 0 0 0 0 0 0 0 0 0 1073741824 512 67109376 1 8193 0 65536 8192 0 0 0 0 0 0 0 0 0 8388608 0 0 0 0 0 0 0 0 0 0 0 0 0 0 0 0 0 0 0 0 0 0 0 0 0 16 0 0 262144 0 0 0 0 20480 0 0 0 0 131072 8388608 568 8192 0 0 0 0 4096 0 0 0 0 0 0 0 0 0 0 0 0 0 0 0 0 0 0 64 0 0 0 0 0 0 0 0 0 0 0 0 0 0 0 0 0 0 0 0 0 0 0 0 0 0 0 0 0 0 0 0 0 1073741824 0 0 1 0 0 0 0 4096 0 0 0 0 0 0 0 0 0 0 0 0 0 0 0 0 0 0 0 0 0 0 0 0 0 0 0 0 0 0 0 0 0 32768 0 0 0 0 4096 0 0 0 0 131072
is_linear=0
shrinkage=0.05


Tree=11
num_leaves=31
num_cat=6
split_feature=214 187 246 181 213 200 248 187 253 182 229 214 191 269 182 250 194 272 194 190 194 182 180 191 194 191 182 271 190 247
split_gain=48396.6 23373.6 8035.01 7209.51 9600.49 5516.65 3177.83 3102.75 2975.28 2146.08 1987.56 2829.03 2296.32 2148.44 1858.54 1858.11 2514.05 1667.27 1640 2758.4 1638.72 1527.18 1509.26 1375.49 1364.62 1279.9 1209.5 1053.76 1025.19 1672.2
threshold=0 1.0000000180025095e-35 1.0000000180025095e-35 4.5000000000000009 1.0000000180025095e-35 1.0000000180025095e-35 1.0000000180025095e-35 1.0000000180025095e-35 1.0000000180025095e-35 1 7.5000000000000009 2 8.5000000000000018 1.0000000180025095e-35 3 1.0000000180025095e-35 1.0000000180025095e-35 1.0000000180025095e-35 1.0000000180025095e-35 1.0000000180025095e-35 1.0000000180025095e-35 4 3.0000000000000004 6.5000000000000009 1.0000000180025095e-35 20.500000000000004 5 1.0000000180025095e-35 1.0000000180025095e-35 1.0000000180025095e-35
decision_type=1 2 2 2 2 2 2 2 2 9 2 1 2 2 9 2 2 2 2 2 2 9 2 2 2 2 9 2 2 2
left_child=1 8 3 4 5 6 10 -5 9 17 11 12 21 -14 -9 18 -17 22 -13 -20 -12 -2 -1 -10 -7 -8 -6 -11 29 -23
right_child=2 -3 -4 7 26 24 25 14 23 27 20 15 13 -15 -16 16 -18 -19 19 -21 -22 28 -24 -25 -26 -27 -28 -29 -30 -31
leaf_value=0.021419703448272372 -0.035955550164323412 0.059461433981932904 -0.05168427053730007 -0.043360179513894537 0.026301784018027165 0.03109763707530825 -0.057762568127207772 -0.0010837305184835022 0.012969106350434554 0.0087151097740186326 -0.017110846837097453 -0.042765393374134014 -0.019881212376617368 0.047995476100239125 -0.030723979886617132 0.030935883015163309 -0.056186293979847236 -0.013830384126704821 -0.061372576744668873 -0.0071066231789012422 0.023337506375381418 -0.024636166921947217 0.053118538855755959 -0.020162700673883899 -0.013219727376335753 0.0046460403102388031 -0.027108623422432466 0.038819577626428611 -0.0010283723493588442 0.014652474488462698
leaf_weight=11927.598289507907 3974.7538715527626 24760.564868335612 14393.431763627275 24784.991134432144 18998.415810586419 8516.2367749770638 5699.3125793388754 9644.8552904390963 4209.2336677554995 277374.33411809057 4114.2715211091563 16374.773609103897 63911.187190065248 1186.9515281035565 11719.020905414305 2728.244928522734 1188.2839111998037 2306.8000960308709 3014.6701521237264 10487.193487788376 6396.1883108529728 11800.536425224622 5481.5134116199333 12242.154674524558 2181.5694671820384 959.63852320465958 1116.3580526304431 2937.2559411996044 56250.955286318786 3514.4045856230659
leaf_count=22066 44351 45240 364531 593787 37740 15831 121521 53247 13875 639820 24039 169737 701099 3422 146747 11203 23021 10138 74575 96482 22430 83338 9070 124589 11902 15599 13993 5378 223826 13954
internal_value=0 0.0126777 -0.015289 -0.0133389 -0.00960714 -0.0128828 -0.0148338 -0.0313234 0.00901777 0.010153 -0.0136119 -0.0148842 -0.0117599 -0.0186432 -0.0173582 -0.0278746 0.00449774 0.0260961 -0.0321278 -0.0192252 0.00750365 -0.0058296 0.0314021 -0.0116852 0.0220595 -0.0487683 0.0233363 0.00903032 -0.0041505 -0.0156199
internal_weight=624196 341239 282956 268563 222414 202299 191601 46148.9 316479 300028 184942 174432 140639 65098.1 21363.9 33793.2 3916.53 19715.9 29876.6 13501.9 10510.5 75540.7 17409.1 16451.4 10697.8 6658.95 20114.8 280312 71565.9 15314.9
internal_count=3736551 870176 2866375 2501844 1708063 1656330 1628597 793781 824936 686472 1491477 1445008 1069990 704521 199994 375018 34224 41274 340794 171057 46469 365469 31136 138464 27733 137120 51733 645198 321118 97292
cat_boundaries=0 1 25 26 50 74 98
cat_threshold=199 0 0 0 0 4096 0 0 0 0 0 0 0 0 0 0 0 0 0 0 0 0 0 0 64 1072 0 0 0 0 0 0 0 0 0 0 0 0 0 0 0 0 0 0 0 0 0 0 0 160 0 0 4 0 16384 0 0 0 0 131072 0 0 0 0 0 0 0 0 0 0 0 0 0 128 0 0 0 0 0 0 0 0 0 0 8388608 0 0 0 0 0 0 0 0 0 0 0 0 128
is_linear=0
shrinkage=0.05


Tree=12
num_leaves=31
num_cat=7
split_feature=178 187 179 246 178 208 234 214 209 253 269 178 248 247 191 178 178 191 197 239 181 229 191 187 181 184 245 194 209 191
split_gain=43169.5 19715.7 10245.9 6584.54 5960.31 6912.44 8121.69 5164.67 3292.05 3289.42 2186.21 2168.69 1672.62 1683.63 1457.44 3761.42 2492.79 1639.7 1432.49 1269.12 1254.06 1235.85 1231.88 1227.41 1219.19 1192.01 2966.15 1339.59 1149.77 1134.64
threshold=0 1.0000000180025095e-35 1 1.0000000180025095e-35 2 1.0000000180025095e-35 1.0000000180025095e-35 3 1.0000000180025095e-35 1.0000000180025095e-35 1.0000000180025095e-35 4 1.0000000180025095e-35 1.0000000180025095e-35 9.5000000000000018 5 6 15.500000000000002 1.0000000180025095e-35 1.0000000180025095e-35 4.5000000000000009 7.5000000000000009 6.5000000000000009 1.0000000180025095e-35 4.5000000000000009 175.00000000000003 1.0000000180025095e-35 1.0000000180025095e-35 1.0000000180025095e-35 17.500000000000004
decision_type=9 2 9 2 9 2 2 1 2 2 2 9 2 2 2 9 9 2 2 2 2 2 2 2 2 2 2 2 2 2
left_child=1 9 18 4 28 7 20 8 10 19 12 -5 13 23 16 17 -9 -16 -2 25 -7 -18 -11 24 -6 -1 27 -27 -4 -14
right_child=2 -3 3 11 5 6 -8 14 -10 22 -12 -13 29 -15 15 -17 21 -19 -20 -21 -22 -23 -24 -25 -26 26 -28 -29 -30 -31
leaf_value=0.011579293739387856 0.058980733990469741 0.058167454772814021 -0.043447547578621265 -0.06113046108190006 -0.022341342505754043 0.027388717368262757 -0.05748102473922137 0.0030744448283856725 -0.059979148933364791 0.011587304371359431 0.042262203102803403 -0.009686185851759125 -0.059449953380338663 0.0051886035505061658 -0.018607477607778155 0.00057159714005327353 -0.025923893019947776 -0.044790942516816694 0.006617523866803485 -0.018586079442682327 0.0020355165301950383 0.0027571626732981322 -0.019650641879145909 -0.0099568376418981887 -0.04063945577239552 0.058622033121440133 -0.053289552630688158 0.010610387912584816 -0.014406088112484962 -0.010321576313339839
leaf_weight=233246.33186023164 1339.8737867265008 23485.141785652377 19546.372231495712 10369.278353922098 49550.2419607505 18920.330993165728 3801.9660622637603 46306.402342017624 5908.0063039159868 4282.6858271243982 1326.1554810618982 2573.4323733856145 4730.3645264968218 5918.5512279247632 18764.395547784254 22626.628273359325 14175.756654876706 8777.0643055535038 51150.534970001318 3391.2451487187063 6572.1183016627328 5109.1795983789489 11991.774068410334 15545.397375194181 11154.229421847791 4535.0742281799903 903.07137575745583 2138.3328916630708 4129.2911922154017 1564.3853451097966
leaf_count=460645 2305 45240 350300 332849 505358 30847 116756 169964 161114 13875 2888 22695 107865 28194 175404 146892 75528 153601 135011 14059 49038 21247 124589 107356 278692 6845 6446 5917 55776 29255
internal_value=0 0.0142906 -0.0123027 -0.0161362 -0.0144323 -0.0120764 0.0106853 -0.0152303 -0.0238242 0.0103352 -0.0214476 -0.0509575 -0.0224029 -0.0204996 -0.00812297 -0.0145386 -0.00321697 -0.0269428 0.00795328 0.0117856 0.0208529 -0.0183158 -0.0114298 -0.0224937 -0.0257039 0.0122134 0.0317313 0.0432406 -0.0383668 -0.047243
internal_weight=613834 283974 329860 277370 264427 240751 29294.4 211457 95697.3 260489 89789.3 12942.7 88463.2 82168.4 115759 50168.1 65591.3 27541.5 52490.4 244214 25492.4 19284.9 16274.5 76249.9 60704.5 240823 7576.48 6673.41 23675.7 6294.75
internal_count=3736551 677616 3058935 2921619 2566075 2159999 196641 1963358 1220722 632376 1059608 355544 1056720 919600 742636 475897 266739 329005 137316 493912 79885 96775 138464 891406 784050 479853 19208 12762 406076 137120
cat_boundaries=0 39 73 113 114 154 193 232
cat_threshold=0 0 4 0 20480 0 0 0 0 131072 0 0 0 0 0 0 0 0 0 0 0 0 0 224 0 0 0 0 0 0 0 0 0 41943040 4194304 0 0 0 2147483648 0 0 4096 0 0 8388608 0 0 0 0 0 0 0 0 0 0 0 0 0 0 0 0 0 0 0 0 0 0 0 0 0 0 0 65536 8192 0 0 0 0 0 0 0 0 0 8388608 0 0 0 0 0 0 0 0 0 0 0 0 0 0 0 0 0 0 0 0 0 0 0 0 0 16 0 0 262144 568 0 0 0 0 0 0 0 0 0 0 0 0 0 0 0 0 0 0 0 0 0 0 0 0 0 0 0 0 0 0 0 0 0 1073741824 0 0 1 0 33280 262144 0 0 0 0 0 0 0 0 0 0 0 0 0 0 0 0 0 0 0 0 0 0 0 0 0 0 0 0 0 0 0 0 0 1073741824 0 0 1 0 33280 0 0 0 0 0 0 0 0 0 0 0 0 0 0 0 0 0 0 0 0 0 0 0 0 0 0 0 0 0 0 0 0 0 1073741824 0 0 1 1 33280
is_linear=0
shrinkage=0.05


Tree=13
num_leaves=31
num_cat=6
split_feature=214 182 188 200 185 177 272 248 182 253 194 250 182 194 191 188 202 229 185 182 194 191 225 191 194 217 191 211 191 191
split_gain=38718 14000.6 6911.81 5554.94 4566.16 3471.68 5031.43 2831.77 2695.04 2512.38 2029.53 1983.95 2298.66 2244.15 1614.92 1430.69 1739.51 1408.07 1316.67 1415.13 1069.73 1064.66 981.039 2078.73 1818.81 1258.13 980.033 952.995 847.472 831.877
threshold=0 1 1.0000000180025095e-35 1.0000000180025095e-35 1.0000000180025095e-35 2 1.0000000180025095e-35 1.0000000180025095e-35 3 1.0000000180025095e-35 1.0000000180025095e-35 1.0000000180025095e-35 4 1.0000000180025095e-35 10.500000000000002 1.0000000180025095e-35 1.0000000180025095e-35 8.5000000000000018 1.0000000180025095e-35 5 1.0000000180025095e-35 17.500000000000004 1.0000000180025095e-35 7.5000000000000009 1.0000000180025095e-35 1.0000000180025095e-35 17.500000000000004 1.0000000180025095e-35 7.5000000000000009 2.5000000000000004
decision_type=1 9 2 2 2 1 2 2 9 2 2 2 9 2 2 2 2 2 2 9 2 2 2 2 2 2 2 2 2 2
left_child=1 10 3 5 8 6 7 17 -4 15 -1 12 18 28 -5 27 29 22 -7 -20 -19 -11 24 -24 25 -2 -9 -3 -13 -17
right_child=2 9 4 14 -6 11 -8 26 -10 21 -12 13 -14 -15 -16 16 -18 20 19 -21 -22 -23 23 -25 -26 -27 -28 -29 -30 -31
leaf_value=0.051241789803768034 -0.037266291041042933 0.0077759374466963562 0.020207951903254265 0.032934830993662415 -0.043724843769302003 -0.021723909766824326 -0.037466021729513431 -0.058065361457121156 -0.010890264516762116 -0.0065303338179477123 0.02678526298690986 -0.010829937358475712 -0.047727882939280514 -0.054519308070548167 -0.0068018840540754136 -0.028502892403011237 -0.013427131020422967 -0.014029809977029774 0.024192865335289956 -0.065608345023594999 0.024017664382002594 -0.045786124116925335 0.00025415631077901028 -0.015684178039404358 -0.0030943702822327618 -0.016755548529632961 -0.012230609674016669 0.054318394970111629 0.049477193774106192 0.028976731405649186
leaf_weight=20859.925638128538 11687.33051601419 257378.50811217894 24876.917645108304 6667.9302948445547 4196.3190223667771 30876.98073862103 22349.764489247958 4346.2832118696533 9669.9073491637828 13994.957923137816 14302.273589782766 860.07344346283935 16678.103426006041 1113.2754900739237 4146.3522963733994 651.56520364060998 3100.3291810993105 2930.8073907195358 507.81606775242835 3177.5697973973001 4995.3255467410199 1970.0131663985085 37395.841624516936 45163.065509711014 15009.991886279982 20759.617735713458 1594.7300920105481 1104.1183743793517 1803.0088074603118 18184.065597479814
leaf_count=44536 113817 605755 59666 13697 119336 432297 489906 107865 62985 94240 32796 4473 396325 23021 22876 1351 14059 17091 9784 92818 16697 44224 130164 428588 130367 158617 29255 2162 6730 31053
internal_value=0 0.0114565 -0.014026 -0.0172904 0.00552313 -0.0190006 -0.015394 -0.0119664 0.0115059 0.00791664 0.041283 -0.0298894 -0.0324725 0.00507838 0.0176991 0.00901534 0.021275 -0.0105106 -0.0250892 -0.0533439 0.00994841 -0.0113759 -0.0117579 -0.00846474 -0.0174866 -0.0241441 -0.045765 0.00797487 0.03 0.0269874
internal_weight=602353 331546 270807 232064 38743.1 221250 166233 143883 34546.8 296384 35162.2 55016.8 51240.5 3776.36 10814.3 280419 21936 137942 34562.4 3685.39 7926.13 15965 130016 82558.9 47456.9 32446.9 5941.01 258483 2663.08 18835.6
internal_count=3736551 870176 2866375 2624388 241987 2587815 1622367 1132461 122651 792844 77332 965448 931224 34224 36573 654380 46463 995341 534899 102602 33788 138464 961553 558752 402801 272434 137120 607917 11203 32404
cat_boundaries=0 1 6 7 31 55 60
cat_threshold=199 0 0 4 0 4096 16512 0 0 0 0 0 0 0 0 0 0 0 0 0 0 0 0 0 0 0 0 0 0 0 160 0 0 0 0 4096 0 0 0 0 0 0 0 0 0 0 0 0 0 0 0 0 0 0 224 0 0 0 0 4096
is_linear=0
shrinkage=0.05


Tree=14
num_leaves=31
num_cat=10
split_feature=178 187 179 188 178 213 246 178 182 253 246 185 248 178 185 197 182 245 191 180 245 191 178 228 178 191 191 216 250 182
split_gain=34838.8 17319.3 9340.11 7211.6 5541.02 4264.44 3539.13 3708.79 3250.78 2579.42 2064.9 1898.1 1638.72 1520.36 1276.15 1260.5 1259.87 1904.13 1801.56 1357.46 1618.95 1523.74 1181.94 1363.77 1145.77 973.425 973.215 951.423 2746.3 902.017
threshold=0 1.0000000180025095e-35 1 1.0000000180025095e-35 2 1.0000000180025095e-35 1.0000000180025095e-35 3 4 1.0000000180025095e-35 1.0000000180025095e-35 1.0000000180025095e-35 1.0000000180025095e-35 5 1.0000000180025095e-35 1.0000000180025095e-35 6 1.0000000180025095e-35 19.500000000000004 4.5000000000000009 1.0000000180025095e-35 6.5000000000000009 7 1.5000000000000002 8 6.5000000000000009 2.5000000000000004 1.0000000180025095e-35 1.0000000180025095e-35 9
decision_type=9 2 9 2 9 2 2 9 9 2 2 2 2 9 2 2 9 2 2 2 2 2 9 2 9 2 2 2 2 9
left_child=1 9 15 4 10 11 7 29 -9 16 -4 -5 14 -7 27 -2 17 18 -1 22 21 -21 23 -18 -12 -11 -26 -10 -29 -6
right_child=2 -3 3 5 6 13 -8 8 12 25 24 -13 -14 -15 -16 -17 19 -19 -20 20 -22 -23 -24 -25 26 -27 -28 28 -30 -31
leaf_value=0.031829774440743107 0.05746192850251889 0.055968862064557437 -0.005600414156979947 -0.0043015922143792712 -0.022691974661086717 -0.043986818194346626 -0.061552577784154329 -0.051967954818824484 -0.014161134808632181 0.01021527747719617 -0.055232245515134351 -0.043536132935289712 -0.044214209573923982 0.023911676138340641 -0.057101033138522744 0.0069216038493537307 -0.003844586642130584 -0.0516267437000986 -0.019801350391577432 0.027658568592248925 0.025306014022127822 -0.05093833382697454 0.011400293842198622 0.027151694381613568 -0.072466974033657622 -0.017911045017393434 0.016235166770912482 -0.048501541213742283 0.0053472031152978911 -0.050539807387453367
leaf_weight=15918.66581984493 1265.3005913750967 21368.344402791932 69980.13187734157 14958.559760356031 3771.2378151852172 854.00099978712387 6191.0044340616441 7394.7616930716031 96998.379148294538 4187.0398606506642 3400.7875321694009 3882.4554982674308 5575.9311242203694 18717.042543778894 1894.620051335427 48711.312350074179 24887.617774327518 818.3983942780178 1889.6722501291661 784.08315309882164 1666.6188137549907 2881.3916324488819 192530.42071551265 4138.2376128784381 405.36609766818583 11589.984081998526 1298.151725857635 6893.1854700327385 3606.0723216506885 13629.18509503192
leaf_count=25815 2305 45240 414776 73595 69016 15491 213712 250514 908322 13875 119137 116659 137120 36242 62329 135011 99425 6446 9013 1223 2800 7974 369933 7115 2592 124589 11839 137443 34224 282776
internal_value=0 0.0126896 -0.0115919 -0.0154045 -0.0188802 0.00459143 -0.0245579 -0.0229206 -0.0198434 0.00915058 -0.00783897 -0.0123876 -0.0177725 0.0209373 -0.0164261 0.0082002 0.0104099 0.0229105 0.0263504 0.00938218 -0.0155459 -0.0341228 0.0099826 0.000574597 -0.0385404 -0.0104462 -0.00485588 -0.015709 -0.0300068 -0.0445219
internal_weight=592088 282660 309427 259451 221039 38412.1 145954 139763 122363 261292 75084.4 18841 114968 19571 109392 49976.6 245515 18626.7 17808.3 226888 5332.09 3665.47 221556 29025.9 5104.31 15777 1703.52 107498 10499.3 17400.4
internal_count=3736551 713448 3023103 2885787 2643800 241987 2095456 1881744 1529952 668208 548344 190254 1279438 51733 1142318 137316 529744 41274 34828 488470 11997 9197 476473 106540 133568 138464 14431 1079989 171667 351792
cat_boundaries=0 39 73 113 153 164 165 189 224 261 271
cat_threshold=0 0 4 0 20480 0 0 0 0 131072 0 0 0 0 0 0 0 0 0 0 0 0 0 224 0 0 0 0 0 0 0 0 0 41943040 4194816 0 0 0 2147483648 0 0 4096 0 0 8388608 0 0 0 0 0 0 0 0 0 0 0 0 0 0 0 0 0 0 0 0 0 0 0 0 0 0 0 65536 0 0 0 0 0 0 0 0 0 0 0 0 0 0 0 0 0 0 0 0 0 0 0 0 0 0 0 0 0 0 0 0 0 1073741824 0 67109376 1 8193 0 65536 8192 0 0 0 0 0 0 0 0 0 8388608 0 0 0 0 0 0 0 0 0 0 0 0 0 0 0 0 0 0 0 0 0 0 0 0 0 16 0 0 262144 0 0 0 0 20480 0 0 0 0 131072 8388608 8192 0 0 0 0 4096 0 0 0 0 0 0 0 0 0 0 0 0 0 0 0 0 0 0 64 0 0 0 0 4096 0 0 0 0 0 0 0 0 0 0 0 0 0 0 0 0 0 0 0 0 0 0 0 0 0 0 0 0 33554432 512 0 0 0 0 0 0 0 0 0 0 0 0 0 0 0 0 0 0 0 0 0 0 0 0 0 0 0 0 0 0 0 0 0 1073741824 0 0 1 0 0 0 0 4096 0 0 0 0 131072
is_linear=0
shrinkage=0.05


Tree=15
num_leaves=31
num_cat=9
split_feature=178 187 179 188 178 213 246 214 253 191 185 178 191 248 178 178 191 178 187 197 194 250 216 179 187 191 194 184 272 188
split_gain=32830.7 15733.2 8382.34 6582.66 4972.58 4046.31 3015.34 2875.22 2762.74 1942.05 1697.88 1541.52 1416.16 1386.67 1356.53 1351.38 1203.55 1995.97 1180.73 1172.33 1234.14 1022.41 1467.7 975.485 913.442 904.722 869.664 846.379 2655.41 1015.29
threshold=0 1.0000000180025095e-35 1 1.0000000180025095e-35 2 1.0000000180025095e-35 1.0000000180025095e-35 3 1.0000000180025095e-35 13.500000000000002 1.0000000180025095e-35 4 5.5000000000000009 1.0000000180025095e-35 5 6 12.500000000000002 7 1.0000000180025095e-35 1.0000000180025095e-35 1.0000000180025095e-35 1.0000000180025095e-35 1.0000000180025095e-35 8 1.0000000180025095e-35 17.500000000000004 1.0000000180025095e-35 175.00000000000003 1.0000000180025095e-35 1.0000000180025095e-35
decision_type=9 2 9 2 9 2 2 1 2 2 2 9 2 2 9 9 2 9 2 2 2 2 2 9 2 2 2 2 2 2
left_child=1 8 19 4 12 10 7 16 27 13 -5 -8 15 21 -7 -4 -6 -18 -17 -2 -21 22 26 -11 -14 -10 -9 29 -29 -1
right_child=2 -3 3 5 6 14 11 9 25 23 -12 -13 24 -15 -16 18 17 -19 -20 20 -22 -23 -24 -25 -26 -27 -28 28 -30 -31
leaf_value=0.0088390399687067744 0.056165808296701807 0.05483806312135691 0.01456882285618045 -0.0048812041035357912 -0.0032247567391262538 -0.042710331555386588 -0.0035011552951312377 -0.025031564871102224 -0.0068871552969676205 0.038218004602770528 -0.042559006626790186 -0.058561359789646321 -0.040279770326477511 -0.05759718410279964 0.022956953960211308 -0.042556652417904045 -0.03030877278597793 -0.00098020975024207973 0.00016834676137642628 -0.011968653052505369 0.010061512459366019 0.008787905333715481 -0.049797659509561699 -0.0088938536358360836 -0.023005096217763948 -0.04405714208770789 -0.0067438867226086528 0.048414008499277537 -0.018016022609748189 0.020217945269098734
leaf_weight=213026.30110053427 1218.4300867049024 20265.688582868781 2785.0624625973287 14883.61736939149 64960.062496105209 812.79940866632387 1665.3938932184246 34210.040571365389 13732.01638564223 1169.8210108275525 3741.4267170694366 5508.5273078907048 31250.353697382379 3078.7624481088715 18554.220849679783 4349.7427843471523 12288.89857574206 10993.254377029429 2573.3964618360042 7583.9852368803695 39283.797972221742 2404.0101417825208 5163.1018294730166 15945.644623327215 10139.428208918776 1858.3208019030862 8027.6271619296749 4789.4304903489538 2192.6413146188133 21590.924528412172
leaf_count=463186 2305 45240 12355 73595 304213 15491 14431 317875 94240 4421 116659 207009 766179 83212 36242 67152 167628 84507 14547 34555 100456 15402 95419 274199 123829 44224 91422 9070 10138 47350
internal_value=0 0.0124223 -0.0113904 -0.0150078 -0.0183768 0.00418782 -0.0141623 -0.0127256 0.00908043 -0.0202924 -0.0124512 -0.0458677 -0.0320107 -0.0250332 0.0201895 -0.014828 -0.00671999 -0.0164745 -0.0266373 0.00775408 0.00649647 -0.0230195 -0.0246329 -0.00565537 -0.0360484 -0.0113193 -0.0215561 0.0103969 0.0275519 0.00988626
internal_weight=580047 277455 302591 254505 216513 37992.1 165415 158241 257190 69999 18625 7173.92 51098 52883.5 19367 9708.2 88242.2 23282.2 6923.14 48086.2 46867.8 49804.8 47400.8 17115.5 41389.8 15590.3 42237.7 241599 6982.07 234617
internal_count=3736551 713448 3023103 2885787 2643800 241987 1659738 1438298 668208 881950 190254 221440 984062 603330 51733 94054 556348 252135 81699 137316 135011 520118 504716 278620 890008 138464 409297 529744 19208 510536
cat_boundaries=0 39 73 113 114 154 155 194 233 267
cat_threshold=0 0 4 0 20480 0 0 0 0 131072 0 0 0 0 0 0 0 0 0 0 0 0 0 224 0 0 0 0 0 0 0 0 0 41943040 4194816 0 0 0 2147483648 0 0 4096 0 0 8388608 0 0 0 0 0 0 0 0 0 0 0 0 0 0 0 0 0 0 0 0 0 0 0 0 0 0 0 65536 532480 0 0 0 0 0 0 0 0 0 8388608 0 0 0 0 0 0 0 0 0 0 0 0 0 0 0 0 0 0 0 0 0 0 0 0 0 16 0 512 262144 3073 0 0 0 0 0 0 0 0 0 0 0 0 0 0 0 0 0 0 0 0 0 0 0 0 0 0 0 0 0 0 0 0 0 0 0 67109376 0 1 0 65536 8192 0 0 0 0 0 0 0 0 0 0 0 0 0 0 0 0 0 0 0 0 0 0 0 0 0 0 0 0 0 0 0 0 0 0 0 0 0 0 512 0 0 0 0 0 0 0 0 0 0 0 0 0 0 0 0 0 0 0 0 0 0 0 0 0 0 0 0 0 0 0 0 0 1073741824 0 0 1 0 32768 0 0 0 0 0 0 0 0 0 0 0 0 0 0 0 0 0 0 0 0 0 0 0 0 0 0 0 0 0 0 0 0 0 32768
is_linear=0
shrinkage=0.05


Tree=16
num_leaves=31
num_cat=10
split_feature=178 187 179 188 178 246 213 214 253 209 178 234 191 178 178 194 178 229 187 197 214 250 194 248 247 194 194 179 191 184
split_gain=29955.8 14549 7274.89 5803.17 4492 4433.47 3837.92 3427.76 2531.93 1645.68 1611.78 1501.59 1454.75 2482.35 1866.63 1561.02 1207.47 1179.66 1149.4 1104.06 1056.28 1747.04 1760.75 1432.1 1540.64 977.378 896.967 1091.17 881.672 855.965
threshold=0 1.0000000180025095e-35 1 1.0000000180025095e-35 2 1.0000000180025095e-35 1.0000000180025095e-35 3 1.0000000180025095e-35 1.0000000180025095e-35 4 1.0000000180025095e-35 9.5000000000000018 5 6 1.0000000180025095e-35 7 7.5000000000000009 1.0000000180025095e-35 1.0000000180025095e-35 8 1.0000000180025095e-35 1.0000000180025095e-35 1.0000000180025095e-35 1.0000000180025095e-35 1.0000000180025095e-35 1.0000000180025095e-35 9 6.5000000000000009 75.000000000000014
decision_type=9 2 9 2 9 2 2 1 2 2 9 2 2 9 9 2 9 2 2 2 1 2 2 2 2 2 2 9 2 2
left_child=1 8 19 4 -4 7 11 12 -1 18 -7 -5 14 15 -6 -14 -8 -16 20 -2 23 29 -23 24 -9 -21 27 -15 -10 -22
right_child=2 -3 3 6 5 10 16 9 28 -11 -12 -13 13 26 17 -17 -18 -19 -20 25 21 22 -24 -25 -26 -27 -28 -29 -30 -31
leaf_value=0.010000807644902835 0.054796685663084869 0.053832193197560663 -0.042188722739444774 -0.005617308623309723 0.0025058036504791567 -0.004921833392647533 -0.04116827920549096 -0.018833160966408712 0.0089225257632715056 -0.054758912788692153 -0.059316503615264894 -0.041540133885546948 -0.012196082351302309 0.019033566964631043 -0.027261971350002585 -0.0423565797651516 0.021831470276332747 0.0024760936960237174 -0.0079268342181366726 -0.011072144338349981 -0.048067799023351496 0.022701771183233646 -0.05374133088061598 -0.042390298561951853 0.010699911304109161 0.0087926945032533992 0.0024673338337294626 -0.023385441490892306 -0.018076182233208792 -0.027017858048431893
leaf_weight=240139.2384337468 1171.334020056529 19232.430455561262 17158.588930142723 14809.523764390149 44290.496034574811 1678.8816977243405 784.76309066440444 28469.964162836244 4123.195421106182 3559.4688377323328 7492.8375714826689 3619.868106696842 7555.1591854071594 1818.7842036229558 10420.598250287483 9930.1032958754804 18457.671247943887 4903.6437467003707 15741.508579876972 7352.2754589624237 9682.5678873641591 2563.3053087526932 1066.2049104693288 5223.0102442888892 5226.0477393225301 39218.728034475818 15920.473742095841 8943.052040102426 11336.063823999022 9643.9164070416591
leaf_count=529744 2305 45240 385565 73595 169964 14431 15491 289476 13875 143248 299076 116659 89761 7547 64432 170179 36242 21247 126098 34555 231740 11203 23021 137120 28194 100456 115878 76060 124589 239560
internal_value=0 0.0118935 -0.0110168 -0.0144453 -0.0176693 -0.015499 0.00363263 -0.013817 0.00873815 -0.0215131 -0.049431 -0.0126744 -0.00779438 -0.0146726 -0.00269959 -0.0293089 0.0192508 -0.0177343 -0.0199908 0.00686125 -0.0230598 -0.031574 0.000240159 -0.0180247 -0.0142525 0.00565639 -0.00506775 -0.0162195 -0.0108749 -0.0375651
internal_weight=571534 274831 296703 248960 211289 194130 37671.8 184958 255598 81176 9171.72 18429.4 103782 44167.6 59614.7 17485.3 19242.4 15324.2 77616.5 47742.3 61875 22956 3629.51 38919 33696 46571 26682.3 10761.8 15459.3 19326.5
internal_count=3736551 713448 3023103 2885787 2643800 2258235 241987 1944728 668208 1229660 313507 190254 715068 459425 255643 259940 51733 85679 1086412 137316 960314 505524 34224 454790 317670 135011 199485 83607 138464 471300
cat_boundaries=0 39 73 113 114 154 193 232 233 234 268
cat_threshold=0 0 4 0 20480 0 0 0 0 131072 0 0 0 0 0 0 0 0 0 0 0 0 0 224 0 0 0 0 0 0 0 0 0 41943040 4194816 0 0 0 2147483648 0 0 4096 0 0 8388608 0 0 0 0 0 0 0 0 0 0 0 0 0 0 0 0 0 0 0 0 0 0 0 0 0 0 0 65536 8192 0 0 0 0 0 0 0 0 0 8388608 0 0 0 0 0 0 0 0 0 0 0 0 0 0 0 0 0 0 0 0 0 0 0 0 0 16 0 0 262144 3075 0 0 0 0 0 0 0 0 0 0 0 0 0 0 0 0 0 0 0 0 0 0 0 0 0 0 0 0 0 0 0 0 0 0 0 67109376 0 1 0 65536 0 0 0 0 0 0 0 0 0 0 0 0 0 0 0 0 0 0 0 0 0 0 0 0 0 0 0 0 0 0 0 0 0 0 0 0 1 0 33280 0 0 0 0 0 0 0 0 0 0 0 0 0 0 0 0 0 0 0 0 0 0 0 0 0 0 0 0 0 0 0 0 0 1073741824 0 0 1 1 33280 8192 24 0 0 0 0 0 0 0 0 0 0 0 0 0 0 0 0 0 0 0 0 0 0 0 0 0 0 0 0 0 0 0 0 0 32768
is_linear=0
shrinkage=0.05


Tree=17
num_leaves=31
num_cat=11
split_feature=178 187 198 188 178 213 272 178 214 253 187 182 185 178 182 177 250 194 248 247 182 245 191 178 194 185 182 191 191 191
split_gain=27097.9 13366.5 6217.57 4893.11 4567.92 3517.62 3261.28 5089.74 3115.03 2275.77 1711.17 1589.83 1391.93 1138.28 1120.88 1085.43 1907.05 1412.54 1197.12 1260.41 991.31 1878.85 1480.65 969.667 1462.75 932.995 3522.31 1456.36 858.652 821.539
threshold=0 1.0000000180025095e-35 1.0000000180025095e-35 1.0000000180025095e-35 1 1.0000000180025095e-35 1.0000000180025095e-35 2 3 1.0000000180025095e-35 1.0000000180025095e-35 4 1.0000000180025095e-35 5 6 7 1.0000000180025095e-35 1.0000000180025095e-35 1.0000000180025095e-35 1.0000000180025095e-35 8 1.0000000180025095e-35 19.500000000000004 9 1.0000000180025095e-35 1.0000000180025095e-35 10 5.5000000000000009 17.500000000000004 17.500000000000004
decision_type=9 2 2 2 9 2 2 9 1 2 2 9 2 9 9 1 2 2 2 2 9 2 2 9 2 2 9 2 2 2
left_child=1 9 3 4 10 12 8 -8 -6 20 -2 -12 -5 -7 -10 18 -17 -18 19 -16 21 22 -1 24 -22 -25 -27 -28 -20 -11
right_child=2 -3 -4 5 6 13 7 -9 14 29 11 -13 -14 -15 15 16 17 -19 28 -21 23 -23 -24 25 -26 26 27 -29 -30 -31
leaf_value=0.029539918794315768 -0.040635351667736873 0.052861509981541946 0.0082675667974478218 -0.0054614269306136835 -0.0055812550081914781 -0.040757353873725012 -0.050484392346957445 0.00739886098240531 -0.0011273709853887957 -0.0060098947393283217 0.00069267878155933533 -0.035353642553816976 -0.040551737372936811 0.020992138692613502 -0.018425129702181627 -0.043164361734933349 0.01748784762529312 -0.052115206575742395 -0.053638941769569376 0.0086029002902451631 0.010654229208951489 -0.052746298101995819 -0.018537461583117951 0.010069005335859514 -0.037059107548075419 0.042126498272331614 -0.06325814943265215 -0.010431328483983787 -0.0081103858648840562 -0.042314459360359921
leaf_weight=15417.697575123166 22941.64802573144 18240.037859576987 38718.385643414455 14616.063895658473 106472.0385810244 769.36967117513996 12628.958898373487 5432.0394999362907 7116.3950960907969 13457.197767167061 6076.4339455141453 6157.5379697359167 3503.202444757655 18354.728802324389 27825.916083306729 11861.511169291305 2631.6178310057148 1007.6002561647911 3569.1556525655906 5104.1662602621363 3677.1977590491297 823.38660706707742 1786.5910075868014 200840.54682340031 2851.4182581240311 2527.7357016014867 1985.2066521449015 3805.6280068148044 1459.4779704713728 1761.9951283806004
leaf_count=25815 622556 45240 100456 73595 661189 15491 398710 40740 80350 94240 41396 96980 116659 36242 289476 284929 11203 23021 107865 28194 13648 6446 9013 402928 17571 3171 5380 10568 29255 44224
internal_value=0 0.0115463 -0.0104132 -0.0132223 -0.0160561 0.00353928 -0.012915 -0.0330992 -0.0107333 0.00851934 -0.0325727 -0.0174786 -0.012247 0.0184963 -0.0197846 -0.0222674 -0.0334289 -0.00178648 -0.0177014 -0.0142356 0.00973931 0.0210031 0.0245466 0.00879641 -0.0101698 0.00938892 -0.00701859 -0.0284969 -0.0404281 -0.0102146
internal_weight=563421 267175 296246 257528 220284 37243.4 185109 18061 167048 248935 35175.6 12234 18119.3 19124.1 60575.8 53459.4 15500.7 3639.22 37958.7 32930.1 233715 18027.7 17204.3 215688 6528.62 209159 8318.57 5790.83 5028.63 15219.2
internal_count=3736551 678244 3058307 2957851 2715864 241987 1954932 439450 1515482 633004 760932 138376 190254 51733 854293 773943 319153 34224 454790 317670 494540 41274 34828 453266 31219 422047 19119 15948 137120 138464
cat_boundaries=0 40 80 119 120 144 145 169 170 194 199 209
cat_threshold=0 0 4 0 20480 0 0 0 0 131072 0 0 0 0 0 0 0 0 0 0 0 0 0 224 0 0 0 0 0 0 0 0 0 41943040 4194304 67108864 0 0 2147483648 65536 532480 0 0 0 0 0 0 0 0 0 8388608 0 0 0 0 0 0 0 0 0 0 0 0 0 0 0 0 0 0 0 0 0 0 0 0 0 16 0 0 262144 0 0 0 0 0 0 0 0 0 0 0 0 0 0 0 0 0 0 0 0 0 0 0 0 0 0 0 0 0 0 0 0 0 1073741824 0 0 1 0 33280 3075 0 0 0 0 4096 0 0 0 0 0 0 0 0 0 0 0 0 0 0 0 0 0 0 160 8192 0 0 0 0 0 0 0 0 0 0 0 0 0 0 0 0 0 0 0 0 0 0 0 192 16512 0 0 0 0 4096 0 0 0 0 0 0 0 0 0 0 0 0 0 0 0 0 0 0 64 0 0 0 0 4096 0 0 0 0 0 0 0 0 0 131072
is_linear=0
shrinkage=0.05


Tree=18
num_leaves=31
num_cat=10
split_feature=178 187 179 235 185 178 178 272 213 253 178 248 182 178 197 272 178 182 245 192 216 250 194 178 181 192 194 183 192 192
split_gain=25402 12201.6 5922.25 3990.55 6019.54 3562.68 3292.81 3082.08 2356.59 2047.27 1753.72 1137.13 1115.61 2895.57 1046.88 1001.55 2441.39 950.358 1813.54 1247.27 898.165 1550.82 1040.91 891.142 872.716 817.178 805.672 788.874 785.983 768.478
threshold=0 1.0000000180025095e-35 1 1.0000000180025095e-35 1.0000000180025095e-35 2 3 1.0000000180025095e-35 1.0000000180025095e-35 1.0000000180025095e-35 4 1.0000000180025095e-35 5 6 1.0000000180025095e-35 1.0000000180025095e-35 7 8 1.0000000180025095e-35 350.00000000000006 1.0000000180025095e-35 1.0000000180025095e-35 1.0000000180025095e-35 9 4.5000000000000009 130.00000000000003 1.0000000180025095e-35 95.000000000000014 130.00000000000003 50.000000000000007
decision_type=9 2 9 2 2 9 9 2 2 2 9 2 9 9 2 2 9 9 2 2 2 2 2 9 2 2 2 2 2 2
left_child=1 9 14 5 6 15 -5 8 10 17 -7 12 13 24 -2 -4 -17 18 19 27 -14 -22 25 -8 -12 -23 -16 -1 -11 -18
right_child=2 -3 3 4 -6 7 23 -9 -10 28 11 -13 20 -15 26 16 29 -19 -20 -21 21 22 -24 -25 -26 -27 -28 -29 -30 -31
leaf_value=0.022037815145083 0.054080341257863242 0.051881953747651144 -0.0045496269721578024 -0.056239907234690689 -0.05202066663025734 -0.041865354743904119 0.0091888474550439591 -0.050810224501928708 -0.05321469998449916 0.0092193807928150472 0.039237875748902584 -0.039737163039604395 -0.0120079423970388 -0.053936368847844668 -0.010310205862541579 -0.042023533404268634 -0.061225864387706143 0.0086607981491912244 -0.052641219898045759 -0.0072141228433431973 -0.044207058116642314 -0.02846298136195349 -0.049127508253427307 0.028700389967516698 -0.014562884568715465 0.030539673015246557 0.0079739296848097083 0.047287032576982829 -0.016486785750197755 0.010148405801184174
leaf_weight=9731.3644857526524 1116.1715645190561 17291.605813383358 65083.709026156226 1596.2687249585288 4128.6760131224873 6850.1854998531053 13418.072269615484 7850.5691544629226 4728.6795084713958 4087.7159518557601 1213.826059699757 4785.1321900594048 96808.848946008104 5529.0028386789199 7160.875340288505 6123.0397478169325 408.77004589606076 212248.88903482468 803.67329665308353 2661.3363483294379 5810.7625245626259 843.9461821585428 908.59379510913277 10416.173349875608 1986.7990538959857 1922.9551362174097 37959.989379861159 4537.1440687775612 10904.755469621334 4800.3251674375497
leaf_count=14688 2305 45240 378813 38247 150066 145057 48926 285898 158031 13875 3498 137120 977668 153891 34555 166175 2843 452638 6446 11146 137443 3785 23021 31115 36259 7418 100456 8994 124589 36345
internal_value=0 0.0112892 -0.0101588 -0.0132537 0.00397402 -0.0156157 0.0130659 -0.0203764 -0.0185593 0.00842427 -0.0172653 -0.0158537 -0.0148613 -0.0320446 0.00625437 -0.00693745 -0.0206563 0.00959133 0.0207112 0.0242073 -0.0134456 -0.0281296 -0.00270819 0.017725 0.00582405 0.0125393 0.00507197 0.0300684 -0.00947756 0.0045325
internal_weight=553718 262266 291451 245214 29559.2 215655 25430.5 139239 131389 244975 126660 119810 115025 8729.63 46237 76415.8 11332.1 229982 17733.5 16929.8 106295 9486.26 3675.5 23834.2 3200.63 2766.9 45120.9 14268.5 14992.5 5209.1
internal_count=3736551 677616 3058935 2921619 268354 2653265 118288 2069089 1783191 632376 1625160 1480103 1342983 193648 137316 584176 205363 493912 41274 34828 1149335 171667 34224 80041 39757 11203 135011 23682 138464 39188
cat_boundaries=0 39 73 113 114 154 165 166 203 227 228
cat_threshold=0 0 4 0 20480 0 0 0 0 131072 0 0 0 0 0 0 0 0 0 0 0 0 0 224 0 0 0 0 0 0 0 0 0 41943040 4194304 0 0 0 2147483648 0 0 4096 0 0 8388608 0 0 0 0 0 0 0 0 0 0 0 0 0 0 0 0 0 0 0 0 0 0 0 0 0 0 0 65536 0 0 0 0 0 0 0 0 0 0 0 0 0 0 0 0 0 0 0 0 0 0 0 0 0 0 0 0 0 0 0 0 0 1073741824 512 67109376 1 8193 0 65536 8192 0 0 0 0 0 0 0 0 0 0 8388608 0 0 0 0 0 0 0 0 0 0 0 0 0 0 0 0 0 0 0 0 0 0 0 0 0 16 0 0 262144 0 0 0 0 16384 0 0 0 0 131072 8388608 8192 0 0 0 0 0 0 0 0 0 0 0 0 0 0 0 0 0 0 0 0 0 0 0 0 0 0 0 0 0 0 0 0 0 1073741824 0 0 1 0 0 0 0 4096 0 0 0 0 0 0 0 0 0 0 0 0 0 0 0 0 0 0 64 524288
is_linear=0
shrinkage=0.05


Tree=19
num_leaves=31
num_cat=9
split_feature=178 187 179 188 178 246 213 178 182 253 246 185 197 178 248 247 178 185 232 216 250 182 245 192 180 192 178 192 185 239
split_gain=22962 11329.8 5294.64 4767.74 3808.84 3255.76 3056.91 2094.56 2086.87 1841.83 1597.66 1204.71 982.504 969.078 955.84 1063.44 939.64 897.999 857.219 923.425 1025.53 855.279 2125 1179.85 806.03 800.786 1511.11 772.735 765.663 737.568
threshold=0 1.0000000180025095e-35 1 1.0000000180025095e-35 2 1.0000000180025095e-35 1.0000000180025095e-35 3 4 1.0000000180025095e-35 1.0000000180025095e-35 1.0000000180025095e-35 1.0000000180025095e-35 5 1.0000000180025095e-35 1.0000000180025095e-35 6 1.0000000180025095e-35 135.00000000000003 1.0000000180025095e-35 1.0000000180025095e-35 7 1.0000000180025095e-35 350.00000000000006 3.0000000000000004 250.00000000000003 8 350.00000000000006 1.0000000180025095e-35 1.0000000180025095e-35
decision_type=9 2 9 2 9 2 2 9 9 2 2 2 2 9 2 2 9 2 2 2 2 9 2 2 2 2 9 2 2 2
left_child=1 9 12 4 5 25 11 -6 28 21 14 -5 -2 -7 15 17 -8 18 19 -10 -21 22 23 24 -1 -4 -27 -11 -9 -23
right_child=2 -3 3 6 7 13 16 8 10 27 -12 -13 -14 -15 -16 -17 -18 -19 -20 20 -22 29 -24 -25 -26 26 -28 -29 -30 -31
leaf_value=0.021351279072228044 0.053076981317800323 0.050979272646353858 -0.0025844285857594281 -0.0046459205509395054 -0.039064401927974904 0.018066012294591916 -0.038097672358410162 -0.052482919093459958 -0.014024652126050398 -0.0049820886669279963 -0.061825071078487615 -0.038450080987493501 0.0046584595552824652 -0.046662058679728467 -0.038418822893155284 0.0074477891282408032 0.020548242277510811 -0.053335131658098195 0.072551684527482868 -0.044650883755143436 -0.0099463348976999485 0.0086241717053358088 -0.054657765975167208 -0.0069659353002593351 0.047061487670624812 -0.026721087525735644 -0.00046652934277710968 -0.041081151568650304 0.014466813798008755 -0.01656657775765389
leaf_weight=9432.1844244603999 1072.3253746100236 16402.456727693556 63138.084796023672 14266.563679335173 15300.795593794872 634.88767483213451 702.01378408737946 5673.3992811692005 68670.522980053807 13084.109744608868 1965.8476699824678 3232.5367395144713 44856.407033851952 6392.4725865205983 4614.1344546815526 4945.2977020358085 17694.244240488159 1616.0330654693535 273.8013809050899 5453.4553296051454 3492.7177600495343 208479.21608100322 907.86542307061609 2609.3814394805813 4506.0227574035525 11020.181295954593 10904.776717534813 1671.4916722888593 461.47956987359794 2946.2542151081725
leaf_count=14242 2305 45240 311133 73595 385565 4842 15491 238346 754896 94240 92067 116659 135011 224862 137120 28194 36242 62329 1003 136731 33933 438579 6446 11146 9440 167628 88815 44224 12168 14059
internal_value=0 0.0107561 -0.00976676 -0.0127381 -0.0156879 -0.00814484 0.00406863 -0.0218615 -0.0191486 0.00804849 -0.0172416 -0.0108916 0.00578833 -0.0408533 -0.0162591 -0.015048 0.0182995 -0.0164474 -0.0156817 -0.0159934 -0.0311036 0.00915232 0.0197899 0.0238882 0.0296648 -0.00544336 -0.0136758 -0.00907293 -0.047368 0.00827268
internal_weight=546421 260039 286382 240453 204558 92090.4 35895.4 112467 97166.7 243637 91031.8 17499.1 45928.7 7027.36 89066 84451.8 18396.3 79506.5 77890.5 77616.7 8946.17 228881 17455.5 16547.6 13938.2 85063 21925 14755.6 6134.88 211425
internal_count=3736551 677616 3058935 2921619 2679632 797280 241987 1882352 1496787 632376 1246273 190254 137316 229704 1154206 1017086 51733 988892 926563 925560 170664 493912 41274 34828 23682 567576 256443 138464 250514 452638
cat_boundaries=0 39 73 113 153 164 200 201 225 264
cat_threshold=0 0 4 0 20480 0 0 0 0 131072 0 0 0 0 0 0 0 0 0 0 0 0 0 224 0 0 0 0 0 0 0 0 0 41943040 4194304 0 0 0 2147483648 0 0 4096 0 0 8388608 0 0 0 0 0 0 0 0 0 0 0 0 0 0 0 0 0 0 0 0 0 0 0 0 0 0 0 65536 0 0 0 0 0 0 0 0 0 0 0 0 0 0 0 0 0 0 0 0 0 0 0 0 0 0 0 0 0 0 0 0 0 1073741824 512 67109376 1 8193 32768 65536 8192 0 0 0 0 0 0 0 0 0 8388608 0 0 0 0 0 0 0 0 0 0 0 0 0 0 0 0 0 0 0 0 0 0 0 0 0 16 0 0 262144 0 0 0 0 20480 0 0 0 0 131072 8388608 0 0 0 0 0 0 0 0 0 0 0 0 0 0 0 0 0 0 0 0 0 0 0 0 0 0 0 0 0 0 0 0 0 0 0 512 8192 0 0 0 0 4096 0 0 0 0 0 0 0 0 0 0 0 0 0 0 0 0 0 0 64 0 0 0 0 0 0 0 0 0 0 0 0 0 0 0 0 0 0 0 0 0 0 0 0 0 0 0 0 0 0 0 0 0 1073741824 0 0 1 0 32768
is_linear=0
shrinkage=0.05


Tree=20
num_leaves=31
num_cat=8
split_feature=178 187 198 188 178 213 272 178 214 253 209 185 232 187 206 178 191 178 229 222 194 194 178 191 194 191 191 178 191 191
split_gain=20761.5 10627.5 5235.18 4451.12 3368.17 2966.37 2546.15 3680.19 3256.78 1728.89 1164.41 1113.41 988.726 1032.51 879.85 839.007 773.265 769.459 890.17 957.021 1483.94 1137.59 972.109 924.966 894.267 811.779 752.648 860.38 869.935 756.883
threshold=0 1.0000000180025095e-35 1.0000000180025095e-35 1.0000000180025095e-35 1 1.0000000180025095e-35 1.0000000180025095e-35 2 3 1.0000000180025095e-35 1.0000000180025095e-35 1.0000000180025095e-35 135.00000000000003 1.0000000180025095e-35 1.0000000180025095e-35 4 2.5000000000000004 5 8.5000000000000018 1.0000000180025095e-35 1.0000000180025095e-35 1.0000000180025095e-35 6 11.500000000000002 1.0000000180025095e-35 6.5000000000000009 20.500000000000004 7 15.500000000000002 4.5000000000000009
decision_type=9 2 2 2 9 2 2 9 1 2 2 2 2 2 2 9 2 9 2 2 2 2 9 2 2 2 2 9 2 2
left_child=1 9 3 4 -2 11 8 -8 10 -1 12 -5 13 14 -6 -7 -9 25 19 20 26 -21 23 -22 -20 -10 27 29 -29 -19
right_child=2 -3 -4 5 6 15 7 16 17 -11 -12 -13 -14 -15 -16 -17 -18 18 24 21 22 -23 -24 -25 -26 -27 -28 28 -30 -31
leaf_value=0.008577278273092917 -0.038148172130760945 0.050123637991915083 0.0079489668863607001 -0.0047995048173146227 -0.020293679346253424 0.030757402603243413 -0.047503508340860812 -0.062136557845269072 0.0195536305473012 -0.0091421062394250029 -0.050425403776595969 -0.037724025905201859 0.069193747058560559 -0.0069852835861332757 -0.048196107512594129 0.0089723245675913475 0.01740571320679923 0.019509088139350171 -0.013554969069656317 -0.040882784685375817 -0.0147452025195775 -0.0076032237402618207 0.0016516768164088294 -0.042922174667515189 0.022601036715762177 -0.0038681484517680792 0.032445091820165493 -0.015599379562839896 0.025186119402577381 -0.0021609595608072444
leaf_weight=232839.9029748473 14750.625482268457 15565.172882999643 36880.997442879423 14205.472962782485 53376.21884937647 7643.36927993875 11157.190458772064 335.69248573156074 5638.4029167119879 14630.471400588576 2932.1829403835 3134.0244871214672 321.09873399883509 14938.128578012402 2983.3578667817928 10530.870455009979 3350.0308207548223 4794.8955323222326 2739.0166073236614 4901.0720609540003 6358.7965331622981 5394.9150727349333 3741.9361539980164 5376.1133300239162 4550.8963685682975 10755.10760911199 1465.9423361248337 16925.934914804951 1416.3274179478176 25227.034436198795
leaf_count=529744 385565 45240 100456 73595 865012 13975 398710 2756 13803 138464 143248 116659 1003 126098 94299 37758 25123 12852 17091 45870 52024 39261 30232 100744 16697 71568 8842 90718 7250 131894
internal_value=0 0.0100499 -0.0095839 -0.0122905 -0.0151418 0.00404233 -0.0133404 -0.0332185 -0.0116438 0.00752967 -0.0195411 -0.0107516 -0.0182789 -0.0186734 -0.0217712 0.018157 0.0101248 -0.00571132 -0.00766884 -0.00927874 -0.00704487 -0.0234466 -0.0205686 -0.0276321 0.00901557 0.00418506 -0.00284424 -0.00391431 -0.0124424 0.0012997
internal_weight=538861 263036 275826 238945 203431 35513.7 188680 14842.9 173837 247470 74551 17339.5 71618.8 71297.7 56359.6 18174.2 3685.72 99286.4 82892.9 75603 65307 10296 15476.8 11734.9 7289.91 16393.5 49830.1 48364.2 18342.3 30021.9
internal_count=3736551 713448 3023103 2922647 2680660 241987 2295095 426589 1868506 668208 1229660 190254 1086412 1085409 959311 51733 27879 638846 553475 519687 434556 85131 183000 152768 33788 85371 251556 242714 97968 144746
cat_boundaries=0 39 79 118 119 120 160 199 238
cat_threshold=0 0 4 0 20480 0 0 0 0 131072 0 0 0 0 0 0 0 0 0 0 0 0 0 224 0 0 0 0 0 0 0 0 0 41943040 4194816 0 0 0 2147483648 8192 0 0 0 0 0 0 0 0 0 8388608 0 0 0 0 0 0 0 0 0 0 0 0 0 0 0 0 0 0 0 0 0 0 0 0 0 16 0 0 262144 0 0 0 0 0 0 0 0 0 0 0 0 0 0 0 0 0 0 0 0 0 0 0 0 0 0 0 0 0 0 0 0 0 1073741824 0 0 1 0 33280 568 32 0 0 0 0 0 0 0 0 0 0 0 0 0 0 0 0 0 0 0 0 0 0 0 0 0 0 0 0 0 0 0 0 0 1073741824 0 0 0 0 0 65536 0 0 0 0 0 0 0 0 0 0 0 0 0 0 0 0 0 0 0 0 0 0 0 0 0 0 0 0 0 0 0 0 0 0 0 0 1 0 33280 0 0 0 0 0 0 0 0 0 0 0 0 0 0 0 0 0 0 0 0 0 0 0 0 0 0 0 0 0 0 0 0 0 0 0 0 1 0 33280
is_linear=0
shrinkage=0.05


Tree=21
num_leaves=31
num_cat=9
split_feature=178 187 198 188 178 213 246 214 253 179 191 185 191 248 247 178 178 178 206 191 272 184 178 194 191 178 194 232 191 229
split_gain=18749.1 9794.69 4523.78 3847.29 3338.89 2880.11 2220.51 2088.23 1551.21 1312.35 1201.63 1002.34 987.143 974.37 967.451 956.828 931.124 911.101 867.01 812.124 788.443 2091.62 888.01 1127.19 863.78 736.869 920.928 728.196 712.211 691.879
threshold=0 1.0000000180025095e-35 1.0000000180025095e-35 1.0000000180025095e-35 1 1.0000000180025095e-35 1.0000000180025095e-35 2 1.0000000180025095e-35 3 5.5000000000000009 1.0000000180025095e-35 13.500000000000002 1.0000000180025095e-35 1.0000000180025095e-35 4 5 6 1.0000000180025095e-35 6.5000000000000009 1.0000000180025095e-35 175.00000000000003 7 1.0000000180025095e-35 17.500000000000004 8 1.0000000180025095e-35 135.00000000000003 11.500000000000002 8.5000000000000018
decision_type=9 2 2 2 9 2 2 1 2 9 2 2 2 2 2 9 9 9 2 2 2 2 9 2 2 9 2 2 2 2
left_child=1 8 3 4 10 11 7 12 20 -9 15 -5 13 14 27 -2 -7 -8 -17 -10 21 22 23 -1 -23 26 28 -6 -24 -11
right_child=2 -3 -4 5 6 16 17 9 19 29 -12 -13 -14 -15 -16 18 -18 -19 -20 -21 -22 24 25 -25 -26 -27 -28 -29 -30 -31
leaf_value=0.0078480845200940546 0.01452095400709226 0.049268070401298547 0.0073449073344784115 -0.0051843663115724321 -0.022395205060649213 -0.038591955602823053 -0.006206552373997894 0.051167495888726156 0.010500709266215809 -0.0070373184261992728 -0.030599673161457792 -0.03675302026725677 -0.0058681494316182312 -0.052295620476461462 0.0043972681425790399 -0.036512854553008456 0.020177965015291819 -0.04998829115760127 0.0030000778159791287 -0.01590664732157997 -0.0094297274590629063 0.054792800093625374 0.028467491444455196 -0.035929487680864597 -0.0033085932525825363 0.0077420017983782638 -0.016199675904489532 0.071685248760601825 0.0074918034692057437 0.0089091989357827379
leaf_weight=3451.3292419278296 2758.6392240488203 14773.968776230933 36641.87153484585 14210.113885971543 35743.587281240529 693.04445896402467 1583.469954888802 1009.7313312652986 4037.2410369045101 90604.432881294168 34761.961065050127 3054.7375508137338 14111.859476589831 2369.2030407247366 3888.8757654686342 3580.8245626091375 17131.931827154942 4928.5972326195624 2266.7077242798987 10436.388163593947 6073.1949485075311 3395.1596935000271 11844.130389815662 2560.9728631674661 787.90458131744526 190888.20146310207 1800.5983437100658 206.3714665787993 6148.848989090533 7353.4368827361614
leaf_count=13648 12355 45240 100456 73595 475145 15491 14431 2305 13875 612340 890008 116659 273148 83212 22295 64553 36242 215273 17146 124589 28980 7061 18652 17571 2009 378540 9605 493 17846 33788
internal_value=0 0.00974811 -0.00901936 -0.0115155 -0.0141321 0.00378369 -0.0108275 -0.00962852 0.00732997 -0.00525253 -0.0264524 -0.0107711 -0.017314 -0.0211446 -0.0192913 -0.0097299 0.0178813 -0.0394307 -0.0211603 -0.00854019 0.00834212 0.00883081 0.0081547 -0.0107819 0.0438488 0.00869525 0.0178791 -0.021854 0.0213 -0.00583957
internal_weight=533097 256198 276899 240258 205168 35089.8 161800 155287 241424 98967.6 43368.1 17264.9 56319.9 42208 39838.8 8606.17 17825 6512.07 5847.53 14473.6 226950 220877 216694 6012.3 4183.06 210682 19793.6 35950 17993 97957.9
internal_count=3736551 677616 3058935 2958479 2716492 241987 1732430 1502726 632376 648433 984062 190254 854293 581145 497933 94054 51733 229704 81699 138464 493912 464932 455862 31219 9070 424643 46103 475638 36498 646128
cat_boundaries=0 39 79 80 86 125 126 166 171 206
cat_threshold=0 0 4 0 20480 0 0 0 0 131072 0 0 0 0 0 0 0 0 0 0 0 0 0 224 0 0 0 0 0 0 0 0 0 41943040 4194304 0 0 0 2147483648 532480 0 0 0 0 0 0 0 0 0 8388608 0 0 0 0 0 0 0 0 0 0 0 0 0 0 0 0 0 0 0 0 0 0 0 0 0 16 0 512 262144 568 0 0 4096 0 0 8388608 0 0 0 0 0 0 0 0 0 0 0 0 0 0 0 0 0 0 0 0 0 0 0 0 0 0 0 0 0 0 0 0 0 0 0 0 0 0 512 8192 0 0 0 0 0 0 0 0 0 0 0 0 0 0 0 0 0 0 0 0 0 0 0 0 0 0 0 0 0 0 0 0 0 0 0 67109376 0 1 0 65536 0 0 0 0 4096 0 0 0 0 0 0 0 0 0 0 0 0 0 0 0 0 0 0 0 0 0 0 0 128 0 0 0 0 0 0 0 0 0 8388608 4194304
is_linear=0
shrinkage=0.05


Tree=22
num_leaves=31
num_cat=12
split_feature=178 187 198 188 246 178 234 182 179 253 187 177 182 178 232 269 178 182 182 245 231 182 248 247 178 228 183 229 222 194
split_gain=17682.6 9090.5 4185.69 3666.38 3029.34 3162.14 2061.87 2322.46 1434.55 1426.18 1334.05 1228.16 1154.46 975.498 869.929 830.245 1082.94 1583.56 815.821 1957 796.334 723.316 783.798 721.415 638.649 974.37 631.16 620.531 1305.51 1520.79
threshold=0 1.0000000180025095e-35 1.0000000180025095e-35 1.0000000180025095e-35 1.0000000180025095e-35 1 1.0000000180025095e-35 2 3 1.0000000180025095e-35 1.0000000180025095e-35 4 5 6 135.00000000000003 1.0000000180025095e-35 7 8 9 1.0000000180025095e-35 1.5000000000000002 10 1.0000000180025095e-35 1.0000000180025095e-35 11 1.5000000000000002 55.000000000000007 7.5000000000000009 1.0000000180025095e-35 1.0000000180025095e-35
decision_type=9 2 2 2 2 9 2 9 9 2 2 1 9 9 2 2 9 9 9 2 2 9 2 2 9 2 2 2 2 2
left_child=1 9 3 4 5 10 7 -5 -7 18 -2 20 -12 -6 21 16 -9 -18 19 -1 27 -13 23 26 25 -20 -23 28 29 -10
right_child=2 -3 -4 6 13 8 -8 15 11 -11 12 14 -14 -15 -16 -17 17 -19 24 -21 -22 22 -24 -25 -26 -27 -28 -29 -30 -31
leaf_value=0.022622959886732991 -0.035955206369139785 0.048449351419223519 0.0067875781773990623 0.015916708117400865 -0.0086972443579284818 0.050230196350200755 -0.035279844524436228 0.011275749742650833 -0.00033644714953482769 -0.0082177522737368128 0.0014918066188238618 -0.045587744488508997 -0.030757069380172655 -0.052797686317386586 0.063292800425233484 0.015374744198938637 -0.012687866769295376 -0.069450051404022869 -0.004200248828685603 -0.05440177965739499 -0.024617084976004396 -0.018310834672227504 -0.036249248454799196 0.0045129659452163746 0.0082224303585401847 0.02206676348890502 -0.0019385248344056878 0.006203996655920997 -0.026996205323309243 -0.015110785430135327
leaf_weight=15949.482836829266 18688.389744353248 14036.941382787307 36277.081074770598 22546.802534357528 1577.7020625900477 971.28325138497166 3120.285089740064 1842.5881822329247 51193.043473658938 14350.367550034251 5755.9403607390122 2087.884179056593 5353.3739687995112 6447.7519367529894 341.09758170449641 1899.0507247198839 3429.6898773421999 1918.1477183256648 22399.215659707377 869.10884521354456 6087.7041541111976 38896.20315636028 4252.1131878704473 4813.8656848220271 187107.88194034109 4190.639504420571 6937.2111781465646 9436.9027768520173 7662.7239677974139 26400.220214551446
leaf_count=34828 588783 45240 100456 59666 14431 2305 119336 14518 293503 138464 41396 91683 96980 332849 1003 10265 19430 18772 99425 6446 80192 440777 137120 28194 381930 7115 86827 46469 72450 325698
internal_value=0 0.00931841 -0.00900426 -0.0114776 -0.0141204 -0.0128419 0.00349393 0.00731885 -0.0100396 0.0070755 -0.0277889 -0.0104132 -0.0140749 -0.0442064 -0.0162569 -0.0140097 -0.0217911 -0.0331443 0.0080276 0.0186298 -0.00708765 -0.0167365 -0.0156276 -0.013899 0.0071919 -5.99426e-05 -0.0158329 -0.00596127 -0.00730792 -0.00536338
internal_weight=526841 258904 267937 231660 196903 188878 34756.6 31636.3 159080 244867 29797.7 158109 11109.3 8025.45 57328.4 9089.48 7190.43 5347.84 230516 16818.6 100781 56987.3 54899.4 50647.3 213698 26589.9 45833.4 94692.9 85256 77593.3
internal_count=3736551 713448 3023103 2922647 2680660 2333380 241987 122651 1606221 668208 727159 1603916 138376 347280 785604 62985 52720 38202 529744 41274 818312 784601 692918 555798 488470 106540 527604 738120 691651 619201
cat_boundaries=0 39 79 103 109 110 134 174 175 199 223 234 269
cat_threshold=0 0 4 0 20480 0 0 0 0 131072 0 0 0 0 0 0 0 0 0 0 0 0 0 224 0 0 0 0 0 0 0 0 0 41943040 4194816 0 0 0 2147483648 532480 0 0 0 0 0 0 0 0 0 8388608 0 0 0 0 0 0 0 0 0 0 0 0 0 0 0 0 0 0 0 0 0 0 0 0 0 16 0 0 262144 0 0 0 0 0 0 0 0 0 0 0 0 0 0 0 0 0 0 0 0 0 0 0 160 0 0 4096 0 0 8388608 1152 0 0 0 0 4096 0 0 0 0 0 0 0 0 0 0 0 0 0 0 0 0 0 0 160 0 0 0 0 0 0 0 0 0 0 0 0 0 0 0 0 0 0 0 0 0 0 0 0 0 0 0 0 0 0 0 0 0 0 0 67109376 0 1 0 65536 8192 0 0 4 0 4096 0 0 0 0 0 0 0 0 0 0 0 0 0 0 0 0 0 0 64 0 0 0 0 4096 0 0 0 0 0 0 0 0 0 0 0 0 0 0 0 0 0 0 64 0 0 0 0 20480 0 0 0 0 131072 8388608 0 0 0 0 4096 0 0 0 0 0 0 0 0 0 0 0 0 0 0 0 0 0 0 0 0 0 0 0 0 0 0 0 0 33554432 512
is_linear=0
shrinkage=0.05


Tree=23
num_leaves=31
num_cat=10
split_feature=178 184 198 188 246 178 213 214 194 253 179 178 191 191 178 185 248 182 191 178 178 194 194 229 191 188 184 178 191 186
split_gain=16588.5 5301.44 3944.5 3484.54 2708.4 2848.79 2551.65 1596.57 1318.38 1292.21 1181.14 1002.54 928.727 917.785 887.507 879.927 826.091 746.588 733.446 2322.38 1739.07 1248.93 830.08 728.487 654.246 636.773 1338.57 823.28 1790.15 1224.25
threshold=0 125.00000000000001 1.0000000180025095e-35 1.0000000180025095e-35 1.0000000180025095e-35 1 1.0000000180025095e-35 2 1.0000000180025095e-35 1.0000000180025095e-35 3 4 6.5000000000000009 13.500000000000002 5 1.0000000180025095e-35 1.0000000180025095e-35 6 10.500000000000002 7 8 1.0000000180025095e-35 1.0000000180025095e-35 5.5000000000000009 6.5000000000000009 1.0000000180025095e-35 60.000000000000007 9 19.500000000000004 1.0000000180025095e-35
decision_type=9 2 2 2 2 9 2 1 2 2 9 9 2 2 9 2 2 9 2 9 9 2 2 2 2 2 2 9 2 2
left_child=1 9 3 4 5 -2 15 10 -3 25 -7 -6 -11 16 -8 -5 17 -9 20 22 24 -22 -20 -23 -12 27 -27 28 29 -1
right_child=2 8 -4 6 11 7 14 13 -10 12 18 -13 -14 -15 -16 -17 -18 -19 19 -21 21 23 -24 -25 -26 26 -28 -29 -30 -31
leaf_value=0.015779163433356596 -0.026969346961683356 0.041525449093725381 0.0067690399633645523 -0.0052584880421900834 -0.0063271981308302139 0.049365853155389015 -0.039277261116267892 -0.053964838588683173 0.017678624720732745 0.012405900542692659 0.0074655542737955861 -0.051985631506945233 -0.015835881908768029 -0.0057640823547527942 0.019048889292691121 -0.035677415674357678 -0.050827277485982571 -0.017574837492060215 -0.014820821252919154 -0.0028944868356678118 -0.022117515251304259 -0.019456666534712782 -0.040315403376354891 0.021827888862705994 -0.0045533333103511984 -0.015891694862748901 0.021409925447347489 0.0047750975687366123 -0.019018018823015181 -0.02540274011164452
leaf_weight=51971.664811546623 29107.288409978093 13838.288627577131 35252.522624486883 13846.590984705777 1514.0330829558661 934.56796154967742 669.67779944941867 1460.9908455712139 9976.2290690212976 4068.6573170742486 24057.970674980432 6111.9710592668562 10226.616811595974 13865.0500601284 16887.032448650687 2869.9027495684277 2149.7116438667581 36976.035041465148 5586.0515709259198 22666.340813986521 16325.368003585143 1654.0836084310431 7456.6530203588482 3016.0180067972979 21388.415074922901 2794.0030297855265 17255.830917908141 139546.01475017195 4343.4228604796226 1869.0610675152857
leaf_count=109693 727159 44536 100456 73595 14431 2305 15491 62752 32796 13875 74795 332849 124589 273148 36242 116659 83212 435181 78166 188025 97197 13666 157428 11390 128956 14059 32404 319107 15754 6635
internal_value=0 0.00906988 -0.00879804 -0.0111997 -0.0137928 -0.0125994 0.00349905 -0.00994187 0.0315365 0.00676476 -0.00628197 -0.0429989 -0.00779733 -0.016868 0.0168113 -0.010482 -0.0206651 -0.0189774 -0.00679616 -0.012576 -0.00369067 -0.0155878 -0.0293752 0.0072039 0.00180861 0.00772067 0.0162113 0.00685965 0.0118561 0.0143492
internal_weight=519686 255890 263796 228544 194271 186645 34273.2 157537 23814.5 232075 103085 7626 14295.3 54451.8 17556.7 16716.5 40586.7 38437 102151 35709 66441.9 20995.5 13042.7 4670.1 45446.4 217780 20049.8 197730 58184.1 53840.7
internal_count=3736551 713448 3023103 2922647 2680660 2333380 241987 1606221 77332 636116 751928 347280 138464 854293 51733 190254 581145 497933 749623 423619 326004 122253 235594 25056 203751 497652 46463 451189 132082 116328
cat_boundaries=0 39 79 80 86 126 127 138 177 216 251
cat_threshold=0 0 4 0 20480 0 0 0 0 131072 0 0 0 0 0 0 0 0 0 0 0 0 0 224 0 0 0 0 0 0 0 0 0 41943040 4194816 0 0 0 2147483648 532480 0 0 0 0 0 0 0 0 0 8388608 0 0 0 0 0 0 0 0 0 0 0 0 0 0 0 0 0 0 0 0 0 0 0 0 0 16 0 0 262144 3075 0 0 4096 0 0 8388608 0 0 0 0 0 0 0 0 0 0 0 0 0 0 0 0 0 0 0 0 0 0 0 0 0 0 0 0 0 0 0 0 0 0 0 67109376 0 1 0 65536 8192 0 0 4 0 4096 0 0 0 0 131072 8388608 0 0 0 0 0 0 0 0 0 0 0 0 0 0 0 0 0 0 0 0 0 0 0 0 0 0 0 0 0 0 0 0 0 0 0 0 1 0 33280 0 0 0 0 0 0 0 0 0 0 0 0 0 0 0 0 0 0 0 0 0 0 0 0 0 0 0 0 0 0 0 0 0 1073741824 0 0 1 1 33280 0 0 0 0 16384 0 0 0 0 0 0 0 0 0 0 0 0 0 0 0 0 0 0 96 0 0 0 0 0 0 0 0 0 8388608 4194304
is_linear=0
shrinkage=0.05


Tree=24
num_leaves=31
num_cat=11
split_feature=178 187 246 178 182 213 198 208 182 253 214 185 182 269 179 213 178 191 191 272 184 180 191 191 269 182 178 229 222 182
split_gain=16015.4 7753.58 3381.81 3080.87 4120.21 2870.45 2437.29 2341.21 1358.94 1275.35 1225.1 1292.92 1363.36 1122.22 1085.86 1025.27 990.743 854.342 835.047 680.373 1723.29 1046.39 821.642 803.452 665.98 1161.18 626.622 902.259 727.661 812.668
threshold=0 1.0000000180025095e-35 1.0000000180025095e-35 1 2 1.0000000180025095e-35 1.0000000180025095e-35 1.0000000180025095e-35 3 1.0000000180025095e-35 4 1.0000000180025095e-35 5 1.0000000180025095e-35 6 1.0000000180025095e-35 7 8.5000000000000018 6.5000000000000009 1.0000000180025095e-35 175.00000000000003 4.5000000000000009 17.500000000000004 6.5000000000000009 1.0000000180025095e-35 8 9 7.5000000000000009 1.0000000180025095e-35 10
decision_type=9 2 2 9 9 2 2 2 9 2 1 2 9 2 9 2 9 2 2 2 2 2 2 2 2 9 9 2 2 9
left_child=1 9 3 8 13 6 10 -7 15 19 -6 14 -13 -5 -12 -2 17 -4 -11 20 21 -1 -22 -23 25 -16 -27 28 29 -28
right_child=2 -3 16 4 5 7 -8 -9 -10 18 11 12 -14 -15 24 -17 -18 -19 -20 -21 22 23 -24 -25 -26 26 27 -29 -30 -31
leaf_value=0.0082064434832724159 0.0013937369479282502 0.046967699865850428 -0.035794650120257718 -0.056546730271159688 -0.016591192200110155 -0.041413209952762334 0.0052033605650541092 0.018870962208011762 -0.038579763275645385 0.010972544549875334 0.048404356769162243 0.039859425744869142 -0.047074686040939152 0.030400013207025164 -0.036936450148810515 -0.054020736226437861 -0.051212457613330986 0.029028747967796004 -0.015240142822492933 -0.008866147935595951 0.053081882580286066 0.02596663080552962 -0.0048539637400821685 -0.045796973001379887 0.034217318082494667 -0.0012259366720254949 -0.030581797580304312 0.0061505248773645804 -0.025209700027223593 -0.0073516207146140352
leaf_weight=209627.08222358261 4690.4505951730534 12837.785822866776 1355.1615432074759 4858.917196026654 42008.322665948319 1772.6132872220478 35595.751133803395 17564.795975803514 10987.926128499064 4349.0160465110093 899.43950162123656 515.35165758052608 3330.1894744285091 401.41778512648307 3094.1497396504856 1014.8577207229682 5837.6931985999399 812.64383970305789 10077.058108199213 5817.6490023714723 3088.3988735508174 522.06380765605718 762.87143189064227 1537.5623151946347 1000.8394705438986 45156.764269700041 3990.0255605805432 9348.3050288733793 7396.6172762016067 64785.583168234356
leaf_count=449274 69540 45240 13997 187140 626457 68358 100456 43922 301521 13875 2305 9735 152362 1880 84805 35015 332849 8672 124589 29044 7061 970 2009 5709 2381 342830 43124 46469 72450 512512
internal_value=0 0.00912693 -0.00851722 -0.00752595 -0.00609015 -0.00511526 -0.00675955 0.0133437 -0.0282948 0.00706686 -0.00910542 -0.00684971 -0.0354382 -0.0498139 -0.00603972 -0.00845155 -0.0405223 -0.0114382 -0.00733737 0.00800564 0.00846107 0.00785795 0.0416053 -0.0276024 -0.0064064 -0.00671098 -0.00599184 -0.00850783 -0.010308 -0.00870512
internal_weight=515037 248619 266418 258412 241719 236459 217121 19337.4 16693.2 235782 181526 139517 3845.54 5260.33 135672 5705.31 8005.5 2167.81 14426.1 221356 215538 211687 3851.27 2059.63 134772 133771 130677 85520.5 76172.2 68775.6
internal_count=3736551 677771 3058780 2703262 2297186 2108166 1995886 112280 406076 632531 1895430 1268973 162097 189020 1106876 104555 355518 22669 138464 494067 465023 455953 9070 6679 1104571 1102190 1017385 674555 628086 555636
cat_boundaries=0 39 79 90 101 102 107 113 153 158 198 222
cat_threshold=0 0 4 0 20480 0 0 0 0 131072 0 0 0 0 0 0 0 0 0 0 0 0 0 224 0 0 0 0 0 0 0 0 0 41943040 4194304 67108864 0 0 2147483648 8192 0 0 0 0 0 0 0 0 0 8388608 0 0 0 0 0 0 0 0 0 0 0 0 0 0 0 0 0 0 0 0 0 0 0 0 0 16 0 0 262144 0 0 0 0 16384 0 0 0 0 131072 8388608 0 0 4 0 4096 0 0 0 0 131072 8388608 536 0 0 4 0 4096 0 0 4096 0 0 8388608 0 0 0 0 0 0 0 0 0 0 0 0 0 0 0 0 0 0 0 0 0 0 0 0 0 0 0 0 0 0 0 0 0 0 512 512 0 1 0 65536 0 0 4 0 4096 524288 0 0 0 0 0 0 0 0 0 0 0 0 0 0 0 0 0 0 0 0 0 0 0 0 0 0 0 0 0 0 0 0 1073741824 512 512 0 1 0 65536 0 0 0 0 0 0 0 0 0 0 0 0 0 0 0 0 0 0 0 0 0 0 0 32
is_linear=0
shrinkage=0.05


Tree=25
num_leaves=31
num_cat=12
split_feature=178 187 246 178 182 213 198 208 182 179 269 214 185 182 213 178 232 269 184 246 229 191 178 178 178 208 272 211 184 178
split_gain=14532.3 7262.12 3181 2844.74 3590.64 2783.79 2423.94 2096.8 1197.4 1129.26 977.525 974.921 1068.15 1273.26 851.626 843.635 749.674 632.667 1008.79 613.122 598.681 810.95 2654.44 998.027 987.805 672.387 608.239 588.761 585.206 523.405
threshold=0 1.0000000180025095e-35 1.0000000180025095e-35 1 2 1.0000000180025095e-35 1.0000000180025095e-35 1.0000000180025095e-35 3 4 1.0000000180025095e-35 5 1.0000000180025095e-35 6 1.0000000180025095e-35 7 135.00000000000003 1.0000000180025095e-35 175.00000000000003 1.0000000180025095e-35 8.5000000000000018 6.5000000000000009 8 9 10 1.0000000180025095e-35 1.0000000180025095e-35 1.0000000180025095e-35 75.000000000000014 11
decision_type=9 2 2 9 9 2 2 2 9 9 2 1 2 9 2 9 2 2 2 2 2 2 9 9 9 2 2 2 2 9
left_child=1 19 3 8 10 6 9 -7 14 -6 -5 16 17 -14 -2 -4 -11 18 20 27 21 22 28 -24 26 -26 -23 -1 -13 -9
right_child=2 -3 15 4 5 7 -8 29 -10 11 -12 12 13 -15 -16 -17 -18 -19 -20 -21 -22 24 23 -25 25 -27 -28 -29 -30 -31
leaf_value=0.0066539280705698381 0.00094488502036079987 0.046171645498512243 -0.0080892837242925297 -0.054883114282368944 0.04750136444843011 -0.039873260135149913 0.0052536399307989675 0.028170924042472675 -0.037115873861569185 -0.016764050136221079 0.025267358578939081 0.012008574795214751 0.036705128775593537 -0.045873187404622602 -0.052834757840611341 -0.050464379664864722 0.060339650974520403 0.033091269717019436 -0.040678811929792072 -0.028114109644409375 0.0075347311212603414 -0.017056844233122804 -0.00024234029058507929 -0.024534341825057322 -0.0081354901723519942 0.014078313619868428 -0.050855664178793052 0.047166181643532638 -0.021052761120494437 0.010686411277006192
leaf_weight=237534.87458564065 4389.9051530294819 12197.730248196283 1511.1979659662466 4542.2617744738236 864.55796668271068 1701.8440548854414 34918.729409779713 7557.5723001258448 10935.795108061313 40994.314390920234 414.80658016726375 21256.545694892207 541.36380140724941 3165.39095948459 883.89064204267925 5541.7509329370805 317.19272612163331 995.14570474624634 2174.9076819956827 1263.058056689275 7325.3432532704901 20169.423188175599 6660.1332822627155 11603.278266658395 52483.865390172752 3642.3859813619638 1425.0348917876545 899.7773653799668 1427.8571578948176 9964.2935977200978
leaf_count=648795 60264 45240 14431 187140 2305 68358 100456 16995 314426 625454 1880 74791 9735 152362 31386 332849 1003 2381 62599 17251 33788 239705 17941 75966 474911 28608 49722 2162 16720 26927
internal_value=0 0.00853771 -0.00835485 -0.00742218 -0.00601872 -0.00510689 -0.00677452 0.0131041 -0.0276731 -0.00917396 -0.0480763 -0.00945762 -0.00737033 -0.0338329 -0.00805654 -0.0414698 -0.0161673 -0.00661132 -0.00691975 0.00662284 -0.0063368 -0.00719315 -0.00149852 -0.0156813 -0.0101933 -0.0066925 -0.0192797 0.00680693 0.00992253 0.0182509
internal_weight=509304 251895 257409 250356 234146 229189 209965 19223.7 16209.6 175047 4957.07 174182 132871 3706.75 5273.8 7052.95 41311.5 129164 128169 239698 125994 118669 40947.8 18263.4 77720.7 56126.3 21594.5 238435 22684.4 17521.9
internal_count=3736551 713448 3023103 2675823 2269747 2080727 1968447 112280 406076 1867991 189020 1865686 1239229 162097 91650 347280 626457 1077132 1074751 668208 1012152 978364 185418 93907 792946 503519 289427 650957 91511 43922
cat_boundaries=0 39 79 90 101 107 108 113 153 192 229 268 269
cat_threshold=0 0 4 0 20480 0 0 0 0 131072 0 0 0 0 0 0 0 0 0 0 0 0 0 224 0 0 0 0 0 0 0 0 0 41943040 4194816 0 0 0 2147483648 8192 0 0 0 0 0 0 0 0 0 8388608 0 0 0 0 0 0 0 0 0 0 0 0 0 0 0 0 0 0 0 0 0 0 0 0 0 16 0 0 262144 0 0 0 0 16384 0 0 0 0 131072 8388608 0 0 0 0 4096 0 0 0 0 131072 8388608 0 0 4096 0 0 8388608 536 0 0 4 0 4096 0 0 0 0 0 0 0 0 0 0 0 0 0 0 0 0 0 0 0 0 0 0 0 0 0 0 0 0 0 0 0 0 0 0 0 67109376 0 1 0 65536 524288 0 0 0 0 0 0 0 0 0 0 0 0 0 0 0 0 0 0 0 0 0 0 0 0 0 0 0 0 0 0 0 0 1073741824 0 0 0 1 33280 0 0 0 0 0 0 0 0 0 0 0 0 0 0 0 0 0 0 0 0 0 0 0 0 0 0 0 0 0 0 0 0 0 0 0 0 1 0 0 0 0 0 0 0 0 0 0 0 0 0 0 0 0 0 0 0 0 0 0 0 0 0 0 0 0 0 0 0 0 0 0 0 0 0 8192 33280 32
is_linear=0
shrinkage=0.05


Tree=26
num_leaves=31
num_cat=11
split_feature=178 180 188 178 198 234 182 246 194 177 178 272 182 179 178 185 191 232 185 182 178 191 239 188 191 178 191 185 191 186
split_gain=13173.9 3880.07 3828.39 3552.12 2158.71 1660.4 1460.49 1359.12 1202.12 1142.08 1095.25 1269.29 1450.87 922.007 799.55 754.051 716.177 661.588 652.359 610.699 596.708 822.421 539.643 1277.38 1196.65 605.078 860.976 692.657 660.651 1376.26
threshold=0 3.0000000000000004 1.0000000180025095e-35 1 1.0000000180025095e-35 1.0000000180025095e-35 2 1.0000000180025095e-35 1.0000000180025095e-35 3 4 1.0000000180025095e-35 5 6 7 1.0000000180025095e-35 8.5000000000000018 135.00000000000003 1.0000000180025095e-35 8 9 12.500000000000002 1.0000000180025095e-35 1.0000000180025095e-35 2.5000000000000004 10 19.500000000000004 1.0000000180025095e-35 5.5000000000000009 1.0000000180025095e-35
decision_type=9 2 2 9 2 2 9 2 2 1 9 2 9 9 9 2 2 2 2 9 9 2 2 2 2 9 2 2 2 2
left_child=1 20 3 10 7 6 -4 9 -3 17 11 12 18 -11 -9 -14 -16 -5 -2 -12 21 -1 23 25 -25 26 28 -27 29 -22
right_child=2 8 5 4 -6 -7 -8 14 -10 13 19 -13 15 -15 16 -17 -18 -19 -20 -21 22 -23 -24 24 -26 27 -28 -29 -30 -31
leaf_value=0.0032440708760173146 -0.046966652518069668 0.039595093937135589 0.012942615034203339 -0.017099959018234218 0.0051674494270321147 -0.031458517853985193 -0.013685196358267808 -0.049387617064718538 0.015689184141253559 0.046718648816587001 -0.054099553292138253 -0.05389356257266445 -0.010592784742799096 -0.0058174057977690352 -0.032814131151151754 -0.049103434623066974 0.028067879467726195 0.057195106895949005 0.015579339605179002 -0.027286611153549658 0.0062354704137138547 -0.039498399968804526 -0.014870503742519659 -0.040885692374840965 0.036682674999528542 0.0046394590844253403 -0.01197705900634276 0.036460348831083414 0.015525381486765756 -0.068403195809436573
leaf_weight=3801.9443944820086 4333.6002582329093 12285.645247556036 34916.671683017223 30166.710333185605 34620.649394696171 2700.013488878787 6032.6283122950117 3180.4332862623705 9197.1919655947713 831.28502593946178 2760.3392548804113 2180.5145563920669 39917.240561084851 109063.46797062091 1241.0459038532717 1312.5401544717606 790.11725080071483 302.14593888563104 460.8994833243778 9698.6016357720655 9652.1673374574166 1597.9926701464574 2669.4900599497487 543.9845800884068 5729.0641443720087 125017.5996348788 3732.7508326693205 1733.4310459364206 43857.069035762688 659.32139625307173
leaf_count=16635 238346 44536 96043 494553 100456 119336 48674 207009 32796 2305 106159 118917 525474 784164 14003 62329 8647 1003 12168 279406 18638 14584 14059 1256 9082 250108 15754 2421 93770 3920
internal_value=0 0.00917363 -0.0071091 -0.00957844 -0.00605407 0.00651511 0.0090194 -0.00872323 0.0293614 -0.00779219 -0.0200427 -0.0166179 -0.0148548 -0.00541553 -0.0337948 -0.0118166 -0.00908294 -0.0163567 -0.0408668 -0.0332681 0.00699459 -0.0093888 0.00745172 0.00776428 0.0299526 0.00701039 0.0112454 0.00507442 0.0128479 0.00145947
internal_weight=504987 220478 284509 240860 180196 43649.3 40949.3 145575 21482.8 140364 60663.7 48204.8 46024.3 109895 5211.6 41229.8 2031.16 30468.9 4794.5 12458.9 198995 5399.94 193595 190925 6273.05 184652 57901.3 126751 54168.6 10311.5
internal_count=3736551 517559 3218992 2954939 1612140 264053 144717 1511684 77332 1282025 1342799 957234 838317 786469 229659 587803 22650 495556 250514 385565 440227 31219 409008 394949 10338 384611 132082 252529 116328 22558
cat_boundaries=0 40 80 104 105 144 155 161 200 224 229 264
cat_threshold=0 0 4 0 20480 0 0 0 0 131072 0 0 0 0 0 0 0 0 0 0 0 0 0 96 0 0 0 0 0 0 0 0 0 41943040 4194304 0 0 0 2147483648 65536 532512 0 0 0 0 0 0 0 0 0 8388608 0 0 0 0 0 0 0 0 0 0 0 0 0 0 0 0 0 0 0 0 0 0 0 0 0 1073741840 0 512 262144 0 0 0 0 0 0 0 0 0 0 0 0 0 0 0 0 0 0 0 0 0 0 0 224 20480 524320 0 0 0 0 0 0 0 0 0 0 0 0 0 0 0 0 0 0 0 0 0 0 0 0 0 0 0 0 0 0 0 0 0 0 0 1073741824 0 512 0 0 0 0 20480 0 0 0 0 131072 8388608 0 0 4096 0 0 8388608 0 0 0 0 0 0 0 0 0 0 0 0 0 0 0 0 0 0 0 0 0 0 0 0 0 0 0 0 0 0 0 0 0 1073741824 0 0 1 0 32768 0 0 0 0 0 0 0 0 0 0 0 0 0 0 0 0 0 0 0 0 0 0 0 224 0 0 0 0 4096 0 0 0 0 16384 0 0 0 0 0 0 0 0 0 0 0 0 0 0 0 0 0 0 96 0 0 0 0 0 0 0 0 0 8388608 4194304
is_linear=0
shrinkage=0.05


Tree=27
num_leaves=31
num_cat=9
split_feature=178 187 188 178 198 234 246 182 248 178 272 182 179 216 250 194 178 234 191 234 182 272 184 191 180 194 229 194 214 247
split_gain=12822.3 5977.46 3533.94 3276.88 1993.32 1531.16 1398.74 1375.26 1027.13 1018.66 1139.84 1302.16 905.801 784.746 1547.53 1257.53 734.673 682.124 669.316 635.222 598.179 569.763 1469.38 812.011 625.573 590.131 562.589 761.202 596.26 885.143
threshold=0 1.0000000180025095e-35 1.0000000180025095e-35 1 1.0000000180025095e-35 1.0000000180025095e-35 1.0000000180025095e-35 2 1.0000000180025095e-35 3 1.0000000180025095e-35 4 5 1.0000000180025095e-35 1.0000000180025095e-35 1.0000000180025095e-35 6 1.0000000180025095e-35 17.500000000000004 1.0000000180025095e-35 7 1.0000000180025095e-35 175.00000000000003 17.500000000000004 4.5000000000000009 1.0000000180025095e-35 8.5000000000000018 1.0000000180025095e-35 8 1.0000000180025095e-35
decision_type=9 2 2 9 2 2 2 9 2 9 2 9 9 2 2 2 9 2 2 2 9 2 2 2 2 2 2 2 1 2
left_child=1 21 3 9 6 7 8 -4 12 10 11 19 -5 26 -15 -16 -8 -13 -10 -2 -11 22 24 -24 -1 -26 28 -28 -14 -30
right_child=2 -3 5 4 -6 -7 16 -9 18 20 -12 17 13 14 15 -17 -18 -19 -20 -21 -22 -23 23 -25 25 -27 27 -29 29 -31
leaf_value=0.0073275612504012533 -0.046267999020626602 0.044735139512058701 0.012292936541535862 0.045741530931843612 0.0047876575162506471 -0.030781159996375342 -0.044039529706896924 -0.013646281147057194 -0.047725947710223572 -0.013123372033231951 -0.052763759798465308 -0.010647702222510498 -0.003932839060520628 -0.040561329811261163 0.023090202960326319 -0.04877167940199028 0.0021572396375980026 -0.048155269707343434 -0.0032607161536664579 0.014768780706046397 -0.038997860019611863 -0.0084899890502176858 0.051557070735328447 -0.0067006693381804526 0.01120496077392083 -0.047199131986121988 -0.013586920019836824 0.01983885179059364 -0.012951577710131333 0.010523523393308323
leaf_weight=194984.35235099663 4116.4696334585024 11180.35402261914 34747.387063717382 800.71480971347773 34335.779352009587 2643.7280287340691 4039.1318518924963 5982.9235788552323 2583.4778010252048 3011.4131191637716 2048.1697037444828 39662.271362696963 65710.905633607952 4756.8867257053789 2354.3894615771715 820.51619914846378 1100.2568463534844 1250.0314673113171 1258.9823947117548 475.13391714263707 9058.8304835518356 5629.3382877336117 2841.4227764089592 757.25133769353852 748.71891538286582 1022.7423445584718 2735.790113193827 4510.6953226586338 49309.960449368242 4370.8662878087489
leaf_count=427117 238346 45240 96043 2305 100456 119336 216527 48674 107865 80672 118917 525474 464997 137443 11203 23021 13177 62329 29255 12168 304893 28980 7061 2009 2278 4401 17091 16697 444382 28194
internal_value=0 0.00912945 -0.00703841 -0.00942791 -0.00603987 0.00608851 -0.00861577 0.00848212 -0.00766997 -0.0195774 -0.0162754 -0.014636 -0.00694628 -0.00726284 -0.0225198 0.00451203 -0.0342308 -0.0117915 -0.0331605 -0.0398632 -0.0325598 0.00719717 0.00763797 0.0392976 0.00705879 -0.0225153 -0.0063077 0.00721875 -0.00712875 -0.0110379
internal_weight=498849 217164 281685 238311 178688 43374 144353 40730.3 139213 59622.3 47552.1 45503.9 135371 134570 7931.79 3174.91 5139.39 40912.3 3842.46 4591.6 12070.2 205984 200354 3598.67 196756 1771.46 126638 7246.49 119392 53680.8
internal_count=3736551 517086 3219465 2955412 1612613 264053 1512157 144717 1282453 1342799 957234 838317 1145333 1143028 171667 34224 229704 587803 137120 250514 385565 471846 442866 9070 433796 6679 971361 33788 937573 472576
cat_boundaries=0 39 79 103 142 153 159 198 208 209
cat_threshold=0 0 4 0 20480 0 0 0 0 131072 0 0 0 0 0 0 0 0 0 0 0 0 0 96 0 0 0 0 0 0 0 0 0 41943040 4194304 0 0 0 2147483648 532512 0 0 0 0 0 0 0 0 0 8388608 0 0 0 0 0 0 0 0 0 0 0 0 0 0 0 0 0 0 0 0 0 0 0 0 0 1073741840 0 512 262144 0 0 0 0 0 0 0 0 0 0 0 0 0 0 0 0 0 0 0 0 0 0 0 224 524320 0 0 0 0 0 0 0 0 0 0 0 0 0 0 0 0 0 0 0 0 0 0 0 0 0 0 0 0 0 0 0 0 0 0 0 1073741824 0 512 0 0 0 0 20480 0 0 0 0 131072 8388608 0 0 4096 0 0 8388608 0 0 0 0 0 0 0 0 0 0 0 0 0 0 0 0 0 0 0 0 0 0 0 0 0 0 0 0 0 0 0 0 0 1073741824 0 0 1 1 32768 0 0 4 0 4096 0 0 0 0 131072 1025
is_linear=0
shrinkage=0.05


Tree=28
num_leaves=31
num_cat=10
split_feature=178 187 188 178 198 234 246 177 194 212 185 178 178 272 179 209 178 191 232 229 194 191 178 178 187 206 211 178 272 184
split_gain=11836.5 5553.63 3235.25 2981.32 1832.38 1403.58 1230.84 1025.79 976.192 1323.92 1035.1 1021.09 944.241 1056.64 788.29 774.322 691.422 687.91 593.134 543.861 697.85 572.882 1478.32 788.879 502.244 786.913 485.777 484.215 470.326 1443.78
threshold=0 1.0000000180025095e-35 1.0000000180025095e-35 1 1.0000000180025095e-35 1.0000000180025095e-35 1.0000000180025095e-35 2 1.0000000180025095e-35 1.0000000180025095e-35 1.0000000180025095e-35 3 4 1.0000000180025095e-35 5 1.0000000180025095e-35 6 8.5000000000000018 135.00000000000003 8.5000000000000018 1.0000000180025095e-35 5.5000000000000009 7 8 1.0000000180025095e-35 1.0000000180025095e-35 1.0000000180025095e-35 9 1.0000000180025095e-35 175.00000000000003
decision_type=9 2 2 9 2 2 2 1 2 2 2 9 9 2 9 2 9 2 2 2 2 2 9 9 2 2 2 9 2 2
left_child=1 26 3 12 6 8 7 18 9 10 -4 -10 13 15 -9 24 -8 -18 -5 21 -21 22 -16 -23 25 -2 28 -13 29 -1
right_child=2 -3 5 4 -6 -7 16 14 11 -11 -12 27 -14 -15 19 -17 17 -19 -20 20 -22 23 -24 -25 -26 -27 -28 -29 -30 -31
leaf_value=0.0066402593061372656 -0.013907911683312461 0.04398861222481841 -0.0028306615327207954 -0.016494410051375159 0.0045594708786345873 -0.030177843400339927 -0.048496422733874806 0.044843865143940148 -0.053595578867534847 0.017414927383090344 -0.062076766926147636 0.033510783375231196 -0.031658915802834253 -0.052109119392016651 0.0086707835687793271 -0.043915792280172061 -0.034558855405901721 0.024384332756341207 0.055846329191376547 -0.012719603836933225 0.019345732646309361 -0.015152370643081378 -0.019789187656513704 -0.0047378879787216112 -0.0048942977077007883 -0.042919281281685956 0.044885827089276714 0.013496278474828129 -0.0073564902593464907 0.039238287894308783
leaf_weight=195367.61102921964 26442.860148280583 10649.054883447883 17059.076105118409 29039.580808963896 33931.407216998807 2554.1542714930256 2903.1664088447724 769.63114252773812 452.98911804379895 9894.2068723374105 770.04892963753082 5325.8471043510363 11646.895707875403 1914.5882026416512 15898.205453851959 2087.8144400866731 1209.173323753741 837.30591710674344 285.63787407591008 2680.9944181567407 4619.8394683799706 28812.816716736852 6387.3980785682506 49356.007489575335 13833.682366665482 2563.9558876277006 840.29190865019336 7094.6455236093607 5702.0296124505112 3456.4134400582407
leaf_count=431634 474672 45240 91907 494553 100456 119336 207009 2305 9437 17352 4059 8323 385565 118917 44567 143248 14010 8685 1003 17091 16697 317414 35751 353072 126098 94299 2162 13639 28980 9070
internal_value=0 0.00878226 -0.00681507 -0.00912403 -0.00588445 0.00576958 -0.00836654 -0.00748681 0.00803168 0.00274791 -0.00539148 0.0194095 -0.0189082 -0.0157314 -0.00524292 -0.014184 -0.0328633 -0.0103893 -0.0157833 -0.00560504 0.00757003 -0.00656322 0.000508242 -0.00857932 -0.0127344 -0.0164731 0.00695698 0.0220999 0.00680101 0.00720708
internal_weight=494387 216015 278372 235221 176731 43151 142800 137850 40596.8 27723.3 17829.1 12873.5 58489.8 46842.9 108525 44928.3 4949.65 2046.48 29325.2 107755 7300.83 100454 22285.6 78168.8 42840.5 29006.8 205366 12420.5 204526 198824
internal_count=3736551 517086 3219465 2955412 1612613 264053 1512157 1282453 144717 113318 95966 31399 1342799 957234 786897 838317 229704 22695 495556 784592 33788 750804 80318 670486 695069 568971 471846 21962 469684 440704
cat_boundaries=0 39 79 80 81 120 126 165 204 243 244
cat_threshold=0 0 4 0 20480 0 0 0 0 131072 0 0 0 0 0 0 0 0 0 0 0 0 0 96 0 0 0 0 0 0 0 0 0 41943040 4194304 0 0 0 2147483648 532512 0 0 0 0 0 0 0 0 0 8388608 0 0 0 0 0 0 0 0 0 0 0 0 0 0 0 0 0 0 0 0 0 0 0 0 0 1073741840 0 512 262144 20480 8192 524320 0 0 0 0 0 0 0 0 0 0 0 0 0 0 0 0 0 0 0 0 0 0 0 0 0 0 0 0 0 0 0 0 0 0 0 1073741824 0 512 0 0 4096 0 0 8388608 0 0 0 0 0 0 0 0 0 0 0 0 0 0 0 0 0 0 0 0 0 0 0 0 0 0 0 0 0 0 0 0 0 1073741824 0 0 1 0 32768 0 0 0 0 0 0 0 0 0 0 0 0 0 0 0 0 0 0 0 0 0 0 0 128 0 0 0 0 0 0 0 0 0 1073741824 0 0 1 1 32768 0 0 0 0 0 0 0 0 0 0 0 0 0 0 0 0 0 0 0 0 0 0 0 128 0 0 0 0 0 0 0 0 0 0 0 0 0 8192 32768 32
is_linear=0
shrinkage=0.05


Tree=29
num_leaves=31
num_cat=8
split_feature=178 187 178 182 213 198 208 253 246 269 229 214 194 185 182 178 191 182 272 178 213 246 250 194 216 231 191 225 194 269
split_gain=10880.4 5409.97 2266.64 2771.71 2431.25 1914.55 1682.02 1170.89 998.818 829.123 780.257 1159.42 888.774 764.735 1052.85 749.283 734.701 729.913 839.719 770.411 685.739 633.619 607.226 916.325 905.474 529.875 606.024 754.714 537.164 529.357
threshold=0 1.0000000180025095e-35 1 2 1.0000000180025095e-35 1.0000000180025095e-35 1.0000000180025095e-35 1.0000000180025095e-35 1.0000000180025095e-35 1.0000000180025095e-35 7.5000000000000009 3 1.0000000180025095e-35 1.0000000180025095e-35 4 5 18.500000000000004 6 1.0000000180025095e-35 7 1.0000000180025095e-35 1.0000000180025095e-35 1.0000000180025095e-35 1.0000000180025095e-35 1.0000000180025095e-35 1.5000000000000002 12.500000000000002 1.0000000180025095e-35 1.0000000180025095e-35 1.0000000180025095e-35
decision_type=9 2 9 9 2 2 2 2 2 2 2 1 2 2 9 9 2 9 2 9 2 2 2 2 2 2 2 2 2 2
left_child=1 7 17 9 5 8 -6 21 10 -4 11 22 -12 29 -15 -10 -9 -2 19 20 25 -1 24 -24 -5 26 -19 -28 -27 -13
right_child=2 -3 3 4 6 -7 -8 16 15 -11 12 13 -14 14 -16 -17 -18 18 -20 -21 -22 -23 23 -25 -26 28 27 -29 -30 -31
leaf_value=0.0070035955836264228 -0.043315736108229461 0.043216188652081766 -0.052473271304828532 -0.015462058802513272 -0.037466955990035439 0.0044493951875317203 0.017267322163798688 -0.0045807754642971437 -0.002023222018491254 0.021323744023662283 -0.01403286942853404 -0.0058892803100798509 0.01783972367556572 0.032197298051105251 -0.042575070030130474 -0.047847332120285191 -0.045195415605060379 7.9264343382363822e-05 -0.042672601316172315 -0.032680932887068075 -0.052365795351557456 -0.028770349743058796 0.01881697197590421 -0.045378731039063348 -0.039682683257169525 -0.037424505768658398 -0.0055600009014800658 -0.047719674229737767 -0.0064767954408366246 0.031022709183373239
leaf_weight=219213.02730918158 2864.9392443773104 10139.208024781256 3881.2107448804745 28096.903033689036 1530.5614656389225 33673.949110275775 16861.629239756672 12735.098554405966 1328.2499180563609 421.61665819818154 3490.7038435291615 99355.261644059588 5855.2694502354134 561.60588526516221 2753.5653553616721 2762.484466095164 1219.7507931184955 13781.352556241764 2900.5137290779821 4865.3804905029829 959.68063972220989 1244.2475362379337 2437.0496480301954 719.57637016416993 4473.3745271374355 2947.3590918377158 2917.7640810702578 1668.4957684056135 2675.3625069968984 980.35972559941001
leaf_count=513050 109624 45240 187140 396339 68358 100456 43922 99089 14360 1880 24039 826517 22430 9735 152362 207009 39375 141499 170535 144740 42213 17322 11203 23021 137443 42651 57067 48010 37541 2381
internal_value=0 0.00745894 -0.00745245 -0.00546733 -0.00463196 -0.00634272 0.0127113 0.00591251 -0.00872089 -0.0451345 -0.00805037 -0.00898819 0.00593472 -0.00630862 -0.0299351 -0.0330936 -0.00813263 -0.019118 -0.0169856 -0.0144916 -0.0109263 0.0068016 -0.0167554 0.00417663 -0.0187894 -0.00927189 -0.00515987 -0.0209024 -0.022702 -0.00552842
internal_weight=489316 244551 244764 209183 204881 186488 18392.2 234412 152814 4302.83 148724 139378 9345.97 103651 3315.17 4090.73 13954.8 35580.8 32715.9 29815.4 24950 220457 35726.9 3156.63 32570.3 23990.3 18367.6 4586.26 5622.72 100336
internal_count=3736551 714076 3022475 2228595 2039575 1927295 112280 668836 1826839 189020 1605470 1559001 46469 990995 162097 221369 138464 793880 684256 513721 368981 530372 568006 34224 533782 326768 246576 105077 80192 828898
cat_boundaries=0 40 80 91 92 97 135 159 198
cat_threshold=0 0 4 0 20480 0 0 0 0 131072 0 0 0 0 0 0 0 0 0 0 0 0 0 224 0 0 0 0 0 0 0 0 0 41943040 4194816 67108864 0 0 2147483648 65536 8192 0 0 0 0 0 0 0 0 0 8388608 0 0 0 0 0 0 0 0 0 0 0 0 0 0 0 0 0 0 0 0 0 0 0 0 0 1073741840 0 512 262144 0 0 0 0 16384 0 0 0 0 131072 8388608 2576 0 0 4 0 4096 0 0 0 0 0 0 0 0 0 0 0 0 0 0 0 0 0 0 0 0 0 0 0 0 0 0 0 0 0 0 0 0 0 0 0 512 0 1 0 0 0 0 16384 0 0 0 0 0 0 0 0 0 0 0 0 0 0 0 0 0 0 192 8192 0 0 0 0 0 0 0 0 0 0 0 0 0 0 0 0 0 0 0 0 0 0 0 0 0 0 0 0 0 0 0 0 0 0 0 1073741824 0 512
is_linear=0
shrinkage=0.05


Tree=30
num_leaves=31
num_cat=11
split_feature=178 187 246 181 213 198 253 178 187 214 178 179 191 229 222 191 178 178 191 191 184 184 178 178 191 178 179 248 247 191
split_gain=9973.57 4971.63 2120.07 1954.74 2868.85 1797.08 1088.48 1053.51 1013.77 983.113 815.823 745.605 630.132 609.394 633.183 653.772 1406.23 1402.61 1451.28 917.897 836.533 616.679 1448.38 598.417 589.023 567.784 520.964 517.31 1081.63 738.238
threshold=0 1.0000000180025095e-35 1.0000000180025095e-35 4.5000000000000009 1.0000000180025095e-35 1.0000000180025095e-35 1.0000000180025095e-35 1 1.0000000180025095e-35 2 3 4 19.500000000000004 7.5000000000000009 1.0000000180025095e-35 7.5000000000000009 5 6 15.500000000000002 15.500000000000002 125.00000000000001 60.000000000000007 7 8 8.5000000000000018 9 10 1.0000000180025095e-35 1.0000000180025095e-35 9.5000000000000018
decision_type=9 2 2 2 2 2 2 9 2 1 9 9 2 2 2 2 9 9 2 2 2 2 9 9 2 9 9 2 2 2
left_child=1 6 3 4 5 7 -1 -2 -5 27 -4 -11 -8 14 15 16 20 18 -17 26 -13 22 -18 -10 -12 -6 -19 28 29 -9
right_child=2 -3 10 8 25 -7 12 9 23 11 24 13 -14 -15 -16 17 21 19 -20 -21 -22 -23 -24 -25 -26 -27 -28 -29 -30 -31
leaf_value=0.0066880590581818436 -0.030652555556424921 0.042431124010154031 -0.047528950319449335 -0.027551042388861004 0.026666722224823011 0.0042720405859346059 -0.0048826276283163959 -0.023514888192124342 -0.036518556782624091 0.044463392840808337 -0.031685955575122986 0.0058106159704895688 -0.047122369190954028 0.0064732715872583783 -0.021572641375950052 -0.010103386198549367 0.030882533254223007 -0.037965838893242149 -0.034739772300813328 0.020548141870742331 -0.044756758041988996 -0.034629200604294821 -0.017007144069522733 -0.0060153755490129478 0.024911945184202214 0.0077116236213534417 -0.0020069406067500725 -0.03279614541481389 0.010966530789334628 -0.0077761164230243165
leaf_weight=214835.45100788673 5169.8546377354942 9660.0494191010657 4384.3637857940193 14680.640801890928 6742.8809250013437 33476.829207138799 12900.742457637214 15976.887661184926 1801.1126124050934 732.86645106069045 1103.2665648154361 30684.316105345264 947.37158492114395 9332.7789857666648 6834.6952927647799 28465.48953497957 1881.7828884903865 1086.8247058870038 7566.9594186811591 4788.3551619570644 839.74801020289306 2985.4420675686852 9546.9323344159784 14451.124760961626 787.25610522628995 9592.0369564740686 12322.923255346395 3592.2065978259634 4183.0785277348477 13964.687495794074
leaf_count=493912 161644 45240 332849 593787 13975 100456 103868 212677 44379 2305 14010 109125 34596 46469 72450 289995 5076 7778 189975 46613 11165 37592 51800 155615 8685 37758 98977 137120 28194 248466
internal_value=0 0.00729621 -0.00704122 -0.00629346 -0.00456312 -0.00626237 0.00581224 -0.00846713 -0.0180271 -0.00772353 -0.0357321 -0.00546052 -0.00777427 -0.00577905 -0.0068483 -0.00584348 -0.00145446 -0.00956124 -0.0152734 0.00175625 0.00446132 -0.0143856 -0.00910834 -0.00942331 -0.00807164 0.015558 -0.0049528 -0.014744 -0.0128475 -0.0161748
internal_weight=485319 238344 246975 240700 209768 193433 228684 159956 30932.9 154786 6274.89 117069 13848.1 116336 107003 100169 45938.2 54230.6 36032.4 18198.1 31524.1 14414.2 11428.7 16252.2 1890.52 16334.9 13409.7 37716.9 34124.7 29941.6
internal_count=3736551 677616 3058935 2703391 1909610 1857877 632376 1757421 793781 1595777 355544 969320 138464 967015 920546 848096 214758 633338 479970 153368 120290 94468 56876 199994 22695 51733 106755 626457 489337 461143
cat_boundaries=0 39 79 80 120 126 165 204 205 206 207 241
cat_threshold=0 0 4 0 20480 0 0 0 0 131072 0 0 0 0 0 0 0 0 0 0 0 0 0 224 0 0 0 0 0 0 0 0 0 41943040 4194304 0 0 0 2147483648 0 0 0 0 0 0 0 0 0 0 8388608 0 0 0 0 0 0 0 0 0 0 0 0 0 0 0 0 0 0 0 0 0 0 0 0 0 16 0 0 262144 536 0 0 0 0 0 0 0 0 0 0 0 0 0 0 0 0 0 0 0 0 0 0 0 0 0 0 0 0 0 0 0 0 0 1073741824 0 0 1 0 33280 262144 0 0 4096 0 0 8388608 8192 0 0 0 0 0 0 0 0 0 0 0 0 0 0 0 0 0 0 0 0 0 0 0 0 0 0 0 0 0 0 0 0 1073741824 0 0 1 1 33280 532480 0 0 0 0 0 0 0 0 0 0 0 0 0 0 0 0 0 0 0 0 0 0 0 0 0 0 0 0 0 0 0 0 1073741824 0 0 1 0 33280 524288 8192 32 0 0 0 0 0 0 0 0 0 0 0 0 0 128 0 0 0 0 0 0 0 0 0 0 0 0 0 0 0 0 0 0 0 16384
is_linear=0
shrinkage=0.05


Tree=31
num_leaves=31
num_cat=9
split_feature=178 187 246 181 214 191 235 253 229 178 187 194 185 179 178 191 178 178 248 191 247 191 225 250 194 216 178 246 178 239
split_gain=9278.74 4632.62 1970.32 1830.24 2757.22 1173.84 1063.12 978.508 950.383 1111.01 922.889 850.437 844.429 825.941 753.014 625.554 590.221 576.415 568.695 595.205 581.822 649.965 1032.88 621.284 939.852 753.271 541.933 519.418 515.249 488.147
threshold=0 1.0000000180025095e-35 1.0000000180025095e-35 4.5000000000000009 1 13.500000000000002 1.0000000180025095e-35 1.0000000180025095e-35 7.5000000000000009 2 1.0000000180025095e-35 1.0000000180025095e-35 1.0000000180025095e-35 3 4 6.5000000000000009 5 6 1.0000000180025095e-35 20.500000000000004 1.0000000180025095e-35 5.5000000000000009 1.0000000180025095e-35 1.0000000180025095e-35 1.0000000180025095e-35 1.0000000180025095e-35 7 1.0000000180025095e-35 8 1.0000000180025095e-35
decision_type=9 2 2 2 1 2 2 2 2 9 2 2 2 9 9 2 9 9 2 2 2 2 2 2 2 2 9 2 9 2
left_child=1 7 3 4 5 6 -2 27 9 -6 -5 -10 16 -7 -4 -9 -8 -11 20 -20 21 22 -19 25 -25 -23 -12 29 -15 -1
right_child=2 -3 14 10 8 13 12 15 11 17 26 -13 -14 28 -16 -17 -18 18 19 -21 -22 23 -24 24 -26 -27 -28 -29 -30 -31
leaf_value=0.0067696205746573326 -0.0057085211340680668 0.041671210185091012 -0.0031392015662537022 -0.026911938388725881 -0.0041142756451752506 0.045897643547252932 -0.041326071620004123 0.0088234103214407961 -0.013686738974292964 -0.024459017661261295 -0.035748589528371857 0.017553330216173682 -0.030787550299860213 0.027251008068894328 -0.046846095705419588 -0.01444246411163758 0.019041844064465477 -0.018080373835721576 -0.042162735289630771 0.0093812898908683037 0.0068873757946830609 -0.014909463355663677 0.011303763328847499 0.025514348955896826 -0.043632098054105672 -0.039147289695798587 -0.0062941026238925116 -0.027173140939188919 0.0061878428903494927 -0.015152724236845239
leaf_weight=215386.92472372411 39072.047534203404 9213.6833958075731 1301.5986958199064 14393.145303463563 43149.806451611395 1578.889662274858 414.12806790473405 4134.9689438672503 3439.8710054444091 11645.862555211701 1743.6046748164226 5938.6748558661202 1044.5077732561913 3304.5572212425759 4193.1106991744018 9584.8879780060961 9442.666751017794 5571.4787115750441 2799.6886953006033 699.72407753215521 4170.7867313965689 34289.892190922132 6454.8611765037058 1947.4467702481197 656.71653061106917 3536.2883420741855 14410.903157160152 1149.9664163730922 23617.873187982186 2569.0185989072197
leaf_count=498434 198742 45240 14431 593787 295857 6362 8806 13875 24039 233664 44379 22430 50592 21034 332849 124589 19592 62287 121521 15599 28194 481142 21077 8344 22289 122299 155615 17251 118172 14059
internal_value=0 0.00689902 -0.00699207 -0.00629535 -0.00457649 0.00276147 -0.00185631 0.00552316 -0.00920866 -0.0104584 -0.0177048 0.00609442 0.0119498 0.0108592 -0.0365858 -0.00743003 0.0164804 -0.0142698 -0.0122922 -0.031855 -0.0110851 -0.0125142 -0.00230888 -0.0155497 0.00807009 -0.017176 -0.00950056 0.00633429 0.00878301 0.00651117
internal_weight=480858 242039 238818 233323 202776 78474.7 49973.4 232826 124301 114923 30547.7 9378.55 10901.3 28501.3 5494.71 13719.9 9856.79 71772.7 60126.9 3499.41 56627.5 52456.7 12026.3 40430.3 2604.16 37826.2 16154.5 219106 26922.4 217956
internal_count=3736551 713448 3023103 2675823 1882042 423300 277732 668208 1458742 1412273 793781 46469 78990 145568 347280 138464 28398 1116416 882752 137120 745632 717438 83364 634074 30633 603441 199994 529744 139206 512493
cat_boundaries=0 39 40 80 114 154 155 195 196 197
cat_threshold=0 0 4 0 20480 0 0 0 0 131072 0 0 0 0 0 0 0 0 0 0 0 0 0 224 0 0 0 0 0 0 0 0 0 41943040 4194816 0 0 0 2147483648 35 0 0 0 0 0 0 0 0 0 0 0 0 0 0 0 0 0 0 0 0 0 0 0 0 0 0 0 0 0 0 0 0 0 1073741824 0 67109376 1 1 0 65536 0 0 4096 0 0 8388608 0 0 0 0 0 0 0 0 0 0 0 0 0 0 0 0 0 0 0 0 0 0 0 0 0 0 0 32768 0 0 0 0 0 0 0 0 0 0 0 0 0 0 0 0 0 0 0 0 0 0 0 0 0 0 0 0 0 0 0 0 0 0 0 67109376 0 1 0 65536 8192 0 0 0 0 0 0 0 0 0 0 8388608 0 0 0 0 0 0 0 0 0 0 0 0 0 0 0 0 0 0 0 0 0 0 0 0 0 0 8192 0 262144 8192 32
is_linear=0
shrinkage=0.05


Tree=32
num_leaves=31
num_cat=3
split_feature=214 187 208 185 246 214 191 200 213 194 253 184 191 191 271 195 181 179 185 269 191 184 245 185 189 184 191 232 229 194
split_gain=8294.45 4508.29 1975.43 2733.17 1644.28 1869.78 1327.19 1444.55 996.108 938.766 810.179 678.529 2347.08 1861.09 826.594 652.569 607.902 577.128 573.245 562.226 561.978 528.995 1408.08 519.74 501.675 984.757 533.103 492.634 492.195 436.481
threshold=0 1.0000000180025095e-35 1.0000000180025095e-35 1.0000000180025095e-35 1.0000000180025095e-35 1 11.500000000000002 1.0000000180025095e-35 1.0000000180025095e-35 1.0000000180025095e-35 1.0000000180025095e-35 1.0000000180025095e-35 15.500000000000002 17.500000000000004 1.0000000180025095e-35 1.0000000180025095e-35 4.5000000000000009 2 1.5000000000000002 1.0000000180025095e-35 17.500000000000004 175.00000000000003 1.0000000180025095e-35 1.0000000180025095e-35 1.0000000180025095e-35 60.000000000000007 2.5000000000000004 135.00000000000003 6.5000000000000009 1.0000000180025095e-35
decision_type=1 2 2 2 2 1 2 2 2 2 2 2 2 2 2 2 2 9 2 2 2 2 2 2 2 2 2 2 2 2
left_child=1 10 4 16 5 6 7 -2 18 -9 11 12 14 21 15 -1 -4 -14 19 27 23 24 29 -12 25 -13 -27 -7 -8 -23
right_child=2 -3 3 -5 -6 8 28 9 -10 -11 20 13 17 -15 -16 -17 -18 -19 -20 -21 -22 22 -24 -25 -26 26 -28 -29 -30 -31
leaf_value=-0.0018149029689443559 -0.002604177603377205 0.040899846249971589 0.016671059040853847 -0.04247787746999155 -0.034316423211127774 -0.014685510942304648 -0.015609875324759727 0.030739125597855833 -0.043149362754128756 -0.020106759000518903 -0.0090884500371753978 -0.012304794786009758 0.044903383705744988 -0.0069026606066654814 0.032529788286624339 -0.030509655548412257 -0.0021898214101246059 0.012102979440317511 0.073817025399247088 0.012222651058742862 -0.037330302324231963 0.050742227512263809 -0.049146044729224091 0.016726564102314143 0.0080490564552137388 -0.030155974261417293 0.02415112598804231 0.053790096675105252 0.0026748102634462558 0.010448691382342667
leaf_weight=85047.887591203093 63027.146190778032 8797.9931147946045 15793.770729779382 2621.9645496060548 6420.1551295212703 67847.72065879291 25234.133766256826 5392.1620765272528 2933.4022695694584 1091.0513176401146 9741.4055906657595 2381.416105247743 1389.260766605672 18516.094729248493 1718.4085949640721 2028.1480098627508 5855.464510440419 34124.889811914123 187.33644738537259 2038.7918239149731 1403.4628463265253 2490.7517781956121 510.30074189545121 2437.0618691322743 87146.876691773417 466.50913877785206 13971.19008860836 263.17118208721513 4308.2272610855289 921.29382176417857
leaf_count=299741 389105 45240 42070 150066 364531 1220973 408192 10004 158031 4084 79110 12953 5307 48593 4608 6443 76218 112215 3122 10742 44224 5950 5083 15130 157763 1358 22968 1003 28234 3490
internal_value=0 0.00569001 -0.00765404 0.00573001 -0.0094719 -0.00854615 -0.0040651 -0.000292286 -0.0146013 0.0221807 0.00451805 0.00516239 0.00253933 0.0077419 -0.00180565 -0.00248348 0.0115696 0.0134029 -0.0134124 -0.013646 -0.00737549 0.0102553 0.0282803 -0.00392166 0.0095751 0.0174814 0.022395 -0.0144205 -0.0129432 0.0398671
internal_weight=476107 273093 203014 24271.2 178743 172323 99052.7 69510.4 73270.4 6483.21 264295 250713 124309 126404 88794.4 87076 21649.2 35514.2 70337 70149.7 13581.9 107888 3922.35 12178.5 103966 16819.1 14437.7 68110.9 29542.4 3412.05
internal_count=3736551 870176 2866375 268354 2598021 2233490 839619 403193 1393871 14088 824936 686472 428314 258158 310792 306184 118288 117522 1235840 1232718 138464 209565 14523 94240 195042 37279 24326 1221976 436426 9440
cat_boundaries=0 1 2 36
cat_threshold=199 3072 0 0 0 0 0 8388608 0 0 0 0 0 0 0 0 0 0 0 0 0 0 0 0 0 0 0 0 0 0 0 0 0 0 0 32768
is_linear=0
shrinkage=0.05


Tree=33
num_leaves=31
num_cat=2
split_feature=214 187 188 200 213 229 194 246 225 191 194 191 253 183 191 191 244 191 191 187 209 217 191 184 245 188 184 271 191 179
split_gain=7903.54 4148.95 1923.9 1588.7 1474.41 1227.62 1173.98 1073.46 1330.59 1108.56 823.031 694.674 685.526 677.27 1406.85 1047.53 862.23 578.142 510.774 567.55 553.109 523.498 500.669 491.566 1490.74 564.593 889.352 483.489 482.668 475.945
threshold=0 1.0000000180025095e-35 1.0000000180025095e-35 1.0000000180025095e-35 1.0000000180025095e-35 7.5000000000000009 1.0000000180025095e-35 1.0000000180025095e-35 1.0000000180025095e-35 10.500000000000002 1.0000000180025095e-35 10.500000000000002 1.0000000180025095e-35 1.0000000180025095e-35 11.500000000000002 17.500000000000004 1.0000000180025095e-35 6.5000000000000009 9.5000000000000018 1.0000000180025095e-35 1.0000000180025095e-35 1.0000000180025095e-35 8.5000000000000018 175.00000000000003 1.0000000180025095e-35 1.0000000180025095e-35 60.000000000000007 1.0000000180025095e-35 21.500000000000004 1
decision_type=1 2 2 2 2 2 2 2 2 2 2 2 2 2 2 2 2 2 2 2 2 2 2 2 2 2 2 2 2 9
left_child=1 12 3 5 -4 7 11 8 18 -10 -7 -5 13 14 16 23 -1 -14 19 21 -21 -2 -23 25 -25 -15 -27 -18 -12 -16
right_child=2 -3 4 6 -6 10 -8 -9 9 -11 28 -13 17 15 29 -17 27 -19 -20 20 -22 22 -24 24 -26 26 -28 -29 -30 -31
leaf_value=-0.0047727390357573387 -0.028992034529945549 0.040178421179519114 -0.0073152976842590063 0.03065258177038567 0.014635541740824985 -0.013014799930541049 -0.021581152044711827 -0.033107404009465505 -0.0019819416439459765 -0.015078855300447922 0.021467905599056713 -0.0021992649741477935 0.0093435406722975449 0.0072684239928762634 0.033244848168425288 -0.0036806218835505125 0.0085490583336579554 -0.013519150414978613 -0.011453014576900494 -0.0049585540142503045 -0.046934481999182598 -0.011576517120660506 -0.044745473130941987 0.039775784598403648 -0.050310496663977126 -0.011193174829697452 0.022059276630204655 0.047839713352236302 -0.035927727301449629 0.0072354200976280734
leaf_weight=56802.197871396493 16743.64282347924 8405.7766210503469 14776.820337404555 4929.5740565210581 15859.758448624634 3380.7949174020323 2219.2248780996888 5699.3023582780152 49591.75118569324 23965.172578785438 5678.239060694701 2388.401064712205 3955.1117809470743 86512.682806330151 1806.4339210351172 17427.35321366525 6790.9160496478144 9186.5448123691895 35082.278485852206 8220.4005832641269 867.19818965889863 10414.21301698235 1277.028013661562 3280.0739488191903 533.48667140468024 2341.97620089681 14199.221730064106 884.68528117053211 391.04395418334752 57142.973352723871
leaf_count=201232 392255 45240 190254 9939 51733 24039 14314 355691 282133 410834 19820 12320 13875 157763 7756 48593 23018 124589 848484 69851 19426 134397 28275 9440 5083 12953 24326 2861 2610 193447
internal_value=0 0.00560408 -0.00748934 -0.00955869 0.00404797 -0.0107311 0.0102699 -0.0118192 -0.0109889 -0.00624912 0.00675371 0.0199305 0.00449012 0.0050805 0.00245687 0.00768575 -0.0026472 -0.00663792 -0.0157908 -0.0198461 -0.00896708 -0.0233226 -0.0152017 0.00953937 0.0271672 0.00888686 0.0173507 0.0130811 0.0177664 0.00803967
internal_weight=470754 269269 201485 170848 30636.6 161311 9537.2 151861 146162 73556.9 9450.08 7317.98 260864 247722 123427 124295 64477.8 13141.7 72604.8 37522.5 9087.6 28434.9 11691.2 106867 3813.56 103054 16541.2 7675.6 6069.28 58949.4
internal_count=3736551 870176 2866375 2624388 241987 2587815 36573 2541346 2185655 692967 46469 22259 824936 686472 428314 258158 227111 138464 1492688 644204 89277 554927 162672 209565 14523 195042 37279 25879 22430 201203
cat_boundaries=0 1 35
cat_threshold=199 0 0 0 0 0 8388608 0 0 0 0 0 0 0 0 0 0 0 0 0 0 0 0 0 0 0 0 0 0 0 0 0 0 0 32768
is_linear=0
shrinkage=0.05


Tree=34
num_leaves=31
num_cat=13
split_feature=178 187 272 178 181 213 214 178 253 187 229 194 178 182 269 182 182 184 178 191 182 246 179 232 227 228 191 178 185 214
split_gain=8481.25 3593.89 1985.68 1701.19 1604.16 2339.96 1248.69 996.114 826.517 804.526 639.066 719.65 675.239 817.181 733.592 581.76 559.719 541.803 528.344 513.731 506.95 480.653 478.933 443.745 440.852 1135.1 400.124 387.054 384.768 382.153
threshold=0 1.0000000180025095e-35 1.0000000180025095e-35 1 4.5000000000000009 1.0000000180025095e-35 2 3 1.0000000180025095e-35 1.0000000180025095e-35 8.5000000000000018 1.0000000180025095e-35 4 5 1.0000000180025095e-35 6 7 125.00000000000001 8 6.5000000000000009 9 1.0000000180025095e-35 10 135.00000000000003 1.0000000180025095e-35 1.5000000000000002 22.500000000000004 11 1.5000000000000002 12
decision_type=9 2 2 9 2 2 1 9 2 2 2 2 9 9 2 9 9 2 9 2 9 2 9 2 2 2 2 9 2 1
left_child=1 8 4 -4 5 6 23 -8 21 20 12 -12 13 -9 -15 -14 -11 22 -7 -10 -6 24 -17 29 -1 -26 -13 -20 -22 -2
right_child=2 -3 3 -5 9 18 7 10 19 16 11 26 15 14 -16 17 -18 -19 27 -21 28 -23 -24 -25 25 -27 -28 -29 -30 -31
leaf_value=0.0069564341024975071 -0.011696898187853272 0.039461838981493774 0.024535567310574668 -0.036777866275259349 -0.043473643067483823 -0.035072047449104811 -0.031522116620131511 -0.052027245111752364 0.0083514318438270459 0.00027570344608377476 -0.010865621555458612 0.024519993160930117 0.034140938797940827 -0.010237653718486511 0.029705555635919503 0.041293739111120838 -0.018503341316892959 -0.03391637143661979 0.025257758862090612 -0.013260126575779739 -0.021561227351776725 -0.01984240597947199 -0.002012397078859474 0.051679572572239929 -0.013854332963043371 0.018817658292912636 -0.048449841712874413 0.0091036570089313533 0.054621693046774625 -0.023908660089622703
leaf_weight=203152.62979048918 28592.269474996101 8042.3141324647586 1297.449318766885 8615.2729733700689 3075.1814887312939 516.65099067916162 3122.1996931988833 1117.0575621464814 3933.6749023755547 8008.6352562487591 2519.5786433092144 4946.6050477037206 1106.0013707405888 28966.724596216402 1196.4664018135518 632.46186178736389 7861.3566356512165 1324.185154811712 6430.3672973252833 9132.7402844842291 10491.898302312256 1757.5552887513768 91111.314068432082 254.90148287580814 7948.9342769953073 3993.5673542274162 194.78529413521755 8843.6997795925126 167.89942440841696 8294.4288177687704
leaf_count=510680 454790 45240 10362 452202 143769 15491 92096 16441 13875 53247 17091 15319 3498 350320 2888 2305 146747 26887 13975 124589 445905 26795 468382 1003 25414 7115 1378 22267 4113 222367
internal_value=0 0.0066079 -0.00687586 -0.0287637 -0.00588434 -0.00419052 -0.00586878 -0.00365214 0.00545889 -0.0167071 -0.00299598 0.0110226 -0.00385236 -0.0102159 -0.00864975 -0.00173732 -0.00903814 -0.00216754 0.0142357 -0.00675346 -0.0255671 0.00619478 -0.00170929 -0.0139945 0.0064076 -0.00292808 0.0217501 0.0159175 -0.0203392 -0.0144529
internal_weight=466649 237961 228687 9912.72 218775 189170 173379 136237 229919 29605 133115 7660.97 125454 31280.2 30163.2 94174 15870 93068 15790.7 13066.4 13735 216853 91743.8 37141.6 215095 11942.5 5141.39 15274.1 10659.8 36886.7
internal_count=3736551 753708 2982843 462564 2520279 1726498 1674765 996605 708468 793781 904509 33788 870721 369649 353208 501072 199994 497574 51733 138464 593787 570004 470687 678160 543209 32529 16697 36242 450018 677157
cat_boundaries=0 39 75 76 116 155 165 176 200 201 225 231 232 233
cat_threshold=0 0 4 0 20480 0 0 0 0 131072 0 0 0 0 0 0 0 0 0 0 0 0 0 224 0 0 0 0 0 0 0 0 0 41943040 4194816 67108864 0 1 2147483648 0 0 0 0 0 0 0 0 0 0 0 0 0 0 0 0 0 0 0 0 0 0 0 0 0 0 0 0 0 0 0 0 0 0 0 512 540 0 0 0 0 0 0 0 0 0 0 0 0 0 0 0 0 0 0 0 0 0 0 0 0 0 0 0 0 0 0 0 0 0 0 0 0 16 0 0 262144 524320 0 0 0 0 0 0 0 0 0 0 0 0 0 0 0 0 0 0 0 0 0 0 0 0 0 0 0 0 0 0 0 0 0 0 512 0 8192 512 0 0 0 0 16384 0 0 0 0 131072 0 0 0 0 0 0 0 0 0 131072 8388608 0 0 0 0 0 0 0 0 0 0 0 0 0 0 0 0 0 0 0 0 0 0 0 160 8192 0 0 0 0 16384 0 0 0 0 0 8388608 0 0 0 0 0 0 0 0 0 0 0 0 32 0 0 4096 0 0 8388608 32 24
is_linear=0
shrinkage=0.05


Tree=35
num_leaves=31
num_cat=7
split_feature=178 187 178 235 177 234 272 269 253 235 178 192 229 194 227 178 192 178 234 213 250 194 216 194 184 207 248 178 187 247
split_gain=7663.11 3237.41 1790.86 1700.87 2258.56 2112.11 1419.68 903.227 867.253 840.087 751.587 760.908 676.971 734.486 688.155 591.04 1054.8 1016.21 545.932 544.688 531.866 727.193 712.659 519.731 519.041 1132.11 645.888 715.29 669.037 582.984
threshold=0 1.0000000180025095e-35 1 1.0000000180025095e-35 2 1.0000000180025095e-35 1.0000000180025095e-35 1.0000000180025095e-35 1.0000000180025095e-35 1.0000000180025095e-35 3 110.00000000000001 8.5000000000000018 1.0000000180025095e-35 2.5000000000000004 4 310.00000000000006 5 1.5000000000000002 1.0000000180025095e-35 1.0000000180025095e-35 1.0000000180025095e-35 1.0000000180025095e-35 1.0000000180025095e-35 60.000000000000007 1.0000000180025095e-35 1.0000000180025095e-35 6 1.0000000180025095e-35 1.0000000180025095e-35
decision_type=9 2 9 2 1 2 2 2 2 2 9 2 2 2 2 9 2 9 2 2 2 2 2 2 2 2 2 9 2 2
left_child=1 8 6 4 12 23 9 18 -1 10 11 -2 14 -14 15 -4 -17 -18 20 -13 22 -22 24 -5 26 -26 27 -6 29 -29
right_child=2 -3 3 5 7 -7 -8 -9 -10 -11 -12 19 13 -15 -16 16 17 -19 -20 -21 21 -23 -24 -25 25 -27 -28 28 -30 -31
leaf_value=0.0065151404611345888 0.0041351363836721342 0.038708836261329579 -0.0097230325018607885 0.0015342501057589045 -0.028531661067151437 -0.041548332201353004 -0.042771215006654942 0.025658688207710931 -0.0068358834172915746 -0.046759845293656038 -0.029896283005903437 -0.011201112482666448 -0.010826421542993328 0.021656028517159864 0.030988872109928491 -0.0044904546908442764 -0.023768208003748598 0.011846017864071056 0.060740338604732561 -0.051375064206076071 0.019174548130903094 -0.04186915198964089 -0.036671153904179181 0.01909206839470147 -0.03743570248566732 -0.010959020864473984 -0.031722737389599964 -0.013103653712445954 0.014709402214860721 0.0085329982972492807
leaf_weight=195878.37295517811 9190.0994988186576 7694.8842693023034 26802.317700518579 6001.8151873162715 3723.2390125239908 1879.3296498750278 4134.2892839293345 1398.1366722600069 12968.007995099411 1680.0494154257176 4533.2075128625002 26916.257888949505 2478.4451565386553 5839.6386007999536 1486.5400829017162 63156.079524901768 2220.1099177690485 19717.415489454346 236.09008218062809 870.65629808104131 2208.7760312022874 625.62778426744626 4052.5548789701716 14161.052323612093 6868.1002100127807 9798.1147549921589 3294.8729008048249 15163.530672914145 3646.9899803303415 3916.902080128144
leaf_count=494528 54831 45240 273359 33433 56591 116756 284153 4261 138464 71713 145502 399960 17091 16697 2624 319804 60908 74390 3496 50825 11203 23021 137443 46452 304246 149347 137120 224066 10833 28194
internal_value=0 0.00685936 -0.00603797 -0.00395531 -0.0055898 0.00914038 -0.0147784 -0.0140042 0.00568609 -0.0121017 -0.0106983 -0.00833387 -0.00179036 0.0119769 -0.00280062 -0.00324969 -0.00120937 0.00823568 -0.015043 -0.012461 -0.0153793 0.00569382 -0.0165631 0.0138661 -0.0148068 -0.0218711 -0.0108483 -0.00824725 -0.00490874 -0.00866163
internal_weight=462542 216541 246000 198676 176633 22042.2 47324.6 54932.9 208846 43190.3 41510.2 36977 121701 8318.08 113382 111896 85093.6 21937.5 53534.8 27786.9 53298.7 2834.4 50464.3 20162.9 46411.7 16666.2 29745.5 26450.7 22727.4 19080.4
internal_count=3736551 678232 3058319 2051335 1854694 196641 1006984 1089821 632992 722831 651118 505616 764873 33788 731085 728461 455102 135298 1085560 450785 1082064 34224 1047840 79885 910397 453593 456804 319684 263093 252260
cat_boundaries=0 39 79 80 119 157 191 192
cat_threshold=0 0 4 0 20480 0 0 0 0 131072 0 0 0 0 0 0 0 0 0 0 0 0 0 224 0 0 0 0 0 0 0 0 0 8388608 4194304 0 0 1 2147483648 8192 0 0 0 0 0 0 0 0 0 8388608 0 0 0 0 0 0 0 0 0 0 0 0 0 0 0 0 0 0 0 0 0 0 0 0 0 1073741840 0 33280 262144 9344 8192 0 0 0 0 0 0 0 0 0 0 0 0 0 0 0 0 0 0 0 0 0 0 0 0 0 0 0 0 0 0 0 0 0 0 0 1073741824 0 33280 0 0 0 0 0 0 0 0 0 0 0 0 0 0 0 0 0 0 0 0 0 0 0 0 0 0 0 0 0 0 0 0 0 0 0 0 1 8192 0 0 0 0 0 0 0 0 0 0 0 0 0 0 0 0 0 0 0 0 0 0 0 0 0 0 0 0 0 0 0 0 0 1073741824 32
is_linear=0
shrinkage=0.05


Tree=36
num_leaves=31
num_cat=12
split_feature=178 184 178 214 187 246 178 182 253 191 213 178 182 182 191 178 248 191 191 191 179 213 178 272 181 235 183 182 228 228
split_gain=7192.17 2041.9 2449.53 1655.34 1424.1 1126.83 1140.42 1465.29 815.343 764.692 764.422 692.135 672.685 551.636 522.34 468.023 467.461 515.736 455.325 450.867 672.227 444.099 443.084 640.324 764.797 433.82 427.68 427.023 416.351 924.129
threshold=0 125.00000000000001 1 2 1.0000000180025095e-35 1.0000000180025095e-35 3 4 1.0000000180025095e-35 7.5000000000000009 1.0000000180025095e-35 5 6 7 19.500000000000004 8 1.0000000180025095e-35 17.500000000000004 2.5000000000000004 6.5000000000000009 9 1.0000000180025095e-35 10 1.0000000180025095e-35 4.5000000000000009 1.0000000180025095e-35 55.000000000000007 11 1.0000000180025095e-35 1.5000000000000002
decision_type=9 2 9 1 2 2 9 9 2 2 2 9 9 9 2 9 2 2 2 2 9 2 9 2 2 2 2 9 2 2
left_child=1 2 13 19 22 6 7 -5 28 27 -11 18 -8 -1 -10 -14 21 -18 -7 -2 -21 26 23 24 -3 -12 -17 -9 -4 -30
right_child=3 4 8 5 -6 11 12 9 14 10 25 -13 15 -15 -16 16 17 -19 -20 20 -22 -23 -24 -25 -26 -27 -28 -29 29 -31
leaf_value=-0.029334906221257746 -0.010353932739468361 0.026346253350326854 0.006893295443544706 -0.044722241922227783 0.030748639466346983 -0.067229764462707967 -0.040141067110849721 -0.019995467803865824 -0.0039956080457718701 -0.011076622704580395 -0.035597012534471395 -0.044562181952861712 -0.028216960447894703 -0.0087626524116889044 -0.04489610149839688 -0.011399190511738272 -0.044509531728074501 -0.0018057334447869116 0.013707743358538442 -0.031995972995538711 0.002654954518036926 -0.048458535993289364 -0.006051161053578182 -0.016203627899377473 -0.011033538367297075 0.0089482106332310733 0.0061429474739834993 0.0030046922780317762 -0.013928469373445827 0.016397376721174806
leaf_weight=4825.9181012225308 9051.7207806683 6782.8536471225452 185140.82731832188 2281.9656059230329 12839.764722215928 210.36796606471762 2435.3489094864053 2143.9905797045503 12072.195228574623 40095.708575276585 588.67261912816321 3588.479819400527 4795.3204964453762 10090.458438162575 834.13670645191451 41695.635382851629 2133.2922735388274 1057.8220411494258 987.02712673618225 1428.1386511488236 51715.056424979237 760.33559197268914 4119.7237133923991 1542.7060556199867 1713.6904222134617 7554.8207414624048 3789.6699323531357 31868.46897547922 7058.9345646523871 3899.4390624233056
leaf_count=118409 54616 39627 436656 118928 81055 2591 109624 36419 103868 556778 33402 332849 162585 96295 34596 647518 107865 29255 11814 10551 235065 42213 12884 10138 49700 21379 64536 145403 22817 7115
internal_value=0 0.0057002 0.00413419 -0.00687037 0.01869 -0.00978049 -0.0089723 -0.00529096 0.00553133 -0.00419136 -0.00824003 -0.033641 -0.0144603 -0.0154347 -0.00664103 -0.0132994 -0.0118466 -0.0303577 -0.000525572 -3.90276e-05 0.00171786 -0.0105714 0.00775376 0.013412 0.0188062 0.00572555 -0.00993748 0.00154945 0.00633278 -0.00313658
internal_weight=459102 250921 223922 208182 26998.7 145987 141201 84533.6 209006 82251.7 48239.2 4785.87 56667.4 14916.4 12906.3 54232.1 49436.8 3191.11 1197.4 62194.9 53143.2 46245.6 14159 10039.3 8496.54 8143.49 45485.3 34012.5 196099 10958.4
internal_count=3736551 1013160 819756 2723391 193404 2423159 2075905 912309 605052 793381 611559 347254 1163596 214704 138464 1053972 891387 137120 14405 300232 245616 754267 112349 99465 89327 54781 712054 181822 466588 29932
cat_boundaries=0 39 44 45 85 96 136 160 184 224 258 263 287
cat_threshold=32 0 4 0 20480 0 0 0 0 131072 0 0 0 0 0 0 0 0 0 0 0 0 0 224 0 0 0 0 0 0 0 0 0 41943040 4194816 67108864 0 0 2147483648 32 0 0 0 4096 2051 524288 0 0 0 0 0 0 0 0 0 0 0 0 0 0 0 0 0 0 0 0 0 0 0 0 0 0 0 0 0 0 0 0 1073741824 0 512 1 1 32768 65536 0 0 0 0 16384 0 0 0 0 131072 8388608 0 0 0 0 0 0 0 0 0 0 0 0 0 0 0 0 0 0 0 0 0 0 0 0 0 0 0 0 0 0 0 0 0 0 0 512 0 1 0 65536 0 0 0 0 16384 0 0 0 0 0 0 0 0 0 0 0 0 0 0 0 0 0 0 192 0 0 0 0 16384 0 0 0 0 131072 0 0 0 0 0 0 0 0 0 0 0 0 0 32 0 0 0 0 0 0 0 0 0 0 8388608 0 0 0 0 0 0 0 0 0 0 0 0 0 0 0 0 0 0 0 0 0 0 0 0 0 16 0 0 262144 0 0 0 0 0 0 0 0 0 0 0 0 0 128 0 0 0 0 0 0 0 0 0 0 0 0 0 0 0 0 0 0 0 16384 32 0 0 0 4096 0 0 4 0 4096 0 0 0 0 0 0 0 0 0 0 0 0 0 0 0 0 0 0 64
is_linear=0
shrinkage=0.05


Tree=37
num_leaves=31
num_cat=12
split_feature=178 184 178 214 194 178 182 194 214 178 253 272 225 250 179 181 181 248 199 191 182 182 191 182 185 194 213 181 178 272
split_gain=6877.61 1736.8 2280.19 1482.87 1220.2 984.558 1457.51 1373.52 1763.21 964.143 779.933 728.979 704.889 748.07 661.165 642.553 603.069 526.87 510.386 492.321 486.782 486.093 469.865 448.198 851.826 425.343 645.664 404.6 384.974 362.803
threshold=0 125.00000000000001 1 2 1.0000000180025095e-35 3 4 1.0000000180025095e-35 5 6 1.0000000180025095e-35 1.0000000180025095e-35 1.0000000180025095e-35 1.0000000180025095e-35 7 4.5000000000000009 4.5000000000000009 1.0000000180025095e-35 55.000000000000007 6.5000000000000009 8 9 12.500000000000002 10 1.0000000180025095e-35 1.0000000180025095e-35 1.0000000180025095e-35 -1.0000000180025095e-35 11 1.0000000180025095e-35
decision_type=9 2 9 1 2 9 9 2 1 9 2 2 2 2 9 2 2 2 2 2 9 9 2 9 2 2 2 2 9 2
left_child=1 2 20 4 14 6 -5 9 17 -7 29 12 13 21 -2 23 25 -9 -6 -12 -1 -11 28 24 -8 27 -27 -3 -10 -4
right_child=3 16 10 5 18 7 15 8 22 11 19 -13 -14 -15 -16 -17 -18 -19 -20 -21 -22 -23 -24 -25 -26 26 -28 -29 -30 -31
leaf_value=-0.028024745378112809 0.040743048953409251 0.032755815979346868 0.0066182167776643909 -0.04438544430656418 0.010855560170429672 -0.026245719131933284 0.011881201359197784 0.0033176640036453675 -0.016506102454489639 0.0079958384347786262 0.0084800373787510038 -0.031979236886429514 0.00070287963788590621 0.016661645574669759 -0.012432295211184939 -0.012719491388681767 -0.0019010723288300814 -0.023943698630514043 -0.00020817829416781895 -0.012777611564592306 -0.0084999645854285707 -0.016104794943771573 -0.03925212076206766 -0.0030460442719610695 -0.0400194316730349 0.0052016215413057138 0.029048184362890545 0.0094935880684630797 -0.037263793247937896 -0.019674873778594192
leaf_weight=4704.3500383691426 594.49869110234431 8693.0086237337964 188071.33593119326 2181.417995214113 18565.760587245109 6760.124606999656 11197.14629900211 6764.3435684966826 6873.371978131152 2326.7269468228915 3918.1186802274315 2617.3382920004442 26797.563037673724 2232.9130515459692 18016.494015257529 12840.478834817215 3391.0740608604392 2400.9532601336832 23767.218148004205 8930.4696847316809 9991.9645059100585 20537.953614603997 8556.2923790293789 33166.473193739119 850.11617001258128 7534.9486159193912 4554.5908425261732 2382.7193403510319 3354.3587094153263 1320.6321892553242
leaf_count=118409 2305 44536 414340 118928 87261 136487 27499 91106 86623 36429 13875 153029 149329 11203 134962 269474 70190 101939 75704 124589 96295 386220 407233 300352 55605 52535 8007 18136 131170 12781
internal_value=0 0.00572115 0.00424386 -0.00662092 -4.69725e-05 -0.00930134 -0.00436025 -0.0126362 -0.0218231 -0.00844749 0.00562576 -0.00623405 -0.00493639 -0.0109577 -0.0107172 -0.00284844 0.0177907 -0.00381996 0.00464394 -0.00629472 -0.0147658 -0.0136555 -0.0305885 -4.55214e-05 0.00821009 0.0206735 0.0141868 0.0277525 -0.0233685 0.0064348
internal_weight=453895 243493 216937 210402 60944 149458 60235.6 89221.9 27949.3 61272.6 202241 54512.5 51895.2 25097.6 18611 58054.2 26556.3 9165.3 42333 12848.6 14696.3 22864.7 18784 45213.7 12047.3 23165.3 12089.5 11075.7 10227.7 189392
internal_count=3736551 973693 780289 2762858 300232 2462626 771858 1690768 818071 872697 565585 736210 583181 433852 137267 652930 193404 193045 162965 138464 214704 422649 625026 383456 83104 123214 60542 62672 217793 427121
cat_boundaries=0 35 40 41 81 92 93 133 139 163 174 198 237
cat_threshold=32 0 4 0 20480 0 0 0 0 131072 0 0 0 0 0 0 0 0 0 0 0 0 0 224 0 0 0 0 0 0 0 0 0 41943040 4194304 32 0 0 0 4096 2051 524288 0 0 0 0 0 0 0 0 0 0 0 0 0 0 0 0 0 0 0 0 0 0 0 0 0 0 0 0 0 0 0 0 1073741824 512 67109376 0 1 2147483648 65536 0 0 0 0 16384 0 0 0 0 131072 8388608 24 0 0 0 0 0 0 0 0 0 0 0 0 0 0 0 0 0 0 0 0 0 0 0 0 0 0 0 0 0 0 0 0 0 0 0 0 1073741840 0 0 262144 0 0 4096 0 0 8388608 0 0 0 0 16384 0 0 0 0 131072 0 0 0 0 0 0 0 0 0 0 0 0 0 32 0 0 0 0 0 0 0 0 0 131072 8388608 0 0 0 0 0 0 0 0 0 0 0 0 0 0 0 0 0 0 0 0 0 0 0 160 0 0 0 0 0 0 0 0 0 0 0 0 0 0 0 0 0 0 0 0 0 0 0 0 0 0 0 0 0 0 0 0 0 0 0 0 17 0 33280
is_linear=0
shrinkage=0.05


Tree=38
num_leaves=31
num_cat=7
split_feature=178 184 178 214 187 194 246 188 178 253 178 178 192 190 234 192 225 187 214 217 192 192 194 235 181 184 234 181 229 248
split_gain=6291.19 1573.16 2050.89 1560.72 1335.27 1093.94 1025.48 807.753 1168.11 739.986 662.882 654.687 593.815 644.62 576.312 474.346 987.646 557.434 504.078 472.824 464.049 448.327 418.671 740.262 648.86 405.258 400.852 389.168 369.932 366.558
threshold=0 125.00000000000001 1 2 1.0000000180025095e-35 1.0000000180025095e-35 1.0000000180025095e-35 1.0000000180025095e-35 3 1.0000000180025095e-35 4 5 330.00000000000006 1.0000000180025095e-35 1.0000000180025095e-35 170.00000000000003 1.0000000180025095e-35 1.0000000180025095e-35 6 1.0000000180025095e-35 390.00000000000006 190.00000000000003 1.0000000180025095e-35 1.0000000180025095e-35 4.5000000000000009 175.00000000000003 1.0000000180025095e-35 4.5000000000000009 7.5000000000000009 1.0000000180025095e-35
decision_type=9 2 9 1 2 2 2 2 9 2 9 9 2 2 2 2 2 2 1 2 2 2 2 2 2 2 2 2 2 2
left_child=1 2 -1 5 22 12 7 8 -5 -4 -8 25 -2 -14 -9 16 17 19 21 -13 -11 -17 24 -24 -3 -10 -25 -6 -7 -21
right_child=3 4 9 6 27 28 10 14 11 20 -12 15 13 -15 -16 18 -18 -19 -20 29 -22 -23 23 26 -26 -27 -28 -29 -30 -31
leaf_value=-0.014120523883806305 -0.01301180212328143 0.020780382855843067 0.0061704731854612532 -0.0034057895171537254 0.03260148473454199 0.0028035130748251974 -0.046835956725468447 0.0039365955789079669 -0.028979416057958632 -0.0038303869547461726 -0.010418430065168243 -0.027117983647493127 0.029936015926973748 -0.034237634582374464 -0.028378025296349075 -0.031416713661833656 0.0030858172942209456 0.0026870634307469376 -0.022347868304176496 -0.007959016308385641 -0.04344701823087195 -0.0074362750418732974 -0.015040102278429574 0.025762374407786271 -0.026608298862285204 0.013160899072235999 -0.033481448893790289 0.0066981181458965026 0.015448578308301231 -0.044891582757951125
leaf_weight=14435.835310134644 16233.051750175495 6080.5709123227571 188714.3222693745 45367.297661217934 10610.604839739797 34716.424259157357 2894.910496804041 17200.43295312213 8468.2600685217185 11946.363609652588 2229.0243813579509 7943.613141803944 1660.8115482463909 511.37777396017918 1499.5577980149246 2212.6450124143448 13183.971951880827 3962.7193491084618 16371.295800690263 9064.0333682927012 787.48879785914323 16350.947279295156 4303.7185965911194 2333.3652303594281 819.18771694970201 611.29046768072294 324.81494503319846 1680.4146478836483 6940.1651703028474 725.25747825029248
leaf_count=214704 119503 28700 427121 326770 60565 140535 299076 87302 334695 103868 56603 179340 7475 10289 82964 50107 63328 28680 452634 97292 34596 349633 29884 8203 25253 17097 20309 20490 22430 37105
internal_value=0 0.00548122 0.00407838 -0.00637361 0.017063 0.00042503 -0.00913093 -0.00834371 -0.00980169 0.005383 -0.0311088 -0.0134774 -0.00972632 0.0148215 0.00134432 -0.0118304 -0.00770695 -0.0142656 -0.0159504 -0.0180543 -0.00628237 -0.0102901 0.00642357 -0.00222653 0.0151518 -0.0261124 0.0185163 0.0290608 0.00491051 -0.0106979
internal_weight=450184 242037 215884 208147 26152.7 60061.8 148085 142961 124261 201448 5123.93 78894 18405.2 2172.19 18700 69814.5 34879.6 21695.6 34934.9 17732.9 12733.9 18563.6 13861.7 6961.9 6899.76 9079.55 2658.18 12291 41656.6 9789.29
internal_count=3736551 973693 780289 2762858 193404 300232 2462626 2106947 1936681 565585 355679 1609911 137267 17764 170266 1258119 405745 342417 852374 313737 138464 399740 112349 58396 53953 351792 28512 81055 162965 134397
cat_boundaries=0 35 40 41 81 120 160 161
cat_threshold=32 0 4 0 20480 0 0 0 0 131072 0 0 0 0 0 0 0 0 0 0 0 0 0 224 0 0 0 0 0 0 0 0 0 41943040 4194304 32 0 0 0 4096 2051 0 0 0 0 0 0 0 0 0 0 0 0 0 0 0 0 0 0 0 0 0 0 0 0 0 0 0 0 0 0 0 0 0 1073741824 512 67109376 1 1 2147483648 65536 0 0 0 0 0 0 0 0 0 0 0 0 0 0 0 0 0 0 0 0 0 0 0 0 0 0 0 0 0 0 0 0 0 1073741824 0 0 1 0 33280 8192 0 0 0 0 0 0 0 0 0 8388608 0 0 0 0 0 0 0 0 0 0 0 0 0 0 0 0 0 0 0 0 0 0 0 0 0 16 0 0 262144 536
is_linear=0
shrinkage=0.05


Tree=39
num_leaves=31
num_cat=10
split_feature=178 184 178 198 187 246 229 178 182 188 214 194 178 178 194 185 182 181 188 183 202 185 232 179 181 199 199 178 245 245
split_gain=5942.42 1532.66 1827.38 1459.64 1153.14 1033.84 886.599 1105.59 1135.8 914.417 705.377 858.949 1153.3 628.538 554.637 520.184 513.177 456.458 391.748 778.672 774.496 630.541 387.221 387.203 385.992 380.896 380.173 368.486 914.409 762.578
threshold=0 125.00000000000001 1 1.0000000180025095e-35 1.0000000180025095e-35 1.0000000180025095e-35 7.5000000000000009 2 3 1.0000000180025095e-35 4 1.0000000180025095e-35 5 6 1.0000000180025095e-35 1.0000000180025095e-35 7 4.5000000000000009 1.0000000180025095e-35 75.000000000000014 1.0000000180025095e-35 1.0000000180025095e-35 135.00000000000003 8 4.5000000000000009 55.000000000000007 225.00000000000003 9 1.0000000180025095e-35 1.0000000180025095e-35
decision_type=9 2 9 2 2 2 2 9 9 2 1 2 9 9 2 2 9 2 2 2 2 2 2 9 2 2 2 9 2 2
left_child=1 2 -1 5 27 6 7 16 -9 10 11 23 -13 -7 -8 -11 -2 -18 19 -4 21 -20 -12 -10 -6 -5 -27 28 -3 -29
right_child=3 4 18 25 24 13 14 8 9 15 22 12 -14 -15 -16 -17 17 -19 20 -21 -22 -23 -24 -25 -26 26 -28 29 -30 -31
leaf_value=-0.013356479168102429 -0.0052008345419041558 0.015867952129604058 0.0053545377699676516 0.013806188400521802 0.031837888757606209 -0.046347930975981368 -0.010498188525755174 -0.043311398438804265 0.039570025220266716 0.0085126016083562663 -0.012787445568040465 -0.024454317666397336 -0.0016335954144961356 -0.010277518402499061 0.014810062190546841 -0.028858494179699434 -0.020899118472335731 -0.047260312072768429 0.022828213166069086 -0.0078684559053579933 -0.014241924563499993 0.0012099388835309444 0.050564720662540079 -0.0018846332562667387 0.0059442797388263684 -0.0032975988008516425 0.011055298753162994 -0.022907290288099479 -0.050397991406733379 0.023734067243140214
leaf_weight=14211.945942963619 4617.3729531941644 9154.1250424885511 170704.2348904516 7371.9755264703999 10308.379227852944 2755.2791547931774 3128.6979839358246 2080.3091953459516 558.41005593343289 13157.834656416264 45932.343649469083 11077.806386620287 11074.339264379756 2180.6796671476695 7023.2588933518855 1001.5410614058783 12072.609928884354 1901.212540359571 10981.050270776876 11909.665469963104 2408.2526191982615 4869.0355946966447 241.96074616757687 57188.050598267975 1673.6488441179245 16421.115977947426 6415.6853901291033 2454.1572599272477 551.47174896392971 1362.4134750708472
leaf_count=214704 104555 93019 386044 24752 60565 299076 24039 118928 2305 40633 894928 206611 110054 56603 22430 62314 267505 106466 18908 133078 14059 13496 1003 344952 20490 57694 18010 9834 6446 3050
internal_value=0 0.00533826 0.0039642 -0.00622847 0.0169276 -0.00797166 -0.00732059 -0.00822479 -0.00672503 -0.00617904 -0.0075326 -0.00468728 -0.013058 -0.0305306 0.00700977 0.00586794 -0.0196902 -0.0244701 0.00519012 0.00449212 0.0121736 0.0161878 -0.0124521 -0.00147681 0.0282219 0.00392485 0.000734585 0.00691874 0.0120874 -0.00623899
internal_weight=446789 240588 215084 206200 25504.2 175992 171056 160904 142313 140232 126073 79898.6 22152.1 4935.96 10152 14159.4 18591.2 13973.8 200872 182614 18258.3 15850.1 46174.3 57746.5 11982 30208.8 22836.8 13522.2 9705.6 3816.57
internal_count=3736551 973693 780289 2762858 193404 2662402 2306723 2260254 1781728 1662800 1559853 663922 316665 355679 46469 102947 478526 373971 565585 519122 46463 32404 895931 347257 81055 100456 75704 112349 99465 12884
cat_boundaries=0 35 40 80 91 92 131 170 181 187 192
cat_threshold=32 0 4 0 20480 0 0 0 0 131072 0 0 0 0 0 0 0 0 0 0 0 0 0 224 0 0 0 0 0 0 0 0 0 41943040 4194304 32 0 0 0 4096 8192 0 0 0 0 0 0 0 0 0 8388608 0 0 0 0 0 0 0 0 0 0 0 0 0 0 0 0 0 0 0 0 0 0 0 0 0 16 8192 0 262144 0 0 0 0 16384 0 0 0 0 131072 8388608 1027 0 0 0 0 0 0 0 0 0 0 0 0 0 0 0 0 0 0 0 0 0 0 0 0 0 0 0 0 0 0 0 0 0 0 0 0 1 0 2147516928 0 0 0 0 0 0 0 0 0 0 0 0 0 0 0 0 0 0 0 0 0 0 0 0 0 0 0 0 0 0 0 0 0 1073741824 0 0 1 0 33280 0 0 4 0 4096 0 0 0 0 131072 8388608 0 0 4096 0 0 8388608 32 0 0 0 4096
is_linear=0
shrinkage=0.05


Tree=40
num_leaves=31
num_cat=10
split_feature=178 187 188 179 178 213 246 253 178 182 185 248 247 185 191 182 185 229 222 191 194 191 194 178 246 194 178 178 182 191
split_gain=5595.06 2332.38 1338 1735.56 1127.84 978.723 955.478 622.952 622.754 773.604 487.661 487.417 547.466 475.571 459.478 441.914 441.243 440.542 438.567 436.433 427.408 344.466 343.07 338.257 335.996 341.178 1861.84 977.752 785.499 701.764
threshold=0 1.0000000180025095e-35 1.0000000180025095e-35 1 2 1.0000000180025095e-35 1.0000000180025095e-35 1.0000000180025095e-35 3 4 1.0000000180025095e-35 1.0000000180025095e-35 1.0000000180025095e-35 1.0000000180025095e-35 6.5000000000000009 5 1.0000000180025095e-35 7.5000000000000009 1.0000000180025095e-35 20.500000000000004 1.0000000180025095e-35 19.500000000000004 1.0000000180025095e-35 6 1.0000000180025095e-35 1.0000000180025095e-35 7 8 9 11.500000000000002
decision_type=9 2 2 9 9 2 2 2 9 9 2 2 2 2 2 9 2 2 2 2 2 2 2 9 2 2 9 9 9 2
left_child=1 7 3 -2 17 16 8 24 15 10 -10 12 13 -11 -9 -6 -4 18 -5 -13 -19 -22 -20 -7 25 27 -27 29 -28 -1
right_child=2 -3 5 4 6 23 -8 14 9 11 -12 19 -14 -15 -16 -17 -18 20 22 -21 21 -23 -24 -25 -26 26 28 -29 -30 -31
leaf_value=0.014169605895468682 0.0028353832434301115 0.035297045775039164 -0.0012887786333996331 -0.0043074569604149241 -0.052508128435425877 -0.029758139460957594 -0.047395441913537784 0.00834136508924147 -0.040736901748197316 -0.0094105325030983469 0.015815649199653978 -0.039316550024371059 0.0097889713084487271 -0.043982092547405004 -0.012378054697498565 -0.020106002813314015 -0.026330459178649009 -0.010117497981917207 -0.031307395217560166 0.0078051741857743211 0.015604192457713887 -0.022793306624288516 -0.0076974719001980984 0.014773742184884822 -0.03411362970402558 0.010887217841832067 0.00047883494352035644 0.0019959583045622148 -0.014182601333212525 0.0028537197401152358
leaf_weight=50511.172575960692 36227.198105418734 6443.5037495211582 11537.039876028983 47212.99444011633 1230.6015141768294 430.8695250172168 1946.5991035142943 3858.2015366716078 3079.0730764669715 73650.680743569261 434.64756172557827 2365.1763363559148 3714.0758513023902 1008.0049418679118 8726.8094254415773 7469.0853417538747 2075.2015080630372 3096.1498095299903 2824.6114662467735 619.8017049713817 6468.9909350235248 641.51875187864061 3381.378738606174 14374.965658755274 534.92590128997108 38687.401492787234 27538.947831682919 51388.43304092472 13660.94694532681 18802.674653249007
leaf_count=104606 137316 45240 73595 465257 73152 15491 213712 13875 238346 1051795 12168 121521 28194 62329 124589 278640 116659 24039 38922 15599 18505 3925 33528 36242 8987 77359 58186 131680 60085 53009
internal_value=0 0.00565921 -0.00556727 -0.00704203 -0.00929015 0.00456935 -0.0127259 0.00476576 -0.0120057 -0.0106952 -0.0336429 -0.00969985 -0.00894554 -0.00987766 -0.0060256 -0.0247477 -0.00510761 -0.00413094 -0.00595024 -0.0295308 0.00538613 0.0121379 -0.0184458 0.0134664 0.00544105 0.00554665 0.00301182 0.00722427 -0.00438482 0.0110985
internal_weight=443942 220153 223789 195371 159143 28418.1 95517.7 213710 93571.1 84871.5 3513.72 81357.7 78372.8 74658.7 12585 8699.69 13612.2 63625.6 53419 2984.98 10206.7 7110.51 6205.99 14805.8 201125 200590 79887.3 120702 41199.9 69313.8
internal_count=3736551 677616 3058935 2816948 2679632 241987 2095456 632376 1881744 1529952 250514 1279438 1142318 1114124 138464 351792 190254 584176 537707 137120 46469 22430 72450 51733 493912 484925 195630 289295 118271 157615
cat_boundaries=0 39 73 113 153 164 188 189 224 263 273
cat_threshold=0 0 4 0 20480 0 0 0 0 131072 0 0 0 0 0 0 0 0 0 0 0 0 0 224 0 0 0 0 0 0 0 0 0 41943040 4194304 0 0 0 2147483648 0 0 4096 0 0 8388608 0 0 0 0 0 0 0 0 0 0 0 0 0 0 0 0 0 0 0 0 0 0 0 0 0 0 0 65536 0 0 0 0 0 0 0 0 0 0 0 0 0 0 0 0 0 0 0 0 0 0 0 0 0 0 0 0 0 0 0 0 0 1073741824 512 67109376 1 8193 0 65536 8192 0 0 0 0 0 0 0 0 0 8388608 0 0 0 0 0 0 0 0 0 0 0 0 0 0 0 0 0 0 0 0 0 0 0 0 0 16 0 0 262144 0 0 0 0 20480 0 0 0 0 131072 8388608 0 0 0 0 0 0 0 0 0 0 0 0 0 0 0 0 0 0 0 0 0 0 0 160 8192 0 0 0 0 16384 0 0 0 0 131072 0 0 0 0 0 0 0 0 0 0 0 0 0 96 0 0 0 0 0 0 0 0 0 0 4194304 0 0 4 0 4096 0 0 0 0 0 0 0 0 0 0 0 0 0 0 0 0 0 0 128 0 0 0 0 0 0 0 0 0 41943040 0 0 0 0 2147483648 0 0 0 0 4096 0 0 0 0 131072
is_linear=0
shrinkage=0.05


Tree=41
num_leaves=31
num_cat=4
split_feature=214 187 208 185 246 204 213 191 248 253 179 185 191 214 191 191 182 191 245 191 211 225 185 227 213 232 181 191 195 191
split_gain=5224.74 2250.74 1349.46 1999.25 1095.64 1209.08 909.653 585.82 529.764 529.026 446.215 439.102 429.786 409.653 406.628 395.139 359.968 1044.86 926.664 346.502 344.89 340.231 336.337 333.165 331.866 330.803 330.014 1021.41 515.386 440.867
threshold=0 1.0000000180025095e-35 1.0000000180025095e-35 1.0000000180025095e-35 1.0000000180025095e-35 1.0000000180025095e-35 1.0000000180025095e-35 9.5000000000000018 1.0000000180025095e-35 1.0000000180025095e-35 1 1.5000000000000002 6.5000000000000009 2 6.5000000000000009 17.500000000000004 3 20.500000000000004 1.0000000180025095e-35 10.500000000000002 1.0000000180025095e-35 1.0000000180025095e-35 1.0000000180025095e-35 2.5000000000000004 1.0000000180025095e-35 135.00000000000003 1.0000000180025095e-35 16.500000000000004 1.0000000180025095e-35 11.500000000000002
decision_type=1 2 2 2 2 2 2 2 2 2 9 2 2 1 2 2 9 2 2 2 2 2 2 2 2 2 2 2 2 2
left_child=1 9 4 12 5 6 8 -7 11 10 -1 13 24 19 -11 -10 17 18 -12 -2 23 -21 -19 26 -4 -15 27 28 -18 -28
right_child=2 -3 3 -5 -6 7 -8 -9 15 14 16 -13 -14 25 -16 -17 20 22 -20 21 -22 -23 -24 -25 -26 -27 29 -29 -30 -31
leaf_value=-0.04621579121282219 -0.0034654221836938324 0.034482472075322873 -0.032000831753529288 -0.039398768123459812 -0.030326010222617352 0.022902286069592867 -0.038889790432209526 -0.0032418837052113599 -0.042398171055727858 0.0075058241324105646 0.019239991844619608 0.065922338686103726 0.013262408581683982 -0.011568715187320763 -0.012043251471906916 -0.0035991000079175304 -0.00028657569648382841 -0.0019352802599802413 -0.049863612501704208 -0.0027722514713213438 0.038927648558092019 -0.013295294865775015 -0.05095286809200044 0.028394252329558462 0.0042226524914339208 0.047766423237562888 0.0080932761043993658 0.009836440710716517 -0.026835027142585472 0.0009509230802924166
leaf_weight=422.40142521075904 66683.831634440779 6196.0885174976429 939.59963899130526 2253.2124783626205 5249.5070419051917 4734.3231561414432 2368.4975302125094 3913.0421502068639 1880.9820573200705 3836.1818615025841 12670.732998268955 204.26450017438037 17178.875137051771 45678.774705076212 8671.709370284545 1008.271161044162 81622.955491950968 642.14928636723198 503.9402660127671 11724.469995038919 707.74964292510413 22282.369195402411 769.26573061948875 1387.8043878651224 1930.3688805898128 235.60116188018583 70196.429854018555 30295.428766836529 1869.4693980103475 31214.738485466747
leaf_count=2805 466370 45240 16900 150066 364531 10117 158031 17616 107865 13875 26936 3122 91939 907826 124589 29255 321973 3062 5485 121451 2162 410834 5791 2624 9449 1003 132298 104865 6769 71702
internal_value=0 0.00472249 -0.0062962 0.005251 -0.00784833 -0.007114 -0.0081482 0.0110716 -0.00766165 0.00396938 0.00450872 -0.00724427 0.0102701 -0.00734648 -0.00604707 -0.028863 0.00460304 0.0122056 0.0165946 -0.00555963 0.00409212 -0.00966753 -0.0286635 0.00397836 -0.00763833 -0.0112612 0.00382082 0.00197228 -0.000881236 0.0058949
internal_weight=439273 251007 188266 22302.1 165964 160714 152067 8647.37 149699 244811 232303 146809 20048.8 146605 12507.9 2889.25 231881 14586.1 13174.7 100691 217295 34006.8 1411.42 216587 2869.97 45914.4 215199 113788 83492.4 101411
internal_count=3736551 870176 2866375 268354 2598021 2233490 2205757 27733 2047726 824936 686472 1910606 118288 1907484 138464 137120 683667 41274 32421 998655 642393 532285 8853 640231 26349 908829 637607 433607 328742 204000
cat_boundaries=0 1 15 16 40
cat_threshold=199 0 0 0 0 0 0 0 0 0 0 0 0 0 128 3088 0 0 0 0 4096 0 0 0 0 0 0 0 0 0 0 0 0 0 0 0 0 0 0 64
is_linear=0
shrinkage=0.05


Tree=42
num_leaves=31
num_cat=9
split_feature=178 198 182 178 272 178 187 178 182 253 213 179 188 191 182 185 246 178 235 248 191 191 239 188 191 191 200 241 212 181
split_gain=5405.63 1323.92 1315.09 1538.88 1097.34 1306.13 846.631 838.137 1110.92 638.733 573.58 529.308 470.723 581.427 435.429 420.218 405.658 389.756 391.968 401.906 384.482 366.156 361.991 575.293 682.053 692.85 391.532 346.379 342.478 334.401
threshold=0 1.0000000180025095e-35 1 2 1.0000000180025095e-35 3 1.0000000180025095e-35 4 5 1.0000000180025095e-35 1.0000000180025095e-35 6 1.0000000180025095e-35 15.500000000000002 7 1.0000000180025095e-35 1.0000000180025095e-35 8 1.0000000180025095e-35 1.0000000180025095e-35 18.500000000000004 16.500000000000004 1.0000000180025095e-35 1.0000000180025095e-35 2.5000000000000004 22.500000000000004 1.0000000180025095e-35 25.000000000000004 1.0000000180025095e-35 4.5000000000000009
decision_type=9 2 9 9 2 9 2 9 9 2 2 9 2 2 9 2 2 9 2 2 2 2 2 2 2 2 2 2 2 2
left_child=2 4 6 -4 7 -6 -1 8 -2 16 11 -9 13 14 -10 -14 22 -13 19 -19 -11 -21 23 27 -25 26 -26 -5 -28 -8
right_child=1 -3 3 9 5 -7 29 10 12 20 -12 17 15 -15 -16 -17 -18 18 -20 21 -22 -23 -24 24 25 -27 28 -29 -30 -31
leaf_value=0.0073687673858197581 -0.041303673483407646 0.0034582214471520281 -0.012512904743915018 0.0050177524250169881 0.022067535258181229 -0.033491752288468568 0.029692168198625857 0.038917008024305109 -0.018674450116882839 -0.0036936546000799295 -0.045557827715501674 -0.026220107166717101 0.007766573681002583 -0.016466848606855902 -0.0017717565838023135 -0.027028604329216274 -0.019228121286853105 -0.0086850920543748295 -0.042748821615225051 -0.042759161739165392 -0.03724456475390707 -0.0056489894911177091 -0.01375237281656635 -0.041994665591644449 0.031040815981602712 -0.031254013740523091 -0.024518488833515841 0.049526609884189721 0.015928227538733623 0.0053947164439857517
leaf_weight=13158.555946087996 1922.8541547930945 29552.880175046856 13689.342830335852 173609.32480639499 1231.7933551575406 7309.2847880347108 9524.0270366342884 524.81536378985038 4069.7758685736044 11545.474735867727 1197.3667908708449 3973.9250668451277 12976.642500526592 9037.5516723968758 57708.233038743871 929.35423277635709 1643.8740116640402 57916.389535003793 903.46076532933512 1686.4437497757899 921.67880482500186 1097.7284408713458 2358.7863206934417 504.56153853797878 4835.4473371638451 706.33531790203415 555.23981193051441 437.75414522783831 8976.2288433438953 1664.284989200838
leaf_count=112666 118928 100456 214188 432410 10426 452202 60664 2305 103705 99089 75547 145494 40633 183432 384602 62314 26769 816004 50273 102453 39375 34667 14059 1351 8774 4846 2597 896 14836 20590
internal_value=0 -0.00627581 0.00493674 0.00371482 -0.00804666 -0.025491 0.0159607 -0.00707871 -0.00382555 0.00479332 -0.0112646 -0.0106447 -0.00296987 -0.00462181 -0.0028888 0.00543992 0.00549988 -0.0110459 -0.0100627 -0.00957742 -0.00617582 -0.028133 0.00571169 0.00595387 0.0151594 0.0170742 0.0194516 0.00512987 0.0135704 0.0260787
internal_weight=436169 192038 244131 219784 162486 8541.08 24346.9 153945 86644.4 206095 67300.1 66102.8 84721.6 70815.6 61778 13906 193628 65577.9 61604 60700.6 12467.2 2784.17 191984 189625 15577.8 15073.3 14366.9 174047 9531.47 11188.3
internal_count=3736551 2683441 1053110 859190 2582985 462628 193920 2120357 893614 645002 1226743 1151196 774686 671739 488307 102947 506538 1148891 1003397 953124 138464 137120 479769 465710 32404 31053 26207 433306 17433 81254
cat_boundaries=0 39 63 68 104 144 155 161 185 225
cat_threshold=32 0 4 0 20480 0 0 0 0 131072 0 0 0 0 0 0 0 0 0 0 0 0 0 224 0 0 0 0 0 0 0 0 0 41943040 4194816 0 0 1 2147483648 0 0 4 0 4096 0 0 0 0 0 0 0 0 0 0 0 0 0 0 0 0 0 0 128 32 0 0 0 4096 0 0 0 0 0 0 0 0 0 0 0 0 0 0 0 0 0 0 0 0 0 0 0 0 0 0 0 0 0 0 0 0 0 0 0 67109376 524288 0 0 0 0 0 0 0 0 0 0 0 0 0 0 0 0 0 0 0 0 0 0 0 0 0 0 0 0 0 0 0 0 1073741824 0 67108864 1 8192 32768 65536 0 0 0 0 16384 0 0 0 0 131072 8388608 0 0 4096 0 0 8388608 0 0 4 0 4096 0 0 0 0 0 0 0 0 0 0 0 0 0 0 0 0 0 0 64 0 0 0 0 0 0 0 0 0 0 8388608 0 0 0 0 0 0 0 0 0 0 0 0 0 0 0 0 0 0 0 0 0 0 0 0 0 16 0 0 262144
is_linear=0
shrinkage=0.05


Tree=43
num_leaves=31
num_cat=8
split_feature=178 187 188 198 178 246 213 253 178 182 179 229 229 186 182 191 248 247 191 239 188 191 191 209 212 182 211 182 191 191
split_gain=5060.88 1801.52 1290.22 1438.12 926.489 835.928 799.599 617.996 565.418 689.848 455.618 414.996 436.975 407.38 407.005 389.039 379.238 428.19 329.752 312.909 546.388 528.392 476.906 347.823 331.823 302.074 295.076 306.729 508.243 488.605
threshold=0 1.0000000180025095e-35 1.0000000180025095e-35 1.0000000180025095e-35 1 1.0000000180025095e-35 1.0000000180025095e-35 1.0000000180025095e-35 2 3 4 7.5000000000000009 1.0000000180025095e-35 1.0000000180025095e-35 5 6.5000000000000009 1.0000000180025095e-35 1.0000000180025095e-35 21.500000000000004 1.0000000180025095e-35 1.0000000180025095e-35 22.500000000000004 2.5000000000000004 1.0000000180025095e-35 1.0000000180025095e-35 6 1.0000000180025095e-35 7 19.500000000000004 6.5000000000000009
decision_type=9 2 2 2 9 2 2 2 9 9 9 2 2 2 9 2 2 2 2 2 2 2 2 2 2 9 2 9 2 2
left_child=1 7 3 4 11 8 -4 19 14 13 -11 12 -2 -10 -6 -9 17 -12 -18 20 26 22 -22 24 -24 -16 27 28 29 -1
right_child=2 -3 6 -5 5 -7 -8 15 9 10 16 -13 -14 -15 25 -17 18 -19 -20 -21 21 -23 23 -25 -26 -27 -28 -29 -30 -31
leaf_value=0.0021626414904131262 -0.0040218871227904645 0.033028042440416988 -0.0041587964985717275 0.0033666988695330692 0.01247056721909541 -0.04574055224708589 0.012823460686692996 0.0071549751671943444 -0.038973048921675586 0.037861192863845747 -0.0094851541560286821 0.0054335100041330072 -0.018172643846361556 0.014320872694908707 -0.051176801018787021 -0.012032880645865227 -0.035921794182674729 0.0081014209823993596 0.0095655957370576195 -0.012822680081610216 -0.034742525015645828 -0.027782490901981066 -0.015555128302807012 0.028910218007439748 0.015560346867078054 -0.022769342878355091 0.03754856800163283 0.0035735577223789945 -0.019639525531929387 0.014058336178890915
leaf_weight=13523.58374661897 46407.217895021771 5764.8274220405438 13270.944033409236 29302.682273812825 711.99477689305786 1769.7692182913015 14508.314580192964 3814.7456224106718 2898.2247710541124 505.0976897860528 78658.165909688236 9983.8355338443071 6182.2741433142073 408.78927031066269 1110.9361882490048 8586.3527422554325 2216.4213384907343 3619.7288500416325 485.29386766275275 2332.6261421823874 441.5018696863408 706.52965768205468 946.84547876747092 4867.5358389585745 8961.6760847210389 6411.0094302266807 684.90766118001193 138419.58575129753 1530.008777670213 23871.382800185849
leaf_count=30524 465257 45240 190254 100456 28753 213712 51733 13875 239422 2305 1148679 46469 72450 11092 73152 124589 125080 28194 12040 14059 1418 4976 4329 8774 14836 249887 2162 355193 7900 49741
internal_value=0 0.00545618 -0.00535631 -0.00682327 -0.00867369 -0.0116886 0.00471044 0.00469469 -0.0110685 -0.00990211 -0.0090323 -0.00391082 -0.00568566 -0.0322849 -0.0236032 -0.00612998 -0.00931572 -0.00871135 -0.027749 0.00537861 0.00559757 0.014471 0.016434 0.0179646 0.0125859 -0.0270311 0.00480381 0.00467722 0.00859854 0.00975658
internal_weight=432903 214452 218451 190671 161369 98795.4 27779.3 208687 97025.7 88791.7 85484.7 62573.3 52589.5 3307.01 8233.94 12401.1 84979.6 82277.9 2701.72 196286 193954 15924.1 15217.6 14776.1 9908.52 7521.95 178029 177345 38925 37395
internal_count=3736551 677616 3058935 2816948 2716492 2132316 241987 632376 1918604 1566812 1316298 584176 537707 250514 351792 138464 1313993 1176873 137120 493912 479853 34333 29357 27939 19165 323039 445520 443358 88165 80265
cat_boundaries=0 39 79 119 130 136 141 165 189
cat_threshold=0 0 4 0 20480 0 0 0 0 131072 0 0 0 0 0 0 0 0 0 0 0 0 0 224 0 0 0 0 0 0 0 0 0 41943040 4194304 0 0 0 2147483648 0 0 0 0 0 0 0 0 0 0 0 0 0 0 0 0 0 0 0 0 0 0 0 0 0 0 0 0 0 0 0 0 0 1073741824 512 67109376 1 8193 0 65536 8192 0 0 0 0 0 0 0 0 0 8388608 0 0 0 0 0 0 0 0 0 0 0 0 0 0 0 0 0 0 0 0 0 0 0 0 0 16 0 0 262144 0 0 0 0 20480 0 0 0 0 131072 8388608 0 0 4096 0 0 8388608 0 0 4 0 4096 0 0 0 0 0 0 0 0 0 0 0 0 0 0 0 0 0 0 0 0 0 0 0 160 0 0 0 0 4096 0 0 0 0 0 0 0 0 0 0 0 0 0 0 0 0 0 0 32
is_linear=0
shrinkage=0.05


Tree=44
num_leaves=31
num_cat=11
split_feature=178 198 184 178 187 246 229 178 182 188 253 178 182 187 177 194 194 178 178 192 185 250 216 194 179 192 246 192 182 244
split_gain=4887.97 1134.37 1044.95 1411.71 785.376 776.619 624.533 750.224 768.408 749.929 602.361 539.099 478.447 766.869 468.558 443.795 412.916 1207.28 903.59 592.656 399.49 394.47 758.258 607.674 357.228 349.401 342.67 341.332 335.833 316.73
threshold=0 1.0000000180025095e-35 125.00000000000001 1 1.0000000180025095e-35 1.0000000180025095e-35 7.5000000000000009 2 3 1.0000000180025095e-35 1.0000000180025095e-35 4 5 1.0000000180025095e-35 6 1.0000000180025095e-35 1.0000000180025095e-35 7 8 250.00000000000003 1.0000000180025095e-35 1.0000000180025095e-35 1.0000000180025095e-35 1.0000000180025095e-35 9 130.00000000000003 1.0000000180025095e-35 130.00000000000003 10 1.0000000180025095e-35
decision_type=9 2 2 9 2 2 2 9 9 2 2 9 9 2 1 2 2 9 9 2 2 2 2 2 9 2 2 2 9 2
left_child=2 5 3 29 -4 6 7 12 -9 14 26 -7 13 -2 21 -8 18 19 -16 -18 28 22 -10 25 -20 -23 -5 -12 -11 -1
right_child=1 -3 4 10 -6 11 15 8 9 20 27 -13 -14 -15 16 -17 17 -19 24 -21 -22 23 -24 -25 -26 -27 -28 -29 -30 -31
leaf_value=-0.014641592516829472 0.020581005933846777 0.0031880397804679821 0.0065666268106779561 0.0056332681606091894 0.024842330538675277 -0.0046152503809731163 -0.010647835005432885 -0.039032882961184616 -0.01101291313023561 0.010836513599118774 0.0065095445698785739 -0.044253448892604907 -0.021353000336893409 -0.030638027479702557 -0.021255425269275832 0.012143663687120387 -0.01385252625760401 -0.0010099797336236202 -0.010748720353928404 -0.038209098213782461 -0.027254848954197788 -0.017195530696826125 -0.035448344783749107 -0.040371422218936713 0.00091764399525403695 0.030029438949154122 -0.021481177736824869 -0.011507850559718199 -0.010749440906615712 0.010090326826688362
leaf_weight=12006.113812704461 1857.7108117822499 29134.889267095306 13122.049975761765 186269.16475396391 10651.021893252531 1354.3799726324214 3089.8283210921218 1782.4740604228355 29388.336292774453 10716.227499865869 3800.7073351035942 2386.590882244549 14410.245476483498 1204.0086636910564 6039.8616869166726 6914.2876473518554 6224.3523001979047 13694.898492542037 7706.5994163017604 4172.9434260331764 898.59976899740286 517.83593535685213 3559.2931604315236 552.25327536309487 43816.897231093069 1602.1654375146609 1172.0201382167579 8519.7095082569285 2158.2260508892941 1450.3769223088166
leaf_count=208252 41543 100456 112349 452201 81055 46950 24039 118928 593363 27499 13875 299076 405809 31174 86016 22430 73755 158206 49512 130910 62314 3785 137443 23021 262492 7418 18505 124589 13134 6452
internal_value=0 -0.00590312 0.00481196 0.00370349 0.0147552 -0.0075181 -0.00699246 -0.00779762 -0.00651467 -0.00606924 0.00475947 -0.0300373 -0.0175368 0.000434565 -0.00736593 0.0051037 -0.00527618 -0.0107728 -0.00297642 -0.0236072 0.00496698 -0.0121513 -0.0136533 0.00631882 -0.000829084 0.0184905 0.00546365 -0.00594925 0.00721733 -0.0119664
internal_weight=430174 193183 236991 213218 23773.1 164048 160307 150303 132831 131048 199762 3740.97 17472 3061.72 117275 10004.1 81655.6 24092.2 57563.4 10397.3 13773.1 35619.9 32947.6 2672.25 51523.5 2120 187441 12320.4 12874.5 13456.5
internal_count=3736551 2719273 1017278 823874 193404 2618817 2272791 2226322 1747796 1628868 609170 346026 478526 72717 1525921 46469 760891 362871 398020 204665 102947 765030 730806 34224 312004 11203 470706 138464 40633 214704
cat_boundaries=0 39 44 84 95 135 146 147 186 226 260 284
cat_threshold=32 0 4 0 20480 0 0 0 0 131072 0 0 0 0 0 0 0 0 0 0 0 0 0 224 0 0 0 0 0 0 0 0 0 41943040 4194304 0 0 1 2147483648 32 0 0 0 4096 8192 0 0 0 0 0 0 0 0 0 8388608 0 0 0 0 0 0 0 0 0 0 0 0 0 0 0 0 0 0 0 0 0 0 0 0 0 16 8192 0 262144 0 0 0 0 16384 0 0 0 0 131072 8388608 0 0 0 0 0 0 0 0 0 0 0 0 0 0 0 0 0 0 0 0 0 0 0 0 0 0 0 0 0 0 0 0 0 0 512 67109376 0 0 0 327680 0 0 4 0 0 0 0 0 0 131072 8388608 20736 0 0 0 0 0 0 0 0 0 0 0 0 0 0 0 0 0 0 0 0 0 0 0 0 0 0 0 0 0 0 0 0 0 0 0 0 1 0 33280 0 0 0 0 0 0 0 0 0 0 0 0 0 0 0 0 0 0 0 0 0 0 0 0 0 0 0 0 0 0 0 0 0 0 0 512 1073741824 0 0 65536 0 0 0 0 0 0 0 0 0 0 0 0 0 128 0 0 0 0 0 0 0 0 0 0 0 0 0 0 0 0 0 0 0 81920 0 0 0 0 0 0 0 0 0 0 0 0 0 0 0 0 0 0 0 0 0 0 0 160
is_linear=0
shrinkage=0.05


Tree=45
num_leaves=31
num_cat=9
split_feature=178 187 188 214 272 178 213 178 198 185 188 178 182 191 191 272 190 191 232 191 229 184 191 178 194 194 178 191 191 178
split_gain=4534.05 1554.44 1189.55 1406.1 877.575 1825.52 717.076 534.794 423.13 381.434 323.02 675.881 672.116 509.643 472.723 408.843 799.729 560.606 321.912 319.173 317.471 312.895 305.419 293.868 837.127 780.003 411.768 433.822 370.932 287.606
threshold=0 1.0000000180025095e-35 1.0000000180025095e-35 1 1.0000000180025095e-35 2 1.0000000180025095e-35 3 1.0000000180025095e-35 1.0000000180025095e-35 1.0000000180025095e-35 4 5 22.500000000000004 6.5000000000000009 1.0000000180025095e-35 1.0000000180025095e-35 15.500000000000002 135.00000000000003 2.5000000000000004 8.5000000000000018 75.000000000000014 2.5000000000000004 6 1.0000000180025095e-35 1.0000000180025095e-35 7 11.500000000000002 6.5000000000000009 8
decision_type=9 2 2 1 2 9 2 9 2 2 2 9 9 2 2 2 2 2 2 2 2 2 2 9 2 2 9 2 2 9
left_child=1 10 3 4 7 -6 9 -2 20 -4 12 13 14 19 -1 16 17 -14 -5 -12 23 -21 -7 24 -9 -25 27 -27 -26 -18
right_child=2 -3 6 18 5 22 -8 8 -10 -11 11 -13 15 -15 -16 -17 29 -19 -20 21 -22 -23 -24 25 28 26 -28 -29 -30 -31
leaf_value=0.0076881184986903744 -0.025307644821807501 0.03165043233248728 -0.00029354519688268342 -0.013142137188633175 -0.033242226128865564 -0.047240978264622931 0.012321826533755719 -0.027329459062135183 0.0033860381667549589 -0.024307901001546124 -0.02758061416599657 -0.013496173338963115 0.04710686144467878 -0.027103863330959911 -0.011549128646771092 -0.01488155643184973 -0.0074811564312679078 -0.0017059112103289466 0.046733397988688835 0.028593799554557649 0.0058040338827983276 0.012842002225207459 0.013254298756591842 -0.00034709791967725112 -0.046684867183909615 -0.0104973820848893 -0.0041901240867160995 -0.032770768576690805 0.0041673422994045152 0.0049929638610006289
leaf_weight=4471.8709098406252 2475.3025837796158 5405.2840575867449 11029.349925922565 58984.478637823515 6676.2138998878072 220.66853649914265 14363.806356923684 4961.0788268581236 28778.752583813446 1944.7707796668838 395.02579728886485 2445.2632289055618 1884.2788975666917 693.70991161372513 11165.626906904479 2604.3656835228321 4747.5393283399171 854.72522846562788 224.82481990140514 4665.309227249003 8113.5437744267983 9733.8661937343713 3677.8418135975371 51488.013860495281 383.97538939083461 5045.5936778031755 7463.3184593771002 3859.2716576949751 5328.1323246118845 163321.53000694702
leaf_count=15301 91666 45240 73595 1470938 450328 2846 51733 61250 100456 116659 1358 15101 6151 4882 135160 22417 34361 2717 1003 8774 33788 18277 38087 289559 4239 52024 71648 100744 48372 367877
internal_value=0 0.00518149 -0.0051181 -0.00653772 -0.00359855 -0.0173969 0.00462577 -0.00236111 -0.0018665 -0.00389439 0.00449041 0.0109037 0.003882 0.0147559 -0.00604358 0.00477715 0.00507725 0.0318751 -0.0129121 0.0167298 -0.00361144 0.0179467 0.00979804 -0.00458432 -0.0122935 -0.00336927 -0.0128773 -0.0201297 0.000744328 0.0046404
internal_weight=427407 212388 215019 187681 128472 10574.7 27337.9 117897 115422 12974.1 206983 17933.2 189050 15487.9 15637.5 173412 170808 2739 59209.3 14794.2 86642.9 14399.2 3898.51 78529.4 10673.2 67856.2 16368.2 8904.87 5712.11 168069
internal_count=3736551 677616 3058935 2816948 1345007 491261 241987 853746 762080 190254 632376 48392 583984 33291 150461 433523 411106 8868 1471941 28409 661624 27051 40933 627836 113861 513975 224416 152768 52611 402238
cat_boundaries=0 39 40 80 120 144 168 206 245 284
cat_threshold=0 0 4 0 20480 0 0 0 0 131072 0 0 0 0 0 0 0 0 0 0 0 0 0 224 0 0 0 0 0 0 0 0 0 41943040 4194304 0 0 0 2147483648 3075 0 0 0 0 0 0 0 0 0 0 0 0 0 0 0 0 0 0 0 0 0 0 0 0 0 0 0 0 0 0 0 0 0 1073741824 0 0 1 0 33280 262144 0 0 0 0 0 0 0 0 0 0 0 0 0 0 0 0 0 0 0 0 0 0 0 0 0 0 0 0 0 0 0 0 0 0 0 0 0 0 0 262144 0 0 4 0 0 0 0 0 0 0 0 0 0 0 0 0 0 0 0 0 0 0 0 128 0 0 4 0 0 0 0 0 0 0 0 0 0 0 0 0 0 0 0 0 0 0 0 64 0 0 0 0 0 0 0 0 0 0 0 0 0 0 0 0 0 0 0 0 0 0 0 0 0 0 0 0 0 0 0 0 0 0 0 512 0 8192 0 0 0 0 0 0 0 0 0 0 0 0 0 0 0 0 0 0 0 0 0 0 0 0 0 0 0 0 0 0 0 0 0 0 0 0 1 0 33280 0 0 0 0 4096 0 0 0 0 0 0 0 0 0 0 0 0 0 0 0 0 0 0 0 0 0 0 0 0 0 0 0 0 0 0 0 0 0 2147483648
is_linear=0
shrinkage=0.05


Tree=46
num_leaves=31
num_cat=9
split_feature=178 187 188 214 246 213 198 178 229 178 194 178 191 194 194 185 191 188 178 182 191 191 245 245 183 191 183 179 178 232
split_gain=4311.55 1424.88 1105.88 1293.49 961.099 687.946 527.229 505.008 383.793 625.186 627.734 819.122 516.183 393.268 369.763 345.139 341.3 333.789 631.636 619.16 488.789 434.988 603.749 420.287 541.168 554.184 334.077 317.112 336.907 297.808
threshold=0 1.0000000180025095e-35 1.0000000180025095e-35 1 1.0000000180025095e-35 1.0000000180025095e-35 1.0000000180025095e-35 2 7.5000000000000009 3 1.0000000180025095e-35 4 12.500000000000002 1.0000000180025095e-35 1.0000000180025095e-35 1.0000000180025095e-35 8.5000000000000018 1.0000000180025095e-35 5 6 22.500000000000004 6.5000000000000009 1.0000000180025095e-35 1.0000000180025095e-35 105.00000000000001 15.500000000000002 95.000000000000014 7 8 135.00000000000003
decision_type=9 2 2 1 2 2 2 9 2 9 2 9 2 2 2 2 2 2 9 9 2 2 2 2 2 2 2 9 9 2
left_child=1 17 3 29 6 15 8 -6 9 14 27 12 -12 -10 -5 -4 -9 19 20 21 -19 -1 26 24 -21 -26 -23 -11 -29 -2
right_child=2 -3 5 4 7 -7 -8 16 13 10 11 -13 -14 -15 -16 -17 -18 18 -20 23 -22 22 -24 -25 25 -27 -28 28 -30 -31
leaf_value=0.0073496800535788002 -0.012746788713332661 0.030865001527686894 -0.0005619075604450318 -0.028398581276022336 -0.043476720274486555 0.011953708569493994 0.0032052694005699719 -0.028925678623588958 -0.010294429652448783 -0.010826600432782137 -0.012762738615968289 -0.0019264105877368814 -0.036015187918945944 0.011267901922565051 -0.0078990134291234484 -0.023604166417264746 0.012396709697925591 0.016674354801022164 -0.012711380308098839 0.0043791098450763214 -0.026343047518827822 -0.011308571382645459 0.023404075432308862 -0.043451590062620248 0.038071099947183405 -0.0054732473896557717 -0.03728733770496559 -0.02136481356620093 0.00093539832896737921 0.045798309300049973
leaf_weight=4463.3360278474865 58507.162195056095 5219.0473294476105 10997.770063285076 4453.0242350506742 2207.3265640478567 14306.370351351856 28505.985967502638 1020.6164067808786 3037.0180775472836 7682.1750167928403 6077.7922705942765 10596.518159660613 3931.6810520530125 6958.704842056497 4349.5309070320654 1906.4985742536082 977.96234487718903 14614.843776387337 2425.1031554829678 168934.45882879687 691.07331259967759 8374.6277026110038 1131.9383375660982 452.39926103356993 2345.1487244549207 1060.8432746230101 1452.1144468573621 1748.0005594738759 45937.880449861841 217.51323807367589
leaf_count=15301 1470938 45240 73595 92283 299076 51733 100456 22471 24039 49512 73755 110054 130910 22430 89678 116659 33997 28409 15101 415852 4882 124643 2597 5741 7831 4099 7920 18118 278228 1003
internal_value=0 0.00506524 -0.00501173 -0.00638784 -0.00355839 0.00440323 -0.00275668 -0.0270613 -0.00455 -0.00564259 -0.00417872 -0.0116292 -0.0218762 0.00471589 -0.0182502 -0.00396738 -0.00866157 0.00441158 0.0109699 0.00379368 0.0147213 -0.00580323 -0.0111661 0.00465033 0.00477703 0.0245083 -0.0151497 -0.00140649 0.000113321 -0.0125273
internal_weight=424584 211165 213420 186209 127484 27210.6 123278 4205.91 94772.3 84776.6 75974 20606 10009.5 9995.72 8802.56 12904.3 1998.58 205946 17731 188215 15305.9 15422 10958.7 172793 172340 3405.99 9826.74 55368.1 47685.9 58724.7
internal_count=3736551 677616 3058935 2816948 1345007 241987 989463 355544 889007 842538 660577 314719 204665 46469 181961 190254 56468 632376 48392 583984 33291 150461 135160 433523 427782 11930 132563 345858 296346 1471941
cat_boundaries=0 39 40 79 119 158 182 206 240 280
cat_threshold=0 0 4 0 20480 0 0 0 0 131072 0 0 0 0 0 0 0 0 0 0 0 0 0 224 0 0 0 0 0 0 0 0 0 41943040 4194304 0 0 0 2147483648 572 0 0 0 0 0 0 0 0 0 0 0 0 0 0 0 0 0 0 0 0 0 0 0 0 0 0 0 0 0 0 0 0 0 1073741824 0 0 1 0 33280 0 0 0 0 0 0 0 0 0 0 0 0 0 0 0 0 0 0 0 0 0 0 0 0 0 0 0 0 0 0 0 0 0 0 0 0 0 8192 0 262144 0 0 0 0 0 0 0 0 0 0 0 0 0 0 0 0 0 0 0 0 0 0 0 0 0 0 0 0 0 0 0 0 0 0 0 0 1 0 33280 0 0 4 0 0 0 0 0 0 0 0 0 0 0 0 0 0 0 0 0 0 0 0 128 0 0 4 0 0 0 0 0 0 0 0 0 0 0 0 0 0 0 0 0 0 0 0 64 0 0 0 0 0 0 0 0 0 0 0 0 0 128 0 0 0 0 0 0 0 0 0 0 0 0 0 0 0 0 0 0 0 81920 0 0 0 0 0 0 0 0 0 0 0 0 0 0 0 0 0 0 0 0 0 0 0 0 0 0 0 0 0 0 0 0 0 0 0 67109376 0 0 0 65536
is_linear=0
shrinkage=0.05


Tree=47
num_leaves=31
num_cat=7
split_feature=178 198 184 178 246 187 253 178 209 213 194 214 178 191 250 191 214 248 181 187 187 191 191 191 209 178 188 202 191 185
split_gain=4114.81 1014.89 922.801 1212.08 887.631 580.501 564.771 553.454 727.412 551.188 490.019 1315.12 569.594 1104.21 460.563 445.469 403.668 391.779 371.303 504.784 456.902 331.074 325.96 318.006 315.224 299.061 296.423 479.626 385.625 570.114
threshold=0 1.0000000180025095e-35 125.00000000000001 1 1.0000000180025095e-35 1.0000000180025095e-35 1.0000000180025095e-35 2 1.0000000180025095e-35 1.0000000180025095e-35 1.0000000180025095e-35 3 4 17.500000000000004 1.0000000180025095e-35 4.5000000000000009 5 1.0000000180025095e-35 4.5000000000000009 1.0000000180025095e-35 1.0000000180025095e-35 17.500000000000004 17.500000000000004 16.500000000000004 1.0000000180025095e-35 6 1.0000000180025095e-35 1.0000000180025095e-35 16.500000000000004 1.0000000180025095e-35
decision_type=9 2 2 9 2 2 2 9 2 2 2 1 9 2 2 2 1 2 2 2 2 2 2 2 2 9 2 2 2 2
left_child=2 4 3 24 7 -4 26 8 18 10 12 17 15 14 16 -9 -14 -12 20 -20 22 -8 -2 -17 -1 -6 -5 28 -28 -30
right_child=1 -3 5 6 25 -7 21 9 -10 -11 11 -13 13 -15 -16 23 -18 -19 19 -21 -22 -23 -24 -25 -26 -27 27 -29 29 -31
leaf_value=-0.0091340362499752383 -0.0017217309912722764 0.0032704583347881069 0.0069049740954387475 0.0044402219409370256 -0.04795780571724273 0.023022430526607993 -0.0034115339019655348 0.016417397218329823 -0.040725507247354492 -0.044599029291475606 0.0037888868746974191 -0.02810876459997122 -0.030331753950368634 0.018430539736371675 0.010758811674043014 -0.0019059148596060644 -0.012539303306435864 -0.021173109669048642 -0.023742771648760243 -0.0027622492441084553 0.010933185610099367 -0.031755202457233865 -0.013686706292712887 -0.03814838753002453 -0.038984422277793189 -0.018626902717077034 0.018214061428104743 -0.010201513642386074 0.016495357854971388 -0.03184489210625973
leaf_weight=12157.695693633359 56308.515472670333 28227.656793390866 12622.404537548922 167930.57774866972 1563.4439043400489 10024.736445281102 10928.592378509085 3471.6993101203552 1299.2240212888428 1104.9950487650494 6920.9014123783418 10257.085547988885 3634.7721290421905 3019.4212200890179 1885.929615882982 15735.818655597192 26340.382469140066 2033.2277407854999 4781.1992796728155 7161.300389149721 6564.3922324240702 1137.1249368447752 6332.1345148951805 629.00005234245327 953.53579995136533 2053.2146954130585 12386.852890689624 2245.1408705734357 1494.4555056778481 1029.7573466869071
leaf_count=154284 379873 100456 112349 423230 234593 81055 94240 18590 100694 75547 97657 396024 107312 42375 9316 163093 328058 101939 209495 75394 29021 44224 104966 29774 60420 116109 22693 14059 2872 6839
internal_value=0 -0.00547452 0.00445007 0.00341733 -0.00700721 0.0140399 0.00439635 -0.00644466 -0.00361529 -0.00955171 -0.00902879 -0.0158989 -0.00661647 -0.010462 -0.0132038 0.000150551 -0.0147117 -0.00187748 -0.00302127 -0.0111629 -0.00161615 -0.00608438 -0.00293141 -0.00330036 -0.0112981 -0.0314967 0.00507986 0.0113403 0.0145843 -0.00322556
internal_weight=422235 189324 232911 210264 161097 22647.1 197153 157480 82446.8 75033.2 73928.2 19211.2 54717 34880.5 31861.1 19836.5 29975.2 8954.13 81147.5 11942.5 69205 12065.7 62640.6 16364.8 13111.2 3616.66 185087 17156.2 14911.1 2524.21
internal_count=3736551 2720286 1016265 822861 2619830 193404 608157 2269128 899443 1369685 1294138 595620 698518 487061 444686 211457 435370 199596 798749 284889 513860 138464 484839 192867 214704 350702 469693 46463 32404 9711
cat_boundaries=0 39 44 84 85 124 125 164
cat_threshold=32 0 4 0 20480 0 0 0 0 131072 0 0 0 0 0 0 0 0 0 0 0 0 0 224 0 0 0 0 0 0 0 0 0 41943040 4194304 512 0 0 2147483648 32 0 0 0 4096 524288 0 0 0 0 0 0 0 0 0 0 0 0 0 0 0 0 0 0 0 0 0 0 0 0 0 0 0 0 0 0 0 0 1073741824 512 67108864 1 8193 0 65536 25 8192 0 0 0 0 0 0 0 0 0 0 0 0 0 0 0 0 0 0 0 0 0 0 0 0 0 0 0 0 0 0 0 0 0 0 0 0 0 33280 1536 0 0 0 0 0 0 0 0 0 0 0 0 0 0 0 0 0 0 0 0 0 0 0 0 0 0 0 0 0 0 0 0 0 1073741824 0 0 0 0 33280
is_linear=0
shrinkage=0.05


Tree=48
num_leaves=31
num_cat=9
split_feature=178 187 188 214 246 213 253 178 198 191 229 178 194 178 191 194 234 194 191 212 207 246 234 234 182 182 178 178 191 248
split_gain=3869.21 1227.13 986.543 1237.66 793.914 675.104 523.998 483.93 467.752 377.014 354.656 545.519 537.272 715.908 420.71 360.366 323.081 317.135 305.839 274.053 394.95 269.644 268.826 427.459 439.122 340.438 456.752 341.118 328.942 451.16
threshold=0 1.0000000180025095e-35 1.0000000180025095e-35 1 1.0000000180025095e-35 1.0000000180025095e-35 1.0000000180025095e-35 2 1.0000000180025095e-35 8.5000000000000018 7.5000000000000009 3 1.0000000180025095e-35 4 13.500000000000002 1.0000000180025095e-35 1.0000000180025095e-35 1.0000000180025095e-35 19.500000000000004 1.0000000180025095e-35 1.0000000180025095e-35 1.0000000180025095e-35 1.5000000000000002 1.0000000180025095e-35 5 6 7 8 13.500000000000002 1.0000000180025095e-35
decision_type=9 2 2 1 2 2 2 9 2 2 2 9 2 9 2 2 2 2 2 2 2 2 2 2 9 9 9 9 2 2
left_child=1 6 3 22 8 16 19 9 10 -6 11 17 -13 14 -14 -12 -4 -5 -8 20 21 -1 23 25 -25 26 -2 -27 29 -29
right_child=2 -3 5 4 7 -7 18 -9 -10 -11 15 12 13 -15 -16 -17 -18 -19 -20 -21 -22 -23 -24 24 -26 27 -28 28 -30 -31
leaf_value=0.0046710964090269386 -0.0071376384321348062 0.029497345612878936 -0.00088079564085368509 -0.026919999290484681 -0.025191595490227536 0.011671435128071563 -0.0039730324736719259 -0.038981659796054752 0.0030599107429667765 0.025223044441877781 -0.0098349222638280283 -0.0014272463546078935 -0.010472213289637735 0.0049576904579589293 -0.028145353564662773 0.010882858011370393 -0.023323641762559244 -0.0077093959959889415 -0.038687519993561487 0.013280912153397627 -0.033008121570826901 -0.032116587151152835 0.048487141854488949 0.0091534428645572066 -0.05249611677864522 -0.028865571389665324 -0.038344664062440616 -0.010861207222498934 -0.0023593056492035524 -0.042117960634088458
leaf_weight=182167.85540278454 2138.4553141707875 4915.0849608888675 10921.78580854374 4292.9971097939779 837.10260013397783 14143.861459229782 11335.524665339879 2451.8499019575393 28076.781457675621 664.93282248824835 3007.0194630654005 54857.751505159496 9783.8387781956699 5223.7126993096317 5136.2675105396338 6946.2057211189531 1879.1908027841928 4302.8532201512862 671.65747785783606 9176.8441494487342 701.36068890598835 498.9509109336941 181.62128465191927 381.49667590466561 1205.1210816278035 2387.5996144678793 2632.6970306583462 35592.826593043217 12059.724603159018 1192.8792025329676
leaf_count=462859 70505 45240 73595 92283 14010 51733 103868 332849 100456 8685 24039 345858 114027 52476 148216 22430 116659 89678 34596 17352 4714 8987 4295 12829 90581 136626 239374 545225 289294 83212
internal_value=0 0.0048098 -0.00479079 -0.00610384 -0.00331651 0.00414222 0.00421673 -0.025365 -0.00259988 -0.00285038 -0.00429858 -0.00536088 -0.00399124 -0.0109753 -0.0165462 0.00462302 -0.00417659 -0.0172852 -0.00591684 0.00484871 0.00442665 0.0045705 -0.0121599 -0.0123538 -0.0379444 -0.0116283 -0.0244049 -0.0104314 -0.00952419 -0.0118755
internal_weight=419766 209467 210299 183354 125581 26944.8 204552 3953.89 121627 1502.04 93550.6 83597.4 75001.6 20143.8 14920.1 9953.23 12801 8595.85 12007.2 192545 183368 182667 57772.4 57590.8 1586.62 56004.2 4771.15 51233 48845.4 36785.7
internal_count=3736551 677616 3058935 2816948 1345007 241987 632376 355544 989463 22695 889007 842538 660577 314719 262243 46469 190254 181961 138464 493912 476560 471846 1471941 1467646 103410 1364236 309879 1054357 917731 628437
cat_boundaries=0 39 40 80 120 159 169 180 181 192
cat_threshold=0 0 4 0 20480 0 0 0 0 131072 0 0 0 0 0 0 0 0 0 0 0 0 0 224 0 0 0 0 0 0 0 0 0 41943040 4194304 0 0 0 2147483648 572 0 0 0 0 0 0 0 0 0 0 0 0 0 0 0 0 0 0 0 0 0 0 0 0 0 0 0 0 0 0 0 0 0 0 512 67109376 0 1 0 65536 0 0 0 0 0 0 0 0 0 0 0 0 0 0 0 0 0 0 0 0 0 0 0 0 0 0 0 0 0 0 0 0 0 0 0 0 0 8192 0 262144 0 0 0 0 0 0 0 0 0 0 0 0 0 0 0 0 0 0 0 0 0 0 0 0 0 0 0 0 0 0 0 0 0 1073741824 0 0 1 0 33280 0 0 4 0 4096 0 0 0 0 131072 0 0 0 0 20480 0 0 0 0 131072 8388608 8192 8192 0 0 0 0 0 0 0 0 0 8388608
is_linear=0
shrinkage=0.05


Tree=49
num_leaves=31
num_cat=11
split_feature=178 198 182 178 178 182 194 214 253 178 187 246 182 185 187 248 213 178 181 248 179 269 214 191 191 185 191 207 244 269
split_gain=3623 898.84 766.953 1100.97 558.731 790.199 742.449 1172.74 518.241 507.621 501.911 481.285 430.9 679.24 556.479 378.212 381.851 377.365 340.199 335.126 332.142 315.138 314.015 819.909 362.871 310.04 293.304 290.692 437.394 354.379
threshold=0 1.0000000180025095e-35 1 2 3 4 1.0000000180025095e-35 5 1.0000000180025095e-35 6 1.0000000180025095e-35 1.0000000180025095e-35 7 1.0000000180025095e-35 1.0000000180025095e-35 1.0000000180025095e-35 1.0000000180025095e-35 8 4.5000000000000009 1.0000000180025095e-35 9 1.0000000180025095e-35 10 15.500000000000002 4.5000000000000009 1.5000000000000002 6.5000000000000009 1.0000000180025095e-35 1.0000000180025095e-35 1.0000000180025095e-35
decision_type=9 2 9 9 9 9 2 1 2 9 2 2 9 2 2 2 2 9 2 2 9 2 1 2 2 2 2 2 2 2
left_child=2 4 10 27 5 21 9 19 -5 -6 -1 15 25 14 18 16 20 -9 -14 -8 -11 -2 24 -24 -22 -7 -10 28 29 -4
right_child=1 -3 3 8 6 12 7 17 26 11 -12 -13 13 -15 -16 -17 -18 -19 -20 -21 22 -23 23 -25 -26 -27 -28 -29 -30 -31
leaf_value=0.0064661626533697655 -0.045629978756634632 0.003205850321673134 -0.022850256800897681 0.0049105774542565024 -0.020682021232540562 -0.015536625140819533 0.0031136159908908964 -0.01821050909552209 0.0057151005640647089 0.037804131377335577 0.021589534547492809 -0.040655562338891567 -0.0016324313595890332 -0.042060690432112413 0.010419659308769296 -0.047015410738991063 -0.041170952500572171 -0.034157289572378811 -0.022289701547996831 -0.020359271760566372 0.011587382555233654 0.02202356618163602 -0.011176661304568675 0.017121761131874611 -0.003028310029611079 0.061235215815818603 -0.011156215990511417 5.370331638190445e-05 0.009657147133442491 0.043052087057416977
leaf_weight=12577.226622301183 1446.1226045547155 27837.945350434748 7102.6275145541731 180561.59573868019 5682.5138847523049 6921.7689284717635 6894.9424818951593 8968.7921316134452 3759.0401151629048 467.16955690665054 9732.8685806529247 935.43096523701388 48919.055777657304 991.82333465195552 10010.129517214431 518.74623315640929 688.37563500151737 6460.6861966006181 2077.3147428486918 1950.2404620753077 5020.5137035020452 194.97191173478495 23613.163217959467 2870.2689437031368 27536.341848049648 133.54791157168802 8181.5808076242974 4114.3609120686306 1387.5139301223389 209.52238194947131
leaf_count=112666 117796 100456 150745 430601 135122 169166 97657 285573 13875 2305 81254 126983 411096 83721 35972 35181 52379 339453 66273 101939 24011 1132 281132 36196 253694 2141 124589 56085 6452 906
internal_value=0 -0.00509448 0.00425554 0.00329834 -0.00651849 -0.0031773 -0.00909552 -0.0165934 0.0042432 -0.00639358 0.0130585 -0.00507215 -0.00235936 -0.00102578 -0.000358391 -0.00452433 -0.00415769 -0.0249068 -0.0024742 -0.0020598 -0.0037291 -0.0373575 -0.00406386 -0.00810617 -0.000773925 -0.0140586 -0.0058445 -0.0108874 -0.0160747 -0.0209584
internal_weight=417766 190140 227626 205316 162302 70694.7 91607.2 24274.7 192502 67332.5 22310.1 61650 69053.6 61998.3 61006.5 60714.6 60195.8 15429.5 50996.4 8845.18 59507.5 1641.09 59040.3 26483.4 32556.9 7055.32 11940.6 12814 8699.66 7312.15
internal_count=3736551 2759378 977173 783253 2658922 887297 1771625 824622 569065 947003 193920 811881 768369 597062 513341 684898 649717 625026 477369 199596 597338 118928 595033 317328 277705 171307 138464 214188 158103 151651
cat_boundaries=0 39 63 68 108 119 120 160 184 224 230 231
cat_threshold=32 0 4 0 20480 0 0 0 0 131072 0 0 0 0 0 0 0 0 0 0 0 0 0 224 0 0 0 0 0 0 0 0 0 41943040 4194304 0 0 0 2147483648 0 0 4 0 4096 0 0 0 0 0 0 0 0 0 0 0 0 0 0 0 0 0 0 128 32 0 0 0 4096 524288 0 0 0 0 0 0 0 0 0 0 0 0 0 0 0 0 0 0 0 0 0 0 0 0 0 0 0 0 0 0 0 0 1073741824 512 67109376 0 8193 0 65536 0 0 0 0 16384 0 0 0 0 131072 8388608 25 0 0 0 0 0 0 0 0 0 0 0 0 0 0 0 0 0 0 0 0 0 0 0 0 0 0 0 0 0 0 0 0 0 0 0 0 1073741824 0 0 262144 0 0 4 0 4096 0 0 0 0 0 0 0 0 0 0 0 0 0 0 0 0 0 0 64 0 0 0 0 0 0 0 0 0 0 0 0 0 0 0 0 0 0 0 0 0 0 0 0 0 0 0 0 0 0 0 0 0 0 0 0 1 0 32768 262144 0 0 4096 0 0 8388608 1057
is_linear=0
shrinkage=0.05


end of trees

feature_importances:
candidate_card_id=259
post_action_hand_count=171
candidate_target_id=109
post_action_ko_estimate=85
candidate_target_appear_this_turn=70
candidate_target_energy=54
trainer_low_deck_risk=51
action_type=47
candidate_attack_id=44
candidate_target_is_active=42
candidate_fills_energy=41
evolve_builds_backup_alakazam=39
end_ready_active_alakazam_penalty=35
xerosic_opp_hand_value=32
optional_draw_under_deck_pressure=32
candidate_target_max_hp=30
candidate_inplay_area=26
attack_lethal_estimate=23
post_action_powerful_hand_damage=22
ability_low_deck_risk=22
retreat_to_ready_backup_value=21
end_has_attack_ready_penalty=18
energy_target_existing_energy_value=17
retreat_active_damage_value=15
energy_support_pivot_value=15
target_is_alakazam=14
is_retreat=14
option_type=12
candidate_area=12
is_trainer=10
target_is_dunsparce=9
candidate_fills_missing_abra=8
evolve_kadabra_to_active=8
candidate_target_hp=7
powerful_hand_attack_option=7
candidate_fills_stage2=7
energy_target_is_alakazam_value=7
hammer_opp_active_special_energy_value=6
candidate_is_route_card=5
is_xerosic=5
candidate_hand_cost=4
target_is_abra=4
is_end=4
bench_backup_route_under_boardout_risk=4
candidate_target_special_energy=3
candidate_target_is_bench=3
attack_overkill_estimate=3
candidate_is_kadabra=3
target_is_kadabra=3
hammer_opp_active_energy_value=3
boss_opp_bench_low_hp_value=3
bench_early_game_value=3
breaks_current_ko_estimate=2
candidate_is_rare_candy=2
is_attack=1
is_bench=1
energy_target_is_fezandipiti_value=1
evolve_kadabra_target_damage=1
attack_with_ready_active_alakazam=1

parameters:
[boosting: gbdt]
[objective: lambdarank]
[metric: ndcg]
[tree_learner: serial]
[device_type: cpu]
[data_sample_strategy: bagging]
[data: ]
[valid: ]
[num_iterations: 50]
[learning_rate: 0.05]
[num_leaves: 31]
[num_threads: 4]
[seed: 741]
[deterministic: 0]
[force_col_wise: 0]
[force_row_wise: 0]
[histogram_pool_size: -1]
[max_depth: -1]
[min_data_in_leaf: 40]
[min_sum_hessian_in_leaf: 0.001]
[bagging_fraction: 0.85]
[pos_bagging_fraction: 1]
[neg_bagging_fraction: 1]
[bagging_freq: 0]
[bagging_seed: 9664]
[bagging_by_query: 0]
[feature_fraction: 0.85]
[feature_fraction_bynode: 1]
[feature_fraction_seed: 7560]
[extra_trees: 0]
[extra_seed: 5152]
[early_stopping_round: 0]
[early_stopping_min_delta: 0]
[first_metric_only: 0]
[max_delta_step: 0]
[lambda_l1: 0.1]
[lambda_l2: 0.5]
[linear_lambda: 0]
[min_gain_to_split: 0]
[drop_rate: 0.1]
[max_drop: 50]
[skip_drop: 0.5]
[xgboost_dart_mode: 0]
[uniform_drop: 0]
[drop_seed: 20317]
[top_rate: 0.2]
[other_rate: 0.1]
[min_data_per_group: 100]
[max_cat_threshold: 32]
[cat_l2: 10]
[cat_smooth: 10]
[max_cat_to_onehot: 4]
[top_k: 20]
[monotone_constraints: ]
[monotone_constraints_method: basic]
[monotone_penalty: 0]
[feature_contri: ]
[forcedsplits_filename: ]
[refit_decay_rate: 0.9]
[cegb_tradeoff: 1]
[cegb_penalty_split: 0]
[cegb_penalty_feature_lazy: ]
[cegb_penalty_feature_coupled: ]
[path_smooth: 0]
[interaction_constraints: ]
[verbosity: -1]
[saved_feature_importance_type: 0]
[use_quantized_grad: 0]
[num_grad_quant_bins: 4]
[quant_train_renew_leaf: 0]
[stochastic_rounding: 1]
[linear_tree: 0]
[max_bin: 255]
[max_bin_by_feature: ]
[min_data_in_bin: 3]
[bin_construct_sample_cnt: 200000]
[data_random_seed: 2458]
[is_enable_sparse: 1]
[enable_bundle: 1]
[use_missing: 1]
[zero_as_missing: 0]
[feature_pre_filter: 1]
[pre_partition: 0]
[two_round: 0]
[header: 0]
[label_column: ]
[weight_column: ]
[group_column: ]
[ignore_column: ]
[categorical_feature: 27,35,172,177,178,179,182,214]
[forcedbins_filename: ]
[precise_float_parser: 0]
[parser_config_file: ]
[objective_seed: 17010]
[num_class: 1]
[is_unbalance: 0]
[scale_pos_weight: 1]
[sigmoid: 1]
[boost_from_average: 1]
[reg_sqrt: 0]
[alpha: 0.9]
[fair_c: 1]
[poisson_max_delta_step: 0.7]
[tweedie_variance_power: 1.5]
[lambdarank_truncation_level: 30]
[lambdarank_norm: 1]
[label_gain: ]
[lambdarank_position_bias_regularization: 0]
[eval_at: 1,2,3,4,5]
[multi_error_top_k: 1]
[auc_mu_weights: ]
[num_machines: 1]
[local_listen_port: 12400]
[time_out: 120]
[machine_list_filename: ]
[machines: ]
[gpu_platform_id: -1]
[gpu_device_id: -1]
[gpu_use_dp: 0]
[num_gpu: 1]

end of parameters

pandas_categorical:null
