episode_id,seat_index,leaderboard_rank,team_name,submission_id,source_cohort,storage_type,storage_path,replay_path,teacher_priority,created_at
85948212,0,2,Majkel1337,54662660,majkel_full,zip,C:\Users\shiba\ptcc_pokemon_ai_buttle\data\runs\leaderboard_top50\alakazam\20260717_kaggle_top20\rank02_Majkel1337_sub54662660_full.zip,rank02_Majkel1337_sub54662660/episodes/85948212/replay/episode_85948212.json,0.7071067811865475,
85948674,1,2,Majkel1337,54662660,majkel_full,zip,C:\Users\shiba\ptcc_pokemon_ai_buttle\data\runs\leaderboard_top50\alakazam\20260717_kaggle_top20\rank02_Majkel1337_sub54662660_full.zip,rank02_Majkel1337_sub54662660/episodes/85948674/replay/episode_85948674.json,0.7071067811865475,
85949148,0,2,Majkel1337,54662660,majkel_full,zip,C:\Users\shiba\ptcc_pokemon_ai_buttle\data\runs\leaderboard_top50\alakazam\20260717_kaggle_top20\rank02_Majkel1337_sub54662660_full.zip,rank02_Majkel1337_sub54662660/episodes/85949148/replay/episode_85949148.json,0.7071067811865475,
85949551,0,2,Majkel1337,54662660,majkel_full,zip,C:\Users\shiba\ptcc_pokemon_ai_buttle\data\runs\leaderboard_top50\alakazam\20260717_kaggle_top20\rank02_Majkel1337_sub54662660_full.zip,rank02_Majkel1337_sub54662660/episodes/85949551/replay/episode_85949551.json,0.7071067811865475,
85950073,1,2,Majkel1337,54662660,majkel_full,zip,C:\Users\shiba\ptcc_pokemon_ai_buttle\data\runs\leaderboard_top50\alakazam\20260717_kaggle_top20\rank02_Majkel1337_sub54662660_full.zip,rank02_Majkel1337_sub54662660/episodes/85950073/replay/episode_85950073.json,0.7071067811865475,
85950529,1,2,Majkel1337,54662660,majkel_full,zip,C:\Users\shiba\ptcc_pokemon_ai_buttle\data\runs\leaderboard_top50\alakazam\20260717_kaggle_top20\rank02_Majkel1337_sub54662660_full.zip,rank02_Majkel1337_sub54662660/episodes/85950529/replay/episode_85950529.json,0.7071067811865475,
85951101,0,2,Majkel1337,54662660,majkel_full,zip,C:\Users\shiba\ptcc_pokemon_ai_buttle\data\runs\leaderboard_top50\alakazam\20260717_kaggle_top20\rank02_Majkel1337_sub54662660_full.zip,rank02_Majkel1337_sub54662660/episodes/85951101/replay/episode_85951101.json,0.7071067811865475,
85951482,0,2,Majkel1337,54662660,majkel_full,zip,C:\Users\shiba\ptcc_pokemon_ai_buttle\data\runs\leaderboard_top50\alakazam\20260717_kaggle_top20\rank02_Majkel1337_sub54662660_full.zip,rank02_Majkel1337_sub54662660/episodes/85951482/replay/episode_85951482.json,0.7071067811865475,
85951945,1,2,Majkel1337,54662660,majkel_full,zip,C:\Users\shiba\ptcc_pokemon_ai_buttle\data\runs\leaderboard_top50\alakazam\20260717_kaggle_top20\rank02_Majkel1337_sub54662660_full.zip,rank02_Majkel1337_sub54662660/episodes/85951945/replay/episode_85951945.json,0.7071067811865475,
85952415,0,2,Majkel1337,54662660,majkel_full,zip,C:\Users\shiba\ptcc_pokemon_ai_buttle\data\runs\leaderboard_top50\alakazam\20260717_kaggle_top20\rank02_Majkel1337_sub54662660_full.zip,rank02_Majkel1337_sub54662660/episodes/85952415/replay/episode_85952415.json,0.7071067811865475,
85952890,0,2,Majkel1337,54662660,majkel_full,zip,C:\Users\shiba\ptcc_pokemon_ai_buttle\data\runs\leaderboard_top50\alakazam\20260717_kaggle_top20\rank02_Majkel1337_sub54662660_full.zip,rank02_Majkel1337_sub54662660/episodes/85952890/replay/episode_85952890.json,0.7071067811865475,
85953358,1,2,Majkel1337,54662660,majkel_full,zip,C:\Users\shiba\ptcc_pokemon_ai_buttle\data\runs\leaderboard_top50\alakazam\20260717_kaggle_top20\rank02_Majkel1337_sub54662660_full.zip,rank02_Majkel1337_sub54662660/episodes/85953358/replay/episode_85953358.json,0.7071067811865475,
85953823,0,2,Majkel1337,54662660,majkel_full,zip,C:\Users\shiba\ptcc_pokemon_ai_buttle\data\runs\leaderboard_top50\alakazam\20260717_kaggle_top20\rank02_Majkel1337_sub54662660_full.zip,rank02_Majkel1337_sub54662660/episodes/85953823/replay/episode_85953823.json,0.7071067811865475,
85954286,0,2,Majkel1337,54662660,majkel_full,zip,C:\Users\shiba\ptcc_pokemon_ai_buttle\data\runs\leaderboard_top50\alakazam\20260717_kaggle_top20\rank02_Majkel1337_sub54662660_full.zip,rank02_Majkel1337_sub54662660/episodes/85954286/replay/episode_85954286.json,0.7071067811865475,
85954769,1,2,Majkel1337,54662660,majkel_full,zip,C:\Users\shiba\ptcc_pokemon_ai_buttle\data\runs\leaderboard_top50\alakazam\20260717_kaggle_top20\rank02_Majkel1337_sub54662660_full.zip,rank02_Majkel1337_sub54662660/episodes/85954769/replay/episode_85954769.json,0.7071067811865475,
85955218,0,2,Majkel1337,54662660,majkel_full,zip,C:\Users\shiba\ptcc_pokemon_ai_buttle\data\runs\leaderboard_top50\alakazam\20260717_kaggle_top20\rank02_Majkel1337_sub54662660_full.zip,rank02_Majkel1337_sub54662660/episodes/85955218/replay/episode_85955218.json,0.7071067811865475,
85955710,0,2,Majkel1337,54662660,majkel_full,zip,C:\Users\shiba\ptcc_pokemon_ai_buttle\data\runs\leaderboard_top50\alakazam\20260717_kaggle_top20\rank02_Majkel1337_sub54662660_full.zip,rank02_Majkel1337_sub54662660/episodes/85955710/replay/episode_85955710.json,0.7071067811865475,
85956203,0,2,Majkel1337,54662660,majkel_full,zip,C:\Users\shiba\ptcc_pokemon_ai_buttle\data\runs\leaderboard_top50\alakazam\20260717_kaggle_top20\rank02_Majkel1337_sub54662660_full.zip,rank02_Majkel1337_sub54662660/episodes/85956203/replay/episode_85956203.json,0.7071067811865475,
85956852,1,2,Majkel1337,54662660,majkel_full,zip,C:\Users\shiba\ptcc_pokemon_ai_buttle\data\runs\leaderboard_top50\alakazam\20260717_kaggle_top20\rank02_Majkel1337_sub54662660_full.zip,rank02_Majkel1337_sub54662660/episodes/85956852/replay/episode_85956852.json,0.7071067811865475,
85957359,0,2,Majkel1337,54662660,majkel_full,zip,C:\Users\shiba\ptcc_pokemon_ai_buttle\data\runs\leaderboard_top50\alakazam\20260717_kaggle_top20\rank02_Majkel1337_sub54662660_full.zip,rank02_Majkel1337_sub54662660/episodes/85957359/replay/episode_85957359.json,0.7071067811865475,
85957898,0,2,Majkel1337,54662660,majkel_full,zip,C:\Users\shiba\ptcc_pokemon_ai_buttle\data\runs\leaderboard_top50\alakazam\20260717_kaggle_top20\rank02_Majkel1337_sub54662660_full.zip,rank02_Majkel1337_sub54662660/episodes/85957898/replay/episode_85957898.json,0.7071067811865475,
85958474,1,2,Majkel1337,54662660,majkel_full,zip,C:\Users\shiba\ptcc_pokemon_ai_buttle\data\runs\leaderboard_top50\alakazam\20260717_kaggle_top20\rank02_Majkel1337_sub54662660_full.zip,rank02_Majkel1337_sub54662660/episodes/85958474/replay/episode_85958474.json,0.7071067811865475,
85958952,1,2,Majkel1337,54662660,majkel_full,zip,C:\Users\shiba\ptcc_pokemon_ai_buttle\data\runs\leaderboard_top50\alakazam\20260717_kaggle_top20\rank02_Majkel1337_sub54662660_full.zip,rank02_Majkel1337_sub54662660/episodes/85958952/replay/episode_85958952.json,0.7071067811865475,
85959423,0,2,Majkel1337,54662660,majkel_full,zip,C:\Users\shiba\ptcc_pokemon_ai_buttle\data\runs\leaderboard_top50\alakazam\20260717_kaggle_top20\rank02_Majkel1337_sub54662660_full.zip,rank02_Majkel1337_sub54662660/episodes/85959423/replay/episode_85959423.json,0.7071067811865475,
85959890,0,2,Majkel1337,54662660,majkel_full,zip,C:\Users\shiba\ptcc_pokemon_ai_buttle\data\runs\leaderboard_top50\alakazam\20260717_kaggle_top20\rank02_Majkel1337_sub54662660_full.zip,rank02_Majkel1337_sub54662660/episodes/85959890/replay/episode_85959890.json,0.7071067811865475,
85960379,0,2,Majkel1337,54662660,majkel_full,zip,C:\Users\shiba\ptcc_pokemon_ai_buttle\data\runs\leaderboard_top50\alakazam\20260717_kaggle_top20\rank02_Majkel1337_sub54662660_full.zip,rank02_Majkel1337_sub54662660/episodes/85960379/replay/episode_85960379.json,0.7071067811865475,
85960845,0,2,Majkel1337,54662660,majkel_full,zip,C:\Users\shiba\ptcc_pokemon_ai_buttle\data\runs\leaderboard_top50\alakazam\20260717_kaggle_top20\rank02_Majkel1337_sub54662660_full.zip,rank02_Majkel1337_sub54662660/episodes/85960845/replay/episode_85960845.json,0.7071067811865475,
85961308,0,2,Majkel1337,54662660,majkel_full,zip,C:\Users\shiba\ptcc_pokemon_ai_buttle\data\runs\leaderboard_top50\alakazam\20260717_kaggle_top20\rank02_Majkel1337_sub54662660_full.zip,rank02_Majkel1337_sub54662660/episodes/85961308/replay/episode_85961308.json,0.7071067811865475,
85961776,0,2,Majkel1337,54662660,majkel_full,zip,C:\Users\shiba\ptcc_pokemon_ai_buttle\data\runs\leaderboard_top50\alakazam\20260717_kaggle_top20\rank02_Majkel1337_sub54662660_full.zip,rank02_Majkel1337_sub54662660/episodes/85961776/replay/episode_85961776.json,0.7071067811865475,
85962256,1,2,Majkel1337,54662660,majkel_full,zip,C:\Users\shiba\ptcc_pokemon_ai_buttle\data\runs\leaderboard_top50\alakazam\20260717_kaggle_top20\rank02_Majkel1337_sub54662660_full.zip,rank02_Majkel1337_sub54662660/episodes/85962256/replay/episode_85962256.json,0.7071067811865475,
85962717,0,2,Majkel1337,54662660,majkel_full,zip,C:\Users\shiba\ptcc_pokemon_ai_buttle\data\runs\leaderboard_top50\alakazam\20260717_kaggle_top20\rank02_Majkel1337_sub54662660_full.zip,rank02_Majkel1337_sub54662660/episodes/85962717/replay/episode_85962717.json,0.7071067811865475,
85963177,0,2,Majkel1337,54662660,majkel_full,zip,C:\Users\shiba\ptcc_pokemon_ai_buttle\data\runs\leaderboard_top50\alakazam\20260717_kaggle_top20\rank02_Majkel1337_sub54662660_full.zip,rank02_Majkel1337_sub54662660/episodes/85963177/replay/episode_85963177.json,0.7071067811865475,
85963783,1,2,Majkel1337,54662660,majkel_full,zip,C:\Users\shiba\ptcc_pokemon_ai_buttle\data\runs\leaderboard_top50\alakazam\20260717_kaggle_top20\rank02_Majkel1337_sub54662660_full.zip,rank02_Majkel1337_sub54662660/episodes/85963783/replay/episode_85963783.json,0.7071067811865475,
85964138,0,2,Majkel1337,54662660,majkel_full,zip,C:\Users\shiba\ptcc_pokemon_ai_buttle\data\runs\leaderboard_top50\alakazam\20260717_kaggle_top20\rank02_Majkel1337_sub54662660_full.zip,rank02_Majkel1337_sub54662660/episodes/85964138/replay/episode_85964138.json,0.7071067811865475,
85964575,0,2,Majkel1337,54662660,majkel_full,zip,C:\Users\shiba\ptcc_pokemon_ai_buttle\data\runs\leaderboard_top50\alakazam\20260717_kaggle_top20\rank02_Majkel1337_sub54662660_full.zip,rank02_Majkel1337_sub54662660/episodes/85964575/replay/episode_85964575.json,0.7071067811865475,
85965050,1,2,Majkel1337,54662660,majkel_full,zip,C:\Users\shiba\ptcc_pokemon_ai_buttle\data\runs\leaderboard_top50\alakazam\20260717_kaggle_top20\rank02_Majkel1337_sub54662660_full.zip,rank02_Majkel1337_sub54662660/episodes/85965050/replay/episode_85965050.json,0.7071067811865475,
85965510,1,2,Majkel1337,54662660,majkel_full,zip,C:\Users\shiba\ptcc_pokemon_ai_buttle\data\runs\leaderboard_top50\alakazam\20260717_kaggle_top20\rank02_Majkel1337_sub54662660_full.zip,rank02_Majkel1337_sub54662660/episodes/85965510/replay/episode_85965510.json,0.7071067811865475,
85966001,1,2,Majkel1337,54662660,majkel_full,zip,C:\Users\shiba\ptcc_pokemon_ai_buttle\data\runs\leaderboard_top50\alakazam\20260717_kaggle_top20\rank02_Majkel1337_sub54662660_full.zip,rank02_Majkel1337_sub54662660/episodes/85966001/replay/episode_85966001.json,0.7071067811865475,
85966460,1,2,Majkel1337,54662660,majkel_full,zip,C:\Users\shiba\ptcc_pokemon_ai_buttle\data\runs\leaderboard_top50\alakazam\20260717_kaggle_top20\rank02_Majkel1337_sub54662660_full.zip,rank02_Majkel1337_sub54662660/episodes/85966460/replay/episode_85966460.json,0.7071067811865475,
85966927,0,2,Majkel1337,54662660,majkel_full,zip,C:\Users\shiba\ptcc_pokemon_ai_buttle\data\runs\leaderboard_top50\alakazam\20260717_kaggle_top20\rank02_Majkel1337_sub54662660_full.zip,rank02_Majkel1337_sub54662660/episodes/85966927/replay/episode_85966927.json,0.7071067811865475,
85967387,1,2,Majkel1337,54662660,majkel_full,zip,C:\Users\shiba\ptcc_pokemon_ai_buttle\data\runs\leaderboard_top50\alakazam\20260717_kaggle_top20\rank02_Majkel1337_sub54662660_full.zip,rank02_Majkel1337_sub54662660/episodes/85967387/replay/episode_85967387.json,0.7071067811865475,
85967841,1,2,Majkel1337,54662660,majkel_full,zip,C:\Users\shiba\ptcc_pokemon_ai_buttle\data\runs\leaderboard_top50\alakazam\20260717_kaggle_top20\rank02_Majkel1337_sub54662660_full.zip,rank02_Majkel1337_sub54662660/episodes/85967841/replay/episode_85967841.json,0.7071067811865475,
85968320,1,2,Majkel1337,54662660,majkel_full,zip,C:\Users\shiba\ptcc_pokemon_ai_buttle\data\runs\leaderboard_top50\alakazam\20260717_kaggle_top20\rank02_Majkel1337_sub54662660_full.zip,rank02_Majkel1337_sub54662660/episodes/85968320/replay/episode_85968320.json,0.7071067811865475,
85968796,0,2,Majkel1337,54662660,majkel_full,zip,C:\Users\shiba\ptcc_pokemon_ai_buttle\data\runs\leaderboard_top50\alakazam\20260717_kaggle_top20\rank02_Majkel1337_sub54662660_full.zip,rank02_Majkel1337_sub54662660/episodes/85968796/replay/episode_85968796.json,0.7071067811865475,
85969267,1,2,Majkel1337,54662660,majkel_full,zip,C:\Users\shiba\ptcc_pokemon_ai_buttle\data\runs\leaderboard_top50\alakazam\20260717_kaggle_top20\rank02_Majkel1337_sub54662660_full.zip,rank02_Majkel1337_sub54662660/episodes/85969267/replay/episode_85969267.json,0.7071067811865475,
85969736,1,2,Majkel1337,54662660,majkel_full,zip,C:\Users\shiba\ptcc_pokemon_ai_buttle\data\runs\leaderboard_top50\alakazam\20260717_kaggle_top20\rank02_Majkel1337_sub54662660_full.zip,rank02_Majkel1337_sub54662660/episodes/85969736/replay/episode_85969736.json,0.7071067811865475,
85970218,0,2,Majkel1337,54662660,majkel_full,zip,C:\Users\shiba\ptcc_pokemon_ai_buttle\data\runs\leaderboard_top50\alakazam\20260717_kaggle_top20\rank02_Majkel1337_sub54662660_full.zip,rank02_Majkel1337_sub54662660/episodes/85970218/replay/episode_85970218.json,0.7071067811865475,
85970675,0,2,Majkel1337,54662660,majkel_full,zip,C:\Users\shiba\ptcc_pokemon_ai_buttle\data\runs\leaderboard_top50\alakazam\20260717_kaggle_top20\rank02_Majkel1337_sub54662660_full.zip,rank02_Majkel1337_sub54662660/episodes/85970675/replay/episode_85970675.json,0.7071067811865475,
85971140,1,2,Majkel1337,54662660,majkel_full,zip,C:\Users\shiba\ptcc_pokemon_ai_buttle\data\runs\leaderboard_top50\alakazam\20260717_kaggle_top20\rank02_Majkel1337_sub54662660_full.zip,rank02_Majkel1337_sub54662660/episodes/85971140/replay/episode_85971140.json,0.7071067811865475,
85971681,1,2,Majkel1337,54662660,majkel_full,zip,C:\Users\shiba\ptcc_pokemon_ai_buttle\data\runs\leaderboard_top50\alakazam\20260717_kaggle_top20\rank02_Majkel1337_sub54662660_full.zip,rank02_Majkel1337_sub54662660/episodes/85971681/replay/episode_85971681.json,0.7071067811865475,
85972078,0,2,Majkel1337,54662660,majkel_full,zip,C:\Users\shiba\ptcc_pokemon_ai_buttle\data\runs\leaderboard_top50\alakazam\20260717_kaggle_top20\rank02_Majkel1337_sub54662660_full.zip,rank02_Majkel1337_sub54662660/episodes/85972078/replay/episode_85972078.json,0.7071067811865475,
85972542,0,2,Majkel1337,54662660,majkel_full,zip,C:\Users\shiba\ptcc_pokemon_ai_buttle\data\runs\leaderboard_top50\alakazam\20260717_kaggle_top20\rank02_Majkel1337_sub54662660_full.zip,rank02_Majkel1337_sub54662660/episodes/85972542/replay/episode_85972542.json,0.7071067811865475,
85972957,1,2,Majkel1337,54662660,majkel_full,zip,C:\Users\shiba\ptcc_pokemon_ai_buttle\data\runs\leaderboard_top50\alakazam\20260717_kaggle_top20\rank02_Majkel1337_sub54662660_full.zip,rank02_Majkel1337_sub54662660/episodes/85972957/replay/episode_85972957.json,0.7071067811865475,
85973506,0,2,Majkel1337,54662660,majkel_full,zip,C:\Users\shiba\ptcc_pokemon_ai_buttle\data\runs\leaderboard_top50\alakazam\20260717_kaggle_top20\rank02_Majkel1337_sub54662660_full.zip,rank02_Majkel1337_sub54662660/episodes/85973506/replay/episode_85973506.json,0.7071067811865475,
85973999,0,2,Majkel1337,54662660,majkel_full,zip,C:\Users\shiba\ptcc_pokemon_ai_buttle\data\runs\leaderboard_top50\alakazam\20260717_kaggle_top20\rank02_Majkel1337_sub54662660_full.zip,rank02_Majkel1337_sub54662660/episodes/85973999/replay/episode_85973999.json,0.7071067811865475,
85974490,0,2,Majkel1337,54662660,majkel_full,zip,C:\Users\shiba\ptcc_pokemon_ai_buttle\data\runs\leaderboard_top50\alakazam\20260717_kaggle_top20\rank02_Majkel1337_sub54662660_full.zip,rank02_Majkel1337_sub54662660/episodes/85974490/replay/episode_85974490.json,0.7071067811865475,
85975001,1,2,Majkel1337,54662660,majkel_full,zip,C:\Users\shiba\ptcc_pokemon_ai_buttle\data\runs\leaderboard_top50\alakazam\20260717_kaggle_top20\rank02_Majkel1337_sub54662660_full.zip,rank02_Majkel1337_sub54662660/episodes/85975001/replay/episode_85975001.json,0.7071067811865475,
85975450,1,2,Majkel1337,54662660,majkel_full,zip,C:\Users\shiba\ptcc_pokemon_ai_buttle\data\runs\leaderboard_top50\alakazam\20260717_kaggle_top20\rank02_Majkel1337_sub54662660_full.zip,rank02_Majkel1337_sub54662660/episodes/85975450/replay/episode_85975450.json,0.7071067811865475,
85975890,0,2,Majkel1337,54662660,majkel_full,zip,C:\Users\shiba\ptcc_pokemon_ai_buttle\data\runs\leaderboard_top50\alakazam\20260717_kaggle_top20\rank02_Majkel1337_sub54662660_full.zip,rank02_Majkel1337_sub54662660/episodes/85975890/replay/episode_85975890.json,0.7071067811865475,
85976398,1,2,Majkel1337,54662660,majkel_full,zip,C:\Users\shiba\ptcc_pokemon_ai_buttle\data\runs\leaderboard_top50\alakazam\20260717_kaggle_top20\rank02_Majkel1337_sub54662660_full.zip,rank02_Majkel1337_sub54662660/episodes/85976398/replay/episode_85976398.json,0.7071067811865475,
85976827,1,2,Majkel1337,54662660,majkel_full,zip,C:\Users\shiba\ptcc_pokemon_ai_buttle\data\runs\leaderboard_top50\alakazam\20260717_kaggle_top20\rank02_Majkel1337_sub54662660_full.zip,rank02_Majkel1337_sub54662660/episodes/85976827/replay/episode_85976827.json,0.7071067811865475,
85977287,0,2,Majkel1337,54662660,majkel_full,zip,C:\Users\shiba\ptcc_pokemon_ai_buttle\data\runs\leaderboard_top50\alakazam\20260717_kaggle_top20\rank02_Majkel1337_sub54662660_full.zip,rank02_Majkel1337_sub54662660/episodes/85977287/replay/episode_85977287.json,0.7071067811865475,
85977754,1,2,Majkel1337,54662660,majkel_full,zip,C:\Users\shiba\ptcc_pokemon_ai_buttle\data\runs\leaderboard_top50\alakazam\20260717_kaggle_top20\rank02_Majkel1337_sub54662660_full.zip,rank02_Majkel1337_sub54662660/episodes/85977754/replay/episode_85977754.json,0.7071067811865475,
85978212,0,2,Majkel1337,54662660,majkel_full,zip,C:\Users\shiba\ptcc_pokemon_ai_buttle\data\runs\leaderboard_top50\alakazam\20260717_kaggle_top20\rank02_Majkel1337_sub54662660_full.zip,rank02_Majkel1337_sub54662660/episodes/85978212/replay/episode_85978212.json,0.7071067811865475,
85978676,0,2,Majkel1337,54662660,majkel_full,zip,C:\Users\shiba\ptcc_pokemon_ai_buttle\data\runs\leaderboard_top50\alakazam\20260717_kaggle_top20\rank02_Majkel1337_sub54662660_full.zip,rank02_Majkel1337_sub54662660/episodes/85978676/replay/episode_85978676.json,0.7071067811865475,
85979104,1,2,Majkel1337,54662660,majkel_full,zip,C:\Users\shiba\ptcc_pokemon_ai_buttle\data\runs\leaderboard_top50\alakazam\20260717_kaggle_top20\rank02_Majkel1337_sub54662660_full.zip,rank02_Majkel1337_sub54662660/episodes/85979104/replay/episode_85979104.json,0.7071067811865475,
85979552,0,2,Majkel1337,54662660,majkel_full,zip,C:\Users\shiba\ptcc_pokemon_ai_buttle\data\runs\leaderboard_top50\alakazam\20260717_kaggle_top20\rank02_Majkel1337_sub54662660_full.zip,rank02_Majkel1337_sub54662660/episodes/85979552/replay/episode_85979552.json,0.7071067811865475,
85979603,1,2,Majkel1337,54662660,majkel_full,zip,C:\Users\shiba\ptcc_pokemon_ai_buttle\data\runs\leaderboard_top50\alakazam\20260717_kaggle_top20\rank02_Majkel1337_sub54662660_full.zip,rank02_Majkel1337_sub54662660/episodes/85979603/replay/episode_85979603.json,0.7071067811865475,
85980051,1,2,Majkel1337,54662660,majkel_full,zip,C:\Users\shiba\ptcc_pokemon_ai_buttle\data\runs\leaderboard_top50\alakazam\20260717_kaggle_top20\rank02_Majkel1337_sub54662660_full.zip,rank02_Majkel1337_sub54662660/episodes/85980051/replay/episode_85980051.json,0.7071067811865475,
85980566,0,2,Majkel1337,54662660,majkel_full,zip,C:\Users\shiba\ptcc_pokemon_ai_buttle\data\runs\leaderboard_top50\alakazam\20260717_kaggle_top20\rank02_Majkel1337_sub54662660_full.zip,rank02_Majkel1337_sub54662660/episodes/85980566/replay/episode_85980566.json,0.7071067811865475,
85981084,0,2,Majkel1337,54662660,majkel_full,zip,C:\Users\shiba\ptcc_pokemon_ai_buttle\data\runs\leaderboard_top50\alakazam\20260717_kaggle_top20\rank02_Majkel1337_sub54662660_full.zip,rank02_Majkel1337_sub54662660/episodes/85981084/replay/episode_85981084.json,0.7071067811865475,
85981591,1,2,Majkel1337,54662660,majkel_full,zip,C:\Users\shiba\ptcc_pokemon_ai_buttle\data\runs\leaderboard_top50\alakazam\20260717_kaggle_top20\rank02_Majkel1337_sub54662660_full.zip,rank02_Majkel1337_sub54662660/episodes/85981591/replay/episode_85981591.json,0.7071067811865475,
85982109,1,2,Majkel1337,54662660,majkel_full,zip,C:\Users\shiba\ptcc_pokemon_ai_buttle\data\runs\leaderboard_top50\alakazam\20260717_kaggle_top20\rank02_Majkel1337_sub54662660_full.zip,rank02_Majkel1337_sub54662660/episodes/85982109/replay/episode_85982109.json,0.7071067811865475,
85983061,1,2,Majkel1337,54662660,majkel_full,zip,C:\Users\shiba\ptcc_pokemon_ai_buttle\data\runs\leaderboard_top50\alakazam\20260717_kaggle_top20\rank02_Majkel1337_sub54662660_full.zip,rank02_Majkel1337_sub54662660/episodes/85983061/replay/episode_85983061.json,0.7071067811865475,
85983571,0,2,Majkel1337,54662660,majkel_full,zip,C:\Users\shiba\ptcc_pokemon_ai_buttle\data\runs\leaderboard_top50\alakazam\20260717_kaggle_top20\rank02_Majkel1337_sub54662660_full.zip,rank02_Majkel1337_sub54662660/episodes/85983571/replay/episode_85983571.json,0.7071067811865475,
85984091,0,2,Majkel1337,54662660,majkel_full,zip,C:\Users\shiba\ptcc_pokemon_ai_buttle\data\runs\leaderboard_top50\alakazam\20260717_kaggle_top20\rank02_Majkel1337_sub54662660_full.zip,rank02_Majkel1337_sub54662660/episodes/85984091/replay/episode_85984091.json,0.7071067811865475,
85984610,0,2,Majkel1337,54662660,majkel_full,zip,C:\Users\shiba\ptcc_pokemon_ai_buttle\data\runs\leaderboard_top50\alakazam\20260717_kaggle_top20\rank02_Majkel1337_sub54662660_full.zip,rank02_Majkel1337_sub54662660/episodes/85984610/replay/episode_85984610.json,0.7071067811865475,
85985118,1,2,Majkel1337,54662660,majkel_full,zip,C:\Users\shiba\ptcc_pokemon_ai_buttle\data\runs\leaderboard_top50\alakazam\20260717_kaggle_top20\rank02_Majkel1337_sub54662660_full.zip,rank02_Majkel1337_sub54662660/episodes/85985118/replay/episode_85985118.json,0.7071067811865475,
85985619,1,2,Majkel1337,54662660,majkel_full,zip,C:\Users\shiba\ptcc_pokemon_ai_buttle\data\runs\leaderboard_top50\alakazam\20260717_kaggle_top20\rank02_Majkel1337_sub54662660_full.zip,rank02_Majkel1337_sub54662660/episodes/85985619/replay/episode_85985619.json,0.7071067811865475,
85986142,0,2,Majkel1337,54662660,majkel_full,zip,C:\Users\shiba\ptcc_pokemon_ai_buttle\data\runs\leaderboard_top50\alakazam\20260717_kaggle_top20\rank02_Majkel1337_sub54662660_full.zip,rank02_Majkel1337_sub54662660/episodes/85986142/replay/episode_85986142.json,0.7071067811865475,
85986745,0,2,Majkel1337,54662660,majkel_full,zip,C:\Users\shiba\ptcc_pokemon_ai_buttle\data\runs\leaderboard_top50\alakazam\20260717_kaggle_top20\rank02_Majkel1337_sub54662660_full.zip,rank02_Majkel1337_sub54662660/episodes/85986745/replay/episode_85986745.json,0.7071067811865475,
85987375,1,2,Majkel1337,54662660,majkel_full,zip,C:\Users\shiba\ptcc_pokemon_ai_buttle\data\runs\leaderboard_top50\alakazam\20260717_kaggle_top20\rank02_Majkel1337_sub54662660_full.zip,rank02_Majkel1337_sub54662660/episodes/85987375/replay/episode_85987375.json,0.7071067811865475,
85987860,1,2,Majkel1337,54662660,majkel_full,zip,C:\Users\shiba\ptcc_pokemon_ai_buttle\data\runs\leaderboard_top50\alakazam\20260717_kaggle_top20\rank02_Majkel1337_sub54662660_full.zip,rank02_Majkel1337_sub54662660/episodes/85987860/replay/episode_85987860.json,0.7071067811865475,
85988451,1,2,Majkel1337,54662660,majkel_full,zip,C:\Users\shiba\ptcc_pokemon_ai_buttle\data\runs\leaderboard_top50\alakazam\20260717_kaggle_top20\rank02_Majkel1337_sub54662660_full.zip,rank02_Majkel1337_sub54662660/episodes/85988451/replay/episode_85988451.json,0.7071067811865475,
85988987,1,2,Majkel1337,54662660,majkel_full,zip,C:\Users\shiba\ptcc_pokemon_ai_buttle\data\runs\leaderboard_top50\alakazam\20260717_kaggle_top20\rank02_Majkel1337_sub54662660_full.zip,rank02_Majkel1337_sub54662660/episodes/85988987/replay/episode_85988987.json,0.7071067811865475,
85989487,0,2,Majkel1337,54662660,majkel_full,zip,C:\Users\shiba\ptcc_pokemon_ai_buttle\data\runs\leaderboard_top50\alakazam\20260717_kaggle_top20\rank02_Majkel1337_sub54662660_full.zip,rank02_Majkel1337_sub54662660/episodes/85989487/replay/episode_85989487.json,0.7071067811865475,
85990020,0,2,Majkel1337,54662660,majkel_full,zip,C:\Users\shiba\ptcc_pokemon_ai_buttle\data\runs\leaderboard_top50\alakazam\20260717_kaggle_top20\rank02_Majkel1337_sub54662660_full.zip,rank02_Majkel1337_sub54662660/episodes/85990020/replay/episode_85990020.json,0.7071067811865475,
85990526,0,2,Majkel1337,54662660,majkel_full,zip,C:\Users\shiba\ptcc_pokemon_ai_buttle\data\runs\leaderboard_top50\alakazam\20260717_kaggle_top20\rank02_Majkel1337_sub54662660_full.zip,rank02_Majkel1337_sub54662660/episodes/85990526/replay/episode_85990526.json,0.7071067811865475,
85991044,1,2,Majkel1337,54662660,majkel_full,zip,C:\Users\shiba\ptcc_pokemon_ai_buttle\data\runs\leaderboard_top50\alakazam\20260717_kaggle_top20\rank02_Majkel1337_sub54662660_full.zip,rank02_Majkel1337_sub54662660/episodes/85991044/replay/episode_85991044.json,0.7071067811865475,
85992495,1,2,Majkel1337,54662660,majkel_full,zip,C:\Users\shiba\ptcc_pokemon_ai_buttle\data\runs\leaderboard_top50\alakazam\20260717_kaggle_top20\rank02_Majkel1337_sub54662660_full.zip,rank02_Majkel1337_sub54662660/episodes/85992495/replay/episode_85992495.json,0.7071067811865475,
85993030,1,2,Majkel1337,54662660,majkel_full,zip,C:\Users\shiba\ptcc_pokemon_ai_buttle\data\runs\leaderboard_top50\alakazam\20260717_kaggle_top20\rank02_Majkel1337_sub54662660_full.zip,rank02_Majkel1337_sub54662660/episodes/85993030/replay/episode_85993030.json,0.7071067811865475,
85993542,1,2,Majkel1337,54662660,majkel_full,zip,C:\Users\shiba\ptcc_pokemon_ai_buttle\data\runs\leaderboard_top50\alakazam\20260717_kaggle_top20\rank02_Majkel1337_sub54662660_full.zip,rank02_Majkel1337_sub54662660/episodes/85993542/replay/episode_85993542.json,0.7071067811865475,
85994050,1,2,Majkel1337,54662660,majkel_full,zip,C:\Users\shiba\ptcc_pokemon_ai_buttle\data\runs\leaderboard_top50\alakazam\20260717_kaggle_top20\rank02_Majkel1337_sub54662660_full.zip,rank02_Majkel1337_sub54662660/episodes/85994050/replay/episode_85994050.json,0.7071067811865475,
85994567,0,2,Majkel1337,54662660,majkel_full,zip,C:\Users\shiba\ptcc_pokemon_ai_buttle\data\runs\leaderboard_top50\alakazam\20260717_kaggle_top20\rank02_Majkel1337_sub54662660_full.zip,rank02_Majkel1337_sub54662660/episodes/85994567/replay/episode_85994567.json,0.7071067811865475,
85995091,1,2,Majkel1337,54662660,majkel_full,zip,C:\Users\shiba\ptcc_pokemon_ai_buttle\data\runs\leaderboard_top50\alakazam\20260717_kaggle_top20\rank02_Majkel1337_sub54662660_full.zip,rank02_Majkel1337_sub54662660/episodes/85995091/replay/episode_85995091.json,0.7071067811865475,
85995612,1,2,Majkel1337,54662660,majkel_full,zip,C:\Users\shiba\ptcc_pokemon_ai_buttle\data\runs\leaderboard_top50\alakazam\20260717_kaggle_top20\rank02_Majkel1337_sub54662660_full.zip,rank02_Majkel1337_sub54662660/episodes/85995612/replay/episode_85995612.json,0.7071067811865475,
85996125,0,2,Majkel1337,54662660,majkel_full,zip,C:\Users\shiba\ptcc_pokemon_ai_buttle\data\runs\leaderboard_top50\alakazam\20260717_kaggle_top20\rank02_Majkel1337_sub54662660_full.zip,rank02_Majkel1337_sub54662660/episodes/85996125/replay/episode_85996125.json,0.7071067811865475,
85996659,1,2,Majkel1337,54662660,majkel_full,zip,C:\Users\shiba\ptcc_pokemon_ai_buttle\data\runs\leaderboard_top50\alakazam\20260717_kaggle_top20\rank02_Majkel1337_sub54662660_full.zip,rank02_Majkel1337_sub54662660/episodes/85996659/replay/episode_85996659.json,0.7071067811865475,
85997177,1,2,Majkel1337,54662660,majkel_full,zip,C:\Users\shiba\ptcc_pokemon_ai_buttle\data\runs\leaderboard_top50\alakazam\20260717_kaggle_top20\rank02_Majkel1337_sub54662660_full.zip,rank02_Majkel1337_sub54662660/episodes/85997177/replay/episode_85997177.json,0.7071067811865475,
85997686,1,2,Majkel1337,54662660,majkel_full,zip,C:\Users\shiba\ptcc_pokemon_ai_buttle\data\runs\leaderboard_top50\alakazam\20260717_kaggle_top20\rank02_Majkel1337_sub54662660_full.zip,rank02_Majkel1337_sub54662660/episodes/85997686/replay/episode_85997686.json,0.7071067811865475,
85998207,0,2,Majkel1337,54662660,majkel_full,zip,C:\Users\shiba\ptcc_pokemon_ai_buttle\data\runs\leaderboard_top50\alakazam\20260717_kaggle_top20\rank02_Majkel1337_sub54662660_full.zip,rank02_Majkel1337_sub54662660/episodes/85998207/replay/episode_85998207.json,0.7071067811865475,
85998716,1,2,Majkel1337,54662660,majkel_full,zip,C:\Users\shiba\ptcc_pokemon_ai_buttle\data\runs\leaderboard_top50\alakazam\20260717_kaggle_top20\rank02_Majkel1337_sub54662660_full.zip,rank02_Majkel1337_sub54662660/episodes/85998716/replay/episode_85998716.json,0.7071067811865475,
85999225,1,2,Majkel1337,54662660,majkel_full,zip,C:\Users\shiba\ptcc_pokemon_ai_buttle\data\runs\leaderboard_top50\alakazam\20260717_kaggle_top20\rank02_Majkel1337_sub54662660_full.zip,rank02_Majkel1337_sub54662660/episodes/85999225/replay/episode_85999225.json,0.7071067811865475,
85999827,0,2,Majkel1337,54662660,majkel_full,zip,C:\Users\shiba\ptcc_pokemon_ai_buttle\data\runs\leaderboard_top50\alakazam\20260717_kaggle_top20\rank02_Majkel1337_sub54662660_full.zip,rank02_Majkel1337_sub54662660/episodes/85999827/replay/episode_85999827.json,0.7071067811865475,
86000305,1,2,Majkel1337,54662660,majkel_full,zip,C:\Users\shiba\ptcc_pokemon_ai_buttle\data\runs\leaderboard_top50\alakazam\20260717_kaggle_top20\rank02_Majkel1337_sub54662660_full.zip,rank02_Majkel1337_sub54662660/episodes/86000305/replay/episode_86000305.json,0.7071067811865475,
86000831,0,2,Majkel1337,54662660,majkel_full,zip,C:\Users\shiba\ptcc_pokemon_ai_buttle\data\runs\leaderboard_top50\alakazam\20260717_kaggle_top20\rank02_Majkel1337_sub54662660_full.zip,rank02_Majkel1337_sub54662660/episodes/86000831/replay/episode_86000831.json,0.7071067811865475,
86001354,0,2,Majkel1337,54662660,majkel_full,zip,C:\Users\shiba\ptcc_pokemon_ai_buttle\data\runs\leaderboard_top50\alakazam\20260717_kaggle_top20\rank02_Majkel1337_sub54662660_full.zip,rank02_Majkel1337_sub54662660/episodes/86001354/replay/episode_86001354.json,0.7071067811865475,
86001838,0,2,Majkel1337,54662660,majkel_full,zip,C:\Users\shiba\ptcc_pokemon_ai_buttle\data\runs\leaderboard_top50\alakazam\20260717_kaggle_top20\rank02_Majkel1337_sub54662660_full.zip,rank02_Majkel1337_sub54662660/episodes/86001838/replay/episode_86001838.json,0.7071067811865475,
86002298,1,2,Majkel1337,54662660,majkel_full,zip,C:\Users\shiba\ptcc_pokemon_ai_buttle\data\runs\leaderboard_top50\alakazam\20260717_kaggle_top20\rank02_Majkel1337_sub54662660_full.zip,rank02_Majkel1337_sub54662660/episodes/86002298/replay/episode_86002298.json,0.7071067811865475,
86002961,1,2,Majkel1337,54662660,majkel_full,zip,C:\Users\shiba\ptcc_pokemon_ai_buttle\data\runs\leaderboard_top50\alakazam\20260717_kaggle_top20\rank02_Majkel1337_sub54662660_full.zip,rank02_Majkel1337_sub54662660/episodes/86002961/replay/episode_86002961.json,0.7071067811865475,
86003437,0,2,Majkel1337,54662660,majkel_full,zip,C:\Users\shiba\ptcc_pokemon_ai_buttle\data\runs\leaderboard_top50\alakazam\20260717_kaggle_top20\rank02_Majkel1337_sub54662660_full.zip,rank02_Majkel1337_sub54662660/episodes/86003437/replay/episode_86003437.json,0.7071067811865475,
86004018,1,2,Majkel1337,54662660,majkel_full,zip,C:\Users\shiba\ptcc_pokemon_ai_buttle\data\runs\leaderboard_top50\alakazam\20260717_kaggle_top20\rank02_Majkel1337_sub54662660_full.zip,rank02_Majkel1337_sub54662660/episodes/86004018/replay/episode_86004018.json,0.7071067811865475,
86004567,1,2,Majkel1337,54662660,majkel_full,zip,C:\Users\shiba\ptcc_pokemon_ai_buttle\data\runs\leaderboard_top50\alakazam\20260717_kaggle_top20\rank02_Majkel1337_sub54662660_full.zip,rank02_Majkel1337_sub54662660/episodes/86004567/replay/episode_86004567.json,0.7071067811865475,
86005042,0,2,Majkel1337,54662660,majkel_full,zip,C:\Users\shiba\ptcc_pokemon_ai_buttle\data\runs\leaderboard_top50\alakazam\20260717_kaggle_top20\rank02_Majkel1337_sub54662660_full.zip,rank02_Majkel1337_sub54662660/episodes/86005042/replay/episode_86005042.json,0.7071067811865475,
86005599,0,2,Majkel1337,54662660,majkel_full,zip,C:\Users\shiba\ptcc_pokemon_ai_buttle\data\runs\leaderboard_top50\alakazam\20260717_kaggle_top20\rank02_Majkel1337_sub54662660_full.zip,rank02_Majkel1337_sub54662660/episodes/86005599/replay/episode_86005599.json,0.7071067811865475,
86006166,1,2,Majkel1337,54662660,majkel_full,zip,C:\Users\shiba\ptcc_pokemon_ai_buttle\data\runs\leaderboard_top50\alakazam\20260717_kaggle_top20\rank02_Majkel1337_sub54662660_full.zip,rank02_Majkel1337_sub54662660/episodes/86006166/replay/episode_86006166.json,0.7071067811865475,
86006665,1,2,Majkel1337,54662660,majkel_full,zip,C:\Users\shiba\ptcc_pokemon_ai_buttle\data\runs\leaderboard_top50\alakazam\20260717_kaggle_top20\rank02_Majkel1337_sub54662660_full.zip,rank02_Majkel1337_sub54662660/episodes/86006665/replay/episode_86006665.json,0.7071067811865475,
86007195,0,2,Majkel1337,54662660,majkel_full,zip,C:\Users\shiba\ptcc_pokemon_ai_buttle\data\runs\leaderboard_top50\alakazam\20260717_kaggle_top20\rank02_Majkel1337_sub54662660_full.zip,rank02_Majkel1337_sub54662660/episodes/86007195/replay/episode_86007195.json,0.7071067811865475,
86007713,0,2,Majkel1337,54662660,majkel_full,zip,C:\Users\shiba\ptcc_pokemon_ai_buttle\data\runs\leaderboard_top50\alakazam\20260717_kaggle_top20\rank02_Majkel1337_sub54662660_full.zip,rank02_Majkel1337_sub54662660/episodes/86007713/replay/episode_86007713.json,0.7071067811865475,
86008225,0,2,Majkel1337,54662660,majkel_full,zip,C:\Users\shiba\ptcc_pokemon_ai_buttle\data\runs\leaderboard_top50\alakazam\20260717_kaggle_top20\rank02_Majkel1337_sub54662660_full.zip,rank02_Majkel1337_sub54662660/episodes/86008225/replay/episode_86008225.json,0.7071067811865475,
86008753,1,2,Majkel1337,54662660,majkel_full,zip,C:\Users\shiba\ptcc_pokemon_ai_buttle\data\runs\leaderboard_top50\alakazam\20260717_kaggle_top20\rank02_Majkel1337_sub54662660_full.zip,rank02_Majkel1337_sub54662660/episodes/86008753/replay/episode_86008753.json,0.7071067811865475,
86009277,0,2,Majkel1337,54662660,majkel_full,zip,C:\Users\shiba\ptcc_pokemon_ai_buttle\data\runs\leaderboard_top50\alakazam\20260717_kaggle_top20\rank02_Majkel1337_sub54662660_full.zip,rank02_Majkel1337_sub54662660/episodes/86009277/replay/episode_86009277.json,0.7071067811865475,
86009918,1,2,Majkel1337,54662660,majkel_full,zip,C:\Users\shiba\ptcc_pokemon_ai_buttle\data\runs\leaderboard_top50\alakazam\20260717_kaggle_top20\rank02_Majkel1337_sub54662660_full.zip,rank02_Majkel1337_sub54662660/episodes/86009918/replay/episode_86009918.json,0.7071067811865475,
86010463,1,2,Majkel1337,54662660,majkel_full,zip,C:\Users\shiba\ptcc_pokemon_ai_buttle\data\runs\leaderboard_top50\alakazam\20260717_kaggle_top20\rank02_Majkel1337_sub54662660_full.zip,rank02_Majkel1337_sub54662660/episodes/86010463/replay/episode_86010463.json,0.7071067811865475,
86010930,1,2,Majkel1337,54662660,majkel_full,zip,C:\Users\shiba\ptcc_pokemon_ai_buttle\data\runs\leaderboard_top50\alakazam\20260717_kaggle_top20\rank02_Majkel1337_sub54662660_full.zip,rank02_Majkel1337_sub54662660/episodes/86010930/replay/episode_86010930.json,0.7071067811865475,
86011517,1,2,Majkel1337,54662660,majkel_full,zip,C:\Users\shiba\ptcc_pokemon_ai_buttle\data\runs\leaderboard_top50\alakazam\20260717_kaggle_top20\rank02_Majkel1337_sub54662660_full.zip,rank02_Majkel1337_sub54662660/episodes/86011517/replay/episode_86011517.json,0.7071067811865475,
86011536,1,2,Majkel1337,54662660,majkel_full,zip,C:\Users\shiba\ptcc_pokemon_ai_buttle\data\runs\leaderboard_top50\alakazam\20260717_kaggle_top20\rank02_Majkel1337_sub54662660_full.zip,rank02_Majkel1337_sub54662660/episodes/86011536/replay/episode_86011536.json,0.7071067811865475,
86011993,1,2,Majkel1337,54662660,majkel_full,zip,C:\Users\shiba\ptcc_pokemon_ai_buttle\data\runs\leaderboard_top50\alakazam\20260717_kaggle_top20\rank02_Majkel1337_sub54662660_full.zip,rank02_Majkel1337_sub54662660/episodes/86011993/replay/episode_86011993.json,0.7071067811865475,
86012582,0,2,Majkel1337,54662660,majkel_full,zip,C:\Users\shiba\ptcc_pokemon_ai_buttle\data\runs\leaderboard_top50\alakazam\20260717_kaggle_top20\rank02_Majkel1337_sub54662660_full.zip,rank02_Majkel1337_sub54662660/episodes/86012582/replay/episode_86012582.json,0.7071067811865475,
86012918,0,2,Majkel1337,54662660,majkel_full,zip,C:\Users\shiba\ptcc_pokemon_ai_buttle\data\runs\leaderboard_top50\alakazam\20260717_kaggle_top20\rank02_Majkel1337_sub54662660_full.zip,rank02_Majkel1337_sub54662660/episodes/86012918/replay/episode_86012918.json,0.7071067811865475,
86012919,0,2,Majkel1337,54662660,majkel_full,zip,C:\Users\shiba\ptcc_pokemon_ai_buttle\data\runs\leaderboard_top50\alakazam\20260717_kaggle_top20\rank02_Majkel1337_sub54662660_full.zip,rank02_Majkel1337_sub54662660/episodes/86012919/replay/episode_86012919.json,0.7071067811865475,
86013495,1,2,Majkel1337,54662660,majkel_full,zip,C:\Users\shiba\ptcc_pokemon_ai_buttle\data\runs\leaderboard_top50\alakazam\20260717_kaggle_top20\rank02_Majkel1337_sub54662660_full.zip,rank02_Majkel1337_sub54662660/episodes/86013495/replay/episode_86013495.json,0.7071067811865475,
86014057,0,2,Majkel1337,54662660,majkel_full,zip,C:\Users\shiba\ptcc_pokemon_ai_buttle\data\runs\leaderboard_top50\alakazam\20260717_kaggle_top20\rank02_Majkel1337_sub54662660_full.zip,rank02_Majkel1337_sub54662660/episodes/86014057/replay/episode_86014057.json,0.7071067811865475,
86014665,0,2,Majkel1337,54662660,majkel_full,zip,C:\Users\shiba\ptcc_pokemon_ai_buttle\data\runs\leaderboard_top50\alakazam\20260717_kaggle_top20\rank02_Majkel1337_sub54662660_full.zip,rank02_Majkel1337_sub54662660/episodes/86014665/replay/episode_86014665.json,0.7071067811865475,
86015132,1,2,Majkel1337,54662660,majkel_full,zip,C:\Users\shiba\ptcc_pokemon_ai_buttle\data\runs\leaderboard_top50\alakazam\20260717_kaggle_top20\rank02_Majkel1337_sub54662660_full.zip,rank02_Majkel1337_sub54662660/episodes/86015132/replay/episode_86015132.json,0.7071067811865475,
86015142,0,2,Majkel1337,54662660,majkel_full,zip,C:\Users\shiba\ptcc_pokemon_ai_buttle\data\runs\leaderboard_top50\alakazam\20260717_kaggle_top20\rank02_Majkel1337_sub54662660_full.zip,rank02_Majkel1337_sub54662660/episodes/86015142/replay/episode_86015142.json,0.7071067811865475,
86015651,0,2,Majkel1337,54662660,majkel_full,zip,C:\Users\shiba\ptcc_pokemon_ai_buttle\data\runs\leaderboard_top50\alakazam\20260717_kaggle_top20\rank02_Majkel1337_sub54662660_full.zip,rank02_Majkel1337_sub54662660/episodes/86015651/replay/episode_86015651.json,0.7071067811865475,
86016163,0,2,Majkel1337,54662660,majkel_full,zip,C:\Users\shiba\ptcc_pokemon_ai_buttle\data\runs\leaderboard_top50\alakazam\20260717_kaggle_top20\rank02_Majkel1337_sub54662660_full.zip,rank02_Majkel1337_sub54662660/episodes/86016163/replay/episode_86016163.json,0.7071067811865475,
86016717,1,2,Majkel1337,54662660,majkel_full,zip,C:\Users\shiba\ptcc_pokemon_ai_buttle\data\runs\leaderboard_top50\alakazam\20260717_kaggle_top20\rank02_Majkel1337_sub54662660_full.zip,rank02_Majkel1337_sub54662660/episodes/86016717/replay/episode_86016717.json,0.7071067811865475,
86017210,1,2,Majkel1337,54662660,majkel_full,zip,C:\Users\shiba\ptcc_pokemon_ai_buttle\data\runs\leaderboard_top50\alakazam\20260717_kaggle_top20\rank02_Majkel1337_sub54662660_full.zip,rank02_Majkel1337_sub54662660/episodes/86017210/replay/episode_86017210.json,0.7071067811865475,
86017757,1,2,Majkel1337,54662660,majkel_full,zip,C:\Users\shiba\ptcc_pokemon_ai_buttle\data\runs\leaderboard_top50\alakazam\20260717_kaggle_top20\rank02_Majkel1337_sub54662660_full.zip,rank02_Majkel1337_sub54662660/episodes/86017757/replay/episode_86017757.json,0.7071067811865475,
86018284,1,2,Majkel1337,54662660,majkel_full,zip,C:\Users\shiba\ptcc_pokemon_ai_buttle\data\runs\leaderboard_top50\alakazam\20260717_kaggle_top20\rank02_Majkel1337_sub54662660_full.zip,rank02_Majkel1337_sub54662660/episodes/86018284/replay/episode_86018284.json,0.7071067811865475,
86018841,1,2,Majkel1337,54662660,majkel_full,zip,C:\Users\shiba\ptcc_pokemon_ai_buttle\data\runs\leaderboard_top50\alakazam\20260717_kaggle_top20\rank02_Majkel1337_sub54662660_full.zip,rank02_Majkel1337_sub54662660/episodes/86018841/replay/episode_86018841.json,0.7071067811865475,
86019408,1,2,Majkel1337,54662660,majkel_full,zip,C:\Users\shiba\ptcc_pokemon_ai_buttle\data\runs\leaderboard_top50\alakazam\20260717_kaggle_top20\rank02_Majkel1337_sub54662660_full.zip,rank02_Majkel1337_sub54662660/episodes/86019408/replay/episode_86019408.json,0.7071067811865475,
86019833,0,2,Majkel1337,54662660,majkel_full,zip,C:\Users\shiba\ptcc_pokemon_ai_buttle\data\runs\leaderboard_top50\alakazam\20260717_kaggle_top20\rank02_Majkel1337_sub54662660_full.zip,rank02_Majkel1337_sub54662660/episodes/86019833/replay/episode_86019833.json,0.7071067811865475,
86020448,1,2,Majkel1337,54662660,majkel_full,zip,C:\Users\shiba\ptcc_pokemon_ai_buttle\data\runs\leaderboard_top50\alakazam\20260717_kaggle_top20\rank02_Majkel1337_sub54662660_full.zip,rank02_Majkel1337_sub54662660/episodes/86020448/replay/episode_86020448.json,0.7071067811865475,
86020456,1,2,Majkel1337,54662660,majkel_full,zip,C:\Users\shiba\ptcc_pokemon_ai_buttle\data\runs\leaderboard_top50\alakazam\20260717_kaggle_top20\rank02_Majkel1337_sub54662660_full.zip,rank02_Majkel1337_sub54662660/episodes/86020456/replay/episode_86020456.json,0.7071067811865475,
86020904,0,2,Majkel1337,54662660,majkel_full,zip,C:\Users\shiba\ptcc_pokemon_ai_buttle\data\runs\leaderboard_top50\alakazam\20260717_kaggle_top20\rank02_Majkel1337_sub54662660_full.zip,rank02_Majkel1337_sub54662660/episodes/86020904/replay/episode_86020904.json,0.7071067811865475,
86021527,0,2,Majkel1337,54662660,majkel_full,zip,C:\Users\shiba\ptcc_pokemon_ai_buttle\data\runs\leaderboard_top50\alakazam\20260717_kaggle_top20\rank02_Majkel1337_sub54662660_full.zip,rank02_Majkel1337_sub54662660/episodes/86021527/replay/episode_86021527.json,0.7071067811865475,
86022026,0,2,Majkel1337,54662660,majkel_full,zip,C:\Users\shiba\ptcc_pokemon_ai_buttle\data\runs\leaderboard_top50\alakazam\20260717_kaggle_top20\rank02_Majkel1337_sub54662660_full.zip,rank02_Majkel1337_sub54662660/episodes/86022026/replay/episode_86022026.json,0.7071067811865475,
86022527,1,2,Majkel1337,54662660,majkel_full,zip,C:\Users\shiba\ptcc_pokemon_ai_buttle\data\runs\leaderboard_top50\alakazam\20260717_kaggle_top20\rank02_Majkel1337_sub54662660_full.zip,rank02_Majkel1337_sub54662660/episodes/86022527/replay/episode_86022527.json,0.7071067811865475,
86022866,1,2,Majkel1337,54662660,majkel_full,zip,C:\Users\shiba\ptcc_pokemon_ai_buttle\data\runs\leaderboard_top50\alakazam\20260717_kaggle_top20\rank02_Majkel1337_sub54662660_full.zip,rank02_Majkel1337_sub54662660/episodes/86022866/replay/episode_86022866.json,0.7071067811865475,
86023453,1,2,Majkel1337,54662660,majkel_full,zip,C:\Users\shiba\ptcc_pokemon_ai_buttle\data\runs\leaderboard_top50\alakazam\20260717_kaggle_top20\rank02_Majkel1337_sub54662660_full.zip,rank02_Majkel1337_sub54662660/episodes/86023453/replay/episode_86023453.json,0.7071067811865475,
86024117,1,2,Majkel1337,54662660,majkel_full,zip,C:\Users\shiba\ptcc_pokemon_ai_buttle\data\runs\leaderboard_top50\alakazam\20260717_kaggle_top20\rank02_Majkel1337_sub54662660_full.zip,rank02_Majkel1337_sub54662660/episodes/86024117/replay/episode_86024117.json,0.7071067811865475,
86024647,1,2,Majkel1337,54662660,majkel_full,zip,C:\Users\shiba\ptcc_pokemon_ai_buttle\data\runs\leaderboard_top50\alakazam\20260717_kaggle_top20\rank02_Majkel1337_sub54662660_full.zip,rank02_Majkel1337_sub54662660/episodes/86024647/replay/episode_86024647.json,0.7071067811865475,
86025181,1,2,Majkel1337,54662660,majkel_full,zip,C:\Users\shiba\ptcc_pokemon_ai_buttle\data\runs\leaderboard_top50\alakazam\20260717_kaggle_top20\rank02_Majkel1337_sub54662660_full.zip,rank02_Majkel1337_sub54662660/episodes/86025181/replay/episode_86025181.json,0.7071067811865475,
86025674,0,2,Majkel1337,54662660,majkel_full,zip,C:\Users\shiba\ptcc_pokemon_ai_buttle\data\runs\leaderboard_top50\alakazam\20260717_kaggle_top20\rank02_Majkel1337_sub54662660_full.zip,rank02_Majkel1337_sub54662660/episodes/86025674/replay/episode_86025674.json,0.7071067811865475,
86026094,1,2,Majkel1337,54662660,majkel_full,zip,C:\Users\shiba\ptcc_pokemon_ai_buttle\data\runs\leaderboard_top50\alakazam\20260717_kaggle_top20\rank02_Majkel1337_sub54662660_full.zip,rank02_Majkel1337_sub54662660/episodes/86026094/replay/episode_86026094.json,0.7071067811865475,
86026600,1,2,Majkel1337,54662660,majkel_full,zip,C:\Users\shiba\ptcc_pokemon_ai_buttle\data\runs\leaderboard_top50\alakazam\20260717_kaggle_top20\rank02_Majkel1337_sub54662660_full.zip,rank02_Majkel1337_sub54662660/episodes/86026600/replay/episode_86026600.json,0.7071067811865475,
86027216,1,2,Majkel1337,54662660,majkel_full,zip,C:\Users\shiba\ptcc_pokemon_ai_buttle\data\runs\leaderboard_top50\alakazam\20260717_kaggle_top20\rank02_Majkel1337_sub54662660_full.zip,rank02_Majkel1337_sub54662660/episodes/86027216/replay/episode_86027216.json,0.7071067811865475,
86027704,0,2,Majkel1337,54662660,majkel_full,zip,C:\Users\shiba\ptcc_pokemon_ai_buttle\data\runs\leaderboard_top50\alakazam\20260717_kaggle_top20\rank02_Majkel1337_sub54662660_full.zip,rank02_Majkel1337_sub54662660/episodes/86027704/replay/episode_86027704.json,0.7071067811865475,
86028234,0,2,Majkel1337,54662660,majkel_full,zip,C:\Users\shiba\ptcc_pokemon_ai_buttle\data\runs\leaderboard_top50\alakazam\20260717_kaggle_top20\rank02_Majkel1337_sub54662660_full.zip,rank02_Majkel1337_sub54662660/episodes/86028234/replay/episode_86028234.json,0.7071067811865475,
86028625,0,2,Majkel1337,54662660,majkel_full,zip,C:\Users\shiba\ptcc_pokemon_ai_buttle\data\runs\leaderboard_top50\alakazam\20260717_kaggle_top20\rank02_Majkel1337_sub54662660_full.zip,rank02_Majkel1337_sub54662660/episodes/86028625/replay/episode_86028625.json,0.7071067811865475,
86029275,0,2,Majkel1337,54662660,majkel_full,zip,C:\Users\shiba\ptcc_pokemon_ai_buttle\data\runs\leaderboard_top50\alakazam\20260717_kaggle_top20\rank02_Majkel1337_sub54662660_full.zip,rank02_Majkel1337_sub54662660/episodes/86029275/replay/episode_86029275.json,0.7071067811865475,
86029776,0,2,Majkel1337,54662660,majkel_full,zip,C:\Users\shiba\ptcc_pokemon_ai_buttle\data\runs\leaderboard_top50\alakazam\20260717_kaggle_top20\rank02_Majkel1337_sub54662660_full.zip,rank02_Majkel1337_sub54662660/episodes/86029776/replay/episode_86029776.json,0.7071067811865475,
86030324,1,2,Majkel1337,54662660,majkel_full,zip,C:\Users\shiba\ptcc_pokemon_ai_buttle\data\runs\leaderboard_top50\alakazam\20260717_kaggle_top20\rank02_Majkel1337_sub54662660_full.zip,rank02_Majkel1337_sub54662660/episodes/86030324/replay/episode_86030324.json,0.7071067811865475,
86030735,0,2,Majkel1337,54662660,majkel_full,zip,C:\Users\shiba\ptcc_pokemon_ai_buttle\data\runs\leaderboard_top50\alakazam\20260717_kaggle_top20\rank02_Majkel1337_sub54662660_full.zip,rank02_Majkel1337_sub54662660/episodes/86030735/replay/episode_86030735.json,0.7071067811865475,
86031236,0,2,Majkel1337,54662660,majkel_full,zip,C:\Users\shiba\ptcc_pokemon_ai_buttle\data\runs\leaderboard_top50\alakazam\20260717_kaggle_top20\rank02_Majkel1337_sub54662660_full.zip,rank02_Majkel1337_sub54662660/episodes/86031236/replay/episode_86031236.json,0.7071067811865475,
86031829,0,2,Majkel1337,54662660,majkel_full,zip,C:\Users\shiba\ptcc_pokemon_ai_buttle\data\runs\leaderboard_top50\alakazam\20260717_kaggle_top20\rank02_Majkel1337_sub54662660_full.zip,rank02_Majkel1337_sub54662660/episodes/86031829/replay/episode_86031829.json,0.7071067811865475,
86032230,0,2,Majkel1337,54662660,majkel_full,zip,C:\Users\shiba\ptcc_pokemon_ai_buttle\data\runs\leaderboard_top50\alakazam\20260717_kaggle_top20\rank02_Majkel1337_sub54662660_full.zip,rank02_Majkel1337_sub54662660/episodes/86032230/replay/episode_86032230.json,0.7071067811865475,
86032745,0,2,Majkel1337,54662660,majkel_full,zip,C:\Users\shiba\ptcc_pokemon_ai_buttle\data\runs\leaderboard_top50\alakazam\20260717_kaggle_top20\rank02_Majkel1337_sub54662660_full.zip,rank02_Majkel1337_sub54662660/episodes/86032745/replay/episode_86032745.json,0.7071067811865475,
86033445,1,2,Majkel1337,54662660,majkel_full,zip,C:\Users\shiba\ptcc_pokemon_ai_buttle\data\runs\leaderboard_top50\alakazam\20260717_kaggle_top20\rank02_Majkel1337_sub54662660_full.zip,rank02_Majkel1337_sub54662660/episodes/86033445/replay/episode_86033445.json,0.7071067811865475,
86033774,0,2,Majkel1337,54662660,majkel_full,zip,C:\Users\shiba\ptcc_pokemon_ai_buttle\data\runs\leaderboard_top50\alakazam\20260717_kaggle_top20\rank02_Majkel1337_sub54662660_full.zip,rank02_Majkel1337_sub54662660/episodes/86033774/replay/episode_86033774.json,0.7071067811865475,
86033947,1,2,Majkel1337,54662660,majkel_full,zip,C:\Users\shiba\ptcc_pokemon_ai_buttle\data\runs\leaderboard_top50\alakazam\20260717_kaggle_top20\rank02_Majkel1337_sub54662660_full.zip,rank02_Majkel1337_sub54662660/episodes/86033947/replay/episode_86033947.json,0.7071067811865475,
86034447,0,2,Majkel1337,54662660,majkel_full,zip,C:\Users\shiba\ptcc_pokemon_ai_buttle\data\runs\leaderboard_top50\alakazam\20260717_kaggle_top20\rank02_Majkel1337_sub54662660_full.zip,rank02_Majkel1337_sub54662660/episodes/86034447/replay/episode_86034447.json,0.7071067811865475,
86034866,0,2,Majkel1337,54662660,majkel_full,zip,C:\Users\shiba\ptcc_pokemon_ai_buttle\data\runs\leaderboard_top50\alakazam\20260717_kaggle_top20\rank02_Majkel1337_sub54662660_full.zip,rank02_Majkel1337_sub54662660/episodes/86034866/replay/episode_86034866.json,0.7071067811865475,
86035018,0,2,Majkel1337,54662660,majkel_full,zip,C:\Users\shiba\ptcc_pokemon_ai_buttle\data\runs\leaderboard_top50\alakazam\20260717_kaggle_top20\rank02_Majkel1337_sub54662660_full.zip,rank02_Majkel1337_sub54662660/episodes/86035018/replay/episode_86035018.json,0.7071067811865475,
86035366,1,2,Majkel1337,54662660,majkel_full,zip,C:\Users\shiba\ptcc_pokemon_ai_buttle\data\runs\leaderboard_top50\alakazam\20260717_kaggle_top20\rank02_Majkel1337_sub54662660_full.zip,rank02_Majkel1337_sub54662660/episodes/86035366/replay/episode_86035366.json,0.7071067811865475,
86035951,0,2,Majkel1337,54662660,majkel_full,zip,C:\Users\shiba\ptcc_pokemon_ai_buttle\data\runs\leaderboard_top50\alakazam\20260717_kaggle_top20\rank02_Majkel1337_sub54662660_full.zip,rank02_Majkel1337_sub54662660/episodes/86035951/replay/episode_86035951.json,0.7071067811865475,
86036519,1,2,Majkel1337,54662660,majkel_full,zip,C:\Users\shiba\ptcc_pokemon_ai_buttle\data\runs\leaderboard_top50\alakazam\20260717_kaggle_top20\rank02_Majkel1337_sub54662660_full.zip,rank02_Majkel1337_sub54662660/episodes/86036519/replay/episode_86036519.json,0.7071067811865475,
86037025,0,2,Majkel1337,54662660,majkel_full,zip,C:\Users\shiba\ptcc_pokemon_ai_buttle\data\runs\leaderboard_top50\alakazam\20260717_kaggle_top20\rank02_Majkel1337_sub54662660_full.zip,rank02_Majkel1337_sub54662660/episodes/86037025/replay/episode_86037025.json,0.7071067811865475,
86037562,0,2,Majkel1337,54662660,majkel_full,zip,C:\Users\shiba\ptcc_pokemon_ai_buttle\data\runs\leaderboard_top50\alakazam\20260717_kaggle_top20\rank02_Majkel1337_sub54662660_full.zip,rank02_Majkel1337_sub54662660/episodes/86037562/replay/episode_86037562.json,0.7071067811865475,
86038047,1,2,Majkel1337,54662660,majkel_full,zip,C:\Users\shiba\ptcc_pokemon_ai_buttle\data\runs\leaderboard_top50\alakazam\20260717_kaggle_top20\rank02_Majkel1337_sub54662660_full.zip,rank02_Majkel1337_sub54662660/episodes/86038047/replay/episode_86038047.json,0.7071067811865475,
86038122,0,2,Majkel1337,54662660,majkel_full,zip,C:\Users\shiba\ptcc_pokemon_ai_buttle\data\runs\leaderboard_top50\alakazam\20260717_kaggle_top20\rank02_Majkel1337_sub54662660_full.zip,rank02_Majkel1337_sub54662660/episodes/86038122/replay/episode_86038122.json,0.7071067811865475,
86038572,1,2,Majkel1337,54662660,majkel_full,zip,C:\Users\shiba\ptcc_pokemon_ai_buttle\data\runs\leaderboard_top50\alakazam\20260717_kaggle_top20\rank02_Majkel1337_sub54662660_full.zip,rank02_Majkel1337_sub54662660/episodes/86038572/replay/episode_86038572.json,0.7071067811865475,
86039118,0,2,Majkel1337,54662660,majkel_full,zip,C:\Users\shiba\ptcc_pokemon_ai_buttle\data\runs\leaderboard_top50\alakazam\20260717_kaggle_top20\rank02_Majkel1337_sub54662660_full.zip,rank02_Majkel1337_sub54662660/episodes/86039118/replay/episode_86039118.json,0.7071067811865475,
86039645,0,2,Majkel1337,54662660,majkel_full,zip,C:\Users\shiba\ptcc_pokemon_ai_buttle\data\runs\leaderboard_top50\alakazam\20260717_kaggle_top20\rank02_Majkel1337_sub54662660_full.zip,rank02_Majkel1337_sub54662660/episodes/86039645/replay/episode_86039645.json,0.7071067811865475,
86040123,0,2,Majkel1337,54662660,majkel_full,zip,C:\Users\shiba\ptcc_pokemon_ai_buttle\data\runs\leaderboard_top50\alakazam\20260717_kaggle_top20\rank02_Majkel1337_sub54662660_full.zip,rank02_Majkel1337_sub54662660/episodes/86040123/replay/episode_86040123.json,0.7071067811865475,
86040526,1,2,Majkel1337,54662660,majkel_full,zip,C:\Users\shiba\ptcc_pokemon_ai_buttle\data\runs\leaderboard_top50\alakazam\20260717_kaggle_top20\rank02_Majkel1337_sub54662660_full.zip,rank02_Majkel1337_sub54662660/episodes/86040526/replay/episode_86040526.json,0.7071067811865475,
86041169,0,2,Majkel1337,54662660,majkel_full,zip,C:\Users\shiba\ptcc_pokemon_ai_buttle\data\runs\leaderboard_top50\alakazam\20260717_kaggle_top20\rank02_Majkel1337_sub54662660_full.zip,rank02_Majkel1337_sub54662660/episodes/86041169/replay/episode_86041169.json,0.7071067811865475,
86041682,1,2,Majkel1337,54662660,majkel_full,zip,C:\Users\shiba\ptcc_pokemon_ai_buttle\data\runs\leaderboard_top50\alakazam\20260717_kaggle_top20\rank02_Majkel1337_sub54662660_full.zip,rank02_Majkel1337_sub54662660/episodes/86041682/replay/episode_86041682.json,0.7071067811865475,
86042187,1,2,Majkel1337,54662660,majkel_full,zip,C:\Users\shiba\ptcc_pokemon_ai_buttle\data\runs\leaderboard_top50\alakazam\20260717_kaggle_top20\rank02_Majkel1337_sub54662660_full.zip,rank02_Majkel1337_sub54662660/episodes/86042187/replay/episode_86042187.json,0.7071067811865475,
86042718,1,2,Majkel1337,54662660,majkel_full,zip,C:\Users\shiba\ptcc_pokemon_ai_buttle\data\runs\leaderboard_top50\alakazam\20260717_kaggle_top20\rank02_Majkel1337_sub54662660_full.zip,rank02_Majkel1337_sub54662660/episodes/86042718/replay/episode_86042718.json,0.7071067811865475,
86043103,1,2,Majkel1337,54662660,majkel_full,zip,C:\Users\shiba\ptcc_pokemon_ai_buttle\data\runs\leaderboard_top50\alakazam\20260717_kaggle_top20\rank02_Majkel1337_sub54662660_full.zip,rank02_Majkel1337_sub54662660/episodes/86043103/replay/episode_86043103.json,0.7071067811865475,
86043790,0,2,Majkel1337,54662660,majkel_full,zip,C:\Users\shiba\ptcc_pokemon_ai_buttle\data\runs\leaderboard_top50\alakazam\20260717_kaggle_top20\rank02_Majkel1337_sub54662660_full.zip,rank02_Majkel1337_sub54662660/episodes/86043790/replay/episode_86043790.json,0.7071067811865475,
86044271,0,2,Majkel1337,54662660,majkel_full,zip,C:\Users\shiba\ptcc_pokemon_ai_buttle\data\runs\leaderboard_top50\alakazam\20260717_kaggle_top20\rank02_Majkel1337_sub54662660_full.zip,rank02_Majkel1337_sub54662660/episodes/86044271/replay/episode_86044271.json,0.7071067811865475,
86044779,1,2,Majkel1337,54662660,majkel_full,zip,C:\Users\shiba\ptcc_pokemon_ai_buttle\data\runs\leaderboard_top50\alakazam\20260717_kaggle_top20\rank02_Majkel1337_sub54662660_full.zip,rank02_Majkel1337_sub54662660/episodes/86044779/replay/episode_86044779.json,0.7071067811865475,
86045296,0,2,Majkel1337,54662660,majkel_full,zip,C:\Users\shiba\ptcc_pokemon_ai_buttle\data\runs\leaderboard_top50\alakazam\20260717_kaggle_top20\rank02_Majkel1337_sub54662660_full.zip,rank02_Majkel1337_sub54662660/episodes/86045296/replay/episode_86045296.json,0.7071067811865475,
86045789,0,2,Majkel1337,54662660,majkel_full,zip,C:\Users\shiba\ptcc_pokemon_ai_buttle\data\runs\leaderboard_top50\alakazam\20260717_kaggle_top20\rank02_Majkel1337_sub54662660_full.zip,rank02_Majkel1337_sub54662660/episodes/86045789/replay/episode_86045789.json,0.7071067811865475,
86045837,0,2,Majkel1337,54662660,majkel_full,zip,C:\Users\shiba\ptcc_pokemon_ai_buttle\data\runs\leaderboard_top50\alakazam\20260717_kaggle_top20\rank02_Majkel1337_sub54662660_full.zip,rank02_Majkel1337_sub54662660/episodes/86045837/replay/episode_86045837.json,0.7071067811865475,
86046331,1,2,Majkel1337,54662660,majkel_full,zip,C:\Users\shiba\ptcc_pokemon_ai_buttle\data\runs\leaderboard_top50\alakazam\20260717_kaggle_top20\rank02_Majkel1337_sub54662660_full.zip,rank02_Majkel1337_sub54662660/episodes/86046331/replay/episode_86046331.json,0.7071067811865475,
86046696,0,2,Majkel1337,54662660,majkel_full,zip,C:\Users\shiba\ptcc_pokemon_ai_buttle\data\runs\leaderboard_top50\alakazam\20260717_kaggle_top20\rank02_Majkel1337_sub54662660_full.zip,rank02_Majkel1337_sub54662660/episodes/86046696/replay/episode_86046696.json,0.7071067811865475,
86047358,1,2,Majkel1337,54662660,majkel_full,zip,C:\Users\shiba\ptcc_pokemon_ai_buttle\data\runs\leaderboard_top50\alakazam\20260717_kaggle_top20\rank02_Majkel1337_sub54662660_full.zip,rank02_Majkel1337_sub54662660/episodes/86047358/replay/episode_86047358.json,0.7071067811865475,
86047864,1,2,Majkel1337,54662660,majkel_full,zip,C:\Users\shiba\ptcc_pokemon_ai_buttle\data\runs\leaderboard_top50\alakazam\20260717_kaggle_top20\rank02_Majkel1337_sub54662660_full.zip,rank02_Majkel1337_sub54662660/episodes/86047864/replay/episode_86047864.json,0.7071067811865475,
86048515,1,2,Majkel1337,54662660,majkel_full,zip,C:\Users\shiba\ptcc_pokemon_ai_buttle\data\runs\leaderboard_top50\alakazam\20260717_kaggle_top20\rank02_Majkel1337_sub54662660_full.zip,rank02_Majkel1337_sub54662660/episodes/86048515/replay/episode_86048515.json,0.7071067811865475,
86048886,1,2,Majkel1337,54662660,majkel_full,zip,C:\Users\shiba\ptcc_pokemon_ai_buttle\data\runs\leaderboard_top50\alakazam\20260717_kaggle_top20\rank02_Majkel1337_sub54662660_full.zip,rank02_Majkel1337_sub54662660/episodes/86048886/replay/episode_86048886.json,0.7071067811865475,
86049416,1,2,Majkel1337,54662660,majkel_full,zip,C:\Users\shiba\ptcc_pokemon_ai_buttle\data\runs\leaderboard_top50\alakazam\20260717_kaggle_top20\rank02_Majkel1337_sub54662660_full.zip,rank02_Majkel1337_sub54662660/episodes/86049416/replay/episode_86049416.json,0.7071067811865475,
86049907,1,2,Majkel1337,54662660,majkel_full,zip,C:\Users\shiba\ptcc_pokemon_ai_buttle\data\runs\leaderboard_top50\alakazam\20260717_kaggle_top20\rank02_Majkel1337_sub54662660_full.zip,rank02_Majkel1337_sub54662660/episodes/86049907/replay/episode_86049907.json,0.7071067811865475,
86050440,0,2,Majkel1337,54662660,majkel_full,zip,C:\Users\shiba\ptcc_pokemon_ai_buttle\data\runs\leaderboard_top50\alakazam\20260717_kaggle_top20\rank02_Majkel1337_sub54662660_full.zip,rank02_Majkel1337_sub54662660/episodes/86050440/replay/episode_86050440.json,0.7071067811865475,
86050923,0,2,Majkel1337,54662660,majkel_full,zip,C:\Users\shiba\ptcc_pokemon_ai_buttle\data\runs\leaderboard_top50\alakazam\20260717_kaggle_top20\rank02_Majkel1337_sub54662660_full.zip,rank02_Majkel1337_sub54662660/episodes/86050923/replay/episode_86050923.json,0.7071067811865475,
86051440,1,2,Majkel1337,54662660,majkel_full,zip,C:\Users\shiba\ptcc_pokemon_ai_buttle\data\runs\leaderboard_top50\alakazam\20260717_kaggle_top20\rank02_Majkel1337_sub54662660_full.zip,rank02_Majkel1337_sub54662660/episodes/86051440/replay/episode_86051440.json,0.7071067811865475,
86051984,1,2,Majkel1337,54662660,majkel_full,zip,C:\Users\shiba\ptcc_pokemon_ai_buttle\data\runs\leaderboard_top50\alakazam\20260717_kaggle_top20\rank02_Majkel1337_sub54662660_full.zip,rank02_Majkel1337_sub54662660/episodes/86051984/replay/episode_86051984.json,0.7071067811865475,
86052040,0,2,Majkel1337,54662660,majkel_full,zip,C:\Users\shiba\ptcc_pokemon_ai_buttle\data\runs\leaderboard_top50\alakazam\20260717_kaggle_top20\rank02_Majkel1337_sub54662660_full.zip,rank02_Majkel1337_sub54662660/episodes/86052040/replay/episode_86052040.json,0.7071067811865475,
86052574,1,2,Majkel1337,54662660,majkel_full,zip,C:\Users\shiba\ptcc_pokemon_ai_buttle\data\runs\leaderboard_top50\alakazam\20260717_kaggle_top20\rank02_Majkel1337_sub54662660_full.zip,rank02_Majkel1337_sub54662660/episodes/86052574/replay/episode_86052574.json,0.7071067811865475,
86052884,0,2,Majkel1337,54662660,majkel_full,zip,C:\Users\shiba\ptcc_pokemon_ai_buttle\data\runs\leaderboard_top50\alakazam\20260717_kaggle_top20\rank02_Majkel1337_sub54662660_full.zip,rank02_Majkel1337_sub54662660/episodes/86052884/replay/episode_86052884.json,0.7071067811865475,
86053468,1,2,Majkel1337,54662660,majkel_full,zip,C:\Users\shiba\ptcc_pokemon_ai_buttle\data\runs\leaderboard_top50\alakazam\20260717_kaggle_top20\rank02_Majkel1337_sub54662660_full.zip,rank02_Majkel1337_sub54662660/episodes/86053468/replay/episode_86053468.json,0.7071067811865475,
86054086,0,2,Majkel1337,54662660,majkel_full,zip,C:\Users\shiba\ptcc_pokemon_ai_buttle\data\runs\leaderboard_top50\alakazam\20260717_kaggle_top20\rank02_Majkel1337_sub54662660_full.zip,rank02_Majkel1337_sub54662660/episodes/86054086/replay/episode_86054086.json,0.7071067811865475,
86054430,0,2,Majkel1337,54662660,majkel_full,zip,C:\Users\shiba\ptcc_pokemon_ai_buttle\data\runs\leaderboard_top50\alakazam\20260717_kaggle_top20\rank02_Majkel1337_sub54662660_full.zip,rank02_Majkel1337_sub54662660/episodes/86054430/replay/episode_86054430.json,0.7071067811865475,
86055138,1,2,Majkel1337,54662660,majkel_full,zip,C:\Users\shiba\ptcc_pokemon_ai_buttle\data\runs\leaderboard_top50\alakazam\20260717_kaggle_top20\rank02_Majkel1337_sub54662660_full.zip,rank02_Majkel1337_sub54662660/episodes/86055138/replay/episode_86055138.json,0.7071067811865475,
86055606,0,2,Majkel1337,54662660,majkel_full,zip,C:\Users\shiba\ptcc_pokemon_ai_buttle\data\runs\leaderboard_top50\alakazam\20260717_kaggle_top20\rank02_Majkel1337_sub54662660_full.zip,rank02_Majkel1337_sub54662660/episodes/86055606/replay/episode_86055606.json,0.7071067811865475,
86056181,0,2,Majkel1337,54662660,majkel_full,zip,C:\Users\shiba\ptcc_pokemon_ai_buttle\data\runs\leaderboard_top50\alakazam\20260717_kaggle_top20\rank02_Majkel1337_sub54662660_full.zip,rank02_Majkel1337_sub54662660/episodes/86056181/replay/episode_86056181.json,0.7071067811865475,
86056648,0,2,Majkel1337,54662660,majkel_full,zip,C:\Users\shiba\ptcc_pokemon_ai_buttle\data\runs\leaderboard_top50\alakazam\20260717_kaggle_top20\rank02_Majkel1337_sub54662660_full.zip,rank02_Majkel1337_sub54662660/episodes/86056648/replay/episode_86056648.json,0.7071067811865475,
86057190,1,2,Majkel1337,54662660,majkel_full,zip,C:\Users\shiba\ptcc_pokemon_ai_buttle\data\runs\leaderboard_top50\alakazam\20260717_kaggle_top20\rank02_Majkel1337_sub54662660_full.zip,rank02_Majkel1337_sub54662660/episodes/86057190/replay/episode_86057190.json,0.7071067811865475,
86057708,1,2,Majkel1337,54662660,majkel_full,zip,C:\Users\shiba\ptcc_pokemon_ai_buttle\data\runs\leaderboard_top50\alakazam\20260717_kaggle_top20\rank02_Majkel1337_sub54662660_full.zip,rank02_Majkel1337_sub54662660/episodes/86057708/replay/episode_86057708.json,0.7071067811865475,
86058001,1,2,Majkel1337,54662660,majkel_full,zip,C:\Users\shiba\ptcc_pokemon_ai_buttle\data\runs\leaderboard_top50\alakazam\20260717_kaggle_top20\rank02_Majkel1337_sub54662660_full.zip,rank02_Majkel1337_sub54662660/episodes/86058001/replay/episode_86058001.json,0.7071067811865475,
86058719,0,2,Majkel1337,54662660,majkel_full,zip,C:\Users\shiba\ptcc_pokemon_ai_buttle\data\runs\leaderboard_top50\alakazam\20260717_kaggle_top20\rank02_Majkel1337_sub54662660_full.zip,rank02_Majkel1337_sub54662660/episodes/86058719/replay/episode_86058719.json,0.7071067811865475,
86058754,0,2,Majkel1337,54662660,majkel_full,zip,C:\Users\shiba\ptcc_pokemon_ai_buttle\data\runs\leaderboard_top50\alakazam\20260717_kaggle_top20\rank02_Majkel1337_sub54662660_full.zip,rank02_Majkel1337_sub54662660/episodes/86058754/replay/episode_86058754.json,0.7071067811865475,
86059247,0,2,Majkel1337,54662660,majkel_full,zip,C:\Users\shiba\ptcc_pokemon_ai_buttle\data\runs\leaderboard_top50\alakazam\20260717_kaggle_top20\rank02_Majkel1337_sub54662660_full.zip,rank02_Majkel1337_sub54662660/episodes/86059247/replay/episode_86059247.json,0.7071067811865475,
86059751,1,2,Majkel1337,54662660,majkel_full,zip,C:\Users\shiba\ptcc_pokemon_ai_buttle\data\runs\leaderboard_top50\alakazam\20260717_kaggle_top20\rank02_Majkel1337_sub54662660_full.zip,rank02_Majkel1337_sub54662660/episodes/86059751/replay/episode_86059751.json,0.7071067811865475,
86060269,1,2,Majkel1337,54662660,majkel_full,zip,C:\Users\shiba\ptcc_pokemon_ai_buttle\data\runs\leaderboard_top50\alakazam\20260717_kaggle_top20\rank02_Majkel1337_sub54662660_full.zip,rank02_Majkel1337_sub54662660/episodes/86060269/replay/episode_86060269.json,0.7071067811865475,
86060933,1,2,Majkel1337,54662660,majkel_full,zip,C:\Users\shiba\ptcc_pokemon_ai_buttle\data\runs\leaderboard_top50\alakazam\20260717_kaggle_top20\rank02_Majkel1337_sub54662660_full.zip,rank02_Majkel1337_sub54662660/episodes/86060933/replay/episode_86060933.json,0.7071067811865475,
86061310,0,2,Majkel1337,54662660,majkel_full,zip,C:\Users\shiba\ptcc_pokemon_ai_buttle\data\runs\leaderboard_top50\alakazam\20260717_kaggle_top20\rank02_Majkel1337_sub54662660_full.zip,rank02_Majkel1337_sub54662660/episodes/86061310/replay/episode_86061310.json,0.7071067811865475,
86061328,1,2,Majkel1337,54662660,majkel_full,zip,C:\Users\shiba\ptcc_pokemon_ai_buttle\data\runs\leaderboard_top50\alakazam\20260717_kaggle_top20\rank02_Majkel1337_sub54662660_full.zip,rank02_Majkel1337_sub54662660/episodes/86061328/replay/episode_86061328.json,0.7071067811865475,
86061828,1,2,Majkel1337,54662660,majkel_full,zip,C:\Users\shiba\ptcc_pokemon_ai_buttle\data\runs\leaderboard_top50\alakazam\20260717_kaggle_top20\rank02_Majkel1337_sub54662660_full.zip,rank02_Majkel1337_sub54662660/episodes/86061828/replay/episode_86061828.json,0.7071067811865475,
86062357,1,2,Majkel1337,54662660,majkel_full,zip,C:\Users\shiba\ptcc_pokemon_ai_buttle\data\runs\leaderboard_top50\alakazam\20260717_kaggle_top20\rank02_Majkel1337_sub54662660_full.zip,rank02_Majkel1337_sub54662660/episodes/86062357/replay/episode_86062357.json,0.7071067811865475,
86062842,1,2,Majkel1337,54662660,majkel_full,zip,C:\Users\shiba\ptcc_pokemon_ai_buttle\data\runs\leaderboard_top50\alakazam\20260717_kaggle_top20\rank02_Majkel1337_sub54662660_full.zip,rank02_Majkel1337_sub54662660/episodes/86062842/replay/episode_86062842.json,0.7071067811865475,
86063372,1,2,Majkel1337,54662660,majkel_full,zip,C:\Users\shiba\ptcc_pokemon_ai_buttle\data\runs\leaderboard_top50\alakazam\20260717_kaggle_top20\rank02_Majkel1337_sub54662660_full.zip,rank02_Majkel1337_sub54662660/episodes/86063372/replay/episode_86063372.json,0.7071067811865475,
86063857,0,2,Majkel1337,54662660,majkel_full,zip,C:\Users\shiba\ptcc_pokemon_ai_buttle\data\runs\leaderboard_top50\alakazam\20260717_kaggle_top20\rank02_Majkel1337_sub54662660_full.zip,rank02_Majkel1337_sub54662660/episodes/86063857/replay/episode_86063857.json,0.7071067811865475,
86064322,1,2,Majkel1337,54662660,majkel_full,zip,C:\Users\shiba\ptcc_pokemon_ai_buttle\data\runs\leaderboard_top50\alakazam\20260717_kaggle_top20\rank02_Majkel1337_sub54662660_full.zip,rank02_Majkel1337_sub54662660/episodes/86064322/replay/episode_86064322.json,0.7071067811865475,
86064327,0,2,Majkel1337,54662660,majkel_full,zip,C:\Users\shiba\ptcc_pokemon_ai_buttle\data\runs\leaderboard_top50\alakazam\20260717_kaggle_top20\rank02_Majkel1337_sub54662660_full.zip,rank02_Majkel1337_sub54662660/episodes/86064327/replay/episode_86064327.json,0.7071067811865475,
86064848,0,2,Majkel1337,54662660,majkel_full,zip,C:\Users\shiba\ptcc_pokemon_ai_buttle\data\runs\leaderboard_top50\alakazam\20260717_kaggle_top20\rank02_Majkel1337_sub54662660_full.zip,rank02_Majkel1337_sub54662660/episodes/86064848/replay/episode_86064848.json,0.7071067811865475,
86065388,0,2,Majkel1337,54662660,majkel_full,zip,C:\Users\shiba\ptcc_pokemon_ai_buttle\data\runs\leaderboard_top50\alakazam\20260717_kaggle_top20\rank02_Majkel1337_sub54662660_full.zip,rank02_Majkel1337_sub54662660/episodes/86065388/replay/episode_86065388.json,0.7071067811865475,
86065401,0,2,Majkel1337,54662660,majkel_full,zip,C:\Users\shiba\ptcc_pokemon_ai_buttle\data\runs\leaderboard_top50\alakazam\20260717_kaggle_top20\rank02_Majkel1337_sub54662660_full.zip,rank02_Majkel1337_sub54662660/episodes/86065401/replay/episode_86065401.json,0.7071067811865475,
86065904,0,2,Majkel1337,54662660,majkel_full,zip,C:\Users\shiba\ptcc_pokemon_ai_buttle\data\runs\leaderboard_top50\alakazam\20260717_kaggle_top20\rank02_Majkel1337_sub54662660_full.zip,rank02_Majkel1337_sub54662660/episodes/86065904/replay/episode_86065904.json,0.7071067811865475,
86066397,0,2,Majkel1337,54662660,majkel_full,zip,C:\Users\shiba\ptcc_pokemon_ai_buttle\data\runs\leaderboard_top50\alakazam\20260717_kaggle_top20\rank02_Majkel1337_sub54662660_full.zip,rank02_Majkel1337_sub54662660/episodes/86066397/replay/episode_86066397.json,0.7071067811865475,
86066912,1,2,Majkel1337,54662660,majkel_full,zip,C:\Users\shiba\ptcc_pokemon_ai_buttle\data\runs\leaderboard_top50\alakazam\20260717_kaggle_top20\rank02_Majkel1337_sub54662660_full.zip,rank02_Majkel1337_sub54662660/episodes/86066912/replay/episode_86066912.json,0.7071067811865475,
86067425,0,2,Majkel1337,54662660,majkel_full,zip,C:\Users\shiba\ptcc_pokemon_ai_buttle\data\runs\leaderboard_top50\alakazam\20260717_kaggle_top20\rank02_Majkel1337_sub54662660_full.zip,rank02_Majkel1337_sub54662660/episodes/86067425/replay/episode_86067425.json,0.7071067811865475,
86068098,1,2,Majkel1337,54662660,majkel_full,zip,C:\Users\shiba\ptcc_pokemon_ai_buttle\data\runs\leaderboard_top50\alakazam\20260717_kaggle_top20\rank02_Majkel1337_sub54662660_full.zip,rank02_Majkel1337_sub54662660/episodes/86068098/replay/episode_86068098.json,0.7071067811865475,
86068340,0,2,Majkel1337,54662660,majkel_full,zip,C:\Users\shiba\ptcc_pokemon_ai_buttle\data\runs\leaderboard_top50\alakazam\20260717_kaggle_top20\rank02_Majkel1337_sub54662660_full.zip,rank02_Majkel1337_sub54662660/episodes/86068340/replay/episode_86068340.json,0.7071067811865475,
86069105,1,2,Majkel1337,54662660,majkel_full,zip,C:\Users\shiba\ptcc_pokemon_ai_buttle\data\runs\leaderboard_top50\alakazam\20260717_kaggle_top20\rank02_Majkel1337_sub54662660_full.zip,rank02_Majkel1337_sub54662660/episodes/86069105/replay/episode_86069105.json,0.7071067811865475,
86069485,0,2,Majkel1337,54662660,majkel_full,zip,C:\Users\shiba\ptcc_pokemon_ai_buttle\data\runs\leaderboard_top50\alakazam\20260717_kaggle_top20\rank02_Majkel1337_sub54662660_full.zip,rank02_Majkel1337_sub54662660/episodes/86069485/replay/episode_86069485.json,0.7071067811865475,
86070006,0,2,Majkel1337,54662660,majkel_full,zip,C:\Users\shiba\ptcc_pokemon_ai_buttle\data\runs\leaderboard_top50\alakazam\20260717_kaggle_top20\rank02_Majkel1337_sub54662660_full.zip,rank02_Majkel1337_sub54662660/episodes/86070006/replay/episode_86070006.json,0.7071067811865475,
86070545,0,2,Majkel1337,54662660,majkel_full,zip,C:\Users\shiba\ptcc_pokemon_ai_buttle\data\runs\leaderboard_top50\alakazam\20260717_kaggle_top20\rank02_Majkel1337_sub54662660_full.zip,rank02_Majkel1337_sub54662660/episodes/86070545/replay/episode_86070545.json,0.7071067811865475,
86071019,1,2,Majkel1337,54662660,majkel_full,zip,C:\Users\shiba\ptcc_pokemon_ai_buttle\data\runs\leaderboard_top50\alakazam\20260717_kaggle_top20\rank02_Majkel1337_sub54662660_full.zip,rank02_Majkel1337_sub54662660/episodes/86071019/replay/episode_86071019.json,0.7071067811865475,
86071524,1,2,Majkel1337,54662660,majkel_full,zip,C:\Users\shiba\ptcc_pokemon_ai_buttle\data\runs\leaderboard_top50\alakazam\20260717_kaggle_top20\rank02_Majkel1337_sub54662660_full.zip,rank02_Majkel1337_sub54662660/episodes/86071524/replay/episode_86071524.json,0.7071067811865475,
86072047,0,2,Majkel1337,54662660,majkel_full,zip,C:\Users\shiba\ptcc_pokemon_ai_buttle\data\runs\leaderboard_top50\alakazam\20260717_kaggle_top20\rank02_Majkel1337_sub54662660_full.zip,rank02_Majkel1337_sub54662660/episodes/86072047/replay/episode_86072047.json,0.7071067811865475,
86072732,1,2,Majkel1337,54662660,majkel_full,zip,C:\Users\shiba\ptcc_pokemon_ai_buttle\data\runs\leaderboard_top50\alakazam\20260717_kaggle_top20\rank02_Majkel1337_sub54662660_full.zip,rank02_Majkel1337_sub54662660/episodes/86072732/replay/episode_86072732.json,0.7071067811865475,
86072984,0,2,Majkel1337,54662660,majkel_full,zip,C:\Users\shiba\ptcc_pokemon_ai_buttle\data\runs\leaderboard_top50\alakazam\20260717_kaggle_top20\rank02_Majkel1337_sub54662660_full.zip,rank02_Majkel1337_sub54662660/episodes/86072984/replay/episode_86072984.json,0.7071067811865475,
86073617,0,2,Majkel1337,54662660,majkel_full,zip,C:\Users\shiba\ptcc_pokemon_ai_buttle\data\runs\leaderboard_top50\alakazam\20260717_kaggle_top20\rank02_Majkel1337_sub54662660_full.zip,rank02_Majkel1337_sub54662660/episodes/86073617/replay/episode_86073617.json,0.7071067811865475,
86074094,0,2,Majkel1337,54662660,majkel_full,zip,C:\Users\shiba\ptcc_pokemon_ai_buttle\data\runs\leaderboard_top50\alakazam\20260717_kaggle_top20\rank02_Majkel1337_sub54662660_full.zip,rank02_Majkel1337_sub54662660/episodes/86074094/replay/episode_86074094.json,0.7071067811865475,
86074632,0,2,Majkel1337,54662660,majkel_full,zip,C:\Users\shiba\ptcc_pokemon_ai_buttle\data\runs\leaderboard_top50\alakazam\20260717_kaggle_top20\rank02_Majkel1337_sub54662660_full.zip,rank02_Majkel1337_sub54662660/episodes/86074632/replay/episode_86074632.json,0.7071067811865475,
86075126,1,2,Majkel1337,54662660,majkel_full,zip,C:\Users\shiba\ptcc_pokemon_ai_buttle\data\runs\leaderboard_top50\alakazam\20260717_kaggle_top20\rank02_Majkel1337_sub54662660_full.zip,rank02_Majkel1337_sub54662660/episodes/86075126/replay/episode_86075126.json,0.7071067811865475,
86075534,1,2,Majkel1337,54662660,majkel_full,zip,C:\Users\shiba\ptcc_pokemon_ai_buttle\data\runs\leaderboard_top50\alakazam\20260717_kaggle_top20\rank02_Majkel1337_sub54662660_full.zip,rank02_Majkel1337_sub54662660/episodes/86075534/replay/episode_86075534.json,0.7071067811865475,
86076163,0,2,Majkel1337,54662660,majkel_full,zip,C:\Users\shiba\ptcc_pokemon_ai_buttle\data\runs\leaderboard_top50\alakazam\20260717_kaggle_top20\rank02_Majkel1337_sub54662660_full.zip,rank02_Majkel1337_sub54662660/episodes/86076163/replay/episode_86076163.json,0.7071067811865475,
86076698,1,2,Majkel1337,54662660,majkel_full,zip,C:\Users\shiba\ptcc_pokemon_ai_buttle\data\runs\leaderboard_top50\alakazam\20260717_kaggle_top20\rank02_Majkel1337_sub54662660_full.zip,rank02_Majkel1337_sub54662660/episodes/86076698/replay/episode_86076698.json,0.7071067811865475,
86077258,1,2,Majkel1337,54662660,majkel_full,zip,C:\Users\shiba\ptcc_pokemon_ai_buttle\data\runs\leaderboard_top50\alakazam\20260717_kaggle_top20\rank02_Majkel1337_sub54662660_full.zip,rank02_Majkel1337_sub54662660/episodes/86077258/replay/episode_86077258.json,0.7071067811865475,
86077494,1,2,Majkel1337,54662660,majkel_full,zip,C:\Users\shiba\ptcc_pokemon_ai_buttle\data\runs\leaderboard_top50\alakazam\20260717_kaggle_top20\rank02_Majkel1337_sub54662660_full.zip,rank02_Majkel1337_sub54662660/episodes/86077494/replay/episode_86077494.json,0.7071067811865475,
86078222,0,2,Majkel1337,54662660,majkel_full,zip,C:\Users\shiba\ptcc_pokemon_ai_buttle\data\runs\leaderboard_top50\alakazam\20260717_kaggle_top20\rank02_Majkel1337_sub54662660_full.zip,rank02_Majkel1337_sub54662660/episodes/86078222/replay/episode_86078222.json,0.7071067811865475,
86078660,1,2,Majkel1337,54662660,majkel_full,zip,C:\Users\shiba\ptcc_pokemon_ai_buttle\data\runs\leaderboard_top50\alakazam\20260717_kaggle_top20\rank02_Majkel1337_sub54662660_full.zip,rank02_Majkel1337_sub54662660/episodes/86078660/replay/episode_86078660.json,0.7071067811865475,
86079178,0,2,Majkel1337,54662660,majkel_full,zip,C:\Users\shiba\ptcc_pokemon_ai_buttle\data\runs\leaderboard_top50\alakazam\20260717_kaggle_top20\rank02_Majkel1337_sub54662660_full.zip,rank02_Majkel1337_sub54662660/episodes/86079178/replay/episode_86079178.json,0.7071067811865475,
86079746,0,2,Majkel1337,54662660,majkel_full,zip,C:\Users\shiba\ptcc_pokemon_ai_buttle\data\runs\leaderboard_top50\alakazam\20260717_kaggle_top20\rank02_Majkel1337_sub54662660_full.zip,rank02_Majkel1337_sub54662660/episodes/86079746/replay/episode_86079746.json,0.7071067811865475,
86080082,0,2,Majkel1337,54662660,majkel_full,zip,C:\Users\shiba\ptcc_pokemon_ai_buttle\data\runs\leaderboard_top50\alakazam\20260717_kaggle_top20\rank02_Majkel1337_sub54662660_full.zip,rank02_Majkel1337_sub54662660/episodes/86080082/replay/episode_86080082.json,0.7071067811865475,
86080734,1,2,Majkel1337,54662660,majkel_full,zip,C:\Users\shiba\ptcc_pokemon_ai_buttle\data\runs\leaderboard_top50\alakazam\20260717_kaggle_top20\rank02_Majkel1337_sub54662660_full.zip,rank02_Majkel1337_sub54662660/episodes/86080734/replay/episode_86080734.json,0.7071067811865475,
86081236,1,2,Majkel1337,54662660,majkel_full,zip,C:\Users\shiba\ptcc_pokemon_ai_buttle\data\runs\leaderboard_top50\alakazam\20260717_kaggle_top20\rank02_Majkel1337_sub54662660_full.zip,rank02_Majkel1337_sub54662660/episodes/86081236/replay/episode_86081236.json,0.7071067811865475,
86081747,1,2,Majkel1337,54662660,majkel_full,zip,C:\Users\shiba\ptcc_pokemon_ai_buttle\data\runs\leaderboard_top50\alakazam\20260717_kaggle_top20\rank02_Majkel1337_sub54662660_full.zip,rank02_Majkel1337_sub54662660/episodes/86081747/replay/episode_86081747.json,0.7071067811865475,
86082175,1,2,Majkel1337,54662660,majkel_full,zip,C:\Users\shiba\ptcc_pokemon_ai_buttle\data\runs\leaderboard_top50\alakazam\20260717_kaggle_top20\rank02_Majkel1337_sub54662660_full.zip,rank02_Majkel1337_sub54662660/episodes/86082175/replay/episode_86082175.json,0.7071067811865475,
86082614,0,2,Majkel1337,54662660,majkel_full,zip,C:\Users\shiba\ptcc_pokemon_ai_buttle\data\runs\leaderboard_top50\alakazam\20260717_kaggle_top20\rank02_Majkel1337_sub54662660_full.zip,rank02_Majkel1337_sub54662660/episodes/86082614/replay/episode_86082614.json,0.7071067811865475,
86083262,1,2,Majkel1337,54662660,majkel_full,zip,C:\Users\shiba\ptcc_pokemon_ai_buttle\data\runs\leaderboard_top50\alakazam\20260717_kaggle_top20\rank02_Majkel1337_sub54662660_full.zip,rank02_Majkel1337_sub54662660/episodes/86083262/replay/episode_86083262.json,0.7071067811865475,
86083747,0,2,Majkel1337,54662660,majkel_full,zip,C:\Users\shiba\ptcc_pokemon_ai_buttle\data\runs\leaderboard_top50\alakazam\20260717_kaggle_top20\rank02_Majkel1337_sub54662660_full.zip,rank02_Majkel1337_sub54662660/episodes/86083747/replay/episode_86083747.json,0.7071067811865475,
86084189,1,2,Majkel1337,54662660,majkel_full,zip,C:\Users\shiba\ptcc_pokemon_ai_buttle\data\runs\leaderboard_top50\alakazam\20260717_kaggle_top20\rank02_Majkel1337_sub54662660_full.zip,rank02_Majkel1337_sub54662660/episodes/86084189/replay/episode_86084189.json,0.7071067811865475,
86084743,0,2,Majkel1337,54662660,majkel_full,zip,C:\Users\shiba\ptcc_pokemon_ai_buttle\data\runs\leaderboard_top50\alakazam\20260717_kaggle_top20\rank02_Majkel1337_sub54662660_full.zip,rank02_Majkel1337_sub54662660/episodes/86084743/replay/episode_86084743.json,0.7071067811865475,
86085267,0,2,Majkel1337,54662660,majkel_full,zip,C:\Users\shiba\ptcc_pokemon_ai_buttle\data\runs\leaderboard_top50\alakazam\20260717_kaggle_top20\rank02_Majkel1337_sub54662660_full.zip,rank02_Majkel1337_sub54662660/episodes/86085267/replay/episode_86085267.json,0.7071067811865475,
86085610,1,2,Majkel1337,54662660,majkel_full,zip,C:\Users\shiba\ptcc_pokemon_ai_buttle\data\runs\leaderboard_top50\alakazam\20260717_kaggle_top20\rank02_Majkel1337_sub54662660_full.zip,rank02_Majkel1337_sub54662660/episodes/86085610/replay/episode_86085610.json,0.7071067811865475,
86086251,0,2,Majkel1337,54662660,majkel_full,zip,C:\Users\shiba\ptcc_pokemon_ai_buttle\data\runs\leaderboard_top50\alakazam\20260717_kaggle_top20\rank02_Majkel1337_sub54662660_full.zip,rank02_Majkel1337_sub54662660/episodes/86086251/replay/episode_86086251.json,0.7071067811865475,
86086812,1,2,Majkel1337,54662660,majkel_full,zip,C:\Users\shiba\ptcc_pokemon_ai_buttle\data\runs\leaderboard_top50\alakazam\20260717_kaggle_top20\rank02_Majkel1337_sub54662660_full.zip,rank02_Majkel1337_sub54662660/episodes/86086812/replay/episode_86086812.json,0.7071067811865475,
86087173,1,2,Majkel1337,54662660,majkel_full,zip,C:\Users\shiba\ptcc_pokemon_ai_buttle\data\runs\leaderboard_top50\alakazam\20260717_kaggle_top20\rank02_Majkel1337_sub54662660_full.zip,rank02_Majkel1337_sub54662660/episodes/86087173/replay/episode_86087173.json,0.7071067811865475,
86087798,0,2,Majkel1337,54662660,majkel_full,zip,C:\Users\shiba\ptcc_pokemon_ai_buttle\data\runs\leaderboard_top50\alakazam\20260717_kaggle_top20\rank02_Majkel1337_sub54662660_full.zip,rank02_Majkel1337_sub54662660/episodes/86087798/replay/episode_86087798.json,0.7071067811865475,
86088465,0,2,Majkel1337,54662660,majkel_full,zip,C:\Users\shiba\ptcc_pokemon_ai_buttle\data\runs\leaderboard_top50\alakazam\20260717_kaggle_top20\rank02_Majkel1337_sub54662660_full.zip,rank02_Majkel1337_sub54662660/episodes/86088465/replay/episode_86088465.json,0.7071067811865475,
86088835,0,2,Majkel1337,54662660,majkel_full,zip,C:\Users\shiba\ptcc_pokemon_ai_buttle\data\runs\leaderboard_top50\alakazam\20260717_kaggle_top20\rank02_Majkel1337_sub54662660_full.zip,rank02_Majkel1337_sub54662660/episodes/86088835/replay/episode_86088835.json,0.7071067811865475,
86089153,0,2,Majkel1337,54662660,majkel_full,zip,C:\Users\shiba\ptcc_pokemon_ai_buttle\data\runs\leaderboard_top50\alakazam\20260717_kaggle_top20\rank02_Majkel1337_sub54662660_full.zip,rank02_Majkel1337_sub54662660/episodes/86089153/replay/episode_86089153.json,0.7071067811865475,
86089704,0,2,Majkel1337,54662660,majkel_full,zip,C:\Users\shiba\ptcc_pokemon_ai_buttle\data\runs\leaderboard_top50\alakazam\20260717_kaggle_top20\rank02_Majkel1337_sub54662660_full.zip,rank02_Majkel1337_sub54662660/episodes/86089704/replay/episode_86089704.json,0.7071067811865475,
86090354,0,2,Majkel1337,54662660,majkel_full,zip,C:\Users\shiba\ptcc_pokemon_ai_buttle\data\runs\leaderboard_top50\alakazam\20260717_kaggle_top20\rank02_Majkel1337_sub54662660_full.zip,rank02_Majkel1337_sub54662660/episodes/86090354/replay/episode_86090354.json,0.7071067811865475,
86090873,0,2,Majkel1337,54662660,majkel_full,zip,C:\Users\shiba\ptcc_pokemon_ai_buttle\data\runs\leaderboard_top50\alakazam\20260717_kaggle_top20\rank02_Majkel1337_sub54662660_full.zip,rank02_Majkel1337_sub54662660/episodes/86090873/replay/episode_86090873.json,0.7071067811865475,
86091217,1,2,Majkel1337,54662660,majkel_full,zip,C:\Users\shiba\ptcc_pokemon_ai_buttle\data\runs\leaderboard_top50\alakazam\20260717_kaggle_top20\rank02_Majkel1337_sub54662660_full.zip,rank02_Majkel1337_sub54662660/episodes/86091217/replay/episode_86091217.json,0.7071067811865475,
86091893,1,2,Majkel1337,54662660,majkel_full,zip,C:\Users\shiba\ptcc_pokemon_ai_buttle\data\runs\leaderboard_top50\alakazam\20260717_kaggle_top20\rank02_Majkel1337_sub54662660_full.zip,rank02_Majkel1337_sub54662660/episodes/86091893/replay/episode_86091893.json,0.7071067811865475,
86092435,1,2,Majkel1337,54662660,majkel_full,zip,C:\Users\shiba\ptcc_pokemon_ai_buttle\data\runs\leaderboard_top50\alakazam\20260717_kaggle_top20\rank02_Majkel1337_sub54662660_full.zip,rank02_Majkel1337_sub54662660/episodes/86092435/replay/episode_86092435.json,0.7071067811865475,
86092947,0,2,Majkel1337,54662660,majkel_full,zip,C:\Users\shiba\ptcc_pokemon_ai_buttle\data\runs\leaderboard_top50\alakazam\20260717_kaggle_top20\rank02_Majkel1337_sub54662660_full.zip,rank02_Majkel1337_sub54662660/episodes/86092947/replay/episode_86092947.json,0.7071067811865475,
86093497,1,2,Majkel1337,54662660,majkel_full,zip,C:\Users\shiba\ptcc_pokemon_ai_buttle\data\runs\leaderboard_top50\alakazam\20260717_kaggle_top20\rank02_Majkel1337_sub54662660_full.zip,rank02_Majkel1337_sub54662660/episodes/86093497/replay/episode_86093497.json,0.7071067811865475,
86094031,0,2,Majkel1337,54662660,majkel_full,zip,C:\Users\shiba\ptcc_pokemon_ai_buttle\data\runs\leaderboard_top50\alakazam\20260717_kaggle_top20\rank02_Majkel1337_sub54662660_full.zip,rank02_Majkel1337_sub54662660/episodes/86094031/replay/episode_86094031.json,0.7071067811865475,
86094433,1,2,Majkel1337,54662660,majkel_full,zip,C:\Users\shiba\ptcc_pokemon_ai_buttle\data\runs\leaderboard_top50\alakazam\20260717_kaggle_top20\rank02_Majkel1337_sub54662660_full.zip,rank02_Majkel1337_sub54662660/episodes/86094433/replay/episode_86094433.json,0.7071067811865475,
86095088,1,2,Majkel1337,54662660,majkel_full,zip,C:\Users\shiba\ptcc_pokemon_ai_buttle\data\runs\leaderboard_top50\alakazam\20260717_kaggle_top20\rank02_Majkel1337_sub54662660_full.zip,rank02_Majkel1337_sub54662660/episodes/86095088/replay/episode_86095088.json,0.7071067811865475,
86095548,0,2,Majkel1337,54662660,majkel_full,zip,C:\Users\shiba\ptcc_pokemon_ai_buttle\data\runs\leaderboard_top50\alakazam\20260717_kaggle_top20\rank02_Majkel1337_sub54662660_full.zip,rank02_Majkel1337_sub54662660/episodes/86095548/replay/episode_86095548.json,0.7071067811865475,
86096004,0,2,Majkel1337,54662660,majkel_full,zip,C:\Users\shiba\ptcc_pokemon_ai_buttle\data\runs\leaderboard_top50\alakazam\20260717_kaggle_top20\rank02_Majkel1337_sub54662660_full.zip,rank02_Majkel1337_sub54662660/episodes/86096004/replay/episode_86096004.json,0.7071067811865475,
86096646,1,2,Majkel1337,54662660,majkel_full,zip,C:\Users\shiba\ptcc_pokemon_ai_buttle\data\runs\leaderboard_top50\alakazam\20260717_kaggle_top20\rank02_Majkel1337_sub54662660_full.zip,rank02_Majkel1337_sub54662660/episodes/86096646/replay/episode_86096646.json,0.7071067811865475,
86097123,0,2,Majkel1337,54662660,majkel_full,zip,C:\Users\shiba\ptcc_pokemon_ai_buttle\data\runs\leaderboard_top50\alakazam\20260717_kaggle_top20\rank02_Majkel1337_sub54662660_full.zip,rank02_Majkel1337_sub54662660/episodes/86097123/replay/episode_86097123.json,0.7071067811865475,
86097675,0,2,Majkel1337,54662660,majkel_full,zip,C:\Users\shiba\ptcc_pokemon_ai_buttle\data\runs\leaderboard_top50\alakazam\20260717_kaggle_top20\rank02_Majkel1337_sub54662660_full.zip,rank02_Majkel1337_sub54662660/episodes/86097675/replay/episode_86097675.json,0.7071067811865475,
86098031,1,2,Majkel1337,54662660,majkel_full,zip,C:\Users\shiba\ptcc_pokemon_ai_buttle\data\runs\leaderboard_top50\alakazam\20260717_kaggle_top20\rank02_Majkel1337_sub54662660_full.zip,rank02_Majkel1337_sub54662660/episodes/86098031/replay/episode_86098031.json,0.7071067811865475,
86098604,1,2,Majkel1337,54662660,majkel_full,zip,C:\Users\shiba\ptcc_pokemon_ai_buttle\data\runs\leaderboard_top50\alakazam\20260717_kaggle_top20\rank02_Majkel1337_sub54662660_full.zip,rank02_Majkel1337_sub54662660/episodes/86098604/replay/episode_86098604.json,0.7071067811865475,
86099196,0,2,Majkel1337,54662660,majkel_full,zip,C:\Users\shiba\ptcc_pokemon_ai_buttle\data\runs\leaderboard_top50\alakazam\20260717_kaggle_top20\rank02_Majkel1337_sub54662660_full.zip,rank02_Majkel1337_sub54662660/episodes/86099196/replay/episode_86099196.json,0.7071067811865475,
86099748,0,2,Majkel1337,54662660,majkel_full,zip,C:\Users\shiba\ptcc_pokemon_ai_buttle\data\runs\leaderboard_top50\alakazam\20260717_kaggle_top20\rank02_Majkel1337_sub54662660_full.zip,rank02_Majkel1337_sub54662660/episodes/86099748/replay/episode_86099748.json,0.7071067811865475,
86100052,0,2,Majkel1337,54662660,majkel_full,zip,C:\Users\shiba\ptcc_pokemon_ai_buttle\data\runs\leaderboard_top50\alakazam\20260717_kaggle_top20\rank02_Majkel1337_sub54662660_full.zip,rank02_Majkel1337_sub54662660/episodes/86100052/replay/episode_86100052.json,0.7071067811865475,
86100653,0,2,Majkel1337,54662660,majkel_full,zip,C:\Users\shiba\ptcc_pokemon_ai_buttle\data\runs\leaderboard_top50\alakazam\20260717_kaggle_top20\rank02_Majkel1337_sub54662660_full.zip,rank02_Majkel1337_sub54662660/episodes/86100653/replay/episode_86100653.json,0.7071067811865475,
86101277,0,2,Majkel1337,54662660,majkel_full,zip,C:\Users\shiba\ptcc_pokemon_ai_buttle\data\runs\leaderboard_top50\alakazam\20260717_kaggle_top20\rank02_Majkel1337_sub54662660_full.zip,rank02_Majkel1337_sub54662660/episodes/86101277/replay/episode_86101277.json,0.7071067811865475,
86101758,0,2,Majkel1337,54662660,majkel_full,zip,C:\Users\shiba\ptcc_pokemon_ai_buttle\data\runs\leaderboard_top50\alakazam\20260717_kaggle_top20\rank02_Majkel1337_sub54662660_full.zip,rank02_Majkel1337_sub54662660/episodes/86101758/replay/episode_86101758.json,0.7071067811865475,
86102288,0,2,Majkel1337,54662660,majkel_full,zip,C:\Users\shiba\ptcc_pokemon_ai_buttle\data\runs\leaderboard_top50\alakazam\20260717_kaggle_top20\rank02_Majkel1337_sub54662660_full.zip,rank02_Majkel1337_sub54662660/episodes/86102288/replay/episode_86102288.json,0.7071067811865475,
86102692,1,2,Majkel1337,54662660,majkel_full,zip,C:\Users\shiba\ptcc_pokemon_ai_buttle\data\runs\leaderboard_top50\alakazam\20260717_kaggle_top20\rank02_Majkel1337_sub54662660_full.zip,rank02_Majkel1337_sub54662660/episodes/86102692/replay/episode_86102692.json,0.7071067811865475,
86103288,1,2,Majkel1337,54662660,majkel_full,zip,C:\Users\shiba\ptcc_pokemon_ai_buttle\data\runs\leaderboard_top50\alakazam\20260717_kaggle_top20\rank02_Majkel1337_sub54662660_full.zip,rank02_Majkel1337_sub54662660/episodes/86103288/replay/episode_86103288.json,0.7071067811865475,
86103947,1,2,Majkel1337,54662660,majkel_full,zip,C:\Users\shiba\ptcc_pokemon_ai_buttle\data\runs\leaderboard_top50\alakazam\20260717_kaggle_top20\rank02_Majkel1337_sub54662660_full.zip,rank02_Majkel1337_sub54662660/episodes/86103947/replay/episode_86103947.json,0.7071067811865475,
86104365,0,2,Majkel1337,54662660,majkel_full,zip,C:\Users\shiba\ptcc_pokemon_ai_buttle\data\runs\leaderboard_top50\alakazam\20260717_kaggle_top20\rank02_Majkel1337_sub54662660_full.zip,rank02_Majkel1337_sub54662660/episodes/86104365/replay/episode_86104365.json,0.7071067811865475,
86104839,0,2,Majkel1337,54662660,majkel_full,zip,C:\Users\shiba\ptcc_pokemon_ai_buttle\data\runs\leaderboard_top50\alakazam\20260717_kaggle_top20\rank02_Majkel1337_sub54662660_full.zip,rank02_Majkel1337_sub54662660/episodes/86104839/replay/episode_86104839.json,0.7071067811865475,
86105371,1,2,Majkel1337,54662660,majkel_full,zip,C:\Users\shiba\ptcc_pokemon_ai_buttle\data\runs\leaderboard_top50\alakazam\20260717_kaggle_top20\rank02_Majkel1337_sub54662660_full.zip,rank02_Majkel1337_sub54662660/episodes/86105371/replay/episode_86105371.json,0.7071067811865475,
86105901,1,2,Majkel1337,54662660,majkel_full,zip,C:\Users\shiba\ptcc_pokemon_ai_buttle\data\runs\leaderboard_top50\alakazam\20260717_kaggle_top20\rank02_Majkel1337_sub54662660_full.zip,rank02_Majkel1337_sub54662660/episodes/86105901/replay/episode_86105901.json,0.7071067811865475,
86106414,1,2,Majkel1337,54662660,majkel_full,zip,C:\Users\shiba\ptcc_pokemon_ai_buttle\data\runs\leaderboard_top50\alakazam\20260717_kaggle_top20\rank02_Majkel1337_sub54662660_full.zip,rank02_Majkel1337_sub54662660/episodes/86106414/replay/episode_86106414.json,0.7071067811865475,
86106969,0,2,Majkel1337,54662660,majkel_full,zip,C:\Users\shiba\ptcc_pokemon_ai_buttle\data\runs\leaderboard_top50\alakazam\20260717_kaggle_top20\rank02_Majkel1337_sub54662660_full.zip,rank02_Majkel1337_sub54662660/episodes/86106969/replay/episode_86106969.json,0.7071067811865475,
86107309,1,2,Majkel1337,54662660,majkel_full,zip,C:\Users\shiba\ptcc_pokemon_ai_buttle\data\runs\leaderboard_top50\alakazam\20260717_kaggle_top20\rank02_Majkel1337_sub54662660_full.zip,rank02_Majkel1337_sub54662660/episodes/86107309/replay/episode_86107309.json,0.7071067811865475,
86107971,1,2,Majkel1337,54662660,majkel_full,zip,C:\Users\shiba\ptcc_pokemon_ai_buttle\data\runs\leaderboard_top50\alakazam\20260717_kaggle_top20\rank02_Majkel1337_sub54662660_full.zip,rank02_Majkel1337_sub54662660/episodes/86107971/replay/episode_86107971.json,0.7071067811865475,
86108531,1,2,Majkel1337,54662660,majkel_full,zip,C:\Users\shiba\ptcc_pokemon_ai_buttle\data\runs\leaderboard_top50\alakazam\20260717_kaggle_top20\rank02_Majkel1337_sub54662660_full.zip,rank02_Majkel1337_sub54662660/episodes/86108531/replay/episode_86108531.json,0.7071067811865475,
86108861,1,2,Majkel1337,54662660,majkel_full,zip,C:\Users\shiba\ptcc_pokemon_ai_buttle\data\runs\leaderboard_top50\alakazam\20260717_kaggle_top20\rank02_Majkel1337_sub54662660_full.zip,rank02_Majkel1337_sub54662660/episodes/86108861/replay/episode_86108861.json,0.7071067811865475,
86109439,0,2,Majkel1337,54662660,majkel_full,zip,C:\Users\shiba\ptcc_pokemon_ai_buttle\data\runs\leaderboard_top50\alakazam\20260717_kaggle_top20\rank02_Majkel1337_sub54662660_full.zip,rank02_Majkel1337_sub54662660/episodes/86109439/replay/episode_86109439.json,0.7071067811865475,
86110028,0,2,Majkel1337,54662660,majkel_full,zip,C:\Users\shiba\ptcc_pokemon_ai_buttle\data\runs\leaderboard_top50\alakazam\20260717_kaggle_top20\rank02_Majkel1337_sub54662660_full.zip,rank02_Majkel1337_sub54662660/episodes/86110028/replay/episode_86110028.json,0.7071067811865475,
86110585,0,2,Majkel1337,54662660,majkel_full,zip,C:\Users\shiba\ptcc_pokemon_ai_buttle\data\runs\leaderboard_top50\alakazam\20260717_kaggle_top20\rank02_Majkel1337_sub54662660_full.zip,rank02_Majkel1337_sub54662660/episodes/86110585/replay/episode_86110585.json,0.7071067811865475,
86110907,1,2,Majkel1337,54662660,majkel_full,zip,C:\Users\shiba\ptcc_pokemon_ai_buttle\data\runs\leaderboard_top50\alakazam\20260717_kaggle_top20\rank02_Majkel1337_sub54662660_full.zip,rank02_Majkel1337_sub54662660/episodes/86110907/replay/episode_86110907.json,0.7071067811865475,
86111607,1,2,Majkel1337,54662660,majkel_full,zip,C:\Users\shiba\ptcc_pokemon_ai_buttle\data\runs\leaderboard_top50\alakazam\20260717_kaggle_top20\rank02_Majkel1337_sub54662660_full.zip,rank02_Majkel1337_sub54662660/episodes/86111607/replay/episode_86111607.json,0.7071067811865475,
86112121,0,2,Majkel1337,54662660,majkel_full,zip,C:\Users\shiba\ptcc_pokemon_ai_buttle\data\runs\leaderboard_top50\alakazam\20260717_kaggle_top20\rank02_Majkel1337_sub54662660_full.zip,rank02_Majkel1337_sub54662660/episodes/86112121/replay/episode_86112121.json,0.7071067811865475,
86112638,1,2,Majkel1337,54662660,majkel_full,zip,C:\Users\shiba\ptcc_pokemon_ai_buttle\data\runs\leaderboard_top50\alakazam\20260717_kaggle_top20\rank02_Majkel1337_sub54662660_full.zip,rank02_Majkel1337_sub54662660/episodes/86112638/replay/episode_86112638.json,0.7071067811865475,
86113069,0,2,Majkel1337,54662660,majkel_full,zip,C:\Users\shiba\ptcc_pokemon_ai_buttle\data\runs\leaderboard_top50\alakazam\20260717_kaggle_top20\rank02_Majkel1337_sub54662660_full.zip,rank02_Majkel1337_sub54662660/episodes/86113069/replay/episode_86113069.json,0.7071067811865475,
86113650,0,2,Majkel1337,54662660,majkel_full,zip,C:\Users\shiba\ptcc_pokemon_ai_buttle\data\runs\leaderboard_top50\alakazam\20260717_kaggle_top20\rank02_Majkel1337_sub54662660_full.zip,rank02_Majkel1337_sub54662660/episodes/86113650/replay/episode_86113650.json,0.7071067811865475,
86114257,1,2,Majkel1337,54662660,majkel_full,zip,C:\Users\shiba\ptcc_pokemon_ai_buttle\data\runs\leaderboard_top50\alakazam\20260717_kaggle_top20\rank02_Majkel1337_sub54662660_full.zip,rank02_Majkel1337_sub54662660/episodes/86114257/replay/episode_86114257.json,0.7071067811865475,
86114712,1,2,Majkel1337,54662660,majkel_full,zip,C:\Users\shiba\ptcc_pokemon_ai_buttle\data\runs\leaderboard_top50\alakazam\20260717_kaggle_top20\rank02_Majkel1337_sub54662660_full.zip,rank02_Majkel1337_sub54662660/episodes/86114712/replay/episode_86114712.json,0.7071067811865475,
86115183,1,2,Majkel1337,54662660,majkel_full,zip,C:\Users\shiba\ptcc_pokemon_ai_buttle\data\runs\leaderboard_top50\alakazam\20260717_kaggle_top20\rank02_Majkel1337_sub54662660_full.zip,rank02_Majkel1337_sub54662660/episodes/86115183/replay/episode_86115183.json,0.7071067811865475,
86115702,0,2,Majkel1337,54662660,majkel_full,zip,C:\Users\shiba\ptcc_pokemon_ai_buttle\data\runs\leaderboard_top50\alakazam\20260717_kaggle_top20\rank02_Majkel1337_sub54662660_full.zip,rank02_Majkel1337_sub54662660/episodes/86115702/replay/episode_86115702.json,0.7071067811865475,
86116261,1,2,Majkel1337,54662660,majkel_full,zip,C:\Users\shiba\ptcc_pokemon_ai_buttle\data\runs\leaderboard_top50\alakazam\20260717_kaggle_top20\rank02_Majkel1337_sub54662660_full.zip,rank02_Majkel1337_sub54662660/episodes/86116261/replay/episode_86116261.json,0.7071067811865475,
86116590,0,2,Majkel1337,54662660,majkel_full,zip,C:\Users\shiba\ptcc_pokemon_ai_buttle\data\runs\leaderboard_top50\alakazam\20260717_kaggle_top20\rank02_Majkel1337_sub54662660_full.zip,rank02_Majkel1337_sub54662660/episodes/86116590/replay/episode_86116590.json,0.7071067811865475,
86117296,0,2,Majkel1337,54662660,majkel_full,zip,C:\Users\shiba\ptcc_pokemon_ai_buttle\data\runs\leaderboard_top50\alakazam\20260717_kaggle_top20\rank02_Majkel1337_sub54662660_full.zip,rank02_Majkel1337_sub54662660/episodes/86117296/replay/episode_86117296.json,0.7071067811865475,
86117911,1,2,Majkel1337,54662660,majkel_full,zip,C:\Users\shiba\ptcc_pokemon_ai_buttle\data\runs\leaderboard_top50\alakazam\20260717_kaggle_top20\rank02_Majkel1337_sub54662660_full.zip,rank02_Majkel1337_sub54662660/episodes/86117911/replay/episode_86117911.json,0.7071067811865475,
86118343,1,2,Majkel1337,54662660,majkel_full,zip,C:\Users\shiba\ptcc_pokemon_ai_buttle\data\runs\leaderboard_top50\alakazam\20260717_kaggle_top20\rank02_Majkel1337_sub54662660_full.zip,rank02_Majkel1337_sub54662660/episodes/86118343/replay/episode_86118343.json,0.7071067811865475,
86118845,1,2,Majkel1337,54662660,majkel_full,zip,C:\Users\shiba\ptcc_pokemon_ai_buttle\data\runs\leaderboard_top50\alakazam\20260717_kaggle_top20\rank02_Majkel1337_sub54662660_full.zip,rank02_Majkel1337_sub54662660/episodes/86118845/replay/episode_86118845.json,0.7071067811865475,
86119393,1,2,Majkel1337,54662660,majkel_full,zip,C:\Users\shiba\ptcc_pokemon_ai_buttle\data\runs\leaderboard_top50\alakazam\20260717_kaggle_top20\rank02_Majkel1337_sub54662660_full.zip,rank02_Majkel1337_sub54662660/episodes/86119393/replay/episode_86119393.json,0.7071067811865475,
86119857,1,2,Majkel1337,54662660,majkel_full,zip,C:\Users\shiba\ptcc_pokemon_ai_buttle\data\runs\leaderboard_top50\alakazam\20260717_kaggle_top20\rank02_Majkel1337_sub54662660_full.zip,rank02_Majkel1337_sub54662660/episodes/86119857/replay/episode_86119857.json,0.7071067811865475,
86120455,0,2,Majkel1337,54662660,majkel_full,zip,C:\Users\shiba\ptcc_pokemon_ai_buttle\data\runs\leaderboard_top50\alakazam\20260717_kaggle_top20\rank02_Majkel1337_sub54662660_full.zip,rank02_Majkel1337_sub54662660/episodes/86120455/replay/episode_86120455.json,0.7071067811865475,
86120972,1,2,Majkel1337,54662660,majkel_full,zip,C:\Users\shiba\ptcc_pokemon_ai_buttle\data\runs\leaderboard_top50\alakazam\20260717_kaggle_top20\rank02_Majkel1337_sub54662660_full.zip,rank02_Majkel1337_sub54662660/episodes/86120972/replay/episode_86120972.json,0.7071067811865475,
86121437,1,2,Majkel1337,54662660,majkel_full,zip,C:\Users\shiba\ptcc_pokemon_ai_buttle\data\runs\leaderboard_top50\alakazam\20260717_kaggle_top20\rank02_Majkel1337_sub54662660_full.zip,rank02_Majkel1337_sub54662660/episodes/86121437/replay/episode_86121437.json,0.7071067811865475,
86122008,1,2,Majkel1337,54662660,majkel_full,zip,C:\Users\shiba\ptcc_pokemon_ai_buttle\data\runs\leaderboard_top50\alakazam\20260717_kaggle_top20\rank02_Majkel1337_sub54662660_full.zip,rank02_Majkel1337_sub54662660/episodes/86122008/replay/episode_86122008.json,0.7071067811865475,
86122541,1,2,Majkel1337,54662660,majkel_full,zip,C:\Users\shiba\ptcc_pokemon_ai_buttle\data\runs\leaderboard_top50\alakazam\20260717_kaggle_top20\rank02_Majkel1337_sub54662660_full.zip,rank02_Majkel1337_sub54662660/episodes/86122541/replay/episode_86122541.json,0.7071067811865475,
86123056,1,2,Majkel1337,54662660,majkel_full,zip,C:\Users\shiba\ptcc_pokemon_ai_buttle\data\runs\leaderboard_top50\alakazam\20260717_kaggle_top20\rank02_Majkel1337_sub54662660_full.zip,rank02_Majkel1337_sub54662660/episodes/86123056/replay/episode_86123056.json,0.7071067811865475,
86123064,0,2,Majkel1337,54662660,majkel_full,zip,C:\Users\shiba\ptcc_pokemon_ai_buttle\data\runs\leaderboard_top50\alakazam\20260717_kaggle_top20\rank02_Majkel1337_sub54662660_full.zip,rank02_Majkel1337_sub54662660/episodes/86123064/replay/episode_86123064.json,0.7071067811865475,
86123384,1,2,Majkel1337,54662660,majkel_full,zip,C:\Users\shiba\ptcc_pokemon_ai_buttle\data\runs\leaderboard_top50\alakazam\20260717_kaggle_top20\rank02_Majkel1337_sub54662660_full.zip,rank02_Majkel1337_sub54662660/episodes/86123384/replay/episode_86123384.json,0.7071067811865475,
86124076,0,2,Majkel1337,54662660,majkel_full,zip,C:\Users\shiba\ptcc_pokemon_ai_buttle\data\runs\leaderboard_top50\alakazam\20260717_kaggle_top20\rank02_Majkel1337_sub54662660_full.zip,rank02_Majkel1337_sub54662660/episodes/86124076/replay/episode_86124076.json,0.7071067811865475,
86124615,1,2,Majkel1337,54662660,majkel_full,zip,C:\Users\shiba\ptcc_pokemon_ai_buttle\data\runs\leaderboard_top50\alakazam\20260717_kaggle_top20\rank02_Majkel1337_sub54662660_full.zip,rank02_Majkel1337_sub54662660/episodes/86124615/replay/episode_86124615.json,0.7071067811865475,
86125146,0,2,Majkel1337,54662660,majkel_full,zip,C:\Users\shiba\ptcc_pokemon_ai_buttle\data\runs\leaderboard_top50\alakazam\20260717_kaggle_top20\rank02_Majkel1337_sub54662660_full.zip,rank02_Majkel1337_sub54662660/episodes/86125146/replay/episode_86125146.json,0.7071067811865475,
86125408,0,2,Majkel1337,54662660,majkel_full,zip,C:\Users\shiba\ptcc_pokemon_ai_buttle\data\runs\leaderboard_top50\alakazam\20260717_kaggle_top20\rank02_Majkel1337_sub54662660_full.zip,rank02_Majkel1337_sub54662660/episodes/86125408/replay/episode_86125408.json,0.7071067811865475,
86126212,1,2,Majkel1337,54662660,majkel_full,zip,C:\Users\shiba\ptcc_pokemon_ai_buttle\data\runs\leaderboard_top50\alakazam\20260717_kaggle_top20\rank02_Majkel1337_sub54662660_full.zip,rank02_Majkel1337_sub54662660/episodes/86126212/replay/episode_86126212.json,0.7071067811865475,
86126723,0,2,Majkel1337,54662660,majkel_full,zip,C:\Users\shiba\ptcc_pokemon_ai_buttle\data\runs\leaderboard_top50\alakazam\20260717_kaggle_top20\rank02_Majkel1337_sub54662660_full.zip,rank02_Majkel1337_sub54662660/episodes/86126723/replay/episode_86126723.json,0.7071067811865475,
86127242,0,2,Majkel1337,54662660,majkel_full,zip,C:\Users\shiba\ptcc_pokemon_ai_buttle\data\runs\leaderboard_top50\alakazam\20260717_kaggle_top20\rank02_Majkel1337_sub54662660_full.zip,rank02_Majkel1337_sub54662660/episodes/86127242/replay/episode_86127242.json,0.7071067811865475,
86127768,0,2,Majkel1337,54662660,majkel_full,zip,C:\Users\shiba\ptcc_pokemon_ai_buttle\data\runs\leaderboard_top50\alakazam\20260717_kaggle_top20\rank02_Majkel1337_sub54662660_full.zip,rank02_Majkel1337_sub54662660/episodes/86127768/replay/episode_86127768.json,0.7071067811865475,
86128302,0,2,Majkel1337,54662660,majkel_full,zip,C:\Users\shiba\ptcc_pokemon_ai_buttle\data\runs\leaderboard_top50\alakazam\20260717_kaggle_top20\rank02_Majkel1337_sub54662660_full.zip,rank02_Majkel1337_sub54662660/episodes/86128302/replay/episode_86128302.json,0.7071067811865475,
86128821,0,2,Majkel1337,54662660,majkel_full,zip,C:\Users\shiba\ptcc_pokemon_ai_buttle\data\runs\leaderboard_top50\alakazam\20260717_kaggle_top20\rank02_Majkel1337_sub54662660_full.zip,rank02_Majkel1337_sub54662660/episodes/86128821/replay/episode_86128821.json,0.7071067811865475,
86129315,1,2,Majkel1337,54662660,majkel_full,zip,C:\Users\shiba\ptcc_pokemon_ai_buttle\data\runs\leaderboard_top50\alakazam\20260717_kaggle_top20\rank02_Majkel1337_sub54662660_full.zip,rank02_Majkel1337_sub54662660/episodes/86129315/replay/episode_86129315.json,0.7071067811865475,
86129858,0,2,Majkel1337,54662660,majkel_full,zip,C:\Users\shiba\ptcc_pokemon_ai_buttle\data\runs\leaderboard_top50\alakazam\20260717_kaggle_top20\rank02_Majkel1337_sub54662660_full.zip,rank02_Majkel1337_sub54662660/episodes/86129858/replay/episode_86129858.json,0.7071067811865475,
86130367,0,2,Majkel1337,54662660,majkel_full,zip,C:\Users\shiba\ptcc_pokemon_ai_buttle\data\runs\leaderboard_top50\alakazam\20260717_kaggle_top20\rank02_Majkel1337_sub54662660_full.zip,rank02_Majkel1337_sub54662660/episodes/86130367/replay/episode_86130367.json,0.7071067811865475,
86130850,1,2,Majkel1337,54662660,majkel_full,zip,C:\Users\shiba\ptcc_pokemon_ai_buttle\data\runs\leaderboard_top50\alakazam\20260717_kaggle_top20\rank02_Majkel1337_sub54662660_full.zip,rank02_Majkel1337_sub54662660/episodes/86130850/replay/episode_86130850.json,0.7071067811865475,
86131375,1,2,Majkel1337,54662660,majkel_full,zip,C:\Users\shiba\ptcc_pokemon_ai_buttle\data\runs\leaderboard_top50\alakazam\20260717_kaggle_top20\rank02_Majkel1337_sub54662660_full.zip,rank02_Majkel1337_sub54662660/episodes/86131375/replay/episode_86131375.json,0.7071067811865475,
86131904,1,2,Majkel1337,54662660,majkel_full,zip,C:\Users\shiba\ptcc_pokemon_ai_buttle\data\runs\leaderboard_top50\alakazam\20260717_kaggle_top20\rank02_Majkel1337_sub54662660_full.zip,rank02_Majkel1337_sub54662660/episodes/86131904/replay/episode_86131904.json,0.7071067811865475,
86132410,1,2,Majkel1337,54662660,majkel_full,zip,C:\Users\shiba\ptcc_pokemon_ai_buttle\data\runs\leaderboard_top50\alakazam\20260717_kaggle_top20\rank02_Majkel1337_sub54662660_full.zip,rank02_Majkel1337_sub54662660/episodes/86132410/replay/episode_86132410.json,0.7071067811865475,
86132960,0,2,Majkel1337,54662660,majkel_full,zip,C:\Users\shiba\ptcc_pokemon_ai_buttle\data\runs\leaderboard_top50\alakazam\20260717_kaggle_top20\rank02_Majkel1337_sub54662660_full.zip,rank02_Majkel1337_sub54662660/episodes/86132960/replay/episode_86132960.json,0.7071067811865475,
86133425,1,2,Majkel1337,54662660,majkel_full,zip,C:\Users\shiba\ptcc_pokemon_ai_buttle\data\runs\leaderboard_top50\alakazam\20260717_kaggle_top20\rank02_Majkel1337_sub54662660_full.zip,rank02_Majkel1337_sub54662660/episodes/86133425/replay/episode_86133425.json,0.7071067811865475,
86133978,1,2,Majkel1337,54662660,majkel_full,zip,C:\Users\shiba\ptcc_pokemon_ai_buttle\data\runs\leaderboard_top50\alakazam\20260717_kaggle_top20\rank02_Majkel1337_sub54662660_full.zip,rank02_Majkel1337_sub54662660/episodes/86133978/replay/episode_86133978.json,0.7071067811865475,
86134456,0,2,Majkel1337,54662660,majkel_full,zip,C:\Users\shiba\ptcc_pokemon_ai_buttle\data\runs\leaderboard_top50\alakazam\20260717_kaggle_top20\rank02_Majkel1337_sub54662660_full.zip,rank02_Majkel1337_sub54662660/episodes/86134456/replay/episode_86134456.json,0.7071067811865475,
86134993,1,2,Majkel1337,54662660,majkel_full,zip,C:\Users\shiba\ptcc_pokemon_ai_buttle\data\runs\leaderboard_top50\alakazam\20260717_kaggle_top20\rank02_Majkel1337_sub54662660_full.zip,rank02_Majkel1337_sub54662660/episodes/86134993/replay/episode_86134993.json,0.7071067811865475,
86135546,0,2,Majkel1337,54662660,majkel_full,zip,C:\Users\shiba\ptcc_pokemon_ai_buttle\data\runs\leaderboard_top50\alakazam\20260717_kaggle_top20\rank02_Majkel1337_sub54662660_full.zip,rank02_Majkel1337_sub54662660/episodes/86135546/replay/episode_86135546.json,0.7071067811865475,
86136051,0,2,Majkel1337,54662660,majkel_full,zip,C:\Users\shiba\ptcc_pokemon_ai_buttle\data\runs\leaderboard_top50\alakazam\20260717_kaggle_top20\rank02_Majkel1337_sub54662660_full.zip,rank02_Majkel1337_sub54662660/episodes/86136051/replay/episode_86136051.json,0.7071067811865475,
86136546,0,2,Majkel1337,54662660,majkel_full,zip,C:\Users\shiba\ptcc_pokemon_ai_buttle\data\runs\leaderboard_top50\alakazam\20260717_kaggle_top20\rank02_Majkel1337_sub54662660_full.zip,rank02_Majkel1337_sub54662660/episodes/86136546/replay/episode_86136546.json,0.7071067811865475,
86137053,1,2,Majkel1337,54662660,majkel_full,zip,C:\Users\shiba\ptcc_pokemon_ai_buttle\data\runs\leaderboard_top50\alakazam\20260717_kaggle_top20\rank02_Majkel1337_sub54662660_full.zip,rank02_Majkel1337_sub54662660/episodes/86137053/replay/episode_86137053.json,0.7071067811865475,
86137432,0,2,Majkel1337,54662660,majkel_full,zip,C:\Users\shiba\ptcc_pokemon_ai_buttle\data\runs\leaderboard_top50\alakazam\20260717_kaggle_top20\rank02_Majkel1337_sub54662660_full.zip,rank02_Majkel1337_sub54662660/episodes/86137432/replay/episode_86137432.json,0.7071067811865475,
86138182,0,2,Majkel1337,54662660,majkel_full,zip,C:\Users\shiba\ptcc_pokemon_ai_buttle\data\runs\leaderboard_top50\alakazam\20260717_kaggle_top20\rank02_Majkel1337_sub54662660_full.zip,rank02_Majkel1337_sub54662660/episodes/86138182/replay/episode_86138182.json,0.7071067811865475,
86138650,0,2,Majkel1337,54662660,majkel_full,zip,C:\Users\shiba\ptcc_pokemon_ai_buttle\data\runs\leaderboard_top50\alakazam\20260717_kaggle_top20\rank02_Majkel1337_sub54662660_full.zip,rank02_Majkel1337_sub54662660/episodes/86138650/replay/episode_86138650.json,0.7071067811865475,
86139059,1,2,Majkel1337,54662660,majkel_full,zip,C:\Users\shiba\ptcc_pokemon_ai_buttle\data\runs\leaderboard_top50\alakazam\20260717_kaggle_top20\rank02_Majkel1337_sub54662660_full.zip,rank02_Majkel1337_sub54662660/episodes/86139059/replay/episode_86139059.json,0.7071067811865475,
86139811,0,2,Majkel1337,54662660,majkel_full,zip,C:\Users\shiba\ptcc_pokemon_ai_buttle\data\runs\leaderboard_top50\alakazam\20260717_kaggle_top20\rank02_Majkel1337_sub54662660_full.zip,rank02_Majkel1337_sub54662660/episodes/86139811/replay/episode_86139811.json,0.7071067811865475,
86140312,0,2,Majkel1337,54662660,majkel_full,zip,C:\Users\shiba\ptcc_pokemon_ai_buttle\data\runs\leaderboard_top50\alakazam\20260717_kaggle_top20\rank02_Majkel1337_sub54662660_full.zip,rank02_Majkel1337_sub54662660/episodes/86140312/replay/episode_86140312.json,0.7071067811865475,
86140803,1,2,Majkel1337,54662660,majkel_full,zip,C:\Users\shiba\ptcc_pokemon_ai_buttle\data\runs\leaderboard_top50\alakazam\20260717_kaggle_top20\rank02_Majkel1337_sub54662660_full.zip,rank02_Majkel1337_sub54662660/episodes/86140803/replay/episode_86140803.json,0.7071067811865475,
86141227,1,2,Majkel1337,54662660,majkel_full,zip,C:\Users\shiba\ptcc_pokemon_ai_buttle\data\runs\leaderboard_top50\alakazam\20260717_kaggle_top20\rank02_Majkel1337_sub54662660_full.zip,rank02_Majkel1337_sub54662660/episodes/86141227/replay/episode_86141227.json,0.7071067811865475,
86141890,0,2,Majkel1337,54662660,majkel_full,zip,C:\Users\shiba\ptcc_pokemon_ai_buttle\data\runs\leaderboard_top50\alakazam\20260717_kaggle_top20\rank02_Majkel1337_sub54662660_full.zip,rank02_Majkel1337_sub54662660/episodes/86141890/replay/episode_86141890.json,0.7071067811865475,
86142370,1,2,Majkel1337,54662660,majkel_full,zip,C:\Users\shiba\ptcc_pokemon_ai_buttle\data\runs\leaderboard_top50\alakazam\20260717_kaggle_top20\rank02_Majkel1337_sub54662660_full.zip,rank02_Majkel1337_sub54662660/episodes/86142370/replay/episode_86142370.json,0.7071067811865475,
86142870,1,2,Majkel1337,54662660,majkel_full,zip,C:\Users\shiba\ptcc_pokemon_ai_buttle\data\runs\leaderboard_top50\alakazam\20260717_kaggle_top20\rank02_Majkel1337_sub54662660_full.zip,rank02_Majkel1337_sub54662660/episodes/86142870/replay/episode_86142870.json,0.7071067811865475,
86143417,0,2,Majkel1337,54662660,majkel_full,zip,C:\Users\shiba\ptcc_pokemon_ai_buttle\data\runs\leaderboard_top50\alakazam\20260717_kaggle_top20\rank02_Majkel1337_sub54662660_full.zip,rank02_Majkel1337_sub54662660/episodes/86143417/replay/episode_86143417.json,0.7071067811865475,
86143941,0,2,Majkel1337,54662660,majkel_full,zip,C:\Users\shiba\ptcc_pokemon_ai_buttle\data\runs\leaderboard_top50\alakazam\20260717_kaggle_top20\rank02_Majkel1337_sub54662660_full.zip,rank02_Majkel1337_sub54662660/episodes/86143941/replay/episode_86143941.json,0.7071067811865475,
86144408,0,2,Majkel1337,54662660,majkel_full,zip,C:\Users\shiba\ptcc_pokemon_ai_buttle\data\runs\leaderboard_top50\alakazam\20260717_kaggle_top20\rank02_Majkel1337_sub54662660_full.zip,rank02_Majkel1337_sub54662660/episodes/86144408/replay/episode_86144408.json,0.7071067811865475,
86144894,0,2,Majkel1337,54662660,majkel_full,zip,C:\Users\shiba\ptcc_pokemon_ai_buttle\data\runs\leaderboard_top50\alakazam\20260717_kaggle_top20\rank02_Majkel1337_sub54662660_full.zip,rank02_Majkel1337_sub54662660/episodes/86144894/replay/episode_86144894.json,0.7071067811865475,
86145444,0,2,Majkel1337,54662660,majkel_full,zip,C:\Users\shiba\ptcc_pokemon_ai_buttle\data\runs\leaderboard_top50\alakazam\20260717_kaggle_top20\rank02_Majkel1337_sub54662660_full.zip,rank02_Majkel1337_sub54662660/episodes/86145444/replay/episode_86145444.json,0.7071067811865475,
86145946,1,2,Majkel1337,54662660,majkel_full,zip,C:\Users\shiba\ptcc_pokemon_ai_buttle\data\runs\leaderboard_top50\alakazam\20260717_kaggle_top20\rank02_Majkel1337_sub54662660_full.zip,rank02_Majkel1337_sub54662660/episodes/86145946/replay/episode_86145946.json,0.7071067811865475,
86146480,0,2,Majkel1337,54662660,majkel_full,zip,C:\Users\shiba\ptcc_pokemon_ai_buttle\data\runs\leaderboard_top50\alakazam\20260717_kaggle_top20\rank02_Majkel1337_sub54662660_full.zip,rank02_Majkel1337_sub54662660/episodes/86146480/replay/episode_86146480.json,0.7071067811865475,
86146980,1,2,Majkel1337,54662660,majkel_full,zip,C:\Users\shiba\ptcc_pokemon_ai_buttle\data\runs\leaderboard_top50\alakazam\20260717_kaggle_top20\rank02_Majkel1337_sub54662660_full.zip,rank02_Majkel1337_sub54662660/episodes/86146980/replay/episode_86146980.json,0.7071067811865475,
86147515,0,2,Majkel1337,54662660,majkel_full,zip,C:\Users\shiba\ptcc_pokemon_ai_buttle\data\runs\leaderboard_top50\alakazam\20260717_kaggle_top20\rank02_Majkel1337_sub54662660_full.zip,rank02_Majkel1337_sub54662660/episodes/86147515/replay/episode_86147515.json,0.7071067811865475,
86147962,1,2,Majkel1337,54662660,majkel_full,zip,C:\Users\shiba\ptcc_pokemon_ai_buttle\data\runs\leaderboard_top50\alakazam\20260717_kaggle_top20\rank02_Majkel1337_sub54662660_full.zip,rank02_Majkel1337_sub54662660/episodes/86147962/replay/episode_86147962.json,0.7071067811865475,
86148492,0,2,Majkel1337,54662660,majkel_full,zip,C:\Users\shiba\ptcc_pokemon_ai_buttle\data\runs\leaderboard_top50\alakazam\20260717_kaggle_top20\rank02_Majkel1337_sub54662660_full.zip,rank02_Majkel1337_sub54662660/episodes/86148492/replay/episode_86148492.json,0.7071067811865475,
86148990,1,2,Majkel1337,54662660,majkel_full,zip,C:\Users\shiba\ptcc_pokemon_ai_buttle\data\runs\leaderboard_top50\alakazam\20260717_kaggle_top20\rank02_Majkel1337_sub54662660_full.zip,rank02_Majkel1337_sub54662660/episodes/86148990/replay/episode_86148990.json,0.7071067811865475,
86149519,1,2,Majkel1337,54662660,majkel_full,zip,C:\Users\shiba\ptcc_pokemon_ai_buttle\data\runs\leaderboard_top50\alakazam\20260717_kaggle_top20\rank02_Majkel1337_sub54662660_full.zip,rank02_Majkel1337_sub54662660/episodes/86149519/replay/episode_86149519.json,0.7071067811865475,
86150013,1,2,Majkel1337,54662660,majkel_full,zip,C:\Users\shiba\ptcc_pokemon_ai_buttle\data\runs\leaderboard_top50\alakazam\20260717_kaggle_top20\rank02_Majkel1337_sub54662660_full.zip,rank02_Majkel1337_sub54662660/episodes/86150013/replay/episode_86150013.json,0.7071067811865475,
86150559,0,2,Majkel1337,54662660,majkel_full,zip,C:\Users\shiba\ptcc_pokemon_ai_buttle\data\runs\leaderboard_top50\alakazam\20260717_kaggle_top20\rank02_Majkel1337_sub54662660_full.zip,rank02_Majkel1337_sub54662660/episodes/86150559/replay/episode_86150559.json,0.7071067811865475,
86151045,1,2,Majkel1337,54662660,majkel_full,zip,C:\Users\shiba\ptcc_pokemon_ai_buttle\data\runs\leaderboard_top50\alakazam\20260717_kaggle_top20\rank02_Majkel1337_sub54662660_full.zip,rank02_Majkel1337_sub54662660/episodes/86151045/replay/episode_86151045.json,0.7071067811865475,
86151572,0,2,Majkel1337,54662660,majkel_full,zip,C:\Users\shiba\ptcc_pokemon_ai_buttle\data\runs\leaderboard_top50\alakazam\20260717_kaggle_top20\rank02_Majkel1337_sub54662660_full.zip,rank02_Majkel1337_sub54662660/episodes/86151572/replay/episode_86151572.json,0.7071067811865475,
86152069,1,2,Majkel1337,54662660,majkel_full,zip,C:\Users\shiba\ptcc_pokemon_ai_buttle\data\runs\leaderboard_top50\alakazam\20260717_kaggle_top20\rank02_Majkel1337_sub54662660_full.zip,rank02_Majkel1337_sub54662660/episodes/86152069/replay/episode_86152069.json,0.7071067811865475,
86152581,0,2,Majkel1337,54662660,majkel_full,zip,C:\Users\shiba\ptcc_pokemon_ai_buttle\data\runs\leaderboard_top50\alakazam\20260717_kaggle_top20\rank02_Majkel1337_sub54662660_full.zip,rank02_Majkel1337_sub54662660/episodes/86152581/replay/episode_86152581.json,0.7071067811865475,
86153089,0,2,Majkel1337,54662660,majkel_full,zip,C:\Users\shiba\ptcc_pokemon_ai_buttle\data\runs\leaderboard_top50\alakazam\20260717_kaggle_top20\rank02_Majkel1337_sub54662660_full.zip,rank02_Majkel1337_sub54662660/episodes/86153089/replay/episode_86153089.json,0.7071067811865475,
86153613,0,2,Majkel1337,54662660,majkel_full,zip,C:\Users\shiba\ptcc_pokemon_ai_buttle\data\runs\leaderboard_top50\alakazam\20260717_kaggle_top20\rank02_Majkel1337_sub54662660_full.zip,rank02_Majkel1337_sub54662660/episodes/86153613/replay/episode_86153613.json,0.7071067811865475,
86154092,1,2,Majkel1337,54662660,majkel_full,zip,C:\Users\shiba\ptcc_pokemon_ai_buttle\data\runs\leaderboard_top50\alakazam\20260717_kaggle_top20\rank02_Majkel1337_sub54662660_full.zip,rank02_Majkel1337_sub54662660/episodes/86154092/replay/episode_86154092.json,0.7071067811865475,
86154627,1,2,Majkel1337,54662660,majkel_full,zip,C:\Users\shiba\ptcc_pokemon_ai_buttle\data\runs\leaderboard_top50\alakazam\20260717_kaggle_top20\rank02_Majkel1337_sub54662660_full.zip,rank02_Majkel1337_sub54662660/episodes/86154627/replay/episode_86154627.json,0.7071067811865475,
86154967,1,2,Majkel1337,54662660,majkel_full,zip,C:\Users\shiba\ptcc_pokemon_ai_buttle\data\runs\leaderboard_top50\alakazam\20260717_kaggle_top20\rank02_Majkel1337_sub54662660_full.zip,rank02_Majkel1337_sub54662660/episodes/86154967/replay/episode_86154967.json,0.7071067811865475,
86155650,0,2,Majkel1337,54662660,majkel_full,zip,C:\Users\shiba\ptcc_pokemon_ai_buttle\data\runs\leaderboard_top50\alakazam\20260717_kaggle_top20\rank02_Majkel1337_sub54662660_full.zip,rank02_Majkel1337_sub54662660/episodes/86155650/replay/episode_86155650.json,0.7071067811865475,
86156142,1,2,Majkel1337,54662660,majkel_full,zip,C:\Users\shiba\ptcc_pokemon_ai_buttle\data\runs\leaderboard_top50\alakazam\20260717_kaggle_top20\rank02_Majkel1337_sub54662660_full.zip,rank02_Majkel1337_sub54662660/episodes/86156142/replay/episode_86156142.json,0.7071067811865475,
86156663,1,2,Majkel1337,54662660,majkel_full,zip,C:\Users\shiba\ptcc_pokemon_ai_buttle\data\runs\leaderboard_top50\alakazam\20260717_kaggle_top20\rank02_Majkel1337_sub54662660_full.zip,rank02_Majkel1337_sub54662660/episodes/86156663/replay/episode_86156663.json,0.7071067811865475,
86157246,0,2,Majkel1337,54662660,majkel_full,zip,C:\Users\shiba\ptcc_pokemon_ai_buttle\data\runs\leaderboard_top50\alakazam\20260717_kaggle_top20\rank02_Majkel1337_sub54662660_full.zip,rank02_Majkel1337_sub54662660/episodes/86157246/replay/episode_86157246.json,0.7071067811865475,
86157697,0,2,Majkel1337,54662660,majkel_full,zip,C:\Users\shiba\ptcc_pokemon_ai_buttle\data\runs\leaderboard_top50\alakazam\20260717_kaggle_top20\rank02_Majkel1337_sub54662660_full.zip,rank02_Majkel1337_sub54662660/episodes/86157697/replay/episode_86157697.json,0.7071067811865475,
86158156,1,2,Majkel1337,54662660,majkel_full,zip,C:\Users\shiba\ptcc_pokemon_ai_buttle\data\runs\leaderboard_top50\alakazam\20260717_kaggle_top20\rank02_Majkel1337_sub54662660_full.zip,rank02_Majkel1337_sub54662660/episodes/86158156/replay/episode_86158156.json,0.7071067811865475,
86158724,0,2,Majkel1337,54662660,majkel_full,zip,C:\Users\shiba\ptcc_pokemon_ai_buttle\data\runs\leaderboard_top50\alakazam\20260717_kaggle_top20\rank02_Majkel1337_sub54662660_full.zip,rank02_Majkel1337_sub54662660/episodes/86158724/replay/episode_86158724.json,0.7071067811865475,
86159182,1,2,Majkel1337,54662660,majkel_full,zip,C:\Users\shiba\ptcc_pokemon_ai_buttle\data\runs\leaderboard_top50\alakazam\20260717_kaggle_top20\rank02_Majkel1337_sub54662660_full.zip,rank02_Majkel1337_sub54662660/episodes/86159182/replay/episode_86159182.json,0.7071067811865475,
86159236,1,2,Majkel1337,54662660,majkel_full,zip,C:\Users\shiba\ptcc_pokemon_ai_buttle\data\runs\leaderboard_top50\alakazam\20260717_kaggle_top20\rank02_Majkel1337_sub54662660_full.zip,rank02_Majkel1337_sub54662660/episodes/86159236/replay/episode_86159236.json,0.7071067811865475,
86159740,0,2,Majkel1337,54662660,majkel_full,zip,C:\Users\shiba\ptcc_pokemon_ai_buttle\data\runs\leaderboard_top50\alakazam\20260717_kaggle_top20\rank02_Majkel1337_sub54662660_full.zip,rank02_Majkel1337_sub54662660/episodes/86159740/replay/episode_86159740.json,0.7071067811865475,
86160348,0,2,Majkel1337,54662660,majkel_full,zip,C:\Users\shiba\ptcc_pokemon_ai_buttle\data\runs\leaderboard_top50\alakazam\20260717_kaggle_top20\rank02_Majkel1337_sub54662660_full.zip,rank02_Majkel1337_sub54662660/episodes/86160348/replay/episode_86160348.json,0.7071067811865475,
86160735,1,2,Majkel1337,54662660,majkel_full,zip,C:\Users\shiba\ptcc_pokemon_ai_buttle\data\runs\leaderboard_top50\alakazam\20260717_kaggle_top20\rank02_Majkel1337_sub54662660_full.zip,rank02_Majkel1337_sub54662660/episodes/86160735/replay/episode_86160735.json,0.7071067811865475,
86161234,1,2,Majkel1337,54662660,majkel_full,zip,C:\Users\shiba\ptcc_pokemon_ai_buttle\data\runs\leaderboard_top50\alakazam\20260717_kaggle_top20\rank02_Majkel1337_sub54662660_full.zip,rank02_Majkel1337_sub54662660/episodes/86161234/replay/episode_86161234.json,0.7071067811865475,
86161748,0,2,Majkel1337,54662660,majkel_full,zip,C:\Users\shiba\ptcc_pokemon_ai_buttle\data\runs\leaderboard_top50\alakazam\20260717_kaggle_top20\rank02_Majkel1337_sub54662660_full.zip,rank02_Majkel1337_sub54662660/episodes/86161748/replay/episode_86161748.json,0.7071067811865475,
86162185,1,2,Majkel1337,54662660,majkel_full,zip,C:\Users\shiba\ptcc_pokemon_ai_buttle\data\runs\leaderboard_top50\alakazam\20260717_kaggle_top20\rank02_Majkel1337_sub54662660_full.zip,rank02_Majkel1337_sub54662660/episodes/86162185/replay/episode_86162185.json,0.7071067811865475,
86162817,0,2,Majkel1337,54662660,majkel_full,zip,C:\Users\shiba\ptcc_pokemon_ai_buttle\data\runs\leaderboard_top50\alakazam\20260717_kaggle_top20\rank02_Majkel1337_sub54662660_full.zip,rank02_Majkel1337_sub54662660/episodes/86162817/replay/episode_86162817.json,0.7071067811865475,
86163281,0,2,Majkel1337,54662660,majkel_full,zip,C:\Users\shiba\ptcc_pokemon_ai_buttle\data\runs\leaderboard_top50\alakazam\20260717_kaggle_top20\rank02_Majkel1337_sub54662660_full.zip,rank02_Majkel1337_sub54662660/episodes/86163281/replay/episode_86163281.json,0.7071067811865475,
86163790,1,2,Majkel1337,54662660,majkel_full,zip,C:\Users\shiba\ptcc_pokemon_ai_buttle\data\runs\leaderboard_top50\alakazam\20260717_kaggle_top20\rank02_Majkel1337_sub54662660_full.zip,rank02_Majkel1337_sub54662660/episodes/86163790/replay/episode_86163790.json,0.7071067811865475,
86164347,1,2,Majkel1337,54662660,majkel_full,zip,C:\Users\shiba\ptcc_pokemon_ai_buttle\data\runs\leaderboard_top50\alakazam\20260717_kaggle_top20\rank02_Majkel1337_sub54662660_full.zip,rank02_Majkel1337_sub54662660/episodes/86164347/replay/episode_86164347.json,0.7071067811865475,
86164850,1,2,Majkel1337,54662660,majkel_full,zip,C:\Users\shiba\ptcc_pokemon_ai_buttle\data\runs\leaderboard_top50\alakazam\20260717_kaggle_top20\rank02_Majkel1337_sub54662660_full.zip,rank02_Majkel1337_sub54662660/episodes/86164850/replay/episode_86164850.json,0.7071067811865475,
86165330,0,2,Majkel1337,54662660,majkel_full,zip,C:\Users\shiba\ptcc_pokemon_ai_buttle\data\runs\leaderboard_top50\alakazam\20260717_kaggle_top20\rank02_Majkel1337_sub54662660_full.zip,rank02_Majkel1337_sub54662660/episodes/86165330/replay/episode_86165330.json,0.7071067811865475,
86165852,1,2,Majkel1337,54662660,majkel_full,zip,C:\Users\shiba\ptcc_pokemon_ai_buttle\data\runs\leaderboard_top50\alakazam\20260717_kaggle_top20\rank02_Majkel1337_sub54662660_full.zip,rank02_Majkel1337_sub54662660/episodes/86165852/replay/episode_86165852.json,0.7071067811865475,
86166477,1,2,Majkel1337,54662660,majkel_full,zip,C:\Users\shiba\ptcc_pokemon_ai_buttle\data\runs\leaderboard_top50\alakazam\20260717_kaggle_top20\rank02_Majkel1337_sub54662660_full.zip,rank02_Majkel1337_sub54662660/episodes/86166477/replay/episode_86166477.json,0.7071067811865475,
86167110,1,2,Majkel1337,54662660,majkel_full,zip,C:\Users\shiba\ptcc_pokemon_ai_buttle\data\runs\leaderboard_top50\alakazam\20260717_kaggle_top20\rank02_Majkel1337_sub54662660_full.zip,rank02_Majkel1337_sub54662660/episodes/86167110/replay/episode_86167110.json,0.7071067811865475,
86167420,0,2,Majkel1337,54662660,majkel_full,zip,C:\Users\shiba\ptcc_pokemon_ai_buttle\data\runs\leaderboard_top50\alakazam\20260717_kaggle_top20\rank02_Majkel1337_sub54662660_full.zip,rank02_Majkel1337_sub54662660/episodes/86167420/replay/episode_86167420.json,0.7071067811865475,
86167947,1,2,Majkel1337,54662660,majkel_full,zip,C:\Users\shiba\ptcc_pokemon_ai_buttle\data\runs\leaderboard_top50\alakazam\20260717_kaggle_top20\rank02_Majkel1337_sub54662660_full.zip,rank02_Majkel1337_sub54662660/episodes/86167947/replay/episode_86167947.json,0.7071067811865475,
86168547,0,2,Majkel1337,54662660,majkel_full,zip,C:\Users\shiba\ptcc_pokemon_ai_buttle\data\runs\leaderboard_top50\alakazam\20260717_kaggle_top20\rank02_Majkel1337_sub54662660_full.zip,rank02_Majkel1337_sub54662660/episodes/86168547/replay/episode_86168547.json,0.7071067811865475,
86169033,0,2,Majkel1337,54662660,majkel_full,zip,C:\Users\shiba\ptcc_pokemon_ai_buttle\data\runs\leaderboard_top50\alakazam\20260717_kaggle_top20\rank02_Majkel1337_sub54662660_full.zip,rank02_Majkel1337_sub54662660/episodes/86169033/replay/episode_86169033.json,0.7071067811865475,
86169526,0,2,Majkel1337,54662660,majkel_full,zip,C:\Users\shiba\ptcc_pokemon_ai_buttle\data\runs\leaderboard_top50\alakazam\20260717_kaggle_top20\rank02_Majkel1337_sub54662660_full.zip,rank02_Majkel1337_sub54662660/episodes/86169526/replay/episode_86169526.json,0.7071067811865475,
86170109,0,2,Majkel1337,54662660,majkel_full,zip,C:\Users\shiba\ptcc_pokemon_ai_buttle\data\runs\leaderboard_top50\alakazam\20260717_kaggle_top20\rank02_Majkel1337_sub54662660_full.zip,rank02_Majkel1337_sub54662660/episodes/86170109/replay/episode_86170109.json,0.7071067811865475,
86170532,0,2,Majkel1337,54662660,majkel_full,zip,C:\Users\shiba\ptcc_pokemon_ai_buttle\data\runs\leaderboard_top50\alakazam\20260717_kaggle_top20\rank02_Majkel1337_sub54662660_full.zip,rank02_Majkel1337_sub54662660/episodes/86170532/replay/episode_86170532.json,0.7071067811865475,
86171319,1,2,Majkel1337,54662660,majkel_full,zip,C:\Users\shiba\ptcc_pokemon_ai_buttle\data\runs\leaderboard_top50\alakazam\20260717_kaggle_top20\rank02_Majkel1337_sub54662660_full.zip,rank02_Majkel1337_sub54662660/episodes/86171319/replay/episode_86171319.json,0.7071067811865475,
86171579,0,2,Majkel1337,54662660,majkel_full,zip,C:\Users\shiba\ptcc_pokemon_ai_buttle\data\runs\leaderboard_top50\alakazam\20260717_kaggle_top20\rank02_Majkel1337_sub54662660_full.zip,rank02_Majkel1337_sub54662660/episodes/86171579/replay/episode_86171579.json,0.7071067811865475,
86172187,1,2,Majkel1337,54662660,majkel_full,zip,C:\Users\shiba\ptcc_pokemon_ai_buttle\data\runs\leaderboard_top50\alakazam\20260717_kaggle_top20\rank02_Majkel1337_sub54662660_full.zip,rank02_Majkel1337_sub54662660/episodes/86172187/replay/episode_86172187.json,0.7071067811865475,
86172657,1,2,Majkel1337,54662660,majkel_full,zip,C:\Users\shiba\ptcc_pokemon_ai_buttle\data\runs\leaderboard_top50\alakazam\20260717_kaggle_top20\rank02_Majkel1337_sub54662660_full.zip,rank02_Majkel1337_sub54662660/episodes/86172657/replay/episode_86172657.json,0.7071067811865475,
86173301,1,2,Majkel1337,54662660,majkel_full,zip,C:\Users\shiba\ptcc_pokemon_ai_buttle\data\runs\leaderboard_top50\alakazam\20260717_kaggle_top20\rank02_Majkel1337_sub54662660_full.zip,rank02_Majkel1337_sub54662660/episodes/86173301/replay/episode_86173301.json,0.7071067811865475,
86173819,1,2,Majkel1337,54662660,majkel_full,zip,C:\Users\shiba\ptcc_pokemon_ai_buttle\data\runs\leaderboard_top50\alakazam\20260717_kaggle_top20\rank02_Majkel1337_sub54662660_full.zip,rank02_Majkel1337_sub54662660/episodes/86173819/replay/episode_86173819.json,0.7071067811865475,
86174410,0,2,Majkel1337,54662660,majkel_full,zip,C:\Users\shiba\ptcc_pokemon_ai_buttle\data\runs\leaderboard_top50\alakazam\20260717_kaggle_top20\rank02_Majkel1337_sub54662660_full.zip,rank02_Majkel1337_sub54662660/episodes/86174410/replay/episode_86174410.json,0.7071067811865475,
86175018,1,2,Majkel1337,54662660,majkel_full,zip,C:\Users\shiba\ptcc_pokemon_ai_buttle\data\runs\leaderboard_top50\alakazam\20260717_kaggle_top20\rank02_Majkel1337_sub54662660_full.zip,rank02_Majkel1337_sub54662660/episodes/86175018/replay/episode_86175018.json,0.7071067811865475,
86175635,1,2,Majkel1337,54662660,majkel_full,zip,C:\Users\shiba\ptcc_pokemon_ai_buttle\data\runs\leaderboard_top50\alakazam\20260717_kaggle_top20\rank02_Majkel1337_sub54662660_full.zip,rank02_Majkel1337_sub54662660/episodes/86175635/replay/episode_86175635.json,0.7071067811865475,
86176273,0,2,Majkel1337,54662660,majkel_full,zip,C:\Users\shiba\ptcc_pokemon_ai_buttle\data\runs\leaderboard_top50\alakazam\20260717_kaggle_top20\rank02_Majkel1337_sub54662660_full.zip,rank02_Majkel1337_sub54662660/episodes/86176273/replay/episode_86176273.json,0.7071067811865475,
86176913,1,2,Majkel1337,54662660,majkel_full,zip,C:\Users\shiba\ptcc_pokemon_ai_buttle\data\runs\leaderboard_top50\alakazam\20260717_kaggle_top20\rank02_Majkel1337_sub54662660_full.zip,rank02_Majkel1337_sub54662660/episodes/86176913/replay/episode_86176913.json,0.7071067811865475,
86177560,1,2,Majkel1337,54662660,majkel_full,zip,C:\Users\shiba\ptcc_pokemon_ai_buttle\data\runs\leaderboard_top50\alakazam\20260717_kaggle_top20\rank02_Majkel1337_sub54662660_full.zip,rank02_Majkel1337_sub54662660/episodes/86177560/replay/episode_86177560.json,0.7071067811865475,
86178206,1,2,Majkel1337,54662660,majkel_full,zip,C:\Users\shiba\ptcc_pokemon_ai_buttle\data\runs\leaderboard_top50\alakazam\20260717_kaggle_top20\rank02_Majkel1337_sub54662660_full.zip,rank02_Majkel1337_sub54662660/episodes/86178206/replay/episode_86178206.json,0.7071067811865475,
86178867,0,2,Majkel1337,54662660,majkel_full,zip,C:\Users\shiba\ptcc_pokemon_ai_buttle\data\runs\leaderboard_top50\alakazam\20260717_kaggle_top20\rank02_Majkel1337_sub54662660_full.zip,rank02_Majkel1337_sub54662660/episodes/86178867/replay/episode_86178867.json,0.7071067811865475,
86179515,1,2,Majkel1337,54662660,majkel_full,zip,C:\Users\shiba\ptcc_pokemon_ai_buttle\data\runs\leaderboard_top50\alakazam\20260717_kaggle_top20\rank02_Majkel1337_sub54662660_full.zip,rank02_Majkel1337_sub54662660/episodes/86179515/replay/episode_86179515.json,0.7071067811865475,
86180158,1,2,Majkel1337,54662660,majkel_full,zip,C:\Users\shiba\ptcc_pokemon_ai_buttle\data\runs\leaderboard_top50\alakazam\20260717_kaggle_top20\rank02_Majkel1337_sub54662660_full.zip,rank02_Majkel1337_sub54662660/episodes/86180158/replay/episode_86180158.json,0.7071067811865475,
86180815,0,2,Majkel1337,54662660,majkel_full,zip,C:\Users\shiba\ptcc_pokemon_ai_buttle\data\runs\leaderboard_top50\alakazam\20260717_kaggle_top20\rank02_Majkel1337_sub54662660_full.zip,rank02_Majkel1337_sub54662660/episodes/86180815/replay/episode_86180815.json,0.7071067811865475,
86181472,1,2,Majkel1337,54662660,majkel_full,zip,C:\Users\shiba\ptcc_pokemon_ai_buttle\data\runs\leaderboard_top50\alakazam\20260717_kaggle_top20\rank02_Majkel1337_sub54662660_full.zip,rank02_Majkel1337_sub54662660/episodes/86181472/replay/episode_86181472.json,0.7071067811865475,
86182115,1,2,Majkel1337,54662660,majkel_full,zip,C:\Users\shiba\ptcc_pokemon_ai_buttle\data\runs\leaderboard_top50\alakazam\20260717_kaggle_top20\rank02_Majkel1337_sub54662660_full.zip,rank02_Majkel1337_sub54662660/episodes/86182115/replay/episode_86182115.json,0.7071067811865475,
86182745,1,2,Majkel1337,54662660,majkel_full,zip,C:\Users\shiba\ptcc_pokemon_ai_buttle\data\runs\leaderboard_top50\alakazam\20260717_kaggle_top20\rank02_Majkel1337_sub54662660_full.zip,rank02_Majkel1337_sub54662660/episodes/86182745/replay/episode_86182745.json,0.7071067811865475,
86183385,0,2,Majkel1337,54662660,majkel_full,zip,C:\Users\shiba\ptcc_pokemon_ai_buttle\data\runs\leaderboard_top50\alakazam\20260717_kaggle_top20\rank02_Majkel1337_sub54662660_full.zip,rank02_Majkel1337_sub54662660/episodes/86183385/replay/episode_86183385.json,0.7071067811865475,
86184016,0,2,Majkel1337,54662660,majkel_full,zip,C:\Users\shiba\ptcc_pokemon_ai_buttle\data\runs\leaderboard_top50\alakazam\20260717_kaggle_top20\rank02_Majkel1337_sub54662660_full.zip,rank02_Majkel1337_sub54662660/episodes/86184016/replay/episode_86184016.json,0.7071067811865475,
86184647,0,2,Majkel1337,54662660,majkel_full,zip,C:\Users\shiba\ptcc_pokemon_ai_buttle\data\runs\leaderboard_top50\alakazam\20260717_kaggle_top20\rank02_Majkel1337_sub54662660_full.zip,rank02_Majkel1337_sub54662660/episodes/86184647/replay/episode_86184647.json,0.7071067811865475,
86185285,0,2,Majkel1337,54662660,majkel_full,zip,C:\Users\shiba\ptcc_pokemon_ai_buttle\data\runs\leaderboard_top50\alakazam\20260717_kaggle_top20\rank02_Majkel1337_sub54662660_full.zip,rank02_Majkel1337_sub54662660/episodes/86185285/replay/episode_86185285.json,0.7071067811865475,
86185912,0,2,Majkel1337,54662660,majkel_full,zip,C:\Users\shiba\ptcc_pokemon_ai_buttle\data\runs\leaderboard_top50\alakazam\20260717_kaggle_top20\rank02_Majkel1337_sub54662660_full.zip,rank02_Majkel1337_sub54662660/episodes/86185912/replay/episode_86185912.json,0.7071067811865475,
86186540,0,2,Majkel1337,54662660,majkel_full,zip,C:\Users\shiba\ptcc_pokemon_ai_buttle\data\runs\leaderboard_top50\alakazam\20260717_kaggle_top20\rank02_Majkel1337_sub54662660_full.zip,rank02_Majkel1337_sub54662660/episodes/86186540/replay/episode_86186540.json,0.7071067811865475,
86187183,1,2,Majkel1337,54662660,majkel_full,zip,C:\Users\shiba\ptcc_pokemon_ai_buttle\data\runs\leaderboard_top50\alakazam\20260717_kaggle_top20\rank02_Majkel1337_sub54662660_full.zip,rank02_Majkel1337_sub54662660/episodes/86187183/replay/episode_86187183.json,0.7071067811865475,
86187799,1,2,Majkel1337,54662660,majkel_full,zip,C:\Users\shiba\ptcc_pokemon_ai_buttle\data\runs\leaderboard_top50\alakazam\20260717_kaggle_top20\rank02_Majkel1337_sub54662660_full.zip,rank02_Majkel1337_sub54662660/episodes/86187799/replay/episode_86187799.json,0.7071067811865475,
86188412,0,2,Majkel1337,54662660,majkel_full,zip,C:\Users\shiba\ptcc_pokemon_ai_buttle\data\runs\leaderboard_top50\alakazam\20260717_kaggle_top20\rank02_Majkel1337_sub54662660_full.zip,rank02_Majkel1337_sub54662660/episodes/86188412/replay/episode_86188412.json,0.7071067811865475,
86189024,1,2,Majkel1337,54662660,majkel_full,zip,C:\Users\shiba\ptcc_pokemon_ai_buttle\data\runs\leaderboard_top50\alakazam\20260717_kaggle_top20\rank02_Majkel1337_sub54662660_full.zip,rank02_Majkel1337_sub54662660/episodes/86189024/replay/episode_86189024.json,0.7071067811865475,
86189640,1,2,Majkel1337,54662660,majkel_full,zip,C:\Users\shiba\ptcc_pokemon_ai_buttle\data\runs\leaderboard_top50\alakazam\20260717_kaggle_top20\rank02_Majkel1337_sub54662660_full.zip,rank02_Majkel1337_sub54662660/episodes/86189640/replay/episode_86189640.json,0.7071067811865475,
86190244,0,2,Majkel1337,54662660,majkel_full,zip,C:\Users\shiba\ptcc_pokemon_ai_buttle\data\runs\leaderboard_top50\alakazam\20260717_kaggle_top20\rank02_Majkel1337_sub54662660_full.zip,rank02_Majkel1337_sub54662660/episodes/86190244/replay/episode_86190244.json,0.7071067811865475,
86190859,1,2,Majkel1337,54662660,majkel_full,zip,C:\Users\shiba\ptcc_pokemon_ai_buttle\data\runs\leaderboard_top50\alakazam\20260717_kaggle_top20\rank02_Majkel1337_sub54662660_full.zip,rank02_Majkel1337_sub54662660/episodes/86190859/replay/episode_86190859.json,0.7071067811865475,
86191476,0,2,Majkel1337,54662660,majkel_full,zip,C:\Users\shiba\ptcc_pokemon_ai_buttle\data\runs\leaderboard_top50\alakazam\20260717_kaggle_top20\rank02_Majkel1337_sub54662660_full.zip,rank02_Majkel1337_sub54662660/episodes/86191476/replay/episode_86191476.json,0.7071067811865475,
86192086,1,2,Majkel1337,54662660,majkel_full,zip,C:\Users\shiba\ptcc_pokemon_ai_buttle\data\runs\leaderboard_top50\alakazam\20260717_kaggle_top20\rank02_Majkel1337_sub54662660_full.zip,rank02_Majkel1337_sub54662660/episodes/86192086/replay/episode_86192086.json,0.7071067811865475,
86192699,0,2,Majkel1337,54662660,majkel_full,zip,C:\Users\shiba\ptcc_pokemon_ai_buttle\data\runs\leaderboard_top50\alakazam\20260717_kaggle_top20\rank02_Majkel1337_sub54662660_full.zip,rank02_Majkel1337_sub54662660/episodes/86192699/replay/episode_86192699.json,0.7071067811865475,
86193325,1,2,Majkel1337,54662660,majkel_full,zip,C:\Users\shiba\ptcc_pokemon_ai_buttle\data\runs\leaderboard_top50\alakazam\20260717_kaggle_top20\rank02_Majkel1337_sub54662660_full.zip,rank02_Majkel1337_sub54662660/episodes/86193325/replay/episode_86193325.json,0.7071067811865475,
86193946,0,2,Majkel1337,54662660,majkel_full,zip,C:\Users\shiba\ptcc_pokemon_ai_buttle\data\runs\leaderboard_top50\alakazam\20260717_kaggle_top20\rank02_Majkel1337_sub54662660_full.zip,rank02_Majkel1337_sub54662660/episodes/86193946/replay/episode_86193946.json,0.7071067811865475,
86194556,1,2,Majkel1337,54662660,majkel_full,zip,C:\Users\shiba\ptcc_pokemon_ai_buttle\data\runs\leaderboard_top50\alakazam\20260717_kaggle_top20\rank02_Majkel1337_sub54662660_full.zip,rank02_Majkel1337_sub54662660/episodes/86194556/replay/episode_86194556.json,0.7071067811865475,
86195167,1,2,Majkel1337,54662660,majkel_full,zip,C:\Users\shiba\ptcc_pokemon_ai_buttle\data\runs\leaderboard_top50\alakazam\20260717_kaggle_top20\rank02_Majkel1337_sub54662660_full.zip,rank02_Majkel1337_sub54662660/episodes/86195167/replay/episode_86195167.json,0.7071067811865475,
86195770,0,2,Majkel1337,54662660,majkel_full,zip,C:\Users\shiba\ptcc_pokemon_ai_buttle\data\runs\leaderboard_top50\alakazam\20260717_kaggle_top20\rank02_Majkel1337_sub54662660_full.zip,rank02_Majkel1337_sub54662660/episodes/86195770/replay/episode_86195770.json,0.7071067811865475,
86196368,1,2,Majkel1337,54662660,majkel_full,zip,C:\Users\shiba\ptcc_pokemon_ai_buttle\data\runs\leaderboard_top50\alakazam\20260717_kaggle_top20\rank02_Majkel1337_sub54662660_full.zip,rank02_Majkel1337_sub54662660/episodes/86196368/replay/episode_86196368.json,0.7071067811865475,
86196992,1,2,Majkel1337,54662660,majkel_full,zip,C:\Users\shiba\ptcc_pokemon_ai_buttle\data\runs\leaderboard_top50\alakazam\20260717_kaggle_top20\rank02_Majkel1337_sub54662660_full.zip,rank02_Majkel1337_sub54662660/episodes/86196992/replay/episode_86196992.json,0.7071067811865475,
86197620,0,2,Majkel1337,54662660,majkel_full,zip,C:\Users\shiba\ptcc_pokemon_ai_buttle\data\runs\leaderboard_top50\alakazam\20260717_kaggle_top20\rank02_Majkel1337_sub54662660_full.zip,rank02_Majkel1337_sub54662660/episodes/86197620/replay/episode_86197620.json,0.7071067811865475,
86198259,1,2,Majkel1337,54662660,majkel_full,zip,C:\Users\shiba\ptcc_pokemon_ai_buttle\data\runs\leaderboard_top50\alakazam\20260717_kaggle_top20\rank02_Majkel1337_sub54662660_full.zip,rank02_Majkel1337_sub54662660/episodes/86198259/replay/episode_86198259.json,0.7071067811865475,
86198889,0,2,Majkel1337,54662660,majkel_full,zip,C:\Users\shiba\ptcc_pokemon_ai_buttle\data\runs\leaderboard_top50\alakazam\20260717_kaggle_top20\rank02_Majkel1337_sub54662660_full.zip,rank02_Majkel1337_sub54662660/episodes/86198889/replay/episode_86198889.json,0.7071067811865475,
86199468,0,2,Majkel1337,54662660,majkel_full,zip,C:\Users\shiba\ptcc_pokemon_ai_buttle\data\runs\leaderboard_top50\alakazam\20260717_kaggle_top20\rank02_Majkel1337_sub54662660_full.zip,rank02_Majkel1337_sub54662660/episodes/86199468/replay/episode_86199468.json,0.7071067811865475,
86199993,0,2,Majkel1337,54662660,majkel_full,zip,C:\Users\shiba\ptcc_pokemon_ai_buttle\data\runs\leaderboard_top50\alakazam\20260717_kaggle_top20\rank02_Majkel1337_sub54662660_full.zip,rank02_Majkel1337_sub54662660/episodes/86199993/replay/episode_86199993.json,0.7071067811865475,
86200550,1,2,Majkel1337,54662660,majkel_full,zip,C:\Users\shiba\ptcc_pokemon_ai_buttle\data\runs\leaderboard_top50\alakazam\20260717_kaggle_top20\rank02_Majkel1337_sub54662660_full.zip,rank02_Majkel1337_sub54662660/episodes/86200550/replay/episode_86200550.json,0.7071067811865475,
86201083,1,2,Majkel1337,54662660,majkel_full,zip,C:\Users\shiba\ptcc_pokemon_ai_buttle\data\runs\leaderboard_top50\alakazam\20260717_kaggle_top20\rank02_Majkel1337_sub54662660_full.zip,rank02_Majkel1337_sub54662660/episodes/86201083/replay/episode_86201083.json,0.7071067811865475,
86201612,1,2,Majkel1337,54662660,majkel_full,zip,C:\Users\shiba\ptcc_pokemon_ai_buttle\data\runs\leaderboard_top50\alakazam\20260717_kaggle_top20\rank02_Majkel1337_sub54662660_full.zip,rank02_Majkel1337_sub54662660/episodes/86201612/replay/episode_86201612.json,0.7071067811865475,
86202139,0,2,Majkel1337,54662660,majkel_full,zip,C:\Users\shiba\ptcc_pokemon_ai_buttle\data\runs\leaderboard_top50\alakazam\20260717_kaggle_top20\rank02_Majkel1337_sub54662660_full.zip,rank02_Majkel1337_sub54662660/episodes/86202139/replay/episode_86202139.json,0.7071067811865475,
86202685,1,2,Majkel1337,54662660,majkel_full,zip,C:\Users\shiba\ptcc_pokemon_ai_buttle\data\runs\leaderboard_top50\alakazam\20260717_kaggle_top20\rank02_Majkel1337_sub54662660_full.zip,rank02_Majkel1337_sub54662660/episodes/86202685/replay/episode_86202685.json,0.7071067811865475,
86203205,1,2,Majkel1337,54662660,majkel_full,zip,C:\Users\shiba\ptcc_pokemon_ai_buttle\data\runs\leaderboard_top50\alakazam\20260717_kaggle_top20\rank02_Majkel1337_sub54662660_full.zip,rank02_Majkel1337_sub54662660/episodes/86203205/replay/episode_86203205.json,0.7071067811865475,
86203732,0,2,Majkel1337,54662660,majkel_full,zip,C:\Users\shiba\ptcc_pokemon_ai_buttle\data\runs\leaderboard_top50\alakazam\20260717_kaggle_top20\rank02_Majkel1337_sub54662660_full.zip,rank02_Majkel1337_sub54662660/episodes/86203732/replay/episode_86203732.json,0.7071067811865475,
86204248,0,2,Majkel1337,54662660,majkel_full,zip,C:\Users\shiba\ptcc_pokemon_ai_buttle\data\runs\leaderboard_top50\alakazam\20260717_kaggle_top20\rank02_Majkel1337_sub54662660_full.zip,rank02_Majkel1337_sub54662660/episodes/86204248/replay/episode_86204248.json,0.7071067811865475,
86204767,1,2,Majkel1337,54662660,majkel_full,zip,C:\Users\shiba\ptcc_pokemon_ai_buttle\data\runs\leaderboard_top50\alakazam\20260717_kaggle_top20\rank02_Majkel1337_sub54662660_full.zip,rank02_Majkel1337_sub54662660/episodes/86204767/replay/episode_86204767.json,0.7071067811865475,
86205296,0,2,Majkel1337,54662660,majkel_full,zip,C:\Users\shiba\ptcc_pokemon_ai_buttle\data\runs\leaderboard_top50\alakazam\20260717_kaggle_top20\rank02_Majkel1337_sub54662660_full.zip,rank02_Majkel1337_sub54662660/episodes/86205296/replay/episode_86205296.json,0.7071067811865475,
86205781,0,2,Majkel1337,54662660,majkel_full,zip,C:\Users\shiba\ptcc_pokemon_ai_buttle\data\runs\leaderboard_top50\alakazam\20260717_kaggle_top20\rank02_Majkel1337_sub54662660_full.zip,rank02_Majkel1337_sub54662660/episodes/86205781/replay/episode_86205781.json,0.7071067811865475,
86206354,1,2,Majkel1337,54662660,majkel_full,zip,C:\Users\shiba\ptcc_pokemon_ai_buttle\data\runs\leaderboard_top50\alakazam\20260717_kaggle_top20\rank02_Majkel1337_sub54662660_full.zip,rank02_Majkel1337_sub54662660/episodes/86206354/replay/episode_86206354.json,0.7071067811865475,
86206864,1,2,Majkel1337,54662660,majkel_full,zip,C:\Users\shiba\ptcc_pokemon_ai_buttle\data\runs\leaderboard_top50\alakazam\20260717_kaggle_top20\rank02_Majkel1337_sub54662660_full.zip,rank02_Majkel1337_sub54662660/episodes/86206864/replay/episode_86206864.json,0.7071067811865475,
86207386,0,2,Majkel1337,54662660,majkel_full,zip,C:\Users\shiba\ptcc_pokemon_ai_buttle\data\runs\leaderboard_top50\alakazam\20260717_kaggle_top20\rank02_Majkel1337_sub54662660_full.zip,rank02_Majkel1337_sub54662660/episodes/86207386/replay/episode_86207386.json,0.7071067811865475,
86207896,0,2,Majkel1337,54662660,majkel_full,zip,C:\Users\shiba\ptcc_pokemon_ai_buttle\data\runs\leaderboard_top50\alakazam\20260717_kaggle_top20\rank02_Majkel1337_sub54662660_full.zip,rank02_Majkel1337_sub54662660/episodes/86207896/replay/episode_86207896.json,0.7071067811865475,
86208413,0,2,Majkel1337,54662660,majkel_full,zip,C:\Users\shiba\ptcc_pokemon_ai_buttle\data\runs\leaderboard_top50\alakazam\20260717_kaggle_top20\rank02_Majkel1337_sub54662660_full.zip,rank02_Majkel1337_sub54662660/episodes/86208413/replay/episode_86208413.json,0.7071067811865475,
86208935,0,2,Majkel1337,54662660,majkel_full,zip,C:\Users\shiba\ptcc_pokemon_ai_buttle\data\runs\leaderboard_top50\alakazam\20260717_kaggle_top20\rank02_Majkel1337_sub54662660_full.zip,rank02_Majkel1337_sub54662660/episodes/86208935/replay/episode_86208935.json,0.7071067811865475,
86209468,1,2,Majkel1337,54662660,majkel_full,zip,C:\Users\shiba\ptcc_pokemon_ai_buttle\data\runs\leaderboard_top50\alakazam\20260717_kaggle_top20\rank02_Majkel1337_sub54662660_full.zip,rank02_Majkel1337_sub54662660/episodes/86209468/replay/episode_86209468.json,0.7071067811865475,
86210010,0,2,Majkel1337,54662660,majkel_full,zip,C:\Users\shiba\ptcc_pokemon_ai_buttle\data\runs\leaderboard_top50\alakazam\20260717_kaggle_top20\rank02_Majkel1337_sub54662660_full.zip,rank02_Majkel1337_sub54662660/episodes/86210010/replay/episode_86210010.json,0.7071067811865475,
86210547,1,2,Majkel1337,54662660,majkel_full,zip,C:\Users\shiba\ptcc_pokemon_ai_buttle\data\runs\leaderboard_top50\alakazam\20260717_kaggle_top20\rank02_Majkel1337_sub54662660_full.zip,rank02_Majkel1337_sub54662660/episodes/86210547/replay/episode_86210547.json,0.7071067811865475,
86211092,0,2,Majkel1337,54662660,majkel_full,zip,C:\Users\shiba\ptcc_pokemon_ai_buttle\data\runs\leaderboard_top50\alakazam\20260717_kaggle_top20\rank02_Majkel1337_sub54662660_full.zip,rank02_Majkel1337_sub54662660/episodes/86211092/replay/episode_86211092.json,0.7071067811865475,
86211644,1,2,Majkel1337,54662660,majkel_full,zip,C:\Users\shiba\ptcc_pokemon_ai_buttle\data\runs\leaderboard_top50\alakazam\20260717_kaggle_top20\rank02_Majkel1337_sub54662660_full.zip,rank02_Majkel1337_sub54662660/episodes/86211644/replay/episode_86211644.json,0.7071067811865475,
86212196,1,2,Majkel1337,54662660,majkel_full,zip,C:\Users\shiba\ptcc_pokemon_ai_buttle\data\runs\leaderboard_top50\alakazam\20260717_kaggle_top20\rank02_Majkel1337_sub54662660_full.zip,rank02_Majkel1337_sub54662660/episodes/86212196/replay/episode_86212196.json,0.7071067811865475,
86212760,0,2,Majkel1337,54662660,majkel_full,zip,C:\Users\shiba\ptcc_pokemon_ai_buttle\data\runs\leaderboard_top50\alakazam\20260717_kaggle_top20\rank02_Majkel1337_sub54662660_full.zip,rank02_Majkel1337_sub54662660/episodes/86212760/replay/episode_86212760.json,0.7071067811865475,
86213310,1,2,Majkel1337,54662660,majkel_full,zip,C:\Users\shiba\ptcc_pokemon_ai_buttle\data\runs\leaderboard_top50\alakazam\20260717_kaggle_top20\rank02_Majkel1337_sub54662660_full.zip,rank02_Majkel1337_sub54662660/episodes/86213310/replay/episode_86213310.json,0.7071067811865475,
86213810,0,2,Majkel1337,54662660,majkel_full,zip,C:\Users\shiba\ptcc_pokemon_ai_buttle\data\runs\leaderboard_top50\alakazam\20260717_kaggle_top20\rank02_Majkel1337_sub54662660_full.zip,rank02_Majkel1337_sub54662660/episodes/86213810/replay/episode_86213810.json,0.7071067811865475,
86214425,1,2,Majkel1337,54662660,majkel_full,zip,C:\Users\shiba\ptcc_pokemon_ai_buttle\data\runs\leaderboard_top50\alakazam\20260717_kaggle_top20\rank02_Majkel1337_sub54662660_full.zip,rank02_Majkel1337_sub54662660/episodes/86214425/replay/episode_86214425.json,0.7071067811865475,
86214983,1,2,Majkel1337,54662660,majkel_full,zip,C:\Users\shiba\ptcc_pokemon_ai_buttle\data\runs\leaderboard_top50\alakazam\20260717_kaggle_top20\rank02_Majkel1337_sub54662660_full.zip,rank02_Majkel1337_sub54662660/episodes/86214983/replay/episode_86214983.json,0.7071067811865475,
86215529,0,2,Majkel1337,54662660,majkel_full,zip,C:\Users\shiba\ptcc_pokemon_ai_buttle\data\runs\leaderboard_top50\alakazam\20260717_kaggle_top20\rank02_Majkel1337_sub54662660_full.zip,rank02_Majkel1337_sub54662660/episodes/86215529/replay/episode_86215529.json,0.7071067811865475,
86216074,1,2,Majkel1337,54662660,majkel_full,zip,C:\Users\shiba\ptcc_pokemon_ai_buttle\data\runs\leaderboard_top50\alakazam\20260717_kaggle_top20\rank02_Majkel1337_sub54662660_full.zip,rank02_Majkel1337_sub54662660/episodes/86216074/replay/episode_86216074.json,0.7071067811865475,
86216608,0,2,Majkel1337,54662660,majkel_full,zip,C:\Users\shiba\ptcc_pokemon_ai_buttle\data\runs\leaderboard_top50\alakazam\20260717_kaggle_top20\rank02_Majkel1337_sub54662660_full.zip,rank02_Majkel1337_sub54662660/episodes/86216608/replay/episode_86216608.json,0.7071067811865475,
86217158,0,2,Majkel1337,54662660,majkel_full,zip,C:\Users\shiba\ptcc_pokemon_ai_buttle\data\runs\leaderboard_top50\alakazam\20260717_kaggle_top20\rank02_Majkel1337_sub54662660_full.zip,rank02_Majkel1337_sub54662660/episodes/86217158/replay/episode_86217158.json,0.7071067811865475,
86217706,1,2,Majkel1337,54662660,majkel_full,zip,C:\Users\shiba\ptcc_pokemon_ai_buttle\data\runs\leaderboard_top50\alakazam\20260717_kaggle_top20\rank02_Majkel1337_sub54662660_full.zip,rank02_Majkel1337_sub54662660/episodes/86217706/replay/episode_86217706.json,0.7071067811865475,
86218250,1,2,Majkel1337,54662660,majkel_full,zip,C:\Users\shiba\ptcc_pokemon_ai_buttle\data\runs\leaderboard_top50\alakazam\20260717_kaggle_top20\rank02_Majkel1337_sub54662660_full.zip,rank02_Majkel1337_sub54662660/episodes/86218250/replay/episode_86218250.json,0.7071067811865475,
86218781,0,2,Majkel1337,54662660,majkel_full,zip,C:\Users\shiba\ptcc_pokemon_ai_buttle\data\runs\leaderboard_top50\alakazam\20260717_kaggle_top20\rank02_Majkel1337_sub54662660_full.zip,rank02_Majkel1337_sub54662660/episodes/86218781/replay/episode_86218781.json,0.7071067811865475,
86219319,0,2,Majkel1337,54662660,majkel_full,zip,C:\Users\shiba\ptcc_pokemon_ai_buttle\data\runs\leaderboard_top50\alakazam\20260717_kaggle_top20\rank02_Majkel1337_sub54662660_full.zip,rank02_Majkel1337_sub54662660/episodes/86219319/replay/episode_86219319.json,0.7071067811865475,
86219850,0,2,Majkel1337,54662660,majkel_full,zip,C:\Users\shiba\ptcc_pokemon_ai_buttle\data\runs\leaderboard_top50\alakazam\20260717_kaggle_top20\rank02_Majkel1337_sub54662660_full.zip,rank02_Majkel1337_sub54662660/episodes/86219850/replay/episode_86219850.json,0.7071067811865475,
86220362,0,2,Majkel1337,54662660,majkel_full,zip,C:\Users\shiba\ptcc_pokemon_ai_buttle\data\runs\leaderboard_top50\alakazam\20260717_kaggle_top20\rank02_Majkel1337_sub54662660_full.zip,rank02_Majkel1337_sub54662660/episodes/86220362/replay/episode_86220362.json,0.7071067811865475,
86220850,0,2,Majkel1337,54662660,majkel_full,zip,C:\Users\shiba\ptcc_pokemon_ai_buttle\data\runs\leaderboard_top50\alakazam\20260717_kaggle_top20\rank02_Majkel1337_sub54662660_full.zip,rank02_Majkel1337_sub54662660/episodes/86220850/replay/episode_86220850.json,0.7071067811865475,
86221395,0,2,Majkel1337,54662660,majkel_full,zip,C:\Users\shiba\ptcc_pokemon_ai_buttle\data\runs\leaderboard_top50\alakazam\20260717_kaggle_top20\rank02_Majkel1337_sub54662660_full.zip,rank02_Majkel1337_sub54662660/episodes/86221395/replay/episode_86221395.json,0.7071067811865475,
86221934,1,2,Majkel1337,54662660,majkel_full,zip,C:\Users\shiba\ptcc_pokemon_ai_buttle\data\runs\leaderboard_top50\alakazam\20260717_kaggle_top20\rank02_Majkel1337_sub54662660_full.zip,rank02_Majkel1337_sub54662660/episodes/86221934/replay/episode_86221934.json,0.7071067811865475,
86222469,1,2,Majkel1337,54662660,majkel_full,zip,C:\Users\shiba\ptcc_pokemon_ai_buttle\data\runs\leaderboard_top50\alakazam\20260717_kaggle_top20\rank02_Majkel1337_sub54662660_full.zip,rank02_Majkel1337_sub54662660/episodes/86222469/replay/episode_86222469.json,0.7071067811865475,
86223019,1,2,Majkel1337,54662660,majkel_full,zip,C:\Users\shiba\ptcc_pokemon_ai_buttle\data\runs\leaderboard_top50\alakazam\20260717_kaggle_top20\rank02_Majkel1337_sub54662660_full.zip,rank02_Majkel1337_sub54662660/episodes/86223019/replay/episode_86223019.json,0.7071067811865475,
86223562,0,2,Majkel1337,54662660,majkel_full,zip,C:\Users\shiba\ptcc_pokemon_ai_buttle\data\runs\leaderboard_top50\alakazam\20260717_kaggle_top20\rank02_Majkel1337_sub54662660_full.zip,rank02_Majkel1337_sub54662660/episodes/86223562/replay/episode_86223562.json,0.7071067811865475,
86224114,0,2,Majkel1337,54662660,majkel_full,zip,C:\Users\shiba\ptcc_pokemon_ai_buttle\data\runs\leaderboard_top50\alakazam\20260717_kaggle_top20\rank02_Majkel1337_sub54662660_full.zip,rank02_Majkel1337_sub54662660/episodes/86224114/replay/episode_86224114.json,0.7071067811865475,
86224665,0,2,Majkel1337,54662660,majkel_full,zip,C:\Users\shiba\ptcc_pokemon_ai_buttle\data\runs\leaderboard_top50\alakazam\20260717_kaggle_top20\rank02_Majkel1337_sub54662660_full.zip,rank02_Majkel1337_sub54662660/episodes/86224665/replay/episode_86224665.json,0.7071067811865475,
86225193,0,2,Majkel1337,54662660,majkel_full,zip,C:\Users\shiba\ptcc_pokemon_ai_buttle\data\runs\leaderboard_top50\alakazam\20260717_kaggle_top20\rank02_Majkel1337_sub54662660_full.zip,rank02_Majkel1337_sub54662660/episodes/86225193/replay/episode_86225193.json,0.7071067811865475,
86225716,1,2,Majkel1337,54662660,majkel_full,zip,C:\Users\shiba\ptcc_pokemon_ai_buttle\data\runs\leaderboard_top50\alakazam\20260717_kaggle_top20\rank02_Majkel1337_sub54662660_full.zip,rank02_Majkel1337_sub54662660/episodes/86225716/replay/episode_86225716.json,0.7071067811865475,
86226240,0,2,Majkel1337,54662660,majkel_full,zip,C:\Users\shiba\ptcc_pokemon_ai_buttle\data\runs\leaderboard_top50\alakazam\20260717_kaggle_top20\rank02_Majkel1337_sub54662660_full.zip,rank02_Majkel1337_sub54662660/episodes/86226240/replay/episode_86226240.json,0.7071067811865475,
86226793,1,2,Majkel1337,54662660,majkel_full,zip,C:\Users\shiba\ptcc_pokemon_ai_buttle\data\runs\leaderboard_top50\alakazam\20260717_kaggle_top20\rank02_Majkel1337_sub54662660_full.zip,rank02_Majkel1337_sub54662660/episodes/86226793/replay/episode_86226793.json,0.7071067811865475,
86227318,1,2,Majkel1337,54662660,majkel_full,zip,C:\Users\shiba\ptcc_pokemon_ai_buttle\data\runs\leaderboard_top50\alakazam\20260717_kaggle_top20\rank02_Majkel1337_sub54662660_full.zip,rank02_Majkel1337_sub54662660/episodes/86227318/replay/episode_86227318.json,0.7071067811865475,
86227839,0,2,Majkel1337,54662660,majkel_full,zip,C:\Users\shiba\ptcc_pokemon_ai_buttle\data\runs\leaderboard_top50\alakazam\20260717_kaggle_top20\rank02_Majkel1337_sub54662660_full.zip,rank02_Majkel1337_sub54662660/episodes/86227839/replay/episode_86227839.json,0.7071067811865475,
86228355,0,2,Majkel1337,54662660,majkel_full,zip,C:\Users\shiba\ptcc_pokemon_ai_buttle\data\runs\leaderboard_top50\alakazam\20260717_kaggle_top20\rank02_Majkel1337_sub54662660_full.zip,rank02_Majkel1337_sub54662660/episodes/86228355/replay/episode_86228355.json,0.7071067811865475,
86228888,1,2,Majkel1337,54662660,majkel_full,zip,C:\Users\shiba\ptcc_pokemon_ai_buttle\data\runs\leaderboard_top50\alakazam\20260717_kaggle_top20\rank02_Majkel1337_sub54662660_full.zip,rank02_Majkel1337_sub54662660/episodes/86228888/replay/episode_86228888.json,0.7071067811865475,
86229409,1,2,Majkel1337,54662660,majkel_full,zip,C:\Users\shiba\ptcc_pokemon_ai_buttle\data\runs\leaderboard_top50\alakazam\20260717_kaggle_top20\rank02_Majkel1337_sub54662660_full.zip,rank02_Majkel1337_sub54662660/episodes/86229409/replay/episode_86229409.json,0.7071067811865475,
86229926,0,2,Majkel1337,54662660,majkel_full,zip,C:\Users\shiba\ptcc_pokemon_ai_buttle\data\runs\leaderboard_top50\alakazam\20260717_kaggle_top20\rank02_Majkel1337_sub54662660_full.zip,rank02_Majkel1337_sub54662660/episodes/86229926/replay/episode_86229926.json,0.7071067811865475,
86230443,0,2,Majkel1337,54662660,majkel_full,zip,C:\Users\shiba\ptcc_pokemon_ai_buttle\data\runs\leaderboard_top50\alakazam\20260717_kaggle_top20\rank02_Majkel1337_sub54662660_full.zip,rank02_Majkel1337_sub54662660/episodes/86230443/replay/episode_86230443.json,0.7071067811865475,
86230966,1,2,Majkel1337,54662660,majkel_full,zip,C:\Users\shiba\ptcc_pokemon_ai_buttle\data\runs\leaderboard_top50\alakazam\20260717_kaggle_top20\rank02_Majkel1337_sub54662660_full.zip,rank02_Majkel1337_sub54662660/episodes/86230966/replay/episode_86230966.json,0.7071067811865475,
86231497,1,2,Majkel1337,54662660,majkel_full,zip,C:\Users\shiba\ptcc_pokemon_ai_buttle\data\runs\leaderboard_top50\alakazam\20260717_kaggle_top20\rank02_Majkel1337_sub54662660_full.zip,rank02_Majkel1337_sub54662660/episodes/86231497/replay/episode_86231497.json,0.7071067811865475,
86232016,0,2,Majkel1337,54662660,majkel_full,zip,C:\Users\shiba\ptcc_pokemon_ai_buttle\data\runs\leaderboard_top50\alakazam\20260717_kaggle_top20\rank02_Majkel1337_sub54662660_full.zip,rank02_Majkel1337_sub54662660/episodes/86232016/replay/episode_86232016.json,0.7071067811865475,
86232532,0,2,Majkel1337,54662660,majkel_full,zip,C:\Users\shiba\ptcc_pokemon_ai_buttle\data\runs\leaderboard_top50\alakazam\20260717_kaggle_top20\rank02_Majkel1337_sub54662660_full.zip,rank02_Majkel1337_sub54662660/episodes/86232532/replay/episode_86232532.json,0.7071067811865475,
86233053,0,2,Majkel1337,54662660,majkel_full,zip,C:\Users\shiba\ptcc_pokemon_ai_buttle\data\runs\leaderboard_top50\alakazam\20260717_kaggle_top20\rank02_Majkel1337_sub54662660_full.zip,rank02_Majkel1337_sub54662660/episodes/86233053/replay/episode_86233053.json,0.7071067811865475,
86233558,0,2,Majkel1337,54662660,majkel_full,zip,C:\Users\shiba\ptcc_pokemon_ai_buttle\data\runs\leaderboard_top50\alakazam\20260717_kaggle_top20\rank02_Majkel1337_sub54662660_full.zip,rank02_Majkel1337_sub54662660/episodes/86233558/replay/episode_86233558.json,0.7071067811865475,
86234073,1,2,Majkel1337,54662660,majkel_full,zip,C:\Users\shiba\ptcc_pokemon_ai_buttle\data\runs\leaderboard_top50\alakazam\20260717_kaggle_top20\rank02_Majkel1337_sub54662660_full.zip,rank02_Majkel1337_sub54662660/episodes/86234073/replay/episode_86234073.json,0.7071067811865475,
86234591,1,2,Majkel1337,54662660,majkel_full,zip,C:\Users\shiba\ptcc_pokemon_ai_buttle\data\runs\leaderboard_top50\alakazam\20260717_kaggle_top20\rank02_Majkel1337_sub54662660_full.zip,rank02_Majkel1337_sub54662660/episodes/86234591/replay/episode_86234591.json,0.7071067811865475,
86235110,1,2,Majkel1337,54662660,majkel_full,zip,C:\Users\shiba\ptcc_pokemon_ai_buttle\data\runs\leaderboard_top50\alakazam\20260717_kaggle_top20\rank02_Majkel1337_sub54662660_full.zip,rank02_Majkel1337_sub54662660/episodes/86235110/replay/episode_86235110.json,0.7071067811865475,
86235621,0,2,Majkel1337,54662660,majkel_full,zip,C:\Users\shiba\ptcc_pokemon_ai_buttle\data\runs\leaderboard_top50\alakazam\20260717_kaggle_top20\rank02_Majkel1337_sub54662660_full.zip,rank02_Majkel1337_sub54662660/episodes/86235621/replay/episode_86235621.json,0.7071067811865475,
86236121,1,2,Majkel1337,54662660,majkel_full,zip,C:\Users\shiba\ptcc_pokemon_ai_buttle\data\runs\leaderboard_top50\alakazam\20260717_kaggle_top20\rank02_Majkel1337_sub54662660_full.zip,rank02_Majkel1337_sub54662660/episodes/86236121/replay/episode_86236121.json,0.7071067811865475,
86236639,1,2,Majkel1337,54662660,majkel_full,zip,C:\Users\shiba\ptcc_pokemon_ai_buttle\data\runs\leaderboard_top50\alakazam\20260717_kaggle_top20\rank02_Majkel1337_sub54662660_full.zip,rank02_Majkel1337_sub54662660/episodes/86236639/replay/episode_86236639.json,0.7071067811865475,
86237152,1,2,Majkel1337,54662660,majkel_full,zip,C:\Users\shiba\ptcc_pokemon_ai_buttle\data\runs\leaderboard_top50\alakazam\20260717_kaggle_top20\rank02_Majkel1337_sub54662660_full.zip,rank02_Majkel1337_sub54662660/episodes/86237152/replay/episode_86237152.json,0.7071067811865475,
86237672,0,2,Majkel1337,54662660,majkel_full,zip,C:\Users\shiba\ptcc_pokemon_ai_buttle\data\runs\leaderboard_top50\alakazam\20260717_kaggle_top20\rank02_Majkel1337_sub54662660_full.zip,rank02_Majkel1337_sub54662660/episodes/86237672/replay/episode_86237672.json,0.7071067811865475,
86238186,0,2,Majkel1337,54662660,majkel_full,zip,C:\Users\shiba\ptcc_pokemon_ai_buttle\data\runs\leaderboard_top50\alakazam\20260717_kaggle_top20\rank02_Majkel1337_sub54662660_full.zip,rank02_Majkel1337_sub54662660/episodes/86238186/replay/episode_86238186.json,0.7071067811865475,
86238710,0,2,Majkel1337,54662660,majkel_full,zip,C:\Users\shiba\ptcc_pokemon_ai_buttle\data\runs\leaderboard_top50\alakazam\20260717_kaggle_top20\rank02_Majkel1337_sub54662660_full.zip,rank02_Majkel1337_sub54662660/episodes/86238710/replay/episode_86238710.json,0.7071067811865475,
86239125,0,2,Majkel1337,54662660,majkel_full,zip,C:\Users\shiba\ptcc_pokemon_ai_buttle\data\runs\leaderboard_top50\alakazam\20260717_kaggle_top20\rank02_Majkel1337_sub54662660_full.zip,rank02_Majkel1337_sub54662660/episodes/86239125/replay/episode_86239125.json,0.7071067811865475,
86239739,1,2,Majkel1337,54662660,majkel_full,zip,C:\Users\shiba\ptcc_pokemon_ai_buttle\data\runs\leaderboard_top50\alakazam\20260717_kaggle_top20\rank02_Majkel1337_sub54662660_full.zip,rank02_Majkel1337_sub54662660/episodes/86239739/replay/episode_86239739.json,0.7071067811865475,
86240252,1,2,Majkel1337,54662660,majkel_full,zip,C:\Users\shiba\ptcc_pokemon_ai_buttle\data\runs\leaderboard_top50\alakazam\20260717_kaggle_top20\rank02_Majkel1337_sub54662660_full.zip,rank02_Majkel1337_sub54662660/episodes/86240252/replay/episode_86240252.json,0.7071067811865475,
86240773,0,2,Majkel1337,54662660,majkel_full,zip,C:\Users\shiba\ptcc_pokemon_ai_buttle\data\runs\leaderboard_top50\alakazam\20260717_kaggle_top20\rank02_Majkel1337_sub54662660_full.zip,rank02_Majkel1337_sub54662660/episodes/86240773/replay/episode_86240773.json,0.7071067811865475,
86241290,0,2,Majkel1337,54662660,majkel_full,zip,C:\Users\shiba\ptcc_pokemon_ai_buttle\data\runs\leaderboard_top50\alakazam\20260717_kaggle_top20\rank02_Majkel1337_sub54662660_full.zip,rank02_Majkel1337_sub54662660/episodes/86241290/replay/episode_86241290.json,0.7071067811865475,
86241812,1,2,Majkel1337,54662660,majkel_full,zip,C:\Users\shiba\ptcc_pokemon_ai_buttle\data\runs\leaderboard_top50\alakazam\20260717_kaggle_top20\rank02_Majkel1337_sub54662660_full.zip,rank02_Majkel1337_sub54662660/episodes/86241812/replay/episode_86241812.json,0.7071067811865475,
86242324,1,2,Majkel1337,54662660,majkel_full,zip,C:\Users\shiba\ptcc_pokemon_ai_buttle\data\runs\leaderboard_top50\alakazam\20260717_kaggle_top20\rank02_Majkel1337_sub54662660_full.zip,rank02_Majkel1337_sub54662660/episodes/86242324/replay/episode_86242324.json,0.7071067811865475,
86242841,1,2,Majkel1337,54662660,majkel_full,zip,C:\Users\shiba\ptcc_pokemon_ai_buttle\data\runs\leaderboard_top50\alakazam\20260717_kaggle_top20\rank02_Majkel1337_sub54662660_full.zip,rank02_Majkel1337_sub54662660/episodes/86242841/replay/episode_86242841.json,0.7071067811865475,
86243361,0,2,Majkel1337,54662660,majkel_full,zip,C:\Users\shiba\ptcc_pokemon_ai_buttle\data\runs\leaderboard_top50\alakazam\20260717_kaggle_top20\rank02_Majkel1337_sub54662660_full.zip,rank02_Majkel1337_sub54662660/episodes/86243361/replay/episode_86243361.json,0.7071067811865475,
86243871,0,2,Majkel1337,54662660,majkel_full,zip,C:\Users\shiba\ptcc_pokemon_ai_buttle\data\runs\leaderboard_top50\alakazam\20260717_kaggle_top20\rank02_Majkel1337_sub54662660_full.zip,rank02_Majkel1337_sub54662660/episodes/86243871/replay/episode_86243871.json,0.7071067811865475,
86244392,0,2,Majkel1337,54662660,majkel_full,zip,C:\Users\shiba\ptcc_pokemon_ai_buttle\data\runs\leaderboard_top50\alakazam\20260717_kaggle_top20\rank02_Majkel1337_sub54662660_full.zip,rank02_Majkel1337_sub54662660/episodes/86244392/replay/episode_86244392.json,0.7071067811865475,
86244898,0,2,Majkel1337,54662660,majkel_full,zip,C:\Users\shiba\ptcc_pokemon_ai_buttle\data\runs\leaderboard_top50\alakazam\20260717_kaggle_top20\rank02_Majkel1337_sub54662660_full.zip,rank02_Majkel1337_sub54662660/episodes/86244898/replay/episode_86244898.json,0.7071067811865475,
86245410,0,2,Majkel1337,54662660,majkel_full,zip,C:\Users\shiba\ptcc_pokemon_ai_buttle\data\runs\leaderboard_top50\alakazam\20260717_kaggle_top20\rank02_Majkel1337_sub54662660_full.zip,rank02_Majkel1337_sub54662660/episodes/86245410/replay/episode_86245410.json,0.7071067811865475,
86245930,0,2,Majkel1337,54662660,majkel_full,zip,C:\Users\shiba\ptcc_pokemon_ai_buttle\data\runs\leaderboard_top50\alakazam\20260717_kaggle_top20\rank02_Majkel1337_sub54662660_full.zip,rank02_Majkel1337_sub54662660/episodes/86245930/replay/episode_86245930.json,0.7071067811865475,
86246433,0,2,Majkel1337,54662660,majkel_full,zip,C:\Users\shiba\ptcc_pokemon_ai_buttle\data\runs\leaderboard_top50\alakazam\20260717_kaggle_top20\rank02_Majkel1337_sub54662660_full.zip,rank02_Majkel1337_sub54662660/episodes/86246433/replay/episode_86246433.json,0.7071067811865475,
86246928,0,2,Majkel1337,54662660,majkel_full,zip,C:\Users\shiba\ptcc_pokemon_ai_buttle\data\runs\leaderboard_top50\alakazam\20260717_kaggle_top20\rank02_Majkel1337_sub54662660_full.zip,rank02_Majkel1337_sub54662660/episodes/86246928/replay/episode_86246928.json,0.7071067811865475,
86247473,1,2,Majkel1337,54662660,majkel_full,zip,C:\Users\shiba\ptcc_pokemon_ai_buttle\data\runs\leaderboard_top50\alakazam\20260717_kaggle_top20\rank02_Majkel1337_sub54662660_full.zip,rank02_Majkel1337_sub54662660/episodes/86247473/replay/episode_86247473.json,0.7071067811865475,
86247932,0,2,Majkel1337,54662660,majkel_full,zip,C:\Users\shiba\ptcc_pokemon_ai_buttle\data\runs\leaderboard_top50\alakazam\20260717_kaggle_top20\rank02_Majkel1337_sub54662660_full.zip,rank02_Majkel1337_sub54662660/episodes/86247932/replay/episode_86247932.json,0.7071067811865475,
86248499,1,2,Majkel1337,54662660,majkel_full,zip,C:\Users\shiba\ptcc_pokemon_ai_buttle\data\runs\leaderboard_top50\alakazam\20260717_kaggle_top20\rank02_Majkel1337_sub54662660_full.zip,rank02_Majkel1337_sub54662660/episodes/86248499/replay/episode_86248499.json,0.7071067811865475,
86249035,1,2,Majkel1337,54662660,majkel_full,zip,C:\Users\shiba\ptcc_pokemon_ai_buttle\data\runs\leaderboard_top50\alakazam\20260717_kaggle_top20\rank02_Majkel1337_sub54662660_full.zip,rank02_Majkel1337_sub54662660/episodes/86249035/replay/episode_86249035.json,0.7071067811865475,
86249482,0,2,Majkel1337,54662660,majkel_full,zip,C:\Users\shiba\ptcc_pokemon_ai_buttle\data\runs\leaderboard_top50\alakazam\20260717_kaggle_top20\rank02_Majkel1337_sub54662660_full.zip,rank02_Majkel1337_sub54662660/episodes/86249482/replay/episode_86249482.json,0.7071067811865475,
86250036,1,2,Majkel1337,54662660,majkel_full,zip,C:\Users\shiba\ptcc_pokemon_ai_buttle\data\runs\leaderboard_top50\alakazam\20260717_kaggle_top20\rank02_Majkel1337_sub54662660_full.zip,rank02_Majkel1337_sub54662660/episodes/86250036/replay/episode_86250036.json,0.7071067811865475,
86250564,0,2,Majkel1337,54662660,majkel_full,zip,C:\Users\shiba\ptcc_pokemon_ai_buttle\data\runs\leaderboard_top50\alakazam\20260717_kaggle_top20\rank02_Majkel1337_sub54662660_full.zip,rank02_Majkel1337_sub54662660/episodes/86250564/replay/episode_86250564.json,0.7071067811865475,
86251090,0,2,Majkel1337,54662660,majkel_full,zip,C:\Users\shiba\ptcc_pokemon_ai_buttle\data\runs\leaderboard_top50\alakazam\20260717_kaggle_top20\rank02_Majkel1337_sub54662660_full.zip,rank02_Majkel1337_sub54662660/episodes/86251090/replay/episode_86251090.json,0.7071067811865475,
86251609,0,2,Majkel1337,54662660,majkel_full,zip,C:\Users\shiba\ptcc_pokemon_ai_buttle\data\runs\leaderboard_top50\alakazam\20260717_kaggle_top20\rank02_Majkel1337_sub54662660_full.zip,rank02_Majkel1337_sub54662660/episodes/86251609/replay/episode_86251609.json,0.7071067811865475,
86252129,1,2,Majkel1337,54662660,majkel_full,zip,C:\Users\shiba\ptcc_pokemon_ai_buttle\data\runs\leaderboard_top50\alakazam\20260717_kaggle_top20\rank02_Majkel1337_sub54662660_full.zip,rank02_Majkel1337_sub54662660/episodes/86252129/replay/episode_86252129.json,0.7071067811865475,
86252649,1,2,Majkel1337,54662660,majkel_full,zip,C:\Users\shiba\ptcc_pokemon_ai_buttle\data\runs\leaderboard_top50\alakazam\20260717_kaggle_top20\rank02_Majkel1337_sub54662660_full.zip,rank02_Majkel1337_sub54662660/episodes/86252649/replay/episode_86252649.json,0.7071067811865475,
86253160,0,2,Majkel1337,54662660,majkel_full,zip,C:\Users\shiba\ptcc_pokemon_ai_buttle\data\runs\leaderboard_top50\alakazam\20260717_kaggle_top20\rank02_Majkel1337_sub54662660_full.zip,rank02_Majkel1337_sub54662660/episodes/86253160/replay/episode_86253160.json,0.7071067811865475,
86253678,0,2,Majkel1337,54662660,majkel_full,zip,C:\Users\shiba\ptcc_pokemon_ai_buttle\data\runs\leaderboard_top50\alakazam\20260717_kaggle_top20\rank02_Majkel1337_sub54662660_full.zip,rank02_Majkel1337_sub54662660/episodes/86253678/replay/episode_86253678.json,0.7071067811865475,
86254189,0,2,Majkel1337,54662660,majkel_full,zip,C:\Users\shiba\ptcc_pokemon_ai_buttle\data\runs\leaderboard_top50\alakazam\20260717_kaggle_top20\rank02_Majkel1337_sub54662660_full.zip,rank02_Majkel1337_sub54662660/episodes/86254189/replay/episode_86254189.json,0.7071067811865475,
86254712,0,2,Majkel1337,54662660,majkel_full,zip,C:\Users\shiba\ptcc_pokemon_ai_buttle\data\runs\leaderboard_top50\alakazam\20260717_kaggle_top20\rank02_Majkel1337_sub54662660_full.zip,rank02_Majkel1337_sub54662660/episodes/86254712/replay/episode_86254712.json,0.7071067811865475,
86255226,0,2,Majkel1337,54662660,majkel_full,zip,C:\Users\shiba\ptcc_pokemon_ai_buttle\data\runs\leaderboard_top50\alakazam\20260717_kaggle_top20\rank02_Majkel1337_sub54662660_full.zip,rank02_Majkel1337_sub54662660/episodes/86255226/replay/episode_86255226.json,0.7071067811865475,
86255740,0,2,Majkel1337,54662660,majkel_full,zip,C:\Users\shiba\ptcc_pokemon_ai_buttle\data\runs\leaderboard_top50\alakazam\20260717_kaggle_top20\rank02_Majkel1337_sub54662660_full.zip,rank02_Majkel1337_sub54662660/episodes/86255740/replay/episode_86255740.json,0.7071067811865475,
86256254,0,2,Majkel1337,54662660,majkel_full,zip,C:\Users\shiba\ptcc_pokemon_ai_buttle\data\runs\leaderboard_top50\alakazam\20260717_kaggle_top20\rank02_Majkel1337_sub54662660_full.zip,rank02_Majkel1337_sub54662660/episodes/86256254/replay/episode_86256254.json,0.7071067811865475,
86256762,1,2,Majkel1337,54662660,majkel_full,zip,C:\Users\shiba\ptcc_pokemon_ai_buttle\data\runs\leaderboard_top50\alakazam\20260717_kaggle_top20\rank02_Majkel1337_sub54662660_full.zip,rank02_Majkel1337_sub54662660/episodes/86256762/replay/episode_86256762.json,0.7071067811865475,
86257299,1,2,Majkel1337,54662660,majkel_full,zip,C:\Users\shiba\ptcc_pokemon_ai_buttle\data\runs\leaderboard_top50\alakazam\20260717_kaggle_top20\rank02_Majkel1337_sub54662660_full.zip,rank02_Majkel1337_sub54662660/episodes/86257299/replay/episode_86257299.json,0.7071067811865475,
86257794,1,2,Majkel1337,54662660,majkel_full,zip,C:\Users\shiba\ptcc_pokemon_ai_buttle\data\runs\leaderboard_top50\alakazam\20260717_kaggle_top20\rank02_Majkel1337_sub54662660_full.zip,rank02_Majkel1337_sub54662660/episodes/86257794/replay/episode_86257794.json,0.7071067811865475,
86258310,1,2,Majkel1337,54662660,majkel_full,zip,C:\Users\shiba\ptcc_pokemon_ai_buttle\data\runs\leaderboard_top50\alakazam\20260717_kaggle_top20\rank02_Majkel1337_sub54662660_full.zip,rank02_Majkel1337_sub54662660/episodes/86258310/replay/episode_86258310.json,0.7071067811865475,
86258834,0,2,Majkel1337,54662660,majkel_full,zip,C:\Users\shiba\ptcc_pokemon_ai_buttle\data\runs\leaderboard_top50\alakazam\20260717_kaggle_top20\rank02_Majkel1337_sub54662660_full.zip,rank02_Majkel1337_sub54662660/episodes/86258834/replay/episode_86258834.json,0.7071067811865475,
86259349,1,2,Majkel1337,54662660,majkel_full,zip,C:\Users\shiba\ptcc_pokemon_ai_buttle\data\runs\leaderboard_top50\alakazam\20260717_kaggle_top20\rank02_Majkel1337_sub54662660_full.zip,rank02_Majkel1337_sub54662660/episodes/86259349/replay/episode_86259349.json,0.7071067811865475,
86259877,1,2,Majkel1337,54662660,majkel_full,zip,C:\Users\shiba\ptcc_pokemon_ai_buttle\data\runs\leaderboard_top50\alakazam\20260717_kaggle_top20\rank02_Majkel1337_sub54662660_full.zip,rank02_Majkel1337_sub54662660/episodes/86259877/replay/episode_86259877.json,0.7071067811865475,
86260409,0,2,Majkel1337,54662660,majkel_full,zip,C:\Users\shiba\ptcc_pokemon_ai_buttle\data\runs\leaderboard_top50\alakazam\20260717_kaggle_top20\rank02_Majkel1337_sub54662660_full.zip,rank02_Majkel1337_sub54662660/episodes/86260409/replay/episode_86260409.json,0.7071067811865475,
86260914,1,2,Majkel1337,54662660,majkel_full,zip,C:\Users\shiba\ptcc_pokemon_ai_buttle\data\runs\leaderboard_top50\alakazam\20260717_kaggle_top20\rank02_Majkel1337_sub54662660_full.zip,rank02_Majkel1337_sub54662660/episodes/86260914/replay/episode_86260914.json,0.7071067811865475,
86261434,1,2,Majkel1337,54662660,majkel_full,zip,C:\Users\shiba\ptcc_pokemon_ai_buttle\data\runs\leaderboard_top50\alakazam\20260717_kaggle_top20\rank02_Majkel1337_sub54662660_full.zip,rank02_Majkel1337_sub54662660/episodes/86261434/replay/episode_86261434.json,0.7071067811865475,
86261962,0,2,Majkel1337,54662660,majkel_full,zip,C:\Users\shiba\ptcc_pokemon_ai_buttle\data\runs\leaderboard_top50\alakazam\20260717_kaggle_top20\rank02_Majkel1337_sub54662660_full.zip,rank02_Majkel1337_sub54662660/episodes/86261962/replay/episode_86261962.json,0.7071067811865475,
86262463,0,2,Majkel1337,54662660,majkel_full,zip,C:\Users\shiba\ptcc_pokemon_ai_buttle\data\runs\leaderboard_top50\alakazam\20260717_kaggle_top20\rank02_Majkel1337_sub54662660_full.zip,rank02_Majkel1337_sub54662660/episodes/86262463/replay/episode_86262463.json,0.7071067811865475,
86262484,1,2,Majkel1337,54662660,majkel_full,zip,C:\Users\shiba\ptcc_pokemon_ai_buttle\data\runs\leaderboard_top50\alakazam\20260717_kaggle_top20\rank02_Majkel1337_sub54662660_full.zip,rank02_Majkel1337_sub54662660/episodes/86262484/replay/episode_86262484.json,0.7071067811865475,
86262983,1,2,Majkel1337,54662660,majkel_full,zip,C:\Users\shiba\ptcc_pokemon_ai_buttle\data\runs\leaderboard_top50\alakazam\20260717_kaggle_top20\rank02_Majkel1337_sub54662660_full.zip,rank02_Majkel1337_sub54662660/episodes/86262983/replay/episode_86262983.json,0.7071067811865475,
86263508,0,2,Majkel1337,54662660,majkel_full,zip,C:\Users\shiba\ptcc_pokemon_ai_buttle\data\runs\leaderboard_top50\alakazam\20260717_kaggle_top20\rank02_Majkel1337_sub54662660_full.zip,rank02_Majkel1337_sub54662660/episodes/86263508/replay/episode_86263508.json,0.7071067811865475,
86264013,1,2,Majkel1337,54662660,majkel_full,zip,C:\Users\shiba\ptcc_pokemon_ai_buttle\data\runs\leaderboard_top50\alakazam\20260717_kaggle_top20\rank02_Majkel1337_sub54662660_full.zip,rank02_Majkel1337_sub54662660/episodes/86264013/replay/episode_86264013.json,0.7071067811865475,
86264525,1,2,Majkel1337,54662660,majkel_full,zip,C:\Users\shiba\ptcc_pokemon_ai_buttle\data\runs\leaderboard_top50\alakazam\20260717_kaggle_top20\rank02_Majkel1337_sub54662660_full.zip,rank02_Majkel1337_sub54662660/episodes/86264525/replay/episode_86264525.json,0.7071067811865475,
86265040,1,2,Majkel1337,54662660,majkel_full,zip,C:\Users\shiba\ptcc_pokemon_ai_buttle\data\runs\leaderboard_top50\alakazam\20260717_kaggle_top20\rank02_Majkel1337_sub54662660_full.zip,rank02_Majkel1337_sub54662660/episodes/86265040/replay/episode_86265040.json,0.7071067811865475,
86265552,1,2,Majkel1337,54662660,majkel_full,zip,C:\Users\shiba\ptcc_pokemon_ai_buttle\data\runs\leaderboard_top50\alakazam\20260717_kaggle_top20\rank02_Majkel1337_sub54662660_full.zip,rank02_Majkel1337_sub54662660/episodes/86265552/replay/episode_86265552.json,0.7071067811865475,
86266055,0,2,Majkel1337,54662660,majkel_full,zip,C:\Users\shiba\ptcc_pokemon_ai_buttle\data\runs\leaderboard_top50\alakazam\20260717_kaggle_top20\rank02_Majkel1337_sub54662660_full.zip,rank02_Majkel1337_sub54662660/episodes/86266055/replay/episode_86266055.json,0.7071067811865475,
86266564,1,2,Majkel1337,54662660,majkel_full,zip,C:\Users\shiba\ptcc_pokemon_ai_buttle\data\runs\leaderboard_top50\alakazam\20260717_kaggle_top20\rank02_Majkel1337_sub54662660_full.zip,rank02_Majkel1337_sub54662660/episodes/86266564/replay/episode_86266564.json,0.7071067811865475,
86267071,0,2,Majkel1337,54662660,majkel_full,zip,C:\Users\shiba\ptcc_pokemon_ai_buttle\data\runs\leaderboard_top50\alakazam\20260717_kaggle_top20\rank02_Majkel1337_sub54662660_full.zip,rank02_Majkel1337_sub54662660/episodes/86267071/replay/episode_86267071.json,0.7071067811865475,
86267593,0,2,Majkel1337,54662660,majkel_full,zip,C:\Users\shiba\ptcc_pokemon_ai_buttle\data\runs\leaderboard_top50\alakazam\20260717_kaggle_top20\rank02_Majkel1337_sub54662660_full.zip,rank02_Majkel1337_sub54662660/episodes/86267593/replay/episode_86267593.json,0.7071067811865475,
86268093,0,2,Majkel1337,54662660,majkel_full,zip,C:\Users\shiba\ptcc_pokemon_ai_buttle\data\runs\leaderboard_top50\alakazam\20260717_kaggle_top20\rank02_Majkel1337_sub54662660_full.zip,rank02_Majkel1337_sub54662660/episodes/86268093/replay/episode_86268093.json,0.7071067811865475,
86268609,0,2,Majkel1337,54662660,majkel_full,zip,C:\Users\shiba\ptcc_pokemon_ai_buttle\data\runs\leaderboard_top50\alakazam\20260717_kaggle_top20\rank02_Majkel1337_sub54662660_full.zip,rank02_Majkel1337_sub54662660/episodes/86268609/replay/episode_86268609.json,0.7071067811865475,
86269122,0,2,Majkel1337,54662660,majkel_full,zip,C:\Users\shiba\ptcc_pokemon_ai_buttle\data\runs\leaderboard_top50\alakazam\20260717_kaggle_top20\rank02_Majkel1337_sub54662660_full.zip,rank02_Majkel1337_sub54662660/episodes/86269122/replay/episode_86269122.json,0.7071067811865475,
86269643,0,2,Majkel1337,54662660,majkel_full,zip,C:\Users\shiba\ptcc_pokemon_ai_buttle\data\runs\leaderboard_top50\alakazam\20260717_kaggle_top20\rank02_Majkel1337_sub54662660_full.zip,rank02_Majkel1337_sub54662660/episodes/86269643/replay/episode_86269643.json,0.7071067811865475,
86270155,0,2,Majkel1337,54662660,majkel_full,zip,C:\Users\shiba\ptcc_pokemon_ai_buttle\data\runs\leaderboard_top50\alakazam\20260717_kaggle_top20\rank02_Majkel1337_sub54662660_full.zip,rank02_Majkel1337_sub54662660/episodes/86270155/replay/episode_86270155.json,0.7071067811865475,
86270670,0,2,Majkel1337,54662660,majkel_full,zip,C:\Users\shiba\ptcc_pokemon_ai_buttle\data\runs\leaderboard_top50\alakazam\20260717_kaggle_top20\rank02_Majkel1337_sub54662660_full.zip,rank02_Majkel1337_sub54662660/episodes/86270670/replay/episode_86270670.json,0.7071067811865475,
86271205,1,2,Majkel1337,54662660,majkel_full,zip,C:\Users\shiba\ptcc_pokemon_ai_buttle\data\runs\leaderboard_top50\alakazam\20260717_kaggle_top20\rank02_Majkel1337_sub54662660_full.zip,rank02_Majkel1337_sub54662660/episodes/86271205/replay/episode_86271205.json,0.7071067811865475,
86271718,0,2,Majkel1337,54662660,majkel_full,zip,C:\Users\shiba\ptcc_pokemon_ai_buttle\data\runs\leaderboard_top50\alakazam\20260717_kaggle_top20\rank02_Majkel1337_sub54662660_full.zip,rank02_Majkel1337_sub54662660/episodes/86271718/replay/episode_86271718.json,0.7071067811865475,
86272232,1,2,Majkel1337,54662660,majkel_full,zip,C:\Users\shiba\ptcc_pokemon_ai_buttle\data\runs\leaderboard_top50\alakazam\20260717_kaggle_top20\rank02_Majkel1337_sub54662660_full.zip,rank02_Majkel1337_sub54662660/episodes/86272232/replay/episode_86272232.json,0.7071067811865475,
86272746,0,2,Majkel1337,54662660,majkel_full,zip,C:\Users\shiba\ptcc_pokemon_ai_buttle\data\runs\leaderboard_top50\alakazam\20260717_kaggle_top20\rank02_Majkel1337_sub54662660_full.zip,rank02_Majkel1337_sub54662660/episodes/86272746/replay/episode_86272746.json,0.7071067811865475,
86273261,0,2,Majkel1337,54662660,majkel_full,zip,C:\Users\shiba\ptcc_pokemon_ai_buttle\data\runs\leaderboard_top50\alakazam\20260717_kaggle_top20\rank02_Majkel1337_sub54662660_full.zip,rank02_Majkel1337_sub54662660/episodes/86273261/replay/episode_86273261.json,0.7071067811865475,
86273769,1,2,Majkel1337,54662660,majkel_full,zip,C:\Users\shiba\ptcc_pokemon_ai_buttle\data\runs\leaderboard_top50\alakazam\20260717_kaggle_top20\rank02_Majkel1337_sub54662660_full.zip,rank02_Majkel1337_sub54662660/episodes/86273769/replay/episode_86273769.json,0.7071067811865475,
86274286,1,2,Majkel1337,54662660,majkel_full,zip,C:\Users\shiba\ptcc_pokemon_ai_buttle\data\runs\leaderboard_top50\alakazam\20260717_kaggle_top20\rank02_Majkel1337_sub54662660_full.zip,rank02_Majkel1337_sub54662660/episodes/86274286/replay/episode_86274286.json,0.7071067811865475,
86274794,0,2,Majkel1337,54662660,majkel_full,zip,C:\Users\shiba\ptcc_pokemon_ai_buttle\data\runs\leaderboard_top50\alakazam\20260717_kaggle_top20\rank02_Majkel1337_sub54662660_full.zip,rank02_Majkel1337_sub54662660/episodes/86274794/replay/episode_86274794.json,0.7071067811865475,
86275306,1,2,Majkel1337,54662660,majkel_full,zip,C:\Users\shiba\ptcc_pokemon_ai_buttle\data\runs\leaderboard_top50\alakazam\20260717_kaggle_top20\rank02_Majkel1337_sub54662660_full.zip,rank02_Majkel1337_sub54662660/episodes/86275306/replay/episode_86275306.json,0.7071067811865475,
86275821,1,2,Majkel1337,54662660,majkel_full,zip,C:\Users\shiba\ptcc_pokemon_ai_buttle\data\runs\leaderboard_top50\alakazam\20260717_kaggle_top20\rank02_Majkel1337_sub54662660_full.zip,rank02_Majkel1337_sub54662660/episodes/86275821/replay/episode_86275821.json,0.7071067811865475,
86276336,1,2,Majkel1337,54662660,majkel_full,zip,C:\Users\shiba\ptcc_pokemon_ai_buttle\data\runs\leaderboard_top50\alakazam\20260717_kaggle_top20\rank02_Majkel1337_sub54662660_full.zip,rank02_Majkel1337_sub54662660/episodes/86276336/replay/episode_86276336.json,0.7071067811865475,
86276850,0,2,Majkel1337,54662660,majkel_full,zip,C:\Users\shiba\ptcc_pokemon_ai_buttle\data\runs\leaderboard_top50\alakazam\20260717_kaggle_top20\rank02_Majkel1337_sub54662660_full.zip,rank02_Majkel1337_sub54662660/episodes/86276850/replay/episode_86276850.json,0.7071067811865475,
86277371,0,2,Majkel1337,54662660,majkel_full,zip,C:\Users\shiba\ptcc_pokemon_ai_buttle\data\runs\leaderboard_top50\alakazam\20260717_kaggle_top20\rank02_Majkel1337_sub54662660_full.zip,rank02_Majkel1337_sub54662660/episodes/86277371/replay/episode_86277371.json,0.7071067811865475,
86277885,0,2,Majkel1337,54662660,majkel_full,zip,C:\Users\shiba\ptcc_pokemon_ai_buttle\data\runs\leaderboard_top50\alakazam\20260717_kaggle_top20\rank02_Majkel1337_sub54662660_full.zip,rank02_Majkel1337_sub54662660/episodes/86277885/replay/episode_86277885.json,0.7071067811865475,
86278394,1,2,Majkel1337,54662660,majkel_full,zip,C:\Users\shiba\ptcc_pokemon_ai_buttle\data\runs\leaderboard_top50\alakazam\20260717_kaggle_top20\rank02_Majkel1337_sub54662660_full.zip,rank02_Majkel1337_sub54662660/episodes/86278394/replay/episode_86278394.json,0.7071067811865475,
86278915,1,2,Majkel1337,54662660,majkel_full,zip,C:\Users\shiba\ptcc_pokemon_ai_buttle\data\runs\leaderboard_top50\alakazam\20260717_kaggle_top20\rank02_Majkel1337_sub54662660_full.zip,rank02_Majkel1337_sub54662660/episodes/86278915/replay/episode_86278915.json,0.7071067811865475,
86279428,0,2,Majkel1337,54662660,majkel_full,zip,C:\Users\shiba\ptcc_pokemon_ai_buttle\data\runs\leaderboard_top50\alakazam\20260717_kaggle_top20\rank02_Majkel1337_sub54662660_full.zip,rank02_Majkel1337_sub54662660/episodes/86279428/replay/episode_86279428.json,0.7071067811865475,
86279954,0,2,Majkel1337,54662660,majkel_full,zip,C:\Users\shiba\ptcc_pokemon_ai_buttle\data\runs\leaderboard_top50\alakazam\20260717_kaggle_top20\rank02_Majkel1337_sub54662660_full.zip,rank02_Majkel1337_sub54662660/episodes/86279954/replay/episode_86279954.json,0.7071067811865475,
86280476,1,2,Majkel1337,54662660,majkel_full,zip,C:\Users\shiba\ptcc_pokemon_ai_buttle\data\runs\leaderboard_top50\alakazam\20260717_kaggle_top20\rank02_Majkel1337_sub54662660_full.zip,rank02_Majkel1337_sub54662660/episodes/86280476/replay/episode_86280476.json,0.7071067811865475,
86280994,0,2,Majkel1337,54662660,majkel_full,zip,C:\Users\shiba\ptcc_pokemon_ai_buttle\data\runs\leaderboard_top50\alakazam\20260717_kaggle_top20\rank02_Majkel1337_sub54662660_full.zip,rank02_Majkel1337_sub54662660/episodes/86280994/replay/episode_86280994.json,0.7071067811865475,
86281516,1,2,Majkel1337,54662660,majkel_full,zip,C:\Users\shiba\ptcc_pokemon_ai_buttle\data\runs\leaderboard_top50\alakazam\20260717_kaggle_top20\rank02_Majkel1337_sub54662660_full.zip,rank02_Majkel1337_sub54662660/episodes/86281516/replay/episode_86281516.json,0.7071067811865475,
86282036,1,2,Majkel1337,54662660,majkel_full,zip,C:\Users\shiba\ptcc_pokemon_ai_buttle\data\runs\leaderboard_top50\alakazam\20260717_kaggle_top20\rank02_Majkel1337_sub54662660_full.zip,rank02_Majkel1337_sub54662660/episodes/86282036/replay/episode_86282036.json,0.7071067811865475,
86282562,0,2,Majkel1337,54662660,majkel_full,zip,C:\Users\shiba\ptcc_pokemon_ai_buttle\data\runs\leaderboard_top50\alakazam\20260717_kaggle_top20\rank02_Majkel1337_sub54662660_full.zip,rank02_Majkel1337_sub54662660/episodes/86282562/replay/episode_86282562.json,0.7071067811865475,
86283073,1,2,Majkel1337,54662660,majkel_full,zip,C:\Users\shiba\ptcc_pokemon_ai_buttle\data\runs\leaderboard_top50\alakazam\20260717_kaggle_top20\rank02_Majkel1337_sub54662660_full.zip,rank02_Majkel1337_sub54662660/episodes/86283073/replay/episode_86283073.json,0.7071067811865475,
86283585,0,2,Majkel1337,54662660,majkel_full,zip,C:\Users\shiba\ptcc_pokemon_ai_buttle\data\runs\leaderboard_top50\alakazam\20260717_kaggle_top20\rank02_Majkel1337_sub54662660_full.zip,rank02_Majkel1337_sub54662660/episodes/86283585/replay/episode_86283585.json,0.7071067811865475,
86284107,0,2,Majkel1337,54662660,majkel_full,zip,C:\Users\shiba\ptcc_pokemon_ai_buttle\data\runs\leaderboard_top50\alakazam\20260717_kaggle_top20\rank02_Majkel1337_sub54662660_full.zip,rank02_Majkel1337_sub54662660/episodes/86284107/replay/episode_86284107.json,0.7071067811865475,
86284616,1,2,Majkel1337,54662660,majkel_full,zip,C:\Users\shiba\ptcc_pokemon_ai_buttle\data\runs\leaderboard_top50\alakazam\20260717_kaggle_top20\rank02_Majkel1337_sub54662660_full.zip,rank02_Majkel1337_sub54662660/episodes/86284616/replay/episode_86284616.json,0.7071067811865475,
86285127,1,2,Majkel1337,54662660,majkel_full,zip,C:\Users\shiba\ptcc_pokemon_ai_buttle\data\runs\leaderboard_top50\alakazam\20260717_kaggle_top20\rank02_Majkel1337_sub54662660_full.zip,rank02_Majkel1337_sub54662660/episodes/86285127/replay/episode_86285127.json,0.7071067811865475,
86285656,1,2,Majkel1337,54662660,majkel_full,zip,C:\Users\shiba\ptcc_pokemon_ai_buttle\data\runs\leaderboard_top50\alakazam\20260717_kaggle_top20\rank02_Majkel1337_sub54662660_full.zip,rank02_Majkel1337_sub54662660/episodes/86285656/replay/episode_86285656.json,0.7071067811865475,
86286173,1,2,Majkel1337,54662660,majkel_full,zip,C:\Users\shiba\ptcc_pokemon_ai_buttle\data\runs\leaderboard_top50\alakazam\20260717_kaggle_top20\rank02_Majkel1337_sub54662660_full.zip,rank02_Majkel1337_sub54662660/episodes/86286173/replay/episode_86286173.json,0.7071067811865475,
86286693,0,2,Majkel1337,54662660,majkel_full,zip,C:\Users\shiba\ptcc_pokemon_ai_buttle\data\runs\leaderboard_top50\alakazam\20260717_kaggle_top20\rank02_Majkel1337_sub54662660_full.zip,rank02_Majkel1337_sub54662660/episodes/86286693/replay/episode_86286693.json,0.7071067811865475,
86287203,0,2,Majkel1337,54662660,majkel_full,zip,C:\Users\shiba\ptcc_pokemon_ai_buttle\data\runs\leaderboard_top50\alakazam\20260717_kaggle_top20\rank02_Majkel1337_sub54662660_full.zip,rank02_Majkel1337_sub54662660/episodes/86287203/replay/episode_86287203.json,0.7071067811865475,
86287722,1,2,Majkel1337,54662660,majkel_full,zip,C:\Users\shiba\ptcc_pokemon_ai_buttle\data\runs\leaderboard_top50\alakazam\20260717_kaggle_top20\rank02_Majkel1337_sub54662660_full.zip,rank02_Majkel1337_sub54662660/episodes/86287722/replay/episode_86287722.json,0.7071067811865475,
86288234,0,2,Majkel1337,54662660,majkel_full,zip,C:\Users\shiba\ptcc_pokemon_ai_buttle\data\runs\leaderboard_top50\alakazam\20260717_kaggle_top20\rank02_Majkel1337_sub54662660_full.zip,rank02_Majkel1337_sub54662660/episodes/86288234/replay/episode_86288234.json,0.7071067811865475,
86288756,0,2,Majkel1337,54662660,majkel_full,zip,C:\Users\shiba\ptcc_pokemon_ai_buttle\data\runs\leaderboard_top50\alakazam\20260717_kaggle_top20\rank02_Majkel1337_sub54662660_full.zip,rank02_Majkel1337_sub54662660/episodes/86288756/replay/episode_86288756.json,0.7071067811865475,
86289266,1,2,Majkel1337,54662660,majkel_full,zip,C:\Users\shiba\ptcc_pokemon_ai_buttle\data\runs\leaderboard_top50\alakazam\20260717_kaggle_top20\rank02_Majkel1337_sub54662660_full.zip,rank02_Majkel1337_sub54662660/episodes/86289266/replay/episode_86289266.json,0.7071067811865475,
86289775,0,2,Majkel1337,54662660,majkel_full,zip,C:\Users\shiba\ptcc_pokemon_ai_buttle\data\runs\leaderboard_top50\alakazam\20260717_kaggle_top20\rank02_Majkel1337_sub54662660_full.zip,rank02_Majkel1337_sub54662660/episodes/86289775/replay/episode_86289775.json,0.7071067811865475,
86290287,0,2,Majkel1337,54662660,majkel_full,zip,C:\Users\shiba\ptcc_pokemon_ai_buttle\data\runs\leaderboard_top50\alakazam\20260717_kaggle_top20\rank02_Majkel1337_sub54662660_full.zip,rank02_Majkel1337_sub54662660/episodes/86290287/replay/episode_86290287.json,0.7071067811865475,
86290802,0,2,Majkel1337,54662660,majkel_full,zip,C:\Users\shiba\ptcc_pokemon_ai_buttle\data\runs\leaderboard_top50\alakazam\20260717_kaggle_top20\rank02_Majkel1337_sub54662660_full.zip,rank02_Majkel1337_sub54662660/episodes/86290802/replay/episode_86290802.json,0.7071067811865475,
86291315,0,2,Majkel1337,54662660,majkel_full,zip,C:\Users\shiba\ptcc_pokemon_ai_buttle\data\runs\leaderboard_top50\alakazam\20260717_kaggle_top20\rank02_Majkel1337_sub54662660_full.zip,rank02_Majkel1337_sub54662660/episodes/86291315/replay/episode_86291315.json,0.7071067811865475,
86291829,1,2,Majkel1337,54662660,majkel_full,zip,C:\Users\shiba\ptcc_pokemon_ai_buttle\data\runs\leaderboard_top50\alakazam\20260717_kaggle_top20\rank02_Majkel1337_sub54662660_full.zip,rank02_Majkel1337_sub54662660/episodes/86291829/replay/episode_86291829.json,0.7071067811865475,
86292347,0,2,Majkel1337,54662660,majkel_full,zip,C:\Users\shiba\ptcc_pokemon_ai_buttle\data\runs\leaderboard_top50\alakazam\20260717_kaggle_top20\rank02_Majkel1337_sub54662660_full.zip,rank02_Majkel1337_sub54662660/episodes/86292347/replay/episode_86292347.json,0.7071067811865475,
86292860,1,2,Majkel1337,54662660,majkel_full,zip,C:\Users\shiba\ptcc_pokemon_ai_buttle\data\runs\leaderboard_top50\alakazam\20260717_kaggle_top20\rank02_Majkel1337_sub54662660_full.zip,rank02_Majkel1337_sub54662660/episodes/86292860/replay/episode_86292860.json,0.7071067811865475,
86293372,1,2,Majkel1337,54662660,majkel_full,zip,C:\Users\shiba\ptcc_pokemon_ai_buttle\data\runs\leaderboard_top50\alakazam\20260717_kaggle_top20\rank02_Majkel1337_sub54662660_full.zip,rank02_Majkel1337_sub54662660/episodes/86293372/replay/episode_86293372.json,0.7071067811865475,
86293889,1,2,Majkel1337,54662660,majkel_full,zip,C:\Users\shiba\ptcc_pokemon_ai_buttle\data\runs\leaderboard_top50\alakazam\20260717_kaggle_top20\rank02_Majkel1337_sub54662660_full.zip,rank02_Majkel1337_sub54662660/episodes/86293889/replay/episode_86293889.json,0.7071067811865475,
86294421,1,2,Majkel1337,54662660,majkel_full,zip,C:\Users\shiba\ptcc_pokemon_ai_buttle\data\runs\leaderboard_top50\alakazam\20260717_kaggle_top20\rank02_Majkel1337_sub54662660_full.zip,rank02_Majkel1337_sub54662660/episodes/86294421/replay/episode_86294421.json,0.7071067811865475,
86294929,0,2,Majkel1337,54662660,majkel_full,zip,C:\Users\shiba\ptcc_pokemon_ai_buttle\data\runs\leaderboard_top50\alakazam\20260717_kaggle_top20\rank02_Majkel1337_sub54662660_full.zip,rank02_Majkel1337_sub54662660/episodes/86294929/replay/episode_86294929.json,0.7071067811865475,
86295439,0,2,Majkel1337,54662660,majkel_full,zip,C:\Users\shiba\ptcc_pokemon_ai_buttle\data\runs\leaderboard_top50\alakazam\20260717_kaggle_top20\rank02_Majkel1337_sub54662660_full.zip,rank02_Majkel1337_sub54662660/episodes/86295439/replay/episode_86295439.json,0.7071067811865475,
86295951,1,2,Majkel1337,54662660,majkel_full,zip,C:\Users\shiba\ptcc_pokemon_ai_buttle\data\runs\leaderboard_top50\alakazam\20260717_kaggle_top20\rank02_Majkel1337_sub54662660_full.zip,rank02_Majkel1337_sub54662660/episodes/86295951/replay/episode_86295951.json,0.7071067811865475,
86296482,1,2,Majkel1337,54662660,majkel_full,zip,C:\Users\shiba\ptcc_pokemon_ai_buttle\data\runs\leaderboard_top50\alakazam\20260717_kaggle_top20\rank02_Majkel1337_sub54662660_full.zip,rank02_Majkel1337_sub54662660/episodes/86296482/replay/episode_86296482.json,0.7071067811865475,
86297004,1,2,Majkel1337,54662660,majkel_full,zip,C:\Users\shiba\ptcc_pokemon_ai_buttle\data\runs\leaderboard_top50\alakazam\20260717_kaggle_top20\rank02_Majkel1337_sub54662660_full.zip,rank02_Majkel1337_sub54662660/episodes/86297004/replay/episode_86297004.json,0.7071067811865475,
86297447,1,2,Majkel1337,54662660,majkel_full,zip,C:\Users\shiba\ptcc_pokemon_ai_buttle\data\runs\leaderboard_top50\alakazam\20260717_kaggle_top20\rank02_Majkel1337_sub54662660_full.zip,rank02_Majkel1337_sub54662660/episodes/86297447/replay/episode_86297447.json,0.7071067811865475,
86297511,0,2,Majkel1337,54662660,majkel_full,zip,C:\Users\shiba\ptcc_pokemon_ai_buttle\data\runs\leaderboard_top50\alakazam\20260717_kaggle_top20\rank02_Majkel1337_sub54662660_full.zip,rank02_Majkel1337_sub54662660/episodes/86297511/replay/episode_86297511.json,0.7071067811865475,
86297965,1,2,Majkel1337,54662660,majkel_full,zip,C:\Users\shiba\ptcc_pokemon_ai_buttle\data\runs\leaderboard_top50\alakazam\20260717_kaggle_top20\rank02_Majkel1337_sub54662660_full.zip,rank02_Majkel1337_sub54662660/episodes/86297965/replay/episode_86297965.json,0.7071067811865475,
86298553,0,2,Majkel1337,54662660,majkel_full,zip,C:\Users\shiba\ptcc_pokemon_ai_buttle\data\runs\leaderboard_top50\alakazam\20260717_kaggle_top20\rank02_Majkel1337_sub54662660_full.zip,rank02_Majkel1337_sub54662660/episodes/86298553/replay/episode_86298553.json,0.7071067811865475,
86299082,0,2,Majkel1337,54662660,majkel_full,zip,C:\Users\shiba\ptcc_pokemon_ai_buttle\data\runs\leaderboard_top50\alakazam\20260717_kaggle_top20\rank02_Majkel1337_sub54662660_full.zip,rank02_Majkel1337_sub54662660/episodes/86299082/replay/episode_86299082.json,0.7071067811865475,
86299601,0,2,Majkel1337,54662660,majkel_full,zip,C:\Users\shiba\ptcc_pokemon_ai_buttle\data\runs\leaderboard_top50\alakazam\20260717_kaggle_top20\rank02_Majkel1337_sub54662660_full.zip,rank02_Majkel1337_sub54662660/episodes/86299601/replay/episode_86299601.json,0.7071067811865475,
86300119,0,2,Majkel1337,54662660,majkel_full,zip,C:\Users\shiba\ptcc_pokemon_ai_buttle\data\runs\leaderboard_top50\alakazam\20260717_kaggle_top20\rank02_Majkel1337_sub54662660_full.zip,rank02_Majkel1337_sub54662660/episodes/86300119/replay/episode_86300119.json,0.7071067811865475,
86300606,1,2,Majkel1337,54662660,majkel_full,zip,C:\Users\shiba\ptcc_pokemon_ai_buttle\data\runs\leaderboard_top50\alakazam\20260717_kaggle_top20\rank02_Majkel1337_sub54662660_full.zip,rank02_Majkel1337_sub54662660/episodes/86300606/replay/episode_86300606.json,0.7071067811865475,
86301148,0,2,Majkel1337,54662660,majkel_full,zip,C:\Users\shiba\ptcc_pokemon_ai_buttle\data\runs\leaderboard_top50\alakazam\20260717_kaggle_top20\rank02_Majkel1337_sub54662660_full.zip,rank02_Majkel1337_sub54662660/episodes/86301148/replay/episode_86301148.json,0.7071067811865475,
86301672,0,2,Majkel1337,54662660,majkel_full,zip,C:\Users\shiba\ptcc_pokemon_ai_buttle\data\runs\leaderboard_top50\alakazam\20260717_kaggle_top20\rank02_Majkel1337_sub54662660_full.zip,rank02_Majkel1337_sub54662660/episodes/86301672/replay/episode_86301672.json,0.7071067811865475,
86302192,1,2,Majkel1337,54662660,majkel_full,zip,C:\Users\shiba\ptcc_pokemon_ai_buttle\data\runs\leaderboard_top50\alakazam\20260717_kaggle_top20\rank02_Majkel1337_sub54662660_full.zip,rank02_Majkel1337_sub54662660/episodes/86302192/replay/episode_86302192.json,0.7071067811865475,
86302713,1,2,Majkel1337,54662660,majkel_full,zip,C:\Users\shiba\ptcc_pokemon_ai_buttle\data\runs\leaderboard_top50\alakazam\20260717_kaggle_top20\rank02_Majkel1337_sub54662660_full.zip,rank02_Majkel1337_sub54662660/episodes/86302713/replay/episode_86302713.json,0.7071067811865475,
86303236,0,2,Majkel1337,54662660,majkel_full,zip,C:\Users\shiba\ptcc_pokemon_ai_buttle\data\runs\leaderboard_top50\alakazam\20260717_kaggle_top20\rank02_Majkel1337_sub54662660_full.zip,rank02_Majkel1337_sub54662660/episodes/86303236/replay/episode_86303236.json,0.7071067811865475,
86303752,0,2,Majkel1337,54662660,majkel_full,zip,C:\Users\shiba\ptcc_pokemon_ai_buttle\data\runs\leaderboard_top50\alakazam\20260717_kaggle_top20\rank02_Majkel1337_sub54662660_full.zip,rank02_Majkel1337_sub54662660/episodes/86303752/replay/episode_86303752.json,0.7071067811865475,
86304270,1,2,Majkel1337,54662660,majkel_full,zip,C:\Users\shiba\ptcc_pokemon_ai_buttle\data\runs\leaderboard_top50\alakazam\20260717_kaggle_top20\rank02_Majkel1337_sub54662660_full.zip,rank02_Majkel1337_sub54662660/episodes/86304270/replay/episode_86304270.json,0.7071067811865475,
86304779,1,2,Majkel1337,54662660,majkel_full,zip,C:\Users\shiba\ptcc_pokemon_ai_buttle\data\runs\leaderboard_top50\alakazam\20260717_kaggle_top20\rank02_Majkel1337_sub54662660_full.zip,rank02_Majkel1337_sub54662660/episodes/86304779/replay/episode_86304779.json,0.7071067811865475,
86305307,0,2,Majkel1337,54662660,majkel_full,zip,C:\Users\shiba\ptcc_pokemon_ai_buttle\data\runs\leaderboard_top50\alakazam\20260717_kaggle_top20\rank02_Majkel1337_sub54662660_full.zip,rank02_Majkel1337_sub54662660/episodes/86305307/replay/episode_86305307.json,0.7071067811865475,
86305911,0,2,Majkel1337,54662660,majkel_full,zip,C:\Users\shiba\ptcc_pokemon_ai_buttle\data\runs\leaderboard_top50\alakazam\20260717_kaggle_top20\rank02_Majkel1337_sub54662660_full.zip,rank02_Majkel1337_sub54662660/episodes/86305911/replay/episode_86305911.json,0.7071067811865475,
86306349,1,2,Majkel1337,54662660,majkel_full,zip,C:\Users\shiba\ptcc_pokemon_ai_buttle\data\runs\leaderboard_top50\alakazam\20260717_kaggle_top20\rank02_Majkel1337_sub54662660_full.zip,rank02_Majkel1337_sub54662660/episodes/86306349/replay/episode_86306349.json,0.7071067811865475,
86306864,0,2,Majkel1337,54662660,majkel_full,zip,C:\Users\shiba\ptcc_pokemon_ai_buttle\data\runs\leaderboard_top50\alakazam\20260717_kaggle_top20\rank02_Majkel1337_sub54662660_full.zip,rank02_Majkel1337_sub54662660/episodes/86306864/replay/episode_86306864.json,0.7071067811865475,
86307388,0,2,Majkel1337,54662660,majkel_full,zip,C:\Users\shiba\ptcc_pokemon_ai_buttle\data\runs\leaderboard_top50\alakazam\20260717_kaggle_top20\rank02_Majkel1337_sub54662660_full.zip,rank02_Majkel1337_sub54662660/episodes/86307388/replay/episode_86307388.json,0.7071067811865475,
86307416,1,2,Majkel1337,54662660,majkel_full,zip,C:\Users\shiba\ptcc_pokemon_ai_buttle\data\runs\leaderboard_top50\alakazam\20260717_kaggle_top20\rank02_Majkel1337_sub54662660_full.zip,rank02_Majkel1337_sub54662660/episodes/86307416/replay/episode_86307416.json,0.7071067811865475,
86307913,0,2,Majkel1337,54662660,majkel_full,zip,C:\Users\shiba\ptcc_pokemon_ai_buttle\data\runs\leaderboard_top50\alakazam\20260717_kaggle_top20\rank02_Majkel1337_sub54662660_full.zip,rank02_Majkel1337_sub54662660/episodes/86307913/replay/episode_86307913.json,0.7071067811865475,
86308431,0,2,Majkel1337,54662660,majkel_full,zip,C:\Users\shiba\ptcc_pokemon_ai_buttle\data\runs\leaderboard_top50\alakazam\20260717_kaggle_top20\rank02_Majkel1337_sub54662660_full.zip,rank02_Majkel1337_sub54662660/episodes/86308431/replay/episode_86308431.json,0.7071067811865475,
86308938,0,2,Majkel1337,54662660,majkel_full,zip,C:\Users\shiba\ptcc_pokemon_ai_buttle\data\runs\leaderboard_top50\alakazam\20260717_kaggle_top20\rank02_Majkel1337_sub54662660_full.zip,rank02_Majkel1337_sub54662660/episodes/86308938/replay/episode_86308938.json,0.7071067811865475,
86309474,1,2,Majkel1337,54662660,majkel_full,zip,C:\Users\shiba\ptcc_pokemon_ai_buttle\data\runs\leaderboard_top50\alakazam\20260717_kaggle_top20\rank02_Majkel1337_sub54662660_full.zip,rank02_Majkel1337_sub54662660/episodes/86309474/replay/episode_86309474.json,0.7071067811865475,
86309990,0,2,Majkel1337,54662660,majkel_full,zip,C:\Users\shiba\ptcc_pokemon_ai_buttle\data\runs\leaderboard_top50\alakazam\20260717_kaggle_top20\rank02_Majkel1337_sub54662660_full.zip,rank02_Majkel1337_sub54662660/episodes/86309990/replay/episode_86309990.json,0.7071067811865475,
86310525,0,2,Majkel1337,54662660,majkel_full,zip,C:\Users\shiba\ptcc_pokemon_ai_buttle\data\runs\leaderboard_top50\alakazam\20260717_kaggle_top20\rank02_Majkel1337_sub54662660_full.zip,rank02_Majkel1337_sub54662660/episodes/86310525/replay/episode_86310525.json,0.7071067811865475,
86311050,1,2,Majkel1337,54662660,majkel_full,zip,C:\Users\shiba\ptcc_pokemon_ai_buttle\data\runs\leaderboard_top50\alakazam\20260717_kaggle_top20\rank02_Majkel1337_sub54662660_full.zip,rank02_Majkel1337_sub54662660/episodes/86311050/replay/episode_86311050.json,0.7071067811865475,
86311573,1,2,Majkel1337,54662660,majkel_full,zip,C:\Users\shiba\ptcc_pokemon_ai_buttle\data\runs\leaderboard_top50\alakazam\20260717_kaggle_top20\rank02_Majkel1337_sub54662660_full.zip,rank02_Majkel1337_sub54662660/episodes/86311573/replay/episode_86311573.json,0.7071067811865475,
86312087,1,2,Majkel1337,54662660,majkel_full,zip,C:\Users\shiba\ptcc_pokemon_ai_buttle\data\runs\leaderboard_top50\alakazam\20260717_kaggle_top20\rank02_Majkel1337_sub54662660_full.zip,rank02_Majkel1337_sub54662660/episodes/86312087/replay/episode_86312087.json,0.7071067811865475,
86312609,0,2,Majkel1337,54662660,majkel_full,zip,C:\Users\shiba\ptcc_pokemon_ai_buttle\data\runs\leaderboard_top50\alakazam\20260717_kaggle_top20\rank02_Majkel1337_sub54662660_full.zip,rank02_Majkel1337_sub54662660/episodes/86312609/replay/episode_86312609.json,0.7071067811865475,
86313122,0,2,Majkel1337,54662660,majkel_full,zip,C:\Users\shiba\ptcc_pokemon_ai_buttle\data\runs\leaderboard_top50\alakazam\20260717_kaggle_top20\rank02_Majkel1337_sub54662660_full.zip,rank02_Majkel1337_sub54662660/episodes/86313122/replay/episode_86313122.json,0.7071067811865475,
86313643,0,2,Majkel1337,54662660,majkel_full,zip,C:\Users\shiba\ptcc_pokemon_ai_buttle\data\runs\leaderboard_top50\alakazam\20260717_kaggle_top20\rank02_Majkel1337_sub54662660_full.zip,rank02_Majkel1337_sub54662660/episodes/86313643/replay/episode_86313643.json,0.7071067811865475,
86314155,0,2,Majkel1337,54662660,majkel_full,zip,C:\Users\shiba\ptcc_pokemon_ai_buttle\data\runs\leaderboard_top50\alakazam\20260717_kaggle_top20\rank02_Majkel1337_sub54662660_full.zip,rank02_Majkel1337_sub54662660/episodes/86314155/replay/episode_86314155.json,0.7071067811865475,
86314670,0,2,Majkel1337,54662660,majkel_full,zip,C:\Users\shiba\ptcc_pokemon_ai_buttle\data\runs\leaderboard_top50\alakazam\20260717_kaggle_top20\rank02_Majkel1337_sub54662660_full.zip,rank02_Majkel1337_sub54662660/episodes/86314670/replay/episode_86314670.json,0.7071067811865475,
86314682,0,2,Majkel1337,54662660,majkel_full,zip,C:\Users\shiba\ptcc_pokemon_ai_buttle\data\runs\leaderboard_top50\alakazam\20260717_kaggle_top20\rank02_Majkel1337_sub54662660_full.zip,rank02_Majkel1337_sub54662660/episodes/86314682/replay/episode_86314682.json,0.7071067811865475,
86315250,0,2,Majkel1337,54662660,majkel_full,zip,C:\Users\shiba\ptcc_pokemon_ai_buttle\data\runs\leaderboard_top50\alakazam\20260717_kaggle_top20\rank02_Majkel1337_sub54662660_full.zip,rank02_Majkel1337_sub54662660/episodes/86315250/replay/episode_86315250.json,0.7071067811865475,
86315696,0,2,Majkel1337,54662660,majkel_full,zip,C:\Users\shiba\ptcc_pokemon_ai_buttle\data\runs\leaderboard_top50\alakazam\20260717_kaggle_top20\rank02_Majkel1337_sub54662660_full.zip,rank02_Majkel1337_sub54662660/episodes/86315696/replay/episode_86315696.json,0.7071067811865475,
86316219,0,2,Majkel1337,54662660,majkel_full,zip,C:\Users\shiba\ptcc_pokemon_ai_buttle\data\runs\leaderboard_top50\alakazam\20260717_kaggle_top20\rank02_Majkel1337_sub54662660_full.zip,rank02_Majkel1337_sub54662660/episodes/86316219/replay/episode_86316219.json,0.7071067811865475,
86316738,1,2,Majkel1337,54662660,majkel_full,zip,C:\Users\shiba\ptcc_pokemon_ai_buttle\data\runs\leaderboard_top50\alakazam\20260717_kaggle_top20\rank02_Majkel1337_sub54662660_full.zip,rank02_Majkel1337_sub54662660/episodes/86316738/replay/episode_86316738.json,0.7071067811865475,
86317255,1,2,Majkel1337,54662660,majkel_full,zip,C:\Users\shiba\ptcc_pokemon_ai_buttle\data\runs\leaderboard_top50\alakazam\20260717_kaggle_top20\rank02_Majkel1337_sub54662660_full.zip,rank02_Majkel1337_sub54662660/episodes/86317255/replay/episode_86317255.json,0.7071067811865475,
86317780,0,2,Majkel1337,54662660,majkel_full,zip,C:\Users\shiba\ptcc_pokemon_ai_buttle\data\runs\leaderboard_top50\alakazam\20260717_kaggle_top20\rank02_Majkel1337_sub54662660_full.zip,rank02_Majkel1337_sub54662660/episodes/86317780/replay/episode_86317780.json,0.7071067811865475,
86318299,1,2,Majkel1337,54662660,majkel_full,zip,C:\Users\shiba\ptcc_pokemon_ai_buttle\data\runs\leaderboard_top50\alakazam\20260717_kaggle_top20\rank02_Majkel1337_sub54662660_full.zip,rank02_Majkel1337_sub54662660/episodes/86318299/replay/episode_86318299.json,0.7071067811865475,
86318830,1,2,Majkel1337,54662660,majkel_full,zip,C:\Users\shiba\ptcc_pokemon_ai_buttle\data\runs\leaderboard_top50\alakazam\20260717_kaggle_top20\rank02_Majkel1337_sub54662660_full.zip,rank02_Majkel1337_sub54662660/episodes/86318830/replay/episode_86318830.json,0.7071067811865475,
86319344,1,2,Majkel1337,54662660,majkel_full,zip,C:\Users\shiba\ptcc_pokemon_ai_buttle\data\runs\leaderboard_top50\alakazam\20260717_kaggle_top20\rank02_Majkel1337_sub54662660_full.zip,rank02_Majkel1337_sub54662660/episodes/86319344/replay/episode_86319344.json,0.7071067811865475,
86319394,0,2,Majkel1337,54662660,majkel_full,zip,C:\Users\shiba\ptcc_pokemon_ai_buttle\data\runs\leaderboard_top50\alakazam\20260717_kaggle_top20\rank02_Majkel1337_sub54662660_full.zip,rank02_Majkel1337_sub54662660/episodes/86319394/replay/episode_86319394.json,0.7071067811865475,
86319870,0,2,Majkel1337,54662660,majkel_full,zip,C:\Users\shiba\ptcc_pokemon_ai_buttle\data\runs\leaderboard_top50\alakazam\20260717_kaggle_top20\rank02_Majkel1337_sub54662660_full.zip,rank02_Majkel1337_sub54662660/episodes/86319870/replay/episode_86319870.json,0.7071067811865475,
86320392,0,2,Majkel1337,54662660,majkel_full,zip,C:\Users\shiba\ptcc_pokemon_ai_buttle\data\runs\leaderboard_top50\alakazam\20260717_kaggle_top20\rank02_Majkel1337_sub54662660_full.zip,rank02_Majkel1337_sub54662660/episodes/86320392/replay/episode_86320392.json,0.7071067811865475,
86321006,1,2,Majkel1337,54662660,majkel_full,zip,C:\Users\shiba\ptcc_pokemon_ai_buttle\data\runs\leaderboard_top50\alakazam\20260717_kaggle_top20\rank02_Majkel1337_sub54662660_full.zip,rank02_Majkel1337_sub54662660/episodes/86321006/replay/episode_86321006.json,0.7071067811865475,
86321628,0,2,Majkel1337,54662660,majkel_full,zip,C:\Users\shiba\ptcc_pokemon_ai_buttle\data\runs\leaderboard_top50\alakazam\20260717_kaggle_top20\rank02_Majkel1337_sub54662660_full.zip,rank02_Majkel1337_sub54662660/episodes/86321628/replay/episode_86321628.json,0.7071067811865475,
86322205,1,2,Majkel1337,54662660,majkel_full,zip,C:\Users\shiba\ptcc_pokemon_ai_buttle\data\runs\leaderboard_top50\alakazam\20260717_kaggle_top20\rank02_Majkel1337_sub54662660_full.zip,rank02_Majkel1337_sub54662660/episodes/86322205/replay/episode_86322205.json,0.7071067811865475,
86322733,0,2,Majkel1337,54662660,majkel_full,zip,C:\Users\shiba\ptcc_pokemon_ai_buttle\data\runs\leaderboard_top50\alakazam\20260717_kaggle_top20\rank02_Majkel1337_sub54662660_full.zip,rank02_Majkel1337_sub54662660/episodes/86322733/replay/episode_86322733.json,0.7071067811865475,
86323261,1,2,Majkel1337,54662660,majkel_full,zip,C:\Users\shiba\ptcc_pokemon_ai_buttle\data\runs\leaderboard_top50\alakazam\20260717_kaggle_top20\rank02_Majkel1337_sub54662660_full.zip,rank02_Majkel1337_sub54662660/episodes/86323261/replay/episode_86323261.json,0.7071067811865475,
86323780,1,2,Majkel1337,54662660,majkel_full,zip,C:\Users\shiba\ptcc_pokemon_ai_buttle\data\runs\leaderboard_top50\alakazam\20260717_kaggle_top20\rank02_Majkel1337_sub54662660_full.zip,rank02_Majkel1337_sub54662660/episodes/86323780/replay/episode_86323780.json,0.7071067811865475,
86324309,0,2,Majkel1337,54662660,majkel_full,zip,C:\Users\shiba\ptcc_pokemon_ai_buttle\data\runs\leaderboard_top50\alakazam\20260717_kaggle_top20\rank02_Majkel1337_sub54662660_full.zip,rank02_Majkel1337_sub54662660/episodes/86324309/replay/episode_86324309.json,0.7071067811865475,
86324837,0,2,Majkel1337,54662660,majkel_full,zip,C:\Users\shiba\ptcc_pokemon_ai_buttle\data\runs\leaderboard_top50\alakazam\20260717_kaggle_top20\rank02_Majkel1337_sub54662660_full.zip,rank02_Majkel1337_sub54662660/episodes/86324837/replay/episode_86324837.json,0.7071067811865475,
86325411,1,2,Majkel1337,54662660,majkel_full,zip,C:\Users\shiba\ptcc_pokemon_ai_buttle\data\runs\leaderboard_top50\alakazam\20260717_kaggle_top20\rank02_Majkel1337_sub54662660_full.zip,rank02_Majkel1337_sub54662660/episodes/86325411/replay/episode_86325411.json,0.7071067811865475,
86325995,0,2,Majkel1337,54662660,majkel_full,zip,C:\Users\shiba\ptcc_pokemon_ai_buttle\data\runs\leaderboard_top50\alakazam\20260717_kaggle_top20\rank02_Majkel1337_sub54662660_full.zip,rank02_Majkel1337_sub54662660/episodes/86325995/replay/episode_86325995.json,0.7071067811865475,
86326063,0,2,Majkel1337,54662660,majkel_full,zip,C:\Users\shiba\ptcc_pokemon_ai_buttle\data\runs\leaderboard_top50\alakazam\20260717_kaggle_top20\rank02_Majkel1337_sub54662660_full.zip,rank02_Majkel1337_sub54662660/episodes/86326063/replay/episode_86326063.json,0.7071067811865475,
86326578,0,2,Majkel1337,54662660,majkel_full,zip,C:\Users\shiba\ptcc_pokemon_ai_buttle\data\runs\leaderboard_top50\alakazam\20260717_kaggle_top20\rank02_Majkel1337_sub54662660_full.zip,rank02_Majkel1337_sub54662660/episodes/86326578/replay/episode_86326578.json,0.7071067811865475,
86327158,1,2,Majkel1337,54662660,majkel_full,zip,C:\Users\shiba\ptcc_pokemon_ai_buttle\data\runs\leaderboard_top50\alakazam\20260717_kaggle_top20\rank02_Majkel1337_sub54662660_full.zip,rank02_Majkel1337_sub54662660/episodes/86327158/replay/episode_86327158.json,0.7071067811865475,
86327750,0,2,Majkel1337,54662660,majkel_full,zip,C:\Users\shiba\ptcc_pokemon_ai_buttle\data\runs\leaderboard_top50\alakazam\20260717_kaggle_top20\rank02_Majkel1337_sub54662660_full.zip,rank02_Majkel1337_sub54662660/episodes/86327750/replay/episode_86327750.json,0.7071067811865475,
86328327,0,2,Majkel1337,54662660,majkel_full,zip,C:\Users\shiba\ptcc_pokemon_ai_buttle\data\runs\leaderboard_top50\alakazam\20260717_kaggle_top20\rank02_Majkel1337_sub54662660_full.zip,rank02_Majkel1337_sub54662660/episodes/86328327/replay/episode_86328327.json,0.7071067811865475,
86328912,0,2,Majkel1337,54662660,majkel_full,zip,C:\Users\shiba\ptcc_pokemon_ai_buttle\data\runs\leaderboard_top50\alakazam\20260717_kaggle_top20\rank02_Majkel1337_sub54662660_full.zip,rank02_Majkel1337_sub54662660/episodes/86328912/replay/episode_86328912.json,0.7071067811865475,
86329493,0,2,Majkel1337,54662660,majkel_full,zip,C:\Users\shiba\ptcc_pokemon_ai_buttle\data\runs\leaderboard_top50\alakazam\20260717_kaggle_top20\rank02_Majkel1337_sub54662660_full.zip,rank02_Majkel1337_sub54662660/episodes/86329493/replay/episode_86329493.json,0.7071067811865475,
86330086,0,2,Majkel1337,54662660,majkel_full,zip,C:\Users\shiba\ptcc_pokemon_ai_buttle\data\runs\leaderboard_top50\alakazam\20260717_kaggle_top20\rank02_Majkel1337_sub54662660_full.zip,rank02_Majkel1337_sub54662660/episodes/86330086/replay/episode_86330086.json,0.7071067811865475,
86330662,1,2,Majkel1337,54662660,majkel_full,zip,C:\Users\shiba\ptcc_pokemon_ai_buttle\data\runs\leaderboard_top50\alakazam\20260717_kaggle_top20\rank02_Majkel1337_sub54662660_full.zip,rank02_Majkel1337_sub54662660/episodes/86330662/replay/episode_86330662.json,0.7071067811865475,
86331239,1,2,Majkel1337,54662660,majkel_full,zip,C:\Users\shiba\ptcc_pokemon_ai_buttle\data\runs\leaderboard_top50\alakazam\20260717_kaggle_top20\rank02_Majkel1337_sub54662660_full.zip,rank02_Majkel1337_sub54662660/episodes/86331239/replay/episode_86331239.json,0.7071067811865475,
86331821,0,2,Majkel1337,54662660,majkel_full,zip,C:\Users\shiba\ptcc_pokemon_ai_buttle\data\runs\leaderboard_top50\alakazam\20260717_kaggle_top20\rank02_Majkel1337_sub54662660_full.zip,rank02_Majkel1337_sub54662660/episodes/86331821/replay/episode_86331821.json,0.7071067811865475,
86332394,0,2,Majkel1337,54662660,majkel_full,zip,C:\Users\shiba\ptcc_pokemon_ai_buttle\data\runs\leaderboard_top50\alakazam\20260717_kaggle_top20\rank02_Majkel1337_sub54662660_full.zip,rank02_Majkel1337_sub54662660/episodes/86332394/replay/episode_86332394.json,0.7071067811865475,
86332981,1,2,Majkel1337,54662660,majkel_full,zip,C:\Users\shiba\ptcc_pokemon_ai_buttle\data\runs\leaderboard_top50\alakazam\20260717_kaggle_top20\rank02_Majkel1337_sub54662660_full.zip,rank02_Majkel1337_sub54662660/episodes/86332981/replay/episode_86332981.json,0.7071067811865475,
86333567,1,2,Majkel1337,54662660,majkel_full,zip,C:\Users\shiba\ptcc_pokemon_ai_buttle\data\runs\leaderboard_top50\alakazam\20260717_kaggle_top20\rank02_Majkel1337_sub54662660_full.zip,rank02_Majkel1337_sub54662660/episodes/86333567/replay/episode_86333567.json,0.7071067811865475,
86334140,0,2,Majkel1337,54662660,majkel_full,zip,C:\Users\shiba\ptcc_pokemon_ai_buttle\data\runs\leaderboard_top50\alakazam\20260717_kaggle_top20\rank02_Majkel1337_sub54662660_full.zip,rank02_Majkel1337_sub54662660/episodes/86334140/replay/episode_86334140.json,0.7071067811865475,
86334726,1,2,Majkel1337,54662660,majkel_full,zip,C:\Users\shiba\ptcc_pokemon_ai_buttle\data\runs\leaderboard_top50\alakazam\20260717_kaggle_top20\rank02_Majkel1337_sub54662660_full.zip,rank02_Majkel1337_sub54662660/episodes/86334726/replay/episode_86334726.json,0.7071067811865475,
86335283,0,2,Majkel1337,54662660,majkel_full,zip,C:\Users\shiba\ptcc_pokemon_ai_buttle\data\runs\leaderboard_top50\alakazam\20260717_kaggle_top20\rank02_Majkel1337_sub54662660_full.zip,rank02_Majkel1337_sub54662660/episodes/86335283/replay/episode_86335283.json,0.7071067811865475,
86335861,1,2,Majkel1337,54662660,majkel_full,zip,C:\Users\shiba\ptcc_pokemon_ai_buttle\data\runs\leaderboard_top50\alakazam\20260717_kaggle_top20\rank02_Majkel1337_sub54662660_full.zip,rank02_Majkel1337_sub54662660/episodes/86335861/replay/episode_86335861.json,0.7071067811865475,
86336439,0,2,Majkel1337,54662660,majkel_full,zip,C:\Users\shiba\ptcc_pokemon_ai_buttle\data\runs\leaderboard_top50\alakazam\20260717_kaggle_top20\rank02_Majkel1337_sub54662660_full.zip,rank02_Majkel1337_sub54662660/episodes/86336439/replay/episode_86336439.json,0.7071067811865475,
86337011,1,2,Majkel1337,54662660,majkel_full,zip,C:\Users\shiba\ptcc_pokemon_ai_buttle\data\runs\leaderboard_top50\alakazam\20260717_kaggle_top20\rank02_Majkel1337_sub54662660_full.zip,rank02_Majkel1337_sub54662660/episodes/86337011/replay/episode_86337011.json,0.7071067811865475,
86337616,0,2,Majkel1337,54662660,majkel_full,zip,C:\Users\shiba\ptcc_pokemon_ai_buttle\data\runs\leaderboard_top50\alakazam\20260717_kaggle_top20\rank02_Majkel1337_sub54662660_full.zip,rank02_Majkel1337_sub54662660/episodes/86337616/replay/episode_86337616.json,0.7071067811865475,
86338191,0,2,Majkel1337,54662660,majkel_full,zip,C:\Users\shiba\ptcc_pokemon_ai_buttle\data\runs\leaderboard_top50\alakazam\20260717_kaggle_top20\rank02_Majkel1337_sub54662660_full.zip,rank02_Majkel1337_sub54662660/episodes/86338191/replay/episode_86338191.json,0.7071067811865475,
86338799,0,2,Majkel1337,54662660,majkel_full,zip,C:\Users\shiba\ptcc_pokemon_ai_buttle\data\runs\leaderboard_top50\alakazam\20260717_kaggle_top20\rank02_Majkel1337_sub54662660_full.zip,rank02_Majkel1337_sub54662660/episodes/86338799/replay/episode_86338799.json,0.7071067811865475,
86339395,1,2,Majkel1337,54662660,majkel_full,zip,C:\Users\shiba\ptcc_pokemon_ai_buttle\data\runs\leaderboard_top50\alakazam\20260717_kaggle_top20\rank02_Majkel1337_sub54662660_full.zip,rank02_Majkel1337_sub54662660/episodes/86339395/replay/episode_86339395.json,0.7071067811865475,
86339974,1,2,Majkel1337,54662660,majkel_full,zip,C:\Users\shiba\ptcc_pokemon_ai_buttle\data\runs\leaderboard_top50\alakazam\20260717_kaggle_top20\rank02_Majkel1337_sub54662660_full.zip,rank02_Majkel1337_sub54662660/episodes/86339974/replay/episode_86339974.json,0.7071067811865475,
86340551,0,2,Majkel1337,54662660,majkel_full,zip,C:\Users\shiba\ptcc_pokemon_ai_buttle\data\runs\leaderboard_top50\alakazam\20260717_kaggle_top20\rank02_Majkel1337_sub54662660_full.zip,rank02_Majkel1337_sub54662660/episodes/86340551/replay/episode_86340551.json,0.7071067811865475,
86341119,0,2,Majkel1337,54662660,majkel_full,zip,C:\Users\shiba\ptcc_pokemon_ai_buttle\data\runs\leaderboard_top50\alakazam\20260717_kaggle_top20\rank02_Majkel1337_sub54662660_full.zip,rank02_Majkel1337_sub54662660/episodes/86341119/replay/episode_86341119.json,0.7071067811865475,
86341690,0,2,Majkel1337,54662660,majkel_full,zip,C:\Users\shiba\ptcc_pokemon_ai_buttle\data\runs\leaderboard_top50\alakazam\20260717_kaggle_top20\rank02_Majkel1337_sub54662660_full.zip,rank02_Majkel1337_sub54662660/episodes/86341690/replay/episode_86341690.json,0.7071067811865475,
86342264,1,2,Majkel1337,54662660,majkel_full,zip,C:\Users\shiba\ptcc_pokemon_ai_buttle\data\runs\leaderboard_top50\alakazam\20260717_kaggle_top20\rank02_Majkel1337_sub54662660_full.zip,rank02_Majkel1337_sub54662660/episodes/86342264/replay/episode_86342264.json,0.7071067811865475,
86342833,1,2,Majkel1337,54662660,majkel_full,zip,C:\Users\shiba\ptcc_pokemon_ai_buttle\data\runs\leaderboard_top50\alakazam\20260717_kaggle_top20\rank02_Majkel1337_sub54662660_full.zip,rank02_Majkel1337_sub54662660/episodes/86342833/replay/episode_86342833.json,0.7071067811865475,
86343424,0,2,Majkel1337,54662660,majkel_full,zip,C:\Users\shiba\ptcc_pokemon_ai_buttle\data\runs\leaderboard_top50\alakazam\20260717_kaggle_top20\rank02_Majkel1337_sub54662660_full.zip,rank02_Majkel1337_sub54662660/episodes/86343424/replay/episode_86343424.json,0.7071067811865475,
86344007,1,2,Majkel1337,54662660,majkel_full,zip,C:\Users\shiba\ptcc_pokemon_ai_buttle\data\runs\leaderboard_top50\alakazam\20260717_kaggle_top20\rank02_Majkel1337_sub54662660_full.zip,rank02_Majkel1337_sub54662660/episodes/86344007/replay/episode_86344007.json,0.7071067811865475,
86344578,1,2,Majkel1337,54662660,majkel_full,zip,C:\Users\shiba\ptcc_pokemon_ai_buttle\data\runs\leaderboard_top50\alakazam\20260717_kaggle_top20\rank02_Majkel1337_sub54662660_full.zip,rank02_Majkel1337_sub54662660/episodes/86344578/replay/episode_86344578.json,0.7071067811865475,
86345166,0,2,Majkel1337,54662660,majkel_full,zip,C:\Users\shiba\ptcc_pokemon_ai_buttle\data\runs\leaderboard_top50\alakazam\20260717_kaggle_top20\rank02_Majkel1337_sub54662660_full.zip,rank02_Majkel1337_sub54662660/episodes/86345166/replay/episode_86345166.json,0.7071067811865475,
86345744,1,2,Majkel1337,54662660,majkel_full,zip,C:\Users\shiba\ptcc_pokemon_ai_buttle\data\runs\leaderboard_top50\alakazam\20260717_kaggle_top20\rank02_Majkel1337_sub54662660_full.zip,rank02_Majkel1337_sub54662660/episodes/86345744/replay/episode_86345744.json,0.7071067811865475,
86346334,1,2,Majkel1337,54662660,majkel_full,zip,C:\Users\shiba\ptcc_pokemon_ai_buttle\data\runs\leaderboard_top50\alakazam\20260717_kaggle_top20\rank02_Majkel1337_sub54662660_full.zip,rank02_Majkel1337_sub54662660/episodes/86346334/replay/episode_86346334.json,0.7071067811865475,
86346908,1,2,Majkel1337,54662660,majkel_full,zip,C:\Users\shiba\ptcc_pokemon_ai_buttle\data\runs\leaderboard_top50\alakazam\20260717_kaggle_top20\rank02_Majkel1337_sub54662660_full.zip,rank02_Majkel1337_sub54662660/episodes/86346908/replay/episode_86346908.json,0.7071067811865475,
86347491,0,2,Majkel1337,54662660,majkel_full,zip,C:\Users\shiba\ptcc_pokemon_ai_buttle\data\runs\leaderboard_top50\alakazam\20260717_kaggle_top20\rank02_Majkel1337_sub54662660_full.zip,rank02_Majkel1337_sub54662660/episodes/86347491/replay/episode_86347491.json,0.7071067811865475,
86348076,0,2,Majkel1337,54662660,majkel_full,zip,C:\Users\shiba\ptcc_pokemon_ai_buttle\data\runs\leaderboard_top50\alakazam\20260717_kaggle_top20\rank02_Majkel1337_sub54662660_full.zip,rank02_Majkel1337_sub54662660/episodes/86348076/replay/episode_86348076.json,0.7071067811865475,
86348663,0,2,Majkel1337,54662660,majkel_full,zip,C:\Users\shiba\ptcc_pokemon_ai_buttle\data\runs\leaderboard_top50\alakazam\20260717_kaggle_top20\rank02_Majkel1337_sub54662660_full.zip,rank02_Majkel1337_sub54662660/episodes/86348663/replay/episode_86348663.json,0.7071067811865475,
86349253,0,2,Majkel1337,54662660,majkel_full,zip,C:\Users\shiba\ptcc_pokemon_ai_buttle\data\runs\leaderboard_top50\alakazam\20260717_kaggle_top20\rank02_Majkel1337_sub54662660_full.zip,rank02_Majkel1337_sub54662660/episodes/86349253/replay/episode_86349253.json,0.7071067811865475,
86349265,1,2,Majkel1337,54662660,majkel_full,zip,C:\Users\shiba\ptcc_pokemon_ai_buttle\data\runs\leaderboard_top50\alakazam\20260717_kaggle_top20\rank02_Majkel1337_sub54662660_full.zip,rank02_Majkel1337_sub54662660/episodes/86349265/replay/episode_86349265.json,0.7071067811865475,
86349845,0,2,Majkel1337,54662660,majkel_full,zip,C:\Users\shiba\ptcc_pokemon_ai_buttle\data\runs\leaderboard_top50\alakazam\20260717_kaggle_top20\rank02_Majkel1337_sub54662660_full.zip,rank02_Majkel1337_sub54662660/episodes/86349845/replay/episode_86349845.json,0.7071067811865475,
86350416,0,2,Majkel1337,54662660,majkel_full,zip,C:\Users\shiba\ptcc_pokemon_ai_buttle\data\runs\leaderboard_top50\alakazam\20260717_kaggle_top20\rank02_Majkel1337_sub54662660_full.zip,rank02_Majkel1337_sub54662660/episodes/86350416/replay/episode_86350416.json,0.7071067811865475,
86351005,0,2,Majkel1337,54662660,majkel_full,zip,C:\Users\shiba\ptcc_pokemon_ai_buttle\data\runs\leaderboard_top50\alakazam\20260717_kaggle_top20\rank02_Majkel1337_sub54662660_full.zip,rank02_Majkel1337_sub54662660/episodes/86351005/replay/episode_86351005.json,0.7071067811865475,
86351580,0,2,Majkel1337,54662660,majkel_full,zip,C:\Users\shiba\ptcc_pokemon_ai_buttle\data\runs\leaderboard_top50\alakazam\20260717_kaggle_top20\rank02_Majkel1337_sub54662660_full.zip,rank02_Majkel1337_sub54662660/episodes/86351580/replay/episode_86351580.json,0.7071067811865475,
86352166,0,2,Majkel1337,54662660,majkel_full,zip,C:\Users\shiba\ptcc_pokemon_ai_buttle\data\runs\leaderboard_top50\alakazam\20260717_kaggle_top20\rank02_Majkel1337_sub54662660_full.zip,rank02_Majkel1337_sub54662660/episodes/86352166/replay/episode_86352166.json,0.7071067811865475,
86352743,1,2,Majkel1337,54662660,majkel_full,zip,C:\Users\shiba\ptcc_pokemon_ai_buttle\data\runs\leaderboard_top50\alakazam\20260717_kaggle_top20\rank02_Majkel1337_sub54662660_full.zip,rank02_Majkel1337_sub54662660/episodes/86352743/replay/episode_86352743.json,0.7071067811865475,
86353331,0,2,Majkel1337,54662660,majkel_full,zip,C:\Users\shiba\ptcc_pokemon_ai_buttle\data\runs\leaderboard_top50\alakazam\20260717_kaggle_top20\rank02_Majkel1337_sub54662660_full.zip,rank02_Majkel1337_sub54662660/episodes/86353331/replay/episode_86353331.json,0.7071067811865475,
86353920,0,2,Majkel1337,54662660,majkel_full,zip,C:\Users\shiba\ptcc_pokemon_ai_buttle\data\runs\leaderboard_top50\alakazam\20260717_kaggle_top20\rank02_Majkel1337_sub54662660_full.zip,rank02_Majkel1337_sub54662660/episodes/86353920/replay/episode_86353920.json,0.7071067811865475,
86353925,0,2,Majkel1337,54662660,majkel_full,zip,C:\Users\shiba\ptcc_pokemon_ai_buttle\data\runs\leaderboard_top50\alakazam\20260717_kaggle_top20\rank02_Majkel1337_sub54662660_full.zip,rank02_Majkel1337_sub54662660/episodes/86353925/replay/episode_86353925.json,0.7071067811865475,
86353926,0,2,Majkel1337,54662660,majkel_full,zip,C:\Users\shiba\ptcc_pokemon_ai_buttle\data\runs\leaderboard_top50\alakazam\20260717_kaggle_top20\rank02_Majkel1337_sub54662660_full.zip,rank02_Majkel1337_sub54662660/episodes/86353926/replay/episode_86353926.json,0.7071067811865475,
86354498,1,2,Majkel1337,54662660,majkel_full,zip,C:\Users\shiba\ptcc_pokemon_ai_buttle\data\runs\leaderboard_top50\alakazam\20260717_kaggle_top20\rank02_Majkel1337_sub54662660_full.zip,rank02_Majkel1337_sub54662660/episodes/86354498/replay/episode_86354498.json,0.7071067811865475,
86355084,1,2,Majkel1337,54662660,majkel_full,zip,C:\Users\shiba\ptcc_pokemon_ai_buttle\data\runs\leaderboard_top50\alakazam\20260717_kaggle_top20\rank02_Majkel1337_sub54662660_full.zip,rank02_Majkel1337_sub54662660/episodes/86355084/replay/episode_86355084.json,0.7071067811865475,
86355668,0,2,Majkel1337,54662660,majkel_full,zip,C:\Users\shiba\ptcc_pokemon_ai_buttle\data\runs\leaderboard_top50\alakazam\20260717_kaggle_top20\rank02_Majkel1337_sub54662660_full.zip,rank02_Majkel1337_sub54662660/episodes/86355668/replay/episode_86355668.json,0.7071067811865475,
86356241,1,2,Majkel1337,54662660,majkel_full,zip,C:\Users\shiba\ptcc_pokemon_ai_buttle\data\runs\leaderboard_top50\alakazam\20260717_kaggle_top20\rank02_Majkel1337_sub54662660_full.zip,rank02_Majkel1337_sub54662660/episodes/86356241/replay/episode_86356241.json,0.7071067811865475,
86356785,0,2,Majkel1337,54662660,majkel_full,zip,C:\Users\shiba\ptcc_pokemon_ai_buttle\data\runs\leaderboard_top50\alakazam\20260717_kaggle_top20\rank02_Majkel1337_sub54662660_full.zip,rank02_Majkel1337_sub54662660/episodes/86356785/replay/episode_86356785.json,0.7071067811865475,
86357290,1,2,Majkel1337,54662660,majkel_full,zip,C:\Users\shiba\ptcc_pokemon_ai_buttle\data\runs\leaderboard_top50\alakazam\20260717_kaggle_top20\rank02_Majkel1337_sub54662660_full.zip,rank02_Majkel1337_sub54662660/episodes/86357290/replay/episode_86357290.json,0.7071067811865475,
86357802,1,2,Majkel1337,54662660,majkel_full,zip,C:\Users\shiba\ptcc_pokemon_ai_buttle\data\runs\leaderboard_top50\alakazam\20260717_kaggle_top20\rank02_Majkel1337_sub54662660_full.zip,rank02_Majkel1337_sub54662660/episodes/86357802/replay/episode_86357802.json,0.7071067811865475,
86358299,1,2,Majkel1337,54662660,majkel_full,zip,C:\Users\shiba\ptcc_pokemon_ai_buttle\data\runs\leaderboard_top50\alakazam\20260717_kaggle_top20\rank02_Majkel1337_sub54662660_full.zip,rank02_Majkel1337_sub54662660/episodes/86358299/replay/episode_86358299.json,0.7071067811865475,
86358803,0,2,Majkel1337,54662660,majkel_full,zip,C:\Users\shiba\ptcc_pokemon_ai_buttle\data\runs\leaderboard_top50\alakazam\20260717_kaggle_top20\rank02_Majkel1337_sub54662660_full.zip,rank02_Majkel1337_sub54662660/episodes/86358803/replay/episode_86358803.json,0.7071067811865475,
86359316,1,2,Majkel1337,54662660,majkel_full,zip,C:\Users\shiba\ptcc_pokemon_ai_buttle\data\runs\leaderboard_top50\alakazam\20260717_kaggle_top20\rank02_Majkel1337_sub54662660_full.zip,rank02_Majkel1337_sub54662660/episodes/86359316/replay/episode_86359316.json,0.7071067811865475,
86359824,1,2,Majkel1337,54662660,majkel_full,zip,C:\Users\shiba\ptcc_pokemon_ai_buttle\data\runs\leaderboard_top50\alakazam\20260717_kaggle_top20\rank02_Majkel1337_sub54662660_full.zip,rank02_Majkel1337_sub54662660/episodes/86359824/replay/episode_86359824.json,0.7071067811865475,
86360337,0,2,Majkel1337,54662660,majkel_full,zip,C:\Users\shiba\ptcc_pokemon_ai_buttle\data\runs\leaderboard_top50\alakazam\20260717_kaggle_top20\rank02_Majkel1337_sub54662660_full.zip,rank02_Majkel1337_sub54662660/episodes/86360337/replay/episode_86360337.json,0.7071067811865475,
86360849,1,2,Majkel1337,54662660,majkel_full,zip,C:\Users\shiba\ptcc_pokemon_ai_buttle\data\runs\leaderboard_top50\alakazam\20260717_kaggle_top20\rank02_Majkel1337_sub54662660_full.zip,rank02_Majkel1337_sub54662660/episodes/86360849/replay/episode_86360849.json,0.7071067811865475,
86361362,0,2,Majkel1337,54662660,majkel_full,zip,C:\Users\shiba\ptcc_pokemon_ai_buttle\data\runs\leaderboard_top50\alakazam\20260717_kaggle_top20\rank02_Majkel1337_sub54662660_full.zip,rank02_Majkel1337_sub54662660/episodes/86361362/replay/episode_86361362.json,0.7071067811865475,
86361871,0,2,Majkel1337,54662660,majkel_full,zip,C:\Users\shiba\ptcc_pokemon_ai_buttle\data\runs\leaderboard_top50\alakazam\20260717_kaggle_top20\rank02_Majkel1337_sub54662660_full.zip,rank02_Majkel1337_sub54662660/episodes/86361871/replay/episode_86361871.json,0.7071067811865475,
86361876,0,2,Majkel1337,54662660,majkel_full,zip,C:\Users\shiba\ptcc_pokemon_ai_buttle\data\runs\leaderboard_top50\alakazam\20260717_kaggle_top20\rank02_Majkel1337_sub54662660_full.zip,rank02_Majkel1337_sub54662660/episodes/86361876/replay/episode_86361876.json,0.7071067811865475,
86362385,0,2,Majkel1337,54662660,majkel_full,zip,C:\Users\shiba\ptcc_pokemon_ai_buttle\data\runs\leaderboard_top50\alakazam\20260717_kaggle_top20\rank02_Majkel1337_sub54662660_full.zip,rank02_Majkel1337_sub54662660/episodes/86362385/replay/episode_86362385.json,0.7071067811865475,
86362894,0,2,Majkel1337,54662660,majkel_full,zip,C:\Users\shiba\ptcc_pokemon_ai_buttle\data\runs\leaderboard_top50\alakazam\20260717_kaggle_top20\rank02_Majkel1337_sub54662660_full.zip,rank02_Majkel1337_sub54662660/episodes/86362894/replay/episode_86362894.json,0.7071067811865475,
86363387,1,2,Majkel1337,54662660,majkel_full,zip,C:\Users\shiba\ptcc_pokemon_ai_buttle\data\runs\leaderboard_top50\alakazam\20260717_kaggle_top20\rank02_Majkel1337_sub54662660_full.zip,rank02_Majkel1337_sub54662660/episodes/86363387/replay/episode_86363387.json,0.7071067811865475,
86363891,0,2,Majkel1337,54662660,majkel_full,zip,C:\Users\shiba\ptcc_pokemon_ai_buttle\data\runs\leaderboard_top50\alakazam\20260717_kaggle_top20\rank02_Majkel1337_sub54662660_full.zip,rank02_Majkel1337_sub54662660/episodes/86363891/replay/episode_86363891.json,0.7071067811865475,
86364398,1,2,Majkel1337,54662660,majkel_full,zip,C:\Users\shiba\ptcc_pokemon_ai_buttle\data\runs\leaderboard_top50\alakazam\20260717_kaggle_top20\rank02_Majkel1337_sub54662660_full.zip,rank02_Majkel1337_sub54662660/episodes/86364398/replay/episode_86364398.json,0.7071067811865475,
86364909,1,2,Majkel1337,54662660,majkel_full,zip,C:\Users\shiba\ptcc_pokemon_ai_buttle\data\runs\leaderboard_top50\alakazam\20260717_kaggle_top20\rank02_Majkel1337_sub54662660_full.zip,rank02_Majkel1337_sub54662660/episodes/86364909/replay/episode_86364909.json,0.7071067811865475,
86365420,0,2,Majkel1337,54662660,majkel_full,zip,C:\Users\shiba\ptcc_pokemon_ai_buttle\data\runs\leaderboard_top50\alakazam\20260717_kaggle_top20\rank02_Majkel1337_sub54662660_full.zip,rank02_Majkel1337_sub54662660/episodes/86365420/replay/episode_86365420.json,0.7071067811865475,
86365949,0,2,Majkel1337,54662660,majkel_full,zip,C:\Users\shiba\ptcc_pokemon_ai_buttle\data\runs\leaderboard_top50\alakazam\20260717_kaggle_top20\rank02_Majkel1337_sub54662660_full.zip,rank02_Majkel1337_sub54662660/episodes/86365949/replay/episode_86365949.json,0.7071067811865475,
86366485,0,2,Majkel1337,54662660,majkel_full,zip,C:\Users\shiba\ptcc_pokemon_ai_buttle\data\runs\leaderboard_top50\alakazam\20260717_kaggle_top20\rank02_Majkel1337_sub54662660_full.zip,rank02_Majkel1337_sub54662660/episodes/86366485/replay/episode_86366485.json,0.7071067811865475,
86367007,0,2,Majkel1337,54662660,majkel_full,zip,C:\Users\shiba\ptcc_pokemon_ai_buttle\data\runs\leaderboard_top50\alakazam\20260717_kaggle_top20\rank02_Majkel1337_sub54662660_full.zip,rank02_Majkel1337_sub54662660/episodes/86367007/replay/episode_86367007.json,0.7071067811865475,
86367540,0,2,Majkel1337,54662660,majkel_full,zip,C:\Users\shiba\ptcc_pokemon_ai_buttle\data\runs\leaderboard_top50\alakazam\20260717_kaggle_top20\rank02_Majkel1337_sub54662660_full.zip,rank02_Majkel1337_sub54662660/episodes/86367540/replay/episode_86367540.json,0.7071067811865475,
86367993,1,2,Majkel1337,54662660,majkel_full,zip,C:\Users\shiba\ptcc_pokemon_ai_buttle\data\runs\leaderboard_top50\alakazam\20260717_kaggle_top20\rank02_Majkel1337_sub54662660_full.zip,rank02_Majkel1337_sub54662660/episodes/86367993/replay/episode_86367993.json,0.7071067811865475,
86368589,1,2,Majkel1337,54662660,majkel_full,zip,C:\Users\shiba\ptcc_pokemon_ai_buttle\data\runs\leaderboard_top50\alakazam\20260717_kaggle_top20\rank02_Majkel1337_sub54662660_full.zip,rank02_Majkel1337_sub54662660/episodes/86368589/replay/episode_86368589.json,0.7071067811865475,
86369098,0,2,Majkel1337,54662660,majkel_full,zip,C:\Users\shiba\ptcc_pokemon_ai_buttle\data\runs\leaderboard_top50\alakazam\20260717_kaggle_top20\rank02_Majkel1337_sub54662660_full.zip,rank02_Majkel1337_sub54662660/episodes/86369098/replay/episode_86369098.json,0.7071067811865475,
86369622,1,2,Majkel1337,54662660,majkel_full,zip,C:\Users\shiba\ptcc_pokemon_ai_buttle\data\runs\leaderboard_top50\alakazam\20260717_kaggle_top20\rank02_Majkel1337_sub54662660_full.zip,rank02_Majkel1337_sub54662660/episodes/86369622/replay/episode_86369622.json,0.7071067811865475,
86369646,1,2,Majkel1337,54662660,majkel_full,zip,C:\Users\shiba\ptcc_pokemon_ai_buttle\data\runs\leaderboard_top50\alakazam\20260717_kaggle_top20\rank02_Majkel1337_sub54662660_full.zip,rank02_Majkel1337_sub54662660/episodes/86369646/replay/episode_86369646.json,0.7071067811865475,
86370118,0,2,Majkel1337,54662660,majkel_full,zip,C:\Users\shiba\ptcc_pokemon_ai_buttle\data\runs\leaderboard_top50\alakazam\20260717_kaggle_top20\rank02_Majkel1337_sub54662660_full.zip,rank02_Majkel1337_sub54662660/episodes/86370118/replay/episode_86370118.json,0.7071067811865475,
86370642,1,2,Majkel1337,54662660,majkel_full,zip,C:\Users\shiba\ptcc_pokemon_ai_buttle\data\runs\leaderboard_top50\alakazam\20260717_kaggle_top20\rank02_Majkel1337_sub54662660_full.zip,rank02_Majkel1337_sub54662660/episodes/86370642/replay/episode_86370642.json,0.7071067811865475,
86371154,1,2,Majkel1337,54662660,majkel_full,zip,C:\Users\shiba\ptcc_pokemon_ai_buttle\data\runs\leaderboard_top50\alakazam\20260717_kaggle_top20\rank02_Majkel1337_sub54662660_full.zip,rank02_Majkel1337_sub54662660/episodes/86371154/replay/episode_86371154.json,0.7071067811865475,
86371658,0,2,Majkel1337,54662660,majkel_full,zip,C:\Users\shiba\ptcc_pokemon_ai_buttle\data\runs\leaderboard_top50\alakazam\20260717_kaggle_top20\rank02_Majkel1337_sub54662660_full.zip,rank02_Majkel1337_sub54662660/episodes/86371658/replay/episode_86371658.json,0.7071067811865475,
86372172,1,2,Majkel1337,54662660,majkel_full,zip,C:\Users\shiba\ptcc_pokemon_ai_buttle\data\runs\leaderboard_top50\alakazam\20260717_kaggle_top20\rank02_Majkel1337_sub54662660_full.zip,rank02_Majkel1337_sub54662660/episodes/86372172/replay/episode_86372172.json,0.7071067811865475,
86372683,1,2,Majkel1337,54662660,majkel_full,zip,C:\Users\shiba\ptcc_pokemon_ai_buttle\data\runs\leaderboard_top50\alakazam\20260717_kaggle_top20\rank02_Majkel1337_sub54662660_full.zip,rank02_Majkel1337_sub54662660/episodes/86372683/replay/episode_86372683.json,0.7071067811865475,
86373197,1,2,Majkel1337,54662660,majkel_full,zip,C:\Users\shiba\ptcc_pokemon_ai_buttle\data\runs\leaderboard_top50\alakazam\20260717_kaggle_top20\rank02_Majkel1337_sub54662660_full.zip,rank02_Majkel1337_sub54662660/episodes/86373197/replay/episode_86373197.json,0.7071067811865475,
86373719,0,2,Majkel1337,54662660,majkel_full,zip,C:\Users\shiba\ptcc_pokemon_ai_buttle\data\runs\leaderboard_top50\alakazam\20260717_kaggle_top20\rank02_Majkel1337_sub54662660_full.zip,rank02_Majkel1337_sub54662660/episodes/86373719/replay/episode_86373719.json,0.7071067811865475,
86373728,1,2,Majkel1337,54662660,majkel_full,zip,C:\Users\shiba\ptcc_pokemon_ai_buttle\data\runs\leaderboard_top50\alakazam\20260717_kaggle_top20\rank02_Majkel1337_sub54662660_full.zip,rank02_Majkel1337_sub54662660/episodes/86373728/replay/episode_86373728.json,0.7071067811865475,
86374229,0,2,Majkel1337,54662660,majkel_full,zip,C:\Users\shiba\ptcc_pokemon_ai_buttle\data\runs\leaderboard_top50\alakazam\20260717_kaggle_top20\rank02_Majkel1337_sub54662660_full.zip,rank02_Majkel1337_sub54662660/episodes/86374229/replay/episode_86374229.json,0.7071067811865475,
86374748,1,2,Majkel1337,54662660,majkel_full,zip,C:\Users\shiba\ptcc_pokemon_ai_buttle\data\runs\leaderboard_top50\alakazam\20260717_kaggle_top20\rank02_Majkel1337_sub54662660_full.zip,rank02_Majkel1337_sub54662660/episodes/86374748/replay/episode_86374748.json,0.7071067811865475,
86375261,1,2,Majkel1337,54662660,majkel_full,zip,C:\Users\shiba\ptcc_pokemon_ai_buttle\data\runs\leaderboard_top50\alakazam\20260717_kaggle_top20\rank02_Majkel1337_sub54662660_full.zip,rank02_Majkel1337_sub54662660/episodes/86375261/replay/episode_86375261.json,0.7071067811865475,
86375269,1,2,Majkel1337,54662660,majkel_full,zip,C:\Users\shiba\ptcc_pokemon_ai_buttle\data\runs\leaderboard_top50\alakazam\20260717_kaggle_top20\rank02_Majkel1337_sub54662660_full.zip,rank02_Majkel1337_sub54662660/episodes/86375269/replay/episode_86375269.json,0.7071067811865475,
86375766,1,2,Majkel1337,54662660,majkel_full,zip,C:\Users\shiba\ptcc_pokemon_ai_buttle\data\runs\leaderboard_top50\alakazam\20260717_kaggle_top20\rank02_Majkel1337_sub54662660_full.zip,rank02_Majkel1337_sub54662660/episodes/86375766/replay/episode_86375766.json,0.7071067811865475,
86376281,1,2,Majkel1337,54662660,majkel_full,zip,C:\Users\shiba\ptcc_pokemon_ai_buttle\data\runs\leaderboard_top50\alakazam\20260717_kaggle_top20\rank02_Majkel1337_sub54662660_full.zip,rank02_Majkel1337_sub54662660/episodes/86376281/replay/episode_86376281.json,0.7071067811865475,
86376796,0,2,Majkel1337,54662660,majkel_full,zip,C:\Users\shiba\ptcc_pokemon_ai_buttle\data\runs\leaderboard_top50\alakazam\20260717_kaggle_top20\rank02_Majkel1337_sub54662660_full.zip,rank02_Majkel1337_sub54662660/episodes/86376796/replay/episode_86376796.json,0.7071067811865475,
86376803,1,2,Majkel1337,54662660,majkel_full,zip,C:\Users\shiba\ptcc_pokemon_ai_buttle\data\runs\leaderboard_top50\alakazam\20260717_kaggle_top20\rank02_Majkel1337_sub54662660_full.zip,rank02_Majkel1337_sub54662660/episodes/86376803/replay/episode_86376803.json,0.7071067811865475,
86377312,1,2,Majkel1337,54662660,majkel_full,zip,C:\Users\shiba\ptcc_pokemon_ai_buttle\data\runs\leaderboard_top50\alakazam\20260717_kaggle_top20\rank02_Majkel1337_sub54662660_full.zip,rank02_Majkel1337_sub54662660/episodes/86377312/replay/episode_86377312.json,0.7071067811865475,
86377831,0,2,Majkel1337,54662660,majkel_full,zip,C:\Users\shiba\ptcc_pokemon_ai_buttle\data\runs\leaderboard_top50\alakazam\20260717_kaggle_top20\rank02_Majkel1337_sub54662660_full.zip,rank02_Majkel1337_sub54662660/episodes/86377831/replay/episode_86377831.json,0.7071067811865475,
86378344,0,2,Majkel1337,54662660,majkel_full,zip,C:\Users\shiba\ptcc_pokemon_ai_buttle\data\runs\leaderboard_top50\alakazam\20260717_kaggle_top20\rank02_Majkel1337_sub54662660_full.zip,rank02_Majkel1337_sub54662660/episodes/86378344/replay/episode_86378344.json,0.7071067811865475,
86378873,1,2,Majkel1337,54662660,majkel_full,zip,C:\Users\shiba\ptcc_pokemon_ai_buttle\data\runs\leaderboard_top50\alakazam\20260717_kaggle_top20\rank02_Majkel1337_sub54662660_full.zip,rank02_Majkel1337_sub54662660/episodes/86378873/replay/episode_86378873.json,0.7071067811865475,
86379382,1,2,Majkel1337,54662660,majkel_full,zip,C:\Users\shiba\ptcc_pokemon_ai_buttle\data\runs\leaderboard_top50\alakazam\20260717_kaggle_top20\rank02_Majkel1337_sub54662660_full.zip,rank02_Majkel1337_sub54662660/episodes/86379382/replay/episode_86379382.json,0.7071067811865475,
86379891,0,2,Majkel1337,54662660,majkel_full,zip,C:\Users\shiba\ptcc_pokemon_ai_buttle\data\runs\leaderboard_top50\alakazam\20260717_kaggle_top20\rank02_Majkel1337_sub54662660_full.zip,rank02_Majkel1337_sub54662660/episodes/86379891/replay/episode_86379891.json,0.7071067811865475,
86379920,0,2,Majkel1337,54662660,majkel_full,zip,C:\Users\shiba\ptcc_pokemon_ai_buttle\data\runs\leaderboard_top50\alakazam\20260717_kaggle_top20\rank02_Majkel1337_sub54662660_full.zip,rank02_Majkel1337_sub54662660/episodes/86379920/replay/episode_86379920.json,0.7071067811865475,
86380403,0,2,Majkel1337,54662660,majkel_full,zip,C:\Users\shiba\ptcc_pokemon_ai_buttle\data\runs\leaderboard_top50\alakazam\20260717_kaggle_top20\rank02_Majkel1337_sub54662660_full.zip,rank02_Majkel1337_sub54662660/episodes/86380403/replay/episode_86380403.json,0.7071067811865475,
86380923,0,2,Majkel1337,54662660,majkel_full,zip,C:\Users\shiba\ptcc_pokemon_ai_buttle\data\runs\leaderboard_top50\alakazam\20260717_kaggle_top20\rank02_Majkel1337_sub54662660_full.zip,rank02_Majkel1337_sub54662660/episodes/86380923/replay/episode_86380923.json,0.7071067811865475,
86381428,0,2,Majkel1337,54662660,majkel_full,zip,C:\Users\shiba\ptcc_pokemon_ai_buttle\data\runs\leaderboard_top50\alakazam\20260717_kaggle_top20\rank02_Majkel1337_sub54662660_full.zip,rank02_Majkel1337_sub54662660/episodes/86381428/replay/episode_86381428.json,0.7071067811865475,
86381977,1,2,Majkel1337,54662660,majkel_full,zip,C:\Users\shiba\ptcc_pokemon_ai_buttle\data\runs\leaderboard_top50\alakazam\20260717_kaggle_top20\rank02_Majkel1337_sub54662660_full.zip,rank02_Majkel1337_sub54662660/episodes/86381977/replay/episode_86381977.json,0.7071067811865475,
86382459,1,2,Majkel1337,54662660,majkel_full,zip,C:\Users\shiba\ptcc_pokemon_ai_buttle\data\runs\leaderboard_top50\alakazam\20260717_kaggle_top20\rank02_Majkel1337_sub54662660_full.zip,rank02_Majkel1337_sub54662660/episodes/86382459/replay/episode_86382459.json,0.7071067811865475,
86382993,1,2,Majkel1337,54662660,majkel_full,zip,C:\Users\shiba\ptcc_pokemon_ai_buttle\data\runs\leaderboard_top50\alakazam\20260717_kaggle_top20\rank02_Majkel1337_sub54662660_full.zip,rank02_Majkel1337_sub54662660/episodes/86382993/replay/episode_86382993.json,0.7071067811865475,
86383544,1,2,Majkel1337,54662660,majkel_full,zip,C:\Users\shiba\ptcc_pokemon_ai_buttle\data\runs\leaderboard_top50\alakazam\20260717_kaggle_top20\rank02_Majkel1337_sub54662660_full.zip,rank02_Majkel1337_sub54662660/episodes/86383544/replay/episode_86383544.json,0.7071067811865475,
86384059,0,2,Majkel1337,54662660,majkel_full,zip,C:\Users\shiba\ptcc_pokemon_ai_buttle\data\runs\leaderboard_top50\alakazam\20260717_kaggle_top20\rank02_Majkel1337_sub54662660_full.zip,rank02_Majkel1337_sub54662660/episodes/86384059/replay/episode_86384059.json,0.7071067811865475,
86384599,1,2,Majkel1337,54662660,majkel_full,zip,C:\Users\shiba\ptcc_pokemon_ai_buttle\data\runs\leaderboard_top50\alakazam\20260717_kaggle_top20\rank02_Majkel1337_sub54662660_full.zip,rank02_Majkel1337_sub54662660/episodes/86384599/replay/episode_86384599.json,0.7071067811865475,
86385107,0,2,Majkel1337,54662660,majkel_full,zip,C:\Users\shiba\ptcc_pokemon_ai_buttle\data\runs\leaderboard_top50\alakazam\20260717_kaggle_top20\rank02_Majkel1337_sub54662660_full.zip,rank02_Majkel1337_sub54662660/episodes/86385107/replay/episode_86385107.json,0.7071067811865475,
86385696,0,2,Majkel1337,54662660,majkel_full,zip,C:\Users\shiba\ptcc_pokemon_ai_buttle\data\runs\leaderboard_top50\alakazam\20260717_kaggle_top20\rank02_Majkel1337_sub54662660_full.zip,rank02_Majkel1337_sub54662660/episodes/86385696/replay/episode_86385696.json,0.7071067811865475,
86386263,1,2,Majkel1337,54662660,majkel_full,zip,C:\Users\shiba\ptcc_pokemon_ai_buttle\data\runs\leaderboard_top50\alakazam\20260717_kaggle_top20\rank02_Majkel1337_sub54662660_full.zip,rank02_Majkel1337_sub54662660/episodes/86386263/replay/episode_86386263.json,0.7071067811865475,
86386835,1,2,Majkel1337,54662660,majkel_full,zip,C:\Users\shiba\ptcc_pokemon_ai_buttle\data\runs\leaderboard_top50\alakazam\20260717_kaggle_top20\rank02_Majkel1337_sub54662660_full.zip,rank02_Majkel1337_sub54662660/episodes/86386835/replay/episode_86386835.json,0.7071067811865475,
86387401,0,2,Majkel1337,54662660,majkel_full,zip,C:\Users\shiba\ptcc_pokemon_ai_buttle\data\runs\leaderboard_top50\alakazam\20260717_kaggle_top20\rank02_Majkel1337_sub54662660_full.zip,rank02_Majkel1337_sub54662660/episodes/86387401/replay/episode_86387401.json,0.7071067811865475,
86387967,0,2,Majkel1337,54662660,majkel_full,zip,C:\Users\shiba\ptcc_pokemon_ai_buttle\data\runs\leaderboard_top50\alakazam\20260717_kaggle_top20\rank02_Majkel1337_sub54662660_full.zip,rank02_Majkel1337_sub54662660/episodes/86387967/replay/episode_86387967.json,0.7071067811865475,
86388507,1,2,Majkel1337,54662660,majkel_full,zip,C:\Users\shiba\ptcc_pokemon_ai_buttle\data\runs\leaderboard_top50\alakazam\20260717_kaggle_top20\rank02_Majkel1337_sub54662660_full.zip,rank02_Majkel1337_sub54662660/episodes/86388507/replay/episode_86388507.json,0.7071067811865475,
86389094,1,2,Majkel1337,54662660,majkel_full,zip,C:\Users\shiba\ptcc_pokemon_ai_buttle\data\runs\leaderboard_top50\alakazam\20260717_kaggle_top20\rank02_Majkel1337_sub54662660_full.zip,rank02_Majkel1337_sub54662660/episodes/86389094/replay/episode_86389094.json,0.7071067811865475,
86389662,0,2,Majkel1337,54662660,majkel_full,zip,C:\Users\shiba\ptcc_pokemon_ai_buttle\data\runs\leaderboard_top50\alakazam\20260717_kaggle_top20\rank02_Majkel1337_sub54662660_full.zip,rank02_Majkel1337_sub54662660/episodes/86389662/replay/episode_86389662.json,0.7071067811865475,
86389670,0,2,Majkel1337,54662660,majkel_full,zip,C:\Users\shiba\ptcc_pokemon_ai_buttle\data\runs\leaderboard_top50\alakazam\20260717_kaggle_top20\rank02_Majkel1337_sub54662660_full.zip,rank02_Majkel1337_sub54662660/episodes/86389670/replay/episode_86389670.json,0.7071067811865475,
86390228,0,2,Majkel1337,54662660,majkel_full,zip,C:\Users\shiba\ptcc_pokemon_ai_buttle\data\runs\leaderboard_top50\alakazam\20260717_kaggle_top20\rank02_Majkel1337_sub54662660_full.zip,rank02_Majkel1337_sub54662660/episodes/86390228/replay/episode_86390228.json,0.7071067811865475,
86390234,0,2,Majkel1337,54662660,majkel_full,zip,C:\Users\shiba\ptcc_pokemon_ai_buttle\data\runs\leaderboard_top50\alakazam\20260717_kaggle_top20\rank02_Majkel1337_sub54662660_full.zip,rank02_Majkel1337_sub54662660/episodes/86390234/replay/episode_86390234.json,0.7071067811865475,
86390779,0,2,Majkel1337,54662660,majkel_full,zip,C:\Users\shiba\ptcc_pokemon_ai_buttle\data\runs\leaderboard_top50\alakazam\20260717_kaggle_top20\rank02_Majkel1337_sub54662660_full.zip,rank02_Majkel1337_sub54662660/episodes/86390779/replay/episode_86390779.json,0.7071067811865475,
86391320,0,2,Majkel1337,54662660,majkel_full,zip,C:\Users\shiba\ptcc_pokemon_ai_buttle\data\runs\leaderboard_top50\alakazam\20260717_kaggle_top20\rank02_Majkel1337_sub54662660_full.zip,rank02_Majkel1337_sub54662660/episodes/86391320/replay/episode_86391320.json,0.7071067811865475,
86391854,0,2,Majkel1337,54662660,majkel_full,zip,C:\Users\shiba\ptcc_pokemon_ai_buttle\data\runs\leaderboard_top50\alakazam\20260717_kaggle_top20\rank02_Majkel1337_sub54662660_full.zip,rank02_Majkel1337_sub54662660/episodes/86391854/replay/episode_86391854.json,0.7071067811865475,
86391857,1,2,Majkel1337,54662660,majkel_full,zip,C:\Users\shiba\ptcc_pokemon_ai_buttle\data\runs\leaderboard_top50\alakazam\20260717_kaggle_top20\rank02_Majkel1337_sub54662660_full.zip,rank02_Majkel1337_sub54662660/episodes/86391857/replay/episode_86391857.json,0.7071067811865475,
86392404,0,2,Majkel1337,54662660,majkel_full,zip,C:\Users\shiba\ptcc_pokemon_ai_buttle\data\runs\leaderboard_top50\alakazam\20260717_kaggle_top20\rank02_Majkel1337_sub54662660_full.zip,rank02_Majkel1337_sub54662660/episodes/86392404/replay/episode_86392404.json,0.7071067811865475,
86392949,1,2,Majkel1337,54662660,majkel_full,zip,C:\Users\shiba\ptcc_pokemon_ai_buttle\data\runs\leaderboard_top50\alakazam\20260717_kaggle_top20\rank02_Majkel1337_sub54662660_full.zip,rank02_Majkel1337_sub54662660/episodes/86392949/replay/episode_86392949.json,0.7071067811865475,
86393507,1,2,Majkel1337,54662660,majkel_full,zip,C:\Users\shiba\ptcc_pokemon_ai_buttle\data\runs\leaderboard_top50\alakazam\20260717_kaggle_top20\rank02_Majkel1337_sub54662660_full.zip,rank02_Majkel1337_sub54662660/episodes/86393507/replay/episode_86393507.json,0.7071067811865475,
86393512,0,2,Majkel1337,54662660,majkel_full,zip,C:\Users\shiba\ptcc_pokemon_ai_buttle\data\runs\leaderboard_top50\alakazam\20260717_kaggle_top20\rank02_Majkel1337_sub54662660_full.zip,rank02_Majkel1337_sub54662660/episodes/86393512/replay/episode_86393512.json,0.7071067811865475,
86394041,0,2,Majkel1337,54662660,majkel_full,zip,C:\Users\shiba\ptcc_pokemon_ai_buttle\data\runs\leaderboard_top50\alakazam\20260717_kaggle_top20\rank02_Majkel1337_sub54662660_full.zip,rank02_Majkel1337_sub54662660/episodes/86394041/replay/episode_86394041.json,0.7071067811865475,
86394042,1,2,Majkel1337,54662660,majkel_full,zip,C:\Users\shiba\ptcc_pokemon_ai_buttle\data\runs\leaderboard_top50\alakazam\20260717_kaggle_top20\rank02_Majkel1337_sub54662660_full.zip,rank02_Majkel1337_sub54662660/episodes/86394042/replay/episode_86394042.json,0.7071067811865475,
86394062,1,2,Majkel1337,54662660,majkel_full,zip,C:\Users\shiba\ptcc_pokemon_ai_buttle\data\runs\leaderboard_top50\alakazam\20260717_kaggle_top20\rank02_Majkel1337_sub54662660_full.zip,rank02_Majkel1337_sub54662660/episodes/86394062/replay/episode_86394062.json,0.7071067811865475,
86394587,1,2,Majkel1337,54662660,majkel_full,zip,C:\Users\shiba\ptcc_pokemon_ai_buttle\data\runs\leaderboard_top50\alakazam\20260717_kaggle_top20\rank02_Majkel1337_sub54662660_full.zip,rank02_Majkel1337_sub54662660/episodes/86394587/replay/episode_86394587.json,0.7071067811865475,
86395095,0,2,Majkel1337,54662660,majkel_full,zip,C:\Users\shiba\ptcc_pokemon_ai_buttle\data\runs\leaderboard_top50\alakazam\20260717_kaggle_top20\rank02_Majkel1337_sub54662660_full.zip,rank02_Majkel1337_sub54662660/episodes/86395095/replay/episode_86395095.json,0.7071067811865475,
86395105,0,2,Majkel1337,54662660,majkel_full,zip,C:\Users\shiba\ptcc_pokemon_ai_buttle\data\runs\leaderboard_top50\alakazam\20260717_kaggle_top20\rank02_Majkel1337_sub54662660_full.zip,rank02_Majkel1337_sub54662660/episodes/86395105/replay/episode_86395105.json,0.7071067811865475,
86395109,1,2,Majkel1337,54662660,majkel_full,zip,C:\Users\shiba\ptcc_pokemon_ai_buttle\data\runs\leaderboard_top50\alakazam\20260717_kaggle_top20\rank02_Majkel1337_sub54662660_full.zip,rank02_Majkel1337_sub54662660/episodes/86395109/replay/episode_86395109.json,0.7071067811865475,
86395639,0,2,Majkel1337,54662660,majkel_full,zip,C:\Users\shiba\ptcc_pokemon_ai_buttle\data\runs\leaderboard_top50\alakazam\20260717_kaggle_top20\rank02_Majkel1337_sub54662660_full.zip,rank02_Majkel1337_sub54662660/episodes/86395639/replay/episode_86395639.json,0.7071067811865475,
86396151,0,2,Majkel1337,54662660,majkel_full,zip,C:\Users\shiba\ptcc_pokemon_ai_buttle\data\runs\leaderboard_top50\alakazam\20260717_kaggle_top20\rank02_Majkel1337_sub54662660_full.zip,rank02_Majkel1337_sub54662660/episodes/86396151/replay/episode_86396151.json,0.7071067811865475,
86396154,0,2,Majkel1337,54662660,majkel_full,zip,C:\Users\shiba\ptcc_pokemon_ai_buttle\data\runs\leaderboard_top50\alakazam\20260717_kaggle_top20\rank02_Majkel1337_sub54662660_full.zip,rank02_Majkel1337_sub54662660/episodes/86396154/replay/episode_86396154.json,0.7071067811865475,
86396196,1,2,Majkel1337,54662660,majkel_full,zip,C:\Users\shiba\ptcc_pokemon_ai_buttle\data\runs\leaderboard_top50\alakazam\20260717_kaggle_top20\rank02_Majkel1337_sub54662660_full.zip,rank02_Majkel1337_sub54662660/episodes/86396196/replay/episode_86396196.json,0.7071067811865475,
86396681,0,2,Majkel1337,54662660,majkel_full,zip,C:\Users\shiba\ptcc_pokemon_ai_buttle\data\runs\leaderboard_top50\alakazam\20260717_kaggle_top20\rank02_Majkel1337_sub54662660_full.zip,rank02_Majkel1337_sub54662660/episodes/86396681/replay/episode_86396681.json,0.7071067811865475,
86396694,1,2,Majkel1337,54662660,majkel_full,zip,C:\Users\shiba\ptcc_pokemon_ai_buttle\data\runs\leaderboard_top50\alakazam\20260717_kaggle_top20\rank02_Majkel1337_sub54662660_full.zip,rank02_Majkel1337_sub54662660/episodes/86396694/replay/episode_86396694.json,0.7071067811865475,
86397197,1,2,Majkel1337,54662660,majkel_full,zip,C:\Users\shiba\ptcc_pokemon_ai_buttle\data\runs\leaderboard_top50\alakazam\20260717_kaggle_top20\rank02_Majkel1337_sub54662660_full.zip,rank02_Majkel1337_sub54662660/episodes/86397197/replay/episode_86397197.json,0.7071067811865475,
86397732,0,2,Majkel1337,54662660,majkel_full,zip,C:\Users\shiba\ptcc_pokemon_ai_buttle\data\runs\leaderboard_top50\alakazam\20260717_kaggle_top20\rank02_Majkel1337_sub54662660_full.zip,rank02_Majkel1337_sub54662660/episodes/86397732/replay/episode_86397732.json,0.7071067811865475,
86398290,1,2,Majkel1337,54662660,majkel_full,zip,C:\Users\shiba\ptcc_pokemon_ai_buttle\data\runs\leaderboard_top50\alakazam\20260717_kaggle_top20\rank02_Majkel1337_sub54662660_full.zip,rank02_Majkel1337_sub54662660/episodes/86398290/replay/episode_86398290.json,0.7071067811865475,
86398302,0,2,Majkel1337,54662660,majkel_full,zip,C:\Users\shiba\ptcc_pokemon_ai_buttle\data\runs\leaderboard_top50\alakazam\20260717_kaggle_top20\rank02_Majkel1337_sub54662660_full.zip,rank02_Majkel1337_sub54662660/episodes/86398302/replay/episode_86398302.json,0.7071067811865475,
86398783,1,2,Majkel1337,54662660,majkel_full,zip,C:\Users\shiba\ptcc_pokemon_ai_buttle\data\runs\leaderboard_top50\alakazam\20260717_kaggle_top20\rank02_Majkel1337_sub54662660_full.zip,rank02_Majkel1337_sub54662660/episodes/86398783/replay/episode_86398783.json,0.7071067811865475,
86398784,1,2,Majkel1337,54662660,majkel_full,zip,C:\Users\shiba\ptcc_pokemon_ai_buttle\data\runs\leaderboard_top50\alakazam\20260717_kaggle_top20\rank02_Majkel1337_sub54662660_full.zip,rank02_Majkel1337_sub54662660/episodes/86398784/replay/episode_86398784.json,0.7071067811865475,
86398790,0,2,Majkel1337,54662660,majkel_full,zip,C:\Users\shiba\ptcc_pokemon_ai_buttle\data\runs\leaderboard_top50\alakazam\20260717_kaggle_top20\rank02_Majkel1337_sub54662660_full.zip,rank02_Majkel1337_sub54662660/episodes/86398790/replay/episode_86398790.json,0.7071067811865475,
86399335,1,2,Majkel1337,54662660,majkel_full,zip,C:\Users\shiba\ptcc_pokemon_ai_buttle\data\runs\leaderboard_top50\alakazam\20260717_kaggle_top20\rank02_Majkel1337_sub54662660_full.zip,rank02_Majkel1337_sub54662660/episodes/86399335/replay/episode_86399335.json,0.7071067811865475,
86399867,0,2,Majkel1337,54662660,majkel_full,zip,C:\Users\shiba\ptcc_pokemon_ai_buttle\data\runs\leaderboard_top50\alakazam\20260717_kaggle_top20\rank02_Majkel1337_sub54662660_full.zip,rank02_Majkel1337_sub54662660/episodes/86399867/replay/episode_86399867.json,0.7071067811865475,
86400443,0,2,Majkel1337,54662660,majkel_full,zip,C:\Users\shiba\ptcc_pokemon_ai_buttle\data\runs\leaderboard_top50\alakazam\20260717_kaggle_top20\rank02_Majkel1337_sub54662660_full.zip,rank02_Majkel1337_sub54662660/episodes/86400443/replay/episode_86400443.json,0.7071067811865475,
86401016,1,2,Majkel1337,54662660,majkel_full,zip,C:\Users\shiba\ptcc_pokemon_ai_buttle\data\runs\leaderboard_top50\alakazam\20260717_kaggle_top20\rank02_Majkel1337_sub54662660_full.zip,rank02_Majkel1337_sub54662660/episodes/86401016/replay/episode_86401016.json,0.7071067811865475,
86401025,0,2,Majkel1337,54662660,majkel_full,zip,C:\Users\shiba\ptcc_pokemon_ai_buttle\data\runs\leaderboard_top50\alakazam\20260717_kaggle_top20\rank02_Majkel1337_sub54662660_full.zip,rank02_Majkel1337_sub54662660/episodes/86401025/replay/episode_86401025.json,0.7071067811865475,
86401603,1,2,Majkel1337,54662660,majkel_full,zip,C:\Users\shiba\ptcc_pokemon_ai_buttle\data\runs\leaderboard_top50\alakazam\20260717_kaggle_top20\rank02_Majkel1337_sub54662660_full.zip,rank02_Majkel1337_sub54662660/episodes/86401603/replay/episode_86401603.json,0.7071067811865475,
86402162,1,2,Majkel1337,54662660,majkel_full,zip,C:\Users\shiba\ptcc_pokemon_ai_buttle\data\runs\leaderboard_top50\alakazam\20260717_kaggle_top20\rank02_Majkel1337_sub54662660_full.zip,rank02_Majkel1337_sub54662660/episodes/86402162/replay/episode_86402162.json,0.7071067811865475,
86402722,1,2,Majkel1337,54662660,majkel_full,zip,C:\Users\shiba\ptcc_pokemon_ai_buttle\data\runs\leaderboard_top50\alakazam\20260717_kaggle_top20\rank02_Majkel1337_sub54662660_full.zip,rank02_Majkel1337_sub54662660/episodes/86402722/replay/episode_86402722.json,0.7071067811865475,
86403291,0,2,Majkel1337,54662660,majkel_full,zip,C:\Users\shiba\ptcc_pokemon_ai_buttle\data\runs\leaderboard_top50\alakazam\20260717_kaggle_top20\rank02_Majkel1337_sub54662660_full.zip,rank02_Majkel1337_sub54662660/episodes/86403291/replay/episode_86403291.json,0.7071067811865475,
86403833,0,2,Majkel1337,54662660,majkel_full,zip,C:\Users\shiba\ptcc_pokemon_ai_buttle\data\runs\leaderboard_top50\alakazam\20260717_kaggle_top20\rank02_Majkel1337_sub54662660_full.zip,rank02_Majkel1337_sub54662660/episodes/86403833/replay/episode_86403833.json,0.7071067811865475,
86404391,0,2,Majkel1337,54662660,majkel_full,zip,C:\Users\shiba\ptcc_pokemon_ai_buttle\data\runs\leaderboard_top50\alakazam\20260717_kaggle_top20\rank02_Majkel1337_sub54662660_full.zip,rank02_Majkel1337_sub54662660/episodes/86404391/replay/episode_86404391.json,0.7071067811865475,
86404942,1,2,Majkel1337,54662660,majkel_full,zip,C:\Users\shiba\ptcc_pokemon_ai_buttle\data\runs\leaderboard_top50\alakazam\20260717_kaggle_top20\rank02_Majkel1337_sub54662660_full.zip,rank02_Majkel1337_sub54662660/episodes/86404942/replay/episode_86404942.json,0.7071067811865475,
86405491,0,2,Majkel1337,54662660,majkel_full,zip,C:\Users\shiba\ptcc_pokemon_ai_buttle\data\runs\leaderboard_top50\alakazam\20260717_kaggle_top20\rank02_Majkel1337_sub54662660_full.zip,rank02_Majkel1337_sub54662660/episodes/86405491/replay/episode_86405491.json,0.7071067811865475,
86405495,1,2,Majkel1337,54662660,majkel_full,zip,C:\Users\shiba\ptcc_pokemon_ai_buttle\data\runs\leaderboard_top50\alakazam\20260717_kaggle_top20\rank02_Majkel1337_sub54662660_full.zip,rank02_Majkel1337_sub54662660/episodes/86405495/replay/episode_86405495.json,0.7071067811865475,
86406044,1,2,Majkel1337,54662660,majkel_full,zip,C:\Users\shiba\ptcc_pokemon_ai_buttle\data\runs\leaderboard_top50\alakazam\20260717_kaggle_top20\rank02_Majkel1337_sub54662660_full.zip,rank02_Majkel1337_sub54662660/episodes/86406044/replay/episode_86406044.json,0.7071067811865475,
86406048,1,2,Majkel1337,54662660,majkel_full,zip,C:\Users\shiba\ptcc_pokemon_ai_buttle\data\runs\leaderboard_top50\alakazam\20260717_kaggle_top20\rank02_Majkel1337_sub54662660_full.zip,rank02_Majkel1337_sub54662660/episodes/86406048/replay/episode_86406048.json,0.7071067811865475,
86406050,0,2,Majkel1337,54662660,majkel_full,zip,C:\Users\shiba\ptcc_pokemon_ai_buttle\data\runs\leaderboard_top50\alakazam\20260717_kaggle_top20\rank02_Majkel1337_sub54662660_full.zip,rank02_Majkel1337_sub54662660/episodes/86406050/replay/episode_86406050.json,0.7071067811865475,
86406410,1,2,Majkel1337,54662660,majkel_full,zip,C:\Users\shiba\ptcc_pokemon_ai_buttle\data\runs\leaderboard_top50\alakazam\20260717_kaggle_top20\rank02_Majkel1337_sub54662660_full.zip,rank02_Majkel1337_sub54662660/episodes/86406410/replay/episode_86406410.json,0.7071067811865475,
86407147,0,2,Majkel1337,54662660,majkel_full,zip,C:\Users\shiba\ptcc_pokemon_ai_buttle\data\runs\leaderboard_top50\alakazam\20260717_kaggle_top20\rank02_Majkel1337_sub54662660_full.zip,rank02_Majkel1337_sub54662660/episodes/86407147/replay/episode_86407147.json,0.7071067811865475,
86407150,0,2,Majkel1337,54662660,majkel_full,zip,C:\Users\shiba\ptcc_pokemon_ai_buttle\data\runs\leaderboard_top50\alakazam\20260717_kaggle_top20\rank02_Majkel1337_sub54662660_full.zip,rank02_Majkel1337_sub54662660/episodes/86407150/replay/episode_86407150.json,0.7071067811865475,
86407672,1,2,Majkel1337,54662660,majkel_full,zip,C:\Users\shiba\ptcc_pokemon_ai_buttle\data\runs\leaderboard_top50\alakazam\20260717_kaggle_top20\rank02_Majkel1337_sub54662660_full.zip,rank02_Majkel1337_sub54662660/episodes/86407672/replay/episode_86407672.json,0.7071067811865475,
86408211,0,2,Majkel1337,54662660,majkel_full,zip,C:\Users\shiba\ptcc_pokemon_ai_buttle\data\runs\leaderboard_top50\alakazam\20260717_kaggle_top20\rank02_Majkel1337_sub54662660_full.zip,rank02_Majkel1337_sub54662660/episodes/86408211/replay/episode_86408211.json,0.7071067811865475,
86408747,1,2,Majkel1337,54662660,majkel_full,zip,C:\Users\shiba\ptcc_pokemon_ai_buttle\data\runs\leaderboard_top50\alakazam\20260717_kaggle_top20\rank02_Majkel1337_sub54662660_full.zip,rank02_Majkel1337_sub54662660/episodes/86408747/replay/episode_86408747.json,0.7071067811865475,
86409255,0,2,Majkel1337,54662660,majkel_full,zip,C:\Users\shiba\ptcc_pokemon_ai_buttle\data\runs\leaderboard_top50\alakazam\20260717_kaggle_top20\rank02_Majkel1337_sub54662660_full.zip,rank02_Majkel1337_sub54662660/episodes/86409255/replay/episode_86409255.json,0.7071067811865475,
86409776,1,2,Majkel1337,54662660,majkel_full,zip,C:\Users\shiba\ptcc_pokemon_ai_buttle\data\runs\leaderboard_top50\alakazam\20260717_kaggle_top20\rank02_Majkel1337_sub54662660_full.zip,rank02_Majkel1337_sub54662660/episodes/86409776/replay/episode_86409776.json,0.7071067811865475,
86410224,1,2,Majkel1337,54662660,majkel_full,zip,C:\Users\shiba\ptcc_pokemon_ai_buttle\data\runs\leaderboard_top50\alakazam\20260717_kaggle_top20\rank02_Majkel1337_sub54662660_full.zip,rank02_Majkel1337_sub54662660/episodes/86410224/replay/episode_86410224.json,0.7071067811865475,
86410281,1,2,Majkel1337,54662660,majkel_full,zip,C:\Users\shiba\ptcc_pokemon_ai_buttle\data\runs\leaderboard_top50\alakazam\20260717_kaggle_top20\rank02_Majkel1337_sub54662660_full.zip,rank02_Majkel1337_sub54662660/episodes/86410281/replay/episode_86410281.json,0.7071067811865475,
86410791,0,2,Majkel1337,54662660,majkel_full,zip,C:\Users\shiba\ptcc_pokemon_ai_buttle\data\runs\leaderboard_top50\alakazam\20260717_kaggle_top20\rank02_Majkel1337_sub54662660_full.zip,rank02_Majkel1337_sub54662660/episodes/86410791/replay/episode_86410791.json,0.7071067811865475,
86410793,1,2,Majkel1337,54662660,majkel_full,zip,C:\Users\shiba\ptcc_pokemon_ai_buttle\data\runs\leaderboard_top50\alakazam\20260717_kaggle_top20\rank02_Majkel1337_sub54662660_full.zip,rank02_Majkel1337_sub54662660/episodes/86410793/replay/episode_86410793.json,0.7071067811865475,
86411299,0,2,Majkel1337,54662660,majkel_full,zip,C:\Users\shiba\ptcc_pokemon_ai_buttle\data\runs\leaderboard_top50\alakazam\20260717_kaggle_top20\rank02_Majkel1337_sub54662660_full.zip,rank02_Majkel1337_sub54662660/episodes/86411299/replay/episode_86411299.json,0.7071067811865475,
86411304,0,2,Majkel1337,54662660,majkel_full,zip,C:\Users\shiba\ptcc_pokemon_ai_buttle\data\runs\leaderboard_top50\alakazam\20260717_kaggle_top20\rank02_Majkel1337_sub54662660_full.zip,rank02_Majkel1337_sub54662660/episodes/86411304/replay/episode_86411304.json,0.7071067811865475,
86411808,0,2,Majkel1337,54662660,majkel_full,zip,C:\Users\shiba\ptcc_pokemon_ai_buttle\data\runs\leaderboard_top50\alakazam\20260717_kaggle_top20\rank02_Majkel1337_sub54662660_full.zip,rank02_Majkel1337_sub54662660/episodes/86411808/replay/episode_86411808.json,0.7071067811865475,
86412333,0,2,Majkel1337,54662660,majkel_full,zip,C:\Users\shiba\ptcc_pokemon_ai_buttle\data\runs\leaderboard_top50\alakazam\20260717_kaggle_top20\rank02_Majkel1337_sub54662660_full.zip,rank02_Majkel1337_sub54662660/episodes/86412333/replay/episode_86412333.json,0.7071067811865475,
86412851,0,2,Majkel1337,54662660,majkel_full,zip,C:\Users\shiba\ptcc_pokemon_ai_buttle\data\runs\leaderboard_top50\alakazam\20260717_kaggle_top20\rank02_Majkel1337_sub54662660_full.zip,rank02_Majkel1337_sub54662660/episodes/86412851/replay/episode_86412851.json,0.7071067811865475,
86412852,0,2,Majkel1337,54662660,majkel_full,zip,C:\Users\shiba\ptcc_pokemon_ai_buttle\data\runs\leaderboard_top50\alakazam\20260717_kaggle_top20\rank02_Majkel1337_sub54662660_full.zip,rank02_Majkel1337_sub54662660/episodes/86412852/replay/episode_86412852.json,0.7071067811865475,
86412859,0,2,Majkel1337,54662660,majkel_full,zip,C:\Users\shiba\ptcc_pokemon_ai_buttle\data\runs\leaderboard_top50\alakazam\20260717_kaggle_top20\rank02_Majkel1337_sub54662660_full.zip,rank02_Majkel1337_sub54662660/episodes/86412859/replay/episode_86412859.json,0.7071067811865475,
86413364,1,2,Majkel1337,54662660,majkel_full,zip,C:\Users\shiba\ptcc_pokemon_ai_buttle\data\runs\leaderboard_top50\alakazam\20260717_kaggle_top20\rank02_Majkel1337_sub54662660_full.zip,rank02_Majkel1337_sub54662660/episodes/86413364/replay/episode_86413364.json,0.7071067811865475,
86413370,0,2,Majkel1337,54662660,majkel_full,zip,C:\Users\shiba\ptcc_pokemon_ai_buttle\data\runs\leaderboard_top50\alakazam\20260717_kaggle_top20\rank02_Majkel1337_sub54662660_full.zip,rank02_Majkel1337_sub54662660/episodes/86413370/replay/episode_86413370.json,0.7071067811865475,
86413870,1,2,Majkel1337,54662660,majkel_full,zip,C:\Users\shiba\ptcc_pokemon_ai_buttle\data\runs\leaderboard_top50\alakazam\20260717_kaggle_top20\rank02_Majkel1337_sub54662660_full.zip,rank02_Majkel1337_sub54662660/episodes/86413870/replay/episode_86413870.json,0.7071067811865475,
86413878,0,2,Majkel1337,54662660,majkel_full,zip,C:\Users\shiba\ptcc_pokemon_ai_buttle\data\runs\leaderboard_top50\alakazam\20260717_kaggle_top20\rank02_Majkel1337_sub54662660_full.zip,rank02_Majkel1337_sub54662660/episodes/86413878/replay/episode_86413878.json,0.7071067811865475,
86414451,0,2,Majkel1337,54662660,majkel_full,zip,C:\Users\shiba\ptcc_pokemon_ai_buttle\data\runs\leaderboard_top50\alakazam\20260717_kaggle_top20\rank02_Majkel1337_sub54662660_full.zip,rank02_Majkel1337_sub54662660/episodes/86414451/replay/episode_86414451.json,0.7071067811865475,
86414913,1,2,Majkel1337,54662660,majkel_full,zip,C:\Users\shiba\ptcc_pokemon_ai_buttle\data\runs\leaderboard_top50\alakazam\20260717_kaggle_top20\rank02_Majkel1337_sub54662660_full.zip,rank02_Majkel1337_sub54662660/episodes/86414913/replay/episode_86414913.json,0.7071067811865475,
86414922,1,2,Majkel1337,54662660,majkel_full,zip,C:\Users\shiba\ptcc_pokemon_ai_buttle\data\runs\leaderboard_top50\alakazam\20260717_kaggle_top20\rank02_Majkel1337_sub54662660_full.zip,rank02_Majkel1337_sub54662660/episodes/86414922/replay/episode_86414922.json,0.7071067811865475,
86415439,1,2,Majkel1337,54662660,majkel_full,zip,C:\Users\shiba\ptcc_pokemon_ai_buttle\data\runs\leaderboard_top50\alakazam\20260717_kaggle_top20\rank02_Majkel1337_sub54662660_full.zip,rank02_Majkel1337_sub54662660/episodes/86415439/replay/episode_86415439.json,0.7071067811865475,
86415950,0,2,Majkel1337,54662660,majkel_full,zip,C:\Users\shiba\ptcc_pokemon_ai_buttle\data\runs\leaderboard_top50\alakazam\20260717_kaggle_top20\rank02_Majkel1337_sub54662660_full.zip,rank02_Majkel1337_sub54662660/episodes/86415950/replay/episode_86415950.json,0.7071067811865475,
86416470,0,2,Majkel1337,54662660,majkel_full,zip,C:\Users\shiba\ptcc_pokemon_ai_buttle\data\runs\leaderboard_top50\alakazam\20260717_kaggle_top20\rank02_Majkel1337_sub54662660_full.zip,rank02_Majkel1337_sub54662660/episodes/86416470/replay/episode_86416470.json,0.7071067811865475,
86416991,1,2,Majkel1337,54662660,majkel_full,zip,C:\Users\shiba\ptcc_pokemon_ai_buttle\data\runs\leaderboard_top50\alakazam\20260717_kaggle_top20\rank02_Majkel1337_sub54662660_full.zip,rank02_Majkel1337_sub54662660/episodes/86416991/replay/episode_86416991.json,0.7071067811865475,
86417320,0,2,Majkel1337,54662660,majkel_full,zip,C:\Users\shiba\ptcc_pokemon_ai_buttle\data\runs\leaderboard_top50\alakazam\20260717_kaggle_top20\rank02_Majkel1337_sub54662660_full.zip,rank02_Majkel1337_sub54662660/episodes/86417320/replay/episode_86417320.json,0.7071067811865475,
86417981,0,2,Majkel1337,54662660,majkel_full,zip,C:\Users\shiba\ptcc_pokemon_ai_buttle\data\runs\leaderboard_top50\alakazam\20260717_kaggle_top20\rank02_Majkel1337_sub54662660_full.zip,rank02_Majkel1337_sub54662660/episodes/86417981/replay/episode_86417981.json,0.7071067811865475,
86417989,0,2,Majkel1337,54662660,majkel_full,zip,C:\Users\shiba\ptcc_pokemon_ai_buttle\data\runs\leaderboard_top50\alakazam\20260717_kaggle_top20\rank02_Majkel1337_sub54662660_full.zip,rank02_Majkel1337_sub54662660/episodes/86417989/replay/episode_86417989.json,0.7071067811865475,
86418504,1,2,Majkel1337,54662660,majkel_full,zip,C:\Users\shiba\ptcc_pokemon_ai_buttle\data\runs\leaderboard_top50\alakazam\20260717_kaggle_top20\rank02_Majkel1337_sub54662660_full.zip,rank02_Majkel1337_sub54662660/episodes/86418504/replay/episode_86418504.json,0.7071067811865475,
86418993,0,2,Majkel1337,54662660,majkel_full,zip,C:\Users\shiba\ptcc_pokemon_ai_buttle\data\runs\leaderboard_top50\alakazam\20260717_kaggle_top20\rank02_Majkel1337_sub54662660_full.zip,rank02_Majkel1337_sub54662660/episodes/86418993/replay/episode_86418993.json,0.7071067811865475,
86419004,0,2,Majkel1337,54662660,majkel_full,zip,C:\Users\shiba\ptcc_pokemon_ai_buttle\data\runs\leaderboard_top50\alakazam\20260717_kaggle_top20\rank02_Majkel1337_sub54662660_full.zip,rank02_Majkel1337_sub54662660/episodes/86419004/replay/episode_86419004.json,0.7071067811865475,
86419506,0,2,Majkel1337,54662660,majkel_full,zip,C:\Users\shiba\ptcc_pokemon_ai_buttle\data\runs\leaderboard_top50\alakazam\20260717_kaggle_top20\rank02_Majkel1337_sub54662660_full.zip,rank02_Majkel1337_sub54662660/episodes/86419506/replay/episode_86419506.json,0.7071067811865475,
86419515,1,2,Majkel1337,54662660,majkel_full,zip,C:\Users\shiba\ptcc_pokemon_ai_buttle\data\runs\leaderboard_top50\alakazam\20260717_kaggle_top20\rank02_Majkel1337_sub54662660_full.zip,rank02_Majkel1337_sub54662660/episodes/86419515/replay/episode_86419515.json,0.7071067811865475,
86419522,1,2,Majkel1337,54662660,majkel_full,zip,C:\Users\shiba\ptcc_pokemon_ai_buttle\data\runs\leaderboard_top50\alakazam\20260717_kaggle_top20\rank02_Majkel1337_sub54662660_full.zip,rank02_Majkel1337_sub54662660/episodes/86419522/replay/episode_86419522.json,0.7071067811865475,
86420025,0,2,Majkel1337,54662660,majkel_full,zip,C:\Users\shiba\ptcc_pokemon_ai_buttle\data\runs\leaderboard_top50\alakazam\20260717_kaggle_top20\rank02_Majkel1337_sub54662660_full.zip,rank02_Majkel1337_sub54662660/episodes/86420025/replay/episode_86420025.json,0.7071067811865475,
86420553,0,2,Majkel1337,54662660,majkel_full,zip,C:\Users\shiba\ptcc_pokemon_ai_buttle\data\runs\leaderboard_top50\alakazam\20260717_kaggle_top20\rank02_Majkel1337_sub54662660_full.zip,rank02_Majkel1337_sub54662660/episodes/86420553/replay/episode_86420553.json,0.7071067811865475,
86421067,1,2,Majkel1337,54662660,majkel_full,zip,C:\Users\shiba\ptcc_pokemon_ai_buttle\data\runs\leaderboard_top50\alakazam\20260717_kaggle_top20\rank02_Majkel1337_sub54662660_full.zip,rank02_Majkel1337_sub54662660/episodes/86421067/replay/episode_86421067.json,0.7071067811865475,
86421571,1,2,Majkel1337,54662660,majkel_full,zip,C:\Users\shiba\ptcc_pokemon_ai_buttle\data\runs\leaderboard_top50\alakazam\20260717_kaggle_top20\rank02_Majkel1337_sub54662660_full.zip,rank02_Majkel1337_sub54662660/episodes/86421571/replay/episode_86421571.json,0.7071067811865475,
86421579,1,2,Majkel1337,54662660,majkel_full,zip,C:\Users\shiba\ptcc_pokemon_ai_buttle\data\runs\leaderboard_top50\alakazam\20260717_kaggle_top20\rank02_Majkel1337_sub54662660_full.zip,rank02_Majkel1337_sub54662660/episodes/86421579/replay/episode_86421579.json,0.7071067811865475,
86421582,1,2,Majkel1337,54662660,majkel_full,zip,C:\Users\shiba\ptcc_pokemon_ai_buttle\data\runs\leaderboard_top50\alakazam\20260717_kaggle_top20\rank02_Majkel1337_sub54662660_full.zip,rank02_Majkel1337_sub54662660/episodes/86421582/replay/episode_86421582.json,0.7071067811865475,
86421905,0,2,Majkel1337,54662660,majkel_full,zip,C:\Users\shiba\ptcc_pokemon_ai_buttle\data\runs\leaderboard_top50\alakazam\20260717_kaggle_top20\rank02_Majkel1337_sub54662660_full.zip,rank02_Majkel1337_sub54662660/episodes/86421905/replay/episode_86421905.json,0.7071067811865475,
86422124,0,2,Majkel1337,54662660,majkel_full,zip,C:\Users\shiba\ptcc_pokemon_ai_buttle\data\runs\leaderboard_top50\alakazam\20260717_kaggle_top20\rank02_Majkel1337_sub54662660_full.zip,rank02_Majkel1337_sub54662660/episodes/86422124/replay/episode_86422124.json,0.7071067811865475,
86422132,1,2,Majkel1337,54662660,majkel_full,zip,C:\Users\shiba\ptcc_pokemon_ai_buttle\data\runs\leaderboard_top50\alakazam\20260717_kaggle_top20\rank02_Majkel1337_sub54662660_full.zip,rank02_Majkel1337_sub54662660/episodes/86422132/replay/episode_86422132.json,0.7071067811865475,
86422605,0,2,Majkel1337,54662660,majkel_full,zip,C:\Users\shiba\ptcc_pokemon_ai_buttle\data\runs\leaderboard_top50\alakazam\20260717_kaggle_top20\rank02_Majkel1337_sub54662660_full.zip,rank02_Majkel1337_sub54662660/episodes/86422605/replay/episode_86422605.json,0.7071067811865475,
86423101,1,2,Majkel1337,54662660,majkel_full,zip,C:\Users\shiba\ptcc_pokemon_ai_buttle\data\runs\leaderboard_top50\alakazam\20260717_kaggle_top20\rank02_Majkel1337_sub54662660_full.zip,rank02_Majkel1337_sub54662660/episodes/86423101/replay/episode_86423101.json,0.7071067811865475,
86423108,0,2,Majkel1337,54662660,majkel_full,zip,C:\Users\shiba\ptcc_pokemon_ai_buttle\data\runs\leaderboard_top50\alakazam\20260717_kaggle_top20\rank02_Majkel1337_sub54662660_full.zip,rank02_Majkel1337_sub54662660/episodes/86423108/replay/episode_86423108.json,0.7071067811865475,
86423641,1,2,Majkel1337,54662660,majkel_full,zip,C:\Users\shiba\ptcc_pokemon_ai_buttle\data\runs\leaderboard_top50\alakazam\20260717_kaggle_top20\rank02_Majkel1337_sub54662660_full.zip,rank02_Majkel1337_sub54662660/episodes/86423641/replay/episode_86423641.json,0.7071067811865475,
86423648,1,2,Majkel1337,54662660,majkel_full,zip,C:\Users\shiba\ptcc_pokemon_ai_buttle\data\runs\leaderboard_top50\alakazam\20260717_kaggle_top20\rank02_Majkel1337_sub54662660_full.zip,rank02_Majkel1337_sub54662660/episodes/86423648/replay/episode_86423648.json,0.7071067811865475,
86424207,0,2,Majkel1337,54662660,majkel_full,zip,C:\Users\shiba\ptcc_pokemon_ai_buttle\data\runs\leaderboard_top50\alakazam\20260717_kaggle_top20\rank02_Majkel1337_sub54662660_full.zip,rank02_Majkel1337_sub54662660/episodes/86424207/replay/episode_86424207.json,0.7071067811865475,
86424217,0,2,Majkel1337,54662660,majkel_full,zip,C:\Users\shiba\ptcc_pokemon_ai_buttle\data\runs\leaderboard_top50\alakazam\20260717_kaggle_top20\rank02_Majkel1337_sub54662660_full.zip,rank02_Majkel1337_sub54662660/episodes/86424217/replay/episode_86424217.json,0.7071067811865475,
86424747,1,2,Majkel1337,54662660,majkel_full,zip,C:\Users\shiba\ptcc_pokemon_ai_buttle\data\runs\leaderboard_top50\alakazam\20260717_kaggle_top20\rank02_Majkel1337_sub54662660_full.zip,rank02_Majkel1337_sub54662660/episodes/86424747/replay/episode_86424747.json,0.7071067811865475,
86424755,0,2,Majkel1337,54662660,majkel_full,zip,C:\Users\shiba\ptcc_pokemon_ai_buttle\data\runs\leaderboard_top50\alakazam\20260717_kaggle_top20\rank02_Majkel1337_sub54662660_full.zip,rank02_Majkel1337_sub54662660/episodes/86424755/replay/episode_86424755.json,0.7071067811865475,
86425295,1,2,Majkel1337,54662660,majkel_full,zip,C:\Users\shiba\ptcc_pokemon_ai_buttle\data\runs\leaderboard_top50\alakazam\20260717_kaggle_top20\rank02_Majkel1337_sub54662660_full.zip,rank02_Majkel1337_sub54662660/episodes/86425295/replay/episode_86425295.json,0.7071067811865475,
86425300,0,2,Majkel1337,54662660,majkel_full,zip,C:\Users\shiba\ptcc_pokemon_ai_buttle\data\runs\leaderboard_top50\alakazam\20260717_kaggle_top20\rank02_Majkel1337_sub54662660_full.zip,rank02_Majkel1337_sub54662660/episodes/86425300/replay/episode_86425300.json,0.7071067811865475,
86425828,0,2,Majkel1337,54662660,majkel_full,zip,C:\Users\shiba\ptcc_pokemon_ai_buttle\data\runs\leaderboard_top50\alakazam\20260717_kaggle_top20\rank02_Majkel1337_sub54662660_full.zip,rank02_Majkel1337_sub54662660/episodes/86425828/replay/episode_86425828.json,0.7071067811865475,
86425835,0,2,Majkel1337,54662660,majkel_full,zip,C:\Users\shiba\ptcc_pokemon_ai_buttle\data\runs\leaderboard_top50\alakazam\20260717_kaggle_top20\rank02_Majkel1337_sub54662660_full.zip,rank02_Majkel1337_sub54662660/episodes/86425835/replay/episode_86425835.json,0.7071067811865475,
86426374,0,2,Majkel1337,54662660,majkel_full,zip,C:\Users\shiba\ptcc_pokemon_ai_buttle\data\runs\leaderboard_top50\alakazam\20260717_kaggle_top20\rank02_Majkel1337_sub54662660_full.zip,rank02_Majkel1337_sub54662660/episodes/86426374/replay/episode_86426374.json,0.7071067811865475,
86426895,1,2,Majkel1337,54662660,majkel_full,zip,C:\Users\shiba\ptcc_pokemon_ai_buttle\data\runs\leaderboard_top50\alakazam\20260717_kaggle_top20\rank02_Majkel1337_sub54662660_full.zip,rank02_Majkel1337_sub54662660/episodes/86426895/replay/episode_86426895.json,0.7071067811865475,
86427431,1,2,Majkel1337,54662660,majkel_full,zip,C:\Users\shiba\ptcc_pokemon_ai_buttle\data\runs\leaderboard_top50\alakazam\20260717_kaggle_top20\rank02_Majkel1337_sub54662660_full.zip,rank02_Majkel1337_sub54662660/episodes/86427431/replay/episode_86427431.json,0.7071067811865475,
86427441,0,2,Majkel1337,54662660,majkel_full,zip,C:\Users\shiba\ptcc_pokemon_ai_buttle\data\runs\leaderboard_top50\alakazam\20260717_kaggle_top20\rank02_Majkel1337_sub54662660_full.zip,rank02_Majkel1337_sub54662660/episodes/86427441/replay/episode_86427441.json,0.7071067811865475,
86427466,1,2,Majkel1337,54662660,majkel_full,zip,C:\Users\shiba\ptcc_pokemon_ai_buttle\data\runs\leaderboard_top50\alakazam\20260717_kaggle_top20\rank02_Majkel1337_sub54662660_full.zip,rank02_Majkel1337_sub54662660/episodes/86427466/replay/episode_86427466.json,0.7071067811865475,
86428053,1,2,Majkel1337,54662660,majkel_full,zip,C:\Users\shiba\ptcc_pokemon_ai_buttle\data\runs\leaderboard_top50\alakazam\20260717_kaggle_top20\rank02_Majkel1337_sub54662660_full.zip,rank02_Majkel1337_sub54662660/episodes/86428053/replay/episode_86428053.json,0.7071067811865475,
86428054,1,2,Majkel1337,54662660,majkel_full,zip,C:\Users\shiba\ptcc_pokemon_ai_buttle\data\runs\leaderboard_top50\alakazam\20260717_kaggle_top20\rank02_Majkel1337_sub54662660_full.zip,rank02_Majkel1337_sub54662660/episodes/86428054/replay/episode_86428054.json,0.7071067811865475,
86428641,0,2,Majkel1337,54662660,majkel_full,zip,C:\Users\shiba\ptcc_pokemon_ai_buttle\data\runs\leaderboard_top50\alakazam\20260717_kaggle_top20\rank02_Majkel1337_sub54662660_full.zip,rank02_Majkel1337_sub54662660/episodes/86428641/replay/episode_86428641.json,0.7071067811865475,
86428647,1,2,Majkel1337,54662660,majkel_full,zip,C:\Users\shiba\ptcc_pokemon_ai_buttle\data\runs\leaderboard_top50\alakazam\20260717_kaggle_top20\rank02_Majkel1337_sub54662660_full.zip,rank02_Majkel1337_sub54662660/episodes/86428647/replay/episode_86428647.json,0.7071067811865475,
86428653,1,2,Majkel1337,54662660,majkel_full,zip,C:\Users\shiba\ptcc_pokemon_ai_buttle\data\runs\leaderboard_top50\alakazam\20260717_kaggle_top20\rank02_Majkel1337_sub54662660_full.zip,rank02_Majkel1337_sub54662660/episodes/86428653/replay/episode_86428653.json,0.7071067811865475,
86429175,1,2,Majkel1337,54662660,majkel_full,zip,C:\Users\shiba\ptcc_pokemon_ai_buttle\data\runs\leaderboard_top50\alakazam\20260717_kaggle_top20\rank02_Majkel1337_sub54662660_full.zip,rank02_Majkel1337_sub54662660/episodes/86429175/replay/episode_86429175.json,0.7071067811865475,
86429190,0,2,Majkel1337,54662660,majkel_full,zip,C:\Users\shiba\ptcc_pokemon_ai_buttle\data\runs\leaderboard_top50\alakazam\20260717_kaggle_top20\rank02_Majkel1337_sub54662660_full.zip,rank02_Majkel1337_sub54662660/episodes/86429190/replay/episode_86429190.json,0.7071067811865475,
86429726,1,2,Majkel1337,54662660,majkel_full,zip,C:\Users\shiba\ptcc_pokemon_ai_buttle\data\runs\leaderboard_top50\alakazam\20260717_kaggle_top20\rank02_Majkel1337_sub54662660_full.zip,rank02_Majkel1337_sub54662660/episodes/86429726/replay/episode_86429726.json,0.7071067811865475,
86429785,0,2,Majkel1337,54662660,majkel_full,zip,C:\Users\shiba\ptcc_pokemon_ai_buttle\data\runs\leaderboard_top50\alakazam\20260717_kaggle_top20\rank02_Majkel1337_sub54662660_full.zip,rank02_Majkel1337_sub54662660/episodes/86429785/replay/episode_86429785.json,0.7071067811865475,
86429797,0,2,Majkel1337,54662660,majkel_full,zip,C:\Users\shiba\ptcc_pokemon_ai_buttle\data\runs\leaderboard_top50\alakazam\20260717_kaggle_top20\rank02_Majkel1337_sub54662660_full.zip,rank02_Majkel1337_sub54662660/episodes/86429797/replay/episode_86429797.json,0.7071067811865475,
86430396,1,2,Majkel1337,54662660,majkel_full,zip,C:\Users\shiba\ptcc_pokemon_ai_buttle\data\runs\leaderboard_top50\alakazam\20260717_kaggle_top20\rank02_Majkel1337_sub54662660_full.zip,rank02_Majkel1337_sub54662660/episodes/86430396/replay/episode_86430396.json,0.7071067811865475,
86430403,0,2,Majkel1337,54662660,majkel_full,zip,C:\Users\shiba\ptcc_pokemon_ai_buttle\data\runs\leaderboard_top50\alakazam\20260717_kaggle_top20\rank02_Majkel1337_sub54662660_full.zip,rank02_Majkel1337_sub54662660/episodes/86430403/replay/episode_86430403.json,0.7071067811865475,
86430908,0,2,Majkel1337,54662660,majkel_full,zip,C:\Users\shiba\ptcc_pokemon_ai_buttle\data\runs\leaderboard_top50\alakazam\20260717_kaggle_top20\rank02_Majkel1337_sub54662660_full.zip,rank02_Majkel1337_sub54662660/episodes/86430908/replay/episode_86430908.json,0.7071067811865475,
86431468,1,2,Majkel1337,54662660,majkel_full,zip,C:\Users\shiba\ptcc_pokemon_ai_buttle\data\runs\leaderboard_top50\alakazam\20260717_kaggle_top20\rank02_Majkel1337_sub54662660_full.zip,rank02_Majkel1337_sub54662660/episodes/86431468/replay/episode_86431468.json,0.7071067811865475,
86431472,1,2,Majkel1337,54662660,majkel_full,zip,C:\Users\shiba\ptcc_pokemon_ai_buttle\data\runs\leaderboard_top50\alakazam\20260717_kaggle_top20\rank02_Majkel1337_sub54662660_full.zip,rank02_Majkel1337_sub54662660/episodes/86431472/replay/episode_86431472.json,0.7071067811865475,
86432031,1,2,Majkel1337,54662660,majkel_full,zip,C:\Users\shiba\ptcc_pokemon_ai_buttle\data\runs\leaderboard_top50\alakazam\20260717_kaggle_top20\rank02_Majkel1337_sub54662660_full.zip,rank02_Majkel1337_sub54662660/episodes/86432031/replay/episode_86432031.json,0.7071067811865475,
86432041,0,2,Majkel1337,54662660,majkel_full,zip,C:\Users\shiba\ptcc_pokemon_ai_buttle\data\runs\leaderboard_top50\alakazam\20260717_kaggle_top20\rank02_Majkel1337_sub54662660_full.zip,rank02_Majkel1337_sub54662660/episodes/86432041/replay/episode_86432041.json,0.7071067811865475,
86962317,1,2,Majkel1337,54618168,majkel_previous,file,C:\Users\shiba\ptcc_pokemon_ai_buttle\data\runs\leaderboard_top50\alakazam\20260717_kaggle_top20\rank02_Majkel1337_sub54618168_previous,episodes\86962317\replay\episode_86962317.json,0.7071067811865475,
86962354,1,2,Majkel1337,54618168,majkel_previous,file,C:\Users\shiba\ptcc_pokemon_ai_buttle\data\runs\leaderboard_top50\alakazam\20260717_kaggle_top20\rank02_Majkel1337_sub54618168_previous,episodes\86962354\replay\episode_86962354.json,0.7071067811865475,
86962880,1,2,Majkel1337,54618168,majkel_previous,file,C:\Users\shiba\ptcc_pokemon_ai_buttle\data\runs\leaderboard_top50\alakazam\20260717_kaggle_top20\rank02_Majkel1337_sub54618168_previous,episodes\86962880\replay\episode_86962880.json,0.7071067811865475,
86963400,1,2,Majkel1337,54618168,majkel_previous,file,C:\Users\shiba\ptcc_pokemon_ai_buttle\data\runs\leaderboard_top50\alakazam\20260717_kaggle_top20\rank02_Majkel1337_sub54618168_previous,episodes\86963400\replay\episode_86963400.json,0.7071067811865475,
86963414,1,2,Majkel1337,54618168,majkel_previous,file,C:\Users\shiba\ptcc_pokemon_ai_buttle\data\runs\leaderboard_top50\alakazam\20260717_kaggle_top20\rank02_Majkel1337_sub54618168_previous,episodes\86963414\replay\episode_86963414.json,0.7071067811865475,
86964005,1,2,Majkel1337,54618168,majkel_previous,file,C:\Users\shiba\ptcc_pokemon_ai_buttle\data\runs\leaderboard_top50\alakazam\20260717_kaggle_top20\rank02_Majkel1337_sub54618168_previous,episodes\86964005\replay\episode_86964005.json,0.7071067811865475,
86964526,1,2,Majkel1337,54618168,majkel_previous,file,C:\Users\shiba\ptcc_pokemon_ai_buttle\data\runs\leaderboard_top50\alakazam\20260717_kaggle_top20\rank02_Majkel1337_sub54618168_previous,episodes\86964526\replay\episode_86964526.json,0.7071067811865475,
86964530,1,2,Majkel1337,54618168,majkel_previous,file,C:\Users\shiba\ptcc_pokemon_ai_buttle\data\runs\leaderboard_top50\alakazam\20260717_kaggle_top20\rank02_Majkel1337_sub54618168_previous,episodes\86964530\replay\episode_86964530.json,0.7071067811865475,
86964557,0,2,Majkel1337,54618168,majkel_previous,file,C:\Users\shiba\ptcc_pokemon_ai_buttle\data\runs\leaderboard_top50\alakazam\20260717_kaggle_top20\rank02_Majkel1337_sub54618168_previous,episodes\86964557\replay\episode_86964557.json,0.7071067811865475,
86965108,1,2,Majkel1337,54618168,majkel_previous,file,C:\Users\shiba\ptcc_pokemon_ai_buttle\data\runs\leaderboard_top50\alakazam\20260717_kaggle_top20\rank02_Majkel1337_sub54618168_previous,episodes\86965108\replay\episode_86965108.json,0.7071067811865475,
86965115,0,2,Majkel1337,54618168,majkel_previous,file,C:\Users\shiba\ptcc_pokemon_ai_buttle\data\runs\leaderboard_top50\alakazam\20260717_kaggle_top20\rank02_Majkel1337_sub54618168_previous,episodes\86965115\replay\episode_86965115.json,0.7071067811865475,
86965670,1,2,Majkel1337,54618168,majkel_previous,file,C:\Users\shiba\ptcc_pokemon_ai_buttle\data\runs\leaderboard_top50\alakazam\20260717_kaggle_top20\rank02_Majkel1337_sub54618168_previous,episodes\86965670\replay\episode_86965670.json,0.7071067811865475,
86965811,1,2,Majkel1337,54618168,majkel_previous,file,C:\Users\shiba\ptcc_pokemon_ai_buttle\data\runs\leaderboard_top50\alakazam\20260717_kaggle_top20\rank02_Majkel1337_sub54618168_previous,episodes\86965811\replay\episode_86965811.json,0.7071067811865475,
86966236,1,2,Majkel1337,54618168,majkel_previous,file,C:\Users\shiba\ptcc_pokemon_ai_buttle\data\runs\leaderboard_top50\alakazam\20260717_kaggle_top20\rank02_Majkel1337_sub54618168_previous,episodes\86966236\replay\episode_86966236.json,0.7071067811865475,
86966805,1,2,Majkel1337,54618168,majkel_previous,file,C:\Users\shiba\ptcc_pokemon_ai_buttle\data\runs\leaderboard_top50\alakazam\20260717_kaggle_top20\rank02_Majkel1337_sub54618168_previous,episodes\86966805\replay\episode_86966805.json,0.7071067811865475,
86967372,0,2,Majkel1337,54618168,majkel_previous,file,C:\Users\shiba\ptcc_pokemon_ai_buttle\data\runs\leaderboard_top50\alakazam\20260717_kaggle_top20\rank02_Majkel1337_sub54618168_previous,episodes\86967372\replay\episode_86967372.json,0.7071067811865475,
86967925,0,2,Majkel1337,54618168,majkel_previous,file,C:\Users\shiba\ptcc_pokemon_ai_buttle\data\runs\leaderboard_top50\alakazam\20260717_kaggle_top20\rank02_Majkel1337_sub54618168_previous,episodes\86967925\replay\episode_86967925.json,0.7071067811865475,
86968457,1,2,Majkel1337,54618168,majkel_previous,file,C:\Users\shiba\ptcc_pokemon_ai_buttle\data\runs\leaderboard_top50\alakazam\20260717_kaggle_top20\rank02_Majkel1337_sub54618168_previous,episodes\86968457\replay\episode_86968457.json,0.7071067811865475,
86968486,1,2,Majkel1337,54618168,majkel_previous,file,C:\Users\shiba\ptcc_pokemon_ai_buttle\data\runs\leaderboard_top50\alakazam\20260717_kaggle_top20\rank02_Majkel1337_sub54618168_previous,episodes\86968486\replay\episode_86968486.json,0.7071067811865475,
86969013,0,2,Majkel1337,54618168,majkel_previous,file,C:\Users\shiba\ptcc_pokemon_ai_buttle\data\runs\leaderboard_top50\alakazam\20260717_kaggle_top20\rank02_Majkel1337_sub54618168_previous,episodes\86969013\replay\episode_86969013.json,0.7071067811865475,
86969548,1,2,Majkel1337,54618168,majkel_previous,file,C:\Users\shiba\ptcc_pokemon_ai_buttle\data\runs\leaderboard_top50\alakazam\20260717_kaggle_top20\rank02_Majkel1337_sub54618168_previous,episodes\86969548\replay\episode_86969548.json,0.7071067811865475,
86969561,1,2,Majkel1337,54618168,majkel_previous,file,C:\Users\shiba\ptcc_pokemon_ai_buttle\data\runs\leaderboard_top50\alakazam\20260717_kaggle_top20\rank02_Majkel1337_sub54618168_previous,episodes\86969561\replay\episode_86969561.json,0.7071067811865475,
86970067,1,2,Majkel1337,54618168,majkel_previous,file,C:\Users\shiba\ptcc_pokemon_ai_buttle\data\runs\leaderboard_top50\alakazam\20260717_kaggle_top20\rank02_Majkel1337_sub54618168_previous,episodes\86970067\replay\episode_86970067.json,0.7071067811865475,
86970605,0,2,Majkel1337,54618168,majkel_previous,file,C:\Users\shiba\ptcc_pokemon_ai_buttle\data\runs\leaderboard_top50\alakazam\20260717_kaggle_top20\rank02_Majkel1337_sub54618168_previous,episodes\86970605\replay\episode_86970605.json,0.7071067811865475,
86970632,1,2,Majkel1337,54618168,majkel_previous,file,C:\Users\shiba\ptcc_pokemon_ai_buttle\data\runs\leaderboard_top50\alakazam\20260717_kaggle_top20\rank02_Majkel1337_sub54618168_previous,episodes\86970632\replay\episode_86970632.json,0.7071067811865475,
86971153,0,2,Majkel1337,54618168,majkel_previous,file,C:\Users\shiba\ptcc_pokemon_ai_buttle\data\runs\leaderboard_top50\alakazam\20260717_kaggle_top20\rank02_Majkel1337_sub54618168_previous,episodes\86971153\replay\episode_86971153.json,0.7071067811865475,
86971692,0,2,Majkel1337,54618168,majkel_previous,file,C:\Users\shiba\ptcc_pokemon_ai_buttle\data\runs\leaderboard_top50\alakazam\20260717_kaggle_top20\rank02_Majkel1337_sub54618168_previous,episodes\86971692\replay\episode_86971692.json,0.7071067811865475,
86972203,0,2,Majkel1337,54618168,majkel_previous,file,C:\Users\shiba\ptcc_pokemon_ai_buttle\data\runs\leaderboard_top50\alakazam\20260717_kaggle_top20\rank02_Majkel1337_sub54618168_previous,episodes\86972203\replay\episode_86972203.json,0.7071067811865475,
86972222,1,2,Majkel1337,54618168,majkel_previous,file,C:\Users\shiba\ptcc_pokemon_ai_buttle\data\runs\leaderboard_top50\alakazam\20260717_kaggle_top20\rank02_Majkel1337_sub54618168_previous,episodes\86972222\replay\episode_86972222.json,0.7071067811865475,
86972727,0,2,Majkel1337,54618168,majkel_previous,file,C:\Users\shiba\ptcc_pokemon_ai_buttle\data\runs\leaderboard_top50\alakazam\20260717_kaggle_top20\rank02_Majkel1337_sub54618168_previous,episodes\86972727\replay\episode_86972727.json,0.7071067811865475,
86973260,1,2,Majkel1337,54618168,majkel_previous,file,C:\Users\shiba\ptcc_pokemon_ai_buttle\data\runs\leaderboard_top50\alakazam\20260717_kaggle_top20\rank02_Majkel1337_sub54618168_previous,episodes\86973260\replay\episode_86973260.json,0.7071067811865475,
86973771,0,2,Majkel1337,54618168,majkel_previous,file,C:\Users\shiba\ptcc_pokemon_ai_buttle\data\runs\leaderboard_top50\alakazam\20260717_kaggle_top20\rank02_Majkel1337_sub54618168_previous,episodes\86973771\replay\episode_86973771.json,0.7071067811865475,
86973793,0,2,Majkel1337,54618168,majkel_previous,file,C:\Users\shiba\ptcc_pokemon_ai_buttle\data\runs\leaderboard_top50\alakazam\20260717_kaggle_top20\rank02_Majkel1337_sub54618168_previous,episodes\86973793\replay\episode_86973793.json,0.7071067811865475,
86974325,1,2,Majkel1337,54618168,majkel_previous,file,C:\Users\shiba\ptcc_pokemon_ai_buttle\data\runs\leaderboard_top50\alakazam\20260717_kaggle_top20\rank02_Majkel1337_sub54618168_previous,episodes\86974325\replay\episode_86974325.json,0.7071067811865475,
86974815,0,2,Majkel1337,54618168,majkel_previous,file,C:\Users\shiba\ptcc_pokemon_ai_buttle\data\runs\leaderboard_top50\alakazam\20260717_kaggle_top20\rank02_Majkel1337_sub54618168_previous,episodes\86974815\replay\episode_86974815.json,0.7071067811865475,
86974839,0,2,Majkel1337,54618168,majkel_previous,file,C:\Users\shiba\ptcc_pokemon_ai_buttle\data\runs\leaderboard_top50\alakazam\20260717_kaggle_top20\rank02_Majkel1337_sub54618168_previous,episodes\86974839\replay\episode_86974839.json,0.7071067811865475,
86975364,1,2,Majkel1337,54618168,majkel_previous,file,C:\Users\shiba\ptcc_pokemon_ai_buttle\data\runs\leaderboard_top50\alakazam\20260717_kaggle_top20\rank02_Majkel1337_sub54618168_previous,episodes\86975364\replay\episode_86975364.json,0.7071067811865475,
86975382,1,2,Majkel1337,54618168,majkel_previous,file,C:\Users\shiba\ptcc_pokemon_ai_buttle\data\runs\leaderboard_top50\alakazam\20260717_kaggle_top20\rank02_Majkel1337_sub54618168_previous,episodes\86975382\replay\episode_86975382.json,0.7071067811865475,
86975903,1,2,Majkel1337,54618168,majkel_previous,file,C:\Users\shiba\ptcc_pokemon_ai_buttle\data\runs\leaderboard_top50\alakazam\20260717_kaggle_top20\rank02_Majkel1337_sub54618168_previous,episodes\86975903\replay\episode_86975903.json,0.7071067811865475,
86976419,0,2,Majkel1337,54618168,majkel_previous,file,C:\Users\shiba\ptcc_pokemon_ai_buttle\data\runs\leaderboard_top50\alakazam\20260717_kaggle_top20\rank02_Majkel1337_sub54618168_previous,episodes\86976419\replay\episode_86976419.json,0.7071067811865475,
86976938,0,2,Majkel1337,54618168,majkel_previous,file,C:\Users\shiba\ptcc_pokemon_ai_buttle\data\runs\leaderboard_top50\alakazam\20260717_kaggle_top20\rank02_Majkel1337_sub54618168_previous,episodes\86976938\replay\episode_86976938.json,0.7071067811865475,
86977464,1,2,Majkel1337,54618168,majkel_previous,file,C:\Users\shiba\ptcc_pokemon_ai_buttle\data\runs\leaderboard_top50\alakazam\20260717_kaggle_top20\rank02_Majkel1337_sub54618168_previous,episodes\86977464\replay\episode_86977464.json,0.7071067811865475,
86977471,0,2,Majkel1337,54618168,majkel_previous,file,C:\Users\shiba\ptcc_pokemon_ai_buttle\data\runs\leaderboard_top50\alakazam\20260717_kaggle_top20\rank02_Majkel1337_sub54618168_previous,episodes\86977471\replay\episode_86977471.json,0.7071067811865475,
86978000,0,2,Majkel1337,54618168,majkel_previous,file,C:\Users\shiba\ptcc_pokemon_ai_buttle\data\runs\leaderboard_top50\alakazam\20260717_kaggle_top20\rank02_Majkel1337_sub54618168_previous,episodes\86978000\replay\episode_86978000.json,0.7071067811865475,
86978587,1,2,Majkel1337,54618168,majkel_previous,file,C:\Users\shiba\ptcc_pokemon_ai_buttle\data\runs\leaderboard_top50\alakazam\20260717_kaggle_top20\rank02_Majkel1337_sub54618168_previous,episodes\86978587\replay\episode_86978587.json,0.7071067811865475,
86979092,0,2,Majkel1337,54618168,majkel_previous,file,C:\Users\shiba\ptcc_pokemon_ai_buttle\data\runs\leaderboard_top50\alakazam\20260717_kaggle_top20\rank02_Majkel1337_sub54618168_previous,episodes\86979092\replay\episode_86979092.json,0.7071067811865475,
86979113,1,2,Majkel1337,54618168,majkel_previous,file,C:\Users\shiba\ptcc_pokemon_ai_buttle\data\runs\leaderboard_top50\alakazam\20260717_kaggle_top20\rank02_Majkel1337_sub54618168_previous,episodes\86979113\replay\episode_86979113.json,0.7071067811865475,
86979663,1,2,Majkel1337,54618168,majkel_previous,file,C:\Users\shiba\ptcc_pokemon_ai_buttle\data\runs\leaderboard_top50\alakazam\20260717_kaggle_top20\rank02_Majkel1337_sub54618168_previous,episodes\86979663\replay\episode_86979663.json,0.7071067811865475,
86979677,1,2,Majkel1337,54618168,majkel_previous,file,C:\Users\shiba\ptcc_pokemon_ai_buttle\data\runs\leaderboard_top50\alakazam\20260717_kaggle_top20\rank02_Majkel1337_sub54618168_previous,episodes\86979677\replay\episode_86979677.json,0.7071067811865475,
86980194,0,2,Majkel1337,54618168,majkel_previous,file,C:\Users\shiba\ptcc_pokemon_ai_buttle\data\runs\leaderboard_top50\alakazam\20260717_kaggle_top20\rank02_Majkel1337_sub54618168_previous,episodes\86980194\replay\episode_86980194.json,0.7071067811865475,
86980738,1,2,Majkel1337,54618168,majkel_previous,file,C:\Users\shiba\ptcc_pokemon_ai_buttle\data\runs\leaderboard_top50\alakazam\20260717_kaggle_top20\rank02_Majkel1337_sub54618168_previous,episodes\86980738\replay\episode_86980738.json,0.7071067811865475,
86981256,0,2,Majkel1337,54618168,majkel_previous,file,C:\Users\shiba\ptcc_pokemon_ai_buttle\data\runs\leaderboard_top50\alakazam\20260717_kaggle_top20\rank02_Majkel1337_sub54618168_previous,episodes\86981256\replay\episode_86981256.json,0.7071067811865475,
86981716,0,2,Majkel1337,54618168,majkel_previous,file,C:\Users\shiba\ptcc_pokemon_ai_buttle\data\runs\leaderboard_top50\alakazam\20260717_kaggle_top20\rank02_Majkel1337_sub54618168_previous,episodes\86981716\replay\episode_86981716.json,0.7071067811865475,
86982268,0,2,Majkel1337,54618168,majkel_previous,file,C:\Users\shiba\ptcc_pokemon_ai_buttle\data\runs\leaderboard_top50\alakazam\20260717_kaggle_top20\rank02_Majkel1337_sub54618168_previous,episodes\86982268\replay\episode_86982268.json,0.7071067811865475,
86982814,0,2,Majkel1337,54618168,majkel_previous,file,C:\Users\shiba\ptcc_pokemon_ai_buttle\data\runs\leaderboard_top50\alakazam\20260717_kaggle_top20\rank02_Majkel1337_sub54618168_previous,episodes\86982814\replay\episode_86982814.json,0.7071067811865475,
86983354,1,2,Majkel1337,54618168,majkel_previous,file,C:\Users\shiba\ptcc_pokemon_ai_buttle\data\runs\leaderboard_top50\alakazam\20260717_kaggle_top20\rank02_Majkel1337_sub54618168_previous,episodes\86983354\replay\episode_86983354.json,0.7071067811865475,
86983865,0,2,Majkel1337,54618168,majkel_previous,file,C:\Users\shiba\ptcc_pokemon_ai_buttle\data\runs\leaderboard_top50\alakazam\20260717_kaggle_top20\rank02_Majkel1337_sub54618168_previous,episodes\86983865\replay\episode_86983865.json,0.7071067811865475,
86983902,1,2,Majkel1337,54618168,majkel_previous,file,C:\Users\shiba\ptcc_pokemon_ai_buttle\data\runs\leaderboard_top50\alakazam\20260717_kaggle_top20\rank02_Majkel1337_sub54618168_previous,episodes\86983902\replay\episode_86983902.json,0.7071067811865475,
86983908,0,2,Majkel1337,54618168,majkel_previous,file,C:\Users\shiba\ptcc_pokemon_ai_buttle\data\runs\leaderboard_top50\alakazam\20260717_kaggle_top20\rank02_Majkel1337_sub54618168_previous,episodes\86983908\replay\episode_86983908.json,0.7071067811865475,
86983909,0,2,Majkel1337,54618168,majkel_previous,file,C:\Users\shiba\ptcc_pokemon_ai_buttle\data\runs\leaderboard_top50\alakazam\20260717_kaggle_top20\rank02_Majkel1337_sub54618168_previous,episodes\86983909\replay\episode_86983909.json,0.7071067811865475,
86984481,1,2,Majkel1337,54618168,majkel_previous,file,C:\Users\shiba\ptcc_pokemon_ai_buttle\data\runs\leaderboard_top50\alakazam\20260717_kaggle_top20\rank02_Majkel1337_sub54618168_previous,episodes\86984481\replay\episode_86984481.json,0.7071067811865475,
86985030,1,2,Majkel1337,54618168,majkel_previous,file,C:\Users\shiba\ptcc_pokemon_ai_buttle\data\runs\leaderboard_top50\alakazam\20260717_kaggle_top20\rank02_Majkel1337_sub54618168_previous,episodes\86985030\replay\episode_86985030.json,0.7071067811865475,
86985543,1,2,Majkel1337,54618168,majkel_previous,file,C:\Users\shiba\ptcc_pokemon_ai_buttle\data\runs\leaderboard_top50\alakazam\20260717_kaggle_top20\rank02_Majkel1337_sub54618168_previous,episodes\86985543\replay\episode_86985543.json,0.7071067811865475,
86985581,0,2,Majkel1337,54618168,majkel_previous,file,C:\Users\shiba\ptcc_pokemon_ai_buttle\data\runs\leaderboard_top50\alakazam\20260717_kaggle_top20\rank02_Majkel1337_sub54618168_previous,episodes\86985581\replay\episode_86985581.json,0.7071067811865475,
86986090,1,2,Majkel1337,54618168,majkel_previous,file,C:\Users\shiba\ptcc_pokemon_ai_buttle\data\runs\leaderboard_top50\alakazam\20260717_kaggle_top20\rank02_Majkel1337_sub54618168_previous,episodes\86986090\replay\episode_86986090.json,0.7071067811865475,
86986114,0,2,Majkel1337,54618168,majkel_previous,file,C:\Users\shiba\ptcc_pokemon_ai_buttle\data\runs\leaderboard_top50\alakazam\20260717_kaggle_top20\rank02_Majkel1337_sub54618168_previous,episodes\86986114\replay\episode_86986114.json,0.7071067811865475,
86986121,0,2,Majkel1337,54618168,majkel_previous,file,C:\Users\shiba\ptcc_pokemon_ai_buttle\data\runs\leaderboard_top50\alakazam\20260717_kaggle_top20\rank02_Majkel1337_sub54618168_previous,episodes\86986121\replay\episode_86986121.json,0.7071067811865475,
86986668,0,2,Majkel1337,54618168,majkel_previous,file,C:\Users\shiba\ptcc_pokemon_ai_buttle\data\runs\leaderboard_top50\alakazam\20260717_kaggle_top20\rank02_Majkel1337_sub54618168_previous,episodes\86986668\replay\episode_86986668.json,0.7071067811865475,
86986678,1,2,Majkel1337,54618168,majkel_previous,file,C:\Users\shiba\ptcc_pokemon_ai_buttle\data\runs\leaderboard_top50\alakazam\20260717_kaggle_top20\rank02_Majkel1337_sub54618168_previous,episodes\86986678\replay\episode_86986678.json,0.7071067811865475,
86986683,1,2,Majkel1337,54618168,majkel_previous,file,C:\Users\shiba\ptcc_pokemon_ai_buttle\data\runs\leaderboard_top50\alakazam\20260717_kaggle_top20\rank02_Majkel1337_sub54618168_previous,episodes\86986683\replay\episode_86986683.json,0.7071067811865475,
86987260,0,2,Majkel1337,54618168,majkel_previous,file,C:\Users\shiba\ptcc_pokemon_ai_buttle\data\runs\leaderboard_top50\alakazam\20260717_kaggle_top20\rank02_Majkel1337_sub54618168_previous,episodes\86987260\replay\episode_86987260.json,0.7071067811865475,
86987852,1,2,Majkel1337,54618168,majkel_previous,file,C:\Users\shiba\ptcc_pokemon_ai_buttle\data\runs\leaderboard_top50\alakazam\20260717_kaggle_top20\rank02_Majkel1337_sub54618168_previous,episodes\86987852\replay\episode_86987852.json,0.7071067811865475,
86988390,1,2,Majkel1337,54618168,majkel_previous,file,C:\Users\shiba\ptcc_pokemon_ai_buttle\data\runs\leaderboard_top50\alakazam\20260717_kaggle_top20\rank02_Majkel1337_sub54618168_previous,episodes\86988390\replay\episode_86988390.json,0.7071067811865475,
86990053,1,2,Majkel1337,54618168,majkel_previous,file,C:\Users\shiba\ptcc_pokemon_ai_buttle\data\runs\leaderboard_top50\alakazam\20260717_kaggle_top20\rank02_Majkel1337_sub54618168_previous,episodes\86990053\replay\episode_86990053.json,0.7071067811865475,
86995918,1,2,Majkel1337,54618168,majkel_previous,file,C:\Users\shiba\ptcc_pokemon_ai_buttle\data\runs\leaderboard_top50\alakazam\20260717_kaggle_top20\rank02_Majkel1337_sub54618168_previous,episodes\86995918\replay\episode_86995918.json,0.7071067811865475,
86995958,0,2,Majkel1337,54618168,majkel_previous,file,C:\Users\shiba\ptcc_pokemon_ai_buttle\data\runs\leaderboard_top50\alakazam\20260717_kaggle_top20\rank02_Majkel1337_sub54618168_previous,episodes\86995958\replay\episode_86995958.json,0.7071067811865475,
86996930,1,2,Majkel1337,54618168,majkel_previous,file,C:\Users\shiba\ptcc_pokemon_ai_buttle\data\runs\leaderboard_top50\alakazam\20260717_kaggle_top20\rank02_Majkel1337_sub54618168_previous,episodes\86996930\replay\episode_86996930.json,0.7071067811865475,
87001517,1,2,Majkel1337,54618168,majkel_previous,file,C:\Users\shiba\ptcc_pokemon_ai_buttle\data\runs\leaderboard_top50\alakazam\20260717_kaggle_top20\rank02_Majkel1337_sub54618168_previous,episodes\87001517\replay\episode_87001517.json,0.7071067811865475,
87008020,0,2,Majkel1337,54618168,majkel_previous,file,C:\Users\shiba\ptcc_pokemon_ai_buttle\data\runs\leaderboard_top50\alakazam\20260717_kaggle_top20\rank02_Majkel1337_sub54618168_previous,episodes\87008020\replay\episode_87008020.json,0.7071067811865475,
87008266,0,2,Majkel1337,54618168,majkel_previous,file,C:\Users\shiba\ptcc_pokemon_ai_buttle\data\runs\leaderboard_top50\alakazam\20260717_kaggle_top20\rank02_Majkel1337_sub54618168_previous,episodes\87008266\replay\episode_87008266.json,0.7071067811865475,
87012694,0,2,Majkel1337,54618168,majkel_previous,file,C:\Users\shiba\ptcc_pokemon_ai_buttle\data\runs\leaderboard_top50\alakazam\20260717_kaggle_top20\rank02_Majkel1337_sub54618168_previous,episodes\87012694\replay\episode_87012694.json,0.7071067811865475,
87013224,0,2,Majkel1337,54618168,majkel_previous,file,C:\Users\shiba\ptcc_pokemon_ai_buttle\data\runs\leaderboard_top50\alakazam\20260717_kaggle_top20\rank02_Majkel1337_sub54618168_previous,episodes\87013224\replay\episode_87013224.json,0.7071067811865475,
87016879,0,2,Majkel1337,54618168,majkel_previous,file,C:\Users\shiba\ptcc_pokemon_ai_buttle\data\runs\leaderboard_top50\alakazam\20260717_kaggle_top20\rank02_Majkel1337_sub54618168_previous,episodes\87016879\replay\episode_87016879.json,0.7071067811865475,
87021207,0,2,Majkel1337,54618168,majkel_previous,file,C:\Users\shiba\ptcc_pokemon_ai_buttle\data\runs\leaderboard_top50\alakazam\20260717_kaggle_top20\rank02_Majkel1337_sub54618168_previous,episodes\87021207\replay\episode_87021207.json,0.7071067811865475,
87024464,0,2,Majkel1337,54618168,majkel_previous,file,C:\Users\shiba\ptcc_pokemon_ai_buttle\data\runs\leaderboard_top50\alakazam\20260717_kaggle_top20\rank02_Majkel1337_sub54618168_previous,episodes\87024464\replay\episode_87024464.json,0.7071067811865475,
87030080,1,2,Majkel1337,54618168,majkel_previous,file,C:\Users\shiba\ptcc_pokemon_ai_buttle\data\runs\leaderboard_top50\alakazam\20260717_kaggle_top20\rank02_Majkel1337_sub54618168_previous,episodes\87030080\replay\episode_87030080.json,0.7071067811865475,
87036042,0,2,Majkel1337,54618168,majkel_previous,file,C:\Users\shiba\ptcc_pokemon_ai_buttle\data\runs\leaderboard_top50\alakazam\20260717_kaggle_top20\rank02_Majkel1337_sub54618168_previous,episodes\87036042\replay\episode_87036042.json,0.7071067811865475,
87037350,1,2,Majkel1337,54618168,majkel_previous,file,C:\Users\shiba\ptcc_pokemon_ai_buttle\data\runs\leaderboard_top50\alakazam\20260717_kaggle_top20\rank02_Majkel1337_sub54618168_previous,episodes\87037350\replay\episode_87037350.json,0.7071067811865475,
87044239,1,2,Majkel1337,54618168,majkel_previous,file,C:\Users\shiba\ptcc_pokemon_ai_buttle\data\runs\leaderboard_top50\alakazam\20260717_kaggle_top20\rank02_Majkel1337_sub54618168_previous,episodes\87044239\replay\episode_87044239.json,0.7071067811865475,
87050620,0,2,Majkel1337,54618168,majkel_previous,file,C:\Users\shiba\ptcc_pokemon_ai_buttle\data\runs\leaderboard_top50\alakazam\20260717_kaggle_top20\rank02_Majkel1337_sub54618168_previous,episodes\87050620\replay\episode_87050620.json,0.7071067811865475,
87050677,0,2,Majkel1337,54618168,majkel_previous,file,C:\Users\shiba\ptcc_pokemon_ai_buttle\data\runs\leaderboard_top50\alakazam\20260717_kaggle_top20\rank02_Majkel1337_sub54618168_previous,episodes\87050677\replay\episode_87050677.json,0.7071067811865475,
87057176,1,2,Majkel1337,54618168,majkel_previous,file,C:\Users\shiba\ptcc_pokemon_ai_buttle\data\runs\leaderboard_top50\alakazam\20260717_kaggle_top20\rank02_Majkel1337_sub54618168_previous,episodes\87057176\replay\episode_87057176.json,0.7071067811865475,
87062624,1,2,Majkel1337,54618168,majkel_previous,file,C:\Users\shiba\ptcc_pokemon_ai_buttle\data\runs\leaderboard_top50\alakazam\20260717_kaggle_top20\rank02_Majkel1337_sub54618168_previous,episodes\87062624\replay\episode_87062624.json,0.7071067811865475,
87063516,1,2,Majkel1337,54618168,majkel_previous,file,C:\Users\shiba\ptcc_pokemon_ai_buttle\data\runs\leaderboard_top50\alakazam\20260717_kaggle_top20\rank02_Majkel1337_sub54618168_previous,episodes\87063516\replay\episode_87063516.json,0.7071067811865475,
87066963,1,2,Majkel1337,54618168,majkel_previous,file,C:\Users\shiba\ptcc_pokemon_ai_buttle\data\runs\leaderboard_top50\alakazam\20260717_kaggle_top20\rank02_Majkel1337_sub54618168_previous,episodes\87066963\replay\episode_87066963.json,0.7071067811865475,
87074449,0,2,Majkel1337,54618168,majkel_previous,file,C:\Users\shiba\ptcc_pokemon_ai_buttle\data\runs\leaderboard_top50\alakazam\20260717_kaggle_top20\rank02_Majkel1337_sub54618168_previous,episodes\87074449\replay\episode_87074449.json,0.7071067811865475,
87074554,1,2,Majkel1337,54618168,majkel_previous,file,C:\Users\shiba\ptcc_pokemon_ai_buttle\data\runs\leaderboard_top50\alakazam\20260717_kaggle_top20\rank02_Majkel1337_sub54618168_previous,episodes\87074554\replay\episode_87074554.json,0.7071067811865475,
87083216,1,2,Majkel1337,54618168,majkel_previous,file,C:\Users\shiba\ptcc_pokemon_ai_buttle\data\runs\leaderboard_top50\alakazam\20260717_kaggle_top20\rank02_Majkel1337_sub54618168_previous,episodes\87083216\replay\episode_87083216.json,0.7071067811865475,
87089466,0,2,Majkel1337,54618168,majkel_previous,file,C:\Users\shiba\ptcc_pokemon_ai_buttle\data\runs\leaderboard_top50\alakazam\20260717_kaggle_top20\rank02_Majkel1337_sub54618168_previous,episodes\87089466\replay\episode_87089466.json,0.7071067811865475,
87089524,1,2,Majkel1337,54618168,majkel_previous,file,C:\Users\shiba\ptcc_pokemon_ai_buttle\data\runs\leaderboard_top50\alakazam\20260717_kaggle_top20\rank02_Majkel1337_sub54618168_previous,episodes\87089524\replay\episode_87089524.json,0.7071067811865475,
87094419,0,2,Majkel1337,54618168,majkel_previous,file,C:\Users\shiba\ptcc_pokemon_ai_buttle\data\runs\leaderboard_top50\alakazam\20260717_kaggle_top20\rank02_Majkel1337_sub54618168_previous,episodes\87094419\replay\episode_87094419.json,0.7071067811865475,
87103802,0,2,Majkel1337,54618168,majkel_previous,file,C:\Users\shiba\ptcc_pokemon_ai_buttle\data\runs\leaderboard_top50\alakazam\20260717_kaggle_top20\rank02_Majkel1337_sub54618168_previous,episodes\87103802\replay\episode_87103802.json,0.7071067811865475,
87105713,0,2,Majkel1337,54618168,majkel_previous,file,C:\Users\shiba\ptcc_pokemon_ai_buttle\data\runs\leaderboard_top50\alakazam\20260717_kaggle_top20\rank02_Majkel1337_sub54618168_previous,episodes\87105713\replay\episode_87105713.json,0.7071067811865475,
87105742,1,2,Majkel1337,54618168,majkel_previous,file,C:\Users\shiba\ptcc_pokemon_ai_buttle\data\runs\leaderboard_top50\alakazam\20260717_kaggle_top20\rank02_Majkel1337_sub54618168_previous,episodes\87105742\replay\episode_87105742.json,0.7071067811865475,
87111242,0,2,Majkel1337,54618168,majkel_previous,file,C:\Users\shiba\ptcc_pokemon_ai_buttle\data\runs\leaderboard_top50\alakazam\20260717_kaggle_top20\rank02_Majkel1337_sub54618168_previous,episodes\87111242\replay\episode_87111242.json,0.7071067811865475,
87114050,0,2,Majkel1337,54618168,majkel_previous,file,C:\Users\shiba\ptcc_pokemon_ai_buttle\data\runs\leaderboard_top50\alakazam\20260717_kaggle_top20\rank02_Majkel1337_sub54618168_previous,episodes\87114050\replay\episode_87114050.json,0.7071067811865475,
87115885,0,2,Majkel1337,54618168,majkel_previous,file,C:\Users\shiba\ptcc_pokemon_ai_buttle\data\runs\leaderboard_top50\alakazam\20260717_kaggle_top20\rank02_Majkel1337_sub54618168_previous,episodes\87115885\replay\episode_87115885.json,0.7071067811865475,
87116682,0,2,Majkel1337,54618168,majkel_previous,file,C:\Users\shiba\ptcc_pokemon_ai_buttle\data\runs\leaderboard_top50\alakazam\20260717_kaggle_top20\rank02_Majkel1337_sub54618168_previous,episodes\87116682\replay\episode_87116682.json,0.7071067811865475,
87117607,0,2,Majkel1337,54618168,majkel_previous,file,C:\Users\shiba\ptcc_pokemon_ai_buttle\data\runs\leaderboard_top50\alakazam\20260717_kaggle_top20\rank02_Majkel1337_sub54618168_previous,episodes\87117607\replay\episode_87117607.json,0.7071067811865475,
87121453,0,2,Majkel1337,54618168,majkel_previous,file,C:\Users\shiba\ptcc_pokemon_ai_buttle\data\runs\leaderboard_top50\alakazam\20260717_kaggle_top20\rank02_Majkel1337_sub54618168_previous,episodes\87121453\replay\episode_87121453.json,0.7071067811865475,
87121903,0,2,Majkel1337,54618168,majkel_previous,file,C:\Users\shiba\ptcc_pokemon_ai_buttle\data\runs\leaderboard_top50\alakazam\20260717_kaggle_top20\rank02_Majkel1337_sub54618168_previous,episodes\87121903\replay\episode_87121903.json,0.7071067811865475,
87122843,0,2,Majkel1337,54618168,majkel_previous,file,C:\Users\shiba\ptcc_pokemon_ai_buttle\data\runs\leaderboard_top50\alakazam\20260717_kaggle_top20\rank02_Majkel1337_sub54618168_previous,episodes\87122843\replay\episode_87122843.json,0.7071067811865475,
87124652,1,2,Majkel1337,54618168,majkel_previous,file,C:\Users\shiba\ptcc_pokemon_ai_buttle\data\runs\leaderboard_top50\alakazam\20260717_kaggle_top20\rank02_Majkel1337_sub54618168_previous,episodes\87124652\replay\episode_87124652.json,0.7071067811865475,
87125010,0,2,Majkel1337,54618168,majkel_previous,file,C:\Users\shiba\ptcc_pokemon_ai_buttle\data\runs\leaderboard_top50\alakazam\20260717_kaggle_top20\rank02_Majkel1337_sub54618168_previous,episodes\87125010\replay\episode_87125010.json,0.7071067811865475,
87127982,1,2,Majkel1337,54618168,majkel_previous,file,C:\Users\shiba\ptcc_pokemon_ai_buttle\data\runs\leaderboard_top50\alakazam\20260717_kaggle_top20\rank02_Majkel1337_sub54618168_previous,episodes\87127982\replay\episode_87127982.json,0.7071067811865475,
87128206,1,2,Majkel1337,54618168,majkel_previous,file,C:\Users\shiba\ptcc_pokemon_ai_buttle\data\runs\leaderboard_top50\alakazam\20260717_kaggle_top20\rank02_Majkel1337_sub54618168_previous,episodes\87128206\replay\episode_87128206.json,0.7071067811865475,
87130564,0,2,Majkel1337,54618168,majkel_previous,file,C:\Users\shiba\ptcc_pokemon_ai_buttle\data\runs\leaderboard_top50\alakazam\20260717_kaggle_top20\rank02_Majkel1337_sub54618168_previous,episodes\87130564\replay\episode_87130564.json,0.7071067811865475,
87132192,0,2,Majkel1337,54618168,majkel_previous,file,C:\Users\shiba\ptcc_pokemon_ai_buttle\data\runs\leaderboard_top50\alakazam\20260717_kaggle_top20\rank02_Majkel1337_sub54618168_previous,episodes\87132192\replay\episode_87132192.json,0.7071067811865475,
87133266,0,2,Majkel1337,54618168,majkel_previous,file,C:\Users\shiba\ptcc_pokemon_ai_buttle\data\runs\leaderboard_top50\alakazam\20260717_kaggle_top20\rank02_Majkel1337_sub54618168_previous,episodes\87133266\replay\episode_87133266.json,0.7071067811865475,
87133705,0,2,Majkel1337,54618168,majkel_previous,file,C:\Users\shiba\ptcc_pokemon_ai_buttle\data\runs\leaderboard_top50\alakazam\20260717_kaggle_top20\rank02_Majkel1337_sub54618168_previous,episodes\87133705\replay\episode_87133705.json,0.7071067811865475,
87133816,1,2,Majkel1337,54618168,majkel_previous,file,C:\Users\shiba\ptcc_pokemon_ai_buttle\data\runs\leaderboard_top50\alakazam\20260717_kaggle_top20\rank02_Majkel1337_sub54618168_previous,episodes\87133816\replay\episode_87133816.json,0.7071067811865475,
87134266,0,2,Majkel1337,54618168,majkel_previous,file,C:\Users\shiba\ptcc_pokemon_ai_buttle\data\runs\leaderboard_top50\alakazam\20260717_kaggle_top20\rank02_Majkel1337_sub54618168_previous,episodes\87134266\replay\episode_87134266.json,0.7071067811865475,
87134799,0,2,Majkel1337,54618168,majkel_previous,file,C:\Users\shiba\ptcc_pokemon_ai_buttle\data\runs\leaderboard_top50\alakazam\20260717_kaggle_top20\rank02_Majkel1337_sub54618168_previous,episodes\87134799\replay\episode_87134799.json,0.7071067811865475,
87135272,0,2,Majkel1337,54618168,majkel_previous,file,C:\Users\shiba\ptcc_pokemon_ai_buttle\data\runs\leaderboard_top50\alakazam\20260717_kaggle_top20\rank02_Majkel1337_sub54618168_previous,episodes\87135272\replay\episode_87135272.json,0.7071067811865475,
87135315,0,2,Majkel1337,54618168,majkel_previous,file,C:\Users\shiba\ptcc_pokemon_ai_buttle\data\runs\leaderboard_top50\alakazam\20260717_kaggle_top20\rank02_Majkel1337_sub54618168_previous,episodes\87135315\replay\episode_87135315.json,0.7071067811865475,
87135830,0,2,Majkel1337,54618168,majkel_previous,file,C:\Users\shiba\ptcc_pokemon_ai_buttle\data\runs\leaderboard_top50\alakazam\20260717_kaggle_top20\rank02_Majkel1337_sub54618168_previous,episodes\87135830\replay\episode_87135830.json,0.7071067811865475,
87136328,1,2,Majkel1337,54618168,majkel_previous,file,C:\Users\shiba\ptcc_pokemon_ai_buttle\data\runs\leaderboard_top50\alakazam\20260717_kaggle_top20\rank02_Majkel1337_sub54618168_previous,episodes\87136328\replay\episode_87136328.json,0.7071067811865475,
87136800,1,2,Majkel1337,54618168,majkel_previous,file,C:\Users\shiba\ptcc_pokemon_ai_buttle\data\runs\leaderboard_top50\alakazam\20260717_kaggle_top20\rank02_Majkel1337_sub54618168_previous,episodes\87136800\replay\episode_87136800.json,0.7071067811865475,
87137477,1,2,Majkel1337,54618168,majkel_previous,file,C:\Users\shiba\ptcc_pokemon_ai_buttle\data\runs\leaderboard_top50\alakazam\20260717_kaggle_top20\rank02_Majkel1337_sub54618168_previous,episodes\87137477\replay\episode_87137477.json,0.7071067811865475,
87137484,1,2,Majkel1337,54618168,majkel_previous,file,C:\Users\shiba\ptcc_pokemon_ai_buttle\data\runs\leaderboard_top50\alakazam\20260717_kaggle_top20\rank02_Majkel1337_sub54618168_previous,episodes\87137484\replay\episode_87137484.json,0.7071067811865475,
87137493,0,2,Majkel1337,54618168,majkel_previous,file,C:\Users\shiba\ptcc_pokemon_ai_buttle\data\runs\leaderboard_top50\alakazam\20260717_kaggle_top20\rank02_Majkel1337_sub54618168_previous,episodes\87137493\replay\episode_87137493.json,0.7071067811865475,
87137890,1,2,Majkel1337,54618168,majkel_previous,file,C:\Users\shiba\ptcc_pokemon_ai_buttle\data\runs\leaderboard_top50\alakazam\20260717_kaggle_top20\rank02_Majkel1337_sub54618168_previous,episodes\87137890\replay\episode_87137890.json,0.7071067811865475,
87138477,0,2,Majkel1337,54618168,majkel_previous,file,C:\Users\shiba\ptcc_pokemon_ai_buttle\data\runs\leaderboard_top50\alakazam\20260717_kaggle_top20\rank02_Majkel1337_sub54618168_previous,episodes\87138477\replay\episode_87138477.json,0.7071067811865475,
87138917,0,2,Majkel1337,54618168,majkel_previous,file,C:\Users\shiba\ptcc_pokemon_ai_buttle\data\runs\leaderboard_top50\alakazam\20260717_kaggle_top20\rank02_Majkel1337_sub54618168_previous,episodes\87138917\replay\episode_87138917.json,0.7071067811865475,
87139434,1,2,Majkel1337,54618168,majkel_previous,file,C:\Users\shiba\ptcc_pokemon_ai_buttle\data\runs\leaderboard_top50\alakazam\20260717_kaggle_top20\rank02_Majkel1337_sub54618168_previous,episodes\87139434\replay\episode_87139434.json,0.7071067811865475,
87139953,0,2,Majkel1337,54618168,majkel_previous,file,C:\Users\shiba\ptcc_pokemon_ai_buttle\data\runs\leaderboard_top50\alakazam\20260717_kaggle_top20\rank02_Majkel1337_sub54618168_previous,episodes\87139953\replay\episode_87139953.json,0.7071067811865475,
87140478,0,2,Majkel1337,54618168,majkel_previous,file,C:\Users\shiba\ptcc_pokemon_ai_buttle\data\runs\leaderboard_top50\alakazam\20260717_kaggle_top20\rank02_Majkel1337_sub54618168_previous,episodes\87140478\replay\episode_87140478.json,0.7071067811865475,
87141004,1,2,Majkel1337,54618168,majkel_previous,file,C:\Users\shiba\ptcc_pokemon_ai_buttle\data\runs\leaderboard_top50\alakazam\20260717_kaggle_top20\rank02_Majkel1337_sub54618168_previous,episodes\87141004\replay\episode_87141004.json,0.7071067811865475,
87141520,1,2,Majkel1337,54618168,majkel_previous,file,C:\Users\shiba\ptcc_pokemon_ai_buttle\data\runs\leaderboard_top50\alakazam\20260717_kaggle_top20\rank02_Majkel1337_sub54618168_previous,episodes\87141520\replay\episode_87141520.json,0.7071067811865475,
87142022,0,2,Majkel1337,54618168,majkel_previous,file,C:\Users\shiba\ptcc_pokemon_ai_buttle\data\runs\leaderboard_top50\alakazam\20260717_kaggle_top20\rank02_Majkel1337_sub54618168_previous,episodes\87142022\replay\episode_87142022.json,0.7071067811865475,
87142024,1,2,Majkel1337,54618168,majkel_previous,file,C:\Users\shiba\ptcc_pokemon_ai_buttle\data\runs\leaderboard_top50\alakazam\20260717_kaggle_top20\rank02_Majkel1337_sub54618168_previous,episodes\87142024\replay\episode_87142024.json,0.7071067811865475,
87142041,0,2,Majkel1337,54618168,majkel_previous,file,C:\Users\shiba\ptcc_pokemon_ai_buttle\data\runs\leaderboard_top50\alakazam\20260717_kaggle_top20\rank02_Majkel1337_sub54618168_previous,episodes\87142041\replay\episode_87142041.json,0.7071067811865475,
87142569,1,2,Majkel1337,54618168,majkel_previous,file,C:\Users\shiba\ptcc_pokemon_ai_buttle\data\runs\leaderboard_top50\alakazam\20260717_kaggle_top20\rank02_Majkel1337_sub54618168_previous,episodes\87142569\replay\episode_87142569.json,0.7071067811865475,
87143103,0,2,Majkel1337,54618168,majkel_previous,file,C:\Users\shiba\ptcc_pokemon_ai_buttle\data\runs\leaderboard_top50\alakazam\20260717_kaggle_top20\rank02_Majkel1337_sub54618168_previous,episodes\87143103\replay\episode_87143103.json,0.7071067811865475,
87143629,0,2,Majkel1337,54618168,majkel_previous,file,C:\Users\shiba\ptcc_pokemon_ai_buttle\data\runs\leaderboard_top50\alakazam\20260717_kaggle_top20\rank02_Majkel1337_sub54618168_previous,episodes\87143629\replay\episode_87143629.json,0.7071067811865475,
87144149,0,2,Majkel1337,54618168,majkel_previous,file,C:\Users\shiba\ptcc_pokemon_ai_buttle\data\runs\leaderboard_top50\alakazam\20260717_kaggle_top20\rank02_Majkel1337_sub54618168_previous,episodes\87144149\replay\episode_87144149.json,0.7071067811865475,
87144669,0,2,Majkel1337,54618168,majkel_previous,file,C:\Users\shiba\ptcc_pokemon_ai_buttle\data\runs\leaderboard_top50\alakazam\20260717_kaggle_top20\rank02_Majkel1337_sub54618168_previous,episodes\87144669\replay\episode_87144669.json,0.7071067811865475,
87144691,0,2,Majkel1337,54618168,majkel_previous,file,C:\Users\shiba\ptcc_pokemon_ai_buttle\data\runs\leaderboard_top50\alakazam\20260717_kaggle_top20\rank02_Majkel1337_sub54618168_previous,episodes\87144691\replay\episode_87144691.json,0.7071067811865475,
87145079,1,2,Majkel1337,54618168,majkel_previous,file,C:\Users\shiba\ptcc_pokemon_ai_buttle\data\runs\leaderboard_top50\alakazam\20260717_kaggle_top20\rank02_Majkel1337_sub54618168_previous,episodes\87145079\replay\episode_87145079.json,0.7071067811865475,
87145204,0,2,Majkel1337,54618168,majkel_previous,file,C:\Users\shiba\ptcc_pokemon_ai_buttle\data\runs\leaderboard_top50\alakazam\20260717_kaggle_top20\rank02_Majkel1337_sub54618168_previous,episodes\87145204\replay\episode_87145204.json,0.7071067811865475,
87145715,0,2,Majkel1337,54618168,majkel_previous,file,C:\Users\shiba\ptcc_pokemon_ai_buttle\data\runs\leaderboard_top50\alakazam\20260717_kaggle_top20\rank02_Majkel1337_sub54618168_previous,episodes\87145715\replay\episode_87145715.json,0.7071067811865475,
87145728,1,2,Majkel1337,54618168,majkel_previous,file,C:\Users\shiba\ptcc_pokemon_ai_buttle\data\runs\leaderboard_top50\alakazam\20260717_kaggle_top20\rank02_Majkel1337_sub54618168_previous,episodes\87145728\replay\episode_87145728.json,0.7071067811865475,
87146252,0,2,Majkel1337,54618168,majkel_previous,file,C:\Users\shiba\ptcc_pokemon_ai_buttle\data\runs\leaderboard_top50\alakazam\20260717_kaggle_top20\rank02_Majkel1337_sub54618168_previous,episodes\87146252\replay\episode_87146252.json,0.7071067811865475,
87146782,0,2,Majkel1337,54618168,majkel_previous,file,C:\Users\shiba\ptcc_pokemon_ai_buttle\data\runs\leaderboard_top50\alakazam\20260717_kaggle_top20\rank02_Majkel1337_sub54618168_previous,episodes\87146782\replay\episode_87146782.json,0.7071067811865475,
87146823,0,2,Majkel1337,54618168,majkel_previous,file,C:\Users\shiba\ptcc_pokemon_ai_buttle\data\runs\leaderboard_top50\alakazam\20260717_kaggle_top20\rank02_Majkel1337_sub54618168_previous,episodes\87146823\replay\episode_87146823.json,0.7071067811865475,
87147315,1,2,Majkel1337,54618168,majkel_previous,file,C:\Users\shiba\ptcc_pokemon_ai_buttle\data\runs\leaderboard_top50\alakazam\20260717_kaggle_top20\rank02_Majkel1337_sub54618168_previous,episodes\87147315\replay\episode_87147315.json,0.7071067811865475,
87147851,0,2,Majkel1337,54618168,majkel_previous,file,C:\Users\shiba\ptcc_pokemon_ai_buttle\data\runs\leaderboard_top50\alakazam\20260717_kaggle_top20\rank02_Majkel1337_sub54618168_previous,episodes\87147851\replay\episode_87147851.json,0.7071067811865475,
87148380,0,2,Majkel1337,54618168,majkel_previous,file,C:\Users\shiba\ptcc_pokemon_ai_buttle\data\runs\leaderboard_top50\alakazam\20260717_kaggle_top20\rank02_Majkel1337_sub54618168_previous,episodes\87148380\replay\episode_87148380.json,0.7071067811865475,
87148909,1,2,Majkel1337,54618168,majkel_previous,file,C:\Users\shiba\ptcc_pokemon_ai_buttle\data\runs\leaderboard_top50\alakazam\20260717_kaggle_top20\rank02_Majkel1337_sub54618168_previous,episodes\87148909\replay\episode_87148909.json,0.7071067811865475,
87149448,0,2,Majkel1337,54618168,majkel_previous,file,C:\Users\shiba\ptcc_pokemon_ai_buttle\data\runs\leaderboard_top50\alakazam\20260717_kaggle_top20\rank02_Majkel1337_sub54618168_previous,episodes\87149448\replay\episode_87149448.json,0.7071067811865475,
87149586,0,2,Majkel1337,54618168,majkel_previous,file,C:\Users\shiba\ptcc_pokemon_ai_buttle\data\runs\leaderboard_top50\alakazam\20260717_kaggle_top20\rank02_Majkel1337_sub54618168_previous,episodes\87149586\replay\episode_87149586.json,0.7071067811865475,
87149967,0,2,Majkel1337,54618168,majkel_previous,file,C:\Users\shiba\ptcc_pokemon_ai_buttle\data\runs\leaderboard_top50\alakazam\20260717_kaggle_top20\rank02_Majkel1337_sub54618168_previous,episodes\87149967\replay\episode_87149967.json,0.7071067811865475,
87150479,0,2,Majkel1337,54618168,majkel_previous,file,C:\Users\shiba\ptcc_pokemon_ai_buttle\data\runs\leaderboard_top50\alakazam\20260717_kaggle_top20\rank02_Majkel1337_sub54618168_previous,episodes\87150479\replay\episode_87150479.json,0.7071067811865475,
87151012,0,2,Majkel1337,54618168,majkel_previous,file,C:\Users\shiba\ptcc_pokemon_ai_buttle\data\runs\leaderboard_top50\alakazam\20260717_kaggle_top20\rank02_Majkel1337_sub54618168_previous,episodes\87151012\replay\episode_87151012.json,0.7071067811865475,
87151539,0,2,Majkel1337,54618168,majkel_previous,file,C:\Users\shiba\ptcc_pokemon_ai_buttle\data\runs\leaderboard_top50\alakazam\20260717_kaggle_top20\rank02_Majkel1337_sub54618168_previous,episodes\87151539\replay\episode_87151539.json,0.7071067811865475,
87152059,1,2,Majkel1337,54618168,majkel_previous,file,C:\Users\shiba\ptcc_pokemon_ai_buttle\data\runs\leaderboard_top50\alakazam\20260717_kaggle_top20\rank02_Majkel1337_sub54618168_previous,episodes\87152059\replay\episode_87152059.json,0.7071067811865475,
87152079,1,2,Majkel1337,54618168,majkel_previous,file,C:\Users\shiba\ptcc_pokemon_ai_buttle\data\runs\leaderboard_top50\alakazam\20260717_kaggle_top20\rank02_Majkel1337_sub54618168_previous,episodes\87152079\replay\episode_87152079.json,0.7071067811865475,
87152590,0,2,Majkel1337,54618168,majkel_previous,file,C:\Users\shiba\ptcc_pokemon_ai_buttle\data\runs\leaderboard_top50\alakazam\20260717_kaggle_top20\rank02_Majkel1337_sub54618168_previous,episodes\87152590\replay\episode_87152590.json,0.7071067811865475,
87153114,0,2,Majkel1337,54618168,majkel_previous,file,C:\Users\shiba\ptcc_pokemon_ai_buttle\data\runs\leaderboard_top50\alakazam\20260717_kaggle_top20\rank02_Majkel1337_sub54618168_previous,episodes\87153114\replay\episode_87153114.json,0.7071067811865475,
87153124,0,2,Majkel1337,54618168,majkel_previous,file,C:\Users\shiba\ptcc_pokemon_ai_buttle\data\runs\leaderboard_top50\alakazam\20260717_kaggle_top20\rank02_Majkel1337_sub54618168_previous,episodes\87153124\replay\episode_87153124.json,0.7071067811865475,
87153648,1,2,Majkel1337,54618168,majkel_previous,file,C:\Users\shiba\ptcc_pokemon_ai_buttle\data\runs\leaderboard_top50\alakazam\20260717_kaggle_top20\rank02_Majkel1337_sub54618168_previous,episodes\87153648\replay\episode_87153648.json,0.7071067811865475,
87153659,1,2,Majkel1337,54618168,majkel_previous,file,C:\Users\shiba\ptcc_pokemon_ai_buttle\data\runs\leaderboard_top50\alakazam\20260717_kaggle_top20\rank02_Majkel1337_sub54618168_previous,episodes\87153659\replay\episode_87153659.json,0.7071067811865475,
87153660,0,2,Majkel1337,54618168,majkel_previous,file,C:\Users\shiba\ptcc_pokemon_ai_buttle\data\runs\leaderboard_top50\alakazam\20260717_kaggle_top20\rank02_Majkel1337_sub54618168_previous,episodes\87153660\replay\episode_87153660.json,0.7071067811865475,
87153679,1,2,Majkel1337,54618168,majkel_previous,file,C:\Users\shiba\ptcc_pokemon_ai_buttle\data\runs\leaderboard_top50\alakazam\20260717_kaggle_top20\rank02_Majkel1337_sub54618168_previous,episodes\87153679\replay\episode_87153679.json,0.7071067811865475,
87154155,0,2,Majkel1337,54618168,majkel_previous,file,C:\Users\shiba\ptcc_pokemon_ai_buttle\data\runs\leaderboard_top50\alakazam\20260717_kaggle_top20\rank02_Majkel1337_sub54618168_previous,episodes\87154155\replay\episode_87154155.json,0.7071067811865475,
87154189,1,2,Majkel1337,54618168,majkel_previous,file,C:\Users\shiba\ptcc_pokemon_ai_buttle\data\runs\leaderboard_top50\alakazam\20260717_kaggle_top20\rank02_Majkel1337_sub54618168_previous,episodes\87154189\replay\episode_87154189.json,0.7071067811865475,
87154711,1,2,Majkel1337,54618168,majkel_previous,file,C:\Users\shiba\ptcc_pokemon_ai_buttle\data\runs\leaderboard_top50\alakazam\20260717_kaggle_top20\rank02_Majkel1337_sub54618168_previous,episodes\87154711\replay\episode_87154711.json,0.7071067811865475,
87155229,1,2,Majkel1337,54618168,majkel_previous,file,C:\Users\shiba\ptcc_pokemon_ai_buttle\data\runs\leaderboard_top50\alakazam\20260717_kaggle_top20\rank02_Majkel1337_sub54618168_previous,episodes\87155229\replay\episode_87155229.json,0.7071067811865475,
87155232,1,2,Majkel1337,54618168,majkel_previous,file,C:\Users\shiba\ptcc_pokemon_ai_buttle\data\runs\leaderboard_top50\alakazam\20260717_kaggle_top20\rank02_Majkel1337_sub54618168_previous,episodes\87155232\replay\episode_87155232.json,0.7071067811865475,
87155739,1,2,Majkel1337,54618168,majkel_previous,file,C:\Users\shiba\ptcc_pokemon_ai_buttle\data\runs\leaderboard_top50\alakazam\20260717_kaggle_top20\rank02_Majkel1337_sub54618168_previous,episodes\87155739\replay\episode_87155739.json,0.7071067811865475,
87155758,0,2,Majkel1337,54618168,majkel_previous,file,C:\Users\shiba\ptcc_pokemon_ai_buttle\data\runs\leaderboard_top50\alakazam\20260717_kaggle_top20\rank02_Majkel1337_sub54618168_previous,episodes\87155758\replay\episode_87155758.json,0.7071067811865475,
87155766,1,2,Majkel1337,54618168,majkel_previous,file,C:\Users\shiba\ptcc_pokemon_ai_buttle\data\runs\leaderboard_top50\alakazam\20260717_kaggle_top20\rank02_Majkel1337_sub54618168_previous,episodes\87155766\replay\episode_87155766.json,0.7071067811865475,
87156295,0,2,Majkel1337,54618168,majkel_previous,file,C:\Users\shiba\ptcc_pokemon_ai_buttle\data\runs\leaderboard_top50\alakazam\20260717_kaggle_top20\rank02_Majkel1337_sub54618168_previous,episodes\87156295\replay\episode_87156295.json,0.7071067811865475,
87156807,1,2,Majkel1337,54618168,majkel_previous,file,C:\Users\shiba\ptcc_pokemon_ai_buttle\data\runs\leaderboard_top50\alakazam\20260717_kaggle_top20\rank02_Majkel1337_sub54618168_previous,episodes\87156807\replay\episode_87156807.json,0.7071067811865475,
87156831,0,2,Majkel1337,54618168,majkel_previous,file,C:\Users\shiba\ptcc_pokemon_ai_buttle\data\runs\leaderboard_top50\alakazam\20260717_kaggle_top20\rank02_Majkel1337_sub54618168_previous,episodes\87156831\replay\episode_87156831.json,0.7071067811865475,
87157355,1,2,Majkel1337,54618168,majkel_previous,file,C:\Users\shiba\ptcc_pokemon_ai_buttle\data\runs\leaderboard_top50\alakazam\20260717_kaggle_top20\rank02_Majkel1337_sub54618168_previous,episodes\87157355\replay\episode_87157355.json,0.7071067811865475,
87157364,0,2,Majkel1337,54618168,majkel_previous,file,C:\Users\shiba\ptcc_pokemon_ai_buttle\data\runs\leaderboard_top50\alakazam\20260717_kaggle_top20\rank02_Majkel1337_sub54618168_previous,episodes\87157364\replay\episode_87157364.json,0.7071067811865475,
87157903,0,2,Majkel1337,54618168,majkel_previous,file,C:\Users\shiba\ptcc_pokemon_ai_buttle\data\runs\leaderboard_top50\alakazam\20260717_kaggle_top20\rank02_Majkel1337_sub54618168_previous,episodes\87157903\replay\episode_87157903.json,0.7071067811865475,
87158428,1,2,Majkel1337,54618168,majkel_previous,file,C:\Users\shiba\ptcc_pokemon_ai_buttle\data\runs\leaderboard_top50\alakazam\20260717_kaggle_top20\rank02_Majkel1337_sub54618168_previous,episodes\87158428\replay\episode_87158428.json,0.7071067811865475,
87158438,1,2,Majkel1337,54618168,majkel_previous,file,C:\Users\shiba\ptcc_pokemon_ai_buttle\data\runs\leaderboard_top50\alakazam\20260717_kaggle_top20\rank02_Majkel1337_sub54618168_previous,episodes\87158438\replay\episode_87158438.json,0.7071067811865475,
87158970,1,2,Majkel1337,54618168,majkel_previous,file,C:\Users\shiba\ptcc_pokemon_ai_buttle\data\runs\leaderboard_top50\alakazam\20260717_kaggle_top20\rank02_Majkel1337_sub54618168_previous,episodes\87158970\replay\episode_87158970.json,0.7071067811865475,
87159485,1,2,Majkel1337,54618168,majkel_previous,file,C:\Users\shiba\ptcc_pokemon_ai_buttle\data\runs\leaderboard_top50\alakazam\20260717_kaggle_top20\rank02_Majkel1337_sub54618168_previous,episodes\87159485\replay\episode_87159485.json,0.7071067811865475,
87159500,0,2,Majkel1337,54618168,majkel_previous,file,C:\Users\shiba\ptcc_pokemon_ai_buttle\data\runs\leaderboard_top50\alakazam\20260717_kaggle_top20\rank02_Majkel1337_sub54618168_previous,episodes\87159500\replay\episode_87159500.json,0.7071067811865475,
87160022,1,2,Majkel1337,54618168,majkel_previous,file,C:\Users\shiba\ptcc_pokemon_ai_buttle\data\runs\leaderboard_top50\alakazam\20260717_kaggle_top20\rank02_Majkel1337_sub54618168_previous,episodes\87160022\replay\episode_87160022.json,0.7071067811865475,
87160580,0,2,Majkel1337,54618168,majkel_previous,file,C:\Users\shiba\ptcc_pokemon_ai_buttle\data\runs\leaderboard_top50\alakazam\20260717_kaggle_top20\rank02_Majkel1337_sub54618168_previous,episodes\87160580\replay\episode_87160580.json,0.7071067811865475,
87161127,1,2,Majkel1337,54618168,majkel_previous,file,C:\Users\shiba\ptcc_pokemon_ai_buttle\data\runs\leaderboard_top50\alakazam\20260717_kaggle_top20\rank02_Majkel1337_sub54618168_previous,episodes\87161127\replay\episode_87161127.json,0.7071067811865475,
87161662,1,2,Majkel1337,54618168,majkel_previous,file,C:\Users\shiba\ptcc_pokemon_ai_buttle\data\runs\leaderboard_top50\alakazam\20260717_kaggle_top20\rank02_Majkel1337_sub54618168_previous,episodes\87161662\replay\episode_87161662.json,0.7071067811865475,
87161673,0,2,Majkel1337,54618168,majkel_previous,file,C:\Users\shiba\ptcc_pokemon_ai_buttle\data\runs\leaderboard_top50\alakazam\20260717_kaggle_top20\rank02_Majkel1337_sub54618168_previous,episodes\87161673\replay\episode_87161673.json,0.7071067811865475,
87162218,0,2,Majkel1337,54618168,majkel_previous,file,C:\Users\shiba\ptcc_pokemon_ai_buttle\data\runs\leaderboard_top50\alakazam\20260717_kaggle_top20\rank02_Majkel1337_sub54618168_previous,episodes\87162218\replay\episode_87162218.json,0.7071067811865475,
87162753,1,2,Majkel1337,54618168,majkel_previous,file,C:\Users\shiba\ptcc_pokemon_ai_buttle\data\runs\leaderboard_top50\alakazam\20260717_kaggle_top20\rank02_Majkel1337_sub54618168_previous,episodes\87162753\replay\episode_87162753.json,0.7071067811865475,
87163286,0,2,Majkel1337,54618168,majkel_previous,file,C:\Users\shiba\ptcc_pokemon_ai_buttle\data\runs\leaderboard_top50\alakazam\20260717_kaggle_top20\rank02_Majkel1337_sub54618168_previous,episodes\87163286\replay\episode_87163286.json,0.7071067811865475,
87163839,1,2,Majkel1337,54618168,majkel_previous,file,C:\Users\shiba\ptcc_pokemon_ai_buttle\data\runs\leaderboard_top50\alakazam\20260717_kaggle_top20\rank02_Majkel1337_sub54618168_previous,episodes\87163839\replay\episode_87163839.json,0.7071067811865475,
87164395,1,2,Majkel1337,54618168,majkel_previous,file,C:\Users\shiba\ptcc_pokemon_ai_buttle\data\runs\leaderboard_top50\alakazam\20260717_kaggle_top20\rank02_Majkel1337_sub54618168_previous,episodes\87164395\replay\episode_87164395.json,0.7071067811865475,
87164942,0,2,Majkel1337,54618168,majkel_previous,file,C:\Users\shiba\ptcc_pokemon_ai_buttle\data\runs\leaderboard_top50\alakazam\20260717_kaggle_top20\rank02_Majkel1337_sub54618168_previous,episodes\87164942\replay\episode_87164942.json,0.7071067811865475,
87165497,0,2,Majkel1337,54618168,majkel_previous,file,C:\Users\shiba\ptcc_pokemon_ai_buttle\data\runs\leaderboard_top50\alakazam\20260717_kaggle_top20\rank02_Majkel1337_sub54618168_previous,episodes\87165497\replay\episode_87165497.json,0.7071067811865475,
87166054,0,2,Majkel1337,54618168,majkel_previous,file,C:\Users\shiba\ptcc_pokemon_ai_buttle\data\runs\leaderboard_top50\alakazam\20260717_kaggle_top20\rank02_Majkel1337_sub54618168_previous,episodes\87166054\replay\episode_87166054.json,0.7071067811865475,
87166603,1,2,Majkel1337,54618168,majkel_previous,file,C:\Users\shiba\ptcc_pokemon_ai_buttle\data\runs\leaderboard_top50\alakazam\20260717_kaggle_top20\rank02_Majkel1337_sub54618168_previous,episodes\87166603\replay\episode_87166603.json,0.7071067811865475,
87166609,0,2,Majkel1337,54618168,majkel_previous,file,C:\Users\shiba\ptcc_pokemon_ai_buttle\data\runs\leaderboard_top50\alakazam\20260717_kaggle_top20\rank02_Majkel1337_sub54618168_previous,episodes\87166609\replay\episode_87166609.json,0.7071067811865475,
87167163,0,2,Majkel1337,54618168,majkel_previous,file,C:\Users\shiba\ptcc_pokemon_ai_buttle\data\runs\leaderboard_top50\alakazam\20260717_kaggle_top20\rank02_Majkel1337_sub54618168_previous,episodes\87167163\replay\episode_87167163.json,0.7071067811865475,
87167710,1,2,Majkel1337,54618168,majkel_previous,file,C:\Users\shiba\ptcc_pokemon_ai_buttle\data\runs\leaderboard_top50\alakazam\20260717_kaggle_top20\rank02_Majkel1337_sub54618168_previous,episodes\87167710\replay\episode_87167710.json,0.7071067811865475,
87167727,1,2,Majkel1337,54618168,majkel_previous,file,C:\Users\shiba\ptcc_pokemon_ai_buttle\data\runs\leaderboard_top50\alakazam\20260717_kaggle_top20\rank02_Majkel1337_sub54618168_previous,episodes\87167727\replay\episode_87167727.json,0.7071067811865475,
87168288,0,2,Majkel1337,54618168,majkel_previous,file,C:\Users\shiba\ptcc_pokemon_ai_buttle\data\runs\leaderboard_top50\alakazam\20260717_kaggle_top20\rank02_Majkel1337_sub54618168_previous,episodes\87168288\replay\episode_87168288.json,0.7071067811865475,
87168859,0,2,Majkel1337,54618168,majkel_previous,file,C:\Users\shiba\ptcc_pokemon_ai_buttle\data\runs\leaderboard_top50\alakazam\20260717_kaggle_top20\rank02_Majkel1337_sub54618168_previous,episodes\87168859\replay\episode_87168859.json,0.7071067811865475,
87169416,0,2,Majkel1337,54618168,majkel_previous,file,C:\Users\shiba\ptcc_pokemon_ai_buttle\data\runs\leaderboard_top50\alakazam\20260717_kaggle_top20\rank02_Majkel1337_sub54618168_previous,episodes\87169416\replay\episode_87169416.json,0.7071067811865475,
87169991,0,2,Majkel1337,54618168,majkel_previous,file,C:\Users\shiba\ptcc_pokemon_ai_buttle\data\runs\leaderboard_top50\alakazam\20260717_kaggle_top20\rank02_Majkel1337_sub54618168_previous,episodes\87169991\replay\episode_87169991.json,0.7071067811865475,
87170406,0,2,Majkel1337,54618168,majkel_previous,file,C:\Users\shiba\ptcc_pokemon_ai_buttle\data\runs\leaderboard_top50\alakazam\20260717_kaggle_top20\rank02_Majkel1337_sub54618168_previous,episodes\87170406\replay\episode_87170406.json,0.7071067811865475,
87170592,0,2,Majkel1337,54618168,majkel_previous,file,C:\Users\shiba\ptcc_pokemon_ai_buttle\data\runs\leaderboard_top50\alakazam\20260717_kaggle_top20\rank02_Majkel1337_sub54618168_previous,episodes\87170592\replay\episode_87170592.json,0.7071067811865475,
87171201,1,2,Majkel1337,54618168,majkel_previous,file,C:\Users\shiba\ptcc_pokemon_ai_buttle\data\runs\leaderboard_top50\alakazam\20260717_kaggle_top20\rank02_Majkel1337_sub54618168_previous,episodes\87171201\replay\episode_87171201.json,0.7071067811865475,
87171778,1,2,Majkel1337,54618168,majkel_previous,file,C:\Users\shiba\ptcc_pokemon_ai_buttle\data\runs\leaderboard_top50\alakazam\20260717_kaggle_top20\rank02_Majkel1337_sub54618168_previous,episodes\87171778\replay\episode_87171778.json,0.7071067811865475,
87171796,0,2,Majkel1337,54618168,majkel_previous,file,C:\Users\shiba\ptcc_pokemon_ai_buttle\data\runs\leaderboard_top50\alakazam\20260717_kaggle_top20\rank02_Majkel1337_sub54618168_previous,episodes\87171796\replay\episode_87171796.json,0.7071067811865475,
87172383,0,2,Majkel1337,54618168,majkel_previous,file,C:\Users\shiba\ptcc_pokemon_ai_buttle\data\runs\leaderboard_top50\alakazam\20260717_kaggle_top20\rank02_Majkel1337_sub54618168_previous,episodes\87172383\replay\episode_87172383.json,0.7071067811865475,
87172959,0,2,Majkel1337,54618168,majkel_previous,file,C:\Users\shiba\ptcc_pokemon_ai_buttle\data\runs\leaderboard_top50\alakazam\20260717_kaggle_top20\rank02_Majkel1337_sub54618168_previous,episodes\87172959\replay\episode_87172959.json,0.7071067811865475,
87173515,1,2,Majkel1337,54618168,majkel_previous,file,C:\Users\shiba\ptcc_pokemon_ai_buttle\data\runs\leaderboard_top50\alakazam\20260717_kaggle_top20\rank02_Majkel1337_sub54618168_previous,episodes\87173515\replay\episode_87173515.json,0.7071067811865475,
87173531,1,2,Majkel1337,54618168,majkel_previous,file,C:\Users\shiba\ptcc_pokemon_ai_buttle\data\runs\leaderboard_top50\alakazam\20260717_kaggle_top20\rank02_Majkel1337_sub54618168_previous,episodes\87173531\replay\episode_87173531.json,0.7071067811865475,
87174092,1,2,Majkel1337,54618168,majkel_previous,file,C:\Users\shiba\ptcc_pokemon_ai_buttle\data\runs\leaderboard_top50\alakazam\20260717_kaggle_top20\rank02_Majkel1337_sub54618168_previous,episodes\87174092\replay\episode_87174092.json,0.7071067811865475,
87174660,1,2,Majkel1337,54618168,majkel_previous,file,C:\Users\shiba\ptcc_pokemon_ai_buttle\data\runs\leaderboard_top50\alakazam\20260717_kaggle_top20\rank02_Majkel1337_sub54618168_previous,episodes\87174660\replay\episode_87174660.json,0.7071067811865475,
87175230,0,2,Majkel1337,54618168,majkel_previous,file,C:\Users\shiba\ptcc_pokemon_ai_buttle\data\runs\leaderboard_top50\alakazam\20260717_kaggle_top20\rank02_Majkel1337_sub54618168_previous,episodes\87175230\replay\episode_87175230.json,0.7071067811865475,
87175273,0,2,Majkel1337,54618168,majkel_previous,file,C:\Users\shiba\ptcc_pokemon_ai_buttle\data\runs\leaderboard_top50\alakazam\20260717_kaggle_top20\rank02_Majkel1337_sub54618168_previous,episodes\87175273\replay\episode_87175273.json,0.7071067811865475,
87175794,0,2,Majkel1337,54618168,majkel_previous,file,C:\Users\shiba\ptcc_pokemon_ai_buttle\data\runs\leaderboard_top50\alakazam\20260717_kaggle_top20\rank02_Majkel1337_sub54618168_previous,episodes\87175794\replay\episode_87175794.json,0.7071067811865475,
87175800,1,2,Majkel1337,54618168,majkel_previous,file,C:\Users\shiba\ptcc_pokemon_ai_buttle\data\runs\leaderboard_top50\alakazam\20260717_kaggle_top20\rank02_Majkel1337_sub54618168_previous,episodes\87175800\replay\episode_87175800.json,0.7071067811865475,
87176371,1,2,Majkel1337,54618168,majkel_previous,file,C:\Users\shiba\ptcc_pokemon_ai_buttle\data\runs\leaderboard_top50\alakazam\20260717_kaggle_top20\rank02_Majkel1337_sub54618168_previous,episodes\87176371\replay\episode_87176371.json,0.7071067811865475,
87176451,1,2,Majkel1337,54618168,majkel_previous,file,C:\Users\shiba\ptcc_pokemon_ai_buttle\data\runs\leaderboard_top50\alakazam\20260717_kaggle_top20\rank02_Majkel1337_sub54618168_previous,episodes\87176451\replay\episode_87176451.json,0.7071067811865475,
87176926,1,2,Majkel1337,54618168,majkel_previous,file,C:\Users\shiba\ptcc_pokemon_ai_buttle\data\runs\leaderboard_top50\alakazam\20260717_kaggle_top20\rank02_Majkel1337_sub54618168_previous,episodes\87176926\replay\episode_87176926.json,0.7071067811865475,
87176946,1,2,Majkel1337,54618168,majkel_previous,file,C:\Users\shiba\ptcc_pokemon_ai_buttle\data\runs\leaderboard_top50\alakazam\20260717_kaggle_top20\rank02_Majkel1337_sub54618168_previous,episodes\87176946\replay\episode_87176946.json,0.7071067811865475,
87177004,1,2,Majkel1337,54618168,majkel_previous,file,C:\Users\shiba\ptcc_pokemon_ai_buttle\data\runs\leaderboard_top50\alakazam\20260717_kaggle_top20\rank02_Majkel1337_sub54618168_previous,episodes\87177004\replay\episode_87177004.json,0.7071067811865475,
87177573,1,2,Majkel1337,54618168,majkel_previous,file,C:\Users\shiba\ptcc_pokemon_ai_buttle\data\runs\leaderboard_top50\alakazam\20260717_kaggle_top20\rank02_Majkel1337_sub54618168_previous,episodes\87177573\replay\episode_87177573.json,0.7071067811865475,
87178115,1,2,Majkel1337,54618168,majkel_previous,file,C:\Users\shiba\ptcc_pokemon_ai_buttle\data\runs\leaderboard_top50\alakazam\20260717_kaggle_top20\rank02_Majkel1337_sub54618168_previous,episodes\87178115\replay\episode_87178115.json,0.7071067811865475,
87178164,1,2,Majkel1337,54618168,majkel_previous,file,C:\Users\shiba\ptcc_pokemon_ai_buttle\data\runs\leaderboard_top50\alakazam\20260717_kaggle_top20\rank02_Majkel1337_sub54618168_previous,episodes\87178164\replay\episode_87178164.json,0.7071067811865475,
87181298,1,2,Majkel1337,54618168,majkel_previous,file,C:\Users\shiba\ptcc_pokemon_ai_buttle\data\runs\leaderboard_top50\alakazam\20260717_kaggle_top20\rank02_Majkel1337_sub54618168_previous,episodes\87181298\replay\episode_87181298.json,0.7071067811865475,
87181835,1,2,Majkel1337,54618168,majkel_previous,file,C:\Users\shiba\ptcc_pokemon_ai_buttle\data\runs\leaderboard_top50\alakazam\20260717_kaggle_top20\rank02_Majkel1337_sub54618168_previous,episodes\87181835\replay\episode_87181835.json,0.7071067811865475,
87181873,0,2,Majkel1337,54618168,majkel_previous,file,C:\Users\shiba\ptcc_pokemon_ai_buttle\data\runs\leaderboard_top50\alakazam\20260717_kaggle_top20\rank02_Majkel1337_sub54618168_previous,episodes\87181873\replay\episode_87181873.json,0.7071067811865475,
87185975,0,2,Majkel1337,54618168,majkel_previous,file,C:\Users\shiba\ptcc_pokemon_ai_buttle\data\runs\leaderboard_top50\alakazam\20260717_kaggle_top20\rank02_Majkel1337_sub54618168_previous,episodes\87185975\replay\episode_87185975.json,0.7071067811865475,
87192914,1,2,Majkel1337,54618168,majkel_previous,file,C:\Users\shiba\ptcc_pokemon_ai_buttle\data\runs\leaderboard_top50\alakazam\20260717_kaggle_top20\rank02_Majkel1337_sub54618168_previous,episodes\87192914\replay\episode_87192914.json,0.7071067811865475,
87194541,1,2,Majkel1337,54618168,majkel_previous,file,C:\Users\shiba\ptcc_pokemon_ai_buttle\data\runs\leaderboard_top50\alakazam\20260717_kaggle_top20\rank02_Majkel1337_sub54618168_previous,episodes\87194541\replay\episode_87194541.json,0.7071067811865475,
87196052,1,2,Majkel1337,54618168,majkel_previous,file,C:\Users\shiba\ptcc_pokemon_ai_buttle\data\runs\leaderboard_top50\alakazam\20260717_kaggle_top20\rank02_Majkel1337_sub54618168_previous,episodes\87196052\replay\episode_87196052.json,0.7071067811865475,
87199305,1,2,Majkel1337,54618168,majkel_previous,file,C:\Users\shiba\ptcc_pokemon_ai_buttle\data\runs\leaderboard_top50\alakazam\20260717_kaggle_top20\rank02_Majkel1337_sub54618168_previous,episodes\87199305\replay\episode_87199305.json,0.7071067811865475,
87201893,1,2,Majkel1337,54618168,majkel_previous,file,C:\Users\shiba\ptcc_pokemon_ai_buttle\data\runs\leaderboard_top50\alakazam\20260717_kaggle_top20\rank02_Majkel1337_sub54618168_previous,episodes\87201893\replay\episode_87201893.json,0.7071067811865475,
87206274,0,2,Majkel1337,54618168,majkel_previous,file,C:\Users\shiba\ptcc_pokemon_ai_buttle\data\runs\leaderboard_top50\alakazam\20260717_kaggle_top20\rank02_Majkel1337_sub54618168_previous,episodes\87206274\replay\episode_87206274.json,0.7071067811865475,
87210485,0,2,Majkel1337,54618168,majkel_previous,file,C:\Users\shiba\ptcc_pokemon_ai_buttle\data\runs\leaderboard_top50\alakazam\20260717_kaggle_top20\rank02_Majkel1337_sub54618168_previous,episodes\87210485\replay\episode_87210485.json,0.7071067811865475,
87215853,1,2,Majkel1337,54618168,majkel_previous,file,C:\Users\shiba\ptcc_pokemon_ai_buttle\data\runs\leaderboard_top50\alakazam\20260717_kaggle_top20\rank02_Majkel1337_sub54618168_previous,episodes\87215853\replay\episode_87215853.json,0.7071067811865475,
87215949,1,2,Majkel1337,54618168,majkel_previous,file,C:\Users\shiba\ptcc_pokemon_ai_buttle\data\runs\leaderboard_top50\alakazam\20260717_kaggle_top20\rank02_Majkel1337_sub54618168_previous,episodes\87215949\replay\episode_87215949.json,0.7071067811865475,
87216020,0,2,Majkel1337,54618168,majkel_previous,file,C:\Users\shiba\ptcc_pokemon_ai_buttle\data\runs\leaderboard_top50\alakazam\20260717_kaggle_top20\rank02_Majkel1337_sub54618168_previous,episodes\87216020\replay\episode_87216020.json,0.7071067811865475,
87218081,1,2,Majkel1337,54618168,majkel_previous,file,C:\Users\shiba\ptcc_pokemon_ai_buttle\data\runs\leaderboard_top50\alakazam\20260717_kaggle_top20\rank02_Majkel1337_sub54618168_previous,episodes\87218081\replay\episode_87218081.json,0.7071067811865475,
87218135,1,2,Majkel1337,54618168,majkel_previous,file,C:\Users\shiba\ptcc_pokemon_ai_buttle\data\runs\leaderboard_top50\alakazam\20260717_kaggle_top20\rank02_Majkel1337_sub54618168_previous,episodes\87218135\replay\episode_87218135.json,0.7071067811865475,
87218603,1,2,Majkel1337,54618168,majkel_previous,file,C:\Users\shiba\ptcc_pokemon_ai_buttle\data\runs\leaderboard_top50\alakazam\20260717_kaggle_top20\rank02_Majkel1337_sub54618168_previous,episodes\87218603\replay\episode_87218603.json,0.7071067811865475,
87218633,0,2,Majkel1337,54618168,majkel_previous,file,C:\Users\shiba\ptcc_pokemon_ai_buttle\data\runs\leaderboard_top50\alakazam\20260717_kaggle_top20\rank02_Majkel1337_sub54618168_previous,episodes\87218633\replay\episode_87218633.json,0.7071067811865475,
87218634,0,2,Majkel1337,54618168,majkel_previous,file,C:\Users\shiba\ptcc_pokemon_ai_buttle\data\runs\leaderboard_top50\alakazam\20260717_kaggle_top20\rank02_Majkel1337_sub54618168_previous,episodes\87218634\replay\episode_87218634.json,0.7071067811865475,
87220938,0,2,Majkel1337,54618168,majkel_previous,file,C:\Users\shiba\ptcc_pokemon_ai_buttle\data\runs\leaderboard_top50\alakazam\20260717_kaggle_top20\rank02_Majkel1337_sub54618168_previous,episodes\87220938\replay\episode_87220938.json,0.7071067811865475,
87221322,0,2,Majkel1337,54618168,majkel_previous,file,C:\Users\shiba\ptcc_pokemon_ai_buttle\data\runs\leaderboard_top50\alakazam\20260717_kaggle_top20\rank02_Majkel1337_sub54618168_previous,episodes\87221322\replay\episode_87221322.json,0.7071067811865475,
87221479,0,2,Majkel1337,54618168,majkel_previous,file,C:\Users\shiba\ptcc_pokemon_ai_buttle\data\runs\leaderboard_top50\alakazam\20260717_kaggle_top20\rank02_Majkel1337_sub54618168_previous,episodes\87221479\replay\episode_87221479.json,0.7071067811865475,
87223455,0,2,Majkel1337,54618168,majkel_previous,file,C:\Users\shiba\ptcc_pokemon_ai_buttle\data\runs\leaderboard_top50\alakazam\20260717_kaggle_top20\rank02_Majkel1337_sub54618168_previous,episodes\87223455\replay\episode_87223455.json,0.7071067811865475,
87223600,0,2,Majkel1337,54618168,majkel_previous,file,C:\Users\shiba\ptcc_pokemon_ai_buttle\data\runs\leaderboard_top50\alakazam\20260717_kaggle_top20\rank02_Majkel1337_sub54618168_previous,episodes\87223600\replay\episode_87223600.json,0.7071067811865475,
87224085,1,2,Majkel1337,54618168,majkel_previous,file,C:\Users\shiba\ptcc_pokemon_ai_buttle\data\runs\leaderboard_top50\alakazam\20260717_kaggle_top20\rank02_Majkel1337_sub54618168_previous,episodes\87224085\replay\episode_87224085.json,0.7071067811865475,
87224507,1,2,Majkel1337,54618168,majkel_previous,file,C:\Users\shiba\ptcc_pokemon_ai_buttle\data\runs\leaderboard_top50\alakazam\20260717_kaggle_top20\rank02_Majkel1337_sub54618168_previous,episodes\87224507\replay\episode_87224507.json,0.7071067811865475,
87224595,1,2,Majkel1337,54618168,majkel_previous,file,C:\Users\shiba\ptcc_pokemon_ai_buttle\data\runs\leaderboard_top50\alakazam\20260717_kaggle_top20\rank02_Majkel1337_sub54618168_previous,episodes\87224595\replay\episode_87224595.json,0.7071067811865475,
87224662,1,2,Majkel1337,54618168,majkel_previous,file,C:\Users\shiba\ptcc_pokemon_ai_buttle\data\runs\leaderboard_top50\alakazam\20260717_kaggle_top20\rank02_Majkel1337_sub54618168_previous,episodes\87224662\replay\episode_87224662.json,0.7071067811865475,
87225068,1,2,Majkel1337,54618168,majkel_previous,file,C:\Users\shiba\ptcc_pokemon_ai_buttle\data\runs\leaderboard_top50\alakazam\20260717_kaggle_top20\rank02_Majkel1337_sub54618168_previous,episodes\87225068\replay\episode_87225068.json,0.7071067811865475,
87225123,1,2,Majkel1337,54618168,majkel_previous,file,C:\Users\shiba\ptcc_pokemon_ai_buttle\data\runs\leaderboard_top50\alakazam\20260717_kaggle_top20\rank02_Majkel1337_sub54618168_previous,episodes\87225123\replay\episode_87225123.json,0.7071067811865475,
87225134,1,2,Majkel1337,54618168,majkel_previous,file,C:\Users\shiba\ptcc_pokemon_ai_buttle\data\runs\leaderboard_top50\alakazam\20260717_kaggle_top20\rank02_Majkel1337_sub54618168_previous,episodes\87225134\replay\episode_87225134.json,0.7071067811865475,
87225635,0,2,Majkel1337,54618168,majkel_previous,file,C:\Users\shiba\ptcc_pokemon_ai_buttle\data\runs\leaderboard_top50\alakazam\20260717_kaggle_top20\rank02_Majkel1337_sub54618168_previous,episodes\87225635\replay\episode_87225635.json,0.7071067811865475,
87226121,0,2,Majkel1337,54618168,majkel_previous,file,C:\Users\shiba\ptcc_pokemon_ai_buttle\data\runs\leaderboard_top50\alakazam\20260717_kaggle_top20\rank02_Majkel1337_sub54618168_previous,episodes\87226121\replay\episode_87226121.json,0.7071067811865475,
87226194,0,2,Majkel1337,54618168,majkel_previous,file,C:\Users\shiba\ptcc_pokemon_ai_buttle\data\runs\leaderboard_top50\alakazam\20260717_kaggle_top20\rank02_Majkel1337_sub54618168_previous,episodes\87226194\replay\episode_87226194.json,0.7071067811865475,
87226705,1,2,Majkel1337,54618168,majkel_previous,file,C:\Users\shiba\ptcc_pokemon_ai_buttle\data\runs\leaderboard_top50\alakazam\20260717_kaggle_top20\rank02_Majkel1337_sub54618168_previous,episodes\87226705\replay\episode_87226705.json,0.7071067811865475,
87227233,0,2,Majkel1337,54618168,majkel_previous,file,C:\Users\shiba\ptcc_pokemon_ai_buttle\data\runs\leaderboard_top50\alakazam\20260717_kaggle_top20\rank02_Majkel1337_sub54618168_previous,episodes\87227233\replay\episode_87227233.json,0.7071067811865475,
87227767,1,2,Majkel1337,54618168,majkel_previous,file,C:\Users\shiba\ptcc_pokemon_ai_buttle\data\runs\leaderboard_top50\alakazam\20260717_kaggle_top20\rank02_Majkel1337_sub54618168_previous,episodes\87227767\replay\episode_87227767.json,0.7071067811865475,
87228297,1,2,Majkel1337,54618168,majkel_previous,file,C:\Users\shiba\ptcc_pokemon_ai_buttle\data\runs\leaderboard_top50\alakazam\20260717_kaggle_top20\rank02_Majkel1337_sub54618168_previous,episodes\87228297\replay\episode_87228297.json,0.7071067811865475,
87228903,0,2,Majkel1337,54618168,majkel_previous,file,C:\Users\shiba\ptcc_pokemon_ai_buttle\data\runs\leaderboard_top50\alakazam\20260717_kaggle_top20\rank02_Majkel1337_sub54618168_previous,episodes\87228903\replay\episode_87228903.json,0.7071067811865475,
87229451,0,2,Majkel1337,54618168,majkel_previous,file,C:\Users\shiba\ptcc_pokemon_ai_buttle\data\runs\leaderboard_top50\alakazam\20260717_kaggle_top20\rank02_Majkel1337_sub54618168_previous,episodes\87229451\replay\episode_87229451.json,0.7071067811865475,
87231510,0,2,Majkel1337,54618168,majkel_previous,file,C:\Users\shiba\ptcc_pokemon_ai_buttle\data\runs\leaderboard_top50\alakazam\20260717_kaggle_top20\rank02_Majkel1337_sub54618168_previous,episodes\87231510\replay\episode_87231510.json,0.7071067811865475,
87237394,1,2,Majkel1337,54618168,majkel_previous,file,C:\Users\shiba\ptcc_pokemon_ai_buttle\data\runs\leaderboard_top50\alakazam\20260717_kaggle_top20\rank02_Majkel1337_sub54618168_previous,episodes\87237394\replay\episode_87237394.json,0.7071067811865475,
87243663,1,2,Majkel1337,54618168,majkel_previous,file,C:\Users\shiba\ptcc_pokemon_ai_buttle\data\runs\leaderboard_top50\alakazam\20260717_kaggle_top20\rank02_Majkel1337_sub54618168_previous,episodes\87243663\replay\episode_87243663.json,0.7071067811865475,
87243736,1,2,Majkel1337,54618168,majkel_previous,file,C:\Users\shiba\ptcc_pokemon_ai_buttle\data\runs\leaderboard_top50\alakazam\20260717_kaggle_top20\rank02_Majkel1337_sub54618168_previous,episodes\87243736\replay\episode_87243736.json,0.7071067811865475,
87245822,1,2,Majkel1337,54618168,majkel_previous,file,C:\Users\shiba\ptcc_pokemon_ai_buttle\data\runs\leaderboard_top50\alakazam\20260717_kaggle_top20\rank02_Majkel1337_sub54618168_previous,episodes\87245822\replay\episode_87245822.json,0.7071067811865475,
87246359,1,2,Majkel1337,54618168,majkel_previous,file,C:\Users\shiba\ptcc_pokemon_ai_buttle\data\runs\leaderboard_top50\alakazam\20260717_kaggle_top20\rank02_Majkel1337_sub54618168_previous,episodes\87246359\replay\episode_87246359.json,0.7071067811865475,
87252258,1,2,Majkel1337,54618168,majkel_previous,file,C:\Users\shiba\ptcc_pokemon_ai_buttle\data\runs\leaderboard_top50\alakazam\20260717_kaggle_top20\rank02_Majkel1337_sub54618168_previous,episodes\87252258\replay\episode_87252258.json,0.7071067811865475,
87256521,1,2,Majkel1337,54618168,majkel_previous,file,C:\Users\shiba\ptcc_pokemon_ai_buttle\data\runs\leaderboard_top50\alakazam\20260717_kaggle_top20\rank02_Majkel1337_sub54618168_previous,episodes\87256521\replay\episode_87256521.json,0.7071067811865475,
87258003,0,2,Majkel1337,54618168,majkel_previous,file,C:\Users\shiba\ptcc_pokemon_ai_buttle\data\runs\leaderboard_top50\alakazam\20260717_kaggle_top20\rank02_Majkel1337_sub54618168_previous,episodes\87258003\replay\episode_87258003.json,0.7071067811865475,
87259071,0,2,Majkel1337,54618168,majkel_previous,file,C:\Users\shiba\ptcc_pokemon_ai_buttle\data\runs\leaderboard_top50\alakazam\20260717_kaggle_top20\rank02_Majkel1337_sub54618168_previous,episodes\87259071\replay\episode_87259071.json,0.7071067811865475,
87262329,0,2,Majkel1337,54618168,majkel_previous,file,C:\Users\shiba\ptcc_pokemon_ai_buttle\data\runs\leaderboard_top50\alakazam\20260717_kaggle_top20\rank02_Majkel1337_sub54618168_previous,episodes\87262329\replay\episode_87262329.json,0.7071067811865475,
87263950,0,2,Majkel1337,54618168,majkel_previous,file,C:\Users\shiba\ptcc_pokemon_ai_buttle\data\runs\leaderboard_top50\alakazam\20260717_kaggle_top20\rank02_Majkel1337_sub54618168_previous,episodes\87263950\replay\episode_87263950.json,0.7071067811865475,
87266662,1,2,Majkel1337,54618168,majkel_previous,file,C:\Users\shiba\ptcc_pokemon_ai_buttle\data\runs\leaderboard_top50\alakazam\20260717_kaggle_top20\rank02_Majkel1337_sub54618168_previous,episodes\87266662\replay\episode_87266662.json,0.7071067811865475,
87268750,0,2,Majkel1337,54618168,majkel_previous,file,C:\Users\shiba\ptcc_pokemon_ai_buttle\data\runs\leaderboard_top50\alakazam\20260717_kaggle_top20\rank02_Majkel1337_sub54618168_previous,episodes\87268750\replay\episode_87268750.json,0.7071067811865475,
87274770,0,2,Majkel1337,54618168,majkel_previous,file,C:\Users\shiba\ptcc_pokemon_ai_buttle\data\runs\leaderboard_top50\alakazam\20260717_kaggle_top20\rank02_Majkel1337_sub54618168_previous,episodes\87274770\replay\episode_87274770.json,0.7071067811865475,
87282208,0,2,Majkel1337,54618168,majkel_previous,file,C:\Users\shiba\ptcc_pokemon_ai_buttle\data\runs\leaderboard_top50\alakazam\20260717_kaggle_top20\rank02_Majkel1337_sub54618168_previous,episodes\87282208\replay\episode_87282208.json,0.7071067811865475,
87283082,1,2,Majkel1337,54618168,majkel_previous,file,C:\Users\shiba\ptcc_pokemon_ai_buttle\data\runs\leaderboard_top50\alakazam\20260717_kaggle_top20\rank02_Majkel1337_sub54618168_previous,episodes\87283082\replay\episode_87283082.json,0.7071067811865475,
87283633,0,2,Majkel1337,54618168,majkel_previous,file,C:\Users\shiba\ptcc_pokemon_ai_buttle\data\runs\leaderboard_top50\alakazam\20260717_kaggle_top20\rank02_Majkel1337_sub54618168_previous,episodes\87283633\replay\episode_87283633.json,0.7071067811865475,
87287945,1,2,Majkel1337,54618168,majkel_previous,file,C:\Users\shiba\ptcc_pokemon_ai_buttle\data\runs\leaderboard_top50\alakazam\20260717_kaggle_top20\rank02_Majkel1337_sub54618168_previous,episodes\87287945\replay\episode_87287945.json,0.7071067811865475,
87290696,0,2,Majkel1337,54618168,majkel_previous,file,C:\Users\shiba\ptcc_pokemon_ai_buttle\data\runs\leaderboard_top50\alakazam\20260717_kaggle_top20\rank02_Majkel1337_sub54618168_previous,episodes\87290696\replay\episode_87290696.json,0.7071067811865475,
87292491,0,2,Majkel1337,54618168,majkel_previous,file,C:\Users\shiba\ptcc_pokemon_ai_buttle\data\runs\leaderboard_top50\alakazam\20260717_kaggle_top20\rank02_Majkel1337_sub54618168_previous,episodes\87292491\replay\episode_87292491.json,0.7071067811865475,
87294832,1,2,Majkel1337,54618168,majkel_previous,file,C:\Users\shiba\ptcc_pokemon_ai_buttle\data\runs\leaderboard_top50\alakazam\20260717_kaggle_top20\rank02_Majkel1337_sub54618168_previous,episodes\87294832\replay\episode_87294832.json,0.7071067811865475,
87298409,0,2,Majkel1337,54618168,majkel_previous,file,C:\Users\shiba\ptcc_pokemon_ai_buttle\data\runs\leaderboard_top50\alakazam\20260717_kaggle_top20\rank02_Majkel1337_sub54618168_previous,episodes\87298409\replay\episode_87298409.json,0.7071067811865475,
87306459,1,2,Majkel1337,54618168,majkel_previous,file,C:\Users\shiba\ptcc_pokemon_ai_buttle\data\runs\leaderboard_top50\alakazam\20260717_kaggle_top20\rank02_Majkel1337_sub54618168_previous,episodes\87306459\replay\episode_87306459.json,0.7071067811865475,
87309289,0,2,Majkel1337,54618168,majkel_previous,file,C:\Users\shiba\ptcc_pokemon_ai_buttle\data\runs\leaderboard_top50\alakazam\20260717_kaggle_top20\rank02_Majkel1337_sub54618168_previous,episodes\87309289\replay\episode_87309289.json,0.7071067811865475,
87310706,0,2,Majkel1337,54618168,majkel_previous,file,C:\Users\shiba\ptcc_pokemon_ai_buttle\data\runs\leaderboard_top50\alakazam\20260717_kaggle_top20\rank02_Majkel1337_sub54618168_previous,episodes\87310706\replay\episode_87310706.json,0.7071067811865475,
87315056,1,2,Majkel1337,54618168,majkel_previous,file,C:\Users\shiba\ptcc_pokemon_ai_buttle\data\runs\leaderboard_top50\alakazam\20260717_kaggle_top20\rank02_Majkel1337_sub54618168_previous,episodes\87315056\replay\episode_87315056.json,0.7071067811865475,
87315701,0,2,Majkel1337,54618168,majkel_previous,file,C:\Users\shiba\ptcc_pokemon_ai_buttle\data\runs\leaderboard_top50\alakazam\20260717_kaggle_top20\rank02_Majkel1337_sub54618168_previous,episodes\87315701\replay\episode_87315701.json,0.7071067811865475,
87316767,0,2,Majkel1337,54618168,majkel_previous,file,C:\Users\shiba\ptcc_pokemon_ai_buttle\data\runs\leaderboard_top50\alakazam\20260717_kaggle_top20\rank02_Majkel1337_sub54618168_previous,episodes\87316767\replay\episode_87316767.json,0.7071067811865475,
87317666,0,2,Majkel1337,54618168,majkel_previous,file,C:\Users\shiba\ptcc_pokemon_ai_buttle\data\runs\leaderboard_top50\alakazam\20260717_kaggle_top20\rank02_Majkel1337_sub54618168_previous,episodes\87317666\replay\episode_87317666.json,0.7071067811865475,
87319885,1,2,Majkel1337,54618168,majkel_previous,file,C:\Users\shiba\ptcc_pokemon_ai_buttle\data\runs\leaderboard_top50\alakazam\20260717_kaggle_top20\rank02_Majkel1337_sub54618168_previous,episodes\87319885\replay\episode_87319885.json,0.7071067811865475,
87320316,1,2,Majkel1337,54618168,majkel_previous,file,C:\Users\shiba\ptcc_pokemon_ai_buttle\data\runs\leaderboard_top50\alakazam\20260717_kaggle_top20\rank02_Majkel1337_sub54618168_previous,episodes\87320316\replay\episode_87320316.json,0.7071067811865475,
87321262,1,2,Majkel1337,54618168,majkel_previous,file,C:\Users\shiba\ptcc_pokemon_ai_buttle\data\runs\leaderboard_top50\alakazam\20260717_kaggle_top20\rank02_Majkel1337_sub54618168_previous,episodes\87321262\replay\episode_87321262.json,0.7071067811865475,
86797919,0,4,Rmy,54750312,rmy_recovered,file,C:\Users\shiba\ptcc_pokemon_ai_buttle\data\runs\leaderboard_top50\alakazam\20260717_kaggle_top20\rank04_Rmy_sub54750312_full,episodes\86797919\replay\episode_86797919.json,0.5,
86798438,0,4,Rmy,54750312,rmy_recovered,file,C:\Users\shiba\ptcc_pokemon_ai_buttle\data\runs\leaderboard_top50\alakazam\20260717_kaggle_top20\rank04_Rmy_sub54750312_full,episodes\86798438\replay\episode_86798438.json,0.5,
86798515,0,4,Rmy,54750312,rmy_recovered,file,C:\Users\shiba\ptcc_pokemon_ai_buttle\data\runs\leaderboard_top50\alakazam\20260717_kaggle_top20\rank04_Rmy_sub54750312_full,episodes\86798515\replay\episode_86798515.json,0.5,
86798953,0,4,Rmy,54750312,rmy_recovered,file,C:\Users\shiba\ptcc_pokemon_ai_buttle\data\runs\leaderboard_top50\alakazam\20260717_kaggle_top20\rank04_Rmy_sub54750312_full,episodes\86798953\replay\episode_86798953.json,0.5,
86798988,1,4,Rmy,54750312,rmy_recovered,file,C:\Users\shiba\ptcc_pokemon_ai_buttle\data\runs\leaderboard_top50\alakazam\20260717_kaggle_top20\rank04_Rmy_sub54750312_full,episodes\86798988\replay\episode_86798988.json,0.5,
86799568,1,4,Rmy,54750312,rmy_recovered,file,C:\Users\shiba\ptcc_pokemon_ai_buttle\data\runs\leaderboard_top50\alakazam\20260717_kaggle_top20\rank04_Rmy_sub54750312_full,episodes\86799568\replay\episode_86799568.json,0.5,
86800121,1,4,Rmy,54750312,rmy_recovered,file,C:\Users\shiba\ptcc_pokemon_ai_buttle\data\runs\leaderboard_top50\alakazam\20260717_kaggle_top20\rank04_Rmy_sub54750312_full,episodes\86800121\replay\episode_86800121.json,0.5,
86800654,0,4,Rmy,54750312,rmy_recovered,file,C:\Users\shiba\ptcc_pokemon_ai_buttle\data\runs\leaderboard_top50\alakazam\20260717_kaggle_top20\rank04_Rmy_sub54750312_full,episodes\86800654\replay\episode_86800654.json,0.5,
86801094,0,4,Rmy,54750312,rmy_recovered,file,C:\Users\shiba\ptcc_pokemon_ai_buttle\data\runs\leaderboard_top50\alakazam\20260717_kaggle_top20\rank04_Rmy_sub54750312_full,episodes\86801094\replay\episode_86801094.json,0.5,
86801169,1,4,Rmy,54750312,rmy_recovered,file,C:\Users\shiba\ptcc_pokemon_ai_buttle\data\runs\leaderboard_top50\alakazam\20260717_kaggle_top20\rank04_Rmy_sub54750312_full,episodes\86801169\replay\episode_86801169.json,0.5,
86802231,1,4,Rmy,54750312,rmy_recovered,file,C:\Users\shiba\ptcc_pokemon_ai_buttle\data\runs\leaderboard_top50\alakazam\20260717_kaggle_top20\rank04_Rmy_sub54750312_full,episodes\86802231\replay\episode_86802231.json,0.5,
86802791,1,4,Rmy,54750312,rmy_recovered,file,C:\Users\shiba\ptcc_pokemon_ai_buttle\data\runs\leaderboard_top50\alakazam\20260717_kaggle_top20\rank04_Rmy_sub54750312_full,episodes\86802791\replay\episode_86802791.json,0.5,
86806014,0,4,Rmy,54750312,rmy_recovered,file,C:\Users\shiba\ptcc_pokemon_ai_buttle\data\runs\leaderboard_top50\alakazam\20260717_kaggle_top20\rank04_Rmy_sub54750312_full,episodes\86806014\replay\episode_86806014.json,0.5,
86807526,0,4,Rmy,54750312,rmy_recovered,file,C:\Users\shiba\ptcc_pokemon_ai_buttle\data\runs\leaderboard_top50\alakazam\20260717_kaggle_top20\rank04_Rmy_sub54750312_full,episodes\86807526\replay\episode_86807526.json,0.5,
86810738,0,4,Rmy,54750312,rmy_recovered,file,C:\Users\shiba\ptcc_pokemon_ai_buttle\data\runs\leaderboard_top50\alakazam\20260717_kaggle_top20\rank04_Rmy_sub54750312_full,episodes\86810738\replay\episode_86810738.json,0.5,
86813538,0,4,Rmy,54750312,rmy_recovered,file,C:\Users\shiba\ptcc_pokemon_ai_buttle\data\runs\leaderboard_top50\alakazam\20260717_kaggle_top20\rank04_Rmy_sub54750312_full,episodes\86813538\replay\episode_86813538.json,0.5,
86814136,0,4,Rmy,54750312,rmy_recovered,file,C:\Users\shiba\ptcc_pokemon_ai_buttle\data\runs\leaderboard_top50\alakazam\20260717_kaggle_top20\rank04_Rmy_sub54750312_full,episodes\86814136\replay\episode_86814136.json,0.5,
86814629,0,4,Rmy,54750312,rmy_recovered,file,C:\Users\shiba\ptcc_pokemon_ai_buttle\data\runs\leaderboard_top50\alakazam\20260717_kaggle_top20\rank04_Rmy_sub54750312_full,episodes\86814629\replay\episode_86814629.json,0.5,
86815291,0,4,Rmy,54750312,rmy_recovered,file,C:\Users\shiba\ptcc_pokemon_ai_buttle\data\runs\leaderboard_top50\alakazam\20260717_kaggle_top20\rank04_Rmy_sub54750312_full,episodes\86815291\replay\episode_86815291.json,0.5,
86815841,1,4,Rmy,54750312,rmy_recovered,file,C:\Users\shiba\ptcc_pokemon_ai_buttle\data\runs\leaderboard_top50\alakazam\20260717_kaggle_top20\rank04_Rmy_sub54750312_full,episodes\86815841\replay\episode_86815841.json,0.5,
86816295,0,4,Rmy,54750312,rmy_recovered,file,C:\Users\shiba\ptcc_pokemon_ai_buttle\data\runs\leaderboard_top50\alakazam\20260717_kaggle_top20\rank04_Rmy_sub54750312_full,episodes\86816295\replay\episode_86816295.json,0.5,
86816319,1,4,Rmy,54750312,rmy_recovered,file,C:\Users\shiba\ptcc_pokemon_ai_buttle\data\runs\leaderboard_top50\alakazam\20260717_kaggle_top20\rank04_Rmy_sub54750312_full,episodes\86816319\replay\episode_86816319.json,0.5,
86816329,1,4,Rmy,54750312,rmy_recovered,file,C:\Users\shiba\ptcc_pokemon_ai_buttle\data\runs\leaderboard_top50\alakazam\20260717_kaggle_top20\rank04_Rmy_sub54750312_full,episodes\86816329\replay\episode_86816329.json,0.5,
86816354,1,4,Rmy,54750312,rmy_recovered,file,C:\Users\shiba\ptcc_pokemon_ai_buttle\data\runs\leaderboard_top50\alakazam\20260717_kaggle_top20\rank04_Rmy_sub54750312_full,episodes\86816354\replay\episode_86816354.json,0.5,
86816959,1,4,Rmy,54750312,rmy_recovered,file,C:\Users\shiba\ptcc_pokemon_ai_buttle\data\runs\leaderboard_top50\alakazam\20260717_kaggle_top20\rank04_Rmy_sub54750312_full,episodes\86816959\replay\episode_86816959.json,0.5,
86817439,0,4,Rmy,54750312,rmy_recovered,file,C:\Users\shiba\ptcc_pokemon_ai_buttle\data\runs\leaderboard_top50\alakazam\20260717_kaggle_top20\rank04_Rmy_sub54750312_full,episodes\86817439\replay\episode_86817439.json,0.5,
86818022,0,4,Rmy,54750312,rmy_recovered,file,C:\Users\shiba\ptcc_pokemon_ai_buttle\data\runs\leaderboard_top50\alakazam\20260717_kaggle_top20\rank04_Rmy_sub54750312_full,episodes\86818022\replay\episode_86818022.json,0.5,
86818551,0,4,Rmy,54750312,rmy_recovered,file,C:\Users\shiba\ptcc_pokemon_ai_buttle\data\runs\leaderboard_top50\alakazam\20260717_kaggle_top20\rank04_Rmy_sub54750312_full,episodes\86818551\replay\episode_86818551.json,0.5,
86819134,1,4,Rmy,54750312,rmy_recovered,file,C:\Users\shiba\ptcc_pokemon_ai_buttle\data\runs\leaderboard_top50\alakazam\20260717_kaggle_top20\rank04_Rmy_sub54750312_full,episodes\86819134\replay\episode_86819134.json,0.5,
86819613,1,4,Rmy,54750312,rmy_recovered,file,C:\Users\shiba\ptcc_pokemon_ai_buttle\data\runs\leaderboard_top50\alakazam\20260717_kaggle_top20\rank04_Rmy_sub54750312_full,episodes\86819613\replay\episode_86819613.json,0.5,
86820131,0,4,Rmy,54750312,rmy_recovered,file,C:\Users\shiba\ptcc_pokemon_ai_buttle\data\runs\leaderboard_top50\alakazam\20260717_kaggle_top20\rank04_Rmy_sub54750312_full,episodes\86820131\replay\episode_86820131.json,0.5,
86820603,0,4,Rmy,54750312,rmy_recovered,file,C:\Users\shiba\ptcc_pokemon_ai_buttle\data\runs\leaderboard_top50\alakazam\20260717_kaggle_top20\rank04_Rmy_sub54750312_full,episodes\86820603\replay\episode_86820603.json,0.5,
86821152,1,4,Rmy,54750312,rmy_recovered,file,C:\Users\shiba\ptcc_pokemon_ai_buttle\data\runs\leaderboard_top50\alakazam\20260717_kaggle_top20\rank04_Rmy_sub54750312_full,episodes\86821152\replay\episode_86821152.json,0.5,
86821167,0,4,Rmy,54750312,rmy_recovered,file,C:\Users\shiba\ptcc_pokemon_ai_buttle\data\runs\leaderboard_top50\alakazam\20260717_kaggle_top20\rank04_Rmy_sub54750312_full,episodes\86821167\replay\episode_86821167.json,0.5,
86821683,0,4,Rmy,54750312,rmy_recovered,file,C:\Users\shiba\ptcc_pokemon_ai_buttle\data\runs\leaderboard_top50\alakazam\20260717_kaggle_top20\rank04_Rmy_sub54750312_full,episodes\86821683\replay\episode_86821683.json,0.5,
86821704,0,4,Rmy,54750312,rmy_recovered,file,C:\Users\shiba\ptcc_pokemon_ai_buttle\data\runs\leaderboard_top50\alakazam\20260717_kaggle_top20\rank04_Rmy_sub54750312_full,episodes\86821704\replay\episode_86821704.json,0.5,
86822226,1,4,Rmy,54750312,rmy_recovered,file,C:\Users\shiba\ptcc_pokemon_ai_buttle\data\runs\leaderboard_top50\alakazam\20260717_kaggle_top20\rank04_Rmy_sub54750312_full,episodes\86822226\replay\episode_86822226.json,0.5,
86822270,1,4,Rmy,54750312,rmy_recovered,file,C:\Users\shiba\ptcc_pokemon_ai_buttle\data\runs\leaderboard_top50\alakazam\20260717_kaggle_top20\rank04_Rmy_sub54750312_full,episodes\86822270\replay\episode_86822270.json,0.5,
86822757,1,4,Rmy,54750312,rmy_recovered,file,C:\Users\shiba\ptcc_pokemon_ai_buttle\data\runs\leaderboard_top50\alakazam\20260717_kaggle_top20\rank04_Rmy_sub54750312_full,episodes\86822757\replay\episode_86822757.json,0.5,
86823265,0,4,Rmy,54750312,rmy_recovered,file,C:\Users\shiba\ptcc_pokemon_ai_buttle\data\runs\leaderboard_top50\alakazam\20260717_kaggle_top20\rank04_Rmy_sub54750312_full,episodes\86823265\replay\episode_86823265.json,0.5,
86823274,1,4,Rmy,54750312,rmy_recovered,file,C:\Users\shiba\ptcc_pokemon_ai_buttle\data\runs\leaderboard_top50\alakazam\20260717_kaggle_top20\rank04_Rmy_sub54750312_full,episodes\86823274\replay\episode_86823274.json,0.5,
86823809,0,4,Rmy,54750312,rmy_recovered,file,C:\Users\shiba\ptcc_pokemon_ai_buttle\data\runs\leaderboard_top50\alakazam\20260717_kaggle_top20\rank04_Rmy_sub54750312_full,episodes\86823809\replay\episode_86823809.json,0.5,
86823847,1,4,Rmy,54750312,rmy_recovered,file,C:\Users\shiba\ptcc_pokemon_ai_buttle\data\runs\leaderboard_top50\alakazam\20260717_kaggle_top20\rank04_Rmy_sub54750312_full,episodes\86823847\replay\episode_86823847.json,0.5,
86824314,1,4,Rmy,54750312,rmy_recovered,file,C:\Users\shiba\ptcc_pokemon_ai_buttle\data\runs\leaderboard_top50\alakazam\20260717_kaggle_top20\rank04_Rmy_sub54750312_full,episodes\86824314\replay\episode_86824314.json,0.5,
86824340,1,4,Rmy,54750312,rmy_recovered,file,C:\Users\shiba\ptcc_pokemon_ai_buttle\data\runs\leaderboard_top50\alakazam\20260717_kaggle_top20\rank04_Rmy_sub54750312_full,episodes\86824340\replay\episode_86824340.json,0.5,
86824872,1,4,Rmy,54750312,rmy_recovered,file,C:\Users\shiba\ptcc_pokemon_ai_buttle\data\runs\leaderboard_top50\alakazam\20260717_kaggle_top20\rank04_Rmy_sub54750312_full,episodes\86824872\replay\episode_86824872.json,0.5,
86825386,1,4,Rmy,54750312,rmy_recovered,file,C:\Users\shiba\ptcc_pokemon_ai_buttle\data\runs\leaderboard_top50\alakazam\20260717_kaggle_top20\rank04_Rmy_sub54750312_full,episodes\86825386\replay\episode_86825386.json,0.5,
86825391,1,4,Rmy,54750312,rmy_recovered,file,C:\Users\shiba\ptcc_pokemon_ai_buttle\data\runs\leaderboard_top50\alakazam\20260717_kaggle_top20\rank04_Rmy_sub54750312_full,episodes\86825391\replay\episode_86825391.json,0.5,
86825415,1,4,Rmy,54750312,rmy_recovered,file,C:\Users\shiba\ptcc_pokemon_ai_buttle\data\runs\leaderboard_top50\alakazam\20260717_kaggle_top20\rank04_Rmy_sub54750312_full,episodes\86825415\replay\episode_86825415.json,0.5,
86825931,1,4,Rmy,54750312,rmy_recovered,file,C:\Users\shiba\ptcc_pokemon_ai_buttle\data\runs\leaderboard_top50\alakazam\20260717_kaggle_top20\rank04_Rmy_sub54750312_full,episodes\86825931\replay\episode_86825931.json,0.5,
86825959,0,4,Rmy,54750312,rmy_recovered,file,C:\Users\shiba\ptcc_pokemon_ai_buttle\data\runs\leaderboard_top50\alakazam\20260717_kaggle_top20\rank04_Rmy_sub54750312_full,episodes\86825959\replay\episode_86825959.json,0.5,
86826492,1,4,Rmy,54750312,rmy_recovered,file,C:\Users\shiba\ptcc_pokemon_ai_buttle\data\runs\leaderboard_top50\alakazam\20260717_kaggle_top20\rank04_Rmy_sub54750312_full,episodes\86826492\replay\episode_86826492.json,0.5,
86827037,0,4,Rmy,54750312,rmy_recovered,file,C:\Users\shiba\ptcc_pokemon_ai_buttle\data\runs\leaderboard_top50\alakazam\20260717_kaggle_top20\rank04_Rmy_sub54750312_full,episodes\86827037\replay\episode_86827037.json,0.5,
86827045,1,4,Rmy,54750312,rmy_recovered,file,C:\Users\shiba\ptcc_pokemon_ai_buttle\data\runs\leaderboard_top50\alakazam\20260717_kaggle_top20\rank04_Rmy_sub54750312_full,episodes\86827045\replay\episode_86827045.json,0.5,
86827051,0,4,Rmy,54750312,rmy_recovered,file,C:\Users\shiba\ptcc_pokemon_ai_buttle\data\runs\leaderboard_top50\alakazam\20260717_kaggle_top20\rank04_Rmy_sub54750312_full,episodes\86827051\replay\episode_86827051.json,0.5,
86827596,0,4,Rmy,54750312,rmy_recovered,file,C:\Users\shiba\ptcc_pokemon_ai_buttle\data\runs\leaderboard_top50\alakazam\20260717_kaggle_top20\rank04_Rmy_sub54750312_full,episodes\86827596\replay\episode_86827596.json,0.5,
86828155,0,4,Rmy,54750312,rmy_recovered,file,C:\Users\shiba\ptcc_pokemon_ai_buttle\data\runs\leaderboard_top50\alakazam\20260717_kaggle_top20\rank04_Rmy_sub54750312_full,episodes\86828155\replay\episode_86828155.json,0.5,
86828695,1,4,Rmy,54750312,rmy_recovered,file,C:\Users\shiba\ptcc_pokemon_ai_buttle\data\runs\leaderboard_top50\alakazam\20260717_kaggle_top20\rank04_Rmy_sub54750312_full,episodes\86828695\replay\episode_86828695.json,0.5,
86829250,1,4,Rmy,54750312,rmy_recovered,file,C:\Users\shiba\ptcc_pokemon_ai_buttle\data\runs\leaderboard_top50\alakazam\20260717_kaggle_top20\rank04_Rmy_sub54750312_full,episodes\86829250\replay\episode_86829250.json,0.5,
86829802,0,4,Rmy,54750312,rmy_recovered,file,C:\Users\shiba\ptcc_pokemon_ai_buttle\data\runs\leaderboard_top50\alakazam\20260717_kaggle_top20\rank04_Rmy_sub54750312_full,episodes\86829802\replay\episode_86829802.json,0.5,
86830380,1,4,Rmy,54750312,rmy_recovered,file,C:\Users\shiba\ptcc_pokemon_ai_buttle\data\runs\leaderboard_top50\alakazam\20260717_kaggle_top20\rank04_Rmy_sub54750312_full,episodes\86830380\replay\episode_86830380.json,0.5,
86830919,1,4,Rmy,54750312,rmy_recovered,file,C:\Users\shiba\ptcc_pokemon_ai_buttle\data\runs\leaderboard_top50\alakazam\20260717_kaggle_top20\rank04_Rmy_sub54750312_full,episodes\86830919\replay\episode_86830919.json,0.5,
86830932,0,4,Rmy,54750312,rmy_recovered,file,C:\Users\shiba\ptcc_pokemon_ai_buttle\data\runs\leaderboard_top50\alakazam\20260717_kaggle_top20\rank04_Rmy_sub54750312_full,episodes\86830932\replay\episode_86830932.json,0.5,
86831474,0,4,Rmy,54750312,rmy_recovered,file,C:\Users\shiba\ptcc_pokemon_ai_buttle\data\runs\leaderboard_top50\alakazam\20260717_kaggle_top20\rank04_Rmy_sub54750312_full,episodes\86831474\replay\episode_86831474.json,0.5,
86831482,1,4,Rmy,54750312,rmy_recovered,file,C:\Users\shiba\ptcc_pokemon_ai_buttle\data\runs\leaderboard_top50\alakazam\20260717_kaggle_top20\rank04_Rmy_sub54750312_full,episodes\86831482\replay\episode_86831482.json,0.5,
86832013,0,4,Rmy,54750312,rmy_recovered,file,C:\Users\shiba\ptcc_pokemon_ai_buttle\data\runs\leaderboard_top50\alakazam\20260717_kaggle_top20\rank04_Rmy_sub54750312_full,episodes\86832013\replay\episode_86832013.json,0.5,
86832026,0,4,Rmy,54750312,rmy_recovered,file,C:\Users\shiba\ptcc_pokemon_ai_buttle\data\runs\leaderboard_top50\alakazam\20260717_kaggle_top20\rank04_Rmy_sub54750312_full,episodes\86832026\replay\episode_86832026.json,0.5,
86832559,1,4,Rmy,54750312,rmy_recovered,file,C:\Users\shiba\ptcc_pokemon_ai_buttle\data\runs\leaderboard_top50\alakazam\20260717_kaggle_top20\rank04_Rmy_sub54750312_full,episodes\86832559\replay\episode_86832559.json,0.5,
86832561,0,4,Rmy,54750312,rmy_recovered,file,C:\Users\shiba\ptcc_pokemon_ai_buttle\data\runs\leaderboard_top50\alakazam\20260717_kaggle_top20\rank04_Rmy_sub54750312_full,episodes\86832561\replay\episode_86832561.json,0.5,
86833102,0,4,Rmy,54750312,rmy_recovered,file,C:\Users\shiba\ptcc_pokemon_ai_buttle\data\runs\leaderboard_top50\alakazam\20260717_kaggle_top20\rank04_Rmy_sub54750312_full,episodes\86833102\replay\episode_86833102.json,0.5,
86833635,1,4,Rmy,54750312,rmy_recovered,file,C:\Users\shiba\ptcc_pokemon_ai_buttle\data\runs\leaderboard_top50\alakazam\20260717_kaggle_top20\rank04_Rmy_sub54750312_full,episodes\86833635\replay\episode_86833635.json,0.5,
86834205,0,4,Rmy,54750312,rmy_recovered,file,C:\Users\shiba\ptcc_pokemon_ai_buttle\data\runs\leaderboard_top50\alakazam\20260717_kaggle_top20\rank04_Rmy_sub54750312_full,episodes\86834205\replay\episode_86834205.json,0.5,
86834678,0,4,Rmy,54750312,rmy_recovered,file,C:\Users\shiba\ptcc_pokemon_ai_buttle\data\runs\leaderboard_top50\alakazam\20260717_kaggle_top20\rank04_Rmy_sub54750312_full,episodes\86834678\replay\episode_86834678.json,0.5,
86834776,0,4,Rmy,54750312,rmy_recovered,file,C:\Users\shiba\ptcc_pokemon_ai_buttle\data\runs\leaderboard_top50\alakazam\20260717_kaggle_top20\rank04_Rmy_sub54750312_full,episodes\86834776\replay\episode_86834776.json,0.5,
86835336,0,4,Rmy,54750312,rmy_recovered,file,C:\Users\shiba\ptcc_pokemon_ai_buttle\data\runs\leaderboard_top50\alakazam\20260717_kaggle_top20\rank04_Rmy_sub54750312_full,episodes\86835336\replay\episode_86835336.json,0.5,
86835906,0,4,Rmy,54750312,rmy_recovered,file,C:\Users\shiba\ptcc_pokemon_ai_buttle\data\runs\leaderboard_top50\alakazam\20260717_kaggle_top20\rank04_Rmy_sub54750312_full,episodes\86835906\replay\episode_86835906.json,0.5,
86836526,0,4,Rmy,54750312,rmy_recovered,file,C:\Users\shiba\ptcc_pokemon_ai_buttle\data\runs\leaderboard_top50\alakazam\20260717_kaggle_top20\rank04_Rmy_sub54750312_full,episodes\86836526\replay\episode_86836526.json,0.5,
86837055,0,4,Rmy,54750312,rmy_recovered,file,C:\Users\shiba\ptcc_pokemon_ai_buttle\data\runs\leaderboard_top50\alakazam\20260717_kaggle_top20\rank04_Rmy_sub54750312_full,episodes\86837055\replay\episode_86837055.json,0.5,
86837583,1,4,Rmy,54750312,rmy_recovered,file,C:\Users\shiba\ptcc_pokemon_ai_buttle\data\runs\leaderboard_top50\alakazam\20260717_kaggle_top20\rank04_Rmy_sub54750312_full,episodes\86837583\replay\episode_86837583.json,0.5,
86838108,1,4,Rmy,54750312,rmy_recovered,file,C:\Users\shiba\ptcc_pokemon_ai_buttle\data\runs\leaderboard_top50\alakazam\20260717_kaggle_top20\rank04_Rmy_sub54750312_full,episodes\86838108\replay\episode_86838108.json,0.5,
86838648,0,4,Rmy,54750312,rmy_recovered,file,C:\Users\shiba\ptcc_pokemon_ai_buttle\data\runs\leaderboard_top50\alakazam\20260717_kaggle_top20\rank04_Rmy_sub54750312_full,episodes\86838648\replay\episode_86838648.json,0.5,
86839217,1,4,Rmy,54750312,rmy_recovered,file,C:\Users\shiba\ptcc_pokemon_ai_buttle\data\runs\leaderboard_top50\alakazam\20260717_kaggle_top20\rank04_Rmy_sub54750312_full,episodes\86839217\replay\episode_86839217.json,0.5,
86839220,1,4,Rmy,54750312,rmy_recovered,file,C:\Users\shiba\ptcc_pokemon_ai_buttle\data\runs\leaderboard_top50\alakazam\20260717_kaggle_top20\rank04_Rmy_sub54750312_full,episodes\86839220\replay\episode_86839220.json,0.5,
86839785,0,4,Rmy,54750312,rmy_recovered,file,C:\Users\shiba\ptcc_pokemon_ai_buttle\data\runs\leaderboard_top50\alakazam\20260717_kaggle_top20\rank04_Rmy_sub54750312_full,episodes\86839785\replay\episode_86839785.json,0.5,
86840346,0,4,Rmy,54750312,rmy_recovered,file,C:\Users\shiba\ptcc_pokemon_ai_buttle\data\runs\leaderboard_top50\alakazam\20260717_kaggle_top20\rank04_Rmy_sub54750312_full,episodes\86840346\replay\episode_86840346.json,0.5,
86840861,1,4,Rmy,54750312,rmy_recovered,file,C:\Users\shiba\ptcc_pokemon_ai_buttle\data\runs\leaderboard_top50\alakazam\20260717_kaggle_top20\rank04_Rmy_sub54750312_full,episodes\86840861\replay\episode_86840861.json,0.5,
86841446,1,4,Rmy,54750312,rmy_recovered,file,C:\Users\shiba\ptcc_pokemon_ai_buttle\data\runs\leaderboard_top50\alakazam\20260717_kaggle_top20\rank04_Rmy_sub54750312_full,episodes\86841446\replay\episode_86841446.json,0.5,
86841759,0,4,Rmy,54750312,rmy_recovered,file,C:\Users\shiba\ptcc_pokemon_ai_buttle\data\runs\leaderboard_top50\alakazam\20260717_kaggle_top20\rank04_Rmy_sub54750312_full,episodes\86841759\replay\episode_86841759.json,0.5,
86841903,1,4,Rmy,54750312,rmy_recovered,file,C:\Users\shiba\ptcc_pokemon_ai_buttle\data\runs\leaderboard_top50\alakazam\20260717_kaggle_top20\rank04_Rmy_sub54750312_full,episodes\86841903\replay\episode_86841903.json,0.5,
86841957,0,4,Rmy,54750312,rmy_recovered,file,C:\Users\shiba\ptcc_pokemon_ai_buttle\data\runs\leaderboard_top50\alakazam\20260717_kaggle_top20\rank04_Rmy_sub54750312_full,episodes\86841957\replay\episode_86841957.json,0.5,
86842420,0,4,Rmy,54750312,rmy_recovered,file,C:\Users\shiba\ptcc_pokemon_ai_buttle\data\runs\leaderboard_top50\alakazam\20260717_kaggle_top20\rank04_Rmy_sub54750312_full,episodes\86842420\replay\episode_86842420.json,0.5,
86844125,0,4,Rmy,54750312,rmy_recovered,file,C:\Users\shiba\ptcc_pokemon_ai_buttle\data\runs\leaderboard_top50\alakazam\20260717_kaggle_top20\rank04_Rmy_sub54750312_full,episodes\86844125\replay\episode_86844125.json,0.5,
86844656,1,4,Rmy,54750312,rmy_recovered,file,C:\Users\shiba\ptcc_pokemon_ai_buttle\data\runs\leaderboard_top50\alakazam\20260717_kaggle_top20\rank04_Rmy_sub54750312_full,episodes\86844656\replay\episode_86844656.json,0.5,
86846856,1,4,Rmy,54750312,rmy_recovered,file,C:\Users\shiba\ptcc_pokemon_ai_buttle\data\runs\leaderboard_top50\alakazam\20260717_kaggle_top20\rank04_Rmy_sub54750312_full,episodes\86846856\replay\episode_86846856.json,0.5,
86849525,1,4,Rmy,54750312,rmy_recovered,file,C:\Users\shiba\ptcc_pokemon_ai_buttle\data\runs\leaderboard_top50\alakazam\20260717_kaggle_top20\rank04_Rmy_sub54750312_full,episodes\86849525\replay\episode_86849525.json,0.5,
86849966,1,4,Rmy,54750312,rmy_recovered,file,C:\Users\shiba\ptcc_pokemon_ai_buttle\data\runs\leaderboard_top50\alakazam\20260717_kaggle_top20\rank04_Rmy_sub54750312_full,episodes\86849966\replay\episode_86849966.json,0.5,
86850388,1,4,Rmy,54750312,rmy_recovered,file,C:\Users\shiba\ptcc_pokemon_ai_buttle\data\runs\leaderboard_top50\alakazam\20260717_kaggle_top20\rank04_Rmy_sub54750312_full,episodes\86850388\replay\episode_86850388.json,0.5,
86853829,0,4,Rmy,54750312,rmy_recovered,file,C:\Users\shiba\ptcc_pokemon_ai_buttle\data\runs\leaderboard_top50\alakazam\20260717_kaggle_top20\rank04_Rmy_sub54750312_full,episodes\86853829\replay\episode_86853829.json,0.5,
86854225,0,4,Rmy,54750312,rmy_recovered,file,C:\Users\shiba\ptcc_pokemon_ai_buttle\data\runs\leaderboard_top50\alakazam\20260717_kaggle_top20\rank04_Rmy_sub54750312_full,episodes\86854225\replay\episode_86854225.json,0.5,
86855837,0,4,Rmy,54750312,rmy_recovered,file,C:\Users\shiba\ptcc_pokemon_ai_buttle\data\runs\leaderboard_top50\alakazam\20260717_kaggle_top20\rank04_Rmy_sub54750312_full,episodes\86855837\replay\episode_86855837.json,0.5,
86856500,0,4,Rmy,54750312,rmy_recovered,file,C:\Users\shiba\ptcc_pokemon_ai_buttle\data\runs\leaderboard_top50\alakazam\20260717_kaggle_top20\rank04_Rmy_sub54750312_full,episodes\86856500\replay\episode_86856500.json,0.5,
86857003,1,4,Rmy,54750312,rmy_recovered,file,C:\Users\shiba\ptcc_pokemon_ai_buttle\data\runs\leaderboard_top50\alakazam\20260717_kaggle_top20\rank04_Rmy_sub54750312_full,episodes\86857003\replay\episode_86857003.json,0.5,
86857066,1,4,Rmy,54750312,rmy_recovered,file,C:\Users\shiba\ptcc_pokemon_ai_buttle\data\runs\leaderboard_top50\alakazam\20260717_kaggle_top20\rank04_Rmy_sub54750312_full,episodes\86857066\replay\episode_86857066.json,0.5,
86857523,1,4,Rmy,54750312,rmy_recovered,file,C:\Users\shiba\ptcc_pokemon_ai_buttle\data\runs\leaderboard_top50\alakazam\20260717_kaggle_top20\rank04_Rmy_sub54750312_full,episodes\86857523\replay\episode_86857523.json,0.5,
86857991,1,4,Rmy,54750312,rmy_recovered,file,C:\Users\shiba\ptcc_pokemon_ai_buttle\data\runs\leaderboard_top50\alakazam\20260717_kaggle_top20\rank04_Rmy_sub54750312_full,episodes\86857991\replay\episode_86857991.json,0.5,
86858007,1,4,Rmy,54750312,rmy_recovered,file,C:\Users\shiba\ptcc_pokemon_ai_buttle\data\runs\leaderboard_top50\alakazam\20260717_kaggle_top20\rank04_Rmy_sub54750312_full,episodes\86858007\replay\episode_86858007.json,0.5,
86858032,0,4,Rmy,54750312,rmy_recovered,file,C:\Users\shiba\ptcc_pokemon_ai_buttle\data\runs\leaderboard_top50\alakazam\20260717_kaggle_top20\rank04_Rmy_sub54750312_full,episodes\86858032\replay\episode_86858032.json,0.5,
86858575,0,4,Rmy,54750312,rmy_recovered,file,C:\Users\shiba\ptcc_pokemon_ai_buttle\data\runs\leaderboard_top50\alakazam\20260717_kaggle_top20\rank04_Rmy_sub54750312_full,episodes\86858575\replay\episode_86858575.json,0.5,
86859127,1,4,Rmy,54750312,rmy_recovered,file,C:\Users\shiba\ptcc_pokemon_ai_buttle\data\runs\leaderboard_top50\alakazam\20260717_kaggle_top20\rank04_Rmy_sub54750312_full,episodes\86859127\replay\episode_86859127.json,0.5,
86859653,0,4,Rmy,54750312,rmy_recovered,file,C:\Users\shiba\ptcc_pokemon_ai_buttle\data\runs\leaderboard_top50\alakazam\20260717_kaggle_top20\rank04_Rmy_sub54750312_full,episodes\86859653\replay\episode_86859653.json,0.5,
86860186,0,4,Rmy,54750312,rmy_recovered,file,C:\Users\shiba\ptcc_pokemon_ai_buttle\data\runs\leaderboard_top50\alakazam\20260717_kaggle_top20\rank04_Rmy_sub54750312_full,episodes\86860186\replay\episode_86860186.json,0.5,
86860742,1,4,Rmy,54750312,rmy_recovered,file,C:\Users\shiba\ptcc_pokemon_ai_buttle\data\runs\leaderboard_top50\alakazam\20260717_kaggle_top20\rank04_Rmy_sub54750312_full,episodes\86860742\replay\episode_86860742.json,0.5,
86860759,0,4,Rmy,54750312,rmy_recovered,file,C:\Users\shiba\ptcc_pokemon_ai_buttle\data\runs\leaderboard_top50\alakazam\20260717_kaggle_top20\rank04_Rmy_sub54750312_full,episodes\86860759\replay\episode_86860759.json,0.5,
86861290,0,4,Rmy,54750312,rmy_recovered,file,C:\Users\shiba\ptcc_pokemon_ai_buttle\data\runs\leaderboard_top50\alakazam\20260717_kaggle_top20\rank04_Rmy_sub54750312_full,episodes\86861290\replay\episode_86861290.json,0.5,
86861347,0,4,Rmy,54750312,rmy_recovered,file,C:\Users\shiba\ptcc_pokemon_ai_buttle\data\runs\leaderboard_top50\alakazam\20260717_kaggle_top20\rank04_Rmy_sub54750312_full,episodes\86861347\replay\episode_86861347.json,0.5,
86861824,1,4,Rmy,54750312,rmy_recovered,file,C:\Users\shiba\ptcc_pokemon_ai_buttle\data\runs\leaderboard_top50\alakazam\20260717_kaggle_top20\rank04_Rmy_sub54750312_full,episodes\86861824\replay\episode_86861824.json,0.5,
86862410,0,4,Rmy,54750312,rmy_recovered,file,C:\Users\shiba\ptcc_pokemon_ai_buttle\data\runs\leaderboard_top50\alakazam\20260717_kaggle_top20\rank04_Rmy_sub54750312_full,episodes\86862410\replay\episode_86862410.json,0.5,
86862948,1,4,Rmy,54750312,rmy_recovered,file,C:\Users\shiba\ptcc_pokemon_ai_buttle\data\runs\leaderboard_top50\alakazam\20260717_kaggle_top20\rank04_Rmy_sub54750312_full,episodes\86862948\replay\episode_86862948.json,0.5,
86862957,0,4,Rmy,54750312,rmy_recovered,file,C:\Users\shiba\ptcc_pokemon_ai_buttle\data\runs\leaderboard_top50\alakazam\20260717_kaggle_top20\rank04_Rmy_sub54750312_full,episodes\86862957\replay\episode_86862957.json,0.5,
86863478,0,4,Rmy,54750312,rmy_recovered,file,C:\Users\shiba\ptcc_pokemon_ai_buttle\data\runs\leaderboard_top50\alakazam\20260717_kaggle_top20\rank04_Rmy_sub54750312_full,episodes\86863478\replay\episode_86863478.json,0.5,
86864015,1,4,Rmy,54750312,rmy_recovered,file,C:\Users\shiba\ptcc_pokemon_ai_buttle\data\runs\leaderboard_top50\alakazam\20260717_kaggle_top20\rank04_Rmy_sub54750312_full,episodes\86864015\replay\episode_86864015.json,0.5,
86864571,0,4,Rmy,54750312,rmy_recovered,file,C:\Users\shiba\ptcc_pokemon_ai_buttle\data\runs\leaderboard_top50\alakazam\20260717_kaggle_top20\rank04_Rmy_sub54750312_full,episodes\86864571\replay\episode_86864571.json,0.5,
86864579,1,4,Rmy,54750312,rmy_recovered,file,C:\Users\shiba\ptcc_pokemon_ai_buttle\data\runs\leaderboard_top50\alakazam\20260717_kaggle_top20\rank04_Rmy_sub54750312_full,episodes\86864579\replay\episode_86864579.json,0.5,
86865155,1,4,Rmy,54750312,rmy_recovered,file,C:\Users\shiba\ptcc_pokemon_ai_buttle\data\runs\leaderboard_top50\alakazam\20260717_kaggle_top20\rank04_Rmy_sub54750312_full,episodes\86865155\replay\episode_86865155.json,0.5,
86865187,0,4,Rmy,54750312,rmy_recovered,file,C:\Users\shiba\ptcc_pokemon_ai_buttle\data\runs\leaderboard_top50\alakazam\20260717_kaggle_top20\rank04_Rmy_sub54750312_full,episodes\86865187\replay\episode_86865187.json,0.5,
86865737,1,4,Rmy,54750312,rmy_recovered,file,C:\Users\shiba\ptcc_pokemon_ai_buttle\data\runs\leaderboard_top50\alakazam\20260717_kaggle_top20\rank04_Rmy_sub54750312_full,episodes\86865737\replay\episode_86865737.json,0.5,
86866220,1,4,Rmy,54750312,rmy_recovered,file,C:\Users\shiba\ptcc_pokemon_ai_buttle\data\runs\leaderboard_top50\alakazam\20260717_kaggle_top20\rank04_Rmy_sub54750312_full,episodes\86866220\replay\episode_86866220.json,0.5,
86866786,0,4,Rmy,54750312,rmy_recovered,file,C:\Users\shiba\ptcc_pokemon_ai_buttle\data\runs\leaderboard_top50\alakazam\20260717_kaggle_top20\rank04_Rmy_sub54750312_full,episodes\86866786\replay\episode_86866786.json,0.5,
86867331,1,4,Rmy,54750312,rmy_recovered,file,C:\Users\shiba\ptcc_pokemon_ai_buttle\data\runs\leaderboard_top50\alakazam\20260717_kaggle_top20\rank04_Rmy_sub54750312_full,episodes\86867331\replay\episode_86867331.json,0.5,
86867894,1,4,Rmy,54750312,rmy_recovered,file,C:\Users\shiba\ptcc_pokemon_ai_buttle\data\runs\leaderboard_top50\alakazam\20260717_kaggle_top20\rank04_Rmy_sub54750312_full,episodes\86867894\replay\episode_86867894.json,0.5,
86869219,0,4,Rmy,54750312,rmy_recovered,file,C:\Users\shiba\ptcc_pokemon_ai_buttle\data\runs\leaderboard_top50\alakazam\20260717_kaggle_top20\rank04_Rmy_sub54750312_full,episodes\86869219\replay\episode_86869219.json,0.5,
86870051,1,4,Rmy,54750312,rmy_recovered,file,C:\Users\shiba\ptcc_pokemon_ai_buttle\data\runs\leaderboard_top50\alakazam\20260717_kaggle_top20\rank04_Rmy_sub54750312_full,episodes\86870051\replay\episode_86870051.json,0.5,
86870555,0,4,Rmy,54750312,rmy_recovered,file,C:\Users\shiba\ptcc_pokemon_ai_buttle\data\runs\leaderboard_top50\alakazam\20260717_kaggle_top20\rank04_Rmy_sub54750312_full,episodes\86870555\replay\episode_86870555.json,0.5,
86871017,0,4,Rmy,54750312,rmy_recovered,file,C:\Users\shiba\ptcc_pokemon_ai_buttle\data\runs\leaderboard_top50\alakazam\20260717_kaggle_top20\rank04_Rmy_sub54750312_full,episodes\86871017\replay\episode_86871017.json,0.5,
86871637,0,4,Rmy,54750312,rmy_recovered,file,C:\Users\shiba\ptcc_pokemon_ai_buttle\data\runs\leaderboard_top50\alakazam\20260717_kaggle_top20\rank04_Rmy_sub54750312_full,episodes\86871637\replay\episode_86871637.json,0.5,
86872208,1,4,Rmy,54750312,rmy_recovered,file,C:\Users\shiba\ptcc_pokemon_ai_buttle\data\runs\leaderboard_top50\alakazam\20260717_kaggle_top20\rank04_Rmy_sub54750312_full,episodes\86872208\replay\episode_86872208.json,0.5,
86873709,0,4,Rmy,54750312,rmy_recovered,file,C:\Users\shiba\ptcc_pokemon_ai_buttle\data\runs\leaderboard_top50\alakazam\20260717_kaggle_top20\rank04_Rmy_sub54750312_full,episodes\86873709\replay\episode_86873709.json,0.5,
86873829,1,4,Rmy,54750312,rmy_recovered,file,C:\Users\shiba\ptcc_pokemon_ai_buttle\data\runs\leaderboard_top50\alakazam\20260717_kaggle_top20\rank04_Rmy_sub54750312_full,episodes\86873829\replay\episode_86873829.json,0.5,
86874248,1,4,Rmy,54750312,rmy_recovered,file,C:\Users\shiba\ptcc_pokemon_ai_buttle\data\runs\leaderboard_top50\alakazam\20260717_kaggle_top20\rank04_Rmy_sub54750312_full,episodes\86874248\replay\episode_86874248.json,0.5,
86874332,1,4,Rmy,54750312,rmy_recovered,file,C:\Users\shiba\ptcc_pokemon_ai_buttle\data\runs\leaderboard_top50\alakazam\20260717_kaggle_top20\rank04_Rmy_sub54750312_full,episodes\86874332\replay\episode_86874332.json,0.5,
86874800,0,4,Rmy,54750312,rmy_recovered,file,C:\Users\shiba\ptcc_pokemon_ai_buttle\data\runs\leaderboard_top50\alakazam\20260717_kaggle_top20\rank04_Rmy_sub54750312_full,episodes\86874800\replay\episode_86874800.json,0.5,
86875297,1,4,Rmy,54750312,rmy_recovered,file,C:\Users\shiba\ptcc_pokemon_ai_buttle\data\runs\leaderboard_top50\alakazam\20260717_kaggle_top20\rank04_Rmy_sub54750312_full,episodes\86875297\replay\episode_86875297.json,0.5,
86875339,1,4,Rmy,54750312,rmy_recovered,file,C:\Users\shiba\ptcc_pokemon_ai_buttle\data\runs\leaderboard_top50\alakazam\20260717_kaggle_top20\rank04_Rmy_sub54750312_full,episodes\86875339\replay\episode_86875339.json,0.5,
86875878,1,4,Rmy,54750312,rmy_recovered,file,C:\Users\shiba\ptcc_pokemon_ai_buttle\data\runs\leaderboard_top50\alakazam\20260717_kaggle_top20\rank04_Rmy_sub54750312_full,episodes\86875878\replay\episode_86875878.json,0.5,
86876414,0,4,Rmy,54750312,rmy_recovered,file,C:\Users\shiba\ptcc_pokemon_ai_buttle\data\runs\leaderboard_top50\alakazam\20260717_kaggle_top20\rank04_Rmy_sub54750312_full,episodes\86876414\replay\episode_86876414.json,0.5,
86876953,1,4,Rmy,54750312,rmy_recovered,file,C:\Users\shiba\ptcc_pokemon_ai_buttle\data\runs\leaderboard_top50\alakazam\20260717_kaggle_top20\rank04_Rmy_sub54750312_full,episodes\86876953\replay\episode_86876953.json,0.5,
86876956,1,4,Rmy,54750312,rmy_recovered,file,C:\Users\shiba\ptcc_pokemon_ai_buttle\data\runs\leaderboard_top50\alakazam\20260717_kaggle_top20\rank04_Rmy_sub54750312_full,episodes\86876956\replay\episode_86876956.json,0.5,
86876973,0,4,Rmy,54750312,rmy_recovered,file,C:\Users\shiba\ptcc_pokemon_ai_buttle\data\runs\leaderboard_top50\alakazam\20260717_kaggle_top20\rank04_Rmy_sub54750312_full,episodes\86876973\replay\episode_86876973.json,0.5,
86877498,0,4,Rmy,54750312,rmy_recovered,file,C:\Users\shiba\ptcc_pokemon_ai_buttle\data\runs\leaderboard_top50\alakazam\20260717_kaggle_top20\rank04_Rmy_sub54750312_full,episodes\86877498\replay\episode_86877498.json,0.5,
86877536,0,4,Rmy,54750312,rmy_recovered,file,C:\Users\shiba\ptcc_pokemon_ai_buttle\data\runs\leaderboard_top50\alakazam\20260717_kaggle_top20\rank04_Rmy_sub54750312_full,episodes\86877536\replay\episode_86877536.json,0.5,
86878049,1,4,Rmy,54750312,rmy_recovered,file,C:\Users\shiba\ptcc_pokemon_ai_buttle\data\runs\leaderboard_top50\alakazam\20260717_kaggle_top20\rank04_Rmy_sub54750312_full,episodes\86878049\replay\episode_86878049.json,0.5,
86878118,0,4,Rmy,54750312,rmy_recovered,file,C:\Users\shiba\ptcc_pokemon_ai_buttle\data\runs\leaderboard_top50\alakazam\20260717_kaggle_top20\rank04_Rmy_sub54750312_full,episodes\86878118\replay\episode_86878118.json,0.5,
86878741,1,4,Rmy,54750312,rmy_recovered,file,C:\Users\shiba\ptcc_pokemon_ai_buttle\data\runs\leaderboard_top50\alakazam\20260717_kaggle_top20\rank04_Rmy_sub54750312_full,episodes\86878741\replay\episode_86878741.json,0.5,
86880436,0,4,Rmy,54750312,rmy_recovered,file,C:\Users\shiba\ptcc_pokemon_ai_buttle\data\runs\leaderboard_top50\alakazam\20260717_kaggle_top20\rank04_Rmy_sub54750312_full,episodes\86880436\replay\episode_86880436.json,0.5,
86882079,1,4,Rmy,54750312,rmy_recovered,file,C:\Users\shiba\ptcc_pokemon_ai_buttle\data\runs\leaderboard_top50\alakazam\20260717_kaggle_top20\rank04_Rmy_sub54750312_full,episodes\86882079\replay\episode_86882079.json,0.5,
86885978,0,4,Rmy,54750312,rmy_recovered,file,C:\Users\shiba\ptcc_pokemon_ai_buttle\data\runs\leaderboard_top50\alakazam\20260717_kaggle_top20\rank04_Rmy_sub54750312_full,episodes\86885978\replay\episode_86885978.json,0.5,
86886394,0,4,Rmy,54750312,rmy_recovered,file,C:\Users\shiba\ptcc_pokemon_ai_buttle\data\runs\leaderboard_top50\alakazam\20260717_kaggle_top20\rank04_Rmy_sub54750312_full,episodes\86886394\replay\episode_86886394.json,0.5,
86886481,1,4,Rmy,54750312,rmy_recovered,file,C:\Users\shiba\ptcc_pokemon_ai_buttle\data\runs\leaderboard_top50\alakazam\20260717_kaggle_top20\rank04_Rmy_sub54750312_full,episodes\86886481\replay\episode_86886481.json,0.5,
86888667,0,4,Rmy,54750312,rmy_recovered,file,C:\Users\shiba\ptcc_pokemon_ai_buttle\data\runs\leaderboard_top50\alakazam\20260717_kaggle_top20\rank04_Rmy_sub54750312_full,episodes\86888667\replay\episode_86888667.json,0.5,
86889738,1,4,Rmy,54750312,rmy_recovered,file,C:\Users\shiba\ptcc_pokemon_ai_buttle\data\runs\leaderboard_top50\alakazam\20260717_kaggle_top20\rank04_Rmy_sub54750312_full,episodes\86889738\replay\episode_86889738.json,0.5,
86889914,0,4,Rmy,54750312,rmy_recovered,file,C:\Users\shiba\ptcc_pokemon_ai_buttle\data\runs\leaderboard_top50\alakazam\20260717_kaggle_top20\rank04_Rmy_sub54750312_full,episodes\86889914\replay\episode_86889914.json,0.5,
86890876,0,4,Rmy,54750312,rmy_recovered,file,C:\Users\shiba\ptcc_pokemon_ai_buttle\data\runs\leaderboard_top50\alakazam\20260717_kaggle_top20\rank04_Rmy_sub54750312_full,episodes\86890876\replay\episode_86890876.json,0.5,
86891705,0,4,Rmy,54750312,rmy_recovered,file,C:\Users\shiba\ptcc_pokemon_ai_buttle\data\runs\leaderboard_top50\alakazam\20260717_kaggle_top20\rank04_Rmy_sub54750312_full,episodes\86891705\replay\episode_86891705.json,0.5,
86893120,0,4,Rmy,54750312,rmy_recovered,file,C:\Users\shiba\ptcc_pokemon_ai_buttle\data\runs\leaderboard_top50\alakazam\20260717_kaggle_top20\rank04_Rmy_sub54750312_full,episodes\86893120\replay\episode_86893120.json,0.5,
86895706,0,4,Rmy,54750312,rmy_recovered,file,C:\Users\shiba\ptcc_pokemon_ai_buttle\data\runs\leaderboard_top50\alakazam\20260717_kaggle_top20\rank04_Rmy_sub54750312_full,episodes\86895706\replay\episode_86895706.json,0.5,
86895782,0,4,Rmy,54750312,rmy_recovered,file,C:\Users\shiba\ptcc_pokemon_ai_buttle\data\runs\leaderboard_top50\alakazam\20260717_kaggle_top20\rank04_Rmy_sub54750312_full,episodes\86895782\replay\episode_86895782.json,0.5,
86898257,0,4,Rmy,54750312,rmy_recovered,file,C:\Users\shiba\ptcc_pokemon_ai_buttle\data\runs\leaderboard_top50\alakazam\20260717_kaggle_top20\rank04_Rmy_sub54750312_full,episodes\86898257\replay\episode_86898257.json,0.5,
86907204,1,4,Rmy,54750312,rmy_recovered,file,C:\Users\shiba\ptcc_pokemon_ai_buttle\data\runs\leaderboard_top50\alakazam\20260717_kaggle_top20\rank04_Rmy_sub54750312_full,episodes\86907204\replay\episode_86907204.json,0.5,
86908280,1,4,Rmy,54750312,rmy_recovered,file,C:\Users\shiba\ptcc_pokemon_ai_buttle\data\runs\leaderboard_top50\alakazam\20260717_kaggle_top20\rank04_Rmy_sub54750312_full,episodes\86908280\replay\episode_86908280.json,0.5,
86914210,0,4,Rmy,54750312,rmy_recovered,file,C:\Users\shiba\ptcc_pokemon_ai_buttle\data\runs\leaderboard_top50\alakazam\20260717_kaggle_top20\rank04_Rmy_sub54750312_full,episodes\86914210\replay\episode_86914210.json,0.5,
86915314,0,4,Rmy,54750312,rmy_recovered,file,C:\Users\shiba\ptcc_pokemon_ai_buttle\data\runs\leaderboard_top50\alakazam\20260717_kaggle_top20\rank04_Rmy_sub54750312_full,episodes\86915314\replay\episode_86915314.json,0.5,
86916775,1,4,Rmy,54750312,rmy_recovered,file,C:\Users\shiba\ptcc_pokemon_ai_buttle\data\runs\leaderboard_top50\alakazam\20260717_kaggle_top20\rank04_Rmy_sub54750312_full,episodes\86916775\replay\episode_86916775.json,0.5,
86919684,1,4,Rmy,54750312,rmy_recovered,file,C:\Users\shiba\ptcc_pokemon_ai_buttle\data\runs\leaderboard_top50\alakazam\20260717_kaggle_top20\rank04_Rmy_sub54750312_full,episodes\86919684\replay\episode_86919684.json,0.5,
86922763,0,4,Rmy,54750312,rmy_recovered,file,C:\Users\shiba\ptcc_pokemon_ai_buttle\data\runs\leaderboard_top50\alakazam\20260717_kaggle_top20\rank04_Rmy_sub54750312_full,episodes\86922763\replay\episode_86922763.json,0.5,
86927192,0,4,Rmy,54750312,rmy_recovered,file,C:\Users\shiba\ptcc_pokemon_ai_buttle\data\runs\leaderboard_top50\alakazam\20260717_kaggle_top20\rank04_Rmy_sub54750312_full,episodes\86927192\replay\episode_86927192.json,0.5,
86928802,0,4,Rmy,54750312,rmy_recovered,file,C:\Users\shiba\ptcc_pokemon_ai_buttle\data\runs\leaderboard_top50\alakazam\20260717_kaggle_top20\rank04_Rmy_sub54750312_full,episodes\86928802\replay\episode_86928802.json,0.5,
86930895,0,4,Rmy,54750312,rmy_recovered,file,C:\Users\shiba\ptcc_pokemon_ai_buttle\data\runs\leaderboard_top50\alakazam\20260717_kaggle_top20\rank04_Rmy_sub54750312_full,episodes\86930895\replay\episode_86930895.json,0.5,
86931992,0,4,Rmy,54750312,rmy_recovered,file,C:\Users\shiba\ptcc_pokemon_ai_buttle\data\runs\leaderboard_top50\alakazam\20260717_kaggle_top20\rank04_Rmy_sub54750312_full,episodes\86931992\replay\episode_86931992.json,0.5,
86935886,1,4,Rmy,54750312,rmy_recovered,file,C:\Users\shiba\ptcc_pokemon_ai_buttle\data\runs\leaderboard_top50\alakazam\20260717_kaggle_top20\rank04_Rmy_sub54750312_full,episodes\86935886\replay\episode_86935886.json,0.5,
86939662,0,4,Rmy,54750312,rmy_recovered,file,C:\Users\shiba\ptcc_pokemon_ai_buttle\data\runs\leaderboard_top50\alakazam\20260717_kaggle_top20\rank04_Rmy_sub54750312_full,episodes\86939662\replay\episode_86939662.json,0.5,
86939872,1,4,Rmy,54750312,rmy_recovered,file,C:\Users\shiba\ptcc_pokemon_ai_buttle\data\runs\leaderboard_top50\alakazam\20260717_kaggle_top20\rank04_Rmy_sub54750312_full,episodes\86939872\replay\episode_86939872.json,0.5,
86939896,1,4,Rmy,54750312,rmy_recovered,file,C:\Users\shiba\ptcc_pokemon_ai_buttle\data\runs\leaderboard_top50\alakazam\20260717_kaggle_top20\rank04_Rmy_sub54750312_full,episodes\86939896\replay\episode_86939896.json,0.5,
86940133,1,4,Rmy,54750312,rmy_recovered,file,C:\Users\shiba\ptcc_pokemon_ai_buttle\data\runs\leaderboard_top50\alakazam\20260717_kaggle_top20\rank04_Rmy_sub54750312_full,episodes\86940133\replay\episode_86940133.json,0.5,
86940276,0,4,Rmy,54750312,rmy_recovered,file,C:\Users\shiba\ptcc_pokemon_ai_buttle\data\runs\leaderboard_top50\alakazam\20260717_kaggle_top20\rank04_Rmy_sub54750312_full,episodes\86940276\replay\episode_86940276.json,0.5,
86940803,0,4,Rmy,54750312,rmy_recovered,file,C:\Users\shiba\ptcc_pokemon_ai_buttle\data\runs\leaderboard_top50\alakazam\20260717_kaggle_top20\rank04_Rmy_sub54750312_full,episodes\86940803\replay\episode_86940803.json,0.5,
86940923,1,4,Rmy,54750312,rmy_recovered,file,C:\Users\shiba\ptcc_pokemon_ai_buttle\data\runs\leaderboard_top50\alakazam\20260717_kaggle_top20\rank04_Rmy_sub54750312_full,episodes\86940923\replay\episode_86940923.json,0.5,
86941425,1,4,Rmy,54750312,rmy_recovered,file,C:\Users\shiba\ptcc_pokemon_ai_buttle\data\runs\leaderboard_top50\alakazam\20260717_kaggle_top20\rank04_Rmy_sub54750312_full,episodes\86941425\replay\episode_86941425.json,0.5,
86941919,0,4,Rmy,54750312,rmy_recovered,file,C:\Users\shiba\ptcc_pokemon_ai_buttle\data\runs\leaderboard_top50\alakazam\20260717_kaggle_top20\rank04_Rmy_sub54750312_full,episodes\86941919\replay\episode_86941919.json,0.5,
86942406,0,4,Rmy,54750312,rmy_recovered,file,C:\Users\shiba\ptcc_pokemon_ai_buttle\data\runs\leaderboard_top50\alakazam\20260717_kaggle_top20\rank04_Rmy_sub54750312_full,episodes\86942406\replay\episode_86942406.json,0.5,
86942876,0,4,Rmy,54750312,rmy_recovered,file,C:\Users\shiba\ptcc_pokemon_ai_buttle\data\runs\leaderboard_top50\alakazam\20260717_kaggle_top20\rank04_Rmy_sub54750312_full,episodes\86942876\replay\episode_86942876.json,0.5,
86942927,0,4,Rmy,54750312,rmy_recovered,file,C:\Users\shiba\ptcc_pokemon_ai_buttle\data\runs\leaderboard_top50\alakazam\20260717_kaggle_top20\rank04_Rmy_sub54750312_full,episodes\86942927\replay\episode_86942927.json,0.5,
86943443,0,4,Rmy,54750312,rmy_recovered,file,C:\Users\shiba\ptcc_pokemon_ai_buttle\data\runs\leaderboard_top50\alakazam\20260717_kaggle_top20\rank04_Rmy_sub54750312_full,episodes\86943443\replay\episode_86943443.json,0.5,
86943960,1,4,Rmy,54750312,rmy_recovered,file,C:\Users\shiba\ptcc_pokemon_ai_buttle\data\runs\leaderboard_top50\alakazam\20260717_kaggle_top20\rank04_Rmy_sub54750312_full,episodes\86943960\replay\episode_86943960.json,0.5,
86944489,0,4,Rmy,54750312,rmy_recovered,file,C:\Users\shiba\ptcc_pokemon_ai_buttle\data\runs\leaderboard_top50\alakazam\20260717_kaggle_top20\rank04_Rmy_sub54750312_full,episodes\86944489\replay\episode_86944489.json,0.5,
86945009,0,4,Rmy,54750312,rmy_recovered,file,C:\Users\shiba\ptcc_pokemon_ai_buttle\data\runs\leaderboard_top50\alakazam\20260717_kaggle_top20\rank04_Rmy_sub54750312_full,episodes\86945009\replay\episode_86945009.json,0.5,
86945018,0,4,Rmy,54750312,rmy_recovered,file,C:\Users\shiba\ptcc_pokemon_ai_buttle\data\runs\leaderboard_top50\alakazam\20260717_kaggle_top20\rank04_Rmy_sub54750312_full,episodes\86945018\replay\episode_86945018.json,0.5,
86945522,1,4,Rmy,54750312,rmy_recovered,file,C:\Users\shiba\ptcc_pokemon_ai_buttle\data\runs\leaderboard_top50\alakazam\20260717_kaggle_top20\rank04_Rmy_sub54750312_full,episodes\86945522\replay\episode_86945522.json,0.5,
86946027,0,4,Rmy,54750312,rmy_recovered,file,C:\Users\shiba\ptcc_pokemon_ai_buttle\data\runs\leaderboard_top50\alakazam\20260717_kaggle_top20\rank04_Rmy_sub54750312_full,episodes\86946027\replay\episode_86946027.json,0.5,
86946039,0,4,Rmy,54750312,rmy_recovered,file,C:\Users\shiba\ptcc_pokemon_ai_buttle\data\runs\leaderboard_top50\alakazam\20260717_kaggle_top20\rank04_Rmy_sub54750312_full,episodes\86946039\replay\episode_86946039.json,0.5,
86946537,1,4,Rmy,54750312,rmy_recovered,file,C:\Users\shiba\ptcc_pokemon_ai_buttle\data\runs\leaderboard_top50\alakazam\20260717_kaggle_top20\rank04_Rmy_sub54750312_full,episodes\86946537\replay\episode_86946537.json,0.5,
86946571,0,4,Rmy,54750312,rmy_recovered,file,C:\Users\shiba\ptcc_pokemon_ai_buttle\data\runs\leaderboard_top50\alakazam\20260717_kaggle_top20\rank04_Rmy_sub54750312_full,episodes\86946571\replay\episode_86946571.json,0.5,
86947092,0,4,Rmy,54750312,rmy_recovered,file,C:\Users\shiba\ptcc_pokemon_ai_buttle\data\runs\leaderboard_top50\alakazam\20260717_kaggle_top20\rank04_Rmy_sub54750312_full,episodes\86947092\replay\episode_86947092.json,0.5,
86947118,1,4,Rmy,54750312,rmy_recovered,file,C:\Users\shiba\ptcc_pokemon_ai_buttle\data\runs\leaderboard_top50\alakazam\20260717_kaggle_top20\rank04_Rmy_sub54750312_full,episodes\86947118\replay\episode_86947118.json,0.5,
86947500,1,4,Rmy,54750312,rmy_recovered,file,C:\Users\shiba\ptcc_pokemon_ai_buttle\data\runs\leaderboard_top50\alakazam\20260717_kaggle_top20\rank04_Rmy_sub54750312_full,episodes\86947500\replay\episode_86947500.json,0.5,
86947621,0,4,Rmy,54750312,rmy_recovered,file,C:\Users\shiba\ptcc_pokemon_ai_buttle\data\runs\leaderboard_top50\alakazam\20260717_kaggle_top20\rank04_Rmy_sub54750312_full,episodes\86947621\replay\episode_86947621.json,0.5,
86948144,0,4,Rmy,54750312,rmy_recovered,file,C:\Users\shiba\ptcc_pokemon_ai_buttle\data\runs\leaderboard_top50\alakazam\20260717_kaggle_top20\rank04_Rmy_sub54750312_full,episodes\86948144\replay\episode_86948144.json,0.5,
86948678,1,4,Rmy,54750312,rmy_recovered,file,C:\Users\shiba\ptcc_pokemon_ai_buttle\data\runs\leaderboard_top50\alakazam\20260717_kaggle_top20\rank04_Rmy_sub54750312_full,episodes\86948678\replay\episode_86948678.json,0.5,
86949209,0,4,Rmy,54750312,rmy_recovered,file,C:\Users\shiba\ptcc_pokemon_ai_buttle\data\runs\leaderboard_top50\alakazam\20260717_kaggle_top20\rank04_Rmy_sub54750312_full,episodes\86949209\replay\episode_86949209.json,0.5,
86949731,1,4,Rmy,54750312,rmy_recovered,file,C:\Users\shiba\ptcc_pokemon_ai_buttle\data\runs\leaderboard_top50\alakazam\20260717_kaggle_top20\rank04_Rmy_sub54750312_full,episodes\86949731\replay\episode_86949731.json,0.5,
86950255,0,4,Rmy,54750312,rmy_recovered,file,C:\Users\shiba\ptcc_pokemon_ai_buttle\data\runs\leaderboard_top50\alakazam\20260717_kaggle_top20\rank04_Rmy_sub54750312_full,episodes\86950255\replay\episode_86950255.json,0.5,
86950690,0,4,Rmy,54750312,rmy_recovered,file,C:\Users\shiba\ptcc_pokemon_ai_buttle\data\runs\leaderboard_top50\alakazam\20260717_kaggle_top20\rank04_Rmy_sub54750312_full,episodes\86950690\replay\episode_86950690.json,0.5,
86950775,0,4,Rmy,54750312,rmy_recovered,file,C:\Users\shiba\ptcc_pokemon_ai_buttle\data\runs\leaderboard_top50\alakazam\20260717_kaggle_top20\rank04_Rmy_sub54750312_full,episodes\86950775\replay\episode_86950775.json,0.5,
86951303,1,4,Rmy,54750312,rmy_recovered,file,C:\Users\shiba\ptcc_pokemon_ai_buttle\data\runs\leaderboard_top50\alakazam\20260717_kaggle_top20\rank04_Rmy_sub54750312_full,episodes\86951303\replay\episode_86951303.json,0.5,
86951796,1,4,Rmy,54750312,rmy_recovered,file,C:\Users\shiba\ptcc_pokemon_ai_buttle\data\runs\leaderboard_top50\alakazam\20260717_kaggle_top20\rank04_Rmy_sub54750312_full,episodes\86951796\replay\episode_86951796.json,0.5,
86951826,1,4,Rmy,54750312,rmy_recovered,file,C:\Users\shiba\ptcc_pokemon_ai_buttle\data\runs\leaderboard_top50\alakazam\20260717_kaggle_top20\rank04_Rmy_sub54750312_full,episodes\86951826\replay\episode_86951826.json,0.5,
86952331,0,4,Rmy,54750312,rmy_recovered,file,C:\Users\shiba\ptcc_pokemon_ai_buttle\data\runs\leaderboard_top50\alakazam\20260717_kaggle_top20\rank04_Rmy_sub54750312_full,episodes\86952331\replay\episode_86952331.json,0.5,
86952342,1,4,Rmy,54750312,rmy_recovered,file,C:\Users\shiba\ptcc_pokemon_ai_buttle\data\runs\leaderboard_top50\alakazam\20260717_kaggle_top20\rank04_Rmy_sub54750312_full,episodes\86952342\replay\episode_86952342.json,0.5,
86952868,1,4,Rmy,54750312,rmy_recovered,file,C:\Users\shiba\ptcc_pokemon_ai_buttle\data\runs\leaderboard_top50\alakazam\20260717_kaggle_top20\rank04_Rmy_sub54750312_full,episodes\86952868\replay\episode_86952868.json,0.5,
86953400,1,4,Rmy,54750312,rmy_recovered,file,C:\Users\shiba\ptcc_pokemon_ai_buttle\data\runs\leaderboard_top50\alakazam\20260717_kaggle_top20\rank04_Rmy_sub54750312_full,episodes\86953400\replay\episode_86953400.json,0.5,
86953917,0,4,Rmy,54750312,rmy_recovered,file,C:\Users\shiba\ptcc_pokemon_ai_buttle\data\runs\leaderboard_top50\alakazam\20260717_kaggle_top20\rank04_Rmy_sub54750312_full,episodes\86953917\replay\episode_86953917.json,0.5,
86954475,1,4,Rmy,54750312,rmy_recovered,file,C:\Users\shiba\ptcc_pokemon_ai_buttle\data\runs\leaderboard_top50\alakazam\20260717_kaggle_top20\rank04_Rmy_sub54750312_full,episodes\86954475\replay\episode_86954475.json,0.5,
86954966,1,4,Rmy,54750312,rmy_recovered,file,C:\Users\shiba\ptcc_pokemon_ai_buttle\data\runs\leaderboard_top50\alakazam\20260717_kaggle_top20\rank04_Rmy_sub54750312_full,episodes\86954966\replay\episode_86954966.json,0.5,
86955496,0,4,Rmy,54750312,rmy_recovered,file,C:\Users\shiba\ptcc_pokemon_ai_buttle\data\runs\leaderboard_top50\alakazam\20260717_kaggle_top20\rank04_Rmy_sub54750312_full,episodes\86955496\replay\episode_86955496.json,0.5,
86956015,1,4,Rmy,54750312,rmy_recovered,file,C:\Users\shiba\ptcc_pokemon_ai_buttle\data\runs\leaderboard_top50\alakazam\20260717_kaggle_top20\rank04_Rmy_sub54750312_full,episodes\86956015\replay\episode_86956015.json,0.5,
86956556,1,4,Rmy,54750312,rmy_recovered,file,C:\Users\shiba\ptcc_pokemon_ai_buttle\data\runs\leaderboard_top50\alakazam\20260717_kaggle_top20\rank04_Rmy_sub54750312_full,episodes\86956556\replay\episode_86956556.json,0.5,
86957006,0,4,Rmy,54750312,rmy_recovered,file,C:\Users\shiba\ptcc_pokemon_ai_buttle\data\runs\leaderboard_top50\alakazam\20260717_kaggle_top20\rank04_Rmy_sub54750312_full,episodes\86957006\replay\episode_86957006.json,0.5,
86957076,1,4,Rmy,54750312,rmy_recovered,file,C:\Users\shiba\ptcc_pokemon_ai_buttle\data\runs\leaderboard_top50\alakazam\20260717_kaggle_top20\rank04_Rmy_sub54750312_full,episodes\86957076\replay\episode_86957076.json,0.5,
86957581,0,4,Rmy,54750312,rmy_recovered,file,C:\Users\shiba\ptcc_pokemon_ai_buttle\data\runs\leaderboard_top50\alakazam\20260717_kaggle_top20\rank04_Rmy_sub54750312_full,episodes\86957581\replay\episode_86957581.json,0.5,
86957637,0,4,Rmy,54750312,rmy_recovered,file,C:\Users\shiba\ptcc_pokemon_ai_buttle\data\runs\leaderboard_top50\alakazam\20260717_kaggle_top20\rank04_Rmy_sub54750312_full,episodes\86957637\replay\episode_86957637.json,0.5,
86957647,0,4,Rmy,54750312,rmy_recovered,file,C:\Users\shiba\ptcc_pokemon_ai_buttle\data\runs\leaderboard_top50\alakazam\20260717_kaggle_top20\rank04_Rmy_sub54750312_full,episodes\86957647\replay\episode_86957647.json,0.5,
86958102,1,4,Rmy,54750312,rmy_recovered,file,C:\Users\shiba\ptcc_pokemon_ai_buttle\data\runs\leaderboard_top50\alakazam\20260717_kaggle_top20\rank04_Rmy_sub54750312_full,episodes\86958102\replay\episode_86958102.json,0.5,
86958136,0,4,Rmy,54750312,rmy_recovered,file,C:\Users\shiba\ptcc_pokemon_ai_buttle\data\runs\leaderboard_top50\alakazam\20260717_kaggle_top20\rank04_Rmy_sub54750312_full,episodes\86958136\replay\episode_86958136.json,0.5,
86958539,0,4,Rmy,54750312,rmy_recovered,file,C:\Users\shiba\ptcc_pokemon_ai_buttle\data\runs\leaderboard_top50\alakazam\20260717_kaggle_top20\rank04_Rmy_sub54750312_full,episodes\86958539\replay\episode_86958539.json,0.5,
86958643,1,4,Rmy,54750312,rmy_recovered,file,C:\Users\shiba\ptcc_pokemon_ai_buttle\data\runs\leaderboard_top50\alakazam\20260717_kaggle_top20\rank04_Rmy_sub54750312_full,episodes\86958643\replay\episode_86958643.json,0.5,
86959171,1,4,Rmy,54750312,rmy_recovered,file,C:\Users\shiba\ptcc_pokemon_ai_buttle\data\runs\leaderboard_top50\alakazam\20260717_kaggle_top20\rank04_Rmy_sub54750312_full,episodes\86959171\replay\episode_86959171.json,0.5,
86959199,0,4,Rmy,54750312,rmy_recovered,file,C:\Users\shiba\ptcc_pokemon_ai_buttle\data\runs\leaderboard_top50\alakazam\20260717_kaggle_top20\rank04_Rmy_sub54750312_full,episodes\86959199\replay\episode_86959199.json,0.5,
86959690,1,4,Rmy,54750312,rmy_recovered,file,C:\Users\shiba\ptcc_pokemon_ai_buttle\data\runs\leaderboard_top50\alakazam\20260717_kaggle_top20\rank04_Rmy_sub54750312_full,episodes\86959690\replay\episode_86959690.json,0.5,
86960187,1,4,Rmy,54750312,rmy_recovered,file,C:\Users\shiba\ptcc_pokemon_ai_buttle\data\runs\leaderboard_top50\alakazam\20260717_kaggle_top20\rank04_Rmy_sub54750312_full,episodes\86960187\replay\episode_86960187.json,0.5,
86960208,0,4,Rmy,54750312,rmy_recovered,file,C:\Users\shiba\ptcc_pokemon_ai_buttle\data\runs\leaderboard_top50\alakazam\20260717_kaggle_top20\rank04_Rmy_sub54750312_full,episodes\86960208\replay\episode_86960208.json,0.5,
86960734,1,4,Rmy,54750312,rmy_recovered,file,C:\Users\shiba\ptcc_pokemon_ai_buttle\data\runs\leaderboard_top50\alakazam\20260717_kaggle_top20\rank04_Rmy_sub54750312_full,episodes\86960734\replay\episode_86960734.json,0.5,
86961271,0,4,Rmy,54750312,rmy_recovered,file,C:\Users\shiba\ptcc_pokemon_ai_buttle\data\runs\leaderboard_top50\alakazam\20260717_kaggle_top20\rank04_Rmy_sub54750312_full,episodes\86961271\replay\episode_86961271.json,0.5,
86961748,0,4,Rmy,54750312,rmy_recovered,file,C:\Users\shiba\ptcc_pokemon_ai_buttle\data\runs\leaderboard_top50\alakazam\20260717_kaggle_top20\rank04_Rmy_sub54750312_full,episodes\86961748\replay\episode_86961748.json,0.5,
86961786,0,4,Rmy,54750312,rmy_recovered,file,C:\Users\shiba\ptcc_pokemon_ai_buttle\data\runs\leaderboard_top50\alakazam\20260717_kaggle_top20\rank04_Rmy_sub54750312_full,episodes\86961786\replay\episode_86961786.json,0.5,
86962310,1,4,Rmy,54750312,rmy_recovered,file,C:\Users\shiba\ptcc_pokemon_ai_buttle\data\runs\leaderboard_top50\alakazam\20260717_kaggle_top20\rank04_Rmy_sub54750312_full,episodes\86962310\replay\episode_86962310.json,0.5,
86962861,0,4,Rmy,54750312,rmy_recovered,file,C:\Users\shiba\ptcc_pokemon_ai_buttle\data\runs\leaderboard_top50\alakazam\20260717_kaggle_top20\rank04_Rmy_sub54750312_full,episodes\86962861\replay\episode_86962861.json,0.5,
86963384,0,4,Rmy,54750312,rmy_recovered,file,C:\Users\shiba\ptcc_pokemon_ai_buttle\data\runs\leaderboard_top50\alakazam\20260717_kaggle_top20\rank04_Rmy_sub54750312_full,episodes\86963384\replay\episode_86963384.json,0.5,
86963971,1,4,Rmy,54750312,rmy_recovered,file,C:\Users\shiba\ptcc_pokemon_ai_buttle\data\runs\leaderboard_top50\alakazam\20260717_kaggle_top20\rank04_Rmy_sub54750312_full,episodes\86963971\replay\episode_86963971.json,0.5,
86963978,1,4,Rmy,54750312,rmy_recovered,file,C:\Users\shiba\ptcc_pokemon_ai_buttle\data\runs\leaderboard_top50\alakazam\20260717_kaggle_top20\rank04_Rmy_sub54750312_full,episodes\86963978\replay\episode_86963978.json,0.5,
86963998,0,4,Rmy,54750312,rmy_recovered,file,C:\Users\shiba\ptcc_pokemon_ai_buttle\data\runs\leaderboard_top50\alakazam\20260717_kaggle_top20\rank04_Rmy_sub54750312_full,episodes\86963998\replay\episode_86963998.json,0.5,
86964076,0,4,Rmy,54750312,rmy_recovered,file,C:\Users\shiba\ptcc_pokemon_ai_buttle\data\runs\leaderboard_top50\alakazam\20260717_kaggle_top20\rank04_Rmy_sub54750312_full,episodes\86964076\replay\episode_86964076.json,0.5,
86964546,0,4,Rmy,54750312,rmy_recovered,file,C:\Users\shiba\ptcc_pokemon_ai_buttle\data\runs\leaderboard_top50\alakazam\20260717_kaggle_top20\rank04_Rmy_sub54750312_full,episodes\86964546\replay\episode_86964546.json,0.5,
86964552,0,4,Rmy,54750312,rmy_recovered,file,C:\Users\shiba\ptcc_pokemon_ai_buttle\data\runs\leaderboard_top50\alakazam\20260717_kaggle_top20\rank04_Rmy_sub54750312_full,episodes\86964552\replay\episode_86964552.json,0.5,
86965099,0,4,Rmy,54750312,rmy_recovered,file,C:\Users\shiba\ptcc_pokemon_ai_buttle\data\runs\leaderboard_top50\alakazam\20260717_kaggle_top20\rank04_Rmy_sub54750312_full,episodes\86965099\replay\episode_86965099.json,0.5,
86965667,0,4,Rmy,54750312,rmy_recovered,file,C:\Users\shiba\ptcc_pokemon_ai_buttle\data\runs\leaderboard_top50\alakazam\20260717_kaggle_top20\rank04_Rmy_sub54750312_full,episodes\86965667\replay\episode_86965667.json,0.5,
86966237,0,4,Rmy,54750312,rmy_recovered,file,C:\Users\shiba\ptcc_pokemon_ai_buttle\data\runs\leaderboard_top50\alakazam\20260717_kaggle_top20\rank04_Rmy_sub54750312_full,episodes\86966237\replay\episode_86966237.json,0.5,
86966240,0,4,Rmy,54750312,rmy_recovered,file,C:\Users\shiba\ptcc_pokemon_ai_buttle\data\runs\leaderboard_top50\alakazam\20260717_kaggle_top20\rank04_Rmy_sub54750312_full,episodes\86966240\replay\episode_86966240.json,0.5,
86966804,1,4,Rmy,54750312,rmy_recovered,file,C:\Users\shiba\ptcc_pokemon_ai_buttle\data\runs\leaderboard_top50\alakazam\20260717_kaggle_top20\rank04_Rmy_sub54750312_full,episodes\86966804\replay\episode_86966804.json,0.5,
86966812,0,4,Rmy,54750312,rmy_recovered,file,C:\Users\shiba\ptcc_pokemon_ai_buttle\data\runs\leaderboard_top50\alakazam\20260717_kaggle_top20\rank04_Rmy_sub54750312_full,episodes\86966812\replay\episode_86966812.json,0.5,
86967385,1,4,Rmy,54750312,rmy_recovered,file,C:\Users\shiba\ptcc_pokemon_ai_buttle\data\runs\leaderboard_top50\alakazam\20260717_kaggle_top20\rank04_Rmy_sub54750312_full,episodes\86967385\replay\episode_86967385.json,0.5,
86967953,0,4,Rmy,54750312,rmy_recovered,file,C:\Users\shiba\ptcc_pokemon_ai_buttle\data\runs\leaderboard_top50\alakazam\20260717_kaggle_top20\rank04_Rmy_sub54750312_full,episodes\86967953\replay\episode_86967953.json,0.5,
86968503,0,4,Rmy,54750312,rmy_recovered,file,C:\Users\shiba\ptcc_pokemon_ai_buttle\data\runs\leaderboard_top50\alakazam\20260717_kaggle_top20\rank04_Rmy_sub54750312_full,episodes\86968503\replay\episode_86968503.json,0.5,
86969038,0,4,Rmy,54750312,rmy_recovered,file,C:\Users\shiba\ptcc_pokemon_ai_buttle\data\runs\leaderboard_top50\alakazam\20260717_kaggle_top20\rank04_Rmy_sub54750312_full,episodes\86969038\replay\episode_86969038.json,0.5,
86969043,0,4,Rmy,54750312,rmy_recovered,file,C:\Users\shiba\ptcc_pokemon_ai_buttle\data\runs\leaderboard_top50\alakazam\20260717_kaggle_top20\rank04_Rmy_sub54750312_full,episodes\86969043\replay\episode_86969043.json,0.5,
86969554,1,4,Rmy,54750312,rmy_recovered,file,C:\Users\shiba\ptcc_pokemon_ai_buttle\data\runs\leaderboard_top50\alakazam\20260717_kaggle_top20\rank04_Rmy_sub54750312_full,episodes\86969554\replay\episode_86969554.json,0.5,
86969559,0,4,Rmy,54750312,rmy_recovered,file,C:\Users\shiba\ptcc_pokemon_ai_buttle\data\runs\leaderboard_top50\alakazam\20260717_kaggle_top20\rank04_Rmy_sub54750312_full,episodes\86969559\replay\episode_86969559.json,0.5,
86970101,0,4,Rmy,54750312,rmy_recovered,file,C:\Users\shiba\ptcc_pokemon_ai_buttle\data\runs\leaderboard_top50\alakazam\20260717_kaggle_top20\rank04_Rmy_sub54750312_full,episodes\86970101\replay\episode_86970101.json,0.5,
86970657,1,4,Rmy,54750312,rmy_recovered,file,C:\Users\shiba\ptcc_pokemon_ai_buttle\data\runs\leaderboard_top50\alakazam\20260717_kaggle_top20\rank04_Rmy_sub54750312_full,episodes\86970657\replay\episode_86970657.json,0.5,
86971182,1,4,Rmy,54750312,rmy_recovered,file,C:\Users\shiba\ptcc_pokemon_ai_buttle\data\runs\leaderboard_top50\alakazam\20260717_kaggle_top20\rank04_Rmy_sub54750312_full,episodes\86971182\replay\episode_86971182.json,0.5,
86971707,0,4,Rmy,54750312,rmy_recovered,file,C:\Users\shiba\ptcc_pokemon_ai_buttle\data\runs\leaderboard_top50\alakazam\20260717_kaggle_top20\rank04_Rmy_sub54750312_full,episodes\86971707\replay\episode_86971707.json,0.5,
86972231,0,4,Rmy,54750312,rmy_recovered,file,C:\Users\shiba\ptcc_pokemon_ai_buttle\data\runs\leaderboard_top50\alakazam\20260717_kaggle_top20\rank04_Rmy_sub54750312_full,episodes\86972231\replay\episode_86972231.json,0.5,
86972757,1,4,Rmy,54750312,rmy_recovered,file,C:\Users\shiba\ptcc_pokemon_ai_buttle\data\runs\leaderboard_top50\alakazam\20260717_kaggle_top20\rank04_Rmy_sub54750312_full,episodes\86972757\replay\episode_86972757.json,0.5,
86973280,0,4,Rmy,54750312,rmy_recovered,file,C:\Users\shiba\ptcc_pokemon_ai_buttle\data\runs\leaderboard_top50\alakazam\20260717_kaggle_top20\rank04_Rmy_sub54750312_full,episodes\86973280\replay\episode_86973280.json,0.5,
86973774,1,4,Rmy,54750312,rmy_recovered,file,C:\Users\shiba\ptcc_pokemon_ai_buttle\data\runs\leaderboard_top50\alakazam\20260717_kaggle_top20\rank04_Rmy_sub54750312_full,episodes\86973774\replay\episode_86973774.json,0.5,
86973815,0,4,Rmy,54750312,rmy_recovered,file,C:\Users\shiba\ptcc_pokemon_ai_buttle\data\runs\leaderboard_top50\alakazam\20260717_kaggle_top20\rank04_Rmy_sub54750312_full,episodes\86973815\replay\episode_86973815.json,0.5,
86974328,0,4,Rmy,54750312,rmy_recovered,file,C:\Users\shiba\ptcc_pokemon_ai_buttle\data\runs\leaderboard_top50\alakazam\20260717_kaggle_top20\rank04_Rmy_sub54750312_full,episodes\86974328\replay\episode_86974328.json,0.5,
86974872,0,4,Rmy,54750312,rmy_recovered,file,C:\Users\shiba\ptcc_pokemon_ai_buttle\data\runs\leaderboard_top50\alakazam\20260717_kaggle_top20\rank04_Rmy_sub54750312_full,episodes\86974872\replay\episode_86974872.json,0.5,
86975330,0,4,Rmy,54750312,rmy_recovered,file,C:\Users\shiba\ptcc_pokemon_ai_buttle\data\runs\leaderboard_top50\alakazam\20260717_kaggle_top20\rank04_Rmy_sub54750312_full,episodes\86975330\replay\episode_86975330.json,0.5,
86975394,0,4,Rmy,54750312,rmy_recovered,file,C:\Users\shiba\ptcc_pokemon_ai_buttle\data\runs\leaderboard_top50\alakazam\20260717_kaggle_top20\rank04_Rmy_sub54750312_full,episodes\86975394\replay\episode_86975394.json,0.5,
86975916,0,4,Rmy,54750312,rmy_recovered,file,C:\Users\shiba\ptcc_pokemon_ai_buttle\data\runs\leaderboard_top50\alakazam\20260717_kaggle_top20\rank04_Rmy_sub54750312_full,episodes\86975916\replay\episode_86975916.json,0.5,
86976432,1,4,Rmy,54750312,rmy_recovered,file,C:\Users\shiba\ptcc_pokemon_ai_buttle\data\runs\leaderboard_top50\alakazam\20260717_kaggle_top20\rank04_Rmy_sub54750312_full,episodes\86976432\replay\episode_86976432.json,0.5,
86976437,1,4,Rmy,54750312,rmy_recovered,file,C:\Users\shiba\ptcc_pokemon_ai_buttle\data\runs\leaderboard_top50\alakazam\20260717_kaggle_top20\rank04_Rmy_sub54750312_full,episodes\86976437\replay\episode_86976437.json,0.5,
86976447,1,4,Rmy,54750312,rmy_recovered,file,C:\Users\shiba\ptcc_pokemon_ai_buttle\data\runs\leaderboard_top50\alakazam\20260717_kaggle_top20\rank04_Rmy_sub54750312_full,episodes\86976447\replay\episode_86976447.json,0.5,
86976967,1,4,Rmy,54750312,rmy_recovered,file,C:\Users\shiba\ptcc_pokemon_ai_buttle\data\runs\leaderboard_top50\alakazam\20260717_kaggle_top20\rank04_Rmy_sub54750312_full,episodes\86976967\replay\episode_86976967.json,0.5,
86977495,1,4,Rmy,54750312,rmy_recovered,file,C:\Users\shiba\ptcc_pokemon_ai_buttle\data\runs\leaderboard_top50\alakazam\20260717_kaggle_top20\rank04_Rmy_sub54750312_full,episodes\86977495\replay\episode_86977495.json,0.5,
86978032,0,4,Rmy,54750312,rmy_recovered,file,C:\Users\shiba\ptcc_pokemon_ai_buttle\data\runs\leaderboard_top50\alakazam\20260717_kaggle_top20\rank04_Rmy_sub54750312_full,episodes\86978032\replay\episode_86978032.json,0.5,
86978574,0,4,Rmy,54750312,rmy_recovered,file,C:\Users\shiba\ptcc_pokemon_ai_buttle\data\runs\leaderboard_top50\alakazam\20260717_kaggle_top20\rank04_Rmy_sub54750312_full,episodes\86978574\replay\episode_86978574.json,0.5,
86978600,1,4,Rmy,54750312,rmy_recovered,file,C:\Users\shiba\ptcc_pokemon_ai_buttle\data\runs\leaderboard_top50\alakazam\20260717_kaggle_top20\rank04_Rmy_sub54750312_full,episodes\86978600\replay\episode_86978600.json,0.5,
86979090,1,4,Rmy,54750312,rmy_recovered,file,C:\Users\shiba\ptcc_pokemon_ai_buttle\data\runs\leaderboard_top50\alakazam\20260717_kaggle_top20\rank04_Rmy_sub54750312_full,episodes\86979090\replay\episode_86979090.json,0.5,
86979139,0,4,Rmy,54750312,rmy_recovered,file,C:\Users\shiba\ptcc_pokemon_ai_buttle\data\runs\leaderboard_top50\alakazam\20260717_kaggle_top20\rank04_Rmy_sub54750312_full,episodes\86979139\replay\episode_86979139.json,0.5,
86979263,0,4,Rmy,54750312,rmy_recovered,file,C:\Users\shiba\ptcc_pokemon_ai_buttle\data\runs\leaderboard_top50\alakazam\20260717_kaggle_top20\rank04_Rmy_sub54750312_full,episodes\86979263\replay\episode_86979263.json,0.5,
86979695,0,4,Rmy,54750312,rmy_recovered,file,C:\Users\shiba\ptcc_pokemon_ai_buttle\data\runs\leaderboard_top50\alakazam\20260717_kaggle_top20\rank04_Rmy_sub54750312_full,episodes\86979695\replay\episode_86979695.json,0.5,
86980230,1,4,Rmy,54750312,rmy_recovered,file,C:\Users\shiba\ptcc_pokemon_ai_buttle\data\runs\leaderboard_top50\alakazam\20260717_kaggle_top20\rank04_Rmy_sub54750312_full,episodes\86980230\replay\episode_86980230.json,0.5,
86980762,0,4,Rmy,54750312,rmy_recovered,file,C:\Users\shiba\ptcc_pokemon_ai_buttle\data\runs\leaderboard_top50\alakazam\20260717_kaggle_top20\rank04_Rmy_sub54750312_full,episodes\86980762\replay\episode_86980762.json,0.5,
86981284,0,4,Rmy,54750312,rmy_recovered,file,C:\Users\shiba\ptcc_pokemon_ai_buttle\data\runs\leaderboard_top50\alakazam\20260717_kaggle_top20\rank04_Rmy_sub54750312_full,episodes\86981284\replay\episode_86981284.json,0.5,
86981342,1,4,Rmy,54750312,rmy_recovered,file,C:\Users\shiba\ptcc_pokemon_ai_buttle\data\runs\leaderboard_top50\alakazam\20260717_kaggle_top20\rank04_Rmy_sub54750312_full,episodes\86981342\replay\episode_86981342.json,0.5,
86981745,1,4,Rmy,54750312,rmy_recovered,file,C:\Users\shiba\ptcc_pokemon_ai_buttle\data\runs\leaderboard_top50\alakazam\20260717_kaggle_top20\rank04_Rmy_sub54750312_full,episodes\86981745\replay\episode_86981745.json,0.5,
86982292,1,4,Rmy,54750312,rmy_recovered,file,C:\Users\shiba\ptcc_pokemon_ai_buttle\data\runs\leaderboard_top50\alakazam\20260717_kaggle_top20\rank04_Rmy_sub54750312_full,episodes\86982292\replay\episode_86982292.json,0.5,
86982821,1,4,Rmy,54750312,rmy_recovered,file,C:\Users\shiba\ptcc_pokemon_ai_buttle\data\runs\leaderboard_top50\alakazam\20260717_kaggle_top20\rank04_Rmy_sub54750312_full,episodes\86982821\replay\episode_86982821.json,0.5,
86983371,0,4,Rmy,54750312,rmy_recovered,file,C:\Users\shiba\ptcc_pokemon_ai_buttle\data\runs\leaderboard_top50\alakazam\20260717_kaggle_top20\rank04_Rmy_sub54750312_full,episodes\86983371\replay\episode_86983371.json,0.5,
86983921,1,4,Rmy,54750312,rmy_recovered,file,C:\Users\shiba\ptcc_pokemon_ai_buttle\data\runs\leaderboard_top50\alakazam\20260717_kaggle_top20\rank04_Rmy_sub54750312_full,episodes\86983921\replay\episode_86983921.json,0.5,
86984488,1,4,Rmy,54750312,rmy_recovered,file,C:\Users\shiba\ptcc_pokemon_ai_buttle\data\runs\leaderboard_top50\alakazam\20260717_kaggle_top20\rank04_Rmy_sub54750312_full,episodes\86984488\replay\episode_86984488.json,0.5,
86985047,1,4,Rmy,54750312,rmy_recovered,file,C:\Users\shiba\ptcc_pokemon_ai_buttle\data\runs\leaderboard_top50\alakazam\20260717_kaggle_top20\rank04_Rmy_sub54750312_full,episodes\86985047\replay\episode_86985047.json,0.5,
86985591,0,4,Rmy,54750312,rmy_recovered,file,C:\Users\shiba\ptcc_pokemon_ai_buttle\data\runs\leaderboard_top50\alakazam\20260717_kaggle_top20\rank04_Rmy_sub54750312_full,episodes\86985591\replay\episode_86985591.json,0.5,
86986178,0,4,Rmy,54750312,rmy_recovered,file,C:\Users\shiba\ptcc_pokemon_ai_buttle\data\runs\leaderboard_top50\alakazam\20260717_kaggle_top20\rank04_Rmy_sub54750312_full,episodes\86986178\replay\episode_86986178.json,0.5,
86986728,1,4,Rmy,54750312,rmy_recovered,file,C:\Users\shiba\ptcc_pokemon_ai_buttle\data\runs\leaderboard_top50\alakazam\20260717_kaggle_top20\rank04_Rmy_sub54750312_full,episodes\86986728\replay\episode_86986728.json,0.5,
86987226,0,4,Rmy,54750312,rmy_recovered,file,C:\Users\shiba\ptcc_pokemon_ai_buttle\data\runs\leaderboard_top50\alakazam\20260717_kaggle_top20\rank04_Rmy_sub54750312_full,episodes\86987226\replay\episode_86987226.json,0.5,
86987257,1,4,Rmy,54750312,rmy_recovered,file,C:\Users\shiba\ptcc_pokemon_ai_buttle\data\runs\leaderboard_top50\alakazam\20260717_kaggle_top20\rank04_Rmy_sub54750312_full,episodes\86987257\replay\episode_86987257.json,0.5,
86987866,1,4,Rmy,54750312,rmy_recovered,file,C:\Users\shiba\ptcc_pokemon_ai_buttle\data\runs\leaderboard_top50\alakazam\20260717_kaggle_top20\rank04_Rmy_sub54750312_full,episodes\86987866\replay\episode_86987866.json,0.5,
86993817,1,4,Rmy,54750312,rmy_recovered,file,C:\Users\shiba\ptcc_pokemon_ai_buttle\data\runs\leaderboard_top50\alakazam\20260717_kaggle_top20\rank04_Rmy_sub54750312_full,episodes\86993817\replay\episode_86993817.json,0.5,
86994795,1,4,Rmy,54750312,rmy_recovered,file,C:\Users\shiba\ptcc_pokemon_ai_buttle\data\runs\leaderboard_top50\alakazam\20260717_kaggle_top20\rank04_Rmy_sub54750312_full,episodes\86994795\replay\episode_86994795.json,0.5,
86996995,1,4,Rmy,54750312,rmy_recovered,file,C:\Users\shiba\ptcc_pokemon_ai_buttle\data\runs\leaderboard_top50\alakazam\20260717_kaggle_top20\rank04_Rmy_sub54750312_full,episodes\86996995\replay\episode_86996995.json,0.5,
87004460,1,4,Rmy,54750312,rmy_recovered,file,C:\Users\shiba\ptcc_pokemon_ai_buttle\data\runs\leaderboard_top50\alakazam\20260717_kaggle_top20\rank04_Rmy_sub54750312_full,episodes\87004460\replay\episode_87004460.json,0.5,
87004911,1,4,Rmy,54750312,rmy_recovered,file,C:\Users\shiba\ptcc_pokemon_ai_buttle\data\runs\leaderboard_top50\alakazam\20260717_kaggle_top20\rank04_Rmy_sub54750312_full,episodes\87004911\replay\episode_87004911.json,0.5,
87006592,0,4,Rmy,54750312,rmy_recovered,file,C:\Users\shiba\ptcc_pokemon_ai_buttle\data\runs\leaderboard_top50\alakazam\20260717_kaggle_top20\rank04_Rmy_sub54750312_full,episodes\87006592\replay\episode_87006592.json,0.5,
87008297,1,4,Rmy,54750312,rmy_recovered,file,C:\Users\shiba\ptcc_pokemon_ai_buttle\data\runs\leaderboard_top50\alakazam\20260717_kaggle_top20\rank04_Rmy_sub54750312_full,episodes\87008297\replay\episode_87008297.json,0.5,
87013508,0,4,Rmy,54750312,rmy_recovered,file,C:\Users\shiba\ptcc_pokemon_ai_buttle\data\runs\leaderboard_top50\alakazam\20260717_kaggle_top20\rank04_Rmy_sub54750312_full,episodes\87013508\replay\episode_87013508.json,0.5,
87014676,0,4,Rmy,54750312,rmy_recovered,file,C:\Users\shiba\ptcc_pokemon_ai_buttle\data\runs\leaderboard_top50\alakazam\20260717_kaggle_top20\rank04_Rmy_sub54750312_full,episodes\87014676\replay\episode_87014676.json,0.5,
87016203,0,4,Rmy,54750312,rmy_recovered,file,C:\Users\shiba\ptcc_pokemon_ai_buttle\data\runs\leaderboard_top50\alakazam\20260717_kaggle_top20\rank04_Rmy_sub54750312_full,episodes\87016203\replay\episode_87016203.json,0.5,
87016965,1,4,Rmy,54750312,rmy_recovered,file,C:\Users\shiba\ptcc_pokemon_ai_buttle\data\runs\leaderboard_top50\alakazam\20260717_kaggle_top20\rank04_Rmy_sub54750312_full,episodes\87016965\replay\episode_87016965.json,0.5,
87022314,1,4,Rmy,54750312,rmy_recovered,file,C:\Users\shiba\ptcc_pokemon_ai_buttle\data\runs\leaderboard_top50\alakazam\20260717_kaggle_top20\rank04_Rmy_sub54750312_full,episodes\87022314\replay\episode_87022314.json,0.5,
87029506,1,4,Rmy,54750312,rmy_recovered,file,C:\Users\shiba\ptcc_pokemon_ai_buttle\data\runs\leaderboard_top50\alakazam\20260717_kaggle_top20\rank04_Rmy_sub54750312_full,episodes\87029506\replay\episode_87029506.json,0.5,
87031155,0,4,Rmy,54750312,rmy_recovered,file,C:\Users\shiba\ptcc_pokemon_ai_buttle\data\runs\leaderboard_top50\alakazam\20260717_kaggle_top20\rank04_Rmy_sub54750312_full,episodes\87031155\replay\episode_87031155.json,0.5,
87032222,0,4,Rmy,54750312,rmy_recovered,file,C:\Users\shiba\ptcc_pokemon_ai_buttle\data\runs\leaderboard_top50\alakazam\20260717_kaggle_top20\rank04_Rmy_sub54750312_full,episodes\87032222\replay\episode_87032222.json,0.5,
87038777,1,4,Rmy,54750312,rmy_recovered,file,C:\Users\shiba\ptcc_pokemon_ai_buttle\data\runs\leaderboard_top50\alakazam\20260717_kaggle_top20\rank04_Rmy_sub54750312_full,episodes\87038777\replay\episode_87038777.json,0.5,
87043122,1,4,Rmy,54750312,rmy_recovered,file,C:\Users\shiba\ptcc_pokemon_ai_buttle\data\runs\leaderboard_top50\alakazam\20260717_kaggle_top20\rank04_Rmy_sub54750312_full,episodes\87043122\replay\episode_87043122.json,0.5,
87044175,1,4,Rmy,54750312,rmy_recovered,file,C:\Users\shiba\ptcc_pokemon_ai_buttle\data\runs\leaderboard_top50\alakazam\20260717_kaggle_top20\rank04_Rmy_sub54750312_full,episodes\87044175\replay\episode_87044175.json,0.5,
87044284,1,4,Rmy,54750312,rmy_recovered,file,C:\Users\shiba\ptcc_pokemon_ai_buttle\data\runs\leaderboard_top50\alakazam\20260717_kaggle_top20\rank04_Rmy_sub54750312_full,episodes\87044284\replay\episode_87044284.json,0.5,
87044561,1,4,Rmy,54750312,rmy_recovered,file,C:\Users\shiba\ptcc_pokemon_ai_buttle\data\runs\leaderboard_top50\alakazam\20260717_kaggle_top20\rank04_Rmy_sub54750312_full,episodes\87044561\replay\episode_87044561.json,0.5,
87050475,0,4,Rmy,54750312,rmy_recovered,file,C:\Users\shiba\ptcc_pokemon_ai_buttle\data\runs\leaderboard_top50\alakazam\20260717_kaggle_top20\rank04_Rmy_sub54750312_full,episodes\87050475\replay\episode_87050475.json,0.5,
87055523,0,4,Rmy,54750312,rmy_recovered,file,C:\Users\shiba\ptcc_pokemon_ai_buttle\data\runs\leaderboard_top50\alakazam\20260717_kaggle_top20\rank04_Rmy_sub54750312_full,episodes\87055523\replay\episode_87055523.json,0.5,
87060753,0,4,Rmy,54750312,rmy_recovered,file,C:\Users\shiba\ptcc_pokemon_ai_buttle\data\runs\leaderboard_top50\alakazam\20260717_kaggle_top20\rank04_Rmy_sub54750312_full,episodes\87060753\replay\episode_87060753.json,0.5,
87062313,0,4,Rmy,54750312,rmy_recovered,file,C:\Users\shiba\ptcc_pokemon_ai_buttle\data\runs\leaderboard_top50\alakazam\20260717_kaggle_top20\rank04_Rmy_sub54750312_full,episodes\87062313\replay\episode_87062313.json,0.5,
87063210,1,4,Rmy,54750312,rmy_recovered,file,C:\Users\shiba\ptcc_pokemon_ai_buttle\data\runs\leaderboard_top50\alakazam\20260717_kaggle_top20\rank04_Rmy_sub54750312_full,episodes\87063210\replay\episode_87063210.json,0.5,
87066743,0,4,Rmy,54750312,rmy_recovered,file,C:\Users\shiba\ptcc_pokemon_ai_buttle\data\runs\leaderboard_top50\alakazam\20260717_kaggle_top20\rank04_Rmy_sub54750312_full,episodes\87066743\replay\episode_87066743.json,0.5,
87071712,0,4,Rmy,54750312,rmy_recovered,file,C:\Users\shiba\ptcc_pokemon_ai_buttle\data\runs\leaderboard_top50\alakazam\20260717_kaggle_top20\rank04_Rmy_sub54750312_full,episodes\87071712\replay\episode_87071712.json,0.5,
87076088,0,4,Rmy,54750312,rmy_recovered,file,C:\Users\shiba\ptcc_pokemon_ai_buttle\data\runs\leaderboard_top50\alakazam\20260717_kaggle_top20\rank04_Rmy_sub54750312_full,episodes\87076088\replay\episode_87076088.json,0.5,
87077166,0,4,Rmy,54750312,rmy_recovered,file,C:\Users\shiba\ptcc_pokemon_ai_buttle\data\runs\leaderboard_top50\alakazam\20260717_kaggle_top20\rank04_Rmy_sub54750312_full,episodes\87077166\replay\episode_87077166.json,0.5,
87084855,1,4,Rmy,54750312,rmy_recovered,file,C:\Users\shiba\ptcc_pokemon_ai_buttle\data\runs\leaderboard_top50\alakazam\20260717_kaggle_top20\rank04_Rmy_sub54750312_full,episodes\87084855\replay\episode_87084855.json,0.5,
87088061,0,4,Rmy,54750312,rmy_recovered,file,C:\Users\shiba\ptcc_pokemon_ai_buttle\data\runs\leaderboard_top50\alakazam\20260717_kaggle_top20\rank04_Rmy_sub54750312_full,episodes\87088061\replay\episode_87088061.json,0.5,
87089518,0,4,Rmy,54750312,rmy_recovered,file,C:\Users\shiba\ptcc_pokemon_ai_buttle\data\runs\leaderboard_top50\alakazam\20260717_kaggle_top20\rank04_Rmy_sub54750312_full,episodes\87089518\replay\episode_87089518.json,0.5,
87090571,0,4,Rmy,54750312,rmy_recovered,file,C:\Users\shiba\ptcc_pokemon_ai_buttle\data\runs\leaderboard_top50\alakazam\20260717_kaggle_top20\rank04_Rmy_sub54750312_full,episodes\87090571\replay\episode_87090571.json,0.5,
87095145,0,4,Rmy,54750312,rmy_recovered,file,C:\Users\shiba\ptcc_pokemon_ai_buttle\data\runs\leaderboard_top50\alakazam\20260717_kaggle_top20\rank04_Rmy_sub54750312_full,episodes\87095145\replay\episode_87095145.json,0.5,
87102732,1,4,Rmy,54750312,rmy_recovered,file,C:\Users\shiba\ptcc_pokemon_ai_buttle\data\runs\leaderboard_top50\alakazam\20260717_kaggle_top20\rank04_Rmy_sub54750312_full,episodes\87102732\replay\episode_87102732.json,0.5,
87102963,0,4,Rmy,54750312,rmy_recovered,file,C:\Users\shiba\ptcc_pokemon_ai_buttle\data\runs\leaderboard_top50\alakazam\20260717_kaggle_top20\rank04_Rmy_sub54750312_full,episodes\87102963\replay\episode_87102963.json,0.5,
87111848,0,4,Rmy,54750312,rmy_recovered,file,C:\Users\shiba\ptcc_pokemon_ai_buttle\data\runs\leaderboard_top50\alakazam\20260717_kaggle_top20\rank04_Rmy_sub54750312_full,episodes\87111848\replay\episode_87111848.json,0.5,
87115720,0,4,Rmy,54750312,rmy_recovered,file,C:\Users\shiba\ptcc_pokemon_ai_buttle\data\runs\leaderboard_top50\alakazam\20260717_kaggle_top20\rank04_Rmy_sub54750312_full,episodes\87115720\replay\episode_87115720.json,0.5,
87119630,1,4,Rmy,54750312,rmy_recovered,file,C:\Users\shiba\ptcc_pokemon_ai_buttle\data\runs\leaderboard_top50\alakazam\20260717_kaggle_top20\rank04_Rmy_sub54750312_full,episodes\87119630\replay\episode_87119630.json,0.5,
87120210,0,4,Rmy,54750312,rmy_recovered,file,C:\Users\shiba\ptcc_pokemon_ai_buttle\data\runs\leaderboard_top50\alakazam\20260717_kaggle_top20\rank04_Rmy_sub54750312_full,episodes\87120210\replay\episode_87120210.json,0.5,
87121548,1,4,Rmy,54750312,rmy_recovered,file,C:\Users\shiba\ptcc_pokemon_ai_buttle\data\runs\leaderboard_top50\alakazam\20260717_kaggle_top20\rank04_Rmy_sub54750312_full,episodes\87121548\replay\episode_87121548.json,0.5,
87123073,1,4,Rmy,54750312,rmy_recovered,file,C:\Users\shiba\ptcc_pokemon_ai_buttle\data\runs\leaderboard_top50\alakazam\20260717_kaggle_top20\rank04_Rmy_sub54750312_full,episodes\87123073\replay\episode_87123073.json,0.5,
87123467,1,4,Rmy,54750312,rmy_recovered,file,C:\Users\shiba\ptcc_pokemon_ai_buttle\data\runs\leaderboard_top50\alakazam\20260717_kaggle_top20\rank04_Rmy_sub54750312_full,episodes\87123467\replay\episode_87123467.json,0.5,
87129514,1,4,Rmy,54750312,rmy_recovered,file,C:\Users\shiba\ptcc_pokemon_ai_buttle\data\runs\leaderboard_top50\alakazam\20260717_kaggle_top20\rank04_Rmy_sub54750312_full,episodes\87129514\replay\episode_87129514.json,0.5,
87130495,1,4,Rmy,54750312,rmy_recovered,file,C:\Users\shiba\ptcc_pokemon_ai_buttle\data\runs\leaderboard_top50\alakazam\20260717_kaggle_top20\rank04_Rmy_sub54750312_full,episodes\87130495\replay\episode_87130495.json,0.5,
87134826,1,4,Rmy,54750312,rmy_recovered,file,C:\Users\shiba\ptcc_pokemon_ai_buttle\data\runs\leaderboard_top50\alakazam\20260717_kaggle_top20\rank04_Rmy_sub54750312_full,episodes\87134826\replay\episode_87134826.json,0.5,
87136958,1,4,Rmy,54750312,rmy_recovered,file,C:\Users\shiba\ptcc_pokemon_ai_buttle\data\runs\leaderboard_top50\alakazam\20260717_kaggle_top20\rank04_Rmy_sub54750312_full,episodes\87136958\replay\episode_87136958.json,0.5,
87137847,0,4,Rmy,54750312,rmy_recovered,file,C:\Users\shiba\ptcc_pokemon_ai_buttle\data\runs\leaderboard_top50\alakazam\20260717_kaggle_top20\rank04_Rmy_sub54750312_full,episodes\87137847\replay\episode_87137847.json,0.5,
87139558,1,4,Rmy,54750312,rmy_recovered,file,C:\Users\shiba\ptcc_pokemon_ai_buttle\data\runs\leaderboard_top50\alakazam\20260717_kaggle_top20\rank04_Rmy_sub54750312_full,episodes\87139558\replay\episode_87139558.json,0.5,
87140548,1,4,Rmy,54750312,rmy_recovered,file,C:\Users\shiba\ptcc_pokemon_ai_buttle\data\runs\leaderboard_top50\alakazam\20260717_kaggle_top20\rank04_Rmy_sub54750312_full,episodes\87140548\replay\episode_87140548.json,0.5,
87140642,1,4,Rmy,54750312,rmy_recovered,file,C:\Users\shiba\ptcc_pokemon_ai_buttle\data\runs\leaderboard_top50\alakazam\20260717_kaggle_top20\rank04_Rmy_sub54750312_full,episodes\87140642\replay\episode_87140642.json,0.5,
87141183,1,4,Rmy,54750312,rmy_recovered,file,C:\Users\shiba\ptcc_pokemon_ai_buttle\data\runs\leaderboard_top50\alakazam\20260717_kaggle_top20\rank04_Rmy_sub54750312_full,episodes\87141183\replay\episode_87141183.json,0.5,
87141618,0,4,Rmy,54750312,rmy_recovered,file,C:\Users\shiba\ptcc_pokemon_ai_buttle\data\runs\leaderboard_top50\alakazam\20260717_kaggle_top20\rank04_Rmy_sub54750312_full,episodes\87141618\replay\episode_87141618.json,0.5,
87142184,0,4,Rmy,54750312,rmy_recovered,file,C:\Users\shiba\ptcc_pokemon_ai_buttle\data\runs\leaderboard_top50\alakazam\20260717_kaggle_top20\rank04_Rmy_sub54750312_full,episodes\87142184\replay\episode_87142184.json,0.5,
87142660,1,4,Rmy,54750312,rmy_recovered,file,C:\Users\shiba\ptcc_pokemon_ai_buttle\data\runs\leaderboard_top50\alakazam\20260717_kaggle_top20\rank04_Rmy_sub54750312_full,episodes\87142660\replay\episode_87142660.json,0.5,
87143219,1,4,Rmy,54750312,rmy_recovered,file,C:\Users\shiba\ptcc_pokemon_ai_buttle\data\runs\leaderboard_top50\alakazam\20260717_kaggle_top20\rank04_Rmy_sub54750312_full,episodes\87143219\replay\episode_87143219.json,0.5,
87143282,1,4,Rmy,54750312,rmy_recovered,file,C:\Users\shiba\ptcc_pokemon_ai_buttle\data\runs\leaderboard_top50\alakazam\20260717_kaggle_top20\rank04_Rmy_sub54750312_full,episodes\87143282\replay\episode_87143282.json,0.5,
87143676,0,4,Rmy,54750312,rmy_recovered,file,C:\Users\shiba\ptcc_pokemon_ai_buttle\data\runs\leaderboard_top50\alakazam\20260717_kaggle_top20\rank04_Rmy_sub54750312_full,episodes\87143676\replay\episode_87143676.json,0.5,
87144186,1,4,Rmy,54750312,rmy_recovered,file,C:\Users\shiba\ptcc_pokemon_ai_buttle\data\runs\leaderboard_top50\alakazam\20260717_kaggle_top20\rank04_Rmy_sub54750312_full,episodes\87144186\replay\episode_87144186.json,0.5,
87144188,0,4,Rmy,54750312,rmy_recovered,file,C:\Users\shiba\ptcc_pokemon_ai_buttle\data\runs\leaderboard_top50\alakazam\20260717_kaggle_top20\rank04_Rmy_sub54750312_full,episodes\87144188\replay\episode_87144188.json,0.5,
87144709,0,4,Rmy,54750312,rmy_recovered,file,C:\Users\shiba\ptcc_pokemon_ai_buttle\data\runs\leaderboard_top50\alakazam\20260717_kaggle_top20\rank04_Rmy_sub54750312_full,episodes\87144709\replay\episode_87144709.json,0.5,
87145237,0,4,Rmy,54750312,rmy_recovered,file,C:\Users\shiba\ptcc_pokemon_ai_buttle\data\runs\leaderboard_top50\alakazam\20260717_kaggle_top20\rank04_Rmy_sub54750312_full,episodes\87145237\replay\episode_87145237.json,0.5,
87145746,1,4,Rmy,54750312,rmy_recovered,file,C:\Users\shiba\ptcc_pokemon_ai_buttle\data\runs\leaderboard_top50\alakazam\20260717_kaggle_top20\rank04_Rmy_sub54750312_full,episodes\87145746\replay\episode_87145746.json,0.5,
87145764,0,4,Rmy,54750312,rmy_recovered,file,C:\Users\shiba\ptcc_pokemon_ai_buttle\data\runs\leaderboard_top50\alakazam\20260717_kaggle_top20\rank04_Rmy_sub54750312_full,episodes\87145764\replay\episode_87145764.json,0.5,
87146229,0,4,Rmy,54750312,rmy_recovered,file,C:\Users\shiba\ptcc_pokemon_ai_buttle\data\runs\leaderboard_top50\alakazam\20260717_kaggle_top20\rank04_Rmy_sub54750312_full,episodes\87146229\replay\episode_87146229.json,0.5,
87146283,1,4,Rmy,54750312,rmy_recovered,file,C:\Users\shiba\ptcc_pokemon_ai_buttle\data\runs\leaderboard_top50\alakazam\20260717_kaggle_top20\rank04_Rmy_sub54750312_full,episodes\87146283\replay\episode_87146283.json,0.5,
87146803,1,4,Rmy,54750312,rmy_recovered,file,C:\Users\shiba\ptcc_pokemon_ai_buttle\data\runs\leaderboard_top50\alakazam\20260717_kaggle_top20\rank04_Rmy_sub54750312_full,episodes\87146803\replay\episode_87146803.json,0.5,
87147313,0,4,Rmy,54750312,rmy_recovered,file,C:\Users\shiba\ptcc_pokemon_ai_buttle\data\runs\leaderboard_top50\alakazam\20260717_kaggle_top20\rank04_Rmy_sub54750312_full,episodes\87147313\replay\episode_87147313.json,0.5,
87147362,0,4,Rmy,54750312,rmy_recovered,file,C:\Users\shiba\ptcc_pokemon_ai_buttle\data\runs\leaderboard_top50\alakazam\20260717_kaggle_top20\rank04_Rmy_sub54750312_full,episodes\87147362\replay\episode_87147362.json,0.5,
87147856,0,4,Rmy,54750312,rmy_recovered,file,C:\Users\shiba\ptcc_pokemon_ai_buttle\data\runs\leaderboard_top50\alakazam\20260717_kaggle_top20\rank04_Rmy_sub54750312_full,episodes\87147856\replay\episode_87147856.json,0.5,
87147875,1,4,Rmy,54750312,rmy_recovered,file,C:\Users\shiba\ptcc_pokemon_ai_buttle\data\runs\leaderboard_top50\alakazam\20260717_kaggle_top20\rank04_Rmy_sub54750312_full,episodes\87147875\replay\episode_87147875.json,0.5,
87148403,1,4,Rmy,54750312,rmy_recovered,file,C:\Users\shiba\ptcc_pokemon_ai_buttle\data\runs\leaderboard_top50\alakazam\20260717_kaggle_top20\rank04_Rmy_sub54750312_full,episodes\87148403\replay\episode_87148403.json,0.5,
87148896,0,4,Rmy,54750312,rmy_recovered,file,C:\Users\shiba\ptcc_pokemon_ai_buttle\data\runs\leaderboard_top50\alakazam\20260717_kaggle_top20\rank04_Rmy_sub54750312_full,episodes\87148896\replay\episode_87148896.json,0.5,
87148914,0,4,Rmy,54750312,rmy_recovered,file,C:\Users\shiba\ptcc_pokemon_ai_buttle\data\runs\leaderboard_top50\alakazam\20260717_kaggle_top20\rank04_Rmy_sub54750312_full,episodes\87148914\replay\episode_87148914.json,0.5,
87148927,1,4,Rmy,54750312,rmy_recovered,file,C:\Users\shiba\ptcc_pokemon_ai_buttle\data\runs\leaderboard_top50\alakazam\20260717_kaggle_top20\rank04_Rmy_sub54750312_full,episodes\87148927\replay\episode_87148927.json,0.5,
87149426,0,4,Rmy,54750312,rmy_recovered,file,C:\Users\shiba\ptcc_pokemon_ai_buttle\data\runs\leaderboard_top50\alakazam\20260717_kaggle_top20\rank04_Rmy_sub54750312_full,episodes\87149426\replay\episode_87149426.json,0.5,
87149451,0,4,Rmy,54750312,rmy_recovered,file,C:\Users\shiba\ptcc_pokemon_ai_buttle\data\runs\leaderboard_top50\alakazam\20260717_kaggle_top20\rank04_Rmy_sub54750312_full,episodes\87149451\replay\episode_87149451.json,0.5,
87149972,1,4,Rmy,54750312,rmy_recovered,file,C:\Users\shiba\ptcc_pokemon_ai_buttle\data\runs\leaderboard_top50\alakazam\20260717_kaggle_top20\rank04_Rmy_sub54750312_full,episodes\87149972\replay\episode_87149972.json,0.5,
87150492,0,4,Rmy,54750312,rmy_recovered,file,C:\Users\shiba\ptcc_pokemon_ai_buttle\data\runs\leaderboard_top50\alakazam\20260717_kaggle_top20\rank04_Rmy_sub54750312_full,episodes\87150492\replay\episode_87150492.json,0.5,
87151015,0,4,Rmy,54750312,rmy_recovered,file,C:\Users\shiba\ptcc_pokemon_ai_buttle\data\runs\leaderboard_top50\alakazam\20260717_kaggle_top20\rank04_Rmy_sub54750312_full,episodes\87151015\replay\episode_87151015.json,0.5,
87151532,0,4,Rmy,54750312,rmy_recovered,file,C:\Users\shiba\ptcc_pokemon_ai_buttle\data\runs\leaderboard_top50\alakazam\20260717_kaggle_top20\rank04_Rmy_sub54750312_full,episodes\87151532\replay\episode_87151532.json,0.5,
87151549,1,4,Rmy,54750312,rmy_recovered,file,C:\Users\shiba\ptcc_pokemon_ai_buttle\data\runs\leaderboard_top50\alakazam\20260717_kaggle_top20\rank04_Rmy_sub54750312_full,episodes\87151549\replay\episode_87151549.json,0.5,
87152082,0,4,Rmy,54750312,rmy_recovered,file,C:\Users\shiba\ptcc_pokemon_ai_buttle\data\runs\leaderboard_top50\alakazam\20260717_kaggle_top20\rank04_Rmy_sub54750312_full,episodes\87152082\replay\episode_87152082.json,0.5,
87152612,1,4,Rmy,54750312,rmy_recovered,file,C:\Users\shiba\ptcc_pokemon_ai_buttle\data\runs\leaderboard_top50\alakazam\20260717_kaggle_top20\rank04_Rmy_sub54750312_full,episodes\87152612\replay\episode_87152612.json,0.5,
87153099,1,4,Rmy,54750312,rmy_recovered,file,C:\Users\shiba\ptcc_pokemon_ai_buttle\data\runs\leaderboard_top50\alakazam\20260717_kaggle_top20\rank04_Rmy_sub54750312_full,episodes\87153099\replay\episode_87153099.json,0.5,
87153107,0,4,Rmy,54750312,rmy_recovered,file,C:\Users\shiba\ptcc_pokemon_ai_buttle\data\runs\leaderboard_top50\alakazam\20260717_kaggle_top20\rank04_Rmy_sub54750312_full,episodes\87153107\replay\episode_87153107.json,0.5,
87153139,0,4,Rmy,54750312,rmy_recovered,file,C:\Users\shiba\ptcc_pokemon_ai_buttle\data\runs\leaderboard_top50\alakazam\20260717_kaggle_top20\rank04_Rmy_sub54750312_full,episodes\87153139\replay\episode_87153139.json,0.5,
87153656,0,4,Rmy,54750312,rmy_recovered,file,C:\Users\shiba\ptcc_pokemon_ai_buttle\data\runs\leaderboard_top50\alakazam\20260717_kaggle_top20\rank04_Rmy_sub54750312_full,episodes\87153656\replay\episode_87153656.json,0.5,
87153676,0,4,Rmy,54750312,rmy_recovered,file,C:\Users\shiba\ptcc_pokemon_ai_buttle\data\runs\leaderboard_top50\alakazam\20260717_kaggle_top20\rank04_Rmy_sub54750312_full,episodes\87153676\replay\episode_87153676.json,0.5,
87154197,1,4,Rmy,54750312,rmy_recovered,file,C:\Users\shiba\ptcc_pokemon_ai_buttle\data\runs\leaderboard_top50\alakazam\20260717_kaggle_top20\rank04_Rmy_sub54750312_full,episodes\87154197\replay\episode_87154197.json,0.5,
87154210,1,4,Rmy,54750312,rmy_recovered,file,C:\Users\shiba\ptcc_pokemon_ai_buttle\data\runs\leaderboard_top50\alakazam\20260717_kaggle_top20\rank04_Rmy_sub54750312_full,episodes\87154210\replay\episode_87154210.json,0.5,
87154710,0,4,Rmy,54750312,rmy_recovered,file,C:\Users\shiba\ptcc_pokemon_ai_buttle\data\runs\leaderboard_top50\alakazam\20260717_kaggle_top20\rank04_Rmy_sub54750312_full,episodes\87154710\replay\episode_87154710.json,0.5,
87154890,1,4,Rmy,54750312,rmy_recovered,file,C:\Users\shiba\ptcc_pokemon_ai_buttle\data\runs\leaderboard_top50\alakazam\20260717_kaggle_top20\rank04_Rmy_sub54750312_full,episodes\87154890\replay\episode_87154890.json,0.5,
87155225,0,4,Rmy,54750312,rmy_recovered,file,C:\Users\shiba\ptcc_pokemon_ai_buttle\data\runs\leaderboard_top50\alakazam\20260717_kaggle_top20\rank04_Rmy_sub54750312_full,episodes\87155225\replay\episode_87155225.json,0.5,
87155755,1,4,Rmy,54750312,rmy_recovered,file,C:\Users\shiba\ptcc_pokemon_ai_buttle\data\runs\leaderboard_top50\alakazam\20260717_kaggle_top20\rank04_Rmy_sub54750312_full,episodes\87155755\replay\episode_87155755.json,0.5,
87156289,1,4,Rmy,54750312,rmy_recovered,file,C:\Users\shiba\ptcc_pokemon_ai_buttle\data\runs\leaderboard_top50\alakazam\20260717_kaggle_top20\rank04_Rmy_sub54750312_full,episodes\87156289\replay\episode_87156289.json,0.5,
87156747,0,4,Rmy,54750312,rmy_recovered,file,C:\Users\shiba\ptcc_pokemon_ai_buttle\data\runs\leaderboard_top50\alakazam\20260717_kaggle_top20\rank04_Rmy_sub54750312_full,episodes\87156747\replay\episode_87156747.json,0.5,
87156821,1,4,Rmy,54750312,rmy_recovered,file,C:\Users\shiba\ptcc_pokemon_ai_buttle\data\runs\leaderboard_top50\alakazam\20260717_kaggle_top20\rank04_Rmy_sub54750312_full,episodes\87156821\replay\episode_87156821.json,0.5,
87157336,1,4,Rmy,54750312,rmy_recovered,file,C:\Users\shiba\ptcc_pokemon_ai_buttle\data\runs\leaderboard_top50\alakazam\20260717_kaggle_top20\rank04_Rmy_sub54750312_full,episodes\87157336\replay\episode_87157336.json,0.5,
87157351,1,4,Rmy,54750312,rmy_recovered,file,C:\Users\shiba\ptcc_pokemon_ai_buttle\data\runs\leaderboard_top50\alakazam\20260717_kaggle_top20\rank04_Rmy_sub54750312_full,episodes\87157351\replay\episode_87157351.json,0.5,
87157884,0,4,Rmy,54750312,rmy_recovered,file,C:\Users\shiba\ptcc_pokemon_ai_buttle\data\runs\leaderboard_top50\alakazam\20260717_kaggle_top20\rank04_Rmy_sub54750312_full,episodes\87157884\replay\episode_87157884.json,0.5,
87158409,1,4,Rmy,54750312,rmy_recovered,file,C:\Users\shiba\ptcc_pokemon_ai_buttle\data\runs\leaderboard_top50\alakazam\20260717_kaggle_top20\rank04_Rmy_sub54750312_full,episodes\87158409\replay\episode_87158409.json,0.5,
87158410,1,4,Rmy,54750312,rmy_recovered,file,C:\Users\shiba\ptcc_pokemon_ai_buttle\data\runs\leaderboard_top50\alakazam\20260717_kaggle_top20\rank04_Rmy_sub54750312_full,episodes\87158410\replay\episode_87158410.json,0.5,
87158422,0,4,Rmy,54750312,rmy_recovered,file,C:\Users\shiba\ptcc_pokemon_ai_buttle\data\runs\leaderboard_top50\alakazam\20260717_kaggle_top20\rank04_Rmy_sub54750312_full,episodes\87158422\replay\episode_87158422.json,0.5,
87158958,0,4,Rmy,54750312,rmy_recovered,file,C:\Users\shiba\ptcc_pokemon_ai_buttle\data\runs\leaderboard_top50\alakazam\20260717_kaggle_top20\rank04_Rmy_sub54750312_full,episodes\87158958\replay\episode_87158958.json,0.5,
87159486,0,4,Rmy,54750312,rmy_recovered,file,C:\Users\shiba\ptcc_pokemon_ai_buttle\data\runs\leaderboard_top50\alakazam\20260717_kaggle_top20\rank04_Rmy_sub54750312_full,episodes\87159486\replay\episode_87159486.json,0.5,
87160005,0,4,Rmy,54750312,rmy_recovered,file,C:\Users\shiba\ptcc_pokemon_ai_buttle\data\runs\leaderboard_top50\alakazam\20260717_kaggle_top20\rank04_Rmy_sub54750312_full,episodes\87160005\replay\episode_87160005.json,0.5,
87160561,0,4,Rmy,54750312,rmy_recovered,file,C:\Users\shiba\ptcc_pokemon_ai_buttle\data\runs\leaderboard_top50\alakazam\20260717_kaggle_top20\rank04_Rmy_sub54750312_full,episodes\87160561\replay\episode_87160561.json,0.5,
87161105,1,4,Rmy,54750312,rmy_recovered,file,C:\Users\shiba\ptcc_pokemon_ai_buttle\data\runs\leaderboard_top50\alakazam\20260717_kaggle_top20\rank04_Rmy_sub54750312_full,episodes\87161105\replay\episode_87161105.json,0.5,
87161111,1,4,Rmy,54750312,rmy_recovered,file,C:\Users\shiba\ptcc_pokemon_ai_buttle\data\runs\leaderboard_top50\alakazam\20260717_kaggle_top20\rank04_Rmy_sub54750312_full,episodes\87161111\replay\episode_87161111.json,0.5,
87161287,0,4,Rmy,54750312,rmy_recovered,file,C:\Users\shiba\ptcc_pokemon_ai_buttle\data\runs\leaderboard_top50\alakazam\20260717_kaggle_top20\rank04_Rmy_sub54750312_full,episodes\87161287\replay\episode_87161287.json,0.5,
87161654,0,4,Rmy,54750312,rmy_recovered,file,C:\Users\shiba\ptcc_pokemon_ai_buttle\data\runs\leaderboard_top50\alakazam\20260717_kaggle_top20\rank04_Rmy_sub54750312_full,episodes\87161654\replay\episode_87161654.json,0.5,
87162196,0,4,Rmy,54750312,rmy_recovered,file,C:\Users\shiba\ptcc_pokemon_ai_buttle\data\runs\leaderboard_top50\alakazam\20260717_kaggle_top20\rank04_Rmy_sub54750312_full,episodes\87162196\replay\episode_87162196.json,0.5,
87162737,0,4,Rmy,54750312,rmy_recovered,file,C:\Users\shiba\ptcc_pokemon_ai_buttle\data\runs\leaderboard_top50\alakazam\20260717_kaggle_top20\rank04_Rmy_sub54750312_full,episodes\87162737\replay\episode_87162737.json,0.5,
87162740,1,4,Rmy,54750312,rmy_recovered,file,C:\Users\shiba\ptcc_pokemon_ai_buttle\data\runs\leaderboard_top50\alakazam\20260717_kaggle_top20\rank04_Rmy_sub54750312_full,episodes\87162740\replay\episode_87162740.json,0.5,
87163269,0,4,Rmy,54750312,rmy_recovered,file,C:\Users\shiba\ptcc_pokemon_ai_buttle\data\runs\leaderboard_top50\alakazam\20260717_kaggle_top20\rank04_Rmy_sub54750312_full,episodes\87163269\replay\episode_87163269.json,0.5,
87163820,0,4,Rmy,54750312,rmy_recovered,file,C:\Users\shiba\ptcc_pokemon_ai_buttle\data\runs\leaderboard_top50\alakazam\20260717_kaggle_top20\rank04_Rmy_sub54750312_full,episodes\87163820\replay\episode_87163820.json,0.5,
87163860,1,4,Rmy,54750312,rmy_recovered,file,C:\Users\shiba\ptcc_pokemon_ai_buttle\data\runs\leaderboard_top50\alakazam\20260717_kaggle_top20\rank04_Rmy_sub54750312_full,episodes\87163860\replay\episode_87163860.json,0.5,
87164371,0,4,Rmy,54750312,rmy_recovered,file,C:\Users\shiba\ptcc_pokemon_ai_buttle\data\runs\leaderboard_top50\alakazam\20260717_kaggle_top20\rank04_Rmy_sub54750312_full,episodes\87164371\replay\episode_87164371.json,0.5,
87164930,0,4,Rmy,54750312,rmy_recovered,file,C:\Users\shiba\ptcc_pokemon_ai_buttle\data\runs\leaderboard_top50\alakazam\20260717_kaggle_top20\rank04_Rmy_sub54750312_full,episodes\87164930\replay\episode_87164930.json,0.5,
87165484,0,4,Rmy,54750312,rmy_recovered,file,C:\Users\shiba\ptcc_pokemon_ai_buttle\data\runs\leaderboard_top50\alakazam\20260717_kaggle_top20\rank04_Rmy_sub54750312_full,episodes\87165484\replay\episode_87165484.json,0.5,
87165492,0,4,Rmy,54750312,rmy_recovered,file,C:\Users\shiba\ptcc_pokemon_ai_buttle\data\runs\leaderboard_top50\alakazam\20260717_kaggle_top20\rank04_Rmy_sub54750312_full,episodes\87165492\replay\episode_87165492.json,0.5,
87166044,1,4,Rmy,54750312,rmy_recovered,file,C:\Users\shiba\ptcc_pokemon_ai_buttle\data\runs\leaderboard_top50\alakazam\20260717_kaggle_top20\rank04_Rmy_sub54750312_full,episodes\87166044\replay\episode_87166044.json,0.5,
87166594,1,4,Rmy,54750312,rmy_recovered,file,C:\Users\shiba\ptcc_pokemon_ai_buttle\data\runs\leaderboard_top50\alakazam\20260717_kaggle_top20\rank04_Rmy_sub54750312_full,episodes\87166594\replay\episode_87166594.json,0.5,
87167164,1,4,Rmy,54750312,rmy_recovered,file,C:\Users\shiba\ptcc_pokemon_ai_buttle\data\runs\leaderboard_top50\alakazam\20260717_kaggle_top20\rank04_Rmy_sub54750312_full,episodes\87167164\replay\episode_87167164.json,0.5,
87167207,0,4,Rmy,54750312,rmy_recovered,file,C:\Users\shiba\ptcc_pokemon_ai_buttle\data\runs\leaderboard_top50\alakazam\20260717_kaggle_top20\rank04_Rmy_sub54750312_full,episodes\87167207\replay\episode_87167207.json,0.5,
87167723,1,4,Rmy,54750312,rmy_recovered,file,C:\Users\shiba\ptcc_pokemon_ai_buttle\data\runs\leaderboard_top50\alakazam\20260717_kaggle_top20\rank04_Rmy_sub54750312_full,episodes\87167723\replay\episode_87167723.json,0.5,
87168290,1,4,Rmy,54750312,rmy_recovered,file,C:\Users\shiba\ptcc_pokemon_ai_buttle\data\runs\leaderboard_top50\alakazam\20260717_kaggle_top20\rank04_Rmy_sub54750312_full,episodes\87168290\replay\episode_87168290.json,0.5,
87168857,1,4,Rmy,54750312,rmy_recovered,file,C:\Users\shiba\ptcc_pokemon_ai_buttle\data\runs\leaderboard_top50\alakazam\20260717_kaggle_top20\rank04_Rmy_sub54750312_full,episodes\87168857\replay\episode_87168857.json,0.5,
87169469,1,4,Rmy,54750312,rmy_recovered,file,C:\Users\shiba\ptcc_pokemon_ai_buttle\data\runs\leaderboard_top50\alakazam\20260717_kaggle_top20\rank04_Rmy_sub54750312_full,episodes\87169469\replay\episode_87169469.json,0.5,
87169992,1,4,Rmy,54750312,rmy_recovered,file,C:\Users\shiba\ptcc_pokemon_ai_buttle\data\runs\leaderboard_top50\alakazam\20260717_kaggle_top20\rank04_Rmy_sub54750312_full,episodes\87169992\replay\episode_87169992.json,0.5,
87170574,1,4,Rmy,54750312,rmy_recovered,file,C:\Users\shiba\ptcc_pokemon_ai_buttle\data\runs\leaderboard_top50\alakazam\20260717_kaggle_top20\rank04_Rmy_sub54750312_full,episodes\87170574\replay\episode_87170574.json,0.5,
87170588,0,4,Rmy,54750312,rmy_recovered,file,C:\Users\shiba\ptcc_pokemon_ai_buttle\data\runs\leaderboard_top50\alakazam\20260717_kaggle_top20\rank04_Rmy_sub54750312_full,episodes\87170588\replay\episode_87170588.json,0.5,
87170590,1,4,Rmy,54750312,rmy_recovered,file,C:\Users\shiba\ptcc_pokemon_ai_buttle\data\runs\leaderboard_top50\alakazam\20260717_kaggle_top20\rank04_Rmy_sub54750312_full,episodes\87170590\replay\episode_87170590.json,0.5,
87171196,1,4,Rmy,54750312,rmy_recovered,file,C:\Users\shiba\ptcc_pokemon_ai_buttle\data\runs\leaderboard_top50\alakazam\20260717_kaggle_top20\rank04_Rmy_sub54750312_full,episodes\87171196\replay\episode_87171196.json,0.5,
87171793,1,4,Rmy,54750312,rmy_recovered,file,C:\Users\shiba\ptcc_pokemon_ai_buttle\data\runs\leaderboard_top50\alakazam\20260717_kaggle_top20\rank04_Rmy_sub54750312_full,episodes\87171793\replay\episode_87171793.json,0.5,
87172374,0,4,Rmy,54750312,rmy_recovered,file,C:\Users\shiba\ptcc_pokemon_ai_buttle\data\runs\leaderboard_top50\alakazam\20260717_kaggle_top20\rank04_Rmy_sub54750312_full,episodes\87172374\replay\episode_87172374.json,0.5,
87172955,0,4,Rmy,54750312,rmy_recovered,file,C:\Users\shiba\ptcc_pokemon_ai_buttle\data\runs\leaderboard_top50\alakazam\20260717_kaggle_top20\rank04_Rmy_sub54750312_full,episodes\87172955\replay\episode_87172955.json,0.5,
87173528,0,4,Rmy,54750312,rmy_recovered,file,C:\Users\shiba\ptcc_pokemon_ai_buttle\data\runs\leaderboard_top50\alakazam\20260717_kaggle_top20\rank04_Rmy_sub54750312_full,episodes\87173528\replay\episode_87173528.json,0.5,
87174090,1,4,Rmy,54750312,rmy_recovered,file,C:\Users\shiba\ptcc_pokemon_ai_buttle\data\runs\leaderboard_top50\alakazam\20260717_kaggle_top20\rank04_Rmy_sub54750312_full,episodes\87174090\replay\episode_87174090.json,0.5,
87174654,0,4,Rmy,54750312,rmy_recovered,file,C:\Users\shiba\ptcc_pokemon_ai_buttle\data\runs\leaderboard_top50\alakazam\20260717_kaggle_top20\rank04_Rmy_sub54750312_full,episodes\87174654\replay\episode_87174654.json,0.5,
87174658,1,4,Rmy,54750312,rmy_recovered,file,C:\Users\shiba\ptcc_pokemon_ai_buttle\data\runs\leaderboard_top50\alakazam\20260717_kaggle_top20\rank04_Rmy_sub54750312_full,episodes\87174658\replay\episode_87174658.json,0.5,
87174659,1,4,Rmy,54750312,rmy_recovered,file,C:\Users\shiba\ptcc_pokemon_ai_buttle\data\runs\leaderboard_top50\alakazam\20260717_kaggle_top20\rank04_Rmy_sub54750312_full,episodes\87174659\replay\episode_87174659.json,0.5,
87174667,1,4,Rmy,54750312,rmy_recovered,file,C:\Users\shiba\ptcc_pokemon_ai_buttle\data\runs\leaderboard_top50\alakazam\20260717_kaggle_top20\rank04_Rmy_sub54750312_full,episodes\87174667\replay\episode_87174667.json,0.5,
87175232,1,4,Rmy,54750312,rmy_recovered,file,C:\Users\shiba\ptcc_pokemon_ai_buttle\data\runs\leaderboard_top50\alakazam\20260717_kaggle_top20\rank04_Rmy_sub54750312_full,episodes\87175232\replay\episode_87175232.json,0.5,
87175802,1,4,Rmy,54750312,rmy_recovered,file,C:\Users\shiba\ptcc_pokemon_ai_buttle\data\runs\leaderboard_top50\alakazam\20260717_kaggle_top20\rank04_Rmy_sub54750312_full,episodes\87175802\replay\episode_87175802.json,0.5,
87176352,1,4,Rmy,54750312,rmy_recovered,file,C:\Users\shiba\ptcc_pokemon_ai_buttle\data\runs\leaderboard_top50\alakazam\20260717_kaggle_top20\rank04_Rmy_sub54750312_full,episodes\87176352\replay\episode_87176352.json,0.5,
87176375,1,4,Rmy,54750312,rmy_recovered,file,C:\Users\shiba\ptcc_pokemon_ai_buttle\data\runs\leaderboard_top50\alakazam\20260717_kaggle_top20\rank04_Rmy_sub54750312_full,episodes\87176375\replay\episode_87176375.json,0.5,
87176457,1,4,Rmy,54750312,rmy_recovered,file,C:\Users\shiba\ptcc_pokemon_ai_buttle\data\runs\leaderboard_top50\alakazam\20260717_kaggle_top20\rank04_Rmy_sub54750312_full,episodes\87176457\replay\episode_87176457.json,0.5,
87177012,0,4,Rmy,54750312,rmy_recovered,file,C:\Users\shiba\ptcc_pokemon_ai_buttle\data\runs\leaderboard_top50\alakazam\20260717_kaggle_top20\rank04_Rmy_sub54750312_full,episodes\87177012\replay\episode_87177012.json,0.5,
87183465,1,4,Rmy,54750312,rmy_recovered,file,C:\Users\shiba\ptcc_pokemon_ai_buttle\data\runs\leaderboard_top50\alakazam\20260717_kaggle_top20\rank04_Rmy_sub54750312_full,episodes\87183465\replay\episode_87183465.json,0.5,
87184545,1,4,Rmy,54750312,rmy_recovered,file,C:\Users\shiba\ptcc_pokemon_ai_buttle\data\runs\leaderboard_top50\alakazam\20260717_kaggle_top20\rank04_Rmy_sub54750312_full,episodes\87184545\replay\episode_87184545.json,0.5,
87188981,1,4,Rmy,54750312,rmy_recovered,file,C:\Users\shiba\ptcc_pokemon_ai_buttle\data\runs\leaderboard_top50\alakazam\20260717_kaggle_top20\rank04_Rmy_sub54750312_full,episodes\87188981\replay\episode_87188981.json,0.5,
87190571,0,4,Rmy,54750312,rmy_recovered,file,C:\Users\shiba\ptcc_pokemon_ai_buttle\data\runs\leaderboard_top50\alakazam\20260717_kaggle_top20\rank04_Rmy_sub54750312_full,episodes\87190571\replay\episode_87190571.json,0.5,
87190674,0,4,Rmy,54750312,rmy_recovered,file,C:\Users\shiba\ptcc_pokemon_ai_buttle\data\runs\leaderboard_top50\alakazam\20260717_kaggle_top20\rank04_Rmy_sub54750312_full,episodes\87190674\replay\episode_87190674.json,0.5,
87195660,1,4,Rmy,54750312,rmy_recovered,file,C:\Users\shiba\ptcc_pokemon_ai_buttle\data\runs\leaderboard_top50\alakazam\20260717_kaggle_top20\rank04_Rmy_sub54750312_full,episodes\87195660\replay\episode_87195660.json,0.5,
87198835,0,4,Rmy,54750312,rmy_recovered,file,C:\Users\shiba\ptcc_pokemon_ai_buttle\data\runs\leaderboard_top50\alakazam\20260717_kaggle_top20\rank04_Rmy_sub54750312_full,episodes\87198835\replay\episode_87198835.json,0.5,
87199823,0,4,Rmy,54750312,rmy_recovered,file,C:\Users\shiba\ptcc_pokemon_ai_buttle\data\runs\leaderboard_top50\alakazam\20260717_kaggle_top20\rank04_Rmy_sub54750312_full,episodes\87199823\replay\episode_87199823.json,0.5,
87200415,1,4,Rmy,54750312,rmy_recovered,file,C:\Users\shiba\ptcc_pokemon_ai_buttle\data\runs\leaderboard_top50\alakazam\20260717_kaggle_top20\rank04_Rmy_sub54750312_full,episodes\87200415\replay\episode_87200415.json,0.5,
87200940,0,4,Rmy,54750312,rmy_recovered,file,C:\Users\shiba\ptcc_pokemon_ai_buttle\data\runs\leaderboard_top50\alakazam\20260717_kaggle_top20\rank04_Rmy_sub54750312_full,episodes\87200940\replay\episode_87200940.json,0.5,
87202420,0,4,Rmy,54750312,rmy_recovered,file,C:\Users\shiba\ptcc_pokemon_ai_buttle\data\runs\leaderboard_top50\alakazam\20260717_kaggle_top20\rank04_Rmy_sub54750312_full,episodes\87202420\replay\episode_87202420.json,0.5,
87202519,0,4,Rmy,54750312,rmy_recovered,file,C:\Users\shiba\ptcc_pokemon_ai_buttle\data\runs\leaderboard_top50\alakazam\20260717_kaggle_top20\rank04_Rmy_sub54750312_full,episodes\87202519\replay\episode_87202519.json,0.5,
87203007,0,4,Rmy,54750312,rmy_recovered,file,C:\Users\shiba\ptcc_pokemon_ai_buttle\data\runs\leaderboard_top50\alakazam\20260717_kaggle_top20\rank04_Rmy_sub54750312_full,episodes\87203007\replay\episode_87203007.json,0.5,
87203426,0,4,Rmy,54750312,rmy_recovered,file,C:\Users\shiba\ptcc_pokemon_ai_buttle\data\runs\leaderboard_top50\alakazam\20260717_kaggle_top20\rank04_Rmy_sub54750312_full,episodes\87203426\replay\episode_87203426.json,0.5,
87203499,1,4,Rmy,54750312,rmy_recovered,file,C:\Users\shiba\ptcc_pokemon_ai_buttle\data\runs\leaderboard_top50\alakazam\20260717_kaggle_top20\rank04_Rmy_sub54750312_full,episodes\87203499\replay\episode_87203499.json,0.5,
87203563,0,4,Rmy,54750312,rmy_recovered,file,C:\Users\shiba\ptcc_pokemon_ai_buttle\data\runs\leaderboard_top50\alakazam\20260717_kaggle_top20\rank04_Rmy_sub54750312_full,episodes\87203563\replay\episode_87203563.json,0.5,
87205754,0,4,Rmy,54750312,rmy_recovered,file,C:\Users\shiba\ptcc_pokemon_ai_buttle\data\runs\leaderboard_top50\alakazam\20260717_kaggle_top20\rank04_Rmy_sub54750312_full,episodes\87205754\replay\episode_87205754.json,0.5,
87206181,1,4,Rmy,54750312,rmy_recovered,file,C:\Users\shiba\ptcc_pokemon_ai_buttle\data\runs\leaderboard_top50\alakazam\20260717_kaggle_top20\rank04_Rmy_sub54750312_full,episodes\87206181\replay\episode_87206181.json,0.5,
87209025,0,4,Rmy,54750312,rmy_recovered,file,C:\Users\shiba\ptcc_pokemon_ai_buttle\data\runs\leaderboard_top50\alakazam\20260717_kaggle_top20\rank04_Rmy_sub54750312_full,episodes\87209025\replay\episode_87209025.json,0.5,
87209992,0,4,Rmy,54750312,rmy_recovered,file,C:\Users\shiba\ptcc_pokemon_ai_buttle\data\runs\leaderboard_top50\alakazam\20260717_kaggle_top20\rank04_Rmy_sub54750312_full,episodes\87209992\replay\episode_87209992.json,0.5,
87211189,0,4,Rmy,54750312,rmy_recovered,file,C:\Users\shiba\ptcc_pokemon_ai_buttle\data\runs\leaderboard_top50\alakazam\20260717_kaggle_top20\rank04_Rmy_sub54750312_full,episodes\87211189\replay\episode_87211189.json,0.5,
87211711,1,4,Rmy,54750312,rmy_recovered,file,C:\Users\shiba\ptcc_pokemon_ai_buttle\data\runs\leaderboard_top50\alakazam\20260717_kaggle_top20\rank04_Rmy_sub54750312_full,episodes\87211711\replay\episode_87211711.json,0.5,
87212150,1,4,Rmy,54750312,rmy_recovered,file,C:\Users\shiba\ptcc_pokemon_ai_buttle\data\runs\leaderboard_top50\alakazam\20260717_kaggle_top20\rank04_Rmy_sub54750312_full,episodes\87212150\replay\episode_87212150.json,0.5,
87212216,1,4,Rmy,54750312,rmy_recovered,file,C:\Users\shiba\ptcc_pokemon_ai_buttle\data\runs\leaderboard_top50\alakazam\20260717_kaggle_top20\rank04_Rmy_sub54750312_full,episodes\87212216\replay\episode_87212216.json,0.5,
87212799,1,4,Rmy,54750312,rmy_recovered,file,C:\Users\shiba\ptcc_pokemon_ai_buttle\data\runs\leaderboard_top50\alakazam\20260717_kaggle_top20\rank04_Rmy_sub54750312_full,episodes\87212799\replay\episode_87212799.json,0.5,
87213280,0,4,Rmy,54750312,rmy_recovered,file,C:\Users\shiba\ptcc_pokemon_ai_buttle\data\runs\leaderboard_top50\alakazam\20260717_kaggle_top20\rank04_Rmy_sub54750312_full,episodes\87213280\replay\episode_87213280.json,0.5,
87213801,1,4,Rmy,54750312,rmy_recovered,file,C:\Users\shiba\ptcc_pokemon_ai_buttle\data\runs\leaderboard_top50\alakazam\20260717_kaggle_top20\rank04_Rmy_sub54750312_full,episodes\87213801\replay\episode_87213801.json,0.5,
87214286,1,4,Rmy,54750312,rmy_recovered,file,C:\Users\shiba\ptcc_pokemon_ai_buttle\data\runs\leaderboard_top50\alakazam\20260717_kaggle_top20\rank04_Rmy_sub54750312_full,episodes\87214286\replay\episode_87214286.json,0.5,
87214328,1,4,Rmy,54750312,rmy_recovered,file,C:\Users\shiba\ptcc_pokemon_ai_buttle\data\runs\leaderboard_top50\alakazam\20260717_kaggle_top20\rank04_Rmy_sub54750312_full,episodes\87214328\replay\episode_87214328.json,0.5,
87214834,0,4,Rmy,54750312,rmy_recovered,file,C:\Users\shiba\ptcc_pokemon_ai_buttle\data\runs\leaderboard_top50\alakazam\20260717_kaggle_top20\rank04_Rmy_sub54750312_full,episodes\87214834\replay\episode_87214834.json,0.5,
87215338,1,4,Rmy,54750312,rmy_recovered,file,C:\Users\shiba\ptcc_pokemon_ai_buttle\data\runs\leaderboard_top50\alakazam\20260717_kaggle_top20\rank04_Rmy_sub54750312_full,episodes\87215338\replay\episode_87215338.json,0.5,
87215391,1,4,Rmy,54750312,rmy_recovered,file,C:\Users\shiba\ptcc_pokemon_ai_buttle\data\runs\leaderboard_top50\alakazam\20260717_kaggle_top20\rank04_Rmy_sub54750312_full,episodes\87215391\replay\episode_87215391.json,0.5,
87215955,0,4,Rmy,54750312,rmy_recovered,file,C:\Users\shiba\ptcc_pokemon_ai_buttle\data\runs\leaderboard_top50\alakazam\20260717_kaggle_top20\rank04_Rmy_sub54750312_full,episodes\87215955\replay\episode_87215955.json,0.5,
87216551,1,4,Rmy,54750312,rmy_recovered,file,C:\Users\shiba\ptcc_pokemon_ai_buttle\data\runs\leaderboard_top50\alakazam\20260717_kaggle_top20\rank04_Rmy_sub54750312_full,episodes\87216551\replay\episode_87216551.json,0.5,
87217077,0,4,Rmy,54750312,rmy_recovered,file,C:\Users\shiba\ptcc_pokemon_ai_buttle\data\runs\leaderboard_top50\alakazam\20260717_kaggle_top20\rank04_Rmy_sub54750312_full,episodes\87217077\replay\episode_87217077.json,0.5,
87217630,0,4,Rmy,54750312,rmy_recovered,file,C:\Users\shiba\ptcc_pokemon_ai_buttle\data\runs\leaderboard_top50\alakazam\20260717_kaggle_top20\rank04_Rmy_sub54750312_full,episodes\87217630\replay\episode_87217630.json,0.5,
87218135,0,4,Rmy,54750312,rmy_recovered,file,C:\Users\shiba\ptcc_pokemon_ai_buttle\data\runs\leaderboard_top50\alakazam\20260717_kaggle_top20\rank04_Rmy_sub54750312_full,episodes\87218135\replay\episode_87218135.json,0.5,
87218697,0,4,Rmy,54750312,rmy_recovered,file,C:\Users\shiba\ptcc_pokemon_ai_buttle\data\runs\leaderboard_top50\alakazam\20260717_kaggle_top20\rank04_Rmy_sub54750312_full,episodes\87218697\replay\episode_87218697.json,0.5,
87219214,1,4,Rmy,54750312,rmy_recovered,file,C:\Users\shiba\ptcc_pokemon_ai_buttle\data\runs\leaderboard_top50\alakazam\20260717_kaggle_top20\rank04_Rmy_sub54750312_full,episodes\87219214\replay\episode_87219214.json,0.5,
87219758,0,4,Rmy,54750312,rmy_recovered,file,C:\Users\shiba\ptcc_pokemon_ai_buttle\data\runs\leaderboard_top50\alakazam\20260717_kaggle_top20\rank04_Rmy_sub54750312_full,episodes\87219758\replay\episode_87219758.json,0.5,
87220292,0,4,Rmy,54750312,rmy_recovered,file,C:\Users\shiba\ptcc_pokemon_ai_buttle\data\runs\leaderboard_top50\alakazam\20260717_kaggle_top20\rank04_Rmy_sub54750312_full,episodes\87220292\replay\episode_87220292.json,0.5,
87220824,1,4,Rmy,54750312,rmy_recovered,file,C:\Users\shiba\ptcc_pokemon_ai_buttle\data\runs\leaderboard_top50\alakazam\20260717_kaggle_top20\rank04_Rmy_sub54750312_full,episodes\87220824\replay\episode_87220824.json,0.5,
87220893,0,4,Rmy,54750312,rmy_recovered,file,C:\Users\shiba\ptcc_pokemon_ai_buttle\data\runs\leaderboard_top50\alakazam\20260717_kaggle_top20\rank04_Rmy_sub54750312_full,episodes\87220893\replay\episode_87220893.json,0.5,
87221318,0,4,Rmy,54750312,rmy_recovered,file,C:\Users\shiba\ptcc_pokemon_ai_buttle\data\runs\leaderboard_top50\alakazam\20260717_kaggle_top20\rank04_Rmy_sub54750312_full,episodes\87221318\replay\episode_87221318.json,0.5,
87221357,1,4,Rmy,54750312,rmy_recovered,file,C:\Users\shiba\ptcc_pokemon_ai_buttle\data\runs\leaderboard_top50\alakazam\20260717_kaggle_top20\rank04_Rmy_sub54750312_full,episodes\87221357\replay\episode_87221357.json,0.5,
87221889,0,4,Rmy,54750312,rmy_recovered,file,C:\Users\shiba\ptcc_pokemon_ai_buttle\data\runs\leaderboard_top50\alakazam\20260717_kaggle_top20\rank04_Rmy_sub54750312_full,episodes\87221889\replay\episode_87221889.json,0.5,
87222413,0,4,Rmy,54750312,rmy_recovered,file,C:\Users\shiba\ptcc_pokemon_ai_buttle\data\runs\leaderboard_top50\alakazam\20260717_kaggle_top20\rank04_Rmy_sub54750312_full,episodes\87222413\replay\episode_87222413.json,0.5,
87222950,0,4,Rmy,54750312,rmy_recovered,file,C:\Users\shiba\ptcc_pokemon_ai_buttle\data\runs\leaderboard_top50\alakazam\20260717_kaggle_top20\rank04_Rmy_sub54750312_full,episodes\87222950\replay\episode_87222950.json,0.5,
87222960,1,4,Rmy,54750312,rmy_recovered,file,C:\Users\shiba\ptcc_pokemon_ai_buttle\data\runs\leaderboard_top50\alakazam\20260717_kaggle_top20\rank04_Rmy_sub54750312_full,episodes\87222960\replay\episode_87222960.json,0.5,
87223473,0,4,Rmy,54750312,rmy_recovered,file,C:\Users\shiba\ptcc_pokemon_ai_buttle\data\runs\leaderboard_top50\alakazam\20260717_kaggle_top20\rank04_Rmy_sub54750312_full,episodes\87223473\replay\episode_87223473.json,0.5,
87223599,0,4,Rmy,54750312,rmy_recovered,file,C:\Users\shiba\ptcc_pokemon_ai_buttle\data\runs\leaderboard_top50\alakazam\20260717_kaggle_top20\rank04_Rmy_sub54750312_full,episodes\87223599\replay\episode_87223599.json,0.5,
87224010,1,4,Rmy,54750312,rmy_recovered,file,C:\Users\shiba\ptcc_pokemon_ai_buttle\data\runs\leaderboard_top50\alakazam\20260717_kaggle_top20\rank04_Rmy_sub54750312_full,episodes\87224010\replay\episode_87224010.json,0.5,
87224532,0,4,Rmy,54750312,rmy_recovered,file,C:\Users\shiba\ptcc_pokemon_ai_buttle\data\runs\leaderboard_top50\alakazam\20260717_kaggle_top20\rank04_Rmy_sub54750312_full,episodes\87224532\replay\episode_87224532.json,0.5,
87225065,1,4,Rmy,54750312,rmy_recovered,file,C:\Users\shiba\ptcc_pokemon_ai_buttle\data\runs\leaderboard_top50\alakazam\20260717_kaggle_top20\rank04_Rmy_sub54750312_full,episodes\87225065\replay\episode_87225065.json,0.5,
87225588,1,4,Rmy,54750312,rmy_recovered,file,C:\Users\shiba\ptcc_pokemon_ai_buttle\data\runs\leaderboard_top50\alakazam\20260717_kaggle_top20\rank04_Rmy_sub54750312_full,episodes\87225588\replay\episode_87225588.json,0.5,
87225622,0,4,Rmy,54750312,rmy_recovered,file,C:\Users\shiba\ptcc_pokemon_ai_buttle\data\runs\leaderboard_top50\alakazam\20260717_kaggle_top20\rank04_Rmy_sub54750312_full,episodes\87225622\replay\episode_87225622.json,0.5,
87226128,1,4,Rmy,54750312,rmy_recovered,file,C:\Users\shiba\ptcc_pokemon_ai_buttle\data\runs\leaderboard_top50\alakazam\20260717_kaggle_top20\rank04_Rmy_sub54750312_full,episodes\87226128\replay\episode_87226128.json,0.5,
87226643,1,4,Rmy,54750312,rmy_recovered,file,C:\Users\shiba\ptcc_pokemon_ai_buttle\data\runs\leaderboard_top50\alakazam\20260717_kaggle_top20\rank04_Rmy_sub54750312_full,episodes\87226643\replay\episode_87226643.json,0.5,
87226649,1,4,Rmy,54750312,rmy_recovered,file,C:\Users\shiba\ptcc_pokemon_ai_buttle\data\runs\leaderboard_top50\alakazam\20260717_kaggle_top20\rank04_Rmy_sub54750312_full,episodes\87226649\replay\episode_87226649.json,0.5,
87227174,1,4,Rmy,54750312,rmy_recovered,file,C:\Users\shiba\ptcc_pokemon_ai_buttle\data\runs\leaderboard_top50\alakazam\20260717_kaggle_top20\rank04_Rmy_sub54750312_full,episodes\87227174\replay\episode_87227174.json,0.5,
87227691,1,4,Rmy,54750312,rmy_recovered,file,C:\Users\shiba\ptcc_pokemon_ai_buttle\data\runs\leaderboard_top50\alakazam\20260717_kaggle_top20\rank04_Rmy_sub54750312_full,episodes\87227691\replay\episode_87227691.json,0.5,
87227714,1,4,Rmy,54750312,rmy_recovered,file,C:\Users\shiba\ptcc_pokemon_ai_buttle\data\runs\leaderboard_top50\alakazam\20260717_kaggle_top20\rank04_Rmy_sub54750312_full,episodes\87227714\replay\episode_87227714.json,0.5,
87228242,1,4,Rmy,54750312,rmy_recovered,file,C:\Users\shiba\ptcc_pokemon_ai_buttle\data\runs\leaderboard_top50\alakazam\20260717_kaggle_top20\rank04_Rmy_sub54750312_full,episodes\87228242\replay\episode_87228242.json,0.5,
87228790,1,4,Rmy,54750312,rmy_recovered,file,C:\Users\shiba\ptcc_pokemon_ai_buttle\data\runs\leaderboard_top50\alakazam\20260717_kaggle_top20\rank04_Rmy_sub54750312_full,episodes\87228790\replay\episode_87228790.json,0.5,
87229343,1,4,Rmy,54750312,rmy_recovered,file,C:\Users\shiba\ptcc_pokemon_ai_buttle\data\runs\leaderboard_top50\alakazam\20260717_kaggle_top20\rank04_Rmy_sub54750312_full,episodes\87229343\replay\episode_87229343.json,0.5,
87229874,1,4,Rmy,54750312,rmy_recovered,file,C:\Users\shiba\ptcc_pokemon_ai_buttle\data\runs\leaderboard_top50\alakazam\20260717_kaggle_top20\rank04_Rmy_sub54750312_full,episodes\87229874\replay\episode_87229874.json,0.5,
87229889,1,4,Rmy,54750312,rmy_recovered,file,C:\Users\shiba\ptcc_pokemon_ai_buttle\data\runs\leaderboard_top50\alakazam\20260717_kaggle_top20\rank04_Rmy_sub54750312_full,episodes\87229889\replay\episode_87229889.json,0.5,
87230452,1,4,Rmy,54750312,rmy_recovered,file,C:\Users\shiba\ptcc_pokemon_ai_buttle\data\runs\leaderboard_top50\alakazam\20260717_kaggle_top20\rank04_Rmy_sub54750312_full,episodes\87230452\replay\episode_87230452.json,0.5,
87230994,0,4,Rmy,54750312,rmy_recovered,file,C:\Users\shiba\ptcc_pokemon_ai_buttle\data\runs\leaderboard_top50\alakazam\20260717_kaggle_top20\rank04_Rmy_sub54750312_full,episodes\87230994\replay\episode_87230994.json,0.5,
87231525,0,4,Rmy,54750312,rmy_recovered,file,C:\Users\shiba\ptcc_pokemon_ai_buttle\data\runs\leaderboard_top50\alakazam\20260717_kaggle_top20\rank04_Rmy_sub54750312_full,episodes\87231525\replay\episode_87231525.json,0.5,
87232059,1,4,Rmy,54750312,rmy_recovered,file,C:\Users\shiba\ptcc_pokemon_ai_buttle\data\runs\leaderboard_top50\alakazam\20260717_kaggle_top20\rank04_Rmy_sub54750312_full,episodes\87232059\replay\episode_87232059.json,0.5,
87232607,0,4,Rmy,54750312,rmy_recovered,file,C:\Users\shiba\ptcc_pokemon_ai_buttle\data\runs\leaderboard_top50\alakazam\20260717_kaggle_top20\rank04_Rmy_sub54750312_full,episodes\87232607\replay\episode_87232607.json,0.5,
87233156,0,4,Rmy,54750312,rmy_recovered,file,C:\Users\shiba\ptcc_pokemon_ai_buttle\data\runs\leaderboard_top50\alakazam\20260717_kaggle_top20\rank04_Rmy_sub54750312_full,episodes\87233156\replay\episode_87233156.json,0.5,
87233702,1,4,Rmy,54750312,rmy_recovered,file,C:\Users\shiba\ptcc_pokemon_ai_buttle\data\runs\leaderboard_top50\alakazam\20260717_kaggle_top20\rank04_Rmy_sub54750312_full,episodes\87233702\replay\episode_87233702.json,0.5,
87234234,1,4,Rmy,54750312,rmy_recovered,file,C:\Users\shiba\ptcc_pokemon_ai_buttle\data\runs\leaderboard_top50\alakazam\20260717_kaggle_top20\rank04_Rmy_sub54750312_full,episodes\87234234\replay\episode_87234234.json,0.5,
87234744,0,4,Rmy,54750312,rmy_recovered,file,C:\Users\shiba\ptcc_pokemon_ai_buttle\data\runs\leaderboard_top50\alakazam\20260717_kaggle_top20\rank04_Rmy_sub54750312_full,episodes\87234744\replay\episode_87234744.json,0.5,
87234781,1,4,Rmy,54750312,rmy_recovered,file,C:\Users\shiba\ptcc_pokemon_ai_buttle\data\runs\leaderboard_top50\alakazam\20260717_kaggle_top20\rank04_Rmy_sub54750312_full,episodes\87234781\replay\episode_87234781.json,0.5,
87235271,0,4,Rmy,54750312,rmy_recovered,file,C:\Users\shiba\ptcc_pokemon_ai_buttle\data\runs\leaderboard_top50\alakazam\20260717_kaggle_top20\rank04_Rmy_sub54750312_full,episodes\87235271\replay\episode_87235271.json,0.5,
87235739,1,4,Rmy,54750312,rmy_recovered,file,C:\Users\shiba\ptcc_pokemon_ai_buttle\data\runs\leaderboard_top50\alakazam\20260717_kaggle_top20\rank04_Rmy_sub54750312_full,episodes\87235739\replay\episode_87235739.json,0.5,
87236347,0,4,Rmy,54750312,rmy_recovered,file,C:\Users\shiba\ptcc_pokemon_ai_buttle\data\runs\leaderboard_top50\alakazam\20260717_kaggle_top20\rank04_Rmy_sub54750312_full,episodes\87236347\replay\episode_87236347.json,0.5,
87236785,0,4,Rmy,54750312,rmy_recovered,file,C:\Users\shiba\ptcc_pokemon_ai_buttle\data\runs\leaderboard_top50\alakazam\20260717_kaggle_top20\rank04_Rmy_sub54750312_full,episodes\87236785\replay\episode_87236785.json,0.5,
87236868,1,4,Rmy,54750312,rmy_recovered,file,C:\Users\shiba\ptcc_pokemon_ai_buttle\data\runs\leaderboard_top50\alakazam\20260717_kaggle_top20\rank04_Rmy_sub54750312_full,episodes\87236868\replay\episode_87236868.json,0.5,
87237399,0,4,Rmy,54750312,rmy_recovered,file,C:\Users\shiba\ptcc_pokemon_ai_buttle\data\runs\leaderboard_top50\alakazam\20260717_kaggle_top20\rank04_Rmy_sub54750312_full,episodes\87237399\replay\episode_87237399.json,0.5,
87238891,1,4,Rmy,54750312,rmy_recovered,file,C:\Users\shiba\ptcc_pokemon_ai_buttle\data\runs\leaderboard_top50\alakazam\20260717_kaggle_top20\rank04_Rmy_sub54750312_full,episodes\87238891\replay\episode_87238891.json,0.5,
87239970,0,4,Rmy,54750312,rmy_recovered,file,C:\Users\shiba\ptcc_pokemon_ai_buttle\data\runs\leaderboard_top50\alakazam\20260717_kaggle_top20\rank04_Rmy_sub54750312_full,episodes\87239970\replay\episode_87239970.json,0.5,
87240491,0,4,Rmy,54750312,rmy_recovered,file,C:\Users\shiba\ptcc_pokemon_ai_buttle\data\runs\leaderboard_top50\alakazam\20260717_kaggle_top20\rank04_Rmy_sub54750312_full,episodes\87240491\replay\episode_87240491.json,0.5,
87241081,1,4,Rmy,54750312,rmy_recovered,file,C:\Users\shiba\ptcc_pokemon_ai_buttle\data\runs\leaderboard_top50\alakazam\20260717_kaggle_top20\rank04_Rmy_sub54750312_full,episodes\87241081\replay\episode_87241081.json,0.5,
87243129,1,4,Rmy,54750312,rmy_recovered,file,C:\Users\shiba\ptcc_pokemon_ai_buttle\data\runs\leaderboard_top50\alakazam\20260717_kaggle_top20\rank04_Rmy_sub54750312_full,episodes\87243129\replay\episode_87243129.json,0.5,
87243772,1,4,Rmy,54750312,rmy_recovered,file,C:\Users\shiba\ptcc_pokemon_ai_buttle\data\runs\leaderboard_top50\alakazam\20260717_kaggle_top20\rank04_Rmy_sub54750312_full,episodes\87243772\replay\episode_87243772.json,0.5,
87244611,0,4,Rmy,54750312,rmy_recovered,file,C:\Users\shiba\ptcc_pokemon_ai_buttle\data\runs\leaderboard_top50\alakazam\20260717_kaggle_top20\rank04_Rmy_sub54750312_full,episodes\87244611\replay\episode_87244611.json,0.5,
87245826,1,4,Rmy,54750312,rmy_recovered,file,C:\Users\shiba\ptcc_pokemon_ai_buttle\data\runs\leaderboard_top50\alakazam\20260717_kaggle_top20\rank04_Rmy_sub54750312_full,episodes\87245826\replay\episode_87245826.json,0.5,
87247425,0,4,Rmy,54750312,rmy_recovered,file,C:\Users\shiba\ptcc_pokemon_ai_buttle\data\runs\leaderboard_top50\alakazam\20260717_kaggle_top20\rank04_Rmy_sub54750312_full,episodes\87247425\replay\episode_87247425.json,0.5,
87247426,0,4,Rmy,54750312,rmy_recovered,file,C:\Users\shiba\ptcc_pokemon_ai_buttle\data\runs\leaderboard_top50\alakazam\20260717_kaggle_top20\rank04_Rmy_sub54750312_full,episodes\87247426\replay\episode_87247426.json,0.5,
87250684,1,4,Rmy,54750312,rmy_recovered,file,C:\Users\shiba\ptcc_pokemon_ai_buttle\data\runs\leaderboard_top50\alakazam\20260717_kaggle_top20\rank04_Rmy_sub54750312_full,episodes\87250684\replay\episode_87250684.json,0.5,
87251781,1,4,Rmy,54750312,rmy_recovered,file,C:\Users\shiba\ptcc_pokemon_ai_buttle\data\runs\leaderboard_top50\alakazam\20260717_kaggle_top20\rank04_Rmy_sub54750312_full,episodes\87251781\replay\episode_87251781.json,0.5,
87252164,1,4,Rmy,54750312,rmy_recovered,file,C:\Users\shiba\ptcc_pokemon_ai_buttle\data\runs\leaderboard_top50\alakazam\20260717_kaggle_top20\rank04_Rmy_sub54750312_full,episodes\87252164\replay\episode_87252164.json,0.5,
87252253,0,4,Rmy,54750312,rmy_recovered,file,C:\Users\shiba\ptcc_pokemon_ai_buttle\data\runs\leaderboard_top50\alakazam\20260717_kaggle_top20\rank04_Rmy_sub54750312_full,episodes\87252253\replay\episode_87252253.json,0.5,
87252295,0,4,Rmy,54750312,rmy_recovered,file,C:\Users\shiba\ptcc_pokemon_ai_buttle\data\runs\leaderboard_top50\alakazam\20260717_kaggle_top20\rank04_Rmy_sub54750312_full,episodes\87252295\replay\episode_87252295.json,0.5,
87252705,1,4,Rmy,54750312,rmy_recovered,file,C:\Users\shiba\ptcc_pokemon_ai_buttle\data\runs\leaderboard_top50\alakazam\20260717_kaggle_top20\rank04_Rmy_sub54750312_full,episodes\87252705\replay\episode_87252705.json,0.5,
87252761,0,4,Rmy,54750312,rmy_recovered,file,C:\Users\shiba\ptcc_pokemon_ai_buttle\data\runs\leaderboard_top50\alakazam\20260717_kaggle_top20\rank04_Rmy_sub54750312_full,episodes\87252761\replay\episode_87252761.json,0.5,
87253238,1,4,Rmy,54750312,rmy_recovered,file,C:\Users\shiba\ptcc_pokemon_ai_buttle\data\runs\leaderboard_top50\alakazam\20260717_kaggle_top20\rank04_Rmy_sub54750312_full,episodes\87253238\replay\episode_87253238.json,0.5,
87253287,0,4,Rmy,54750312,rmy_recovered,file,C:\Users\shiba\ptcc_pokemon_ai_buttle\data\runs\leaderboard_top50\alakazam\20260717_kaggle_top20\rank04_Rmy_sub54750312_full,episodes\87253287\replay\episode_87253287.json,0.5,
87253804,0,4,Rmy,54750312,rmy_recovered,file,C:\Users\shiba\ptcc_pokemon_ai_buttle\data\runs\leaderboard_top50\alakazam\20260717_kaggle_top20\rank04_Rmy_sub54750312_full,episodes\87253804\replay\episode_87253804.json,0.5,
87254336,0,4,Rmy,54750312,rmy_recovered,file,C:\Users\shiba\ptcc_pokemon_ai_buttle\data\runs\leaderboard_top50\alakazam\20260717_kaggle_top20\rank04_Rmy_sub54750312_full,episodes\87254336\replay\episode_87254336.json,0.5,
87254861,0,4,Rmy,54750312,rmy_recovered,file,C:\Users\shiba\ptcc_pokemon_ai_buttle\data\runs\leaderboard_top50\alakazam\20260717_kaggle_top20\rank04_Rmy_sub54750312_full,episodes\87254861\replay\episode_87254861.json,0.5,
87255390,0,4,Rmy,54750312,rmy_recovered,file,C:\Users\shiba\ptcc_pokemon_ai_buttle\data\runs\leaderboard_top50\alakazam\20260717_kaggle_top20\rank04_Rmy_sub54750312_full,episodes\87255390\replay\episode_87255390.json,0.5,
87255887,0,4,Rmy,54750312,rmy_recovered,file,C:\Users\shiba\ptcc_pokemon_ai_buttle\data\runs\leaderboard_top50\alakazam\20260717_kaggle_top20\rank04_Rmy_sub54750312_full,episodes\87255887\replay\episode_87255887.json,0.5,
87255902,1,4,Rmy,54750312,rmy_recovered,file,C:\Users\shiba\ptcc_pokemon_ai_buttle\data\runs\leaderboard_top50\alakazam\20260717_kaggle_top20\rank04_Rmy_sub54750312_full,episodes\87255902\replay\episode_87255902.json,0.5,
87256395,1,4,Rmy,54750312,rmy_recovered,file,C:\Users\shiba\ptcc_pokemon_ai_buttle\data\runs\leaderboard_top50\alakazam\20260717_kaggle_top20\rank04_Rmy_sub54750312_full,episodes\87256395\replay\episode_87256395.json,0.5,
87256428,1,4,Rmy,54750312,rmy_recovered,file,C:\Users\shiba\ptcc_pokemon_ai_buttle\data\runs\leaderboard_top50\alakazam\20260717_kaggle_top20\rank04_Rmy_sub54750312_full,episodes\87256428\replay\episode_87256428.json,0.5,
87256445,1,4,Rmy,54750312,rmy_recovered,file,C:\Users\shiba\ptcc_pokemon_ai_buttle\data\runs\leaderboard_top50\alakazam\20260717_kaggle_top20\rank04_Rmy_sub54750312_full,episodes\87256445\replay\episode_87256445.json,0.5,
87256961,0,4,Rmy,54750312,rmy_recovered,file,C:\Users\shiba\ptcc_pokemon_ai_buttle\data\runs\leaderboard_top50\alakazam\20260717_kaggle_top20\rank04_Rmy_sub54750312_full,episodes\87256961\replay\episode_87256961.json,0.5,
87257493,0,4,Rmy,54750312,rmy_recovered,file,C:\Users\shiba\ptcc_pokemon_ai_buttle\data\runs\leaderboard_top50\alakazam\20260717_kaggle_top20\rank04_Rmy_sub54750312_full,episodes\87257493\replay\episode_87257493.json,0.5,
87258032,0,4,Rmy,54750312,rmy_recovered,file,C:\Users\shiba\ptcc_pokemon_ai_buttle\data\runs\leaderboard_top50\alakazam\20260717_kaggle_top20\rank04_Rmy_sub54750312_full,episodes\87258032\replay\episode_87258032.json,0.5,
87258562,1,4,Rmy,54750312,rmy_recovered,file,C:\Users\shiba\ptcc_pokemon_ai_buttle\data\runs\leaderboard_top50\alakazam\20260717_kaggle_top20\rank04_Rmy_sub54750312_full,episodes\87258562\replay\episode_87258562.json,0.5,
87259091,0,4,Rmy,54750312,rmy_recovered,file,C:\Users\shiba\ptcc_pokemon_ai_buttle\data\runs\leaderboard_top50\alakazam\20260717_kaggle_top20\rank04_Rmy_sub54750312_full,episodes\87259091\replay\episode_87259091.json,0.5,
87259615,1,4,Rmy,54750312,rmy_recovered,file,C:\Users\shiba\ptcc_pokemon_ai_buttle\data\runs\leaderboard_top50\alakazam\20260717_kaggle_top20\rank04_Rmy_sub54750312_full,episodes\87259615\replay\episode_87259615.json,0.5,
87259619,1,4,Rmy,54750312,rmy_recovered,file,C:\Users\shiba\ptcc_pokemon_ai_buttle\data\runs\leaderboard_top50\alakazam\20260717_kaggle_top20\rank04_Rmy_sub54750312_full,episodes\87259619\replay\episode_87259619.json,0.5,
87260134,0,4,Rmy,54750312,rmy_recovered,file,C:\Users\shiba\ptcc_pokemon_ai_buttle\data\runs\leaderboard_top50\alakazam\20260717_kaggle_top20\rank04_Rmy_sub54750312_full,episodes\87260134\replay\episode_87260134.json,0.5,
87260157,0,4,Rmy,54750312,rmy_recovered,file,C:\Users\shiba\ptcc_pokemon_ai_buttle\data\runs\leaderboard_top50\alakazam\20260717_kaggle_top20\rank04_Rmy_sub54750312_full,episodes\87260157\replay\episode_87260157.json,0.5,
87260686,0,4,Rmy,54750312,rmy_recovered,file,C:\Users\shiba\ptcc_pokemon_ai_buttle\data\runs\leaderboard_top50\alakazam\20260717_kaggle_top20\rank04_Rmy_sub54750312_full,episodes\87260686\replay\episode_87260686.json,0.5,
87260801,1,4,Rmy,54750312,rmy_recovered,file,C:\Users\shiba\ptcc_pokemon_ai_buttle\data\runs\leaderboard_top50\alakazam\20260717_kaggle_top20\rank04_Rmy_sub54750312_full,episodes\87260801\replay\episode_87260801.json,0.5,
87261243,1,4,Rmy,54750312,rmy_recovered,file,C:\Users\shiba\ptcc_pokemon_ai_buttle\data\runs\leaderboard_top50\alakazam\20260717_kaggle_top20\rank04_Rmy_sub54750312_full,episodes\87261243\replay\episode_87261243.json,0.5,
87261796,1,4,Rmy,54750312,rmy_recovered,file,C:\Users\shiba\ptcc_pokemon_ai_buttle\data\runs\leaderboard_top50\alakazam\20260717_kaggle_top20\rank04_Rmy_sub54750312_full,episodes\87261796\replay\episode_87261796.json,0.5,
87262338,1,4,Rmy,54750312,rmy_recovered,file,C:\Users\shiba\ptcc_pokemon_ai_buttle\data\runs\leaderboard_top50\alakazam\20260717_kaggle_top20\rank04_Rmy_sub54750312_full,episodes\87262338\replay\episode_87262338.json,0.5,
87262879,1,4,Rmy,54750312,rmy_recovered,file,C:\Users\shiba\ptcc_pokemon_ai_buttle\data\runs\leaderboard_top50\alakazam\20260717_kaggle_top20\rank04_Rmy_sub54750312_full,episodes\87262879\replay\episode_87262879.json,0.5,
87263415,1,4,Rmy,54750312,rmy_recovered,file,C:\Users\shiba\ptcc_pokemon_ai_buttle\data\runs\leaderboard_top50\alakazam\20260717_kaggle_top20\rank04_Rmy_sub54750312_full,episodes\87263415\replay\episode_87263415.json,0.5,
87263981,0,4,Rmy,54750312,rmy_recovered,file,C:\Users\shiba\ptcc_pokemon_ai_buttle\data\runs\leaderboard_top50\alakazam\20260717_kaggle_top20\rank04_Rmy_sub54750312_full,episodes\87263981\replay\episode_87263981.json,0.5,
87264533,1,4,Rmy,54750312,rmy_recovered,file,C:\Users\shiba\ptcc_pokemon_ai_buttle\data\runs\leaderboard_top50\alakazam\20260717_kaggle_top20\rank04_Rmy_sub54750312_full,episodes\87264533\replay\episode_87264533.json,0.5,
87265112,1,4,Rmy,54750312,rmy_recovered,file,C:\Users\shiba\ptcc_pokemon_ai_buttle\data\runs\leaderboard_top50\alakazam\20260717_kaggle_top20\rank04_Rmy_sub54750312_full,episodes\87265112\replay\episode_87265112.json,0.5,
87265621,1,4,Rmy,54750312,rmy_recovered,file,C:\Users\shiba\ptcc_pokemon_ai_buttle\data\runs\leaderboard_top50\alakazam\20260717_kaggle_top20\rank04_Rmy_sub54750312_full,episodes\87265621\replay\episode_87265621.json,0.5,
87266197,0,4,Rmy,54750312,rmy_recovered,file,C:\Users\shiba\ptcc_pokemon_ai_buttle\data\runs\leaderboard_top50\alakazam\20260717_kaggle_top20\rank04_Rmy_sub54750312_full,episodes\87266197\replay\episode_87266197.json,0.5,
87266642,0,4,Rmy,54750312,rmy_recovered,file,C:\Users\shiba\ptcc_pokemon_ai_buttle\data\runs\leaderboard_top50\alakazam\20260717_kaggle_top20\rank04_Rmy_sub54750312_full,episodes\87266642\replay\episode_87266642.json,0.5,
87266705,1,4,Rmy,54750312,rmy_recovered,file,C:\Users\shiba\ptcc_pokemon_ai_buttle\data\runs\leaderboard_top50\alakazam\20260717_kaggle_top20\rank04_Rmy_sub54750312_full,episodes\87266705\replay\episode_87266705.json,0.5,
87267218,0,4,Rmy,54750312,rmy_recovered,file,C:\Users\shiba\ptcc_pokemon_ai_buttle\data\runs\leaderboard_top50\alakazam\20260717_kaggle_top20\rank04_Rmy_sub54750312_full,episodes\87267218\replay\episode_87267218.json,0.5,
87267815,1,4,Rmy,54750312,rmy_recovered,file,C:\Users\shiba\ptcc_pokemon_ai_buttle\data\runs\leaderboard_top50\alakazam\20260717_kaggle_top20\rank04_Rmy_sub54750312_full,episodes\87267815\replay\episode_87267815.json,0.5,
87268160,0,4,Rmy,54750312,rmy_recovered,file,C:\Users\shiba\ptcc_pokemon_ai_buttle\data\runs\leaderboard_top50\alakazam\20260717_kaggle_top20\rank04_Rmy_sub54750312_full,episodes\87268160\replay\episode_87268160.json,0.5,
87268277,0,4,Rmy,54750312,rmy_recovered,file,C:\Users\shiba\ptcc_pokemon_ai_buttle\data\runs\leaderboard_top50\alakazam\20260717_kaggle_top20\rank04_Rmy_sub54750312_full,episodes\87268277\replay\episode_87268277.json,0.5,
87268875,0,4,Rmy,54750312,rmy_recovered,file,C:\Users\shiba\ptcc_pokemon_ai_buttle\data\runs\leaderboard_top50\alakazam\20260717_kaggle_top20\rank04_Rmy_sub54750312_full,episodes\87268875\replay\episode_87268875.json,0.5,
87269382,0,4,Rmy,54750312,rmy_recovered,file,C:\Users\shiba\ptcc_pokemon_ai_buttle\data\runs\leaderboard_top50\alakazam\20260717_kaggle_top20\rank04_Rmy_sub54750312_full,episodes\87269382\replay\episode_87269382.json,0.5,
87269899,1,4,Rmy,54750312,rmy_recovered,file,C:\Users\shiba\ptcc_pokemon_ai_buttle\data\runs\leaderboard_top50\alakazam\20260717_kaggle_top20\rank04_Rmy_sub54750312_full,episodes\87269899\replay\episode_87269899.json,0.5,
87270474,1,4,Rmy,54750312,rmy_recovered,file,C:\Users\shiba\ptcc_pokemon_ai_buttle\data\runs\leaderboard_top50\alakazam\20260717_kaggle_top20\rank04_Rmy_sub54750312_full,episodes\87270474\replay\episode_87270474.json,0.5,
87273156,1,4,Rmy,54750312,rmy_recovered,file,C:\Users\shiba\ptcc_pokemon_ai_buttle\data\runs\leaderboard_top50\alakazam\20260717_kaggle_top20\rank04_Rmy_sub54750312_full,episodes\87273156\replay\episode_87273156.json,0.5,
87276403,1,4,Rmy,54750312,rmy_recovered,file,C:\Users\shiba\ptcc_pokemon_ai_buttle\data\runs\leaderboard_top50\alakazam\20260717_kaggle_top20\rank04_Rmy_sub54750312_full,episodes\87276403\replay\episode_87276403.json,0.5,
87277900,0,4,Rmy,54750312,rmy_recovered,file,C:\Users\shiba\ptcc_pokemon_ai_buttle\data\runs\leaderboard_top50\alakazam\20260717_kaggle_top20\rank04_Rmy_sub54750312_full,episodes\87277900\replay\episode_87277900.json,0.5,
87281071,0,4,Rmy,54750312,rmy_recovered,file,C:\Users\shiba\ptcc_pokemon_ai_buttle\data\runs\leaderboard_top50\alakazam\20260717_kaggle_top20\rank04_Rmy_sub54750312_full,episodes\87281071\replay\episode_87281071.json,0.5,
87281138,0,4,Rmy,54750312,rmy_recovered,file,C:\Users\shiba\ptcc_pokemon_ai_buttle\data\runs\leaderboard_top50\alakazam\20260717_kaggle_top20\rank04_Rmy_sub54750312_full,episodes\87281138\replay\episode_87281138.json,0.5,
87285146,0,4,Rmy,54750312,rmy_recovered,file,C:\Users\shiba\ptcc_pokemon_ai_buttle\data\runs\leaderboard_top50\alakazam\20260717_kaggle_top20\rank04_Rmy_sub54750312_full,episodes\87285146\replay\episode_87285146.json,0.5,
87289360,0,4,Rmy,54750312,rmy_recovered,file,C:\Users\shiba\ptcc_pokemon_ai_buttle\data\runs\leaderboard_top50\alakazam\20260717_kaggle_top20\rank04_Rmy_sub54750312_full,episodes\87289360\replay\episode_87289360.json,0.5,
87291656,0,4,Rmy,54750312,rmy_recovered,file,C:\Users\shiba\ptcc_pokemon_ai_buttle\data\runs\leaderboard_top50\alakazam\20260717_kaggle_top20\rank04_Rmy_sub54750312_full,episodes\87291656\replay\episode_87291656.json,0.5,
87297816,1,4,Rmy,54750312,rmy_recovered,file,C:\Users\shiba\ptcc_pokemon_ai_buttle\data\runs\leaderboard_top50\alakazam\20260717_kaggle_top20\rank04_Rmy_sub54750312_full,episodes\87297816\replay\episode_87297816.json,0.5,
87299122,1,4,Rmy,54750312,rmy_recovered,file,C:\Users\shiba\ptcc_pokemon_ai_buttle\data\runs\leaderboard_top50\alakazam\20260717_kaggle_top20\rank04_Rmy_sub54750312_full,episodes\87299122\replay\episode_87299122.json,0.5,
87307139,0,4,Rmy,54750312,rmy_recovered,file,C:\Users\shiba\ptcc_pokemon_ai_buttle\data\runs\leaderboard_top50\alakazam\20260717_kaggle_top20\rank04_Rmy_sub54750312_full,episodes\87307139\replay\episode_87307139.json,0.5,
87308165,1,4,Rmy,54750312,rmy_recovered,file,C:\Users\shiba\ptcc_pokemon_ai_buttle\data\runs\leaderboard_top50\alakazam\20260717_kaggle_top20\rank04_Rmy_sub54750312_full,episodes\87308165\replay\episode_87308165.json,0.5,
87312697,0,4,Rmy,54750312,rmy_recovered,file,C:\Users\shiba\ptcc_pokemon_ai_buttle\data\runs\leaderboard_top50\alakazam\20260717_kaggle_top20\rank04_Rmy_sub54750312_full,episodes\87312697\replay\episode_87312697.json,0.5,
87317789,1,4,Rmy,54750312,rmy_recovered,file,C:\Users\shiba\ptcc_pokemon_ai_buttle\data\runs\leaderboard_top50\alakazam\20260717_kaggle_top20\rank04_Rmy_sub54750312_full,episodes\87317789\replay\episode_87317789.json,0.5,
87322013,0,4,Rmy,54750312,rmy_recovered,file,C:\Users\shiba\ptcc_pokemon_ai_buttle\data\runs\leaderboard_top50\alakazam\20260717_kaggle_top20\rank04_Rmy_sub54750312_full,episodes\87322013\replay\episode_87322013.json,0.5,
87324122,0,4,Rmy,54750312,rmy_recovered,file,C:\Users\shiba\ptcc_pokemon_ai_buttle\data\runs\leaderboard_top50\alakazam\20260717_kaggle_top20\rank04_Rmy_sub54750312_full,episodes\87324122\replay\episode_87324122.json,0.5,
87324626,0,4,Rmy,54750312,rmy_recovered,file,C:\Users\shiba\ptcc_pokemon_ai_buttle\data\runs\leaderboard_top50\alakazam\20260717_kaggle_top20\rank04_Rmy_sub54750312_full,episodes\87324626\replay\episode_87324626.json,0.5,
87325064,1,4,Rmy,54750312,rmy_recovered,file,C:\Users\shiba\ptcc_pokemon_ai_buttle\data\runs\leaderboard_top50\alakazam\20260717_kaggle_top20\rank04_Rmy_sub54750312_full,episodes\87325064\replay\episode_87325064.json,0.5,
87325160,1,4,Rmy,54750312,rmy_recovered,file,C:\Users\shiba\ptcc_pokemon_ai_buttle\data\runs\leaderboard_top50\alakazam\20260717_kaggle_top20\rank04_Rmy_sub54750312_full,episodes\87325160\replay\episode_87325160.json,0.5,
87325652,1,4,Rmy,54750312,rmy_recovered,file,C:\Users\shiba\ptcc_pokemon_ai_buttle\data\runs\leaderboard_top50\alakazam\20260717_kaggle_top20\rank04_Rmy_sub54750312_full,episodes\87325652\replay\episode_87325652.json,0.5,
87326217,1,4,Rmy,54750312,rmy_recovered,file,C:\Users\shiba\ptcc_pokemon_ai_buttle\data\runs\leaderboard_top50\alakazam\20260717_kaggle_top20\rank04_Rmy_sub54750312_full,episodes\87326217\replay\episode_87326217.json,0.5,
87326736,1,4,Rmy,54750312,rmy_recovered,file,C:\Users\shiba\ptcc_pokemon_ai_buttle\data\runs\leaderboard_top50\alakazam\20260717_kaggle_top20\rank04_Rmy_sub54750312_full,episodes\87326736\replay\episode_87326736.json,0.5,
87327217,1,4,Rmy,54750312,rmy_recovered,file,C:\Users\shiba\ptcc_pokemon_ai_buttle\data\runs\leaderboard_top50\alakazam\20260717_kaggle_top20\rank04_Rmy_sub54750312_full,episodes\87327217\replay\episode_87327217.json,0.5,
87327700,1,4,Rmy,54750312,rmy_recovered,file,C:\Users\shiba\ptcc_pokemon_ai_buttle\data\runs\leaderboard_top50\alakazam\20260717_kaggle_top20\rank04_Rmy_sub54750312_full,episodes\87327700\replay\episode_87327700.json,0.5,
87328206,1,4,Rmy,54750312,rmy_recovered,file,C:\Users\shiba\ptcc_pokemon_ai_buttle\data\runs\leaderboard_top50\alakazam\20260717_kaggle_top20\rank04_Rmy_sub54750312_full,episodes\87328206\replay\episode_87328206.json,0.5,
87328210,0,4,Rmy,54750312,rmy_recovered,file,C:\Users\shiba\ptcc_pokemon_ai_buttle\data\runs\leaderboard_top50\alakazam\20260717_kaggle_top20\rank04_Rmy_sub54750312_full,episodes\87328210\replay\episode_87328210.json,0.5,
87328744,1,4,Rmy,54750312,rmy_recovered,file,C:\Users\shiba\ptcc_pokemon_ai_buttle\data\runs\leaderboard_top50\alakazam\20260717_kaggle_top20\rank04_Rmy_sub54750312_full,episodes\87328744\replay\episode_87328744.json,0.5,
87329252,1,4,Rmy,54750312,rmy_recovered,file,C:\Users\shiba\ptcc_pokemon_ai_buttle\data\runs\leaderboard_top50\alakazam\20260717_kaggle_top20\rank04_Rmy_sub54750312_full,episodes\87329252\replay\episode_87329252.json,0.5,
87329254,0,4,Rmy,54750312,rmy_recovered,file,C:\Users\shiba\ptcc_pokemon_ai_buttle\data\runs\leaderboard_top50\alakazam\20260717_kaggle_top20\rank04_Rmy_sub54750312_full,episodes\87329254\replay\episode_87329254.json,0.5,
87329672,1,4,Rmy,54750312,rmy_recovered,file,C:\Users\shiba\ptcc_pokemon_ai_buttle\data\runs\leaderboard_top50\alakazam\20260717_kaggle_top20\rank04_Rmy_sub54750312_full,episodes\87329672\replay\episode_87329672.json,0.5,
87330118,1,4,Rmy,54750312,rmy_recovered,file,C:\Users\shiba\ptcc_pokemon_ai_buttle\data\runs\leaderboard_top50\alakazam\20260717_kaggle_top20\rank04_Rmy_sub54750312_full,episodes\87330118\replay\episode_87330118.json,0.5,
87330645,0,4,Rmy,54750312,rmy_recovered,file,C:\Users\shiba\ptcc_pokemon_ai_buttle\data\runs\leaderboard_top50\alakazam\20260717_kaggle_top20\rank04_Rmy_sub54750312_full,episodes\87330645\replay\episode_87330645.json,0.5,
87331134,0,4,Rmy,54750312,rmy_recovered,file,C:\Users\shiba\ptcc_pokemon_ai_buttle\data\runs\leaderboard_top50\alakazam\20260717_kaggle_top20\rank04_Rmy_sub54750312_full,episodes\87331134\replay\episode_87331134.json,0.5,
87331556,0,4,Rmy,54750312,rmy_recovered,file,C:\Users\shiba\ptcc_pokemon_ai_buttle\data\runs\leaderboard_top50\alakazam\20260717_kaggle_top20\rank04_Rmy_sub54750312_full,episodes\87331556\replay\episode_87331556.json,0.5,
87332041,0,4,Rmy,54750312,rmy_recovered,file,C:\Users\shiba\ptcc_pokemon_ai_buttle\data\runs\leaderboard_top50\alakazam\20260717_kaggle_top20\rank04_Rmy_sub54750312_full,episodes\87332041\replay\episode_87332041.json,0.5,
87332557,1,4,Rmy,54750312,rmy_recovered,file,C:\Users\shiba\ptcc_pokemon_ai_buttle\data\runs\leaderboard_top50\alakazam\20260717_kaggle_top20\rank04_Rmy_sub54750312_full,episodes\87332557\replay\episode_87332557.json,0.5,
87333145,1,4,Rmy,54750312,rmy_recovered,file,C:\Users\shiba\ptcc_pokemon_ai_buttle\data\runs\leaderboard_top50\alakazam\20260717_kaggle_top20\rank04_Rmy_sub54750312_full,episodes\87333145\replay\episode_87333145.json,0.5,
87333641,0,4,Rmy,54750312,rmy_recovered,file,C:\Users\shiba\ptcc_pokemon_ai_buttle\data\runs\leaderboard_top50\alakazam\20260717_kaggle_top20\rank04_Rmy_sub54750312_full,episodes\87333641\replay\episode_87333641.json,0.5,
87334192,1,4,Rmy,54750312,rmy_recovered,file,C:\Users\shiba\ptcc_pokemon_ai_buttle\data\runs\leaderboard_top50\alakazam\20260717_kaggle_top20\rank04_Rmy_sub54750312_full,episodes\87334192\replay\episode_87334192.json,0.5,
87334737,1,4,Rmy,54750312,rmy_recovered,file,C:\Users\shiba\ptcc_pokemon_ai_buttle\data\runs\leaderboard_top50\alakazam\20260717_kaggle_top20\rank04_Rmy_sub54750312_full,episodes\87334737\replay\episode_87334737.json,0.5,
87335367,0,4,Rmy,54750312,rmy_recovered,file,C:\Users\shiba\ptcc_pokemon_ai_buttle\data\runs\leaderboard_top50\alakazam\20260717_kaggle_top20\rank04_Rmy_sub54750312_full,episodes\87335367\replay\episode_87335367.json,0.5,
87335923,1,4,Rmy,54750312,rmy_recovered,file,C:\Users\shiba\ptcc_pokemon_ai_buttle\data\runs\leaderboard_top50\alakazam\20260717_kaggle_top20\rank04_Rmy_sub54750312_full,episodes\87335923\replay\episode_87335923.json,0.5,
87336412,1,4,Rmy,54750312,rmy_recovered,file,C:\Users\shiba\ptcc_pokemon_ai_buttle\data\runs\leaderboard_top50\alakazam\20260717_kaggle_top20\rank04_Rmy_sub54750312_full,episodes\87336412\replay\episode_87336412.json,0.5,
87336531,0,4,Rmy,54750312,rmy_recovered,file,C:\Users\shiba\ptcc_pokemon_ai_buttle\data\runs\leaderboard_top50\alakazam\20260717_kaggle_top20\rank04_Rmy_sub54750312_full,episodes\87336531\replay\episode_87336531.json,0.5,
87337083,1,4,Rmy,54750312,rmy_recovered,file,C:\Users\shiba\ptcc_pokemon_ai_buttle\data\runs\leaderboard_top50\alakazam\20260717_kaggle_top20\rank04_Rmy_sub54750312_full,episodes\87337083\replay\episode_87337083.json,0.5,
87337617,0,4,Rmy,54750312,rmy_recovered,file,C:\Users\shiba\ptcc_pokemon_ai_buttle\data\runs\leaderboard_top50\alakazam\20260717_kaggle_top20\rank04_Rmy_sub54750312_full,episodes\87337617\replay\episode_87337617.json,0.5,
87338182,1,4,Rmy,54750312,rmy_recovered,file,C:\Users\shiba\ptcc_pokemon_ai_buttle\data\runs\leaderboard_top50\alakazam\20260717_kaggle_top20\rank04_Rmy_sub54750312_full,episodes\87338182\replay\episode_87338182.json,0.5,
87338677,0,4,Rmy,54750312,rmy_recovered,file,C:\Users\shiba\ptcc_pokemon_ai_buttle\data\runs\leaderboard_top50\alakazam\20260717_kaggle_top20\rank04_Rmy_sub54750312_full,episodes\87338677\replay\episode_87338677.json,0.5,
87338683,1,4,Rmy,54750312,rmy_recovered,file,C:\Users\shiba\ptcc_pokemon_ai_buttle\data\runs\leaderboard_top50\alakazam\20260717_kaggle_top20\rank04_Rmy_sub54750312_full,episodes\87338683\replay\episode_87338683.json,0.5,
87338774,1,4,Rmy,54750312,rmy_recovered,file,C:\Users\shiba\ptcc_pokemon_ai_buttle\data\runs\leaderboard_top50\alakazam\20260717_kaggle_top20\rank04_Rmy_sub54750312_full,episodes\87338774\replay\episode_87338774.json,0.5,
87339300,0,4,Rmy,54750312,rmy_recovered,file,C:\Users\shiba\ptcc_pokemon_ai_buttle\data\runs\leaderboard_top50\alakazam\20260717_kaggle_top20\rank04_Rmy_sub54750312_full,episodes\87339300\replay\episode_87339300.json,0.5,
87339451,1,4,Rmy,54750312,rmy_recovered,file,C:\Users\shiba\ptcc_pokemon_ai_buttle\data\runs\leaderboard_top50\alakazam\20260717_kaggle_top20\rank04_Rmy_sub54750312_full,episodes\87339451\replay\episode_87339451.json,0.5,
87339985,0,4,Rmy,54750312,rmy_recovered,file,C:\Users\shiba\ptcc_pokemon_ai_buttle\data\runs\leaderboard_top50\alakazam\20260717_kaggle_top20\rank04_Rmy_sub54750312_full,episodes\87339985\replay\episode_87339985.json,0.5,
87340520,0,4,Rmy,54750312,rmy_recovered,file,C:\Users\shiba\ptcc_pokemon_ai_buttle\data\runs\leaderboard_top50\alakazam\20260717_kaggle_top20\rank04_Rmy_sub54750312_full,episodes\87340520\replay\episode_87340520.json,0.5,
87341047,1,4,Rmy,54750312,rmy_recovered,file,C:\Users\shiba\ptcc_pokemon_ai_buttle\data\runs\leaderboard_top50\alakazam\20260717_kaggle_top20\rank04_Rmy_sub54750312_full,episodes\87341047\replay\episode_87341047.json,0.5,
87341071,1,4,Rmy,54750312,rmy_recovered,file,C:\Users\shiba\ptcc_pokemon_ai_buttle\data\runs\leaderboard_top50\alakazam\20260717_kaggle_top20\rank04_Rmy_sub54750312_full,episodes\87341071\replay\episode_87341071.json,0.5,
87341205,1,4,Rmy,54750312,rmy_recovered,file,C:\Users\shiba\ptcc_pokemon_ai_buttle\data\runs\leaderboard_top50\alakazam\20260717_kaggle_top20\rank04_Rmy_sub54750312_full,episodes\87341205\replay\episode_87341205.json,0.5,
87341681,1,4,Rmy,54750312,rmy_recovered,file,C:\Users\shiba\ptcc_pokemon_ai_buttle\data\runs\leaderboard_top50\alakazam\20260717_kaggle_top20\rank04_Rmy_sub54750312_full,episodes\87341681\replay\episode_87341681.json,0.5,
87342248,0,4,Rmy,54750312,rmy_recovered,file,C:\Users\shiba\ptcc_pokemon_ai_buttle\data\runs\leaderboard_top50\alakazam\20260717_kaggle_top20\rank04_Rmy_sub54750312_full,episodes\87342248\replay\episode_87342248.json,0.5,
87342300,1,4,Rmy,54750312,rmy_recovered,file,C:\Users\shiba\ptcc_pokemon_ai_buttle\data\runs\leaderboard_top50\alakazam\20260717_kaggle_top20\rank04_Rmy_sub54750312_full,episodes\87342300\replay\episode_87342300.json,0.5,
87342898,0,4,Rmy,54750312,rmy_recovered,file,C:\Users\shiba\ptcc_pokemon_ai_buttle\data\runs\leaderboard_top50\alakazam\20260717_kaggle_top20\rank04_Rmy_sub54750312_full,episodes\87342898\replay\episode_87342898.json,0.5,
87343428,1,4,Rmy,54750312,rmy_recovered,file,C:\Users\shiba\ptcc_pokemon_ai_buttle\data\runs\leaderboard_top50\alakazam\20260717_kaggle_top20\rank04_Rmy_sub54750312_full,episodes\87343428\replay\episode_87343428.json,0.5,
87344056,1,4,Rmy,54750312,rmy_recovered,file,C:\Users\shiba\ptcc_pokemon_ai_buttle\data\runs\leaderboard_top50\alakazam\20260717_kaggle_top20\rank04_Rmy_sub54750312_full,episodes\87344056\replay\episode_87344056.json,0.5,
87344687,1,4,Rmy,54750312,rmy_recovered,file,C:\Users\shiba\ptcc_pokemon_ai_buttle\data\runs\leaderboard_top50\alakazam\20260717_kaggle_top20\rank04_Rmy_sub54750312_full,episodes\87344687\replay\episode_87344687.json,0.5,
87345120,0,4,Rmy,54750312,rmy_recovered,file,C:\Users\shiba\ptcc_pokemon_ai_buttle\data\runs\leaderboard_top50\alakazam\20260717_kaggle_top20\rank04_Rmy_sub54750312_full,episodes\87345120\replay\episode_87345120.json,0.5,
87345171,0,4,Rmy,54750312,rmy_recovered,file,C:\Users\shiba\ptcc_pokemon_ai_buttle\data\runs\leaderboard_top50\alakazam\20260717_kaggle_top20\rank04_Rmy_sub54750312_full,episodes\87345171\replay\episode_87345171.json,0.5,
87345296,1,4,Rmy,54750312,rmy_recovered,file,C:\Users\shiba\ptcc_pokemon_ai_buttle\data\runs\leaderboard_top50\alakazam\20260717_kaggle_top20\rank04_Rmy_sub54750312_full,episodes\87345296\replay\episode_87345296.json,0.5,
87345843,1,4,Rmy,54750312,rmy_recovered,file,C:\Users\shiba\ptcc_pokemon_ai_buttle\data\runs\leaderboard_top50\alakazam\20260717_kaggle_top20\rank04_Rmy_sub54750312_full,episodes\87345843\replay\episode_87345843.json,0.5,
87346493,0,4,Rmy,54750312,rmy_recovered,file,C:\Users\shiba\ptcc_pokemon_ai_buttle\data\runs\leaderboard_top50\alakazam\20260717_kaggle_top20\rank04_Rmy_sub54750312_full,episodes\87346493\replay\episode_87346493.json,0.5,
87347201,1,4,Rmy,54750312,rmy_recovered,file,C:\Users\shiba\ptcc_pokemon_ai_buttle\data\runs\leaderboard_top50\alakazam\20260717_kaggle_top20\rank04_Rmy_sub54750312_full,episodes\87347201\replay\episode_87347201.json,0.5,
87347680,1,4,Rmy,54750312,rmy_recovered,file,C:\Users\shiba\ptcc_pokemon_ai_buttle\data\runs\leaderboard_top50\alakazam\20260717_kaggle_top20\rank04_Rmy_sub54750312_full,episodes\87347680\replay\episode_87347680.json,0.5,
87347765,0,4,Rmy,54750312,rmy_recovered,file,C:\Users\shiba\ptcc_pokemon_ai_buttle\data\runs\leaderboard_top50\alakazam\20260717_kaggle_top20\rank04_Rmy_sub54750312_full,episodes\87347765\replay\episode_87347765.json,0.5,
87348272,0,4,Rmy,54750312,rmy_recovered,file,C:\Users\shiba\ptcc_pokemon_ai_buttle\data\runs\leaderboard_top50\alakazam\20260717_kaggle_top20\rank04_Rmy_sub54750312_full,episodes\87348272\replay\episode_87348272.json,0.5,
87348822,0,4,Rmy,54750312,rmy_recovered,file,C:\Users\shiba\ptcc_pokemon_ai_buttle\data\runs\leaderboard_top50\alakazam\20260717_kaggle_top20\rank04_Rmy_sub54750312_full,episodes\87348822\replay\episode_87348822.json,0.5,
87348825,0,4,Rmy,54750312,rmy_recovered,file,C:\Users\shiba\ptcc_pokemon_ai_buttle\data\runs\leaderboard_top50\alakazam\20260717_kaggle_top20\rank04_Rmy_sub54750312_full,episodes\87348825\replay\episode_87348825.json,0.5,
87349439,0,4,Rmy,54750312,rmy_recovered,file,C:\Users\shiba\ptcc_pokemon_ai_buttle\data\runs\leaderboard_top50\alakazam\20260717_kaggle_top20\rank04_Rmy_sub54750312_full,episodes\87349439\replay\episode_87349439.json,0.5,
87350001,0,4,Rmy,54750312,rmy_recovered,file,C:\Users\shiba\ptcc_pokemon_ai_buttle\data\runs\leaderboard_top50\alakazam\20260717_kaggle_top20\rank04_Rmy_sub54750312_full,episodes\87350001\replay\episode_87350001.json,0.5,
87350069,1,4,Rmy,54750312,rmy_recovered,file,C:\Users\shiba\ptcc_pokemon_ai_buttle\data\runs\leaderboard_top50\alakazam\20260717_kaggle_top20\rank04_Rmy_sub54750312_full,episodes\87350069\replay\episode_87350069.json,0.5,
87350734,0,4,Rmy,54750312,rmy_recovered,file,C:\Users\shiba\ptcc_pokemon_ai_buttle\data\runs\leaderboard_top50\alakazam\20260717_kaggle_top20\rank04_Rmy_sub54750312_full,episodes\87350734\replay\episode_87350734.json,0.5,
87351278,0,4,Rmy,54750312,rmy_recovered,file,C:\Users\shiba\ptcc_pokemon_ai_buttle\data\runs\leaderboard_top50\alakazam\20260717_kaggle_top20\rank04_Rmy_sub54750312_full,episodes\87351278\replay\episode_87351278.json,0.5,
87351903,0,4,Rmy,54750312,rmy_recovered,file,C:\Users\shiba\ptcc_pokemon_ai_buttle\data\runs\leaderboard_top50\alakazam\20260717_kaggle_top20\rank04_Rmy_sub54750312_full,episodes\87351903\replay\episode_87351903.json,0.5,
87351925,0,4,Rmy,54750312,rmy_recovered,file,C:\Users\shiba\ptcc_pokemon_ai_buttle\data\runs\leaderboard_top50\alakazam\20260717_kaggle_top20\rank04_Rmy_sub54750312_full,episodes\87351925\replay\episode_87351925.json,0.5,
87352970,0,4,Rmy,54750312,rmy_recovered,file,C:\Users\shiba\ptcc_pokemon_ai_buttle\data\runs\leaderboard_top50\alakazam\20260717_kaggle_top20\rank04_Rmy_sub54750312_full,episodes\87352970\replay\episode_87352970.json,0.5,
87353077,0,4,Rmy,54750312,rmy_recovered,file,C:\Users\shiba\ptcc_pokemon_ai_buttle\data\runs\leaderboard_top50\alakazam\20260717_kaggle_top20\rank04_Rmy_sub54750312_full,episodes\87353077\replay\episode_87353077.json,0.5,
87353499,1,4,Rmy,54750312,rmy_recovered,file,C:\Users\shiba\ptcc_pokemon_ai_buttle\data\runs\leaderboard_top50\alakazam\20260717_kaggle_top20\rank04_Rmy_sub54750312_full,episodes\87353499\replay\episode_87353499.json,0.5,
87353570,1,4,Rmy,54750312,rmy_recovered,file,C:\Users\shiba\ptcc_pokemon_ai_buttle\data\runs\leaderboard_top50\alakazam\20260717_kaggle_top20\rank04_Rmy_sub54750312_full,episodes\87353570\replay\episode_87353570.json,0.5,
87354204,1,4,Rmy,54750312,rmy_recovered,file,C:\Users\shiba\ptcc_pokemon_ai_buttle\data\runs\leaderboard_top50\alakazam\20260717_kaggle_top20\rank04_Rmy_sub54750312_full,episodes\87354204\replay\episode_87354204.json,0.5,
87354217,1,4,Rmy,54750312,rmy_recovered,file,C:\Users\shiba\ptcc_pokemon_ai_buttle\data\runs\leaderboard_top50\alakazam\20260717_kaggle_top20\rank04_Rmy_sub54750312_full,episodes\87354217\replay\episode_87354217.json,0.5,
87354700,0,4,Rmy,54750312,rmy_recovered,file,C:\Users\shiba\ptcc_pokemon_ai_buttle\data\runs\leaderboard_top50\alakazam\20260717_kaggle_top20\rank04_Rmy_sub54750312_full,episodes\87354700\replay\episode_87354700.json,0.5,
87355259,1,4,Rmy,54750312,rmy_recovered,file,C:\Users\shiba\ptcc_pokemon_ai_buttle\data\runs\leaderboard_top50\alakazam\20260717_kaggle_top20\rank04_Rmy_sub54750312_full,episodes\87355259\replay\episode_87355259.json,0.5,
87355803,1,4,Rmy,54750312,rmy_recovered,file,C:\Users\shiba\ptcc_pokemon_ai_buttle\data\runs\leaderboard_top50\alakazam\20260717_kaggle_top20\rank04_Rmy_sub54750312_full,episodes\87355803\replay\episode_87355803.json,0.5,
87356427,0,4,Rmy,54750312,rmy_recovered,file,C:\Users\shiba\ptcc_pokemon_ai_buttle\data\runs\leaderboard_top50\alakazam\20260717_kaggle_top20\rank04_Rmy_sub54750312_full,episodes\87356427\replay\episode_87356427.json,0.5,
87357041,0,4,Rmy,54750312,rmy_recovered,file,C:\Users\shiba\ptcc_pokemon_ai_buttle\data\runs\leaderboard_top50\alakazam\20260717_kaggle_top20\rank04_Rmy_sub54750312_full,episodes\87357041\replay\episode_87357041.json,0.5,
87357499,1,4,Rmy,54750312,rmy_recovered,file,C:\Users\shiba\ptcc_pokemon_ai_buttle\data\runs\leaderboard_top50\alakazam\20260717_kaggle_top20\rank04_Rmy_sub54750312_full,episodes\87357499\replay\episode_87357499.json,0.5,
87357570,1,4,Rmy,54750312,rmy_recovered,file,C:\Users\shiba\ptcc_pokemon_ai_buttle\data\runs\leaderboard_top50\alakazam\20260717_kaggle_top20\rank04_Rmy_sub54750312_full,episodes\87357570\replay\episode_87357570.json,0.5,
87357909,1,4,Rmy,54750312,rmy_recovered,file,C:\Users\shiba\ptcc_pokemon_ai_buttle\data\runs\leaderboard_top50\alakazam\20260717_kaggle_top20\rank04_Rmy_sub54750312_full,episodes\87357909\replay\episode_87357909.json,0.5,
87358079,0,4,Rmy,54750312,rmy_recovered,file,C:\Users\shiba\ptcc_pokemon_ai_buttle\data\runs\leaderboard_top50\alakazam\20260717_kaggle_top20\rank04_Rmy_sub54750312_full,episodes\87358079\replay\episode_87358079.json,0.5,
87358182,0,4,Rmy,54750312,rmy_recovered,file,C:\Users\shiba\ptcc_pokemon_ai_buttle\data\runs\leaderboard_top50\alakazam\20260717_kaggle_top20\rank04_Rmy_sub54750312_full,episodes\87358182\replay\episode_87358182.json,0.5,
87358185,1,4,Rmy,54750312,rmy_recovered,file,C:\Users\shiba\ptcc_pokemon_ai_buttle\data\runs\leaderboard_top50\alakazam\20260717_kaggle_top20\rank04_Rmy_sub54750312_full,episodes\87358185\replay\episode_87358185.json,0.5,
87647564,1,3,Yushin Ito,54773249,yushin_full,zip,C:\Users\shiba\ptcc_pokemon_ai_buttle\data\runs\leaderboard_top50\alakazam\20260726_yushin_ito.zip,20260726_yushin_ito/episodes/87647564/replay/episode_87647564.json,0.5773502691896258,
87648097,1,3,Yushin Ito,54773249,yushin_full,zip,C:\Users\shiba\ptcc_pokemon_ai_buttle\data\runs\leaderboard_top50\alakazam\20260726_yushin_ito.zip,20260726_yushin_ito/episodes/87648097/replay/episode_87648097.json,0.5773502691896258,
87648613,0,3,Yushin Ito,54773249,yushin_full,zip,C:\Users\shiba\ptcc_pokemon_ai_buttle\data\runs\leaderboard_top50\alakazam\20260726_yushin_ito.zip,20260726_yushin_ito/episodes/87648613/replay/episode_87648613.json,0.5773502691896258,
87649149,0,3,Yushin Ito,54773249,yushin_full,zip,C:\Users\shiba\ptcc_pokemon_ai_buttle\data\runs\leaderboard_top50\alakazam\20260726_yushin_ito.zip,20260726_yushin_ito/episodes/87649149/replay/episode_87649149.json,0.5773502691896258,
87649157,0,3,Yushin Ito,54773249,yushin_full,zip,C:\Users\shiba\ptcc_pokemon_ai_buttle\data\runs\leaderboard_top50\alakazam\20260726_yushin_ito.zip,20260726_yushin_ito/episodes/87649157/replay/episode_87649157.json,0.5773502691896258,
87649231,0,3,Yushin Ito,54773249,yushin_full,zip,C:\Users\shiba\ptcc_pokemon_ai_buttle\data\runs\leaderboard_top50\alakazam\20260726_yushin_ito.zip,20260726_yushin_ito/episodes/87649231/replay/episode_87649231.json,0.5773502691896258,
87649674,1,3,Yushin Ito,54773249,yushin_full,zip,C:\Users\shiba\ptcc_pokemon_ai_buttle\data\runs\leaderboard_top50\alakazam\20260726_yushin_ito.zip,20260726_yushin_ito/episodes/87649674/replay/episode_87649674.json,0.5773502691896258,
87650203,1,3,Yushin Ito,54773249,yushin_full,zip,C:\Users\shiba\ptcc_pokemon_ai_buttle\data\runs\leaderboard_top50\alakazam\20260726_yushin_ito.zip,20260726_yushin_ito/episodes/87650203/replay/episode_87650203.json,0.5773502691896258,
87650738,0,3,Yushin Ito,54773249,yushin_full,zip,C:\Users\shiba\ptcc_pokemon_ai_buttle\data\runs\leaderboard_top50\alakazam\20260726_yushin_ito.zip,20260726_yushin_ito/episodes/87650738/replay/episode_87650738.json,0.5773502691896258,
87651287,1,3,Yushin Ito,54773249,yushin_full,zip,C:\Users\shiba\ptcc_pokemon_ai_buttle\data\runs\leaderboard_top50\alakazam\20260726_yushin_ito.zip,20260726_yushin_ito/episodes/87651287/replay/episode_87651287.json,0.5773502691896258,
87651801,1,3,Yushin Ito,54773249,yushin_full,zip,C:\Users\shiba\ptcc_pokemon_ai_buttle\data\runs\leaderboard_top50\alakazam\20260726_yushin_ito.zip,20260726_yushin_ito/episodes/87651801/replay/episode_87651801.json,0.5773502691896258,
87652332,1,3,Yushin Ito,54773249,yushin_full,zip,C:\Users\shiba\ptcc_pokemon_ai_buttle\data\runs\leaderboard_top50\alakazam\20260726_yushin_ito.zip,20260726_yushin_ito/episodes/87652332/replay/episode_87652332.json,0.5773502691896258,
87652863,0,3,Yushin Ito,54773249,yushin_full,zip,C:\Users\shiba\ptcc_pokemon_ai_buttle\data\runs\leaderboard_top50\alakazam\20260726_yushin_ito.zip,20260726_yushin_ito/episodes/87652863/replay/episode_87652863.json,0.5773502691896258,
87653403,0,3,Yushin Ito,54773249,yushin_full,zip,C:\Users\shiba\ptcc_pokemon_ai_buttle\data\runs\leaderboard_top50\alakazam\20260726_yushin_ito.zip,20260726_yushin_ito/episodes/87653403/replay/episode_87653403.json,0.5773502691896258,
87653921,0,3,Yushin Ito,54773249,yushin_full,zip,C:\Users\shiba\ptcc_pokemon_ai_buttle\data\runs\leaderboard_top50\alakazam\20260726_yushin_ito.zip,20260726_yushin_ito/episodes/87653921/replay/episode_87653921.json,0.5773502691896258,
87654448,0,3,Yushin Ito,54773249,yushin_full,zip,C:\Users\shiba\ptcc_pokemon_ai_buttle\data\runs\leaderboard_top50\alakazam\20260726_yushin_ito.zip,20260726_yushin_ito/episodes/87654448/replay/episode_87654448.json,0.5773502691896258,
87654962,1,3,Yushin Ito,54773249,yushin_full,zip,C:\Users\shiba\ptcc_pokemon_ai_buttle\data\runs\leaderboard_top50\alakazam\20260726_yushin_ito.zip,20260726_yushin_ito/episodes/87654962/replay/episode_87654962.json,0.5773502691896258,
87655487,0,3,Yushin Ito,54773249,yushin_full,zip,C:\Users\shiba\ptcc_pokemon_ai_buttle\data\runs\leaderboard_top50\alakazam\20260726_yushin_ito.zip,20260726_yushin_ito/episodes/87655487/replay/episode_87655487.json,0.5773502691896258,
87656010,1,3,Yushin Ito,54773249,yushin_full,zip,C:\Users\shiba\ptcc_pokemon_ai_buttle\data\runs\leaderboard_top50\alakazam\20260726_yushin_ito.zip,20260726_yushin_ito/episodes/87656010/replay/episode_87656010.json,0.5773502691896258,
87656561,1,3,Yushin Ito,54773249,yushin_full,zip,C:\Users\shiba\ptcc_pokemon_ai_buttle\data\runs\leaderboard_top50\alakazam\20260726_yushin_ito.zip,20260726_yushin_ito/episodes/87656561/replay/episode_87656561.json,0.5773502691896258,
87657053,1,3,Yushin Ito,54773249,yushin_full,zip,C:\Users\shiba\ptcc_pokemon_ai_buttle\data\runs\leaderboard_top50\alakazam\20260726_yushin_ito.zip,20260726_yushin_ito/episodes/87657053/replay/episode_87657053.json,0.5773502691896258,
87657058,0,3,Yushin Ito,54773249,yushin_full,zip,C:\Users\shiba\ptcc_pokemon_ai_buttle\data\runs\leaderboard_top50\alakazam\20260726_yushin_ito.zip,20260726_yushin_ito/episodes/87657058/replay/episode_87657058.json,0.5773502691896258,
87657072,0,3,Yushin Ito,54773249,yushin_full,zip,C:\Users\shiba\ptcc_pokemon_ai_buttle\data\runs\leaderboard_top50\alakazam\20260726_yushin_ito.zip,20260726_yushin_ito/episodes/87657072/replay/episode_87657072.json,0.5773502691896258,
87657149,0,3,Yushin Ito,54773249,yushin_full,zip,C:\Users\shiba\ptcc_pokemon_ai_buttle\data\runs\leaderboard_top50\alakazam\20260726_yushin_ito.zip,20260726_yushin_ito/episodes/87657149/replay/episode_87657149.json,0.5773502691896258,
87657625,0,3,Yushin Ito,54773249,yushin_full,zip,C:\Users\shiba\ptcc_pokemon_ai_buttle\data\runs\leaderboard_top50\alakazam\20260726_yushin_ito.zip,20260726_yushin_ito/episodes/87657625/replay/episode_87657625.json,0.5773502691896258,
87658193,1,3,Yushin Ito,54773249,yushin_full,zip,C:\Users\shiba\ptcc_pokemon_ai_buttle\data\runs\leaderboard_top50\alakazam\20260726_yushin_ito.zip,20260726_yushin_ito/episodes/87658193/replay/episode_87658193.json,0.5773502691896258,
87658692,1,3,Yushin Ito,54773249,yushin_full,zip,C:\Users\shiba\ptcc_pokemon_ai_buttle\data\runs\leaderboard_top50\alakazam\20260726_yushin_ito.zip,20260726_yushin_ito/episodes/87658692/replay/episode_87658692.json,0.5773502691896258,
87659222,1,3,Yushin Ito,54773249,yushin_full,zip,C:\Users\shiba\ptcc_pokemon_ai_buttle\data\runs\leaderboard_top50\alakazam\20260726_yushin_ito.zip,20260726_yushin_ito/episodes/87659222/replay/episode_87659222.json,0.5773502691896258,
87659712,0,3,Yushin Ito,54773249,yushin_full,zip,C:\Users\shiba\ptcc_pokemon_ai_buttle\data\runs\leaderboard_top50\alakazam\20260726_yushin_ito.zip,20260726_yushin_ito/episodes/87659712/replay/episode_87659712.json,0.5773502691896258,
87659742,0,3,Yushin Ito,54773249,yushin_full,zip,C:\Users\shiba\ptcc_pokemon_ai_buttle\data\runs\leaderboard_top50\alakazam\20260726_yushin_ito.zip,20260726_yushin_ito/episodes/87659742/replay/episode_87659742.json,0.5773502691896258,
87660225,1,3,Yushin Ito,54773249,yushin_full,zip,C:\Users\shiba\ptcc_pokemon_ai_buttle\data\runs\leaderboard_top50\alakazam\20260726_yushin_ito.zip,20260726_yushin_ito/episodes/87660225/replay/episode_87660225.json,0.5773502691896258,
87660235,0,3,Yushin Ito,54773249,yushin_full,zip,C:\Users\shiba\ptcc_pokemon_ai_buttle\data\runs\leaderboard_top50\alakazam\20260726_yushin_ito.zip,20260726_yushin_ito/episodes/87660235/replay/episode_87660235.json,0.5773502691896258,
87660737,0,3,Yushin Ito,54773249,yushin_full,zip,C:\Users\shiba\ptcc_pokemon_ai_buttle\data\runs\leaderboard_top50\alakazam\20260726_yushin_ito.zip,20260726_yushin_ito/episodes/87660737/replay/episode_87660737.json,0.5773502691896258,
87661290,0,3,Yushin Ito,54773249,yushin_full,zip,C:\Users\shiba\ptcc_pokemon_ai_buttle\data\runs\leaderboard_top50\alakazam\20260726_yushin_ito.zip,20260726_yushin_ito/episodes/87661290/replay/episode_87661290.json,0.5773502691896258,
87661841,0,3,Yushin Ito,54773249,yushin_full,zip,C:\Users\shiba\ptcc_pokemon_ai_buttle\data\runs\leaderboard_top50\alakazam\20260726_yushin_ito.zip,20260726_yushin_ito/episodes/87661841/replay/episode_87661841.json,0.5773502691896258,
87662391,1,3,Yushin Ito,54773249,yushin_full,zip,C:\Users\shiba\ptcc_pokemon_ai_buttle\data\runs\leaderboard_top50\alakazam\20260726_yushin_ito.zip,20260726_yushin_ito/episodes/87662391/replay/episode_87662391.json,0.5773502691896258,
87662889,0,3,Yushin Ito,54773249,yushin_full,zip,C:\Users\shiba\ptcc_pokemon_ai_buttle\data\runs\leaderboard_top50\alakazam\20260726_yushin_ito.zip,20260726_yushin_ito/episodes/87662889/replay/episode_87662889.json,0.5773502691896258,
87663408,1,3,Yushin Ito,54773249,yushin_full,zip,C:\Users\shiba\ptcc_pokemon_ai_buttle\data\runs\leaderboard_top50\alakazam\20260726_yushin_ito.zip,20260726_yushin_ito/episodes/87663408/replay/episode_87663408.json,0.5773502691896258,
87663971,1,3,Yushin Ito,54773249,yushin_full,zip,C:\Users\shiba\ptcc_pokemon_ai_buttle\data\runs\leaderboard_top50\alakazam\20260726_yushin_ito.zip,20260726_yushin_ito/episodes/87663971/replay/episode_87663971.json,0.5773502691896258,
87664486,1,3,Yushin Ito,54773249,yushin_full,zip,C:\Users\shiba\ptcc_pokemon_ai_buttle\data\runs\leaderboard_top50\alakazam\20260726_yushin_ito.zip,20260726_yushin_ito/episodes/87664486/replay/episode_87664486.json,0.5773502691896258,
87668237,0,3,Yushin Ito,54773249,yushin_full,zip,C:\Users\shiba\ptcc_pokemon_ai_buttle\data\runs\leaderboard_top50\alakazam\20260726_yushin_ito.zip,20260726_yushin_ito/episodes/87668237/replay/episode_87668237.json,0.5773502691896258,
87672464,0,3,Yushin Ito,54773249,yushin_full,zip,C:\Users\shiba\ptcc_pokemon_ai_buttle\data\runs\leaderboard_top50\alakazam\20260726_yushin_ito.zip,20260726_yushin_ito/episodes/87672464/replay/episode_87672464.json,0.5773502691896258,
87679064,0,3,Yushin Ito,54773249,yushin_full,zip,C:\Users\shiba\ptcc_pokemon_ai_buttle\data\runs\leaderboard_top50\alakazam\20260726_yushin_ito.zip,20260726_yushin_ito/episodes/87679064/replay/episode_87679064.json,0.5773502691896258,
87679627,0,3,Yushin Ito,54773249,yushin_full,zip,C:\Users\shiba\ptcc_pokemon_ai_buttle\data\runs\leaderboard_top50\alakazam\20260726_yushin_ito.zip,20260726_yushin_ito/episodes/87679627/replay/episode_87679627.json,0.5773502691896258,
87690862,1,3,Yushin Ito,54773249,yushin_full,zip,C:\Users\shiba\ptcc_pokemon_ai_buttle\data\runs\leaderboard_top50\alakazam\20260726_yushin_ito.zip,20260726_yushin_ito/episodes/87690862/replay/episode_87690862.json,0.5773502691896258,
87690967,0,3,Yushin Ito,54773249,yushin_full,zip,C:\Users\shiba\ptcc_pokemon_ai_buttle\data\runs\leaderboard_top50\alakazam\20260726_yushin_ito.zip,20260726_yushin_ito/episodes/87690967/replay/episode_87690967.json,0.5773502691896258,
87693480,0,3,Yushin Ito,54773249,yushin_full,zip,C:\Users\shiba\ptcc_pokemon_ai_buttle\data\runs\leaderboard_top50\alakazam\20260726_yushin_ito.zip,20260726_yushin_ito/episodes/87693480/replay/episode_87693480.json,0.5773502691896258,
87700738,0,3,Yushin Ito,54773249,yushin_full,zip,C:\Users\shiba\ptcc_pokemon_ai_buttle\data\runs\leaderboard_top50\alakazam\20260726_yushin_ito.zip,20260726_yushin_ito/episodes/87700738/replay/episode_87700738.json,0.5773502691896258,
87701760,0,3,Yushin Ito,54773249,yushin_full,zip,C:\Users\shiba\ptcc_pokemon_ai_buttle\data\runs\leaderboard_top50\alakazam\20260726_yushin_ito.zip,20260726_yushin_ito/episodes/87701760/replay/episode_87701760.json,0.5773502691896258,
87705462,0,3,Yushin Ito,54773249,yushin_full,zip,C:\Users\shiba\ptcc_pokemon_ai_buttle\data\runs\leaderboard_top50\alakazam\20260726_yushin_ito.zip,20260726_yushin_ito/episodes/87705462/replay/episode_87705462.json,0.5773502691896258,
87707113,0,3,Yushin Ito,54773249,yushin_full,zip,C:\Users\shiba\ptcc_pokemon_ai_buttle\data\runs\leaderboard_top50\alakazam\20260726_yushin_ito.zip,20260726_yushin_ito/episodes/87707113/replay/episode_87707113.json,0.5773502691896258,
87707610,1,3,Yushin Ito,54773249,yushin_full,zip,C:\Users\shiba\ptcc_pokemon_ai_buttle\data\runs\leaderboard_top50\alakazam\20260726_yushin_ito.zip,20260726_yushin_ito/episodes/87707610/replay/episode_87707610.json,0.5773502691896258,
87708160,0,3,Yushin Ito,54773249,yushin_full,zip,C:\Users\shiba\ptcc_pokemon_ai_buttle\data\runs\leaderboard_top50\alakazam\20260726_yushin_ito.zip,20260726_yushin_ito/episodes/87708160/replay/episode_87708160.json,0.5773502691896258,
87708643,0,3,Yushin Ito,54773249,yushin_full,zip,C:\Users\shiba\ptcc_pokemon_ai_buttle\data\runs\leaderboard_top50\alakazam\20260726_yushin_ito.zip,20260726_yushin_ito/episodes/87708643/replay/episode_87708643.json,0.5773502691896258,
87709155,1,3,Yushin Ito,54773249,yushin_full,zip,C:\Users\shiba\ptcc_pokemon_ai_buttle\data\runs\leaderboard_top50\alakazam\20260726_yushin_ito.zip,20260726_yushin_ito/episodes/87709155/replay/episode_87709155.json,0.5773502691896258,
87709675,0,3,Yushin Ito,54773249,yushin_full,zip,C:\Users\shiba\ptcc_pokemon_ai_buttle\data\runs\leaderboard_top50\alakazam\20260726_yushin_ito.zip,20260726_yushin_ito/episodes/87709675/replay/episode_87709675.json,0.5773502691896258,
87710201,0,3,Yushin Ito,54773249,yushin_full,zip,C:\Users\shiba\ptcc_pokemon_ai_buttle\data\runs\leaderboard_top50\alakazam\20260726_yushin_ito.zip,20260726_yushin_ito/episodes/87710201/replay/episode_87710201.json,0.5773502691896258,
87710722,1,3,Yushin Ito,54773249,yushin_full,zip,C:\Users\shiba\ptcc_pokemon_ai_buttle\data\runs\leaderboard_top50\alakazam\20260726_yushin_ito.zip,20260726_yushin_ito/episodes/87710722/replay/episode_87710722.json,0.5773502691896258,
87711252,0,3,Yushin Ito,54773249,yushin_full,zip,C:\Users\shiba\ptcc_pokemon_ai_buttle\data\runs\leaderboard_top50\alakazam\20260726_yushin_ito.zip,20260726_yushin_ito/episodes/87711252/replay/episode_87711252.json,0.5773502691896258,
87711775,1,3,Yushin Ito,54773249,yushin_full,zip,C:\Users\shiba\ptcc_pokemon_ai_buttle\data\runs\leaderboard_top50\alakazam\20260726_yushin_ito.zip,20260726_yushin_ito/episodes/87711775/replay/episode_87711775.json,0.5773502691896258,
87712305,1,3,Yushin Ito,54773249,yushin_full,zip,C:\Users\shiba\ptcc_pokemon_ai_buttle\data\runs\leaderboard_top50\alakazam\20260726_yushin_ito.zip,20260726_yushin_ito/episodes/87712305/replay/episode_87712305.json,0.5773502691896258,
87712842,1,3,Yushin Ito,54773249,yushin_full,zip,C:\Users\shiba\ptcc_pokemon_ai_buttle\data\runs\leaderboard_top50\alakazam\20260726_yushin_ito.zip,20260726_yushin_ito/episodes/87712842/replay/episode_87712842.json,0.5773502691896258,
87713351,1,3,Yushin Ito,54773249,yushin_full,zip,C:\Users\shiba\ptcc_pokemon_ai_buttle\data\runs\leaderboard_top50\alakazam\20260726_yushin_ito.zip,20260726_yushin_ito/episodes/87713351/replay/episode_87713351.json,0.5773502691896258,
87713878,0,3,Yushin Ito,54773249,yushin_full,zip,C:\Users\shiba\ptcc_pokemon_ai_buttle\data\runs\leaderboard_top50\alakazam\20260726_yushin_ito.zip,20260726_yushin_ito/episodes/87713878/replay/episode_87713878.json,0.5773502691896258,
87713934,1,3,Yushin Ito,54773249,yushin_full,zip,C:\Users\shiba\ptcc_pokemon_ai_buttle\data\runs\leaderboard_top50\alakazam\20260726_yushin_ito.zip,20260726_yushin_ito/episodes/87713934/replay/episode_87713934.json,0.5773502691896258,
87714400,0,3,Yushin Ito,54773249,yushin_full,zip,C:\Users\shiba\ptcc_pokemon_ai_buttle\data\runs\leaderboard_top50\alakazam\20260726_yushin_ito.zip,20260726_yushin_ito/episodes/87714400/replay/episode_87714400.json,0.5773502691896258,
87714406,1,3,Yushin Ito,54773249,yushin_full,zip,C:\Users\shiba\ptcc_pokemon_ai_buttle\data\runs\leaderboard_top50\alakazam\20260726_yushin_ito.zip,20260726_yushin_ito/episodes/87714406/replay/episode_87714406.json,0.5773502691896258,
87714936,0,3,Yushin Ito,54773249,yushin_full,zip,C:\Users\shiba\ptcc_pokemon_ai_buttle\data\runs\leaderboard_top50\alakazam\20260726_yushin_ito.zip,20260726_yushin_ito/episodes/87714936/replay/episode_87714936.json,0.5773502691896258,
87715410,1,3,Yushin Ito,54773249,yushin_full,zip,C:\Users\shiba\ptcc_pokemon_ai_buttle\data\runs\leaderboard_top50\alakazam\20260726_yushin_ito.zip,20260726_yushin_ito/episodes/87715410/replay/episode_87715410.json,0.5773502691896258,
87715471,0,3,Yushin Ito,54773249,yushin_full,zip,C:\Users\shiba\ptcc_pokemon_ai_buttle\data\runs\leaderboard_top50\alakazam\20260726_yushin_ito.zip,20260726_yushin_ito/episodes/87715471/replay/episode_87715471.json,0.5773502691896258,
87715994,0,3,Yushin Ito,54773249,yushin_full,zip,C:\Users\shiba\ptcc_pokemon_ai_buttle\data\runs\leaderboard_top50\alakazam\20260726_yushin_ito.zip,20260726_yushin_ito/episodes/87715994/replay/episode_87715994.json,0.5773502691896258,
87716008,1,3,Yushin Ito,54773249,yushin_full,zip,C:\Users\shiba\ptcc_pokemon_ai_buttle\data\runs\leaderboard_top50\alakazam\20260726_yushin_ito.zip,20260726_yushin_ito/episodes/87716008/replay/episode_87716008.json,0.5773502691896258,
87716534,0,3,Yushin Ito,54773249,yushin_full,zip,C:\Users\shiba\ptcc_pokemon_ai_buttle\data\runs\leaderboard_top50\alakazam\20260726_yushin_ito.zip,20260726_yushin_ito/episodes/87716534/replay/episode_87716534.json,0.5773502691896258,
87717045,1,3,Yushin Ito,54773249,yushin_full,zip,C:\Users\shiba\ptcc_pokemon_ai_buttle\data\runs\leaderboard_top50\alakazam\20260726_yushin_ito.zip,20260726_yushin_ito/episodes/87717045/replay/episode_87717045.json,0.5773502691896258,
87717566,1,3,Yushin Ito,54773249,yushin_full,zip,C:\Users\shiba\ptcc_pokemon_ai_buttle\data\runs\leaderboard_top50\alakazam\20260726_yushin_ito.zip,20260726_yushin_ito/episodes/87717566/replay/episode_87717566.json,0.5773502691896258,
87717567,1,3,Yushin Ito,54773249,yushin_full,zip,C:\Users\shiba\ptcc_pokemon_ai_buttle\data\runs\leaderboard_top50\alakazam\20260726_yushin_ito.zip,20260726_yushin_ito/episodes/87717567/replay/episode_87717567.json,0.5773502691896258,
87718059,0,3,Yushin Ito,54773249,yushin_full,zip,C:\Users\shiba\ptcc_pokemon_ai_buttle\data\runs\leaderboard_top50\alakazam\20260726_yushin_ito.zip,20260726_yushin_ito/episodes/87718059/replay/episode_87718059.json,0.5773502691896258,
87718578,1,3,Yushin Ito,54773249,yushin_full,zip,C:\Users\shiba\ptcc_pokemon_ai_buttle\data\runs\leaderboard_top50\alakazam\20260726_yushin_ito.zip,20260726_yushin_ito/episodes/87718578/replay/episode_87718578.json,0.5773502691896258,
87718608,1,3,Yushin Ito,54773249,yushin_full,zip,C:\Users\shiba\ptcc_pokemon_ai_buttle\data\runs\leaderboard_top50\alakazam\20260726_yushin_ito.zip,20260726_yushin_ito/episodes/87718608/replay/episode_87718608.json,0.5773502691896258,
87718617,0,3,Yushin Ito,54773249,yushin_full,zip,C:\Users\shiba\ptcc_pokemon_ai_buttle\data\runs\leaderboard_top50\alakazam\20260726_yushin_ito.zip,20260726_yushin_ito/episodes/87718617/replay/episode_87718617.json,0.5773502691896258,
87719127,0,3,Yushin Ito,54773249,yushin_full,zip,C:\Users\shiba\ptcc_pokemon_ai_buttle\data\runs\leaderboard_top50\alakazam\20260726_yushin_ito.zip,20260726_yushin_ito/episodes/87719127/replay/episode_87719127.json,0.5773502691896258,
87719525,0,3,Yushin Ito,54773249,yushin_full,zip,C:\Users\shiba\ptcc_pokemon_ai_buttle\data\runs\leaderboard_top50\alakazam\20260726_yushin_ito.zip,20260726_yushin_ito/episodes/87719525/replay/episode_87719525.json,0.5773502691896258,
87719637,1,3,Yushin Ito,54773249,yushin_full,zip,C:\Users\shiba\ptcc_pokemon_ai_buttle\data\runs\leaderboard_top50\alakazam\20260726_yushin_ito.zip,20260726_yushin_ito/episodes/87719637/replay/episode_87719637.json,0.5773502691896258,
87720102,1,3,Yushin Ito,54773249,yushin_full,zip,C:\Users\shiba\ptcc_pokemon_ai_buttle\data\runs\leaderboard_top50\alakazam\20260726_yushin_ito.zip,20260726_yushin_ito/episodes/87720102/replay/episode_87720102.json,0.5773502691896258,
87720158,1,3,Yushin Ito,54773249,yushin_full,zip,C:\Users\shiba\ptcc_pokemon_ai_buttle\data\runs\leaderboard_top50\alakazam\20260726_yushin_ito.zip,20260726_yushin_ito/episodes/87720158/replay/episode_87720158.json,0.5773502691896258,
87720172,1,3,Yushin Ito,54773249,yushin_full,zip,C:\Users\shiba\ptcc_pokemon_ai_buttle\data\runs\leaderboard_top50\alakazam\20260726_yushin_ito.zip,20260726_yushin_ito/episodes/87720172/replay/episode_87720172.json,0.5773502691896258,
87720673,0,3,Yushin Ito,54773249,yushin_full,zip,C:\Users\shiba\ptcc_pokemon_ai_buttle\data\runs\leaderboard_top50\alakazam\20260726_yushin_ito.zip,20260726_yushin_ito/episodes/87720673/replay/episode_87720673.json,0.5773502691896258,
87721198,1,3,Yushin Ito,54773249,yushin_full,zip,C:\Users\shiba\ptcc_pokemon_ai_buttle\data\runs\leaderboard_top50\alakazam\20260726_yushin_ito.zip,20260726_yushin_ito/episodes/87721198/replay/episode_87721198.json,0.5773502691896258,
87721203,1,3,Yushin Ito,54773249,yushin_full,zip,C:\Users\shiba\ptcc_pokemon_ai_buttle\data\runs\leaderboard_top50\alakazam\20260726_yushin_ito.zip,20260726_yushin_ito/episodes/87721203/replay/episode_87721203.json,0.5773502691896258,
87721720,0,3,Yushin Ito,54773249,yushin_full,zip,C:\Users\shiba\ptcc_pokemon_ai_buttle\data\runs\leaderboard_top50\alakazam\20260726_yushin_ito.zip,20260726_yushin_ito/episodes/87721720/replay/episode_87721720.json,0.5773502691896258,
87721767,1,3,Yushin Ito,54773249,yushin_full,zip,C:\Users\shiba\ptcc_pokemon_ai_buttle\data\runs\leaderboard_top50\alakazam\20260726_yushin_ito.zip,20260726_yushin_ito/episodes/87721767/replay/episode_87721767.json,0.5773502691896258,
87721774,1,3,Yushin Ito,54773249,yushin_full,zip,C:\Users\shiba\ptcc_pokemon_ai_buttle\data\runs\leaderboard_top50\alakazam\20260726_yushin_ito.zip,20260726_yushin_ito/episodes/87721774/replay/episode_87721774.json,0.5773502691896258,
87722250,0,3,Yushin Ito,54773249,yushin_full,zip,C:\Users\shiba\ptcc_pokemon_ai_buttle\data\runs\leaderboard_top50\alakazam\20260726_yushin_ito.zip,20260726_yushin_ito/episodes/87722250/replay/episode_87722250.json,0.5773502691896258,
87722763,0,3,Yushin Ito,54773249,yushin_full,zip,C:\Users\shiba\ptcc_pokemon_ai_buttle\data\runs\leaderboard_top50\alakazam\20260726_yushin_ito.zip,20260726_yushin_ito/episodes/87722763/replay/episode_87722763.json,0.5773502691896258,
87722771,0,3,Yushin Ito,54773249,yushin_full,zip,C:\Users\shiba\ptcc_pokemon_ai_buttle\data\runs\leaderboard_top50\alakazam\20260726_yushin_ito.zip,20260726_yushin_ito/episodes/87722771/replay/episode_87722771.json,0.5773502691896258,
87722778,0,3,Yushin Ito,54773249,yushin_full,zip,C:\Users\shiba\ptcc_pokemon_ai_buttle\data\runs\leaderboard_top50\alakazam\20260726_yushin_ito.zip,20260726_yushin_ito/episodes/87722778/replay/episode_87722778.json,0.5773502691896258,
87723295,0,3,Yushin Ito,54773249,yushin_full,zip,C:\Users\shiba\ptcc_pokemon_ai_buttle\data\runs\leaderboard_top50\alakazam\20260726_yushin_ito.zip,20260726_yushin_ito/episodes/87723295/replay/episode_87723295.json,0.5773502691896258,
87723819,0,3,Yushin Ito,54773249,yushin_full,zip,C:\Users\shiba\ptcc_pokemon_ai_buttle\data\runs\leaderboard_top50\alakazam\20260726_yushin_ito.zip,20260726_yushin_ito/episodes/87723819/replay/episode_87723819.json,0.5773502691896258,
87724328,0,3,Yushin Ito,54773249,yushin_full,zip,C:\Users\shiba\ptcc_pokemon_ai_buttle\data\runs\leaderboard_top50\alakazam\20260726_yushin_ito.zip,20260726_yushin_ito/episodes/87724328/replay/episode_87724328.json,0.5773502691896258,
87724852,0,3,Yushin Ito,54773249,yushin_full,zip,C:\Users\shiba\ptcc_pokemon_ai_buttle\data\runs\leaderboard_top50\alakazam\20260726_yushin_ito.zip,20260726_yushin_ito/episodes/87724852/replay/episode_87724852.json,0.5773502691896258,
87725384,1,3,Yushin Ito,54773249,yushin_full,zip,C:\Users\shiba\ptcc_pokemon_ai_buttle\data\runs\leaderboard_top50\alakazam\20260726_yushin_ito.zip,20260726_yushin_ito/episodes/87725384/replay/episode_87725384.json,0.5773502691896258,
87725415,1,3,Yushin Ito,54773249,yushin_full,zip,C:\Users\shiba\ptcc_pokemon_ai_buttle\data\runs\leaderboard_top50\alakazam\20260726_yushin_ito.zip,20260726_yushin_ito/episodes/87725415/replay/episode_87725415.json,0.5773502691896258,
87725907,1,3,Yushin Ito,54773249,yushin_full,zip,C:\Users\shiba\ptcc_pokemon_ai_buttle\data\runs\leaderboard_top50\alakazam\20260726_yushin_ito.zip,20260726_yushin_ito/episodes/87725907/replay/episode_87725907.json,0.5773502691896258,
87725908,0,3,Yushin Ito,54773249,yushin_full,zip,C:\Users\shiba\ptcc_pokemon_ai_buttle\data\runs\leaderboard_top50\alakazam\20260726_yushin_ito.zip,20260726_yushin_ito/episodes/87725908/replay/episode_87725908.json,0.5773502691896258,
87725911,1,3,Yushin Ito,54773249,yushin_full,zip,C:\Users\shiba\ptcc_pokemon_ai_buttle\data\runs\leaderboard_top50\alakazam\20260726_yushin_ito.zip,20260726_yushin_ito/episodes/87725911/replay/episode_87725911.json,0.5773502691896258,
87725943,1,3,Yushin Ito,54773249,yushin_full,zip,C:\Users\shiba\ptcc_pokemon_ai_buttle\data\runs\leaderboard_top50\alakazam\20260726_yushin_ito.zip,20260726_yushin_ito/episodes/87725943/replay/episode_87725943.json,0.5773502691896258,
87725975,1,3,Yushin Ito,54773249,yushin_full,zip,C:\Users\shiba\ptcc_pokemon_ai_buttle\data\runs\leaderboard_top50\alakazam\20260726_yushin_ito.zip,20260726_yushin_ito/episodes/87725975/replay/episode_87725975.json,0.5773502691896258,
87726434,0,3,Yushin Ito,54773249,yushin_full,zip,C:\Users\shiba\ptcc_pokemon_ai_buttle\data\runs\leaderboard_top50\alakazam\20260726_yushin_ito.zip,20260726_yushin_ito/episodes/87726434/replay/episode_87726434.json,0.5773502691896258,
87726951,0,3,Yushin Ito,54773249,yushin_full,zip,C:\Users\shiba\ptcc_pokemon_ai_buttle\data\runs\leaderboard_top50\alakazam\20260726_yushin_ito.zip,20260726_yushin_ito/episodes/87726951/replay/episode_87726951.json,0.5773502691896258,
87726956,1,3,Yushin Ito,54773249,yushin_full,zip,C:\Users\shiba\ptcc_pokemon_ai_buttle\data\runs\leaderboard_top50\alakazam\20260726_yushin_ito.zip,20260726_yushin_ito/episodes/87726956/replay/episode_87726956.json,0.5773502691896258,
87727474,0,3,Yushin Ito,54773249,yushin_full,zip,C:\Users\shiba\ptcc_pokemon_ai_buttle\data\runs\leaderboard_top50\alakazam\20260726_yushin_ito.zip,20260726_yushin_ito/episodes/87727474/replay/episode_87727474.json,0.5773502691896258,
87727487,1,3,Yushin Ito,54773249,yushin_full,zip,C:\Users\shiba\ptcc_pokemon_ai_buttle\data\runs\leaderboard_top50\alakazam\20260726_yushin_ito.zip,20260726_yushin_ito/episodes/87727487/replay/episode_87727487.json,0.5773502691896258,
87727993,0,3,Yushin Ito,54773249,yushin_full,zip,C:\Users\shiba\ptcc_pokemon_ai_buttle\data\runs\leaderboard_top50\alakazam\20260726_yushin_ito.zip,20260726_yushin_ito/episodes/87727993/replay/episode_87727993.json,0.5773502691896258,
87727994,0,3,Yushin Ito,54773249,yushin_full,zip,C:\Users\shiba\ptcc_pokemon_ai_buttle\data\runs\leaderboard_top50\alakazam\20260726_yushin_ito.zip,20260726_yushin_ito/episodes/87727994/replay/episode_87727994.json,0.5773502691896258,
87728517,1,3,Yushin Ito,54773249,yushin_full,zip,C:\Users\shiba\ptcc_pokemon_ai_buttle\data\runs\leaderboard_top50\alakazam\20260726_yushin_ito.zip,20260726_yushin_ito/episodes/87728517/replay/episode_87728517.json,0.5773502691896258,
87729058,1,3,Yushin Ito,54773249,yushin_full,zip,C:\Users\shiba\ptcc_pokemon_ai_buttle\data\runs\leaderboard_top50\alakazam\20260726_yushin_ito.zip,20260726_yushin_ito/episodes/87729058/replay/episode_87729058.json,0.5773502691896258,
87729059,1,3,Yushin Ito,54773249,yushin_full,zip,C:\Users\shiba\ptcc_pokemon_ai_buttle\data\runs\leaderboard_top50\alakazam\20260726_yushin_ito.zip,20260726_yushin_ito/episodes/87729059/replay/episode_87729059.json,0.5773502691896258,
87729595,1,3,Yushin Ito,54773249,yushin_full,zip,C:\Users\shiba\ptcc_pokemon_ai_buttle\data\runs\leaderboard_top50\alakazam\20260726_yushin_ito.zip,20260726_yushin_ito/episodes/87729595/replay/episode_87729595.json,0.5773502691896258,
87730143,0,3,Yushin Ito,54773249,yushin_full,zip,C:\Users\shiba\ptcc_pokemon_ai_buttle\data\runs\leaderboard_top50\alakazam\20260726_yushin_ito.zip,20260726_yushin_ito/episodes/87730143/replay/episode_87730143.json,0.5773502691896258,
87730795,0,3,Yushin Ito,54773249,yushin_full,zip,C:\Users\shiba\ptcc_pokemon_ai_buttle\data\runs\leaderboard_top50\alakazam\20260726_yushin_ito.zip,20260726_yushin_ito/episodes/87730795/replay/episode_87730795.json,0.5773502691896258,
87731217,0,3,Yushin Ito,54773249,yushin_full,zip,C:\Users\shiba\ptcc_pokemon_ai_buttle\data\runs\leaderboard_top50\alakazam\20260726_yushin_ito.zip,20260726_yushin_ito/episodes/87731217/replay/episode_87731217.json,0.5773502691896258,
87731732,1,3,Yushin Ito,54773249,yushin_full,zip,C:\Users\shiba\ptcc_pokemon_ai_buttle\data\runs\leaderboard_top50\alakazam\20260726_yushin_ito.zip,20260726_yushin_ito/episodes/87731732/replay/episode_87731732.json,0.5773502691896258,
87732246,0,3,Yushin Ito,54773249,yushin_full,zip,C:\Users\shiba\ptcc_pokemon_ai_buttle\data\runs\leaderboard_top50\alakazam\20260726_yushin_ito.zip,20260726_yushin_ito/episodes/87732246/replay/episode_87732246.json,0.5773502691896258,
87732771,1,3,Yushin Ito,54773249,yushin_full,zip,C:\Users\shiba\ptcc_pokemon_ai_buttle\data\runs\leaderboard_top50\alakazam\20260726_yushin_ito.zip,20260726_yushin_ito/episodes/87732771/replay/episode_87732771.json,0.5773502691896258,
87733290,1,3,Yushin Ito,54773249,yushin_full,zip,C:\Users\shiba\ptcc_pokemon_ai_buttle\data\runs\leaderboard_top50\alakazam\20260726_yushin_ito.zip,20260726_yushin_ito/episodes/87733290/replay/episode_87733290.json,0.5773502691896258,
87733902,0,3,Yushin Ito,54773249,yushin_full,zip,C:\Users\shiba\ptcc_pokemon_ai_buttle\data\runs\leaderboard_top50\alakazam\20260726_yushin_ito.zip,20260726_yushin_ito/episodes/87733902/replay/episode_87733902.json,0.5773502691896258,
87734341,0,3,Yushin Ito,54773249,yushin_full,zip,C:\Users\shiba\ptcc_pokemon_ai_buttle\data\runs\leaderboard_top50\alakazam\20260726_yushin_ito.zip,20260726_yushin_ito/episodes/87734341/replay/episode_87734341.json,0.5773502691896258,
87734878,1,3,Yushin Ito,54773249,yushin_full,zip,C:\Users\shiba\ptcc_pokemon_ai_buttle\data\runs\leaderboard_top50\alakazam\20260726_yushin_ito.zip,20260726_yushin_ito/episodes/87734878/replay/episode_87734878.json,0.5773502691896258,
87735393,0,3,Yushin Ito,54773249,yushin_full,zip,C:\Users\shiba\ptcc_pokemon_ai_buttle\data\runs\leaderboard_top50\alakazam\20260726_yushin_ito.zip,20260726_yushin_ito/episodes/87735393/replay/episode_87735393.json,0.5773502691896258,
87735422,1,3,Yushin Ito,54773249,yushin_full,zip,C:\Users\shiba\ptcc_pokemon_ai_buttle\data\runs\leaderboard_top50\alakazam\20260726_yushin_ito.zip,20260726_yushin_ito/episodes/87735422/replay/episode_87735422.json,0.5773502691896258,
87735924,1,3,Yushin Ito,54773249,yushin_full,zip,C:\Users\shiba\ptcc_pokemon_ai_buttle\data\runs\leaderboard_top50\alakazam\20260726_yushin_ito.zip,20260726_yushin_ito/episodes/87735924/replay/episode_87735924.json,0.5773502691896258,
87736456,0,3,Yushin Ito,54773249,yushin_full,zip,C:\Users\shiba\ptcc_pokemon_ai_buttle\data\runs\leaderboard_top50\alakazam\20260726_yushin_ito.zip,20260726_yushin_ito/episodes/87736456/replay/episode_87736456.json,0.5773502691896258,
87736974,0,3,Yushin Ito,54773249,yushin_full,zip,C:\Users\shiba\ptcc_pokemon_ai_buttle\data\runs\leaderboard_top50\alakazam\20260726_yushin_ito.zip,20260726_yushin_ito/episodes/87736974/replay/episode_87736974.json,0.5773502691896258,
87737492,1,3,Yushin Ito,54773249,yushin_full,zip,C:\Users\shiba\ptcc_pokemon_ai_buttle\data\runs\leaderboard_top50\alakazam\20260726_yushin_ito.zip,20260726_yushin_ito/episodes/87737492/replay/episode_87737492.json,0.5773502691896258,
87738032,1,3,Yushin Ito,54773249,yushin_full,zip,C:\Users\shiba\ptcc_pokemon_ai_buttle\data\runs\leaderboard_top50\alakazam\20260726_yushin_ito.zip,20260726_yushin_ito/episodes/87738032/replay/episode_87738032.json,0.5773502691896258,
87738577,1,3,Yushin Ito,54773249,yushin_full,zip,C:\Users\shiba\ptcc_pokemon_ai_buttle\data\runs\leaderboard_top50\alakazam\20260726_yushin_ito.zip,20260726_yushin_ito/episodes/87738577/replay/episode_87738577.json,0.5773502691896258,
87739089,1,3,Yushin Ito,54773249,yushin_full,zip,C:\Users\shiba\ptcc_pokemon_ai_buttle\data\runs\leaderboard_top50\alakazam\20260726_yushin_ito.zip,20260726_yushin_ito/episodes/87739089/replay/episode_87739089.json,0.5773502691896258,
87739630,1,3,Yushin Ito,54773249,yushin_full,zip,C:\Users\shiba\ptcc_pokemon_ai_buttle\data\runs\leaderboard_top50\alakazam\20260726_yushin_ito.zip,20260726_yushin_ito/episodes/87739630/replay/episode_87739630.json,0.5773502691896258,
87740142,0,3,Yushin Ito,54773249,yushin_full,zip,C:\Users\shiba\ptcc_pokemon_ai_buttle\data\runs\leaderboard_top50\alakazam\20260726_yushin_ito.zip,20260726_yushin_ito/episodes/87740142/replay/episode_87740142.json,0.5773502691896258,
87740175,1,3,Yushin Ito,54773249,yushin_full,zip,C:\Users\shiba\ptcc_pokemon_ai_buttle\data\runs\leaderboard_top50\alakazam\20260726_yushin_ito.zip,20260726_yushin_ito/episodes/87740175/replay/episode_87740175.json,0.5773502691896258,
87740665,0,3,Yushin Ito,54773249,yushin_full,zip,C:\Users\shiba\ptcc_pokemon_ai_buttle\data\runs\leaderboard_top50\alakazam\20260726_yushin_ito.zip,20260726_yushin_ito/episodes/87740665/replay/episode_87740665.json,0.5773502691896258,
87741204,0,3,Yushin Ito,54773249,yushin_full,zip,C:\Users\shiba\ptcc_pokemon_ai_buttle\data\runs\leaderboard_top50\alakazam\20260726_yushin_ito.zip,20260726_yushin_ito/episodes/87741204/replay/episode_87741204.json,0.5773502691896258,
87741723,0,3,Yushin Ito,54773249,yushin_full,zip,C:\Users\shiba\ptcc_pokemon_ai_buttle\data\runs\leaderboard_top50\alakazam\20260726_yushin_ito.zip,20260726_yushin_ito/episodes/87741723/replay/episode_87741723.json,0.5773502691896258,
87741724,0,3,Yushin Ito,54773249,yushin_full,zip,C:\Users\shiba\ptcc_pokemon_ai_buttle\data\runs\leaderboard_top50\alakazam\20260726_yushin_ito.zip,20260726_yushin_ito/episodes/87741724/replay/episode_87741724.json,0.5773502691896258,
87742265,1,3,Yushin Ito,54773249,yushin_full,zip,C:\Users\shiba\ptcc_pokemon_ai_buttle\data\runs\leaderboard_top50\alakazam\20260726_yushin_ito.zip,20260726_yushin_ito/episodes/87742265/replay/episode_87742265.json,0.5773502691896258,
87742782,1,3,Yushin Ito,54773249,yushin_full,zip,C:\Users\shiba\ptcc_pokemon_ai_buttle\data\runs\leaderboard_top50\alakazam\20260726_yushin_ito.zip,20260726_yushin_ito/episodes/87742782/replay/episode_87742782.json,0.5773502691896258,
87743309,1,3,Yushin Ito,54773249,yushin_full,zip,C:\Users\shiba\ptcc_pokemon_ai_buttle\data\runs\leaderboard_top50\alakazam\20260726_yushin_ito.zip,20260726_yushin_ito/episodes/87743309/replay/episode_87743309.json,0.5773502691896258,
87743844,0,3,Yushin Ito,54773249,yushin_full,zip,C:\Users\shiba\ptcc_pokemon_ai_buttle\data\runs\leaderboard_top50\alakazam\20260726_yushin_ito.zip,20260726_yushin_ito/episodes/87743844/replay/episode_87743844.json,0.5773502691896258,
87744375,1,3,Yushin Ito,54773249,yushin_full,zip,C:\Users\shiba\ptcc_pokemon_ai_buttle\data\runs\leaderboard_top50\alakazam\20260726_yushin_ito.zip,20260726_yushin_ito/episodes/87744375/replay/episode_87744375.json,0.5773502691896258,
87744905,0,3,Yushin Ito,54773249,yushin_full,zip,C:\Users\shiba\ptcc_pokemon_ai_buttle\data\runs\leaderboard_top50\alakazam\20260726_yushin_ito.zip,20260726_yushin_ito/episodes/87744905/replay/episode_87744905.json,0.5773502691896258,
87745428,0,3,Yushin Ito,54773249,yushin_full,zip,C:\Users\shiba\ptcc_pokemon_ai_buttle\data\runs\leaderboard_top50\alakazam\20260726_yushin_ito.zip,20260726_yushin_ito/episodes/87745428/replay/episode_87745428.json,0.5773502691896258,
87745948,1,3,Yushin Ito,54773249,yushin_full,zip,C:\Users\shiba\ptcc_pokemon_ai_buttle\data\runs\leaderboard_top50\alakazam\20260726_yushin_ito.zip,20260726_yushin_ito/episodes/87745948/replay/episode_87745948.json,0.5773502691896258,
87745960,0,3,Yushin Ito,54773249,yushin_full,zip,C:\Users\shiba\ptcc_pokemon_ai_buttle\data\runs\leaderboard_top50\alakazam\20260726_yushin_ito.zip,20260726_yushin_ito/episodes/87745960/replay/episode_87745960.json,0.5773502691896258,
87746470,1,3,Yushin Ito,54773249,yushin_full,zip,C:\Users\shiba\ptcc_pokemon_ai_buttle\data\runs\leaderboard_top50\alakazam\20260726_yushin_ito.zip,20260726_yushin_ito/episodes/87746470/replay/episode_87746470.json,0.5773502691896258,
87747046,0,3,Yushin Ito,54773249,yushin_full,zip,C:\Users\shiba\ptcc_pokemon_ai_buttle\data\runs\leaderboard_top50\alakazam\20260726_yushin_ito.zip,20260726_yushin_ito/episodes/87747046/replay/episode_87747046.json,0.5773502691896258,
87747611,0,3,Yushin Ito,54773249,yushin_full,zip,C:\Users\shiba\ptcc_pokemon_ai_buttle\data\runs\leaderboard_top50\alakazam\20260726_yushin_ito.zip,20260726_yushin_ito/episodes/87747611/replay/episode_87747611.json,0.5773502691896258,
87747622,0,3,Yushin Ito,54773249,yushin_full,zip,C:\Users\shiba\ptcc_pokemon_ai_buttle\data\runs\leaderboard_top50\alakazam\20260726_yushin_ito.zip,20260726_yushin_ito/episodes/87747622/replay/episode_87747622.json,0.5773502691896258,
87748161,1,3,Yushin Ito,54773249,yushin_full,zip,C:\Users\shiba\ptcc_pokemon_ai_buttle\data\runs\leaderboard_top50\alakazam\20260726_yushin_ito.zip,20260726_yushin_ito/episodes/87748161/replay/episode_87748161.json,0.5773502691896258,
87748705,0,3,Yushin Ito,54773249,yushin_full,zip,C:\Users\shiba\ptcc_pokemon_ai_buttle\data\runs\leaderboard_top50\alakazam\20260726_yushin_ito.zip,20260726_yushin_ito/episodes/87748705/replay/episode_87748705.json,0.5773502691896258,
87748731,1,3,Yushin Ito,54773249,yushin_full,zip,C:\Users\shiba\ptcc_pokemon_ai_buttle\data\runs\leaderboard_top50\alakazam\20260726_yushin_ito.zip,20260726_yushin_ito/episodes/87748731/replay/episode_87748731.json,0.5773502691896258,
87749231,1,3,Yushin Ito,54773249,yushin_full,zip,C:\Users\shiba\ptcc_pokemon_ai_buttle\data\runs\leaderboard_top50\alakazam\20260726_yushin_ito.zip,20260726_yushin_ito/episodes/87749231/replay/episode_87749231.json,0.5773502691896258,
87749242,1,3,Yushin Ito,54773249,yushin_full,zip,C:\Users\shiba\ptcc_pokemon_ai_buttle\data\runs\leaderboard_top50\alakazam\20260726_yushin_ito.zip,20260726_yushin_ito/episodes/87749242/replay/episode_87749242.json,0.5773502691896258,
87749758,1,3,Yushin Ito,54773249,yushin_full,zip,C:\Users\shiba\ptcc_pokemon_ai_buttle\data\runs\leaderboard_top50\alakazam\20260726_yushin_ito.zip,20260726_yushin_ito/episodes/87749758/replay/episode_87749758.json,0.5773502691896258,
87750127,0,3,Yushin Ito,54773249,yushin_full,zip,C:\Users\shiba\ptcc_pokemon_ai_buttle\data\runs\leaderboard_top50\alakazam\20260726_yushin_ito.zip,20260726_yushin_ito/episodes/87750127/replay/episode_87750127.json,0.5773502691896258,
87750353,1,3,Yushin Ito,54773249,yushin_full,zip,C:\Users\shiba\ptcc_pokemon_ai_buttle\data\runs\leaderboard_top50\alakazam\20260726_yushin_ito.zip,20260726_yushin_ito/episodes/87750353/replay/episode_87750353.json,0.5773502691896258,
87750811,1,3,Yushin Ito,54773249,yushin_full,zip,C:\Users\shiba\ptcc_pokemon_ai_buttle\data\runs\leaderboard_top50\alakazam\20260726_yushin_ito.zip,20260726_yushin_ito/episodes/87750811/replay/episode_87750811.json,0.5773502691896258,
87750823,0,3,Yushin Ito,54773249,yushin_full,zip,C:\Users\shiba\ptcc_pokemon_ai_buttle\data\runs\leaderboard_top50\alakazam\20260726_yushin_ito.zip,20260726_yushin_ito/episodes/87750823/replay/episode_87750823.json,0.5773502691896258,
87751357,0,3,Yushin Ito,54773249,yushin_full,zip,C:\Users\shiba\ptcc_pokemon_ai_buttle\data\runs\leaderboard_top50\alakazam\20260726_yushin_ito.zip,20260726_yushin_ito/episodes/87751357/replay/episode_87751357.json,0.5773502691896258,
87751889,1,3,Yushin Ito,54773249,yushin_full,zip,C:\Users\shiba\ptcc_pokemon_ai_buttle\data\runs\leaderboard_top50\alakazam\20260726_yushin_ito.zip,20260726_yushin_ito/episodes/87751889/replay/episode_87751889.json,0.5773502691896258,
87752400,0,3,Yushin Ito,54773249,yushin_full,zip,C:\Users\shiba\ptcc_pokemon_ai_buttle\data\runs\leaderboard_top50\alakazam\20260726_yushin_ito.zip,20260726_yushin_ito/episodes/87752400/replay/episode_87752400.json,0.5773502691896258,
87752413,1,3,Yushin Ito,54773249,yushin_full,zip,C:\Users\shiba\ptcc_pokemon_ai_buttle\data\runs\leaderboard_top50\alakazam\20260726_yushin_ito.zip,20260726_yushin_ito/episodes/87752413/replay/episode_87752413.json,0.5773502691896258,
87752415,1,3,Yushin Ito,54773249,yushin_full,zip,C:\Users\shiba\ptcc_pokemon_ai_buttle\data\runs\leaderboard_top50\alakazam\20260726_yushin_ito.zip,20260726_yushin_ito/episodes/87752415/replay/episode_87752415.json,0.5773502691896258,
87752931,0,3,Yushin Ito,54773249,yushin_full,zip,C:\Users\shiba\ptcc_pokemon_ai_buttle\data\runs\leaderboard_top50\alakazam\20260726_yushin_ito.zip,20260726_yushin_ito/episodes/87752931/replay/episode_87752931.json,0.5773502691896258,
87753456,0,3,Yushin Ito,54773249,yushin_full,zip,C:\Users\shiba\ptcc_pokemon_ai_buttle\data\runs\leaderboard_top50\alakazam\20260726_yushin_ito.zip,20260726_yushin_ito/episodes/87753456/replay/episode_87753456.json,0.5773502691896258,
87753987,1,3,Yushin Ito,54773249,yushin_full,zip,C:\Users\shiba\ptcc_pokemon_ai_buttle\data\runs\leaderboard_top50\alakazam\20260726_yushin_ito.zip,20260726_yushin_ito/episodes/87753987/replay/episode_87753987.json,0.5773502691896258,
87754522,0,3,Yushin Ito,54773249,yushin_full,zip,C:\Users\shiba\ptcc_pokemon_ai_buttle\data\runs\leaderboard_top50\alakazam\20260726_yushin_ito.zip,20260726_yushin_ito/episodes/87754522/replay/episode_87754522.json,0.5773502691896258,
87754961,0,3,Yushin Ito,54773249,yushin_full,zip,C:\Users\shiba\ptcc_pokemon_ai_buttle\data\runs\leaderboard_top50\alakazam\20260726_yushin_ito.zip,20260726_yushin_ito/episodes/87754961/replay/episode_87754961.json,0.5773502691896258,
87755041,0,3,Yushin Ito,54773249,yushin_full,zip,C:\Users\shiba\ptcc_pokemon_ai_buttle\data\runs\leaderboard_top50\alakazam\20260726_yushin_ito.zip,20260726_yushin_ito/episodes/87755041/replay/episode_87755041.json,0.5773502691896258,
87755572,0,3,Yushin Ito,54773249,yushin_full,zip,C:\Users\shiba\ptcc_pokemon_ai_buttle\data\runs\leaderboard_top50\alakazam\20260726_yushin_ito.zip,20260726_yushin_ito/episodes/87755572/replay/episode_87755572.json,0.5773502691896258,
87756104,0,3,Yushin Ito,54773249,yushin_full,zip,C:\Users\shiba\ptcc_pokemon_ai_buttle\data\runs\leaderboard_top50\alakazam\20260726_yushin_ito.zip,20260726_yushin_ito/episodes/87756104/replay/episode_87756104.json,0.5773502691896258,
87756118,0,3,Yushin Ito,54773249,yushin_full,zip,C:\Users\shiba\ptcc_pokemon_ai_buttle\data\runs\leaderboard_top50\alakazam\20260726_yushin_ito.zip,20260726_yushin_ito/episodes/87756118/replay/episode_87756118.json,0.5773502691896258,
87756690,1,3,Yushin Ito,54773249,yushin_full,zip,C:\Users\shiba\ptcc_pokemon_ai_buttle\data\runs\leaderboard_top50\alakazam\20260726_yushin_ito.zip,20260726_yushin_ito/episodes/87756690/replay/episode_87756690.json,0.5773502691896258,
87757177,1,3,Yushin Ito,54773249,yushin_full,zip,C:\Users\shiba\ptcc_pokemon_ai_buttle\data\runs\leaderboard_top50\alakazam\20260726_yushin_ito.zip,20260726_yushin_ito/episodes/87757177/replay/episode_87757177.json,0.5773502691896258,
87757694,1,3,Yushin Ito,54773249,yushin_full,zip,C:\Users\shiba\ptcc_pokemon_ai_buttle\data\runs\leaderboard_top50\alakazam\20260726_yushin_ito.zip,20260726_yushin_ito/episodes/87757694/replay/episode_87757694.json,0.5773502691896258,
87758253,0,3,Yushin Ito,54773249,yushin_full,zip,C:\Users\shiba\ptcc_pokemon_ai_buttle\data\runs\leaderboard_top50\alakazam\20260726_yushin_ito.zip,20260726_yushin_ito/episodes/87758253/replay/episode_87758253.json,0.5773502691896258,
87758743,1,3,Yushin Ito,54773249,yushin_full,zip,C:\Users\shiba\ptcc_pokemon_ai_buttle\data\runs\leaderboard_top50\alakazam\20260726_yushin_ito.zip,20260726_yushin_ito/episodes/87758743/replay/episode_87758743.json,0.5773502691896258,
87759264,1,3,Yushin Ito,54773249,yushin_full,zip,C:\Users\shiba\ptcc_pokemon_ai_buttle\data\runs\leaderboard_top50\alakazam\20260726_yushin_ito.zip,20260726_yushin_ito/episodes/87759264/replay/episode_87759264.json,0.5773502691896258,
87759788,0,3,Yushin Ito,54773249,yushin_full,zip,C:\Users\shiba\ptcc_pokemon_ai_buttle\data\runs\leaderboard_top50\alakazam\20260726_yushin_ito.zip,20260726_yushin_ito/episodes/87759788/replay/episode_87759788.json,0.5773502691896258,
87760314,0,3,Yushin Ito,54773249,yushin_full,zip,C:\Users\shiba\ptcc_pokemon_ai_buttle\data\runs\leaderboard_top50\alakazam\20260726_yushin_ito.zip,20260726_yushin_ito/episodes/87760314/replay/episode_87760314.json,0.5773502691896258,
87760838,0,3,Yushin Ito,54773249,yushin_full,zip,C:\Users\shiba\ptcc_pokemon_ai_buttle\data\runs\leaderboard_top50\alakazam\20260726_yushin_ito.zip,20260726_yushin_ito/episodes/87760838/replay/episode_87760838.json,0.5773502691896258,
87760847,0,3,Yushin Ito,54773249,yushin_full,zip,C:\Users\shiba\ptcc_pokemon_ai_buttle\data\runs\leaderboard_top50\alakazam\20260726_yushin_ito.zip,20260726_yushin_ito/episodes/87760847/replay/episode_87760847.json,0.5773502691896258,
87761351,1,3,Yushin Ito,54773249,yushin_full,zip,C:\Users\shiba\ptcc_pokemon_ai_buttle\data\runs\leaderboard_top50\alakazam\20260726_yushin_ito.zip,20260726_yushin_ito/episodes/87761351/replay/episode_87761351.json,0.5773502691896258,
87761388,1,3,Yushin Ito,54773249,yushin_full,zip,C:\Users\shiba\ptcc_pokemon_ai_buttle\data\runs\leaderboard_top50\alakazam\20260726_yushin_ito.zip,20260726_yushin_ito/episodes/87761388/replay/episode_87761388.json,0.5773502691896258,
87761872,0,3,Yushin Ito,54773249,yushin_full,zip,C:\Users\shiba\ptcc_pokemon_ai_buttle\data\runs\leaderboard_top50\alakazam\20260726_yushin_ito.zip,20260726_yushin_ito/episodes/87761872/replay/episode_87761872.json,0.5773502691896258,
87762398,0,3,Yushin Ito,54773249,yushin_full,zip,C:\Users\shiba\ptcc_pokemon_ai_buttle\data\runs\leaderboard_top50\alakazam\20260726_yushin_ito.zip,20260726_yushin_ito/episodes/87762398/replay/episode_87762398.json,0.5773502691896258,
87762926,0,3,Yushin Ito,54773249,yushin_full,zip,C:\Users\shiba\ptcc_pokemon_ai_buttle\data\runs\leaderboard_top50\alakazam\20260726_yushin_ito.zip,20260726_yushin_ito/episodes/87762926/replay/episode_87762926.json,0.5773502691896258,
87763467,1,3,Yushin Ito,54773249,yushin_full,zip,C:\Users\shiba\ptcc_pokemon_ai_buttle\data\runs\leaderboard_top50\alakazam\20260726_yushin_ito.zip,20260726_yushin_ito/episodes/87763467/replay/episode_87763467.json,0.5773502691896258,
87763990,0,3,Yushin Ito,54773249,yushin_full,zip,C:\Users\shiba\ptcc_pokemon_ai_buttle\data\runs\leaderboard_top50\alakazam\20260726_yushin_ito.zip,20260726_yushin_ito/episodes/87763990/replay/episode_87763990.json,0.5773502691896258,
87764524,0,3,Yushin Ito,54773249,yushin_full,zip,C:\Users\shiba\ptcc_pokemon_ai_buttle\data\runs\leaderboard_top50\alakazam\20260726_yushin_ito.zip,20260726_yushin_ito/episodes/87764524/replay/episode_87764524.json,0.5773502691896258,
87765048,0,3,Yushin Ito,54773249,yushin_full,zip,C:\Users\shiba\ptcc_pokemon_ai_buttle\data\runs\leaderboard_top50\alakazam\20260726_yushin_ito.zip,20260726_yushin_ito/episodes/87765048/replay/episode_87765048.json,0.5773502691896258,
87765570,0,3,Yushin Ito,54773249,yushin_full,zip,C:\Users\shiba\ptcc_pokemon_ai_buttle\data\runs\leaderboard_top50\alakazam\20260726_yushin_ito.zip,20260726_yushin_ito/episodes/87765570/replay/episode_87765570.json,0.5773502691896258,
87766091,1,3,Yushin Ito,54773249,yushin_full,zip,C:\Users\shiba\ptcc_pokemon_ai_buttle\data\runs\leaderboard_top50\alakazam\20260726_yushin_ito.zip,20260726_yushin_ito/episodes/87766091/replay/episode_87766091.json,0.5773502691896258,
87766610,1,3,Yushin Ito,54773249,yushin_full,zip,C:\Users\shiba\ptcc_pokemon_ai_buttle\data\runs\leaderboard_top50\alakazam\20260726_yushin_ito.zip,20260726_yushin_ito/episodes/87766610/replay/episode_87766610.json,0.5773502691896258,
87767126,0,3,Yushin Ito,54773249,yushin_full,zip,C:\Users\shiba\ptcc_pokemon_ai_buttle\data\runs\leaderboard_top50\alakazam\20260726_yushin_ito.zip,20260726_yushin_ito/episodes/87767126/replay/episode_87767126.json,0.5773502691896258,
87767142,0,3,Yushin Ito,54773249,yushin_full,zip,C:\Users\shiba\ptcc_pokemon_ai_buttle\data\runs\leaderboard_top50\alakazam\20260726_yushin_ito.zip,20260726_yushin_ito/episodes/87767142/replay/episode_87767142.json,0.5773502691896258,
87767658,0,3,Yushin Ito,54773249,yushin_full,zip,C:\Users\shiba\ptcc_pokemon_ai_buttle\data\runs\leaderboard_top50\alakazam\20260726_yushin_ito.zip,20260726_yushin_ito/episodes/87767658/replay/episode_87767658.json,0.5773502691896258,
87768179,0,3,Yushin Ito,54773249,yushin_full,zip,C:\Users\shiba\ptcc_pokemon_ai_buttle\data\runs\leaderboard_top50\alakazam\20260726_yushin_ito.zip,20260726_yushin_ito/episodes/87768179/replay/episode_87768179.json,0.5773502691896258,
87768696,1,3,Yushin Ito,54773249,yushin_full,zip,C:\Users\shiba\ptcc_pokemon_ai_buttle\data\runs\leaderboard_top50\alakazam\20260726_yushin_ito.zip,20260726_yushin_ito/episodes/87768696/replay/episode_87768696.json,0.5773502691896258,
87769218,1,3,Yushin Ito,54773249,yushin_full,zip,C:\Users\shiba\ptcc_pokemon_ai_buttle\data\runs\leaderboard_top50\alakazam\20260726_yushin_ito.zip,20260726_yushin_ito/episodes/87769218/replay/episode_87769218.json,0.5773502691896258,
87769732,1,3,Yushin Ito,54773249,yushin_full,zip,C:\Users\shiba\ptcc_pokemon_ai_buttle\data\runs\leaderboard_top50\alakazam\20260726_yushin_ito.zip,20260726_yushin_ito/episodes/87769732/replay/episode_87769732.json,0.5773502691896258,
87770187,0,3,Yushin Ito,54773249,yushin_full,zip,C:\Users\shiba\ptcc_pokemon_ai_buttle\data\runs\leaderboard_top50\alakazam\20260726_yushin_ito.zip,20260726_yushin_ito/episodes/87770187/replay/episode_87770187.json,0.5773502691896258,
87770719,1,3,Yushin Ito,54773249,yushin_full,zip,C:\Users\shiba\ptcc_pokemon_ai_buttle\data\runs\leaderboard_top50\alakazam\20260726_yushin_ito.zip,20260726_yushin_ito/episodes/87770719/replay/episode_87770719.json,0.5773502691896258,
87771248,0,3,Yushin Ito,54773249,yushin_full,zip,C:\Users\shiba\ptcc_pokemon_ai_buttle\data\runs\leaderboard_top50\alakazam\20260726_yushin_ito.zip,20260726_yushin_ito/episodes/87771248/replay/episode_87771248.json,0.5773502691896258,
87771784,0,3,Yushin Ito,54773249,yushin_full,zip,C:\Users\shiba\ptcc_pokemon_ai_buttle\data\runs\leaderboard_top50\alakazam\20260726_yushin_ito.zip,20260726_yushin_ito/episodes/87771784/replay/episode_87771784.json,0.5773502691896258,
87772297,0,3,Yushin Ito,54773249,yushin_full,zip,C:\Users\shiba\ptcc_pokemon_ai_buttle\data\runs\leaderboard_top50\alakazam\20260726_yushin_ito.zip,20260726_yushin_ito/episodes/87772297/replay/episode_87772297.json,0.5773502691896258,
87772304,1,3,Yushin Ito,54773249,yushin_full,zip,C:\Users\shiba\ptcc_pokemon_ai_buttle\data\runs\leaderboard_top50\alakazam\20260726_yushin_ito.zip,20260726_yushin_ito/episodes/87772304/replay/episode_87772304.json,0.5773502691896258,
87772307,0,3,Yushin Ito,54773249,yushin_full,zip,C:\Users\shiba\ptcc_pokemon_ai_buttle\data\runs\leaderboard_top50\alakazam\20260726_yushin_ito.zip,20260726_yushin_ito/episodes/87772307/replay/episode_87772307.json,0.5773502691896258,
87772828,1,3,Yushin Ito,54773249,yushin_full,zip,C:\Users\shiba\ptcc_pokemon_ai_buttle\data\runs\leaderboard_top50\alakazam\20260726_yushin_ito.zip,20260726_yushin_ito/episodes/87772828/replay/episode_87772828.json,0.5773502691896258,
87773356,1,3,Yushin Ito,54773249,yushin_full,zip,C:\Users\shiba\ptcc_pokemon_ai_buttle\data\runs\leaderboard_top50\alakazam\20260726_yushin_ito.zip,20260726_yushin_ito/episodes/87773356/replay/episode_87773356.json,0.5773502691896258,
87773358,0,3,Yushin Ito,54773249,yushin_full,zip,C:\Users\shiba\ptcc_pokemon_ai_buttle\data\runs\leaderboard_top50\alakazam\20260726_yushin_ito.zip,20260726_yushin_ito/episodes/87773358/replay/episode_87773358.json,0.5773502691896258,
87773893,1,3,Yushin Ito,54773249,yushin_full,zip,C:\Users\shiba\ptcc_pokemon_ai_buttle\data\runs\leaderboard_top50\alakazam\20260726_yushin_ito.zip,20260726_yushin_ito/episodes/87773893/replay/episode_87773893.json,0.5773502691896258,
87773928,1,3,Yushin Ito,54773249,yushin_full,zip,C:\Users\shiba\ptcc_pokemon_ai_buttle\data\runs\leaderboard_top50\alakazam\20260726_yushin_ito.zip,20260726_yushin_ito/episodes/87773928/replay/episode_87773928.json,0.5773502691896258,
87774418,0,3,Yushin Ito,54773249,yushin_full,zip,C:\Users\shiba\ptcc_pokemon_ai_buttle\data\runs\leaderboard_top50\alakazam\20260726_yushin_ito.zip,20260726_yushin_ito/episodes/87774418/replay/episode_87774418.json,0.5773502691896258,
87774947,1,3,Yushin Ito,54773249,yushin_full,zip,C:\Users\shiba\ptcc_pokemon_ai_buttle\data\runs\leaderboard_top50\alakazam\20260726_yushin_ito.zip,20260726_yushin_ito/episodes/87774947/replay/episode_87774947.json,0.5773502691896258,
87775464,1,3,Yushin Ito,54773249,yushin_full,zip,C:\Users\shiba\ptcc_pokemon_ai_buttle\data\runs\leaderboard_top50\alakazam\20260726_yushin_ito.zip,20260726_yushin_ito/episodes/87775464/replay/episode_87775464.json,0.5773502691896258,
87775986,0,3,Yushin Ito,54773249,yushin_full,zip,C:\Users\shiba\ptcc_pokemon_ai_buttle\data\runs\leaderboard_top50\alakazam\20260726_yushin_ito.zip,20260726_yushin_ito/episodes/87775986/replay/episode_87775986.json,0.5773502691896258,
87776514,1,3,Yushin Ito,54773249,yushin_full,zip,C:\Users\shiba\ptcc_pokemon_ai_buttle\data\runs\leaderboard_top50\alakazam\20260726_yushin_ito.zip,20260726_yushin_ito/episodes/87776514/replay/episode_87776514.json,0.5773502691896258,
87777036,1,3,Yushin Ito,54773249,yushin_full,zip,C:\Users\shiba\ptcc_pokemon_ai_buttle\data\runs\leaderboard_top50\alakazam\20260726_yushin_ito.zip,20260726_yushin_ito/episodes/87777036/replay/episode_87777036.json,0.5773502691896258,
87777039,0,3,Yushin Ito,54773249,yushin_full,zip,C:\Users\shiba\ptcc_pokemon_ai_buttle\data\runs\leaderboard_top50\alakazam\20260726_yushin_ito.zip,20260726_yushin_ito/episodes/87777039/replay/episode_87777039.json,0.5773502691896258,
87777567,0,3,Yushin Ito,54773249,yushin_full,zip,C:\Users\shiba\ptcc_pokemon_ai_buttle\data\runs\leaderboard_top50\alakazam\20260726_yushin_ito.zip,20260726_yushin_ito/episodes/87777567/replay/episode_87777567.json,0.5773502691896258,
87778095,0,3,Yushin Ito,54773249,yushin_full,zip,C:\Users\shiba\ptcc_pokemon_ai_buttle\data\runs\leaderboard_top50\alakazam\20260726_yushin_ito.zip,20260726_yushin_ito/episodes/87778095/replay/episode_87778095.json,0.5773502691896258,
87778622,1,3,Yushin Ito,54773249,yushin_full,zip,C:\Users\shiba\ptcc_pokemon_ai_buttle\data\runs\leaderboard_top50\alakazam\20260726_yushin_ito.zip,20260726_yushin_ito/episodes/87778622/replay/episode_87778622.json,0.5773502691896258,
87779155,0,3,Yushin Ito,54773249,yushin_full,zip,C:\Users\shiba\ptcc_pokemon_ai_buttle\data\runs\leaderboard_top50\alakazam\20260726_yushin_ito.zip,20260726_yushin_ito/episodes/87779155/replay/episode_87779155.json,0.5773502691896258,
87779676,0,3,Yushin Ito,54773249,yushin_full,zip,C:\Users\shiba\ptcc_pokemon_ai_buttle\data\runs\leaderboard_top50\alakazam\20260726_yushin_ito.zip,20260726_yushin_ito/episodes/87779676/replay/episode_87779676.json,0.5773502691896258,
87780197,1,3,Yushin Ito,54773249,yushin_full,zip,C:\Users\shiba\ptcc_pokemon_ai_buttle\data\runs\leaderboard_top50\alakazam\20260726_yushin_ito.zip,20260726_yushin_ito/episodes/87780197/replay/episode_87780197.json,0.5773502691896258,
87780200,1,3,Yushin Ito,54773249,yushin_full,zip,C:\Users\shiba\ptcc_pokemon_ai_buttle\data\runs\leaderboard_top50\alakazam\20260726_yushin_ito.zip,20260726_yushin_ito/episodes/87780200/replay/episode_87780200.json,0.5773502691896258,
87780728,0,3,Yushin Ito,54773249,yushin_full,zip,C:\Users\shiba\ptcc_pokemon_ai_buttle\data\runs\leaderboard_top50\alakazam\20260726_yushin_ito.zip,20260726_yushin_ito/episodes/87780728/replay/episode_87780728.json,0.5773502691896258,
87781249,1,3,Yushin Ito,54773249,yushin_full,zip,C:\Users\shiba\ptcc_pokemon_ai_buttle\data\runs\leaderboard_top50\alakazam\20260726_yushin_ito.zip,20260726_yushin_ito/episodes/87781249/replay/episode_87781249.json,0.5773502691896258,
87781776,0,3,Yushin Ito,54773249,yushin_full,zip,C:\Users\shiba\ptcc_pokemon_ai_buttle\data\runs\leaderboard_top50\alakazam\20260726_yushin_ito.zip,20260726_yushin_ito/episodes/87781776/replay/episode_87781776.json,0.5773502691896258,
87781778,1,3,Yushin Ito,54773249,yushin_full,zip,C:\Users\shiba\ptcc_pokemon_ai_buttle\data\runs\leaderboard_top50\alakazam\20260726_yushin_ito.zip,20260726_yushin_ito/episodes/87781778/replay/episode_87781778.json,0.5773502691896258,
87782299,0,3,Yushin Ito,54773249,yushin_full,zip,C:\Users\shiba\ptcc_pokemon_ai_buttle\data\runs\leaderboard_top50\alakazam\20260726_yushin_ito.zip,20260726_yushin_ito/episodes/87782299/replay/episode_87782299.json,0.5773502691896258,
87782820,0,3,Yushin Ito,54773249,yushin_full,zip,C:\Users\shiba\ptcc_pokemon_ai_buttle\data\runs\leaderboard_top50\alakazam\20260726_yushin_ito.zip,20260726_yushin_ito/episodes/87782820/replay/episode_87782820.json,0.5773502691896258,
87783365,0,3,Yushin Ito,54773249,yushin_full,zip,C:\Users\shiba\ptcc_pokemon_ai_buttle\data\runs\leaderboard_top50\alakazam\20260726_yushin_ito.zip,20260726_yushin_ito/episodes/87783365/replay/episode_87783365.json,0.5773502691896258,
87783888,1,3,Yushin Ito,54773249,yushin_full,zip,C:\Users\shiba\ptcc_pokemon_ai_buttle\data\runs\leaderboard_top50\alakazam\20260726_yushin_ito.zip,20260726_yushin_ito/episodes/87783888/replay/episode_87783888.json,0.5773502691896258,
87784413,1,3,Yushin Ito,54773249,yushin_full,zip,C:\Users\shiba\ptcc_pokemon_ai_buttle\data\runs\leaderboard_top50\alakazam\20260726_yushin_ito.zip,20260726_yushin_ito/episodes/87784413/replay/episode_87784413.json,0.5773502691896258,
87784941,1,3,Yushin Ito,54773249,yushin_full,zip,C:\Users\shiba\ptcc_pokemon_ai_buttle\data\runs\leaderboard_top50\alakazam\20260726_yushin_ito.zip,20260726_yushin_ito/episodes/87784941/replay/episode_87784941.json,0.5773502691896258,
87784945,0,3,Yushin Ito,54773249,yushin_full,zip,C:\Users\shiba\ptcc_pokemon_ai_buttle\data\runs\leaderboard_top50\alakazam\20260726_yushin_ito.zip,20260726_yushin_ito/episodes/87784945/replay/episode_87784945.json,0.5773502691896258,
87785476,1,3,Yushin Ito,54773249,yushin_full,zip,C:\Users\shiba\ptcc_pokemon_ai_buttle\data\runs\leaderboard_top50\alakazam\20260726_yushin_ito.zip,20260726_yushin_ito/episodes/87785476/replay/episode_87785476.json,0.5773502691896258,
87785994,1,3,Yushin Ito,54773249,yushin_full,zip,C:\Users\shiba\ptcc_pokemon_ai_buttle\data\runs\leaderboard_top50\alakazam\20260726_yushin_ito.zip,20260726_yushin_ito/episodes/87785994/replay/episode_87785994.json,0.5773502691896258,
87786521,1,3,Yushin Ito,54773249,yushin_full,zip,C:\Users\shiba\ptcc_pokemon_ai_buttle\data\runs\leaderboard_top50\alakazam\20260726_yushin_ito.zip,20260726_yushin_ito/episodes/87786521/replay/episode_87786521.json,0.5773502691896258,
87786531,0,3,Yushin Ito,54773249,yushin_full,zip,C:\Users\shiba\ptcc_pokemon_ai_buttle\data\runs\leaderboard_top50\alakazam\20260726_yushin_ito.zip,20260726_yushin_ito/episodes/87786531/replay/episode_87786531.json,0.5773502691896258,
87786536,0,3,Yushin Ito,54773249,yushin_full,zip,C:\Users\shiba\ptcc_pokemon_ai_buttle\data\runs\leaderboard_top50\alakazam\20260726_yushin_ito.zip,20260726_yushin_ito/episodes/87786536/replay/episode_87786536.json,0.5773502691896258,
87787102,0,3,Yushin Ito,54773249,yushin_full,zip,C:\Users\shiba\ptcc_pokemon_ai_buttle\data\runs\leaderboard_top50\alakazam\20260726_yushin_ito.zip,20260726_yushin_ito/episodes/87787102/replay/episode_87787102.json,0.5773502691896258,
87787641,1,3,Yushin Ito,54773249,yushin_full,zip,C:\Users\shiba\ptcc_pokemon_ai_buttle\data\runs\leaderboard_top50\alakazam\20260726_yushin_ito.zip,20260726_yushin_ito/episodes/87787641/replay/episode_87787641.json,0.5773502691896258,
87788156,0,3,Yushin Ito,54773249,yushin_full,zip,C:\Users\shiba\ptcc_pokemon_ai_buttle\data\runs\leaderboard_top50\alakazam\20260726_yushin_ito.zip,20260726_yushin_ito/episodes/87788156/replay/episode_87788156.json,0.5773502691896258,
87789139,1,3,Yushin Ito,54773249,yushin_full,zip,C:\Users\shiba\ptcc_pokemon_ai_buttle\data\runs\leaderboard_top50\alakazam\20260726_yushin_ito.zip,20260726_yushin_ito/episodes/87789139/replay/episode_87789139.json,0.5773502691896258,
87789708,0,3,Yushin Ito,54773249,yushin_full,zip,C:\Users\shiba\ptcc_pokemon_ai_buttle\data\runs\leaderboard_top50\alakazam\20260726_yushin_ito.zip,20260726_yushin_ito/episodes/87789708/replay/episode_87789708.json,0.5773502691896258,
87790180,1,3,Yushin Ito,54773249,yushin_full,zip,C:\Users\shiba\ptcc_pokemon_ai_buttle\data\runs\leaderboard_top50\alakazam\20260726_yushin_ito.zip,20260726_yushin_ito/episodes/87790180/replay/episode_87790180.json,0.5773502691896258,
87790258,0,3,Yushin Ito,54773249,yushin_full,zip,C:\Users\shiba\ptcc_pokemon_ai_buttle\data\runs\leaderboard_top50\alakazam\20260726_yushin_ito.zip,20260726_yushin_ito/episodes/87790258/replay/episode_87790258.json,0.5773502691896258,
87790745,1,3,Yushin Ito,54773249,yushin_full,zip,C:\Users\shiba\ptcc_pokemon_ai_buttle\data\runs\leaderboard_top50\alakazam\20260726_yushin_ito.zip,20260726_yushin_ito/episodes/87790745/replay/episode_87790745.json,0.5773502691896258,
87791293,0,3,Yushin Ito,54773249,yushin_full,zip,C:\Users\shiba\ptcc_pokemon_ai_buttle\data\runs\leaderboard_top50\alakazam\20260726_yushin_ito.zip,20260726_yushin_ito/episodes/87791293/replay/episode_87791293.json,0.5773502691896258,
87791764,1,3,Yushin Ito,54773249,yushin_full,zip,C:\Users\shiba\ptcc_pokemon_ai_buttle\data\runs\leaderboard_top50\alakazam\20260726_yushin_ito.zip,20260726_yushin_ito/episodes/87791764/replay/episode_87791764.json,0.5773502691896258,
87791793,1,3,Yushin Ito,54773249,yushin_full,zip,C:\Users\shiba\ptcc_pokemon_ai_buttle\data\runs\leaderboard_top50\alakazam\20260726_yushin_ito.zip,20260726_yushin_ito/episodes/87791793/replay/episode_87791793.json,0.5773502691896258,
87792307,1,3,Yushin Ito,54773249,yushin_full,zip,C:\Users\shiba\ptcc_pokemon_ai_buttle\data\runs\leaderboard_top50\alakazam\20260726_yushin_ito.zip,20260726_yushin_ito/episodes/87792307/replay/episode_87792307.json,0.5773502691896258,
87792804,1,3,Yushin Ito,54773249,yushin_full,zip,C:\Users\shiba\ptcc_pokemon_ai_buttle\data\runs\leaderboard_top50\alakazam\20260726_yushin_ito.zip,20260726_yushin_ito/episodes/87792804/replay/episode_87792804.json,0.5773502691896258,
87793311,0,3,Yushin Ito,54773249,yushin_full,zip,C:\Users\shiba\ptcc_pokemon_ai_buttle\data\runs\leaderboard_top50\alakazam\20260726_yushin_ito.zip,20260726_yushin_ito/episodes/87793311/replay/episode_87793311.json,0.5773502691896258,
87793315,1,3,Yushin Ito,54773249,yushin_full,zip,C:\Users\shiba\ptcc_pokemon_ai_buttle\data\runs\leaderboard_top50\alakazam\20260726_yushin_ito.zip,20260726_yushin_ito/episodes/87793315/replay/episode_87793315.json,0.5773502691896258,
87793849,0,3,Yushin Ito,54773249,yushin_full,zip,C:\Users\shiba\ptcc_pokemon_ai_buttle\data\runs\leaderboard_top50\alakazam\20260726_yushin_ito.zip,20260726_yushin_ito/episodes/87793849/replay/episode_87793849.json,0.5773502691896258,
87794388,0,3,Yushin Ito,54773249,yushin_full,zip,C:\Users\shiba\ptcc_pokemon_ai_buttle\data\runs\leaderboard_top50\alakazam\20260726_yushin_ito.zip,20260726_yushin_ito/episodes/87794388/replay/episode_87794388.json,0.5773502691896258,
87794923,1,3,Yushin Ito,54773249,yushin_full,zip,C:\Users\shiba\ptcc_pokemon_ai_buttle\data\runs\leaderboard_top50\alakazam\20260726_yushin_ito.zip,20260726_yushin_ito/episodes/87794923/replay/episode_87794923.json,0.5773502691896258,
87795456,0,3,Yushin Ito,54773249,yushin_full,zip,C:\Users\shiba\ptcc_pokemon_ai_buttle\data\runs\leaderboard_top50\alakazam\20260726_yushin_ito.zip,20260726_yushin_ito/episodes/87795456/replay/episode_87795456.json,0.5773502691896258,
87795912,1,3,Yushin Ito,54773249,yushin_full,zip,C:\Users\shiba\ptcc_pokemon_ai_buttle\data\runs\leaderboard_top50\alakazam\20260726_yushin_ito.zip,20260726_yushin_ito/episodes/87795912/replay/episode_87795912.json,0.5773502691896258,
87795986,1,3,Yushin Ito,54773249,yushin_full,zip,C:\Users\shiba\ptcc_pokemon_ai_buttle\data\runs\leaderboard_top50\alakazam\20260726_yushin_ito.zip,20260726_yushin_ito/episodes/87795986/replay/episode_87795986.json,0.5773502691896258,
87796495,0,3,Yushin Ito,54773249,yushin_full,zip,C:\Users\shiba\ptcc_pokemon_ai_buttle\data\runs\leaderboard_top50\alakazam\20260726_yushin_ito.zip,20260726_yushin_ito/episodes/87796495/replay/episode_87796495.json,0.5773502691896258,
87797009,0,3,Yushin Ito,54773249,yushin_full,zip,C:\Users\shiba\ptcc_pokemon_ai_buttle\data\runs\leaderboard_top50\alakazam\20260726_yushin_ito.zip,20260726_yushin_ito/episodes/87797009/replay/episode_87797009.json,0.5773502691896258,
87797306,0,3,Yushin Ito,54773249,yushin_full,zip,C:\Users\shiba\ptcc_pokemon_ai_buttle\data\runs\leaderboard_top50\alakazam\20260726_yushin_ito.zip,20260726_yushin_ito/episodes/87797306/replay/episode_87797306.json,0.5773502691896258,
87798078,1,3,Yushin Ito,54773249,yushin_full,zip,C:\Users\shiba\ptcc_pokemon_ai_buttle\data\runs\leaderboard_top50\alakazam\20260726_yushin_ito.zip,20260726_yushin_ito/episodes/87798078/replay/episode_87798078.json,0.5773502691896258,
87798596,0,3,Yushin Ito,54773249,yushin_full,zip,C:\Users\shiba\ptcc_pokemon_ai_buttle\data\runs\leaderboard_top50\alakazam\20260726_yushin_ito.zip,20260726_yushin_ito/episodes/87798596/replay/episode_87798596.json,0.5773502691896258,
87799096,1,3,Yushin Ito,54773249,yushin_full,zip,C:\Users\shiba\ptcc_pokemon_ai_buttle\data\runs\leaderboard_top50\alakazam\20260726_yushin_ito.zip,20260726_yushin_ito/episodes/87799096/replay/episode_87799096.json,0.5773502691896258,
87799109,1,3,Yushin Ito,54773249,yushin_full,zip,C:\Users\shiba\ptcc_pokemon_ai_buttle\data\runs\leaderboard_top50\alakazam\20260726_yushin_ito.zip,20260726_yushin_ito/episodes/87799109/replay/episode_87799109.json,0.5773502691896258,
87799122,1,3,Yushin Ito,54773249,yushin_full,zip,C:\Users\shiba\ptcc_pokemon_ai_buttle\data\runs\leaderboard_top50\alakazam\20260726_yushin_ito.zip,20260726_yushin_ito/episodes/87799122/replay/episode_87799122.json,0.5773502691896258,
87799624,1,3,Yushin Ito,54773249,yushin_full,zip,C:\Users\shiba\ptcc_pokemon_ai_buttle\data\runs\leaderboard_top50\alakazam\20260726_yushin_ito.zip,20260726_yushin_ito/episodes/87799624/replay/episode_87799624.json,0.5773502691896258,
87799652,0,3,Yushin Ito,54773249,yushin_full,zip,C:\Users\shiba\ptcc_pokemon_ai_buttle\data\runs\leaderboard_top50\alakazam\20260726_yushin_ito.zip,20260726_yushin_ito/episodes/87799652/replay/episode_87799652.json,0.5773502691896258,
87800187,0,3,Yushin Ito,54773249,yushin_full,zip,C:\Users\shiba\ptcc_pokemon_ai_buttle\data\runs\leaderboard_top50\alakazam\20260726_yushin_ito.zip,20260726_yushin_ito/episodes/87800187/replay/episode_87800187.json,0.5773502691896258,
87800648,0,3,Yushin Ito,54773249,yushin_full,zip,C:\Users\shiba\ptcc_pokemon_ai_buttle\data\runs\leaderboard_top50\alakazam\20260726_yushin_ito.zip,20260726_yushin_ito/episodes/87800648/replay/episode_87800648.json,0.5773502691896258,
87800716,0,3,Yushin Ito,54773249,yushin_full,zip,C:\Users\shiba\ptcc_pokemon_ai_buttle\data\runs\leaderboard_top50\alakazam\20260726_yushin_ito.zip,20260726_yushin_ito/episodes/87800716/replay/episode_87800716.json,0.5773502691896258,
87801193,0,3,Yushin Ito,54773249,yushin_full,zip,C:\Users\shiba\ptcc_pokemon_ai_buttle\data\runs\leaderboard_top50\alakazam\20260726_yushin_ito.zip,20260726_yushin_ito/episodes/87801193/replay/episode_87801193.json,0.5773502691896258,
87801210,0,3,Yushin Ito,54773249,yushin_full,zip,C:\Users\shiba\ptcc_pokemon_ai_buttle\data\runs\leaderboard_top50\alakazam\20260726_yushin_ito.zip,20260726_yushin_ito/episodes/87801210/replay/episode_87801210.json,0.5773502691896258,
87801720,1,3,Yushin Ito,54773249,yushin_full,zip,C:\Users\shiba\ptcc_pokemon_ai_buttle\data\runs\leaderboard_top50\alakazam\20260726_yushin_ito.zip,20260726_yushin_ito/episodes/87801720/replay/episode_87801720.json,0.5773502691896258,
87801723,1,3,Yushin Ito,54773249,yushin_full,zip,C:\Users\shiba\ptcc_pokemon_ai_buttle\data\runs\leaderboard_top50\alakazam\20260726_yushin_ito.zip,20260726_yushin_ito/episodes/87801723/replay/episode_87801723.json,0.5773502691896258,
87802245,0,3,Yushin Ito,54773249,yushin_full,zip,C:\Users\shiba\ptcc_pokemon_ai_buttle\data\runs\leaderboard_top50\alakazam\20260726_yushin_ito.zip,20260726_yushin_ito/episodes/87802245/replay/episode_87802245.json,0.5773502691896258,
87802336,0,3,Yushin Ito,54773249,yushin_full,zip,C:\Users\shiba\ptcc_pokemon_ai_buttle\data\runs\leaderboard_top50\alakazam\20260726_yushin_ito.zip,20260726_yushin_ito/episodes/87802336/replay/episode_87802336.json,0.5773502691896258,
87802771,1,3,Yushin Ito,54773249,yushin_full,zip,C:\Users\shiba\ptcc_pokemon_ai_buttle\data\runs\leaderboard_top50\alakazam\20260726_yushin_ito.zip,20260726_yushin_ito/episodes/87802771/replay/episode_87802771.json,0.5773502691896258,
87803300,0,3,Yushin Ito,54773249,yushin_full,zip,C:\Users\shiba\ptcc_pokemon_ai_buttle\data\runs\leaderboard_top50\alakazam\20260726_yushin_ito.zip,20260726_yushin_ito/episodes/87803300/replay/episode_87803300.json,0.5773502691896258,
87803339,0,3,Yushin Ito,54773249,yushin_full,zip,C:\Users\shiba\ptcc_pokemon_ai_buttle\data\runs\leaderboard_top50\alakazam\20260726_yushin_ito.zip,20260726_yushin_ito/episodes/87803339/replay/episode_87803339.json,0.5773502691896258,
87803408,0,3,Yushin Ito,54773249,yushin_full,zip,C:\Users\shiba\ptcc_pokemon_ai_buttle\data\runs\leaderboard_top50\alakazam\20260726_yushin_ito.zip,20260726_yushin_ito/episodes/87803408/replay/episode_87803408.json,0.5773502691896258,
87803808,1,3,Yushin Ito,54773249,yushin_full,zip,C:\Users\shiba\ptcc_pokemon_ai_buttle\data\runs\leaderboard_top50\alakazam\20260726_yushin_ito.zip,20260726_yushin_ito/episodes/87803808/replay/episode_87803808.json,0.5773502691896258,
87803841,0,3,Yushin Ito,54773249,yushin_full,zip,C:\Users\shiba\ptcc_pokemon_ai_buttle\data\runs\leaderboard_top50\alakazam\20260726_yushin_ito.zip,20260726_yushin_ito/episodes/87803841/replay/episode_87803841.json,0.5773502691896258,
87804352,1,3,Yushin Ito,54773249,yushin_full,zip,C:\Users\shiba\ptcc_pokemon_ai_buttle\data\runs\leaderboard_top50\alakazam\20260726_yushin_ito.zip,20260726_yushin_ito/episodes/87804352/replay/episode_87804352.json,0.5773502691896258,
87804893,0,3,Yushin Ito,54773249,yushin_full,zip,C:\Users\shiba\ptcc_pokemon_ai_buttle\data\runs\leaderboard_top50\alakazam\20260726_yushin_ito.zip,20260726_yushin_ito/episodes/87804893/replay/episode_87804893.json,0.5773502691896258,
87805345,0,3,Yushin Ito,54773249,yushin_full,zip,C:\Users\shiba\ptcc_pokemon_ai_buttle\data\runs\leaderboard_top50\alakazam\20260726_yushin_ito.zip,20260726_yushin_ito/episodes/87805345/replay/episode_87805345.json,0.5773502691896258,
87805923,1,3,Yushin Ito,54773249,yushin_full,zip,C:\Users\shiba\ptcc_pokemon_ai_buttle\data\runs\leaderboard_top50\alakazam\20260726_yushin_ito.zip,20260726_yushin_ito/episodes/87805923/replay/episode_87805923.json,0.5773502691896258,
87806446,1,3,Yushin Ito,54773249,yushin_full,zip,C:\Users\shiba\ptcc_pokemon_ai_buttle\data\runs\leaderboard_top50\alakazam\20260726_yushin_ito.zip,20260726_yushin_ito/episodes/87806446/replay/episode_87806446.json,0.5773502691896258,
87806958,1,3,Yushin Ito,54773249,yushin_full,zip,C:\Users\shiba\ptcc_pokemon_ai_buttle\data\runs\leaderboard_top50\alakazam\20260726_yushin_ito.zip,20260726_yushin_ito/episodes/87806958/replay/episode_87806958.json,0.5773502691896258,
87807497,0,3,Yushin Ito,54773249,yushin_full,zip,C:\Users\shiba\ptcc_pokemon_ai_buttle\data\runs\leaderboard_top50\alakazam\20260726_yushin_ito.zip,20260726_yushin_ito/episodes/87807497/replay/episode_87807497.json,0.5773502691896258,
87807999,0,3,Yushin Ito,54773249,yushin_full,zip,C:\Users\shiba\ptcc_pokemon_ai_buttle\data\runs\leaderboard_top50\alakazam\20260726_yushin_ito.zip,20260726_yushin_ito/episodes/87807999/replay/episode_87807999.json,0.5773502691896258,
87808008,0,3,Yushin Ito,54773249,yushin_full,zip,C:\Users\shiba\ptcc_pokemon_ai_buttle\data\runs\leaderboard_top50\alakazam\20260726_yushin_ito.zip,20260726_yushin_ito/episodes/87808008/replay/episode_87808008.json,0.5773502691896258,
87808515,0,3,Yushin Ito,54773249,yushin_full,zip,C:\Users\shiba\ptcc_pokemon_ai_buttle\data\runs\leaderboard_top50\alakazam\20260726_yushin_ito.zip,20260726_yushin_ito/episodes/87808515/replay/episode_87808515.json,0.5773502691896258,
87809023,1,3,Yushin Ito,54773249,yushin_full,zip,C:\Users\shiba\ptcc_pokemon_ai_buttle\data\runs\leaderboard_top50\alakazam\20260726_yushin_ito.zip,20260726_yushin_ito/episodes/87809023/replay/episode_87809023.json,0.5773502691896258,
87809040,0,3,Yushin Ito,54773249,yushin_full,zip,C:\Users\shiba\ptcc_pokemon_ai_buttle\data\runs\leaderboard_top50\alakazam\20260726_yushin_ito.zip,20260726_yushin_ito/episodes/87809040/replay/episode_87809040.json,0.5773502691896258,
87809556,1,3,Yushin Ito,54773249,yushin_full,zip,C:\Users\shiba\ptcc_pokemon_ai_buttle\data\runs\leaderboard_top50\alakazam\20260726_yushin_ito.zip,20260726_yushin_ito/episodes/87809556/replay/episode_87809556.json,0.5773502691896258,
87810088,0,3,Yushin Ito,54773249,yushin_full,zip,C:\Users\shiba\ptcc_pokemon_ai_buttle\data\runs\leaderboard_top50\alakazam\20260726_yushin_ito.zip,20260726_yushin_ito/episodes/87810088/replay/episode_87810088.json,0.5773502691896258,
87810609,0,3,Yushin Ito,54773249,yushin_full,zip,C:\Users\shiba\ptcc_pokemon_ai_buttle\data\runs\leaderboard_top50\alakazam\20260726_yushin_ito.zip,20260726_yushin_ito/episodes/87810609/replay/episode_87810609.json,0.5773502691896258,
87811140,1,3,Yushin Ito,54773249,yushin_full,zip,C:\Users\shiba\ptcc_pokemon_ai_buttle\data\runs\leaderboard_top50\alakazam\20260726_yushin_ito.zip,20260726_yushin_ito/episodes/87811140/replay/episode_87811140.json,0.5773502691896258,
87811664,0,3,Yushin Ito,54773249,yushin_full,zip,C:\Users\shiba\ptcc_pokemon_ai_buttle\data\runs\leaderboard_top50\alakazam\20260726_yushin_ito.zip,20260726_yushin_ito/episodes/87811664/replay/episode_87811664.json,0.5773502691896258,
87812193,1,3,Yushin Ito,54773249,yushin_full,zip,C:\Users\shiba\ptcc_pokemon_ai_buttle\data\runs\leaderboard_top50\alakazam\20260726_yushin_ito.zip,20260726_yushin_ito/episodes/87812193/replay/episode_87812193.json,0.5773502691896258,
87812723,0,3,Yushin Ito,54773249,yushin_full,zip,C:\Users\shiba\ptcc_pokemon_ai_buttle\data\runs\leaderboard_top50\alakazam\20260726_yushin_ito.zip,20260726_yushin_ito/episodes/87812723/replay/episode_87812723.json,0.5773502691896258,
87813266,0,3,Yushin Ito,54773249,yushin_full,zip,C:\Users\shiba\ptcc_pokemon_ai_buttle\data\runs\leaderboard_top50\alakazam\20260726_yushin_ito.zip,20260726_yushin_ito/episodes/87813266/replay/episode_87813266.json,0.5773502691896258,
87813776,0,3,Yushin Ito,54773249,yushin_full,zip,C:\Users\shiba\ptcc_pokemon_ai_buttle\data\runs\leaderboard_top50\alakazam\20260726_yushin_ito.zip,20260726_yushin_ito/episodes/87813776/replay/episode_87813776.json,0.5773502691896258,
87814295,1,3,Yushin Ito,54773249,yushin_full,zip,C:\Users\shiba\ptcc_pokemon_ai_buttle\data\runs\leaderboard_top50\alakazam\20260726_yushin_ito.zip,20260726_yushin_ito/episodes/87814295/replay/episode_87814295.json,0.5773502691896258,
87814816,0,3,Yushin Ito,54773249,yushin_full,zip,C:\Users\shiba\ptcc_pokemon_ai_buttle\data\runs\leaderboard_top50\alakazam\20260726_yushin_ito.zip,20260726_yushin_ito/episodes/87814816/replay/episode_87814816.json,0.5773502691896258,
87815348,0,3,Yushin Ito,54773249,yushin_full,zip,C:\Users\shiba\ptcc_pokemon_ai_buttle\data\runs\leaderboard_top50\alakazam\20260726_yushin_ito.zip,20260726_yushin_ito/episodes/87815348/replay/episode_87815348.json,0.5773502691896258,
87815889,1,3,Yushin Ito,54773249,yushin_full,zip,C:\Users\shiba\ptcc_pokemon_ai_buttle\data\runs\leaderboard_top50\alakazam\20260726_yushin_ito.zip,20260726_yushin_ito/episodes/87815889/replay/episode_87815889.json,0.5773502691896258,
87816391,0,3,Yushin Ito,54773249,yushin_full,zip,C:\Users\shiba\ptcc_pokemon_ai_buttle\data\runs\leaderboard_top50\alakazam\20260726_yushin_ito.zip,20260726_yushin_ito/episodes/87816391/replay/episode_87816391.json,0.5773502691896258,
87816902,1,3,Yushin Ito,54773249,yushin_full,zip,C:\Users\shiba\ptcc_pokemon_ai_buttle\data\runs\leaderboard_top50\alakazam\20260726_yushin_ito.zip,20260726_yushin_ito/episodes/87816902/replay/episode_87816902.json,0.5773502691896258,
87817423,0,3,Yushin Ito,54773249,yushin_full,zip,C:\Users\shiba\ptcc_pokemon_ai_buttle\data\runs\leaderboard_top50\alakazam\20260726_yushin_ito.zip,20260726_yushin_ito/episodes/87817423/replay/episode_87817423.json,0.5773502691896258,
87817950,1,3,Yushin Ito,54773249,yushin_full,zip,C:\Users\shiba\ptcc_pokemon_ai_buttle\data\runs\leaderboard_top50\alakazam\20260726_yushin_ito.zip,20260726_yushin_ito/episodes/87817950/replay/episode_87817950.json,0.5773502691896258,
87818470,1,3,Yushin Ito,54773249,yushin_full,zip,C:\Users\shiba\ptcc_pokemon_ai_buttle\data\runs\leaderboard_top50\alakazam\20260726_yushin_ito.zip,20260726_yushin_ito/episodes/87818470/replay/episode_87818470.json,0.5773502691896258,
87818476,0,3,Yushin Ito,54773249,yushin_full,zip,C:\Users\shiba\ptcc_pokemon_ai_buttle\data\runs\leaderboard_top50\alakazam\20260726_yushin_ito.zip,20260726_yushin_ito/episodes/87818476/replay/episode_87818476.json,0.5773502691896258,
87819019,1,3,Yushin Ito,54773249,yushin_full,zip,C:\Users\shiba\ptcc_pokemon_ai_buttle\data\runs\leaderboard_top50\alakazam\20260726_yushin_ito.zip,20260726_yushin_ito/episodes/87819019/replay/episode_87819019.json,0.5773502691896258,
87819534,0,3,Yushin Ito,54773249,yushin_full,zip,C:\Users\shiba\ptcc_pokemon_ai_buttle\data\runs\leaderboard_top50\alakazam\20260726_yushin_ito.zip,20260726_yushin_ito/episodes/87819534/replay/episode_87819534.json,0.5773502691896258,
87820068,0,3,Yushin Ito,54773249,yushin_full,zip,C:\Users\shiba\ptcc_pokemon_ai_buttle\data\runs\leaderboard_top50\alakazam\20260726_yushin_ito.zip,20260726_yushin_ito/episodes/87820068/replay/episode_87820068.json,0.5773502691896258,
87820562,0,3,Yushin Ito,54773249,yushin_full,zip,C:\Users\shiba\ptcc_pokemon_ai_buttle\data\runs\leaderboard_top50\alakazam\20260726_yushin_ito.zip,20260726_yushin_ito/episodes/87820562/replay/episode_87820562.json,0.5773502691896258,
87820691,1,3,Yushin Ito,54773249,yushin_full,zip,C:\Users\shiba\ptcc_pokemon_ai_buttle\data\runs\leaderboard_top50\alakazam\20260726_yushin_ito.zip,20260726_yushin_ito/episodes/87820691/replay/episode_87820691.json,0.5773502691896258,
87820700,0,3,Yushin Ito,54773249,yushin_full,zip,C:\Users\shiba\ptcc_pokemon_ai_buttle\data\runs\leaderboard_top50\alakazam\20260726_yushin_ito.zip,20260726_yushin_ito/episodes/87820700/replay/episode_87820700.json,0.5773502691896258,
87821099,0,3,Yushin Ito,54773249,yushin_full,zip,C:\Users\shiba\ptcc_pokemon_ai_buttle\data\runs\leaderboard_top50\alakazam\20260726_yushin_ito.zip,20260726_yushin_ito/episodes/87821099/replay/episode_87821099.json,0.5773502691896258,
87821628,1,3,Yushin Ito,54773249,yushin_full,zip,C:\Users\shiba\ptcc_pokemon_ai_buttle\data\runs\leaderboard_top50\alakazam\20260726_yushin_ito.zip,20260726_yushin_ito/episodes/87821628/replay/episode_87821628.json,0.5773502691896258,
87822130,0,3,Yushin Ito,54773249,yushin_full,zip,C:\Users\shiba\ptcc_pokemon_ai_buttle\data\runs\leaderboard_top50\alakazam\20260726_yushin_ito.zip,20260726_yushin_ito/episodes/87822130/replay/episode_87822130.json,0.5773502691896258,
87822659,0,3,Yushin Ito,54773249,yushin_full,zip,C:\Users\shiba\ptcc_pokemon_ai_buttle\data\runs\leaderboard_top50\alakazam\20260726_yushin_ito.zip,20260726_yushin_ito/episodes/87822659/replay/episode_87822659.json,0.5773502691896258,
87823184,0,3,Yushin Ito,54773249,yushin_full,zip,C:\Users\shiba\ptcc_pokemon_ai_buttle\data\runs\leaderboard_top50\alakazam\20260726_yushin_ito.zip,20260726_yushin_ito/episodes/87823184/replay/episode_87823184.json,0.5773502691896258,
87823645,0,3,Yushin Ito,54773249,yushin_full,zip,C:\Users\shiba\ptcc_pokemon_ai_buttle\data\runs\leaderboard_top50\alakazam\20260726_yushin_ito.zip,20260726_yushin_ito/episodes/87823645/replay/episode_87823645.json,0.5773502691896258,
87824169,0,3,Yushin Ito,54773249,yushin_full,zip,C:\Users\shiba\ptcc_pokemon_ai_buttle\data\runs\leaderboard_top50\alakazam\20260726_yushin_ito.zip,20260726_yushin_ito/episodes/87824169/replay/episode_87824169.json,0.5773502691896258,
87824705,1,3,Yushin Ito,54773249,yushin_full,zip,C:\Users\shiba\ptcc_pokemon_ai_buttle\data\runs\leaderboard_top50\alakazam\20260726_yushin_ito.zip,20260726_yushin_ito/episodes/87824705/replay/episode_87824705.json,0.5773502691896258,
87825241,1,3,Yushin Ito,54773249,yushin_full,zip,C:\Users\shiba\ptcc_pokemon_ai_buttle\data\runs\leaderboard_top50\alakazam\20260726_yushin_ito.zip,20260726_yushin_ito/episodes/87825241/replay/episode_87825241.json,0.5773502691896258,
87825766,1,3,Yushin Ito,54773249,yushin_full,zip,C:\Users\shiba\ptcc_pokemon_ai_buttle\data\runs\leaderboard_top50\alakazam\20260726_yushin_ito.zip,20260726_yushin_ito/episodes/87825766/replay/episode_87825766.json,0.5773502691896258,
87825771,0,3,Yushin Ito,54773249,yushin_full,zip,C:\Users\shiba\ptcc_pokemon_ai_buttle\data\runs\leaderboard_top50\alakazam\20260726_yushin_ito.zip,20260726_yushin_ito/episodes/87825771/replay/episode_87825771.json,0.5773502691896258,
87826313,0,3,Yushin Ito,54773249,yushin_full,zip,C:\Users\shiba\ptcc_pokemon_ai_buttle\data\runs\leaderboard_top50\alakazam\20260726_yushin_ito.zip,20260726_yushin_ito/episodes/87826313/replay/episode_87826313.json,0.5773502691896258,
87826823,1,3,Yushin Ito,54773249,yushin_full,zip,C:\Users\shiba\ptcc_pokemon_ai_buttle\data\runs\leaderboard_top50\alakazam\20260726_yushin_ito.zip,20260726_yushin_ito/episodes/87826823/replay/episode_87826823.json,0.5773502691896258,
87826839,1,3,Yushin Ito,54773249,yushin_full,zip,C:\Users\shiba\ptcc_pokemon_ai_buttle\data\runs\leaderboard_top50\alakazam\20260726_yushin_ito.zip,20260726_yushin_ito/episodes/87826839/replay/episode_87826839.json,0.5773502691896258,
87827370,1,3,Yushin Ito,54773249,yushin_full,zip,C:\Users\shiba\ptcc_pokemon_ai_buttle\data\runs\leaderboard_top50\alakazam\20260726_yushin_ito.zip,20260726_yushin_ito/episodes/87827370/replay/episode_87827370.json,0.5773502691896258,
87827889,1,3,Yushin Ito,54773249,yushin_full,zip,C:\Users\shiba\ptcc_pokemon_ai_buttle\data\runs\leaderboard_top50\alakazam\20260726_yushin_ito.zip,20260726_yushin_ito/episodes/87827889/replay/episode_87827889.json,0.5773502691896258,
87828416,1,3,Yushin Ito,54773249,yushin_full,zip,C:\Users\shiba\ptcc_pokemon_ai_buttle\data\runs\leaderboard_top50\alakazam\20260726_yushin_ito.zip,20260726_yushin_ito/episodes/87828416/replay/episode_87828416.json,0.5773502691896258,
87828948,0,3,Yushin Ito,54773249,yushin_full,zip,C:\Users\shiba\ptcc_pokemon_ai_buttle\data\runs\leaderboard_top50\alakazam\20260726_yushin_ito.zip,20260726_yushin_ito/episodes/87828948/replay/episode_87828948.json,0.5773502691896258,
87829470,0,3,Yushin Ito,54773249,yushin_full,zip,C:\Users\shiba\ptcc_pokemon_ai_buttle\data\runs\leaderboard_top50\alakazam\20260726_yushin_ito.zip,20260726_yushin_ito/episodes/87829470/replay/episode_87829470.json,0.5773502691896258,
87829994,1,3,Yushin Ito,54773249,yushin_full,zip,C:\Users\shiba\ptcc_pokemon_ai_buttle\data\runs\leaderboard_top50\alakazam\20260726_yushin_ito.zip,20260726_yushin_ito/episodes/87829994/replay/episode_87829994.json,0.5773502691896258,
87830510,1,3,Yushin Ito,54773249,yushin_full,zip,C:\Users\shiba\ptcc_pokemon_ai_buttle\data\runs\leaderboard_top50\alakazam\20260726_yushin_ito.zip,20260726_yushin_ito/episodes/87830510/replay/episode_87830510.json,0.5773502691896258,
87831029,1,3,Yushin Ito,54773249,yushin_full,zip,C:\Users\shiba\ptcc_pokemon_ai_buttle\data\runs\leaderboard_top50\alakazam\20260726_yushin_ito.zip,20260726_yushin_ito/episodes/87831029/replay/episode_87831029.json,0.5773502691896258,
87831552,0,3,Yushin Ito,54773249,yushin_full,zip,C:\Users\shiba\ptcc_pokemon_ai_buttle\data\runs\leaderboard_top50\alakazam\20260726_yushin_ito.zip,20260726_yushin_ito/episodes/87831552/replay/episode_87831552.json,0.5773502691896258,
87832073,0,3,Yushin Ito,54773249,yushin_full,zip,C:\Users\shiba\ptcc_pokemon_ai_buttle\data\runs\leaderboard_top50\alakazam\20260726_yushin_ito.zip,20260726_yushin_ito/episodes/87832073/replay/episode_87832073.json,0.5773502691896258,
87832592,0,3,Yushin Ito,54773249,yushin_full,zip,C:\Users\shiba\ptcc_pokemon_ai_buttle\data\runs\leaderboard_top50\alakazam\20260726_yushin_ito.zip,20260726_yushin_ito/episodes/87832592/replay/episode_87832592.json,0.5773502691896258,
87833125,0,3,Yushin Ito,54773249,yushin_full,zip,C:\Users\shiba\ptcc_pokemon_ai_buttle\data\runs\leaderboard_top50\alakazam\20260726_yushin_ito.zip,20260726_yushin_ito/episodes/87833125/replay/episode_87833125.json,0.5773502691896258,
87833656,0,3,Yushin Ito,54773249,yushin_full,zip,C:\Users\shiba\ptcc_pokemon_ai_buttle\data\runs\leaderboard_top50\alakazam\20260726_yushin_ito.zip,20260726_yushin_ito/episodes/87833656/replay/episode_87833656.json,0.5773502691896258,
87834181,1,3,Yushin Ito,54773249,yushin_full,zip,C:\Users\shiba\ptcc_pokemon_ai_buttle\data\runs\leaderboard_top50\alakazam\20260726_yushin_ito.zip,20260726_yushin_ito/episodes/87834181/replay/episode_87834181.json,0.5773502691896258,
87834710,0,3,Yushin Ito,54773249,yushin_full,zip,C:\Users\shiba\ptcc_pokemon_ai_buttle\data\runs\leaderboard_top50\alakazam\20260726_yushin_ito.zip,20260726_yushin_ito/episodes/87834710/replay/episode_87834710.json,0.5773502691896258,
87835231,0,3,Yushin Ito,54773249,yushin_full,zip,C:\Users\shiba\ptcc_pokemon_ai_buttle\data\runs\leaderboard_top50\alakazam\20260726_yushin_ito.zip,20260726_yushin_ito/episodes/87835231/replay/episode_87835231.json,0.5773502691896258,
87835760,1,3,Yushin Ito,54773249,yushin_full,zip,C:\Users\shiba\ptcc_pokemon_ai_buttle\data\runs\leaderboard_top50\alakazam\20260726_yushin_ito.zip,20260726_yushin_ito/episodes/87835760/replay/episode_87835760.json,0.5773502691896258,
87836288,1,3,Yushin Ito,54773249,yushin_full,zip,C:\Users\shiba\ptcc_pokemon_ai_buttle\data\runs\leaderboard_top50\alakazam\20260726_yushin_ito.zip,20260726_yushin_ito/episodes/87836288/replay/episode_87836288.json,0.5773502691896258,
87836795,1,3,Yushin Ito,54773249,yushin_full,zip,C:\Users\shiba\ptcc_pokemon_ai_buttle\data\runs\leaderboard_top50\alakazam\20260726_yushin_ito.zip,20260726_yushin_ito/episodes/87836795/replay/episode_87836795.json,0.5773502691896258,
87836806,1,3,Yushin Ito,54773249,yushin_full,zip,C:\Users\shiba\ptcc_pokemon_ai_buttle\data\runs\leaderboard_top50\alakazam\20260726_yushin_ito.zip,20260726_yushin_ito/episodes/87836806/replay/episode_87836806.json,0.5773502691896258,
87837092,0,3,Yushin Ito,54773249,yushin_full,zip,C:\Users\shiba\ptcc_pokemon_ai_buttle\data\runs\leaderboard_top50\alakazam\20260726_yushin_ito.zip,20260726_yushin_ito/episodes/87837092/replay/episode_87837092.json,0.5773502691896258,
87837333,0,3,Yushin Ito,54773249,yushin_full,zip,C:\Users\shiba\ptcc_pokemon_ai_buttle\data\runs\leaderboard_top50\alakazam\20260726_yushin_ito.zip,20260726_yushin_ito/episodes/87837333/replay/episode_87837333.json,0.5773502691896258,
87837334,0,3,Yushin Ito,54773249,yushin_full,zip,C:\Users\shiba\ptcc_pokemon_ai_buttle\data\runs\leaderboard_top50\alakazam\20260726_yushin_ito.zip,20260726_yushin_ito/episodes/87837334/replay/episode_87837334.json,0.5773502691896258,
87837857,1,3,Yushin Ito,54773249,yushin_full,zip,C:\Users\shiba\ptcc_pokemon_ai_buttle\data\runs\leaderboard_top50\alakazam\20260726_yushin_ito.zip,20260726_yushin_ito/episodes/87837857/replay/episode_87837857.json,0.5773502691896258,
87837920,1,3,Yushin Ito,54773249,yushin_full,zip,C:\Users\shiba\ptcc_pokemon_ai_buttle\data\runs\leaderboard_top50\alakazam\20260726_yushin_ito.zip,20260726_yushin_ito/episodes/87837920/replay/episode_87837920.json,0.5773502691896258,
87838355,0,3,Yushin Ito,54773249,yushin_full,zip,C:\Users\shiba\ptcc_pokemon_ai_buttle\data\runs\leaderboard_top50\alakazam\20260726_yushin_ito.zip,20260726_yushin_ito/episodes/87838355/replay/episode_87838355.json,0.5773502691896258,
87838379,0,3,Yushin Ito,54773249,yushin_full,zip,C:\Users\shiba\ptcc_pokemon_ai_buttle\data\runs\leaderboard_top50\alakazam\20260726_yushin_ito.zip,20260726_yushin_ito/episodes/87838379/replay/episode_87838379.json,0.5773502691896258,
87838893,1,3,Yushin Ito,54773249,yushin_full,zip,C:\Users\shiba\ptcc_pokemon_ai_buttle\data\runs\leaderboard_top50\alakazam\20260726_yushin_ito.zip,20260726_yushin_ito/episodes/87838893/replay/episode_87838893.json,0.5773502691896258,
87838899,1,3,Yushin Ito,54773249,yushin_full,zip,C:\Users\shiba\ptcc_pokemon_ai_buttle\data\runs\leaderboard_top50\alakazam\20260726_yushin_ito.zip,20260726_yushin_ito/episodes/87838899/replay/episode_87838899.json,0.5773502691896258,
87839422,1,3,Yushin Ito,54773249,yushin_full,zip,C:\Users\shiba\ptcc_pokemon_ai_buttle\data\runs\leaderboard_top50\alakazam\20260726_yushin_ito.zip,20260726_yushin_ito/episodes/87839422/replay/episode_87839422.json,0.5773502691896258,
87839947,0,3,Yushin Ito,54773249,yushin_full,zip,C:\Users\shiba\ptcc_pokemon_ai_buttle\data\runs\leaderboard_top50\alakazam\20260726_yushin_ito.zip,20260726_yushin_ito/episodes/87839947/replay/episode_87839947.json,0.5773502691896258,
87840472,0,3,Yushin Ito,54773249,yushin_full,zip,C:\Users\shiba\ptcc_pokemon_ai_buttle\data\runs\leaderboard_top50\alakazam\20260726_yushin_ito.zip,20260726_yushin_ito/episodes/87840472/replay/episode_87840472.json,0.5773502691896258,
87841005,0,3,Yushin Ito,54773249,yushin_full,zip,C:\Users\shiba\ptcc_pokemon_ai_buttle\data\runs\leaderboard_top50\alakazam\20260726_yushin_ito.zip,20260726_yushin_ito/episodes/87841005/replay/episode_87841005.json,0.5773502691896258,
87841571,1,3,Yushin Ito,54773249,yushin_full,zip,C:\Users\shiba\ptcc_pokemon_ai_buttle\data\runs\leaderboard_top50\alakazam\20260726_yushin_ito.zip,20260726_yushin_ito/episodes/87841571/replay/episode_87841571.json,0.5773502691896258,
87842046,0,3,Yushin Ito,54773249,yushin_full,zip,C:\Users\shiba\ptcc_pokemon_ai_buttle\data\runs\leaderboard_top50\alakazam\20260726_yushin_ito.zip,20260726_yushin_ito/episodes/87842046/replay/episode_87842046.json,0.5773502691896258,
87842567,0,3,Yushin Ito,54773249,yushin_full,zip,C:\Users\shiba\ptcc_pokemon_ai_buttle\data\runs\leaderboard_top50\alakazam\20260726_yushin_ito.zip,20260726_yushin_ito/episodes/87842567/replay/episode_87842567.json,0.5773502691896258,
87843094,1,3,Yushin Ito,54773249,yushin_full,zip,C:\Users\shiba\ptcc_pokemon_ai_buttle\data\runs\leaderboard_top50\alakazam\20260726_yushin_ito.zip,20260726_yushin_ito/episodes/87843094/replay/episode_87843094.json,0.5773502691896258,
87843630,1,3,Yushin Ito,54773249,yushin_full,zip,C:\Users\shiba\ptcc_pokemon_ai_buttle\data\runs\leaderboard_top50\alakazam\20260726_yushin_ito.zip,20260726_yushin_ito/episodes/87843630/replay/episode_87843630.json,0.5773502691896258,
87844149,1,3,Yushin Ito,54773249,yushin_full,zip,C:\Users\shiba\ptcc_pokemon_ai_buttle\data\runs\leaderboard_top50\alakazam\20260726_yushin_ito.zip,20260726_yushin_ito/episodes/87844149/replay/episode_87844149.json,0.5773502691896258,
87844593,0,3,Yushin Ito,54773249,yushin_full,zip,C:\Users\shiba\ptcc_pokemon_ai_buttle\data\runs\leaderboard_top50\alakazam\20260726_yushin_ito.zip,20260726_yushin_ito/episodes/87844593/replay/episode_87844593.json,0.5773502691896258,
87845220,1,3,Yushin Ito,54773249,yushin_full,zip,C:\Users\shiba\ptcc_pokemon_ai_buttle\data\runs\leaderboard_top50\alakazam\20260726_yushin_ito.zip,20260726_yushin_ito/episodes/87845220/replay/episode_87845220.json,0.5773502691896258,
87845598,1,3,Yushin Ito,54773249,yushin_full,zip,C:\Users\shiba\ptcc_pokemon_ai_buttle\data\runs\leaderboard_top50\alakazam\20260726_yushin_ito.zip,20260726_yushin_ito/episodes/87845598/replay/episode_87845598.json,0.5773502691896258,
87845696,0,3,Yushin Ito,54773249,yushin_full,zip,C:\Users\shiba\ptcc_pokemon_ai_buttle\data\runs\leaderboard_top50\alakazam\20260726_yushin_ito.zip,20260726_yushin_ito/episodes/87845696/replay/episode_87845696.json,0.5773502691896258,
87845708,0,3,Yushin Ito,54773249,yushin_full,zip,C:\Users\shiba\ptcc_pokemon_ai_buttle\data\runs\leaderboard_top50\alakazam\20260726_yushin_ito.zip,20260726_yushin_ito/episodes/87845708/replay/episode_87845708.json,0.5773502691896258,
87845716,1,3,Yushin Ito,54773249,yushin_full,zip,C:\Users\shiba\ptcc_pokemon_ai_buttle\data\runs\leaderboard_top50\alakazam\20260726_yushin_ito.zip,20260726_yushin_ito/episodes/87845716/replay/episode_87845716.json,0.5773502691896258,
87846228,0,3,Yushin Ito,54773249,yushin_full,zip,C:\Users\shiba\ptcc_pokemon_ai_buttle\data\runs\leaderboard_top50\alakazam\20260726_yushin_ito.zip,20260726_yushin_ito/episodes/87846228/replay/episode_87846228.json,0.5773502691896258,
87846247,0,3,Yushin Ito,54773249,yushin_full,zip,C:\Users\shiba\ptcc_pokemon_ai_buttle\data\runs\leaderboard_top50\alakazam\20260726_yushin_ito.zip,20260726_yushin_ito/episodes/87846247/replay/episode_87846247.json,0.5773502691896258,
87846746,1,3,Yushin Ito,54773249,yushin_full,zip,C:\Users\shiba\ptcc_pokemon_ai_buttle\data\runs\leaderboard_top50\alakazam\20260726_yushin_ito.zip,20260726_yushin_ito/episodes/87846746/replay/episode_87846746.json,0.5773502691896258,
87846766,0,3,Yushin Ito,54773249,yushin_full,zip,C:\Users\shiba\ptcc_pokemon_ai_buttle\data\runs\leaderboard_top50\alakazam\20260726_yushin_ito.zip,20260726_yushin_ito/episodes/87846766/replay/episode_87846766.json,0.5773502691896258,
87847266,1,3,Yushin Ito,54773249,yushin_full,zip,C:\Users\shiba\ptcc_pokemon_ai_buttle\data\runs\leaderboard_top50\alakazam\20260726_yushin_ito.zip,20260726_yushin_ito/episodes/87847266/replay/episode_87847266.json,0.5773502691896258,
87847279,0,3,Yushin Ito,54773249,yushin_full,zip,C:\Users\shiba\ptcc_pokemon_ai_buttle\data\runs\leaderboard_top50\alakazam\20260726_yushin_ito.zip,20260726_yushin_ito/episodes/87847279/replay/episode_87847279.json,0.5773502691896258,
87847800,0,3,Yushin Ito,54773249,yushin_full,zip,C:\Users\shiba\ptcc_pokemon_ai_buttle\data\runs\leaderboard_top50\alakazam\20260726_yushin_ito.zip,20260726_yushin_ito/episodes/87847800/replay/episode_87847800.json,0.5773502691896258,
87848342,0,3,Yushin Ito,54773249,yushin_full,zip,C:\Users\shiba\ptcc_pokemon_ai_buttle\data\runs\leaderboard_top50\alakazam\20260726_yushin_ito.zip,20260726_yushin_ito/episodes/87848342/replay/episode_87848342.json,0.5773502691896258,
87848862,1,3,Yushin Ito,54773249,yushin_full,zip,C:\Users\shiba\ptcc_pokemon_ai_buttle\data\runs\leaderboard_top50\alakazam\20260726_yushin_ito.zip,20260726_yushin_ito/episodes/87848862/replay/episode_87848862.json,0.5773502691896258,
87849389,1,3,Yushin Ito,54773249,yushin_full,zip,C:\Users\shiba\ptcc_pokemon_ai_buttle\data\runs\leaderboard_top50\alakazam\20260726_yushin_ito.zip,20260726_yushin_ito/episodes/87849389/replay/episode_87849389.json,0.5773502691896258,
87849900,0,3,Yushin Ito,54773249,yushin_full,zip,C:\Users\shiba\ptcc_pokemon_ai_buttle\data\runs\leaderboard_top50\alakazam\20260726_yushin_ito.zip,20260726_yushin_ito/episodes/87849900/replay/episode_87849900.json,0.5773502691896258,
87849917,0,3,Yushin Ito,54773249,yushin_full,zip,C:\Users\shiba\ptcc_pokemon_ai_buttle\data\runs\leaderboard_top50\alakazam\20260726_yushin_ito.zip,20260726_yushin_ito/episodes/87849917/replay/episode_87849917.json,0.5773502691896258,
87850460,0,3,Yushin Ito,54773249,yushin_full,zip,C:\Users\shiba\ptcc_pokemon_ai_buttle\data\runs\leaderboard_top50\alakazam\20260726_yushin_ito.zip,20260726_yushin_ito/episodes/87850460/replay/episode_87850460.json,0.5773502691896258,
87850962,0,3,Yushin Ito,54773249,yushin_full,zip,C:\Users\shiba\ptcc_pokemon_ai_buttle\data\runs\leaderboard_top50\alakazam\20260726_yushin_ito.zip,20260726_yushin_ito/episodes/87850962/replay/episode_87850962.json,0.5773502691896258,
87851494,0,3,Yushin Ito,54773249,yushin_full,zip,C:\Users\shiba\ptcc_pokemon_ai_buttle\data\runs\leaderboard_top50\alakazam\20260726_yushin_ito.zip,20260726_yushin_ito/episodes/87851494/replay/episode_87851494.json,0.5773502691896258,
87852009,1,3,Yushin Ito,54773249,yushin_full,zip,C:\Users\shiba\ptcc_pokemon_ai_buttle\data\runs\leaderboard_top50\alakazam\20260726_yushin_ito.zip,20260726_yushin_ito/episodes/87852009/replay/episode_87852009.json,0.5773502691896258,
87852530,0,3,Yushin Ito,54773249,yushin_full,zip,C:\Users\shiba\ptcc_pokemon_ai_buttle\data\runs\leaderboard_top50\alakazam\20260726_yushin_ito.zip,20260726_yushin_ito/episodes/87852530/replay/episode_87852530.json,0.5773502691896258,
87852603,0,3,Yushin Ito,54773249,yushin_full,zip,C:\Users\shiba\ptcc_pokemon_ai_buttle\data\runs\leaderboard_top50\alakazam\20260726_yushin_ito.zip,20260726_yushin_ito/episodes/87852603/replay/episode_87852603.json,0.5773502691896258,
87853069,1,3,Yushin Ito,54773249,yushin_full,zip,C:\Users\shiba\ptcc_pokemon_ai_buttle\data\runs\leaderboard_top50\alakazam\20260726_yushin_ito.zip,20260726_yushin_ito/episodes/87853069/replay/episode_87853069.json,0.5773502691896258,
87853587,0,3,Yushin Ito,54773249,yushin_full,zip,C:\Users\shiba\ptcc_pokemon_ai_buttle\data\runs\leaderboard_top50\alakazam\20260726_yushin_ito.zip,20260726_yushin_ito/episodes/87853587/replay/episode_87853587.json,0.5773502691896258,
87853596,1,3,Yushin Ito,54773249,yushin_full,zip,C:\Users\shiba\ptcc_pokemon_ai_buttle\data\runs\leaderboard_top50\alakazam\20260726_yushin_ito.zip,20260726_yushin_ito/episodes/87853596/replay/episode_87853596.json,0.5773502691896258,
87854121,1,3,Yushin Ito,54773249,yushin_full,zip,C:\Users\shiba\ptcc_pokemon_ai_buttle\data\runs\leaderboard_top50\alakazam\20260726_yushin_ito.zip,20260726_yushin_ito/episodes/87854121/replay/episode_87854121.json,0.5773502691896258,
87854643,1,3,Yushin Ito,54773249,yushin_full,zip,C:\Users\shiba\ptcc_pokemon_ai_buttle\data\runs\leaderboard_top50\alakazam\20260726_yushin_ito.zip,20260726_yushin_ito/episodes/87854643/replay/episode_87854643.json,0.5773502691896258,
87855171,1,3,Yushin Ito,54773249,yushin_full,zip,C:\Users\shiba\ptcc_pokemon_ai_buttle\data\runs\leaderboard_top50\alakazam\20260726_yushin_ito.zip,20260726_yushin_ito/episodes/87855171/replay/episode_87855171.json,0.5773502691896258,
87855695,0,3,Yushin Ito,54773249,yushin_full,zip,C:\Users\shiba\ptcc_pokemon_ai_buttle\data\runs\leaderboard_top50\alakazam\20260726_yushin_ito.zip,20260726_yushin_ito/episodes/87855695/replay/episode_87855695.json,0.5773502691896258,
87856213,1,3,Yushin Ito,54773249,yushin_full,zip,C:\Users\shiba\ptcc_pokemon_ai_buttle\data\runs\leaderboard_top50\alakazam\20260726_yushin_ito.zip,20260726_yushin_ito/episodes/87856213/replay/episode_87856213.json,0.5773502691896258,
87856730,0,3,Yushin Ito,54773249,yushin_full,zip,C:\Users\shiba\ptcc_pokemon_ai_buttle\data\runs\leaderboard_top50\alakazam\20260726_yushin_ito.zip,20260726_yushin_ito/episodes/87856730/replay/episode_87856730.json,0.5773502691896258,
87857264,1,3,Yushin Ito,54773249,yushin_full,zip,C:\Users\shiba\ptcc_pokemon_ai_buttle\data\runs\leaderboard_top50\alakazam\20260726_yushin_ito.zip,20260726_yushin_ito/episodes/87857264/replay/episode_87857264.json,0.5773502691896258,
87857553,0,3,Yushin Ito,54773249,yushin_full,zip,C:\Users\shiba\ptcc_pokemon_ai_buttle\data\runs\leaderboard_top50\alakazam\20260726_yushin_ito.zip,20260726_yushin_ito/episodes/87857553/replay/episode_87857553.json,0.5773502691896258,
87857784,0,3,Yushin Ito,54773249,yushin_full,zip,C:\Users\shiba\ptcc_pokemon_ai_buttle\data\runs\leaderboard_top50\alakazam\20260726_yushin_ito.zip,20260726_yushin_ito/episodes/87857784/replay/episode_87857784.json,0.5773502691896258,
87858288,1,3,Yushin Ito,54773249,yushin_full,zip,C:\Users\shiba\ptcc_pokemon_ai_buttle\data\runs\leaderboard_top50\alakazam\20260726_yushin_ito.zip,20260726_yushin_ito/episodes/87858288/replay/episode_87858288.json,0.5773502691896258,
87858304,1,3,Yushin Ito,54773249,yushin_full,zip,C:\Users\shiba\ptcc_pokemon_ai_buttle\data\runs\leaderboard_top50\alakazam\20260726_yushin_ito.zip,20260726_yushin_ito/episodes/87858304/replay/episode_87858304.json,0.5773502691896258,
87858826,0,3,Yushin Ito,54773249,yushin_full,zip,C:\Users\shiba\ptcc_pokemon_ai_buttle\data\runs\leaderboard_top50\alakazam\20260726_yushin_ito.zip,20260726_yushin_ito/episodes/87858826/replay/episode_87858826.json,0.5773502691896258,
87859357,1,3,Yushin Ito,54773249,yushin_full,zip,C:\Users\shiba\ptcc_pokemon_ai_buttle\data\runs\leaderboard_top50\alakazam\20260726_yushin_ito.zip,20260726_yushin_ito/episodes/87859357/replay/episode_87859357.json,0.5773502691896258,
87859364,0,3,Yushin Ito,54773249,yushin_full,zip,C:\Users\shiba\ptcc_pokemon_ai_buttle\data\runs\leaderboard_top50\alakazam\20260726_yushin_ito.zip,20260726_yushin_ito/episodes/87859364/replay/episode_87859364.json,0.5773502691896258,
87859465,0,3,Yushin Ito,54773249,yushin_full,zip,C:\Users\shiba\ptcc_pokemon_ai_buttle\data\runs\leaderboard_top50\alakazam\20260726_yushin_ito.zip,20260726_yushin_ito/episodes/87859465/replay/episode_87859465.json,0.5773502691896258,
87859880,0,3,Yushin Ito,54773249,yushin_full,zip,C:\Users\shiba\ptcc_pokemon_ai_buttle\data\runs\leaderboard_top50\alakazam\20260726_yushin_ito.zip,20260726_yushin_ito/episodes/87859880/replay/episode_87859880.json,0.5773502691896258,
87859900,0,3,Yushin Ito,54773249,yushin_full,zip,C:\Users\shiba\ptcc_pokemon_ai_buttle\data\runs\leaderboard_top50\alakazam\20260726_yushin_ito.zip,20260726_yushin_ito/episodes/87859900/replay/episode_87859900.json,0.5773502691896258,
87860441,0,3,Yushin Ito,54773249,yushin_full,zip,C:\Users\shiba\ptcc_pokemon_ai_buttle\data\runs\leaderboard_top50\alakazam\20260726_yushin_ito.zip,20260726_yushin_ito/episodes/87860441/replay/episode_87860441.json,0.5773502691896258,
87860972,1,3,Yushin Ito,54773249,yushin_full,zip,C:\Users\shiba\ptcc_pokemon_ai_buttle\data\runs\leaderboard_top50\alakazam\20260726_yushin_ito.zip,20260726_yushin_ito/episodes/87860972/replay/episode_87860972.json,0.5773502691896258,
87861514,1,3,Yushin Ito,54773249,yushin_full,zip,C:\Users\shiba\ptcc_pokemon_ai_buttle\data\runs\leaderboard_top50\alakazam\20260726_yushin_ito.zip,20260726_yushin_ito/episodes/87861514/replay/episode_87861514.json,0.5773502691896258,
87862016,0,3,Yushin Ito,54773249,yushin_full,zip,C:\Users\shiba\ptcc_pokemon_ai_buttle\data\runs\leaderboard_top50\alakazam\20260726_yushin_ito.zip,20260726_yushin_ito/episodes/87862016/replay/episode_87862016.json,0.5773502691896258,
87862529,0,3,Yushin Ito,54773249,yushin_full,zip,C:\Users\shiba\ptcc_pokemon_ai_buttle\data\runs\leaderboard_top50\alakazam\20260726_yushin_ito.zip,20260726_yushin_ito/episodes/87862529/replay/episode_87862529.json,0.5773502691896258,
87863094,0,3,Yushin Ito,54773249,yushin_full,zip,C:\Users\shiba\ptcc_pokemon_ai_buttle\data\runs\leaderboard_top50\alakazam\20260726_yushin_ito.zip,20260726_yushin_ito/episodes/87863094/replay/episode_87863094.json,0.5773502691896258,
87863606,0,3,Yushin Ito,54773249,yushin_full,zip,C:\Users\shiba\ptcc_pokemon_ai_buttle\data\runs\leaderboard_top50\alakazam\20260726_yushin_ito.zip,20260726_yushin_ito/episodes/87863606/replay/episode_87863606.json,0.5773502691896258,
87864154,0,3,Yushin Ito,54773249,yushin_full,zip,C:\Users\shiba\ptcc_pokemon_ai_buttle\data\runs\leaderboard_top50\alakazam\20260726_yushin_ito.zip,20260726_yushin_ito/episodes/87864154/replay/episode_87864154.json,0.5773502691896258,
87864738,0,3,Yushin Ito,54773249,yushin_full,zip,C:\Users\shiba\ptcc_pokemon_ai_buttle\data\runs\leaderboard_top50\alakazam\20260726_yushin_ito.zip,20260726_yushin_ito/episodes/87864738/replay/episode_87864738.json,0.5773502691896258,
87865131,0,3,Yushin Ito,54773249,yushin_full,zip,C:\Users\shiba\ptcc_pokemon_ai_buttle\data\runs\leaderboard_top50\alakazam\20260726_yushin_ito.zip,20260726_yushin_ito/episodes/87865131/replay/episode_87865131.json,0.5773502691896258,
87867110,0,3,Yushin Ito,54773249,yushin_full,zip,C:\Users\shiba\ptcc_pokemon_ai_buttle\data\runs\leaderboard_top50\alakazam\20260726_yushin_ito.zip,20260726_yushin_ito/episodes/87867110/replay/episode_87867110.json,0.5773502691896258,
87867267,0,3,Yushin Ito,54773249,yushin_full,zip,C:\Users\shiba\ptcc_pokemon_ai_buttle\data\runs\leaderboard_top50\alakazam\20260726_yushin_ito.zip,20260726_yushin_ito/episodes/87867267/replay/episode_87867267.json,0.5773502691896258,
87868329,0,3,Yushin Ito,54773249,yushin_full,zip,C:\Users\shiba\ptcc_pokemon_ai_buttle\data\runs\leaderboard_top50\alakazam\20260726_yushin_ito.zip,20260726_yushin_ito/episodes/87868329/replay/episode_87868329.json,0.5773502691896258,
87874188,1,3,Yushin Ito,54773249,yushin_full,zip,C:\Users\shiba\ptcc_pokemon_ai_buttle\data\runs\leaderboard_top50\alakazam\20260726_yushin_ito.zip,20260726_yushin_ito/episodes/87874188/replay/episode_87874188.json,0.5773502691896258,
87876221,1,3,Yushin Ito,54773249,yushin_full,zip,C:\Users\shiba\ptcc_pokemon_ai_buttle\data\runs\leaderboard_top50\alakazam\20260726_yushin_ito.zip,20260726_yushin_ito/episodes/87876221/replay/episode_87876221.json,0.5773502691896258,
87876588,1,3,Yushin Ito,54773249,yushin_full,zip,C:\Users\shiba\ptcc_pokemon_ai_buttle\data\runs\leaderboard_top50\alakazam\20260726_yushin_ito.zip,20260726_yushin_ito/episodes/87876588/replay/episode_87876588.json,0.5773502691896258,
87885324,0,3,Yushin Ito,54773249,yushin_full,zip,C:\Users\shiba\ptcc_pokemon_ai_buttle\data\runs\leaderboard_top50\alakazam\20260726_yushin_ito.zip,20260726_yushin_ito/episodes/87885324/replay/episode_87885324.json,0.5773502691896258,
87889688,1,3,Yushin Ito,54773249,yushin_full,zip,C:\Users\shiba\ptcc_pokemon_ai_buttle\data\runs\leaderboard_top50\alakazam\20260726_yushin_ito.zip,20260726_yushin_ito/episodes/87889688/replay/episode_87889688.json,0.5773502691896258,
87891988,1,3,Yushin Ito,54773249,yushin_full,zip,C:\Users\shiba\ptcc_pokemon_ai_buttle\data\runs\leaderboard_top50\alakazam\20260726_yushin_ito.zip,20260726_yushin_ito/episodes/87891988/replay/episode_87891988.json,0.5773502691896258,
87893202,0,3,Yushin Ito,54773249,yushin_full,zip,C:\Users\shiba\ptcc_pokemon_ai_buttle\data\runs\leaderboard_top50\alakazam\20260726_yushin_ito.zip,20260726_yushin_ito/episodes/87893202/replay/episode_87893202.json,0.5773502691896258,
87893263,0,3,Yushin Ito,54773249,yushin_full,zip,C:\Users\shiba\ptcc_pokemon_ai_buttle\data\runs\leaderboard_top50\alakazam\20260726_yushin_ito.zip,20260726_yushin_ito/episodes/87893263/replay/episode_87893263.json,0.5773502691896258,
87894392,1,3,Yushin Ito,54773249,yushin_full,zip,C:\Users\shiba\ptcc_pokemon_ai_buttle\data\runs\leaderboard_top50\alakazam\20260726_yushin_ito.zip,20260726_yushin_ito/episodes/87894392/replay/episode_87894392.json,0.5773502691896258,
87894890,1,3,Yushin Ito,54773249,yushin_full,zip,C:\Users\shiba\ptcc_pokemon_ai_buttle\data\runs\leaderboard_top50\alakazam\20260726_yushin_ito.zip,20260726_yushin_ito/episodes/87894890/replay/episode_87894890.json,0.5773502691896258,
87894915,0,3,Yushin Ito,54773249,yushin_full,zip,C:\Users\shiba\ptcc_pokemon_ai_buttle\data\runs\leaderboard_top50\alakazam\20260726_yushin_ito.zip,20260726_yushin_ito/episodes/87894915/replay/episode_87894915.json,0.5773502691896258,
87896077,0,3,Yushin Ito,54773249,yushin_full,zip,C:\Users\shiba\ptcc_pokemon_ai_buttle\data\runs\leaderboard_top50\alakazam\20260726_yushin_ito.zip,20260726_yushin_ito/episodes/87896077/replay/episode_87896077.json,0.5773502691896258,
87896098,0,3,Yushin Ito,54773249,yushin_full,zip,C:\Users\shiba\ptcc_pokemon_ai_buttle\data\runs\leaderboard_top50\alakazam\20260726_yushin_ito.zip,20260726_yushin_ito/episodes/87896098/replay/episode_87896098.json,0.5773502691896258,
87896631,0,3,Yushin Ito,54773249,yushin_full,zip,C:\Users\shiba\ptcc_pokemon_ai_buttle\data\runs\leaderboard_top50\alakazam\20260726_yushin_ito.zip,20260726_yushin_ito/episodes/87896631/replay/episode_87896631.json,0.5773502691896258,
87897800,1,3,Yushin Ito,54773249,yushin_full,zip,C:\Users\shiba\ptcc_pokemon_ai_buttle\data\runs\leaderboard_top50\alakazam\20260726_yushin_ito.zip,20260726_yushin_ito/episodes/87897800/replay/episode_87897800.json,0.5773502691896258,
87898300,0,3,Yushin Ito,54773249,yushin_full,zip,C:\Users\shiba\ptcc_pokemon_ai_buttle\data\runs\leaderboard_top50\alakazam\20260726_yushin_ito.zip,20260726_yushin_ito/episodes/87898300/replay/episode_87898300.json,0.5773502691896258,
87898821,0,3,Yushin Ito,54773249,yushin_full,zip,C:\Users\shiba\ptcc_pokemon_ai_buttle\data\runs\leaderboard_top50\alakazam\20260726_yushin_ito.zip,20260726_yushin_ito/episodes/87898821/replay/episode_87898821.json,0.5773502691896258,
87898848,1,3,Yushin Ito,54773249,yushin_full,zip,C:\Users\shiba\ptcc_pokemon_ai_buttle\data\runs\leaderboard_top50\alakazam\20260726_yushin_ito.zip,20260726_yushin_ito/episodes/87898848/replay/episode_87898848.json,0.5773502691896258,
87899387,0,3,Yushin Ito,54773249,yushin_full,zip,C:\Users\shiba\ptcc_pokemon_ai_buttle\data\runs\leaderboard_top50\alakazam\20260726_yushin_ito.zip,20260726_yushin_ito/episodes/87899387/replay/episode_87899387.json,0.5773502691896258,
87899510,1,3,Yushin Ito,54773249,yushin_full,zip,C:\Users\shiba\ptcc_pokemon_ai_buttle\data\runs\leaderboard_top50\alakazam\20260726_yushin_ito.zip,20260726_yushin_ito/episodes/87899510/replay/episode_87899510.json,0.5773502691896258,
87899971,1,3,Yushin Ito,54773249,yushin_full,zip,C:\Users\shiba\ptcc_pokemon_ai_buttle\data\runs\leaderboard_top50\alakazam\20260726_yushin_ito.zip,20260726_yushin_ito/episodes/87899971/replay/episode_87899971.json,0.5773502691896258,
87900520,1,3,Yushin Ito,54773249,yushin_full,zip,C:\Users\shiba\ptcc_pokemon_ai_buttle\data\runs\leaderboard_top50\alakazam\20260726_yushin_ito.zip,20260726_yushin_ito/episodes/87900520/replay/episode_87900520.json,0.5773502691896258,
87900535,1,3,Yushin Ito,54773249,yushin_full,zip,C:\Users\shiba\ptcc_pokemon_ai_buttle\data\runs\leaderboard_top50\alakazam\20260726_yushin_ito.zip,20260726_yushin_ito/episodes/87900535/replay/episode_87900535.json,0.5773502691896258,
87901090,1,3,Yushin Ito,54773249,yushin_full,zip,C:\Users\shiba\ptcc_pokemon_ai_buttle\data\runs\leaderboard_top50\alakazam\20260726_yushin_ito.zip,20260726_yushin_ito/episodes/87901090/replay/episode_87901090.json,0.5773502691896258,
87901108,1,3,Yushin Ito,54773249,yushin_full,zip,C:\Users\shiba\ptcc_pokemon_ai_buttle\data\runs\leaderboard_top50\alakazam\20260726_yushin_ito.zip,20260726_yushin_ito/episodes/87901108/replay/episode_87901108.json,0.5773502691896258,
87901671,0,3,Yushin Ito,54773249,yushin_full,zip,C:\Users\shiba\ptcc_pokemon_ai_buttle\data\runs\leaderboard_top50\alakazam\20260726_yushin_ito.zip,20260726_yushin_ito/episodes/87901671/replay/episode_87901671.json,0.5773502691896258,
87902267,1,3,Yushin Ito,54773249,yushin_full,zip,C:\Users\shiba\ptcc_pokemon_ai_buttle\data\runs\leaderboard_top50\alakazam\20260726_yushin_ito.zip,20260726_yushin_ito/episodes/87902267/replay/episode_87902267.json,0.5773502691896258,
87902278,0,3,Yushin Ito,54773249,yushin_full,zip,C:\Users\shiba\ptcc_pokemon_ai_buttle\data\runs\leaderboard_top50\alakazam\20260726_yushin_ito.zip,20260726_yushin_ito/episodes/87902278/replay/episode_87902278.json,0.5773502691896258,
87902842,0,3,Yushin Ito,54773249,yushin_full,zip,C:\Users\shiba\ptcc_pokemon_ai_buttle\data\runs\leaderboard_top50\alakazam\20260726_yushin_ito.zip,20260726_yushin_ito/episodes/87902842/replay/episode_87902842.json,0.5773502691896258,
87903409,1,3,Yushin Ito,54773249,yushin_full,zip,C:\Users\shiba\ptcc_pokemon_ai_buttle\data\runs\leaderboard_top50\alakazam\20260726_yushin_ito.zip,20260726_yushin_ito/episodes/87903409/replay/episode_87903409.json,0.5773502691896258,
87904022,0,3,Yushin Ito,54773249,yushin_full,zip,C:\Users\shiba\ptcc_pokemon_ai_buttle\data\runs\leaderboard_top50\alakazam\20260726_yushin_ito.zip,20260726_yushin_ito/episodes/87904022/replay/episode_87904022.json,0.5773502691896258,
87904033,0,3,Yushin Ito,54773249,yushin_full,zip,C:\Users\shiba\ptcc_pokemon_ai_buttle\data\runs\leaderboard_top50\alakazam\20260726_yushin_ito.zip,20260726_yushin_ito/episodes/87904033/replay/episode_87904033.json,0.5773502691896258,
87904135,1,3,Yushin Ito,54773249,yushin_full,zip,C:\Users\shiba\ptcc_pokemon_ai_buttle\data\runs\leaderboard_top50\alakazam\20260726_yushin_ito.zip,20260726_yushin_ito/episodes/87904135/replay/episode_87904135.json,0.5773502691896258,
87904597,1,3,Yushin Ito,54773249,yushin_full,zip,C:\Users\shiba\ptcc_pokemon_ai_buttle\data\runs\leaderboard_top50\alakazam\20260726_yushin_ito.zip,20260726_yushin_ito/episodes/87904597/replay/episode_87904597.json,0.5773502691896258,
87905167,1,3,Yushin Ito,54773249,yushin_full,zip,C:\Users\shiba\ptcc_pokemon_ai_buttle\data\runs\leaderboard_top50\alakazam\20260726_yushin_ito.zip,20260726_yushin_ito/episodes/87905167/replay/episode_87905167.json,0.5773502691896258,
87905178,1,3,Yushin Ito,54773249,yushin_full,zip,C:\Users\shiba\ptcc_pokemon_ai_buttle\data\runs\leaderboard_top50\alakazam\20260726_yushin_ito.zip,20260726_yushin_ito/episodes/87905178/replay/episode_87905178.json,0.5773502691896258,
87905773,0,3,Yushin Ito,54773249,yushin_full,zip,C:\Users\shiba\ptcc_pokemon_ai_buttle\data\runs\leaderboard_top50\alakazam\20260726_yushin_ito.zip,20260726_yushin_ito/episodes/87905773/replay/episode_87905773.json,0.5773502691896258,
87906342,0,3,Yushin Ito,54773249,yushin_full,zip,C:\Users\shiba\ptcc_pokemon_ai_buttle\data\runs\leaderboard_top50\alakazam\20260726_yushin_ito.zip,20260726_yushin_ito/episodes/87906342/replay/episode_87906342.json,0.5773502691896258,
87906932,1,3,Yushin Ito,54773249,yushin_full,zip,C:\Users\shiba\ptcc_pokemon_ai_buttle\data\runs\leaderboard_top50\alakazam\20260726_yushin_ito.zip,20260726_yushin_ito/episodes/87906932/replay/episode_87906932.json,0.5773502691896258,
87907530,0,3,Yushin Ito,54773249,yushin_full,zip,C:\Users\shiba\ptcc_pokemon_ai_buttle\data\runs\leaderboard_top50\alakazam\20260726_yushin_ito.zip,20260726_yushin_ito/episodes/87907530/replay/episode_87907530.json,0.5773502691896258,
87908114,1,3,Yushin Ito,54773249,yushin_full,zip,C:\Users\shiba\ptcc_pokemon_ai_buttle\data\runs\leaderboard_top50\alakazam\20260726_yushin_ito.zip,20260726_yushin_ito/episodes/87908114/replay/episode_87908114.json,0.5773502691896258,
87908721,0,3,Yushin Ito,54773249,yushin_full,zip,C:\Users\shiba\ptcc_pokemon_ai_buttle\data\runs\leaderboard_top50\alakazam\20260726_yushin_ito.zip,20260726_yushin_ito/episodes/87908721/replay/episode_87908721.json,0.5773502691896258,
87909329,1,3,Yushin Ito,54773249,yushin_full,zip,C:\Users\shiba\ptcc_pokemon_ai_buttle\data\runs\leaderboard_top50\alakazam\20260726_yushin_ito.zip,20260726_yushin_ito/episodes/87909329/replay/episode_87909329.json,0.5773502691896258,
87909972,0,3,Yushin Ito,54773249,yushin_full,zip,C:\Users\shiba\ptcc_pokemon_ai_buttle\data\runs\leaderboard_top50\alakazam\20260726_yushin_ito.zip,20260726_yushin_ito/episodes/87909972/replay/episode_87909972.json,0.5773502691896258,
87910556,1,3,Yushin Ito,54773249,yushin_full,zip,C:\Users\shiba\ptcc_pokemon_ai_buttle\data\runs\leaderboard_top50\alakazam\20260726_yushin_ito.zip,20260726_yushin_ito/episodes/87910556/replay/episode_87910556.json,0.5773502691896258,
87910561,1,3,Yushin Ito,54773249,yushin_full,zip,C:\Users\shiba\ptcc_pokemon_ai_buttle\data\runs\leaderboard_top50\alakazam\20260726_yushin_ito.zip,20260726_yushin_ito/episodes/87910561/replay/episode_87910561.json,0.5773502691896258,
87910597,1,3,Yushin Ito,54773249,yushin_full,zip,C:\Users\shiba\ptcc_pokemon_ai_buttle\data\runs\leaderboard_top50\alakazam\20260726_yushin_ito.zip,20260726_yushin_ito/episodes/87910597/replay/episode_87910597.json,0.5773502691896258,
87911161,1,3,Yushin Ito,54773249,yushin_full,zip,C:\Users\shiba\ptcc_pokemon_ai_buttle\data\runs\leaderboard_top50\alakazam\20260726_yushin_ito.zip,20260726_yushin_ito/episodes/87911161/replay/episode_87911161.json,0.5773502691896258,
87911751,1,3,Yushin Ito,54773249,yushin_full,zip,C:\Users\shiba\ptcc_pokemon_ai_buttle\data\runs\leaderboard_top50\alakazam\20260726_yushin_ito.zip,20260726_yushin_ito/episodes/87911751/replay/episode_87911751.json,0.5773502691896258,
87912343,1,3,Yushin Ito,54773249,yushin_full,zip,C:\Users\shiba\ptcc_pokemon_ai_buttle\data\runs\leaderboard_top50\alakazam\20260726_yushin_ito.zip,20260726_yushin_ito/episodes/87912343/replay/episode_87912343.json,0.5773502691896258,
87912951,1,3,Yushin Ito,54773249,yushin_full,zip,C:\Users\shiba\ptcc_pokemon_ai_buttle\data\runs\leaderboard_top50\alakazam\20260726_yushin_ito.zip,20260726_yushin_ito/episodes/87912951/replay/episode_87912951.json,0.5773502691896258,
87913554,0,3,Yushin Ito,54773249,yushin_full,zip,C:\Users\shiba\ptcc_pokemon_ai_buttle\data\runs\leaderboard_top50\alakazam\20260726_yushin_ito.zip,20260726_yushin_ito/episodes/87913554/replay/episode_87913554.json,0.5773502691896258,
87914203,0,3,Yushin Ito,54773249,yushin_full,zip,C:\Users\shiba\ptcc_pokemon_ai_buttle\data\runs\leaderboard_top50\alakazam\20260726_yushin_ito.zip,20260726_yushin_ito/episodes/87914203/replay/episode_87914203.json,0.5773502691896258,
87914886,0,3,Yushin Ito,54773249,yushin_full,zip,C:\Users\shiba\ptcc_pokemon_ai_buttle\data\runs\leaderboard_top50\alakazam\20260726_yushin_ito.zip,20260726_yushin_ito/episodes/87914886/replay/episode_87914886.json,0.5773502691896258,
87914904,1,3,Yushin Ito,54773249,yushin_full,zip,C:\Users\shiba\ptcc_pokemon_ai_buttle\data\runs\leaderboard_top50\alakazam\20260726_yushin_ito.zip,20260726_yushin_ito/episodes/87914904/replay/episode_87914904.json,0.5773502691896258,
87915581,1,3,Yushin Ito,54773249,yushin_full,zip,C:\Users\shiba\ptcc_pokemon_ai_buttle\data\runs\leaderboard_top50\alakazam\20260726_yushin_ito.zip,20260726_yushin_ito/episodes/87915581/replay/episode_87915581.json,0.5773502691896258,
87915609,1,3,Yushin Ito,54773249,yushin_full,zip,C:\Users\shiba\ptcc_pokemon_ai_buttle\data\runs\leaderboard_top50\alakazam\20260726_yushin_ito.zip,20260726_yushin_ito/episodes/87915609/replay/episode_87915609.json,0.5773502691896258,
87915677,1,3,Yushin Ito,54773249,yushin_full,zip,C:\Users\shiba\ptcc_pokemon_ai_buttle\data\runs\leaderboard_top50\alakazam\20260726_yushin_ito.zip,20260726_yushin_ito/episodes/87915677/replay/episode_87915677.json,0.5773502691896258,
87916360,0,3,Yushin Ito,54773249,yushin_full,zip,C:\Users\shiba\ptcc_pokemon_ai_buttle\data\runs\leaderboard_top50\alakazam\20260726_yushin_ito.zip,20260726_yushin_ito/episodes/87916360/replay/episode_87916360.json,0.5773502691896258,
87916370,0,3,Yushin Ito,54773249,yushin_full,zip,C:\Users\shiba\ptcc_pokemon_ai_buttle\data\runs\leaderboard_top50\alakazam\20260726_yushin_ito.zip,20260726_yushin_ito/episodes/87916370/replay/episode_87916370.json,0.5773502691896258,
87916374,0,3,Yushin Ito,54773249,yushin_full,zip,C:\Users\shiba\ptcc_pokemon_ai_buttle\data\runs\leaderboard_top50\alakazam\20260726_yushin_ito.zip,20260726_yushin_ito/episodes/87916374/replay/episode_87916374.json,0.5773502691896258,
87917107,1,3,Yushin Ito,54773249,yushin_full,zip,C:\Users\shiba\ptcc_pokemon_ai_buttle\data\runs\leaderboard_top50\alakazam\20260726_yushin_ito.zip,20260726_yushin_ito/episodes/87917107/replay/episode_87917107.json,0.5773502691896258,
87917108,0,3,Yushin Ito,54773249,yushin_full,zip,C:\Users\shiba\ptcc_pokemon_ai_buttle\data\runs\leaderboard_top50\alakazam\20260726_yushin_ito.zip,20260726_yushin_ito/episodes/87917108/replay/episode_87917108.json,0.5773502691896258,
87917816,0,3,Yushin Ito,54773249,yushin_full,zip,C:\Users\shiba\ptcc_pokemon_ai_buttle\data\runs\leaderboard_top50\alakazam\20260726_yushin_ito.zip,20260726_yushin_ito/episodes/87917816/replay/episode_87917816.json,0.5773502691896258,
87918611,0,3,Yushin Ito,54773249,yushin_full,zip,C:\Users\shiba\ptcc_pokemon_ai_buttle\data\runs\leaderboard_top50\alakazam\20260726_yushin_ito.zip,20260726_yushin_ito/episodes/87918611/replay/episode_87918611.json,0.5773502691896258,
87918614,1,3,Yushin Ito,54773249,yushin_full,zip,C:\Users\shiba\ptcc_pokemon_ai_buttle\data\runs\leaderboard_top50\alakazam\20260726_yushin_ito.zip,20260726_yushin_ito/episodes/87918614/replay/episode_87918614.json,0.5773502691896258,
87919335,1,3,Yushin Ito,54773249,yushin_full,zip,C:\Users\shiba\ptcc_pokemon_ai_buttle\data\runs\leaderboard_top50\alakazam\20260726_yushin_ito.zip,20260726_yushin_ito/episodes/87919335/replay/episode_87919335.json,0.5773502691896258,
87920103,1,3,Yushin Ito,54773249,yushin_full,zip,C:\Users\shiba\ptcc_pokemon_ai_buttle\data\runs\leaderboard_top50\alakazam\20260726_yushin_ito.zip,20260726_yushin_ito/episodes/87920103/replay/episode_87920103.json,0.5773502691896258,
87920793,0,3,Yushin Ito,54773249,yushin_full,zip,C:\Users\shiba\ptcc_pokemon_ai_buttle\data\runs\leaderboard_top50\alakazam\20260726_yushin_ito.zip,20260726_yushin_ito/episodes/87920793/replay/episode_87920793.json,0.5773502691896258,
87920818,1,3,Yushin Ito,54773249,yushin_full,zip,C:\Users\shiba\ptcc_pokemon_ai_buttle\data\runs\leaderboard_top50\alakazam\20260726_yushin_ito.zip,20260726_yushin_ito/episodes/87920818/replay/episode_87920818.json,0.5773502691896258,
87921507,1,3,Yushin Ito,54773249,yushin_full,zip,C:\Users\shiba\ptcc_pokemon_ai_buttle\data\runs\leaderboard_top50\alakazam\20260726_yushin_ito.zip,20260726_yushin_ito/episodes/87921507/replay/episode_87921507.json,0.5773502691896258,
87921573,0,3,Yushin Ito,54773249,yushin_full,zip,C:\Users\shiba\ptcc_pokemon_ai_buttle\data\runs\leaderboard_top50\alakazam\20260726_yushin_ito.zip,20260726_yushin_ito/episodes/87921573/replay/episode_87921573.json,0.5773502691896258,
87922215,1,3,Yushin Ito,54773249,yushin_full,zip,C:\Users\shiba\ptcc_pokemon_ai_buttle\data\runs\leaderboard_top50\alakazam\20260726_yushin_ito.zip,20260726_yushin_ito/episodes/87922215/replay/episode_87922215.json,0.5773502691896258,
87922226,0,3,Yushin Ito,54773249,yushin_full,zip,C:\Users\shiba\ptcc_pokemon_ai_buttle\data\runs\leaderboard_top50\alakazam\20260726_yushin_ito.zip,20260726_yushin_ito/episodes/87922226/replay/episode_87922226.json,0.5773502691896258,
87922230,1,3,Yushin Ito,54773249,yushin_full,zip,C:\Users\shiba\ptcc_pokemon_ai_buttle\data\runs\leaderboard_top50\alakazam\20260726_yushin_ito.zip,20260726_yushin_ito/episodes/87922230/replay/episode_87922230.json,0.5773502691896258,
87922251,0,3,Yushin Ito,54773249,yushin_full,zip,C:\Users\shiba\ptcc_pokemon_ai_buttle\data\runs\leaderboard_top50\alakazam\20260726_yushin_ito.zip,20260726_yushin_ito/episodes/87922251/replay/episode_87922251.json,0.5773502691896258,
87922922,0,3,Yushin Ito,54773249,yushin_full,zip,C:\Users\shiba\ptcc_pokemon_ai_buttle\data\runs\leaderboard_top50\alakazam\20260726_yushin_ito.zip,20260726_yushin_ito/episodes/87922922/replay/episode_87922922.json,0.5773502691896258,
87922949,1,3,Yushin Ito,54773249,yushin_full,zip,C:\Users\shiba\ptcc_pokemon_ai_buttle\data\runs\leaderboard_top50\alakazam\20260726_yushin_ito.zip,20260726_yushin_ito/episodes/87922949/replay/episode_87922949.json,0.5773502691896258,
87923617,0,3,Yushin Ito,54773249,yushin_full,zip,C:\Users\shiba\ptcc_pokemon_ai_buttle\data\runs\leaderboard_top50\alakazam\20260726_yushin_ito.zip,20260726_yushin_ito/episodes/87923617/replay/episode_87923617.json,0.5773502691896258,
87924263,1,3,Yushin Ito,54773249,yushin_full,zip,C:\Users\shiba\ptcc_pokemon_ai_buttle\data\runs\leaderboard_top50\alakazam\20260726_yushin_ito.zip,20260726_yushin_ito/episodes/87924263/replay/episode_87924263.json,0.5773502691896258,
87924272,1,3,Yushin Ito,54773249,yushin_full,zip,C:\Users\shiba\ptcc_pokemon_ai_buttle\data\runs\leaderboard_top50\alakazam\20260726_yushin_ito.zip,20260726_yushin_ito/episodes/87924272/replay/episode_87924272.json,0.5773502691896258,
87924275,0,3,Yushin Ito,54773249,yushin_full,zip,C:\Users\shiba\ptcc_pokemon_ai_buttle\data\runs\leaderboard_top50\alakazam\20260726_yushin_ito.zip,20260726_yushin_ito/episodes/87924275/replay/episode_87924275.json,0.5773502691896258,
87924528,0,3,Yushin Ito,54773249,yushin_full,zip,C:\Users\shiba\ptcc_pokemon_ai_buttle\data\runs\leaderboard_top50\alakazam\20260726_yushin_ito.zip,20260726_yushin_ito/episodes/87924528/replay/episode_87924528.json,0.5773502691896258,
87924942,0,3,Yushin Ito,54773249,yushin_full,zip,C:\Users\shiba\ptcc_pokemon_ai_buttle\data\runs\leaderboard_top50\alakazam\20260726_yushin_ito.zip,20260726_yushin_ito/episodes/87924942/replay/episode_87924942.json,0.5773502691896258,
87925561,1,3,Yushin Ito,54773249,yushin_full,zip,C:\Users\shiba\ptcc_pokemon_ai_buttle\data\runs\leaderboard_top50\alakazam\20260726_yushin_ito.zip,20260726_yushin_ito/episodes/87925561/replay/episode_87925561.json,0.5773502691896258,
87926190,1,3,Yushin Ito,54773249,yushin_full,zip,C:\Users\shiba\ptcc_pokemon_ai_buttle\data\runs\leaderboard_top50\alakazam\20260726_yushin_ito.zip,20260726_yushin_ito/episodes/87926190/replay/episode_87926190.json,0.5773502691896258,
87926198,0,3,Yushin Ito,54773249,yushin_full,zip,C:\Users\shiba\ptcc_pokemon_ai_buttle\data\runs\leaderboard_top50\alakazam\20260726_yushin_ito.zip,20260726_yushin_ito/episodes/87926198/replay/episode_87926198.json,0.5773502691896258,
87926798,1,3,Yushin Ito,54773249,yushin_full,zip,C:\Users\shiba\ptcc_pokemon_ai_buttle\data\runs\leaderboard_top50\alakazam\20260726_yushin_ito.zip,20260726_yushin_ito/episodes/87926798/replay/episode_87926798.json,0.5773502691896258,
87927375,0,3,Yushin Ito,54773249,yushin_full,zip,C:\Users\shiba\ptcc_pokemon_ai_buttle\data\runs\leaderboard_top50\alakazam\20260726_yushin_ito.zip,20260726_yushin_ito/episodes/87927375/replay/episode_87927375.json,0.5773502691896258,
87927981,1,3,Yushin Ito,54773249,yushin_full,zip,C:\Users\shiba\ptcc_pokemon_ai_buttle\data\runs\leaderboard_top50\alakazam\20260726_yushin_ito.zip,20260726_yushin_ito/episodes/87927981/replay/episode_87927981.json,0.5773502691896258,
87928599,0,3,Yushin Ito,54773249,yushin_full,zip,C:\Users\shiba\ptcc_pokemon_ai_buttle\data\runs\leaderboard_top50\alakazam\20260726_yushin_ito.zip,20260726_yushin_ito/episodes/87928599/replay/episode_87928599.json,0.5773502691896258,
87928607,1,3,Yushin Ito,54773249,yushin_full,zip,C:\Users\shiba\ptcc_pokemon_ai_buttle\data\runs\leaderboard_top50\alakazam\20260726_yushin_ito.zip,20260726_yushin_ito/episodes/87928607/replay/episode_87928607.json,0.5773502691896258,
87929212,0,3,Yushin Ito,54773249,yushin_full,zip,C:\Users\shiba\ptcc_pokemon_ai_buttle\data\runs\leaderboard_top50\alakazam\20260726_yushin_ito.zip,20260726_yushin_ito/episodes/87929212/replay/episode_87929212.json,0.5773502691896258,
87929250,1,3,Yushin Ito,54773249,yushin_full,zip,C:\Users\shiba\ptcc_pokemon_ai_buttle\data\runs\leaderboard_top50\alakazam\20260726_yushin_ito.zip,20260726_yushin_ito/episodes/87929250/replay/episode_87929250.json,0.5773502691896258,
87929822,0,3,Yushin Ito,54773249,yushin_full,zip,C:\Users\shiba\ptcc_pokemon_ai_buttle\data\runs\leaderboard_top50\alakazam\20260726_yushin_ito.zip,20260726_yushin_ito/episodes/87929822/replay/episode_87929822.json,0.5773502691896258,
87930401,0,3,Yushin Ito,54773249,yushin_full,zip,C:\Users\shiba\ptcc_pokemon_ai_buttle\data\runs\leaderboard_top50\alakazam\20260726_yushin_ito.zip,20260726_yushin_ito/episodes/87930401/replay/episode_87930401.json,0.5773502691896258,
87930412,0,3,Yushin Ito,54773249,yushin_full,zip,C:\Users\shiba\ptcc_pokemon_ai_buttle\data\runs\leaderboard_top50\alakazam\20260726_yushin_ito.zip,20260726_yushin_ito/episodes/87930412/replay/episode_87930412.json,0.5773502691896258,
87930991,0,3,Yushin Ito,54773249,yushin_full,zip,C:\Users\shiba\ptcc_pokemon_ai_buttle\data\runs\leaderboard_top50\alakazam\20260726_yushin_ito.zip,20260726_yushin_ito/episodes/87930991/replay/episode_87930991.json,0.5773502691896258,
87930997,0,3,Yushin Ito,54773249,yushin_full,zip,C:\Users\shiba\ptcc_pokemon_ai_buttle\data\runs\leaderboard_top50\alakazam\20260726_yushin_ito.zip,20260726_yushin_ito/episodes/87930997/replay/episode_87930997.json,0.5773502691896258,
87931569,0,3,Yushin Ito,54773249,yushin_full,zip,C:\Users\shiba\ptcc_pokemon_ai_buttle\data\runs\leaderboard_top50\alakazam\20260726_yushin_ito.zip,20260726_yushin_ito/episodes/87931569/replay/episode_87931569.json,0.5773502691896258,
87932247,0,3,Yushin Ito,54773249,yushin_full,zip,C:\Users\shiba\ptcc_pokemon_ai_buttle\data\runs\leaderboard_top50\alakazam\20260726_yushin_ito.zip,20260726_yushin_ito/episodes/87932247/replay/episode_87932247.json,0.5773502691896258,
87932938,1,3,Yushin Ito,54773249,yushin_full,zip,C:\Users\shiba\ptcc_pokemon_ai_buttle\data\runs\leaderboard_top50\alakazam\20260726_yushin_ito.zip,20260726_yushin_ito/episodes/87932938/replay/episode_87932938.json,0.5773502691896258,
87932941,0,3,Yushin Ito,54773249,yushin_full,zip,C:\Users\shiba\ptcc_pokemon_ai_buttle\data\runs\leaderboard_top50\alakazam\20260726_yushin_ito.zip,20260726_yushin_ito/episodes/87932941/replay/episode_87932941.json,0.5773502691896258,
87932942,1,3,Yushin Ito,54773249,yushin_full,zip,C:\Users\shiba\ptcc_pokemon_ai_buttle\data\runs\leaderboard_top50\alakazam\20260726_yushin_ito.zip,20260726_yushin_ito/episodes/87932942/replay/episode_87932942.json,0.5773502691896258,
87933625,1,3,Yushin Ito,54773249,yushin_full,zip,C:\Users\shiba\ptcc_pokemon_ai_buttle\data\runs\leaderboard_top50\alakazam\20260726_yushin_ito.zip,20260726_yushin_ito/episodes/87933625/replay/episode_87933625.json,0.5773502691896258,
87933673,0,3,Yushin Ito,54773249,yushin_full,zip,C:\Users\shiba\ptcc_pokemon_ai_buttle\data\runs\leaderboard_top50\alakazam\20260726_yushin_ito.zip,20260726_yushin_ito/episodes/87933673/replay/episode_87933673.json,0.5773502691896258,
87934286,1,3,Yushin Ito,54773249,yushin_full,zip,C:\Users\shiba\ptcc_pokemon_ai_buttle\data\runs\leaderboard_top50\alakazam\20260726_yushin_ito.zip,20260726_yushin_ito/episodes/87934286/replay/episode_87934286.json,0.5773502691896258,
87934874,0,3,Yushin Ito,54773249,yushin_full,zip,C:\Users\shiba\ptcc_pokemon_ai_buttle\data\runs\leaderboard_top50\alakazam\20260726_yushin_ito.zip,20260726_yushin_ito/episodes/87934874/replay/episode_87934874.json,0.5773502691896258,
87935512,0,3,Yushin Ito,54773249,yushin_full,zip,C:\Users\shiba\ptcc_pokemon_ai_buttle\data\runs\leaderboard_top50\alakazam\20260726_yushin_ito.zip,20260726_yushin_ito/episodes/87935512/replay/episode_87935512.json,0.5773502691896258,
87936097,1,3,Yushin Ito,54773249,yushin_full,zip,C:\Users\shiba\ptcc_pokemon_ai_buttle\data\runs\leaderboard_top50\alakazam\20260726_yushin_ito.zip,20260726_yushin_ito/episodes/87936097/replay/episode_87936097.json,0.5773502691896258,
87936699,0,3,Yushin Ito,54773249,yushin_full,zip,C:\Users\shiba\ptcc_pokemon_ai_buttle\data\runs\leaderboard_top50\alakazam\20260726_yushin_ito.zip,20260726_yushin_ito/episodes/87936699/replay/episode_87936699.json,0.5773502691896258,
87936704,1,3,Yushin Ito,54773249,yushin_full,zip,C:\Users\shiba\ptcc_pokemon_ai_buttle\data\runs\leaderboard_top50\alakazam\20260726_yushin_ito.zip,20260726_yushin_ito/episodes/87936704/replay/episode_87936704.json,0.5773502691896258,
87936722,1,3,Yushin Ito,54773249,yushin_full,zip,C:\Users\shiba\ptcc_pokemon_ai_buttle\data\runs\leaderboard_top50\alakazam\20260726_yushin_ito.zip,20260726_yushin_ito/episodes/87936722/replay/episode_87936722.json,0.5773502691896258,
87937321,1,3,Yushin Ito,54773249,yushin_full,zip,C:\Users\shiba\ptcc_pokemon_ai_buttle\data\runs\leaderboard_top50\alakazam\20260726_yushin_ito.zip,20260726_yushin_ito/episodes/87937321/replay/episode_87937321.json,0.5773502691896258,
87937954,1,3,Yushin Ito,54773249,yushin_full,zip,C:\Users\shiba\ptcc_pokemon_ai_buttle\data\runs\leaderboard_top50\alakazam\20260726_yushin_ito.zip,20260726_yushin_ito/episodes/87937954/replay/episode_87937954.json,0.5773502691896258,
87937962,1,3,Yushin Ito,54773249,yushin_full,zip,C:\Users\shiba\ptcc_pokemon_ai_buttle\data\runs\leaderboard_top50\alakazam\20260726_yushin_ito.zip,20260726_yushin_ito/episodes/87937962/replay/episode_87937962.json,0.5773502691896258,
87938540,0,3,Yushin Ito,54773249,yushin_full,zip,C:\Users\shiba\ptcc_pokemon_ai_buttle\data\runs\leaderboard_top50\alakazam\20260726_yushin_ito.zip,20260726_yushin_ito/episodes/87938540/replay/episode_87938540.json,0.5773502691896258,
87938560,0,3,Yushin Ito,54773249,yushin_full,zip,C:\Users\shiba\ptcc_pokemon_ai_buttle\data\runs\leaderboard_top50\alakazam\20260726_yushin_ito.zip,20260726_yushin_ito/episodes/87938560/replay/episode_87938560.json,0.5773502691896258,
87939121,0,3,Yushin Ito,54773249,yushin_full,zip,C:\Users\shiba\ptcc_pokemon_ai_buttle\data\runs\leaderboard_top50\alakazam\20260726_yushin_ito.zip,20260726_yushin_ito/episodes/87939121/replay/episode_87939121.json,0.5773502691896258,
87939686,0,3,Yushin Ito,54773249,yushin_full,zip,C:\Users\shiba\ptcc_pokemon_ai_buttle\data\runs\leaderboard_top50\alakazam\20260726_yushin_ito.zip,20260726_yushin_ito/episodes/87939686/replay/episode_87939686.json,0.5773502691896258,
87939696,1,3,Yushin Ito,54773249,yushin_full,zip,C:\Users\shiba\ptcc_pokemon_ai_buttle\data\runs\leaderboard_top50\alakazam\20260726_yushin_ito.zip,20260726_yushin_ito/episodes/87939696/replay/episode_87939696.json,0.5773502691896258,
87940335,0,3,Yushin Ito,54773249,yushin_full,zip,C:\Users\shiba\ptcc_pokemon_ai_buttle\data\runs\leaderboard_top50\alakazam\20260726_yushin_ito.zip,20260726_yushin_ito/episodes/87940335/replay/episode_87940335.json,0.5773502691896258,
87940906,0,3,Yushin Ito,54773249,yushin_full,zip,C:\Users\shiba\ptcc_pokemon_ai_buttle\data\runs\leaderboard_top50\alakazam\20260726_yushin_ito.zip,20260726_yushin_ito/episodes/87940906/replay/episode_87940906.json,0.5773502691896258,
87940947,0,3,Yushin Ito,54773249,yushin_full,zip,C:\Users\shiba\ptcc_pokemon_ai_buttle\data\runs\leaderboard_top50\alakazam\20260726_yushin_ito.zip,20260726_yushin_ito/episodes/87940947/replay/episode_87940947.json,0.5773502691896258,
87941474,0,3,Yushin Ito,54773249,yushin_full,zip,C:\Users\shiba\ptcc_pokemon_ai_buttle\data\runs\leaderboard_top50\alakazam\20260726_yushin_ito.zip,20260726_yushin_ito/episodes/87941474/replay/episode_87941474.json,0.5773502691896258,
87942024,1,3,Yushin Ito,54773249,yushin_full,zip,C:\Users\shiba\ptcc_pokemon_ai_buttle\data\runs\leaderboard_top50\alakazam\20260726_yushin_ito.zip,20260726_yushin_ito/episodes/87942024/replay/episode_87942024.json,0.5773502691896258,
87942580,0,3,Yushin Ito,54773249,yushin_full,zip,C:\Users\shiba\ptcc_pokemon_ai_buttle\data\runs\leaderboard_top50\alakazam\20260726_yushin_ito.zip,20260726_yushin_ito/episodes/87942580/replay/episode_87942580.json,0.5773502691896258,
87942586,1,3,Yushin Ito,54773249,yushin_full,zip,C:\Users\shiba\ptcc_pokemon_ai_buttle\data\runs\leaderboard_top50\alakazam\20260726_yushin_ito.zip,20260726_yushin_ito/episodes/87942586/replay/episode_87942586.json,0.5773502691896258,
87943123,1,3,Yushin Ito,54773249,yushin_full,zip,C:\Users\shiba\ptcc_pokemon_ai_buttle\data\runs\leaderboard_top50\alakazam\20260726_yushin_ito.zip,20260726_yushin_ito/episodes/87943123/replay/episode_87943123.json,0.5773502691896258,
87943770,0,3,Yushin Ito,54773249,yushin_full,zip,C:\Users\shiba\ptcc_pokemon_ai_buttle\data\runs\leaderboard_top50\alakazam\20260726_yushin_ito.zip,20260726_yushin_ito/episodes/87943770/replay/episode_87943770.json,0.5773502691896258,
87944451,1,3,Yushin Ito,54773249,yushin_full,zip,C:\Users\shiba\ptcc_pokemon_ai_buttle\data\runs\leaderboard_top50\alakazam\20260726_yushin_ito.zip,20260726_yushin_ito/episodes/87944451/replay/episode_87944451.json,0.5773502691896258,
87945155,1,3,Yushin Ito,54773249,yushin_full,zip,C:\Users\shiba\ptcc_pokemon_ai_buttle\data\runs\leaderboard_top50\alakazam\20260726_yushin_ito.zip,20260726_yushin_ito/episodes/87945155/replay/episode_87945155.json,0.5773502691896258,
87945717,0,3,Yushin Ito,54773249,yushin_full,zip,C:\Users\shiba\ptcc_pokemon_ai_buttle\data\runs\leaderboard_top50\alakazam\20260726_yushin_ito.zip,20260726_yushin_ito/episodes/87945717/replay/episode_87945717.json,0.5773502691896258,
87947141,0,3,Yushin Ito,54773249,yushin_full,zip,C:\Users\shiba\ptcc_pokemon_ai_buttle\data\runs\leaderboard_top50\alakazam\20260726_yushin_ito.zip,20260726_yushin_ito/episodes/87947141/replay/episode_87947141.json,0.5773502691896258,
87947174,1,3,Yushin Ito,54773249,yushin_full,zip,C:\Users\shiba\ptcc_pokemon_ai_buttle\data\runs\leaderboard_top50\alakazam\20260726_yushin_ito.zip,20260726_yushin_ito/episodes/87947174/replay/episode_87947174.json,0.5773502691896258,
87947679,1,3,Yushin Ito,54773249,yushin_full,zip,C:\Users\shiba\ptcc_pokemon_ai_buttle\data\runs\leaderboard_top50\alakazam\20260726_yushin_ito.zip,20260726_yushin_ito/episodes/87947679/replay/episode_87947679.json,0.5773502691896258,
87947692,1,3,Yushin Ito,54773249,yushin_full,zip,C:\Users\shiba\ptcc_pokemon_ai_buttle\data\runs\leaderboard_top50\alakazam\20260726_yushin_ito.zip,20260726_yushin_ito/episodes/87947692/replay/episode_87947692.json,0.5773502691896258,
87948201,0,3,Yushin Ito,54773249,yushin_full,zip,C:\Users\shiba\ptcc_pokemon_ai_buttle\data\runs\leaderboard_top50\alakazam\20260726_yushin_ito.zip,20260726_yushin_ito/episodes/87948201/replay/episode_87948201.json,0.5773502691896258,
87948738,0,3,Yushin Ito,54773249,yushin_full,zip,C:\Users\shiba\ptcc_pokemon_ai_buttle\data\runs\leaderboard_top50\alakazam\20260726_yushin_ito.zip,20260726_yushin_ito/episodes/87948738/replay/episode_87948738.json,0.5773502691896258,
87949274,1,3,Yushin Ito,54773249,yushin_full,zip,C:\Users\shiba\ptcc_pokemon_ai_buttle\data\runs\leaderboard_top50\alakazam\20260726_yushin_ito.zip,20260726_yushin_ito/episodes/87949274/replay/episode_87949274.json,0.5773502691896258,
87949282,1,3,Yushin Ito,54773249,yushin_full,zip,C:\Users\shiba\ptcc_pokemon_ai_buttle\data\runs\leaderboard_top50\alakazam\20260726_yushin_ito.zip,20260726_yushin_ito/episodes/87949282/replay/episode_87949282.json,0.5773502691896258,
87949284,0,3,Yushin Ito,54773249,yushin_full,zip,C:\Users\shiba\ptcc_pokemon_ai_buttle\data\runs\leaderboard_top50\alakazam\20260726_yushin_ito.zip,20260726_yushin_ito/episodes/87949284/replay/episode_87949284.json,0.5773502691896258,
87949848,1,3,Yushin Ito,54773249,yushin_full,zip,C:\Users\shiba\ptcc_pokemon_ai_buttle\data\runs\leaderboard_top50\alakazam\20260726_yushin_ito.zip,20260726_yushin_ito/episodes/87949848/replay/episode_87949848.json,0.5773502691896258,
87949857,0,3,Yushin Ito,54773249,yushin_full,zip,C:\Users\shiba\ptcc_pokemon_ai_buttle\data\runs\leaderboard_top50\alakazam\20260726_yushin_ito.zip,20260726_yushin_ito/episodes/87949857/replay/episode_87949857.json,0.5773502691896258,
87950382,0,3,Yushin Ito,54773249,yushin_full,zip,C:\Users\shiba\ptcc_pokemon_ai_buttle\data\runs\leaderboard_top50\alakazam\20260726_yushin_ito.zip,20260726_yushin_ito/episodes/87950382/replay/episode_87950382.json,0.5773502691896258,
87950384,1,3,Yushin Ito,54773249,yushin_full,zip,C:\Users\shiba\ptcc_pokemon_ai_buttle\data\runs\leaderboard_top50\alakazam\20260726_yushin_ito.zip,20260726_yushin_ito/episodes/87950384/replay/episode_87950384.json,0.5773502691896258,
87950974,1,3,Yushin Ito,54773249,yushin_full,zip,C:\Users\shiba\ptcc_pokemon_ai_buttle\data\runs\leaderboard_top50\alakazam\20260726_yushin_ito.zip,20260726_yushin_ito/episodes/87950974/replay/episode_87950974.json,0.5773502691896258,
87951503,1,3,Yushin Ito,54773249,yushin_full,zip,C:\Users\shiba\ptcc_pokemon_ai_buttle\data\runs\leaderboard_top50\alakazam\20260726_yushin_ito.zip,20260726_yushin_ito/episodes/87951503/replay/episode_87951503.json,0.5773502691896258,
87952096,1,3,Yushin Ito,54773249,yushin_full,zip,C:\Users\shiba\ptcc_pokemon_ai_buttle\data\runs\leaderboard_top50\alakazam\20260726_yushin_ito.zip,20260726_yushin_ito/episodes/87952096/replay/episode_87952096.json,0.5773502691896258,
87952635,0,3,Yushin Ito,54773249,yushin_full,zip,C:\Users\shiba\ptcc_pokemon_ai_buttle\data\runs\leaderboard_top50\alakazam\20260726_yushin_ito.zip,20260726_yushin_ito/episodes/87952635/replay/episode_87952635.json,0.5773502691896258,
87953198,0,3,Yushin Ito,54773249,yushin_full,zip,C:\Users\shiba\ptcc_pokemon_ai_buttle\data\runs\leaderboard_top50\alakazam\20260726_yushin_ito.zip,20260726_yushin_ito/episodes/87953198/replay/episode_87953198.json,0.5773502691896258,
87953733,0,3,Yushin Ito,54773249,yushin_full,zip,C:\Users\shiba\ptcc_pokemon_ai_buttle\data\runs\leaderboard_top50\alakazam\20260726_yushin_ito.zip,20260726_yushin_ito/episodes/87953733/replay/episode_87953733.json,0.5773502691896258,
87953734,1,3,Yushin Ito,54773249,yushin_full,zip,C:\Users\shiba\ptcc_pokemon_ai_buttle\data\runs\leaderboard_top50\alakazam\20260726_yushin_ito.zip,20260726_yushin_ito/episodes/87953734/replay/episode_87953734.json,0.5773502691896258,
87954254,1,3,Yushin Ito,54773249,yushin_full,zip,C:\Users\shiba\ptcc_pokemon_ai_buttle\data\runs\leaderboard_top50\alakazam\20260726_yushin_ito.zip,20260726_yushin_ito/episodes/87954254/replay/episode_87954254.json,0.5773502691896258,
87954769,0,3,Yushin Ito,54773249,yushin_full,zip,C:\Users\shiba\ptcc_pokemon_ai_buttle\data\runs\leaderboard_top50\alakazam\20260726_yushin_ito.zip,20260726_yushin_ito/episodes/87954769/replay/episode_87954769.json,0.5773502691896258,
87954787,0,3,Yushin Ito,54773249,yushin_full,zip,C:\Users\shiba\ptcc_pokemon_ai_buttle\data\runs\leaderboard_top50\alakazam\20260726_yushin_ito.zip,20260726_yushin_ito/episodes/87954787/replay/episode_87954787.json,0.5773502691896258,
87955396,0,3,Yushin Ito,54773249,yushin_full,zip,C:\Users\shiba\ptcc_pokemon_ai_buttle\data\runs\leaderboard_top50\alakazam\20260726_yushin_ito.zip,20260726_yushin_ito/episodes/87955396/replay/episode_87955396.json,0.5773502691896258,
87956044,0,3,Yushin Ito,54773249,yushin_full,zip,C:\Users\shiba\ptcc_pokemon_ai_buttle\data\runs\leaderboard_top50\alakazam\20260726_yushin_ito.zip,20260726_yushin_ito/episodes/87956044/replay/episode_87956044.json,0.5773502691896258,
87956641,1,3,Yushin Ito,54773249,yushin_full,zip,C:\Users\shiba\ptcc_pokemon_ai_buttle\data\runs\leaderboard_top50\alakazam\20260726_yushin_ito.zip,20260726_yushin_ito/episodes/87956641/replay/episode_87956641.json,0.5773502691896258,
87957231,0,3,Yushin Ito,54773249,yushin_full,zip,C:\Users\shiba\ptcc_pokemon_ai_buttle\data\runs\leaderboard_top50\alakazam\20260726_yushin_ito.zip,20260726_yushin_ito/episodes/87957231/replay/episode_87957231.json,0.5773502691896258,
87957246,0,3,Yushin Ito,54773249,yushin_full,zip,C:\Users\shiba\ptcc_pokemon_ai_buttle\data\runs\leaderboard_top50\alakazam\20260726_yushin_ito.zip,20260726_yushin_ito/episodes/87957246/replay/episode_87957246.json,0.5773502691896258,
87957921,1,3,Yushin Ito,54773249,yushin_full,zip,C:\Users\shiba\ptcc_pokemon_ai_buttle\data\runs\leaderboard_top50\alakazam\20260726_yushin_ito.zip,20260726_yushin_ito/episodes/87957921/replay/episode_87957921.json,0.5773502691896258,
87958461,0,3,Yushin Ito,54773249,yushin_full,zip,C:\Users\shiba\ptcc_pokemon_ai_buttle\data\runs\leaderboard_top50\alakazam\20260726_yushin_ito.zip,20260726_yushin_ito/episodes/87958461/replay/episode_87958461.json,0.5773502691896258,
87958462,1,3,Yushin Ito,54773249,yushin_full,zip,C:\Users\shiba\ptcc_pokemon_ai_buttle\data\runs\leaderboard_top50\alakazam\20260726_yushin_ito.zip,20260726_yushin_ito/episodes/87958462/replay/episode_87958462.json,0.5773502691896258,
87958980,0,3,Yushin Ito,54773249,yushin_full,zip,C:\Users\shiba\ptcc_pokemon_ai_buttle\data\runs\leaderboard_top50\alakazam\20260726_yushin_ito.zip,20260726_yushin_ito/episodes/87958980/replay/episode_87958980.json,0.5773502691896258,
87959006,1,3,Yushin Ito,54773249,yushin_full,zip,C:\Users\shiba\ptcc_pokemon_ai_buttle\data\runs\leaderboard_top50\alakazam\20260726_yushin_ito.zip,20260726_yushin_ito/episodes/87959006/replay/episode_87959006.json,0.5773502691896258,
87959295,0,3,Yushin Ito,54773249,yushin_full,zip,C:\Users\shiba\ptcc_pokemon_ai_buttle\data\runs\leaderboard_top50\alakazam\20260726_yushin_ito.zip,20260726_yushin_ito/episodes/87959295/replay/episode_87959295.json,0.5773502691896258,
87959527,1,3,Yushin Ito,54773249,yushin_full,zip,C:\Users\shiba\ptcc_pokemon_ai_buttle\data\runs\leaderboard_top50\alakazam\20260726_yushin_ito.zip,20260726_yushin_ito/episodes/87959527/replay/episode_87959527.json,0.5773502691896258,
87960062,0,3,Yushin Ito,54773249,yushin_full,zip,C:\Users\shiba\ptcc_pokemon_ai_buttle\data\runs\leaderboard_top50\alakazam\20260726_yushin_ito.zip,20260726_yushin_ito/episodes/87960062/replay/episode_87960062.json,0.5773502691896258,
87960601,0,3,Yushin Ito,54773249,yushin_full,zip,C:\Users\shiba\ptcc_pokemon_ai_buttle\data\runs\leaderboard_top50\alakazam\20260726_yushin_ito.zip,20260726_yushin_ito/episodes/87960601/replay/episode_87960601.json,0.5773502691896258,
87961136,0,3,Yushin Ito,54773249,yushin_full,zip,C:\Users\shiba\ptcc_pokemon_ai_buttle\data\runs\leaderboard_top50\alakazam\20260726_yushin_ito.zip,20260726_yushin_ito/episodes/87961136/replay/episode_87961136.json,0.5773502691896258,
87961693,0,3,Yushin Ito,54773249,yushin_full,zip,C:\Users\shiba\ptcc_pokemon_ai_buttle\data\runs\leaderboard_top50\alakazam\20260726_yushin_ito.zip,20260726_yushin_ito/episodes/87961693/replay/episode_87961693.json,0.5773502691896258,
87962231,1,3,Yushin Ito,54773249,yushin_full,zip,C:\Users\shiba\ptcc_pokemon_ai_buttle\data\runs\leaderboard_top50\alakazam\20260726_yushin_ito.zip,20260726_yushin_ito/episodes/87962231/replay/episode_87962231.json,0.5773502691896258,
87962250,0,3,Yushin Ito,54773249,yushin_full,zip,C:\Users\shiba\ptcc_pokemon_ai_buttle\data\runs\leaderboard_top50\alakazam\20260726_yushin_ito.zip,20260726_yushin_ito/episodes/87962250/replay/episode_87962250.json,0.5773502691896258,
87962768,0,3,Yushin Ito,54773249,yushin_full,zip,C:\Users\shiba\ptcc_pokemon_ai_buttle\data\runs\leaderboard_top50\alakazam\20260726_yushin_ito.zip,20260726_yushin_ito/episodes/87962768/replay/episode_87962768.json,0.5773502691896258,
87963302,0,3,Yushin Ito,54773249,yushin_full,zip,C:\Users\shiba\ptcc_pokemon_ai_buttle\data\runs\leaderboard_top50\alakazam\20260726_yushin_ito.zip,20260726_yushin_ito/episodes/87963302/replay/episode_87963302.json,0.5773502691896258,
87963845,1,3,Yushin Ito,54773249,yushin_full,zip,C:\Users\shiba\ptcc_pokemon_ai_buttle\data\runs\leaderboard_top50\alakazam\20260726_yushin_ito.zip,20260726_yushin_ito/episodes/87963845/replay/episode_87963845.json,0.5773502691896258,
87964389,0,3,Yushin Ito,54773249,yushin_full,zip,C:\Users\shiba\ptcc_pokemon_ai_buttle\data\runs\leaderboard_top50\alakazam\20260726_yushin_ito.zip,20260726_yushin_ito/episodes/87964389/replay/episode_87964389.json,0.5773502691896258,
87964911,1,3,Yushin Ito,54773249,yushin_full,zip,C:\Users\shiba\ptcc_pokemon_ai_buttle\data\runs\leaderboard_top50\alakazam\20260726_yushin_ito.zip,20260726_yushin_ito/episodes/87964911/replay/episode_87964911.json,0.5773502691896258,
87964921,1,3,Yushin Ito,54773249,yushin_full,zip,C:\Users\shiba\ptcc_pokemon_ai_buttle\data\runs\leaderboard_top50\alakazam\20260726_yushin_ito.zip,20260726_yushin_ito/episodes/87964921/replay/episode_87964921.json,0.5773502691896258,
87965458,1,3,Yushin Ito,54773249,yushin_full,zip,C:\Users\shiba\ptcc_pokemon_ai_buttle\data\runs\leaderboard_top50\alakazam\20260726_yushin_ito.zip,20260726_yushin_ito/episodes/87965458/replay/episode_87965458.json,0.5773502691896258,
87966007,1,3,Yushin Ito,54773249,yushin_full,zip,C:\Users\shiba\ptcc_pokemon_ai_buttle\data\runs\leaderboard_top50\alakazam\20260726_yushin_ito.zip,20260726_yushin_ito/episodes/87966007/replay/episode_87966007.json,0.5773502691896258,
87966542,1,3,Yushin Ito,54773249,yushin_full,zip,C:\Users\shiba\ptcc_pokemon_ai_buttle\data\runs\leaderboard_top50\alakazam\20260726_yushin_ito.zip,20260726_yushin_ito/episodes/87966542/replay/episode_87966542.json,0.5773502691896258,
87967083,1,3,Yushin Ito,54773249,yushin_full,zip,C:\Users\shiba\ptcc_pokemon_ai_buttle\data\runs\leaderboard_top50\alakazam\20260726_yushin_ito.zip,20260726_yushin_ito/episodes/87967083/replay/episode_87967083.json,0.5773502691896258,
87967092,1,3,Yushin Ito,54773249,yushin_full,zip,C:\Users\shiba\ptcc_pokemon_ai_buttle\data\runs\leaderboard_top50\alakazam\20260726_yushin_ito.zip,20260726_yushin_ito/episodes/87967092/replay/episode_87967092.json,0.5773502691896258,
87967626,0,3,Yushin Ito,54773249,yushin_full,zip,C:\Users\shiba\ptcc_pokemon_ai_buttle\data\runs\leaderboard_top50\alakazam\20260726_yushin_ito.zip,20260726_yushin_ito/episodes/87967626/replay/episode_87967626.json,0.5773502691896258,
87968162,0,3,Yushin Ito,54773249,yushin_full,zip,C:\Users\shiba\ptcc_pokemon_ai_buttle\data\runs\leaderboard_top50\alakazam\20260726_yushin_ito.zip,20260726_yushin_ito/episodes/87968162/replay/episode_87968162.json,0.5773502691896258,
87968169,0,3,Yushin Ito,54773249,yushin_full,zip,C:\Users\shiba\ptcc_pokemon_ai_buttle\data\runs\leaderboard_top50\alakazam\20260726_yushin_ito.zip,20260726_yushin_ito/episodes/87968169/replay/episode_87968169.json,0.5773502691896258,
87968635,0,3,Yushin Ito,54773249,yushin_full,zip,C:\Users\shiba\ptcc_pokemon_ai_buttle\data\runs\leaderboard_top50\alakazam\20260726_yushin_ito.zip,20260726_yushin_ito/episodes/87968635/replay/episode_87968635.json,0.5773502691896258,
87969145,1,3,Yushin Ito,54773249,yushin_full,zip,C:\Users\shiba\ptcc_pokemon_ai_buttle\data\runs\leaderboard_top50\alakazam\20260726_yushin_ito.zip,20260726_yushin_ito/episodes/87969145/replay/episode_87969145.json,0.5773502691896258,
87969681,0,3,Yushin Ito,54773249,yushin_full,zip,C:\Users\shiba\ptcc_pokemon_ai_buttle\data\runs\leaderboard_top50\alakazam\20260726_yushin_ito.zip,20260726_yushin_ito/episodes/87969681/replay/episode_87969681.json,0.5773502691896258,
87969686,1,3,Yushin Ito,54773249,yushin_full,zip,C:\Users\shiba\ptcc_pokemon_ai_buttle\data\runs\leaderboard_top50\alakazam\20260726_yushin_ito.zip,20260726_yushin_ito/episodes/87969686/replay/episode_87969686.json,0.5773502691896258,
87970221,1,3,Yushin Ito,54773249,yushin_full,zip,C:\Users\shiba\ptcc_pokemon_ai_buttle\data\runs\leaderboard_top50\alakazam\20260726_yushin_ito.zip,20260726_yushin_ito/episodes/87970221/replay/episode_87970221.json,0.5773502691896258,
87970231,1,3,Yushin Ito,54773249,yushin_full,zip,C:\Users\shiba\ptcc_pokemon_ai_buttle\data\runs\leaderboard_top50\alakazam\20260726_yushin_ito.zip,20260726_yushin_ito/episodes/87970231/replay/episode_87970231.json,0.5773502691896258,
87970773,0,3,Yushin Ito,54773249,yushin_full,zip,C:\Users\shiba\ptcc_pokemon_ai_buttle\data\runs\leaderboard_top50\alakazam\20260726_yushin_ito.zip,20260726_yushin_ito/episodes/87970773/replay/episode_87970773.json,0.5773502691896258,
87970780,0,3,Yushin Ito,54773249,yushin_full,zip,C:\Users\shiba\ptcc_pokemon_ai_buttle\data\runs\leaderboard_top50\alakazam\20260726_yushin_ito.zip,20260726_yushin_ito/episodes/87970780/replay/episode_87970780.json,0.5773502691896258,
87971301,1,3,Yushin Ito,54773249,yushin_full,zip,C:\Users\shiba\ptcc_pokemon_ai_buttle\data\runs\leaderboard_top50\alakazam\20260726_yushin_ito.zip,20260726_yushin_ito/episodes/87971301/replay/episode_87971301.json,0.5773502691896258,
87971821,1,3,Yushin Ito,54773249,yushin_full,zip,C:\Users\shiba\ptcc_pokemon_ai_buttle\data\runs\leaderboard_top50\alakazam\20260726_yushin_ito.zip,20260726_yushin_ito/episodes/87971821/replay/episode_87971821.json,0.5773502691896258,
87972374,1,3,Yushin Ito,54773249,yushin_full,zip,C:\Users\shiba\ptcc_pokemon_ai_buttle\data\runs\leaderboard_top50\alakazam\20260726_yushin_ito.zip,20260726_yushin_ito/episodes/87972374/replay/episode_87972374.json,0.5773502691896258,
87972903,0,3,Yushin Ito,54773249,yushin_full,zip,C:\Users\shiba\ptcc_pokemon_ai_buttle\data\runs\leaderboard_top50\alakazam\20260726_yushin_ito.zip,20260726_yushin_ito/episodes/87972903/replay/episode_87972903.json,0.5773502691896258,
87972914,1,3,Yushin Ito,54773249,yushin_full,zip,C:\Users\shiba\ptcc_pokemon_ai_buttle\data\runs\leaderboard_top50\alakazam\20260726_yushin_ito.zip,20260726_yushin_ito/episodes/87972914/replay/episode_87972914.json,0.5773502691896258,
87973440,1,3,Yushin Ito,54773249,yushin_full,zip,C:\Users\shiba\ptcc_pokemon_ai_buttle\data\runs\leaderboard_top50\alakazam\20260726_yushin_ito.zip,20260726_yushin_ito/episodes/87973440/replay/episode_87973440.json,0.5773502691896258,
87973978,1,3,Yushin Ito,54773249,yushin_full,zip,C:\Users\shiba\ptcc_pokemon_ai_buttle\data\runs\leaderboard_top50\alakazam\20260726_yushin_ito.zip,20260726_yushin_ito/episodes/87973978/replay/episode_87973978.json,0.5773502691896258,
87974510,1,3,Yushin Ito,54773249,yushin_full,zip,C:\Users\shiba\ptcc_pokemon_ai_buttle\data\runs\leaderboard_top50\alakazam\20260726_yushin_ito.zip,20260726_yushin_ito/episodes/87974510/replay/episode_87974510.json,0.5773502691896258,
87975048,0,3,Yushin Ito,54773249,yushin_full,zip,C:\Users\shiba\ptcc_pokemon_ai_buttle\data\runs\leaderboard_top50\alakazam\20260726_yushin_ito.zip,20260726_yushin_ito/episodes/87975048/replay/episode_87975048.json,0.5773502691896258,
87975585,0,3,Yushin Ito,54773249,yushin_full,zip,C:\Users\shiba\ptcc_pokemon_ai_buttle\data\runs\leaderboard_top50\alakazam\20260726_yushin_ito.zip,20260726_yushin_ito/episodes/87975585/replay/episode_87975585.json,0.5773502691896258,
87976124,0,3,Yushin Ito,54773249,yushin_full,zip,C:\Users\shiba\ptcc_pokemon_ai_buttle\data\runs\leaderboard_top50\alakazam\20260726_yushin_ito.zip,20260726_yushin_ito/episodes/87976124/replay/episode_87976124.json,0.5773502691896258,
87976670,1,3,Yushin Ito,54773249,yushin_full,zip,C:\Users\shiba\ptcc_pokemon_ai_buttle\data\runs\leaderboard_top50\alakazam\20260726_yushin_ito.zip,20260726_yushin_ito/episodes/87976670/replay/episode_87976670.json,0.5773502691896258,
87977201,1,3,Yushin Ito,54773249,yushin_full,zip,C:\Users\shiba\ptcc_pokemon_ai_buttle\data\runs\leaderboard_top50\alakazam\20260726_yushin_ito.zip,20260726_yushin_ito/episodes/87977201/replay/episode_87977201.json,0.5773502691896258,
87977745,0,3,Yushin Ito,54773249,yushin_full,zip,C:\Users\shiba\ptcc_pokemon_ai_buttle\data\runs\leaderboard_top50\alakazam\20260726_yushin_ito.zip,20260726_yushin_ito/episodes/87977745/replay/episode_87977745.json,0.5773502691896258,
87978323,0,3,Yushin Ito,54773249,yushin_full,zip,C:\Users\shiba\ptcc_pokemon_ai_buttle\data\runs\leaderboard_top50\alakazam\20260726_yushin_ito.zip,20260726_yushin_ito/episodes/87978323/replay/episode_87978323.json,0.5773502691896258,
87979058,1,3,Yushin Ito,54773249,yushin_full,zip,C:\Users\shiba\ptcc_pokemon_ai_buttle\data\runs\leaderboard_top50\alakazam\20260726_yushin_ito.zip,20260726_yushin_ito/episodes/87979058/replay/episode_87979058.json,0.5773502691896258,
87979698,0,3,Yushin Ito,54773249,yushin_full,zip,C:\Users\shiba\ptcc_pokemon_ai_buttle\data\runs\leaderboard_top50\alakazam\20260726_yushin_ito.zip,20260726_yushin_ito/episodes/87979698/replay/episode_87979698.json,0.5773502691896258,
87980319,1,3,Yushin Ito,54773249,yushin_full,zip,C:\Users\shiba\ptcc_pokemon_ai_buttle\data\runs\leaderboard_top50\alakazam\20260726_yushin_ito.zip,20260726_yushin_ito/episodes/87980319/replay/episode_87980319.json,0.5773502691896258,
87980320,1,3,Yushin Ito,54773249,yushin_full,zip,C:\Users\shiba\ptcc_pokemon_ai_buttle\data\runs\leaderboard_top50\alakazam\20260726_yushin_ito.zip,20260726_yushin_ito/episodes/87980320/replay/episode_87980320.json,0.5773502691896258,
87980996,0,3,Yushin Ito,54773249,yushin_full,zip,C:\Users\shiba\ptcc_pokemon_ai_buttle\data\runs\leaderboard_top50\alakazam\20260726_yushin_ito.zip,20260726_yushin_ito/episodes/87980996/replay/episode_87980996.json,0.5773502691896258,
87981689,1,3,Yushin Ito,54773249,yushin_full,zip,C:\Users\shiba\ptcc_pokemon_ai_buttle\data\runs\leaderboard_top50\alakazam\20260726_yushin_ito.zip,20260726_yushin_ito/episodes/87981689/replay/episode_87981689.json,0.5773502691896258,
87982301,0,3,Yushin Ito,54773249,yushin_full,zip,C:\Users\shiba\ptcc_pokemon_ai_buttle\data\runs\leaderboard_top50\alakazam\20260726_yushin_ito.zip,20260726_yushin_ito/episodes/87982301/replay/episode_87982301.json,0.5773502691896258,
87982893,0,3,Yushin Ito,54773249,yushin_full,zip,C:\Users\shiba\ptcc_pokemon_ai_buttle\data\runs\leaderboard_top50\alakazam\20260726_yushin_ito.zip,20260726_yushin_ito/episodes/87982893/replay/episode_87982893.json,0.5773502691896258,
87983447,1,3,Yushin Ito,54773249,yushin_full,zip,C:\Users\shiba\ptcc_pokemon_ai_buttle\data\runs\leaderboard_top50\alakazam\20260726_yushin_ito.zip,20260726_yushin_ito/episodes/87983447/replay/episode_87983447.json,0.5773502691896258,
87984065,1,3,Yushin Ito,54773249,yushin_full,zip,C:\Users\shiba\ptcc_pokemon_ai_buttle\data\runs\leaderboard_top50\alakazam\20260726_yushin_ito.zip,20260726_yushin_ito/episodes/87984065/replay/episode_87984065.json,0.5773502691896258,
87984577,0,3,Yushin Ito,54773249,yushin_full,zip,C:\Users\shiba\ptcc_pokemon_ai_buttle\data\runs\leaderboard_top50\alakazam\20260726_yushin_ito.zip,20260726_yushin_ito/episodes/87984577/replay/episode_87984577.json,0.5773502691896258,
87985145,1,3,Yushin Ito,54773249,yushin_full,zip,C:\Users\shiba\ptcc_pokemon_ai_buttle\data\runs\leaderboard_top50\alakazam\20260726_yushin_ito.zip,20260726_yushin_ito/episodes/87985145/replay/episode_87985145.json,0.5773502691896258,
87985693,0,3,Yushin Ito,54773249,yushin_full,zip,C:\Users\shiba\ptcc_pokemon_ai_buttle\data\runs\leaderboard_top50\alakazam\20260726_yushin_ito.zip,20260726_yushin_ito/episodes/87985693/replay/episode_87985693.json,0.5773502691896258,
87986244,0,3,Yushin Ito,54773249,yushin_full,zip,C:\Users\shiba\ptcc_pokemon_ai_buttle\data\runs\leaderboard_top50\alakazam\20260726_yushin_ito.zip,20260726_yushin_ito/episodes/87986244/replay/episode_87986244.json,0.5773502691896258,
87986804,0,3,Yushin Ito,54773249,yushin_full,zip,C:\Users\shiba\ptcc_pokemon_ai_buttle\data\runs\leaderboard_top50\alakazam\20260726_yushin_ito.zip,20260726_yushin_ito/episodes/87986804/replay/episode_87986804.json,0.5773502691896258,
87986911,0,3,Yushin Ito,54773249,yushin_full,zip,C:\Users\shiba\ptcc_pokemon_ai_buttle\data\runs\leaderboard_top50\alakazam\20260726_yushin_ito.zip,20260726_yushin_ito/episodes/87986911/replay/episode_87986911.json,0.5773502691896258,
87987430,1,3,Yushin Ito,54773249,yushin_full,zip,C:\Users\shiba\ptcc_pokemon_ai_buttle\data\runs\leaderboard_top50\alakazam\20260726_yushin_ito.zip,20260726_yushin_ito/episodes/87987430/replay/episode_87987430.json,0.5773502691896258,
87987990,0,3,Yushin Ito,54773249,yushin_full,zip,C:\Users\shiba\ptcc_pokemon_ai_buttle\data\runs\leaderboard_top50\alakazam\20260726_yushin_ito.zip,20260726_yushin_ito/episodes/87987990/replay/episode_87987990.json,0.5773502691896258,
87988558,1,3,Yushin Ito,54773249,yushin_full,zip,C:\Users\shiba\ptcc_pokemon_ai_buttle\data\runs\leaderboard_top50\alakazam\20260726_yushin_ito.zip,20260726_yushin_ito/episodes/87988558/replay/episode_87988558.json,0.5773502691896258,
87989113,0,3,Yushin Ito,54773249,yushin_full,zip,C:\Users\shiba\ptcc_pokemon_ai_buttle\data\runs\leaderboard_top50\alakazam\20260726_yushin_ito.zip,20260726_yushin_ito/episodes/87989113/replay/episode_87989113.json,0.5773502691896258,
87989682,1,3,Yushin Ito,54773249,yushin_full,zip,C:\Users\shiba\ptcc_pokemon_ai_buttle\data\runs\leaderboard_top50\alakazam\20260726_yushin_ito.zip,20260726_yushin_ito/episodes/87989682/replay/episode_87989682.json,0.5773502691896258,
87990300,0,3,Yushin Ito,54773249,yushin_full,zip,C:\Users\shiba\ptcc_pokemon_ai_buttle\data\runs\leaderboard_top50\alakazam\20260726_yushin_ito.zip,20260726_yushin_ito/episodes/87990300/replay/episode_87990300.json,0.5773502691896258,
87990846,0,3,Yushin Ito,54773249,yushin_full,zip,C:\Users\shiba\ptcc_pokemon_ai_buttle\data\runs\leaderboard_top50\alakazam\20260726_yushin_ito.zip,20260726_yushin_ito/episodes/87990846/replay/episode_87990846.json,0.5773502691896258,
87991391,0,3,Yushin Ito,54773249,yushin_full,zip,C:\Users\shiba\ptcc_pokemon_ai_buttle\data\runs\leaderboard_top50\alakazam\20260726_yushin_ito.zip,20260726_yushin_ito/episodes/87991391/replay/episode_87991391.json,0.5773502691896258,
87991937,0,3,Yushin Ito,54773249,yushin_full,zip,C:\Users\shiba\ptcc_pokemon_ai_buttle\data\runs\leaderboard_top50\alakazam\20260726_yushin_ito.zip,20260726_yushin_ito/episodes/87991937/replay/episode_87991937.json,0.5773502691896258,
87992494,0,3,Yushin Ito,54773249,yushin_full,zip,C:\Users\shiba\ptcc_pokemon_ai_buttle\data\runs\leaderboard_top50\alakazam\20260726_yushin_ito.zip,20260726_yushin_ito/episodes/87992494/replay/episode_87992494.json,0.5773502691896258,
87993046,1,3,Yushin Ito,54773249,yushin_full,zip,C:\Users\shiba\ptcc_pokemon_ai_buttle\data\runs\leaderboard_top50\alakazam\20260726_yushin_ito.zip,20260726_yushin_ito/episodes/87993046/replay/episode_87993046.json,0.5773502691896258,
87993671,1,3,Yushin Ito,54773249,yushin_full,zip,C:\Users\shiba\ptcc_pokemon_ai_buttle\data\runs\leaderboard_top50\alakazam\20260726_yushin_ito.zip,20260726_yushin_ito/episodes/87993671/replay/episode_87993671.json,0.5773502691896258,
87994237,1,3,Yushin Ito,54773249,yushin_full,zip,C:\Users\shiba\ptcc_pokemon_ai_buttle\data\runs\leaderboard_top50\alakazam\20260726_yushin_ito.zip,20260726_yushin_ito/episodes/87994237/replay/episode_87994237.json,0.5773502691896258,
87994806,0,3,Yushin Ito,54773249,yushin_full,zip,C:\Users\shiba\ptcc_pokemon_ai_buttle\data\runs\leaderboard_top50\alakazam\20260726_yushin_ito.zip,20260726_yushin_ito/episodes/87994806/replay/episode_87994806.json,0.5773502691896258,
87995364,1,3,Yushin Ito,54773249,yushin_full,zip,C:\Users\shiba\ptcc_pokemon_ai_buttle\data\runs\leaderboard_top50\alakazam\20260726_yushin_ito.zip,20260726_yushin_ito/episodes/87995364/replay/episode_87995364.json,0.5773502691896258,
87996012,1,3,Yushin Ito,54773249,yushin_full,zip,C:\Users\shiba\ptcc_pokemon_ai_buttle\data\runs\leaderboard_top50\alakazam\20260726_yushin_ito.zip,20260726_yushin_ito/episodes/87996012/replay/episode_87996012.json,0.5773502691896258,
87996606,0,3,Yushin Ito,54773249,yushin_full,zip,C:\Users\shiba\ptcc_pokemon_ai_buttle\data\runs\leaderboard_top50\alakazam\20260726_yushin_ito.zip,20260726_yushin_ito/episodes/87996606/replay/episode_87996606.json,0.5773502691896258,
87997228,0,3,Yushin Ito,54773249,yushin_full,zip,C:\Users\shiba\ptcc_pokemon_ai_buttle\data\runs\leaderboard_top50\alakazam\20260726_yushin_ito.zip,20260726_yushin_ito/episodes/87997228/replay/episode_87997228.json,0.5773502691896258,
87997617,0,3,Yushin Ito,54773249,yushin_full,zip,C:\Users\shiba\ptcc_pokemon_ai_buttle\data\runs\leaderboard_top50\alakazam\20260726_yushin_ito.zip,20260726_yushin_ito/episodes/87997617/replay/episode_87997617.json,0.5773502691896258,
87997831,1,3,Yushin Ito,54773249,yushin_full,zip,C:\Users\shiba\ptcc_pokemon_ai_buttle\data\runs\leaderboard_top50\alakazam\20260726_yushin_ito.zip,20260726_yushin_ito/episodes/87997831/replay/episode_87997831.json,0.5773502691896258,
87998492,0,3,Yushin Ito,54773249,yushin_full,zip,C:\Users\shiba\ptcc_pokemon_ai_buttle\data\runs\leaderboard_top50\alakazam\20260726_yushin_ito.zip,20260726_yushin_ito/episodes/87998492/replay/episode_87998492.json,0.5773502691896258,
87999160,1,3,Yushin Ito,54773249,yushin_full,zip,C:\Users\shiba\ptcc_pokemon_ai_buttle\data\runs\leaderboard_top50\alakazam\20260726_yushin_ito.zip,20260726_yushin_ito/episodes/87999160/replay/episode_87999160.json,0.5773502691896258,
87999161,0,3,Yushin Ito,54773249,yushin_full,zip,C:\Users\shiba\ptcc_pokemon_ai_buttle\data\runs\leaderboard_top50\alakazam\20260726_yushin_ito.zip,20260726_yushin_ito/episodes/87999161/replay/episode_87999161.json,0.5773502691896258,
87999680,1,3,Yushin Ito,54773249,yushin_full,zip,C:\Users\shiba\ptcc_pokemon_ai_buttle\data\runs\leaderboard_top50\alakazam\20260726_yushin_ito.zip,20260726_yushin_ito/episodes/87999680/replay/episode_87999680.json,0.5773502691896258,
88000277,1,3,Yushin Ito,54773249,yushin_full,zip,C:\Users\shiba\ptcc_pokemon_ai_buttle\data\runs\leaderboard_top50\alakazam\20260726_yushin_ito.zip,20260726_yushin_ito/episodes/88000277/replay/episode_88000277.json,0.5773502691896258,
88000869,0,3,Yushin Ito,54773249,yushin_full,zip,C:\Users\shiba\ptcc_pokemon_ai_buttle\data\runs\leaderboard_top50\alakazam\20260726_yushin_ito.zip,20260726_yushin_ito/episodes/88000869/replay/episode_88000869.json,0.5773502691896258,
88001528,0,3,Yushin Ito,54773249,yushin_full,zip,C:\Users\shiba\ptcc_pokemon_ai_buttle\data\runs\leaderboard_top50\alakazam\20260726_yushin_ito.zip,20260726_yushin_ito/episodes/88001528/replay/episode_88001528.json,0.5773502691896258,
88002128,0,3,Yushin Ito,54773249,yushin_full,zip,C:\Users\shiba\ptcc_pokemon_ai_buttle\data\runs\leaderboard_top50\alakazam\20260726_yushin_ito.zip,20260726_yushin_ito/episodes/88002128/replay/episode_88002128.json,0.5773502691896258,
88002730,0,3,Yushin Ito,54773249,yushin_full,zip,C:\Users\shiba\ptcc_pokemon_ai_buttle\data\runs\leaderboard_top50\alakazam\20260726_yushin_ito.zip,20260726_yushin_ito/episodes/88002730/replay/episode_88002730.json,0.5773502691896258,
88003369,0,3,Yushin Ito,54773249,yushin_full,zip,C:\Users\shiba\ptcc_pokemon_ai_buttle\data\runs\leaderboard_top50\alakazam\20260726_yushin_ito.zip,20260726_yushin_ito/episodes/88003369/replay/episode_88003369.json,0.5773502691896258,
88003982,0,3,Yushin Ito,54773249,yushin_full,zip,C:\Users\shiba\ptcc_pokemon_ai_buttle\data\runs\leaderboard_top50\alakazam\20260726_yushin_ito.zip,20260726_yushin_ito/episodes/88003982/replay/episode_88003982.json,0.5773502691896258,
88004600,0,3,Yushin Ito,54773249,yushin_full,zip,C:\Users\shiba\ptcc_pokemon_ai_buttle\data\runs\leaderboard_top50\alakazam\20260726_yushin_ito.zip,20260726_yushin_ito/episodes/88004600/replay/episode_88004600.json,0.5773502691896258,
88005232,1,3,Yushin Ito,54773249,yushin_full,zip,C:\Users\shiba\ptcc_pokemon_ai_buttle\data\runs\leaderboard_top50\alakazam\20260726_yushin_ito.zip,20260726_yushin_ito/episodes/88005232/replay/episode_88005232.json,0.5773502691896258,
88005858,1,3,Yushin Ito,54773249,yushin_full,zip,C:\Users\shiba\ptcc_pokemon_ai_buttle\data\runs\leaderboard_top50\alakazam\20260726_yushin_ito.zip,20260726_yushin_ito/episodes/88005858/replay/episode_88005858.json,0.5773502691896258,
88006473,0,3,Yushin Ito,54773249,yushin_full,zip,C:\Users\shiba\ptcc_pokemon_ai_buttle\data\runs\leaderboard_top50\alakazam\20260726_yushin_ito.zip,20260726_yushin_ito/episodes/88006473/replay/episode_88006473.json,0.5773502691896258,
88006483,1,3,Yushin Ito,54773249,yushin_full,zip,C:\Users\shiba\ptcc_pokemon_ai_buttle\data\runs\leaderboard_top50\alakazam\20260726_yushin_ito.zip,20260726_yushin_ito/episodes/88006483/replay/episode_88006483.json,0.5773502691896258,
88007106,0,3,Yushin Ito,54773249,yushin_full,zip,C:\Users\shiba\ptcc_pokemon_ai_buttle\data\runs\leaderboard_top50\alakazam\20260726_yushin_ito.zip,20260726_yushin_ito/episodes/88007106/replay/episode_88007106.json,0.5773502691896258,
88007120,1,3,Yushin Ito,54773249,yushin_full,zip,C:\Users\shiba\ptcc_pokemon_ai_buttle\data\runs\leaderboard_top50\alakazam\20260726_yushin_ito.zip,20260726_yushin_ito/episodes/88007120/replay/episode_88007120.json,0.5773502691896258,
88007753,1,3,Yushin Ito,54773249,yushin_full,zip,C:\Users\shiba\ptcc_pokemon_ai_buttle\data\runs\leaderboard_top50\alakazam\20260726_yushin_ito.zip,20260726_yushin_ito/episodes/88007753/replay/episode_88007753.json,0.5773502691896258,
88008385,1,3,Yushin Ito,54773249,yushin_full,zip,C:\Users\shiba\ptcc_pokemon_ai_buttle\data\runs\leaderboard_top50\alakazam\20260726_yushin_ito.zip,20260726_yushin_ito/episodes/88008385/replay/episode_88008385.json,0.5773502691896258,
88008997,0,3,Yushin Ito,54773249,yushin_full,zip,C:\Users\shiba\ptcc_pokemon_ai_buttle\data\runs\leaderboard_top50\alakazam\20260726_yushin_ito.zip,20260726_yushin_ito/episodes/88008997/replay/episode_88008997.json,0.5773502691896258,
88009006,0,3,Yushin Ito,54773249,yushin_full,zip,C:\Users\shiba\ptcc_pokemon_ai_buttle\data\runs\leaderboard_top50\alakazam\20260726_yushin_ito.zip,20260726_yushin_ito/episodes/88009006/replay/episode_88009006.json,0.5773502691896258,
88009615,1,3,Yushin Ito,54773249,yushin_full,zip,C:\Users\shiba\ptcc_pokemon_ai_buttle\data\runs\leaderboard_top50\alakazam\20260726_yushin_ito.zip,20260726_yushin_ito/episodes/88009615/replay/episode_88009615.json,0.5773502691896258,
88010229,1,3,Yushin Ito,54773249,yushin_full,zip,C:\Users\shiba\ptcc_pokemon_ai_buttle\data\runs\leaderboard_top50\alakazam\20260726_yushin_ito.zip,20260726_yushin_ito/episodes/88010229/replay/episode_88010229.json,0.5773502691896258,
88010829,1,3,Yushin Ito,54773249,yushin_full,zip,C:\Users\shiba\ptcc_pokemon_ai_buttle\data\runs\leaderboard_top50\alakazam\20260726_yushin_ito.zip,20260726_yushin_ito/episodes/88010829/replay/episode_88010829.json,0.5773502691896258,
88011438,0,3,Yushin Ito,54773249,yushin_full,zip,C:\Users\shiba\ptcc_pokemon_ai_buttle\data\runs\leaderboard_top50\alakazam\20260726_yushin_ito.zip,20260726_yushin_ito/episodes/88011438/replay/episode_88011438.json,0.5773502691896258,
88011445,0,3,Yushin Ito,54773249,yushin_full,zip,C:\Users\shiba\ptcc_pokemon_ai_buttle\data\runs\leaderboard_top50\alakazam\20260726_yushin_ito.zip,20260726_yushin_ito/episodes/88011445/replay/episode_88011445.json,0.5773502691896258,
88012048,0,3,Yushin Ito,54773249,yushin_full,zip,C:\Users\shiba\ptcc_pokemon_ai_buttle\data\runs\leaderboard_top50\alakazam\20260726_yushin_ito.zip,20260726_yushin_ito/episodes/88012048/replay/episode_88012048.json,0.5773502691896258,
88012605,0,3,Yushin Ito,54773249,yushin_full,zip,C:\Users\shiba\ptcc_pokemon_ai_buttle\data\runs\leaderboard_top50\alakazam\20260726_yushin_ito.zip,20260726_yushin_ito/episodes/88012605/replay/episode_88012605.json,0.5773502691896258,
88013293,0,3,Yushin Ito,54773249,yushin_full,zip,C:\Users\shiba\ptcc_pokemon_ai_buttle\data\runs\leaderboard_top50\alakazam\20260726_yushin_ito.zip,20260726_yushin_ito/episodes/88013293/replay/episode_88013293.json,0.5773502691896258,
88013905,1,3,Yushin Ito,54773249,yushin_full,zip,C:\Users\shiba\ptcc_pokemon_ai_buttle\data\runs\leaderboard_top50\alakazam\20260726_yushin_ito.zip,20260726_yushin_ito/episodes/88013905/replay/episode_88013905.json,0.5773502691896258,
88014538,0,3,Yushin Ito,54773249,yushin_full,zip,C:\Users\shiba\ptcc_pokemon_ai_buttle\data\runs\leaderboard_top50\alakazam\20260726_yushin_ito.zip,20260726_yushin_ito/episodes/88014538/replay/episode_88014538.json,0.5773502691896258,
88015139,0,3,Yushin Ito,54773249,yushin_full,zip,C:\Users\shiba\ptcc_pokemon_ai_buttle\data\runs\leaderboard_top50\alakazam\20260726_yushin_ito.zip,20260726_yushin_ito/episodes/88015139/replay/episode_88015139.json,0.5773502691896258,
88015754,0,3,Yushin Ito,54773249,yushin_full,zip,C:\Users\shiba\ptcc_pokemon_ai_buttle\data\runs\leaderboard_top50\alakazam\20260726_yushin_ito.zip,20260726_yushin_ito/episodes/88015754/replay/episode_88015754.json,0.5773502691896258,
88016360,0,3,Yushin Ito,54773249,yushin_full,zip,C:\Users\shiba\ptcc_pokemon_ai_buttle\data\runs\leaderboard_top50\alakazam\20260726_yushin_ito.zip,20260726_yushin_ito/episodes/88016360/replay/episode_88016360.json,0.5773502691896258,
88016981,0,3,Yushin Ito,54773249,yushin_full,zip,C:\Users\shiba\ptcc_pokemon_ai_buttle\data\runs\leaderboard_top50\alakazam\20260726_yushin_ito.zip,20260726_yushin_ito/episodes/88016981/replay/episode_88016981.json,0.5773502691896258,
88017600,1,3,Yushin Ito,54773249,yushin_full,zip,C:\Users\shiba\ptcc_pokemon_ai_buttle\data\runs\leaderboard_top50\alakazam\20260726_yushin_ito.zip,20260726_yushin_ito/episodes/88017600/replay/episode_88017600.json,0.5773502691896258,
88018214,1,3,Yushin Ito,54773249,yushin_full,zip,C:\Users\shiba\ptcc_pokemon_ai_buttle\data\runs\leaderboard_top50\alakazam\20260726_yushin_ito.zip,20260726_yushin_ito/episodes/88018214/replay/episode_88018214.json,0.5773502691896258,
88018825,0,3,Yushin Ito,54773249,yushin_full,zip,C:\Users\shiba\ptcc_pokemon_ai_buttle\data\runs\leaderboard_top50\alakazam\20260726_yushin_ito.zip,20260726_yushin_ito/episodes/88018825/replay/episode_88018825.json,0.5773502691896258,
88019449,1,3,Yushin Ito,54773249,yushin_full,zip,C:\Users\shiba\ptcc_pokemon_ai_buttle\data\runs\leaderboard_top50\alakazam\20260726_yushin_ito.zip,20260726_yushin_ito/episodes/88019449/replay/episode_88019449.json,0.5773502691896258,
88020005,1,3,Yushin Ito,54773249,yushin_full,zip,C:\Users\shiba\ptcc_pokemon_ai_buttle\data\runs\leaderboard_top50\alakazam\20260726_yushin_ito.zip,20260726_yushin_ito/episodes/88020005/replay/episode_88020005.json,0.5773502691896258,
88020517,1,3,Yushin Ito,54773249,yushin_full,zip,C:\Users\shiba\ptcc_pokemon_ai_buttle\data\runs\leaderboard_top50\alakazam\20260726_yushin_ito.zip,20260726_yushin_ito/episodes/88020517/replay/episode_88020517.json,0.5773502691896258,
88021046,0,3,Yushin Ito,54773249,yushin_full,zip,C:\Users\shiba\ptcc_pokemon_ai_buttle\data\runs\leaderboard_top50\alakazam\20260726_yushin_ito.zip,20260726_yushin_ito/episodes/88021046/replay/episode_88021046.json,0.5773502691896258,
88021588,1,3,Yushin Ito,54773249,yushin_full,zip,C:\Users\shiba\ptcc_pokemon_ai_buttle\data\runs\leaderboard_top50\alakazam\20260726_yushin_ito.zip,20260726_yushin_ito/episodes/88021588/replay/episode_88021588.json,0.5773502691896258,
88021600,1,3,Yushin Ito,54773249,yushin_full,zip,C:\Users\shiba\ptcc_pokemon_ai_buttle\data\runs\leaderboard_top50\alakazam\20260726_yushin_ito.zip,20260726_yushin_ito/episodes/88021600/replay/episode_88021600.json,0.5773502691896258,
88022067,0,3,Yushin Ito,54773249,yushin_full,zip,C:\Users\shiba\ptcc_pokemon_ai_buttle\data\runs\leaderboard_top50\alakazam\20260726_yushin_ito.zip,20260726_yushin_ito/episodes/88022067/replay/episode_88022067.json,0.5773502691896258,
88022576,1,3,Yushin Ito,54773249,yushin_full,zip,C:\Users\shiba\ptcc_pokemon_ai_buttle\data\runs\leaderboard_top50\alakazam\20260726_yushin_ito.zip,20260726_yushin_ito/episodes/88022576/replay/episode_88022576.json,0.5773502691896258,
88022577,0,3,Yushin Ito,54773249,yushin_full,zip,C:\Users\shiba\ptcc_pokemon_ai_buttle\data\runs\leaderboard_top50\alakazam\20260726_yushin_ito.zip,20260726_yushin_ito/episodes/88022577/replay/episode_88022577.json,0.5773502691896258,
88023091,1,3,Yushin Ito,54773249,yushin_full,zip,C:\Users\shiba\ptcc_pokemon_ai_buttle\data\runs\leaderboard_top50\alakazam\20260726_yushin_ito.zip,20260726_yushin_ito/episodes/88023091/replay/episode_88023091.json,0.5773502691896258,
88023550,0,3,Yushin Ito,54773249,yushin_full,zip,C:\Users\shiba\ptcc_pokemon_ai_buttle\data\runs\leaderboard_top50\alakazam\20260726_yushin_ito.zip,20260726_yushin_ito/episodes/88023550/replay/episode_88023550.json,0.5773502691896258,
88023853,0,3,Yushin Ito,54773249,yushin_full,zip,C:\Users\shiba\ptcc_pokemon_ai_buttle\data\runs\leaderboard_top50\alakazam\20260726_yushin_ito.zip,20260726_yushin_ito/episodes/88023853/replay/episode_88023853.json,0.5773502691896258,
88023993,1,3,Yushin Ito,54773249,yushin_full,zip,C:\Users\shiba\ptcc_pokemon_ai_buttle\data\runs\leaderboard_top50\alakazam\20260726_yushin_ito.zip,20260726_yushin_ito/episodes/88023993/replay/episode_88023993.json,0.5773502691896258,
88024570,0,3,Yushin Ito,54773249,yushin_full,zip,C:\Users\shiba\ptcc_pokemon_ai_buttle\data\runs\leaderboard_top50\alakazam\20260726_yushin_ito.zip,20260726_yushin_ito/episodes/88024570/replay/episode_88024570.json,0.5773502691896258,
88025240,1,3,Yushin Ito,54773249,yushin_full,zip,C:\Users\shiba\ptcc_pokemon_ai_buttle\data\runs\leaderboard_top50\alakazam\20260726_yushin_ito.zip,20260726_yushin_ito/episodes/88025240/replay/episode_88025240.json,0.5773502691896258,
88025841,0,3,Yushin Ito,54773249,yushin_full,zip,C:\Users\shiba\ptcc_pokemon_ai_buttle\data\runs\leaderboard_top50\alakazam\20260726_yushin_ito.zip,20260726_yushin_ito/episodes/88025841/replay/episode_88025841.json,0.5773502691896258,
88026464,0,3,Yushin Ito,54773249,yushin_full,zip,C:\Users\shiba\ptcc_pokemon_ai_buttle\data\runs\leaderboard_top50\alakazam\20260726_yushin_ito.zip,20260726_yushin_ito/episodes/88026464/replay/episode_88026464.json,0.5773502691896258,
88027004,1,3,Yushin Ito,54773249,yushin_full,zip,C:\Users\shiba\ptcc_pokemon_ai_buttle\data\runs\leaderboard_top50\alakazam\20260726_yushin_ito.zip,20260726_yushin_ito/episodes/88027004/replay/episode_88027004.json,0.5773502691896258,
88027633,1,3,Yushin Ito,54773249,yushin_full,zip,C:\Users\shiba\ptcc_pokemon_ai_buttle\data\runs\leaderboard_top50\alakazam\20260726_yushin_ito.zip,20260726_yushin_ito/episodes/88027633/replay/episode_88027633.json,0.5773502691896258,
88028244,1,3,Yushin Ito,54773249,yushin_full,zip,C:\Users\shiba\ptcc_pokemon_ai_buttle\data\runs\leaderboard_top50\alakazam\20260726_yushin_ito.zip,20260726_yushin_ito/episodes/88028244/replay/episode_88028244.json,0.5773502691896258,
88028860,0,3,Yushin Ito,54773249,yushin_full,zip,C:\Users\shiba\ptcc_pokemon_ai_buttle\data\runs\leaderboard_top50\alakazam\20260726_yushin_ito.zip,20260726_yushin_ito/episodes/88028860/replay/episode_88028860.json,0.5773502691896258,
88029457,1,3,Yushin Ito,54773249,yushin_full,zip,C:\Users\shiba\ptcc_pokemon_ai_buttle\data\runs\leaderboard_top50\alakazam\20260726_yushin_ito.zip,20260726_yushin_ito/episodes/88029457/replay/episode_88029457.json,0.5773502691896258,
88030067,0,3,Yushin Ito,54773249,yushin_full,zip,C:\Users\shiba\ptcc_pokemon_ai_buttle\data\runs\leaderboard_top50\alakazam\20260726_yushin_ito.zip,20260726_yushin_ito/episodes/88030067/replay/episode_88030067.json,0.5773502691896258,
88030689,1,3,Yushin Ito,54773249,yushin_full,zip,C:\Users\shiba\ptcc_pokemon_ai_buttle\data\runs\leaderboard_top50\alakazam\20260726_yushin_ito.zip,20260726_yushin_ito/episodes/88030689/replay/episode_88030689.json,0.5773502691896258,
88031277,0,3,Yushin Ito,54773249,yushin_full,zip,C:\Users\shiba\ptcc_pokemon_ai_buttle\data\runs\leaderboard_top50\alakazam\20260726_yushin_ito.zip,20260726_yushin_ito/episodes/88031277/replay/episode_88031277.json,0.5773502691896258,
88031818,1,3,Yushin Ito,54773249,yushin_full,zip,C:\Users\shiba\ptcc_pokemon_ai_buttle\data\runs\leaderboard_top50\alakazam\20260726_yushin_ito.zip,20260726_yushin_ito/episodes/88031818/replay/episode_88031818.json,0.5773502691896258,
88032430,0,3,Yushin Ito,54773249,yushin_full,zip,C:\Users\shiba\ptcc_pokemon_ai_buttle\data\runs\leaderboard_top50\alakazam\20260726_yushin_ito.zip,20260726_yushin_ito/episodes/88032430/replay/episode_88032430.json,0.5773502691896258,
88033024,1,3,Yushin Ito,54773249,yushin_full,zip,C:\Users\shiba\ptcc_pokemon_ai_buttle\data\runs\leaderboard_top50\alakazam\20260726_yushin_ito.zip,20260726_yushin_ito/episodes/88033024/replay/episode_88033024.json,0.5773502691896258,
88033588,1,3,Yushin Ito,54773249,yushin_full,zip,C:\Users\shiba\ptcc_pokemon_ai_buttle\data\runs\leaderboard_top50\alakazam\20260726_yushin_ito.zip,20260726_yushin_ito/episodes/88033588/replay/episode_88033588.json,0.5773502691896258,
88033649,1,3,Yushin Ito,54773249,yushin_full,zip,C:\Users\shiba\ptcc_pokemon_ai_buttle\data\runs\leaderboard_top50\alakazam\20260726_yushin_ito.zip,20260726_yushin_ito/episodes/88033649/replay/episode_88033649.json,0.5773502691896258,
88033661,0,3,Yushin Ito,54773249,yushin_full,zip,C:\Users\shiba\ptcc_pokemon_ai_buttle\data\runs\leaderboard_top50\alakazam\20260726_yushin_ito.zip,20260726_yushin_ito/episodes/88033661/replay/episode_88033661.json,0.5773502691896258,
88034266,1,3,Yushin Ito,54773249,yushin_full,zip,C:\Users\shiba\ptcc_pokemon_ai_buttle\data\runs\leaderboard_top50\alakazam\20260726_yushin_ito.zip,20260726_yushin_ito/episodes/88034266/replay/episode_88034266.json,0.5773502691896258,
88034937,0,3,Yushin Ito,54773249,yushin_full,zip,C:\Users\shiba\ptcc_pokemon_ai_buttle\data\runs\leaderboard_top50\alakazam\20260726_yushin_ito.zip,20260726_yushin_ito/episodes/88034937/replay/episode_88034937.json,0.5773502691896258,
88035532,1,3,Yushin Ito,54773249,yushin_full,zip,C:\Users\shiba\ptcc_pokemon_ai_buttle\data\runs\leaderboard_top50\alakazam\20260726_yushin_ito.zip,20260726_yushin_ito/episodes/88035532/replay/episode_88035532.json,0.5773502691896258,
88036139,0,3,Yushin Ito,54773249,yushin_full,zip,C:\Users\shiba\ptcc_pokemon_ai_buttle\data\runs\leaderboard_top50\alakazam\20260726_yushin_ito.zip,20260726_yushin_ito/episodes/88036139/replay/episode_88036139.json,0.5773502691896258,
88036751,0,3,Yushin Ito,54773249,yushin_full,zip,C:\Users\shiba\ptcc_pokemon_ai_buttle\data\runs\leaderboard_top50\alakazam\20260726_yushin_ito.zip,20260726_yushin_ito/episodes/88036751/replay/episode_88036751.json,0.5773502691896258,
88037371,0,3,Yushin Ito,54773249,yushin_full,zip,C:\Users\shiba\ptcc_pokemon_ai_buttle\data\runs\leaderboard_top50\alakazam\20260726_yushin_ito.zip,20260726_yushin_ito/episodes/88037371/replay/episode_88037371.json,0.5773502691896258,
88038003,0,3,Yushin Ito,54773249,yushin_full,zip,C:\Users\shiba\ptcc_pokemon_ai_buttle\data\runs\leaderboard_top50\alakazam\20260726_yushin_ito.zip,20260726_yushin_ito/episodes/88038003/replay/episode_88038003.json,0.5773502691896258,
88038090,1,3,Yushin Ito,54773249,yushin_full,zip,C:\Users\shiba\ptcc_pokemon_ai_buttle\data\runs\leaderboard_top50\alakazam\20260726_yushin_ito.zip,20260726_yushin_ito/episodes/88038090/replay/episode_88038090.json,0.5773502691896258,
88038574,0,3,Yushin Ito,54773249,yushin_full,zip,C:\Users\shiba\ptcc_pokemon_ai_buttle\data\runs\leaderboard_top50\alakazam\20260726_yushin_ito.zip,20260726_yushin_ito/episodes/88038574/replay/episode_88038574.json,0.5773502691896258,
88038612,1,3,Yushin Ito,54773249,yushin_full,zip,C:\Users\shiba\ptcc_pokemon_ai_buttle\data\runs\leaderboard_top50\alakazam\20260726_yushin_ito.zip,20260726_yushin_ito/episodes/88038612/replay/episode_88038612.json,0.5773502691896258,
88039239,0,3,Yushin Ito,54773249,yushin_full,zip,C:\Users\shiba\ptcc_pokemon_ai_buttle\data\runs\leaderboard_top50\alakazam\20260726_yushin_ito.zip,20260726_yushin_ito/episodes/88039239/replay/episode_88039239.json,0.5773502691896258,
88039257,0,3,Yushin Ito,54773249,yushin_full,zip,C:\Users\shiba\ptcc_pokemon_ai_buttle\data\runs\leaderboard_top50\alakazam\20260726_yushin_ito.zip,20260726_yushin_ito/episodes/88039257/replay/episode_88039257.json,0.5773502691896258,
88039845,0,3,Yushin Ito,54773249,yushin_full,zip,C:\Users\shiba\ptcc_pokemon_ai_buttle\data\runs\leaderboard_top50\alakazam\20260726_yushin_ito.zip,20260726_yushin_ito/episodes/88039845/replay/episode_88039845.json,0.5773502691896258,
88039853,0,3,Yushin Ito,54773249,yushin_full,zip,C:\Users\shiba\ptcc_pokemon_ai_buttle\data\runs\leaderboard_top50\alakazam\20260726_yushin_ito.zip,20260726_yushin_ito/episodes/88039853/replay/episode_88039853.json,0.5773502691896258,
88040461,0,3,Yushin Ito,54773249,yushin_full,zip,C:\Users\shiba\ptcc_pokemon_ai_buttle\data\runs\leaderboard_top50\alakazam\20260726_yushin_ito.zip,20260726_yushin_ito/episodes/88040461/replay/episode_88040461.json,0.5773502691896258,
88041083,0,3,Yushin Ito,54773249,yushin_full,zip,C:\Users\shiba\ptcc_pokemon_ai_buttle\data\runs\leaderboard_top50\alakazam\20260726_yushin_ito.zip,20260726_yushin_ito/episodes/88041083/replay/episode_88041083.json,0.5773502691896258,
88041094,0,3,Yushin Ito,54773249,yushin_full,zip,C:\Users\shiba\ptcc_pokemon_ai_buttle\data\runs\leaderboard_top50\alakazam\20260726_yushin_ito.zip,20260726_yushin_ito/episodes/88041094/replay/episode_88041094.json,0.5773502691896258,
88041669,0,3,Yushin Ito,54773249,yushin_full,zip,C:\Users\shiba\ptcc_pokemon_ai_buttle\data\runs\leaderboard_top50\alakazam\20260726_yushin_ito.zip,20260726_yushin_ito/episodes/88041669/replay/episode_88041669.json,0.5773502691896258,
88042269,0,3,Yushin Ito,54773249,yushin_full,zip,C:\Users\shiba\ptcc_pokemon_ai_buttle\data\runs\leaderboard_top50\alakazam\20260726_yushin_ito.zip,20260726_yushin_ito/episodes/88042269/replay/episode_88042269.json,0.5773502691896258,
88042882,1,3,Yushin Ito,54773249,yushin_full,zip,C:\Users\shiba\ptcc_pokemon_ai_buttle\data\runs\leaderboard_top50\alakazam\20260726_yushin_ito.zip,20260726_yushin_ito/episodes/88042882/replay/episode_88042882.json,0.5773502691896258,
88042945,1,3,Yushin Ito,54773249,yushin_full,zip,C:\Users\shiba\ptcc_pokemon_ai_buttle\data\runs\leaderboard_top50\alakazam\20260726_yushin_ito.zip,20260726_yushin_ito/episodes/88042945/replay/episode_88042945.json,0.5773502691896258,
88043490,1,3,Yushin Ito,54773249,yushin_full,zip,C:\Users\shiba\ptcc_pokemon_ai_buttle\data\runs\leaderboard_top50\alakazam\20260726_yushin_ito.zip,20260726_yushin_ito/episodes/88043490/replay/episode_88043490.json,0.5773502691896258,
88044086,0,3,Yushin Ito,54773249,yushin_full,zip,C:\Users\shiba\ptcc_pokemon_ai_buttle\data\runs\leaderboard_top50\alakazam\20260726_yushin_ito.zip,20260726_yushin_ito/episodes/88044086/replay/episode_88044086.json,0.5773502691896258,
88044096,1,3,Yushin Ito,54773249,yushin_full,zip,C:\Users\shiba\ptcc_pokemon_ai_buttle\data\runs\leaderboard_top50\alakazam\20260726_yushin_ito.zip,20260726_yushin_ito/episodes/88044096/replay/episode_88044096.json,0.5773502691896258,
88044705,1,3,Yushin Ito,54773249,yushin_full,zip,C:\Users\shiba\ptcc_pokemon_ai_buttle\data\runs\leaderboard_top50\alakazam\20260726_yushin_ito.zip,20260726_yushin_ito/episodes/88044705/replay/episode_88044705.json,0.5773502691896258,
88045302,1,3,Yushin Ito,54773249,yushin_full,zip,C:\Users\shiba\ptcc_pokemon_ai_buttle\data\runs\leaderboard_top50\alakazam\20260726_yushin_ito.zip,20260726_yushin_ito/episodes/88045302/replay/episode_88045302.json,0.5773502691896258,
88045844,0,3,Yushin Ito,54773249,yushin_full,zip,C:\Users\shiba\ptcc_pokemon_ai_buttle\data\runs\leaderboard_top50\alakazam\20260726_yushin_ito.zip,20260726_yushin_ito/episodes/88045844/replay/episode_88045844.json,0.5773502691896258,
88046456,0,3,Yushin Ito,54773249,yushin_full,zip,C:\Users\shiba\ptcc_pokemon_ai_buttle\data\runs\leaderboard_top50\alakazam\20260726_yushin_ito.zip,20260726_yushin_ito/episodes/88046456/replay/episode_88046456.json,0.5773502691896258,
88046992,1,3,Yushin Ito,54773249,yushin_full,zip,C:\Users\shiba\ptcc_pokemon_ai_buttle\data\runs\leaderboard_top50\alakazam\20260726_yushin_ito.zip,20260726_yushin_ito/episodes/88046992/replay/episode_88046992.json,0.5773502691896258,
88047585,1,3,Yushin Ito,54773249,yushin_full,zip,C:\Users\shiba\ptcc_pokemon_ai_buttle\data\runs\leaderboard_top50\alakazam\20260726_yushin_ito.zip,20260726_yushin_ito/episodes/88047585/replay/episode_88047585.json,0.5773502691896258,
88047589,0,3,Yushin Ito,54773249,yushin_full,zip,C:\Users\shiba\ptcc_pokemon_ai_buttle\data\runs\leaderboard_top50\alakazam\20260726_yushin_ito.zip,20260726_yushin_ito/episodes/88047589/replay/episode_88047589.json,0.5773502691896258,
88048180,1,3,Yushin Ito,54773249,yushin_full,zip,C:\Users\shiba\ptcc_pokemon_ai_buttle\data\runs\leaderboard_top50\alakazam\20260726_yushin_ito.zip,20260726_yushin_ito/episodes/88048180/replay/episode_88048180.json,0.5773502691896258,
88048197,1,3,Yushin Ito,54773249,yushin_full,zip,C:\Users\shiba\ptcc_pokemon_ai_buttle\data\runs\leaderboard_top50\alakazam\20260726_yushin_ito.zip,20260726_yushin_ito/episodes/88048197/replay/episode_88048197.json,0.5773502691896258,
88048341,0,3,Yushin Ito,54773249,yushin_full,zip,C:\Users\shiba\ptcc_pokemon_ai_buttle\data\runs\leaderboard_top50\alakazam\20260726_yushin_ito.zip,20260726_yushin_ito/episodes/88048341/replay/episode_88048341.json,0.5773502691896258,
88048789,1,3,Yushin Ito,54773249,yushin_full,zip,C:\Users\shiba\ptcc_pokemon_ai_buttle\data\runs\leaderboard_top50\alakazam\20260726_yushin_ito.zip,20260726_yushin_ito/episodes/88048789/replay/episode_88048789.json,0.5773502691896258,
88048799,0,3,Yushin Ito,54773249,yushin_full,zip,C:\Users\shiba\ptcc_pokemon_ai_buttle\data\runs\leaderboard_top50\alakazam\20260726_yushin_ito.zip,20260726_yushin_ito/episodes/88048799/replay/episode_88048799.json,0.5773502691896258,
88049321,1,3,Yushin Ito,54773249,yushin_full,zip,C:\Users\shiba\ptcc_pokemon_ai_buttle\data\runs\leaderboard_top50\alakazam\20260726_yushin_ito.zip,20260726_yushin_ito/episodes/88049321/replay/episode_88049321.json,0.5773502691896258,
88049416,0,3,Yushin Ito,54773249,yushin_full,zip,C:\Users\shiba\ptcc_pokemon_ai_buttle\data\runs\leaderboard_top50\alakazam\20260726_yushin_ito.zip,20260726_yushin_ito/episodes/88049416/replay/episode_88049416.json,0.5773502691896258,
88050020,0,3,Yushin Ito,54773249,yushin_full,zip,C:\Users\shiba\ptcc_pokemon_ai_buttle\data\runs\leaderboard_top50\alakazam\20260726_yushin_ito.zip,20260726_yushin_ito/episodes/88050020/replay/episode_88050020.json,0.5773502691896258,
88050161,1,3,Yushin Ito,54773249,yushin_full,zip,C:\Users\shiba\ptcc_pokemon_ai_buttle\data\runs\leaderboard_top50\alakazam\20260726_yushin_ito.zip,20260726_yushin_ito/episodes/88050161/replay/episode_88050161.json,0.5773502691896258,
88050641,0,3,Yushin Ito,54773249,yushin_full,zip,C:\Users\shiba\ptcc_pokemon_ai_buttle\data\runs\leaderboard_top50\alakazam\20260726_yushin_ito.zip,20260726_yushin_ito/episodes/88050641/replay/episode_88050641.json,0.5773502691896258,
88051262,0,3,Yushin Ito,54773249,yushin_full,zip,C:\Users\shiba\ptcc_pokemon_ai_buttle\data\runs\leaderboard_top50\alakazam\20260726_yushin_ito.zip,20260726_yushin_ito/episodes/88051262/replay/episode_88051262.json,0.5773502691896258,
88051265,0,3,Yushin Ito,54773249,yushin_full,zip,C:\Users\shiba\ptcc_pokemon_ai_buttle\data\runs\leaderboard_top50\alakazam\20260726_yushin_ito.zip,20260726_yushin_ito/episodes/88051265/replay/episode_88051265.json,0.5773502691896258,
88051861,0,3,Yushin Ito,54773249,yushin_full,zip,C:\Users\shiba\ptcc_pokemon_ai_buttle\data\runs\leaderboard_top50\alakazam\20260726_yushin_ito.zip,20260726_yushin_ito/episodes/88051861/replay/episode_88051861.json,0.5773502691896258,
88052461,0,3,Yushin Ito,54773249,yushin_full,zip,C:\Users\shiba\ptcc_pokemon_ai_buttle\data\runs\leaderboard_top50\alakazam\20260726_yushin_ito.zip,20260726_yushin_ito/episodes/88052461/replay/episode_88052461.json,0.5773502691896258,
88052483,1,3,Yushin Ito,54773249,yushin_full,zip,C:\Users\shiba\ptcc_pokemon_ai_buttle\data\runs\leaderboard_top50\alakazam\20260726_yushin_ito.zip,20260726_yushin_ito/episodes/88052483/replay/episode_88052483.json,0.5773502691896258,
88053090,1,3,Yushin Ito,54773249,yushin_full,zip,C:\Users\shiba\ptcc_pokemon_ai_buttle\data\runs\leaderboard_top50\alakazam\20260726_yushin_ito.zip,20260726_yushin_ito/episodes/88053090/replay/episode_88053090.json,0.5773502691896258,
88053710,0,3,Yushin Ito,54773249,yushin_full,zip,C:\Users\shiba\ptcc_pokemon_ai_buttle\data\runs\leaderboard_top50\alakazam\20260726_yushin_ito.zip,20260726_yushin_ito/episodes/88053710/replay/episode_88053710.json,0.5773502691896258,
88054339,0,3,Yushin Ito,54773249,yushin_full,zip,C:\Users\shiba\ptcc_pokemon_ai_buttle\data\runs\leaderboard_top50\alakazam\20260726_yushin_ito.zip,20260726_yushin_ito/episodes/88054339/replay/episode_88054339.json,0.5773502691896258,
88054349,1,3,Yushin Ito,54773249,yushin_full,zip,C:\Users\shiba\ptcc_pokemon_ai_buttle\data\runs\leaderboard_top50\alakazam\20260726_yushin_ito.zip,20260726_yushin_ito/episodes/88054349/replay/episode_88054349.json,0.5773502691896258,
88054953,0,3,Yushin Ito,54773249,yushin_full,zip,C:\Users\shiba\ptcc_pokemon_ai_buttle\data\runs\leaderboard_top50\alakazam\20260726_yushin_ito.zip,20260726_yushin_ito/episodes/88054953/replay/episode_88054953.json,0.5773502691896258,
88055558,0,3,Yushin Ito,54773249,yushin_full,zip,C:\Users\shiba\ptcc_pokemon_ai_buttle\data\runs\leaderboard_top50\alakazam\20260726_yushin_ito.zip,20260726_yushin_ito/episodes/88055558/replay/episode_88055558.json,0.5773502691896258,
88056173,0,3,Yushin Ito,54773249,yushin_full,zip,C:\Users\shiba\ptcc_pokemon_ai_buttle\data\runs\leaderboard_top50\alakazam\20260726_yushin_ito.zip,20260726_yushin_ito/episodes/88056173/replay/episode_88056173.json,0.5773502691896258,
88056188,1,3,Yushin Ito,54773249,yushin_full,zip,C:\Users\shiba\ptcc_pokemon_ai_buttle\data\runs\leaderboard_top50\alakazam\20260726_yushin_ito.zip,20260726_yushin_ito/episodes/88056188/replay/episode_88056188.json,0.5773502691896258,
88057437,0,3,Yushin Ito,54773249,yushin_full,zip,C:\Users\shiba\ptcc_pokemon_ai_buttle\data\runs\leaderboard_top50\alakazam\20260726_yushin_ito.zip,20260726_yushin_ito/episodes/88057437/replay/episode_88057437.json,0.5773502691896258,
88060524,1,3,Yushin Ito,54773249,yushin_full,zip,C:\Users\shiba\ptcc_pokemon_ai_buttle\data\runs\leaderboard_top50\alakazam\20260726_yushin_ito.zip,20260726_yushin_ito/episodes/88060524/replay/episode_88060524.json,0.5773502691896258,
88062284,1,3,Yushin Ito,54773249,yushin_full,zip,C:\Users\shiba\ptcc_pokemon_ai_buttle\data\runs\leaderboard_top50\alakazam\20260726_yushin_ito.zip,20260726_yushin_ito/episodes/88062284/replay/episode_88062284.json,0.5773502691896258,
88063466,1,3,Yushin Ito,54773249,yushin_full,zip,C:\Users\shiba\ptcc_pokemon_ai_buttle\data\runs\leaderboard_top50\alakazam\20260726_yushin_ito.zip,20260726_yushin_ito/episodes/88063466/replay/episode_88063466.json,0.5773502691896258,
88063594,1,3,Yushin Ito,54773249,yushin_full,zip,C:\Users\shiba\ptcc_pokemon_ai_buttle\data\runs\leaderboard_top50\alakazam\20260726_yushin_ito.zip,20260726_yushin_ito/episodes/88063594/replay/episode_88063594.json,0.5773502691896258,
88064193,0,3,Yushin Ito,54773249,yushin_full,zip,C:\Users\shiba\ptcc_pokemon_ai_buttle\data\runs\leaderboard_top50\alakazam\20260726_yushin_ito.zip,20260726_yushin_ito/episodes/88064193/replay/episode_88064193.json,0.5773502691896258,
88064664,0,3,Yushin Ito,54773249,yushin_full,zip,C:\Users\shiba\ptcc_pokemon_ai_buttle\data\runs\leaderboard_top50\alakazam\20260726_yushin_ito.zip,20260726_yushin_ito/episodes/88064664/replay/episode_88064664.json,0.5773502691896258,
88065410,1,3,Yushin Ito,54773249,yushin_full,zip,C:\Users\shiba\ptcc_pokemon_ai_buttle\data\runs\leaderboard_top50\alakazam\20260726_yushin_ito.zip,20260726_yushin_ito/episodes/88065410/replay/episode_88065410.json,0.5773502691896258,
88066548,0,3,Yushin Ito,54773249,yushin_full,zip,C:\Users\shiba\ptcc_pokemon_ai_buttle\data\runs\leaderboard_top50\alakazam\20260726_yushin_ito.zip,20260726_yushin_ito/episodes/88066548/replay/episode_88066548.json,0.5773502691896258,
88068134,0,3,Yushin Ito,54773249,yushin_full,zip,C:\Users\shiba\ptcc_pokemon_ai_buttle\data\runs\leaderboard_top50\alakazam\20260726_yushin_ito.zip,20260726_yushin_ito/episodes/88068134/replay/episode_88068134.json,0.5773502691896258,
88068312,0,3,Yushin Ito,54773249,yushin_full,zip,C:\Users\shiba\ptcc_pokemon_ai_buttle\data\runs\leaderboard_top50\alakazam\20260726_yushin_ito.zip,20260726_yushin_ito/episodes/88068312/replay/episode_88068312.json,0.5773502691896258,
88072129,0,3,Yushin Ito,54773249,yushin_full,zip,C:\Users\shiba\ptcc_pokemon_ai_buttle\data\runs\leaderboard_top50\alakazam\20260726_yushin_ito.zip,20260726_yushin_ito/episodes/88072129/replay/episode_88072129.json,0.5773502691896258,
88075053,1,3,Yushin Ito,54773249,yushin_full,zip,C:\Users\shiba\ptcc_pokemon_ai_buttle\data\runs\leaderboard_top50\alakazam\20260726_yushin_ito.zip,20260726_yushin_ito/episodes/88075053/replay/episode_88075053.json,0.5773502691896258,
88075150,1,3,Yushin Ito,54773249,yushin_full,zip,C:\Users\shiba\ptcc_pokemon_ai_buttle\data\runs\leaderboard_top50\alakazam\20260726_yushin_ito.zip,20260726_yushin_ito/episodes/88075150/replay/episode_88075150.json,0.5773502691896258,
88084547,0,3,Yushin Ito,54773249,yushin_full,zip,C:\Users\shiba\ptcc_pokemon_ai_buttle\data\runs\leaderboard_top50\alakazam\20260726_yushin_ito.zip,20260726_yushin_ito/episodes/88084547/replay/episode_88084547.json,0.5773502691896258,
88086083,1,3,Yushin Ito,54773249,yushin_full,zip,C:\Users\shiba\ptcc_pokemon_ai_buttle\data\runs\leaderboard_top50\alakazam\20260726_yushin_ito.zip,20260726_yushin_ito/episodes/88086083/replay/episode_88086083.json,0.5773502691896258,
88091225,1,3,Yushin Ito,54773249,yushin_full,zip,C:\Users\shiba\ptcc_pokemon_ai_buttle\data\runs\leaderboard_top50\alakazam\20260726_yushin_ito.zip,20260726_yushin_ito/episodes/88091225/replay/episode_88091225.json,0.5773502691896258,
88097222,0,3,Yushin Ito,54773249,yushin_full,zip,C:\Users\shiba\ptcc_pokemon_ai_buttle\data\runs\leaderboard_top50\alakazam\20260726_yushin_ito.zip,20260726_yushin_ito/episodes/88097222/replay/episode_88097222.json,0.5773502691896258,
88104541,0,3,Yushin Ito,54773249,yushin_full,zip,C:\Users\shiba\ptcc_pokemon_ai_buttle\data\runs\leaderboard_top50\alakazam\20260726_yushin_ito.zip,20260726_yushin_ito/episodes/88104541/replay/episode_88104541.json,0.5773502691896258,
88109567,0,3,Yushin Ito,54773249,yushin_full,zip,C:\Users\shiba\ptcc_pokemon_ai_buttle\data\runs\leaderboard_top50\alakazam\20260726_yushin_ito.zip,20260726_yushin_ito/episodes/88109567/replay/episode_88109567.json,0.5773502691896258,
88110517,1,3,Yushin Ito,54773249,yushin_full,zip,C:\Users\shiba\ptcc_pokemon_ai_buttle\data\runs\leaderboard_top50\alakazam\20260726_yushin_ito.zip,20260726_yushin_ito/episodes/88110517/replay/episode_88110517.json,0.5773502691896258,
88112155,1,3,Yushin Ito,54773249,yushin_full,zip,C:\Users\shiba\ptcc_pokemon_ai_buttle\data\runs\leaderboard_top50\alakazam\20260726_yushin_ito.zip,20260726_yushin_ito/episodes/88112155/replay/episode_88112155.json,0.5773502691896258,
88112442,0,3,Yushin Ito,54773249,yushin_full,zip,C:\Users\shiba\ptcc_pokemon_ai_buttle\data\runs\leaderboard_top50\alakazam\20260726_yushin_ito.zip,20260726_yushin_ito/episodes/88112442/replay/episode_88112442.json,0.5773502691896258,
88112631,0,3,Yushin Ito,54773249,yushin_full,zip,C:\Users\shiba\ptcc_pokemon_ai_buttle\data\runs\leaderboard_top50\alakazam\20260726_yushin_ito.zip,20260726_yushin_ito/episodes/88112631/replay/episode_88112631.json,0.5773502691896258,
88113176,0,3,Yushin Ito,54773249,yushin_full,zip,C:\Users\shiba\ptcc_pokemon_ai_buttle\data\runs\leaderboard_top50\alakazam\20260726_yushin_ito.zip,20260726_yushin_ito/episodes/88113176/replay/episode_88113176.json,0.5773502691896258,
88113721,0,3,Yushin Ito,54773249,yushin_full,zip,C:\Users\shiba\ptcc_pokemon_ai_buttle\data\runs\leaderboard_top50\alakazam\20260726_yushin_ito.zip,20260726_yushin_ito/episodes/88113721/replay/episode_88113721.json,0.5773502691896258,
88114282,0,3,Yushin Ito,54773249,yushin_full,zip,C:\Users\shiba\ptcc_pokemon_ai_buttle\data\runs\leaderboard_top50\alakazam\20260726_yushin_ito.zip,20260726_yushin_ito/episodes/88114282/replay/episode_88114282.json,0.5773502691896258,
88114826,0,3,Yushin Ito,54773249,yushin_full,zip,C:\Users\shiba\ptcc_pokemon_ai_buttle\data\runs\leaderboard_top50\alakazam\20260726_yushin_ito.zip,20260726_yushin_ito/episodes/88114826/replay/episode_88114826.json,0.5773502691896258,
88114833,1,3,Yushin Ito,54773249,yushin_full,zip,C:\Users\shiba\ptcc_pokemon_ai_buttle\data\runs\leaderboard_top50\alakazam\20260726_yushin_ito.zip,20260726_yushin_ito/episodes/88114833/replay/episode_88114833.json,0.5773502691896258,
88114846,1,3,Yushin Ito,54773249,yushin_full,zip,C:\Users\shiba\ptcc_pokemon_ai_buttle\data\runs\leaderboard_top50\alakazam\20260726_yushin_ito.zip,20260726_yushin_ito/episodes/88114846/replay/episode_88114846.json,0.5773502691896258,
88114881,1,3,Yushin Ito,54773249,yushin_full,zip,C:\Users\shiba\ptcc_pokemon_ai_buttle\data\runs\leaderboard_top50\alakazam\20260726_yushin_ito.zip,20260726_yushin_ito/episodes/88114881/replay/episode_88114881.json,0.5773502691896258,
88115394,0,3,Yushin Ito,54773249,yushin_full,zip,C:\Users\shiba\ptcc_pokemon_ai_buttle\data\runs\leaderboard_top50\alakazam\20260726_yushin_ito.zip,20260726_yushin_ito/episodes/88115394/replay/episode_88115394.json,0.5773502691896258,
88115774,1,3,Yushin Ito,54773249,yushin_full,zip,C:\Users\shiba\ptcc_pokemon_ai_buttle\data\runs\leaderboard_top50\alakazam\20260726_yushin_ito.zip,20260726_yushin_ito/episodes/88115774/replay/episode_88115774.json,0.5773502691896258,
88115948,1,3,Yushin Ito,54773249,yushin_full,zip,C:\Users\shiba\ptcc_pokemon_ai_buttle\data\runs\leaderboard_top50\alakazam\20260726_yushin_ito.zip,20260726_yushin_ito/episodes/88115948/replay/episode_88115948.json,0.5773502691896258,
88116458,0,3,Yushin Ito,54773249,yushin_full,zip,C:\Users\shiba\ptcc_pokemon_ai_buttle\data\runs\leaderboard_top50\alakazam\20260726_yushin_ito.zip,20260726_yushin_ito/episodes/88116458/replay/episode_88116458.json,0.5773502691896258,
88116992,1,3,Yushin Ito,54773249,yushin_full,zip,C:\Users\shiba\ptcc_pokemon_ai_buttle\data\runs\leaderboard_top50\alakazam\20260726_yushin_ito.zip,20260726_yushin_ito/episodes/88116992/replay/episode_88116992.json,0.5773502691896258,
88117517,0,3,Yushin Ito,54773249,yushin_full,zip,C:\Users\shiba\ptcc_pokemon_ai_buttle\data\runs\leaderboard_top50\alakazam\20260726_yushin_ito.zip,20260726_yushin_ito/episodes/88117517/replay/episode_88117517.json,0.5773502691896258,
88118038,1,3,Yushin Ito,54773249,yushin_full,zip,C:\Users\shiba\ptcc_pokemon_ai_buttle\data\runs\leaderboard_top50\alakazam\20260726_yushin_ito.zip,20260726_yushin_ito/episodes/88118038/replay/episode_88118038.json,0.5773502691896258,
88118553,1,3,Yushin Ito,54773249,yushin_full,zip,C:\Users\shiba\ptcc_pokemon_ai_buttle\data\runs\leaderboard_top50\alakazam\20260726_yushin_ito.zip,20260726_yushin_ito/episodes/88118553/replay/episode_88118553.json,0.5773502691896258,
88118558,0,3,Yushin Ito,54773249,yushin_full,zip,C:\Users\shiba\ptcc_pokemon_ai_buttle\data\runs\leaderboard_top50\alakazam\20260726_yushin_ito.zip,20260726_yushin_ito/episodes/88118558/replay/episode_88118558.json,0.5773502691896258,
88119085,0,3,Yushin Ito,54773249,yushin_full,zip,C:\Users\shiba\ptcc_pokemon_ai_buttle\data\runs\leaderboard_top50\alakazam\20260726_yushin_ito.zip,20260726_yushin_ito/episodes/88119085/replay/episode_88119085.json,0.5773502691896258,
88119603,1,3,Yushin Ito,54773249,yushin_full,zip,C:\Users\shiba\ptcc_pokemon_ai_buttle\data\runs\leaderboard_top50\alakazam\20260726_yushin_ito.zip,20260726_yushin_ito/episodes/88119603/replay/episode_88119603.json,0.5773502691896258,
88120120,1,3,Yushin Ito,54773249,yushin_full,zip,C:\Users\shiba\ptcc_pokemon_ai_buttle\data\runs\leaderboard_top50\alakazam\20260726_yushin_ito.zip,20260726_yushin_ito/episodes/88120120/replay/episode_88120120.json,0.5773502691896258,
88120632,1,3,Yushin Ito,54773249,yushin_full,zip,C:\Users\shiba\ptcc_pokemon_ai_buttle\data\runs\leaderboard_top50\alakazam\20260726_yushin_ito.zip,20260726_yushin_ito/episodes/88120632/replay/episode_88120632.json,0.5773502691896258,
88121151,1,3,Yushin Ito,54773249,yushin_full,zip,C:\Users\shiba\ptcc_pokemon_ai_buttle\data\runs\leaderboard_top50\alakazam\20260726_yushin_ito.zip,20260726_yushin_ito/episodes/88121151/replay/episode_88121151.json,0.5773502691896258,
88121162,0,3,Yushin Ito,54773249,yushin_full,zip,C:\Users\shiba\ptcc_pokemon_ai_buttle\data\runs\leaderboard_top50\alakazam\20260726_yushin_ito.zip,20260726_yushin_ito/episodes/88121162/replay/episode_88121162.json,0.5773502691896258,
88121680,1,3,Yushin Ito,54773249,yushin_full,zip,C:\Users\shiba\ptcc_pokemon_ai_buttle\data\runs\leaderboard_top50\alakazam\20260726_yushin_ito.zip,20260726_yushin_ito/episodes/88121680/replay/episode_88121680.json,0.5773502691896258,
88122193,0,3,Yushin Ito,54773249,yushin_full,zip,C:\Users\shiba\ptcc_pokemon_ai_buttle\data\runs\leaderboard_top50\alakazam\20260726_yushin_ito.zip,20260726_yushin_ito/episodes/88122193/replay/episode_88122193.json,0.5773502691896258,
88122710,0,3,Yushin Ito,54773249,yushin_full,zip,C:\Users\shiba\ptcc_pokemon_ai_buttle\data\runs\leaderboard_top50\alakazam\20260726_yushin_ito.zip,20260726_yushin_ito/episodes/88122710/replay/episode_88122710.json,0.5773502691896258,
88122719,0,3,Yushin Ito,54773249,yushin_full,zip,C:\Users\shiba\ptcc_pokemon_ai_buttle\data\runs\leaderboard_top50\alakazam\20260726_yushin_ito.zip,20260726_yushin_ito/episodes/88122719/replay/episode_88122719.json,0.5773502691896258,
88123223,1,3,Yushin Ito,54773249,yushin_full,zip,C:\Users\shiba\ptcc_pokemon_ai_buttle\data\runs\leaderboard_top50\alakazam\20260726_yushin_ito.zip,20260726_yushin_ito/episodes/88123223/replay/episode_88123223.json,0.5773502691896258,
88123239,1,3,Yushin Ito,54773249,yushin_full,zip,C:\Users\shiba\ptcc_pokemon_ai_buttle\data\runs\leaderboard_top50\alakazam\20260726_yushin_ito.zip,20260726_yushin_ito/episodes/88123239/replay/episode_88123239.json,0.5773502691896258,
88123742,0,3,Yushin Ito,54773249,yushin_full,zip,C:\Users\shiba\ptcc_pokemon_ai_buttle\data\runs\leaderboard_top50\alakazam\20260726_yushin_ito.zip,20260726_yushin_ito/episodes/88123742/replay/episode_88123742.json,0.5773502691896258,
88124254,0,3,Yushin Ito,54773249,yushin_full,zip,C:\Users\shiba\ptcc_pokemon_ai_buttle\data\runs\leaderboard_top50\alakazam\20260726_yushin_ito.zip,20260726_yushin_ito/episodes/88124254/replay/episode_88124254.json,0.5773502691896258,
88124262,0,3,Yushin Ito,54773249,yushin_full,zip,C:\Users\shiba\ptcc_pokemon_ai_buttle\data\runs\leaderboard_top50\alakazam\20260726_yushin_ito.zip,20260726_yushin_ito/episodes/88124262/replay/episode_88124262.json,0.5773502691896258,
88124783,1,3,Yushin Ito,54773249,yushin_full,zip,C:\Users\shiba\ptcc_pokemon_ai_buttle\data\runs\leaderboard_top50\alakazam\20260726_yushin_ito.zip,20260726_yushin_ito/episodes/88124783/replay/episode_88124783.json,0.5773502691896258,
88125290,1,3,Yushin Ito,54773249,yushin_full,zip,C:\Users\shiba\ptcc_pokemon_ai_buttle\data\runs\leaderboard_top50\alakazam\20260726_yushin_ito.zip,20260726_yushin_ito/episodes/88125290/replay/episode_88125290.json,0.5773502691896258,
88125311,0,3,Yushin Ito,54773249,yushin_full,zip,C:\Users\shiba\ptcc_pokemon_ai_buttle\data\runs\leaderboard_top50\alakazam\20260726_yushin_ito.zip,20260726_yushin_ito/episodes/88125311/replay/episode_88125311.json,0.5773502691896258,
88125823,0,3,Yushin Ito,54773249,yushin_full,zip,C:\Users\shiba\ptcc_pokemon_ai_buttle\data\runs\leaderboard_top50\alakazam\20260726_yushin_ito.zip,20260726_yushin_ito/episodes/88125823/replay/episode_88125823.json,0.5773502691896258,
88125836,0,3,Yushin Ito,54773249,yushin_full,zip,C:\Users\shiba\ptcc_pokemon_ai_buttle\data\runs\leaderboard_top50\alakazam\20260726_yushin_ito.zip,20260726_yushin_ito/episodes/88125836/replay/episode_88125836.json,0.5773502691896258,
88126347,0,3,Yushin Ito,54773249,yushin_full,zip,C:\Users\shiba\ptcc_pokemon_ai_buttle\data\runs\leaderboard_top50\alakazam\20260726_yushin_ito.zip,20260726_yushin_ito/episodes/88126347/replay/episode_88126347.json,0.5773502691896258,
88126877,0,3,Yushin Ito,54773249,yushin_full,zip,C:\Users\shiba\ptcc_pokemon_ai_buttle\data\runs\leaderboard_top50\alakazam\20260726_yushin_ito.zip,20260726_yushin_ito/episodes/88126877/replay/episode_88126877.json,0.5773502691896258,
88127392,0,3,Yushin Ito,54773249,yushin_full,zip,C:\Users\shiba\ptcc_pokemon_ai_buttle\data\runs\leaderboard_top50\alakazam\20260726_yushin_ito.zip,20260726_yushin_ito/episodes/88127392/replay/episode_88127392.json,0.5773502691896258,
88127903,0,3,Yushin Ito,54773249,yushin_full,zip,C:\Users\shiba\ptcc_pokemon_ai_buttle\data\runs\leaderboard_top50\alakazam\20260726_yushin_ito.zip,20260726_yushin_ito/episodes/88127903/replay/episode_88127903.json,0.5773502691896258,
88128362,1,3,Yushin Ito,54773249,yushin_full,zip,C:\Users\shiba\ptcc_pokemon_ai_buttle\data\runs\leaderboard_top50\alakazam\20260726_yushin_ito.zip,20260726_yushin_ito/episodes/88128362/replay/episode_88128362.json,0.5773502691896258,
88128412,1,3,Yushin Ito,54773249,yushin_full,zip,C:\Users\shiba\ptcc_pokemon_ai_buttle\data\runs\leaderboard_top50\alakazam\20260726_yushin_ito.zip,20260726_yushin_ito/episodes/88128412/replay/episode_88128412.json,0.5773502691896258,
88128821,0,3,Yushin Ito,54773249,yushin_full,zip,C:\Users\shiba\ptcc_pokemon_ai_buttle\data\runs\leaderboard_top50\alakazam\20260726_yushin_ito.zip,20260726_yushin_ito/episodes/88128821/replay/episode_88128821.json,0.5773502691896258,
88128944,1,3,Yushin Ito,54773249,yushin_full,zip,C:\Users\shiba\ptcc_pokemon_ai_buttle\data\runs\leaderboard_top50\alakazam\20260726_yushin_ito.zip,20260726_yushin_ito/episodes/88128944/replay/episode_88128944.json,0.5773502691896258,
88129469,1,3,Yushin Ito,54773249,yushin_full,zip,C:\Users\shiba\ptcc_pokemon_ai_buttle\data\runs\leaderboard_top50\alakazam\20260726_yushin_ito.zip,20260726_yushin_ito/episodes/88129469/replay/episode_88129469.json,0.5773502691896258,
88129975,1,3,Yushin Ito,54773249,yushin_full,zip,C:\Users\shiba\ptcc_pokemon_ai_buttle\data\runs\leaderboard_top50\alakazam\20260726_yushin_ito.zip,20260726_yushin_ito/episodes/88129975/replay/episode_88129975.json,0.5773502691896258,
88130493,0,3,Yushin Ito,54773249,yushin_full,zip,C:\Users\shiba\ptcc_pokemon_ai_buttle\data\runs\leaderboard_top50\alakazam\20260726_yushin_ito.zip,20260726_yushin_ito/episodes/88130493/replay/episode_88130493.json,0.5773502691896258,
88131012,1,3,Yushin Ito,54773249,yushin_full,zip,C:\Users\shiba\ptcc_pokemon_ai_buttle\data\runs\leaderboard_top50\alakazam\20260726_yushin_ito.zip,20260726_yushin_ito/episodes/88131012/replay/episode_88131012.json,0.5773502691896258,
88131516,1,3,Yushin Ito,54773249,yushin_full,zip,C:\Users\shiba\ptcc_pokemon_ai_buttle\data\runs\leaderboard_top50\alakazam\20260726_yushin_ito.zip,20260726_yushin_ito/episodes/88131516/replay/episode_88131516.json,0.5773502691896258,
88131525,0,3,Yushin Ito,54773249,yushin_full,zip,C:\Users\shiba\ptcc_pokemon_ai_buttle\data\runs\leaderboard_top50\alakazam\20260726_yushin_ito.zip,20260726_yushin_ito/episodes/88131525/replay/episode_88131525.json,0.5773502691896258,
88132045,0,3,Yushin Ito,54773249,yushin_full,zip,C:\Users\shiba\ptcc_pokemon_ai_buttle\data\runs\leaderboard_top50\alakazam\20260726_yushin_ito.zip,20260726_yushin_ito/episodes/88132045/replay/episode_88132045.json,0.5773502691896258,
88132572,1,3,Yushin Ito,54773249,yushin_full,zip,C:\Users\shiba\ptcc_pokemon_ai_buttle\data\runs\leaderboard_top50\alakazam\20260726_yushin_ito.zip,20260726_yushin_ito/episodes/88132572/replay/episode_88132572.json,0.5773502691896258,
88133094,0,3,Yushin Ito,54773249,yushin_full,zip,C:\Users\shiba\ptcc_pokemon_ai_buttle\data\runs\leaderboard_top50\alakazam\20260726_yushin_ito.zip,20260726_yushin_ito/episodes/88133094/replay/episode_88133094.json,0.5773502691896258,
88133096,0,3,Yushin Ito,54773249,yushin_full,zip,C:\Users\shiba\ptcc_pokemon_ai_buttle\data\runs\leaderboard_top50\alakazam\20260726_yushin_ito.zip,20260726_yushin_ito/episodes/88133096/replay/episode_88133096.json,0.5773502691896258,
88133617,1,3,Yushin Ito,54773249,yushin_full,zip,C:\Users\shiba\ptcc_pokemon_ai_buttle\data\runs\leaderboard_top50\alakazam\20260726_yushin_ito.zip,20260726_yushin_ito/episodes/88133617/replay/episode_88133617.json,0.5773502691896258,
88134128,1,3,Yushin Ito,54773249,yushin_full,zip,C:\Users\shiba\ptcc_pokemon_ai_buttle\data\runs\leaderboard_top50\alakazam\20260726_yushin_ito.zip,20260726_yushin_ito/episodes/88134128/replay/episode_88134128.json,0.5773502691896258,
88134644,0,3,Yushin Ito,54773249,yushin_full,zip,C:\Users\shiba\ptcc_pokemon_ai_buttle\data\runs\leaderboard_top50\alakazam\20260726_yushin_ito.zip,20260726_yushin_ito/episodes/88134644/replay/episode_88134644.json,0.5773502691896258,
88134646,0,3,Yushin Ito,54773249,yushin_full,zip,C:\Users\shiba\ptcc_pokemon_ai_buttle\data\runs\leaderboard_top50\alakazam\20260726_yushin_ito.zip,20260726_yushin_ito/episodes/88134646/replay/episode_88134646.json,0.5773502691896258,
88134665,0,3,Yushin Ito,54773249,yushin_full,zip,C:\Users\shiba\ptcc_pokemon_ai_buttle\data\runs\leaderboard_top50\alakazam\20260726_yushin_ito.zip,20260726_yushin_ito/episodes/88134665/replay/episode_88134665.json,0.5773502691896258,
88134672,0,3,Yushin Ito,54773249,yushin_full,zip,C:\Users\shiba\ptcc_pokemon_ai_buttle\data\runs\leaderboard_top50\alakazam\20260726_yushin_ito.zip,20260726_yushin_ito/episodes/88134672/replay/episode_88134672.json,0.5773502691896258,
88135173,0,3,Yushin Ito,54773249,yushin_full,zip,C:\Users\shiba\ptcc_pokemon_ai_buttle\data\runs\leaderboard_top50\alakazam\20260726_yushin_ito.zip,20260726_yushin_ito/episodes/88135173/replay/episode_88135173.json,0.5773502691896258,
88135713,1,3,Yushin Ito,54773249,yushin_full,zip,C:\Users\shiba\ptcc_pokemon_ai_buttle\data\runs\leaderboard_top50\alakazam\20260726_yushin_ito.zip,20260726_yushin_ito/episodes/88135713/replay/episode_88135713.json,0.5773502691896258,
88135724,0,3,Yushin Ito,54773249,yushin_full,zip,C:\Users\shiba\ptcc_pokemon_ai_buttle\data\runs\leaderboard_top50\alakazam\20260726_yushin_ito.zip,20260726_yushin_ito/episodes/88135724/replay/episode_88135724.json,0.5773502691896258,
88136250,1,3,Yushin Ito,54773249,yushin_full,zip,C:\Users\shiba\ptcc_pokemon_ai_buttle\data\runs\leaderboard_top50\alakazam\20260726_yushin_ito.zip,20260726_yushin_ito/episodes/88136250/replay/episode_88136250.json,0.5773502691896258,
88136273,0,3,Yushin Ito,54773249,yushin_full,zip,C:\Users\shiba\ptcc_pokemon_ai_buttle\data\runs\leaderboard_top50\alakazam\20260726_yushin_ito.zip,20260726_yushin_ito/episodes/88136273/replay/episode_88136273.json,0.5773502691896258,
88136761,0,3,Yushin Ito,54773249,yushin_full,zip,C:\Users\shiba\ptcc_pokemon_ai_buttle\data\runs\leaderboard_top50\alakazam\20260726_yushin_ito.zip,20260726_yushin_ito/episodes/88136761/replay/episode_88136761.json,0.5773502691896258,
88137278,0,3,Yushin Ito,54773249,yushin_full,zip,C:\Users\shiba\ptcc_pokemon_ai_buttle\data\runs\leaderboard_top50\alakazam\20260726_yushin_ito.zip,20260726_yushin_ito/episodes/88137278/replay/episode_88137278.json,0.5773502691896258,
88137799,0,3,Yushin Ito,54773249,yushin_full,zip,C:\Users\shiba\ptcc_pokemon_ai_buttle\data\runs\leaderboard_top50\alakazam\20260726_yushin_ito.zip,20260726_yushin_ito/episodes/88137799/replay/episode_88137799.json,0.5773502691896258,
88138326,0,3,Yushin Ito,54773249,yushin_full,zip,C:\Users\shiba\ptcc_pokemon_ai_buttle\data\runs\leaderboard_top50\alakazam\20260726_yushin_ito.zip,20260726_yushin_ito/episodes/88138326/replay/episode_88138326.json,0.5773502691896258,
88138331,0,3,Yushin Ito,54773249,yushin_full,zip,C:\Users\shiba\ptcc_pokemon_ai_buttle\data\runs\leaderboard_top50\alakazam\20260726_yushin_ito.zip,20260726_yushin_ito/episodes/88138331/replay/episode_88138331.json,0.5773502691896258,
88138842,1,3,Yushin Ito,54773249,yushin_full,zip,C:\Users\shiba\ptcc_pokemon_ai_buttle\data\runs\leaderboard_top50\alakazam\20260726_yushin_ito.zip,20260726_yushin_ito/episodes/88138842/replay/episode_88138842.json,0.5773502691896258,
88139353,1,3,Yushin Ito,54773249,yushin_full,zip,C:\Users\shiba\ptcc_pokemon_ai_buttle\data\runs\leaderboard_top50\alakazam\20260726_yushin_ito.zip,20260726_yushin_ito/episodes/88139353/replay/episode_88139353.json,0.5773502691896258,
88139413,0,3,Yushin Ito,54773249,yushin_full,zip,C:\Users\shiba\ptcc_pokemon_ai_buttle\data\runs\leaderboard_top50\alakazam\20260726_yushin_ito.zip,20260726_yushin_ito/episodes/88139413/replay/episode_88139413.json,0.5773502691896258,
88139886,0,3,Yushin Ito,54773249,yushin_full,zip,C:\Users\shiba\ptcc_pokemon_ai_buttle\data\runs\leaderboard_top50\alakazam\20260726_yushin_ito.zip,20260726_yushin_ito/episodes/88139886/replay/episode_88139886.json,0.5773502691896258,
88139890,1,3,Yushin Ito,54773249,yushin_full,zip,C:\Users\shiba\ptcc_pokemon_ai_buttle\data\runs\leaderboard_top50\alakazam\20260726_yushin_ito.zip,20260726_yushin_ito/episodes/88139890/replay/episode_88139890.json,0.5773502691896258,
88140400,1,3,Yushin Ito,54773249,yushin_full,zip,C:\Users\shiba\ptcc_pokemon_ai_buttle\data\runs\leaderboard_top50\alakazam\20260726_yushin_ito.zip,20260726_yushin_ito/episodes/88140400/replay/episode_88140400.json,0.5773502691896258,
88140941,0,3,Yushin Ito,54773249,yushin_full,zip,C:\Users\shiba\ptcc_pokemon_ai_buttle\data\runs\leaderboard_top50\alakazam\20260726_yushin_ito.zip,20260726_yushin_ito/episodes/88140941/replay/episode_88140941.json,0.5773502691896258,
88141456,1,3,Yushin Ito,54773249,yushin_full,zip,C:\Users\shiba\ptcc_pokemon_ai_buttle\data\runs\leaderboard_top50\alakazam\20260726_yushin_ito.zip,20260726_yushin_ito/episodes/88141456/replay/episode_88141456.json,0.5773502691896258,
88141973,0,3,Yushin Ito,54773249,yushin_full,zip,C:\Users\shiba\ptcc_pokemon_ai_buttle\data\runs\leaderboard_top50\alakazam\20260726_yushin_ito.zip,20260726_yushin_ito/episodes/88141973/replay/episode_88141973.json,0.5773502691896258,
88141995,0,3,Yushin Ito,54773249,yushin_full,zip,C:\Users\shiba\ptcc_pokemon_ai_buttle\data\runs\leaderboard_top50\alakazam\20260726_yushin_ito.zip,20260726_yushin_ito/episodes/88141995/replay/episode_88141995.json,0.5773502691896258,
88142500,1,3,Yushin Ito,54773249,yushin_full,zip,C:\Users\shiba\ptcc_pokemon_ai_buttle\data\runs\leaderboard_top50\alakazam\20260726_yushin_ito.zip,20260726_yushin_ito/episodes/88142500/replay/episode_88142500.json,0.5773502691896258,
88142504,1,3,Yushin Ito,54773249,yushin_full,zip,C:\Users\shiba\ptcc_pokemon_ai_buttle\data\runs\leaderboard_top50\alakazam\20260726_yushin_ito.zip,20260726_yushin_ito/episodes/88142504/replay/episode_88142504.json,0.5773502691896258,
88143032,0,3,Yushin Ito,54773249,yushin_full,zip,C:\Users\shiba\ptcc_pokemon_ai_buttle\data\runs\leaderboard_top50\alakazam\20260726_yushin_ito.zip,20260726_yushin_ito/episodes/88143032/replay/episode_88143032.json,0.5773502691896258,
88143561,1,3,Yushin Ito,54773249,yushin_full,zip,C:\Users\shiba\ptcc_pokemon_ai_buttle\data\runs\leaderboard_top50\alakazam\20260726_yushin_ito.zip,20260726_yushin_ito/episodes/88143561/replay/episode_88143561.json,0.5773502691896258,
88144085,1,3,Yushin Ito,54773249,yushin_full,zip,C:\Users\shiba\ptcc_pokemon_ai_buttle\data\runs\leaderboard_top50\alakazam\20260726_yushin_ito.zip,20260726_yushin_ito/episodes/88144085/replay/episode_88144085.json,0.5773502691896258,
88144611,0,3,Yushin Ito,54773249,yushin_full,zip,C:\Users\shiba\ptcc_pokemon_ai_buttle\data\runs\leaderboard_top50\alakazam\20260726_yushin_ito.zip,20260726_yushin_ito/episodes/88144611/replay/episode_88144611.json,0.5773502691896258,
88144646,1,3,Yushin Ito,54773249,yushin_full,zip,C:\Users\shiba\ptcc_pokemon_ai_buttle\data\runs\leaderboard_top50\alakazam\20260726_yushin_ito.zip,20260726_yushin_ito/episodes/88144646/replay/episode_88144646.json,0.5773502691896258,
88145165,0,3,Yushin Ito,54773249,yushin_full,zip,C:\Users\shiba\ptcc_pokemon_ai_buttle\data\runs\leaderboard_top50\alakazam\20260726_yushin_ito.zip,20260726_yushin_ito/episodes/88145165/replay/episode_88145165.json,0.5773502691896258,
88145167,1,3,Yushin Ito,54773249,yushin_full,zip,C:\Users\shiba\ptcc_pokemon_ai_buttle\data\runs\leaderboard_top50\alakazam\20260726_yushin_ito.zip,20260726_yushin_ito/episodes/88145167/replay/episode_88145167.json,0.5773502691896258,
88145175,0,3,Yushin Ito,54773249,yushin_full,zip,C:\Users\shiba\ptcc_pokemon_ai_buttle\data\runs\leaderboard_top50\alakazam\20260726_yushin_ito.zip,20260726_yushin_ito/episodes/88145175/replay/episode_88145175.json,0.5773502691896258,
88145687,1,3,Yushin Ito,54773249,yushin_full,zip,C:\Users\shiba\ptcc_pokemon_ai_buttle\data\runs\leaderboard_top50\alakazam\20260726_yushin_ito.zip,20260726_yushin_ito/episodes/88145687/replay/episode_88145687.json,0.5773502691896258,
88145709,0,3,Yushin Ito,54773249,yushin_full,zip,C:\Users\shiba\ptcc_pokemon_ai_buttle\data\runs\leaderboard_top50\alakazam\20260726_yushin_ito.zip,20260726_yushin_ito/episodes/88145709/replay/episode_88145709.json,0.5773502691896258,
88146221,0,3,Yushin Ito,54773249,yushin_full,zip,C:\Users\shiba\ptcc_pokemon_ai_buttle\data\runs\leaderboard_top50\alakazam\20260726_yushin_ito.zip,20260726_yushin_ito/episodes/88146221/replay/episode_88146221.json,0.5773502691896258,
88146235,0,3,Yushin Ito,54773249,yushin_full,zip,C:\Users\shiba\ptcc_pokemon_ai_buttle\data\runs\leaderboard_top50\alakazam\20260726_yushin_ito.zip,20260726_yushin_ito/episodes/88146235/replay/episode_88146235.json,0.5773502691896258,
88146743,0,3,Yushin Ito,54773249,yushin_full,zip,C:\Users\shiba\ptcc_pokemon_ai_buttle\data\runs\leaderboard_top50\alakazam\20260726_yushin_ito.zip,20260726_yushin_ito/episodes/88146743/replay/episode_88146743.json,0.5773502691896258,
88147217,0,3,Yushin Ito,54773249,yushin_full,zip,C:\Users\shiba\ptcc_pokemon_ai_buttle\data\runs\leaderboard_top50\alakazam\20260726_yushin_ito.zip,20260726_yushin_ito/episodes/88147217/replay/episode_88147217.json,0.5773502691896258,
88147314,0,3,Yushin Ito,54773249,yushin_full,zip,C:\Users\shiba\ptcc_pokemon_ai_buttle\data\runs\leaderboard_top50\alakazam\20260726_yushin_ito.zip,20260726_yushin_ito/episodes/88147314/replay/episode_88147314.json,0.5773502691896258,
88147787,0,3,Yushin Ito,54773249,yushin_full,zip,C:\Users\shiba\ptcc_pokemon_ai_buttle\data\runs\leaderboard_top50\alakazam\20260726_yushin_ito.zip,20260726_yushin_ito/episodes/88147787/replay/episode_88147787.json,0.5773502691896258,
88148322,1,3,Yushin Ito,54773249,yushin_full,zip,C:\Users\shiba\ptcc_pokemon_ai_buttle\data\runs\leaderboard_top50\alakazam\20260726_yushin_ito.zip,20260726_yushin_ito/episodes/88148322/replay/episode_88148322.json,0.5773502691896258,
88148340,1,3,Yushin Ito,54773249,yushin_full,zip,C:\Users\shiba\ptcc_pokemon_ai_buttle\data\runs\leaderboard_top50\alakazam\20260726_yushin_ito.zip,20260726_yushin_ito/episodes/88148340/replay/episode_88148340.json,0.5773502691896258,
88148376,1,3,Yushin Ito,54773249,yushin_full,zip,C:\Users\shiba\ptcc_pokemon_ai_buttle\data\runs\leaderboard_top50\alakazam\20260726_yushin_ito.zip,20260726_yushin_ito/episodes/88148376/replay/episode_88148376.json,0.5773502691896258,
88148863,1,3,Yushin Ito,54773249,yushin_full,zip,C:\Users\shiba\ptcc_pokemon_ai_buttle\data\runs\leaderboard_top50\alakazam\20260726_yushin_ito.zip,20260726_yushin_ito/episodes/88148863/replay/episode_88148863.json,0.5773502691896258,
88148885,1,3,Yushin Ito,54773249,yushin_full,zip,C:\Users\shiba\ptcc_pokemon_ai_buttle\data\runs\leaderboard_top50\alakazam\20260726_yushin_ito.zip,20260726_yushin_ito/episodes/88148885/replay/episode_88148885.json,0.5773502691896258,
88149372,0,3,Yushin Ito,54773249,yushin_full,zip,C:\Users\shiba\ptcc_pokemon_ai_buttle\data\runs\leaderboard_top50\alakazam\20260726_yushin_ito.zip,20260726_yushin_ito/episodes/88149372/replay/episode_88149372.json,0.5773502691896258,
88149387,1,3,Yushin Ito,54773249,yushin_full,zip,C:\Users\shiba\ptcc_pokemon_ai_buttle\data\runs\leaderboard_top50\alakazam\20260726_yushin_ito.zip,20260726_yushin_ito/episodes/88149387/replay/episode_88149387.json,0.5773502691896258,
88149395,1,3,Yushin Ito,54773249,yushin_full,zip,C:\Users\shiba\ptcc_pokemon_ai_buttle\data\runs\leaderboard_top50\alakazam\20260726_yushin_ito.zip,20260726_yushin_ito/episodes/88149395/replay/episode_88149395.json,0.5773502691896258,
88149917,1,3,Yushin Ito,54773249,yushin_full,zip,C:\Users\shiba\ptcc_pokemon_ai_buttle\data\runs\leaderboard_top50\alakazam\20260726_yushin_ito.zip,20260726_yushin_ito/episodes/88149917/replay/episode_88149917.json,0.5773502691896258,
88150435,1,3,Yushin Ito,54773249,yushin_full,zip,C:\Users\shiba\ptcc_pokemon_ai_buttle\data\runs\leaderboard_top50\alakazam\20260726_yushin_ito.zip,20260726_yushin_ito/episodes/88150435/replay/episode_88150435.json,0.5773502691896258,
88151001,1,3,Yushin Ito,54773249,yushin_full,zip,C:\Users\shiba\ptcc_pokemon_ai_buttle\data\runs\leaderboard_top50\alakazam\20260726_yushin_ito.zip,20260726_yushin_ito/episodes/88151001/replay/episode_88151001.json,0.5773502691896258,
88151605,1,3,Yushin Ito,54773249,yushin_full,zip,C:\Users\shiba\ptcc_pokemon_ai_buttle\data\runs\leaderboard_top50\alakazam\20260726_yushin_ito.zip,20260726_yushin_ito/episodes/88151605/replay/episode_88151605.json,0.5773502691896258,
88151606,0,3,Yushin Ito,54773249,yushin_full,zip,C:\Users\shiba\ptcc_pokemon_ai_buttle\data\runs\leaderboard_top50\alakazam\20260726_yushin_ito.zip,20260726_yushin_ito/episodes/88151606/replay/episode_88151606.json,0.5773502691896258,
88151618,0,3,Yushin Ito,54773249,yushin_full,zip,C:\Users\shiba\ptcc_pokemon_ai_buttle\data\runs\leaderboard_top50\alakazam\20260726_yushin_ito.zip,20260726_yushin_ito/episodes/88151618/replay/episode_88151618.json,0.5773502691896258,
88152158,0,3,Yushin Ito,54773249,yushin_full,zip,C:\Users\shiba\ptcc_pokemon_ai_buttle\data\runs\leaderboard_top50\alakazam\20260726_yushin_ito.zip,20260726_yushin_ito/episodes/88152158/replay/episode_88152158.json,0.5773502691896258,
88152679,1,3,Yushin Ito,54773249,yushin_full,zip,C:\Users\shiba\ptcc_pokemon_ai_buttle\data\runs\leaderboard_top50\alakazam\20260726_yushin_ito.zip,20260726_yushin_ito/episodes/88152679/replay/episode_88152679.json,0.5773502691896258,
88152686,0,3,Yushin Ito,54773249,yushin_full,zip,C:\Users\shiba\ptcc_pokemon_ai_buttle\data\runs\leaderboard_top50\alakazam\20260726_yushin_ito.zip,20260726_yushin_ito/episodes/88152686/replay/episode_88152686.json,0.5773502691896258,
88152709,0,3,Yushin Ito,54773249,yushin_full,zip,C:\Users\shiba\ptcc_pokemon_ai_buttle\data\runs\leaderboard_top50\alakazam\20260726_yushin_ito.zip,20260726_yushin_ito/episodes/88152709/replay/episode_88152709.json,0.5773502691896258,
88152719,1,3,Yushin Ito,54773249,yushin_full,zip,C:\Users\shiba\ptcc_pokemon_ai_buttle\data\runs\leaderboard_top50\alakazam\20260726_yushin_ito.zip,20260726_yushin_ito/episodes/88152719/replay/episode_88152719.json,0.5773502691896258,
88153218,1,3,Yushin Ito,54773249,yushin_full,zip,C:\Users\shiba\ptcc_pokemon_ai_buttle\data\runs\leaderboard_top50\alakazam\20260726_yushin_ito.zip,20260726_yushin_ito/episodes/88153218/replay/episode_88153218.json,0.5773502691896258,
88153233,1,3,Yushin Ito,54773249,yushin_full,zip,C:\Users\shiba\ptcc_pokemon_ai_buttle\data\runs\leaderboard_top50\alakazam\20260726_yushin_ito.zip,20260726_yushin_ito/episodes/88153233/replay/episode_88153233.json,0.5773502691896258,
88153755,0,3,Yushin Ito,54773249,yushin_full,zip,C:\Users\shiba\ptcc_pokemon_ai_buttle\data\runs\leaderboard_top50\alakazam\20260726_yushin_ito.zip,20260726_yushin_ito/episodes/88153755/replay/episode_88153755.json,0.5773502691896258,
88153756,1,3,Yushin Ito,54773249,yushin_full,zip,C:\Users\shiba\ptcc_pokemon_ai_buttle\data\runs\leaderboard_top50\alakazam\20260726_yushin_ito.zip,20260726_yushin_ito/episodes/88153756/replay/episode_88153756.json,0.5773502691896258,
88154277,0,3,Yushin Ito,54773249,yushin_full,zip,C:\Users\shiba\ptcc_pokemon_ai_buttle\data\runs\leaderboard_top50\alakazam\20260726_yushin_ito.zip,20260726_yushin_ito/episodes/88154277/replay/episode_88154277.json,0.5773502691896258,
88154832,1,3,Yushin Ito,54773249,yushin_full,zip,C:\Users\shiba\ptcc_pokemon_ai_buttle\data\runs\leaderboard_top50\alakazam\20260726_yushin_ito.zip,20260726_yushin_ito/episodes/88154832/replay/episode_88154832.json,0.5773502691896258,
88155337,0,3,Yushin Ito,54773249,yushin_full,zip,C:\Users\shiba\ptcc_pokemon_ai_buttle\data\runs\leaderboard_top50\alakazam\20260726_yushin_ito.zip,20260726_yushin_ito/episodes/88155337/replay/episode_88155337.json,0.5773502691896258,
88155340,1,3,Yushin Ito,54773249,yushin_full,zip,C:\Users\shiba\ptcc_pokemon_ai_buttle\data\runs\leaderboard_top50\alakazam\20260726_yushin_ito.zip,20260726_yushin_ito/episodes/88155340/replay/episode_88155340.json,0.5773502691896258,
88155879,1,3,Yushin Ito,54773249,yushin_full,zip,C:\Users\shiba\ptcc_pokemon_ai_buttle\data\runs\leaderboard_top50\alakazam\20260726_yushin_ito.zip,20260726_yushin_ito/episodes/88155879/replay/episode_88155879.json,0.5773502691896258,
88156426,1,3,Yushin Ito,54773249,yushin_full,zip,C:\Users\shiba\ptcc_pokemon_ai_buttle\data\runs\leaderboard_top50\alakazam\20260726_yushin_ito.zip,20260726_yushin_ito/episodes/88156426/replay/episode_88156426.json,0.5773502691896258,
88157002,1,3,Yushin Ito,54773249,yushin_full,zip,C:\Users\shiba\ptcc_pokemon_ai_buttle\data\runs\leaderboard_top50\alakazam\20260726_yushin_ito.zip,20260726_yushin_ito/episodes/88157002/replay/episode_88157002.json,0.5773502691896258,
88157527,0,3,Yushin Ito,54773249,yushin_full,zip,C:\Users\shiba\ptcc_pokemon_ai_buttle\data\runs\leaderboard_top50\alakazam\20260726_yushin_ito.zip,20260726_yushin_ito/episodes/88157527/replay/episode_88157527.json,0.5773502691896258,
88158062,0,3,Yushin Ito,54773249,yushin_full,zip,C:\Users\shiba\ptcc_pokemon_ai_buttle\data\runs\leaderboard_top50\alakazam\20260726_yushin_ito.zip,20260726_yushin_ito/episodes/88158062/replay/episode_88158062.json,0.5773502691896258,
88158066,1,3,Yushin Ito,54773249,yushin_full,zip,C:\Users\shiba\ptcc_pokemon_ai_buttle\data\runs\leaderboard_top50\alakazam\20260726_yushin_ito.zip,20260726_yushin_ito/episodes/88158066/replay/episode_88158066.json,0.5773502691896258,
88158602,1,3,Yushin Ito,54773249,yushin_full,zip,C:\Users\shiba\ptcc_pokemon_ai_buttle\data\runs\leaderboard_top50\alakazam\20260726_yushin_ito.zip,20260726_yushin_ito/episodes/88158602/replay/episode_88158602.json,0.5773502691896258,
88159038,0,3,Yushin Ito,54773249,yushin_full,zip,C:\Users\shiba\ptcc_pokemon_ai_buttle\data\runs\leaderboard_top50\alakazam\20260726_yushin_ito.zip,20260726_yushin_ito/episodes/88159038/replay/episode_88159038.json,0.5773502691896258,
88159124,0,3,Yushin Ito,54773249,yushin_full,zip,C:\Users\shiba\ptcc_pokemon_ai_buttle\data\runs\leaderboard_top50\alakazam\20260726_yushin_ito.zip,20260726_yushin_ito/episodes/88159124/replay/episode_88159124.json,0.5773502691896258,
88159149,0,3,Yushin Ito,54773249,yushin_full,zip,C:\Users\shiba\ptcc_pokemon_ai_buttle\data\runs\leaderboard_top50\alakazam\20260726_yushin_ito.zip,20260726_yushin_ito/episodes/88159149/replay/episode_88159149.json,0.5773502691896258,
88159640,0,3,Yushin Ito,54773249,yushin_full,zip,C:\Users\shiba\ptcc_pokemon_ai_buttle\data\runs\leaderboard_top50\alakazam\20260726_yushin_ito.zip,20260726_yushin_ito/episodes/88159640/replay/episode_88159640.json,0.5773502691896258,
88160171,0,3,Yushin Ito,54773249,yushin_full,zip,C:\Users\shiba\ptcc_pokemon_ai_buttle\data\runs\leaderboard_top50\alakazam\20260726_yushin_ito.zip,20260726_yushin_ito/episodes/88160171/replay/episode_88160171.json,0.5773502691896258,
88160179,1,3,Yushin Ito,54773249,yushin_full,zip,C:\Users\shiba\ptcc_pokemon_ai_buttle\data\runs\leaderboard_top50\alakazam\20260726_yushin_ito.zip,20260726_yushin_ito/episodes/88160179/replay/episode_88160179.json,0.5773502691896258,
88160192,1,3,Yushin Ito,54773249,yushin_full,zip,C:\Users\shiba\ptcc_pokemon_ai_buttle\data\runs\leaderboard_top50\alakazam\20260726_yushin_ito.zip,20260726_yushin_ito/episodes/88160192/replay/episode_88160192.json,0.5773502691896258,
88160739,1,3,Yushin Ito,54773249,yushin_full,zip,C:\Users\shiba\ptcc_pokemon_ai_buttle\data\runs\leaderboard_top50\alakazam\20260726_yushin_ito.zip,20260726_yushin_ito/episodes/88160739/replay/episode_88160739.json,0.5773502691896258,
88161277,1,3,Yushin Ito,54773249,yushin_full,zip,C:\Users\shiba\ptcc_pokemon_ai_buttle\data\runs\leaderboard_top50\alakazam\20260726_yushin_ito.zip,20260726_yushin_ito/episodes/88161277/replay/episode_88161277.json,0.5773502691896258,
88161793,1,3,Yushin Ito,54773249,yushin_full,zip,C:\Users\shiba\ptcc_pokemon_ai_buttle\data\runs\leaderboard_top50\alakazam\20260726_yushin_ito.zip,20260726_yushin_ito/episodes/88161793/replay/episode_88161793.json,0.5773502691896258,
88162238,1,3,Yushin Ito,54773249,yushin_full,zip,C:\Users\shiba\ptcc_pokemon_ai_buttle\data\runs\leaderboard_top50\alakazam\20260726_yushin_ito.zip,20260726_yushin_ito/episodes/88162238/replay/episode_88162238.json,0.5773502691896258,
88162328,1,3,Yushin Ito,54773249,yushin_full,zip,C:\Users\shiba\ptcc_pokemon_ai_buttle\data\runs\leaderboard_top50\alakazam\20260726_yushin_ito.zip,20260726_yushin_ito/episodes/88162328/replay/episode_88162328.json,0.5773502691896258,
88162865,1,3,Yushin Ito,54773249,yushin_full,zip,C:\Users\shiba\ptcc_pokemon_ai_buttle\data\runs\leaderboard_top50\alakazam\20260726_yushin_ito.zip,20260726_yushin_ito/episodes/88162865/replay/episode_88162865.json,0.5773502691896258,
88163390,1,3,Yushin Ito,54773249,yushin_full,zip,C:\Users\shiba\ptcc_pokemon_ai_buttle\data\runs\leaderboard_top50\alakazam\20260726_yushin_ito.zip,20260726_yushin_ito/episodes/88163390/replay/episode_88163390.json,0.5773502691896258,
88163918,0,3,Yushin Ito,54773249,yushin_full,zip,C:\Users\shiba\ptcc_pokemon_ai_buttle\data\runs\leaderboard_top50\alakazam\20260726_yushin_ito.zip,20260726_yushin_ito/episodes/88163918/replay/episode_88163918.json,0.5773502691896258,
88164487,0,3,Yushin Ito,54773249,yushin_full,zip,C:\Users\shiba\ptcc_pokemon_ai_buttle\data\runs\leaderboard_top50\alakazam\20260726_yushin_ito.zip,20260726_yushin_ito/episodes/88164487/replay/episode_88164487.json,0.5773502691896258,
88165023,0,3,Yushin Ito,54773249,yushin_full,zip,C:\Users\shiba\ptcc_pokemon_ai_buttle\data\runs\leaderboard_top50\alakazam\20260726_yushin_ito.zip,20260726_yushin_ito/episodes/88165023/replay/episode_88165023.json,0.5773502691896258,
88165075,1,3,Yushin Ito,54773249,yushin_full,zip,C:\Users\shiba\ptcc_pokemon_ai_buttle\data\runs\leaderboard_top50\alakazam\20260726_yushin_ito.zip,20260726_yushin_ito/episodes/88165075/replay/episode_88165075.json,0.5773502691896258,
88165561,0,3,Yushin Ito,54773249,yushin_full,zip,C:\Users\shiba\ptcc_pokemon_ai_buttle\data\runs\leaderboard_top50\alakazam\20260726_yushin_ito.zip,20260726_yushin_ito/episodes/88165561/replay/episode_88165561.json,0.5773502691896258,
88166070,1,3,Yushin Ito,54773249,yushin_full,zip,C:\Users\shiba\ptcc_pokemon_ai_buttle\data\runs\leaderboard_top50\alakazam\20260726_yushin_ito.zip,20260726_yushin_ito/episodes/88166070/replay/episode_88166070.json,0.5773502691896258,
88166077,0,3,Yushin Ito,54773249,yushin_full,zip,C:\Users\shiba\ptcc_pokemon_ai_buttle\data\runs\leaderboard_top50\alakazam\20260726_yushin_ito.zip,20260726_yushin_ito/episodes/88166077/replay/episode_88166077.json,0.5773502691896258,
88166595,0,3,Yushin Ito,54773249,yushin_full,zip,C:\Users\shiba\ptcc_pokemon_ai_buttle\data\runs\leaderboard_top50\alakazam\20260726_yushin_ito.zip,20260726_yushin_ito/episodes/88166595/replay/episode_88166595.json,0.5773502691896258,
88167131,0,3,Yushin Ito,54773249,yushin_full,zip,C:\Users\shiba\ptcc_pokemon_ai_buttle\data\runs\leaderboard_top50\alakazam\20260726_yushin_ito.zip,20260726_yushin_ito/episodes/88167131/replay/episode_88167131.json,0.5773502691896258,
88167675,0,3,Yushin Ito,54773249,yushin_full,zip,C:\Users\shiba\ptcc_pokemon_ai_buttle\data\runs\leaderboard_top50\alakazam\20260726_yushin_ito.zip,20260726_yushin_ito/episodes/88167675/replay/episode_88167675.json,0.5773502691896258,
88171332,0,3,Yushin Ito,54773249,yushin_full,zip,C:\Users\shiba\ptcc_pokemon_ai_buttle\data\runs\leaderboard_top50\alakazam\20260726_yushin_ito.zip,20260726_yushin_ito/episodes/88171332/replay/episode_88171332.json,0.5773502691896258,
88171431,1,3,Yushin Ito,54773249,yushin_full,zip,C:\Users\shiba\ptcc_pokemon_ai_buttle\data\runs\leaderboard_top50\alakazam\20260726_yushin_ito.zip,20260726_yushin_ito/episodes/88171431/replay/episode_88171431.json,0.5773502691896258,
88172405,0,3,Yushin Ito,54773249,yushin_full,zip,C:\Users\shiba\ptcc_pokemon_ai_buttle\data\runs\leaderboard_top50\alakazam\20260726_yushin_ito.zip,20260726_yushin_ito/episodes/88172405/replay/episode_88172405.json,0.5773502691896258,
88172479,1,3,Yushin Ito,54773249,yushin_full,zip,C:\Users\shiba\ptcc_pokemon_ai_buttle\data\runs\leaderboard_top50\alakazam\20260726_yushin_ito.zip,20260726_yushin_ito/episodes/88172479/replay/episode_88172479.json,0.5773502691896258,
