tree
version=v4
num_class=1
num_tree_per_iteration=1
label_index=0
max_feature_idx=224
objective=lambdarank
feature_names=turn turn_action_count first_player_is_self energy_attached retreated stadium_played supporter_played self_hand_count self_deck_count self_prize_count self_bench_count opp_hand_count opp_deck_count opp_prize_count opp_bench_count self_total_energy opp_total_energy self_total_hp opp_total_hp self_status_count opp_status_count early_game mid_game late_game deck_low_10 deck_low_5 current_powerful_hand_damage self_active_id self_active_hp self_active_max_hp self_active_damage self_active_energy self_active_special_energy self_active_tool_count self_active_appear_this_turn opp_active_id opp_active_hp opp_active_max_hp opp_active_damage opp_active_energy opp_active_special_energy opp_active_tool_count opp_active_appear_this_turn self_bench_open self_bench_min_hp self_bench_max_hp self_bench_max_energy self_bench_total_damage self_bench_damaged_count self_bench_low_hp_count opp_bench_open opp_bench_min_hp opp_bench_max_hp opp_bench_max_energy opp_bench_total_damage opp_bench_damaged_count opp_bench_low_hp_count hand_5 field_5 discard_5 opp_field_5 hand_13 field_13 discard_13 opp_field_13 hand_19 field_19 discard_19 opp_field_19 hand_66 field_66 discard_66 opp_field_66 hand_140 field_140 discard_140 opp_field_140 hand_305 field_305 discard_305 opp_field_305 hand_343 field_343 discard_343 opp_field_343 hand_741 field_741 discard_741 opp_field_741 hand_742 field_742 discard_742 opp_field_742 hand_743 field_743 discard_743 opp_field_743 hand_1079 field_1079 discard_1079 opp_field_1079 hand_1081 field_1081 discard_1081 opp_field_1081 hand_1086 field_1086 discard_1086 opp_field_1086 hand_1097 field_1097 discard_1097 opp_field_1097 hand_1129 field_1129 discard_1129 opp_field_1129 hand_1152 field_1152 discard_1152 opp_field_1152 hand_1182 field_1182 discard_1182 opp_field_1182 hand_1197 field_1197 discard_1197 opp_field_1197 hand_1225 field_1225 discard_1225 opp_field_1225 hand_1231 field_1231 discard_1231 opp_field_1231 hand_1266 field_1266 discard_1266 opp_field_1266 ready_alakazam_count has_ready_alakazam field_route_body_count has_abra_anywhere has_bridge_anywhere has_alakazam_anywhere has_psychic_energy_in_hand complete_route_components needs_first_abra needs_stage2 needs_attacker_energy dudunsparce_engine_count dunsparce_engine_count stadium_id select_type select_context select_min_count select_max_count option_type candidate_card_id candidate_attack_id candidate_area candidate_inplay_area candidate_target_id candidate_target_hp candidate_target_max_hp candidate_target_energy candidate_target_special_energy candidate_target_appear_this_turn candidate_target_is_active candidate_target_is_bench candidate_hand_cost post_action_hand_count post_action_powerful_hand_damage current_ko_estimate post_action_ko_estimate breaks_current_ko_estimate preserves_current_ko_estimate powerful_hand_attack_option attack_lethal_estimate attack_overkill_estimate candidate_is_route_card candidate_is_abra candidate_is_kadabra candidate_is_alakazam candidate_is_rare_candy candidate_is_psychic_energy target_is_abra target_is_kadabra target_is_alakazam target_is_dunsparce target_is_dudunsparce candidate_fills_missing_abra candidate_fills_stage2 candidate_fills_energy action_type is_attack is_retreat is_end is_evolve is_ability is_energy is_boss is_xerosic is_hammer is_bench is_trainer is_other hammer_opp_active_energy_value hammer_opp_active_special_energy_value xerosic_opp_hand_value boss_opp_bench_value boss_opp_bench_low_hp_value retreat_active_damage_value retreat_status_value energy_target_existing_energy_value energy_target_is_alakazam_value energy_target_is_fezandipiti_value evolve_target_is_abra_value evolve_target_is_kadabra_value bench_early_game_value ability_low_deck_risk trainer_low_deck_risk end_has_attack_ready_penalty
feature_infos=[1:1069] [1:33] [0:1] [0:1] [0:1] [0:1] [0:1] [0:35] [0:46] [1:6] [0:5] [0:29] [0:47] [1:6] [0:6] [0:7] [0:19] [10:910] [10:1680] [0:2] [0:1] [0:1] [0:1] [0:1] [0:1] [0:1] [0:700] -1:743:742:305:140:741:66:343:65:214:959 [10:210] [50:210] [0:200] [0:5] [0:4] none [0:1] -1:743:414:756:648:345:305:381:190:1031:678:434:431:741:742:112:140:121:401:400:344:343:676:169:646:506:666:58:235:164:861:380:93:387:1030:849:647:860:66:341:379:342:677:65:120:117:891:463:104:174:57:473:116:675:119:265:131:674:649:721:92:723:848:304:747:269:879:878:90:184:96:722:817:673:607:89:689:135:818:40:474:293:272:432:31:108:214:222:959:247:122:270:1071:746:408:1056:306:86:1051:144:906:85:292:591:829:46:1034:1013:655:855:583:745:992:41:320:142:100:979:73:803:138:183:625:336:415:268:475:1052:109:271:240:157:790:1002:34:162:311:521:788:303:158:330:597:795:834:42:179:663:789:833:74:257:349:695:81:791 [10:440] [30:440] [0:420] [0:9] [0:9] [0:1] [0:1] [0:5] [0:210] [0:210] [0:5] [0:480] [0:5] [0:5] [0:5] [0:400] [0:440] [0:9] [0:860] [0:4] [0:5] [0:3] none [0:3] none [0:1] none [0:1] none [0:4] none [0:4] none [0:3] [0:3] [0:3] [0:4] [0:1] [0:1] [0:1] [0:2] [0:4] [0:4] [0:4] [0:4] [0:1] [0:1] [0:1] [0:1] [0:3] [0:4] [0:4] [0:4] [0:4] [0:4] [0:4] [0:4] [0:4] [0:4] [0:4] [0:4] [0:4] none [0:4] none [0:4] none [0:4] none [0:4] none [0:4] none [0:3] none [0:3] none [0:2] none [0:2] none [0:4] none [0:4] none [0:3] none [0:3] none [0:4] none [0:4] none [0:4] none [0:4] none [0:4] none [0:4] none [0:3] none [0:3] none [0:4] [0:1] [0:4] [0:1] [0:1] [0:1] [0:1] [0:4] [0:1] [0:1] [0:1] [0:3] [0:4] -1:1266:1264:1247:1259:1257:1246:1244:1261:1262:1242:1245:1260:1252:1256:1249:1255:1254:1267:1250:1248 none none none none -1:7:8:9:14:12:13:10 -1:19:5:13:1225:1231:66:1152:1086:743:1182:1266:1197:742:305:1079:140:1081:343:1097:1129:1184:741:1264:65:1247:1246:245:959:1146 -1:1072:1071:1070:423:76:183:74:288:338:339:477 [-1:7] [-1:5] -1:305:742:743:741:140:66:343:65:214:959:245 [0:210] [0:210] [0:5] [0:4] [0:1] [0:1] [0:1] [0:1] [0:35] [0:700] [0:1] [0:1] [0:1] [0:1] [0:1] [0:1] [0:610] [0:1] [0:1] [0:1] [0:1] [0:1] [0:1] [0:1] [0:1] [0:1] [0:1] [0:1] [0:1] [0:1] [0:1] -1:5:10:6:4:2:9:1:3:11:0:7 [0:1] [0:1] [0:1] [0:1] [0:1] [0:1] [0:1] [0:1] [0:1] [0:1] [0:1] none [0:9] [0:9] [0:24] [0:5] [0:5] [0:200] [0:2] [0:5] [0:1] [0:1] [0:1] [0:1] [0:1] [0:1] [0:1] [0:1]
tree_sizes=4098 4316 4110 4163 4260 4131 4335 4243 4293 4187 3759 4198 3841 3846 4271 4240 3780 4270 4215 4262 4196 3971 4210 4117 4005 4201 3939 4237 3799 4347 4385 4149 4194 3950 4420 4066 4278 4066 3655 4146 4028 4312 4206 4258 4305 4290 4130 3876 4190 4174

Tree=0
num_leaves=31
num_cat=9
split_feature=196 160 160 169 160 223 160 160 217 167 180 166 169 160 170 167 217 170 160 191 195 191 160 195 167 217 207 173 173 191
split_gain=51389.9 6080.85 4631.01 3162.03 2802.68 2009.56 2436.25 1430.14 1216.42 1800.96 1202.05 672.935 672.916 634.776 783.079 1906.68 663.029 634.249 1036.91 630.631 626.528 597.353 527.203 512.789 509.193 1454.58 669.335 1198.36 466.044 409.386
threshold=0 1 2 1.0000000180025095e-35 3 1.0000000180025095e-35 4 5 1.0000000180025095e-35 1.0000000180025095e-35 1.0000000180025095e-35 175.00000000000003 1.0000000180025095e-35 6 1.0000000180025095e-35 1.0000000180025095e-35 1.0000000180025095e-35 1.0000000180025095e-35 7 1.0000000180025095e-35 1.0000000180025095e-35 1.0000000180025095e-35 8 1.0000000180025095e-35 1.0000000180025095e-35 1.0000000180025095e-35 1.0000000180025095e-35 9.5000000000000018 18.500000000000004 1.0000000180025095e-35
decision_type=1 9 9 2 9 2 9 9 2 2 2 2 2 9 2 2 2 2 9 2 2 2 9 2 2 2 2 2 2 2
left_child=2 7 -1 5 12 6 19 -2 23 22 11 17 -4 20 -15 16 -16 18 28 24 21 -8 -10 29 25 26 -3 -28 -6 -5
right_child=1 3 4 8 10 -7 13 -9 9 -11 -12 -13 -14 14 15 -17 -18 -19 -20 -21 -22 -23 -24 -25 -26 -27 27 -29 -30 -31
leaf_value=-0.068432299916748957 0.043153538536976913 -0.040801805093839696 0.066068576716678235 -0.0065786181684296665 0.0075502320153755485 -0.092052122618043589 -0.065724469814515768 -0.0075112164982066923 0.05823700392682956 -0.072786268080126074 0.066573672555267138 0.075229509299751793 0.092298328263762622 -0.054855739423157329 -0.010963307322612704 -0.080370189087185212 0.065321397070689124 0.06042849557541205 0.036228709695361384 -0.08414814601701473 -0.097251410842905395 0.0070444092325175223 -0.061486407889508821 -0.08474936401563482 -0.067037271628660355 0.051979757606764737 0.013053376109478966 -0.036905472580444833 -0.053547299443253309 -0.062820183684509215
leaf_weight=766.16296101652551 1634.0354256626742 3794.2839378420322 9906.2448854382965 1724.1484587776649 2607.5557960844599 2425.1806656737754 3109.7798363358597 9090.6016869719897 1439.8285369591613 362.9438870731974 3461.8706957961549 869.70077127942932 3254.59945134804 11332.962526847361 716.07385651374352 802.34440067640389 472.25674039541627 1431.7342434577295 6206.3494962865661 433.03524233659846 1577.8126563612022 309.90558378587593 91.834513285604771 322.82702920233714 602.77603660011664 658.38028078700881 2327.5742916938325 2477.3417102409876 354.04823289558408 397.9371624829364
leaf_count=14545 18009 77994 87163 35234 40020 69726 59211 121110 13250 8299 33426 7039 13454 304984 9347 18584 2888 9887 66261 16714 28525 6129 1904 12306 16953 7198 23628 54931 10342 14858
internal_value=0 -0.0327509 0.0523156 -0.0427495 0.0556333 -0.0483506 -0.044645 0.000242398 -0.00278238 0.0272844 0.0407224 0.0329521 0.0725036 -0.0555839 -0.0497378 -0.0208418 0.0193637 0.0294794 0.0246426 -0.0250944 -0.071032 -0.0591283 0.0510165 -0.0260845 -0.0225218 -0.0196193 -0.0251044 -0.0127048 0.00023597 -0.0171398
internal_weight=74962.1 46103.9 28858.3 35379.2 28092.1 31039.7 28614.5 10724.6 4339.52 1894.61 14931.3 11469.4 13160.8 18321.1 13323.6 1990.67 1188.33 10599.7 9167.95 10293.4 4997.5 3419.69 1531.66 2444.91 9860.36 9257.58 8599.2 4804.92 2961.6 2122.09
internal_count=1203919 921782 282137 782663 267592 696812 627086 139119 85851 23453 166975 133549 100617 429668 335803 30819 12235 126510 116623 197418 93865 65340 15154 62398 180704 163751 156553 78559 50362 50092
cat_boundaries=0 1 40 51 75 114 150 190 214 215
cat_threshold=199 0 0 2 0 0 0 0 0 0 0 0 0 0 0 0 0 0 0 0 0 0 0 0 0 0 0 0 0 0 0 0 0 0 8388608 512 67109376 1 8193 3221225472 0 0 0 0 0 0 0 2097152 0 0 8388608 0 0 4 0 0 0 0 0 0 131072 0 0 0 0 0 0 0 0 0 0 0 0 0 32 32 0 0 0 0 0 0 0 0 0 0 0 0 0 0 0 0 0 0 0 0 0 0 0 0 0 0 0 0 2147483648 0 0 0 1073741824 0 0 1073741824 0 32768 0 0 2 0 0 0 0 0 0 0 0 0 0 0 0 0 0 0 0 0 0 0 0 0 0 0 0 0 0 0 0 0 0 8388608 0 67108864 8192 0 0 0 0 0 0 0 0 0 0 0 0 0 0 0 0 0 0 0 0 0 0 0 0 0 0 0 0 0 0 0 0 0 0 0 0 0 0 327680 0 0 0 0 4096 0 0 0 0 0 0 0 0 0 0 0 0 0 0 0 0 0 0 128 524320
is_linear=0
shrinkage=0.05


Tree=1
num_leaves=31
num_cat=13
split_feature=160 169 196 170 160 223 167 164 222 176 164 164 170 160 160 223 173 160 223 182 161 160 166 195 160 173 40 160 195 176
split_gain=67165.6 16868.8 13511 13568.5 13135 7564.85 6005.66 5019.12 2722.84 2643.79 2539.09 2346.83 4907.14 1868.7 1851.27 2690.09 1650.42 1554.41 1403.46 2827.44 1233.81 1173.31 1173.24 1144.28 1142.7 1110.29 1076.59 1067.37 1049.14 1225.72
threshold=0 1.0000000180025095e-35 1 1.0000000180025095e-35 2 1.0000000180025095e-35 1.0000000180025095e-35 3 1.0000000180025095e-35 1.0000000180025095e-35 4 5 1.0000000180025095e-35 6 7 1.0000000180025095e-35 13.500000000000002 8 1.0000000180025095e-35 1.0000000180025095e-35 9 10 175.00000000000003 1.0000000180025095e-35 11 9.5000000000000018 1.0000000180025095e-35 12 1.0000000180025095e-35 1.0000000180025095e-35
decision_type=9 2 1 2 9 2 2 9 2 2 9 9 2 9 9 2 2 9 2 2 9 9 2 2 9 2 2 9 2 2
left_child=1 8 9 4 5 16 7 24 11 20 21 12 25 -7 15 -12 17 -4 -13 -20 -2 23 -10 -6 -5 -1 -27 -18 29 -16
right_child=2 -3 3 6 10 13 -8 -9 22 -11 14 18 -14 -15 28 -17 27 -19 19 -21 -22 -23 -24 -25 -26 26 -28 -29 -30 -31
leaf_value=0.0073837394499831959 0.073407064823768506 0.076454113699995052 0.0077436454493378217 0.046839405516906664 -0.022011434619328141 0.05701864930862454 -0.053908101361375763 -0.026785920902272338 0.017883814908589778 0.012990580997107296 -0.029009449665669148 0.02585409714332168 0.047327233757659487 -0.082509426090766655 -0.043578455762726891 -0.087440302342238485 -0.04144011542372357 -0.022942074226283225 0.050701893607255161 -0.068955996502606517 -0.017026238588409164 -0.086787871842578246 -0.074279749145406734 -0.089207505560485248 -0.019985603761980074 -0.042160974760080482 -0.00322842565797193 -0.0069938535759682301 -0.091998637364206381 -0.063468740881081481
leaf_weight=3993.7050558270421 378.78897823765874 15607.255965262651 20818.101288182312 10068.730975272367 1729.9743544259109 250.82301467005163 2835.4285959245171 3435.6426295968704 510.64766383823007 27594.678938130848 21873.932766721118 88722.927300034091 4640.64160675928 4114.8969245890621 22471.585333645518 2164.5616682178807 4225.6783198533813 5136.3166753944242 879.13884649472311 1124.6673636119813 12634.989131085924 5916.7867470814381 1064.4081589132547 999.84397776075639 681.97036406351253 4135.9954508837545 3111.9443131252192 4826.325865545019 1589.5882296091877 11829.191949331318
leaf_count=10754 435 14058 64892 19265 12002 664 40096 18122 946 49650 171844 168105 7017 51278 117711 27855 38750 26885 2697 5547 38773 87242 2090 11381 4282 23909 15277 40814 17789 113789
internal_value=0 0.0278582 -0.0208281 -0.0289699 -0.0355145 -0.012484 0.0125167 0.0257949 0.0208497 0.00422829 -0.048728 0.0218139 0.00407056 -0.0745448 -0.0450505 -0.0342586 -0.00474678 0.00166464 0.0249167 -0.0164559 -0.0143476 -0.0741304 -0.0444001 -0.0464667 0.0425845 -0.0137834 -0.0254471 -0.0231296 -0.0522664 -0.0504389
internal_weight=289369 123791 165578 124969 107948 39372.1 17021.8 14186.3 108184 40608.5 68575.5 106609 15882.3 4365.72 59928.9 24038.5 35006.4 25954.4 90726.7 2003.81 13013.8 8646.61 1575.06 2729.82 10750.7 11241.6 7247.94 9052 35890.4 34300.8
internal_count=1203919 250400 953519 864661 782896 223283 81765 41669 236342 88858 559613 233306 56957 51942 448988 199699 171341 91777 176349 8244 39208 110625 3036 23383 23547 49940 39186 79564 249289 231500
cat_boundaries=0 39 40 79 109 139 163 202 241 280 290 291 292 331
cat_threshold=0 0 6 0 4096 0 0 0 0 131072 0 0 0 0 0 0 0 0 0 0 0 0 0 224 0 0 0 0 0 0 0 0 0 41943040 512 67108864 0 1 2147483648 2051 0 0 0 0 0 0 0 0 0 0 0 0 0 0 0 0 0 0 0 0 0 0 0 0 0 0 0 0 0 2147483648 0 0 0 1073741824 0 512 1073741825 0 1073774592 0 0 0 0 0 0 4194304 0 0 0 0 0 0 0 0 0 0 0 0 0 0 0 0 224 0 0 0 0 0 2147483648 0 0 0 0 4096 0 0 0 0 131072 8388608 0 0 0 0 0 0 0 0 0 0 0 0 0 0 0 0 0 0 2147483648 0 0 6 0 0 0 0 0 0 0 0 0 0 0 0 0 0 0 0 0 0 0 0 64 0 0 0 0 0 0 0 0 0 0 0 0 0 0 0 0 0 0 0 0 0 0 0 0 0 0 0 0 0 0 0 0 0 0 0 512 0 0 1073741824 524320 0 0 0 0 0 0 0 0 0 0 0 0 0 0 0 0 0 0 0 0 0 0 0 0 0 0 0 0 0 0 0 0 0 0 0 0 0 512 0 0 0 0 0 0 0 0 0 0 0 0 0 0 0 0 0 0 0 0 0 0 0 0 0 0 0 0 0 0 0 0 0 1073741824 0 0 1 0 1073774592 0 0 4096 0 0 8388608 0 0 0 1 8192 524320 0 0 0 0 0 0 0 0 0 0 0 0 0 0 0 0 0 0 0 0 0 0 0 0 0 0 0 0 0 0 0 0 0 0 0 0 1 0 32768
is_linear=0
shrinkage=0.05


Tree=2
num_leaves=31
num_cat=11
split_feature=196 169 160 190 167 223 160 160 173 195 160 163 169 161 160 163 165 166 203 189 176 163 173 160 160 160 173 160 173 176
split_gain=48503.5 17965.5 8780.79 5994.42 6823.55 4310.85 6613.96 3423.68 2974.93 2275.98 2198.46 2133.87 1370.49 1167.55 1170.64 1400.12 1688.84 1145.66 1124.36 1042.68 1036.48 1643.84 2048.6 1789.71 977.441 935.183 1088.98 860.043 837.359 814.23
threshold=0 1.0000000180025095e-35 1 1.0000000180025095e-35 1.0000000180025095e-35 1.0000000180025095e-35 2 3 9.5000000000000018 1.0000000180025095e-35 4 4.5000000000000009 1.0000000180025095e-35 5 6 4.5000000000000009 25.000000000000004 55.000000000000007 1.0000000180025095e-35 1.0000000180025095e-35 1.0000000180025095e-35 4.5000000000000009 11.500000000000002 7 8 9 10.500000000000002 10 9.5000000000000018 1.0000000180025095e-35
decision_type=1 2 9 2 2 2 9 9 2 2 9 2 2 9 9 2 2 2 2 2 2 2 2 9 9 9 2 9 2 2
left_child=1 10 25 5 7 6 8 11 18 12 -1 -5 20 -12 15 16 29 24 -4 -19 21 22 23 -8 -14 26 -2 -10 -17 -15
right_child=2 -3 3 4 -6 -7 9 -9 27 -11 13 -13 17 14 -16 28 -18 19 -20 -21 -22 -23 -24 -25 -26 -27 -28 -29 -30 -31
leaf_value=-0.045451014480900248 0.033208740782784942 0.075532594950369902 0.0087291617998808118 0.036839024764493494 -0.068021966564584882 -0.079005580001018191 -0.0016702823908743419 -0.075692706451236644 -0.018496470944085942 -0.077977703763935854 -0.015754001667545727 -0.0083589010488109832 0.031805080821142889 -0.007193579385546542 0.018144053048616788 0.0090881787512106429 0.04074917026253079 -0.055187236593512136 -0.032285809394568175 -0.012679514166535403 -0.055289964196697218 -0.063682448716516668 -0.0041095518187394204 -0.047031112871806238 -0.027724217631253958 -0.0033673108180474771 -0.0012955979288046858 -0.044510594257735923 -0.024851366987658212 0.017607021933540367
leaf_weight=1514.2523585481104 4838.5809561170172 13178.241227149963 12829.582024668925 8060.1721505755559 3075.1839402974583 5116.4210711240303 2572.2683323987294 955.92537061101757 7741.4451304608956 4102.4253817880526 3014.2690386739559 3862.3207644410431 1541.935788217932 6760.2105797450058 99776.130851039197 2960.2591331901494 4384.042143930681 2854.8616832280532 1920.6284098060569 2917.319827690837 12101.475998153444 4965.6059647529619 5117.6281194251496 14424.242438931251 1230.5937750644516 15019.141458875965 4334.8865329383407 5449.4335998732131 4705.1251139682718 6482.3794573221821
leaf_count=14111 9554 14058 37267 10273 51727 71523 9549 11494 57054 62625 8530 21794 3801 23922 182614 8873 5324 27351 11308 14963 155646 65758 35946 76218 3977 72843 18355 61230 33591 22640
internal_value=0 0.019912 -0.0227374 -0.0292277 -0.00111019 -0.0345156 -0.0316614 0.014869 -0.0120366 -0.0422305 0.0142574 0.0221783 -0.0391657 0.0149659 0.0157076 0.00609203 0.0138523 -0.0210193 0.00338734 -0.0337072 -0.0431227 -0.0376842 -0.0318449 -0.0401954 0.00539554 0.00431611 0.0168857 -0.0292929 -0.011744 0.00494639
internal_weight=267807 142775 125032 100839 15953.6 84885.9 79769.4 12878.4 27941.1 51828.4 129597 11922.5 47725.9 128082 125068 25292 17626.6 8544.71 14750.2 5772.18 39181.2 27079.7 22114.1 16996.5 2772.53 24192.6 9173.47 13190.9 7665.38 13242.6
internal_count=1203919 313663 890256 789504 95288 694216 622693 43561 166859 455834 299605 32067 393209 285494 276964 94350 51886 50092 48575 42314 343117 187471 121713 85767 7778 100752 27909 118284 42464 46562
cat_boundaries=0 1 40 79 80 91 125 163 164 165 203 240
cat_threshold=2247 0 0 2 0 0 0 0 0 0 0 0 0 0 0 0 0 0 0 0 0 0 0 0 0 0 0 0 0 0 2147483648 0 0 0 1082130432 512 67109376 0 1 3221225472 0 0 0 0 0 0 0 0 0 0 0 0 0 0 0 0 0 0 0 0 0 0 0 0 0 0 0 0 0 0 0 0 0 0 0 0 1073741825 0 33280 524320 0 0 0 0 0 0 0 0 0 0 8388608 0 0 1024 0 0 0 0 0 0 0 262144 0 0 128 536870912 0 0 0 0 0 0 0 0 0 0 0 0 0 0 0 0 0 0 49152 0 0 0 0 0 0 0 2097152 0 0 0 0 0 0 0 0 0 0 0 0 0 0 0 128 0 0 0 0 0 0 0 0 0 33554432 0 0 0 8192 532480 524288 0 0 2 0 0 0 0 0 0 0 0 0 0 0 0 0 0 0 0 0 0 0 0 0 0 0 0 0 0 0 0 0 0 8388608 0 0 0 1 0 0 0 0 0 0 0 0 0 0 0 0 0 0 0 0 0 0 0 0 0 0 0 0 0 0 0 0 0 0 0 0 0 0 0 0 1073741825
is_linear=0
shrinkage=0.05


Tree=3
num_leaves=31
num_cat=12
split_feature=196 166 160 170 160 223 167 164 160 164 167 160 223 224 173 181 160 160 223 182 211 195 160 170 196 173 160 166 222 173
split_gain=37639.7 9881.06 7292.97 8965.08 3466.01 3706.55 3339.81 2029.29 1705.57 1656.06 1236.32 1214.42 1371.86 1503.61 868.854 801.579 787.978 759.31 961.162 1219.17 784.252 754.692 684.736 1716.42 1291.53 1363.15 643.179 640.287 1289.62 985.496
threshold=0 125.00000000000001 1 1.0000000180025095e-35 2 1.0000000180025095e-35 1.0000000180025095e-35 3 4 5 1.5000000000000002 6 1.0000000180025095e-35 1.0000000180025095e-35 12.500000000000002 205.00000000000003 7 8 1.0000000180025095e-35 1.0000000180025095e-35 9.5000000000000018 1.0000000180025095e-35 9 1.0000000180025095e-35 10 14.500000000000002 11 175.00000000000003 1.0000000180025095e-35 17.500000000000004
decision_type=1 2 9 2 9 2 2 9 9 9 2 9 2 2 2 2 9 9 2 2 2 2 9 2 1 2 9 2 2 2
left_child=1 8 17 4 5 14 7 -5 -1 16 27 -11 13 -13 26 22 21 18 -2 -20 -19 -6 -10 24 25 -24 -4 -3 29 -29
right_child=2 10 3 6 9 -7 -8 -9 15 11 -12 12 -14 -15 -16 -17 -18 20 19 -21 -22 -23 23 -25 -26 -27 -28 28 -30 -31
leaf_value=-0.041722896984850516 0.026053223894021944 0.060145771128475446 -0.00048553843251708902 0.028123410375692621 -0.018343720502972831 -0.076257676045180897 -0.048886583138494755 -0.013572492949160644 0.016071377702972841 -0.057863905993650704 -0.061112793602411258 -0.028794551917497569 -0.078662845186463326 -0.058340880140084983 -0.027272609203451322 0.03389613774193357 -0.078743960827447501 -0.0052739208320331972 0.05157601454833563 -0.062376069403210922 0.027957385070279797 -0.080744451379475432 0.0040748580125343249 0.037944334313720955 -0.010038872894707458 0.031602018368178379 -0.02753291703960041 0.059099401111694955 -0.046384291172158851 -0.0075863907025578402
leaf_weight=1387.6560681434348 5160.2750362490769 13384.997486635111 12559.426511646016 9914.5124684178736 1362.8877510910388 2478.9313582603354 2319.1063968464732 4128.6055113950279 66981.06415820145 6658.5697477246867 232.51216682977974 32620.98474361666 1696.4185618265183 4961.5640244085807 6326.2868761242134 4782.5021929524373 4068.6753108310513 21635.845573946717 344.91961275227368 732.01165781356394 1933.6035108928918 751.94513988750987 19148.195395726245 4228.5407493505627 10959.138390569482 5877.785413217498 2654.4787065261044 3029.0650143511593 411.1198650484439 677.72591652721167
leaf_count=14111 11725 19209 39874 18241 12002 39586 40087 23409 112792 71270 578 283031 28176 51994 65469 9379 87242 107566 597 5547 6464 11381 44457 5544 54936 14144 18121 3533 2094 1360
internal_value=0 0.018612 -0.0199496 -0.0268803 -0.034099 -0.0183572 0.00669446 0.015875 0.0131838 -0.0413416 0.0533177 -0.0380475 -0.0346736 -0.032696 -0.0117005 0.0138669 -0.0657064 0.00156095 0.0170589 -0.0258679 -0.00254585 -0.0403562 0.0129744 0.00780984 0.00427035 0.0105366 -0.00522418 0.0548398 0.0375867 0.0469063
internal_weight=253409 131100 122309 92502.4 76140.2 24019.1 16362.2 14043.1 113365 52121 17735.4 45937.5 39279 37582.5 21540.2 111977 6183.51 29806.7 6237.21 1076.93 23569.4 2114.83 107195 40213.7 35985.1 25026 15213.9 17502.9 4117.91 3706.79
internal_count=1203919 282137 921782 789883 708146 163050 81737 41650 255363 545096 26774 434471 363201 335025 123464 241252 110625 131899 17869 6144 114030 23383 231873 119081 113537 58601 57995 26196 6987 4893
cat_boundaries=0 1 40 79 103 114 144 184 185 219 243 244 283
cat_threshold=199 0 0 2 0 0 0 0 0 0 0 0 0 0 0 0 0 0 0 0 0 0 0 0 0 0 0 0 0 0 0 0 0 0 1082130432 512 67109376 0 8193 3221225472 0 0 0 0 0 0 0 0 0 0 0 0 0 0 0 0 0 0 0 0 0 0 0 0 0 0 0 0 0 2147483648 0 0 0 0 0 0 1073741825 0 32768 0 0 0 0 0 0 4194304 0 0 0 0 0 0 0 0 0 0 0 0 0 0 0 0 160 0 0 0 0 0 0 0 0 0 0 8388608 0 0 0 0 4096 0 0 0 0 131072 8388608 0 0 0 0 0 0 0 0 0 0 0 0 0 0 0 0 0 0 2147483648 8192 0 0 0 0 0 0 0 0 0 0 0 0 0 0 0 0 0 0 0 0 0 0 0 0 0 0 0 0 0 0 0 0 0 0 0 0 0 0 262144 8192 0 0 2 0 0 0 0 0 0 0 0 0 0 0 0 0 0 0 0 0 0 0 0 0 0 0 0 0 0 0 0 0 0 8388608 0 0 4 0 0 0 0 0 0 131072 0 0 0 0 0 0 0 0 0 0 0 0 0 96 130 0 0 0 0 0 0 0 0 0 0 0 0 0 0 0 0 0 0 0 0 0 0 0 0 0 0 0 0 0 0 0 0 0 0 0 0 1 0 32768
is_linear=0
shrinkage=0.05


Tree=4
num_leaves=31
num_cat=11
split_feature=160 169 196 170 160 223 216 164 176 164 170 164 169 173 173 173 160 223 160 173 40 173 160 176 160 195 40 160 223 170
split_gain=31266.5 13000.1 7126.94 6167.95 4816.71 4487.79 2606.32 1866.2 1791.77 1492.87 2580.01 1265.38 1226.71 1123.75 942.614 924.712 842.507 724.513 1150.08 1813.07 700.89 674.529 914.162 890.892 651.077 648.649 637.401 576.331 1031.01 778.722
threshold=0 1.0000000180025095e-35 1 1.0000000180025095e-35 2 1.0000000180025095e-35 1.0000000180025095e-35 3 1.0000000180025095e-35 4 1.0000000180025095e-35 5 1.0000000180025095e-35 7.5000000000000009 14.500000000000002 9.5000000000000018 6 1.0000000180025095e-35 7 10.500000000000002 1.0000000180025095e-35 11.500000000000002 8 1.0000000180025095e-35 9 1.0000000180025095e-35 1.0000000180025095e-35 10 1.0000000180025095e-35 1.0000000180025095e-35
decision_type=9 2 1 2 9 2 2 9 2 9 2 9 2 2 2 2 9 2 9 2 2 2 9 2 9 2 2 9 2 2
left_child=1 9 8 4 5 13 7 -5 14 10 15 24 17 16 -2 -1 -4 18 19 -13 -17 -20 -23 -24 25 -6 -10 28 -11 -29
right_child=2 -3 3 6 11 -7 -8 -9 26 27 -12 12 -14 -15 -16 20 -18 -19 21 -21 -22 22 23 -25 -26 -27 -28 29 -30 -31
leaf_value=0.0044087196162817194 -0.01971177746485472 0.070429499540520316 0.0094916155064652431 -0.027081608187012152 -0.01798277178989284 -0.072122355673542429 -0.046740910542051387 0.021176713041833314 0.019348943826814242 0.019553441424159237 0.028795969565449234 0.012120800649228642 -0.016497665972689302 -0.015966619732025882 0.023219422326434876 -0.041896440166653171 -0.031482855123126596 -0.070480809930586807 -0.047732004124785066 -0.052579053554317773 -0.0086467660585737918 -0.051282003987973827 -0.0047286399667515119 -0.038675910431898317 -0.075135306662982293 -0.077695288397445009 0.0024795659777002601 0.012463177998430337 -0.049485888065134584 -0.020390322338693385
leaf_weight=3731.4456788515672 9107.8751295978436 11156.990260920487 9856.5340671050362 2422.1575617510825 1307.6160915223882 3015.2627053227625 2127.4536569851916 11385.010271281702 11681.481443037977 58399.764378824038 4906.0914909308776 2633.7491738325916 6648.2573018528637 17416.050799289573 1486.8353436510079 3515.1159111154266 1427.0530845762696 1833.9406189452857 18415.601625684765 1837.9806752311997 2887.4754443308339 4189.59379133326 3754.7819694300415 3983.2245683790825 3474.9627674013609 697.44618694158271 10756.419477436924 26192.919772178633 545.31766351684928 1936.5123975975439
leaf_count=10913 32719 14058 22427 16648 12002 51465 40087 25030 23263 101503 7190 14229 45386 131476 6489 24249 7738 32033 161986 29449 15551 73714 29966 62225 87242 11381 26387 77195 5547 4371
internal_value=0 0.0191837 -0.0167851 -0.0236514 -0.0292803 -0.0140959 0.00476725 0.0127056 0.00325951 0.0135861 -0.00096443 -0.039142 -0.0362523 -0.00800301 -0.0136856 -0.0153742 0.00428841 -0.0398454 -0.0382304 -0.0144418 -0.0269039 -0.0417173 -0.0324637 -0.0221767 -0.0618597 -0.0385777 0.0112625 0.0160977 0.018911 0.0101973
internal_weight=242731 113272 129459 96426.7 80492.1 31714.9 15934.6 13807.2 33032.6 102115 15040.1 48777.2 43297.1 28699.6 10594.7 10134 11283.6 36648.9 34814.9 4471.73 6402.59 30343.2 11927.6 7738.01 5480.03 2005.06 22437.9 87074.5 58945.1 28129.4
internal_count=1203919 260577 943342 854484 772719 213106 81765 41678 88858 246519 57903 559613 448988 161641 39208 50713 30165 403602 371569 43678 39800 327891 165905 92191 110625 23383 49650 188616 107050 81566
cat_boundaries=0 38 39 78 88 112 142 181 220 260 261 295
cat_threshold=0 0 6 0 4096 0 0 0 0 131072 0 0 0 0 0 0 0 0 0 0 0 0 0 224 0 0 0 0 0 0 0 0 0 41943040 512 67109376 0 1 2051 0 0 0 0 0 0 0 0 0 0 0 0 0 0 0 0 0 0 0 0 0 0 0 0 0 0 0 0 0 2147483648 0 0 0 1073741824 0 0 1073741825 0 3221258240 0 0 6 0 4096 0 0 0 0 131072 0 0 6 0 0 0 0 0 0 0 0 0 0 0 0 0 0 0 0 0 0 0 0 64 0 0 0 0 4096 0 0 0 0 131072 8388608 0 0 0 0 0 0 0 0 0 0 0 0 0 0 0 0 0 0 2147483648 0 0 0 0 0 0 0 0 0 0 0 0 0 0 0 0 0 0 0 0 0 0 0 0 0 0 0 0 0 0 0 0 0 1073741824 0 0 1 0 32768 0 0 0 0 0 0 0 0 0 0 0 0 0 0 0 0 0 0 0 0 0 0 0 0 0 0 0 0 0 0 0 0 0 0 0 0 0 0 512 532480 0 0 0 0 0 0 0 0 0 8388608 0 0 0 0 0 0 0 0 0 0 0 0 0 0 0 0 0 0 0 0 0 0 0 0 0 0 0 0 262144 8192 0 0 4 0 4096 0 0 0 0 131072 0 0 0 0 0 0 0 0 0 0 0 0 0 32 0 0 0 0 0 0 0 0 0 8388608
is_linear=0
shrinkage=0.05


Tree=5
num_leaves=31
num_cat=14
split_feature=196 169 160 170 160 223 167 190 160 164 173 160 223 224 164 170 160 173 198 167 161 164 165 160 165 164 160 173 40 164
split_gain=26092.8 12503.1 4407.23 4989.24 3665.48 3698.13 2192.86 1630.08 1137.76 1093.27 1070.12 934.584 1062.63 1063.71 854.474 2109.93 771.295 728.375 594.733 671.221 594.673 589.78 553.742 550.185 525.657 510.464 666.108 473.538 469.441 459.148
threshold=0 1.0000000180025095e-35 1 1.0000000180025095e-35 2 1.0000000180025095e-35 1.0000000180025095e-35 1.0000000180025095e-35 3 4 13.500000000000002 5 1.0000000180025095e-35 1.0000000180025095e-35 6 1.0000000180025095e-35 7 9.5000000000000018 1.0000000180025095e-35 1.0000000180025095e-35 8 9 75.000000000000014 10 95.000000000000014 11 12 9.5000000000000018 1.0000000180025095e-35 13
decision_type=1 2 9 2 9 2 2 2 9 9 2 9 2 2 9 2 9 2 2 2 9 9 2 9 2 9 9 2 2 9
left_child=1 8 -2 4 5 10 7 25 -1 23 -4 -11 13 18 15 17 -9 -10 19 29 -16 -21 -19 -6 -22 26 27 -5 -24 -13
right_child=2 -3 3 6 9 -7 -8 16 14 11 -12 12 -14 -15 20 -17 -18 22 -20 21 24 -23 28 -25 -26 -27 -28 -29 -30 -31
leaf_value=-0.037929610632426537 0.0032253025418036065 0.068144585602371285 -0.0032169193326064801 0.048565502114053222 -0.037034787616801769 -0.069858189733879847 -0.045418297683080339 0.028253924102173568 0.0038745201937159554 -0.052849566229059043 -0.026689851729384692 -0.0019066355696074945 -0.073187686191181683 -0.053210495748271407 -0.021447976579369796 0.027197084237503218 -0.058501197020713151 0.014740477777291726 -0.040684700309148586 0.041777185417198826 0.012910433988098735 -0.06907486379439734 -0.043918567947721525 -0.072077061511249235 0.034389267155545154 -0.00072124895553753534 -0.055434153055048369 -0.066708967685825557 -0.013503184421240273 -0.023032236835939145
leaf_weight=1169.1617027323227 20689.111699357047 10426.558887105901 20939.194419154781 327.20786742446944 1885.2803646129323 2713.9843381122919 2020.6208470856072 7555.6955774864182 3757.8454809486866 5685.4413197993999 6321.2094316015427 2987.3377306245966 1421.3257358668488 3991.6123095104122 1220.8046552275773 4803.0146661326289 256.51032669236884 788.0411994305905 5357.7499874770874 130.48408650839701 94106.104415039066 1125.5498859237414 2826.5657751876861 3104.9636245319853 2937.4695267225616 4399.8339962041355 1078.0681514070602 121.84907660423778 2303.5461318419548 19090.921639383538
leaf_count=14545 84353 14058 84493 984 23383 51182 40087 10273 10913 74932 74921 21825 27855 51994 4444 7190 2654 3500 55885 967 185052 21127 22656 87242 6135 17548 8677 1514 13644 179886
internal_value=0 0.0157374 -0.0175961 -0.0223552 -0.0277476 -0.014198 0.00320852 0.0103618 0.0109416 -0.0368053 -0.00866045 -0.0340138 -0.0308584 -0.0290258 0.011451 0.000107265 0.0253624 -0.0133398 -0.0256602 -0.0222094 0.0131222 -0.0577601 -0.0242706 -0.0589449 0.0135594 -0.00940981 -0.0342023 0.0168608 -0.0302649 -0.0201854
internal_weight=235543 124339 111204 90514.8 74755.1 29974.4 15759.8 13739.2 113913 44780.7 27260.4 39790.4 34105 32683.7 112743 14479 7812.21 9676 28692 23334.3 98264.4 1256.03 5918.15 4990.24 97043.6 5926.96 1527.13 449.057 5130.11 22078.3
internal_count=1203919 282137 921782 837429 755692 210596 81737 41650 268079 545096 159414 434471 359539 331684 253534 57903 12927 50713 279690 223805 195631 22094 39800 110625 191187 28723 11175 2498 36300 201711
cat_boundaries=0 1 40 79 90 120 160 184 185 219 226 227 237 238 262
cat_threshold=199 0 0 2 0 0 0 0 0 0 0 0 0 0 0 0 0 0 0 0 0 0 0 0 0 0 0 0 0 0 2147483648 0 0 0 8388608 512 67109376 0 8193 3221225472 0 0 0 0 0 0 0 0 0 0 0 0 0 0 0 0 0 0 0 0 0 0 0 0 0 0 0 0 0 0 0 0 0 1073741824 0 0 1073741825 0 32768 0 0 0 0 0 0 0 2097152 0 0 8388608 0 0 0 0 4096 0 0 0 0 131072 8388608 0 0 0 0 0 0 0 0 0 0 0 0 0 0 0 0 0 0 2147483648 8192 0 0 0 0 0 0 0 0 0 0 0 0 0 0 0 0 0 0 0 0 0 0 0 0 0 0 0 0 0 0 0 0 0 0 0 0 0 0 327680 0 0 6 0 0 0 0 0 0 0 0 0 0 0 0 0 0 0 0 0 0 0 0 64 524320 0 0 0 0 0 0 0 0 0 0 0 0 0 128 0 0 0 0 0 0 0 0 0 0 0 0 0 0 0 0 0 0 0 16384 0 0 4 0 0 0 4194304 8192 0 0 6 0 0 0 0 0 0 131072 8192 0 0 0 0 0 0 0 2097152 0 0 0 0 0 0 0 0 0 0 0 0 0 0 0 128
is_linear=0
shrinkage=0.05


Tree=6
num_leaves=31
num_cat=14
split_feature=196 169 160 164 167 223 160 160 173 160 176 163 173 164 160 169 163 164 160 160 164 171 160 173 211 160 173 40 173 222
split_gain=21249.4 11448.7 4267.99 3431.83 3682.09 2325.2 2554.66 1948.42 1242.46 990.823 830.476 1042.32 1067.95 1204.55 1045.34 863.367 827.132 754.273 631.045 611.692 591.173 1693.69 584.339 750.271 600.147 576.121 574.54 606.038 553.053 515.821
threshold=0 1.0000000180025095e-35 1 2 1.0000000180025095e-35 1.0000000180025095e-35 3 4 10.500000000000002 5 1.0000000180025095e-35 4.5000000000000009 11.500000000000002 6 7 1.0000000180025095e-35 4.5000000000000009 8 9 10 11 1.0000000180025095e-35 12 10.500000000000002 7.5000000000000009 13 12.500000000000002 1.0000000180025095e-35 8.5000000000000018 1.0000000180025095e-35
decision_type=1 2 9 9 2 2 9 9 2 9 2 2 2 9 9 2 2 9 9 9 9 2 9 2 2 9 2 2 2 2
left_child=1 9 22 4 7 6 8 16 19 -1 11 12 13 -8 -15 -13 -4 -17 -14 -5 21 -11 23 -2 -24 -10 27 -20 -23 -22
right_child=2 -3 3 5 -6 -7 10 -9 25 20 -12 15 18 14 -16 17 -18 -19 26 -21 29 28 24 -25 -26 -27 -28 -29 -30 -31
leaf_value=-0.037624900795662969 0.02471089467094845 0.065960161600330844 0.027354018054052416 0.0012707602919168272 -0.057144819754100788 -0.066996946310578107 -0.001858537656904205 -0.066819298109503267 -0.016076458783433011 0.024743870816365011 -0.044559242473371674 -0.057761757996630615 -0.046556636170886623 0.041024205614074195 -0.03932661776171581 -0.013042025345107981 -0.003837003237954965 -0.061956166077222131 0.046067553129841399 -0.029860990496859363 0.011771841527885882 0.0052612509815208128 -0.008322848126126995 -0.0044838719441293124 0.015947850717411415 -0.041899467473421707 -0.0080548191231738907 -0.033049794533117648 -0.020592897150527152 -0.04381523425315087
leaf_weight=1086.1231420183321 4764.6350319511257 9826.4320495794527 7363.4145860280842 12679.489012080943 2264.2696467541391 3426.9258746223059 3275.0188586637378 708.35475417179987 5628.7131981639541 4776.3289951169863 10567.649757148116 4500.3588810171932 674.59782852543867 414.35120475001168 10891.031762141967 3017.1830618558452 2987.3430574357044 1065.7494629158173 1199.1100218207575 1791.5456335125491 97240.68433531106 3114.6506661954336 15649.259641636221 4088.3346898227464 3041.5531245040474 3546.677259637625 2869.4795576257748 302.76541871135123 6154.9539595716633 418.62433498795144
leaf_count=14545 10272 14058 10288 44366 52134 71619 13639 11819 52635 7190 196700 89532 9437 1329 78746 16612 22666 16629 3859 13562 193224 8794 90657 19064 11906 56579 24930 2802 41919 2407
internal_value=0 0.0141982 -0.0163134 -0.0222111 0.000937466 -0.0268942 -0.0246964 0.0128327 -0.0117256 0.00968959 -0.0325941 -0.0281225 -0.0217651 -0.0286263 -0.0363459 -0.0426566 0.018334 -0.0260008 -0.00193755 -0.00260373 0.0101523 0.000556912 0.000641482 0.0112159 -0.00437035 -0.0261236 0.00504651 0.0301091 -0.0119054 0.0115321
internal_weight=229336 122618 106718 79174 13323.4 65850.6 62423.7 11059.1 23646.4 112791 38777.3 28209.6 19626.4 14580.4 11305.4 8583.29 10350.8 4082.93 5045.95 14471 111705 14045.9 27543.8 8852.97 18690.8 9175.39 4371.35 1501.88 9269.6 97659.3
internal_count=1203919 282137 921782 789883 96907 692976 621357 44773 167142 268079 454215 257515 134742 93714 80075 122773 32954 33241 41028 57928 253534 57903 131899 29336 102563 109214 31591 6661 50713 195631
cat_boundaries=0 1 40 64 103 104 115 145 146 176 216 255 279 318 355
cat_threshold=199 0 0 2 0 0 0 0 0 0 0 0 0 0 0 0 0 0 0 0 0 0 0 0 0 0 0 0 0 0 0 0 0 0 1082130432 512 67109376 0 8193 3221225472 0 0 0 0 0 0 4194304 2097152 0 0 0 0 0 0 0 0 0 0 0 0 0 0 0 128 0 0 0 0 0 0 0 0 0 0 0 0 0 0 0 0 0 0 0 0 0 0 0 0 0 0 0 0 0 2147483648 0 0 0 0 0 0 1073741825 0 33280 524320 0 0 0 0 0 0 0 2097152 0 0 8388608 0 0 0 0 4096 0 0 0 0 0 0 0 0 0 0 0 0 0 0 0 0 0 0 96 0 0 0 0 0 2147483648 8192 0 0 2 0 0 0 0 0 0 0 0 0 0 0 0 0 0 0 0 0 0 0 0 96 0 0 0 0 0 2147483648 8192 0 0 0 0 0 0 0 0 0 0 0 0 0 0 0 0 0 0 0 0 0 0 0 0 0 0 0 0 0 0 0 0 0 0 0 0 0 0 327680 0 0 0 0 0 0 0 0 0 0 0 0 0 0 0 0 0 0 0 0 0 0 0 0 0 0 0 0 0 0 0 0 0 0 0 0 1 0 33280 0 0 6 0 0 0 0 0 0 0 0 0 0 0 0 0 0 0 0 0 0 0 0 64 0 0 2 0 0 0 0 0 0 0 0 0 0 0 0 0 0 0 0 0 0 0 0 0 0 0 0 0 0 0 0 0 0 8388608 0 67108864 0 1 2147483648 0 0 0 0 0 0 0 0 0 0 0 0 0 0 0 0 0 0 0 0 0 0 0 0 0 0 0 0 0 2147483648 0 0 0 0 0 0 1073741825
is_linear=0
shrinkage=0.05


Tree=7
num_leaves=31
num_cat=10
split_feature=160 169 161 170 160 167 223 196 176 164 169 164 223 160 160 211 164 207 176 174 164 170 174 40 222 162 174 172 174 174
split_gain=18579.8 9705.99 4843.32 3200.66 3457.28 1632.28 1485.48 1380.29 1435.6 1298.89 1021.75 973.26 905.315 872.156 807.054 543.995 492.718 461.814 1185.94 529.764 461.377 1437.69 436.356 532.693 427.798 588.381 1001.46 416.795 1020.63 784.339
threshold=0 1.0000000180025095e-35 1 1.0000000180025095e-35 2 1.0000000180025095e-35 1.0000000180025095e-35 3 1.0000000180025095e-35 4 1.0000000180025095e-35 5 1.0000000180025095e-35 6 7 8.5000000000000018 8 1.0000000180025095e-35 1.0000000180025095e-35 190.00000000000003 9 1.0000000180025095e-35 190.00000000000003 1.0000000180025095e-35 1.0000000180025095e-35 3.0000000000000004 350.00000000000006 1.0000000180025095e-35 230.00000000000003 250.00000000000003
decision_type=9 2 9 2 9 2 2 1 2 9 2 9 2 9 9 2 9 2 2 2 9 2 2 2 2 2 2 2 2 2
left_child=1 20 -2 4 12 9 7 8 13 -5 16 -12 15 -6 -14 17 -9 18 -4 -19 21 22 -1 -24 25 -22 -27 28 -15 -30
right_child=2 -3 3 5 6 -7 -8 10 -10 -11 11 -13 14 27 -16 -17 -18 19 -20 -21 24 -23 23 -25 -26 26 -28 -29 29 -31
leaf_value=0.0032987918448613702 0.0085440497928324487 0.063890721970383951 -0.03788506813093831 0.018734691226643431 -0.047595686030818457 -0.041748779810826482 -0.06692306845146119 -0.056730640493599375 -0.039181417938275023 -0.015933684332572778 -0.053751817135575954 -0.010826248803862525 0.045751754864887868 -0.025835764503461263 -0.059986296838903622 0.016779224307494556 -0.037762297118239724 0.0041809969724287948 0.00056432700076767574 -0.013531849432495087 0.011241513495556124 0.024200410324151121 -0.034200319880347566 -0.0020238257130397643 -0.046513453021378603 0.051446405182805854 -0.019610249653359238 -0.00051892909289667072 0.037604919221932896 -0.013179587314667861
leaf_weight=3569.3586197956465 20105.507058667019 9296.4932154719718 3953.1797146869358 9462.5432775591034 1682.3378456546925 1811.1321598276263 2584.678459787363 5257.7789863409125 7352.7599701658182 3771.7414368235623 1742.0736286732135 5431.709243253048 203.36234915466048 7780.6328903934336 1319.5605580348638 2326.8784793422092 10736.418941776763 9329.2105744935106 4069.4533454155899 7708.7005025723483 80962.255211622338 4671.8339080447331 2800.0144396830583 2379.731396048679 312.86251520202495 2107.5981338918209 647.96469537355006 7017.9811446227832 1303.0127120636171 1823.7970838230103
leaf_count=10913 44624 14058 31219 18241 15728 40096 57938 131525 109580 23428 30522 36673 602 51740 25435 8467 147980 27976 31418 61744 172004 7190 24249 15551 2090 3008 1337 38183 4823 15577
internal_value=0 0.0150765 -0.0137822 -0.0184261 -0.0223341 0.00276261 -0.0299534 -0.0280524 -0.0203328 0.00885579 -0.0370101 -0.021344 -0.00842783 -0.013274 -0.0459464 -0.00634365 -0.0440587 -0.0084911 -0.0183823 -0.00383294 0.0104211 0.00180531 -0.0101513 -0.0194201 0.0117954 0.0120151 0.0347352 -0.0100192 -0.0161402 0.0079845
internal_weight=223523 106748 116774 96668.9 81623.5 15045.4 52713.2 50128.5 26960.5 13234.3 23168 7173.78 28910.3 19607.8 1522.92 27387.4 15994.2 25060.5 8022.63 17037.9 97451.6 13420.9 8749.1 5179.75 84030.7 83717.8 2755.56 17925.4 10907.4 3126.81
internal_count=1203919 250400 953519 908895 827130 81765 640269 582331 235631 41669 346700 67195 186861 126051 26037 160824 279505 152357 62637 89720 236342 57903 50713 39800 178439 176349 4345 110323 72140 20400
cat_boundaries=0 39 73 112 113 137 148 188 224 254 278
cat_threshold=0 0 6 0 4096 0 0 0 0 131072 0 0 0 0 0 0 0 0 0 0 0 0 0 224 0 0 0 0 0 0 0 0 0 41943040 512 67108864 0 1 2147483648 0 0 4096 0 0 8388608 0 0 0 1 524288 0 0 0 0 0 0 0 0 0 0 0 0 0 0 0 0 0 0 0 0 0 0 65536 0 0 0 0 0 0 0 0 0 0 0 0 0 0 0 0 0 0 0 0 0 0 0 0 0 0 0 0 0 2147483648 0 0 0 1073741824 0 512 1073741825 8192 1073741824 1043 0 0 0 0 0 0 4194304 0 0 0 0 0 0 0 0 0 0 0 0 0 0 0 0 160 0 0 4 0 4096 0 0 0 0 131072 8388608 0 0 0 0 0 0 0 0 0 0 0 0 0 0 0 0 0 0 0 0 0 0 0 0 0 0 0 0 0 0 0 0 0 0 0 0 0 0 0 327680 0 0 0 0 0 0 0 0 0 0 0 0 0 0 0 0 0 0 0 0 0 0 0 0 0 0 0 0 0 0 0 0 0 0 0 512 0 0 2 0 4096 0 0 0 0 131072 8388608 0 0 0 0 0 0 0 0 0 0 0 0 32 0 0 0 0 0 2147483648 0 0 6 0 0 0 0 0 0 0 0 0 0 0 0 0 0 0 0 0 0 0 0 64
is_linear=0
shrinkage=0.05


Tree=8
num_leaves=31
num_cat=10
split_feature=160 169 161 160 170 164 195 223 160 167 173 164 159 224 169 164 223 160 173 173 166 222 171 160 165 176 223 176 173 210
split_gain=16695.8 8675.12 3861.17 2892.89 2044.34 1849.26 1505.24 1362.69 1369.78 846.507 763.065 737.662 654.327 1273.07 673.239 719.541 636.164 908.091 555.313 618.39 517.738 695.251 493.914 1088.3 1003.66 648.62 1259.02 553.273 489.721 480.77
threshold=0 1.0000000180025095e-35 1 2 1.0000000180025095e-35 3 1.0000000180025095e-35 1.0000000180025095e-35 4 1.0000000180025095e-35 5.5000000000000009 5 6 1.0000000180025095e-35 1.0000000180025095e-35 7 1.0000000180025095e-35 8 11.500000000000002 12.500000000000002 175.00000000000003 1.0000000180025095e-35 1.0000000180025095e-35 9 75.000000000000014 1.0000000180025095e-35 1.0000000180025095e-35 1.0000000180025095e-35 9.5000000000000018 1.5000000000000002
decision_type=9 2 9 9 2 9 2 2 9 2 2 9 1 2 2 9 2 9 2 2 2 2 2 9 2 2 2 2 2 2
left_child=1 20 -2 5 7 -4 16 8 10 11 -5 -6 13 18 -14 -16 -7 -18 -10 -20 22 -22 23 25 27 26 -1 -24 -26 -25
right_child=2 -3 3 4 9 6 -8 -9 12 -11 -12 -13 14 -15 15 -17 17 -19 19 -21 21 -23 24 29 28 -27 -28 -29 -30 -31
leaf_value=0.023822662867850831 0.0063629775121368196 0.062067896392025292 -0.041988999001491015 0.0088640605194125043 -0.027833085513460133 -0.0048815226533735802 0.027649095646121259 -0.065020028884288469 -0.021471774437998907 -0.042247198177417414 -0.019640425054251131 0.010000630034279839 -0.043275390466503361 -0.049182335910905282 -0.0011100433548442061 -0.04040274098213173 0.027828611593913494 -0.058495130358441595 0.033492594927701964 -0.015009351903739877 0.039207085744337983 -0.043509147356402461 0.0041284731941628756 -0.0036600875465578608 0.0036328881361483985 0.0082624729513772564 -0.051967635056441058 0.017052674947652013 -0.022364950264666811 0.030236295058011082
leaf_weight=23443.541255069431 20995.696235686541 8817.3806925592944 3326.0705602958915 2975.9839583815774 1588.2874543761136 28688.795715385349 3587.5352098676376 2431.5095454718685 5926.0781129148672 1202.3643829171197 11115.56597442356 6627.2883992054267 14884.934408988935 3371.9425499552162 2256.3625524700619 2413.4077209995303 402.06076942803338 1210.3244646791136 1157.4456705088378 1519.0334726769361 2591.5265648062341 281.17289559042547 21401.731919076294 10588.703972720541 3183.1346876532771 13231.559693288873 560.5741073731333 13508.349145668559 4201.6188329607248 1160.2599347927608
leaf_count=38002 48549 14058 56633 10052 12424 171812 10707 57938 41675 27592 115247 16681 252301 51994 13487 32445 1631 25373 4193 14876 4345 2090 38188 35146 9831 26120 4563 27141 36300 2525
internal_value=0 0.0146437 -0.0130348 -0.0173364 -0.0243699 -0.00647066 -0.00297257 -0.028549 -0.0266044 -0.00307214 -0.0136105 0.00266281 -0.0323968 -0.0231246 -0.038059 -0.0215092 -0.00659959 -0.0371547 -0.0129348 0.00596583 0.0102036 0.0311031 0.00954566 0.0129633 0.00558717 0.0171473 0.0220515 0.00912977 -0.0111586 -0.000310842
internal_weight=218650 102970 115681 94685 57470.2 37214.8 33888.7 48052.3 45620.8 9417.94 14091.5 8215.58 31529.2 11974.5 19554.7 4669.77 30301.2 1612.39 8602.56 2676.48 94152.2 2872.7 91279.5 48984.6 42294.8 37235.7 24004.1 34910.1 7384.75 11749
internal_count=1203919 238309 965610 917061 650905 266156 209523 594208 536270 56697 125299 29105 410971 112738 298233 45932 198816 27004 60744 19069 224251 6435 217816 106356 111460 68685 42565 65329 46131 37671
cat_boundaries=0 38 72 111 141 180 190 191 221 260 294
cat_threshold=0 0 6 0 4096 0 0 0 0 131072 0 0 0 0 0 0 0 0 0 0 0 0 0 224 0 0 0 0 0 0 0 0 0 41943040 0 67108864 0 1 0 0 4096 0 0 8388608 0 0 0 1 524288 0 0 0 0 0 0 0 0 0 0 0 0 0 0 0 0 0 0 0 0 0 0 98304 32 0 0 0 0 0 0 0 0 0 0 0 0 0 0 0 0 0 0 0 0 0 0 0 0 0 0 0 0 2147483648 0 0 0 1073741824 512 512 1 8192 3221225472 0 0 2 0 4096 0 0 0 0 131072 8388608 0 0 0 0 0 0 0 0 0 0 0 0 32 0 0 0 0 0 2147483648 0 0 0 0 0 0 0 0 0 0 0 0 0 0 0 0 0 0 0 0 0 0 0 0 0 0 0 0 0 0 0 0 0 0 0 0 1073741824 0 33280 0 0 6 0 4096 0 0 0 0 131072 25600 0 0 2 0 0 0 4194304 0 0 0 0 0 0 0 0 0 0 0 0 0 0 0 0 160 0 0 0 0 0 2147483648 0 0 0 0 0 0 0 0 0 0 0 0 0 0 0 0 0 0 0 0 0 0 0 0 0 0 0 0 0 0 0 0 0 0 512 512 0 0 3221225472 0 0 6 0 0 0 0 0 0 131072 0 0 0 0 0 0 0 0 0 0 0 0 0 160 0 0 0 0 0 0 0 0 0 8388608
is_linear=0
shrinkage=0.05


Tree=9
num_leaves=31
num_cat=12
split_feature=196 169 160 164 223 170 160 173 167 164 170 167 160 160 196 224 169 164 173 160 170 165 164 173 173 173 161 40 173 177
split_gain=15703.9 8262.74 3792.71 2075.32 1950.4 1434.11 2056.66 1545.46 847.28 830.231 720.07 754.782 718.391 687.093 576.661 926.984 636.727 644.952 513.204 512.936 497.908 988.276 828.246 464.101 445.166 406.663 393.783 382.393 382.382 363.421
threshold=0 1.0000000180025095e-35 1 2 1.0000000180025095e-35 1.0000000180025095e-35 3 12.500000000000002 1.0000000180025095e-35 4 1.0000000180025095e-35 1.0000000180025095e-35 5 6 7 1.0000000180025095e-35 1.0000000180025095e-35 8 11.500000000000002 9 1.0000000180025095e-35 75.000000000000014 10 12.500000000000002 5.5000000000000009 9.5000000000000018 11 1.0000000180025095e-35 8.5000000000000018 1.0000000180025095e-35
decision_type=1 2 9 9 2 2 9 2 2 9 2 2 9 9 1 2 2 9 2 9 2 2 9 2 2 2 9 2 2 2
left_child=1 13 3 -2 5 6 7 24 9 -7 12 -12 28 -1 15 18 -16 -18 -8 29 21 26 -22 -20 -4 -23 -21 -27 -5 -15
right_child=2 -3 4 10 -6 8 14 -9 -10 -11 11 -13 -14 19 16 -17 17 -19 23 20 22 25 -24 -25 -26 27 -28 -29 -30 -31
leaf_value=-0.033693229786984413 -0.040348522113234614 0.060372901302426674 0.012043964427119913 0.024676957860006107 -0.061623457510164195 0.015524319047613587 -0.025462819317161524 -0.036020191396763115 -0.041624819447505887 -0.019268973082638904 0.029197513299995894 -0.037821592949613 -0.0058271347241958113 0.015990470566244665 -0.042851733026814207 -0.047040849293260828 -0.053208296759813534 -0.0097896482754570632 0.022409103794337561 -0.013844538449368983 0.025868483316105598 0.001685683716092613 -0.0097800241306652963 -0.013779123655905466 -0.0077723739675222047 -0.036143419515763206 0.0084569665088558964 -0.0055525906007081356 0.0025650305067897988 -0.024409976690893356
leaf_weight=933.32783456705511 3174.0208644818631 8379.7201831438579 3928.5208139473107 3357.6271970453672 2993.3712597560079 5232.2682897511404 6053.59217624148 4459.2014538091607 1161.3249971737387 2537.7884081369848 3645.2480527805164 474.33163002110086 20597.249507860164 26349.404228063911 13295.427246299747 3192.8393781160703 1147.5247319359332 3334.2178179835901 1278.936288668192 2039.6287119985791 7289.7179793152027 3176.1771210473962 2095.3524068151601 2880.196650954138 10168.767758573638 2229.3693770632381 59340.705894469866 1886.4588861187221 4681.5920105203986 568.13340254686773
leaf_count=14111 56633 14058 10246 6433 71681 12100 51702 68617 27583 16986 6567 11368 135220 52733 237784 51994 20569 25363 5996 8503 9868 9937 6045 33841 49483 22830 128982 13762 21616 1308
internal_value=0 0.0125783 -0.0147296 -0.00181421 -0.0222534 -0.0202479 -0.0235605 -0.0103602 -0.00179954 0.00415447 0.00193129 0.021476 -0.000879844 0.0087975 -0.0314019 -0.0235091 -0.0373362 -0.0210531 -0.0161728 0.00917782 0.00712291 0.00564736 0.017926 -0.00264866 -0.00224953 -0.0117542 0.00771484 -0.0221259 0.0117871 0.0151315
internal_weight=211882 114288 97594 35930.1 61664 58670.6 49739.2 18556.5 8931.38 7770.06 32756 4119.58 28636.5 105908 31182.7 13405.6 17777.2 4481.74 10212.7 104975 78057.4 68672.3 9385.07 4159.13 14097.3 7292.01 61380.3 4115.83 8039.22 26917.5
internal_count=1203919 282137 921782 237837 683945 612264 555595 128346 56669 29086 181204 17935 163269 268079 427249 143533 283716 45932 91539 253968 199927 184014 15913 39837 59729 46529 137485 36592 28049 54041
cat_boundaries=0 1 40 70 109 133 171 182 183 194 218 242 276
cat_threshold=199 32 0 2 0 0 0 0 0 0 0 0 0 0 0 0 0 0 0 0 0 0 0 0 0 0 0 0 0 0 0 0 0 0 1082130432 512 67109376 0 8193 2147483648 0 0 2 0 4096 0 0 0 0 131072 8388608 0 0 0 0 0 0 0 0 0 0 0 0 32 0 0 0 0 0 2147483648 0 0 0 0 0 0 0 0 0 0 0 0 0 0 0 0 0 0 0 0 0 0 0 0 0 0 0 0 0 2147483648 0 0 0 0 0 0 1 0 1073775104 0 0 0 0 0 0 0 0 0 0 0 0 0 0 0 0 0 0 0 0 0 0 0 160 0 0 2 0 0 0 0 0 0 0 0 0 0 0 0 0 0 0 0 0 0 0 0 0 0 0 0 0 0 0 0 0 0 8388608 0 67108864 0 1 0 0 0 0 0 0 0 0 0 0 8388608 24 0 0 4 0 0 0 0 0 0 131072 8388608 0 0 0 0 4096 0 0 0 0 131072 0 0 0 0 0 0 0 0 0 0 0 0 0 32 0 0 0 0 0 0 0 0 0 131072 0 0 0 0 0 0 0 0 0 0 0 0 0 64 0 0 1024 0 0 0 0 0 0 0 262144 0 0 128 0 0 0 0 0 0 0 0 0 0 0 0 0 0 0 0 0 0 0 49152
is_linear=0
shrinkage=0.05


Tree=10
num_leaves=31
num_cat=3
split_feature=162 169 200 163 223 199 198 167 190 206 180 182 176 169 164 176 161 210 211 40 176 163 165 166 193 173 173 164 173 211
split_gain=8687.97 3103.06 3024.06 5099.73 2954.33 2491.43 2257.25 1140.55 1462.33 1172.33 1662.18 1515.49 893.624 819.058 739.659 694.395 567.727 511.678 513.776 472.747 451.163 444.373 794.446 550.154 386.016 376.844 348.853 339.056 338.932 612.008
threshold=3.0000000000000004 1.0000000180025095e-35 1.0000000180025095e-35 4.5000000000000009 1.0000000180025095e-35 1.0000000180025095e-35 1.0000000180025095e-35 1.0000000180025095e-35 1.0000000180025095e-35 1.0000000180025095e-35 1.0000000180025095e-35 1.0000000180025095e-35 1.0000000180025095e-35 1.0000000180025095e-35 0 1.0000000180025095e-35 1 1.5000000000000002 7.5000000000000009 1.0000000180025095e-35 1.0000000180025095e-35 4.5000000000000009 75.000000000000014 65.000000000000014 1.0000000180025095e-35 16.500000000000004 10.500000000000002 2 7.5000000000000009 1.0000000180025095e-35
decision_type=2 2 2 2 2 2 2 2 2 2 2 2 2 2 9 2 9 2 2 2 2 2 2 2 2 2 2 9 2 2
left_child=2 15 3 4 5 6 7 8 9 10 11 16 -13 27 -15 -2 -1 18 28 -7 -20 23 -23 -4 -11 -12 -24 -5 29 -18
right_child=1 -3 21 13 -6 19 -8 -9 -10 24 25 12 -14 14 -16 -17 17 -19 20 -21 -22 22 26 -25 -26 -27 -28 -29 -30 -31
leaf_value=0.059008889277398051 0.024113903969747375 0.058793983929067206 -0.0079526533971770921 -0.032726887578875541 -0.041248736124671698 -0.017837049487899045 -0.035814566366005676 -0.0393824549573695 0.024937360090914278 0.0094037134412678913 0.0068263367620340675 0.037621736312666215 -0.013356906700993182 -0.050280424058070684 -0.010756354055761599 -0.012644086912875586 -0.0031719965597609154 0.023968068437550009 -0.011038066346361839 -0.041245412363582923 0.02850892720764019 0.008749792058514819 0.0012230311486265233 0.024238350128449604 0.049057968403972731 0.023370162444965061 -0.023372302548030067 -0.052605570892981929 -0.013014540877291534 -0.045550390412794482
leaf_weight=307.14655835274607 3268.1444379590685 7975.4516778872348 1628.9003472579643 4297.2262278514681 4871.7867084221216 5810.0214561270259 4136.2576877523243 1655.4214990414912 6767.1790063969092 24135.113989602716 9060.5313431934919 3048.1554999677464 1196.7608886875678 1538.6725952930283 5105.1347128249472 2116.3349158749916 20516.386805884147 1221.5549199613743 1258.9280505448114 3432.5228803592036 1686.8166104133707 34093.734523438266 2827.6612305865856 7156.7003787741996 629.3315933952108 5552.3952845144086 2940.0261197447544 4667.4862813574146 32932.30117859185 888.3835059646517
leaf_count=342 8547 14058 5247 77578 92219 54926 55885 40087 12927 60598 21164 5316 4614 30522 36673 8337 72389 2525 6048 49029 5858 65322 11481 9868 1119 12262 29580 131525 273220 4653
internal_value=0 0.0389952 -0.00269437 -0.00631974 -0.00305608 -0.00155818 0.000449222 0.00180249 0.00242705 0.000939771 -0.00208057 -0.00560182 0.0232484 -0.0333141 -0.0200056 0.00966565 -0.00768444 -0.00804388 -0.00872823 -0.0265328 0.011607 0.00809024 0.00584642 0.0182693 0.0104126 0.0131133 -0.0113143 -0.0431748 -0.00983084 -0.00493213
internal_weight=206722 13359.9 193363 144716 129107 124235 114993 110856 109201 102434 77669.4 63056.4 4244.92 15608.5 6643.81 5384.48 58811.5 58504.4 57282.8 9242.54 2945.74 48647 39861.4 8785.6 24764.4 14612.9 5767.69 8964.71 54337.1 21404.8
internal_count=1203919 30942 1172977 1051479 775181 682962 579007 523122 483035 470108 408391 374965 9930 276298 67195 16884 365035 364693 362168 103955 11906 121498 106383 15115 61717 33426 41061 209103 350262 77042
cat_boundaries=0 11 17 41
cat_threshold=0 0 4 0 4096 0 0 0 0 131072 8388608 0 0 4096 0 0 8388608 0 0 4 0 0 0 4194304 2097152 0 0 0 0 0 0 0 0 0 0 0 0 0 0 0 192
is_linear=0
shrinkage=0.05


Tree=11
num_leaves=31
num_cat=12
split_feature=160 169 180 170 160 195 160 223 196 160 223 164 164 160 160 160 195 164 170 211 222 162 160 221 173 193 173 207 167 40
split_gain=13609.3 6338.66 3272.32 2386.39 2391.76 1263.94 1865.7 1173.86 1154.62 665.071 650.243 645.13 636.835 633.597 619.028 397.237 514.68 359.627 862.126 335.16 319.623 547.546 378.654 454.422 372.713 339.821 317.889 378.619 312.952 265.474
threshold=0 1.0000000180025095e-35 1.0000000180025095e-35 1.0000000180025095e-35 1 1.0000000180025095e-35 2 1.0000000180025095e-35 3 4 1.0000000180025095e-35 5 6 7 8 9 1.0000000180025095e-35 10 1.0000000180025095e-35 9.5000000000000018 1.0000000180025095e-35 3.0000000000000004 11 1.0000000180025095e-35 14.500000000000002 1.0000000180025095e-35 5.5000000000000009 1.0000000180025095e-35 1.0000000180025095e-35 1.0000000180025095e-35
decision_type=9 2 2 2 9 2 9 2 1 9 2 9 9 9 9 9 2 9 2 2 2 2 9 2 2 2 2 2 2 2
left_child=1 17 3 4 10 12 -7 8 9 -6 19 15 -5 -12 -13 16 -10 18 28 -2 21 22 -19 -24 -23 -25 27 -11 29 -1
right_child=2 -3 -4 5 7 6 -8 -9 11 26 13 14 -14 -15 -16 -17 -18 20 -20 -21 -22 24 23 25 -26 -27 -28 -29 -30 -31
leaf_value=-0.021843383421138333 -0.0059996160559320742 0.05732046639839971 0.0090938265798965433 0.00069408411122428909 -0.039793529103915516 0.025962246803569723 -0.065304501844206567 -0.061235718077487268 -0.0052147910925082796 -0.016535342067858363 0.042237102446842728 -0.055241901586657371 -0.030836390600380847 -0.054586843929483264 -0.02519755692552271 -0.062484584234515278 -0.06703790054759802 -0.0042658146990124466 0.019486542200249642 0.016118969514354802 -0.044085248491411745 0.047795183620491177 0.010449658924472527 0.024376374689875736 0.0068021944162284399 0.078863855089163104 -0.015473307812337675 0.013112457446193982 0.012577925985670186 -0.0016464238428167762
leaf_weight=3551.9690056536347 20274.442503739381 7598.8550895908847 15102.275437425124 3842.7620064452058 2428.1875311555341 6404.8713618903421 603.94257948338054 2182.725962669967 892.72160339867696 1948.8018180597719 193.08689917204902 1859.5070296061458 2738.8022273524548 1116.2399882361642 23428.966960881837 2350.5984427752555 540.23751548689324 4126.8198964450276 4485.362477646675 1870.1309910789132 261.54797572339885 1674.7687705177814 67242.549921569531 2819.3007286926731 829.55460669891909 318.28177851065993 15260.91055346014 2405.5062202159315 1520.9711316631874 3003.0385987251066
leaf_count=25976 115944 14058 33426 17376 33247 12309 7078 57938 12002 8120 727 37507 45002 25435 302523 87242 11381 19108 7190 6464 2090 2319 145825 5241 2026 543 134199 6886 8378 16359
internal_value=0 0.0134712 -0.0124477 -0.0160502 -0.0194698 0.0032612 0.0180369 -0.0253234 -0.0237942 -0.0151391 -0.0061536 -0.0303406 -0.0124731 -0.040388 -0.027429 -0.0496698 -0.0283436 0.00976323 0.00190926 -0.00413113 0.0110382 0.0112272 0.010454 0.0113162 0.0342224 0.029917 -0.0120672 -0.000155855 -0.00785071 -0.0125922
internal_weight=202878 97433 105445 90342.4 76752.1 13590.4 7008.81 53298.2 51115.4 22043.4 23453.9 29072 6581.56 1309.33 25288.5 3783.56 1432.96 89834.2 12561.3 22144.6 77272.8 77011.3 74507 70380.1 2504.32 3137.58 19615.2 4354.31 8075.98 6555.01
internal_count=1203919 249113 954806 921380 839615 81765 19387 691045 633107 182452 148570 450655 62378 26162 340030 110625 23383 235055 57903 122408 177152 175062 170717 151609 4345 5784 149205 15006 50713 42335
cat_boundaries=0 38 77 78 79 119 149 179 218 219 220 244 279
cat_threshold=0 0 6 0 4096 0 0 0 0 131072 0 0 0 0 0 0 0 0 0 0 0 0 0 224 0 0 0 0 0 0 0 0 0 41943040 512 67108864 0 1 0 0 0 0 0 0 0 0 0 0 0 0 0 0 0 0 0 0 0 0 0 0 0 0 0 0 0 0 0 2147483648 0 0 0 1073741824 0 512 1 8192 3221225472 524320 1035 0 0 0 0 0 0 0 0 0 0 0 0 0 0 0 0 0 0 0 0 0 0 0 0 0 0 0 0 0 0 0 0 0 0 0 0 0 0 0 327680 0 0 0 0 4096 0 0 0 0 131072 8388608 0 0 0 0 0 0 0 0 0 0 0 0 0 0 0 0 0 0 2147483648 0 0 0 0 4096 0 4194304 0 0 0 8388608 0 0 0 0 0 0 0 0 0 0 0 0 96 0 0 0 0 0 2147483648 0 0 0 0 0 0 0 0 0 0 0 0 0 0 0 0 0 0 0 0 0 0 0 0 0 0 0 0 0 0 0 0 0 0 0 512 0 0 2147483648 8192 8192 0 0 6 0 0 0 0 0 0 0 0 0 0 0 0 0 0 0 0 0 0 0 0 64 0 0 0 0 4096 0 0 0 0 0 0 0 0 0 0 0 0 0 0 0 0 0 0 0 0 0 0 0 0 0 0 0 0 0 512
is_linear=0
shrinkage=0.05


Tree=12
num_leaves=31
num_cat=3
split_feature=162 200 171 223 169 224 198 206 195 182 180 164 169 176 164 167 166 222 170 165 166 210 174 174 40 177 164 176 174 174
split_gain=7501.02 2848.95 3995.99 2443.62 2286.5 2202.43 1723.2 1090.24 1203.34 1087.04 1342 1019.71 706.287 705.295 604.097 582.344 546.839 540.1 460.494 655.594 507.724 407.44 388.941 335.758 351.927 315.467 282.29 272.583 427.335 619.556
threshold=3.0000000000000004 1.0000000180025095e-35 1.0000000180025095e-35 1.0000000180025095e-35 1.0000000180025095e-35 1.0000000180025095e-35 1.0000000180025095e-35 1.0000000180025095e-35 1.0000000180025095e-35 1.0000000180025095e-35 1.0000000180025095e-35 0 1.0000000180025095e-35 1.0000000180025095e-35 1 1.0000000180025095e-35 175.00000000000003 1.0000000180025095e-35 1.0000000180025095e-35 75.000000000000014 65.000000000000014 1.5000000000000002 290.00000000000006 190.00000000000003 1.0000000180025095e-35 1.0000000180025095e-35 2 1.0000000180025095e-35 230.00000000000003 250.00000000000003
decision_type=2 2 2 2 2 2 2 2 2 2 2 9 2 2 9 2 2 2 2 2 2 2 2 2 2 2 9 2 2 2
left_child=1 2 3 5 16 6 7 8 9 10 15 -10 26 -11 -14 21 -2 22 19 -3 -20 -1 -18 -21 -25 27 -4 28 -9 -30
right_child=4 18 12 -5 -6 -7 -8 25 11 13 -12 -13 14 -15 -16 -17 17 -19 20 23 -22 -23 -24 24 -26 -27 -28 -29 29 -31
leaf_value=-0.0080974324383439478 -0.0057309197542519058 0.0085165261063653002 -0.03065335208999655 -0.039494528251368469 0.055946813348728267 -0.044733735972210489 -0.033471608781656247 0.0087201156050189764 -0.051628281407295876 0.033988615002183829 0.0083993928117342045 0.023224403938875565 -0.0031470941296708891 -0.012179765397823762 -0.034074886696541754 -0.038839137623979031 0.049978054402273778 -0.042128315580155506 -0.007071487290963273 0.0040700342722581216 0.024687890967936402 0.020410737384753339 0.0071865792784340868 -0.035593730052517751 -0.0019927530703179575 -0.026098915951223042 -0.049540209782223447 0.0055454351800656651 0.051233549228348108 0.012684076379526971
leaf_weight=61498.294107737252 2339.8156176152406 33275.477113822126 4039.2248440188123 4464.886211789606 7232.1667418065481 2918.380788837414 3894.1283718978084 6937.3612705408596 480.61412741872482 2983.8851291588508 14893.344127746299 6393.0315445989836 3254.882233889075 1143.9528892361559 3073.9497695618484 1519.4383328287513 1525.1780272182077 250.30172294250224 1543.741728768684 2398.3754453063011 6798.0003866939805 1278.8427847037092 815.25280371261761 1762.4502691928064 1397.3134086325299 593.85159004153684 4237.3631035623839 11983.323025442834 1791.3491335099097 2493.7747088290052
leaf_count=408827 10449 65322 77578 92219 14058 51994 55885 17768 6165 5316 33426 13222 20749 4614 46446 39271 2319 2090 5247 8646 9868 2525 2026 20715 11700 1626 131525 30600 3628 8095
internal_value=0 -0.0024741 -0.00605775 -0.00317195 0.0380475 -0.00182928 -0.000766901 0.000350445 -0.00216139 -0.00382033 -0.00512434 0.0179452 -0.0308075 0.0211928 -0.01823 -0.00825703 0.0117885 0.0276112 0.00815119 0.00586131 0.0188098 -0.00751645 0.0350792 -0.0100334 -0.0207389 0.00986938 -0.0404228 0.0107906 0.0163904 0.0288045
internal_weight=199212 187049 139874 125268 12162.7 120804 117885 113991 90191.4 83317.8 79189.9 6873.65 14605.4 4127.84 6328.83 64296.6 4930.55 2590.73 47175.4 38833.6 8341.74 62777.1 2340.43 5558.14 3159.76 23799.7 8276.59 23205.8 11222.5 4285.12
internal_count=1203919 1172977 1051479 775181 30942 682962 630968 575083 513366 493979 484049 19387 276298 9930 67195 450623 16884 6435 121498 106383 15115 411352 4345 41061 32415 61717 209103 60091 29491 11723
cat_boundaries=0 24 54 78
cat_threshold=0 0 2 0 4096 0 0 0 0 131072 8388608 0 0 0 0 0 0 0 0 0 0 0 0 32 0 0 2 0 0 0 4194304 2097152 0 0 0 0 0 0 0 0 0 0 0 0 0 0 0 160 0 0 0 0 0 2147483648 0 0 4 0 0 0 4194304 2097152 0 0 0 0 0 0 0 0 0 0 0 0 0 0 0 192
is_linear=0
shrinkage=0.05


Tree=13
num_leaves=31
num_cat=9
split_feature=196 169 163 196 223 182 164 167 169 173 164 176 166 222 170 165 164 173 211 224 173 161 173 173 40 161 196 40 164 221
split_gain=11144.3 5641.39 1929.69 1775.26 2024.08 932.364 1045.09 1650.63 683.733 603.432 564.655 499.926 482.193 538.571 450.821 679.279 454.454 436.615 662.702 360.908 346.324 338.531 316.536 305.866 279.173 275.93 263.931 272.785 258.382 225.175
threshold=0 1.0000000180025095e-35 4.5000000000000009 1 1.0000000180025095e-35 1.0000000180025095e-35 2 1.0000000180025095e-35 1.0000000180025095e-35 11.500000000000002 3 1.0000000180025095e-35 175.00000000000003 1.0000000180025095e-35 1.0000000180025095e-35 75.000000000000014 4 9.5000000000000018 7.5000000000000009 1.0000000180025095e-35 9.5000000000000018 5 14.500000000000002 12.500000000000002 1.0000000180025095e-35 6 7 1.0000000180025095e-35 8 1.0000000180025095e-35
decision_type=1 2 2 1 2 2 9 2 2 2 9 2 2 2 2 2 9 2 2 2 2 9 2 2 2 9 1 2 9 2
left_child=1 12 3 4 5 6 7 -2 28 -5 -10 -7 14 22 15 21 -16 -8 -19 23 -17 -1 -14 26 -22 -23 27 -11 -4 -27
right_child=2 -3 8 9 -6 11 17 -9 10 19 -12 -13 13 -15 16 20 -18 18 -20 -21 24 25 -24 -25 -26 29 -28 -29 -30 -31
leaf_value=0.060211425499282462 0.021492329161187512 0.054687933016538098 -0.030132325524759286 -0.033037440055305282 -0.038745421446593251 0.030597632366308709 -0.0036053344726178754 -0.042968370605663019 -0.045903664481473927 0.035894426940270445 -0.0094124798089939999 -0.0090913990638390469 0.051902211126943446 -0.041033735711380075 0.024462546033148232 0.0038202296444016046 -0.0039889050078035218 -0.016555657027267575 0.016460611012137607 -0.036383637396232398 -0.031875361297317391 -0.019564538106123189 0.011779389306831516 -0.014678589101427603 -0.004553986611679218 0.0070900577392036456 -0.018506199362963424 -0.054675280605374132 -0.048512418472813838 0.019367730619994149
leaf_weight=294.2306197360158 6607.5284058174584 6894.6707078912295 3954.6330456027645 9148.751410319499 4331.7092688254052 2943.7853524750099 23973.198744479421 1168.2519482317148 1351.9576634040568 876.40601896564476 4865.4351272240456 1085.6049634064548 1409.4130547363311 239.54999034339562 6611.8648647814989 2958.9911568439566 1783.9741305694915 17633.398409947578 1662.6587402640143 1348.3971544831002 1991.8315596419852 930.59406087896787 755.78954882826656 3907.4251698160224 1763.0672010923736 76619.741784279176 464.06302514893468 91.35957786324434 4057.2144870605844 3926.0824084191117
leaf_count=342 12942 14058 77578 103657 92219 5316 98564 34502 30522 2737 36673 4614 2319 2090 9868 9937 6045 190523 7386 28503 22830 4539 2026 57994 13762 184650 5482 1045 131525 9671
internal_value=0 0.0109536 -0.0129988 -0.00980684 -0.00583741 -0.00324977 -0.00507772 0.0117897 -0.0298856 -0.0246769 -0.0174402 0.0199035 0.00791734 0.0300326 0.0073682 0.0063174 0.018441 -0.00810997 -0.0137102 -0.0132741 -0.00897053 0.00757275 0.0379051 -0.00743416 -0.0190506 0.00737393 0.0123304 0.0270362 -0.0395413 0.00768774
internal_weight=195652 106180 89471.8 75242.5 59406.1 55074.4 51045 7775.78 14229.2 15836.4 6217.39 4029.39 99285.1 2404.75 96880.4 88484.5 8395.84 43269.3 19296.1 6687.65 6713.89 81770.6 2165.2 5339.25 3754.9 81476.4 1431.83 967.766 8011.85 80545.8
internal_count=1203919 282137 921782 645484 446066 353847 343917 47444 276298 199418 67195 9930 268079 6435 261644 245731 15913 296473 197909 95761 46529 199202 4345 67258 36592 198860 9264 3782 209103 194321
cat_boundaries=0 1 2 26 37 61 67 101 102 126
cat_threshold=199 3104 0 0 0 0 0 0 4194304 0 0 0 0 0 0 0 0 0 0 0 0 0 0 0 0 128 0 0 4 0 4096 0 0 0 0 131072 8388608 0 0 0 0 0 0 0 0 0 131072 0 0 0 0 0 0 0 0 0 0 0 0 0 64 0 0 4096 0 0 8388608 0 0 1024 0 0 0 0 0 0 0 0 0 0 128 0 0 0 0 0 0 0 0 0 0 0 0 0 0 0 0 0 0 0 16384 16 0 0 4 0 0 0 4194304 2097152 0 0 0 0 0 0 0 0 0 0 0 0 0 0 0 192
is_linear=0
shrinkage=0.05


Tree=14
num_leaves=31
num_cat=11
split_feature=160 162 161 160 164 195 195 190 223 167 176 160 196 174 172 164 174 163 223 160 163 164 174 160 170 221 167 179 160 174
split_gain=11327.5 3531 2327.94 2157.17 2211.23 1593.98 1244.98 1171.1 1097.8 862.579 658.098 944.875 756.366 594.041 528.47 516.416 487.851 404.655 402.212 565.738 436.508 352.045 339.194 329.285 661.396 355.819 324.799 296.156 276.98 316.992
threshold=0 3.0000000000000004 1 2 3 1.0000000180025095e-35 1.0000000180025095e-35 1.0000000180025095e-35 1.0000000180025095e-35 1.0000000180025095e-35 1.0000000180025095e-35 4 5 230.00000000000003 1.0000000180025095e-35 6 290.00000000000006 4.5000000000000009 1.0000000180025095e-35 7 4.5000000000000009 8 250.00000000000003 9 1.0000000180025095e-35 1.0000000180025095e-35 1.5000000000000002 1.0000000180025095e-35 10 210.00000000000003
decision_type=9 2 9 9 9 2 2 2 2 2 2 9 1 2 2 9 2 2 2 9 2 9 2 9 2 2 2 2 9 2
left_child=1 23 22 4 -4 9 8 17 10 18 11 16 -12 -13 -15 -11 -5 -7 20 -20 -6 -22 -2 24 28 -25 -3 -24 -1 -30
right_child=2 26 3 6 5 7 -8 -9 -10 15 12 13 -14 14 -16 -17 -18 -19 19 -21 21 -23 27 25 -26 -27 -28 -29 29 -31
leaf_value=0.0057440204987856992 -0.0030534789470301688 0.041083622570795585 -0.052836658796345227 0.0016643910607098287 -0.0034279557361060692 0.024437687459480998 -0.064589583123286345 0.022314635608511223 -0.058405753590733168 0.034453474363153679 -0.0034811035443814186 -0.029286084173009205 -0.036906672210333037 0.0029776793637294862 -0.037310378597580657 -0.04897471780796351 -0.044576409454105452 -0.064250294468448543 0.044715042591433857 -0.051244310523838481 -0.047419341945752883 -0.013291573586056366 0.061709388131555014 0.010053827955821293 0.021993354788628527 0.028145460586867146 -0.045745226262082363 0.0094171571154154643 0.0016840482888189419 -0.018611797703049254
leaf_weight=6829.9654861635063 7765.606244137045 10230.764382181456 2560.5418531871983 7762.2750516893575 24773.109317989496 165.88037317607086 1803.0262355748564 6777.1951587855583 1957.0969018161413 201.30985517194495 2131.8942459256941 10369.714971615744 8448.0684709585621 3221.881764020538 1088.5127659788122 1864.2507276052493 615.12257765349932 567.47026726941112 175.54384048120119 974.76285926596029 857.61031659942819 6170.8434338508232 278.08637527748942 60875.476809182204 3739.5984549741261 2844.8391288835555 108.40346409985796 9716.9305509703699 3995.5834985377733 3709.0488813734846
leaf_count=25620 22139 26196 73138 44527 134261 1370 36248 16088 57938 2638 23042 93413 168801 26756 16694 52957 13500 19933 727 25435 27804 74912 368 135057 5516 5784 578 22117 15281 35081
internal_value=0 0.0126346 -0.0116373 -0.015173 -0.00780451 -0.0050807 -0.024052 0.0158188 -0.0220044 -0.00956498 -0.0198855 -0.0151471 -0.0302104 -0.0227859 -0.00719833 -0.0409053 -0.0017307 -0.0441797 -0.0075997 -0.0366397 -0.00654856 -0.017546 0.00478238 0.00916363 0.00323999 0.0108601 0.0401706 0.0108756 -0.00158306 -0.00807592
internal_weight=192580 92333.7 100247 82486.1 45088.5 42528 37397.6 7510.55 35594.6 35017.4 33637.5 23057.5 10580 14680.1 4310.39 2065.56 8377.4 733.351 32951.9 1150.31 31801.6 7028.45 17760.6 81994.5 18274.2 63720.3 10339.2 9995.02 14534.6 7704.63
internal_count=1203919 249113 954806 910182 429263 356125 480919 37391 444671 318734 386733 194890 191843 136863 43450 55595 58027 21303 263139 26162 236977 102716 44624 222339 81498 140841 26774 22485 75982 50362
cat_boundaries=0 38 72 111 141 180 181 188 227 232 267 302
cat_threshold=0 0 6 0 4096 0 0 0 0 131072 0 0 0 0 0 0 0 0 0 0 0 0 0 224 0 0 0 0 0 0 0 0 0 41943040 512 67108864 0 1 0 0 4096 0 0 8388608 0 0 0 1 524288 0 0 0 0 0 0 0 0 0 0 0 0 0 0 0 0 0 0 0 0 0 0 65536 524320 0 0 0 0 0 0 0 0 0 0 0 0 0 0 0 0 0 0 0 0 0 0 0 0 0 0 0 0 2147483648 0 0 0 1073741824 0 512 1 8192 3221225472 0 0 2 0 0 0 0 0 0 131072 8388608 0 0 0 0 0 0 0 0 0 0 0 0 0 0 0 0 0 0 2147483648 8192 0 0 0 0 0 0 0 0 0 0 0 0 0 0 0 0 0 0 0 0 0 0 0 0 0 0 0 0 0 0 0 0 0 0 0 0 0 33280 9 0 0 4 0 4096 0 4194304 0 0 0 0 0 0 0 0 0 0 0 0 0 0 0 0 0 0 0 0 0 0 0 0 0 0 0 0 0 0 0 0 0 0 0 512 0 0 2147483648 0 0 4 0 4096 0 0 0 0 4096 0 0 0 0 0 0 0 0 0 0 0 0 0 0 0 0 0 0 128 0 0 0 0 0 0 0 0 0 33554432 512 0 0 0 0 0 0 0 0 0 0 0 0 0 0 0 0 0 0 0 0 0 0 0 0 0 0 0 0 0 0 0 0 0 33554432 512
is_linear=0
shrinkage=0.05


Tree=15
num_leaves=31
num_cat=12
split_feature=160 169 180 170 160 195 160 223 196 160 164 164 160 169 223 160 173 160 195 170 164 164 176 211 40 176 207 173 213 173
split_gain=9823.97 4501.59 2403.05 1819.37 1649.47 946.271 1254.73 929.745 846.339 589.849 444.162 419.667 514.704 463.238 388.028 511.596 384.568 342.413 415.325 301.046 750.713 369.229 290.801 288.936 254.957 254.9 374.65 340.621 321.712 239.889
threshold=0 1.0000000180025095e-35 1.0000000180025095e-35 1.0000000180025095e-35 1 1.0000000180025095e-35 2 1.0000000180025095e-35 3 4 5 6 7 1.0000000180025095e-35 1.0000000180025095e-35 8 11.500000000000002 9 1.0000000180025095e-35 1.0000000180025095e-35 10 11 1.0000000180025095e-35 10.500000000000002 1.0000000180025095e-35 1.0000000180025095e-35 1.0000000180025095e-35 11.500000000000002 1.0000000180025095e-35 12.500000000000002
decision_type=9 2 2 2 9 2 9 2 1 9 9 9 9 2 2 9 2 9 2 2 9 9 2 2 2 2 2 2 2 2
left_child=1 19 3 4 14 10 -7 8 9 -6 -5 17 -13 16 23 -16 -14 18 -10 20 -1 -21 24 -2 29 28 -27 -28 -11 -18
right_child=2 -3 -4 5 7 6 -8 -9 11 25 -12 12 13 -15 15 -17 22 -19 -20 21 -22 -23 -24 -25 -26 26 27 -29 -30 -31
leaf_value=-0.0069834141987386109 -0.0061424718351343879 0.052534421612846507 0.0080203424707682002 0.00014134265986606408 -0.037552120160576741 0.022492710408776349 -0.059179793339718637 -0.057279659284100032 -0.0023131527985538699 -0.0045175283872619177 -0.027224490754048071 -0.045766406628286516 -0.032757349229644309 -0.008233451179148794 0.041744614770474468 -0.049848263893794618 0.023034921055281779 -0.057573816433416893 -0.062440725012472213 0.022832434237373921 0.0094448628822505556 -0.0047290373671115193 -0.027083408584725261 0.017669051717724708 -0.022971032617455204 -0.0044722309038118108 -0.012491930851754228 -0.047804768962835816 -0.031399190333545754 -0.012746356552565728
leaf_weight=7725.0169454033021 19985.548896449734 6309.869622987695 14209.044897175394 3661.7062802878208 2265.9934474854381 6124.2861288872082 499.7261009690119 1849.545431884646 813.38823705853429 12193.965253625225 2485.2027577224653 2588.3910687038151 9178.7680396007781 4686.3815031035338 176.12541036226321 917.53208960482152 970.01262950105593 1926.937524722307 443.64193243626505 6724.5285729593597 69239.270496974234 1484.6273647225462 3403.3101536043105 1360.161233079154 1311.2048777703894 2121.2670765859802 1213.5738009884371 1563.8330853262451 1224.4428941300139 904.8199620131636
leaf_count=50713 117729 14058 33426 17376 33247 12309 7078 57938 12002 63969 45002 52024 128587 37963 727 25435 4297 87242 11381 10638 168232 5472 84194 4679 21171 23042 10594 36944 14656 11794
internal_value=0 0.011785 -0.0109926 -0.0142151 -0.0173362 0.00316039 0.0162711 -0.0225067 -0.0211368 -0.0135237 -0.0109673 -0.0270956 -0.024714 -0.0220276 -0.00611083 -0.0351551 -0.0261406 -0.0441923 -0.0233684 0.00876719 0.00779615 0.0178694 -0.016921 -0.00462457 -0.00606146 -0.0105311 -0.0202989 -0.0323818 -0.00697196 0.00576492
internal_weight=189562 91483.3 98078.8 83869.8 71098.8 12770.9 6624.01 48659.5 46809.9 20583.1 6146.91 26226.9 23042.9 20454.5 22439.4 1093.66 15768.1 3183.97 1257.03 85173.4 76964.3 8209.16 6589.35 21345.7 3186.04 18317.1 4898.67 2777.41 13418.4 1874.83
internal_count=1203919 249113 954806 921380 839615 81765 19387 691045 633107 182452 62378 450655 340030 288006 148570 26162 250043 110625 23383 235055 218945 16110 121456 122408 37262 149205 70580 47538 78625 16091
cat_boundaries=0 38 77 78 79 119 149 179 190 229 230 254 278
cat_threshold=0 0 6 0 4096 0 0 0 0 131072 0 0 0 0 0 0 0 0 0 0 0 0 0 224 0 0 0 0 0 0 0 0 0 41943040 512 67108864 0 1 0 0 0 0 0 0 0 0 0 0 0 0 0 0 0 0 0 0 0 0 0 0 0 0 0 0 0 0 0 2147483648 0 0 0 1073741824 0 512 1 8192 3221225472 524320 1035 0 0 0 0 0 0 0 0 0 0 0 0 0 0 0 0 0 0 0 0 0 0 0 0 0 0 0 0 0 0 0 0 0 0 0 0 0 0 0 327680 0 0 0 0 4096 0 4194304 0 0 0 8388608 0 0 0 0 0 0 0 0 0 0 0 0 96 0 0 0 0 0 2147483648 0 0 0 0 4096 0 0 0 0 131072 8388608 0 0 0 0 0 0 0 0 0 0 0 0 0 0 0 0 0 0 2147483648 8192 0 0 0 0 0 0 2097152 0 0 8388608 0 0 0 0 0 0 0 0 0 0 0 0 0 0 0 0 0 0 0 0 0 0 0 0 0 0 0 0 0 0 0 0 0 0 0 512 0 0 2147483648 8192 0 0 6 0 0 0 0 0 0 0 0 0 0 0 0 0 0 0 0 0 0 0 0 64 0 0 4 0 0 0 0 0 0 131072 0 0 0 0 0 0 0 0 0 0 0 0 0 64
is_linear=0
shrinkage=0.05


Tree=16
num_leaves=31
num_cat=8
split_feature=196 169 163 195 182 224 223 164 223 159 169 211 164 170 164 167 173 196 173 166 164 165 173 222 161 173 193 173 40 195
split_gain=8383.36 4472.99 1506.44 1770.82 1064.88 765.98 716.137 649.863 648.811 582.766 525.289 431.855 413.572 377.763 556.179 335.387 305.948 509.985 298.073 281.058 260.509 258.154 498.285 434.477 252.956 252.585 237.411 264.642 232.809 228.348
threshold=0 1.0000000180025095e-35 4.5000000000000009 1.0000000180025095e-35 1.0000000180025095e-35 1.0000000180025095e-35 1.0000000180025095e-35 1 1.0000000180025095e-35 2 1.0000000180025095e-35 7.5000000000000009 3 1.0000000180025095e-35 4 1.0000000180025095e-35 6.5000000000000009 5 7.5000000000000009 65.000000000000014 6 135.00000000000003 17.500000000000004 1.0000000180025095e-35 7 12.500000000000002 1.0000000180025095e-35 10.500000000000002 1.0000000180025095e-35 1.0000000180025095e-35
decision_type=1 2 2 2 2 2 2 9 2 1 2 2 9 2 9 2 2 1 2 2 9 2 2 2 9 2 2 2 2 2
left_child=1 13 3 4 5 6 9 -5 25 -2 29 15 -12 14 18 16 17 -11 -1 -15 -18 24 23 -23 -16 -6 27 -26 -20 -4
right_child=2 -3 10 7 8 -7 -8 -9 -10 11 12 -13 -14 19 21 -17 20 -19 28 -21 -22 22 -24 -25 26 -27 -28 -29 -30 -31
leaf_value=0.0076736177478745997 -0.030164504225528146 0.051484019177061996 -0.031326589876452621 -0.047767447480765127 0.026814591843138343 -0.040199935594400736 -0.034032357235482952 0.019848298036122203 -0.044920148064626679 -0.00063316368074844834 -0.042252469983314778 0.0097926714987459553 -0.0093639123562194969 -0.003343654761933153 0.055219486659454524 -0.034872868165892044 0.0086662347384802753 -0.034095203474381983 -0.025563570530537018 0.021580454578076488 -0.013160745461292832 0.046176456479132488 -0.018564235256236739 -0.037064150752082393 0.0032808623450984844 -0.0017521417863878546 0.040879124767054131 0.0091053573507258474 -0.003206582396782726 -0.052432082360120175
leaf_weight=2171.6398390906397 3496.570055790653 6011.0495619028807 5603.2264579033654 367.73433692700928 2856.1343972822651 2478.903643931204 3415.5714731075568 6184.0046529476531 440.05334208451677 13372.388065150968 1195.1724322955124 2860.7860364968656 4723.0403034271731 1359.8048379505053 258.30250084586442 1338.7319240210927 1426.2910625846125 1234.3475417583832 2407.3233152905595 6710.7943930842448 31000.262896059008 1496.0401907311752 519.95804421906359 174.66094312001951 36710.694318013193 1060.7478279019706 501.32161683216691 41613.739606194838 2256.3243366442621 1664.9197438949486
leaf_count=6546 55885 14058 156060 5777 5369 51994 86672 13610 5547 53577 30522 11906 36673 5247 342 39271 5971 8746 25338 10891 296598 2820 1661 1385 87413 4561 1119 109254 16063 53043
internal_value=0 0.00964106 -0.0116292 -0.00876774 -0.0112658 -0.0129818 -0.0118209 0.0160064 0.0126084 -0.0104344 -0.0271596 -0.00907979 -0.0160968 0.00702667 0.00607815 -0.010198 -0.0094952 -0.00348607 -0.0076136 0.0173805 -0.0122018 0.00722979 0.0241611 0.0374627 0.00676149 0.0190778 0.00659444 0.00637552 -0.0147496 -0.0361652
internal_weight=186911 102192 84718.9 71532.5 64980.8 60623.9 58144.9 6551.74 4356.94 54729.4 13186.4 51232.8 5918.21 96180.6 88110 48372 47033.3 14606.7 6835.29 8070.6 32426.6 81274.7 2190.66 1670.7 79084.1 3916.88 78825.8 78324.4 4663.65 7268.15
internal_count=1203919 282137 921782 645484 626097 610620 558626 19387 15477 471954 276298 416069 67195 268079 251941 404163 364892 62323 47947 16138 302569 203994 5866 4205 198128 9930 197786 196667 41401 209103
cat_boundaries=0 1 11 12 23 47 48 78 84
cat_threshold=199 0 0 2 0 4096 0 0 0 0 131072 4096 0 0 4 0 4096 0 0 0 0 131072 8388608 0 0 4 0 0 0 0 0 0 0 0 0 0 0 0 0 0 0 0 0 0 0 0 64 1072 0 0 0 0 4096 0 4194304 0 0 0 0 0 0 0 0 0 0 0 0 0 0 0 0 192 0 0 0 0 0 2147483648 0 0 4096 0 0 8388608
is_linear=0
shrinkage=0.05


Tree=17
num_leaves=31
num_cat=12
split_feature=160 162 180 170 160 195 160 223 160 164 224 161 164 195 164 176 223 160 198 167 164 170 160 221 173 173 207 211 164 166
split_gain=8413.9 2581.12 1883.31 1580.56 1548.38 846.991 1028.81 828.216 722.895 1062.2 518.257 483.501 360.712 344.888 474.22 333.284 329.657 468.531 309.227 309.199 407.997 308.344 712.499 340.304 291.441 291.135 283.134 263.962 255.113 254.874
threshold=0 3.0000000000000004 1.0000000180025095e-35 1.0000000180025095e-35 1 1.0000000180025095e-35 2 1.0000000180025095e-35 3 4 1.0000000180025095e-35 5 6 1.0000000180025095e-35 7 1.0000000180025095e-35 1.0000000180025095e-35 8 1.0000000180025095e-35 1.0000000180025095e-35 9 1.0000000180025095e-35 10 1.0000000180025095e-35 5.5000000000000009 10.500000000000002 1.0000000180025095e-35 10.500000000000002 11 65.000000000000014
decision_type=9 2 2 2 9 2 9 2 9 9 2 9 9 2 9 2 2 9 2 2 9 2 9 2 2 2 2 2 9 2
left_child=1 21 3 4 16 12 -7 8 13 -10 11 -11 -5 14 -6 -3 27 -18 19 24 -21 22 25 -24 26 -1 -13 -2 -26 -23
right_child=2 15 -4 5 7 6 -8 -9 9 10 -12 18 -14 -15 -16 -17 17 -19 -20 20 -22 29 23 -25 28 -27 -28 -29 -30 -31
leaf_value=0.001814777166523754 -0.0054467458655366808 0.043534015897932057 0.0065202864119638096 -0.00044786343569459673 0.004168310699470777 0.021028838814691843 -0.056259268716709457 -0.055668078346610174 -0.055684436147380306 0.05015011172965636 -0.03858660897478338 -0.010858329655687641 -0.025428979129963048 -0.062515363797140927 -0.038101870183076508 0.024348514136826472 0.039748754811452389 -0.048392561984486229 -0.029375065504027537 0.046614092262696638 -0.056764408427745376 -0.0022786273737964136 0.0080075187140413295 0.026279561305810675 0.0012563953478689307 -0.018007099869657258 0.010818792838447866 0.017272429810474384 -0.016761718185560142 0.021847386194300631
leaf_weight=3900.0710496006068 19411.377122966398 5598.9897185615264 14039.330180863151 3606.420327199914 804.13003583595855 6031.4603581354022 454.04521418910008 1705.6930684248655 1751.6823126708914 278.44702748954296 2360.2945561610832 4301.4300093759084 2406.4292461797013 1061.5388478997629 3903.4769585078466 3806.8446785513079 176.94308162038215 839.17232280282769 3339.3683851076203 104.14177034678869 713.74186256458052 1324.574965076521 62413.935513524455 2656.5692592989653 2166.805477415619 3526.9535298297997 2317.4075459744781 1368.05693964893 21655.683990215286 6294.7613373864442
leaf_count=15281 117729 14418 33426 17376 12224 12309 7078 57938 87242 435 51994 29636 45002 29170 67260 12356 789 25373 55885 967 21127 5247 151106 5784 19752 35081 6886 4679 250529 9840
internal_value=0 0.0109923 -0.0103807 -0.0133203 -0.0163134 0.00302632 0.015559 -0.0214697 -0.0201705 -0.0177098 -0.0159081 -0.0143772 -0.0104908 -0.0367026 -0.0309528 0.0357713 -0.00530841 -0.033112 -0.0149076 -0.0133662 -0.0436986 0.00808428 0.00707848 0.00875242 -0.0125504 -0.00758795 -0.00326767 -0.00395036 -0.0151292 0.0176527
internal_weight=184320 89522.7 94797.1 80757.7 68259.4 12498.4 6485.51 46463.8 44758.1 38989 37237.3 34877 6012.85 5769.15 4707.61 9405.83 21795.5 1016.12 34598.6 31259.2 817.884 80116.9 72497.5 65070.5 30441.3 7427.02 6618.84 20779.4 23822.5 7619.34
internal_count=1203919 249113 954806 921380 839615 81765 19387 691045 633107 524453 437211 385217 62378 108654 79484 26774 148570 26162 384782 328897 22094 222339 207252 156890 306803 50362 36522 122408 270281 15087
cat_boundaries=0 38 77 78 118 148 158 188 198 237 244 268 292
cat_threshold=0 0 6 0 4096 0 0 0 0 131072 0 0 0 0 0 0 0 0 0 0 0 0 0 224 0 0 0 0 0 0 0 0 0 41943040 512 67108864 0 1 0 0 0 0 0 0 0 0 0 0 0 0 0 0 0 0 0 0 0 0 0 0 0 0 0 0 0 0 0 2147483648 0 0 0 1073741824 0 512 1 8192 3221225472 524320 8192 0 0 0 0 0 0 2097152 0 0 8388608 0 0 0 0 0 0 0 0 0 0 0 0 0 0 0 0 0 0 0 0 0 0 0 0 0 0 0 0 327680 0 0 0 0 4096 0 0 0 0 131072 8388608 0 0 0 0 0 0 0 0 0 0 0 0 0 0 0 0 0 0 2147483648 0 0 4096 0 0 8388608 0 0 0 1 0 0 0 0 4096 0 4194304 0 0 0 8388608 0 0 0 0 0 0 0 0 0 0 0 0 96 0 0 0 0 0 2147483648 0 0 4 0 4096 0 0 0 0 131072 0 0 0 0 0 0 0 0 0 0 0 0 0 0 0 0 0 0 0 0 0 0 0 0 0 0 0 0 0 0 0 0 0 0 0 512 0 0 3221225472 0 0 4 0 0 0 4194304 0 0 0 0 4096 0 0 0 0 0 0 0 0 0 0 0 0 0 0 0 0 0 0 128 0 0 0 0 0 0 0 2097152 0 0 0 0 0 0 0 0 0 0 0 0 0 0 0 128
is_linear=0
shrinkage=0.05


Tree=18
num_leaves=31
num_cat=13
split_feature=160 169 180 170 160 223 195 160 159 160 173 216 211 164 160 223 224 160 195 170 164 160 173 164 164 160 198 40 173 173
split_gain=7538.22 3617.18 1762.3 1448 1352.7 877.785 809.958 918.784 592.16 532.239 528.815 352.118 312.88 292.59 485.349 437.45 327.325 315.612 348.635 284.587 650.609 224.363 394.71 217.3 214.36 448.453 206.284 240.997 198.833 194.551
threshold=0 1.0000000180025095e-35 1.0000000180025095e-35 1.0000000180025095e-35 1 1.0000000180025095e-35 1.0000000180025095e-35 2 3 4 15.500000000000002 1.0000000180025095e-35 10.500000000000002 5 6 1.0000000180025095e-35 1.0000000180025095e-35 7 1.0000000180025095e-35 1.0000000180025095e-35 8 9 9.5000000000000018 10 11 12 1.0000000180025095e-35 1.0000000180025095e-35 32.500000000000007 5.5000000000000009
decision_type=9 2 2 2 9 2 2 9 1 9 2 2 2 9 9 2 2 9 2 2 9 9 2 9 9 9 2 2 2 2
left_child=1 19 3 4 5 12 11 -8 10 -7 -6 24 21 17 -15 16 26 18 -10 20 -1 22 -2 -21 25 -5 27 29 -4 -16
right_child=2 -3 28 6 8 9 7 -9 13 -11 -12 -13 -14 14 15 -17 -18 -19 -20 23 -22 -23 -24 -25 -26 -27 -28 -29 -30 -31
leaf_value=-0.0070690726189636503 0.012341294448964972 0.049623456638416767 0.0068614013366002057 0.02922999317192107 -0.013219663519407491 0.037788704254125588 0.02026434323841482 -0.054835607334352124 -0.0013724771171570675 -0.053091295117855 0.032198719430181801 -0.03362710696600095 0.017154834841829423 -0.038738961299633445 0.0024817105704614726 -0.056781159964035703 -0.037367998374042928 -0.054562217674067132 -0.059683027316674742 0.020732163901892284 0.008429235627463531 -0.0095664953510792398 -0.013336534420421722 -0.001350709508601882 0.0013592765607467082 -0.047788594646709807 -0.028919039433355848 -0.022208335149606746 -0.094470893809820766 -0.013950551637060252
leaf_weight=7516.0149126307806 3478.1193911815644 5518.8781130521093 13790.214225280331 259.2480926096905 4471.610759798903 175.98547679465264 5992.4445419738768 427.33663594932295 793.03018524241634 1475.3148022434325 747.56221856095362 1283.3084128891933 1386.7927443627268 4367.5835867563146 2330.4120767481945 803.92186561215203 2249.1692389743694 1654.3931674484047 378.42301897739526 6439.1020385096781 67877.808146158117 21599.541515026984 2626.0596321571211 1353.1727904414292 3696.6433250507689 646.50258510414278 3210.2174626323394 7086.8588539738557 48.075945397140458 7923.2467225950968
leaf_count=50713 11499 14058 33303 1585 20485 727 12309 7078 12002 51340 3421 39271 4679 85381 14799 28176 51994 87242 11381 10638 168232 161955 25896 5472 14201 7321 55885 114442 123 98311
internal_value=0 0.0104244 -0.00995349 -0.0128356 -0.0157407 -0.00802749 0.00292439 0.0152068 -0.0223156 -0.043487 -0.00669796 -0.0104718 -0.00601654 -0.0249589 -0.0233854 -0.0205283 -0.0192576 -0.0403881 -0.0200595 0.00782468 0.00688429 -0.00717692 0.00129139 0.0169217 -0.00401127 -0.0256562 -0.0172744 -0.0151176 0.0065056 -0.0102155
internal_weight=181607 88705 92902 79063.7 66758.2 30741.8 12305.5 6419.78 36016.4 1651.3 5219.17 5885.7 29090.5 30797.3 27971.4 23603.8 22799.9 2825.85 1171.45 83186.1 75393.8 27703.7 6104.18 7792.27 4602.39 905.751 20550.7 17340.5 13838.3 10253.7
internal_count=1203919 249113 954806 921380 839615 256096 81765 19387 583519 52067 23906 62378 204029 559613 448988 363607 335431 110625 23383 235055 218945 199350 37395 16110 23107 8906 283437 227552 33426 113110
cat_boundaries=0 38 77 78 79 118 148 188 189 213 252 276 286 287
cat_threshold=0 0 6 0 4096 0 0 0 0 131072 0 0 0 0 0 0 0 0 0 0 0 0 0 224 0 0 0 0 0 0 0 0 0 41943040 512 67108864 0 1 0 0 0 0 0 0 0 0 0 0 0 0 0 0 0 0 0 0 0 0 0 0 0 0 0 0 0 0 0 2147483648 0 0 0 1073741824 0 512 1073741825 8192 3221258240 524320 9216 0 0 0 0 0 0 0 0 0 0 0 0 0 0 0 0 0 0 0 0 0 0 0 0 0 0 0 0 0 0 0 0 0 0 0 512 0 0 2147483648 0 0 0 0 4096 0 0 0 0 131072 8388608 0 0 0 0 0 0 0 0 0 0 0 0 0 0 0 0 0 0 2147483648 8192 0 0 0 0 0 0 0 0 0 8388608 0 0 0 0 0 0 0 0 0 0 0 0 0 0 0 0 0 0 0 0 0 0 0 0 0 0 0 0 262144 8192 0 0 6 0 0 0 0 0 0 0 0 0 0 0 0 0 0 0 0 0 0 0 0 64 0 0 0 0 0 0 0 0 0 0 0 0 0 0 0 0 0 0 0 0 0 0 0 0 0 0 0 0 0 0 0 0 0 1073741824 0 0 0 0 2147483648 0 0 4 0 0 0 0 0 0 131072 0 0 0 0 0 0 0 0 0 0 0 0 0 64 0 0 6 0 0 0 0 0 0 131072 8192
is_linear=0
shrinkage=0.05


Tree=19
num_leaves=31
num_cat=11
split_feature=160 169 180 170 160 223 195 160 196 160 173 167 211 176 170 164 173 160 164 160 223 160 195 224 160 173 40 222 165 173
split_gain=6545.19 3400.86 1778.3 1319 1261.76 799.004 753.94 839.266 602.662 498.849 443.004 322.797 285.846 390.067 264.617 568.743 263.196 982.323 263.026 444.229 405.793 294.94 313.388 283.829 207.612 197.484 193.208 191.251 213.571 673.333
threshold=0 1.0000000180025095e-35 1.0000000180025095e-35 1.0000000180025095e-35 1 1.0000000180025095e-35 1.0000000180025095e-35 2 3 4 15.500000000000002 1.0000000180025095e-35 7.5000000000000009 1.0000000180025095e-35 1.0000000180025095e-35 5 9.5000000000000018 6 7 8 1.0000000180025095e-35 9 1.0000000180025095e-35 1.0000000180025095e-35 10 7.5000000000000009 1.0000000180025095e-35 1.0000000180025095e-35 145.00000000000003 14.500000000000002
decision_type=9 2 2 2 9 2 2 9 1 9 2 2 2 2 2 9 2 9 9 9 2 9 2 2 9 2 2 2 2 2
left_child=1 14 3 4 5 12 11 -8 10 -7 -6 -5 16 -14 15 25 17 -2 21 -20 23 22 -10 -21 -18 -1 -27 28 -17 -30
right_child=2 -3 -4 6 8 9 7 -9 18 -11 -12 -13 13 -15 -16 27 24 -19 19 20 -22 -23 -24 -25 -26 26 -28 -29 29 -31
leaf_value=0.0052969097190689561 0.0043292405376634631 0.048667503372474441 0.0073230257338023214 -0.0041044761003695262 -0.011801703674929456 0.032503511352702123 0.019361495100786857 -0.054104876346045432 -0.0022790812602776658 -0.052461408016027528 0.02998141571293745 -0.032803929354941315 -0.012501200292879273 0.024955049220494439 0.016014231509964835 0.0074133263284598952 0.0082058848980489409 -0.027985695788160694 -0.037923042224684102 -0.017024836110811011 -0.056033094656436633 -0.053497441619002918 -0.05879060284105312 -0.036130712378096841 -0.014885918466512812 -0.021805664994072355 -0.0023904548960791416 -0.04065069852001385 0.05006277633610922 -0.0089177938055895693
leaf_weight=2319.9110047030263 10787.862862134527 5261.955690484494 13496.281547147082 4548.6955827096244 4361.4404970504984 192.98057911801152 5971.4513004408218 406.15715917339548 794.41097245155834 1391.8472914682789 741.80376307875849 1248.5050023982185 1196.3953275897657 1657.1176539692096 7755.5686071005184 65760.336016924353 1065.222061899025 2996.1975860887324 4158.2218100568862 20078.539288646964 759.71657578107261 1567.8470692506235 354.59826749248896 2152.9394107944972 10934.013033701427 2612.1124773746124 2516.3339926966 202.93903777677042 1100.6873747110367 862.76768715353683
leaf_count=7075 36321 14058 33426 23098 20485 789 12309 7078 12002 51278 3421 39280 6048 5858 16110 162265 8318 22900 85381 283437 28176 87242 11381 51994 124584 26421 17217 1955 2175 1837
internal_value=0 0.00968619 -0.00942295 -0.0123456 -0.0151669 -0.0076751 0.00276108 0.0146237 -0.0216328 -0.0422312 -0.00571362 -0.0102884 -0.00576449 0.00924954 0.0072196 0.00631453 -0.00742647 -0.00271251 -0.0243497 -0.0228407 -0.0200966 -0.0392819 -0.0195713 -0.0188761 -0.0128409 -0.00679663 -0.0122815 0.00775218 0.00789874 0.0241477
internal_weight=179255 88392.6 90862.2 77366 65191.2 30221.6 12174.8 6377.61 34969.5 1584.83 5103.24 5797.2 28636.8 2853.51 83130.7 75375.1 25783.3 13784.1 29866.3 27149.4 22991.2 2716.86 1149.01 22231.5 11999.2 7448.36 5128.45 67926.7 67723.8 1963.46
internal_count=1203919 249113 954806 921380 839615 256096 81765 19387 583519 52067 23906 62378 204029 11906 235055 218945 192123 59221 559613 448988 363607 110625 23383 335431 132902 50713 43638 168232 166277 4012
cat_boundaries=0 38 77 78 79 118 142 181 211 251 252 291
cat_threshold=0 0 6 0 4096 0 0 0 0 131072 0 0 0 0 0 0 0 0 0 0 0 0 0 224 0 0 0 0 0 0 0 0 0 41943040 512 67108864 0 1 0 0 0 0 0 0 0 0 0 0 0 0 0 0 0 0 0 0 0 0 0 0 0 0 0 0 0 0 0 2147483648 0 0 0 1073741824 0 512 1073741825 8192 3221258240 524320 3 0 0 0 0 0 0 0 0 0 0 0 0 0 0 0 0 0 0 0 0 0 0 0 0 0 0 0 0 0 0 0 0 0 0 0 512 0 0 3221225472 0 0 6 0 0 0 0 0 0 0 0 0 0 0 0 0 0 0 0 0 0 0 0 64 0 0 0 0 0 0 0 0 0 0 0 0 0 0 0 0 0 0 0 0 0 0 0 0 0 0 0 0 0 0 0 0 0 1073741824 0 0 1 0 32768 0 0 0 0 4096 0 0 0 0 131072 8388608 0 0 0 0 0 0 0 0 0 0 0 0 0 0 0 0 0 0 2147483648 8192 0 0 0 0 0 0 0 0 0 8388608 0 0 0 0 0 0 0 0 0 0 0 0 0 0 0 0 0 0 0 0 0 0 0 0 0 0 0 0 262144 8192 0 0 0 0 0 0 0 0 0 0 0 0 0 0 0 0 0 0 0 0 0 0 0 0 0 0 0 0 0 2147483648 0 0 0 0 0 512 0 0 3221225472
is_linear=0
shrinkage=0.05


Tree=20
num_leaves=31
num_cat=7
split_feature=160 169 161 160 164 195 195 223 217 160 173 203 211 176 164 173 173 176 207 173 160 179 165 222 173 170 165 173 163 173
split_gain=5998.21 3146.49 1553.64 1372.99 1461.74 1089.18 800.33 735.256 717.545 496.345 730.697 430.071 408.606 378.595 288.08 277.731 273.835 278.369 267.334 415.802 276.839 261.758 255.923 389.678 337.029 279.035 557.446 274.737 248.931 246.557
threshold=0 1.0000000180025095e-35 1 2 3 1.0000000180025095e-35 1.0000000180025095e-35 1.0000000180025095e-35 1.0000000180025095e-35 4 12.500000000000002 1.0000000180025095e-35 7.5000000000000009 1.0000000180025095e-35 5 14.500000000000002 11.500000000000002 1.0000000180025095e-35 1.0000000180025095e-35 9.5000000000000018 6 1.0000000180025095e-35 145.00000000000003 1.0000000180025095e-35 14.500000000000002 1.0000000180025095e-35 75.000000000000014 10.500000000000002 4.5000000000000009 16.500000000000004
decision_type=9 2 9 9 9 2 2 2 2 9 2 2 2 2 9 2 2 2 2 2 9 2 2 2 2 2 2 2 2 2
left_child=1 22 15 4 -4 12 7 9 28 10 14 -12 18 -14 -5 -2 -11 -18 -6 -20 -21 -17 25 24 -24 26 -1 -28 -7 -22
right_child=2 -3 3 6 5 8 -8 -9 -10 16 11 -13 13 -15 -16 21 17 -19 19 20 29 -23 23 -25 -26 -27 27 -29 -30 -31
leaf_value=0.0069079599179724021 -0.0015152688883689528 0.047720301026880213 -0.047033353479301293 0.023164397626876557 -0.014959654768555689 0.010569869338727077 -0.058725785780207942 -0.053245636220235662 0.018544176890100874 -0.02892567118957284 -0.040220588815481205 -0.0068466253569574144 -0.012052716447531578 0.024892378363169966 -0.0056631382091628969 0.05213381423057413 -0.0045125632363953059 -0.027206560841954566 0.0022231575596776908 0.0091404443880895928 -0.012000864127417205 0.0092850146527052729 0.050165316239116353 -0.041391834963316027 0.0055419901256721846 0.015601671444256379 0.0016664058304064152 -0.019127201947158983 -0.058550688792745526 -0.034435197934054175
leaf_weight=66832.230051793013 9027.6484150639735 5017.6372690503486 2081.2334998360602 946.77319032116793 13600.529534350557 185.85189573885873 1294.7860036044149 1454.7149652817825 6459.4280166113749 8740.6876043180309 2610.1208281677682 1532.6591053473676 1166.1386604967993 1708.8312490473036 9162.8242747545009 373.65937558654696 3024.8249802356004 2443.0717820586869 8326.5824029172654 1065.7175556456205 4212.9284155048372 7560.4267458901741 1055.876928106416 199.31946165120462 706.56881617894396 7644.9074151199311 3220.0666310039815 3133.8105456226622 433.01412125339266 1727.4657767292229
leaf_count=168077 30358 14058 73138 7652 189784 1370 36248 57938 16088 113671 68675 21592 6048 5858 68474 1070 34910 67873 32152 8175 38405 17082 2195 1965 1868 15931 12953 33353 19933 37025
internal_value=0 0.00927454 -0.00913623 -0.0123362 -0.00631303 -0.00412141 -0.0202374 -0.0185772 0.0136155 -0.0168042 -0.0101857 -0.0278771 -0.00807002 0.00990557 -0.0029446 0.00447965 -0.0234184 -0.0146548 -0.00985648 -0.00532916 -0.0143051 0.0113068 0.00694533 0.0247883 0.0322852 0.00651207 0.00556241 -0.00858917 -0.0377932 -0.0184968
internal_weight=176950 87810.4 89139.9 72178.2 40967.7 38886.5 31210.5 29915.7 7078.29 28461 14252.4 4142.78 31808.2 2874.97 10109.6 16961.7 14208.6 5467.9 28933.2 15332.7 7006.11 7934.09 82792.8 1961.77 1762.45 80831 73186.1 6353.88 618.866 5940.39
internal_count=1203919 250400 953519 905009 427976 354838 477033 440785 37391 382847 166393 90267 317447 11906 76126 48510 216454 102783 305541 115757 83605 18152 236342 6028 4063 230314 214383 46306 21303 75430
cat_boundaries=0 39 73 112 142 181 192 231
cat_threshold=0 0 6 0 4096 0 0 0 0 131072 0 0 0 0 0 0 0 0 0 0 0 0 0 224 0 0 0 0 0 0 0 0 0 41943040 512 67108864 0 1 2147483648 0 0 4096 0 0 8388608 0 0 0 1 0 0 0 0 0 0 0 0 0 0 0 0 0 0 0 0 0 0 0 0 0 0 0 98304 524320 0 0 0 0 0 0 0 0 0 0 0 0 0 0 0 0 0 0 0 0 0 0 0 0 0 0 0 0 2147483648 0 0 0 1073741824 0 512 1 8192 1073741824 0 0 2 0 0 0 0 0 0 131072 8388608 0 0 0 0 0 0 0 0 0 0 0 0 0 0 0 0 0 0 2147483648 8192 0 0 0 0 0 0 0 0 0 0 0 0 0 0 0 0 0 0 0 0 0 0 0 0 0 0 0 0 0 0 0 0 0 0 0 1073741824 0 33280 0 0 4 0 4096 0 0 0 0 131072 8388608 0 0 0 0 0 0 0 0 0 0 0 0 0 0 0 0 0 0 0 0 0 0 0 0 0 0 0 0 0 2147483648 0 0 0 0 0 512 0 0 1073741824
is_linear=0
shrinkage=0.05


Tree=21
num_leaves=31
num_cat=9
split_feature=196 169 163 195 172 223 182 176 169 164 211 176 174 176 164 170 164 165 222 174 167 174 196 164 174 164 161 176 174 164
split_gain=5238.3 3080.94 1065.72 1202.35 708.336 845.863 833.346 477.549 406.936 382.647 348.574 313.073 309.35 364.223 295.265 281.448 409.829 284.813 310.96 327.84 258.969 242.315 524.284 280.468 235.944 225.496 199.371 163.885 171.378 162.106
threshold=0 1.0000000180025095e-35 4.5000000000000009 1.0000000180025095e-35 1.0000000180025095e-35 1.0000000180025095e-35 1.0000000180025095e-35 1.0000000180025095e-35 1.0000000180025095e-35 1 7.5000000000000009 1.0000000180025095e-35 230.00000000000003 1.0000000180025095e-35 2 1.0000000180025095e-35 3 135.00000000000003 1.0000000180025095e-35 330.00000000000006 1.0000000180025095e-35 170.00000000000003 4 5 190.00000000000003 6 7 1.0000000180025095e-35 190.00000000000003 8
decision_type=1 2 2 2 2 2 2 2 2 9 2 2 2 2 9 2 9 2 2 2 2 2 1 9 2 9 9 2 2 9
left_child=1 15 3 4 12 6 10 -8 29 -5 20 -12 -2 -14 -10 16 24 26 19 -19 21 22 -6 -23 -1 -17 -18 28 -7 -4
right_child=2 -3 8 9 5 27 7 -9 14 -11 11 -13 13 -15 -16 25 17 18 -20 -21 -22 23 -24 -25 -26 -27 -28 -29 -30 -31
leaf_value=0.0033871834184012318 -0.028861251081543256 0.046826166047637632 -0.026258164994125116 -0.03764890251649132 -0.0009110946101920915 -0.015106434304501976 0.028444296252564227 -0.011679028492414138 -0.0029451008901061129 0.016546873435048525 -0.011155788856600216 0.022276663664174676 0.001977363516828349 -0.029106005730944809 -0.026260161268042433 0.019270134079850867 0.051476750313275914 0.045982991147232394 -0.037833491303513642 -0.0023908433103589648 -0.031361293640644841 0.022355735492582345 -0.030072802035860866 -0.012560776438539685 -0.015729123597374214 -0.0020235720399096233 0.0052651730050196355 -0.016995168364464925 -0.048351087511561662 -0.043649551974374257
leaf_weight=2922.8414681497961 5926.8093233340769 4789.7746795673156 4249.0363057112845 335.44482331525069 16758.883047376294 518.39148998720339 2704.4486436820589 1021.1740347028244 3011.2153072920628 5939.2396425544284 1140.4823680255795 1811.9942902382463 2305.9646102304105 1592.9328154899122 2479.3507541022846 6050.8630693885498 223.92416614107788 1192.9895371664315 176.71666963142343 495.39582607778721 1195.3397711272701 584.39775734231807 1687.2026659744952 19466.520343694414 3603.1124409043114 1569.0053662725259 76309.112104108426 1236.409534666549 1549.4334018364316 2098.6702766130329
leaf_count=10164 87885 14058 125976 6165 68426 7979 5316 4614 20749 13222 6048 5858 23785 48170 46446 9868 342 2609 1838 1419 39271 2172 14862 227471 37783 6270 197786 42960 41280 83127
internal_value=0 0.00772553 -0.00968821 -0.0072036 -0.00939895 -0.00697236 -0.00523037 0.0174453 -0.0234999 0.0136124 -0.00721171 0.00936098 -0.0216653 -0.0107229 -0.0135289 0.00570235 0.00487625 0.00587809 0.0251822 0.03179 -0.00844468 -0.00773259 -0.00359623 -0.0115374 -0.00715599 0.0149077 0.0054082 -0.0314128 -0.0400249 -0.032122
internal_weight=174947 97333.7 77613.3 65775.1 59500.4 49674.7 46370.4 3725.62 11838.3 6274.68 42644.8 2952.48 9825.71 3898.9 5490.57 92544 84924.1 78398.1 1865.1 1688.39 39692.3 38497 18446.1 20050.9 6525.95 7619.87 76533 3304.23 2067.82 6347.71
internal_count=1203919 282137 921782 645484 626097 466257 374038 9930 276298 19387 364108 11906 159840 71955 67195 268079 251941 203994 5866 4028 352202 312931 83288 229643 47947 16138 198128 92219 49259 209103
cat_boundaries=0 1 25 55 79 80 110 134 140 164
cat_threshold=199 0 0 2 0 4096 0 0 0 0 131072 8388608 0 0 0 0 0 0 0 0 0 0 0 0 32 0 0 2 0 0 0 4194304 2097152 0 0 0 0 0 0 0 0 0 0 0 0 0 0 0 160 0 0 0 0 0 2147483648 0 0 4 0 0 0 0 0 0 0 0 0 0 0 0 0 0 0 0 0 0 0 0 64 1056 0 0 0 0 4096 0 4194304 0 0 0 8388608 0 0 0 0 0 0 0 0 0 0 0 0 128 0 0 0 0 0 2147483648 0 0 0 0 0 0 0 0 0 131072 0 0 0 0 0 0 0 0 0 0 0 0 0 64 0 0 4096 0 0 8388608 0 0 4 0 0 0 4194304 2097152 0 131072 0 0 0 0 0 0 0 0 0 0 0 0 0 192
is_linear=0
shrinkage=0.05


Tree=22
num_leaves=31
num_cat=9
split_feature=160 169 161 160 164 195 195 223 190 167 160 173 164 203 173 40 163 165 222 173 170 160 221 173 167 164 207 163 161 193
split_gain=5349.43 2658.92 1148.73 1237.63 1321.42 962.872 725.212 657.341 570.799 527.352 424.396 672.098 423.378 292.259 275.079 266.581 222.819 221.191 322.399 318.108 232.823 531.888 308.73 288.184 221.508 219.554 231.476 210.808 203.704 201.467
threshold=0 1.0000000180025095e-35 1 2 3 1.0000000180025095e-35 1.0000000180025095e-35 1.0000000180025095e-35 1.0000000180025095e-35 1.0000000180025095e-35 4 10.500000000000002 5 1.0000000180025095e-35 16.500000000000004 1.5000000000000002 4.5000000000000009 145.00000000000003 1.0000000180025095e-35 14.500000000000002 1.0000000180025095e-35 6 1.0000000180025095e-35 18.500000000000004 1.0000000180025095e-35 7 1.0000000180025095e-35 4.5000000000000009 8 1.0000000180025095e-35
decision_type=9 2 9 9 9 2 2 2 2 2 9 2 9 2 2 2 2 2 2 2 2 9 2 2 2 9 2 2 9 2
left_child=1 17 28 4 -4 9 7 10 16 15 11 25 -11 14 -13 27 -7 20 19 -19 21 23 -23 24 -1 -5 -27 -6 -2 -24
right_child=2 -3 3 6 5 8 -8 -9 -10 12 -12 13 -14 -15 -16 -17 -18 18 -20 -21 -22 22 29 -25 -26 26 -28 -29 -30 -31
leaf_value=-0.0080696461707266999 0.0023768480517320418 0.045954452226515431 -0.045528549858878498 0.022773075851836092 -0.0013119030060732579 0.01032622234009474 -0.057479807913138253 -0.0518514426276298 0.017418250837866633 0.035800224214621333 -0.022108091293081153 -0.022131545113714401 -0.043214259812884979 -0.0079302980439973046 -0.051964414831412467 -0.016100506334036129 -0.056365658347551376 0.049416945420575238 -0.038557359723909702 0.0049807366311938328 0.014766785815908498 0.0062595109730002527 0.019818043516276664 -0.0401814584688997 0.018178930674952947 -0.018840840047487178 0.0011537014068295586 -0.012770810600303507 0.048078548961423301 0.069901535087575517
leaf_weight=5647.1926872697077 16570.152188178385 4576.3720057243481 1974.8672498629894 854.2001317110844 19415.020198647981 184.96994931902736 1184.1569682832924 1333.9376248083063 6387.4100326570915 185.25630803627428 13893.611191106356 2233.0532052914496 1504.6802073155413 1882.7140857774648 1183.1323431551573 5247.5003952736733 385.71746258891653 966.54535153554752 185.27848469861783 690.88478323072195 7504.4396320930682 62173.746202817769 2239.5713537517004 612.42648112482857 936.5407101684832 1922.2658908708836 5854.5357534248033 5059.6312147914432 237.07136471010745 220.32600533775985
leaf_count=35594 48114 14058 73138 6269 117193 1370 36248 57938 16088 2638 216415 40834 52957 26114 41126 68762 19933 2195 1965 1868 15931 156589 5241 10477 4652 22908 29142 77184 435 543
internal_value=0 0.00887416 -0.00869764 -0.0114913 -0.00575006 -0.00369068 -0.0191207 -0.0175682 0.0131366 -0.00741957 -0.0159235 -0.00973127 -0.0345853 -0.0237542 -0.0324712 -0.00587426 -0.0347508 0.00678451 0.0239088 0.0309042 0.00638655 0.00551086 0.00694603 -0.00737773 -0.00433391 -0.00113186 -0.00378392 -0.00368121 0.0030514 0.0243192
internal_weight=173247 85753.3 87493.9 70686.7 40345.1 38370.2 30341.6 29157.5 6958.1 31412.1 27823.5 13929.9 1689.94 5298.9 3416.19 29722.2 570.687 81177 1842.71 1657.43 79334.2 71829.8 64633.6 7196.16 6583.73 8631 7776.8 24474.7 16807.2 2459.9
internal_count=1203919 249113 954806 906257 429263 356125 476994 440746 37391 318734 382808 166393 55595 108074 81960 263139 21303 235055 6028 4063 229027 213096 162373 50723 40246 58319 52050 194377 48549 5784
cat_boundaries=0 38 72 111 141 180 187 211 222 256
cat_threshold=0 0 6 0 4096 0 0 0 0 131072 0 0 0 0 0 0 0 0 0 0 0 0 0 224 0 0 0 0 0 0 0 0 0 41943040 512 67108864 0 1 0 0 4096 0 0 8388608 0 0 0 1 524288 0 0 0 0 0 0 0 0 0 0 0 0 0 0 0 0 0 0 0 0 0 0 98304 524320 0 0 0 0 0 0 0 0 0 0 0 0 0 0 0 0 0 0 0 0 0 0 0 0 0 0 0 0 2147483648 0 0 0 1073741824 0 512 1 8192 3221225472 0 0 2 0 0 0 0 0 0 131072 8388608 0 0 0 0 0 0 0 0 0 0 0 0 0 0 0 0 0 0 2147483648 8192 0 0 0 0 0 0 0 0 0 0 0 0 0 0 0 0 0 0 0 0 0 0 0 0 0 0 0 0 0 0 0 0 0 0 0 1073741824 0 33280 0 0 4 0 4096 0 4194304 0 0 0 0 4096 0 0 0 0 0 0 0 0 0 0 0 0 0 0 0 0 0 0 128 0 0 4 0 4096 0 0 0 0 131072 8388608 0 0 0 0 0 0 0 0 0 0 524288 0 0 0 0 0 0 0 0 0 0 0 0 0 0 0 0 0 0 0 0 0 0 98304
is_linear=0
shrinkage=0.05


Tree=23
num_leaves=31
num_cat=11
split_feature=160 169 180 170 160 223 195 160 160 164 161 195 164 216 163 164 160 165 159 169 173 221 173 173 160 40 186 223 173 173
split_gain=4630.34 2482.11 1224.04 1022.96 1040.6 580.543 521.184 648.875 515.46 734.296 348.19 265.847 338.074 249.34 234.844 440.53 334.28 294.829 234.716 269.98 292.009 222.621 219.129 327.996 555.492 414.908 283.398 659.181 217.677 197.212
threshold=0 1.0000000180025095e-35 1.0000000180025095e-35 1.0000000180025095e-35 1 1.0000000180025095e-35 1.0000000180025095e-35 2 3 4 5 1.0000000180025095e-35 6 1.0000000180025095e-35 4.5000000000000009 7 8 75.000000000000014 9 1.0000000180025095e-35 11.500000000000002 1.0000000180025095e-35 11.500000000000002 12.500000000000002 10 1.0000000180025095e-35 1.0000000180025095e-35 1.0000000180025095e-35 10.500000000000002 19.500000000000004
decision_type=9 2 2 2 9 2 2 9 9 9 9 2 9 2 2 9 9 2 1 2 2 2 2 2 9 2 2 2 2 2
left_child=1 14 3 4 -2 8 13 -8 11 -10 -11 12 -6 -5 15 29 -17 -16 19 20 -12 22 26 24 25 -24 -18 -28 -19 -1
right_child=2 -3 -4 6 5 -7 7 -9 9 10 18 -13 -14 -15 17 16 21 28 -20 -21 -22 -23 23 -25 -26 -27 27 -29 -30 -31
leaf_value=0.022369788523382558 -0.0042545489507302475 0.045099205774572493 0.0061267834428140088 -0.0026683933435349503 0.0026058882882619653 -0.051117734709395346 0.017118952010189151 -0.051793206987162534 -0.050711004873684198 0.04751324801025688 -0.027497780592470402 -0.058681785473091663 -0.033657464746487863 -0.02911268688036573 0.0052580539976331067 -0.0065957237714070168 -0.0013413848325341251 0.002466467958827575 -0.0090463356638582244 -0.0066392478024337176 -0.012338017898405549 0.022979185519954672 0.059348325489189259 0.0079918084217808372 -0.0039308915777886578 -0.0066938287376943021 0.024245819203205857 -0.063372713335673986 -0.018345454016415415 -0.0035363191851129671
leaf_weight=7023.3167868974851 22163.475363099729 4370.0907452645479 13022.541722050868 4344.7926052929251 798.90807142225094 1260.3568103182843 5811.5716182489414 353.18824792123633 1337.2616050842043 226.28827511705458 7510.2804123829119 776.06478856637841 3386.4563816803857 1121.2021537128603 32142.019040966057 4262.2203262462281 10418.542521838681 2555.1209792771842 15898.928808047043 4306.7129163999925 5509.7211820385783 2396.4551394688897 1228.6721627768129 12110.796880617272 865.02172804879956 294.59076931606978 2503.2005021027289 234.28682680753991 2470.4603213143419 819.93394938560959
leaf_count=13621 159374 14058 33426 23107 12559 57938 12309 7078 87242 435 128587 29170 66925 39271 65314 19832 26893 11350 148770 37963 121456 5784 1585 35812 4194 754 4788 2357 29313 2654
internal_value=0 0.00841502 -0.00801907 -0.0104828 -0.0129916 -0.0177078 0.00314373 0.0131099 -0.0166522 -0.014487 -0.0130234 -0.031737 -0.026809 -0.00809581 0.00639477 0.00894932 0.00649864 0.00349707 -0.0134507 -0.0174839 -0.0210837 0.00835764 0.00709306 0.0113326 0.0282664 0.0462712 0.00242003 0.016735 -0.00776401 0.0196358
internal_weight=171522 83694.7 87827.8 74805.2 63174.5 41011 11630.8 6164.76 39750.6 34789.2 33451.9 4961.43 4185.36 5465.99 79324.6 42157 34313.8 37167.6 33225.6 17326.7 13020 30051.6 27655.1 14499.1 2388.28 1523.26 13156 2737.49 5025.58 7843.25
internal_count=1203919 238309 965610 932184 850419 691045 81765 19387 633107 524453 437211 108654 79484 62378 224251 118274 101999 105977 436776 288006 250043 82167 76383 42345 6533 2339 34038 7145 40663 16275
cat_boundaries=0 38 77 78 118 148 158 168 192 216 217 227
cat_threshold=0 0 6 0 4096 0 0 0 0 131072 0 0 0 0 0 0 0 0 0 0 0 0 0 224 0 0 0 0 0 0 0 0 0 41943040 0 67108864 0 1 0 0 0 0 0 0 0 0 0 0 0 0 0 0 0 0 0 0 0 0 0 0 0 0 0 0 0 0 0 2147483648 0 0 0 1073741824 512 512 1 8192 3221225472 524320 8192 0 0 0 0 0 0 2097152 0 0 8388608 0 0 0 0 0 0 0 0 0 0 0 0 0 0 0 0 0 0 0 0 0 0 0 0 0 0 0 0 327680 0 0 0 0 4096 0 0 0 0 131072 8388608 0 0 0 0 0 0 0 0 0 0 0 0 0 0 0 0 0 0 2147483648 0 0 4096 0 0 8388608 0 0 0 1 0 0 4 0 4096 0 4194304 0 0 131072 0 0 0 0 4096 0 0 0 0 131072 0 0 0 0 0 0 0 0 0 0 0 0 0 64 0 0 4 0 4096 0 0 0 0 0 0 0 0 0 0 0 0 0 0 0 0 0 0 64 20736 0 0 0 0 0 0 0 0 0 131072
is_linear=0
shrinkage=0.05


Tree=24
num_leaves=31
num_cat=9
split_feature=160 169 180 170 160 195 160 160 191 161 195 211 216 173 196 165 170 165 173 196 40 173 176 160 191 193 160 176 221 173
split_gain=4345.81 2283.11 1099.14 936.806 933.793 488.54 655.728 385.073 448.689 340.772 265.464 263.646 223.468 222.495 263.839 221.364 218.087 428.427 234.852 197.53 182.623 181.646 179.916 327.77 175.427 147.244 142.133 139.581 138.208 133.01
threshold=0 1.0000000180025095e-35 1.0000000180025095e-35 1.0000000180025095e-35 1 1.0000000180025095e-35 2 3 1.0000000180025095e-35 4 1.0000000180025095e-35 9.5000000000000018 1.0000000180025095e-35 5.5000000000000009 5 145.00000000000003 1.0000000180025095e-35 75.000000000000014 9.5000000000000018 6 1.0000000180025095e-35 17.500000000000004 1.0000000180025095e-35 7 1.0000000180025095e-35 1.0000000180025095e-35 8 1.0000000180025095e-35 1.0000000180025095e-35 10.500000000000002
decision_type=9 2 2 2 9 2 9 9 2 9 2 2 2 2 1 2 2 2 2 1 2 2 2 9 2 2 9 2 2 2
left_child=1 15 3 4 11 12 -7 10 9 -9 24 26 -5 14 -11 16 17 25 -19 29 -20 -17 -21 -24 -6 -1 -2 -13 -27 -15
right_child=2 -3 -4 5 7 6 -8 8 -10 13 -12 27 -14 19 -16 21 -18 18 20 22 -22 -23 23 -25 -26 28 -28 -29 -30 -31
leaf_value=0.0060351773072687088 -0.0015367705498998937 0.044220548134000753 0.0056080331891059099 -0.0029459668556798191 -0.029361113221751573 0.016635197711800449 -0.05233790898367692 0.046622262774674079 -0.054962293224407877 0.0065936234910788389 -0.057994311849616675 -0.0051340011843560678 -0.028280562989889287 -0.017302016196437894 -0.01385796563629082 0.032684462951067521 0.014059287249793452 0.0031185765540167887 -0.027809999645374995 -0.01558696627091332 -0.0043938268560290558 -0.005579688483427307 -0.0026158953587086574 -0.029512380018587338 0.0013055768400425248 0.0088196062077345733 -0.0099616932183874338 0.023230884924787559 0.066669961163195665 -0.0022737980935682361
leaf_weight=63012.296258021655 9446.2531587814447 4175.169776591938 12962.413699309458 4332.0800378536223 3647.1357461770021 5777.1038693664595 356.64339834591374 217.20026534423232 698.69230076717213 2373.5118893621402 737.0963450926356 663.10237599350512 1089.0248917842691 2624.4289500282684 4667.2505380993825 1345.6663817241788 7368.4058077984955 2774.0602488801815 1734.1472960784449 13191.972552092579 1602.8399663100718 402.56367599696387 1374.2374791461916 6800.1308745491478 534.29704704985488 221.12187331635505 10677.62315799958 1251.0090052378364 193.83856035210192 3355.6076034653233
leaf_count=154867 71480 14058 33426 23107 76235 12309 7078 435 51191 10635 29170 3025 39271 20002 46430 4314 15931 9850 22688 191458 13768 1714 28931 194172 7427 576 81430 3439 543 34959
internal_value=0 0.0081915 -0.00781898 -0.010178 -0.0126047 0.00289661 0.0125618 -0.017136 -0.0152983 -0.0145009 -0.0302649 -0.00432424 -0.0080384 -0.0148971 -0.00697316 0.00627971 0.0058796 0.0050127 -0.00763025 -0.0169423 -0.0165665 0.0238715 -0.0191918 -0.025031 -0.0254417 0.00623094 -0.00601309 0.0134031 0.0359027 -0.00885608
internal_weight=169607 82830.1 86776.8 73814.4 62259.5 11554.9 6133.75 40221.6 35303 34604.3 4918.53 22038 5421.1 34387.1 7040.76 78654.9 76906.7 69538.3 6111.05 27346.4 3336.99 1748.23 21366.3 8174.37 4181.43 63427.3 20123.9 1914.11 414.96 5980.04
internal_count=1203919 238309 965610 932184 850419 81765 19387 691045 578213 527022 112832 159374 62378 526587 57065 224251 218223 202292 46306 469522 36456 6028 414561 223103 83662 155986 152910 6464 1119 54961
cat_boundaries=0 38 77 78 118 128 129 130 131 170
cat_threshold=0 0 6 0 4096 0 0 0 0 131072 0 0 0 0 0 0 0 0 0 0 0 0 0 224 0 0 0 0 0 0 0 0 0 41943040 0 67108864 0 1 0 0 0 0 0 0 0 0 0 0 0 0 0 0 0 0 0 0 0 0 0 0 0 0 0 0 0 0 0 2147483648 0 0 0 1073741824 512 512 1 8192 3221225472 524320 8192 0 0 0 0 0 0 2097152 0 0 8388608 0 0 0 0 0 0 0 0 0 0 0 0 0 0 0 0 0 0 0 0 0 0 0 0 0 0 0 0 327680 0 0 4096 0 0 8388608 0 0 0 1 1025 11 32 0 0 0 0 0 0 0 0 0 0 0 0 0 0 0 0 0 0 0 0 0 0 0 0 0 0 0 0 0 0 0 0 0 1073741824 512 512 0 0 2147483648
is_linear=0
shrinkage=0.05


Tree=25
num_leaves=31
num_cat=12
split_feature=160 169 180 170 196 223 195 160 160 160 211 161 173 160 160 173 176 164 160 166 222 173 170 165 166 169 164 164 173 173
split_gain=3856.71 2154.34 1178.83 901.654 771.91 949.909 481.467 569.748 460.477 440.286 235.938 237.21 257.235 762.673 267.661 234.042 233.004 223.921 243.29 216.906 343.552 256.961 220.484 385.72 224.498 214.079 257.951 207.987 206.409 191.844
threshold=0 1.0000000180025095e-35 1.0000000180025095e-35 1.0000000180025095e-35 1 1.0000000180025095e-35 1.0000000180025095e-35 2 3 4 7.5000000000000009 5 8.5000000000000018 6 7 14.500000000000002 1.0000000180025095e-35 8 9 175.00000000000003 1.0000000180025095e-35 14.500000000000002 1.0000000180025095e-35 75.000000000000014 65.000000000000014 1.0000000180025095e-35 10 11 10.500000000000002 10.500000000000002
decision_type=9 2 2 2 1 2 2 9 9 9 2 9 2 9 9 2 2 9 9 2 2 2 2 2 2 2 9 9 2 2
left_child=1 19 3 4 5 9 17 -8 -7 -2 11 -11 13 -13 15 -14 -12 -5 29 22 21 -21 23 -1 -24 26 -6 -27 -25 -19
right_child=2 -3 -4 6 25 8 7 -9 -10 10 16 12 14 -15 -16 -17 -18 18 -20 20 -22 -23 24 28 -26 27 -28 -29 -30 -31
leaf_value=0.0056453301560801909 -0.0307135403495663 0.04338554608297332 0.0064569327334926905 0.00077512426864748791 -0.037325640409694806 0.016259442248601316 0.016079136708848734 -0.049900525477075644 -0.050916404314155964 0.048759010824485027 -0.010085085639570227 0.0051639036904702687 -0.01432325749610319 -0.019325430750914651 -0.007882961024047147 -0.041814163644504333 0.019105669853212714 0.02972497091354654 -0.028304478333075318 0.047088381286926523 -0.040626207047312381 0.0068805438685861295 -0.0053901878597467628 0.0014461702339488272 0.017687510246274876 -0.0025192488158692857 -0.02025312552904808 -0.022737143509993351 -0.01713124965601498 -0.039384915491286587
leaf_weight=65007.955736350617 1781.3440023709845 3997.1407701881835 12667.345502720797 3054.9873796212487 2712.9160930641519 297.80238746628311 5752.9185195274185 337.1596895288676 1766.5175447748043 182.58156067412347 1085.5111064408557 10631.655161643925 2305.5452401966904 4523.3747734334611 13182.666673745989 1166.5304490615963 1844.0723675293848 369.67564080143347 1822.2442161549698 948.16757965739816 190.53738676923967 684.65519154071808 1276.5741897847038 3062.590446047252 6025.0443239365704 2882.6768794225063 12974.120535429545 2281.7258898594882 2920.0365115861059 137.2775390597526
leaf_count=166604 33247 14058 33426 15859 131525 4967 12309 7078 79133 342 6048 38895 29248 29950 124685 36587 5858 2365 39624 2319 2090 2026 5247 12931 10638 20749 251935 46446 33200 4530
internal_value=0 0.00756223 -0.00759401 -0.0100988 -0.012569 -0.00838876 0.00273607 0.0123662 -0.0413893 -0.00653431 -0.00529007 -0.00653534 -0.00686681 -0.00215492 -0.011158 -0.023498 0.00828791 -0.00815584 -0.0197879 0.00577555 0.0228221 0.0302393 0.00537834 0.00452721 0.013652 -0.0203267 -0.0232438 -0.0115031 -0.00762105 0.0107683
internal_weight=167873 84112.7 83760.6 71093.3 59619 38767.6 11474.3 6090.08 2064.32 36703.3 34921.9 31992.4 31809.8 15155 16654.7 3472.08 2929.58 5384.18 2329.2 80115.6 1823.36 1632.82 78292.2 70990.6 7301.62 20851.4 15687 5164.4 5982.63 506.953
internal_count=1203919 249113 954806 921380 839615 388960 81765 19387 84100 304860 271613 259707 259365 68845 190520 65835 11906 62378 46519 235055 6435 4345 228620 212735 15885 450655 383460 67195 46131 6895
cat_boundaries=0 38 39 40 80 120 126 165 204 228 229 259 289
cat_threshold=0 0 6 0 4096 0 0 0 0 131072 0 0 0 0 0 0 0 0 0 0 0 0 0 224 0 0 0 0 0 0 0 0 0 41943040 512 67108864 0 1 3083 524320 0 0 0 0 0 0 0 0 0 0 0 0 0 0 0 0 0 0 0 0 0 0 0 0 0 0 0 0 0 0 0 0 0 0 0 512 0 0 3221225472 327680 0 0 0 0 0 0 0 0 0 0 0 0 0 0 0 0 0 0 0 0 0 0 0 0 0 0 0 0 0 0 0 0 0 0 0 0 0 0 0 327680 0 0 4096 0 0 8388608 0 0 0 0 0 0 0 0 0 0 0 0 0 0 0 0 0 0 0 0 0 0 0 0 0 0 0 0 0 0 0 0 0 1073741824 0 0 1 0 33280 0 0 0 0 0 0 0 0 0 0 0 0 0 0 0 0 0 0 0 0 0 0 0 0 0 0 0 0 0 0 0 0 0 0 0 0 0 0 33280 0 0 0 0 4096 0 4194304 0 0 0 0 0 0 0 0 0 0 0 0 0 0 0 0 96 8192 0 0 2 0 4096 0 0 0 0 131072 8388608 0 0 0 0 0 0 0 0 0 0 0 0 32 0 0 0 0 0 2147483648 0 0 2 0 0 0 4194304 2097152 0 0 0 0 0 0 0 0 0 0 0 0 0 0 0 160 0 0 0 0 0 2147483648
is_linear=0
shrinkage=0.05


Tree=26
num_leaves=31
num_cat=10
split_feature=196 169 163 195 182 174 224 211 176 169 196 174 174 164 170 164 165 176 164 164 174 161 164 164 164 40 174 174 167 40
split_gain=3495.06 2081.79 739.22 893.595 489.649 404.518 376.734 334.633 323.731 314.637 295.211 322.303 264.648 264.346 238.91 289.832 246.66 205.524 191.783 188.453 157.091 139.708 139.568 139.151 131.463 131.051 170.66 116.294 114.42 112.697
threshold=0 1.0000000180025095e-35 4.5000000000000009 1.0000000180025095e-35 1.0000000180025095e-35 210.00000000000003 1.0000000180025095e-35 7.5000000000000009 1.0000000180025095e-35 1.0000000180025095e-35 1 210.00000000000003 250.00000000000003 2 1.0000000180025095e-35 3 95.000000000000014 1.0000000180025095e-35 4 5 290.00000000000006 6 7 8 9 1.0000000180025095e-35 190.00000000000003 130.00000000000003 1.0000000180025095e-35 1.0000000180025095e-35
decision_type=1 2 2 2 2 2 2 2 2 2 1 2 2 9 2 9 2 2 9 9 2 9 9 9 9 2 2 2 2 2
left_child=1 14 3 4 6 8 7 10 -6 23 11 -2 24 -5 15 25 21 -9 -11 -16 -18 -17 -14 -4 -12 26 -1 -26 -20 -7
right_child=2 -3 9 13 5 29 -8 17 -10 18 12 -13 22 -15 19 16 20 -19 28 -21 -22 -23 -24 -25 27 -27 -28 -29 -30 -31
leaf_value=-0.00014378924606959654 -0.033962942701567453 0.04253781583749007 -0.043210218806036697 0.014497549639943628 0.031638842121663097 -0.021789020245024777 -0.031598852405151596 -0.0098996926933003354 -0.017552581953915226 -0.032567199470962829 -0.020171568023412897 -0.0085892183484677555 0.028192328358883613 -0.033739545915846207 0.017292014374746686 0.047961028328812924 0.036806995440098078 0.017475375280389425 -0.0053118913688874805 -0.0037993833678084416 0.0052914179570234263 0.0044614927589911417 -0.015181416431763198 -0.024029764705348997 -0.0013372479910142634 0.0014200920700967641 -0.0220893450885725 -0.0077463172360334037 -0.049371326609546795 0.0033406635804024672
leaf_weight=1596.9462744833436 2469.8627669630805 3823.4444091571495 1275.3064844053006 5756.7930883954978 1849.7410250182729 883.29370274354005 1839.4271648174836 1067.0611768193194 407.77950283582322 872.97689760971116 1491.9086322230869 2538.8453959098333 180.21511808701325 289.60959817329422 5966.514541126322 174.79949511028826 983.96217916195747 1915.4881509833504 4082.0182286984054 1288.725523320958 661.81635194161208 73493.342895833572 11798.34252926585 4322.166954415763 12434.691153504522 3357.2520970947226 1990.3852556585334 16436.967136433421 152.42408287583385 900.14466744399397
leaf_count=5939 32778 14058 54474 13185 3890 6283 51994 6048 998 30522 22088 42727 975 6202 10666 342 3397 5858 33174 5472 2544 194539 235384 154629 63467 20754 24426 149301 3499 4306
internal_value=0 0.00640852 -0.00819755 -0.00611163 -0.00807625 0.0086899 -0.00937501 -0.00856244 0.0227492 -0.0203357 -0.00958568 -0.0210624 -0.00822081 0.0121519 0.00486574 0.00409846 0.00499942 0.00767975 -0.0113585 0.0135635 0.0241421 0.00457222 -0.0145164 -0.0285242 -0.0057395 -0.00567049 -0.0123228 -0.00498452 -0.00688842 -0.00910527
internal_weight=166302 93337.2 72965.1 62260.2 56213.8 4040.96 52172.8 50333.4 2257.52 10704.9 47350.8 5008.71 42342.1 6046.4 89513.7 82258.5 75313.9 2982.55 5107.42 7255.24 1645.78 73668.1 11978.6 5597.47 30363.6 6944.58 3587.33 28871.7 4234.44 1783.44
internal_count=1203919 282137 921782 645484 626097 15477 610620 558626 4888 276298 546720 75505 471215 19387 268079 251941 200822 11906 67195 16138 5941 194881 236359 209103 234856 51119 30365 212768 36673 10589
cat_boundaries=0 1 2 32 56 67 91 97 108 138 162
cat_threshold=199 2560 0 0 4 0 0 0 0 0 0 0 0 0 0 0 0 0 0 0 0 0 0 0 0 192 0 0 0 0 0 2147483648 0 0 6 0 0 0 0 0 0 0 0 0 0 0 0 0 0 0 0 0 0 0 0 64 0 0 4 0 4096 0 0 0 0 131072 8388608 0 0 4 0 0 0 0 0 0 131072 0 0 0 0 0 0 0 0 0 0 0 0 0 64 0 0 4096 0 0 8388608 0 0 0 0 4096 0 4194304 0 0 0 8388608 0 0 2 0 0 0 0 0 0 0 8388608 0 0 0 0 0 0 0 0 0 0 0 0 32 0 0 0 0 0 2147483648 0 0 6 0 0 0 0 0 0 131072 8388608 0 0 0 0 0 0 0 0 0 0 0 0 128
is_linear=0
shrinkage=0.05


Tree=27
num_leaves=31
num_cat=11
split_feature=160 169 223 163 196 176 160 174 176 167 160 174 169 174 161 165 222 170 160 174 164 160 211 164 164 167 223 160 174 40
split_gain=3539.58 1834.85 1177.35 861.505 1002.07 680.218 620.548 904.239 303.197 297.957 322.405 284.593 281.368 245.317 210.734 198.871 320.135 206.424 344.739 195.318 182.894 194.23 182.417 177.367 165.627 159.211 135.686 133.971 138.774 166.31
threshold=0 1.0000000180025095e-35 1.0000000180025095e-35 4.5000000000000009 1 1.0000000180025095e-35 2 270.00000000000006 1.0000000180025095e-35 1.0000000180025095e-35 3 230.00000000000003 1.0000000180025095e-35 310.00000000000006 4 145.00000000000003 1.0000000180025095e-35 1.0000000180025095e-35 5 290.00000000000006 6 7 7.5000000000000009 8 9 1.0000000180025095e-35 1.0000000180025095e-35 10 250.00000000000003 1.0000000180025095e-35
decision_type=9 2 2 2 1 2 9 2 2 2 9 2 2 2 9 2 2 2 9 2 9 9 2 9 9 2 2 9 2 2
left_child=1 15 3 4 5 13 7 8 -6 10 -7 -8 -5 20 -15 17 19 18 26 -17 25 22 -22 -14 -19 -2 -1 -13 29 -29
right_child=2 -3 -4 12 6 9 11 -9 -10 -11 -12 27 23 14 -16 16 -18 24 -20 -21 21 -23 -24 -25 -26 -27 -28 28 -30 -31
leaf_value=-0.0052314396012552722 0.002039485435154741 0.041742531168638602 -0.047567656897341902 -0.027751684997707617 0.0039822626682540175 0.026768496151035555 -0.02470869010633062 -0.026767446629510378 -0.012086339703131489 -0.029180506961017573 0.0059242501218197789 -0.027882634508367948 -0.033156476852891872 0.048310912114700233 0.0016091176199941933 0.046747985539456458 -0.040388771207542778 -0.0035090130508983967 0.0058053931919993312 0.0094369624377529469 -0.036136089067591103 -0.0086440188185689156 -0.0086928082907320563 -0.0073244409434369082 0.016751703055082279 -0.031390482976357721 0.030413312599671446 0.016799157887359837 -0.011875362325677085 -0.027139503685340738
leaf_weight=9626.389270965039 3526.3282600922976 3667.3506368505768 1791.7910990619566 5472.1360127977969 12542.791165239702 2053.5383718619123 8082.2932485046404 3828.7355517020915 3832.1922000251943 552.41605696262559 18634.61980112741 925.62619997469301 781.48396704951301 303.63293005037121 1063.053334448603 820.89550320385024 176.94417278224137 1216.3534975815564 62093.367946331738 613.38612973643467 1616.21891593482 4708.4769536341555 969.64144958555698 4282.9893312051718 5942.5999621744268 395.65082886372693 274.0703217779519 982.88888550829142 3970.1600864308712 275.20943833136698
leaf_count=71547 12175 14058 83373 209509 53206 3085 123534 77806 33567 26221 56090 25473 27789 1032 10156 2195 1965 5247 152856 1868 15065 30403 5239 39406 10684 11129 1444 7164 85186 5447
internal_value=0 0.00715386 -0.00749464 -0.00658403 -0.0045299 0.00158376 -0.0105316 -0.00489118 0.000221212 0.00704179 0.00800992 -0.0185266 -0.0198908 -0.00762784 0.0123674 0.00558383 0.0229723 0.00522966 0.00442431 0.0308039 -0.0100651 -0.0147376 -0.0257515 -0.0113943 0.0133271 -0.00133184 -0.00423843 -0.0104352 -0.00727568 0.00717662
internal_weight=165023 84431.4 80591.9 78800.1 68263.5 33823.6 34439.9 20203.7 16375 21240.6 20688.2 14236.2 10536.6 12583 1366.69 80764 1611.23 79152.8 71993.8 1434.28 11216.3 7294.34 2585.86 5064.47 7158.95 3921.98 9900.46 6153.88 5228.26 1258.1
internal_count=1203919 261864 942055 858682 581978 170595 411383 164579 86773 85396 59175 246804 276704 85199 11188 247806 6028 241778 225847 4063 74011 50707 20304 67195 15931 23304 72991 123270 97797 12611
cat_boundaries=0 39 40 79 80 114 150 180 218 229 253 293
cat_threshold=0 0 6 0 4096 0 0 0 0 131072 0 0 0 0 0 0 0 0 0 0 0 0 0 224 0 0 0 0 0 0 0 0 0 41943040 512 67109376 0 1 2147483648 2083 0 0 0 0 0 0 0 0 0 0 0 0 0 0 0 0 0 0 0 0 0 0 0 0 0 0 0 0 0 2147483648 0 0 0 1073741824 0 0 1 0 1073775104 32 0 0 4096 0 0 8388608 0 0 0 1 0 0 0 128 0 0 0 0 0 0 0 0 0 0 0 0 0 0 0 0 0 0 0 32768 0 0 0 0 4096 0 0 0 0 0 0 0 0 0 0 0 0 0 0 0 0 0 0 128 0 0 0 0 0 0 0 0 0 0 512 512 0 0 0 0 0 0 4194304 0 0 0 0 0 0 0 0 0 0 0 0 0 0 0 0 224 0 0 0 0 0 2147483648 524288 0 0 0 0 0 0 0 0 0 0 0 0 0 0 0 0 0 0 0 0 0 0 0 0 0 0 0 0 0 0 0 0 0 0 0 0 8192 0 0 4 0 0 0 0 0 0 131072 8388608 0 0 2 0 0 0 0 0 0 0 0 0 0 0 0 0 0 0 0 0 0 0 0 32 0 0 0 0 0 0 0 0 0 0 8388608 0 0 0 0 0 0 0 0 0 0 0 0 0 0 0 0 0 0 0 0 0 0 0 0 0 0 0 0 262144
is_linear=0
shrinkage=0.05


Tree=28
num_leaves=31
num_cat=4
split_feature=196 166 163 195 223 182 172 176 164 170 165 211 173 176 176 176 164 167 164 173 40 166 167 176 221 183 173 198 40 173
split_gain=2884.77 1266.66 682.913 859.593 478.507 711.433 386.495 334.179 239.126 236.797 231.446 225.245 208.503 267.512 185.716 170.578 170.505 211.172 344.399 170.3 168.782 156.605 147.339 143.573 141.402 225.856 139.811 206.619 164.587 137.807
threshold=0 125.00000000000001 4.5000000000000009 1.0000000180025095e-35 1.0000000180025095e-35 1.0000000180025095e-35 1.0000000180025095e-35 1.0000000180025095e-35 1 1.0000000180025095e-35 75.000000000000014 7.5000000000000009 11.500000000000002 1.0000000180025095e-35 1.0000000180025095e-35 1.0000000180025095e-35 2 1.0000000180025095e-35 3 10.500000000000002 1.0000000180025095e-35 65.000000000000014 1.0000000180025095e-35 1.0000000180025095e-35 1.0000000180025095e-35 1.0000000180025095e-35 12.500000000000002 1.0000000180025095e-35 1.0000000180025095e-35 9.5000000000000018
decision_type=1 2 2 2 2 2 2 2 9 2 2 2 2 2 2 2 9 2 9 2 2 2 2 2 2 2 2 2 2 2
left_child=1 9 3 4 5 6 12 -7 -5 10 24 22 -2 26 -3 -13 -4 -18 -19 -12 -21 -11 -8 29 -1 -26 28 -28 -14 -6
right_child=2 14 16 8 23 7 11 -9 -10 21 19 15 13 -15 -16 -17 17 18 -20 20 -22 -23 -24 -25 25 -27 27 -29 -30 -31
leaf_value=0.0036982988008854977 -0.023838686784968824 0.034490408827958473 -0.032209155800660492 0.015089036553988841 -0.012848859560646908 0.024734037249117782 -0.0064254863756177992 -0.0098242138878256082 -0.031846897699398288 -0.0032485131563189922 0.0019903033433890686 -0.0091935535845064555 0.027378754401792472 -0.024903699634257936 0.017234593123979274 0.015640186756928846 -0.013566832437124927 0.043034763115257238 -0.053300869247318854 -0.029437022080505883 -0.0024744780380787936 0.016600131045132641 -0.02575053217539679 -0.013033235619055767 0.0060133274204798182 0.036256865117960196 -0.021506703078446276 0.023107096443333253 -0.034308388432211005 -0.044708989891590611
leaf_weight=71108.082209414017 5210.5470103386542 3728.8688917135587 2093.6855784839718 5498.6933265415719 461.64722120278748 2563.2942483848892 35855.266564061902 961.48546033841558 276.54516138904728 1203.823008620413 2458.2677690030541 1050.8569923937903 750.76674881891813 1406.7477687845603 2685.5080163337698 2018.9550304810982 7503.0602532782941 101.46428702626145 679.36563675914658 1244.786483003496 1088.1317703240784 5679.809827754274 1013.97891421229 1064.2706412284097 2131.181466299342 869.0110492084641 837.78374480677303 375.34111243695952 125.80525042722002 1291.8059396035096
leaf_count=189516 87885 14418 110625 13185 7979 5316 312931 4614 6202 5247 11481 6048 3299 48170 12356 5858 138040 1209 26424 18675 10905 9868 39271 42960 7287 2384 13216 5035 2235 41280
internal_value=0 0.00583663 -0.00756387 -0.00554023 -0.00746758 -0.00638333 -0.00795512 0.0153058 0.0128091 0.00423454 0.00345846 -0.00587388 -0.0175003 -0.00805114 0.0272686 0.00713737 -0.0194189 -0.0161256 -0.0408881 -0.00719113 -0.0168664 0.0131283 -0.00695744 -0.0275362 0.00414708 0.0147797 0.00329457 -0.00769523 0.0185052 -0.0363298
internal_weight=163339 92197.5 71141.4 60763.8 54988.6 52170.8 48646 3524.78 5775.24 85783.1 78899.5 39939.1 8706.99 3496.44 6414.38 3069.81 10377.6 8283.89 780.83 4791.19 2332.92 6883.63 36869.2 2817.72 74108.3 3000.19 2089.7 1213.12 876.572 1753.45
internal_count=1203919 282137 921782 645484 626097 533878 523948 9930 19387 255363 240248 364108 159840 71955 26774 11906 276298 165673 27633 41061 29580 15115 352202 92219 199187 9671 23785 18251 5534 49259
cat_boundaries=0 1 31 61 68
cat_threshold=199 0 0 4 0 0 0 0 0 0 0 0 0 0 0 0 0 0 0 0 0 0 0 0 192 0 0 0 0 0 2147483648 0 0 0 0 4096 0 0 0 0 131072 8388608 0 0 0 0 0 0 0 0 0 0 0 0 0 0 0 0 0 0 2147483648 0 0 4 0 0 0 4194304
is_linear=0
shrinkage=0.05


Tree=29
num_leaves=31
num_cat=11
split_feature=160 169 223 160 164 170 180 167 160 164 173 224 190 170 164 40 211 173 160 176 176 164 167 164 164 165 173 160 222 165
split_gain=3144.32 1597.97 1038.79 773.81 885.979 629.381 600.837 446.096 333.952 329.67 272.607 239.485 196.649 168.856 315.27 165.457 148.451 153.068 182.712 188.622 181.032 141.559 140.216 315.802 182.744 138.258 186.193 209.584 127.878 212.149
threshold=0 1.0000000180025095e-35 1.0000000180025095e-35 1 2 1.0000000180025095e-35 1.0000000180025095e-35 1.0000000180025095e-35 3 4 9.5000000000000018 1.0000000180025095e-35 1.0000000180025095e-35 1.0000000180025095e-35 5 1.5000000000000002 7.5000000000000009 14.500000000000002 6 1.0000000180025095e-35 1.0000000180025095e-35 7 1.0000000180025095e-35 8 9 95.000000000000014 5.5000000000000009 10 1.0000000180025095e-35 105.00000000000001
decision_type=9 2 2 9 9 2 2 2 9 9 2 2 2 2 9 2 2 2 9 2 2 9 2 9 9 2 2 9 2 2
left_child=1 13 3 9 -5 6 8 12 15 10 -2 22 -7 14 -1 16 17 18 19 -6 -20 -15 24 -24 -10 26 27 -26 29 -16
right_child=2 -3 -4 4 5 7 -8 -9 11 -11 -12 -13 -14 21 28 -17 -18 -19 20 -21 -22 -23 23 -25 25 -27 -28 -29 -30 -31
leaf_value=-0.0056111891280623766 0.019655975134916848 0.040304445086436803 -0.046216743588568532 -0.040769031502207377 0.0061335717662613018 0.00068898037186815059 0.0038347321271807937 -0.026051131420871849 -0.037352781869236545 -0.030665421886567731 -0.027860933640967311 -0.029724277208386263 0.017347565128878611 0.01597043757153532 0.0053756843343324137 -0.01404469668917888 0.0096640689234599488 -0.01643950028163647 -0.036772283525023229 -0.01015898345396698 0.0050993771220186387 -0.0026917438661964018 0.034567074160800522 -0.050079078978965165 0.0075559946388560331 0.0034856717312267194 -0.012575870910991946 -0.011317383205101741 -0.038307311191027676 0.024626201740114064
leaf_weight=6797.814255917765 686.98698828066699 3409.8751018354669 1665.1143711293116 1671.581450387981 6445.6003237278201 2619.0835987988394 12665.078890290461 852.63169218614348 586.52842219226295 4359.7017699770513 537.57699642708758 1705.3286998065378 5478.4911002991721 5833.3598368554376 64200.569495354022 2769.7178202266805 2786.4312842080835 1833.9003380281501 652.91298583991011 2451.6549598276033 426.2260582272429 1232.9455645387061 132.93446474469965 526.74865183420479 2761.2270246789558 1955.1571269268461 20212.836249304739 3125.1100097727904 164.18249529223249 1463.5297402616125
leaf_count=50713 6601 14058 83373 73138 21587 12002 33426 33941 34045 100323 18210 51994 10273 10638 174940 26693 9567 26192 6190 17565 2590 5472 2670 21076 12358 21116 290192 26933 1955 4088
internal_value=0 0.00678719 -0.00714786 -0.00630623 -0.00490613 -0.00404352 -0.00585982 0.00833755 -0.00839821 -0.0242177 -0.00119273 -0.0115063 0.0119605 0.0053536 0.00463552 -0.00284029 -0.000715462 -0.00316506 -0.000723695 0.0016414 -0.0200493 0.0127323 -0.0104493 -0.0332359 -0.00992369 -0.00933276 -0.0102968 -0.0024697 0.00569375 0.005805
internal_weight=162011 83102.3 78908.6 77243.4 71659.2 69987.6 61037.4 8950.21 48372.3 5584.27 1224.56 31005.9 8097.57 79692.4 72626.1 17366.4 14596.7 11810.3 9976.39 8897.26 1079.14 7066.31 29300.5 659.683 28640.9 28054.3 26099.2 5886.34 65828.3 65664.1
internal_count=1203919 261864 942055 858682 733548 660410 604194 56216 570768 125134 24811 460384 22275 247806 231696 110384 83691 74124 47932 39152 8780 16110 408390 23746 384644 350599 329483 39291 180983 179028
cat_boundaries=0 39 79 109 148 178 202 241 265 272 277 316
cat_threshold=0 0 6 0 4096 0 0 0 0 131072 0 0 0 0 0 0 0 0 0 0 0 0 0 224 0 0 0 0 0 0 0 0 0 41943040 512 67109376 0 1 2147483648 8192 0 0 0 0 0 0 2097152 0 0 8388608 0 0 0 0 0 0 0 0 0 0 0 0 0 0 0 0 0 0 0 0 0 0 0 0 0 0 0 0 327680 0 0 2 0 0 0 0 0 0 131072 8388608 0 0 0 0 0 0 0 0 0 0 0 0 0 0 0 0 0 0 2147483648 0 0 0 0 0 0 0 0 0 0 0 0 0 0 0 0 0 0 0 0 0 0 0 0 0 0 0 0 0 2147483648 0 0 0 1073741824 0 0 1 8192 1073741824 0 0 4 0 0 0 4194304 0 0 131072 8388608 0 0 0 0 0 0 0 0 0 0 0 0 0 0 0 0 0 0 2147483648 0 0 6 0 0 0 0 0 0 0 0 0 0 0 0 0 0 0 0 0 0 0 0 64 0 0 0 0 0 0 0 0 0 0 0 0 0 0 0 0 0 0 0 0 0 0 0 0 0 0 0 0 0 0 0 0 0 1073741824 0 0 1 0 1073741824 0 0 4 0 0 0 0 0 0 131072 0 0 0 0 0 0 0 0 0 0 0 0 0 64 0 0 4 0 4096 0 4194304 0 0 4 0 4096 524288 0 0 0 0 0 0 0 0 0 0 0 0 0 0 0 0 0 0 0 0 0 0 0 0 0 0 0 0 0 0 0 0 0 0 0 0 0 33280
is_linear=0
shrinkage=0.05


Tree=30
num_leaves=31
num_cat=15
split_feature=160 169 196 170 160 195 160 173 173 160 160 170 164 160 164 195 164 164 169 164 161 173 203 40 214 164 160 221 182 173
split_gain=2731.67 1488.19 799.399 906.323 640.719 374.848 502.535 328.601 276.193 219.073 194.953 178.205 286.584 168.599 411.855 237.164 286.651 165.517 165.355 159.236 151.023 138.897 151.752 133.003 132.31 130.951 129.841 126.42 161.358 125.509
threshold=0 1.0000000180025095e-35 1 1.0000000180025095e-35 2 1.0000000180025095e-35 3 9.5000000000000018 12.500000000000002 4 5 1.0000000180025095e-35 6 7 8 1.0000000180025095e-35 9 10 1.0000000180025095e-35 11 12 17.500000000000004 1.0000000180025095e-35 1.5000000000000002 135.00000000000003 13 14 1.0000000180025095e-35 1.0000000180025095e-35 7.5000000000000009
decision_type=9 2 1 2 9 2 9 2 2 9 9 2 9 9 9 2 9 9 2 9 9 2 2 2 2 9 9 2 2 2
left_child=1 11 8 4 7 17 -7 10 -2 -9 -4 12 29 15 -15 16 -6 -5 19 -16 -10 -11 -23 -22 -21 -13 -19 -14 -29 -1
right_child=2 -3 3 5 13 6 -8 9 20 21 -12 25 27 14 18 -17 -18 26 -20 24 23 22 -24 -25 -26 -27 -28 28 -30 -31
leaf_value=0.0045472666023735125 -0.0042843116307653539 0.03947676864381084 0.0017392705474545461 0.00038341540703681128 0.0057157781865980733 0.015649121222749172 -0.049531545126711013 0.0097291236019193469 0.038904255409168517 -0.012066528013416936 -0.016923065999429995 0.015801308456121089 0.0048700550061562611 -0.046808594276892004 -0.038596202730016356 -0.056323535347078693 -0.029507897474095685 -0.0060022174258639732 -0.0056822616632382569 -0.016034756889485986 0.0090499818992992032 -0.034883171531852643 -0.0055999435112588413 -0.0038166378567700862 0.095477564603780193 -0.0022597248951217812 -0.032521731757718324 0.0079044811356122641 0.034779030945550599 -0.01013004267016087
leaf_weight=2125.7850690256455 10536.326650935895 3270.3024107549572 10154.733117438882 3211.8293323555845 721.15196013532113 5405.1324640596285 303.05027615220752 944.79848332487745 348.84888361603953 6916.9449212363979 1612.3062667297199 5767.6538992212154 61651.593120479709 1047.6507503422326 812.84056950002559 608.98915973398834 2928.5028864165943 1016.961693205405 4032.5045868722955 14486.200310110537 8255.6699412796879 1556.3491444346728 618.96652756477124 2653.2655033927294 26.146620653569698 1218.2630583758 861.02889700210653 1851.4658600850962 800.0377512825653 4621.8079213681631
leaf_count=7075 47745 14058 42923 17294 12559 12309 7078 8175 1362 91835 15820 10638 161521 86140 34520 29170 67441 20818 38054 291620 26324 53451 11079 13427 109 5472 24266 5614 2384 43638
internal_value=0 0.00643449 -0.00661732 -0.00971885 -0.0127527 0.00332769 0.0121244 -0.00649748 0.00153279 -0.0131463 -0.00083091 0.00505029 0.00430091 -0.0182722 -0.0163589 -0.0273756 -0.0226119 -0.00653695 -0.0146862 -0.0170644 0.00697885 -0.015518 -0.0265564 0.00591466 -0.0158193 0.0126704 -0.0182769 0.0053292 0.0160202 -0.00549717
internal_weight=160367 81306.9 79060.2 57266.1 46468.1 10798 5708.18 21804.1 21794.1 10037.1 11767 78036.6 71050.7 24664 20405.3 4258.64 3649.65 5089.82 19357.7 15325.2 11257.8 9092.26 2175.32 10908.9 14512.3 6985.92 1877.99 64303.1 2651.5 6747.59
internal_count=1203919 250400 953519 864661 782896 81765 19387 223283 88858 164540 58743 236342 220232 559613 450443 109170 80000 62378 364303 326249 41113 156365 64530 39751 291729 16110 45084 169519 7998 50713
cat_boundaries=0 39 40 79 80 119 158 182 222 233 243 267 297 331 355 356
cat_threshold=0 0 6 0 4096 0 0 0 0 131072 0 0 0 0 0 0 0 0 0 0 0 0 0 224 0 0 0 0 0 0 0 0 0 41943040 512 67108864 0 1 2147483648 2051 0 0 0 0 0 0 0 0 0 0 0 0 0 0 0 0 0 0 0 0 0 0 0 0 0 0 0 0 0 2147483648 0 0 0 1073741824 0 512 1073741825 0 1073774592 524320 0 0 0 0 0 0 0 0 0 0 0 0 0 0 0 0 0 0 0 0 0 0 0 0 0 0 0 0 0 2147483648 0 0 0 0 0 512 0 0 1073741824 0 0 0 0 0 0 0 0 0 0 0 0 0 0 0 0 0 0 0 0 0 0 0 0 0 0 0 0 0 0 0 0 0 1073741824 0 0 1 0 32768 0 0 6 0 0 0 0 0 0 0 0 0 0 0 0 0 0 0 0 0 0 0 0 64 8192 0 0 0 0 0 0 2097152 0 0 8388608 0 0 0 0 0 0 0 0 0 0 0 0 0 0 0 0 0 0 0 0 0 0 0 0 0 0 0 0 262144 0 0 0 0 4096 0 0 0 0 131072 8388608 0 0 4 0 4096 0 4194304 0 0 131072 0 0 0 0 4096 0 4194304 0 0 0 8388608 0 0 0 0 0 0 0 0 0 0 0 0 96 0 0 2 0 0 0 0 0 0 0 0 0 0 0 0 0 0 0 0 0 0 0 0 32 0 0 0 0 0 2147483648 0 0 4096 0 0 8388608 0 0 0 0 0 0 0 0 0 0 0 0 0 0 0 0 0 0 0 0 0 0 0 0 0 0 0 32768 0 0 4 0 0 0 0 0 0 131072 0 0 0 0 0 0 0 0 0 0 0 0 0 64 8224
is_linear=0
shrinkage=0.05


Tree=31
num_leaves=31
num_cat=10
split_feature=160 169 160 164 195 173 196 223 160 190 160 195 224 167 164 170 173 198 170 164 161 180 195 164 211 176 163 181 167 222
split_gain=2776.29 1340.31 652.5 742.064 738.573 732.174 582.283 410.702 472.168 384.95 347.194 191.266 178.9 175.446 318.347 200.269 168.218 174.151 160.432 301.65 152.004 152.485 151.322 144.425 130.907 132.176 129.766 127.919 117.846 116.05
threshold=0 1.0000000180025095e-35 1 2 1.0000000180025095e-35 10.500000000000002 3 1.0000000180025095e-35 4 1.0000000180025095e-35 5 1.0000000180025095e-35 1.0000000180025095e-35 1.0000000180025095e-35 6 1.0000000180025095e-35 11.500000000000002 1.0000000180025095e-35 1.0000000180025095e-35 7 8 1.0000000180025095e-35 1.0000000180025095e-35 9 7.5000000000000009 1.0000000180025095e-35 4.5000000000000009 15.000000000000002 1.0000000180025095e-35 1.0000000180025095e-35
decision_type=9 2 9 9 2 2 1 2 9 2 9 2 2 2 9 2 2 2 2 9 9 2 2 9 2 2 2 2 2 2
left_child=1 18 5 -4 6 10 7 20 -9 26 11 23 13 15 -15 16 17 -8 19 28 -5 24 -7 -2 -22 -26 -6 -23 -1 -21
right_child=2 -3 3 4 9 22 12 8 -10 -11 -12 -13 -14 14 -16 -17 -18 -19 -20 29 21 27 -24 -25 25 -27 -28 -29 -30 -31
leaf_value=-0.0086745799496130722 0.022130957198900233 0.038679454438020872 -0.038706681926107496 0.042482464302916266 0.0024154360437224488 -0.031464098167799361 -0.013490420327557285 0.025189067696113693 -0.046729843443046898 0.015621456192932896 -0.029238759629732991 -0.04140869123646692 -0.028549415602890427 0.032764866326015378 -0.037469043234586295 0.0024922502284524771 -0.0058695854954958345 -0.032298966743993462 0.012601526014536632 0.0058222772893349543 -0.0049865746946563018 0.020988786531864367 -0.058527512730486897 -0.0018584540606154127 -0.00881820176896966 0.013081571738500102 -0.052002839472596631 0.0014081043009449264 0.0081759626842473117 -0.037255228263061317
leaf_weight=5427.8314233504643 793.9847581164795 3142.1689918824704 1579.824482173557 184.42083515133709 175.16200462938286 3201.038686154694 7419.6461180929473 291.95624975173268 981.11447620613035 5853.9516927069053 1302.4282708200626 253.95664198981831 1629.0901061296026 179.7571332702646 1209.4714280654152 2734.9468509053113 6173.9971614684982 1476.1607003292011 6930.7652882260736 61575.93522557168 25418.536798652152 897.80279228556901 617.31208948872518 2847.1022947589809 1026.7612533011124 2091.0461958276574 291.01150760782184 11687.129868841381 1282.0798154084478 156.22100301308092
leaf_count=42335 6269 14058 73138 435 1370 111727 102303 1631 51278 16088 17730 9207 51994 2638 52957 11853 119373 28464 16110 155473 185978 2215 27041 28871 6048 5858 19933 31211 8378 1955
internal_value=0 0.00668548 -0.00653545 -0.00493093 -0.00415983 -0.0192038 -0.00578527 -0.00243169 -0.0303983 0.012138 -0.00700981 0.000498414 -0.0126349 -0.0112898 -0.028403 -0.00995351 -0.0122126 -0.0166137 0.00535227 0.00461802 -0.00156985 -0.00177795 -0.0358478 0.00342936 -0.00380041 0.00586764 -0.0315641 0.00280616 -0.00544567 0.00571196
internal_weight=158833 78515 80317.6 71301.8 69722 9015.82 63401.8 42578.8 1273.07 6320.13 5197.47 3895.04 20823.1 19194 1389.23 17804.8 15069.8 8895.81 75372.8 68442.1 41305.7 41121.3 3818.35 3641.09 28536.3 3117.81 466.174 12584.9 6709.91 61732.2
internal_count=1203919 238309 965610 764765 691627 200845 654236 284654 52909 37391 62077 44347 369582 317588 55595 261993 250140 130767 224251 208141 231745 231310 138768 35140 197884 11906 21303 33426 50713 157428
cat_boundaries=0 38 78 108 109 148 187 194 218 228 239
cat_threshold=0 0 6 0 4096 0 0 0 0 131072 0 0 0 0 0 0 0 0 0 0 0 0 0 224 0 0 0 0 0 0 0 0 0 41943040 0 67108864 0 1 8192 0 0 0 0 0 0 2097152 0 0 8388608 0 0 0 0 0 0 0 0 0 0 0 0 0 0 0 0 0 0 0 0 0 0 0 0 0 0 0 512 327680 0 0 2 0 0 0 0 0 0 131072 8388608 0 0 0 0 0 0 0 0 0 0 0 0 0 0 0 0 0 0 2147483648 3075 0 0 0 0 0 0 0 0 0 0 0 0 0 0 0 0 0 0 0 0 0 0 0 0 0 0 0 0 0 0 0 0 0 0 512 512 0 0 3221225472 8192 0 0 0 0 0 0 0 0 0 0 0 0 0 0 0 0 0 0 0 0 0 0 0 0 0 0 0 0 0 0 0 0 0 0 0 0 0 512 0 0 4 0 4096 0 4194304 0 0 6 0 0 0 0 0 0 0 0 0 0 0 0 0 0 0 0 0 0 0 0 64 0 0 4096 0 0 8388608 0 0 0 1 0 0 4 0 4096 0 0 0 0 131072 8388608
is_linear=0
shrinkage=0.05


Tree=32
num_leaves=31
num_cat=11
split_feature=160 223 162 180 170 160 173 160 195 160 196 176 160 161 170 160 221 173 40 173 160 164 195 164 224 167 166 173 193 173
split_gain=2267.69 794.627 766.243 690.623 606.469 656.33 344.143 380.608 323.689 403.083 262.312 213.499 192.105 180.075 172.75 304.855 221.58 205.998 153.337 143.889 133.177 361.974 212.169 271.63 133.788 133.148 126.419 121.214 115.836 114.098
threshold=0 1.0000000180025095e-35 3.0000000000000004 1.0000000180025095e-35 1.0000000180025095e-35 1 14.500000000000002 2 1.0000000180025095e-35 3 4 1.0000000180025095e-35 5 6 1.0000000180025095e-35 7 1.0000000180025095e-35 18.500000000000004 1.0000000180025095e-35 10.500000000000002 8 9 1.0000000180025095e-35 10 1.0000000180025095e-35 1.0000000180025095e-35 65.000000000000014 12.500000000000002 1.0000000180025095e-35 18.500000000000004
decision_type=9 2 2 2 2 9 2 9 2 9 1 2 9 9 2 9 2 2 2 2 9 9 2 9 2 2 2 2 2 2
left_child=2 3 14 4 5 6 -2 -8 25 -10 13 -4 -3 -7 15 17 -17 18 19 -1 22 -22 23 -12 -23 -6 -16 -21 -18 -5
right_child=1 12 11 29 8 10 7 -9 9 -11 20 -13 -14 -15 26 16 28 -19 -20 27 21 24 -24 -25 -26 -27 -28 -29 -30 -31
leaf_value=-0.0024240725557679605 -0.001142063969660578 0.0022023365889103585 0.031571858588193877 0.0023527387962327339 -0.0018994161059840552 0.041454433524776645 0.00065282208277694779 -0.027375139842752829 0.014758766440552573 -0.045731381961226877 0.0059008272102541517 0.012310909163201057 -0.047278870931433098 -0.0080112562391980897 -0.0028042479028935847 0.0042921120590731204 0.017685508482815953 -0.036470866014256809 0.0046836444496002006 -0.03741328965843204 -0.045392811582015517 -0.012436914686966567 -0.055333985624453685 -0.028996012257567788 -0.027775879259231497 -0.0229199421604451 0.015336347560751301 -0.0066613680485763842 0.062481741573205955 0.012876256771379994
leaf_weight=1829.2096281754784 21022.941655884235 235.28153463912895 3342.485958629637 8257.8151112399064 4016.7705030828365 178.9741511400789 2077.7694382716436 2909.3037824803032 5352.8943102778867 280.61905623803614 707.92223450611345 2529.4354911170522 1410.6071999138949 6782.9363431026431 1161.7742540170439 59222.589313437347 1847.5011796879116 529.48047058834345 2754.0815442447201 742.87566807994153 974.85198410894373 13625.789186009693 545.01854236188228 2642.2848414171895 1587.9054608180522 926.96575627487618 5524.019994094735 564.47012486477615 156.29167213104665 3744.0403440303635
leaf_count=8803 122178 5082 14418 24681 23098 435 15971 67918 12309 7078 12559 12356 79133 63049 5247 153053 5241 10342 15762 9121 86140 240861 29170 63178 51994 39280 9840 6334 543 8745
internal_value=0 -0.00611189 0.00588913 -0.00536453 -0.00743954 -0.00961903 -0.00394215 -0.0157515 0.00349232 0.011686 -0.0150711 0.0232775 -0.0404777 -0.00667838 0.00451611 0.00375816 0.00484482 -0.00660097 -0.0039236 -0.0114824 -0.0179752 -0.015947 -0.0263374 -0.0216897 -0.0140299 -0.00584376 0.0121834 -0.024147 0.0211967 0.00563642
internal_weight=157485 77280.7 80204.2 75634.8 63632.9 53055.7 26010 4987.07 10577.2 5633.51 27045.7 5871.92 1645.89 6961.91 74332.3 67646.5 61226.4 6420.12 5890.64 3136.56 20083.8 16188.5 3895.23 3350.21 15213.7 4943.74 6685.79 1307.35 2003.79 12001.9
internal_count=1203919 952859 251060 868644 835218 753453 206067 83889 81765 19387 547386 26774 84215 63484 224286 209199 158837 50362 40020 24258 483902 378995 104907 75737 292855 62378 15087 15455 5784 33426
cat_boundaries=0 39 78 117 118 119 159 169 193 233 244 254
cat_threshold=0 0 6 0 4096 0 0 0 0 131072 0 0 0 0 0 0 0 0 0 0 0 0 0 224 0 0 0 0 0 0 0 0 0 41943040 0 67109376 0 1 2147483648 0 0 0 0 0 0 0 0 0 0 0 0 0 0 0 0 0 0 0 0 0 0 0 0 0 0 0 0 0 2147483648 0 0 0 1073741824 512 0 1 8192 1073775104 0 0 0 0 0 0 0 0 0 0 0 0 0 0 0 0 0 0 0 0 0 0 0 0 0 0 0 0 0 2147483648 0 0 0 0 512 0 0 8192 1073741824 524320 11 0 0 0 0 0 0 0 0 0 0 0 0 0 0 0 0 0 0 0 0 0 0 0 0 0 0 0 0 0 0 0 0 0 0 512 0 0 0 1073741824 327680 0 0 4096 0 0 8388608 0 0 0 1 0 0 0 0 4096 0 0 0 0 0 0 0 0 0 0 0 0 0 0 0 0 0 0 128 8192 0 0 0 0 0 0 0 0 0 8388608 0 0 0 0 0 0 0 0 0 0 0 0 0 0 0 0 0 0 0 0 0 0 0 0 0 0 0 0 262144 0 0 0 0 4096 0 0 0 0 131072 8388608 0 0 4 0 4096 0 4194304 0 0 131072
is_linear=0
shrinkage=0.05


Tree=33
num_leaves=31
num_cat=8
split_feature=196 169 170 196 223 182 195 176 170 164 164 211 174 207 176 40 214 169 164 174 167 164 176 164 195 177 164 176 167 174
split_gain=2080.54 1266.03 503.779 648.029 457.207 498.797 318.2 298.764 202.186 208.035 167.558 154.324 161.353 239.671 135.325 139.559 129.373 126.509 183.905 125.969 124.445 123.617 119.232 118.684 113.51 110.16 110.106 147.445 179.842 116.886
threshold=0 1.0000000180025095e-35 1.0000000180025095e-35 1 1.0000000180025095e-35 1.0000000180025095e-35 1.0000000180025095e-35 1.0000000180025095e-35 1.0000000180025095e-35 2 3 7.5000000000000009 150.00000000000003 1.0000000180025095e-35 1.0000000180025095e-35 1.0000000180025095e-35 135.00000000000003 1.0000000180025095e-35 4 230.00000000000003 1.0000000180025095e-35 5 1.0000000180025095e-35 6 1.0000000180025095e-35 1.0000000180025095e-35 7 1.0000000180025095e-35 1.0000000180025095e-35 250.00000000000003
decision_type=1 2 2 1 2 2 2 2 2 9 9 2 2 2 2 2 2 2 9 2 2 9 2 9 2 2 9 2 2 2
left_child=1 8 3 4 5 11 20 25 9 -1 -8 12 13 -2 15 -6 17 18 -5 -20 23 -19 -13 -4 -23 -7 -21 29 -29 -28
right_child=2 -3 6 16 14 7 10 -9 -10 -11 -12 22 -14 -15 -16 -17 -18 21 19 26 -22 24 -24 -25 -26 -27 27 28 -30 -31
leaf_value=-0.0052731847239065703 -0.023728006976895998 0.037312546064927919 -0.019696068545642376 -0.03903522600301642 -0.046959760466865168 0.025464964805036124 0.013391350677983012 -0.0094489915472782335 0.012186197881072607 0.0039914197549591624 -0.029340355692012612 -0.0088083746782320841 -0.0093306366920514645 0.00047060980239537929 -0.010786745915933463 -0.016705184292757934 0.090441154507491642 -0.0027186032246792045 -0.022073079746368324 -0.021388795861133052 -0.022524889952362168 -0.015124947933508222 0.012091291776785338 0.0021407039034675962 -0.054298991022370013 -0.046071252024121247 0.017127522760369159 -0.022691515168869081 0.055042411901237015 -0.0076760505607877463
leaf_weight=6605.6515046172135 1131.3790247219149 2937.0325765826274 759.01057396823307 1078.6847142235783 922.35057600250002 2410.6610034671612 5363.360738746007 924.63566094008274 6824.5224880799651 72279.320971849127 230.70860956050456 1012.1032398912357 18595.485649833863 10656.249270642147 983.2991347648931 651.85905441935756 27.745043813250959 2740.2767204681877 6428.7555462935125 1850.3159024157503 910.07356756148511 1827.4326089344395 2091.5423823231831 3244.3846789813833 205.52940334926825 54.553904871456325 819.16099123039749 1347.306353989843 78.251296432979871 1128.7937845272827
leaf_count=51119 11750 14058 8906 54474 28658 5103 13307 4614 16138 200822 6080 6048 234606 43496 42960 20601 109 20749 147954 90264 39271 36026 5858 14173 10420 213 5612 50749 646 19135
internal_value=0 0.00503551 -0.00661536 -0.00847187 -0.00491126 -0.00349434 0.00344279 0.0147808 0.00392979 0.00321537 0.0115972 -0.00534467 -0.0064296 -0.00185246 -0.0253543 -0.0344442 -0.0164676 -0.0166494 -0.0192526 -0.0173709 -0.00584032 -0.00970368 0.00527395 -0.00204391 -0.0190068 0.0238709 -0.0116148 -0.00616838 -0.0184033 0.00275359
internal_weight=156120 88646.5 67473.9 56966.4 39434.1 36876.6 10507.5 3389.85 85709.5 78885 5594.07 33486.8 30383.1 11787.6 2557.51 1574.21 17532.3 17504.5 12731.3 11652.6 4913.47 4773.24 3103.65 4003.4 2032.96 2465.21 5223.83 3373.51 1425.56 1947.95
internal_count=1203919 282137 921782 840045 403907 311688 81737 9930 268079 251941 19387 301758 289852 55246 92219 49259 436138 436029 368834 314360 62350 67195 11906 23079 46446 5316 166406 76142 51395 24747
cat_boundaries=0 1 2 26 56 86 116 126 150
cat_threshold=199 3080 0 0 6 0 0 0 0 0 0 0 0 0 0 0 0 0 0 0 0 0 0 0 0 64 0 0 4 0 0 0 0 0 0 0 0 0 0 0 0 0 0 0 0 0 0 0 0 224 0 0 0 0 0 2147483648 0 0 2 0 0 0 0 0 0 0 8388608 0 0 0 0 0 0 0 0 0 0 0 0 32 0 0 0 0 0 2147483648 0 0 2 0 0 0 4194304 2097152 0 0 0 0 0 0 0 0 0 0 0 0 0 0 0 160 0 0 0 0 0 2147483648 0 0 6 0 0 0 0 0 0 131072 0 0 0 0 4096 0 0 0 0 131072 0 0 0 0 0 0 0 0 0 0 0 0 0 192
is_linear=0
shrinkage=0.05


Tree=34
num_leaves=31
num_cat=14
split_feature=160 169 160 164 173 196 170 160 223 167 160 164 173 40 173 164 167 164 173 160 170 164 164 170 173 40 160 222 164 169
split_gain=2199.76 1096.19 551.636 643.437 627.631 517.708 345.66 406.247 368.899 322.05 310.301 187.197 186.228 178.275 151.467 147.984 146.332 159.537 130.075 152.004 127.965 244.753 132.908 114.947 113.957 122.518 113.175 112.796 106.367 137.92
threshold=0 1.0000000180025095e-35 1 2 10.500000000000002 3 1.0000000180025095e-35 4 1.0000000180025095e-35 1.0000000180025095e-35 5 6 11.500000000000002 1.0000000180025095e-35 11.500000000000002 7 1.0000000180025095e-35 8 16.500000000000004 9 1.0000000180025095e-35 10 11 1.0000000180025095e-35 8.5000000000000018 1.0000000180025095e-35 12 1.0000000180025095e-35 13 1.0000000180025095e-35
decision_type=9 2 9 9 2 1 2 9 2 2 9 9 2 2 2 9 2 9 2 9 2 9 9 2 2 2 9 2 9 2
left_child=1 20 4 -4 10 12 7 8 14 11 15 -8 -5 -9 16 -2 17 -7 -15 -20 21 24 -22 -17 -1 -26 -16 -23 29 -19
right_child=2 -3 3 5 -6 6 9 13 -10 -11 -12 -13 -14 18 26 23 -18 28 19 -21 22 27 -24 -25 25 -27 -28 -29 -30 -31
leaf_value=0.0035756919777269261 -0.019416498341648526 0.036535850275705613 -0.037016830731990351 -0.019870779839746878 -0.033998076760020896 -0.044710882265822594 0.015194536909912043 0.0037914337665595019 -0.046648890668892419 -0.023486159432056706 -0.028188365374325217 -0.0019055736113099315 -0.0065381783078425869 -0.0070481469494926424 -0.0015726993002307039 0.0018408438675693536 -0.04177011889499524 -0.028930546343785776 -0.025802197879179579 0.0062656770552961157 0.014547461551642774 0.0052521425259788486 -0.003734673301980752 0.031807884061842477 -0.018660374922482199 -0.0014279803782310185 -0.018610889899323749 -0.037725065772612115 -0.0005658906751258363 -0.0045272811538573706
leaf_weight=2422.4969325342681 738.51998068747343 2827.1505284028244 1473.635325907584 5842.1401437375898 3550.1892700591416 226.110385510372 5654.0086014051922 15642.242888491819 638.977830278076 770.62560204381589 1239.1500847495627 2234.139755557233 4751.0057165083999 10044.013005172426 1271.7406200685073 2716.6645007274201 262.33443141571479 825.3517693230533 397.17062635940965 3960.9263943433762 5632.0507580027916 60852.301179728878 1207.3106058198027 362.31311715533957 2072.3345116349228 2054.5803654473857 4343.5141234703624 152.53421149775386 8940.9968180501019 1939.9799557443475
leaf_count=8794 13874 14058 73138 103657 138768 13759 11701 70004 39648 33941 17730 10574 95761 60318 29404 28440 9015 27075 10620 19396 10638 155473 5472 2033 25457 16462 99747 1955 44234 12773
internal_value=0 0.00597849 -0.00593202 -0.00444576 -0.0178644 -0.00373156 -0.00184842 -0.00349193 -0.00932935 0.00735298 -0.00656927 0.0103677 -0.0138791 9.55951e-05 -0.00799411 0.000522165 -0.00486424 -0.00405073 -0.00391806 0.00329461 0.00481773 0.00415772 0.0113353 0.00535598 -0.00502302 -0.0100837 -0.0147894 0.00514345 -0.00322212 -0.0117739
internal_weight=155047 77220.8 77825.8 69218.9 8606.84 67745.3 57152.1 48493.4 18449 8658.77 5056.65 7888.15 10593.1 30044.4 17810 3817.5 12194.8 11932.4 14402.1 4358.1 74393.6 67554.2 6839.36 3078.98 6549.41 4126.91 5615.25 61004.8 11706.3 2765.33
internal_count=1203919 238309 965610 764765 200845 691627 492209 435993 275655 56216 62077 22275 199418 160338 236007 44347 106856 97841 90334 30016 224251 208141 16110 30473 50713 41919 129151 157428 84082 39848
cat_boundaries=0 38 78 108 109 148 187 211 235 240 274 298 322 361 385
cat_threshold=0 0 6 0 4096 0 0 0 0 131072 0 0 0 0 0 0 0 0 0 0 0 0 0 224 0 0 0 0 0 0 0 0 0 41943040 0 67108864 0 1 8192 0 0 0 0 0 0 2097152 0 0 8388608 0 0 0 0 0 0 0 0 0 0 0 0 0 0 0 0 0 0 0 0 0 0 0 0 0 0 0 512 327680 0 0 2 0 0 0 0 0 0 131072 8388608 0 0 0 0 0 0 0 0 0 0 0 0 0 0 0 0 0 0 2147483648 536 524320 0 0 0 0 0 0 0 0 0 0 0 0 0 0 0 0 0 0 0 0 0 0 0 0 0 0 0 0 2147483648 0 0 0 0 0 0 1 0 1073774592 8192 0 0 0 0 0 0 0 0 0 0 0 0 0 0 0 0 0 0 0 0 0 0 0 0 0 0 0 0 0 0 0 0 0 0 0 0 0 512 0 0 0 0 4096 0 4194304 0 0 0 0 0 0 0 0 0 0 0 0 0 0 0 0 128 0 0 0 0 0 0 0 0 0 0 0 0 0 0 0 0 0 0 0 0 0 0 0 224 0 0 4 0 4096 0 0 0 0 0 0 0 0 0 0 0 0 0 0 0 0 0 0 0 0 0 0 0 0 0 0 0 0 0 0 0 0 0 1073741824 0 0 6 0 0 0 0 0 0 0 0 0 0 0 0 0 0 0 0 0 0 0 0 64 0 0 4 0 0 0 0 0 0 131072 0 0 0 0 0 0 0 0 0 0 0 0 0 64 32 0 0 0 0 0 0 0 0 0 0 0 0 0 0 0 0 0 0 0 0 0 0 0 0 0 0 0 0 2147483648 0 0 0 0 0 0 0 0 1073741824 0 0 0 0 0 0 0 0 0 0 0 0 0 0 0 0 0 0 0 0 0 0 0 96
is_linear=0
shrinkage=0.05


Tree=35
num_leaves=31
num_cat=11
split_feature=160 169 180 164 167 160 160 223 195 160 176 196 164 160 164 169 173 159 173 173 173 181 211 40 40 171 167 173 172 160
split_gain=2027.65 1019.34 503.266 499.799 730.736 530.516 437.672 389.965 375.929 226.66 285.795 284.871 255.866 205.046 267.174 194.691 278.839 190.181 193.287 163.224 139.401 111.608 103.613 104.286 101.567 100.413 100.204 98.1264 98.1228 93.0334
threshold=0 1.0000000180025095e-35 1.0000000180025095e-35 1 1.0000000180025095e-35 2 3 1.0000000180025095e-35 1.0000000180025095e-35 4 1.0000000180025095e-35 5 6 7 8 1.0000000180025095e-35 11.500000000000002 9 12.500000000000002 14.500000000000002 15.500000000000002 15.000000000000002 7.5000000000000009 1.5000000000000002 1.0000000180025095e-35 1.0000000180025095e-35 2.5000000000000004 14.500000000000002 1.0000000180025095e-35 10
decision_type=9 2 2 9 2 9 9 2 2 9 2 1 9 9 9 2 2 1 2 2 2 2 2 2 2 2 2 2 2 9
left_child=1 26 3 4 5 29 22 8 9 12 13 -12 -8 19 -15 16 -16 20 24 -11 -18 -4 -5 -24 28 27 -1 -10 -19 -2
right_child=2 -3 21 6 -6 -7 7 -9 25 10 11 -13 -14 14 15 -17 17 18 -20 -21 -22 -23 23 -25 -26 -27 -28 -29 -30 -31
leaf_value=0.0046839970498405948 0.018116673514172916 0.035788504535455193 0.020511832272708811 -0.0048417038293752154 -0.035507936181303226 -0.050943475094181068 -0.0032920867357082773 -0.045638899692551166 -0.036281935791826543 0.0030868683834367589 0.00024865869725635071 -0.023097772236893618 -0.027426033218019476 -0.041302393805324772 -0.015158199270056395 0.0076337376836095681 0.0020599446016006072 0.024609077565567555 -0.019892463764675645 -0.030582910456162439 0.032395503660927638 0.002262809036272601 0.0082606515626021289 -0.021766907335840961 -0.02921959170120499 -0.052336185927067028 -0.071645039595114327 0.021205894738248701 -0.031817541099740158 0.0067244696694253141
leaf_weight=74183.64010222326 3316.4863337064744 2722.4320411782828 905.23454872355796 17269.360248009471 1045.3766047758545 341.72376829356654 1573.847321399342 866.98413220893417 256.9090178294573 6287.2087289985502 1717.710603964133 5540.7153873094649 3731.4382684991288 619.5350761821901 8621.6807989018016 1748.3193660142133 924.70594629773404 635.83192250179127 1377.74728831416 381.29634891386377 641.41137090942357 11197.350888245157 2757.4486267569009 322.4655830131378 136.10935702116694 689.74503924592864 42.516490516252816 103.80686927703209 87.149810162722133 3985.4522941967007
leaf_count=223819 12747 14058 2215 147468 52134 11819 27009 57938 6415 42663 23042 179756 85193 22588 107330 9256 8078 2747 26611 12727 4574 31211 9567 2339 2846 54876 432 1059 1195 20207
internal_value=0 0.00574131 -0.0057313 -0.00747562 0.00368516 0.0090528 -0.0091975 -0.0125156 -0.0116996 -0.0107895 -0.00902416 -0.017604 -0.0202881 -0.00612597 -0.00940387 -0.00797961 -0.0101837 0.00109328 -0.00825094 0.00115704 0.0144017 0.00362898 -0.00333319 0.00511213 0.0103178 -0.0411549 0.00463973 -0.0197178 0.0177831 0.011918
internal_weight=154032 76948.6 77083.1 64980.5 8689.04 7643.66 56291.4 35942.2 35075.2 34024.7 28719.4 7258.43 5305.29 21461 14792.5 14173 12424.6 3802.96 2236.84 6668.51 1566.12 12102.6 20349.3 3079.91 859.091 1050.46 74226.2 360.716 722.982 7301.94
internal_count=1203919 238309 965610 932184 96907 44773 835277 675903 617965 555615 443413 202798 112202 240615 185225 162637 153381 46051 33399 55390 12652 33426 159374 11906 6788 62350 224251 7474 3942 32954
cat_boundaries=0 38 62 63 102 142 143 167 206 217 218 219
cat_threshold=0 0 6 0 4096 0 0 0 0 131072 0 0 0 0 0 0 0 0 0 0 0 0 0 224 0 0 0 0 0 0 0 0 0 41943040 0 67108864 0 1 0 0 0 0 0 0 4194304 2097152 0 0 0 0 0 0 0 0 0 0 0 0 0 0 0 128 524320 0 0 0 0 0 0 0 0 0 0 0 0 0 0 0 0 0 0 0 0 0 0 0 0 0 0 0 0 0 2147483648 0 0 0 1073741824 512 512 1 8192 3221225472 32 0 0 0 0 0 0 2097152 0 0 8388608 0 0 0 0 0 0 0 0 0 0 0 0 0 0 0 0 0 0 0 0 0 0 0 0 0 0 0 0 327680 9 0 0 4 0 4096 0 0 0 0 0 0 0 0 0 0 0 0 0 0 0 0 0 0 64 8192 0 0 0 0 0 0 0 0 0 0 0 0 0 0 0 0 0 0 0 0 0 0 0 0 0 0 0 0 0 0 0 0 0 0 0 0 0 33280 0 0 6 0 0 0 0 0 0 131072 8388608 13312 32
is_linear=0
shrinkage=0.05


Tree=36
num_leaves=31
num_cat=11
split_feature=160 169 223 163 196 176 160 160 160 176 160 204 173 169 160 214 170 160 221 173 165 222 160 210 173 160 173 167 176 196
split_gain=1877.93 951.925 502.763 480.352 669.502 431.829 352.482 341.743 234.888 228.496 194.601 194.271 204.768 156.296 142.895 142.086 138.253 167.037 176.792 174.942 318.06 207.684 194.809 134.302 120.213 116.294 135.313 112.27 111.263 107.199
threshold=0 1.0000000180025095e-35 1.0000000180025095e-35 4.5000000000000009 1 1.0000000180025095e-35 2 3 4 1.0000000180025095e-35 5 1.0000000180025095e-35 15.500000000000002 1.0000000180025095e-35 6 135.00000000000003 1.0000000180025095e-35 7 1.0000000180025095e-35 19.500000000000004 95.000000000000014 1.0000000180025095e-35 8 1.5000000000000002 14.500000000000002 9 11.500000000000002 1.0000000180025095e-35 1.0000000180025095e-35 10
decision_type=9 2 2 2 1 2 9 9 9 2 9 2 2 2 9 2 2 9 2 2 2 2 9 2 2 9 2 2 2 1
left_child=1 16 3 4 5 11 -4 9 -7 14 -11 12 -2 -5 -6 25 17 19 -19 20 23 24 -21 -1 -22 -9 29 -10 -28 -27
right_child=2 -3 6 13 7 8 -8 15 27 10 -12 -13 -14 -15 -16 -17 -18 18 -20 22 21 -23 -24 -25 -26 26 28 -29 -30 -31
leaf_value=-0.0035210614948006434 -0.005664557610490349 0.035017757016557537 -0.045396926066031851 -0.022277369791831682 0.0017171162068951415 0.022472578030751353 0.018117124913828265 -0.0084818952632537813 0.0048463935862679136 0.012492329662217512 -0.015483488054772952 -0.020303074233992534 0.018045807117091452 -0.009264437274493267 -0.020535651482225657 0.086338123057645169 0.011213235221101549 0.0044248827366406458 0.019867122838215637 0.0045557810139849062 0.043645284502838999 -0.035203886249341079 -0.033745924133792543 0.016210696773351282 0.008901128947655889 -0.016740905979230492 -0.0030618277613126783 -0.025627398671862131 -0.019977445354756186 -0.030990514004693305
leaf_weight=10549.01119772013 8344.2261112807173 2624.0838862020755 1230.5671393967204 4596.9025482243305 10959.568479117297 1971.5982593126828 263.25736715788662 5697.5126094772277 17608.583435187989 705.12863789068069 4937.9872378487198 1983.1926554481615 1021.5752478302456 4638.855637030676 761.70286775787827 34.717525013256818 6755.1289628619561 52844.98565813835 1920.6079408386722 563.78597474610433 728.54178767721169 128.78391735680634 801.56034268205985 938.57813690789044 379.13622508523986 3436.3392978344491 2226.6281742330757 306.97897307727544 1726.3245383291869 2268.342482716871
leaf_count=61929 59790 14058 79133 209509 54146 10909 4967 83256 56090 6509 66204 17033 8376 67195 6066 109 16110 130969 5784 3426 2198 1490 10011 2096 1042 64415 33146 18397 66259 43297
internal_value=0 0.00541403 -0.00566862 -0.00508337 -0.0035447 0.00169293 -0.0343807 -0.0085376 0.00613463 -0.00372352 -0.0119914 -0.00608838 -0.00307699 -0.0157427 0.000253732 -0.0139628 0.00438704 0.0037172 0.0049658 -0.00113849 0.000685664 0.0247761 -0.0181444 -0.00190783 0.0317669 -0.0142018 -0.0175481 0.00432084 -0.010452 -0.0224937
internal_weight=152954 78234.2 74720 73226.2 63990.4 31236.2 1493.82 32754.3 19887.2 17364.4 5643.12 11349 9365.8 9235.76 11721.3 15389.9 75610.1 68855 54765.6 14089.4 12724.1 1236.46 1365.35 11487.6 1107.68 15355.1 9657.63 17915.6 3952.95 5704.68
internal_count=1203919 249113 954806 870706 594002 170595 84100 423407 85396 132925 72713 85199 68166 276704 60212 290482 235055 218945 136753 82192 68755 4730 13437 64025 3240 290373 207117 74487 99405 107712
cat_boundaries=0 38 39 78 117 118 157 196 231 266 305 306
cat_threshold=0 0 6 0 4096 0 0 0 0 131072 0 0 0 0 0 0 0 0 0 0 0 0 0 224 0 0 0 0 0 0 0 0 0 41943040 512 67108864 0 1 2083 0 0 0 0 0 0 0 0 0 0 0 0 0 0 0 0 0 0 0 0 0 0 0 0 0 0 0 0 0 2147483648 0 0 0 1073741824 0 0 1 0 33280 0 0 0 0 0 0 0 0 0 0 0 0 0 0 0 0 0 0 0 0 0 0 0 0 0 0 0 0 0 2147483648 0 0 0 1073741824 0 512 1 0 3221258240 32 0 0 0 0 0 0 0 0 0 0 0 0 0 0 0 0 0 0 0 0 0 0 0 0 0 0 0 0 0 2147483648 0 0 0 0 0 512 0 0 3221225472 0 0 0 0 0 0 0 0 0 0 0 0 0 0 0 0 0 0 0 0 0 0 0 0 0 0 0 0 0 0 0 0 0 1073741824 0 0 1 0 2147516416 0 0 0 0 4096 0 0 0 0 0 0 0 0 0 0 0 0 0 0 0 0 0 0 128 0 0 0 0 0 0 0 0 0 33554432 512 0 0 0 0 0 0 0 0 0 0 0 0 0 0 0 0 0 0 0 0 0 0 0 0 0 0 0 0 0 0 0 0 0 33554432 512 0 0 0 0 0 0 0 0 0 0 0 0 0 0 0 0 0 0 0 0 0 0 0 0 0 0 0 0 0 0 0 0 0 0 0 0 1073741824 0 512 84
is_linear=0
shrinkage=0.05


Tree=37
num_leaves=31
num_cat=10
split_feature=160 223 165 163 196 176 176 160 160 160 176 204 173 214 170 160 173 221 173 166 40 164 160 160 195 211 173 160 167 181
split_gain=1781.47 668.78 512.169 448.116 627.656 397.892 317.461 519.23 295.171 230.723 182.909 176.767 185.598 151.997 140.044 256.594 169.83 160.749 125.966 124.993 120.266 110.155 181.297 175.822 144.176 108.726 108.629 143.658 104.041 108.464
threshold=0 1.0000000180025095e-35 95.000000000000014 4.5000000000000009 1 1.0000000180025095e-35 1.0000000180025095e-35 2 3 4 1.0000000180025095e-35 1.0000000180025095e-35 15.500000000000002 1.0000000180025095e-35 1.0000000180025095e-35 5 10.500000000000002 1.0000000180025095e-35 14.500000000000002 65.000000000000014 1.0000000180025095e-35 6 7 8 1.0000000180025095e-35 11.500000000000002 11.500000000000002 9 1.0000000180025095e-35 45.000000000000007
decision_type=9 2 2 2 1 2 2 9 9 9 2 2 2 2 2 9 2 2 2 2 2 9 9 9 2 2 2 9 2 2
left_child=2 3 14 4 5 11 7 18 -8 -7 -4 12 -2 26 15 16 -1 -17 -6 -16 -18 22 24 -23 -5 -13 -9 -28 29 -11
right_child=1 -3 10 21 6 9 8 13 -10 28 -12 25 -14 -15 19 17 20 -19 -20 -21 -22 23 -24 -25 -26 -27 27 -29 -30 -31
leaf_value=0.0016003080853791742 -0.0055491535903142708 -0.041091853589172604 0.029021832419203027 0.00066144193089854144 0.002432698504297059 0.022230431797710119 -0.0038438285224548364 -0.020224957611810382 -0.021896654911265606 0.0089955645856808382 0.0098500681469586276 -0.024828953772221996 0.017022946962229453 0.023067228032350912 -0.003892707576460631 0.003990949293004995 -0.025190378278910509 0.01878641255853862 -0.018465813574360581 0.01424134500251751 -0.0050498985349156453 -0.0099516998247418647 -0.043168311190717339 -0.034545565893974131 -0.050370280234733111 0.0071515176174323271 -0.02615343647969598 3.4975690032905858e-05 -0.025061920736388243 0.0010584072176853148
leaf_weight=3326.9671661983011 8283.4802721566557 1306.982475646364 2830.6242015415337 655.58317792153684 12235.977562658838 1928.4922490468307 3451.4777245759396 5321.7538064980872 6670.4201530717619 7702.0443943477585 2222.461610254948 1632.308302868827 1022.6032434548251 254.29521232022671 1149.7361730751581 59252.933291480294 1443.6610036994389 1894.2812080932781 765.66809663956519 5459.8171454144176 1524.9695391821442 6647.9410760111932 849.94389311528357 812.36898567032767 174.87829804298235 316.93372679059394 729.80273660345119 1797.9852230538381 301.01319697005965 9760.0067340279347
leaf_count=15382 59790 83498 13790 11847 56857 10909 44067 83066 168868 28978 12206 15551 8376 3986 5247 162666 20999 5784 16405 10253 14250 129268 86140 38118 11331 1482 16633 22663 18397 27112
internal_value=0 -0.00565411 0.00519076 -0.00500508 -0.0034852 0.00156179 -0.00848475 -0.00499566 -0.0157672 0.00584868 0.0205925 -0.00593636 -0.00306749 -0.014919 0.0041403 0.00345944 -0.00614603 0.0044488 0.00120001 0.0110861 -0.0148486 -0.0153418 -0.0269346 -0.0126752 -0.00998249 -0.0196261 -0.0161707 -0.00763094 0.00405449 0.00455972
internal_weight=151727 72622 79105.5 71315 62174.3 30946.9 31227.4 21105.5 10121.9 19691.6 5053.09 11255.3 9306.08 8103.84 74052.4 67442.8 6295.6 61147.2 13001.6 6609.55 2968.63 9140.72 1680.41 7460.31 830.461 1949.24 7849.54 2527.79 17763.1 17462.1
internal_count=1203919 943342 260577 859844 583140 170595 412545 199610 212935 85396 25996 85199 68166 126348 234581 219081 50631 168450 73262 15500 35249 276704 109318 167386 23178 17033 122362 39296 74487 56090
cat_boundaries=0 38 39 78 118 119 143 154 155 156 196
cat_threshold=0 0 6 0 4096 0 0 0 0 131072 0 0 0 0 0 0 0 0 0 0 0 0 0 224 0 0 0 0 0 0 0 0 0 41943040 512 67109376 0 1 2083 0 0 0 0 0 0 0 0 0 0 0 0 0 0 0 0 0 0 0 0 0 0 0 0 0 0 0 0 0 0 0 0 0 1073741824 0 0 1 0 2147516928 0 0 0 0 0 0 0 0 0 0 0 0 0 0 0 0 0 0 0 0 0 0 0 0 0 0 0 0 0 2147483648 0 0 0 1073741824 0 0 1073741824 0 3221225472 65536 32 0 0 0 0 4096 0 0 0 0 0 0 0 0 0 0 0 0 0 0 0 0 0 0 128 0 0 0 0 4096 0 0 0 0 131072 8388608 8192 524320 0 0 0 0 0 0 0 0 0 0 8388608 0 0 0 0 0 0 0 0 0 0 0 0 0 0 0 0 0 0 0 0 0 0 0 0 0 1073741824 0 0 327680
is_linear=0
shrinkage=0.05


Tree=38
num_leaves=31
num_cat=3
split_feature=196 169 170 196 223 182 176 195 170 211 190 214 176 40 189 173 40 173 196 216 177 165 222 173 181 40 169 188 173 176
split_gain=1400.81 889.303 440.023 505.077 305.344 439.395 266.047 249.034 164.9 147.27 141.507 131.704 121.726 125.754 113.642 120.156 132.976 113.062 188.617 107.052 105.534 104.32 170.206 217.901 100.074 93.4034 93.0341 104.009 92.7778 108.821
threshold=0 1.0000000180025095e-35 1.0000000180025095e-35 1 1.0000000180025095e-35 1.0000000180025095e-35 1.0000000180025095e-35 1.0000000180025095e-35 1.0000000180025095e-35 7.5000000000000009 1.0000000180025095e-35 135.00000000000003 1.0000000180025095e-35 1.0000000180025095e-35 1.0000000180025095e-35 10.500000000000002 1.0000000180025095e-35 8.5000000000000018 2 1.0000000180025095e-35 1.0000000180025095e-35 145.00000000000003 1.0000000180025095e-35 14.500000000000002 435.00000000000006 1.5000000000000002 1.0000000180025095e-35 1.0000000180025095e-35 12.500000000000002 1.0000000180025095e-35
decision_type=1 2 2 1 2 2 2 2 2 2 2 2 2 2 2 2 2 2 1 2 2 2 2 2 2 2 2 2 2 2
left_child=1 8 3 11 5 9 20 19 14 17 -9 26 13 -6 21 -16 28 18 -5 -4 -7 24 23 -23 -1 -11 27 -2 29 -17
right_child=2 -3 7 4 12 6 -8 10 -10 25 -12 -13 -14 -15 15 16 -18 -19 -20 -21 -22 22 -24 -25 -26 -27 -28 -29 -30 -31
leaf_value=0.0029922730321242188 -0.016000051839420645 0.033699114776300887 -0.00074069998505886503 -0.020879481864876225 -0.043998976768794718 0.024613663197040819 -0.0088424752846770552 -0.019060251761964075 0.010815725063212905 0.0087036741082051634 0.01377656186589103 0.083694473513831663 -0.0075614982052740354 -0.01354201503036725 0.0028952659062920012 -0.050356787038231703 -0.0010440599864932683 -0.0088296352142346306 -0.00071266537296034958 -0.020381697415404951 -0.044260085228418858 0.041803028474682292 -0.036624123308115576 0.00059174197185998248 -0.022110739610028556 -0.020328583966814681 -0.0088291438422642716 -0.034967300891039652 -0.010369552695904364 0.00051021422917738718
leaf_weight=70869.697286767288 11052.637687286042 2472.9732630703948 3835.9402912296355 1268.6306181971158 803.41060159227709 2349.6881500664167 902.25846956996247 351.14922580937855 6683.5971209726995 2693.3126443786896 4887.0490827421308 33.434980273246765 903.75808396380671 587.99785356149368 2429.3532966180937 459.86710483254865 1157.8413299705717 15540.950243645522 12425.850258166683 846.60631742732949 56.475176932290196 672.41060505644418 135.69074005755829 613.39516891632229 398.71448830887675 308.23620527121238 4555.6544332886115 773.86568266752874 559.14244928196422 135.99956276384182
leaf_count=202833 329140 14058 23079 14862 28658 5103 4614 7511 16138 9567 11876 109 42960 20601 11797 7197 11579 218368 56622 39271 213 2175 1837 1837 795 2339 67195 39694 10418 1473
internal_value=0 0.00414903 -0.00559772 -0.00736899 -0.00418725 -0.00304672 0.0143045 0.00408305 0.00328051 -0.0048278 0.0115727 -0.0146913 -0.0218622 -0.0311412 0.00262997 -0.00486864 -0.0130247 -0.00591074 -0.00259771 -0.00429466 0.0229862 0.00311927 0.0165296 0.0221549 0.00285161 0.00571773 -0.0149039 -0.017243 -0.0250246 -0.0387479
internal_weight=150766 86588.7 64176.9 54256.2 37840.6 35545.4 3308.42 9920.74 84115.7 32237 5238.2 16415.6 2295.17 1391.41 77432.1 4742.2 2312.85 29235.4 13694.5 4682.55 2406.16 72689.9 1421.5 1285.81 71268.4 3001.55 16382.2 11826.5 1155.01 595.867
internal_count=1203919 282137 921782 840045 403907 311688 9930 81737 268079 301758 19387 436138 92219 49259 251941 42464 30667 289852 71484 62350 5316 209477 5849 4012 203628 11906 436029 368834 19088 8670
cat_boundaries=0 1 2 3
cat_threshold=199 560 2056
is_linear=0
shrinkage=0.05


Tree=39
num_leaves=31
num_cat=8
split_feature=160 169 160 173 191 170 196 223 160 167 160 190 180 161 224 211 170 185 173 166 214 176 160 165 222 173 160 168 192 167
split_gain=1535.51 776.908 418.962 503.954 479.273 423.658 453.786 281.586 294.009 265.334 264.376 205.866 134.399 124.438 118.234 115.065 112.394 131.845 122.745 114.281 110.211 101.141 101.069 99.2065 158.892 183.951 102.954 148.079 123.347 110.735
threshold=0 1.0000000180025095e-35 1 10.500000000000002 1.0000000180025095e-35 1.0000000180025095e-35 2 1.0000000180025095e-35 3 1.0000000180025095e-35 4 1.0000000180025095e-35 1.0000000180025095e-35 5 1.0000000180025095e-35 7.5000000000000009 1.0000000180025095e-35 1.0000000180025095e-35 22.500000000000004 65.000000000000014 135.00000000000003 1.0000000180025095e-35 6 145.00000000000003 1.0000000180025095e-35 17.500000000000004 7 1.0000000180025095e-35 1.0000000180025095e-35 1.0000000180025095e-35
decision_type=9 2 9 2 2 2 1 2 9 2 9 2 2 9 2 2 2 2 2 2 2 2 9 2 2 2 9 2 2 2
left_child=1 16 3 10 5 6 7 12 -9 11 -2 -7 13 -4 20 -15 17 23 -19 -18 -8 -17 -5 26 25 -25 29 -28 -29 -1
right_child=2 -3 4 22 -6 9 14 8 -10 -11 -12 -13 -14 15 -16 21 19 18 -20 -21 -22 -23 -24 24 -26 -27 27 28 -30 -31
leaf_value=0.0063677574331871788 0.00090527708005216565 0.032970823736303223 0.039146022470940629 -0.013298020061909929 -0.040405848200721774 -0.0013071307695851225 -0.010713232762972383 0.035281493041630738 -0.041099796198700876 -0.021565642946730187 -0.026380798436708642 0.01585645617805968 0.0031417615591691921 -0.0048007587629959828 -0.025574222825756679 -0.0077814013820134663 -0.0041812563765186144 -0.0032274298593588423 -0.050169652062747594 0.013182296712309661 0.079451305374933584 0.01192676264788662 -0.035791029491052721 0.035151771748436623 -0.034645009519539402 -0.0073897612355665436 0.0011456554700246394 0.032395966891155002 -0.018772671914142277 -0.009543464148061084
leaf_weight=29516.558034420203 3653.755225604822 2390.8662436649902 161.13516965741292 672.32906320865004 884.86768518929603 2688.2946452753968 15443.572538019478 143.55383842578158 778.14595250826096 736.37282714419416 1162.494023073581 4986.2714369590394 11785.071189635142 22672.906503850325 1423.8302786745335 955.98869354184717 1142.6627377378754 4563.915117719298 143.16718492601649 5533.8017374635674 33.460148888174444 2036.6546826738631 2557.1032730558945 880.97529564169236 132.35750156024005 356.56558314175345 30526.568502849608 645.63134587649256 143.55173273570836 1134.8951253314735
leaf_count=82098 44347 14058 435 24054 57617 14347 311532 602 51465 34239 17730 10273 33426 176016 51994 6048 5247 37448 4610 10863 109 5858 114714 2816 1837 1196 84557 1047 891 2445
internal_value=0 0.00491608 -0.00520892 -0.0159641 -0.00386965 -0.00336349 -0.00495007 -0.00195147 -0.0292485 0.00709234 -0.00573465 0.00984394 -0.00128255 -0.00330163 -0.0117781 -0.00358294 0.00401878 0.00341119 -0.00466143 0.0102097 -0.0105154 0.00562914 -0.0312646 0.00401124 0.017319 0.0228925 0.00371683 0.0016983 0.0230761 0.00577644
internal_weight=149887 77111.5 72775.8 8045.68 64730.1 63845.3 55434.3 38533.5 921.7 8410.94 4816.25 7674.57 37611.8 25826.7 16900.9 25665.5 74720.6 68044.2 4707.08 6676.46 15477 2992.64 3229.43 63337.1 1369.9 1237.54 61967.2 31315.8 789.183 30651.5
internal_count=1203919 249113 954806 200845 753961 696344 637485 273850 52067 58859 62077 24620 221783 188357 363635 187922 235055 218945 42058 16110 311641 11906 138768 176887 5849 4012 171038 86495 1938 84543
cat_boundaries=0 38 78 79 115 154 164 204 242
cat_threshold=0 0 6 0 4096 0 0 0 0 131072 0 0 0 0 0 0 0 0 0 0 0 0 0 224 0 0 0 0 0 0 0 0 0 41943040 512 67108864 0 1 8192 0 0 0 0 0 0 2097152 0 0 8388608 0 0 0 0 0 0 0 0 0 0 0 0 0 0 0 0 0 0 0 0 0 0 0 0 0 0 0 512 327680 3075 0 0 0 0 0 0 0 0 0 0 0 0 0 0 0 0 0 0 0 0 0 0 0 0 0 0 0 0 0 0 0 0 0 0 0 512 8192 0 0 0 0 0 0 0 0 0 0 0 0 0 0 0 0 0 0 0 0 0 0 0 0 0 0 0 0 0 0 0 0 0 0 0 0 0 512 0 0 4096 0 0 8388608 0 0 0 1 0 0 0 0 0 0 0 0 0 0 0 0 0 0 0 0 0 0 0 0 0 0 0 0 0 0 0 0 0 0 0 0 0 0 0 0 0 0 0 327680 0 0 2 0 0 0 0 0 0 131072 0 0 0 0 0 0 0 0 0 0 0 0 0 64 0 0 0 0 0 0 0 0 0 8388608 0 67108864 0 1
is_linear=0
shrinkage=0.05


Tree=40
num_leaves=31
num_cat=8
split_feature=160 169 180 170 160 195 160 223 160 161 160 195 223 170 185 174 40 211 224 159 169 174 174 166 167 166 222 174 160 221
split_gain=1427.28 718.518 433.512 533.529 364.845 220.462 344.827 210.201 272.758 169.702 121.926 178.919 173.037 119.164 124.605 113.577 125.824 109.043 102.277 120.372 166.988 147.825 99.9987 93.4443 92.5635 92.1158 162.171 192.586 99.4945 151.747
threshold=0 1.0000000180025095e-35 1.0000000180025095e-35 1.0000000180025095e-35 1 1.0000000180025095e-35 2 1.0000000180025095e-35 3 4 5 1.0000000180025095e-35 1.0000000180025095e-35 1.0000000180025095e-35 1.0000000180025095e-35 210.00000000000003 1.0000000180025095e-35 7.5000000000000009 1.0000000180025095e-35 6 1.0000000180025095e-35 270.00000000000006 110.00000000000001 65.000000000000014 1.0000000180025095e-35 175.00000000000003 1.0000000180025095e-35 290.00000000000006 7 1.0000000180025095e-35
decision_type=9 2 2 2 9 2 9 2 9 9 9 2 2 2 2 2 2 2 2 1 2 2 2 2 2 2 2 2 9 2
left_child=1 13 3 4 7 24 -7 17 -9 -6 11 -11 18 14 25 -16 -17 -2 19 22 21 -21 -12 -15 -5 28 27 -27 -1 -30
right_child=2 -3 -4 5 9 6 -8 8 -10 10 12 -13 -14 23 15 16 -18 -19 -20 20 -22 -23 -24 -25 -26 26 -28 -29 29 -31
leaf_value=-0.0094671344428723346 -0.0049393683425773905 0.032205347603423203 0.0038451129148827888 -0.00070248006765409425 0.041323715662626631 0.013916367199516756 -0.045553704247231416 0.028499799030930553 -0.040801275809255376 -0.017966931527741186 0.0023013975667856572 -0.053046395163558836 -0.046720377247050859 -0.0028313477228011016 0.0029860565321887279 -0.024388132748999914 -0.00088004287434169685 0.0052388802922875045 -0.024503275715886393 -0.026318200933181952 -0.00665079407838539 -0.0094251948962388622 -0.0093723228516310979 0.013007543998242839 -0.019187236313081824 0.040434924648737047 -0.035481066064026658 0.0017382322402859582 0.0034390927941983017 0.018020135129501718
leaf_weight=1418.7798316495027 21538.342925197358 2313.4869807931827 11514.017638782156 3800.8808250752627 133.28620298719034 4934.4908408666961 246.62884798145387 169.24727378343232 745.58403412281768 3229.1827072107844 2395.5133517238137 409.56009342483594 351.05525679962011 1120.8326579900458 2407.886093551002 1133.6389154644858 1143.7189004035317 2996.7796006910503 1380.3323218360019 3505.1621126190439 3974.85322124089 2056.6966294777958 7821.3634100770141 5484.4816728113219 823.77967570733745 671.54603053443134 135.54195150028681 617.08658370026387 57933.507313195907 1840.7991681166459
leaf_count=8304 192123 14058 33426 23098 342 12309 7078 664 51403 83256 16976 29170 27855 5247 11664 18921 11473 11906 51994 123350 53491 94858 102227 10863 39280 2280 1955 1975 156589 5784
internal_value=0 0.0047688 -0.00504648 -0.00673926 -0.00880386 0.00393647 0.0110194 -0.00457208 -0.0281007 -0.0130606 -0.0133665 -0.0218634 -0.0119172 0.00391034 0.00328121 -0.00458303 -0.012587 -0.00369589 -0.0113434 -0.010423 -0.0144651 -0.0200737 -0.00662827 0.0103191 -0.00399792 0.00386976 0.0164394 0.021916 0.003577 0.00388771
internal_weight=148248 76221.3 72026.8 60512.7 50707 9805.78 5181.12 25450 914.831 25257 25123.7 3638.74 21485 73907.8 67302.5 4685.24 2277.36 24535.1 21133.9 19753.6 9536.71 5561.86 10216.9 6605.31 4624.66 62617.3 1424.17 1288.63 61193.1 59774.3
internal_count=1203919 249113 954806 921380 839615 81765 19387 256096 52067 583519 583177 112426 470751 235055 218945 42058 30394 204029 442896 390902 271699 218208 119203 16110 62378 176887 6210 4255 170677 162373
cat_boundaries=0 38 77 78 117 123 163 164 169
cat_threshold=0 0 6 0 4096 0 0 0 0 131072 0 0 0 0 0 0 0 0 0 0 0 0 0 224 0 0 0 0 0 0 0 0 0 41943040 512 67108864 0 1 0 0 0 0 0 0 0 0 0 0 0 0 0 0 0 0 0 0 0 0 0 0 0 0 0 0 0 0 0 2147483648 0 0 0 1073741824 0 512 1073741825 8192 3221258240 524320 0 0 0 0 0 0 0 0 0 0 0 0 0 0 0 0 0 0 0 0 0 0 0 0 0 0 0 0 0 0 0 0 0 0 0 512 0 0 1073741824 0 0 4096 0 0 8388608 8192 0 0 0 0 0 0 0 0 0 8388608 0 0 0 0 0 0 0 0 0 0 0 0 0 0 0 0 0 0 0 0 0 0 0 0 0 0 0 0 327680 25728 0 0 0 0 4096
is_linear=0
shrinkage=0.05


Tree=41
num_leaves=31
num_cat=14
split_feature=160 169 180 170 160 223 160 167 190 160 161 170 164 160 164 223 164 224 211 214 159 40 174 164 165 174 164 174 160 160
split_gain=1359.67 662.271 382.654 509.5 342.626 194.162 250.732 188.072 245.615 240.528 157.834 117.075 190.55 110.987 293.48 163.287 141.497 112.226 102.012 96.1619 111.309 117.19 96.2947 96.0256 89.268 118.951 89.2641 89.212 304.743 91.9141
threshold=0 1.0000000180025095e-35 1.0000000180025095e-35 1.0000000180025095e-35 1 1.0000000180025095e-35 2 1.0000000180025095e-35 1.0000000180025095e-35 3 4 1.0000000180025095e-35 5 6 7 1.0000000180025095e-35 8 1.0000000180025095e-35 7.5000000000000009 135.00000000000003 9 1.0000000180025095e-35 210.00000000000003 10 105.00000000000001 290.00000000000006 11 190.00000000000003 12 13
decision_type=9 2 2 2 9 2 9 2 2 9 9 2 9 9 9 2 9 2 2 2 1 2 2 9 2 2 9 2 9 9
left_child=1 11 3 4 5 18 -7 8 -5 -10 -6 12 -1 16 -15 17 -12 19 27 20 22 -22 -16 -13 -14 -26 -9 28 -2 -29
right_child=2 -3 -4 7 10 6 -8 26 9 -11 13 23 24 14 15 -17 -18 -19 -20 -21 21 -23 -24 -25 25 -27 -28 29 -30 -31
leaf_value=-0.0050144295600629898 0.0019549553844955209 0.031450575728583209 0.0034053670122018431 -0.0035434963859826253 0.040658989665385614 0.023235568646847764 -0.040667578385986641 0.029180101579562152 0.015141057155497691 -0.047566095509928852 -0.0026901902585369851 0.013206186267299436 0.0037999026916165166 -0.041689620764681523 -0.030189977401888841 -0.044759543176364998 -0.027004807717084564 -0.023900804330311685 0.0049776323078327862 0.074521040055495577 -0.003999804158679704 -0.012450407670957665 -0.0090142775551441626 -0.0019747298624346377 0.030690162855368915 0.00069482753005478801 -0.02345757928090356 0.007293715761280556 -0.018789684515772009 -0.0098680475732639116
leaf_weight=6345.5962386479805 9512.5386504937196 2239.0187806749018 11504.761983891251 3804.7518392713391 128.20054624089971 190.5280183267314 708.28428647133114 82.111705331481062 4944.2712482854258 148.22703025711235 789.86481669967179 5271.3623779122718 59336.089379428056 777.21075572043628 1105.1710010208481 342.29745391208417 2637.9914546296495 1346.0255085589451 3005.9794217235176 33.929617629386485 9339.0656386046903 7320.6730660593748 1046.4392043130501 1300.7841148627922 718.2806412121281 612.5850871874718 781.44074300228385 849.78676217846805 2164.3242350788205 8930.6976629174023
leaf_count=50713 36321 14058 33426 28742 342 789 51278 833 10273 2654 24364 9840 162296 86140 24993 28176 84400 51994 11906 109 122388 129424 31189 6270 3395 2541 39263 8318 22900 124584
internal_value=0 0.00466405 -0.00494643 -0.00654904 -0.00858034 -0.00448474 -0.0273044 0.00390337 0.00606631 0.0132467 -0.0127502 0.00384935 0.00322462 -0.0130443 -0.0116855 -0.0105289 -0.0214289 -0.00995245 -0.0036474 -0.00895531 -0.00910812 -0.00770913 -0.0198059 0.0102179 0.00408667 0.0168928 -0.0183665 -0.00485601 -0.00190472 -0.00837876
internal_weight=147318 75823.7 71494.6 59989.8 50229 25362.1 898.812 9760.8 8897.25 5092.5 24866.9 73584.7 67012.6 24738.7 21310.8 20533.6 3427.86 20191.3 24463.3 18845.3 18811.3 16659.7 2151.61 6572.15 60667 1330.87 863.552 21457.3 11676.9 9780.48
internal_count=1203919 249113 954806 921380 839615 256096 52067 81765 41669 12927 583519 235055 218945 583177 474413 388273 108764 360097 204029 308103 307994 251812 56182 16110 168232 5936 40096 192123 59221 132902
cat_boundaries=0 38 77 116 117 123 147 187 198 208 209 233 240 279 318
cat_threshold=0 0 6 0 4096 0 0 0 0 131072 0 0 0 0 0 0 0 0 0 0 0 0 0 224 0 0 0 0 0 0 0 0 0 41943040 512 67108864 0 1 0 0 0 0 0 0 0 0 0 0 0 0 0 0 0 0 0 0 0 0 0 0 0 0 0 0 0 0 0 2147483648 0 0 0 1073741824 0 512 1073741825 8192 3221258240 0 0 0 0 0 0 0 0 0 0 0 0 0 0 0 0 0 0 0 0 0 0 0 0 0 0 0 0 0 0 0 0 0 0 0 512 0 0 3221225472 524320 0 0 4096 0 0 8388608 0 0 6 0 0 0 0 0 0 0 0 0 0 0 0 0 0 0 0 0 0 0 0 64 8192 0 0 0 0 0 0 0 0 0 8388608 0 0 0 0 0 0 0 0 0 0 0 0 0 0 0 0 0 0 0 0 0 0 0 0 0 0 0 0 262144 0 0 0 0 4096 0 0 0 0 131072 8388608 0 0 4 0 4096 0 4194304 2097152 0 131072 4608 0 0 0 0 0 0 0 0 0 131072 0 0 0 0 0 0 0 0 0 0 0 0 0 64 0 0 4 0 4096 0 4194304 0 0 0 0 0 0 0 0 0 0 0 0 0 0 0 0 0 0 0 0 0 0 0 0 0 0 0 0 0 0 0 0 0 1073741824 0 0 1 0 32768 0 0 0 0 0 0 0 0 0 0 0 0 0 0 0 0 0 0 0 0 0 0 0 0 0 0 0 0 0 2147483648 0 0 0 0 0 512 0 0 3221225472
is_linear=0
shrinkage=0.05


Tree=42
num_leaves=31
num_cat=13
split_feature=160 169 180 170 160 223 195 160 160 164 195 164 161 170 164 167 164 164 173 160 195 173 40 164 165 222 173 160 221 193
split_gain=1262.85 610.931 354.411 481.195 351.656 259.316 212.761 254.758 161.107 307.351 172.736 185.053 126.577 113.134 174.627 92.9538 242.96 123.901 130.127 141.799 97.3232 88.0919 88.1332 87.5569 86.8063 144.977 156.314 88.4784 122.685 104.875
threshold=0 1.0000000180025095e-35 1.0000000180025095e-35 1.0000000180025095e-35 1 1.0000000180025095e-35 1.0000000180025095e-35 2 3 4 1.0000000180025095e-35 5 6 1.0000000180025095e-35 7 1.0000000180025095e-35 8 9 5.5000000000000009 10 1.0000000180025095e-35 7.5000000000000009 1.0000000180025095e-35 11 105.00000000000001 1.0000000180025095e-35 14.500000000000002 12 1.0000000180025095e-35 1.0000000180025095e-35
decision_type=9 2 2 2 9 2 2 9 9 9 2 9 9 2 9 2 9 9 2 9 2 2 2 9 2 2 2 9 2 2
left_child=1 13 3 4 -2 8 -5 -8 10 -10 11 -6 -11 14 21 17 -17 -14 19 -19 -20 -1 -23 -15 27 26 -26 -16 -29 -30
right_child=2 -3 -4 6 5 -7 7 -9 9 12 -12 -13 15 23 24 16 -18 18 20 -21 -22 22 -24 -25 25 -27 -28 28 29 -31
leaf_value=0.0039043649393746532 -0.0028529502279449831 0.030713079753186358 0.0033567839860395654 -0.0038586515817295914 0.006754128176028472 -0.0417618719603782 0.013391045250479395 -0.039980150764037908 -0.04097117106262449 0.036244520431945822 -0.052694924519479207 -0.023483714142165924 0.0039601574711729945 0.012926112196904897 -0.0085156569511186265 0.040797681723787137 -0.045473467321589363 0.0057589056984491266 -0.011016823697173245 -0.010446603694071962 -0.05051156087465819 -0.016019701028458861 -0.0017015973397098635 -0.0016549756084480274 0.040036963484509802 -0.034293771620195146 0.0035433923636830596 0.0036058999104693471 0.013461284761914501 0.059882258658440102
leaf_weight=2004.2283876040019 19260.161259918212 2169.6748327023233 11429.365877041768 4572.9915270623169 642.82679792394629 689.00818570509 4884.1753048906103 224.70133233297383 744.69158178263024 146.75000684708357 383.63169339115848 2362.5028836341226 1870.6018470599083 5234.9990412723273 1432.5776417365996 93.63940810225904 422.11477056302829 2631.2275433747564 18743.234821527702 2751.4818650846282 156.90820826421259 2127.192860662879 2173.7897386206896 1284.867857290199 601.27479850733653 125.02874640602386 573.51401115744375 54744.527141079976 1679.6909773822408 130.83591527957469
leaf_count=7075 158087 14058 33426 62378 12559 57938 12309 7078 86140 435 29170 66925 21825 9840 8578 967 21131 13457 334883 32393 13222 26421 17217 6270 2196 1848 1892 138417 5241 543
internal_value=0 0.00457361 -0.00471791 -0.00624219 -0.00818573 -0.0114273 0.00397464 0.0109869 -0.0107549 -0.00947742 -0.0210492 -0.0170699 -0.00858694 0.0037875 0.00316296 -0.00884798 -0.0298668 -0.00843612 -0.00938908 -0.00253285 -0.0113463 -0.00474334 -0.00878529 0.0100692 0.00400403 0.0167823 0.0222347 0.00371806 0.00402891 0.0168342
internal_weight=146292 74282.2 72010 60580.6 50898.8 31638.6 9681.87 5108.88 30949.6 27560.7 3388.96 3005.33 26816 72112.5 65592.7 26669.2 515.754 26153.5 24282.9 5382.71 18900.1 6305.21 4300.98 6519.87 59287.4 1299.82 1174.79 57987.6 56555.1 1810.53
internal_count=1203919 239596 964323 930897 849132 691045 81765 19387 633107 524453 108654 79484 438313 225538 209428 437878 22098 415780 393955 45850 348105 50713 43638 16110 158715 5936 4088 152779 144201 5784
cat_boundaries=0 39 78 79 119 130 140 150 174 181 205 244 268 273
cat_threshold=0 0 6 0 4096 0 0 0 0 131072 0 0 0 0 0 0 0 0 0 0 0 0 0 224 0 0 0 0 0 0 0 0 0 41943040 0 67108864 0 1 2147483648 0 0 0 0 0 0 0 0 0 0 0 0 0 0 0 0 0 0 0 0 0 0 0 0 0 0 0 0 0 2147483648 0 0 0 1073741824 512 512 1 8192 1073741824 524320 8192 0 0 0 0 0 0 2097152 0 0 8388608 0 0 0 0 0 0 0 0 0 0 0 0 0 0 0 0 0 0 0 0 0 0 0 0 0 0 0 0 327680 0 0 0 0 4096 0 0 0 0 131072 8388608 0 0 4 0 4096 0 4194304 0 0 131072 0 0 4096 0 0 8388608 0 0 0 1 0 0 6 0 0 0 0 0 0 0 0 0 0 0 0 0 0 0 0 0 0 0 0 64 0 0 4 0 0 0 4194304 0 0 0 0 0 0 0 2097152 0 0 0 0 0 0 0 0 0 0 0 0 0 0 0 128 524288 0 0 0 0 0 0 0 0 0 0 0 0 0 0 0 0 0 0 0 0 0 0 0 0 0 0 0 0 0 0 0 0 0 0 0 0 0 33280 0 0 0 0 0 0 0 0 0 131072 0 0 0 0 0 0 0 0 0 0 0 0 0 64 0 0 0 0 4096
is_linear=0
shrinkage=0.05


Tree=43
num_leaves=31
num_cat=12
split_feature=160 169 161 170 160 195 160 223 160 170 164 40 164 211 176 214 160 160 164 195 164 223 224 198 176 173 214 173 164 167
split_gain=1182.01 564.394 327.111 457.949 374.542 211.705 232.299 135.319 294.981 112.123 160.834 108.717 87.9986 87.9455 98.7603 87.7806 85.5982 85.163 247.749 170.141 163.829 142.476 100.916 90.5316 108.377 190.505 87.3647 85.0523 84.1552 84.1463
threshold=0 1.0000000180025095e-35 1 1.0000000180025095e-35 2 1.0000000180025095e-35 3 1.0000000180025095e-35 4 1.0000000180025095e-35 5 1.0000000180025095e-35 6 7.5000000000000009 1.0000000180025095e-35 135.00000000000003 7 8 9 1.0000000180025095e-35 10 1.0000000180025095e-35 1.0000000180025095e-35 1.0000000180025095e-35 1.0000000180025095e-35 13.500000000000002 55.000000000000007 22.500000000000004 11 1.0000000180025095e-35
decision_type=9 2 9 2 9 2 9 2 9 2 9 2 9 2 2 2 9 9 9 2 9 2 2 2 2 2 2 2 9 2
left_child=1 9 11 4 7 12 -7 13 -9 10 -1 -2 -5 -4 -15 17 -14 19 -19 20 -6 22 23 29 25 -25 -26 -16 -11 -20
right_child=2 -3 3 5 15 6 -8 8 -10 28 -12 -13 16 14 27 -17 -18 18 21 -21 -22 -23 -24 24 26 -27 -28 -29 -30 -31
leaf_value=-0.0045411659081038792 0.0068027741683880623 0.029966478857799513 -0.0041063868769675594 0.0010596985238572104 0.0063607033368163748 0.013040671800553676 -0.039122527871524287 0.019089394164759934 -0.039758472388520628 0.012778889371872729 0.003879898108930867 -0.0022348395909645717 -0.0031362219065024658 -0.0082011223459112024 0.013772615239632639 0.068187837980329499 -0.026544964354534378 -0.040201175379705967 -0.0071067800120119739 -0.052283458660539676 -0.022049616678145995 -0.043947928402519904 -0.023279689956077352 -0.019573684844095017 -0.041278703948380346 0.027884007255616367 0.0069546757506343902 -0.031165906325498056 -0.0015678124607834056 -0.027965301650018145
leaf_weight=6266.0037823991006 6975.1158392874058 2103.7485363726155 19906.503850708745 2962.0032011506264 641.37964702019235 4864.0020338305039 213.61723801249173 302.92592554946896 680.79834682686487 5199.4372323334683 58915.378260115132 6361.3807982780272 897.19759018326295 950.77359826123575 1923.2673047302524 33.180379869416356 696.90182497697242 713.01644214868429 16433.368137720397 364.25198408224969 2415.2467689189652 310.8355615763212 1310.3864797440328 1079.6132825558016 631.00908966275165 262.40678197599482 109.91822067850444 110.85950887249783 1275.6989485550439 497.93108461945667
leaf_count=50713 20211 14058 162507 17294 12559 12309 7078 1569 51340 9840 157428 24374 20818 6048 5343 109 24266 86140 255134 29170 71103 27855 51994 19617 28199 3895 4065 515 6270 22098
internal_value=0 0.0044427 -0.00457366 -0.00618939 -0.00816169 0.00376927 0.0107902 -0.00368546 -0.0218414 0.0036937 0.00307016 0.00248976 -0.0040545 -0.00290617 0.00509586 -0.0124637 -0.0134798 -0.0125783 -0.0113838 -0.0199368 -0.0161378 -0.0103679 -0.00985817 -0.00893236 -0.0187698 -0.0102836 -0.0341166 0.011314 0.00996901 -0.00772131
internal_weight=145408 73760.3 71647.9 58311.4 48677.7 9633.72 5077.62 23875.1 983.724 71656.5 65181.4 13336.5 4556.1 22891.4 2984.9 24802.5 1594.1 24769.4 21348.5 3420.88 3056.63 20635.5 20324.6 19014.2 2082.95 1342.02 740.927 2034.13 6475.14 16931.3
internal_count=1203919 238309 965610 921025 839260 81765 19387 227322 52909 224251 208141 44585 62378 174413 11906 611938 45084 611829 498997 112832 83662 412857 385002 333008 55776 23512 32264 5858 16110 277232
cat_boundaries=0 38 72 111 112 151 175 199 200 240 251 261 285
cat_threshold=0 0 6 0 4096 0 0 0 0 131072 0 0 0 0 0 0 0 0 0 0 0 0 0 224 0 0 0 0 0 0 0 0 0 41943040 0 67108864 0 1 0 0 4096 0 0 8388608 0 0 0 1 0 0 0 0 0 0 0 0 0 0 0 0 0 0 0 0 0 0 0 0 0 0 0 65536 0 0 0 0 0 0 0 0 0 0 0 0 0 0 0 0 0 0 0 0 0 0 0 0 0 0 0 0 0 2147483648 0 0 0 1073741824 512 512 1 8192 3221258240 524320 0 0 0 0 0 0 0 0 0 0 0 0 0 0 0 0 0 0 0 0 0 0 0 0 0 0 0 0 0 0 0 0 0 0 512 512 0 0 2147483648 0 0 6 0 0 0 0 0 0 0 0 0 0 0 0 0 0 0 0 0 0 0 0 64 0 0 0 0 4096 0 4194304 0 0 0 8388608 0 0 0 0 0 0 0 0 0 0 0 0 96 8224 8192 0 0 0 0 0 0 2097152 0 0 8388608 0 0 0 0 0 0 0 0 0 0 0 0 0 0 0 0 0 0 0 0 0 0 0 0 0 0 0 0 327680 0 0 0 0 4096 0 0 0 0 131072 8388608 0 0 4 0 4096 0 4194304 0 0 131072 0 0 0 0 0 0 0 0 0 131072 0 0 0 0 0 0 0 0 0 0 0 0 0 64
is_linear=0
shrinkage=0.05


Tree=44
num_leaves=31
num_cat=13
split_feature=160 169 170 159 160 223 173 195 160 160 176 160 40 160 173 170 164 40 160 173 40 164 160 173 173 164 161 214 181 173
split_gain=1197.05 514.492 309.731 406.564 316.716 302.26 216.321 210.023 197.554 195.677 146.82 204.911 132.298 112.882 109.224 103.809 158.432 102.866 93.8752 82.1885 87.9481 80.7962 78.1375 132.719 114.49 78.0116 76.361 76.3324 76.1423 78.3308
threshold=0 1.0000000180025095e-35 1.0000000180025095e-35 1 2 1.0000000180025095e-35 11.500000000000002 1.0000000180025095e-35 3 4 1.0000000180025095e-35 5 1.5000000000000002 6 4.5000000000000009 1.0000000180025095e-35 7 1.0000000180025095e-35 8 9.5000000000000018 1.0000000180025095e-35 9 10 7.5000000000000009 10.500000000000002 11 12 135.00000000000003 15.000000000000002 23.500000000000004
decision_type=9 2 2 1 9 2 2 2 9 9 2 9 2 9 2 2 9 2 9 2 2 9 9 2 2 9 9 2 2 2
left_child=1 15 3 27 5 6 9 21 -9 14 11 -6 -11 -8 -5 16 19 26 -12 -1 -21 -4 24 -24 -23 -17 -13 -2 -20 -30
right_child=2 -3 7 4 10 -7 13 8 -10 12 18 17 -14 -15 -16 25 -18 -19 28 20 -22 22 23 -25 -26 -27 -28 -29 29 -31
leaf_value=0.0020848848913769653 -0.013168828625596247 0.02923606062814851 0.00081886452281467272 0.011911663536763883 -0.017085933936232499 -0.03785526526919672 -0.01027503308750918 0.012782568271130347 -0.036796198690402987 -0.021842155499795277 -0.0084977249039679872 -0.016814754056677064 0.01592217322816444 -0.025544507111990435 -0.0027522554889424246 0.012543635098208461 0.0039827011735267754 -0.0067441538764984217 0.0084171712776711788 -0.017686526591376619 -0.0018120594360524459 0.023938850357825031 -0.041207197277429407 -0.0068408319536734713 -0.040850531539794378 -0.001335015007871299 0.0068803421129412599 0.063512276382479263 -0.00024410655607763415 0.014169964052901841
leaf_weight=2734.1931714813109 15205.259387212347 2041.0930732815177 2961.5077977643232 1502.8850431309547 2611.0014825878316 849.71153730725928 3597.182448768508 4848.1663785051787 200.09320492588449 1885.5574853854196 1748.9336795614072 365.39612286293413 263.90901705349097 1860.8897827140754 8173.7963991927099 5171.1109079488087 58583.900343426401 3877.2677925575408 5542.262265675643 1689.0391403354733 1806.1230482193059 267.47481189522659 442.30003131786361 770.45522563735722 90.938746079074917 1263.0314997327514 3631.2551801447771 32.015957335010171 9527.5358475998219 1045.4468245262979
leaf_count=10913 436435 14058 17294 4895 23432 71523 66068 12309 7078 30953 25513 2630 4682 60908 46711 9840 157428 28853 31341 24249 15551 2213 8564 29806 4501 6270 18581 109 28864 2347
internal_value=0 0.00448702 -0.00461206 -0.00591112 -0.00358463 -0.00874336 -0.0073159 0.00375101 0.0107655 -0.00351499 -0.000282577 -0.0049795 -0.0171209 -0.0155494 -0.000473299 0.00377837 0.00317687 -0.000940633 0.00247378 -0.00439982 -0.00948627 -0.00406054 -0.0131796 -0.0192319 0.00725017 0.00983599 0.00468607 -0.0129968 0.00366802 0.00118127
internal_weight=144590 73288.5 71301.2 61720.3 46483 18133.9 17284.2 9580.94 5048.26 11826.1 28349.1 10484.9 2149.47 5458.07 9676.68 71247.4 64813.3 7873.92 17864.2 6229.36 3495.16 4532.68 1571.17 1212.76 358.414 6434.14 3996.65 15237.3 16115.2 10573
internal_count=1203919 238309 965610 883845 447301 285740 214217 81765 19387 87241 161561 73496 35635 126976 51606 224251 208141 50064 88065 50713 39800 62378 45084 38370 6714 16110 21211 436544 62552 31211
cat_boundaries=0 38 39 79 80 119 158 198 222 256 280 281 305 339
cat_threshold=0 0 6 0 4096 0 0 0 0 131072 0 0 0 0 0 0 0 0 0 0 0 0 0 224 0 0 0 0 0 0 0 0 0 41943040 0 67108864 0 1 21248 0 0 0 0 0 0 0 0 0 0 8388608 0 0 0 0 0 0 0 0 0 0 0 0 0 0 0 0 0 0 0 0 0 0 0 0 0 1073741825 0 33280 327680 524320 0 0 0 0 0 0 0 0 0 0 0 0 0 0 0 0 0 0 0 0 0 0 0 0 0 0 0 0 0 0 0 0 0 0 0 0 1 0 33280 0 0 0 0 0 0 0 0 0 0 0 0 0 0 0 0 0 0 0 0 0 0 0 0 0 0 0 0 0 2147483648 0 0 0 0 0 512 0 8192 1073741824 0 0 0 0 0 0 0 0 0 0 0 0 0 0 0 0 0 0 0 0 0 0 0 0 0 0 0 0 0 0 0 0 0 0 0 0 1073741825 0 0 327680 0 0 6 0 0 0 0 0 0 0 0 0 0 0 0 0 0 0 0 0 0 0 0 64 0 0 0 0 0 0 0 0 0 0 0 0 0 0 0 0 0 0 0 0 0 0 0 0 0 0 0 0 0 0 0 0 0 1073741824 0 0 0 0 4096 0 4194304 0 0 0 8388608 0 0 0 0 0 0 0 0 0 0 0 0 96 8192 0 0 0 0 0 0 0 0 0 131072 0 0 0 0 0 0 0 0 0 0 0 0 0 64 0 0 1024 0 0 0 0 0 0 1 0 0 0 128 0 0 0 0 0 0 0 0 0 0 0 0 0 0 0 0 0 0 0 16384
is_linear=0
shrinkage=0.05


Tree=45
num_leaves=31
num_cat=11
split_feature=160 223 166 160 180 160 164 195 167 164 173 160 167 164 164 170 161 169 173 192 222 170 160 210 176 190 160 221 193 224
split_gain=1029.68 425.381 372.338 481.686 338.424 220.423 316.011 290.348 183.058 179.189 170.236 157.882 140.793 136.465 135.341 168.141 125.393 123.495 120.391 117.252 142.397 112.683 113.495 124.844 99.1108 97.7757 96.98 95.2449 96.5048 94.0562
threshold=0 1.0000000180025095e-35 95.000000000000014 1 1.0000000180025095e-35 2 3 1.0000000180025095e-35 1.0000000180025095e-35 4 14.500000000000002 5 1.0000000180025095e-35 6 7 1.0000000180025095e-35 8 1.0000000180025095e-35 16.500000000000004 1.0000000180025095e-35 1.0000000180025095e-35 1.0000000180025095e-35 9 1.5000000000000002 1.0000000180025095e-35 1.0000000180025095e-35 10 1.0000000180025095e-35 1.0000000180025095e-35 1.0000000180025095e-35
decision_type=9 2 2 9 2 9 9 2 2 9 2 9 2 9 9 2 9 2 2 2 2 2 9 2 2 2 9 2 2 2
left_child=2 4 3 13 5 6 -2 9 17 18 12 -12 14 -1 -8 -16 -11 19 -7 20 -4 22 23 -5 -21 -10 -18 -24 -29 -28
right_child=1 -3 8 21 -6 7 10 -9 25 16 11 -13 -14 -15 15 -17 26 -19 -20 24 -22 -23 27 -25 -26 -27 29 28 -30 -31
leaf_value=-0.026551941534627855 -0.038415073471960715 -0.036717501864181365 0.017196858287895241 -0.0032214598265249577 0.0034831162077794235 0.01702669240839453 -0.014193026396365563 -0.046659469421349527 0.0038571484619146184 0.039080634358226965 -0.020907912356862561 -0.0040877829684271248 -0.028266626134504924 -0.0073351639182778171 -0.00060498626770836682 0.013490885901120776 -0.020051196168600287 0.023053484997398663 -0.034458897166358485 0.0098555312704241022 -0.037778914534003255 0.0099394740683280986 0.0034847018195371358 0.014231700476877102 -0.0232530819992278 -0.032815697606303276 -0.0081300070172280036 0.012110378691838621 0.058360920500298868 -0.022351549179686618
leaf_weight=1435.1000390398403 619.89530369918793 1032.8219056590169 2830.3479283928173 10670.119021235587 11192.014641517511 934.17519672826165 1558.9297157019028 531.91358808751102 520.42535743699409 117.58521032286808 2144.132099519542 4008.7665719846118 450.35584167751949 2639.5016669152828 18104.649807983718 2394.9243130611721 2426.7089674346498 3502.6181568012107 128.71945970028173 482.32613475591643 122.38754411932314 6207.4801543662325 50384.593161783603 1132.8904808114748 424.37307186564431 278.5625889354269 14384.302064066927 1650.751729991287 120.69960829708725 1265.1322056071804
leaf_count=41764 41868 83498 20064 76617 33426 10663 31004 36248 4383 342 48599 63697 19922 30452 116412 5998 69234 22254 5648 2319 1778 15087 125486 2525 3820 15026 218007 5241 543 51994
internal_value=0 -0.00490696 0.00365021 0.00253618 -0.0043622 -0.00615169 -0.00339243 -0.0102273 0.0137877 -0.00922485 -0.002621 -0.00999184 -0.000606908 -0.0141555 -4.13404e-05 0.00104134 -0.010388 0.0162548 0.0106733 0.0100813 0.0149105 0.00350716 0.00288327 -0.00154399 -0.00563945 -0.0089349 -0.0107326 0.00388482 0.0152801 -0.00927478
internal_weight=143697 61295 82402.2 74241.1 60262.2 49070.2 29281.7 19788.5 8161.04 19256.6 28661.8 6152.9 22508.9 4074.6 22058.5 20499.6 18193.7 7362.05 1062.89 3859.43 2952.74 70166.5 63959.1 11803 906.699 798.988 18076.1 52156 1771.45 15649.4
internal_count=1203919 836560 367359 297715 753062 719636 327500 392136 69644 355888 285632 112296 173336 72216 153414 122410 339577 50235 16311 27981 21842 225499 210412 79142 6139 19409 339235 131270 5784 270001
cat_boundaries=0 38 43 82 93 123 162 186 210 216 252 292
cat_threshold=32 0 6 0 4096 0 0 0 0 131072 0 0 0 0 0 0 0 0 0 0 0 0 0 224 0 0 0 0 0 0 0 0 0 41943040 512 67109376 0 1 32 0 0 0 4096 524288 0 0 0 0 0 0 0 0 0 0 0 0 0 0 0 0 0 0 0 0 0 0 0 0 0 0 0 0 2147483648 0 0 0 1073741824 0 0 1 8192 3221258240 0 0 0 0 0 0 0 0 0 131072 8388608 0 0 4 0 4096 0 4194304 0 0 131072 8388608 0 0 0 0 0 0 0 0 0 0 0 0 0 0 0 0 0 0 2147483648 0 0 0 0 0 0 0 0 0 0 0 0 0 0 0 0 0 0 0 0 0 0 0 0 0 0 0 0 0 0 0 0 0 1073741824 0 0 1 0 32768 0 0 2 0 0 0 0 0 0 131072 0 0 0 0 0 0 0 0 0 0 0 0 0 32 0 0 6 0 4096 0 0 0 0 0 0 0 0 0 0 0 0 0 0 0 0 0 0 64 0 0 4096 0 0 8388608 0 0 0 0 0 0 0 0 0 0 0 0 0 0 0 0 0 0 0 0 0 0 0 128 0 0 0 0 0 0 0 0 0 33554432 512 512 8192 0 0 0 0 0 0 2097152 0 0 8388608 0 0 0 0 0 0 0 0 0 0 0 0 0 0 0 0 0 0 0 0 0 0 0 0 0 0 0 0 262144
is_linear=0
shrinkage=0.05


Tree=46
num_leaves=31
num_cat=12
split_feature=160 166 160 180 160 164 195 223 167 170 169 164 176 196 160 40 173 40 164 173 159 159 173 173 170 160 211 210 160 222
split_gain=979.608 349.237 441.222 329.144 207.622 287.602 271.01 227.348 226.515 201.587 169.447 156.556 128.661 237.829 205.518 112.653 112.586 112.164 108.986 106.187 273.685 116.48 203.231 111.766 103.605 101.48 99.2392 98.7009 97.2009 149.742
threshold=0 95.000000000000014 1 1.0000000180025095e-35 2 3 1.0000000180025095e-35 1.0000000180025095e-35 1.0000000180025095e-35 1.0000000180025095e-35 1.0000000180025095e-35 4 1.0000000180025095e-35 5 6 1.5000000000000002 16.500000000000004 1.5000000000000002 7 11.500000000000002 8 9 12.500000000000002 15.500000000000002 1.0000000180025095e-35 10 7.5000000000000009 1.5000000000000002 11 1.0000000180025095e-35
decision_type=9 2 9 2 9 9 2 2 2 2 2 9 2 1 9 2 2 2 9 2 1 1 2 2 2 9 2 2 9 2
left_child=1 2 -1 4 5 18 7 11 9 15 28 16 14 -14 17 26 -6 -13 -2 20 -16 23 -23 -21 25 27 -7 -4 29 -3
right_child=3 10 24 -5 6 8 -8 -9 -10 -11 -12 12 13 -15 19 -17 -18 -19 -20 21 -22 22 -24 -25 -26 -27 -28 -29 -30 -31
leaf_value=-0.013558739010716117 -0.037367408349880761 0.013314497284369762 -0.0033667517620351475 0.0030598640781769443 0.016613649464240716 -0.0028138596285889571 -0.046099253918691151 -0.039446641540121979 -0.035085525911587201 0.010216121363164545 0.02160298862663167 -0.026833005816540384 0.001269170727593271 -0.021277274095956623 0.0018664570327753763 -0.011106536466036772 -0.03348874546393147 0.0020491052207562816 -0.013179182848904012 0.0023722354564927883 -0.01434531426025841 0.015185159163439899 -0.016801971303659662 0.03147834839251732 0.0096457670354586286 0.0037685717569507756 0.0077156678725356261 0.012136380089592095 -0.0062157400802281618 -0.039372168547542712
leaf_weight=4012.012624602401 594.71112391630595 3258.9363843207539 9238.546939787062 11139.787842452381 932.74841240089154 13695.385105162364 502.40808334961184 597.54023773640074 493.0414749680931 3493.7084168876754 3588.6296454842086 1734.4104373269074 1593.5110636902973 4436.2664460760934 4732.4880743564863 3390.6419755130119 126.9112314140657 416.45848635828588 2258.8859278634482 792.34779096767306 5778.0796255843525 811.18796648795251 1278.3497078410583 565.12864062312292 6198.9439907302149 52045.509367658597 2674.0985409168061 1154.4132008131128 1057.6289871362969 140.1609255016665
leaf_count=72216 41868 35157 65153 33426 10663 125066 36248 57938 30795 8726 26116 31870 23042 161778 24939 49743 5648 9074 56716 7558 82947 6784 29382 4246 15087 131270 9567 2525 6281 2090
internal_value=0 0.00363176 0.00253745 -0.00472375 -0.00642834 -0.00337149 -0.00976914 -0.00900502 -0.00156519 -0.000854188 0.0135164 -0.00821984 -0.00911677 -0.0153516 -0.00678788 -0.00281195 0.0104964 -0.021141 -0.0183404 -0.00455661 -0.00705746 0.00305417 -0.0043602 0.0143942 0.00347995 0.0028682 -0.00109328 -0.00164216 0.00700221 0.0111024
internal_weight=142733 80694.8 72649.4 62038.1 50898.3 26600.5 24297.8 23795.4 23746.9 23253.8 8045.36 23197.9 22138.2 6029.78 16108.5 19760.1 1059.66 2150.87 2853.6 13957.6 10510.6 3447.01 2089.54 1357.48 68637.4 62438.5 16369.5 10393 4456.73 3399.1
internal_count=1203919 355895 286251 848024 814598 322481 492117 455869 223897 193102 69644 397931 381620 184820 196800 184376 16311 40944 98584 155856 107886 47970 36166 11804 214035 198948 134633 67678 43528 37247
cat_boundaries=0 38 43 82 106 136 137 177 188 189 190 225 230
cat_threshold=32 0 6 0 4096 0 0 0 0 131072 0 0 0 0 0 0 0 0 0 0 0 0 0 224 0 0 0 0 0 0 0 0 0 41943040 512 67108864 0 1 32 0 0 0 4096 524288 0 0 0 0 0 0 0 0 0 0 0 0 0 0 0 0 0 0 0 0 0 0 0 0 0 0 0 0 2147483648 0 0 0 1073741824 0 512 1 8192 3221225472 0 0 6 0 4096 0 0 0 0 131072 8388608 0 0 0 0 0 0 0 0 0 0 0 0 64 0 0 4 0 4096 0 4194304 0 0 131072 8388608 0 0 0 0 0 0 0 0 0 0 0 0 0 0 0 0 0 0 2147483648 9 0 0 0 0 0 0 0 0 0 0 8388608 0 0 0 0 0 0 0 0 0 0 0 0 0 0 0 0 0 0 0 0 0 0 0 0 0 1073741824 0 0 327680 0 0 0 0 0 0 0 0 0 131072 8388608 1152 12288 0 0 0 0 0 0 0 0 0 0 0 0 0 0 0 0 0 0 0 0 0 0 0 128 0 0 0 0 0 0 0 0 0 33554432 512 32 0 0 0 4096
is_linear=0
shrinkage=0.05


Tree=47
num_leaves=31
num_cat=7
split_feature=196 169 170 196 223 182 176 182 195 40 170 164 164 211 173 164 173 207 173 173 165 40 214 40 164 40 161 165 173 222
split_gain=847.593 449.92 348.569 340.453 221.403 369.88 248.902 191.589 179.776 130.603 106.235 110.263 95.471 93.2414 96.1226 92.4754 91.9131 133.352 91.3326 81.6522 86.8732 79.36 76.3421 73.1041 69.8532 68.6881 68.0335 63.8733 149.544 151.993
threshold=0 1.0000000180025095e-35 1.0000000180025095e-35 1 1.0000000180025095e-35 1.0000000180025095e-35 1.0000000180025095e-35 1.0000000180025095e-35 1.0000000180025095e-35 1.0000000180025095e-35 1.0000000180025095e-35 2 3 7.5000000000000009 22.500000000000004 4 7.5000000000000009 1.0000000180025095e-35 10.500000000000002 9.5000000000000018 75.000000000000014 1.0000000180025095e-35 135.00000000000003 1.0000000180025095e-35 5 1.5000000000000002 6 105.00000000000001 17.500000000000004 1.0000000180025095e-35
decision_type=1 2 2 1 2 2 2 2 2 2 2 9 9 2 2 9 2 2 2 2 2 2 2 2 9 2 9 2 2 2
left_child=1 10 3 22 5 13 18 -6 24 -9 11 19 -10 16 25 -12 17 -5 -7 -1 -21 -22 23 -2 -4 -15 -13 -28 29 -29
right_child=2 -3 8 4 7 6 -8 9 12 -11 15 26 -14 14 -16 -17 -18 -19 -20 20 21 -23 -24 -25 -26 -27 27 28 -30 -31
leaf_value=0.0022969186457329747 -0.0097652618759780513 0.027421795603397355 0.0016036704195836705 -0.019048118584634649 -0.011683620342464516 0.028897877699575716 -0.0090203689205733233 -0.0636708841801404 0.012468008278133241 0.005132928298862899 0.011926446838135681 -0.014289496899609858 -0.022438887859445384 0.0086133703650778243 -0.037466157200282534 -0.0030452910363917489 -0.0074435496018221588 0.00022919115219531756 0.0073991700805264172 0.0069247143254621314 -0.021734565703478662 -0.0048414080963064873 0.064459815349944008 -0.016919459836958622 -0.011706986504966823 -0.01784149315876863 0.0027138282584741238 0.032971408191263048 -0.012096112584441555 -0.031723880690874083
leaf_weight=2696.9172273374861 8713.5585463124371 1888.4487465653219 2889.0296308272227 986.93272484967747 1627.190401909058 1597.752133066766 877.33838044269942 334.47931854322087 4661.8140704972029 86.598792668839451 5103.9482773330528 568.71730117383413 196.07617226621369 2580.542577356915 131.98343826236669 1292.1814827937633 16878.816500350673 9803.0301529726712 716.6616826527752 664.06615191930905 1375.3373654501193 1407.9798229517182 31.617934233509004 6060.9093665653199 1484.6876862267964 270.5653850461822 65794.425020030176 776.2540060498286 380.1649734712264 102.32228435156867
leaf_count=11021 218223 14058 17266 11750 86672 3210 4614 4534 13185 1013 9868 4578 6202 9106 652 6270 234606 43496 2106 3506 22830 13762 109 217806 45084 2148 190308 2845 1706 1385
internal_value=0 0.00330147 -0.00451989 -0.00614786 -0.00351235 -0.00254692 0.0136499 -0.0194745 0.00441501 -0.0495195 0.00273343 0.00219732 0.0110354 -0.00423384 0.00416331 0.00891487 -0.00513941 -0.0015344 0.022246 -0.00421128 -0.00931595 -0.0131931 -0.0125252 -0.0127009 -0.0029375 0.00609841 0.00277993 0.002927 0.0140832 0.0254173
internal_weight=141980 82050.8 59929.6 50698 35891.9 33843.6 3191.75 2048.27 9231.61 421.078 80162.3 73766.2 4857.89 30651.9 2983.09 6396.13 27668.8 10790 2314.41 6144.3 3447.38 2783.32 14806.1 14774.5 4373.72 2851.11 67621.9 67053.2 1258.74 878.576
internal_count=1203919 282137 921782 840045 403907 311688 9930 92219 81737 5547 268079 251941 19387 301758 11906 16138 289852 55246 5316 51119 40098 36592 436138 436029 62350 11254 200822 196244 5936 4230
cat_boundaries=0 1 2 26 56 80 104 138
cat_threshold=199 560 0 0 6 0 0 0 0 0 0 0 0 0 0 0 0 0 0 0 0 0 0 0 0 64 0 0 4 0 0 0 0 0 0 0 0 0 0 0 0 0 0 0 0 0 0 0 0 192 0 0 0 0 0 2147483648 0 0 0 0 0 0 0 0 0 131072 0 0 0 0 0 0 0 0 0 0 0 0 0 64 0 0 0 0 4096 0 4194304 0 0 0 8388608 0 0 0 0 0 0 0 0 0 0 0 0 96 0 0 1024 0 0 0 0 0 0 0 262144 0 0 128 0 0 0 0 0 0 0 0 0 0 0 0 0 0 0 0 0 0 0 16384
is_linear=0
shrinkage=0.05


Tree=48
num_leaves=31
num_cat=11
split_feature=160 196 166 160 173 160 160 176 169 173 161 195 221 170 195 173 166 160 176 193 164 166 163 169 164 168 160 163 40 160
split_gain=915.316 301.73 299.76 389.236 246.608 548.798 414.09 227.424 150.973 118.336 135.898 110.349 98.1718 100.51 95.528 128.848 94.0016 84.4759 118.175 83.6339 82.5466 80.8765 75.2838 84.1371 108.152 75.1154 71.6398 71.4249 71.1384 66.8455
threshold=0 1 95.000000000000014 2 10.500000000000002 3 4 1.0000000180025095e-35 1.0000000180025095e-35 14.500000000000002 5 1.0000000180025095e-35 1.0000000180025095e-35 1.0000000180025095e-35 1.0000000180025095e-35 16.500000000000004 95.000000000000014 6 1.0000000180025095e-35 1.0000000180025095e-35 7 65.000000000000014 4.5000000000000009 1.0000000180025095e-35 8 1.0000000180025095e-35 9 4.5000000000000009 1.0000000180025095e-35 10
decision_type=9 1 2 9 2 9 9 2 2 2 9 2 2 2 2 2 2 9 2 2 9 2 2 2 9 2 9 2 2 9
left_child=2 7 3 -1 5 22 14 9 17 -2 -11 26 13 20 15 -6 -13 -4 -19 -14 25 -15 23 29 -25 28 -8 -10 -5 -3
right_child=1 4 8 12 6 -7 11 -9 27 10 -12 16 19 21 -16 -17 -18 18 -20 -21 -22 -23 -24 24 -26 -27 -28 -29 -30 -31
leaf_value=-0.012780274875471662 -0.011752311135808411 0.00627534463563481 0.010417347888160674 -0.011790620073070775 -0.017641472428820065 -0.018064847144893415 -0.012991339282455475 0.0037408624422295526 0.02353524560247644 0.039721074400955167 -0.0047857442970232339 -0.046432197716642372 0.012223692236621432 -0.0032366031458970386 -0.053037782836511005 -0.039701058141119572 0.0058158806587413339 0.009443965149175412 -0.02436398385724645 0.056940282495992756 0.0029788990475012461 0.011759200349175783 -0.0071909349230522071 -0.024599985413758987 0.020314109405087391 0.012553033571769984 -0.004981029746561564 0.0033778728462214346 0.00066830655552192698 -0.0014713649133352633
leaf_weight=3952.72852889348 4357.684915864309 3744.3564979808143 3362.778546190515 2390.6949529077538 2075.8617098733812 5278.1056597591523 6722.5195378711433 14145.174903379404 2950.8648533397354 240.40288114873692 540.05128723563394 89.862348324444611 1600.1439737346955 1091.2126780916005 329.81579765456263 973.68590081429284 1814.2125997813419 568.95876157144085 472.70043090265244 111.52546214964241 56403.006079909988 5089.4218585914932 2911.0834489680274 146.5845458698459 1007.0711349329795 632.26673307112651 4849.0088233779825 517.26113372965483 2198.2378226195578 10767.321160740656
leaf_count=72216 32719 19810 37247 25297 67644 106151 178170 49650 18781 1134 5355 9587 5241 5247 27041 68708 9167 2393 3888 543 159398 9840 70960 1379 4308 4308 111755 7335 15625 73022
internal_value=0 -0.00468486 0.00345543 0.00246213 -0.00712516 -0.0038553 -0.0117566 0.000467746 0.0127282 -0.00854067 0.00938126 -0.00780973 0.00333034 0.00303212 -0.0273862 -0.0246918 0.00333588 0.00658114 -0.00584142 0.0151559 0.00242231 0.00911078 0.000191784 0.00156434 0.0145576 -0.00358795 -0.00965097 0.0205312 -0.0058219 0.000530583
internal_weight=141335 59992.8 81341.8 73469.2 40709.5 23854.5 16855 19283.3 7872.56 5138.14 780.454 13475.6 69516.5 67804.8 3379.36 3049.55 1904.07 4404.44 1041.66 1711.67 61624.2 6180.63 18576.4 15665.3 1153.66 5221.2 11571.5 3468.13 4588.93 14511.7
internal_count=1203919 836560 367359 297715 747702 275630 472072 88858 69644 39208 6489 308679 225499 219715 163393 136352 18754 43528 6281 5784 204628 15087 169479 98519 5687 45230 289925 26116 40922 92832
cat_boundaries=0 38 39 44 83 122 156 161 185 196 236 270
cat_threshold=32 0 6 0 4096 0 0 0 0 131072 0 0 0 0 0 0 0 0 0 0 0 0 0 224 0 0 0 0 0 0 0 0 0 41943040 512 67109376 0 1 2051 32 0 0 0 4096 532480 0 0 0 0 0 0 0 0 0 8388608 0 0 0 0 0 0 0 0 0 0 0 0 0 0 0 0 0 0 0 0 0 0 1073741824 0 0 1 0 33280 8192 0 0 0 0 0 0 0 0 0 8388608 0 0 0 0 0 0 0 0 0 0 0 0 0 0 0 0 0 0 0 0 0 0 0 0 0 0 0 33280 0 0 4096 0 0 8388608 0 0 0 0 0 0 0 128 0 0 0 0 0 0 0 0 0 0 0 0 0 0 0 0 0 0 0 32768 32 0 0 0 4096 0 0 2 0 0 0 0 0 0 0 0 0 0 0 0 0 0 0 0 0 0 0 0 64 0 0 4 0 4096 0 0 0 0 131072 8388608 524288 0 0 0 0 0 0 2097152 0 0 0 0 0 0 0 0 0 0 0 0 0 0 0 0 0 0 0 0 0 0 0 0 0 1073741824 0 0 1 0 0 262144 8192 0 0 0 0 0 0 0 0 0 0 0 0 0 0 0 0 0 0 0 0 0 0 0 0 0 0 0 0 0 0 0 0 1073741824
is_linear=0
shrinkage=0.05


Tree=49
num_leaves=31
num_cat=9
split_feature=160 166 160 196 176 170 160 167 173 160 223 173 161 173 190 169 176 214 160 164 195 164 223 170 165 173 167 192 222 221
split_gain=878.791 270.177 352.805 262.567 202.987 199.209 226.813 166.551 146.688 107.603 180.305 107.385 122.489 104.073 102.098 101.291 96.2501 101.356 88.2843 126.976 113.534 104.634 104.045 84.3606 109.926 115.514 98.4347 82.8993 112.309 82.0751
threshold=0 95.000000000000014 1 2 1.0000000180025095e-35 1.0000000180025095e-35 3 1.0000000180025095e-35 9.5000000000000018 4 1.0000000180025095e-35 14.500000000000002 5 14.500000000000002 1.0000000180025095e-35 1.0000000180025095e-35 1.0000000180025095e-35 1.0000000180025095e-35 6 7 1.0000000180025095e-35 8 1.0000000180025095e-35 1.0000000180025095e-35 75.000000000000014 18.500000000000004 1.0000000180025095e-35 1.0000000180025095e-35 1.0000000180025095e-35 1.0000000180025095e-35
decision_type=9 2 9 1 2 2 9 2 2 9 2 2 9 2 2 2 2 2 9 9 2 9 2 2 2 2 2 2 2 2
left_child=1 2 -1 4 11 6 8 15 -5 13 -11 -2 -13 -10 -9 27 17 18 20 -20 21 -8 -21 24 29 26 -26 28 -3 -4
right_child=3 7 23 5 -6 -7 16 14 9 10 -12 12 -14 -15 -16 -17 -18 -19 19 22 -22 -23 -24 -25 25 -27 -28 -29 -30 -31
leaf_value=-0.012084072386500595 -0.011361314556277084 0.015171575927830942 0.003017974620386053 -0.00047123187257896759 0.0033765260700048512 0.0018931052602781254 0.0041457967666549229 0.0039631532688174983 -0.010206439682422533 -0.0092159597723000652 -0.041736432312342829 0.037516733978327256 -0.0047163488740434422 0.024894799981421162 -0.03375664256718907 0.021186393645825346 -0.018095173315055606 0.022011243586376916 -0.042398254319122662 -0.0069087966096548457 -0.05189954106878613 -0.024846138680205857 -0.044017997087972077 0.0089128553413413535 -0.00653550099218246 -0.03398973908301782 0.013516251585386524 -0.0044496470377304682 -0.035557364939039007 0.014187735125248034
leaf_weight=3916.1191497166728 4305.1000663010636 2785.7955902960675 56098.307543117393 10516.388606870692 14155.628549164947 5721.4593915535661 456.82561901438748 495.30929137329804 412.25692148436792 7350.6355853126006 452.13797020063066 241.38755883951671 536.88119666138664 431.72261810599593 280.52530187027878 3252.5793145831849 5170.6577530784489 243.36191568506183 261.85258599824738 9090.4790734309499 255.79297119379044 974.82125665058265 192.47271736865514 6156.4574874023674 3155.4935742600937 317.39430227303819 758.70842469658237 864.44088194699725 113.03210240969202 1694.1158505172934
leaf_count=72216 32719 20064 153788 58743 49650 56697 8717 4383 3889 111785 44580 1134 5355 4286 15026 22254 230884 3986 28013 142172 24295 23505 16327 15087 27640 8575 4448 6139 1778 5784
internal_value=0 0.00344675 0.00249115 -0.00453092 0.00029843 -0.00676773 -0.00815355 0.012292 -0.00443619 -0.0092627 -0.0110894 -0.00827105 0.00881309 0.00765649 -0.00968204 0.0147232 -0.0124223 -0.00987591 -0.0105682 -0.00867155 -0.0211112 -0.0157379 -0.00767282 0.00332975 0.00277597 -0.00500213 -0.00264627 0.00913364 0.013186 0.00334561
internal_weight=140658 79888.3 72096.6 60769.9 19239 41530.9 35809.4 7791.68 19163.1 8646.75 7802.77 5083.37 778.269 843.98 775.835 7015.85 16646.3 11475.6 11232.2 9544.8 1687.44 1431.65 9282.95 68180.5 62024 4231.6 3914.2 3763.27 2898.83 57792.4
internal_count=1203919 357182 287538 846737 88858 757879 701182 69644 223283 164540 156365 39208 6489 8175 19409 50235 477899 247015 243029 186512 56517 32222 158499 215322 200235 40663 32088 27981 21842 159572
cat_boundaries=0 39 44 45 84 123 157 197 208 232
cat_threshold=32 0 6 0 4096 0 0 0 0 131072 0 0 0 0 0 0 0 0 0 0 0 0 0 224 0 0 0 0 0 0 0 0 0 41943040 512 67108864 0 1 2147483648 32 0 0 0 4096 2051 0 0 0 0 0 0 0 0 0 0 0 0 0 0 0 0 0 0 0 0 0 0 0 0 0 0 0 0 0 2147483648 0 0 0 1073741824 0 512 1073741825 0 1073774592 0 0 0 0 0 0 0 0 0 0 0 0 0 0 0 0 0 0 0 0 0 0 0 0 0 0 0 0 0 2147483648 0 0 0 0 0 512 0 0 1073741824 0 0 4096 0 0 8388608 0 0 0 0 0 0 0 128 0 0 0 0 0 0 0 0 0 0 0 0 0 0 0 0 0 0 0 32768 8192 0 0 0 0 0 0 0 0 0 0 0 0 0 0 0 0 0 0 0 0 0 0 0 0 0 0 0 0 0 0 0 0 0 0 0 0 0 0 327680 0 0 6 0 4096 0 0 0 0 131072 8388608 0 0 6 0 4096 0 0 0 0 131072 0 0 0 0 0 0 0 0 0 0 0 0 0 64
is_linear=0
shrinkage=0.05


end of trees

feature_importances:
candidate_card_id=261
candidate_target_id=161
post_action_hand_count=159
candidate_target_is_active=80
candidate_target_appear_this_turn=69
post_action_ko_estimate=69
trainer_low_deck_risk=69
candidate_fills_energy=61
candidate_target_energy=55
opp_active_special_energy=50
action_type=48
post_action_powerful_hand_damage=39
candidate_attack_id=34
candidate_target_hp=32
xerosic_opp_hand_value=31
candidate_target_max_hp=27
ability_low_deck_risk=27
candidate_inplay_area=24
attack_lethal_estimate=21
end_has_attack_ready_penalty=19
bench_early_game_value=17
candidate_is_route_card=14
target_is_alakazam=12
retreat_active_damage_value=12
option_type=10
candidate_fills_missing_abra=9
is_trainer=9
is_retreat=8
candidate_area=7
attack_overkill_estimate=6
target_is_dunsparce=6
hammer_opp_active_special_energy_value=6
candidate_hand_cost=5
energy_target_existing_energy_value=5
candidate_target_is_bench=4
breaks_current_ko_estimate=4
is_boss=4
energy_target_is_alakazam_value=4
target_is_dudunsparce=3
candidate_target_special_energy=2
powerful_hand_attack_option=2
candidate_is_alakazam=2
target_is_kadabra=2
is_evolve=2
is_xerosic=2
is_bench=2
candidate_is_abra=1
candidate_is_rare_candy=1
target_is_abra=1
is_end=1
boss_opp_bench_low_hp_value=1

parameters:
[boosting: gbdt]
[objective: lambdarank]
[metric: ndcg]
[tree_learner: serial]
[device_type: cpu]
[data_sample_strategy: bagging]
[data: ]
[valid: ]
[num_iterations: 50]
[learning_rate: 0.05]
[num_leaves: 31]
[num_threads: 4]
[seed: 741]
[deterministic: 0]
[force_col_wise: 0]
[force_row_wise: 0]
[histogram_pool_size: -1]
[max_depth: -1]
[min_data_in_leaf: 40]
[min_sum_hessian_in_leaf: 0.001]
[bagging_fraction: 0.85]
[pos_bagging_fraction: 1]
[neg_bagging_fraction: 1]
[bagging_freq: 0]
[bagging_seed: 9664]
[bagging_by_query: 0]
[feature_fraction: 0.85]
[feature_fraction_bynode: 1]
[feature_fraction_seed: 7560]
[extra_trees: 0]
[extra_seed: 5152]
[early_stopping_round: 0]
[early_stopping_min_delta: 0]
[first_metric_only: 0]
[max_delta_step: 0]
[lambda_l1: 0.1]
[lambda_l2: 0.5]
[linear_lambda: 0]
[min_gain_to_split: 0]
[drop_rate: 0.1]
[max_drop: 50]
[skip_drop: 0.5]
[xgboost_dart_mode: 0]
[uniform_drop: 0]
[drop_seed: 20317]
[top_rate: 0.2]
[other_rate: 0.1]
[min_data_per_group: 100]
[max_cat_threshold: 32]
[cat_l2: 10]
[cat_smooth: 10]
[max_cat_to_onehot: 4]
[top_k: 20]
[monotone_constraints: ]
[monotone_constraints_method: basic]
[monotone_penalty: 0]
[feature_contri: ]
[forcedsplits_filename: ]
[refit_decay_rate: 0.9]
[cegb_tradeoff: 1]
[cegb_penalty_split: 0]
[cegb_penalty_feature_lazy: ]
[cegb_penalty_feature_coupled: ]
[path_smooth: 0]
[interaction_constraints: ]
[verbosity: -1]
[saved_feature_importance_type: 0]
[use_quantized_grad: 0]
[num_grad_quant_bins: 4]
[quant_train_renew_leaf: 0]
[stochastic_rounding: 1]
[linear_tree: 0]
[max_bin: 255]
[max_bin_by_feature: ]
[min_data_in_bin: 3]
[bin_construct_sample_cnt: 200000]
[data_random_seed: 2458]
[is_enable_sparse: 1]
[enable_bundle: 1]
[use_missing: 1]
[zero_as_missing: 0]
[feature_pre_filter: 1]
[pre_partition: 0]
[two_round: 0]
[header: 0]
[label_column: ]
[weight_column: ]
[group_column: ]
[ignore_column: ]
[categorical_feature: 27,35,154,159,160,161,164,196]
[forcedbins_filename: ]
[precise_float_parser: 0]
[parser_config_file: ]
[objective_seed: 17010]
[num_class: 1]
[is_unbalance: 0]
[scale_pos_weight: 1]
[sigmoid: 1]
[boost_from_average: 1]
[reg_sqrt: 0]
[alpha: 0.9]
[fair_c: 1]
[poisson_max_delta_step: 0.7]
[tweedie_variance_power: 1.5]
[lambdarank_truncation_level: 30]
[lambdarank_norm: 1]
[label_gain: ]
[lambdarank_position_bias_regularization: 0]
[eval_at: 1,2,3,4,5]
[multi_error_top_k: 1]
[auc_mu_weights: ]
[num_machines: 1]
[local_listen_port: 12400]
[time_out: 120]
[machine_list_filename: ]
[machines: ]
[gpu_platform_id: -1]
[gpu_device_id: -1]
[gpu_use_dp: 0]
[num_gpu: 1]

end of parameters

pandas_categorical:null
