tree
version=v4
num_class=1
num_tree_per_iteration=1
label_index=0
max_feature_idx=253
objective=lambdarank
feature_names=turn turn_action_count first_player_is_self energy_attached retreated stadium_played supporter_played self_hand_count self_deck_count self_prize_count self_bench_count opp_hand_count opp_deck_count opp_prize_count opp_bench_count self_total_energy opp_total_energy self_total_hp opp_total_hp self_status_count opp_status_count early_game mid_game late_game deck_low_10 deck_low_5 current_powerful_hand_damage self_active_id self_active_hp self_active_max_hp self_active_damage self_active_energy self_active_special_energy self_active_tool_count self_active_appear_this_turn opp_active_id opp_active_hp opp_active_max_hp opp_active_damage opp_active_energy opp_active_special_energy opp_active_tool_count opp_active_appear_this_turn self_bench_open self_bench_min_hp self_bench_max_hp self_bench_max_energy self_bench_total_damage self_bench_damaged_count self_bench_low_hp_count opp_bench_open opp_bench_min_hp opp_bench_max_hp opp_bench_max_energy opp_bench_total_damage opp_bench_damaged_count opp_bench_low_hp_count hand_5 field_5 discard_5 opp_field_5 hand_13 field_13 discard_13 opp_field_13 hand_19 field_19 discard_19 opp_field_19 hand_66 field_66 discard_66 opp_field_66 hand_104 field_104 discard_104 opp_field_104 hand_140 field_140 discard_140 opp_field_140 hand_305 field_305 discard_305 opp_field_305 hand_343 field_343 discard_343 opp_field_343 hand_648 field_648 discard_648 opp_field_648 hand_741 field_741 discard_741 opp_field_741 hand_742 field_742 discard_742 opp_field_742 hand_743 field_743 discard_743 opp_field_743 hand_1079 field_1079 discard_1079 opp_field_1079 hand_1081 field_1081 discard_1081 opp_field_1081 hand_1086 field_1086 discard_1086 opp_field_1086 hand_1097 field_1097 discard_1097 opp_field_1097 hand_1129 field_1129 discard_1129 opp_field_1129 hand_1152 field_1152 discard_1152 opp_field_1152 hand_1182 field_1182 discard_1182 opp_field_1182 hand_1197 field_1197 discard_1197 opp_field_1197 hand_1225 field_1225 discard_1225 opp_field_1225 hand_1231 field_1231 discard_1231 opp_field_1231 hand_1266 field_1266 discard_1266 opp_field_1266 ready_alakazam_count has_ready_alakazam ready_active_alakazam_count has_ready_active_alakazam ready_bench_alakazam_count has_ready_backup_alakazam active_is_fezandipiti active_is_setup_wall field_route_body_count has_abra_anywhere has_bridge_anywhere has_alakazam_anywhere has_psychic_energy_in_hand complete_route_components needs_first_abra needs_stage2 needs_attacker_energy dudunsparce_engine_count dunsparce_engine_count opp_froslass_count opp_has_froslass opp_has_grimmsnarl_ex self_froslass_vulnerable_count stadium_id select_type select_context select_min_count select_max_count option_type candidate_card_id candidate_attack_id candidate_area candidate_inplay_area candidate_target_id candidate_target_hp candidate_target_max_hp candidate_target_energy candidate_target_special_energy candidate_target_appear_this_turn candidate_target_is_active candidate_target_is_bench candidate_hand_cost post_action_hand_count post_action_powerful_hand_damage current_ko_estimate post_action_ko_estimate breaks_current_ko_estimate preserves_current_ko_estimate powerful_hand_attack_option attack_lethal_estimate attack_overkill_estimate candidate_is_route_card candidate_is_abra candidate_is_kadabra candidate_is_alakazam candidate_is_rare_candy candidate_is_psychic_energy target_is_abra target_is_kadabra target_is_alakazam target_is_dunsparce target_is_dudunsparce candidate_fills_missing_abra candidate_fills_stage2 candidate_fills_energy action_type is_attack is_retreat is_end is_evolve is_ability is_energy is_boss is_xerosic is_hammer is_bench is_trainer is_other hammer_opp_active_energy_value hammer_opp_active_special_energy_value xerosic_opp_hand_value boss_opp_bench_value boss_opp_bench_low_hp_value retreat_active_damage_value retreat_status_value energy_target_existing_energy_value energy_target_is_alakazam_value energy_target_is_fezandipiti_value evolve_target_is_abra_value evolve_target_is_kadabra_value evolve_kadabra_to_active evolve_kadabra_to_bench evolve_kadabra_target_damage evolve_kadabra_under_froslass bench_shaymin_into_grimmsnarl bench_early_game_value ability_low_deck_risk trainer_low_deck_risk end_has_attack_ready_penalty end_ready_active_alakazam_penalty attack_with_ready_active_alakazam retreat_to_ready_backup_value ability_repositions_to_ready_backup_value evolve_builds_active_alakazam evolve_builds_backup_alakazam
feature_infos=[1:1224] [1:30] [0:1] [0:1] [0:1] [0:1] [0:1] [0:36] [0:48] [1:6] [0:5] [0:32] [0:48] [1:6] [0:8] [0:7] [0:19] [10:910] [10:1920] [0:1] [0:1] [0:1] [0:1] [0:1] [0:1] [0:1] [0:720] -1:743:140:742:741:305:66:343 [10:210] [50:210] [0:200] [0:5] [0:4] [0:1] [0:1] -1:743:431:756:648:140:345:414:305:381:741:678:742:400:112:401:190:93:646:1031:121:434:343:647:344:676:432:380:861:235:860:506:666:387:169:66:104:341:58:1030:117:463:379:293:120:342:677:879:723:65:649:119:674:878:90:265:675:164:92:89:96:849:247:57:722:131:304:721:891:1071:673:116:108:791:184:163:311:272:132:63:292:607:269:229:655:828:73:320:271:303:817:299:848:122:473:162:174:183:689:745:475:31:150:142:970:141:474:333:306:488:746:268:309:1051:818:37:144:41:133:227:264:597:100:270:352:138:354:95:103:214:297:42:87:532:813:1055:170:827:959:62:74:75:160:493:554:583:946:81:109:263:284:358:710:747:767:858:228:290:353:408:796:906:978:1002:1072 [10:440] [30:440] [0:420] [0:10] [0:10] [0:1] [0:1] [0:5] [0:210] [0:210] [0:5] [0:480] [0:5] [0:5] [0:8] [0:440] [0:440] [0:9] [0:900] [0:5] [0:5] [0:3] none [0:3] none [0:1] none [0:1] none [0:4] none [0:4] none [0:3] [0:3] [0:3] [0:3] none none none [0:2] [0:1] [0:1] [0:1] [0:2] [0:4] [0:4] [0:4] [0:4] [0:1] [0:1] [0:1] [0:1] none none none [0:3] [0:4] [0:4] [0:4] [0:4] [0:4] [0:4] [0:4] [0:4] [0:4] [0:4] [0:4] [0:4] [0:4] none [0:4] none [0:4] none [0:4] none [0:4] none [0:4] none [0:1] none [0:1] none [0:1] none [0:1] none [0:4] none [0:4] none [0:3] none [0:3] none [0:3] none [0:3] none [0:4] none [0:4] none [0:4] none [0:4] none [0:3] none [0:3] none [0:4] [0:1] [0:1] [0:1] [0:4] [0:1] [0:1] [0:1] [0:4] [0:1] [0:1] [0:1] [0:1] [0:4] [0:1] [0:1] [0:1] [0:3] [0:4] [0:2] [0:1] [0:1] [0:6] -1:1266:1259:1264:1247:1257:1261:1245:1244:1262:1246:1252:1256:1255:1260:1249:1253:1254:1250:1242:1248:1267:1251:1258 none none none none -1:7:8:9:14:12:13:10 -1:19:5:13:1225:1231:1152:66:1086:743:1266:1182:1197:305:742:140:343:1184:1081:1129:1079:1097:741:1247:1156:1264:1110:142:1146 -1:1072:1071:1070:423:183:76 [-1:7] [-1:5] -1:742:305:743:741:140:66:343:142 [0:210] [0:210] [0:5] [0:4] [0:1] [0:1] [0:1] [0:1] [0:36] [0:720] [0:1] [0:1] [0:1] [0:1] [0:1] [0:1] [0:620] [0:1] [0:1] [0:1] [0:1] [0:1] [0:1] [0:1] [0:1] [0:1] [0:1] [0:1] [0:1] [0:1] [0:1] -1:10:5:6:4:2:9:1:3:11:0:7 [0:1] [0:1] [0:1] [0:1] [0:1] [0:1] [0:1] [0:1] [0:1] [0:1] [0:1] none [0:7] [0:5] [0:31] [0:8] [0:5] [0:200] [0:1] [0:4] [0:1] [0:1] [0:1] [0:1] [0:1] [0:1] [0:40] [0:1] [0:1] [0:1] [0:1] [0:1] [0:1] [0:1] [0:1] [0:1] [0:1] [0:1] [0:1]
tree_sizes=4198 4203 4401 4284 4021 4156 4068 4182 4324 4044 4106 4263 4103 4103 4045 3845 4021 4212 4195 4228 3997 4147 4055 4122 4060 4314 4316 4091 3662 4242 4227 4340 3671 4231 4121 4162 4097 4244 3867 4005 4078 4119 4193 3748 4288 3955 4194 4200 4106 4280

Tree=0
num_leaves=31
num_cat=11
split_feature=214 178 178 246 224 213 208 214 181 178 178 187 224 185 182 178 191 191 187 212 248 217 191 189 198 191 178 182 191 178
split_gain=187656 19777.5 15110.3 10464.8 8222.86 7858.5 14941.8 12289.2 5966.35 4992.47 4827.37 3168.11 3033.49 2490.19 2738.57 2295.28 2105.48 1947.06 1924.03 1653.92 1653.15 1641.21 1593.89 1976.16 1511.4 1480.08 1407.59 1382.96 1260.59 1964.99
threshold=0 1 2 1.0000000180025095e-35 1.0000000180025095e-35 1.0000000180025095e-35 1.0000000180025095e-35 3 4.5000000000000009 4 5 1.0000000180025095e-35 1.0000000180025095e-35 1.0000000180025095e-35 6 7 11.500000000000002 6.5000000000000009 1.0000000180025095e-35 1.0000000180025095e-35 1.0000000180025095e-35 1.0000000180025095e-35 13.500000000000002 1.0000000180025095e-35 1.0000000180025095e-35 18.500000000000004 8 9 12.500000000000002 10
decision_type=1 9 9 2 2 2 2 1 2 9 9 2 2 2 9 9 2 2 2 2 2 2 2 2 2 2 9 9 2 9
left_child=1 4 17 5 8 7 -7 9 19 -4 18 16 22 14 -13 -5 20 26 -3 -1 21 -9 23 24 -12 -10 -2 -28 29 -11
right_child=2 10 3 15 -6 6 -8 11 25 28 12 13 -14 -15 -16 -17 -18 -19 -20 -21 -22 -23 -24 -25 -26 -27 27 -29 -30 -31
leaf_value=0.032374757504968793 -0.0087482013864911366 0.072032391640249688 0.049131465529212354 -0.095171759312373719 -0.079416557317505382 -0.08311499347295874 0.064670020225481489 -0.06108865096106756 -0.0028172729436387219 -0.026857438924723621 0.014573461603010516 0.017564842270619958 -0.00027248320514178649 -0.079855623939693185 -0.057981076904980972 -0.038070850594831764 -0.033701653662530924 -0.075541150431165646 0.096229185557684047 0.077747922652515053 -0.094000726410049307 -0.033562473249588685 0.075232143002787022 0.065730225734352415 0.053094628317969843 -0.068276878548618414 0.004305914480206301 -0.074346825116780965 -0.02620952295146859 0.0016253603219958353
leaf_weight=5128.2275493839115 1988.3909719356452 31881.87905714917 3483.5011653714464 6523.7054574979411 2306.3678592160286 2384.6261136634857 6044.8731605388748 18967.761140979666 6042.4810782653221 8785.2136933211586 5088.8360847961303 4715.2849261654774 2531.7617358639545 1211.8666609361826 1597.2427093258593 2473.7388877815101 14411.758171890411 22359.046520690637 11078.860669797636 3303.0009165064839 2743.9643303390185 7583.3592242777231 8310.1191331983719 9306.7627696759009 5098.119899997866 1007.0660770283139 683.06535730097676 3219.2728885132819 12718.482008518535 19437.401877582422
leaf_count=44203 23085 257416 28124 207009 51703 103487 43922 406533 99089 89313 75450 77907 31219 29279 55629 31682 494453 510024 43133 17352 66918 139235 88163 71215 51858 39375 12974 65193 257091 224517
internal_value=0 0.0559618 -0.0360667 -0.0278892 0.0086444 -0.0234193 0.02286 -0.0274978 0.021772 -0.00824368 0.0674415 -0.0441832 0.0521053 -0.0142228 -0.00161665 -0.0796242 -0.0493508 -0.0687783 0.0782553 0.0501542 -0.0570485 -0.0532278 0.0568936 0.0490739 0.0338537 -0.0121734 -0.0432208 -0.0606036 -0.0131369 -0.00724993
internal_weight=232416 91083.5 141333 113083 17787.1 104085 8429.5 95655.8 15480.8 44424.6 73296.3 51231.2 30335.6 7524.39 6312.53 8997.44 43706.8 28249.8 42960.7 8431.23 29295.1 26551.1 27803.8 19493.7 10187 7049.55 5890.73 3902.34 40941.1 28222.6
internal_count=3736551 870176 2866375 2255099 251722 2016408 147409 1868999 200019 599045 618454 1269954 317905 162815 133536 238691 1107139 611276 300549 61555 612686 545768 286686 198523 127308 138464 101252 78167 570921 313830
cat_boundaries=0 1 35 75 76 111 135 159 198 237 248 286
cat_threshold=199 0 0 0 0 0 0 0 0 0 0 8388608 0 0 0 0 0 0 0 0 0 0 0 0 128 0 0 0 0 0 0 0 0 0 33554432 8192 0 0 0 0 0 0 0 0 0 0 0 0 0 0 0 0 0 0 0 0 0 0 0 0 0 0 0 0 0 0 0 0 0 0 0 16 0 512 262144 3072 0 0 0 0 16384 0 0 0 0 0 0 0 0 0 0 0 0 0 0 0 0 0 0 0 0 0 0 0 0 0 0 0 0 8388608 4194304 0 0 4 0 0 0 0 0 0 131072 0 0 0 0 0 0 0 0 0 0 0 0 0 32 0 0 0 0 0 0 0 0 0 0 0 0 0 0 0 0 0 0 0 0 0 0 0 224 0 0 0 0 0 0 0 0 0 0 0 0 0 0 0 0 0 0 0 0 0 0 0 0 0 0 0 0 0 0 0 0 0 1073741824 0 0 1 0 32768 0 0 0 0 0 0 0 0 0 0 0 0 0 0 0 0 0 0 0 0 0 0 0 0 0 0 0 0 0 0 0 0 0 0 0 0 0 0 512 0 0 0 0 0 0 0 0 0 131072 8388608 0 0 0 0 0 0 0 0 0 0 0 0 0 0 0 0 0 0 0 0 0 0 0 0 0 0 0 0 0 0 0 0 0 0 0 512 0 8192
is_linear=0
shrinkage=0.05


Tree=1
num_leaves=31
num_cat=11
split_feature=214 187 188 178 185 178 178 253 182 180 178 182 248 247 191 179 178 194 216 250 194 191 225 229 185 191 179 182 245 185
split_gain=246621 68461.3 32176 41245.6 27192.1 24066.1 13916.4 12261.9 9433.29 7823.66 7410.71 9067.56 9198.52 10256.9 6162.32 5892.41 4599.96 10047.1 4373.16 6436.26 5795.92 4341.2 6005.6 3633.21 3033.6 3032.34 3026.18 3190.26 11525.3 4430.83
threshold=0 1.0000000180025095e-35 1.0000000180025095e-35 1 1.0000000180025095e-35 2 3 1.0000000180025095e-35 4 6.0000000000000009 5 6 1.0000000180025095e-35 1.0000000180025095e-35 15.500000000000002 7 8 1.0000000180025095e-35 1.0000000180025095e-35 1.0000000180025095e-35 1.0000000180025095e-35 5.5000000000000009 1.0000000180025095e-35 7.5000000000000009 1.0000000180025095e-35 6.5000000000000009 9 10 1.0000000180025095e-35 1.0000000180025095e-35
decision_type=1 2 2 9 2 9 9 2 9 2 9 9 2 2 2 9 9 2 2 2 2 2 2 2 2 2 9 9 2 2
left_child=1 6 3 16 8 14 -1 9 -4 15 -7 24 13 18 -5 -8 -2 -18 21 -20 -21 22 -13 -19 -12 -9 -17 28 -28 -29
right_child=2 -3 4 5 -6 10 7 25 -10 -11 11 12 -14 -15 -16 26 17 23 19 20 -22 -23 -24 -25 -26 -27 27 29 -30 -31
leaf_value=-0.064415023096413407 0.030416276520795257 0.079318583088965805 0.044690712023145063 -0.0093460500995947264 -0.065977378558014763 -0.067571970492710659 -0.025578488303670356 0.018675229814896655 -0.0074803658078306445 -0.032144695806511366 -0.08158234544372478 -0.035348581912942045 -0.07627000724900336 0.019803838866091765 -0.043131511462883604 0.074313664614720984 -0.022176945801943865 0.0094062808983298111 -0.072218977268004192 0.032277600855554943 -0.069447875003998169 -0.040099073352739573 0.010839101920883597 0.052176602667183505 -0.0058380780533971088 -0.024134134591658366 0.032393501958935707 0.021217893589157377 -0.072424178109417189 -0.01737912522174857
leaf_weight=4966.8380459033651 13649.635502170073 52502.904192656279 28467.281173720665 70282.664220160339 9279.4518192445394 35589.531808625325 6174.6078365973663 5292.0343482233584 12455.752775615081 6582.3077219189145 17543.730573290144 19687.881663163775 15660.423973332334 7791.6949279595865 16704.254693839175 2917.7797291819006 28806.487156574323 17982.456745573203 19060.842864203616 3239.8135015415028 2465.2668970122468 110985.64359257359 10952.862462954829 6859.1577826895518 1429.8580023881514 18938.223479848064 115492.84680244769 241107.35689623555 2682.9879192060325 7671.7356975360308
leaf_count=51703 37449 45240 59666 295854 119336 333862 14957 13875 62985 16340 238346 78151 137120 28194 184647 2305 128328 86825 137443 11203 23021 843116 26231 22430 12168 124589 154770 424003 6446 15948
internal_value=0 0.0255476 -0.0264261 -0.0311768 0.0112974 -0.0384233 0.018693 0.0197088 0.0288205 0.0218936 -0.0464626 -0.0428616 -0.0395621 -0.0362639 -0.0158324 0.0228395 0.00451224 -0.00208307 -0.0388894 -0.0582742 -0.0116811 -0.0354994 -0.0188382 0.0212168 -0.0758348 -0.0147839 0.0236479 0.0232429 0.0300109 0.0200268
internal_weight=913224 464330 448895 398692 50202.5 331394 411827 406860 40923 382630 244408 208818 189844 174184 86986.9 376047 67297.7 53648.1 166392 24765.9 5705.08 141626 30640.7 24841.6 18973.6 24230.3 369873 366955 118176 248779
internal_count=3736551 870176 2866375 2624388 241987 2349356 824936 773233 122651 634769 1868855 1534993 1284479 1147359 480501 618429 275032 237583 1119165 171667 34224 947498 104382 109255 250514 138464 603472 601167 161216 439951
cat_boundaries=0 1 41 78 89 113 153 164 198 238 244 268
cat_threshold=199 0 0 0 0 16384 0 0 0 0 0 0 0 0 0 0 0 0 0 0 0 0 0 0 0 0 0 0 0 0 0 0 0 0 8388608 4194816 67109376 0 8193 2147483648 65536 0 0 0 0 0 0 0 0 0 0 0 0 0 0 0 0 0 0 0 0 0 0 0 0 0 0 0 0 0 0 0 0 0 1073741824 0 0 1073741825 0 0 0 0 0 0 0 0 0 0 8388608 0 0 0 0 0 0 0 0 0 0 0 0 0 0 0 0 0 0 0 0 0 0 0 160 8192 0 0 0 0 0 0 0 0 0 0 0 0 0 0 0 0 0 0 0 0 0 0 0 0 0 0 0 0 0 0 0 0 0 0 0 16 0 0 262144 0 0 0 0 20480 0 0 0 0 131072 8388608 0 0 0 0 0 0 0 0 0 0 0 0 0 128 0 0 0 0 0 0 0 0 0 0 0 0 0 0 0 0 0 0 0 16384 0 0 0 0 16384 0 0 0 0 0 0 0 0 0 0 0 0 0 0 0 0 0 0 0 0 0 0 0 0 0 0 0 0 8388608 4194304 0 0 0 0 65536 0 0 4096 0 0 8388608 0 0 0 0 4096 0 0 0 0 131072 0 0 0 0 0 0 0 0 0 0 0 0 0 64
is_linear=0
shrinkage=0.05


Tree=2
num_leaves=31
num_cat=15
split_feature=214 187 246 181 178 178 185 253 178 182 187 248 178 182 178 179 177 182 178 245 179 191 178 178 194 194 183 194 191 194
split_gain=197091 60324.6 33829.2 23441.6 24196.1 18559.7 15416.2 11354.2 11875.2 11249.4 7828.83 5792.47 5599.85 5032.73 4788.01 4683.6 4507.57 3043.03 3023.36 3460.39 3143.48 2979.24 4981.56 2990.04 2963.22 2934.2 2602.43 2492.17 2489.98 2366.43
threshold=0 1.0000000180025095e-35 1.0000000180025095e-35 4.5000000000000009 1 2 1.0000000180025095e-35 1.0000000180025095e-35 3 4 1.0000000180025095e-35 1.0000000180025095e-35 5 6 7 8 9 10 11 1.0000000180025095e-35 12 10.500000000000002 13 14 1.0000000180025095e-35 1.0000000180025095e-35 35.000000000000007 1.0000000180025095e-35 17.500000000000004 1.0000000180025095e-35
decision_type=1 2 2 2 9 9 2 2 9 9 2 2 9 9 9 9 1 9 9 2 9 2 9 9 2 2 2 2 2 2
left_child=1 7 3 4 6 21 9 8 -1 -2 -5 14 -4 -12 -7 -10 25 -18 19 -17 -20 23 29 27 -25 -16 -19 -6 -13 -23
right_child=2 -3 12 10 5 11 -8 -9 15 -11 13 28 -14 -15 16 18 17 26 20 -21 -22 22 -24 24 -26 -27 -28 -29 -30 -31
leaf_value=-0.061382159768555038 -0.061998778686117098 0.07876079259137253 -0.085133629886255391 -0.059658642406307895 0.011179410886976462 -0.062846630363123004 -0.064168070457056664 -0.016613074452918011 -0.024929030777186657 0.022596773452289581 -0.015232223602735465 -0.080208773176786249 -0.03029827074593033 -0.063835846345656713 -0.034806950589841089 0.028859215072723862 0.029191651312795004 -0.02290252182088312 0.073618525542764823 -0.052619151215864371 0.017420137484176191 -0.026785088764693422 -0.038112142381849588 -0.035778118784890733 0.0065945788519651801 -0.074314659177449602 -0.060421768999954578 -0.015406870494894066 -0.023191093094951383 0.0081134333146323425
leaf_weight=4470.1352587810252 4179.7720024955925 44629.254627726506 25189.397393988911 43210.691454934655 39380.001413219841 11364.739427691558 6341.5552346570184 23133.232232578332 5569.0721688999329 63433.863848010544 23160.065039482666 9501.7107424088754 5758.5343649599236 6915.6408693708945 12183.261136462679 113429.84082454175 2648.9555170170497 74860.914248657762 2506.8181325327605 1317.7675760139246 233456.61654001905 7018.7098617895972 17482.770991514728 10354.008615088067 6858.7594993915409 7653.2868094380829 4925.8750454563415 11355.936815343681 2398.9503425988369 15772.753758471576
leaf_count=51703 24337 45240 332849 593787 94652 109511 99828 138464 14957 153719 123494 107865 31682 76500 74071 190637 8186 450167 2305 6446 420424 51387 150837 49414 23706 97596 44664 48856 29255 90012
internal_value=0 0.0237399 -0.0246944 -0.0206113 -0.0145587 -0.0224443 0.010368 0.0173439 0.0195214 0.0173609 -0.0460247 -0.0355253 -0.0749684 -0.0264355 -0.0320521 0.0205377 -0.0286208 -0.0234643 0.0212605 0.0279208 0.0180204 -0.00726844 -0.0180446 -0.000882163 -0.0188829 -0.0500262 -0.0252162 0.00522753 -0.068717 -0.00263266
internal_weight=840463 428513 411950 381002 307716 233761 73955.2 383883 360750 67613.6 73286.4 125538 30947.9 30075.7 113637 356280 102272 82435.7 350711 114748 235963 108223 40274.2 67948.7 17212.8 19836.5 79786.8 50735.9 11900.7 22791.5
internal_count=3736551 870176 2866375 2501844 1708063 1430179 277884 824936 686472 178056 793781 921315 364531 199994 784195 634769 674684 503017 619812 197083 422729 508864 292236 216628 73120 171667 494831 143508 137120 141399
cat_boundaries=0 1 41 80 91 102 142 166 206 240 241 265 289 295 333 372
cat_threshold=199 524320 0 0 0 16384 0 0 0 0 0 0 0 0 0 0 0 0 0 0 0 0 0 0 0 0 0 0 0 0 0 0 0 0 8388608 4194816 67108864 0 1 2147483648 65536 0 0 0 0 0 0 0 0 0 0 0 0 0 0 0 0 0 0 0 0 0 0 0 0 0 0 0 0 0 0 0 0 0 1073741824 0 512 1 8192 32768 0 0 0 0 0 0 0 0 0 0 8388608 0 0 4 0 16384 0 0 0 0 131072 8388608 0 0 0 0 0 0 0 0 0 0 0 0 0 0 0 0 0 0 0 0 0 0 0 0 0 0 0 0 0 0 0 0 0 1073741824 0 0 1 0 33280 262144 0 0 0 0 4096 0 0 0 0 0 0 0 0 0 0 0 0 0 0 0 0 0 0 224 0 0 0 0 0 0 0 0 0 0 0 0 0 0 0 0 0 0 0 0 0 0 0 0 0 0 0 0 0 0 0 0 0 0 0 0 0 0 0 262144 0 0 0 0 0 0 0 0 0 0 0 0 0 128 0 0 0 0 0 0 0 0 0 0 0 0 0 0 0 0 0 0 0 16384 4096 0 0 0 0 0 0 0 0 0 131072 8388608 0 0 0 0 0 0 0 0 0 0 0 0 32 0 0 0 0 4096 0 0 0 0 131072 0 0 0 0 0 0 0 0 0 0 0 0 0 160 0 0 4096 0 0 8388608 0 0 0 0 0 0 0 0 0 0 0 0 0 0 0 0 0 0 0 0 0 0 0 0 0 0 0 0 0 0 0 0 0 1073741824 0 512 0 8192 0 0 0 0 0 0 0 0 0 0 0 0 0 0 0 0 0 0 0 0 0 0 0 0 0 0 0 0 0 0 0 0 0 1073741824 0 0 1 0 32768
is_linear=0
shrinkage=0.05


Tree=3
num_leaves=31
num_cat=12
split_feature=214 187 178 182 178 182 253 194 178 185 188 188 185 250 178 188 216 182 192 245 179 192 178 194 194 192 225 187 182 178
split_gain=145945 54718.6 16525.9 14436 11548.4 9330.7 9309.65 8500.34 8315.25 6747.82 9996.49 4877.18 5785.56 4837.44 3362.81 3964.81 3570.42 3261.4 6431.5 3765.5 2910.44 2635.22 2559.86 6408.33 4336.01 2435.04 2699.59 2623.19 2603.31 2511.69
threshold=0 1.0000000180025095e-35 1 2 3 4 1.0000000180025095e-35 1.0000000180025095e-35 5 1.0000000180025095e-35 1.0000000180025095e-35 1.0000000180025095e-35 1.0000000180025095e-35 1.0000000180025095e-35 6 1.0000000180025095e-35 1.0000000180025095e-35 7 390.00000000000006 1.0000000180025095e-35 8 130.00000000000003 9 1.0000000180025095e-35 1.0000000180025095e-35 330.00000000000006 1.0000000180025095e-35 1.0000000180025095e-35 10 11
decision_type=1 2 9 9 9 9 2 2 9 2 2 2 2 2 9 2 2 9 2 2 9 2 9 2 2 2 2 2 9 9
left_child=1 6 3 -2 5 -4 8 13 -1 10 25 22 -13 14 15 -6 -16 18 19 -10 -19 -8 24 -24 -5 26 27 -7 -29 -27
right_child=2 -3 4 11 7 9 21 -9 17 -11 -12 12 -14 -15 16 -17 -18 20 -20 -21 -22 -23 23 -25 -26 29 -28 28 -30 -31
leaf_value=-0.057049463469030039 -0.05591042154459358 0.075874687893128345 -0.069633123374237132 0.032649476004919319 -0.061227710777876788 -0.036859470766953853 0.015250960893037863 -0.056396049145843022 0.046945238865128018 -0.065188343116486289 0.019539491573064657 0.041261644768593661 -0.050765575727760609 0.031104157168820319 -0.023293915527214683 -0.012055600176339491 -0.058769249563468934 0.071994794595178727 -0.033059890171934433 -0.048482387815941011 0.015433638812253698 -0.026635396406445324 -0.025875197717769721 0.009781409954322846 -0.024955124690359147 -0.0065678527124919178 -0.0091375166395524475 0.017048531052010294 -0.033517814547843548 -0.050445237997186088
leaf_weight=3798.6679924200289 11735.000209340011 40182.759376944043 8303.2094106794102 10854.737654806813 16851.464159880532 22045.278269247909 4830.545405050274 44946.452151605277 23023.147879115539 6381.9530355569441 20421.932260592468 13002.228449546965 1965.6222934018588 3115.9597603719449 66515.498792361293 5417.9900187087478 7939.3117765928619 2281.7496938016266 3173.0037566871615 1081.9023896324215 321654.51093122654 16857.976149279042 25008.943256165774 25396.870784030878 4672.52941426303 4713.775499667332 58521.277640623972 5524.2823492225725 4702.9665147757623 10679.442282523785
leaf_count=51703 126884 45240 137996 24151 178821 208983 13875 622008 25815 108056 38506 20044 32783 11203 411762 33274 62868 2305 10104 5355 591190 124589 168533 145311 16778 46210 252509 18283 31293 170119
internal_value=0 0.0204108 -0.0224678 -0.00411126 -0.0284115 -0.0182386 0.014495 -0.0383369 0.0164378 -0.0150245 -0.0124968 0.00340863 0.0291747 -0.0302105 -0.032186 -0.0492432 -0.0270735 0.0172338 0.0338401 0.0426611 0.0158344 -0.0173059 -0.00244026 -0.0079081 0.0153044 -0.0186582 -0.0155403 -0.0271503 -0.00622035 -0.0370469
internal_weight=795601 416884 378717 92635.9 286081 141294 376702 144787 355013 132991 126609 80900.9 14967.9 99840.2 96724.3 22269.5 74454.8 351214 27278.1 24105.1 323936 21688.5 65933.1 50405.8 15527.3 106187 90793.8 32272.5 10227.2 15393.2
internal_count=3736551 870176 2866375 534484 2331891 1011955 824936 1319936 686472 873959 765903 407600 52827 697928 686725 212095 474630 634769 41274 31170 593495 138464 354773 313844 40929 727397 511068 258559 49576 216329
cat_boundaries=0 1 41 65 103 114 125 165 189 195 235 259 297
cat_threshold=199 32 0 0 0 16384 0 0 0 0 0 0 0 0 0 0 0 0 0 0 0 0 0 0 0 0 0 0 0 0 0 0 0 0 8388608 4194816 67109376 0 8192 2147483648 65536 0 0 0 0 16384 0 0 0 0 131072 8388608 0 0 0 0 0 0 0 0 0 0 0 0 32 524288 0 0 0 0 0 0 0 0 0 0 0 0 0 0 0 0 0 0 0 0 0 0 0 0 0 0 0 0 0 0 0 0 1073741824 0 0 1073741825 1 0 0 4 0 16384 0 0 0 0 131072 8388608 0 0 0 0 0 0 0 0 0 0 8388608 8192 0 0 0 0 0 0 0 0 0 0 0 0 0 0 0 0 0 0 0 0 0 0 0 0 0 0 0 0 0 0 0 0 0 0 0 16 0 0 262144 0 0 0 0 4096 0 0 0 0 0 0 0 0 0 0 0 0 0 0 0 0 0 0 64 0 0 4096 0 0 8388608 0 0 0 0 16384 0 0 0 0 0 0 0 0 0 0 0 0 0 0 0 0 0 0 0 0 0 0 0 0 0 0 0 0 8388608 4194304 0 0 0 2147483648 65536 0 0 0 0 0 0 0 0 0 0 0 0 0 0 0 0 0 0 0 0 0 0 0 160 0 0 0 0 0 0 0 0 0 0 0 0 0 0 0 0 0 0 0 0 0 0 0 0 0 0 0 0 0 0 0 0 0 0 0 0 1073741824 1
is_linear=0
shrinkage=0.05


Tree=4
num_leaves=31
num_cat=8
split_feature=178 187 246 177 178 188 185 178 181 213 181 248 247 177 178 212 179 194 192 225 184 245 194 187 250 177 194 184 192 211
split_gain=112649 42287.5 31059.3 23291.4 14504.8 10084.8 7477.27 7440.44 6936.64 8923.98 6342.66 4730.52 6493.62 4187 3851.16 2952.79 3195.66 4915.92 2699.21 5652.83 2656.06 4117.25 2780.9 2554.02 2974.77 4779.75 2686.57 2420.84 2362.9 2210.99
threshold=0 1.0000000180025095e-35 1.0000000180025095e-35 1 2 1.0000000180025095e-35 1.0000000180025095e-35 3 4.5000000000000009 1.0000000180025095e-35 4.5000000000000009 1.0000000180025095e-35 1.0000000180025095e-35 4 5 1.0000000180025095e-35 6 1.0000000180025095e-35 170.00000000000003 1.0000000180025095e-35 175.00000000000003 1.0000000180025095e-35 1.0000000180025095e-35 1.0000000180025095e-35 1.0000000180025095e-35 7 1.0000000180025095e-35 75.000000000000014 170.00000000000003 1.0000000180025095e-35
decision_type=9 2 2 1 9 2 2 9 2 2 2 2 2 1 9 2 9 2 2 2 2 2 2 2 2 1 2 2 2 2
left_child=1 20 3 10 8 7 -7 -6 9 -5 15 12 13 23 28 16 -2 -18 19 -15 29 22 -22 24 25 -9 -26 -10 -4 -1
right_child=2 -3 14 4 5 6 -8 11 27 -11 -12 -13 -14 18 -16 -17 17 -19 -20 -21 21 -23 -24 -25 26 -27 -28 -29 -30 -31
leaf_value=0.015092367956863313 0.069890231390807189 0.073339240253438076 -0.052581685999534881 -0.0057856702019348652 -0.057027108665498649 0.0095704676402571087 -0.060734582731468478 -0.028929968524558692 -0.057916626367437808 0.043572965720611465 -0.017035753307247062 -0.061806984830287848 0.022016190868472847 -0.041344801650374449 -0.079157686806996239 0.03546401666664066 -0.012169353209928822 0.01676948238713517 -0.028365014281131497 0.010096268244037069 0.070712925540106761 -0.047895604343417296 0.012029392080873225 -0.015628504554166867 0.024440879362316176 -0.05854475741629403 -0.057664473757213931 -0.020845713152370909 0.027945696955273609 0.072025412574350342
leaf_weight=258508.18506882526 2132.8366809263825 37166.362909502815 2766.3557332586497 95932.802498326986 26367.807172216533 25171.254104784806 4450.0652985890629 27581.746112451539 6662.2516977036139 10123.273332407931 20788.238118085777 9677.1799441249459 6793.8707327625016 7688.7016118688916 20622.212406425679 13254.26412753528 21170.870258233743 47825.755127290729 27055.545284961321 17483.618788933731 6381.7034479202703 1155.2684344021836 2953.4952564015985 12658.765057754121 3127.9872925205855 27080.580327747623 1461.3615307052387 12995.147247875342 1357.6231396795483 1716.1949523100629
leaf_count=450476 2305 45240 14010 500090 351792 87302 82964 158575 100141 13975 138464 137120 28194 44651 332849 17352 66926 100456 295557 63328 6845 6446 5917 93195 11203 419615 23021 127695 8685 2162
internal_value=0 0.0233278 -0.0158819 -0.0127295 -0.019396 -0.0278779 -0.000992267 -0.032649 -0.00613016 -0.00107406 0.00770179 -0.0280712 -0.0255797 -0.0281846 -0.0703435 0.013797 0.00975929 0.00788867 -0.0173977 -0.00561634 0.0164625 0.041129 0.0521486 -0.0360114 -0.0403719 -0.0436181 -0.00170583 -0.0334111 -0.0260074 0.015468
internal_weight=760111 307881 452230 427484 322312 196598 29621.3 166977 125713 106056 105172 140609 130932 124138 24746.2 84383.7 71129.5 68996.6 52227.9 25172.3 270715 10490.5 9335.2 71910.4 59251.7 54662.3 4589.35 19657.4 4123.98 260224
internal_count=3736551 517086 3219465 2863921 2538418 1796517 170266 1626251 741901 514065 325503 1274459 1137339 1109145 355544 187039 169687 167382 403536 107979 471846 19208 12762 705609 612414 578190 34224 227836 22695 452638
cat_boundaries=0 39 40 80 120 121 161 167 168
cat_threshold=0 0 4 0 20480 0 0 0 0 131072 0 0 0 0 0 0 0 0 0 0 0 0 0 96 0 0 0 0 0 0 0 0 0 41943040 4194304 0 0 0 2147483648 8704 32 0 0 0 0 0 0 0 0 0 0 0 0 0 0 0 0 0 0 0 0 0 0 0 0 0 0 0 0 0 0 0 0 1073741824 512 67109376 1 8193 0 65536 8192 0 0 0 0 0 0 0 0 0 8388608 0 0 0 0 0 0 0 0 0 0 0 0 0 0 0 0 0 0 0 0 0 0 0 0 0 16 0 0 262144 20736 0 0 0 0 0 0 0 0 0 0 0 0 0 0 0 0 0 0 0 0 0 0 0 0 0 0 0 0 0 0 0 0 0 0 512 67109376 0 1 0 65536 0 0 4096 0 0 8388608 16384
is_linear=0
shrinkage=0.05


Tree=5
num_leaves=31
num_cat=7
split_feature=178 187 246 215 178 235 185 177 253 209 188 178 248 213 191 229 178 191 224 178 191 191 191 198 211 191 178 181 213 209
split_gain=94752.8 40501.4 24131.7 17042.1 12227.3 12217.3 18441.4 11707.7 7158.18 4970.51 4280.33 2929.19 2618.59 2868.47 2547.97 2453.88 3542.66 2704.67 2397.91 2393.21 2585.26 2093.13 2073.73 2064.17 2052.31 2016.83 1984.76 1968.89 1755.62 2354.56
threshold=0 1.0000000180025095e-35 1.0000000180025095e-35 1.0000000180025095e-35 1 1.0000000180025095e-35 1.0000000180025095e-35 2 1.0000000180025095e-35 1.0000000180025095e-35 1.0000000180025095e-35 3 1.0000000180025095e-35 1.0000000180025095e-35 15.500000000000002 7.5000000000000009 4 8.5000000000000018 1.0000000180025095e-35 5 21.500000000000004 17.500000000000004 6.5000000000000009 1.0000000180025095e-35 1.0000000180025095e-35 8.5000000000000018 6 4.5000000000000009 1.0000000180025095e-35 1.0000000180025095e-35
decision_type=9 2 2 2 9 2 2 1 2 2 2 9 2 2 2 2 9 2 2 9 2 2 2 2 2 2 9 2 2 2
left_child=1 8 3 4 28 7 27 15 18 10 12 25 13 -9 23 16 -6 -18 19 20 -1 -14 -10 -5 -20 -4 -19 -7 29 -2
right_child=2 -3 11 14 5 6 -8 9 22 -11 -12 -13 21 -15 -16 -17 17 26 24 -21 -22 -23 -24 -25 -26 -27 -28 -29 -30 -31
leaf_value=0.038017082611088784 -0.049277354848692098 0.07072088717491172 -0.05325493009967578 -0.011881935409900938 -0.023944641588347623 0.037029224197973436 -0.070215098788291894 -0.02737859961062078 0.013400520118347079 -0.068789544201282707 -0.00044487061899474737 -0.075595210101523216 -0.071146806272529228 -0.076581881356567058 0.022545872121072799 0.013878785828769691 0.0029382646889920365 -0.026259034064053867 0.0081909388278211068 0.016839599250024106 -0.032870937399574744 -0.012108048908738209 -0.024361364259643602 0.010390048803054419 0.067689132819280268 0.021991720074319269 -0.004830304037926521 0.0064259195516865319 -0.074743524630152727 -0.0069060065093592311
leaf_weight=22172.975902192295 21904.221661422052 34715.194986091927 2675.8771753488109 16494.430287589086 38572.130616577604 21203.36055694893 5556.4742435831868 74473.15678659812 4785.2812049570493 8242.2205455369549 12044.908001671894 18231.317814202397 6834.7847763032769 3084.6412534180563 23352.654860618524 10464.524939676281 44266.103467511741 19871.41414102877 90929.167740426725 164739.33190837107 1364.9230914565269 1924.3943810721976 15127.557016627165 28168.653943888377 1472.3743059597909 1334.0803258848609 23707.586191872542 6988.4657895854907 5218.055841478752 3856.4159402670339
leaf_count=34164 293396 45240 14010 56538 334414 30847 116756 665147 13875 161114 57218 332849 107865 69222 46141 46469 133284 182756 153647 296426 7513 29255 124589 62294 2162 8685 148957 49038 75547 37133
internal_value=0 0.0195863 -0.0164817 -0.0134903 -0.0184894 -0.0151583 0.0130342 -0.0190666 0.0136814 -0.0314897 -0.028367 -0.0670888 -0.0322632 -0.0293361 0.00916258 -0.00938829 -0.0113151 -0.00576603 0.0157365 0.0189741 0.0338912 -0.058178 -0.0152864 0.00216468 0.00913943 -0.0281499 -0.0146089 0.0294434 -0.0482783 -0.0429347
internal_weight=733777 335307 398470 376229 308213 277234 33748.3 243486 300592 106604 98361.9 22241.3 86317 77557.8 68015.7 136882 126417 87845.1 280679 188277 23537.9 8759.18 19912.8 44663.1 92401.5 4009.96 43579 28191.8 30978.7 25760.6
internal_count=3736551 677616 3058935 2703391 2538418 2132342 196641 1935701 632376 1089821 928707 355544 871489 734369 164973 845880 799411 464997 493912 338103 41677 137120 138464 118832 155809 22695 331713 79885 406076 330529
cat_boundaries=0 39 79 80 120 159 194 233
cat_threshold=0 0 4 0 20480 0 0 0 0 131072 0 0 0 0 0 0 0 0 0 0 0 0 0 224 0 0 0 0 0 0 0 0 0 41943040 4194304 0 0 0 2147483648 8192 0 0 0 0 0 0 0 0 0 8388608 0 0 0 0 0 0 0 0 0 0 0 0 0 0 0 0 0 0 0 0 0 0 0 0 0 16 0 0 262144 1152 0 0 0 0 0 0 0 0 0 0 0 0 0 0 0 0 0 0 0 0 0 0 0 0 0 0 0 0 0 0 0 0 0 0 512 67109376 0 1 0 65536 0 0 0 0 0 0 0 0 0 0 0 0 0 0 0 0 0 0 0 0 0 0 0 0 0 0 0 0 0 0 0 0 0 0 0 0 1073741824 8192 512 0 0 0 0 20480 0 0 0 0 0 0 0 0 0 0 0 0 0 0 0 0 0 0 128 0 0 0 0 0 0 0 0 0 0 4194304 0 0 0 0 0 0 0 0 0 0 0 0 0 0 0 0 0 0 0 0 0 0 0 0 0 0 0 0 0 0 0 0 0 0 0 0 1 0 32768
is_linear=0
shrinkage=0.05


Tree=6
num_leaves=31
num_cat=11
split_feature=178 180 246 181 214 213 178 253 185 178 179 198 194 178 182 178 184 239 188 191 191 229 194 178 178 191 250 214 194 191
split_gain=87802.6 26703.3 19796.9 14756.2 15407.5 8700.52 7225.25 6583.08 5862.98 5034.75 4007.89 3278.86 2937.38 2730.54 2338.91 2992.7 2068.45 2036.29 2895.56 2066.18 1916.25 1611.39 1942.92 4303.4 4054.49 1907.73 1594.85 4077.77 1976.18 1595.48
threshold=0 3.0000000000000004 1.0000000180025095e-35 4.5000000000000009 1 1.0000000180025095e-35 2 1.0000000180025095e-35 1.0000000180025095e-35 3 4 1.0000000180025095e-35 1.0000000180025095e-35 5 6 7 175.00000000000003 1.0000000180025095e-35 1.0000000180025095e-35 2.5000000000000004 18.500000000000004 8.5000000000000018 1.0000000180025095e-35 8 9 12.500000000000002 1.0000000180025095e-35 10 1.0000000180025095e-35 17.500000000000004
decision_type=9 2 2 2 1 2 9 2 2 9 9 2 2 9 9 9 2 2 2 2 2 2 2 9 9 2 2 1 2 2
left_child=1 7 3 4 5 6 -2 17 10 -7 -8 21 -3 -4 -5 16 -16 18 -1 -20 -9 22 24 25 -12 -24 27 29 -28 -6
right_child=2 12 13 14 26 9 8 20 -10 -11 11 -13 -14 -15 15 -17 -18 -19 19 -21 -22 -23 23 -25 -26 -27 28 -29 -30 -31
leaf_value=0.014139758782921641 -0.053244515663992187 0.063029685313843384 -0.024980096436075006 -0.058462924280724263 -0.028814602784484628 -0.062826473335135552 0.067493978514916411 -0.0092551901233034854 -0.055277504270580993 0.033339841179930822 -0.037917636275770661 0.007370373856950831 0.037507455827499897 -0.07289887275350386 -0.070480573547077444 -0.026120885547291629 -0.0013322792791366717 -0.020062649222714599 -0.035020549909284535 0.035964728937287603 -0.058552010555075064 0.01446229446384103 -0.022241961517265554 -0.0040036122716626283 -0.0019096900856863182 -0.055522845433527958 0.020079113709766332 -0.057107841780011805 -0.054630111926033287 -0.001542876298921494
leaf_weight=229854.09019291087 7860.3746319006314 30177.793038630625 3665.9343119793339 10557.040625968599 46521.145179051004 1449.8959011689294 1982.341585286893 17203.841099982616 5522.2688595352229 20341.522056405898 8519.5093803127529 49794.791713412618 18003.658154795761 16594.566396082169 6908.4794393762713 36623.431929378421 1282.3968230583705 4011.6936552929692 1074.4675318636 22121.239176649833 2226.0475918081356 7974.5938447392546 10013.106578333536 24123.212434246467 93669.376546812739 7556.7464752741216 3173.4008139164653 12849.394456357637 1226.9771741622244 6062.2834875198896
leaf_count=415830 109941 44536 22650 222167 379945 15491 2305 99089 116382 36242 63732 100456 32796 332849 116693 438142 16779 14059 1351 31053 39375 33788 77645 149799 394222 131019 11203 189146 23021 74845
internal_value=0 0.0191429 -0.0161739 -0.0134969 -0.00923281 -0.00319083 -0.00621523 0.0131575 -0.0044449 0.0269263 -0.00306645 -0.00376345 0.0534935 -0.0642778 -0.0372643 -0.0322495 -0.059583 0.0152786 0.0158389 0.0326757 -0.0149047 -0.00741459 -0.00862719 -0.0177235 -0.0049158 -0.0365366 -0.0298895 -0.0318533 -0.000755099 -0.0256657
internal_weight=708946 324673 384273 364012 308641 238808 217016 276491 209156 21791.4 203634 201651 48181.5 20260.5 55371.3 44814.3 8190.88 257061 253050 23195.7 19429.9 151857 143882 41693.1 102189 17569.9 69833.2 65432.8 4400.38 52583.4
internal_count=3736551 678089 3058462 2702963 1909182 1231022 1179289 600757 1069348 51733 952966 950661 77332 355499 793781 571614 133472 462293 448234 32404 138464 850205 816417 358463 457954 208664 678160 643936 34224 454790
cat_boundaries=0 40 41 81 82 88 126 137 138 177 215 216
cat_threshold=0 0 4 0 20480 0 0 0 0 131072 0 0 0 0 0 0 0 0 0 0 0 0 0 224 0 0 0 0 0 0 0 0 0 41943040 4194304 0 0 0 2147483648 65536 3107 0 0 0 0 0 0 0 0 0 0 0 0 0 0 0 0 0 0 0 0 0 0 0 0 0 0 0 0 0 0 0 0 0 0 0 0 16 0 0 262144 8192 0 0 4096 0 0 8388608 0 0 0 0 0 0 0 0 0 0 0 0 0 0 0 0 0 0 0 0 0 0 0 0 0 0 0 0 0 0 0 0 0 0 512 67109376 0 1 0 0 0 0 16384 0 0 0 0 131072 8388608 8192 8192 0 0 0 0 0 0 0 0 0 0 0 0 0 0 0 0 0 0 0 0 0 0 0 0 0 0 0 0 0 0 0 0 0 0 0 1 0 33280 0 0 0 0 0 0 0 0 0 0 0 0 0 0 0 0 0 0 0 0 0 0 0 0 0 0 0 0 0 0 0 0 0 0 0 512 0 8192 24
is_linear=0
shrinkage=0.05


Tree=7
num_leaves=31
num_cat=10
split_feature=178 180 246 178 188 214 182 185 212 182 179 194 198 248 247 185 208 182 178 191 178 178 191 213 229 191 213 246 191 185
split_gain=79907.4 20166.6 18260.1 12827.4 11698.7 17308.7 5772.95 5485.62 5314.02 4427.89 3756.68 3228.47 3017.18 3014.23 4256.15 2359.49 2389.07 2344.52 2313.84 2280.51 3316.81 3074.11 2593.3 2089.82 1991.32 1588.68 1551.71 1530.03 1523.55 1435.42
threshold=0 3.0000000000000004 1.0000000180025095e-35 1 1.0000000180025095e-35 2 3 1.0000000180025095e-35 1.0000000180025095e-35 4 5 1.0000000180025095e-35 1.0000000180025095e-35 1.0000000180025095e-35 1.0000000180025095e-35 1.0000000180025095e-35 1.0000000180025095e-35 6 7 6.5000000000000009 8 9 16.500000000000004 1.0000000180025095e-35 7.5000000000000009 8.5000000000000018 1.0000000180025095e-35 1.0000000180025095e-35 20.500000000000004 1.0000000180025095e-35
decision_type=9 2 2 9 2 1 9 2 2 9 9 2 2 2 2 2 2 9 9 2 9 9 2 2 2 2 2 2 2 2
left_child=1 27 3 17 5 10 7 -6 -9 29 -5 -3 19 14 15 16 26 23 25 21 22 -12 -21 -2 -22 -4 -11 -1 -15 -7
right_child=2 11 18 4 6 9 -8 8 -10 13 12 -13 -14 28 -16 -17 -18 -19 -20 20 24 -23 -24 -25 -26 -27 -28 -29 -30 -31
leaf_value=0.01471525448686453 -0.0080230052671204175 0.061001747223980163 -0.050553764345001778 0.065401157787372266 0.026390202394021896 -0.065632779507094119 -0.052412722032319163 -0.052210120761083903 0.021311823226155036 -0.026152640233045667 0.012431921854984256 0.033882622974396238 0.0057169023754442133 -0.064287039790824105 0.017293771032152908 -0.070145561570768386 0.0039044870482039863 -0.054125185631477807 -0.070519284925870049 -0.01913078741471208 -0.0096229743568591666 -0.012898340233031859 -0.055081611995561532 -0.068771847662267294 0.016946306612696329 0.018765632274058034 -0.073469849953588282 -0.04621597049418634 0.0013272228357625148 -0.0010348221914395204
leaf_weight=236425.59075898974 6177.8552672502119 28407.246265328838 2316.6758910926292 1896.8325247308239 36802.400515335728 9770.3463458013721 3140.3257425132906 4942.3307923397515 4887.764521305915 69759.134127492725 25228.299090963788 17889.10235523677 48710.241712340387 6789.382808986993 6009.3228720717598 2958.1020147913368 6695.4188491728855 19557.686148900422 15425.94739145058 27047.6582377819 62050.985417738353 22786.436129473237 6158.4868239996722 1836.2343647456728 7955.8299351774622 1284.3925277437083 1776.5920620672405 1034.2872088768054 1017.057371665549 943.14968574012164
leaf_count=430767 60264 44536 14010 2305 72858 238346 26696 101528 8687 659019 70729 32796 100456 121521 28194 62329 49038 314426 332849 226899 382602 80294 119411 31386 35720 8685 43446 8987 15599 12168
internal_value=0 0.0203347 -0.0142853 -0.0119219 -0.00938523 -0.013025 0.0131034 0.0175235 -0.0156535 -0.0294133 -0.00443926 0.0505234 -0.00510527 -0.0259702 -0.0233078 -0.0263131 -0.0246552 -0.0447761 -0.0620994 -0.00859145 -0.0127793 0.000410685 -0.0257914 -0.0219188 -0.00660243 -0.0257575 -0.0273283 0.0144497 -0.0557383 -0.0598909
internal_weight=687681 283756 403925 384898 357326 307553 49772.8 46632.5 9830.1 105719 201835 46296.3 199938 95005 87198.6 81189.2 78231.1 27571.8 19027 151228 103213 48014.7 33206.1 8014.09 70006.8 3601.07 71535.7 237460 7806.44 10713.5
internal_count=3736551 517086 3219465 2863921 2457845 2248076 209769 183073 110215 1229660 1018416 77332 1016111 979146 842026 813832 751503 406076 355544 915655 764632 151023 346310 91650 418322 22695 702465 439754 137120 250514
cat_boundaries=0 39 79 80 104 115 121 132 172 211 250
cat_threshold=0 0 4 0 20480 0 0 0 0 131072 0 0 0 0 0 0 0 0 0 0 0 0 0 96 0 0 0 0 0 0 0 0 0 41943040 4194304 0 0 0 2147483648 8192 0 0 0 0 0 0 0 0 0 8388608 0 0 0 0 0 0 0 0 0 0 0 0 0 0 0 0 0 0 0 0 0 0 0 0 0 16 0 0 262144 3139 0 0 0 0 4096 0 0 0 0 0 0 0 0 0 0 0 0 0 0 0 0 0 0 224 0 0 0 0 20480 0 0 0 0 131072 8388608 0 0 4096 0 0 8388608 0 0 0 0 4096 0 0 0 0 131072 8388608 0 0 0 0 0 0 0 0 0 0 0 0 0 0 0 0 0 0 0 0 0 0 0 0 0 0 0 0 0 0 0 0 0 0 512 67109376 0 1 0 65536 0 0 0 0 0 0 0 0 0 0 0 0 0 0 0 0 0 0 0 0 0 0 0 128 0 0 0 0 0 0 0 0 0 0 0 0 0 0 33280 0 0 0 0 0 0 0 0 0 0 0 0 0 0 0 0 0 0 0 0 0 0 0 128 0 0 0 0 0 0 0 0 0 1073741824 0 0 0 1 33280
is_linear=0
shrinkage=0.05


Tree=8
num_leaves=31
num_cat=14
split_feature=214 187 246 181 178 178 234 182 253 187 178 182 245 182 208 179 191 178 182 179 248 178 191 191 178 216 250 194 178 194
split_gain=67873.2 32379.6 14341.7 9598.08 12797.1 7309.44 6505.32 4943.9 4403.13 4341.36 3686.76 2990.92 2874.15 2779.12 2695.28 2447.69 2364.49 2235.5 2188.78 1976.19 1890.84 2358.25 1779.23 1621.48 1800.27 1605.16 3503.14 1679.89 1510.48 1892.87
threshold=0 1.0000000180025095e-35 1.0000000180025095e-35 4.5000000000000009 1 2 1.0000000180025095e-35 3 1.0000000180025095e-35 1.0000000180025095e-35 4 5 1.0000000180025095e-35 6 1.0000000180025095e-35 7 19.500000000000004 8 9 10 1.0000000180025095e-35 11 6.5000000000000009 11.500000000000002 12 1.0000000180025095e-35 1.0000000180025095e-35 1.0000000180025095e-35 13 1.0000000180025095e-35
decision_type=1 2 2 2 9 9 2 9 2 2 9 9 2 9 2 9 2 9 9 9 2 9 2 2 9 2 2 2 9 2
left_child=1 8 3 4 6 23 7 -2 10 -5 -1 12 16 -11 -9 -13 -12 -4 -7 -17 21 -20 -10 -6 -25 -23 -27 -28 29 -21
right_child=2 -3 17 9 5 18 -8 14 22 13 11 15 -14 -15 -16 19 -18 -19 20 28 -22 25 -24 24 -26 26 27 -29 -30 -31
leaf_value=-0.046576345632241556 -0.051536541979809371 0.0645684961361353 -0.022317019550972685 -0.047072299126907122 -0.0023353422398341545 0.022900206453343716 -0.051484867209052668 0.0087225859165175092 0.012723712431774021 -0.0081659578380655334 0.039752201940443807 -0.028550685080310025 -0.052681839573315986 -0.051216433460523306 0.032064518411562375 0.062956368893110237 -0.017708043864874571 -0.067357596102860684 -0.048864834392025949 0.010950644957567557 -0.052977604999503325 -0.019273969336280429 -0.022843284443052465 -0.00081820345917471733 -0.027910115846707269 -0.056757352135939979 0.017466911072636145 -0.053017960710369974 0.011422887866720785 -0.038548114008763928
leaf_weight=2706.444200460799 2740.7558975793654 29632.882307051215 3380.7107632209081 28993.494792421872 58893.777365287067 2092.552951419726 4087.3886471895385 34032.797417517286 4730.3240372315049 17153.529755413532 18287.523978699581 3926.4289419945562 1000.0790779149393 4791.6182571950485 19427.403783734422 1819.4616210856475 1984.2583956175949 15754.624731226068 10237.790839959809 4387.0285229256842 7389.9045661480632 53996.288429254317 13694.764736628742 10050.524129103054 15748.160432992503 8835.8606049713562 3118.686249632854 1159.092971274571 280902.39889373136 3449.6165915557649
leaf_count=51703 24337 45240 22842 593787 247930 8186 99828 122872 13875 123494 25815 14957 6446 76500 30847 2305 9013 341689 155124 13648 137120 449218 124589 71641 189293 137443 11203 23021 545014 17571
internal_value=0 0.0144599 -0.0175558 -0.0147212 -0.0104027 -0.0173671 0.00941221 0.0138433 0.0100526 -0.034373 0.0114276 0.0119259 0.0300305 -0.0175941 0.0172021 0.0106171 0.0341273 -0.059448 -0.027561 0.0111474 -0.0288098 -0.0265041 -0.0137117 -0.00691365 -0.0173673 -0.0230818 -0.0387769 -0.00163423 0.0108187 -0.0108249
internal_weight=668406 366521 301885 282750 231811 171523 60288.3 56201 336888 50938.6 318463 315757 21271.9 21945.1 53460.2 294485 20271.8 19135.3 86830.2 290559 84737.6 77347.7 18425.1 84692.5 25798.7 67109.9 13113.6 4277.78 288739 7836.65
internal_count=3736551 870176 2866375 2501844 1708063 1430179 277884 178056 824936 793781 686472 634769 41274 199994 153719 593495 34828 364531 921315 578538 913129 776009 138464 508864 260934 620885 171667 34224 576233 31219
cat_boundaries=0 1 41 80 91 102 126 150 184 224 248 254 294 332 337
cat_threshold=199 524320 0 0 0 16384 0 0 0 0 0 0 0 0 0 0 0 0 0 0 0 0 0 0 0 0 0 0 0 0 0 0 0 0 8388608 4194816 67108864 0 1 2147483648 65536 0 0 0 0 0 0 0 0 0 0 0 0 0 0 0 0 0 0 0 0 0 0 0 0 0 0 0 0 0 0 0 0 0 1073741824 0 512 1 8192 32768 0 0 4 0 16384 0 0 0 0 131072 8388608 0 0 0 0 0 0 0 0 0 0 8388608 0 0 0 0 4096 0 0 0 0 0 0 0 0 0 0 0 0 0 0 0 0 0 0 64 0 0 0 0 4096 0 0 0 0 0 0 0 0 0 0 0 0 0 0 0 0 0 0 224 0 0 0 0 0 0 0 0 0 0 0 0 0 128 0 0 0 0 0 0 0 0 0 0 0 0 0 0 0 0 0 0 0 16384 0 0 0 0 0 0 0 0 0 0 0 0 0 0 0 0 0 0 0 0 0 0 0 0 0 0 0 0 0 0 0 0 0 0 4194816 67109376 0 1 2147483648 65536 0 0 0 0 0 0 0 0 0 131072 8388608 0 0 0 0 0 0 0 0 0 0 0 0 32 0 0 4096 0 0 8388608 8192 0 0 0 0 0 0 0 0 0 0 0 0 0 0 0 0 0 0 0 0 0 0 0 0 0 0 0 0 0 0 0 0 0 0 0 0 0 0 262144 0 0 0 0 0 0 0 0 0 0 0 0 0 0 0 0 0 0 0 0 0 0 0 0 0 0 0 0 0 0 0 0 0 0 0 512 0 8192 0 0 0 0 4096
is_linear=0
shrinkage=0.05


Tree=9
num_leaves=31
num_cat=9
split_feature=178 187 246 189 177 185 178 253 229 208 187 191 182 245 182 178 191 178 178 191 194 191 194 191 211 177 191 191 191 180
split_gain=59460.6 27060.8 13996.7 10282.1 11682.3 6022.25 5392.62 4864.89 4151.68 3733.35 3723 2752.23 2297.42 2448.3 2218.63 2207.01 5318.33 2049.08 2029.3 2015.44 1716.7 1695.88 1554.98 1482.06 1243.55 1223.92 1188.15 1089.96 1086.39 1072.56
threshold=0 1.0000000180025095e-35 1.0000000180025095e-35 1.0000000180025095e-35 1 1.0000000180025095e-35 2 1.0000000180025095e-35 7.5000000000000009 1.0000000180025095e-35 1.0000000180025095e-35 12.500000000000002 3 1.0000000180025095e-35 4 5 10.500000000000002 6 7 19.500000000000004 1.0000000180025095e-35 19.500000000000004 1.0000000180025095e-35 9.5000000000000018 1.0000000180025095e-35 8 5.5000000000000009 8.5000000000000018 6.5000000000000009 4.5000000000000009
decision_type=9 2 2 2 1 2 9 2 2 2 2 2 9 2 9 9 2 9 9 2 2 2 2 2 2 1 2 2 2 2
left_child=1 7 3 4 5 9 28 12 15 11 -5 20 13 19 -12 16 -8 -11 27 -1 -2 26 -10 25 29 -17 -9 -4 -6 -14
right_child=2 -3 18 10 6 -7 8 21 22 17 14 -13 24 -15 -16 23 -18 -19 -20 -21 -22 -23 -24 -25 -26 -27 -28 -29 -30 -31
leaf_value=0.037821502620342416 -0.013141980407073622 0.062803089565922524 -0.045768924686924714 -0.045230724628580535 0.0068865544859575013 -0.049167942258961733 0.0014895343260792823 0.017084136843343409 -0.016381564571930851 -0.055071215142455533 -0.0082380041910199552 0.014426544949292767 0.011875765810756046 -0.051848404426713561 -0.04532524692765097 -0.044534765884702621 -0.04429099882404413 0.030467274134088243 -0.066657242615852902 -0.015807318682431879 0.0066191662067363061 -0.060912654610689676 0.02387615503904755 -0.022016507119397736 0.061461090597379357 -0.027401650359297008 -0.015737434431125782 0.013529698776739679 -0.0079866895176850059 -0.010953142295903301
leaf_weight=17983.460101750097 26245.400870333309 28026.925036236178 1984.3172458927147 27558.363026345789 17775.213583557634 4828.8903019981226 19931.747099810396 3498.8961710352451 3874.372875863919 718.40009795199148 16198.235246107564 31294.2795260282 234534.43136908353 896.47425191896036 5365.8068109652377 20136.362146164407 9304.9940394758596 19147.37324029603 13873.65749997698 1940.5844715281855 18907.161065265071 1722.2359644868993 6295.3841679122997 38272.833227529482 1245.2925445428118 21976.564380247379 13001.67024354625 1270.7975255061174 39693.058456462284 5259.8888550377451
leaf_count=25815 115140 45240 14010 593787 53249 119336 95259 9138 24039 11136 112596 84125 438479 6446 87398 194080 161036 30934 332849 9013 46289 34596 22430 513715 2162 168666 94730 8685 270176 11997
internal_value=0 0.0159602 -0.014268 -0.0119641 -0.00824272 0.00531671 -0.0159789 0.0112732 -0.0220194 0.00804929 -0.0330544 0.00303091 0.0130116 0.0289463 -0.0174924 -0.0248564 -0.0130766 0.02736 -0.0583284 0.0325976 -0.00486712 -0.0137062 0.00853863 -0.0291353 0.0116334 -0.0356115 -0.00877711 -0.0225494 -0.00338563 0.011375
internal_weight=652763 308110 344653 327524 278402 101142 177261 280083 119792 96312.6 49122.4 76446.8 261860 20820.5 21564 109623 29236.7 19865.8 17128.8 19924 45152.6 18222.8 10169.8 80385.8 241040 42112.9 16500.6 3255.11 57468.3 239794
internal_count=3736551 677616 3058935 2703391 1909610 406960 1502650 632376 1179225 287624 793781 245554 493912 41274 199994 1132756 256295 42070 355544 34828 161429 138464 46469 876461 452638 362746 103868 22695 323425 450476
cat_boundaries=0 39 40 80 104 128 167 168 208 209
cat_threshold=0 0 4 0 20480 0 0 0 0 131072 0 0 0 0 0 0 0 0 0 0 0 0 0 224 0 0 0 0 0 0 0 0 0 41943040 4194304 0 0 0 2147483648 8448 0 0 0 0 0 0 0 0 0 0 0 0 0 0 0 0 0 0 0 0 0 0 0 0 0 0 0 0 0 0 0 0 0 1073741824 512 67109376 1 1 0 65536 0 0 0 0 4096 0 0 0 0 0 0 0 0 0 0 0 0 0 0 0 0 0 0 64 0 0 0 0 0 0 0 0 0 0 0 0 0 0 0 0 0 0 0 0 0 0 0 224 0 0 0 0 0 0 0 0 0 0 0 0 0 0 0 0 0 0 0 0 0 0 0 0 0 0 0 0 0 0 0 0 0 0 0 0 0 0 33280 8192 0 0 0 0 0 0 0 0 0 0 0 0 0 0 0 0 0 0 0 0 0 0 0 0 0 0 0 0 0 0 0 0 0 0 512 67109376 0 1 0 65536 4224
is_linear=0
shrinkage=0.05


Tree=10
num_leaves=31
num_cat=9
split_feature=178 187 179 188 178 213 253 178 182 234 178 248 247 182 245 197 234 187 194 182 191 191 191 180 245 191 229 194 225 177
split_gain=51943.8 24855.4 10405.3 8392.17 7516.06 6187.16 4104.53 3609.91 3657.16 2525.09 2464.66 2313.55 2950.68 2172.6 2189.43 2119.24 1880.99 1645.92 1581.93 1554.23 1546.48 1447.04 1439.92 1390.4 2681.02 1530.36 1373.65 1387.78 1341.61 1333.94
threshold=0 1.0000000180025095e-35 1 1.0000000180025095e-35 2 1.0000000180025095e-35 1.0000000180025095e-35 3 4 1.0000000180025095e-35 5 1.0000000180025095e-35 1.0000000180025095e-35 6 1.0000000180025095e-35 1.0000000180025095e-35 1.0000000180025095e-35 1.0000000180025095e-35 1.0000000180025095e-35 7 6.5000000000000009 20.500000000000004 15.500000000000002 4.5000000000000009 1.0000000180025095e-35 6.5000000000000009 7.5000000000000009 1.0000000180025095e-35 1.0000000180025095e-35 8
decision_type=9 2 9 2 9 2 2 9 9 2 9 2 2 9 2 2 2 2 2 9 2 2 2 2 2 2 2 2 2 1
left_child=1 6 15 4 26 9 13 -6 -9 -5 -7 12 16 14 22 -2 17 19 -17 -10 -8 -13 -1 -15 25 -25 28 -28 -4 -21
right_child=2 -3 3 5 7 10 20 8 11 -11 -12 21 -14 23 -16 18 -18 -19 -20 29 -22 -23 -24 24 -26 -27 27 -29 -30 -31
leaf_value=0.038147604766260224 0.061290716793270472 0.061190414873491389 -0.029648032537851407 -0.0061614010034091345 -0.046914576991466263 -0.053083513033336131 0.011187244887108953 -0.054861925112535209 -0.054369719367817239 -0.048869867527610661 0.027683640229970392 -0.06005200814889098 0.015196062151776185 0.011379880505717041 -0.050117992884878206 -0.013993586091712093 -0.065102929636958115 -0.0063030281835117071 0.0088075613407307702 -0.0091643965688788208 -0.021653075194413968 0.0050724391894190531 0.0044414765087938896 0.026383920320330045 0.032250523677277675 -0.055757745829594633 -0.01545514859503642 0.022919073094728747 -0.0086398523389839277 -0.025105653788472959
leaf_weight=15516.724665944115 1712.2566966253798 26513.321197180077 8611.3121146648773 15074.74283709086 20397.631594327424 985.74648668710142 4949.0555299278349 9184.7569675274426 3978.497567513783 4491.9504532360006 18855.517846051138 5832.4192325675685 5488.9098236388527 234763.1228181888 862.53134380897973 9244.7599419872276 2512.6528911419446 15649.240956477704 42927.002029615222 15772.435495831131 13000.326794435619 998.81536655192031 3982.1745557724498 704.75676020793617 2024.2286020219326 2894.1015980266966 3759.8701487767976 6307.9725777332205 64681.562305883039 79341.375015742844
leaf_count=21189 2305 45240 72450 73595 385565 15491 13875 250514 93198 116659 36242 121521 28194 440641 6446 34555 62329 105752 100456 135407 124589 15599 13639 1223 2800 7974 24039 22430 465257 897377
internal_value=0 0.0149293 -0.013569 -0.0174169 -0.0208949 0.00398267 0.0105288 -0.0272649 -0.024373 -0.0159673 0.0236567 -0.0222076 -0.0206329 0.0121208 0.027802 0.0065626 -0.0223102 -0.0213728 0.00476704 -0.0237526 -0.0125979 -0.0505296 0.0312645 0.0107909 -0.0137778 -0.0396693 -0.00872849 0.00858754 -0.0111084 -0.0224635
internal_weight=641020 305210 335809 281925 242517 39408 278697 159157 138759 19566.7 19841.3 129574 122743 260748 20361.4 53884 117254 114742 52171.8 99092.3 17949.4 6831.23 19498.9 240386 5623.09 3598.86 83360.7 10067.8 73292.9 95113.8
internal_count=3736551 677616 3058935 2921619 2679632 241987 632376 2095456 1709891 190254 51733 1459377 1322257 493912 41274 137316 1294063 1231734 135011 1125982 138464 137120 34828 452638 11997 9197 584176 46469 537707 1032784
cat_boundaries=0 39 73 113 153 164 165 189 213 214
cat_threshold=0 0 4 0 20480 0 0 0 0 131072 0 0 0 0 0 0 0 0 0 0 0 0 0 224 0 0 0 0 0 0 0 0 0 41943040 4194304 0 0 0 2147483648 0 0 4096 0 0 8388608 0 0 0 0 0 0 0 0 0 0 0 0 0 0 0 0 0 0 0 0 0 0 0 0 0 0 0 65536 0 0 0 0 0 0 0 0 0 0 0 0 0 0 0 0 0 0 0 0 0 0 0 0 0 0 0 0 0 0 0 0 0 1073741824 512 67109376 1 8193 0 65536 8192 0 0 0 0 0 0 0 0 0 8388608 0 0 0 0 0 0 0 0 0 0 0 0 0 0 0 0 0 0 0 0 0 0 0 0 0 16 0 0 262144 0 0 0 0 20480 0 0 0 0 131072 8388608 8192 0 0 0 0 4096 0 0 0 0 0 0 0 0 0 0 0 0 0 0 0 0 0 0 64 0 0 4 0 0 0 0 0 0 0 0 0 0 0 0 0 0 0 0 0 0 0 0 32 9472
is_linear=0
shrinkage=0.05


Tree=11
num_leaves=31
num_cat=13
split_feature=178 187 246 181 214 213 178 253 187 179 198 178 182 182 178 182 178 191 191 250 214 194 178 228 191 246 229 222 194 178
split_gain=46401.7 22942.2 12429.1 8607.31 9094.56 5502.64 4687.85 3833.79 2891.05 2487.64 2677.14 2146.31 2069.24 2045.65 1844.13 1780.96 1772.4 3219.9 1381.27 1370.02 2795.51 1634.22 1235.18 1645.92 1187.72 1013.04 994.561 1165.25 1232.12 1790.58
threshold=0 1.0000000180025095e-35 1.0000000180025095e-35 4.5000000000000009 1 1.0000000180025095e-35 2 1.0000000180025095e-35 1.0000000180025095e-35 3 1.0000000180025095e-35 4 5 6 7 8 9 10.500000000000002 21.500000000000004 1.0000000180025095e-35 10 1.0000000180025095e-35 11 1.5000000000000002 6.5000000000000009 1.0000000180025095e-35 8.5000000000000018 1.0000000180025095e-35 1.0000000180025095e-35 12
decision_type=9 2 2 2 1 2 9 2 2 9 2 9 9 9 9 9 9 2 2 2 1 2 9 2 2 2 2 2 2 9
left_child=1 7 3 4 19 6 13 12 -5 -8 26 -7 18 -6 -4 -10 17 -15 -1 20 -2 -21 23 -14 -9 -24 27 28 -11 -30
right_child=2 -3 14 8 5 11 9 24 15 10 -12 -13 22 16 -16 -17 -18 -19 -20 21 -22 -23 25 -25 -26 -27 -28 -29 29 -31
leaf_value=0.030164939501178063 -0.021569118769656542 0.059866255664811574 -0.021159782168073391 -0.04222216692071612 -0.0024754662030641453 -0.050993977514008575 0.059404543737490691 0.008229248561193718 -0.00034265183533849653 -0.0021102494864833911 0.0085301276088536378 0.026442958932980966 -0.0060161780932811992 0.0026122088286133147 -0.06454600195796685 -0.029811792517137864 -0.043684882718993408 -0.052201376681112334 -0.028426342403952854 0.023406219497659253 -0.050827525737323999 -0.049998269783708617 0.011661130712056605 0.030726300508496774 -0.020765743758177229 -0.044240545889723773 0.011005348027931967 -0.023030968963878948 -0.029456939568802722 -0.0033556095428551726
leaf_weight=18849.549580934923 43328.229808937525 25175.809754356742 3072.368617705768 25090.207428380963 9410.4038909587543 931.43236374459229 1646.8841507243924 4907.1761392215267 9061.4131533502368 67744.765056640637 42440.842422330519 18597.833172593266 20380.008240956813 7753.390552714467 12772.968688508088 11816.892537040811 11891.219656001515 4093.1899634044385 1062.1267615575343 2828.0069145617308 10075.441633171751 1035.4313681308122 213997.42515049409 3583.4656727518886 12597.694074645755 812.99485328374431 7820.4766094228253 10802.728657863423 11687.008129977039 15016.667101169878
leaf_count=33777 454790 45240 22695 593787 45147 15491 2305 13875 53247 306021 100456 36242 67073 46306 332849 146747 216369 84757 7497 11203 189146 23021 369598 7115 124589 8852 33788 85131 149383 110054
internal_value=0 0.0141729 -0.0129857 -0.0107994 -0.00736004 -0.00253936 -0.00513328 0.0100081 -0.0307837 -0.00152833 -0.00217761 0.0227356 0.0115405 -0.0222172 -0.0561889 -0.0170369 -0.0300386 -0.016314 0.0270251 -0.0250188 -0.0271033 0.00372803 0.0102476 -0.000520805 -0.0126372 0.0114489 -0.00619696 -0.00747524 -0.00569586 -0.0147918
internal_weight=630284 301366 328918 313072 267104 209837 190308 276190 45968.5 157159 155512 19529.3 258686 33148.2 15845.3 20878.3 23737.8 11846.6 19911.7 57267.1 53403.7 3863.44 238774 23963.5 17504.9 214810 113072 105251 94448.4 26703.7
internal_count=3736551 677616 3058935 2703391 1909610 1231450 1179717 632376 793781 787138 784833 51733 493912 392579 355544 199994 347432 131063 41274 678160 643936 34224 452638 74188 138464 378450 684377 650589 565458 259437
cat_boundaries=0 39 40 80 86 87 111 135 175 199 238 239 278 317
cat_threshold=0 0 4 0 20480 0 0 0 0 131072 0 0 0 0 0 0 0 0 0 0 0 0 0 224 0 0 0 0 0 0 0 0 0 41943040 4194304 0 0 0 2147483648 540 524320 0 0 0 0 0 0 0 0 0 0 0 0 0 0 0 0 0 0 0 0 0 0 0 0 0 0 0 0 0 0 0 0 0 0 0 16 0 512 262144 0 0 4096 0 0 8388608 8192 0 0 0 0 4096 0 0 0 0 0 0 0 0 0 0 0 0 0 0 0 0 0 0 64 0 0 0 0 4096 0 0 0 0 0 0 0 0 0 0 0 0 0 0 0 0 0 0 96 0 0 0 0 0 0 0 0 0 0 0 0 0 0 0 0 0 0 0 0 0 0 0 0 0 0 0 0 0 0 0 0 0 0 512 67109376 0 1 0 65536 0 0 0 0 0 0 0 0 0 0 0 0 0 0 0 0 0 0 0 0 0 0 0 160 0 0 0 0 0 0 0 0 0 0 0 0 0 0 0 0 0 0 0 0 0 0 0 0 0 0 0 0 0 0 0 0 0 0 0 0 0 0 512 24 0 0 0 0 4096 0 0 0 0 0 0 0 0 0 0 0 0 0 0 0 0 0 0 0 0 0 0 0 0 0 0 0 0 33554432 0 0 0 0 2147483648 8192 0 0 0 0 0 0 0 0 0 0 0 0 0 0 0 0 0 0 0 0 0 0 0 0 0 0 0 0 0 0 0 0 0 0 0 1 0 32768
is_linear=0
shrinkage=0.05


Tree=12
num_leaves=31
num_cat=10
split_feature=178 187 246 181 214 213 178 253 187 179 198 182 245 178 182 248 247 178 178 191 182 232 191 191 191 239 188 191 211 191
split_gain=41670.1 21010.5 11223.5 7920.85 7950.21 5048.93 4181.76 3649.01 2636.18 2281.69 2530.54 1967.14 1938.44 1836.19 1818.54 1719.77 3145.93 1706.34 1623.97 2664.57 1541.69 1205.17 1188.25 1154.27 1083.39 1059.06 2950.21 1102.44 1024.63 1008.37
threshold=0 1.0000000180025095e-35 1.0000000180025095e-35 4.5000000000000009 1 1.0000000180025095e-35 2 1.0000000180025095e-35 1.0000000180025095e-35 3 1.0000000180025095e-35 4 1.0000000180025095e-35 5 6 1.0000000180025095e-35 1.0000000180025095e-35 7 8 9.5000000000000018 9 135.00000000000003 17.500000000000004 18.500000000000004 16.500000000000004 1.0000000180025095e-35 1.0000000180025095e-35 2.5000000000000004 1.0000000180025095e-35 9.5000000000000018
decision_type=9 2 2 2 1 2 9 2 2 9 2 9 2 9 9 2 2 9 9 2 9 2 2 2 2 2 2 2 2 2
left_child=1 7 3 4 15 6 14 11 -5 -8 -11 12 24 -7 -6 16 21 -4 19 -16 -10 29 -17 -9 -1 26 28 -28 -13 -2
right_child=2 -3 17 8 5 13 9 23 20 10 -12 25 -14 -15 18 22 -18 -19 -20 -21 -22 -23 -24 -25 -26 -27 27 -29 -30 -31
leaf_value=0.03492094624234722 -0.03281664613985754 0.05849052045155112 -0.020713201237049329 -0.041035405945793781 -0.002858474646313512 -0.048416330527995523 0.057827135745426687 -0.0083680137033751191 -0.0099108362609466871 -0.0062149846407636494 0.0082613158328212321 0.0088716559571924754 -0.049184933989243229 0.025141448631196613 0.0033668170082242371 -0.06129102471208802 0.015244575559640663 -0.063177828574497802 -0.042464832665961294 -0.045870563736157603 -0.04464732693012903 0.076924879284767766 -0.011658849187641308 -0.051324074258411137 0.0028264583490753828 -0.017919105479059925 -0.02557070927527131 0.044216360163807242 0.056975062811642656 -0.01748478936191205
leaf_weight=15682.494585497188 23773.702112426894 23857.71541708312 2989.7755262813298 24229.777623400441 9348.4853155460441 880.7695050368784 1584.2411245226394 15498.354159850394 16498.913356866222 111388.42091241176 41410.861138198758 223422.28144143685 815.30762535368558 18417.340585596627 7052.4955173633061 4681.8878128393262 5396.4464025460184 11984.927967816766 11369.364437549142 4500.9195704615558 3957.4450063885888 286.36232325085439 1624.9717715191073 1738.9985287801246 3159.6419235114008 3396.2599451713613 609.45897820964456 7850.5247535742819 1112.094071389176 19545.28913923497
leaf_count=22518 226792 45240 22695 593787 45147 15491 2305 99089 123494 684377 100456 425192 6446 36242 38076 107865 28194 332849 216369 92987 76500 1003 29255 39375 12310 14059 1263 9962 2162 285051
internal_value=0 0.0134919 -0.0124923 -0.0104239 -0.00709664 -0.00257585 -0.00509325 0.00956395 -0.0298767 -0.00167065 -0.0022915 0.011063 0.0262596 0.0217708 -0.0214591 -0.0239257 -0.0207663 -0.0547569 -0.0290399 -0.0158019 -0.0166587 -0.0252231 -0.048506 -0.0127033 0.0295395 0.00979775 0.0102023 0.0391871 0.00911006 -0.0258994
internal_weight=618066 297143 320922 305948 261262 205953 186655 273285 44686.1 154384 152799 256048 19657.4 19298.1 32271.3 55308.7 49001.8 14974.7 22922.8 11553.4 20456.4 43605.4 6306.86 17237.4 18842.1 236391 232994 8459.98 224534 43319
internal_count=3736551 677616 3058935 2703391 1909610 1231450 1179717 632376 793781 787138 784833 493912 41274 51733 392579 678160 541040 355544 347432 131063 199994 512846 137120 138464 34828 452638 438579 11225 427354 511843
cat_boundaries=0 39 40 80 86 110 111 135 175 214 238
cat_threshold=0 0 4 0 20480 0 0 0 0 131072 0 0 0 0 0 0 0 0 0 0 0 0 0 224 0 0 0 0 0 0 0 0 0 41943040 4194304 0 0 0 2147483648 540 524320 0 0 0 0 0 0 0 0 0 0 0 0 0 0 0 0 0 0 0 0 0 0 0 0 0 0 0 0 0 0 0 0 0 0 0 16 0 512 262144 0 0 4096 0 0 8388608 0 0 0 0 4096 0 0 0 0 0 0 0 0 0 0 0 0 0 0 0 0 0 0 64 8192 0 0 0 0 4096 0 0 0 0 0 0 0 0 0 0 0 0 0 0 0 0 0 0 96 0 0 0 0 0 0 0 0 0 0 0 0 0 0 0 0 0 0 0 0 0 0 0 0 0 0 0 0 0 0 0 0 0 0 512 67109376 0 1 0 65536 0 0 0 0 0 0 0 0 0 0 0 0 0 0 0 0 0 0 0 0 0 0 0 0 0 0 0 0 0 0 0 0 0 0 0 0 0 0 512 0 0 0 0 4096 0 0 0 0 0 0 0 0 0 0 0 0 0 0 0 0 0 0 224
is_linear=0
shrinkage=0.05


Tree=13
num_leaves=31
num_cat=11
split_feature=178 187 246 181 214 213 178 253 187 198 179 182 245 248 247 182 178 178 192 178 182 250 214 194 181 194 192 192 188 184
split_gain=38633.8 19101.9 10160 7288.1 6900.66 4754.11 3653.39 3147.68 2294.98 2164.21 2394.83 1827.63 1704.62 1633.65 2496.87 1565.45 1551.83 1540.29 2228.9 1517 1420.34 1318.95 2391.62 1430.98 1053.41 1293.65 1046.38 1020.16 971.068 2353.39
threshold=0 1.0000000180025095e-35 1.0000000180025095e-35 4.5000000000000009 1 1.0000000180025095e-35 2 1.0000000180025095e-35 1.0000000180025095e-35 1.0000000180025095e-35 3 4 1.0000000180025095e-35 1.0000000180025095e-35 1.0000000180025095e-35 5 6 7 230.00000000000003 8 9 1.0000000180025095e-35 10 1.0000000180025095e-35 1.0000000180025095e-35 1.0000000180025095e-35 350.00000000000006 390.00000000000006 1.0000000180025095e-35 60.000000000000007
decision_type=9 2 2 2 1 2 9 2 2 2 9 9 2 2 2 9 9 9 2 9 9 2 1 2 2 2 2 2 2 2
left_child=1 7 3 4 5 6 15 11 -5 10 -8 12 24 14 21 -2 -7 18 -17 -4 -10 22 -6 -23 25 -1 -15 -9 -13 -30
right_child=2 -3 19 8 13 16 9 27 20 -11 -12 28 -14 26 -16 17 -18 -19 -20 -21 -22 23 -24 -25 -26 -27 -28 -29 29 -31
leaf_value=0.060397463566569859 -0.0035428335351930886 0.057249379726595551 -0.021273344145619568 -0.039845666460157511 -0.019700468028887263 -0.0457919434388964 0.056353235852184727 -0.0078867733763426408 -0.010387606836887553 0.0077875006697296113 -0.0065205336315206121 0.008853470709474601 -0.048420465782036265 -0.060254296790265706 0.011679130692156854 -0.0018526153533072677 0.024016222309723681 -0.04144639069472246 -0.052306429287616023 -0.061809638950065464 -0.044140195869204382 0.022669890253838986 -0.048860146534003515 -0.048053888621966988 0.019836919289363833 0.012760629597018021 -0.012823476909337141 -0.053173704513759502 -0.012421979270141308 0.039087263910732459
leaf_weight=4363.9267643645871 9322.8141550702858 22598.361434227787 2948.2038253331557 23259.805706503394 28946.4566648076 823.91660131281242 1525.3069178140722 15524.968876091414 16407.360013852478 40911.190139057813 110059.62135395047 222435.02106839523 747.17971162078902 4377.5654834679153 5534.6579802649794 8363.456321682781 18228.448444977636 10853.584350742982 2964.6466347663081 11270.490929175983 3844.7316044007312 2760.7212555675069 9307.3077917303017 964.73791469255229 12044.717661709699 2117.1355908205733 1584.1684347864648 1351.4298656053143 3117.6888875457225 7676.7470460357144
leaf_count=6845 45147 45240 22695 593787 289476 15491 2305 103868 123494 100456 684377 427354 6446 107865 28194 54520 36242 216369 76543 332849 76500 11203 189146 23021 22066 5917 29255 34596 14059 11225
internal_value=0 0.0130947 -0.0121662 -0.0102094 -0.00699999 -0.00279071 -0.00525276 0.00939085 -0.0291307 -0.00204947 -0.00565632 0.0107882 0.0255849 -0.022978 -0.0198861 -0.0207504 0.0209846 -0.0279773 -0.0150456 -0.0534644 -0.0168234 -0.024048 -0.0268137 0.00435006 0.0285849 0.0448391 -0.0476538 -0.011515 0.00956386 0.0242098
internal_weight=606236 291977 314259 300040 256529 203053 184001 269379 43511.9 152496 111585 252502 19273 53475.6 47513.9 31504.5 19052.4 22181.7 11328.1 14218.7 20252.1 41979.2 38253.8 3725.46 18525.8 6481.06 5961.73 16876.4 233229 10794.4
internal_count=3736551 677616 3058935 2703391 1909610 1231450 1179717 632376 793781 787138 686682 493912 41274 678160 541040 392579 51733 347432 131063 355544 199994 512846 478622 34224 34828 12762 137120 138464 452638 25284
cat_boundaries=0 39 40 80 86 110 134 135 174 214 238 239
cat_threshold=0 0 4 0 20480 0 0 0 0 131072 0 0 0 0 0 0 0 0 0 0 0 0 0 224 0 0 0 0 0 0 0 0 0 41943040 4194304 0 0 0 2147483648 3107 524320 0 0 0 0 0 0 0 0 0 0 0 0 0 0 0 0 0 0 0 0 0 0 0 0 0 0 0 0 0 0 0 0 0 0 0 16 0 512 262144 0 0 4096 0 0 8388608 0 0 0 0 4096 0 0 0 0 0 0 0 0 0 0 0 0 0 0 0 0 0 0 64 0 0 0 0 4096 0 0 0 0 0 0 0 0 0 0 0 0 0 0 0 0 0 0 96 8192 0 0 0 0 0 0 0 0 0 0 0 0 0 0 0 0 0 0 0 0 0 0 0 0 0 0 0 0 0 0 0 0 0 0 0 0 0 0 512 0 0 0 0 0 0 0 0 0 0 0 0 0 0 0 0 0 0 0 0 0 0 0 0 0 0 0 0 0 0 0 0 0 0 512 67109376 0 1 0 65536 0 0 0 0 4096 0 0 0 0 0 0 0 0 0 0 0 0 0 0 0 0 0 0 224 24
is_linear=0
shrinkage=0.05


Tree=14
num_leaves=31
num_cat=8
split_feature=178 180 198 188 178 213 179 253 248 194 185 177 182 250 229 178 191 194 178 188 184 194 206 191 178 191 185 245 211 194
split_gain=34941.7 12501.9 6992.32 5404.5 5188.67 4561.71 2790.17 2680.42 2379.66 2045.28 1947.66 1798.75 2296.73 2752.18 1445.91 1381.41 1333.79 1261.83 1150.24 1117.22 1248.39 1085.39 1014.74 993.37 967.846 900.815 893.146 892.988 851.345 843.625
threshold=0 3.0000000000000004 1.0000000180025095e-35 1.0000000180025095e-35 1 1.0000000180025095e-35 2 1.0000000180025095e-35 1.0000000180025095e-35 1.0000000180025095e-35 1.0000000180025095e-35 3 4 1.0000000180025095e-35 7.5000000000000009 5 5.5000000000000009 1.0000000180025095e-35 6 1.0000000180025095e-35 60.000000000000007 1.0000000180025095e-35 1.0000000180025095e-35 6.5000000000000009 7 17.500000000000004 1.0000000180025095e-35 1.0000000180025095e-35 1.0000000180025095e-35 1.0000000180025095e-35
decision_type=9 2 2 2 9 2 9 2 2 2 2 1 9 2 2 9 2 2 9 2 2 2 2 2 9 2 2 2 2 2
left_child=1 7 3 4 16 10 -6 19 11 -3 -5 12 26 -14 24 -7 18 -16 -2 28 -21 -15 -20 -9 -13 -10 29 -11 -1 -8
right_child=2 9 -4 5 6 15 8 23 25 27 -12 14 13 21 17 -17 -18 -19 22 20 -22 -23 -24 -25 -26 -27 -28 -29 -30 -31
leaf_value=0.0087498586668997395 0.0097120290284228306 0.051188519986949725 0.0077133034440820319 -0.006055946856630889 0.054937302444021577 -0.04460056488715209 -0.014156444064565406 0.0085386718458748314 -0.058547960684448286 0.016613392749585672 -0.045436704357319779 -0.019096036349376868 -0.047582094628286685 0.016100404782832613 -0.015401962239995008 0.02309892537545984 -0.035507724331733756 0.021875408277236535 -0.041107553462202184 -0.0093541616562842714 0.025500544248568298 -0.046569547288762524 -0.00047204689002698836 -0.018519297307523459 -0.0096856995702783721 -0.01365853243020515 -0.058735037834527951 0.043307854630157294 0.05408392306569032 0.020106300527027443
leaf_weight=215020.00255678722 3178.8762205224484 20156.251520004938 40222.075050216634 14146.955174636329 1467.9420971188229 777.69381735078059 3894.3944951407611 4759.6932240882888 4047.7744100460259 8793.7422204106115 4034.9499205128523 37562.990908303414 12582.467204113957 2875.7968234372092 3651.1755628047977 18093.669666439993 41241.672243293026 5999.5567379663698 4362.4086085119052 2969.4403857983998 19030.567415863043 908.79578864606447 2371.7844505135436 11800.536343849555 100635.69190483275 1544.7435887918982 668.58903275302146 4868.0830475078546 1040.186421951279 3334.2538055944024
leaf_count=413195 12355 44536 100456 73595 2305 15491 38777 13875 107865 21929 116659 416455 276508 11203 24039 36242 890008 22430 64553 14059 32404 23021 17146 124589 730578 29255 17630 10867 2162 32364
internal_value=0 0.0125016 -0.0117227 -0.0146469 -0.017498 0.00307618 -0.0134855 0.00870827 -0.0140539 0.0410648 -0.0147967 -0.0130116 -0.0256296 -0.0363155 -0.0109382 0.0202962 -0.0315432 0.00777162 -0.0150796 0.0100613 0.0207957 0.00104596 -0.0267578 -0.010742 -0.0122456 -0.046152 -0.00346335 0.026127 0.00896826 0.00164704
internal_weight=596043 288439 307604 267382 230329 37053.3 179174 254620 177706 33818.1 18181.9 172114 24264.3 16367.1 147849 18871.4 51154.7 9650.73 9913.07 238060 22000 3784.59 6734.19 16560.2 138199 5592.52 7897.24 13661.8 216060 7228.65
internal_count=3736551 677616 3058935 2958479 2716492 241987 1732430 600284 1730125 77332 190254 1593005 399503 310732 1193502 51733 984062 46469 94054 461820 46463 34224 81699 138464 1147033 137120 88771 32796 415357 71141
cat_boundaries=0 39 79 85 86 110 111 150 189
cat_threshold=0 0 4 0 20480 0 0 0 0 131072 0 0 0 0 0 0 0 0 0 0 0 0 0 224 0 0 0 0 0 0 0 0 0 41943040 4194304 0 0 0 2147483648 532480 0 0 0 0 0 0 0 0 0 8388608 0 0 0 0 0 0 0 0 0 0 0 0 0 0 0 0 0 0 0 0 0 0 0 0 0 16 0 512 262144 0 0 4096 0 0 8388608 4352 0 0 4 0 0 0 0 0 0 0 0 0 0 0 0 0 0 0 0 0 0 0 0 192 8192 0 0 0 0 0 0 0 0 0 0 0 0 0 0 0 0 0 0 0 0 0 0 0 0 0 0 0 0 0 0 0 0 0 0 0 0 0 0 512 0 0 0 0 0 0 0 0 0 0 0 0 0 0 0 0 0 0 0 0 0 0 0 0 0 0 0 0 0 0 0 0 0 0 0 0 1073741824 8192 32768
is_linear=0
shrinkage=0.05


Tree=15
num_leaves=31
num_cat=7
split_feature=214 187 246 181 213 214 191 200 253 187 194 182 245 191 179 248 247 182 179 182 229 181 191 208 211 191 232 191 191 191
split_gain=30861.7 17851.6 8616.67 5157.9 6087.73 3770.47 2969.6 3288.98 2250.22 2160.89 2139.03 1688.66 1563.43 1499.94 1485.6 1439.5 1646.45 1355.16 1216.26 1161.93 1153.88 1146.04 2258.71 1113.41 1092.31 983.269 970.673 867.927 865.826 820.141
threshold=0 1.0000000180025095e-35 1.0000000180025095e-35 4.5000000000000009 1.0000000180025095e-35 1 10.500000000000002 1.0000000180025095e-35 1.0000000180025095e-35 1.0000000180025095e-35 1.0000000180025095e-35 2 1.0000000180025095e-35 19.500000000000004 3 1.0000000180025095e-35 1.0000000180025095e-35 4 5 6 7.5000000000000009 1.0000000180025095e-35 11.500000000000002 1.0000000180025095e-35 1.0000000180025095e-35 17.500000000000004 135.00000000000003 9.5000000000000018 6.5000000000000009 17.500000000000004
decision_type=1 2 2 2 2 1 2 2 2 2 2 9 2 2 9 2 2 9 9 9 2 2 2 2 2 2 2 2 2 2
left_child=1 8 3 4 5 6 7 -2 11 -5 -9 12 13 -1 -13 16 19 -11 -16 -7 -8 22 24 -6 -20 -23 27 -21 -10 -17
right_child=2 -3 -4 9 23 15 20 10 28 17 -12 14 -14 -15 18 29 -18 -19 21 26 -22 25 -24 -25 -26 -27 -28 -29 -30 -31
leaf_value=0.030328435061879763 -0.0024781553593477214 0.055208447325421212 -0.051083801926460663 -0.037858839624342999 -0.02703861016877997 -0.0060676938955793519 -0.018354341948787517 0.043941945425194917 0.0071235161320935009 -9.1071620645845816e-05 -0.025425594405382487 -0.027027843472885272 -0.048572931040744859 -0.017698750001340701 0.053554186796625172 -0.057185080246635545 0.0090865401265862768 -0.026765243134498653 -0.0019535873118169829 -0.030718327910366716 0.009420592079736877 0.012699940673423518 0.010910758096170273 0.022786379143358886 0.058229091411759949 -0.00020820265086542611 0.071616183375921003 -0.016569389220879853 -0.018313693588097091 -0.013786219965679603
leaf_weight=16241.129619718005 66221.921583892487 20542.988684776239 14074.860881513683 21648.498119979922 1197.3311937982216 11592.44276116605 37376.975340800243 6415.65456897486 4697.1773919004481 8624.7158903066302 1343.7111688121222 3143.3735567019321 740.68919089384144 1806.059000152396 1415.586926351767 3801.911696879688 5258.7397011819994 10636.581829456321 79622.908424528316 24476.673999093691 4154.4491155793658 103914.95305929222 69793.528861067374 17534.841187465587 760.65708320122212 17193.36967461626 264.02691475348547 19460.475565486544 11618.650387095462 1526.3013926401618
leaf_count=25815 338132 45240 364531 593787 14589 65407 467141 9030 13875 53247 3191 14957 6446 9013 2305 107865 28194 146747 217316 263813 22125 171195 204818 37144 1802 32805 1003 321174 124589 29255
internal_value=0 0.0100663 -0.0130545 -0.0108389 -0.00753938 -0.0103345 -0.0048756 0.00113057 0.00708421 -0.0270195 0.0319279 0.00808515 0.0225869 0.0255215 0.00709629 -0.0198298 -0.0176572 -0.0148357 0.00749068 -0.0201781 -0.0155758 0.00724823 0.00433005 0.0196007 -0.00138367 0.0108674 -0.0238717 -0.0244519 -0.0109903 -0.0447566
internal_weight=587101 331491 255610 241535 200625 181893 115513 73981.3 310948 40909.8 7759.37 294632 18787.9 18047.2 275844 66380.6 61052.4 19261.3 272701 55793.6 41531.4 271285 150177 18732.2 80383.6 121108 44201.2 43937.1 16315.8 5328.21
internal_count=3736551 870176 2866375 2501844 1708063 1656330 839619 350353 824936 793781 12221 686472 41274 34828 645198 816711 679591 199994 630241 651397 489266 627936 423936 51733 219118 204000 585990 584987 138464 137120
cat_boundaries=0 1 2 26 60 84 90 114
cat_threshold=199 3072 0 0 0 0 4096 0 0 0 0 0 0 0 0 0 0 0 0 0 0 0 0 0 0 64 0 0 0 0 0 0 0 0 0 0 0 0 0 128 0 0 0 0 0 0 0 0 0 0 0 0 0 0 0 0 0 0 0 16384 0 0 0 0 0 0 0 0 0 0 0 0 0 0 0 0 0 0 0 0 0 0 0 160 0 0 4096 0 0 8388608 0 0 0 0 4096 0 0 0 0 0 8388608 0 0 0 0 0 0 0 0 0 0 0 0 96
is_linear=0
shrinkage=0.05


Tree=16
num_leaves=31
num_cat=10
split_feature=178 187 246 178 182 214 185 208 253 198 182 179 182 178 181 182 245 246 191 248 247 187 207 191 178 191 180 245 191 229
split_gain=31264.7 15036.1 8003.48 5480.72 5549.57 4773.93 3450.77 4947.22 2618.63 2360.3 2119.52 2035.09 1780.24 1377.74 1328.03 1280.9 1520.1 1151.01 1145.01 1126.19 1086.74 1036.55 1155.97 972.497 948.09 1236.64 923.988 2058.83 1109.64 874.072
threshold=0 1.0000000180025095e-35 1.0000000180025095e-35 1 2 3 1.0000000180025095e-35 1.0000000180025095e-35 1.0000000180025095e-35 1.0000000180025095e-35 4 5 6 7 4.5000000000000009 8 1.0000000180025095e-35 1.0000000180025095e-35 20.500000000000004 1.0000000180025095e-35 1.0000000180025095e-35 1.0000000180025095e-35 1.0000000180025095e-35 2.5000000000000004 9 12.500000000000002 4.5000000000000009 1.0000000180025095e-35 6.5000000000000009 8.5000000000000018
decision_type=9 2 2 9 9 1 2 2 2 2 9 9 9 9 2 9 2 2 2 2 2 2 2 2 9 2 2 2 2 2
left_child=1 8 3 12 -5 19 7 9 15 11 -8 -7 -2 23 29 16 18 24 -1 20 -6 22 -16 -4 25 -17 -26 28 -28 -13
right_child=2 -3 13 4 5 6 10 -9 -10 -11 -12 14 -14 -15 21 17 -18 -19 -20 -21 -22 -23 -24 -25 26 -27 27 -29 -30 -31
leaf_value=0.029197457045045123 -0.012592967649309499 0.054207832839942655 -0.078470990847411298 -0.054188343223526059 -0.021414028373067613 0.05240110832087589 0.026826406641156021 0.019440123212109028 -0.010814105119805116 0.0055931661865036269 -0.055294339514259994 -0.0079589589720748515 -0.044909950220773757 -0.05916726485464651 -0.04934467420250789 0.0045746266971050898 -0.048870368449663838 -0.033258414656006104 -0.019229277988357024 -0.043342300396044135 0.0026034678848362706 -0.011150903562461409 -0.010614380416846342 0.0086220864588374291 0.01025838450462749 -0.043688071912932808 0.023393427210351123 0.033915172059916253 -0.051044541964343451 0.0096896350546348126
leaf_weight=16321.844516057114 6187.9924552757293 19479.057610012358 416.19964122585952 6293.1571769823786 36942.819507758089 1360.0621504192241 937.91762586269761 23096.922842602886 16155.85845277179 39711.75701855612 4753.7093587387935 110215.33499849695 13878.142921838182 9947.9134785290225 5033.1728699028317 4444.286357000703 712.91513782268157 1603.7938935104758 1318.8101117480546 5045.9136388925544 5397.5522791640833 11352.524077688926 3122.2964356122538 1388.1159205026343 217589.62507840979 1891.8195975517156 627.57615403179079 1598.3472747858614 2468.3606232220773 7491.8994170946535
leaf_count=26936 91650 45240 2592 189020 461143 2305 13180 79885 138464 100456 156035 752243 314426 332849 158688 16635 6446 17251 7892 137120 28194 93176 64514 11839 428003 14584 1223 2800 7974 33788
internal_value=0 0.0118107 -0.0114732 -0.0097818 -0.00784281 -0.00669442 -0.00341774 -0.00233273 0.00869151 -0.00515345 -0.0418097 -0.00823317 -0.0349561 -0.0518976 -0.00883758 0.00995928 0.0226707 0.00894447 0.0255764 -0.0210093 -0.0183522 -0.020921 -0.0345191 -0.0114177 0.00924102 -0.00982156 0.00978443 -0.0121611 -0.0359523 -0.00683557
internal_weight=576786 284212 292573 280821 260755 254462 207076 201384 264733 178287 5691.63 138575 20066.1 11752.2 137215 248577 18353.6 230224 17640.7 47386.3 42340.4 19508 8155.47 1804.32 228620 6336.11 222284 4694.28 3095.94 117707
internal_count=3736551 713448 3023103 2675823 2269747 2080727 1454270 1285055 668208 1205170 169215 1104714 406076 347280 1102409 529744 41274 488470 34828 626457 489337 316378 223202 14431 471219 31219 440000 11997 9197 786031
cat_boundaries=0 39 79 90 91 96 102 113 153 177 182
cat_threshold=0 0 4 0 20480 0 0 0 0 131072 0 0 0 0 0 0 0 0 0 0 0 0 0 224 0 0 0 0 0 0 0 0 0 41943040 4194816 0 0 0 2147483648 8192 0 0 0 0 0 0 0 0 0 8388608 0 0 0 0 0 0 0 0 0 0 0 0 0 0 0 0 0 0 0 0 0 0 0 0 0 16 0 0 262144 0 0 0 0 16384 0 0 0 0 131072 8388608 536 0 0 4 0 4096 0 0 4096 0 0 8388608 0 0 0 0 4096 0 0 0 0 131072 8388608 0 0 0 0 0 0 0 0 0 0 0 0 0 0 0 0 0 0 0 0 0 0 0 0 0 0 0 0 0 0 0 0 0 0 0 67109376 0 1 0 65536 0 0 0 0 4096 0 0 0 0 0 0 0 0 0 0 0 0 0 0 0 0 0 0 64 0 0 0 0 4096
is_linear=0
shrinkage=0.05


Tree=17
num_leaves=31
num_cat=11
split_feature=178 187 246 178 182 214 185 235 198 253 179 182 182 178 189 182 245 192 248 246 187 207 232 247 192 192 178 228 192 178
split_gain=28435.5 13866.8 7330.62 5044.61 4888.33 4399.65 3009.21 4455.97 2529.94 2431.59 1897.25 1886.93 1589.44 1308.29 1220.43 1171.72 1423.71 1242.85 995.794 989.066 908.586 992.935 861.369 876.653 874.326 858.571 850.93 1523.16 850.684 2875.46
threshold=0 1.0000000180025095e-35 1.0000000180025095e-35 1 2 3 1.0000000180025095e-35 1.0000000180025095e-35 1.0000000180025095e-35 1.0000000180025095e-35 4 5 6 7 1.0000000180025095e-35 8 1.0000000180025095e-35 390.00000000000006 1.0000000180025095e-35 1.0000000180025095e-35 1.0000000180025095e-35 1.0000000180025095e-35 135.00000000000003 1.0000000180025095e-35 190.00000000000003 370.00000000000006 9 1.5000000000000002 190.00000000000003 10
decision_type=9 2 2 9 9 1 2 2 2 2 9 9 9 9 2 9 2 2 2 2 2 2 2 2 2 2 9 2 2 9
left_child=1 9 3 12 -5 18 7 8 10 15 -7 -8 -2 -4 28 16 17 -1 22 26 21 -16 23 24 -6 -11 27 -17 -12 -30
right_child=2 -3 13 4 5 6 11 -9 -10 25 14 -13 -14 -15 20 19 -18 -19 -20 -21 -22 -23 -24 -25 -26 -27 -28 -29 29 -31
leaf_value=0.02901810911293199 -0.012957317059799049 0.053190727126773668 -0.010467184289670542 -0.05250185384625259 -0.028565771062572649 0.051328043371994807 0.023865708698500326 0.018251639753168219 0.0062638356591423073 -0.0068132410363414483 -0.0034283153253911883 -0.053671282822565149 -0.043825133951911163 -0.058119771439699819 -0.047854553492707161 -0.0061454423626228945 -0.048559160887560557 -0.016060401356736653 -0.041911911209590411 -0.03183288102885614 -0.011454446874251119 -0.011436026519629695 0.070169143003953202 0.00031974273249301576 -0.012864510135707136 -0.04667702440910311 0.0098919532080633584 0.029357077463600636 -0.024183064853711436 0.00051538882337106228
leaf_weight=15720.001200775674 6129.8527819651645 18461.123624252854 1722.0885060555884 5913.3011998924194 19382.595784355915 1312.3023595646955 948.68568101729034 23108.20876973815 38272.205155602773 14522.819481381797 69732.039729586832 4470.3904740732396 13237.452123148134 9427.4696840372053 4784.8397073771339 18670.450566674932 690.24317229940789 1693.328014427796 4851.0617303721665 1500.9712658585631 11259.206176911015 3075.1631272714585 274.87874062603805 5349.4491789947497 16346.878276097428 1488.8231975885574 204610.03245451133 3603.8269135984592 24122.599540319556 23037.861573775241
leaf_count=25815 91650 45240 14405 189020 212422 2305 13180 79885 100456 99089 298100 156035 314426 332849 158688 67067 6446 9013 137120 17277 93176 64514 1003 28194 247718 39375 397166 7115 329005 158797
internal_value=0 0.0113047 -0.0110762 -0.00946859 -0.00760761 -0.00654493 -0.00339065 -0.00238818 -0.00510442 0.00835927 -0.00827281 -0.0401505 -0.0340679 -0.0508224 -0.00885121 0.00958579 0.0218296 0.0246339 -0.0204758 0.00861385 -0.0205629 -0.0336084 -0.0179656 -0.0185563 -0.0213826 -0.0105216 0.0088819 -0.000400441 -0.00693625 -0.0121229
internal_weight=567720 280962 286759 275609 256242 250328 204124 198704 175596 262500 137324 5419.08 19367.3 11149.6 136012 246489 18103.6 17413.3 46204.9 228385 19119.2 7860 41353.8 41078.9 35729.5 16011.6 226884 22274.3 116893 47160.5
internal_count=3736551 713603 3022948 2675694 2269618 2080598 1454141 1284926 1205041 668363 1104585 169215 406076 347254 1102280 529899 41274 34828 626457 488625 316378 223202 489337 488334 460140 138464 471348 74182 785902 487802
cat_boundaries=0 39 79 90 91 97 102 113 153 177 216 255
cat_threshold=0 0 4 0 20480 0 0 0 0 131072 0 0 0 0 0 0 0 0 0 0 0 0 0 224 0 0 0 0 0 0 0 0 0 41943040 4194816 67108864 0 0 2147483648 8192 0 0 0 0 0 0 0 0 0 8388608 0 0 0 0 0 0 0 0 0 0 0 0 0 0 0 0 0 0 0 0 0 0 0 0 0 16 0 0 262144 0 0 0 0 16384 0 0 0 0 131072 8388608 536 0 0 4096 0 0 8388608 0 0 4 0 4096 0 0 0 0 4096 0 0 0 0 131072 8388608 0 0 0 0 0 0 0 0 0 0 0 0 0 0 0 0 0 0 0 0 0 0 0 0 0 0 0 0 0 0 0 0 0 0 0 512 0 1 0 65536 0 0 0 0 4096 0 0 0 0 0 0 0 0 0 0 0 0 0 0 0 0 0 0 64 0 0 0 0 4096 0 0 0 0 0 0 0 0 0 0 0 0 0 0 0 0 0 0 0 0 0 0 0 0 0 0 0 0 33554432 0 67108864 0 0 2147483648 0 0 0 0 0 0 0 0 0 0 0 0 0 0 0 0 0 0 0 0 0 0 0 0 0 0 0 0 0 0 0 0 0 1073741824 0 0 1 0 33280
is_linear=0
shrinkage=0.05


Tree=18
num_leaves=31
num_cat=9
split_feature=178 187 246 189 177 185 178 229 208 253 191 191 187 179 184 178 232 182 178 248 216 250 246 178 191 178 191 188 184 191
split_gain=26036.5 12782.6 6824.78 4668.78 4950.63 2846.42 2510.69 2594.89 2236.81 2199.44 2139.64 1960.01 1523.57 1351.06 1313.29 1244.73 1090.1 998.263 973.161 1000.42 947.799 2224.11 916.871 878.854 806.745 775.07 774.585 723.531 1237.77 1158.13
threshold=0 1.0000000180025095e-35 1.0000000180025095e-35 1.0000000180025095e-35 1 1.0000000180025095e-35 2 7.5000000000000009 1.0000000180025095e-35 1.0000000180025095e-35 12.500000000000002 9.5000000000000018 1.0000000180025095e-35 3 175.00000000000003 4 135.00000000000003 5 6 1.0000000180025095e-35 1.0000000180025095e-35 1.0000000180025095e-35 1.0000000180025095e-35 7 6.5000000000000009 8 17.500000000000004 1.0000000180025095e-35 60.000000000000007 2.5000000000000004
decision_type=9 2 2 2 1 2 9 2 2 2 2 2 2 9 2 9 2 9 9 2 2 2 2 9 2 9 2 2 2 2
left_child=1 9 3 4 5 8 11 16 10 14 -2 -6 -5 -12 22 -4 18 -14 -8 20 -20 -22 27 -10 -11 -13 -21 -1 -29 -30
right_child=2 -3 15 12 6 -7 7 -9 23 24 13 25 17 -15 -16 -17 -18 -19 19 26 21 -23 -24 -25 -26 -27 -28 28 29 -31
leaf_value=0.0080160851345032671 -0.0069505343186521979 0.052224495360964164 0.020426058795303789 -0.034929811213588555 0.0025029884254687551 -0.040054565006715726 -0.033212781328551648 0.0066244766540317513 -0.04298116471980841 0.0076449559157218284 0.047459443017025787 0.01043011671165827 -0.009702711761072895 0.0079265294294933574 0.031835986425077394 -0.054119415576304765 0.069548926436285019 -0.040031708240154631 -0.013668001848908238 -0.054224647973596912 -0.049521932040587462 0.0018793223906783199 -0.031108044697145509 0.02252319276067254 -0.017217486913078554 -0.018745192722801441 -0.010150344056593041 -0.012681776514927946 -0.038978515863445098 0.024930291432396594
leaf_weight=215287.06894342115 38682.88351679279 17494.112999614445 592.69731161918025 19875.859362180228 37976.147259947727 3687.210507738695 14310.697497282497 9539.855826769548 519.34774749941425 4598.8460898876656 2362.8354660829064 2539.5832958888495 15443.031484124251 24395.570180420124 6266.2338477222365 10055.256658182712 329.60631952015683 3288.0548601199989 44353.165808188598 3263.1470640314219 5937.6047388150619 3259.4407078229415 1440.9971920441894 17207.852415991016 11226.374846547784 21710.024650751438 1436.0881174460228 2909.3295441226801 737.73887999169528 17833.524353629735
leaf_count=446064 161429 45240 4887 593787 146875 119336 233664 46469 11136 13875 7048 19691 123494 77077 19208 342367 1003 76500 465073 107865 136731 33933 17277 30934 124589 254394 29255 14059 1358 31933
internal_value=0 0.0108525 -0.0107376 -0.00919018 -0.00650575 0.00293033 -0.0121709 -0.0178943 0.00483667 0.00807227 0.000568787 -0.00458724 -0.0252872 0.0114391 0.00924164 -0.0500004 -0.0211059 -0.0150544 -0.0215183 -0.0186359 -0.0166976 -0.0313056 0.0086472 0.0205912 -0.00999207 -0.0156928 -0.0407591 0.00888924 0.0176397 0.0223903
internal_weight=558560 277794 280766 270118 231511 86855.7 144655 82429.6 83168.5 260300 65441.3 62225.8 38606.9 26758.4 244475 10648 72889.8 18731.1 72560.1 58249.4 53550.2 9197.05 238209 17727.2 15825.2 24249.6 4699.24 236768 21480.6 18571.3
internal_count=3736551 713603 3022948 2675694 1881913 406960 1474953 1053993 287624 668363 245554 420960 793781 84125 529899 347254 1007524 199994 1006521 772857 635737 170664 510691 42070 138464 274085 137120 493414 47350 33291
cat_boundaries=0 39 40 80 114 154 178 218 219 259
cat_threshold=0 0 4 0 20480 0 0 0 0 131072 0 0 0 0 0 0 0 0 0 0 0 0 0 224 0 0 0 0 0 0 0 0 0 41943040 4194816 67108864 0 0 2147483648 8448 0 0 0 0 0 0 0 0 0 0 0 0 0 0 0 0 0 0 0 0 0 0 0 0 0 0 0 0 0 0 0 0 0 1073741824 0 512 1 1 32768 65536 0 0 4096 0 0 8388608 0 0 0 0 0 0 0 0 0 0 0 0 0 0 0 0 0 0 0 0 0 0 0 0 0 0 0 32768 0 0 0 0 0 0 0 0 0 0 0 0 0 0 0 0 0 0 0 0 0 0 0 0 0 0 0 0 0 0 0 0 0 0 0 512 0 0 0 65536 0 0 0 0 4096 0 0 0 0 0 0 0 0 0 0 0 0 0 0 0 0 0 0 224 0 0 0 0 0 0 0 0 0 0 8388608 0 0 0 0 0 0 0 0 0 0 0 0 0 0 0 0 0 0 0 0 0 0 0 0 0 0 8192 0 262144 8192 0 0 0 0 0 0 0 0 0 0 0 0 0 0 0 0 0 0 0 0 0 0 0 0 0 0 0 0 0 0 0 0 0 0 0 512 0 0 0 65536
is_linear=0
shrinkage=0.05


Tree=19
num_leaves=31
num_cat=12
split_feature=178 187 246 198 188 178 213 214 179 185 182 245 178 178 188 228 187 182 191 248 178 182 194 229 194 194 178 178 191 191
split_gain=23119.3 12030.2 6236.28 4534.01 3723.14 3666.13 2993.18 2092.22 1590.19 1381.34 1329.2 1873.74 1268.83 1182.39 1322.89 1618.08 1099.56 1167.26 1045.22 1091.85 1014.52 971.852 917.185 879.784 977.126 896.858 2401.63 1769.57 1196.97 1136.81
threshold=0 1.0000000180025095e-35 1.0000000180025095e-35 1.0000000180025095e-35 1.0000000180025095e-35 1 1.0000000180025095e-35 2 3 1.0000000180025095e-35 4 1.0000000180025095e-35 5 6 1.0000000180025095e-35 1.5000000000000002 1.0000000180025095e-35 7 13.500000000000002 1.0000000180025095e-35 8 9 1.0000000180025095e-35 8.5000000000000018 1.0000000180025095e-35 1.0000000180025095e-35 10 11 11.500000000000002 12.500000000000002
decision_type=9 2 2 2 2 9 2 1 9 2 9 2 9 9 2 2 2 9 2 2 9 9 2 2 2 2 9 9 2 2
left_child=1 10 3 4 5 16 9 8 -7 -6 11 22 -4 -12 15 -15 -2 -18 19 21 -8 -9 -1 25 -25 26 28 29 -10 -27
right_child=2 -3 12 -5 6 7 20 18 23 -11 13 -13 -14 14 -16 -17 17 -19 -20 -21 -22 -23 -24 24 -26 27 -28 -29 -30 -31
leaf_value=0.054535545842823455 -0.037110515503014682 0.05134743589785206 0.019460431836100064 0.0073077268775031123 -0.0046224253765510875 0.049496818676756191 -0.041512610584984538 -0.056616722654789224 0.0042861269965655561 -0.040446334573870618 0.0087557184354107222 -0.04897445721100141 -0.056279010865019054 -0.0054504170101912462 0.016156363358412452 0.028050005864739404 -0.0022854139747172705 -0.033816106622156464 -0.0073619623538602299 -0.055727023532266787 0.019926481525297138 -0.019298982318132981 0.011403171894683067 -0.015000124518799741 0.022458036386888522 -0.017391791730534165 -0.019361133004746268 -0.0046052719009400233 -0.019648022628874048 -0.047147352503873134
leaf_weight=3647.317028201418 19959.190992668475 16573.62194665533 591.96340337151196 36500.228583503049 13323.801894830656 1218.1703423683066 690.36064097256167 1825.4317543980433 37386.555219356611 3371.5610994090966 198539.74539795474 663.11972373054596 8419.0604069419496 45241.089912760741 11350.535536318319 3915.9631333532743 5969.3410426185001 5780.4942722942214 14291.99889274445 2404.2318531645578 17266.223734132829 37986.199771943036 1862.4152699375991 2746.8886966062128 4752.0484984260984 7646.1141224189778 21899.291739430279 14646.49797034706 6071.7244444331154 5534.250858433079
leaf_count=6845 588783 45240 4887 100456 73595 2305 15491 62752 140215 116659 378278 6446 332849 281801 22066 7115 41396 96980 273148 83212 36242 435181 5917 17091 16697 73755 135940 119999 84300 130910
internal_value=0 0.0100206 -0.0104474 -0.00903721 -0.0116915 -0.0144388 0.00338148 -0.0113298 -0.00704892 -0.0118582 0.00743834 0.0303522 -0.0513429 0.00689081 0.000771054 -0.00278134 -0.0299569 -0.0178293 -0.0190467 -0.0230067 0.017551 -0.0210299 0.0399591 -0.00773821 0.00873622 -0.00906489 -0.005864 -0.0165825 0.000941675 -0.0298648
internal_weight=552075 281794 270282 261271 224770 190118 34651.9 158409 101902 16695.4 265220 6172.85 9011.02 259047 60507.6 49157.1 31709 11749.8 56507.9 42215.9 17956.6 39811.6 5509.73 100683 7498.94 93184.4 65357.6 27826.9 43458.3 13180.4
internal_count=3736551 753708 2982843 2645107 2544651 2302664 241987 1575505 721212 190254 708468 19208 337736 689260 310982 288916 727159 138376 854293 581145 51733 497933 12762 718907 33788 685119 360455 324664 224515 204665
cat_boundaries=0 39 79 80 86 91 131 166 190 191 202 241 280
cat_threshold=0 0 4 0 20480 0 0 0 0 131072 0 0 0 0 0 0 0 0 0 0 0 0 0 224 0 0 0 0 0 0 0 0 0 41943040 4194816 67108864 0 1 2147483648 532480 0 0 0 0 0 0 0 0 0 8388608 0 0 0 0 0 0 0 0 0 0 0 0 0 0 0 0 0 0 0 0 0 0 0 0 0 16 0 0 262144 3075 0 0 4096 0 0 8388608 0 0 0 0 4096 0 0 0 0 0 0 0 0 0 0 0 0 0 0 0 0 0 0 0 0 0 0 0 0 0 0 0 0 0 0 0 0 0 0 0 512 0 0 0 65536 0 0 4 0 0 0 0 0 0 131072 0 0 0 0 0 0 0 0 0 0 0 0 0 96 0 0 0 0 0 0 0 0 0 8388608 4194304 0 0 0 0 4096 0 0 0 0 0 0 0 0 0 0 0 0 0 0 0 0 0 0 160 8192 0 0 4 0 4096 0 0 0 0 131072 8388608 0 0 0 0 0 0 0 0 0 0 0 0 0 0 0 0 0 0 0 0 0 0 0 0 0 0 0 0 0 0 0 0 0 1073741824 0 0 1 0 33280 0 0 0 0 0 0 0 0 0 0 0 0 0 0 0 0 0 0 0 0 0 0 0 0 0 0 0 0 0 0 0 0 0 0 0 0 1 0 33280
is_linear=0
shrinkage=0.05


Tree=20
num_leaves=31
num_cat=7
split_feature=178 187 246 178 182 214 185 208 198 253 182 182 178 213 246 213 184 232 191 188 184 248 247 194 191 213 183 191 185 191
split_gain=21377.2 10974.9 5604.62 4086.05 4135.27 3475.06 2344.63 3608.86 2183.01 2042.46 1726.33 1269.63 1135.59 1057.33 1054.3 1015.35 992.74 909.126 772.606 770.974 1092.5 735.37 1027.65 725.135 670.91 656.628 654.614 648.475 643.783 635.268
threshold=0 1.0000000180025095e-35 1.0000000180025095e-35 1 2 3 1.0000000180025095e-35 1.0000000180025095e-35 1.0000000180025095e-35 1.0000000180025095e-35 4 5 6 1.0000000180025095e-35 1.0000000180025095e-35 1.0000000180025095e-35 175.00000000000003 135.00000000000003 19.500000000000004 1.0000000180025095e-35 60.000000000000007 1.0000000180025095e-35 1.0000000180025095e-35 1.0000000180025095e-35 20.500000000000004 1.0000000180025095e-35 205.00000000000003 9.5000000000000018 1.0000000180025095e-35 22.500000000000004
decision_type=9 2 2 9 9 1 2 2 2 2 9 9 9 2 2 2 2 2 2 2 2 2 2 2 2 2 2 2 2 2
left_child=1 9 3 11 -5 17 7 8 15 14 -8 13 -4 -2 16 26 19 21 28 -1 -21 22 27 25 -23 -9 -7 -6 -11 -22
right_child=2 -3 12 4 5 6 10 23 -10 18 -12 -13 -14 -15 -16 -17 -18 -19 -20 20 29 24 -24 -25 -26 -27 -28 -29 -30 -31
leaf_value=0.0074049569765503656 -0.0019782833435992571 0.050460093050903258 -0.0045286334766999579 -0.050210076980775079 -0.02684960198201335 -0.0066776769746504337 0.02471900431883536 -0.027114313594087502 0.0061898569820348854 -0.0122544093158964 -0.051268679854856863 -0.041169975106551578 -0.055286496713267956 -0.056400656130461593 -0.030527281550739405 -0.046067446059320831 0.028910285441107849 0.064278201996863835 -0.049464423007862683 -0.011549725885159691 0.023946998417386824 -0.048648677270836105 0.0041134387962243934 0.022295615937407788 0.0011420027938945779 0.010973474885223884 -0.031453474881436849 -0.012947073001154811 0.014246721679770034 -0.022419215416874756
leaf_weight=213181.06889499287 4630.1040243936004 15707.155678975512 1294.2999689938151 5380.3940653758473 17877.280704113873 128912.81787230307 915.18601953494363 1450.8328186824801 35994.951380913262 11541.245166870009 4005.0410907900077 11874.379338535364 7926.6373241305701 1105.1530558922095 1714.2399742198177 1700.7161310308729 5994.1189308126923 326.61266410246026 1156.3803149867454 2807.5206848193193 17323.895880611439 3477.6633679014922 4930.5424617630197 15990.391049230588 839.6763289970113 5135.4628121566493 2722.0266266798135 15808.294036555904 2858.8097582010087 771.15909819863737
leaf_count=449083 60264 45240 13151 189020 212422 985540 13180 14934 100456 85765 156035 314426 332849 31386 18531 61240 19208 1003 34596 14059 28409 121521 28194 46452 15599 18499 54786 247718 18103 4882
internal_value=0 0.00988543 -0.00991291 -0.00857023 -0.00690001 -0.00592725 -0.00310658 -0.00223287 -0.00473654 0.00740924 -0.0371865 -0.0318289 -0.0482279 -0.0124484 0.0085391 -0.00768626 0.00881813 -0.0187569 -0.0101515 0.00830356 0.0174675 -0.0193938 -0.0172052 0.0165448 -0.0389648 0.0025813 -0.00719016 -0.0203257 -0.00699254 0.0219702
internal_weight=545354 273056 272298 263078 245468 240087 196827 191907 169331 257348 4920.23 17609.6 9220.94 5735.26 241792 133336 240078 43260.1 15556.4 234084 20902.6 42933.5 38616.1 22576.7 4317.34 6586.3 131635 33685.6 14400.1 18095.1
internal_count=3736551 717876 3018675 2672675 2266599 2077579 1451122 1281907 1202022 672636 169215 406076 346000 91650 534172 1101566 515641 626457 138464 496433 47350 625454 488334 79885 137120 33433 1040326 460140 103868 33291
cat_boundaries=0 39 79 90 91 96 107 147
cat_threshold=0 0 4 0 20480 0 0 0 0 131072 0 0 0 0 0 0 0 0 0 0 0 0 0 224 0 0 0 0 0 0 0 0 0 41943040 4194304 67108864 0 1 2147483648 8192 0 0 0 0 0 0 0 0 0 8388608 0 0 0 0 0 0 0 0 0 0 0 0 0 0 0 0 0 0 0 0 0 0 0 0 0 16 0 0 262144 0 0 0 0 16384 0 0 0 0 131072 8388608 536 0 0 4 0 4096 0 0 0 0 4096 0 0 0 0 131072 8388608 0 0 0 0 0 0 0 0 0 0 0 0 0 0 0 0 0 0 0 0 0 0 0 0 0 0 0 0 0 0 0 0 0 0 512 512 0 0 0 65536
is_linear=0
shrinkage=0.05


Tree=21
num_leaves=31
num_cat=11
split_feature=178 187 246 181 177 234 208 191 178 229 179 187 178 178 194 184 245 194 194 248 188 178 191 182 178 184 178 232 177 250
split_gain=19708.6 10023.7 5091.93 3851.84 3872.54 2143.45 1867.41 1819.86 1653.99 1907.66 1293.62 1266.51 1191.36 1174.08 1118.84 1005.46 1693.93 1043.83 973.115 969.192 928.591 1944.61 1470.73 905.187 975.356 892.164 865.106 817.813 1008.26 1959.07
threshold=0 1.0000000180025095e-35 1.0000000180025095e-35 4.5000000000000009 1 1.0000000180025095e-35 1.0000000180025095e-35 13.500000000000002 2 7.5000000000000009 3 1.0000000180025095e-35 4 5 1.0000000180025095e-35 175.00000000000003 1.0000000180025095e-35 1.0000000180025095e-35 1.0000000180025095e-35 1.0000000180025095e-35 1.0000000180025095e-35 6 17.500000000000004 7 8 60.000000000000007 9 165.00000000000003 10 1.0000000180025095e-35
decision_type=9 2 2 2 1 2 2 2 9 2 9 2 9 9 2 2 2 2 2 2 2 9 2 9 9 2 9 2 1 2
left_child=1 15 3 4 5 6 7 18 -6 13 -9 -5 -4 -10 -11 20 17 -17 23 27 21 22 -1 24 -2 -22 -13 28 29 -15
right_child=2 -3 12 11 8 -7 -8 10 9 14 -12 26 -14 19 -16 16 -18 -19 -20 -21 25 -23 -24 -25 -26 -27 -28 -29 -30 -31
leaf_value=-0.0038902930325638019 -0.026512546235912746 0.049590915254892037 -0.01293233868798107 -0.032538978428812752 -0.0029275852431762716 -0.036781795030494814 0.019044770183424164 0.04897966677373565 -0.030472332886241404 -0.015537868205364055 0.00792281884066727 -0.042936202002318659 -0.054423658367263039 -0.047247270237208538 0.020102312378630912 0.053777020831628657 -0.048882385905695935 0.0073593953221301363 0.0031433468961255123 -0.037798763446307636 -0.0096576396061547505 0.0074163548703343688 -0.045784020745872171 -0.017801157152544416 0.020837482250393696 0.021066449226077914 -0.0096394921165783437 0.077225239876757931 -0.010931747663300734 0.0018990356861445302
leaf_weight=18307.097044143884 1568.6222902486334 14886.808047373197 2278.0297663749661 18230.297148297745 46696.599668522569 3276.8320817074273 17262.695457734982 2103.5761591292685 13128.348591364949 3488.6486185370013 20939.297034430841 2222.455637408304 7503.3744224715629 5503.2944829589833 5968.7224356902298 3371.3447267960291 642.27622208528919 1890.7782943614293 17050.463507216307 4127.2588033697684 2721.4311049895477 202319.57994017878 2365.2542206472717 18134.636576842458 3486.7364670958486 17905.96766353515 15657.603489547153 250.47400539228693 61537.271670708855 3210.1916584274149
leaf_count=118030 6932 45240 22695 593787 324912 119336 42070 6277 233664 24039 66772 44379 332849 137180 22430 6845 6446 5917 51858 137120 14059 396135 51653 101897 11818 33291 155615 434 588818 34053
internal_value=0 0.00973468 -0.00940686 -0.00809385 -0.00568814 0.00285519 0.00446837 0.000491957 -0.0106638 -0.0143791 0.0116968 -0.0232653 -0.0448311 -0.0166799 0.00695466 0.0073571 0.0277441 0.0371015 -0.00592419 -0.0142474 0.00686292 0.00592399 -0.00868065 -0.0125913 0.0061198 0.0170126 -0.013809 -0.0128703 -0.0131922 -0.0291079
internal_weight=538036 264411 273625 263844 227734 83822.9 80546 63283.3 143911 97214.2 23042.9 36110.4 9781.4 87756.8 9457.37 249524 5904.4 5262.12 40240.5 74628.5 243619 222992 20672.4 23190 5055.36 20627.4 17880.1 70501.2 70250.8 8713.49
internal_count=3736551 677616 3058935 2703391 1909610 406960 287624 245554 1502650 1177738 73049 793781 355544 1131269 46469 632376 19208 12762 172505 897605 613168 565818 169683 120647 18750 47350 199994 760485 760051 171233
cat_boundaries=0 39 40 80 114 154 194 218 242 243 244 245
cat_threshold=0 0 4 0 20480 0 0 0 0 131072 0 0 0 0 0 0 0 0 0 0 0 0 0 224 0 0 0 0 0 0 0 0 0 41943040 4194304 0 0 0 2147483648 8448 0 0 0 0 0 0 0 0 0 0 0 0 0 0 0 0 0 0 0 0 0 0 0 0 0 0 0 0 0 0 0 0 0 1073741824 512 67109376 0 1 32768 65536 0 0 0 0 0 8388608 0 0 0 0 0 0 0 0 0 0 0 0 0 0 0 0 0 0 0 0 0 0 0 0 0 0 0 32768 0 0 0 0 0 0 0 0 0 0 0 0 0 0 0 0 0 0 0 0 0 0 0 0 0 0 0 0 0 0 0 0 0 0 512 67109376 0 1 0 65536 0 0 0 0 0 0 0 0 0 0 8388608 0 0 0 0 0 0 0 0 0 0 0 0 0 0 0 0 0 0 0 0 0 0 0 0 0 0 8192 0 262144 0 0 0 0 4096 0 0 0 0 0 0 0 0 0 0 0 0 0 0 0 0 0 0 128 0 0 0 0 0 0 0 0 0 0 8388608 0 0 0 0 0 0 0 0 0 0 0 0 32 32 8192 4096
is_linear=0
shrinkage=0.05


Tree=22
num_leaves=31
num_cat=9
split_feature=178 187 246 181 214 213 198 253 178 179 187 178 185 229 194 178 178 184 245 194 191 232 178 191 194 178 188 184 191 207
split_gain=18232.1 9267.06 4620.98 3537.39 3678.42 2756.6 1762.26 1575.43 1452.89 1372.66 1159.67 1136.01 1120.54 835.671 870.72 806.463 789.204 778.359 1641.34 1062.63 752.912 726.461 721.624 690.29 687.947 1245.55 687.482 767.398 799.291 739.742
threshold=0 1.0000000180025095e-35 1.0000000180025095e-35 4.5000000000000009 1 1.0000000180025095e-35 1.0000000180025095e-35 1.0000000180025095e-35 2 3 1.0000000180025095e-35 4 1.0000000180025095e-35 8.5000000000000018 1.0000000180025095e-35 5 6 175.00000000000003 1.0000000180025095e-35 1.0000000180025095e-35 6.5000000000000009 165.00000000000003 7 8.5000000000000018 1.0000000180025095e-35 8 1.0000000180025095e-35 60.000000000000007 2.5000000000000004 1.0000000180025095e-35
decision_type=9 2 2 2 1 2 2 2 9 9 2 9 2 2 2 9 9 2 2 2 2 2 9 2 2 9 2 2 2 2
left_child=1 7 3 4 5 6 8 17 -2 -10 -5 23 13 22 -15 -12 -7 26 19 -19 -9 -6 -11 -4 -24 -26 -1 -28 -29 -30
right_child=2 -3 11 10 21 16 -8 20 9 12 15 -13 -14 14 -16 -17 -18 18 -20 -21 -22 -23 24 -25 25 -27 27 28 29 -31
leaf_value=0.0068305007131522922 -0.036010903467505066 0.048790286029509689 -0.035480090076857623 -0.031601392125718525 -0.019152471724985565 0.0071744668945631935 0.005401793476165608 0.008984933100042506 0.048574971949171458 -0.014836591719763138 -0.042029541980359075 -0.053539509736411799 -0.036908980068922306 -0.013289152798856322 0.022517379404641082 -0.0095249225350972459 0.028633910682478104 0.053283972555727505 -0.049234230159278608 0.0062198480957462087 -0.015838528973746182 0.069886687609920936 -0.0024364274486654638 0.020956515106985193 -0.026047110999277135 -0.0023862492655954614 -0.0085321276025237206 -0.035038538123115096 0.036326975240030951 0.014572191709786407
leaf_weight=207151.19414712297 4215.9670736591506 14120.300804293249 1334.1202828256646 17724.841805933596 43031.171795241651 10007.374680883368 35507.164506971487 4300.0642779050395 1123.1937464324292 23430.552442291635 2168.3631776823895 7068.3200319842726 2995.0971971658 2588.775805665995 4930.6416733576916 15594.896927913593 7513.2063519996591 3212.6497582343873 639.06262418645201 1914.2699486529455 10542.245565759949 229.80608754581772 67105.814304600703 911.55263651895802 9706.1043640982825 13030.717165972688 2672.3208723605494 630.98069322109222 6036.025523354765 11087.451608929725
leaf_count=427354 109941 45240 14010 593787 677726 37644 100456 13875 2305 238470 44379 332849 116382 17091 16697 155615 14089 6845 6446 5917 124589 434 329806 8685 138066 110503 14059 1358 9962 21971
internal_value=0 0.00938994 -0.00911504 -0.0078799 -0.0055698 -0.00245632 -0.00446304 0.00714856 -0.00717571 -0.00619892 -0.0225529 -0.0437206 -0.00670003 -0.00595135 0.0101892 -0.0135231 0.016398 0.00815326 0.0262952 0.0357146 -0.00864636 -0.0186743 -0.00702289 -0.0125141 -0.00498278 -0.0124999 0.00769354 0.0164451 0.020205 0.0222419
internal_weight=532524 262307 270218 260904 225416 182155 164634 248186 129127 124911 35488.1 9313.99 123788 120793 7519.42 17763.3 17520.6 233344 5765.98 5126.92 14842.3 43261 113273 2245.67 89842.6 22736.8 227578 20426.8 17754.5 17123.5
internal_count=3736551 677616 3058935 2703391 1909610 1231450 1179717 632376 1079261 969320 793781 355544 967015 850633 33788 199994 51733 493912 19208 12762 138464 678160 816845 22695 578375 248569 474704 47350 33291 31933
cat_boundaries=0 39 40 80 86 126 127 128 167 206
cat_threshold=0 0 4 0 20480 0 0 0 0 131072 0 0 0 0 0 0 0 0 0 0 0 0 0 224 0 0 0 0 0 0 0 0 0 41943040 4194304 0 0 0 2147483648 3107 0 0 0 0 0 0 0 0 0 0 0 0 0 0 0 0 0 0 0 0 0 0 0 0 0 0 0 0 0 0 0 0 0 0 0 0 16 0 0 262144 0 0 4096 0 0 8388608 0 0 0 0 0 0 0 0 0 0 0 0 0 0 0 0 0 0 0 0 0 0 0 0 0 0 0 0 0 0 0 0 0 0 512 67109376 0 1 0 65536 8192 532480 32 0 0 0 0 0 0 0 0 0 0 0 0 0 0 0 0 0 0 0 0 0 0 0 0 0 0 0 0 0 0 0 0 0 0 0 0 8192 512 8192 0 0 0 0 0 0 0 0 0 0 0 0 0 0 0 0 0 0 0 0 0 0 0 0 0 0 0 0 0 0 0 0 0 0 0 1 0 32768
is_linear=0
shrinkage=0.05


Tree=23
num_leaves=31
num_cat=14
split_feature=178 187 246 181 213 214 178 253 178 179 198 187 178 194 178 214 178 246 178 186 191 178 182 191 178 191 250 214 194 184
split_gain=16539.2 8604.02 4205.17 3338.42 3583.18 2482.37 1612.67 1499.72 1120.98 1119.55 1176.72 1070.84 837.215 740.379 2523.05 2005.9 1605.76 1218.38 826.745 1141.41 991.733 729.228 717.503 707.426 700.01 686.67 650.356 1634.77 1314.01 645.222
threshold=0 1.0000000180025095e-35 1.0000000180025095e-35 4.5000000000000009 1.0000000180025095e-35 1 2 1.0000000180025095e-35 3 4 1.0000000180025095e-35 1.0000000180025095e-35 5 1.0000000180025095e-35 6 7 8 1.0000000180025095e-35 9 1.0000000180025095e-35 5.5000000000000009 10 11 21.500000000000004 12 6.5000000000000009 1.0000000180025095e-35 13 1.0000000180025095e-35 90.000000000000014
decision_type=9 2 2 2 2 1 9 2 9 9 2 2 9 2 9 1 9 2 9 2 2 9 9 2 9 2 2 1 2 2
left_child=1 7 3 4 5 6 -2 13 -4 -8 -11 -5 -6 15 23 17 -16 -1 -17 -20 -21 -13 24 -15 -7 -9 27 -24 -28 -18
right_child=2 -3 8 11 12 22 9 25 -10 10 -12 21 -14 14 16 18 29 -19 19 20 -22 -23 26 -25 -26 -27 28 -29 -30 -31
leaf_value=0.031157350529122264 -0.034814797050554451 0.047982955912646071 -0.011273979231322527 -0.030840134685785538 -0.039522132104686344 -0.025030733372524414 0.047607930321169653 0.0082141377353467295 -0.052753053014439943 -0.005846676295453576 0.0046730639342471778 -0.041056157643705141 0.018770022593977267 0.027986924545568788 -0.021095403563704488 0.011931934645635434 0.004252825127702373 -0.046678729701243767 0.0052876149034123045 -0.067341161877953415 -0.0029090720582902862 -0.0095489447791196405 -0.015520809715965533 -0.03023567411543961 0.013544212019792258 -0.015592414568064816 0.022371054500803761 -0.041978482610202227 -0.048629346429464593 -0.021056164707573096
leaf_weight=13283.410255915602 4045.9397745174065 13401.467664895114 2180.6119667874882 17247.88264669507 631.04421535186702 1706.9039615747461 1080.7486727331998 4273.5107073230902 6682.0927727952949 106934.66478492363 35376.575826297165 2077.4757867612061 16522.856045445777 11733.111384107731 7424.2384615506453 67349.656200286699 68631.701603851398 522.0564153729938 57551.477356674499 1015.1670455886051 1450.0900001808186 15500.295363603276 42513.26089917327 545.51993387867697 3720.8137412152137 10396.414716755913 2464.209609810554 6771.8633186984516 885.36429059732473 2613.6280804320704
leaf_count=33498 109511 45240 22695 593787 15491 10816 2305 13875 332849 777191 100456 44379 36242 18006 39834 124344 129976 6481 121130 4574 5749 155615 616136 2194 18092 124589 11203 189146 23021 8126
internal_value=0 0.00896559 -0.00875854 -0.00759319 -0.00534147 -0.00717409 -0.00372444 0.00684708 -0.0426214 -0.00284468 -0.00323135 -0.0219889 0.0166121 0.00782697 0.00430866 0.0100935 0.00101663 0.0281916 0.00812886 0.00385969 -0.0294518 -0.0133028 -0.0159302 0.025378 0.00138737 -0.00865692 -0.017716 -0.0191683 0.00359817 0.00332369
internal_weight=526534 260191 266343 257480 222654 205500 147438 246790 8862.7 143392 142311 34825.7 17153.9 232120 90948.2 141172 78669.6 13805.5 127366 60016.7 2465.26 17577.8 58062.4 12278.6 5427.72 14669.9 52634.7 49285.1 3349.57 71245.3
internal_count=3736551 677616 3058935 2703391 1909610 1857877 989463 632376 355544 879952 877647 793781 51733 493912 198136 295776 177936 39979 255797 131453 10323 199994 868414 20200 28908 138464 839506 805282 34224 138102
cat_boundaries=0 39 40 80 120 126 127 162 163 197 231 232 256 257 258
cat_threshold=0 0 4 0 20480 0 0 0 0 131072 0 0 0 0 0 0 0 0 0 0 0 0 0 224 0 0 0 0 0 0 0 0 0 41943040 4194304 0 0 0 2147483648 3075 0 0 0 0 0 0 0 0 0 0 0 0 0 0 0 0 0 0 0 0 0 0 0 0 0 0 0 0 0 0 0 0 0 0 0 0 0 0 0 262144 0 0 0 0 0 0 0 0 0 0 0 0 0 0 0 0 0 0 0 0 0 0 0 0 0 0 0 0 0 0 0 0 0 0 512 67109376 0 1 0 65536 0 0 4096 0 0 8388608 8192 0 0 0 0 0 0 0 0 0 0 0 0 0 0 0 0 0 0 0 0 0 0 0 64 0 0 0 0 0 0 0 0 0 0 4194304 1025 0 0 0 0 4096 0 0 0 0 0 0 0 0 0 0 0 0 0 0 0 0 0 0 0 0 0 0 0 0 0 0 0 0 8388608 0 0 4 0 4096 0 0 0 0 0 0 0 0 0 0 0 0 0 0 0 0 0 0 128 0 0 0 0 0 0 0 0 0 33554432 8192 0 0 0 0 0 0 0 0 0 0 8388608 0 0 0 0 0 0 0 0 0 0 0 0 32 32 56
is_linear=0
shrinkage=0.05


Tree=24
num_leaves=31
num_cat=11
split_feature=178 180 246 181 213 177 178 253 178 179 194 184 178 182 178 182 178 250 217 194 248 182 199 247 191 191 246 229 194 229
split_gain=16184.9 5602.4 3857.54 3033.17 3353.51 1728.57 1942.48 1442.1 1049.4 1028.08 996.251 861.26 846.745 788.13 1048.53 1195.43 731.808 726.787 1240.58 1000.46 822.281 703.708 649.003 635.513 619.845 606.885 600.41 599.545 817.332 803.028
threshold=0 3.0000000000000004 1.0000000180025095e-35 4.5000000000000009 1.0000000180025095e-35 1 2 1.0000000180025095e-35 3 4 1.0000000180025095e-35 125.00000000000001 5 6 7 8 9 1.0000000180025095e-35 1.0000000180025095e-35 1.0000000180025095e-35 1.0000000180025095e-35 10 225.00000000000003 1.0000000180025095e-35 6.5000000000000009 17.500000000000004 1.0000000180025095e-35 8.5000000000000018 1.0000000180025095e-35 1.0000000180025095e-35
decision_type=9 2 2 2 2 1 9 2 9 9 2 2 9 9 9 9 9 2 2 2 2 9 2 2 2 2 2 2 2 2
left_child=1 7 3 4 5 17 12 26 -4 -8 -3 22 21 -5 15 -15 -6 18 -2 -19 23 -7 27 -20 -9 -22 -1 29 -29 -11
right_child=2 10 8 13 16 6 9 24 -10 11 -12 -13 -14 14 -16 -17 -18 19 20 -21 25 -23 -24 -25 -26 -27 -28 28 -30 -31
leaf_value=0.0078277292756489709 -0.043438234350389265 0.04193293408927256 -0.011516239466483655 -0.038657142756221556 -0.037989832973650065 -0.05163822899443659 0.046756741844072768 0.0074717618406788134 -0.052038414194989828 -0.0029896458272606892 0.020502184972977129 -0.040038920711341179 -0.033429077969580633 0.0043926013995903559 -0.01415495173053685 -0.057370116983267286 0.017796663179463053 0.018414399520809338 -0.016869778310166929 -0.045611559071451403 -0.050658538088375782 -0.010826535560615854 0.012241543619870787 0.0045385467344225784 -0.015235177130497841 -0.008707742439696008 -0.039925302906372737 -0.012833424410374786 0.021930335118930975 -0.018653535115305375
leaf_weight=218368.521231766 4998.7416640658048 12901.822001571592 2162.9015595744713 5568.1091012282704 600.79363580921199 1085.1278326492466 1040.6077548037283 4248.4194506093627 6347.6550306075078 109141.26049393421 9359.9736430722405 1541.550013736356 5525.4257202666486 1059.6260679936968 24620.126079821726 3045.3571125803282 16495.520342692733 2623.0426607523696 13579.938890103396 794.52422393093002 2597.113777517312 30927.595404759297 7108.7781418359373 4654.0486036415678 10267.697714284877 1291.2044020718313 659.71235862124013 2537.7038079408812 5063.2829460108187 8845.0911596480291
leaf_count=452833 137443 44536 22695 222167 15491 16441 2305 13875 332849 621017 32796 26887 161644 28184 438142 105288 36242 11203 158575 23021 107865 397098 18010 28194 124589 29255 8987 17091 16697 85131
internal_value=0 0.00895654 -0.00870311 -0.0075971 -0.00544518 -0.00723329 -0.00529427 0.00667229 -0.0418165 -0.00250122 0.0329233 -0.00288673 -0.0153561 -0.0214301 -0.0180702 -0.0414555 0.0158231 -0.018198 -0.0209421 0.00352353 -0.0158578 -0.0122266 -0.00245516 -0.0114053 -0.00858918 -0.036732 0.00768378 -0.00328714 0.0103232 -0.00416404
internal_weight=519061 255806 263255 254745 220451 203355 172816 233544 8510.56 135278 22261.8 134238 37538.1 34293.2 28725.1 4104.98 17096.3 30538.6 27121 3417.57 22122.3 32012.7 132696 18234 14516.1 3888.32 219028 125587 7600.99 117986
internal_count=3736551 677616 3058935 2703391 1909610 1857877 1362321 600284 355544 787138 77332 784833 575183 793781 571614 133472 51733 495556 461332 34224 323889 413539 757946 186769 138464 137120 461820 739936 33788 706148
cat_boundaries=0 39 40 80 120 126 165 176 177 182 183 193
cat_threshold=0 0 4 0 20480 0 0 0 0 131072 0 0 0 0 0 0 0 0 0 0 0 0 0 224 0 0 0 0 0 0 0 0 0 41943040 4194304 0 0 0 2147483648 20480 524320 0 0 0 0 0 0 0 0 0 8388608 0 0 0 0 0 0 0 0 0 0 0 0 0 0 0 0 0 0 0 0 0 0 0 0 0 1073741840 0 512 262144 0 0 0 0 0 0 0 0 0 0 0 0 0 0 0 0 0 0 0 0 0 0 0 0 0 0 0 0 0 0 0 0 0 0 512 67109376 0 1 0 65536 0 0 4096 0 0 8388608 524320 0 0 0 0 0 0 0 0 0 0 0 0 0 0 0 0 0 0 0 0 0 0 0 0 0 0 0 0 0 0 0 0 0 0 0 1073741824 0 512 0 0 0 0 16384 0 0 0 0 131072 8388608 8192 0 0 4 0 4096 8192 0 0 0 0 16384 0 0 0 0 131072
is_linear=0
shrinkage=0.05


Tree=25
num_leaves=31
num_cat=13
split_feature=178 187 246 181 213 177 178 253 187 179 229 194 178 199 246 178 184 178 182 178 182 178 228 194 182 232 213 182 191 185
split_gain=14377.8 7521.44 3669.28 2815.06 3202.16 1744.1 1776.41 1337.97 974.162 945.819 948.096 965.371 930.715 896.066 850.386 798.817 724.246 684.401 660.622 740.982 652.543 651.037 923.923 782.401 637.014 632.599 568.606 580.577 565.362 549.075
threshold=0 1.0000000180025095e-35 1.0000000180025095e-35 4.5000000000000009 1.0000000180025095e-35 1 2 1.0000000180025095e-35 1.0000000180025095e-35 3 8.5000000000000018 1.0000000180025095e-35 4 1.0000000180025095e-35 1.0000000180025095e-35 5 175.00000000000003 6 7 8 9 10 1.5000000000000002 1.0000000180025095e-35 11 135.00000000000003 1.0000000180025095e-35 12 6.5000000000000009 1.0000000180025095e-35
decision_type=9 2 2 2 2 1 9 2 2 9 2 2 9 2 2 9 2 9 9 9 9 9 2 2 9 2 2 9 2 2
left_child=1 7 3 4 5 25 15 14 26 -8 13 -12 -4 18 16 24 21 -6 -11 -20 -10 22 23 -1 -7 -2 27 -5 -9 -29
right_child=2 -3 12 8 17 6 9 28 20 10 11 -13 -14 -15 -16 -17 -18 -19 19 -21 -22 -23 -24 -25 -26 -27 -28 29 -30 -31
leaf_value=0.0046808682140810276 -0.018949383041970174 0.046549568315473383 0.021400416024362264 -0.012696058825511876 0.0068586908604088464 -0.031553496203236907 0.045785758683601276 0.0068938623640952173 -0.0023347160882820264 0.0328481566977014 -0.012154500207095806 0.025263976662476397 -0.048357095528222496 0.003230941700663072 -0.029183726977482945 -0.032589854996121402 0.025850017996731929 0.027173164274929714 -0.019131794720620585 -0.0051870561866913176 -0.021827472207338522 0.0079785916396524145 0.019883375962000939 -0.016797900571704952 -0.0091802335802347746 0.052249971228745244 -0.050831866503769391 -0.027886650283144562 -0.014879834345503129 -0.061592357553644617
leaf_weight=8208.0586752261152 29660.389833344088 12231.623424099991 513.15249696676619 5447.6070936443284 9745.4264638092136 3584.964758932183 1002.3555441615172 4230.4519017498242 8225.1858366265078 1046.3284353105118 2482.717655732471 5634.7754434910603 6750.2685192828649 32735.834428674076 1586.1589024058194 5367.6972307996184 5280.6251929170103 7237.3203477980569 10883.8884000752 76198.531028015772 8997.217243218387 205330.27559534219 4157.9939733021893 8768.4700337016257 28070.044690815557 314.78525564720621 2635.3369895428768 6909.6792217623442 10091.824560584733 1464.9876560260891
leaf_count=29121 494553 45240 4842 157215 37644 103033 2305 13875 53247 3498 17091 16697 341184 95660 18505 161644 19208 14089 119882 501418 146747 422251 7115 37817 310506 1003 134496 240372 124589 61704
internal_value=0 0.00827545 -0.00843702 -0.00740991 -0.00529483 -0.00709088 -0.00509646 0.00638531 -0.0208463 -0.00234374 -0.0027215 0.013819 -0.0434641 -0.00383271 0.00729585 -0.0147576 0.00754561 0.0155367 -0.0064566 -0.00693208 -0.0125327 0.00711872 -0.00123822 -0.00641291 -0.0117238 -0.0181946 -0.0295453 -0.0254848 -0.00844805 -0.0337464
internal_weight=514794 259885 254908 247645 213965 196982 167007 247654 33680 129984 128982 8117.49 7263.42 120865 233332 37022.7 231745 16982.7 88128.7 87082.4 17222.4 226465 21134.5 16976.5 31655 29975.2 16457.6 13822.3 14322.3 8374.67
internal_count=3736551 717721 3018830 2672804 1879023 1827290 1331734 672481 793781 756551 754246 33788 346026 720458 534017 575183 515512 51733 624798 621300 199994 496304 74053 66938 413539 495556 593787 459291 138464 302076
cat_boundaries=0 39 40 80 86 122 161 162 173 211 235 274 298 322
cat_threshold=0 0 4 0 20480 0 0 0 0 131072 0 0 0 0 0 0 0 0 0 0 0 0 0 224 0 0 0 0 0 0 0 0 0 41943040 4194304 0 0 1 2147483648 20480 524320 0 0 0 0 0 0 0 0 0 8388608 0 0 0 0 0 0 0 0 0 0 0 0 0 0 0 0 0 0 0 0 0 0 0 0 0 1073741840 0 512 262144 0 0 4096 0 0 8388608 0 0 0 0 0 0 0 0 0 0 0 0 0 0 0 0 0 0 0 0 0 0 0 0 0 0 0 0 0 0 0 0 0 0 0 512 524320 0 0 0 0 0 0 0 0 0 0 0 0 0 0 0 0 0 0 0 0 0 0 0 0 0 0 0 0 0 0 0 0 0 0 0 1073741824 0 512 532480 0 0 0 0 0 0 0 0 0 131072 8388608 8192 0 0 0 0 0 0 0 0 0 0 0 0 0 0 0 0 0 0 0 0 0 0 0 0 0 0 0 0 0 0 0 0 0 0 0 0 8192 0 0 0 0 0 0 0 0 0 0 0 0 0 0 0 0 0 0 0 0 0 0 0 160 0 0 0 0 4096 0 0 0 0 0 0 0 0 0 0 0 0 0 0 0 0 0 0 0 0 0 0 0 0 0 0 0 0 33554432 0 0 0 0 2147483648 0 0 0 0 16384 0 0 0 0 131072 8388608 0 0 0 0 0 0 0 0 0 0 0 0 128 0 0 4 0 4096 0 0 0 0 0 0 0 0 0 0 0 0 0 0 0 0 0 0 64
is_linear=0
shrinkage=0.05


Tree=26
num_leaves=31
num_cat=12
split_feature=178 187 198 188 178 185 182 229 253 179 214 191 191 191 194 178 182 191 178 191 179 184 178 178 191 191 182 191 191 180
split_gain=13406.4 6933.35 2996.86 3031.55 2055.4 1987.52 1553.34 1379.92 1322.13 1239.44 966.037 1078.18 946.582 886.812 812.738 675.941 669.407 1209.23 628.207 858.144 630.184 619.93 985.777 589.275 1130.6 927.18 558.05 537.15 532.704 503.834
threshold=0 1.0000000180025095e-35 1.0000000180025095e-35 1.0000000180025095e-35 1 1.0000000180025095e-35 2 7.5000000000000009 1.0000000180025095e-35 3 4 9.5000000000000018 5.5000000000000009 6.5000000000000009 1.0000000180025095e-35 5 6 19.500000000000004 7 15.500000000000002 8 60.000000000000007 9 10 15.500000000000002 15.500000000000002 11 6.5000000000000009 22.500000000000004 4.5000000000000009
decision_type=9 2 2 2 9 2 9 2 2 9 1 2 2 2 2 9 9 2 9 2 9 2 9 9 2 2 9 2 2 2
left_child=1 8 3 4 12 6 -5 9 16 -6 13 -12 21 15 -9 -11 17 -1 19 -15 -20 22 -2 25 -25 -22 -13 -10 -16 -18
right_child=2 -3 -4 5 7 -7 -8 14 27 10 11 26 -14 18 28 -17 29 -19 20 -21 23 -23 -24 24 -26 -27 -28 -29 -30 -31
leaf_value=0.021756232082425504 -0.05167997257103793 0.045767095136480342 0.0058091636925558564 0.014827794611695123 0.0448492118004436 -0.034733654105701305 -0.011767657500236534 -0.01309641005095254 0.0064271672339182608 0.0067771684945705877 -0.023483891565774753 0.0079818493267406095 -0.026924835435326994 -0.015710190622094247 0.020280927170052736 -0.0090225748004742392 0.0067531535766587646 -0.022083367571873888 -0.03988446591350174 -0.051689980999310652 -0.007296582354689482 -0.028924776868509597 0.0096054535657524674 -0.0073647723969046232 0.028822478162989891 -0.029061293966919161 -0.012544168894634097 -0.014858225230129139 -0.046745736301756977 -0.01111516688303619
leaf_weight=14418.968317836319 747.16578814515378 11624.108351621195 33127.793644693447 21362.440842198848 963.6631115154596 3004.9682016872684 7380.7392866841401 3213.4138082458521 4211.0488323167665 13993.428107406915 29072.437811752068 3832.0308958961978 31027.656816255563 7769.2021045029978 6657.7006878338289 13093.075757855389 210762.93064151157 1765.0330377181526 1616.7729128299397 2106.6768193013268 22635.467171853961 2404.1308623298537 4887.1700620143383 9106.1683195870137 2828.429294364294 6242.934612414072 24174.203090479888 10003.852266554662 309.74304672796279 4019.7291171334218
leaf_count=31170 14064 45240 100456 63724 2305 119336 58927 24039 13875 53435 406469 54016 890008 97422 20438 57999 476473 10104 10551 91280 181828 52655 27335 54410 19617 154539 466258 124589 1992 11997
internal_value=0 0.00803611 -0.00820376 -0.0103294 -0.0127586 0.00395403 0.00799936 -0.0100571 0.00624749 -0.0113736 -0.0117732 -0.0167361 -0.0229574 -0.00820334 0.00770341 -0.000860782 0.00715838 0.0169637 -0.0120071 -0.0233643 -0.00935555 -0.00767079 0.00139901 -0.0081361 0.00121081 -0.0119981 -0.009737 -0.00855224 0.0172973 0.00641839
internal_weight=508363 256806 251557 218430 186681 31748.1 28743.2 147615 245182 137434 136471 57078.7 39066.1 79392.2 10180.9 27086.5 230967 16184 52305.7 9875.88 42429.8 8038.47 5634.34 40813 11934.6 28878.4 28006.2 14214.9 6967.44 214783
internal_count=3736551 713448 3023103 2922647 2680660 241987 122651 1696598 668208 1650129 1647824 926743 984062 721081 46469 111434 529744 41274 609647 188702 420945 94054 41399 410394 74027 336367 520274 138464 22430 488470
cat_boundaries=0 39 79 103 109 110 149 173 212 246 286 324 348
cat_threshold=0 0 4 0 20480 0 0 0 0 131072 0 0 0 0 0 0 0 0 0 0 0 0 0 224 0 0 0 0 0 0 0 0 0 41943040 4194816 0 0 0 2147483648 532480 0 0 0 0 0 0 0 0 0 8388608 0 0 0 0 0 0 0 0 0 0 0 0 0 0 0 0 0 0 0 0 0 0 0 0 0 16 0 512 262144 0 0 0 0 0 0 0 0 0 0 8388608 0 0 0 0 0 0 0 0 0 0 0 0 160 0 0 4096 0 0 8388608 1027 0 0 0 0 0 0 0 0 0 0 0 0 0 0 0 0 0 0 0 0 0 0 0 0 0 0 0 0 0 0 0 0 0 1073741824 0 0 0 1 32768 0 0 0 0 4096 0 0 0 0 0 0 0 0 0 0 0 0 0 0 0 0 0 0 64 0 0 0 0 0 0 0 0 0 0 0 0 0 0 0 0 0 0 0 0 0 0 0 0 0 0 0 0 0 0 0 0 0 0 0 0 0 0 32768 0 0 0 0 0 0 0 0 0 0 0 0 0 128 0 0 0 0 0 0 0 0 0 0 0 0 0 0 0 0 0 0 0 16384 8192 0 0 0 0 0 0 0 0 0 0 0 0 0 0 0 0 0 0 0 0 0 0 0 0 0 0 0 0 0 0 0 0 0 0 0 0 0 0 262144 0 0 0 0 0 0 0 0 0 0 0 0 0 0 0 0 0 0 0 0 0 0 0 0 0 0 0 0 0 0 0 0 0 1073741824 0 0 1 1 0 0 4 0 0 0 0 0 0 0 0 0 0 0 0 0 0 0 0 0 0 0 0 192
is_linear=0
shrinkage=0.05


Tree=27
num_leaves=31
num_cat=11
split_feature=178 187 246 181 213 198 253 178 179 178 187 248 178 178 182 191 184 182 182 194 214 231 250 216 191 211 246 234 214 191
split_gain=12397 6382.52 3343.13 2476.45 2865.15 2349.74 1269.49 1237.33 1207.64 930.085 899.545 788.342 781.257 738.341 693.431 899.439 650.568 612.049 602.658 575.658 2525.45 1176.39 714.357 882 560.649 547.388 529.844 526.046 519.054 1003.16
threshold=0 1.0000000180025095e-35 1.0000000180025095e-35 4.5000000000000009 1.0000000180025095e-35 1.0000000180025095e-35 1.0000000180025095e-35 1 2 3 1.0000000180025095e-35 1.0000000180025095e-35 4 5 6 19.500000000000004 125.00000000000001 7 8 1.0000000180025095e-35 9 1.5000000000000002 1.0000000180025095e-35 1.0000000180025095e-35 19.500000000000004 1.0000000180025095e-35 1.0000000180025095e-35 1.5000000000000002 10 11.500000000000002
decision_type=9 2 2 2 2 2 2 9 9 9 2 2 9 9 9 2 2 9 9 2 1 2 2 2 2 2 2 2 1 2
left_child=1 6 3 4 5 7 14 16 -9 -4 27 12 -10 -6 15 -1 -2 -14 -12 21 -21 22 23 -19 -8 26 28 -5 29 -16
right_child=2 -3 9 10 13 -7 24 8 11 -11 18 -13 17 -15 25 -17 -18 19 -20 20 -22 -23 -24 -25 -26 -27 -28 -29 -30 -31
leaf_value=0.021138350488204373 -0.0031074915560809751 0.045005897753320423 -0.052885055430462714 -0.029214912755163774 -0.03952708768958086 0.0057317850389731473 -0.0056617435961867435 0.043936755909977143 -0.031288263846301664 -0.016422033268124119 -0.038028774065550525 -0.035936714173913482 -0.049920146388944597 0.017195837282816533 0.011365288180874776 -0.018342262357122493 -0.037295719792338498 -0.0067863685460493109 -0.0081680342330959083 0.0039163372568521522 -0.034149683361004449 -0.038329923083046162 0.01880681531804422 -0.035298964729280492 -0.044917478923979473 0.046961175035964864 -0.03951827901775052 0.051672495966600986 0.0032219564315472682 0.0017168252658632606
leaf_weight=14303.202781796339 66820.849357461848 11069.736366107827 5022.1853105194459 15606.622663960268 586.11129640782019 32685.308118473273 13119.121973305766 924.14278172404738 5100.56222568659 2729.1230315268913 1898.6290287194424 3667.1559310709999 996.86841421475401 15948.076667604037 85636.449986113643 1603.8849446437671 1420.6208165060962 57609.873673936701 14936.462867698632 7369.5567443649634 10655.445952662121 3152.2203746305895 2565.3857137726736 2845.9398609659111 976.8895511169103 824.68122056405991 632.50596017076168 203.14325335348258 82732.640932707 39306.327171754325
leaf_count=31170 453706 45240 299076 589584 15491 100456 103868 2305 161644 56468 48783 137120 16441 36242 149067 10104 26887 453174 151211 97657 291765 42651 11203 62868 34596 2162 8987 4203 206020 86402
internal_value=0 0.00788951 -0.00781026 -0.00678763 -0.00481656 -0.00650426 0.00617158 -0.00895598 -0.0126486 -0.0401389 -0.0196087 -0.01321 -0.0122882 0.0151702 0.00708336 0.017146 -0.00381899 -0.0111455 -0.0115644 -0.0106802 -0.0186031 -0.00852351 -0.00703227 -0.00812895 -0.00838412 0.00631679 0.00615605 -0.0281737 0.00629527 0.00832933
internal_weight=502950 250205 252744 244993 212348 195814 239136 163129 94887.2 7751.31 32644.9 93963 90295.9 16534.2 225040 15907.1 68241.5 85195.3 16835.1 84198.4 18025 66173.4 63021.2 60455.8 14096 209133 208308 15809.8 207675 124943
internal_count=3736551 677616 3058935 2703391 1909610 1857877 632376 1757421 1276828 355544 793781 1274523 1137403 51733 493912 41274 480593 975759 199994 959318 389422 569896 527245 516042 138464 452638 450476 593787 441489 235469
cat_boundaries=0 39 79 85 124 164 165 189 199 210 211 212
cat_threshold=0 0 4 0 20480 0 0 0 0 131072 0 0 0 0 0 0 0 0 0 0 0 0 0 224 0 0 0 0 0 0 0 0 0 41943040 4194304 0 0 0 2147483648 8192 0 0 0 0 0 0 0 0 0 0 0 0 0 0 0 0 0 0 0 0 0 0 0 0 0 0 0 0 0 0 0 0 1073741824 512 67109376 1 8193 0 65536 0 0 4096 0 0 8388608 0 0 0 0 0 0 0 0 0 0 0 0 0 0 0 0 0 0 0 0 0 0 0 0 0 0 0 0 0 0 0 0 0 1073741824 0 0 1 0 33280 0 0 0 0 0 0 0 0 0 0 8388608 0 0 0 0 0 0 0 0 0 0 0 0 0 0 0 0 0 0 0 0 0 0 0 0 0 16 0 0 262144 8192 0 0 0 0 4096 0 0 0 0 0 0 0 0 0 0 0 0 0 0 0 0 0 0 64 0 0 0 0 16384 0 0 0 0 131072 0 0 0 0 0 0 0 0 0 131072 8388608 25 1088
is_linear=0
shrinkage=0.05


Tree=28
num_leaves=31
num_cat=3
split_feature=214 187 246 181 213 200 194 214 253 191 187 185 184 188 184 208 232 191 211 191 185 191 213 191 248 247 191 191 194 214
split_gain=11001.4 6252.88 3182.25 2076.1 2907.17 1676.32 2743.95 1062.39 1020.65 914.538 820.449 706.212 693.923 774.733 765.365 637.81 582.516 534.516 526.064 519.173 610.199 801.698 507.467 506.714 503.202 921.33 562.206 552.052 472.676 427.244
threshold=0 1.0000000180025095e-35 1.0000000180025095e-35 4.5000000000000009 1.0000000180025095e-35 1.0000000180025095e-35 1.0000000180025095e-35 1 1.0000000180025095e-35 13.500000000000002 1.0000000180025095e-35 1.0000000180025095e-35 175.00000000000003 1.0000000180025095e-35 60.000000000000007 1.0000000180025095e-35 135.00000000000003 10.500000000000002 1.0000000180025095e-35 2.5000000000000004 1.0000000180025095e-35 19.500000000000004 1.0000000180025095e-35 6.5000000000000009 1.0000000180025095e-35 1.0000000180025095e-35 11.500000000000002 17.500000000000004 1.0000000180025095e-35 2
decision_type=1 2 2 2 2 2 2 1 2 2 2 2 2 2 2 2 2 2 2 2 2 2 2 2 2 2 2 2 2 1
left_child=1 8 3 4 5 7 17 9 12 11 22 -2 13 18 -15 -6 24 -7 29 -16 -21 -22 28 -10 25 26 -9 -26 -5 -1
right_child=2 -3 -4 10 15 6 -8 16 23 -11 -12 -13 -14 14 19 -17 -18 -19 -20 20 21 -23 -24 -25 27 -27 -28 -29 -30 -31
leaf_value=0.005706980085046021 -0.0032287586756857517 0.044212626809075097 -0.039329976414729587 -0.032518392955118623 -0.024039164010968922 0.036803207045367062 -0.029332274289517221 -0.022736960102371515 0.0064222522848245136 -0.015420403720509885 -0.0113847259383712 -0.035015100679235529 0.02402450989911795 -0.010548568620108681 -0.030173996296598039 0.017277887680342045 0.053769894366364104 0.0077181125786030249 0.045258784652613779 0.026817633664883208 0.014271969523181154 -0.041379967249111138 -0.048867752217134922 -0.0143815067185357 -0.048680543224474571 0.0071272628353778638 -0.0081723241521478706 -0.00683637950415513 -0.013479411812381662 0.00096480108647135324
leaf_weight=169494.06770450497 84138.484549658402 10534.669032051926 8116.202111651306 6928.8944021043426 993.69986150664045 5231.9486283345614 2888.7371172884014 19474.162626510457 4166.4333760759328 21495.921470506481 16649.868314653315 1784.0142838418251 5047.8027561096824 2565.6980392213445 524.74198597855866 15433.641919556714 296.55660110496683 2263.8944103233516 789.11102939397097 11274.011231434037 4336.6634644477163 760.09731864347123 2334.6126057233778 9834.5024103570613 2328.2628464198497 4245.9930131582078 10045.615889442168 1192.2540582115762 6160.7930835032603 66013.127504538163
leaf_count=384953 546525 45240 364531 247904 14589 9030 11902 272575 13875 389935 199994 65680 19208 14059 1358 37144 1003 6801 2162 18115 8180 5638 134496 124589 107865 28194 187565 29255 211387 232799
internal_value=0 0.00640986 -0.00862709 -0.00740519 -0.00522516 -0.00733992 0.0120654 -0.00872975 0.00496084 -0.00619612 -0.0190827 -0.003889 0.00566687 0.00530448 0.0148935 0.0147776 -0.0159651 0.0280207 0.00451469 0.0187576 0.0203272 0.00596818 -0.0273913 -0.00819031 -0.0165248 -0.0146486 -0.017781 -0.0345141 -0.0235587 0.00437805
internal_weight=497344 285341 212004 203887 171813 155386 10384.6 145001 274806 107418 32074.2 85922.5 260805 255758 19461.2 16427.3 37582.8 7495.84 236296 16895.5 16370.8 5096.76 15424.3 14000.9 37286.3 33765.8 29519.8 3520.52 13089.7 235507
internal_count=3736551 870176 2866375 2501844 1708063 1656330 27733 1628597 824936 1002140 793781 612205 686472 667264 47350 51733 626457 15831 619914 33291 31933 13818 593787 138464 625454 488334 460140 137120 459291 617752
cat_boundaries=0 1 2 3
cat_threshold=199 3104 68
is_linear=0
shrinkage=0.05


Tree=29
num_leaves=31
num_cat=11
split_feature=178 187 246 198 235 185 178 213 229 178 182 191 179 253 178 246 178 194 178 248 182 191 185 178 191 191 194 178 232 216
split_gain=11073.9 5478.72 2951.24 2070.6 1963.5 3902.88 1890.9 1655.69 1398.03 1225.25 1592.26 1439.11 1151.64 1136.9 954.493 886.621 883.943 818.897 773.883 657.016 630.368 645.842 582.505 567.679 503.043 495.974 462.499 682.117 454.259 517.502
threshold=0 1.0000000180025095e-35 1.0000000180025095e-35 1.0000000180025095e-35 1.0000000180025095e-35 1.0000000180025095e-35 1 1.0000000180025095e-35 7.5000000000000009 2 3 14.500000000000002 4 1.0000000180025095e-35 5 1.0000000180025095e-35 6 1.0000000180025095e-35 7 1.0000000180025095e-35 8 19.500000000000004 1.5000000000000002 9 17.500000000000004 17.500000000000004 1.0000000180025095e-35 10 135.00000000000003 1.0000000180025095e-35
decision_type=9 2 2 2 2 2 9 2 2 9 9 2 9 2 9 2 9 2 9 2 9 2 2 9 2 2 2 9 2 2
left_child=1 13 3 4 7 6 -6 8 9 11 -11 26 -12 15 -13 20 -4 -10 -14 22 21 -1 28 -8 -15 -21 27 -2 29 -20
right_child=2 -3 16 -5 5 -7 23 -9 17 10 12 14 18 24 -16 -17 -18 -19 19 25 -22 -23 -24 -25 -26 -27 -28 -29 -30 -31
leaf_value=0.019889484987675888 0.0019679525862685123 0.043433243771774793 0.021000802073109649 0.0049095669603951252 -0.05220434650203698 -0.047897734083646282 0.007857834383970197 -0.045633036619441146 -0.01285847406841722 -0.045820225893098157 0.043570270369901076 0.019517998371594729 -0.025895274679934733 -0.0048552529478032985 -0.03097796130978514 -0.025733276775544753 -0.049191534620887004 0.017996987449169964 -0.010357200577199884 -0.04779583010481446 0.0061636387142995491 -0.014761287694183532 0.072937962636190956 0.024583605634603711 -0.035623770431058778 -0.0077427633975261844 -0.01062290929585686 -0.029716617256122419 0.051424075823681116 -0.024155109710908809
leaf_weight=14109.650377748825 36501.801504769333 10035.840550621215 489.10429177596234 31903.430617453298 1084.2886004265747 3125.2344159110799 11524.994223393849 3324.6962652429356 3149.5751489664544 3885.7787336368347 875.58311604184564 1068.2736444972106 11520.901244742505 12399.926164108503 7331.9029845357582 2103.3869771182362 5239.1652927230462 6774.4208281727042 74054.013537942548 2191.1086305749195 213503.4285848357 1485.8767322420608 204.72862684086431 9101.1425409863004 1487.4432213976979 1194.8305923600856 12381.883486505452 1771.0283802009653 286.18853291543201 7482.8351293112792
leaf_count=31170 192653 45240 4887 100456 38247 150066 48926 158031 24039 154487 2305 9417 233664 94240 162092 26769 332875 22430 863202 107865 501806 10104 2062 31115 44224 29255 127708 15549 1003 170664
internal_value=0 0.00722467 -0.00779471 -0.00691485 -0.00881213 0.00433915 0.0118598 -0.0106893 -0.0100084 -0.0111328 -0.0144592 -0.00540114 -0.0132084 0.0057422 -0.0245685 0.00657682 -0.0432452 0.00820374 -0.013726 -0.0120815 0.00687355 0.0165768 -0.0111918 0.015247 -0.00815232 -0.0336666 -0.00222333 0.000494038 -0.0114028 -0.0116237
internal_weight=491592 255126 236467 230739 198835 24835.7 21710.4 174000 170675 160751 101696 59054.9 97810.2 245090 8400.18 231202 5728.27 9924 96934.6 85413.7 229099 15595.5 82027.8 20626.1 13887.4 3385.94 50654.7 38272.8 81823 81536.8
internal_count=3736551 753553 2982998 2645236 2544780 268354 118288 2276426 2118395 2071926 1564507 507419 1410020 708313 171509 569849 337762 46469 1407715 1174051 543080 41274 1036931 80041 138464 137120 335910 208202 1034869 1033866
cat_boundaries=0 39 40 80 91 97 137 177 217 241 242 281
cat_threshold=0 0 4 0 20480 0 0 0 0 131072 0 0 0 0 0 0 0 0 0 0 0 0 0 224 0 0 0 0 0 0 0 0 0 41943040 4194816 0 0 1 2147483648 8192 8192 0 0 0 0 0 0 0 0 0 0 0 0 0 0 0 0 0 0 0 0 0 0 0 0 0 0 0 0 0 0 0 0 1073741824 0 67109376 1 0 32768 65536 0 0 0 0 16384 0 0 0 0 131072 8388608 0 0 4096 0 0 8388608 0 0 0 0 0 0 0 0 0 0 0 0 0 0 0 0 0 0 0 0 0 0 0 0 0 0 0 0 0 0 0 0 0 0 0 512 0 0 0 65536 0 0 0 0 0 0 0 0 0 0 0 0 0 0 0 0 0 0 0 0 0 0 0 0 0 0 0 0 0 0 0 0 0 0 0 512 0 0 0 65536 0 0 0 0 0 0 0 0 0 0 8388608 0 0 0 0 0 0 0 0 0 0 0 0 0 0 0 0 0 0 0 0 0 0 0 0 0 0 8192 0 262144 0 0 0 0 4096 0 0 0 0 0 0 0 0 0 0 0 0 0 0 0 0 0 0 64 524288 8192 0 0 0 0 0 0 0 0 0 0 0 0 0 0 0 0 0 0 0 0 0 0 0 0 0 0 0 0 0 0 0 0 1073741824 0 0 1 0 32768
is_linear=0
shrinkage=0.05


Tree=30
num_leaves=31
num_cat=13
split_feature=178 187 246 181 213 198 253 229 178 194 178 178 191 250 178 182 214 191 187 194 182 191 178 182 191 191 214 184 214 182
split_gain=10179.2 5032.04 2668.39 2010.57 2613.08 1976.93 1274.03 1090.98 1120.91 981.332 1899.26 1382.68 1738.57 927.841 805.472 797.149 805.174 791.349 705.596 659.292 650.645 639.906 559.181 554.194 550.257 546.022 536.387 522.393 517.261 479.289
threshold=0 1.0000000180025095e-35 1.0000000180025095e-35 4.5000000000000009 1.0000000180025095e-35 1.0000000180025095e-35 1.0000000180025095e-35 7.5000000000000009 1 1.0000000180025095e-35 2 3 17.500000000000004 1.0000000180025095e-35 4 5 6 7.5000000000000009 1.0000000180025095e-35 1.0000000180025095e-35 7 12.500000000000002 8 9 19.500000000000004 6.5000000000000009 10 175.00000000000003 11 12
decision_type=9 2 2 2 2 2 2 2 9 2 9 9 2 2 9 9 1 2 2 2 9 2 9 9 2 2 1 2 1 9
left_child=1 6 3 4 5 7 20 8 -2 11 -11 21 13 15 -4 -13 -17 28 29 -9 24 27 -6 -20 -1 -8 -14 -10 -12 -5
right_child=2 -3 14 18 22 -7 25 19 9 10 17 12 26 -15 -16 16 -18 -19 23 -21 -22 -23 -24 -25 -26 -27 -28 -29 -30 -31
leaf_value=0.019521688831086518 -0.024946413087445728 0.042660613391107764 -0.010237585666891647 -0.04369054116084322 -0.03590036822857301 0.0050288811304850974 0.0062245995498905419 -0.011886269371583642 0.0031451958061372923 -0.0019674099317949722 0.0065763328766356146 -0.0010335700198655802 0.041379228138269816 0.017837515097434201 -0.0512437539516893 -0.01426165427481762 -0.030593397938713868 -0.029764858217674963 -0.037309669915261606 0.015979850291215299 0.00583329129837058 -0.016543089687142708 0.016422697107387932 -0.0079421977303731992 -0.013065215253782764 -0.01544502039603207 0.0048009635120515766 -0.039859750091108814 -0.047380579692359204 -0.02152736064730594
leaf_weight=13955.18817170657 11280.526589246088 9552.5846868326771 1669.5195275901351 3115.8951966059103 519.23815363674657 31555.214329014707 4132.0999080736656 3077.6431426283089 40387.04443403089 14686.304880608077 2628.6253554169962 7501.4819063627801 1639.568783702678 2132.4309975637007 4409.2990991705447 26610.323559441254 10577.338142404245 17272.045762306079 1797.8242735860695 6836.3605173598044 209868.16269732412 5003.9949739289586 15455.024178816937 14632.611972434097 1427.468817958259 9800.6281195363263 2579.7393378267006 718.2111449688673 523.61287008522777 11721.120728355716
leaf_count=31170 234094 45240 46924 143769 15491 100456 13875 24039 173619 171494 28230 39575 6908 9316 299076 248822 181507 446199 48783 22430 492898 79218 36242 151211 10104 124589 35698 7745 17811 450018
internal_value=0 0.0070753 -0.00738418 -0.00652849 -0.00469352 -0.00636879 0.00565427 -0.00871255 -0.00982053 -0.00852778 -0.0156926 -0.00593912 -0.0116074 -0.0143799 -0.0400853 -0.0159175 -0.0189144 -0.0255479 -0.0183231 0.00732859 0.00656185 0.000337801 0.0147084 -0.0111845 0.0164863 -0.009018 0.0191286 0.0023932 -0.00252029 -0.0262274
internal_weight=487067 248736 238331 232252 200985 185010 239184 153455 143541 132261 35110.6 97150.1 51040.9 46821.6 6078.82 44689.1 37187.7 20424.3 31267.5 9914 225251 46109.3 15974.3 16430.4 15382.7 13932.7 4219.31 41105.3 3152.24 14837
internal_count=3736551 717876 3018675 2672675 1878894 1827161 672636 1726705 1680236 1446142 663734 782408 521826 479220 346000 469904 430329 492240 793781 46469 534172 260582 51733 199994 41274 138464 42606 181364 46041 593787
cat_boundaries=0 39 79 119 158 198 222 223 247 248 259 260 261 285
cat_threshold=0 0 4 0 20480 0 0 0 0 131072 0 0 0 0 0 0 0 0 0 0 0 0 0 224 0 0 0 0 0 0 0 0 0 41943040 4194304 67108864 0 1 2147483648 0 0 0 0 0 0 0 0 0 0 8388608 0 0 0 0 0 0 0 0 0 0 0 0 0 0 0 0 0 0 0 0 0 0 0 0 0 16 8192 0 262144 32 0 0 0 0 0 0 0 0 0 0 0 0 0 0 0 0 0 0 0 0 0 0 0 0 0 0 0 0 0 0 0 0 1073741824 512 512 1073741824 0 0 65536 8192 0 0 0 0 0 0 0 0 0 0 0 0 0 0 0 0 0 0 0 0 0 0 0 0 0 0 0 0 0 0 0 0 1073741824 512 0 1 0 33280 0 0 0 0 0 0 0 0 0 0 0 0 0 0 0 0 0 0 0 0 0 0 0 0 0 0 0 0 0 0 0 0 0 0 512 512 0 0 0 327680 0 0 0 0 4096 0 0 0 0 0 0 0 0 0 0 0 0 0 0 0 0 0 0 96 19 0 0 0 0 4096 0 0 0 0 0 0 0 0 0 0 0 0 0 0 0 0 0 0 64 8192 0 0 0 0 0 0 0 0 0 131072 8388608 1026 1041 0 0 0 0 16384 0 0 0 0 0 8388608 0 0 0 0 0 0 0 0 0 0 0 0 32
is_linear=0
shrinkage=0.05


Tree=31
num_leaves=31
num_cat=13
split_feature=178 187 246 181 177 185 182 178 253 191 178 179 182 187 179 246 178 248 229 178 178 191 191 178 247 178 191 191 185 191
split_gain=9430.89 4618.21 2445.76 1972.03 2571.93 1311.94 1192.52 1129.53 1061.84 1019.92 925.465 668.025 651.199 639.516 608.735 577.751 562.538 563.61 541.709 526.864 505.993 473.066 469.459 1131.98 1177.47 722.083 559.308 467.632 461.655 452.17
threshold=0 1.0000000180025095e-35 1.0000000180025095e-35 4.5000000000000009 1 1.0000000180025095e-35 2 3 1.0000000180025095e-35 15.500000000000002 4 5 6 1.0000000180025095e-35 7 1.0000000180025095e-35 8 1.0000000180025095e-35 8.5000000000000018 9 10 20.500000000000004 8.5000000000000018 11 1.0000000180025095e-35 12 15.500000000000002 21.500000000000004 1.5000000000000002 6.5000000000000009
decision_type=9 2 2 2 1 2 9 9 2 2 9 9 9 2 9 2 9 2 2 9 9 2 2 9 2 9 2 2 2 2
left_child=1 8 3 4 5 6 20 18 12 14 -4 -11 27 28 -8 -14 -9 22 -6 -15 -2 -19 23 -18 -25 26 -24 -1 -5 -10
right_child=2 -3 10 13 7 -7 9 16 29 11 -12 -13 15 19 -16 -17 17 21 -20 -21 -22 -23 25 24 -26 -27 -28 -29 -30 -31
leaf_value=0.018459186122350726 0.027084166710854857 0.041890640459360404 -0.050885250569724094 -0.026681052845730635 -0.0056184548731054804 -0.031270871662987886 -0.022266989679180851 -0.029781121161506274 0.0059329378516054659 0.043318437738632511 -0.012434413005603823 0.0082775163346238047 0.0058414052786115557 -0.036960001678943775 -0.0013359623489339681 -0.042049585492091202 0.0040628306292804428 -0.042528089084096846 0.0082270873047132504 -0.0080029119860512525 0.0088183474057761876 0.0039063087626228848 -0.019781652283341163 -0.02106802881865966 0.017804166248055298 -0.0097752178630781481 -0.048161212517909217 -0.021531211481785557 0.047182015516927724 -0.013888093832200108
leaf_weight=14423.664681754541 6631.5915405519772 9105.5008667590446 4242.4975433631043 14289.790764932142 55175.314436407542 2675.3770622974989 3841.8442885953118 4746.3016411817225 4115.3538972752867 1492.5482705624308 2512.9414367538993 14555.865083271201 203809.80662998138 1754.5152652539546 35390.371930458961 631.19165274969419 13836.40392873669 2497.8946836278483 8101.2224248400889 14533.308334294445 8919.1864294904517 702.45382748273551 7002.4629812081985 13611.479415925394 2272.9342118962668 18955.564568864909 2309.2816933749127 769.53152153210249 214.23701799236005 9560.0679580431315
leaf_count=33777 11858 45240 299076 589584 408128 119336 23346 161214 13875 5307 56468 49580 443651 44379 167321 8987 63328 121521 33788 155615 30212 15599 108937 180657 13954 311494 84030 7497 4203 124589
internal_value=0 0.00695781 -0.00702006 -0.00616225 -0.0043714 0.00309549 0.00439427 -0.00861883 0.00559466 0.000951395 -0.0366784 0.0115701 0.00643637 -0.0179519 -0.00339205 0.00569314 -0.0131987 -0.0119075 -0.00384509 -0.0111511 0.0166211 -0.0323355 -0.0107817 -0.00639384 -0.0154953 -0.0153949 -0.0267937 0.0164219 -0.0255881 -0.00792297
internal_weight=482681 242415 240265 233510 202718 73506.8 70831.4 129211 233310 55280.6 6755.44 16048.4 219634 30791.9 39232.2 204441 65934.8 61188.5 63276.5 16287.8 15550.8 3200.35 57988.1 29720.8 15884.4 28267.3 9311.74 15193.2 14504 13675.4
internal_count=3736551 677616 3058935 2703391 1909610 406960 287624 1502650 632376 245554 355544 54887 493912 793781 190667 452638 1060734 899520 441916 199994 42070 137120 762400 257939 194611 504461 192967 41274 593787 138464
cat_boundaries=0 39 40 64 102 141 175 199 233 273 274 275 314 353
cat_threshold=0 0 4 0 20480 0 0 0 0 131072 0 0 0 0 0 0 0 0 0 0 0 0 0 224 0 0 0 0 0 0 0 0 0 41943040 4194304 0 0 0 2147483648 8448 0 0 0 0 0 0 0 0 0 0 0 0 0 0 0 0 0 0 0 0 0 0 0 128 0 0 0 0 0 0 0 0 0 0 0 0 0 0 0 0 0 0 0 0 0 0 0 0 0 0 0 0 0 0 0 0 0 1073741824 512 67109376 1 8193 0 0 0 0 0 0 0 0 0 0 0 0 0 0 0 0 0 0 0 0 0 0 0 0 0 0 0 0 0 0 0 0 0 1073741824 0 0 1 0 33280 0 0 0 0 0 8388608 0 0 0 0 0 0 0 0 0 0 0 0 0 0 0 0 0 0 0 0 0 0 0 0 0 0 0 32768 0 0 0 0 4096 0 0 0 0 0 0 0 0 0 0 0 0 0 0 0 0 0 0 64 0 0 0 0 0 0 0 0 0 0 0 0 0 128 0 0 0 0 0 0 0 0 0 0 0 0 0 0 0 0 0 0 0 49152 0 0 0 0 0 0 0 0 0 0 8388608 0 0 0 0 0 0 0 0 0 0 0 0 0 0 0 0 0 0 0 0 0 0 0 0 0 0 0 0 262144 8192 32 0 0 0 0 0 0 0 0 0 0 0 0 0 0 0 0 0 0 0 0 0 0 0 0 0 0 0 0 0 0 0 0 0 0 0 0 0 0 33280 0 0 0 0 0 0 0 0 0 0 0 0 0 0 0 0 0 0 0 0 0 0 0 0 0 0 0 0 0 0 0 0 0 0 0 0 0 0 33280
is_linear=0
shrinkage=0.05


Tree=32
num_leaves=31
num_cat=2
split_feature=214 187 246 188 214 185 200 194 208 188 203 184 245 184 191 194 191 229 191 232 227 227 191 191 222 185 184 213 208 194
split_gain=8360.46 4532.46 2152 1672.49 2151.72 1378.89 1181.41 1900.64 1142.86 763.45 924.501 763.897 1081.31 725 688.473 662.608 568.138 554.859 490.959 472.054 465.763 476.096 531.904 432.915 844.309 430.561 1211.02 470.07 889.519 421.998
threshold=0 1.0000000180025095e-35 1.0000000180025095e-35 1.0000000180025095e-35 1 1.0000000180025095e-35 1.0000000180025095e-35 1.0000000180025095e-35 1.0000000180025095e-35 1.0000000180025095e-35 1.0000000180025095e-35 175.00000000000003 1.0000000180025095e-35 60.000000000000007 14.500000000000002 1.0000000180025095e-35 10.500000000000002 8.5000000000000018 6.5000000000000009 135.00000000000003 2.5000000000000004 1.0000000180025095e-35 15.500000000000002 6.5000000000000009 1.0000000180025095e-35 1.0000000180025095e-35 175.00000000000003 1.0000000180025095e-35 1.0000000180025095e-35 1.0000000180025095e-35
decision_type=1 2 2 2 1 2 2 2 2 2 2 2 2 2 2 2 2 2 2 2 2 2 2 2 2 2 2 2 2 2
left_child=1 9 3 4 6 8 14 16 -5 10 11 20 15 -11 17 -13 -8 23 -12 25 21 -1 -23 24 -2 27 -27 -6 -29 -19
right_child=2 -3 -4 5 19 -7 7 -9 -10 13 18 12 -14 -15 -16 -17 -18 29 -20 -21 -22 22 -24 -25 -26 26 -28 28 -30 -31
leaf_value=0.0043848748386346925 0.0018517475395967969 0.041179127601105953 -0.035021319520791454 -0.004162912654549049 -0.014128239331397034 -0.030598399291326645 0.034809730295149291 -0.025510948669055018 0.016533855950705358 -0.010906005454937938 0.0055767096730631929 0.049965970613567195 -0.041908137852972649 0.017986932269690115 -0.015534668642155995 0.0083741297048138524 0.0050104982960863884 -0.0085133016849486855 -0.015098484225773329 0.050250565977964005 0.03157586049636895 -0.011982094420770042 0.019936852686190335 -0.0085527102557591671 -0.033252116585348809 -0.053533737394224915 0.031895911841639556 -0.055149277534417646 -0.0060143981493186857 0.018633628168249435
leaf_weight=220044.28312321677 26052.942553451634 8689.934368971677 6973.3734542478342 11832.719249642076 58958.8956277783 2601.9210804734612 4957.3990494196769 2471.7717421053676 15285.7337669587 2501.1310918593081 4103.1841653403826 2443.1210012764204 536.03398910461692 16432.850646553212 15361.046285365403 1575.5712476689368 2362.1839302862063 2104.0185533351614 9559.8038287835079 269.19058407004923 1530.5292443493381 8202.4452515221201 1551.6059876105282 40470.803308209899 1832.9339813323459 2037.1350593128882 520.44219511002302 1996.7163040437736 1710.2944517302094 4475.6737605533563
leaf_count=587385 103534 45240 364531 80581 1147308 119336 9030 11902 42070 14059 13875 6508 5741 34333 283888 5917 6801 14370 124589 1003 2624 25356 4549 381568 17425 97921 9784 136441 27781 11101
internal_value=0 0.00564036 -0.00772867 -0.00675446 -0.00871475 0.00416676 -0.00410247 0.0123931 0.00750305 0.00449019 0.00375572 0.00448817 0.0247652 0.0141698 -0.00589173 0.0336638 0.0251946 -0.00391489 -0.00888909 -0.0157602 0.00408886 0.0039057 -0.00690338 -0.00524978 -0.000455999 -0.0160356 -0.0361448 -0.0152145 -0.0324853 0.00995198
internal_weight=479446 277170 202275 195302 165581 29720.4 100089 9791.35 27118.5 268481 249547 235884 4554.73 18934 90297.4 4018.69 7319.58 74936.4 13663 65492.7 231329 229798 9754.05 68356.7 27885.9 65223.5 2557.58 62665.9 3707.01 6579.69
internal_count=3736551 870176 2866375 2501844 2259857 241987 839619 27733 122651 824936 776544 638080 18166 48392 811886 12425 15831 527998 138464 1420238 619914 617290 29905 502527 120959 1419235 107705 1311530 164222 25471
cat_boundaries=0 1 2
cat_threshold=199 3072
is_linear=0
shrinkage=0.05


Tree=33
num_leaves=31
num_cat=13
split_feature=178 184 179 178 253 178 182 182 182 234 185 182 182 229 225 191 178 236 188 178 191 214 214 191 213 188 184 197 191 211
split_gain=8409.18 2516.28 2331.4 2161.83 1170.96 1147.37 1713.76 1075 839.231 704.472 616.716 1051.86 955.497 680.65 635.506 577.719 874.111 560.11 671.055 520.187 548.777 968.253 519.137 872.896 525.545 495.035 652.759 478.919 478.458 422.065
threshold=0 125.00000000000001 1 2 1.0000000180025095e-35 3 4 5 6 1.0000000180025095e-35 1.0000000180025095e-35 7 8 7.5000000000000009 1.0000000180025095e-35 12.500000000000002 9 1.0000000180025095e-35 1.0000000180025095e-35 10 5.5000000000000009 11 12 11.500000000000002 1.0000000180025095e-35 1.0000000180025095e-35 60.000000000000007 1.0000000180025095e-35 6.5000000000000009 1.0000000180025095e-35
decision_type=9 2 9 9 2 9 9 9 9 2 2 9 9 2 2 2 9 2 2 9 2 1 1 2 2 2 2 2 2 2
left_child=1 3 27 8 25 6 -4 -7 -1 17 11 -8 -12 14 -13 -16 -17 -3 -19 -9 21 -21 23 -22 -24 29 -27 -2 -6 -5
right_child=2 9 5 4 28 7 10 19 -10 -11 12 13 -14 -15 15 16 -18 18 -20 20 22 -23 24 -25 -26 26 -28 -29 -30 -31
leaf_value=-0.031027175253059803 0.04241006114409452 0.023062816566839395 -0.047170481556951055 0.005369703267225503 0.005396331230169321 -0.04552707717010479 0.0066134843737557071 -0.028645707716472631 -0.0058750837977533015 -0.019585502631785282 0.030840883066121288 -0.018778300642183648 -0.047410471442612713 0.0048569341435401453 -0.0029241107050831387 0.016460433685708958 -0.023632902193346468 -0.047471038394015092 0.024394147296769409 0.0074943211132088502 -0.01287732526225905 -0.018305921653934226 -0.0094739761509134903 -0.032493915440709412 -0.051181581790090164 -0.0098445590771959763 0.01779534903791281 0.0027379428288842674 -0.015054475439816833 0.043243389845763362
leaf_weight=4985.5272285172832 776.19631925655995 25950.131489062231 2466.7578629561758 194390.07753491448 4093.5971938867588 2689.5387098906795 17488.942156812482 5227.9253912694694 9915.4362686676322 1086.6467655124288 492.47164121462265 13599.307831504964 1790.4123433907807 9859.5817874653731 30732.594360099523 1628.5595140957157 8081.4862830757629 632.1348620740755 667.10154465190135 8366.5412396700413 15506.803322368432 6416.6704482335481 32574.13489052646 8942.5043129779951 772.82445873826509 2466.0849371464574 15938.774651203712 37073.308501702559 9485.9950109453639 737.94722265191376
leaf_count=118409 2305 117783 118928 457913 13875 109304 117393 196678 96295 45660 8370 218219 100889 46469 184864 14849 189607 27839 2122 45817 214050 82801 509607 348885 39395 14059 32404 135011 124589 2162
internal_value=0 0.00578679 -0.00765056 0.00413638 0.00534688 -0.010195 -0.00618228 -0.0144876 -0.0143067 0.0198843 -0.00496809 -0.0042496 -0.0305971 -0.00722268 -0.00942797 -0.0062835 -0.0169149 0.0214588 -0.0105723 -0.0134086 -0.012307 -0.00371152 -0.0145076 -0.0200448 -0.0104383 0.00625251 0.0140914 0.00355126 -0.0088892 0.00551307
internal_weight=474836 270349 204487 242013 227112 166637 86140.1 80496.9 14901 28336 83673.4 81390.5 2282.88 63901.5 54041.9 40442.6 9710.05 27249.4 1299.24 77807.4 72579.5 14783.2 57796.3 24449.3 33347 213533 18404.9 37849.5 13579.6 195128
internal_count=3736551 1053110 2683441 859706 645002 2546125 999588 1546537 214704 193404 880660 771401 109259 654008 607539 389320 204456 147744 29961 1437233 1240555 128618 1111937 562935 549002 506538 46463 137316 138464 460075
cat_boundaries=0 39 73 78 118 129 153 177 201 206 246 286 287 288
cat_threshold=32 0 4 0 20480 0 0 0 0 131072 0 0 0 0 0 0 0 0 0 0 0 0 0 224 0 0 0 0 0 0 0 0 0 41943040 4194816 0 0 1 2147483648 0 0 4096 0 0 8388608 0 0 0 0 0 0 0 0 0 0 0 0 0 0 0 0 0 0 0 0 0 0 0 0 0 0 0 65536 32 0 0 0 4096 524288 0 0 0 0 0 0 0 0 0 0 0 0 0 0 0 0 0 0 0 0 0 0 0 0 0 0 0 0 0 0 0 0 1073741824 0 67109376 1 8192 0 65536 0 0 0 0 16384 0 0 0 0 131072 8388608 0 0 0 0 0 0 0 0 0 0 0 0 0 0 0 0 0 0 0 0 0 0 0 192 0 0 0 0 16384 0 0 0 0 131072 0 0 0 0 0 0 0 0 0 0 0 0 0 32 0 0 0 0 0 0 0 0 0 0 0 0 0 0 0 0 0 0 0 0 0 0 0 160 0 0 4 0 4096 0 0 0 0 0 0 0 0 0 0 0 0 0 0 0 0 0 0 0 0 0 0 0 0 0 0 0 0 0 0 0 0 0 0 0 67109376 0 0 0 65536 0 0 0 0 0 0 0 0 0 0 8388608 0 0 0 0 0 0 0 0 0 0 0 0 0 0 0 0 0 0 0 0 0 0 0 0 0 16 0 0 262144 1057 1536
is_linear=0
shrinkage=0.05


Tree=34
num_leaves=31
num_cat=6
split_feature=178 246 198 188 180 178 194 185 253 194 178 209 178 178 184 248 245 192 188 184 192 184 212 192 192 178 192 250 216 194
split_gain=7608.71 2111.31 1757.97 1958.23 1709.13 1497.84 1355.08 1208.53 1117.61 949.432 860.538 869.506 844.979 560.706 516.588 508.278 501.485 465.855 462.629 580.683 470.112 487.583 506.629 449.425 445.069 867.18 437.767 436.478 1349.07 747.525
threshold=0 1.0000000180025095e-35 1.0000000180025095e-35 1.0000000180025095e-35 3.0000000000000004 1 1.0000000180025095e-35 1.0000000180025095e-35 1.0000000180025095e-35 1.0000000180025095e-35 2 1.0000000180025095e-35 3 4 175.00000000000003 1.0000000180025095e-35 1.0000000180025095e-35 130.00000000000003 1.0000000180025095e-35 60.000000000000007 50.000000000000007 75.000000000000014 1.0000000180025095e-35 50.000000000000007 310.00000000000006 5 330.00000000000006 1.0000000180025095e-35 1.0000000180025095e-35 1.0000000180025095e-35
decision_type=9 2 2 2 2 9 2 2 2 2 9 2 9 9 2 2 2 2 2 2 2 2 2 2 2 9 2 2 2 2
left_child=4 2 3 5 8 24 -6 9 18 -5 14 15 -3 -11 -7 27 -8 -10 -1 -20 -21 -22 -23 -14 -2 -26 -17 28 -12 -29
right_child=1 12 -4 7 6 10 16 -9 17 13 11 -13 23 -15 -16 26 -18 -19 19 20 21 22 -24 -25 25 -27 -28 29 -30 -31
leaf_value=0.0052871481322010871 -0.0026681157806066596 -0.049619045350661514 0.0055572908990122695 -0.00063829118444297362 0.034582269037171015 -0.031222548968207604 -0.0024126788828649948 -0.028726708793128237 0.0052751800752464393 -0.047375675310079052 -0.0095585353372155974 -0.043178251123370939 -0.072303175254962132 0.02022239756276694 0.013946820330295585 -0.04667030113350943 0.025339330944391298 -0.01493589093507728 -0.0090967637719726914 -0.031028804385999299 0.031220104310870335 -0.030204371884256988 0.015245469381341935 -0.0037896965853286995 -0.029186106307829814 -0.00071606718469188638 -0.0079011120217232153 0.021977992110721118 -0.039087189025862293 -0.039730150080028337
leaf_weight=189645.78337510739 64808.68613453384 3842.5973956717062 30371.576500683033 14841.089854773832 9187.1349213872163 8851.156679092499 5307.40547647106 2482.6256949628296 4087.2310409960337 306.33160429913551 70027.505310308217 2188.7958617745317 269.58150161337107 11363.486007306725 681.30416395375505 1834.4932730715664 2347.2629000039306 9422.5447865907336 2438.662083438132 490.9625396206975 5134.7317375580315 654.59163813933264 9570.4095819874201 2106.5041615205409 4886.5468500842981 5906.9228823827289 1208.0868900275382 2265.1242930694134 4093.8616455422889 625.95803608567803
leaf_count=415357 399664 299076 100456 91252 44536 334695 21929 119336 13875 9437 989545 143248 2692 21962 17097 102453 10867 124589 14059 1351 9082 4710 17261 53776 108726 59186 34667 11203 137443 23021
internal_value=0 -0.00642536 -0.00563728 -0.00736871 0.0062818 -0.0094468 0.0216368 0.00462781 0.0051142 0.00775198 -0.0137394 -0.0120873 -0.0351669 0.0184223 -0.0279638 -0.0112385 0.00609777 -0.00882092 0.00601962 0.0136142 0.0171088 0.0186487 0.012334 -0.0115301 -0.0042333 -0.0136343 -0.0312821 -0.0104463 -0.0111898 0.00861106
internal_weight=471249 232962 226744 196372 238287 167378 16841.8 28993.5 221445 26510.9 91776.3 82243.8 6218.68 11669.8 9532.46 80055 7654.67 13509.8 207935 18289.4 15850.7 15359.7 10225 2376.09 75602.2 10793.5 3042.58 77012.4 74121.4 2891.08
internal_count=3736551 3058935 2703391 2602935 677616 2360948 77332 241987 600284 122651 1793372 1441580 355544 31399 351792 1298332 32796 138464 461820 46463 32404 31053 21971 56468 567576 167912 137120 1161212 1126988 34224
cat_boundaries=0 39 79 119 158 159 198
cat_threshold=0 0 4 0 20480 0 0 0 0 131072 0 0 0 0 0 0 0 0 0 0 0 0 0 224 0 0 0 0 0 0 0 0 0 41943040 4194304 0 0 0 2147483648 0 0 0 0 0 0 0 0 0 0 0 0 0 0 0 0 0 0 0 0 0 0 0 0 0 0 0 0 0 0 0 0 0 1073741824 512 67109376 1 8193 32768 65536 8192 0 0 0 0 0 0 0 0 0 8388608 0 0 0 0 0 0 0 0 0 0 0 0 0 0 0 0 0 0 0 0 0 0 0 0 0 16 0 0 262144 0 0 0 0 0 0 0 0 0 0 0 0 0 0 0 0 0 0 0 0 0 0 0 0 0 0 0 0 0 0 0 0 0 1073741824 0 0 1 0 33280 8192 0 0 0 0 0 0 0 0 0 0 0 0 0 0 0 0 0 0 0 0 0 0 0 0 0 0 0 0 0 0 0 0 0 1073741824 0 0 1 0 32768
is_linear=0
shrinkage=0.05


Tree=35
num_leaves=31
num_cat=12
split_feature=178 182 178 198 246 187 178 182 182 253 188 214 178 245 245 194 181 178 246 179 185 213 180 244 207 229 194 178 178 191
split_gain=7294.39 1973.62 1966.35 1946.9 1643.85 1611.54 1031.08 1376.45 915.079 902.686 850.094 775.635 730.971 1281.92 1059.54 774.197 721.278 710.897 690.958 656.596 629.443 627.411 576.624 525.48 678.055 494.459 567.011 1385.96 1007.23 693.24
threshold=0 1 2 1.0000000180025095e-35 1.0000000180025095e-35 1.0000000180025095e-35 3 4 5 1.0000000180025095e-35 1.0000000180025095e-35 6 7 1.0000000180025095e-35 1.0000000180025095e-35 1.0000000180025095e-35 4.5000000000000009 8 1.0000000180025095e-35 9 1.0000000180025095e-35 1.0000000180025095e-35 3.0000000000000004 1.0000000180025095e-35 1.0000000180025095e-35 7.5000000000000009 1.0000000180025095e-35 10 11 11.500000000000002
decision_type=9 9 9 2 2 2 9 9 9 2 2 1 9 2 2 2 2 9 2 9 2 2 2 2 2 2 2 9 9 2
left_child=1 5 23 4 6 12 8 -8 21 18 11 19 14 15 16 -14 -1 -6 -4 -9 -12 -2 -7 24 -3 26 27 -21 29 -28
right_child=3 2 9 -5 17 22 7 10 -10 -11 20 -13 13 -15 -16 -17 -18 -19 -20 25 -22 -23 -24 -25 -26 -27 28 -29 -30 -31
leaf_value=0.024483325002021994 0.0031170360954851867 -0.025687107461118609 0.0062566119204318336 0.0046466047871204031 0.023094649807756034 0.018354478363007236 -0.0454827288008584 0.041353505304548573 -0.03239387687306812 -0.0074300133034399226 0.008243763916157644 -0.013009102720345698 0.0026429853511245873 0.027249333517566629 -0.049045488216047886 -0.053220861965835226 -0.010831179433222321 -0.042434394404855004 -0.028904121810627365 -0.030343236709463289 -0.030855974856007745 -0.04796616061068773 0.039339577080488408 0.013221141494730455 -0.0017171439583222401 0.0051389213776625994 -0.012684480420638284 -0.0018752363306545963 -0.0039977809776511634 -0.0380181211991183
leaf_weight=7627.2862612936005 4010.3200906499405 8304.9731360394799 205816.33739866404 30250.88165543112 450.45403099240502 5631.145009164582 2295.9761526923976 743.66056754137389 7901.5504058546067 13277.46566714521 12976.589961842285 46638.136045032108 996.33328462461941 1386.7530163682532 632.35389519040473 1641.3958453887608 1783.5522632352076 4746.7111132270948 1406.2717661190545 4628.5584668955998 1117.4642549813725 706.52924047963461 7827.1091949877155 1598.1001544807223 4576.5933577049 9782.1608910665382 5782.4486485942616 54605.040333971308 13400.236497803504 5068.5204862114624
leaf_count=43547 69540 151651 452201 100456 4842 36014 118928 2305 301521 138464 40633 895931 3578 3050 6446 6256 49789 341184 18505 56991 62314 35015 45240 6452 56085 46469 60633 309699 128780 144032
internal_value=0 0.00551993 0.00403556 -0.00706465 -0.00909121 0.018185 -0.00824259 -0.00713598 -0.0219903 0.00520786 -0.00656394 -0.00773751 0.0063576 -0.0116325 0.0135653 -0.0321214 0.0177897 -0.0367894 0.00601791 -0.00512027 0.00514235 -0.00452825 0.0305605 -0.0138071 -0.0171718 -0.00549549 -0.0067423 -0.00410551 -0.0131822 -0.024497
internal_weight=467611 262506 234980 205105 174854 27525.9 169657 157039 12618.4 220500 154743 140649 14067.7 4024.48 10043.2 2637.73 9410.84 5197.17 207223 94010.6 14094.1 4716.85 13458.3 14479.7 12881.6 93267 83484.8 59233.6 24251.2 10851
internal_count=3736551 1017278 823358 2719273 2618817 193920 2272791 1866715 406076 609170 1747787 1644840 112666 12884 99782 9834 93336 346026 470706 748909 102947 104555 81254 214188 207736 746604 700135 366690 333445 204665
cat_boundaries=0 39 63 68 108 119 130 131 136 172 178 218 257
cat_threshold=32 0 4 0 20480 0 0 0 0 131072 0 0 0 0 0 0 0 0 0 0 0 0 0 224 0 0 0 0 0 0 0 0 0 41943040 4194304 0 0 1 2147483648 0 0 4 0 4096 0 0 0 0 0 0 0 0 0 0 0 0 0 0 0 0 0 0 128 32 0 0 0 4096 8192 0 0 0 0 0 0 0 0 0 8388608 0 0 0 0 0 0 0 0 0 0 0 0 0 0 0 0 0 0 0 0 0 0 0 0 0 16 0 0 262144 0 0 0 0 16384 0 0 0 0 131072 8388608 0 0 4 0 4096 0 0 0 0 131072 8388608 3075 32 0 0 0 4096 0 0 0 0 0 0 0 0 0 0 0 0 0 0 0 0 0 0 0 0 0 0 0 0 0 0 0 0 0 0 0 0 0 0 0 512 0 0 4096 0 0 8388608 0 0 0 0 0 0 0 0 0 0 0 0 0 0 0 0 0 0 0 0 0 0 0 0 0 0 0 0 0 0 0 0 0 0 0 512 0 8192 0 65536 0 0 0 0 0 0 0 0 0 0 0 0 0 0 0 0 0 0 0 0 0 0 0 0 0 0 0 0 0 0 0 0 0 0 0 0 1 0 33280
is_linear=0
shrinkage=0.05


Tree=36
num_leaves=31
num_cat=10
split_feature=178 184 178 198 187 253 178 182 194 188 229 179 214 236 185 194 191 199 244 182 188 184 191 178 182 232 180 178 185 191
split_gain=7067.01 2068.72 1664.22 1617.41 1205.82 1082.47 980.459 1263.35 832.563 802.872 695.986 710.536 625.666 616.347 565.19 516.991 454.752 445.652 444.268 606.763 429.367 539.897 427.941 538.069 436.117 414.155 408.475 381.787 1255 643.604
threshold=0 125.00000000000001 1 1.0000000180025095e-35 1.0000000180025095e-35 1.0000000180025095e-35 2 3 1.0000000180025095e-35 1.0000000180025095e-35 7.5000000000000009 4 5 1.0000000180025095e-35 1.0000000180025095e-35 1.0000000180025095e-35 6.5000000000000009 55.000000000000007 1.0000000180025095e-35 6 1.0000000180025095e-35 60.000000000000007 6.5000000000000009 7 8 135.00000000000003 3.0000000000000004 9 1.0000000180025095e-35 18.500000000000004
decision_type=9 2 9 2 2 2 9 9 2 2 2 9 1 2 2 2 2 2 2 9 2 2 2 9 9 2 2 9 2 2
left_child=1 2 18 6 -3 20 8 -8 22 10 11 -9 -13 26 -11 -12 -7 -5 19 -1 27 -22 23 -2 -25 -14 -6 29 -29 -4
right_child=3 4 5 17 13 16 7 9 -10 14 15 12 25 -15 -16 -17 -18 -19 -20 -21 21 -23 -24 24 -26 -27 -28 28 -30 -31
leaf_value=-0.001202633787833471 -0.043574739321821571 0.0082850655997271424 0.010570887796179165 0.014782740374471007 0.020420155984342336 0.0053057851620669245 -0.044717795676144548 0.040536071241130428 -0.032446362707208735 0.0076288954735338884 -0.012221521188949093 -0.006203074140488006 -0.013641327314584464 -0.057078666901156538 -0.02995077098183245 0.012686103439518683 -0.014749405338806641 0.00047883191293898351 0.01216662455356235 -0.024050258432380817 -0.0086581984810168589 0.016806284255209331 -0.019379399377797511 -0.028218255035692731 0.007482841533657374 0.049745544300485792 0.038519705204050153 0.0033985394080852157 0.043676366619660623 -0.015679138231761945
leaf_weight=4581.364762856334 716.23057094495744 13445.980553731672 44680.3691603638 7181.9071333738975 5343.4013550977397 4059.6880748412805 2206.2207003608346 715.17331506242044 7173.7993536864233 12917.714281428489 3009.6330410015071 75905.104647614513 51802.951274332256 201.31686673423974 1083.9929903665325 6765.2451846963959 9301.3323487650487 22519.153366492596 1608.6323194216238 7978.4894589878386 2401.4032625447144 15601.008856437169 8622.642739775576 1006.0888306247653 5386.7479046768713 258.47125619306462 7494.6550560041505 134588.84754452581 1961.7053689043969 2463.2484396758227
leaf_count=56601 14770 112349 93364 24752 31895 13875 118928 2305 317966 40633 24039 756913 967378 3920 62314 22430 124589 75704 6452 151651 14059 32404 262861 25873 41509 1003 45240 274914 2421 13439
internal_value=0 0.0055615 0.00403299 -0.00686119 0.0187921 0.00512654 -0.00866792 -0.00723642 -0.018322 -0.00669095 -0.00784526 -0.00882231 -0.00910082 0.0296257 0.00471821 0.00501643 -0.00865538 0.00393797 -0.0125596 -0.0157372 0.00603979 0.0134091 -0.0118917 -0.00280843 0.00182645 -0.0133235 0.0309879 0.00531753 0.00397708 0.00919712
internal_weight=462983 255711 229226 207271 26485.4 215058 177570 154665 22905.5 152458 138457 128682 127967 13039.4 14001.7 9774.88 13361 29701.1 14168.5 12559.9 201697 18002.4 15731.7 7109.07 6392.84 52061.4 12838.1 183694 136551 47143.6
internal_count=3736551 977173 783769 2759378 193404 569065 2658922 1995943 662979 1877015 1774068 1727599 1725294 81055 102947 46469 138464 100456 214704 208252 430601 46463 345013 82152 67382 968381 77135 384138 277335 106803
cat_boundaries=0 39 44 84 95 101 102 126 166 190 225
cat_threshold=32 0 4 0 20480 0 0 0 0 131072 0 0 0 0 0 0 0 0 0 0 0 0 0 224 0 0 0 0 0 0 0 0 0 41943040 4194304 0 0 0 2147483648 32 0 0 0 4096 8192 0 0 0 0 0 0 0 0 0 8388608 0 0 0 0 0 0 0 0 0 0 0 0 0 0 0 0 0 0 0 0 0 0 0 0 0 16 0 512 262144 0 0 0 0 16384 0 0 0 0 131072 8388608 0 0 4096 0 0 8388608 1027 0 0 0 0 0 0 0 0 0 0 0 0 0 0 0 0 0 0 0 0 0 0 0 192 0 0 0 0 0 0 0 0 0 0 0 0 0 0 0 0 0 0 0 0 0 0 0 0 0 0 0 0 0 0 0 0 0 0 0 0 0 0 0 262144 0 0 4 0 4096 0 0 0 0 0 0 0 0 0 0 0 0 0 0 0 0 0 0 192 0 0 0 0 0 0 0 0 0 0 0 0 0 0 0 0 0 0 0 0 0 0 0 64 0 0 0 0 0 0 0 0 0 8388608 4194304
is_linear=0
shrinkage=0.05


Tree=37
num_leaves=31
num_cat=12
split_feature=178 246 184 178 198 187 178 182 182 188 248 179 181 229 214 250 191 178 178 229 213 185 188 178 246 184 181 182 191 179
split_gain=6741.67 2196.94 1904.38 1515.88 1462.09 1139.74 864.843 1238.2 798.633 734.144 654.997 612.637 604.887 556.551 546.726 1030.22 764.891 1086.68 641.044 582.247 540.481 510.662 499.156 772.291 610.984 470.126 469.386 430.371 415.346 398.199
threshold=0 1.0000000180025095e-35 125.00000000000001 1 1.0000000180025095e-35 1.0000000180025095e-35 2 3 4 1.0000000180025095e-35 1.0000000180025095e-35 5 4.5000000000000009 7.5000000000000009 6 1.0000000180025095e-35 8.5000000000000018 7 8 5.5000000000000009 1.0000000180025095e-35 1.0000000180025095e-35 1.0000000180025095e-35 9 1.0000000180025095e-35 60.000000000000007 4.5000000000000009 10 15.500000000000002 11
decision_type=9 2 2 9 2 2 9 9 9 2 2 9 2 2 1 2 2 9 9 2 2 2 2 9 2 2 2 9 2 9
left_child=2 4 3 27 6 -4 8 -8 20 10 11 -9 -7 14 15 19 17 -16 28 -13 -2 -11 23 -5 -25 -24 -10 -1 -18 -20
right_child=1 -3 5 22 -6 12 7 9 26 21 -12 13 -14 -15 16 -17 18 -19 29 -21 -22 -23 25 24 -26 -27 -28 -29 -30 -31
leaf_value=-0.037997147507815271 0.0023870821270950849 -0.040632417838769211 0.0079128311299575139 -0.0045829835364701779 0.0041000631398173644 0.033196817342457927 -0.044538199394579044 0.039707375566393206 -0.02321146956231164 0.0072716255860285628 -0.030877950233807856 -0.034107929682189723 0.0014979982385367901 0.0041704957471444355 0.0026904764175348728 0.0081849256866177254 -0.017897149171607209 -0.011333650727761838 0.015194564323289484 -0.0078321097803151062 -0.046642600875218737 -0.028880632393764507 -0.0078748297716423037 0.0053872464630852343 -0.045169928914033812 0.015991484965757433 -0.051136098942984987 -0.0091524316501222103 -0.043859603332620054 -0.0099343823396457372
leaf_weight=1436.3038673693081 3987.8823818812671 4736.0186010830803 13409.856447079481 22583.197256113257 29396.039605449652 10921.236383968033 2153.0205666520924 687.13297733088257 5418.1692885496013 12820.773428515022 2945.5852632430906 6684.9474872102146 1745.9338626304234 9803.8584204373183 33581.090207616624 2884.8421417040518 6614.1889785921667 23451.826363864166 1631.3247402467532 3080.7650104499771 653.77535578119569 1056.8167697308381 2377.7780690375366 181023.04739959646 599.05583792628022 15579.919078489649 2084.9167571815924 12510.1735828042 2008.9988277017546 41228.359803682324
leaf_count=70092 69540 342438 112349 216868 100456 60565 118928 2305 195055 40633 137120 174742 20490 46469 136985 34224 108937 259364 8616 35151 35015 62314 14059 371634 8852 32404 106466 144612 84030 585838
internal_value=0 -0.00699133 0.00525078 0.00383477 -0.0061625 0.0180733 -0.00801585 -0.00697929 -0.0208484 -0.00643153 -0.00756087 -0.00703904 0.0288284 -0.00728696 -0.00821467 -0.0180509 -0.00706554 -0.00307769 -0.0114845 -0.0258201 -0.00451221 0.00451723 0.00483859 0.00413593 0.00522005 0.0128309 -0.0309333 -0.0121498 -0.0239208 -0.00897432
internal_weight=459097 196910 262187 236109 192174 26077 162778 150634 12144.7 148481 134603 131657 12667.2 130970 121166 12650.6 108516 57032.9 51482.9 9765.71 4641.66 13877.6 222163 204205 181622 17957.7 7503.09 13946.5 8623.19 42859.7
internal_count=3736551 2684626 1051925 858521 2342188 193404 2241732 1835656 406076 1716728 1613781 1476661 81055 1474356 1427887 244117 1183770 396349 787421 209893 104555 102947 643817 597354 380486 46463 301521 214704 192967 594454
cat_boundaries=0 39 44 84 95 106 112 113 152 191 230 241 275
cat_threshold=32 0 4 0 4096 0 0 0 0 131072 0 0 0 0 0 0 0 0 0 0 0 0 0 224 0 0 0 0 0 0 0 0 0 41943040 4194816 512 0 0 2147483648 32 0 0 0 4096 8192 0 0 0 0 0 0 0 0 0 8388608 0 0 0 0 0 0 0 0 0 0 0 0 0 0 0 0 0 0 0 0 0 0 0 0 0 16 0 0 262144 0 0 0 0 16384 0 0 0 0 131072 8388608 0 0 4 0 4096 0 0 0 0 131072 8388608 0 0 4096 0 0 8388608 2560 0 0 0 0 0 0 0 0 0 0 0 0 0 0 0 0 0 0 0 0 0 0 0 0 0 0 0 0 0 0 0 0 0 1073741824 0 0 1 1 33280 0 0 0 0 0 0 0 0 0 0 0 0 0 0 0 0 0 0 0 0 0 0 0 0 0 0 0 0 0 0 0 0 0 0 0 0 0 0 33280 0 0 0 0 0 0 0 0 0 0 0 0 0 0 0 0 0 0 0 0 0 0 0 128 0 0 0 0 0 0 0 0 0 0 512 512 0 0 2147483648 0 0 0 0 16384 0 0 0 0 131072 8388608 0 0 0 0 0 0 0 0 0 0 0 0 0 0 0 0 0 0 0 0 0 0 0 0 0 0 0 0 0 0 0 0 0 32768
is_linear=0
shrinkage=0.05


Tree=38
num_leaves=31
num_cat=6
split_feature=214 187 188 200 194 213 253 177 191 183 191 191 201 240 248 185 179 191 195 179 191 191 232 225 191 182 231 182 185 185
split_gain=5679.55 2978.91 1574.74 1376.53 1425.77 1023.41 880.076 779.752 756.61 616.426 1179 754.145 707.866 613.859 545.242 528.728 526.615 476.686 461.227 470.594 449.898 448.943 418.739 416.936 401.399 393.62 389.7 381.038 1179.07 512.19
threshold=0 1.0000000180025095e-35 1.0000000180025095e-35 1.0000000180025095e-35 1.0000000180025095e-35 1.0000000180025095e-35 1.0000000180025095e-35 1 10.500000000000002 1.0000000180025095e-35 11.500000000000002 11.500000000000002 1.0000000180025095e-35 1.0000000180025095e-35 1.0000000180025095e-35 1.0000000180025095e-35 2 19.500000000000004 1.0000000180025095e-35 3 6.5000000000000009 15.500000000000002 135.00000000000003 1.0000000180025095e-35 17.500000000000004 4 2.5000000000000004 5 1.0000000180025095e-35 1.5000000000000002
decision_type=1 2 2 2 2 2 2 1 2 2 2 2 2 2 2 2 9 2 2 9 2 2 2 2 2 9 2 9 2 2
left_child=1 6 3 7 8 15 9 22 -5 10 12 25 18 -13 21 -4 -12 -15 19 -1 -8 26 27 -23 -16 -11 -9 28 -2 -29
right_child=2 -3 5 4 -6 -7 20 14 -10 11 16 13 -14 17 24 -17 -18 -19 -20 -21 -22 23 -24 -25 -26 -27 -28 29 -30 -31
leaf_value=-0.031391969487828873 -0.0091180825208175241 0.03709712413942394 -0.0012627925060435916 0.032586991004657541 -0.023979025996642429 0.013470774641390237 0.0052287983685465863 -0.0053184047927933168 -0.0011424005911695647 0.020091779363316173 0.034527222399594618 -0.0010189661467706972 0.014554531168044666 0.021225074994506196 -0.044062791918619379 -0.028243559160942712 0.0062723186602812678 -0.01580756751175386 -0.034511679617490999 -0.003072914216881337 -0.014789394492454195 -0.0052212004606329247 0.048499305539304982 -0.020768427963128396 -0.0053561913181857934 0.0085662433781766023 -0.026237095730761002 -0.024529281324685934 -0.052375534559771314 0.062246860563266782
leaf_weight=1498.6663693463197 19855.900354616067 6921.4136145163502 10851.205401184809 4737.9201651413459 2355.9385895893211 14686.33478226696 4035.497649760393 94887.670486417308 2560.8815900034388 8212.8076105818618 1690.9912209343747 36196.701605240058 5310.9416279280558 5625.383709397167 1758.5812972462445 2180.3128206646215 55047.515069038229 1027.1695145110134 1254.9146214586217 53041.71994894481 9213.6303973948234 7279.0251861783763 247.84851492359303 10584.802227120803 1082.4224733145384 76273.47799494944 2279.5624458006932 12971.89894576832 1710.6536539548251 171.81170814781217
leaf_count=9052 376197 45240 73595 9939 14314 51733 13875 939842 12320 18758 7756 86197 13733 11096 107865 116659 193447 4646 4392 199934 124589 99755 1003 409356 29255 137461 36294 492611 94307 1330
internal_value=0 0.0047266 -0.00659395 -0.00847336 0.00983607 0.00442074 0.00385973 -0.00963008 0.0207526 0.00453803 0.00193188 0.00694987 -0.00288719 0.00154659 -0.00768272 -0.00577826 0.00712198 0.0155056 -0.0045476 -0.00385776 -0.00869179 -0.00714881 -0.016189 -0.014434 -0.0293209 0.00969019 -0.00580935 -0.0166564 -0.0125448 -0.0233745
internal_weight=455554 265351 190203 162485 9654.74 27717.9 258429 152830 7298.8 245180 117845 127336 61106.2 42849.3 117872 13031.5 56738.5 6652.55 55795.3 54540.4 13249.1 115031 34958.1 17863.8 2841 84486.3 97167.2 34710.3 21566.6 13143.7
internal_count=3736551 870176 2866375 2624388 36573 241987 824936 2587815 22259 686472 428314 258158 227111 101939 1622367 190254 201203 15742 213378 208986 138464 1485247 965448 509111 137120 156219 976136 964445 470504 493941
cat_boundaries=0 1 2 36 70 94 118
cat_threshold=199 4352 0 0 0 0 0 8388608 0 0 0 0 0 0 0 0 0 0 0 0 0 0 0 0 0 0 0 0 0 0 0 0 0 0 0 32768 0 0 0 0 0 0 0 0 0 0 0 0 0 128 0 0 0 0 0 0 0 0 0 0 0 0 0 0 0 0 0 0 0 32768 0 0 0 0 4096 0 0 0 0 0 0 0 0 0 0 0 0 0 0 0 0 0 0 64 0 0 4 0 0 0 0 0 0 0 0 0 0 0 0 0 0 0 0 0 0 0 0 224
is_linear=0
shrinkage=0.05


Tree=39
num_leaves=31
num_cat=11
split_feature=178 187 246 181 182 234 214 178 178 250 214 194 198 179 191 182 178 182 191 191 211 199 184 178 191 223 191 224 227 228
split_gain=6464.9 2440.2 1631.28 1291.21 2070.22 1404.59 983.516 823.201 611.047 537.697 898.054 659.194 482.383 477.319 463.203 459.497 482.065 857.099 406.733 395.058 355.668 345.054 333.511 332.749 748.52 1354.71 360.848 540.753 320.222 664.476
threshold=0 1.0000000180025095e-35 1.0000000180025095e-35 4.5000000000000009 1 1.0000000180025095e-35 2 3 4 1.0000000180025095e-35 5 1.0000000180025095e-35 1.0000000180025095e-35 6 9.5000000000000018 7 8 9 6.5000000000000009 8.5000000000000018 1.0000000180025095e-35 55.000000000000007 175.00000000000003 10 20.500000000000004 1.0000000180025095e-35 23.500000000000004 1.0000000180025095e-35 1.0000000180025095e-35 1.5000000000000002
decision_type=9 2 2 2 9 2 1 9 9 2 1 2 2 9 2 9 9 9 2 2 2 2 2 9 2 2 2 2 2 2
left_child=1 20 3 4 5 -2 8 -4 -6 10 14 18 13 -10 -8 -5 17 -17 -11 -9 22 -14 23 24 28 -26 -25 -28 -1 -30
right_child=2 -3 7 15 6 -7 9 19 12 11 -12 -13 21 -15 -16 16 -18 -19 -20 -21 -22 -23 -24 26 25 -27 27 -29 29 -31
leaf_value=0.0075446020635781723 0.010793466365274139 0.036349307966350212 -0.047825363761077516 -0.029197882407343348 -0.025936438220774984 -0.033132916235579665 -0.01663443064168045 -0.0295265275525332 0.03823145861265774 -0.013648016571461081 -0.034047852194116011 -0.038784730068560126 0.012310727638646136 -0.0048253163357419061 -0.0042916921278292643 0.011825763334775025 -0.0095958016103627544 -0.050070008179538231 0.034036937455448522 0.013180601677788565 0.041411752901862282 -0.00030162130963225811 0.019198268391219211 0.0054992665357382602 -0.042362698201907162 0.030559644184696068 0.0049742088316117681 0.033181346887377512 -0.013165508436228402 0.01443706069649766
leaf_weight=15346.444044856995 31210.117858080281 6650.40134196094 3349.1747736786492 3912.9991191432928 2916.1011750678008 1932.0129170627479 16554.248121755882 1082.6475489715522 637.75481910607778 617.21130544162588 4885.2673352357815 583.30845698245685 7190.4037839543889 95339.056584183883 14058.009089747808 795.8105920124508 34617.79997798377 1872.6736342996737 1619.4199949506437 1082.2571138064959 688.91059112455696 22053.951901541208 4305.2966101140773 158090.33254190168 2345.8977715808433 873.68036094971467 3934.0952722490765 2991.2759709064849 6574.1759510309785 3261.5242944569327
leaf_count=52755 100101 45240 299076 222167 109511 113767 243049 22528 2305 3785 189146 23021 24752 780536 261926 28184 576606 105288 7418 34075 2162 75704 19208 338303 8191 1542 10826 4214 24666 6499
internal_value=0 0.00655798 -0.0054598 -0.00484421 -0.0031807 0.00822969 -0.00545279 -0.0323484 -0.00335035 -0.0124806 -0.0141533 0.00852836 -0.00282221 -0.00453548 -0.010963 -0.0129031 -0.0111817 -0.0316352 0.0208757 -0.00813881 0.00555965 0.0027994 0.0054346 0.00512816 0.000127993 -0.0225709 0.00598836 0.01716 0.00303073 -0.0040117
internal_weight=451372 205062 246310 240796 199597 33142.1 166455 5514.08 128137 38317.5 35497.5 2819.94 125221 95976.8 30612.3 41199.3 37286.3 2668.48 2236.63 2164.9 198412 29244.4 197723 193417 28401.7 3219.58 165016 6925.37 25182.1 9835.7
internal_count=3736551 513606 3222945 2867266 1935021 213868 1721153 355679 992808 728345 694121 34224 883297 782841 504975 932245 710078 133472 11203 56603 468366 100456 466204 446996 93653 9733 353343 15040 83920 31165
cat_boundaries=0 35 59 60 99 139 140 146 157 158 163 197
cat_threshold=0 0 4 0 20480 0 0 0 0 131072 0 0 0 0 0 0 0 0 0 0 0 0 0 96 0 0 0 0 0 0 0 0 0 41943040 4194304 0 0 0 0 0 0 0 0 0 0 8388608 0 0 0 0 0 0 0 0 0 0 0 0 224 3075 0 0 0 0 0 0 0 0 0 0 0 0 0 0 0 0 0 0 0 0 0 0 0 0 0 0 0 0 0 0 0 0 0 1073741824 0 0 1 0 33280 0 0 0 0 0 0 0 0 0 0 0 0 0 0 0 0 0 0 0 0 0 0 0 0 0 0 0 0 0 0 0 0 0 0 0 0 0 0 0 262144 56 0 0 4096 0 0 8388608 0 0 0 0 16384 0 0 0 0 131072 8388608 8192 0 0 4 0 4096 0 0 0 0 4096 0 0 0 0 0 0 0 0 0 0 0 0 0 0 0 0 0 0 32 0 0 0 0 0 0 0 0 0 33554432
is_linear=0
shrinkage=0.05


Tree=40
num_leaves=31
num_cat=10
split_feature=178 187 246 188 214 213 178 246 198 229 178 194 178 191 194 194 185 178 182 188 245 190 194 245 191 183 191 179 182 178
split_gain=6282.38 2353.49 1652.85 1143.1 1579.52 974.337 647.19 617.696 551.941 528.277 668.588 893.276 680.83 594.477 525.997 517.132 428.689 412.878 409.471 819.39 725.055 761.808 616.04 577.034 744.074 538.752 443.951 393.966 388.308 413.737
threshold=0 1.0000000180025095e-35 1.0000000180025095e-35 1.0000000180025095e-35 1 1.0000000180025095e-35 2 1.0000000180025095e-35 1.0000000180025095e-35 7.5000000000000009 3 1.0000000180025095e-35 4 10.500000000000002 1.0000000180025095e-35 1.0000000180025095e-35 1.0000000180025095e-35 5 6 1.0000000180025095e-35 1.0000000180025095e-35 1.0000000180025095e-35 1.0000000180025095e-35 1.0000000180025095e-35 6.5000000000000009 95.000000000000014 23.500000000000004 7 8 9
decision_type=9 2 2 2 1 2 9 2 2 2 9 2 9 2 2 2 2 9 9 2 2 2 2 2 2 2 2 9 9 9
left_child=1 7 3 4 8 16 -4 18 9 10 14 27 13 -13 -2 -11 -5 -7 19 23 21 22 -20 24 -1 -26 -21 -12 -6 -30
right_child=2 -3 6 5 28 17 -8 -9 -10 15 11 12 -14 -15 -16 -17 -18 -19 20 26 -22 -23 -24 -25 25 -27 -28 -29 29 -31
leaf_value=0.0065529355062545567 -0.032425194416939911 0.03554463221872356 0.020011784698018314 -0.002136305597336192 -0.029137585720805353 -0.035016696490729603 -0.044127579736811293 -0.024162034879071467 0.002285620173904975 -0.012002116030990932 0.037337274286313282 -0.0099885214973422874 -0.0039967020046204971 -0.034110321951205204 -0.0078152242314599631 0.013131810663498458 -0.026864491161070786 0.014184635352554265 0.045416251037017991 0.012258833819163022 -0.048516565883721066 0.0055267515395352176 0.0039389840301070475 0.0252254118457024 -0.012882012083639894 -0.044172001464980959 -0.041572090090902375 -0.0025671925270503273 -0.028719734568808719 -0.011466966674257622
leaf_weight=4520.1716278796666 4336.525469016924 6388.0551195179869 437.63240551290801 10817.633085019013 3787.3190049535187 430.52331167014199 3727.6352483999799 1828.6698806019267 28892.58067363291 2952.8600507388473 615.44956883028499 4600.8388199406909 8108.4488799427636 5744.9923095898994 4349.9825982834736 6664.0974655125756 2091.1944215580879 14153.74733770208 2184.568930709851 9975.3121038528043 612.36822542740265 196529.12645440572 1517.1887228138512 1225.46001278935 9005.1406186756212 1623.6901980920229 397.78449966968037 52429.719329447064 3718.8817745454726 53471.972731995207
leaf_count=15098 92283 45240 4887 73595 222167 15491 332849 26795 100456 24039 2305 47237 80738 157428 89678 22430 116659 36242 6845 19151 6446 489051 5917 2800 124643 7920 3802 314585 185175 1064599
internal_value=0 0.00561055 -0.0062603 -0.00563352 -0.00708638 0.00386102 -0.0374437 0.0047772 -0.00372497 -0.00565925 -0.00698736 -0.005393 -0.0148688 -0.0233622 -0.0200798 0.00541377 -0.00614348 0.0127164 0.00500979 -0.000802232 0.0057836 0.0059501 0.0284207 -0.00776799 -0.010438 -0.0176643 0.0101922 -0.00209721 -0.0136264 -0.012594
internal_weight=447140 235808 211332 207167 179674 27493.1 4165.27 229419 118695 89802.9 80186 71499.4 18454.3 10345.8 8686.51 9616.96 12908.8 14584.3 227591 26747.6 200843 200231 3701.76 16374.5 15149 10628.8 10373.1 53045.2 60978.2 57190.9
internal_count=3736551 753708 2982843 2645107 2403120 241987 337736 708468 931179 830723 784254 602293 285403 204665 181961 46469 190254 51733 681673 173414 508259 501813 12762 150461 147661 132563 22953 316890 1471941 1249774
cat_boundaries=0 39 40 80 120 159 160 184 190 201 212
cat_threshold=0 0 4 0 20480 0 0 0 0 131072 0 0 0 0 0 0 0 0 0 0 0 0 0 224 0 0 0 0 0 0 0 0 0 41943040 4194816 67108864 0 1 2147483648 3075 0 0 0 0 0 0 0 0 0 0 0 0 0 0 0 0 0 0 0 0 0 0 0 0 0 0 0 0 0 0 0 0 0 0 0 512 0 0 0 65536 0 0 0 0 0 0 0 0 0 0 0 0 0 0 0 0 0 0 0 0 0 0 0 0 0 0 0 0 0 0 0 0 0 0 0 0 0 8192 0 262144 0 0 0 0 0 0 0 0 0 0 0 0 0 0 0 0 0 0 0 0 0 0 0 0 0 0 0 0 0 0 0 0 0 0 0 0 1 0 33280 8192 0 0 4 0 0 0 0 0 0 0 0 0 0 0 0 0 0 0 0 0 0 0 0 64 0 0 4096 0 0 8388608 0 0 0 0 16384 0 0 0 0 131072 8388608 8192 0 0 0 0 0 0 0 0 0 8388608
is_linear=0
shrinkage=0.05


Tree=41
num_leaves=31
num_cat=11
split_feature=178 187 188 214 194 234 178 182 191 190 191 178 250 214 194 182 178 182 182 191 191 211 234 208 185 213 194 178 191 243
split_gain=6007.36 2041.08 2019.29 1201.66 1016.2 879.648 829.278 765.648 626.977 610.653 533.907 1278.59 493.448 634.652 586.348 483.986 460.681 498.846 462.361 393.692 320.765 312.717 311.096 309.655 858.326 385.41 304.529 439.161 342.863 298.171
threshold=0 1.0000000180025095e-35 1.0000000180025095e-35 1 1.0000000180025095e-35 1.0000000180025095e-35 2 3 15.500000000000002 1.0000000180025095e-35 5.5000000000000009 4 1.0000000180025095e-35 5 1.0000000180025095e-35 6 7 8 9 8.5000000000000018 18.500000000000004 1.0000000180025095e-35 1.5000000000000002 1.0000000180025095e-35 1.0000000180025095e-35 1.0000000180025095e-35 1.0000000180025095e-35 10 22.500000000000004 1.0000000180025095e-35
decision_type=9 2 2 1 2 2 9 9 2 2 2 9 2 1 2 9 9 9 9 2 2 2 2 2 2 2 2 9 2 2
left_child=1 21 3 4 8 7 -5 26 -2 -10 11 15 13 29 -14 -8 18 20 -15 -9 -18 -1 23 25 -25 -19 28 -28 -4 -12
right_child=2 -3 5 6 -6 -7 10 19 9 -11 12 -13 14 16 -16 -17 17 22 -20 -21 -22 -23 -24 24 -26 -27 27 -29 -30 -31
leaf_value=0.0053666847539834174 -0.014634037415029428 0.03476209859646559 0.0074159368730893575 -0.0042066690820274453 0.0034448771795260384 -0.025397192819017367 -0.047587884321128059 -0.023610366902449179 0.027596333944669815 -0.031239845990460757 -0.036335306161169673 -0.020228226038977185 0.022024280195983806 -0.048763145829967602 -0.037233416810962983 0.0067802963100027898 -0.052646165674063709 -0.011892791861844287 -0.018854558361120051 0.008510115800226507 -0.0028171467854087445 0.039850100076401059 0.051308324882228029 0.0085264379164006025 -0.061082150573825704 -0.049873156545024937 -0.045660875265380124 0.018200060159386394 -0.032328125616627887 0.061307484434293784
leaf_weight=194828.8913843456 15463.717054075212 6138.877315251244 19348.834791976551 47650.793476053936 38950.166505574831 2187.5005150106299 413.24079419765621 2796.5467603086581 1778.2649396076449 585.86719952506246 3881.2100661653676 8395.1091040423635 1817.6788909788011 1455.9061052645411 541.33938372455304 12167.6074963188 1198.4431236530654 52508.506642648266 11741.848500403765 1447.1285829000117 442.42489012796432 659.247376028914 198.61298621247988 4145.4056491322699 495.3206284873886 676.19948666662094 266.98136428568978 10835.779753630981 557.77332384942565 79.319457633246202
leaf_count=466204 116490 45240 63153 468737 162965 119336 20682 28466 8900 11877 168611 148890 8344 92566 22289 61015 109626 968539 418864 16150 34758 2162 2751 42320 30057 57615 9437 21962 5549 2996
internal_value=0 0.00637434 -0.00531035 -0.00726433 -0.00108031 0.00536522 -0.00963903 0.00727455 -0.0109676 0.0130102 -0.0122227 -0.00513072 -0.0141029 -0.0147946 0.0084189 0.00495588 -0.0137283 -0.0118529 -0.0221904 -0.0126264 -0.0389813 0.0054831 -0.0110787 -0.0112954 0.00109002 -0.0123762 0.00999919 0.0166373 0.00630129 -0.0342845
internal_weight=443655 201627 242028 204587 56778 37440.5 147809 35253 17827.8 2364.13 100158 20976 79182.2 76823.2 2359.02 12580.8 72862.7 59664.9 13197.8 4243.68 1640.87 195488 58024 57825.4 4640.73 53184.7 31009.4 11102.8 19906.6 3960.53
internal_count=3736551 513606 3222945 2958892 300232 264053 2658660 144717 137267 20777 2189923 230587 1959336 1928703 30633 81697 1757096 1245666 511430 44616 144384 468366 1101282 1098531 72377 1026154 100101 31399 68702 171607
cat_boundaries=0 35 36 76 100 139 140 151 191 202 226 227
cat_threshold=0 0 4 0 20480 0 0 0 0 131072 0 0 0 0 0 0 0 0 0 0 0 0 0 96 0 0 0 0 0 0 0 0 0 41943040 4194304 2051 0 0 0 0 0 0 0 0 0 0 0 0 0 0 0 0 0 0 0 0 0 0 0 0 0 0 0 0 0 0 0 0 0 1073741824 512 67109376 1 1 2147483648 65536 0 0 0 0 0 0 0 0 0 0 8388608 0 0 0 0 0 0 0 0 0 0 0 0 224 524288 0 0 0 0 0 0 0 0 0 0 0 0 0 0 0 0 0 0 0 0 0 0 128 0 0 0 0 0 0 0 0 0 0 0 0 16 0 33280 516 0 0 4 0 4096 0 0 0 0 131072 8388608 8192 0 0 0 0 0 0 0 0 0 0 0 0 0 0 0 0 0 0 0 0 0 0 0 0 0 0 0 0 0 0 0 0 0 0 0 16 0 512 262144 0 0 0 0 16384 0 0 0 0 131072 8388608 0 0 0 0 0 0 0 0 0 0 0 0 0 0 0 0 0 0 0 0 0 0 0 224 8192
is_linear=0
shrinkage=0.05


Tree=42
num_leaves=31
num_cat=11
split_feature=178 246 184 178 179 187 253 246 178 178 182 182 187 248 188 247 177 191 178 236 191 244 182 185 231 191 232 182 191 191
split_gain=5546.29 1498.56 1257.84 1405.45 958.424 837.017 758.695 603.961 587.805 564.397 937.425 622.632 645.135 581.013 517.574 501.13 526.314 546.76 824.328 426.167 406.045 360.021 519.273 355.494 354.439 344.873 335.76 334.38 333.947 318.147
threshold=0 1.0000000180025095e-35 125.00000000000001 1 2 1.0000000180025095e-35 1.0000000180025095e-35 1.0000000180025095e-35 3 4 5 6 1.0000000180025095e-35 1.0000000180025095e-35 1.0000000180025095e-35 1.0000000180025095e-35 7 16.500000000000004 8 1.0000000180025095e-35 19.500000000000004 1.0000000180025095e-35 9 1.0000000180025095e-35 2.5000000000000004 12.500000000000002 135.00000000000003 10 15.500000000000002 3.5000000000000004
decision_type=9 2 2 9 9 2 2 2 9 9 9 9 2 2 2 2 1 2 9 2 2 2 9 2 2 2 2 9 2 2
left_child=2 4 3 21 -2 -4 7 -5 29 11 -11 12 -6 14 15 16 17 24 -19 -7 -8 22 -1 27 -12 -9 -18 -16 -15 -3
right_child=1 8 5 6 9 19 20 25 -10 10 13 -13 -14 28 23 -17 26 18 -20 -21 -22 -23 -24 -25 -26 -27 -28 -29 -30 -31
leaf_value=-0.0012595101688802927 0.0016300293456798431 -0.053381377168885941 0.0070411775810672083 0.0056646310162747878 0.020441743338002014 0.026990692487368892 -0.0048055615523775567 -0.038713908707628114 -0.043459342514776594 -0.0414938273864916 -0.003125837502343084 -0.025426187225894955 -0.028297470506774686 -0.045167221431344828 0.0094465021783521307 0.011787055911972067 -0.013144591136725392 -0.039465062406378482 -0.0073499828989917713 -0.052101759785085681 -0.041139255380105016 0.010633690780914676 -0.022918657187893675 -0.025980671764494524 -0.023429272759965241 0.0083932573637878899 0.047244446097216702 -0.012256580311626042 -0.0098894431300070047 0.043384329411033512
leaf_weight=4392.0122115231934 34599.953878130967 114.4289339534007 12894.863712468097 201092.43719309618 1760.9300759746984 10950.310988193494 11994.799072261754 1208.5803156901384 3561.0045362285164 1902.7501314660622 70525.852923718659 8245.0763825941685 1104.2634632678819 1479.3186474350514 10393.894182381104 3510.3801103621954 32851.553507822449 2749.7706022582279 7296.8428140153992 172.51674648595508 821.19656110554934 1554.1786864544847 7513.2392619331949 949.04418001348677 2216.7108004354523 572.04110882338136 231.28321751428302 2131.1545124879631 1228.5413031064381 325.03121632471448
leaf_count=56601 137316 1835 112349 479769 41543 77135 103868 17139 332849 118928 543929 333359 31174 96592 27499 28194 626370 103250 102612 3920 34596 6452 151651 62314 37934 9630 1003 13134 40528 3078
internal_value=0 -0.00652585 0.00482494 0.00368409 -0.00586496 0.0157112 0.0046623 0.00540787 -0.036798 -0.00760999 -0.00673262 -0.0184486 0.00164819 -0.0062415 -0.00577453 -0.00682299 -0.00738688 -0.00525436 -0.0161885 0.0257612 -0.00713558 -0.0119857 -0.0149494 0.00351446 -0.00374478 -0.0235794 -0.0127177 0.00575071 -0.0291685 0.0177413
internal_weight=440344 187178 253166 229148 183177 24017.7 215689 202873 4000.46 148577 137467 11110.3 2865.19 135564 132856 119382 115872 82789.2 10046.6 11122.8 12816 13459.4 11905.3 13474.1 72742.6 1780.62 33082.8 12525 2707.86 439.46
internal_count=3736551 2683441 1053110 859706 2345679 193404 645002 506538 337762 2208363 1802287 406076 72717 1683359 1546239 1443292 1415098 787725 205862 81055 138464 214704 208252 102947 581863 26769 627373 40633 137120 4913
cat_boundaries=0 39 44 78 118 158 169 180 181 220 244 268
cat_threshold=32 0 4 0 20480 0 0 0 0 131072 0 0 0 0 0 0 0 0 0 0 0 0 0 224 0 0 0 0 0 0 0 0 0 41943040 4194816 0 0 1 2147483648 32 0 0 0 4096 0 0 4096 0 0 8388608 0 0 0 0 0 0 0 0 0 0 0 0 0 0 0 0 0 0 0 0 0 0 0 0 0 0 0 65536 0 0 0 0 0 0 0 0 0 0 0 0 0 0 0 0 0 0 0 0 0 0 0 0 0 0 0 0 0 0 0 0 0 0 0 67109376 0 0 0 65536 8192 0 0 0 0 0 0 0 0 0 8388608 0 0 0 0 0 0 0 0 0 0 0 0 0 0 0 0 0 0 0 0 0 0 0 0 0 16 0 0 262144 0 0 0 0 16384 0 0 0 0 131072 8388608 0 0 4 0 0 0 0 0 0 131072 8388608 1152 0 0 0 0 0 0 0 0 0 0 0 0 0 0 0 0 0 0 0 0 0 0 0 0 0 0 0 0 0 0 0 0 0 0 0 0 1 0 33280 0 0 0 0 0 0 0 0 0 0 0 0 0 0 0 0 0 0 0 0 0 0 0 192 0 0 0 0 0 0 0 0 0 0 0 0 0 0 0 0 0 0 0 0 0 0 0 160
is_linear=0
shrinkage=0.05


Tree=43
num_leaves=31
num_cat=5
split_feature=214 187 246 200 194 188 214 213 253 179 229 191 191 214 191 185 182 245 191 183 194 183 232 191 194 211 218 191 195 191
split_gain=4379.75 1984.07 1250.25 1036.06 1446.04 1218.96 855.727 852.793 748.967 503.59 466.678 405.043 384.717 835.02 370.724 368.511 336.315 868.362 728.954 419.879 427.23 329.764 323.867 317.152 319.785 296.08 306.569 949.063 524.003 429.846
threshold=0 1.0000000180025095e-35 1.0000000180025095e-35 1.0000000180025095e-35 1.0000000180025095e-35 1.0000000180025095e-35 1 1.0000000180025095e-35 1.0000000180025095e-35 2 8.5000000000000018 6.5000000000000009 6.5000000000000009 3 10.500000000000002 1.0000000180025095e-35 4 1.0000000180025095e-35 19.500000000000004 85.000000000000014 1.0000000180025095e-35 75.000000000000014 135.00000000000003 22.500000000000004 1.0000000180025095e-35 1.0000000180025095e-35 1.0000000180025095e-35 16.500000000000004 1.0000000180025095e-35 11.500000000000002
decision_type=1 2 2 2 2 2 1 2 2 9 2 2 2 1 2 2 9 2 2 2 2 2 2 2 2 2 2 2 2 2
left_child=1 8 3 5 14 6 22 15 9 -1 12 -10 13 -8 -5 -7 17 18 19 -11 -21 -13 -2 24 -12 26 27 28 -18 -28
right_child=2 -3 -4 4 -6 7 10 -9 11 16 23 21 -14 -15 -16 -17 25 -19 -20 20 -22 -23 -24 -25 -26 -27 29 -29 -30 -31
leaf_value=-0.020712403101466562 -0.01350527918279976 0.033328306713278404 -0.029496733365198244 0.0310957557266138 -0.024298812156069355 -0.002117069273805912 -0.024678275721683587 0.012034441397171341 0.0050987311899405724 0.013167990017170393 -0.0078647487039312878 0.022653289629126917 -0.0085138798560574231 0.0019511026821998159 0.0059119598876673143 -0.025634129182680654 -0.00018284881833698283 -0.047933869970093024 -0.018608501226065985 0.049524748681926634 0.010491723290841463 -0.016606020826596683 0.046179120786373727 -0.04851785762944584 0.015118052177858705 0.038031724640197766 0.0078786828812484264 0.0095647275911616581 -0.027143917894122266 0.0010689647256305775
leaf_weight=2001.8873027132358 49286.638633279217 5724.4448267147527 5455.9897938129725 4522.0442072697915 2135.9243758930825 10569.719341726624 3342.1897955552267 14306.242203105299 3973.967100722075 9147.6474952540593 2113.6490507363924 570.95894613419659 56322.923383483445 24132.257922854813 2160.1237910860218 1977.1335910444323 80199.505717993918 581.48285642423434 1486.5319049422396 1855.0612229073886 1127.8113990672864 8349.6595571215148 227.83272959652822 250.83610799943563 5325.9571087739896 634.18603497254662 73759.368105873466 30310.957051099249 1843.1258708443493 33792.405200450332
leaf_count=14957 1288334 45240 364531 9030 11902 73595 39226 51733 13875 15831 15866 4831 766239 103534 6801 116659 312234 6446 9013 6021 3963 119758 1003 2603 15319 2162 132298 104990 6855 71702
internal_value=0 0.00422493 -0.00592356 -0.00519581 0.011509 -0.00607344 -0.00793288 0.00369004 0.00355763 0.00419682 -0.00506529 -0.00817697 -0.0061477 -0.00129677 0.0229565 -0.00582416 0.00441001 0.0118677 0.0144321 0.0184821 0.0347724 -0.0140916 -0.0132274 0.00672143 0.0085877 0.00392931 0.00383104 0.00200441 -0.000788764 0.00573915
internal_weight=437488 255359 182129 176673 8818.09 167855 141002 26853.1 249635 236740 91487.8 12894.6 83797.4 27474.4 6682.17 12546.9 234738 14198.5 13617.1 12130.5 2982.87 8920.62 49514.5 7690.44 7439.61 220540 219905 112354 82042.6 107552
internal_count=3736551 870176 2866375 2501844 27733 2474111 2232124 241987 824936 686472 942787 138464 908999 142760 15831 190254 671515 41274 34828 25815 9984 124589 1289337 33788 31185 630241 628079 424079 319089 204000
cat_boundaries=0 1 2 36 37 61
cat_threshold=199 560 0 0 0 0 0 0 0 0 0 0 0 0 0 128 0 0 0 0 0 0 0 0 0 0 0 0 0 0 0 0 0 0 0 16384 2056 0 0 0 0 4096 0 0 0 0 0 0 0 0 0 0 0 0 0 0 0 0 0 0 64
is_linear=0
shrinkage=0.05


Tree=44
num_leaves=31
num_cat=13
split_feature=178 188 187 214 246 234 194 178 192 178 182 178 192 192 190 185 192 178 248 247 187 182 178 192 250 214 182 178 182 213
split_gain=5135.36 1939.65 1640.11 1268.07 1021.7 769.314 753.107 718.404 1380.75 619.697 614.17 591.043 526.622 492.404 524.83 401.006 354.065 376.716 369.547 843.751 403.875 490.533 321.746 315.538 302.886 393.323 296.4 376.123 317.318 314.855
threshold=0 1.0000000180025095e-35 1.0000000180025095e-35 1 1.0000000180025095e-35 1.0000000180025095e-35 1.0000000180025095e-35 2 210.00000000000003 3 4 5 350.00000000000006 310.00000000000006 1.0000000180025095e-35 1.0000000180025095e-35 230.00000000000003 6 1.0000000180025095e-35 1.0000000180025095e-35 1.0000000180025095e-35 7 8 170.00000000000003 1.0000000180025095e-35 9 10 11 12 1.0000000180025095e-35
decision_type=9 2 2 1 2 2 2 9 2 9 9 9 2 2 2 2 2 9 2 2 2 9 9 2 2 1 9 9 9 2
left_child=2 3 -1 6 7 10 13 8 15 -10 -3 -6 -11 -2 -15 22 18 -18 19 20 24 -22 -5 -12 25 -9 -27 29 -29 -28
right_child=1 5 -4 4 11 -7 -8 16 9 12 23 -13 -14 14 -16 -17 17 -19 -20 -21 21 -23 -24 -25 -26 26 27 28 -30 -31
leaf_value=0.0049488945952053769 -0.012863082299271156 0.0095196112677002759 0.032579519141436385 0.00031163983331998268 0.019657852208696133 -0.024190297471706677 0.0030268613185941025 -0.036429062268783806 0.012935074982953305 -0.014128089939578016 -0.021370654962295468 -0.042466769345056381 -0.033564578790466364 0.025542955818516441 -0.030174607664532685 0.025957054537850056 -0.018506038975434926 -0.003917316481151025 -0.04641481182013843 0.01202420693071567 -0.041214114513458522 -0.0051808320618081521 -0.010709545295350981 0.0078772403490326489 0.0006642897354290075 -0.032184513656859315 0.023545477597192326 -0.053867465353124346 -0.016769941520756722 -0.046141360095694625
leaf_weight=202011.99215971836 14957.256145735781 30572.217629718216 5517.0082014829095 37988.628970570906 429.85734519083053 2082.7814346853847 38312.710834845435 3951.2650166047388 1708.9972711970331 15936.251910363586 2647.2065335109946 3355.0986798116792 4461.4244235071092 1738.4098981698335 557.8248189673177 1357.6676999455085 6135.0157638630044 15879.480051611929 968.57757328344451 2658.4138294202276 1042.1387668225652 9308.2567086390336 8009.658666454372 1414.3230622048868 1571.8708642282872 3553.8286373376613 943.58801159901486 595.4461131526914 14425.164131056736 195.16928208019817
leaf_count=547938 116490 100101 45240 189814 4887 119336 162965 132850 17323 237020 28466 332849 149839 8900 11877 5678 291494 417839 66918 20860 41481 78891 60226 16150 12427 153532 21942 59202 269423 14593
internal_value=0 -0.00520133 0.00568326 -0.00723419 -0.00985929 0.00531898 -0.000879135 -0.0091182 -0.00563481 -0.015953 0.00709406 -0.0354685 -0.0183712 -0.00955334 0.0120017 -0.000819026 -0.0130668 -0.00799365 -0.015918 -0.0151449 -0.0171748 -0.008856 -0.00160972 -0.0111574 -0.0205862 -0.0219979 -0.0190761 -0.0161739 -0.0182775 0.0114818
internal_weight=434288 226759 207529 190042 134476 36716.5 55566.2 130691 69462.6 22106.7 34633.7 3784.96 20397.7 17253.5 2296.23 47356 61228.2 22014.5 39213.7 38245.1 35586.7 10350.4 45998.3 4061.53 25236.3 23664.5 19713.2 16159.4 15020.6 1138.76
internal_count=3736551 3143373 593178 2879320 2579088 264053 300232 2241352 659900 404182 144717 337736 386859 137267 20777 255718 1581452 709333 872119 805201 784341 120372 250040 44616 663969 651542 518692 365160 328625 36535
cat_boundaries=0 39 40 80 120 144 184 221 232 271 272 296 297 307
cat_threshold=0 0 4 0 20480 0 0 0 0 131072 0 0 0 0 0 0 0 0 0 0 0 0 0 96 0 0 0 0 0 0 0 0 0 41943040 4194816 67108864 0 1 2147483648 2051 0 0 0 0 0 0 0 0 0 0 0 0 0 0 0 0 0 0 0 0 0 0 0 128 0 0 0 0 0 0 0 0 0 1073741824 0 512 1 0 33280 65536 0 0 0 0 0 0 0 0 0 0 0 0 0 0 0 0 0 0 0 0 0 0 0 0 0 0 0 0 0 0 0 0 0 0 0 512 0 0 0 65536 0 0 0 0 0 0 0 0 0 0 8388608 0 0 0 0 0 0 0 0 0 0 0 0 224 0 0 0 0 0 0 0 0 0 0 0 0 0 0 0 0 0 0 0 0 0 0 0 0 0 0 0 0 0 0 0 0 0 0 0 512 0 0 0 65536 532480 0 0 0 0 0 0 0 0 0 8388608 0 0 0 0 0 0 0 0 0 0 0 0 0 0 0 0 0 0 0 0 0 0 0 0 0 16 0 0 4 0 0 0 0 0 0 131072 8388608 0 0 0 0 0 0 0 0 0 0 0 0 0 0 0 0 0 0 0 0 0 0 0 0 0 0 0 0 0 0 0 0 0 1073741824 0 0 1 0 33280 1536 0 0 0 0 16384 0 0 0 0 0 8388608 0 0 0 0 0 0 0 0 0 0 0 0 160 8192 0 0 4 0 0 0 0 0 0 131072
is_linear=0
shrinkage=0.05


Tree=45
num_leaves=31
num_cat=5
split_feature=178 246 184 178 198 187 178 229 178 209 248 187 213 209 187 181 191 177 188 250 194 234 194 183 212 191 194 191 191 191
split_gain=4836.51 1094.74 970.831 1259.61 754.268 684.52 654.888 543.507 680.71 667.553 494.219 443.728 434.274 531.195 459.276 396.763 381.529 361.357 353.65 654.81 394.734 362.151 335.21 326.047 801.587 546.805 345.439 312.671 310.419 390.354
threshold=0 1.0000000180025095e-35 125.00000000000001 1 1.0000000180025095e-35 1.0000000180025095e-35 2 7.5000000000000009 3 1.0000000180025095e-35 1.0000000180025095e-35 1.0000000180025095e-35 1.0000000180025095e-35 1.0000000180025095e-35 1.0000000180025095e-35 4.5000000000000009 2.5000000000000004 4 1.0000000180025095e-35 1.0000000180025095e-35 1.0000000180025095e-35 1.5000000000000002 1.0000000180025095e-35 75.000000000000014 1.0000000180025095e-35 6.5000000000000009 1.0000000180025095e-35 7.5000000000000009 11.500000000000002 16.500000000000004
decision_type=9 2 2 9 2 2 9 2 9 2 2 2 2 2 2 2 2 1 2 2 2 2 2 2 2 2 2 2 2 2
left_child=2 4 3 -1 7 -4 -3 8 12 10 11 17 13 27 -15 -7 -8 18 19 21 -21 -10 -9 -5 25 -25 28 -2 -27 -30
right_child=1 6 5 23 -6 15 16 22 9 -11 -12 -13 -14 14 -16 -17 -18 -19 -20 20 -22 -23 -24 24 -26 26 -28 -29 29 -31
leaf_value=-0.011372764704046663 -0.02869495571446358 -0.045228757367673456 0.0065643019831013146 0.005223169248615555 0.0021404510255042491 0.028124603658839245 -0.07051744281245724 -0.0096659461212650587 -0.027238072466065688 -0.04059438711029896 -0.02788009287350442 0.0030289223184179941 -0.046645036012401782 0.025211043004363727 -0.024558427904737456 0.0013590451949496687 0.0054886047151440206 -0.0053301591322838793 -0.0043841224252963891 0.011505498005917627 -0.036503439189898394 0.059278912271615927 0.010996023910037483 0.0069256724368224783 0.0086304354184385326 -0.040700622146520787 -0.0074443575924228863 -0.012699915659999417 0.0081076233165942157 -0.044025201404267182
leaf_weight=13170.121403365658 4883.392823137925 2794.947440216165 12583.607380062735 187484.29292617683 27675.199384748063 8765.7470716149837 188.49906174385251 2794.8980264204438 7970.2970551202889 1407.8181430960685 2525.1204224957328 13483.99715633232 1163.4573004574631 1382.040100142447 696.8033915850101 1644.8204720013746 1305.3646467945073 94125.539466941744 7071.4363035898423 2228.5084204300656 529.43512591303443 122.33024291862966 6590.4262269982137 3005.5264838951407 10131.491713681346 2259.8767707715742 3697.4703792676737 8169.9620326593431 953.28681432892336 575.31077850027941
leaf_count=214704 108964 299076 112349 451876 100456 60565 2645 24039 345463 100694 137120 104415 75547 24701 12432 20490 45533 950550 76745 11203 23021 1475 22430 9882 39962 24056 57088 256882 9566 12622
internal_value=0 -0.00604896 0.0046335 0.00361752 -0.00546342 0.014412 -0.0310183 -0.00681985 -0.00757081 -0.00635676 -0.00598066 -0.00554 -0.0172008 -0.0149466 0.00852462 0.0238965 -0.00409167 -0.00657125 -0.0130785 -0.0187559 0.00228259 -0.0259261 0.00484228 0.00456656 -0.00140024 -0.0110872 -0.0183198 -0.0186851 -0.0289303 -0.0115181
internal_weight=431381 187109 244272 221277 182821 22994.2 4288.81 155145 145760 129464 128057 125532 16295.7 15132.2 2078.84 10410.6 1493.86 112048 17922 10850.6 2757.94 8092.63 9385.32 208107 20623 10491.5 7485.94 13053.4 3788.47 1528.6
internal_count=3736551 2723391 1013160 819756 2376137 193404 347254 2275681 2229212 1750686 1649992 1512872 478526 402979 37133 81055 48178 1408457 457907 381162 34224 346938 46469 605052 153176 113214 103332 365846 46244 22188
cat_boundaries=0 39 44 83 123 124
cat_threshold=32 0 4 0 20480 0 0 0 0 131072 0 0 0 0 0 0 0 0 0 0 0 0 0 224 0 0 0 0 0 0 0 0 0 41943040 4194816 67108864 0 0 2147483648 32 0 0 0 4096 0 0 0 0 0 0 0 0 0 0 0 0 0 0 0 0 0 0 0 0 0 0 0 0 0 0 0 0 0 0 0 0 0 1073741824 0 0 1 0 33280 8192 0 0 0 0 0 0 0 0 0 8388608 0 0 0 0 0 0 0 0 0 0 0 0 0 0 0 0 0 0 0 0 0 0 0 0 0 16 8192 0 262144 4352
is_linear=0
shrinkage=0.05


Tree=46
num_leaves=31
num_cat=11
split_feature=178 179 182 178 178 182 187 253 182 181 182 185 187 191 194 221 177 178 248 185 244 207 178 181 250 216 191 229 194 222
split_gain=4489.84 955.491 867.065 1138.23 720.346 912.476 652.157 597.02 540.596 387.553 359.891 777.62 629.753 345.303 334.794 831.943 545.256 536.137 373.798 316.415 313.101 432.443 309.529 380.573 296.163 320.348 303.478 293.158 296.926 281.043
threshold=0 1 2 3 4 5 1.0000000180025095e-35 1.0000000180025095e-35 6 4.5000000000000009 7 1.0000000180025095e-35 1.0000000180025095e-35 22.500000000000004 1.0000000180025095e-35 1.0000000180025095e-35 8 9 1.0000000180025095e-35 1.5000000000000002 1.0000000180025095e-35 1.0000000180025095e-35 10 4.5000000000000009 1.0000000180025095e-35 1.0000000180025095e-35 4.5000000000000009 7.5000000000000009 1.0000000180025095e-35 1.0000000180025095e-35
decision_type=9 9 9 9 9 9 2 2 9 2 9 2 2 2 2 2 1 9 2 2 2 2 9 2 2 2 2 2 2 2
left_child=2 -2 6 20 5 -3 22 -5 -6 -8 19 12 27 -9 17 16 -16 -10 24 -7 21 -4 23 -1 25 26 -19 29 -29 -12
right_child=1 4 3 7 8 10 9 13 14 -11 11 -13 -14 -15 15 -17 -18 18 -20 -21 -22 -23 -24 -25 -26 -27 -28 28 -30 -31
leaf_value=0.015707823038187487 0.0017837018212869494 -0.040167003490736604 -0.021185816521198966 0.0050787738658263758 -0.037757053724242873 -0.015775044019978233 0.027397414319660657 -0.0046758050627651792 -0.022615898104222664 0.00096123370644827935 -0.003953982085132049 -0.044792450585547733 0.0099029504188713566 -0.051190974046698715 -0.029073478615885474 0.0035874627223254543 -0.0088401947522358994 0.0050674115973823562 -0.048935179972049485 0.051218156448232348 0.010598790297163263 -0.0010773083070996646 -0.0068399303593778202 -0.010465417504154948 0.011775638583345755 -0.026374128007015246 -0.0077073056229379064 -0.0093340785608532397 0.01012928053258466 -0.015840088076847666
leaf_weight=7514.0202418754488 33509.255082852615 1732.6114391498122 7181.9168654363457 195262.66783327589 1869.2517952647904 7198.6147233454831 8577.2419585652242 12022.518369412544 5825.8535205990847 1654.1255442669062 47380.882640157477 1072.300278194627 9758.5780099402182 412.2148397648125 9352.7047123234297 4120.9337616000412 5215.8496730609259 5405.1576095819837 511.55481447266357 180.16649014916038 1498.8792168331565 4260.1214524469979 3367.1221290826797 1703.1681064297009 2230.932803706557 2013.5888109963562 33202.443699359996 2781.2284459314542 6628.1593828520272 5556.4519036155543
leaf_count=49993 137316 118928 151651 470861 109304 169166 60664 117035 136009 20590 506418 83721 35972 21429 421250 62954 181143 43217 35181 2141 6452 56085 12884 49789 11203 62868 483408 24039 22430 72450
internal_value=0 -0.00585902 0.00446546 0.00350545 -0.00754353 -0.00437351 0.0137431 0.00440206 -0.0112822 0.0231242 -0.00359846 -0.00253598 -0.00190755 -0.00622019 -0.0105474 -0.016246 -0.0218565 -0.00838407 -0.00646498 -0.0141161 -0.0108763 -0.0136998 0.00612599 0.0108589 -0.00595881 -0.00693305 -0.00591864 -0.00375629 0.00437558 -0.00520181
internal_weight=429001 185547 243454 220638 152037 82289 22815.7 207697 69748.3 10231.4 80556.4 73177.6 72105.3 12434.7 67879 18689.5 14568.6 49189.5 43363.7 7378.78 12940.9 11442 12584.3 9217.19 42852.1 40621.2 38607.6 62346.7 9409.39 52937.3
internal_count=3736551 2719118 1017433 823513 2581802 1035265 193920 609325 1546537 81254 916337 745030 661309 138464 1437233 665347 602393 771886 635877 171307 214188 207736 112666 99782 600696 589493 526625 625337 46469 578868
cat_boundaries=0 39 73 97 102 142 153 177 201 202 242 247
cat_threshold=32 0 4 0 20480 0 0 0 0 131072 0 0 0 0 0 0 0 0 0 0 0 0 0 224 0 0 0 0 0 0 0 0 0 41943040 4194304 67108864 0 1 2147483648 0 0 4096 0 0 8388608 0 0 0 0 0 0 0 0 0 0 0 0 0 0 0 0 0 0 0 0 0 0 0 0 0 0 0 65536 0 0 4 0 4096 0 0 0 0 0 0 0 0 0 0 0 0 0 0 0 0 0 0 128 32 0 0 0 4096 524288 0 0 0 0 0 0 0 0 0 0 0 0 0 0 0 0 0 0 0 0 0 0 0 0 0 0 0 0 0 0 0 0 1073741824 512 512 1 8192 0 65536 0 0 0 0 16384 0 0 0 0 131072 8388608 0 0 0 0 0 0 0 0 0 0 0 0 0 0 0 0 0 0 0 0 0 0 0 192 0 0 4 0 4096 0 0 0 0 0 0 0 0 0 0 0 0 0 0 0 0 0 0 64 4224 0 0 0 0 0 0 0 0 0 0 0 0 0 0 0 0 0 0 0 0 0 0 0 0 0 0 0 0 0 0 0 0 0 0 0 0 1073741840 0 0 262144 32 0 0 0 4096
is_linear=0
shrinkage=0.05


Tree=47
num_leaves=31
num_cat=12
split_feature=178 246 182 178 198 187 253 178 246 178 182 213 194 214 178 187 179 181 248 248 181 191 182 207 182 187 206 191 199 214
split_gain=4162.03 1085.26 797.388 1042.32 783.906 597.722 574.872 559.73 505.638 464.75 891.403 568.392 466.067 1016.79 606.342 396.97 377.267 376.078 372.176 360.963 325.3 319.661 312.073 290.189 286.909 307.184 274.646 271.886 264.13 262.2
threshold=0 1.0000000180025095e-35 1 2 1.0000000180025095e-35 1.0000000180025095e-35 1.0000000180025095e-35 3 1.0000000180025095e-35 4 5 1.0000000180025095e-35 1.0000000180025095e-35 6 7 1.0000000180025095e-35 8 4.5000000000000009 1.0000000180025095e-35 1.0000000180025095e-35 4.5000000000000009 19.500000000000004 9 1.0000000180025095e-35 10 1.0000000180025095e-35 1.0000000180025095e-35 13.500000000000002 55.000000000000007 11
decision_type=9 2 9 9 2 2 2 9 2 9 9 2 2 1 9 2 9 2 2 2 2 2 9 2 9 2 2 2 2 1
left_child=2 4 5 22 9 -1 8 -3 -5 10 23 12 14 18 -11 20 -16 -7 -14 24 -12 -8 27 -2 25 -18 -24 -4 -6 -26
right_child=1 7 3 6 28 17 21 -9 -10 11 15 -13 13 -15 16 -17 19 -19 -20 -21 -22 -23 26 -25 29 -27 -28 -29 -30 -31
leaf_value=0.0059651224816452044 -0.039309120423967753 -0.044631774778361354 -0.049585330094847418 0.0051069703824200355 0.011309658812330856 0.026638688295490605 -0.0041712116944858197 -0.0047452781452298424 -0.027000108171860035 -0.022221175963762513 -0.0027533064023937074 -0.045284346619441695 0.0037412985403711138 -0.025057750781502425 0.03629287834039302 0.0069130716847974998 0.027773045613117903 0.00054307454962275643 -0.021228266466733221 -0.048193346845487768 -0.019277172724193783 -0.037981837075784029 -0.0032359919973226218 -0.015182323629535938 -0.00093638711385177632 -0.018534334760621479 -0.020559015133405661 0.0027814389598476291 -0.00010238597571384237 -0.0084760061367205146
leaf_weight=12511.956172067716 1672.454193864447 2659.5765560538712 871.65546588652796 193664.73543407125 6765.1339385564788 8389.1998033125274 11653.848060268589 1329.9999937912653 1233.5255434925784 5454.2736699856468 55764.68780799958 1076.8164201854088 6410.9508407316316 11354.177356738954 545.1899156558502 10508.050087020281 1294.3464302139982 1653.1016399265063 1944.5181840128935 481.75423086057708 3146.2661882389948 743.26308826863533 8514.1254731409717 4897.9639517820906 19244.383139790036 494.51447829703102 3129.0158408223215 345.9578208320163 20230.357020147028 28809.12732030901
leaf_count=112666 118928 299076 47072 452330 24752 60664 103868 46924 18531 122458 477049 75547 97657 398829 2305 71262 16096 20590 101939 35181 142807 34596 87304 94418 125563 6539 56792 23020 75704 386084
internal_value=0 -0.00566937 0.00430001 0.00338226 -0.00509819 0.0132524 0.00423937 -0.0314621 0.00490367 -0.00648339 -0.00370652 -0.00921813 -0.00870819 -0.0153259 -0.00639222 -0.0020388 -0.00468943 0.0223437 -0.00206757 -0.00514099 -0.00363604 -0.00620017 -0.0104248 -0.0212945 -0.00472532 0.0148842 -0.00788578 -0.0344247 0.00275747 -0.00545752
internal_weight=426795 184085 242710 220156 180095 22554.3 207295 3989.58 194898 153099 75989.4 77110.1 76033.2 19709.6 56323.6 69419 50869.3 10042.3 8355.47 50324.1 58911 12397.1 12860.8 6570.42 49842.4 1788.86 11643.1 1217.61 26995.5 48053.5
internal_count=3736551 2719118 1017433 823513 2373118 193920 609325 346000 470861 2272662 904464 1368198 1292651 598425 694226 691118 571768 81254 199596 569463 619856 138464 214188 213346 534282 22635 144096 70092 100456 511647
cat_boundaries=0 39 63 68 107 147 171 172 212 218 229 240 241
cat_threshold=32 0 4 0 20480 0 0 0 0 131072 0 0 0 0 0 0 0 0 0 0 0 0 0 224 0 0 0 0 0 0 0 0 0 41943040 4194304 67108864 0 1 2147483648 0 0 4 0 4096 0 0 0 0 0 0 0 0 0 0 0 0 0 0 0 0 0 0 128 32 0 0 0 4096 0 0 0 0 0 0 0 0 0 0 0 0 0 0 0 0 0 0 0 0 0 0 0 0 0 0 0 0 0 0 0 0 0 1073741824 0 0 1 0 33280 524288 0 0 0 0 0 0 0 0 0 0 0 0 0 0 0 0 0 0 0 0 0 0 0 0 0 0 0 0 0 0 0 0 1073741824 512 512 0 8192 32768 65536 0 0 0 0 16384 0 0 0 0 131072 8388608 0 0 0 0 0 0 0 0 0 0 0 0 64 25 0 0 0 0 0 0 0 0 0 0 0 0 0 0 0 0 0 0 0 0 0 0 0 0 0 0 0 0 0 0 0 0 0 0 0 0 1073741840 0 0 262144 0 0 4096 0 0 8388608 0 0 0 0 16384 0 0 0 0 131072 8388608 0 0 0 0 0 0 0 0 0 131072 8388608 1025
is_linear=0
shrinkage=0.05


Tree=48
num_leaves=31
num_cat=9
split_feature=178 187 188 214 246 213 178 246 194 253 179 185 178 182 185 185 182 191 183 248 247 208 191 178 250 216 194 182 191 183
split_gain=3858.74 1250.99 932.625 1111.96 720.862 705.69 676.767 872.363 602.84 558.863 420.426 345.731 318.789 625.187 616.904 577.833 440.288 314.803 309.646 306.872 290.776 288.84 364.675 615.757 300.133 513.6 381.007 282.77 281.579 279.301
threshold=0 1.0000000180025095e-35 1.0000000180025095e-35 1 1.0000000180025095e-35 1.0000000180025095e-35 2 1.0000000180025095e-35 1.0000000180025095e-35 1.0000000180025095e-35 3 1.0000000180025095e-35 4 5 1.0000000180025095e-35 1.0000000180025095e-35 6 6.5000000000000009 105.00000000000001 1.0000000180025095e-35 1.0000000180025095e-35 1.0000000180025095e-35 5.5000000000000009 7 1.0000000180025095e-35 1.0000000180025095e-35 1.0000000180025095e-35 8 21.500000000000004 55.000000000000007
decision_type=9 2 2 1 2 2 9 2 2 2 9 2 9 9 2 2 9 2 2 2 2 2 2 9 2 2 2 9 2 2
left_child=1 4 3 8 9 11 -5 12 10 -1 -2 -4 16 15 19 -14 -8 -11 -18 20 21 22 23 -15 25 -24 -26 -16 -21 -19
right_child=2 -3 5 6 -6 -7 7 -9 -10 17 -12 -13 13 14 27 -17 18 29 -20 28 -22 -23 24 -25 26 -27 -28 -29 -30 -31
leaf_value=0.004857518338367282 0.035469542333063535 0.029736879880109781 -0.0011986589843658137 -0.0038387086897127389 -0.049717331440025547 0.011719037920938152 -0.044829319550236398 -0.045883406958437505 0.0033900549079451565 0.0057158934204974829 -0.0095270306894910204 -0.024492841487250887 -0.038550390226660007 0.0064588963195228782 0.055321652181821696 0.019701501860477283 -0.018560640296466625 0.044813092585480913 0.017339438961308514 -0.034426122513186559 0.0070272254564836961 0.0038650794852269446 -0.010881623450564828 -0.015271064156806825 0.016968102698659046 -0.033775331615073283 -0.033686801491827151 -0.053013286880962622 0.0084350404275794783 -0.012954547331553521
leaf_weight=200420.52362342502 526.64165705355117 4852.7204201462446 10274.906311604005 45424.715690597048 620.72520465723937 13766.352393192472 1491.8957235660782 1799.5971768331219 37161.57465480268 3869.4371215624269 16036.006881525638 1884.76521786589 3012.7649921225529 8359.7525203294063 57.889395380188944 495.32281220293953 5172.6737840463466 214.15677936945576 678.99897969701851 1885.0461892127059 3320.3100654995651 4621.104792880069 38779.998478864552 5329.8010053653124 1782.042890379671 2614.9368222598132 468.33281402674038 977.65145056463371 480.48598640211276 8267.1182233446452
leaf_count=481580 2305 45240 73595 468737 8852 51733 106159 213712 162965 13875 134962 116659 238346 41011 1238 12168 216943 1894 28690 125080 28194 49038 687042 77775 8344 122299 22289 61091 12040 122695
internal_value=0 0.00463505 -0.00490095 -0.00617505 0.00406434 0.00396629 -0.00872981 -0.0114607 -0.000145752 0.00422138 -0.00807928 -0.00481056 -0.0106829 -0.00966835 -0.00861319 -0.0302363 -0.0206126 -0.00610091 -0.0143684 -0.00802781 -0.00738647 -0.00815905 -0.00912829 -0.00200762 -0.0113616 -0.0123283 0.00641879 -0.0469062 -0.0257181 -0.0114927
internal_weight=424648 218245 206404 180478 213392 25926 126753 81328.6 53724.2 212771 16562.6 12159.7 79529 72185.4 68677.4 3508.09 7343.57 12350.7 5851.67 67641.8 65276.3 61956 57334.9 13689.6 43645.3 41394.9 2250.38 1035.54 2365.53 8481.28
internal_count=3736551 674136 3062415 2820428 628896 241987 2520196 2051459 300232 620044 137267 190254 1837747 1485955 1235441 250514 351792 138464 245633 1173112 1035992 1007798 958760 118786 839974 809341 30633 62329 137120 124589
cat_boundaries=0 35 36 76 82 122 133 157 196 199
cat_threshold=0 0 4 0 20480 0 0 0 0 131072 0 0 0 0 0 0 0 0 0 0 0 0 0 224 0 0 0 0 0 0 0 0 0 41943040 4194304 2051 0 0 0 0 0 0 0 0 0 0 0 0 0 0 0 0 0 0 0 0 0 0 0 0 0 0 0 0 0 0 0 0 0 1073741824 512 67109376 1 1 2147483648 65536 0 0 4096 0 0 8388608 8192 0 0 0 0 0 0 0 0 0 8388608 0 0 0 0 0 0 0 0 0 0 0 0 0 0 0 0 0 0 0 0 0 0 0 0 0 16 0 0 262144 0 0 0 0 20480 0 0 0 0 131072 8388608 0 0 0 0 0 0 0 0 0 0 0 0 0 0 0 0 0 0 0 0 0 0 0 224 524288 0 0 0 0 0 0 0 0 0 0 0 0 0 0 0 0 0 0 0 0 0 0 0 0 0 0 0 0 0 0 0 0 0 0 0 0 0 33280 0 0 4
is_linear=0
shrinkage=0.05


Tree=49
num_leaves=31
num_cat=12
split_feature=178 188 187 214 234 246 178 178 194 182 194 178 192 179 192 192 232 194 178 212 185 178 178 184 228 228 228 178 182 185
split_gain=3634.42 1577.71 1110.12 1099.47 662.861 625.532 691.826 645.157 520.087 492.182 410.198 441.729 398.323 493.254 290.238 286.016 274.51 266.12 313.6 310.106 366.92 258.771 254.001 641.778 253.164 383.956 334.343 247.619 533.522 536.159
threshold=0 1.0000000180025095e-35 1.0000000180025095e-35 1 1.0000000180025095e-35 1.0000000180025095e-35 2 3 1.0000000180025095e-35 4 1.0000000180025095e-35 5 310.00000000000006 6 170.00000000000003 170.00000000000003 135.00000000000003 1.0000000180025095e-35 7 1.0000000180025095e-35 1.0000000180025095e-35 8 9 175.00000000000003 2.5000000000000004 1.0000000180025095e-35 1.5000000000000002 10 11 1.0000000180025095e-35
decision_type=9 2 2 1 2 2 9 9 2 9 2 9 2 9 2 2 2 2 9 2 2 9 9 2 2 2 2 9 9 2
left_child=2 3 24 8 9 6 10 -7 12 17 21 -12 -2 -14 22 -9 27 19 -19 20 -3 -5 23 -11 25 -1 -27 -8 29 -29
right_child=1 4 -4 5 -6 7 16 15 -10 14 11 -13 13 -15 -16 -17 -18 18 -20 -21 -22 -23 -24 -25 -26 26 -28 28 -30 -31
leaf_value=0.0047425345100547403 -0.010504551886524776 0.0017089001237546562 0.029008665244610737 -0.01998458664271871 -0.022817377418615142 -0.043758523105025031 -0.019823683875662215 -0.025214141387835488 0.0032830860891766324 0.030701196604371119 0.003197496638996971 -0.014711980381075858 0.034566698447654948 -0.013134884186547638 0.0087950014844607165 0.013450604632299513 0.046176155978458568 -0.041939350199564449 0.016830230914450822 0.012296654565888614 -0.044038512917218192 0.00034654034255208002 -0.035039703292709869 -0.043678606791121399 0.026157979079437971 -0.012453139598141795 0.009662998602755166 -0.037741706315746838 -0.0091249667998117082 0.017943760290704242
leaf_weight=180829.89790266514 14117.313967325397 9671.3240961189149 4699.0811326089897 1626.6146384056192 1973.1619525162314 2481.9749280475953 7216.2446765335335 917.75016274776135 36952.82673008446 640.70175079701585 4727.2094307848602 12666.906421220905 1159.550018935086 1003.689696671383 1344.7790539851412 997.67877876710554 210.06928785613854 223.05502279210486 10298.731906409259 9254.5122980585729 458.61085613595787 35552.344809478614 1310.4425693048761 528.98578300880035 1328.3635093902703 6028.4068892252399 2384.211043282412 2904.530612772156 68272.641705546368 507.39061750483233
leaf_count=438434 116490 47291 45240 18069 119336 299076 351792 22528 162965 2545 45925 193591 5307 15470 16150 34075 1003 9437 21962 17352 4059 194417 17103 8818 2468 22817 4647 238346 1247670 12168
internal_value=0 -0.0043019 0.00500131 -0.00610279 0.00534642 -0.00845596 -0.00784609 -0.0270115 2.59458e-06 0.00699437 -0.00351294 -0.00985109 -0.00744287 0.0125332 -0.00987906 -0.00504784 -0.0108333 0.00915297 0.0155581 0.00568045 -0.000363793 -0.00054837 -0.0200461 -0.00291186 0.0044095 0.00425674 -0.00618443 -0.0109868 -0.0100929 -0.0293717
internal_weight=422289 227019 195270 191315 35704.3 138081 133684 4397.4 53233.4 33731.1 54573.1 17394.1 16280.6 2163.24 3824.91 1915.43 79110.9 29906.2 10521.8 19384.4 10129.9 37179 2480.13 1169.69 190571 189243 8412.62 78900.8 71684.6 3411.92
internal_count=3736551 3222945 513606 2958892 264053 2658660 2302981 355679 300232 144717 452002 239516 137267 20777 44616 56603 1850979 100101 31399 68702 51350 212486 28466 11363 468366 465898 27464 1849976 1498184 250514
cat_boundaries=0 35 36 76 115 139 179 213 214 254 255 295 306
cat_threshold=0 0 4 0 20480 0 0 0 0 131072 0 0 0 0 0 0 0 0 0 0 0 0 0 96 0 0 0 0 0 0 0 0 0 41943040 4194304 2051 0 0 0 0 0 0 0 0 0 0 0 0 0 0 0 0 0 0 0 0 0 0 0 0 0 0 0 0 0 0 0 0 0 1073741824 512 67109376 1 1 2147516416 65536 0 0 0 0 0 0 0 0 0 0 0 0 0 0 0 0 0 0 0 0 0 0 0 0 0 0 0 0 0 0 0 0 0 1073741824 0 0 1 0 33280 0 0 0 0 0 0 0 0 0 0 8388608 0 0 0 0 0 0 0 0 0 0 0 0 224 0 0 0 0 0 0 0 0 0 0 0 0 0 0 0 0 0 0 0 0 0 0 0 0 0 0 0 0 0 0 0 0 0 0 512 67109376 0 1 0 65536 0 0 0 0 0 8388608 0 0 0 0 0 0 0 0 0 0 0 0 0 0 0 0 0 0 0 0 0 0 0 0 0 0 0 32768 8192 0 0 0 0 0 0 0 0 0 0 0 0 0 0 0 0 0 0 0 0 0 0 0 0 0 0 0 0 0 0 0 0 0 0 0 512 0 0 0 65536 8192 8192 0 0 0 0 0 0 0 0 0 8388608 0 0 0 0 0 0 0 0 0 0 0 0 0 0 0 0 0 0 0 0 0 0 0 0 0 16 0 0 262144 0 0 0 0 20480 0 0 0 0 131072 8388608
is_linear=0
shrinkage=0.05


end of trees

feature_importances:
candidate_card_id=263
post_action_hand_count=178
candidate_target_id=123
post_action_ko_estimate=90
candidate_target_appear_this_turn=74
trainer_low_deck_risk=58
action_type=55
candidate_target_energy=54
candidate_attack_id=47
candidate_target_is_active=42
candidate_fills_energy=39
candidate_target_max_hp=37
evolve_builds_backup_alakazam=37
end_ready_active_alakazam_penalty=33
candidate_inplay_area=32
xerosic_opp_hand_value=31
attack_lethal_estimate=26
post_action_powerful_hand_damage=25
ability_low_deck_risk=25
retreat_to_ready_backup_value=22
option_type=19
retreat_active_damage_value=16
end_has_attack_ready_penalty=16
target_is_alakazam=14
candidate_area=12
candidate_fills_missing_abra=12
energy_target_existing_energy_value=12
candidate_target_hp=9
is_retreat=9
hammer_opp_active_special_energy_value=8
target_is_kadabra=6
candidate_fills_stage2=6
is_trainer=6
attack_overkill_estimate=5
candidate_is_route_card=5
target_is_dunsparce=5
candidate_target_is_bench=4
is_bench=4
bench_early_game_value=4
candidate_hand_cost=3
is_xerosic=3
hammer_opp_active_energy_value=3
boss_opp_bench_low_hp_value=3
energy_target_is_alakazam_value=3
energy_target_is_fezandipiti_value=3
breaks_current_ko_estimate=2
powerful_hand_attack_option=2
target_is_abra=2
is_end=2
evolve_kadabra_to_active=2
candidate_target_special_energy=1
candidate_is_abra=1
candidate_is_alakazam=1
is_attack=1
is_evolve=1
is_boss=1
is_hammer=1
evolve_kadabra_to_bench=1
bench_shaymin_into_grimmsnarl=1

parameters:
[boosting: gbdt]
[objective: lambdarank]
[metric: ndcg]
[tree_learner: serial]
[device_type: cpu]
[data_sample_strategy: bagging]
[data: ]
[valid: ]
[num_iterations: 50]
[learning_rate: 0.05]
[num_leaves: 31]
[num_threads: 4]
[seed: 741]
[deterministic: 0]
[force_col_wise: 0]
[force_row_wise: 0]
[histogram_pool_size: -1]
[max_depth: -1]
[min_data_in_leaf: 40]
[min_sum_hessian_in_leaf: 0.001]
[bagging_fraction: 0.85]
[pos_bagging_fraction: 1]
[neg_bagging_fraction: 1]
[bagging_freq: 0]
[bagging_seed: 9664]
[bagging_by_query: 0]
[feature_fraction: 0.85]
[feature_fraction_bynode: 1]
[feature_fraction_seed: 7560]
[extra_trees: 0]
[extra_seed: 5152]
[early_stopping_round: 0]
[early_stopping_min_delta: 0]
[first_metric_only: 0]
[max_delta_step: 0]
[lambda_l1: 0.1]
[lambda_l2: 0.5]
[linear_lambda: 0]
[min_gain_to_split: 0]
[drop_rate: 0.1]
[max_drop: 50]
[skip_drop: 0.5]
[xgboost_dart_mode: 0]
[uniform_drop: 0]
[drop_seed: 20317]
[top_rate: 0.2]
[other_rate: 0.1]
[min_data_per_group: 100]
[max_cat_threshold: 32]
[cat_l2: 10]
[cat_smooth: 10]
[max_cat_to_onehot: 4]
[top_k: 20]
[monotone_constraints: ]
[monotone_constraints_method: basic]
[monotone_penalty: 0]
[feature_contri: ]
[forcedsplits_filename: ]
[refit_decay_rate: 0.9]
[cegb_tradeoff: 1]
[cegb_penalty_split: 0]
[cegb_penalty_feature_lazy: ]
[cegb_penalty_feature_coupled: ]
[path_smooth: 0]
[interaction_constraints: ]
[verbosity: -1]
[saved_feature_importance_type: 0]
[use_quantized_grad: 0]
[num_grad_quant_bins: 4]
[quant_train_renew_leaf: 0]
[stochastic_rounding: 1]
[linear_tree: 0]
[max_bin: 255]
[max_bin_by_feature: ]
[min_data_in_bin: 3]
[bin_construct_sample_cnt: 200000]
[data_random_seed: 2458]
[is_enable_sparse: 1]
[enable_bundle: 1]
[use_missing: 1]
[zero_as_missing: 0]
[feature_pre_filter: 1]
[pre_partition: 0]
[two_round: 0]
[header: 0]
[label_column: ]
[weight_column: ]
[group_column: ]
[ignore_column: ]
[categorical_feature: 27,35,172,177,178,179,182,214]
[forcedbins_filename: ]
[precise_float_parser: 0]
[parser_config_file: ]
[objective_seed: 17010]
[num_class: 1]
[is_unbalance: 0]
[scale_pos_weight: 1]
[sigmoid: 1]
[boost_from_average: 1]
[reg_sqrt: 0]
[alpha: 0.9]
[fair_c: 1]
[poisson_max_delta_step: 0.7]
[tweedie_variance_power: 1.5]
[lambdarank_truncation_level: 30]
[lambdarank_norm: 1]
[label_gain: ]
[lambdarank_position_bias_regularization: 0]
[eval_at: 1,2,3,4,5]
[multi_error_top_k: 1]
[auc_mu_weights: ]
[num_machines: 1]
[local_listen_port: 12400]
[time_out: 120]
[machine_list_filename: ]
[machines: ]
[gpu_platform_id: -1]
[gpu_device_id: -1]
[gpu_use_dp: 0]
[num_gpu: 1]

end of parameters

pandas_categorical:null
