episode_id,seat_index,leaderboard_rank,team_name,submission_id,source_cohort,storage_type,storage_path,replay_path,teacher_priority,created_at,seat_source
86408738,0,3,Yushin Ito,54773249,yushin_20260717,zip,C:\Users\shiba\ptcc_pokemon_ai_buttle\data\runs\leaderboard_top50\alakazam\20260717_kaggle_top20\rank06_Yushin_Ito_sub54773249_full.zip,rank06_Yushin_Ito_sub54773249/episodes/86408738/replay/episode_86408738.json,0.5773502691896258,,archive_episodes_json
86408738,1,3,Yushin Ito,54773249,yushin_20260717,zip,C:\Users\shiba\ptcc_pokemon_ai_buttle\data\runs\leaderboard_top50\alakazam\20260717_kaggle_top20\rank06_Yushin_Ito_sub54773249_full.zip,rank06_Yushin_Ito_sub54773249/episodes/86408738/replay/episode_86408738.json,0.5773502691896258,,archive_episodes_json
86408958,0,3,Yushin Ito,54773249,yushin_20260717,zip,C:\Users\shiba\ptcc_pokemon_ai_buttle\data\runs\leaderboard_top50\alakazam\20260717_kaggle_top20\rank06_Yushin_Ito_sub54773249_full.zip,rank06_Yushin_Ito_sub54773249/episodes/86408958/replay/episode_86408958.json,0.5773502691896258,,archive_episodes_json
86409151,1,3,Yushin Ito,54773249,yushin_20260717,zip,C:\Users\shiba\ptcc_pokemon_ai_buttle\data\runs\leaderboard_top50\alakazam\20260717_kaggle_top20\rank06_Yushin_Ito_sub54773249_full.zip,rank06_Yushin_Ito_sub54773249/episodes/86409151/replay/episode_86409151.json,0.5773502691896258,,archive_episodes_json
86409475,1,3,Yushin Ito,54773249,yushin_20260717,zip,C:\Users\shiba\ptcc_pokemon_ai_buttle\data\runs\leaderboard_top50\alakazam\20260717_kaggle_top20\rank06_Yushin_Ito_sub54773249_full.zip,rank06_Yushin_Ito_sub54773249/episodes/86409475/replay/episode_86409475.json,0.5773502691896258,,archive_episodes_json
86409998,1,3,Yushin Ito,54773249,yushin_20260717,zip,C:\Users\shiba\ptcc_pokemon_ai_buttle\data\runs\leaderboard_top50\alakazam\20260717_kaggle_top20\rank06_Yushin_Ito_sub54773249_full.zip,rank06_Yushin_Ito_sub54773249/episodes/86409998/replay/episode_86409998.json,0.5773502691896258,,archive_episodes_json
86410515,0,3,Yushin Ito,54773249,yushin_20260717,zip,C:\Users\shiba\ptcc_pokemon_ai_buttle\data\runs\leaderboard_top50\alakazam\20260717_kaggle_top20\rank06_Yushin_Ito_sub54773249_full.zip,rank06_Yushin_Ito_sub54773249/episodes/86410515/replay/episode_86410515.json,0.5773502691896258,,archive_episodes_json
86411030,0,3,Yushin Ito,54773249,yushin_20260717,zip,C:\Users\shiba\ptcc_pokemon_ai_buttle\data\runs\leaderboard_top50\alakazam\20260717_kaggle_top20\rank06_Yushin_Ito_sub54773249_full.zip,rank06_Yushin_Ito_sub54773249/episodes/86411030/replay/episode_86411030.json,0.5773502691896258,,archive_episodes_json
86411553,1,3,Yushin Ito,54773249,yushin_20260717,zip,C:\Users\shiba\ptcc_pokemon_ai_buttle\data\runs\leaderboard_top50\alakazam\20260717_kaggle_top20\rank06_Yushin_Ito_sub54773249_full.zip,rank06_Yushin_Ito_sub54773249/episodes/86411553/replay/episode_86411553.json,0.5773502691896258,,archive_episodes_json
86412090,1,3,Yushin Ito,54773249,yushin_20260717,zip,C:\Users\shiba\ptcc_pokemon_ai_buttle\data\runs\leaderboard_top50\alakazam\20260717_kaggle_top20\rank06_Yushin_Ito_sub54773249_full.zip,rank06_Yushin_Ito_sub54773249/episodes/86412090/replay/episode_86412090.json,0.5773502691896258,,archive_episodes_json
86412626,1,3,Yushin Ito,54773249,yushin_20260717,zip,C:\Users\shiba\ptcc_pokemon_ai_buttle\data\runs\leaderboard_top50\alakazam\20260717_kaggle_top20\rank06_Yushin_Ito_sub54773249_full.zip,rank06_Yushin_Ito_sub54773249/episodes/86412626/replay/episode_86412626.json,0.5773502691896258,,archive_episodes_json
86413139,0,3,Yushin Ito,54773249,yushin_20260717,zip,C:\Users\shiba\ptcc_pokemon_ai_buttle\data\runs\leaderboard_top50\alakazam\20260717_kaggle_top20\rank06_Yushin_Ito_sub54773249_full.zip,rank06_Yushin_Ito_sub54773249/episodes/86413139/replay/episode_86413139.json,0.5773502691896258,,archive_episodes_json
86413654,0,3,Yushin Ito,54773249,yushin_20260717,zip,C:\Users\shiba\ptcc_pokemon_ai_buttle\data\runs\leaderboard_top50\alakazam\20260717_kaggle_top20\rank06_Yushin_Ito_sub54773249_full.zip,rank06_Yushin_Ito_sub54773249/episodes/86413654/replay/episode_86413654.json,0.5773502691896258,,archive_episodes_json
86414162,0,3,Yushin Ito,54773249,yushin_20260717,zip,C:\Users\shiba\ptcc_pokemon_ai_buttle\data\runs\leaderboard_top50\alakazam\20260717_kaggle_top20\rank06_Yushin_Ito_sub54773249_full.zip,rank06_Yushin_Ito_sub54773249/episodes/86414162/replay/episode_86414162.json,0.5773502691896258,,archive_episodes_json
86414708,0,3,Yushin Ito,54773249,yushin_20260717,zip,C:\Users\shiba\ptcc_pokemon_ai_buttle\data\runs\leaderboard_top50\alakazam\20260717_kaggle_top20\rank06_Yushin_Ito_sub54773249_full.zip,rank06_Yushin_Ito_sub54773249/episodes/86414708/replay/episode_86414708.json,0.5773502691896258,,archive_episodes_json
86415231,1,3,Yushin Ito,54773249,yushin_20260717,zip,C:\Users\shiba\ptcc_pokemon_ai_buttle\data\runs\leaderboard_top50\alakazam\20260717_kaggle_top20\rank06_Yushin_Ito_sub54773249_full.zip,rank06_Yushin_Ito_sub54773249/episodes/86415231/replay/episode_86415231.json,0.5773502691896258,,archive_episodes_json
86415681,1,3,Yushin Ito,54773249,yushin_20260717,zip,C:\Users\shiba\ptcc_pokemon_ai_buttle\data\runs\leaderboard_top50\alakazam\20260717_kaggle_top20\rank06_Yushin_Ito_sub54773249_full.zip,rank06_Yushin_Ito_sub54773249/episodes/86415681/replay/episode_86415681.json,0.5773502691896258,,archive_episodes_json
86415748,1,3,Yushin Ito,54773249,yushin_20260717,zip,C:\Users\shiba\ptcc_pokemon_ai_buttle\data\runs\leaderboard_top50\alakazam\20260717_kaggle_top20\rank06_Yushin_Ito_sub54773249_full.zip,rank06_Yushin_Ito_sub54773249/episodes/86415748/replay/episode_86415748.json,0.5773502691896258,,archive_episodes_json
86415911,1,3,Yushin Ito,54773249,yushin_20260717,zip,C:\Users\shiba\ptcc_pokemon_ai_buttle\data\runs\leaderboard_top50\alakazam\20260717_kaggle_top20\rank06_Yushin_Ito_sub54773249_full.zip,rank06_Yushin_Ito_sub54773249/episodes/86415911/replay/episode_86415911.json,0.5773502691896258,,archive_episodes_json
86416274,1,3,Yushin Ito,54773249,yushin_20260717,zip,C:\Users\shiba\ptcc_pokemon_ai_buttle\data\runs\leaderboard_top50\alakazam\20260717_kaggle_top20\rank06_Yushin_Ito_sub54773249_full.zip,rank06_Yushin_Ito_sub54773249/episodes/86416274/replay/episode_86416274.json,0.5773502691896258,,archive_episodes_json
86416796,1,3,Yushin Ito,54773249,yushin_20260717,zip,C:\Users\shiba\ptcc_pokemon_ai_buttle\data\runs\leaderboard_top50\alakazam\20260717_kaggle_top20\rank06_Yushin_Ito_sub54773249_full.zip,rank06_Yushin_Ito_sub54773249/episodes/86416796/replay/episode_86416796.json,0.5773502691896258,,archive_episodes_json
86417226,0,3,Yushin Ito,54773249,yushin_20260717,zip,C:\Users\shiba\ptcc_pokemon_ai_buttle\data\runs\leaderboard_top50\alakazam\20260717_kaggle_top20\rank06_Yushin_Ito_sub54773249_full.zip,rank06_Yushin_Ito_sub54773249/episodes/86417226/replay/episode_86417226.json,0.5773502691896258,,archive_episodes_json
86417248,0,3,Yushin Ito,54773249,yushin_20260717,zip,C:\Users\shiba\ptcc_pokemon_ai_buttle\data\runs\leaderboard_top50\alakazam\20260717_kaggle_top20\rank06_Yushin_Ito_sub54773249_full.zip,rank06_Yushin_Ito_sub54773249/episodes/86417248/replay/episode_86417248.json,0.5773502691896258,,archive_episodes_json
86417815,1,3,Yushin Ito,54773249,yushin_20260717,zip,C:\Users\shiba\ptcc_pokemon_ai_buttle\data\runs\leaderboard_top50\alakazam\20260717_kaggle_top20\rank06_Yushin_Ito_sub54773249_full.zip,rank06_Yushin_Ito_sub54773249/episodes/86417815/replay/episode_86417815.json,0.5773502691896258,,archive_episodes_json
86418323,0,3,Yushin Ito,54773249,yushin_20260717,zip,C:\Users\shiba\ptcc_pokemon_ai_buttle\data\runs\leaderboard_top50\alakazam\20260717_kaggle_top20\rank06_Yushin_Ito_sub54773249_full.zip,rank06_Yushin_Ito_sub54773249/episodes/86418323/replay/episode_86418323.json,0.5773502691896258,,archive_episodes_json
86418834,1,3,Yushin Ito,54773249,yushin_20260717,zip,C:\Users\shiba\ptcc_pokemon_ai_buttle\data\runs\leaderboard_top50\alakazam\20260717_kaggle_top20\rank06_Yushin_Ito_sub54773249_full.zip,rank06_Yushin_Ito_sub54773249/episodes/86418834/replay/episode_86418834.json,0.5773502691896258,,archive_episodes_json
86419345,0,3,Yushin Ito,54773249,yushin_20260717,zip,C:\Users\shiba\ptcc_pokemon_ai_buttle\data\runs\leaderboard_top50\alakazam\20260717_kaggle_top20\rank06_Yushin_Ito_sub54773249_full.zip,rank06_Yushin_Ito_sub54773249/episodes/86419345/replay/episode_86419345.json,0.5773502691896258,,archive_episodes_json
86419858,1,3,Yushin Ito,54773249,yushin_20260717,zip,C:\Users\shiba\ptcc_pokemon_ai_buttle\data\runs\leaderboard_top50\alakazam\20260717_kaggle_top20\rank06_Yushin_Ito_sub54773249_full.zip,rank06_Yushin_Ito_sub54773249/episodes/86419858/replay/episode_86419858.json,0.5773502691896258,,archive_episodes_json
86420389,0,3,Yushin Ito,54773249,yushin_20260717,zip,C:\Users\shiba\ptcc_pokemon_ai_buttle\data\runs\leaderboard_top50\alakazam\20260717_kaggle_top20\rank06_Yushin_Ito_sub54773249_full.zip,rank06_Yushin_Ito_sub54773249/episodes/86420389/replay/episode_86420389.json,0.5773502691896258,,archive_episodes_json
86420905,0,3,Yushin Ito,54773249,yushin_20260717,zip,C:\Users\shiba\ptcc_pokemon_ai_buttle\data\runs\leaderboard_top50\alakazam\20260717_kaggle_top20\rank06_Yushin_Ito_sub54773249_full.zip,rank06_Yushin_Ito_sub54773249/episodes/86420905/replay/episode_86420905.json,0.5773502691896258,,archive_episodes_json
86421420,0,3,Yushin Ito,54773249,yushin_20260717,zip,C:\Users\shiba\ptcc_pokemon_ai_buttle\data\runs\leaderboard_top50\alakazam\20260717_kaggle_top20\rank06_Yushin_Ito_sub54773249_full.zip,rank06_Yushin_Ito_sub54773249/episodes/86421420/replay/episode_86421420.json,0.5773502691896258,,archive_episodes_json
86422018,1,3,Yushin Ito,54773249,yushin_20260717,zip,C:\Users\shiba\ptcc_pokemon_ai_buttle\data\runs\leaderboard_top50\alakazam\20260717_kaggle_top20\rank06_Yushin_Ito_sub54773249_full.zip,rank06_Yushin_Ito_sub54773249/episodes/86422018/replay/episode_86422018.json,0.5773502691896258,,archive_episodes_json
86422443,1,3,Yushin Ito,54773249,yushin_20260717,zip,C:\Users\shiba\ptcc_pokemon_ai_buttle\data\runs\leaderboard_top50\alakazam\20260717_kaggle_top20\rank06_Yushin_Ito_sub54773249_full.zip,rank06_Yushin_Ito_sub54773249/episodes/86422443/replay/episode_86422443.json,0.5773502691896258,,archive_episodes_json
86422700,1,3,Yushin Ito,54773249,yushin_20260717,zip,C:\Users\shiba\ptcc_pokemon_ai_buttle\data\runs\leaderboard_top50\alakazam\20260717_kaggle_top20\rank06_Yushin_Ito_sub54773249_full.zip,rank06_Yushin_Ito_sub54773249/episodes/86422700/replay/episode_86422700.json,0.5773502691896258,,archive_episodes_json
86422963,0,3,Yushin Ito,54773249,yushin_20260717,zip,C:\Users\shiba\ptcc_pokemon_ai_buttle\data\runs\leaderboard_top50\alakazam\20260717_kaggle_top20\rank06_Yushin_Ito_sub54773249_full.zip,rank06_Yushin_Ito_sub54773249/episodes/86422963/replay/episode_86422963.json,0.5773502691896258,,archive_episodes_json
86423504,0,3,Yushin Ito,54773249,yushin_20260717,zip,C:\Users\shiba\ptcc_pokemon_ai_buttle\data\runs\leaderboard_top50\alakazam\20260717_kaggle_top20\rank06_Yushin_Ito_sub54773249_full.zip,rank06_Yushin_Ito_sub54773249/episodes/86423504/replay/episode_86423504.json,0.5773502691896258,,archive_episodes_json
86424066,1,3,Yushin Ito,54773249,yushin_20260717,zip,C:\Users\shiba\ptcc_pokemon_ai_buttle\data\runs\leaderboard_top50\alakazam\20260717_kaggle_top20\rank06_Yushin_Ito_sub54773249_full.zip,rank06_Yushin_Ito_sub54773249/episodes/86424066/replay/episode_86424066.json,0.5773502691896258,,archive_episodes_json
86424073,1,3,Yushin Ito,54773249,yushin_20260717,zip,C:\Users\shiba\ptcc_pokemon_ai_buttle\data\runs\leaderboard_top50\alakazam\20260717_kaggle_top20\rank06_Yushin_Ito_sub54773249_full.zip,rank06_Yushin_Ito_sub54773249/episodes/86424073/replay/episode_86424073.json,0.5773502691896258,,archive_episodes_json
86424620,1,3,Yushin Ito,54773249,yushin_20260717,zip,C:\Users\shiba\ptcc_pokemon_ai_buttle\data\runs\leaderboard_top50\alakazam\20260717_kaggle_top20\rank06_Yushin_Ito_sub54773249_full.zip,rank06_Yushin_Ito_sub54773249/episodes/86424620/replay/episode_86424620.json,0.5773502691896258,,archive_episodes_json
86425172,0,3,Yushin Ito,54773249,yushin_20260717,zip,C:\Users\shiba\ptcc_pokemon_ai_buttle\data\runs\leaderboard_top50\alakazam\20260717_kaggle_top20\rank06_Yushin_Ito_sub54773249_full.zip,rank06_Yushin_Ito_sub54773249/episodes/86425172/replay/episode_86425172.json,0.5773502691896258,,archive_episodes_json
86425366,0,3,Yushin Ito,54773249,yushin_20260717,zip,C:\Users\shiba\ptcc_pokemon_ai_buttle\data\runs\leaderboard_top50\alakazam\20260717_kaggle_top20\rank06_Yushin_Ito_sub54773249_full.zip,rank06_Yushin_Ito_sub54773249/episodes/86425366/replay/episode_86425366.json,0.5773502691896258,,archive_episodes_json
86425723,1,3,Yushin Ito,54773249,yushin_20260717,zip,C:\Users\shiba\ptcc_pokemon_ai_buttle\data\runs\leaderboard_top50\alakazam\20260717_kaggle_top20\rank06_Yushin_Ito_sub54773249_full.zip,rank06_Yushin_Ito_sub54773249/episodes/86425723/replay/episode_86425723.json,0.5773502691896258,,archive_episodes_json
86425853,1,3,Yushin Ito,54773249,yushin_20260717,zip,C:\Users\shiba\ptcc_pokemon_ai_buttle\data\runs\leaderboard_top50\alakazam\20260717_kaggle_top20\rank06_Yushin_Ito_sub54773249_full.zip,rank06_Yushin_Ito_sub54773249/episodes/86425853/replay/episode_86425853.json,0.5773502691896258,,archive_episodes_json
86426269,0,3,Yushin Ito,54773249,yushin_20260717,zip,C:\Users\shiba\ptcc_pokemon_ai_buttle\data\runs\leaderboard_top50\alakazam\20260717_kaggle_top20\rank06_Yushin_Ito_sub54773249_full.zip,rank06_Yushin_Ito_sub54773249/episodes/86426269/replay/episode_86426269.json,0.5773502691896258,,archive_episodes_json
86426793,1,3,Yushin Ito,54773249,yushin_20260717,zip,C:\Users\shiba\ptcc_pokemon_ai_buttle\data\runs\leaderboard_top50\alakazam\20260717_kaggle_top20\rank06_Yushin_Ito_sub54773249_full.zip,rank06_Yushin_Ito_sub54773249/episodes/86426793/replay/episode_86426793.json,0.5773502691896258,,archive_episodes_json
86426912,1,3,Yushin Ito,54773249,yushin_20260717,zip,C:\Users\shiba\ptcc_pokemon_ai_buttle\data\runs\leaderboard_top50\alakazam\20260717_kaggle_top20\rank06_Yushin_Ito_sub54773249_full.zip,rank06_Yushin_Ito_sub54773249/episodes/86426912/replay/episode_86426912.json,0.5773502691896258,,archive_episodes_json
86427345,1,3,Yushin Ito,54773249,yushin_20260717,zip,C:\Users\shiba\ptcc_pokemon_ai_buttle\data\runs\leaderboard_top50\alakazam\20260717_kaggle_top20\rank06_Yushin_Ito_sub54773249_full.zip,rank06_Yushin_Ito_sub54773249/episodes/86427345/replay/episode_86427345.json,0.5773502691896258,,archive_episodes_json
86427507,0,3,Yushin Ito,54773249,yushin_20260717,zip,C:\Users\shiba\ptcc_pokemon_ai_buttle\data\runs\leaderboard_top50\alakazam\20260717_kaggle_top20\rank06_Yushin_Ito_sub54773249_full.zip,rank06_Yushin_Ito_sub54773249/episodes/86427507/replay/episode_86427507.json,0.5773502691896258,,archive_episodes_json
86427965,0,3,Yushin Ito,54773249,yushin_20260717,zip,C:\Users\shiba\ptcc_pokemon_ai_buttle\data\runs\leaderboard_top50\alakazam\20260717_kaggle_top20\rank06_Yushin_Ito_sub54773249_full.zip,rank06_Yushin_Ito_sub54773249/episodes/86427965/replay/episode_86427965.json,0.5773502691896258,,archive_episodes_json
86428564,0,3,Yushin Ito,54773249,yushin_20260717,zip,C:\Users\shiba\ptcc_pokemon_ai_buttle\data\runs\leaderboard_top50\alakazam\20260717_kaggle_top20\rank06_Yushin_Ito_sub54773249_full.zip,rank06_Yushin_Ito_sub54773249/episodes/86428564/replay/episode_86428564.json,0.5773502691896258,,archive_episodes_json
86429183,0,3,Yushin Ito,54773249,yushin_20260717,zip,C:\Users\shiba\ptcc_pokemon_ai_buttle\data\runs\leaderboard_top50\alakazam\20260717_kaggle_top20\rank06_Yushin_Ito_sub54773249_full.zip,rank06_Yushin_Ito_sub54773249/episodes/86429183/replay/episode_86429183.json,0.5773502691896258,,archive_episodes_json
86429190,1,3,Yushin Ito,54773249,yushin_20260717,zip,C:\Users\shiba\ptcc_pokemon_ai_buttle\data\runs\leaderboard_top50\alakazam\20260717_kaggle_top20\rank06_Yushin_Ito_sub54773249_full.zip,rank06_Yushin_Ito_sub54773249/episodes/86429190/replay/episode_86429190.json,0.5773502691896258,,archive_episodes_json
86429726,0,3,Yushin Ito,54773249,yushin_20260717,zip,C:\Users\shiba\ptcc_pokemon_ai_buttle\data\runs\leaderboard_top50\alakazam\20260717_kaggle_top20\rank06_Yushin_Ito_sub54773249_full.zip,rank06_Yushin_Ito_sub54773249/episodes/86429726/replay/episode_86429726.json,0.5773502691896258,,archive_episodes_json
86430146,0,3,Yushin Ito,54773249,yushin_20260717,zip,C:\Users\shiba\ptcc_pokemon_ai_buttle\data\runs\leaderboard_top50\alakazam\20260717_kaggle_top20\rank06_Yushin_Ito_sub54773249_full.zip,rank06_Yushin_Ito_sub54773249/episodes/86430146/replay/episode_86430146.json,0.5773502691896258,,archive_episodes_json
86430854,1,3,Yushin Ito,54773249,yushin_20260717,zip,C:\Users\shiba\ptcc_pokemon_ai_buttle\data\runs\leaderboard_top50\alakazam\20260717_kaggle_top20\rank06_Yushin_Ito_sub54773249_full.zip,rank06_Yushin_Ito_sub54773249/episodes/86430854/replay/episode_86430854.json,0.5773502691896258,,archive_episodes_json
86431421,0,3,Yushin Ito,54773249,yushin_20260717,zip,C:\Users\shiba\ptcc_pokemon_ai_buttle\data\runs\leaderboard_top50\alakazam\20260717_kaggle_top20\rank06_Yushin_Ito_sub54773249_full.zip,rank06_Yushin_Ito_sub54773249/episodes/86431421/replay/episode_86431421.json,0.5773502691896258,,archive_episodes_json
86431995,1,3,Yushin Ito,54773249,yushin_20260717,zip,C:\Users\shiba\ptcc_pokemon_ai_buttle\data\runs\leaderboard_top50\alakazam\20260717_kaggle_top20\rank06_Yushin_Ito_sub54773249_full.zip,rank06_Yushin_Ito_sub54773249/episodes/86431995/replay/episode_86431995.json,0.5773502691896258,,archive_episodes_json
86432570,1,3,Yushin Ito,54773249,yushin_20260717,zip,C:\Users\shiba\ptcc_pokemon_ai_buttle\data\runs\leaderboard_top50\alakazam\20260717_kaggle_top20\rank06_Yushin_Ito_sub54773249_full.zip,rank06_Yushin_Ito_sub54773249/episodes/86432570/replay/episode_86432570.json,0.5773502691896258,,archive_episodes_json
86432631,0,3,Yushin Ito,54773249,yushin_20260717,zip,C:\Users\shiba\ptcc_pokemon_ai_buttle\data\runs\leaderboard_top50\alakazam\20260717_kaggle_top20\rank06_Yushin_Ito_sub54773249_full.zip,rank06_Yushin_Ito_sub54773249/episodes/86432631/replay/episode_86432631.json,0.5773502691896258,,archive_episodes_json
86433121,1,3,Yushin Ito,54773249,yushin_20260717,zip,C:\Users\shiba\ptcc_pokemon_ai_buttle\data\runs\leaderboard_top50\alakazam\20260717_kaggle_top20\rank06_Yushin_Ito_sub54773249_full.zip,rank06_Yushin_Ito_sub54773249/episodes/86433121/replay/episode_86433121.json,0.5773502691896258,,archive_episodes_json
86433665,0,3,Yushin Ito,54773249,yushin_20260717,zip,C:\Users\shiba\ptcc_pokemon_ai_buttle\data\runs\leaderboard_top50\alakazam\20260717_kaggle_top20\rank06_Yushin_Ito_sub54773249_full.zip,rank06_Yushin_Ito_sub54773249/episodes/86433665/replay/episode_86433665.json,0.5773502691896258,,archive_episodes_json
86434196,1,3,Yushin Ito,54773249,yushin_20260717,zip,C:\Users\shiba\ptcc_pokemon_ai_buttle\data\runs\leaderboard_top50\alakazam\20260717_kaggle_top20\rank06_Yushin_Ito_sub54773249_full.zip,rank06_Yushin_Ito_sub54773249/episodes/86434196/replay/episode_86434196.json,0.5773502691896258,,archive_episodes_json
86434764,0,3,Yushin Ito,54773249,yushin_20260717,zip,C:\Users\shiba\ptcc_pokemon_ai_buttle\data\runs\leaderboard_top50\alakazam\20260717_kaggle_top20\rank06_Yushin_Ito_sub54773249_full.zip,rank06_Yushin_Ito_sub54773249/episodes/86434764/replay/episode_86434764.json,0.5773502691896258,,archive_episodes_json
86434805,1,3,Yushin Ito,54773249,yushin_20260717,zip,C:\Users\shiba\ptcc_pokemon_ai_buttle\data\runs\leaderboard_top50\alakazam\20260717_kaggle_top20\rank06_Yushin_Ito_sub54773249_full.zip,rank06_Yushin_Ito_sub54773249/episodes/86434805/replay/episode_86434805.json,0.5773502691896258,,archive_episodes_json
86435310,1,3,Yushin Ito,54773249,yushin_20260717,zip,C:\Users\shiba\ptcc_pokemon_ai_buttle\data\runs\leaderboard_top50\alakazam\20260717_kaggle_top20\rank06_Yushin_Ito_sub54773249_full.zip,rank06_Yushin_Ito_sub54773249/episodes/86435310/replay/episode_86435310.json,0.5773502691896258,,archive_episodes_json
86435832,0,3,Yushin Ito,54773249,yushin_20260717,zip,C:\Users\shiba\ptcc_pokemon_ai_buttle\data\runs\leaderboard_top50\alakazam\20260717_kaggle_top20\rank06_Yushin_Ito_sub54773249_full.zip,rank06_Yushin_Ito_sub54773249/episodes/86435832/replay/episode_86435832.json,0.5773502691896258,,archive_episodes_json
86435834,0,3,Yushin Ito,54773249,yushin_20260717,zip,C:\Users\shiba\ptcc_pokemon_ai_buttle\data\runs\leaderboard_top50\alakazam\20260717_kaggle_top20\rank06_Yushin_Ito_sub54773249_full.zip,rank06_Yushin_Ito_sub54773249/episodes/86435834/replay/episode_86435834.json,0.5773502691896258,,archive_episodes_json
86435875,0,3,Yushin Ito,54773249,yushin_20260717,zip,C:\Users\shiba\ptcc_pokemon_ai_buttle\data\runs\leaderboard_top50\alakazam\20260717_kaggle_top20\rank06_Yushin_Ito_sub54773249_full.zip,rank06_Yushin_Ito_sub54773249/episodes/86435875/replay/episode_86435875.json,0.5773502691896258,,archive_episodes_json
86436381,0,3,Yushin Ito,54773249,yushin_20260717,zip,C:\Users\shiba\ptcc_pokemon_ai_buttle\data\runs\leaderboard_top50\alakazam\20260717_kaggle_top20\rank06_Yushin_Ito_sub54773249_full.zip,rank06_Yushin_Ito_sub54773249/episodes/86436381/replay/episode_86436381.json,0.5773502691896258,,archive_episodes_json
86436923,0,3,Yushin Ito,54773249,yushin_20260717,zip,C:\Users\shiba\ptcc_pokemon_ai_buttle\data\runs\leaderboard_top50\alakazam\20260717_kaggle_top20\rank06_Yushin_Ito_sub54773249_full.zip,rank06_Yushin_Ito_sub54773249/episodes/86436923/replay/episode_86436923.json,0.5773502691896258,,archive_episodes_json
86437454,0,3,Yushin Ito,54773249,yushin_20260717,zip,C:\Users\shiba\ptcc_pokemon_ai_buttle\data\runs\leaderboard_top50\alakazam\20260717_kaggle_top20\rank06_Yushin_Ito_sub54773249_full.zip,rank06_Yushin_Ito_sub54773249/episodes/86437454/replay/episode_86437454.json,0.5773502691896258,,archive_episodes_json
86438001,0,3,Yushin Ito,54773249,yushin_20260717,zip,C:\Users\shiba\ptcc_pokemon_ai_buttle\data\runs\leaderboard_top50\alakazam\20260717_kaggle_top20\rank06_Yushin_Ito_sub54773249_full.zip,rank06_Yushin_Ito_sub54773249/episodes/86438001/replay/episode_86438001.json,0.5773502691896258,,archive_episodes_json
86438005,1,3,Yushin Ito,54773249,yushin_20260717,zip,C:\Users\shiba\ptcc_pokemon_ai_buttle\data\runs\leaderboard_top50\alakazam\20260717_kaggle_top20\rank06_Yushin_Ito_sub54773249_full.zip,rank06_Yushin_Ito_sub54773249/episodes/86438005/replay/episode_86438005.json,0.5773502691896258,,archive_episodes_json
86438628,1,3,Yushin Ito,54773249,yushin_20260717,zip,C:\Users\shiba\ptcc_pokemon_ai_buttle\data\runs\leaderboard_top50\alakazam\20260717_kaggle_top20\rank06_Yushin_Ito_sub54773249_full.zip,rank06_Yushin_Ito_sub54773249/episodes/86438628/replay/episode_86438628.json,0.5773502691896258,,archive_episodes_json
86438638,1,3,Yushin Ito,54773249,yushin_20260717,zip,C:\Users\shiba\ptcc_pokemon_ai_buttle\data\runs\leaderboard_top50\alakazam\20260717_kaggle_top20\rank06_Yushin_Ito_sub54773249_full.zip,rank06_Yushin_Ito_sub54773249/episodes/86438638/replay/episode_86438638.json,0.5773502691896258,,archive_episodes_json
86438648,1,3,Yushin Ito,54773249,yushin_20260717,zip,C:\Users\shiba\ptcc_pokemon_ai_buttle\data\runs\leaderboard_top50\alakazam\20260717_kaggle_top20\rank06_Yushin_Ito_sub54773249_full.zip,rank06_Yushin_Ito_sub54773249/episodes/86438648/replay/episode_86438648.json,0.5773502691896258,,archive_episodes_json
86439149,1,3,Yushin Ito,54773249,yushin_20260717,zip,C:\Users\shiba\ptcc_pokemon_ai_buttle\data\runs\leaderboard_top50\alakazam\20260717_kaggle_top20\rank06_Yushin_Ito_sub54773249_full.zip,rank06_Yushin_Ito_sub54773249/episodes/86439149/replay/episode_86439149.json,0.5773502691896258,,archive_episodes_json
86439175,0,3,Yushin Ito,54773249,yushin_20260717,zip,C:\Users\shiba\ptcc_pokemon_ai_buttle\data\runs\leaderboard_top50\alakazam\20260717_kaggle_top20\rank06_Yushin_Ito_sub54773249_full.zip,rank06_Yushin_Ito_sub54773249/episodes/86439175/replay/episode_86439175.json,0.5773502691896258,,archive_episodes_json
86439712,1,3,Yushin Ito,54773249,yushin_20260717,zip,C:\Users\shiba\ptcc_pokemon_ai_buttle\data\runs\leaderboard_top50\alakazam\20260717_kaggle_top20\rank06_Yushin_Ito_sub54773249_full.zip,rank06_Yushin_Ito_sub54773249/episodes/86439712/replay/episode_86439712.json,0.5773502691896258,,archive_episodes_json
86440207,0,3,Yushin Ito,54773249,yushin_20260717,zip,C:\Users\shiba\ptcc_pokemon_ai_buttle\data\runs\leaderboard_top50\alakazam\20260717_kaggle_top20\rank06_Yushin_Ito_sub54773249_full.zip,rank06_Yushin_Ito_sub54773249/episodes/86440207/replay/episode_86440207.json,0.5773502691896258,,archive_episodes_json
86440237,1,3,Yushin Ito,54773249,yushin_20260717,zip,C:\Users\shiba\ptcc_pokemon_ai_buttle\data\runs\leaderboard_top50\alakazam\20260717_kaggle_top20\rank06_Yushin_Ito_sub54773249_full.zip,rank06_Yushin_Ito_sub54773249/episodes/86440237/replay/episode_86440237.json,0.5773502691896258,,archive_episodes_json
86440570,0,3,Yushin Ito,54773249,yushin_20260717,zip,C:\Users\shiba\ptcc_pokemon_ai_buttle\data\runs\leaderboard_top50\alakazam\20260717_kaggle_top20\rank06_Yushin_Ito_sub54773249_full.zip,rank06_Yushin_Ito_sub54773249/episodes/86440570/replay/episode_86440570.json,0.5773502691896258,,archive_episodes_json
86440786,1,3,Yushin Ito,54773249,yushin_20260717,zip,C:\Users\shiba\ptcc_pokemon_ai_buttle\data\runs\leaderboard_top50\alakazam\20260717_kaggle_top20\rank06_Yushin_Ito_sub54773249_full.zip,rank06_Yushin_Ito_sub54773249/episodes/86440786/replay/episode_86440786.json,0.5773502691896258,,archive_episodes_json
86441327,1,3,Yushin Ito,54773249,yushin_20260717,zip,C:\Users\shiba\ptcc_pokemon_ai_buttle\data\runs\leaderboard_top50\alakazam\20260717_kaggle_top20\rank06_Yushin_Ito_sub54773249_full.zip,rank06_Yushin_Ito_sub54773249/episodes/86441327/replay/episode_86441327.json,0.5773502691896258,,archive_episodes_json
86441886,1,3,Yushin Ito,54773249,yushin_20260717,zip,C:\Users\shiba\ptcc_pokemon_ai_buttle\data\runs\leaderboard_top50\alakazam\20260717_kaggle_top20\rank06_Yushin_Ito_sub54773249_full.zip,rank06_Yushin_Ito_sub54773249/episodes/86441886/replay/episode_86441886.json,0.5773502691896258,,archive_episodes_json
86441916,1,3,Yushin Ito,54773249,yushin_20260717,zip,C:\Users\shiba\ptcc_pokemon_ai_buttle\data\runs\leaderboard_top50\alakazam\20260717_kaggle_top20\rank06_Yushin_Ito_sub54773249_full.zip,rank06_Yushin_Ito_sub54773249/episodes/86441916/replay/episode_86441916.json,0.5773502691896258,,archive_episodes_json
86442423,0,3,Yushin Ito,54773249,yushin_20260717,zip,C:\Users\shiba\ptcc_pokemon_ai_buttle\data\runs\leaderboard_top50\alakazam\20260717_kaggle_top20\rank06_Yushin_Ito_sub54773249_full.zip,rank06_Yushin_Ito_sub54773249/episodes/86442423/replay/episode_86442423.json,0.5773502691896258,,archive_episodes_json
86443028,0,3,Yushin Ito,54773249,yushin_20260717,zip,C:\Users\shiba\ptcc_pokemon_ai_buttle\data\runs\leaderboard_top50\alakazam\20260717_kaggle_top20\rank06_Yushin_Ito_sub54773249_full.zip,rank06_Yushin_Ito_sub54773249/episodes/86443028/replay/episode_86443028.json,0.5773502691896258,,archive_episodes_json
86443613,0,3,Yushin Ito,54773249,yushin_20260717,zip,C:\Users\shiba\ptcc_pokemon_ai_buttle\data\runs\leaderboard_top50\alakazam\20260717_kaggle_top20\rank06_Yushin_Ito_sub54773249_full.zip,rank06_Yushin_Ito_sub54773249/episodes/86443613/replay/episode_86443613.json,0.5773502691896258,,archive_episodes_json
86444204,1,3,Yushin Ito,54773249,yushin_20260717,zip,C:\Users\shiba\ptcc_pokemon_ai_buttle\data\runs\leaderboard_top50\alakazam\20260717_kaggle_top20\rank06_Yushin_Ito_sub54773249_full.zip,rank06_Yushin_Ito_sub54773249/episodes/86444204/replay/episode_86444204.json,0.5773502691896258,,archive_episodes_json
86444797,1,3,Yushin Ito,54773249,yushin_20260717,zip,C:\Users\shiba\ptcc_pokemon_ai_buttle\data\runs\leaderboard_top50\alakazam\20260717_kaggle_top20\rank06_Yushin_Ito_sub54773249_full.zip,rank06_Yushin_Ito_sub54773249/episodes/86444797/replay/episode_86444797.json,0.5773502691896258,,archive_episodes_json
86445372,1,3,Yushin Ito,54773249,yushin_20260717,zip,C:\Users\shiba\ptcc_pokemon_ai_buttle\data\runs\leaderboard_top50\alakazam\20260717_kaggle_top20\rank06_Yushin_Ito_sub54773249_full.zip,rank06_Yushin_Ito_sub54773249/episodes/86445372/replay/episode_86445372.json,0.5773502691896258,,archive_episodes_json
86445968,1,3,Yushin Ito,54773249,yushin_20260717,zip,C:\Users\shiba\ptcc_pokemon_ai_buttle\data\runs\leaderboard_top50\alakazam\20260717_kaggle_top20\rank06_Yushin_Ito_sub54773249_full.zip,rank06_Yushin_Ito_sub54773249/episodes/86445968/replay/episode_86445968.json,0.5773502691896258,,archive_episodes_json
86447193,0,3,Yushin Ito,54773249,yushin_20260717,zip,C:\Users\shiba\ptcc_pokemon_ai_buttle\data\runs\leaderboard_top50\alakazam\20260717_kaggle_top20\rank06_Yushin_Ito_sub54773249_full.zip,rank06_Yushin_Ito_sub54773249/episodes/86447193/replay/episode_86447193.json,0.5773502691896258,,archive_episodes_json
86447735,1,3,Yushin Ito,54773249,yushin_20260717,zip,C:\Users\shiba\ptcc_pokemon_ai_buttle\data\runs\leaderboard_top50\alakazam\20260717_kaggle_top20\rank06_Yushin_Ito_sub54773249_full.zip,rank06_Yushin_Ito_sub54773249/episodes/86447735/replay/episode_86447735.json,0.5773502691896258,,archive_episodes_json
86447763,0,3,Yushin Ito,54773249,yushin_20260717,zip,C:\Users\shiba\ptcc_pokemon_ai_buttle\data\runs\leaderboard_top50\alakazam\20260717_kaggle_top20\rank06_Yushin_Ito_sub54773249_full.zip,rank06_Yushin_Ito_sub54773249/episodes/86447763/replay/episode_86447763.json,0.5773502691896258,,archive_episodes_json
86448330,0,3,Yushin Ito,54773249,yushin_20260717,zip,C:\Users\shiba\ptcc_pokemon_ai_buttle\data\runs\leaderboard_top50\alakazam\20260717_kaggle_top20\rank06_Yushin_Ito_sub54773249_full.zip,rank06_Yushin_Ito_sub54773249/episodes/86448330/replay/episode_86448330.json,0.5773502691896258,,archive_episodes_json
86448347,0,3,Yushin Ito,54773249,yushin_20260717,zip,C:\Users\shiba\ptcc_pokemon_ai_buttle\data\runs\leaderboard_top50\alakazam\20260717_kaggle_top20\rank06_Yushin_Ito_sub54773249_full.zip,rank06_Yushin_Ito_sub54773249/episodes/86448347/replay/episode_86448347.json,0.5773502691896258,,archive_episodes_json
86448962,0,3,Yushin Ito,54773249,yushin_20260717,zip,C:\Users\shiba\ptcc_pokemon_ai_buttle\data\runs\leaderboard_top50\alakazam\20260717_kaggle_top20\rank06_Yushin_Ito_sub54773249_full.zip,rank06_Yushin_Ito_sub54773249/episodes/86448962/replay/episode_86448962.json,0.5773502691896258,,archive_episodes_json
86448976,1,3,Yushin Ito,54773249,yushin_20260717,zip,C:\Users\shiba\ptcc_pokemon_ai_buttle\data\runs\leaderboard_top50\alakazam\20260717_kaggle_top20\rank06_Yushin_Ito_sub54773249_full.zip,rank06_Yushin_Ito_sub54773249/episodes/86448976/replay/episode_86448976.json,0.5773502691896258,,archive_episodes_json
86449537,1,3,Yushin Ito,54773249,yushin_20260717,zip,C:\Users\shiba\ptcc_pokemon_ai_buttle\data\runs\leaderboard_top50\alakazam\20260717_kaggle_top20\rank06_Yushin_Ito_sub54773249_full.zip,rank06_Yushin_Ito_sub54773249/episodes/86449537/replay/episode_86449537.json,0.5773502691896258,,archive_episodes_json
86449558,1,3,Yushin Ito,54773249,yushin_20260717,zip,C:\Users\shiba\ptcc_pokemon_ai_buttle\data\runs\leaderboard_top50\alakazam\20260717_kaggle_top20\rank06_Yushin_Ito_sub54773249_full.zip,rank06_Yushin_Ito_sub54773249/episodes/86449558/replay/episode_86449558.json,0.5773502691896258,,archive_episodes_json
86450146,1,3,Yushin Ito,54773249,yushin_20260717,zip,C:\Users\shiba\ptcc_pokemon_ai_buttle\data\runs\leaderboard_top50\alakazam\20260717_kaggle_top20\rank06_Yushin_Ito_sub54773249_full.zip,rank06_Yushin_Ito_sub54773249/episodes/86450146/replay/episode_86450146.json,0.5773502691896258,,archive_episodes_json
86450719,1,3,Yushin Ito,54773249,yushin_20260717,zip,C:\Users\shiba\ptcc_pokemon_ai_buttle\data\runs\leaderboard_top50\alakazam\20260717_kaggle_top20\rank06_Yushin_Ito_sub54773249_full.zip,rank06_Yushin_Ito_sub54773249/episodes/86450719/replay/episode_86450719.json,0.5773502691896258,,archive_episodes_json
86450721,0,3,Yushin Ito,54773249,yushin_20260717,zip,C:\Users\shiba\ptcc_pokemon_ai_buttle\data\runs\leaderboard_top50\alakazam\20260717_kaggle_top20\rank06_Yushin_Ito_sub54773249_full.zip,rank06_Yushin_Ito_sub54773249/episodes/86450721/replay/episode_86450721.json,0.5773502691896258,,archive_episodes_json
86451266,1,3,Yushin Ito,54773249,yushin_20260717,zip,C:\Users\shiba\ptcc_pokemon_ai_buttle\data\runs\leaderboard_top50\alakazam\20260717_kaggle_top20\rank06_Yushin_Ito_sub54773249_full.zip,rank06_Yushin_Ito_sub54773249/episodes/86451266/replay/episode_86451266.json,0.5773502691896258,,archive_episodes_json
86451292,1,3,Yushin Ito,54773249,yushin_20260717,zip,C:\Users\shiba\ptcc_pokemon_ai_buttle\data\runs\leaderboard_top50\alakazam\20260717_kaggle_top20\rank06_Yushin_Ito_sub54773249_full.zip,rank06_Yushin_Ito_sub54773249/episodes/86451292/replay/episode_86451292.json,0.5773502691896258,,archive_episodes_json
86451871,1,3,Yushin Ito,54773249,yushin_20260717,zip,C:\Users\shiba\ptcc_pokemon_ai_buttle\data\runs\leaderboard_top50\alakazam\20260717_kaggle_top20\rank06_Yushin_Ito_sub54773249_full.zip,rank06_Yushin_Ito_sub54773249/episodes/86451871/replay/episode_86451871.json,0.5773502691896258,,archive_episodes_json
86451894,0,3,Yushin Ito,54773249,yushin_20260717,zip,C:\Users\shiba\ptcc_pokemon_ai_buttle\data\runs\leaderboard_top50\alakazam\20260717_kaggle_top20\rank06_Yushin_Ito_sub54773249_full.zip,rank06_Yushin_Ito_sub54773249/episodes/86451894/replay/episode_86451894.json,0.5773502691896258,,archive_episodes_json
86451917,0,3,Yushin Ito,54773249,yushin_20260717,zip,C:\Users\shiba\ptcc_pokemon_ai_buttle\data\runs\leaderboard_top50\alakazam\20260717_kaggle_top20\rank06_Yushin_Ito_sub54773249_full.zip,rank06_Yushin_Ito_sub54773249/episodes/86451917/replay/episode_86451917.json,0.5773502691896258,,archive_episodes_json
86452458,1,3,Yushin Ito,54773249,yushin_20260717,zip,C:\Users\shiba\ptcc_pokemon_ai_buttle\data\runs\leaderboard_top50\alakazam\20260717_kaggle_top20\rank06_Yushin_Ito_sub54773249_full.zip,rank06_Yushin_Ito_sub54773249/episodes/86452458/replay/episode_86452458.json,0.5773502691896258,,archive_episodes_json
86452471,1,3,Yushin Ito,54773249,yushin_20260717,zip,C:\Users\shiba\ptcc_pokemon_ai_buttle\data\runs\leaderboard_top50\alakazam\20260717_kaggle_top20\rank06_Yushin_Ito_sub54773249_full.zip,rank06_Yushin_Ito_sub54773249/episodes/86452471/replay/episode_86452471.json,0.5773502691896258,,archive_episodes_json
86453049,1,3,Yushin Ito,54773249,yushin_20260717,zip,C:\Users\shiba\ptcc_pokemon_ai_buttle\data\runs\leaderboard_top50\alakazam\20260717_kaggle_top20\rank06_Yushin_Ito_sub54773249_full.zip,rank06_Yushin_Ito_sub54773249/episodes/86453049/replay/episode_86453049.json,0.5773502691896258,,archive_episodes_json
86453061,0,3,Yushin Ito,54773249,yushin_20260717,zip,C:\Users\shiba\ptcc_pokemon_ai_buttle\data\runs\leaderboard_top50\alakazam\20260717_kaggle_top20\rank06_Yushin_Ito_sub54773249_full.zip,rank06_Yushin_Ito_sub54773249/episodes/86453061/replay/episode_86453061.json,0.5773502691896258,,archive_episodes_json
86453626,1,3,Yushin Ito,54773249,yushin_20260717,zip,C:\Users\shiba\ptcc_pokemon_ai_buttle\data\runs\leaderboard_top50\alakazam\20260717_kaggle_top20\rank06_Yushin_Ito_sub54773249_full.zip,rank06_Yushin_Ito_sub54773249/episodes/86453626/replay/episode_86453626.json,0.5773502691896258,,archive_episodes_json
86454201,1,3,Yushin Ito,54773249,yushin_20260717,zip,C:\Users\shiba\ptcc_pokemon_ai_buttle\data\runs\leaderboard_top50\alakazam\20260717_kaggle_top20\rank06_Yushin_Ito_sub54773249_full.zip,rank06_Yushin_Ito_sub54773249/episodes/86454201/replay/episode_86454201.json,0.5773502691896258,,archive_episodes_json
86454203,1,3,Yushin Ito,54773249,yushin_20260717,zip,C:\Users\shiba\ptcc_pokemon_ai_buttle\data\runs\leaderboard_top50\alakazam\20260717_kaggle_top20\rank06_Yushin_Ito_sub54773249_full.zip,rank06_Yushin_Ito_sub54773249/episodes/86454203/replay/episode_86454203.json,0.5773502691896258,,archive_episodes_json
86454209,0,3,Yushin Ito,54773249,yushin_20260717,zip,C:\Users\shiba\ptcc_pokemon_ai_buttle\data\runs\leaderboard_top50\alakazam\20260717_kaggle_top20\rank06_Yushin_Ito_sub54773249_full.zip,rank06_Yushin_Ito_sub54773249/episodes/86454209/replay/episode_86454209.json,0.5773502691896258,,archive_episodes_json
86454785,0,3,Yushin Ito,54773249,yushin_20260717,zip,C:\Users\shiba\ptcc_pokemon_ai_buttle\data\runs\leaderboard_top50\alakazam\20260717_kaggle_top20\rank06_Yushin_Ito_sub54773249_full.zip,rank06_Yushin_Ito_sub54773249/episodes/86454785/replay/episode_86454785.json,0.5773502691896258,,archive_episodes_json
86455363,0,3,Yushin Ito,54773249,yushin_20260717,zip,C:\Users\shiba\ptcc_pokemon_ai_buttle\data\runs\leaderboard_top50\alakazam\20260717_kaggle_top20\rank06_Yushin_Ito_sub54773249_full.zip,rank06_Yushin_Ito_sub54773249/episodes/86455363/replay/episode_86455363.json,0.5773502691896258,,archive_episodes_json
86455995,1,3,Yushin Ito,54773249,yushin_20260717,zip,C:\Users\shiba\ptcc_pokemon_ai_buttle\data\runs\leaderboard_top50\alakazam\20260717_kaggle_top20\rank06_Yushin_Ito_sub54773249_full.zip,rank06_Yushin_Ito_sub54773249/episodes/86455995/replay/episode_86455995.json,0.5773502691896258,,archive_episodes_json
86456002,0,3,Yushin Ito,54773249,yushin_20260717,zip,C:\Users\shiba\ptcc_pokemon_ai_buttle\data\runs\leaderboard_top50\alakazam\20260717_kaggle_top20\rank06_Yushin_Ito_sub54773249_full.zip,rank06_Yushin_Ito_sub54773249/episodes/86456002/replay/episode_86456002.json,0.5773502691896258,,archive_episodes_json
86456512,0,3,Yushin Ito,54773249,yushin_20260717,zip,C:\Users\shiba\ptcc_pokemon_ai_buttle\data\runs\leaderboard_top50\alakazam\20260717_kaggle_top20\rank06_Yushin_Ito_sub54773249_full.zip,rank06_Yushin_Ito_sub54773249/episodes/86456512/replay/episode_86456512.json,0.5773502691896258,,archive_episodes_json
86457085,1,3,Yushin Ito,54773249,yushin_20260717,zip,C:\Users\shiba\ptcc_pokemon_ai_buttle\data\runs\leaderboard_top50\alakazam\20260717_kaggle_top20\rank06_Yushin_Ito_sub54773249_full.zip,rank06_Yushin_Ito_sub54773249/episodes/86457085/replay/episode_86457085.json,0.5773502691896258,,archive_episodes_json
86457659,0,3,Yushin Ito,54773249,yushin_20260717,zip,C:\Users\shiba\ptcc_pokemon_ai_buttle\data\runs\leaderboard_top50\alakazam\20260717_kaggle_top20\rank06_Yushin_Ito_sub54773249_full.zip,rank06_Yushin_Ito_sub54773249/episodes/86457659/replay/episode_86457659.json,0.5773502691896258,,archive_episodes_json
86458209,1,3,Yushin Ito,54773249,yushin_20260717,zip,C:\Users\shiba\ptcc_pokemon_ai_buttle\data\runs\leaderboard_top50\alakazam\20260717_kaggle_top20\rank06_Yushin_Ito_sub54773249_full.zip,rank06_Yushin_Ito_sub54773249/episodes/86458209/replay/episode_86458209.json,0.5773502691896258,,archive_episodes_json
86458220,0,3,Yushin Ito,54773249,yushin_20260717,zip,C:\Users\shiba\ptcc_pokemon_ai_buttle\data\runs\leaderboard_top50\alakazam\20260717_kaggle_top20\rank06_Yushin_Ito_sub54773249_full.zip,rank06_Yushin_Ito_sub54773249/episodes/86458220/replay/episode_86458220.json,0.5773502691896258,,archive_episodes_json
86458224,1,3,Yushin Ito,54773249,yushin_20260717,zip,C:\Users\shiba\ptcc_pokemon_ai_buttle\data\runs\leaderboard_top50\alakazam\20260717_kaggle_top20\rank06_Yushin_Ito_sub54773249_full.zip,rank06_Yushin_Ito_sub54773249/episodes/86458224/replay/episode_86458224.json,0.5773502691896258,,archive_episodes_json
86458244,0,3,Yushin Ito,54773249,yushin_20260717,zip,C:\Users\shiba\ptcc_pokemon_ai_buttle\data\runs\leaderboard_top50\alakazam\20260717_kaggle_top20\rank06_Yushin_Ito_sub54773249_full.zip,rank06_Yushin_Ito_sub54773249/episodes/86458244/replay/episode_86458244.json,0.5773502691896258,,archive_episodes_json
86458792,0,3,Yushin Ito,54773249,yushin_20260717,zip,C:\Users\shiba\ptcc_pokemon_ai_buttle\data\runs\leaderboard_top50\alakazam\20260717_kaggle_top20\rank06_Yushin_Ito_sub54773249_full.zip,rank06_Yushin_Ito_sub54773249/episodes/86458792/replay/episode_86458792.json,0.5773502691896258,,archive_episodes_json
86458795,0,3,Yushin Ito,54773249,yushin_20260717,zip,C:\Users\shiba\ptcc_pokemon_ai_buttle\data\runs\leaderboard_top50\alakazam\20260717_kaggle_top20\rank06_Yushin_Ito_sub54773249_full.zip,rank06_Yushin_Ito_sub54773249/episodes/86458795/replay/episode_86458795.json,0.5773502691896258,,archive_episodes_json
86459376,0,3,Yushin Ito,54773249,yushin_20260717,zip,C:\Users\shiba\ptcc_pokemon_ai_buttle\data\runs\leaderboard_top50\alakazam\20260717_kaggle_top20\rank06_Yushin_Ito_sub54773249_full.zip,rank06_Yushin_Ito_sub54773249/episodes/86459376/replay/episode_86459376.json,0.5773502691896258,,archive_episodes_json
86459377,1,3,Yushin Ito,54773249,yushin_20260717,zip,C:\Users\shiba\ptcc_pokemon_ai_buttle\data\runs\leaderboard_top50\alakazam\20260717_kaggle_top20\rank06_Yushin_Ito_sub54773249_full.zip,rank06_Yushin_Ito_sub54773249/episodes/86459377/replay/episode_86459377.json,0.5773502691896258,,archive_episodes_json
86459957,0,3,Yushin Ito,54773249,yushin_20260717,zip,C:\Users\shiba\ptcc_pokemon_ai_buttle\data\runs\leaderboard_top50\alakazam\20260717_kaggle_top20\rank06_Yushin_Ito_sub54773249_full.zip,rank06_Yushin_Ito_sub54773249/episodes/86459957/replay/episode_86459957.json,0.5773502691896258,,archive_episodes_json
86459975,1,3,Yushin Ito,54773249,yushin_20260717,zip,C:\Users\shiba\ptcc_pokemon_ai_buttle\data\runs\leaderboard_top50\alakazam\20260717_kaggle_top20\rank06_Yushin_Ito_sub54773249_full.zip,rank06_Yushin_Ito_sub54773249/episodes/86459975/replay/episode_86459975.json,0.5773502691896258,,archive_episodes_json
86460537,0,3,Yushin Ito,54773249,yushin_20260717,zip,C:\Users\shiba\ptcc_pokemon_ai_buttle\data\runs\leaderboard_top50\alakazam\20260717_kaggle_top20\rank06_Yushin_Ito_sub54773249_full.zip,rank06_Yushin_Ito_sub54773249/episodes/86460537/replay/episode_86460537.json,0.5773502691896258,,archive_episodes_json
86460541,0,3,Yushin Ito,54773249,yushin_20260717,zip,C:\Users\shiba\ptcc_pokemon_ai_buttle\data\runs\leaderboard_top50\alakazam\20260717_kaggle_top20\rank06_Yushin_Ito_sub54773249_full.zip,rank06_Yushin_Ito_sub54773249/episodes/86460541/replay/episode_86460541.json,0.5773502691896258,,archive_episodes_json
86460568,1,3,Yushin Ito,54773249,yushin_20260717,zip,C:\Users\shiba\ptcc_pokemon_ai_buttle\data\runs\leaderboard_top50\alakazam\20260717_kaggle_top20\rank06_Yushin_Ito_sub54773249_full.zip,rank06_Yushin_Ito_sub54773249/episodes/86460568/replay/episode_86460568.json,0.5773502691896258,,archive_episodes_json
86461114,0,3,Yushin Ito,54773249,yushin_20260717,zip,C:\Users\shiba\ptcc_pokemon_ai_buttle\data\runs\leaderboard_top50\alakazam\20260717_kaggle_top20\rank06_Yushin_Ito_sub54773249_full.zip,rank06_Yushin_Ito_sub54773249/episodes/86461114/replay/episode_86461114.json,0.5773502691896258,,archive_episodes_json
86461685,0,3,Yushin Ito,54773249,yushin_20260717,zip,C:\Users\shiba\ptcc_pokemon_ai_buttle\data\runs\leaderboard_top50\alakazam\20260717_kaggle_top20\rank06_Yushin_Ito_sub54773249_full.zip,rank06_Yushin_Ito_sub54773249/episodes/86461685/replay/episode_86461685.json,0.5773502691896258,,archive_episodes_json
86461690,0,3,Yushin Ito,54773249,yushin_20260717,zip,C:\Users\shiba\ptcc_pokemon_ai_buttle\data\runs\leaderboard_top50\alakazam\20260717_kaggle_top20\rank06_Yushin_Ito_sub54773249_full.zip,rank06_Yushin_Ito_sub54773249/episodes/86461690/replay/episode_86461690.json,0.5773502691896258,,archive_episodes_json
86462254,1,3,Yushin Ito,54773249,yushin_20260717,zip,C:\Users\shiba\ptcc_pokemon_ai_buttle\data\runs\leaderboard_top50\alakazam\20260717_kaggle_top20\rank06_Yushin_Ito_sub54773249_full.zip,rank06_Yushin_Ito_sub54773249/episodes/86462254/replay/episode_86462254.json,0.5773502691896258,,archive_episodes_json
86462812,1,3,Yushin Ito,54773249,yushin_20260717,zip,C:\Users\shiba\ptcc_pokemon_ai_buttle\data\runs\leaderboard_top50\alakazam\20260717_kaggle_top20\rank06_Yushin_Ito_sub54773249_full.zip,rank06_Yushin_Ito_sub54773249/episodes/86462812/replay/episode_86462812.json,0.5773502691896258,,archive_episodes_json
86462816,0,3,Yushin Ito,54773249,yushin_20260717,zip,C:\Users\shiba\ptcc_pokemon_ai_buttle\data\runs\leaderboard_top50\alakazam\20260717_kaggle_top20\rank06_Yushin_Ito_sub54773249_full.zip,rank06_Yushin_Ito_sub54773249/episodes/86462816/replay/episode_86462816.json,0.5773502691896258,,archive_episodes_json
86463375,1,3,Yushin Ito,54773249,yushin_20260717,zip,C:\Users\shiba\ptcc_pokemon_ai_buttle\data\runs\leaderboard_top50\alakazam\20260717_kaggle_top20\rank06_Yushin_Ito_sub54773249_full.zip,rank06_Yushin_Ito_sub54773249/episodes/86463375/replay/episode_86463375.json,0.5773502691896258,,archive_episodes_json
86463378,1,3,Yushin Ito,54773249,yushin_20260717,zip,C:\Users\shiba\ptcc_pokemon_ai_buttle\data\runs\leaderboard_top50\alakazam\20260717_kaggle_top20\rank06_Yushin_Ito_sub54773249_full.zip,rank06_Yushin_Ito_sub54773249/episodes/86463378/replay/episode_86463378.json,0.5773502691896258,,archive_episodes_json
86463956,0,3,Yushin Ito,54773249,yushin_20260717,zip,C:\Users\shiba\ptcc_pokemon_ai_buttle\data\runs\leaderboard_top50\alakazam\20260717_kaggle_top20\rank06_Yushin_Ito_sub54773249_full.zip,rank06_Yushin_Ito_sub54773249/episodes/86463956/replay/episode_86463956.json,0.5773502691896258,,archive_episodes_json
86463961,1,3,Yushin Ito,54773249,yushin_20260717,zip,C:\Users\shiba\ptcc_pokemon_ai_buttle\data\runs\leaderboard_top50\alakazam\20260717_kaggle_top20\rank06_Yushin_Ito_sub54773249_full.zip,rank06_Yushin_Ito_sub54773249/episodes/86463961/replay/episode_86463961.json,0.5773502691896258,,archive_episodes_json
86464548,0,3,Yushin Ito,54773249,yushin_20260717,zip,C:\Users\shiba\ptcc_pokemon_ai_buttle\data\runs\leaderboard_top50\alakazam\20260717_kaggle_top20\rank06_Yushin_Ito_sub54773249_full.zip,rank06_Yushin_Ito_sub54773249/episodes/86464548/replay/episode_86464548.json,0.5773502691896258,,archive_episodes_json
86465094,1,3,Yushin Ito,54773249,yushin_20260717,zip,C:\Users\shiba\ptcc_pokemon_ai_buttle\data\runs\leaderboard_top50\alakazam\20260717_kaggle_top20\rank06_Yushin_Ito_sub54773249_full.zip,rank06_Yushin_Ito_sub54773249/episodes/86465094/replay/episode_86465094.json,0.5773502691896258,,archive_episodes_json
86465098,0,3,Yushin Ito,54773249,yushin_20260717,zip,C:\Users\shiba\ptcc_pokemon_ai_buttle\data\runs\leaderboard_top50\alakazam\20260717_kaggle_top20\rank06_Yushin_Ito_sub54773249_full.zip,rank06_Yushin_Ito_sub54773249/episodes/86465098/replay/episode_86465098.json,0.5773502691896258,,archive_episodes_json
86465666,0,3,Yushin Ito,54773249,yushin_20260717,zip,C:\Users\shiba\ptcc_pokemon_ai_buttle\data\runs\leaderboard_top50\alakazam\20260717_kaggle_top20\rank06_Yushin_Ito_sub54773249_full.zip,rank06_Yushin_Ito_sub54773249/episodes/86465666/replay/episode_86465666.json,0.5773502691896258,,archive_episodes_json
86466121,0,3,Yushin Ito,54773249,yushin_20260717,zip,C:\Users\shiba\ptcc_pokemon_ai_buttle\data\runs\leaderboard_top50\alakazam\20260717_kaggle_top20\rank06_Yushin_Ito_sub54773249_full.zip,rank06_Yushin_Ito_sub54773249/episodes/86466121/replay/episode_86466121.json,0.5773502691896258,,archive_episodes_json
86466127,1,3,Yushin Ito,54773249,yushin_20260717,zip,C:\Users\shiba\ptcc_pokemon_ai_buttle\data\runs\leaderboard_top50\alakazam\20260717_kaggle_top20\rank06_Yushin_Ito_sub54773249_full.zip,rank06_Yushin_Ito_sub54773249/episodes/86466127/replay/episode_86466127.json,0.5773502691896258,,archive_episodes_json
86466756,1,3,Yushin Ito,54773249,yushin_20260717,zip,C:\Users\shiba\ptcc_pokemon_ai_buttle\data\runs\leaderboard_top50\alakazam\20260717_kaggle_top20\rank06_Yushin_Ito_sub54773249_full.zip,rank06_Yushin_Ito_sub54773249/episodes/86466756/replay/episode_86466756.json,0.5773502691896258,,archive_episodes_json
86466765,0,3,Yushin Ito,54773249,yushin_20260717,zip,C:\Users\shiba\ptcc_pokemon_ai_buttle\data\runs\leaderboard_top50\alakazam\20260717_kaggle_top20\rank06_Yushin_Ito_sub54773249_full.zip,rank06_Yushin_Ito_sub54773249/episodes/86466765/replay/episode_86466765.json,0.5773502691896258,,archive_episodes_json
86466781,0,3,Yushin Ito,54773249,yushin_20260717,zip,C:\Users\shiba\ptcc_pokemon_ai_buttle\data\runs\leaderboard_top50\alakazam\20260717_kaggle_top20\rank06_Yushin_Ito_sub54773249_full.zip,rank06_Yushin_Ito_sub54773249/episodes/86466781/replay/episode_86466781.json,0.5773502691896258,,archive_episodes_json
86467331,1,3,Yushin Ito,54773249,yushin_20260717,zip,C:\Users\shiba\ptcc_pokemon_ai_buttle\data\runs\leaderboard_top50\alakazam\20260717_kaggle_top20\rank06_Yushin_Ito_sub54773249_full.zip,rank06_Yushin_Ito_sub54773249/episodes/86467331/replay/episode_86467331.json,0.5773502691896258,,archive_episodes_json
86467343,0,3,Yushin Ito,54773249,yushin_20260717,zip,C:\Users\shiba\ptcc_pokemon_ai_buttle\data\runs\leaderboard_top50\alakazam\20260717_kaggle_top20\rank06_Yushin_Ito_sub54773249_full.zip,rank06_Yushin_Ito_sub54773249/episodes/86467343/replay/episode_86467343.json,0.5773502691896258,,archive_episodes_json
86467348,0,3,Yushin Ito,54773249,yushin_20260717,zip,C:\Users\shiba\ptcc_pokemon_ai_buttle\data\runs\leaderboard_top50\alakazam\20260717_kaggle_top20\rank06_Yushin_Ito_sub54773249_full.zip,rank06_Yushin_Ito_sub54773249/episodes/86467348/replay/episode_86467348.json,0.5773502691896258,,archive_episodes_json
86467958,0,3,Yushin Ito,54773249,yushin_20260717,zip,C:\Users\shiba\ptcc_pokemon_ai_buttle\data\runs\leaderboard_top50\alakazam\20260717_kaggle_top20\rank06_Yushin_Ito_sub54773249_full.zip,rank06_Yushin_Ito_sub54773249/episodes/86467958/replay/episode_86467958.json,0.5773502691896258,,archive_episodes_json
86468457,1,3,Yushin Ito,54773249,yushin_20260717,zip,C:\Users\shiba\ptcc_pokemon_ai_buttle\data\runs\leaderboard_top50\alakazam\20260717_kaggle_top20\rank06_Yushin_Ito_sub54773249_full.zip,rank06_Yushin_Ito_sub54773249/episodes/86468457/replay/episode_86468457.json,0.5773502691896258,,archive_episodes_json
86468476,1,3,Yushin Ito,54773249,yushin_20260717,zip,C:\Users\shiba\ptcc_pokemon_ai_buttle\data\runs\leaderboard_top50\alakazam\20260717_kaggle_top20\rank06_Yushin_Ito_sub54773249_full.zip,rank06_Yushin_Ito_sub54773249/episodes/86468476/replay/episode_86468476.json,0.5773502691896258,,archive_episodes_json
86469029,1,3,Yushin Ito,54773249,yushin_20260717,zip,C:\Users\shiba\ptcc_pokemon_ai_buttle\data\runs\leaderboard_top50\alakazam\20260717_kaggle_top20\rank06_Yushin_Ito_sub54773249_full.zip,rank06_Yushin_Ito_sub54773249/episodes/86469029/replay/episode_86469029.json,0.5773502691896258,,archive_episodes_json
86469042,1,3,Yushin Ito,54773249,yushin_20260717,zip,C:\Users\shiba\ptcc_pokemon_ai_buttle\data\runs\leaderboard_top50\alakazam\20260717_kaggle_top20\rank06_Yushin_Ito_sub54773249_full.zip,rank06_Yushin_Ito_sub54773249/episodes/86469042/replay/episode_86469042.json,0.5773502691896258,,archive_episodes_json
86469586,0,3,Yushin Ito,54773249,yushin_20260717,zip,C:\Users\shiba\ptcc_pokemon_ai_buttle\data\runs\leaderboard_top50\alakazam\20260717_kaggle_top20\rank06_Yushin_Ito_sub54773249_full.zip,rank06_Yushin_Ito_sub54773249/episodes/86469586/replay/episode_86469586.json,0.5773502691896258,,archive_episodes_json
86470155,1,3,Yushin Ito,54773249,yushin_20260717,zip,C:\Users\shiba\ptcc_pokemon_ai_buttle\data\runs\leaderboard_top50\alakazam\20260717_kaggle_top20\rank06_Yushin_Ito_sub54773249_full.zip,rank06_Yushin_Ito_sub54773249/episodes/86470155/replay/episode_86470155.json,0.5773502691896258,,archive_episodes_json
86470733,0,3,Yushin Ito,54773249,yushin_20260717,zip,C:\Users\shiba\ptcc_pokemon_ai_buttle\data\runs\leaderboard_top50\alakazam\20260717_kaggle_top20\rank06_Yushin_Ito_sub54773249_full.zip,rank06_Yushin_Ito_sub54773249/episodes/86470733/replay/episode_86470733.json,0.5773502691896258,,archive_episodes_json
86470739,0,3,Yushin Ito,54773249,yushin_20260717,zip,C:\Users\shiba\ptcc_pokemon_ai_buttle\data\runs\leaderboard_top50\alakazam\20260717_kaggle_top20\rank06_Yushin_Ito_sub54773249_full.zip,rank06_Yushin_Ito_sub54773249/episodes/86470739/replay/episode_86470739.json,0.5773502691896258,,archive_episodes_json
86471296,1,3,Yushin Ito,54773249,yushin_20260717,zip,C:\Users\shiba\ptcc_pokemon_ai_buttle\data\runs\leaderboard_top50\alakazam\20260717_kaggle_top20\rank06_Yushin_Ito_sub54773249_full.zip,rank06_Yushin_Ito_sub54773249/episodes/86471296/replay/episode_86471296.json,0.5773502691896258,,archive_episodes_json
86471648,0,3,Yushin Ito,54773249,yushin_20260717,zip,C:\Users\shiba\ptcc_pokemon_ai_buttle\data\runs\leaderboard_top50\alakazam\20260717_kaggle_top20\rank06_Yushin_Ito_sub54773249_full.zip,rank06_Yushin_Ito_sub54773249/episodes/86471648/replay/episode_86471648.json,0.5773502691896258,,archive_episodes_json
86471876,0,3,Yushin Ito,54773249,yushin_20260717,zip,C:\Users\shiba\ptcc_pokemon_ai_buttle\data\runs\leaderboard_top50\alakazam\20260717_kaggle_top20\rank06_Yushin_Ito_sub54773249_full.zip,rank06_Yushin_Ito_sub54773249/episodes/86471876/replay/episode_86471876.json,0.5773502691896258,,archive_episodes_json
86472451,1,3,Yushin Ito,54773249,yushin_20260717,zip,C:\Users\shiba\ptcc_pokemon_ai_buttle\data\runs\leaderboard_top50\alakazam\20260717_kaggle_top20\rank06_Yushin_Ito_sub54773249_full.zip,rank06_Yushin_Ito_sub54773249/episodes/86472451/replay/episode_86472451.json,0.5773502691896258,,archive_episodes_json
86472453,0,3,Yushin Ito,54773249,yushin_20260717,zip,C:\Users\shiba\ptcc_pokemon_ai_buttle\data\runs\leaderboard_top50\alakazam\20260717_kaggle_top20\rank06_Yushin_Ito_sub54773249_full.zip,rank06_Yushin_Ito_sub54773249/episodes/86472453/replay/episode_86472453.json,0.5773502691896258,,archive_episodes_json
86472972,0,3,Yushin Ito,54773249,yushin_20260717,zip,C:\Users\shiba\ptcc_pokemon_ai_buttle\data\runs\leaderboard_top50\alakazam\20260717_kaggle_top20\rank06_Yushin_Ito_sub54773249_full.zip,rank06_Yushin_Ito_sub54773249/episodes/86472972/replay/episode_86472972.json,0.5773502691896258,,archive_episodes_json
86473563,0,3,Yushin Ito,54773249,yushin_20260717,zip,C:\Users\shiba\ptcc_pokemon_ai_buttle\data\runs\leaderboard_top50\alakazam\20260717_kaggle_top20\rank06_Yushin_Ito_sub54773249_full.zip,rank06_Yushin_Ito_sub54773249/episodes/86473563/replay/episode_86473563.json,0.5773502691896258,,archive_episodes_json
86474146,1,3,Yushin Ito,54773249,yushin_20260717,zip,C:\Users\shiba\ptcc_pokemon_ai_buttle\data\runs\leaderboard_top50\alakazam\20260717_kaggle_top20\rank06_Yushin_Ito_sub54773249_full.zip,rank06_Yushin_Ito_sub54773249/episodes/86474146/replay/episode_86474146.json,0.5773502691896258,,archive_episodes_json
86474703,0,3,Yushin Ito,54773249,yushin_20260717,zip,C:\Users\shiba\ptcc_pokemon_ai_buttle\data\runs\leaderboard_top50\alakazam\20260717_kaggle_top20\rank06_Yushin_Ito_sub54773249_full.zip,rank06_Yushin_Ito_sub54773249/episodes/86474703/replay/episode_86474703.json,0.5773502691896258,,archive_episodes_json
86475259,1,3,Yushin Ito,54773249,yushin_20260717,zip,C:\Users\shiba\ptcc_pokemon_ai_buttle\data\runs\leaderboard_top50\alakazam\20260717_kaggle_top20\rank06_Yushin_Ito_sub54773249_full.zip,rank06_Yushin_Ito_sub54773249/episodes/86475259/replay/episode_86475259.json,0.5773502691896258,,archive_episodes_json
86475822,1,3,Yushin Ito,54773249,yushin_20260717,zip,C:\Users\shiba\ptcc_pokemon_ai_buttle\data\runs\leaderboard_top50\alakazam\20260717_kaggle_top20\rank06_Yushin_Ito_sub54773249_full.zip,rank06_Yushin_Ito_sub54773249/episodes/86475822/replay/episode_86475822.json,0.5773502691896258,,archive_episodes_json
87173522,1,3,Yushin Ito,54773249,yushin_current_top,zip,C:\Users\shiba\ptcc_pokemon_ai_buttle\data\runs\alakazam\20260724_top40_current.zip,20260724_top40_current/replays/episode_87173522.json,0.5773502691896258,,archive_episodes_json
87174065,1,3,Yushin Ito,54773249,yushin_current_top,zip,C:\Users\shiba\ptcc_pokemon_ai_buttle\data\runs\alakazam\20260724_top40_current.zip,20260724_top40_current/replays/episode_87174065.json,0.5773502691896258,,archive_episodes_json
87174635,1,3,Yushin Ito,54773249,yushin_current_top,zip,C:\Users\shiba\ptcc_pokemon_ai_buttle\data\runs\alakazam\20260724_top40_current.zip,20260724_top40_current/replays/episode_87174635.json,0.5773502691896258,,archive_episodes_json
87175154,0,3,Yushin Ito,54773249,yushin_current_top,zip,C:\Users\shiba\ptcc_pokemon_ai_buttle\data\runs\alakazam\20260724_top40_current.zip,20260724_top40_current/replays/episode_87175154.json,0.5773502691896258,,archive_episodes_json
87175206,0,3,Yushin Ito,54773249,yushin_current_top,zip,C:\Users\shiba\ptcc_pokemon_ai_buttle\data\runs\alakazam\20260724_top40_current.zip,20260724_top40_current/replays/episode_87175206.json,0.5773502691896258,,archive_episodes_json
87175768,0,3,Yushin Ito,54773249,yushin_current_top,zip,C:\Users\shiba\ptcc_pokemon_ai_buttle\data\runs\alakazam\20260724_top40_current.zip,20260724_top40_current/replays/episode_87175768.json,0.5773502691896258,,archive_episodes_json
87175778,1,3,Yushin Ito,54773249,yushin_current_top,zip,C:\Users\shiba\ptcc_pokemon_ai_buttle\data\runs\alakazam\20260724_top40_current.zip,20260724_top40_current/replays/episode_87175778.json,0.5773502691896258,,archive_episodes_json
87176300,0,3,Yushin Ito,54773249,yushin_current_top,zip,C:\Users\shiba\ptcc_pokemon_ai_buttle\data\runs\alakazam\20260724_top40_current.zip,20260724_top40_current/replays/episode_87176300.json,0.5773502691896258,,archive_episodes_json
87176349,0,3,Yushin Ito,54773249,yushin_current_top,zip,C:\Users\shiba\ptcc_pokemon_ai_buttle\data\runs\alakazam\20260724_top40_current.zip,20260724_top40_current/replays/episode_87176349.json,0.5773502691896258,,archive_episodes_json
87176923,1,3,Yushin Ito,54773249,yushin_current_top,zip,C:\Users\shiba\ptcc_pokemon_ai_buttle\data\runs\alakazam\20260724_top40_current.zip,20260724_top40_current/replays/episode_87176923.json,0.5773502691896258,,archive_episodes_json
87177494,1,3,Yushin Ito,54773249,yushin_current_top,zip,C:\Users\shiba\ptcc_pokemon_ai_buttle\data\runs\alakazam\20260724_top40_current.zip,20260724_top40_current/replays/episode_87177494.json,0.5773502691896258,,archive_episodes_json
87177496,0,3,Yushin Ito,54773249,yushin_current_top,zip,C:\Users\shiba\ptcc_pokemon_ai_buttle\data\runs\alakazam\20260724_top40_current.zip,20260724_top40_current/replays/episode_87177496.json,0.5773502691896258,,archive_episodes_json
87178079,0,3,Yushin Ito,54773249,yushin_current_top,zip,C:\Users\shiba\ptcc_pokemon_ai_buttle\data\runs\alakazam\20260724_top40_current.zip,20260724_top40_current/replays/episode_87178079.json,0.5773502691896258,,archive_episodes_json
87179175,0,3,Yushin Ito,54773249,yushin_current_top,zip,C:\Users\shiba\ptcc_pokemon_ai_buttle\data\runs\alakazam\20260724_top40_current.zip,20260724_top40_current/replays/episode_87179175.json,0.5773502691896258,,archive_episodes_json
87180195,0,3,Yushin Ito,54773249,yushin_current_top,zip,C:\Users\shiba\ptcc_pokemon_ai_buttle\data\runs\alakazam\20260724_top40_current.zip,20260724_top40_current/replays/episode_87180195.json,0.5773502691896258,,archive_episodes_json
87180752,0,3,Yushin Ito,54773249,yushin_current_top,zip,C:\Users\shiba\ptcc_pokemon_ai_buttle\data\runs\alakazam\20260724_top40_current.zip,20260724_top40_current/replays/episode_87180752.json,0.5773502691896258,,archive_episodes_json
87181281,1,3,Yushin Ito,54773249,yushin_current_top,zip,C:\Users\shiba\ptcc_pokemon_ai_buttle\data\runs\alakazam\20260724_top40_current.zip,20260724_top40_current/replays/episode_87181281.json,0.5773502691896258,,archive_episodes_json
87181812,0,3,Yushin Ito,54773249,yushin_current_top,zip,C:\Users\shiba\ptcc_pokemon_ai_buttle\data\runs\alakazam\20260724_top40_current.zip,20260724_top40_current/replays/episode_87181812.json,0.5773502691896258,,archive_episodes_json
87181817,1,3,Yushin Ito,54773249,yushin_current_top,zip,C:\Users\shiba\ptcc_pokemon_ai_buttle\data\runs\alakazam\20260724_top40_current.zip,20260724_top40_current/replays/episode_87181817.json,0.5773502691896258,,archive_episodes_json
87182339,1,3,Yushin Ito,54773249,yushin_current_top,zip,C:\Users\shiba\ptcc_pokemon_ai_buttle\data\runs\alakazam\20260724_top40_current.zip,20260724_top40_current/replays/episode_87182339.json,0.5773502691896258,,archive_episodes_json
87182343,0,3,Yushin Ito,54773249,yushin_current_top,zip,C:\Users\shiba\ptcc_pokemon_ai_buttle\data\runs\alakazam\20260724_top40_current.zip,20260724_top40_current/replays/episode_87182343.json,0.5773502691896258,,archive_episodes_json
87183400,1,3,Yushin Ito,54773249,yushin_current_top,zip,C:\Users\shiba\ptcc_pokemon_ai_buttle\data\runs\alakazam\20260724_top40_current.zip,20260724_top40_current/replays/episode_87183400.json,0.5773502691896258,,archive_episodes_json
87183401,0,3,Yushin Ito,54773249,yushin_current_top,zip,C:\Users\shiba\ptcc_pokemon_ai_buttle\data\runs\alakazam\20260724_top40_current.zip,20260724_top40_current/replays/episode_87183401.json,0.5773502691896258,,archive_episodes_json
87183923,0,3,Yushin Ito,54773249,yushin_current_top,zip,C:\Users\shiba\ptcc_pokemon_ai_buttle\data\runs\alakazam\20260724_top40_current.zip,20260724_top40_current/replays/episode_87183923.json,0.5773502691896258,,archive_episodes_json
87184453,0,3,Yushin Ito,54773249,yushin_current_top,zip,C:\Users\shiba\ptcc_pokemon_ai_buttle\data\runs\alakazam\20260724_top40_current.zip,20260724_top40_current/replays/episode_87184453.json,0.5773502691896258,,archive_episodes_json
87184999,0,3,Yushin Ito,54773249,yushin_current_top,zip,C:\Users\shiba\ptcc_pokemon_ai_buttle\data\runs\alakazam\20260724_top40_current.zip,20260724_top40_current/replays/episode_87184999.json,0.5773502691896258,,archive_episodes_json
87185558,0,3,Yushin Ito,54773249,yushin_current_top,zip,C:\Users\shiba\ptcc_pokemon_ai_buttle\data\runs\alakazam\20260724_top40_current.zip,20260724_top40_current/replays/episode_87185558.json,0.5773502691896258,,archive_episodes_json
87185564,0,3,Yushin Ito,54773249,yushin_current_top,zip,C:\Users\shiba\ptcc_pokemon_ai_buttle\data\runs\alakazam\20260724_top40_current.zip,20260724_top40_current/replays/episode_87185564.json,0.5773502691896258,,archive_episodes_json
87186139,0,3,Yushin Ito,54773249,yushin_current_top,zip,C:\Users\shiba\ptcc_pokemon_ai_buttle\data\runs\alakazam\20260724_top40_current.zip,20260724_top40_current/replays/episode_87186139.json,0.5773502691896258,,archive_episodes_json
87186153,1,3,Yushin Ito,54773249,yushin_current_top,zip,C:\Users\shiba\ptcc_pokemon_ai_buttle\data\runs\alakazam\20260724_top40_current.zip,20260724_top40_current/replays/episode_87186153.json,0.5773502691896258,,archive_episodes_json
87187268,1,3,Yushin Ito,54773249,yushin_current_top,zip,C:\Users\shiba\ptcc_pokemon_ai_buttle\data\runs\alakazam\20260724_top40_current.zip,20260724_top40_current/replays/episode_87187268.json,0.5773502691896258,,archive_episodes_json
87188483,0,3,Yushin Ito,54773249,yushin_current_top,zip,C:\Users\shiba\ptcc_pokemon_ai_buttle\data\runs\alakazam\20260724_top40_current.zip,20260724_top40_current/replays/episode_87188483.json,0.5773502691896258,,archive_episodes_json
87188982,0,3,Yushin Ito,54773249,yushin_current_top,zip,C:\Users\shiba\ptcc_pokemon_ai_buttle\data\runs\alakazam\20260724_top40_current.zip,20260724_top40_current/replays/episode_87188982.json,0.5773502691896258,,archive_episodes_json
87189502,0,3,Yushin Ito,54773249,yushin_current_top,zip,C:\Users\shiba\ptcc_pokemon_ai_buttle\data\runs\alakazam\20260724_top40_current.zip,20260724_top40_current/replays/episode_87189502.json,0.5773502691896258,,archive_episodes_json
87189510,0,3,Yushin Ito,54773249,yushin_current_top,zip,C:\Users\shiba\ptcc_pokemon_ai_buttle\data\runs\alakazam\20260724_top40_current.zip,20260724_top40_current/replays/episode_87189510.json,0.5773502691896258,,archive_episodes_json
87190043,1,3,Yushin Ito,54773249,yushin_current_top,zip,C:\Users\shiba\ptcc_pokemon_ai_buttle\data\runs\alakazam\20260724_top40_current.zip,20260724_top40_current/replays/episode_87190043.json,0.5773502691896258,,archive_episodes_json
87190571,1,3,Yushin Ito,54773249,yushin_current_top,zip,C:\Users\shiba\ptcc_pokemon_ai_buttle\data\runs\alakazam\20260724_top40_current.zip,20260724_top40_current/replays/episode_87190571.json,0.5773502691896258,,archive_episodes_json
87191115,1,3,Yushin Ito,54773249,yushin_current_top,zip,C:\Users\shiba\ptcc_pokemon_ai_buttle\data\runs\alakazam\20260724_top40_current.zip,20260724_top40_current/replays/episode_87191115.json,0.5773502691896258,,archive_episodes_json
87191669,1,3,Yushin Ito,54773249,yushin_current_top,zip,C:\Users\shiba\ptcc_pokemon_ai_buttle\data\runs\alakazam\20260724_top40_current.zip,20260724_top40_current/replays/episode_87191669.json,0.5773502691896258,,archive_episodes_json
87192242,0,3,Yushin Ito,54773249,yushin_current_top,zip,C:\Users\shiba\ptcc_pokemon_ai_buttle\data\runs\alakazam\20260724_top40_current.zip,20260724_top40_current/replays/episode_87192242.json,0.5773502691896258,,archive_episodes_json
87192798,0,3,Yushin Ito,54773249,yushin_current_top,zip,C:\Users\shiba\ptcc_pokemon_ai_buttle\data\runs\alakazam\20260724_top40_current.zip,20260724_top40_current/replays/episode_87192798.json,0.5773502691896258,,archive_episodes_json
87193346,0,3,Yushin Ito,54773249,yushin_current_top,zip,C:\Users\shiba\ptcc_pokemon_ai_buttle\data\runs\alakazam\20260724_top40_current.zip,20260724_top40_current/replays/episode_87193346.json,0.5773502691896258,,archive_episodes_json
87193351,1,3,Yushin Ito,54773249,yushin_current_top,zip,C:\Users\shiba\ptcc_pokemon_ai_buttle\data\runs\alakazam\20260724_top40_current.zip,20260724_top40_current/replays/episode_87193351.json,0.5773502691896258,,archive_episodes_json
87193355,0,3,Yushin Ito,54773249,yushin_current_top,zip,C:\Users\shiba\ptcc_pokemon_ai_buttle\data\runs\alakazam\20260724_top40_current.zip,20260724_top40_current/replays/episode_87193355.json,0.5773502691896258,,archive_episodes_json
87193931,0,3,Yushin Ito,54773249,yushin_current_top,zip,C:\Users\shiba\ptcc_pokemon_ai_buttle\data\runs\alakazam\20260724_top40_current.zip,20260724_top40_current/replays/episode_87193931.json,0.5773502691896258,,archive_episodes_json
87193932,0,3,Yushin Ito,54773249,yushin_current_top,zip,C:\Users\shiba\ptcc_pokemon_ai_buttle\data\runs\alakazam\20260724_top40_current.zip,20260724_top40_current/replays/episode_87193932.json,0.5773502691896258,,archive_episodes_json
87194471,1,3,Yushin Ito,54773249,yushin_current_top,zip,C:\Users\shiba\ptcc_pokemon_ai_buttle\data\runs\alakazam\20260724_top40_current.zip,20260724_top40_current/replays/episode_87194471.json,0.5773502691896258,,archive_episodes_json
87194472,0,3,Yushin Ito,54773249,yushin_current_top,zip,C:\Users\shiba\ptcc_pokemon_ai_buttle\data\runs\alakazam\20260724_top40_current.zip,20260724_top40_current/replays/episode_87194472.json,0.5773502691896258,,archive_episodes_json
87194481,1,3,Yushin Ito,54773249,yushin_current_top,zip,C:\Users\shiba\ptcc_pokemon_ai_buttle\data\runs\alakazam\20260724_top40_current.zip,20260724_top40_current/replays/episode_87194481.json,0.5773502691896258,,archive_episodes_json
87194490,0,3,Yushin Ito,54773249,yushin_current_top,zip,C:\Users\shiba\ptcc_pokemon_ai_buttle\data\runs\alakazam\20260724_top40_current.zip,20260724_top40_current/replays/episode_87194490.json,0.5773502691896258,,archive_episodes_json
87195540,1,3,Yushin Ito,54773249,yushin_current_top,zip,C:\Users\shiba\ptcc_pokemon_ai_buttle\data\runs\alakazam\20260724_top40_current.zip,20260724_top40_current/replays/episode_87195540.json,0.5773502691896258,,archive_episodes_json
87196057,0,3,Yushin Ito,54773249,yushin_current_top,zip,C:\Users\shiba\ptcc_pokemon_ai_buttle\data\runs\alakazam\20260724_top40_current.zip,20260724_top40_current/replays/episode_87196057.json,0.5773502691896258,,archive_episodes_json
87196592,0,3,Yushin Ito,54773249,yushin_current_top,zip,C:\Users\shiba\ptcc_pokemon_ai_buttle\data\runs\alakazam\20260724_top40_current.zip,20260724_top40_current/replays/episode_87196592.json,0.5773502691896258,,archive_episodes_json
87197129,0,3,Yushin Ito,54773249,yushin_current_top,zip,C:\Users\shiba\ptcc_pokemon_ai_buttle\data\runs\alakazam\20260724_top40_current.zip,20260724_top40_current/replays/episode_87197129.json,0.5773502691896258,,archive_episodes_json
87197668,1,3,Yushin Ito,54773249,yushin_current_top,zip,C:\Users\shiba\ptcc_pokemon_ai_buttle\data\runs\alakazam\20260724_top40_current.zip,20260724_top40_current/replays/episode_87197668.json,0.5773502691896258,,archive_episodes_json
87198718,1,3,Yushin Ito,54773249,yushin_current_top,zip,C:\Users\shiba\ptcc_pokemon_ai_buttle\data\runs\alakazam\20260724_top40_current.zip,20260724_top40_current/replays/episode_87198718.json,0.5773502691896258,,archive_episodes_json
87198744,0,3,Yushin Ito,54773249,yushin_current_top,zip,C:\Users\shiba\ptcc_pokemon_ai_buttle\data\runs\alakazam\20260724_top40_current.zip,20260724_top40_current/replays/episode_87198744.json,0.5773502691896258,,archive_episodes_json
87199246,0,3,Yushin Ito,54773249,yushin_current_top,zip,C:\Users\shiba\ptcc_pokemon_ai_buttle\data\runs\alakazam\20260724_top40_current.zip,20260724_top40_current/replays/episode_87199246.json,0.5773502691896258,,archive_episodes_json
87199752,1,3,Yushin Ito,54773249,yushin_current_top,zip,C:\Users\shiba\ptcc_pokemon_ai_buttle\data\runs\alakazam\20260724_top40_current.zip,20260724_top40_current/replays/episode_87199752.json,0.5773502691896258,,archive_episodes_json
87200295,1,3,Yushin Ito,54773249,yushin_current_top,zip,C:\Users\shiba\ptcc_pokemon_ai_buttle\data\runs\alakazam\20260724_top40_current.zip,20260724_top40_current/replays/episode_87200295.json,0.5773502691896258,,archive_episodes_json
87201347,0,3,Yushin Ito,54773249,yushin_current_top,zip,C:\Users\shiba\ptcc_pokemon_ai_buttle\data\runs\alakazam\20260724_top40_current.zip,20260724_top40_current/replays/episode_87201347.json,0.5773502691896258,,archive_episodes_json
87202401,0,3,Yushin Ito,54773249,yushin_current_top,zip,C:\Users\shiba\ptcc_pokemon_ai_buttle\data\runs\alakazam\20260724_top40_current.zip,20260724_top40_current/replays/episode_87202401.json,0.5773502691896258,,archive_episodes_json
87202924,0,3,Yushin Ito,54773249,yushin_current_top,zip,C:\Users\shiba\ptcc_pokemon_ai_buttle\data\runs\alakazam\20260724_top40_current.zip,20260724_top40_current/replays/episode_87202924.json,0.5773502691896258,,archive_episodes_json
87202936,0,3,Yushin Ito,54773249,yushin_current_top,zip,C:\Users\shiba\ptcc_pokemon_ai_buttle\data\runs\alakazam\20260724_top40_current.zip,20260724_top40_current/replays/episode_87202936.json,0.5773502691896258,,archive_episodes_json
87203460,1,3,Yushin Ito,54773249,yushin_current_top,zip,C:\Users\shiba\ptcc_pokemon_ai_buttle\data\runs\alakazam\20260724_top40_current.zip,20260724_top40_current/replays/episode_87203460.json,0.5773502691896258,,archive_episodes_json
87203989,0,3,Yushin Ito,54773249,yushin_current_top,zip,C:\Users\shiba\ptcc_pokemon_ai_buttle\data\runs\alakazam\20260724_top40_current.zip,20260724_top40_current/replays/episode_87203989.json,0.5773502691896258,,archive_episodes_json
87204019,0,3,Yushin Ito,54773249,yushin_current_top,zip,C:\Users\shiba\ptcc_pokemon_ai_buttle\data\runs\alakazam\20260724_top40_current.zip,20260724_top40_current/replays/episode_87204019.json,0.5773502691896258,,archive_episodes_json
87204515,1,3,Yushin Ito,54773249,yushin_current_top,zip,C:\Users\shiba\ptcc_pokemon_ai_buttle\data\runs\alakazam\20260724_top40_current.zip,20260724_top40_current/replays/episode_87204515.json,0.5773502691896258,,archive_episodes_json
87204523,1,3,Yushin Ito,54773249,yushin_current_top,zip,C:\Users\shiba\ptcc_pokemon_ai_buttle\data\runs\alakazam\20260724_top40_current.zip,20260724_top40_current/replays/episode_87204523.json,0.5773502691896258,,archive_episodes_json
87205070,1,3,Yushin Ito,54773249,yushin_current_top,zip,C:\Users\shiba\ptcc_pokemon_ai_buttle\data\runs\alakazam\20260724_top40_current.zip,20260724_top40_current/replays/episode_87205070.json,0.5773502691896258,,archive_episodes_json
87207247,1,3,Yushin Ito,54773249,yushin_current_top,zip,C:\Users\shiba\ptcc_pokemon_ai_buttle\data\runs\alakazam\20260724_top40_current.zip,20260724_top40_current/replays/episode_87207247.json,0.5773502691896258,,archive_episodes_json
87207794,0,3,Yushin Ito,54773249,yushin_current_top,zip,C:\Users\shiba\ptcc_pokemon_ai_buttle\data\runs\alakazam\20260724_top40_current.zip,20260724_top40_current/replays/episode_87207794.json,0.5773502691896258,,archive_episodes_json
87208885,0,3,Yushin Ito,54773249,yushin_current_top,zip,C:\Users\shiba\ptcc_pokemon_ai_buttle\data\runs\alakazam\20260724_top40_current.zip,20260724_top40_current/replays/episode_87208885.json,0.5773502691896258,,archive_episodes_json
87209418,1,3,Yushin Ito,54773249,yushin_current_top,zip,C:\Users\shiba\ptcc_pokemon_ai_buttle\data\runs\alakazam\20260724_top40_current.zip,20260724_top40_current/replays/episode_87209418.json,0.5773502691896258,,archive_episodes_json
87210502,1,3,Yushin Ito,54773249,yushin_current_top,zip,C:\Users\shiba\ptcc_pokemon_ai_buttle\data\runs\alakazam\20260724_top40_current.zip,20260724_top40_current/replays/episode_87210502.json,0.5773502691896258,,archive_episodes_json
87210518,0,3,Yushin Ito,54773249,yushin_current_top,zip,C:\Users\shiba\ptcc_pokemon_ai_buttle\data\runs\alakazam\20260724_top40_current.zip,20260724_top40_current/replays/episode_87210518.json,0.5773502691896258,,archive_episodes_json
87211066,0,3,Yushin Ito,54773249,yushin_current_top,zip,C:\Users\shiba\ptcc_pokemon_ai_buttle\data\runs\alakazam\20260724_top40_current.zip,20260724_top40_current/replays/episode_87211066.json,0.5773502691896258,,archive_episodes_json
87211616,0,3,Yushin Ito,54773249,yushin_current_top,zip,C:\Users\shiba\ptcc_pokemon_ai_buttle\data\runs\alakazam\20260724_top40_current.zip,20260724_top40_current/replays/episode_87211616.json,0.5773502691896258,,archive_episodes_json
87212140,1,3,Yushin Ito,54773249,yushin_current_top,zip,C:\Users\shiba\ptcc_pokemon_ai_buttle\data\runs\alakazam\20260724_top40_current.zip,20260724_top40_current/replays/episode_87212140.json,0.5773502691896258,,archive_episodes_json
87212667,0,3,Yushin Ito,54773249,yushin_current_top,zip,C:\Users\shiba\ptcc_pokemon_ai_buttle\data\runs\alakazam\20260724_top40_current.zip,20260724_top40_current/replays/episode_87212667.json,0.5773502691896258,,archive_episodes_json
87213209,0,3,Yushin Ito,54773249,yushin_current_top,zip,C:\Users\shiba\ptcc_pokemon_ai_buttle\data\runs\alakazam\20260724_top40_current.zip,20260724_top40_current/replays/episode_87213209.json,0.5773502691896258,,archive_episodes_json
87213215,0,3,Yushin Ito,54773249,yushin_current_top,zip,C:\Users\shiba\ptcc_pokemon_ai_buttle\data\runs\alakazam\20260724_top40_current.zip,20260724_top40_current/replays/episode_87213215.json,0.5773502691896258,,archive_episodes_json
87213721,0,3,Yushin Ito,54773249,yushin_current_top,zip,C:\Users\shiba\ptcc_pokemon_ai_buttle\data\runs\alakazam\20260724_top40_current.zip,20260724_top40_current/replays/episode_87213721.json,0.5773502691896258,,archive_episodes_json
87213737,0,3,Yushin Ito,54773249,yushin_current_top,zip,C:\Users\shiba\ptcc_pokemon_ai_buttle\data\runs\alakazam\20260724_top40_current.zip,20260724_top40_current/replays/episode_87213737.json,0.5773502691896258,,archive_episodes_json
87214787,1,3,Yushin Ito,54773249,yushin_current_top,zip,C:\Users\shiba\ptcc_pokemon_ai_buttle\data\runs\alakazam\20260724_top40_current.zip,20260724_top40_current/replays/episode_87214787.json,0.5773502691896258,,archive_episodes_json
87215325,0,3,Yushin Ito,54773249,yushin_current_top,zip,C:\Users\shiba\ptcc_pokemon_ai_buttle\data\runs\alakazam\20260724_top40_current.zip,20260724_top40_current/replays/episode_87215325.json,0.5773502691896258,,archive_episodes_json
87215868,0,3,Yushin Ito,54773249,yushin_current_top,zip,C:\Users\shiba\ptcc_pokemon_ai_buttle\data\runs\alakazam\20260724_top40_current.zip,20260724_top40_current/replays/episode_87215868.json,0.5773502691896258,,archive_episodes_json
87215871,1,3,Yushin Ito,54773249,yushin_current_top,zip,C:\Users\shiba\ptcc_pokemon_ai_buttle\data\runs\alakazam\20260724_top40_current.zip,20260724_top40_current/replays/episode_87215871.json,0.5773502691896258,,archive_episodes_json
87216410,0,3,Yushin Ito,54773249,yushin_current_top,zip,C:\Users\shiba\ptcc_pokemon_ai_buttle\data\runs\alakazam\20260724_top40_current.zip,20260724_top40_current/replays/episode_87216410.json,0.5773502691896258,,archive_episodes_json
87216419,1,3,Yushin Ito,54773249,yushin_current_top,zip,C:\Users\shiba\ptcc_pokemon_ai_buttle\data\runs\alakazam\20260724_top40_current.zip,20260724_top40_current/replays/episode_87216419.json,0.5773502691896258,,archive_episodes_json
87216962,1,3,Yushin Ito,54773249,yushin_current_top,zip,C:\Users\shiba\ptcc_pokemon_ai_buttle\data\runs\alakazam\20260724_top40_current.zip,20260724_top40_current/replays/episode_87216962.json,0.5773502691896258,,archive_episodes_json
87217500,0,3,Yushin Ito,54773249,yushin_current_top,zip,C:\Users\shiba\ptcc_pokemon_ai_buttle\data\runs\alakazam\20260724_top40_current.zip,20260724_top40_current/replays/episode_87217500.json,0.5773502691896258,,archive_episodes_json
87218596,1,3,Yushin Ito,54773249,yushin_current_top,zip,C:\Users\shiba\ptcc_pokemon_ai_buttle\data\runs\alakazam\20260724_top40_current.zip,20260724_top40_current/replays/episode_87218596.json,0.5773502691896258,,archive_episodes_json
87218614,1,3,Yushin Ito,54773249,yushin_current_top,zip,C:\Users\shiba\ptcc_pokemon_ai_buttle\data\runs\alakazam\20260724_top40_current.zip,20260724_top40_current/replays/episode_87218614.json,0.5773502691896258,,archive_episodes_json
87219156,0,3,Yushin Ito,54773249,yushin_current_top,zip,C:\Users\shiba\ptcc_pokemon_ai_buttle\data\runs\alakazam\20260724_top40_current.zip,20260724_top40_current/replays/episode_87219156.json,0.5773502691896258,,archive_episodes_json
87220254,1,3,Yushin Ito,54773249,yushin_current_top,zip,C:\Users\shiba\ptcc_pokemon_ai_buttle\data\runs\alakazam\20260724_top40_current.zip,20260724_top40_current/replays/episode_87220254.json,0.5773502691896258,,archive_episodes_json
87220786,0,3,Yushin Ito,54773249,yushin_current_top,zip,C:\Users\shiba\ptcc_pokemon_ai_buttle\data\runs\alakazam\20260724_top40_current.zip,20260724_top40_current/replays/episode_87220786.json,0.5773502691896258,,archive_episodes_json
87220794,1,3,Yushin Ito,54773249,yushin_current_top,zip,C:\Users\shiba\ptcc_pokemon_ai_buttle\data\runs\alakazam\20260724_top40_current.zip,20260724_top40_current/replays/episode_87220794.json,0.5773502691896258,,archive_episodes_json
87221319,1,3,Yushin Ito,54773249,yushin_current_top,zip,C:\Users\shiba\ptcc_pokemon_ai_buttle\data\runs\alakazam\20260724_top40_current.zip,20260724_top40_current/replays/episode_87221319.json,0.5773502691896258,,archive_episodes_json
87221323,0,3,Yushin Ito,54773249,yushin_current_top,zip,C:\Users\shiba\ptcc_pokemon_ai_buttle\data\runs\alakazam\20260724_top40_current.zip,20260724_top40_current/replays/episode_87221323.json,0.5773502691896258,,archive_episodes_json
87345082,1,3,Yushin Ito,54773249,yushin_current_top,zip,C:\Users\shiba\ptcc_pokemon_ai_buttle\data\runs\alakazam\20260724_top40_current.zip,20260724_top40_current/replays/episode_87345082.json,0.5773502691896258,,archive_episodes_json
87392464,0,3,Yushin Ito,54773249,yushin_current_top,zip,C:\Users\shiba\ptcc_pokemon_ai_buttle\data\runs\alakazam\20260724_top40_current.zip,20260724_top40_current/replays/episode_87392464.json,0.5773502691896258,,archive_episodes_json
87394601,0,3,Yushin Ito,54773249,yushin_current_top,zip,C:\Users\shiba\ptcc_pokemon_ai_buttle\data\runs\alakazam\20260724_top40_current.zip,20260724_top40_current/replays/episode_87394601.json,0.5773502691896258,,archive_episodes_json
87404256,1,3,Yushin Ito,54773249,yushin_current_top,zip,C:\Users\shiba\ptcc_pokemon_ai_buttle\data\runs\alakazam\20260724_top40_current.zip,20260724_top40_current/replays/episode_87404256.json,0.5773502691896258,,archive_episodes_json
87427114,0,3,Yushin Ito,54773249,yushin_current_top,zip,C:\Users\shiba\ptcc_pokemon_ai_buttle\data\runs\alakazam\20260724_top40_current.zip,20260724_top40_current/replays/episode_87427114.json,0.5773502691896258,,archive_episodes_json
87526277,1,3,Yushin Ito,54773249,yushin_current_top,zip,C:\Users\shiba\ptcc_pokemon_ai_buttle\data\runs\alakazam\20260724_top40_current.zip,20260724_top40_current/replays/episode_87526277.json,0.5773502691896258,,archive_episodes_json
87545998,0,3,Yushin Ito,54773249,yushin_current_top,zip,C:\Users\shiba\ptcc_pokemon_ai_buttle\data\runs\alakazam\20260724_top40_current.zip,20260724_top40_current/replays/episode_87545998.json,0.5773502691896258,,archive_episodes_json
87618023,0,3,Yushin Ito,54773249,yushin_current_top,zip,C:\Users\shiba\ptcc_pokemon_ai_buttle\data\runs\alakazam\20260724_top40_current.zip,20260724_top40_current/replays/episode_87618023.json,0.5773502691896258,,archive_episodes_json
87645970,0,3,Yushin Ito,54773249,yushin_current_top,zip,C:\Users\shiba\ptcc_pokemon_ai_buttle\data\runs\alakazam\20260724_top40_current.zip,20260724_top40_current/replays/episode_87645970.json,0.5773502691896258,,archive_episodes_json
87647564,1,3,Yushin Ito,54773249,yushin_20260726,zip,C:\Users\shiba\ptcc_pokemon_ai_buttle\data\runs\leaderboard_top50\alakazam\20260726_yushin_ito.zip,20260726_yushin_ito/episodes/87647564/replay/episode_87647564.json,0.5773502691896258,,validated_teacher_index
87648097,1,3,Yushin Ito,54773249,yushin_20260726,zip,C:\Users\shiba\ptcc_pokemon_ai_buttle\data\runs\leaderboard_top50\alakazam\20260726_yushin_ito.zip,20260726_yushin_ito/episodes/87648097/replay/episode_87648097.json,0.5773502691896258,,validated_teacher_index
87648613,0,3,Yushin Ito,54773249,yushin_20260726,zip,C:\Users\shiba\ptcc_pokemon_ai_buttle\data\runs\leaderboard_top50\alakazam\20260726_yushin_ito.zip,20260726_yushin_ito/episodes/87648613/replay/episode_87648613.json,0.5773502691896258,,validated_teacher_index
87649149,0,3,Yushin Ito,54773249,yushin_20260726,zip,C:\Users\shiba\ptcc_pokemon_ai_buttle\data\runs\leaderboard_top50\alakazam\20260726_yushin_ito.zip,20260726_yushin_ito/episodes/87649149/replay/episode_87649149.json,0.5773502691896258,,validated_teacher_index
87649157,0,3,Yushin Ito,54773249,yushin_20260726,zip,C:\Users\shiba\ptcc_pokemon_ai_buttle\data\runs\leaderboard_top50\alakazam\20260726_yushin_ito.zip,20260726_yushin_ito/episodes/87649157/replay/episode_87649157.json,0.5773502691896258,,validated_teacher_index
87649231,0,3,Yushin Ito,54773249,yushin_20260726,zip,C:\Users\shiba\ptcc_pokemon_ai_buttle\data\runs\leaderboard_top50\alakazam\20260726_yushin_ito.zip,20260726_yushin_ito/episodes/87649231/replay/episode_87649231.json,0.5773502691896258,,validated_teacher_index
87649674,1,3,Yushin Ito,54773249,yushin_20260726,zip,C:\Users\shiba\ptcc_pokemon_ai_buttle\data\runs\leaderboard_top50\alakazam\20260726_yushin_ito.zip,20260726_yushin_ito/episodes/87649674/replay/episode_87649674.json,0.5773502691896258,,validated_teacher_index
87650203,1,3,Yushin Ito,54773249,yushin_20260726,zip,C:\Users\shiba\ptcc_pokemon_ai_buttle\data\runs\leaderboard_top50\alakazam\20260726_yushin_ito.zip,20260726_yushin_ito/episodes/87650203/replay/episode_87650203.json,0.5773502691896258,,validated_teacher_index
87650738,0,3,Yushin Ito,54773249,yushin_20260726,zip,C:\Users\shiba\ptcc_pokemon_ai_buttle\data\runs\leaderboard_top50\alakazam\20260726_yushin_ito.zip,20260726_yushin_ito/episodes/87650738/replay/episode_87650738.json,0.5773502691896258,,validated_teacher_index
87651287,1,3,Yushin Ito,54773249,yushin_20260726,zip,C:\Users\shiba\ptcc_pokemon_ai_buttle\data\runs\leaderboard_top50\alakazam\20260726_yushin_ito.zip,20260726_yushin_ito/episodes/87651287/replay/episode_87651287.json,0.5773502691896258,,validated_teacher_index
87651801,1,3,Yushin Ito,54773249,yushin_20260726,zip,C:\Users\shiba\ptcc_pokemon_ai_buttle\data\runs\leaderboard_top50\alakazam\20260726_yushin_ito.zip,20260726_yushin_ito/episodes/87651801/replay/episode_87651801.json,0.5773502691896258,,validated_teacher_index
87652332,1,3,Yushin Ito,54773249,yushin_20260726,zip,C:\Users\shiba\ptcc_pokemon_ai_buttle\data\runs\leaderboard_top50\alakazam\20260726_yushin_ito.zip,20260726_yushin_ito/episodes/87652332/replay/episode_87652332.json,0.5773502691896258,,validated_teacher_index
87652863,0,3,Yushin Ito,54773249,yushin_20260726,zip,C:\Users\shiba\ptcc_pokemon_ai_buttle\data\runs\leaderboard_top50\alakazam\20260726_yushin_ito.zip,20260726_yushin_ito/episodes/87652863/replay/episode_87652863.json,0.5773502691896258,,validated_teacher_index
87653403,0,3,Yushin Ito,54773249,yushin_20260726,zip,C:\Users\shiba\ptcc_pokemon_ai_buttle\data\runs\leaderboard_top50\alakazam\20260726_yushin_ito.zip,20260726_yushin_ito/episodes/87653403/replay/episode_87653403.json,0.5773502691896258,,validated_teacher_index
87653921,0,3,Yushin Ito,54773249,yushin_20260726,zip,C:\Users\shiba\ptcc_pokemon_ai_buttle\data\runs\leaderboard_top50\alakazam\20260726_yushin_ito.zip,20260726_yushin_ito/episodes/87653921/replay/episode_87653921.json,0.5773502691896258,,validated_teacher_index
87654448,0,3,Yushin Ito,54773249,yushin_20260726,zip,C:\Users\shiba\ptcc_pokemon_ai_buttle\data\runs\leaderboard_top50\alakazam\20260726_yushin_ito.zip,20260726_yushin_ito/episodes/87654448/replay/episode_87654448.json,0.5773502691896258,,validated_teacher_index
87654962,1,3,Yushin Ito,54773249,yushin_20260726,zip,C:\Users\shiba\ptcc_pokemon_ai_buttle\data\runs\leaderboard_top50\alakazam\20260726_yushin_ito.zip,20260726_yushin_ito/episodes/87654962/replay/episode_87654962.json,0.5773502691896258,,validated_teacher_index
87655487,0,3,Yushin Ito,54773249,yushin_20260726,zip,C:\Users\shiba\ptcc_pokemon_ai_buttle\data\runs\leaderboard_top50\alakazam\20260726_yushin_ito.zip,20260726_yushin_ito/episodes/87655487/replay/episode_87655487.json,0.5773502691896258,,validated_teacher_index
87656010,1,3,Yushin Ito,54773249,yushin_20260726,zip,C:\Users\shiba\ptcc_pokemon_ai_buttle\data\runs\leaderboard_top50\alakazam\20260726_yushin_ito.zip,20260726_yushin_ito/episodes/87656010/replay/episode_87656010.json,0.5773502691896258,,validated_teacher_index
87656561,1,3,Yushin Ito,54773249,yushin_20260726,zip,C:\Users\shiba\ptcc_pokemon_ai_buttle\data\runs\leaderboard_top50\alakazam\20260726_yushin_ito.zip,20260726_yushin_ito/episodes/87656561/replay/episode_87656561.json,0.5773502691896258,,validated_teacher_index
87657053,1,3,Yushin Ito,54773249,yushin_20260726,zip,C:\Users\shiba\ptcc_pokemon_ai_buttle\data\runs\leaderboard_top50\alakazam\20260726_yushin_ito.zip,20260726_yushin_ito/episodes/87657053/replay/episode_87657053.json,0.5773502691896258,,validated_teacher_index
87657058,0,3,Yushin Ito,54773249,yushin_20260726,zip,C:\Users\shiba\ptcc_pokemon_ai_buttle\data\runs\leaderboard_top50\alakazam\20260726_yushin_ito.zip,20260726_yushin_ito/episodes/87657058/replay/episode_87657058.json,0.5773502691896258,,validated_teacher_index
87657072,0,3,Yushin Ito,54773249,yushin_20260726,zip,C:\Users\shiba\ptcc_pokemon_ai_buttle\data\runs\leaderboard_top50\alakazam\20260726_yushin_ito.zip,20260726_yushin_ito/episodes/87657072/replay/episode_87657072.json,0.5773502691896258,,validated_teacher_index
87657149,0,3,Yushin Ito,54773249,yushin_20260726,zip,C:\Users\shiba\ptcc_pokemon_ai_buttle\data\runs\leaderboard_top50\alakazam\20260726_yushin_ito.zip,20260726_yushin_ito/episodes/87657149/replay/episode_87657149.json,0.5773502691896258,,validated_teacher_index
87657625,0,3,Yushin Ito,54773249,yushin_20260726,zip,C:\Users\shiba\ptcc_pokemon_ai_buttle\data\runs\leaderboard_top50\alakazam\20260726_yushin_ito.zip,20260726_yushin_ito/episodes/87657625/replay/episode_87657625.json,0.5773502691896258,,validated_teacher_index
87658193,1,3,Yushin Ito,54773249,yushin_20260726,zip,C:\Users\shiba\ptcc_pokemon_ai_buttle\data\runs\leaderboard_top50\alakazam\20260726_yushin_ito.zip,20260726_yushin_ito/episodes/87658193/replay/episode_87658193.json,0.5773502691896258,,validated_teacher_index
87658692,1,3,Yushin Ito,54773249,yushin_20260726,zip,C:\Users\shiba\ptcc_pokemon_ai_buttle\data\runs\leaderboard_top50\alakazam\20260726_yushin_ito.zip,20260726_yushin_ito/episodes/87658692/replay/episode_87658692.json,0.5773502691896258,,validated_teacher_index
87659222,1,3,Yushin Ito,54773249,yushin_20260726,zip,C:\Users\shiba\ptcc_pokemon_ai_buttle\data\runs\leaderboard_top50\alakazam\20260726_yushin_ito.zip,20260726_yushin_ito/episodes/87659222/replay/episode_87659222.json,0.5773502691896258,,validated_teacher_index
87659712,0,3,Yushin Ito,54773249,yushin_20260726,zip,C:\Users\shiba\ptcc_pokemon_ai_buttle\data\runs\leaderboard_top50\alakazam\20260726_yushin_ito.zip,20260726_yushin_ito/episodes/87659712/replay/episode_87659712.json,0.5773502691896258,,validated_teacher_index
87659742,0,3,Yushin Ito,54773249,yushin_20260726,zip,C:\Users\shiba\ptcc_pokemon_ai_buttle\data\runs\leaderboard_top50\alakazam\20260726_yushin_ito.zip,20260726_yushin_ito/episodes/87659742/replay/episode_87659742.json,0.5773502691896258,,validated_teacher_index
87660225,1,3,Yushin Ito,54773249,yushin_20260726,zip,C:\Users\shiba\ptcc_pokemon_ai_buttle\data\runs\leaderboard_top50\alakazam\20260726_yushin_ito.zip,20260726_yushin_ito/episodes/87660225/replay/episode_87660225.json,0.5773502691896258,,validated_teacher_index
87660235,0,3,Yushin Ito,54773249,yushin_20260726,zip,C:\Users\shiba\ptcc_pokemon_ai_buttle\data\runs\leaderboard_top50\alakazam\20260726_yushin_ito.zip,20260726_yushin_ito/episodes/87660235/replay/episode_87660235.json,0.5773502691896258,,validated_teacher_index
87660737,0,3,Yushin Ito,54773249,yushin_20260726,zip,C:\Users\shiba\ptcc_pokemon_ai_buttle\data\runs\leaderboard_top50\alakazam\20260726_yushin_ito.zip,20260726_yushin_ito/episodes/87660737/replay/episode_87660737.json,0.5773502691896258,,validated_teacher_index
87661290,0,3,Yushin Ito,54773249,yushin_20260726,zip,C:\Users\shiba\ptcc_pokemon_ai_buttle\data\runs\leaderboard_top50\alakazam\20260726_yushin_ito.zip,20260726_yushin_ito/episodes/87661290/replay/episode_87661290.json,0.5773502691896258,,validated_teacher_index
87661841,0,3,Yushin Ito,54773249,yushin_20260726,zip,C:\Users\shiba\ptcc_pokemon_ai_buttle\data\runs\leaderboard_top50\alakazam\20260726_yushin_ito.zip,20260726_yushin_ito/episodes/87661841/replay/episode_87661841.json,0.5773502691896258,,validated_teacher_index
87662391,1,3,Yushin Ito,54773249,yushin_20260726,zip,C:\Users\shiba\ptcc_pokemon_ai_buttle\data\runs\leaderboard_top50\alakazam\20260726_yushin_ito.zip,20260726_yushin_ito/episodes/87662391/replay/episode_87662391.json,0.5773502691896258,,validated_teacher_index
87662889,0,3,Yushin Ito,54773249,yushin_20260726,zip,C:\Users\shiba\ptcc_pokemon_ai_buttle\data\runs\leaderboard_top50\alakazam\20260726_yushin_ito.zip,20260726_yushin_ito/episodes/87662889/replay/episode_87662889.json,0.5773502691896258,,validated_teacher_index
87663408,1,3,Yushin Ito,54773249,yushin_20260726,zip,C:\Users\shiba\ptcc_pokemon_ai_buttle\data\runs\leaderboard_top50\alakazam\20260726_yushin_ito.zip,20260726_yushin_ito/episodes/87663408/replay/episode_87663408.json,0.5773502691896258,,validated_teacher_index
87663971,1,3,Yushin Ito,54773249,yushin_20260726,zip,C:\Users\shiba\ptcc_pokemon_ai_buttle\data\runs\leaderboard_top50\alakazam\20260726_yushin_ito.zip,20260726_yushin_ito/episodes/87663971/replay/episode_87663971.json,0.5773502691896258,,validated_teacher_index
87664486,1,3,Yushin Ito,54773249,yushin_20260726,zip,C:\Users\shiba\ptcc_pokemon_ai_buttle\data\runs\leaderboard_top50\alakazam\20260726_yushin_ito.zip,20260726_yushin_ito/episodes/87664486/replay/episode_87664486.json,0.5773502691896258,,validated_teacher_index
87668237,0,3,Yushin Ito,54773249,yushin_20260726,zip,C:\Users\shiba\ptcc_pokemon_ai_buttle\data\runs\leaderboard_top50\alakazam\20260726_yushin_ito.zip,20260726_yushin_ito/episodes/87668237/replay/episode_87668237.json,0.5773502691896258,,validated_teacher_index
87672464,0,3,Yushin Ito,54773249,yushin_20260726,zip,C:\Users\shiba\ptcc_pokemon_ai_buttle\data\runs\leaderboard_top50\alakazam\20260726_yushin_ito.zip,20260726_yushin_ito/episodes/87672464/replay/episode_87672464.json,0.5773502691896258,,validated_teacher_index
87679064,0,3,Yushin Ito,54773249,yushin_20260726,zip,C:\Users\shiba\ptcc_pokemon_ai_buttle\data\runs\leaderboard_top50\alakazam\20260726_yushin_ito.zip,20260726_yushin_ito/episodes/87679064/replay/episode_87679064.json,0.5773502691896258,,validated_teacher_index
87679627,0,3,Yushin Ito,54773249,yushin_20260726,zip,C:\Users\shiba\ptcc_pokemon_ai_buttle\data\runs\leaderboard_top50\alakazam\20260726_yushin_ito.zip,20260726_yushin_ito/episodes/87679627/replay/episode_87679627.json,0.5773502691896258,,validated_teacher_index
87690862,1,3,Yushin Ito,54773249,yushin_20260726,zip,C:\Users\shiba\ptcc_pokemon_ai_buttle\data\runs\leaderboard_top50\alakazam\20260726_yushin_ito.zip,20260726_yushin_ito/episodes/87690862/replay/episode_87690862.json,0.5773502691896258,,validated_teacher_index
87690967,0,3,Yushin Ito,54773249,yushin_20260726,zip,C:\Users\shiba\ptcc_pokemon_ai_buttle\data\runs\leaderboard_top50\alakazam\20260726_yushin_ito.zip,20260726_yushin_ito/episodes/87690967/replay/episode_87690967.json,0.5773502691896258,,validated_teacher_index
87693480,0,3,Yushin Ito,54773249,yushin_20260726,zip,C:\Users\shiba\ptcc_pokemon_ai_buttle\data\runs\leaderboard_top50\alakazam\20260726_yushin_ito.zip,20260726_yushin_ito/episodes/87693480/replay/episode_87693480.json,0.5773502691896258,,validated_teacher_index
87700738,0,3,Yushin Ito,54773249,yushin_20260726,zip,C:\Users\shiba\ptcc_pokemon_ai_buttle\data\runs\leaderboard_top50\alakazam\20260726_yushin_ito.zip,20260726_yushin_ito/episodes/87700738/replay/episode_87700738.json,0.5773502691896258,,validated_teacher_index
87701760,0,3,Yushin Ito,54773249,yushin_20260726,zip,C:\Users\shiba\ptcc_pokemon_ai_buttle\data\runs\leaderboard_top50\alakazam\20260726_yushin_ito.zip,20260726_yushin_ito/episodes/87701760/replay/episode_87701760.json,0.5773502691896258,,validated_teacher_index
87705462,0,3,Yushin Ito,54773249,yushin_20260726,zip,C:\Users\shiba\ptcc_pokemon_ai_buttle\data\runs\leaderboard_top50\alakazam\20260726_yushin_ito.zip,20260726_yushin_ito/episodes/87705462/replay/episode_87705462.json,0.5773502691896258,,validated_teacher_index
87707113,0,3,Yushin Ito,54773249,yushin_20260726,zip,C:\Users\shiba\ptcc_pokemon_ai_buttle\data\runs\leaderboard_top50\alakazam\20260726_yushin_ito.zip,20260726_yushin_ito/episodes/87707113/replay/episode_87707113.json,0.5773502691896258,,validated_teacher_index
87707610,1,3,Yushin Ito,54773249,yushin_20260726,zip,C:\Users\shiba\ptcc_pokemon_ai_buttle\data\runs\leaderboard_top50\alakazam\20260726_yushin_ito.zip,20260726_yushin_ito/episodes/87707610/replay/episode_87707610.json,0.5773502691896258,,validated_teacher_index
87708160,0,3,Yushin Ito,54773249,yushin_20260726,zip,C:\Users\shiba\ptcc_pokemon_ai_buttle\data\runs\leaderboard_top50\alakazam\20260726_yushin_ito.zip,20260726_yushin_ito/episodes/87708160/replay/episode_87708160.json,0.5773502691896258,,validated_teacher_index
87708643,0,3,Yushin Ito,54773249,yushin_20260726,zip,C:\Users\shiba\ptcc_pokemon_ai_buttle\data\runs\leaderboard_top50\alakazam\20260726_yushin_ito.zip,20260726_yushin_ito/episodes/87708643/replay/episode_87708643.json,0.5773502691896258,,validated_teacher_index
87709155,1,3,Yushin Ito,54773249,yushin_20260726,zip,C:\Users\shiba\ptcc_pokemon_ai_buttle\data\runs\leaderboard_top50\alakazam\20260726_yushin_ito.zip,20260726_yushin_ito/episodes/87709155/replay/episode_87709155.json,0.5773502691896258,,validated_teacher_index
87709675,0,3,Yushin Ito,54773249,yushin_20260726,zip,C:\Users\shiba\ptcc_pokemon_ai_buttle\data\runs\leaderboard_top50\alakazam\20260726_yushin_ito.zip,20260726_yushin_ito/episodes/87709675/replay/episode_87709675.json,0.5773502691896258,,validated_teacher_index
87710201,0,3,Yushin Ito,54773249,yushin_20260726,zip,C:\Users\shiba\ptcc_pokemon_ai_buttle\data\runs\leaderboard_top50\alakazam\20260726_yushin_ito.zip,20260726_yushin_ito/episodes/87710201/replay/episode_87710201.json,0.5773502691896258,,validated_teacher_index
87710722,1,3,Yushin Ito,54773249,yushin_20260726,zip,C:\Users\shiba\ptcc_pokemon_ai_buttle\data\runs\leaderboard_top50\alakazam\20260726_yushin_ito.zip,20260726_yushin_ito/episodes/87710722/replay/episode_87710722.json,0.5773502691896258,,validated_teacher_index
87711252,0,3,Yushin Ito,54773249,yushin_20260726,zip,C:\Users\shiba\ptcc_pokemon_ai_buttle\data\runs\leaderboard_top50\alakazam\20260726_yushin_ito.zip,20260726_yushin_ito/episodes/87711252/replay/episode_87711252.json,0.5773502691896258,,validated_teacher_index
87711775,1,3,Yushin Ito,54773249,yushin_20260726,zip,C:\Users\shiba\ptcc_pokemon_ai_buttle\data\runs\leaderboard_top50\alakazam\20260726_yushin_ito.zip,20260726_yushin_ito/episodes/87711775/replay/episode_87711775.json,0.5773502691896258,,validated_teacher_index
87712305,1,3,Yushin Ito,54773249,yushin_20260726,zip,C:\Users\shiba\ptcc_pokemon_ai_buttle\data\runs\leaderboard_top50\alakazam\20260726_yushin_ito.zip,20260726_yushin_ito/episodes/87712305/replay/episode_87712305.json,0.5773502691896258,,validated_teacher_index
87712842,1,3,Yushin Ito,54773249,yushin_20260726,zip,C:\Users\shiba\ptcc_pokemon_ai_buttle\data\runs\leaderboard_top50\alakazam\20260726_yushin_ito.zip,20260726_yushin_ito/episodes/87712842/replay/episode_87712842.json,0.5773502691896258,,validated_teacher_index
87713351,1,3,Yushin Ito,54773249,yushin_20260726,zip,C:\Users\shiba\ptcc_pokemon_ai_buttle\data\runs\leaderboard_top50\alakazam\20260726_yushin_ito.zip,20260726_yushin_ito/episodes/87713351/replay/episode_87713351.json,0.5773502691896258,,validated_teacher_index
87713878,0,3,Yushin Ito,54773249,yushin_20260726,zip,C:\Users\shiba\ptcc_pokemon_ai_buttle\data\runs\leaderboard_top50\alakazam\20260726_yushin_ito.zip,20260726_yushin_ito/episodes/87713878/replay/episode_87713878.json,0.5773502691896258,,validated_teacher_index
87713934,1,3,Yushin Ito,54773249,yushin_20260726,zip,C:\Users\shiba\ptcc_pokemon_ai_buttle\data\runs\leaderboard_top50\alakazam\20260726_yushin_ito.zip,20260726_yushin_ito/episodes/87713934/replay/episode_87713934.json,0.5773502691896258,,validated_teacher_index
87714400,0,3,Yushin Ito,54773249,yushin_20260726,zip,C:\Users\shiba\ptcc_pokemon_ai_buttle\data\runs\leaderboard_top50\alakazam\20260726_yushin_ito.zip,20260726_yushin_ito/episodes/87714400/replay/episode_87714400.json,0.5773502691896258,,validated_teacher_index
87714406,1,3,Yushin Ito,54773249,yushin_20260726,zip,C:\Users\shiba\ptcc_pokemon_ai_buttle\data\runs\leaderboard_top50\alakazam\20260726_yushin_ito.zip,20260726_yushin_ito/episodes/87714406/replay/episode_87714406.json,0.5773502691896258,,validated_teacher_index
87714936,0,3,Yushin Ito,54773249,yushin_20260726,zip,C:\Users\shiba\ptcc_pokemon_ai_buttle\data\runs\leaderboard_top50\alakazam\20260726_yushin_ito.zip,20260726_yushin_ito/episodes/87714936/replay/episode_87714936.json,0.5773502691896258,,validated_teacher_index
87715410,1,3,Yushin Ito,54773249,yushin_20260726,zip,C:\Users\shiba\ptcc_pokemon_ai_buttle\data\runs\leaderboard_top50\alakazam\20260726_yushin_ito.zip,20260726_yushin_ito/episodes/87715410/replay/episode_87715410.json,0.5773502691896258,,validated_teacher_index
87715471,0,3,Yushin Ito,54773249,yushin_20260726,zip,C:\Users\shiba\ptcc_pokemon_ai_buttle\data\runs\leaderboard_top50\alakazam\20260726_yushin_ito.zip,20260726_yushin_ito/episodes/87715471/replay/episode_87715471.json,0.5773502691896258,,validated_teacher_index
87715994,0,3,Yushin Ito,54773249,yushin_20260726,zip,C:\Users\shiba\ptcc_pokemon_ai_buttle\data\runs\leaderboard_top50\alakazam\20260726_yushin_ito.zip,20260726_yushin_ito/episodes/87715994/replay/episode_87715994.json,0.5773502691896258,,validated_teacher_index
87716008,1,3,Yushin Ito,54773249,yushin_20260726,zip,C:\Users\shiba\ptcc_pokemon_ai_buttle\data\runs\leaderboard_top50\alakazam\20260726_yushin_ito.zip,20260726_yushin_ito/episodes/87716008/replay/episode_87716008.json,0.5773502691896258,,validated_teacher_index
87716534,0,3,Yushin Ito,54773249,yushin_20260726,zip,C:\Users\shiba\ptcc_pokemon_ai_buttle\data\runs\leaderboard_top50\alakazam\20260726_yushin_ito.zip,20260726_yushin_ito/episodes/87716534/replay/episode_87716534.json,0.5773502691896258,,validated_teacher_index
87717045,1,3,Yushin Ito,54773249,yushin_20260726,zip,C:\Users\shiba\ptcc_pokemon_ai_buttle\data\runs\leaderboard_top50\alakazam\20260726_yushin_ito.zip,20260726_yushin_ito/episodes/87717045/replay/episode_87717045.json,0.5773502691896258,,validated_teacher_index
87717566,1,3,Yushin Ito,54773249,yushin_20260726,zip,C:\Users\shiba\ptcc_pokemon_ai_buttle\data\runs\leaderboard_top50\alakazam\20260726_yushin_ito.zip,20260726_yushin_ito/episodes/87717566/replay/episode_87717566.json,0.5773502691896258,,validated_teacher_index
87717567,1,3,Yushin Ito,54773249,yushin_20260726,zip,C:\Users\shiba\ptcc_pokemon_ai_buttle\data\runs\leaderboard_top50\alakazam\20260726_yushin_ito.zip,20260726_yushin_ito/episodes/87717567/replay/episode_87717567.json,0.5773502691896258,,validated_teacher_index
87718059,0,3,Yushin Ito,54773249,yushin_20260726,zip,C:\Users\shiba\ptcc_pokemon_ai_buttle\data\runs\leaderboard_top50\alakazam\20260726_yushin_ito.zip,20260726_yushin_ito/episodes/87718059/replay/episode_87718059.json,0.5773502691896258,,validated_teacher_index
87718578,1,3,Yushin Ito,54773249,yushin_20260726,zip,C:\Users\shiba\ptcc_pokemon_ai_buttle\data\runs\leaderboard_top50\alakazam\20260726_yushin_ito.zip,20260726_yushin_ito/episodes/87718578/replay/episode_87718578.json,0.5773502691896258,,validated_teacher_index
87718608,1,3,Yushin Ito,54773249,yushin_20260726,zip,C:\Users\shiba\ptcc_pokemon_ai_buttle\data\runs\leaderboard_top50\alakazam\20260726_yushin_ito.zip,20260726_yushin_ito/episodes/87718608/replay/episode_87718608.json,0.5773502691896258,,validated_teacher_index
87718617,0,3,Yushin Ito,54773249,yushin_20260726,zip,C:\Users\shiba\ptcc_pokemon_ai_buttle\data\runs\leaderboard_top50\alakazam\20260726_yushin_ito.zip,20260726_yushin_ito/episodes/87718617/replay/episode_87718617.json,0.5773502691896258,,validated_teacher_index
87719127,0,3,Yushin Ito,54773249,yushin_20260726,zip,C:\Users\shiba\ptcc_pokemon_ai_buttle\data\runs\leaderboard_top50\alakazam\20260726_yushin_ito.zip,20260726_yushin_ito/episodes/87719127/replay/episode_87719127.json,0.5773502691896258,,validated_teacher_index
87719525,0,3,Yushin Ito,54773249,yushin_20260726,zip,C:\Users\shiba\ptcc_pokemon_ai_buttle\data\runs\leaderboard_top50\alakazam\20260726_yushin_ito.zip,20260726_yushin_ito/episodes/87719525/replay/episode_87719525.json,0.5773502691896258,,validated_teacher_index
87719637,1,3,Yushin Ito,54773249,yushin_20260726,zip,C:\Users\shiba\ptcc_pokemon_ai_buttle\data\runs\leaderboard_top50\alakazam\20260726_yushin_ito.zip,20260726_yushin_ito/episodes/87719637/replay/episode_87719637.json,0.5773502691896258,,validated_teacher_index
87720102,1,3,Yushin Ito,54773249,yushin_20260726,zip,C:\Users\shiba\ptcc_pokemon_ai_buttle\data\runs\leaderboard_top50\alakazam\20260726_yushin_ito.zip,20260726_yushin_ito/episodes/87720102/replay/episode_87720102.json,0.5773502691896258,,validated_teacher_index
87720158,1,3,Yushin Ito,54773249,yushin_20260726,zip,C:\Users\shiba\ptcc_pokemon_ai_buttle\data\runs\leaderboard_top50\alakazam\20260726_yushin_ito.zip,20260726_yushin_ito/episodes/87720158/replay/episode_87720158.json,0.5773502691896258,,validated_teacher_index
87720172,1,3,Yushin Ito,54773249,yushin_20260726,zip,C:\Users\shiba\ptcc_pokemon_ai_buttle\data\runs\leaderboard_top50\alakazam\20260726_yushin_ito.zip,20260726_yushin_ito/episodes/87720172/replay/episode_87720172.json,0.5773502691896258,,validated_teacher_index
87720673,0,3,Yushin Ito,54773249,yushin_20260726,zip,C:\Users\shiba\ptcc_pokemon_ai_buttle\data\runs\leaderboard_top50\alakazam\20260726_yushin_ito.zip,20260726_yushin_ito/episodes/87720673/replay/episode_87720673.json,0.5773502691896258,,validated_teacher_index
87721198,1,3,Yushin Ito,54773249,yushin_20260726,zip,C:\Users\shiba\ptcc_pokemon_ai_buttle\data\runs\leaderboard_top50\alakazam\20260726_yushin_ito.zip,20260726_yushin_ito/episodes/87721198/replay/episode_87721198.json,0.5773502691896258,,validated_teacher_index
87721203,1,3,Yushin Ito,54773249,yushin_20260726,zip,C:\Users\shiba\ptcc_pokemon_ai_buttle\data\runs\leaderboard_top50\alakazam\20260726_yushin_ito.zip,20260726_yushin_ito/episodes/87721203/replay/episode_87721203.json,0.5773502691896258,,validated_teacher_index
87721720,0,3,Yushin Ito,54773249,yushin_20260726,zip,C:\Users\shiba\ptcc_pokemon_ai_buttle\data\runs\leaderboard_top50\alakazam\20260726_yushin_ito.zip,20260726_yushin_ito/episodes/87721720/replay/episode_87721720.json,0.5773502691896258,,validated_teacher_index
87721767,1,3,Yushin Ito,54773249,yushin_20260726,zip,C:\Users\shiba\ptcc_pokemon_ai_buttle\data\runs\leaderboard_top50\alakazam\20260726_yushin_ito.zip,20260726_yushin_ito/episodes/87721767/replay/episode_87721767.json,0.5773502691896258,,validated_teacher_index
87721774,1,3,Yushin Ito,54773249,yushin_20260726,zip,C:\Users\shiba\ptcc_pokemon_ai_buttle\data\runs\leaderboard_top50\alakazam\20260726_yushin_ito.zip,20260726_yushin_ito/episodes/87721774/replay/episode_87721774.json,0.5773502691896258,,validated_teacher_index
87722250,0,3,Yushin Ito,54773249,yushin_20260726,zip,C:\Users\shiba\ptcc_pokemon_ai_buttle\data\runs\leaderboard_top50\alakazam\20260726_yushin_ito.zip,20260726_yushin_ito/episodes/87722250/replay/episode_87722250.json,0.5773502691896258,,validated_teacher_index
87722763,0,3,Yushin Ito,54773249,yushin_20260726,zip,C:\Users\shiba\ptcc_pokemon_ai_buttle\data\runs\leaderboard_top50\alakazam\20260726_yushin_ito.zip,20260726_yushin_ito/episodes/87722763/replay/episode_87722763.json,0.5773502691896258,,validated_teacher_index
87722771,0,3,Yushin Ito,54773249,yushin_20260726,zip,C:\Users\shiba\ptcc_pokemon_ai_buttle\data\runs\leaderboard_top50\alakazam\20260726_yushin_ito.zip,20260726_yushin_ito/episodes/87722771/replay/episode_87722771.json,0.5773502691896258,,validated_teacher_index
87722778,0,3,Yushin Ito,54773249,yushin_20260726,zip,C:\Users\shiba\ptcc_pokemon_ai_buttle\data\runs\leaderboard_top50\alakazam\20260726_yushin_ito.zip,20260726_yushin_ito/episodes/87722778/replay/episode_87722778.json,0.5773502691896258,,validated_teacher_index
87723295,0,3,Yushin Ito,54773249,yushin_20260726,zip,C:\Users\shiba\ptcc_pokemon_ai_buttle\data\runs\leaderboard_top50\alakazam\20260726_yushin_ito.zip,20260726_yushin_ito/episodes/87723295/replay/episode_87723295.json,0.5773502691896258,,validated_teacher_index
87723819,0,3,Yushin Ito,54773249,yushin_20260726,zip,C:\Users\shiba\ptcc_pokemon_ai_buttle\data\runs\leaderboard_top50\alakazam\20260726_yushin_ito.zip,20260726_yushin_ito/episodes/87723819/replay/episode_87723819.json,0.5773502691896258,,validated_teacher_index
87724328,0,3,Yushin Ito,54773249,yushin_20260726,zip,C:\Users\shiba\ptcc_pokemon_ai_buttle\data\runs\leaderboard_top50\alakazam\20260726_yushin_ito.zip,20260726_yushin_ito/episodes/87724328/replay/episode_87724328.json,0.5773502691896258,,validated_teacher_index
87724852,0,3,Yushin Ito,54773249,yushin_20260726,zip,C:\Users\shiba\ptcc_pokemon_ai_buttle\data\runs\leaderboard_top50\alakazam\20260726_yushin_ito.zip,20260726_yushin_ito/episodes/87724852/replay/episode_87724852.json,0.5773502691896258,,validated_teacher_index
87725384,1,3,Yushin Ito,54773249,yushin_20260726,zip,C:\Users\shiba\ptcc_pokemon_ai_buttle\data\runs\leaderboard_top50\alakazam\20260726_yushin_ito.zip,20260726_yushin_ito/episodes/87725384/replay/episode_87725384.json,0.5773502691896258,,validated_teacher_index
87725415,1,3,Yushin Ito,54773249,yushin_20260726,zip,C:\Users\shiba\ptcc_pokemon_ai_buttle\data\runs\leaderboard_top50\alakazam\20260726_yushin_ito.zip,20260726_yushin_ito/episodes/87725415/replay/episode_87725415.json,0.5773502691896258,,validated_teacher_index
87725907,1,3,Yushin Ito,54773249,yushin_20260726,zip,C:\Users\shiba\ptcc_pokemon_ai_buttle\data\runs\leaderboard_top50\alakazam\20260726_yushin_ito.zip,20260726_yushin_ito/episodes/87725907/replay/episode_87725907.json,0.5773502691896258,,validated_teacher_index
87725908,0,3,Yushin Ito,54773249,yushin_20260726,zip,C:\Users\shiba\ptcc_pokemon_ai_buttle\data\runs\leaderboard_top50\alakazam\20260726_yushin_ito.zip,20260726_yushin_ito/episodes/87725908/replay/episode_87725908.json,0.5773502691896258,,validated_teacher_index
87725911,1,3,Yushin Ito,54773249,yushin_20260726,zip,C:\Users\shiba\ptcc_pokemon_ai_buttle\data\runs\leaderboard_top50\alakazam\20260726_yushin_ito.zip,20260726_yushin_ito/episodes/87725911/replay/episode_87725911.json,0.5773502691896258,,validated_teacher_index
87725943,1,3,Yushin Ito,54773249,yushin_20260726,zip,C:\Users\shiba\ptcc_pokemon_ai_buttle\data\runs\leaderboard_top50\alakazam\20260726_yushin_ito.zip,20260726_yushin_ito/episodes/87725943/replay/episode_87725943.json,0.5773502691896258,,validated_teacher_index
87725975,1,3,Yushin Ito,54773249,yushin_20260726,zip,C:\Users\shiba\ptcc_pokemon_ai_buttle\data\runs\leaderboard_top50\alakazam\20260726_yushin_ito.zip,20260726_yushin_ito/episodes/87725975/replay/episode_87725975.json,0.5773502691896258,,validated_teacher_index
87726434,0,3,Yushin Ito,54773249,yushin_20260726,zip,C:\Users\shiba\ptcc_pokemon_ai_buttle\data\runs\leaderboard_top50\alakazam\20260726_yushin_ito.zip,20260726_yushin_ito/episodes/87726434/replay/episode_87726434.json,0.5773502691896258,,validated_teacher_index
87726951,0,3,Yushin Ito,54773249,yushin_20260726,zip,C:\Users\shiba\ptcc_pokemon_ai_buttle\data\runs\leaderboard_top50\alakazam\20260726_yushin_ito.zip,20260726_yushin_ito/episodes/87726951/replay/episode_87726951.json,0.5773502691896258,,validated_teacher_index
87726956,1,3,Yushin Ito,54773249,yushin_20260726,zip,C:\Users\shiba\ptcc_pokemon_ai_buttle\data\runs\leaderboard_top50\alakazam\20260726_yushin_ito.zip,20260726_yushin_ito/episodes/87726956/replay/episode_87726956.json,0.5773502691896258,,validated_teacher_index
87727474,0,3,Yushin Ito,54773249,yushin_20260726,zip,C:\Users\shiba\ptcc_pokemon_ai_buttle\data\runs\leaderboard_top50\alakazam\20260726_yushin_ito.zip,20260726_yushin_ito/episodes/87727474/replay/episode_87727474.json,0.5773502691896258,,validated_teacher_index
87727487,1,3,Yushin Ito,54773249,yushin_20260726,zip,C:\Users\shiba\ptcc_pokemon_ai_buttle\data\runs\leaderboard_top50\alakazam\20260726_yushin_ito.zip,20260726_yushin_ito/episodes/87727487/replay/episode_87727487.json,0.5773502691896258,,validated_teacher_index
87727993,0,3,Yushin Ito,54773249,yushin_20260726,zip,C:\Users\shiba\ptcc_pokemon_ai_buttle\data\runs\leaderboard_top50\alakazam\20260726_yushin_ito.zip,20260726_yushin_ito/episodes/87727993/replay/episode_87727993.json,0.5773502691896258,,validated_teacher_index
87727994,0,3,Yushin Ito,54773249,yushin_20260726,zip,C:\Users\shiba\ptcc_pokemon_ai_buttle\data\runs\leaderboard_top50\alakazam\20260726_yushin_ito.zip,20260726_yushin_ito/episodes/87727994/replay/episode_87727994.json,0.5773502691896258,,validated_teacher_index
87728517,1,3,Yushin Ito,54773249,yushin_20260726,zip,C:\Users\shiba\ptcc_pokemon_ai_buttle\data\runs\leaderboard_top50\alakazam\20260726_yushin_ito.zip,20260726_yushin_ito/episodes/87728517/replay/episode_87728517.json,0.5773502691896258,,validated_teacher_index
87729058,1,3,Yushin Ito,54773249,yushin_20260726,zip,C:\Users\shiba\ptcc_pokemon_ai_buttle\data\runs\leaderboard_top50\alakazam\20260726_yushin_ito.zip,20260726_yushin_ito/episodes/87729058/replay/episode_87729058.json,0.5773502691896258,,validated_teacher_index
87729059,1,3,Yushin Ito,54773249,yushin_20260726,zip,C:\Users\shiba\ptcc_pokemon_ai_buttle\data\runs\leaderboard_top50\alakazam\20260726_yushin_ito.zip,20260726_yushin_ito/episodes/87729059/replay/episode_87729059.json,0.5773502691896258,,validated_teacher_index
87729595,1,3,Yushin Ito,54773249,yushin_20260726,zip,C:\Users\shiba\ptcc_pokemon_ai_buttle\data\runs\leaderboard_top50\alakazam\20260726_yushin_ito.zip,20260726_yushin_ito/episodes/87729595/replay/episode_87729595.json,0.5773502691896258,,validated_teacher_index
87730143,0,3,Yushin Ito,54773249,yushin_20260726,zip,C:\Users\shiba\ptcc_pokemon_ai_buttle\data\runs\leaderboard_top50\alakazam\20260726_yushin_ito.zip,20260726_yushin_ito/episodes/87730143/replay/episode_87730143.json,0.5773502691896258,,validated_teacher_index
87730795,0,3,Yushin Ito,54773249,yushin_20260726,zip,C:\Users\shiba\ptcc_pokemon_ai_buttle\data\runs\leaderboard_top50\alakazam\20260726_yushin_ito.zip,20260726_yushin_ito/episodes/87730795/replay/episode_87730795.json,0.5773502691896258,,validated_teacher_index
87731217,0,3,Yushin Ito,54773249,yushin_20260726,zip,C:\Users\shiba\ptcc_pokemon_ai_buttle\data\runs\leaderboard_top50\alakazam\20260726_yushin_ito.zip,20260726_yushin_ito/episodes/87731217/replay/episode_87731217.json,0.5773502691896258,,validated_teacher_index
87731732,1,3,Yushin Ito,54773249,yushin_20260726,zip,C:\Users\shiba\ptcc_pokemon_ai_buttle\data\runs\leaderboard_top50\alakazam\20260726_yushin_ito.zip,20260726_yushin_ito/episodes/87731732/replay/episode_87731732.json,0.5773502691896258,,validated_teacher_index
87732246,0,3,Yushin Ito,54773249,yushin_20260726,zip,C:\Users\shiba\ptcc_pokemon_ai_buttle\data\runs\leaderboard_top50\alakazam\20260726_yushin_ito.zip,20260726_yushin_ito/episodes/87732246/replay/episode_87732246.json,0.5773502691896258,,validated_teacher_index
87732771,1,3,Yushin Ito,54773249,yushin_20260726,zip,C:\Users\shiba\ptcc_pokemon_ai_buttle\data\runs\leaderboard_top50\alakazam\20260726_yushin_ito.zip,20260726_yushin_ito/episodes/87732771/replay/episode_87732771.json,0.5773502691896258,,validated_teacher_index
87733290,1,3,Yushin Ito,54773249,yushin_20260726,zip,C:\Users\shiba\ptcc_pokemon_ai_buttle\data\runs\leaderboard_top50\alakazam\20260726_yushin_ito.zip,20260726_yushin_ito/episodes/87733290/replay/episode_87733290.json,0.5773502691896258,,validated_teacher_index
87733902,0,3,Yushin Ito,54773249,yushin_20260726,zip,C:\Users\shiba\ptcc_pokemon_ai_buttle\data\runs\leaderboard_top50\alakazam\20260726_yushin_ito.zip,20260726_yushin_ito/episodes/87733902/replay/episode_87733902.json,0.5773502691896258,,validated_teacher_index
87734341,0,3,Yushin Ito,54773249,yushin_20260726,zip,C:\Users\shiba\ptcc_pokemon_ai_buttle\data\runs\leaderboard_top50\alakazam\20260726_yushin_ito.zip,20260726_yushin_ito/episodes/87734341/replay/episode_87734341.json,0.5773502691896258,,validated_teacher_index
87734878,1,3,Yushin Ito,54773249,yushin_20260726,zip,C:\Users\shiba\ptcc_pokemon_ai_buttle\data\runs\leaderboard_top50\alakazam\20260726_yushin_ito.zip,20260726_yushin_ito/episodes/87734878/replay/episode_87734878.json,0.5773502691896258,,validated_teacher_index
87735393,0,3,Yushin Ito,54773249,yushin_20260726,zip,C:\Users\shiba\ptcc_pokemon_ai_buttle\data\runs\leaderboard_top50\alakazam\20260726_yushin_ito.zip,20260726_yushin_ito/episodes/87735393/replay/episode_87735393.json,0.5773502691896258,,validated_teacher_index
87735422,1,3,Yushin Ito,54773249,yushin_20260726,zip,C:\Users\shiba\ptcc_pokemon_ai_buttle\data\runs\leaderboard_top50\alakazam\20260726_yushin_ito.zip,20260726_yushin_ito/episodes/87735422/replay/episode_87735422.json,0.5773502691896258,,validated_teacher_index
87735924,1,3,Yushin Ito,54773249,yushin_20260726,zip,C:\Users\shiba\ptcc_pokemon_ai_buttle\data\runs\leaderboard_top50\alakazam\20260726_yushin_ito.zip,20260726_yushin_ito/episodes/87735924/replay/episode_87735924.json,0.5773502691896258,,validated_teacher_index
87736456,0,3,Yushin Ito,54773249,yushin_20260726,zip,C:\Users\shiba\ptcc_pokemon_ai_buttle\data\runs\leaderboard_top50\alakazam\20260726_yushin_ito.zip,20260726_yushin_ito/episodes/87736456/replay/episode_87736456.json,0.5773502691896258,,validated_teacher_index
87736974,0,3,Yushin Ito,54773249,yushin_20260726,zip,C:\Users\shiba\ptcc_pokemon_ai_buttle\data\runs\leaderboard_top50\alakazam\20260726_yushin_ito.zip,20260726_yushin_ito/episodes/87736974/replay/episode_87736974.json,0.5773502691896258,,validated_teacher_index
87737492,1,3,Yushin Ito,54773249,yushin_20260726,zip,C:\Users\shiba\ptcc_pokemon_ai_buttle\data\runs\leaderboard_top50\alakazam\20260726_yushin_ito.zip,20260726_yushin_ito/episodes/87737492/replay/episode_87737492.json,0.5773502691896258,,validated_teacher_index
87738032,1,3,Yushin Ito,54773249,yushin_20260726,zip,C:\Users\shiba\ptcc_pokemon_ai_buttle\data\runs\leaderboard_top50\alakazam\20260726_yushin_ito.zip,20260726_yushin_ito/episodes/87738032/replay/episode_87738032.json,0.5773502691896258,,validated_teacher_index
87738577,1,3,Yushin Ito,54773249,yushin_20260726,zip,C:\Users\shiba\ptcc_pokemon_ai_buttle\data\runs\leaderboard_top50\alakazam\20260726_yushin_ito.zip,20260726_yushin_ito/episodes/87738577/replay/episode_87738577.json,0.5773502691896258,,validated_teacher_index
87739089,1,3,Yushin Ito,54773249,yushin_20260726,zip,C:\Users\shiba\ptcc_pokemon_ai_buttle\data\runs\leaderboard_top50\alakazam\20260726_yushin_ito.zip,20260726_yushin_ito/episodes/87739089/replay/episode_87739089.json,0.5773502691896258,,validated_teacher_index
87739630,1,3,Yushin Ito,54773249,yushin_20260726,zip,C:\Users\shiba\ptcc_pokemon_ai_buttle\data\runs\leaderboard_top50\alakazam\20260726_yushin_ito.zip,20260726_yushin_ito/episodes/87739630/replay/episode_87739630.json,0.5773502691896258,,validated_teacher_index
87740142,0,3,Yushin Ito,54773249,yushin_20260726,zip,C:\Users\shiba\ptcc_pokemon_ai_buttle\data\runs\leaderboard_top50\alakazam\20260726_yushin_ito.zip,20260726_yushin_ito/episodes/87740142/replay/episode_87740142.json,0.5773502691896258,,validated_teacher_index
87740175,1,3,Yushin Ito,54773249,yushin_20260726,zip,C:\Users\shiba\ptcc_pokemon_ai_buttle\data\runs\leaderboard_top50\alakazam\20260726_yushin_ito.zip,20260726_yushin_ito/episodes/87740175/replay/episode_87740175.json,0.5773502691896258,,validated_teacher_index
87740665,0,3,Yushin Ito,54773249,yushin_20260726,zip,C:\Users\shiba\ptcc_pokemon_ai_buttle\data\runs\leaderboard_top50\alakazam\20260726_yushin_ito.zip,20260726_yushin_ito/episodes/87740665/replay/episode_87740665.json,0.5773502691896258,,validated_teacher_index
87741204,0,3,Yushin Ito,54773249,yushin_20260726,zip,C:\Users\shiba\ptcc_pokemon_ai_buttle\data\runs\leaderboard_top50\alakazam\20260726_yushin_ito.zip,20260726_yushin_ito/episodes/87741204/replay/episode_87741204.json,0.5773502691896258,,validated_teacher_index
87741723,0,3,Yushin Ito,54773249,yushin_20260726,zip,C:\Users\shiba\ptcc_pokemon_ai_buttle\data\runs\leaderboard_top50\alakazam\20260726_yushin_ito.zip,20260726_yushin_ito/episodes/87741723/replay/episode_87741723.json,0.5773502691896258,,validated_teacher_index
87741724,0,3,Yushin Ito,54773249,yushin_20260726,zip,C:\Users\shiba\ptcc_pokemon_ai_buttle\data\runs\leaderboard_top50\alakazam\20260726_yushin_ito.zip,20260726_yushin_ito/episodes/87741724/replay/episode_87741724.json,0.5773502691896258,,validated_teacher_index
87742265,1,3,Yushin Ito,54773249,yushin_20260726,zip,C:\Users\shiba\ptcc_pokemon_ai_buttle\data\runs\leaderboard_top50\alakazam\20260726_yushin_ito.zip,20260726_yushin_ito/episodes/87742265/replay/episode_87742265.json,0.5773502691896258,,validated_teacher_index
87742782,1,3,Yushin Ito,54773249,yushin_20260726,zip,C:\Users\shiba\ptcc_pokemon_ai_buttle\data\runs\leaderboard_top50\alakazam\20260726_yushin_ito.zip,20260726_yushin_ito/episodes/87742782/replay/episode_87742782.json,0.5773502691896258,,validated_teacher_index
87743309,1,3,Yushin Ito,54773249,yushin_20260726,zip,C:\Users\shiba\ptcc_pokemon_ai_buttle\data\runs\leaderboard_top50\alakazam\20260726_yushin_ito.zip,20260726_yushin_ito/episodes/87743309/replay/episode_87743309.json,0.5773502691896258,,validated_teacher_index
87743844,0,3,Yushin Ito,54773249,yushin_20260726,zip,C:\Users\shiba\ptcc_pokemon_ai_buttle\data\runs\leaderboard_top50\alakazam\20260726_yushin_ito.zip,20260726_yushin_ito/episodes/87743844/replay/episode_87743844.json,0.5773502691896258,,validated_teacher_index
87744375,1,3,Yushin Ito,54773249,yushin_20260726,zip,C:\Users\shiba\ptcc_pokemon_ai_buttle\data\runs\leaderboard_top50\alakazam\20260726_yushin_ito.zip,20260726_yushin_ito/episodes/87744375/replay/episode_87744375.json,0.5773502691896258,,validated_teacher_index
87744905,0,3,Yushin Ito,54773249,yushin_20260726,zip,C:\Users\shiba\ptcc_pokemon_ai_buttle\data\runs\leaderboard_top50\alakazam\20260726_yushin_ito.zip,20260726_yushin_ito/episodes/87744905/replay/episode_87744905.json,0.5773502691896258,,validated_teacher_index
87745428,0,3,Yushin Ito,54773249,yushin_20260726,zip,C:\Users\shiba\ptcc_pokemon_ai_buttle\data\runs\leaderboard_top50\alakazam\20260726_yushin_ito.zip,20260726_yushin_ito/episodes/87745428/replay/episode_87745428.json,0.5773502691896258,,validated_teacher_index
87745948,1,3,Yushin Ito,54773249,yushin_20260726,zip,C:\Users\shiba\ptcc_pokemon_ai_buttle\data\runs\leaderboard_top50\alakazam\20260726_yushin_ito.zip,20260726_yushin_ito/episodes/87745948/replay/episode_87745948.json,0.5773502691896258,,validated_teacher_index
87745960,0,3,Yushin Ito,54773249,yushin_20260726,zip,C:\Users\shiba\ptcc_pokemon_ai_buttle\data\runs\leaderboard_top50\alakazam\20260726_yushin_ito.zip,20260726_yushin_ito/episodes/87745960/replay/episode_87745960.json,0.5773502691896258,,validated_teacher_index
87746470,1,3,Yushin Ito,54773249,yushin_20260726,zip,C:\Users\shiba\ptcc_pokemon_ai_buttle\data\runs\leaderboard_top50\alakazam\20260726_yushin_ito.zip,20260726_yushin_ito/episodes/87746470/replay/episode_87746470.json,0.5773502691896258,,validated_teacher_index
87747046,0,3,Yushin Ito,54773249,yushin_20260726,zip,C:\Users\shiba\ptcc_pokemon_ai_buttle\data\runs\leaderboard_top50\alakazam\20260726_yushin_ito.zip,20260726_yushin_ito/episodes/87747046/replay/episode_87747046.json,0.5773502691896258,,validated_teacher_index
87747611,0,3,Yushin Ito,54773249,yushin_20260726,zip,C:\Users\shiba\ptcc_pokemon_ai_buttle\data\runs\leaderboard_top50\alakazam\20260726_yushin_ito.zip,20260726_yushin_ito/episodes/87747611/replay/episode_87747611.json,0.5773502691896258,,validated_teacher_index
87747622,0,3,Yushin Ito,54773249,yushin_20260726,zip,C:\Users\shiba\ptcc_pokemon_ai_buttle\data\runs\leaderboard_top50\alakazam\20260726_yushin_ito.zip,20260726_yushin_ito/episodes/87747622/replay/episode_87747622.json,0.5773502691896258,,validated_teacher_index
87748161,1,3,Yushin Ito,54773249,yushin_20260726,zip,C:\Users\shiba\ptcc_pokemon_ai_buttle\data\runs\leaderboard_top50\alakazam\20260726_yushin_ito.zip,20260726_yushin_ito/episodes/87748161/replay/episode_87748161.json,0.5773502691896258,,validated_teacher_index
87748705,0,3,Yushin Ito,54773249,yushin_20260726,zip,C:\Users\shiba\ptcc_pokemon_ai_buttle\data\runs\leaderboard_top50\alakazam\20260726_yushin_ito.zip,20260726_yushin_ito/episodes/87748705/replay/episode_87748705.json,0.5773502691896258,,validated_teacher_index
87748731,1,3,Yushin Ito,54773249,yushin_20260726,zip,C:\Users\shiba\ptcc_pokemon_ai_buttle\data\runs\leaderboard_top50\alakazam\20260726_yushin_ito.zip,20260726_yushin_ito/episodes/87748731/replay/episode_87748731.json,0.5773502691896258,,validated_teacher_index
87749231,1,3,Yushin Ito,54773249,yushin_20260726,zip,C:\Users\shiba\ptcc_pokemon_ai_buttle\data\runs\leaderboard_top50\alakazam\20260726_yushin_ito.zip,20260726_yushin_ito/episodes/87749231/replay/episode_87749231.json,0.5773502691896258,,validated_teacher_index
87749242,1,3,Yushin Ito,54773249,yushin_20260726,zip,C:\Users\shiba\ptcc_pokemon_ai_buttle\data\runs\leaderboard_top50\alakazam\20260726_yushin_ito.zip,20260726_yushin_ito/episodes/87749242/replay/episode_87749242.json,0.5773502691896258,,validated_teacher_index
87749758,1,3,Yushin Ito,54773249,yushin_20260726,zip,C:\Users\shiba\ptcc_pokemon_ai_buttle\data\runs\leaderboard_top50\alakazam\20260726_yushin_ito.zip,20260726_yushin_ito/episodes/87749758/replay/episode_87749758.json,0.5773502691896258,,validated_teacher_index
87750127,0,3,Yushin Ito,54773249,yushin_20260726,zip,C:\Users\shiba\ptcc_pokemon_ai_buttle\data\runs\leaderboard_top50\alakazam\20260726_yushin_ito.zip,20260726_yushin_ito/episodes/87750127/replay/episode_87750127.json,0.5773502691896258,,validated_teacher_index
87750353,1,3,Yushin Ito,54773249,yushin_20260726,zip,C:\Users\shiba\ptcc_pokemon_ai_buttle\data\runs\leaderboard_top50\alakazam\20260726_yushin_ito.zip,20260726_yushin_ito/episodes/87750353/replay/episode_87750353.json,0.5773502691896258,,validated_teacher_index
87750811,1,3,Yushin Ito,54773249,yushin_20260726,zip,C:\Users\shiba\ptcc_pokemon_ai_buttle\data\runs\leaderboard_top50\alakazam\20260726_yushin_ito.zip,20260726_yushin_ito/episodes/87750811/replay/episode_87750811.json,0.5773502691896258,,validated_teacher_index
87750823,0,3,Yushin Ito,54773249,yushin_20260726,zip,C:\Users\shiba\ptcc_pokemon_ai_buttle\data\runs\leaderboard_top50\alakazam\20260726_yushin_ito.zip,20260726_yushin_ito/episodes/87750823/replay/episode_87750823.json,0.5773502691896258,,validated_teacher_index
87751357,0,3,Yushin Ito,54773249,yushin_20260726,zip,C:\Users\shiba\ptcc_pokemon_ai_buttle\data\runs\leaderboard_top50\alakazam\20260726_yushin_ito.zip,20260726_yushin_ito/episodes/87751357/replay/episode_87751357.json,0.5773502691896258,,validated_teacher_index
87751889,1,3,Yushin Ito,54773249,yushin_20260726,zip,C:\Users\shiba\ptcc_pokemon_ai_buttle\data\runs\leaderboard_top50\alakazam\20260726_yushin_ito.zip,20260726_yushin_ito/episodes/87751889/replay/episode_87751889.json,0.5773502691896258,,validated_teacher_index
87752400,0,3,Yushin Ito,54773249,yushin_20260726,zip,C:\Users\shiba\ptcc_pokemon_ai_buttle\data\runs\leaderboard_top50\alakazam\20260726_yushin_ito.zip,20260726_yushin_ito/episodes/87752400/replay/episode_87752400.json,0.5773502691896258,,validated_teacher_index
87752413,1,3,Yushin Ito,54773249,yushin_20260726,zip,C:\Users\shiba\ptcc_pokemon_ai_buttle\data\runs\leaderboard_top50\alakazam\20260726_yushin_ito.zip,20260726_yushin_ito/episodes/87752413/replay/episode_87752413.json,0.5773502691896258,,validated_teacher_index
87752415,1,3,Yushin Ito,54773249,yushin_20260726,zip,C:\Users\shiba\ptcc_pokemon_ai_buttle\data\runs\leaderboard_top50\alakazam\20260726_yushin_ito.zip,20260726_yushin_ito/episodes/87752415/replay/episode_87752415.json,0.5773502691896258,,validated_teacher_index
87752931,0,3,Yushin Ito,54773249,yushin_20260726,zip,C:\Users\shiba\ptcc_pokemon_ai_buttle\data\runs\leaderboard_top50\alakazam\20260726_yushin_ito.zip,20260726_yushin_ito/episodes/87752931/replay/episode_87752931.json,0.5773502691896258,,validated_teacher_index
87753456,0,3,Yushin Ito,54773249,yushin_20260726,zip,C:\Users\shiba\ptcc_pokemon_ai_buttle\data\runs\leaderboard_top50\alakazam\20260726_yushin_ito.zip,20260726_yushin_ito/episodes/87753456/replay/episode_87753456.json,0.5773502691896258,,validated_teacher_index
87753987,1,3,Yushin Ito,54773249,yushin_20260726,zip,C:\Users\shiba\ptcc_pokemon_ai_buttle\data\runs\leaderboard_top50\alakazam\20260726_yushin_ito.zip,20260726_yushin_ito/episodes/87753987/replay/episode_87753987.json,0.5773502691896258,,validated_teacher_index
87754522,0,3,Yushin Ito,54773249,yushin_20260726,zip,C:\Users\shiba\ptcc_pokemon_ai_buttle\data\runs\leaderboard_top50\alakazam\20260726_yushin_ito.zip,20260726_yushin_ito/episodes/87754522/replay/episode_87754522.json,0.5773502691896258,,validated_teacher_index
87754961,0,3,Yushin Ito,54773249,yushin_20260726,zip,C:\Users\shiba\ptcc_pokemon_ai_buttle\data\runs\leaderboard_top50\alakazam\20260726_yushin_ito.zip,20260726_yushin_ito/episodes/87754961/replay/episode_87754961.json,0.5773502691896258,,validated_teacher_index
87755041,0,3,Yushin Ito,54773249,yushin_20260726,zip,C:\Users\shiba\ptcc_pokemon_ai_buttle\data\runs\leaderboard_top50\alakazam\20260726_yushin_ito.zip,20260726_yushin_ito/episodes/87755041/replay/episode_87755041.json,0.5773502691896258,,validated_teacher_index
87755572,0,3,Yushin Ito,54773249,yushin_20260726,zip,C:\Users\shiba\ptcc_pokemon_ai_buttle\data\runs\leaderboard_top50\alakazam\20260726_yushin_ito.zip,20260726_yushin_ito/episodes/87755572/replay/episode_87755572.json,0.5773502691896258,,validated_teacher_index
87756104,0,3,Yushin Ito,54773249,yushin_20260726,zip,C:\Users\shiba\ptcc_pokemon_ai_buttle\data\runs\leaderboard_top50\alakazam\20260726_yushin_ito.zip,20260726_yushin_ito/episodes/87756104/replay/episode_87756104.json,0.5773502691896258,,validated_teacher_index
87756118,0,3,Yushin Ito,54773249,yushin_20260726,zip,C:\Users\shiba\ptcc_pokemon_ai_buttle\data\runs\leaderboard_top50\alakazam\20260726_yushin_ito.zip,20260726_yushin_ito/episodes/87756118/replay/episode_87756118.json,0.5773502691896258,,validated_teacher_index
87756690,1,3,Yushin Ito,54773249,yushin_20260726,zip,C:\Users\shiba\ptcc_pokemon_ai_buttle\data\runs\leaderboard_top50\alakazam\20260726_yushin_ito.zip,20260726_yushin_ito/episodes/87756690/replay/episode_87756690.json,0.5773502691896258,,validated_teacher_index
87757177,1,3,Yushin Ito,54773249,yushin_20260726,zip,C:\Users\shiba\ptcc_pokemon_ai_buttle\data\runs\leaderboard_top50\alakazam\20260726_yushin_ito.zip,20260726_yushin_ito/episodes/87757177/replay/episode_87757177.json,0.5773502691896258,,validated_teacher_index
87757694,1,3,Yushin Ito,54773249,yushin_20260726,zip,C:\Users\shiba\ptcc_pokemon_ai_buttle\data\runs\leaderboard_top50\alakazam\20260726_yushin_ito.zip,20260726_yushin_ito/episodes/87757694/replay/episode_87757694.json,0.5773502691896258,,validated_teacher_index
87758253,0,3,Yushin Ito,54773249,yushin_20260726,zip,C:\Users\shiba\ptcc_pokemon_ai_buttle\data\runs\leaderboard_top50\alakazam\20260726_yushin_ito.zip,20260726_yushin_ito/episodes/87758253/replay/episode_87758253.json,0.5773502691896258,,validated_teacher_index
87758743,1,3,Yushin Ito,54773249,yushin_20260726,zip,C:\Users\shiba\ptcc_pokemon_ai_buttle\data\runs\leaderboard_top50\alakazam\20260726_yushin_ito.zip,20260726_yushin_ito/episodes/87758743/replay/episode_87758743.json,0.5773502691896258,,validated_teacher_index
87759264,1,3,Yushin Ito,54773249,yushin_20260726,zip,C:\Users\shiba\ptcc_pokemon_ai_buttle\data\runs\leaderboard_top50\alakazam\20260726_yushin_ito.zip,20260726_yushin_ito/episodes/87759264/replay/episode_87759264.json,0.5773502691896258,,validated_teacher_index
87759788,0,3,Yushin Ito,54773249,yushin_20260726,zip,C:\Users\shiba\ptcc_pokemon_ai_buttle\data\runs\leaderboard_top50\alakazam\20260726_yushin_ito.zip,20260726_yushin_ito/episodes/87759788/replay/episode_87759788.json,0.5773502691896258,,validated_teacher_index
87760314,0,3,Yushin Ito,54773249,yushin_20260726,zip,C:\Users\shiba\ptcc_pokemon_ai_buttle\data\runs\leaderboard_top50\alakazam\20260726_yushin_ito.zip,20260726_yushin_ito/episodes/87760314/replay/episode_87760314.json,0.5773502691896258,,validated_teacher_index
87760838,0,3,Yushin Ito,54773249,yushin_20260726,zip,C:\Users\shiba\ptcc_pokemon_ai_buttle\data\runs\leaderboard_top50\alakazam\20260726_yushin_ito.zip,20260726_yushin_ito/episodes/87760838/replay/episode_87760838.json,0.5773502691896258,,validated_teacher_index
87760847,0,3,Yushin Ito,54773249,yushin_20260726,zip,C:\Users\shiba\ptcc_pokemon_ai_buttle\data\runs\leaderboard_top50\alakazam\20260726_yushin_ito.zip,20260726_yushin_ito/episodes/87760847/replay/episode_87760847.json,0.5773502691896258,,validated_teacher_index
87761351,1,3,Yushin Ito,54773249,yushin_20260726,zip,C:\Users\shiba\ptcc_pokemon_ai_buttle\data\runs\leaderboard_top50\alakazam\20260726_yushin_ito.zip,20260726_yushin_ito/episodes/87761351/replay/episode_87761351.json,0.5773502691896258,,validated_teacher_index
87761388,1,3,Yushin Ito,54773249,yushin_20260726,zip,C:\Users\shiba\ptcc_pokemon_ai_buttle\data\runs\leaderboard_top50\alakazam\20260726_yushin_ito.zip,20260726_yushin_ito/episodes/87761388/replay/episode_87761388.json,0.5773502691896258,,validated_teacher_index
87761872,0,3,Yushin Ito,54773249,yushin_20260726,zip,C:\Users\shiba\ptcc_pokemon_ai_buttle\data\runs\leaderboard_top50\alakazam\20260726_yushin_ito.zip,20260726_yushin_ito/episodes/87761872/replay/episode_87761872.json,0.5773502691896258,,validated_teacher_index
87762398,0,3,Yushin Ito,54773249,yushin_20260726,zip,C:\Users\shiba\ptcc_pokemon_ai_buttle\data\runs\leaderboard_top50\alakazam\20260726_yushin_ito.zip,20260726_yushin_ito/episodes/87762398/replay/episode_87762398.json,0.5773502691896258,,validated_teacher_index
87762926,0,3,Yushin Ito,54773249,yushin_20260726,zip,C:\Users\shiba\ptcc_pokemon_ai_buttle\data\runs\leaderboard_top50\alakazam\20260726_yushin_ito.zip,20260726_yushin_ito/episodes/87762926/replay/episode_87762926.json,0.5773502691896258,,validated_teacher_index
87763467,1,3,Yushin Ito,54773249,yushin_20260726,zip,C:\Users\shiba\ptcc_pokemon_ai_buttle\data\runs\leaderboard_top50\alakazam\20260726_yushin_ito.zip,20260726_yushin_ito/episodes/87763467/replay/episode_87763467.json,0.5773502691896258,,validated_teacher_index
87763990,0,3,Yushin Ito,54773249,yushin_20260726,zip,C:\Users\shiba\ptcc_pokemon_ai_buttle\data\runs\leaderboard_top50\alakazam\20260726_yushin_ito.zip,20260726_yushin_ito/episodes/87763990/replay/episode_87763990.json,0.5773502691896258,,validated_teacher_index
87764524,0,3,Yushin Ito,54773249,yushin_20260726,zip,C:\Users\shiba\ptcc_pokemon_ai_buttle\data\runs\leaderboard_top50\alakazam\20260726_yushin_ito.zip,20260726_yushin_ito/episodes/87764524/replay/episode_87764524.json,0.5773502691896258,,validated_teacher_index
87765048,0,3,Yushin Ito,54773249,yushin_20260726,zip,C:\Users\shiba\ptcc_pokemon_ai_buttle\data\runs\leaderboard_top50\alakazam\20260726_yushin_ito.zip,20260726_yushin_ito/episodes/87765048/replay/episode_87765048.json,0.5773502691896258,,validated_teacher_index
87765570,0,3,Yushin Ito,54773249,yushin_20260726,zip,C:\Users\shiba\ptcc_pokemon_ai_buttle\data\runs\leaderboard_top50\alakazam\20260726_yushin_ito.zip,20260726_yushin_ito/episodes/87765570/replay/episode_87765570.json,0.5773502691896258,,validated_teacher_index
87766091,1,3,Yushin Ito,54773249,yushin_20260726,zip,C:\Users\shiba\ptcc_pokemon_ai_buttle\data\runs\leaderboard_top50\alakazam\20260726_yushin_ito.zip,20260726_yushin_ito/episodes/87766091/replay/episode_87766091.json,0.5773502691896258,,validated_teacher_index
87766610,1,3,Yushin Ito,54773249,yushin_20260726,zip,C:\Users\shiba\ptcc_pokemon_ai_buttle\data\runs\leaderboard_top50\alakazam\20260726_yushin_ito.zip,20260726_yushin_ito/episodes/87766610/replay/episode_87766610.json,0.5773502691896258,,validated_teacher_index
87767126,0,3,Yushin Ito,54773249,yushin_20260726,zip,C:\Users\shiba\ptcc_pokemon_ai_buttle\data\runs\leaderboard_top50\alakazam\20260726_yushin_ito.zip,20260726_yushin_ito/episodes/87767126/replay/episode_87767126.json,0.5773502691896258,,validated_teacher_index
87767142,0,3,Yushin Ito,54773249,yushin_20260726,zip,C:\Users\shiba\ptcc_pokemon_ai_buttle\data\runs\leaderboard_top50\alakazam\20260726_yushin_ito.zip,20260726_yushin_ito/episodes/87767142/replay/episode_87767142.json,0.5773502691896258,,validated_teacher_index
87767658,0,3,Yushin Ito,54773249,yushin_20260726,zip,C:\Users\shiba\ptcc_pokemon_ai_buttle\data\runs\leaderboard_top50\alakazam\20260726_yushin_ito.zip,20260726_yushin_ito/episodes/87767658/replay/episode_87767658.json,0.5773502691896258,,validated_teacher_index
87768179,0,3,Yushin Ito,54773249,yushin_20260726,zip,C:\Users\shiba\ptcc_pokemon_ai_buttle\data\runs\leaderboard_top50\alakazam\20260726_yushin_ito.zip,20260726_yushin_ito/episodes/87768179/replay/episode_87768179.json,0.5773502691896258,,validated_teacher_index
87768696,1,3,Yushin Ito,54773249,yushin_20260726,zip,C:\Users\shiba\ptcc_pokemon_ai_buttle\data\runs\leaderboard_top50\alakazam\20260726_yushin_ito.zip,20260726_yushin_ito/episodes/87768696/replay/episode_87768696.json,0.5773502691896258,,validated_teacher_index
87769218,1,3,Yushin Ito,54773249,yushin_20260726,zip,C:\Users\shiba\ptcc_pokemon_ai_buttle\data\runs\leaderboard_top50\alakazam\20260726_yushin_ito.zip,20260726_yushin_ito/episodes/87769218/replay/episode_87769218.json,0.5773502691896258,,validated_teacher_index
87769732,1,3,Yushin Ito,54773249,yushin_20260726,zip,C:\Users\shiba\ptcc_pokemon_ai_buttle\data\runs\leaderboard_top50\alakazam\20260726_yushin_ito.zip,20260726_yushin_ito/episodes/87769732/replay/episode_87769732.json,0.5773502691896258,,validated_teacher_index
87770187,0,3,Yushin Ito,54773249,yushin_20260726,zip,C:\Users\shiba\ptcc_pokemon_ai_buttle\data\runs\leaderboard_top50\alakazam\20260726_yushin_ito.zip,20260726_yushin_ito/episodes/87770187/replay/episode_87770187.json,0.5773502691896258,,validated_teacher_index
87770719,1,3,Yushin Ito,54773249,yushin_20260726,zip,C:\Users\shiba\ptcc_pokemon_ai_buttle\data\runs\leaderboard_top50\alakazam\20260726_yushin_ito.zip,20260726_yushin_ito/episodes/87770719/replay/episode_87770719.json,0.5773502691896258,,validated_teacher_index
87771248,0,3,Yushin Ito,54773249,yushin_20260726,zip,C:\Users\shiba\ptcc_pokemon_ai_buttle\data\runs\leaderboard_top50\alakazam\20260726_yushin_ito.zip,20260726_yushin_ito/episodes/87771248/replay/episode_87771248.json,0.5773502691896258,,validated_teacher_index
87771784,0,3,Yushin Ito,54773249,yushin_20260726,zip,C:\Users\shiba\ptcc_pokemon_ai_buttle\data\runs\leaderboard_top50\alakazam\20260726_yushin_ito.zip,20260726_yushin_ito/episodes/87771784/replay/episode_87771784.json,0.5773502691896258,,validated_teacher_index
87772297,0,3,Yushin Ito,54773249,yushin_20260726,zip,C:\Users\shiba\ptcc_pokemon_ai_buttle\data\runs\leaderboard_top50\alakazam\20260726_yushin_ito.zip,20260726_yushin_ito/episodes/87772297/replay/episode_87772297.json,0.5773502691896258,,validated_teacher_index
87772304,1,3,Yushin Ito,54773249,yushin_20260726,zip,C:\Users\shiba\ptcc_pokemon_ai_buttle\data\runs\leaderboard_top50\alakazam\20260726_yushin_ito.zip,20260726_yushin_ito/episodes/87772304/replay/episode_87772304.json,0.5773502691896258,,validated_teacher_index
87772307,0,3,Yushin Ito,54773249,yushin_20260726,zip,C:\Users\shiba\ptcc_pokemon_ai_buttle\data\runs\leaderboard_top50\alakazam\20260726_yushin_ito.zip,20260726_yushin_ito/episodes/87772307/replay/episode_87772307.json,0.5773502691896258,,validated_teacher_index
87772828,1,3,Yushin Ito,54773249,yushin_20260726,zip,C:\Users\shiba\ptcc_pokemon_ai_buttle\data\runs\leaderboard_top50\alakazam\20260726_yushin_ito.zip,20260726_yushin_ito/episodes/87772828/replay/episode_87772828.json,0.5773502691896258,,validated_teacher_index
87773356,1,3,Yushin Ito,54773249,yushin_20260726,zip,C:\Users\shiba\ptcc_pokemon_ai_buttle\data\runs\leaderboard_top50\alakazam\20260726_yushin_ito.zip,20260726_yushin_ito/episodes/87773356/replay/episode_87773356.json,0.5773502691896258,,validated_teacher_index
87773358,0,3,Yushin Ito,54773249,yushin_20260726,zip,C:\Users\shiba\ptcc_pokemon_ai_buttle\data\runs\leaderboard_top50\alakazam\20260726_yushin_ito.zip,20260726_yushin_ito/episodes/87773358/replay/episode_87773358.json,0.5773502691896258,,validated_teacher_index
87773893,1,3,Yushin Ito,54773249,yushin_20260726,zip,C:\Users\shiba\ptcc_pokemon_ai_buttle\data\runs\leaderboard_top50\alakazam\20260726_yushin_ito.zip,20260726_yushin_ito/episodes/87773893/replay/episode_87773893.json,0.5773502691896258,,validated_teacher_index
87773928,1,3,Yushin Ito,54773249,yushin_20260726,zip,C:\Users\shiba\ptcc_pokemon_ai_buttle\data\runs\leaderboard_top50\alakazam\20260726_yushin_ito.zip,20260726_yushin_ito/episodes/87773928/replay/episode_87773928.json,0.5773502691896258,,validated_teacher_index
87774418,0,3,Yushin Ito,54773249,yushin_20260726,zip,C:\Users\shiba\ptcc_pokemon_ai_buttle\data\runs\leaderboard_top50\alakazam\20260726_yushin_ito.zip,20260726_yushin_ito/episodes/87774418/replay/episode_87774418.json,0.5773502691896258,,validated_teacher_index
87774947,1,3,Yushin Ito,54773249,yushin_20260726,zip,C:\Users\shiba\ptcc_pokemon_ai_buttle\data\runs\leaderboard_top50\alakazam\20260726_yushin_ito.zip,20260726_yushin_ito/episodes/87774947/replay/episode_87774947.json,0.5773502691896258,,validated_teacher_index
87775464,1,3,Yushin Ito,54773249,yushin_20260726,zip,C:\Users\shiba\ptcc_pokemon_ai_buttle\data\runs\leaderboard_top50\alakazam\20260726_yushin_ito.zip,20260726_yushin_ito/episodes/87775464/replay/episode_87775464.json,0.5773502691896258,,validated_teacher_index
87775986,0,3,Yushin Ito,54773249,yushin_20260726,zip,C:\Users\shiba\ptcc_pokemon_ai_buttle\data\runs\leaderboard_top50\alakazam\20260726_yushin_ito.zip,20260726_yushin_ito/episodes/87775986/replay/episode_87775986.json,0.5773502691896258,,validated_teacher_index
87776514,1,3,Yushin Ito,54773249,yushin_20260726,zip,C:\Users\shiba\ptcc_pokemon_ai_buttle\data\runs\leaderboard_top50\alakazam\20260726_yushin_ito.zip,20260726_yushin_ito/episodes/87776514/replay/episode_87776514.json,0.5773502691896258,,validated_teacher_index
87777036,1,3,Yushin Ito,54773249,yushin_20260726,zip,C:\Users\shiba\ptcc_pokemon_ai_buttle\data\runs\leaderboard_top50\alakazam\20260726_yushin_ito.zip,20260726_yushin_ito/episodes/87777036/replay/episode_87777036.json,0.5773502691896258,,validated_teacher_index
87777039,0,3,Yushin Ito,54773249,yushin_20260726,zip,C:\Users\shiba\ptcc_pokemon_ai_buttle\data\runs\leaderboard_top50\alakazam\20260726_yushin_ito.zip,20260726_yushin_ito/episodes/87777039/replay/episode_87777039.json,0.5773502691896258,,validated_teacher_index
87777567,0,3,Yushin Ito,54773249,yushin_20260726,zip,C:\Users\shiba\ptcc_pokemon_ai_buttle\data\runs\leaderboard_top50\alakazam\20260726_yushin_ito.zip,20260726_yushin_ito/episodes/87777567/replay/episode_87777567.json,0.5773502691896258,,validated_teacher_index
87778095,0,3,Yushin Ito,54773249,yushin_20260726,zip,C:\Users\shiba\ptcc_pokemon_ai_buttle\data\runs\leaderboard_top50\alakazam\20260726_yushin_ito.zip,20260726_yushin_ito/episodes/87778095/replay/episode_87778095.json,0.5773502691896258,,validated_teacher_index
87778622,1,3,Yushin Ito,54773249,yushin_20260726,zip,C:\Users\shiba\ptcc_pokemon_ai_buttle\data\runs\leaderboard_top50\alakazam\20260726_yushin_ito.zip,20260726_yushin_ito/episodes/87778622/replay/episode_87778622.json,0.5773502691896258,,validated_teacher_index
87779155,0,3,Yushin Ito,54773249,yushin_20260726,zip,C:\Users\shiba\ptcc_pokemon_ai_buttle\data\runs\leaderboard_top50\alakazam\20260726_yushin_ito.zip,20260726_yushin_ito/episodes/87779155/replay/episode_87779155.json,0.5773502691896258,,validated_teacher_index
87779676,0,3,Yushin Ito,54773249,yushin_20260726,zip,C:\Users\shiba\ptcc_pokemon_ai_buttle\data\runs\leaderboard_top50\alakazam\20260726_yushin_ito.zip,20260726_yushin_ito/episodes/87779676/replay/episode_87779676.json,0.5773502691896258,,validated_teacher_index
87780197,1,3,Yushin Ito,54773249,yushin_20260726,zip,C:\Users\shiba\ptcc_pokemon_ai_buttle\data\runs\leaderboard_top50\alakazam\20260726_yushin_ito.zip,20260726_yushin_ito/episodes/87780197/replay/episode_87780197.json,0.5773502691896258,,validated_teacher_index
87780200,1,3,Yushin Ito,54773249,yushin_20260726,zip,C:\Users\shiba\ptcc_pokemon_ai_buttle\data\runs\leaderboard_top50\alakazam\20260726_yushin_ito.zip,20260726_yushin_ito/episodes/87780200/replay/episode_87780200.json,0.5773502691896258,,validated_teacher_index
87780728,0,3,Yushin Ito,54773249,yushin_20260726,zip,C:\Users\shiba\ptcc_pokemon_ai_buttle\data\runs\leaderboard_top50\alakazam\20260726_yushin_ito.zip,20260726_yushin_ito/episodes/87780728/replay/episode_87780728.json,0.5773502691896258,,validated_teacher_index
87781249,1,3,Yushin Ito,54773249,yushin_20260726,zip,C:\Users\shiba\ptcc_pokemon_ai_buttle\data\runs\leaderboard_top50\alakazam\20260726_yushin_ito.zip,20260726_yushin_ito/episodes/87781249/replay/episode_87781249.json,0.5773502691896258,,validated_teacher_index
87781776,0,3,Yushin Ito,54773249,yushin_20260726,zip,C:\Users\shiba\ptcc_pokemon_ai_buttle\data\runs\leaderboard_top50\alakazam\20260726_yushin_ito.zip,20260726_yushin_ito/episodes/87781776/replay/episode_87781776.json,0.5773502691896258,,validated_teacher_index
87781778,1,3,Yushin Ito,54773249,yushin_20260726,zip,C:\Users\shiba\ptcc_pokemon_ai_buttle\data\runs\leaderboard_top50\alakazam\20260726_yushin_ito.zip,20260726_yushin_ito/episodes/87781778/replay/episode_87781778.json,0.5773502691896258,,validated_teacher_index
87782299,0,3,Yushin Ito,54773249,yushin_20260726,zip,C:\Users\shiba\ptcc_pokemon_ai_buttle\data\runs\leaderboard_top50\alakazam\20260726_yushin_ito.zip,20260726_yushin_ito/episodes/87782299/replay/episode_87782299.json,0.5773502691896258,,validated_teacher_index
87782820,0,3,Yushin Ito,54773249,yushin_20260726,zip,C:\Users\shiba\ptcc_pokemon_ai_buttle\data\runs\leaderboard_top50\alakazam\20260726_yushin_ito.zip,20260726_yushin_ito/episodes/87782820/replay/episode_87782820.json,0.5773502691896258,,validated_teacher_index
87783365,0,3,Yushin Ito,54773249,yushin_20260726,zip,C:\Users\shiba\ptcc_pokemon_ai_buttle\data\runs\leaderboard_top50\alakazam\20260726_yushin_ito.zip,20260726_yushin_ito/episodes/87783365/replay/episode_87783365.json,0.5773502691896258,,validated_teacher_index
87783888,1,3,Yushin Ito,54773249,yushin_20260726,zip,C:\Users\shiba\ptcc_pokemon_ai_buttle\data\runs\leaderboard_top50\alakazam\20260726_yushin_ito.zip,20260726_yushin_ito/episodes/87783888/replay/episode_87783888.json,0.5773502691896258,,validated_teacher_index
87784413,1,3,Yushin Ito,54773249,yushin_20260726,zip,C:\Users\shiba\ptcc_pokemon_ai_buttle\data\runs\leaderboard_top50\alakazam\20260726_yushin_ito.zip,20260726_yushin_ito/episodes/87784413/replay/episode_87784413.json,0.5773502691896258,,validated_teacher_index
87784941,1,3,Yushin Ito,54773249,yushin_20260726,zip,C:\Users\shiba\ptcc_pokemon_ai_buttle\data\runs\leaderboard_top50\alakazam\20260726_yushin_ito.zip,20260726_yushin_ito/episodes/87784941/replay/episode_87784941.json,0.5773502691896258,,validated_teacher_index
87784945,0,3,Yushin Ito,54773249,yushin_20260726,zip,C:\Users\shiba\ptcc_pokemon_ai_buttle\data\runs\leaderboard_top50\alakazam\20260726_yushin_ito.zip,20260726_yushin_ito/episodes/87784945/replay/episode_87784945.json,0.5773502691896258,,validated_teacher_index
87785476,1,3,Yushin Ito,54773249,yushin_20260726,zip,C:\Users\shiba\ptcc_pokemon_ai_buttle\data\runs\leaderboard_top50\alakazam\20260726_yushin_ito.zip,20260726_yushin_ito/episodes/87785476/replay/episode_87785476.json,0.5773502691896258,,validated_teacher_index
87785994,1,3,Yushin Ito,54773249,yushin_20260726,zip,C:\Users\shiba\ptcc_pokemon_ai_buttle\data\runs\leaderboard_top50\alakazam\20260726_yushin_ito.zip,20260726_yushin_ito/episodes/87785994/replay/episode_87785994.json,0.5773502691896258,,validated_teacher_index
87786521,1,3,Yushin Ito,54773249,yushin_20260726,zip,C:\Users\shiba\ptcc_pokemon_ai_buttle\data\runs\leaderboard_top50\alakazam\20260726_yushin_ito.zip,20260726_yushin_ito/episodes/87786521/replay/episode_87786521.json,0.5773502691896258,,validated_teacher_index
87786531,0,3,Yushin Ito,54773249,yushin_20260726,zip,C:\Users\shiba\ptcc_pokemon_ai_buttle\data\runs\leaderboard_top50\alakazam\20260726_yushin_ito.zip,20260726_yushin_ito/episodes/87786531/replay/episode_87786531.json,0.5773502691896258,,validated_teacher_index
87786536,0,3,Yushin Ito,54773249,yushin_20260726,zip,C:\Users\shiba\ptcc_pokemon_ai_buttle\data\runs\leaderboard_top50\alakazam\20260726_yushin_ito.zip,20260726_yushin_ito/episodes/87786536/replay/episode_87786536.json,0.5773502691896258,,validated_teacher_index
87787102,0,3,Yushin Ito,54773249,yushin_20260726,zip,C:\Users\shiba\ptcc_pokemon_ai_buttle\data\runs\leaderboard_top50\alakazam\20260726_yushin_ito.zip,20260726_yushin_ito/episodes/87787102/replay/episode_87787102.json,0.5773502691896258,,validated_teacher_index
87787641,1,3,Yushin Ito,54773249,yushin_20260726,zip,C:\Users\shiba\ptcc_pokemon_ai_buttle\data\runs\leaderboard_top50\alakazam\20260726_yushin_ito.zip,20260726_yushin_ito/episodes/87787641/replay/episode_87787641.json,0.5773502691896258,,validated_teacher_index
87788156,0,3,Yushin Ito,54773249,yushin_20260726,zip,C:\Users\shiba\ptcc_pokemon_ai_buttle\data\runs\leaderboard_top50\alakazam\20260726_yushin_ito.zip,20260726_yushin_ito/episodes/87788156/replay/episode_87788156.json,0.5773502691896258,,validated_teacher_index
87789139,1,3,Yushin Ito,54773249,yushin_20260726,zip,C:\Users\shiba\ptcc_pokemon_ai_buttle\data\runs\leaderboard_top50\alakazam\20260726_yushin_ito.zip,20260726_yushin_ito/episodes/87789139/replay/episode_87789139.json,0.5773502691896258,,validated_teacher_index
87789708,0,3,Yushin Ito,54773249,yushin_20260726,zip,C:\Users\shiba\ptcc_pokemon_ai_buttle\data\runs\leaderboard_top50\alakazam\20260726_yushin_ito.zip,20260726_yushin_ito/episodes/87789708/replay/episode_87789708.json,0.5773502691896258,,validated_teacher_index
87790180,1,3,Yushin Ito,54773249,yushin_20260726,zip,C:\Users\shiba\ptcc_pokemon_ai_buttle\data\runs\leaderboard_top50\alakazam\20260726_yushin_ito.zip,20260726_yushin_ito/episodes/87790180/replay/episode_87790180.json,0.5773502691896258,,validated_teacher_index
87790258,0,3,Yushin Ito,54773249,yushin_20260726,zip,C:\Users\shiba\ptcc_pokemon_ai_buttle\data\runs\leaderboard_top50\alakazam\20260726_yushin_ito.zip,20260726_yushin_ito/episodes/87790258/replay/episode_87790258.json,0.5773502691896258,,validated_teacher_index
87790745,1,3,Yushin Ito,54773249,yushin_20260726,zip,C:\Users\shiba\ptcc_pokemon_ai_buttle\data\runs\leaderboard_top50\alakazam\20260726_yushin_ito.zip,20260726_yushin_ito/episodes/87790745/replay/episode_87790745.json,0.5773502691896258,,validated_teacher_index
87791293,0,3,Yushin Ito,54773249,yushin_20260726,zip,C:\Users\shiba\ptcc_pokemon_ai_buttle\data\runs\leaderboard_top50\alakazam\20260726_yushin_ito.zip,20260726_yushin_ito/episodes/87791293/replay/episode_87791293.json,0.5773502691896258,,validated_teacher_index
87791764,1,3,Yushin Ito,54773249,yushin_20260726,zip,C:\Users\shiba\ptcc_pokemon_ai_buttle\data\runs\leaderboard_top50\alakazam\20260726_yushin_ito.zip,20260726_yushin_ito/episodes/87791764/replay/episode_87791764.json,0.5773502691896258,,validated_teacher_index
87791793,1,3,Yushin Ito,54773249,yushin_20260726,zip,C:\Users\shiba\ptcc_pokemon_ai_buttle\data\runs\leaderboard_top50\alakazam\20260726_yushin_ito.zip,20260726_yushin_ito/episodes/87791793/replay/episode_87791793.json,0.5773502691896258,,validated_teacher_index
87792307,1,3,Yushin Ito,54773249,yushin_20260726,zip,C:\Users\shiba\ptcc_pokemon_ai_buttle\data\runs\leaderboard_top50\alakazam\20260726_yushin_ito.zip,20260726_yushin_ito/episodes/87792307/replay/episode_87792307.json,0.5773502691896258,,validated_teacher_index
87792804,1,3,Yushin Ito,54773249,yushin_20260726,zip,C:\Users\shiba\ptcc_pokemon_ai_buttle\data\runs\leaderboard_top50\alakazam\20260726_yushin_ito.zip,20260726_yushin_ito/episodes/87792804/replay/episode_87792804.json,0.5773502691896258,,validated_teacher_index
87793311,0,3,Yushin Ito,54773249,yushin_20260726,zip,C:\Users\shiba\ptcc_pokemon_ai_buttle\data\runs\leaderboard_top50\alakazam\20260726_yushin_ito.zip,20260726_yushin_ito/episodes/87793311/replay/episode_87793311.json,0.5773502691896258,,validated_teacher_index
87793315,1,3,Yushin Ito,54773249,yushin_20260726,zip,C:\Users\shiba\ptcc_pokemon_ai_buttle\data\runs\leaderboard_top50\alakazam\20260726_yushin_ito.zip,20260726_yushin_ito/episodes/87793315/replay/episode_87793315.json,0.5773502691896258,,validated_teacher_index
87793849,0,3,Yushin Ito,54773249,yushin_20260726,zip,C:\Users\shiba\ptcc_pokemon_ai_buttle\data\runs\leaderboard_top50\alakazam\20260726_yushin_ito.zip,20260726_yushin_ito/episodes/87793849/replay/episode_87793849.json,0.5773502691896258,,validated_teacher_index
87794388,0,3,Yushin Ito,54773249,yushin_20260726,zip,C:\Users\shiba\ptcc_pokemon_ai_buttle\data\runs\leaderboard_top50\alakazam\20260726_yushin_ito.zip,20260726_yushin_ito/episodes/87794388/replay/episode_87794388.json,0.5773502691896258,,validated_teacher_index
87794923,1,3,Yushin Ito,54773249,yushin_20260726,zip,C:\Users\shiba\ptcc_pokemon_ai_buttle\data\runs\leaderboard_top50\alakazam\20260726_yushin_ito.zip,20260726_yushin_ito/episodes/87794923/replay/episode_87794923.json,0.5773502691896258,,validated_teacher_index
87795456,0,3,Yushin Ito,54773249,yushin_20260726,zip,C:\Users\shiba\ptcc_pokemon_ai_buttle\data\runs\leaderboard_top50\alakazam\20260726_yushin_ito.zip,20260726_yushin_ito/episodes/87795456/replay/episode_87795456.json,0.5773502691896258,,validated_teacher_index
87795912,1,3,Yushin Ito,54773249,yushin_20260726,zip,C:\Users\shiba\ptcc_pokemon_ai_buttle\data\runs\leaderboard_top50\alakazam\20260726_yushin_ito.zip,20260726_yushin_ito/episodes/87795912/replay/episode_87795912.json,0.5773502691896258,,validated_teacher_index
87795986,1,3,Yushin Ito,54773249,yushin_20260726,zip,C:\Users\shiba\ptcc_pokemon_ai_buttle\data\runs\leaderboard_top50\alakazam\20260726_yushin_ito.zip,20260726_yushin_ito/episodes/87795986/replay/episode_87795986.json,0.5773502691896258,,validated_teacher_index
87796495,0,3,Yushin Ito,54773249,yushin_20260726,zip,C:\Users\shiba\ptcc_pokemon_ai_buttle\data\runs\leaderboard_top50\alakazam\20260726_yushin_ito.zip,20260726_yushin_ito/episodes/87796495/replay/episode_87796495.json,0.5773502691896258,,validated_teacher_index
87797009,0,3,Yushin Ito,54773249,yushin_20260726,zip,C:\Users\shiba\ptcc_pokemon_ai_buttle\data\runs\leaderboard_top50\alakazam\20260726_yushin_ito.zip,20260726_yushin_ito/episodes/87797009/replay/episode_87797009.json,0.5773502691896258,,validated_teacher_index
87797306,0,3,Yushin Ito,54773249,yushin_20260726,zip,C:\Users\shiba\ptcc_pokemon_ai_buttle\data\runs\leaderboard_top50\alakazam\20260726_yushin_ito.zip,20260726_yushin_ito/episodes/87797306/replay/episode_87797306.json,0.5773502691896258,,validated_teacher_index
87798078,1,3,Yushin Ito,54773249,yushin_20260726,zip,C:\Users\shiba\ptcc_pokemon_ai_buttle\data\runs\leaderboard_top50\alakazam\20260726_yushin_ito.zip,20260726_yushin_ito/episodes/87798078/replay/episode_87798078.json,0.5773502691896258,,validated_teacher_index
87798596,0,3,Yushin Ito,54773249,yushin_20260726,zip,C:\Users\shiba\ptcc_pokemon_ai_buttle\data\runs\leaderboard_top50\alakazam\20260726_yushin_ito.zip,20260726_yushin_ito/episodes/87798596/replay/episode_87798596.json,0.5773502691896258,,validated_teacher_index
87799096,1,3,Yushin Ito,54773249,yushin_20260726,zip,C:\Users\shiba\ptcc_pokemon_ai_buttle\data\runs\leaderboard_top50\alakazam\20260726_yushin_ito.zip,20260726_yushin_ito/episodes/87799096/replay/episode_87799096.json,0.5773502691896258,,validated_teacher_index
87799109,1,3,Yushin Ito,54773249,yushin_20260726,zip,C:\Users\shiba\ptcc_pokemon_ai_buttle\data\runs\leaderboard_top50\alakazam\20260726_yushin_ito.zip,20260726_yushin_ito/episodes/87799109/replay/episode_87799109.json,0.5773502691896258,,validated_teacher_index
87799122,1,3,Yushin Ito,54773249,yushin_20260726,zip,C:\Users\shiba\ptcc_pokemon_ai_buttle\data\runs\leaderboard_top50\alakazam\20260726_yushin_ito.zip,20260726_yushin_ito/episodes/87799122/replay/episode_87799122.json,0.5773502691896258,,validated_teacher_index
87799624,1,3,Yushin Ito,54773249,yushin_20260726,zip,C:\Users\shiba\ptcc_pokemon_ai_buttle\data\runs\leaderboard_top50\alakazam\20260726_yushin_ito.zip,20260726_yushin_ito/episodes/87799624/replay/episode_87799624.json,0.5773502691896258,,validated_teacher_index
87799652,0,3,Yushin Ito,54773249,yushin_20260726,zip,C:\Users\shiba\ptcc_pokemon_ai_buttle\data\runs\leaderboard_top50\alakazam\20260726_yushin_ito.zip,20260726_yushin_ito/episodes/87799652/replay/episode_87799652.json,0.5773502691896258,,validated_teacher_index
87800187,0,3,Yushin Ito,54773249,yushin_20260726,zip,C:\Users\shiba\ptcc_pokemon_ai_buttle\data\runs\leaderboard_top50\alakazam\20260726_yushin_ito.zip,20260726_yushin_ito/episodes/87800187/replay/episode_87800187.json,0.5773502691896258,,validated_teacher_index
87800648,0,3,Yushin Ito,54773249,yushin_20260726,zip,C:\Users\shiba\ptcc_pokemon_ai_buttle\data\runs\leaderboard_top50\alakazam\20260726_yushin_ito.zip,20260726_yushin_ito/episodes/87800648/replay/episode_87800648.json,0.5773502691896258,,validated_teacher_index
87800716,0,3,Yushin Ito,54773249,yushin_20260726,zip,C:\Users\shiba\ptcc_pokemon_ai_buttle\data\runs\leaderboard_top50\alakazam\20260726_yushin_ito.zip,20260726_yushin_ito/episodes/87800716/replay/episode_87800716.json,0.5773502691896258,,validated_teacher_index
87801193,0,3,Yushin Ito,54773249,yushin_20260726,zip,C:\Users\shiba\ptcc_pokemon_ai_buttle\data\runs\leaderboard_top50\alakazam\20260726_yushin_ito.zip,20260726_yushin_ito/episodes/87801193/replay/episode_87801193.json,0.5773502691896258,,validated_teacher_index
87801210,0,3,Yushin Ito,54773249,yushin_20260726,zip,C:\Users\shiba\ptcc_pokemon_ai_buttle\data\runs\leaderboard_top50\alakazam\20260726_yushin_ito.zip,20260726_yushin_ito/episodes/87801210/replay/episode_87801210.json,0.5773502691896258,,validated_teacher_index
87801720,1,3,Yushin Ito,54773249,yushin_20260726,zip,C:\Users\shiba\ptcc_pokemon_ai_buttle\data\runs\leaderboard_top50\alakazam\20260726_yushin_ito.zip,20260726_yushin_ito/episodes/87801720/replay/episode_87801720.json,0.5773502691896258,,validated_teacher_index
87801723,1,3,Yushin Ito,54773249,yushin_20260726,zip,C:\Users\shiba\ptcc_pokemon_ai_buttle\data\runs\leaderboard_top50\alakazam\20260726_yushin_ito.zip,20260726_yushin_ito/episodes/87801723/replay/episode_87801723.json,0.5773502691896258,,validated_teacher_index
87802245,0,3,Yushin Ito,54773249,yushin_20260726,zip,C:\Users\shiba\ptcc_pokemon_ai_buttle\data\runs\leaderboard_top50\alakazam\20260726_yushin_ito.zip,20260726_yushin_ito/episodes/87802245/replay/episode_87802245.json,0.5773502691896258,,validated_teacher_index
87802336,0,3,Yushin Ito,54773249,yushin_20260726,zip,C:\Users\shiba\ptcc_pokemon_ai_buttle\data\runs\leaderboard_top50\alakazam\20260726_yushin_ito.zip,20260726_yushin_ito/episodes/87802336/replay/episode_87802336.json,0.5773502691896258,,validated_teacher_index
87802771,1,3,Yushin Ito,54773249,yushin_20260726,zip,C:\Users\shiba\ptcc_pokemon_ai_buttle\data\runs\leaderboard_top50\alakazam\20260726_yushin_ito.zip,20260726_yushin_ito/episodes/87802771/replay/episode_87802771.json,0.5773502691896258,,validated_teacher_index
87803300,0,3,Yushin Ito,54773249,yushin_20260726,zip,C:\Users\shiba\ptcc_pokemon_ai_buttle\data\runs\leaderboard_top50\alakazam\20260726_yushin_ito.zip,20260726_yushin_ito/episodes/87803300/replay/episode_87803300.json,0.5773502691896258,,validated_teacher_index
87803339,0,3,Yushin Ito,54773249,yushin_20260726,zip,C:\Users\shiba\ptcc_pokemon_ai_buttle\data\runs\leaderboard_top50\alakazam\20260726_yushin_ito.zip,20260726_yushin_ito/episodes/87803339/replay/episode_87803339.json,0.5773502691896258,,validated_teacher_index
87803408,0,3,Yushin Ito,54773249,yushin_20260726,zip,C:\Users\shiba\ptcc_pokemon_ai_buttle\data\runs\leaderboard_top50\alakazam\20260726_yushin_ito.zip,20260726_yushin_ito/episodes/87803408/replay/episode_87803408.json,0.5773502691896258,,validated_teacher_index
87803808,1,3,Yushin Ito,54773249,yushin_20260726,zip,C:\Users\shiba\ptcc_pokemon_ai_buttle\data\runs\leaderboard_top50\alakazam\20260726_yushin_ito.zip,20260726_yushin_ito/episodes/87803808/replay/episode_87803808.json,0.5773502691896258,,validated_teacher_index
87803841,0,3,Yushin Ito,54773249,yushin_20260726,zip,C:\Users\shiba\ptcc_pokemon_ai_buttle\data\runs\leaderboard_top50\alakazam\20260726_yushin_ito.zip,20260726_yushin_ito/episodes/87803841/replay/episode_87803841.json,0.5773502691896258,,validated_teacher_index
87804352,1,3,Yushin Ito,54773249,yushin_20260726,zip,C:\Users\shiba\ptcc_pokemon_ai_buttle\data\runs\leaderboard_top50\alakazam\20260726_yushin_ito.zip,20260726_yushin_ito/episodes/87804352/replay/episode_87804352.json,0.5773502691896258,,validated_teacher_index
87804893,0,3,Yushin Ito,54773249,yushin_20260726,zip,C:\Users\shiba\ptcc_pokemon_ai_buttle\data\runs\leaderboard_top50\alakazam\20260726_yushin_ito.zip,20260726_yushin_ito/episodes/87804893/replay/episode_87804893.json,0.5773502691896258,,validated_teacher_index
87805345,0,3,Yushin Ito,54773249,yushin_20260726,zip,C:\Users\shiba\ptcc_pokemon_ai_buttle\data\runs\leaderboard_top50\alakazam\20260726_yushin_ito.zip,20260726_yushin_ito/episodes/87805345/replay/episode_87805345.json,0.5773502691896258,,validated_teacher_index
87805923,1,3,Yushin Ito,54773249,yushin_20260726,zip,C:\Users\shiba\ptcc_pokemon_ai_buttle\data\runs\leaderboard_top50\alakazam\20260726_yushin_ito.zip,20260726_yushin_ito/episodes/87805923/replay/episode_87805923.json,0.5773502691896258,,validated_teacher_index
87806446,1,3,Yushin Ito,54773249,yushin_20260726,zip,C:\Users\shiba\ptcc_pokemon_ai_buttle\data\runs\leaderboard_top50\alakazam\20260726_yushin_ito.zip,20260726_yushin_ito/episodes/87806446/replay/episode_87806446.json,0.5773502691896258,,validated_teacher_index
87806958,1,3,Yushin Ito,54773249,yushin_20260726,zip,C:\Users\shiba\ptcc_pokemon_ai_buttle\data\runs\leaderboard_top50\alakazam\20260726_yushin_ito.zip,20260726_yushin_ito/episodes/87806958/replay/episode_87806958.json,0.5773502691896258,,validated_teacher_index
87807497,0,3,Yushin Ito,54773249,yushin_20260726,zip,C:\Users\shiba\ptcc_pokemon_ai_buttle\data\runs\leaderboard_top50\alakazam\20260726_yushin_ito.zip,20260726_yushin_ito/episodes/87807497/replay/episode_87807497.json,0.5773502691896258,,validated_teacher_index
87807999,0,3,Yushin Ito,54773249,yushin_20260726,zip,C:\Users\shiba\ptcc_pokemon_ai_buttle\data\runs\leaderboard_top50\alakazam\20260726_yushin_ito.zip,20260726_yushin_ito/episodes/87807999/replay/episode_87807999.json,0.5773502691896258,,validated_teacher_index
87808008,0,3,Yushin Ito,54773249,yushin_20260726,zip,C:\Users\shiba\ptcc_pokemon_ai_buttle\data\runs\leaderboard_top50\alakazam\20260726_yushin_ito.zip,20260726_yushin_ito/episodes/87808008/replay/episode_87808008.json,0.5773502691896258,,validated_teacher_index
87808515,0,3,Yushin Ito,54773249,yushin_20260726,zip,C:\Users\shiba\ptcc_pokemon_ai_buttle\data\runs\leaderboard_top50\alakazam\20260726_yushin_ito.zip,20260726_yushin_ito/episodes/87808515/replay/episode_87808515.json,0.5773502691896258,,validated_teacher_index
87809023,1,3,Yushin Ito,54773249,yushin_20260726,zip,C:\Users\shiba\ptcc_pokemon_ai_buttle\data\runs\leaderboard_top50\alakazam\20260726_yushin_ito.zip,20260726_yushin_ito/episodes/87809023/replay/episode_87809023.json,0.5773502691896258,,validated_teacher_index
87809040,0,3,Yushin Ito,54773249,yushin_20260726,zip,C:\Users\shiba\ptcc_pokemon_ai_buttle\data\runs\leaderboard_top50\alakazam\20260726_yushin_ito.zip,20260726_yushin_ito/episodes/87809040/replay/episode_87809040.json,0.5773502691896258,,validated_teacher_index
87809556,1,3,Yushin Ito,54773249,yushin_20260726,zip,C:\Users\shiba\ptcc_pokemon_ai_buttle\data\runs\leaderboard_top50\alakazam\20260726_yushin_ito.zip,20260726_yushin_ito/episodes/87809556/replay/episode_87809556.json,0.5773502691896258,,validated_teacher_index
87810088,0,3,Yushin Ito,54773249,yushin_20260726,zip,C:\Users\shiba\ptcc_pokemon_ai_buttle\data\runs\leaderboard_top50\alakazam\20260726_yushin_ito.zip,20260726_yushin_ito/episodes/87810088/replay/episode_87810088.json,0.5773502691896258,,validated_teacher_index
87810609,0,3,Yushin Ito,54773249,yushin_20260726,zip,C:\Users\shiba\ptcc_pokemon_ai_buttle\data\runs\leaderboard_top50\alakazam\20260726_yushin_ito.zip,20260726_yushin_ito/episodes/87810609/replay/episode_87810609.json,0.5773502691896258,,validated_teacher_index
87811140,1,3,Yushin Ito,54773249,yushin_20260726,zip,C:\Users\shiba\ptcc_pokemon_ai_buttle\data\runs\leaderboard_top50\alakazam\20260726_yushin_ito.zip,20260726_yushin_ito/episodes/87811140/replay/episode_87811140.json,0.5773502691896258,,validated_teacher_index
87811664,0,3,Yushin Ito,54773249,yushin_20260726,zip,C:\Users\shiba\ptcc_pokemon_ai_buttle\data\runs\leaderboard_top50\alakazam\20260726_yushin_ito.zip,20260726_yushin_ito/episodes/87811664/replay/episode_87811664.json,0.5773502691896258,,validated_teacher_index
87812193,1,3,Yushin Ito,54773249,yushin_20260726,zip,C:\Users\shiba\ptcc_pokemon_ai_buttle\data\runs\leaderboard_top50\alakazam\20260726_yushin_ito.zip,20260726_yushin_ito/episodes/87812193/replay/episode_87812193.json,0.5773502691896258,,validated_teacher_index
87812723,0,3,Yushin Ito,54773249,yushin_20260726,zip,C:\Users\shiba\ptcc_pokemon_ai_buttle\data\runs\leaderboard_top50\alakazam\20260726_yushin_ito.zip,20260726_yushin_ito/episodes/87812723/replay/episode_87812723.json,0.5773502691896258,,validated_teacher_index
87813266,0,3,Yushin Ito,54773249,yushin_20260726,zip,C:\Users\shiba\ptcc_pokemon_ai_buttle\data\runs\leaderboard_top50\alakazam\20260726_yushin_ito.zip,20260726_yushin_ito/episodes/87813266/replay/episode_87813266.json,0.5773502691896258,,validated_teacher_index
87813776,0,3,Yushin Ito,54773249,yushin_20260726,zip,C:\Users\shiba\ptcc_pokemon_ai_buttle\data\runs\leaderboard_top50\alakazam\20260726_yushin_ito.zip,20260726_yushin_ito/episodes/87813776/replay/episode_87813776.json,0.5773502691896258,,validated_teacher_index
87814295,1,3,Yushin Ito,54773249,yushin_20260726,zip,C:\Users\shiba\ptcc_pokemon_ai_buttle\data\runs\leaderboard_top50\alakazam\20260726_yushin_ito.zip,20260726_yushin_ito/episodes/87814295/replay/episode_87814295.json,0.5773502691896258,,validated_teacher_index
87814816,0,3,Yushin Ito,54773249,yushin_20260726,zip,C:\Users\shiba\ptcc_pokemon_ai_buttle\data\runs\leaderboard_top50\alakazam\20260726_yushin_ito.zip,20260726_yushin_ito/episodes/87814816/replay/episode_87814816.json,0.5773502691896258,,validated_teacher_index
87815348,0,3,Yushin Ito,54773249,yushin_20260726,zip,C:\Users\shiba\ptcc_pokemon_ai_buttle\data\runs\leaderboard_top50\alakazam\20260726_yushin_ito.zip,20260726_yushin_ito/episodes/87815348/replay/episode_87815348.json,0.5773502691896258,,validated_teacher_index
87815889,1,3,Yushin Ito,54773249,yushin_20260726,zip,C:\Users\shiba\ptcc_pokemon_ai_buttle\data\runs\leaderboard_top50\alakazam\20260726_yushin_ito.zip,20260726_yushin_ito/episodes/87815889/replay/episode_87815889.json,0.5773502691896258,,validated_teacher_index
87816391,0,3,Yushin Ito,54773249,yushin_20260726,zip,C:\Users\shiba\ptcc_pokemon_ai_buttle\data\runs\leaderboard_top50\alakazam\20260726_yushin_ito.zip,20260726_yushin_ito/episodes/87816391/replay/episode_87816391.json,0.5773502691896258,,validated_teacher_index
87816902,1,3,Yushin Ito,54773249,yushin_20260726,zip,C:\Users\shiba\ptcc_pokemon_ai_buttle\data\runs\leaderboard_top50\alakazam\20260726_yushin_ito.zip,20260726_yushin_ito/episodes/87816902/replay/episode_87816902.json,0.5773502691896258,,validated_teacher_index
87817423,0,3,Yushin Ito,54773249,yushin_20260726,zip,C:\Users\shiba\ptcc_pokemon_ai_buttle\data\runs\leaderboard_top50\alakazam\20260726_yushin_ito.zip,20260726_yushin_ito/episodes/87817423/replay/episode_87817423.json,0.5773502691896258,,validated_teacher_index
87817950,1,3,Yushin Ito,54773249,yushin_20260726,zip,C:\Users\shiba\ptcc_pokemon_ai_buttle\data\runs\leaderboard_top50\alakazam\20260726_yushin_ito.zip,20260726_yushin_ito/episodes/87817950/replay/episode_87817950.json,0.5773502691896258,,validated_teacher_index
87818470,1,3,Yushin Ito,54773249,yushin_20260726,zip,C:\Users\shiba\ptcc_pokemon_ai_buttle\data\runs\leaderboard_top50\alakazam\20260726_yushin_ito.zip,20260726_yushin_ito/episodes/87818470/replay/episode_87818470.json,0.5773502691896258,,validated_teacher_index
87818476,0,3,Yushin Ito,54773249,yushin_20260726,zip,C:\Users\shiba\ptcc_pokemon_ai_buttle\data\runs\leaderboard_top50\alakazam\20260726_yushin_ito.zip,20260726_yushin_ito/episodes/87818476/replay/episode_87818476.json,0.5773502691896258,,validated_teacher_index
87819019,1,3,Yushin Ito,54773249,yushin_20260726,zip,C:\Users\shiba\ptcc_pokemon_ai_buttle\data\runs\leaderboard_top50\alakazam\20260726_yushin_ito.zip,20260726_yushin_ito/episodes/87819019/replay/episode_87819019.json,0.5773502691896258,,validated_teacher_index
87819534,0,3,Yushin Ito,54773249,yushin_20260726,zip,C:\Users\shiba\ptcc_pokemon_ai_buttle\data\runs\leaderboard_top50\alakazam\20260726_yushin_ito.zip,20260726_yushin_ito/episodes/87819534/replay/episode_87819534.json,0.5773502691896258,,validated_teacher_index
87820068,0,3,Yushin Ito,54773249,yushin_20260726,zip,C:\Users\shiba\ptcc_pokemon_ai_buttle\data\runs\leaderboard_top50\alakazam\20260726_yushin_ito.zip,20260726_yushin_ito/episodes/87820068/replay/episode_87820068.json,0.5773502691896258,,validated_teacher_index
87820562,0,3,Yushin Ito,54773249,yushin_20260726,zip,C:\Users\shiba\ptcc_pokemon_ai_buttle\data\runs\leaderboard_top50\alakazam\20260726_yushin_ito.zip,20260726_yushin_ito/episodes/87820562/replay/episode_87820562.json,0.5773502691896258,,validated_teacher_index
87820691,1,3,Yushin Ito,54773249,yushin_20260726,zip,C:\Users\shiba\ptcc_pokemon_ai_buttle\data\runs\leaderboard_top50\alakazam\20260726_yushin_ito.zip,20260726_yushin_ito/episodes/87820691/replay/episode_87820691.json,0.5773502691896258,,validated_teacher_index
87820700,0,3,Yushin Ito,54773249,yushin_20260726,zip,C:\Users\shiba\ptcc_pokemon_ai_buttle\data\runs\leaderboard_top50\alakazam\20260726_yushin_ito.zip,20260726_yushin_ito/episodes/87820700/replay/episode_87820700.json,0.5773502691896258,,validated_teacher_index
87821099,0,3,Yushin Ito,54773249,yushin_20260726,zip,C:\Users\shiba\ptcc_pokemon_ai_buttle\data\runs\leaderboard_top50\alakazam\20260726_yushin_ito.zip,20260726_yushin_ito/episodes/87821099/replay/episode_87821099.json,0.5773502691896258,,validated_teacher_index
87821628,1,3,Yushin Ito,54773249,yushin_20260726,zip,C:\Users\shiba\ptcc_pokemon_ai_buttle\data\runs\leaderboard_top50\alakazam\20260726_yushin_ito.zip,20260726_yushin_ito/episodes/87821628/replay/episode_87821628.json,0.5773502691896258,,validated_teacher_index
87822130,0,3,Yushin Ito,54773249,yushin_20260726,zip,C:\Users\shiba\ptcc_pokemon_ai_buttle\data\runs\leaderboard_top50\alakazam\20260726_yushin_ito.zip,20260726_yushin_ito/episodes/87822130/replay/episode_87822130.json,0.5773502691896258,,validated_teacher_index
87822659,0,3,Yushin Ito,54773249,yushin_20260726,zip,C:\Users\shiba\ptcc_pokemon_ai_buttle\data\runs\leaderboard_top50\alakazam\20260726_yushin_ito.zip,20260726_yushin_ito/episodes/87822659/replay/episode_87822659.json,0.5773502691896258,,validated_teacher_index
87823184,0,3,Yushin Ito,54773249,yushin_20260726,zip,C:\Users\shiba\ptcc_pokemon_ai_buttle\data\runs\leaderboard_top50\alakazam\20260726_yushin_ito.zip,20260726_yushin_ito/episodes/87823184/replay/episode_87823184.json,0.5773502691896258,,validated_teacher_index
87823645,0,3,Yushin Ito,54773249,yushin_20260726,zip,C:\Users\shiba\ptcc_pokemon_ai_buttle\data\runs\leaderboard_top50\alakazam\20260726_yushin_ito.zip,20260726_yushin_ito/episodes/87823645/replay/episode_87823645.json,0.5773502691896258,,validated_teacher_index
87824169,0,3,Yushin Ito,54773249,yushin_20260726,zip,C:\Users\shiba\ptcc_pokemon_ai_buttle\data\runs\leaderboard_top50\alakazam\20260726_yushin_ito.zip,20260726_yushin_ito/episodes/87824169/replay/episode_87824169.json,0.5773502691896258,,validated_teacher_index
87824705,1,3,Yushin Ito,54773249,yushin_20260726,zip,C:\Users\shiba\ptcc_pokemon_ai_buttle\data\runs\leaderboard_top50\alakazam\20260726_yushin_ito.zip,20260726_yushin_ito/episodes/87824705/replay/episode_87824705.json,0.5773502691896258,,validated_teacher_index
87825241,1,3,Yushin Ito,54773249,yushin_20260726,zip,C:\Users\shiba\ptcc_pokemon_ai_buttle\data\runs\leaderboard_top50\alakazam\20260726_yushin_ito.zip,20260726_yushin_ito/episodes/87825241/replay/episode_87825241.json,0.5773502691896258,,validated_teacher_index
87825766,1,3,Yushin Ito,54773249,yushin_20260726,zip,C:\Users\shiba\ptcc_pokemon_ai_buttle\data\runs\leaderboard_top50\alakazam\20260726_yushin_ito.zip,20260726_yushin_ito/episodes/87825766/replay/episode_87825766.json,0.5773502691896258,,validated_teacher_index
87825771,0,3,Yushin Ito,54773249,yushin_20260726,zip,C:\Users\shiba\ptcc_pokemon_ai_buttle\data\runs\leaderboard_top50\alakazam\20260726_yushin_ito.zip,20260726_yushin_ito/episodes/87825771/replay/episode_87825771.json,0.5773502691896258,,validated_teacher_index
87826313,0,3,Yushin Ito,54773249,yushin_20260726,zip,C:\Users\shiba\ptcc_pokemon_ai_buttle\data\runs\leaderboard_top50\alakazam\20260726_yushin_ito.zip,20260726_yushin_ito/episodes/87826313/replay/episode_87826313.json,0.5773502691896258,,validated_teacher_index
87826823,1,3,Yushin Ito,54773249,yushin_20260726,zip,C:\Users\shiba\ptcc_pokemon_ai_buttle\data\runs\leaderboard_top50\alakazam\20260726_yushin_ito.zip,20260726_yushin_ito/episodes/87826823/replay/episode_87826823.json,0.5773502691896258,,validated_teacher_index
87826839,1,3,Yushin Ito,54773249,yushin_20260726,zip,C:\Users\shiba\ptcc_pokemon_ai_buttle\data\runs\leaderboard_top50\alakazam\20260726_yushin_ito.zip,20260726_yushin_ito/episodes/87826839/replay/episode_87826839.json,0.5773502691896258,,validated_teacher_index
87827370,1,3,Yushin Ito,54773249,yushin_20260726,zip,C:\Users\shiba\ptcc_pokemon_ai_buttle\data\runs\leaderboard_top50\alakazam\20260726_yushin_ito.zip,20260726_yushin_ito/episodes/87827370/replay/episode_87827370.json,0.5773502691896258,,validated_teacher_index
87827889,1,3,Yushin Ito,54773249,yushin_20260726,zip,C:\Users\shiba\ptcc_pokemon_ai_buttle\data\runs\leaderboard_top50\alakazam\20260726_yushin_ito.zip,20260726_yushin_ito/episodes/87827889/replay/episode_87827889.json,0.5773502691896258,,validated_teacher_index
87828416,1,3,Yushin Ito,54773249,yushin_20260726,zip,C:\Users\shiba\ptcc_pokemon_ai_buttle\data\runs\leaderboard_top50\alakazam\20260726_yushin_ito.zip,20260726_yushin_ito/episodes/87828416/replay/episode_87828416.json,0.5773502691896258,,validated_teacher_index
87828948,0,3,Yushin Ito,54773249,yushin_20260726,zip,C:\Users\shiba\ptcc_pokemon_ai_buttle\data\runs\leaderboard_top50\alakazam\20260726_yushin_ito.zip,20260726_yushin_ito/episodes/87828948/replay/episode_87828948.json,0.5773502691896258,,validated_teacher_index
87829470,0,3,Yushin Ito,54773249,yushin_20260726,zip,C:\Users\shiba\ptcc_pokemon_ai_buttle\data\runs\leaderboard_top50\alakazam\20260726_yushin_ito.zip,20260726_yushin_ito/episodes/87829470/replay/episode_87829470.json,0.5773502691896258,,validated_teacher_index
87829994,1,3,Yushin Ito,54773249,yushin_20260726,zip,C:\Users\shiba\ptcc_pokemon_ai_buttle\data\runs\leaderboard_top50\alakazam\20260726_yushin_ito.zip,20260726_yushin_ito/episodes/87829994/replay/episode_87829994.json,0.5773502691896258,,validated_teacher_index
87830510,1,3,Yushin Ito,54773249,yushin_20260726,zip,C:\Users\shiba\ptcc_pokemon_ai_buttle\data\runs\leaderboard_top50\alakazam\20260726_yushin_ito.zip,20260726_yushin_ito/episodes/87830510/replay/episode_87830510.json,0.5773502691896258,,validated_teacher_index
87831029,1,3,Yushin Ito,54773249,yushin_20260726,zip,C:\Users\shiba\ptcc_pokemon_ai_buttle\data\runs\leaderboard_top50\alakazam\20260726_yushin_ito.zip,20260726_yushin_ito/episodes/87831029/replay/episode_87831029.json,0.5773502691896258,,validated_teacher_index
87831552,0,3,Yushin Ito,54773249,yushin_20260726,zip,C:\Users\shiba\ptcc_pokemon_ai_buttle\data\runs\leaderboard_top50\alakazam\20260726_yushin_ito.zip,20260726_yushin_ito/episodes/87831552/replay/episode_87831552.json,0.5773502691896258,,validated_teacher_index
87832073,0,3,Yushin Ito,54773249,yushin_20260726,zip,C:\Users\shiba\ptcc_pokemon_ai_buttle\data\runs\leaderboard_top50\alakazam\20260726_yushin_ito.zip,20260726_yushin_ito/episodes/87832073/replay/episode_87832073.json,0.5773502691896258,,validated_teacher_index
87832592,0,3,Yushin Ito,54773249,yushin_20260726,zip,C:\Users\shiba\ptcc_pokemon_ai_buttle\data\runs\leaderboard_top50\alakazam\20260726_yushin_ito.zip,20260726_yushin_ito/episodes/87832592/replay/episode_87832592.json,0.5773502691896258,,validated_teacher_index
87833125,0,3,Yushin Ito,54773249,yushin_20260726,zip,C:\Users\shiba\ptcc_pokemon_ai_buttle\data\runs\leaderboard_top50\alakazam\20260726_yushin_ito.zip,20260726_yushin_ito/episodes/87833125/replay/episode_87833125.json,0.5773502691896258,,validated_teacher_index
87833656,0,3,Yushin Ito,54773249,yushin_20260726,zip,C:\Users\shiba\ptcc_pokemon_ai_buttle\data\runs\leaderboard_top50\alakazam\20260726_yushin_ito.zip,20260726_yushin_ito/episodes/87833656/replay/episode_87833656.json,0.5773502691896258,,validated_teacher_index
87834181,1,3,Yushin Ito,54773249,yushin_20260726,zip,C:\Users\shiba\ptcc_pokemon_ai_buttle\data\runs\leaderboard_top50\alakazam\20260726_yushin_ito.zip,20260726_yushin_ito/episodes/87834181/replay/episode_87834181.json,0.5773502691896258,,validated_teacher_index
87834710,0,3,Yushin Ito,54773249,yushin_20260726,zip,C:\Users\shiba\ptcc_pokemon_ai_buttle\data\runs\leaderboard_top50\alakazam\20260726_yushin_ito.zip,20260726_yushin_ito/episodes/87834710/replay/episode_87834710.json,0.5773502691896258,,validated_teacher_index
87835231,0,3,Yushin Ito,54773249,yushin_20260726,zip,C:\Users\shiba\ptcc_pokemon_ai_buttle\data\runs\leaderboard_top50\alakazam\20260726_yushin_ito.zip,20260726_yushin_ito/episodes/87835231/replay/episode_87835231.json,0.5773502691896258,,validated_teacher_index
87835760,1,3,Yushin Ito,54773249,yushin_20260726,zip,C:\Users\shiba\ptcc_pokemon_ai_buttle\data\runs\leaderboard_top50\alakazam\20260726_yushin_ito.zip,20260726_yushin_ito/episodes/87835760/replay/episode_87835760.json,0.5773502691896258,,validated_teacher_index
87836288,1,3,Yushin Ito,54773249,yushin_20260726,zip,C:\Users\shiba\ptcc_pokemon_ai_buttle\data\runs\leaderboard_top50\alakazam\20260726_yushin_ito.zip,20260726_yushin_ito/episodes/87836288/replay/episode_87836288.json,0.5773502691896258,,validated_teacher_index
87836795,1,3,Yushin Ito,54773249,yushin_20260726,zip,C:\Users\shiba\ptcc_pokemon_ai_buttle\data\runs\leaderboard_top50\alakazam\20260726_yushin_ito.zip,20260726_yushin_ito/episodes/87836795/replay/episode_87836795.json,0.5773502691896258,,validated_teacher_index
87836806,1,3,Yushin Ito,54773249,yushin_20260726,zip,C:\Users\shiba\ptcc_pokemon_ai_buttle\data\runs\leaderboard_top50\alakazam\20260726_yushin_ito.zip,20260726_yushin_ito/episodes/87836806/replay/episode_87836806.json,0.5773502691896258,,validated_teacher_index
87837092,0,3,Yushin Ito,54773249,yushin_20260726,zip,C:\Users\shiba\ptcc_pokemon_ai_buttle\data\runs\leaderboard_top50\alakazam\20260726_yushin_ito.zip,20260726_yushin_ito/episodes/87837092/replay/episode_87837092.json,0.5773502691896258,,validated_teacher_index
87837333,0,3,Yushin Ito,54773249,yushin_20260726,zip,C:\Users\shiba\ptcc_pokemon_ai_buttle\data\runs\leaderboard_top50\alakazam\20260726_yushin_ito.zip,20260726_yushin_ito/episodes/87837333/replay/episode_87837333.json,0.5773502691896258,,validated_teacher_index
87837334,0,3,Yushin Ito,54773249,yushin_20260726,zip,C:\Users\shiba\ptcc_pokemon_ai_buttle\data\runs\leaderboard_top50\alakazam\20260726_yushin_ito.zip,20260726_yushin_ito/episodes/87837334/replay/episode_87837334.json,0.5773502691896258,,validated_teacher_index
87837857,1,3,Yushin Ito,54773249,yushin_20260726,zip,C:\Users\shiba\ptcc_pokemon_ai_buttle\data\runs\leaderboard_top50\alakazam\20260726_yushin_ito.zip,20260726_yushin_ito/episodes/87837857/replay/episode_87837857.json,0.5773502691896258,,validated_teacher_index
87837920,1,3,Yushin Ito,54773249,yushin_20260726,zip,C:\Users\shiba\ptcc_pokemon_ai_buttle\data\runs\leaderboard_top50\alakazam\20260726_yushin_ito.zip,20260726_yushin_ito/episodes/87837920/replay/episode_87837920.json,0.5773502691896258,,validated_teacher_index
87838355,0,3,Yushin Ito,54773249,yushin_20260726,zip,C:\Users\shiba\ptcc_pokemon_ai_buttle\data\runs\leaderboard_top50\alakazam\20260726_yushin_ito.zip,20260726_yushin_ito/episodes/87838355/replay/episode_87838355.json,0.5773502691896258,,validated_teacher_index
87838379,0,3,Yushin Ito,54773249,yushin_20260726,zip,C:\Users\shiba\ptcc_pokemon_ai_buttle\data\runs\leaderboard_top50\alakazam\20260726_yushin_ito.zip,20260726_yushin_ito/episodes/87838379/replay/episode_87838379.json,0.5773502691896258,,validated_teacher_index
87838893,1,3,Yushin Ito,54773249,yushin_20260726,zip,C:\Users\shiba\ptcc_pokemon_ai_buttle\data\runs\leaderboard_top50\alakazam\20260726_yushin_ito.zip,20260726_yushin_ito/episodes/87838893/replay/episode_87838893.json,0.5773502691896258,,validated_teacher_index
87838899,1,3,Yushin Ito,54773249,yushin_20260726,zip,C:\Users\shiba\ptcc_pokemon_ai_buttle\data\runs\leaderboard_top50\alakazam\20260726_yushin_ito.zip,20260726_yushin_ito/episodes/87838899/replay/episode_87838899.json,0.5773502691896258,,validated_teacher_index
87839422,1,3,Yushin Ito,54773249,yushin_20260726,zip,C:\Users\shiba\ptcc_pokemon_ai_buttle\data\runs\leaderboard_top50\alakazam\20260726_yushin_ito.zip,20260726_yushin_ito/episodes/87839422/replay/episode_87839422.json,0.5773502691896258,,validated_teacher_index
87839947,0,3,Yushin Ito,54773249,yushin_20260726,zip,C:\Users\shiba\ptcc_pokemon_ai_buttle\data\runs\leaderboard_top50\alakazam\20260726_yushin_ito.zip,20260726_yushin_ito/episodes/87839947/replay/episode_87839947.json,0.5773502691896258,,validated_teacher_index
87840472,0,3,Yushin Ito,54773249,yushin_20260726,zip,C:\Users\shiba\ptcc_pokemon_ai_buttle\data\runs\leaderboard_top50\alakazam\20260726_yushin_ito.zip,20260726_yushin_ito/episodes/87840472/replay/episode_87840472.json,0.5773502691896258,,validated_teacher_index
87841005,0,3,Yushin Ito,54773249,yushin_20260726,zip,C:\Users\shiba\ptcc_pokemon_ai_buttle\data\runs\leaderboard_top50\alakazam\20260726_yushin_ito.zip,20260726_yushin_ito/episodes/87841005/replay/episode_87841005.json,0.5773502691896258,,validated_teacher_index
87841571,1,3,Yushin Ito,54773249,yushin_20260726,zip,C:\Users\shiba\ptcc_pokemon_ai_buttle\data\runs\leaderboard_top50\alakazam\20260726_yushin_ito.zip,20260726_yushin_ito/episodes/87841571/replay/episode_87841571.json,0.5773502691896258,,validated_teacher_index
87842046,0,3,Yushin Ito,54773249,yushin_20260726,zip,C:\Users\shiba\ptcc_pokemon_ai_buttle\data\runs\leaderboard_top50\alakazam\20260726_yushin_ito.zip,20260726_yushin_ito/episodes/87842046/replay/episode_87842046.json,0.5773502691896258,,validated_teacher_index
87842567,0,3,Yushin Ito,54773249,yushin_20260726,zip,C:\Users\shiba\ptcc_pokemon_ai_buttle\data\runs\leaderboard_top50\alakazam\20260726_yushin_ito.zip,20260726_yushin_ito/episodes/87842567/replay/episode_87842567.json,0.5773502691896258,,validated_teacher_index
87843094,1,3,Yushin Ito,54773249,yushin_20260726,zip,C:\Users\shiba\ptcc_pokemon_ai_buttle\data\runs\leaderboard_top50\alakazam\20260726_yushin_ito.zip,20260726_yushin_ito/episodes/87843094/replay/episode_87843094.json,0.5773502691896258,,validated_teacher_index
87843630,1,3,Yushin Ito,54773249,yushin_20260726,zip,C:\Users\shiba\ptcc_pokemon_ai_buttle\data\runs\leaderboard_top50\alakazam\20260726_yushin_ito.zip,20260726_yushin_ito/episodes/87843630/replay/episode_87843630.json,0.5773502691896258,,validated_teacher_index
87844149,1,3,Yushin Ito,54773249,yushin_20260726,zip,C:\Users\shiba\ptcc_pokemon_ai_buttle\data\runs\leaderboard_top50\alakazam\20260726_yushin_ito.zip,20260726_yushin_ito/episodes/87844149/replay/episode_87844149.json,0.5773502691896258,,validated_teacher_index
87844593,0,3,Yushin Ito,54773249,yushin_20260726,zip,C:\Users\shiba\ptcc_pokemon_ai_buttle\data\runs\leaderboard_top50\alakazam\20260726_yushin_ito.zip,20260726_yushin_ito/episodes/87844593/replay/episode_87844593.json,0.5773502691896258,,validated_teacher_index
87845220,1,3,Yushin Ito,54773249,yushin_20260726,zip,C:\Users\shiba\ptcc_pokemon_ai_buttle\data\runs\leaderboard_top50\alakazam\20260726_yushin_ito.zip,20260726_yushin_ito/episodes/87845220/replay/episode_87845220.json,0.5773502691896258,,validated_teacher_index
87845598,1,3,Yushin Ito,54773249,yushin_20260726,zip,C:\Users\shiba\ptcc_pokemon_ai_buttle\data\runs\leaderboard_top50\alakazam\20260726_yushin_ito.zip,20260726_yushin_ito/episodes/87845598/replay/episode_87845598.json,0.5773502691896258,,validated_teacher_index
87845696,0,3,Yushin Ito,54773249,yushin_20260726,zip,C:\Users\shiba\ptcc_pokemon_ai_buttle\data\runs\leaderboard_top50\alakazam\20260726_yushin_ito.zip,20260726_yushin_ito/episodes/87845696/replay/episode_87845696.json,0.5773502691896258,,validated_teacher_index
87845708,0,3,Yushin Ito,54773249,yushin_20260726,zip,C:\Users\shiba\ptcc_pokemon_ai_buttle\data\runs\leaderboard_top50\alakazam\20260726_yushin_ito.zip,20260726_yushin_ito/episodes/87845708/replay/episode_87845708.json,0.5773502691896258,,validated_teacher_index
87845716,1,3,Yushin Ito,54773249,yushin_20260726,zip,C:\Users\shiba\ptcc_pokemon_ai_buttle\data\runs\leaderboard_top50\alakazam\20260726_yushin_ito.zip,20260726_yushin_ito/episodes/87845716/replay/episode_87845716.json,0.5773502691896258,,validated_teacher_index
87846228,0,3,Yushin Ito,54773249,yushin_20260726,zip,C:\Users\shiba\ptcc_pokemon_ai_buttle\data\runs\leaderboard_top50\alakazam\20260726_yushin_ito.zip,20260726_yushin_ito/episodes/87846228/replay/episode_87846228.json,0.5773502691896258,,validated_teacher_index
87846247,0,3,Yushin Ito,54773249,yushin_20260726,zip,C:\Users\shiba\ptcc_pokemon_ai_buttle\data\runs\leaderboard_top50\alakazam\20260726_yushin_ito.zip,20260726_yushin_ito/episodes/87846247/replay/episode_87846247.json,0.5773502691896258,,validated_teacher_index
87846746,1,3,Yushin Ito,54773249,yushin_20260726,zip,C:\Users\shiba\ptcc_pokemon_ai_buttle\data\runs\leaderboard_top50\alakazam\20260726_yushin_ito.zip,20260726_yushin_ito/episodes/87846746/replay/episode_87846746.json,0.5773502691896258,,validated_teacher_index
87846766,0,3,Yushin Ito,54773249,yushin_20260726,zip,C:\Users\shiba\ptcc_pokemon_ai_buttle\data\runs\leaderboard_top50\alakazam\20260726_yushin_ito.zip,20260726_yushin_ito/episodes/87846766/replay/episode_87846766.json,0.5773502691896258,,validated_teacher_index
87847266,1,3,Yushin Ito,54773249,yushin_20260726,zip,C:\Users\shiba\ptcc_pokemon_ai_buttle\data\runs\leaderboard_top50\alakazam\20260726_yushin_ito.zip,20260726_yushin_ito/episodes/87847266/replay/episode_87847266.json,0.5773502691896258,,validated_teacher_index
87847279,0,3,Yushin Ito,54773249,yushin_20260726,zip,C:\Users\shiba\ptcc_pokemon_ai_buttle\data\runs\leaderboard_top50\alakazam\20260726_yushin_ito.zip,20260726_yushin_ito/episodes/87847279/replay/episode_87847279.json,0.5773502691896258,,validated_teacher_index
87847800,0,3,Yushin Ito,54773249,yushin_20260726,zip,C:\Users\shiba\ptcc_pokemon_ai_buttle\data\runs\leaderboard_top50\alakazam\20260726_yushin_ito.zip,20260726_yushin_ito/episodes/87847800/replay/episode_87847800.json,0.5773502691896258,,validated_teacher_index
87848342,0,3,Yushin Ito,54773249,yushin_20260726,zip,C:\Users\shiba\ptcc_pokemon_ai_buttle\data\runs\leaderboard_top50\alakazam\20260726_yushin_ito.zip,20260726_yushin_ito/episodes/87848342/replay/episode_87848342.json,0.5773502691896258,,validated_teacher_index
87848862,1,3,Yushin Ito,54773249,yushin_20260726,zip,C:\Users\shiba\ptcc_pokemon_ai_buttle\data\runs\leaderboard_top50\alakazam\20260726_yushin_ito.zip,20260726_yushin_ito/episodes/87848862/replay/episode_87848862.json,0.5773502691896258,,validated_teacher_index
87849389,1,3,Yushin Ito,54773249,yushin_20260726,zip,C:\Users\shiba\ptcc_pokemon_ai_buttle\data\runs\leaderboard_top50\alakazam\20260726_yushin_ito.zip,20260726_yushin_ito/episodes/87849389/replay/episode_87849389.json,0.5773502691896258,,validated_teacher_index
87849900,0,3,Yushin Ito,54773249,yushin_20260726,zip,C:\Users\shiba\ptcc_pokemon_ai_buttle\data\runs\leaderboard_top50\alakazam\20260726_yushin_ito.zip,20260726_yushin_ito/episodes/87849900/replay/episode_87849900.json,0.5773502691896258,,validated_teacher_index
87849917,0,3,Yushin Ito,54773249,yushin_20260726,zip,C:\Users\shiba\ptcc_pokemon_ai_buttle\data\runs\leaderboard_top50\alakazam\20260726_yushin_ito.zip,20260726_yushin_ito/episodes/87849917/replay/episode_87849917.json,0.5773502691896258,,validated_teacher_index
87850460,0,3,Yushin Ito,54773249,yushin_20260726,zip,C:\Users\shiba\ptcc_pokemon_ai_buttle\data\runs\leaderboard_top50\alakazam\20260726_yushin_ito.zip,20260726_yushin_ito/episodes/87850460/replay/episode_87850460.json,0.5773502691896258,,validated_teacher_index
87850962,0,3,Yushin Ito,54773249,yushin_20260726,zip,C:\Users\shiba\ptcc_pokemon_ai_buttle\data\runs\leaderboard_top50\alakazam\20260726_yushin_ito.zip,20260726_yushin_ito/episodes/87850962/replay/episode_87850962.json,0.5773502691896258,,validated_teacher_index
87851494,0,3,Yushin Ito,54773249,yushin_20260726,zip,C:\Users\shiba\ptcc_pokemon_ai_buttle\data\runs\leaderboard_top50\alakazam\20260726_yushin_ito.zip,20260726_yushin_ito/episodes/87851494/replay/episode_87851494.json,0.5773502691896258,,validated_teacher_index
87852009,1,3,Yushin Ito,54773249,yushin_20260726,zip,C:\Users\shiba\ptcc_pokemon_ai_buttle\data\runs\leaderboard_top50\alakazam\20260726_yushin_ito.zip,20260726_yushin_ito/episodes/87852009/replay/episode_87852009.json,0.5773502691896258,,validated_teacher_index
87852530,0,3,Yushin Ito,54773249,yushin_20260726,zip,C:\Users\shiba\ptcc_pokemon_ai_buttle\data\runs\leaderboard_top50\alakazam\20260726_yushin_ito.zip,20260726_yushin_ito/episodes/87852530/replay/episode_87852530.json,0.5773502691896258,,validated_teacher_index
87852603,0,3,Yushin Ito,54773249,yushin_20260726,zip,C:\Users\shiba\ptcc_pokemon_ai_buttle\data\runs\leaderboard_top50\alakazam\20260726_yushin_ito.zip,20260726_yushin_ito/episodes/87852603/replay/episode_87852603.json,0.5773502691896258,,validated_teacher_index
87853069,1,3,Yushin Ito,54773249,yushin_20260726,zip,C:\Users\shiba\ptcc_pokemon_ai_buttle\data\runs\leaderboard_top50\alakazam\20260726_yushin_ito.zip,20260726_yushin_ito/episodes/87853069/replay/episode_87853069.json,0.5773502691896258,,validated_teacher_index
87853587,0,3,Yushin Ito,54773249,yushin_20260726,zip,C:\Users\shiba\ptcc_pokemon_ai_buttle\data\runs\leaderboard_top50\alakazam\20260726_yushin_ito.zip,20260726_yushin_ito/episodes/87853587/replay/episode_87853587.json,0.5773502691896258,,validated_teacher_index
87853596,1,3,Yushin Ito,54773249,yushin_20260726,zip,C:\Users\shiba\ptcc_pokemon_ai_buttle\data\runs\leaderboard_top50\alakazam\20260726_yushin_ito.zip,20260726_yushin_ito/episodes/87853596/replay/episode_87853596.json,0.5773502691896258,,validated_teacher_index
87854121,1,3,Yushin Ito,54773249,yushin_20260726,zip,C:\Users\shiba\ptcc_pokemon_ai_buttle\data\runs\leaderboard_top50\alakazam\20260726_yushin_ito.zip,20260726_yushin_ito/episodes/87854121/replay/episode_87854121.json,0.5773502691896258,,validated_teacher_index
87854643,1,3,Yushin Ito,54773249,yushin_20260726,zip,C:\Users\shiba\ptcc_pokemon_ai_buttle\data\runs\leaderboard_top50\alakazam\20260726_yushin_ito.zip,20260726_yushin_ito/episodes/87854643/replay/episode_87854643.json,0.5773502691896258,,validated_teacher_index
87855171,1,3,Yushin Ito,54773249,yushin_20260726,zip,C:\Users\shiba\ptcc_pokemon_ai_buttle\data\runs\leaderboard_top50\alakazam\20260726_yushin_ito.zip,20260726_yushin_ito/episodes/87855171/replay/episode_87855171.json,0.5773502691896258,,validated_teacher_index
87855695,0,3,Yushin Ito,54773249,yushin_20260726,zip,C:\Users\shiba\ptcc_pokemon_ai_buttle\data\runs\leaderboard_top50\alakazam\20260726_yushin_ito.zip,20260726_yushin_ito/episodes/87855695/replay/episode_87855695.json,0.5773502691896258,,validated_teacher_index
87856213,1,3,Yushin Ito,54773249,yushin_20260726,zip,C:\Users\shiba\ptcc_pokemon_ai_buttle\data\runs\leaderboard_top50\alakazam\20260726_yushin_ito.zip,20260726_yushin_ito/episodes/87856213/replay/episode_87856213.json,0.5773502691896258,,validated_teacher_index
87856730,0,3,Yushin Ito,54773249,yushin_20260726,zip,C:\Users\shiba\ptcc_pokemon_ai_buttle\data\runs\leaderboard_top50\alakazam\20260726_yushin_ito.zip,20260726_yushin_ito/episodes/87856730/replay/episode_87856730.json,0.5773502691896258,,validated_teacher_index
87857264,1,3,Yushin Ito,54773249,yushin_20260726,zip,C:\Users\shiba\ptcc_pokemon_ai_buttle\data\runs\leaderboard_top50\alakazam\20260726_yushin_ito.zip,20260726_yushin_ito/episodes/87857264/replay/episode_87857264.json,0.5773502691896258,,validated_teacher_index
87857553,0,3,Yushin Ito,54773249,yushin_20260726,zip,C:\Users\shiba\ptcc_pokemon_ai_buttle\data\runs\leaderboard_top50\alakazam\20260726_yushin_ito.zip,20260726_yushin_ito/episodes/87857553/replay/episode_87857553.json,0.5773502691896258,,validated_teacher_index
87857784,0,3,Yushin Ito,54773249,yushin_20260726,zip,C:\Users\shiba\ptcc_pokemon_ai_buttle\data\runs\leaderboard_top50\alakazam\20260726_yushin_ito.zip,20260726_yushin_ito/episodes/87857784/replay/episode_87857784.json,0.5773502691896258,,validated_teacher_index
87858288,1,3,Yushin Ito,54773249,yushin_20260726,zip,C:\Users\shiba\ptcc_pokemon_ai_buttle\data\runs\leaderboard_top50\alakazam\20260726_yushin_ito.zip,20260726_yushin_ito/episodes/87858288/replay/episode_87858288.json,0.5773502691896258,,validated_teacher_index
87858304,1,3,Yushin Ito,54773249,yushin_20260726,zip,C:\Users\shiba\ptcc_pokemon_ai_buttle\data\runs\leaderboard_top50\alakazam\20260726_yushin_ito.zip,20260726_yushin_ito/episodes/87858304/replay/episode_87858304.json,0.5773502691896258,,validated_teacher_index
87858826,0,3,Yushin Ito,54773249,yushin_20260726,zip,C:\Users\shiba\ptcc_pokemon_ai_buttle\data\runs\leaderboard_top50\alakazam\20260726_yushin_ito.zip,20260726_yushin_ito/episodes/87858826/replay/episode_87858826.json,0.5773502691896258,,validated_teacher_index
87859357,1,3,Yushin Ito,54773249,yushin_20260726,zip,C:\Users\shiba\ptcc_pokemon_ai_buttle\data\runs\leaderboard_top50\alakazam\20260726_yushin_ito.zip,20260726_yushin_ito/episodes/87859357/replay/episode_87859357.json,0.5773502691896258,,validated_teacher_index
87859364,0,3,Yushin Ito,54773249,yushin_20260726,zip,C:\Users\shiba\ptcc_pokemon_ai_buttle\data\runs\leaderboard_top50\alakazam\20260726_yushin_ito.zip,20260726_yushin_ito/episodes/87859364/replay/episode_87859364.json,0.5773502691896258,,validated_teacher_index
87859465,0,3,Yushin Ito,54773249,yushin_20260726,zip,C:\Users\shiba\ptcc_pokemon_ai_buttle\data\runs\leaderboard_top50\alakazam\20260726_yushin_ito.zip,20260726_yushin_ito/episodes/87859465/replay/episode_87859465.json,0.5773502691896258,,validated_teacher_index
87859880,0,3,Yushin Ito,54773249,yushin_20260726,zip,C:\Users\shiba\ptcc_pokemon_ai_buttle\data\runs\leaderboard_top50\alakazam\20260726_yushin_ito.zip,20260726_yushin_ito/episodes/87859880/replay/episode_87859880.json,0.5773502691896258,,validated_teacher_index
87859900,0,3,Yushin Ito,54773249,yushin_20260726,zip,C:\Users\shiba\ptcc_pokemon_ai_buttle\data\runs\leaderboard_top50\alakazam\20260726_yushin_ito.zip,20260726_yushin_ito/episodes/87859900/replay/episode_87859900.json,0.5773502691896258,,validated_teacher_index
87860441,0,3,Yushin Ito,54773249,yushin_20260726,zip,C:\Users\shiba\ptcc_pokemon_ai_buttle\data\runs\leaderboard_top50\alakazam\20260726_yushin_ito.zip,20260726_yushin_ito/episodes/87860441/replay/episode_87860441.json,0.5773502691896258,,validated_teacher_index
87860972,1,3,Yushin Ito,54773249,yushin_20260726,zip,C:\Users\shiba\ptcc_pokemon_ai_buttle\data\runs\leaderboard_top50\alakazam\20260726_yushin_ito.zip,20260726_yushin_ito/episodes/87860972/replay/episode_87860972.json,0.5773502691896258,,validated_teacher_index
87861514,1,3,Yushin Ito,54773249,yushin_20260726,zip,C:\Users\shiba\ptcc_pokemon_ai_buttle\data\runs\leaderboard_top50\alakazam\20260726_yushin_ito.zip,20260726_yushin_ito/episodes/87861514/replay/episode_87861514.json,0.5773502691896258,,validated_teacher_index
87862016,0,3,Yushin Ito,54773249,yushin_20260726,zip,C:\Users\shiba\ptcc_pokemon_ai_buttle\data\runs\leaderboard_top50\alakazam\20260726_yushin_ito.zip,20260726_yushin_ito/episodes/87862016/replay/episode_87862016.json,0.5773502691896258,,validated_teacher_index
87862529,0,3,Yushin Ito,54773249,yushin_20260726,zip,C:\Users\shiba\ptcc_pokemon_ai_buttle\data\runs\leaderboard_top50\alakazam\20260726_yushin_ito.zip,20260726_yushin_ito/episodes/87862529/replay/episode_87862529.json,0.5773502691896258,,validated_teacher_index
87863094,0,3,Yushin Ito,54773249,yushin_20260726,zip,C:\Users\shiba\ptcc_pokemon_ai_buttle\data\runs\leaderboard_top50\alakazam\20260726_yushin_ito.zip,20260726_yushin_ito/episodes/87863094/replay/episode_87863094.json,0.5773502691896258,,validated_teacher_index
87863606,0,3,Yushin Ito,54773249,yushin_20260726,zip,C:\Users\shiba\ptcc_pokemon_ai_buttle\data\runs\leaderboard_top50\alakazam\20260726_yushin_ito.zip,20260726_yushin_ito/episodes/87863606/replay/episode_87863606.json,0.5773502691896258,,validated_teacher_index
87864154,0,3,Yushin Ito,54773249,yushin_20260726,zip,C:\Users\shiba\ptcc_pokemon_ai_buttle\data\runs\leaderboard_top50\alakazam\20260726_yushin_ito.zip,20260726_yushin_ito/episodes/87864154/replay/episode_87864154.json,0.5773502691896258,,validated_teacher_index
87864738,0,3,Yushin Ito,54773249,yushin_20260726,zip,C:\Users\shiba\ptcc_pokemon_ai_buttle\data\runs\leaderboard_top50\alakazam\20260726_yushin_ito.zip,20260726_yushin_ito/episodes/87864738/replay/episode_87864738.json,0.5773502691896258,,validated_teacher_index
87865131,0,3,Yushin Ito,54773249,yushin_20260726,zip,C:\Users\shiba\ptcc_pokemon_ai_buttle\data\runs\leaderboard_top50\alakazam\20260726_yushin_ito.zip,20260726_yushin_ito/episodes/87865131/replay/episode_87865131.json,0.5773502691896258,,validated_teacher_index
87867110,0,3,Yushin Ito,54773249,yushin_20260726,zip,C:\Users\shiba\ptcc_pokemon_ai_buttle\data\runs\leaderboard_top50\alakazam\20260726_yushin_ito.zip,20260726_yushin_ito/episodes/87867110/replay/episode_87867110.json,0.5773502691896258,,validated_teacher_index
87867267,0,3,Yushin Ito,54773249,yushin_20260726,zip,C:\Users\shiba\ptcc_pokemon_ai_buttle\data\runs\leaderboard_top50\alakazam\20260726_yushin_ito.zip,20260726_yushin_ito/episodes/87867267/replay/episode_87867267.json,0.5773502691896258,,validated_teacher_index
87868329,0,3,Yushin Ito,54773249,yushin_20260726,zip,C:\Users\shiba\ptcc_pokemon_ai_buttle\data\runs\leaderboard_top50\alakazam\20260726_yushin_ito.zip,20260726_yushin_ito/episodes/87868329/replay/episode_87868329.json,0.5773502691896258,,validated_teacher_index
87874188,1,3,Yushin Ito,54773249,yushin_20260726,zip,C:\Users\shiba\ptcc_pokemon_ai_buttle\data\runs\leaderboard_top50\alakazam\20260726_yushin_ito.zip,20260726_yushin_ito/episodes/87874188/replay/episode_87874188.json,0.5773502691896258,,validated_teacher_index
87876221,1,3,Yushin Ito,54773249,yushin_20260726,zip,C:\Users\shiba\ptcc_pokemon_ai_buttle\data\runs\leaderboard_top50\alakazam\20260726_yushin_ito.zip,20260726_yushin_ito/episodes/87876221/replay/episode_87876221.json,0.5773502691896258,,validated_teacher_index
87876588,1,3,Yushin Ito,54773249,yushin_20260726,zip,C:\Users\shiba\ptcc_pokemon_ai_buttle\data\runs\leaderboard_top50\alakazam\20260726_yushin_ito.zip,20260726_yushin_ito/episodes/87876588/replay/episode_87876588.json,0.5773502691896258,,validated_teacher_index
87885324,0,3,Yushin Ito,54773249,yushin_20260726,zip,C:\Users\shiba\ptcc_pokemon_ai_buttle\data\runs\leaderboard_top50\alakazam\20260726_yushin_ito.zip,20260726_yushin_ito/episodes/87885324/replay/episode_87885324.json,0.5773502691896258,,validated_teacher_index
87889688,1,3,Yushin Ito,54773249,yushin_20260726,zip,C:\Users\shiba\ptcc_pokemon_ai_buttle\data\runs\leaderboard_top50\alakazam\20260726_yushin_ito.zip,20260726_yushin_ito/episodes/87889688/replay/episode_87889688.json,0.5773502691896258,,validated_teacher_index
87891988,1,3,Yushin Ito,54773249,yushin_20260726,zip,C:\Users\shiba\ptcc_pokemon_ai_buttle\data\runs\leaderboard_top50\alakazam\20260726_yushin_ito.zip,20260726_yushin_ito/episodes/87891988/replay/episode_87891988.json,0.5773502691896258,,validated_teacher_index
87893202,0,3,Yushin Ito,54773249,yushin_20260726,zip,C:\Users\shiba\ptcc_pokemon_ai_buttle\data\runs\leaderboard_top50\alakazam\20260726_yushin_ito.zip,20260726_yushin_ito/episodes/87893202/replay/episode_87893202.json,0.5773502691896258,,validated_teacher_index
87893263,0,3,Yushin Ito,54773249,yushin_20260726,zip,C:\Users\shiba\ptcc_pokemon_ai_buttle\data\runs\leaderboard_top50\alakazam\20260726_yushin_ito.zip,20260726_yushin_ito/episodes/87893263/replay/episode_87893263.json,0.5773502691896258,,validated_teacher_index
87894392,1,3,Yushin Ito,54773249,yushin_20260726,zip,C:\Users\shiba\ptcc_pokemon_ai_buttle\data\runs\leaderboard_top50\alakazam\20260726_yushin_ito.zip,20260726_yushin_ito/episodes/87894392/replay/episode_87894392.json,0.5773502691896258,,validated_teacher_index
87894890,1,3,Yushin Ito,54773249,yushin_20260726,zip,C:\Users\shiba\ptcc_pokemon_ai_buttle\data\runs\leaderboard_top50\alakazam\20260726_yushin_ito.zip,20260726_yushin_ito/episodes/87894890/replay/episode_87894890.json,0.5773502691896258,,validated_teacher_index
87894915,0,3,Yushin Ito,54773249,yushin_20260726,zip,C:\Users\shiba\ptcc_pokemon_ai_buttle\data\runs\leaderboard_top50\alakazam\20260726_yushin_ito.zip,20260726_yushin_ito/episodes/87894915/replay/episode_87894915.json,0.5773502691896258,,validated_teacher_index
87896077,0,3,Yushin Ito,54773249,yushin_20260726,zip,C:\Users\shiba\ptcc_pokemon_ai_buttle\data\runs\leaderboard_top50\alakazam\20260726_yushin_ito.zip,20260726_yushin_ito/episodes/87896077/replay/episode_87896077.json,0.5773502691896258,,validated_teacher_index
87896098,0,3,Yushin Ito,54773249,yushin_20260726,zip,C:\Users\shiba\ptcc_pokemon_ai_buttle\data\runs\leaderboard_top50\alakazam\20260726_yushin_ito.zip,20260726_yushin_ito/episodes/87896098/replay/episode_87896098.json,0.5773502691896258,,validated_teacher_index
87896631,0,3,Yushin Ito,54773249,yushin_20260726,zip,C:\Users\shiba\ptcc_pokemon_ai_buttle\data\runs\leaderboard_top50\alakazam\20260726_yushin_ito.zip,20260726_yushin_ito/episodes/87896631/replay/episode_87896631.json,0.5773502691896258,,validated_teacher_index
87897800,1,3,Yushin Ito,54773249,yushin_20260726,zip,C:\Users\shiba\ptcc_pokemon_ai_buttle\data\runs\leaderboard_top50\alakazam\20260726_yushin_ito.zip,20260726_yushin_ito/episodes/87897800/replay/episode_87897800.json,0.5773502691896258,,validated_teacher_index
87898300,0,3,Yushin Ito,54773249,yushin_20260726,zip,C:\Users\shiba\ptcc_pokemon_ai_buttle\data\runs\leaderboard_top50\alakazam\20260726_yushin_ito.zip,20260726_yushin_ito/episodes/87898300/replay/episode_87898300.json,0.5773502691896258,,validated_teacher_index
87898821,0,3,Yushin Ito,54773249,yushin_20260726,zip,C:\Users\shiba\ptcc_pokemon_ai_buttle\data\runs\leaderboard_top50\alakazam\20260726_yushin_ito.zip,20260726_yushin_ito/episodes/87898821/replay/episode_87898821.json,0.5773502691896258,,validated_teacher_index
87898848,1,3,Yushin Ito,54773249,yushin_20260726,zip,C:\Users\shiba\ptcc_pokemon_ai_buttle\data\runs\leaderboard_top50\alakazam\20260726_yushin_ito.zip,20260726_yushin_ito/episodes/87898848/replay/episode_87898848.json,0.5773502691896258,,validated_teacher_index
87899387,0,3,Yushin Ito,54773249,yushin_20260726,zip,C:\Users\shiba\ptcc_pokemon_ai_buttle\data\runs\leaderboard_top50\alakazam\20260726_yushin_ito.zip,20260726_yushin_ito/episodes/87899387/replay/episode_87899387.json,0.5773502691896258,,validated_teacher_index
87899510,1,3,Yushin Ito,54773249,yushin_20260726,zip,C:\Users\shiba\ptcc_pokemon_ai_buttle\data\runs\leaderboard_top50\alakazam\20260726_yushin_ito.zip,20260726_yushin_ito/episodes/87899510/replay/episode_87899510.json,0.5773502691896258,,validated_teacher_index
87899971,1,3,Yushin Ito,54773249,yushin_20260726,zip,C:\Users\shiba\ptcc_pokemon_ai_buttle\data\runs\leaderboard_top50\alakazam\20260726_yushin_ito.zip,20260726_yushin_ito/episodes/87899971/replay/episode_87899971.json,0.5773502691896258,,validated_teacher_index
87900520,1,3,Yushin Ito,54773249,yushin_20260726,zip,C:\Users\shiba\ptcc_pokemon_ai_buttle\data\runs\leaderboard_top50\alakazam\20260726_yushin_ito.zip,20260726_yushin_ito/episodes/87900520/replay/episode_87900520.json,0.5773502691896258,,validated_teacher_index
87900535,1,3,Yushin Ito,54773249,yushin_20260726,zip,C:\Users\shiba\ptcc_pokemon_ai_buttle\data\runs\leaderboard_top50\alakazam\20260726_yushin_ito.zip,20260726_yushin_ito/episodes/87900535/replay/episode_87900535.json,0.5773502691896258,,validated_teacher_index
87901090,1,3,Yushin Ito,54773249,yushin_20260726,zip,C:\Users\shiba\ptcc_pokemon_ai_buttle\data\runs\leaderboard_top50\alakazam\20260726_yushin_ito.zip,20260726_yushin_ito/episodes/87901090/replay/episode_87901090.json,0.5773502691896258,,validated_teacher_index
87901108,1,3,Yushin Ito,54773249,yushin_20260726,zip,C:\Users\shiba\ptcc_pokemon_ai_buttle\data\runs\leaderboard_top50\alakazam\20260726_yushin_ito.zip,20260726_yushin_ito/episodes/87901108/replay/episode_87901108.json,0.5773502691896258,,validated_teacher_index
87901671,0,3,Yushin Ito,54773249,yushin_20260726,zip,C:\Users\shiba\ptcc_pokemon_ai_buttle\data\runs\leaderboard_top50\alakazam\20260726_yushin_ito.zip,20260726_yushin_ito/episodes/87901671/replay/episode_87901671.json,0.5773502691896258,,validated_teacher_index
87902267,1,3,Yushin Ito,54773249,yushin_20260726,zip,C:\Users\shiba\ptcc_pokemon_ai_buttle\data\runs\leaderboard_top50\alakazam\20260726_yushin_ito.zip,20260726_yushin_ito/episodes/87902267/replay/episode_87902267.json,0.5773502691896258,,validated_teacher_index
87902278,0,3,Yushin Ito,54773249,yushin_20260726,zip,C:\Users\shiba\ptcc_pokemon_ai_buttle\data\runs\leaderboard_top50\alakazam\20260726_yushin_ito.zip,20260726_yushin_ito/episodes/87902278/replay/episode_87902278.json,0.5773502691896258,,validated_teacher_index
87902842,0,3,Yushin Ito,54773249,yushin_20260726,zip,C:\Users\shiba\ptcc_pokemon_ai_buttle\data\runs\leaderboard_top50\alakazam\20260726_yushin_ito.zip,20260726_yushin_ito/episodes/87902842/replay/episode_87902842.json,0.5773502691896258,,validated_teacher_index
87903409,1,3,Yushin Ito,54773249,yushin_20260726,zip,C:\Users\shiba\ptcc_pokemon_ai_buttle\data\runs\leaderboard_top50\alakazam\20260726_yushin_ito.zip,20260726_yushin_ito/episodes/87903409/replay/episode_87903409.json,0.5773502691896258,,validated_teacher_index
87904022,0,3,Yushin Ito,54773249,yushin_20260726,zip,C:\Users\shiba\ptcc_pokemon_ai_buttle\data\runs\leaderboard_top50\alakazam\20260726_yushin_ito.zip,20260726_yushin_ito/episodes/87904022/replay/episode_87904022.json,0.5773502691896258,,validated_teacher_index
87904033,0,3,Yushin Ito,54773249,yushin_20260726,zip,C:\Users\shiba\ptcc_pokemon_ai_buttle\data\runs\leaderboard_top50\alakazam\20260726_yushin_ito.zip,20260726_yushin_ito/episodes/87904033/replay/episode_87904033.json,0.5773502691896258,,validated_teacher_index
87904135,1,3,Yushin Ito,54773249,yushin_20260726,zip,C:\Users\shiba\ptcc_pokemon_ai_buttle\data\runs\leaderboard_top50\alakazam\20260726_yushin_ito.zip,20260726_yushin_ito/episodes/87904135/replay/episode_87904135.json,0.5773502691896258,,validated_teacher_index
87904597,1,3,Yushin Ito,54773249,yushin_20260726,zip,C:\Users\shiba\ptcc_pokemon_ai_buttle\data\runs\leaderboard_top50\alakazam\20260726_yushin_ito.zip,20260726_yushin_ito/episodes/87904597/replay/episode_87904597.json,0.5773502691896258,,validated_teacher_index
87905167,1,3,Yushin Ito,54773249,yushin_20260726,zip,C:\Users\shiba\ptcc_pokemon_ai_buttle\data\runs\leaderboard_top50\alakazam\20260726_yushin_ito.zip,20260726_yushin_ito/episodes/87905167/replay/episode_87905167.json,0.5773502691896258,,validated_teacher_index
87905178,1,3,Yushin Ito,54773249,yushin_20260726,zip,C:\Users\shiba\ptcc_pokemon_ai_buttle\data\runs\leaderboard_top50\alakazam\20260726_yushin_ito.zip,20260726_yushin_ito/episodes/87905178/replay/episode_87905178.json,0.5773502691896258,,validated_teacher_index
87905773,0,3,Yushin Ito,54773249,yushin_20260726,zip,C:\Users\shiba\ptcc_pokemon_ai_buttle\data\runs\leaderboard_top50\alakazam\20260726_yushin_ito.zip,20260726_yushin_ito/episodes/87905773/replay/episode_87905773.json,0.5773502691896258,,validated_teacher_index
87906342,0,3,Yushin Ito,54773249,yushin_20260726,zip,C:\Users\shiba\ptcc_pokemon_ai_buttle\data\runs\leaderboard_top50\alakazam\20260726_yushin_ito.zip,20260726_yushin_ito/episodes/87906342/replay/episode_87906342.json,0.5773502691896258,,validated_teacher_index
87906932,1,3,Yushin Ito,54773249,yushin_20260726,zip,C:\Users\shiba\ptcc_pokemon_ai_buttle\data\runs\leaderboard_top50\alakazam\20260726_yushin_ito.zip,20260726_yushin_ito/episodes/87906932/replay/episode_87906932.json,0.5773502691896258,,validated_teacher_index
87907530,0,3,Yushin Ito,54773249,yushin_20260726,zip,C:\Users\shiba\ptcc_pokemon_ai_buttle\data\runs\leaderboard_top50\alakazam\20260726_yushin_ito.zip,20260726_yushin_ito/episodes/87907530/replay/episode_87907530.json,0.5773502691896258,,validated_teacher_index
87908114,1,3,Yushin Ito,54773249,yushin_20260726,zip,C:\Users\shiba\ptcc_pokemon_ai_buttle\data\runs\leaderboard_top50\alakazam\20260726_yushin_ito.zip,20260726_yushin_ito/episodes/87908114/replay/episode_87908114.json,0.5773502691896258,,validated_teacher_index
87908721,0,3,Yushin Ito,54773249,yushin_20260726,zip,C:\Users\shiba\ptcc_pokemon_ai_buttle\data\runs\leaderboard_top50\alakazam\20260726_yushin_ito.zip,20260726_yushin_ito/episodes/87908721/replay/episode_87908721.json,0.5773502691896258,,validated_teacher_index
87909329,1,3,Yushin Ito,54773249,yushin_20260726,zip,C:\Users\shiba\ptcc_pokemon_ai_buttle\data\runs\leaderboard_top50\alakazam\20260726_yushin_ito.zip,20260726_yushin_ito/episodes/87909329/replay/episode_87909329.json,0.5773502691896258,,validated_teacher_index
87909972,0,3,Yushin Ito,54773249,yushin_20260726,zip,C:\Users\shiba\ptcc_pokemon_ai_buttle\data\runs\leaderboard_top50\alakazam\20260726_yushin_ito.zip,20260726_yushin_ito/episodes/87909972/replay/episode_87909972.json,0.5773502691896258,,validated_teacher_index
87910556,1,3,Yushin Ito,54773249,yushin_20260726,zip,C:\Users\shiba\ptcc_pokemon_ai_buttle\data\runs\leaderboard_top50\alakazam\20260726_yushin_ito.zip,20260726_yushin_ito/episodes/87910556/replay/episode_87910556.json,0.5773502691896258,,validated_teacher_index
87910561,1,3,Yushin Ito,54773249,yushin_20260726,zip,C:\Users\shiba\ptcc_pokemon_ai_buttle\data\runs\leaderboard_top50\alakazam\20260726_yushin_ito.zip,20260726_yushin_ito/episodes/87910561/replay/episode_87910561.json,0.5773502691896258,,validated_teacher_index
87910597,1,3,Yushin Ito,54773249,yushin_20260726,zip,C:\Users\shiba\ptcc_pokemon_ai_buttle\data\runs\leaderboard_top50\alakazam\20260726_yushin_ito.zip,20260726_yushin_ito/episodes/87910597/replay/episode_87910597.json,0.5773502691896258,,validated_teacher_index
87911161,1,3,Yushin Ito,54773249,yushin_20260726,zip,C:\Users\shiba\ptcc_pokemon_ai_buttle\data\runs\leaderboard_top50\alakazam\20260726_yushin_ito.zip,20260726_yushin_ito/episodes/87911161/replay/episode_87911161.json,0.5773502691896258,,validated_teacher_index
87911751,1,3,Yushin Ito,54773249,yushin_20260726,zip,C:\Users\shiba\ptcc_pokemon_ai_buttle\data\runs\leaderboard_top50\alakazam\20260726_yushin_ito.zip,20260726_yushin_ito/episodes/87911751/replay/episode_87911751.json,0.5773502691896258,,validated_teacher_index
87912343,1,3,Yushin Ito,54773249,yushin_20260726,zip,C:\Users\shiba\ptcc_pokemon_ai_buttle\data\runs\leaderboard_top50\alakazam\20260726_yushin_ito.zip,20260726_yushin_ito/episodes/87912343/replay/episode_87912343.json,0.5773502691896258,,validated_teacher_index
87912951,1,3,Yushin Ito,54773249,yushin_20260726,zip,C:\Users\shiba\ptcc_pokemon_ai_buttle\data\runs\leaderboard_top50\alakazam\20260726_yushin_ito.zip,20260726_yushin_ito/episodes/87912951/replay/episode_87912951.json,0.5773502691896258,,validated_teacher_index
87913554,0,3,Yushin Ito,54773249,yushin_20260726,zip,C:\Users\shiba\ptcc_pokemon_ai_buttle\data\runs\leaderboard_top50\alakazam\20260726_yushin_ito.zip,20260726_yushin_ito/episodes/87913554/replay/episode_87913554.json,0.5773502691896258,,validated_teacher_index
87914203,0,3,Yushin Ito,54773249,yushin_20260726,zip,C:\Users\shiba\ptcc_pokemon_ai_buttle\data\runs\leaderboard_top50\alakazam\20260726_yushin_ito.zip,20260726_yushin_ito/episodes/87914203/replay/episode_87914203.json,0.5773502691896258,,validated_teacher_index
87914886,0,3,Yushin Ito,54773249,yushin_20260726,zip,C:\Users\shiba\ptcc_pokemon_ai_buttle\data\runs\leaderboard_top50\alakazam\20260726_yushin_ito.zip,20260726_yushin_ito/episodes/87914886/replay/episode_87914886.json,0.5773502691896258,,validated_teacher_index
87914904,1,3,Yushin Ito,54773249,yushin_20260726,zip,C:\Users\shiba\ptcc_pokemon_ai_buttle\data\runs\leaderboard_top50\alakazam\20260726_yushin_ito.zip,20260726_yushin_ito/episodes/87914904/replay/episode_87914904.json,0.5773502691896258,,validated_teacher_index
87915581,1,3,Yushin Ito,54773249,yushin_20260726,zip,C:\Users\shiba\ptcc_pokemon_ai_buttle\data\runs\leaderboard_top50\alakazam\20260726_yushin_ito.zip,20260726_yushin_ito/episodes/87915581/replay/episode_87915581.json,0.5773502691896258,,validated_teacher_index
87915609,1,3,Yushin Ito,54773249,yushin_20260726,zip,C:\Users\shiba\ptcc_pokemon_ai_buttle\data\runs\leaderboard_top50\alakazam\20260726_yushin_ito.zip,20260726_yushin_ito/episodes/87915609/replay/episode_87915609.json,0.5773502691896258,,validated_teacher_index
87915677,1,3,Yushin Ito,54773249,yushin_20260726,zip,C:\Users\shiba\ptcc_pokemon_ai_buttle\data\runs\leaderboard_top50\alakazam\20260726_yushin_ito.zip,20260726_yushin_ito/episodes/87915677/replay/episode_87915677.json,0.5773502691896258,,validated_teacher_index
87916360,0,3,Yushin Ito,54773249,yushin_20260726,zip,C:\Users\shiba\ptcc_pokemon_ai_buttle\data\runs\leaderboard_top50\alakazam\20260726_yushin_ito.zip,20260726_yushin_ito/episodes/87916360/replay/episode_87916360.json,0.5773502691896258,,validated_teacher_index
87916370,0,3,Yushin Ito,54773249,yushin_20260726,zip,C:\Users\shiba\ptcc_pokemon_ai_buttle\data\runs\leaderboard_top50\alakazam\20260726_yushin_ito.zip,20260726_yushin_ito/episodes/87916370/replay/episode_87916370.json,0.5773502691896258,,validated_teacher_index
87916374,0,3,Yushin Ito,54773249,yushin_20260726,zip,C:\Users\shiba\ptcc_pokemon_ai_buttle\data\runs\leaderboard_top50\alakazam\20260726_yushin_ito.zip,20260726_yushin_ito/episodes/87916374/replay/episode_87916374.json,0.5773502691896258,,validated_teacher_index
87917107,1,3,Yushin Ito,54773249,yushin_20260726,zip,C:\Users\shiba\ptcc_pokemon_ai_buttle\data\runs\leaderboard_top50\alakazam\20260726_yushin_ito.zip,20260726_yushin_ito/episodes/87917107/replay/episode_87917107.json,0.5773502691896258,,validated_teacher_index
87917108,0,3,Yushin Ito,54773249,yushin_20260726,zip,C:\Users\shiba\ptcc_pokemon_ai_buttle\data\runs\leaderboard_top50\alakazam\20260726_yushin_ito.zip,20260726_yushin_ito/episodes/87917108/replay/episode_87917108.json,0.5773502691896258,,validated_teacher_index
87917816,0,3,Yushin Ito,54773249,yushin_20260726,zip,C:\Users\shiba\ptcc_pokemon_ai_buttle\data\runs\leaderboard_top50\alakazam\20260726_yushin_ito.zip,20260726_yushin_ito/episodes/87917816/replay/episode_87917816.json,0.5773502691896258,,validated_teacher_index
87918611,0,3,Yushin Ito,54773249,yushin_20260726,zip,C:\Users\shiba\ptcc_pokemon_ai_buttle\data\runs\leaderboard_top50\alakazam\20260726_yushin_ito.zip,20260726_yushin_ito/episodes/87918611/replay/episode_87918611.json,0.5773502691896258,,validated_teacher_index
87918614,1,3,Yushin Ito,54773249,yushin_20260726,zip,C:\Users\shiba\ptcc_pokemon_ai_buttle\data\runs\leaderboard_top50\alakazam\20260726_yushin_ito.zip,20260726_yushin_ito/episodes/87918614/replay/episode_87918614.json,0.5773502691896258,,validated_teacher_index
87919335,1,3,Yushin Ito,54773249,yushin_20260726,zip,C:\Users\shiba\ptcc_pokemon_ai_buttle\data\runs\leaderboard_top50\alakazam\20260726_yushin_ito.zip,20260726_yushin_ito/episodes/87919335/replay/episode_87919335.json,0.5773502691896258,,validated_teacher_index
87920103,1,3,Yushin Ito,54773249,yushin_20260726,zip,C:\Users\shiba\ptcc_pokemon_ai_buttle\data\runs\leaderboard_top50\alakazam\20260726_yushin_ito.zip,20260726_yushin_ito/episodes/87920103/replay/episode_87920103.json,0.5773502691896258,,validated_teacher_index
87920793,0,3,Yushin Ito,54773249,yushin_20260726,zip,C:\Users\shiba\ptcc_pokemon_ai_buttle\data\runs\leaderboard_top50\alakazam\20260726_yushin_ito.zip,20260726_yushin_ito/episodes/87920793/replay/episode_87920793.json,0.5773502691896258,,validated_teacher_index
87920818,1,3,Yushin Ito,54773249,yushin_20260726,zip,C:\Users\shiba\ptcc_pokemon_ai_buttle\data\runs\leaderboard_top50\alakazam\20260726_yushin_ito.zip,20260726_yushin_ito/episodes/87920818/replay/episode_87920818.json,0.5773502691896258,,validated_teacher_index
87921507,1,3,Yushin Ito,54773249,yushin_20260726,zip,C:\Users\shiba\ptcc_pokemon_ai_buttle\data\runs\leaderboard_top50\alakazam\20260726_yushin_ito.zip,20260726_yushin_ito/episodes/87921507/replay/episode_87921507.json,0.5773502691896258,,validated_teacher_index
87921573,0,3,Yushin Ito,54773249,yushin_20260726,zip,C:\Users\shiba\ptcc_pokemon_ai_buttle\data\runs\leaderboard_top50\alakazam\20260726_yushin_ito.zip,20260726_yushin_ito/episodes/87921573/replay/episode_87921573.json,0.5773502691896258,,validated_teacher_index
87922215,1,3,Yushin Ito,54773249,yushin_20260726,zip,C:\Users\shiba\ptcc_pokemon_ai_buttle\data\runs\leaderboard_top50\alakazam\20260726_yushin_ito.zip,20260726_yushin_ito/episodes/87922215/replay/episode_87922215.json,0.5773502691896258,,validated_teacher_index
87922226,0,3,Yushin Ito,54773249,yushin_20260726,zip,C:\Users\shiba\ptcc_pokemon_ai_buttle\data\runs\leaderboard_top50\alakazam\20260726_yushin_ito.zip,20260726_yushin_ito/episodes/87922226/replay/episode_87922226.json,0.5773502691896258,,validated_teacher_index
87922230,1,3,Yushin Ito,54773249,yushin_20260726,zip,C:\Users\shiba\ptcc_pokemon_ai_buttle\data\runs\leaderboard_top50\alakazam\20260726_yushin_ito.zip,20260726_yushin_ito/episodes/87922230/replay/episode_87922230.json,0.5773502691896258,,validated_teacher_index
87922251,0,3,Yushin Ito,54773249,yushin_20260726,zip,C:\Users\shiba\ptcc_pokemon_ai_buttle\data\runs\leaderboard_top50\alakazam\20260726_yushin_ito.zip,20260726_yushin_ito/episodes/87922251/replay/episode_87922251.json,0.5773502691896258,,validated_teacher_index
87922922,0,3,Yushin Ito,54773249,yushin_20260726,zip,C:\Users\shiba\ptcc_pokemon_ai_buttle\data\runs\leaderboard_top50\alakazam\20260726_yushin_ito.zip,20260726_yushin_ito/episodes/87922922/replay/episode_87922922.json,0.5773502691896258,,validated_teacher_index
87922949,1,3,Yushin Ito,54773249,yushin_20260726,zip,C:\Users\shiba\ptcc_pokemon_ai_buttle\data\runs\leaderboard_top50\alakazam\20260726_yushin_ito.zip,20260726_yushin_ito/episodes/87922949/replay/episode_87922949.json,0.5773502691896258,,validated_teacher_index
87923617,0,3,Yushin Ito,54773249,yushin_20260726,zip,C:\Users\shiba\ptcc_pokemon_ai_buttle\data\runs\leaderboard_top50\alakazam\20260726_yushin_ito.zip,20260726_yushin_ito/episodes/87923617/replay/episode_87923617.json,0.5773502691896258,,validated_teacher_index
87924263,1,3,Yushin Ito,54773249,yushin_20260726,zip,C:\Users\shiba\ptcc_pokemon_ai_buttle\data\runs\leaderboard_top50\alakazam\20260726_yushin_ito.zip,20260726_yushin_ito/episodes/87924263/replay/episode_87924263.json,0.5773502691896258,,validated_teacher_index
87924272,1,3,Yushin Ito,54773249,yushin_20260726,zip,C:\Users\shiba\ptcc_pokemon_ai_buttle\data\runs\leaderboard_top50\alakazam\20260726_yushin_ito.zip,20260726_yushin_ito/episodes/87924272/replay/episode_87924272.json,0.5773502691896258,,validated_teacher_index
87924275,0,3,Yushin Ito,54773249,yushin_20260726,zip,C:\Users\shiba\ptcc_pokemon_ai_buttle\data\runs\leaderboard_top50\alakazam\20260726_yushin_ito.zip,20260726_yushin_ito/episodes/87924275/replay/episode_87924275.json,0.5773502691896258,,validated_teacher_index
87924528,0,3,Yushin Ito,54773249,yushin_20260726,zip,C:\Users\shiba\ptcc_pokemon_ai_buttle\data\runs\leaderboard_top50\alakazam\20260726_yushin_ito.zip,20260726_yushin_ito/episodes/87924528/replay/episode_87924528.json,0.5773502691896258,,validated_teacher_index
87924942,0,3,Yushin Ito,54773249,yushin_20260726,zip,C:\Users\shiba\ptcc_pokemon_ai_buttle\data\runs\leaderboard_top50\alakazam\20260726_yushin_ito.zip,20260726_yushin_ito/episodes/87924942/replay/episode_87924942.json,0.5773502691896258,,validated_teacher_index
87925561,1,3,Yushin Ito,54773249,yushin_20260726,zip,C:\Users\shiba\ptcc_pokemon_ai_buttle\data\runs\leaderboard_top50\alakazam\20260726_yushin_ito.zip,20260726_yushin_ito/episodes/87925561/replay/episode_87925561.json,0.5773502691896258,,validated_teacher_index
87926190,1,3,Yushin Ito,54773249,yushin_20260726,zip,C:\Users\shiba\ptcc_pokemon_ai_buttle\data\runs\leaderboard_top50\alakazam\20260726_yushin_ito.zip,20260726_yushin_ito/episodes/87926190/replay/episode_87926190.json,0.5773502691896258,,validated_teacher_index
87926198,0,3,Yushin Ito,54773249,yushin_20260726,zip,C:\Users\shiba\ptcc_pokemon_ai_buttle\data\runs\leaderboard_top50\alakazam\20260726_yushin_ito.zip,20260726_yushin_ito/episodes/87926198/replay/episode_87926198.json,0.5773502691896258,,validated_teacher_index
87926798,1,3,Yushin Ito,54773249,yushin_20260726,zip,C:\Users\shiba\ptcc_pokemon_ai_buttle\data\runs\leaderboard_top50\alakazam\20260726_yushin_ito.zip,20260726_yushin_ito/episodes/87926798/replay/episode_87926798.json,0.5773502691896258,,validated_teacher_index
87927375,0,3,Yushin Ito,54773249,yushin_20260726,zip,C:\Users\shiba\ptcc_pokemon_ai_buttle\data\runs\leaderboard_top50\alakazam\20260726_yushin_ito.zip,20260726_yushin_ito/episodes/87927375/replay/episode_87927375.json,0.5773502691896258,,validated_teacher_index
87927981,1,3,Yushin Ito,54773249,yushin_20260726,zip,C:\Users\shiba\ptcc_pokemon_ai_buttle\data\runs\leaderboard_top50\alakazam\20260726_yushin_ito.zip,20260726_yushin_ito/episodes/87927981/replay/episode_87927981.json,0.5773502691896258,,validated_teacher_index
87928599,0,3,Yushin Ito,54773249,yushin_20260726,zip,C:\Users\shiba\ptcc_pokemon_ai_buttle\data\runs\leaderboard_top50\alakazam\20260726_yushin_ito.zip,20260726_yushin_ito/episodes/87928599/replay/episode_87928599.json,0.5773502691896258,,validated_teacher_index
87928607,1,3,Yushin Ito,54773249,yushin_20260726,zip,C:\Users\shiba\ptcc_pokemon_ai_buttle\data\runs\leaderboard_top50\alakazam\20260726_yushin_ito.zip,20260726_yushin_ito/episodes/87928607/replay/episode_87928607.json,0.5773502691896258,,validated_teacher_index
87929212,0,3,Yushin Ito,54773249,yushin_20260726,zip,C:\Users\shiba\ptcc_pokemon_ai_buttle\data\runs\leaderboard_top50\alakazam\20260726_yushin_ito.zip,20260726_yushin_ito/episodes/87929212/replay/episode_87929212.json,0.5773502691896258,,validated_teacher_index
87929250,1,3,Yushin Ito,54773249,yushin_20260726,zip,C:\Users\shiba\ptcc_pokemon_ai_buttle\data\runs\leaderboard_top50\alakazam\20260726_yushin_ito.zip,20260726_yushin_ito/episodes/87929250/replay/episode_87929250.json,0.5773502691896258,,validated_teacher_index
87929822,0,3,Yushin Ito,54773249,yushin_20260726,zip,C:\Users\shiba\ptcc_pokemon_ai_buttle\data\runs\leaderboard_top50\alakazam\20260726_yushin_ito.zip,20260726_yushin_ito/episodes/87929822/replay/episode_87929822.json,0.5773502691896258,,validated_teacher_index
87930401,0,3,Yushin Ito,54773249,yushin_20260726,zip,C:\Users\shiba\ptcc_pokemon_ai_buttle\data\runs\leaderboard_top50\alakazam\20260726_yushin_ito.zip,20260726_yushin_ito/episodes/87930401/replay/episode_87930401.json,0.5773502691896258,,validated_teacher_index
87930412,0,3,Yushin Ito,54773249,yushin_20260726,zip,C:\Users\shiba\ptcc_pokemon_ai_buttle\data\runs\leaderboard_top50\alakazam\20260726_yushin_ito.zip,20260726_yushin_ito/episodes/87930412/replay/episode_87930412.json,0.5773502691896258,,validated_teacher_index
87930991,0,3,Yushin Ito,54773249,yushin_20260726,zip,C:\Users\shiba\ptcc_pokemon_ai_buttle\data\runs\leaderboard_top50\alakazam\20260726_yushin_ito.zip,20260726_yushin_ito/episodes/87930991/replay/episode_87930991.json,0.5773502691896258,,validated_teacher_index
87930997,0,3,Yushin Ito,54773249,yushin_20260726,zip,C:\Users\shiba\ptcc_pokemon_ai_buttle\data\runs\leaderboard_top50\alakazam\20260726_yushin_ito.zip,20260726_yushin_ito/episodes/87930997/replay/episode_87930997.json,0.5773502691896258,,validated_teacher_index
87931569,0,3,Yushin Ito,54773249,yushin_20260726,zip,C:\Users\shiba\ptcc_pokemon_ai_buttle\data\runs\leaderboard_top50\alakazam\20260726_yushin_ito.zip,20260726_yushin_ito/episodes/87931569/replay/episode_87931569.json,0.5773502691896258,,validated_teacher_index
87932247,0,3,Yushin Ito,54773249,yushin_20260726,zip,C:\Users\shiba\ptcc_pokemon_ai_buttle\data\runs\leaderboard_top50\alakazam\20260726_yushin_ito.zip,20260726_yushin_ito/episodes/87932247/replay/episode_87932247.json,0.5773502691896258,,validated_teacher_index
87932938,1,3,Yushin Ito,54773249,yushin_20260726,zip,C:\Users\shiba\ptcc_pokemon_ai_buttle\data\runs\leaderboard_top50\alakazam\20260726_yushin_ito.zip,20260726_yushin_ito/episodes/87932938/replay/episode_87932938.json,0.5773502691896258,,validated_teacher_index
87932941,0,3,Yushin Ito,54773249,yushin_20260726,zip,C:\Users\shiba\ptcc_pokemon_ai_buttle\data\runs\leaderboard_top50\alakazam\20260726_yushin_ito.zip,20260726_yushin_ito/episodes/87932941/replay/episode_87932941.json,0.5773502691896258,,validated_teacher_index
87932942,1,3,Yushin Ito,54773249,yushin_20260726,zip,C:\Users\shiba\ptcc_pokemon_ai_buttle\data\runs\leaderboard_top50\alakazam\20260726_yushin_ito.zip,20260726_yushin_ito/episodes/87932942/replay/episode_87932942.json,0.5773502691896258,,validated_teacher_index
87933625,1,3,Yushin Ito,54773249,yushin_20260726,zip,C:\Users\shiba\ptcc_pokemon_ai_buttle\data\runs\leaderboard_top50\alakazam\20260726_yushin_ito.zip,20260726_yushin_ito/episodes/87933625/replay/episode_87933625.json,0.5773502691896258,,validated_teacher_index
87933673,0,3,Yushin Ito,54773249,yushin_20260726,zip,C:\Users\shiba\ptcc_pokemon_ai_buttle\data\runs\leaderboard_top50\alakazam\20260726_yushin_ito.zip,20260726_yushin_ito/episodes/87933673/replay/episode_87933673.json,0.5773502691896258,,validated_teacher_index
87934286,1,3,Yushin Ito,54773249,yushin_20260726,zip,C:\Users\shiba\ptcc_pokemon_ai_buttle\data\runs\leaderboard_top50\alakazam\20260726_yushin_ito.zip,20260726_yushin_ito/episodes/87934286/replay/episode_87934286.json,0.5773502691896258,,validated_teacher_index
87934874,0,3,Yushin Ito,54773249,yushin_20260726,zip,C:\Users\shiba\ptcc_pokemon_ai_buttle\data\runs\leaderboard_top50\alakazam\20260726_yushin_ito.zip,20260726_yushin_ito/episodes/87934874/replay/episode_87934874.json,0.5773502691896258,,validated_teacher_index
87935512,0,3,Yushin Ito,54773249,yushin_20260726,zip,C:\Users\shiba\ptcc_pokemon_ai_buttle\data\runs\leaderboard_top50\alakazam\20260726_yushin_ito.zip,20260726_yushin_ito/episodes/87935512/replay/episode_87935512.json,0.5773502691896258,,validated_teacher_index
87936097,1,3,Yushin Ito,54773249,yushin_20260726,zip,C:\Users\shiba\ptcc_pokemon_ai_buttle\data\runs\leaderboard_top50\alakazam\20260726_yushin_ito.zip,20260726_yushin_ito/episodes/87936097/replay/episode_87936097.json,0.5773502691896258,,validated_teacher_index
87936699,0,3,Yushin Ito,54773249,yushin_20260726,zip,C:\Users\shiba\ptcc_pokemon_ai_buttle\data\runs\leaderboard_top50\alakazam\20260726_yushin_ito.zip,20260726_yushin_ito/episodes/87936699/replay/episode_87936699.json,0.5773502691896258,,validated_teacher_index
87936704,1,3,Yushin Ito,54773249,yushin_20260726,zip,C:\Users\shiba\ptcc_pokemon_ai_buttle\data\runs\leaderboard_top50\alakazam\20260726_yushin_ito.zip,20260726_yushin_ito/episodes/87936704/replay/episode_87936704.json,0.5773502691896258,,validated_teacher_index
87936722,1,3,Yushin Ito,54773249,yushin_20260726,zip,C:\Users\shiba\ptcc_pokemon_ai_buttle\data\runs\leaderboard_top50\alakazam\20260726_yushin_ito.zip,20260726_yushin_ito/episodes/87936722/replay/episode_87936722.json,0.5773502691896258,,validated_teacher_index
87937321,1,3,Yushin Ito,54773249,yushin_20260726,zip,C:\Users\shiba\ptcc_pokemon_ai_buttle\data\runs\leaderboard_top50\alakazam\20260726_yushin_ito.zip,20260726_yushin_ito/episodes/87937321/replay/episode_87937321.json,0.5773502691896258,,validated_teacher_index
87937954,1,3,Yushin Ito,54773249,yushin_20260726,zip,C:\Users\shiba\ptcc_pokemon_ai_buttle\data\runs\leaderboard_top50\alakazam\20260726_yushin_ito.zip,20260726_yushin_ito/episodes/87937954/replay/episode_87937954.json,0.5773502691896258,,validated_teacher_index
87937962,1,3,Yushin Ito,54773249,yushin_20260726,zip,C:\Users\shiba\ptcc_pokemon_ai_buttle\data\runs\leaderboard_top50\alakazam\20260726_yushin_ito.zip,20260726_yushin_ito/episodes/87937962/replay/episode_87937962.json,0.5773502691896258,,validated_teacher_index
87938540,0,3,Yushin Ito,54773249,yushin_20260726,zip,C:\Users\shiba\ptcc_pokemon_ai_buttle\data\runs\leaderboard_top50\alakazam\20260726_yushin_ito.zip,20260726_yushin_ito/episodes/87938540/replay/episode_87938540.json,0.5773502691896258,,validated_teacher_index
87938560,0,3,Yushin Ito,54773249,yushin_20260726,zip,C:\Users\shiba\ptcc_pokemon_ai_buttle\data\runs\leaderboard_top50\alakazam\20260726_yushin_ito.zip,20260726_yushin_ito/episodes/87938560/replay/episode_87938560.json,0.5773502691896258,,validated_teacher_index
87939121,0,3,Yushin Ito,54773249,yushin_20260726,zip,C:\Users\shiba\ptcc_pokemon_ai_buttle\data\runs\leaderboard_top50\alakazam\20260726_yushin_ito.zip,20260726_yushin_ito/episodes/87939121/replay/episode_87939121.json,0.5773502691896258,,validated_teacher_index
87939686,0,3,Yushin Ito,54773249,yushin_20260726,zip,C:\Users\shiba\ptcc_pokemon_ai_buttle\data\runs\leaderboard_top50\alakazam\20260726_yushin_ito.zip,20260726_yushin_ito/episodes/87939686/replay/episode_87939686.json,0.5773502691896258,,validated_teacher_index
87939696,1,3,Yushin Ito,54773249,yushin_20260726,zip,C:\Users\shiba\ptcc_pokemon_ai_buttle\data\runs\leaderboard_top50\alakazam\20260726_yushin_ito.zip,20260726_yushin_ito/episodes/87939696/replay/episode_87939696.json,0.5773502691896258,,validated_teacher_index
87940335,0,3,Yushin Ito,54773249,yushin_20260726,zip,C:\Users\shiba\ptcc_pokemon_ai_buttle\data\runs\leaderboard_top50\alakazam\20260726_yushin_ito.zip,20260726_yushin_ito/episodes/87940335/replay/episode_87940335.json,0.5773502691896258,,validated_teacher_index
87940906,0,3,Yushin Ito,54773249,yushin_20260726,zip,C:\Users\shiba\ptcc_pokemon_ai_buttle\data\runs\leaderboard_top50\alakazam\20260726_yushin_ito.zip,20260726_yushin_ito/episodes/87940906/replay/episode_87940906.json,0.5773502691896258,,validated_teacher_index
87940947,0,3,Yushin Ito,54773249,yushin_20260726,zip,C:\Users\shiba\ptcc_pokemon_ai_buttle\data\runs\leaderboard_top50\alakazam\20260726_yushin_ito.zip,20260726_yushin_ito/episodes/87940947/replay/episode_87940947.json,0.5773502691896258,,validated_teacher_index
87941474,0,3,Yushin Ito,54773249,yushin_20260726,zip,C:\Users\shiba\ptcc_pokemon_ai_buttle\data\runs\leaderboard_top50\alakazam\20260726_yushin_ito.zip,20260726_yushin_ito/episodes/87941474/replay/episode_87941474.json,0.5773502691896258,,validated_teacher_index
87942024,1,3,Yushin Ito,54773249,yushin_20260726,zip,C:\Users\shiba\ptcc_pokemon_ai_buttle\data\runs\leaderboard_top50\alakazam\20260726_yushin_ito.zip,20260726_yushin_ito/episodes/87942024/replay/episode_87942024.json,0.5773502691896258,,validated_teacher_index
87942580,0,3,Yushin Ito,54773249,yushin_20260726,zip,C:\Users\shiba\ptcc_pokemon_ai_buttle\data\runs\leaderboard_top50\alakazam\20260726_yushin_ito.zip,20260726_yushin_ito/episodes/87942580/replay/episode_87942580.json,0.5773502691896258,,validated_teacher_index
87942586,1,3,Yushin Ito,54773249,yushin_20260726,zip,C:\Users\shiba\ptcc_pokemon_ai_buttle\data\runs\leaderboard_top50\alakazam\20260726_yushin_ito.zip,20260726_yushin_ito/episodes/87942586/replay/episode_87942586.json,0.5773502691896258,,validated_teacher_index
87943123,1,3,Yushin Ito,54773249,yushin_20260726,zip,C:\Users\shiba\ptcc_pokemon_ai_buttle\data\runs\leaderboard_top50\alakazam\20260726_yushin_ito.zip,20260726_yushin_ito/episodes/87943123/replay/episode_87943123.json,0.5773502691896258,,validated_teacher_index
87943770,0,3,Yushin Ito,54773249,yushin_20260726,zip,C:\Users\shiba\ptcc_pokemon_ai_buttle\data\runs\leaderboard_top50\alakazam\20260726_yushin_ito.zip,20260726_yushin_ito/episodes/87943770/replay/episode_87943770.json,0.5773502691896258,,validated_teacher_index
87944451,1,3,Yushin Ito,54773249,yushin_20260726,zip,C:\Users\shiba\ptcc_pokemon_ai_buttle\data\runs\leaderboard_top50\alakazam\20260726_yushin_ito.zip,20260726_yushin_ito/episodes/87944451/replay/episode_87944451.json,0.5773502691896258,,validated_teacher_index
87945155,1,3,Yushin Ito,54773249,yushin_20260726,zip,C:\Users\shiba\ptcc_pokemon_ai_buttle\data\runs\leaderboard_top50\alakazam\20260726_yushin_ito.zip,20260726_yushin_ito/episodes/87945155/replay/episode_87945155.json,0.5773502691896258,,validated_teacher_index
87945717,0,3,Yushin Ito,54773249,yushin_20260726,zip,C:\Users\shiba\ptcc_pokemon_ai_buttle\data\runs\leaderboard_top50\alakazam\20260726_yushin_ito.zip,20260726_yushin_ito/episodes/87945717/replay/episode_87945717.json,0.5773502691896258,,validated_teacher_index
87947141,0,3,Yushin Ito,54773249,yushin_20260726,zip,C:\Users\shiba\ptcc_pokemon_ai_buttle\data\runs\leaderboard_top50\alakazam\20260726_yushin_ito.zip,20260726_yushin_ito/episodes/87947141/replay/episode_87947141.json,0.5773502691896258,,validated_teacher_index
87947174,1,3,Yushin Ito,54773249,yushin_20260726,zip,C:\Users\shiba\ptcc_pokemon_ai_buttle\data\runs\leaderboard_top50\alakazam\20260726_yushin_ito.zip,20260726_yushin_ito/episodes/87947174/replay/episode_87947174.json,0.5773502691896258,,validated_teacher_index
87947679,1,3,Yushin Ito,54773249,yushin_20260726,zip,C:\Users\shiba\ptcc_pokemon_ai_buttle\data\runs\leaderboard_top50\alakazam\20260726_yushin_ito.zip,20260726_yushin_ito/episodes/87947679/replay/episode_87947679.json,0.5773502691896258,,validated_teacher_index
87947692,1,3,Yushin Ito,54773249,yushin_20260726,zip,C:\Users\shiba\ptcc_pokemon_ai_buttle\data\runs\leaderboard_top50\alakazam\20260726_yushin_ito.zip,20260726_yushin_ito/episodes/87947692/replay/episode_87947692.json,0.5773502691896258,,validated_teacher_index
87948201,0,3,Yushin Ito,54773249,yushin_20260726,zip,C:\Users\shiba\ptcc_pokemon_ai_buttle\data\runs\leaderboard_top50\alakazam\20260726_yushin_ito.zip,20260726_yushin_ito/episodes/87948201/replay/episode_87948201.json,0.5773502691896258,,validated_teacher_index
87948738,0,3,Yushin Ito,54773249,yushin_20260726,zip,C:\Users\shiba\ptcc_pokemon_ai_buttle\data\runs\leaderboard_top50\alakazam\20260726_yushin_ito.zip,20260726_yushin_ito/episodes/87948738/replay/episode_87948738.json,0.5773502691896258,,validated_teacher_index
87949274,1,3,Yushin Ito,54773249,yushin_20260726,zip,C:\Users\shiba\ptcc_pokemon_ai_buttle\data\runs\leaderboard_top50\alakazam\20260726_yushin_ito.zip,20260726_yushin_ito/episodes/87949274/replay/episode_87949274.json,0.5773502691896258,,validated_teacher_index
87949282,1,3,Yushin Ito,54773249,yushin_20260726,zip,C:\Users\shiba\ptcc_pokemon_ai_buttle\data\runs\leaderboard_top50\alakazam\20260726_yushin_ito.zip,20260726_yushin_ito/episodes/87949282/replay/episode_87949282.json,0.5773502691896258,,validated_teacher_index
87949284,0,3,Yushin Ito,54773249,yushin_20260726,zip,C:\Users\shiba\ptcc_pokemon_ai_buttle\data\runs\leaderboard_top50\alakazam\20260726_yushin_ito.zip,20260726_yushin_ito/episodes/87949284/replay/episode_87949284.json,0.5773502691896258,,validated_teacher_index
87949848,1,3,Yushin Ito,54773249,yushin_20260726,zip,C:\Users\shiba\ptcc_pokemon_ai_buttle\data\runs\leaderboard_top50\alakazam\20260726_yushin_ito.zip,20260726_yushin_ito/episodes/87949848/replay/episode_87949848.json,0.5773502691896258,,validated_teacher_index
87949857,0,3,Yushin Ito,54773249,yushin_20260726,zip,C:\Users\shiba\ptcc_pokemon_ai_buttle\data\runs\leaderboard_top50\alakazam\20260726_yushin_ito.zip,20260726_yushin_ito/episodes/87949857/replay/episode_87949857.json,0.5773502691896258,,validated_teacher_index
87950382,0,3,Yushin Ito,54773249,yushin_20260726,zip,C:\Users\shiba\ptcc_pokemon_ai_buttle\data\runs\leaderboard_top50\alakazam\20260726_yushin_ito.zip,20260726_yushin_ito/episodes/87950382/replay/episode_87950382.json,0.5773502691896258,,validated_teacher_index
87950384,1,3,Yushin Ito,54773249,yushin_20260726,zip,C:\Users\shiba\ptcc_pokemon_ai_buttle\data\runs\leaderboard_top50\alakazam\20260726_yushin_ito.zip,20260726_yushin_ito/episodes/87950384/replay/episode_87950384.json,0.5773502691896258,,validated_teacher_index
87950974,1,3,Yushin Ito,54773249,yushin_20260726,zip,C:\Users\shiba\ptcc_pokemon_ai_buttle\data\runs\leaderboard_top50\alakazam\20260726_yushin_ito.zip,20260726_yushin_ito/episodes/87950974/replay/episode_87950974.json,0.5773502691896258,,validated_teacher_index
87951503,1,3,Yushin Ito,54773249,yushin_20260726,zip,C:\Users\shiba\ptcc_pokemon_ai_buttle\data\runs\leaderboard_top50\alakazam\20260726_yushin_ito.zip,20260726_yushin_ito/episodes/87951503/replay/episode_87951503.json,0.5773502691896258,,validated_teacher_index
87952096,1,3,Yushin Ito,54773249,yushin_20260726,zip,C:\Users\shiba\ptcc_pokemon_ai_buttle\data\runs\leaderboard_top50\alakazam\20260726_yushin_ito.zip,20260726_yushin_ito/episodes/87952096/replay/episode_87952096.json,0.5773502691896258,,validated_teacher_index
87952635,0,3,Yushin Ito,54773249,yushin_20260726,zip,C:\Users\shiba\ptcc_pokemon_ai_buttle\data\runs\leaderboard_top50\alakazam\20260726_yushin_ito.zip,20260726_yushin_ito/episodes/87952635/replay/episode_87952635.json,0.5773502691896258,,validated_teacher_index
87953198,0,3,Yushin Ito,54773249,yushin_20260726,zip,C:\Users\shiba\ptcc_pokemon_ai_buttle\data\runs\leaderboard_top50\alakazam\20260726_yushin_ito.zip,20260726_yushin_ito/episodes/87953198/replay/episode_87953198.json,0.5773502691896258,,validated_teacher_index
87953733,0,3,Yushin Ito,54773249,yushin_20260726,zip,C:\Users\shiba\ptcc_pokemon_ai_buttle\data\runs\leaderboard_top50\alakazam\20260726_yushin_ito.zip,20260726_yushin_ito/episodes/87953733/replay/episode_87953733.json,0.5773502691896258,,validated_teacher_index
87953734,1,3,Yushin Ito,54773249,yushin_20260726,zip,C:\Users\shiba\ptcc_pokemon_ai_buttle\data\runs\leaderboard_top50\alakazam\20260726_yushin_ito.zip,20260726_yushin_ito/episodes/87953734/replay/episode_87953734.json,0.5773502691896258,,validated_teacher_index
87954254,1,3,Yushin Ito,54773249,yushin_20260726,zip,C:\Users\shiba\ptcc_pokemon_ai_buttle\data\runs\leaderboard_top50\alakazam\20260726_yushin_ito.zip,20260726_yushin_ito/episodes/87954254/replay/episode_87954254.json,0.5773502691896258,,validated_teacher_index
87954769,0,3,Yushin Ito,54773249,yushin_20260726,zip,C:\Users\shiba\ptcc_pokemon_ai_buttle\data\runs\leaderboard_top50\alakazam\20260726_yushin_ito.zip,20260726_yushin_ito/episodes/87954769/replay/episode_87954769.json,0.5773502691896258,,validated_teacher_index
87954787,0,3,Yushin Ito,54773249,yushin_20260726,zip,C:\Users\shiba\ptcc_pokemon_ai_buttle\data\runs\leaderboard_top50\alakazam\20260726_yushin_ito.zip,20260726_yushin_ito/episodes/87954787/replay/episode_87954787.json,0.5773502691896258,,validated_teacher_index
87955396,0,3,Yushin Ito,54773249,yushin_20260726,zip,C:\Users\shiba\ptcc_pokemon_ai_buttle\data\runs\leaderboard_top50\alakazam\20260726_yushin_ito.zip,20260726_yushin_ito/episodes/87955396/replay/episode_87955396.json,0.5773502691896258,,validated_teacher_index
87956044,0,3,Yushin Ito,54773249,yushin_20260726,zip,C:\Users\shiba\ptcc_pokemon_ai_buttle\data\runs\leaderboard_top50\alakazam\20260726_yushin_ito.zip,20260726_yushin_ito/episodes/87956044/replay/episode_87956044.json,0.5773502691896258,,validated_teacher_index
87956641,1,3,Yushin Ito,54773249,yushin_20260726,zip,C:\Users\shiba\ptcc_pokemon_ai_buttle\data\runs\leaderboard_top50\alakazam\20260726_yushin_ito.zip,20260726_yushin_ito/episodes/87956641/replay/episode_87956641.json,0.5773502691896258,,validated_teacher_index
87957231,0,3,Yushin Ito,54773249,yushin_20260726,zip,C:\Users\shiba\ptcc_pokemon_ai_buttle\data\runs\leaderboard_top50\alakazam\20260726_yushin_ito.zip,20260726_yushin_ito/episodes/87957231/replay/episode_87957231.json,0.5773502691896258,,validated_teacher_index
87957246,0,3,Yushin Ito,54773249,yushin_20260726,zip,C:\Users\shiba\ptcc_pokemon_ai_buttle\data\runs\leaderboard_top50\alakazam\20260726_yushin_ito.zip,20260726_yushin_ito/episodes/87957246/replay/episode_87957246.json,0.5773502691896258,,validated_teacher_index
87957921,1,3,Yushin Ito,54773249,yushin_20260726,zip,C:\Users\shiba\ptcc_pokemon_ai_buttle\data\runs\leaderboard_top50\alakazam\20260726_yushin_ito.zip,20260726_yushin_ito/episodes/87957921/replay/episode_87957921.json,0.5773502691896258,,validated_teacher_index
87958461,0,3,Yushin Ito,54773249,yushin_20260726,zip,C:\Users\shiba\ptcc_pokemon_ai_buttle\data\runs\leaderboard_top50\alakazam\20260726_yushin_ito.zip,20260726_yushin_ito/episodes/87958461/replay/episode_87958461.json,0.5773502691896258,,validated_teacher_index
87958462,1,3,Yushin Ito,54773249,yushin_20260726,zip,C:\Users\shiba\ptcc_pokemon_ai_buttle\data\runs\leaderboard_top50\alakazam\20260726_yushin_ito.zip,20260726_yushin_ito/episodes/87958462/replay/episode_87958462.json,0.5773502691896258,,validated_teacher_index
87958980,0,3,Yushin Ito,54773249,yushin_20260726,zip,C:\Users\shiba\ptcc_pokemon_ai_buttle\data\runs\leaderboard_top50\alakazam\20260726_yushin_ito.zip,20260726_yushin_ito/episodes/87958980/replay/episode_87958980.json,0.5773502691896258,,validated_teacher_index
87959006,1,3,Yushin Ito,54773249,yushin_20260726,zip,C:\Users\shiba\ptcc_pokemon_ai_buttle\data\runs\leaderboard_top50\alakazam\20260726_yushin_ito.zip,20260726_yushin_ito/episodes/87959006/replay/episode_87959006.json,0.5773502691896258,,validated_teacher_index
87959295,0,3,Yushin Ito,54773249,yushin_20260726,zip,C:\Users\shiba\ptcc_pokemon_ai_buttle\data\runs\leaderboard_top50\alakazam\20260726_yushin_ito.zip,20260726_yushin_ito/episodes/87959295/replay/episode_87959295.json,0.5773502691896258,,validated_teacher_index
87959527,1,3,Yushin Ito,54773249,yushin_20260726,zip,C:\Users\shiba\ptcc_pokemon_ai_buttle\data\runs\leaderboard_top50\alakazam\20260726_yushin_ito.zip,20260726_yushin_ito/episodes/87959527/replay/episode_87959527.json,0.5773502691896258,,validated_teacher_index
87960062,0,3,Yushin Ito,54773249,yushin_20260726,zip,C:\Users\shiba\ptcc_pokemon_ai_buttle\data\runs\leaderboard_top50\alakazam\20260726_yushin_ito.zip,20260726_yushin_ito/episodes/87960062/replay/episode_87960062.json,0.5773502691896258,,validated_teacher_index
87960601,0,3,Yushin Ito,54773249,yushin_20260726,zip,C:\Users\shiba\ptcc_pokemon_ai_buttle\data\runs\leaderboard_top50\alakazam\20260726_yushin_ito.zip,20260726_yushin_ito/episodes/87960601/replay/episode_87960601.json,0.5773502691896258,,validated_teacher_index
87961136,0,3,Yushin Ito,54773249,yushin_20260726,zip,C:\Users\shiba\ptcc_pokemon_ai_buttle\data\runs\leaderboard_top50\alakazam\20260726_yushin_ito.zip,20260726_yushin_ito/episodes/87961136/replay/episode_87961136.json,0.5773502691896258,,validated_teacher_index
87961693,0,3,Yushin Ito,54773249,yushin_20260726,zip,C:\Users\shiba\ptcc_pokemon_ai_buttle\data\runs\leaderboard_top50\alakazam\20260726_yushin_ito.zip,20260726_yushin_ito/episodes/87961693/replay/episode_87961693.json,0.5773502691896258,,validated_teacher_index
87962231,1,3,Yushin Ito,54773249,yushin_20260726,zip,C:\Users\shiba\ptcc_pokemon_ai_buttle\data\runs\leaderboard_top50\alakazam\20260726_yushin_ito.zip,20260726_yushin_ito/episodes/87962231/replay/episode_87962231.json,0.5773502691896258,,validated_teacher_index
87962250,0,3,Yushin Ito,54773249,yushin_20260726,zip,C:\Users\shiba\ptcc_pokemon_ai_buttle\data\runs\leaderboard_top50\alakazam\20260726_yushin_ito.zip,20260726_yushin_ito/episodes/87962250/replay/episode_87962250.json,0.5773502691896258,,validated_teacher_index
87962768,0,3,Yushin Ito,54773249,yushin_20260726,zip,C:\Users\shiba\ptcc_pokemon_ai_buttle\data\runs\leaderboard_top50\alakazam\20260726_yushin_ito.zip,20260726_yushin_ito/episodes/87962768/replay/episode_87962768.json,0.5773502691896258,,validated_teacher_index
87963302,0,3,Yushin Ito,54773249,yushin_20260726,zip,C:\Users\shiba\ptcc_pokemon_ai_buttle\data\runs\leaderboard_top50\alakazam\20260726_yushin_ito.zip,20260726_yushin_ito/episodes/87963302/replay/episode_87963302.json,0.5773502691896258,,validated_teacher_index
87963845,1,3,Yushin Ito,54773249,yushin_20260726,zip,C:\Users\shiba\ptcc_pokemon_ai_buttle\data\runs\leaderboard_top50\alakazam\20260726_yushin_ito.zip,20260726_yushin_ito/episodes/87963845/replay/episode_87963845.json,0.5773502691896258,,validated_teacher_index
87964389,0,3,Yushin Ito,54773249,yushin_20260726,zip,C:\Users\shiba\ptcc_pokemon_ai_buttle\data\runs\leaderboard_top50\alakazam\20260726_yushin_ito.zip,20260726_yushin_ito/episodes/87964389/replay/episode_87964389.json,0.5773502691896258,,validated_teacher_index
87964911,1,3,Yushin Ito,54773249,yushin_20260726,zip,C:\Users\shiba\ptcc_pokemon_ai_buttle\data\runs\leaderboard_top50\alakazam\20260726_yushin_ito.zip,20260726_yushin_ito/episodes/87964911/replay/episode_87964911.json,0.5773502691896258,,validated_teacher_index
87964921,1,3,Yushin Ito,54773249,yushin_20260726,zip,C:\Users\shiba\ptcc_pokemon_ai_buttle\data\runs\leaderboard_top50\alakazam\20260726_yushin_ito.zip,20260726_yushin_ito/episodes/87964921/replay/episode_87964921.json,0.5773502691896258,,validated_teacher_index
87965458,1,3,Yushin Ito,54773249,yushin_20260726,zip,C:\Users\shiba\ptcc_pokemon_ai_buttle\data\runs\leaderboard_top50\alakazam\20260726_yushin_ito.zip,20260726_yushin_ito/episodes/87965458/replay/episode_87965458.json,0.5773502691896258,,validated_teacher_index
87966007,1,3,Yushin Ito,54773249,yushin_20260726,zip,C:\Users\shiba\ptcc_pokemon_ai_buttle\data\runs\leaderboard_top50\alakazam\20260726_yushin_ito.zip,20260726_yushin_ito/episodes/87966007/replay/episode_87966007.json,0.5773502691896258,,validated_teacher_index
87966542,1,3,Yushin Ito,54773249,yushin_20260726,zip,C:\Users\shiba\ptcc_pokemon_ai_buttle\data\runs\leaderboard_top50\alakazam\20260726_yushin_ito.zip,20260726_yushin_ito/episodes/87966542/replay/episode_87966542.json,0.5773502691896258,,validated_teacher_index
87967083,1,3,Yushin Ito,54773249,yushin_20260726,zip,C:\Users\shiba\ptcc_pokemon_ai_buttle\data\runs\leaderboard_top50\alakazam\20260726_yushin_ito.zip,20260726_yushin_ito/episodes/87967083/replay/episode_87967083.json,0.5773502691896258,,validated_teacher_index
87967092,1,3,Yushin Ito,54773249,yushin_20260726,zip,C:\Users\shiba\ptcc_pokemon_ai_buttle\data\runs\leaderboard_top50\alakazam\20260726_yushin_ito.zip,20260726_yushin_ito/episodes/87967092/replay/episode_87967092.json,0.5773502691896258,,validated_teacher_index
87967626,0,3,Yushin Ito,54773249,yushin_20260726,zip,C:\Users\shiba\ptcc_pokemon_ai_buttle\data\runs\leaderboard_top50\alakazam\20260726_yushin_ito.zip,20260726_yushin_ito/episodes/87967626/replay/episode_87967626.json,0.5773502691896258,,validated_teacher_index
87968162,0,3,Yushin Ito,54773249,yushin_20260726,zip,C:\Users\shiba\ptcc_pokemon_ai_buttle\data\runs\leaderboard_top50\alakazam\20260726_yushin_ito.zip,20260726_yushin_ito/episodes/87968162/replay/episode_87968162.json,0.5773502691896258,,validated_teacher_index
87968169,0,3,Yushin Ito,54773249,yushin_20260726,zip,C:\Users\shiba\ptcc_pokemon_ai_buttle\data\runs\leaderboard_top50\alakazam\20260726_yushin_ito.zip,20260726_yushin_ito/episodes/87968169/replay/episode_87968169.json,0.5773502691896258,,validated_teacher_index
87968635,0,3,Yushin Ito,54773249,yushin_20260726,zip,C:\Users\shiba\ptcc_pokemon_ai_buttle\data\runs\leaderboard_top50\alakazam\20260726_yushin_ito.zip,20260726_yushin_ito/episodes/87968635/replay/episode_87968635.json,0.5773502691896258,,validated_teacher_index
87969145,1,3,Yushin Ito,54773249,yushin_20260726,zip,C:\Users\shiba\ptcc_pokemon_ai_buttle\data\runs\leaderboard_top50\alakazam\20260726_yushin_ito.zip,20260726_yushin_ito/episodes/87969145/replay/episode_87969145.json,0.5773502691896258,,validated_teacher_index
87969681,0,3,Yushin Ito,54773249,yushin_20260726,zip,C:\Users\shiba\ptcc_pokemon_ai_buttle\data\runs\leaderboard_top50\alakazam\20260726_yushin_ito.zip,20260726_yushin_ito/episodes/87969681/replay/episode_87969681.json,0.5773502691896258,,validated_teacher_index
87969686,1,3,Yushin Ito,54773249,yushin_20260726,zip,C:\Users\shiba\ptcc_pokemon_ai_buttle\data\runs\leaderboard_top50\alakazam\20260726_yushin_ito.zip,20260726_yushin_ito/episodes/87969686/replay/episode_87969686.json,0.5773502691896258,,validated_teacher_index
87970221,1,3,Yushin Ito,54773249,yushin_20260726,zip,C:\Users\shiba\ptcc_pokemon_ai_buttle\data\runs\leaderboard_top50\alakazam\20260726_yushin_ito.zip,20260726_yushin_ito/episodes/87970221/replay/episode_87970221.json,0.5773502691896258,,validated_teacher_index
87970231,1,3,Yushin Ito,54773249,yushin_20260726,zip,C:\Users\shiba\ptcc_pokemon_ai_buttle\data\runs\leaderboard_top50\alakazam\20260726_yushin_ito.zip,20260726_yushin_ito/episodes/87970231/replay/episode_87970231.json,0.5773502691896258,,validated_teacher_index
87970773,0,3,Yushin Ito,54773249,yushin_20260726,zip,C:\Users\shiba\ptcc_pokemon_ai_buttle\data\runs\leaderboard_top50\alakazam\20260726_yushin_ito.zip,20260726_yushin_ito/episodes/87970773/replay/episode_87970773.json,0.5773502691896258,,validated_teacher_index
87970780,0,3,Yushin Ito,54773249,yushin_20260726,zip,C:\Users\shiba\ptcc_pokemon_ai_buttle\data\runs\leaderboard_top50\alakazam\20260726_yushin_ito.zip,20260726_yushin_ito/episodes/87970780/replay/episode_87970780.json,0.5773502691896258,,validated_teacher_index
87971301,1,3,Yushin Ito,54773249,yushin_20260726,zip,C:\Users\shiba\ptcc_pokemon_ai_buttle\data\runs\leaderboard_top50\alakazam\20260726_yushin_ito.zip,20260726_yushin_ito/episodes/87971301/replay/episode_87971301.json,0.5773502691896258,,validated_teacher_index
87971821,1,3,Yushin Ito,54773249,yushin_20260726,zip,C:\Users\shiba\ptcc_pokemon_ai_buttle\data\runs\leaderboard_top50\alakazam\20260726_yushin_ito.zip,20260726_yushin_ito/episodes/87971821/replay/episode_87971821.json,0.5773502691896258,,validated_teacher_index
87972374,1,3,Yushin Ito,54773249,yushin_20260726,zip,C:\Users\shiba\ptcc_pokemon_ai_buttle\data\runs\leaderboard_top50\alakazam\20260726_yushin_ito.zip,20260726_yushin_ito/episodes/87972374/replay/episode_87972374.json,0.5773502691896258,,validated_teacher_index
87972903,0,3,Yushin Ito,54773249,yushin_20260726,zip,C:\Users\shiba\ptcc_pokemon_ai_buttle\data\runs\leaderboard_top50\alakazam\20260726_yushin_ito.zip,20260726_yushin_ito/episodes/87972903/replay/episode_87972903.json,0.5773502691896258,,validated_teacher_index
87972914,1,3,Yushin Ito,54773249,yushin_20260726,zip,C:\Users\shiba\ptcc_pokemon_ai_buttle\data\runs\leaderboard_top50\alakazam\20260726_yushin_ito.zip,20260726_yushin_ito/episodes/87972914/replay/episode_87972914.json,0.5773502691896258,,validated_teacher_index
87973440,1,3,Yushin Ito,54773249,yushin_20260726,zip,C:\Users\shiba\ptcc_pokemon_ai_buttle\data\runs\leaderboard_top50\alakazam\20260726_yushin_ito.zip,20260726_yushin_ito/episodes/87973440/replay/episode_87973440.json,0.5773502691896258,,validated_teacher_index
87973978,1,3,Yushin Ito,54773249,yushin_20260726,zip,C:\Users\shiba\ptcc_pokemon_ai_buttle\data\runs\leaderboard_top50\alakazam\20260726_yushin_ito.zip,20260726_yushin_ito/episodes/87973978/replay/episode_87973978.json,0.5773502691896258,,validated_teacher_index
87974510,1,3,Yushin Ito,54773249,yushin_20260726,zip,C:\Users\shiba\ptcc_pokemon_ai_buttle\data\runs\leaderboard_top50\alakazam\20260726_yushin_ito.zip,20260726_yushin_ito/episodes/87974510/replay/episode_87974510.json,0.5773502691896258,,validated_teacher_index
87975048,0,3,Yushin Ito,54773249,yushin_20260726,zip,C:\Users\shiba\ptcc_pokemon_ai_buttle\data\runs\leaderboard_top50\alakazam\20260726_yushin_ito.zip,20260726_yushin_ito/episodes/87975048/replay/episode_87975048.json,0.5773502691896258,,validated_teacher_index
87975585,0,3,Yushin Ito,54773249,yushin_20260726,zip,C:\Users\shiba\ptcc_pokemon_ai_buttle\data\runs\leaderboard_top50\alakazam\20260726_yushin_ito.zip,20260726_yushin_ito/episodes/87975585/replay/episode_87975585.json,0.5773502691896258,,validated_teacher_index
87976124,0,3,Yushin Ito,54773249,yushin_20260726,zip,C:\Users\shiba\ptcc_pokemon_ai_buttle\data\runs\leaderboard_top50\alakazam\20260726_yushin_ito.zip,20260726_yushin_ito/episodes/87976124/replay/episode_87976124.json,0.5773502691896258,,validated_teacher_index
87976670,1,3,Yushin Ito,54773249,yushin_20260726,zip,C:\Users\shiba\ptcc_pokemon_ai_buttle\data\runs\leaderboard_top50\alakazam\20260726_yushin_ito.zip,20260726_yushin_ito/episodes/87976670/replay/episode_87976670.json,0.5773502691896258,,validated_teacher_index
87977201,1,3,Yushin Ito,54773249,yushin_20260726,zip,C:\Users\shiba\ptcc_pokemon_ai_buttle\data\runs\leaderboard_top50\alakazam\20260726_yushin_ito.zip,20260726_yushin_ito/episodes/87977201/replay/episode_87977201.json,0.5773502691896258,,validated_teacher_index
87977745,0,3,Yushin Ito,54773249,yushin_20260726,zip,C:\Users\shiba\ptcc_pokemon_ai_buttle\data\runs\leaderboard_top50\alakazam\20260726_yushin_ito.zip,20260726_yushin_ito/episodes/87977745/replay/episode_87977745.json,0.5773502691896258,,validated_teacher_index
87978323,0,3,Yushin Ito,54773249,yushin_20260726,zip,C:\Users\shiba\ptcc_pokemon_ai_buttle\data\runs\leaderboard_top50\alakazam\20260726_yushin_ito.zip,20260726_yushin_ito/episodes/87978323/replay/episode_87978323.json,0.5773502691896258,,validated_teacher_index
87979058,1,3,Yushin Ito,54773249,yushin_20260726,zip,C:\Users\shiba\ptcc_pokemon_ai_buttle\data\runs\leaderboard_top50\alakazam\20260726_yushin_ito.zip,20260726_yushin_ito/episodes/87979058/replay/episode_87979058.json,0.5773502691896258,,validated_teacher_index
87979698,0,3,Yushin Ito,54773249,yushin_20260726,zip,C:\Users\shiba\ptcc_pokemon_ai_buttle\data\runs\leaderboard_top50\alakazam\20260726_yushin_ito.zip,20260726_yushin_ito/episodes/87979698/replay/episode_87979698.json,0.5773502691896258,,validated_teacher_index
87980319,1,3,Yushin Ito,54773249,yushin_20260726,zip,C:\Users\shiba\ptcc_pokemon_ai_buttle\data\runs\leaderboard_top50\alakazam\20260726_yushin_ito.zip,20260726_yushin_ito/episodes/87980319/replay/episode_87980319.json,0.5773502691896258,,validated_teacher_index
87980320,1,3,Yushin Ito,54773249,yushin_20260726,zip,C:\Users\shiba\ptcc_pokemon_ai_buttle\data\runs\leaderboard_top50\alakazam\20260726_yushin_ito.zip,20260726_yushin_ito/episodes/87980320/replay/episode_87980320.json,0.5773502691896258,,validated_teacher_index
87980996,0,3,Yushin Ito,54773249,yushin_20260726,zip,C:\Users\shiba\ptcc_pokemon_ai_buttle\data\runs\leaderboard_top50\alakazam\20260726_yushin_ito.zip,20260726_yushin_ito/episodes/87980996/replay/episode_87980996.json,0.5773502691896258,,validated_teacher_index
87981689,1,3,Yushin Ito,54773249,yushin_20260726,zip,C:\Users\shiba\ptcc_pokemon_ai_buttle\data\runs\leaderboard_top50\alakazam\20260726_yushin_ito.zip,20260726_yushin_ito/episodes/87981689/replay/episode_87981689.json,0.5773502691896258,,validated_teacher_index
87982301,0,3,Yushin Ito,54773249,yushin_20260726,zip,C:\Users\shiba\ptcc_pokemon_ai_buttle\data\runs\leaderboard_top50\alakazam\20260726_yushin_ito.zip,20260726_yushin_ito/episodes/87982301/replay/episode_87982301.json,0.5773502691896258,,validated_teacher_index
87982893,0,3,Yushin Ito,54773249,yushin_20260726,zip,C:\Users\shiba\ptcc_pokemon_ai_buttle\data\runs\leaderboard_top50\alakazam\20260726_yushin_ito.zip,20260726_yushin_ito/episodes/87982893/replay/episode_87982893.json,0.5773502691896258,,validated_teacher_index
87983447,1,3,Yushin Ito,54773249,yushin_20260726,zip,C:\Users\shiba\ptcc_pokemon_ai_buttle\data\runs\leaderboard_top50\alakazam\20260726_yushin_ito.zip,20260726_yushin_ito/episodes/87983447/replay/episode_87983447.json,0.5773502691896258,,validated_teacher_index
87984065,1,3,Yushin Ito,54773249,yushin_20260726,zip,C:\Users\shiba\ptcc_pokemon_ai_buttle\data\runs\leaderboard_top50\alakazam\20260726_yushin_ito.zip,20260726_yushin_ito/episodes/87984065/replay/episode_87984065.json,0.5773502691896258,,validated_teacher_index
87984577,0,3,Yushin Ito,54773249,yushin_20260726,zip,C:\Users\shiba\ptcc_pokemon_ai_buttle\data\runs\leaderboard_top50\alakazam\20260726_yushin_ito.zip,20260726_yushin_ito/episodes/87984577/replay/episode_87984577.json,0.5773502691896258,,validated_teacher_index
87985145,1,3,Yushin Ito,54773249,yushin_20260726,zip,C:\Users\shiba\ptcc_pokemon_ai_buttle\data\runs\leaderboard_top50\alakazam\20260726_yushin_ito.zip,20260726_yushin_ito/episodes/87985145/replay/episode_87985145.json,0.5773502691896258,,validated_teacher_index
87985693,0,3,Yushin Ito,54773249,yushin_20260726,zip,C:\Users\shiba\ptcc_pokemon_ai_buttle\data\runs\leaderboard_top50\alakazam\20260726_yushin_ito.zip,20260726_yushin_ito/episodes/87985693/replay/episode_87985693.json,0.5773502691896258,,validated_teacher_index
87986244,0,3,Yushin Ito,54773249,yushin_20260726,zip,C:\Users\shiba\ptcc_pokemon_ai_buttle\data\runs\leaderboard_top50\alakazam\20260726_yushin_ito.zip,20260726_yushin_ito/episodes/87986244/replay/episode_87986244.json,0.5773502691896258,,validated_teacher_index
87986804,0,3,Yushin Ito,54773249,yushin_20260726,zip,C:\Users\shiba\ptcc_pokemon_ai_buttle\data\runs\leaderboard_top50\alakazam\20260726_yushin_ito.zip,20260726_yushin_ito/episodes/87986804/replay/episode_87986804.json,0.5773502691896258,,validated_teacher_index
87986911,0,3,Yushin Ito,54773249,yushin_20260726,zip,C:\Users\shiba\ptcc_pokemon_ai_buttle\data\runs\leaderboard_top50\alakazam\20260726_yushin_ito.zip,20260726_yushin_ito/episodes/87986911/replay/episode_87986911.json,0.5773502691896258,,validated_teacher_index
87987430,1,3,Yushin Ito,54773249,yushin_20260726,zip,C:\Users\shiba\ptcc_pokemon_ai_buttle\data\runs\leaderboard_top50\alakazam\20260726_yushin_ito.zip,20260726_yushin_ito/episodes/87987430/replay/episode_87987430.json,0.5773502691896258,,validated_teacher_index
87987990,0,3,Yushin Ito,54773249,yushin_20260726,zip,C:\Users\shiba\ptcc_pokemon_ai_buttle\data\runs\leaderboard_top50\alakazam\20260726_yushin_ito.zip,20260726_yushin_ito/episodes/87987990/replay/episode_87987990.json,0.5773502691896258,,validated_teacher_index
87988558,1,3,Yushin Ito,54773249,yushin_20260726,zip,C:\Users\shiba\ptcc_pokemon_ai_buttle\data\runs\leaderboard_top50\alakazam\20260726_yushin_ito.zip,20260726_yushin_ito/episodes/87988558/replay/episode_87988558.json,0.5773502691896258,,validated_teacher_index
87989113,0,3,Yushin Ito,54773249,yushin_20260726,zip,C:\Users\shiba\ptcc_pokemon_ai_buttle\data\runs\leaderboard_top50\alakazam\20260726_yushin_ito.zip,20260726_yushin_ito/episodes/87989113/replay/episode_87989113.json,0.5773502691896258,,validated_teacher_index
87989682,1,3,Yushin Ito,54773249,yushin_20260726,zip,C:\Users\shiba\ptcc_pokemon_ai_buttle\data\runs\leaderboard_top50\alakazam\20260726_yushin_ito.zip,20260726_yushin_ito/episodes/87989682/replay/episode_87989682.json,0.5773502691896258,,validated_teacher_index
87990300,0,3,Yushin Ito,54773249,yushin_20260726,zip,C:\Users\shiba\ptcc_pokemon_ai_buttle\data\runs\leaderboard_top50\alakazam\20260726_yushin_ito.zip,20260726_yushin_ito/episodes/87990300/replay/episode_87990300.json,0.5773502691896258,,validated_teacher_index
87990846,0,3,Yushin Ito,54773249,yushin_20260726,zip,C:\Users\shiba\ptcc_pokemon_ai_buttle\data\runs\leaderboard_top50\alakazam\20260726_yushin_ito.zip,20260726_yushin_ito/episodes/87990846/replay/episode_87990846.json,0.5773502691896258,,validated_teacher_index
87991391,0,3,Yushin Ito,54773249,yushin_20260726,zip,C:\Users\shiba\ptcc_pokemon_ai_buttle\data\runs\leaderboard_top50\alakazam\20260726_yushin_ito.zip,20260726_yushin_ito/episodes/87991391/replay/episode_87991391.json,0.5773502691896258,,validated_teacher_index
87991937,0,3,Yushin Ito,54773249,yushin_20260726,zip,C:\Users\shiba\ptcc_pokemon_ai_buttle\data\runs\leaderboard_top50\alakazam\20260726_yushin_ito.zip,20260726_yushin_ito/episodes/87991937/replay/episode_87991937.json,0.5773502691896258,,validated_teacher_index
87992494,0,3,Yushin Ito,54773249,yushin_20260726,zip,C:\Users\shiba\ptcc_pokemon_ai_buttle\data\runs\leaderboard_top50\alakazam\20260726_yushin_ito.zip,20260726_yushin_ito/episodes/87992494/replay/episode_87992494.json,0.5773502691896258,,validated_teacher_index
87993046,1,3,Yushin Ito,54773249,yushin_20260726,zip,C:\Users\shiba\ptcc_pokemon_ai_buttle\data\runs\leaderboard_top50\alakazam\20260726_yushin_ito.zip,20260726_yushin_ito/episodes/87993046/replay/episode_87993046.json,0.5773502691896258,,validated_teacher_index
87993671,1,3,Yushin Ito,54773249,yushin_20260726,zip,C:\Users\shiba\ptcc_pokemon_ai_buttle\data\runs\leaderboard_top50\alakazam\20260726_yushin_ito.zip,20260726_yushin_ito/episodes/87993671/replay/episode_87993671.json,0.5773502691896258,,validated_teacher_index
87994237,1,3,Yushin Ito,54773249,yushin_20260726,zip,C:\Users\shiba\ptcc_pokemon_ai_buttle\data\runs\leaderboard_top50\alakazam\20260726_yushin_ito.zip,20260726_yushin_ito/episodes/87994237/replay/episode_87994237.json,0.5773502691896258,,validated_teacher_index
87994806,0,3,Yushin Ito,54773249,yushin_20260726,zip,C:\Users\shiba\ptcc_pokemon_ai_buttle\data\runs\leaderboard_top50\alakazam\20260726_yushin_ito.zip,20260726_yushin_ito/episodes/87994806/replay/episode_87994806.json,0.5773502691896258,,validated_teacher_index
87995364,1,3,Yushin Ito,54773249,yushin_20260726,zip,C:\Users\shiba\ptcc_pokemon_ai_buttle\data\runs\leaderboard_top50\alakazam\20260726_yushin_ito.zip,20260726_yushin_ito/episodes/87995364/replay/episode_87995364.json,0.5773502691896258,,validated_teacher_index
87996012,1,3,Yushin Ito,54773249,yushin_20260726,zip,C:\Users\shiba\ptcc_pokemon_ai_buttle\data\runs\leaderboard_top50\alakazam\20260726_yushin_ito.zip,20260726_yushin_ito/episodes/87996012/replay/episode_87996012.json,0.5773502691896258,,validated_teacher_index
87996606,0,3,Yushin Ito,54773249,yushin_20260726,zip,C:\Users\shiba\ptcc_pokemon_ai_buttle\data\runs\leaderboard_top50\alakazam\20260726_yushin_ito.zip,20260726_yushin_ito/episodes/87996606/replay/episode_87996606.json,0.5773502691896258,,validated_teacher_index
87997228,0,3,Yushin Ito,54773249,yushin_20260726,zip,C:\Users\shiba\ptcc_pokemon_ai_buttle\data\runs\leaderboard_top50\alakazam\20260726_yushin_ito.zip,20260726_yushin_ito/episodes/87997228/replay/episode_87997228.json,0.5773502691896258,,validated_teacher_index
87997617,0,3,Yushin Ito,54773249,yushin_20260726,zip,C:\Users\shiba\ptcc_pokemon_ai_buttle\data\runs\leaderboard_top50\alakazam\20260726_yushin_ito.zip,20260726_yushin_ito/episodes/87997617/replay/episode_87997617.json,0.5773502691896258,,validated_teacher_index
87997831,1,3,Yushin Ito,54773249,yushin_20260726,zip,C:\Users\shiba\ptcc_pokemon_ai_buttle\data\runs\leaderboard_top50\alakazam\20260726_yushin_ito.zip,20260726_yushin_ito/episodes/87997831/replay/episode_87997831.json,0.5773502691896258,,validated_teacher_index
87998492,0,3,Yushin Ito,54773249,yushin_20260726,zip,C:\Users\shiba\ptcc_pokemon_ai_buttle\data\runs\leaderboard_top50\alakazam\20260726_yushin_ito.zip,20260726_yushin_ito/episodes/87998492/replay/episode_87998492.json,0.5773502691896258,,validated_teacher_index
87999160,1,3,Yushin Ito,54773249,yushin_20260726,zip,C:\Users\shiba\ptcc_pokemon_ai_buttle\data\runs\leaderboard_top50\alakazam\20260726_yushin_ito.zip,20260726_yushin_ito/episodes/87999160/replay/episode_87999160.json,0.5773502691896258,,validated_teacher_index
87999161,0,3,Yushin Ito,54773249,yushin_20260726,zip,C:\Users\shiba\ptcc_pokemon_ai_buttle\data\runs\leaderboard_top50\alakazam\20260726_yushin_ito.zip,20260726_yushin_ito/episodes/87999161/replay/episode_87999161.json,0.5773502691896258,,validated_teacher_index
87999680,1,3,Yushin Ito,54773249,yushin_20260726,zip,C:\Users\shiba\ptcc_pokemon_ai_buttle\data\runs\leaderboard_top50\alakazam\20260726_yushin_ito.zip,20260726_yushin_ito/episodes/87999680/replay/episode_87999680.json,0.5773502691896258,,validated_teacher_index
88000277,1,3,Yushin Ito,54773249,yushin_20260726,zip,C:\Users\shiba\ptcc_pokemon_ai_buttle\data\runs\leaderboard_top50\alakazam\20260726_yushin_ito.zip,20260726_yushin_ito/episodes/88000277/replay/episode_88000277.json,0.5773502691896258,,validated_teacher_index
88000869,0,3,Yushin Ito,54773249,yushin_20260726,zip,C:\Users\shiba\ptcc_pokemon_ai_buttle\data\runs\leaderboard_top50\alakazam\20260726_yushin_ito.zip,20260726_yushin_ito/episodes/88000869/replay/episode_88000869.json,0.5773502691896258,,validated_teacher_index
88001528,0,3,Yushin Ito,54773249,yushin_20260726,zip,C:\Users\shiba\ptcc_pokemon_ai_buttle\data\runs\leaderboard_top50\alakazam\20260726_yushin_ito.zip,20260726_yushin_ito/episodes/88001528/replay/episode_88001528.json,0.5773502691896258,,validated_teacher_index
88002128,0,3,Yushin Ito,54773249,yushin_20260726,zip,C:\Users\shiba\ptcc_pokemon_ai_buttle\data\runs\leaderboard_top50\alakazam\20260726_yushin_ito.zip,20260726_yushin_ito/episodes/88002128/replay/episode_88002128.json,0.5773502691896258,,validated_teacher_index
88002730,0,3,Yushin Ito,54773249,yushin_20260726,zip,C:\Users\shiba\ptcc_pokemon_ai_buttle\data\runs\leaderboard_top50\alakazam\20260726_yushin_ito.zip,20260726_yushin_ito/episodes/88002730/replay/episode_88002730.json,0.5773502691896258,,validated_teacher_index
88003369,0,3,Yushin Ito,54773249,yushin_20260726,zip,C:\Users\shiba\ptcc_pokemon_ai_buttle\data\runs\leaderboard_top50\alakazam\20260726_yushin_ito.zip,20260726_yushin_ito/episodes/88003369/replay/episode_88003369.json,0.5773502691896258,,validated_teacher_index
88003982,0,3,Yushin Ito,54773249,yushin_20260726,zip,C:\Users\shiba\ptcc_pokemon_ai_buttle\data\runs\leaderboard_top50\alakazam\20260726_yushin_ito.zip,20260726_yushin_ito/episodes/88003982/replay/episode_88003982.json,0.5773502691896258,,validated_teacher_index
88004600,0,3,Yushin Ito,54773249,yushin_20260726,zip,C:\Users\shiba\ptcc_pokemon_ai_buttle\data\runs\leaderboard_top50\alakazam\20260726_yushin_ito.zip,20260726_yushin_ito/episodes/88004600/replay/episode_88004600.json,0.5773502691896258,,validated_teacher_index
88005232,1,3,Yushin Ito,54773249,yushin_20260726,zip,C:\Users\shiba\ptcc_pokemon_ai_buttle\data\runs\leaderboard_top50\alakazam\20260726_yushin_ito.zip,20260726_yushin_ito/episodes/88005232/replay/episode_88005232.json,0.5773502691896258,,validated_teacher_index
88005858,1,3,Yushin Ito,54773249,yushin_20260726,zip,C:\Users\shiba\ptcc_pokemon_ai_buttle\data\runs\leaderboard_top50\alakazam\20260726_yushin_ito.zip,20260726_yushin_ito/episodes/88005858/replay/episode_88005858.json,0.5773502691896258,,validated_teacher_index
88006473,0,3,Yushin Ito,54773249,yushin_20260726,zip,C:\Users\shiba\ptcc_pokemon_ai_buttle\data\runs\leaderboard_top50\alakazam\20260726_yushin_ito.zip,20260726_yushin_ito/episodes/88006473/replay/episode_88006473.json,0.5773502691896258,,validated_teacher_index
88006483,1,3,Yushin Ito,54773249,yushin_20260726,zip,C:\Users\shiba\ptcc_pokemon_ai_buttle\data\runs\leaderboard_top50\alakazam\20260726_yushin_ito.zip,20260726_yushin_ito/episodes/88006483/replay/episode_88006483.json,0.5773502691896258,,validated_teacher_index
88007106,0,3,Yushin Ito,54773249,yushin_20260726,zip,C:\Users\shiba\ptcc_pokemon_ai_buttle\data\runs\leaderboard_top50\alakazam\20260726_yushin_ito.zip,20260726_yushin_ito/episodes/88007106/replay/episode_88007106.json,0.5773502691896258,,validated_teacher_index
88007120,1,3,Yushin Ito,54773249,yushin_20260726,zip,C:\Users\shiba\ptcc_pokemon_ai_buttle\data\runs\leaderboard_top50\alakazam\20260726_yushin_ito.zip,20260726_yushin_ito/episodes/88007120/replay/episode_88007120.json,0.5773502691896258,,validated_teacher_index
88007753,1,3,Yushin Ito,54773249,yushin_20260726,zip,C:\Users\shiba\ptcc_pokemon_ai_buttle\data\runs\leaderboard_top50\alakazam\20260726_yushin_ito.zip,20260726_yushin_ito/episodes/88007753/replay/episode_88007753.json,0.5773502691896258,,validated_teacher_index
88008385,1,3,Yushin Ito,54773249,yushin_20260726,zip,C:\Users\shiba\ptcc_pokemon_ai_buttle\data\runs\leaderboard_top50\alakazam\20260726_yushin_ito.zip,20260726_yushin_ito/episodes/88008385/replay/episode_88008385.json,0.5773502691896258,,validated_teacher_index
88008997,0,3,Yushin Ito,54773249,yushin_20260726,zip,C:\Users\shiba\ptcc_pokemon_ai_buttle\data\runs\leaderboard_top50\alakazam\20260726_yushin_ito.zip,20260726_yushin_ito/episodes/88008997/replay/episode_88008997.json,0.5773502691896258,,validated_teacher_index
88009006,0,3,Yushin Ito,54773249,yushin_20260726,zip,C:\Users\shiba\ptcc_pokemon_ai_buttle\data\runs\leaderboard_top50\alakazam\20260726_yushin_ito.zip,20260726_yushin_ito/episodes/88009006/replay/episode_88009006.json,0.5773502691896258,,validated_teacher_index
88009615,1,3,Yushin Ito,54773249,yushin_20260726,zip,C:\Users\shiba\ptcc_pokemon_ai_buttle\data\runs\leaderboard_top50\alakazam\20260726_yushin_ito.zip,20260726_yushin_ito/episodes/88009615/replay/episode_88009615.json,0.5773502691896258,,validated_teacher_index
88010229,1,3,Yushin Ito,54773249,yushin_20260726,zip,C:\Users\shiba\ptcc_pokemon_ai_buttle\data\runs\leaderboard_top50\alakazam\20260726_yushin_ito.zip,20260726_yushin_ito/episodes/88010229/replay/episode_88010229.json,0.5773502691896258,,validated_teacher_index
88010829,1,3,Yushin Ito,54773249,yushin_20260726,zip,C:\Users\shiba\ptcc_pokemon_ai_buttle\data\runs\leaderboard_top50\alakazam\20260726_yushin_ito.zip,20260726_yushin_ito/episodes/88010829/replay/episode_88010829.json,0.5773502691896258,,validated_teacher_index
88011438,0,3,Yushin Ito,54773249,yushin_20260726,zip,C:\Users\shiba\ptcc_pokemon_ai_buttle\data\runs\leaderboard_top50\alakazam\20260726_yushin_ito.zip,20260726_yushin_ito/episodes/88011438/replay/episode_88011438.json,0.5773502691896258,,validated_teacher_index
88011445,0,3,Yushin Ito,54773249,yushin_20260726,zip,C:\Users\shiba\ptcc_pokemon_ai_buttle\data\runs\leaderboard_top50\alakazam\20260726_yushin_ito.zip,20260726_yushin_ito/episodes/88011445/replay/episode_88011445.json,0.5773502691896258,,validated_teacher_index
88012048,0,3,Yushin Ito,54773249,yushin_20260726,zip,C:\Users\shiba\ptcc_pokemon_ai_buttle\data\runs\leaderboard_top50\alakazam\20260726_yushin_ito.zip,20260726_yushin_ito/episodes/88012048/replay/episode_88012048.json,0.5773502691896258,,validated_teacher_index
88012605,0,3,Yushin Ito,54773249,yushin_20260726,zip,C:\Users\shiba\ptcc_pokemon_ai_buttle\data\runs\leaderboard_top50\alakazam\20260726_yushin_ito.zip,20260726_yushin_ito/episodes/88012605/replay/episode_88012605.json,0.5773502691896258,,validated_teacher_index
88013293,0,3,Yushin Ito,54773249,yushin_20260726,zip,C:\Users\shiba\ptcc_pokemon_ai_buttle\data\runs\leaderboard_top50\alakazam\20260726_yushin_ito.zip,20260726_yushin_ito/episodes/88013293/replay/episode_88013293.json,0.5773502691896258,,validated_teacher_index
88013905,1,3,Yushin Ito,54773249,yushin_20260726,zip,C:\Users\shiba\ptcc_pokemon_ai_buttle\data\runs\leaderboard_top50\alakazam\20260726_yushin_ito.zip,20260726_yushin_ito/episodes/88013905/replay/episode_88013905.json,0.5773502691896258,,validated_teacher_index
88014538,0,3,Yushin Ito,54773249,yushin_20260726,zip,C:\Users\shiba\ptcc_pokemon_ai_buttle\data\runs\leaderboard_top50\alakazam\20260726_yushin_ito.zip,20260726_yushin_ito/episodes/88014538/replay/episode_88014538.json,0.5773502691896258,,validated_teacher_index
88015139,0,3,Yushin Ito,54773249,yushin_20260726,zip,C:\Users\shiba\ptcc_pokemon_ai_buttle\data\runs\leaderboard_top50\alakazam\20260726_yushin_ito.zip,20260726_yushin_ito/episodes/88015139/replay/episode_88015139.json,0.5773502691896258,,validated_teacher_index
88015754,0,3,Yushin Ito,54773249,yushin_20260726,zip,C:\Users\shiba\ptcc_pokemon_ai_buttle\data\runs\leaderboard_top50\alakazam\20260726_yushin_ito.zip,20260726_yushin_ito/episodes/88015754/replay/episode_88015754.json,0.5773502691896258,,validated_teacher_index
88016360,0,3,Yushin Ito,54773249,yushin_20260726,zip,C:\Users\shiba\ptcc_pokemon_ai_buttle\data\runs\leaderboard_top50\alakazam\20260726_yushin_ito.zip,20260726_yushin_ito/episodes/88016360/replay/episode_88016360.json,0.5773502691896258,,validated_teacher_index
88016981,0,3,Yushin Ito,54773249,yushin_20260726,zip,C:\Users\shiba\ptcc_pokemon_ai_buttle\data\runs\leaderboard_top50\alakazam\20260726_yushin_ito.zip,20260726_yushin_ito/episodes/88016981/replay/episode_88016981.json,0.5773502691896258,,validated_teacher_index
88017600,1,3,Yushin Ito,54773249,yushin_20260726,zip,C:\Users\shiba\ptcc_pokemon_ai_buttle\data\runs\leaderboard_top50\alakazam\20260726_yushin_ito.zip,20260726_yushin_ito/episodes/88017600/replay/episode_88017600.json,0.5773502691896258,,validated_teacher_index
88018214,1,3,Yushin Ito,54773249,yushin_20260726,zip,C:\Users\shiba\ptcc_pokemon_ai_buttle\data\runs\leaderboard_top50\alakazam\20260726_yushin_ito.zip,20260726_yushin_ito/episodes/88018214/replay/episode_88018214.json,0.5773502691896258,,validated_teacher_index
88018825,0,3,Yushin Ito,54773249,yushin_20260726,zip,C:\Users\shiba\ptcc_pokemon_ai_buttle\data\runs\leaderboard_top50\alakazam\20260726_yushin_ito.zip,20260726_yushin_ito/episodes/88018825/replay/episode_88018825.json,0.5773502691896258,,validated_teacher_index
88019449,1,3,Yushin Ito,54773249,yushin_20260726,zip,C:\Users\shiba\ptcc_pokemon_ai_buttle\data\runs\leaderboard_top50\alakazam\20260726_yushin_ito.zip,20260726_yushin_ito/episodes/88019449/replay/episode_88019449.json,0.5773502691896258,,validated_teacher_index
88020005,1,3,Yushin Ito,54773249,yushin_20260726,zip,C:\Users\shiba\ptcc_pokemon_ai_buttle\data\runs\leaderboard_top50\alakazam\20260726_yushin_ito.zip,20260726_yushin_ito/episodes/88020005/replay/episode_88020005.json,0.5773502691896258,,validated_teacher_index
88020517,1,3,Yushin Ito,54773249,yushin_20260726,zip,C:\Users\shiba\ptcc_pokemon_ai_buttle\data\runs\leaderboard_top50\alakazam\20260726_yushin_ito.zip,20260726_yushin_ito/episodes/88020517/replay/episode_88020517.json,0.5773502691896258,,validated_teacher_index
88021046,0,3,Yushin Ito,54773249,yushin_20260726,zip,C:\Users\shiba\ptcc_pokemon_ai_buttle\data\runs\leaderboard_top50\alakazam\20260726_yushin_ito.zip,20260726_yushin_ito/episodes/88021046/replay/episode_88021046.json,0.5773502691896258,,validated_teacher_index
88021588,1,3,Yushin Ito,54773249,yushin_20260726,zip,C:\Users\shiba\ptcc_pokemon_ai_buttle\data\runs\leaderboard_top50\alakazam\20260726_yushin_ito.zip,20260726_yushin_ito/episodes/88021588/replay/episode_88021588.json,0.5773502691896258,,validated_teacher_index
88021600,1,3,Yushin Ito,54773249,yushin_20260726,zip,C:\Users\shiba\ptcc_pokemon_ai_buttle\data\runs\leaderboard_top50\alakazam\20260726_yushin_ito.zip,20260726_yushin_ito/episodes/88021600/replay/episode_88021600.json,0.5773502691896258,,validated_teacher_index
88022067,0,3,Yushin Ito,54773249,yushin_20260726,zip,C:\Users\shiba\ptcc_pokemon_ai_buttle\data\runs\leaderboard_top50\alakazam\20260726_yushin_ito.zip,20260726_yushin_ito/episodes/88022067/replay/episode_88022067.json,0.5773502691896258,,validated_teacher_index
88022576,1,3,Yushin Ito,54773249,yushin_20260726,zip,C:\Users\shiba\ptcc_pokemon_ai_buttle\data\runs\leaderboard_top50\alakazam\20260726_yushin_ito.zip,20260726_yushin_ito/episodes/88022576/replay/episode_88022576.json,0.5773502691896258,,validated_teacher_index
88022577,0,3,Yushin Ito,54773249,yushin_20260726,zip,C:\Users\shiba\ptcc_pokemon_ai_buttle\data\runs\leaderboard_top50\alakazam\20260726_yushin_ito.zip,20260726_yushin_ito/episodes/88022577/replay/episode_88022577.json,0.5773502691896258,,validated_teacher_index
88023091,1,3,Yushin Ito,54773249,yushin_20260726,zip,C:\Users\shiba\ptcc_pokemon_ai_buttle\data\runs\leaderboard_top50\alakazam\20260726_yushin_ito.zip,20260726_yushin_ito/episodes/88023091/replay/episode_88023091.json,0.5773502691896258,,validated_teacher_index
88023550,0,3,Yushin Ito,54773249,yushin_20260726,zip,C:\Users\shiba\ptcc_pokemon_ai_buttle\data\runs\leaderboard_top50\alakazam\20260726_yushin_ito.zip,20260726_yushin_ito/episodes/88023550/replay/episode_88023550.json,0.5773502691896258,,validated_teacher_index
88023853,0,3,Yushin Ito,54773249,yushin_20260726,zip,C:\Users\shiba\ptcc_pokemon_ai_buttle\data\runs\leaderboard_top50\alakazam\20260726_yushin_ito.zip,20260726_yushin_ito/episodes/88023853/replay/episode_88023853.json,0.5773502691896258,,validated_teacher_index
88023993,1,3,Yushin Ito,54773249,yushin_20260726,zip,C:\Users\shiba\ptcc_pokemon_ai_buttle\data\runs\leaderboard_top50\alakazam\20260726_yushin_ito.zip,20260726_yushin_ito/episodes/88023993/replay/episode_88023993.json,0.5773502691896258,,validated_teacher_index
88024570,0,3,Yushin Ito,54773249,yushin_20260726,zip,C:\Users\shiba\ptcc_pokemon_ai_buttle\data\runs\leaderboard_top50\alakazam\20260726_yushin_ito.zip,20260726_yushin_ito/episodes/88024570/replay/episode_88024570.json,0.5773502691896258,,validated_teacher_index
88025240,1,3,Yushin Ito,54773249,yushin_20260726,zip,C:\Users\shiba\ptcc_pokemon_ai_buttle\data\runs\leaderboard_top50\alakazam\20260726_yushin_ito.zip,20260726_yushin_ito/episodes/88025240/replay/episode_88025240.json,0.5773502691896258,,validated_teacher_index
88025841,0,3,Yushin Ito,54773249,yushin_20260726,zip,C:\Users\shiba\ptcc_pokemon_ai_buttle\data\runs\leaderboard_top50\alakazam\20260726_yushin_ito.zip,20260726_yushin_ito/episodes/88025841/replay/episode_88025841.json,0.5773502691896258,,validated_teacher_index
88026464,0,3,Yushin Ito,54773249,yushin_20260726,zip,C:\Users\shiba\ptcc_pokemon_ai_buttle\data\runs\leaderboard_top50\alakazam\20260726_yushin_ito.zip,20260726_yushin_ito/episodes/88026464/replay/episode_88026464.json,0.5773502691896258,,validated_teacher_index
88027004,1,3,Yushin Ito,54773249,yushin_20260726,zip,C:\Users\shiba\ptcc_pokemon_ai_buttle\data\runs\leaderboard_top50\alakazam\20260726_yushin_ito.zip,20260726_yushin_ito/episodes/88027004/replay/episode_88027004.json,0.5773502691896258,,validated_teacher_index
88027633,1,3,Yushin Ito,54773249,yushin_20260726,zip,C:\Users\shiba\ptcc_pokemon_ai_buttle\data\runs\leaderboard_top50\alakazam\20260726_yushin_ito.zip,20260726_yushin_ito/episodes/88027633/replay/episode_88027633.json,0.5773502691896258,,validated_teacher_index
88028244,1,3,Yushin Ito,54773249,yushin_20260726,zip,C:\Users\shiba\ptcc_pokemon_ai_buttle\data\runs\leaderboard_top50\alakazam\20260726_yushin_ito.zip,20260726_yushin_ito/episodes/88028244/replay/episode_88028244.json,0.5773502691896258,,validated_teacher_index
88028860,0,3,Yushin Ito,54773249,yushin_20260726,zip,C:\Users\shiba\ptcc_pokemon_ai_buttle\data\runs\leaderboard_top50\alakazam\20260726_yushin_ito.zip,20260726_yushin_ito/episodes/88028860/replay/episode_88028860.json,0.5773502691896258,,validated_teacher_index
88029457,1,3,Yushin Ito,54773249,yushin_20260726,zip,C:\Users\shiba\ptcc_pokemon_ai_buttle\data\runs\leaderboard_top50\alakazam\20260726_yushin_ito.zip,20260726_yushin_ito/episodes/88029457/replay/episode_88029457.json,0.5773502691896258,,validated_teacher_index
88030067,0,3,Yushin Ito,54773249,yushin_20260726,zip,C:\Users\shiba\ptcc_pokemon_ai_buttle\data\runs\leaderboard_top50\alakazam\20260726_yushin_ito.zip,20260726_yushin_ito/episodes/88030067/replay/episode_88030067.json,0.5773502691896258,,validated_teacher_index
88030689,1,3,Yushin Ito,54773249,yushin_20260726,zip,C:\Users\shiba\ptcc_pokemon_ai_buttle\data\runs\leaderboard_top50\alakazam\20260726_yushin_ito.zip,20260726_yushin_ito/episodes/88030689/replay/episode_88030689.json,0.5773502691896258,,validated_teacher_index
88031277,0,3,Yushin Ito,54773249,yushin_20260726,zip,C:\Users\shiba\ptcc_pokemon_ai_buttle\data\runs\leaderboard_top50\alakazam\20260726_yushin_ito.zip,20260726_yushin_ito/episodes/88031277/replay/episode_88031277.json,0.5773502691896258,,validated_teacher_index
88031818,1,3,Yushin Ito,54773249,yushin_20260726,zip,C:\Users\shiba\ptcc_pokemon_ai_buttle\data\runs\leaderboard_top50\alakazam\20260726_yushin_ito.zip,20260726_yushin_ito/episodes/88031818/replay/episode_88031818.json,0.5773502691896258,,validated_teacher_index
88032430,0,3,Yushin Ito,54773249,yushin_20260726,zip,C:\Users\shiba\ptcc_pokemon_ai_buttle\data\runs\leaderboard_top50\alakazam\20260726_yushin_ito.zip,20260726_yushin_ito/episodes/88032430/replay/episode_88032430.json,0.5773502691896258,,validated_teacher_index
88033024,1,3,Yushin Ito,54773249,yushin_20260726,zip,C:\Users\shiba\ptcc_pokemon_ai_buttle\data\runs\leaderboard_top50\alakazam\20260726_yushin_ito.zip,20260726_yushin_ito/episodes/88033024/replay/episode_88033024.json,0.5773502691896258,,validated_teacher_index
88033588,1,3,Yushin Ito,54773249,yushin_20260726,zip,C:\Users\shiba\ptcc_pokemon_ai_buttle\data\runs\leaderboard_top50\alakazam\20260726_yushin_ito.zip,20260726_yushin_ito/episodes/88033588/replay/episode_88033588.json,0.5773502691896258,,validated_teacher_index
88033649,1,3,Yushin Ito,54773249,yushin_20260726,zip,C:\Users\shiba\ptcc_pokemon_ai_buttle\data\runs\leaderboard_top50\alakazam\20260726_yushin_ito.zip,20260726_yushin_ito/episodes/88033649/replay/episode_88033649.json,0.5773502691896258,,validated_teacher_index
88033661,0,3,Yushin Ito,54773249,yushin_20260726,zip,C:\Users\shiba\ptcc_pokemon_ai_buttle\data\runs\leaderboard_top50\alakazam\20260726_yushin_ito.zip,20260726_yushin_ito/episodes/88033661/replay/episode_88033661.json,0.5773502691896258,,validated_teacher_index
88034266,1,3,Yushin Ito,54773249,yushin_20260726,zip,C:\Users\shiba\ptcc_pokemon_ai_buttle\data\runs\leaderboard_top50\alakazam\20260726_yushin_ito.zip,20260726_yushin_ito/episodes/88034266/replay/episode_88034266.json,0.5773502691896258,,validated_teacher_index
88034937,0,3,Yushin Ito,54773249,yushin_20260726,zip,C:\Users\shiba\ptcc_pokemon_ai_buttle\data\runs\leaderboard_top50\alakazam\20260726_yushin_ito.zip,20260726_yushin_ito/episodes/88034937/replay/episode_88034937.json,0.5773502691896258,,validated_teacher_index
88035532,1,3,Yushin Ito,54773249,yushin_20260726,zip,C:\Users\shiba\ptcc_pokemon_ai_buttle\data\runs\leaderboard_top50\alakazam\20260726_yushin_ito.zip,20260726_yushin_ito/episodes/88035532/replay/episode_88035532.json,0.5773502691896258,,validated_teacher_index
88036139,0,3,Yushin Ito,54773249,yushin_20260726,zip,C:\Users\shiba\ptcc_pokemon_ai_buttle\data\runs\leaderboard_top50\alakazam\20260726_yushin_ito.zip,20260726_yushin_ito/episodes/88036139/replay/episode_88036139.json,0.5773502691896258,,validated_teacher_index
88036751,0,3,Yushin Ito,54773249,yushin_20260726,zip,C:\Users\shiba\ptcc_pokemon_ai_buttle\data\runs\leaderboard_top50\alakazam\20260726_yushin_ito.zip,20260726_yushin_ito/episodes/88036751/replay/episode_88036751.json,0.5773502691896258,,validated_teacher_index
88037371,0,3,Yushin Ito,54773249,yushin_20260726,zip,C:\Users\shiba\ptcc_pokemon_ai_buttle\data\runs\leaderboard_top50\alakazam\20260726_yushin_ito.zip,20260726_yushin_ito/episodes/88037371/replay/episode_88037371.json,0.5773502691896258,,validated_teacher_index
88038003,0,3,Yushin Ito,54773249,yushin_20260726,zip,C:\Users\shiba\ptcc_pokemon_ai_buttle\data\runs\leaderboard_top50\alakazam\20260726_yushin_ito.zip,20260726_yushin_ito/episodes/88038003/replay/episode_88038003.json,0.5773502691896258,,validated_teacher_index
88038090,1,3,Yushin Ito,54773249,yushin_20260726,zip,C:\Users\shiba\ptcc_pokemon_ai_buttle\data\runs\leaderboard_top50\alakazam\20260726_yushin_ito.zip,20260726_yushin_ito/episodes/88038090/replay/episode_88038090.json,0.5773502691896258,,validated_teacher_index
88038574,0,3,Yushin Ito,54773249,yushin_20260726,zip,C:\Users\shiba\ptcc_pokemon_ai_buttle\data\runs\leaderboard_top50\alakazam\20260726_yushin_ito.zip,20260726_yushin_ito/episodes/88038574/replay/episode_88038574.json,0.5773502691896258,,validated_teacher_index
88038612,1,3,Yushin Ito,54773249,yushin_20260726,zip,C:\Users\shiba\ptcc_pokemon_ai_buttle\data\runs\leaderboard_top50\alakazam\20260726_yushin_ito.zip,20260726_yushin_ito/episodes/88038612/replay/episode_88038612.json,0.5773502691896258,,validated_teacher_index
88039239,0,3,Yushin Ito,54773249,yushin_20260726,zip,C:\Users\shiba\ptcc_pokemon_ai_buttle\data\runs\leaderboard_top50\alakazam\20260726_yushin_ito.zip,20260726_yushin_ito/episodes/88039239/replay/episode_88039239.json,0.5773502691896258,,validated_teacher_index
88039257,0,3,Yushin Ito,54773249,yushin_20260726,zip,C:\Users\shiba\ptcc_pokemon_ai_buttle\data\runs\leaderboard_top50\alakazam\20260726_yushin_ito.zip,20260726_yushin_ito/episodes/88039257/replay/episode_88039257.json,0.5773502691896258,,validated_teacher_index
88039845,0,3,Yushin Ito,54773249,yushin_20260726,zip,C:\Users\shiba\ptcc_pokemon_ai_buttle\data\runs\leaderboard_top50\alakazam\20260726_yushin_ito.zip,20260726_yushin_ito/episodes/88039845/replay/episode_88039845.json,0.5773502691896258,,validated_teacher_index
88039853,0,3,Yushin Ito,54773249,yushin_20260726,zip,C:\Users\shiba\ptcc_pokemon_ai_buttle\data\runs\leaderboard_top50\alakazam\20260726_yushin_ito.zip,20260726_yushin_ito/episodes/88039853/replay/episode_88039853.json,0.5773502691896258,,validated_teacher_index
88040461,0,3,Yushin Ito,54773249,yushin_20260726,zip,C:\Users\shiba\ptcc_pokemon_ai_buttle\data\runs\leaderboard_top50\alakazam\20260726_yushin_ito.zip,20260726_yushin_ito/episodes/88040461/replay/episode_88040461.json,0.5773502691896258,,validated_teacher_index
88041083,0,3,Yushin Ito,54773249,yushin_20260726,zip,C:\Users\shiba\ptcc_pokemon_ai_buttle\data\runs\leaderboard_top50\alakazam\20260726_yushin_ito.zip,20260726_yushin_ito/episodes/88041083/replay/episode_88041083.json,0.5773502691896258,,validated_teacher_index
88041094,0,3,Yushin Ito,54773249,yushin_20260726,zip,C:\Users\shiba\ptcc_pokemon_ai_buttle\data\runs\leaderboard_top50\alakazam\20260726_yushin_ito.zip,20260726_yushin_ito/episodes/88041094/replay/episode_88041094.json,0.5773502691896258,,validated_teacher_index
88041669,0,3,Yushin Ito,54773249,yushin_20260726,zip,C:\Users\shiba\ptcc_pokemon_ai_buttle\data\runs\leaderboard_top50\alakazam\20260726_yushin_ito.zip,20260726_yushin_ito/episodes/88041669/replay/episode_88041669.json,0.5773502691896258,,validated_teacher_index
88042269,0,3,Yushin Ito,54773249,yushin_20260726,zip,C:\Users\shiba\ptcc_pokemon_ai_buttle\data\runs\leaderboard_top50\alakazam\20260726_yushin_ito.zip,20260726_yushin_ito/episodes/88042269/replay/episode_88042269.json,0.5773502691896258,,validated_teacher_index
88042882,1,3,Yushin Ito,54773249,yushin_20260726,zip,C:\Users\shiba\ptcc_pokemon_ai_buttle\data\runs\leaderboard_top50\alakazam\20260726_yushin_ito.zip,20260726_yushin_ito/episodes/88042882/replay/episode_88042882.json,0.5773502691896258,,validated_teacher_index
88042945,1,3,Yushin Ito,54773249,yushin_20260726,zip,C:\Users\shiba\ptcc_pokemon_ai_buttle\data\runs\leaderboard_top50\alakazam\20260726_yushin_ito.zip,20260726_yushin_ito/episodes/88042945/replay/episode_88042945.json,0.5773502691896258,,validated_teacher_index
88043490,1,3,Yushin Ito,54773249,yushin_20260726,zip,C:\Users\shiba\ptcc_pokemon_ai_buttle\data\runs\leaderboard_top50\alakazam\20260726_yushin_ito.zip,20260726_yushin_ito/episodes/88043490/replay/episode_88043490.json,0.5773502691896258,,validated_teacher_index
88044086,0,3,Yushin Ito,54773249,yushin_20260726,zip,C:\Users\shiba\ptcc_pokemon_ai_buttle\data\runs\leaderboard_top50\alakazam\20260726_yushin_ito.zip,20260726_yushin_ito/episodes/88044086/replay/episode_88044086.json,0.5773502691896258,,validated_teacher_index
88044096,1,3,Yushin Ito,54773249,yushin_20260726,zip,C:\Users\shiba\ptcc_pokemon_ai_buttle\data\runs\leaderboard_top50\alakazam\20260726_yushin_ito.zip,20260726_yushin_ito/episodes/88044096/replay/episode_88044096.json,0.5773502691896258,,validated_teacher_index
88044705,1,3,Yushin Ito,54773249,yushin_20260726,zip,C:\Users\shiba\ptcc_pokemon_ai_buttle\data\runs\leaderboard_top50\alakazam\20260726_yushin_ito.zip,20260726_yushin_ito/episodes/88044705/replay/episode_88044705.json,0.5773502691896258,,validated_teacher_index
88045302,1,3,Yushin Ito,54773249,yushin_20260726,zip,C:\Users\shiba\ptcc_pokemon_ai_buttle\data\runs\leaderboard_top50\alakazam\20260726_yushin_ito.zip,20260726_yushin_ito/episodes/88045302/replay/episode_88045302.json,0.5773502691896258,,validated_teacher_index
88045844,0,3,Yushin Ito,54773249,yushin_20260726,zip,C:\Users\shiba\ptcc_pokemon_ai_buttle\data\runs\leaderboard_top50\alakazam\20260726_yushin_ito.zip,20260726_yushin_ito/episodes/88045844/replay/episode_88045844.json,0.5773502691896258,,validated_teacher_index
88046456,0,3,Yushin Ito,54773249,yushin_20260726,zip,C:\Users\shiba\ptcc_pokemon_ai_buttle\data\runs\leaderboard_top50\alakazam\20260726_yushin_ito.zip,20260726_yushin_ito/episodes/88046456/replay/episode_88046456.json,0.5773502691896258,,validated_teacher_index
88046992,1,3,Yushin Ito,54773249,yushin_20260726,zip,C:\Users\shiba\ptcc_pokemon_ai_buttle\data\runs\leaderboard_top50\alakazam\20260726_yushin_ito.zip,20260726_yushin_ito/episodes/88046992/replay/episode_88046992.json,0.5773502691896258,,validated_teacher_index
88047585,1,3,Yushin Ito,54773249,yushin_20260726,zip,C:\Users\shiba\ptcc_pokemon_ai_buttle\data\runs\leaderboard_top50\alakazam\20260726_yushin_ito.zip,20260726_yushin_ito/episodes/88047585/replay/episode_88047585.json,0.5773502691896258,,validated_teacher_index
88047589,0,3,Yushin Ito,54773249,yushin_20260726,zip,C:\Users\shiba\ptcc_pokemon_ai_buttle\data\runs\leaderboard_top50\alakazam\20260726_yushin_ito.zip,20260726_yushin_ito/episodes/88047589/replay/episode_88047589.json,0.5773502691896258,,validated_teacher_index
88048180,1,3,Yushin Ito,54773249,yushin_20260726,zip,C:\Users\shiba\ptcc_pokemon_ai_buttle\data\runs\leaderboard_top50\alakazam\20260726_yushin_ito.zip,20260726_yushin_ito/episodes/88048180/replay/episode_88048180.json,0.5773502691896258,,validated_teacher_index
88048197,1,3,Yushin Ito,54773249,yushin_20260726,zip,C:\Users\shiba\ptcc_pokemon_ai_buttle\data\runs\leaderboard_top50\alakazam\20260726_yushin_ito.zip,20260726_yushin_ito/episodes/88048197/replay/episode_88048197.json,0.5773502691896258,,validated_teacher_index
88048341,0,3,Yushin Ito,54773249,yushin_20260726,zip,C:\Users\shiba\ptcc_pokemon_ai_buttle\data\runs\leaderboard_top50\alakazam\20260726_yushin_ito.zip,20260726_yushin_ito/episodes/88048341/replay/episode_88048341.json,0.5773502691896258,,validated_teacher_index
88048789,1,3,Yushin Ito,54773249,yushin_20260726,zip,C:\Users\shiba\ptcc_pokemon_ai_buttle\data\runs\leaderboard_top50\alakazam\20260726_yushin_ito.zip,20260726_yushin_ito/episodes/88048789/replay/episode_88048789.json,0.5773502691896258,,validated_teacher_index
88048799,0,3,Yushin Ito,54773249,yushin_20260726,zip,C:\Users\shiba\ptcc_pokemon_ai_buttle\data\runs\leaderboard_top50\alakazam\20260726_yushin_ito.zip,20260726_yushin_ito/episodes/88048799/replay/episode_88048799.json,0.5773502691896258,,validated_teacher_index
88049321,1,3,Yushin Ito,54773249,yushin_20260726,zip,C:\Users\shiba\ptcc_pokemon_ai_buttle\data\runs\leaderboard_top50\alakazam\20260726_yushin_ito.zip,20260726_yushin_ito/episodes/88049321/replay/episode_88049321.json,0.5773502691896258,,validated_teacher_index
88049416,0,3,Yushin Ito,54773249,yushin_20260726,zip,C:\Users\shiba\ptcc_pokemon_ai_buttle\data\runs\leaderboard_top50\alakazam\20260726_yushin_ito.zip,20260726_yushin_ito/episodes/88049416/replay/episode_88049416.json,0.5773502691896258,,validated_teacher_index
88050020,0,3,Yushin Ito,54773249,yushin_20260726,zip,C:\Users\shiba\ptcc_pokemon_ai_buttle\data\runs\leaderboard_top50\alakazam\20260726_yushin_ito.zip,20260726_yushin_ito/episodes/88050020/replay/episode_88050020.json,0.5773502691896258,,validated_teacher_index
88050161,1,3,Yushin Ito,54773249,yushin_20260726,zip,C:\Users\shiba\ptcc_pokemon_ai_buttle\data\runs\leaderboard_top50\alakazam\20260726_yushin_ito.zip,20260726_yushin_ito/episodes/88050161/replay/episode_88050161.json,0.5773502691896258,,validated_teacher_index
88050641,0,3,Yushin Ito,54773249,yushin_20260726,zip,C:\Users\shiba\ptcc_pokemon_ai_buttle\data\runs\leaderboard_top50\alakazam\20260726_yushin_ito.zip,20260726_yushin_ito/episodes/88050641/replay/episode_88050641.json,0.5773502691896258,,validated_teacher_index
88051262,0,3,Yushin Ito,54773249,yushin_20260726,zip,C:\Users\shiba\ptcc_pokemon_ai_buttle\data\runs\leaderboard_top50\alakazam\20260726_yushin_ito.zip,20260726_yushin_ito/episodes/88051262/replay/episode_88051262.json,0.5773502691896258,,validated_teacher_index
88051265,0,3,Yushin Ito,54773249,yushin_20260726,zip,C:\Users\shiba\ptcc_pokemon_ai_buttle\data\runs\leaderboard_top50\alakazam\20260726_yushin_ito.zip,20260726_yushin_ito/episodes/88051265/replay/episode_88051265.json,0.5773502691896258,,validated_teacher_index
88051861,0,3,Yushin Ito,54773249,yushin_20260726,zip,C:\Users\shiba\ptcc_pokemon_ai_buttle\data\runs\leaderboard_top50\alakazam\20260726_yushin_ito.zip,20260726_yushin_ito/episodes/88051861/replay/episode_88051861.json,0.5773502691896258,,validated_teacher_index
88052461,0,3,Yushin Ito,54773249,yushin_20260726,zip,C:\Users\shiba\ptcc_pokemon_ai_buttle\data\runs\leaderboard_top50\alakazam\20260726_yushin_ito.zip,20260726_yushin_ito/episodes/88052461/replay/episode_88052461.json,0.5773502691896258,,validated_teacher_index
88052483,1,3,Yushin Ito,54773249,yushin_20260726,zip,C:\Users\shiba\ptcc_pokemon_ai_buttle\data\runs\leaderboard_top50\alakazam\20260726_yushin_ito.zip,20260726_yushin_ito/episodes/88052483/replay/episode_88052483.json,0.5773502691896258,,validated_teacher_index
88053090,1,3,Yushin Ito,54773249,yushin_20260726,zip,C:\Users\shiba\ptcc_pokemon_ai_buttle\data\runs\leaderboard_top50\alakazam\20260726_yushin_ito.zip,20260726_yushin_ito/episodes/88053090/replay/episode_88053090.json,0.5773502691896258,,validated_teacher_index
88053710,0,3,Yushin Ito,54773249,yushin_20260726,zip,C:\Users\shiba\ptcc_pokemon_ai_buttle\data\runs\leaderboard_top50\alakazam\20260726_yushin_ito.zip,20260726_yushin_ito/episodes/88053710/replay/episode_88053710.json,0.5773502691896258,,validated_teacher_index
88054339,0,3,Yushin Ito,54773249,yushin_20260726,zip,C:\Users\shiba\ptcc_pokemon_ai_buttle\data\runs\leaderboard_top50\alakazam\20260726_yushin_ito.zip,20260726_yushin_ito/episodes/88054339/replay/episode_88054339.json,0.5773502691896258,,validated_teacher_index
88054349,1,3,Yushin Ito,54773249,yushin_20260726,zip,C:\Users\shiba\ptcc_pokemon_ai_buttle\data\runs\leaderboard_top50\alakazam\20260726_yushin_ito.zip,20260726_yushin_ito/episodes/88054349/replay/episode_88054349.json,0.5773502691896258,,validated_teacher_index
88054953,0,3,Yushin Ito,54773249,yushin_20260726,zip,C:\Users\shiba\ptcc_pokemon_ai_buttle\data\runs\leaderboard_top50\alakazam\20260726_yushin_ito.zip,20260726_yushin_ito/episodes/88054953/replay/episode_88054953.json,0.5773502691896258,,validated_teacher_index
88055558,0,3,Yushin Ito,54773249,yushin_20260726,zip,C:\Users\shiba\ptcc_pokemon_ai_buttle\data\runs\leaderboard_top50\alakazam\20260726_yushin_ito.zip,20260726_yushin_ito/episodes/88055558/replay/episode_88055558.json,0.5773502691896258,,validated_teacher_index
88056173,0,3,Yushin Ito,54773249,yushin_20260726,zip,C:\Users\shiba\ptcc_pokemon_ai_buttle\data\runs\leaderboard_top50\alakazam\20260726_yushin_ito.zip,20260726_yushin_ito/episodes/88056173/replay/episode_88056173.json,0.5773502691896258,,validated_teacher_index
88056188,1,3,Yushin Ito,54773249,yushin_20260726,zip,C:\Users\shiba\ptcc_pokemon_ai_buttle\data\runs\leaderboard_top50\alakazam\20260726_yushin_ito.zip,20260726_yushin_ito/episodes/88056188/replay/episode_88056188.json,0.5773502691896258,,validated_teacher_index
88057437,0,3,Yushin Ito,54773249,yushin_20260726,zip,C:\Users\shiba\ptcc_pokemon_ai_buttle\data\runs\leaderboard_top50\alakazam\20260726_yushin_ito.zip,20260726_yushin_ito/episodes/88057437/replay/episode_88057437.json,0.5773502691896258,,validated_teacher_index
88060524,1,3,Yushin Ito,54773249,yushin_20260726,zip,C:\Users\shiba\ptcc_pokemon_ai_buttle\data\runs\leaderboard_top50\alakazam\20260726_yushin_ito.zip,20260726_yushin_ito/episodes/88060524/replay/episode_88060524.json,0.5773502691896258,,validated_teacher_index
88062284,1,3,Yushin Ito,54773249,yushin_20260726,zip,C:\Users\shiba\ptcc_pokemon_ai_buttle\data\runs\leaderboard_top50\alakazam\20260726_yushin_ito.zip,20260726_yushin_ito/episodes/88062284/replay/episode_88062284.json,0.5773502691896258,,validated_teacher_index
88063466,1,3,Yushin Ito,54773249,yushin_20260726,zip,C:\Users\shiba\ptcc_pokemon_ai_buttle\data\runs\leaderboard_top50\alakazam\20260726_yushin_ito.zip,20260726_yushin_ito/episodes/88063466/replay/episode_88063466.json,0.5773502691896258,,validated_teacher_index
88063594,1,3,Yushin Ito,54773249,yushin_20260726,zip,C:\Users\shiba\ptcc_pokemon_ai_buttle\data\runs\leaderboard_top50\alakazam\20260726_yushin_ito.zip,20260726_yushin_ito/episodes/88063594/replay/episode_88063594.json,0.5773502691896258,,validated_teacher_index
88064193,0,3,Yushin Ito,54773249,yushin_20260726,zip,C:\Users\shiba\ptcc_pokemon_ai_buttle\data\runs\leaderboard_top50\alakazam\20260726_yushin_ito.zip,20260726_yushin_ito/episodes/88064193/replay/episode_88064193.json,0.5773502691896258,,validated_teacher_index
88064664,0,3,Yushin Ito,54773249,yushin_20260726,zip,C:\Users\shiba\ptcc_pokemon_ai_buttle\data\runs\leaderboard_top50\alakazam\20260726_yushin_ito.zip,20260726_yushin_ito/episodes/88064664/replay/episode_88064664.json,0.5773502691896258,,validated_teacher_index
88065410,1,3,Yushin Ito,54773249,yushin_20260726,zip,C:\Users\shiba\ptcc_pokemon_ai_buttle\data\runs\leaderboard_top50\alakazam\20260726_yushin_ito.zip,20260726_yushin_ito/episodes/88065410/replay/episode_88065410.json,0.5773502691896258,,validated_teacher_index
88066548,0,3,Yushin Ito,54773249,yushin_20260726,zip,C:\Users\shiba\ptcc_pokemon_ai_buttle\data\runs\leaderboard_top50\alakazam\20260726_yushin_ito.zip,20260726_yushin_ito/episodes/88066548/replay/episode_88066548.json,0.5773502691896258,,validated_teacher_index
88068134,0,3,Yushin Ito,54773249,yushin_20260726,zip,C:\Users\shiba\ptcc_pokemon_ai_buttle\data\runs\leaderboard_top50\alakazam\20260726_yushin_ito.zip,20260726_yushin_ito/episodes/88068134/replay/episode_88068134.json,0.5773502691896258,,validated_teacher_index
88068312,0,3,Yushin Ito,54773249,yushin_20260726,zip,C:\Users\shiba\ptcc_pokemon_ai_buttle\data\runs\leaderboard_top50\alakazam\20260726_yushin_ito.zip,20260726_yushin_ito/episodes/88068312/replay/episode_88068312.json,0.5773502691896258,,validated_teacher_index
88072129,0,3,Yushin Ito,54773249,yushin_20260726,zip,C:\Users\shiba\ptcc_pokemon_ai_buttle\data\runs\leaderboard_top50\alakazam\20260726_yushin_ito.zip,20260726_yushin_ito/episodes/88072129/replay/episode_88072129.json,0.5773502691896258,,validated_teacher_index
88075053,1,3,Yushin Ito,54773249,yushin_20260726,zip,C:\Users\shiba\ptcc_pokemon_ai_buttle\data\runs\leaderboard_top50\alakazam\20260726_yushin_ito.zip,20260726_yushin_ito/episodes/88075053/replay/episode_88075053.json,0.5773502691896258,,validated_teacher_index
88075150,1,3,Yushin Ito,54773249,yushin_20260726,zip,C:\Users\shiba\ptcc_pokemon_ai_buttle\data\runs\leaderboard_top50\alakazam\20260726_yushin_ito.zip,20260726_yushin_ito/episodes/88075150/replay/episode_88075150.json,0.5773502691896258,,validated_teacher_index
88084547,0,3,Yushin Ito,54773249,yushin_20260726,zip,C:\Users\shiba\ptcc_pokemon_ai_buttle\data\runs\leaderboard_top50\alakazam\20260726_yushin_ito.zip,20260726_yushin_ito/episodes/88084547/replay/episode_88084547.json,0.5773502691896258,,validated_teacher_index
88086083,1,3,Yushin Ito,54773249,yushin_20260726,zip,C:\Users\shiba\ptcc_pokemon_ai_buttle\data\runs\leaderboard_top50\alakazam\20260726_yushin_ito.zip,20260726_yushin_ito/episodes/88086083/replay/episode_88086083.json,0.5773502691896258,,validated_teacher_index
88091225,1,3,Yushin Ito,54773249,yushin_20260726,zip,C:\Users\shiba\ptcc_pokemon_ai_buttle\data\runs\leaderboard_top50\alakazam\20260726_yushin_ito.zip,20260726_yushin_ito/episodes/88091225/replay/episode_88091225.json,0.5773502691896258,,validated_teacher_index
88097222,0,3,Yushin Ito,54773249,yushin_20260726,zip,C:\Users\shiba\ptcc_pokemon_ai_buttle\data\runs\leaderboard_top50\alakazam\20260726_yushin_ito.zip,20260726_yushin_ito/episodes/88097222/replay/episode_88097222.json,0.5773502691896258,,validated_teacher_index
88104541,0,3,Yushin Ito,54773249,yushin_20260726,zip,C:\Users\shiba\ptcc_pokemon_ai_buttle\data\runs\leaderboard_top50\alakazam\20260726_yushin_ito.zip,20260726_yushin_ito/episodes/88104541/replay/episode_88104541.json,0.5773502691896258,,validated_teacher_index
88109567,0,3,Yushin Ito,54773249,yushin_20260726,zip,C:\Users\shiba\ptcc_pokemon_ai_buttle\data\runs\leaderboard_top50\alakazam\20260726_yushin_ito.zip,20260726_yushin_ito/episodes/88109567/replay/episode_88109567.json,0.5773502691896258,,validated_teacher_index
88110517,1,3,Yushin Ito,54773249,yushin_20260726,zip,C:\Users\shiba\ptcc_pokemon_ai_buttle\data\runs\leaderboard_top50\alakazam\20260726_yushin_ito.zip,20260726_yushin_ito/episodes/88110517/replay/episode_88110517.json,0.5773502691896258,,validated_teacher_index
88112155,1,3,Yushin Ito,54773249,yushin_20260726,zip,C:\Users\shiba\ptcc_pokemon_ai_buttle\data\runs\leaderboard_top50\alakazam\20260726_yushin_ito.zip,20260726_yushin_ito/episodes/88112155/replay/episode_88112155.json,0.5773502691896258,,validated_teacher_index
88112442,0,3,Yushin Ito,54773249,yushin_20260726,zip,C:\Users\shiba\ptcc_pokemon_ai_buttle\data\runs\leaderboard_top50\alakazam\20260726_yushin_ito.zip,20260726_yushin_ito/episodes/88112442/replay/episode_88112442.json,0.5773502691896258,,validated_teacher_index
88112631,0,3,Yushin Ito,54773249,yushin_20260726,zip,C:\Users\shiba\ptcc_pokemon_ai_buttle\data\runs\leaderboard_top50\alakazam\20260726_yushin_ito.zip,20260726_yushin_ito/episodes/88112631/replay/episode_88112631.json,0.5773502691896258,,validated_teacher_index
88113176,0,3,Yushin Ito,54773249,yushin_20260726,zip,C:\Users\shiba\ptcc_pokemon_ai_buttle\data\runs\leaderboard_top50\alakazam\20260726_yushin_ito.zip,20260726_yushin_ito/episodes/88113176/replay/episode_88113176.json,0.5773502691896258,,validated_teacher_index
88113721,0,3,Yushin Ito,54773249,yushin_20260726,zip,C:\Users\shiba\ptcc_pokemon_ai_buttle\data\runs\leaderboard_top50\alakazam\20260726_yushin_ito.zip,20260726_yushin_ito/episodes/88113721/replay/episode_88113721.json,0.5773502691896258,,validated_teacher_index
88114282,0,3,Yushin Ito,54773249,yushin_20260726,zip,C:\Users\shiba\ptcc_pokemon_ai_buttle\data\runs\leaderboard_top50\alakazam\20260726_yushin_ito.zip,20260726_yushin_ito/episodes/88114282/replay/episode_88114282.json,0.5773502691896258,,validated_teacher_index
88114826,0,3,Yushin Ito,54773249,yushin_20260726,zip,C:\Users\shiba\ptcc_pokemon_ai_buttle\data\runs\leaderboard_top50\alakazam\20260726_yushin_ito.zip,20260726_yushin_ito/episodes/88114826/replay/episode_88114826.json,0.5773502691896258,,validated_teacher_index
88114833,1,3,Yushin Ito,54773249,yushin_20260726,zip,C:\Users\shiba\ptcc_pokemon_ai_buttle\data\runs\leaderboard_top50\alakazam\20260726_yushin_ito.zip,20260726_yushin_ito/episodes/88114833/replay/episode_88114833.json,0.5773502691896258,,validated_teacher_index
88114846,1,3,Yushin Ito,54773249,yushin_20260726,zip,C:\Users\shiba\ptcc_pokemon_ai_buttle\data\runs\leaderboard_top50\alakazam\20260726_yushin_ito.zip,20260726_yushin_ito/episodes/88114846/replay/episode_88114846.json,0.5773502691896258,,validated_teacher_index
88114881,1,3,Yushin Ito,54773249,yushin_20260726,zip,C:\Users\shiba\ptcc_pokemon_ai_buttle\data\runs\leaderboard_top50\alakazam\20260726_yushin_ito.zip,20260726_yushin_ito/episodes/88114881/replay/episode_88114881.json,0.5773502691896258,,validated_teacher_index
88115394,0,3,Yushin Ito,54773249,yushin_20260726,zip,C:\Users\shiba\ptcc_pokemon_ai_buttle\data\runs\leaderboard_top50\alakazam\20260726_yushin_ito.zip,20260726_yushin_ito/episodes/88115394/replay/episode_88115394.json,0.5773502691896258,,validated_teacher_index
88115774,1,3,Yushin Ito,54773249,yushin_20260726,zip,C:\Users\shiba\ptcc_pokemon_ai_buttle\data\runs\leaderboard_top50\alakazam\20260726_yushin_ito.zip,20260726_yushin_ito/episodes/88115774/replay/episode_88115774.json,0.5773502691896258,,validated_teacher_index
88115948,1,3,Yushin Ito,54773249,yushin_20260726,zip,C:\Users\shiba\ptcc_pokemon_ai_buttle\data\runs\leaderboard_top50\alakazam\20260726_yushin_ito.zip,20260726_yushin_ito/episodes/88115948/replay/episode_88115948.json,0.5773502691896258,,validated_teacher_index
88116458,0,3,Yushin Ito,54773249,yushin_20260726,zip,C:\Users\shiba\ptcc_pokemon_ai_buttle\data\runs\leaderboard_top50\alakazam\20260726_yushin_ito.zip,20260726_yushin_ito/episodes/88116458/replay/episode_88116458.json,0.5773502691896258,,validated_teacher_index
88116992,1,3,Yushin Ito,54773249,yushin_20260726,zip,C:\Users\shiba\ptcc_pokemon_ai_buttle\data\runs\leaderboard_top50\alakazam\20260726_yushin_ito.zip,20260726_yushin_ito/episodes/88116992/replay/episode_88116992.json,0.5773502691896258,,validated_teacher_index
88117517,0,3,Yushin Ito,54773249,yushin_20260726,zip,C:\Users\shiba\ptcc_pokemon_ai_buttle\data\runs\leaderboard_top50\alakazam\20260726_yushin_ito.zip,20260726_yushin_ito/episodes/88117517/replay/episode_88117517.json,0.5773502691896258,,validated_teacher_index
88118038,1,3,Yushin Ito,54773249,yushin_20260726,zip,C:\Users\shiba\ptcc_pokemon_ai_buttle\data\runs\leaderboard_top50\alakazam\20260726_yushin_ito.zip,20260726_yushin_ito/episodes/88118038/replay/episode_88118038.json,0.5773502691896258,,validated_teacher_index
88118553,1,3,Yushin Ito,54773249,yushin_20260726,zip,C:\Users\shiba\ptcc_pokemon_ai_buttle\data\runs\leaderboard_top50\alakazam\20260726_yushin_ito.zip,20260726_yushin_ito/episodes/88118553/replay/episode_88118553.json,0.5773502691896258,,validated_teacher_index
88118558,0,3,Yushin Ito,54773249,yushin_20260726,zip,C:\Users\shiba\ptcc_pokemon_ai_buttle\data\runs\leaderboard_top50\alakazam\20260726_yushin_ito.zip,20260726_yushin_ito/episodes/88118558/replay/episode_88118558.json,0.5773502691896258,,validated_teacher_index
88119085,0,3,Yushin Ito,54773249,yushin_20260726,zip,C:\Users\shiba\ptcc_pokemon_ai_buttle\data\runs\leaderboard_top50\alakazam\20260726_yushin_ito.zip,20260726_yushin_ito/episodes/88119085/replay/episode_88119085.json,0.5773502691896258,,validated_teacher_index
88119603,1,3,Yushin Ito,54773249,yushin_20260726,zip,C:\Users\shiba\ptcc_pokemon_ai_buttle\data\runs\leaderboard_top50\alakazam\20260726_yushin_ito.zip,20260726_yushin_ito/episodes/88119603/replay/episode_88119603.json,0.5773502691896258,,validated_teacher_index
88120120,1,3,Yushin Ito,54773249,yushin_20260726,zip,C:\Users\shiba\ptcc_pokemon_ai_buttle\data\runs\leaderboard_top50\alakazam\20260726_yushin_ito.zip,20260726_yushin_ito/episodes/88120120/replay/episode_88120120.json,0.5773502691896258,,validated_teacher_index
88120632,1,3,Yushin Ito,54773249,yushin_20260726,zip,C:\Users\shiba\ptcc_pokemon_ai_buttle\data\runs\leaderboard_top50\alakazam\20260726_yushin_ito.zip,20260726_yushin_ito/episodes/88120632/replay/episode_88120632.json,0.5773502691896258,,validated_teacher_index
88121151,1,3,Yushin Ito,54773249,yushin_20260726,zip,C:\Users\shiba\ptcc_pokemon_ai_buttle\data\runs\leaderboard_top50\alakazam\20260726_yushin_ito.zip,20260726_yushin_ito/episodes/88121151/replay/episode_88121151.json,0.5773502691896258,,validated_teacher_index
88121162,0,3,Yushin Ito,54773249,yushin_20260726,zip,C:\Users\shiba\ptcc_pokemon_ai_buttle\data\runs\leaderboard_top50\alakazam\20260726_yushin_ito.zip,20260726_yushin_ito/episodes/88121162/replay/episode_88121162.json,0.5773502691896258,,validated_teacher_index
88121680,1,3,Yushin Ito,54773249,yushin_20260726,zip,C:\Users\shiba\ptcc_pokemon_ai_buttle\data\runs\leaderboard_top50\alakazam\20260726_yushin_ito.zip,20260726_yushin_ito/episodes/88121680/replay/episode_88121680.json,0.5773502691896258,,validated_teacher_index
88122193,0,3,Yushin Ito,54773249,yushin_20260726,zip,C:\Users\shiba\ptcc_pokemon_ai_buttle\data\runs\leaderboard_top50\alakazam\20260726_yushin_ito.zip,20260726_yushin_ito/episodes/88122193/replay/episode_88122193.json,0.5773502691896258,,validated_teacher_index
88122710,0,3,Yushin Ito,54773249,yushin_20260726,zip,C:\Users\shiba\ptcc_pokemon_ai_buttle\data\runs\leaderboard_top50\alakazam\20260726_yushin_ito.zip,20260726_yushin_ito/episodes/88122710/replay/episode_88122710.json,0.5773502691896258,,validated_teacher_index
88122719,0,3,Yushin Ito,54773249,yushin_20260726,zip,C:\Users\shiba\ptcc_pokemon_ai_buttle\data\runs\leaderboard_top50\alakazam\20260726_yushin_ito.zip,20260726_yushin_ito/episodes/88122719/replay/episode_88122719.json,0.5773502691896258,,validated_teacher_index
88123223,1,3,Yushin Ito,54773249,yushin_20260726,zip,C:\Users\shiba\ptcc_pokemon_ai_buttle\data\runs\leaderboard_top50\alakazam\20260726_yushin_ito.zip,20260726_yushin_ito/episodes/88123223/replay/episode_88123223.json,0.5773502691896258,,validated_teacher_index
88123239,1,3,Yushin Ito,54773249,yushin_20260726,zip,C:\Users\shiba\ptcc_pokemon_ai_buttle\data\runs\leaderboard_top50\alakazam\20260726_yushin_ito.zip,20260726_yushin_ito/episodes/88123239/replay/episode_88123239.json,0.5773502691896258,,validated_teacher_index
88123742,0,3,Yushin Ito,54773249,yushin_20260726,zip,C:\Users\shiba\ptcc_pokemon_ai_buttle\data\runs\leaderboard_top50\alakazam\20260726_yushin_ito.zip,20260726_yushin_ito/episodes/88123742/replay/episode_88123742.json,0.5773502691896258,,validated_teacher_index
88124254,0,3,Yushin Ito,54773249,yushin_20260726,zip,C:\Users\shiba\ptcc_pokemon_ai_buttle\data\runs\leaderboard_top50\alakazam\20260726_yushin_ito.zip,20260726_yushin_ito/episodes/88124254/replay/episode_88124254.json,0.5773502691896258,,validated_teacher_index
88124262,0,3,Yushin Ito,54773249,yushin_20260726,zip,C:\Users\shiba\ptcc_pokemon_ai_buttle\data\runs\leaderboard_top50\alakazam\20260726_yushin_ito.zip,20260726_yushin_ito/episodes/88124262/replay/episode_88124262.json,0.5773502691896258,,validated_teacher_index
88124783,1,3,Yushin Ito,54773249,yushin_20260726,zip,C:\Users\shiba\ptcc_pokemon_ai_buttle\data\runs\leaderboard_top50\alakazam\20260726_yushin_ito.zip,20260726_yushin_ito/episodes/88124783/replay/episode_88124783.json,0.5773502691896258,,validated_teacher_index
88125290,1,3,Yushin Ito,54773249,yushin_20260726,zip,C:\Users\shiba\ptcc_pokemon_ai_buttle\data\runs\leaderboard_top50\alakazam\20260726_yushin_ito.zip,20260726_yushin_ito/episodes/88125290/replay/episode_88125290.json,0.5773502691896258,,validated_teacher_index
88125311,0,3,Yushin Ito,54773249,yushin_20260726,zip,C:\Users\shiba\ptcc_pokemon_ai_buttle\data\runs\leaderboard_top50\alakazam\20260726_yushin_ito.zip,20260726_yushin_ito/episodes/88125311/replay/episode_88125311.json,0.5773502691896258,,validated_teacher_index
88125823,0,3,Yushin Ito,54773249,yushin_20260726,zip,C:\Users\shiba\ptcc_pokemon_ai_buttle\data\runs\leaderboard_top50\alakazam\20260726_yushin_ito.zip,20260726_yushin_ito/episodes/88125823/replay/episode_88125823.json,0.5773502691896258,,validated_teacher_index
88125836,0,3,Yushin Ito,54773249,yushin_20260726,zip,C:\Users\shiba\ptcc_pokemon_ai_buttle\data\runs\leaderboard_top50\alakazam\20260726_yushin_ito.zip,20260726_yushin_ito/episodes/88125836/replay/episode_88125836.json,0.5773502691896258,,validated_teacher_index
88126347,0,3,Yushin Ito,54773249,yushin_20260726,zip,C:\Users\shiba\ptcc_pokemon_ai_buttle\data\runs\leaderboard_top50\alakazam\20260726_yushin_ito.zip,20260726_yushin_ito/episodes/88126347/replay/episode_88126347.json,0.5773502691896258,,validated_teacher_index
88126877,0,3,Yushin Ito,54773249,yushin_20260726,zip,C:\Users\shiba\ptcc_pokemon_ai_buttle\data\runs\leaderboard_top50\alakazam\20260726_yushin_ito.zip,20260726_yushin_ito/episodes/88126877/replay/episode_88126877.json,0.5773502691896258,,validated_teacher_index
88127392,0,3,Yushin Ito,54773249,yushin_20260726,zip,C:\Users\shiba\ptcc_pokemon_ai_buttle\data\runs\leaderboard_top50\alakazam\20260726_yushin_ito.zip,20260726_yushin_ito/episodes/88127392/replay/episode_88127392.json,0.5773502691896258,,validated_teacher_index
88127903,0,3,Yushin Ito,54773249,yushin_20260726,zip,C:\Users\shiba\ptcc_pokemon_ai_buttle\data\runs\leaderboard_top50\alakazam\20260726_yushin_ito.zip,20260726_yushin_ito/episodes/88127903/replay/episode_88127903.json,0.5773502691896258,,validated_teacher_index
88128362,1,3,Yushin Ito,54773249,yushin_20260726,zip,C:\Users\shiba\ptcc_pokemon_ai_buttle\data\runs\leaderboard_top50\alakazam\20260726_yushin_ito.zip,20260726_yushin_ito/episodes/88128362/replay/episode_88128362.json,0.5773502691896258,,validated_teacher_index
88128412,1,3,Yushin Ito,54773249,yushin_20260726,zip,C:\Users\shiba\ptcc_pokemon_ai_buttle\data\runs\leaderboard_top50\alakazam\20260726_yushin_ito.zip,20260726_yushin_ito/episodes/88128412/replay/episode_88128412.json,0.5773502691896258,,validated_teacher_index
88128821,0,3,Yushin Ito,54773249,yushin_20260726,zip,C:\Users\shiba\ptcc_pokemon_ai_buttle\data\runs\leaderboard_top50\alakazam\20260726_yushin_ito.zip,20260726_yushin_ito/episodes/88128821/replay/episode_88128821.json,0.5773502691896258,,validated_teacher_index
88128944,1,3,Yushin Ito,54773249,yushin_20260726,zip,C:\Users\shiba\ptcc_pokemon_ai_buttle\data\runs\leaderboard_top50\alakazam\20260726_yushin_ito.zip,20260726_yushin_ito/episodes/88128944/replay/episode_88128944.json,0.5773502691896258,,validated_teacher_index
88129469,1,3,Yushin Ito,54773249,yushin_20260726,zip,C:\Users\shiba\ptcc_pokemon_ai_buttle\data\runs\leaderboard_top50\alakazam\20260726_yushin_ito.zip,20260726_yushin_ito/episodes/88129469/replay/episode_88129469.json,0.5773502691896258,,validated_teacher_index
88129975,1,3,Yushin Ito,54773249,yushin_20260726,zip,C:\Users\shiba\ptcc_pokemon_ai_buttle\data\runs\leaderboard_top50\alakazam\20260726_yushin_ito.zip,20260726_yushin_ito/episodes/88129975/replay/episode_88129975.json,0.5773502691896258,,validated_teacher_index
88130493,0,3,Yushin Ito,54773249,yushin_20260726,zip,C:\Users\shiba\ptcc_pokemon_ai_buttle\data\runs\leaderboard_top50\alakazam\20260726_yushin_ito.zip,20260726_yushin_ito/episodes/88130493/replay/episode_88130493.json,0.5773502691896258,,validated_teacher_index
88131012,1,3,Yushin Ito,54773249,yushin_20260726,zip,C:\Users\shiba\ptcc_pokemon_ai_buttle\data\runs\leaderboard_top50\alakazam\20260726_yushin_ito.zip,20260726_yushin_ito/episodes/88131012/replay/episode_88131012.json,0.5773502691896258,,validated_teacher_index
88131516,1,3,Yushin Ito,54773249,yushin_20260726,zip,C:\Users\shiba\ptcc_pokemon_ai_buttle\data\runs\leaderboard_top50\alakazam\20260726_yushin_ito.zip,20260726_yushin_ito/episodes/88131516/replay/episode_88131516.json,0.5773502691896258,,validated_teacher_index
88131525,0,3,Yushin Ito,54773249,yushin_20260726,zip,C:\Users\shiba\ptcc_pokemon_ai_buttle\data\runs\leaderboard_top50\alakazam\20260726_yushin_ito.zip,20260726_yushin_ito/episodes/88131525/replay/episode_88131525.json,0.5773502691896258,,validated_teacher_index
88132045,0,3,Yushin Ito,54773249,yushin_20260726,zip,C:\Users\shiba\ptcc_pokemon_ai_buttle\data\runs\leaderboard_top50\alakazam\20260726_yushin_ito.zip,20260726_yushin_ito/episodes/88132045/replay/episode_88132045.json,0.5773502691896258,,validated_teacher_index
88132572,1,3,Yushin Ito,54773249,yushin_20260726,zip,C:\Users\shiba\ptcc_pokemon_ai_buttle\data\runs\leaderboard_top50\alakazam\20260726_yushin_ito.zip,20260726_yushin_ito/episodes/88132572/replay/episode_88132572.json,0.5773502691896258,,validated_teacher_index
88133094,0,3,Yushin Ito,54773249,yushin_20260726,zip,C:\Users\shiba\ptcc_pokemon_ai_buttle\data\runs\leaderboard_top50\alakazam\20260726_yushin_ito.zip,20260726_yushin_ito/episodes/88133094/replay/episode_88133094.json,0.5773502691896258,,validated_teacher_index
88133096,0,3,Yushin Ito,54773249,yushin_20260726,zip,C:\Users\shiba\ptcc_pokemon_ai_buttle\data\runs\leaderboard_top50\alakazam\20260726_yushin_ito.zip,20260726_yushin_ito/episodes/88133096/replay/episode_88133096.json,0.5773502691896258,,validated_teacher_index
88133617,1,3,Yushin Ito,54773249,yushin_20260726,zip,C:\Users\shiba\ptcc_pokemon_ai_buttle\data\runs\leaderboard_top50\alakazam\20260726_yushin_ito.zip,20260726_yushin_ito/episodes/88133617/replay/episode_88133617.json,0.5773502691896258,,validated_teacher_index
88134128,1,3,Yushin Ito,54773249,yushin_20260726,zip,C:\Users\shiba\ptcc_pokemon_ai_buttle\data\runs\leaderboard_top50\alakazam\20260726_yushin_ito.zip,20260726_yushin_ito/episodes/88134128/replay/episode_88134128.json,0.5773502691896258,,validated_teacher_index
88134644,0,3,Yushin Ito,54773249,yushin_20260726,zip,C:\Users\shiba\ptcc_pokemon_ai_buttle\data\runs\leaderboard_top50\alakazam\20260726_yushin_ito.zip,20260726_yushin_ito/episodes/88134644/replay/episode_88134644.json,0.5773502691896258,,validated_teacher_index
88134646,0,3,Yushin Ito,54773249,yushin_20260726,zip,C:\Users\shiba\ptcc_pokemon_ai_buttle\data\runs\leaderboard_top50\alakazam\20260726_yushin_ito.zip,20260726_yushin_ito/episodes/88134646/replay/episode_88134646.json,0.5773502691896258,,validated_teacher_index
88134665,0,3,Yushin Ito,54773249,yushin_20260726,zip,C:\Users\shiba\ptcc_pokemon_ai_buttle\data\runs\leaderboard_top50\alakazam\20260726_yushin_ito.zip,20260726_yushin_ito/episodes/88134665/replay/episode_88134665.json,0.5773502691896258,,validated_teacher_index
88134672,0,3,Yushin Ito,54773249,yushin_20260726,zip,C:\Users\shiba\ptcc_pokemon_ai_buttle\data\runs\leaderboard_top50\alakazam\20260726_yushin_ito.zip,20260726_yushin_ito/episodes/88134672/replay/episode_88134672.json,0.5773502691896258,,validated_teacher_index
88135173,0,3,Yushin Ito,54773249,yushin_20260726,zip,C:\Users\shiba\ptcc_pokemon_ai_buttle\data\runs\leaderboard_top50\alakazam\20260726_yushin_ito.zip,20260726_yushin_ito/episodes/88135173/replay/episode_88135173.json,0.5773502691896258,,validated_teacher_index
88135713,1,3,Yushin Ito,54773249,yushin_20260726,zip,C:\Users\shiba\ptcc_pokemon_ai_buttle\data\runs\leaderboard_top50\alakazam\20260726_yushin_ito.zip,20260726_yushin_ito/episodes/88135713/replay/episode_88135713.json,0.5773502691896258,,validated_teacher_index
88135724,0,3,Yushin Ito,54773249,yushin_20260726,zip,C:\Users\shiba\ptcc_pokemon_ai_buttle\data\runs\leaderboard_top50\alakazam\20260726_yushin_ito.zip,20260726_yushin_ito/episodes/88135724/replay/episode_88135724.json,0.5773502691896258,,validated_teacher_index
88136250,1,3,Yushin Ito,54773249,yushin_20260726,zip,C:\Users\shiba\ptcc_pokemon_ai_buttle\data\runs\leaderboard_top50\alakazam\20260726_yushin_ito.zip,20260726_yushin_ito/episodes/88136250/replay/episode_88136250.json,0.5773502691896258,,validated_teacher_index
88136273,0,3,Yushin Ito,54773249,yushin_20260726,zip,C:\Users\shiba\ptcc_pokemon_ai_buttle\data\runs\leaderboard_top50\alakazam\20260726_yushin_ito.zip,20260726_yushin_ito/episodes/88136273/replay/episode_88136273.json,0.5773502691896258,,validated_teacher_index
88136761,0,3,Yushin Ito,54773249,yushin_20260726,zip,C:\Users\shiba\ptcc_pokemon_ai_buttle\data\runs\leaderboard_top50\alakazam\20260726_yushin_ito.zip,20260726_yushin_ito/episodes/88136761/replay/episode_88136761.json,0.5773502691896258,,validated_teacher_index
88137278,0,3,Yushin Ito,54773249,yushin_20260726,zip,C:\Users\shiba\ptcc_pokemon_ai_buttle\data\runs\leaderboard_top50\alakazam\20260726_yushin_ito.zip,20260726_yushin_ito/episodes/88137278/replay/episode_88137278.json,0.5773502691896258,,validated_teacher_index
88137799,0,3,Yushin Ito,54773249,yushin_20260726,zip,C:\Users\shiba\ptcc_pokemon_ai_buttle\data\runs\leaderboard_top50\alakazam\20260726_yushin_ito.zip,20260726_yushin_ito/episodes/88137799/replay/episode_88137799.json,0.5773502691896258,,validated_teacher_index
88138326,0,3,Yushin Ito,54773249,yushin_20260726,zip,C:\Users\shiba\ptcc_pokemon_ai_buttle\data\runs\leaderboard_top50\alakazam\20260726_yushin_ito.zip,20260726_yushin_ito/episodes/88138326/replay/episode_88138326.json,0.5773502691896258,,validated_teacher_index
88138331,0,3,Yushin Ito,54773249,yushin_20260726,zip,C:\Users\shiba\ptcc_pokemon_ai_buttle\data\runs\leaderboard_top50\alakazam\20260726_yushin_ito.zip,20260726_yushin_ito/episodes/88138331/replay/episode_88138331.json,0.5773502691896258,,validated_teacher_index
88138842,1,3,Yushin Ito,54773249,yushin_20260726,zip,C:\Users\shiba\ptcc_pokemon_ai_buttle\data\runs\leaderboard_top50\alakazam\20260726_yushin_ito.zip,20260726_yushin_ito/episodes/88138842/replay/episode_88138842.json,0.5773502691896258,,validated_teacher_index
88139353,1,3,Yushin Ito,54773249,yushin_20260726,zip,C:\Users\shiba\ptcc_pokemon_ai_buttle\data\runs\leaderboard_top50\alakazam\20260726_yushin_ito.zip,20260726_yushin_ito/episodes/88139353/replay/episode_88139353.json,0.5773502691896258,,validated_teacher_index
88139413,0,3,Yushin Ito,54773249,yushin_20260726,zip,C:\Users\shiba\ptcc_pokemon_ai_buttle\data\runs\leaderboard_top50\alakazam\20260726_yushin_ito.zip,20260726_yushin_ito/episodes/88139413/replay/episode_88139413.json,0.5773502691896258,,validated_teacher_index
88139886,0,3,Yushin Ito,54773249,yushin_20260726,zip,C:\Users\shiba\ptcc_pokemon_ai_buttle\data\runs\leaderboard_top50\alakazam\20260726_yushin_ito.zip,20260726_yushin_ito/episodes/88139886/replay/episode_88139886.json,0.5773502691896258,,validated_teacher_index
88139890,1,3,Yushin Ito,54773249,yushin_20260726,zip,C:\Users\shiba\ptcc_pokemon_ai_buttle\data\runs\leaderboard_top50\alakazam\20260726_yushin_ito.zip,20260726_yushin_ito/episodes/88139890/replay/episode_88139890.json,0.5773502691896258,,validated_teacher_index
88140400,1,3,Yushin Ito,54773249,yushin_20260726,zip,C:\Users\shiba\ptcc_pokemon_ai_buttle\data\runs\leaderboard_top50\alakazam\20260726_yushin_ito.zip,20260726_yushin_ito/episodes/88140400/replay/episode_88140400.json,0.5773502691896258,,validated_teacher_index
88140941,0,3,Yushin Ito,54773249,yushin_20260726,zip,C:\Users\shiba\ptcc_pokemon_ai_buttle\data\runs\leaderboard_top50\alakazam\20260726_yushin_ito.zip,20260726_yushin_ito/episodes/88140941/replay/episode_88140941.json,0.5773502691896258,,validated_teacher_index
88141456,1,3,Yushin Ito,54773249,yushin_20260726,zip,C:\Users\shiba\ptcc_pokemon_ai_buttle\data\runs\leaderboard_top50\alakazam\20260726_yushin_ito.zip,20260726_yushin_ito/episodes/88141456/replay/episode_88141456.json,0.5773502691896258,,validated_teacher_index
88141973,0,3,Yushin Ito,54773249,yushin_20260726,zip,C:\Users\shiba\ptcc_pokemon_ai_buttle\data\runs\leaderboard_top50\alakazam\20260726_yushin_ito.zip,20260726_yushin_ito/episodes/88141973/replay/episode_88141973.json,0.5773502691896258,,validated_teacher_index
88141995,0,3,Yushin Ito,54773249,yushin_20260726,zip,C:\Users\shiba\ptcc_pokemon_ai_buttle\data\runs\leaderboard_top50\alakazam\20260726_yushin_ito.zip,20260726_yushin_ito/episodes/88141995/replay/episode_88141995.json,0.5773502691896258,,validated_teacher_index
88142500,1,3,Yushin Ito,54773249,yushin_20260726,zip,C:\Users\shiba\ptcc_pokemon_ai_buttle\data\runs\leaderboard_top50\alakazam\20260726_yushin_ito.zip,20260726_yushin_ito/episodes/88142500/replay/episode_88142500.json,0.5773502691896258,,validated_teacher_index
88142504,1,3,Yushin Ito,54773249,yushin_20260726,zip,C:\Users\shiba\ptcc_pokemon_ai_buttle\data\runs\leaderboard_top50\alakazam\20260726_yushin_ito.zip,20260726_yushin_ito/episodes/88142504/replay/episode_88142504.json,0.5773502691896258,,validated_teacher_index
88143032,0,3,Yushin Ito,54773249,yushin_20260726,zip,C:\Users\shiba\ptcc_pokemon_ai_buttle\data\runs\leaderboard_top50\alakazam\20260726_yushin_ito.zip,20260726_yushin_ito/episodes/88143032/replay/episode_88143032.json,0.5773502691896258,,validated_teacher_index
88143561,1,3,Yushin Ito,54773249,yushin_20260726,zip,C:\Users\shiba\ptcc_pokemon_ai_buttle\data\runs\leaderboard_top50\alakazam\20260726_yushin_ito.zip,20260726_yushin_ito/episodes/88143561/replay/episode_88143561.json,0.5773502691896258,,validated_teacher_index
88144085,1,3,Yushin Ito,54773249,yushin_20260726,zip,C:\Users\shiba\ptcc_pokemon_ai_buttle\data\runs\leaderboard_top50\alakazam\20260726_yushin_ito.zip,20260726_yushin_ito/episodes/88144085/replay/episode_88144085.json,0.5773502691896258,,validated_teacher_index
88144611,0,3,Yushin Ito,54773249,yushin_20260726,zip,C:\Users\shiba\ptcc_pokemon_ai_buttle\data\runs\leaderboard_top50\alakazam\20260726_yushin_ito.zip,20260726_yushin_ito/episodes/88144611/replay/episode_88144611.json,0.5773502691896258,,validated_teacher_index
88144646,1,3,Yushin Ito,54773249,yushin_20260726,zip,C:\Users\shiba\ptcc_pokemon_ai_buttle\data\runs\leaderboard_top50\alakazam\20260726_yushin_ito.zip,20260726_yushin_ito/episodes/88144646/replay/episode_88144646.json,0.5773502691896258,,validated_teacher_index
88145165,0,3,Yushin Ito,54773249,yushin_20260726,zip,C:\Users\shiba\ptcc_pokemon_ai_buttle\data\runs\leaderboard_top50\alakazam\20260726_yushin_ito.zip,20260726_yushin_ito/episodes/88145165/replay/episode_88145165.json,0.5773502691896258,,validated_teacher_index
88145167,1,3,Yushin Ito,54773249,yushin_20260726,zip,C:\Users\shiba\ptcc_pokemon_ai_buttle\data\runs\leaderboard_top50\alakazam\20260726_yushin_ito.zip,20260726_yushin_ito/episodes/88145167/replay/episode_88145167.json,0.5773502691896258,,validated_teacher_index
88145175,0,3,Yushin Ito,54773249,yushin_20260726,zip,C:\Users\shiba\ptcc_pokemon_ai_buttle\data\runs\leaderboard_top50\alakazam\20260726_yushin_ito.zip,20260726_yushin_ito/episodes/88145175/replay/episode_88145175.json,0.5773502691896258,,validated_teacher_index
88145687,1,3,Yushin Ito,54773249,yushin_20260726,zip,C:\Users\shiba\ptcc_pokemon_ai_buttle\data\runs\leaderboard_top50\alakazam\20260726_yushin_ito.zip,20260726_yushin_ito/episodes/88145687/replay/episode_88145687.json,0.5773502691896258,,validated_teacher_index
88145709,0,3,Yushin Ito,54773249,yushin_20260726,zip,C:\Users\shiba\ptcc_pokemon_ai_buttle\data\runs\leaderboard_top50\alakazam\20260726_yushin_ito.zip,20260726_yushin_ito/episodes/88145709/replay/episode_88145709.json,0.5773502691896258,,validated_teacher_index
88146221,0,3,Yushin Ito,54773249,yushin_20260726,zip,C:\Users\shiba\ptcc_pokemon_ai_buttle\data\runs\leaderboard_top50\alakazam\20260726_yushin_ito.zip,20260726_yushin_ito/episodes/88146221/replay/episode_88146221.json,0.5773502691896258,,validated_teacher_index
88146235,0,3,Yushin Ito,54773249,yushin_20260726,zip,C:\Users\shiba\ptcc_pokemon_ai_buttle\data\runs\leaderboard_top50\alakazam\20260726_yushin_ito.zip,20260726_yushin_ito/episodes/88146235/replay/episode_88146235.json,0.5773502691896258,,validated_teacher_index
88146743,0,3,Yushin Ito,54773249,yushin_20260726,zip,C:\Users\shiba\ptcc_pokemon_ai_buttle\data\runs\leaderboard_top50\alakazam\20260726_yushin_ito.zip,20260726_yushin_ito/episodes/88146743/replay/episode_88146743.json,0.5773502691896258,,validated_teacher_index
88147217,0,3,Yushin Ito,54773249,yushin_20260726,zip,C:\Users\shiba\ptcc_pokemon_ai_buttle\data\runs\leaderboard_top50\alakazam\20260726_yushin_ito.zip,20260726_yushin_ito/episodes/88147217/replay/episode_88147217.json,0.5773502691896258,,validated_teacher_index
88147314,0,3,Yushin Ito,54773249,yushin_20260726,zip,C:\Users\shiba\ptcc_pokemon_ai_buttle\data\runs\leaderboard_top50\alakazam\20260726_yushin_ito.zip,20260726_yushin_ito/episodes/88147314/replay/episode_88147314.json,0.5773502691896258,,validated_teacher_index
88147787,0,3,Yushin Ito,54773249,yushin_20260726,zip,C:\Users\shiba\ptcc_pokemon_ai_buttle\data\runs\leaderboard_top50\alakazam\20260726_yushin_ito.zip,20260726_yushin_ito/episodes/88147787/replay/episode_88147787.json,0.5773502691896258,,validated_teacher_index
88148322,1,3,Yushin Ito,54773249,yushin_20260726,zip,C:\Users\shiba\ptcc_pokemon_ai_buttle\data\runs\leaderboard_top50\alakazam\20260726_yushin_ito.zip,20260726_yushin_ito/episodes/88148322/replay/episode_88148322.json,0.5773502691896258,,validated_teacher_index
88148340,1,3,Yushin Ito,54773249,yushin_20260726,zip,C:\Users\shiba\ptcc_pokemon_ai_buttle\data\runs\leaderboard_top50\alakazam\20260726_yushin_ito.zip,20260726_yushin_ito/episodes/88148340/replay/episode_88148340.json,0.5773502691896258,,validated_teacher_index
88148376,1,3,Yushin Ito,54773249,yushin_20260726,zip,C:\Users\shiba\ptcc_pokemon_ai_buttle\data\runs\leaderboard_top50\alakazam\20260726_yushin_ito.zip,20260726_yushin_ito/episodes/88148376/replay/episode_88148376.json,0.5773502691896258,,validated_teacher_index
88148863,1,3,Yushin Ito,54773249,yushin_20260726,zip,C:\Users\shiba\ptcc_pokemon_ai_buttle\data\runs\leaderboard_top50\alakazam\20260726_yushin_ito.zip,20260726_yushin_ito/episodes/88148863/replay/episode_88148863.json,0.5773502691896258,,validated_teacher_index
88148885,1,3,Yushin Ito,54773249,yushin_20260726,zip,C:\Users\shiba\ptcc_pokemon_ai_buttle\data\runs\leaderboard_top50\alakazam\20260726_yushin_ito.zip,20260726_yushin_ito/episodes/88148885/replay/episode_88148885.json,0.5773502691896258,,validated_teacher_index
88149372,0,3,Yushin Ito,54773249,yushin_20260726,zip,C:\Users\shiba\ptcc_pokemon_ai_buttle\data\runs\leaderboard_top50\alakazam\20260726_yushin_ito.zip,20260726_yushin_ito/episodes/88149372/replay/episode_88149372.json,0.5773502691896258,,validated_teacher_index
88149387,1,3,Yushin Ito,54773249,yushin_20260726,zip,C:\Users\shiba\ptcc_pokemon_ai_buttle\data\runs\leaderboard_top50\alakazam\20260726_yushin_ito.zip,20260726_yushin_ito/episodes/88149387/replay/episode_88149387.json,0.5773502691896258,,validated_teacher_index
88149395,1,3,Yushin Ito,54773249,yushin_20260726,zip,C:\Users\shiba\ptcc_pokemon_ai_buttle\data\runs\leaderboard_top50\alakazam\20260726_yushin_ito.zip,20260726_yushin_ito/episodes/88149395/replay/episode_88149395.json,0.5773502691896258,,validated_teacher_index
88149917,1,3,Yushin Ito,54773249,yushin_20260726,zip,C:\Users\shiba\ptcc_pokemon_ai_buttle\data\runs\leaderboard_top50\alakazam\20260726_yushin_ito.zip,20260726_yushin_ito/episodes/88149917/replay/episode_88149917.json,0.5773502691896258,,validated_teacher_index
88150435,1,3,Yushin Ito,54773249,yushin_20260726,zip,C:\Users\shiba\ptcc_pokemon_ai_buttle\data\runs\leaderboard_top50\alakazam\20260726_yushin_ito.zip,20260726_yushin_ito/episodes/88150435/replay/episode_88150435.json,0.5773502691896258,,validated_teacher_index
88151001,1,3,Yushin Ito,54773249,yushin_20260726,zip,C:\Users\shiba\ptcc_pokemon_ai_buttle\data\runs\leaderboard_top50\alakazam\20260726_yushin_ito.zip,20260726_yushin_ito/episodes/88151001/replay/episode_88151001.json,0.5773502691896258,,validated_teacher_index
88151605,1,3,Yushin Ito,54773249,yushin_20260726,zip,C:\Users\shiba\ptcc_pokemon_ai_buttle\data\runs\leaderboard_top50\alakazam\20260726_yushin_ito.zip,20260726_yushin_ito/episodes/88151605/replay/episode_88151605.json,0.5773502691896258,,validated_teacher_index
88151606,0,3,Yushin Ito,54773249,yushin_20260726,zip,C:\Users\shiba\ptcc_pokemon_ai_buttle\data\runs\leaderboard_top50\alakazam\20260726_yushin_ito.zip,20260726_yushin_ito/episodes/88151606/replay/episode_88151606.json,0.5773502691896258,,validated_teacher_index
88151618,0,3,Yushin Ito,54773249,yushin_20260726,zip,C:\Users\shiba\ptcc_pokemon_ai_buttle\data\runs\leaderboard_top50\alakazam\20260726_yushin_ito.zip,20260726_yushin_ito/episodes/88151618/replay/episode_88151618.json,0.5773502691896258,,validated_teacher_index
88152158,0,3,Yushin Ito,54773249,yushin_20260726,zip,C:\Users\shiba\ptcc_pokemon_ai_buttle\data\runs\leaderboard_top50\alakazam\20260726_yushin_ito.zip,20260726_yushin_ito/episodes/88152158/replay/episode_88152158.json,0.5773502691896258,,validated_teacher_index
88152679,1,3,Yushin Ito,54773249,yushin_20260726,zip,C:\Users\shiba\ptcc_pokemon_ai_buttle\data\runs\leaderboard_top50\alakazam\20260726_yushin_ito.zip,20260726_yushin_ito/episodes/88152679/replay/episode_88152679.json,0.5773502691896258,,validated_teacher_index
88152686,0,3,Yushin Ito,54773249,yushin_20260726,zip,C:\Users\shiba\ptcc_pokemon_ai_buttle\data\runs\leaderboard_top50\alakazam\20260726_yushin_ito.zip,20260726_yushin_ito/episodes/88152686/replay/episode_88152686.json,0.5773502691896258,,validated_teacher_index
88152709,0,3,Yushin Ito,54773249,yushin_20260726,zip,C:\Users\shiba\ptcc_pokemon_ai_buttle\data\runs\leaderboard_top50\alakazam\20260726_yushin_ito.zip,20260726_yushin_ito/episodes/88152709/replay/episode_88152709.json,0.5773502691896258,,validated_teacher_index
88152719,1,3,Yushin Ito,54773249,yushin_20260726,zip,C:\Users\shiba\ptcc_pokemon_ai_buttle\data\runs\leaderboard_top50\alakazam\20260726_yushin_ito.zip,20260726_yushin_ito/episodes/88152719/replay/episode_88152719.json,0.5773502691896258,,validated_teacher_index
88153218,1,3,Yushin Ito,54773249,yushin_20260726,zip,C:\Users\shiba\ptcc_pokemon_ai_buttle\data\runs\leaderboard_top50\alakazam\20260726_yushin_ito.zip,20260726_yushin_ito/episodes/88153218/replay/episode_88153218.json,0.5773502691896258,,validated_teacher_index
88153233,1,3,Yushin Ito,54773249,yushin_20260726,zip,C:\Users\shiba\ptcc_pokemon_ai_buttle\data\runs\leaderboard_top50\alakazam\20260726_yushin_ito.zip,20260726_yushin_ito/episodes/88153233/replay/episode_88153233.json,0.5773502691896258,,validated_teacher_index
88153755,0,3,Yushin Ito,54773249,yushin_20260726,zip,C:\Users\shiba\ptcc_pokemon_ai_buttle\data\runs\leaderboard_top50\alakazam\20260726_yushin_ito.zip,20260726_yushin_ito/episodes/88153755/replay/episode_88153755.json,0.5773502691896258,,validated_teacher_index
88153756,1,3,Yushin Ito,54773249,yushin_20260726,zip,C:\Users\shiba\ptcc_pokemon_ai_buttle\data\runs\leaderboard_top50\alakazam\20260726_yushin_ito.zip,20260726_yushin_ito/episodes/88153756/replay/episode_88153756.json,0.5773502691896258,,validated_teacher_index
88154277,0,3,Yushin Ito,54773249,yushin_20260726,zip,C:\Users\shiba\ptcc_pokemon_ai_buttle\data\runs\leaderboard_top50\alakazam\20260726_yushin_ito.zip,20260726_yushin_ito/episodes/88154277/replay/episode_88154277.json,0.5773502691896258,,validated_teacher_index
88154832,1,3,Yushin Ito,54773249,yushin_20260726,zip,C:\Users\shiba\ptcc_pokemon_ai_buttle\data\runs\leaderboard_top50\alakazam\20260726_yushin_ito.zip,20260726_yushin_ito/episodes/88154832/replay/episode_88154832.json,0.5773502691896258,,validated_teacher_index
88155337,0,3,Yushin Ito,54773249,yushin_20260726,zip,C:\Users\shiba\ptcc_pokemon_ai_buttle\data\runs\leaderboard_top50\alakazam\20260726_yushin_ito.zip,20260726_yushin_ito/episodes/88155337/replay/episode_88155337.json,0.5773502691896258,,validated_teacher_index
88155340,1,3,Yushin Ito,54773249,yushin_20260726,zip,C:\Users\shiba\ptcc_pokemon_ai_buttle\data\runs\leaderboard_top50\alakazam\20260726_yushin_ito.zip,20260726_yushin_ito/episodes/88155340/replay/episode_88155340.json,0.5773502691896258,,validated_teacher_index
88155879,1,3,Yushin Ito,54773249,yushin_20260726,zip,C:\Users\shiba\ptcc_pokemon_ai_buttle\data\runs\leaderboard_top50\alakazam\20260726_yushin_ito.zip,20260726_yushin_ito/episodes/88155879/replay/episode_88155879.json,0.5773502691896258,,validated_teacher_index
88156426,1,3,Yushin Ito,54773249,yushin_20260726,zip,C:\Users\shiba\ptcc_pokemon_ai_buttle\data\runs\leaderboard_top50\alakazam\20260726_yushin_ito.zip,20260726_yushin_ito/episodes/88156426/replay/episode_88156426.json,0.5773502691896258,,validated_teacher_index
88157002,1,3,Yushin Ito,54773249,yushin_20260726,zip,C:\Users\shiba\ptcc_pokemon_ai_buttle\data\runs\leaderboard_top50\alakazam\20260726_yushin_ito.zip,20260726_yushin_ito/episodes/88157002/replay/episode_88157002.json,0.5773502691896258,,validated_teacher_index
88157527,0,3,Yushin Ito,54773249,yushin_20260726,zip,C:\Users\shiba\ptcc_pokemon_ai_buttle\data\runs\leaderboard_top50\alakazam\20260726_yushin_ito.zip,20260726_yushin_ito/episodes/88157527/replay/episode_88157527.json,0.5773502691896258,,validated_teacher_index
88158062,0,3,Yushin Ito,54773249,yushin_20260726,zip,C:\Users\shiba\ptcc_pokemon_ai_buttle\data\runs\leaderboard_top50\alakazam\20260726_yushin_ito.zip,20260726_yushin_ito/episodes/88158062/replay/episode_88158062.json,0.5773502691896258,,validated_teacher_index
88158066,1,3,Yushin Ito,54773249,yushin_20260726,zip,C:\Users\shiba\ptcc_pokemon_ai_buttle\data\runs\leaderboard_top50\alakazam\20260726_yushin_ito.zip,20260726_yushin_ito/episodes/88158066/replay/episode_88158066.json,0.5773502691896258,,validated_teacher_index
88158602,1,3,Yushin Ito,54773249,yushin_20260726,zip,C:\Users\shiba\ptcc_pokemon_ai_buttle\data\runs\leaderboard_top50\alakazam\20260726_yushin_ito.zip,20260726_yushin_ito/episodes/88158602/replay/episode_88158602.json,0.5773502691896258,,validated_teacher_index
88159038,0,3,Yushin Ito,54773249,yushin_20260726,zip,C:\Users\shiba\ptcc_pokemon_ai_buttle\data\runs\leaderboard_top50\alakazam\20260726_yushin_ito.zip,20260726_yushin_ito/episodes/88159038/replay/episode_88159038.json,0.5773502691896258,,validated_teacher_index
88159124,0,3,Yushin Ito,54773249,yushin_20260726,zip,C:\Users\shiba\ptcc_pokemon_ai_buttle\data\runs\leaderboard_top50\alakazam\20260726_yushin_ito.zip,20260726_yushin_ito/episodes/88159124/replay/episode_88159124.json,0.5773502691896258,,validated_teacher_index
88159149,0,3,Yushin Ito,54773249,yushin_20260726,zip,C:\Users\shiba\ptcc_pokemon_ai_buttle\data\runs\leaderboard_top50\alakazam\20260726_yushin_ito.zip,20260726_yushin_ito/episodes/88159149/replay/episode_88159149.json,0.5773502691896258,,validated_teacher_index
88159640,0,3,Yushin Ito,54773249,yushin_20260726,zip,C:\Users\shiba\ptcc_pokemon_ai_buttle\data\runs\leaderboard_top50\alakazam\20260726_yushin_ito.zip,20260726_yushin_ito/episodes/88159640/replay/episode_88159640.json,0.5773502691896258,,validated_teacher_index
88160171,0,3,Yushin Ito,54773249,yushin_20260726,zip,C:\Users\shiba\ptcc_pokemon_ai_buttle\data\runs\leaderboard_top50\alakazam\20260726_yushin_ito.zip,20260726_yushin_ito/episodes/88160171/replay/episode_88160171.json,0.5773502691896258,,validated_teacher_index
88160179,1,3,Yushin Ito,54773249,yushin_20260726,zip,C:\Users\shiba\ptcc_pokemon_ai_buttle\data\runs\leaderboard_top50\alakazam\20260726_yushin_ito.zip,20260726_yushin_ito/episodes/88160179/replay/episode_88160179.json,0.5773502691896258,,validated_teacher_index
88160192,1,3,Yushin Ito,54773249,yushin_20260726,zip,C:\Users\shiba\ptcc_pokemon_ai_buttle\data\runs\leaderboard_top50\alakazam\20260726_yushin_ito.zip,20260726_yushin_ito/episodes/88160192/replay/episode_88160192.json,0.5773502691896258,,validated_teacher_index
88160739,1,3,Yushin Ito,54773249,yushin_20260726,zip,C:\Users\shiba\ptcc_pokemon_ai_buttle\data\runs\leaderboard_top50\alakazam\20260726_yushin_ito.zip,20260726_yushin_ito/episodes/88160739/replay/episode_88160739.json,0.5773502691896258,,validated_teacher_index
88161277,1,3,Yushin Ito,54773249,yushin_20260726,zip,C:\Users\shiba\ptcc_pokemon_ai_buttle\data\runs\leaderboard_top50\alakazam\20260726_yushin_ito.zip,20260726_yushin_ito/episodes/88161277/replay/episode_88161277.json,0.5773502691896258,,validated_teacher_index
88161793,1,3,Yushin Ito,54773249,yushin_20260726,zip,C:\Users\shiba\ptcc_pokemon_ai_buttle\data\runs\leaderboard_top50\alakazam\20260726_yushin_ito.zip,20260726_yushin_ito/episodes/88161793/replay/episode_88161793.json,0.5773502691896258,,validated_teacher_index
88162238,1,3,Yushin Ito,54773249,yushin_20260726,zip,C:\Users\shiba\ptcc_pokemon_ai_buttle\data\runs\leaderboard_top50\alakazam\20260726_yushin_ito.zip,20260726_yushin_ito/episodes/88162238/replay/episode_88162238.json,0.5773502691896258,,validated_teacher_index
88162328,1,3,Yushin Ito,54773249,yushin_20260726,zip,C:\Users\shiba\ptcc_pokemon_ai_buttle\data\runs\leaderboard_top50\alakazam\20260726_yushin_ito.zip,20260726_yushin_ito/episodes/88162328/replay/episode_88162328.json,0.5773502691896258,,validated_teacher_index
88162865,1,3,Yushin Ito,54773249,yushin_20260726,zip,C:\Users\shiba\ptcc_pokemon_ai_buttle\data\runs\leaderboard_top50\alakazam\20260726_yushin_ito.zip,20260726_yushin_ito/episodes/88162865/replay/episode_88162865.json,0.5773502691896258,,validated_teacher_index
88163390,1,3,Yushin Ito,54773249,yushin_20260726,zip,C:\Users\shiba\ptcc_pokemon_ai_buttle\data\runs\leaderboard_top50\alakazam\20260726_yushin_ito.zip,20260726_yushin_ito/episodes/88163390/replay/episode_88163390.json,0.5773502691896258,,validated_teacher_index
88163918,0,3,Yushin Ito,54773249,yushin_20260726,zip,C:\Users\shiba\ptcc_pokemon_ai_buttle\data\runs\leaderboard_top50\alakazam\20260726_yushin_ito.zip,20260726_yushin_ito/episodes/88163918/replay/episode_88163918.json,0.5773502691896258,,validated_teacher_index
88164487,0,3,Yushin Ito,54773249,yushin_20260726,zip,C:\Users\shiba\ptcc_pokemon_ai_buttle\data\runs\leaderboard_top50\alakazam\20260726_yushin_ito.zip,20260726_yushin_ito/episodes/88164487/replay/episode_88164487.json,0.5773502691896258,,validated_teacher_index
88165023,0,3,Yushin Ito,54773249,yushin_20260726,zip,C:\Users\shiba\ptcc_pokemon_ai_buttle\data\runs\leaderboard_top50\alakazam\20260726_yushin_ito.zip,20260726_yushin_ito/episodes/88165023/replay/episode_88165023.json,0.5773502691896258,,validated_teacher_index
88165075,1,3,Yushin Ito,54773249,yushin_20260726,zip,C:\Users\shiba\ptcc_pokemon_ai_buttle\data\runs\leaderboard_top50\alakazam\20260726_yushin_ito.zip,20260726_yushin_ito/episodes/88165075/replay/episode_88165075.json,0.5773502691896258,,validated_teacher_index
88165561,0,3,Yushin Ito,54773249,yushin_20260726,zip,C:\Users\shiba\ptcc_pokemon_ai_buttle\data\runs\leaderboard_top50\alakazam\20260726_yushin_ito.zip,20260726_yushin_ito/episodes/88165561/replay/episode_88165561.json,0.5773502691896258,,validated_teacher_index
88166070,1,3,Yushin Ito,54773249,yushin_20260726,zip,C:\Users\shiba\ptcc_pokemon_ai_buttle\data\runs\leaderboard_top50\alakazam\20260726_yushin_ito.zip,20260726_yushin_ito/episodes/88166070/replay/episode_88166070.json,0.5773502691896258,,validated_teacher_index
88166077,0,3,Yushin Ito,54773249,yushin_20260726,zip,C:\Users\shiba\ptcc_pokemon_ai_buttle\data\runs\leaderboard_top50\alakazam\20260726_yushin_ito.zip,20260726_yushin_ito/episodes/88166077/replay/episode_88166077.json,0.5773502691896258,,validated_teacher_index
88166595,0,3,Yushin Ito,54773249,yushin_20260726,zip,C:\Users\shiba\ptcc_pokemon_ai_buttle\data\runs\leaderboard_top50\alakazam\20260726_yushin_ito.zip,20260726_yushin_ito/episodes/88166595/replay/episode_88166595.json,0.5773502691896258,,validated_teacher_index
88167131,0,3,Yushin Ito,54773249,yushin_20260726,zip,C:\Users\shiba\ptcc_pokemon_ai_buttle\data\runs\leaderboard_top50\alakazam\20260726_yushin_ito.zip,20260726_yushin_ito/episodes/88167131/replay/episode_88167131.json,0.5773502691896258,,validated_teacher_index
88167675,0,3,Yushin Ito,54773249,yushin_20260726,zip,C:\Users\shiba\ptcc_pokemon_ai_buttle\data\runs\leaderboard_top50\alakazam\20260726_yushin_ito.zip,20260726_yushin_ito/episodes/88167675/replay/episode_88167675.json,0.5773502691896258,,validated_teacher_index
88171332,0,3,Yushin Ito,54773249,yushin_20260726,zip,C:\Users\shiba\ptcc_pokemon_ai_buttle\data\runs\leaderboard_top50\alakazam\20260726_yushin_ito.zip,20260726_yushin_ito/episodes/88171332/replay/episode_88171332.json,0.5773502691896258,,validated_teacher_index
88171431,1,3,Yushin Ito,54773249,yushin_20260726,zip,C:\Users\shiba\ptcc_pokemon_ai_buttle\data\runs\leaderboard_top50\alakazam\20260726_yushin_ito.zip,20260726_yushin_ito/episodes/88171431/replay/episode_88171431.json,0.5773502691896258,,validated_teacher_index
88172405,0,3,Yushin Ito,54773249,yushin_20260726,zip,C:\Users\shiba\ptcc_pokemon_ai_buttle\data\runs\leaderboard_top50\alakazam\20260726_yushin_ito.zip,20260726_yushin_ito/episodes/88172405/replay/episode_88172405.json,0.5773502691896258,,validated_teacher_index
88172479,1,3,Yushin Ito,54773249,yushin_20260726,zip,C:\Users\shiba\ptcc_pokemon_ai_buttle\data\runs\leaderboard_top50\alakazam\20260726_yushin_ito.zip,20260726_yushin_ito/episodes/88172479/replay/episode_88172479.json,0.5773502691896258,,validated_teacher_index
