tree
version=v4
num_class=1
num_tree_per_iteration=1
label_index=0
max_feature_idx=224
objective=lambdarank
feature_names=turn turn_action_count first_player_is_self energy_attached retreated stadium_played supporter_played self_hand_count self_deck_count self_prize_count self_bench_count opp_hand_count opp_deck_count opp_prize_count opp_bench_count self_total_energy opp_total_energy self_total_hp opp_total_hp self_status_count opp_status_count early_game mid_game late_game deck_low_10 deck_low_5 current_powerful_hand_damage self_active_id self_active_hp self_active_max_hp self_active_damage self_active_energy self_active_special_energy self_active_tool_count self_active_appear_this_turn opp_active_id opp_active_hp opp_active_max_hp opp_active_damage opp_active_energy opp_active_special_energy opp_active_tool_count opp_active_appear_this_turn self_bench_open self_bench_min_hp self_bench_max_hp self_bench_max_energy self_bench_total_damage self_bench_damaged_count self_bench_low_hp_count opp_bench_open opp_bench_min_hp opp_bench_max_hp opp_bench_max_energy opp_bench_total_damage opp_bench_damaged_count opp_bench_low_hp_count hand_5 field_5 discard_5 opp_field_5 hand_13 field_13 discard_13 opp_field_13 hand_19 field_19 discard_19 opp_field_19 hand_66 field_66 discard_66 opp_field_66 hand_140 field_140 discard_140 opp_field_140 hand_305 field_305 discard_305 opp_field_305 hand_343 field_343 discard_343 opp_field_343 hand_741 field_741 discard_741 opp_field_741 hand_742 field_742 discard_742 opp_field_742 hand_743 field_743 discard_743 opp_field_743 hand_1079 field_1079 discard_1079 opp_field_1079 hand_1081 field_1081 discard_1081 opp_field_1081 hand_1086 field_1086 discard_1086 opp_field_1086 hand_1097 field_1097 discard_1097 opp_field_1097 hand_1129 field_1129 discard_1129 opp_field_1129 hand_1152 field_1152 discard_1152 opp_field_1152 hand_1182 field_1182 discard_1182 opp_field_1182 hand_1197 field_1197 discard_1197 opp_field_1197 hand_1225 field_1225 discard_1225 opp_field_1225 hand_1231 field_1231 discard_1231 opp_field_1231 hand_1266 field_1266 discard_1266 opp_field_1266 ready_alakazam_count has_ready_alakazam field_route_body_count has_abra_anywhere has_bridge_anywhere has_alakazam_anywhere has_psychic_energy_in_hand complete_route_components needs_first_abra needs_stage2 needs_attacker_energy dudunsparce_engine_count dunsparce_engine_count stadium_id select_type select_context select_min_count select_max_count option_type candidate_card_id candidate_attack_id candidate_area candidate_inplay_area candidate_target_id candidate_target_hp candidate_target_max_hp candidate_target_energy candidate_target_special_energy candidate_target_appear_this_turn candidate_target_is_active candidate_target_is_bench candidate_hand_cost post_action_hand_count post_action_powerful_hand_damage current_ko_estimate post_action_ko_estimate breaks_current_ko_estimate preserves_current_ko_estimate powerful_hand_attack_option attack_lethal_estimate attack_overkill_estimate candidate_is_route_card candidate_is_abra candidate_is_kadabra candidate_is_alakazam candidate_is_rare_candy candidate_is_psychic_energy target_is_abra target_is_kadabra target_is_alakazam target_is_dunsparce target_is_dudunsparce candidate_fills_missing_abra candidate_fills_stage2 candidate_fills_energy action_type is_attack is_retreat is_end is_evolve is_ability is_energy is_boss is_xerosic is_hammer is_bench is_trainer is_other hammer_opp_active_energy_value hammer_opp_active_special_energy_value xerosic_opp_hand_value boss_opp_bench_value boss_opp_bench_low_hp_value retreat_active_damage_value retreat_status_value energy_target_existing_energy_value energy_target_is_alakazam_value energy_target_is_fezandipiti_value evolve_target_is_abra_value evolve_target_is_kadabra_value bench_early_game_value ability_low_deck_risk trainer_low_deck_risk end_has_attack_ready_penalty
feature_infos=[1:1224] [1:30] [0:1] [0:1] [0:1] [0:1] [0:1] [0:36] [0:47] [1:6] [0:5] [0:32] [0:48] [1:6] [0:8] [0:7] [0:19] [10:910] [10:1920] [0:1] [0:1] [0:1] [0:1] [0:1] [0:1] [0:1] [0:720] -1:743:140:742:741:305:66:343 [10:210] [50:210] [0:200] [0:5] [0:4] [0:1] [0:1] -1:743:431:756:648:140:345:414:305:381:741:742:678:400:112:401:646:190:1031:93:121:434:343:647:344:432:676:380:861:235:387:506:666:860:66:169:341:104:58:1030:117:379:463:293:677:723:342:649:120:65:674:119:90:164:879:878:675:92:57:89:96:849:131:721:722:247:891:304:265:673:1071:311:108:184:791:116:163:272:655:607:73:63:132:292:303:229:848:817:689:474:269:299:142:150:162:174:828:183:320:271:138:475:141:597:818:31:473:488:746:122:264:306:309:745:95:970:37:214:240:268:41:493:583:858:959:62:354:74:227:290:42:97:133:554:813:1072:87:109:170:192:284:297:326:906:1051:1055:81:100:204:263:270:331:353:358:602:794:75:160:178:228:352:710:767:827:946:979 [10:440] [30:440] [0:420] [0:10] [0:10] [0:1] [0:1] [0:5] [0:210] [0:210] [0:6] [0:480] [0:5] [0:5] [0:8] [0:440] [0:440] [0:9] [0:980] [0:5] [0:5] [0:3] none [0:3] none [0:1] none [0:1] none [0:4] none [0:4] none [0:3] [0:3] [0:3] [0:3] [0:1] [0:1] [0:1] [0:2] [0:4] [0:4] [0:4] [0:4] [0:1] [0:1] [0:1] [0:1] [0:4] [0:4] [0:4] [0:4] [0:4] [0:4] [0:4] [0:4] [0:4] [0:4] [0:4] [0:4] [0:4] none [0:4] none [0:4] none [0:4] none [0:4] none [0:4] none [0:1] none [0:1] none [0:1] none [0:1] none [0:4] none [0:4] none [0:3] none [0:3] none [0:3] none [0:3] none [0:4] none [0:4] none [0:4] none [0:4] none [0:3] none [0:3] none [0:4] [0:1] [0:4] [0:1] [0:1] [0:1] [0:1] [0:4] [0:1] [0:1] [0:1] [0:3] [0:4] -1:1266:1259:1264:1247:1257:1261:1245:1244:1262:1246:1252:1256:1255:1260:1249:1253:1250:1242:1248:1254:1267:1258:1251 none none none none -1:7:8:9:14:12:13:10 -1:19:5:13:1225:1231:1152:66:743:1086:1266:1182:1197:305:742:343:140:1184:1081:1129:1079:1097:741:1247:1156:1264:142:1146:1110 -1:1072:1071:1070:423:183:76 [-1:7] [-1:5] -1:742:305:743:741:140:66:343:142 [0:210] [0:210] [0:5] [0:4] [0:1] [0:1] [0:1] [0:1] [0:36] [0:720] [0:1] [0:1] [0:1] [0:1] [0:1] [0:1] [0:610] [0:1] [0:1] [0:1] [0:1] [0:1] [0:1] [0:1] [0:1] [0:1] [0:1] [0:1] [0:1] [0:1] [0:1] -1:10:5:6:4:2:9:1:3:11:0:7 [0:1] [0:1] [0:1] [0:1] [0:1] [0:1] [0:1] [0:1] [0:1] [0:1] [0:1] none [0:8] [0:7] [0:32] [0:7] [0:5] [0:200] [0:1] [0:4] [0:1] [0:1] [0:1] [0:1] [0:1] [0:1] [0:1] [0:1]
tree_sizes=4177 3836 3930 4015 4131 4283 4155 4120 4075 4222 4351 4293 4333 3937 4236 4128 4245 4210 4161 4229 4233 4239 4288 4186 4110 4403 4040 4339 4116 4158 4319 4123 4242 4188 4109 3843 3749 4224 3952 4267 4025 3809 4018 3834 4186 4251 4029 3835 4304 4257

Tree=0
num_leaves=31
num_cat=12
split_feature=196 160 160 223 206 195 190 196 163 160 160 206 167 164 160 173 173 163 164 194 173 171 166 180 173 160 164 173 160 211
split_gain=185985 19494.8 15153.8 10505 8211.92 7868.07 14668.6 12070.5 5910.65 4893.04 4835.37 3077.66 2936.39 5529.58 2254.22 2184.44 1936.17 1822.62 1768.43 1618.63 1572.04 1976.33 1534.25 1504.77 1465.18 1406.05 1366.59 1231.93 1939.12 2435.78
threshold=0 1 2 1.0000000180025095e-35 1.0000000180025095e-35 1.0000000180025095e-35 1.0000000180025095e-35 3 4.5000000000000009 4 5 1.0000000180025095e-35 1.0000000180025095e-35 6 7 17.500000000000004 6.5000000000000009 4.5000000000000009 8 1.0000000180025095e-35 13.500000000000002 1.0000000180025095e-35 125.00000000000001 1.0000000180025095e-35 18.500000000000004 9 10 12.500000000000002 11 7.5000000000000009
decision_type=1 9 9 2 2 2 2 1 2 9 9 2 2 9 9 2 2 2 9 2 2 2 2 2 2 9 9 2 9 2
left_child=1 4 16 5 8 7 -7 9 19 -4 22 20 13 -9 -5 17 25 -15 -14 -1 21 23 -3 -12 -10 -2 -27 28 29 -11
right_child=2 10 3 14 -6 6 -8 12 24 27 11 -13 18 15 -16 -17 -18 -19 -20 -21 -22 -23 -24 -25 -26 26 -28 -29 -30 -31
leaf_value=0.032651893076433694 -0.0086901500077614033 0.072326382829673616 0.049009177870728941 -0.095180939691420108 -0.079491019725494286 -0.082885889176227009 0.064920934893620039 -0.0087142791746618667 -0.0026594532530213955 -0.04773196756699611 0.014320770903223971 -0.00098438275038305757 0.011963005057743836 -0.049694402218730914 -0.038436877970257674 -0.014597899451039282 -0.075780473920591673 -0.08728037861963979 -0.086286003222868279 0.077828968527385578 0.075166948104608375 0.065764909880480046 0.093395314730119222 0.052989457996296355 -0.068135553917752431 0.0041190615121250787 -0.074527279212808481 -0.02612153187412062 0.001608288426362034 0.0066396786312343213
leaf_weight=5047.2042947312875 1963.1229235089268 30559.80685528231 3428.9288880364038 6507.9026813640376 2294.2018234837742 2335.3781828816718 5964.6450937027694 10879.78194208481 5963.3023852946062 5363.756607653806 5019.7802649350197 2512.2015510718047 506.60207229125081 26411.123762403644 2458.8468927782669 3919.1672523754823 22165.455421446168 3675.439441063616 5237.2643192839751 3267.0703848547128 8201.9002084360109 9208.1110652100178 12063.276022553939 5045.2330125032458 996.8427145613532 674.88514146907255 3190.7194230470923 12558.657473553321 19218.367905614374 3343.4352203498129
leaf_count=43591 22843 242657 27722 206471 51486 100990 43064 238050 97889 58994 74650 31108 9667 537051 31538 160545 506792 155617 154615 17182 87275 70437 55438 51421 38949 12870 64793 253860 221975 29415
internal_value=0 0.0559809 -0.0361114 -0.0278682 0.00869757 -0.023345 0.0233294 -0.0274427 0.0219516 -0.00825089 0.0674184 0.0519691 -0.044078 -0.0397781 -0.0797733 -0.0496991 -0.0690119 -0.0542875 -0.0777488 0.0504083 0.05683 0.0490244 0.0782721 0.0337062 -0.012042 -0.0433859 -0.0608214 -0.0131123 -0.00726591 -0.0268235
internal_weight=229982 90178.9 139803 111809 17568.6 102843 8300.02 94542.5 15274.4 43913.1 72610.3 29987.2 50629.4 44885.5 8966.75 34005.7 27994.2 30086.6 5743.87 8314.27 27475 19273.1 42623.1 10065 6960.15 5828.73 3865.6 40484.2 27925.6 8707.19
internal_count=3698955 862083 2836872 2229574 249097 1991565 144054 1847511 197611 591966 612986 314891 1255545 1091263 238009 853213 607298 692668 164282 60773 283783 196508 298095 126071 136838 100506 77663 564244 310384 88409
cat_boundaries=0 1 35 75 76 111 135 159 198 203 242 253 291
cat_threshold=199 0 0 0 0 0 0 0 0 0 0 8388608 0 0 0 0 0 0 0 0 0 0 0 0 128 0 0 0 0 0 0 0 0 0 33554432 8192 0 0 0 0 0 0 0 0 0 0 0 0 0 0 0 0 0 0 0 0 0 0 0 0 0 0 0 0 0 0 0 0 0 0 0 16 0 512 262144 3072 0 0 0 0 16384 0 0 0 0 0 0 0 0 0 0 0 0 0 0 0 0 0 0 0 0 0 0 0 0 0 0 0 0 8388608 4194304 0 0 4 0 0 0 0 0 0 131072 0 0 0 0 0 0 0 0 0 0 0 0 0 32 0 0 0 0 0 0 0 0 0 0 0 0 0 0 0 0 0 0 0 0 0 0 0 224 0 0 0 0 0 0 0 0 0 0 0 0 0 0 0 0 0 0 0 0 0 0 0 0 0 0 0 0 0 0 0 0 0 1073741824 0 0 1 0 32768 0 0 4 0 4096 0 0 0 0 0 0 0 0 0 0 0 0 0 0 0 0 0 0 0 0 0 0 0 0 0 0 0 0 0 0 0 0 0 0 0 0 0 0 512 0 0 0 0 0 0 0 0 0 131072 8388608 0 0 0 0 0 0 0 0 0 0 0 0 0 0 0 0 0 0 0 0 0 0 0 0 0 0 0 0 0 0 0 0 0 0 0 512 0 8192
is_linear=0
shrinkage=0.05


Tree=1
num_leaves=31
num_cat=7
split_feature=159 169 206 223 163 172 195 169 182 205 176 167 162 164 164 164 222 161 161 211 176 173 207 164 163 176 173 176 173 193
split_gain=164481 67311.4 66588.1 35904 40250 43041.1 20774.3 10330.7 9695.35 9595.15 7675.89 7591.35 7022.47 6167.08 5660.88 5451.47 11010.4 4297.67 4087.51 4086.62 6881.04 3800 6947.48 3782.29 3640.66 4269.71 4015.25 3625.51 3049.52 2927.36
threshold=0 1.0000000180025095e-35 1.0000000180025095e-35 1.0000000180025095e-35 4.5000000000000009 1.0000000180025095e-35 1.0000000180025095e-35 1.0000000180025095e-35 1.0000000180025095e-35 1.0000000180025095e-35 1.0000000180025095e-35 1.0000000180025095e-35 6.0000000000000009 1 2 3 1.0000000180025095e-35 4 5 7.5000000000000009 1.0000000180025095e-35 6.5000000000000009 1.0000000180025095e-35 6 4.5000000000000009 1.0000000180025095e-35 2.5000000000000004 1.0000000180025095e-35 16.500000000000004 1.0000000180025095e-35
decision_type=1 2 2 2 2 2 2 2 2 2 2 2 2 9 9 9 2 9 9 2 2 2 2 9 2 2 2 2 2 2
left_child=1 12 3 4 5 10 8 -6 9 11 28 14 15 -9 -7 16 24 -17 -19 21 -21 22 -16 -8 25 26 -1 -10 -2 -4
right_child=2 -3 29 -5 7 6 23 13 27 -11 -12 -13 -14 -15 19 17 -18 18 -20 20 -22 -23 -24 -25 -26 -27 -28 -29 -30 -31
leaf_value=-0.027626363284025891 -0.037207072333711858 0.079420456591505914 0.019109410753956058 -0.076445424250178015 -0.065132091690123448 0.020742307943431966 -0.042966551514181169 -0.017359959962049951 0.051988856832601439 0.026378298384806282 -0.066628108529146898 -0.062346546975624473 -0.032855674469520806 -0.067912433735775712 -0.040474928596736924 -0.027107105329925458 -0.072372692952683601 0.074502937769769725 0.014353399619325385 -0.026267118795588802 0.044127233740988696 -0.020445936183225578 0.0043033358720042493 0.046846700209714209 0.02594902519304762 0.0015752356013282267 0.065837556154983365 -0.010633981741560853 0.0098764134818287129 0.080133157763156895
leaf_weight=1233.7345825582743 52345.881109221256 52419.561845458578 97761.162530226051 31270.88857867819 53177.504306823714 13034.536909907241 1233.2125316183083 25108.105720844003 8997.7812850116752 16751.133412680821 26853.954901841469 7499.2357410728582 6667.9501273587812 7941.8972530174069 10788.429500631581 6165.5743365641683 2640.4069397370331 2862.0301127815619 173789.24166040088 6283.4589428976178 7755.9829231603071 118802.42782177049 43944.976397817256 21817.293587980093 76590.876656510402 3883.7687337156385 16690.604623971973 3109.6922525563277 3680.4621409788961 2005.1872499631718
leaf_count=1277 242828 44774 204067 363402 587499 46768 12040 121546 15633 38955 225442 115456 16269 75332 48986 14822 6404 2269 400831 23888 22263 760549 102278 38885 108754 5790 15732 11783 22294 2139
internal_value=0 0.0272707 -0.0166959 -0.0247211 -0.0209518 -0.0132728 -0.0032715 -0.0514883 -0.0076794 -0.0100262 -0.0446492 -0.0129566 0.0178621 -0.0295345 -0.0111101 0.0190536 0.0283747 0.0138995 0.0153323 -0.013324 0.0126215 -0.0154239 -0.00452305 0.0420423 0.0310815 0.0491055 0.0594036 0.0359046 -0.0341139 0.0203364
internal_weight=903107 342944 560163 460397 429126 342898 260018 86227.5 236968 224860 82880.3 208109 290524 33050 200610 283856 101039 182817 176651 187575 14039.4 173536 54733.4 23050.5 98399 21808.1 17924.3 12107.5 56026.3 99766.3
internal_count=3698955 616922 3082033 2875827 2512425 1728048 1237484 784377 1186559 1159143 490564 1120188 572148 196878 1004732 555879 137957 417922 403100 957964 46151 911813 151264 50925 131553 22799 17009 27416 265122 206206
cat_boundaries=0 1 25 49 59 93 99 109
cat_threshold=9728 0 0 0 0 4096 0 0 0 0 0 0 0 0 0 0 0 0 0 0 0 0 0 0 224 0 0 0 0 4096 0 0 0 0 0 0 0 0 0 0 0 0 0 0 0 0 0 0 224 0 0 0 0 4096 0 0 0 0 131072 0 0 0 0 0 0 0 0 0 0 0 0 0 128 0 0 0 0 0 0 0 0 0 0 0 0 0 0 0 0 0 0 0 16384 0 0 4096 0 0 8388608 0 0 4 0 4096 0 0 0 0 131072
is_linear=0
shrinkage=0.05


Tree=2
num_leaves=31
num_cat=9
split_feature=196 169 223 163 196 195 169 182 167 170 164 164 164 165 211 176 176 204 161 161 198 176 164 164 193 214 211 176 224 176
split_gain=200800 59022.1 28010.9 21206.8 23117.3 13844.4 7546.93 6839.2 6012.08 5125.82 15642.1 5199.77 4716.92 4251.18 3284.98 3476.43 3348.04 3540.42 3283.66 3078.63 2487.43 2992 2475.12 2309.39 1979.72 1978.29 1728.78 1719.86 1681.03 2010.72
threshold=0 1.0000000180025095e-35 1.0000000180025095e-35 4.5000000000000009 1 1.0000000180025095e-35 1.0000000180025095e-35 1.0000000180025095e-35 1.0000000180025095e-35 1.0000000180025095e-35 2 3 4 105.00000000000001 7.5000000000000009 1.0000000180025095e-35 1.0000000180025095e-35 1.0000000180025095e-35 5 6 1.0000000180025095e-35 1.0000000180025095e-35 7 8 1.0000000180025095e-35 135.00000000000003 4.5000000000000009 1.0000000180025095e-35 1.0000000180025095e-35 1.0000000180025095e-35
decision_type=1 2 2 2 1 2 2 2 2 2 9 9 9 2 2 2 2 2 9 9 2 2 9 9 2 2 2 2 2 2
left_child=1 9 3 4 5 7 23 8 14 10 -1 -11 -8 18 16 -16 17 -2 -12 -20 28 25 -7 27 -21 -22 -18 -5 -6 -30
right_child=2 -3 -4 6 20 22 12 -9 -10 11 13 -13 -14 -15 15 -17 26 -19 19 24 21 -23 -24 -25 -26 -27 -28 -29 29 -31
leaf_value=-0.017436813697636319 -0.0069112145111275003 0.078923771278971461 -0.073159669028660321 -0.062265926885040783 -0.027274148579910756 0.030681633858201985 -0.015821638084892294 0.022734320206756808 -0.060449434778126712 0.048610198148406836 -0.020156326910757708 -0.0097889629324345116 -0.063652658680236507 0.052337625484903533 -0.019947979327933778 0.033538047406188036 -0.026489636580063654 -0.047508499667460152 0.074463899637060932 0.018428553982864589 -0.040737624925552433 -0.075833858494176065 -0.042925748983324269 -0.072406019525095872 0.072344457725540906 0.067388585725155159 0.0083129951669520183 -0.035049615849898651 -0.028631817635970277 -0.059447426723977619
leaf_weight=31439.024592422647 102187.84506413003 44134.608800208196 27908.680623168242 11694.229387682048 48560.368105556001 24784.304097728105 23140.731619900092 13557.555160612217 6729.6723755722051 22574.202167065348 5390.5812170230784 4587.939642122481 6630.7823404619703 9571.6124964063056 5050.0591924362816 7623.5506295189261 52203.961048748926 5667.7987058537547 2490.4160062875599 301583.5010030056 12465.812381705386 8106.7333579474362 1189.7607779684477 18917.861783823697 1711.8836245741695 437.4146798113361 3829.5910971867852 11533.477248579031 10510.787966224365 10669.676031452371
leaf_count=148676 390910 44774 363402 144597 286071 38474 121546 27416 115456 32992 14822 14902 75332 17026 23888 22263 377209 38398 2269 584483 72348 96695 12451 288442 2139 1002 22740 154460 58010 105762
internal_value=0 0.0241981 -0.0247883 -0.0212869 -0.0156706 -0.00700525 -0.0457749 -0.0115328 -0.0140675 0.0178317 0.0162175 0.0387601 -0.0265024 0.0195162 -0.0122995 0.0122251 -0.014196 -0.00904485 0.0185072 0.0191888 -0.0369418 -0.0520284 0.0273043 -0.0593883 0.0187324 -0.0370693 -0.0241109 -0.0487322 -0.0324017 -0.0441565
internal_weight=836884 423484 413401 385492 313575 222824 71917.1 196850 183292 379349 352187 27162.1 29771.5 320748 176563 12673.6 163889 107856 311176 305786 90750.8 21010 25974.1 42145.6 303295 12903.2 56033.6 23227.7 69740.8 21180.5
internal_count=3698955 862083 2836872 2473470 1689093 1069205 784377 1018280 990864 817309 769415 47894 196878 620739 875408 46151 829257 429308 603713 588891 619888 170045 50925 587499 586622 73350 399949 299057 449843 163772
cat_boundaries=0 1 2 26 50 74 108 114 138 162
cat_threshold=199 3104 0 0 4 0 0 0 0 0 0 0 0 0 0 0 0 0 0 0 0 0 0 0 0 64 0 0 4 0 0 0 0 0 0 131072 0 0 0 0 0 0 0 0 0 0 0 0 0 64 0 0 0 0 4096 0 0 0 0 0 0 0 0 0 0 0 0 0 0 0 0 0 0 224 0 0 0 0 0 0 0 0 0 0 0 0 0 128 0 0 0 0 0 0 0 0 0 0 0 0 0 0 0 0 0 0 0 16384 0 0 4096 0 0 8388608 0 0 0 0 0 0 0 0 0 0 8388608 0 0 0 0 0 0 0 0 0 0 0 0 192 0 0 4 0 4096 0 0 0 0 0 0 0 0 0 0 0 0 0 0 0 0 0 0 192
is_linear=0
shrinkage=0.05


Tree=3
num_leaves=31
num_cat=7
split_feature=160 196 169 160 163 223 195 223 160 163 169 167 194 176 161 191 198 160 173 191 163 165 173 207 196 176 173 214 172 165
split_gain=153800 43947.1 42727.2 25340.4 16216.5 14138 10348 10055.6 12042.7 7591.44 6932.57 6013.89 5234.55 5232.21 6282.34 4809.1 4590.14 3188.4 3035.57 2633.11 3124.37 2545.06 2519.28 5477.66 3020.53 3135.21 2415.35 2267.31 2184.38 1922.01
threshold=0 1 1.0000000180025095e-35 2 4.5000000000000009 1.0000000180025095e-35 1.0000000180025095e-35 1.0000000180025095e-35 3 4.5000000000000009 1.0000000180025095e-35 1.0000000180025095e-35 1.0000000180025095e-35 1.0000000180025095e-35 4 1.0000000180025095e-35 1.0000000180025095e-35 5 6.5000000000000009 1.0000000180025095e-35 4.5000000000000009 75.000000000000014 8.5000000000000018 1.0000000180025095e-35 6 1.0000000180025095e-35 8.5000000000000018 135.00000000000003 1.0000000180025095e-35 145.00000000000003
decision_type=9 1 2 9 2 2 2 2 9 2 2 2 2 2 9 2 2 9 2 2 2 2 2 2 1 2 2 2 2 2
left_child=2 9 -1 4 5 6 11 8 19 12 21 15 13 14 -2 -3 22 26 -11 29 -21 -6 23 -10 -24 -26 -7 -18 -16 -5
right_child=1 3 -4 7 10 17 -8 -9 16 18 -12 -13 -14 -15 28 -17 27 -19 -20 20 -22 -23 24 -25 25 -27 -28 -29 -30 -31
leaf_value=0.020715496510731214 0.072620108562621327 -0.00088457124036980827 0.07631739335114604 -0.067714054879017202 -0.072009807852342983 -0.047524925481256426 0.031176524343882784 -0.081758699285909314 -0.029409268564941804 0.01637703148496078 -0.017349892347577316 -0.059412629086246949 0.042532537239018446 0.017147716554286672 -0.0037297980168065591 -0.071926109326366353 -0.053524579349147942 -0.076850008398814104 -0.028237499047978287 0.044432463995010586 -0.04711099917822896 -0.040870178575192262 -0.011116987700086171 0.0029583763785235037 -0.026261402755945986 -0.054704608211634642 0.04221379310605345 0.056505241920353999 -0.031789360705078783 -0.023365697204145573
leaf_weight=263679.78429670725 2279.4951882795431 85663.734658617293 39761.3120852625 33483.088082980714 11586.651948115206 2292.6168085378595 23623.695463698939 13063.935414728476 34283.946109042881 4827.468560106121 24002.680615526158 4965.4999805713887 13011.987401382066 63782.427725596819 20541.312676596455 2449.850031657028 19067.803776397195 7335.3888551607961 18129.158064772957 1188.1540204810444 4317.6629320589127 15139.488261855149 12614.801115587616 21124.669911901816 21134.941281956329 17892.598132854153 1113.6299944249913 479.55295767029747 10471.872544168145 2636.5011319952318
leaf_count=468202 2269 356837 44774 323871 219788 13968 35383 213021 177204 13720 151881 96474 17182 154923 61562 15357 169043 118843 123118 3842 51729 222907 101413 62496 154973 223028 8536 1002 66922 24687
internal_value=0 -0.0172518 0.0280005 -0.0263384 -0.0129454 -0.00342919 0.00162328 -0.0394997 -0.03622 0.00729845 -0.0368549 -0.00587748 0.0127531 0.00876121 -0.00730561 -0.00286022 -0.0285409 -0.0583199 -0.0188553 -0.0595531 -0.0273528 -0.0543715 -0.0244745 -0.017069 -0.0324197 -0.0392921 -0.0181294 -0.0508236 -0.0132006 -0.0644774
internal_weight=795946 492505 303441 359461 178173 127444 116703 181288 168224 133044 50728.8 93079.1 110087 97075.1 33292.7 88113.6 126598 10741.6 22956.6 41625.4 5505.82 26726.1 107051 55408.6 51642.3 39027.5 3406.25 19547.4 31013.2 36119.6
internal_count=3698955 3185979 512976 2746283 1239974 645398 504051 1506309 1293288 439696 594576 468668 302858 285676 130753 372194 889159 141347 136838 404129 55571 442695 719114 239700 479414 378001 22504 170045 128484 348558
cat_boundaries=0 40 41 79 119 125 163 164
cat_threshold=0 0 4 0 20480 0 0 0 0 131072 0 0 0 0 0 0 0 0 0 0 0 0 0 96 0 0 0 0 0 0 0 0 0 41943040 4194304 67108864 0 0 2147483648 65536 2114 524320 0 0 0 0 0 0 0 0 0 0 0 0 0 0 0 0 0 0 0 0 0 0 0 0 0 0 0 0 0 0 0 0 1073741824 512 512 1 1 8192 0 0 0 0 0 0 0 0 0 8388608 0 0 0 0 0 0 0 0 0 0 0 0 0 0 0 0 0 0 0 0 0 0 0 0 0 16 0 0 262144 0 0 4096 0 0 8388608 0 0 0 0 0 0 0 0 0 0 0 0 0 0 0 0 0 0 0 0 0 0 0 0 0 0 0 0 0 0 0 0 0 0 512 512 0 1 9
is_linear=0
shrinkage=0.05


Tree=4
num_leaves=31
num_cat=13
split_feature=196 169 223 160 160 164 196 167 170 160 173 160 164 164 164 169 164 170 198 222 166 176 222 173 195 160 166 160 176 173
split_gain=125371 47003.6 18806.6 18560 13062.5 12754.9 14062.8 9806.19 11475.1 7810.24 5273.68 4349.51 3992.79 3778.16 3465.02 3815.88 3069.77 8266.78 3035.76 2877.3 3307.59 4183.01 2863.16 3545.55 2786.87 2698.34 2637.29 2374.03 2180.51 2157.05
threshold=0 1.0000000180025095e-35 1.0000000180025095e-35 1 2 3 4 1.0000000180025095e-35 1.0000000180025095e-35 5 11.500000000000002 6 7 8 9 1.0000000180025095e-35 10 1.0000000180025095e-35 1.0000000180025095e-35 1.0000000180025095e-35 175.00000000000003 1.0000000180025095e-35 1.0000000180025095e-35 6.5000000000000009 1.0000000180025095e-35 11 175.00000000000003 12 1.0000000180025095e-35 20.500000000000004
decision_type=1 2 2 9 9 9 1 2 2 9 2 9 9 9 9 2 9 2 2 2 2 2 2 2 2 9 2 9 2 2
left_child=1 4 3 12 -1 -5 7 8 9 10 14 -4 24 -12 15 -7 17 22 -8 20 -18 -22 23 -6 -2 -11 -9 -17 -10 -19
right_child=2 -3 11 5 16 6 18 26 28 25 13 -13 -14 -15 -16 27 19 29 -20 -21 21 -23 -24 -25 -26 -27 -28 -29 -30 -31
leaf_value=-0.066220275705645343 -0.010763218639873695 0.073384180199076818 -0.076291781263943204 -0.063695382228149994 0.016362883757705695 -0.065512868211649936 -0.025468757678329658 -0.069452991552512555 0.009749153005062074 0.023118124802911581 -0.0059757676587171571 -0.018940524464855949 -0.065340458468798768 -0.047254200478525681 -0.0061829114100849757 0.021146665308635491 0.016222275148224271 0.039672171772196632 -0.049318288954723143 -0.053725319703515163 0.070336003896067714 0.00082056738082664227 0.047190036992614391 -0.02814794756820177 -0.075009781083766242 -0.0013993405456136422 0.0091414252011791479 -0.046769154163617196 0.035028819870024618 -0.026462237658081467
leaf_weight=4996.1214395788265 6967.045600114041 36706.460302327294 18076.419341054512 12626.00328854681 5786.2757870359346 5626.9702805144479 60134.714658886835 7410.019515797263 16644.683980627917 13549.732974216924 7542.3455072385259 4075.5711122634821 23185.90291224164 21054.657358127588 59637.480279549025 3160.7645654401276 301659.75637462951 12813.97842681827 17149.294625728508 1438.5443372172303 6214.9934410075657 3320.1912594777532 1799.9236037656665 19720.182151430752 2227.3435535486788 65090.926814709266 1246.7186501757242 2155.238235140685 17499.297226319555 1363.7704606577754
leaf_count=51486 59995 44774 331864 215008 14941 93526 449843 154312 40942 31067 74836 31538 261382 274155 251831 9252 574989 16613 170045 6949 6718 5790 2731 131004 31266 314902 11402 8330 21376 6088
internal_value=0 0.0194912 -0.0211334 -0.0182495 0.013983 -0.0144914 -0.0124038 -0.00597325 -0.0038431 -0.008941 -0.018271 -0.0657841 -0.0542678 -0.0363863 -0.0109336 -0.0367828 0.0151161 0.00233356 -0.0307573 0.0168121 0.0171388 0.0461323 -0.0137488 -0.0180501 -0.0263021 0.00282746 -0.0581336 -0.00643714 0.0227058 0.0333096
internal_weight=760881 395820 365061 342909 359114 310529 297903 220619 211962 177818 99177.5 22152 32380.3 28597 70580.5 10943 354118 41484.1 77284 312633 311195 9535.18 27306.4 25506.5 9194.39 78640.7 8656.74 5316 34144 14177.7
internal_count=3698955 862083 2836872 2473470 817309 2120827 1905819 1285931 1120217 1057899 711930 363402 352643 348991 362939 111108 765823 171377 619888 594446 587497 12508 148676 145945 91261 345969 165714 17582 62318 22701
cat_boundaries=0 1 41 52 63 64 103 143 154 178 202 226 265 266
cat_threshold=199 8192 0 0 0 0 0 0 0 0 0 0 0 0 0 0 0 0 0 0 0 0 0 0 0 0 0 0 0 0 0 0 0 0 0 0 0 16 0 0 262144 0 0 0 0 0 0 0 0 0 0 8388608 0 0 4 0 16384 0 0 0 0 131072 8388608 3104 524320 0 0 0 0 0 0 0 0 0 0 0 0 0 0 0 0 0 0 0 0 0 0 0 0 0 0 0 0 0 0 0 0 0 0 0 1 0 33280 0 0 0 0 0 0 0 0 0 0 0 0 0 0 0 0 0 0 0 0 0 0 0 0 0 0 0 0 0 0 0 0 0 1073741824 0 0 1 0 33280 262144 0 0 0 0 4096 0 0 0 0 131072 8388608 0 0 0 0 0 0 0 0 0 0 0 0 0 0 0 0 0 0 0 0 0 0 0 192 0 0 0 0 4096 0 0 0 0 0 0 0 0 0 0 0 0 0 0 0 0 0 0 32 0 0 4 0 0 0 0 0 0 0 0 0 0 0 0 0 0 0 0 0 0 0 0 64 0 0 0 0 16384 0 0 0 0 0 0 0 0 0 0 0 0 0 0 0 0 0 0 0 0 0 0 0 0 0 0 0 0 8388608 4194304 0 0 0 2147483648 524288
is_linear=0
shrinkage=0.05


Tree=5
num_leaves=31
num_cat=12
split_feature=160 169 196 170 160 160 223 167 223 164 164 163 194 176 161 198 167 160 161 173 173 190 195 173 167 160 176 173 160 160
split_gain=103243 35202.3 26605.5 15305.7 13928.8 8399.29 8475.48 7861.65 7275.95 5739.9 4844.99 4491.66 3458.49 4524.85 5809.36 3259.93 2620.91 2331.32 2215.02 2179.24 2147.65 1758.17 2191.08 1746.29 1624.22 1599.78 1536.94 1499.9 3699.89 1717.5
threshold=0 1.0000000180025095e-35 1 1.0000000180025095e-35 2 3 1.0000000180025095e-35 1.0000000180025095e-35 1.0000000180025095e-35 4 5 4.5000000000000009 1.0000000180025095e-35 1.0000000180025095e-35 6 1.0000000180025095e-35 1.0000000180025095e-35 7 8 18.500000000000004 23.500000000000004 1.0000000180025095e-35 1.0000000180025095e-35 8.5000000000000018 1.0000000180025095e-35 9 1.0000000180025095e-35 8.5000000000000018 10 11
decision_type=9 2 1 2 9 9 2 2 2 9 9 2 2 2 9 2 2 9 9 2 2 2 2 2 2 9 2 2 9 9
left_child=1 -1 11 4 8 -6 9 10 -4 24 25 12 13 14 -2 16 21 -10 -16 -13 -14 22 27 -19 -7 -5 -17 28 -11 -29
right_child=2 -3 3 7 5 6 -8 -9 17 15 -12 19 20 -15 18 26 -18 23 -20 -21 -22 -23 -24 -25 -26 -27 -28 29 -30 -31
leaf_value=0.01675200125750893 0.070189134166933662 0.070694412280200986 -0.0037998080471685564 -0.02884611033382016 -0.059321911034503128 -0.067923072210277921 -0.078077614974019216 -0.052658991534062984 -0.070061538905309334 -0.0023757505242480155 -0.016775237366778079 -0.01097477804592345 0.038096892661289156 0.013191861948506892 -0.0020146345753687374 -0.034499020429591791 -0.069611934936847294 -0.045002515263788664 -0.029986377704513581 -0.061603832345470559 -0.054558723588814508 0.0024731659051558711 -0.077332501746880777 0.031043748981145342 -0.0030556004840871839 0.024084196911573635 -0.06736665374161839 -0.012741528877054287 -0.027172212580853977 -0.03300843893598953
leaf_weight=256778.91676234757 2069.4823916358873 34282.510258184746 67305.354728654958 1496.0541355659952 29393.839780562528 10293.534344022686 8777.676924631116 5521.0862805385259 5890.1784522159724 26540.255382574745 11467.910228472727 18377.152546742349 11905.831900636898 60078.588986953604 13781.535249922425 9558.5848898201948 2857.4750646657776 2065.0545812195633 14557.653183592251 2403.0329842038918 659.60439812764525 7389.1279971851036 1804.6798629296827 1189.2366849237587 1065.0605731749674 28458.3871129693 5667.6439832100878 14106.681828961242 34748.983020094951 40859.245796874748
leaf_count=467574 2269 44774 319473 13532 383713 234882 179370 118107 118843 106383 62396 97889 15171 154923 46693 73350 61675 13988 81791 38949 2011 48436 42375 8587 12060 45167 96695 133949 211169 462761
internal_value=0 0.0231049 -0.0152741 -0.0229627 -0.0275526 -0.0347049 -0.0302803 0.0033841 -0.00948448 -0.0275733 0.0108546 0.00437425 0.00865077 0.00523728 -0.0104784 -0.0248595 -0.0222652 -0.0513323 -0.0163895 -0.0168311 0.0332307 -0.0211865 -0.0226673 -0.0171577 -0.0617871 0.0214313 -0.0467354 -0.0218183 -0.0164395 -0.0278156
internal_weight=731350 291061 440289 316456 269513 193063 163669 46943.4 76449.8 154891 41422.4 123833 103053 90487.3 30408.7 143533 128306 9144.47 28339.2 20780.2 12565.4 125449 118060 3254.29 11358.6 29954.4 15226.2 116255 61289.2 54965.9
internal_count=3698955 512348 3186607 2746911 2507709 2046818 1663105 239202 460891 1483735 121095 439696 302858 285676 130753 1236793 1066748 141418 128484 136838 17182 1005073 956637 22575 246942 58699 170045 914262 317552 596710
cat_boundaries=0 39 40 80 120 131 155 161 198 232 233 272 309
cat_threshold=0 0 4 0 20480 0 0 0 0 131072 0 0 0 0 0 0 0 0 0 0 0 0 0 96 0 0 0 0 0 0 0 0 0 41943040 4194304 0 0 0 2147483648 2114 0 0 0 0 0 0 0 0 0 0 0 0 0 0 0 0 0 0 0 0 0 0 0 0 0 0 0 0 0 0 0 0 0 1073741824 512 67109376 1 1 0 65536 8192 0 0 0 0 0 0 0 0 0 8388608 0 0 0 0 0 0 0 0 0 0 0 0 0 0 0 0 0 0 0 0 0 0 0 0 0 16 0 0 262144 0 0 0 0 20480 0 0 0 0 131072 8388608 0 0 0 0 0 0 0 0 0 0 0 0 0 0 0 0 0 0 0 0 0 0 0 160 0 0 4096 0 0 8388608 0 0 0 0 0 0 0 0 0 0 0 0 0 0 0 0 0 0 0 0 0 0 0 0 0 0 0 0 0 0 0 0 0 1073741824 0 0 1 0 0 0 0 0 0 0 0 0 0 0 0 0 0 0 0 0 0 0 0 0 0 0 0 0 0 0 0 0 0 0 0 0 98304 8192 524288 0 0 0 0 0 0 0 0 0 0 0 0 0 0 0 0 0 0 0 0 0 0 0 0 0 0 0 0 0 0 0 0 0 0 0 0 0 33280 32 0 0 0 0 0 0 0 0 0 0 0 0 0 0 0 0 0 0 0 0 0 0 0 0 0 0 0 0 0 0 0 0 0 0 0 1073741824
is_linear=0
shrinkage=0.05


Tree=6
num_leaves=31
num_cat=14
split_feature=196 169 223 160 164 196 160 163 195 173 160 160 160 169 164 161 167 170 185 160 173 166 176 198 214 161 164 195 173 160
split_gain=89558.5 37652.4 13819.6 12617.2 9111.84 10978.3 7973.22 6625.79 7831.63 3932.75 6328.35 4041.03 3259.85 3047.76 2572.13 2415.05 2376.01 2087.15 6359.03 2793.17 1901.43 1825.33 2816.24 1772.64 1786.63 1719.7 1700.77 1650.38 1617.56 1526.15
threshold=0 1.0000000180025095e-35 1.0000000180025095e-35 1 2 3 4 4.5000000000000009 1.0000000180025095e-35 10.500000000000002 5 6 7 1.0000000180025095e-35 8 9 1.0000000180025095e-35 1.0000000180025095e-35 1.0000000180025095e-35 10 6.5000000000000009 175.00000000000003 1.0000000180025095e-35 1.0000000180025095e-35 135.00000000000003 11 12 1.0000000180025095e-35 15.500000000000002 13
decision_type=1 2 2 9 9 1 9 2 2 2 9 9 9 2 9 9 2 2 2 9 2 2 2 2 2 9 9 2 2 9
left_child=1 6 3 14 -5 7 -1 8 9 11 28 -6 -4 -9 27 -8 -13 18 21 -19 -20 25 -23 -7 -25 -17 -15 -2 -11 -10
right_child=2 -3 12 4 5 23 15 13 29 10 -12 16 -14 26 -16 17 -18 19 20 -21 -22 22 -24 24 -26 -27 -28 -29 -30 -31
leaf_value=-0.059285163702142242 -0.014760578607109052 0.068291667886010751 -0.070738196936358425 -0.063591288062231854 0.03437065009221095 -0.025125081377940308 0.06781127527738022 -0.04047098282020628 0.040478700399132289 -0.023395244333136868 0.0020068663685150843 -0.0019045189613309437 -0.019461060712616319 0.0030102158383631481 -0.059713074009809221 -0.020361418441735578 -0.057716582594504379 0.033214647555875977 0.011611221837617544 -0.012659022281554667 -0.024601413740873081 0.054614176726517305 -0.0027657463985146318 -0.048070431586084636 0.058691307203606873 0.012763540804939756 -0.027100475272764962 -0.068838981789885775 -0.047651073797699041 0.014120065407666613
leaf_weight=3892.1873461409705 6624.7632319860859 32221.159154001623 15224.345431635855 8755.9454342173412 7807.0823867321014 53611.193486622244 1959.3249832736328 17540.233255596249 9723.5924133784138 17775.505158229993 23850.197642677114 85830.75193824782 3925.6937558990321 9746.030901906779 18459.075504240813 3965.7070582727902 1949.7558767325245 21353.093853393337 4745.0163845201023 3927.0638330457732 15350.277313441038 6149.7856423114426 3277.8916430414538 13739.757865395281 402.92716494831257 281699.57292021695 9030.3922278303653 1792.3957929546013 11209.896952881274 12693.104319304693
leaf_count=51486 59995 44774 331864 186487 12154 449843 2269 307851 12846 161400 149784 311508 31538 45897 261382 14822 39190 32992 13720 14902 123118 10061 7820 169043 1002 546119 76682 31266 176764 20376
internal_value=0 0.0165931 -0.0190515 -0.0165099 -0.0134059 -0.0118051 0.0117835 -0.00608999 -0.00196737 -0.00612783 -0.017075 -7.67246e-05 -0.0602747 -0.0254848 -0.0492473 0.0125928 -0.00314422 0.0122729 0.0111645 0.0260964 -0.0160504 0.0130178 0.0346642 -0.0292753 -0.0450265 0.0123034 -0.0114842 -0.0262491 -0.0327655 0.0255788
internal_weight=708234 378541 329693 310543 283666 274910 346320 207157 170840 148423 52835.6 95587.6 19150 36316.7 26876.2 342428 87780.5 340468 315188 25280.2 20095.3 295093 9427.68 67753.9 14142.7 285665 18776.4 8417.16 28985.4 22416.7
internal_count=3698955 862083 2836872 2473470 2120827 1934340 817309 1314452 884022 850800 487948 362852 363402 430430 352643 765823 350698 763554 715660 47894 136838 578822 17881 619888 170045 560941 122579 91261 338164 33222
cat_boundaries=0 1 41 52 53 64 103 137 177 188 194 218 252 276 277
cat_threshold=199 8192 0 0 0 0 0 0 0 0 0 0 0 0 0 0 0 0 0 0 0 0 0 0 0 0 0 0 0 0 0 0 0 0 0 0 0 16 0 0 262144 0 0 0 0 16384 0 0 0 0 131072 8388608 3104 0 0 0 0 0 0 0 0 0 0 8388608 524288 0 0 0 0 0 0 0 0 0 0 0 0 0 0 0 0 0 0 0 0 0 0 0 0 0 0 0 0 0 0 0 0 1073741824 0 0 1 0 33280 0 0 0 0 16384 0 0 0 0 0 0 0 0 0 0 0 0 0 0 0 0 0 0 0 0 0 0 0 0 0 0 0 0 8388608 0 0 0 0 0 0 0 0 0 0 0 0 0 0 0 0 0 0 0 0 0 0 0 0 0 0 0 0 0 0 0 0 0 1073741824 0 0 1 0 33280 262144 0 0 0 0 4096 0 0 0 0 131072 8388608 0 0 4096 0 0 8388608 0 0 4 0 0 0 0 0 0 0 0 0 0 0 0 0 0 0 0 0 0 0 0 128 0 0 0 0 0 0 0 0 0 0 0 0 0 128 0 0 0 0 0 0 0 0 0 0 0 0 0 0 0 0 0 0 0 16384 0 0 0 0 0 0 0 0 0 0 0 0 0 0 0 0 0 0 0 0 0 0 0 160 32
is_linear=0
shrinkage=0.05


Tree=7
num_leaves=31
num_cat=9
split_feature=160 162 159 170 160 195 160 223 223 163 160 167 191 161 198 176 160 174 176 214 160 210 174 193 211 204 176 176 161 176
split_gain=74248.4 24084 20499 12534 13651 7294.95 5936.21 6317.11 5278.94 4742.63 3304.39 3202.81 2852.33 2342.89 2133.25 1966.47 1869.86 1751.67 1726.64 1480.51 1453.6 1797 1269.77 1269.53 1243.05 1241.06 1290.42 1230.09 1202.69 1154.96
threshold=0 3.0000000000000004 1 1.0000000180025095e-35 2 1.0000000180025095e-35 3 1.0000000180025095e-35 1.0000000180025095e-35 4.5000000000000009 4 1.0000000180025095e-35 1.0000000180025095e-35 5 1.0000000180025095e-35 1.0000000180025095e-35 6 390.00000000000006 1.0000000180025095e-35 135.00000000000003 7 1.5000000000000002 170.00000000000003 1.0000000180025095e-35 8.5000000000000018 1.0000000180025095e-35 1.0000000180025095e-35 1.0000000180025095e-35 8 1.0000000180025095e-35
decision_type=9 2 1 2 9 2 9 2 2 2 9 2 2 9 2 2 9 2 2 2 9 2 2 2 2 2 2 2 9 2
left_child=1 20 9 4 8 11 -6 12 24 13 -7 -5 14 18 -8 -3 -10 -11 -2 -16 21 27 -18 -22 25 -4 -27 -1 -15 -26
right_child=2 15 3 5 6 10 7 -9 16 17 -12 -13 -14 28 19 -17 22 -19 -20 -21 23 -23 -24 -25 29 26 -28 -29 -30 -31
leaf_value=0.0079997259783247607 -0.0091312571957802829 0.061345157693426682 -0.0038047878303770128 -0.0050477545042455539 -0.054900093284292698 -0.055438939503214303 -0.022768189473285461 -0.073297165291552877 -0.065300804991721681 -0.010920072545383713 0.030390220694062754 -0.051347708634515689 -0.063364453317233838 0.065666649427419996 -0.046904101166146822 0.039701249391087483 -0.041610666232544086 -0.062835361244876431 0.01166196132581848 0.051367245397050211 0.014326203317603979 0.03337122446041392 0.02406808892739035 0.063322061398251236 -0.011934338620518554 -0.039444392560666522 -0.0061512085629234839 -0.016541772228323048 0.02329185377498422 0.027625164772612579
leaf_weight=10302.972924947855 12766.469490292598 28092.49616155494 62905.421297755121 16113.749365034339 24801.651213600708 1178.4220017004991 124504.9506294138 7471.7291858704411 5081.0202884097234 17477.594504647888 20308.745137545862 4861.9144698571181 4965.2571584132966 1866.6191900952253 12746.924754558189 16762.502590050863 1874.9235790267121 1790.9655857456382 45796.304486575071 394.70083659607917 212462.11527927674 3778.6366260610521 1210.6113425525837 1329.9839856782928 2817.5336384659167 5409.5445332251256 6300.6536567059811 10121.119228899595 16298.972244300763 5342.9194124636706
leaf_count=27346 49093 44111 319473 72821 383713 15428 1172648 179370 118843 102541 35497 115456 141042 2269 169043 32296 13988 34297 99523 1002 363739 7055 8587 2139 17019 45267 38828 35662 34287 16572
internal_value=0 0.0196494 -0.0137474 -0.02003 -0.02406 0.00519423 -0.0322302 -0.0284803 -0.00834388 0.00642877 0.02567 -0.0157808 -0.026134 0.0119987 -0.0247907 0.0532574 -0.046696 -0.0157472 0.00712777 -0.0439504 0.013316 0.00169783 -0.0157891 0.0146305 -0.00456081 -0.00658717 -0.0215325 -0.00416163 0.0276818 0.0139661
internal_weight=687137 282850 404288 308291 265828 42462.8 174885 150084 90942.6 95996.9 21487.2 20975.7 142612 76728.4 137647 44855 8166.56 19268.6 58562.8 13141.6 237995 24202.7 3085.53 213792 82776.1 74615.6 11710.2 20424.1 18165.6 8160.45
internal_count=3698955 512348 3186607 2864597 2625395 239202 2046818 1663105 578577 322010 50925 188277 1483735 185172 1342693 76407 141418 136838 148616 170045 435941 70063 22575 365878 437159 403568 84095 63008 36556 33591
cat_boundaries=0 39 40 80 120 121 155 192 226 232
cat_threshold=0 0 4 0 20480 0 0 0 0 131072 0 0 0 0 0 0 0 0 0 0 0 0 0 96 0 0 0 0 0 0 0 0 0 41943040 4194304 0 0 0 2147483648 8704 0 0 0 0 0 0 0 0 0 0 0 0 0 0 0 0 0 0 0 0 0 0 0 0 0 0 0 0 0 0 0 0 0 1073741824 512 67109376 1 8193 0 65536 8192 0 0 0 0 0 0 0 0 0 8388608 0 0 0 0 0 0 0 0 0 0 0 0 0 0 0 0 0 0 0 0 0 0 0 0 0 16 0 0 262144 8192 0 0 0 0 0 0 0 0 0 0 0 0 0 128 0 0 0 0 0 0 0 0 0 0 0 0 0 0 0 0 0 0 0 81920 0 0 0 0 0 0 0 0 0 0 0 0 0 0 0 0 0 0 0 0 0 0 0 0 0 0 0 0 0 0 0 0 0 1073741824 0 0 1 0 0 0 0 4096 0 0 0 0 0 0 0 0 0 0 0 0 0 0 0 0 0 0 0 0 0 0 0 0 0 0 0 0 33554432 0 0 4096 0 0 8388608
is_linear=0
shrinkage=0.05


Tree=8
num_leaves=31
num_cat=12
split_feature=196 169 223 160 190 196 195 160 164 174 160 170 160 160 176 161 168 164 170 164 222 174 222 166 176 160 174 195 198 174
split_gain=69552.3 31037.4 10686.9 9739.82 7847.43 11473.3 6666.22 5578.69 3546 3522.29 4770.77 2918.26 2687.1 2511.6 2389.3 1981.8 1880.87 1851.49 1710.73 5134.53 2019.47 2549.95 1938.27 2225.84 4108.66 1932.78 1934.43 1656.5 1431.71 1370.74
threshold=0 1.0000000180025095e-35 1.0000000180025095e-35 1 1.0000000180025095e-35 2 1.0000000180025095e-35 3 4 230.00000000000003 5 1.0000000180025095e-35 6 7 1.0000000180025095e-35 8 1.0000000180025095e-35 9 1.0000000180025095e-35 10 1.0000000180025095e-35 130.00000000000003 1.0000000180025095e-35 175.00000000000003 1.0000000180025095e-35 11 50.000000000000007 1.0000000180025095e-35 1.0000000180025095e-35 450.00000000000006
decision_type=1 2 2 9 2 1 2 9 9 2 9 2 9 9 2 9 2 9 2 9 2 2 2 2 2 9 2 2 2 2
left_child=1 7 3 17 5 9 16 -1 -7 13 -11 27 -4 14 -5 -9 -6 -2 19 20 21 -17 23 -21 -25 26 -20 28 -10 -28
right_child=2 -3 12 4 6 8 -8 15 11 10 -12 -13 -14 -15 -16 18 -18 -19 25 22 -22 -23 -24 24 -26 -27 29 -29 -30 -31
leaf_value=-0.054312493828825519 -0.026088817390051224 0.064427893420058419 -0.066539432250373995 0.039244620874514635 -0.0097035931272511991 -0.059854401988126041 0.026803431113492055 0.063424211443336861 -0.024391124039703616 -0.041426191925177429 -0.0046580597418473908 -0.0011626927779670828 -0.018295962344798005 -0.0027059670147747648 -0.027412799807970085 0.013372432631854701 -0.059059955754603981 -0.055694535827313332 -0.038253540722808566 0.011240232613465793 0.037023171990131991 -0.026319883792432181 -0.052214114346513754 0.067916119654584536 -0.0051428954740174726 -0.010304259663045519 0.035904390272178614 -0.06974505430423672 -0.042804977377018355 -0.024982106969826761
leaf_weight=3277.372473149444 7993.3969087966252 29001.532875584904 13309.305013099569 6760.7553642669227 7095.0318515949766 7925.2954785125912 21259.79887112556 1793.3422520821914 73704.886762340349 13943.480897220463 24017.543547824724 11292.446032274689 3719.8765628733672 79865.679504332278 1677.5213568527251 5343.7112230588682 2651.4503015083901 15949.187062330893 1002.9918181803077 271043.41172173677 1901.3278267914429 16660.255561366444 1179.3983366893372 4708.5998646458611 3253.9298259913921 3583.0240825166693 18787.589383674087 2331.0040546582313 12322.811142390361 971.78462120005861
leaf_count=51486 91261 44774 331864 9945 81058 186487 43064 2269 734534 208946 166569 51750 31538 331693 4075 14941 69953 261382 1356 548558 2731 131004 6247 6389 5790 14902 26758 62708 170045 4878
internal_value=0 0.0148149 -0.017561 -0.0152918 -0.0125291 -0.0156636 0.011106 0.0105009 -0.0276614 -0.00543885 -0.018176 -0.025095 -0.056052 3.61401e-05 0.025961 0.0111456 -0.0231334 -0.0458264 0.0108581 0.00983733 -0.0124028 -0.0166802 0.0117349 0.0120058 0.0380611 0.023612 0.0294561 -0.0281564 -0.0270291 0.0329091
internal_weight=668328 362508 305819 288790 264848 233841 31006.3 333507 107576 126265 37961 99651.1 17029.2 88304 8438.28 330229 9746.48 23942.6 328436 304091 23905.3 22004 280185 279006 7962.53 24345.4 20762.4 88358.7 86027.7 19759.4
internal_count=3698955 862083 2836872 2473470 2120827 1926752 194075 817309 1205524 721228 375515 1019037 363402 345713 14020 765823 151011 352643 763554 715660 148676 145945 566984 560737 12179 47894 32992 967287 904579 31636
cat_boundaries=0 1 41 42 53 64 103 143 177 183 194 218 242
cat_threshold=199 8192 0 0 0 0 0 0 0 0 0 0 0 0 0 0 0 0 0 0 0 0 0 0 0 0 0 0 0 0 0 0 0 0 0 0 0 16 0 0 262144 3072 0 0 0 0 0 0 0 0 0 0 8388608 0 0 0 0 16384 0 0 0 0 131072 8388608 0 0 0 0 0 0 0 0 0 0 0 0 0 0 0 0 0 0 0 0 0 0 0 0 0 0 0 0 0 0 0 0 0 0 0 0 1 0 33280 0 0 0 0 0 0 0 0 0 0 0 0 0 0 0 0 0 0 0 0 0 0 0 0 0 0 0 0 0 0 0 0 0 1073741824 0 0 1 0 33280 262144 0 0 0 0 16384 0 0 0 0 0 0 0 0 0 0 0 0 0 0 0 0 0 0 0 0 0 0 0 0 0 0 0 0 8388608 0 0 4096 0 0 8388608 0 0 0 0 4096 0 0 0 0 131072 8388608 0 0 4 0 0 0 0 0 0 0 0 0 0 0 0 0 0 0 0 0 0 0 0 64 0 0 4 0 0 0 0 0 0 0 0 0 0 0 0 0 0 0 0 0 0 0 0 128
is_linear=0
shrinkage=0.05


Tree=9
num_leaves=31
num_cat=15
split_feature=196 169 223 160 196 163 195 160 169 164 160 174 160 160 161 170 185 161 164 160 166 222 176 164 174 164 193 159 214 195
split_gain=60265.5 28426.5 9732.91 8837.6 6817.51 9039.79 7916.89 4871.27 3564.84 3321.57 3288.89 2364.09 3177.82 2339.62 1971.21 1797.32 4716.73 1751.9 1685.35 1570.06 1566.31 2854.7 2518.69 1549.57 1506.4 1339.54 1175.74 1166.8 1273.18 1119.96
threshold=0 1.0000000180025095e-35 1.0000000180025095e-35 1 2 4.5000000000000009 1.0000000180025095e-35 3 1.0000000180025095e-35 4 5 270.00000000000006 6 7 8 1.0000000180025095e-35 1.0000000180025095e-35 9 10 11 175.00000000000003 1.0000000180025095e-35 1.0000000180025095e-35 12 370.00000000000006 13 1.0000000180025095e-35 14 135.00000000000003 1.0000000180025095e-35
decision_type=1 2 2 9 1 2 2 9 2 9 9 2 9 9 9 2 2 9 9 9 2 2 2 9 2 9 2 1 2 2
left_child=2 7 3 23 5 6 9 -2 18 -5 -11 -12 -13 -4 -9 16 17 -16 -7 -17 26 22 -22 29 -18 -10 -19 -6 -29 -1
right_child=1 -3 13 4 27 8 -8 14 25 10 11 12 -14 -15 15 19 24 20 -20 -21 21 -23 -24 -25 -26 -27 -28 28 -30 -31
leaf_value=-0.016566970168164549 -0.052270823290194945 0.062716487023859152 -0.064756753648150117 -0.045262303263754869 -0.023277133637302484 -0.027257821011838081 0.027590273759957897 -0.026111430551245152 0.00030866906555269383 0.0099303629511264691 -0.0051772184400591774 -0.046296773659505235 -0.0069178377193741623 -0.019134700884313696 0.061508458901437316 0.029414282309081382 -0.0098486014209217057 0.010146760692669121 -0.056511657148205233 -0.00711445384954776 0.066587562462526853 -0.050735256557206579 0.005453398575833446 -0.053910871968291967 -0.055831946858280052 -0.026465620181108658 0.059712800159241478 -0.044043100076613689 0.050491924097095679 -0.064063323561519656
leaf_weight=6131.7650613253209 3125.051678593969 27454.114145055413 12485.405878535472 5255.865659038187 47723.874055439694 8895.1992204934359 19663.766445975401 3655.4205333238933 9199.7461917985929 29569.654636492312 82601.857216165256 9046.177387866861 11826.754976152442 3664.1699553318322 1719.0120547567494 20086.676318390528 16299.257343886537 269219.10009389604 11232.74941796338 3447.4720772254514 4431.2012467295863 908.32298590807477 2718.5972075301688 14926.81340973574 1999.2064865402062 9489.4223029691493 1201.322988349013 11214.836752619565 367.39086855272762 1556.0153307965957
leaf_count=59995 51486 44774 331864 101481 449843 141112 35383 14822 45897 117432 388134 163758 100175 31538 2269 32992 97889 543980 301583 14902 6389 5702 5790 261382 38949 105984 2139 169043 1002 31266
internal_value=0 0.0138384 -0.0167206 -0.0145343 -0.0118866 -0.007407 -0.00209491 0.00975759 -0.0290257 -0.00631572 -0.00477319 -0.00897561 -0.0240108 -0.0544588 0.0103542 0.0107689 0.00972036 0.0113266 -0.0436263 0.0240725 0.0110141 0.032737 0.043345 -0.0444905 -0.0148742 -0.0133 0.0103671 -0.0267463 -0.0410065 -0.0261505
internal_weight=651116 356265 294851 278702 256087 196781 157964 328811 38817.1 138300 133044 103475 20872.9 16149.6 325686 322030 298496 280198 20127.9 23534.1 278479 8058.12 7149.8 22614.6 18298.5 18689.2 270420 59306.1 11582.2 7687.78
internal_count=3698955 862083 2836872 2473470 2120827 1500939 906363 817309 594576 870980 769499 652067 263933 363402 765823 751001 703107 566269 442695 47894 564000 17881 12179 352643 136838 151881 546119 619888 170045 91261
cat_boundaries=0 1 41 42 53 77 116 155 195 229 235 259 283 294 318 319
cat_threshold=3640 8192 0 0 0 0 0 0 0 0 0 0 0 0 0 0 0 0 0 0 0 0 0 0 0 0 0 0 0 0 0 0 0 0 0 0 0 16 0 0 262144 3104 0 0 0 0 0 0 0 0 0 0 8388608 0 0 4 0 16384 0 0 0 0 131072 0 0 0 0 0 0 0 0 0 0 0 0 0 128 524288 0 0 0 16384 0 0 0 0 0 0 0 0 0 0 0 0 0 0 0 0 0 0 0 0 0 0 0 0 0 0 0 0 8388608 4194816 0 0 1 2147483648 0 0 0 0 0 0 0 0 0 0 0 0 0 0 0 0 0 0 0 0 0 0 0 0 0 0 0 0 0 0 0 0 0 0 0 0 1 0 33280 0 0 0 0 0 0 0 0 0 0 0 0 0 0 0 0 0 0 0 0 0 0 0 0 0 0 0 0 0 0 0 0 0 1073741824 0 0 1 0 33280 262144 0 0 0 0 0 0 0 0 0 0 0 0 0 128 0 0 0 0 0 0 0 0 0 0 0 0 0 0 0 0 0 0 0 16384 0 0 4096 0 0 8388608 0 0 4 0 0 0 0 0 0 0 0 0 0 0 0 0 0 0 0 0 0 0 0 192 0 0 4 0 0 0 0 0 0 0 0 0 0 0 0 0 0 0 0 0 0 0 0 128 0 0 0 0 4096 0 0 0 0 131072 8388608 0 0 0 0 0 0 0 0 0 0 0 0 0 0 0 0 0 0 0 0 0 0 0 160 16512
is_linear=0
shrinkage=0.05


Tree=10
num_leaves=31
num_cat=12
split_feature=160 169 160 170 159 223 216 164 161 164 169 179 160 223 160 170 164 173 160 211 160 199 216 176 194 166 222 176 160 176
split_gain=53534.9 22457.4 13946 8909.56 10800.8 8427.8 5649.16 4335.52 3449.2 2558.9 1836.03 1828.14 1782.97 1539.63 2291.37 1524.52 3053.7 1357.69 2707.46 2386.24 1652.52 1293.78 1150.8 1133.44 1487.88 1127.23 3063.83 2419.21 1057.28 1475.37
threshold=0 1.0000000180025095e-35 1 1.0000000180025095e-35 2 1.0000000180025095e-35 1.0000000180025095e-35 3 4 5 1.0000000180025095e-35 1.0000000180025095e-35 6 1.0000000180025095e-35 7 1.0000000180025095e-35 8 6.5000000000000009 9 7.5000000000000009 10 1.0000000180025095e-35 1.0000000180025095e-35 1.0000000180025095e-35 1.0000000180025095e-35 175.00000000000003 1.0000000180025095e-35 1.0000000180025095e-35 11 1.0000000180025095e-35
decision_type=9 2 9 2 1 2 2 9 9 9 2 2 9 2 9 2 9 2 9 2 9 2 2 2 2 2 2 2 9 2
left_child=1 25 13 4 5 8 7 23 11 22 21 -4 -7 14 -2 -16 -17 18 -10 20 -19 -11 -6 24 -5 28 27 -27 29 -1
right_child=2 -3 3 6 9 12 -8 -9 17 10 -12 -13 -14 -15 15 16 -18 19 -20 -21 -22 -23 -24 -25 -26 26 -28 -29 -30 -31
leaf_value=0.011771869788853851 -0.022847282983105819 0.061163278984831405 0.059892241815603035 0.0041612109724492819 -0.05879237117584693 -0.06305355351905792 -0.047293097270832037 -0.04720431568354664 0.0088520342229870038 -0.037201090270302876 -0.0091849921012586277 0.0064520384523889104 -0.016076952255141129 -0.063250789352697387 -0.050161610281609093 0.036539242331966225 -0.047687494200120722 -0.022534818321874976 -0.022325256463757798 0.015301984102640548 -0.007490659278298924 -0.021784757699259652 0.0017070781373891746 0.031873032647940128 0.028143399693193384 0.064860383281054076 -0.054313044569123982 0.0043874137393841847 0.01221388698562071 -0.034936488593035712
leaf_weight=4082.9311648645671 27081.404887460929 25992.304927232675 1651.7208900260739 14976.395372241153 7834.3558537596255 7152.5090943889809 3729.841333251039 2483.790156271134 27155.536048496142 23471.756258724374 16293.231913443073 51008.93735171156 2847.778149085585 4545.2812198854517 19662.914270267822 1638.6738401016628 3094.5534515860491 30023.948349508457 9353.1519126885978 8004.4831951413071 46635.665183211386 32403.922523637157 873.47157407959457 14632.731085220352 11383.697482307791 4381.6933903619647 934.17412695754319 2656.7316189408302 227048.64155235008 2884.6197396519128
leaf_count=13581 258586 44774 2269 45578 234882 206471 98701 24116 71455 404462 113217 133794 22575 125393 350062 8139 45928 285594 47326 35478 301444 320519 12060 21376 17182 6718 6404 5790 417554 17527
internal_value=0 0.0169986 -0.0123807 -0.00825452 -0.0118234 -0.00512307 0.0117558 0.0168222 -0.00255549 -0.027049 -0.0239512 0.00812731 -0.0497571 -0.0353481 -0.0328906 -0.044011 -0.0185494 -0.00719827 0.000860708 -0.0106743 -0.0133868 -0.0282611 -0.0526629 0.0207087 0.0145185 0.0122554 0.0307439 0.0420368 0.0116254 -0.00755531
internal_weight=635921 267981 367940 311917 264710 183834 47206.5 43476.6 173833 80876.7 72168.9 52660.7 10000.3 56022.8 51477.5 24396.1 4733.23 121173 36508.7 84664.1 76659.6 55875.7 8707.83 40992.8 26360.1 241989 7972.6 7038.43 234016 6967.55
internal_count=3698955 512348 3186607 2398499 2191546 1106406 206953 108252 877360 1085140 838198 136063 229046 788108 662715 404129 54067 741297 118781 622516 587038 724981 246942 84136 62760 467574 18912 12508 448662 31108
cat_boundaries=0 39 79 80 104 138 149 188 227 251 290 329 334
cat_threshold=0 0 4 0 20480 0 0 0 0 131072 0 0 0 0 0 0 0 0 0 0 0 0 0 96 0 0 0 0 0 0 0 0 0 41943040 4194304 0 0 0 2147483648 8192 0 0 0 0 0 0 0 0 0 8388608 0 0 0 0 0 0 0 0 0 0 0 0 0 0 0 0 0 0 0 0 0 0 0 0 0 1073741840 0 512 262144 9856 0 0 0 0 4096 0 0 0 0 0 0 0 0 0 0 0 0 0 0 0 0 0 0 224 0 0 4096 0 0 8388608 0 0 0 0 0 0 0 0 0 0 0 0 0 0 0 0 0 0 0 0 0 0 0 0 0 0 0 65536 0 0 0 0 20480 0 0 0 0 131072 8388608 0 0 0 0 0 0 0 0 0 0 0 0 0 0 0 0 0 0 0 0 0 0 0 0 0 0 0 0 0 0 0 0 0 1073741824 0 0 1 0 32768 0 0 0 0 0 0 0 0 0 0 0 0 0 0 0 0 0 0 0 0 0 0 0 0 0 0 0 0 0 0 0 0 0 0 0 0 1073741824 0 512 0 0 0 0 0 0 0 0 0 131072 8388608 0 0 0 0 0 0 0 0 0 0 0 0 32 0 0 0 0 0 0 0 0 0 0 0 0 0 0 0 0 0 0 0 0 0 0 0 128 0 0 0 0 0 0 0 0 0 1073741824 0 0 1 1 32768 0 0 0 0 0 0 0 0 0 0 0 0 0 0 0 0 0 0 0 0 0 0 0 128 0 0 0 0 0 0 0 0 0 0 0 0 0 8192 32768 0 0 0 0 4096
is_linear=0
shrinkage=0.05


Tree=11
num_leaves=31
num_cat=13
split_feature=196 169 223 160 164 160 164 160 167 164 195 211 160 163 163 160 207 161 164 163 194 173 160 222 162 176 167 176 160 173
split_gain=48477.7 23578.1 7991.87 7722.18 6776.95 5913.69 4097.94 3754.83 3028.1 2538.34 2103.09 1990.92 1916.04 1838.44 1814.79 1813.08 1804.04 1503.84 1686.26 3143.83 1688.72 2334.37 3551.21 1477.25 2020.19 2287.14 1467.63 1406.08 1822.47 1384.9
threshold=0 1.0000000180025095e-35 1.0000000180025095e-35 1 2 3 4 5 1.0000000180025095e-35 6 1.0000000180025095e-35 7.5000000000000009 7 4.5000000000000009 4.5000000000000009 8 1.0000000180025095e-35 9 10 4.5000000000000009 1.0000000180025095e-35 16.500000000000004 11 1.0000000180025095e-35 3.0000000000000004 1.0000000180025095e-35 1.0000000180025095e-35 1.0000000180025095e-35 12 19.500000000000004
decision_type=1 2 2 9 9 9 9 9 2 9 2 2 9 2 2 9 2 9 9 2 2 2 9 2 2 2 2 2 9 2
left_child=1 7 3 4 -2 6 -5 -1 9 13 26 16 -4 -8 -12 -7 -11 -9 23 20 21 -20 -23 24 -19 -26 -6 -18 -29 -21
right_child=2 -3 12 5 10 15 8 17 -10 11 14 -13 -14 -15 -16 -17 27 18 19 29 -22 22 -24 -25 25 -27 -28 28 -30 -31
leaf_value=-0.04979519921063022 -0.043376844674128265 0.059697346103573384 -0.061744271410788913 -0.054034193657153368 0.0036620291127577305 -0.041324729184248926 0.019721975761632614 0.057780064005194878 -0.050536059178632201 -0.027658115098163023 0.035712630779712699 0.0094007718101715362 -0.019181940030512139 -0.009534651973580284 -0.025047607167266922 -0.024331911503403435 -0.0025496531313324031 0.012497232864820188 0.0034013614525099361 -0.0096490203725081922 0.02689340706031353 -0.059532582552367874 0.020702104161819685 -0.052516039909515255 0.063684903939508694 0.0036569878969425437 -0.039044540627938051 0.017220759015702219 -0.029812250694704102 -0.058626015614403199
leaf_weight=2690.8439203689923 7820.5337361182901 24613.658888340462 11087.297132243926 5163.1170061073499 51306.443560381245 20526.339041731379 13552.840306785889 1589.0417858726578 4080.6724407559959 18347.303213615611 8553.5921970952768 10125.592369188671 3513.2268668714096 8892.0771753081353 1434.6454121608986 67656.535200071114 28736.169503501034 122309.7695638251 118537.09874315717 15841.777158292709 11268.347735583782 1423.9434083810775 36387.438138557598 840.58461203973275 4138.4486990263686 2573.8262550418731 2093.3069581559394 2485.7919277222827 11905.286801669805 1587.6627870553639
leaf_count=51486 125224 44774 331864 135951 279061 352643 26967 2269 106860 197351 12708 46151 31538 88681 22082 749150 131079 202236 298516 102541 17182 12252 77618 6404 6718 5790 50932 16120 132510 34297
internal_value=0 0.0125449 -0.0155543 -0.0135536 0.000505236 -0.0187811 -0.0106592 0.00890907 -0.00837132 -0.00654234 0.00592558 -0.0111407 -0.0515596 0.00812748 0.0269841 -0.0282918 -0.014526 0.00940954 0.00916353 0.00609753 0.00819945 0.00685202 0.0176694 0.0135315 0.0139631 0.0406699 0.00198746 -0.00893895 -0.0216963 -0.0141122
internal_weight=621083 343802 277281 262680 71208.5 191472 103289 319189 98125.7 94045.1 63388 71600.1 14600.5 22444.9 9988.24 88182.9 61474.6 316498 314909 185046 167617 156348 37811.4 129863 129022 6712.27 53399.8 43127.2 14391.1 17429.4
internal_count=3698955 862083 2836872 2473470 490007 1983463 881670 817309 745719 638859 364783 523211 363402 115648 34790 1101793 477060 765823 763554 542406 405568 388386 89870 221148 214744 12508 329993 279709 148630 136838
cat_boundaries=0 1 41 65 104 115 126 150 190 230 236 260 284 320
cat_threshold=199 32 0 0 0 16384 0 0 0 0 0 0 0 0 0 0 0 0 0 0 0 0 0 0 0 0 0 0 0 0 0 0 0 0 1082130432 4194816 67108864 0 1 2147483648 65536 0 0 0 0 16384 0 0 0 0 131072 8388608 0 0 0 0 0 0 0 0 0 0 0 0 32 524288 0 0 0 0 0 0 0 0 0 0 0 0 0 0 0 0 0 0 0 0 0 0 0 0 0 0 0 0 0 0 0 0 0 0 512 1 8192 32768 0 0 4 0 16384 0 0 0 0 131072 8388608 0 0 0 0 0 0 0 0 0 0 8388608 0 0 0 0 0 0 0 0 0 0 0 0 0 0 0 0 0 0 0 0 0 0 0 160 0 0 0 0 0 0 0 0 0 0 0 0 0 0 0 0 0 0 0 0 0 0 0 0 0 0 0 0 0 0 0 0 0 1073741824 0 0 1 0 33280 262144 8192 0 0 0 0 0 0 0 0 0 0 0 0 0 0 0 0 0 0 0 0 0 0 0 0 0 0 0 0 0 0 0 0 0 0 0 16 0 0 262144 0 0 4096 0 0 8388608 0 0 0 0 4096 0 0 0 0 131072 0 0 0 0 0 0 0 0 0 0 0 0 0 32 0 0 0 0 4096 0 0 0 0 0 0 0 0 0 0 0 0 0 0 0 0 0 0 128 0 0 0 0 0 0 0 0 0 0 0 0 0 0 0 0 0 0 0 0 0 0 0 0 0 0 0 0 0 0 0 0 0 0 0 512
is_linear=0
shrinkage=0.05


Tree=12
num_leaves=31
num_cat=10
split_feature=160 169 161 170 160 223 195 160 164 223 216 160 216 179 160 198 173 160 166 160 170 173 173 214 176 176 173 160 216 173
split_gain=43656.2 20125.7 9891.34 7949.73 6887.01 5546.85 5030.06 3364.99 2334.27 2264.53 1970.08 1743.78 1553.12 1541.38 1449.61 1431.54 1393.51 1520.29 1370.76 1442.12 3065.92 1412.07 1143.68 1141.94 1140.15 1138.21 1044.89 1730.81 1026.45 989.118
threshold=0 1.0000000180025095e-35 1 1.0000000180025095e-35 2 1.0000000180025095e-35 1.0000000180025095e-35 3 4 1.0000000180025095e-35 1.0000000180025095e-35 5 1.0000000180025095e-35 1.0000000180025095e-35 6 1.0000000180025095e-35 10.500000000000002 7 175.00000000000003 8 1.0000000180025095e-35 20.500000000000004 19.500000000000004 135.00000000000003 1.0000000180025095e-35 1.0000000180025095e-35 17.500000000000004 9 1.0000000180025095e-35 2.5000000000000004
decision_type=9 2 9 2 9 2 2 9 9 2 2 9 2 2 9 2 2 9 2 9 2 2 2 2 2 2 2 9 2 2
left_child=1 18 13 4 5 16 10 -6 28 12 -5 -8 15 -2 29 26 -4 -18 19 20 22 -22 -1 -17 -19 -20 -10 -28 -9 -7
right_child=2 -3 3 6 7 14 11 8 9 -11 -12 -13 -14 -15 -16 23 17 24 25 -21 21 -23 -24 -25 -26 -27 27 -29 -30 -31
leaf_value=-0.0050884976972374735 0.05671369131793548 0.058398246312318991 -0.0013654138416043828 -0.0057252118643451181 -0.047251637938630769 -0.078225269096913297 -0.047574575424306237 -0.056710222791470991 -0.020308582508984905 -0.066128121829491113 -0.045567986938921751 0.025393441571726863 -0.062260384075751574 0.00575399523532431 -0.060344347682089197 -0.041330391414254181 -0.02426344383200664 -0.025702029470431011 0.046526201680866484 0.010993048532083789 0.027579678441190626 -0.031023429818126447 -0.04209352215950185 0.050963133714813147 0.0070083954058053153 0.004666213864283634 -0.039451618301578201 0.0076268307369568682 0.0017376676051967103 0.0094340306942631603
leaf_weight=26852.737350868527 1529.7316799487453 23314.348331727553 54226.12984570369 14166.837761310715 18908.191471413244 413.22721919044852 848.14522429252975 7156.693605391134 79798.834084729839 2890.6642767382436 3972.3164947873447 18524.834103555651 2258.5419367053546 49022.997750770766 6406.4890589899151 9777.4848020717327 17684.652085597365 3665.948123818991 4578.1968841119669 223380.39542914846 10886.862695759744 1134.5847546700388 2263.5983585127979 346.58918612659909 9742.4603905155091 2517.0231279143482 2557.3645543612656 8135.363682264142 839.041265810607 1447.751667915727
leaf_count=159305 2269 44774 228301 72821 383713 2591 15428 234882 752566 91742 115456 35497 61675 133794 206471 169043 209792 37073 11092 417554 15796 6022 44023 1002 58577 7820 59997 96061 12060 11758
internal_value=0 0.0138171 -0.0129646 -0.0168477 -0.0203828 -0.00999261 0.00446961 -0.0277093 -0.024457 -0.0224823 -0.0144517 0.0221861 -0.0212577 0.00729524 -0.0490967 -0.020337 -0.00620425 -0.0146428 0.00999077 0.00940896 0.000804268 0.0220472 -0.00796623 -0.0381679 -0.00193366 0.0316785 -0.0183418 -0.00366347 -0.0505134 -0.00999
internal_weight=609248 294928 314320 263768 226255 93586.7 37512.1 132669 113761 105765 18139.2 19373 102874 50552.7 8267.47 100616 85319.2 31093.1 271613 264518 41137.8 12021.4 29116.3 10124.1 13408.4 7095.22 90491.6 10692.7 7995.73 1860.98
internal_count=3698955 706386 2992569 2856506 2617304 754563 239202 1862741 1479028 1232086 188277 50925 1140344 136063 220820 1078669 533743 305442 661612 642700 225146 21818 203328 170045 95650 18912 908624 156058 246942 14349
cat_boundaries=0 39 73 113 153 164 165 205 244 279 318
cat_threshold=0 0 4 0 20480 0 0 0 0 131072 0 0 0 0 0 0 0 0 0 0 0 0 0 224 0 0 0 0 0 0 0 0 0 41943040 4194816 0 0 0 2147483648 0 0 4096 0 0 8388608 0 0 0 0 0 0 0 0 0 0 0 0 0 0 0 0 0 0 0 0 0 0 0 0 0 0 0 65536 0 0 0 0 0 0 0 0 0 0 0 0 0 0 0 0 0 0 0 0 0 0 0 0 0 0 0 0 0 0 0 0 0 1073741824 0 67109376 1 8193 32768 65536 8192 0 0 0 0 0 0 0 0 0 8388608 0 0 0 0 0 0 0 0 0 0 0 0 0 0 0 0 0 0 0 0 0 0 0 0 0 16 0 0 262144 0 0 0 0 20480 0 0 0 0 131072 8388608 8192 0 0 0 0 0 0 0 0 0 0 0 0 0 0 0 0 0 0 0 0 0 0 0 0 0 0 0 0 0 0 0 0 0 0 0 67109376 0 1 0 65536 0 0 0 0 0 0 0 0 0 0 0 0 0 0 0 0 0 0 0 0 0 0 0 0 0 0 0 0 0 0 0 0 0 1073741824 0 0 1 0 32768 0 0 0 0 4096 0 0 0 0 0 0 0 0 0 0 0 0 0 0 0 0 0 0 128 0 0 0 0 0 0 0 0 0 0 512 524288 0 0 0 0 0 0 0 0 0 0 0 0 0 0 0 0 0 0 0 0 0 0 0 0 0 0 0 0 0 0 0 0 0 0 0 0 0 512
is_linear=0
shrinkage=0.05


Tree=13
num_leaves=31
num_cat=9
split_feature=196 169 223 163 196 169 182 169 176 164 163 167 164 164 194 174 164 222 162 176 211 174 196 174 193 161 176 167 161 177
split_gain=39631.8 19775.9 6673.56 5726.28 6741.27 3453.25 2505.29 2418.15 2355.88 2031.73 2319.04 1952.92 2359.71 1675.51 1573.31 1733.4 1535.03 1427.44 1971.84 1621.29 1362.44 1534.81 1358.09 1326.96 1223.66 1221.61 1085.52 910.717 862.296 909.631
threshold=0 1.0000000180025095e-35 1.0000000180025095e-35 4.5000000000000009 1 1.0000000180025095e-35 1.0000000180025095e-35 1.0000000180025095e-35 1.0000000180025095e-35 2 4.5000000000000009 1.0000000180025095e-35 3 4 1.0000000180025095e-35 230.00000000000003 5 1.0000000180025095e-35 3.0000000000000004 1.0000000180025095e-35 8.5000000000000018 190.00000000000003 6 130.00000000000003 1.0000000180025095e-35 7 1.0000000180025095e-35 1.0000000180025095e-35 8 1.0000000180025095e-35
decision_type=1 2 2 2 1 2 2 2 2 9 2 2 9 9 2 2 9 2 2 2 2 2 1 2 2 9 2 2 9 2
left_child=1 9 3 4 5 6 11 -5 -8 17 14 12 -2 -9 15 24 27 18 -1 -20 21 22 -14 -12 28 -17 -22 -7 -11 -30
right_child=2 -3 -4 7 -6 16 8 13 -10 10 23 -13 20 -15 -16 25 -18 -19 19 -21 26 -23 -24 -25 -26 -27 -28 -29 29 -31
leaf_value=0.012101727347307316 0.018586110387098558 0.057160905928090137 -0.049033658666874709 -0.040103868040472855 -0.024731264775284131 0.025768875203199773 0.030564034378606005 -0.0092508632940517376 -0.023284434366054724 -0.022287661485400817 0.010944801983222511 -0.046438434569089623 -0.0022120329117116424 -0.04603904444131144 0.024880406971085997 0.042322895722888249 -0.037106867594751292 -0.052851554744174904 0.061337864389905843 0.0082245015004141983 -0.014566445503195569 -0.017687717031840744 -0.021083003866913232 -0.021124308800333384 0.060635733818076833 0.0096205355221605695 0.024550008073294396 -0.031501999544051841 0.0018180090489512031 -0.034043965563514043
leaf_weight=119665.42969847226 8164.6182602087501 22094.579290004913 13280.433811248513 23386.532394581824 52236.825526108645 13649.114185031038 7953.8363599749282 16027.875946145039 2727.1769559464883 4181.1131023907219 4349.998436000431 3285.3362838136381 52265.233209172875 3831.1046411166899 11041.031889256439 2968.1858046052512 1145.1391619775677 814.9263148404425 3794.6066742460243 2312.8024558341131 2717.6872695307247 45291.025001759612 11653.272143534647 12475.242324927007 834.63569383602589 70593.874093354912 5103.1121756697539 730.85779039736371 76527.590020570031 1809.5373004165012
leaf_count=202236 23898 44774 363402 587499 619888 26219 15633 121546 11783 19447 13720 94877 232990 75332 17182 7756 8841 6404 6718 5790 17019 526628 71808 123118 1785 203611 16572 22937 204785 4757
internal_value=0 0.0114513 -0.0144945 -0.0126614 -0.00920309 -0.00395735 -0.00645291 -0.0292085 0.016814 0.00820804 0.0048641 -0.00838727 -0.00738852 -0.0163769 0.00663727 0.00535352 0.0184085 0.0130877 0.0135163 0.0412276 -0.00920155 -0.0106461 -0.00565635 -0.0128328 0.000416549 0.0109475 0.0109565 0.0228409 -0.000192845 0.000989218
internal_weight=596913 333464 263449 250169 206923 154686 139161 43245.5 10681 311369 184781 128480 125195 19859 167956 156915 15525.1 126588 125773 6107.41 117030 109210 63918.5 16825.2 83352.9 73562.1 7820.8 14380 82518.2 78337.1
internal_count=3698955 862083 2836872 2473470 1689093 1069205 1011208 784377 27416 817309 596161 983792 888915 196878 459323 442141 57997 221148 214744 12508 865017 831426 304798 136838 230774 211367 33591 49156 228989 209542
cat_boundaries=0 1 2 26 50 74 98 99 133 167
cat_threshold=199 3104 0 0 0 0 4096 0 0 0 0 131072 0 0 0 0 0 0 0 0 0 0 0 0 0 32 0 0 0 0 0 0 0 0 0 0 8388608 0 0 0 0 0 0 0 0 0 0 0 0 128 0 0 0 0 4096 0 0 0 0 0 0 0 0 0 0 0 0 0 0 0 0 0 0 224 0 0 0 0 0 0 0 0 0 0 0 0 0 0 0 0 0 0 0 0 0 0 0 224 1024 0 0 4096 0 0 8388608 0 0 0 0 0 0 0 0 0 0 0 0 0 0 0 0 0 0 0 0 0 0 0 0 0 0 0 32768 0 0 0 0 0 0 0 0 0 0 0 0 0 128 0 0 0 0 0 0 0 0 0 0 0 0 0 0 0 0 0 0 0 49152
is_linear=0
shrinkage=0.05


Tree=14
num_leaves=31
num_cat=9
split_feature=160 169 160 161 190 167 164 223 159 170 160 179 160 223 164 166 222 165 170 222 173 211 195 173 195 163 180 173 160 213
split_gain=36713.1 16881.3 8697.22 5504.69 6269.98 6998.8 3540.37 3256.73 3353.87 1851.2 1515.7 1342.12 1234.72 1822.19 1404.97 1155.15 2265.38 1181.34 2893.19 1592.74 1956.78 1153.3 1054.03 1015.65 1003.16 982.162 964.843 954.776 2110.71 910.107
threshold=0 1.0000000180025095e-35 1 2 1.0000000180025095e-35 1.0000000180025095e-35 3 1.0000000180025095e-35 4 1.0000000180025095e-35 5 1.0000000180025095e-35 6 1.0000000180025095e-35 7 175.00000000000003 1.0000000180025095e-35 75.000000000000014 1.0000000180025095e-35 1.0000000180025095e-35 6.5000000000000009 8.5000000000000018 1.0000000180025095e-35 19.500000000000004 1.0000000180025095e-35 4.5000000000000009 1.0000000180025095e-35 6.5000000000000009 8 1.5000000000000002
decision_type=9 2 9 9 2 2 9 2 1 2 9 2 9 2 9 2 2 2 2 2 2 2 2 2 2 2 2 2 9 2
left_child=1 15 12 11 6 25 -5 8 21 22 -9 -4 13 29 24 17 -17 -1 19 20 -19 27 -10 -20 -14 -6 -13 28 -8 -2
right_child=2 -3 3 4 5 -7 7 10 9 -11 -12 26 14 -15 -16 16 -18 18 23 -21 -22 -23 -24 -25 -26 -27 -28 -29 -30 -31
leaf_value=0.010122105059340896 -0.013375783649625392 0.056049803296191851 0.054466855749268253 -0.05289216871650311 0.025652938212066923 -0.056984383962454116 -0.03654055085041566 -0.0043148509208440888 -0.022930320690438159 -0.00066407673285551715 -0.05842286752335013 -0.010937540715245248 -0.014420550320016221 -0.064189579929259791 -0.049494400041677822 0.040494670611504267 -0.051201544150335947 0.011544718845932576 0.026217501684387225 0.035273818686677109 -0.025548687059041977 0.011626339859463375 -0.062012622651933136 -0.023226288341679464 -0.059780457952296355 0.0024878841073519391 0.0084209294931419133 -0.01173477980132796 0.0051826863944848568 -0.034114901321031593
leaf_weight=228220.11705204222 16635.929021841381 20934.274364172015 1427.3185562650906 6096.9166165016941 17866.455744681181 3393.6041525232722 3477.0909735544701 1679.0773750559893 59337.238225631678 9806.1770548571658 5809.8890941194259 7691.4971602389123 6358.6200677111046 2575.8162764731096 14341.750866506714 5883.7137952896301 760.15545302303508 4824.7731286487542 9435.1377005362301 1665.5221284781583 13508.990762302303 8124.816342372389 1776.6929084066069 1166.5984812346287 1507.8005874264054 6151.7501122665126 39432.400357638951 57337.317893587606 23152.138747383433 7757.7306492650241
leaf_count=478709 182180 44774 2269 186487 30199 115440 24770 14349 775255 51750 206471 34271 82153 91742 314433 12508 6404 14360 14138 2731 126237 33591 62708 6525 38500 48436 99523 452188 66754 79100
internal_value=0 0.0128222 -0.0121704 -0.00842368 -0.0120247 0.010223 -0.0154788 -0.0141368 -0.0126564 -0.0208283 -0.046377 0.00670691 -0.0314063 -0.0241875 -0.040157 0.00941367 0.0299995 0.00888517 -0.000339685 -0.0115334 -0.0157867 -0.00636 -0.0240671 0.0207755 -0.0230895 0.0197201 0.00526108 -0.00810128 -0.000277464 -0.0199721
internal_weight=588137 286399 301738 252560 204009 27411.8 176597 170500 163011 70920.1 7488.97 48551.2 49177.6 26969.5 22208.2 265465 6643.87 258821 30601 19999.3 18333.8 92091.4 61113.9 10601.7 7866.42 24018.2 47123.9 83966.5 26629.2 24393.7
internal_count=3698955 706386 2992569 2204461 2068398 194075 1874323 1687836 1467016 889713 220820 136063 788108 353022 435086 661612 18912 642700 163991 143328 140597 577303 837963 20663 120653 78635 133794 543712 91524 261280
cat_boundaries=0 39 79 113 124 125 165 204 228 268
cat_threshold=0 0 4 0 20480 0 0 0 0 131072 0 0 0 0 0 0 0 0 0 0 0 0 0 224 0 0 0 0 0 0 0 0 0 41943040 4194816 0 0 0 2147483648 8192 0 0 0 0 0 0 0 0 0 8388608 0 0 0 0 0 0 0 0 0 0 0 0 0 0 0 0 0 0 0 0 0 0 0 0 0 1073741840 0 512 262144 0 0 4096 0 0 8388608 0 0 0 0 0 0 0 0 0 0 0 0 0 0 0 0 0 0 0 0 0 0 0 0 0 0 0 65536 0 0 0 0 16384 0 0 0 0 131072 8388608 9344 0 0 0 0 0 0 0 0 0 0 0 0 0 0 0 0 0 0 0 0 0 0 0 0 0 0 0 0 0 0 0 0 0 0 0 67109376 0 1 0 65536 0 0 0 0 0 0 0 0 0 0 0 0 0 0 0 0 0 0 0 0 0 0 0 0 0 0 0 0 0 0 0 0 0 0 0 0 1073741840 0 512 0 0 0 0 4096 0 0 0 0 131072 8388608 0 0 0 0 0 0 0 0 0 0 0 0 32 0 0 0 0 0 0 0 0 0 0 0 0 0 0 0 0 0 0 0 0 0 0 0 0 0 0 0 0 0 0 0 0 0 0 0 512 0 8192 0 65536
is_linear=0
shrinkage=0.05


Tree=15
num_leaves=31
num_cat=7
split_feature=160 169 160 161 190 167 159 223 191 170 160 179 160 223 170 166 163 195 211 176 176 173 169 199 214 170 185 160 173 173
split_gain=32826 15454.2 7683.32 4777.19 5599.55 6221.37 3516.46 4332.81 1750.24 1733.55 1343.29 1244.95 1150.25 1726.67 1142.43 2485.62 1010.63 959.714 954.94 1174.81 937.491 888.735 851.081 1022.46 970.036 843.819 2865.49 1592.94 1354.04 1054.22
threshold=0 1.0000000180025095e-35 1 2 1.0000000180025095e-35 1.0000000180025095e-35 3 1.0000000180025095e-35 1.0000000180025095e-35 1.0000000180025095e-35 4 1.0000000180025095e-35 5 1.0000000180025095e-35 1.0000000180025095e-35 90.000000000000014 4.5000000000000009 1.0000000180025095e-35 8.5000000000000018 1.0000000180025095e-35 1.0000000180025095e-35 8.5000000000000018 1.0000000180025095e-35 1.0000000180025095e-35 135.00000000000003 1.0000000180025095e-35 1.0000000180025095e-35 6 2.5000000000000004 6.5000000000000009
decision_type=9 2 9 9 2 2 1 2 2 2 9 2 9 2 2 2 2 2 2 2 2 2 2 2 2 2 2 9 2 2
left_child=1 25 12 11 6 16 7 18 9 17 -9 -4 13 -2 -14 -16 -6 22 -5 -20 -13 -12 23 24 -8 26 -1 28 -27 -28
right_child=2 -3 3 4 5 -7 8 10 -10 -11 21 20 14 -15 15 -17 -18 -19 19 -21 -22 -23 -24 -25 -26 27 29 -29 -30 -31
leaf_value=0.0097370488065850469 -0.018778270437796531 0.054915595641814946 0.053178059641514799 -0.0071164689221777438 0.024756831842218763 -0.055612584777794176 -0.036444368371035755 -0.057509887126359571 -0.052669073272865935 -0.0017751593297812701 -0.037681233909952608 -0.011196614986513162 -0.044439030438955154 -0.063171633265433055 0.029832081851629805 -0.047772847894209262 0.0012805932207259386 -0.060634754638601976 -0.015636396396529684 0.024089342761776246 0.0080518909598163626 0.021887179603951635 -0.010621606388339817 -0.019900333732593686 0.050964968003867628 -0.039864584295294429 0.0091012473264492685 -0.013926343906796515 0.026833374161027209 -0.019666350817535469
leaf_weight=219895.02021046897 23591.414960927854 19829.559501842828 1374.2645499052014 87302.064441122144 17669.783898251597 3196.1779953689838 18513.422870348295 5527.0598713750078 4597.1048567647231 10208.850809315074 1564.2152928950964 7567.3224177529337 16989.364091888594 2414.3210692732246 1768.4856699998491 2475.4349321988411 6191.028789864853 1741.6347324107774 2814.6768254481722 5490.564021547325 38538.459976203158 1043.3508169058478 11261.932017118845 28205.239360924665 322.47574086277746 793.9030284229666 4341.6336368056946 3238.3119143048534 18064.875247036922 11945.727055302006
leaf_count=441498 258586 44774 2269 570868 30199 115440 389884 206471 158746 56387 13988 34271 383713 91742 12697 41370 48436 67549 17019 16572 99523 8587 82113 320519 1002 1356 13720 14902 31636 123118
internal_value=0 0.0123779 -0.0114606 -0.00800519 -0.0113057 0.00989055 -0.0145176 -0.0085551 -0.0227772 -0.020824 -0.043586 0.00628935 -0.0299706 -0.0228922 -0.0386241 -0.0154332 0.018666 -0.0240625 -0.00557516 0.0106254 0.00489245 -0.013792 -0.0229695 -0.0259254 -0.0349463 0.0091124 0.00823817 0.018456 0.0240116 -0.0119976
internal_weight=578478 278109 300369 253130 205650 27057 178593 103742 74850.7 70253.6 8134.63 47480 47239 26005.7 21233.3 4243.92 23860.8 60044.7 95607.3 8305.24 46105.8 2607.57 58303.1 47041.1 18835.9 258279 236182 22097.1 18858.8 16287.4
internal_count=3698955 671004 3027951 2239843 2103780 194075 1909705 833505 1076200 917454 229046 136063 788108 350328 437780 54067 78635 861067 604459 33591 133794 22575 793518 711405 390886 626230 578336 47894 32992 136838
cat_boundaries=0 39 79 113 114 153 192 216
cat_threshold=0 0 4 0 20480 0 0 0 0 131072 0 0 0 0 0 0 0 0 0 0 0 0 0 224 0 0 0 0 0 0 0 0 0 41943040 4194304 0 0 0 2147483648 8192 0 0 0 0 0 0 0 0 0 8388608 0 0 0 0 0 0 0 0 0 0 0 0 0 0 0 0 0 0 0 0 0 0 0 0 0 1073741840 0 512 262144 0 0 4096 0 0 8388608 0 0 0 0 0 0 0 0 0 0 0 0 0 0 0 0 0 0 0 0 0 0 0 0 0 0 0 65536 9344 0 0 0 0 0 0 0 0 0 0 0 0 0 0 0 0 0 0 0 0 0 0 0 0 0 0 0 0 0 0 0 0 0 1073741824 0 0 1 0 32768 0 0 0 0 0 0 0 0 0 0 0 0 0 0 0 0 0 0 0 0 0 0 0 0 0 0 0 0 0 0 0 0 0 0 0 0 1073741824 0 512 0 0 4 0 0 0 0 0 0 0 0 0 0 0 0 0 0 0 0 0 0 0 0 128
is_linear=0
shrinkage=0.05


Tree=16
num_leaves=31
num_cat=11
split_feature=160 169 160 196 163 223 195 169 164 176 161 181 160 164 160 223 164 163 223 211 176 173 170 185 160 173 173 176 164 166
split_gain=29826.6 14390.3 6861.55 4012.51 4783.12 5094.87 3925.78 2035.22 1766.89 1699.17 1547.34 1484.84 1323.77 1270.73 1132.12 1606.78 1212.43 2349.9 1088.4 1072.01 1071.48 988.015 898.815 2421.88 1298.39 957.489 848.434 842.048 823.973 804.971
threshold=0 1.0000000180025095e-35 1 2 4.5000000000000009 1.0000000180025095e-35 1.0000000180025095e-35 1.0000000180025095e-35 3 1.0000000180025095e-35 4 1.0000000180025095e-35 5 6 7 1.0000000180025095e-35 8 4.5000000000000009 1.0000000180025095e-35 8.5000000000000018 1.0000000180025095e-35 16.500000000000004 1.0000000180025095e-35 1.0000000180025095e-35 9 17.500000000000004 22.500000000000004 1.0000000180025095e-35 10 175.00000000000003
decision_type=9 2 9 1 2 2 2 2 9 2 9 2 9 9 9 2 9 2 2 2 2 2 2 2 9 2 2 2 9 2
left_child=1 18 14 9 5 6 8 13 -5 21 -10 19 -7 27 15 -2 17 -16 22 -12 -21 -4 23 29 26 -25 -24 -6 -9 -1
right_child=2 -3 3 4 7 12 -8 28 10 -11 11 -13 -14 -15 16 -17 -18 -19 -20 20 -22 -23 24 25 -26 -27 -28 -29 -30 -31
leaf_value=0.0087794432905022694 -0.017962256978588474 0.053910409188124113 -0.019282176209287228 -0.035146956397277843 -0.041118670357058955 -0.0052271018815253888 0.022003466976564412 0.00029117714783595782 0.051638393366340622 -0.040342374297585894 -0.0068388409353460078 0.0063118066866757376 -0.056498803024339656 -0.054204403991041185 0.033821220604409813 -0.062211095387638075 -0.044815060616727291 -0.039190458219248291 -0.033417743507842886 -0.014712795865357259 0.023025745656991708 0.016614396411476863 0.026016026864404764 -0.006285494209153664 -0.011291142365177191 -0.04369377930900769 -0.024195473566559506 -0.011605524061967725 -0.021989012456411435 0.026535226647897404
leaf_weight=215870.85840249105 23045.428741641284 18773.520629736595 23956.211630782287 4112.2976638708496 4352.8517379509285 1674.9629011263605 17737.845071586431 8410.4815439995145 1323.9888132185442 10371.569593250082 100099.29368462897 36278.028162546689 5211.7734724954644 5886.6186386645422 1590.5586083533126 2251.8715680137393 15350.601127881848 3585.2104175428976 1532.2672915216244 2722.0539703401155 6082.8695801778231 2083.0845171749243 17641.165221516276 14035.610589501914 3109.6802063384675 1947.6094068542006 882.94934398541227 5435.8050207771594 8188.3008212033892 6577.6876058708294
leaf_count=441810 258586 44774 242828 101910 98906 14349 35383 45897 2269 225442 630595 94753 206471 228149 8139 91742 347719 81922 17189 17019 16572 22294 28114 93144 14902 43694 4878 115640 105984 17881
internal_value=0 0.0116259 -0.0112495 -0.00791374 -0.00522681 -0.00196935 -0.000244977 -0.0229155 -0.0028652 -0.0232214 -0.0019564 -0.00244889 -0.0441204 -0.0358359 -0.0290005 -0.0218938 -0.037743 -0.016719 0.00859166 -0.00536753 0.0113581 -0.0164101 0.00883925 0.00795377 0.0185978 -0.0108454 0.0236091 -0.0247062 -0.0107129 0.00930455
internal_weight=570123 280371 289752 243928 207517 175243 168356 32274.1 150619 36410.9 146506 145182 6886.74 15675.3 45823.7 25297.3 20526.4 5175.77 261598 108904 8804.92 26039.3 260066 238432 21633.8 15983.2 18524.1 9788.66 16598.8 222449
internal_count=3698955 706386 2992569 2204461 1713897 1119321 898501 594576 863118 490564 761208 758939 220820 442695 788108 350328 437780 90061 661612 664186 33591 265122 644423 596529 47894 136838 32992 214546 151881 459691
cat_boundaries=0 39 79 80 104 110 150 174 213 237 261 285
cat_threshold=0 0 4 0 20480 0 0 0 0 131072 0 0 0 0 0 0 0 0 0 0 0 0 0 224 0 0 0 0 0 0 0 0 0 41943040 4194816 0 0 0 2147483648 8192 0 0 0 0 0 0 0 0 0 8388608 0 0 0 0 0 0 0 0 0 0 0 0 0 0 0 0 0 0 0 0 0 0 0 0 0 1073741840 0 512 262144 528 0 0 0 0 16384 0 0 0 0 131072 8388608 0 0 0 0 0 0 0 0 0 0 0 0 128 0 0 4096 0 0 8388608 0 0 0 0 0 0 0 0 0 0 0 0 0 0 0 0 0 0 0 0 0 0 0 0 0 0 0 0 0 0 0 0 0 0 0 67109376 0 1 0 65536 0 0 4 0 4096 0 0 0 0 0 0 0 0 0 0 0 0 0 0 0 0 0 0 192 0 0 0 0 0 0 0 0 0 0 0 0 0 0 0 0 0 0 0 0 0 0 0 0 0 0 0 0 0 0 0 0 0 0 0 0 1073741824 0 512 0 0 0 0 0 0 0 0 0 131072 8388608 0 0 0 0 0 0 0 0 0 0 0 0 32 0 0 4 0 0 0 0 0 0 0 0 0 0 0 0 0 0 0 0 0 0 0 0 128 0 0 0 0 0 0 0 0 0 0 0 0 0 0 0 0 0 0 0 0 0 0 0 160
is_linear=0
shrinkage=0.05


Tree=17
num_leaves=31
num_cat=8
split_feature=160 169 160 197 190 167 196 223 173 191 170 176 160 223 160 213 176 173 203 173 160 170 185 160 173 161 163 195 170 166
split_gain=27027.6 13291.3 6598.93 3853.62 5086.96 5310.26 2382.93 3264.86 2035.37 1568.59 1318.94 1203.48 1195.23 1049.12 1272.72 1022.03 1621.32 1182.86 1210.98 976.435 1408.01 921.263 2298.05 1090.74 1005.76 897.984 892.513 839.441 834.885 2079.52
threshold=0 1.0000000180025095e-35 1 1.0000000180025095e-35 1.0000000180025095e-35 1.0000000180025095e-35 2 1.0000000180025095e-35 13.500000000000002 1.0000000180025095e-35 1.0000000180025095e-35 1.0000000180025095e-35 3 1.0000000180025095e-35 4 1.5000000000000002 1.0000000180025095e-35 7.5000000000000009 1.0000000180025095e-35 14.500000000000002 5 1.0000000180025095e-35 1.0000000180025095e-35 6 6.5000000000000009 7 4.5000000000000009 1.0000000180025095e-35 1.0000000180025095e-35 90.000000000000014
decision_type=9 2 9 2 2 2 1 2 2 2 2 2 9 2 9 2 2 2 2 2 9 2 2 9 2 9 2 2 2 2
left_child=1 21 13 4 6 26 7 19 11 10 27 -5 -9 14 15 17 -17 -2 -19 -4 -21 22 -1 -23 -24 -10 -6 -8 -16 -30
right_child=2 -3 3 8 5 -7 9 12 25 -11 -12 -13 -14 -15 28 16 -18 18 -20 20 -22 23 24 -25 -26 -27 -28 -29 29 -31
leaf_value=0.0086568274334753222 0.005857216288911499 0.052922803625423932 -0.003625475598726135 -0.017200515427187531 0.023230957368375743 -0.053766768159583082 -0.021101791899032718 -0.00578825594077378 0.012613510567964364 -0.050655262004873892 -0.0024945350988864346 0.003771210109264149 -0.055306371230037545 -0.056295758348230397 -0.041766011632016285 -0.052291934666079044 -0.0035547712837643557 -0.036037832268885073 0.0010826083899178535 -0.033315588575188286 -0.0027540839246651921 0.022791096672463873 0.0095731669957937349 -0.0096271608591208483 -0.018722624211649264 0.045338131023634105 0.00098855233700250399 -0.058499575787469539 0.023880266005086494 -0.047077814822885367
leaf_weight=222504.96448466997 6146.3389381315501 17778.702211034484 68905.453162789476 10869.699328152521 17347.757781363092 2946.1709192459821 55417.373017320395 1641.8128871511435 19556.422296138364 4202.2363192738558 10082.30616929027 18453.956960463664 4865.7360491225263 3151.6905487790937 14488.175872043736 4526.3208883015322 2739.3541025754967 5949.3187687139143 3482.972887273354 7352.2726428922324 7739.7503840252175 18280.417225003825 4311.1733731059358 3021.5992666438688 11559.484366516815 2343.8135361106833 6095.3139682395849 1542.1190678501152 1815.6390905377921 2392.4734172764001
leaf_count=476880 31139 44774 359745 51857 30199 115440 793518 14349 53774 158746 56387 51421 206471 125393 350062 42197 36903 106705 41642 125839 64428 32992 13720 14902 123118 6302 48436 67549 12697 41370
internal_value=0 0.0110991 -0.0108413 -0.00754745 -0.0108581 0.00949648 -0.014179 -0.00879106 0.0046106 -0.0210192 -0.0191643 -0.00400258 -0.0429093 -0.0284766 -0.0263721 -0.018425 -0.0339189 -0.0112095 -0.0223309 -0.00614856 -0.0176674 0.00823602 0.00734568 0.0181985 -0.0110359 0.0161434 0.0174482 -0.0221149 -0.0360522 -0.0164617
internal_weight=561511 277456 284054 239362 188138 26389.2 161749 90505 51223.9 71244 67041.8 29323.7 6507.55 44692.3 41540.6 22844.3 7265.67 15578.6 9432.29 83997.5 15092 259678 238376 21302 15870.7 21900.2 23443.1 56959.5 18696.3 4208.11
internal_count=3698955 706386 2992569 2204461 2041107 194075 1847032 770832 163354 1076200 917454 103278 220820 788108 662715 258586 79100 179486 148347 550012 190267 661612 613718 47894 136838 60076 78635 861067 404129 54067
cat_boundaries=0 39 79 80 120 159 198 222 256
cat_threshold=0 0 4 0 20480 0 0 0 0 131072 0 0 0 0 0 0 0 0 0 0 0 0 0 224 0 0 0 0 0 0 0 0 0 41943040 4194816 0 0 0 2147483648 8192 0 0 0 0 0 0 0 0 0 8388608 0 0 0 0 0 0 0 0 0 0 0 0 0 0 0 0 0 0 0 0 0 0 0 0 0 1073741840 0 512 262144 3073 0 0 0 0 0 0 0 0 0 0 0 0 0 0 0 0 0 0 0 0 0 0 0 0 0 0 0 0 0 0 0 0 0 0 0 67109376 0 1 0 65536 0 0 0 0 0 0 0 0 0 0 0 0 0 0 0 0 0 0 0 0 0 0 0 0 0 0 0 0 0 0 0 0 0 0 0 0 1073741824 0 512 0 0 0 0 0 0 0 0 0 0 0 0 0 0 0 0 0 0 0 0 0 0 0 0 0 0 0 0 0 0 0 0 0 1073741824 0 0 1 0 32768 0 0 4 0 0 0 0 0 0 0 0 0 0 0 0 0 0 0 0 0 0 0 0 128 0 0 0 0 0 0 0 0 0 0 0 0 0 128 0 0 0 0 0 0 0 0 0 0 0 0 0 0 0 0 0 0 0 81920
is_linear=0
shrinkage=0.05


Tree=18
num_leaves=31
num_cat=11
split_feature=160 169 160 180 190 167 164 161 211 196 160 160 164 163 163 170 185 173 160 173 173 167 173 161 207 214 170 193 224 160
split_gain=25040.9 12233.2 5702.57 3673.89 4538.95 4698.15 2580.14 1921.67 1858.5 1897.23 1040.24 1001.65 1160.38 1132.05 881.551 794.801 1682.87 1207.48 907.937 834.519 807.378 823.032 789.826 1341.65 985.095 781.502 743.959 708.532 670.889 902.471
threshold=0 1.0000000180025095e-35 1 1.0000000180025095e-35 1.0000000180025095e-35 1.0000000180025095e-35 2 3 7.5000000000000009 4 5 6 7 4.5000000000000009 4.5000000000000009 1.0000000180025095e-35 1.0000000180025095e-35 6.5000000000000009 8 2.5000000000000004 16.500000000000004 1.0000000180025095e-35 8.5000000000000018 9 1.0000000180025095e-35 135.00000000000003 1.0000000180025095e-35 1.0000000180025095e-35 1.0000000180025095e-35 10
decision_type=9 2 9 2 2 2 9 9 2 1 9 9 9 2 2 2 2 2 9 2 2 2 2 9 2 2 2 2 2 9
left_child=1 15 11 4 6 14 -4 -8 9 25 -11 -2 13 -13 -6 16 27 -18 19 -17 -21 -22 24 -24 28 -9 -25 -1 29 -12
right_child=2 -3 3 -5 5 -7 7 8 -10 10 22 12 -14 -15 -16 18 17 -19 -20 20 21 -23 23 26 -26 -27 -28 -29 -30 -31
leaf_value=0.0081141749910129853 -0.020401331340967083 0.051986160755703587 -0.048261529447749474 0.0068918317058197474 0.02237081355781062 -0.052360312808056156 0.049862411196789774 -0.0316457427664599 0.0076922738183345636 -0.0038146162383214661 -0.0045463488484524103 0.028487313613094069 -0.041842192028091932 -0.030000803883815316 0.00019643284204334246 -0.033537994628803136 0.013437944551637269 -0.017362761542290141 -0.0083871765519154574 0.02832053221767258 0.022685391475472515 -0.031250570862332107 0.0059023559696402966 -0.023366672846731239 -0.0014689688673175272 0.049395520516988298 -0.00033227575918749183 0.051103592249226296 0.0024035192294578631 -0.022832569373734943
leaf_weight=220813.41066385782 23772.904289596088 16842.880733406288 5064.0137544817699 37343.560727081262 17198.946187190246 2763.425312732812 1233.7553505626274 15883.668557047844 10640.239817655762 30257.303957551107 9466.0303118331649 1232.5186978400452 15489.151607442705 2513.7173140599043 6062.4507479965105 663.62501980923116 4437.1080972303171 11244.742822249536 2959.5467385267257 14650.021953857911 1635.3798205931671 1245.5259352815337 4959.4008382994216 42510.549784768024 20449.268717472267 302.68154179048724 3820.899157829117 962.2080843700096 4790.191883891006 23654.051749036968
leaf_count=474741 350328 44774 186487 99523 30199 115440 2269 240578 46151 238963 84619 4434 378229 55117 48436 1356 13720 123118 14902 21794 2937 6905 23695 734496 91786 1002 28003 2139 50661 182153
internal_value=0 0.0106977 -0.0105463 -0.00749866 -0.0101988 0.0092693 -0.0131269 -0.0120639 -0.0125252 -0.0139042 -0.0120262 -0.0272918 -0.0357917 -0.0107269 0.016592 0.00800892 0.00718152 -0.00864737 0.0172959 0.0214668 0.0235624 -0.000632833 -0.0142915 -0.0188195 -0.0103142 -0.0301099 -0.0214626 0.00830083 -0.0150852 -0.0176148
internal_weight=554863 275454 279409 236400 199057 26024.8 173032 167968 166734 156094 139908 43008.3 19235.4 3746.24 23261.4 258612 237457 15681.9 21154.1 18194.6 17530.9 2880.91 109650 51290.8 58359.5 16186.4 46331.4 221776 37910.3 33120.1
internal_count=3698955 706386 2992569 2204461 2104938 194075 1910863 1724376 1722107 1675956 1434376 788108 437780 59551 78635 661612 613718 136838 47894 32992 31636 9842 1195413 786194 409219 241580 762499 476880 317433 266772
cat_boundaries=0 39 79 90 96 97 137 176 187 211 245 246
cat_threshold=0 0 4 0 20480 0 0 0 0 131072 0 0 0 0 0 0 0 0 0 0 0 0 0 224 0 0 0 0 0 0 0 0 0 41943040 4194816 0 0 0 2147483648 8192 0 0 0 0 0 0 0 0 0 8388608 0 0 0 0 0 0 0 0 0 0 0 0 0 0 0 0 0 0 0 0 0 0 0 0 0 1073741840 0 512 262144 0 0 0 0 16384 0 0 0 0 131072 8388608 0 0 4096 0 0 8388608 2560 0 0 0 0 0 0 0 0 0 0 0 0 0 0 0 0 0 0 0 0 0 0 0 0 0 0 0 0 0 0 0 0 0 1073741824 0 67109376 0 1 0 65536 0 0 0 0 0 0 0 0 0 0 0 0 0 0 0 0 0 0 0 0 0 0 0 0 0 0 0 0 0 0 0 0 0 0 0 0 1073741824 0 512 0 0 0 0 0 0 0 0 0 131072 8388608 0 0 4 0 0 0 0 0 0 0 0 0 0 0 0 0 0 0 0 0 0 0 0 128 0 0 0 0 0 0 0 0 0 0 0 0 0 0 0 0 0 0 0 0 0 0 0 0 0 0 0 0 0 0 0 0 0 98304 524288
is_linear=0
shrinkage=0.05


Tree=19
num_leaves=31
num_cat=11
split_feature=160 169 223 160 196 163 195 169 160 173 207 173 164 164 160 160 164 163 170 185 173 173 160 167 198 214 167 176 168 164
split_gain=22549.6 11302.2 5503.19 4994.92 3689.81 4145.28 3346.13 1718.75 1693.81 1609.94 1618.58 1223.05 1082.88 1082.82 1073.49 1052.35 927.493 976.677 901.112 1807.88 870.197 868.789 859.407 799.725 760.101 778.78 703.525 694.559 684.609 3169.38
threshold=0 1.0000000180025095e-35 1.0000000180025095e-35 1 2 4.5000000000000009 1.0000000180025095e-35 1.0000000180025095e-35 3 13.500000000000002 1.0000000180025095e-35 15.500000000000002 4 5 6 7 8 4.5000000000000009 1.0000000180025095e-35 1.0000000180025095e-35 17.500000000000004 2.5000000000000004 9 1.5000000000000002 1.0000000180025095e-35 135.00000000000003 1.0000000180025095e-35 1.0000000180025095e-35 1.0000000180025095e-35 10
decision_type=9 2 2 9 1 2 2 2 9 2 2 2 9 9 9 9 9 2 2 2 2 2 9 2 2 2 2 2 2 9
left_child=1 18 3 16 24 6 8 12 9 13 -11 -10 27 -6 -13 21 17 -2 19 28 26 -4 -20 -14 -5 -26 -21 -7 -1 -30
right_child=2 -3 15 4 5 7 -8 -9 11 10 -12 14 23 -15 -16 -17 -18 -19 22 20 -22 -23 -24 -25 25 -27 -28 -29 29 -31
leaf_value=0.0085531727130807589 0.02307271880378298 0.051119398794652209 -0.078237168982999927 -0.016710519610754201 -0.037509117370075021 -0.038373257919292449 0.019865545713238661 -0.0096999592476307434 -0.0020813327500252615 -0.0069370586304883302 -0.040243079880354277 -0.02253237169150861 -0.048994964125808477 -0.0037820036407624873 0.014933631891989868 -0.053141334829834144 -0.040149959882073781 -0.030444883414126801 0.021899134720438768 -0.010791032806765126 -0.041925580164978882 0.0088045853252003634 -0.0074547790760035497 0.069563572911952379 -0.036479084363618269 0.045975990733845139 0.017653618212860586 -0.0060512238633030971 0.035110906237232328 -0.038886667209443448
leaf_weight=209676.67643543438 1293.5568112594774 15998.56934401975 364.46328037790954 36115.529886948643 2471.6200641881442 2794.9581453297287 17284.152524278266 15897.878320281568 62209.310249875532 7261.7076122753497 7330.603497588454 2098.7734463343804 7382.6215956155502 58025.737490714208 20633.347119071987 8496.7939316073316 13966.79184384612 2497.8057932693046 17760.555026874237 11120.532019484323 1829.1559965427732 1335.9031936362735 2899.8535545060295 144.57808895607013 7971.2497412952362 296.57118258578703 2701.360152952373 4101.1727255041478 2439.8605360270012 3525.063414211385
leaf_count=430171 4434 44774 2591 449843 61787 61133 35383 151881 272918 94613 163758 30073 300512 322539 73420 340090 344578 55117 32992 78226 43694 11713 14902 1071 169043 1002 14918 79979 3796 8004
internal_value=0 0.0103681 -0.00992291 -0.00856032 -0.00675313 -0.0039554 -0.00103411 -0.0210397 -0.00329147 -0.00876183 -0.0236698 0.00154524 -0.0335375 -0.00516713 0.0114706 -0.0459788 -0.0341833 -0.0121515 0.00778081 0.00688706 -0.00952105 -0.00980919 0.0177857 -0.0466507 -0.0198375 -0.0335182 -0.00523099 -0.019126 0.00807798 -0.00862418
internal_weight=547927 267952 279975 269778 252020 207636 177315 30321.2 160031 75089.7 14592.3 84941.4 14423.3 60497.4 22732.1 10197.2 17758.2 3791.36 251953 231293 15651 1700.37 20660.4 7527.2 44383.4 8267.82 13821.9 6896.13 215642 5964.92
internal_count=3698955 671477 3027478 2673084 2268955 1649067 1054491 594576 1019108 642697 258371 376411 442695 384326 103493 354394 404129 59551 626703 578809 136838 14304 47894 301583 619888 170045 93144 141112 441971 11800
cat_boundaries=0 40 80 81 120 144 168 202 240 251 275 285
cat_threshold=0 0 4 0 20480 0 0 0 0 131072 0 0 0 0 0 0 0 0 0 0 0 0 0 224 0 0 0 0 0 0 0 0 0 41943040 4194304 0 0 0 2147483648 65536 8192 0 0 0 0 0 0 0 0 0 8388608 0 0 0 0 0 0 0 0 0 0 0 0 0 0 0 0 0 0 0 0 0 0 0 0 0 16 0 0 262144 536 524320 0 0 0 0 0 0 0 0 0 0 0 0 0 0 0 0 0 0 0 0 0 0 0 0 0 0 0 0 0 0 0 0 0 0 0 1 8192 33280 0 0 4 0 0 0 0 0 0 0 0 0 0 0 0 0 0 0 0 0 0 0 0 192 0 0 4 0 16384 0 0 0 0 131072 0 0 0 0 0 0 0 0 0 0 0 0 0 128 0 0 0 0 0 0 0 0 0 0 0 0 0 0 0 0 0 0 0 0 0 0 0 0 0 0 0 0 0 0 0 0 0 1073741824 0 0 0 0 0 0 0 0 0 0 0 0 0 0 0 0 0 0 0 0 0 0 0 0 0 0 0 0 0 0 0 0 0 0 0 67109376 0 1 0 0 0 0 0 0 0 0 0 131072 8388608 0 0 4 0 0 0 0 0 0 0 0 0 0 0 0 0 0 0 0 0 0 0 0 128 0 0 0 0 4096 0 0 0 0 131072
is_linear=0
shrinkage=0.05


Tree=20
num_leaves=31
num_cat=9
split_feature=160 169 223 160 196 163 195 180 169 161 160 211 160 176 166 173 167 176 210 210 173 160 166 222 160 194 223 160 173 222
split_gain=21263.9 10348.4 4879.33 4488.58 3505.19 3667.63 3145 1568.37 1507.93 1453.11 1104.17 1039.03 1005.06 931.493 783.954 733.964 721.482 702.489 646.802 1516.07 779.072 2794.52 1224.16 1855.64 999.259 873.785 851.556 836.629 921.56 610.88
threshold=0 1.0000000180025095e-35 1.0000000180025095e-35 1 2 4.5000000000000009 1.0000000180025095e-35 1.0000000180025095e-35 1.0000000180025095e-35 3 4 8.5000000000000018 5 1.0000000180025095e-35 75.000000000000014 17.500000000000004 1.0000000180025095e-35 1.0000000180025095e-35 1.5000000000000002 1.0000000180025095e-35 13.500000000000002 6 175.00000000000003 1.0000000180025095e-35 7 1.0000000180025095e-35 1.0000000180025095e-35 8 19.500000000000004 1.0000000180025095e-35
decision_type=9 2 2 9 1 2 2 2 2 9 9 2 9 2 2 2 2 2 2 2 2 9 2 2 9 2 2 9 2 2
left_child=1 18 3 -2 15 6 7 9 14 -6 -4 12 -11 -13 -7 -5 -14 -16 19 20 22 -22 24 -24 26 -26 -1 29 -29 -23
right_child=2 -3 10 4 5 8 -8 -9 -10 11 -12 13 16 -15 17 -17 -18 -19 -20 -21 21 27 23 -25 25 -27 -28 28 -30 -31
leaf_value=0.012380097145201047 -0.033272778736321451 0.050251516823178147 0.021139667633845872 -0.022212076839602163 0.04925992025448616 -0.049318441932385333 0.019027134144197422 0.0055041568322612196 -0.0096683177775519439 0.00044188578622339708 -0.049052607619268523 -0.014702028964377596 -0.0099000405638057856 0.021183572136166215 -0.039451074902695539 -0.0029599527782533238 -0.037552715307199148 -0.011950943406551562 0.028665339025907063 -0.014722190646766373 0.017512335100944191 -0.00072414037421777262 0.048863577568402927 -0.047327391132718694 0.0014277964005682481 0.017836696697962947 -0.059573343062876719 -0.0054303162731840597 -0.033590740443640438 0.037480862758947374
leaf_weight=106109.44805596495 17034.628577662515 15153.686131968512 596.22783936175983 37625.837211728736 1158.2882122130832 4535.7038893088466 17193.156775703304 37176.223903650185 15749.962820511399 26623.232923252537 9008.382315635914 2614.5549946000101 83053.405120382376 5860.9920980876777 4138.3498886350135 5701.5370776747877 2427.479586026282 5294.0619820201537 3623.3507613297552 7516.7306031659245 23185.773898405547 28988.963057455607 3767.6577831455506 577.87005646852776 50782.106840020744 9655.4359101090813 412.28745778696612 9153.1385238521616 4256.265708187595 1084.9709644517861
leaf_count=187243 404129 44774 4854 512474 2269 206344 35383 99523 151881 163504 349585 17019 624175 16572 110717 107414 96474 125634 7055 22469 46268 54865 6983 4458 157066 23210 4889 53651 56230 1843
internal_value=0 0.0101352 -0.00971167 -0.00844865 -0.00674973 -0.00402815 -0.0012865 -0.00348434 -0.0202759 -0.0062293 -0.0447229 -0.00676609 -0.00804289 0.0101127 -0.0322355 -0.0196743 -0.0106843 -0.0240183 0.00769516 0.00738557 0.00808393 0.00349796 0.00986867 0.0360669 0.00918666 0.0040488 0.0121001 -0.00397776 -0.0143593 0.00065439
internal_weight=540060 264268 275792 266187 249153 205825 176107 158914 29718.1 121738 9604.61 120580 112104 8475.55 13968.1 43327.4 85480.9 9432.41 249114 245491 237974 66669.1 171305 4345.53 166959 60437.5 106522 43483.3 13409.4 30073.9
internal_count=3698955 671004 3027951 2673512 2269383 1649495 1054919 1019536 594576 920013 354439 917744 884153 33591 442695 619888 720649 236351 626230 619175 596706 212857 383849 11441 372408 180276 192132 166589 109881 56708
cat_boundaries=0 39 79 80 86 126 166 205 240 264
cat_threshold=0 0 4 0 20480 0 0 0 0 131072 0 0 0 0 0 0 0 0 0 0 0 0 0 224 0 0 0 0 0 0 0 0 0 41943040 4194304 0 0 0 2147483648 8192 0 0 0 0 0 0 0 0 0 8388608 0 0 0 0 0 0 0 0 0 0 0 0 0 0 0 0 0 0 0 0 0 0 0 0 0 16 0 0 262144 536 0 0 4096 0 0 8388608 0 0 0 0 0 0 0 0 0 0 0 0 0 0 0 0 0 0 0 0 0 0 0 0 0 0 0 0 0 0 0 0 0 0 0 512 0 0 0 65536 0 0 0 0 0 0 0 0 0 0 0 0 0 0 0 0 0 0 0 0 0 0 0 0 0 0 0 0 0 0 0 0 0 1073741824 512 67108864 0 1 0 65536 0 0 0 0 16384 0 0 0 0 131072 0 0 0 0 0 0 0 0 0 0 0 0 0 64 0 0 0 0 0 0 0 0 0 33554432 4194304 0 0 0 2147483648 0 0 4 0 16384 0 0 0 0 0 0 0 0 0 0 0 0 0 0 0 0 0 0 96 0 0 0 0 0 0 0 0 0 8388608 4194304 0 0 4 0 0 0 0 0 0 0 0 0 0 0 0 0 0 0 0 0 0 0 0 32
is_linear=0
shrinkage=0.05


Tree=21
num_leaves=31
num_cat=13
split_feature=160 169 223 160 196 171 164 167 180 164 167 160 164 160 171 173 194 210 167 211 160 160 176 176 160 176 169 160 159 214
split_gain=21392.7 9358.24 4531.89 3991.41 3203.89 3229.75 2346.35 2026.57 1598.87 1418.37 1183.01 1107.45 935.589 783.332 1201.39 872.647 859.318 900.801 768.808 745.343 956.076 731.485 700.959 678.443 1286.33 618.652 761.178 606.742 605.505 698.217
threshold=0 1.0000000180025095e-35 1.0000000180025095e-35 1 2 1.0000000180025095e-35 3 1.0000000180025095e-35 1.0000000180025095e-35 4 1.0000000180025095e-35 5 6 7 1.0000000180025095e-35 6.5000000000000009 1.0000000180025095e-35 1.5000000000000002 1.0000000180025095e-35 8.5000000000000018 8 9 1.0000000180025095e-35 1.0000000180025095e-35 10 1.0000000180025095e-35 1.0000000180025095e-35 11 12 165.00000000000003
decision_type=9 2 2 9 1 2 9 2 2 9 2 9 9 9 2 2 2 2 2 2 9 9 2 2 9 2 2 9 1 2
left_child=1 13 3 12 28 6 7 21 19 10 25 -4 -2 14 16 -16 17 -1 -11 20 -8 -6 -21 -22 -25 26 -7 -27 -5 -30
right_child=2 -3 11 4 5 9 8 -9 -10 18 -12 -13 -14 -15 15 -17 -18 -19 -20 22 23 -23 -24 24 -26 27 -28 -29 29 -31
leaf_value=-0.0032164972993870681 -0.01656491720573296 0.049350159210903327 0.019046548503333594 -0.016774843599079974 0.030345623825041974 -0.035762072228667743 -0.01718326494416814 -0.03444081181169651 0.0050403085604608464 -0.048707288246462095 -0.054951122333565618 -0.05133081080631368 -0.041326320687849659 0.0092049323487263662 0.0092374514474242806 -0.01727943608063191 0.019320257135047255 0.022986630971192301 0.0089283150451179034 -0.014492857221153087 -0.0028818499853727236 0.01028893822349513 0.01672078355199895 -0.020076390515805124 0.0089270641377047575 0.014999213558539899 -0.010070377995206901 -0.012365289485465489 -0.034563753899499075 0.063911987130113521
leaf_weight=17185.763314936485 6002.0952355870395 14372.335129189189 602.18754559394438 34792.310555530843 8140.348354061367 4122.1197631167888 22861.001369803736 1950.7449384343636 36608.319681524998 5093.4079588062887 1669.4861029549502 7726.8999513289018 10697.761467035889 201710.36433482292 4367.5715904424433 10708.666509262926 10410.048800915189 4052.9729389310814 652.41822682291968 2582.4750837769243 59886.026940271593 10366.476435101009 5922.2514175164979 16282.969056093876 4991.3736582317506 3578.8369646132924 9592.8647000133642 4639.3454027393018 7637.8906205531966 183.86509390571155
leaf_count=76096 104150 44774 4880 449843 13695 100851 240254 83342 99523 234882 61675 340090 299979 428619 13720 123118 17182 7055 12060 17019 305796 21941 16572 189533 37153 44084 64203 76821 169612 433
internal_value=0 0.0101229 -0.00997949 -0.00880902 -0.00717336 -0.00450758 -0.00185752 0.0140174 -0.00403591 -0.0198222 -0.0143767 -0.0462799 -0.0324431 0.00785379 0.00201842 -0.00959714 0.00755248 0.00178402 -0.0420886 -0.0069891 -0.00815269 0.0191338 0.00724182 -0.00560603 -0.0132766 -0.0112934 -0.0177936 -0.000444652 -0.019614 -0.0322032
internal_weight=529391 262808 266583 258254 241555 198940 169592 20457.6 149134 29348.5 23602.7 8329.09 16699.9 248435 46725 15076.2 31648.8 21238.7 5745.83 112526 104021 18506.8 8504.73 81160.4 21274.3 21933.2 13715 8218.18 42614.1 7821.76
internal_count=3698955 710564 2988391 2643421 2239292 1619404 1024828 118978 905850 594576 347634 344970 404129 665790 237171 136838 100333 83151 246942 806327 772736 35636 33591 532482 226686 285959 165054 120905 619888 170045
cat_boundaries=0 39 79 80 104 128 168 179 217 256 257 296 297 298
cat_threshold=0 0 4 0 20480 0 0 0 0 131072 0 0 0 0 0 0 0 0 0 0 0 0 0 224 0 0 0 0 0 0 0 0 0 41943040 4194304 0 0 1 2147483648 8192 0 0 0 0 0 0 0 0 0 8388608 0 0 0 0 0 0 0 0 0 0 0 0 0 0 0 0 0 0 0 0 0 0 0 0 0 16 0 0 262144 536 0 0 0 0 4096 0 0 0 0 0 0 0 0 0 0 0 0 0 0 0 0 0 0 128 0 0 4 0 0 0 0 0 0 0 0 0 0 0 0 0 0 0 0 0 0 0 0 224 0 0 0 0 0 0 0 0 0 0 0 0 0 0 0 0 0 0 0 0 0 0 0 0 0 0 0 0 0 0 0 0 0 0 0 67109376 0 0 0 65536 0 0 4 0 4096 0 0 0 0 131072 8388608 0 0 0 0 0 0 0 0 0 0 0 0 0 0 0 0 0 0 0 0 0 0 0 128 0 0 0 0 0 0 0 0 0 33554432 0 0 0 1 32 0 0 0 0 0 0 0 0 0 0 0 0 0 0 0 0 0 0 0 0 0 0 0 0 0 0 0 0 0 0 0 0 0 0 0 0 8192 512 32 0 0 0 0 0 0 0 0 0 0 0 0 0 0 0 0 0 0 0 0 0 0 0 0 0 0 0 0 0 0 0 0 0 1073741824 0 0 1 0 32768 32 16512
is_linear=0
shrinkage=0.05


Tree=22
num_leaves=31
num_cat=12
split_feature=160 169 223 160 196 164 195 180 217 161 223 160 211 170 164 174 160 166 160 166 161 174 160 163 174 160 174 174 188 174
split_gain=19246.2 8761.85 4226.79 3600.23 2954.53 3142.31 2294.11 2258.67 2218.12 1473.14 1202.99 958.855 864.756 836.665 1553.07 756.516 3310 1420.69 1407.06 679.076 597.058 596.305 594.882 1182.04 746.304 564.233 551.543 536.744 531.166 488.434
threshold=0 1.0000000180025095e-35 1.0000000180025095e-35 1 2 3 1.0000000180025095e-35 1.0000000180025095e-35 1.0000000180025095e-35 4 1.0000000180025095e-35 5 7.5000000000000009 1.0000000180025095e-35 6 130.00000000000003 7 75.000000000000014 8 175.00000000000003 9 70.000000000000014 10 4.5000000000000009 350.00000000000006 11 350.00000000000006 270.00000000000006 1.0000000180025095e-35 210.00000000000003
decision_type=9 2 2 9 1 9 2 2 2 9 2 9 2 2 9 2 9 2 9 2 9 2 9 2 2 9 2 2 2 2
left_child=1 10 3 13 26 -6 7 9 -8 -7 22 21 15 19 27 16 17 -11 29 -2 -20 -4 23 -1 -25 -10 -5 -15 -22 -17
right_child=2 -3 11 4 5 6 8 -9 25 12 -12 -13 -14 14 -16 18 -18 -19 20 -21 28 -23 -24 24 -26 -27 -28 -29 -30 -31
leaf_value=0.0080884043397244122 -0.040837042447103976 0.048479697412447426 -0.062702011611417072 -0.021413915896939681 -0.045579752671544467 0.049043667163971232 -0.040302813473590361 0.005867841905786284 0.02847194098610947 0.0084569685681638428 -0.028826585213651341 -0.052805032357730666 0.0049343693027312091 0.032499279319004232 -0.039728496556217803 -0.014081916722629463 -0.026421250232508832 -0.031063092138296129 -0.036704616908640776 0.0077357448045379199 -0.004958359788043906 0.046259537203756945 0.0088092041916029099 -0.0050461334989905082 -0.040136344796944175 0.010330787665787204 -0.0046489341689044733 -0.065718407386965313 -0.032741524536627049 -0.026126009935033265
leaf_weight=30704.781667282281 11583.696613920358 13632.807675043936 178.73687771335244 36101.46044356261 4524.2023989318404 1098.7333822328364 1778.2827978337882 35460.473827134119 7658.3526437717956 25636.098214679689 2279.8058016771392 6652.8256276461179 10491.318758108828 1590.5963836151059 2127.5826133770752 15601.340865118516 11981.638578014274 2494.9068605487701 1640.2117983415374 766.8885191938607 42875.910522263235 418.76163195143454 203914.74952188737 13133.734776869649 1712.4915029349504 9817.283722039836 5678.6016252099362 151.93187334458344 1791.8301275355625 18294.247754964978
leaf_count=91274 333085 44774 1831 512474 186487 2269 66616 99523 16653 86743 26658 331890 46151 7210 44684 156175 88517 36748 10482 16977 376084 3023 446402 93144 43694 26411 107414 2173 30801 362588
internal_value=0 0.00943877 -0.00976944 -0.00867459 -0.00708718 -0.00445376 -0.00345422 -0.00533471 0.0128898 -0.00834635 0.00732485 -0.0474016 -0.0088317 -0.0314443 -0.0111742 -0.0100329 -0.00442634 0.00494955 -0.0128368 -0.0378204 -0.00716516 0.0134068 0.00765531 0.00248711 -0.00909529 0.0183039 -0.0191309 0.0237799 -0.00607198 -0.0205768
internal_weight=521774 265378 256396 249146 232925 191145 186621 167367 19253.9 131906 251746 7250.32 130808 16220.7 3870.11 120316 40112.6 28131 80203.5 12350.6 46308 597.499 249466 45551 14846.2 17475.6 41780.1 1742.53 44667.7 33895.6
internal_count=3698955 745946 2953009 2616265 2212136 1592248 1405761 1296081 109680 1196558 701172 336744 1194289 404129 54067 1148138 212008 123491 936130 350062 417367 4854 674514 228112 136838 43064 619888 9383 406885 518763
cat_boundaries=0 39 79 80 91 97 137 161 200 239 273 312 313
cat_threshold=0 0 4 0 20480 0 0 0 0 131072 0 0 0 0 0 0 0 0 0 0 0 0 0 224 0 0 0 0 0 0 0 0 0 41943040 4194816 0 0 1 2147483648 8192 0 0 0 0 0 0 0 0 0 8388608 0 0 0 0 0 0 0 0 0 0 0 0 0 0 0 0 0 0 0 0 0 0 0 0 0 16 0 0 262144 536 0 0 0 0 16384 0 0 0 0 131072 8388608 0 0 4096 0 0 8388608 0 0 0 0 0 0 0 0 0 0 0 0 0 0 0 0 0 0 0 0 0 0 0 0 0 0 0 0 0 0 0 0 0 0 0 512 0 0 0 65536 0 0 4 0 0 0 0 0 0 131072 8388608 0 0 0 0 0 0 0 0 0 0 0 0 32 524288 0 0 0 0 0 0 0 0 0 0 0 0 0 0 0 0 0 0 0 0 0 0 0 0 0 0 0 0 0 0 0 0 1073741824 0 0 1 0 33280 524288 0 0 0 0 0 0 0 0 0 0 0 0 0 0 0 0 0 0 0 0 0 0 0 0 0 0 0 0 0 0 0 0 0 0 0 0 8192 33280 0 0 0 0 0 0 0 0 0 0 0 0 0 128 0 0 0 0 0 0 0 0 0 0 0 0 0 0 0 0 0 0 0 16384 0 0 0 0 0 0 0 0 0 0 0 0 0 0 0 0 0 0 0 0 0 0 0 128 0 0 0 0 0 0 0 0 0 33554432 512 0 0 0 2147483648 32
is_linear=0
shrinkage=0.05


Tree=23
num_leaves=31
num_cat=8
split_feature=160 169 160 190 167 161 159 191 170 179 176 195 176 211 176 160 190 173 203 195 160 163 173 194 160 173 204 160 193 198
split_gain=17585.8 8049.93 3770.66 2779.06 3734.35 3443.18 1509.78 1045.91 1164.91 866.696 930.39 855.609 762.635 757.644 883.549 720.844 754.436 691.807 879.314 611.488 592.602 1123.04 756.79 730.545 577.669 908.735 661.527 564.371 541.188 509.542
threshold=0 1.0000000180025095e-35 1 1.0000000180025095e-35 1.0000000180025095e-35 2 3 1.0000000180025095e-35 1.0000000180025095e-35 1.0000000180025095e-35 1.0000000180025095e-35 1.0000000180025095e-35 1.0000000180025095e-35 7.5000000000000009 1.0000000180025095e-35 4 1.0000000180025095e-35 16.500000000000004 1.0000000180025095e-35 1.0000000180025095e-35 5 4.5000000000000009 6.5000000000000009 1.0000000180025095e-35 6 5.5000000000000009 1.0000000180025095e-35 7 1.0000000180025095e-35 1.0000000180025095e-35
decision_type=9 2 9 2 2 9 1 2 2 2 2 2 2 2 2 9 2 2 2 2 9 2 2 2 9 2 2 9 2 2
left_child=1 20 11 5 12 9 13 8 19 -4 -11 15 -5 24 -15 16 17 -2 -19 29 21 23 -23 -1 25 26 -7 -14 -22 -8
right_child=2 -3 3 4 -6 6 7 -9 -10 10 -12 -13 27 14 -16 -17 -18 18 -20 -21 28 22 -24 -25 -26 -27 -28 -29 -30 -31
leaf_value=0.0020493321832188013 -0.013316520230774632 0.047659971245049094 0.048495538583738368 0.0015168203339845972 -0.049556788960245318 0.012630732395033229 -0.016643638948303875 -0.045209725251683971 -0.00045987130346157893 -0.013784431215762831 0.0059838318384707288 -0.0543030136921979 0.032857290401401069 -0.016403087915379304 0.014569152991676472 -0.037015917264038516 -0.053871191478313998 -0.056596557658325733 -0.013098872707296476 -0.054598510113445457 0.0081869641055430185 0.0083460308648240829 -0.01660921765395355 0.018286773780638151 -0.0069963598685342287 -0.021740751467545113 -0.031020660998182466 0.013392661968454053 0.047770399852817252 -0.03087421250838325
leaf_weight=20954.63009812386 23618.693862924076 12927.302330898587 1054.8532588401577 6492.3723726230673 2424.8045415791566 3770.6686257667025 41435.614765272403 3389.3801720043994 9357.6265441378637 7171.8525713201379 34981.565056229476 2159.0776830663672 6688.7896783951437 3404.292646375834 7112.4798621534137 6488.3531093409401 1441.2709182701074 2278.4475341957586 2371.8260709423921 1222.9015016457997 198916.09089692542 4287.7268470282434 10419.102384111902 10348.0937960429 55382.576399340134 17767.602205934556 1126.9032504585921 8511.3867180795642 866.83895349502563 7418.2076172383968
leaf_count=83624 317500 44774 2269 33030 115440 13745 623473 158746 56387 34271 99523 75259 17033 23888 22263 196037 50168 113681 35463 67549 426480 13720 123118 17182 464418 259960 9198 28572 2139 170045
internal_value=0 0.00920275 -0.00926175 -0.00672498 0.00928418 -0.00870946 -0.0122622 -0.0181918 -0.0166537 0.00374004 0.00262028 -0.0237204 0.0158627 -0.00805426 0.00454262 -0.021902 -0.0185818 -0.0167881 -0.0344159 -0.0196796 0.00718037 0.00206257 -0.00933322 0.00741749 -0.00975277 -0.0164772 0.00258363 0.0219896 0.00835844 -0.0188049
internal_weight=515791 258720 257072 218714 24117.4 194597 151388 62823.7 59434.4 43208.3 42153.4 38357.7 21692.5 88564.5 10516.8 36198.6 29710.2 28269 4650.27 50076.7 245792 46009.6 14706.8 31302.7 78047.8 22665.2 4897.57 15200.2 199783 48853.8
internal_count=3698955 711037 2987918 2199810 194075 2005735 1869672 1076200 917454 136063 133794 788108 78635 793472 46151 712849 516812 466644 149144 861067 666263 237644 136838 100806 747321 282903 22943 45605 428619 793518
cat_boundaries=0 40 80 114 115 154 194 233 234
cat_threshold=0 0 4 0 20480 0 0 0 0 131072 0 0 0 0 0 0 0 0 0 0 0 0 0 224 0 0 0 0 0 0 0 0 0 41943040 4194304 0 0 1 2147483648 65536 8192 0 0 0 0 0 0 0 0 0 8388608 0 0 0 0 0 0 0 0 0 0 0 0 0 0 0 0 0 0 0 0 0 0 0 0 0 1073741840 0 512 262144 0 0 4096 0 0 8388608 0 0 0 0 0 0 0 0 0 0 0 0 0 0 0 0 0 0 0 0 0 0 0 0 0 0 0 65536 9344 8192 0 0 0 0 0 0 0 0 0 0 0 0 0 0 0 0 0 0 0 0 0 0 0 0 0 0 0 0 0 0 0 0 0 0 0 1073741824 0 512 0 0 0 0 0 0 0 0 0 0 0 0 0 0 0 0 0 0 0 0 0 0 0 128 0 0 0 0 0 0 0 0 0 33554432 0 0 0 1 0 65536 0 0 0 0 0 0 0 0 0 0 0 0 0 0 0 0 0 0 0 0 0 0 0 0 0 0 0 0 0 0 0 0 0 0 0 0 0 8192 32768 32
is_linear=0
shrinkage=0.05


Tree=24
num_leaves=31
num_cat=9
split_feature=160 169 223 180 170 196 167 190 160 223 160 160 166 191 160 176 160 196 160 173 173 165 170 165 173 166 173 173 167 166
split_gain=15873.7 7497.21 3956.39 3153.12 3631.24 2818.56 2093.51 1394.44 1315.98 902.595 846.066 844.262 634.675 607.96 561.399 548.048 2555.16 2102.24 1644.13 1281.65 844.671 772.618 550.228 958.978 924.262 749.849 698.379 669.691 609.198 2062.16
threshold=0 1.0000000180025095e-35 1.0000000180025095e-35 1.0000000180025095e-35 1.0000000180025095e-35 1 1.0000000180025095e-35 1.0000000180025095e-35 2 1.0000000180025095e-35 3 4 175.00000000000003 1.0000000180025095e-35 5 1.0000000180025095e-35 6 7 8 21.500000000000004 20.500000000000004 75.000000000000014 1.0000000180025095e-35 75.000000000000014 6.5000000000000009 60.000000000000007 21.500000000000004 2.5000000000000004 1.0000000180025095e-35 60.000000000000007
decision_type=9 2 2 2 2 1 2 2 9 2 9 9 2 2 9 2 9 1 9 2 2 2 2 2 2 2 2 2 2 2
left_child=1 9 3 4 5 8 7 -6 -2 15 -4 12 -7 -13 -9 17 -17 -1 19 -18 21 -20 23 28 -25 -24 27 -27 -19 -30
right_child=2 -3 10 -5 6 11 -8 14 -10 -11 -12 13 -14 -15 -16 16 18 22 20 -21 -22 -23 25 24 -26 26 -28 -29 29 -31
leaf_value=0.026109980480461897 -0.036096640826314551 0.046872752789661999 0.014376513866104147 0.0062601437001866198 -0.0029229759516924336 -0.040739403188407824 -0.034526337540811192 -0.038550288568892463 -0.0063566687152118015 -0.030557268837324875 -0.049414740866506629 -0.01746507485324587 0.0073492276352516706 -0.043675486862127848 0.02103719501954035 -0.01630170979525079 0.024566891541317207 0.0076060341557699033 0.0021022647676449224 -0.023628878872127657 0.015848157359146433 -0.029170122263286077 -0.010575271527581767 0.00922382887899891 -0.023705501096893008 -0.032255391977010321 -0.02108632126268388 0.022957233373331332 -0.041429533692420306 0.043546616578214133
leaf_weight=15985.700983934279 3853.1959139166283 12285.824078505626 562.97043131315149 34381.810111362487 12095.139494785049 6874.1856685974635 2926.748140611191 397.25863749452401 100785.91635375695 1601.8352642076788 6928.9913060369727 66088.045151666171 761.8549516107305 2289.0955620484601 15673.563055235893 13177.163683433697 16821.167983260006 100801.64497577993 49417.97242749756 1502.119879421778 11485.568712256034 2056.7844872677233 2564.1919414477888 3601.5393160120584 5216.8564638944226 568.90442805364728 1049.6903364839964 15487.013868976268 2233.997498471057 1048.6612526208628
leaf_count=48596 108775 44774 4880 99523 79738 224310 118107 11071 740170 18432 340090 1073422 16977 141042 30286 100419 26719 200484 110142 4156 21423 6909 13871 11211 62232 1349 5714 25046 7501 1586
internal_value=0 0.00875982 -0.00887338 -0.0077841 -0.0100645 -0.012781 0.00571804 0.00990058 -0.00745536 0.00684588 -0.0446667 -0.0201084 -0.0358937 -0.0183402 0.0195519 0.00709251 0.00411467 0.00898591 0.00742567 0.0206038 0.00358757 0.000852341 0.00691845 0.00557435 -0.0102564 0.0146364 0.0184162 0.0209996 0.00691569 -0.0142795
internal_weight=510525 256907 253619 246127 211745 180652 31092.7 28166 104639 244621 7491.96 76013.2 7636.04 68377.1 16070.8 243019 94460.8 148558 81283.6 18323.3 62960.3 51474.8 132573 112903 8818.4 19669.8 17105.6 16055.9 104084 3282.66
internal_count=3698955 710564 2988391 2643421 2543898 2304696 239202 121095 848945 665790 344970 1455751 241287 1214464 41357 647358 269768 377590 169349 30875 138474 117051 328994 283014 73443 45980 32109 26395 209571 9087
cat_boundaries=0 39 40 80 120 157 158 197 198 233
cat_threshold=0 0 4 0 20480 0 0 0 0 131072 0 0 0 0 0 0 0 0 0 0 0 0 0 224 0 0 0 0 0 0 0 0 0 41943040 4194304 0 0 1 2147483648 3075 0 0 0 0 0 0 0 0 0 0 0 0 0 0 0 0 0 0 0 0 0 0 0 0 0 0 0 0 0 0 0 0 0 0 0 0 0 0 0 262144 0 0 0 0 0 0 0 0 0 0 0 0 0 0 0 0 0 0 0 0 0 0 0 0 0 0 0 0 0 0 0 0 0 0 0 67109376 0 0 0 65536 8192 0 0 0 0 0 0 0 0 0 8388608 0 0 0 0 0 0 0 0 0 0 0 0 0 0 0 0 0 0 0 0 0 0 0 0 0 16 8192 0 0 0 0 4096 0 0 0 0 0 0 0 0 0 0 0 0 0 0 0 0 0 0 128 0 0 0 0 0 0 0 0 0 8388608 0 0 0 0 2147483648 1025 0 0 0 0 16384 0 0 0 0 0 0 0 0 0 0 0 0 0 0 0 0 0 0 96 0 0 0 0 0 0 0 0 0 0 4194304
is_linear=0
shrinkage=0.05


Tree=25
num_leaves=31
num_cat=14
split_feature=160 169 223 160 196 171 164 216 180 161 169 164 160 173 160 160 160 173 164 223 173 216 173 164 170 164 222 176 160 170
split_gain=15315.2 6815.07 3587.8 2887.69 2576.7 2575.99 2145.25 1625.09 1454.49 1197.19 1160.67 851.962 817.077 754.993 2142.87 1384.05 813.07 812.231 803.058 746.756 711.354 702.349 699.389 680.335 1262.1 574.528 1615.73 1604.3 799.817 935.393
threshold=0 1.0000000180025095e-35 1.0000000180025095e-35 1 2 1.0000000180025095e-35 3 1.0000000180025095e-35 1.0000000180025095e-35 4 1.0000000180025095e-35 5 6 9.5000000000000018 7 8 9 15.500000000000002 10 1.0000000180025095e-35 7.5000000000000009 1.5000000000000002 2.5000000000000004 11 1.0000000180025095e-35 12 1.0000000180025095e-35 1.0000000180025095e-35 13 1.0000000180025095e-35
decision_type=9 2 2 9 1 2 9 2 2 9 2 9 9 2 9 9 9 2 9 2 2 2 2 9 2 9 2 2 9 2
left_child=1 19 3 23 -5 6 7 -6 9 -8 11 -7 22 15 17 18 -17 -15 -11 25 -20 -13 -4 24 -2 26 27 -1 29 -27
right_child=2 -3 12 4 5 10 8 -9 -10 13 -12 21 -14 14 -16 16 -18 -19 20 -21 -22 -23 -24 -25 -26 28 -28 -29 -30 -31
leaf_value=0.055125426256887614 -0.032482642718117023 0.046016310630387358 -0.077295145460237968 -0.017891390505042692 0.019066380108254385 -0.016152216000915019 0.047651879932621953 -0.03143859495883488 0.0054775050393799825 -0.04878375998612898 -0.0085521544236756772 -0.044777011030483885 -0.051065838326060022 -0.016232895603894293 7.3000352534668937e-05 -0.0043178245879978488 -0.020615925516896262 -0.036647602529236392 0.0095111964676586006 -0.03188561884601842 -0.0079596498418609708 0.065826861791337996 0.0083213625635050088 -0.036581891588416085 0.021799633559164935 -0.0026724157661513264 -0.050019737007877055 0.00027261494483872133 0.0082024878596208342 0.013834642102225167
leaf_weight=3078.7240896965377 3053.1153897159966 11665.261061828467 299.41713750176132 39763.48810817083 17133.031041361624 6403.3382826373272 1004.7128249209491 1755.4750293985708 33851.917146328138 695.6545301824226 15014.626929722319 6155.674448935024 5993.0783748514368 16599.391986028088 19925.53847826249 19310.715508115449 12685.900644762412 6898.2621310052054 23309.158457571815 1235.0805421447731 7767.2989782127552 146.49970373825636 1164.7259147054283 9993.3484745788155 1648.5960836205631 38247.489497718692 686.24958570062881 2350.86238975171 184065.53896581661 11064.317238478689
leaf_count=6718 93567 44774 2591 619888 35636 141112 2269 83342 99523 10358 151881 300512 331864 183867 150873 89337 74745 157633 86026 17234 53726 1071 11713 301179 9383 234485 6404 5790 369636 21818
internal_value=0 0.00869321 -0.00875637 -0.00770879 -0.00632544 -0.00388679 -0.00146214 0.0143639 -0.00356741 -0.00639771 -0.0179647 -0.0290867 -0.0429171 -0.00690839 -0.0119942 -0.00344616 -0.0107844 -0.0222175 0.00394602 0.00688485 0.00514263 -0.0421333 -0.00914179 -0.0291862 -0.0134193 0.00708488 0.0222047 0.0313788 0.00668734 0.00103114
internal_weight=502966 252394 250573 243116 228421 188657 160937 18888.5 142049 108197 27720.1 12705.5 7457.22 107192 43423.2 63768.7 31996.6 23497.7 31772.1 240728 31076.5 6302.17 1464.14 14695.1 4701.71 239493 6115.84 5429.59 233377 49311.8
internal_count=3698955 706859 2992096 2645928 2241799 1621911 1027335 118978 908357 808834 594576 442695 346168 806565 492373 314192 164082 341500 150110 662085 139752 301583 14304 404129 102950 644851 18912 12508 625939 256303
cat_boundaries=0 40 80 81 105 111 135 173 212 251 289 300 324 329 369
cat_threshold=0 0 4 0 20480 0 0 0 0 131072 0 0 0 0 0 0 0 0 0 0 0 0 0 224 0 0 0 0 0 0 0 0 0 41943040 4194816 0 0 0 2147483648 65536 8192 0 0 0 0 0 0 0 0 0 8388608 0 0 0 0 0 0 0 0 0 0 0 0 0 0 0 0 0 0 0 0 0 0 0 0 0 16 0 0 262144 536 0 0 0 0 4096 0 0 0 0 0 0 0 0 0 0 0 0 0 0 0 0 0 0 128 0 0 4096 0 0 8388608 0 0 4 0 0 0 0 0 0 0 0 0 0 0 0 0 0 0 0 0 0 0 0 192 0 0 0 0 0 0 0 0 0 0 0 0 0 0 0 0 0 0 0 0 0 0 0 0 0 0 0 0 0 0 0 0 0 0 0 67109376 0 1 524288 0 0 0 0 0 0 0 0 0 0 0 0 0 0 0 0 0 0 0 0 0 0 0 0 0 0 0 0 0 0 0 0 1073741824 0 0 1 0 33280 524288 0 0 0 0 0 0 0 0 0 0 0 0 0 0 0 0 0 0 0 0 0 0 0 0 0 0 0 0 0 0 0 0 1073741824 0 0 0 1 33280 0 0 0 0 0 0 0 0 0 0 0 0 0 0 0 0 0 0 0 0 0 0 0 0 0 0 0 0 0 0 0 0 0 0 0 0 1 8192 0 0 4 0 0 0 0 0 0 131072 8388608 0 0 4 0 0 0 0 0 0 131072 8388608 0 0 0 0 0 0 0 0 0 0 0 0 32 0 0 0 0 4096 0 0 0 0 4096 0 0 0 0 0 0 0 0 0 0 0 0 0 0 0 0 0 0 128 0 0 0 0 0 0 0 0 0 33554432 512 0 0 0 0 65536
is_linear=0
shrinkage=0.05


Tree=26
num_leaves=31
num_cat=9
split_feature=160 169 160 195 180 190 164 161 196 167 164 211 176 195 170 166 176 173 196 166 176 160 170 173 173 207 160 190 173 203
split_gain=14074.3 6301.76 3058.01 2400.79 2812.34 2226.41 1384.08 1255.64 1133.39 1005.69 1384.88 911.105 891.102 755.002 678.021 711.742 637.837 759.543 596.5 552.121 962.334 815.811 1291.61 787.669 704.747 582.261 546.89 621.268 541.612 755.476
threshold=0 1.0000000180025095e-35 1 1.0000000180025095e-35 1.0000000180025095e-35 1.0000000180025095e-35 2 3 4 1.0000000180025095e-35 5 7.5000000000000009 1.0000000180025095e-35 1.0000000180025095e-35 1.0000000180025095e-35 175.00000000000003 1.0000000180025095e-35 10.500000000000002 6 175.00000000000003 1.0000000180025095e-35 7 1.0000000180025095e-35 19.500000000000004 16.500000000000004 1.0000000180025095e-35 8 1.0000000180025095e-35 16.500000000000004 1.0000000180025095e-35
decision_type=9 2 9 2 2 2 9 9 1 2 9 2 2 2 2 2 2 2 1 2 2 9 2 2 2 2 9 2 2 2
left_child=1 19 13 4 6 -5 -4 -8 16 11 -11 14 -13 26 15 18 17 -9 -10 21 -21 22 24 -24 -1 -26 27 28 -2 -30
right_child=2 -3 3 5 -6 -7 7 8 9 10 -12 12 -14 -15 -16 -17 -18 -19 -20 20 -22 -23 23 -25 25 -27 -28 -29 29 -31
leaf_value=-0.0037037463486290813 -0.01264164403404296 0.045219767841518037 -0.041679026977640338 -0.038694612529676251 0.0053800075703691738 0.016955372549742449 0.046685116835989082 -0.032117000811281084 -0.016486925518439957 0.025498421651698272 -0.048361876777681431 -0.015621102928676495 0.016002150035829246 -0.052539153069697364 0.0044881652429312078 -0.043251063142121335 -0.049719911393989978 0.012692195241275649 -0.0082691511927727827 0.038767529621935595 -0.002076654450252232 0.0075200583315561025 0.018165102356500866 -0.025023009970399791 -0.038917755372298704 0.01186221908141211 -0.034123061937451397 -0.051757072733421519 -0.054352448346519602 -0.012460220782325282
leaf_weight=21078.082820271258 22736.516519440702 11081.053526123287 3496.6877543704468 2014.2168049626634 33274.414470272837 16650.885939151223 964.19490006100386 3102.3590272424044 28865.093491924927 785.05930353188887 3234.0594401801354 3290.6559696395998 6893.2089608942624 1907.617229404801 7881.7824644640204 1649.8255363481585 2574.0966566324933 1359.8010917087086 94450.365657856746 3453.9491821480915 2475.1752124049817 197534.88086599245 9812.450525355991 1182.4819097854197 2683.6760425964603 714.42496229623794 5871.1572179002105 1251.6327773548546 2011.7487642547057 2315.2280345853069
leaf_count=138468 317500 44774 152113 100990 99523 43064 2269 47692 392054 9667 150691 23888 22263 75259 34602 58750 96695 25658 944542 11092 7820 417554 15168 6650 57257 7603 196037 50168 113681 35463
internal_value=0 0.00835926 -0.00847572 -0.00616916 -0.00783519 0.0109488 -0.0106087 -0.00990453 -0.0102618 -0.00932209 -0.0339889 -0.00862946 0.00578315 -0.0219209 -0.00973437 -0.0106315 -0.0298574 -0.0184608 -0.0101948 0.00665002 0.0217171 0.00626656 -0.000715857 0.0135189 -0.0071109 -0.02824 -0.0202179 -0.0173158 -0.0157282 -0.0319424
internal_weight=496597 250016 246581 210487 191822 18665.1 158547 155051 154086 147050 4019.12 143031 10183.9 36093.9 132847 124965 7036.26 4462.16 123315 238935 5929.12 233006 35471.1 10994.9 24476.2 3398.1 34186.3 28315.1 27063.5 4326.98
internal_count=3698955 706386 2992569 2204461 2060407 144054 1960884 1808771 1806502 1636457 160358 1476099 46151 788108 1429948 1395346 170045 73350 1336596 661612 18912 642700 225146 21818 203328 64860 712849 516812 466644 149144
cat_boundaries=0 39 79 90 96 97 102 103 138 177
cat_threshold=0 0 4 0 20480 0 0 0 0 131072 0 0 0 0 0 0 0 0 0 0 0 0 0 224 0 0 0 0 0 0 0 0 0 41943040 4194816 0 0 0 2147483648 8192 0 0 0 0 0 0 0 0 0 8388608 0 0 0 0 0 0 0 0 0 0 0 0 0 0 0 0 0 0 0 0 0 0 0 0 0 1073741840 0 512 262144 0 0 0 0 16384 0 0 0 0 131072 8388608 0 0 4096 0 0 8388608 512 0 0 4 0 4096 2064 0 0 0 0 4096 0 0 0 0 0 0 0 0 0 0 0 0 0 0 0 0 0 0 128 0 0 0 0 0 0 0 0 0 0 512 8192 0 0 0 0 0 0 0 0 0 0 0 0 0 0 0 0 0 0 0 0 0 0 0 0 0 0 0 0 0 0 0 0 0 0 0 1073741824 0 512
is_linear=0
shrinkage=0.05


Tree=27
num_leaves=31
num_cat=11
split_feature=160 169 223 160 195 159 164 161 173 160 160 176 164 173 169 160 179 176 161 195 166 222 176 160 170 173 173 176 163 209
split_gain=13032 5837.69 3409.63 2509.56 2150.44 2619.96 1963.73 1028.33 1041.4 1686.23 1008.95 1032.54 938.554 749.607 734.356 726.536 688.403 668.644 918.652 653.874 635.42 1579.2 1172.82 695.334 1223.38 720.19 619.974 557.504 552.363 515.738
threshold=0 1.0000000180025095e-35 1.0000000180025095e-35 1 1.0000000180025095e-35 2 3 4 9.5000000000000018 5 6 1.0000000180025095e-35 7 15.500000000000002 1.0000000180025095e-35 8 1.0000000180025095e-35 1.0000000180025095e-35 9 1.0000000180025095e-35 175.00000000000003 1.0000000180025095e-35 1.0000000180025095e-35 10 1.0000000180025095e-35 19.500000000000004 16.500000000000004 1.0000000180025095e-35 4.5000000000000009 2.5000000000000004
decision_type=9 2 2 9 2 1 9 9 2 9 9 2 9 2 2 9 2 2 9 2 2 2 2 9 2 2 2 2 2 2
left_child=1 20 3 19 5 7 28 16 10 13 -9 -12 -7 -10 -14 -4 -5 18 -11 -2 23 22 -22 24 26 -26 -1 -18 -6 -25
right_child=2 -3 15 4 6 12 -8 8 9 17 11 -13 14 -15 -16 -17 27 -19 -20 -21 21 -23 -24 29 25 -27 -28 -29 -30 -31
leaf_value=-0.0035745348318187175 -0.02023013046073871 0.044463058366682774 0.014484320850205621 0.046280383453978433 0.018663674132511458 -0.040919339916777764 -0.046363450827956787 0.0027560428394401912 -0.015500873664518364 0.021247966860148571 -0.022562616108914205 0.007339699543207171 -0.017086899509912018 -0.036104639505918933 -0.0044034481865605239 -0.046548221448089538 -0.010487245424335366 0.0078205352847771064 -0.023426641767553616 -0.051569399233049013 0.053869760320050863 -0.048418289232992545 0.0051738290809055128 0.0069719452474835122 0.017872110317225763 -0.023865891381898967 -0.027039403804491269 0.0053536289862812329 -0.0097264685775735518 0.036567076031504941
leaf_weight=20825.220128689311 21943.61065260935 10545.818703146535 526.73284882982261 925.77370663231704 15189.265273632715 3385.3533980798093 1379.1175281184551 38668.42539217147 15181.045700355171 1499.3969438173808 9190.0396362324245 4208.5120272797067 45113.858504995107 6226.022100182483 15278.832763886312 6668.4508286034397 6684.9654882587492 10078.205507357605 4855.9020309617044 1801.0679048810271 2832.5227830256335 682.4280488078366 2194.7340973420069 195537.82221142275 9740.9672038739664 1155.6687907350715 3254.6831521717249 32823.578981729806 1930.5410575559945 1482.8512482163496
leaf_count=138468 458194 44774 4854 2269 31158 152113 81970 167874 173530 7444 64649 20134 844538 151563 129570 341359 34271 69502 51869 75259 6718 6404 5790 414940 15168 6650 64860 99523 30926 2614
internal_value=0 0.00806162 -0.00821698 -0.00718507 -0.00546229 -0.00701485 0.0108261 -0.00295053 -0.00592871 -0.0122416 -0.0013417 -0.0131601 -0.015318 -0.0214842 -0.0138759 -0.0421234 0.00367128 -0.000187931 -0.0128884 -0.022599 0.00644691 0.022925 0.0326144 0.00604129 -0.000456109 0.0134441 -0.00674679 0.00267308 0.0154527 0.00719444
internal_weight=491811 248253 243559 236364 212619 194120 18498.9 130342 89907.5 37840.6 52067 13398.6 63778 21407.1 60392.7 7195.18 40434.3 16433.5 6355.3 23744.7 237707 5709.68 5027.26 231997 34976.5 10896.6 24079.9 39508.5 17119.8 197021
internal_count=3698955 706386 2992569 2646356 2112903 1968849 144054 842628 706565 453908 252657 84783 1126221 325093 974108 346213 136063 128815 59313 533453 661612 18912 12508 642700 225146 21818 203328 133794 62084 417554
cat_boundaries=0 39 79 80 104 138 177 216 227 267 301 336
cat_threshold=0 0 4 0 20480 0 0 0 0 131072 0 0 0 0 0 0 0 0 0 0 0 0 0 224 0 0 0 0 0 0 0 0 0 41943040 4194816 0 0 0 2147483648 8192 0 0 0 0 0 0 0 0 0 8388608 0 0 0 0 0 0 0 0 0 0 0 0 0 0 0 0 0 0 0 0 0 0 0 0 0 1073741840 0 0 262144 9344 0 0 0 0 4096 0 0 0 0 0 0 0 0 0 0 0 0 0 0 0 0 0 0 128 0 0 4096 0 0 8388608 0 0 0 0 0 0 0 0 0 0 0 0 0 0 0 0 0 0 0 0 0 0 0 0 0 0 0 65536 0 0 0 0 0 0 0 0 0 0 0 0 0 0 0 0 0 0 0 0 0 0 0 0 0 0 0 0 0 0 0 0 0 1073741824 0 0 1 0 33280 0 0 0 0 0 0 0 0 0 0 0 0 0 0 0 0 0 0 0 0 0 0 0 0 0 0 0 0 0 0 0 0 0 1073741824 0 0 1 1 33280 0 0 0 0 16384 0 0 0 0 131072 8388608 0 0 0 0 0 0 0 0 0 0 0 0 0 0 0 0 0 0 0 0 0 0 0 0 0 0 0 0 0 0 0 0 0 0 0 512 0 0 0 65536 0 0 0 0 0 0 0 0 0 0 0 0 0 0 0 0 0 0 0 0 0 0 0 0 0 0 0 0 0 0 0 0 0 32768 0 0 0 0 4096 0 0 0 0 0 0 0 0 0 0 0 0 0 0 0 0 0 0 128 0 0 0 0 0 0 0 0 0 0 512
is_linear=0
shrinkage=0.05


Tree=28
num_leaves=31
num_cat=8
split_feature=160 169 160 195 180 190 164 161 211 198 167 164 176 214 195 170 166 166 222 176 170 160 173 166 173 167 160 190 160 176
split_gain=12068.9 5398.18 2641.44 2187.79 2482.46 1793.17 1182.83 1058.72 1015.95 866.443 796.339 1316.51 705.317 662.139 629.095 622.834 636.897 579.078 1487.37 1105.64 569.297 1378.59 963.894 760.965 572.549 602.068 501.481 562.532 475.254 923.14
threshold=0 1.0000000180025095e-35 1 1.0000000180025095e-35 1.0000000180025095e-35 1.0000000180025095e-35 2 3 7.5000000000000009 1.0000000180025095e-35 1.0000000180025095e-35 4 1.0000000180025095e-35 135.00000000000003 1.0000000180025095e-35 1.0000000180025095e-35 175.00000000000003 175.00000000000003 1.0000000180025095e-35 1.0000000180025095e-35 1.0000000180025095e-35 5 17.500000000000004 60.000000000000007 16.500000000000004 1.0000000180025095e-35 6 1.0000000180025095e-35 7 1.0000000180025095e-35
decision_type=9 2 9 2 2 2 9 9 2 2 2 9 2 2 2 2 2 2 2 2 2 9 2 2 2 2 9 2 9 2
left_child=1 17 14 4 6 -5 -4 -8 9 10 15 -12 -10 -11 26 16 28 20 19 -19 21 22 -1 -22 -25 -26 27 -2 -9 -30
right_child=2 -3 3 5 -6 -7 7 8 12 13 11 -13 -14 -15 -16 -17 -18 18 -20 -21 23 -23 -24 24 25 -27 -28 -29 29 -31
leaf_value=-0.0038839868477566876 -0.014894483185649947 0.043688863755683899 -0.039894095265808609 -0.035888729056248632 0.005119652398000326 0.015926258045940504 0.044771796643381725 -0.0048281155213871791 -0.014170286230931188 -0.031502303574238173 0.024693246931745991 -0.047176857420183772 0.014433316371351874 0.04945060248068564 -0.050354972067824424 0.0043839191868160704 -0.0419584038819759 0.052993409669319695 -0.049381574903683279 0.0050962950302881928 -0.011644625334702251 0.0063832833597055527 -0.040700070865390889 0.021999379371487607 0.01712468146951996 -0.0306533542183169 -0.032802498518836022 -0.050626563018584682 -0.0085658387718247631 -0.020168855047060716
leaf_weight=17044.116809297702 26301.206440530805 10034.135584077565 3247.0676575838879 1857.6843277749722 32539.509785712697 16463.355728827388 885.65965207136469 34677.204995353663 3121.1519499477581 6477.498345422151 799.89054278979893 3062.0354170686624 6960.0697199063143 262.36341001163237 1703.2708135998691 7806.4848969049053 1556.5320073794574 2704.6826924553607 640.03291811828967 2173.089986480074 2496.7339158897521 192815.46232275059 1984.4780202611582 14034.060029176966 1553.4021710285451 1144.8638916109921 5631.6385391303338 1149.3621496103588 62054.486348844104 23687.083100979056
leaf_count=116834 466644 44774 152113 100990 99523 43064 2269 329907 23888 169043 9667 150691 22263 1002 75259 34602 58750 6718 6404 5790 13871 428364 51112 23150 2937 6905 196037 50168 570815 435401
internal_value=0 0.00776957 -0.00797594 -0.00581791 -0.0074326 0.0106713 -0.0100746 -0.00943145 -0.00975364 -0.0108553 -0.00997303 -0.0323466 0.00557687 -0.0283469 -0.0207164 -0.00930709 -0.0101834 0.0062464 0.0222539 0.0316586 0.00586409 0.00511631 -0.00772068 0.0141016 0.0179439 -0.00314743 -0.0191958 -0.0163857 -0.00977244 -0.0117701
internal_weight=486869 246625 240244 205458 187137 18321 154598 151350 150465 140384 133644 3861.93 10081.2 6739.86 34785.5 129782 121975 236591 5517.81 4877.77 231073 211844 19028.6 19229.1 16732.3 2698.27 33082.2 27450.6 120419 85741.6
internal_count=3698955 706859 2992096 2203988 2059934 144054 1960411 1808298 1806029 1759878 1589833 160358 46151 170045 788108 1429475 1394873 662085 18912 12508 643173 596310 167946 46863 32992 9842 712849 516812 1336123 1006216
cat_boundaries=0 40 80 91 97 102 126 165 203
cat_threshold=0 0 4 0 20480 0 0 0 0 131072 0 0 0 0 0 0 0 0 0 0 0 0 0 224 0 0 0 0 0 0 0 0 0 41943040 4194816 0 0 0 2147483648 65536 8192 0 0 0 0 0 0 0 0 0 8388608 0 0 0 0 0 0 0 0 0 0 0 0 0 0 0 0 0 0 0 0 0 0 0 0 0 1073741840 0 512 262144 0 0 0 0 16384 0 0 0 0 131072 8388608 0 0 4096 0 0 8388608 0 0 4 0 4096 0 0 0 0 4096 0 0 0 0 0 0 0 0 0 0 0 0 0 0 0 0 0 0 128 8192 0 0 0 0 0 0 0 0 0 0 0 0 0 0 0 0 0 0 0 0 0 0 0 0 0 0 0 0 0 0 0 0 0 0 0 1073741824 0 512 32 0 0 0 0 0 0 0 0 0 0 0 0 0 0 0 0 0 0 0 0 0 0 0 0 0 0 0 0 0 0 0 0 1073741824 0 67109376 0 1
is_linear=0
shrinkage=0.05


Tree=29
num_leaves=31
num_cat=11
split_feature=160 169 223 163 159 196 216 190 160 173 160 173 160 169 161 191 160 173 160 196 176 173 223 216 166 176 170 160 173 166
split_gain=11278.2 4952.54 3151.23 2325.06 3243.92 1350.78 1178.98 1256.63 970.995 975.641 1698.82 893.541 800.306 737.417 649.818 622.153 547.883 533.96 522.52 510.55 617.816 587.263 504.833 499.736 496.613 613.425 523.19 1296.82 867.204 669.564
threshold=0 1.0000000180025095e-35 1.0000000180025095e-35 4.5000000000000009 1 2 1.0000000180025095e-35 1.0000000180025095e-35 3 10.500000000000002 4 14.500000000000002 5 1.0000000180025095e-35 6 1.0000000180025095e-35 7 8.5000000000000018 8 9 1.0000000180025095e-35 10.500000000000002 1.0000000180025095e-35 1.5000000000000002 175.00000000000003 1.0000000180025095e-35 1.0000000180025095e-35 10 16.500000000000004 60.000000000000007
decision_type=9 2 2 2 1 1 2 2 9 2 9 2 9 2 9 2 9 2 9 1 2 2 2 2 2 2 2 9 2 2
left_child=1 22 3 4 6 8 7 11 -6 -10 16 -2 17 23 -13 -15 -11 -4 -9 -7 21 -21 24 -5 26 -26 27 28 -1 -28
right_child=2 -3 12 13 5 19 -8 18 9 10 -12 14 -14 15 -16 -17 -18 -19 -20 20 -22 -23 -24 -25 25 -27 29 -29 -30 -31
leaf_value=-0.0031759671095690036 -0.003007377156324046 0.042932562922475437 -0.038599204948663271 -0.028252291849018063 -0.03239016807517734 -0.014306224378651476 -0.029564252676913341 0.0096345095325948305 -0.0011394043885466732 -0.015675430402612513 0.00077168087409138018 0.040069558469292221 -0.052197748099840735 -0.0084879748259358914 0.0074730168082754725 -0.040307759794391967 -0.034192307945006321 0.0061547595940624521 0.028277778458518123 -0.029754739618951392 -0.046847060111468372 0.0069397933275672473 -0.03930494939079756 0.044002726965656311 0.035922766797833038 0.0017215648807872308 -0.010455659087536767 0.0064985776820537522 -0.035375440268826205 0.017523556013736032
leaf_weight=16382.747641983267 37236.821508877794 9562.8391871809727 1433.3657191125967 15053.381040700449 3364.3374488859554 30754.244032542454 2563.5772053596593 8898.3514833886875 56409.667840353286 10513.009861057188 13926.577308051783 1675.8823074998218 4702.0912767349218 14633.469791144365 16623.31630607316 1716.0864612804726 6511.2687370180211 1244.7818039678677 6546.439061547746 3374.4724768112355 2926.490993274434 1610.2165510384366 607.03324392685317 242.68535874038935 3080.6586975965765 2282.7310759493266 2454.8163073837059 186910.24274735595 2396.6058574158233 16555.343514075212
leaf_count=110689 180386 44774 22442 583324 108775 449843 118107 29669 293600 134413 119040 5707 298213 150096 56999 46782 158949 33739 11688 58083 125851 37597 9008 4175 11092 7820 13871 383974 57257 32992
internal_value=0 0.00767408 -0.00761929 -0.00660742 -0.00464165 -0.00940718 0.00374331 0.00494706 -0.00607035 -0.00505292 -0.0121869 0.00143853 -0.0397885 -0.0192129 0.0104855 -0.0118293 -0.0227746 -0.0177326 0.0175622 -0.0172329 -0.0285753 -0.0179007 0.00621259 -0.0271042 0.0063328 0.0213687 0.00597384 0.0052403 -0.00728246 0.0139101
internal_weight=482194 240233 241961 234580 202935 129390 73544.4 70980.8 90724.9 87360.5 30950.9 55536 7380.24 31645.6 18299.2 16349.6 17024.3 2678.15 15444.8 38665.4 7911.18 4984.69 230670 15296.1 230063 5363.39 224700 205690 18779.4 19010.2
internal_count=3698955 671477 3027478 2673084 1888707 1486151 402556 284449 814777 706002 412402 243092 354394 784377 62706 196878 293362 56181 41357 671374 221531 95680 626703 587499 617695 18912 598783 551920 167946 46863
cat_boundaries=0 40 41 42 82 121 161 195 232 233 234 258
cat_threshold=0 0 4 0 20480 0 0 0 0 131072 0 0 0 0 0 0 0 0 0 0 0 0 0 224 0 0 0 0 0 0 0 0 0 41943040 4194304 0 0 0 2147483648 65536 8448 3073 0 0 0 0 0 0 0 0 0 0 0 0 0 0 0 0 0 0 0 0 0 0 0 0 0 0 0 0 0 0 0 0 0 0 0 0 0 0 0 262144 0 0 0 0 0 0 0 0 0 0 0 0 0 0 0 0 0 0 0 0 0 0 0 0 0 0 0 0 0 0 0 0 0 1073741824 0 0 1 0 33280 0 0 0 0 0 0 0 0 0 0 0 0 0 0 0 0 0 0 0 0 0 0 0 0 0 0 0 0 0 0 0 0 0 0 512 67109376 0 1 0 262144 0 0 0 0 0 8388608 0 0 0 0 0 0 0 0 0 0 0 0 0 0 0 0 0 0 0 0 0 0 0 0 0 0 0 32768 0 0 0 0 0 0 0 0 0 0 0 0 0 0 0 0 0 0 0 0 0 0 0 0 0 0 0 0 0 0 0 0 0 1073741824 0 0 1 532480 24 0 0 0 0 4096 0 0 0 0 0 0 0 0 0 0 0 0 0 0 0 0 0 0 128
is_linear=0
shrinkage=0.05


Tree=30
num_leaves=31
num_cat=12
split_feature=160 162 223 161 169 176 160 196 164 170 160 164 170 167 164 164 160 173 160 160 176 163 167 173 173 222 166 173 179 188
split_gain=10480.1 3169.32 2816.09 2164.52 1738.99 1343.99 1329.63 1172.89 1116.66 832.085 2513.17 1376 819.491 788.801 701.048 700.113 683.819 674.083 1624.72 674.875 695.327 627.702 622.063 699.226 601.612 594.81 806.47 574.932 553.801 533.009
threshold=0 3.0000000000000004 1.0000000180025095e-35 1 1.0000000180025095e-35 1.0000000180025095e-35 2 3 4 1.0000000180025095e-35 5 6 1.0000000180025095e-35 1.0000000180025095e-35 7 8 9 9.5000000000000018 10 11 1.0000000180025095e-35 4.5000000000000009 1.0000000180025095e-35 2.5000000000000004 15.500000000000002 1.0000000180025095e-35 175.00000000000003 17.500000000000004 1.0000000180025095e-35 1.0000000180025095e-35
decision_type=9 2 2 9 2 2 9 1 9 2 9 9 2 2 9 9 9 2 9 9 2 2 2 2 2 2 2 2 2 2
left_child=1 9 3 28 5 25 14 -8 -9 10 29 22 15 -14 21 -10 -4 19 24 -17 -21 -5 23 -11 -19 -3 -27 -24 -2 -1
right_child=2 4 16 6 -6 -7 7 8 12 11 -12 -13 13 -15 -16 17 -18 18 -20 20 -22 -23 27 -25 -26 26 -28 -29 -30 -31
leaf_value=-0.0075076880762940893 0.043873498437814913 0.04019701527049635 0.013272334633625574 0.02403179928574652 0.042194684373094669 -0.0079711173202019255 -0.016276766002272961 -0.042195832621074271 -0.023163041400562745 -0.033891659505278872 0.0062059549067603479 -0.013736650510575913 0.0093418707103516997 -0.032796615508977334 -0.032004313845960815 0.001081891491590535 -0.046425534622227572 -0.014066299743225234 0.0012133153797705826 -0.018698828292063482 0.0045319955525924219 -0.021407610315522723 0.010632862588106461 0.023289162164989913 -0.031573841534065998 0.039845012738889664 -0.048177674391741192 -0.029756506427224452 0.0024107327250335073 -0.03228774026847344
leaf_weight=27149.691933233989 822.04957698754151 3537.1114890775643 524.89643547707237 1176.5296443987172 9111.9231398997945 4539.1550446654437 36622.498302146734 2085.989672903379 6246.5034636834753 549.65470545040444 188287.42432601034 4113.9233628038055 13180.85633638018 1212.2310494171106 9610.7460803692811 40042.173524040292 5688.8467684491479 16372.87465895593 16421.064583455445 10222.639759797428 4702.1227062416729 2144.5883635864011 4576.069230504494 18957.578207519866 7008.7277589723817 536.59853664902039 504.26854479144095 1090.6458269805298 38533.074832520913 2358.3358292151825
leaf_count=345814 2269 10276 4809 5678 44774 15789 619888 117349 148989 1588 420704 26712 39854 61565 331689 207786 340116 207070 126698 71510 24035 66762 31828 42470 182621 1194 4374 14156 133794 46794
internal_value=0 0.00662802 -0.00827058 -0.00727247 0.0267474 0.0113069 -0.00975738 -0.00846377 -0.00602724 0.00514387 0.00407979 0.0130564 -0.00536968 0.00579147 -0.0251543 -0.00696055 -0.0414345 -0.00588937 -0.0108455 -0.00230147 -0.011372 -0.00529175 0.0174338 0.0216769 -0.0193068 0.0304214 -0.00279717 0.00285649 0.00327665 -0.00948562
internal_weight=477931 265312 212618 206405 18229.1 9117.13 167050 154118 117495 247083 217795 29287.9 115409 14393.1 12931.9 101016 6213.74 94769.6 39802.7 54966.9 14924.8 3321.12 25173.9 19507.2 23381.6 4577.98 1040.87 5666.72 39355.1 29508
internal_count=3698955 1006473 2692482 2347557 76407 31633 2211494 1807365 1187477 930066 813312 116754 1070128 101419 404129 968709 344925 819720 516389 303331 95545 72440 90042 44058 389691 15844 5568 45984 136063 392608
cat_boundaries=0 40 74 114 115 126 150 174 185 209 245 284 323
cat_threshold=32 0 4 0 20480 0 0 0 0 131072 0 0 0 0 0 0 0 0 0 0 0 0 0 224 0 0 0 0 0 0 0 0 0 41943040 4194304 0 0 1 2147483648 65536 0 0 4096 0 0 8388608 0 0 0 0 0 0 0 0 0 0 0 0 0 0 0 0 0 0 0 0 0 0 0 0 0 0 0 65536 8192 0 0 0 0 0 0 0 0 0 8388608 0 0 0 0 0 0 0 0 0 0 0 0 0 0 0 0 0 0 0 0 0 0 0 0 0 16 0 0 262144 536 0 0 0 0 16384 0 0 0 0 131072 8388608 32 0 0 0 4096 0 0 0 0 0 0 0 0 0 0 0 0 0 0 0 0 0 0 128 0 0 0 0 4096 0 0 0 0 131072 0 0 0 0 0 0 0 0 0 0 0 0 0 192 0 0 4 0 0 0 0 0 0 131072 8388608 0 0 4 0 4096 0 0 0 0 0 0 0 0 0 0 0 0 0 0 0 0 0 0 64 0 0 0 0 0 0 0 0 0 0 0 0 0 0 0 0 0 0 0 0 0 0 0 0 0 0 0 0 0 0 0 0 0 0 0 512 524288 0 0 0 0 0 0 0 0 0 0 0 0 0 0 0 0 0 0 0 0 0 0 0 0 0 0 0 0 0 0 0 0 1073741824 0 0 1 0 33280 524288 0 0 0 0 0 0 0 0 0 0 0 0 0 0 0 0 0 0 0 0 0 0 0 0 0 0 0 0 0 0 0 0 1073741824 0 0 1 0 33280
is_linear=0
shrinkage=0.05


Tree=31
num_leaves=31
num_cat=9
split_feature=160 169 223 163 159 160 195 176 196 160 167 173 160 169 173 191 166 170 165 173 166 161 176 160 173 167 167 161 173 211
split_gain=9808.82 4261.51 2679.39 1951.55 2966.28 1224.64 1166.09 894.832 2081.6 1611.1 865.763 828.61 718.551 694.17 648.837 573.745 499.378 552.677 1168.81 848.308 528.055 491.548 484.446 468.397 451.828 493.652 446.967 444.853 431.301 431.176
threshold=0 1.0000000180025095e-35 1.0000000180025095e-35 4.5000000000000009 1 2 1.0000000180025095e-35 1.0000000180025095e-35 3 4 1.0000000180025095e-35 14.500000000000002 5 1.0000000180025095e-35 7.5000000000000009 1.0000000180025095e-35 175.00000000000003 1.0000000180025095e-35 75.000000000000014 6.5000000000000009 60.000000000000007 6 1.0000000180025095e-35 7 16.500000000000004 1.0000000180025095e-35 1.5000000000000002 8 2.5000000000000004 8.5000000000000018
decision_type=9 2 2 2 1 9 2 2 1 9 2 2 9 2 2 2 2 2 2 2 2 9 2 9 2 2 2 9 2 2
left_child=1 16 3 4 6 29 10 9 -9 -7 11 27 28 26 -10 -15 17 18 -1 -20 -19 -13 -18 -8 -22 -26 -5 -2 -4 -6
right_child=2 -3 12 13 5 7 23 8 14 -11 -12 21 -14 15 -16 -17 22 20 19 -21 24 -23 -24 -25 25 -27 -28 -29 -30 -31
leaf_value=0.005778328200931466 -0.027394909846181037 0.041427451474063709 -0.075289271580596895 -0.027171029540042298 -0.005767068587398976 -0.030675844875763886 0.0082376725351455977 0.0057214583606969155 -0.0080593203373243733 -0.0057002168354302885 -0.029869476672451496 0.036010535417521652 -0.051087977133862351 -0.0077309491176633912 -0.036045412927810758 -0.039091102263757178 0.034691055087649969 -0.0082569981978978836 0.010278043648690479 -0.015096045157451436 0.020535525781947284 0.007552975994466098 0.0032709013302124599 0.026027147810031334 0.016123577384314632 -0.028219987758537474 0.041109767954336192 -0.0016564745798196786 -0.0056437766799844295 0.0067073340712022009
leaf_weight=192822.34651560467 1753.3845854963874 8688.4385940111242 254.48095502657816 14448.470571841841 49233.327867489745 7818.353896447079 8861.8261258958373 4910.5450617733732 2459.7108148665284 36951.603759904407 2305.3835099038843 1666.7602436341695 4283.6369266499532 14217.284990775341 13134.212757572735 1624.9175599835871 2891.0155922520789 2391.684050423908 4548.9102211428108 11934.385043232352 13648.889417177998 16224.858082236606 2131.6887659193017 6385.5300313270418 1513.2345904244576 1071.6358281471767 243.23286745854421 34912.513810811564 1736.9262751734641 8060.6133440786507
leaf_count=452664 11010 44774 2644 583324 376283 142542 37120 68644 39207 393448 115456 5707 298213 150096 405579 46782 11092 13871 14563 128765 23150 55849 7820 13805 2937 6905 4175 163609 45330 33591
internal_value=0 0.00704622 -0.0073553 -0.00645763 -0.00461427 -0.0093478 0.00343224 -0.0140305 -0.0226832 -0.0100703 0.000140129 0.00140857 -0.0395809 -0.0182101 -0.0316115 -0.010949 0.00576411 0.0054204 0.00468588 -0.00809313 0.013674 0.0102296 0.0213587 0.0157112 0.0169055 -0.00226035 -0.0260389 -0.00289572 -0.0144902 -0.00401123
internal_weight=473130 241642 231488 225213 194679 122568 72110.3 65274.4 20504.5 44770 56862.9 54557.5 6275.04 30533.9 15593.9 15842.2 232954 227931 209306 16483.3 18625.4 17891.6 5022.7 15247.4 16233.8 2584.87 14691.7 36665.9 1991.41 57293.9
internal_count=3698955 706541 2992414 2646227 1861850 1459294 402556 1049420 513430 535990 351631 236175 346187 784377 444786 196878 661767 642855 595992 143328 46863 61556 18912 50925 32992 9842 587499 174619 47974 409874
cat_boundaries=0 39 40 80 81 121 161 195 196 230
cat_threshold=0 0 4 0 20480 0 0 0 0 131072 0 0 0 0 0 0 0 0 0 0 0 0 0 224 0 0 0 0 0 0 0 0 0 41943040 4194816 67108864 0 0 2147483648 8448 0 0 0 0 0 0 0 0 0 0 0 0 0 0 0 0 0 0 0 0 0 0 0 0 0 0 0 0 0 0 0 0 0 1073741824 0 512 1 8193 0 65536 9 0 0 0 0 0 0 0 0 0 0 8388608 0 0 0 0 0 0 0 0 0 0 0 0 0 0 0 0 0 0 0 0 0 0 0 0 0 1073741824 0 0 262144 0 0 0 0 0 0 0 0 0 0 0 0 0 0 0 0 0 0 0 0 0 0 0 0 0 0 0 0 0 0 0 0 0 0 0 512 0 1 0 327680 0 0 0 0 0 8388608 0 0 0 0 0 0 0 0 0 0 0 0 0 0 0 0 0 0 0 0 0 0 0 0 0 0 0 32768 532480 0 0 0 0 0 0 0 0 0 0 0 0 0 128 0 0 0 0 0 0 0 0 0 0 0 0 0 0 0 0 0 0 0 32768
is_linear=0
shrinkage=0.05


Tree=32
num_leaves=31
num_cat=12
split_feature=160 162 223 180 169 160 196 176 164 170 160 164 170 223 161 167 160 173 160 160 222 166 164 169 193 167 173 164 188 166
split_gain=9081.7 2851.64 2450.99 2104.73 1417.76 1221.26 1041.2 1001.8 971.265 839.959 2029.93 1207.77 784.171 774.134 738.948 727.927 689.027 567.568 1221.15 1172.44 561.968 759.523 556.422 884.997 513.477 496.464 520.212 488.745 540.201 465.893
threshold=0 3.0000000000000004 1.0000000180025095e-35 1.0000000180025095e-35 1.0000000180025095e-35 1 2 1.0000000180025095e-35 3 1.0000000180025095e-35 4 5 1.0000000180025095e-35 1.0000000180025095e-35 6 1.0000000180025095e-35 7 8.5000000000000018 8 9 1.0000000180025095e-35 175.00000000000003 10 1.0000000180025095e-35 1.0000000180025095e-35 1.0000000180025095e-35 2.5000000000000004 11 1.0000000180025095e-35 175.00000000000003
decision_type=9 2 2 2 2 9 1 2 9 2 9 9 2 2 9 2 9 2 9 9 2 2 9 2 2 2 2 9 2 2
left_child=1 9 3 5 7 22 -7 20 -8 10 27 -11 14 24 -10 -14 -4 18 -16 -19 29 -22 23 -2 -12 26 -13 -1 -29 -3
right_child=2 4 16 -5 -6 6 8 -9 12 11 13 25 15 -15 17 -17 -18 19 -20 -21 21 -23 -24 -25 -26 -27 -28 28 -30 -31
leaf_value=-0.035262480245309306 0.015235201498891328 0.010098161989820345 0.013244748596451739 0.0047577113013421036 0.040669113298944258 -0.015650808089376075 -0.040748459599529517 -0.0051241862828869259 0.041811738939499722 -0.012592565998763825 0.0056848917072198054 -0.029570269670571993 0.0091678873483297327 -0.025865903648907975 0.0027636299873897863 -0.032333583877842555 -0.047933286117355978 -0.022043549949737562 -0.013003411474256344 -0.0056954231539136637 0.038376536350127902 -0.048634359383237971 -0.030741959664920084 -0.038524341526435746 0.046146712650856431 0.0037405474190058126 0.022133261634505672 -0.0049789059791540396 -0.030478556445624701 0.050804410038088055
leaf_weight=1625.8552970391174 1900.6875802302384 1004.6513274967438 511.7453715626034 31550.885551709915 8297.3614955274388 35305.765871016993 1952.7136681138654 4367.0404344610288 765.73578873788938 4023.5713018956885 189248.93851141882 499.11071734035795 12940.489694991906 1942.8034622515552 31051.265355272393 1149.9824047028669 4660.6157145773468 16146.915027473035 20301.478275762187 34224.01555779617 513.69496048358269 489.10500479774782 9145.7042113725038 1281.0631736697105 786.90603745914996 5516.6066936198768 18538.542370047973 24869.892001770524 2265.8855201744009 2344.7782365190797
leaf_count=90367 41322 3558 4854 99523 44774 619888 117349 15789 2269 26712 426816 1588 39854 26658 124899 61565 331890 371724 174505 305124 1194 4374 331689 31118 2139 45984 42470 255447 46794 6718
internal_value=0 0.00607116 -0.00796958 -0.00708102 0.0258747 -0.00932895 -0.00811359 0.0117941 -0.00586735 0.00471969 0.00367541 0.0127855 -0.00527943 0.00553122 -0.0068004 0.0057794 -0.0419458 -0.00717 -0.00347158 -0.0109418 0.0287698 -0.00406021 -0.0244681 -0.00639091 0.00585258 0.0169427 0.0207767 -0.00871035 -0.00710626 0.0385995
internal_weight=469224 266335 202889 197717 17016.6 166166 153838 8719.27 118533 249318 220740 28577.8 116580 191979 102489 14090.5 5172.36 101724 51352.7 50370.9 4352.23 1002.8 12327.5 3181.75 190036 24554.3 19037.7 28761.6 27135.8 3349.43
internal_count=3698955 1041382 2657573 2320829 76407 2221306 1817177 31633 1197289 964975 848221 116754 1079940 455613 978521 101419 336744 976252 299404 676848 15844 5568 404129 72440 428955 90042 44058 392608 302241 10276
cat_boundaries=0 39 79 80 91 115 139 145 185 224 263 274 285
cat_threshold=32 0 4 0 20480 0 0 0 0 131072 0 0 0 0 0 0 0 0 0 0 0 0 0 224 0 0 0 0 0 0 0 0 0 41943040 4194816 0 0 1 2147483648 8192 0 0 0 0 0 0 0 0 0 8388608 0 0 0 0 0 0 0 0 0 0 0 0 0 0 0 0 0 0 0 0 0 0 0 0 0 16 0 0 262144 536 0 0 0 0 16384 0 0 0 0 131072 8388608 32 0 0 0 4096 0 0 0 0 0 0 0 0 0 0 0 0 0 0 0 0 0 0 128 0 0 4 0 16384 0 0 0 0 0 8388608 0 0 0 0 0 0 0 0 0 0 0 0 32 0 0 4096 0 0 8388608 0 0 0 0 0 0 0 0 0 0 0 0 0 0 0 0 0 0 0 0 0 0 0 0 0 0 0 0 0 0 0 0 0 0 0 512 0 0 0 65536 0 0 0 0 0 0 0 0 0 0 0 0 0 0 0 0 0 0 0 0 0 0 0 0 0 0 0 0 0 0 0 0 0 1073741824 0 0 1 0 33280 524288 0 0 0 0 0 0 0 0 0 0 0 0 0 0 0 0 0 0 0 0 0 0 0 0 0 0 0 0 0 0 0 0 0 0 0 0 0 33280 0 0 4 0 0 0 0 0 0 131072 8388608 0 0 0 0 20480 0 0 0 0 131072 8388608
is_linear=0
shrinkage=0.05


Tree=33
num_leaves=31
num_cat=10
split_feature=160 169 223 196 163 195 180 160 160 169 161 211 173 160 165 160 188 160 191 170 185 173 165 160 193 176 173 173 214 196
split_gain=8436.36 3620.12 2300.8 1718.32 2375.79 1887.6 949.032 719.104 689.603 651.064 631.457 545.451 533.313 1431.1 661.931 634.275 523.266 648.046 491.118 485.802 885.801 589.082 567.016 508.085 453.089 451.886 436.217 432.568 430.088 538.683
threshold=0 1.0000000180025095e-35 1.0000000180025095e-35 1 4.5000000000000009 1.0000000180025095e-35 1.0000000180025095e-35 2 3 1.0000000180025095e-35 4 8.5000000000000018 6.5000000000000009 5 135.00000000000003 6 1.0000000180025095e-35 7 1.0000000180025095e-35 1.0000000180025095e-35 1.0000000180025095e-35 6.5000000000000009 145.00000000000003 8 1.0000000180025095e-35 1.0000000180025095e-35 22.500000000000004 8.5000000000000018 135.00000000000003 9
decision_type=9 2 2 1 2 2 2 9 9 2 9 2 2 9 2 9 2 9 2 2 2 2 2 9 2 2 2 2 2 1
left_child=1 19 3 4 5 6 8 -4 -2 -6 -10 12 13 -12 16 -14 17 -15 -11 20 22 -22 24 -21 -1 -13 -27 -9 29 -5
right_child=2 -3 7 28 9 -7 -8 27 10 18 11 25 15 14 -16 -17 -18 -19 -20 23 21 -23 -24 -25 -26 26 -28 -29 -30 -31
leaf_value=0.0051282212421874147 -0.029057467074449644 0.039901882894193053 -0.049899201903918153 -0.013355567610027669 -0.024829687422976945 0.015341171130186536 0.0043146734664182528 -0.035146768891427177 0.040948204887131565 -0.0070048065992384086 -0.029054899858072761 -0.011546765940396071 -0.016472263941371072 0.0085150950331130577 -0.042398450429025764 -0.0056601138535926805 0.031308150953487046 -0.0066786093762321169 -0.036939713342639013 0.016602404330934892 0.0084460206987126262 -0.014323608641258796 0.023706399564331293 -0.0074946655421148645 0.044010974506871137 0.017682119774930141 -0.053889770059321801 0.0073132212821076185 0.049513149912006726 -0.028775322387126875
leaf_weight=189486.72368143985 3019.2514942474372 7920.6667281427071 3884.5815740017861 28750.211674011749 14101.947744531324 14873.425912377075 31371.212124464568 1261.3990640668344 736.57593202221324 13884.796554667962 4072.8379301548994 2251.6948983925395 19280.213817060547 16496.167996515287 801.77599763413309 45847.860881515429 1614.4025516916299 12199.276707490673 1519.8660107357719 15898.039066348341 4048.3209087314317 9517.0210341160418 4269.3337757902336 2533.8210835775244 751.73820364009589 5482.6201989583205 220.98296685877722 1142.7269544020382 248.59061773924623 7079.4867759721237
leaf_count=422709 109205 44774 298213 449843 587499 50925 99523 22449 2269 150096 39574 17019 285704 59611 13340 462618 4905 56496 46782 32992 13720 123118 16650 14902 2139 15196 1376 33777 1002 220529
internal_value=0 0.00667588 -0.00680014 -0.00596242 -0.00404135 -0.00161312 -0.00337176 -0.0366266 -0.00552433 -0.0170669 -0.00486921 -0.00518491 -0.00618484 -0.00122453 0.00242756 -0.00886447 0.00361497 0.00205627 -0.00995969 0.00551419 0.00482494 -0.00752801 0.0056865 0.0132943 0.00528201 0.00741622 0.0149037 -0.0149033 -0.0159551 -0.0164146
internal_weight=464568 234426 230142 223853 187775 158268 143395 6288.71 112024 29506.6 109004 108268 100313 35184.5 31111.6 65128.1 30309.8 28695.4 15404.7 226505 208073 13565.3 194508 18431.9 190238 7955.3 5703.6 2404.13 36078.3 35829.7
internal_count=3698955 671004 3027951 2673512 2002138 1217761 1166836 354439 1067313 784377 958108 955839 922248 173926 134352 748322 121012 116107 196878 626230 578336 136838 441498 47894 424848 33591 16572 56226 671374 670372
cat_boundaries=0 39 40 79 119 125 163 202 241 265 266
cat_threshold=0 0 4 0 20480 0 0 0 0 131072 0 0 0 0 0 0 0 0 0 0 0 0 0 224 0 0 0 0 0 0 0 0 0 41943040 4194304 0 0 0 2147483648 3107 0 0 0 0 0 0 0 0 0 0 0 0 0 0 0 0 0 0 0 0 0 0 0 0 0 0 0 0 0 0 0 0 0 1073741824 0 0 1 0 33280 0 0 0 0 0 0 0 0 0 0 0 0 0 0 0 0 0 0 0 0 0 0 0 0 0 0 0 0 0 0 0 0 0 0 0 0 16 0 0 262144 0 0 4096 0 0 8388608 32 0 0 0 0 0 0 0 0 0 0 0 0 0 0 0 0 0 0 0 0 0 0 0 0 0 0 0 0 0 0 0 0 0 0 512 0 8192 0 0 0 0 0 0 0 0 0 0 0 0 0 0 0 0 0 0 0 0 0 0 0 0 0 0 0 0 0 0 0 0 0 0 0 0 0 8192 33280 8192 0 0 0 0 0 0 0 0 0 0 0 0 0 0 0 0 0 0 0 0 0 0 0 0 0 0 0 0 0 0 0 0 1073741824 0 0 0 1 33280 0 0 4 0 0 0 0 0 0 0 0 0 0 0 0 0 0 0 0 0 0 0 0 128 24
is_linear=0
shrinkage=0.05


Tree=34
num_leaves=31
num_cat=9
split_feature=160 169 223 170 196 195 180 160 211 160 176 160 173 223 167 176 176 161 170 185 173 160 166 176 160 160 166 173 173 167
split_gain=7804.9 3401.37 2222.03 1632.85 2747.88 1186.63 999.784 624.781 622.109 1059.87 993.074 959.071 678.385 604.688 565.765 560.256 545.766 512.391 460.51 759.154 507.578 453.918 449.231 501.111 419.237 412.331 578.633 533.061 405.303 438.184
threshold=0 1.0000000180025095e-35 1.0000000180025095e-35 1.0000000180025095e-35 1 1.0000000180025095e-35 1.0000000180025095e-35 2 7.5000000000000009 3 1.0000000180025095e-35 4 11.500000000000002 1.0000000180025095e-35 1.0000000180025095e-35 1.0000000180025095e-35 1.0000000180025095e-35 5 1.0000000180025095e-35 1.0000000180025095e-35 6.5000000000000009 6 175.00000000000003 1.0000000180025095e-35 7 8 175.00000000000003 17.500000000000004 16.500000000000004 1.0000000180025095e-35
decision_type=9 2 2 2 1 2 2 9 2 9 2 9 2 2 2 2 2 9 2 2 2 9 2 2 9 9 2 2 2 2
left_child=1 13 3 4 6 14 8 -4 9 15 17 12 -12 18 -5 -2 -10 -11 19 22 -21 28 -1 -24 -7 26 -6 -27 -20 -30
right_child=2 -3 7 5 25 24 -8 -9 16 10 11 -13 -14 -15 -16 -17 -18 -19 21 20 -22 -23 23 -25 -26 27 -28 -29 29 -31
leaf_value=0.0050862833069455025 -0.035592308046503422 0.039149727838424922 0.01230692575049748 -0.0011334085239656404 -0.034271360972017897 0.0077604479929206096 0.0043759037677894774 -0.046815184445379909 -0.012281131844088288 0.040116249926315906 -0.013328254458212089 -0.0021125235425472639 -0.038211854331033343 -0.023596300488561945 -0.029019121835389475 -0.010821660127815144 0.013583200835333814 -0.0024022029874644049 0.019588626903342263 0.0079679002307837931 -0.013243492348693037 -0.0067241500981575766 0.036069939752863087 0.0029876109858933009 0.02486742782607575 -0.016762674703832591 0.016877557491776014 -0.0029364866844173972 0.015178444961226707 -0.027058752331261413
leaf_weight=196933.25150700883 4685.2570352584298 7573.1328442228842 500.56708779756445 10658.580232381108 5225.1011107101076 8666.6803306274815 31083.231667643646 4255.9773940081941 2902.2638365090825 708.06634304861655 5968.097975697543 8161.3069700419146 5064.4362098316924 1820.1973595043528 2192.8086171805189 4453.7958242020395 6857.8039484152105 51099.785478060687 13268.647860530735 4037.4031528409105 9351.91666958516 2529.6545482177753 2492.1940978883067 2117.511820868589 6134.45166344475 50692.0978163041 617.92084882198833 8084.1523514043656 1488.7511468892917 1044.3503498255741
leaf_count=472030 91387 44774 4854 72821 224310 37120 99523 331864 23888 2269 59947 79907 142138 26684 115456 88923 22263 310938 23150 13720 123118 14902 10061 7820 13805 981673 16977 232791 2937 6905
internal_value=0 0.00616871 -0.006866 -0.00611236 -0.00780112 0.00522236 -0.00335364 -0.0406642 -0.00602658 -0.00747812 -0.00541197 -0.0151276 -0.0247302 0.0051064 -0.00589283 -0.0234968 0.00589141 -0.00181334 0.00533044 0.00468158 -0.006847 0.0129376 0.00544751 0.0208763 0.0148736 -0.0161248 -0.028811 -0.0148586 0.0160797 -0.00223509
internal_weight=460669 242657 218012 213256 185603 27652.5 120984 4756.54 89900.8 80140.7 71001.7 19193.8 11032.5 235084 12851.4 9139.05 9760.07 51807.9 233264 214932 13389.3 18331.4 201543 4609.71 14801.1 64619.3 5843.02 58776.3 15801.7 2533.1
internal_count=3698955 746101 2952854 2616136 2376934 239202 921183 336718 821660 775509 595199 281992 202085 701327 188277 180310 46151 313207 674643 626749 136838 47894 489911 17881 50925 1455751 241287 1214464 32992 9842
cat_boundaries=0 39 40 80 120 159 165 189 190 227
cat_threshold=0 0 4 0 20480 0 0 0 0 131072 0 0 0 0 0 0 0 0 0 0 0 0 0 224 0 0 0 0 0 0 0 0 0 41943040 4194816 67108864 0 1 2147483648 3075 0 0 0 0 0 0 0 0 0 0 0 0 0 0 0 0 0 0 0 0 0 0 0 0 0 0 0 0 0 0 0 0 0 0 0 512 0 0 0 65536 0 0 0 0 0 0 0 0 0 0 0 0 0 0 0 0 0 0 0 0 0 0 0 0 0 0 0 0 0 0 0 0 0 0 0 0 0 8192 0 262144 0 0 0 0 0 0 0 0 0 0 0 0 0 0 0 0 0 0 0 0 0 0 0 0 0 0 0 0 0 0 0 0 0 0 0 0 1 0 33280 0 0 4096 0 0 8388608 0 0 4 0 0 0 0 0 0 0 0 0 0 0 0 0 0 0 0 0 0 0 0 128 532480 8192 0 0 0 0 0 0 0 0 0 8388608 0 0 0 0 0 0 0 0 0 0 0 0 0 0 0 0 0 0 0 0 0 0 0 0 0 16
is_linear=0
shrinkage=0.05


Tree=35
num_leaves=31
num_cat=6
split_feature=159 169 223 171 172 164 167 213 210 206 186 173 164 222 162 169 173 177 164 173 194 180 222 161 173 181 211 204 173 164
split_gain=4885.15 3147.58 2457.71 2008.66 2211.8 1123 1306.27 935.945 728.249 819.067 715.161 1100.33 582.087 770.814 751.754 577.304 552.677 552.403 493.562 466.095 464.159 612.455 680.215 627.951 457.542 453.522 449.216 531.128 552.807 448.998
threshold=0 1.0000000180025095e-35 1.0000000180025095e-35 1.0000000180025095e-35 1.0000000180025095e-35 1 1.0000000180025095e-35 1.5000000000000002 1.5000000000000002 1.0000000180025095e-35 1.0000000180025095e-35 9.5000000000000018 2 1.0000000180025095e-35 3.0000000000000004 1.0000000180025095e-35 11.500000000000002 1.0000000180025095e-35 3 8.5000000000000018 1.0000000180025095e-35 1.0000000180025095e-35 1.0000000180025095e-35 4 6.5000000000000009 55.000000000000007 7.5000000000000009 1.0000000180025095e-35 6.5000000000000009 5
decision_type=1 2 2 2 2 9 2 2 2 2 2 2 9 2 2 2 2 2 9 2 2 2 2 9 2 2 2 2 2 9
left_child=1 12 3 4 -2 6 -6 8 9 10 26 -12 13 14 16 18 -1 -11 -5 -16 21 22 23 -14 -25 -23 27 28 -7 -17
right_child=2 -3 -4 15 5 7 -8 -9 -10 17 11 -13 20 -15 19 29 -18 -19 -20 -21 -22 25 -24 24 -26 -27 -28 -29 -30 -31
leaf_value=0.0089352281611654212 -0.016086366049109912 0.038396185908723325 -0.035138868809363698 -0.042269330051342514 0.016608798460301718 0.00038629613533159825 -0.03320059667441487 -0.022562414542190688 0.020552474515588542 0.0041917866402837569 0.025427825824608327 -0.0085167684143977063 0.039322115130557549 -0.049306361733098471 0.053730231511972017 -0.035337414553650005 0.0012593748012326071 -0.0255305755101095 -0.018667641491799853 0.017187192351017382 0.010289168206006607 0.014889568179872775 0.025803815249353729 0.0011128689356141835 -0.013258918246243246 0.00085721173126896723 0.0053327148272003452 -0.020186231355308004 -0.0077249659608923001 -0.0065105435848768559
leaf_weight=74810.052852110879 25140.815485348983 7244.9604653612769 6347.4212518418208 2808.354169196522 14892.908279479889 31849.977732517887 1443.3748358968296 5112.619316823635 3881.1784294033423 58840.367239165789 5042.1684685545042 4533.1927104889182 682.11168257688405 603.58953853478306 1250.9335577324964 1491.7239682377258 34161.024937910144 1605.3859508476453 10802.82615173528 2887.380677281064 11861.610554138373 7661.8663676439319 1604.9915440060431 7924.2185293821967 18384.460363984283 23172.726755990763 9781.3331590050366 6103.3509352075635 61687.014924577219 13617.83695798667
leaf_count=131194 490564 44774 363402 142453 45401 145200 96054 79100 7055 200250 9978 17438 2269 6404 3571 48011 71042 5956 445046 8937 42167 24587 3525 34947 168569 74936 46151 71535 719572 148867
internal_value=0 0.0060674 -0.00440209 -0.00364783 -0.00209041 -0.000372004 0.0121993 -0.00146248 -0.000874031 -0.00133755 -0.00374515 0.00935756 0.00480158 0.00702204 0.00732351 -0.0161148 0.00652901 0.0034021 -0.0235838 0.0282398 0.00125861 -0.000543557 -0.00581431 -0.0076951 -0.00892659 0.00434436 -0.00489184 -0.00589561 -0.00496299 -0.00938564
internal_weight=457232 192250 264982 258634 229914 204773 16336.3 188437 183324 179443 118997 9575.36 185005 113713 113109 28720.7 108971 60445.8 13611.2 4138.31 71292 59430.4 28595.8 26990.8 26308.7 30834.6 109422 99640.3 93537 15109.6
internal_count=3698955 616922 3082033 2718631 1934254 1443690 141455 1302235 1223135 1216080 1009874 27416 572148 221148 214744 784377 202236 206206 587499 12508 351000 308833 209310 205785 203516 99523 982458 936307 864772 196878
cat_boundaries=0 1 25 49 73 79 90
cat_threshold=9728 0 0 0 0 0 0 0 0 0 0 8388608 0 0 0 0 0 0 0 0 0 0 0 0 128 0 0 0 0 4096 0 0 0 0 131072 0 0 0 0 0 0 0 0 0 0 0 0 0 32 0 0 0 0 16384 0 0 0 0 0 8388608 0 0 0 0 0 0 0 0 0 0 0 0 32 0 0 4096 0 0 8388608 0 0 0 0 0 0 0 0 0 131072 8388608
is_linear=0
shrinkage=0.05


Tree=36
num_leaves=31
num_cat=3
split_feature=159 169 223 171 159 195 176 173 213 176 182 182 173 173 173 169 161 176 183 183 221 170 185 165 222 176 205 216 216 191
split_gain=4413.37 2720.14 2160.4 2108.53 2162.92 1256.13 903.162 885.288 877.128 786.494 731.6 667.849 648.582 636.219 631.854 524.569 431.859 423.022 536.659 457.969 613.339 411.207 593.444 480.7 742.294 529.292 408.124 402.246 395.779 392.384
threshold=0 1.0000000180025095e-35 1.0000000180025095e-35 1.0000000180025095e-35 1 1.0000000180025095e-35 1.0000000180025095e-35 17.500000000000004 1.5000000000000002 1.0000000180025095e-35 1.0000000180025095e-35 1.0000000180025095e-35 17.500000000000004 11.500000000000002 7.5000000000000009 1.0000000180025095e-35 2 1.0000000180025095e-35 1.0000000180025095e-35 1.0000000180025095e-35 1.0000000180025095e-35 1.0000000180025095e-35 1.0000000180025095e-35 145.00000000000003 1.0000000180025095e-35 1.0000000180025095e-35 1.0000000180025095e-35 1.5000000000000002 1.0000000180025095e-35 1.0000000180025095e-35
decision_type=1 2 2 2 1 2 2 2 2 2 2 2 2 2 2 2 9 2 2 2 2 2 2 2 2 2 2 2 2 2
left_child=1 7 3 4 6 8 14 21 10 -10 12 -9 28 17 -2 27 -14 19 -19 -12 -21 22 23 -1 25 -25 -18 -5 -6 -17
right_child=2 -3 -4 15 5 -7 -8 11 9 -11 13 -13 16 -15 -16 29 26 18 -20 20 -22 -23 -24 24 -26 -27 -28 -29 -30 -31
leaf_value=0.0066281504801726891 -0.019499273345772811 0.03761087942246856 -0.032906777685865835 -0.02417866874225259 -0.0023808206217824702 0.014186633290724393 -0.031218321206660949 0.0010409505353111126 -0.03925540339367023 0.00071482355909889105 0.031592234730210542 -0.020266426128155362 0.033782564221720261 -0.0018959063101125506 -0.00078747527234217056 -0.0067885273720347241 0.0025718337578872486 -0.024484331468931954 0.017042166446051953 -0.014238605938365604 0.02888873106371628 0.014620457661011443 -0.004496876013598947 0.051667200571813413 -0.038624590526447837 0.010591912705418836 0.028190344359720551 0.041037486851804424 -0.026768992253364848 -0.034382999983539081
leaf_weight=91091.719246997207 8653.0039817807265 6941.9506600562017 6101.071761894098 13138.949967787339 170542.66313636105 14553.917897982465 6714.7975209298602 14530.91631901759 2798.7658274125424 2195.9386074647773 5065.4709616408218 4922.9506435203366 1247.0509980733041 8357.2621530432953 9426.963533289716 13629.940894038882 30015.062742867565 1269.2603552530054 2008.4171473006718 1624.037052730564 1673.1755899256095 15940.695867432165 11933.606912174495 1764.6660972523969 402.4802902644733 1412.5901903107297 1639.1193623436266 240.28156474576099 1679.4821021812386 1422.4617905319028
leaf_count=170345 116738 44774 363402 583324 1044940 50925 225442 35918 42197 36903 9867 59128 4367 24730 148384 150096 288264 4048 3803 4622 5133 37631 93144 5331 4175 3122 3540 4175 83705 46782
internal_value=0 0.00705089 -0.00345467 -0.00285152 -0.00148508 -5.86942e-05 -0.0155536 0.00555724 -0.000959709 -0.021683 -0.000499856 -0.00435117 -0.00138986 0.00862886 -0.00974344 -0.0158017 0.00504258 0.0161854 0.00095848 0.0221524 0.00764597 0.00713023 0.0060101 0.00733461 0.0253066 0.0334115 0.00389776 -0.0230056 -0.00261876 -0.00939761
internal_weight=452939 148942 303997 297896 269464 244670 24794.8 142000 230116 4994.7 225121 19453.9 205123 19997.6 18080 28431.6 32901.2 11640.4 3277.68 8362.68 3297.21 122546 106605 94671.5 3579.74 3177.26 31654.2 13379.2 172222 15052.4
internal_count=3698955 453568 3245387 2881985 2097608 1607044 490564 408794 1556119 79100 1477019 95046 1424816 52203 265122 784377 296171 27473 7851 19622 9755 313748 276117 182973 12628 8453 291804 587499 1128645 196878
cat_boundaries=0 1 2 36
cat_threshold=1536 20480 0 0 0 0 0 8388608 0 0 0 0 0 0 0 0 0 0 0 0 0 0 0 0 0 0 0 0 0 0 0 0 0 0 0 32768
is_linear=0
shrinkage=0.05


Tree=37
num_leaves=31
num_cat=12
split_feature=160 223 166 160 180 160 164 170 196 163 164 164 160 216 161 211 173 160 160 161 173 170 165 173 173 166 173 173 193 163
split_gain=7024.09 1798.29 1770.53 1605.47 1465.87 1009.25 761.278 879.585 802.827 675.256 658.786 584.265 579.345 573.069 496.22 499.015 625.276 1196.36 567.164 449.492 429.633 401.217 1015.93 594.944 394.629 384.023 441.315 382.844 380.182 362.788
threshold=0 1.0000000180025095e-35 125.00000000000001 1 1.0000000180025095e-35 2 3 1.0000000180025095e-35 4 4.5000000000000009 5 6 7 1.0000000180025095e-35 8 7.5000000000000009 7.5000000000000009 9 10 11 3.5000000000000004 1.0000000180025095e-35 75.000000000000014 6.5000000000000009 15.500000000000002 60.000000000000007 2.5000000000000004 14.500000000000002 1.0000000180025095e-35 4.5000000000000009
decision_type=9 2 2 9 2 9 9 2 1 2 9 9 9 2 9 2 2 9 9 9 2 2 2 2 2 2 2 2 2 2
left_child=2 4 3 10 5 11 -7 8 14 -4 -1 24 20 -9 -8 16 17 -16 -18 -20 -3 22 28 -24 29 -23 -27 -28 -5 -2
right_child=1 12 9 21 -6 6 7 13 -10 -11 -12 -13 -14 -15 15 -17 18 -19 19 -21 -22 25 23 -25 -26 26 27 -29 -30 -31
leaf_value=-0.028266169894489518 0.026336985256549268 -0.060861880452575526 0.021186077859390254 0.0052362409336860361 0.0035492271287139339 -0.039433067139525033 0.038207773784231118 0.0082274474944697626 -0.013520858308199629 -0.0026330750360857285 -0.0049119664242707082 -0.029297156070269916 -0.0453545550610302 -0.030303648972334923 0.0034831039518549833 0.0050232838398627131 -0.019022530225976164 -0.018760986456612002 -0.038912573512919962 -0.0055459015173340964 0.043035456046047103 -0.0066837952148837438 0.0070580616200273923 -0.016663827490063367 -0.055409117817646715 -0.032135152427398929 0.021021209784507829 0.0018035207112004296 0.041852898753946995 -0.011736384564129065
leaf_weight=4466.8500761236064 1015.4938466707536 139.43264608550817 21942.625785903903 186377.92465761822 30542.359063704382 1810.1052271945227 640.43618333325139 12483.256187847641 45352.863826231289 3441.6928530549485 9321.9788798602531 8555.1788640620071 3870.7764716419042 1045.3063832179032 25159.592649262631 9741.7794480624725 14564.789795516175 7944.8018730683834 1039.7144933714881 26541.151355959853 343.8229797007516 2310.0002699851757 3812.0549172563478 8615.6033366719494 325.56326252565486 476.96301830559969 11525.401362930308 3344.1514834163245 711.13941405969672 1628.0240200365661
leaf_count=116804 4315 1831 121690 458796 99523 117349 2269 39854 885395 69142 95315 331689 331890 61565 94170 46151 256910 59967 8364 245183 3023 13871 13141 118375 18356 1349 19221 11539 2139 49769
internal_value=0 -0.0072112 0.00542211 0.00404468 -0.00647726 -0.00841735 -0.00729347 -0.00688803 -0.00814215 0.0179564 -0.0124936 -0.0226599 -0.0389782 0.0052489 -0.00529115 -0.00562366 -0.00700284 -0.00185997 -0.0110422 -0.00681823 0.0127523 0.00509512 0.00445597 -0.00938699 -0.00349769 0.0123197 0.0151806 0.0166997 0.00537556 0.00288963
internal_weight=449091 192744 256346 230962 188390 157848 146324 144514 130985 25384.3 13788.8 11524.3 4354.03 13528.6 85632.3 84991.8 75250.1 33104.4 42145.7 27580.9 483.256 217173 199517 12427.7 2969.08 17656.5 15346.5 14869.6 187089 2643.52
internal_count=3698955 2657573 1041382 850550 2320829 2221306 1817177 1699828 1598409 190832 212119 404129 336744 101419 713014 710745 664594 154137 510457 253547 4854 638431 592451 131516 72440 45980 32109 30760 460935 54084
cat_boundaries=0 39 44 84 95 96 120 131 171 177 216 255 289
cat_threshold=32 0 4 0 20480 0 0 0 0 131072 0 0 0 0 0 0 0 0 0 0 0 0 0 224 0 0 0 0 0 0 0 0 0 41943040 4194816 0 0 1 2147483648 32 0 0 0 4096 8192 0 0 0 0 0 0 0 0 0 8388608 0 0 0 0 0 0 0 0 0 0 0 0 0 0 0 0 0 0 0 0 0 0 0 0 0 16 0 0 262144 0 0 0 0 16384 0 0 0 0 131072 8388608 3075 0 0 0 0 16384 0 0 0 0 131072 0 0 0 0 0 0 0 0 0 0 0 0 0 32 0 0 4 0 0 0 0 0 0 131072 8388608 0 0 0 0 0 0 0 0 0 0 0 0 0 0 0 0 0 0 0 0 0 0 0 0 0 0 0 0 0 0 0 0 0 0 0 512 0 0 0 65536 0 0 4096 0 0 8388608 0 0 0 0 0 0 0 0 0 0 0 0 0 0 0 0 0 0 0 0 0 0 0 0 0 0 0 0 0 0 0 0 0 1073741824 0 0 1 0 33280 0 0 0 0 0 0 0 0 0 0 0 0 0 0 0 0 0 0 0 0 0 0 0 0 0 0 0 0 0 0 0 0 0 0 0 0 0 8192 33280 0 0 0 0 0 0 0 0 0 0 0 0 0 128 0 0 0 0 0 0 0 0 0 0 0 0 0 0 0 0 0 0 0 16384
is_linear=0
shrinkage=0.05


Tree=38
num_leaves=31
num_cat=6
split_feature=160 223 166 160 180 169 160 159 176 191 160 173 170 218 167 173 221 161 189 195 191 170 165 173 166 173 166 193 173 173
split_gain=6447.18 1637.74 1438.57 1481.01 1364.21 1124.84 1025.84 763.773 778.547 603.771 564.019 553.04 552.691 539.837 537.096 476.03 473.23 470.106 453.016 421.727 468.443 404.401 977.039 558.937 402.237 374.218 360.746 336.82 324.827 338.144
threshold=0 1.0000000180025095e-35 125.00000000000001 1 1.0000000180025095e-35 1.0000000180025095e-35 2 3 1.0000000180025095e-35 1.0000000180025095e-35 4 7.5000000000000009 1.0000000180025095e-35 1.0000000180025095e-35 1.0000000180025095e-35 8.5000000000000018 1.0000000180025095e-35 5 1.0000000180025095e-35 1.0000000180025095e-35 1.0000000180025095e-35 1.0000000180025095e-35 75.000000000000014 6.5000000000000009 75.000000000000014 20.500000000000004 60.000000000000007 1.0000000180025095e-35 16.500000000000004 2.5000000000000004
decision_type=9 2 2 9 2 2 9 1 2 2 9 2 2 2 2 2 2 9 2 2 2 2 2 2 2 2 2 2 2 2
left_child=2 4 3 16 6 -4 19 8 11 12 15 -8 17 -7 -14 -3 18 -9 -1 20 -2 22 27 -24 -19 -10 -23 -5 29 -28
right_child=1 10 5 21 -6 13 7 9 25 -11 -12 -13 14 -15 -16 -17 -18 24 -20 -21 -22 26 23 -25 -26 -27 28 -29 -30 -31
leaf_value=-0.022665086994594706 -0.024512552291385659 -0.032091063442006629 0.0068285983909224315 0.0051925507894304661 0.0036185884665231277 0.029359330983453325 -0.018913593422104011 0.037048498161690264 -0.035046016293114664 -0.038655412591625596 -0.044765664690201878 -0.0011721672730317457 0.0074020306248439964 -0.055822238186077046 -0.030129324472336069 0.039035874391139674 0.014731642259008729 -0.005434303081787599 -0.0026254916465475852 -0.048824008695944471 0.0023373806909840118 -0.0060485277955433063 0.0067149601674333041 -0.016342730968631574 -0.016548327342370134 -0.0016046523782989866 -0.025583975225385847 0.040398658991828616 -0.0016527728013201615 0.019832297100849588
leaf_weight=7616.8093072422489 7855.5336920036643 548.06651051738299 13592.288895936334 181389.05340028333 30300.823007881292 11500.92148765389 8345.5098807917384 617.77375364306499 5440.5500877574523 1339.2443485046824 3727.5900323524547 9274.5792281104659 12639.722197508439 188.57269996084506 1030.4644546312338 411.33742647903273 1476.7988345448975 99863.780019441707 4479.3023218698218 1342.6957957775157 2047.4161126120016 2314.2296253066161 3800.8972275035339 8515.2265350905363 8863.8924431956548 988.98096303999773 423.41305534169078 681.47249796660617 2419.9623343340354 12342.169731700182
leaf_count=150417 291881 8569 110854 423887 99523 76139 116738 2269 192860 99225 331864 148384 42081 3839 62150 4492 6417 930786 55285 75259 36989 13871 13141 118375 216830 32582 1349 2139 9667 21093
internal_value=0 -0.00682773 0.00530009 0.00403204 -0.00610754 0.01661 -0.00795355 -0.00684849 -0.0150047 -0.00526995 -0.0360247 -0.00957573 -0.00490672 0.0279824 0.00457154 -0.0015699 -0.0119738 -0.00609174 -0.0152451 -0.022509 -0.018961 0.00505771 0.00440248 -0.00922647 -0.0063399 -0.0299034 0.0123382 0.00532446 0.0151407 0.0183246
internal_weight=445379 194638 250741 225459 189951 25281.8 159650 148404 24049.6 124355 4686.99 17620.1 123016 11689.5 13670.2 959.404 13572.9 109345 12096.1 11245.6 9902.95 211886 194387 12316.1 108728 6429.53 17499.8 182071 15185.5 12765.6
internal_count=3698955 2692482 1006473 815641 2347557 190832 2248034 1843905 490564 1353341 344925 265122 1254116 79978 104231 13061 212119 1149885 205702 404129 328870 603522 557542 131516 1147616 225442 45980 426026 32109 22442
cat_boundaries=0 40 45 85 86 122 128
cat_threshold=32 0 4 0 20480 0 0 0 0 131072 0 0 0 0 0 0 0 0 0 0 0 0 0 224 0 0 0 0 0 0 0 0 0 41943040 4194304 0 0 1 2147483648 65536 32 0 0 0 4096 8192 0 0 0 0 0 0 0 0 0 8388608 0 0 0 0 0 0 0 0 0 0 0 0 0 0 0 0 0 0 0 0 0 0 0 0 0 16 0 0 262144 20480 0 0 0 0 0 0 0 0 0 0 0 0 0 0 0 0 0 0 0 0 0 0 0 0 0 0 0 0 0 0 0 0 0 0 512 67109376 0 0 4096 0 0 8388608
is_linear=0
shrinkage=0.05


Tree=39
num_leaves=31
num_cat=10
split_feature=160 169 223 160 190 167 196 164 180 160 164 163 211 176 160 160 173 176 167 214 198 176 173 195 161 176 173 160 163 194
split_gain=5956.88 2362.59 1600.63 1228.76 1584.44 2076.86 1583.12 684.332 613.12 585.917 530.17 657.632 496.664 473.09 1339.33 1079.97 610.722 450.061 449.419 373.236 444.812 357.237 354.935 348.473 337.868 313.624 519.751 313.534 495.944 509.679
threshold=0 1.0000000180025095e-35 1.0000000180025095e-35 1 1.0000000180025095e-35 1.0000000180025095e-35 2 3 1.0000000180025095e-35 4 5 4.5000000000000009 8.5000000000000018 1.0000000180025095e-35 6 7 12.500000000000002 1.0000000180025095e-35 1.5000000000000002 165.00000000000003 1.0000000180025095e-35 1.0000000180025095e-35 17.500000000000004 1.0000000180025095e-35 8 1.0000000180025095e-35 10.500000000000002 9 4.5000000000000009 1.0000000180025095e-35
decision_type=9 2 2 9 2 2 1 9 2 9 9 2 2 2 9 9 2 2 2 2 2 2 2 2 9 2 2 9 2 2
left_child=1 27 3 10 6 17 8 22 12 -4 11 -2 13 14 -5 16 -15 23 19 20 -9 -14 -8 -6 -16 26 -22 28 29 -1
right_child=2 -3 9 4 5 -7 7 18 -10 -11 -12 -13 21 15 24 -17 -18 -19 -20 -21 25 -23 -24 -25 -26 -27 -28 -29 -30 -31
leaf_value=0.00029941433638467138 0.021198745233061443 0.03574746475481233 0.014962687641743154 -0.027573231747183263 -0.021960714804161049 -0.043563840063049586 -0.044545539095373066 -0.010668552763509254 0.0033927596518325957 -0.044109080739471784 -0.029537556669202897 -0.022586811137739891 -0.010299790782358403 -0.014341303808536815 0.036080844624010948 -0.0020107297202973744 -0.038997767560221004 0.018587322999182729 0.046483374302873401 0.066378469960689329 -0.030045129537485418 0.013669977355519983 0.00071489892694557439 0.0083152303164484194 -0.0014394476053218167 -0.042616691309059485 0.010438092660951685 0.0055660234574207565 -0.007300143188895868 0.014045968790593999
leaf_weight=23742.677633344079 1369.6318893932621 6267.7930427363608 475.11304236750584 5235.4486143612303 1229.3677519052144 1740.8294603891409 2416.8629102179111 49692.115609121538 30081.670715146931 3581.7703681832354 7346.6659722110489 2291.5987780918658 2142.4226747810608 6493.7260526603204 597.19172484369483 12146.15177069942 4096.8700721704372 13045.268675368105 330.56274977739668 151.17761169973528 2504.2367636593117 5658.5863597888965 527.4421216253977 4181.9976432898548 47467.679386312622 1823.1996654532268 1159.5002955354284 181920.96767923105 13057.454067682644 9417.4512884241121
leaf_count=122168 9383 44774 4854 63066 14838 115440 144973 845584 99523 331864 301179 93567 17019 72933 2269 118735 129152 45605 3408 433 47477 16572 41514 18192 293139 96695 25440 425139 136838 17182
internal_value=0 0.00546372 -0.00616364 -0.00554459 -0.00461551 0.00863412 -0.00616695 -0.012844 -0.00273055 -0.0372606 -0.0217853 -0.00618812 -0.00492803 -0.00616073 -0.00358464 -0.0121993 -0.0238588 0.0135587 -0.0115958 -0.0119454 -0.0121607 0.00708618 -0.0363138 0.00143475 -0.000965387 -0.0256708 -0.017232 0.00463186 0.000953281 0.00420373
internal_weight=442193 234406 207787 203730 192722 20197.5 172525 58605.1 113920 4056.88 11007.9 3661.23 83838.1 76037.1 53300.3 22736.7 10590.6 18456.6 55660.8 55330.2 55179.1 7801.01 2944.31 5411.37 48064.9 5486.94 3663.74 228139 46217.6 33160.1
internal_count=3698955 746101 2952854 2616136 2212007 194075 2017932 1205524 812408 336718 404129 102950 712885 679294 358474 320820 202085 78635 1019037 1015629 1015196 33591 186487 33030 295408 169612 72917 701327 276188 139350
cat_boundaries=0 39 79 80 91 131 155 195 234 240 279
cat_threshold=0 0 4 0 20480 0 0 0 0 131072 0 0 0 0 0 0 0 0 0 0 0 0 0 224 0 0 0 0 0 0 0 0 0 41943040 4194816 67108864 0 1 2147483648 8192 0 0 0 0 0 0 0 0 0 8388608 0 0 0 0 0 0 0 0 0 0 0 0 0 0 0 0 0 0 0 0 0 0 0 0 0 16 0 0 262144 3075 0 0 0 0 16384 0 0 0 0 131072 8388608 0 0 0 0 0 0 0 0 0 0 0 0 0 0 0 0 0 0 0 0 0 0 0 0 0 0 0 0 0 0 0 0 0 0 0 512 0 0 0 65536 0 0 4 0 0 0 0 0 0 131072 8388608 0 0 0 0 0 0 0 0 0 0 0 0 32 0 0 0 0 0 0 0 0 0 0 0 0 0 0 0 0 0 0 0 0 0 0 0 0 0 0 0 0 0 0 0 0 0 0 0 512 0 8192 0 65536 0 0 0 0 0 0 0 0 0 0 0 0 0 0 0 0 0 0 0 0 0 0 0 0 0 0 0 0 0 0 0 0 0 0 0 0 1 0 33280 0 0 4096 0 0 8388608 0 0 0 0 0 0 0 0 0 0 0 0 0 0 0 0 0 0 0 0 0 0 0 128 0 0 0 0 0 0 0 0 0 33554432 512 67108864 0 1 2147483648
is_linear=0
shrinkage=0.05


Tree=40
num_leaves=31
num_cat=6
split_feature=160 180 166 160 223 169 160 196 160 163 169 169 218 223 221 211 195 160 170 165 174 214 189 191 169 174 166 174 174 167
split_gain=5625.72 1366.64 1185.62 1274.05 1136.52 1016.04 902.542 717.943 640.661 575.462 589.958 560.306 440.366 439.591 397.682 389.54 388.743 372.72 366.071 790.607 485.604 365.365 364.083 349.188 580.948 337.183 337.123 331.516 328.565 343.887
threshold=0 1.0000000180025095e-35 125.00000000000001 1 1.0000000180025095e-35 1.0000000180025095e-35 2 3 4 4.5000000000000009 1.0000000180025095e-35 1.0000000180025095e-35 1.0000000180025095e-35 1.0000000180025095e-35 1.0000000180025095e-35 8.5000000000000018 1.0000000180025095e-35 5 1.0000000180025095e-35 75.000000000000014 130.00000000000003 165.00000000000003 1.0000000180025095e-35 1.0000000180025095e-35 1.0000000180025095e-35 350.00000000000006 60.000000000000007 170.00000000000003 330.00000000000006 1.0000000180025095e-35
decision_type=9 2 2 9 2 2 9 1 9 2 2 2 2 2 2 2 2 9 2 2 2 2 2 2 2 2 2 2 2 2
left_child=2 4 3 14 6 -4 16 21 27 10 15 -11 -7 18 22 17 23 -9 19 -5 -21 25 -1 -2 -25 -8 -20 -6 -28 -30
right_child=1 -3 5 13 8 12 7 9 -10 11 -12 -13 -14 -15 -16 -17 -18 -19 26 20 -22 -23 -24 24 -26 -27 28 -29 29 -31
leaf_value=-0.021069144199110185 -0.022903010782247896 0.0035577586581543325 0.0062578817607938306 0.0051880659825817394 -0.029835390501634806 0.027927537658192149 -0.015518690854475693 -0.012071503086031825 -0.04627211704620994 -0.026069745936657035 0.011270612654126353 -0.0053344772186954027 -0.052134395498865428 -0.039864660859759253 0.013342174046070602 0.0064082946944194683 -0.047649718493275685 -0.0037092306212239802 -0.0059648743595082654 0.0068180023343764858 -0.014799197049634125 0.064782329223380938 -0.0029099369147901847 0.021618519351154358 -0.033877607741589814 -0.00065027854116697648 0.017904932348148977 0.0099304701798992191 0.013378742648826672 -0.024946867299087704
leaf_weight=7320.4803406058199 7478.1104785001953 29635.261059238575 13516.349181123107 176101.36840067132 1054.2102106990496 10931.916533129348 27044.340290157852 16246.452028635715 2974.811473855254 5780.1709224306833 6495.9287857927848 7467.9811768068757 174.00748053222196 547.43009264266584 1471.9220800698968 7833.5516832485446 1245.5504347543174 74148.22786808791 2281.7681502950145 3780.6361552941962 8300.3436713234114 149.55375713435933 4432.1746453791857 1244.7471638497664 758.51129535958171 4439.8118669547403 12594.31822788209 1041.1925629198231 1440.172678048024 985.25776323629543
leaf_count=150417 291881 99523 110854 377587 22429 76139 512115 213357 298213 278556 30049 91358 3839 9034 6417 33591 75259 607068 13871 13141 118375 433 55285 24588 12401 107340 22442 33726 2854 6813
internal_value=0 -0.00632968 0.00506213 0.00389401 -0.00810163 0.0154655 -0.00736449 -0.00635835 -0.0314078 -0.00456373 -0.00332196 -0.0143823 0.0266704 0.00485966 -0.0111446 -0.00428708 -0.0213696 -0.00521402 0.00497917 0.0043392 -0.00803387 -0.0130472 -0.0142218 -0.0179369 0.000599829 -0.0134222 0.0119393 -0.0100281 0.0146597 -0.00218975
internal_weight=438917 195038 243878 219256 165403 24622.3 160333 149606 5070.21 117972 104724 13248.2 11105.9 206031 13224.6 98228.2 10726.9 90394.7 205484 188182 12081 31633.7 11752.7 9481.37 2003.26 31484.2 17301.5 2095.4 15019.7 2425.43
internal_count=3698955 2731887 967068 776236 2632364 190832 2277996 1873867 354368 1253979 884065 369914 79978 564117 212119 854016 404129 820425 555083 509103 131516 619888 205702 328870 36989 619455 45980 56155 32109 9667
cat_boundaries=0 40 45 85 86 126 165
cat_threshold=32 0 4 0 20480 0 0 0 0 131072 0 0 0 0 0 0 0 0 0 0 0 0 0 224 0 0 0 0 0 0 0 0 0 41943040 4194304 67108864 0 0 2147483648 65536 32 0 0 0 4096 8192 0 0 0 0 0 0 0 0 0 8388608 0 0 0 0 0 0 0 0 0 0 0 0 0 0 0 0 0 0 0 0 0 0 0 0 0 16 0 0 262144 536 0 0 0 0 0 0 0 0 0 0 0 0 0 0 0 0 0 0 0 0 0 0 0 0 0 0 0 0 0 0 0 0 0 0 512 512 0 1 0 262144 0 0 0 0 0 0 0 0 0 0 0 0 0 0 0 0 0 0 0 0 0 0 0 0 0 0 0 0 0 0 0 0 0 0 0 0 0 8192 512
is_linear=0
shrinkage=0.05


Tree=41
num_leaves=31
num_cat=6
split_feature=196 169 170 196 223 173 182 176 167 164 211 170 164 173 222 164 173 167 173 168 165 162 222 173 167 173 209 164 222 193
split_gain=4864.25 2130.86 1517.46 1085.56 1426.66 878.061 1058.97 1045.68 853.779 1036.04 467.675 449.88 680.261 608.718 775.734 412.172 891.342 705.361 540.056 1243.24 403.058 401.087 499.693 397.338 475.227 371.297 365.788 364.196 352.25 349.211
threshold=0 1.0000000180025095e-35 1.0000000180025095e-35 1 1.0000000180025095e-35 10.500000000000002 1.0000000180025095e-35 1.0000000180025095e-35 1.0000000180025095e-35 2 7.5000000000000009 1.0000000180025095e-35 3 6.5000000000000009 1.0000000180025095e-35 4 21.500000000000004 1.0000000180025095e-35 6.5000000000000009 1.0000000180025095e-35 95.000000000000014 4.5000000000000009 1.0000000180025095e-35 11.500000000000002 1.0000000180025095e-35 7.5000000000000009 2.5000000000000004 5 1.0000000180025095e-35 1.0000000180025095e-35
decision_type=1 2 2 1 2 2 2 2 2 9 2 2 9 2 2 9 2 2 2 2 2 2 2 2 2 2 2 9 2 2
left_child=1 11 3 4 5 6 -2 -8 9 -4 -7 12 13 -1 20 16 18 26 19 21 -15 -14 -23 24 -5 -11 29 -13 -20 -17
right_child=2 -3 8 23 -6 10 7 -9 -10 25 -12 27 15 14 -16 17 -18 -19 28 -21 -22 22 -24 -25 -26 -27 -28 -29 -30 -31
leaf_value=0.00875566516516668 -0.0019571156342358363 0.034312909441264715 0.013465893157921639 -0.015618008893794347 -0.029957489128863923 -0.012456280922183822 0.031610261152591836 -0.023662047969071738 -0.025507863402688114 -0.023930432965546811 0.005205860986929621 0.014333681985823724 0.0031303359679518842 -0.013155470153678239 0.024952617744696672 0.0021637452142826818 -0.039474458615723428 0.034639718215432928 0.014327279565193668 -0.054905250081424752 -0.041109515150001039 0.056403606682247878 -0.033273501529577164 -0.0079038573186787954 -0.04876523917080626 0.0014634178626826682 0.027073064979862661 -0.0065000429068543617 -0.048986921987544285 0.038749529890725089
leaf_weight=4561.6787810132955 52904.529206713603 5827.359858656564 18081.741568082711 36853.270218105637 5368.8358366934408 27776.445401211866 4472.3741101014894 1057.6387708070688 2121.7333238911524 2802.0466115403688 4331.8718565471936 15115.435504419554 12177.997049673228 8937.8359757814324 1218.8649192426819 171761.27115447057 949.20049519604072 1725.4183833594434 25851.818872331525 909.18442925182171 1506.9407377877505 727.6052665899042 197.03250819718232 20153.003434496975 1113.7783048828132 2958.8133804523968 1502.9506508582272 2432.9230517819233 221.05086630600272 654.23943533981219
leaf_count=15144 334361 44774 62743 740856 363402 461615 8899 3163 118107 27275 21965 32992 21185 123172 2528 526396 4958 2389 48857 4877 7832 2506 1639 613927 49482 31077 2614 14902 3179 2139
internal_value=0 0.00442452 -0.00629953 -0.00818476 -0.00491535 -0.00343078 0.000219042 0.0210371 0.00488176 0.0075868 -0.0100732 0.00372919 0.00314746 -0.00672475 -0.0127855 0.00388688 0.00839854 0.0028324 0.00953486 0.00161761 -0.0171908 0.00554203 0.0372811 -0.0135767 -0.0165912 -0.0108693 0.00251688 0.0114493 0.0137894 0.00230271
internal_weight=436275 256279 179996 154032 95911.7 90542.9 58434.5 5530.01 25964.3 23842.6 32108.3 250451 232903 16225.3 11663.6 216678 41033.9 175644 40084.7 14011.8 10444.8 13102.6 924.638 58120.1 37967 5760.86 173918 17548.4 26072.9 172416
internal_count=3698955 862083 2836872 2597670 1193405 830003 346423 12062 239202 121095 483580 817309 769415 148676 133532 620739 87201 533538 82243 30207 131004 25330 4145 1404265 790338 58352 531149 47894 52036 528535
cat_boundaries=0 1 2 26 50 74 98
cat_threshold=199 3072 0 0 0 0 0 0 0 0 0 0 8388608 0 0 0 0 0 0 0 0 0 0 0 0 160 0 0 4 0 0 0 0 0 0 0 0 0 0 0 0 0 0 0 0 0 0 0 0 64 0 0 0 0 4096 0 0 0 0 0 0 0 0 0 0 0 0 0 0 0 0 0 0 32 0 0 4 0 0 0 0 0 0 131072 0 0 0 0 0 0 0 0 0 0 0 0 0 64
is_linear=0
shrinkage=0.05


Tree=42
num_leaves=31
num_cat=9
split_feature=160 169 223 170 196 195 180 211 160 176 160 174 176 176 167 214 167 164 164 160 190 160 169 165 174 198 170 164 174 222
split_gain=5284.97 1842.82 1697.36 1211.1 1634.87 834.399 585.091 462.29 748.199 1080.86 530.347 544.966 474.982 444.999 395.272 360.298 344.432 1192.06 404.713 520.952 447.783 432.228 352.41 384.801 329.633 328.251 327.823 703.21 523.578 702.201
threshold=0 1.0000000180025095e-35 1.0000000180025095e-35 1.0000000180025095e-35 1 1.0000000180025095e-35 1.0000000180025095e-35 7.5000000000000009 2 1.0000000180025095e-35 3 230.00000000000003 1.0000000180025095e-35 1.0000000180025095e-35 1.0000000180025095e-35 165.00000000000003 1.0000000180025095e-35 4 5 6 1.0000000180025095e-35 7 1.0000000180025095e-35 205.00000000000003 430.00000000000006 1.0000000180025095e-35 1.0000000180025095e-35 8 130.00000000000003 1.0000000180025095e-35
decision_type=9 2 2 2 1 2 2 2 9 2 9 2 2 2 2 2 2 9 9 9 2 9 2 2 2 2 2 9 2 2
left_child=1 26 3 4 6 14 7 8 12 -10 11 -11 -2 -9 -5 16 18 -18 21 -20 25 22 -6 -24 -15 -21 27 28 -1 -30
right_child=2 -3 -4 5 15 -7 -8 13 9 10 -12 -13 -14 24 -16 -17 17 -19 19 20 -22 -23 23 -25 -26 -27 -28 -29 29 -31
leaf_value=0.008179282130553172 -0.0325314515977079 0.033510206445483498 -0.039443156116301753 -0.00083497485659924948 0.0072991879040028886 0.013180335529897742 0.0028455185934920068 -0.011842230617303447 -0.0011334336944742423 -0.012451669125621748 -0.0054041067180819538 -0.035603695354532325 -0.0087829162518846676 0.014456869060231496 -0.025492115434374477 0.062506110180143043 0.02646665222921778 -0.05536294086712612 -0.034463121559943237 -0.010499262016756612 0.0039841514543818308 -0.038401393892690566 -0.045622214012415015 0.061457818845049028 -0.034395076164024284 -0.02383499957157633 0.011064322182539752 0.0047783730890752097 -0.016067019966129751 0.024942164030794398
leaf_weight=4550.9752148021362 4239.8735830249352 5607.4443791561644 3697.1004131014633 9963.5484093377308 1303.5125755520712 13889.556680060603 29076.479700873897 2793.6609534039162 49795.001763639957 5637.1581059446908 7565.6597055448801 4631.0378242188744 4184.2578369148832 6460.1225086399354 1941.8175564527046 154.83101720875129 608.96354825003073 1612.2575182007859 2374.156302773612 38738.562151253122 4806.4581096295151 3048.2357117039792 766.53158883849392 93.729591430397704 364.28390860103536 5239.2378052375134 17484.990558579855 190344.50178668281 10229.180436392984 1161.9381200203206
leaf_count=15144 91387 44774 340116 72821 50126 50925 99523 23888 308424 59947 77835 142138 88923 19659 115456 433 11193 95682 136053 688211 48505 235910 18792 1234 2604 169612 47894 508214 131004 2528
internal_value=0 0.00520011 -0.00587622 -0.00525367 -0.00675663 0.00485482 -0.00328257 -0.00536287 -0.00666906 -0.00491571 -0.0154786 -0.0228729 -0.0207128 0.00496483 -0.00485798 -0.0135394 -0.0137432 -0.0330557 -0.0129819 -0.0116214 -0.0105025 -0.0262592 -0.00904868 -0.0339206 0.0118461 -0.0120884 0.00449083 0.00393361 -0.00615129 -0.0118826
internal_weight=432365 229379 202986 199289 173494 25794.9 114748 85671.1 76053 67628.9 17833.9 10268.2 8424.13 9618.07 11905.4 58746.5 58591.6 2221.22 56370.4 51158.4 48784.3 5212.01 2163.77 860.261 6824.41 43977.8 223772 206287 15942.1 11391.1
internal_count=3698955 749558 2949397 2609281 2370079 239202 914328 814805 768654 588344 279920 202085 180310 46151 188277 1455751 1455318 106875 1348443 1042381 906328 306062 70152 20026 22263 857823 704784 656890 148676 133532
cat_boundaries=0 40 41 81 120 125 136 147 148 172
cat_threshold=0 0 4 0 20480 0 0 0 0 131072 0 0 0 0 0 0 0 0 0 0 0 0 0 224 0 0 0 0 0 0 0 0 0 41943040 4194304 512 0 1 2147483648 65536 3075 0 0 0 0 0 0 0 0 0 0 0 0 0 0 0 0 0 0 0 0 0 0 0 0 0 0 0 0 0 0 0 0 0 0 0 0 0 8192 0 262144 0 0 0 0 0 0 0 0 0 0 0 0 0 0 0 0 0 0 0 0 0 0 0 0 0 0 0 0 0 0 0 0 0 0 0 0 1 0 33280 0 0 4 0 4096 0 0 0 0 20480 0 0 0 0 131072 8388608 8192 0 0 0 0 0 0 0 0 0 8388608 8192 0 0 4 0 0 0 0 0 0 0 0 0 0 0 0 0 0 0 0 0 0 0 0 64
is_linear=0
shrinkage=0.05


Tree=43
num_leaves=31
num_cat=9
split_feature=196 169 170 196 223 195 182 164 163 177 194 214 161 211 167 204 164 193 165 167 164 164 198 210 210 164 161 165 211 213
split_gain=4305.97 1796.42 1332.38 974.872 1249.99 816.207 628.197 453.511 426.925 616.315 387.035 384.301 362.111 361.572 358.402 333.797 323.803 310.902 305.421 304.39 1147.64 359.399 343.886 299.668 393.453 271.936 262.187 254.139 230.04 229.587
threshold=0 1.0000000180025095e-35 1.0000000180025095e-35 1 1.0000000180025095e-35 1.0000000180025095e-35 1.0000000180025095e-35 2 4.5000000000000009 1.0000000180025095e-35 1.0000000180025095e-35 165.00000000000003 3 7.5000000000000009 1.0000000180025095e-35 1.0000000180025095e-35 4 1.0000000180025095e-35 55.000000000000007 1.0000000180025095e-35 5 6 1.0000000180025095e-35 1.5000000000000002 1.0000000180025095e-35 7 8 45.000000000000007 5.5000000000000009 1.5000000000000002
decision_type=1 2 2 1 2 2 2 9 2 2 2 2 9 2 2 2 9 2 2 2 9 9 2 2 2 9 9 2 2 2
left_child=1 7 3 4 6 14 13 27 9 10 12 19 -9 15 16 -2 -4 23 -10 21 -21 -5 29 24 26 -7 -14 -1 -17 -23
right_child=2 -3 5 11 -6 25 -8 8 18 -11 -12 -13 17 -15 -16 28 -18 -19 -20 20 -22 22 -24 -25 -26 -27 -28 -29 -30 -31
leaf_value=0.024198725070303826 -0.0048581123220627987 0.032723130155899519 0.0081216698955941281 -0.025100094617063702 -0.028679512223170351 0.01443164696186983 0.0095435985161309456 -0.047623705000195388 0.039856878973758947 -0.024181258072047795 0.0127979647956177 0.061447599137809478 0.036773319000998402 0.004441733237447113 -0.024959375724756688 -0.028150682518608736 -0.0098988214972741215 0.037202783758959586 -0.0083553867715753828 0.025888354064294516 -0.0546681221755346 -0.0084850948429638518 -0.023380885160877798 0.016373203098263643 -0.011037513219562756 -0.017157191614536091 0.002215037547278473 0.005641702112624384 -0.0080329624068114468 -0.020243871166377006
leaf_weight=1876.6946681321715 65440.820499471389 5399.1619381246564 4773.1697747079015 5076.5204107217578 5115.396548244782 13125.888222935435 8643.8861430722172 353.09252972883405 336.92183763952926 2120.2809292351594 9320.0903246825328 172.67287274403498 541.43275513974368 9654.0681365574128 1901.011843983506 2675.7097486134735 5195.0935518150654 636.02846708439756 12382.073266830819 616.22016965196235 1526.7050460616301 39881.762634542902 5130.4006527975289 3588.4196668069344 5751.2532574991346 711.66840174008394 101911.30558515465 108328.32598503097 3032.7456258672755 4634.1562621386984
leaf_count=5016 684901 44774 25615 306062 363402 37047 27416 2796 2176 7295 17182 433 2153 46151 115456 36837 47206 2139 134662 11193 95682 742183 169612 6814 21705 13878 399239 216132 34698 79100
internal_value=0 0.00419308 -0.00597223 -0.00775739 -0.00464159 0.00455282 -0.00326719 0.0035699 0.00164798 0.00254145 0.00300563 -0.0129198 0.00219631 -0.00463773 -0.00506652 -0.00586979 -0.00127126 0.00235705 -0.00707635 -0.0131485 -0.0316346 -0.0124242 -0.0111204 0.0021588 0.00168729 0.0128041 0.0024017 0.00595733 -0.0174652 -0.00970952
internal_weight=429853 252545 177308 151601 94562.6 25706.8 89447.2 247146 136941 124222 122102 57038.4 112782 80803.3 11869.3 71149.3 9968.26 112428 12719 56865.8 2142.93 54722.8 49646.3 111792 108204 13837.6 102453 110205 5708.46 44515.9
internal_count=3698955 862083 2836872 2597670 1193405 239202 830003 817309 596161 459323 452028 1404265 434846 802587 188277 756436 72821 432050 136838 1403832 106875 1296957 990895 429911 423097 50925 401392 221148 71535 821283
cat_boundaries=0 1 2 26 40 64 69 80 104 110
cat_threshold=199 3072 0 0 0 0 4096 0 0 0 0 131072 0 0 0 0 0 0 0 0 0 0 0 0 0 32 0 0 0 0 0 0 0 0 0 0 0 0 0 128 0 0 0 0 0 0 0 0 0 0 8388608 0 0 0 0 0 0 0 0 0 0 0 0 160 0 0 4 0 4096 0 0 0 0 20480 0 0 0 0 131072 8388608 0 0 0 0 0 0 0 0 0 0 8388608 0 0 0 0 0 0 0 0 0 0 0 0 128 0 0 0 0 0 8388608
is_linear=0
shrinkage=0.05


Tree=44
num_leaves=31
num_cat=12
split_feature=160 170 180 160 223 195 172 176 160 164 164 167 167 222 165 173 160 160 214 159 164 160 170 210 194 167 176 173 164 164
split_gain=4750.57 1133.07 1330.62 922.132 986.679 803.963 769.953 956.055 550.455 539.985 503.218 545.638 467.499 389.137 724.87 358.846 526.34 344.253 331.057 449.794 330.882 329.159 450.703 485.377 379.054 317.674 301.223 458.725 282.08 279.163
threshold=0 1.0000000180025095e-35 1.0000000180025095e-35 1 1.0000000180025095e-35 1.0000000180025095e-35 1.0000000180025095e-35 1.0000000180025095e-35 2 3 4 1.0000000180025095e-35 1.0000000180025095e-35 1.0000000180025095e-35 145.00000000000003 17.500000000000004 5 6 135.00000000000003 7 8 9 1.0000000180025095e-35 1.5000000000000002 1.0000000180025095e-35 1.0000000180025095e-35 1.0000000180025095e-35 10.500000000000002 10 11
decision_type=9 2 2 9 2 2 2 2 9 9 9 2 2 2 2 2 9 9 2 1 9 9 2 2 2 2 2 2 9 9
left_child=6 2 3 15 8 25 7 13 9 -5 12 18 -10 -1 -15 -2 -17 -7 19 26 -11 -8 23 -23 -24 29 27 -12 -13 -3
right_child=1 5 -4 4 -6 17 21 -9 10 20 11 28 -14 14 -16 16 -18 -19 -20 -21 -22 22 24 -25 -26 -27 -28 -29 -30 -31
leaf_value=0.038051466866012684 -0.0022544217842588791 0.0070134973992857178 0.0029593628110145907 0.018302314423159518 -0.047391836303966796 -0.033396326778678265 0.0053341963223480929 0.0026563779851538202 -0.036933316748048076 -0.04814732684927104 -0.027686296849573147 0.049636327019554526 0.013465894050952732 0.026084969522704129 -0.048464080831999018 0.029277958591992222 -0.020251608151045999 0.013878762796095631 0.047533978107691374 -0.0079053128488354302 -0.022051753575176219 -0.0042367842384627048 -0.026968206423211613 0.014883115373978646 0.01245979653819119 -0.024194800841357 -0.040845171212402248 0.012374705340968226 -0.052074883307399178 -0.0097219024335308477
leaf_weight=4609.1413633524644 49000.323777968857 4778.5310450796096 28562.505140089896 681.83032131439541 1907.9763198366272 387.44955375485006 165762.57071748242 6194.0624831861933 2858.1022274630959 1608.5364059729909 2203.7020868756226 67.431221353879664 547.96305285519338 1771.576147924512 399.09067207598127 588.2586752975476 5318.0119366695144 13380.115035660914 260.55944236001233 75764.358548560165 5269.9564044777653 31012.04796895021 651.78042390174232 3716.5930023156106 9303.9520558045187 1862.1982617542963 1664.9350569701492 1056.8057776364731 957.6158690280281 5185.1196156954102
leaf_count=24096 393291 25615 99523 28622 213021 15428 362398 32296 234882 105755 47361 1219 12060 15884 4131 6422 142854 35497 1002 1068904 215685 239336 4636 7055 17182 115456 96695 24987 60456 47206
internal_value=0 -0.00551808 -0.00693038 -0.00881666 -0.0118016 0.00431954 0.00503628 0.016858 -0.0110719 -0.0240032 -0.00992272 -0.00913728 -0.0287385 0.0298309 0.0123684 -0.00365731 -0.0153003 0.0125326 -0.00867912 -0.00886099 -0.028219 0.00430766 0.000498138 -0.00219028 0.0098768 -0.00524178 -0.0234945 -0.0147002 -0.0453819 -0.00169793
internal_weight=427333 203912 178319 149756 94849.8 25593.4 223421 12973.9 92941.8 7560.32 85381.5 81975.4 3406.07 6779.81 2170.67 54906.6 5906.27 13767.6 80950.4 80689.8 6878.49 210447 44684.4 34728.6 9955.73 11825.8 4925.44 3260.51 1025.05 9963.65
internal_count=3698955 2991941 2752739 2653216 2110649 239202 707014 76407 1897628 350062 1547566 1300624 246942 44111 20015 542567 149276 50925 1238949 1237947 321440 630607 268209 246391 21818 188277 169043 72348 61675 72821
cat_boundaries=0 40 78 118 123 134 170 171 172 196 231 234 258
cat_threshold=0 0 4 0 20480 0 0 0 0 131072 0 0 0 0 0 0 0 0 0 0 0 0 0 224 0 0 0 0 0 0 0 0 0 41943040 4194816 67108864 0 0 2147483648 65536 0 0 0 0 0 0 0 0 0 0 0 0 0 0 0 0 0 0 0 0 0 0 0 0 0 0 0 0 0 0 0 0 0 1073741824 0 512 1 8193 8192 0 0 0 0 0 0 0 0 0 8388608 0 0 0 0 0 0 0 0 0 0 0 0 0 0 0 0 0 0 0 0 0 0 0 0 0 16 0 0 262144 0 0 4 0 4096 0 0 0 0 20480 0 0 0 0 131072 8388608 0 0 0 0 0 0 0 0 0 0 0 0 0 0 0 0 0 0 0 0 0 0 0 0 0 0 0 0 0 0 0 0 0 0 0 512 8192 4096 0 0 0 0 0 0 0 0 0 0 0 0 0 0 0 0 0 0 0 0 0 0 0 224 0 0 4 0 16384 0 0 0 0 131072 0 0 0 0 0 0 0 0 0 0 0 0 0 96 0 0 0 0 0 0 0 0 0 8388608 4194304 0 0 4 0 0 0 0 0 0 0 0 0 0 8388608 0 0 0 0 0 0 0 0 0 0 0 0 160
is_linear=0
shrinkage=0.05


Tree=45
num_leaves=31
num_cat=11
split_feature=160 170 180 160 195 162 176 173 160 161 160 164 223 164 167 167 173 160 211 176 204 164 160 160 170 210 194 192 190 214
split_gain=4459.49 1041.3 1284.42 850.898 798.522 675.944 907.317 663.793 794.928 521.729 413.829 483.298 480.254 405.124 465.962 435.66 388.882 522.905 347.393 452.862 414.271 314.871 309.746 306.95 439.633 435.236 336.109 291.355 287.774 287.374
threshold=0 1.0000000180025095e-35 1.0000000180025095e-35 1 1.0000000180025095e-35 3.0000000000000004 1.0000000180025095e-35 16.500000000000004 2 3 4 5 1.0000000180025095e-35 6 1.0000000180025095e-35 1.0000000180025095e-35 17.500000000000004 7 7.5000000000000009 1.0000000180025095e-35 1.0000000180025095e-35 8 9 10 1.0000000180025095e-35 1.5000000000000002 1.0000000180025095e-35 1.0000000180025095e-35 1.0000000180025095e-35 135.00000000000003
decision_type=9 2 2 9 2 2 2 2 9 9 9 9 2 9 2 2 2 9 2 2 2 9 9 9 2 2 2 2 2 2
left_child=5 2 3 7 -3 23 -7 18 -9 -5 11 -11 13 15 16 -12 28 -18 20 -20 -2 -13 -6 -1 25 -25 -26 -16 29 -15
right_child=1 4 -4 9 22 6 -8 8 -10 10 12 21 -14 14 27 -17 17 -19 19 -21 -22 -23 -24 24 26 -27 -28 -29 -30 -31
leaf_value=0.0051976987927170948 -0.0027769387268642251 -0.0054797267973110469 0.0030584144765030963 0.036435261355191199 0.006011508009183964 0.029026110105304904 0.0023212877938665623 -0.002193007568531343 -0.033250008251811562 0.016943171658317779 -0.036161605116740818 -0.052651528742856071 -0.052843298965664899 -0.012018622457662484 -0.051809029418913057 0.012301106948735466 -0.048023797055151383 0.0041866977999817177 -0.010538162851446375 0.014805630726854641 -0.019077353639185585 -0.02274198369615154 0.021330893161230238 -0.0041255110878034183 -0.025033383929968008 0.013978534226317963 0.012215153730786795 0.052285363432901556 0.0020943591341605755 0.049719290511687803
leaf_weight=165210.65446015575 46697.826086868037 11768.159648278612 28098.347302084847 541.62911897603772 8112.8486912322405 6556.3648510649509 6178.1972628295771 4131.340104359726 4116.6533644052979 675.59774891211418 2747.6307038559171 1041.9133770148619 685.74633129929134 55415.575551306159 911.35833024680323 557.44605295118527 501.75143907201709 7505.6576118556695 2556.2548116597463 5673.765721839387 4252.5776676413516 6072.3512797799194 5585.0424452390871 30659.446214066993 647.39662037871312 3722.3466471007559 9272.9570387653657 72.128562127705663 3988.1857982939691 188.61833716271212
leaf_count=362398 411955 188277 99523 2269 37120 44111 32296 48414 206547 28622 234882 72941 91742 883399 60456 12060 30392 159967 20740 15978 50301 282150 13805 239336 4636 7055 17182 1219 38559 623
internal_value=0 -0.00537892 -0.00674341 -0.00860017 0.0040721 0.00488645 0.0160712 -0.00444957 -0.0177385 -0.0120572 -0.0123888 -0.023348 -0.0112092 -0.0108132 -0.00998393 -0.0279012 -0.00948799 0.00085698 -0.00259802 0.00693305 -0.00413773 -0.0271942 0.0122786 0.00420679 0.000510117 -0.00216516 0.00978269 -0.044147 -0.0108781 -0.0118087
internal_weight=424146 201898 176432 148334 25466.1 222247 12734.6 67428.4 8247.99 80905.6 80364 7789.86 72574.1 71888.4 68583.3 3305.08 67599.8 8007.41 59180.4 8230.02 50950.4 7114.26 13697.9 209513 44302.1 34381.8 9920.35 983.487 59592.4 55604.2
internal_count=3698955 2991941 2752739 2653216 239202 707014 76407 753935 254961 1899281 1897012 383713 1513299 1421557 1174615 246942 1112940 190359 498974 36718 462256 355091 50925 630607 268209 246391 21818 61675 922581 884022
cat_boundaries=0 40 79 117 123 163 168 179 218 242 243 278
cat_threshold=0 0 4 0 20480 0 0 0 0 131072 0 0 0 0 0 0 0 0 0 0 0 0 0 224 0 0 0 0 0 0 0 0 0 41943040 4194816 67108864 0 0 2147483648 65536 0 0 0 0 0 0 0 0 0 0 0 0 0 0 0 0 0 0 0 0 0 0 0 0 0 0 0 0 0 0 0 0 0 1073741824 0 512 1 8193 32768 0 0 0 0 0 0 0 0 0 0 0 0 0 0 0 0 0 0 0 0 0 0 0 0 0 0 0 0 0 0 0 0 0 0 0 512 0 8193 0 0 4096 0 0 8388608 8192 0 0 0 0 0 0 0 0 0 8388608 0 0 0 0 0 0 0 0 0 0 0 0 0 0 0 0 0 0 0 0 0 0 0 0 0 16 0 0 262144 0 0 4 0 4096 0 0 0 0 20480 0 0 0 0 131072 8388608 0 0 0 0 0 0 0 0 0 0 0 0 0 0 0 0 0 0 0 0 0 0 0 0 0 0 0 0 0 0 0 0 0 0 0 0 0 0 512 0 0 0 0 0 0 0 0 0 0 0 0 0 0 0 0 0 0 0 0 0 0 0 160 532480 0 0 4 0 16384 0 0 0 0 131072 0 0 0 0 0 0 0 0 0 0 0 0 0 96 0 0 0 0 0 0 0 0 0 8388608 4194304
is_linear=0
shrinkage=0.05


Tree=46
num_leaves=31
num_cat=8
split_feature=160 190 167 180 160 223 160 165 176 160 195 173 161 167 173 160 176 222 192 195 214 196 176 173 170 160 173 173 184 173
split_gain=4201.05 993.232 1739.62 1285.4 822.676 751.688 748.961 610.223 809.952 573.454 569.033 487.349 447.411 421.582 414.53 433.203 380.346 367.452 685.922 332.399 323.029 352.135 365.535 356.939 295.395 740.629 691.91 337.034 315.957 305.605
threshold=0 1.0000000180025095e-35 1.0000000180025095e-35 1.0000000180025095e-35 1 1.0000000180025095e-35 2 85.000000000000014 1.0000000180025095e-35 3 1.0000000180025095e-35 2.5000000000000004 4 1.5000000000000002 17.500000000000004 5 1.0000000180025095e-35 1.0000000180025095e-35 1.0000000180025095e-35 1.0000000180025095e-35 135.00000000000003 6 1.0000000180025095e-35 10.500000000000002 1.0000000180025095e-35 7 18.500000000000004 6.5000000000000009 1.0000000180025095e-35 16.500000000000004
decision_type=9 2 2 2 9 2 9 2 2 9 2 2 9 2 2 9 2 2 2 2 2 1 2 2 2 9 2 2 2 2
left_child=7 3 4 5 -3 6 14 24 17 11 12 -7 -8 20 -2 -16 19 -9 -19 -6 21 22 23 -14 25 26 27 -1 29 -26
right_child=1 2 -4 -5 16 9 10 8 -10 -11 -12 -13 13 -15 15 -17 -18 18 -20 -21 -22 -23 -24 -25 28 -27 -28 -29 -30 -31
leaf_value=0.0075291535053262949 -0.0023470681548807808 -0.045830740782301309 -0.03991454494561511 0.0034963450360357851 -0.022584341282088305 -0.072658879852408903 0.035568933993910194 0.036517455787974738 0.0025783791573377457 -0.041350054269352225 -0.036652164139180869 0.017266336968448023 -0.024567153959189389 0.05334005310024989 0.028566181078634647 -0.020630609108245539 0.016621068274366081 -0.04796011837138868 0.025235551579720013 0.0074550333625856523 0.043832146288355613 -0.0098761797081345203 -0.039599410900528827 0.0079615880312825012 0.01626571849540492 0.0045148304980731305 -0.041147989178648203 -0.0084068787850640984 -0.0070960495512331148 -0.0031334571212496051
leaf_weight=4794.0165048810886 58672.827825943008 628.75386105169309 1932.6714278390864 27605.056499236962 1194.7514094639919 181.40101541206241 522.99462548310112 4250.8564516553888 6082.1488887490705 2868.5724952929595 2070.6532857771963 876.87683185760397 2450.3706260657054 257.98605883156415 481.43696745095076 5224.9810409587226 12624.517045833752 400.5432141739584 1584.496974973008 4011.613972553343 270.9914765121066 75129.010654597325 2063.5330650802061 1285.1581284779531 12345.303118982294 175172.82572278386 1323.6631944488618 10770.559430226975 2234.1587481378228 2429.0529609193327
leaf_count=18084 421909 38135 148665 99523 14849 2590 2269 23759 31924 331864 155338 11688 57752 3085 5013 106264 45705 4198 15285 18237 1002 1365276 125851 36926 22694 416735 45481 105134 13871 9849
internal_value=0 -0.00524555 0.00521206 -0.00643088 0.00993792 -0.00822961 -0.00765826 0.00474721 0.015562 -0.029821 -0.0107665 0.00180333 -0.0101137 -0.0104104 -0.00359791 -0.0164631 0.011925 0.0282235 0.0104552 0.000559161 -0.0106146 -0.0107972 -0.0226712 -0.0133752 0.00411019 0.00355084 -0.00644658 -0.00349805 0.0104258 0.013076
internal_weight=421742 200354 20392.3 179962 18459.6 152357 148430 221388 12318 3926.85 84050.7 1058.28 81980 81457.1 64379.2 5706.42 17830.9 6235.9 1985.04 5206.37 81199.1 80928.1 5799.06 3735.53 209070 192061 16888.2 15564.6 17008.5 14774.4
internal_count=3698955 2991941 265591 2726350 116926 2626827 2280685 707014 75166 346142 1747499 14278 1592161 1589892 533186 111277 78791 43242 19483 33086 1586807 1585805 220529 94678 631848 585434 168699 123218 46414 32543
cat_boundaries=0 40 41 80 118 124 160 161 185
cat_threshold=0 0 4 0 20480 0 0 0 0 131072 0 0 0 0 0 0 0 0 0 0 0 0 0 224 0 0 0 0 0 0 0 0 0 41943040 4194816 67108864 0 0 2147483648 65536 8192 0 0 0 0 0 0 0 0 0 0 0 0 0 0 0 0 0 0 0 0 0 0 0 0 0 0 0 0 0 0 0 0 0 1073741824 0 512 1 8193 32768 0 0 0 0 0 0 0 0 0 0 0 0 0 0 0 0 0 0 0 0 0 0 0 0 0 0 0 0 0 0 0 0 0 0 0 512 0 1 0 0 4096 0 0 8388608 0 0 0 0 0 0 0 0 0 0 0 0 0 0 0 0 0 0 0 0 0 0 0 0 0 0 0 0 0 0 0 0 0 0 0 512 516 0 0 0 0 4096 0 0 0 0 0 0 0 0 0 0 0 0 0 0 0 0 0 0 128
is_linear=0
shrinkage=0.05


Tree=47
num_leaves=31
num_cat=6
split_feature=196 169 217 167 223 196 173 182 176 195 167 211 176 161 214 195 170 164 173 222 164 173 173 167 164 173 167 173 168 222
split_gain=3694.83 1369.93 1090.02 1615.35 947.856 870.552 784.554 856.426 926.273 496.161 416.122 414.081 390.738 337.605 309.703 295.283 280.75 459.729 414.863 557.791 337.384 340.801 339.672 328.664 318.31 629.535 549.624 419.116 856.547 309.826
threshold=0 1.0000000180025095e-35 1.0000000180025095e-35 1.0000000180025095e-35 1.0000000180025095e-35 1 10.500000000000002 1.0000000180025095e-35 1.0000000180025095e-35 1.0000000180025095e-35 1.5000000000000002 6.5000000000000009 1.0000000180025095e-35 2 135.00000000000003 1.0000000180025095e-35 1.0000000180025095e-35 3 6.5000000000000009 1.0000000180025095e-35 4 2.5000000000000004 14.500000000000002 1.0000000180025095e-35 5 19.500000000000004 1.0000000180025095e-35 6.5000000000000009 1.0000000180025095e-35 1.0000000180025095e-35
decision_type=1 2 2 2 2 1 2 2 2 2 2 2 2 9 2 2 2 9 2 2 9 2 2 2 9 2 2 2 2 2
left_child=2 13 4 12 5 6 7 -1 -9 10 14 -8 15 -2 -7 -4 17 18 -15 -20 21 -18 -23 -24 25 27 -26 28 -19 -29
right_child=1 -3 3 -5 -6 9 11 8 -10 -11 -12 -13 -14 16 -16 -17 20 24 19 -21 -22 22 23 -25 26 -27 -28 29 -30 -31
leaf_value=-0.0016517099527603365 -0.017493724123912743 0.030263654876330967 -0.022714399498235768 -0.039070911444272431 -0.02892824905349229 -0.010689426434937782 -0.012071037077792031 0.029584875169118424 -0.023108760871377625 -0.035471078367841927 0.051937917911962873 0.003566401172883581 0.014543455004736437 0.0075998178256183246 0.041772434208073556 0.0049417662465704986 -0.031228742715256781 0.0049485906883778913 -0.014262561872239392 0.023326304328559467 -0.0077716877287584323 0.018080228254253289 0.012598379985372997 -0.019457647949527392 0.0024721401718526413 -0.023733926179069761 0.031795317712040076 0.013324708391881818 -0.049879140902783212 -0.049057873065020602
leaf_weight=51494.842377074179 1907.4537533417752 4841.6030936898605 1253.4468422821956 1861.2174563958251 4793.3083881516941 57350.429862267105 26166.48391881054 4306.7140209646896 1033.749505846994 2000.1011083767662 268.16303528746357 5049.7624754774733 12914.492932840891 4463.4927013791748 282.18685270729475 4189.8373104817874 431.31105944700539 12809.189924822713 9831.7746859022882 1096.5235306075774 2370.2775618927844 11034.425305416604 2015.0474179456942 1324.9069163712556 165568.86025842078 1529.1968963610125 1613.1372092650272 24717.590944859199 753.78547833999619 200.13977294889628
leaf_count=334361 14822 44774 18425 148665 363402 1218451 452041 8899 3163 155338 3085 31539 66289 15144 1002 32212 1356 25330 131004 2528 14902 19834 3985 7817 516327 7826 2389 46234 4877 2934
internal_value=0 0.00393071 -0.00560193 0.00530724 -0.00704639 -0.00633734 -0.00317252 0.000324844 0.0193829 -0.010987 -0.0101427 -0.00954124 0.00980776 0.00340323 -0.0104321 -0.00142731 0.00357012 0.00309493 -0.00524003 -0.0104896 0.00972957 0.0125287 0.0138518 -0.00011725 0.00371422 0.0077203 0.00275504 0.0089727 0.00189935 0.0128225
internal_weight=419473 246509 172965 20219 152746 147952 88051.6 56835.3 5340.46 59900.9 57900.8 31216.2 18357.8 241667 57632.6 5443.28 239760 222584 15391.8 10928.3 17176 14805.7 14374.4 3339.95 207192 40009.9 167182 38480.7 13563 24917.7
internal_count=3698955 862083 2836872 265591 2571281 2207879 830003 346423 12062 1377876 1222538 483580 116926 817309 1219453 50637 802487 754593 148676 133532 47894 32992 31636 11802 605917 87201 518716 79375 30207 49168
cat_boundaries=0 1 2 36 60 84 108
cat_threshold=3640 3072 0 0 0 0 0 0 0 0 0 0 0 0 0 128 0 0 0 0 0 0 0 0 0 0 0 0 0 0 0 0 0 0 0 16384 0 0 4 0 0 0 0 0 0 0 0 0 0 0 0 0 0 0 0 0 0 0 0 64 0 0 4 0 0 0 0 0 0 131072 0 0 0 0 0 0 0 0 0 0 0 0 0 64 0 0 0 0 4096 0 0 0 0 0 0 0 0 0 0 0 0 0 0 0 0 0 0 32
is_linear=0
shrinkage=0.05


Tree=48
num_leaves=31
num_cat=13
split_feature=160 180 223 164 160 169 160 164 176 196 213 160 164 169 163 173 160 160 173 173 196 173 207 195 164 169 181 181 160 173
split_gain=4126.25 924.419 809.146 782.65 970.946 584.067 562.215 710.178 703.766 1416.5 873.333 495.02 452.393 444.694 421.839 400.255 789.784 598.669 369.434 322.475 411.876 312.731 285.743 277.748 396.829 369.594 263.77 321.272 252.771 711.686
threshold=0 1.0000000180025095e-35 1.0000000180025095e-35 1 2 1.0000000180025095e-35 3 4 1.0000000180025095e-35 5 1.5000000000000002 6 7 1.0000000180025095e-35 4.5000000000000009 16.500000000000004 8 9 4.5000000000000009 7.5000000000000009 10 16.500000000000004 1.0000000180025095e-35 1.0000000180025095e-35 11 1.0000000180025095e-35 55.000000000000007 225.00000000000003 12 11.500000000000002
decision_type=9 2 2 9 9 2 9 9 2 1 2 9 9 2 2 2 9 9 2 2 1 2 2 2 9 2 2 2 9 2
left_child=3 2 6 5 12 -1 7 -2 10 -10 15 -4 21 14 -9 17 -17 18 -8 20 -11 -5 23 24 25 -19 -3 -28 29 -6
right_child=1 26 11 4 28 -7 8 13 9 19 -12 -13 -14 -15 -16 16 -18 22 -20 -21 -22 -23 -24 -25 -26 -27 27 -29 -30 -31
leaf_value=0.0061135766606370866 -0.019756334744085627 0.010938028329707479 0.017343605768967613 -0.028675276611100628 0.0082811902907158619 0.022604363026427796 0.017085508993478157 -0.0029453701916287 0.0063067579061790975 0.003148762391644128 -0.036460907550673632 -0.040320397828481999 -0.0036926168145963324 0.0073214547744662756 -0.021450137485821613 -0.038925638520743329 0.019969575447140439 0.029878532931444424 -0.002679814286411876 -0.029687876149781568 -0.0404426740483202 0.02003014110808889 -0.03306920446910902 -0.042601483633401112 -0.010765947976430374 -0.019988713773414452 -0.0041241949649355831 0.010088115337953688 0.0020529381493579863 0.00016858913855143746
leaf_weight=12364.59832938097 6355.8371598910089 7081.8607269673375 429.27434548526071 3591.6229871550895 82293.250566700357 9492.3813225319755 2887.7868863946642 54201.942720976047 4423.6978248941814 1791.3814642394718 2410.2327166628384 2708.7910828840977 8539.1530949695734 10221.040126088497 3264.9748081132275 680.42473128941492 3238.3158665776136 1171.973763652808 13025.691890905393 11563.461382548921 766.53600138786715 362.39648664268316 1407.4604246967356 638.52056895323039 26595.586523568549 543.40754594956525 14698.82610435941 5450.3420667187311 83920.416633560497 40261.127585613402
leaf_count=111157 210310 24587 4854 98380 161997 80177 11775 442929 68644 26245 42197 331890 94813 69928 141020 37867 40683 14102 108589 477612 40460 18424 47293 48198 384154 9300 57182 17754 374858 101576
internal_value=0 -0.00582946 -0.0073844 0.00424965 0.00334864 0.01327 -0.00684136 -0.00378959 -0.0100154 -0.018392 -0.00706376 -0.0325023 -0.0101816 -0.00228742 -0.00399698 -0.00565157 0.00969009 -0.00695109 0.000906499 -0.0261155 -0.0100635 -0.024147 -0.0110669 -0.0100003 -0.00926409 0.0139956 0.00263786 -0.000279368 0.00416782 0.00561566
internal_weight=416382 175557 148326 240825 218968 21857 145188 74043.8 71144.5 18545.1 52599.4 3138.07 12493.2 67688 57466.9 50189.2 3918.74 46270.4 15913.5 14121.4 2557.92 3954.02 30356.9 28949.5 28311 1715.38 27231 20149.2 206475 122554
internal_count=3698955 2657573 2558050 1041382 850048 191334 2221306 864187 1357119 612961 744158 336744 211617 653877 583949 701961 78550 623411 120364 544317 66705 116804 503047 455754 407556 23402 99523 74936 638431 263573
cat_boundaries=0 39 63 68 108 132 133 173 197 236 275 276 287 322
cat_threshold=32 0 4 0 20480 0 0 0 0 131072 0 0 0 0 0 0 0 0 0 0 0 0 0 224 0 0 0 0 0 0 0 0 0 41943040 4194816 0 0 1 2147483648 0 0 4 0 4096 0 0 0 0 0 0 0 0 0 0 0 0 0 0 0 0 0 0 128 32 0 0 0 4096 524288 0 0 0 0 0 0 0 0 0 0 0 0 0 0 0 0 0 0 0 0 0 0 0 0 0 0 0 0 0 0 0 0 1073741824 0 67109376 1 8192 0 65536 0 0 0 0 16384 0 0 0 0 131072 8388608 0 0 0 0 0 0 0 0 0 0 0 0 64 9 0 0 0 0 0 0 0 0 0 0 0 0 0 0 0 0 0 0 0 0 0 0 0 0 0 0 0 0 0 0 0 0 0 0 0 512 0 0 0 65536 0 0 0 0 16384 0 0 0 0 131072 0 0 0 0 0 0 0 0 0 0 0 0 0 32 8192 0 0 0 0 0 0 0 0 0 8388608 0 0 0 0 0 0 0 0 0 0 0 0 0 0 0 0 0 0 0 0 0 0 0 0 0 0 0 33280 0 0 0 0 0 0 0 0 0 0 0 0 0 0 0 0 0 0 0 0 0 0 0 0 0 0 0 0 0 0 0 0 0 0 0 0 1073741824 0 33280 1040 0 0 4 0 0 0 0 0 0 131072 8388608 0 0 4 0 16384 0 0 0 0 0 0 0 0 0 0 0 0 0 0 0 0 0 0 96 0 0 0 0 0 0 0 0 0 8388608 4194304
is_linear=0
shrinkage=0.05


Tree=49
num_leaves=31
num_cat=10
split_feature=160 223 166 160 160 196 169 160 191 221 180 211 169 171 161 195 176 191 169 173 160 160 176 160 189 218 161 165 173 171
split_gain=3880.62 837.198 674.599 877.918 665.488 635.231 542.33 448.151 429.915 312.666 305.356 317.894 360.107 439.933 315.881 303.116 299.025 296.355 441.061 295.472 830.058 549.451 473.536 307.76 293.291 268.122 261.521 254.289 627.522 623.47
threshold=0 1.0000000180025095e-35 125.00000000000001 1 2 3 1.0000000180025095e-35 4 1.0000000180025095e-35 1.0000000180025095e-35 1.0000000180025095e-35 8.5000000000000018 1.0000000180025095e-35 1.0000000180025095e-35 5 1.0000000180025095e-35 1.0000000180025095e-35 1.0000000180025095e-35 1.0000000180025095e-35 7.5000000000000009 6 7 1.0000000180025095e-35 8 1.0000000180025095e-35 1.0000000180025095e-35 9 75.000000000000014 19.500000000000004 1.0000000180025095e-35
decision_type=9 2 2 9 9 1 2 9 2 2 2 2 2 2 9 2 2 2 2 2 9 9 2 9 2 2 9 2 2 2
left_child=2 4 3 9 15 -6 -4 -3 10 24 11 12 13 14 -7 17 -13 -2 -19 20 -16 22 -21 -23 -1 -8 -25 -5 29 -29
right_child=1 7 6 27 5 8 25 -9 -10 -11 -12 16 -14 -15 19 -17 -18 18 -20 21 -22 23 -24 26 -26 -27 -28 28 -30 -31
leaf_value=-0.018757708109820442 -0.01980324327161255 -0.0056433430992646394 0.0057332994090078119 0.0047456788110127731 -0.01107912412043526 0.034648572971824047 0.02277143042473613 -0.043146167611462602 -0.033812409555700959 0.012965866154386255 0.0020415207860768241 -0.010213524695592972 0.0031686442730265991 -0.020640361490648705 -0.0266098112770791 -0.044258049836352384 0.011968023133328927 0.021298028770075278 -0.02935427175503787 -0.0085044737902118736 0.00070811245479159761 0.0065941829223435727 -0.030967085463646227 -0.03331655621747244 -0.0019910123993615663 -0.046154654831548819 -0.0060282384293374059 0.012351109754925873 -0.031114935911348531 -0.0062555544419959546
leaf_weight=6819.346878686687 6709.2563420309743 1255.2798696213795 12322.378095793989 181471.28209662338 28856.770329454332 491.13491852502921 9187.5391942295973 2236.5366928160147 1116.0545342422556 1371.111338077113 27522.904830569576 2085.2350379747804 12943.611831279384 4704.3117395924637 3036.0745209896995 980.98477317379729 5593.6927962189075 1175.5329189285985 676.76021462801145 5272.4117689882114 31859.140800737703 4942.1184617732069 4228.9561949540803 893.98878710213467 4224.8260883284674 142.79754894878715 31635.630644838282 7666.6317824899161 1609.5268592495704 10905.610600925633
leaf_count=150417 291881 46731 110854 451817 619888 2269 76139 298213 99225 6417 99523 17019 102486 206796 33198 75259 16572 24588 12401 78519 151419 44362 126997 8364 55285 3839 337090 13433 40089 97865
internal_value=0 -0.00556756 0.0042094 0.00335883 -0.00508332 -0.00434055 0.0126199 -0.0298081 -0.00291338 -0.00954091 -0.00265839 -0.00385966 -0.00461247 -0.00576934 -0.00491974 -0.017916 0.00594364 -0.0149156 0.0027859 -0.00516098 -0.00167632 -0.0077506 -0.0184845 -0.00502228 -0.0123446 0.0217136 -0.00678885 0.00415335 -0.00117044 0.00142514
internal_weight=413937 178216 235721 214068 174725 165182 21652.7 3491.82 136325 12415.3 135209 107686 100007 87063.8 82359.5 9542.53 7678.93 8561.55 1852.29 81868.3 34895.2 46973.1 9501.37 37471.7 11044.2 9330.34 32529.6 201653 20181.8 18572.2
internal_count=3698955 2692800 1006155 815323 2347856 1943727 190832 344944 1323839 212119 1224614 1125091 1091500 989014 782218 404129 33591 328870 36989 779949 184617 595332 205516 389816 205702 79978 345454 603204 151387 111298
cat_boundaries=0 39 44 84 85 125 131 171 210 250 284
cat_threshold=32 0 4 0 20480 0 0 0 0 131072 0 0 0 0 0 0 0 0 0 0 0 0 0 224 0 0 0 0 0 0 0 0 0 41943040 4194304 67108864 0 1 2147483648 32 0 0 0 4096 8192 0 0 0 0 0 0 0 0 0 8388608 0 0 0 0 0 0 0 0 0 0 0 0 0 0 0 0 0 0 0 0 0 0 0 0 0 16 0 0 262144 536 0 0 0 0 0 0 0 0 0 0 0 0 0 0 0 0 0 0 0 0 0 0 0 0 0 0 0 0 0 0 0 0 0 0 512 512 0 0 0 327680 0 0 4096 0 0 8388608 0 0 0 0 0 0 0 0 0 0 0 0 0 0 0 0 0 0 0 0 0 0 0 0 0 0 0 0 0 0 0 0 0 0 0 512 0 8192 0 65536 0 0 0 0 0 0 0 0 0 0 0 0 0 0 0 0 0 0 0 0 0 0 0 0 0 0 0 0 0 0 0 0 0 0 0 0 0 0 33280 0 0 0 0 0 0 0 0 0 0 0 0 0 0 0 0 0 0 0 0 0 0 0 0 0 0 0 0 0 0 0 0 0 0 512 512 0 0 0 65536 0 0 0 0 0 0 0 0 0 0 0 0 0 128 0 0 0 0 0 0 0 0 0 0 0 0 0 0 0 0 0 0 0 16384
is_linear=0
shrinkage=0.05


end of trees

feature_importances:
candidate_card_id=258
post_action_hand_count=153
candidate_target_id=113
post_action_ko_estimate=99
candidate_target_appear_this_turn=74
trainer_low_deck_risk=64
candidate_target_energy=63
candidate_target_is_active=62
candidate_attack_id=54
action_type=53
candidate_fills_energy=48
candidate_target_max_hp=42
candidate_inplay_area=41
xerosic_opp_hand_value=32
ability_low_deck_risk=29
post_action_powerful_hand_damage=24
attack_lethal_estimate=24
candidate_target_hp=20
retreat_active_damage_value=20
target_is_alakazam=19
option_type=16
target_is_dunsparce=16
candidate_fills_stage2=14
is_retreat=14
candidate_fills_missing_abra=13
energy_target_existing_energy_value=12
candidate_is_alakazam=10
candidate_area=9
hammer_opp_active_special_energy_value=9
candidate_target_is_bench=8
candidate_is_route_card=8
powerful_hand_attack_option=7
is_trainer=7
is_xerosic=6
boss_opp_bench_low_hp_value=6
candidate_target_special_energy=4
candidate_hand_cost=4
attack_overkill_estimate=4
target_is_abra=4
is_bench=4
bench_early_game_value=4
breaks_current_ko_estimate=3
target_is_kadabra=3
is_boss=3
energy_target_is_fezandipiti_value=3
candidate_is_abra=2
target_is_dudunsparce=2
is_end=2
is_hammer=2
hammer_opp_active_energy_value=2
energy_target_is_alakazam_value=2
end_has_attack_ready_penalty=2
candidate_is_kadabra=1
candidate_is_rare_candy=1
is_attack=1

parameters:
[boosting: gbdt]
[objective: lambdarank]
[metric: ndcg]
[tree_learner: serial]
[device_type: cpu]
[data_sample_strategy: bagging]
[data: ]
[valid: ]
[num_iterations: 50]
[learning_rate: 0.05]
[num_leaves: 31]
[num_threads: 4]
[seed: 741]
[deterministic: 0]
[force_col_wise: 0]
[force_row_wise: 0]
[histogram_pool_size: -1]
[max_depth: -1]
[min_data_in_leaf: 40]
[min_sum_hessian_in_leaf: 0.001]
[bagging_fraction: 0.85]
[pos_bagging_fraction: 1]
[neg_bagging_fraction: 1]
[bagging_freq: 0]
[bagging_seed: 9664]
[bagging_by_query: 0]
[feature_fraction: 0.85]
[feature_fraction_bynode: 1]
[feature_fraction_seed: 7560]
[extra_trees: 0]
[extra_seed: 5152]
[early_stopping_round: 0]
[early_stopping_min_delta: 0]
[first_metric_only: 0]
[max_delta_step: 0]
[lambda_l1: 0.1]
[lambda_l2: 0.5]
[linear_lambda: 0]
[min_gain_to_split: 0]
[drop_rate: 0.1]
[max_drop: 50]
[skip_drop: 0.5]
[xgboost_dart_mode: 0]
[uniform_drop: 0]
[drop_seed: 20317]
[top_rate: 0.2]
[other_rate: 0.1]
[min_data_per_group: 100]
[max_cat_threshold: 32]
[cat_l2: 10]
[cat_smooth: 10]
[max_cat_to_onehot: 4]
[top_k: 20]
[monotone_constraints: ]
[monotone_constraints_method: basic]
[monotone_penalty: 0]
[feature_contri: ]
[forcedsplits_filename: ]
[refit_decay_rate: 0.9]
[cegb_tradeoff: 1]
[cegb_penalty_split: 0]
[cegb_penalty_feature_lazy: ]
[cegb_penalty_feature_coupled: ]
[path_smooth: 0]
[interaction_constraints: ]
[verbosity: -1]
[saved_feature_importance_type: 0]
[use_quantized_grad: 0]
[num_grad_quant_bins: 4]
[quant_train_renew_leaf: 0]
[stochastic_rounding: 1]
[linear_tree: 0]
[max_bin: 255]
[max_bin_by_feature: ]
[min_data_in_bin: 3]
[bin_construct_sample_cnt: 200000]
[data_random_seed: 2458]
[is_enable_sparse: 1]
[enable_bundle: 1]
[use_missing: 1]
[zero_as_missing: 0]
[feature_pre_filter: 1]
[pre_partition: 0]
[two_round: 0]
[header: 0]
[label_column: ]
[weight_column: ]
[group_column: ]
[ignore_column: ]
[categorical_feature: 27,35,154,159,160,161,164,196]
[forcedbins_filename: ]
[precise_float_parser: 0]
[parser_config_file: ]
[objective_seed: 17010]
[num_class: 1]
[is_unbalance: 0]
[scale_pos_weight: 1]
[sigmoid: 1]
[boost_from_average: 1]
[reg_sqrt: 0]
[alpha: 0.9]
[fair_c: 1]
[poisson_max_delta_step: 0.7]
[tweedie_variance_power: 1.5]
[lambdarank_truncation_level: 30]
[lambdarank_norm: 1]
[label_gain: ]
[lambdarank_position_bias_regularization: 0]
[eval_at: 1,2,3,4,5]
[multi_error_top_k: 1]
[auc_mu_weights: ]
[num_machines: 1]
[local_listen_port: 12400]
[time_out: 120]
[machine_list_filename: ]
[machines: ]
[gpu_platform_id: -1]
[gpu_device_id: -1]
[gpu_use_dp: 0]
[num_gpu: 1]

end of parameters

pandas_categorical:null
