Submission ID: 54773249
Output directory: C:\Users\shiba\ptcc_pokemon_ai_buttle\data\runs\alakazam\20260801_yushin_54773249_refresh
Discovering Episodes...
Episodes found: 1000

[1/1000] Episode 89285136 (state=COMPLETED)
  Replay: downloaded
  Submitted agent appears to be agent 0
  Agent logs: skipped (--replay-only)

[2/1000] Episode 89281409 (state=COMPLETED)
  Replay: downloaded
  Submitted agent appears to be agent 0
  Agent logs: skipped (--replay-only)

[3/1000] Episode 89280832 (state=COMPLETED)
  Replay: downloaded
  Submitted agent appears to be agent 0
  Agent logs: skipped (--replay-only)

[4/1000] Episode 89279150 (state=COMPLETED)
  Replay: downloaded
  Submitted agent appears to be agent 1
  Agent logs: skipped (--replay-only)

[5/1000] Episode 89278292 (state=COMPLETED)
  Replay: downloaded
  Submitted agent appears to be agent 1
  Agent logs: skipped (--replay-only)

[6/1000] Episode 89277018 (state=COMPLETED)
  Replay: downloaded
  Submitted agent appears to be agent 0
  Agent logs: skipped (--replay-only)

[7/1000] Episode 89276111 (state=COMPLETED)
  Replay: downloaded
  Submitted agent appears to be agent 0
  Agent logs: skipped (--replay-only)

[8/1000] Episode 89274525 (state=COMPLETED)
  Replay: downloaded
  Submitted agent appears to be agent 1
  Agent logs: skipped (--replay-only)

[9/1000] Episode 89273994 (state=COMPLETED)
  Replay: downloaded
  Submitted agent appears to be agent 0
  Agent logs: skipped (--replay-only)

[10/1000] Episode 89270411 (state=COMPLETED)
  Replay: downloaded
  Submitted agent appears to be agent 0
  Agent logs: skipped (--replay-only)

[11/1000] Episode 89270397 (state=COMPLETED)
  Replay: downloaded
  Submitted agent appears to be agent 0
  Agent logs: skipped (--replay-only)

[12/1000] Episode 89269959 (state=COMPLETED)
  Replay: downloaded
  Submitted agent appears to be agent 0
  Agent logs: skipped (--replay-only)

[13/1000] Episode 89263756 (state=COMPLETED)
  Replay: downloaded
  Submitted agent appears to be agent 0
  Agent logs: skipped (--replay-only)

[14/1000] Episode 89261585 (state=COMPLETED)
  Replay: downloaded
  Submitted agent appears to be agent 1
  Agent logs: skipped (--replay-only)

[15/1000] Episode 89256979 (state=COMPLETED)
  Replay: downloaded
  Submitted agent appears to be agent 0
  Agent logs: skipped (--replay-only)

[16/1000] Episode 89253571 (state=COMPLETED)
  Replay: downloaded
  Submitted agent appears to be agent 0
  Agent logs: skipped (--replay-only)

[17/1000] Episode 89243874 (state=COMPLETED)
  Replay: downloaded
  Submitted agent appears to be agent 0
  Agent logs: skipped (--replay-only)

[18/1000] Episode 89237229 (state=COMPLETED)
  Replay: downloaded
  Submitted agent appears to be agent 0
  Agent logs: skipped (--replay-only)

[19/1000] Episode 89237125 (state=COMPLETED)
  Replay: downloaded
  Submitted agent appears to be agent 1
  Agent logs: skipped (--replay-only)

[20/1000] Episode 89234552 (state=COMPLETED)
  Replay: downloaded
  Submitted agent appears to be agent 0
  Agent logs: skipped (--replay-only)

[21/1000] Episode 89234128 (state=COMPLETED)
  Replay: downloaded
  Submitted agent appears to be agent 1
  Agent logs: skipped (--replay-only)

[22/1000] Episode 89233611 (state=COMPLETED)
  Replay: downloaded
  Submitted agent appears to be agent 0
  Agent logs: skipped (--replay-only)

[23/1000] Episode 89233114 (state=COMPLETED)
  Replay: downloaded
  Submitted agent appears to be agent 0
  Agent logs: skipped (--replay-only)

[24/1000] Episode 89232607 (state=COMPLETED)
  Replay: downloaded
  Submitted agent appears to be agent 0
  Agent logs: skipped (--replay-only)

[25/1000] Episode 89232027 (state=COMPLETED)
  Replay: downloaded
  Submitted agent appears to be agent 1
  Agent logs: skipped (--replay-only)

[26/1000] Episode 89231529 (state=COMPLETED)
  Replay: downloaded
  Submitted agent appears to be agent 0
  Agent logs: skipped (--replay-only)

[27/1000] Episode 89230965 (state=COMPLETED)
  Replay: downloaded
  Submitted agent appears to be agent 1
  Agent logs: skipped (--replay-only)

[28/1000] Episode 89230462 (state=COMPLETED)
  Replay: downloaded
  Submitted agent appears to be agent 0
  Agent logs: skipped (--replay-only)

[29/1000] Episode 89229954 (state=COMPLETED)
  Replay: downloaded
  Submitted agent appears to be agent 0
  Agent logs: skipped (--replay-only)

[30/1000] Episode 89228880 (state=COMPLETED)
  Replay: downloaded
  Submitted agent appears to be agent 1
  Agent logs: skipped (--replay-only)

[31/1000] Episode 89229419 (state=COMPLETED)
  Replay: downloaded
  Submitted agent appears to be agent 0
  Agent logs: skipped (--replay-only)

[32/1000] Episode 89228869 (state=COMPLETED)
  Replay: downloaded
  Submitted agent appears to be agent 1
  Agent logs: skipped (--replay-only)

[33/1000] Episode 89228878 (state=COMPLETED)
  Replay: downloaded
  Submitted agent appears to be agent 1
  Agent logs: skipped (--replay-only)

[34/1000] Episode 89228336 (state=COMPLETED)
  Replay: downloaded
  Submitted agent appears to be agent 0
  Agent logs: skipped (--replay-only)

[35/1000] Episode 89227812 (state=COMPLETED)
  Replay: downloaded
  Submitted agent appears to be agent 0
  Agent logs: skipped (--replay-only)

[36/1000] Episode 89227803 (state=COMPLETED)
  Replay: downloaded
  Submitted agent appears to be agent 1
  Agent logs: skipped (--replay-only)

[37/1000] Episode 89227826 (state=COMPLETED)
  Replay: downloaded
  Submitted agent appears to be agent 0
  Agent logs: skipped (--replay-only)

[38/1000] Episode 89227804 (state=COMPLETED)
  Replay: downloaded
  Submitted agent appears to be agent 0
  Agent logs: skipped (--replay-only)

[39/1000] Episode 89227317 (state=COMPLETED)
  Replay: downloaded
  Submitted agent appears to be agent 1
  Agent logs: skipped (--replay-only)

[40/1000] Episode 89226810 (state=COMPLETED)
  Replay: downloaded
  Submitted agent appears to be agent 0
  Agent logs: skipped (--replay-only)

[41/1000] Episode 89226296 (state=COMPLETED)
  Replay: downloaded
  Submitted agent appears to be agent 1
  Agent logs: skipped (--replay-only)

[42/1000] Episode 89226241 (state=COMPLETED)
  Replay: downloaded
  Submitted agent appears to be agent 0
  Agent logs: skipped (--replay-only)

[43/1000] Episode 89225681 (state=COMPLETED)
  Replay: downloaded
  Submitted agent appears to be agent 1
  Agent logs: skipped (--replay-only)

[44/1000] Episode 89225777 (state=COMPLETED)
  Replay: downloaded
  Submitted agent appears to be agent 1
  Agent logs: skipped (--replay-only)

[45/1000] Episode 89225269 (state=COMPLETED)
  Replay: downloaded
  Submitted agent appears to be agent 0
  Agent logs: skipped (--replay-only)

[46/1000] Episode 89224774 (state=COMPLETED)
  Replay: downloaded
  Submitted agent appears to be agent 0
  Agent logs: skipped (--replay-only)

[47/1000] Episode 89224287 (state=COMPLETED)
  Replay: downloaded
  Submitted agent appears to be agent 1
  Agent logs: skipped (--replay-only)

[48/1000] Episode 89224263 (state=COMPLETED)
  Replay: downloaded
  Submitted agent appears to be agent 0
  Agent logs: skipped (--replay-only)

[49/1000] Episode 89224254 (state=COMPLETED)
  Replay: downloaded
  Submitted agent appears to be agent 0
  Agent logs: skipped (--replay-only)

[50/1000] Episode 89223924 (state=COMPLETED)
  Replay: downloaded
  Submitted agent appears to be agent 1
  Agent logs: skipped (--replay-only)

[51/1000] Episode 89223788 (state=COMPLETED)
  Replay: downloaded
  Submitted agent appears to be agent 1
  Agent logs: skipped (--replay-only)

[52/1000] Episode 89223285 (state=COMPLETED)
  Replay: downloaded
  Submitted agent appears to be agent 1
  Agent logs: skipped (--replay-only)

[53/1000] Episode 89222790 (state=COMPLETED)
  Replay: downloaded
  Submitted agent appears to be agent 0
  Agent logs: skipped (--replay-only)

[54/1000] Episode 89222441 (state=COMPLETED)
  Replay: downloaded
  Submitted agent appears to be agent 1
  Agent logs: skipped (--replay-only)

[55/1000] Episode 89222394 (state=COMPLETED)
  Replay: downloaded
  Submitted agent appears to be agent 0
  Agent logs: skipped (--replay-only)

[56/1000] Episode 89221780 (state=COMPLETED)
  Replay: downloaded
  Submitted agent appears to be agent 0
  Agent logs: skipped (--replay-only)

[57/1000] Episode 89221786 (state=COMPLETED)
  Replay: downloaded
  Submitted agent appears to be agent 0
  Agent logs: skipped (--replay-only)

[58/1000] Episode 89221281 (state=COMPLETED)
  Replay: downloaded
  Submitted agent appears to be agent 1
  Agent logs: skipped (--replay-only)

[59/1000] Episode 89221262 (state=COMPLETED)
  Replay: downloaded
  Submitted agent appears to be agent 1
  Agent logs: skipped (--replay-only)

[60/1000] Episode 89220774 (state=COMPLETED)
  Replay: downloaded
  Submitted agent appears to be agent 1
  Agent logs: skipped (--replay-only)

[61/1000] Episode 89220286 (state=COMPLETED)
  Replay: downloaded
  Submitted agent appears to be agent 1
  Agent logs: skipped (--replay-only)

[62/1000] Episode 89219834 (state=COMPLETED)
  Replay: downloaded
  Submitted agent appears to be agent 0
  Agent logs: skipped (--replay-only)

[63/1000] Episode 89219713 (state=COMPLETED)
  Replay: downloaded
  Submitted agent appears to be agent 0
  Agent logs: skipped (--replay-only)

[64/1000] Episode 89219325 (state=COMPLETED)
  Replay: downloaded
  Submitted agent appears to be agent 1
  Agent logs: skipped (--replay-only)

[65/1000] Episode 89218851 (state=COMPLETED)
  Replay: downloaded
  Submitted agent appears to be agent 1
  Agent logs: skipped (--replay-only)

[66/1000] Episode 89218351 (state=COMPLETED)
  Replay: downloaded
  Submitted agent appears to be agent 1
  Agent logs: skipped (--replay-only)

[67/1000] Episode 89218237 (state=COMPLETED)
  Replay: downloaded
  Submitted agent appears to be agent 0
  Agent logs: skipped (--replay-only)

[68/1000] Episode 89217904 (state=COMPLETED)
  Replay: downloaded
  Submitted agent appears to be agent 1
  Agent logs: skipped (--replay-only)

[69/1000] Episode 89217310 (state=COMPLETED)
  Replay: downloaded
  Submitted agent appears to be agent 0
  Agent logs: skipped (--replay-only)

[70/1000] Episode 89217238 (state=COMPLETED)
  Replay: downloaded
  Submitted agent appears to be agent 1
  Agent logs: skipped (--replay-only)

[71/1000] Episode 89216757 (state=COMPLETED)
  Replay: downloaded
  Submitted agent appears to be agent 0
  Agent logs: skipped (--replay-only)

[72/1000] Episode 89216263 (state=COMPLETED)
  Replay: downloaded
  Submitted agent appears to be agent 0
  Agent logs: skipped (--replay-only)

[73/1000] Episode 89215751 (state=COMPLETED)
  Replay: downloaded
  Submitted agent appears to be agent 0
  Agent logs: skipped (--replay-only)

[74/1000] Episode 89215243 (state=COMPLETED)
  Replay: downloaded
  Submitted agent appears to be agent 1
  Agent logs: skipped (--replay-only)

[75/1000] Episode 89214742 (state=COMPLETED)
  Replay: downloaded
  Submitted agent appears to be agent 1
  Agent logs: skipped (--replay-only)

[76/1000] Episode 89214238 (state=COMPLETED)
  Replay: downloaded
  Submitted agent appears to be agent 0
  Agent logs: skipped (--replay-only)

[77/1000] Episode 89213740 (state=COMPLETED)
  Replay: downloaded
  Submitted agent appears to be agent 0
  Agent logs: skipped (--replay-only)

[78/1000] Episode 89213306 (state=COMPLETED)
  Replay: downloaded
  Submitted agent appears to be agent 1
  Agent logs: skipped (--replay-only)

[79/1000] Episode 89212705 (state=COMPLETED)
  Replay: downloaded
  Submitted agent appears to be agent 1
  Agent logs: skipped (--replay-only)

[80/1000] Episode 89212728 (state=COMPLETED)
  Replay: downloaded
  Submitted agent appears to be agent 1
  Agent logs: skipped (--replay-only)

[81/1000] Episode 89212212 (state=COMPLETED)
  Replay: downloaded
  Submitted agent appears to be agent 0
  Agent logs: skipped (--replay-only)

[82/1000] Episode 89211716 (state=COMPLETED)
  Replay: downloaded
  Submitted agent appears to be agent 0
  Agent logs: skipped (--replay-only)

[83/1000] Episode 89211216 (state=COMPLETED)
  Replay: downloaded
  Submitted agent appears to be agent 0
  Agent logs: skipped (--replay-only)

[84/1000] Episode 89211226 (state=COMPLETED)
  Replay: downloaded
  Submitted agent appears to be agent 0
  Agent logs: skipped (--replay-only)

[85/1000] Episode 89210709 (state=COMPLETED)
  Replay: downloaded
  Submitted agent appears to be agent 0
  Agent logs: skipped (--replay-only)

[86/1000] Episode 89210688 (state=COMPLETED)
  Replay: downloaded
  Submitted agent appears to be agent 1
  Agent logs: skipped (--replay-only)

[87/1000] Episode 89210206 (state=COMPLETED)
  Replay: downloaded
  Submitted agent appears to be agent 0
  Agent logs: skipped (--replay-only)

[88/1000] Episode 89209706 (state=COMPLETED)
  Replay: downloaded
  Submitted agent appears to be agent 0
  Agent logs: skipped (--replay-only)

[89/1000] Episode 89209195 (state=COMPLETED)
  Replay: downloaded
  Submitted agent appears to be agent 0
  Agent logs: skipped (--replay-only)

[90/1000] Episode 89209197 (state=COMPLETED)
  Replay: downloaded
  Submitted agent appears to be agent 0
  Agent logs: skipped (--replay-only)

[91/1000] Episode 89208700 (state=COMPLETED)
  Replay: downloaded
  Submitted agent appears to be agent 0
  Agent logs: skipped (--replay-only)

[92/1000] Episode 89208195 (state=COMPLETED)
  Replay: downloaded
  Submitted agent appears to be agent 1
  Agent logs: skipped (--replay-only)

[93/1000] Episode 89207695 (state=COMPLETED)
  Replay: downloaded
  Submitted agent appears to be agent 1
  Agent logs: skipped (--replay-only)

[94/1000] Episode 89207197 (state=COMPLETED)
  Replay: downloaded
  Submitted agent appears to be agent 1
  Agent logs: skipped (--replay-only)

[95/1000] Episode 89206687 (state=COMPLETED)
  Replay: downloaded
  Submitted agent appears to be agent 1
  Agent logs: skipped (--replay-only)

[96/1000] Episode 89206194 (state=COMPLETED)
  Replay: downloaded
  Submitted agent appears to be agent 0
  Agent logs: skipped (--replay-only)

[97/1000] Episode 89205694 (state=COMPLETED)
  Replay: downloaded
  Submitted agent appears to be agent 0
  Agent logs: skipped (--replay-only)

[98/1000] Episode 89205189 (state=COMPLETED)
  Replay: downloaded
  Submitted agent appears to be agent 0
  Agent logs: skipped (--replay-only)

[99/1000] Episode 89204693 (state=COMPLETED)
  Replay: downloaded
  Submitted agent appears to be agent 0
  Agent logs: skipped (--replay-only)

[100/1000] Episode 89204217 (state=COMPLETED)
  Replay: downloaded
  Submitted agent appears to be agent 1
  Agent logs: skipped (--replay-only)

[101/1000] Episode 89204113 (state=COMPLETED)
  Replay: downloaded
  Submitted agent appears to be agent 1
  Agent logs: skipped (--replay-only)

[102/1000] Episode 89203684 (state=COMPLETED)
  Replay: downloaded
  Submitted agent appears to be agent 0
  Agent logs: skipped (--replay-only)

[103/1000] Episode 89203180 (state=COMPLETED)
  Replay: downloaded
  Submitted agent appears to be agent 0
  Agent logs: skipped (--replay-only)

[104/1000] Episode 89202841 (state=COMPLETED)
  Replay: downloaded
  Submitted agent appears to be agent 0
  Agent logs: skipped (--replay-only)

[105/1000] Episode 89202681 (state=COMPLETED)
  Replay: downloaded
  Submitted agent appears to be agent 0
  Agent logs: skipped (--replay-only)

[106/1000] Episode 89202140 (state=COMPLETED)
  Replay: downloaded
  Submitted agent appears to be agent 0
  Agent logs: skipped (--replay-only)

[107/1000] Episode 89202173 (state=COMPLETED)
  Replay: downloaded
  Submitted agent appears to be agent 0
  Agent logs: skipped (--replay-only)

[108/1000] Episode 89201664 (state=COMPLETED)
  Replay: downloaded
  Submitted agent appears to be agent 0
  Agent logs: skipped (--replay-only)

[109/1000] Episode 89201226 (state=COMPLETED)
  Replay: downloaded
  Submitted agent appears to be agent 0
  Agent logs: skipped (--replay-only)

[110/1000] Episode 89200721 (state=COMPLETED)
  Replay: downloaded
  Submitted agent appears to be agent 0
  Agent logs: skipped (--replay-only)

[111/1000] Episode 89200650 (state=COMPLETED)
  Replay: downloaded
  Submitted agent appears to be agent 0
  Agent logs: skipped (--replay-only)

[112/1000] Episode 89200086 (state=COMPLETED)
  Replay: downloaded
  Submitted agent appears to be agent 1
  Agent logs: skipped (--replay-only)

[113/1000] Episode 89199638 (state=COMPLETED)
  Replay: downloaded
  Submitted agent appears to be agent 1
  Agent logs: skipped (--replay-only)

[114/1000] Episode 89199621 (state=COMPLETED)
  Replay: downloaded
  Submitted agent appears to be agent 0
  Agent logs: skipped (--replay-only)

[115/1000] Episode 89199116 (state=COMPLETED)
  Replay: downloaded
  Submitted agent appears to be agent 1
  Agent logs: skipped (--replay-only)

[116/1000] Episode 89199157 (state=COMPLETED)
  Replay: downloaded
  Submitted agent appears to be agent 0
  Agent logs: skipped (--replay-only)

[117/1000] Episode 89198650 (state=COMPLETED)
  Replay: downloaded
  Submitted agent appears to be agent 0
  Agent logs: skipped (--replay-only)

[118/1000] Episode 89198183 (state=COMPLETED)
  Replay: downloaded
  Submitted agent appears to be agent 0
  Agent logs: skipped (--replay-only)

[119/1000] Episode 89197661 (state=COMPLETED)
  Replay: downloaded
  Submitted agent appears to be agent 1
  Agent logs: skipped (--replay-only)

[120/1000] Episode 89197202 (state=COMPLETED)
  Replay: downloaded
  Submitted agent appears to be agent 1
  Agent logs: skipped (--replay-only)

[121/1000] Episode 89196644 (state=COMPLETED)
  Replay: downloaded
  Submitted agent appears to be agent 0
  Agent logs: skipped (--replay-only)

[122/1000] Episode 89196087 (state=COMPLETED)
  Replay: downloaded
  Submitted agent appears to be agent 0
  Agent logs: skipped (--replay-only)

[123/1000] Episode 89196012 (state=COMPLETED)
  Replay: downloaded
  Submitted agent appears to be agent 0
  Agent logs: skipped (--replay-only)

[124/1000] Episode 89195576 (state=COMPLETED)
  Replay: downloaded
  Submitted agent appears to be agent 0
  Agent logs: skipped (--replay-only)

[125/1000] Episode 89195071 (state=COMPLETED)
  Replay: downloaded
  Submitted agent appears to be agent 0
  Agent logs: skipped (--replay-only)

[126/1000] Episode 89192983 (state=COMPLETED)
  Replay: downloaded
  Submitted agent appears to be agent 1
  Agent logs: skipped (--replay-only)

[127/1000] Episode 89194046 (state=COMPLETED)
  Replay: downloaded
  Submitted agent appears to be agent 1
  Agent logs: skipped (--replay-only)

[128/1000] Episode 89191727 (state=COMPLETED)
  Replay: downloaded
  Submitted agent appears to be agent 0
  Agent logs: skipped (--replay-only)

[129/1000] Episode 89191429 (state=COMPLETED)
  Replay: downloaded
  Submitted agent appears to be agent 1
  Agent logs: skipped (--replay-only)

[130/1000] Episode 89188933 (state=COMPLETED)
  Replay: downloaded
  Submitted agent appears to be agent 0
  Agent logs: skipped (--replay-only)

[131/1000] Episode 89181289 (state=COMPLETED)
  Replay: downloaded
  Submitted agent appears to be agent 0
  Agent logs: skipped (--replay-only)

[132/1000] Episode 89179916 (state=COMPLETED)
  Replay: downloaded
  Submitted agent appears to be agent 0
  Agent logs: skipped (--replay-only)

[133/1000] Episode 89174676 (state=COMPLETED)
  Replay: downloaded
  Submitted agent appears to be agent 1
  Agent logs: skipped (--replay-only)

[134/1000] Episode 89162716 (state=COMPLETED)
  Replay: downloaded
  Submitted agent appears to be agent 0
  Agent logs: skipped (--replay-only)

[135/1000] Episode 89155743 (state=COMPLETED)
  Replay: downloaded
  Submitted agent appears to be agent 0
  Agent logs: skipped (--replay-only)

[136/1000] Episode 89146725 (state=COMPLETED)
  Replay: downloaded
  Submitted agent appears to be agent 1
  Agent logs: skipped (--replay-only)

[137/1000] Episode 89138099 (state=COMPLETED)
  Replay: downloaded
  Submitted agent appears to be agent 1
  Agent logs: skipped (--replay-only)

[138/1000] Episode 89138086 (state=COMPLETED)
  Replay: downloaded
  Submitted agent appears to be agent 1
  Agent logs: skipped (--replay-only)

[139/1000] Episode 89137074 (state=COMPLETED)
  Replay: downloaded
  Submitted agent appears to be agent 0
  Agent logs: skipped (--replay-only)

[140/1000] Episode 89131841 (state=COMPLETED)
  Replay: downloaded
  Submitted agent appears to be agent 0
  Agent logs: skipped (--replay-only)

[141/1000] Episode 89130090 (state=COMPLETED)
  Replay: downloaded
  Submitted agent appears to be agent 0
  Agent logs: skipped (--replay-only)

[142/1000] Episode 89125748 (state=COMPLETED)
  Replay: downloaded
  Submitted agent appears to be agent 1
  Agent logs: skipped (--replay-only)

[143/1000] Episode 89119788 (state=COMPLETED)
  Replay: downloaded
  Submitted agent appears to be agent 0
  Agent logs: skipped (--replay-only)

[144/1000] Episode 89116282 (state=COMPLETED)
  Replay: downloaded
  Submitted agent appears to be agent 1
  Agent logs: skipped (--replay-only)

[145/1000] Episode 89111061 (state=COMPLETED)
  Replay: downloaded
  Submitted agent appears to be agent 0
  Agent logs: skipped (--replay-only)

[146/1000] Episode 89109012 (state=COMPLETED)
  Replay: downloaded
  Submitted agent appears to be agent 0
  Agent logs: skipped (--replay-only)

[147/1000] Episode 89100694 (state=COMPLETED)
  Replay: downloaded
  Submitted agent appears to be agent 1
  Agent logs: skipped (--replay-only)

[148/1000] Episode 89095918 (state=COMPLETED)
  Replay: downloaded
  Submitted agent appears to be agent 0
  Agent logs: skipped (--replay-only)

[149/1000] Episode 89093918 (state=COMPLETED)
  Replay: downloaded
  Submitted agent appears to be agent 0
  Agent logs: skipped (--replay-only)

[150/1000] Episode 89092624 (state=COMPLETED)
  Replay: downloaded
  Submitted agent appears to be agent 0
  Agent logs: skipped (--replay-only)

[151/1000] Episode 89092188 (state=COMPLETED)
  Replay: downloaded
  Submitted agent appears to be agent 1
  Agent logs: skipped (--replay-only)

[152/1000] Episode 89083367 (state=COMPLETED)
  Replay: downloaded
  Submitted agent appears to be agent 0
  Agent logs: skipped (--replay-only)

[153/1000] Episode 89081485 (state=COMPLETED)
  Replay: downloaded
  Submitted agent appears to be agent 1
  Agent logs: skipped (--replay-only)

[154/1000] Episode 89079071 (state=COMPLETED)
  Replay: downloaded
  Submitted agent appears to be agent 1
  Agent logs: skipped (--replay-only)

[155/1000] Episode 89070331 (state=COMPLETED)
  Replay: downloaded
  Submitted agent appears to be agent 1
  Agent logs: skipped (--replay-only)

[156/1000] Episode 89067671 (state=COMPLETED)
  Replay: downloaded
  Submitted agent appears to be agent 1
  Agent logs: skipped (--replay-only)

[157/1000] Episode 89059170 (state=COMPLETED)
  Replay: downloaded
  Submitted agent appears to be agent 1
  Agent logs: skipped (--replay-only)

[158/1000] Episode 89057138 (state=COMPLETED)
  Replay: downloaded
  Submitted agent appears to be agent 0
  Agent logs: skipped (--replay-only)

[159/1000] Episode 89056618 (state=COMPLETED)
  Replay: downloaded
  Submitted agent appears to be agent 1
  Agent logs: skipped (--replay-only)

[160/1000] Episode 89056594 (state=COMPLETED)
  Replay: downloaded
  Submitted agent appears to be agent 1
  Agent logs: skipped (--replay-only)

[161/1000] Episode 89050498 (state=COMPLETED)
  Replay: downloaded
  Submitted agent appears to be agent 1
  Agent logs: skipped (--replay-only)

[162/1000] Episode 89050183 (state=COMPLETED)
  Replay: downloaded
  Submitted agent appears to be agent 0
  Agent logs: skipped (--replay-only)

[163/1000] Episode 89049793 (state=COMPLETED)
  Replay: downloaded
  Submitted agent appears to be agent 1
  Agent logs: skipped (--replay-only)

[164/1000] Episode 89049688 (state=COMPLETED)
  Replay: downloaded
  Submitted agent appears to be agent 1
  Agent logs: skipped (--replay-only)

[165/1000] Episode 89049242 (state=COMPLETED)
  Replay: downloaded
  Submitted agent appears to be agent 1
  Agent logs: skipped (--replay-only)

[166/1000] Episode 89048763 (state=COMPLETED)
  Replay: downloaded
  Submitted agent appears to be agent 1
  Agent logs: skipped (--replay-only)

[167/1000] Episode 89047629 (state=COMPLETED)
  Replay: downloaded
  Submitted agent appears to be agent 1
  Agent logs: skipped (--replay-only)

[168/1000] Episode 89048260 (state=COMPLETED)
  Replay: downloaded
  Submitted agent appears to be agent 0
  Agent logs: skipped (--replay-only)

[169/1000] Episode 89047662 (state=COMPLETED)
  Replay: downloaded
  Submitted agent appears to be agent 0
  Agent logs: skipped (--replay-only)

[170/1000] Episode 89047172 (state=COMPLETED)
  Replay: downloaded
  Submitted agent appears to be agent 0
  Agent logs: skipped (--replay-only)

[171/1000] Episode 89047208 (state=COMPLETED)
  Replay: downloaded
  Submitted agent appears to be agent 0
  Agent logs: skipped (--replay-only)

[172/1000] Episode 89046709 (state=COMPLETED)
  Replay: downloaded
  Submitted agent appears to be agent 0
  Agent logs: skipped (--replay-only)

[173/1000] Episode 89046619 (state=COMPLETED)
  Replay: downloaded
  Submitted agent appears to be agent 0
  Agent logs: skipped (--replay-only)

[174/1000] Episode 89046428 (state=COMPLETED)
  Replay: downloaded
  Submitted agent appears to be agent 1
  Agent logs: skipped (--replay-only)

[175/1000] Episode 89046199 (state=COMPLETED)
  Replay: downloaded
  Submitted agent appears to be agent 0
  Agent logs: skipped (--replay-only)

[176/1000] Episode 89046226 (state=COMPLETED)
  Replay: downloaded
  Submitted agent appears to be agent 0
  Agent logs: skipped (--replay-only)

[177/1000] Episode 89046108 (state=COMPLETED)
  Replay: downloaded
  Submitted agent appears to be agent 1
  Agent logs: skipped (--replay-only)

[178/1000] Episode 89045791 (state=COMPLETED)
  Replay: downloaded
  Submitted agent appears to be agent 1
  Agent logs: skipped (--replay-only)

[179/1000] Episode 89044161 (state=COMPLETED)
  Replay: downloaded
  Submitted agent appears to be agent 1
  Agent logs: skipped (--replay-only)

[180/1000] Episode 89045641 (state=COMPLETED)
  Replay: downloaded
  Submitted agent appears to be agent 1
  Agent logs: skipped (--replay-only)

[181/1000] Episode 89045136 (state=COMPLETED)
  Replay: downloaded
  Submitted agent appears to be agent 0
  Agent logs: skipped (--replay-only)

[182/1000] Episode 89044634 (state=COMPLETED)
  Replay: downloaded
  Submitted agent appears to be agent 1
  Agent logs: skipped (--replay-only)

[183/1000] Episode 89044650 (state=COMPLETED)
  Replay: downloaded
  Submitted agent appears to be agent 1
  Agent logs: skipped (--replay-only)

[184/1000] Episode 89044709 (state=COMPLETED)
  Replay: downloaded
  Submitted agent appears to be agent 1
  Agent logs: skipped (--replay-only)

[185/1000] Episode 89044299 (state=COMPLETED)
  Replay: downloaded
  Submitted agent appears to be agent 1
  Agent logs: skipped (--replay-only)

[186/1000] Episode 89044127 (state=COMPLETED)
  Replay: downloaded
  Submitted agent appears to be agent 1
  Agent logs: skipped (--replay-only)

[187/1000] Episode 89043648 (state=COMPLETED)
  Replay: downloaded
  Submitted agent appears to be agent 1
  Agent logs: skipped (--replay-only)

[188/1000] Episode 89043162 (state=COMPLETED)
  Replay: downloaded
  Submitted agent appears to be agent 1
  Agent logs: skipped (--replay-only)

[189/1000] Episode 89042710 (state=COMPLETED)
  Replay: downloaded
  Submitted agent appears to be agent 0
  Agent logs: skipped (--replay-only)

[190/1000] Episode 89042256 (state=COMPLETED)
  Replay: downloaded
  Submitted agent appears to be agent 0
  Agent logs: skipped (--replay-only)

[191/1000] Episode 89041332 (state=COMPLETED)
  Replay: downloaded
  Submitted agent appears to be agent 1
  Agent logs: skipped (--replay-only)

[192/1000] Episode 89041790 (state=COMPLETED)
  Replay: downloaded
  Submitted agent appears to be agent 0
  Agent logs: skipped (--replay-only)

[193/1000] Episode 89041797 (state=COMPLETED)
  Replay: downloaded
  Submitted agent appears to be agent 0
  Agent logs: skipped (--replay-only)

[194/1000] Episode 89041348 (state=COMPLETED)
  Replay: downloaded
  Submitted agent appears to be agent 0
  Agent logs: skipped (--replay-only)

[195/1000] Episode 89040913 (state=COMPLETED)
  Replay: downloaded
  Submitted agent appears to be agent 1
  Agent logs: skipped (--replay-only)

[196/1000] Episode 89040493 (state=COMPLETED)
  Replay: downloaded
  Submitted agent appears to be agent 1
  Agent logs: skipped (--replay-only)

[197/1000] Episode 89040017 (state=COMPLETED)
  Replay: downloaded
  Submitted agent appears to be agent 0
  Agent logs: skipped (--replay-only)

[198/1000] Episode 89039509 (state=COMPLETED)
  Replay: downloaded
  Submitted agent appears to be agent 0
  Agent logs: skipped (--replay-only)

[199/1000] Episode 89039456 (state=COMPLETED)
  Replay: downloaded
  Submitted agent appears to be agent 1
  Agent logs: skipped (--replay-only)

[200/1000] Episode 89039056 (state=COMPLETED)
  Replay: downloaded
  Submitted agent appears to be agent 0
  Agent logs: skipped (--replay-only)

[201/1000] Episode 89038601 (state=COMPLETED)
  Replay: downloaded
  Submitted agent appears to be agent 1
  Agent logs: skipped (--replay-only)

[202/1000] Episode 89038575 (state=COMPLETED)
  Replay: downloaded
  Submitted agent appears to be agent 0
  Agent logs: skipped (--replay-only)

[203/1000] Episode 89038148 (state=COMPLETED)
  Replay: downloaded
  Submitted agent appears to be agent 0
  Agent logs: skipped (--replay-only)

[204/1000] Episode 89037713 (state=COMPLETED)
  Replay: downloaded
  Submitted agent appears to be agent 0
  Agent logs: skipped (--replay-only)

[205/1000] Episode 89037299 (state=COMPLETED)
  Replay: downloaded
  Submitted agent appears to be agent 0
  Agent logs: skipped (--replay-only)

[206/1000] Episode 89036792 (state=COMPLETED)
  Replay: downloaded
  Submitted agent appears to be agent 1
  Agent logs: skipped (--replay-only)

[207/1000] Episode 89036263 (state=COMPLETED)
  Replay: downloaded
  Submitted agent appears to be agent 0
  Agent logs: skipped (--replay-only)

[208/1000] Episode 89036276 (state=COMPLETED)
  Replay: downloaded
  Submitted agent appears to be agent 0
  Agent logs: skipped (--replay-only)

[209/1000] Episode 89035836 (state=COMPLETED)
  Replay: downloaded
  Submitted agent appears to be agent 0
  Agent logs: skipped (--replay-only)

[210/1000] Episode 89035413 (state=COMPLETED)
  Replay: downloaded
  Submitted agent appears to be agent 1
  Agent logs: skipped (--replay-only)

[211/1000] Episode 89034951 (state=COMPLETED)
  Replay: downloaded
  Submitted agent appears to be agent 1
  Agent logs: skipped (--replay-only)

[212/1000] Episode 89034492 (state=COMPLETED)
  Replay: downloaded
  Submitted agent appears to be agent 1
  Agent logs: skipped (--replay-only)

[213/1000] Episode 89034164 (state=COMPLETED)
  Replay: downloaded
  Submitted agent appears to be agent 1
  Agent logs: skipped (--replay-only)

[214/1000] Episode 89033973 (state=COMPLETED)
  Replay: downloaded
  Submitted agent appears to be agent 1
  Agent logs: skipped (--replay-only)

[215/1000] Episode 89033505 (state=COMPLETED)
  Replay: downloaded
  Submitted agent appears to be agent 1
  Agent logs: skipped (--replay-only)

[216/1000] Episode 89033523 (state=COMPLETED)
  Replay: downloaded
  Submitted agent appears to be agent 0
  Agent logs: skipped (--replay-only)

[217/1000] Episode 89033217 (state=COMPLETED)
  Replay: downloaded
  Submitted agent appears to be agent 1
  Agent logs: skipped (--replay-only)

[218/1000] Episode 89032197 (state=COMPLETED)
  Replay: downloaded
  Submitted agent appears to be agent 0
  Agent logs: skipped (--replay-only)

[219/1000] Episode 89032204 (state=COMPLETED)
  Replay: downloaded
  Submitted agent appears to be agent 0
  Agent logs: skipped (--replay-only)

[220/1000] Episode 89032129 (state=COMPLETED)
  Replay: downloaded
  Submitted agent appears to be agent 0
  Agent logs: skipped (--replay-only)

[221/1000] Episode 89031688 (state=COMPLETED)
  Replay: downloaded
  Submitted agent appears to be agent 0
  Agent logs: skipped (--replay-only)

[222/1000] Episode 89031670 (state=COMPLETED)
  Replay: downloaded
  Submitted agent appears to be agent 0
  Agent logs: skipped (--replay-only)

[223/1000] Episode 89031712 (state=COMPLETED)
  Replay: downloaded
  Submitted agent appears to be agent 0
  Agent logs: skipped (--replay-only)

[224/1000] Episode 89031239 (state=COMPLETED)
  Replay: downloaded
  Submitted agent appears to be agent 0
  Agent logs: skipped (--replay-only)

[225/1000] Episode 89030818 (state=COMPLETED)
  Replay: downloaded
  Submitted agent appears to be agent 0
  Agent logs: skipped (--replay-only)

[226/1000] Episode 89030374 (state=COMPLETED)
  Replay: downloaded
  Submitted agent appears to be agent 1
  Agent logs: skipped (--replay-only)

[227/1000] Episode 89029896 (state=COMPLETED)
  Replay: downloaded
  Submitted agent appears to be agent 0
  Agent logs: skipped (--replay-only)

[228/1000] Episode 89029443 (state=COMPLETED)
  Replay: downloaded
  Submitted agent appears to be agent 0
  Agent logs: skipped (--replay-only)

[229/1000] Episode 89029376 (state=COMPLETED)
  Replay: downloaded
  Submitted agent appears to be agent 1
  Agent logs: skipped (--replay-only)

[230/1000] Episode 89029032 (state=COMPLETED)
  Replay: downloaded
  Submitted agent appears to be agent 0
  Agent logs: skipped (--replay-only)

[231/1000] Episode 89028061 (state=COMPLETED)
  Replay: downloaded
  Submitted agent appears to be agent 0
  Agent logs: skipped (--replay-only)

[232/1000] Episode 89024895 (state=COMPLETED)
  Replay: downloaded
  Submitted agent appears to be agent 1
  Agent logs: skipped (--replay-only)

[233/1000] Episode 89023650 (state=COMPLETED)
  Replay: downloaded
  Submitted agent appears to be agent 0
  Agent logs: skipped (--replay-only)

[234/1000] Episode 89022255 (state=COMPLETED)
  Replay: downloaded
  Submitted agent appears to be agent 1
  Agent logs: skipped (--replay-only)

[235/1000] Episode 89020573 (state=COMPLETED)
  Replay: downloaded
  Submitted agent appears to be agent 0
  Agent logs: skipped (--replay-only)

[236/1000] Episode 89014515 (state=COMPLETED)
  Replay: downloaded
  Submitted agent appears to be agent 0
  Agent logs: skipped (--replay-only)

[237/1000] Episode 89005155 (state=COMPLETED)
  Replay: downloaded
  Submitted agent appears to be agent 0
  Agent logs: skipped (--replay-only)

[238/1000] Episode 89003658 (state=COMPLETED)
  Replay: downloaded
  Submitted agent appears to be agent 0
  Agent logs: skipped (--replay-only)

[239/1000] Episode 88998087 (state=COMPLETED)
  Replay: downloaded
  Submitted agent appears to be agent 0
  Agent logs: skipped (--replay-only)

[240/1000] Episode 88996713 (state=COMPLETED)
  Replay: downloaded
  Submitted agent appears to be agent 1
  Agent logs: skipped (--replay-only)

[241/1000] Episode 88993979 (state=COMPLETED)
  Replay: downloaded
  Submitted agent appears to be agent 1
  Agent logs: skipped (--replay-only)

[242/1000] Episode 88989686 (state=COMPLETED)
  Replay: downloaded
  Submitted agent appears to be agent 0
  Agent logs: skipped (--replay-only)

[243/1000] Episode 88979558 (state=COMPLETED)
  Replay: downloaded
  Submitted agent appears to be agent 0
  Agent logs: skipped (--replay-only)

[244/1000] Episode 88972453 (state=COMPLETED)
  Replay: downloaded
  Submitted agent appears to be agent 0
  Agent logs: skipped (--replay-only)

[245/1000] Episode 88971706 (state=COMPLETED)
  Replay: downloaded
  Submitted agent appears to be agent 1
  Agent logs: skipped (--replay-only)

[246/1000] Episode 88971845 (state=COMPLETED)
  Replay: downloaded
  Submitted agent appears to be agent 0
  Agent logs: skipped (--replay-only)

[247/1000] Episode 88965928 (state=COMPLETED)
  Replay: downloaded
  Submitted agent appears to be agent 1
  Agent logs: skipped (--replay-only)

[248/1000] Episode 88964589 (state=COMPLETED)
  Replay: downloaded
  Submitted agent appears to be agent 0
  Agent logs: skipped (--replay-only)

[249/1000] Episode 88957619 (state=COMPLETED)
  Replay: downloaded
  Submitted agent appears to be agent 0
  Agent logs: skipped (--replay-only)

[250/1000] Episode 88956537 (state=COMPLETED)
  Replay: downloaded
  Submitted agent appears to be agent 1
  Agent logs: skipped (--replay-only)

[251/1000] Episode 88956147 (state=COMPLETED)
  Replay: downloaded
  Submitted agent appears to be agent 0
  Agent logs: skipped (--replay-only)

[252/1000] Episode 88954886 (state=COMPLETED)
  Replay: downloaded
  Submitted agent appears to be agent 0
  Agent logs: skipped (--replay-only)

[253/1000] Episode 88954462 (state=COMPLETED)
  Replay: downloaded
  Submitted agent appears to be agent 0
  Agent logs: skipped (--replay-only)

[254/1000] Episode 88953071 (state=COMPLETED)
  Replay: downloaded
  Submitted agent appears to be agent 1
  Agent logs: skipped (--replay-only)

[255/1000] Episode 88952168 (state=COMPLETED)
  Replay: downloaded
  Submitted agent appears to be agent 1
  Agent logs: skipped (--replay-only)

[256/1000] Episode 88950137 (state=COMPLETED)
  Replay: downloaded
  Submitted agent appears to be agent 0
  Agent logs: skipped (--replay-only)

[257/1000] Episode 88947702 (state=COMPLETED)
  Replay: downloaded
  Submitted agent appears to be agent 0
  Agent logs: skipped (--replay-only)

[258/1000] Episode 88940956 (state=COMPLETED)
  Replay: downloaded
  Submitted agent appears to be agent 1
  Agent logs: skipped (--replay-only)

[259/1000] Episode 88938542 (state=COMPLETED)
  Replay: downloaded
  Submitted agent appears to be agent 1
  Agent logs: skipped (--replay-only)

[260/1000] Episode 88936298 (state=COMPLETED)
  Replay: downloaded
  Submitted agent appears to be agent 0
  Agent logs: skipped (--replay-only)

[261/1000] Episode 88934830 (state=COMPLETED)
  Replay: downloaded
  Submitted agent appears to be agent 1
  Agent logs: skipped (--replay-only)

[262/1000] Episode 88933868 (state=COMPLETED)
  Replay: downloaded
  Submitted agent appears to be agent 1
  Agent logs: skipped (--replay-only)

[263/1000] Episode 88932010 (state=COMPLETED)
  Replay: downloaded
  Submitted agent appears to be agent 1
  Agent logs: skipped (--replay-only)

[264/1000] Episode 88931267 (state=COMPLETED)
  Replay: downloaded
  Submitted agent appears to be agent 0
  Agent logs: skipped (--replay-only)

[265/1000] Episode 88929943 (state=COMPLETED)
  Replay: downloaded
  Submitted agent appears to be agent 1
  Agent logs: skipped (--replay-only)

[266/1000] Episode 88922693 (state=COMPLETED)
  Replay: downloaded
  Submitted agent appears to be agent 1
  Agent logs: skipped (--replay-only)

[267/1000] Episode 88919217 (state=COMPLETED)
  Replay: downloaded
  Submitted agent appears to be agent 1
  Agent logs: skipped (--replay-only)

[268/1000] Episode 88917395 (state=COMPLETED)
  Replay: downloaded
  Submitted agent appears to be agent 0
  Agent logs: skipped (--replay-only)

[269/1000] Episode 88909814 (state=COMPLETED)
  Replay: downloaded
  Submitted agent appears to be agent 1
  Agent logs: skipped (--replay-only)

[270/1000] Episode 88901983 (state=COMPLETED)
  Replay: downloaded
  Submitted agent appears to be agent 1
  Agent logs: skipped (--replay-only)

[271/1000] Episode 88895892 (state=COMPLETED)
  Replay: downloaded
  Submitted agent appears to be agent 1
  Agent logs: skipped (--replay-only)

[272/1000] Episode 88895395 (state=COMPLETED)
  Replay: downloaded
  Submitted agent appears to be agent 0
  Agent logs: skipped (--replay-only)

[273/1000] Episode 88894913 (state=COMPLETED)
  Replay: downloaded
  Submitted agent appears to be agent 0
  Agent logs: skipped (--replay-only)

[274/1000] Episode 88894382 (state=COMPLETED)
  Replay: downloaded
  Submitted agent appears to be agent 0
  Agent logs: skipped (--replay-only)

[275/1000] Episode 88894428 (state=COMPLETED)
  Replay: downloaded
  Submitted agent appears to be agent 1
  Agent logs: skipped (--replay-only)

[276/1000] Episode 88894041 (state=COMPLETED)
  Replay: downloaded
  Submitted agent appears to be agent 1
  Agent logs: skipped (--replay-only)

[277/1000] Episode 88893567 (state=COMPLETED)
  Replay: downloaded
  Submitted agent appears to be agent 0
  Agent logs: skipped (--replay-only)

[278/1000] Episode 88893111 (state=COMPLETED)
  Replay: downloaded
  Submitted agent appears to be agent 0
  Agent logs: skipped (--replay-only)

[279/1000] Episode 88892702 (state=COMPLETED)
  Replay: downloaded
  Submitted agent appears to be agent 1
  Agent logs: skipped (--replay-only)

[280/1000] Episode 88892154 (state=COMPLETED)
  Replay: downloaded
  Submitted agent appears to be agent 1
  Agent logs: skipped (--replay-only)

[281/1000] Episode 88892184 (state=COMPLETED)
  Replay: downloaded
  Submitted agent appears to be agent 1
  Agent logs: skipped (--replay-only)

[282/1000] Episode 88891719 (state=COMPLETED)
  Replay: downloaded
  Submitted agent appears to be agent 1
  Agent logs: skipped (--replay-only)

[283/1000] Episode 88891747 (state=COMPLETED)
  Replay: downloaded
  Submitted agent appears to be agent 0
  Agent logs: skipped (--replay-only)

[284/1000] Episode 88891293 (state=COMPLETED)
  Replay: downloaded
  Submitted agent appears to be agent 1
  Agent logs: skipped (--replay-only)

[285/1000] Episode 88890771 (state=COMPLETED)
  Replay: downloaded
  Submitted agent appears to be agent 0
  Agent logs: skipped (--replay-only)

[286/1000] Episode 88890791 (state=COMPLETED)
  Replay: downloaded
  Submitted agent appears to be agent 0
  Agent logs: skipped (--replay-only)

[287/1000] Episode 88890355 (state=COMPLETED)
  Replay: downloaded
  Submitted agent appears to be agent 1
  Agent logs: skipped (--replay-only)

[288/1000] Episode 88889923 (state=COMPLETED)
  Replay: downloaded
  Submitted agent appears to be agent 0
  Agent logs: skipped (--replay-only)

[289/1000] Episode 88889384 (state=COMPLETED)
  Replay: downloaded
  Submitted agent appears to be agent 1
  Agent logs: skipped (--replay-only)

[290/1000] Episode 88888928 (state=COMPLETED)
  Replay: downloaded
  Submitted agent appears to be agent 1
  Agent logs: skipped (--replay-only)

[291/1000] Episode 88888439 (state=COMPLETED)
  Replay: downloaded
  Submitted agent appears to be agent 1
  Agent logs: skipped (--replay-only)

[292/1000] Episode 88887936 (state=COMPLETED)
  Replay: downloaded
  Submitted agent appears to be agent 1
  Agent logs: skipped (--replay-only)

[293/1000] Episode 88887467 (state=COMPLETED)
  Replay: downloaded
  Submitted agent appears to be agent 1
  Agent logs: skipped (--replay-only)

[294/1000] Episode 88886999 (state=COMPLETED)
  Replay: downloaded
  Submitted agent appears to be agent 0
  Agent logs: skipped (--replay-only)

[295/1000] Episode 88886540 (state=COMPLETED)
  Replay: downloaded
  Submitted agent appears to be agent 0
  Agent logs: skipped (--replay-only)

[296/1000] Episode 88886128 (state=COMPLETED)
  Replay: downloaded
  Submitted agent appears to be agent 1
  Agent logs: skipped (--replay-only)

[297/1000] Episode 88886090 (state=COMPLETED)
  Replay: downloaded
  Submitted agent appears to be agent 0
  Agent logs: skipped (--replay-only)

[298/1000] Episode 88886100 (state=COMPLETED)
  Replay: downloaded
  Submitted agent appears to be agent 0
  Agent logs: skipped (--replay-only)

[299/1000] Episode 88885178 (state=COMPLETED)
  Replay: downloaded
  Submitted agent appears to be agent 1
  Agent logs: skipped (--replay-only)

[300/1000] Episode 88885630 (state=COMPLETED)
  Replay: downloaded
  Submitted agent appears to be agent 0
  Agent logs: skipped (--replay-only)

[301/1000] Episode 88884734 (state=COMPLETED)
  Replay: downloaded
  Submitted agent appears to be agent 0
  Agent logs: skipped (--replay-only)

[302/1000] Episode 88884733 (state=COMPLETED)
  Replay: downloaded
  Submitted agent appears to be agent 1
  Agent logs: skipped (--replay-only)

[303/1000] Episode 88884287 (state=COMPLETED)
  Replay: downloaded
  Submitted agent appears to be agent 0
  Agent logs: skipped (--replay-only)

[304/1000] Episode 88883824 (state=COMPLETED)
  Replay: downloaded
  Submitted agent appears to be agent 1
  Agent logs: skipped (--replay-only)

[305/1000] Episode 88883371 (state=COMPLETED)
  Replay: downloaded
  Submitted agent appears to be agent 1
  Agent logs: skipped (--replay-only)

[306/1000] Episode 88882918 (state=COMPLETED)
  Replay: downloaded
  Submitted agent appears to be agent 1
  Agent logs: skipped (--replay-only)

[307/1000] Episode 88882468 (state=COMPLETED)
  Replay: downloaded
  Submitted agent appears to be agent 1
  Agent logs: skipped (--replay-only)

[308/1000] Episode 88881999 (state=COMPLETED)
  Replay: downloaded
  Submitted agent appears to be agent 1
  Agent logs: skipped (--replay-only)

[309/1000] Episode 88881506 (state=COMPLETED)
  Replay: downloaded
  Submitted agent appears to be agent 0
  Agent logs: skipped (--replay-only)

[310/1000] Episode 88881526 (state=COMPLETED)
  Replay: downloaded
  Submitted agent appears to be agent 1
  Agent logs: skipped (--replay-only)

[311/1000] Episode 88881073 (state=COMPLETED)
  Replay: downloaded
  Submitted agent appears to be agent 0
  Agent logs: skipped (--replay-only)

[312/1000] Episode 88880127 (state=COMPLETED)
  Replay: downloaded
  Submitted agent appears to be agent 1
  Agent logs: skipped (--replay-only)

[313/1000] Episode 88880580 (state=COMPLETED)
  Replay: downloaded
  Submitted agent appears to be agent 1
  Agent logs: skipped (--replay-only)

[314/1000] Episode 88880570 (state=COMPLETED)
  Replay: downloaded
  Submitted agent appears to be agent 1
  Agent logs: skipped (--replay-only)

[315/1000] Episode 88880134 (state=COMPLETED)
  Replay: downloaded
  Submitted agent appears to be agent 1
  Agent logs: skipped (--replay-only)

[316/1000] Episode 88879241 (state=COMPLETED)
  Replay: downloaded
  Submitted agent appears to be agent 1
  Agent logs: skipped (--replay-only)

[317/1000] Episode 88879691 (state=COMPLETED)
  Replay: downloaded
  Submitted agent appears to be agent 0
  Agent logs: skipped (--replay-only)

[318/1000] Episode 88879685 (state=COMPLETED)
  Replay: downloaded
  Submitted agent appears to be agent 0
  Agent logs: skipped (--replay-only)

[319/1000] Episode 88879256 (state=COMPLETED)
  Replay: downloaded
  Submitted agent appears to be agent 1
  Agent logs: skipped (--replay-only)

[320/1000] Episode 88879224 (state=COMPLETED)
  Replay: downloaded
  Submitted agent appears to be agent 1
  Agent logs: skipped (--replay-only)

[321/1000] Episode 88879279 (state=COMPLETED)
  Replay: downloaded
  Submitted agent appears to be agent 0
  Agent logs: skipped (--replay-only)

[322/1000] Episode 88878784 (state=COMPLETED)
  Replay: downloaded
  Submitted agent appears to be agent 1
  Agent logs: skipped (--replay-only)

[323/1000] Episode 88878328 (state=COMPLETED)
  Replay: downloaded
  Submitted agent appears to be agent 1
  Agent logs: skipped (--replay-only)

[324/1000] Episode 88877840 (state=COMPLETED)
  Replay: downloaded
  Submitted agent appears to be agent 1
  Agent logs: skipped (--replay-only)

[325/1000] Episode 88877331 (state=COMPLETED)
  Replay: downloaded
  Submitted agent appears to be agent 1
  Agent logs: skipped (--replay-only)

[326/1000] Episode 88876901 (state=COMPLETED)
  Replay: downloaded
  Submitted agent appears to be agent 0
  Agent logs: skipped (--replay-only)

[327/1000] Episode 88876295 (state=COMPLETED)
  Replay: downloaded
  Submitted agent appears to be agent 1
  Agent logs: skipped (--replay-only)

[328/1000] Episode 88875777 (state=COMPLETED)
  Replay: downloaded
  Submitted agent appears to be agent 1
  Agent logs: skipped (--replay-only)

[329/1000] Episode 88875247 (state=COMPLETED)
  Replay: downloaded
  Submitted agent appears to be agent 1
  Agent logs: skipped (--replay-only)

[330/1000] Episode 88875253 (state=COMPLETED)
  Replay: downloaded
  Submitted agent appears to be agent 0
  Agent logs: skipped (--replay-only)

[331/1000] Episode 88874744 (state=COMPLETED)
  Replay: downloaded
  Submitted agent appears to be agent 0
  Agent logs: skipped (--replay-only)

[332/1000] Episode 88874295 (state=COMPLETED)
  Replay: downloaded
  Submitted agent appears to be agent 1
  Agent logs: skipped (--replay-only)

[333/1000] Episode 88874224 (state=COMPLETED)
  Replay: downloaded
  Submitted agent appears to be agent 0
  Agent logs: skipped (--replay-only)

[334/1000] Episode 88874202 (state=COMPLETED)
  Replay: downloaded
  Submitted agent appears to be agent 1
  Agent logs: skipped (--replay-only)

[335/1000] Episode 88873707 (state=COMPLETED)
  Replay: downloaded
  Submitted agent appears to be agent 0
  Agent logs: skipped (--replay-only)

[336/1000] Episode 88873178 (state=COMPLETED)
  Replay: downloaded
  Submitted agent appears to be agent 1
  Agent logs: skipped (--replay-only)

[337/1000] Episode 88873228 (state=COMPLETED)
  Replay: downloaded
  Submitted agent appears to be agent 1
  Agent logs: skipped (--replay-only)

[338/1000] Episode 88873157 (state=COMPLETED)
  Replay: downloaded
  Submitted agent appears to be agent 1
  Agent logs: skipped (--replay-only)

[339/1000] Episode 88872671 (state=COMPLETED)
  Replay: downloaded
  Submitted agent appears to be agent 1
  Agent logs: skipped (--replay-only)

[340/1000] Episode 88872154 (state=COMPLETED)
  Replay: downloaded
  Submitted agent appears to be agent 0
  Agent logs: skipped (--replay-only)

[341/1000] Episode 88871640 (state=COMPLETED)
  Replay: downloaded
  Submitted agent appears to be agent 1
  Agent logs: skipped (--replay-only)

[342/1000] Episode 88871747 (state=COMPLETED)
  Replay: downloaded
  Submitted agent appears to be agent 1
  Agent logs: skipped (--replay-only)

[343/1000] Episode 88870616 (state=COMPLETED)
  Replay: downloaded
  Submitted agent appears to be agent 0
  Agent logs: skipped (--replay-only)

[344/1000] Episode 88871281 (state=COMPLETED)
  Replay: downloaded
  Submitted agent appears to be agent 1
  Agent logs: skipped (--replay-only)

[345/1000] Episode 88871129 (state=COMPLETED)
  Replay: downloaded
  Submitted agent appears to be agent 0
  Agent logs: skipped (--replay-only)

[346/1000] Episode 88870094 (state=COMPLETED)
  Replay: downloaded
  Submitted agent appears to be agent 0
  Agent logs: skipped (--replay-only)

[347/1000] Episode 88869585 (state=COMPLETED)
  Replay: downloaded
  Submitted agent appears to be agent 0
  Agent logs: skipped (--replay-only)

[348/1000] Episode 88869067 (state=COMPLETED)
  Replay: downloaded
  Submitted agent appears to be agent 0
  Agent logs: skipped (--replay-only)

[349/1000] Episode 88869071 (state=COMPLETED)
  Replay: downloaded
  Submitted agent appears to be agent 1
  Agent logs: skipped (--replay-only)

[350/1000] Episode 88868581 (state=COMPLETED)
  Replay: downloaded
  Submitted agent appears to be agent 1
  Agent logs: skipped (--replay-only)

[351/1000] Episode 88868068 (state=COMPLETED)
  Replay: downloaded
  Submitted agent appears to be agent 1
  Agent logs: skipped (--replay-only)

[352/1000] Episode 88867559 (state=COMPLETED)
  Replay: downloaded
  Submitted agent appears to be agent 1
  Agent logs: skipped (--replay-only)

[353/1000] Episode 88867037 (state=COMPLETED)
  Replay: downloaded
  Submitted agent appears to be agent 0
  Agent logs: skipped (--replay-only)

[354/1000] Episode 88866505 (state=COMPLETED)
  Replay: downloaded
  Submitted agent appears to be agent 0
  Agent logs: skipped (--replay-only)

[355/1000] Episode 88865981 (state=COMPLETED)
  Replay: downloaded
  Submitted agent appears to be agent 1
  Agent logs: skipped (--replay-only)

[356/1000] Episode 88865959 (state=COMPLETED)
  Replay: downloaded
  Submitted agent appears to be agent 1
  Agent logs: skipped (--replay-only)

[357/1000] Episode 88865446 (state=COMPLETED)
  Replay: downloaded
  Submitted agent appears to be agent 1
  Agent logs: skipped (--replay-only)

[358/1000] Episode 88865447 (state=COMPLETED)
  Replay: downloaded
  Submitted agent appears to be agent 1
  Agent logs: skipped (--replay-only)

[359/1000] Episode 88865496 (state=COMPLETED)
  Replay: downloaded
  Submitted agent appears to be agent 1
  Agent logs: skipped (--replay-only)

[360/1000] Episode 88865444 (state=COMPLETED)
  Replay: downloaded
  Submitted agent appears to be agent 0
  Agent logs: skipped (--replay-only)

[361/1000] Episode 88864925 (state=COMPLETED)
  Replay: downloaded
  Submitted agent appears to be agent 0
  Agent logs: skipped (--replay-only)

[362/1000] Episode 88864280 (state=COMPLETED)
  Replay: downloaded
  Submitted agent appears to be agent 1
  Agent logs: skipped (--replay-only)

[363/1000] Episode 88864401 (state=COMPLETED)
  Replay: downloaded
  Submitted agent appears to be agent 1
  Agent logs: skipped (--replay-only)

[364/1000] Episode 88863884 (state=COMPLETED)
  Replay: downloaded
  Submitted agent appears to be agent 0
  Agent logs: skipped (--replay-only)

[365/1000] Episode 88863374 (state=COMPLETED)
  Replay: downloaded
  Submitted agent appears to be agent 1
  Agent logs: skipped (--replay-only)

[366/1000] Episode 88862906 (state=COMPLETED)
  Replay: downloaded
  Submitted agent appears to be agent 0
  Agent logs: skipped (--replay-only)

[367/1000] Episode 88863063 (state=COMPLETED)
  Replay: downloaded
  Submitted agent appears to be agent 0
  Agent logs: skipped (--replay-only)

[368/1000] Episode 88862462 (state=COMPLETED)
  Replay: downloaded
  Submitted agent appears to be agent 1
  Agent logs: skipped (--replay-only)

[369/1000] Episode 88861814 (state=COMPLETED)
  Replay: downloaded
  Submitted agent appears to be agent 0
  Agent logs: skipped (--replay-only)

[370/1000] Episode 88860772 (state=COMPLETED)
  Replay: downloaded
  Submitted agent appears to be agent 0
  Agent logs: skipped (--replay-only)

[371/1000] Episode 88858240 (state=COMPLETED)
  Replay: downloaded
  Submitted agent appears to be agent 0
  Agent logs: skipped (--replay-only)

[372/1000] Episode 88855191 (state=COMPLETED)
  Replay: downloaded
  Submitted agent appears to be agent 1
  Agent logs: skipped (--replay-only)

[373/1000] Episode 88854484 (state=COMPLETED)
  Replay: downloaded
  Submitted agent appears to be agent 0
  Agent logs: skipped (--replay-only)

[374/1000] Episode 88854673 (state=COMPLETED)
  Replay: downloaded
  Submitted agent appears to be agent 0
  Agent logs: skipped (--replay-only)

[375/1000] Episode 88846784 (state=COMPLETED)
  Replay: downloaded
  Submitted agent appears to be agent 1
  Agent logs: skipped (--replay-only)

[376/1000] Episode 88839966 (state=COMPLETED)
  Replay: downloaded
  Submitted agent appears to be agent 0
  Agent logs: skipped (--replay-only)

[377/1000] Episode 88837927 (state=COMPLETED)
  Replay: downloaded
  Submitted agent appears to be agent 0
  Agent logs: skipped (--replay-only)

[378/1000] Episode 88836640 (state=COMPLETED)
  Replay: downloaded
  Submitted agent appears to be agent 1
  Agent logs: skipped (--replay-only)

[379/1000] Episode 88835097 (state=COMPLETED)
  Replay: downloaded
  Submitted agent appears to be agent 0
  Agent logs: skipped (--replay-only)

[380/1000] Episode 88825966 (state=COMPLETED)
  Replay: downloaded
  Submitted agent appears to be agent 1
  Agent logs: skipped (--replay-only)

[381/1000] Episode 88821334 (state=COMPLETED)
  Replay: downloaded
  Submitted agent appears to be agent 1
  Agent logs: skipped (--replay-only)

[382/1000] Episode 88821215 (state=COMPLETED)
  Replay: downloaded
  Submitted agent appears to be agent 1
  Agent logs: skipped (--replay-only)

[383/1000] Episode 88820773 (state=COMPLETED)
  Replay: downloaded
  Submitted agent appears to be agent 1
  Agent logs: skipped (--replay-only)

[384/1000] Episode 88815847 (state=COMPLETED)
  Replay: downloaded
  Submitted agent appears to be agent 0
  Agent logs: skipped (--replay-only)

[385/1000] Episode 88812053 (state=COMPLETED)
  Replay: downloaded
  Submitted agent appears to be agent 1
  Agent logs: skipped (--replay-only)

[386/1000] Episode 88811190 (state=COMPLETED)
  Replay: downloaded
  Submitted agent appears to be agent 0
  Agent logs: skipped (--replay-only)

[387/1000] Episode 88802656 (state=COMPLETED)
  Replay: downloaded
  Submitted agent appears to be agent 1
  Agent logs: skipped (--replay-only)

[388/1000] Episode 88801630 (state=COMPLETED)
  Replay: downloaded
  Submitted agent appears to be agent 1
  Agent logs: skipped (--replay-only)

[389/1000] Episode 88799055 (state=COMPLETED)
  Replay: downloaded
  Submitted agent appears to be agent 0
  Agent logs: skipped (--replay-only)

[390/1000] Episode 88790436 (state=COMPLETED)
  Replay: downloaded
  Submitted agent appears to be agent 1
  Agent logs: skipped (--replay-only)

[391/1000] Episode 88786414 (state=COMPLETED)
  Replay: downloaded
  Submitted agent appears to be agent 1
  Agent logs: skipped (--replay-only)

[392/1000] Episode 88784316 (state=COMPLETED)
  Replay: downloaded
  Submitted agent appears to be agent 0
  Agent logs: skipped (--replay-only)

[393/1000] Episode 88774686 (state=COMPLETED)
  Replay: downloaded
  Submitted agent appears to be agent 0
  Agent logs: skipped (--replay-only)

[394/1000] Episode 88774876 (state=COMPLETED)
  Replay: downloaded
  Submitted agent appears to be agent 0
  Agent logs: skipped (--replay-only)

[395/1000] Episode 88764644 (state=COMPLETED)
  Replay: downloaded
  Submitted agent appears to be agent 0
  Agent logs: skipped (--replay-only)

[396/1000] Episode 88764162 (state=COMPLETED)
  Replay: downloaded
  Submitted agent appears to be agent 0
  Agent logs: skipped (--replay-only)

[397/1000] Episode 88763581 (state=COMPLETED)
  Replay: downloaded
  Submitted agent appears to be agent 0
  Agent logs: skipped (--replay-only)

[398/1000] Episode 88760103 (state=COMPLETED)
  Replay: downloaded
  Submitted agent appears to be agent 1
  Agent logs: skipped (--replay-only)

[399/1000] Episode 88759488 (state=COMPLETED)
  Replay: downloaded
  Submitted agent appears to be agent 0
  Agent logs: skipped (--replay-only)

[400/1000] Episode 88759005 (state=COMPLETED)
  Replay: downloaded
  Submitted agent appears to be agent 1
  Agent logs: skipped (--replay-only)

[401/1000] Episode 88749491 (state=COMPLETED)
  Replay: downloaded
  Submitted agent appears to be agent 1
  Agent logs: skipped (--replay-only)

[402/1000] Episode 88748905 (state=COMPLETED)
  Replay: downloaded
  Submitted agent appears to be agent 1
  Agent logs: skipped (--replay-only)

[403/1000] Episode 88744689 (state=COMPLETED)
  Replay: downloaded
  Submitted agent appears to be agent 1
  Agent logs: skipped (--replay-only)

[404/1000] Episode 88740392 (state=COMPLETED)
  Replay: downloaded
  Submitted agent appears to be agent 1
  Agent logs: skipped (--replay-only)

[405/1000] Episode 88737136 (state=COMPLETED)
  Replay: downloaded
  Submitted agent appears to be agent 0
  Agent logs: skipped (--replay-only)

[406/1000] Episode 88733638 (state=COMPLETED)
  Replay: downloaded
  Submitted agent appears to be agent 1
  Agent logs: skipped (--replay-only)

[407/1000] Episode 88724019 (state=COMPLETED)
  Replay: downloaded
  Submitted agent appears to be agent 0
  Agent logs: skipped (--replay-only)

[408/1000] Episode 88719132 (state=COMPLETED)
  Replay: downloaded
  Submitted agent appears to be agent 0
  Agent logs: skipped (--replay-only)

[409/1000] Episode 88718268 (state=COMPLETED)
  Replay: downloaded
  Submitted agent appears to be agent 0
  Agent logs: skipped (--replay-only)

[410/1000] Episode 88705139 (state=COMPLETED)
  Replay: downloaded
  Submitted agent appears to be agent 1
  Agent logs: skipped (--replay-only)

[411/1000] Episode 88703185 (state=COMPLETED)
  Replay: downloaded
  Submitted agent appears to be agent 1
  Agent logs: skipped (--replay-only)

[412/1000] Episode 88702676 (state=COMPLETED)
  Replay: downloaded
  Submitted agent appears to be agent 0
  Agent logs: skipped (--replay-only)

[413/1000] Episode 88702173 (state=COMPLETED)
  Replay: downloaded
  Submitted agent appears to be agent 1
  Agent logs: skipped (--replay-only)

[414/1000] Episode 88701676 (state=COMPLETED)
  Replay: downloaded
  Submitted agent appears to be agent 1
  Agent logs: skipped (--replay-only)

[415/1000] Episode 88701197 (state=COMPLETED)
  Replay: downloaded
  Submitted agent appears to be agent 1
  Agent logs: skipped (--replay-only)

[416/1000] Episode 88701192 (state=COMPLETED)
  Replay: downloaded
  Submitted agent appears to be agent 0
  Agent logs: skipped (--replay-only)

[417/1000] Episode 88700725 (state=COMPLETED)
  Replay: downloaded
  Submitted agent appears to be agent 0
  Agent logs: skipped (--replay-only)

[418/1000] Episode 88700244 (state=COMPLETED)
  Replay: downloaded
  Submitted agent appears to be agent 1
  Agent logs: skipped (--replay-only)

[419/1000] Episode 88699777 (state=COMPLETED)
  Replay: downloaded
  Submitted agent appears to be agent 0
  Agent logs: skipped (--replay-only)

[420/1000] Episode 88699300 (state=COMPLETED)
  Replay: downloaded
  Submitted agent appears to be agent 0
  Agent logs: skipped (--replay-only)

[421/1000] Episode 88698819 (state=COMPLETED)
  Replay: downloaded
  Submitted agent appears to be agent 0
  Agent logs: skipped (--replay-only)

[422/1000] Episode 88698350 (state=COMPLETED)
  Replay: downloaded
  Submitted agent appears to be agent 0
  Agent logs: skipped (--replay-only)

[423/1000] Episode 88697855 (state=COMPLETED)
  Replay: downloaded
  Submitted agent appears to be agent 1
  Agent logs: skipped (--replay-only)

[424/1000] Episode 88697404 (state=COMPLETED)
  Replay: downloaded
  Submitted agent appears to be agent 1
  Agent logs: skipped (--replay-only)

[425/1000] Episode 88697386 (state=COMPLETED)
  Replay: downloaded
  Submitted agent appears to be agent 1
  Agent logs: skipped (--replay-only)

[426/1000] Episode 88696914 (state=COMPLETED)
  Replay: downloaded
  Submitted agent appears to be agent 1
  Agent logs: skipped (--replay-only)

[427/1000] Episode 88696436 (state=COMPLETED)
  Replay: downloaded
  Submitted agent appears to be agent 1
  Agent logs: skipped (--replay-only)

[428/1000] Episode 88696455 (state=COMPLETED)
  Replay: downloaded
  Submitted agent appears to be agent 0
  Agent logs: skipped (--replay-only)

[429/1000] Episode 88695955 (state=COMPLETED)
  Replay: downloaded
  Submitted agent appears to be agent 0
  Agent logs: skipped (--replay-only)

[430/1000] Episode 88695465 (state=COMPLETED)
  Replay: downloaded
  Submitted agent appears to be agent 1
  Agent logs: skipped (--replay-only)

[431/1000] Episode 88695479 (state=COMPLETED)
  Replay: downloaded
  Submitted agent appears to be agent 0
  Agent logs: skipped (--replay-only)

[432/1000] Episode 88695014 (state=COMPLETED)
  Replay: downloaded
  Submitted agent appears to be agent 1
  Agent logs: skipped (--replay-only)

[433/1000] Episode 88694544 (state=COMPLETED)
  Replay: downloaded
  Submitted agent appears to be agent 1
  Agent logs: skipped (--replay-only)

[434/1000] Episode 88694533 (state=COMPLETED)
  Replay: downloaded
  Submitted agent appears to be agent 0
  Agent logs: skipped (--replay-only)

[435/1000] Episode 88694063 (state=COMPLETED)
  Replay: downloaded
  Submitted agent appears to be agent 1
  Agent logs: skipped (--replay-only)

[436/1000] Episode 88693588 (state=COMPLETED)
  Replay: downloaded
  Submitted agent appears to be agent 0
  Agent logs: skipped (--replay-only)

[437/1000] Episode 88692635 (state=COMPLETED)
  Replay: downloaded
  Submitted agent appears to be agent 0
  Agent logs: skipped (--replay-only)

[438/1000] Episode 88693108 (state=COMPLETED)
  Replay: downloaded
  Submitted agent appears to be agent 1
  Agent logs: skipped (--replay-only)

[439/1000] Episode 88692636 (state=COMPLETED)
  Replay: downloaded
  Submitted agent appears to be agent 1
  Agent logs: skipped (--replay-only)

[440/1000] Episode 88691219 (state=COMPLETED)
  Replay: downloaded
  Submitted agent appears to be agent 0
  Agent logs: skipped (--replay-only)

[441/1000] Episode 88692165 (state=COMPLETED)
  Replay: downloaded
  Submitted agent appears to be agent 1
  Agent logs: skipped (--replay-only)

[442/1000] Episode 88691696 (state=COMPLETED)
  Replay: downloaded
  Submitted agent appears to be agent 0
  Agent logs: skipped (--replay-only)

[443/1000] Episode 88691227 (state=COMPLETED)
  Replay: downloaded
  Submitted agent appears to be agent 0
  Agent logs: skipped (--replay-only)

[444/1000] Episode 88690749 (state=COMPLETED)
  Replay: downloaded
  Submitted agent appears to be agent 0
  Agent logs: skipped (--replay-only)

[445/1000] Episode 88690276 (state=COMPLETED)
  Replay: downloaded
  Submitted agent appears to be agent 1
  Agent logs: skipped (--replay-only)

[446/1000] Episode 88689818 (state=COMPLETED)
  Replay: downloaded
  Submitted agent appears to be agent 0
  Agent logs: skipped (--replay-only)

[447/1000] Episode 88689355 (state=COMPLETED)
  Replay: downloaded
  Submitted agent appears to be agent 1
  Agent logs: skipped (--replay-only)

[448/1000] Episode 88688891 (state=COMPLETED)
  Replay: downloaded
  Submitted agent appears to be agent 1
  Agent logs: skipped (--replay-only)

[449/1000] Episode 88688423 (state=COMPLETED)
  Replay: downloaded
  Submitted agent appears to be agent 1
  Agent logs: skipped (--replay-only)

[450/1000] Episode 88688413 (state=COMPLETED)
  Replay: downloaded
  Submitted agent appears to be agent 1
  Agent logs: skipped (--replay-only)

[451/1000] Episode 88687956 (state=COMPLETED)
  Replay: downloaded
  Submitted agent appears to be agent 0
  Agent logs: skipped (--replay-only)

[452/1000] Episode 88687500 (state=COMPLETED)
  Replay: downloaded
  Submitted agent appears to be agent 1
  Agent logs: skipped (--replay-only)

[453/1000] Episode 88687043 (state=COMPLETED)
  Replay: downloaded
  Submitted agent appears to be agent 1
  Agent logs: skipped (--replay-only)

[454/1000] Episode 88686580 (state=COMPLETED)
  Replay: downloaded
  Submitted agent appears to be agent 0
  Agent logs: skipped (--replay-only)

[455/1000] Episode 88686111 (state=COMPLETED)
  Replay: downloaded
  Submitted agent appears to be agent 0
  Agent logs: skipped (--replay-only)

[456/1000] Episode 88685640 (state=COMPLETED)
  Replay: downloaded
  Submitted agent appears to be agent 1
  Agent logs: skipped (--replay-only)

[457/1000] Episode 88685628 (state=COMPLETED)
  Replay: downloaded
  Submitted agent appears to be agent 1
  Agent logs: skipped (--replay-only)

[458/1000] Episode 88685177 (state=COMPLETED)
  Replay: downloaded
  Submitted agent appears to be agent 1
  Agent logs: skipped (--replay-only)

[459/1000] Episode 88685194 (state=COMPLETED)
  Replay: downloaded
  Submitted agent appears to be agent 0
  Agent logs: skipped (--replay-only)

[460/1000] Episode 88684722 (state=COMPLETED)
  Replay: downloaded
  Submitted agent appears to be agent 0
  Agent logs: skipped (--replay-only)

[461/1000] Episode 88683805 (state=COMPLETED)
  Replay: downloaded
  Submitted agent appears to be agent 0
  Agent logs: skipped (--replay-only)

[462/1000] Episode 88684272 (state=COMPLETED)
  Replay: downloaded
  Submitted agent appears to be agent 0
  Agent logs: skipped (--replay-only)

[463/1000] Episode 88683810 (state=COMPLETED)
  Replay: downloaded
  Submitted agent appears to be agent 0
  Agent logs: skipped (--replay-only)

[464/1000] Episode 88683337 (state=COMPLETED)
  Replay: downloaded
  Submitted agent appears to be agent 1
  Agent logs: skipped (--replay-only)

[465/1000] Episode 88682873 (state=COMPLETED)
  Replay: downloaded
  Submitted agent appears to be agent 1
  Agent logs: skipped (--replay-only)

[466/1000] Episode 88682460 (state=COMPLETED)
  Replay: downloaded
  Submitted agent appears to be agent 0
  Agent logs: skipped (--replay-only)

[467/1000] Episode 88682410 (state=COMPLETED)
  Replay: downloaded
  Submitted agent appears to be agent 0
  Agent logs: skipped (--replay-only)

[468/1000] Episode 88681456 (state=COMPLETED)
  Replay: downloaded
  Submitted agent appears to be agent 1
  Agent logs: skipped (--replay-only)

[469/1000] Episode 88681936 (state=COMPLETED)
  Replay: downloaded
  Submitted agent appears to be agent 0
  Agent logs: skipped (--replay-only)

[470/1000] Episode 88681473 (state=COMPLETED)
  Replay: downloaded
  Submitted agent appears to be agent 1
  Agent logs: skipped (--replay-only)

[471/1000] Episode 88680536 (state=COMPLETED)
  Replay: downloaded
  Submitted agent appears to be agent 0
  Agent logs: skipped (--replay-only)

[472/1000] Episode 88680528 (state=COMPLETED)
  Replay: downloaded
  Submitted agent appears to be agent 1
  Agent logs: skipped (--replay-only)

[473/1000] Episode 88681014 (state=COMPLETED)
  Replay: downloaded
  Submitted agent appears to be agent 0
  Agent logs: skipped (--replay-only)

[474/1000] Episode 88681185 (state=COMPLETED)
  Replay: downloaded
  Submitted agent appears to be agent 1
  Agent logs: skipped (--replay-only)

[475/1000] Episode 88680091 (state=COMPLETED)
  Replay: downloaded
  Submitted agent appears to be agent 1
  Agent logs: skipped (--replay-only)

[476/1000] Episode 88680533 (state=COMPLETED)
  Replay: downloaded
  Submitted agent appears to be agent 0
  Agent logs: skipped (--replay-only)

[477/1000] Episode 88680556 (state=COMPLETED)
  Replay: downloaded
  Submitted agent appears to be agent 1
  Agent logs: skipped (--replay-only)

[478/1000] Episode 88680293 (state=COMPLETED)
  Replay: downloaded
  Submitted agent appears to be agent 1
  Agent logs: skipped (--replay-only)

[479/1000] Episode 88679991 (state=COMPLETED)
  Replay: downloaded
  Submitted agent appears to be agent 1
  Agent logs: skipped (--replay-only)

[480/1000] Episode 88679607 (state=COMPLETED)
  Replay: downloaded
  Submitted agent appears to be agent 1
  Agent logs: skipped (--replay-only)

[481/1000] Episode 88679147 (state=COMPLETED)
  Replay: downloaded
  Submitted agent appears to be agent 1
  Agent logs: skipped (--replay-only)

[482/1000] Episode 88678675 (state=COMPLETED)
  Replay: downloaded
  Submitted agent appears to be agent 0
  Agent logs: skipped (--replay-only)

[483/1000] Episode 88679128 (state=COMPLETED)
  Replay: downloaded
  Submitted agent appears to be agent 0
  Agent logs: skipped (--replay-only)

[484/1000] Episode 88678693 (state=COMPLETED)
  Replay: downloaded
  Submitted agent appears to be agent 0
  Agent logs: skipped (--replay-only)

[485/1000] Episode 88678688 (state=COMPLETED)
  Replay: downloaded
  Submitted agent appears to be agent 1
  Agent logs: skipped (--replay-only)

[486/1000] Episode 88678223 (state=COMPLETED)
  Replay: downloaded
  Submitted agent appears to be agent 0
  Agent logs: skipped (--replay-only)

[487/1000] Episode 88677945 (state=COMPLETED)
  Replay: downloaded
  Submitted agent appears to be agent 0
  Agent logs: skipped (--replay-only)

[488/1000] Episode 88677763 (state=COMPLETED)
  Replay: downloaded
  Submitted agent appears to be agent 0
  Agent logs: skipped (--replay-only)

[489/1000] Episode 88677304 (state=COMPLETED)
  Replay: downloaded
  Submitted agent appears to be agent 0
  Agent logs: skipped (--replay-only)

[490/1000] Episode 88676841 (state=COMPLETED)
  Replay: downloaded
  Submitted agent appears to be agent 1
  Agent logs: skipped (--replay-only)

[491/1000] Episode 88676916 (state=COMPLETED)
  Replay: downloaded
  Submitted agent appears to be agent 0
  Agent logs: skipped (--replay-only)

[492/1000] Episode 88676369 (state=COMPLETED)
  Replay: downloaded
  Submitted agent appears to be agent 1
  Agent logs: skipped (--replay-only)

[493/1000] Episode 88676363 (state=COMPLETED)
  Replay: downloaded
  Submitted agent appears to be agent 0
  Agent logs: skipped (--replay-only)

[494/1000] Episode 88675907 (state=COMPLETED)
  Replay: downloaded
  Submitted agent appears to be agent 1
  Agent logs: skipped (--replay-only)

[495/1000] Episode 88675906 (state=COMPLETED)
  Replay: downloaded
  Submitted agent appears to be agent 0
  Agent logs: skipped (--replay-only)

[496/1000] Episode 88675455 (state=COMPLETED)
  Replay: downloaded
  Submitted agent appears to be agent 1
  Agent logs: skipped (--replay-only)

[497/1000] Episode 88675036 (state=COMPLETED)
  Replay: downloaded
  Submitted agent appears to be agent 1
  Agent logs: skipped (--replay-only)

[498/1000] Episode 88674233 (state=COMPLETED)
  Replay: downloaded
  Submitted agent appears to be agent 0
  Agent logs: skipped (--replay-only)

[499/1000] Episode 88674705 (state=COMPLETED)
  Replay: downloaded
  Submitted agent appears to be agent 1
  Agent logs: skipped (--replay-only)

[500/1000] Episode 88674164 (state=COMPLETED)
  Replay: downloaded
  Submitted agent appears to be agent 1
  Agent logs: skipped (--replay-only)

[501/1000] Episode 88672378 (state=COMPLETED)
  Replay: downloaded
  Submitted agent appears to be agent 0
  Agent logs: skipped (--replay-only)

[502/1000] Episode 88669459 (state=COMPLETED)
  Replay: downloaded
  Submitted agent appears to be agent 1
  Agent logs: skipped (--replay-only)

[503/1000] Episode 88665755 (state=COMPLETED)
  Replay: downloaded
  Submitted agent appears to be agent 0
  Agent logs: skipped (--replay-only)

[504/1000] Episode 88657821 (state=COMPLETED)
  Replay: downloaded
  Submitted agent appears to be agent 1
  Agent logs: skipped (--replay-only)

[505/1000] Episode 88653023 (state=COMPLETED)
  Replay: downloaded
  Submitted agent appears to be agent 1
  Agent logs: skipped (--replay-only)

[506/1000] Episode 88651997 (state=COMPLETED)
  Replay: downloaded
  Submitted agent appears to be agent 1
  Agent logs: skipped (--replay-only)

[507/1000] Episode 88647984 (state=COMPLETED)
  Replay: downloaded
  Submitted agent appears to be agent 0
  Agent logs: skipped (--replay-only)

[508/1000] Episode 88636039 (state=COMPLETED)
  Replay: downloaded
  Submitted agent appears to be agent 1
  Agent logs: skipped (--replay-only)

[509/1000] Episode 88628635 (state=COMPLETED)
  Replay: downloaded
  Submitted agent appears to be agent 1
  Agent logs: skipped (--replay-only)

[510/1000] Episode 88625596 (state=COMPLETED)
  Replay: downloaded
  Submitted agent appears to be agent 1
  Agent logs: skipped (--replay-only)

[511/1000] Episode 88620211 (state=COMPLETED)
  Replay: downloaded
  Submitted agent appears to be agent 1
  Agent logs: skipped (--replay-only)

[512/1000] Episode 88617548 (state=COMPLETED)
  Replay: downloaded
  Submitted agent appears to be agent 1
  Agent logs: skipped (--replay-only)

[513/1000] Episode 88615678 (state=COMPLETED)
  Replay: downloaded
  Submitted agent appears to be agent 0
  Agent logs: skipped (--replay-only)

[514/1000] Episode 88615085 (state=COMPLETED)
  Replay: downloaded
  Submitted agent appears to be agent 1
  Agent logs: skipped (--replay-only)

[515/1000] Episode 88613276 (state=COMPLETED)
  Replay: downloaded
  Submitted agent appears to be agent 1
  Agent logs: skipped (--replay-only)

[516/1000] Episode 88612300 (state=COMPLETED)
  Replay: downloaded
  Submitted agent appears to be agent 1
  Agent logs: skipped (--replay-only)

[517/1000] Episode 88610405 (state=COMPLETED)
  Replay: downloaded
  Submitted agent appears to be agent 1
  Agent logs: skipped (--replay-only)

[518/1000] Episode 88609430 (state=COMPLETED)
  Replay: downloaded
  Submitted agent appears to be agent 1
  Agent logs: skipped (--replay-only)

[519/1000] Episode 88608978 (state=COMPLETED)
  Replay: downloaded
  Submitted agent appears to be agent 1
  Agent logs: skipped (--replay-only)

[520/1000] Episode 88608518 (state=COMPLETED)
  Replay: downloaded
  Submitted agent appears to be agent 0
  Agent logs: skipped (--replay-only)

[521/1000] Episode 88608054 (state=COMPLETED)
  Replay: downloaded
  Submitted agent appears to be agent 1
  Agent logs: skipped (--replay-only)

[522/1000] Episode 88607083 (state=COMPLETED)
  Replay: downloaded
  Submitted agent appears to be agent 1
  Agent logs: skipped (--replay-only)

[523/1000] Episode 88606633 (state=COMPLETED)
  Replay: downloaded
  Submitted agent appears to be agent 0
  Agent logs: skipped (--replay-only)

[524/1000] Episode 88606091 (state=COMPLETED)
  Replay: downloaded
  Submitted agent appears to be agent 0
  Agent logs: skipped (--replay-only)

[525/1000] Episode 88605608 (state=COMPLETED)
  Replay: downloaded
  Submitted agent appears to be agent 1
  Agent logs: skipped (--replay-only)

[526/1000] Episode 88605597 (state=COMPLETED)
  Replay: downloaded
  Submitted agent appears to be agent 0
  Agent logs: skipped (--replay-only)

[527/1000] Episode 88605121 (state=COMPLETED)
  Replay: downloaded
  Submitted agent appears to be agent 0
  Agent logs: skipped (--replay-only)

[528/1000] Episode 88604660 (state=COMPLETED)
  Replay: downloaded
  Submitted agent appears to be agent 1
  Agent logs: skipped (--replay-only)

[529/1000] Episode 88604191 (state=COMPLETED)
  Replay: downloaded
  Submitted agent appears to be agent 0
  Agent logs: skipped (--replay-only)

[530/1000] Episode 88603727 (state=COMPLETED)
  Replay: downloaded
  Submitted agent appears to be agent 0
  Agent logs: skipped (--replay-only)

[531/1000] Episode 88603287 (state=COMPLETED)
  Replay: downloaded
  Submitted agent appears to be agent 0
  Agent logs: skipped (--replay-only)

[532/1000] Episode 88602828 (state=COMPLETED)
  Replay: downloaded
  Submitted agent appears to be agent 0
  Agent logs: skipped (--replay-only)

[533/1000] Episode 88602325 (state=COMPLETED)
  Replay: downloaded
  Submitted agent appears to be agent 0
  Agent logs: skipped (--replay-only)

[534/1000] Episode 88601880 (state=COMPLETED)
  Replay: downloaded
  Submitted agent appears to be agent 1
  Agent logs: skipped (--replay-only)

[535/1000] Episode 88601440 (state=COMPLETED)
  Replay: downloaded
  Submitted agent appears to be agent 1
  Agent logs: skipped (--replay-only)

[536/1000] Episode 88599979 (state=COMPLETED)
  Replay: downloaded
  Submitted agent appears to be agent 0
  Agent logs: skipped (--replay-only)

[537/1000] Episode 88597144 (state=COMPLETED)
  Replay: downloaded
  Submitted agent appears to be agent 1
  Agent logs: skipped (--replay-only)

[538/1000] Episode 88593351 (state=COMPLETED)
  Replay: downloaded
  Submitted agent appears to be agent 0
  Agent logs: skipped (--replay-only)

[539/1000] Episode 88592182 (state=COMPLETED)
  Replay: downloaded
  Submitted agent appears to be agent 0
  Agent logs: skipped (--replay-only)

[540/1000] Episode 88590973 (state=COMPLETED)
  Replay: downloaded
  Submitted agent appears to be agent 0
  Agent logs: skipped (--replay-only)

[541/1000] Episode 88584897 (state=COMPLETED)
  Replay: downloaded
  Submitted agent appears to be agent 0
  Agent logs: skipped (--replay-only)

[542/1000] Episode 88583708 (state=COMPLETED)
  Replay: downloaded
  Submitted agent appears to be agent 1
  Agent logs: skipped (--replay-only)

[543/1000] Episode 88581897 (state=COMPLETED)
  Replay: downloaded
  Submitted agent appears to be agent 1
  Agent logs: skipped (--replay-only)

[544/1000] Episode 88580926 (state=COMPLETED)
  Replay: downloaded
  Submitted agent appears to be agent 0
  Agent logs: skipped (--replay-only)

[545/1000] Episode 88578575 (state=COMPLETED)
  Replay: downloaded
  Submitted agent appears to be agent 1
  Agent logs: skipped (--replay-only)

[546/1000] Episode 88577639 (state=COMPLETED)
  Replay: downloaded
  Submitted agent appears to be agent 0
  Agent logs: skipped (--replay-only)

[547/1000] Episode 88572564 (state=COMPLETED)
  Replay: downloaded
  Submitted agent appears to be agent 1
  Agent logs: skipped (--replay-only)

[548/1000] Episode 88568563 (state=COMPLETED)
  Replay: downloaded
  Submitted agent appears to be agent 0
  Agent logs: skipped (--replay-only)

[549/1000] Episode 88562555 (state=COMPLETED)
  Replay: downloaded
  Submitted agent appears to be agent 1
  Agent logs: skipped (--replay-only)

[550/1000] Episode 88561589 (state=COMPLETED)
  Replay: downloaded
  Submitted agent appears to be agent 0
  Agent logs: skipped (--replay-only)

[551/1000] Episode 88559540 (state=COMPLETED)
  Replay: downloaded
  Submitted agent appears to be agent 0
  Agent logs: skipped (--replay-only)

[552/1000] Episode 88556087 (state=COMPLETED)
  Replay: downloaded
  Submitted agent appears to be agent 0
  Agent logs: skipped (--replay-only)

[553/1000] Episode 88547077 (state=COMPLETED)
  Replay: downloaded
  Submitted agent appears to be agent 0
  Agent logs: skipped (--replay-only)

[554/1000] Episode 88544338 (state=COMPLETED)
  Replay: downloaded
  Submitted agent appears to be agent 0
  Agent logs: skipped (--replay-only)

[555/1000] Episode 88534769 (state=COMPLETED)
  Replay: downloaded
  Submitted agent appears to be agent 1
  Agent logs: skipped (--replay-only)

[556/1000] Episode 88534787 (state=COMPLETED)
  Replay: downloaded
  Submitted agent appears to be agent 1
  Agent logs: skipped (--replay-only)

[557/1000] Episode 88534168 (state=COMPLETED)
  Replay: downloaded
  Submitted agent appears to be agent 1
  Agent logs: skipped (--replay-only)

[558/1000] Episode 88534158 (state=COMPLETED)
  Replay: downloaded
  Submitted agent appears to be agent 1
  Agent logs: skipped (--replay-only)

[559/1000] Episode 88533008 (state=COMPLETED)
  Replay: downloaded
  Submitted agent appears to be agent 0
  Agent logs: skipped (--replay-only)

[560/1000] Episode 88533583 (state=COMPLETED)
  Replay: downloaded
  Submitted agent appears to be agent 0
  Agent logs: skipped (--replay-only)

[561/1000] Episode 88532428 (state=COMPLETED)
  Replay: downloaded
  Submitted agent appears to be agent 0
  Agent logs: skipped (--replay-only)

[562/1000] Episode 88532427 (state=COMPLETED)
  Replay: downloaded
  Submitted agent appears to be agent 1
  Agent logs: skipped (--replay-only)

[563/1000] Episode 88531838 (state=COMPLETED)
  Replay: downloaded
  Submitted agent appears to be agent 1
  Agent logs: skipped (--replay-only)

[564/1000] Episode 88531840 (state=COMPLETED)
  Replay: downloaded
  Submitted agent appears to be agent 0
  Agent logs: skipped (--replay-only)

[565/1000] Episode 88531274 (state=COMPLETED)
  Replay: downloaded
  Submitted agent appears to be agent 0
  Agent logs: skipped (--replay-only)

[566/1000] Episode 88531270 (state=COMPLETED)
  Replay: downloaded
  Submitted agent appears to be agent 0
  Agent logs: skipped (--replay-only)

[567/1000] Episode 88531259 (state=COMPLETED)
  Replay: downloaded
  Submitted agent appears to be agent 1
  Agent logs: skipped (--replay-only)

[568/1000] Episode 88530677 (state=COMPLETED)
  Replay: downloaded
  Submitted agent appears to be agent 0
  Agent logs: skipped (--replay-only)

[569/1000] Episode 88530066 (state=COMPLETED)
  Replay: downloaded
  Submitted agent appears to be agent 0
  Agent logs: skipped (--replay-only)

[570/1000] Episode 88529437 (state=COMPLETED)
  Replay: downloaded
  Submitted agent appears to be agent 1
  Agent logs: skipped (--replay-only)

[571/1000] Episode 88528789 (state=COMPLETED)
  Replay: downloaded
  Submitted agent appears to be agent 1
  Agent logs: skipped (--replay-only)

[572/1000] Episode 88528161 (state=COMPLETED)
  Replay: downloaded
  Submitted agent appears to be agent 1
  Agent logs: skipped (--replay-only)

[573/1000] Episode 88528176 (state=COMPLETED)
  Replay: downloaded
  Submitted agent appears to be agent 0
  Agent logs: skipped (--replay-only)

[574/1000] Episode 88527585 (state=COMPLETED)
  Replay: downloaded
  Submitted agent appears to be agent 1
  Agent logs: skipped (--replay-only)

[575/1000] Episode 88526970 (state=COMPLETED)
  Replay: downloaded
  Submitted agent appears to be agent 0
  Agent logs: skipped (--replay-only)

[576/1000] Episode 88526952 (state=COMPLETED)
  Replay: downloaded
  Submitted agent appears to be agent 1
  Agent logs: skipped (--replay-only)

[577/1000] Episode 88526332 (state=COMPLETED)
  Replay: downloaded
  Submitted agent appears to be agent 1
  Agent logs: skipped (--replay-only)

[578/1000] Episode 88526353 (state=COMPLETED)
  Replay: downloaded
  Submitted agent appears to be agent 1
  Agent logs: skipped (--replay-only)

[579/1000] Episode 88525753 (state=COMPLETED)
  Replay: downloaded
  Submitted agent appears to be agent 1
  Agent logs: skipped (--replay-only)

[580/1000] Episode 88524005 (state=COMPLETED)
  Replay: downloaded
  Submitted agent appears to be agent 0
  Agent logs: skipped (--replay-only)

[581/1000] Episode 88525152 (state=COMPLETED)
  Replay: downloaded
  Submitted agent appears to be agent 0
  Agent logs: skipped (--replay-only)

[582/1000] Episode 88524529 (state=COMPLETED)
  Replay: downloaded
  Submitted agent appears to be agent 1
  Agent logs: skipped (--replay-only)

[583/1000] Episode 88523987 (state=COMPLETED)
  Replay: downloaded
  Submitted agent appears to be agent 1
  Agent logs: skipped (--replay-only)

[584/1000] Episode 88523445 (state=COMPLETED)
  Replay: downloaded
  Submitted agent appears to be agent 1
  Agent logs: skipped (--replay-only)

[585/1000] Episode 88522901 (state=COMPLETED)
  Replay: downloaded
  Submitted agent appears to be agent 1
  Agent logs: skipped (--replay-only)

[586/1000] Episode 88522377 (state=COMPLETED)
  Replay: downloaded
  Submitted agent appears to be agent 1
  Agent logs: skipped (--replay-only)

[587/1000] Episode 88522236 (state=COMPLETED)
  Replay: downloaded
  Submitted agent appears to be agent 1
  Agent logs: skipped (--replay-only)

[588/1000] Episode 88521833 (state=COMPLETED)
  Replay: downloaded
  Submitted agent appears to be agent 0
  Agent logs: skipped (--replay-only)

[589/1000] Episode 88520778 (state=COMPLETED)
  Replay: downloaded
  Submitted agent appears to be agent 0
  Agent logs: skipped (--replay-only)

[590/1000] Episode 88521304 (state=COMPLETED)
  Replay: downloaded
  Submitted agent appears to be agent 0
  Agent logs: skipped (--replay-only)

[591/1000] Episode 88521277 (state=COMPLETED)
  Replay: downloaded
  Submitted agent appears to be agent 1
  Agent logs: skipped (--replay-only)

[592/1000] Episode 88520861 (state=COMPLETED)
  Replay: downloaded
  Submitted agent appears to be agent 0
  Agent logs: skipped (--replay-only)

[593/1000] Episode 88519717 (state=COMPLETED)
  Replay: downloaded
  Submitted agent appears to be agent 0
  Agent logs: skipped (--replay-only)

[594/1000] Episode 88520250 (state=COMPLETED)
  Replay: downloaded
  Submitted agent appears to be agent 1
  Agent logs: skipped (--replay-only)

[595/1000] Episode 88519708 (state=COMPLETED)
  Replay: downloaded
  Submitted agent appears to be agent 0
  Agent logs: skipped (--replay-only)

[596/1000] Episode 88519187 (state=COMPLETED)
  Replay: downloaded
  Submitted agent appears to be agent 1
  Agent logs: skipped (--replay-only)

[597/1000] Episode 88518653 (state=COMPLETED)
  Replay: downloaded
  Submitted agent appears to be agent 0
  Agent logs: skipped (--replay-only)

[598/1000] Episode 88518108 (state=COMPLETED)
  Replay: downloaded
  Submitted agent appears to be agent 1
  Agent logs: skipped (--replay-only)

[599/1000] Episode 88518290 (state=COMPLETED)
  Replay: downloaded
  Submitted agent appears to be agent 1
  Agent logs: skipped (--replay-only)

[600/1000] Episode 88517546 (state=COMPLETED)
  Replay: downloaded
  Submitted agent appears to be agent 0
  Agent logs: skipped (--replay-only)

[601/1000] Episode 88516993 (state=COMPLETED)
  Replay: downloaded
  Submitted agent appears to be agent 0
  Agent logs: skipped (--replay-only)

[602/1000] Episode 88516455 (state=COMPLETED)
  Replay: downloaded
  Submitted agent appears to be agent 1
  Agent logs: skipped (--replay-only)

[603/1000] Episode 88515923 (state=COMPLETED)
  Replay: downloaded
  Submitted agent appears to be agent 0
  Agent logs: skipped (--replay-only)

[604/1000] Episode 88515391 (state=COMPLETED)
  Replay: downloaded
  Submitted agent appears to be agent 0
  Agent logs: skipped (--replay-only)

[605/1000] Episode 88514806 (state=COMPLETED)
  Replay: downloaded
  Submitted agent appears to be agent 0
  Agent logs: skipped (--replay-only)

[606/1000] Episode 88514844 (state=COMPLETED)
  Replay: downloaded
  Submitted agent appears to be agent 0
  Agent logs: skipped (--replay-only)

[607/1000] Episode 88514316 (state=COMPLETED)
  Replay: downloaded
  Submitted agent appears to be agent 1
  Agent logs: skipped (--replay-only)

[608/1000] Episode 88514315 (state=COMPLETED)
  Replay: downloaded
  Submitted agent appears to be agent 0
  Agent logs: skipped (--replay-only)

[609/1000] Episode 88513782 (state=COMPLETED)
  Replay: downloaded
  Submitted agent appears to be agent 0
  Agent logs: skipped (--replay-only)

[610/1000] Episode 88513268 (state=COMPLETED)
  Replay: downloaded
  Submitted agent appears to be agent 0
  Agent logs: skipped (--replay-only)

[611/1000] Episode 88513226 (state=COMPLETED)
  Replay: downloaded
  Submitted agent appears to be agent 0
  Agent logs: skipped (--replay-only)

[612/1000] Episode 88512195 (state=COMPLETED)
  Replay: downloaded
  Submitted agent appears to be agent 1
  Agent logs: skipped (--replay-only)

[613/1000] Episode 88512716 (state=COMPLETED)
  Replay: downloaded
  Submitted agent appears to be agent 1
  Agent logs: skipped (--replay-only)

[614/1000] Episode 88512722 (state=COMPLETED)
  Replay: downloaded
  Submitted agent appears to be agent 0
  Agent logs: skipped (--replay-only)

[615/1000] Episode 88511652 (state=COMPLETED)
  Replay: downloaded
  Submitted agent appears to be agent 1
  Agent logs: skipped (--replay-only)

[616/1000] Episode 88511670 (state=COMPLETED)
  Replay: downloaded
  Submitted agent appears to be agent 1
  Agent logs: skipped (--replay-only)

[617/1000] Episode 88511120 (state=COMPLETED)
  Replay: downloaded
  Submitted agent appears to be agent 1
  Agent logs: skipped (--replay-only)

[618/1000] Episode 88511142 (state=COMPLETED)
  Replay: downloaded
  Submitted agent appears to be agent 0
  Agent logs: skipped (--replay-only)

[619/1000] Episode 88510518 (state=COMPLETED)
  Replay: downloaded
  Submitted agent appears to be agent 0
  Agent logs: skipped (--replay-only)

[620/1000] Episode 88510616 (state=COMPLETED)
  Replay: downloaded
  Submitted agent appears to be agent 0
  Agent logs: skipped (--replay-only)

[621/1000] Episode 88510086 (state=COMPLETED)
  Replay: downloaded
  Submitted agent appears to be agent 1
  Agent logs: skipped (--replay-only)

[622/1000] Episode 88509034 (state=COMPLETED)
  Replay: downloaded
  Submitted agent appears to be agent 0
  Agent logs: skipped (--replay-only)

[623/1000] Episode 88509564 (state=COMPLETED)
  Replay: downloaded
  Submitted agent appears to be agent 0
  Agent logs: skipped (--replay-only)

[624/1000] Episode 88509563 (state=COMPLETED)
  Replay: downloaded
  Submitted agent appears to be agent 0
  Agent logs: skipped (--replay-only)

[625/1000] Episode 88508501 (state=COMPLETED)
  Replay: downloaded
  Submitted agent appears to be agent 0
  Agent logs: skipped (--replay-only)

[626/1000] Episode 88507438 (state=COMPLETED)
  Replay: downloaded
  Submitted agent appears to be agent 1
  Agent logs: skipped (--replay-only)

[627/1000] Episode 88507973 (state=COMPLETED)
  Replay: downloaded
  Submitted agent appears to be agent 1
  Agent logs: skipped (--replay-only)

[628/1000] Episode 88507957 (state=COMPLETED)
  Replay: downloaded
  Submitted agent appears to be agent 1
  Agent logs: skipped (--replay-only)

[629/1000] Episode 88506908 (state=COMPLETED)
  Replay: downloaded
  Submitted agent appears to be agent 1
  Agent logs: skipped (--replay-only)

[630/1000] Episode 88506359 (state=COMPLETED)
  Replay: downloaded
  Submitted agent appears to be agent 0
  Agent logs: skipped (--replay-only)

[631/1000] Episode 88505821 (state=COMPLETED)
  Replay: downloaded
  Submitted agent appears to be agent 1
  Agent logs: skipped (--replay-only)

[632/1000] Episode 88505281 (state=COMPLETED)
  Replay: downloaded
  Submitted agent appears to be agent 1
  Agent logs: skipped (--replay-only)

[633/1000] Episode 88504762 (state=COMPLETED)
  Replay: downloaded
  Submitted agent appears to be agent 1
  Agent logs: skipped (--replay-only)

[634/1000] Episode 88504218 (state=COMPLETED)
  Replay: downloaded
  Submitted agent appears to be agent 1
  Agent logs: skipped (--replay-only)

[635/1000] Episode 88504226 (state=COMPLETED)
  Replay: downloaded
  Submitted agent appears to be agent 1
  Agent logs: skipped (--replay-only)

[636/1000] Episode 88503695 (state=COMPLETED)
  Replay: downloaded
  Submitted agent appears to be agent 0
  Agent logs: skipped (--replay-only)

[637/1000] Episode 88502969 (state=COMPLETED)
  Replay: downloaded
  Submitted agent appears to be agent 0
  Agent logs: skipped (--replay-only)

[638/1000] Episode 88503090 (state=COMPLETED)
  Replay: downloaded
  Submitted agent appears to be agent 0
  Agent logs: skipped (--replay-only)

[639/1000] Episode 88502465 (state=COMPLETED)
  Replay: downloaded
  Submitted agent appears to be agent 0
  Agent logs: skipped (--replay-only)

[640/1000] Episode 88502501 (state=COMPLETED)
  Replay: downloaded
  Submitted agent appears to be agent 0
  Agent logs: skipped (--replay-only)

[641/1000] Episode 88501919 (state=COMPLETED)
  Replay: downloaded
  Submitted agent appears to be agent 1
  Agent logs: skipped (--replay-only)

[642/1000] Episode 88501383 (state=COMPLETED)
  Replay: downloaded
  Submitted agent appears to be agent 0
  Agent logs: skipped (--replay-only)

[643/1000] Episode 88500938 (state=COMPLETED)
  Replay: downloaded
  Submitted agent appears to be agent 1
  Agent logs: skipped (--replay-only)

[644/1000] Episode 88500493 (state=COMPLETED)
  Replay: downloaded
  Submitted agent appears to be agent 0
  Agent logs: skipped (--replay-only)

[645/1000] Episode 88500056 (state=COMPLETED)
  Replay: downloaded
  Submitted agent appears to be agent 1
  Agent logs: skipped (--replay-only)

[646/1000] Episode 88499664 (state=COMPLETED)
  Replay: downloaded
  Submitted agent appears to be agent 0
  Agent logs: skipped (--replay-only)

[647/1000] Episode 88499679 (state=COMPLETED)
  Replay: downloaded
  Submitted agent appears to be agent 0
  Agent logs: skipped (--replay-only)

[648/1000] Episode 88499146 (state=COMPLETED)
  Replay: downloaded
  Submitted agent appears to be agent 0
  Agent logs: skipped (--replay-only)

[649/1000] Episode 88499138 (state=COMPLETED)
  Replay: downloaded
  Submitted agent appears to be agent 0
  Agent logs: skipped (--replay-only)

[650/1000] Episode 88498715 (state=COMPLETED)
  Replay: downloaded
  Submitted agent appears to be agent 0
  Agent logs: skipped (--replay-only)

[651/1000] Episode 88498775 (state=COMPLETED)
  Replay: downloaded
  Submitted agent appears to be agent 1
  Agent logs: skipped (--replay-only)

[652/1000] Episode 88498261 (state=COMPLETED)
  Replay: downloaded
  Submitted agent appears to be agent 0
  Agent logs: skipped (--replay-only)

[653/1000] Episode 88497812 (state=COMPLETED)
  Replay: downloaded
  Submitted agent appears to be agent 0
  Agent logs: skipped (--replay-only)

[654/1000] Episode 88497355 (state=COMPLETED)
  Replay: downloaded
  Submitted agent appears to be agent 1
  Agent logs: skipped (--replay-only)

[655/1000] Episode 88497360 (state=COMPLETED)
  Replay: downloaded
  Submitted agent appears to be agent 1
  Agent logs: skipped (--replay-only)

[656/1000] Episode 88496922 (state=COMPLETED)
  Replay: downloaded
  Submitted agent appears to be agent 0
  Agent logs: skipped (--replay-only)

[657/1000] Episode 88496464 (state=COMPLETED)
  Replay: downloaded
  Submitted agent appears to be agent 1
  Agent logs: skipped (--replay-only)

[658/1000] Episode 88496485 (state=COMPLETED)
  Replay: downloaded
  Submitted agent appears to be agent 1
  Agent logs: skipped (--replay-only)

[659/1000] Episode 88496063 (state=COMPLETED)
  Replay: downloaded
  Submitted agent appears to be agent 0
  Agent logs: skipped (--replay-only)

[660/1000] Episode 88495620 (state=COMPLETED)
  Replay: downloaded
  Submitted agent appears to be agent 1
  Agent logs: skipped (--replay-only)

[661/1000] Episode 88495155 (state=COMPLETED)
  Replay: downloaded
  Submitted agent appears to be agent 0
  Agent logs: skipped (--replay-only)

[662/1000] Episode 88494743 (state=COMPLETED)
  Replay: downloaded
  Submitted agent appears to be agent 1
  Agent logs: skipped (--replay-only)

[663/1000] Episode 88494289 (state=COMPLETED)
  Replay: downloaded
  Submitted agent appears to be agent 0
  Agent logs: skipped (--replay-only)

[664/1000] Episode 88493885 (state=COMPLETED)
  Replay: downloaded
  Submitted agent appears to be agent 1
  Agent logs: skipped (--replay-only)

[665/1000] Episode 88493455 (state=COMPLETED)
  Replay: downloaded
  Submitted agent appears to be agent 0
  Agent logs: skipped (--replay-only)

[666/1000] Episode 88491895 (state=COMPLETED)
  Replay: downloaded
  Submitted agent appears to be agent 1
  Agent logs: skipped (--replay-only)

[667/1000] Episode 88489655 (state=COMPLETED)
  Replay: downloaded
  Submitted agent appears to be agent 0
  Agent logs: skipped (--replay-only)

[668/1000] Episode 88486866 (state=COMPLETED)
  Replay: downloaded
  Submitted agent appears to be agent 1
  Agent logs: skipped (--replay-only)

[669/1000] Episode 88485067 (state=COMPLETED)
  Replay: downloaded
  Submitted agent appears to be agent 0
  Agent logs: skipped (--replay-only)

[670/1000] Episode 88477440 (state=COMPLETED)
  Replay: downloaded
  Submitted agent appears to be agent 1
  Agent logs: skipped (--replay-only)

[671/1000] Episode 88477100 (state=COMPLETED)
  Replay: downloaded
  Submitted agent appears to be agent 1
  Agent logs: skipped (--replay-only)

[672/1000] Episode 88475020 (state=COMPLETED)
  Replay: downloaded
  Submitted agent appears to be agent 0
  Agent logs: skipped (--replay-only)

[673/1000] Episode 88462123 (state=COMPLETED)
  Replay: downloaded
  Submitted agent appears to be agent 1
  Agent logs: skipped (--replay-only)

[674/1000] Episode 88461254 (state=COMPLETED)
  Replay: downloaded
  Submitted agent appears to be agent 1
  Agent logs: skipped (--replay-only)

[675/1000] Episode 88460962 (state=COMPLETED)
  Replay: downloaded
  Submitted agent appears to be agent 0
  Agent logs: skipped (--replay-only)

[676/1000] Episode 88451061 (state=COMPLETED)
  Replay: downloaded
  Submitted agent appears to be agent 0
  Agent logs: skipped (--replay-only)

[677/1000] Episode 88446265 (state=COMPLETED)
  Replay: downloaded
  Submitted agent appears to be agent 0
  Agent logs: skipped (--replay-only)

[678/1000] Episode 88446271 (state=COMPLETED)
  Replay: downloaded
  Submitted agent appears to be agent 0
  Agent logs: skipped (--replay-only)

[679/1000] Episode 88444782 (state=COMPLETED)
  Replay: downloaded
  Submitted agent appears to be agent 1
  Agent logs: skipped (--replay-only)

[680/1000] Episode 88445208 (state=COMPLETED)
  Replay: downloaded
  Submitted agent appears to be agent 1
  Agent logs: skipped (--replay-only)

[681/1000] Episode 88439726 (state=COMPLETED)
  Replay: downloaded
  Submitted agent appears to be agent 1
  Agent logs: skipped (--replay-only)

[682/1000] Episode 88437838 (state=COMPLETED)
  Replay: downloaded
  Submitted agent appears to be agent 1
  Agent logs: skipped (--replay-only)

[683/1000] Episode 88435228 (state=COMPLETED)
  Replay: downloaded
  Submitted agent appears to be agent 0
  Agent logs: skipped (--replay-only)

[684/1000] Episode 88435321 (state=COMPLETED)
  Replay: downloaded
  Submitted agent appears to be agent 0
  Agent logs: skipped (--replay-only)

[685/1000] Episode 88431110 (state=COMPLETED)
  Replay: downloaded
  Submitted agent appears to be agent 1
  Agent logs: skipped (--replay-only)

[686/1000] Episode 88428957 (state=COMPLETED)
  Replay: downloaded
  Submitted agent appears to be agent 0
  Agent logs: skipped (--replay-only)

[687/1000] Episode 88428452 (state=COMPLETED)
  Replay: downloaded
  Submitted agent appears to be agent 0
  Agent logs: skipped (--replay-only)

[688/1000] Episode 88426415 (state=COMPLETED)
  Replay: downloaded
  Submitted agent appears to be agent 0
  Agent logs: skipped (--replay-only)

[689/1000] Episode 88425852 (state=COMPLETED)
  Replay: downloaded
  Submitted agent appears to be agent 0
  Agent logs: skipped (--replay-only)

[690/1000] Episode 88425836 (state=COMPLETED)
  Replay: downloaded
  Submitted agent appears to be agent 1
  Agent logs: skipped (--replay-only)

[691/1000] Episode 88425323 (state=COMPLETED)
  Replay: downloaded
  Submitted agent appears to be agent 0
  Agent logs: skipped (--replay-only)

[692/1000] Episode 88424802 (state=COMPLETED)
  Replay: downloaded
  Submitted agent appears to be agent 1
  Agent logs: skipped (--replay-only)

[693/1000] Episode 88424284 (state=COMPLETED)
  Replay: downloaded
  Submitted agent appears to be agent 1
  Agent logs: skipped (--replay-only)

[694/1000] Episode 88423767 (state=COMPLETED)
  Replay: downloaded
  Submitted agent appears to be agent 0
  Agent logs: skipped (--replay-only)

[695/1000] Episode 88423754 (state=COMPLETED)
  Replay: downloaded
  Submitted agent appears to be agent 1
  Agent logs: skipped (--replay-only)

[696/1000] Episode 88423223 (state=COMPLETED)
  Replay: downloaded
  Submitted agent appears to be agent 0
  Agent logs: skipped (--replay-only)

[697/1000] Episode 88422705 (state=COMPLETED)
  Replay: downloaded
  Submitted agent appears to be agent 1
  Agent logs: skipped (--replay-only)

[698/1000] Episode 88422708 (state=COMPLETED)
  Replay: downloaded
  Submitted agent appears to be agent 1
  Agent logs: skipped (--replay-only)

[699/1000] Episode 88422173 (state=COMPLETED)
  Replay: downloaded
  Submitted agent appears to be agent 1
  Agent logs: skipped (--replay-only)

[700/1000] Episode 88422163 (state=COMPLETED)
  Replay: downloaded
  Submitted agent appears to be agent 1
  Agent logs: skipped (--replay-only)

[701/1000] Episode 88421132 (state=COMPLETED)
  Replay: downloaded
  Submitted agent appears to be agent 1
  Agent logs: skipped (--replay-only)

[702/1000] Episode 88421656 (state=COMPLETED)
  Replay: downloaded
  Submitted agent appears to be agent 1
  Agent logs: skipped (--replay-only)

[703/1000] Episode 88421121 (state=COMPLETED)
  Replay: downloaded
  Submitted agent appears to be agent 0
  Agent logs: skipped (--replay-only)

[704/1000] Episode 88420603 (state=COMPLETED)
  Replay: downloaded
  Submitted agent appears to be agent 0
  Agent logs: skipped (--replay-only)

[705/1000] Episode 88420074 (state=COMPLETED)
  Replay: downloaded
  Submitted agent appears to be agent 0
  Agent logs: skipped (--replay-only)

[706/1000] Episode 88419572 (state=COMPLETED)
  Replay: downloaded
  Submitted agent appears to be agent 0
  Agent logs: skipped (--replay-only)

[707/1000] Episode 88419038 (state=COMPLETED)
  Replay: downloaded
  Submitted agent appears to be agent 1
  Agent logs: skipped (--replay-only)

[708/1000] Episode 88418511 (state=COMPLETED)
  Replay: downloaded
  Submitted agent appears to be agent 0
  Agent logs: skipped (--replay-only)

[709/1000] Episode 88418006 (state=COMPLETED)
  Replay: downloaded
  Submitted agent appears to be agent 0
  Agent logs: skipped (--replay-only)

[710/1000] Episode 88416975 (state=COMPLETED)
  Replay: downloaded
  Submitted agent appears to be agent 0
  Agent logs: skipped (--replay-only)

[711/1000] Episode 88417483 (state=COMPLETED)
  Replay: downloaded
  Submitted agent appears to be agent 0
  Agent logs: skipped (--replay-only)

[712/1000] Episode 88416979 (state=COMPLETED)
  Replay: downloaded
  Submitted agent appears to be agent 0
  Agent logs: skipped (--replay-only)

[713/1000] Episode 88416452 (state=COMPLETED)
  Replay: downloaded
  Submitted agent appears to be agent 0
  Agent logs: skipped (--replay-only)

[714/1000] Episode 88415939 (state=COMPLETED)
  Replay: downloaded
  Submitted agent appears to be agent 0
  Agent logs: skipped (--replay-only)

[715/1000] Episode 88415419 (state=COMPLETED)
  Replay: downloaded
  Submitted agent appears to be agent 0
  Agent logs: skipped (--replay-only)

[716/1000] Episode 88414897 (state=COMPLETED)
  Replay: downloaded
  Submitted agent appears to be agent 1
  Agent logs: skipped (--replay-only)

[717/1000] Episode 88414301 (state=COMPLETED)
  Replay: downloaded
  Submitted agent appears to be agent 1
  Agent logs: skipped (--replay-only)

[718/1000] Episode 88413246 (state=COMPLETED)
  Replay: downloaded
  Submitted agent appears to be agent 0
  Agent logs: skipped (--replay-only)

[719/1000] Episode 88412714 (state=COMPLETED)
  Replay: downloaded
  Submitted agent appears to be agent 1
  Agent logs: skipped (--replay-only)

[720/1000] Episode 88413772 (state=COMPLETED)
  Replay: downloaded
  Submitted agent appears to be agent 0
  Agent logs: skipped (--replay-only)

[721/1000] Episode 88413769 (state=COMPLETED)
  Replay: downloaded
  Submitted agent appears to be agent 1
  Agent logs: skipped (--replay-only)

[722/1000] Episode 88413357 (state=COMPLETED)
  Replay: downloaded
  Submitted agent appears to be agent 1
  Agent logs: skipped (--replay-only)

[723/1000] Episode 88412181 (state=COMPLETED)
  Replay: downloaded
  Submitted agent appears to be agent 1
  Agent logs: skipped (--replay-only)

[724/1000] Episode 88411671 (state=COMPLETED)
  Replay: downloaded
  Submitted agent appears to be agent 1
  Agent logs: skipped (--replay-only)

[725/1000] Episode 88410927 (state=COMPLETED)
  Replay: downloaded
  Submitted agent appears to be agent 1
  Agent logs: skipped (--replay-only)

[726/1000] Episode 88411160 (state=COMPLETED)
  Replay: downloaded
  Submitted agent appears to be agent 0
  Agent logs: skipped (--replay-only)

[727/1000] Episode 88410634 (state=COMPLETED)
  Replay: downloaded
  Submitted agent appears to be agent 1
  Agent logs: skipped (--replay-only)

[728/1000] Episode 88409591 (state=COMPLETED)
  Replay: downloaded
  Submitted agent appears to be agent 0
  Agent logs: skipped (--replay-only)

[729/1000] Episode 88410106 (state=COMPLETED)
  Replay: downloaded
  Submitted agent appears to be agent 1
  Agent logs: skipped (--replay-only)

[730/1000] Episode 88409070 (state=COMPLETED)
  Replay: downloaded
  Submitted agent appears to be agent 1
  Agent logs: skipped (--replay-only)

[731/1000] Episode 88408541 (state=COMPLETED)
  Replay: downloaded
  Submitted agent appears to be agent 0
  Agent logs: skipped (--replay-only)

[732/1000] Episode 88408019 (state=COMPLETED)
  Replay: downloaded
  Submitted agent appears to be agent 0
  Agent logs: skipped (--replay-only)

[733/1000] Episode 88407494 (state=COMPLETED)
  Replay: downloaded
  Submitted agent appears to be agent 0
  Agent logs: skipped (--replay-only)

[734/1000] Episode 88406968 (state=COMPLETED)
  Replay: downloaded
  Submitted agent appears to be agent 0
  Agent logs: skipped (--replay-only)

[735/1000] Episode 88406972 (state=COMPLETED)
  Replay: downloaded
  Submitted agent appears to be agent 1
  Agent logs: skipped (--replay-only)

[736/1000] Episode 88406472 (state=COMPLETED)
  Replay: downloaded
  Submitted agent appears to be agent 1
  Agent logs: skipped (--replay-only)

[737/1000] Episode 88406415 (state=COMPLETED)
  Replay: downloaded
  Submitted agent appears to be agent 0
  Agent logs: skipped (--replay-only)

[738/1000] Episode 88405965 (state=COMPLETED)
  Replay: downloaded
  Submitted agent appears to be agent 1
  Agent logs: skipped (--replay-only)

[739/1000] Episode 88405507 (state=COMPLETED)
  Replay: downloaded
  Submitted agent appears to be agent 0
  Agent logs: skipped (--replay-only)

[740/1000] Episode 88405470 (state=COMPLETED)
  Replay: downloaded
  Submitted agent appears to be agent 1
  Agent logs: skipped (--replay-only)

[741/1000] Episode 88404984 (state=COMPLETED)
  Replay: downloaded
  Submitted agent appears to be agent 1
  Agent logs: skipped (--replay-only)

[742/1000] Episode 88404439 (state=COMPLETED)
  Replay: downloaded
  Submitted agent appears to be agent 1
  Agent logs: skipped (--replay-only)

[743/1000] Episode 88403963 (state=COMPLETED)
  Replay: downloaded
  Submitted agent appears to be agent 1
  Agent logs: skipped (--replay-only)

[744/1000] Episode 88403446 (state=COMPLETED)
  Replay: downloaded
  Submitted agent appears to be agent 1
  Agent logs: skipped (--replay-only)

[745/1000] Episode 88401864 (state=COMPLETED)
  Replay: downloaded
  Submitted agent appears to be agent 1
  Agent logs: skipped (--replay-only)

[746/1000] Episode 88400249 (state=COMPLETED)
  Replay: downloaded
  Submitted agent appears to be agent 0
  Agent logs: skipped (--replay-only)

[747/1000] Episode 88399259 (state=COMPLETED)
  Replay: downloaded
  Submitted agent appears to be agent 1
  Agent logs: skipped (--replay-only)

[748/1000] Episode 88396910 (state=COMPLETED)
  Replay: downloaded
  Submitted agent appears to be agent 0
  Agent logs: skipped (--replay-only)

[749/1000] Episode 88396664 (state=COMPLETED)
  Replay: downloaded
  Submitted agent appears to be agent 1
  Agent logs: skipped (--replay-only)

[750/1000] Episode 88396363 (state=COMPLETED)
  Replay: downloaded
  Submitted agent appears to be agent 1
  Agent logs: skipped (--replay-only)

[751/1000] Episode 88393237 (state=COMPLETED)
  Replay: downloaded
  Submitted agent appears to be agent 1
  Agent logs: skipped (--replay-only)

[752/1000] Episode 88391729 (state=COMPLETED)
  Replay: downloaded
  Submitted agent appears to be agent 1
  Agent logs: skipped (--replay-only)

[753/1000] Episode 88389734 (state=COMPLETED)
  Replay: downloaded
  Submitted agent appears to be agent 1
  Agent logs: skipped (--replay-only)

[754/1000] Episode 88387022 (state=COMPLETED)
  Replay: downloaded
  Submitted agent appears to be agent 1
  Agent logs: skipped (--replay-only)

[755/1000] Episode 88385984 (state=COMPLETED)
  Replay: downloaded
  Submitted agent appears to be agent 1
  Agent logs: skipped (--replay-only)

[756/1000] Episode 88382677 (state=COMPLETED)
  Replay: downloaded
  Submitted agent appears to be agent 0
  Agent logs: skipped (--replay-only)

[757/1000] Episode 88381849 (state=COMPLETED)
  Replay: downloaded
  Submitted agent appears to be agent 1
  Agent logs: skipped (--replay-only)

[758/1000] Episode 88381386 (state=COMPLETED)
  Replay: downloaded
  Submitted agent appears to be agent 1
  Agent logs: skipped (--replay-only)

[759/1000] Episode 88381110 (state=COMPLETED)
  Replay: downloaded
  Submitted agent appears to be agent 0
  Agent logs: skipped (--replay-only)

[760/1000] Episode 88378685 (state=COMPLETED)
  Replay: downloaded
  Submitted agent appears to be agent 1
  Agent logs: skipped (--replay-only)

[761/1000] Episode 88377633 (state=COMPLETED)
  Replay: downloaded
  Submitted agent appears to be agent 0
  Agent logs: skipped (--replay-only)

[762/1000] Episode 88377110 (state=COMPLETED)
  Replay: downloaded
  Submitted agent appears to be agent 0
  Agent logs: skipped (--replay-only)

[763/1000] Episode 88376579 (state=COMPLETED)
  Replay: downloaded
  Submitted agent appears to be agent 0
  Agent logs: skipped (--replay-only)

[764/1000] Episode 88376581 (state=COMPLETED)
  Replay: downloaded
  Submitted agent appears to be agent 0
  Agent logs: skipped (--replay-only)

[765/1000] Episode 88376154 (state=COMPLETED)
  Replay: downloaded
  Submitted agent appears to be agent 1
  Agent logs: skipped (--replay-only)

[766/1000] Episode 88374968 (state=COMPLETED)
  Replay: downloaded
  Submitted agent appears to be agent 1
  Agent logs: skipped (--replay-only)

[767/1000] Episode 88374061 (state=COMPLETED)
  Replay: downloaded
  Submitted agent appears to be agent 0
  Agent logs: skipped (--replay-only)

[768/1000] Episode 88373510 (state=COMPLETED)
  Replay: downloaded
  Submitted agent appears to be agent 0
  Agent logs: skipped (--replay-only)

[769/1000] Episode 88372504 (state=COMPLETED)
  Replay: downloaded
  Submitted agent appears to be agent 1
  Agent logs: skipped (--replay-only)

[770/1000] Episode 88372933 (state=COMPLETED)
  Replay: downloaded
  Submitted agent appears to be agent 0
  Agent logs: skipped (--replay-only)

[771/1000] Episode 88370689 (state=COMPLETED)
  Replay: downloaded
  Submitted agent appears to be agent 0
  Agent logs: skipped (--replay-only)

[772/1000] Episode 88369798 (state=COMPLETED)
  Replay: downloaded
  Submitted agent appears to be agent 0
  Agent logs: skipped (--replay-only)

[773/1000] Episode 88367008 (state=COMPLETED)
  Replay: downloaded
  Submitted agent appears to be agent 1
  Agent logs: skipped (--replay-only)

[774/1000] Episode 88364431 (state=COMPLETED)
  Replay: downloaded
  Submitted agent appears to be agent 0
  Agent logs: skipped (--replay-only)

[775/1000] Episode 88359982 (state=COMPLETED)
  Replay: downloaded
  Submitted agent appears to be agent 0
  Agent logs: skipped (--replay-only)

[776/1000] Episode 88353733 (state=COMPLETED)
  Replay: downloaded
  Submitted agent appears to be agent 1
  Agent logs: skipped (--replay-only)

[777/1000] Episode 88353166 (state=COMPLETED)
  Replay: downloaded
  Submitted agent appears to be agent 0
  Agent logs: skipped (--replay-only)

[778/1000] Episode 88352065 (state=COMPLETED)
  Replay: downloaded
  Submitted agent appears to be agent 0
  Agent logs: skipped (--replay-only)

[779/1000] Episode 88352597 (state=COMPLETED)
  Replay: downloaded
  Submitted agent appears to be agent 0
  Agent logs: skipped (--replay-only)

[780/1000] Episode 88352070 (state=COMPLETED)
  Replay: downloaded
  Submitted agent appears to be agent 1
  Agent logs: skipped (--replay-only)

[781/1000] Episode 88351543 (state=COMPLETED)
  Replay: downloaded
  Submitted agent appears to be agent 0
  Agent logs: skipped (--replay-only)

[782/1000] Episode 88351019 (state=COMPLETED)
  Replay: downloaded
  Submitted agent appears to be agent 0
  Agent logs: skipped (--replay-only)

[783/1000] Episode 88351106 (state=COMPLETED)
  Replay: downloaded
  Submitted agent appears to be agent 1
  Agent logs: skipped (--replay-only)

[784/1000] Episode 88350497 (state=COMPLETED)
  Replay: downloaded
  Submitted agent appears to be agent 1
  Agent logs: skipped (--replay-only)

[785/1000] Episode 88349973 (state=COMPLETED)
  Replay: downloaded
  Submitted agent appears to be agent 0
  Agent logs: skipped (--replay-only)

[786/1000] Episode 88349954 (state=COMPLETED)
  Replay: downloaded
  Submitted agent appears to be agent 0
  Agent logs: skipped (--replay-only)

[787/1000] Episode 88349435 (state=COMPLETED)
  Replay: downloaded
  Submitted agent appears to be agent 1
  Agent logs: skipped (--replay-only)

[788/1000] Episode 88348894 (state=COMPLETED)
  Replay: downloaded
  Submitted agent appears to be agent 0
  Agent logs: skipped (--replay-only)

[789/1000] Episode 88348377 (state=COMPLETED)
  Replay: downloaded
  Submitted agent appears to be agent 1
  Agent logs: skipped (--replay-only)

[790/1000] Episode 88347864 (state=COMPLETED)
  Replay: downloaded
  Submitted agent appears to be agent 0
  Agent logs: skipped (--replay-only)

[791/1000] Episode 88347343 (state=COMPLETED)
  Replay: downloaded
  Submitted agent appears to be agent 0
  Agent logs: skipped (--replay-only)

[792/1000] Episode 88347333 (state=COMPLETED)
  Replay: downloaded
  Submitted agent appears to be agent 0
  Agent logs: skipped (--replay-only)

[793/1000] Episode 88347310 (state=COMPLETED)
  Replay: downloaded
  Submitted agent appears to be agent 0
  Agent logs: skipped (--replay-only)

[794/1000] Episode 88346260 (state=COMPLETED)
  Replay: downloaded
  Submitted agent appears to be agent 0
  Agent logs: skipped (--replay-only)

[795/1000] Episode 88346802 (state=COMPLETED)
  Replay: downloaded
  Submitted agent appears to be agent 0
  Agent logs: skipped (--replay-only)

[796/1000] Episode 88346787 (state=COMPLETED)
  Replay: downloaded
  Submitted agent appears to be agent 0
  Agent logs: skipped (--replay-only)

[797/1000] Episode 88346286 (state=COMPLETED)
  Replay: downloaded
  Submitted agent appears to be agent 1
  Agent logs: skipped (--replay-only)

[798/1000] Episode 88344679 (state=COMPLETED)
  Replay: downloaded
  Submitted agent appears to be agent 1
  Agent logs: skipped (--replay-only)

[799/1000] Episode 88345745 (state=COMPLETED)
  Replay: downloaded
  Submitted agent appears to be agent 0
  Agent logs: skipped (--replay-only)

[800/1000] Episode 88345217 (state=COMPLETED)
  Replay: downloaded
  Submitted agent appears to be agent 1
  Agent logs: skipped (--replay-only)

[801/1000] Episode 88344660 (state=COMPLETED)
  Replay: downloaded
  Submitted agent appears to be agent 1
  Agent logs: skipped (--replay-only)

[802/1000] Episode 88344159 (state=COMPLETED)
  Replay: downloaded
  Submitted agent appears to be agent 1
  Agent logs: skipped (--replay-only)

[803/1000] Episode 88343634 (state=COMPLETED)
  Replay: downloaded
  Submitted agent appears to be agent 0
  Agent logs: skipped (--replay-only)

[804/1000] Episode 88342035 (state=COMPLETED)
  Replay: downloaded
  Submitted agent appears to be agent 1
  Agent logs: skipped (--replay-only)

[805/1000] Episode 88343103 (state=COMPLETED)
  Replay: downloaded
  Submitted agent appears to be agent 1
  Agent logs: skipped (--replay-only)

[806/1000] Episode 88342571 (state=COMPLETED)
  Replay: downloaded
  Submitted agent appears to be agent 0
  Agent logs: skipped (--replay-only)

[807/1000] Episode 88341497 (state=COMPLETED)
  Replay: downloaded
  Submitted agent appears to be agent 0
  Agent logs: skipped (--replay-only)

[808/1000] Episode 88340923 (state=COMPLETED)
  Replay: downloaded
  Submitted agent appears to be agent 0
  Agent logs: skipped (--replay-only)

[809/1000] Episode 88340920 (state=COMPLETED)
  Replay: downloaded
  Submitted agent appears to be agent 1
  Agent logs: skipped (--replay-only)

[810/1000] Episode 88340382 (state=COMPLETED)
  Replay: downloaded
  Submitted agent appears to be agent 1
  Agent logs: skipped (--replay-only)

[811/1000] Episode 88340440 (state=COMPLETED)
  Replay: downloaded
  Submitted agent appears to be agent 0
  Agent logs: skipped (--replay-only)

[812/1000] Episode 88339864 (state=COMPLETED)
  Replay: downloaded
  Submitted agent appears to be agent 1
  Agent logs: skipped (--replay-only)

[813/1000] Episode 88339338 (state=COMPLETED)
  Replay: downloaded
  Submitted agent appears to be agent 1
  Agent logs: skipped (--replay-only)

[814/1000] Episode 88339374 (state=COMPLETED)
  Replay: downloaded
  Submitted agent appears to be agent 0
  Agent logs: skipped (--replay-only)

[815/1000] Episode 88338821 (state=COMPLETED)
  Replay: downloaded
  Submitted agent appears to be agent 1
  Agent logs: skipped (--replay-only)

[816/1000] Episode 88338291 (state=COMPLETED)
  Replay: downloaded
  Submitted agent appears to be agent 0
  Agent logs: skipped (--replay-only)

[817/1000] Episode 88337758 (state=COMPLETED)
  Replay: downloaded
  Submitted agent appears to be agent 0
  Agent logs: skipped (--replay-only)

[818/1000] Episode 88337782 (state=COMPLETED)
  Replay: downloaded
  Submitted agent appears to be agent 0
  Agent logs: skipped (--replay-only)

[819/1000] Episode 88337243 (state=COMPLETED)
  Replay: downloaded
  Submitted agent appears to be agent 1
  Agent logs: skipped (--replay-only)

[820/1000] Episode 88337232 (state=COMPLETED)
  Replay: downloaded
  Submitted agent appears to be agent 1
  Agent logs: skipped (--replay-only)

[821/1000] Episode 88337216 (state=COMPLETED)
  Replay: downloaded
  Submitted agent appears to be agent 0
  Agent logs: skipped (--replay-only)

[822/1000] Episode 88336697 (state=COMPLETED)
  Replay: downloaded
  Submitted agent appears to be agent 1
  Agent logs: skipped (--replay-only)

[823/1000] Episode 88336176 (state=COMPLETED)
  Replay: downloaded
  Submitted agent appears to be agent 0
  Agent logs: skipped (--replay-only)

[824/1000] Episode 88335656 (state=COMPLETED)
  Replay: downloaded
  Submitted agent appears to be agent 0
  Agent logs: skipped (--replay-only)

[825/1000] Episode 88335136 (state=COMPLETED)
  Replay: downloaded
  Submitted agent appears to be agent 1
  Agent logs: skipped (--replay-only)

[826/1000] Episode 88335130 (state=COMPLETED)
  Replay: downloaded
  Submitted agent appears to be agent 1
  Agent logs: skipped (--replay-only)

[827/1000] Episode 88334658 (state=COMPLETED)
  Replay: downloaded
  Submitted agent appears to be agent 0
  Agent logs: skipped (--replay-only)

[828/1000] Episode 88334600 (state=COMPLETED)
  Replay: downloaded
  Submitted agent appears to be agent 1
  Agent logs: skipped (--replay-only)

[829/1000] Episode 88334087 (state=COMPLETED)
  Replay: downloaded
  Submitted agent appears to be agent 1
  Agent logs: skipped (--replay-only)

[830/1000] Episode 88333555 (state=COMPLETED)
  Replay: downloaded
  Submitted agent appears to be agent 1
  Agent logs: skipped (--replay-only)

[831/1000] Episode 88333532 (state=COMPLETED)
  Replay: downloaded
  Submitted agent appears to be agent 1
  Agent logs: skipped (--replay-only)

[832/1000] Episode 88331497 (state=COMPLETED)
  Replay: downloaded
  Submitted agent appears to be agent 0
  Agent logs: skipped (--replay-only)

[833/1000] Episode 88333043 (state=COMPLETED)
  Replay: downloaded
  Submitted agent appears to be agent 0
  Agent logs: skipped (--replay-only)

[834/1000] Episode 88332528 (state=COMPLETED)
  Replay: downloaded
  Submitted agent appears to be agent 0
  Agent logs: skipped (--replay-only)

[835/1000] Episode 88332017 (state=COMPLETED)
  Replay: downloaded
  Submitted agent appears to be agent 1
  Agent logs: skipped (--replay-only)

[836/1000] Episode 88331489 (state=COMPLETED)
  Replay: downloaded
  Submitted agent appears to be agent 0
  Agent logs: skipped (--replay-only)

[837/1000] Episode 88330970 (state=COMPLETED)
  Replay: downloaded
  Submitted agent appears to be agent 1
  Agent logs: skipped (--replay-only)

[838/1000] Episode 88329935 (state=COMPLETED)
  Replay: downloaded
  Submitted agent appears to be agent 1
  Agent logs: skipped (--replay-only)

[839/1000] Episode 88330984 (state=COMPLETED)
  Replay: downloaded
  Submitted agent appears to be agent 0
  Agent logs: skipped (--replay-only)

[840/1000] Episode 88330440 (state=COMPLETED)
  Replay: downloaded
  Submitted agent appears to be agent 1
  Agent logs: skipped (--replay-only)

[841/1000] Episode 88329902 (state=COMPLETED)
  Replay: downloaded
  Submitted agent appears to be agent 0
  Agent logs: skipped (--replay-only)

[842/1000] Episode 88329904 (state=COMPLETED)
  Replay: downloaded
  Submitted agent appears to be agent 0
  Agent logs: skipped (--replay-only)

[843/1000] Episode 88329892 (state=COMPLETED)
  Replay: downloaded
  Submitted agent appears to be agent 0
  Agent logs: skipped (--replay-only)

[844/1000] Episode 88329383 (state=COMPLETED)
  Replay: downloaded
  Submitted agent appears to be agent 1
  Agent logs: skipped (--replay-only)

[845/1000] Episode 88329422 (state=COMPLETED)
  Replay: downloaded
  Submitted agent appears to be agent 0
  Agent logs: skipped (--replay-only)

[846/1000] Episode 88328855 (state=COMPLETED)
  Replay: downloaded
  Submitted agent appears to be agent 0
  Agent logs: skipped (--replay-only)

[847/1000] Episode 88328315 (state=COMPLETED)
  Replay: downloaded
  Submitted agent appears to be agent 0
  Agent logs: skipped (--replay-only)

[848/1000] Episode 88327789 (state=COMPLETED)
  Replay: downloaded
  Submitted agent appears to be agent 1
  Agent logs: skipped (--replay-only)

[849/1000] Episode 88327282 (state=COMPLETED)
  Replay: downloaded
  Submitted agent appears to be agent 0
  Agent logs: skipped (--replay-only)

[850/1000] Episode 88326776 (state=COMPLETED)
  Replay: downloaded
  Submitted agent appears to be agent 1
  Agent logs: skipped (--replay-only)

[851/1000] Episode 88326768 (state=COMPLETED)
  Replay: downloaded
  Submitted agent appears to be agent 1
  Agent logs: skipped (--replay-only)

[852/1000] Episode 88326289 (state=COMPLETED)
  Replay: downloaded
  Submitted agent appears to be agent 1
  Agent logs: skipped (--replay-only)

[853/1000] Episode 88326248 (state=COMPLETED)
  Replay: downloaded
  Submitted agent appears to be agent 0
  Agent logs: skipped (--replay-only)

[854/1000] Episode 88325745 (state=COMPLETED)
  Replay: downloaded
  Submitted agent appears to be agent 0
  Agent logs: skipped (--replay-only)

[855/1000] Episode 88325227 (state=COMPLETED)
  Replay: downloaded
  Submitted agent appears to be agent 1
  Agent logs: skipped (--replay-only)

[856/1000] Episode 88324694 (state=COMPLETED)
  Replay: downloaded
  Submitted agent appears to be agent 0
  Agent logs: skipped (--replay-only)

[857/1000] Episode 88324181 (state=COMPLETED)
  Replay: downloaded
  Submitted agent appears to be agent 0
  Agent logs: skipped (--replay-only)

[858/1000] Episode 88324191 (state=COMPLETED)
  Replay: downloaded
  Submitted agent appears to be agent 0
  Agent logs: skipped (--replay-only)

[859/1000] Episode 88323664 (state=COMPLETED)
  Replay: downloaded
  Submitted agent appears to be agent 1
  Agent logs: skipped (--replay-only)

[860/1000] Episode 88323640 (state=COMPLETED)
  Replay: downloaded
  Submitted agent appears to be agent 1
  Agent logs: skipped (--replay-only)

[861/1000] Episode 88323139 (state=COMPLETED)
  Replay: downloaded
  Submitted agent appears to be agent 1
  Agent logs: skipped (--replay-only)

[862/1000] Episode 88323137 (state=COMPLETED)
  Replay: downloaded
  Submitted agent appears to be agent 0
  Agent logs: skipped (--replay-only)

[863/1000] Episode 88322616 (state=COMPLETED)
  Replay: downloaded
  Submitted agent appears to be agent 0
  Agent logs: skipped (--replay-only)

[864/1000] Episode 88322053 (state=COMPLETED)
  Replay: downloaded
  Submitted agent appears to be agent 1
  Agent logs: skipped (--replay-only)

[865/1000] Episode 88321525 (state=COMPLETED)
  Replay: downloaded
  Submitted agent appears to be agent 1
  Agent logs: skipped (--replay-only)

[866/1000] Episode 88320999 (state=COMPLETED)
  Replay: downloaded
  Submitted agent appears to be agent 1
  Agent logs: skipped (--replay-only)

[867/1000] Episode 88321027 (state=COMPLETED)
  Replay: downloaded
  Submitted agent appears to be agent 1
  Agent logs: skipped (--replay-only)

[868/1000] Episode 88320489 (state=COMPLETED)
  Replay: downloaded
  Submitted agent appears to be agent 0
  Agent logs: skipped (--replay-only)

[869/1000] Episode 88319965 (state=COMPLETED)
  Replay: downloaded
  Submitted agent appears to be agent 1
  Agent logs: skipped (--replay-only)

[870/1000] Episode 88319459 (state=COMPLETED)
  Replay: downloaded
  Submitted agent appears to be agent 0
  Agent logs: skipped (--replay-only)

[871/1000] Episode 88319454 (state=COMPLETED)
  Replay: downloaded
  Submitted agent appears to be agent 1
  Agent logs: skipped (--replay-only)

[872/1000] Episode 88318945 (state=COMPLETED)
  Replay: downloaded
  Submitted agent appears to be agent 1
  Agent logs: skipped (--replay-only)

[873/1000] Episode 88318429 (state=COMPLETED)
  Replay: downloaded
  Submitted agent appears to be agent 1
  Agent logs: skipped (--replay-only)

[874/1000] Episode 88317935 (state=COMPLETED)
  Replay: downloaded
  Submitted agent appears to be agent 1
  Agent logs: skipped (--replay-only)

[875/1000] Episode 88317919 (state=COMPLETED)
  Replay: downloaded
  Submitted agent appears to be agent 0
  Agent logs: skipped (--replay-only)

[876/1000] Episode 88317914 (state=COMPLETED)
  Replay: downloaded
  Submitted agent appears to be agent 0
  Agent logs: skipped (--replay-only)

[877/1000] Episode 88317401 (state=COMPLETED)
  Replay: downloaded
  Submitted agent appears to be agent 0
  Agent logs: skipped (--replay-only)

[878/1000] Episode 88316886 (state=COMPLETED)
  Replay: downloaded
  Submitted agent appears to be agent 0
  Agent logs: skipped (--replay-only)

[879/1000] Episode 88316858 (state=COMPLETED)
  Replay: downloaded
  Submitted agent appears to be agent 0
  Agent logs: skipped (--replay-only)

[880/1000] Episode 88316366 (state=COMPLETED)
  Replay: downloaded
  Submitted agent appears to be agent 0
  Agent logs: skipped (--replay-only)

[881/1000] Episode 88315856 (state=COMPLETED)
  Replay: downloaded
  Submitted agent appears to be agent 0
  Agent logs: skipped (--replay-only)

[882/1000] Episode 88315860 (state=COMPLETED)
  Replay: downloaded
  Submitted agent appears to be agent 1
  Agent logs: skipped (--replay-only)

[883/1000] Episode 88315338 (state=COMPLETED)
  Replay: downloaded
  Submitted agent appears to be agent 1
  Agent logs: skipped (--replay-only)

[884/1000] Episode 88314834 (state=COMPLETED)
  Replay: downloaded
  Submitted agent appears to be agent 0
  Agent logs: skipped (--replay-only)

[885/1000] Episode 88314305 (state=COMPLETED)
  Replay: downloaded
  Submitted agent appears to be agent 1
  Agent logs: skipped (--replay-only)

[886/1000] Episode 88313807 (state=COMPLETED)
  Replay: downloaded
  Submitted agent appears to be agent 1
  Agent logs: skipped (--replay-only)

[887/1000] Episode 88313800 (state=COMPLETED)
  Replay: downloaded
  Submitted agent appears to be agent 0
  Agent logs: skipped (--replay-only)

[888/1000] Episode 88313299 (state=COMPLETED)
  Replay: downloaded
  Submitted agent appears to be agent 0
  Agent logs: skipped (--replay-only)

[889/1000] Episode 88312777 (state=COMPLETED)
  Replay: downloaded
  Submitted agent appears to be agent 0
  Agent logs: skipped (--replay-only)

[890/1000] Episode 88312251 (state=COMPLETED)
  Replay: downloaded
  Submitted agent appears to be agent 0
  Agent logs: skipped (--replay-only)

[891/1000] Episode 88311671 (state=COMPLETED)
  Replay: downloaded
  Submitted agent appears to be agent 0
  Agent logs: skipped (--replay-only)

[892/1000] Episode 88311155 (state=COMPLETED)
  Replay: downloaded
  Submitted agent appears to be agent 1
  Agent logs: skipped (--replay-only)

[893/1000] Episode 88310642 (state=COMPLETED)
  Replay: downloaded
  Submitted agent appears to be agent 0
  Agent logs: skipped (--replay-only)

[894/1000] Episode 88310123 (state=COMPLETED)
  Replay: downloaded
  Submitted agent appears to be agent 0
  Agent logs: skipped (--replay-only)

[895/1000] Episode 88309604 (state=COMPLETED)
  Replay: downloaded
  Submitted agent appears to be agent 1
  Agent logs: skipped (--replay-only)

[896/1000] Episode 88308577 (state=COMPLETED)
  Replay: downloaded
  Submitted agent appears to be agent 1
  Agent logs: skipped (--replay-only)

[897/1000] Episode 88309093 (state=COMPLETED)
  Replay: downloaded
  Submitted agent appears to be agent 0
  Agent logs: skipped (--replay-only)

[898/1000] Episode 88308146 (state=COMPLETED)
  Replay: downloaded
  Submitted agent appears to be agent 0
  Agent logs: skipped (--replay-only)

[899/1000] Episode 88308055 (state=COMPLETED)
  Replay: downloaded
  Submitted agent appears to be agent 0
  Agent logs: skipped (--replay-only)

[900/1000] Episode 88307527 (state=COMPLETED)
  Replay: downloaded
  Submitted agent appears to be agent 1
  Agent logs: skipped (--replay-only)

[901/1000] Episode 88307030 (state=COMPLETED)
  Replay: downloaded
  Submitted agent appears to be agent 1
  Agent logs: skipped (--replay-only)

[902/1000] Episode 88306527 (state=COMPLETED)
  Replay: downloaded
  Submitted agent appears to be agent 0
  Agent logs: skipped (--replay-only)

[903/1000] Episode 88306023 (state=COMPLETED)
  Replay: downloaded
  Submitted agent appears to be agent 1
  Agent logs: skipped (--replay-only)

[904/1000] Episode 88305587 (state=COMPLETED)
  Replay: downloaded
  Submitted agent appears to be agent 1
  Agent logs: skipped (--replay-only)

[905/1000] Episode 88304994 (state=COMPLETED)
  Replay: downloaded
  Submitted agent appears to be agent 1
  Agent logs: skipped (--replay-only)

[906/1000] Episode 88301696 (state=COMPLETED)
  Replay: downloaded
  Submitted agent appears to be agent 0
  Agent logs: skipped (--replay-only)

[907/1000] Episode 88296414 (state=COMPLETED)
  Replay: downloaded
  Submitted agent appears to be agent 0
  Agent logs: skipped (--replay-only)

[908/1000] Episode 88292961 (state=COMPLETED)
  Replay: downloaded
  Submitted agent appears to be agent 1
  Agent logs: skipped (--replay-only)

[909/1000] Episode 88281365 (state=COMPLETED)
  Replay: downloaded
  Submitted agent appears to be agent 1
  Agent logs: skipped (--replay-only)

[910/1000] Episode 88281112 (state=COMPLETED)
  Replay: downloaded
  Submitted agent appears to be agent 0
  Agent logs: skipped (--replay-only)

[911/1000] Episode 88266013 (state=COMPLETED)
  Replay: downloaded
  Submitted agent appears to be agent 1
  Agent logs: skipped (--replay-only)

[912/1000] Episode 88258639 (state=COMPLETED)
  Replay: downloaded
  Submitted agent appears to be agent 1
  Agent logs: skipped (--replay-only)

[913/1000] Episode 88255893 (state=COMPLETED)
  Replay: downloaded
  Submitted agent appears to be agent 1
  Agent logs: skipped (--replay-only)

[914/1000] Episode 88254923 (state=COMPLETED)
  Replay: downloaded
  Submitted agent appears to be agent 1
  Agent logs: skipped (--replay-only)

[915/1000] Episode 88254377 (state=COMPLETED)
  Replay: downloaded
  Submitted agent appears to be agent 0
  Agent logs: skipped (--replay-only)

[916/1000] Episode 88253821 (state=COMPLETED)
  Replay: downloaded
  Submitted agent appears to be agent 1
  Agent logs: skipped (--replay-only)

[917/1000] Episode 88253320 (state=COMPLETED)
  Replay: downloaded
  Submitted agent appears to be agent 1
  Agent logs: skipped (--replay-only)

[918/1000] Episode 88252837 (state=COMPLETED)
  Replay: downloaded
  Submitted agent appears to be agent 0
  Agent logs: skipped (--replay-only)

[919/1000] Episode 88252299 (state=COMPLETED)
  Replay: downloaded
  Submitted agent appears to be agent 1
  Agent logs: skipped (--replay-only)

[920/1000] Episode 88251789 (state=COMPLETED)
  Replay: downloaded
  Submitted agent appears to be agent 0
  Agent logs: skipped (--replay-only)

[921/1000] Episode 88251266 (state=COMPLETED)
  Replay: downloaded
  Submitted agent appears to be agent 0
  Agent logs: skipped (--replay-only)

[922/1000] Episode 88249669 (state=COMPLETED)
  Replay: downloaded
  Submitted agent appears to be agent 0
  Agent logs: skipped (--replay-only)

[923/1000] Episode 88248607 (state=COMPLETED)
  Replay: downloaded
  Submitted agent appears to be agent 0
  Agent logs: skipped (--replay-only)

[924/1000] Episode 88248298 (state=COMPLETED)
  Replay: downloaded
  Submitted agent appears to be agent 1
  Agent logs: skipped (--replay-only)

[925/1000] Episode 88248589 (state=COMPLETED)
  Replay: downloaded
  Submitted agent appears to be agent 1
  Agent logs: skipped (--replay-only)

[926/1000] Episode 88246984 (state=COMPLETED)
  Replay: downloaded
  Submitted agent appears to be agent 0
  Agent logs: skipped (--replay-only)

[927/1000] Episode 88246420 (state=COMPLETED)
  Replay: downloaded
  Submitted agent appears to be agent 1
  Agent logs: skipped (--replay-only)

[928/1000] Episode 88244884 (state=COMPLETED)
  Replay: downloaded
  Submitted agent appears to be agent 1
  Agent logs: skipped (--replay-only)

[929/1000] Episode 88244265 (state=COMPLETED)
  Replay: downloaded
  Submitted agent appears to be agent 1
  Agent logs: skipped (--replay-only)

[930/1000] Episode 88244393 (state=COMPLETED)
  Replay: downloaded
  Submitted agent appears to be agent 1
  Agent logs: skipped (--replay-only)

[931/1000] Episode 88239078 (state=COMPLETED)
  Replay: downloaded
  Submitted agent appears to be agent 0
  Agent logs: skipped (--replay-only)

[932/1000] Episode 88233654 (state=COMPLETED)
  Replay: downloaded
  Submitted agent appears to be agent 1
  Agent logs: skipped (--replay-only)

[933/1000] Episode 88232765 (state=COMPLETED)
  Replay: downloaded
  Submitted agent appears to be agent 1
  Agent logs: skipped (--replay-only)

[934/1000] Episode 88225199 (state=COMPLETED)
  Replay: downloaded
  Submitted agent appears to be agent 1
  Agent logs: skipped (--replay-only)

[935/1000] Episode 88224901 (state=COMPLETED)
  Replay: downloaded
  Submitted agent appears to be agent 0
  Agent logs: skipped (--replay-only)

[936/1000] Episode 88218280 (state=COMPLETED)
  Replay: downloaded
  Submitted agent appears to be agent 0
  Agent logs: skipped (--replay-only)

[937/1000] Episode 88217256 (state=COMPLETED)
  Replay: downloaded
  Submitted agent appears to be agent 0
  Agent logs: skipped (--replay-only)

[938/1000] Episode 88215619 (state=COMPLETED)
  Replay: downloaded
  Submitted agent appears to be agent 0
  Agent logs: skipped (--replay-only)

[939/1000] Episode 88213164 (state=COMPLETED)
  Replay: downloaded
  Submitted agent appears to be agent 1
  Agent logs: skipped (--replay-only)

[940/1000] Episode 88211566 (state=COMPLETED)
  Replay: downloaded
  Submitted agent appears to be agent 0
  Agent logs: skipped (--replay-only)

[941/1000] Episode 88211042 (state=COMPLETED)
  Replay: downloaded
  Submitted agent appears to be agent 0
  Agent logs: skipped (--replay-only)

[942/1000] Episode 88210975 (state=COMPLETED)
  Replay: downloaded
  Submitted agent appears to be agent 0
  Agent logs: skipped (--replay-only)

[943/1000] Episode 88210571 (state=COMPLETED)
  Replay: downloaded
  Submitted agent appears to be agent 1
  Agent logs: skipped (--replay-only)

[944/1000] Episode 88208293 (state=COMPLETED)
  Replay: downloaded
  Submitted agent appears to be agent 0
  Agent logs: skipped (--replay-only)

[945/1000] Episode 88206895 (state=COMPLETED)
  Replay: downloaded
  Submitted agent appears to be agent 0
  Agent logs: skipped (--replay-only)

[946/1000] Episode 88203071 (state=COMPLETED)
  Replay: downloaded
  Submitted agent appears to be agent 0
  Agent logs: skipped (--replay-only)

[947/1000] Episode 88202640 (state=COMPLETED)
  Replay: downloaded
  Submitted agent appears to be agent 1
  Agent logs: skipped (--replay-only)

[948/1000] Episode 88198447 (state=COMPLETED)
  Replay: downloaded
  Submitted agent appears to be agent 0
  Agent logs: skipped (--replay-only)

[949/1000] Episode 88195234 (state=COMPLETED)
  Replay: downloaded
  Submitted agent appears to be agent 0
  Agent logs: skipped (--replay-only)

[950/1000] Episode 88192549 (state=COMPLETED)
  Replay: downloaded
  Submitted agent appears to be agent 0
  Agent logs: skipped (--replay-only)

[951/1000] Episode 88192025 (state=COMPLETED)
  Replay: downloaded
  Submitted agent appears to be agent 0
  Agent logs: skipped (--replay-only)

[952/1000] Episode 88191006 (state=COMPLETED)
  Replay: downloaded
  Submitted agent appears to be agent 1
  Agent logs: skipped (--replay-only)

[953/1000] Episode 88189392 (state=COMPLETED)
  Replay: downloaded
  Submitted agent appears to be agent 1
  Agent logs: skipped (--replay-only)

[954/1000] Episode 88188881 (state=COMPLETED)
  Replay: downloaded
  Submitted agent appears to be agent 1
  Agent logs: skipped (--replay-only)

[955/1000] Episode 88188319 (state=COMPLETED)
  Replay: downloaded
  Submitted agent appears to be agent 1
  Agent logs: skipped (--replay-only)

[956/1000] Episode 88187804 (state=COMPLETED)
  Replay: downloaded
  Submitted agent appears to be agent 0
  Agent logs: skipped (--replay-only)

[957/1000] Episode 88187237 (state=COMPLETED)
  Replay: downloaded
  Submitted agent appears to be agent 1
  Agent logs: skipped (--replay-only)

[958/1000] Episode 88186680 (state=COMPLETED)
  Replay: downloaded
  Submitted agent appears to be agent 0
  Agent logs: skipped (--replay-only)

[959/1000] Episode 88186123 (state=COMPLETED)
  Replay: downloaded
  Submitted agent appears to be agent 1
  Agent logs: skipped (--replay-only)

[960/1000] Episode 88186178 (state=COMPLETED)
  Replay: downloaded
  Submitted agent appears to be agent 0
  Agent logs: skipped (--replay-only)

[961/1000] Episode 88185662 (state=COMPLETED)
  Replay: downloaded
  Submitted agent appears to be agent 1
  Agent logs: skipped (--replay-only)

[962/1000] Episode 88184587 (state=COMPLETED)
  Replay: downloaded
  Submitted agent appears to be agent 0
  Agent logs: skipped (--replay-only)

[963/1000] Episode 88185088 (state=COMPLETED)
  Replay: downloaded
  Submitted agent appears to be agent 1
  Agent logs: skipped (--replay-only)

[964/1000] Episode 88185105 (state=COMPLETED)
  Replay: downloaded
  Submitted agent appears to be agent 1
  Agent logs: skipped (--replay-only)

[965/1000] Episode 88184045 (state=COMPLETED)
  Replay: downloaded
  Submitted agent appears to be agent 0
  Agent logs: skipped (--replay-only)

[966/1000] Episode 88183542 (state=COMPLETED)
  Replay: downloaded
  Submitted agent appears to be agent 0
  Agent logs: skipped (--replay-only)

[967/1000] Episode 88182985 (state=COMPLETED)
  Replay: downloaded
  Submitted agent appears to be agent 0
  Agent logs: skipped (--replay-only)

[968/1000] Episode 88182451 (state=COMPLETED)
  Replay: downloaded
  Submitted agent appears to be agent 1
  Agent logs: skipped (--replay-only)

[969/1000] Episode 88181912 (state=COMPLETED)
  Replay: downloaded
  Submitted agent appears to be agent 1
  Agent logs: skipped (--replay-only)

[970/1000] Episode 88181353 (state=COMPLETED)
  Replay: downloaded
  Submitted agent appears to be agent 0
  Agent logs: skipped (--replay-only)

[971/1000] Episode 88180829 (state=COMPLETED)
  Replay: downloaded
  Submitted agent appears to be agent 0
  Agent logs: skipped (--replay-only)

[972/1000] Episode 88180295 (state=COMPLETED)
  Replay: downloaded
  Submitted agent appears to be agent 1
  Agent logs: skipped (--replay-only)

[973/1000] Episode 88179788 (state=COMPLETED)
  Replay: downloaded
  Submitted agent appears to be agent 0
  Agent logs: skipped (--replay-only)

[974/1000] Episode 88179274 (state=COMPLETED)
  Replay: downloaded
  Submitted agent appears to be agent 1
  Agent logs: skipped (--replay-only)

[975/1000] Episode 88178786 (state=COMPLETED)
  Replay: downloaded
  Submitted agent appears to be agent 0
  Agent logs: skipped (--replay-only)

[976/1000] Episode 88178241 (state=COMPLETED)
  Replay: downloaded
  Submitted agent appears to be agent 1
  Agent logs: skipped (--replay-only)

[977/1000] Episode 88177730 (state=COMPLETED)
  Replay: downloaded
  Submitted agent appears to be agent 0
  Agent logs: skipped (--replay-only)

[978/1000] Episode 88176639 (state=COMPLETED)
  Replay: downloaded
  Submitted agent appears to be agent 1
  Agent logs: skipped (--replay-only)

[979/1000] Episode 88175078 (state=COMPLETED)
  Replay: downloaded
  Submitted agent appears to be agent 1
  Agent logs: skipped (--replay-only)

[980/1000] Episode 88175064 (state=COMPLETED)
  Replay: downloaded
  Submitted agent appears to be agent 0
  Agent logs: skipped (--replay-only)

[981/1000] Episode 88172479 (state=COMPLETED)
  Replay: downloaded
  Submitted agent appears to be agent 1
  Agent logs: skipped (--replay-only)

[982/1000] Episode 88172405 (state=COMPLETED)
  Replay: downloaded
  Submitted agent appears to be agent 0
  Agent logs: skipped (--replay-only)

[983/1000] Episode 88171332 (state=COMPLETED)
  Replay: downloaded
  Submitted agent appears to be agent 0
  Agent logs: skipped (--replay-only)

[984/1000] Episode 88171431 (state=COMPLETED)
  Replay: downloaded
  Submitted agent appears to be agent 1
  Agent logs: skipped (--replay-only)

[985/1000] Episode 88167675 (state=COMPLETED)
  Replay: downloaded
  Submitted agent appears to be agent 0
  Agent logs: skipped (--replay-only)

[986/1000] Episode 88167131 (state=COMPLETED)
  Replay: downloaded
  Submitted agent appears to be agent 0
  Agent logs: skipped (--replay-only)

[987/1000] Episode 88166595 (state=COMPLETED)
  Replay: downloaded
  Submitted agent appears to be agent 0
  Agent logs: skipped (--replay-only)

[988/1000] Episode 88166070 (state=COMPLETED)
  Replay: downloaded
  Submitted agent appears to be agent 1
  Agent logs: skipped (--replay-only)

[989/1000] Episode 88166077 (state=COMPLETED)
  Replay: downloaded
  Submitted agent appears to be agent 0
  Agent logs: skipped (--replay-only)

[990/1000] Episode 88165561 (state=COMPLETED)
  Replay: downloaded
  Submitted agent appears to be agent 0
  Agent logs: skipped (--replay-only)

[991/1000] Episode 88165075 (state=COMPLETED)
  Replay: downloaded
  Submitted agent appears to be agent 1
  Agent logs: skipped (--replay-only)

[992/1000] Episode 88165023 (state=COMPLETED)
  Replay: downloaded
  Submitted agent appears to be agent 0
  Agent logs: skipped (--replay-only)

[993/1000] Episode 88164487 (state=COMPLETED)
  Replay: downloaded
  Submitted agent appears to be agent 0
  Agent logs: skipped (--replay-only)

[994/1000] Episode 88163918 (state=COMPLETED)
  Replay: downloaded
  Submitted agent appears to be agent 0
  Agent logs: skipped (--replay-only)

[995/1000] Episode 88163390 (state=COMPLETED)
  Replay: downloaded
  Submitted agent appears to be agent 1
  Agent logs: skipped (--replay-only)

[996/1000] Episode 88162865 (state=COMPLETED)
  Replay: downloaded
  Submitted agent appears to be agent 1
  Agent logs: skipped (--replay-only)

[997/1000] Episode 88162328 (state=COMPLETED)
  Replay: downloaded
  Submitted agent appears to be agent 1
  Agent logs: skipped (--replay-only)

[998/1000] Episode 88162238 (state=COMPLETED)
  Replay: downloaded
  Submitted agent appears to be agent 1
  Agent logs: skipped (--replay-only)

[999/1000] Episode 88161793 (state=COMPLETED)
  Replay: downloaded
  Submitted agent appears to be agent 1
  Agent logs: skipped (--replay-only)

[1000/1000] Episode 88160179 (state=COMPLETED)
  Replay: downloaded
  Submitted agent appears to be agent 1
  Agent logs: skipped (--replay-only)

=== Summary ===
Episodes processed: 1000
Replays available: 1000/1000
Agent logs available: 0/2000
Episodes with at least one failure: 0
Manifest: C:\Users\shiba\ptcc_pokemon_ai_buttle\data\runs\alakazam\20260801_yushin_54773249_refresh\manifest.csv
ZIP: C:\Users\shiba\ptcc_pokemon_ai_buttle\data\runs\alakazam\20260801_yushin_54773249_refresh.zip
