tree
version=v4
num_class=1
num_tree_per_iteration=1
label_index=0
max_feature_idx=224
objective=lambdarank
feature_names=turn turn_action_count first_player_is_self energy_attached retreated stadium_played supporter_played self_hand_count self_deck_count self_prize_count self_bench_count opp_hand_count opp_deck_count opp_prize_count opp_bench_count self_total_energy opp_total_energy self_total_hp opp_total_hp self_status_count opp_status_count early_game mid_game late_game deck_low_10 deck_low_5 current_powerful_hand_damage self_active_id self_active_hp self_active_max_hp self_active_damage self_active_energy self_active_special_energy self_active_tool_count self_active_appear_this_turn opp_active_id opp_active_hp opp_active_max_hp opp_active_damage opp_active_energy opp_active_special_energy opp_active_tool_count opp_active_appear_this_turn self_bench_open self_bench_min_hp self_bench_max_hp self_bench_max_energy self_bench_total_damage self_bench_damaged_count self_bench_low_hp_count opp_bench_open opp_bench_min_hp opp_bench_max_hp opp_bench_max_energy opp_bench_total_damage opp_bench_damaged_count opp_bench_low_hp_count hand_5 field_5 discard_5 opp_field_5 hand_13 field_13 discard_13 opp_field_13 hand_19 field_19 discard_19 opp_field_19 hand_66 field_66 discard_66 opp_field_66 hand_140 field_140 discard_140 opp_field_140 hand_305 field_305 discard_305 opp_field_305 hand_343 field_343 discard_343 opp_field_343 hand_741 field_741 discard_741 opp_field_741 hand_742 field_742 discard_742 opp_field_742 hand_743 field_743 discard_743 opp_field_743 hand_1079 field_1079 discard_1079 opp_field_1079 hand_1081 field_1081 discard_1081 opp_field_1081 hand_1086 field_1086 discard_1086 opp_field_1086 hand_1097 field_1097 discard_1097 opp_field_1097 hand_1129 field_1129 discard_1129 opp_field_1129 hand_1152 field_1152 discard_1152 opp_field_1152 hand_1182 field_1182 discard_1182 opp_field_1182 hand_1197 field_1197 discard_1197 opp_field_1197 hand_1225 field_1225 discard_1225 opp_field_1225 hand_1231 field_1231 discard_1231 opp_field_1231 hand_1266 field_1266 discard_1266 opp_field_1266 ready_alakazam_count has_ready_alakazam field_route_body_count has_abra_anywhere has_bridge_anywhere has_alakazam_anywhere has_psychic_energy_in_hand complete_route_components needs_first_abra needs_stage2 needs_attacker_energy dudunsparce_engine_count dunsparce_engine_count stadium_id select_type select_context select_min_count select_max_count option_type candidate_card_id candidate_attack_id candidate_area candidate_inplay_area candidate_target_id candidate_target_hp candidate_target_max_hp candidate_target_energy candidate_target_special_energy candidate_target_appear_this_turn candidate_target_is_active candidate_target_is_bench candidate_hand_cost post_action_hand_count post_action_powerful_hand_damage current_ko_estimate post_action_ko_estimate breaks_current_ko_estimate preserves_current_ko_estimate powerful_hand_attack_option attack_lethal_estimate attack_overkill_estimate candidate_is_route_card candidate_is_abra candidate_is_kadabra candidate_is_alakazam candidate_is_rare_candy candidate_is_psychic_energy target_is_abra target_is_kadabra target_is_alakazam target_is_dunsparce target_is_dudunsparce candidate_fills_missing_abra candidate_fills_stage2 candidate_fills_energy action_type is_attack is_retreat is_end is_evolve is_ability is_energy is_boss is_xerosic is_hammer is_bench is_trainer is_other hammer_opp_active_energy_value hammer_opp_active_special_energy_value xerosic_opp_hand_value boss_opp_bench_value boss_opp_bench_low_hp_value retreat_active_damage_value retreat_status_value energy_target_existing_energy_value energy_target_is_alakazam_value energy_target_is_fezandipiti_value evolve_target_is_abra_value evolve_target_is_kadabra_value bench_early_game_value ability_low_deck_risk trainer_low_deck_risk end_has_attack_ready_penalty
feature_infos=[1:1224] [1:30] [0:1] [0:1] [0:1] [0:1] [0:1] [0:35] [0:47] [1:6] [0:5] [0:24] [0:48] [1:6] [0:8] [0:7] [0:19] [10:910] [10:1720] [0:1] [0:1] [0:1] [0:1] [0:1] [0:1] [0:1] [0:700] -1:743:140:742:741:305:66:343 [10:210] [50:210] [0:200] [0:4] [0:4] [0:1] [0:1] -1:743:431:756:140:648:345:414:305:93:381:400:741:401:1031:434:112:646:647:678:742:343:432:344:121:190:860:861:104:380:676:387:463:66:235:506:341:1030:666:90:649:117:169:92:379:293:342:89:723:58:879:120:878:677:65:119:247:674:721:265:722:131:675:849:57:304:673:96:1071:73:229:63:272:184:164:163:891:299:320:271:116:269:655:303:311:791:150:745:138:848:37:162:689:141:607:108:767:583:31:554:170:297:746:183:1055:74:142:358:474:597:858:100:174:42:81:270:292:132:228:602:268:122:747:794:828:192:227:214:827:139:204:210 [10:440] [30:440] [0:420] [0:10] [0:10] [0:1] [0:1] [0:5] [0:210] [0:210] [0:6] [0:360] [0:5] [0:5] [0:8] [0:400] [0:440] [0:8] [0:980] [0:5] [0:5] [0:3] none [0:3] none [0:1] none [0:1] none [0:4] none [0:4] none [0:3] [0:3] [0:3] [0:3] [0:1] [0:1] [0:1] [0:2] [0:4] [0:4] [0:4] [0:4] [0:1] [0:1] [0:1] [0:1] [0:3] [0:4] [0:4] [0:4] [0:4] [0:4] [0:4] [0:4] [0:4] [0:4] [0:4] [0:4] [0:4] none [0:4] none [0:4] none [0:4] none [0:4] none [0:4] none [0:1] none [0:1] none [0:1] none [0:1] none [0:4] none [0:4] none [0:3] none [0:3] none [0:3] none [0:3] none [0:4] none [0:4] none [0:4] none [0:4] none [0:2] none [0:2] none [0:4] [0:1] [0:4] [0:1] [0:1] [0:1] [0:1] [0:4] [0:1] [0:1] [0:1] [0:3] [0:4] -1:1266:1247:1257:1259:1264:1245:1261:1262:1246:1244:1252:1256:1255:1260:1253:1254:1248:1249:1250:1242:1267:1258 none none none none -1:7:8:9:14:12:13:10 -1:19:5:13:1231:1225:1152:66:743:1086:1182:305:1197:1266:742:140:1184:343:1097:1081:1079:1129:741:1247:1156:142:1110 -1:1072:1071:1070:183:423:424 [-1:7] [-1:5] -1:742:305:743:741:140:66:343:142 [0:210] [0:210] [0:4] [0:4] [0:1] [0:1] [0:1] [0:1] [0:35] [0:700] [0:1] [0:1] [0:1] [0:1] [0:1] [0:1] [0:570] [0:1] [0:1] [0:1] [0:1] [0:1] [0:1] [0:1] [0:1] [0:1] [0:1] [0:1] [0:1] [0:1] [0:1] -1:10:5:6:4:2:9:1:3:11:0:7 [0:1] [0:1] [0:1] [0:1] [0:1] [0:1] [0:1] [0:1] [0:1] [0:1] [0:1] none [0:7] [0:6] [0:22] [0:5] [0:5] [0:200] none [0:4] [0:1] [0:1] [0:1] [0:1] [0:1] [0:1] [0:1] [0:1]
tree_sizes=4123 4354 4150 4182 4127 4110 4142 4073 4162 4090 4248 3727 3719 4263 4029 3867 4220 4226 4430 4388 4218 4122 4101 4059 4330 4121 4196 4242 4086 3745 4019 4032 4164 3729 4227 4061 4291 3999 4285 4233 4264 4309 4152 4019 3951 4069 3667 4086 4039 4093

Tree=0
num_leaves=31
num_cat=11
split_feature=196 160 223 160 194 195 190 160 160 171 167 164 160 164 164 169 165 159 160 173 171 169 171 198 176 173 180 173 173 176
split_gain=102517 13580.2 11151.9 8217.52 4421.83 3795.04 6493.06 3967.13 2902.37 2172.26 2077.17 2222.12 2022.82 1604.71 1411.98 1143.59 1099.3 1069.88 1036 945.107 1214.58 933.71 978.434 924.834 916.348 805.92 737.292 718.763 605.006 567.086
threshold=0 1 1.0000000180025095e-35 2 1.0000000180025095e-35 1.0000000180025095e-35 1.0000000180025095e-35 3 4 1.0000000180025095e-35 1.0000000180025095e-35 5 6 7 8 1.0000000180025095e-35 1.0000000180025095e-35 9 10 13.500000000000002 1.0000000180025095e-35 1.0000000180025095e-35 1.0000000180025095e-35 1.0000000180025095e-35 1.0000000180025095e-35 5.5000000000000009 1.0000000180025095e-35 6.5000000000000009 12.500000000000002 1.0000000180025095e-35
decision_type=1 9 2 9 2 2 2 9 9 2 2 9 9 9 9 2 2 1 9 2 2 2 2 2 2 2 2 2 2 2
left_child=1 4 3 -2 16 7 -7 12 15 -6 11 24 -5 -12 -13 -3 -1 -10 27 20 26 22 23 29 -9 -18 -19 -4 -14 -16
right_child=2 8 18 5 9 6 -8 10 17 -11 13 14 28 -15 21 -17 25 19 -20 -21 -22 -23 -24 -25 -26 -27 -28 -29 -30 -31
leaf_value=-0.082159434421142152 -0.076811585880976196 0.071324042772303184 -0.082507797417731982 0.044323260275942751 0.076095075925348199 -0.077683806231022182 0.067016242574595195 -0.017645667910461356 0.027388855257601399 -0.033963422954915529 0.022125030756305623 -0.0772477062245195 -0.0048746516017685003 -0.088221406861086912 -0.023282992619086368 0.096227288795973462 0.040798986232298204 0.013328774755236004 -0.097308435286223682 0.076948682207583802 0.067444382911849329 0.01060320646866684 -0.071844162945599602 -0.058826718636427071 0.03462403657127254 -0.033107948395011376 0.050858694206610849 -0.01805896775964401 -0.027737428963151057 -0.039740289575456181
leaf_weight=1071.3103418689279 8216.4571751642507 18158.007212840326 965.58389444631757 1797.7037181328924 1697.6664759006235 1090.203049552365 2680.2467354600085 1817.5060779987252 3844.9832594884501 608.75947920593899 376.57048439790378 1976.49719692496 9281.1688755251234 2706.8884958163835 14118.218178289026 6189.0428566902701 418.30734279833268 2581.1144112895563 7424.6871962761797 4317.1512553527718 4670.4161654897616 1151.4845394019212 1721.1457471206086 3028.6988105943019 1555.7205325159885 3093.070864905545 2655.971554764139 784.48392183132819 4204.6382181070949 8324.7879828379373
leaf_count=22884 177667 151014 7774 15302 8877 47021 18728 39655 33577 15149 6972 75200 107217 86439 228275 25448 3282 38523 212214 44380 34448 22462 64507 88784 27644 71234 27137 16637 85434 168181
internal_value=0 0.0557276 -0.0375278 -0.030147 -0.0094012 -0.023261 0.025171 -0.0267734 0.0663053 0.0470429 -0.035667 -0.0320809 -0.00534452 -0.0749565 -0.0363569 0.0776246 -0.0378327 0.0510171 -0.0890876 0.0573787 0.0489051 -0.0334778 -0.0353571 -0.0328901 0.00644192 -0.0242975 0.0323659 -0.0533296 -0.0119951 -0.0293885
internal_weight=122528 49305.8 73222.7 64047.9 6889.11 55831.5 3770.45 52061 42416.7 2306.43 36777.5 33694.1 15283.5 3083.46 30320.8 24347.1 4582.69 18069.6 9174.76 14224.7 9907.5 28344.3 27192.9 25471.7 3373.23 3511.38 5237.09 1750.07 13485.8 22443
internal_count=1972066 475953 1496113 1259488 121426 1081821 65749 1016072 354527 24026 808119 714708 207953 93411 647409 176462 97400 178065 236625 144488 100108 572209 549747 485240 67299 74516 65660 24411 192651 396456
cat_boundaries=0 1 25 65 104 128 152 187 192 203 204 243
cat_threshold=199 0 0 0 0 0 0 0 0 0 0 8388608 0 0 0 0 0 0 0 0 0 0 0 0 128 8192 0 0 0 0 0 0 0 0 0 0 0 0 0 0 0 0 0 0 0 0 0 0 0 0 0 0 0 0 0 0 0 0 0 0 0 16 0 0 262144 0 0 0 0 16384 0 0 0 0 0 0 0 0 0 0 0 0 0 0 0 0 0 0 0 0 0 0 0 0 0 0 0 0 1082130432 4194816 0 1 8192 2147483648 0 0 4 0 0 0 0 0 0 131072 0 0 0 0 0 0 0 0 0 0 0 0 0 32 0 0 0 0 0 0 0 0 0 0 0 0 0 0 0 0 0 0 0 0 0 0 0 192 0 0 0 0 16384 0 0 0 0 0 0 0 0 0 0 0 0 0 0 0 0 0 0 0 0 0 0 0 0 0 0 0 0 8388608 4194304 0 0 4 0 4096 0 0 0 0 16384 0 0 0 0 131072 8388608 128 0 0 0 0 0 0 0 0 0 0 0 0 0 0 0 0 0 0 0 0 0 0 0 0 0 0 0 0 0 0 0 0 0 8388608 4194816 512 0 1 2147483648
is_linear=0
shrinkage=0.05


Tree=1
num_leaves=31
num_cat=13
split_feature=196 169 223 160 170 216 160 160 170 164 173 213 160 169 203 164 161 161 173 160 176 160 211 160 166 176 173 164 176 173
split_gain=134311 35296.4 25161.8 16831 15603.4 10538.9 10013 7651.09 13635 7050.71 4593.27 6759.22 3843.37 3819.16 3610.94 3299.46 2999.66 2542.6 2219.73 2217.59 2384.92 5396.62 2806.85 2040.28 1974.36 1916.39 1721.08 1701.26 1527.71 2918.95
threshold=0 1.0000000180025095e-35 1.0000000180025095e-35 1 1.0000000180025095e-35 1.0000000180025095e-35 2 3 1.0000000180025095e-35 4 10.500000000000002 1.0000000180025095e-35 5 1.0000000180025095e-35 1.0000000180025095e-35 6 7 8 6.5000000000000009 9 1.0000000180025095e-35 10 7.5000000000000009 11 175.00000000000003 1.0000000180025095e-35 5.5000000000000009 12 1.0000000180025095e-35 7.5000000000000009
decision_type=1 2 2 9 2 2 9 9 2 9 2 2 9 2 2 9 9 9 2 9 2 9 2 9 2 2 2 9 2 2
left_child=1 7 3 19 6 9 10 8 18 -6 11 26 24 15 -12 -14 -9 -18 -1 -2 21 -21 -22 25 -8 -4 -5 -15 29 -17
right_child=2 -3 23 4 5 -7 12 16 -10 -11 14 -13 13 27 -16 28 17 -19 -20 20 22 -23 -24 -25 -26 -27 -28 -29 -30 -31
leaf_value=0.0017860803374296103 0.032762181786947335 0.076744433885377203 -0.065629201831995318 0.027368895080288037 0.044190894109621057 -0.064557910797807913 -0.072797233578746165 0.076253919820778601 0.04639047190908821 -0.02039206319138093 -0.050032125467252914 -0.053437396154464495 -0.078006239962775115 -0.0086183976456576019 0.00061325461237020016 -0.049589059776989096 -0.011437933967299556 0.021965808918410167 -0.044402227037321267 -0.04162013740692528 0.0040547445004505576 0.010325149548541218 0.054140395768427343 -0.08935155901463282 -0.00459624849247649 0.020615304537127146 -0.00180572029978586 -0.049482505757826097 -0.05321815722335204 -0.022741896800435101
leaf_weight=3276.4726991266944 6303.4456696019042 29421.795052325353 3836.7595957429148 7349.9329540047329 13239.044606332667 4105.3200028918218 14329.427229703288 2477.2582750432193 7642.1433601747267 6200.5948067412246 13262.289714583545 5685.8056171779754 7038.3387995943194 11643.177277864655 4790.5317823502701 20322.73983534344 5870.062759147957 190696.21445184073 12616.517338278238 8344.067208360997 12862.408939751913 12446.996509851189 3574.2927078895736 15633.272999035427 1146.2851343438961 773.69333022471983 16187.115231069329 3255.2167489118874 19608.572661998915 20180.05449956283
leaf_count=9065 15302 26450 19815 16183 25205 62229 138112 2031 11359 37056 115790 26681 111904 47084 31004 83172 13704 312342 101002 39977 67119 42040 9695 212214 9170 4596 59844 28833 175989 117099
internal_value=0 0.0252753 -0.02744 -0.0223526 -0.0295177 0.00823 -0.0356577 0.0184727 -0.00848628 0.0236031 -0.0167606 -0.00451414 -0.0448118 -0.040486 -0.0365928 -0.0455722 0.0216598 0.0209677 -0.0348801 0.00536204 0.000714555 -0.0105373 0.0149479 -0.0806981 -0.0677025 -0.0510438 0.00730484 -0.0175877 -0.0417539 -0.0362133
internal_weight=484120 252000 232119 211876 168344 23545 144799 222579 23535.1 19439.6 47275.7 29222.9 97523.8 82048.1 18052.8 67149.7 199044 196566 15893 43531.2 37227.8 20791.1 16436.7 20243.7 15475.7 4610.45 23537 14898.4 60111.4 40502.8
internal_count=1972066 475953 1496113 1259488 1085355 124490 960865 449503 121426 62261 249502 102708 711363 564081 146794 488164 328077 326046 110067 174133 158831 82017 76814 236625 147282 24411 76027 75917 376260 200271
cat_boundaries=0 1 40 79 103 127 167 191 197 231 266 304 343 367
cat_threshold=199 0 0 0 0 16384 0 0 0 0 0 0 0 0 0 0 0 0 0 0 0 0 0 0 0 0 0 0 0 0 0 0 0 0 1082130432 4194816 512 0 8193 2147483648 0 0 0 0 0 0 0 0 0 0 0 0 0 0 0 0 0 0 0 0 0 0 0 0 0 0 0 0 0 0 0 0 0 0 0 0 1073741825 0 33280 0 0 0 0 0 0 0 0 0 0 8388608 0 0 0 0 0 0 0 0 0 0 0 0 128 0 0 0 0 0 0 0 0 0 0 0 0 0 0 0 0 0 0 0 0 0 0 0 160 8192 0 0 0 0 0 0 0 0 0 0 0 0 0 0 0 0 0 0 0 0 0 0 0 0 0 0 0 0 0 0 0 0 0 0 0 16 0 0 262144 0 0 0 0 16384 0 0 0 0 131072 8388608 0 0 0 0 0 0 0 0 0 0 0 0 32 0 0 0 0 0 8388608 0 0 0 0 0 0 0 0 0 0 0 0 0 128 0 0 0 0 0 0 0 0 0 0 0 0 0 0 0 0 0 0 0 49152 0 0 0 0 16384 0 0 0 0 0 0 0 0 0 0 0 0 0 0 0 0 0 0 0 0 0 0 0 0 0 0 0 0 8388608 4194304 0 0 0 0 0 0 0 0 0 0 0 0 0 0 0 0 0 0 0 0 0 0 0 0 0 0 0 0 0 0 0 0 0 0 0 512 0 8192 0 0 0 0 0 0 0 0 0 0 0 0 0 0 0 0 0 0 0 0 0 0 0 0 0 0 0 0 0 0 0 0 0 8388608 4194816 512 0 1 2147483648 0 0 0 0 0 0 0 0 0 0 0 0 0 0 0 0 0 0 0 0 0 0 0 224
is_linear=0
shrinkage=0.05


Tree=2
num_leaves=31
num_cat=12
split_feature=160 223 192 196 170 167 160 164 161 170 160 222 165 162 164 159 181 173 160 173 211 166 173 160 173 173 204 173 160 160
split_gain=94892.3 24212.6 18761.2 18726.7 11142.1 6465.05 5734.44 5308.82 4695.17 4770.3 4629.02 4379.77 4254.86 3264.28 2847.81 2570.55 2553.81 2143.57 1898.05 1743.48 1692.61 1541.08 1494.3 2388.4 1466.47 1405.94 1381.75 1488.26 2580.49 1351.33
threshold=0 1.0000000180025095e-35 1.0000000180025095e-35 1 1.0000000180025095e-35 1.0000000180025095e-35 2 3 4 1.0000000180025095e-35 5 1.0000000180025095e-35 75.000000000000014 3.0000000000000004 6 7 1.0000000180025095e-35 6.5000000000000009 8 13.500000000000002 7.5000000000000009 175.00000000000003 8.5000000000000018 9 22.500000000000004 7.5000000000000009 1.0000000180025095e-35 8.5000000000000018 10 11
decision_type=9 2 2 1 2 2 9 9 9 2 9 2 2 2 9 1 2 2 9 2 2 2 2 9 2 2 2 2 9 9
left_child=2 3 11 6 10 7 22 18 -8 12 21 13 16 -1 -12 25 20 -14 -6 -15 26 -5 23 -2 -11 -16 27 -10 -29 -3
right_child=1 29 -4 4 5 -7 8 -9 9 24 14 -13 17 19 15 -17 -18 -19 -20 -21 -22 -23 -24 -25 -26 -27 -28 28 -30 -31
leaf_value=0.020380311749767469 0.0012742594338823114 -0.048608598735587136 0.065632247564935062 -0.07318661069108727 -0.05241864782205994 -0.06146745282487729 0.073909222078508197 -0.034656605411098468 0.0033647672031863821 0.044729746082030231 -0.072945805148026871 -0.069014250552656128 0.0081084766432529872 0.073034620866776173 -0.036294779586598734 -0.050730955153013325 0.013812305139604472 -0.042958662496550261 0.028738607316787752 0.016715816749768058 0.022127698134937052 -0.011640068712013132 -0.050583908460474281 -0.069800502582349114 -0.045001151002100115 -0.021019300241419028 -0.030793890558502159 -0.02352782944496621 0.0076450328782995368 -0.084770782304414288
leaf_weight=142859.5799832698 4743.2631666337838 3349.629290622659 28145.134913067799 10378.531020908384 747.50396218523383 3595.0193857068662 2178.0636112717912 4858.2871847876813 30557.488952628803 6917.9112636139616 4273.809075733996 1334.0575597463176 2666.4762975601479 4641.8532262826338 24238.10281558428 13640.137280816678 27086.179348002654 8954.8853748415131 15337.65405752894 1952.8989859297872 5597.9525974006392 1128.0308490325697 6536.075287233165 1564.5336231361143 486.96518387459219 39810.493618197972 5378.8926444308599 18670.223362571909 10295.846818271442 13183.40883453982
leaf_count=239323 14294 18683 33584 122515 5508 62229 2055 29781 85038 9006 80884 3200 7188 4893 131502 97730 49607 77473 26972 2808 20347 9170 74729 10201 2353 323539 34951 141812 38477 212214
internal_value=0 -0.0189281 0.0281563 -0.0150479 -0.0295102 0.000472431 -0.00208033 0.0111061 0.0013523 -9.38964e-06 -0.0373847 0.021163 -0.00264281 0.0219682 -0.0332009 -0.0310049 0.000763 -0.0312412 0.024935 0.0563603 -0.00425052 -0.0670959 -0.0338038 -0.0164665 0.0388255 -0.0267962 -0.00652592 -0.0043326 -0.012453 -0.0775269
internal_weight=445109 266175 178934 249642 118008 24538.5 131635 20943.4 118791 116613 93469.1 150788 109208 149454 81962.5 77688.7 97586.6 11621.4 16085.2 6594.75 70500.4 11506.6 12843.9 6307.8 7404.88 64048.6 64902.5 59523.6 28966.1 16533
internal_count=1972066 1688258 283808 1457361 889830 124490 567531 62261 468307 466252 765340 250224 454893 247024 633655 552771 370232 84661 32480 7701 320625 131685 99224 24495 11359 455041 300278 265327 180289 230897
cat_boundaries=0 39 40 80 104 118 155 166 167 168 207 246 284
cat_threshold=0 0 4 0 20480 0 0 0 0 131072 0 0 0 0 0 0 0 0 0 0 0 0 0 96 0 0 0 0 0 0 0 0 0 41943040 4194304 0 0 0 2147483648 3138 0 0 0 0 0 0 0 0 0 0 0 0 0 0 0 0 0 0 0 0 0 0 0 0 0 0 0 0 0 0 0 0 0 0 0 0 0 0 512 262144 0 0 0 0 0 0 0 0 0 0 0 0 0 0 0 0 0 0 0 0 0 0 0 224 0 0 0 0 0 8388608 0 0 0 0 0 0 0 256 8192 0 0 0 0 0 0 0 0 0 8388608 0 0 0 0 0 0 0 0 0 0 0 0 0 0 0 0 0 0 0 0 0 0 0 0 0 16 0 0 0 0 16384 0 0 0 0 131072 8388608 16768 8192 0 0 0 0 0 0 0 0 0 0 0 0 0 0 0 0 0 0 0 0 0 0 0 0 0 0 0 0 0 0 0 0 0 0 0 0 0 0 512 0 0 0 0 0 0 0 0 0 0 0 0 0 0 0 0 0 0 0 0 0 0 0 0 0 0 0 0 0 0 0 0 0 1073741824 0 0 1 1 32768 0 0 0 0 0 0 0 0 0 0 0 0 0 0 0 0 0 0 0 0 0 0 0 0 0 0 0 0 0 0 0 0 0 0 512 512 0 1
is_linear=0
shrinkage=0.05


Tree=3
num_leaves=31
num_cat=13
split_feature=196 169 223 160 196 163 195 160 194 164 169 161 173 160 161 163 160 198 164 173 176 195 164 193 160 173 164 166 222 176
split_gain=77453.4 29631.1 17414 10748 5863.19 7610.68 6178.87 4413.96 6200.69 3564.75 3452.07 2640.46 2465.2 3868.34 2309.45 2122.53 2001.82 1981.95 1768.8 1629.04 1322.73 1226.78 1417.18 1220.45 1185.28 1642.9 1081.39 1061.11 2150.87 2437.83
threshold=0 1.0000000180025095e-35 1.0000000180025095e-35 1 2 4.5000000000000009 1.0000000180025095e-35 3 1.0000000180025095e-35 4 1.0000000180025095e-35 5 11.500000000000002 6 7 4.5000000000000009 8 1.0000000180025095e-35 9 5.5000000000000009 1.0000000180025095e-35 1.0000000180025095e-35 10 1.0000000180025095e-35 11 8.5000000000000018 12 175.00000000000003 1.0000000180025095e-35 1.0000000180025095e-35
decision_type=1 2 2 9 1 2 2 9 2 9 2 9 2 9 9 2 9 2 9 2 2 2 9 2 9 2 9 2 2 2
left_child=1 7 3 21 5 6 9 8 19 -5 18 -9 16 -14 -13 -10 20 -6 -7 -1 -11 22 -2 27 25 -4 -12 -16 29 -29
right_child=2 -3 24 4 17 10 -8 11 15 12 26 14 13 -15 23 -17 -18 -19 -20 -21 -22 -23 -24 -25 -26 -27 -28 28 -30 -31
leaf_value=0.011064423342622436 -0.026237148546406543 0.074207933809275303 -0.06714675061257562 -0.05609054835109524 -0.025133092587133116 -0.035505795919944426 0.033539474324174971 -0.035239881802399953 0.036486926412805189 0.045982783150353819 -0.0049827883916575173 0.070484662195483536 -0.046735280933104209 -0.0028558109383995008 0.015293990761432653 -0.027897964287121498 -0.0019214773328326406 -0.051340964465916399 -0.071436624246228347 -0.039377722053507008 -0.019965728434176499 -0.08286877722229391 -0.063728851285487845 0.076017373537954097 -0.080111148819561426 0.015615192118373972 -0.041735850483668173 0.07045180208243533 -0.050731358689305256 0.00012848658736038508
leaf_weight=1901.6031563403085 3947.5247223719489 22487.752260586713 2244.7388109015301 3515.2890365794301 35839.794909400371 9934.8800511434674 10692.9236409273 2453.8749672365375 6883.1290364228189 3694.0178431086242 9824.573447892908 1979.2031628703699 7919.3695697432267 13719.404174660594 174329.99629652163 1571.9717431552708 49825.14894629328 9033.0555374549003 5300.6507790337782 10100.514092872618 956.92664000671357 3990.8631381522864 7222.2785151293501 850.98727270308882 12827.564161364397 817.793287566863 2506.1292989520589 3623.1815795544535 633.53225262789056 1867.7160819913261
leaf_count=4190 33354 26450 12982 52716 232302 115802 15935 7107 8877 5586 47084 2031 103731 89835 308044 15149 187030 88784 111904 93210 2279 53446 90867 996 217797 5846 28833 3720 3151 3028
internal_value=0 0.019708 -0.0232537 -0.0187758 -0.0150215 -0.00916469 -0.00214701 0.013765 -0.00827696 -0.00693932 -0.0321614 0.0161924 -0.00466092 -0.0189387 0.016883 0.024515 0.00100962 -0.0304027 -0.0480791 -0.0313852 0.0323427 -0.05903 -0.0505616 0.0162938 -0.0734053 -0.0448995 -0.0124923 0.0160128 0.0364689 0.0465346
internal_weight=422496 228683 193813 177923 162762 117889 90323.1 206196 20457.2 79630.2 27566.2 185738 76114.9 21638.8 183285 8455.1 54476.1 44872.9 15235.5 12002.1 4650.94 15160.7 11169.8 181305 15890.1 3062.53 12330.7 180454 6124.43 5490.9
internal_count=1972066 475953 1496113 1259488 1081821 760735 457112 449503 121426 441177 303623 328077 388461 193566 320970 24026 194895 321086 227706 97400 7865 177667 124221 318939 236625 18828 75917 317943 9899 6748
cat_boundaries=0 1 41 42 66 90 124 163 169 204 228 239 278 302
cat_threshold=199 8192 0 0 0 0 0 0 0 0 0 0 0 0 0 0 0 0 0 0 0 0 0 0 0 0 0 0 0 0 0 0 0 0 0 0 0 16 0 0 262144 3104 0 0 0 0 0 0 0 0 0 0 8388608 0 0 0 0 0 0 0 0 0 0 0 0 128 0 0 0 0 16384 0 0 0 0 131072 8388608 0 0 0 0 0 0 0 0 0 0 0 0 128 0 0 0 0 0 0 0 0 0 0 0 0 0 128 0 0 0 0 0 0 0 0 0 0 0 0 0 0 0 0 0 0 0 16384 0 0 0 0 0 0 0 0 0 0 0 0 0 0 0 0 0 0 0 0 0 0 0 0 0 0 0 0 0 0 0 0 0 0 0 0 1 0 33280 0 0 0 0 0 8388608 0 0 0 0 16384 0 0 0 0 0 0 0 0 0 0 0 0 0 0 0 0 0 0 0 0 0 0 0 0 0 0 0 0 8388608 4194304 0 0 4 0 4096 0 0 0 0 0 0 0 0 0 0 0 0 0 0 0 0 0 0 192 0 0 0 0 4096 0 0 0 0 131072 8388608 0 0 0 0 0 0 0 0 0 0 0 0 0 0 0 0 0 0 0 0 0 0 0 0 0 0 0 0 0 0 0 0 0 0 4194816 512 0 1 2147483648 0 0 0 0 0 0 0 0 0 0 0 0 0 0 0 0 0 0 0 0 0 0 0 224
is_linear=0
shrinkage=0.05


Tree=4
num_leaves=31
num_cat=13
split_feature=196 169 223 160 164 196 167 190 160 164 163 160 164 170 222 173 161 165 222 198 173 160 195 160 161 173 165 195 164 176
split_gain=63052.7 26294.4 14089 9531.22 4575.81 5580.98 4780.37 5990.22 3856.72 2849.15 2788.86 2461.4 2316.96 5310.64 3242.87 2537.18 2110.54 1751.15 2076.57 1682.4 1527.85 2954.43 1314.18 1222.12 1153.64 1031.54 1028.95 1026.73 1027.19 1024.66
threshold=0 1.0000000180025095e-35 1.0000000180025095e-35 1 2 3 1.0000000180025095e-35 1.0000000180025095e-35 4 5 4.5000000000000009 6 7 1.0000000180025095e-35 1.0000000180025095e-35 6.5000000000000009 8 75.000000000000014 1.0000000180025095e-35 1.0000000180025095e-35 12.500000000000002 9 1.0000000180025095e-35 10 11 7.5000000000000009 75.000000000000014 1.0000000180025095e-35 12 1.0000000180025095e-35
decision_type=1 2 2 9 9 1 2 2 9 9 2 9 9 2 2 2 9 2 2 2 2 9 2 9 9 2 2 2 9 2
left_child=2 8 3 27 -5 6 7 10 -2 -8 11 -6 13 14 15 -10 -14 24 -19 25 -13 -22 -12 -4 -18 -7 -17 28 -1 -9
right_child=1 -3 23 4 5 19 9 29 12 -11 22 20 16 -15 -16 26 17 18 -20 -21 21 -23 -24 -25 -26 -27 -28 -29 -30 -31
leaf_value=-0.028033784627012066 -0.061851226281179408 0.071663268791666762 -0.042207546610273164 -0.063425786159951369 0.017296896449903426 -0.034412513754348929 0.012003463935356803 0.0053573903673572619 0.011758639580862444 -0.073593106638079456 -0.023832166876209294 -0.0044001340539349641 0.067883784289496596 0.033001166503226681 0.046749392466967112 0.034510050843186917 -0.023548901871625175 0.054576237848811798 -0.048653769892892051 -0.048928115052759381 -0.049434055128220772 -0.0042371025114201705 -0.076554406306610687 -0.077594264799302343 0.013984348103083563 -0.01635961062687917 -0.043563981845396449 -0.079759487560212075 -0.061076723353522523 0.034563421862145491
leaf_weight=3771.6774140271591 1723.2208176983986 20648.689280578168 3262.0805937319528 4557.438297494693 10580.955006700708 12903.392036050558 1284.3201389071764 4297.7520043412223 3088.3614235334098 4018.8022252389928 14620.1860925738 47859.983772227541 1854.4461234658957 7160.6198573242873 1639.971310088411 441.14525950234383 2064.5968379199039 4502.3478609169833 545.82362406759057 7956.6282394362497 6104.2382984014694 8868.3279692569631 1285.7217274099821 10939.163691921451 168474.70791646407 20467.915493995795 9525.1109834171366 3710.9231853538658 6538.622044074873 9973.8004277282162
leaf_count=33354 22884 26450 24411 91866 28912 70827 9435 15343 8056 86581 130185 193143 2031 11833 2264 2285 7107 6487 2952 88784 92290 66979 26758 212214 301364 161475 82240 53446 90867 19243
internal_value=0 0.0179323 -0.0217211 -0.0176981 -0.0141185 -0.0126182 -0.0066794 -0.00430953 0.0124138 -0.0529792 -0.0091157 -0.00500307 0.0130586 -0.00230384 -0.0195103 -0.0278359 0.0149508 0.0143877 0.04341 -0.0282606 -0.00875991 -0.0227009 -0.0280964 -0.0695523 0.0135293 -0.0233405 -0.0401061 -0.0571604 -0.0490779 0.0257691
internal_weight=404671 221669 183002 168801 154779 150222 108894 103591 201020 5303.12 89319.4 73413.5 199297 21855.2 14694.6 13054.6 177442 175587 5048.17 41327.9 62832.6 14972.6 15905.9 14201.2 170539 33371.3 9966.26 14021.2 10310.3 14271.6
internal_count=1972066 475953 1496113 1259488 1081821 989955 668869 572853 449503 96016 538267 381324 426619 106678 94845 92581 319941 317910 9439 321086 352412 159269 156943 236625 308471 232302 84525 177667 124221 34586
cat_boundaries=0 1 41 52 53 64 69 108 132 138 177 216 250 261
cat_threshold=3640 8192 0 0 0 0 0 0 0 0 0 0 0 0 0 0 0 0 0 0 0 0 0 0 0 0 0 0 0 0 0 0 0 0 0 0 0 16 0 0 262144 0 0 0 0 16384 0 0 0 0 131072 8388608 3104 0 0 0 0 0 0 0 0 0 0 8388608 0 0 4 0 4096 524288 0 0 0 16384 0 0 0 0 0 0 0 0 0 0 0 0 0 0 0 0 0 0 0 0 0 0 0 0 0 0 0 0 8388608 4194304 0 0 0 2147483648 0 0 4 0 0 0 0 0 0 0 0 0 0 0 0 0 0 0 0 0 0 0 0 64 0 0 0 0 0 8388608 0 0 0 0 0 0 0 0 0 0 0 0 0 0 0 0 0 0 0 0 0 0 0 0 0 0 0 0 0 0 0 0 0 0 0 0 1 0 33280 0 0 0 0 0 0 0 0 0 0 0 0 0 0 0 0 0 0 0 0 0 0 0 0 0 0 0 0 0 0 0 0 0 8388608 4194816 512 0 1 2147483648 0 0 0 0 0 0 0 0 0 0 0 0 0 128 0 0 0 0 0 0 0 0 0 0 0 0 0 0 0 0 0 0 0 16384 0 0 0 0 4096 0 0 0 0 131072 8388608
is_linear=0
shrinkage=0.05


Tree=5
num_leaves=31
num_cat=13
split_feature=196 169 223 160 164 196 167 190 160 164 160 161 164 163 163 173 173 160 159 169 189 160 193 170 173 173 160 176 176 176
split_gain=53298.6 23475.6 12095.8 8229.32 3873.7 4706.55 3633.12 4806.55 3117.99 2309.01 2295.67 2030.24 2163.62 4252.61 1599.94 1421.87 1368.79 2089.38 1351.59 1241.62 1101.33 1088.21 1025.4 1037.86 1650.24 1112.73 2348.4 982.102 952.728 839.406
threshold=0 1.0000000180025095e-35 1.0000000180025095e-35 1 2 3 1.0000000180025095e-35 1.0000000180025095e-35 4 5 6 7 8 4.5000000000000009 4.5000000000000009 6.5000000000000009 14.500000000000002 9 10 1.0000000180025095e-35 1.0000000180025095e-35 11 1.0000000180025095e-35 1.0000000180025095e-35 22.500000000000004 11.500000000000002 12 1.0000000180025095e-35 1.0000000180025095e-35 1.0000000180025095e-35
decision_type=1 2 2 9 9 1 2 2 9 9 9 9 9 2 2 2 2 9 1 2 2 9 2 2 2 2 9 2 2 2
left_child=1 8 3 -2 -5 6 7 10 -1 -8 27 -10 -13 22 16 -15 -12 -18 -7 20 -16 28 23 25 -25 -14 -27 -6 -4 -9
right_child=2 -3 21 4 5 18 9 29 11 -11 14 12 13 15 19 -17 17 -19 -20 -21 -22 -23 -24 24 -26 26 -28 -29 -30 -31
leaf_value=-0.059468301188683861 -0.054943698197829252 0.069288092603583984 -0.05474679979449152 -0.060915682787515926 0.028503461383716469 -0.022548273817988969 0.0073528941465649299 0.0039033713374267026 0.065246417950908173 -0.070024325304399337 -0.00482164577829719 0.017860382696456768 0.0036280586102401184 0.008211833260434202 -0.057978775387255627 -0.034599975304455292 -0.045568848370630376 -0.00042728300248589179 -0.046625698335017132 -0.012816800352455174 -0.017570868195496251 -0.074687781208520695 0.07061108933728541 0.035256505381221735 -0.052541900810091247 0.028501759659305209 0.004725402403129274 -0.01327823392152257 0.013476230532558807 0.030418573810372992
leaf_weight=1530.2000712074805 13022.663274305814 19209.714839753695 2405.0012190912385 4175.2449872050784 5449.5589954995085 31395.589359833917 1331.734795637487 4276.8274572803639 1761.3309670733288 3516.1031721816398 53330.589974074392 78778.985697580501 54834.868872064748 2602.2368330480531 4156.3921551270178 7609.8679069490172 5539.9048102683446 4774.1735510914586 7186.0558604732214 8090.4417467236053 2838.8847749420675 10088.551566402137 694.94997148029506 6560.3908153306693 582.25066761020571 17460.236174091697 25644.1844494408 1895.123401458608 649.6610696807038 9884.9365598785225
leaf_count=22884 177667 26450 19815 91866 10606 232302 9435 15343 2031 86581 239155 120419 114452 7430 79443 79753 87069 36453 88784 47078 30422 212214 996 9464 2369 28816 60889 8041 4596 19243
internal_value=0 0.0165144 -0.0206199 -0.0168528 -0.0134927 -0.0121101 -0.00662483 -0.00458071 0.0113965 -0.0488979 -0.0090219 0.0119509 0.0114654 0.00712066 -0.0115155 -0.0236904 -0.00804654 -0.0247199 -0.0270444 -0.0261571 -0.0415832 -0.0667397 0.0100961 0.0096955 0.0280955 0.00835341 0.0143645 0.0176977 -0.0401045 0.0224118
internal_weight=391277 217269 174007 160864 147842 143666 105085 100237 198060 4847.84 86075.1 196529 194768 115989 78730.4 10212.1 63644.7 10314.1 38581.6 15085.7 6995.28 13143.2 105777 105082 7142.64 97939.3 43104.4 7344.68 3054.66 14161.8
internal_count=1972066 475953 1496113 1259488 1081821 989955 668869 572853 449503 96016 538267 426619 424588 304169 519620 87183 362677 123522 321086 156943 109865 236625 216986 215990 11833 204157 89705 18647 24411 34586
cat_boundaries=0 1 41 52 53 64 69 108 114 138 177 178 217 251
cat_threshold=199 8192 0 0 0 0 0 0 0 0 0 0 0 0 0 0 0 0 0 0 0 0 0 0 0 0 0 0 0 0 0 0 0 0 0 0 0 16 0 0 262144 0 0 0 0 16384 0 0 0 0 131072 8388608 3104 0 0 0 0 0 0 0 0 0 0 8388608 0 0 4 0 4096 0 0 0 0 16384 0 0 0 0 0 0 0 0 0 0 0 0 0 0 0 0 0 0 0 0 0 0 0 0 0 0 0 0 8388608 4194304 0 0 0 2147483648 0 0 0 0 0 8388608 0 0 0 0 4096 0 0 0 0 131072 0 0 0 0 0 0 0 0 0 0 0 0 0 32 0 0 0 0 0 0 0 0 0 0 0 0 0 0 0 0 0 0 0 0 0 0 0 0 0 0 0 0 0 0 0 0 0 1073741824 0 0 1 0 33280 16512 0 0 0 0 0 0 0 0 0 0 0 0 0 0 0 0 0 0 0 0 0 0 0 0 0 0 0 0 0 0 0 0 0 8388608 4194816 512 0 1 2147483648 0 0 0 0 0 0 0 0 0 131072 0 0 0 0 0 0 0 0 0 0 0 0 0 0 0 0 0 0 0 0 0 0 0 33554432
is_linear=0
shrinkage=0.05


Tree=6
num_leaves=31
num_cat=9
split_feature=160 223 162 160 197 170 160 216 176 164 164 216 198 173 176 179 222 167 223 160 173 214 195 164 193 164 160 166 176 173
split_gain=48904 13363.6 12173.4 10447 7261.62 8461.01 3496.59 3356.06 2680.86 2128.66 1712.99 1620.44 1675.1 1449.5 1389.73 1098.89 1077.45 997.25 858.588 856.953 961.563 743.756 691.899 823.12 652.659 632.219 569.069 538.039 536.14 500.361
threshold=0 1.0000000180025095e-35 3.0000000000000004 1 1.0000000180025095e-35 1.0000000180025095e-35 2 1.0000000180025095e-35 1.0000000180025095e-35 3 4 1.0000000180025095e-35 1.0000000180025095e-35 12.500000000000002 1.0000000180025095e-35 1.0000000180025095e-35 1.0000000180025095e-35 1.0000000180025095e-35 1.0000000180025095e-35 5 8.5000000000000018 140.00000000000003 1.0000000180025095e-35 6 1.0000000180025095e-35 7 8 175.00000000000003 1.0000000180025095e-35 8.5000000000000018
decision_type=9 2 2 9 2 2 9 2 2 9 9 2 2 2 2 2 2 2 2 9 2 2 2 9 2 9 9 2 2 2
left_child=2 3 18 22 5 6 -5 9 -4 -7 17 12 26 14 -6 -15 29 -8 24 20 -3 28 23 -2 -1 -9 -12 -18 -14 -10
right_child=1 19 8 4 13 7 10 25 16 -11 11 -13 21 15 -16 -17 27 -19 -20 -21 -22 -23 -24 -25 -26 -27 -28 -29 -30 -31
leaf_value=0.014745450405324233 -0.027666998019399404 -0.059802224542994886 0.063017471707195405 -0.0063897578553770724 -0.014884298883698469 0.021719271794058057 -0.058674797269107293 0.011865216889168277 0.045657582641758891 -0.045959691804075054 -0.013787796494726251 -0.071679087774789305 -0.03587822762477532 0.052646295816913484 0.013568040993468131 0.016944171630078241 0.055350133186967958 -0.0016682550915667782 -0.047877244151593466 -0.072449869662147559 0.0082557126605533292 0.069035475542529159 -0.074570761740164637 -0.057772583988629028 0.065369228983423303 -0.059094379220301974 -0.022726559815520554 -0.052890616879924107 -0.064860065809300357 0.0093248448594492241
leaf_weight=131601.36624566605 3413.7735825435957 1690.9627363970503 17656.809280918562 38434.287115196727 7248.4599215872586 21877.787447729614 5143.4762400595355 382.49006604356691 1190.0790246333927 1218.0414283316932 27995.669729454792 1645.2192162984284 3831.9639624218689 2579.3547025517328 10519.741763868835 13110.102458023932 3415.8513489130419 901.89582590025384 544.8164276429452 9967.8316378442687 748.38720810413361 138.24153836374171 3247.3828830539715 7216.2825155647006 639.37279340066016 1792.0896967059234 49635.221177990577 118.37524389929604 2739.4319929038174 4648.3851684443653
leaf_count=232599 33354 12921 26733 217241 25402 41132 118253 2234 1928 12141 206131 37929 37675 5040 24431 31275 4952 7686 5728 212214 5762 646 53446 113751 996 49957 389174 1044 50463 9828
internal_value=0 -0.0155437 0.0209572 -0.0124665 -0.00939269 -0.0139335 -0.0190627 0.0125468 0.0515444 0.0181383 -0.0243517 -0.0225363 -0.0215798 0.0117405 0.00196066 0.0228154 0.0299281 -0.0500889 0.0147323 -0.0659188 -0.0387639 -0.0455484 -0.0543246 -0.048187 0.0149905 -0.0468282 -0.0195079 0.0517163 -0.0479647 0.0167348
internal_weight=375293 215478 159815 203071 189193 155736 130465 25270.4 27029.5 23095.8 92031.1 85985.7 84340.5 33457.7 17768.2 15689.5 9372.69 6045.37 132786 12407.2 2439.35 6709.64 13877.4 10630.1 132241 2174.58 77630.9 3534.23 6571.4 5838.46
internal_count=1972066 1688258 283808 1457361 1256810 1170662 1065198 105464 44485 53273 847957 722018 684089 86148 49833 36315 17752 125939 239323 230897 18683 88784 200551 147105 233595 52191 595305 5996 88138 11756
cat_boundaries=0 39 79 118 142 153 191 202 207 244
cat_threshold=0 0 4 0 20480 0 0 0 0 131072 0 0 0 0 0 0 0 0 0 0 0 0 0 96 0 0 0 0 0 0 0 0 0 41943040 4194304 0 0 0 2147483648 8192 0 0 0 0 0 0 0 0 0 8388608 0 0 0 0 0 0 0 0 0 0 0 0 0 0 0 0 0 0 0 0 0 0 0 0 0 16 0 0 262144 0 0 0 0 0 0 0 0 0 0 0 0 0 0 0 0 0 0 0 0 0 0 0 0 0 0 0 0 0 0 0 0 0 1073741824 512 512 0 8193 32768 0 0 0 0 4096 0 0 0 0 0 0 0 0 0 0 0 0 0 0 0 0 0 0 224 0 0 0 0 20480 0 0 0 0 131072 8388608 0 0 0 0 0 0 0 0 0 0 0 0 0 0 0 0 0 0 0 0 0 0 0 0 0 0 0 0 0 0 0 0 0 0 512 512 0 1 0 0 0 0 4096 0 0 0 0 131072 8388608 0 0 4 0 4096 524320 0 0 0 0 0 0 0 0 0 0 0 0 0 0 0 0 0 0 0 0 0 0 0 0 0 0 0 0 0 0 0 0 0 0 0 1
is_linear=0
shrinkage=0.05


Tree=7
num_leaves=31
num_cat=12
split_feature=196 169 223 160 195 196 163 160 170 173 160 160 161 173 164 169 161 160 166 222 176 162 222 198 214 190 173 160 173 164
split_gain=44053.8 18167.9 9798.08 6579.35 3182.38 4192.32 4049.53 2432.88 4973.34 1961.98 2367.49 1672.65 1610.65 1576.02 1420.77 1389.29 952.473 900.776 841.413 1492.11 1614.83 996.664 2130.44 824.297 824.805 803.386 767.44 742.216 725.61 706.822
threshold=0 1.0000000180025095e-35 1.0000000180025095e-35 1 1.0000000180025095e-35 2 4.5000000000000009 3 1.0000000180025095e-35 10.500000000000002 4 5 6 6.5000000000000009 7 1.0000000180025095e-35 8 9 175.00000000000003 1.0000000180025095e-35 1.0000000180025095e-35 4.5000000000000009 1.0000000180025095e-35 1.0000000180025095e-35 140.00000000000003 1.0000000180025095e-35 20.500000000000004 10 7.5000000000000009 11
decision_type=1 2 2 9 2 1 2 9 2 2 9 9 9 2 9 2 9 9 2 2 2 2 2 2 2 2 2 9 2 9
left_child=1 7 3 -2 5 9 27 8 13 11 -11 -5 -9 -1 -7 23 -14 -4 21 20 -20 -18 -23 28 -25 -8 -10 -6 -16 -30
right_child=2 -3 17 4 6 14 25 12 26 10 -12 -13 16 -15 15 -17 18 -19 19 -21 -22 22 -24 24 -26 -27 -28 -29 29 -31
leaf_value=0.006185797353004902 -0.051922112917800217 0.064902623954330371 0.0050351303006581933 0.030992511775752785 0.039362455577403088 -0.056109099032099735 -0.067266191848277909 0.062209036412650735 0.033286614961007786 -0.039889654391581264 -0.0055090245465723607 -0.0030209074471515304 -0.023884358350328552 -0.037723121337648442 -0.032014906270135493 -0.0065879848875731728 0.012895663263195481 -0.065512547442902982 0.064689453817314391 -0.048738890894551454 0.0015420028823393917 -0.029358778001401249 0.042149175630891961 -0.046105407133832509 0.066909688353545951 -0.010055572726926861 -0.030502101150750312 0.012353301094345301 -0.038961154013124707 -0.015348530473771445
leaf_weight=2702.7808674527332 11672.367131144681 17101.500187474769 477.82791497278959 3990.661882288754 4757.4776188500691 3326.2468825872638 1583.075919728959 1630.315464601852 5936.1882919459604 7997.1284216573113 13396.231759136106 37388.522586161154 1780.5292826800141 8374.7263553853845 16243.540160550969 11135.066360546043 154023.97276485086 11553.451753803936 2865.2361743464135 499.51651164353825 1565.7402590084821 3732.6879644342698 1444.157608488109 6086.7097447954002 165.3822370643029 1002.550825250335 511.73096213676035 5523.8584193286952 3680.5021835882799 23082.237900842505
leaf_count=9065 177667 26450 3820 6769 6863 76704 43992 2031 8311 115790 93012 147436 7107 101002 124071 67551 292432 232805 3720 3151 3028 14040 2568 88138 646 5822 3048 9072 72038 223917
internal_value=0 0.0155951 -0.0193349 -0.0158766 -0.0128527 -0.0152635 0.0108362 0.0110394 -0.00668482 -0.00608855 -0.0183831 0.000266364 0.0128931 -0.0270096 -0.024297 -0.0225354 0.0124045 -0.0627605 0.0127997 0.033143 0.0423793 0.0121704 -0.00940747 -0.0261447 -0.04311 -0.0450915 0.0282214 0.0249033 -0.0236778 -0.018617
internal_weight=365232 202169 163063 151032 139359 126492 12867 185068 17525.4 62772.5 21393.4 41379.2 167542 11077.5 63719.7 60393.4 165912 12031.3 164131 4930.49 4430.98 159201 5176.85 49258.4 6252.09 2585.63 6447.92 10281.3 43006.3 26762.7
internal_count=1972066 475953 1496113 1259488 1081821 1016072 65749 449503 121426 363007 208802 154205 328077 110067 653065 576361 326046 236625 318939 9899 6748 309040 16608 508810 88784 49814 11359 15935 420026 295955
cat_boundaries=0 1 41 42 66 105 139 145 156 190 229 230 254
cat_threshold=199 8192 0 0 0 0 0 0 0 0 0 0 0 0 0 0 0 0 0 0 0 0 0 0 0 0 0 0 0 0 0 0 0 0 0 0 0 16 0 0 262144 3072 0 0 0 0 0 0 0 0 0 0 8388608 0 0 0 0 0 0 0 0 0 0 0 0 128 0 0 0 0 0 0 0 0 0 0 0 0 0 0 0 0 0 0 0 0 0 0 0 0 0 0 0 0 0 0 0 0 0 0 0 0 1 0 33280 0 0 0 0 16384 0 0 0 0 0 0 0 0 0 0 0 0 0 0 0 0 0 0 0 0 0 0 0 0 0 0 0 0 8388608 0 0 0 0 0 8388608 0 0 0 0 16384 0 0 0 0 131072 8388608 0 0 0 0 0 0 0 0 0 0 0 0 0 128 0 0 0 0 0 0 0 0 0 0 0 0 0 0 0 0 0 0 0 16384 0 0 0 0 0 0 0 0 0 0 0 0 0 0 0 0 0 0 0 0 0 0 0 0 0 0 0 0 0 0 0 0 0 0 4194304 512 0 0 2147483648 32 0 0 0 0 0 0 0 0 0 0 0 0 0 0 0 0 0 0 0 0 0 0 0 160
is_linear=0
shrinkage=0.05


Tree=8
num_leaves=31
num_cat=10
split_feature=160 169 223 160 170 161 216 159 164 179 213 164 180 169 159 173 160 173 173 173 214 166 222 173 167 173 160 160 173 167
split_gain=37207.7 14373.3 10363.8 8298.96 5659.37 7572.31 3054.72 2644.53 1827.6 1653.16 1185.1 1145.26 976.186 949.239 969.307 904.187 799.61 818.544 779.838 808.781 773.832 765.043 1441.73 799.795 753.854 692.211 2130.23 1273.47 803.395 617.28
threshold=0 1.0000000180025095e-35 1.0000000180025095e-35 1 1.0000000180025095e-35 2 1.0000000180025095e-35 3 4 1.0000000180025095e-35 1.5000000000000002 5 1.0000000180025095e-35 1.0000000180025095e-35 6 9.5000000000000018 7 8.5000000000000018 8.5000000000000018 9.5000000000000018 165.00000000000003 175.00000000000003 1.0000000180025095e-35 8.5000000000000018 1.0000000180025095e-35 8.5000000000000018 8 9 16.500000000000004 1.5000000000000002
decision_type=9 2 2 9 2 9 2 1 9 2 2 9 2 2 1 2 9 2 2 2 2 2 2 2 2 2 9 9 2 2
left_child=1 21 3 -2 5 9 8 11 -6 -5 25 -7 -11 14 18 -12 17 -4 24 -20 29 -1 23 -23 -13 27 28 -9 -27 -16
right_child=2 -3 16 4 6 7 -8 10 -10 12 15 13 -14 -15 20 -17 -18 -19 19 -21 -22 22 -24 -25 -26 26 -28 -29 -30 -31
leaf_value=0.012543827689613188 -0.050966801558719493 0.063098077029215868 -0.054853296643917741 0.060621998921536857 0.023382050905769856 -0.057403137055955761 -0.0443765245004899 0.0030077370819049497 -0.042680580533909718 -0.011763023151879149 -0.053865987345888447 -0.015736357832256544 0.01261658603929814 -0.0097858791259881617 -0.038954831031685434 -0.0088216186954748182 -0.06844286001158327 0.012904377810778304 -0.057826533362500446 -0.024701905020090238 0.087126045540075969 0.070466941727208368 -0.048612191109227251 0.025427505601148342 0.038673425338667439 -0.020190385387883696 0.00058659402866298633 -0.018975061648809872 -0.046610877922691883 0.042455001406753512
leaf_weight=133928.13795962569 12422.266430671443 16136.193120137323 1403.9134284430183 1584.9200571537949 20053.135041365167 2643.0830278831418 2021.6457363070222 21788.964137808303 1096.0716391493334 5039.9889588674996 2693.5744120683521 14150.515332570649 22144.277220982825 10038.785832089372 15570.949443511432 1900.5364939820429 8740.5055329250172 652.55609494366217 2153.589978606673 12781.419153962459 124.58444767538458 1592.7767454944551 482.93435526581015 2588.6857869713567 666.08095190068707 14444.52555009193 13934.622658796405 9431.9749000206939 3593.799870972638 235.93266985530499
leaf_count=247459 200551 26450 12921 2055 41132 80884 52191 69737 12141 18176 19178 89317 52185 61345 248407 18874 212214 5762 22249 145223 205 2041 3151 4707 2068 122554 88010 43606 65707 1566
internal_value=0 0.0184361 -0.0141702 -0.0114701 -0.00871162 -0.0121592 0.0143347 -0.0174373 0.019948 0.0109873 -0.0107157 -0.0252406 0.00809627 -0.0237044 -0.0267679 -0.0352357 -0.0618249 -0.0331908 -0.0214102 -0.0294805 -0.0367356 0.0132373 0.0331431 0.0425912 -0.0132888 -0.00893447 -0.0141056 -0.00363851 -0.0254415 -0.0377381
internal_weight=356041 154729 201312 190515 178093 154922 23170.9 126153 21149.2 28769.2 67788 58364.9 27184.3 55721.9 45683.1 4594.11 10797 2056.47 29751.6 14935 15931.5 138593 4664.4 4181.46 14816.6 63193.9 31972.9 31220.9 18038.3 15806.9
internal_count=1972066 283808 1688258 1457361 1256810 1151346 105464 1078930 53273 72416 427666 651264 70361 570380 509035 38052 230897 18683 258857 167472 250178 257358 9899 6748 91385 389614 276271 113343 188261 249973
cat_boundaries=0 39 79 113 114 138 149 150 188 227 266
cat_threshold=0 0 4 0 20480 0 0 0 0 131072 0 0 0 0 0 0 0 0 0 0 0 0 0 96 0 0 0 0 0 0 0 0 0 41943040 4194304 0 0 0 2147483648 8192 0 0 0 0 0 0 0 0 0 8388608 0 0 0 0 0 0 0 0 0 0 0 0 0 0 0 0 0 0 0 0 0 0 0 0 0 16 0 0 262144 0 0 0 0 0 8388608 0 0 0 0 0 0 0 256 0 0 0 0 0 0 0 0 0 0 0 0 0 0 0 0 0 0 0 65536 21248 0 0 0 0 4096 0 0 0 0 0 0 0 0 0 0 0 0 0 0 0 0 0 0 224 0 0 0 0 16384 0 0 0 0 131072 8388608 16896 0 0 0 0 0 0 0 0 0 0 0 0 0 0 0 0 0 0 0 0 0 0 0 0 0 0 0 0 0 0 0 0 0 0 512 512 0 1 0 0 0 0 0 0 0 0 0 0 0 0 0 0 0 0 0 0 0 0 0 0 0 0 0 0 0 0 0 0 0 0 0 1073741824 0 0 1 1 33280 0 0 0 0 0 0 0 0 0 0 0 0 0 0 0 0 0 0 0 0 0 0 0 0 0 0 0 0 0 0 0 0 0 1073741824 0 0 1 1 33280
is_linear=0
shrinkage=0.05


Tree=9
num_leaves=31
num_cat=12
split_feature=196 169 223 160 195 163 196 160 173 160 160 161 164 169 185 163 173 160 190 166 176 164 165 173 173 161 193 160 176 163
split_gain=34028.3 14948.2 8031.6 5433.82 3360.67 3948.9 3194.37 2010.65 1516.72 1691.51 1415.36 1407.39 1069.49 1044.81 984.683 3228.91 1266.63 773.977 725.281 721.911 1098.58 690.279 673.164 653.161 600.832 587.328 580.55 558.039 1846.63 811.374
threshold=0 1.0000000180025095e-35 1.0000000180025095e-35 1 1.0000000180025095e-35 4.5000000000000009 2 3 12.500000000000002 4 5 6 7 1.0000000180025095e-35 1.0000000180025095e-35 4.5000000000000009 6.5000000000000009 8 1.0000000180025095e-35 175.00000000000003 1.0000000180025095e-35 9 75.000000000000014 7.5000000000000009 20.500000000000004 10 1.0000000180025095e-35 11 1.0000000180025095e-35 4.5000000000000009
decision_type=1 2 2 9 2 2 1 9 2 9 9 9 9 2 2 2 2 9 2 2 2 9 2 2 2 9 2 9 2 2
left_child=1 7 3 21 6 -6 8 -1 10 -10 -5 -9 -8 23 19 24 -17 -4 -7 25 -21 -2 -18 -14 -16 -13 -27 -25 29 -29
right_child=2 -3 17 4 5 18 12 11 9 -11 -12 14 13 -15 15 16 22 -19 -20 20 -22 -23 -24 27 -26 26 -28 28 -30 -31
leaf_value=-0.053685326357497024 -0.066399164260696239 0.061333995990420498 -0.068127952513683351 0.024496709664276008 0.029109431655100743 -0.064116110853875363 -0.052073484633769998 0.05819970109981866 -0.044042966297963143 -0.0076690319081646145 -0.0047368522147704858 -0.066871771157983748 -0.032452359240871941 -0.0071265151832551809 0.029552582176110745 0.010817906802171245 0.030173461314006358 -0.038009297320602958 -0.0084915937744889543 0.048899051843908185 -0.0026716792459583767 -0.039369204767994714 -0.036378123180125135 -0.0085443496193990508 -0.028622340638312694 0.010320825819501916 0.061570434104118547 -0.007395755223829595 -0.041832700734623335 -0.050472588990609024
leaf_weight=1229.6620117828716 3766.6620621866314 15245.935063356068 7608.07387634716 4587.8238184256479 9108.2772749976721 1493.6684686975786 2922.5279294513748 1505.3447182434611 4960.7144545577466 8994.1505857534357 41571.85811775527 235.50636268639937 16151.669882456394 10868.199696740776 5826.1773102316074 2265.4711124300957 403.73963916557841 3109.502556867199 964.83141773589887 2918.5961503637955 1597.6511617070064 6803.9836386776878 6339.7499409831362 7915.3389121170912 479.95320481481031 156780.4507118219 554.10035924240947 11020.933904637117 8671.1542157363147 1213.1146639586659
leaf_count=22884 75165 26450 196029 8824 15935 43992 76704 2031 92290 72645 189248 1033 144150 67551 8311 7430 2280 40596 5822 5846 4053 102502 77473 92109 3048 314118 996 93967 154057 24527
internal_value=0 0.0137956 -0.017764 -0.0145936 -0.0117959 0.013931 -0.0143002 0.00977273 -0.00619267 -0.0206379 -0.0018267 0.0102115 -0.0225891 -0.0210364 0.00980085 -0.00231688 -0.0215247 -0.0594913 -0.0422946 0.0109465 0.0306562 -0.0490577 -0.0323909 -0.0244024 0.0251222 0.0103814 0.0105009 -0.0198904 -0.0241701 -0.0116695
internal_weight=347115 195382 151732 141015 130444 11566.8 118877 180136 60114.5 13954.9 46159.7 178907 58762.9 55840.4 177401 15315.1 9008.96 10717.6 2458.5 162086 4516.25 10570.6 6743.49 44972.2 6306.13 157570 157335 28820.5 20905.2 12234
internal_count=1972066 475953 1496113 1259488 1081821 65749 1016072 449503 363007 164935 198072 426619 653065 576361 424588 98542 87183 236625 49814 326046 9899 177667 79753 508810 11359 316147 315114 364660 272551 118494
cat_boundaries=0 1 41 42 53 92 127 133 144 183 207 221 258
cat_threshold=199 8192 0 0 0 0 0 0 0 0 0 0 0 0 0 0 0 0 0 0 0 0 0 0 0 0 0 0 0 0 0 0 0 0 0 0 0 16 0 0 262144 3072 0 0 0 0 0 0 0 0 0 0 8388608 0 0 0 0 0 0 0 0 0 0 0 0 0 0 0 0 0 0 0 0 0 0 0 0 0 0 0 0 0 0 0 0 0 0 0 0 1 0 33280 0 0 0 0 16384 0 0 0 0 0 0 0 0 0 0 0 0 0 0 0 0 0 0 0 0 0 0 0 0 0 0 0 0 8388608 4194304 0 0 0 0 0 8388608 0 0 0 0 16384 0 0 0 0 131072 8388608 0 0 0 0 0 0 0 0 0 0 0 0 0 0 0 0 0 0 0 0 0 0 0 0 0 0 0 0 0 0 0 0 0 1073741824 0 0 1 0 33280 0 0 0 0 0 0 0 0 0 0 0 0 0 0 0 0 0 0 0 0 0 0 0 224 0 0 0 0 0 0 0 0 0 0 0 0 0 128 32 0 0 0 0 0 0 0 0 0 0 0 0 0 0 0 0 0 0 0 0 0 0 0 0 0 0 0 0 0 0 0 0 0 0 0 1073741824
is_linear=0
shrinkage=0.05


Tree=10
num_leaves=31
num_cat=10
split_feature=160 169 223 160 170 161 160 211 179 176 167 164 164 164 173 160 160 173 198 214 166 222 176 176 176 185 164 223 222 162
split_gain=28845.5 12081.3 8516.73 6776.78 4533.08 5686.71 1947.7 2138.14 1419.41 1301.81 1217.11 1876.7 1400.53 985.956 864.341 949.366 702.498 697.986 697.628 762.505 660.947 1236.84 1337.32 577.083 576.321 705.781 557.192 553.747 510.18 749.837
threshold=0 1.0000000180025095e-35 1.0000000180025095e-35 1 1.0000000180025095e-35 2 3 7.5000000000000009 1.0000000180025095e-35 1.0000000180025095e-35 1.0000000180025095e-35 4 5 6 10.500000000000002 7 8 8.5000000000000018 1.0000000180025095e-35 140.00000000000003 175.00000000000003 1.0000000180025095e-35 1.0000000180025095e-35 1.0000000180025095e-35 1.0000000180025095e-35 1.0000000180025095e-35 9 1.0000000180025095e-35 1.0000000180025095e-35 4.5000000000000009
decision_type=9 2 2 9 2 9 9 2 2 2 2 9 9 9 2 9 9 2 2 2 2 2 2 2 2 2 9 2 2 2
left_child=1 20 3 26 5 8 14 13 -5 -9 12 -12 24 -8 -7 -16 17 -4 -15 -20 27 22 -22 -10 25 -6 -2 28 29 -1
right_child=2 -3 16 4 10 6 7 9 23 -11 11 -13 -14 18 15 -17 -18 -19 19 -21 21 -23 -24 -25 -26 -27 -28 -29 -30 -31
leaf_value=0.011367127903902397 -0.064771680803000484 0.059831860570112985 -0.052535254031145596 0.056917994008804387 0.0049567189550693627 -0.0013337975182595187 -0.054086328642669823 -0.019263795595506707 -0.0097159442891596136 0.034225188549844819 0.010987900819571192 -0.057573234638775228 -0.038874850192172461 -0.019994165833094719 0.010758341156400368 -0.025019311957725301 -0.065637127031213396 0.011922395853177697 -0.041982452465310273 0.06127399203520037 0.062568644608349974 -0.048345638249524911 0.0022741087243915788 0.0097809926391117415 0.033419179687213696 0.03291786969697702 -0.040425322385332897 -0.043258531835685517 0.041215247048228036 -0.023111418447493086
leaf_weight=128726.42246687738 3555.0756907664472 14417.765420994721 1269.5251094191335 1466.6491800849326 6565.4276732371654 25276.598505665315 2375.142923841544 1924.7194595418987 4593.7382594041992 2779.6423955907812 3296.7146664755419 1419.8551128682448 985.68428829626646 68792.11671746074 2317.2412159079686 9224.278866301931 7694.8299954625545 627.09204961778596 5310.8117669189232 184.55628398153931 2437.6156282881275 442.2592859074939 1476.9652432389557 21820.082406326663 6822.6511809716467 3439.0720245470293 7631.8418227586662 466.75541997613618 1406.6800546073355 1595.93272647704
leaf_count=233881 75165 26450 12921 2055 20361 98146 80884 10652 18176 9695 12749 46100 12141 660596 15395 114778 212214 5762 88138 646 3720 3151 3028 52185 9412 4701 125386 5728 2452 5398
internal_value=0 0.0163022 -0.0129965 -0.0105479 -0.00804495 -0.0112654 -0.0160564 -0.020375 0.00904582 0.0123402 0.0128301 -0.00975305 0.0188101 -0.0223853 -0.00650906 -0.0178478 -0.058903 -0.0310593 -0.0213612 -0.0385085 0.0117072 0.0308684 0.0398241 0.00638989 0.0222004 0.0145701 -0.0482162 0.0110755 0.0112682 0.0109448
internal_weight=340344 150970 189373 179782 168595 146066 118185 81367 27880.5 4704.36 22529.4 4716.57 17812.8 76662.6 36818.1 11541.5 9591.45 1896.62 74287.5 5495.37 136553 4356.84 3914.58 26413.8 16827.2 10004.5 11186.9 132196 131729 130322
internal_count=1972066 283808 1688258 1457361 1256810 1151346 1078930 850611 72416 20347 105464 58849 46615 830264 228319 130173 230897 18683 749380 88784 257358 9899 6748 70361 34474 25062 200551 247459 241731 239279
cat_boundaries=0 39 79 113 152 176 200 211 247 285 309
cat_threshold=0 0 4 0 20480 0 0 0 0 131072 0 0 0 0 0 0 0 0 0 0 0 0 0 96 0 0 0 0 0 0 0 0 0 41943040 4194304 0 0 0 2147483648 8192 0 0 0 0 0 0 0 0 0 8388608 0 0 0 0 0 0 0 0 0 0 0 0 0 0 0 0 0 0 0 0 0 0 0 0 0 16 0 0 262144 0 0 0 0 0 8388608 0 0 0 0 0 0 0 256 0 0 0 0 0 0 0 0 0 0 0 0 0 0 0 0 0 0 0 65536 0 0 0 0 0 0 0 0 0 0 0 0 0 0 0 0 0 0 0 0 0 0 0 0 0 0 0 0 0 0 0 0 0 1073741824 512 512 1 1 32768 0 0 4 0 4096 0 0 0 0 0 0 0 0 0 0 0 0 0 0 0 0 0 0 64 0 0 0 0 4096 0 0 0 0 0 0 0 0 0 0 0 0 0 0 0 0 0 0 224 0 0 0 0 16384 0 0 0 0 131072 8388608 0 0 0 0 0 0 0 0 0 0 0 0 0 0 0 0 0 0 0 0 0 0 0 0 0 0 0 0 0 0 0 0 0 0 512 512 0 0 0 0 0 0 0 0 0 0 0 0 0 0 0 0 0 0 0 0 0 0 0 0 0 0 0 0 0 0 0 0 0 0 512 512 0 1 0 0 0 0 0 0 0 0 0 0 0 0 0 0 0 0 0 0 0 0 0 0 0 224
is_linear=0
shrinkage=0.05


Tree=11
num_leaves=31
num_cat=5
split_feature=196 169 223 163 195 196 169 173 186 164 161 190 166 222 176 170 185 166 173 173 173 176 176 173 211 195 198 167 164 173
split_gain=26354.9 12540.1 6638.07 3299.31 3961.72 1834.73 1359.14 1245.05 1237.48 1234.93 1215.74 1021.46 748.471 1128.9 1376.71 782.85 2576.45 2025.09 2356 1128.98 816.863 741.811 700.43 695.791 674.856 663.458 650.493 739.173 698.514 829.833
threshold=0 1.0000000180025095e-35 1.0000000180025095e-35 4.5000000000000009 1.0000000180025095e-35 1 1.0000000180025095e-35 11.500000000000002 1.0000000180025095e-35 2 3 1.0000000180025095e-35 175.00000000000003 1.0000000180025095e-35 1.0000000180025095e-35 1.0000000180025095e-35 1.0000000180025095e-35 60.000000000000007 2.5000000000000004 6.5000000000000009 14.500000000000002 1.0000000180025095e-35 1.0000000180025095e-35 1.5000000000000002 7.5000000000000009 1.0000000180025095e-35 1.0000000180025095e-35 1.0000000180025095e-35 4 7.5000000000000009
decision_type=1 2 2 2 2 1 2 2 2 9 9 2 2 2 2 2 2 2 2 2 2 2 2 2 2 2 2 2 9 2
left_child=1 10 3 4 5 7 21 8 -2 -8 -1 -6 15 14 -14 16 -12 -17 23 -18 -20 -5 -10 -19 -9 -23 27 28 -7 -30
right_child=2 -3 -4 6 11 26 9 24 22 -11 12 -13 13 -15 -16 17 19 18 20 -21 -22 25 -24 -25 -26 -27 -28 -29 29 -31
leaf_value=0.054915129371958832 -0.0052266525950693775 0.058398643909821482 -0.056622555143957837 -0.048653506880352332 -0.034599068588009416 0.0072976557417777964 -0.0080376785836910967 -0.021523305011686023 0.033303726365135393 -0.047222656809074781 0.0082990979153287348 0.026399501705963342 0.061995582348680203 -0.047648317615208768 0.00019218520246202974 -0.026617540919487703 0.011307316337258606 0.041573970701408745 0.040712080254457099 -0.030374425358158472 0.0047209447472832062 -0.018409571428300037 -0.018791422908276817 -0.077904842880661532 0.014868208687455571 -0.066433796484118554 -0.037381415370621965 -0.046924451907995886 -0.029844061180348866 -0.012129639283965321
leaf_weight=1397.6292590792291 38857.492606626125 13634.001774645178 9482.7507567231078 8743.5284187824582 744.94841719628312 2820.3917573846411 9220.8111536633223 15371.304585068487 3388.5877928179689 2566.2855967432843 149143.97704004936 8651.7362775648944 2301.8530422095209 429.97327424003743 1480.7512362459674 2023.5376213002019 2173.3777549550869 149.89148227125406 8497.2382171172649 6428.5076935971738 1936.183847496286 4879.7479032204137 796.47029314306565 643.55005865544081 1388.5533506892971 843.31515609368216 5215.584668370313 2122.6126554465154 10608.753374433756 17550.835612809751
leaf_count=2031 188068 26450 236625 180964 10014 10226 59497 198388 5461 41532 326374 16277 3720 3151 3028 6486 7430 420 10519 79753 5871 101019 2221 720 7350 29412 88784 60731 85793 173751
internal_value=0 0.0121969 -0.0161971 -0.0133324 -0.00945204 -0.0124223 -0.0292231 -0.00694505 -0.00244416 -0.016618 0.00863061 0.0215616 0.00825761 0.0290783 0.0378064 0.00774506 0.00676445 0.019418 0.0277168 -0.0198424 0.034034 -0.0394923 0.0233871 -0.0553155 -0.0185076 -0.0254922 -0.0209628 -0.0183816 -0.016425 -0.0187972
internal_weight=333494 190240 143254 133771 107517 98120.6 26253.7 59802.4 43042.6 11787.1 176606 9396.68 175209 4212.58 3782.6 170996 157746 13250.4 11226.9 8601.89 10433.4 14466.6 4185.06 793.442 16759.9 5723.06 38318.2 33102.6 30980 28159.6
internal_count=1972066 475953 1496113 1259488 847064 820773 412424 401488 195750 101029 449503 26291 447472 9899 6748 437573 413557 24016 17530 87183 16390 311395 7682 1140 205738 130431 419285 330501 269770 259544
cat_boundaries=0 1 2 26 32 56
cat_threshold=199 3072 0 0 0 0 4096 0 0 0 0 0 0 0 0 0 0 0 0 0 0 0 0 0 0 224 0 0 0 0 0 8388608 0 0 0 0 0 0 0 0 0 0 8388608 0 0 0 0 0 0 0 0 0 0 0 0 160
is_linear=0
shrinkage=0.05


Tree=12
num_leaves=31
num_cat=5
split_feature=196 169 223 163 217 167 182 211 196 169 164 163 161 182 173 164 173 176 173 173 163 166 222 173 176 166 167 173 176 173
split_gain=23986.3 11405.8 6023.7 2967.16 2632.75 3075.75 1811.55 1296.36 1280.98 1228.84 1173.7 2105.87 1177.43 1131.07 1063.88 1057.49 1036.56 877.904 853.57 762.114 702.457 1227.51 1179.13 933.251 1003.13 700.74 681.179 671.286 639.699 591.689
threshold=0 1.0000000180025095e-35 1.0000000180025095e-35 4.5000000000000009 1.0000000180025095e-35 1.0000000180025095e-35 1.0000000180025095e-35 8.5000000000000018 1 1.0000000180025095e-35 2 4.5000000000000009 3 1.0000000180025095e-35 6.5000000000000009 4 6.5000000000000009 1.0000000180025095e-35 11.500000000000002 23.500000000000004 4.5000000000000009 60.000000000000007 1.0000000180025095e-35 2.5000000000000004 1.0000000180025095e-35 60.000000000000007 1.5000000000000002 7.5000000000000009 1.0000000180025095e-35 13.500000000000002
decision_type=1 2 2 2 2 2 2 2 1 2 9 2 9 2 2 9 2 2 2 2 2 2 2 2 2 2 2 2 2 2
left_child=2 10 3 4 6 -6 7 8 14 26 20 12 -12 18 25 -11 -13 -9 -14 -15 21 -2 23 -23 -25 -1 -5 -10 -8 -17
right_child=1 -3 -4 9 5 -7 28 17 27 15 11 16 13 19 -16 29 -18 -19 -20 -21 -22 22 -24 24 -26 -27 -28 -29 -30 -31
leaf_value=0.0031914274916128092 -0.013522626651346651 0.057119955240543321 -0.055267991843201726 -0.039643815586972858 0.025806086745080888 -0.055625007788658046 0.026441709979205294 -0.015237472299461137 -0.031913090245952923 -0.0083653457802422455 0.05336703357998647 0.010650680629418248 -0.00045451405639624579 0.023192227388388234 -0.014883531758587372 -0.063510056753326813 -0.02939767179770891 0.037151818445595682 0.0099880142632170505 -0.039518061591970008 0.011339875923808468 -0.034958580882449457 -0.046967145606748258 0.052083364471132411 0.0044074863453304955 -0.030809702903117825 0.043048206788996818 -0.017136655038559594 -0.015346810729613289 -0.011839286900935385
leaf_weight=16546.331580934231 1635.7455557214562 12903.480773037765 8967.0654270170489 13747.038209609396 8779.6247371679638 1335.5552014998975 4016.1212004388217 1300.2781538036652 11586.176558045438 9209.0364082560991 1344.324582093861 2179.8058563857339 43715.201685904089 11670.868379971245 34180.802914011379 1592.140700978518 6238.8574111835915 2075.1139138714643 35426.524881699821 504.97118700202554 62430.902079064632 406.80264485254884 424.52239934087265 5714.6970959156752 1367.684532710351 1667.6020147497766 253.18991651688702 22850.306657576526 1185.7516090766294 850.41311981214676
leaf_count=54156 6486 26450 236625 309552 16742 48950 9016 7305 100432 59497 2031 7430 117065 20829 322068 25993 79753 6838 99185 2791 98337 1114 3151 8304 3027 13768 1843 261809 5980 15539
internal_value=0 0.0117715 -0.0156201 -0.0129107 -0.00920293 0.0150516 -0.0117745 -0.013429 -0.0146109 -0.0281628 0.00839079 0.00491426 0.00709014 0.00640199 -0.00968079 -0.0161651 -0.0190275 0.0169695 0.00421989 0.0205895 0.0132701 0.0259017 0.0340516 0.0386476 0.0428783 7.73719e-05 -0.0381465 -0.0221023 0.0169146 -0.0453426
internal_weight=326107 185964 140143 131175 105524 10115.2 95408.5 90206.6 86831.2 25651.8 173061 101081 92661.9 91317.6 52394.7 11651.6 8418.66 3375.39 79141.7 12175.8 71980.4 9549.45 7913.71 7489.18 7082.38 18213.9 14000.2 34436.5 5201.87 2442.55
internal_count=1972066 475953 1496113 1259488 847064 65692 781372 766376 752233 412424 449503 329084 241901 239870 389992 101029 87183 14143 216250 23620 120419 22082 15596 12445 11331 67924 311395 362241 14996 41532
cat_boundaries=0 1 2 26 32 56
cat_threshold=3640 1056 0 0 0 0 4096 0 0 0 0 131072 0 0 0 0 0 0 0 0 0 0 0 0 0 32 0 0 0 0 0 8388608 0 0 0 0 4096 0 0 0 0 0 0 0 0 0 0 0 0 0 0 0 0 0 0 224
is_linear=0
shrinkage=0.05


Tree=13
num_leaves=31
num_cat=12
split_feature=160 169 223 160 170 196 216 180 164 211 164 160 176 160 173 176 160 198 214 173 172 176 160 162 173 160 176 164 164 223
split_gain=22434.1 9000.13 6369.17 5764.82 3603.77 4233.85 1856.36 1461.52 1142.11 837.51 806.417 800.33 795.592 686.6 620.593 592.719 928.571 581.151 641.993 541.809 729.803 500.131 2166 1169.53 759.372 1022.34 488.382 473.837 455.082 420.881
threshold=0 1.0000000180025095e-35 1.0000000180025095e-35 1 1.0000000180025095e-35 2 1.0000000180025095e-35 1.0000000180025095e-35 3 8.5000000000000018 4 5 1.0000000180025095e-35 6 8.5000000000000018 1.0000000180025095e-35 7 1.0000000180025095e-35 165.00000000000003 19.500000000000004 1.0000000180025095e-35 1.0000000180025095e-35 8 4.5000000000000009 20.500000000000004 9 1.0000000180025095e-35 10 11 1.0000000180025095e-35
decision_type=9 2 2 9 2 1 2 2 9 2 9 9 2 9 2 2 9 2 2 2 2 2 9 2 2 9 2 9 9 2
left_child=1 21 3 28 5 7 8 9 26 11 -7 -5 -11 14 -4 19 -17 -12 -19 -13 -21 23 -23 29 -24 -26 -6 -8 -2 -1
right_child=2 -3 13 4 6 10 27 -9 -10 12 17 15 -14 -15 -16 16 -18 18 -20 20 -22 22 24 -25 25 -27 -28 -29 -30 -31
leaf_value=0.012401552409329733 -0.061863966930612913 0.055913350587724911 -0.048082068848515777 -0.020153803072227125 0.012749265070875412 -0.050779643412616197 0.014402445164422862 0.0085412595743466473 -0.037044454933657135 -0.014294349201164467 -0.017856877585953859 -0.0032403356648151634 0.035734820429724333 -0.062189954293126543 0.01680960395681463 -0.029332764054294126 -0.0018316770739029724 -0.038559012829323787 0.081230245970080939 0.045353574258357107 -0.028448283886404826 0.028550206642713679 -0.0016381183961938234 0.042574126831709455 -0.050948593599918802 0.020954884456873258 0.029602791854241403 -0.051086263936001568 -0.038715115208087722 -0.045773272259616485
leaf_weight=77033.159488644218 3160.4216971858405 12208.490219443338 1055.0996979156043 11413.376392510312 12276.391388762277 2129.0832309222315 345.03269709879532 20784.309000677196 959.18136654817499 1262.43349215528 51222.376004210615 29990.111649167724 2142.6573024231475 6534.821472302312 565.53280103579164 5717.2537411435624 6630.662813822215 4839.7725013676099 114.01596306078136 1255.6003448562697 456.31474172277376 9371.8374441177584 31422.692905668519 3296.8131446436746 522.0363079844974 7078.7924398443429 6616.9273501834832 1376.7450440922403 7220.1203553954838 311.65147264464758
leaf_count=142712 75165 26450 12921 101898 31720 80884 2234 52185 12141 7305 551170 134218 6838 212214 5762 67075 50524 88579 205 2569 7896 14345 73017 7535 3562 11389 9412 49957 125386 4798
internal_value=0 0.01488 -0.0118032 -0.009732 -0.00738038 -0.0103527 0.0116222 -0.00285659 0.0159419 -0.00688137 -0.0205891 -0.00835917 0.0171857 -0.0549652 -0.0252804 -0.00529709 -0.0145914 -0.0194355 -0.035793 -0.00167831 0.025676 0.0109987 0.00698017 0.0134102 0.00179173 0.0159733 0.0186428 -0.0381725 -0.0458188 0.0121668
internal_weight=319314 141245 178068 169913 159532 137958 21574.3 79652.7 19852.5 58868.4 58305.2 55463.3 3405.09 8155.45 1620.63 44049.9 12347.9 56176.2 4953.79 31702 1711.92 129037 48395.4 80641.6 39023.5 7600.83 18893.3 1721.78 10380.5 77344.8
internal_count=1972066 283808 1688258 1457361 1256810 1151346 105464 430508 53273 378323 720838 364180 14143 230897 18683 262282 117599 639954 88784 144683 10465 257358 102313 155045 87968 14951 41132 52191 200551 147510
cat_boundaries=0 39 79 80 104 115 154 192 231 266 300 305 329
cat_threshold=0 0 4 0 20480 0 0 0 0 131072 0 0 0 0 0 0 0 0 0 0 0 0 0 96 0 0 0 0 0 0 0 0 0 41943040 4194304 0 0 0 2147483648 8192 0 0 0 0 0 0 0 0 0 8388608 0 0 0 0 0 0 0 0 0 0 0 0 0 0 0 0 0 0 0 0 0 0 0 0 0 16 0 0 262144 3074 0 0 0 0 4096 0 0 0 0 0 0 0 0 0 0 0 0 0 0 0 0 0 0 224 0 0 0 0 16384 0 0 0 0 131072 8388608 0 0 0 0 0 0 0 0 0 0 0 0 0 0 0 0 0 0 0 0 0 0 0 0 0 0 0 0 0 0 0 0 0 0 0 0 0 8192 512 0 0 0 0 0 0 0 0 0 0 0 0 0 0 0 0 0 0 0 0 0 0 0 0 0 0 0 0 0 0 0 0 0 0 512 512 0 1 0 0 0 0 0 0 0 0 0 0 0 0 0 0 0 0 0 0 0 0 0 0 0 0 0 0 0 0 0 0 0 0 0 0 0 0 1 0 32768 0 0 0 0 16384 0 0 0 0 0 0 0 0 0 0 0 0 0 0 0 0 0 0 96 0 0 0 0 0 0 0 0 0 0 4194304 0 0 0 0 4096 0 0 0 0 0 0 0 0 0 0 0 0 0 0 0 0 0 0 0 0 0 0 0 0 0 0 0 0 8388608 0 0 4 0 4096 0 0 0 0 0 0 0 0 0 0 0 0 0 0 0 0 0 0 0 0 0 0 0 224
is_linear=0
shrinkage=0.05


Tree=14
num_leaves=31
num_cat=11
split_feature=160 169 223 160 170 196 216 161 180 164 211 176 164 160 166 222 176 173 160 198 214 160 166 195 164 164 181 222 162 173
split_gain=21103.6 8120.04 5720.51 5202.74 3424.95 3827.59 1667.42 1610.64 1124.96 1001.9 950.788 746.229 721.612 670.167 579.26 1110.81 788.937 548.941 547.303 521.346 553.439 492.466 470.889 431.527 639 421.846 415.349 405.609 455.148 565.675
threshold=0 1.0000000180025095e-35 1.0000000180025095e-35 1 1.0000000180025095e-35 2 1.0000000180025095e-35 3 1.0000000180025095e-35 4 8.5000000000000018 1.0000000180025095e-35 5 6 175.00000000000003 1.0000000180025095e-35 1.0000000180025095e-35 8.5000000000000018 7 1.0000000180025095e-35 105.00000000000001 8 60.000000000000007 1.0000000180025095e-35 9 10 55.000000000000007 1.0000000180025095e-35 4.5000000000000009 7.5000000000000009
decision_type=9 2 2 9 2 1 2 9 2 9 2 2 9 9 2 2 2 2 9 2 2 9 2 2 9 9 2 2 2 2
left_child=1 14 3 23 5 7 9 -5 10 -6 18 -12 -7 17 27 16 -16 -4 -9 -14 -21 22 -11 24 -2 -8 -10 28 -1 -30
right_child=2 -3 13 4 6 12 25 8 26 21 11 -13 19 -15 15 -17 -18 -19 -20 20 -22 -23 -24 -25 -26 -27 -28 -29 29 -31
leaf_value=0.010353674185478796 -0.01932370934856557 0.054677618271900312 -0.046654706244097961 0.052659732003904502 0.02023322561982812 -0.049480027026226218 0.01206021527733662 -0.019333738643121514 0.017450599480687442 0.020145854734890487 -0.01378942591087999 0.034422519221074831 -0.017623499567666252 -0.061094699028000014 0.059339555701514501 -0.047793868714224891 0.0088470372263069735 0.014690171533840061 -0.006835682788461344 -0.039532020231411752 0.029673615665300385 -0.03497829513381441 -0.035490261990512396 -0.06423868384884461 -0.049748557354966638 -0.049740520024998125 0.0015401052527777136 0.038240476534224299 0.026717497271815528 -0.040819053807771379
leaf_weight=121051.39747987257 2701.4119866467081 11553.416501247557 990.28463683184236 1259.677237351425 16487.547462829854 2028.3333363788552 350.24078695499338 11088.124428519659 5575.6284115388989 1426.5029183090664 1240.1512516963994 2272.6076455870643 50188.628522553103 6148.4555388384906 2027.8001896054484 403.48546058003558 1251.3613171294564 576.61811420466984 41832.382345846941 4412.8381438917713 308.68318654625909 1234.3521320602158 517.98181651171762 2213.0628181658685 5004.3278831938514 1308.2085735748406 15518.861564912833 1286.9260413325392 464.07349910307676 931.61769503890537
leaf_count=239609 38390 26450 12921 2031 33747 80884 2234 101898 13345 3932 7305 6838 551170 212214 3720 3151 3028 5762 260251 85639 3145 8973 6621 53446 108715 49957 38840 2452 835 4563
internal_value=0 0.0145402 -0.0115676 -0.00962315 -0.00740273 -0.01033 0.0112245 -0.00318992 -0.00410444 0.015285 -0.00778735 0.0174007 -0.0202056 -0.0536591 0.0109017 0.0304429 0.0400769 -0.0239265 -0.00945952 -0.0191149 -0.0350038 -0.0104083 0.00529014 -0.0447253 -0.0391747 -0.0369135 0.00574607 0.0103199 0.0100263 -0.0183577
internal_weight=313655 138970 174685 166970 157051 135726 21324.8 78787.4 77527.8 19666.4 56433.3 3512.76 56938.5 7715.36 127417 3682.65 3279.16 1566.9 52920.5 54910.1 4721.52 3178.84 1944.48 9918.8 7705.74 1658.45 21094.5 123734 122447 1395.69
internal_count=1972066 283808 1688258 1457361 1256810 1151346 105464 430508 428477 53273 376292 14143 720838 230897 257358 9899 6748 18683 362149 639954 88784 19526 10553 200551 147105 52191 52185 247459 245007 5398
cat_boundaries=0 39 79 80 86 110 121 159 198 199 210 215
cat_threshold=0 0 4 0 20480 0 0 0 0 131072 0 0 0 0 0 0 0 0 0 0 0 0 0 96 0 0 0 0 0 0 0 0 0 41943040 4194304 0 0 0 2147483648 8192 0 0 0 0 0 0 0 0 0 8388608 0 0 0 0 0 0 0 0 0 0 0 0 0 0 0 0 0 0 0 0 0 0 0 0 0 16 0 0 262144 3074 0 0 0 0 0 8388608 0 0 0 0 4096 0 0 0 0 0 0 0 0 0 0 0 0 0 0 0 0 0 0 192 0 0 0 0 16384 0 0 0 0 131072 8388608 0 0 0 0 0 0 0 0 0 0 0 0 0 0 0 0 0 0 0 0 0 0 0 0 0 0 0 0 0 0 0 0 0 0 512 512 0 1 0 0 0 0 0 0 0 0 0 0 0 0 0 0 0 0 0 0 0 0 0 0 0 0 0 0 0 0 0 0 0 0 0 0 0 0 0 8192 512 524288 0 0 4 0 4096 0 0 0 0 131072 8388608 0 0 4 0 4096
is_linear=0
shrinkage=0.05


Tree=15
num_leaves=31
num_cat=8
split_feature=196 169 223 163 195 196 173 169 161 182 161 164 190 170 185 173 164 164 211 176 173 176 204 176 165 173 164 176 212 213
split_gain=17792.8 8700.81 4673.23 2386.98 2837.15 1510.56 1105.78 1043.12 951.625 940.212 893.14 854.515 727.424 719.683 2050.97 1004.75 866.575 820.47 701.097 685.11 610.624 587.002 540.791 780.133 525.65 516.297 504.548 504.34 1736.64 794.528
threshold=0 1.0000000180025095e-35 1.0000000180025095e-35 4.5000000000000009 1.0000000180025095e-35 1 12.500000000000002 1.0000000180025095e-35 2 1.0000000180025095e-35 3 4 1.0000000180025095e-35 1.0000000180025095e-35 1.0000000180025095e-35 6.5000000000000009 5 6 8.5000000000000018 1.0000000180025095e-35 14.500000000000002 1.0000000180025095e-35 1.0000000180025095e-35 1.0000000180025095e-35 75.000000000000014 2.5000000000000004 7 1.0000000180025095e-35 1.0000000180025095e-35 1.5000000000000002
decision_type=1 2 2 2 2 1 2 2 9 2 9 9 2 2 2 2 9 9 2 2 2 2 2 2 2 2 9 2 2 2
left_child=1 8 3 4 5 6 9 21 -1 18 -10 -9 -6 14 16 -16 -12 20 22 -20 25 -5 -2 -24 -17 -15 -23 29 -29 -7
right_child=2 -3 -4 7 12 27 -8 11 10 -11 13 -13 -14 17 15 24 -18 -19 19 -21 -22 26 23 -25 -26 -27 -28 28 -30 -31
leaf_value=0.0514323713278435 -0.0042903374287070577 0.053587710810802963 -0.051651740227123211 -0.044236385297205257 -0.031307290496862934 -0.012637039158286026 -0.018299562665792607 -0.0074885917784824497 -0.031225771266960037 0.021214306082984476 0.016911956402056852 -0.042307502059676823 0.022734517064217485 -0.026189086814619945 0.012099093223716856 0.02816268395332305 0.0063223951690368659 -0.012586568518198142 -0.012205712396385529 0.038400018542810013 -0.00023142836325152559 -0.013882078265820344 -0.046605000296210841 0.0079212349057059071 -0.03228166902043568 0.034141094784986767 -0.050458191189534075 -0.042748573807622078 0.0041097362945308842 -0.044596468708050917
leaf_weight=1215.9531832649373 33389.935220306856 10938.356025387766 7707.688038410357 7628.4629528699152 672.6778360332828 23417.841080797603 13337.089472493855 8868.3223680790397 1487.5618255216395 4015.0269822708797 23033.072865779046 2193.5540544110117 8300.370992835029 371.7011466473341 2064.0864127499517 384.05532021494582 120004.01073198227 1684.8049475748558 1063.0578178190626 1801.4245748156682 1904.9868883574381 4046.9000123302103 1822.9009744108189 1024.1809438322671 5569.383644826361 7531.4649041907396 1231.2739265797427 6645.7396047401126 2814.3331379390147 2120.6223737412365
leaf_count=2031 180274 26450 236625 180964 10014 221252 182011 59497 7107 8623 41303 41532 16277 1140 7430 2280 287260 7089 6122 4321 5871 76271 14803 5334 77473 10519 54160 149397 27115 21521
internal_value=0 0.0104008 -0.0138717 -0.0115316 -0.00814775 -0.0107803 -0.00571676 -0.025709 0.00754256 -0.00182561 0.00721345 -0.0144402 0.0186811 0.00756726 0.00664993 -0.0179577 0.00802933 0.0196292 -0.00419177 0.0196188 0.0251512 -0.0353657 -0.00607434 -0.0269906 -0.0283795 0.0313015 -0.0225412 -0.0189405 -0.0288084 -0.0152919
internal_weight=308291 176189 132101 124394 100425 91452.2 56453.6 23968.5 165251 43116.5 164035 11061.9 8973.05 162548 151055 8017.53 143037 11493 39101.5 2864.48 9808.15 12906.6 36237 2847.08 5953.44 7903.17 5278.17 34998.5 9460.07 25538.5
internal_count=1972066 475953 1496113 1259488 847064 820773 401488 412424 449503 219477 447472 101029 26291 440365 415746 87183 328563 24619 210854 10443 17530 311395 200411 20137 79753 11659 130431 419285 176512 242773
cat_boundaries=0 1 2 8 42 66 90 114 138
cat_threshold=199 3072 0 0 0 0 0 8388608 0 0 0 0 0 0 0 0 0 0 0 0 0 128 0 0 0 0 0 0 0 0 0 0 0 0 0 0 0 0 0 0 0 16384 0 0 0 0 4096 0 0 0 0 0 0 0 0 0 0 0 0 0 0 0 0 0 0 224 0 0 0 0 4096 0 0 0 0 0 0 0 0 0 0 0 0 0 0 0 0 0 0 32 0 0 4 0 0 0 0 0 0 131072 0 0 0 0 0 0 0 0 0 0 0 0 0 64 0 0 4 0 4096 0 0 0 0 0 0 0 0 0 0 0 0 0 0 0 0 0 0 192
is_linear=0
shrinkage=0.05


Tree=16
num_leaves=31
num_cat=14
split_feature=160 169 223 160 170 196 161 180 211 164 167 194 160 173 160 196 164 161 160 173 166 222 173 164 198 214 173 160 221 160
split_gain=17206.2 6933.07 4860.4 4672.68 2824.78 3384.16 1333.93 941.759 1144.79 847.504 748.786 1242.25 657.365 646.776 1191.53 979.865 603.338 474.855 514.959 470.825 456.601 973.545 439.664 432.864 432.86 500.388 414.058 405.576 397.542 941.536
threshold=0 1.0000000180025095e-35 1.0000000180025095e-35 1 1.0000000180025095e-35 2 3 1.0000000180025095e-35 7.5000000000000009 4 1.0000000180025095e-35 1.0000000180025095e-35 5 8.5000000000000018 6 7 8 9 10 8.5000000000000018 175.00000000000003 1.0000000180025095e-35 16.500000000000004 11 1.0000000180025095e-35 105.00000000000001 8.5000000000000018 12 1.0000000180025095e-35 13
decision_type=9 2 2 9 2 1 9 2 2 9 2 2 9 2 9 1 9 9 9 2 2 2 2 9 2 2 2 9 2 9
left_child=1 20 3 -2 5 6 -5 8 13 -6 23 -12 19 15 22 -8 -7 -16 -19 -4 28 26 -15 27 -18 -26 -22 -11 29 -1
right_child=2 -3 12 4 9 16 7 -9 -10 10 11 -13 -14 14 17 -17 24 18 -20 -21 21 -23 -24 -25 25 -27 -28 -29 -30 -31
leaf_value=-0.021975879314901598 -0.043231064802898525 0.052554078411158438 -0.043993268801109701 0.050045649694785976 -0.041485168539262839 -0.047001351287211397 0.00094511888091474414 0.0056595864658340643 0.016046855987169262 0.028607867254237057 -0.036788471312525724 0.017999576765126864 -0.059343978041053951 -0.020391828522604266 -0.05359404496253261 -0.023934398752514807 -0.016655875157754223 -0.012162273069869493 0.0093596621757165571 0.014275729821906644 0.060973035102798105 -0.047835511771320449 -0.042212049831707149 0.0008888872326322585 -0.037579390371154112 0.028484361727104213 0.023318620014399188 0.010213536194161075 0.022959878762935069 0.0095322220933587668
leaf_weight=2412.4140441527124 9329.9433927325299 10363.813551677624 886.03937065950595 1168.1095433377195 751.48197077983059 1858.7872238992131 21179.669952371856 20269.343921676627 4934.3015904304339 7679.1386935585178 1874.3390947396401 2307.9927789166104 5533.0759007576271 9838.7916209596442 441.49645606440026 4856.4598346110433 48341.542773729452 5499.8218489748542 5597.8072617306025 568.80710442463169 1128.0108467144892 381.6917396474164 3017.8520208246773 3244.7379747733939 4122.0638929758279 307.60342767031398 2073.2280381703749 4976.3642046349123 5237.9598583695479 114110.16419163824
leaf_count=10455 200551 26450 12921 2031 10982 80884 80950 52185 20347 12788 53531 4631 212214 102924 2824 26152 551170 47800 32556 5762 2041 3151 62739 12237 85639 3145 4707 11295 11515 225489
internal_value=0 0.0132513 -0.0106671 -0.00890217 -0.00679528 -0.00950713 -0.00273865 -0.00356074 -0.00693702 0.0103091 0.012263 -0.00655431 -0.0514926 -0.00918602 -0.0150356 -0.00370461 -0.0190187 -0.00335513 -0.00130726 -0.0210663 0.0100024 0.0275945 -0.0254957 0.0172207 -0.0180238 -0.032988 0.0365958 0.0213898 0.00948458 0.00887869
internal_weight=304293 135707 168586 161598 152268 131434 76803.7 75635.5 55366.2 20834.1 20082.6 4182.33 6987.92 50431.9 24395.8 26036.1 54630 11539.1 11097.6 1454.85 125343 3582.93 12856.6 15900.2 52771.2 4429.67 3201.24 12655.5 121761 116523
internal_count=1972066 283808 1688258 1457361 1256810 1151346 430508 428477 376292 105464 94482 58162 230897 355945 248843 107102 720838 83180 80356 18683 257358 9899 165663 36320 639954 88784 6748 24083 247459 235944
cat_boundaries=0 39 79 80 86 97 135 174 175 186 220 258 282 306 311
cat_threshold=0 0 4 0 20480 0 0 0 0 131072 0 0 0 0 0 0 0 0 0 0 0 0 0 96 0 0 0 0 0 0 0 0 0 41943040 4194304 0 0 0 2147483648 8192 0 0 0 0 0 0 0 0 0 8388608 0 0 0 0 0 0 0 0 0 0 0 0 0 0 0 0 0 0 0 0 0 0 0 0 0 16 0 0 262144 3074 0 0 0 0 0 8388608 0 0 0 0 16384 0 0 0 0 131072 8388608 0 0 0 0 0 0 0 0 0 0 0 0 0 0 0 0 0 0 0 0 0 0 0 0 0 0 0 0 0 0 0 0 0 0 512 512 0 1 0 0 0 0 0 0 0 0 0 0 0 0 0 0 0 0 0 0 0 0 0 0 0 0 0 0 0 0 0 0 0 0 0 0 0 0 1 8192 33280 1024 0 0 0 0 16384 0 0 0 0 131072 8388608 0 0 0 0 0 0 0 0 0 0 0 0 0 128 0 0 0 0 0 0 0 0 0 0 0 0 0 0 0 0 0 0 0 16384 0 0 0 0 0 0 0 0 0 0 0 0 0 0 0 0 0 0 0 0 0 0 0 0 0 0 0 0 0 0 0 0 0 1073741824 0 0 0 1 0 0 0 0 0 0 0 0 0 0 0 0 0 0 0 0 0 0 0 0 0 0 0 192 32 0 0 0 0 0 0 0 0 0 0 0 0 0 0 0 0 0 0 0 0 0 0 128 0 0 0 0 4096
is_linear=0
shrinkage=0.05


Tree=17
num_leaves=31
num_cat=13
split_feature=160 169 223 160 196 163 195 159 211 161 194 173 160 160 176 176 160 176 164 216 167 160 190 173 160 176 160 173 164 176
split_gain=15426.5 6420.31 4477.44 4292.58 1972.4 2902.88 1911.04 1598.55 1031.97 836.87 864.968 836.776 1098.19 1059.14 678.355 655.132 639.134 631.848 606.22 1281.09 701.029 550.146 537.341 471.812 962.089 659.913 427.768 458.445 423.666 458.083
threshold=0 1.0000000180025095e-35 1.0000000180025095e-35 1 2 4.5000000000000009 1.0000000180025095e-35 3 8.5000000000000018 4 1.0000000180025095e-35 10.500000000000002 5 6 1.0000000180025095e-35 1.0000000180025095e-35 7 1.0000000180025095e-35 8 1.0000000180025095e-35 1.0000000180025095e-35 9 1.0000000180025095e-35 6.5000000000000009 10 1.0000000180025095e-35 11 18.500000000000004 12 1.0000000180025095e-35
decision_type=9 2 2 9 1 2 2 1 2 9 2 2 9 9 2 2 9 2 9 2 2 9 2 2 9 2 9 2 9 2
left_child=1 -1 3 -2 5 6 7 9 11 -5 17 12 15 -13 -10 -9 -4 -11 19 22 -20 -15 23 24 -7 -25 -27 -28 -14 -30
right_child=2 -3 16 4 -6 18 -8 8 14 10 -12 13 28 21 -16 -17 -18 -19 20 -21 -22 -23 -24 25 -26 26 27 -29 29 -31
leaf_value=0.0095238521461354503 -0.042179713249762614 0.051519876420498656 -0.020109098450829269 0.048924469978124413 -0.018670761735888514 0.0098901592302957381 0.02344634593237744 -0.03532220008874442 -0.013947874769466337 -0.010985856570785673 0.023538099642153473 0.010293630757875052 -0.040987932234425262 -0.039841365873854173 0.030935157379766789 0.0052579504458030446 -0.05846145924172718 0.0062300957184188797 -0.045481330196841488 -0.063981502519852504 0.011272661658100249 -0.017631956792064363 0.0070480438135451162 -0.030770563484045062 -0.038092753323886036 0.015553371873463671 -0.0063942247963812027 -0.045135000664067074 0.0035292851989748015 -0.012430989348076384
leaf_weight=124319.44150421361 8938.1159414975555 9819.2774898520438 1416.7555125869112 1122.920092650922 27325.171953494253 3866.68292820442 8110.1159623069689 4047.7512762032566 1208.4846727038966 7317.0886435160064 5364.5107344044372 2721.3365902812802 625.94585176685359 3871.1318813172984 2771.5701702411752 1318.0927866272978 5234.4140102567908 19615.912527106702 3398.9747371659905 1271.8453997651814 647.41894385527121 10197.909130466345 3061.6168400782626 7216.7357351582032 1419.6013575787656 1441.8607529838337 3048.029384023801 1018.708430275321 22034.61256881 5647.6192656286294
leaf_count=257358 200551 26450 18683 2031 330032 21271 15935 33858 7305 34414 8877 27985 13777 75658 6838 10114 212214 52185 118253 37929 7686 127236 21284 95780 13047 16173 38212 21171 81295 38464
internal_value=0 0.0125973 -0.0102239 -0.00853927 -0.00652718 -0.00381403 0.000224004 -0.00191953 -0.00720277 0.00668726 0.00520318 -0.00913741 -0.00459072 -0.0182553 0.0173058 -0.0253062 -0.0504131 0.00155261 -0.0185001 -0.015251 -0.0363095 -0.0237684 -0.0123155 -0.0156073 -0.00305016 -0.0208229 -0.00778818 -0.0160648 -0.000654342 0.000272688
internal_weight=299420 134139 165281 158630 149692 122366 95975 87864.9 54444.5 33420.4 32297.5 50464.4 33674 16790.4 3980.05 5365.84 6651.17 26933 26391.5 22345.1 4046.39 14069 21073.2 18011.6 5286.28 12725.3 5508.6 4066.74 28308.2 27682.2
internal_count=1972066 283808 1688258 1457361 1256810 926778 535972 520037 422530 97507 95476 408387 177508 230879 14143 43972 230897 86599 390806 264867 125939 202894 226938 205654 34318 171336 75556 59383 133536 119759
cat_boundaries=0 39 79 80 81 87 125 161 199 223 262 286 287 311
cat_threshold=0 0 4 0 20480 0 0 0 0 131072 0 0 0 0 0 0 0 0 0 0 0 0 0 96 0 0 0 0 0 0 0 0 0 41943040 4194304 0 0 0 2147483648 8192 0 0 0 0 0 0 0 0 0 8388608 0 0 0 0 0 0 0 0 0 0 0 0 0 0 0 0 0 0 0 0 0 0 0 0 0 16 0 0 262144 3170 8704 0 0 0 0 0 8388608 32 0 0 0 0 0 0 0 0 0 0 0 0 0 0 0 0 0 0 0 0 0 0 0 0 0 0 0 0 0 0 0 0 0 0 512 0 8192 32 0 0 0 0 0 0 0 0 0 0 0 0 0 0 0 0 0 0 0 0 0 0 0 0 0 0 0 0 0 0 0 0 0 512 512 0 0 0 0 0 0 0 0 0 0 0 0 0 0 0 0 0 0 0 0 0 0 0 0 0 0 0 0 0 0 0 0 0 0 512 512 0 1 0 0 4 0 0 0 0 0 0 0 0 0 0 0 0 0 0 0 0 0 0 0 0 224 0 0 0 0 0 0 0 0 0 0 0 0 0 0 0 0 0 0 0 0 0 0 0 0 0 0 0 0 0 0 0 0 0 0 0 0 0 0 33280 524288 0 0 0 0 0 0 0 0 0 0 0 0 0 0 0 0 0 0 0 0 0 0 128 32 0 0 4 0 0 0 0 0 0 131072 8388608 0 0 0 0 0 0 0 0 0 0 0 0 128
is_linear=0
shrinkage=0.05


Tree=18
num_leaves=31
num_cat=16
split_feature=196 169 223 160 190 167 160 160 164 161 160 163 174 194 174 174 160 176 160 160 177 161 174 164 164 164 160 167 160 211
split_gain=13687.3 6703.81 3755.18 2885.72 1803.81 3293.13 1942.05 1222.61 818.459 721.523 651.276 1178.5 1076.98 1079.48 1012.66 837.926 621.9 606.037 2452.73 1113.17 538.683 538.984 508.902 465.085 458.456 446.456 564.472 464.683 445.956 606.47
threshold=0 1.0000000180025095e-35 1.0000000180025095e-35 1 1.0000000180025095e-35 1.0000000180025095e-35 2 3 4 5 6 4.5000000000000009 230.00000000000003 1.0000000180025095e-35 130.00000000000003 230.00000000000003 7 1.0000000180025095e-35 8 9 1.0000000180025095e-35 10 170.00000000000003 11 12 13 14 1.0000000180025095e-35 15 7.5000000000000009
decision_type=1 2 2 9 2 2 9 9 9 9 9 2 2 2 2 2 9 2 9 9 2 9 2 9 9 9 9 2 9 2
left_child=1 7 3 24 6 -6 28 -1 -8 -9 15 12 13 20 -13 -11 -4 19 -19 22 21 -12 -10 -21 -2 -17 27 -27 -5 -30
right_child=2 -3 16 4 5 -7 8 9 17 10 11 14 -14 -15 -16 25 -18 18 -20 23 -22 -23 -24 -25 -26 26 -28 -29 29 -31
leaf_value=-0.048028686815759003 -0.057776914191443401 0.050532925502792828 -0.018876676930486488 0.012809280165734177 0.019020100637031495 -0.058490878184831223 -0.043774943842031726 0.047773137663715881 -0.035854025187929905 0.013661651637792855 -0.038870313931657838 0.014334237125700708 0.012627832306793286 0.027247813998077249 -0.025982920419077689 0.016058330340483203 -0.056656418876057726 0.0059377443179536027 -0.032206294936756613 -0.027266938231878812 -0.045804420029995956 -0.00047649477289330783 -0.012629549222168744 -0.0055923203689069965 -0.031386377154201235 -0.00022823054753432788 -0.0349234151435142 0.03476995590867845 -0.0072829909151434407 0.01224749890786489
leaf_weight=997.71122096804902 2533.8975964816636 9298.873061334365 1413.5606718178606 5754.7254238328896 11036.014655613224 1564.0735800642869 2402.4347649718111 1079.1490233556833 5639.1475833266159 53997.78263791441 928.89739795122296 2154.9294570190832 31318.567343462317 3364.1449388875626 5613.5036350559676 5090.1996233547106 5319.0446476452926 5910.3583462360402 14687.409372002003 2654.5674643092789 699.66494677215815 33991.291568854707 4057.3409744049422 35157.542584206196 5057.5605522220139 19096.657675555209 1112.046621235786 997.481952781789 17252.745851445274 5164.1353975716047
leaf_count=22884 75165 26450 18828 18647 34586 64383 91866 2031 54897 93344 4417 7430 79436 4406 79753 11875 217797 61360 260300 31570 1805 93495 46316 279085 102502 40076 6878 1673 118464 20347
internal_value=0 0.00925897 -0.0125122 -0.0104556 -0.0084175 0.00939618 -0.010693 0.00686721 -0.0151256 0.00721346 0.00693389 0.0036808 0.00572342 0.000176409 -0.0147983 0.010096 -0.0488392 -0.0141083 -0.0212738 -0.0110044 -0.00238058 -0.00150975 -0.0261109 -0.00712125 -0.0402634 0.00277758 -0.000417687 0.00150892 0.00040618 -0.00278215
internal_weight=295345 169741 125605 118872 111280 12600.1 98680.4 160442 70508.8 159444 158365 78071 70302.6 38984 7768.43 80294.2 6732.61 68106.4 20597.8 47508.6 35619.9 34920.2 9696.49 37812.1 7591.46 26296.4 21206.2 20094.1 28171.6 22416.9
internal_count=1972066 475953 1496113 1259488 1081821 98969 982852 449503 825394 426619 424588 270742 183559 104123 87183 153846 236625 733528 321660 411868 99717 97912 101213 310655 177667 60502 48627 41749 157458 138811
cat_boundaries=0 1 41 80 91 102 108 132 171 208 245 279 303 327 351 375 414
cat_threshold=199 8192 0 0 0 0 0 0 0 0 0 0 0 0 0 0 0 0 0 0 0 0 0 0 0 0 0 0 0 0 0 0 0 0 0 0 0 16 0 0 262144 0 0 0 0 16384 0 0 0 0 0 0 0 0 0 0 0 0 0 0 0 0 0 0 0 0 0 0 0 0 0 0 0 0 1082130432 4194816 0 0 8193 2147483648 0 0 0 0 0 0 0 0 0 0 8388608 0 0 0 0 16384 0 0 0 0 131072 8388608 0 0 0 0 0 8388608 0 0 4 0 4096 0 0 0 0 0 0 0 0 0 0 0 0 0 0 0 0 0 0 96 0 0 0 0 0 0 0 0 0 0 0 0 0 0 0 0 0 0 0 0 0 0 0 0 0 0 0 0 0 0 0 0 0 0 4194816 512 0 1 2147483648 32 0 0 0 0 0 0 0 0 0 0 0 0 0 0 0 0 0 0 0 0 0 0 0 0 0 0 0 0 0 0 0 0 0 0 512 1073741824 32 0 0 0 0 0 0 0 0 0 0 0 0 0 0 0 0 0 0 0 0 0 0 0 0 0 0 0 0 0 0 0 0 0 0 512 1073741824 0 0 0 0 0 0 0 0 0 0 0 0 0 128 0 0 0 0 0 0 0 0 0 0 0 0 0 0 0 0 0 0 0 32768 0 0 4 0 0 0 0 0 0 0 0 0 0 0 0 0 0 0 0 0 0 0 0 64 0 0 0 0 0 0 0 0 0 0 0 0 0 0 0 0 0 0 0 0 0 0 0 224 0 0 0 0 4096 0 0 0 0 0 0 0 0 0 0 0 0 0 0 0 0 0 0 32 0 0 4 0 0 0 0 0 0 0 0 0 0 0 0 0 0 0 0 0 0 0 0 32 0 0 0 0 16384 0 0 0 0 0 0 0 0 0 0 0 0 0 0 0 0 0 0 0 0 0 0 0 0 0 0 0 0 8388608 4194304 0 0 0 2147483648
is_linear=0
shrinkage=0.05


Tree=19
num_leaves=31
num_cat=13
split_feature=160 169 223 160 170 196 161 180 195 194 211 176 160 164 169 164 173 160 160 160 195 164 160 161 193 214 198 166 222 176
split_gain=13531 5350.26 3881.89 3609.53 2505.67 2784.43 1046.76 800.333 746.422 1403.16 643.115 584.676 568.85 518.163 517.834 1011.64 512.155 1113.08 839.568 391.417 387.704 526.601 375.146 456.953 345.309 326.292 436.56 317.346 830.519 959.852
threshold=0 1.0000000180025095e-35 1.0000000180025095e-35 1 1.0000000180025095e-35 2 3 1.0000000180025095e-35 1.0000000180025095e-35 1.0000000180025095e-35 7.5000000000000009 1.0000000180025095e-35 4 5 1.0000000180025095e-35 6 7.5000000000000009 7 8 9 1.0000000180025095e-35 10 11 12 1.0000000180025095e-35 165.00000000000003 1.0000000180025095e-35 175.00000000000003 1.0000000180025095e-35 1.0000000180025095e-35
decision_type=9 2 2 9 2 1 9 2 2 2 2 2 9 9 2 9 2 9 9 9 2 9 9 9 2 2 2 2 2 2
left_child=1 24 3 20 5 6 -5 10 9 13 16 -12 -4 -6 15 -7 17 -8 -18 -19 21 -2 -20 -24 27 26 -17 -1 29 -29
right_child=2 -3 12 4 8 14 7 -9 -10 -11 11 -13 -14 -15 -16 25 18 19 22 -21 -22 -23 23 -25 -26 -27 -28 28 -30 -31
leaf_value=0.0086431603535276867 -0.01529579117465979 0.04959259919506722 -0.024136614122863179 0.046771753070315426 0.00083550469230323551 -0.049513733732696796 0.0080715263995839014 0.0052077797704822484 0.021960856068731199 0.021297162946270619 -0.014841177326157093 0.021377450371709933 -0.058353921143997678 -0.027186226421959905 -0.0068915650506466593 -0.016584522851731762 -0.02508958298106408 -0.037516115233318222 -0.012183297162756151 -0.010449772953807668 -0.060890282372776272 -0.045162350298278503 -0.040028633048422219 0.0066615780006405445 0.053533010892971813 0.07239193575394233 -0.033810290991042595 0.055811796250770901 -0.048283437903788091 -0.00016177332727619446
leaf_weight=117424.14932172364 2330.3646648756112 8813.1112746590516 1749.2430242542177 1041.2695319023915 3300.8084901283728 2742.7189914915944 11401.148091336014 19518.87171800097 7992.5335890399292 5327.3759767108131 1617.0201928109163 3580.5656204088591 4383.1279906184354 3294.6516709458665 8887.5728156985133 35776.332562806812 9330.2134822323278 1588.4948371482897 11277.498424223624 8342.3282766652992 1786.8418102924479 4193.9509371171589 562.00097115267999 6187.4827594299568 438.11879802122712 98.797902286984026 4100.5661370533635 1811.6109441034496 356.94637229316868 1326.312547838781
leaf_count=246463 38390 26450 34868 2031 16058 111904 39546 52185 15935 8877 10652 9695 196029 64594 75917 444233 126013 12930 106469 30487 53446 108715 3843 36657 996 205 88579 3720 3151 3028
internal_value=0 0.0119769 -0.00971909 -0.00816885 -0.00634171 -0.00894604 -0.00275698 -0.00346621 0.0101386 0.00221252 -0.00660886 0.0101082 -0.0487316 -0.0132025 -0.0178702 -0.0201583 -0.0083936 -0.00258591 -0.0129219 -0.0148148 -0.0401999 -0.03459 -0.00660586 0.00271701 0.00924593 -0.0181265 -0.0183564 0.00908521 0.0239327 0.0321555
internal_weight=290582 130170 160412 154279 145968 126053 74446.9 73405.6 19915.4 11922.8 53886.8 5197.59 6132.37 6595.46 51606 42718.4 48689.2 21332 27357.2 9930.82 8311.16 6524.32 18027 6749.48 121357 39975.7 39876.9 120919 3494.87 3137.92
internal_count=1972066 283808 1688258 1457361 1256810 1151346 430508 428477 105464 89529 376292 20347 230897 80652 720838 644921 355945 82963 272982 43417 200551 147105 146969 40500 257358 533017 532812 256362 9899 6748
cat_boundaries=0 39 79 80 86 126 150 174 213 252 290 301 339 373
cat_threshold=0 0 4 0 20480 0 0 0 0 131072 0 0 0 0 0 0 0 0 0 0 0 0 0 96 0 0 0 0 0 0 0 0 0 41943040 4194304 0 0 0 2147483648 8192 0 0 0 0 0 0 0 0 0 8388608 0 0 0 0 0 0 0 0 0 0 0 0 0 0 0 0 0 0 0 0 0 0 0 0 0 16 0 0 262144 3074 0 0 0 0 0 8388608 0 0 0 0 0 0 0 0 0 0 0 0 0 0 0 0 0 0 0 0 0 0 0 0 0 0 0 0 0 0 0 0 0 0 512 512 0 1 0 262144 0 0 4 0 4096 0 0 0 0 0 0 0 0 0 0 0 0 0 0 0 0 0 0 32 0 0 0 0 16384 0 0 0 0 131072 8388608 0 0 0 0 0 0 0 0 0 0 0 0 32 0 0 0 0 0 0 0 0 0 0 0 0 0 0 0 0 0 0 0 0 0 0 0 0 0 0 0 0 0 0 0 0 0 1073741824 0 0 0 1 33280 0 0 0 0 0 0 0 0 0 0 0 0 0 0 0 0 0 0 0 0 0 0 0 0 0 0 0 0 0 0 0 0 0 0 0 0 0 8192 33280 0 0 0 0 0 0 0 0 0 0 0 0 0 0 0 0 0 0 0 0 0 0 0 0 0 0 0 0 0 0 0 0 0 0 0 512 0 8192 0 0 4 0 4096 0 0 0 0 131072 8388608 0 0 0 0 0 0 0 0 0 0 0 0 0 0 0 0 0 0 0 0 0 0 0 0 0 0 0 0 0 0 0 0 0 1073741824 0 0 1 1 0 0 0 0 0 0 0 0 0 0 0 0 0 128 0 0 0 0 0 0 0 0 0 0 0 0 0 0 0 0 0 0 0 16384
is_linear=0
shrinkage=0.05


Tree=20
num_leaves=31
num_cat=14
split_feature=160 169 223 160 196 163 195 159 174 160 161 194 164 167 160 164 161 174 174 176 195 174 160 160 174 176 159 174 211 160
split_gain=12077.6 4986.16 3605.86 3324.31 1773.68 2194.59 1557.08 1201.39 679.047 908.79 672.031 664.274 561.472 623.66 548.625 469.857 450.983 414.183 412.661 411.978 607.229 607.092 663.266 383.377 383.199 388.196 1086.37 825.22 369.071 528.141
threshold=0 1.0000000180025095e-35 1.0000000180025095e-35 1 2 4.5000000000000009 1.0000000180025095e-35 3 290.00000000000006 4 5 1.0000000180025095e-35 6 1.0000000180025095e-35 7 8 9 430.00000000000006 170.00000000000003 1.0000000180025095e-35 1.0000000180025095e-35 130.00000000000003 10 11 150.00000000000003 1.0000000180025095e-35 12 350.00000000000006 7.5000000000000009 13
decision_type=9 2 2 9 1 2 2 1 2 9 9 2 9 2 9 9 9 2 2 2 2 2 9 9 2 2 1 2 2 9
left_child=1 -1 3 -2 5 6 7 10 15 -10 -5 16 17 -14 18 -9 -12 19 -4 21 -21 22 -7 -19 -6 -26 -27 -28 29 -17
right_child=2 -3 14 4 24 12 -8 8 9 -11 11 -13 13 -15 -16 28 -18 23 -20 20 -22 -23 -24 -25 25 26 27 -29 -30 -31
leaf_value=0.0087537652145557206 -0.039188363574798331 0.048692983027269841 -0.042416650366800264 0.045753744390678808 -0.02673367865507352 0.0069725561070789581 0.021263677120576158 -0.034324960503380096 -0.0020273451688559096 -0.034609984169221258 0.002846553420069081 0.020523103568419382 -0.043830314059668037 0.010690705237322087 -0.056309868375830907 -0.022604837570201736 -0.02351453410179 0.014892484546142433 0.013899252002144608 0.0015454117032456761 -0.068282490247059152 -0.025920470863930307 -0.031993135805843315 -0.053681641540245489 -0.0073200030348335365 0.00054416609787347127 -0.053617298543034798 -0.0071649347671038088 0.010541606519208564 -0.0028227698756242581
leaf_weight=120778.52531943342 7984.254932412412 8354.8211837073322 800.96186221670359 1002.0790408330504 8366.1918670747982 3868.9806007138686 7926.5711957488675 1236.0073612552951 4023.7742574455624 4581.3952382876305 24480.717216668767 5290.8968315380625 3098.7584407575778 630.99415235052584 4473.7732797252247 3728.6757781888009 1727.0904773430666 252.40150217385963 547.00428872584598 6550.4811535116169 326.37126523465849 7676.1317525242921 1509.8575620278134 1054.5815957081504 10057.492633605551 3047.8107007141662 2934.1169110001938 1418.7283799322613 4396.7939869901747 34675.501910800696
leaf_count=257358 200551 26450 12921 2031 92819 23068 15935 34597 40473 103124 76982 8877 118253 7686 212214 28902 9617 3968 5762 75459 11848 104108 16624 29792 105927 28696 71192 31398 15720 199714
internal_value=0 0.0113371 -0.00928546 -0.00780536 -0.00606032 -0.00346259 6.83427e-05 -0.00190494 -0.00657109 -0.0194185 0.00565302 0.00436231 -0.0166253 -0.0345125 -0.0479015 -0.00406179 0.00110087 -0.0134606 -0.0194193 -0.0116779 -0.00177257 -0.0168951 -0.00401278 -0.040731 -0.0179276 -0.013717 -0.0224088 -0.0383925 -0.00317858 -0.00475044
internal_weight=286802 129133 157668 151847 143862 118038 93069.5 85142.9 52642.1 8605.17 32500.8 31498.7 24968.6 3729.75 5821.74 44037 26207.8 21238.8 1347.97 19931.8 6876.85 13055 5378.84 1306.98 25824.3 17458.1 7400.66 4352.85 42801 38404.2
internal_count=1972066 283808 1688258 1457361 1256810 926778 535972 520037 422530 143597 97507 95476 390806 125939 230897 278933 86599 264867 18683 231107 87307 143800 39692 33760 330032 237213 131286 102590 244336 228616
cat_boundaries=0 39 79 80 81 119 125 149 187 211 245 269 270 271 309
cat_threshold=0 0 4 0 20480 0 0 0 0 131072 0 0 0 0 0 0 0 0 0 0 0 0 0 96 0 0 0 0 0 0 0 0 0 41943040 4194304 0 0 0 2147483648 8192 0 0 0 0 0 0 0 0 0 8388608 0 0 0 0 0 0 0 0 0 0 0 0 0 0 0 0 0 0 0 0 0 0 0 0 0 16 0 0 262144 3170 8704 32 0 0 0 0 0 0 0 0 0 0 0 0 0 0 0 0 0 0 0 0 0 0 0 0 0 0 0 0 0 0 0 0 0 512 512 0 8193 0 0 0 0 0 8388608 0 0 4 0 0 0 0 0 0 0 0 0 0 0 0 0 0 0 0 0 0 0 0 224 0 0 0 0 0 0 0 0 0 0 0 0 0 0 0 0 0 0 0 0 0 0 0 0 0 0 0 0 0 0 0 0 0 0 512 512 0 1 0 0 0 0 16384 0 0 0 0 131072 8388608 0 0 0 0 0 0 0 0 0 0 0 0 128 0 0 0 0 0 0 0 0 0 0 0 0 0 256 0 0 0 0 0 0 0 0 0 0 0 0 0 0 0 0 0 0 0 98304 524288 0 0 0 0 0 0 0 0 0 0 0 0 0 0 0 0 0 0 0 0 0 0 128 32 1152 32 0 0 0 0 0 0 0 0 0 0 0 0 0 0 0 0 0 0 0 0 0 0 0 0 0 0 0 0 0 0 0 0 0 0 0 0 8192
is_linear=0
shrinkage=0.05


Tree=21
num_leaves=31
num_cat=12
split_feature=196 169 223 160 195 190 196 160 173 160 169 161 160 163 173 160 194 160 176 210 164 209 176 193 164 165 173 173 173 160
split_gain=10885.8 5177.95 3061.12 2261.74 1623.2 1542.46 1384.6 898.177 829.94 783.751 623.391 569.755 587.073 854.506 788.438 563.606 533.656 526.434 505.074 484.79 413.42 407.516 507.536 543.343 407.037 402.119 379.818 372.043 348.79 481.69
threshold=0 1.0000000180025095e-35 1.0000000180025095e-35 1 1.0000000180025095e-35 1.0000000180025095e-35 2 3 14.500000000000002 4 1.0000000180025095e-35 5 6 4.5000000000000009 6.5000000000000009 7 1.0000000180025095e-35 8 1.0000000180025095e-35 1.5000000000000002 9 1.0000000180025095e-35 1.0000000180025095e-35 1.0000000180025095e-35 10 75.000000000000014 8.5000000000000018 23.500000000000004 9.5000000000000018 11
decision_type=1 2 2 9 2 2 1 9 2 9 2 9 9 2 2 9 2 9 2 2 9 2 2 2 9 2 2 2 2 9
left_child=1 7 3 24 6 -6 8 -1 17 -10 20 -9 -13 16 -15 26 19 18 -5 21 -8 22 23 -14 -2 -16 -4 -18 -22 -30
right_child=2 -3 15 4 5 -7 10 11 9 -11 -12 12 13 14 25 -17 27 -19 -20 -21 28 -23 -24 -25 -26 -27 -28 -29 29 -31
leaf_value=-0.043747410353872827 -0.055214919052742908 0.04782235529391804 -0.040583087783090215 0.023775726385707487 -0.039694851754876408 0.019650044271629086 -0.046476099291213026 0.044817300565113682 -0.041349730882871187 -0.0082250783879123761 -0.0048627225533356584 0.0086751561370554692 -0.0075938845740440158 0.012431017948002544 0.02607808237649191 -0.054707939171964218 0.02231194747052408 -0.00329553075637946 -0.01679021313247234 0.026067130137617019 -0.0230045644581863 -0.013244696721765002 0.0075511742672538648 0.051007745653271791 -0.028841086322647144 -0.027496243290142872 0.012901943175481757 -0.047308624346397925 -0.00076338725714062089 -0.018839078409706778
leaf_weight=878.23936943884473 2225.930976851203 7921.7357798630837 775.0372957510408 3481.2859848611988 1260.8151739097084 8299.3151877569035 1333.6778838906903 962.81012682337314 2605.5965116751613 5682.419676882826 9650.5879606876115 100559.39624936442 10763.311997001234 2099.71829621098 376.31873692548834 4602.6347516520473 5081.8490612970199 39274.073636547138 983.67330341110937 2118.0948825394735 17716.850830127994 4176.6045237804065 22974.114267084165 410.12128542549908 4591.0223290082067 4970.6850294697215 579.78599516907707 198.92111255414784 5482.9012710472307 11290.966710806766
leaf_count=22884 75485 26450 12982 6965 47021 18728 61584 2031 70543 55399 82671 200175 47359 7430 2280 217797 7595 226555 3545 4465 225969 12679 62854 996 102182 77473 5846 1282 71372 211469
internal_value=0 0.00839056 -0.0114469 -0.00961989 -0.00783862 0.0118213 -0.00976719 0.00638302 -0.00419343 -0.0187011 -0.0161393 0.0066702 0.00642821 0.00217761 -0.0135278 -0.0463854 0.00473618 -0.00144505 0.0148035 0.00278399 -0.0191814 0.00149673 0.00330007 -0.00544028 -0.0375253 -0.0237227 -0.017565 0.0196842 -0.0181064 -0.0129428
internal_weight=283328 163492 119837 113879 107062 9560.13 97502 155570 52027 8288.02 45475 154692 153729 53169.7 7446.72 5957.46 45723 43739 4464.96 40442.2 35824.4 38324.2 34147.5 11173.4 6816.95 5347 1354.82 5280.77 34490.7 16773.9
internal_count=1972066 475953 1496113 1259488 1081821 65749 1016072 449503 363007 125942 653065 426619 424588 224413 87183 236625 137230 237065 10510 128353 570394 123888 111209 48355 177667 79753 18828 8877 508810 282841
cat_boundaries=0 1 41 42 53 92 98 122 161 196 207 231 268
cat_threshold=199 8192 0 0 0 0 0 0 0 0 0 0 0 0 0 0 0 0 0 0 0 0 0 0 0 0 0 0 0 0 0 0 0 0 0 0 0 16 0 0 262144 3072 0 0 0 0 0 0 0 0 0 0 8388608 0 0 0 0 0 0 0 0 0 0 0 0 0 0 0 0 0 0 0 0 0 0 0 0 0 0 0 0 0 0 0 0 0 0 0 0 1 0 33280 0 0 0 0 0 8388608 0 0 4 0 4096 0 0 0 0 131072 0 0 0 0 0 0 0 0 0 0 0 0 0 64 0 0 0 0 0 0 0 0 0 0 0 0 0 0 0 0 0 0 0 0 0 0 0 0 0 0 0 0 0 0 0 0 0 0 4194816 512 0 1 2147483648 0 0 0 0 16384 0 0 0 0 0 0 0 0 0 0 0 0 0 0 0 0 0 0 0 0 0 0 0 0 0 0 0 0 8388608 4194304 0 0 0 0 16384 0 0 0 0 131072 8388608 0 0 0 0 16384 0 0 0 0 0 0 0 0 0 0 0 0 0 0 0 0 0 0 224 32 0 0 0 0 0 0 0 0 0 0 0 0 0 0 0 0 0 0 0 0 0 0 0 0 0 0 0 0 0 0 0 0 0 0 0 1073741824
is_linear=0
shrinkage=0.05


Tree=22
num_leaves=31
num_cat=10
split_feature=160 169 223 160 159 163 159 176 216 173 164 161 160 164 216 167 176 173 213 173 160 176 204 173 173 173 173 173 164 176
split_gain=10018.1 4267.31 3091.6 2878.81 1386.59 1765.31 1708.14 1041.28 880.738 798.055 735.531 640.146 524.83 480.071 1072.98 553.193 398.036 462.311 378.804 429.111 972.945 583.028 381.931 365.316 340.451 374.955 530.486 335.456 327.216 322.921
threshold=0 1.0000000180025095e-35 1.0000000180025095e-35 1 2 4.5000000000000009 3 1.0000000180025095e-35 1.0000000180025095e-35 17.500000000000004 4 5 6 7 1.0000000180025095e-35 1.0000000180025095e-35 1.0000000180025095e-35 14.500000000000002 1.5000000000000002 9.5000000000000018 8 1.0000000180025095e-35 1.0000000180025095e-35 16.500000000000004 7.5000000000000009 8.5000000000000018 9.5000000000000018 8.5000000000000018 9 1.0000000180025095e-35
decision_type=9 2 2 9 1 2 1 2 2 2 9 9 9 9 2 2 2 2 2 2 9 2 2 2 2 2 2 2 9 2
left_child=1 -1 3 -2 7 6 8 24 10 -9 -6 -12 27 14 29 -15 17 28 19 -8 23 22 -22 -21 -5 -26 -27 -4 -13 -7
right_child=2 -3 12 4 5 13 18 9 -10 -11 11 16 -14 15 -16 -17 -18 -19 -20 20 21 -23 -24 -25 25 26 -28 -29 -30 -31
leaf_value=0.0080790975007548615 -0.037524172314233689 0.046919987207738108 -0.04030025005161636 -0.020875623268391902 0.016950280885302808 -0.015037394245118211 -0.0017658810595440101 -0.052819244598931461 -0.032734459704027767 -0.0073775330398278514 0.043814764453403897 0.0041479723380730259 -0.054943575190248575 -0.042114041621339783 -0.060864191047216944 0.0097869645760708165 0.0061526685485046159 0.021205345699535444 -0.023394697247177201 -0.01682308223096261 -0.0046599666104470928 0.0081741904552821865 -0.039372640407552305 -0.039057595876166584 0.012938199802628348 -0.046312947723021081 -0.0046609903025738508 0.010890113481122359 -0.016991346421420507 -0.0016865897471239522
leaf_weight=119371.21306431846 7459.7464346769266 7516.4964581961394 736.726794637274 5651.0681631799671 14338.670912076486 12517.749777984165 28537.835503596856 3217.88546599861 1390.1019835936022 1381.3361894656555 924.29455820657313 2637.867967017577 4027.5318510727375 2908.4275340142776 1103.73268470529 623.06341715482995 18172.918784614769 1323.8770566330059 3244.4473638199415 8313.9034375894989 2234.2728247390478 6887.514510945708 1227.8664555687574 2376.108958826022 2162.5173195556854 918.10530696692877 4558.211804670922 565.02263902168488 5968.9410613437649 7098.5303989210515
leaf_count=257358 200551 26450 12921 63123 30741 138385 131849 82769 52191 31398 2031 9219 212214 118253 37929 7686 52185 6806 38052 99739 20194 47496 14565 62039 15009 14257 53902 5762 38439 88553
internal_value=0 0.0103793 -0.00863578 -0.00728157 -0.00566363 -0.00375396 -0.000753668 -0.0186589 0.00643228 -0.0391746 0.00768972 0.00310807 -0.0460461 -0.015827 -0.0129005 -0.0328626 0.00175323 -0.00629527 -0.00684243 -0.00576027 -0.0111778 -0.000238805 -0.0169764 -0.021747 -0.0115716 -0.00468704 -0.0116485 -0.0179439 -0.0105269 -0.0102066
internal_weight=279396 126888 152508 147179 139719 121830 97578.6 17889.1 44756.7 4599.22 43366.6 29027.9 5329.28 24251.5 20720 3531.49 28103.6 9930.69 52821.9 49577.5 21039.7 10349.7 3462.14 10690 13289.9 7638.83 5476.32 1301.75 8606.81 19616.3
internal_count=1972066 283808 1688258 1457361 1256810 996352 605546 260458 191612 114167 139421 108680 230897 390806 264867 125939 106649 54464 413934 375882 244033 82255 34759 161778 146291 83168 68159 18683 47658 226938
cat_boundaries=0 39 79 80 81 105 111 149 173 212 236
cat_threshold=0 0 4 0 20480 0 0 0 0 131072 0 0 0 0 0 0 0 0 0 0 0 0 0 96 0 0 0 0 0 0 0 0 0 41943040 4194304 0 0 0 2147483648 8192 0 0 0 0 0 0 0 0 0 8388608 0 0 0 0 0 0 0 0 0 0 0 0 0 0 0 0 0 0 0 0 0 0 0 0 0 16 0 0 262144 20480 8960 0 0 0 0 0 0 0 0 0 0 0 0 0 0 0 0 0 0 0 0 0 0 0 192 0 0 0 0 0 8388608 0 0 0 0 0 0 0 0 0 0 0 0 0 0 0 0 0 0 0 0 0 0 0 0 0 0 0 0 0 0 0 0 0 0 512 512 0 1 0 0 4 0 0 0 0 0 0 0 0 0 0 0 0 0 0 0 0 0 0 0 0 224 0 0 0 0 0 0 0 0 0 0 0 0 0 0 0 0 0 0 0 0 0 0 0 0 0 0 0 0 0 0 0 0 0 1073741824 0 0 1 0 33280 0 0 0 0 4096 0 0 0 0 0 0 0 0 0 0 0 0 0 0 0 0 0 0 32
is_linear=0
shrinkage=0.05


Tree=23
num_leaves=31
num_cat=10
split_feature=160 169 223 160 170 196 216 180 164 211 160 169 164 160 195 164 164 173 223 165 209 209 214 159 173 173 211 207 167 193
split_gain=9052.69 3962.1 2846.25 2634.05 1961.76 2108.19 965.561 656.388 539.962 532.746 511.953 417.379 821.172 395.306 366.855 436.024 325.571 307.961 306.377 292.821 291.625 519.454 288.018 338.907 279.077 271.252 435.405 277.765 267.74 261.561
threshold=0 1.0000000180025095e-35 1.0000000180025095e-35 1 1.0000000180025095e-35 2 1.0000000180025095e-35 1.0000000180025095e-35 3 8.5000000000000018 4 1.0000000180025095e-35 5 6 1.0000000180025095e-35 7 8 8.5000000000000018 1.0000000180025095e-35 145.00000000000003 1.5000000000000002 1.0000000180025095e-35 165.00000000000003 9 15.500000000000002 9.5000000000000018 5.5000000000000009 1.0000000180025095e-35 1.0000000180025095e-35 1.0000000180025095e-35
decision_type=9 2 2 9 2 1 2 2 9 2 9 2 9 9 2 9 9 2 2 2 2 2 2 1 2 2 2 2 2 2
left_child=1 18 3 14 5 7 8 9 -6 13 17 12 -7 25 15 -2 -8 -4 19 20 21 29 23 -14 -22 27 -27 -5 -13 -1
right_child=2 -3 10 4 6 11 16 -9 -10 -11 -12 28 22 -15 -16 -17 -18 -19 -20 -21 24 -23 -24 -25 -26 26 -28 -29 -30 -31
leaf_value=0.007568614967219456 -0.012430411553744809 0.04607121811158222 -0.039238579230662395 -0.024313113563338287 -0.032119564536274695 -0.046379194717353259 0.01363701506533746 0.0059177502812626827 0.014155873565248609 0.012169827941433512 -0.054227733621421838 -0.0045422769174667567 -0.030720375879212898 -0.0043460867334451777 -0.05859102306181263 -0.041249813720085834 -0.044474789230554763 0.010309127163335187 -0.038064141374037679 0.023109802589012917 0.014095414550094755 -0.01129796438010949 0.072079558312110381 -0.014833858959980623 0.052883702967277901 -0.036035290209197601 -0.0045301413599570109 0.00052111895790779366 -0.064522976714369157 0.048746757572699237
leaf_weight=109139.49773968081 2106.5845908275805 7134.7372029279941 705.21885308437049 1675.1387890882324 645.40953149658162 2400.520237843215 311.85813684249297 17929.893172029988 17184.164347434067 4090.8917434038594 3806.9193369522109 8356.5776464040391 3748.1104436337773 38799.15573584754 1490.6098161612172 3610.9023242492694 1042.3570824343478 563.90030747192213 363.90165564592462 3063.051301245112 1626.0563633900601 3713.9278248290066 91.606424723751843 33513.659473074338 648.89889774238691 2940.2958899650548 1749.6827775623824 3430.9978740140796 189.80880270327907 386.56930633168668
leaf_count=224353 38390 26450 12921 14093 10782 111904 2234 52185 42491 14143 212214 70955 88579 262282 53446 108715 49957 5762 5728 9137 3733 12475 205 444233 936 54497 15323 17985 4962 996
internal_value=0 0.00988112 -0.00828408 -0.00699885 -0.00545878 -0.00785275 0.00937764 -0.00234506 0.0124695 -0.00515759 -0.0450864 -0.0159011 -0.0180595 -0.00661648 -0.0364439 -0.0307282 -0.0313162 -0.0170894 0.00771086 0.00785154 0.00744681 0.00709059 -0.0162221 -0.0164446 0.0251706 -0.0155872 -0.0242845 -0.0076267 -0.00587868 0.00771422
internal_weight=276461 126077 150384 145308 138100 118916 19183.8 70616.1 17829.6 52686.2 5076.04 48300.3 39753.9 48595.3 7208.1 5717.49 1354.22 1269.12 118942 118578 115515 113240 37353.4 37261.8 2274.96 9796.12 4689.98 5106.14 8546.39 109526
internal_count=1972066 283808 1688258 1457361 1256810 1151346 105464 430508 53273 378323 230897 720838 644921 364180 200551 147105 52191 18683 257358 251630 242493 237824 533017 532812 4669 101898 69820 32078 75917 225349
cat_boundaries=0 39 79 80 90 128 152 191 202 207 208
cat_threshold=0 0 4 0 20480 0 0 0 0 131072 0 0 0 0 0 0 0 0 0 0 0 0 0 96 0 0 0 0 0 0 0 0 0 41943040 4194304 0 0 0 2147483648 8192 0 0 0 0 0 0 0 0 0 8388608 0 0 0 0 0 0 0 0 0 0 0 0 0 0 0 0 0 0 0 0 0 0 0 0 0 16 0 0 262144 3074 0 0 4 0 16384 0 0 0 0 131072 0 0 0 0 0 0 0 0 0 0 0 0 0 0 0 0 0 0 0 0 0 0 0 0 0 0 0 0 0 0 0 0 0 0 512 512 0 1 0 0 0 0 16384 0 0 0 0 131072 8388608 0 0 0 0 0 0 0 0 0 0 0 0 32 0 0 0 0 0 0 0 0 0 0 0 0 0 0 0 0 0 0 0 0 0 0 0 0 0 0 0 0 0 0 0 0 0 0 0 0 0 8192 512 0 0 4 0 4096 0 0 0 0 131072 8388608 0 0 4 0 4096 4096
is_linear=0
shrinkage=0.05


Tree=24
num_leaves=31
num_cat=14
split_feature=160 169 160 170 196 216 173 161 160 164 164 216 167 173 159 173 160 180 164 161 167 195 214 190 194 173 173 160 160 160
split_gain=8345.03 3632.96 2459.6 1930.81 1976.07 893.982 684.639 662.971 493.73 489.406 480.046 912.423 494.21 458.394 434.3 454.461 925.222 405.62 369.449 354.726 332.977 330.356 294.034 293.742 551.643 303.079 292.942 1000.36 574.817 337.955
threshold=0 1.0000000180025095e-35 1 1.0000000180025095e-35 2 1.0000000180025095e-35 6.5000000000000009 3 4 5 6 1.0000000180025095e-35 1.0000000180025095e-35 6.5000000000000009 7 20.500000000000004 8 1.0000000180025095e-35 9 10 1.0000000180025095e-35 1.0000000180025095e-35 165.00000000000003 1.0000000180025095e-35 1.0000000180025095e-35 23.500000000000004 6.5000000000000009 11 12 13
decision_type=9 2 9 2 1 2 2 9 9 9 9 2 2 2 1 2 9 2 9 9 2 2 2 2 2 2 2 9 9 9
left_child=1 -1 6 4 7 9 8 -4 -2 -5 12 14 -6 17 22 20 -17 -9 -10 -15 26 -8 -12 24 -11 -26 27 -16 -28 -30
right_child=2 -3 3 5 10 -7 21 13 18 23 11 -13 -14 19 15 16 -18 -19 -20 -21 -22 -23 -24 -25 25 -27 28 -29 29 -31
leaf_value=0.0074723856144752092 0.0052374532977005122 0.045131776149768425 0.044637489443953932 -0.033204723460078585 -0.040328530060669519 -0.031066380473314743 -0.031950950514915304 -0.020330064549210117 0.011821034664023565 -0.0055804230357064119 -0.018686252455881396 -0.05898482001834774 0.0091438346069185866 -0.031443120031240265 -0.026335470260905425 -0.048561774372341437 0.0043797530795146675 0.016609395039797439 -0.042558875031083326 0.0041582087354870628 0.01639394879029819 -0.059126444294968175 0.07134320081767502 0.020562372737454693 0.020760207113711272 -0.044999223339109551 -0.022742996951318047 0.002446539343746158 0.0016424966511233909 -0.010932263037067874
leaf_weight=118292.42100218305 2160.2251720027416 6770.1845884629292 872.16420733381528 578.27113379864022 2732.2149176459061 1312.7550263842568 8248.166398783098 3963.9085487128468 402.91275350446813 4418.2252472492401 17071.736830946407 1010.2032167064026 618.79615191649646 708.14541585778352 3800.16313411796 2006.6374755020079 1401.0735668216366 914.05212085973471 1378.2338377612177 26711.65447743301 1350.673001776915 1295.0170756899752 90.67415826022625 7593.3560045741033 5006.1564836751204 181.06972466898151 8430.7552407516632 14526.130213724216 7023.9085689305793 22346.479295315599
leaf_count=257358 11140 26450 2031 10295 118253 52191 240957 21921 4924 20799 260253 37929 7686 4921 38333 87773 17133 2584 29200 109989 11475 49128 205 13302 7595 1282 134856 67608 66954 257541
internal_value=0 0.0095105 -0.00802831 -0.00598831 -0.00842192 0.00874238 -0.0283807 0.00188404 -0.0108671 0.0116831 -0.0125688 -0.0117793 -0.0310987 0.000715245 -0.0111694 -0.00918358 -0.0269257 -0.0134062 -0.0302576 0.00322808 -0.00813299 -0.0356421 -0.0181976 0.0132052 0.0074017 0.0184597 -0.00872345 -0.00353505 -0.0112386 -0.00792534
internal_weight=273216 125063 148154 134669 115579 19089.8 13484.6 33169.9 3941.37 17777.1 82409.4 79058.4 3351.01 32297.8 78048.2 60885.8 3407.71 4877.96 1781.15 27419.8 57478.1 9543.18 17162.4 17198.8 9605.45 5187.23 56127.4 18326.3 37801.1 29370.4
internal_count=1972066 283808 1688258 1352909 1247445 105464 335349 141446 45264 53273 1105999 980060 125939 139415 942131 681673 104906 24505 34124 114910 576767 290085 260458 42978 29676 8877 565292 105941 459351 324495
cat_boundaries=0 39 79 80 86 125 136 147 148 187 198 232 269 308 344
cat_threshold=0 0 4 0 20480 0 0 0 0 131072 0 0 0 0 0 0 0 0 0 0 0 0 0 96 0 0 0 0 0 0 0 0 0 41943040 4194304 0 0 0 2147483648 8192 0 0 0 0 0 0 0 0 0 8388608 0 0 0 0 0 0 0 0 0 0 0 0 0 0 0 0 0 0 0 0 0 0 0 0 0 16 0 512 262144 2050 0 0 0 0 0 8388608 0 0 0 0 0 0 0 0 0 0 0 0 0 0 0 0 0 0 0 0 0 0 0 0 0 0 0 0 0 0 0 0 0 0 0 0 16 0 512 0 0 0 0 16384 0 0 0 0 131072 8388608 0 0 0 0 20480 0 0 0 0 131072 8388608 20480 524288 0 0 0 0 0 0 0 0 0 0 0 0 0 0 0 0 0 0 0 0 0 0 128 0 0 0 0 0 0 0 0 0 1073741824 0 0 1 0 32768 0 0 0 0 0 0 0 0 0 131072 8388608 0 0 0 0 0 0 0 0 0 0 0 0 0 128 0 0 0 0 0 0 0 0 0 0 0 0 0 0 0 0 0 0 0 16384 32 0 0 0 0 0 0 0 0 0 0 0 0 0 0 0 0 0 0 0 0 0 0 0 0 0 0 0 0 0 0 0 0 0 512 512 1073741824 0 0 0 0 0 0 0 0 0 0 0 0 0 0 0 0 0 0 0 0 0 0 0 128 0 0 0 0 0 0 0 0 0 0 0 0 0 0 32768 32 0 0 0 0 0 0 0 0 0 0 0 0 0 0 0 0 0 0 0 0 0 0 0 0 0 0 0 0 0 0 0 0 0 512 512
is_linear=0
shrinkage=0.05


Tree=25
num_leaves=31
num_cat=14
split_feature=196 169 223 160 195 190 196 173 160 160 182 160 161 169 164 164 163 173 177 173 162 222 173 160 160 167 160 161 160 173
split_gain=7477.09 3730.7 2469.27 1659.21 1302.42 1174.09 1131.34 739.61 702.774 642.434 533.546 525.957 491.251 484.481 368.681 366.434 747.555 673.785 523.59 435.675 469.18 415.489 410.888 842.15 834.958 372.507 1173.01 367.492 346.8 356.752
threshold=0 1.0000000180025095e-35 1.0000000180025095e-35 1 1.0000000180025095e-35 1.0000000180025095e-35 2 11.500000000000002 3 4 1.0000000180025095e-35 5 6 1.0000000180025095e-35 7 8 4.5000000000000009 6.5000000000000009 1.0000000180025095e-35 11.500000000000002 4.5000000000000009 1.0000000180025095e-35 11.500000000000002 9 10 1.0000000180025095e-35 11 12 13 22.500000000000004
decision_type=1 2 2 9 2 2 1 2 9 9 2 9 9 2 9 9 2 2 2 2 2 2 2 9 9 2 9 9 9 2
left_child=1 9 3 14 6 -6 7 10 -9 -1 -5 -4 -11 -8 -2 19 18 -18 22 20 25 -22 24 -24 -17 -14 -27 -26 29 -25
right_child=2 -3 11 4 5 -7 13 8 -10 12 -12 -13 15 -15 -16 16 17 -19 -20 -21 21 -23 23 28 27 26 -28 -29 -30 -31
leaf_value=-0.040350239291714073 -0.052465675104646663 0.044304502414111158 -0.015093760631926096 -0.0016943775281234013 -0.036556686820779498 0.017934283099354409 -0.017322208019320391 -0.029844093965267795 -0.005454309552426006 0.043648294985619999 0.018684474447307645 -0.052821059340097988 0.011023642926043067 -0.0044055392804006784 -0.025312043241508937 0.016111181330232049 0.012026151771574199 -0.022235170242141632 -0.027532306558318304 0.0021312554617484553 0.045254606623147065 -0.031906180650778514 -0.036334454606369138 0.012973163824639875 -0.03467376860565962 0.057465886929661925 -0.027023248032986027 -0.00086252891482563017 0.0061737188007834082 0.034028594728907374
leaf_weight=751.57507589971647 1856.4005928609113 6441.1382705629803 1250.1090883113211 33054.67208388471 1126.2569666805794 8056.683640087489 33187.370959005944 4380.4440603058611 9071.9396887477778 837.17040942423046 3556.99016591697 3870.959825901009 42021.966069811722 9294.228287171456 4085.8085238945787 8207.0036831194302 2013.6907407608815 4989.4040962179424 1239.6139178788289 20323.072732037981 1531.7882514018565 196.44510994455777 971.43076290271711 11732.97388049541 813.95087080518715 511.75867028906941 1919.4855017501395 31947.170101469615 18563.277281052549 2428.5735267521814
leaf_count=22884 75485 26450 18828 169207 47021 18728 570394 103731 82387 2031 7682 217797 66962 82671 102182 17420 7430 79753 3369 43225 3244 1728 6692 24653 4417 570 4690 96186 60878 3371
internal_value=0 0.00703939 -0.00982573 -0.00821301 -0.00670992 0.011249 -0.00849274 -0.00339744 -0.0134237 0.00545008 0.000285613 -0.0437474 0.00568166 -0.0144931 -0.0338735 0.00546584 0.00324702 -0.0123827 0.00468963 0.00823088 0.0109168 0.0364743 0.00522484 0.00931468 0.00186075 0.00992264 -0.00910351 -0.00171356 0.0106783 0.0165737
internal_weight=270233 157441 112792 107671 101729 9182.94 92545.6 50064 13452.4 151000 36611.7 5121.07 150249 42481.6 5942.21 149412 82907.1 7003.09 75904 66504.5 46181.4 1728.23 74664.4 33696.3 40968.1 44453.2 2431.24 32761.1 32724.8 14161.5
internal_count=1972066 475953 1496113 1259488 1081821 65749 1016072 363007 186118 449503 176889 236625 426619 653065 177667 424588 304169 87183 216986 120419 77194 4972 213617 95594 118023 72222 5260 100603 88902 28024
cat_boundaries=0 1 41 42 81 92 131 137 161 185 190 214 217 251 285
cat_threshold=199 8192 0 0 0 0 0 0 0 0 0 0 0 0 0 0 0 0 0 0 0 0 0 0 0 0 0 0 0 0 0 0 0 0 0 0 0 16 0 0 262144 3072 0 0 0 0 0 0 0 0 0 0 0 0 0 0 0 0 0 0 0 0 0 0 0 0 0 0 0 0 0 0 0 0 0 0 0 0 1 0 33280 0 0 0 0 0 0 0 0 0 0 8388608 0 0 0 0 0 0 0 0 0 0 0 0 0 0 0 0 0 0 0 0 0 0 0 0 0 0 0 0 0 0 0 0 0 0 4194816 512 0 1 2147483648 0 0 0 0 0 8388608 0 0 0 0 16384 0 0 0 0 0 0 0 0 0 0 0 0 0 0 0 0 0 0 224 0 0 0 0 4096 0 0 0 0 131072 0 0 0 0 0 0 0 0 0 0 0 0 0 32 0 0 0 0 4096 0 0 0 0 4096 0 0 0 0 0 0 0 0 0 0 0 0 0 0 0 0 0 0 160 0 0 4 0 0 0 0 0 0 0 0 0 0 0 0 0 128 0 0 0 0 0 0 0 0 0 0 0 0 0 0 0 0 0 0 0 32768 0 0 0 0 0 0 0 0 0 131072 0 0 0 0 0 0 0 0 0 0 0 0 0 0 0 0 0 0 0 0 0 0 0 33554432
is_linear=0
shrinkage=0.05


Tree=26
num_leaves=31
num_cat=13
split_feature=160 169 160 170 196 176 161 216 173 173 164 164 216 167 160 196 214 173 160 160 176 173 176 194 195 164 164 163 160 211
split_gain=7253.08 3074.78 2119.75 1763.47 1639.18 1044.36 1097.79 808.702 678.46 639.818 448.586 432.008 832.024 456.767 417.755 385.92 385.089 377.896 1057.62 791.58 583.085 419.734 325.839 390.472 313.76 304.562 304.404 336.371 297.194 292.412
threshold=0 1.0000000180025095e-35 1 1.0000000180025095e-35 2 1.0000000180025095e-35 3 1.0000000180025095e-35 11.500000000000002 6.5000000000000009 4 5 1.0000000180025095e-35 1.0000000180025095e-35 6 7 105.00000000000001 6.5000000000000009 8 9 1.0000000180025095e-35 12.500000000000002 1.0000000180025095e-35 1.0000000180025095e-35 1.0000000180025095e-35 10 11 4.5000000000000009 12 7.5000000000000009
decision_type=9 2 9 2 1 2 9 2 2 2 9 9 2 2 9 1 2 2 9 9 2 2 2 2 2 9 9 2 9 2
left_child=1 -1 9 4 5 6 8 10 -4 14 -5 13 15 -6 -2 16 -13 18 -17 20 -19 -21 23 -12 -11 -9 27 -16 -24 -7
right_child=2 -3 3 7 11 29 -8 25 -10 24 22 12 -14 -15 26 17 -18 19 -20 21 -22 -23 28 -25 -26 -27 -28 -29 -30 -31
leaf_value=0.007152056504916314 0.0047997909863209034 0.043494190432951663 -0.021431682446681859 -0.032400021314147286 -0.039003987594689621 0.0050375501983687147 -0.020394973515890057 0.014082880095070941 0.037943885325657525 -0.030596795178040266 -0.00093915352251465521 -0.031197884998634184 -0.057609442600341024 0.0089826312118792117 0.062510177721197699 0.0063814824611724205 0.031329234998603066 -0.013228288027244392 -0.015585206447996986 -0.011906441524909413 0.0090046656012168196 -0.022948411566845916 0.034171119215881895 0.017864778080367519 -0.058237561127343067 -0.043190882023285158 -0.043450794294630328 -0.022984547686691812 0.011484482111258411 0.020921767774085713
leaf_weight=115856.05774627713 2150.3939112813678 6127.5952481834684 701.26266040466726 559.40130648214836 2613.8586406030809 18922.746892011637 8036.7439299673133 302.25731232645921 1529.6466244591866 7861.9033986789873 5990.1434195057955 3339.232050884224 950.82097598968539 611.58116975374287 162.10625322489068 11290.217590357177 265.37027467053849 5309.9319326183177 10629.431395392079 25571.257922035118 6631.2750420587836 12977.024498953397 2770.0197424050421 5119.6484715347178 1181.9952506270492 976.81692103832029 1117.4542718817247 392.83244540530723 3080.4263859749772 3421.2530886203749
leaf_count=257358 11140 26450 3809 10295 118253 66834 56265 2234 4843 240957 24689 85639 37929 7686 1351 53144 3145 61722 92352 277588 62299 306242 3849 8877 49128 49957 23966 8807 5563 9695
internal_value=0 0.0089771 -0.0075801 -0.00568494 -0.00804822 0.00140433 -0.0117941 0.00849248 0.0191909 -0.026943 0.011295 -0.0118911 -0.0111361 -0.0298112 -0.00981085 -0.0105558 -0.026516 -0.00975603 -0.00427484 -0.0121374 -0.000880712 -0.01562 0.012749 0.0077261 -0.0342129 -0.0298799 -0.0284549 0.00197895 0.0223068 0.00747034
internal_weight=266451 121984 144467 131600 112802 32611.7 10267.7 18798.7 2230.91 12866.7 17519.6 80190 76964.6 3225.44 3822.79 76013.7 3604.6 72409.1 21919.6 50489.5 11941.2 38548.3 16960.2 11109.8 9043.9 1279.07 1672.39 554.939 5850.45 22344
internal_count=1972066 283808 1688258 1352909 1247445 141446 64917 105464 8652 335349 53273 1105999 980060 125939 45264 942131 88784 853347 145496 707851 124021 583830 42978 33566 290085 52191 34124 10158 9412 76529
cat_boundaries=0 39 79 80 114 125 136 175 176 215 252 257 281 282
cat_threshold=0 0 4 0 20480 0 0 0 0 131072 0 0 0 0 0 0 0 0 0 0 0 0 0 96 0 0 0 0 0 0 0 0 0 41943040 4194304 0 0 0 2147483648 8192 0 0 0 0 0 0 0 0 0 8388608 0 0 0 0 0 0 0 0 0 0 0 0 0 0 0 0 0 0 0 0 0 0 0 0 0 16 0 512 262144 2050 0 0 0 0 0 8388608 0 0 0 0 0 0 0 256 0 0 0 0 0 0 0 0 0 0 0 0 0 0 0 0 0 0 0 32768 0 0 0 0 16384 0 0 0 0 131072 8388608 0 0 0 0 20480 0 0 0 0 131072 8388608 0 0 0 0 0 0 0 0 0 0 0 0 0 0 0 0 0 0 0 0 0 0 0 0 0 0 0 0 0 0 0 0 0 0 0 0 16 0 512 512 524288 0 0 0 0 0 0 0 0 0 0 0 0 0 0 0 0 0 0 0 0 0 0 128 0 0 0 0 0 0 0 0 0 1073741824 0 0 0 1 32768 32 0 0 0 0 0 0 0 0 0 0 0 0 0 0 0 0 0 0 0 0 0 0 0 0 0 0 0 0 0 0 0 0 0 512 512 1073741824 0 0 4 0 4096 0 0 4 0 0 0 0 0 0 131072 8388608 0 0 0 0 0 0 0 0 0 0 0 0 32 32
is_linear=0
shrinkage=0.05


Tree=27
num_leaves=31
num_cat=11
split_feature=160 169 223 160 170 159 216 180 161 211 160 176 194 176 169 164 204 176 164 195 164 213 176 160 162 160 173 160 223 163
split_gain=6580.72 2855.74 2452.79 1908.3 1573.06 1560.01 757.278 688.076 733.813 520.381 488.81 455.486 492.004 423.319 385.844 674.671 383.924 511.599 375.871 322.561 368.737 294.505 281.281 1243.13 749.497 538.408 569.303 344.148 377.92 463.425
threshold=0 1.0000000180025095e-35 1.0000000180025095e-35 1 1.0000000180025095e-35 2 1.0000000180025095e-35 1.0000000180025095e-35 3 7.5000000000000009 4 1.0000000180025095e-35 1.0000000180025095e-35 1.0000000180025095e-35 1.0000000180025095e-35 5 1.0000000180025095e-35 1.0000000180025095e-35 6 1.0000000180025095e-35 7 2.5000000000000004 1.0000000180025095e-35 8 4.5000000000000009 9 19.500000000000004 10 1.0000000180025095e-35 4.5000000000000009
decision_type=9 2 2 9 2 1 2 2 9 2 9 2 2 2 2 9 2 2 9 2 9 2 2 9 2 9 2 9 2 2
left_child=1 22 3 19 5 7 11 8 -5 16 -4 12 18 -11 15 -7 21 -18 -6 20 -2 -10 24 -24 27 -25 -27 -1 29 -29
right_child=2 -3 10 4 6 14 -8 -9 9 13 -12 -13 -14 -15 -16 -17 17 -19 -20 -21 -22 -23 23 25 -26 26 -28 28 -30 -31
leaf_value=0.0037944877272135767 -0.010314035873113895 0.0426695706336125 -0.019301391136965051 0.042198009179683395 -0.022479511226246529 -0.044200732244714561 -0.02900376326775439 0.0061387573007942557 -0.0056471372387196551 -0.01275498259290178 -0.054810096136263191 0.023067023451767695 0.017366567899577034 0.018907501731957595 -0.0052931499187672823 -0.015456544755895866 -0.044249635842956034 -0.0050928976416488797 0.0041893343983389541 -0.056303287870542819 -0.038105515480997609 -0.02721458026763357 0.020470295004425886 -0.017819035256013409 0.035288933781363926 -0.0022411177768790784 0.013430325728563553 0.018881878852908152 -0.046408273745024396 0.0073376278077551789
leaf_weight=30522.247428918025 1964.4084663253743 5838.0218364245957 1471.2298855142435 789.66371227893978 1835.2219414620777 2190.9487416917982 1240.8328277158435 16992.585816217819 45166.931963963842 1512.456305061758 3066.4252167703235 5651.2086063562892 5099.2545986803016 3491.4206851983909 8204.046301859169 29616.817249201267 1608.4359186347865 1733.2990757155931 4642.2170395823196 1202.479618567857 3139.6329780783271 1640.0100563371088 8782.1008825052995 3992.3770425913972 2565.5568412768189 23228.433448698139 7720.9135306859389 13284.18298262154 285.03156653605402 25164.359810853144
leaf_count=70252 38390 26450 34868 2055 17498 111904 52191 52185 360436 10652 196029 9412 8877 9695 75917 472389 20302 14649 17486 53446 108715 21162 14290 18254 7535 55158 14611 33481 4798 38979
internal_value=0 0.00855145 -0.00729664 -0.0061053 -0.004814 -0.00702647 0.00871346 -0.00267234 -0.00534933 -0.00603713 -0.043465 0.0114311 0.00574976 0.00933598 -0.0149586 -0.017456 -0.00757245 -0.023945 -0.00339524 -0.0329504 -0.0275072 -0.0064032 0.00682813 0.00366608 0.00875302 -0.0005632 0.00166788 0.00776969 0.0108982 0.0113266
internal_weight=263643 121383 142260 137722 131415 112947 18468.7 72934.8 55942.2 55152.6 4537.66 17227.9 11576.7 5003.88 40011.8 31807.8 50148.7 3341.73 6477.44 6306.52 5104.04 46806.9 115545 43723.8 71821.4 34941.7 30949.3 69255.8 38733.6 38448.5
internal_count=1972066 283808 1688258 1457361 1256810 1151346 105464 491136 438951 436896 230897 53273 43861 20347 660210 584293 416549 34951 34984 200551 147105 381598 257358 102313 155045 88023 69769 147510 77258 72460
cat_boundaries=0 39 79 80 94 134 158 182 193 228 262 286
cat_threshold=0 0 4 0 20480 0 0 0 0 131072 0 0 0 0 0 0 0 0 0 0 0 0 0 96 0 0 0 0 0 0 0 0 0 41943040 4194304 0 0 0 2147483648 8192 0 0 0 0 0 0 0 0 0 8388608 0 0 0 0 0 0 0 0 0 0 0 0 0 0 0 0 0 0 0 0 0 0 0 0 0 16 0 0 262144 8320 0 0 0 0 0 8388608 0 0 0 0 0 0 0 256 0 0 0 0 0 0 0 0 0 0 0 0 0 0 0 0 0 0 0 0 0 0 0 0 0 0 0 0 0 0 0 0 0 0 512 512 0 1 0 262144 0 0 0 0 16384 0 0 0 0 131072 8388608 0 0 0 0 0 0 0 0 0 0 0 0 32 0 0 0 0 16384 0 0 0 0 131072 0 0 0 0 0 0 0 0 0 0 0 0 0 64 0 0 4 0 4096 0 0 0 0 131072 8388608 0 0 0 0 0 0 0 0 0 0 0 0 0 0 0 0 0 0 0 0 0 0 0 96 0 0 0 0 0 0 0 0 0 0 4194304 0 0 0 0 4096 0 0 0 0 0 0 0 0 0 0 0 0 0 0 0 0 0 0 0 0 0 0 0 0 0 0 0 0 8388608 0 0 0 0 16384 0 0 0 0 131072 0 0 0 0 0 0 0 0 0 0 0 0 0 96
is_linear=0
shrinkage=0.05


Tree=28
num_leaves=31
num_cat=9
split_feature=160 169 223 160 170 196 161 180 160 195 194 211 176 167 211 176 160 176 195 164 169 164 173 164 166 222 176 222 162 173
split_gain=6478.66 2584.06 2253.41 1734.91 1536.84 1471.23 577.392 470.183 464.058 442.617 818.302 436.327 362.711 351.699 332.441 480.555 529.572 433.665 307.816 335.562 305.175 650.458 301.504 266.972 255.172 615.418 728.34 259.328 457.056 436.405
threshold=0 1.0000000180025095e-35 1.0000000180025095e-35 1 1.0000000180025095e-35 2 3 1.0000000180025095e-35 4 1.0000000180025095e-35 1.0000000180025095e-35 7.5000000000000009 1.0000000180025095e-35 1.0000000180025095e-35 1.0000000180025095e-35 1.0000000180025095e-35 5 1.0000000180025095e-35 1.0000000180025095e-35 6 1.0000000180025095e-35 7 10.500000000000002 8 175.00000000000003 1.0000000180025095e-35 1.0000000180025095e-35 1.0000000180025095e-35 4.5000000000000009 6.5000000000000009
decision_type=9 2 2 9 2 1 9 2 9 2 2 2 2 2 2 2 9 2 2 9 2 9 2 9 2 2 2 2 2 2
left_child=1 24 3 18 5 6 -5 11 -4 10 13 14 -13 -6 15 -8 -17 -16 19 -2 21 -7 -18 -15 27 26 -26 28 -1 -30
right_child=2 -3 8 4 9 20 7 -9 -10 -11 -12 12 -14 23 17 16 22 -19 -20 -21 -22 -23 -24 -25 25 -27 -28 -29 29 -31
leaf_value=0.0066410519656803606 -0.010514720906955261 0.041829300606235492 -0.019114105440907761 0.041037547033963347 -0.0038112952535653694 -0.043139860897365295 -0.0024417807706263606 0.0041785004705176465 -0.054215897240082814 0.017994181349168779 0.016848742540444047 -0.012236629447817563 0.017145694347190776 0.018772019703446486 -0.041686933566250334 -0.0036617944451819112 -0.013912477185924583 -0.0051587734698508841 -0.055704757376758 -0.037277314050784889 -0.0053862021021855461 -0.014422296338114683 -0.036905010215813515 -0.041963926678011076 0.051452497969046052 -0.044647770298289452 -0.00040712658246575857 0.030810669709155816 0.024895985403660593 -0.041354895373144879
leaf_weight=108970.79372010095 1957.1644877136569 5560.3155829831376 1449.2283698837273 744.60482519166544 4514.1463660780573 2087.9145989488752 29872.665083745 17243.546664890717 2899.4887389558717 7362.0712750277016 5077.3239885183284 1487.1630159444176 3571.7801037952304 211.72642371524125 1534.9880324113183 5671.7829032687005 2882.4286110294634 1726.8216421075631 1135.4575893380679 3014.4374457598315 8169.5555904159555 34586.613515278383 2824.7063585274154 1157.8190567584243 1547.105698734289 318.01452558726305 1203.2278462776449 1088.9276469219476 339.25786978844553 925.76088100438938
leaf_count=239609 38390 26450 34868 2031 27759 111904 172182 52185 196029 15935 8877 10652 9695 1259 20302 50524 24656 14649 53446 108715 75917 533017 73632 51634 3720 3151 3028 2452 626 4772
internal_value=0 0.00854366 -0.00725903 -0.0061333 -0.00491446 -0.00710367 -0.00244147 -0.00293245 -0.0426914 0.00851231 0.00214274 -0.00540668 0.00850691 -0.0105473 -0.00698815 -0.00577278 -0.0145166 -0.022354 -0.0321598 -0.026841 -0.0141237 -0.0160736 -0.0252513 -0.0327366 0.00692627 0.0211503 0.028767 0.00653408 0.00629409 -0.0235807
internal_weight=261137 119953 141183 136835 130728 112405 67560.5 66815.9 4348.72 18323.1 10961 49572.3 5058.94 5883.69 44513.4 41251.6 11378.9 3261.81 6107.06 4971.6 44844.1 36674.5 5707.13 1369.55 114393 3068.35 2750.33 111325 110236 1265.02
internal_count=1972066 283808 1688258 1457361 1256810 1151346 430508 428477 230897 105464 89529 376292 20347 80652 355945 320994 148812 34951 200551 147105 720838 644921 98288 52893 257358 9899 6748 247459 245007 5398
cat_boundaries=0 39 79 80 86 126 164 175 199 204
cat_threshold=0 0 4 0 20480 0 0 0 0 131072 0 0 0 0 0 0 0 0 0 0 0 0 0 96 0 0 0 0 0 0 0 0 0 41943040 4194304 0 0 0 2147483648 8192 0 0 0 0 0 0 0 0 0 8388608 0 0 0 0 0 0 0 0 0 0 0 0 0 0 0 0 0 0 0 0 0 0 0 0 0 16 0 0 262144 3074 0 0 0 0 0 8388608 0 0 0 0 0 0 0 0 0 0 0 0 0 0 0 0 0 0 0 0 0 0 0 0 0 0 0 0 0 0 0 0 0 0 512 512 0 1 0 262144 0 0 0 0 0 0 0 0 0 0 0 0 0 0 0 0 0 0 0 0 0 0 0 0 0 0 0 0 0 0 0 0 0 1073741824 512 512 0 1 0 0 4 0 4096 0 0 0 0 131072 8388608 0 0 0 0 16384 0 0 0 0 131072 8388608 0 0 0 0 0 0 0 0 0 0 0 0 32 0 0 4 0 4096
is_linear=0
shrinkage=0.05


Tree=29
num_leaves=31
num_cat=7
split_feature=196 169 223 167 190 164 196 173 176 182 176 161 164 163 173 177 222 162 176 165 161 211 176 164 173 165 167 173 176 167
split_gain=5730.38 2651.69 2018.08 933.318 1808.15 1186.22 1141.81 551.904 430.431 426.464 363.801 360.067 386.407 574.674 629.335 434.237 349.976 416.408 738.976 347.377 313.602 312.416 333.671 305.947 291.578 328.605 348.19 285.054 430.343 412.096
threshold=0 1.0000000180025095e-35 1.0000000180025095e-35 1.0000000180025095e-35 1.0000000180025095e-35 1 2 14.500000000000002 1.0000000180025095e-35 1.0000000180025095e-35 1.0000000180025095e-35 3 4 4.5000000000000009 6.5000000000000009 1.0000000180025095e-35 1.0000000180025095e-35 3.0000000000000004 1.0000000180025095e-35 75.000000000000014 5 7.5000000000000009 1.0000000180025095e-35 6 11.500000000000002 65.000000000000014 1.0000000180025095e-35 19.500000000000004 1.0000000180025095e-35 1.0000000180025095e-35
decision_type=1 2 2 2 2 9 1 2 2 2 2 9 9 2 2 2 2 2 2 2 9 2 2 9 2 2 2 2 2 2
left_child=1 11 3 4 6 -5 7 9 -6 21 -11 -1 16 15 -15 20 17 24 -19 -16 -14 -2 -23 -8 -13 -26 -27 28 29 -21
right_child=2 -3 -4 5 8 -7 23 -9 -10 10 -12 12 13 14 19 -17 -18 18 -20 27 -22 22 -24 -25 25 26 -28 -29 -30 -31
leaf_value=0.040107446186962645 -0.0047354297190106281 0.04101654398316186 -0.04159201151302841 0.0096153666223742357 -0.0017390382482127837 -0.05375766714128654 -0.025525590341536994 -0.015973174521108292 0.02025333247350191 0.021625510751658056 -0.015754707355565913 0.0093836875929877092 -0.059970687350549536 0.01239873832287563 0.027133262698666713 -0.026194509194300566 -0.046130925854553556 0.050975354128164646 -0.0016445696258192847 -0.040168152664456398 0.0044644991330539778 -0.011546390963623514 0.018971517529754164 -0.013265557920719363 0.015669643058720283 -0.0030659548038138094 0.032508259229200316 -0.055555580140183573 0.0036803374711528248 0.01748537863914354
leaf_weight=717.3075287649408 33756.374078534514 5300.7439266149304 4501.0151205508737 1093.4729187634075 3249.0627443400444 2270.7289462485351 6032.8481189121376 7802.7953401979175 7053.9364529802115 3194.3994184648618 816.90292600123212 43112.573604916572 178.9059260818758 1964.4567570078652 344.46953281003516 1186.175859003095 299.77024798118509 1477.1085426628124 1216.1873401103076 2139.2912766911322 72353.493806785118 1287.1283396885265 2941.3222185419872 33539.802233131602 3498.8776432649465 14249.987986197812 722.20986642548814 649.49178275745362 1295.3369288211688 362.02382558910176
leaf_count=2031 236982 26450 236625 12988 28712 115154 185733 138519 23472 6800 3467 71888 1033 7430 2280 3842 3151 3720 3028 34272 234995 9152 6568 491941 7615 30154 863 20796 18328 4077
internal_value=0 0.00627953 -0.00882103 -0.00739012 -0.00651571 -0.0332907 -0.00880228 -0.00376124 0.0133178 -0.00149289 0.0140108 0.0050166 0.0048398 0.00252714 -0.01143 0.00380656 0.0077208 0.00797359 0.0272165 -0.0212026 0.00429743 -0.00313042 0.0096805 -0.015141 0.00713173 0.00187513 -0.00134861 -0.0249512 -0.0197078 -0.0318199
internal_weight=258608 151068 107540 103039 99674.6 3364.2 89371.6 49798.9 10303 41996.1 4011.3 145768 145050 80473.6 6755.07 73718.6 64576.7 64276.9 2693.3 4790.61 72532.4 37984.8 4228.45 39572.7 61583.6 18471.1 14972.2 4446.14 3796.65 2501.32
internal_count=1972066 475953 1496113 1259488 1131346 128142 1079162 401488 52184 262969 10267 449503 447472 327053 87183 239870 120419 117268 6748 79753 236028 252702 15720 677674 110520 38632 31017 77473 56677 38349
cat_boundaries=0 1 11 12 18 42 56 67
cat_threshold=199 0 0 4 0 4096 0 0 0 0 131072 3072 0 0 0 0 0 8388608 0 0 0 0 4096 0 0 0 0 131072 0 0 0 0 0 0 0 0 0 0 0 0 0 32 0 0 0 0 0 0 0 0 0 0 0 0 0 128 0 0 0 0 20480 0 0 0 0 131072 8388608
is_linear=0
shrinkage=0.05


Tree=30
num_leaves=31
num_cat=10
split_feature=160 169 160 195 196 190 173 161 194 176 164 190 173 216 164 198 214 164 195 173 160 165 161 173 173 162 179 160 211 181
split_gain=5805.8 2171.02 1602.1 955.61 1191.65 885.016 561.697 431.938 451.36 1096.92 408.122 353.079 345.267 344.292 895.34 362.096 355.434 328.011 272.005 264.079 241.956 241.203 232.919 360.337 242.892 492.966 417.86 230.152 219.139 222.863
threshold=0 1.0000000180025095e-35 1 1.0000000180025095e-35 2 1.0000000180025095e-35 6.5000000000000009 3 1.0000000180025095e-35 1.0000000180025095e-35 4 1.0000000180025095e-35 23.500000000000004 1.0000000180025095e-35 5 1.0000000180025095e-35 105.00000000000001 6 1.0000000180025095e-35 18.500000000000004 7 145.00000000000003 8 10.500000000000002 6.5000000000000009 1.0000000180025095e-35 1.0000000180025095e-35 9 6.5000000000000009 225.00000000000003
decision_type=9 2 9 2 1 2 2 9 2 2 9 2 2 2 9 2 2 9 2 2 9 2 9 2 2 2 2 9 2 2
left_child=1 -1 6 4 7 -5 11 -4 9 22 19 20 -10 15 -15 17 -17 -12 21 -6 -2 -8 23 -9 25 -24 -26 -7 29 -11
right_child=2 -3 3 5 10 27 18 8 12 28 13 -13 -14 14 -16 16 -18 -19 -20 -21 -22 -23 24 -25 26 -27 -28 -29 -30 -31
leaf_value=0.0067228428862434872 0.0011853041430306707 0.040199389778834076 0.039043596181139784 -0.033458625469593384 -0.045911277674093143 0.025549762439935571 -0.030529589850103026 -0.026425274889799334 0.014491226163965355 -0.0007327233538808399 0.01052229161845933 -0.060732556891858414 -0.048674587513127504 0.014894215192302036 -0.050566643323804075 -0.029712497818062525 0.031435901859176572 -0.0090077162215132095 -0.056420251803856486 0.0033864714956682814 -0.040575660109908061 0.011169392425168942 -0.018816776432237906 0.025639227928270648 -0.030865113427529518 0.016336220899663002 -0.0026651503600077396 0.0081561951113649413 0.014111112027539945 0.014060555872897718
leaf_weight=112609.9055719779 2991.1954423906864 5060.3447160354699 688.20618907804601 1002.6406362275593 1270.3168697209912 3654.0854971543886 6855.7670316833392 552.42282103653997 5784.0738955927663 17389.388377496391 2217.6909037883161 294.23500397027237 224.22913335665362 784.10757574933814 1547.2353384125454 3141.4436559893511 256.61025323229842 64193.722785951657 986.70881122036371 345.19614106183872 381.83336058811983 364.84672976721777 3329.9985067916277 832.39201281697024 4783.3506922948291 1423.0367404078133 1811.5889147856506 4025.8523728910368 4092.9525177531177 2982.0302728650859
leaf_count=257358 28162 26450 2031 47021 60509 8172 234223 3212 20472 87673 15858 9896 3554 6972 84935 85639 3145 773919 49128 16195 7206 6734 19880 3409 62706 4801 10701 10556 13081 8468
internal_value=0 0.008162 -0.00694926 -0.00529749 -0.00647931 0.010709 -0.0245016 4.47599e-05 -0.00058566 -0.00263987 -0.0103605 -0.00825061 0.0121292 -0.00980009 -0.0287024 -0.00916997 -0.0250893 -0.00835517 -0.0317912 -0.0351591 -0.00366271 -0.0284213 -0.0145413 0.00482943 -0.0168951 -0.00829047 -0.0231203 0.0164776 0.00355437 0.00143281
internal_weight=255877 117670 138207 126333 117650 8682.58 11874.6 43893.7 43205.5 37197.2 73756.3 3667.26 6008.3 72140.8 2331.34 69809.5 3398.05 66411.4 8207.32 1615.51 3373.03 7220.61 12732.8 1384.81 11348 4753.04 6594.94 7679.94 24464.4 20371.4
internal_count=1972066 283808 1688258 1352909 1287160 65749 335349 239988 237957 213931 1047172 45264 24026 970468 91907 878561 88784 789777 290085 76704 35368 240957 104709 6621 98088 24681 73407 18728 109222 96141
cat_boundaries=0 39 79 80 86 97 102 126 165 199 200
cat_threshold=0 0 4 0 20480 0 0 0 0 131072 0 0 0 0 0 0 0 0 0 0 0 0 0 96 0 0 0 0 0 0 0 0 0 41943040 4194304 0 0 0 2147483648 8192 0 0 0 0 0 0 0 0 0 8388608 0 0 0 0 0 0 0 0 0 0 0 0 0 0 0 0 0 0 0 0 0 0 0 0 0 16 0 512 262144 2114 0 0 0 0 0 8388608 0 0 0 0 16384 0 0 0 0 131072 8388608 0 0 4 0 4096 0 0 0 0 0 0 0 0 0 0 0 0 0 0 0 0 0 0 0 0 0 0 0 128 8192 0 0 0 0 0 0 0 0 0 0 0 0 0 0 0 0 0 0 0 0 0 0 0 0 0 0 0 0 0 0 0 0 0 0 0 16 0 512 0 0 0 0 0 0 0 0 0 0 0 0 0 256 0 0 0 0 0 0 0 0 0 0 0 0 0 0 0 0 0 0 0 32768 32
is_linear=0
shrinkage=0.05


Tree=31
num_leaves=31
num_cat=9
split_feature=160 169 223 160 195 159 190 161 180 160 169 211 173 195 164 214 223 216 216 164 164 211 176 198 176 176 173 170 185 160
split_gain=5255.7 2106.44 1871.33 1391.77 924.064 961.999 846.728 459.289 481.04 457.931 387.223 355.963 299.358 282.467 291.843 254.389 250.333 243.7 253.241 392.257 248.639 234.654 330.104 232.083 220.836 213.339 212.845 212.486 720.597 689.24
threshold=0 1.0000000180025095e-35 1.0000000180025095e-35 1 1.0000000180025095e-35 2 1.0000000180025095e-35 3 1.0000000180025095e-35 4 1.0000000180025095e-35 7.5000000000000009 8.5000000000000018 1.0000000180025095e-35 5 165.00000000000003 1.0000000180025095e-35 1.5000000000000002 1.0000000180025095e-35 6 7 1.0000000180025095e-35 1.0000000180025095e-35 1.0000000180025095e-35 1.0000000180025095e-35 1.0000000180025095e-35 10.500000000000002 1.0000000180025095e-35 1.0000000180025095e-35 8
decision_type=9 2 2 9 2 1 2 9 2 9 2 2 2 2 9 2 2 2 2 9 9 2 2 2 2 2 2 2 2 9
left_child=1 16 3 13 5 7 -6 -5 11 12 15 21 -4 14 -2 17 27 18 20 -20 -7 -9 -23 -22 -13 26 -25 28 -1 -29
right_child=2 -3 9 4 6 10 -8 8 -10 -11 -12 24 -14 -15 -16 -17 -18 -19 19 -21 23 22 -24 25 -26 -27 -28 29 -30 -31
leaf_value=0.0062927375224002512 -0.0099102645156685567 0.039431927909359316 -0.036943764674072503 0.038171026005137471 -0.032591434243381401 -0.038528084294499637 0.016557676292219933 -0.0060395447291738073 0.0040615279458978241 -0.051663584009655865 -0.0039990635164034788 -0.0099905972320750713 0.01544396834363896 -0.054334338256805052 -0.035473629185924997 0.06965807150149611 -0.037379182095439931 0.029429314985140814 -0.00083819122513251936 -0.052263847500490429 -0.012415586874799565 -0.038181042397546279 -0.0053173464784598548 -0.027954563020249807 0.013451197092835288 -0.043746177712237926 0.0068507523061662164 0.018192083940677655 -0.010748766333922473 -0.018332983982136088
leaf_weight=107102.65888862204 1905.7265327654313 4839.7940461819235 606.31209202320315 662.98249224503525 991.27680078102276 1118.7429563541373 7524.0983735281043 45526.190862409421 16807.685478493571 2855.9662391926104 8915.6551588923321 1384.4562225175323 494.69490188854979 1010.907861163083 2783.6202736075793 85.799534092191607 334.07051288813818 287.34720109438058 560.58405152024352 1130.7135868423502 20111.99723455924 1403.956018029392 1677.2471880611556 1402.4401594889641 3657.4052845047554 1184.3760090195283 638.91595014109043 8747.906934081926 6583.9316491447971 1507.8588079567999
leaf_count=238370 38390 26450 12921 2031 47021 64096 18728 381622 52185 212214 82671 10652 5762 53446 108715 205 5728 4685 6380 66743 288024 20302 14649 24276 9695 50463 13840 17530 87183 7089
internal_value=0 0.00707093 -0.00731962 -0.0062115 -0.00501469 -0.00628179 0.0108341 -0.00292651 -0.00331893 -0.041153 -0.0130109 -0.00563187 -0.0132839 -0.0303063 -0.0251848 -0.0160451 0.00581105 -0.0163247 -0.0168283 -0.0355408 -0.0155333 -0.00694363 -0.0202971 -0.0144073 0.00701292 -0.0268647 -0.0170595 0.00592765 0.00530573 0.0128207
internal_weight=253845 129116 124729 120772 115072 106556 8515.38 71119.9 70456.9 3956.97 35436.6 53649.3 1101.01 5700.25 4689.35 26520.9 124276 26435.1 26147.8 1691.3 24456.5 48607.4 3081.2 23337.7 5041.86 3225.73 2041.36 123942 113687 10255.8
internal_count=1972066 382350 1589716 1358819 1158268 1092519 65749 491136 489105 230897 601383 436920 18683 200551 147105 518712 355900 518507 513822 73123 440699 416573 34951 376603 20347 88579 38116 350172 325553 24619
cat_boundaries=0 39 79 80 86 124 135 145 156 180
cat_threshold=0 0 4 0 20480 0 0 0 0 131072 0 0 0 0 0 0 0 0 0 0 0 0 0 224 0 0 0 0 0 0 0 0 0 41943040 4194304 0 0 0 2147483648 8192 0 0 0 0 0 0 0 0 0 8388608 0 0 0 0 0 0 0 0 0 0 0 0 0 0 0 0 0 0 0 0 0 0 0 0 0 16 0 0 262144 8320 0 0 0 0 0 8388608 0 0 0 0 0 0 0 0 0 0 0 0 0 0 0 0 0 0 0 0 0 0 0 0 0 0 0 0 0 0 0 0 0 0 512 512 0 1 0 0 4 0 4096 0 0 0 0 131072 8388608 0 0 4 0 4096 0 0 0 0 131072 0 0 4 0 16384 0 0 0 0 131072 8388608 0 0 4 0 0 0 0 0 0 0 0 0 0 0 0 0 0 0 0 0 0 0 0 128
is_linear=0
shrinkage=0.05


Tree=32
num_leaves=31
num_cat=11
split_feature=160 169 223 160 196 163 166 160 216 161 181 195 176 195 173 160 160 173 214 169 160 173 160 173 160 161 173 224 173 173
split_gain=4875.03 1868.74 1786.97 1338.02 924.788 1081 958.298 454.346 431.072 417.13 329.718 270.628 257.98 459.969 314.781 500.431 261.671 401.653 250.946 243.266 231.954 255.386 637.901 324.989 319.021 259.062 229.368 230.788 380.66 458.318
threshold=0 1.0000000180025095e-35 1.0000000180025095e-35 1 2 4.5000000000000009 75.000000000000014 3 1.0000000180025095e-35 4 1.0000000180025095e-35 1.0000000180025095e-35 1.0000000180025095e-35 1.0000000180025095e-35 6.5000000000000009 5 6 19.500000000000004 165.00000000000003 1.0000000180025095e-35 7 8.5000000000000018 8 16.500000000000004 9 10 7.5000000000000009 1.0000000180025095e-35 6.5000000000000009 5.5000000000000009
decision_type=9 2 2 9 1 2 2 9 2 9 2 2 2 2 2 9 9 2 2 2 9 2 9 2 9 9 2 2 2 2
left_child=1 -1 3 11 18 6 9 -4 -8 -6 20 -2 14 16 15 -7 -14 -18 26 -16 -11 24 23 -23 -22 -24 27 -5 29 -29
right_child=2 -3 7 4 5 12 8 -9 -10 10 -12 -13 13 -15 19 -17 17 -19 -20 -21 21 22 25 -25 -26 -27 -28 28 -30 -31
leaf_value=0.0062111174285349284 -0.024495968748876235 0.038645468974927315 -0.016089518010675052 -0.027185725290493103 0.037378316289044311 0.0021987085361112597 0.013570523024014859 -0.052790444261568037 -0.020998901104848949 -0.03002093752532782 0.0035067245893866355 -0.053737742891638907 0.010777345750535029 -0.058319320510739452 -0.030497986729980543 -0.031320700129562319 -0.0020488073601437938 -0.035843985965006674 0.066970190885478231 -0.012697790551310159 0.0056940003812723716 -0.012549620786833438 -0.042325229982925205 -0.034442026346645303 -0.0053350727106102318 0.0011797367554745128 -0.010866638678721428 -0.024198797057444033 -0.063300387487586901 0.037202571732147145
leaf_weight=111851.98983914097 4587.6981218680157 4624.2096080787887 1320.9797755342443 5146.7680146915955 639.57297733577434 3844.4070934977499 14240.162845275248 2483.7725740724418 962.20885473053204 883.48422841948923 15644.687241401174 956.8672060383833 2411.6643673454237 392.49895564612234 4665.5471459937689 1557.1852276393329 4252.6543749799603 1107.9678257895284 94.295150097459555 3264.8492107891361 10750.767237646651 9899.078730211826 341.76250706240535 2045.8660576208495 16771.10482996449 11955.643150954711 13639.270319513722 604.82271263661096 231.2273336785729 609.8078636751743
leaf_count=257358 147105 26450 34868 70382 2031 33634 37150 196029 48542 9262 49607 53446 36926 26827 127305 26398 68507 36780 205 34429 48290 119071 2824 62870 77958 87313 230034 9529 5827 5109
internal_value=0 0.00749835 -0.0064549 -0.00547786 -0.00441781 -0.00253762 1.884e-05 -0.0402343 0.0113816 -0.00248711 -0.00286585 -0.0294945 -0.0125443 -0.00554368 -0.0168309 -0.00751934 -0.0028743 -0.00902061 -0.0141822 -0.0231718 -0.00476017 -0.00432201 -0.00806484 -0.0162873 -0.00102649 -6.39989e-05 -0.0145693 -0.0222275 -0.00457113 0.0066264
internal_weight=251783 116476 135307 131502 125957 105631 84134.3 3804.75 15202.4 68932 68292.4 5544.57 21496.8 8164.79 13332 5401.59 7772.29 5360.62 20326.2 7930.4 52647.7 51764.2 24242.4 11944.9 27521.9 12297.4 20231.9 6592.63 1445.86 1214.63
internal_count=1972066 283808 1688258 1457361 1256810 935724 544918 230897 85692 459226 457195 200551 390806 169040 221766 60032 142213 105287 321086 161734 407588 398326 272078 181941 126248 90137 320881 90847 20465 14638
cat_boundaries=0 39 79 80 120 126 150 151 152 191 230 264
cat_threshold=0 0 4 0 20480 0 0 0 0 131072 0 0 0 0 0 0 0 0 0 0 0 0 0 96 0 0 0 0 0 0 0 0 0 41943040 4194304 0 0 0 2147483648 8192 0 0 0 0 0 0 0 0 0 8388608 0 0 0 0 0 0 0 0 0 0 0 0 0 0 0 0 0 0 0 0 0 0 0 0 0 16 0 0 262144 536 0 0 0 0 0 0 0 0 0 0 0 0 0 0 0 0 0 0 0 0 0 0 0 0 0 0 0 0 0 0 0 0 0 0 512 512 0 1 0 262144 0 0 0 0 0 8388608 524288 0 0 0 0 0 0 0 0 0 0 0 0 0 0 0 0 0 0 0 0 0 0 128 32 32 524288 0 0 0 0 0 0 0 0 0 0 0 0 0 0 0 0 0 0 0 0 0 0 0 0 0 0 0 0 0 0 0 0 1073741824 0 0 1 0 33280 524288 0 0 0 0 0 0 0 0 0 0 0 0 0 0 0 0 0 0 0 0 0 0 0 0 0 0 0 0 0 0 0 0 0 512 0 0 1 33280 0 0 0 0 0 0 0 0 0 0 0 0 0 128 0 0 0 0 0 0 0 0 0 0 0 0 0 0 0 0 0 0 0 16384
is_linear=0
shrinkage=0.05


Tree=33
num_leaves=31
num_cat=4
split_feature=196 169 223 163 195 196 173 182 169 164 216 176 214 164 171 222 162 176 211 209 173 195 204 216 193 222 176 173 216 176
split_gain=4411.82 1899.57 1566.3 732.882 1235.64 603.424 414.954 384.575 357.447 458.268 328.922 299.099 278.297 273.803 403.348 276.288 317.499 264.933 249.771 244.279 242.06 239.956 227.029 232.58 226.709 213.657 207.404 205.061 204.815 200.392
threshold=0 1.0000000180025095e-35 1.0000000180025095e-35 4.5000000000000009 1.0000000180025095e-35 1 14.500000000000002 1.0000000180025095e-35 1.0000000180025095e-35 2 1.5000000000000002 1.0000000180025095e-35 165.00000000000003 3 1.0000000180025095e-35 1.0000000180025095e-35 4.5000000000000009 1.0000000180025095e-35 7.5000000000000009 2.5000000000000004 13.500000000000002 1.0000000180025095e-35 1.0000000180025095e-35 1.0000000180025095e-35 1.0000000180025095e-35 1.0000000180025095e-35 1.0000000180025095e-35 7.5000000000000009 1.0000000180025095e-35 1.0000000180025095e-35
decision_type=1 2 2 2 2 1 2 2 2 9 2 2 2 9 2 2 2 2 2 2 2 2 2 2 2 2 2 2 2 2
left_child=1 13 3 4 5 6 7 18 10 20 17 -9 27 14 -1 16 19 -5 22 24 -10 -19 23 -2 -15 -16 -20 -7 -11 -29
right_child=2 -3 -4 8 -6 12 -8 11 9 28 -12 -13 -14 15 25 -17 -18 21 26 -21 -22 -23 -24 -25 -26 -27 -28 29 -30 -31
leaf_value=-0.016078079457908012 -0.0032602254100273231 0.037846752142143947 -0.038872924066136606 -0.032622116009322709 0.015026322855555736 -0.021880487587779145 -0.014225384602372718 0.019786217407989696 -0.057557971818614044 -0.0035842822379541159 0.041646440355375777 -0.014799319869943001 0.063702099562214218 0.003417775948175029 0.011875021344826845 0.029081237466161165 -0.015395108445272122 -0.010749212707743773 -0.0093048090466317755 0.029391797986800045 -0.0060531449598230785 -0.055058814440810483 -0.021739716098830058 -0.031339588507824361 0.044503852832023093 -0.035307426753080656 0.015245255341759379 -0.0058499865224579291 -0.060526380532063884 -0.018218849936039713
leaf_weight=1431.4133738314267 35527.167840374808 4421.7157946590451 3932.160220396443 4696.5758430907736 7226.7478728849092 6401.1891675309889 8256.5370658843167 3145.282828362193 688.4967307394254 7638.242294527503 190.40421745181084 779.59583502239548 113.88051661103964 114922.73132367825 21030.177334112697 1055.0388509570621 2207.7649127207114 3384.7497302414558 1209.4589919928112 920.50315563078038 341.56982930895174 335.51737261650851 1862.8107103857037 752.65217394693173 336.26180612202734 242.18243119999534 2975.5633087535389 7854.2358851436002 160.77181248221314 5618.6171171483293
leaf_count=7089 250575 26450 236625 180195 26291 90847 166693 6800 16098 69562 1843 3467 205 381639 38523 2756 14040 100144 9152 1680 9593 29213 19562 36870 996 2780 6568 102165 5776 127869
internal_value=0 0.00557425 -0.00792476 -0.00669808 -0.00471242 -0.00662738 -0.00389958 -0.00205692 -0.0160041 -0.008934 -0.0232549 0.0129142 -0.0140568 0.00457058 0.0096036 0.00361271 0.00338589 -0.0247261 -0.00344539 0.00374289 -0.0401059 -0.0147535 -0.00471774 -0.00384331 0.00353788 0.0113368 0.0081489 -0.0145113 -0.00475646 -0.0110091
internal_weight=249660 146568 103092 99160.1 81723.7 74497 54509.1 46252.5 17436.3 8829.08 8607.25 3924.88 19987.9 142146 22703.8 119442 118387 8416.84 42327.7 116179 1030.07 3720.27 38142.6 36279.8 115259 21272.4 4185.02 19874 7799.01 13472.9
internal_count=1972066 475953 1496113 1259488 847064 820773 499687 332994 412424 101029 311395 10267 321086 449503 48392 401111 398355 309552 322727 384315 25691 129357 307007 287445 382635 41303 15720 320881 75338 230034
cat_boundaries=0 1 2 13 37
cat_threshold=199 3104 0 0 0 0 0 0 0 0 0 131072 8388608 0 0 0 0 4096 0 0 0 0 0 0 0 0 0 0 0 0 0 0 0 0 0 0 32
is_linear=0
shrinkage=0.05


Tree=34
num_leaves=31
num_cat=11
split_feature=160 169 223 170 196 160 164 180 161 160 164 167 189 173 211 160 176 160 176 173 214 173 173 169 164 223 198 176 167 161
split_gain=4226.55 1582.05 1550.96 1278.03 1410.05 471.212 587.155 446.486 460.009 441.381 361.688 413.596 432.283 337.873 309.002 323.096 334.428 489.323 303.106 270.161 269.133 268.476 264.037 246.578 482.778 209.596 198.77 186.162 185.43 181.592
threshold=0 1.0000000180025095e-35 1.0000000180025095e-35 1.0000000180025095e-35 1 2 3 1.0000000180025095e-35 4 5 6 1.0000000180025095e-35 1.0000000180025095e-35 20.500000000000004 7.5000000000000009 7 1.0000000180025095e-35 8 1.0000000180025095e-35 8.5000000000000018 165.00000000000003 10.500000000000002 8.5000000000000018 1.0000000180025095e-35 9 1.0000000180025095e-35 1.0000000180025095e-35 1.0000000180025095e-35 1.5000000000000002 10
decision_type=9 2 2 2 1 9 9 2 9 9 9 2 2 2 2 9 2 9 2 2 2 2 2 2 9 2 2 2 2 9
left_child=1 25 3 4 7 6 -6 8 -2 19 11 -5 -13 -14 15 18 29 21 -10 27 23 -18 -12 24 -7 -1 28 -4 -26 -17
right_child=2 -3 9 10 5 20 -8 -9 14 -11 22 12 13 -15 -16 16 17 -19 -20 -21 -22 -23 -24 -25 26 -27 -28 -29 -30 -31
leaf_value=0.005984731174775171 0.037570122403700078 0.036997877358368181 -0.042208823675510092 0.01366572703877264 0.017200615788342071 -0.039861091232644467 -0.041889419179317162 0.0046037753449096452 -0.034277548317397086 -0.05018660600458006 -0.026241041630172875 -0.040478840183492099 0.010778347990632226 -0.043373158011155953 0.0063573842017090702 -0.01351156857163833 -0.012770095806720245 -0.0026808444371215221 -0.0069780436254333186 0.016667469175260432 0.058563886106380081 -0.035101623494941135 0.0073496035024048171 -0.0050272332900459828 -0.012385387610534584 -0.03498031302198152 -0.025414033168915436 0.078565755487281355 0.036547219320848597 -0.0012476627157595422
leaf_weight=110393.65069928986 617.96169539238326 4237.4388604153937 516.46026616729796 12893.606465705496 495.98262211674592 1818.1998088486434 2693.2652086953458 16150.22159644356 1980.7103284611949 2486.172125330515 1312.9856483000913 721.07007402705494 2143.0007003248902 332.25928855827078 4957.6953221057192 3403.0351310207625 2756.605297653703 5774.7440051918238 2090.535801974067 475.33766393829137 131.49403754901141 2632.9200410683407 1054.1881337916129 7921.7924397786846 27700.407789149293 312.6069249594002 3088.3357508541376 33.525290344841778 194.45073056436377 26152.124714666264
leaf_count=251630 2055 26450 12534 38743 16405 111904 115280 52185 39692 212214 19459 53030 7541 4157 20347 19209 24656 54169 33740 5762 205 73632 12919 75917 433635 5728 88579 387 1652 158250
internal_value=0 0.00701602 -0.00608514 -0.00519312 -0.00722642 -0.0141644 -0.0326721 -0.00262976 -0.00494987 -0.0388698 0.00698622 0.00966835 -0.00642441 0.00350017 -0.00548497 -0.00679714 -0.00544905 -0.0128229 -0.0202137 -0.0108185 -0.0127115 -0.0236389 -0.011234 -0.0129456 -0.0148577 0.00586885 -0.0133724 -0.0347731 -0.0120435 -0.00266512
internal_weight=247473 114944 132529 129018 110560 44043.9 3189.25 66516.6 50366.3 3511.5 18457.1 16089.9 3196.33 2475.26 49748.4 44790.7 40719.4 11164.3 4071.25 1025.32 40854.7 5389.53 2367.17 40723.2 32801.4 110706 30983.2 549.986 27894.9 29555.2
internal_count=1972066 283808 1688258 1457361 1321512 843577 131685 477935 425750 230897 135849 103471 64728 11698 423695 403348 329916 152457 73432 18683 711892 98288 32378 711687 635770 257358 523866 12921 435287 177459
cat_boundaries=0 39 40 77 82 96 134 158 198 237 261 295
cat_threshold=0 0 4 0 20480 0 0 0 0 131072 0 0 0 0 0 0 0 0 0 0 0 0 0 96 0 0 0 0 0 0 0 0 0 41943040 4194304 0 0 0 2147483648 3075 8192 0 0 0 0 0 0 0 0 0 8388608 0 0 0 0 0 0 0 0 0 0 0 0 0 0 0 0 0 0 0 0 0 0 0 0 0 16 0 0 4 0 4096 0 0 0 0 0 8388608 0 0 0 0 0 0 0 256 0 0 0 0 0 0 0 0 0 0 0 0 0 0 0 0 0 0 0 0 0 0 0 0 0 0 0 0 0 0 0 0 0 0 512 512 0 1 0 0 0 0 0 0 0 0 0 0 8388608 0 0 0 0 0 0 0 0 0 0 0 0 224 0 0 0 0 0 0 0 0 0 0 0 0 0 0 0 0 0 0 0 0 0 0 0 0 0 0 0 0 0 0 0 0 0 0 0 0 0 8192 0 262144 0 0 0 0 0 0 0 0 0 0 0 0 0 0 0 0 0 0 0 0 0 0 0 0 0 0 0 0 0 0 0 0 0 0 0 0 1 0 33280 0 0 0 0 16384 0 0 0 0 131072 8388608 0 0 0 0 0 0 0 0 0 0 0 0 32 0 0 0 0 0 0 0 0 0 0 0 0 0 128 0 0 0 0 0 0 0 0 0 0 0 0 0 0 0 0 0 0 0 65536
is_linear=0
shrinkage=0.05


Tree=35
num_leaves=31
num_cat=10
split_feature=160 223 170 159 166 176 180 161 160 164 160 164 160 211 173 173 214 168 194 181 181 223 164 176 173 160 173 176 173 195
split_gain=3914.14 1432.08 1208.96 1138.75 940.729 753.374 506.325 438.467 430.777 350.187 323.385 537.878 320.391 285.3 236.93 235.997 214.451 200.224 318.668 189.58 209.211 188.885 187.664 446.716 766.805 525.793 289.488 287.969 291.625 282.445
threshold=0 1.0000000180025095e-35 1.0000000180025095e-35 1 125.00000000000001 1.0000000180025095e-35 1.0000000180025095e-35 2 3 4 5 6 7 7.5000000000000009 8.5000000000000018 9.5000000000000018 140.00000000000003 1.0000000180025095e-35 1.0000000180025095e-35 55.000000000000007 185.00000000000003 1.0000000180025095e-35 8 1.0000000180025095e-35 13.500000000000002 9 21.500000000000004 1.0000000180025095e-35 6.5000000000000009 1.0000000180025095e-35
decision_type=9 2 2 1 2 2 2 9 9 9 9 9 9 2 2 2 2 2 2 2 2 2 9 2 2 9 2 2 2 2
left_child=4 2 3 6 21 -6 7 -2 14 17 11 -5 -9 -14 -3 -11 22 -4 -19 -8 -21 -1 26 25 -25 -24 27 28 -12 -29
right_child=1 8 9 10 5 -7 19 12 -10 15 16 -13 13 -15 -16 -17 -18 18 -20 20 -22 -23 23 24 -26 -27 -28 29 -30 -31
leaf_value=0.005538545674588064 0.036718004278400711 -0.033677991898436843 0.011427055724060844 0.015225519406169771 0.034759971610790384 0.0057108018666508645 0.01330157930526049 -0.027453454163739899 -0.049617927620943025 -0.023355367287714618 0.00027369635926866265 -0.042878371806504036 -0.0065404031644667503 0.0060466916943680673 0.014632758741675345 0.0095448398999495882 0.04493966802769031 -0.035294379467637513 0.0095092590320887856 -0.0038737801812644547 0.010166566581083142 -0.03409952015341864 -0.037905728575854752 -0.049017345362453557 -0.011082236512084436 -0.0084086847437549652 -0.036297220345540435 0.0037227850185662299 -0.019482905765984503 -0.064831077624382255
leaf_weight=105036.14929482969 595.78270655625965 526.71540818200447 14266.98634975779 494.58552789845271 5156.9116166828317 3935.9926045744214 4435.3910546972184 1685.1976188810368 2367.6527806399972 1479.7460571032134 2809.2070917519159 2013.0436909925775 48247.776332795736 4964.3204093280947 488.77272670977982 862.14273182564648 159.50684631802142 619.64402298021014 1101.6578119988553 7427.1699942110572 4126.9582073482452 300.88502579886699 1697.7003838092205 2473.8033790046538 2887.5084422948712 13319.676176480039 897.52632233913755 5405.0242468500801 5570.4493014352338 154.04063771630172
leaf_count=233595 2055 12921 65036 16405 26733 17752 13345 61365 212214 21370 22715 92396 425495 20347 5762 11008 646 36188 2247 26450 12390 5728 46988 95385 93710 203831 31901 65471 83332 7285
internal_value=0 -0.00589854 -0.00504819 -0.00703995 0.00675662 0.0221872 -0.00332382 -0.00558315 -0.038005 0.00683502 -0.0140473 -0.0314007 -0.00604823 -0.00536497 -0.0103229 -0.0111941 -0.0128081 0.0094775 -0.00662207 0.0045149 0.00114101 0.00542511 -0.0130741 -0.0161921 -0.02859 -0.0117756 -0.00877368 -0.00700611 -0.0128595 0.00181661
internal_weight=245508 131078 127695 109365 114430 9092.9 71482.6 55493.1 3383.14 18330.2 37882.1 2507.63 54897.3 53212.1 1015.49 2341.89 35374.4 15988.3 1721.3 15989.5 11554.1 105337 35214.9 20378.7 5361.31 15017.4 14836.2 13938.7 8379.66 5559.06
internal_count=1972066 1688258 1457361 1321512 283808 44485 561447 509262 230897 135849 760065 108801 507207 445842 18683 32378 651264 103471 38435 52185 38840 239323 650618 439914 189095 250819 210704 178803 106047 72756
cat_boundaries=0 39 40 54 92 116 153 158 198 222 223
cat_threshold=0 0 4 0 20480 0 0 0 0 131072 0 0 0 0 0 0 0 0 0 0 0 0 0 96 0 0 0 0 0 0 0 0 0 41943040 4194304 0 0 0 2147483648 9344 0 0 0 0 0 8388608 0 0 0 0 0 0 0 256 0 0 0 0 0 0 0 0 0 0 0 0 0 0 0 0 0 0 0 0 0 0 0 0 0 0 0 0 0 0 0 0 0 0 512 512 0 1 0 0 0 0 0 0 0 0 0 0 8388608 0 0 0 0 0 0 0 0 0 0 0 0 224 8192 0 0 0 0 0 0 0 0 0 0 0 0 0 0 0 0 0 0 0 0 0 0 0 0 0 0 0 0 0 0 0 0 0 0 0 16 0 0 4 0 4096 0 0 0 0 0 0 0 0 0 0 8388608 0 0 0 0 0 0 0 0 0 0 0 0 0 0 0 0 0 0 0 0 0 0 0 0 0 0 0 0 262144 0 0 4 0 0 0 0 0 0 0 0 0 0 0 0 0 0 0 0 0 0 0 0 192 32
is_linear=0
shrinkage=0.05


Tree=36
num_leaves=31
num_cat=13
split_feature=160 169 223 170 196 216 160 160 164 164 180 161 211 160 176 160 176 173 173 169 164 176 194 160 173 176 167 160 161 193
split_gain=3666.17 1373.11 1325.35 1122.8 1229.4 524.362 419.15 408.075 499.494 387.26 376.866 388.732 260.585 276.291 313.565 439.262 274.117 252.739 249.697 221.149 413.843 196.587 255.011 242.896 206.391 193.61 179.08 178.365 189.164 176.78
threshold=0 1.0000000180025095e-35 1.0000000180025095e-35 1.0000000180025095e-35 1 1.0000000180025095e-35 2 3 4 5 1.0000000180025095e-35 6 7.5000000000000009 7 1.0000000180025095e-35 8 1.0000000180025095e-35 8.5000000000000018 10.500000000000002 1.0000000180025095e-35 9 1.0000000180025095e-35 1.0000000180025095e-35 10 23.500000000000004 1.0000000180025095e-35 1.5000000000000002 11 12 1.0000000180025095e-35
decision_type=9 2 2 2 1 2 9 9 9 9 2 9 2 9 2 9 2 2 2 2 9 2 2 9 2 2 2 9 9 2
left_child=1 29 3 4 10 9 -4 8 -6 21 11 -2 13 16 27 18 -13 -11 -16 20 -9 22 -5 -23 -24 -14 -22 -15 -29 -1
right_child=2 -3 6 5 7 -7 -8 19 -10 17 -12 12 25 14 15 -17 -18 -19 -20 -21 26 23 24 -25 -26 -27 -28 28 -30 -31
leaf_value=0.0054007667762306722 0.03581006348273235 0.035549453847561349 -0.050818339966585316 -0.00087072587635082875 0.014378151095153384 -0.025953854202137968 -0.013317910833892502 -0.037908966583947767 -0.040297760423280163 -0.026388316902177134 0.0041177792027802078 -0.032683209536874092 -0.010340688309304206 -0.024002891772400933 -0.012276396924648389 -0.0027476275447352212 -0.0063534292216353072 0.010884581721824415 -0.034126287487254922 -0.0045568994033090499 -0.012894573989842084 0.0091480987292937872 0.017158284939198867 0.030592986427591756 -0.040881955368994576 0.011728031821362749 0.035306901948797702 -0.012883082336512206 -0.00025777506226681607 0.042636239487604401
leaf_weight=109658.11767927403 574.79846330708824 3939.8469700372079 2060.8010758289129 4860.3914595852257 499.66575092065614 1160.6802008704108 1203.6124891532854 1700.2577161817462 2509.8704100948526 1204.4786494503496 15985.994195151841 1908.8577489047602 1370.7755565374973 920.53183959261514 2700.3260563140502 5691.8782902831736 2051.4607606981881 729.95165234050364 2537.9612034231104 7806.8048458168632 30090.331136175388 2872.7860459164949 4748.3011396585498 2483.0645295873401 157.76317200902849 3609.0879800901748 193.41525037336396 3356.7042911794269 24978.021158240954 319.23745500016958
leaf_count=256362 2055 26450 196029 24218 16405 62229 34868 111904 115280 18841 52185 39692 10652 9023 24656 54169 33740 9378 73632 75917 522419 8380 7595 3926 1282 9695 1652 19209 149227 996
internal_value=0 0.00654766 -0.00573908 -0.00492895 -0.00685774 0.00655684 -0.0371938 -0.0134505 -0.0312 0.00877013 -0.00255941 -0.00470775 -0.00518853 -0.00641272 -0.00516586 -0.0123929 -0.0190001 -0.0122584 -0.0228224 -0.0121 -0.0139447 0.0114612 0.00724572 0.0191674 0.0152869 0.00565188 -0.0125818 -0.00246717 -0.00175784 0.00550909
internal_weight=243886 113917 129969 126704 108487 18217.4 3264.41 42800.3 3009.54 17056.7 65686.4 49700.4 49125.6 44145.7 40185.4 10930.2 3960.32 1934.43 5238.29 39790.8 31984 15122.3 9766.46 5355.85 4906.06 4979.86 30283.7 29255.3 28334.7 109977
internal_count=1972066 283808 1688258 1457361 1321512 135849 230897 843577 131685 73620 477935 425750 423695 403348 329916 152457 73432 28219 98288 711892 635975 45401 33095 12306 8877 20347 524071 177459 168436 257358
cat_boundaries=0 39 40 79 116 121 145 159 199 238 262 263 299 333
cat_threshold=0 0 4 0 20480 0 0 0 0 131072 0 0 0 0 0 0 0 0 0 0 0 0 0 96 0 0 0 0 0 0 0 0 0 41943040 4194304 0 0 0 2147483648 3075 0 0 0 0 0 0 0 0 0 0 0 0 0 0 0 0 0 0 0 0 0 0 0 0 0 0 0 0 0 0 0 0 0 1073741824 0 0 1 0 33280 8192 0 0 0 0 0 0 0 0 0 8388608 0 0 0 0 0 0 0 0 0 0 0 0 0 0 0 0 0 0 0 0 0 0 0 0 0 16 0 0 4 0 4096 0 0 0 0 0 0 0 0 0 0 8388608 0 0 0 0 0 0 0 0 0 0 0 0 224 0 0 0 0 0 8388608 0 0 0 0 0 0 0 256 0 0 0 0 0 0 0 0 0 0 0 0 0 0 0 0 0 0 0 0 0 0 0 0 0 0 0 0 0 0 0 0 0 0 0 0 0 8192 0 262144 0 0 0 0 0 0 0 0 0 0 0 0 0 0 0 0 0 0 0 0 0 0 0 0 0 0 0 0 0 0 0 0 0 0 0 0 1 0 33280 0 0 0 0 16384 0 0 0 0 131072 8388608 0 0 0 0 0 0 0 0 0 0 0 0 32 532480 0 0 0 0 0 0 0 0 0 0 0 0 0 0 0 0 0 0 0 0 0 0 0 0 0 0 0 0 0 0 0 0 0 0 0 512 0 0 0 0 0 0 0 0 0 0 0 0 0 128 0 0 0 0 0 0 0 0 0 0 0 0 0 0 0 0 0 0 0 65536
is_linear=0
shrinkage=0.05


Tree=37
num_leaves=31
num_cat=9
split_feature=160 223 166 160 160 221 180 169 164 161 164 167 159 163 176 195 176 164 173 195 218 170 165 173 173 182 194 164 173 173
split_gain=3401.87 1399.97 957.538 861.407 753.887 721.424 600.995 543.775 406.892 391.153 369.677 854.323 572.853 314.154 367.801 320.877 289.955 278.71 558.199 273.208 273.033 261.67 698.251 581.435 483.948 512.962 497.952 260.366 257.681 252.27
threshold=0 1.0000000180025095e-35 125.00000000000001 1 2 1.0000000180025095e-35 1.0000000180025095e-35 1.0000000180025095e-35 3 4 5 1.0000000180025095e-35 6 4.5000000000000009 1.0000000180025095e-35 1.0000000180025095e-35 1.0000000180025095e-35 7 17.500000000000004 1.0000000180025095e-35 1.0000000180025095e-35 1.0000000180025095e-35 75.000000000000014 6.5000000000000009 2.5000000000000004 1.0000000180025095e-35 1.0000000180025095e-35 8 1.5000000000000002 14.500000000000002
decision_type=9 2 2 9 9 2 2 2 9 9 9 2 1 2 2 2 2 9 2 2 2 2 2 2 2 2 2 9 2 2
left_child=2 3 4 19 5 8 9 13 -1 -5 11 -11 -12 14 -4 -16 -14 -18 -19 27 -9 22 -6 -24 28 29 -27 -2 -23 -26
right_child=1 -3 7 6 21 -7 -8 20 -10 10 12 -13 16 -15 15 -17 17 18 -20 -21 -22 24 23 -25 25 26 -28 -29 -30 -31
leaf_value=-0.0013049190888732376 -0.0059956766475290964 -0.04092354431194483 0.024598940528446332 0.034916171107917005 0.0050011003821069724 0.027949413605550505 0.004094923952791321 0.029090943188247061 -0.025807290940602357 0.0072851318428946606 -0.0052183012548725656 -0.05329968433283562 -0.011482929052373577 -0.014246799238274991 -0.0070612875115058805 0.028812273211447737 -0.0087054220280628862 -0.046732993322679633 -0.0060580601992546454 -0.052478441346159914 -0.045525925073683748 0.038032520875033587 0.010945215799213891 -0.023150517719019242 0.038776480978006081 -0.017210993493457269 0.014962593215850188 -0.031458426437046424 -0.066856881100504501 -0.0029746552831596005
leaf_weight=2738.9867655048438 1736.2174375198665 2928.7061525076861 3325.0883613415645 554.33193695032969 99948.504106007531 1042.6425480954349 15844.162247878849 6567.7151737613458 4470.3273409773828 8032.3166851660062 50676.127195115332 626.81579239480197 14485.18254209825 1284.1665959549427 2661.9675228813721 813.38263743626885 1825.6465716382663 2459.4722338530119 1284.319215305688 822.56079456527368 124.4491378570674 73.68870722129941 1801.1044392569456 4085.7543984458025 2411.8937132831197 1596.7116700209444 4866.6871351582231 2430.0329789591779 278.50013151392341 425.29725376912393
leaf_count=30339 38390 227222 16269 2055 236982 2575 52185 42945 76503 50316 429167 44917 224810 28890 16780 1234 38599 97084 42261 53446 2179 423 7188 77473 3859 8939 8844 108715 739 738
internal_value=0 -0.00684773 0.00512694 -0.00585788 0.00369064 -0.0109012 -0.00480055 0.0171571 -0.0165373 -0.00656422 -0.00685767 0.00289279 -0.00805168 0.00842882 0.0127123 0.00133618 -0.0152046 -0.0249087 -0.032696 -0.0260938 0.0276993 0.00473388 0.00401542 -0.0127179 0.0126151 0.0147949 0.00701297 -0.0209403 -0.0448738 0.0325168
internal_weight=242223 103706 138517 100777 123740 8251.96 95788.4 14776.8 7209.31 79944.2 79389.9 8659.13 70730.7 8084.61 6800.44 3475.35 20054.6 5569.44 3743.79 4988.81 6692.16 115488 105835 5886.86 9652.78 9300.59 6463.4 4166.25 352.189 2837.19
internal_count=1972066 1409167 562899 1181945 454602 109417 981394 108297 106842 929209 927154 95233 831921 63173 34283 18014 402754 177944 139345 200551 45124 345185 321643 84661 23542 22380 17783 147105 1162 4597
cat_boundaries=0 39 79 84 108 122 146 147 171 182
cat_threshold=32 0 4 0 20480 0 0 0 0 131072 0 0 0 0 0 0 0 0 0 0 0 0 0 224 0 0 0 0 0 0 0 0 0 41943040 4194304 512 0 0 2147483648 8192 0 0 0 0 0 0 0 0 0 8388608 0 0 0 0 0 0 0 0 0 0 0 0 0 0 0 0 0 0 0 0 0 0 0 0 0 16 0 0 262144 32 0 0 0 4096 0 0 0 0 0 0 0 0 0 0 0 0 0 0 0 0 0 0 0 0 0 0 0 192 0 0 0 0 0 8388608 0 0 0 0 0 0 0 256 0 0 0 0 0 0 0 0 0 0 0 0 0 0 0 0 0 0 0 0 0 0 0 160 9344 0 0 4 0 4096 0 0 0 0 0 0 0 0 0 0 0 0 0 0 0 0 0 0 64 0 0 4 0 4096 0 0 0 0 131072 8388608
is_linear=0
shrinkage=0.05


Tree=38
num_leaves=31
num_cat=13
split_feature=160 169 223 160 195 196 164 160 180 161 223 211 195 173 164 160 160 188 173 160 164 160 173 160 173 173 176 213 173 176
split_gain=3210.42 1232.14 1096.03 835.226 789.131 677.724 595.352 411.076 314.926 311.29 267.164 265.054 259.3 248.347 434.396 320.589 283.78 357.059 239.066 498.74 224.7 208.936 214.075 202.376 197.516 190.393 186.29 184.041 181.731 174.245
threshold=0 1.0000000180025095e-35 1.0000000180025095e-35 1 1.0000000180025095e-35 2 3 4 1.0000000180025095e-35 5 1.0000000180025095e-35 7.5000000000000009 1.0000000180025095e-35 11.500000000000002 6 7 8 1.0000000180025095e-35 6.5000000000000009 9 10 11 10.500000000000002 12 2.5000000000000004 7.5000000000000009 1.0000000180025095e-35 1.5000000000000002 12.500000000000002 1.0000000180025095e-35
decision_type=9 2 2 9 2 1 9 9 2 9 2 2 2 2 9 9 9 2 2 9 9 9 2 9 2 2 2 2 2 2
left_child=1 10 3 12 5 8 -6 24 9 -5 29 18 20 14 -7 -15 17 -16 19 -11 -2 22 -20 -21 -4 27 -13 -18 -12 -1
right_child=2 -3 7 4 6 13 -8 -9 -10 11 28 26 -14 15 16 -17 25 -19 21 23 -22 -23 -24 -25 -26 -27 -28 -29 -30 -31
leaf_value=0.0062154389000688131 -0.0067351499375538307 0.034073134197915064 -0.064275404043872122 0.033454833598625409 0.014529547924929834 -0.045922412445460296 -0.040499684355312544 -0.048148630673417632 0.0037478565248478565 0.0063711484021015622 -0.044892680645566049 -0.0098893417605250781 -0.051966294813983363 0.0051790199475570849 -0.013998654096655636 -0.011189825025076035 -0.018471344960084728 0.0099437127521193637 -0.0077717357324859643 -0.0031116652737495525 -0.030545650951042919 -0.0059043081949725447 -0.023449702649262862 -0.021513882776886137 0.011258941558352093 -0.010408399849288132 0.011926017183622215 -0.042264088069456279 0.01490195668273007 0.0022835028100210218
leaf_weight=78112.845335902646 1737.8486912007211 3658.7733620158833 103.50097636599094 524.32256725372281 7325.1468025454669 1004.8538670594571 517.17556195583893 2075.8314670325053 15693.19637434429 8744.2008655284881 448.07863515097415 1343.6836005772348 782.12080513394903 4669.3323768029222 3507.0085032073839 8294.5710699374031 7935.5207692143449 2799.8800337351859 4399.0389883555472 2995.2098797586514 2360.9677240491728 16195.173251931323 4314.6281753121584 2998.228496381751 515.12229314097203 8434.4443328369234 3596.4386742257047 905.93864264746662 176.85366855625762 44083.742622193327
leaf_count=223024 38390 26450 2551 2031 28865 45679 36884 212214 52185 28487 9889 10652 53446 76154 50075 208108 113541 22807 37090 9131 108715 148749 97284 20815 8961 133393 9695 12254 3010 141537
internal_value=0 0.00548161 -0.00609377 -0.00532983 -0.0043983 -0.00561581 0.0108644 -0.0376011 -0.00235238 -0.00447519 0.00463016 -0.00492811 -0.0255331 -0.0108962 -0.0138518 -0.00529838 -0.0124594 -0.00336361 -0.0062901 -0.001242 -0.0205445 -0.00927659 -0.0155184 -0.0123398 -0.00138978 -0.0157756 0.00599096 -0.0209121 -0.0279646 0.00479701
internal_weight=240254 126480 113773 111079 106198 98355.7 7842.32 2694.45 60804.1 45110.9 122822 44586.6 4880.94 37551.5 24587.6 12963.9 23582.8 6306.89 39646.5 14737.6 4098.82 24908.8 8713.67 5993.44 618.623 17275.9 4940.12 8841.46 624.932 122197
internal_count=1972066 403910 1568156 1344430 1143879 1078130 65749 223726 416119 363934 377460 361903 200551 662011 377749 284262 332070 72882 341556 58433 147105 283123 134374 29946 11512 259188 20347 125795 12899 364561
cat_boundaries=0 39 79 80 104 142 148 159 196 197 236 247 286 323
cat_threshold=0 0 4 0 20480 0 0 0 0 131072 0 0 0 0 0 0 0 0 0 0 0 0 0 224 0 0 0 0 0 0 0 0 0 41943040 4194816 0 0 0 2147483648 8192 0 0 0 0 0 0 0 0 0 8388608 0 0 0 0 0 0 0 0 0 0 0 0 0 0 0 0 0 0 0 0 0 0 0 0 0 16 0 0 262144 3074 0 0 0 0 4096 0 0 0 0 0 0 0 0 0 0 0 0 0 0 0 0 0 0 128 0 0 0 0 0 0 0 0 0 0 0 0 0 0 0 0 0 0 0 0 0 0 0 0 0 0 0 0 0 0 0 0 0 0 0 512 0 1 0 0 0 0 0 8388608 0 0 4 0 16384 0 0 0 0 131072 8388608 32 0 0 0 0 0 0 0 0 0 0 0 0 0 0 0 0 0 0 0 0 0 0 0 0 0 0 0 0 0 0 0 0 0 0 0 1073741824 524288 0 0 0 0 0 0 0 0 0 0 0 0 0 0 0 0 0 0 0 0 0 0 0 0 0 0 0 0 0 0 0 0 0 1073741824 0 0 0 1 33280 0 0 4 0 4096 0 0 0 0 131072 8388608 0 0 0 0 0 0 0 0 0 0 0 0 0 0 0 0 0 0 0 0 0 0 0 0 0 0 0 0 0 0 0 0 0 0 0 0 0 8192 33280 0 0 0 0 0 0 0 0 0 0 0 0 0 0 0 0 0 0 0 0 0 0 0 0 0 0 0 0 0 0 0 0 0 0 0 0 1
is_linear=0
shrinkage=0.05


Tree=39
num_leaves=31
num_cat=11
split_feature=160 170 169 196 223 160 216 160 176 173 161 160 166 164 173 160 164 169 214 173 169 164 160 223 176 167 193 173 176 173
split_gain=3052.93 1191.65 1083.16 980.486 746.825 542.142 477.722 396.102 368.855 422.701 382.819 338.823 385.615 321.988 211.721 301.261 202.884 207.791 201.886 196.205 179.201 377.27 170.848 168.33 161.977 156.507 155.748 152.487 149.48 228.891
threshold=0 1.0000000180025095e-35 1.0000000180025095e-35 1 1.0000000180025095e-35 2 1.0000000180025095e-35 3 1.0000000180025095e-35 14.500000000000002 4 5 175.00000000000003 6 9.5000000000000018 7 8 1.0000000180025095e-35 165.00000000000003 8.5000000000000018 1.0000000180025095e-35 9 10 1.0000000180025095e-35 1.0000000180025095e-35 1.5000000000000002 1.0000000180025095e-35 17.500000000000004 1.0000000180025095e-35 20.500000000000004
decision_type=9 2 2 1 2 9 2 9 2 2 9 9 2 9 2 9 9 2 2 2 2 9 9 2 2 2 2 2 2 2
left_child=2 3 23 8 5 14 13 19 9 -2 -11 12 16 28 -5 -16 -7 22 20 24 21 -13 -18 26 -6 -23 -1 -17 29 -3
right_child=1 6 -4 4 7 11 -8 -9 -10 10 -12 18 -14 -15 15 27 17 -19 -20 -21 -22 25 -24 -25 -26 -27 -28 -29 -30 -31
leaf_value=0.0051127832984781962 -0.01404719842112178 0.010336577560628267 0.033297755726729716 -0.00042900554415435096 -0.038752955796256941 -0.052423111460149989 -0.025152594911732964 -0.047576075285772235 0.004079724956638049 0.034059351910631384 -0.014761449047440658 -0.036539377751287572 0.019664223419021104 -0.0042233197919803924 0.007826304601906366 -0.010712338682823319 0.012979899145214292 -0.051313840613310784 0.053793767030136212 0.015080825924068354 -0.0044105908345256637 -0.011983122800418694 -0.024142836293157045 -0.033018671620146517 0.074931342956926023 0.032746061978078778 0.040900077449341023 -0.029223512593803583 0.01922402780671208 -0.026399228009809008
leaf_weight=108337.12624808092 6608.2000606489601 7310.8211380457506 3518.2639577623486 17968.269250712357 437.7005939775845 923.19464537483873 1101.1920967868355 1979.5549663159036 20952.1119568758 975.14184183371253 671.82909840825596 1597.6235593528836 397.89421752723865 3665.6215601414151 2022.9586588775855 6873.630942513264 384.83510789921274 560.96397596609313 118.64816926280037 466.45590592094231 7654.7735415714269 35146.91384133829 1513.4874746963615 288.14377322062501 33.259707849589176 196.135534486908 304.42814153619111 1327.7883838755224 5106.3621924565523 449.58903405407909
leaf_count=250634 51307 20973 26450 82419 12534 62299 62229 212214 76529 3777 9833 111904 9170 36682 17564 88858 19036 17696 205 5762 75917 591903 61965 5728 387 1652 996 39478 12306 3659
internal_value=0 -0.0053301 0.0059935 -0.00728455 -0.0101588 -0.00921533 0.00672678 -0.0349905 0.000552415 -0.00839854 0.0142601 -0.0124202 -0.0267975 0.00885121 -0.00369656 -0.00944176 -0.0323457 -0.024485 -0.0111986 -0.00780641 -0.0113747 -0.0128176 -0.0166719 0.00511197 -0.0306429 -0.011731 0.0052133 -0.0136948 0.0125699 0.00820613
internal_weight=238893 126445 112448 108811 79604.1 76687.1 17633.6 2916.97 29207.3 8255.17 1646.97 48494.5 3780.38 16532.4 28192.6 10224.4 3382.48 2459.29 44714.1 937.416 44595.4 36940.7 1898.32 108930 470.96 35343 108642 8201.42 12866.8 7760.41
internal_count=1972066 1688258 283808 1552409 1410963 1180066 135849 230897 141446 64917 13610 951747 170166 73620 228319 145900 160996 98697 781581 18683 781376 705459 81001 257358 12921 593555 251630 128336 36938 24632
cat_boundaries=0 39 40 79 117 151 191 215 251 275 299 300
cat_threshold=0 0 4 0 20480 0 0 0 0 131072 0 0 0 0 0 0 0 0 0 0 0 0 0 96 0 0 0 0 0 0 0 0 0 41943040 4194304 0 0 0 2147483648 2050 0 0 0 0 0 0 0 0 0 0 0 0 0 0 0 0 0 0 0 0 0 0 0 0 0 0 0 0 0 0 0 0 0 1073741824 512 512 1 1 32768 0 0 0 0 0 0 0 0 0 0 0 0 0 0 0 0 0 0 0 0 0 0 0 0 0 0 0 0 0 0 0 0 0 0 512 512 0 1 0 0 0 0 0 8388608 0 0 0 0 0 0 0 0 0 0 0 0 0 0 0 0 0 0 0 0 0 0 0 0 0 0 0 32768 8192 0 0 0 0 0 0 0 0 0 8388608 0 0 0 0 0 0 0 0 0 0 0 0 0 0 0 0 0 0 0 0 0 0 0 0 0 16 0 0 262144 0 0 0 0 0 0 0 0 0 0 8388608 0 0 0 0 0 0 0 0 0 0 0 0 192 0 0 0 0 0 0 0 0 0 0 0 0 0 0 0 0 0 0 0 0 0 0 0 0 0 0 0 0 0 0 0 0 0 0 512 512 0 0 0 0 0 0 0 0 0 0 8388608 0 0 0 0 0 0 0 0 0 0 0 0 224 0 0 0 0 16384 0 0 0 0 131072 8388608 0 0 0 0 0 0 0 0 0 0 0 0 32 8192
is_linear=0
shrinkage=0.05


Tree=40
num_leaves=31
num_cat=13
split_feature=160 170 169 196 223 160 160 176 173 197 160 164 164 167 194 160 173 160 164 169 214 159 164 167 173 164 170 173 222 167
split_gain=2832.88 1140.78 997.033 946.147 693.219 504.348 379.505 347.309 380.081 344.729 301.982 330.149 285.622 301.23 469.865 186.584 185.121 284.259 175.671 193.401 173.076 204.265 190.703 297.959 150.497 148.305 511.773 450.07 324.638 265.303
threshold=0 1.0000000180025095e-35 1.0000000180025095e-35 1 1.0000000180025095e-35 2 3 1.0000000180025095e-35 14.500000000000002 1.0000000180025095e-35 4 5 6 1.0000000180025095e-35 1.0000000180025095e-35 7 9.5000000000000018 8 9 1.0000000180025095e-35 105.00000000000001 10 11 1.0000000180025095e-35 23.500000000000004 12 1.0000000180025095e-35 2.5000000000000004 1.0000000180025095e-35 1.0000000180025095e-35
decision_type=9 2 2 1 2 9 9 2 2 2 9 9 9 2 2 9 2 9 9 2 2 1 9 2 2 9 2 2 2 2
left_child=2 3 25 7 5 16 -6 8 -2 -10 11 -7 13 15 -15 -3 -5 -18 -13 -20 21 -12 23 -23 -16 28 29 -28 -1 -27
right_child=1 12 -4 4 6 10 -8 -9 9 -11 20 18 -14 14 24 -17 17 -19 19 -21 -22 22 -24 -25 -26 26 27 -29 -30 -31
leaf_value=0.0092748715180696831 -0.013501557246131113 0.019537956758215038 0.032492044162911307 -0.00063645022313293487 -0.010835047197140095 0.01126644038027862 -0.048882992877238331 0.0040510542186887877 -0.028639181003793115 0.025623861964232303 -0.024670603656375682 -0.051783570921261568 -0.0049362037630643263 -0.034749754213766727 0.012134270340688069 0.0058827637022078908 0.0077611422987364474 -0.0132604116565856 -0.017493019456387593 -0.053501280359410687 0.028941843611700397 -0.032592524513200348 -0.0094949320181459823 0.0087268542471290941 -0.047951269610957817 0.0029167684288726177 -0.03762404404387934 0.029340284496457609 -0.044665158743265501 0.027217289975603839
leaf_weight=21943.433340317337 6556.6140199740476 6329.405533693789 3385.8644668510096 17824.558158151049 1089.1944576781534 512.36383761410252 1718.6781143368135 20821.408684005786 378.54055646326742 1284.0144403909217 2665.9780677827803 839.50482451319112 4079.7168134339008 871.74725253514771 1972.7735556655098 4183.7200518723694 2000.3570965070394 8110.8392940200865 1862.9172307802946 466.36042270530015 268.89881482414785 2015.8295729505335 38647.414639539405 556.32358780957293 109.5096901957877 82121.680106331332 273.91994023695588 2930.7531907371012 282.01803220645525 1138.3239090666175
leaf_count=45241 51307 13453 26450 82419 34868 16405 196029 76529 7691 5919 85639 60987 44586 56352 3507 16827 17564 128336 81362 11412 3145 118253 566858 7686 1124 200811 1105 5066 3151 1984
internal_value=0 -0.00516991 0.00577371 -0.00709778 -0.00994715 -0.00904414 -0.0343429 0.000615235 -0.008087 0.013261 -0.012161 -0.0259247 0.00665091 0.0101576 -0.00394013 0.014129 -0.00370105 -0.00910636 -0.0319571 -0.0246089 -0.0110075 -0.0112552 -0.0103786 -0.0235622 0.00896115 0.00494173 0.00400359 0.02361 0.00858535 0.00324922
internal_weight=237243 125167 112076 107620 78579.2 75771.3 2807.87 29040.6 8219.17 1662.55 47835.6 3681.15 17546.9 13467.2 2954.03 10513.1 27935.8 10111.2 3168.78 2329.28 44154.4 43885.5 41219.6 2572.15 2082.28 108690 86464.7 3204.67 22225.5 83260
internal_count=1972066 1688258 283808 1552409 1410963 1180066 230897 141446 64917 13610 951747 170166 135849 91263 60983 30280 228319 145900 153761 92774 781581 778436 692797 125939 4631 257358 208966 6171 48392 202795
cat_boundaries=0 39 40 79 119 159 164 188 225 261 285 286 297 321
cat_threshold=0 0 4 0 20480 0 0 0 0 131072 0 0 0 0 0 0 0 0 0 0 0 0 0 96 0 0 0 0 0 0 0 0 0 41943040 4194304 0 0 0 2147483648 2050 0 0 0 0 0 0 0 0 0 0 0 0 0 0 0 0 0 0 0 0 0 0 0 0 0 0 0 0 0 0 0 0 0 1073741824 512 512 1 1 32768 0 0 0 0 0 0 0 0 0 0 0 0 0 0 0 0 0 0 0 0 0 0 0 0 0 0 0 0 0 0 0 0 0 0 512 512 0 1 0 262144 8192 0 0 0 0 0 0 0 0 0 8388608 0 0 0 0 0 0 0 0 0 0 0 0 0 0 0 0 0 0 0 0 0 0 0 0 0 16 0 0 262144 0 0 4 0 4096 0 0 0 0 0 0 0 0 0 0 8388608 0 0 0 0 0 0 0 0 0 0 0 0 192 32 0 0 0 0 0 0 0 0 0 0 0 0 0 0 0 0 0 0 0 0 0 0 128 0 0 0 0 0 0 0 0 0 0 0 0 16 0 0 0 0 0 0 0 0 0 0 0 0 0 0 0 0 0 0 0 0 0 0 0 0 0 0 0 0 0 0 0 0 0 0 512 512 0 0 0 0 0 0 0 0 0 0 0 0 0 0 0 0 0 0 0 0 0 0 0 224 4096 0 0 0 0 20480 0 0 0 0 131072 8388608 0 0 0 0 4096 0 0 0 0 0 0 0 0 0 0 0 0 0 0 0 0 0 0 32
is_linear=0
shrinkage=0.05


Tree=41
num_leaves=31
num_cat=16
split_feature=160 170 169 196 223 160 216 160 164 160 164 173 161 161 164 169 214 159 164 216 167 190 164 173 173 160 173 160 160 173
split_gain=2721.1 1092.12 909.99 858.18 641.362 469.949 413.839 362.783 332.206 276.884 288.18 246.72 195.427 188.133 167.353 183.013 167.302 187.21 176.204 511.066 284.219 235.326 207.439 161.144 161.124 216.816 159.791 504.825 232.799 315.899
threshold=0 1.0000000180025095e-35 1.0000000180025095e-35 1 1.0000000180025095e-35 2 1.0000000180025095e-35 3 4 5 6 8.5000000000000018 7 8 9 1.0000000180025095e-35 105.00000000000001 10 11 1.0000000180025095e-35 1.0000000180025095e-35 1.0000000180025095e-35 12 8.5000000000000018 8.5000000000000018 13 6.5000000000000009 14 15 18.500000000000004
decision_type=9 2 2 1 2 9 2 9 9 9 9 2 9 9 9 2 2 1 9 2 2 2 9 2 2 9 2 9 9 2
left_child=2 3 -1 12 5 24 8 23 -3 10 -7 -10 -2 -14 -12 -16 17 -11 20 21 -19 26 -21 -6 -5 -26 27 -20 29 -28
right_child=1 6 -4 4 7 9 -8 -9 11 16 14 -13 13 -15 15 -17 -18 18 19 22 -22 -23 -24 -25 25 -27 28 -29 -30 -31
leaf_value=0.0048874172676582617 0.031687507242545362 0.011010976578910698 0.03168636918799432 -0.00031005174148304038 -0.028451980300557463 0.0091811690918068064 -0.02382640552906734 -0.046499814370183946 -0.025688847607637406 -0.024101240885489476 -0.051022703698592409 0.0120430677908667 -0.053557996441825739 0.00012918516106309234 -0.01702970703110768 -0.052827979329543445 0.028014879837941188 -0.03216898574804844 0.0059277048919824131 0.046925333580514067 0.008206647665594053 0.006099145289830573 -0.058991980767181408 0.01359121742910778 0.0058583540114434899 -0.01120427106160559 -0.014476596633329068 -0.016094376972495057 -0.00786379720749396 -0.041812190399959676
leaf_weight=108106.15536722302 478.85709569475148 14509.080009341298 3262.9060271820053 15508.548776999465 458.06154757342301 519.70132634975016 1055.2208532722289 1803.1690741209459 1153.764721045125 2582.2775014593353 795.84557197263348 692.96830275369575 153.62414995557629 28300.238149516284 1834.7068702529941 443.39233437308576 275.39227760466747 1947.6138072566973 5513.387575953413 44.861551513778977 561.03245747479377 2544.0292548774742 639.01427716284525 452.50399368279614 2289.6961514770519 9876.245912778606 8624.5785259664699 4912.5163266010859 14801.751182877546 1204.5760709855531
leaf_count=257358 2031 45401 26450 66656 12921 16405 62229 212214 18841 85639 60987 9378 1033 138382 81362 11412 3145 118253 28918 618 7686 21284 37311 5762 19851 141812 141929 63641 227749 45408
internal_value=0 -0.00509547 0.00567225 -0.00699278 -0.00973131 -0.00886739 0.00651381 -0.03361 0.00847223 -0.0118977 -0.0252437 -0.0114661 0.000358415 -0.000180149 -0.0310769 -0.0239046 -0.0107931 -0.0110424 -0.0102069 -0.00935944 -0.0230457 -0.00858224 -0.0521837 -0.00747516 -0.00368817 -0.00799687 -0.00964786 -0.00445829 -0.0118442 -0.017811
internal_weight=235346 123977 111369 106566 77632.9 74919.2 17411 2713.73 16355.8 47244.7 3593.65 1846.73 28932.7 28453.9 3073.94 2278.1 43651 43375.6 40793.4 38284.7 2508.65 37600.8 683.876 910.566 27674.5 12165.9 35056.8 10425.9 24630.9 9829.15
internal_count=1972066 1688258 283808 1552409 1410963 1180066 135849 230897 73620 951747 170166 28219 141446 139415 153761 92774 781581 778436 692797 566858 125939 528929 37929 18683 228319 161663 507645 92559 415086 187337
cat_boundaries=0 39 40 79 117 141 181 186 192 206 230 231 242 245 281 320 359
cat_threshold=0 0 4 0 20480 0 0 0 0 131072 0 0 0 0 0 0 0 0 0 0 0 0 0 96 0 0 0 0 0 0 0 0 0 41943040 4194304 0 0 0 2147483648 2050 0 0 0 0 0 0 0 0 0 0 0 0 0 0 0 0 0 0 0 0 0 0 0 0 0 0 0 0 0 0 0 0 0 1073741824 512 512 1 1 32768 0 0 0 0 0 0 0 0 0 0 0 0 0 0 0 0 0 0 0 0 0 0 0 0 0 0 0 0 0 0 0 0 0 0 512 512 0 1 0 0 0 0 0 0 0 0 0 0 8388608 0 0 0 0 0 0 0 0 0 0 0 0 224 8192 0 0 0 0 0 0 0 0 0 8388608 0 0 0 0 0 0 0 0 0 0 0 0 0 0 0 0 0 0 0 0 0 0 0 0 0 16 0 0 262144 0 0 4 0 4096 0 0 0 0 0 8388608 0 0 0 0 0 0 0 0 0 0 0 0 0 128 0 0 0 0 0 0 0 0 0 0 0 0 0 0 0 0 0 0 0 0 0 0 0 224 4096 0 0 0 0 20480 0 0 0 0 131072 8388608 0 0 4 0 0 0 0 0 0 0 0 0 0 0 0 0 0 0 0 0 0 0 0 0 0 0 0 0 0 0 0 0 0 0 0 0 0 512 512 524288 0 0 0 0 0 0 0 0 0 0 0 0 0 0 0 0 0 0 0 0 0 0 128 0 0 0 0 0 0 0 0 0 0 0 0 0 0 512 524288 0 0 0 0 0 0 0 0 0 0 0 0 0 0 0 0 0 0 0 0 0 0 128 0 0 0 0 0 0 0 0 0 0 0 0 0 0 512
is_linear=0
shrinkage=0.05


Tree=42
num_leaves=31
num_cat=9
split_feature=196 169 223 160 164 170 160 176 195 160 164 169 173 170 160 173 160 164 173 173 173 167 176 167 210 209 173 214 167 166
split_gain=2492.09 914.687 876.045 606.005 723.809 481.376 387.254 629.015 393.951 363.614 343.151 349.093 327.303 266.739 555.178 511.769 414.188 333.981 263.491 290.108 237.117 274.541 250.096 233.456 208.002 336.719 207.261 200.446 195.903 195.639
threshold=0 1.0000000180025095e-35 1.0000000180025095e-35 1 2 1.0000000180025095e-35 3 1.0000000180025095e-35 1.0000000180025095e-35 4 5 1.0000000180025095e-35 16.500000000000004 1.0000000180025095e-35 6 6.5000000000000009 7 8 14.500000000000002 2.5000000000000004 18.500000000000004 1.0000000180025095e-35 1.0000000180025095e-35 1.0000000180025095e-35 1.5000000000000002 1.0000000180025095e-35 12.500000000000002 105.00000000000001 1.0000000180025095e-35 75.000000000000014
decision_type=1 2 2 9 9 2 9 2 2 9 9 2 2 2 9 2 9 9 2 2 2 2 2 2 2 2 2 2 2 2
left_child=1 13 3 4 12 -6 10 8 23 -4 -5 -12 -2 14 15 -1 18 -16 19 -15 21 22 26 27 25 28 -17 -8 -19 -21
right_child=2 -3 9 6 5 -7 7 -9 -10 -11 11 -13 -14 16 17 20 -18 24 -20 29 -22 -23 -24 -25 -26 -27 -28 -29 -30 -31
leaf_value=0.010561564638426026 -0.033264599384927755 0.030896500459892281 -0.045069104423137017 -0.019501298501067698 -0.00057730033311523949 0.017802966245457578 -0.0073648943436575194 -0.028728387661335994 -0.051446346304862112 -0.0066973395333198892 -0.0060235891272263009 0.0079790517959098545 0.025361399881418376 -0.031508949206817918 0.0095689909519024851 -0.038264049182919015 -0.014266051528524438 0.0025704689137900599 -0.0024628862592389143 0.033635154094111483 -0.046022667900080035 0.012285985077116042 -0.001907884035566869 -0.04660652885417027 0.017482106133624581 -0.012767420962503745 0.0044160078907830398 0.038017553864511958 0.023633026260829151 0.015573766837035952
leaf_weight=1932.4682389434893 2140.2216639226244 3148.1971819033206 2003.5416486327522 3793.9376579006348 28574.674240752487 4068.9703456331335 15297.051719151852 5352.8359397498789 528.47955394000746 912.40288908547518 25545.470431242531 5389.4807435261318 267.39514723184402 260.47654980234802 20771.945335151104 1783.2918898068019 1321.8431101794122 92072.955638454092 1590.8676430872874 2383.1931891415734 738.16010479396209 740.35310758108972 1081.071206740191 373.80806316129747 2292.0452240449376 3596.3600110670086 338.05603287898703 246.72164853429422 1116.9432518146932 4051.184613520978
leaf_count=9065 56859 26450 217797 101351 223275 28334 232851 203745 41357 18828 307901 33711 9189 1140 41303 33522 7089 254386 5871 3859 29744 8662 20848 19060 4465 12679 8226 1855 1984 6660
internal_value=0 0.00425355 -0.00626653 -0.00540797 -0.000241256 0.00171333 -0.00861002 -0.0138348 -0.00899461 -0.0332449 -0.00532718 -0.00358264 -0.0266369 0.0036373 0.00302704 -0.0110654 0.011669 0.00380536 0.0158058 0.0201711 -0.0200188 -0.0151439 -0.0214878 -0.00758328 0.00259607 0.00224367 -0.0314608 -0.00664303 0.0028231 0.0222663
internal_weight=233714 139219 94495 91579 35051.3 32643.6 56527.8 21798.9 16446.1 2915.94 34728.9 30935 2407.62 136071 126464 6613.4 9607.57 119850 8285.72 6694.85 4680.93 3942.77 3202.42 15917.6 99078.3 96786.3 2121.35 15543.8 93189.9 6434.38
internal_count=1972066 475953 1496113 1259488 317657 251609 941831 498868 295123 236625 442963 341612 66048 449503 424884 110067 24619 314817 17530 11659 101002 71258 62596 253766 273514 269049 41748 234706 256370 10519
cat_boundaries=0 1 40 64 103 143 167 191 215 239
cat_threshold=199 32 0 0 0 16384 0 0 0 0 0 0 0 0 0 0 0 0 0 0 0 0 0 0 0 0 0 0 0 0 0 0 0 0 1082130432 4194816 0 0 8193 2147483648 0 0 0 0 16384 0 0 0 0 131072 8388608 0 0 0 0 0 0 0 0 0 0 0 0 32 524288 0 0 0 0 0 0 0 0 0 0 0 0 0 0 0 0 0 0 0 0 0 0 0 0 0 0 0 0 0 0 0 0 0 0 512 1073741825 0 32768 0 0 0 0 0 0 0 0 0 0 0 0 0 0 0 0 0 0 0 0 0 0 0 0 0 0 0 0 0 0 0 0 0 1082130432 0 0 1 0 33280 262144 0 0 0 0 16384 0 0 0 0 131072 8388608 0 0 0 0 0 0 0 0 0 0 0 0 64 0 0 0 0 0 0 0 0 0 0 8388608 0 0 0 0 0 0 0 0 0 0 0 0 128 0 0 4 0 0 0 0 0 0 0 0 0 0 0 0 0 0 0 0 0 0 0 0 128 0 0 0 0 4096 0 0 0 0 0 0 0 0 0 0 0 0 0 0 0 0 0 0 32
is_linear=0
shrinkage=0.05


Tree=43
num_leaves=31
num_cat=7
split_feature=160 223 166 187 161 160 163 164 160 169 176 164 173 176 162 222 166 170 165 173 166 173 173 211 170 173 176 167 214 196
split_gain=2403.27 788.548 594.628 565.281 562.321 516.499 389.31 350.268 315.094 293.409 341.168 284.939 291.778 282.159 271.513 283.101 267.968 242.474 507.654 496.726 329.016 261.128 251.744 206.372 252.438 196.755 232.196 315.228 193.738 201.963
threshold=0 1.0000000180025095e-35 125.00000000000001 1.0000000180025095e-35 1 2 4.5000000000000009 3 4 1.0000000180025095e-35 1.0000000180025095e-35 5 18.500000000000004 1.0000000180025095e-35 4.5000000000000009 1.0000000180025095e-35 175.00000000000003 1.0000000180025095e-35 75.000000000000014 6.5000000000000009 60.000000000000007 14.500000000000002 2.5000000000000004 7.5000000000000009 1.0000000180025095e-35 19.500000000000004 1.0000000180025095e-35 1.0000000180025095e-35 105.00000000000001 6
decision_type=9 2 2 2 9 9 2 9 9 2 2 9 2 2 2 2 2 2 2 2 2 2 2 2 2 2 2 2 2 1
left_child=2 4 3 17 -2 11 9 -7 -3 10 -4 -6 23 -5 -12 16 -16 18 -1 -20 -19 22 -22 24 -13 26 27 -21 29 -9
right_child=1 8 6 13 5 7 -8 28 -10 -11 14 12 -14 -15 15 -17 -18 20 19 25 21 -23 -24 -25 -26 -27 -28 -29 -30 -31
leaf_value=0.004078643600362193 0.0025330688371061477 0.022584362813463928 0.022795828564815854 -0.02055100961974371 -0.03316293563894334 -0.046278433011007897 -0.0053901801141972468 -0.024172861062736847 -0.041744910769518417 0.02720617672119709 0.023589777288879829 -0.0050726046972356048 -0.017209679250548036 0.005805361784812892 -0.044246845850878846 0.019055445099650403 -0.0042951062974943945 -0.012689687293678746 0.010495579998184831 -0.03540431955111209 -0.029516325747221239 -0.0031540587359874814 0.02174581607128483 0.0079317277978833995 0.0066780974834285776 -0.05086597895911369 0.00048970961718782511 0.016476515778770198 0.029656994532530508 -0.010426703546388692
leaf_weight=100833.14588083833 18479.194995888625 207.6342031165259 3170.8300591559382 3626.9765208289464 807.94170927986852 732.93736402482318 2123.9109066218371 2990.033821652818 1973.2626257616212 4876.3015049513051 895.28445260817534 32867.924761088318 3529.0105633157073 1409.6125791969243 658.5529886491131 677.9095595657127 1156.9600976069923 1200.0063944379799 1777.0310074749868 1797.1462056805613 248.58076349087059 1535.7917524892837 6225.7519738242263 4455.8241252483567 5307.9676518970809 495.51644622674212 1201.3633741760277 349.30061565863434 283.13898738074931 25793.610184340097
leaf_count=253380 72416 3675 16269 65874 55667 58135 39406 108523 219385 34608 8591 309383 83385 30513 3881 2514 3028 6486 7188 34272 1135 5733 10188 17952 38878 20796 18328 4077 3145 435255
internal_value=0 -0.00597755 0.00433786 0.0032228 -0.00529734 -0.00718169 0.0142658 -0.0123307 -0.0357022 0.0179169 0.011009 -0.0039127 -0.00339321 -0.0131737 -2.02638e-05 -0.00850268 -0.018798 0.00393688 0.00326341 -0.0113606 0.01172 0.015378 0.0197747 -0.00224998 -0.00343859 -0.0214676 -0.0171078 -0.0269573 -0.0114581 -0.0118672
internal_weight=231688 97428.5 134260 120700 95247.6 76768.4 13559.7 29799.7 2180.9 11435.8 6559.54 46968.7 46160.7 5036.59 3388.71 2493.42 1815.51 115664 106454 5620.36 9210.13 8010.12 6474.33 42631.7 38175.9 3843.33 3347.81 2146.45 29066.8 28783.6
internal_count=1972066 1405799 566267 457970 1182739 1110323 108297 605058 223060 68891 34283 505265 449598 96387 18014 9423 6909 361583 338041 84661 23542 17056 11323 366213 348261 77473 56677 38349 546923 543778
cat_boundaries=0 39 73 112 136 172 183 184
cat_threshold=32 0 4 0 20480 0 0 0 0 131072 0 0 0 0 0 0 0 0 0 0 0 0 0 224 0 0 0 0 0 0 0 0 0 41943040 4194304 0 0 1 2147483648 0 0 0 0 0 8388608 0 0 0 0 0 0 0 256 0 0 0 0 0 0 0 0 0 0 0 0 0 0 0 0 0 0 0 65536 524288 0 0 0 0 0 0 0 0 0 0 0 0 0 0 0 0 0 0 0 0 0 0 0 0 0 0 0 0 0 0 0 0 1073741824 512 512 1 8192 32768 0 0 0 0 0 0 0 0 0 0 0 0 0 0 0 0 0 0 0 0 0 0 0 192 0 0 0 0 0 0 0 0 0 0 0 0 0 0 0 0 0 0 0 0 0 0 0 0 0 0 0 0 0 0 0 0 0 0 0 512 0 0 0 0 16384 0 0 0 0 131072 8388608 516
is_linear=0
shrinkage=0.05


Tree=44
num_leaves=31
num_cat=5
split_feature=160 223 166 160 202 159 176 173 163 180 176 169 176 161 211 162 222 170 165 173 166 173 170 224 160 176 173 166 173 176
split_gain=2290.32 926.778 568.352 530.619 503.328 461.499 444.799 448.418 384.613 280.348 267.937 255.732 297.808 254.094 240.145 232.794 243.176 230.68 453.998 449.584 311.745 266.504 214.572 204.079 201.858 241.579 196.687 183.932 183.408 211.421
threshold=0 1.0000000180025095e-35 125.00000000000001 1 1.0000000180025095e-35 2 1.0000000180025095e-35 17.500000000000004 4.5000000000000009 1.0000000180025095e-35 1.0000000180025095e-35 1.0000000180025095e-35 1.0000000180025095e-35 3 7.5000000000000009 4.5000000000000009 1.0000000180025095e-35 1.0000000180025095e-35 75.000000000000014 6.5000000000000009 60.000000000000007 14.500000000000002 1.0000000180025095e-35 1.0000000180025095e-35 4 1.0000000180025095e-35 2.5000000000000004 175.00000000000003 18.500000000000004 1.0000000180025095e-35
decision_type=9 2 2 9 2 1 2 2 2 2 2 2 2 9 2 2 2 2 2 2 2 2 2 2 9 2 2 2 2 2
left_child=2 3 4 -2 17 6 -5 23 11 13 -6 12 -4 -7 22 -14 27 18 -1 -20 -19 26 24 -8 -15 -26 -22 -17 29 -21
right_child=1 -3 8 5 10 9 7 -9 -10 -11 -12 -13 15 14 -16 16 -18 20 19 28 21 -23 -24 -25 25 -27 -28 -29 -30 -31
leaf_value=0.003952110955215059 -0.022094513220077411 -0.037228856270330089 0.022329060012873159 -0.0078761657638373936 -0.019697456898217714 0.032322404836240153 -0.02662379012629601 -0.0029558135174953658 -0.0054878011634384568 0.0033350218499757864 0.0060736737735846104 0.026551441754254713 0.022724516722929494 -0.010532295366915329 0.006137616075218697 -0.039216738458684189 0.018602923430124121 -0.012425077122634673 0.0099695503371968145 -0.025357929607019311 -0.02574969497112491 -0.0036035488031442922 0.0033264591133710174 -0.058666030477158571 -0.0014807154209279826 -0.011492769761052435 0.021252305559674126 -0.0052352926783867781 -0.046443354663403998 0.0015352624107951129
leaf_weight=100304.97644221963 4363.5124881793308 2296.2210395935981 3134.7016273754998 9813.1544456293923 3565.6854100408236 460.43866951978998 940.79302064387593 1027.8886682320372 2118.6646784284094 14997.600905319559 1405.6478722922329 4747.3156321003189 891.37538300210144 19451.818213064835 4841.3551324555883 603.2356620230712 667.03848330746405 1186.4784740387695 1779.5942428843118 2059.7119062760612 230.4252555379644 1541.8897161043715 6196.2037306295242 1058.2036107539607 23450.385339072716 8108.4031070980855 6155.6898038086947 1171.5815325912554 577.47985596882063 1131.9399593942799
leaf_count=250012 200551 227222 16269 146291 65874 2055 44818 31398 39406 52185 30513 34608 8591 338110 20347 3881 2514 6486 7188 37183 1135 5733 55741 37951 138906 113592 10188 3028 23496 16794
internal_value=0 -0.00584437 0.00425407 -0.00508383 0.00316562 -0.00425916 -0.013036 -0.0298014 0.0140472 -0.00280352 -0.0124098 0.017738 0.0112669 -0.00427687 -0.00455328 0.000860259 -0.00712204 0.0038392 0.0031819 -0.0107395 0.0114718 0.0150494 -0.00545896 -0.0435988 -0.00652624 -0.00405213 0.0195537 -0.0167957 -0.0205186 -0.0158198
internal_weight=230279 97006 133273 94709.8 119940 90346.2 12840 3026.89 13333.9 77506.2 4971.33 11215.2 6467.93 62508.6 62048.2 3333.23 2441.86 114968 105854 5548.73 9114.48 7928 57206.8 1999 51010.6 31558.8 6386.12 1774.82 3769.13 3191.65
internal_count=1972066 1409167 562899 1181945 454602 981394 260458 114167 108297 720936 96387 68891 34283 668751 666696 18014 9423 358215 334673 84661 23542 17056 646349 82769 590608 252498 11323 6909 77473 53977
cat_boundaries=0 39 79 80 94 133
cat_threshold=32 0 4 0 20480 0 0 0 0 131072 0 0 0 0 0 0 0 0 0 0 0 0 0 224 0 0 0 0 0 0 0 0 0 41943040 4194304 512 0 0 2147483648 8192 0 0 0 0 0 0 0 0 0 8388608 0 0 0 0 0 0 0 0 0 0 0 0 0 0 0 0 0 0 0 0 0 0 0 0 0 16 0 0 262144 20480 0 0 0 0 0 8388608 0 0 0 0 0 0 0 256 524288 0 0 0 0 0 0 0 0 0 0 0 0 0 0 0 0 0 0 0 0 0 0 0 0 0 0 0 0 0 0 0 0 0 0 0 1073741824 8192 512
is_linear=0
shrinkage=0.05


Tree=45
num_leaves=31
num_cat=7
split_feature=160 223 166 160 160 221 196 163 160 189 180 195 170 165 173 166 173 169 176 173 195 223 211 170 160 176 160 169 176 173
split_gain=2211.36 656.414 532.816 481.45 472.12 501.655 441.558 364.639 314.047 251.456 244.45 242.706 228.519 431.955 418.42 244.15 261.67 228.137 250.752 222.376 220.686 207.949 205.048 196.378 214.923 266.29 318.241 217.986 246.374 210.782
threshold=0 1.0000000180025095e-35 125.00000000000001 1 2 1.0000000180025095e-35 3 4.5000000000000009 4 1.0000000180025095e-35 1.0000000180025095e-35 1.0000000180025095e-35 1.0000000180025095e-35 75.000000000000014 6.5000000000000009 60.000000000000007 14.500000000000002 1.0000000180025095e-35 1.0000000180025095e-35 7.5000000000000009 1.0000000180025095e-35 1.0000000180025095e-35 7.5000000000000009 1.0000000180025095e-35 5 1.0000000180025095e-35 6 1.0000000180025095e-35 1.0000000180025095e-35 10.500000000000002
decision_type=9 2 2 9 9 2 1 2 9 2 2 2 2 2 2 2 2 2 2 2 2 2 2 2 9 2 9 2 2 2
left_child=2 3 4 11 5 9 19 17 -3 -1 22 -2 13 21 -15 -14 -17 18 -4 -5 -20 -6 23 24 27 -26 29 28 -8 -27
right_child=1 8 7 6 12 -7 10 -9 -10 -11 -12 -13 15 14 -16 16 -18 -19 20 -21 -22 -23 -24 -25 25 26 -28 -29 -30 -31
leaf_value=-0.021668766525415974 -0.016614181421258808 -0.0013916811304310608 0.021409253101859538 -0.019751271952514735 0.0042318891426193529 0.023919443397350804 -0.029327615981860101 -0.0052985952069769552 -0.044677284404642553 -0.0017331213298799463 0.0030500198127013877 -0.050215137562246361 -0.0099629122128181737 0.0095578473039578012 -0.019883346141125538 0.01924458196556815 -0.0037523380626734953 0.025840096951054055 -0.0054518339221009612 -0.0076235598601445999 0.025515174307125452 -0.025992248079102304 0.0056761462969253315 0.003353529334738755 -0.0018201735162773844 -0.010510166487012671 -0.0020869594333917398 -0.0036924254161506014 -0.0092553815283973242 -0.031581260092615519
leaf_weight=4047.8768936708657 3651.2561714830226 583.46365688857622 3116.9516339812471 5603.9392089543398 96943.831469155979 1010.8839164897799 2836.4035400918656 2109.7890180418763 1561.7098104153556 2597.200178279134 14899.621738724527 630.21187742453185 1145.5852720828261 1785.2029360181186 3721.6541611571156 6314.2493807201972 1537.6646972438321 4629.8926904537875 2528.3172276010155 11621.063409008406 744.24455548392143 571.92551053714124 4872.3908786357497 6147.3016828050022 26918.798024440752 2457.8838562684832 4498.6873388873064 4163.9082106943533 3319.0699383843457 2297.7447930998023
leaf_count=76881 147105 11512 16269 90906 225293 2575 88340 39406 212214 29961 52185 53446 6486 7188 77473 11323 5733 34608 16780 230180 1234 12899 20347 55741 172586 24656 46708 44118 84281 73632
internal_value=0 -0.00577841 0.00417989 -0.0051542 0.00313114 -0.0088742 -0.00436961 0.0137418 -0.0331242 -0.0138785 -0.00265693 -0.0215163 0.00395215 0.00328502 -0.0103382 0.0115942 0.0147404 0.0173879 0.011261 -0.0115632 0.00159196 0.00405444 -0.00413599 -0.00504435 -0.00615486 -0.00433464 -0.0116523 -0.0125181 -0.018507 -0.0206508
internal_weight=228869 96063.5 132805 93918.3 119676 7655.96 89636.8 13129.2 2145.17 6645.08 72411.8 4281.47 112020 103023 5506.86 8997.5 7851.91 11019.4 6389.51 17225 3272.56 97515.8 57512.2 52639.8 46492.5 36173.1 9254.32 10319.4 6155.47 4755.63
internal_count=1972066 1407957 564109 1184231 455812 109417 983680 108297 223726 106842 662594 200551 346395 322853 84661 23542 17056 68891 34283 321086 18014 238192 610409 590062 534321 317582 144996 216739 172621 98288
cat_boundaries=0 39 79 84 85 123 161 200
cat_threshold=32 0 4 0 20480 0 0 0 0 131072 0 0 0 0 0 0 0 0 0 0 0 0 0 224 0 0 0 0 0 0 0 0 0 41943040 4194816 0 0 0 2147483648 8192 0 0 0 0 0 0 0 0 0 8388608 0 0 0 0 0 0 0 0 0 0 0 0 0 0 0 0 0 0 0 0 0 0 0 0 0 16 0 0 262144 32 0 0 0 4096 536 0 0 0 0 0 0 0 0 0 0 0 0 0 0 0 0 0 0 0 0 0 0 0 0 0 0 0 0 0 0 0 0 0 0 0 512 0 1 524288 0 0 0 0 0 0 0 0 0 0 0 0 0 0 0 0 0 0 0 0 0 0 0 0 0 0 0 0 0 0 0 0 0 0 0 0 8192 0 0 0 0 0 0 0 0 0 0 0 0 0 0 0 0 0 0 0 0 0 0 0 0 0 0 0 0 0 0 0 0 0 0 0 0 1 0 33280
is_linear=0
shrinkage=0.05


Tree=46
num_leaves=31
num_cat=3
split_feature=196 223 169 216 190 165 196 195 173 176 182 176 170 185 173 165 166 176 222 173 166 182 176 173 173 192 161 173 166 173
split_gain=1969.08 705.985 649.582 454.105 1026.93 628.713 512.16 359.138 318.18 268.025 261.844 312.958 232.179 278.374 324.414 227.565 220.106 376.562 384.249 203.285 210.675 202.381 342.394 288.072 266.015 191.329 189.242 175.316 193.088 174.339
threshold=0 1.0000000180025095e-35 1.0000000180025095e-35 1.0000000180025095e-35 1.0000000180025095e-35 205.00000000000003 1 1.0000000180025095e-35 15.500000000000002 1.0000000180025095e-35 1.0000000180025095e-35 1.0000000180025095e-35 1.0000000180025095e-35 1.0000000180025095e-35 6.5000000000000009 55.000000000000007 175.00000000000003 1.0000000180025095e-35 1.0000000180025095e-35 14.500000000000002 60.000000000000007 1.0000000180025095e-35 1.0000000180025095e-35 18.500000000000004 19.500000000000004 1.0000000180025095e-35 2 2.5000000000000004 75.000000000000014 18.500000000000004
decision_type=1 2 2 2 2 2 1 2 2 2 2 2 2 2 2 2 2 2 2 2 2 2 2 2 2 2 9 2 2 2
left_child=1 3 12 4 6 25 8 -8 10 -6 -1 -12 13 16 -15 -16 21 18 -18 20 -14 24 -23 -24 26 -5 -2 -22 -29 -17
right_child=2 -3 -4 5 9 -7 7 -9 -10 -11 11 -13 19 14 15 29 17 -19 -20 -21 27 22 23 -25 -26 -27 -28 28 -30 -31
leaf_value=-0.0024223206248411306 -0.056591867108493371 -0.031172296380410511 0.027761988416235724 -0.044898422614469094 -0.0011136148068693647 0.013610257471952658 -0.0099616992698827646 -0.040054102393018431 -0.013868493693534937 0.017752113422941657 0.018818242523215473 -0.016369905856645158 -0.0064875429603746459 0.0093082924810711214 0.05054452191706265 -0.01373930083799467 0.047200685231804096 -0.002742674166781606 -0.028447237268931003 -0.0044943866043864224 -0.025272735046728625 0.0025202869687852326 0.018917288946682945 -0.0084090201063749728 0.008489279353491655 0.036180903758079044 0.00093951579162550542 0.031682209621143466 0.013101918880695946 -0.044062019259804394
leaf_weight=35574.81522687641 132.69727848039474 2635.1344236773439 2774.3154180707643 1735.8360243144853 2729.8494722467585 723.75938970950665 31612.532201548165 1023.2907645295782 5559.4490007726999 6061.8214169880666 2994.1370993615128 800.29854444984812 1022.1222249326529 1866.8398527228273 124.16656913165934 3310.0178407317435 1139.8364454758121 1172.8844582688762 196.41045436589047 1717.6717852620641 225.83005689829588 14376.848577850498 7211.1159854854923 1112.777802251745 13242.037269680703 75.51751232042443 79546.681369992351 2138.691949849017 4045.8934498711606 553.24678796576336
leaf_count=272164 972 236625 26450 118814 28712 8220 595927 81747 118345 23472 7162 3817 5878 7430 777 55318 3488 4053 1755 6701 1152 30042 11605 2621 41279 1108 241886 3859 7029 23658
internal_value=0 -0.00566887 0.00381775 -0.00491324 -0.00430078 -0.0257693 -0.00613652 -0.0109027 -0.00267123 0.0118939 -0.00109043 0.0113941 0.00331894 0.00275163 -0.00789022 -0.0159437 0.00327908 0.0179289 0.0360712 0.011005 0.0145877 0.00296104 0.00719334 0.0152633 0.00192701 -0.0415063 0.000836302 0.0179491 0.01953 -0.0180882
internal_weight=227437 91526.4 135910 88891.3 86356.2 2535.11 77564.5 32635.8 44928.7 8791.67 39369.3 3794.44 133136 123986 5854.27 3987.43 118131 2509.13 1336.25 9150.21 7432.54 115622 22700.7 8323.89 92921.4 1811.35 79679.4 6410.42 6184.59 3863.26
internal_count=1972066 1496113 475953 1259488 1131346 128142 1079162 677674 401488 52184 283143 10979 449503 424884 87183 79753 337701 9296 5243 24619 17918 328405 44268 14226 284137 119922 242858 12040 10888 78976
cat_boundaries=0 1 2 16
cat_threshold=3640 3072 0 0 0 0 0 0 0 0 0 0 0 0 0 128
is_linear=0
shrinkage=0.05


Tree=47
num_leaves=31
num_cat=9
split_feature=160 223 169 160 195 196 164 160 195 169 173 224 173 173 180 211 161 223 164 181 170 189 173 164 160 173 165 167 222 165
split_gain=2001.08 651.791 564.729 464.605 636.397 446.864 418.011 290.046 223.422 205.788 243.884 250.868 356.985 242.871 202.502 232.947 252.869 196.265 187.7 181.346 177.142 304.363 293.144 235.813 226.265 237.399 213.383 190.208 175.944 194.25
threshold=0 1.0000000180025095e-35 1.0000000180025095e-35 1 1.0000000180025095e-35 2 3 4 1.0000000180025095e-35 1.0000000180025095e-35 9.5000000000000018 1.0000000180025095e-35 20.500000000000004 10.500000000000002 1.0000000180025095e-35 7.5000000000000009 5 1.0000000180025095e-35 6 35.000000000000007 1.0000000180025095e-35 1.0000000180025095e-35 6.5000000000000009 7 8 14.500000000000002 75.000000000000014 1.0000000180025095e-35 1.0000000180025095e-35 55.000000000000007
decision_type=9 2 2 9 2 1 9 9 2 2 2 2 2 2 2 2 9 2 9 2 2 2 2 9 9 2 2 2 2 2
left_child=2 3 17 8 5 14 -6 -3 -2 10 -7 18 13 -13 15 16 -5 20 -12 -16 21 23 -23 28 25 -22 -24 -25 29 -1
right_child=1 7 -4 4 6 9 -8 -9 -10 -11 11 12 -14 -15 19 -17 -18 -19 -20 -21 24 22 26 27 -26 -27 -28 -29 -30 -31
leaf_value=0.0076824813290540406 -0.016316695006835941 0.020361785619652958 0.026964272234881223 0.032019315840073538 0.013414232246800082 -0.016656794950052553 -0.037013310940825307 -0.043768587012851135 -0.049612848530461995 -0.0027192951259577326 -0.019523332186247522 0.002277218658394592 0.015488228468662425 -0.043930950573645489 0.014570755381885804 0.0062208359031054577 -0.005954191168370775 -0.019316813005765134 -0.00084014552240026198 9.5628515196253619e-05 0.018177644321577324 0.0086281827873650151 0.023089132183112898 0.0026005412247453808 -0.0094136277608222619 -0.0034427007103315522 -0.01896632419737368 0.023843885399984062 -0.034388826039126033 0.023677848935550184
leaf_weight=17975.860388029367 3598.5095064006455 198.10591564653441 2687.5425028579048 433.68143531988608 6761.8751024613739 12968.738195651364 427.93579109548591 1460.0793066478655 585.85827746603172 8144.4503400872636 1575.6962022716471 365.63766972505255 477.03967347493744 1274.9384618437252 2636.2085847352864 4796.7249549762928 36171.012785378189 911.30679317968315 8844.3434802426345 12066.297581465798 6262.8825513111078 1859.3148674585391 328.57579512370285 83350.072791426763 1209.0870243201498 1591.8608534418745 3611.16709422649 1066.778459164314 231.8155415225774 2122.3102687222417
leaf_count=32182 147105 3675 26450 2055 28865 252454 36884 212214 53446 82671 87341 7076 9735 35865 8319 20347 334597 20736 177923 43866 11659 7430 2280 225353 7089 5871 77473 1984 2780 6341
internal_value=0 -0.00515086 0.00429719 -0.00464136 -0.00393536 -0.00508239 0.0103769 -0.0362411 -0.0209351 -0.00963696 -0.0118493 -0.00687568 -0.0225631 -0.0336319 -0.0023483 -0.00413885 -0.0054966 0.00379193 -0.0036862 0.00269181 0.00396812 0.00341705 -0.00773251 0.0040344 0.0106881 0.0137779 -0.0154551 0.00286885 0.00886791 0.00937234
internal_weight=225996 102787 123209 101129 96944.6 89754.8 7189.81 1658.19 4184.37 33650.8 25506.4 12537.7 2117.62 1640.58 56103.9 41401.4 36604.7 120521 10420 14702.5 119610 110546 5799.06 104747 9063.83 7854.74 3939.74 84416.9 20330 20098.2
internal_count=1972066 1544438 427628 1328549 1127998 1062249 65749 215889 200551 653065 570394 317940 52676 42941 409184 356999 336652 401178 265264 52185 380442 355823 87183 268640 24619 17530 79753 227337 41303 38523
cat_boundaries=0 39 79 80 104 140 154 178 202 226
cat_threshold=0 0 4 0 20480 0 0 0 0 131072 0 0 0 0 0 0 0 0 0 0 0 0 0 224 0 0 0 0 0 0 0 0 0 41943040 4194816 0 0 1 2147483648 8192 0 0 0 0 0 0 0 0 0 8388608 0 0 0 0 0 0 0 0 0 0 0 0 0 0 0 0 0 0 0 0 0 0 0 0 0 16 0 0 262144 3075 0 0 0 0 4096 0 0 0 0 0 0 0 0 0 0 0 0 0 0 0 0 0 0 128 0 0 0 0 0 0 0 0 0 0 0 0 0 0 0 0 0 0 0 0 0 0 0 0 0 0 0 0 0 0 0 0 0 0 0 512 0 0 0 0 0 8388608 0 0 0 0 0 0 0 256 0 0 0 0 16384 0 0 0 0 131072 0 0 0 0 0 0 0 0 0 0 0 0 0 160 0 0 0 0 4096 0 0 0 0 0 0 0 0 0 0 0 0 0 0 0 0 0 0 32 0 0 4 0 0 0 0 0 0 0 0 0 0 0 0 0 0 0 0 0 0 0 0 128
is_linear=0
shrinkage=0.05


Tree=48
num_leaves=31
num_cat=5
split_feature=160 180 165 187 211 160 163 176 170 161 195 170 165 173 176 173 169 176 195 184 173 176 167 173 160 213 160 188 173 165
split_gain=1903.43 436.424 389.381 353.187 346.136 384.85 299.391 261.39 256.215 258.811 219.788 219.586 387.78 314.975 202.208 199.17 197.05 189.085 189.218 184.291 175.799 189.251 277.67 168.296 487.452 232.811 230.356 190.414 185.937 244.361
threshold=0 1.0000000180025095e-35 85.000000000000014 1.0000000180025095e-35 7.5000000000000009 1 4.5000000000000009 1.0000000180025095e-35 1.0000000180025095e-35 2 1.0000000180025095e-35 1.0000000180025095e-35 75.000000000000014 6.5000000000000009 1.0000000180025095e-35 14.500000000000002 1.0000000180025095e-35 1.0000000180025095e-35 1.0000000180025095e-35 1.0000000180025095e-35 19.500000000000004 1.0000000180025095e-35 1.0000000180025095e-35 6.5000000000000009 3 2.5000000000000004 4 1.0000000180025095e-35 16.500000000000004 45.000000000000007
decision_type=9 2 2 2 2 9 2 2 2 9 2 2 2 2 2 2 2 2 2 2 2 2 2 2 9 2 9 2 2 2
left_child=2 4 3 11 5 10 16 -5 9 -7 -2 12 -1 -14 -6 19 17 -4 -19 -13 21 22 -15 24 -11 27 28 -26 -25 -30
right_child=1 -3 6 7 14 8 -8 -9 -10 23 -12 15 13 20 -16 -17 -18 18 -20 -21 -22 -23 -24 26 25 -27 -28 -29 29 -31
leaf_value=0.0036740966257441856 -0.016335640790870406 0.0025177938775922024 0.019417789704437798 -0.017167774789216043 -0.010374825411680635 0.031105789887442364 -0.0052649381789932857 0.0078464595514189852 0.0032290767674922859 0.0051674737612534688 -0.049054162563912596 0.018015701695217164 0.0071442897568809232 -0.032436113495646561 0.012479214932797574 -0.0044604771534735741 0.023998142553685046 -0.0051001719748221003 0.024670071502190367 -0.0051378839381663053 -0.048504097819039999 0.0014342856201855201 0.017443724015383723 -0.0125085294300477 -0.011709573728171675 -0.04773605786990872 -0.0072368564336518287 0.0091778413487881398 -0.048899149514001844 -0.015028315071900392
leaf_weight=99116.840627132522 6368.5019638765807 14597.395347213373 2772.0576205568577 3589.6235888877418 1341.4142734622583 420.43824619724182 2001.4421067393414 1472.1525404323183 6064.5648435725161 8342.6619998760907 558.18235084757907 6169.1178598707775 1761.2143598881084 1642.4896891517565 3470.6421226696111 1652.7060094118351 4315.2919166077118 2423.3624188240792 683.9527150997892 997.92079235392157 433.94853371247882 1164.163604876012 335.60983510874212 9744.3343351416988 9721.1112752696317 409.74548030935694 29456.89601039248 1228.4099251947482 885.90956186456242 1337.0044425982342
leaf_count=251643 198241 52185 14858 66984 10652 2055 39414 31529 55741 40611 53446 11414 7192 34276 9695 6411 34515 15609 1155 5878 20805 18346 4080 223275 112435 5547 491501 8832 89790 53951
internal_value=0 -0.00542675 0.00390589 0.0030294 -0.006889 -0.0077281 0.0124126 -0.00989166 -0.00657455 -0.00754173 -0.018949 0.00360688 0.00296709 -0.0101603 0.00610694 0.0111829 0.0158836 0.00992544 0.00145388 0.014791 -0.0186837 -0.0145569 -0.0239686 -0.00781171 -0.00400818 -0.0107426 -0.00962241 -0.00936548 -0.0154744 -0.0285372
internal_weight=224479 93947.2 130532 118336 79349.8 74537.8 12196.1 5061.78 67611.1 61546.5 6926.68 113274 104454 5337.43 4812.06 8819.74 10194.7 5879.37 3107.32 7167.04 3576.21 3142.26 1978.1 61126.1 19701.9 11359.3 41424.1 10949.5 11967.2 2222.91
internal_count=1972066 1407957 564109 458558 1355772 1335425 105551 98513 1083738 1027997 251687 360045 336342 84699 20347 23703 66137 31622 16764 17292 77507 56702 38356 1025942 167425 126814 858517 121267 367016 143741
cat_boundaries=0 39 79 93 132 171
cat_threshold=32 0 4 0 20480 0 0 0 0 131072 0 0 0 0 0 0 0 0 0 0 0 0 0 224 0 0 0 0 0 0 0 0 0 41943040 4194816 0 0 0 2147483648 8192 0 0 0 0 0 0 0 0 0 8388608 0 0 0 0 0 0 0 0 0 0 0 0 0 0 0 0 0 0 0 0 0 0 0 0 0 16 8192 0 262144 0 0 0 0 0 8388608 0 0 0 0 0 0 0 256 0 0 0 0 0 0 0 0 0 0 0 0 0 0 0 0 0 0 0 0 0 0 0 0 0 0 0 0 0 0 0 0 0 1073741824 0 0 0 1 33280 524288 0 0 0 0 0 0 0 0 0 0 0 0 0 0 0 0 0 0 0 0 0 0 0 0 0 0 0 0 0 0 0 0 0 0 0 0 0 33280
is_linear=0
shrinkage=0.05


Tree=49
num_leaves=31
num_cat=7
split_feature=160 223 196 164 167 166 187 163 160 176 160 170 165 173 167 173 169 176 195 222 192 173 166 173 180 211 160 176 160 176
split_gain=1812.93 533.61 402.034 385.457 945.371 367.567 362.313 310.976 308.104 229.679 218.554 202.349 385.599 300.446 191.068 178.879 174.683 182.303 180.283 175.375 181.131 172.611 166.591 174.671 166.572 184.326 209.277 225.898 294.387 202.913
threshold=0 1.0000000180025095e-35 1 2 1.0000000180025095e-35 125.00000000000001 1.0000000180025095e-35 4.5000000000000009 3 1.0000000180025095e-35 4 1.0000000180025095e-35 75.000000000000014 6.5000000000000009 1.5000000000000002 14.500000000000002 1.0000000180025095e-35 1.0000000180025095e-35 1.0000000180025095e-35 1.0000000180025095e-35 1.0000000180025095e-35 8.5000000000000018 60.000000000000007 2.5000000000000004 1.0000000180025095e-35 7.5000000000000009 5 1.0000000180025095e-35 6 1.0000000180025095e-35
decision_type=9 2 1 9 2 2 2 2 9 2 9 2 2 2 2 2 2 2 2 2 2 2 2 2 2 2 9 2 9 2
left_child=5 2 24 4 10 6 11 16 -3 -8 -4 12 -1 -14 -5 22 17 -7 19 20 -19 -9 -13 -24 25 26 29 -28 -29 -2
right_child=1 8 3 14 -6 7 9 21 -10 -11 -12 15 13 -15 -16 -17 -18 18 -20 -21 -22 -23 23 -25 -26 -27 27 28 -30 -31
leaf_value=0.0036869685207273177 -0.029151964776749646 -0.0078443707210682136 0.0070105883329250485 -0.012672910587269293 -0.052139157047830315 0.019130040210854616 -0.017492550491733535 -0.025301541360713966 -0.045657743402542611 0.0066097490267924596 -0.032923176465819444 -0.0047046370048786567 0.0067326631273940622 -0.018556608689618663 0.037289938275091243 -0.004122891165825422 0.023401453766493885 -0.0023628785087793282 0.023956975887751478 0.017475467408619483 -0.037112553944806871 0.0049561076622536135 -0.02601127967734462 0.019049124402591051 0.0024595256276923006 0.0055448133391609537 -0.0013355705093872018 -0.019421520411877863 -0.0020069745837575244 -0.0052140927300982198
leaf_weight=96657.65357431522 1662.1644551620993 966.89410223245795 7546.7831323064747 24265.620951380944 790.0080494073336 2960.4025339663422 3388.0674586825771 724.78620918033994 1253.6588373659324 1394.8111018831842 348.74261075352842 989.54984507604968 1756.7854237908032 3539.7978950864344 192.35402560059447 1612.5885081609013 4231.4965617867783 1275.6975540233252 717.09582203859463 662.73279511462897 530.88153174309991 1345.3436003208335 222.70748051814735 5886.7544372539269 14540.218812923529 4828.5013457159512 27263.678143802012 4576.7661882622924 5175.5474321592774 1895.2919861763658
leaf_count=229662 39692 34868 50808 570797 67785 16269 65874 14207 196029 30513 29291 5878 7188 77473 2004 6341 34608 10385 1234 2514 3881 25199 1135 10188 52185 20347 179514 98288 54169 33740
internal_value=0 -0.00521979 -0.00464234 -0.00906055 -7.22516e-06 0.00388978 0.00300982 0.012053 -0.0294413 -0.0104627 0.0052113 0.00359218 0.00296711 -0.0101678 -0.012274 0.0109064 0.0155825 0.0101975 0.00189535 -0.00451294 -0.0125846 -0.00563873 0.0143212 0.0174037 -0.00219738 -0.00368938 -0.00478849 -0.00367097 -0.0102027 -0.0163566
internal_weight=223203 95306.2 93085.7 33143.5 8685.53 127897 115449 12448.4 2220.55 4782.88 7895.53 110666 101954 5296.58 24458 8711.6 10378.3 6146.81 3186.41 2469.31 1806.58 2070.13 7099.01 6109.46 59942.2 45401.9 40573.4 37016 9752.31 3557.46
internal_count=1972066 1429517 1198620 720685 147884 542549 434252 108297 230897 96387 80099 337865 314323 84661 572801 23542 68891 34283 18014 16780 14266 39406 17201 11323 477935 425750 405403 331971 152457 73432
cat_boundaries=0 39 40 64 104 141 181 220
cat_threshold=32 0 4 0 20480 0 0 0 0 131072 0 0 0 0 0 0 0 0 0 0 0 0 0 224 0 0 0 0 0 0 0 0 0 41943040 4194304 0 0 0 2147483648 3075 0 0 0 0 0 0 0 0 0 0 0 0 0 0 0 0 0 0 0 0 0 0 0 160 0 0 0 0 0 0 0 0 0 0 0 0 0 0 0 0 0 0 0 0 0 0 0 0 0 0 0 0 0 0 0 0 0 0 512 512 0 1 0 262144 524288 0 0 0 0 0 0 0 0 0 0 0 0 0 0 0 0 0 0 0 0 0 0 0 0 0 0 0 0 0 0 0 0 0 0 0 16 0 0 0 0 0 0 0 0 0 0 0 0 0 0 0 0 0 0 0 0 0 0 0 0 0 0 0 0 0 0 0 0 0 0 0 0 0 8192 0 262144 0 0 0 0 0 0 0 0 0 0 0 0 0 0 0 0 0 0 0 0 0 0 0 0 0 0 0 0 0 0 0 0 0 0 0 0 1 0 33280
is_linear=0
shrinkage=0.05


end of trees

feature_importances:
candidate_card_id=252
post_action_hand_count=206
candidate_target_id=136
post_action_ko_estimate=121
candidate_target_appear_this_turn=75
candidate_attack_id=59
trainer_low_deck_risk=58
action_type=55
candidate_fills_energy=47
candidate_target_energy=43
candidate_target_is_active=43
candidate_target_max_hp=35
xerosic_opp_hand_value=34
candidate_inplay_area=31
ability_low_deck_risk=28
energy_target_existing_energy_value=27
candidate_target_hp=23
retreat_active_damage_value=22
attack_lethal_estimate=21
option_type=19
target_is_alakazam=18
candidate_fills_stage2=17
candidate_area=14
is_retreat=14
post_action_powerful_hand_damage=10
candidate_fills_missing_abra=10
candidate_is_route_card=9
attack_overkill_estimate=7
boss_opp_bench_low_hp_value=7
candidate_is_alakazam=6
is_xerosic=5
hammer_opp_active_energy_value=5
candidate_target_is_bench=4
powerful_hand_attack_option=4
target_is_kadabra=4
breaks_current_ko_estimate=3
candidate_is_psychic_energy=3
target_is_dudunsparce=3
bench_early_game_value=3
end_has_attack_ready_penalty=3
target_is_abra=2
is_attack=2
hammer_opp_active_special_energy_value=2
candidate_target_special_energy=1
candidate_hand_cost=1
candidate_is_kadabra=1
candidate_is_rare_candy=1
is_energy=1
is_boss=1
is_trainer=1
boss_opp_bench_value=1
energy_target_is_alakazam_value=1
energy_target_is_fezandipiti_value=1

parameters:
[boosting: gbdt]
[objective: lambdarank]
[metric: ndcg]
[tree_learner: serial]
[device_type: cpu]
[data_sample_strategy: bagging]
[data: ]
[valid: ]
[num_iterations: 50]
[learning_rate: 0.05]
[num_leaves: 31]
[num_threads: 4]
[seed: 741]
[deterministic: 0]
[force_col_wise: 0]
[force_row_wise: 0]
[histogram_pool_size: -1]
[max_depth: -1]
[min_data_in_leaf: 40]
[min_sum_hessian_in_leaf: 0.001]
[bagging_fraction: 0.85]
[pos_bagging_fraction: 1]
[neg_bagging_fraction: 1]
[bagging_freq: 0]
[bagging_seed: 9664]
[bagging_by_query: 0]
[feature_fraction: 0.85]
[feature_fraction_bynode: 1]
[feature_fraction_seed: 7560]
[extra_trees: 0]
[extra_seed: 5152]
[early_stopping_round: 0]
[early_stopping_min_delta: 0]
[first_metric_only: 0]
[max_delta_step: 0]
[lambda_l1: 0.1]
[lambda_l2: 0.5]
[linear_lambda: 0]
[min_gain_to_split: 0]
[drop_rate: 0.1]
[max_drop: 50]
[skip_drop: 0.5]
[xgboost_dart_mode: 0]
[uniform_drop: 0]
[drop_seed: 20317]
[top_rate: 0.2]
[other_rate: 0.1]
[min_data_per_group: 100]
[max_cat_threshold: 32]
[cat_l2: 10]
[cat_smooth: 10]
[max_cat_to_onehot: 4]
[top_k: 20]
[monotone_constraints: ]
[monotone_constraints_method: basic]
[monotone_penalty: 0]
[feature_contri: ]
[forcedsplits_filename: ]
[refit_decay_rate: 0.9]
[cegb_tradeoff: 1]
[cegb_penalty_split: 0]
[cegb_penalty_feature_lazy: ]
[cegb_penalty_feature_coupled: ]
[path_smooth: 0]
[interaction_constraints: ]
[verbosity: -1]
[saved_feature_importance_type: 0]
[use_quantized_grad: 0]
[num_grad_quant_bins: 4]
[quant_train_renew_leaf: 0]
[stochastic_rounding: 1]
[linear_tree: 0]
[max_bin: 255]
[max_bin_by_feature: ]
[min_data_in_bin: 3]
[bin_construct_sample_cnt: 200000]
[data_random_seed: 2458]
[is_enable_sparse: 1]
[enable_bundle: 1]
[use_missing: 1]
[zero_as_missing: 0]
[feature_pre_filter: 1]
[pre_partition: 0]
[two_round: 0]
[header: 0]
[label_column: ]
[weight_column: ]
[group_column: ]
[ignore_column: ]
[categorical_feature: 27,35,154,159,160,161,164,196]
[forcedbins_filename: ]
[precise_float_parser: 0]
[parser_config_file: ]
[objective_seed: 17010]
[num_class: 1]
[is_unbalance: 0]
[scale_pos_weight: 1]
[sigmoid: 1]
[boost_from_average: 1]
[reg_sqrt: 0]
[alpha: 0.9]
[fair_c: 1]
[poisson_max_delta_step: 0.7]
[tweedie_variance_power: 1.5]
[lambdarank_truncation_level: 30]
[lambdarank_norm: 1]
[label_gain: ]
[lambdarank_position_bias_regularization: 0]
[eval_at: 1,2,3,4,5]
[multi_error_top_k: 1]
[auc_mu_weights: ]
[num_machines: 1]
[local_listen_port: 12400]
[time_out: 120]
[machine_list_filename: ]
[machines: ]
[gpu_platform_id: -1]
[gpu_device_id: -1]
[gpu_use_dp: 0]
[num_gpu: 1]

end of parameters

pandas_categorical:null
