leaderboard_rank,team_id,team_name,submission_id,submission_score,leaderboard_submission_id,episode_id,episode_state,episode_type,created_at,ended_at,seat_index,opponent_submission_id,opponent_team_name,agent_0_submission_id,agent_1_submission_id,deck_hash,matched_deck_card_ids,replay_path,log_paths,download_status,error,downloaded_at
11,16561259,@kdcyberdude,55187358,1116.3,55187358,89535382,COMPLETED,EPISODE_TYPE_PUBLIC,2026-08-02T14:35:09.928296600Z,2026-08-02T14:46:33.496094100Z,0,55176220,Abhyuday,55187358,55176220,9714ab5c3996f6cc,648,replays\episode_89535382.json,logs\89535382\agent_0_observation_logs.json;logs\89535382\agent_1_observation_logs.json,skipped_existing,,2026-08-06T09:52:00.350980Z
11,16561259,@kdcyberdude,55187358,1116.3,55187358,89535945,COMPLETED,EPISODE_TYPE_PUBLIC,2026-08-02T14:39:07.824238800Z,2026-08-02T14:41:09.584372400Z,1,54931686,takuei,54931686,55187358,9714ab5c3996f6cc,648,replays\episode_89535945.json,logs\89535945\agent_0_observation_logs.json;logs\89535945\agent_1_observation_logs.json,skipped_existing,,2026-08-06T09:52:00.464072Z
11,16561259,@kdcyberdude,55187358,1116.3,55187358,89536485,COMPLETED,EPISODE_TYPE_PUBLIC,2026-08-02T14:43:07.709848800Z,2026-08-02T14:45:16.449024800Z,1,54866812,Ghleii,54866812,55187358,9714ab5c3996f6cc,648,replays\episode_89536485.json,logs\89536485\agent_0_observation_logs.json;logs\89536485\agent_1_observation_logs.json,skipped_existing,,2026-08-06T09:52:00.761618Z
11,16561259,@kdcyberdude,55187358,1116.3,55187358,89537062,COMPLETED,EPISODE_TYPE_PUBLIC,2026-08-02T14:47:07.827614600Z,2026-08-02T14:55:02.524775Z,1,55170635,Skibidi Six Seven,55170635,55187358,9714ab5c3996f6cc,648,replays\episode_89537062.json,logs\89537062\agent_0_observation_logs.json;logs\89537062\agent_1_observation_logs.json,skipped_existing,,2026-08-06T09:52:01.261549Z
11,16561259,@kdcyberdude,55187358,1116.3,55187358,89537624,COMPLETED,EPISODE_TYPE_PUBLIC,2026-08-02T14:51:07.933378Z,2026-08-02T14:53:13.634871Z,0,55090251,pztriatomic,55187358,55090251,9714ab5c3996f6cc,648,replays\episode_89537624.json,logs\89537624\agent_0_observation_logs.json;logs\89537624\agent_1_observation_logs.json,skipped_existing,,2026-08-06T09:52:01.946135Z
11,16561259,@kdcyberdude,55187358,1116.3,55187358,89537650,COMPLETED,EPISODE_TYPE_PUBLIC,2026-08-02T14:51:07.964476300Z,2026-08-02T14:54:22.938140700Z,1,55187392,Kaikaku,55187392,55187358,9714ab5c3996f6cc,648,replays\episode_89537650.json,logs\89537650\agent_0_observation_logs.json;logs\89537650\agent_1_observation_logs.json,skipped_existing,,2026-08-06T09:52:02.791652Z
11,16561259,@kdcyberdude,55187358,1116.3,55187358,89538196,COMPLETED,EPISODE_TYPE_PUBLIC,2026-08-02T14:55:12.520997500Z,2026-08-02T14:58:17.132036200Z,1,55126410,qb,55126410,55187358,9714ab5c3996f6cc,648,replays\episode_89538196.json,logs\89538196\agent_0_observation_logs.json;logs\89538196\agent_1_observation_logs.json,skipped_existing,,2026-08-06T09:52:03.158753Z
11,16561259,@kdcyberdude,55187358,1116.3,55187358,89538743,COMPLETED,EPISODE_TYPE_PUBLIC,2026-08-02T14:59:08.248780300Z,2026-08-02T15:01:11.292878Z,0,55167237,pikachu,55187358,55167237,9714ab5c3996f6cc,648,replays\episode_89538743.json,logs\89538743\agent_0_observation_logs.json;logs\89538743\agent_1_observation_logs.json,skipped_existing,,2026-08-06T09:52:03.858021Z
11,16561259,@kdcyberdude,55187358,1116.3,55187358,89539302,COMPLETED,EPISODE_TYPE_PUBLIC,2026-08-02T15:03:07.877386900Z,2026-08-02T15:05:17.961537400Z,0,55056746,vibechu,55187358,55056746,9714ab5c3996f6cc,648,replays\episode_89539302.json,logs\89539302\agent_0_observation_logs.json;logs\89539302\agent_1_observation_logs.json,skipped_existing,,2026-08-06T09:52:04.381829Z
11,16561259,@kdcyberdude,55187358,1116.3,55187358,89539856,COMPLETED,EPISODE_TYPE_PUBLIC,2026-08-02T15:07:07.939038500Z,2026-08-02T15:09:54.678501500Z,1,55084456,Oshbocker,55084456,55187358,9714ab5c3996f6cc,648,replays\episode_89539856.json,logs\89539856\agent_0_observation_logs.json;logs\89539856\agent_1_observation_logs.json,skipped_existing,,2026-08-06T09:52:04.869850Z
11,16561259,@kdcyberdude,55187358,1116.3,55187358,89540429,COMPLETED,EPISODE_TYPE_PUBLIC,2026-08-02T15:11:07.923888700Z,2026-08-02T15:12:43.823489300Z,1,54927784,Koki Saitoh,54927784,55187358,9714ab5c3996f6cc,648,replays\episode_89540429.json,logs\89540429\agent_0_observation_logs.json;logs\89540429\agent_1_observation_logs.json,skipped_existing,,2026-08-06T09:52:05.409606Z
11,16561259,@kdcyberdude,55187358,1116.3,55187358,89540999,COMPLETED,EPISODE_TYPE_PUBLIC,2026-08-02T15:15:11.719802800Z,2026-08-02T15:18:05.653844700Z,0,55040960,szlachetny snieg,55187358,55040960,9714ab5c3996f6cc,648,replays\episode_89540999.json,logs\89540999\agent_0_observation_logs.json;logs\89540999\agent_1_observation_logs.json,skipped_existing,,2026-08-06T09:52:06.086921Z
11,16561259,@kdcyberdude,55187358,1116.3,55187358,89541555,COMPLETED,EPISODE_TYPE_PUBLIC,2026-08-02T15:19:08.020316200Z,2026-08-02T15:20:57.947885300Z,1,55141894,Q1du,55141894,55187358,9714ab5c3996f6cc,648,replays\episode_89541555.json,logs\89541555\agent_0_observation_logs.json;logs\89541555\agent_1_observation_logs.json,skipped_existing,,2026-08-06T09:52:06.732409Z
11,16561259,@kdcyberdude,55187358,1116.3,55187358,89542123,COMPLETED,EPISODE_TYPE_PUBLIC,2026-08-02T15:23:08.284740500Z,2026-08-02T15:26:15.306540600Z,0,55164373,Mega Regigigas Ex Vmax,55187358,55164373,9714ab5c3996f6cc,648,replays\episode_89542123.json,logs\89542123\agent_0_observation_logs.json;logs\89542123\agent_1_observation_logs.json,skipped_existing,,2026-08-06T09:52:07.354601Z
11,16561259,@kdcyberdude,55187358,1116.3,55187358,89542690,COMPLETED,EPISODE_TYPE_PUBLIC,2026-08-02T15:27:07.925988700Z,2026-08-02T15:29:48.775073500Z,0,55159716,yumizu,55187358,55159716,9714ab5c3996f6cc,648,replays\episode_89542690.json,logs\89542690\agent_0_observation_logs.json;logs\89542690\agent_1_observation_logs.json,skipped_existing,,2026-08-06T09:52:07.959732Z
11,16561259,@kdcyberdude,55187358,1116.3,55187358,89543248,COMPLETED,EPISODE_TYPE_PUBLIC,2026-08-02T15:31:07.861222600Z,2026-08-02T15:33:27.070909100Z,0,55178227,ANDPAD kaggler team,55187358,55178227,9714ab5c3996f6cc,648,replays\episode_89543248.json,logs\89543248\agent_0_observation_logs.json;logs\89543248\agent_1_observation_logs.json,skipped_existing,,2026-08-06T09:52:08.403998Z
11,16561259,@kdcyberdude,55187358,1116.3,55187358,89543339,COMPLETED,EPISODE_TYPE_PUBLIC,2026-08-02T15:31:08.012282600Z,2026-08-02T15:33:04.396334500Z,1,55186513,Boss's Orders Are All You Need,55186513,55187358,9714ab5c3996f6cc,648,replays\episode_89543339.json,logs\89543339\agent_0_observation_logs.json;logs\89543339\agent_1_observation_logs.json,skipped_existing,,2026-08-06T09:52:08.815785Z
11,16561259,@kdcyberdude,55187358,1116.3,55187358,89543726,COMPLETED,EPISODE_TYPE_PUBLIC,2026-08-02T15:35:09.140658500Z,2026-08-02T15:37:56.662085500Z,0,55188156,Gemini ch.,55187358,55188156,9714ab5c3996f6cc,648,replays\episode_89543726.json,logs\89543726\agent_0_observation_logs.json;logs\89543726\agent_1_observation_logs.json,skipped_existing,,2026-08-06T09:52:09.209347Z
11,16561259,@kdcyberdude,55187358,1116.3,55187358,89543810,COMPLETED,EPISODE_TYPE_PUBLIC,2026-08-02T15:35:09.267498500Z,2026-08-02T15:37:22.513906700Z,1,55164085,insuperabilehart,55164085,55187358,9714ab5c3996f6cc,648,replays\episode_89543810.json,logs\89543810\agent_0_observation_logs.json;logs\89543810\agent_1_observation_logs.json,skipped_existing,,2026-08-06T09:52:09.557463Z
11,16561259,@kdcyberdude,55187358,1116.3,55187358,89544371,COMPLETED,EPISODE_TYPE_PUBLIC,2026-08-02T15:39:07.867680700Z,2026-08-02T15:43:51.862561300Z,1,55073115,ei ei ei yikuso,55073115,55187358,9714ab5c3996f6cc,648,replays\episode_89544371.json,logs\89544371\agent_0_observation_logs.json;logs\89544371\agent_1_observation_logs.json,skipped_existing,,2026-08-06T09:52:10.007310Z
11,16561259,@kdcyberdude,55187358,1116.3,55187358,89544912,COMPLETED,EPISODE_TYPE_PUBLIC,2026-08-02T15:43:07.852806800Z,2026-08-02T15:46:34.700999200Z,0,55141744,Jack,55187358,55141744,9714ab5c3996f6cc,648,replays\episode_89544912.json,logs\89544912\agent_0_observation_logs.json;logs\89544912\agent_1_observation_logs.json,skipped_existing,,2026-08-06T09:52:10.540241Z
11,16561259,@kdcyberdude,55187358,1116.3,55187358,89545458,COMPLETED,EPISODE_TYPE_PUBLIC,2026-08-02T15:47:08.186192600Z,2026-08-02T15:49:58.570720300Z,1,55167285,iwashi,55167285,55187358,9714ab5c3996f6cc,648,replays\episode_89545458.json,logs\89545458\agent_0_observation_logs.json;logs\89545458\agent_1_observation_logs.json,skipped_existing,,2026-08-06T09:52:10.946140Z
11,16561259,@kdcyberdude,55187358,1116.3,55187358,89546031,COMPLETED,EPISODE_TYPE_PUBLIC,2026-08-02T15:51:07.945196600Z,2026-08-02T15:53:53.603653500Z,0,55104382,tedo,55187358,55104382,9714ab5c3996f6cc,648,replays\episode_89546031.json,logs\89546031\agent_0_observation_logs.json;logs\89546031\agent_1_observation_logs.json,skipped_existing,,2026-08-06T09:52:11.338343Z
11,16561259,@kdcyberdude,55187358,1116.3,55187358,89546585,COMPLETED,EPISODE_TYPE_PUBLIC,2026-08-02T15:55:10.515286200Z,2026-08-02T15:57:35.685316100Z,1,55178227,ANDPAD kaggler team,55178227,55187358,9714ab5c3996f6cc,648,replays\episode_89546585.json,logs\89546585\agent_0_observation_logs.json;logs\89546585\agent_1_observation_logs.json,skipped_existing,,2026-08-06T09:52:11.760468Z
11,16561259,@kdcyberdude,55187358,1116.3,55187358,89547160,COMPLETED,EPISODE_TYPE_PUBLIC,2026-08-02T15:59:08.052221400Z,2026-08-02T16:01:58.348885200Z,1,54831434,Bocchieri Alberto,54831434,55187358,9714ab5c3996f6cc,648,replays\episode_89547160.json,logs\89547160\agent_0_observation_logs.json;logs\89547160\agent_1_observation_logs.json,skipped_existing,,2026-08-06T09:52:12.136862Z
11,16561259,@kdcyberdude,55187358,1116.3,55187358,89547708,COMPLETED,EPISODE_TYPE_PUBLIC,2026-08-02T16:03:08.924297100Z,2026-08-02T16:08:01.143572300Z,0,55188077,s_a_ai_enginner,55187358,55188077,9714ab5c3996f6cc,648,replays\episode_89547708.json,logs\89547708\agent_0_observation_logs.json;logs\89547708\agent_1_observation_logs.json,skipped_existing,,2026-08-06T09:52:12.415972Z
11,16561259,@kdcyberdude,55187358,1116.3,55187358,89548265,COMPLETED,EPISODE_TYPE_PUBLIC,2026-08-02T16:07:08.062814Z,2026-08-02T16:08:33.649053100Z,1,55123597,HOUSEI Inc.,55123597,55187358,9714ab5c3996f6cc,648,replays\episode_89548265.json,logs\89548265\agent_0_observation_logs.json;logs\89548265\agent_1_observation_logs.json,skipped_existing,,2026-08-06T09:52:12.749156Z
11,16561259,@kdcyberdude,55187358,1116.3,55187358,89548822,COMPLETED,EPISODE_TYPE_PUBLIC,2026-08-02T16:11:08.463684200Z,2026-08-02T16:13:23.008995500Z,1,55152123,S4nkurero,55152123,55187358,9714ab5c3996f6cc,648,replays\episode_89548822.json,logs\89548822\agent_0_observation_logs.json;logs\89548822\agent_1_observation_logs.json,skipped_existing,,2026-08-06T09:52:13.347398Z
11,16561259,@kdcyberdude,55187358,1116.3,55187358,89549374,COMPLETED,EPISODE_TYPE_PUBLIC,2026-08-02T16:15:09.666903900Z,2026-08-02T16:17:08.950907100Z,0,54766334,Star-mine,55187358,54766334,9714ab5c3996f6cc,648,replays\episode_89549374.json,logs\89549374\agent_0_observation_logs.json;logs\89549374\agent_1_observation_logs.json,skipped_existing,,2026-08-06T09:52:14.254029Z
11,16561259,@kdcyberdude,55187358,1116.3,55187358,89549917,COMPLETED,EPISODE_TYPE_PUBLIC,2026-08-02T16:19:08.208497300Z,2026-08-02T16:21:04.294745400Z,1,55177394,ShumpeiNomura,55177394,55187358,9714ab5c3996f6cc,648,replays\episode_89549917.json,logs\89549917\agent_0_observation_logs.json;logs\89549917\agent_1_observation_logs.json,skipped_existing,,2026-08-06T09:52:15.221344Z
11,16561259,@kdcyberdude,55187358,1116.3,55187358,89550470,COMPLETED,EPISODE_TYPE_PUBLIC,2026-08-02T16:23:08.276759700Z,2026-08-02T16:25:13.907993800Z,1,53953087,TechRegigigas,53953087,55187358,9714ab5c3996f6cc,648,replays\episode_89550470.json,logs\89550470\agent_0_observation_logs.json;logs\89550470\agent_1_observation_logs.json,skipped_existing,,2026-08-06T09:52:15.579495Z
11,16561259,@kdcyberdude,55187358,1116.3,55187358,89551024,COMPLETED,EPISODE_TYPE_PUBLIC,2026-08-02T16:27:08.005116Z,2026-08-02T16:30:06.993113800Z,0,55090635,LiamK,55187358,55090635,9714ab5c3996f6cc,648,replays\episode_89551024.json,logs\89551024\agent_0_observation_logs.json;logs\89551024\agent_1_observation_logs.json,skipped_existing,,2026-08-06T09:52:16.012889Z
11,16561259,@kdcyberdude,55187358,1116.3,55187358,89551585,COMPLETED,EPISODE_TYPE_PUBLIC,2026-08-02T16:31:08.726358400Z,2026-08-02T16:33:06.090899900Z,1,55187396,Thai,55187396,55187358,9714ab5c3996f6cc,648,replays\episode_89551585.json,logs\89551585\agent_0_observation_logs.json;logs\89551585\agent_1_observation_logs.json,skipped_existing,,2026-08-06T09:52:16.481128Z
11,16561259,@kdcyberdude,55187358,1116.3,55187358,89552136,COMPLETED,EPISODE_TYPE_PUBLIC,2026-08-02T16:35:12.233646600Z,2026-08-02T16:37:26.467919100Z,0,54786669,nasuo445,55187358,54786669,9714ab5c3996f6cc,648,replays\episode_89552136.json,logs\89552136\agent_0_observation_logs.json;logs\89552136\agent_1_observation_logs.json,skipped_existing,,2026-08-06T09:52:16.748040Z
11,16561259,@kdcyberdude,55187358,1116.3,55187358,89552686,COMPLETED,EPISODE_TYPE_PUBLIC,2026-08-02T16:39:08.469820700Z,2026-08-02T16:41:07.733814400Z,0,54835112,researcher_4242,55187358,54835112,9714ab5c3996f6cc,648,replays\episode_89552686.json,logs\89552686\agent_0_observation_logs.json;logs\89552686\agent_1_observation_logs.json,skipped_existing,,2026-08-06T09:52:17.059067Z
11,16561259,@kdcyberdude,55187358,1116.3,55187358,89553239,COMPLETED,EPISODE_TYPE_PUBLIC,2026-08-02T16:43:09.231944900Z,2026-08-02T16:45:27.302529900Z,0,55153402,keidroid,55187358,55153402,9714ab5c3996f6cc,648,replays\episode_89553239.json,logs\89553239\agent_0_observation_logs.json;logs\89553239\agent_1_observation_logs.json,skipped_existing,,2026-08-06T09:52:17.322144Z
11,16561259,@kdcyberdude,55187358,1116.3,55187358,89553813,COMPLETED,EPISODE_TYPE_PUBLIC,2026-08-02T16:47:09.643393400Z,2026-08-02T16:50:35.303393Z,0,55178959,Pokémon Day Care,55187358,55178959,9714ab5c3996f6cc,648,replays\episode_89553813.json,logs\89553813\agent_0_observation_logs.json;logs\89553813\agent_1_observation_logs.json,skipped_existing,,2026-08-06T09:52:18.105456Z
11,16561259,@kdcyberdude,55187358,1116.3,55187358,89554376,COMPLETED,EPISODE_TYPE_PUBLIC,2026-08-02T16:51:09.175103500Z,2026-08-02T16:53:54.138304800Z,0,55181749,宝糕手,55187358,55181749,9714ab5c3996f6cc,648,replays\episode_89554376.json,logs\89554376\agent_0_observation_logs.json;logs\89554376\agent_1_observation_logs.json,skipped_existing,,2026-08-06T09:52:18.819096Z
11,16561259,@kdcyberdude,55187358,1116.3,55187358,89554938,COMPLETED,EPISODE_TYPE_PUBLIC,2026-08-02T16:55:12.657359600Z,2026-08-02T16:57:14.568576500Z,0,55178255,yu_w,55187358,55178255,9714ab5c3996f6cc,648,replays\episode_89554938.json,logs\89554938\agent_0_observation_logs.json;logs\89554938\agent_1_observation_logs.json,skipped_existing,,2026-08-06T09:52:19.445967Z
11,16561259,@kdcyberdude,55187358,1116.3,55187358,89555520,COMPLETED,EPISODE_TYPE_PUBLIC,2026-08-02T16:59:09.414615700Z,2026-08-02T17:03:09.903247400Z,1,55164085,insuperabilehart,55164085,55187358,9714ab5c3996f6cc,648,replays\episode_89555520.json,logs\89555520\agent_0_observation_logs.json;logs\89555520\agent_1_observation_logs.json,skipped_existing,,2026-08-06T09:52:19.744649Z
11,16561259,@kdcyberdude,55187358,1116.3,55187358,89556072,COMPLETED,EPISODE_TYPE_PUBLIC,2026-08-02T17:03:09.520091Z,2026-08-02T17:04:26.594860100Z,0,54731146,Makytaky,55187358,54731146,9714ab5c3996f6cc,648,replays\episode_89556072.json,logs\89556072\agent_0_observation_logs.json;logs\89556072\agent_1_observation_logs.json,skipped_existing,,2026-08-06T09:52:20.091351Z
11,16561259,@kdcyberdude,55187358,1116.3,55187358,89556454,COMPLETED,EPISODE_TYPE_PUBLIC,2026-08-02T17:07:09.211510600Z,2026-08-02T17:09:50.879479400Z,0,55189270,AZ,55187358,55189270,9714ab5c3996f6cc,648,replays\episode_89556454.json,logs\89556454\agent_0_observation_logs.json;logs\89556454\agent_1_observation_logs.json,skipped_existing,,2026-08-06T09:52:20.555390Z
11,16561259,@kdcyberdude,55187358,1116.3,55187358,89559111,COMPLETED,EPISODE_TYPE_PUBLIC,2026-08-02T17:27:08.915761800Z,2026-08-02T17:28:44.207436300Z,1,55190409,T.Uehira,55190409,55187358,9714ab5c3996f6cc,648,replays\episode_89559111.json,logs\89559111\agent_0_observation_logs.json;logs\89559111\agent_1_observation_logs.json,skipped_existing,,2026-08-06T09:52:21.186538Z
11,16561259,@kdcyberdude,55187358,1116.3,55187358,89562094,COMPLETED,EPISODE_TYPE_PUBLIC,2026-08-02T17:47:09.316928300Z,2026-08-02T17:50:55.703593200Z,0,55164781,junlee789,55187358,55164781,9714ab5c3996f6cc,648,replays\episode_89562094.json,logs\89562094\agent_0_observation_logs.json;logs\89562094\agent_1_observation_logs.json,skipped_existing,,2026-08-06T09:52:21.532219Z
11,16561259,@kdcyberdude,55187358,1116.3,55187358,89565281,COMPLETED,EPISODE_TYPE_PUBLIC,2026-08-02T18:11:09.565075300Z,2026-08-02T18:13:25.413200500Z,0,55189595,Dipam Chakraborty,55187358,55189595,9714ab5c3996f6cc,648,replays\episode_89565281.json,logs\89565281\agent_0_observation_logs.json;logs\89565281\agent_1_observation_logs.json,skipped_existing,,2026-08-06T09:52:21.830295Z
11,16561259,@kdcyberdude,55187358,1116.3,55187358,89569124,COMPLETED,EPISODE_TYPE_PUBLIC,2026-08-02T18:39:09.140231800Z,2026-08-02T18:44:06.223163900Z,0,55189852,低消650元任你吃啊,55187358,55189852,9714ab5c3996f6cc,648,replays\episode_89569124.json,logs\89569124\agent_0_observation_logs.json;logs\89569124\agent_1_observation_logs.json,skipped_existing,,2026-08-06T09:52:22.287284Z
11,16561259,@kdcyberdude,55187358,1116.3,55187358,89569205,COMPLETED,EPISODE_TYPE_PUBLIC,2026-08-02T18:39:09.311772400Z,2026-08-02T18:40:58.295190900Z,0,55188859,Saber,55187358,55188859,9714ab5c3996f6cc,648,replays\episode_89569205.json,logs\89569205\agent_0_observation_logs.json;logs\89569205\agent_1_observation_logs.json,skipped_existing,,2026-08-06T09:52:22.862819Z
11,16561259,@kdcyberdude,55187358,1116.3,55187358,89569540,COMPLETED,EPISODE_TYPE_PUBLIC,2026-08-02T18:43:08.795757700Z,2026-08-02T18:46:01.546979300Z,0,55192084,Made a Beautiful Bouquet,55187358,55192084,9714ab5c3996f6cc,648,replays\episode_89569540.json,logs\89569540\agent_0_observation_logs.json;logs\89569540\agent_1_observation_logs.json,skipped_existing,,2026-08-06T09:52:23.210993Z
11,16561259,@kdcyberdude,55187358,1116.3,55187358,89571734,COMPLETED,EPISODE_TYPE_PUBLIC,2026-08-02T18:59:10.099680800Z,2026-08-02T19:02:09.113897500Z,0,55192230,fle3n,55187358,55192230,9714ab5c3996f6cc,648,replays\episode_89571734.json,logs\89571734\agent_0_observation_logs.json;logs\89571734\agent_1_observation_logs.json,skipped_existing,,2026-08-06T09:52:23.492466Z
11,16561259,@kdcyberdude,55187358,1116.3,55187358,89577491,COMPLETED,EPISODE_TYPE_PUBLIC,2026-08-02T19:39:10.212096400Z,2026-08-02T19:42:16.245125800Z,0,55016893,Azat Akhtyamov,55187358,55016893,9714ab5c3996f6cc,648,replays\episode_89577491.json,logs\89577491\agent_0_observation_logs.json;logs\89577491\agent_1_observation_logs.json,skipped_existing,,2026-08-06T09:52:23.890797Z
11,16561259,@kdcyberdude,55187358,1116.3,55187358,89577792,COMPLETED,EPISODE_TYPE_PUBLIC,2026-08-02T19:43:09.222303300Z,2026-08-02T19:48:48.318973800Z,0,55192206,RtoABC,55187358,55192206,9714ab5c3996f6cc,648,replays\episode_89577792.json,logs\89577792\agent_0_observation_logs.json;logs\89577792\agent_1_observation_logs.json,skipped_existing,,2026-08-06T09:52:24.215982Z
11,16561259,@kdcyberdude,55187358,1116.3,55187358,89582227,COMPLETED,EPISODE_TYPE_PUBLIC,2026-08-02T20:15:10.938110600Z,2026-08-02T20:19:00.514146400Z,1,55192230,fle3n,55192230,55187358,9714ab5c3996f6cc,648,replays\episode_89582227.json,logs\89582227\agent_0_observation_logs.json;logs\89582227\agent_1_observation_logs.json,skipped_existing,,2026-08-06T09:52:24.494496Z
11,16561259,@kdcyberdude,55187358,1116.3,55187358,89585011,COMPLETED,EPISODE_TYPE_PUBLIC,2026-08-02T20:35:12.053128100Z,2026-08-02T20:38:46.731329400Z,1,55191863,wkonishi,55191863,55187358,9714ab5c3996f6cc,648,replays\episode_89585011.json,logs\89585011\agent_0_observation_logs.json;logs\89585011\agent_1_observation_logs.json,skipped_existing,,2026-08-06T09:52:25.019850Z
11,16561259,@kdcyberdude,55187358,1116.3,55187358,89586750,COMPLETED,EPISODE_TYPE_PUBLIC,2026-08-02T20:47:09.709717700Z,2026-08-02T20:49:57.156573900Z,1,55090635,LiamK,55090635,55187358,9714ab5c3996f6cc,648,replays\episode_89586750.json,logs\89586750\agent_0_observation_logs.json;logs\89586750\agent_1_observation_logs.json,skipped_existing,,2026-08-06T09:52:25.580478Z
11,16561259,@kdcyberdude,55187358,1116.3,55187358,89588281,COMPLETED,EPISODE_TYPE_PUBLIC,2026-08-02T20:59:09.403361900Z,2026-08-02T21:01:46.376744700Z,0,55191853,MtN,55187358,55191853,9714ab5c3996f6cc,648,replays\episode_89588281.json,logs\89588281\agent_0_observation_logs.json;logs\89588281\agent_1_observation_logs.json,skipped_existing,,2026-08-06T09:52:26.204687Z
11,16561259,@kdcyberdude,55187358,1116.3,55187358,89589356,COMPLETED,EPISODE_TYPE_PUBLIC,2026-08-02T21:07:09.449863700Z,2026-08-02T21:09:04.175517800Z,1,55192781,MR.h,55192781,55187358,9714ab5c3996f6cc,648,replays\episode_89589356.json,logs\89589356\agent_0_observation_logs.json;logs\89589356\agent_1_observation_logs.json,skipped_existing,,2026-08-06T09:52:26.794872Z
11,16561259,@kdcyberdude,55187358,1116.3,55187358,89593929,COMPLETED,EPISODE_TYPE_PUBLIC,2026-08-02T21:39:10.152041100Z,2026-08-02T21:42:12.917343600Z,0,55186279,LumenLiquidity,55187358,55186279,9714ab5c3996f6cc,648,replays\episode_89593929.json,logs\89593929\agent_0_observation_logs.json;logs\89593929\agent_1_observation_logs.json,skipped_existing,,2026-08-06T09:52:27.185581Z
11,16561259,@kdcyberdude,55187358,1116.3,55187358,89596632,COMPLETED,EPISODE_TYPE_PUBLIC,2026-08-02T21:59:10.167445500Z,2026-08-02T22:01:21.553745700Z,0,55095738,Jose Coronel,55187358,55095738,9714ab5c3996f6cc,648,replays\episode_89596632.json,logs\89596632\agent_0_observation_logs.json;logs\89596632\agent_1_observation_logs.json,skipped_existing,,2026-08-06T09:52:28.176099Z
11,16561259,@kdcyberdude,55187358,1116.3,55187358,89597656,COMPLETED,EPISODE_TYPE_PUBLIC,2026-08-02T22:07:10.427662200Z,2026-08-02T22:09:22.658153600Z,0,55192952,PP kawada,55187358,55192952,9714ab5c3996f6cc,648,replays\episode_89597656.json,logs\89597656\agent_0_observation_logs.json;logs\89597656\agent_1_observation_logs.json,skipped_existing,,2026-08-06T09:52:28.848864Z
11,16561259,@kdcyberdude,55187358,1116.3,55187358,89601173,COMPLETED,EPISODE_TYPE_PUBLIC,2026-08-02T22:31:09.849929100Z,2026-08-02T22:35:36.554043400Z,1,54959248,Where is my orbit,54959248,55187358,9714ab5c3996f6cc,648,replays\episode_89601173.json,logs\89601173\agent_0_observation_logs.json;logs\89601173\agent_1_observation_logs.json,skipped_existing,,2026-08-06T09:52:29.504135Z
11,16561259,@kdcyberdude,55187358,1116.3,55187358,89603334,COMPLETED,EPISODE_TYPE_PUBLIC,2026-08-02T22:47:12.216434700Z,2026-08-02T22:49:05.592506300Z,1,55178655,Thai,55178655,55187358,9714ab5c3996f6cc,648,replays\episode_89603334.json,logs\89603334\agent_0_observation_logs.json;logs\89603334\agent_1_observation_logs.json,skipped_existing,,2026-08-06T09:52:29.785250Z
11,16561259,@kdcyberdude,55187358,1116.3,55187358,89603346,COMPLETED,EPISODE_TYPE_PUBLIC,2026-08-02T22:47:12.235193400Z,2026-08-02T22:51:04.851454Z,1,55174463,Ayanokoji Fan Club,55174463,55187358,9714ab5c3996f6cc,648,replays\episode_89603346.json,logs\89603346\agent_0_observation_logs.json;logs\89603346\agent_1_observation_logs.json,skipped_existing,,2026-08-06T09:52:30.169778Z
11,16561259,@kdcyberdude,55187358,1116.3,55187358,89603752,COMPLETED,EPISODE_TYPE_PUBLIC,2026-08-02T22:51:11.718721100Z,2026-08-02T22:53:42.670813400Z,1,55186279,LumenLiquidity,55186279,55187358,9714ab5c3996f6cc,648,replays\episode_89603752.json,logs\89603752\agent_0_observation_logs.json;logs\89603752\agent_1_observation_logs.json,skipped_existing,,2026-08-06T09:52:30.691426Z
11,16561259,@kdcyberdude,55187358,1116.3,55187358,89608160,COMPLETED,EPISODE_TYPE_PUBLIC,2026-08-02T23:23:11.503253700Z,2026-08-02T23:25:52.978771400Z,0,55175954,palsystem,55187358,55175954,9714ab5c3996f6cc,648,replays\episode_89608160.json,logs\89608160\agent_0_observation_logs.json;logs\89608160\agent_1_observation_logs.json,skipped_existing,,2026-08-06T09:52:31.068048Z
11,16561259,@kdcyberdude,55187358,1116.3,55187358,89608304,COMPLETED,EPISODE_TYPE_PUBLIC,2026-08-02T23:23:11.813656700Z,2026-08-02T23:25:37.458566200Z,1,54448096,sangmin7b,54448096,55187358,9714ab5c3996f6cc,648,replays\episode_89608304.json,logs\89608304\agent_0_observation_logs.json;logs\89608304\agent_1_observation_logs.json,skipped_existing,,2026-08-06T09:52:31.454676Z
11,16561259,@kdcyberdude,55187358,1116.3,55187358,89611465,COMPLETED,EPISODE_TYPE_PUBLIC,2026-08-02T23:47:11.613832200Z,2026-08-02T23:52:23.448500200Z,1,55194342,"Bart, Edwyn",55194342,55187358,9714ab5c3996f6cc,648,replays\episode_89611465.json,logs\89611465\agent_0_observation_logs.json;logs\89611465\agent_1_observation_logs.json,skipped_existing,,2026-08-06T09:52:31.872655Z
11,16561259,@kdcyberdude,55187358,1116.3,55187358,89611516,COMPLETED,EPISODE_TYPE_PUBLIC,2026-08-02T23:47:11.734597100Z,2026-08-02T23:50:13.251715200Z,1,55062390,Oshbocker,55062390,55187358,9714ab5c3996f6cc,648,replays\episode_89611516.json,logs\89611516\agent_0_observation_logs.json;logs\89611516\agent_1_observation_logs.json,skipped_existing,,2026-08-06T09:52:32.456723Z
11,16561259,@kdcyberdude,55187358,1116.3,55187358,89613168,COMPLETED,EPISODE_TYPE_PUBLIC,2026-08-02T23:59:12.028280100Z,2026-08-03T00:01:09.360103Z,1,55147326,Majkel1337,55147326,55187358,9714ab5c3996f6cc,648,replays\episode_89613168.json,logs\89613168\agent_0_observation_logs.json;logs\89613168\agent_1_observation_logs.json,skipped_existing,,2026-08-06T09:52:33.136445Z
11,16561259,@kdcyberdude,55187358,1116.3,55187358,89613765,COMPLETED,EPISODE_TYPE_PUBLIC,2026-08-03T00:03:12.422781800Z,2026-08-03T00:09:06.374004700Z,1,55194342,"Bart, Edwyn",55194342,55187358,9714ab5c3996f6cc,648,replays\episode_89613765.json,logs\89613765\agent_0_observation_logs.json;logs\89613765\agent_1_observation_logs.json,skipped_existing,,2026-08-06T09:52:33.943802Z
11,16561259,@kdcyberdude,55187358,1116.3,55187358,89614348,COMPLETED,EPISODE_TYPE_PUBLIC,2026-08-03T00:07:12.124287900Z,2026-08-03T00:10:01.236875700Z,0,55033457,flg,55187358,55033457,9714ab5c3996f6cc,648,replays\episode_89614348.json,logs\89614348\agent_0_observation_logs.json;logs\89614348\agent_1_observation_logs.json,skipped_existing,,2026-08-06T09:52:34.431368Z
11,16561259,@kdcyberdude,55187358,1116.3,55187358,89615021,COMPLETED,EPISODE_TYPE_PUBLIC,2026-08-03T00:11:12.140361800Z,2026-08-03T00:15:28.094640600Z,1,55194342,"Bart, Edwyn",55194342,55187358,9714ab5c3996f6cc,648,replays\episode_89615021.json,logs\89615021\agent_0_observation_logs.json;logs\89615021\agent_1_observation_logs.json,skipped_existing,,2026-08-06T09:52:34.948367Z
11,16561259,@kdcyberdude,55187358,1116.3,55187358,89617080,COMPLETED,EPISODE_TYPE_PUBLIC,2026-08-03T00:27:12.052249600Z,2026-08-03T00:29:36.127741600Z,0,55196366,Dipam Chakraborty,55187358,55196366,9714ab5c3996f6cc,648,replays\episode_89617080.json,logs\89617080\agent_0_observation_logs.json;logs\89617080\agent_1_observation_logs.json,skipped_existing,,2026-08-06T09:52:35.121424Z
11,16561259,@kdcyberdude,55187358,1116.3,55187358,89629194,COMPLETED,EPISODE_TYPE_PUBLIC,2026-08-03T01:55:16.270230500Z,2026-08-03T01:57:33.188981300Z,1,55198256,Canon,55198256,55187358,9714ab5c3996f6cc,648,replays\episode_89629194.json,logs\89629194\agent_0_observation_logs.json;logs\89629194\agent_1_observation_logs.json,skipped_existing,,2026-08-06T09:52:35.495569Z
11,16561259,@kdcyberdude,55187358,1116.3,55187358,89631487,COMPLETED,EPISODE_TYPE_PUBLIC,2026-08-03T02:11:15.808019500Z,2026-08-03T02:12:54.910366800Z,1,55198284,__Taichicchi__,55198284,55187358,9714ab5c3996f6cc,648,replays\episode_89631487.json,logs\89631487\agent_0_observation_logs.json;logs\89631487\agent_1_observation_logs.json,skipped_existing,,2026-08-06T09:52:35.922689Z
11,16561259,@kdcyberdude,55187358,1116.3,55187358,89632053,COMPLETED,EPISODE_TYPE_PUBLIC,2026-08-03T02:15:16.072602600Z,2026-08-03T02:18:00.463913Z,1,55198284,__Taichicchi__,55198284,55187358,9714ab5c3996f6cc,648,replays\episode_89632053.json,logs\89632053\agent_0_observation_logs.json;logs\89632053\agent_1_observation_logs.json,skipped_existing,,2026-08-06T09:52:36.108111Z
11,16561259,@kdcyberdude,55187358,1116.3,55187358,89637892,COMPLETED,EPISODE_TYPE_PUBLIC,2026-08-03T02:55:20.876454200Z,2026-08-03T02:57:27.298341100Z,1,55153405,keidroid,55153405,55187358,9714ab5c3996f6cc,648,replays\episode_89637892.json,logs\89637892\agent_0_observation_logs.json;logs\89637892\agent_1_observation_logs.json,skipped_existing,,2026-08-06T09:52:36.411233Z
11,16561259,@kdcyberdude,55187358,1116.3,55187358,89640084,COMPLETED,EPISODE_TYPE_PUBLIC,2026-08-03T03:11:15.976622Z,2026-08-03T03:13:59.933465600Z,1,55196701,MissingNo.,55196701,55187358,9714ab5c3996f6cc,648,replays\episode_89640084.json,logs\89640084\agent_0_observation_logs.json;logs\89640084\agent_1_observation_logs.json,skipped_existing,,2026-08-06T09:52:36.636219Z
11,16561259,@kdcyberdude,55187358,1116.3,55187358,89644415,COMPLETED,EPISODE_TYPE_PUBLIC,2026-08-03T03:43:15.633527700Z,2026-08-03T03:45:38.969759300Z,0,55199872,宝糕手,55187358,55199872,9714ab5c3996f6cc,648,replays\episode_89644415.json,logs\89644415\agent_0_observation_logs.json;logs\89644415\agent_1_observation_logs.json,skipped_existing,,2026-08-06T09:52:37.183619Z
11,16561259,@kdcyberdude,55187358,1116.3,55187358,89649077,COMPLETED,EPISODE_TYPE_PUBLIC,2026-08-03T04:15:17.222323200Z,2026-08-03T04:17:09.384167800Z,0,55198423,kashiwashira,55187358,55198423,9714ab5c3996f6cc,648,replays\episode_89649077.json,logs\89649077\agent_0_observation_logs.json;logs\89649077\agent_1_observation_logs.json,skipped_existing,,2026-08-06T09:52:37.436423Z
11,16561259,@kdcyberdude,55187358,1116.3,55187358,89656257,COMPLETED,EPISODE_TYPE_PUBLIC,2026-08-03T05:07:18.774883Z,2026-08-03T05:09:32.066887100Z,0,55199872,宝糕手,55187358,55199872,9714ab5c3996f6cc,648,replays\episode_89656257.json,logs\89656257\agent_0_observation_logs.json;logs\89656257\agent_1_observation_logs.json,skipped_existing,,2026-08-06T09:52:37.808203Z
11,16561259,@kdcyberdude,55187358,1116.3,55187358,89660065,COMPLETED,EPISODE_TYPE_PUBLIC,2026-08-03T05:35:20.004005700Z,2026-08-03T05:38:15.720415600Z,1,55202409,__Taichicchi__,55202409,55187358,9714ab5c3996f6cc,648,replays\episode_89660065.json,logs\89660065\agent_0_observation_logs.json;logs\89660065\agent_1_observation_logs.json,skipped_existing,,2026-08-06T09:52:38.325989Z
11,16561259,@kdcyberdude,55187358,1116.3,55187358,89665262,COMPLETED,EPISODE_TYPE_PUBLIC,2026-08-03T06:11:18.465952100Z,2026-08-03T06:13:30.837927600Z,1,55201815,M Sato,55201815,55187358,9714ab5c3996f6cc,648,replays\episode_89665262.json,logs\89665262\agent_0_observation_logs.json;logs\89665262\agent_1_observation_logs.json,skipped_existing,,2026-08-06T09:52:39.296367Z
11,16561259,@kdcyberdude,55187358,1116.3,55187358,89668251,COMPLETED,EPISODE_TYPE_PUBLIC,2026-08-03T06:31:18.967766600Z,2026-08-03T06:33:57.995606900Z,1,55153405,keidroid,55153405,55187358,9714ab5c3996f6cc,648,replays\episode_89668251.json,logs\89668251\agent_0_observation_logs.json;logs\89668251\agent_1_observation_logs.json,skipped_existing,,2026-08-06T09:52:39.665113Z
11,16561259,@kdcyberdude,55187358,1116.3,55187358,89671529,COMPLETED,EPISODE_TYPE_PUBLIC,2026-08-03T06:55:19.443814500Z,2026-08-03T06:58:03.577109700Z,0,55201815,M Sato,55187358,55201815,9714ab5c3996f6cc,648,replays\episode_89671529.json,logs\89671529\agent_0_observation_logs.json;logs\89671529\agent_1_observation_logs.json,skipped_existing,,2026-08-06T09:52:40.033148Z
11,16561259,@kdcyberdude,55187358,1116.3,55187358,89673112,COMPLETED,EPISODE_TYPE_PUBLIC,2026-08-03T07:07:18.214675300Z,2026-08-03T07:09:42.006200100Z,0,55203730,Articuno0144,55187358,55203730,9714ab5c3996f6cc,648,replays\episode_89673112.json,logs\89673112\agent_0_observation_logs.json;logs\89673112\agent_1_observation_logs.json,skipped_existing,,2026-08-06T09:52:40.211788Z
11,16561259,@kdcyberdude,55187358,1116.3,55187358,89673812,COMPLETED,EPISODE_TYPE_PUBLIC,2026-08-03T07:11:18.824145200Z,2026-08-03T07:13:46.260619500Z,0,55201815,M Sato,55187358,55201815,9714ab5c3996f6cc,648,replays\episode_89673812.json,logs\89673812\agent_0_observation_logs.json;logs\89673812\agent_1_observation_logs.json,skipped_existing,,2026-08-06T09:52:40.462918Z
11,16561259,@kdcyberdude,55187358,1116.3,55187358,89677254,COMPLETED,EPISODE_TYPE_PUBLIC,2026-08-03T07:35:20.331538500Z,2026-08-03T07:38:12.728439600Z,1,55201815,M Sato,55201815,55187358,9714ab5c3996f6cc,648,replays\episode_89677254.json,logs\89677254\agent_0_observation_logs.json;logs\89677254\agent_1_observation_logs.json,skipped_existing,,2026-08-06T09:52:40.736486Z
11,16561259,@kdcyberdude,55187358,1116.3,55187358,89680102,COMPLETED,EPISODE_TYPE_PUBLIC,2026-08-03T07:55:23.207910700Z,2026-08-03T07:58:32.306345400Z,0,55201815,M Sato,55187358,55201815,9714ab5c3996f6cc,648,replays\episode_89680102.json,logs\89680102\agent_0_observation_logs.json;logs\89680102\agent_1_observation_logs.json,skipped_existing,,2026-08-06T09:52:41.106511Z
11,16561259,@kdcyberdude,55187358,1116.3,55187358,89680762,COMPLETED,EPISODE_TYPE_PUBLIC,2026-08-03T07:59:22.313270500Z,2026-08-03T08:01:32.821052300Z,0,55198284,__Taichicchi__,55187358,55198284,9714ab5c3996f6cc,648,replays\episode_89680762.json,logs\89680762\agent_0_observation_logs.json;logs\89680762\agent_1_observation_logs.json,skipped_existing,,2026-08-06T09:52:41.405822Z
11,16561259,@kdcyberdude,55187358,1116.3,55187358,89689653,COMPLETED,EPISODE_TYPE_PUBLIC,2026-08-03T09:03:30.148433Z,2026-08-03T09:08:58.454216300Z,1,55204580,Dragon Ball Z,55204580,55187358,9714ab5c3996f6cc,648,replays\episode_89689653.json,logs\89689653\agent_0_observation_logs.json;logs\89689653\agent_1_observation_logs.json,skipped_existing,,2026-08-06T09:52:41.656782Z
11,16561259,@kdcyberdude,55187358,1116.3,55187358,89689814,COMPLETED,EPISODE_TYPE_PUBLIC,2026-08-03T09:03:30.449095300Z,2026-08-03T09:06:33.458917Z,0,55194932,Yaroslav,55187358,55194932,9714ab5c3996f6cc,648,replays\episode_89689814.json,logs\89689814\agent_0_observation_logs.json;logs\89689814\agent_1_observation_logs.json,skipped_existing,,2026-08-06T09:52:41.961453Z
11,16561259,@kdcyberdude,55187358,1116.3,55187358,89694375,COMPLETED,EPISODE_TYPE_PUBLIC,2026-08-03T09:35:27.051417900Z,2026-08-03T09:38:26.150849700Z,1,55098365,Team KASA.,55098365,55187358,9714ab5c3996f6cc,648,replays\episode_89694375.json,logs\89694375\agent_0_observation_logs.json;logs\89694375\agent_1_observation_logs.json,skipped_existing,,2026-08-06T09:52:42.266155Z
11,16561259,@kdcyberdude,55187358,1116.3,55187358,89694903,COMPLETED,EPISODE_TYPE_PUBLIC,2026-08-03T09:39:21.937844400Z,2026-08-03T09:42:22.508496Z,0,55187757,THIRD PTCG Club,55187358,55187757,9714ab5c3996f6cc,648,replays\episode_89694903.json,logs\89694903\agent_0_observation_logs.json;logs\89694903\agent_1_observation_logs.json,skipped_existing,,2026-08-06T09:52:42.971226Z
11,16561259,@kdcyberdude,55187358,1116.3,55187358,89695190,COMPLETED,EPISODE_TYPE_PUBLIC,2026-08-03T09:43:21.588001200Z,2026-08-03T09:46:34.519155300Z,0,55207709,ヌメルゴンex,55187358,55207709,9714ab5c3996f6cc,648,replays\episode_89695190.json,logs\89695190\agent_0_observation_logs.json;logs\89695190\agent_1_observation_logs.json,skipped_existing,,2026-08-06T09:52:43.844912Z
11,16561259,@kdcyberdude,55187358,1116.3,55187358,89696843,COMPLETED,EPISODE_TYPE_PUBLIC,2026-08-03T09:55:23.275186800Z,2026-08-03T09:58:54.875147900Z,0,55208153,payanotty,55187358,55208153,9714ab5c3996f6cc,648,replays\episode_89696843.json,logs\89696843\agent_0_observation_logs.json;logs\89696843\agent_1_observation_logs.json,skipped_existing,,2026-08-06T09:52:44.963631Z
12,16452116,Sixth Sense,55138264,1113.7,55138264,89700042,COMPLETED,EPISODE_TYPE_PUBLIC,2026-08-03T10:15:24.831159100Z,2026-08-03T10:16:39.469589200Z,1,54773249,Yushin Ito,54773249,55138264,9714ab5c3996f6cc,648,replays\episode_89700042.json,logs\89700042\agent_0_observation_logs.json;logs\89700042\agent_1_observation_logs.json,success,,2026-08-06T09:52:00.632619Z
12,16452116,Sixth Sense,55138264,1113.7,55138264,89701083,COMPLETED,EPISODE_TYPE_PUBLIC,2026-08-03T10:23:22.532157300Z,2026-08-03T10:24:13.726809700Z,1,55186239,Majkel1337,55186239,55138264,9714ab5c3996f6cc,648,replays\episode_89701083.json,logs\89701083\agent_0_observation_logs.json;logs\89701083\agent_1_observation_logs.json,success,,2026-08-06T09:52:06.547720Z
11,16561259,@kdcyberdude,55187358,1116.3,55187358,89702667,COMPLETED,EPISODE_TYPE_PUBLIC,2026-08-03T10:35:23.209718600Z,2026-08-03T10:37:44.507346800Z,0,55207043,NSTS04,55187358,55207043,9714ab5c3996f6cc,648,replays\episode_89702667.json,logs\89702667\agent_0_observation_logs.json;logs\89702667\agent_1_observation_logs.json,skipped_existing,,2026-08-06T09:52:45.543390Z
11,16561259,@kdcyberdude,55187358,1116.3,55187358,89702701,COMPLETED,EPISODE_TYPE_PUBLIC,2026-08-03T10:35:23.248341300Z,2026-08-03T10:38:41.766421400Z,1,55206216,perrodawn,55206216,55187358,9714ab5c3996f6cc,648,replays\episode_89702701.json,logs\89702701\agent_0_observation_logs.json;logs\89702701\agent_1_observation_logs.json,skipped_existing,,2026-08-06T09:52:45.848459Z
12,16452116,Sixth Sense,55138264,1113.7,55138264,89708001,COMPLETED,EPISODE_TYPE_PUBLIC,2026-08-03T11:11:22.166671800Z,2026-08-03T11:12:32.122655300Z,0,55177269,Raihan Ramadistra,55138264,55177269,9714ab5c3996f6cc,648,replays\episode_89708001.json,logs\89708001\agent_0_observation_logs.json;logs\89708001\agent_1_observation_logs.json,success,,2026-08-06T09:52:09.731186Z
12,16452116,Sixth Sense,55138264,1113.7,55138264,89708443,COMPLETED,EPISODE_TYPE_PUBLIC,2026-08-03T11:15:25.168744600Z,2026-08-03T11:16:40.528255Z,1,55186239,Majkel1337,55186239,55138264,9714ab5c3996f6cc,648,replays\episode_89708443.json,logs\89708443\agent_0_observation_logs.json;logs\89708443\agent_1_observation_logs.json,success,,2026-08-06T09:52:19.454972Z
12,16452116,Sixth Sense,55138264,1113.7,55138264,89709019,COMPLETED,EPISODE_TYPE_PUBLIC,2026-08-03T11:19:21.783117800Z,2026-08-03T11:20:28.130263Z,0,55186239,Majkel1337,55138264,55186239,9714ab5c3996f6cc,648,replays\episode_89709019.json,logs\89709019\agent_0_observation_logs.json;logs\89709019\agent_1_observation_logs.json,success,,2026-08-06T09:52:23.499464Z
11,16561259,@kdcyberdude,55187358,1116.3,55187358,89712558,COMPLETED,EPISODE_TYPE_PUBLIC,2026-08-03T11:43:22.040537400Z,2026-08-03T11:46:12.319791400Z,0,55209192,zhangshuosc,55187358,55209192,9714ab5c3996f6cc,648,replays\episode_89712558.json,logs\89712558\agent_0_observation_logs.json;logs\89712558\agent_1_observation_logs.json,skipped_existing,,2026-08-06T09:52:46.208446Z
12,16452116,Sixth Sense,55138264,1113.7,55138264,89714137,COMPLETED,EPISODE_TYPE_PUBLIC,2026-08-03T11:55:23.708146500Z,2026-08-03T11:56:26.756891200Z,1,55206939,やる気元気ミワハルキ,55206939,55138264,9714ab5c3996f6cc,648,replays\episode_89714137.json,logs\89714137\agent_0_observation_logs.json;logs\89714137\agent_1_observation_logs.json,success,,2026-08-06T09:52:29.780254Z
11,16561259,@kdcyberdude,55187358,1116.3,55187358,89715406,COMPLETED,EPISODE_TYPE_PUBLIC,2026-08-03T12:03:21.985923600Z,2026-08-03T12:06:03.524177300Z,0,55177269,Raihan Ramadistra,55187358,55177269,9714ab5c3996f6cc,648,replays\episode_89715406.json,logs\89715406\agent_0_observation_logs.json;logs\89715406\agent_1_observation_logs.json,skipped_existing,,2026-08-06T09:52:46.710947Z
11,16561259,@kdcyberdude,55187358,1116.3,55187358,89721008,COMPLETED,EPISODE_TYPE_PUBLIC,2026-08-03T12:43:21.807770900Z,2026-08-03T12:45:35.174400900Z,1,55208479,yumizu,55208479,55187358,9714ab5c3996f6cc,648,replays\episode_89721008.json,logs\89721008\agent_0_observation_logs.json;logs\89721008\agent_1_observation_logs.json,skipped_existing,,2026-08-06T09:52:47.188413Z
12,16452116,Sixth Sense,55138264,1113.7,55138264,89723426,COMPLETED,EPISODE_TYPE_PUBLIC,2026-08-03T12:59:22.305364800Z,2026-08-03T13:04:05.456357900Z,0,55192206,RtoABC,55138264,55192206,9714ab5c3996f6cc,648,replays\episode_89723426.json,logs\89723426\agent_0_observation_logs.json;logs\89723426\agent_1_observation_logs.json,success,,2026-08-06T09:52:34.942368Z
11,16561259,@kdcyberdude,55187358,1116.3,55187358,89726647,COMPLETED,EPISODE_TYPE_PUBLIC,2026-08-03T13:23:21.739334800Z,2026-08-03T13:26:24.906505500Z,0,55210366,Lunariz,55187358,55210366,9714ab5c3996f6cc,648,replays\episode_89726647.json,logs\89726647\agent_0_observation_logs.json;logs\89726647\agent_1_observation_logs.json,skipped_existing,,2026-08-06T09:52:47.505761Z
11,16561259,@kdcyberdude,55187358,1116.3,55187358,89727318,COMPLETED,EPISODE_TYPE_PUBLIC,2026-08-03T13:27:21.936165Z,2026-08-03T13:30:32.253347600Z,0,55209316,서주영,55187358,55209316,9714ab5c3996f6cc,648,replays\episode_89727318.json,logs\89727318\agent_0_observation_logs.json;logs\89727318\agent_1_observation_logs.json,skipped_existing,,2026-08-06T09:52:47.840063Z
11,16561259,@kdcyberdude,55187358,1116.3,55187358,89733389,COMPLETED,EPISODE_TYPE_PUBLIC,2026-08-03T14:11:26.666661800Z,2026-08-03T14:13:00.961991200Z,0,55213637,Egor Tkachenko,55187358,55213637,9714ab5c3996f6cc,648,replays\episode_89733389.json,logs\89733389\agent_0_observation_logs.json;logs\89733389\agent_1_observation_logs.json,skipped_existing,,2026-08-06T09:52:48.480708Z
12,16452116,Sixth Sense,55138264,1113.7,55138264,89734200,COMPLETED,EPISODE_TYPE_PUBLIC,2026-08-03T14:15:30.417093500Z,2026-08-03T14:16:19.349272Z,0,55210828,HCRL,55138264,55210828,9714ab5c3996f6cc,648,replays\episode_89734200.json,logs\89734200\agent_0_observation_logs.json;logs\89734200\agent_1_observation_logs.json,success,,2026-08-06T09:52:40.010712Z
12,16452116,Sixth Sense,55138264,1113.7,55138264,89749143,COMPLETED,EPISODE_TYPE_PUBLIC,2026-08-03T15:59:27.568913600Z,2026-08-03T16:00:17.506577900Z,0,55214482,ShumpeiNomura,55138264,55214482,9714ab5c3996f6cc,648,replays\episode_89749143.json,logs\89749143\agent_0_observation_logs.json;logs\89749143\agent_1_observation_logs.json,success,,2026-08-06T09:52:45.566399Z
11,16561259,@kdcyberdude,55187358,1116.3,55187358,89752028,COMPLETED,EPISODE_TYPE_PUBLIC,2026-08-03T16:19:29.267362900Z,2026-08-03T16:21:07.505881600Z,0,55214482,ShumpeiNomura,55187358,55214482,9714ab5c3996f6cc,648,replays\episode_89752028.json,logs\89752028\agent_0_observation_logs.json;logs\89752028\agent_1_observation_logs.json,skipped_existing,,2026-08-06T09:52:48.851242Z
12,16452116,Sixth Sense,55138264,1113.7,55138264,89766704,COMPLETED,EPISODE_TYPE_PUBLIC,2026-08-03T17:59:30.495289Z,2026-08-03T18:00:42.560942500Z,1,55211888,ANDPAD kaggler team,55211888,55138264,9714ab5c3996f6cc,648,replays\episode_89766704.json,logs\89766704\agent_0_observation_logs.json;logs\89766704\agent_1_observation_logs.json,success,,2026-08-06T09:52:49.662202Z
12,16452116,Sixth Sense,55138264,1113.7,55138264,89767655,COMPLETED,EPISODE_TYPE_PUBLIC,2026-08-03T18:07:29.649969400Z,2026-08-03T18:08:49.371390500Z,1,55217790,llkarill,55217790,55138264,9714ab5c3996f6cc,648,replays\episode_89767655.json,logs\89767655\agent_0_observation_logs.json;logs\89767655\agent_1_observation_logs.json,success,,2026-08-06T09:52:55.413205Z
11,16561259,@kdcyberdude,55187358,1116.3,55187358,89769155,COMPLETED,EPISODE_TYPE_PUBLIC,2026-08-03T18:15:31.422375200Z,2026-08-03T18:19:28.480694400Z,0,55217790,llkarill,55187358,55217790,9714ab5c3996f6cc,648,replays\episode_89769155.json,logs\89769155\agent_0_observation_logs.json;logs\89769155\agent_1_observation_logs.json,skipped_existing,,2026-08-06T09:52:49.519971Z
11,16561259,@kdcyberdude,55187358,1116.3,55187358,89775610,COMPLETED,EPISODE_TYPE_PUBLIC,2026-08-03T18:59:31.031882900Z,2026-08-03T19:02:32.356358600Z,0,55206939,やる気元気ミワハルキ,55187358,55206939,9714ab5c3996f6cc,648,replays\episode_89775610.json,logs\89775610\agent_0_observation_logs.json;logs\89775610\agent_1_observation_logs.json,skipped_existing,,2026-08-06T09:52:49.960889Z
12,16452116,Sixth Sense,55138264,1113.7,55138264,89779592,COMPLETED,EPISODE_TYPE_PUBLIC,2026-08-03T19:27:30.516115600Z,2026-08-03T19:28:34.221839400Z,1,55195833,Yaroslav,55195833,55138264,9714ab5c3996f6cc,648,replays\episode_89779592.json,logs\89779592\agent_0_observation_logs.json;logs\89779592\agent_1_observation_logs.json,success,,2026-08-06T09:53:02.306679Z
12,16452116,Sixth Sense,55138264,1113.7,55138264,89780064,COMPLETED,EPISODE_TYPE_PUBLIC,2026-08-03T19:31:30.241969Z,2026-08-03T19:33:04.141817Z,0,55217464,213tubo,55138264,55217464,9714ab5c3996f6cc,648,replays\episode_89780064.json,logs\89780064\agent_0_observation_logs.json;logs\89780064\agent_1_observation_logs.json,success,,2026-08-06T09:53:07.231739Z
12,16452116,Sixth Sense,55138264,1113.7,55138264,89781405,COMPLETED,EPISODE_TYPE_PUBLIC,2026-08-03T19:39:30.426925500Z,2026-08-03T19:40:42.494805800Z,0,55215598,tangai1,55138264,55215598,9714ab5c3996f6cc,648,replays\episode_89781405.json,logs\89781405\agent_0_observation_logs.json;logs\89781405\agent_1_observation_logs.json,success,,2026-08-06T09:53:11.042700Z
12,16452116,Sixth Sense,55138264,1113.7,55138264,89782362,COMPLETED,EPISODE_TYPE_PUBLIC,2026-08-03T19:47:30.053643500Z,2026-08-03T19:50:29.714075200Z,0,55219010,Team Rot-Weiß,55138264,55219010,9714ab5c3996f6cc,648,replays\episode_89782362.json,logs\89782362\agent_0_observation_logs.json;logs\89782362\agent_1_observation_logs.json,success,,2026-08-06T09:53:15.705972Z
11,16561259,@kdcyberdude,55187358,1116.3,55187358,89784120,COMPLETED,EPISODE_TYPE_PUBLIC,2026-08-03T19:59:30.116662800Z,2026-08-03T20:03:27.816766800Z,0,55219010,Team Rot-Weiß,55187358,55219010,9714ab5c3996f6cc,648,replays\episode_89784120.json,logs\89784120\agent_0_observation_logs.json;logs\89784120\agent_1_observation_logs.json,skipped_existing,,2026-08-06T09:52:50.375001Z
12,16452116,Sixth Sense,55138264,1113.7,55138264,89789142,COMPLETED,EPISODE_TYPE_PUBLIC,2026-08-03T20:35:37.846124400Z,2026-08-03T20:36:37.233919200Z,1,55187387,カントー地方マスター(KantoRegionMaster),55187387,55138264,9714ab5c3996f6cc,648,replays\episode_89789142.json,logs\89789142\agent_0_observation_logs.json;logs\89789142\agent_1_observation_logs.json,success,,2026-08-06T09:53:18.927800Z
12,16452116,Sixth Sense,55138264,1113.7,55138264,89789236,COMPLETED,EPISODE_TYPE_PUBLIC,2026-08-03T20:35:38.050758200Z,2026-08-03T20:36:28.850060500Z,0,53859643,Yuki Suwa,55138264,53859643,9714ab5c3996f6cc,648,replays\episode_89789236.json,logs\89789236\agent_0_observation_logs.json;logs\89789236\agent_1_observation_logs.json,success,,2026-08-06T09:53:22.097328Z
11,16561259,@kdcyberdude,55187358,1116.3,55187358,89790909,COMPLETED,EPISODE_TYPE_PUBLIC,2026-08-03T20:47:26.695324100Z,2026-08-03T20:51:40.699470300Z,1,55217845,insuperabilehart,55217845,55187358,9714ab5c3996f6cc,648,replays\episode_89790909.json,logs\89790909\agent_0_observation_logs.json;logs\89790909\agent_1_observation_logs.json,skipped_existing,,2026-08-06T09:52:50.729707Z
11,16561259,@kdcyberdude,55187358,1116.3,55187358,89791051,COMPLETED,EPISODE_TYPE_PUBLIC,2026-08-03T20:47:26.908662900Z,2026-08-03T20:52:50.129087200Z,1,55217580,RtoABC,55217580,55187358,9714ab5c3996f6cc,648,replays\episode_89791051.json,logs\89791051\agent_0_observation_logs.json;logs\89791051\agent_1_observation_logs.json,skipped_existing,,2026-08-06T09:52:51.033254Z
11,16561259,@kdcyberdude,55187358,1116.3,55187358,89791539,COMPLETED,EPISODE_TYPE_PUBLIC,2026-08-03T20:51:26.692459800Z,2026-08-03T20:58:14.178640200Z,1,55217580,RtoABC,55217580,55187358,9714ab5c3996f6cc,648,replays\episode_89791539.json,logs\89791539\agent_0_observation_logs.json;logs\89791539\agent_1_observation_logs.json,skipped_existing,,2026-08-06T09:52:51.351527Z
11,16561259,@kdcyberdude,55187358,1116.3,55187358,89792814,COMPLETED,EPISODE_TYPE_PUBLIC,2026-08-03T20:59:27.360406300Z,2026-08-03T21:02:16.462171200Z,1,55206939,やる気元気ミワハルキ,55206939,55187358,9714ab5c3996f6cc,648,replays\episode_89792814.json,logs\89792814\agent_0_observation_logs.json;logs\89792814\agent_1_observation_logs.json,skipped_existing,,2026-08-06T09:52:51.528758Z
12,16452116,Sixth Sense,55138264,1113.7,55138264,89794712,COMPLETED,EPISODE_TYPE_PUBLIC,2026-08-03T21:11:27.081816500Z,2026-08-03T21:12:26.095183600Z,1,55033457,flg,55033457,55138264,9714ab5c3996f6cc,648,replays\episode_89794712.json,logs\89794712\agent_0_observation_logs.json;logs\89794712\agent_1_observation_logs.json,success,,2026-08-06T09:53:25.212161Z
11,16561259,@kdcyberdude,55187358,1116.3,55187358,89795219,COMPLETED,EPISODE_TYPE_PUBLIC,2026-08-03T21:15:26.843422600Z,2026-08-03T21:20:20.407167100Z,1,55217845,insuperabilehart,55217845,55187358,9714ab5c3996f6cc,648,replays\episode_89795219.json,logs\89795219\agent_0_observation_logs.json;logs\89795219\agent_1_observation_logs.json,skipped_existing,,2026-08-06T09:52:51.701081Z
11,16561259,@kdcyberdude,55187358,1116.3,55187358,89797034,COMPLETED,EPISODE_TYPE_PUBLIC,2026-08-03T21:32:05.123173100Z,2026-08-03T21:35:43.393273600Z,1,55177269,Raihan Ramadistra,55177269,55187358,9714ab5c3996f6cc,648,replays\episode_89797034.json,logs\89797034\agent_0_observation_logs.json;logs\89797034\agent_1_observation_logs.json,skipped_existing,,2026-08-06T09:52:51.886332Z
12,16452116,Sixth Sense,55138264,1113.7,55138264,89797757,COMPLETED,EPISODE_TYPE_PUBLIC,2026-08-03T21:36:05.380700600Z,2026-08-03T21:36:56.759813200Z,0,55188658,James Cox & Henry Chao,55138264,55188658,9714ab5c3996f6cc,648,replays\episode_89797757.json,logs\89797757\agent_0_observation_logs.json;logs\89797757\agent_1_observation_logs.json,success,,2026-08-06T09:53:28.843762Z
12,16452116,Sixth Sense,55138264,1113.7,55138264,89800762,COMPLETED,EPISODE_TYPE_PUBLIC,2026-08-03T21:56:05.146558200Z,2026-08-03T21:57:18.323759200Z,0,55197432,rmizuta,55138264,55197432,9714ab5c3996f6cc,648,replays\episode_89800762.json,logs\89800762\agent_0_observation_logs.json;logs\89800762\agent_1_observation_logs.json,success,,2026-08-06T09:53:33.228526Z
11,16561259,@kdcyberdude,55187358,1116.3,55187358,89801398,COMPLETED,EPISODE_TYPE_PUBLIC,2026-08-03T22:00:05.781275300Z,2026-08-03T22:02:37.758994300Z,1,55188658,James Cox & Henry Chao,55188658,55187358,9714ab5c3996f6cc,648,replays\episode_89801398.json,logs\89801398\agent_0_observation_logs.json;logs\89801398\agent_1_observation_logs.json,skipped_existing,,2026-08-06T09:52:52.103614Z
12,16452116,Sixth Sense,55138264,1113.7,55138264,89802020,COMPLETED,EPISODE_TYPE_PUBLIC,2026-08-03T22:04:06.539455400Z,2026-08-03T22:05:13.077111400Z,0,55084456,Oshbocker,55138264,55084456,9714ab5c3996f6cc,648,replays\episode_89802020.json,logs\89802020\agent_0_observation_logs.json;logs\89802020\agent_1_observation_logs.json,success,,2026-08-06T09:53:36.017990Z
12,16452116,Sixth Sense,55138264,1113.7,55138264,89802541,COMPLETED,EPISODE_TYPE_PUBLIC,2026-08-03T22:08:05.369256Z,2026-08-03T22:08:56.202829Z,0,55153405,keidroid,55138264,55153405,9714ab5c3996f6cc,648,replays\episode_89802541.json,logs\89802541\agent_0_observation_logs.json;logs\89802541\agent_1_observation_logs.json,success,,2026-08-06T09:53:40.108260Z
12,16452116,Sixth Sense,55138264,1113.7,55138264,89802941,COMPLETED,EPISODE_TYPE_PUBLIC,2026-08-03T22:12:04.999001300Z,2026-08-03T22:12:53.973881Z,0,55221781,Gabriel Silveira,55138264,55221781,9714ab5c3996f6cc,648,replays\episode_89802941.json,logs\89802941\agent_0_observation_logs.json;logs\89802941\agent_1_observation_logs.json,success,,2026-08-06T09:53:43.085341Z
12,16452116,Sixth Sense,55138264,1113.7,55138264,89803222,COMPLETED,EPISODE_TYPE_PUBLIC,2026-08-03T22:12:05.428514400Z,2026-08-03T22:13:07.123417300Z,0,55181896,那个男人,55138264,55181896,9714ab5c3996f6cc,648,replays\episode_89803222.json,logs\89803222\agent_0_observation_logs.json;logs\89803222\agent_1_observation_logs.json,success,,2026-08-06T09:53:46.658232Z
12,16452116,Sixth Sense,55138264,1113.7,55138264,89803742,COMPLETED,EPISODE_TYPE_PUBLIC,2026-08-03T22:16:05.083191100Z,2026-08-03T22:21:42.845720900Z,0,55192206,RtoABC,55138264,55192206,9714ab5c3996f6cc,648,replays\episode_89803742.json,logs\89803742\agent_0_observation_logs.json;logs\89803742\agent_1_observation_logs.json,success,,2026-08-06T09:53:49.896879Z
11,16561259,@kdcyberdude,55187358,1116.3,55187358,89803774,COMPLETED,EPISODE_TYPE_PUBLIC,2026-08-03T22:16:05.130717Z,2026-08-03T22:18:39.089968600Z,1,55147326,Majkel1337,55147326,55187358,9714ab5c3996f6cc,648,replays\episode_89803774.json,logs\89803774\agent_0_observation_logs.json;logs\89803774\agent_1_observation_logs.json,skipped_existing,,2026-08-06T09:52:52.257818Z
12,16452116,Sixth Sense,55138264,1113.7,55138264,89804267,COMPLETED,EPISODE_TYPE_PUBLIC,2026-08-03T22:20:04.766842900Z,2026-08-03T22:22:10.032079600Z,0,55184021,李秉叡（ntumlnoob）,55138264,55184021,9714ab5c3996f6cc,648,replays\episode_89804267.json,logs\89804267\agent_0_observation_logs.json;logs\89804267\agent_1_observation_logs.json,success,,2026-08-06T09:53:53.964295Z
12,16452116,Sixth Sense,55138264,1113.7,55138264,89804335,COMPLETED,EPISODE_TYPE_PUBLIC,2026-08-03T22:20:04.869955300Z,2026-08-03T22:26:29.727303100Z,0,55221375,stnick,55138264,55221375,9714ab5c3996f6cc,648,replays\episode_89804335.json,logs\89804335\agent_0_observation_logs.json;logs\89804335\agent_1_observation_logs.json,success,,2026-08-06T09:53:58.789998Z
11,16561259,@kdcyberdude,55187358,1116.3,55187358,89804407,COMPLETED,EPISODE_TYPE_PUBLIC,2026-08-03T22:20:05.025852500Z,2026-08-03T22:21:40.394897300Z,1,55214482,ShumpeiNomura,55214482,55187358,9714ab5c3996f6cc,648,replays\episode_89804407.json,logs\89804407\agent_0_observation_logs.json;logs\89804407\agent_1_observation_logs.json,skipped_existing,,2026-08-06T09:52:52.410838Z
12,16452116,Sixth Sense,55138264,1113.7,55138264,89804979,COMPLETED,EPISODE_TYPE_PUBLIC,2026-08-03T22:24:10.443002700Z,2026-08-03T22:25:03.137014700Z,1,55217328,LumenLiquidity,55217328,55138264,9714ab5c3996f6cc,648,replays\episode_89804979.json,logs\89804979\agent_0_observation_logs.json;logs\89804979\agent_1_observation_logs.json,success,,2026-08-06T09:54:02.150729Z
12,16452116,Sixth Sense,55138264,1113.7,55138264,89805467,COMPLETED,EPISODE_TYPE_PUBLIC,2026-08-03T22:28:05.278345100Z,2026-08-03T22:28:59.467242400Z,1,55177269,Raihan Ramadistra,55177269,55138264,9714ab5c3996f6cc,648,replays\episode_89805467.json,logs\89805467\agent_0_observation_logs.json;logs\89805467\agent_1_observation_logs.json,success,,2026-08-06T09:54:04.962682Z
12,16452116,Sixth Sense,55138264,1113.7,55138264,89805522,COMPLETED,EPISODE_TYPE_PUBLIC,2026-08-03T22:28:05.384463200Z,2026-08-03T22:28:43.431730200Z,0,53917136,Hao Boyuan,55138264,53917136,9714ab5c3996f6cc,648,replays\episode_89805522.json,logs\89805522\agent_0_observation_logs.json;logs\89805522\agent_1_observation_logs.json,success,,2026-08-06T09:54:08.979315Z
12,16452116,Sixth Sense,55138264,1113.7,55138264,89806124,COMPLETED,EPISODE_TYPE_PUBLIC,2026-08-03T22:32:05.132657400Z,2026-08-03T22:33:02.530865300Z,1,55157066,Iolzpo + emonga,55157066,55138264,9714ab5c3996f6cc,648,replays\episode_89806124.json,logs\89806124\agent_0_observation_logs.json;logs\89806124\agent_1_observation_logs.json,success,,2026-08-06T09:54:11.114202Z
12,16452116,Sixth Sense,55138264,1113.7,55138264,89806239,COMPLETED,EPISODE_TYPE_PUBLIC,2026-08-03T22:32:05.329824300Z,2026-08-03T22:33:05.040287700Z,0,55215450,Octavi Grau,55138264,55215450,9714ab5c3996f6cc,648,replays\episode_89806239.json,logs\89806239\agent_0_observation_logs.json;logs\89806239\agent_1_observation_logs.json,success,,2026-08-06T09:54:14.838999Z
12,16452116,Sixth Sense,55138264,1113.7,55138264,89806672,COMPLETED,EPISODE_TYPE_PUBLIC,2026-08-03T22:36:05.732089300Z,2026-08-03T22:37:26.888846600Z,1,55195669,LiamK,55195669,55138264,9714ab5c3996f6cc,648,replays\episode_89806672.json,logs\89806672\agent_0_observation_logs.json;logs\89806672\agent_1_observation_logs.json,success,,2026-08-06T09:54:18.169979Z
12,16452116,Sixth Sense,55138264,1113.7,55138264,89806674,COMPLETED,EPISODE_TYPE_PUBLIC,2026-08-03T22:36:05.734229200Z,2026-08-03T22:37:01.910807200Z,1,55198468,M Sato,55198468,55138264,9714ab5c3996f6cc,648,replays\episode_89806674.json,logs\89806674\agent_0_observation_logs.json;logs\89806674\agent_1_observation_logs.json,success,,2026-08-06T09:54:21.987325Z
12,16452116,Sixth Sense,55138264,1113.7,55138264,89806689,COMPLETED,EPISODE_TYPE_PUBLIC,2026-08-03T22:36:05.757238700Z,2026-08-03T22:36:55.886814300Z,1,55188658,James Cox & Henry Chao,55188658,55138264,9714ab5c3996f6cc,648,replays\episode_89806689.json,logs\89806689\agent_0_observation_logs.json;logs\89806689\agent_1_observation_logs.json,success,,2026-08-06T09:54:24.771123Z
12,16452116,Sixth Sense,55138264,1113.7,55138264,89806713,COMPLETED,EPISODE_TYPE_PUBLIC,2026-08-03T22:36:05.823245700Z,2026-08-03T22:37:07.547859400Z,1,55121805,Iolzpo + emonga,55121805,55138264,9714ab5c3996f6cc,648,replays\episode_89806713.json,logs\89806713\agent_0_observation_logs.json;logs\89806713\agent_1_observation_logs.json,success,,2026-08-06T09:54:27.025124Z
11,16561259,@kdcyberdude,55187358,1116.3,55187358,89807263,COMPLETED,EPISODE_TYPE_PUBLIC,2026-08-03T22:40:05.223196Z,2026-08-03T22:44:28.979190600Z,1,55195669,LiamK,55195669,55187358,9714ab5c3996f6cc,648,replays\episode_89807263.json,logs\89807263\agent_0_observation_logs.json;logs\89807263\agent_1_observation_logs.json,skipped_existing,,2026-08-06T09:52:52.535387Z
12,16452116,Sixth Sense,55138264,1113.7,55138264,89807269,COMPLETED,EPISODE_TYPE_PUBLIC,2026-08-03T22:40:05.227922200Z,2026-08-03T22:41:06.059942800Z,0,55198284,__Taichicchi__,55138264,55198284,9714ab5c3996f6cc,648,replays\episode_89807269.json,logs\89807269\agent_0_observation_logs.json;logs\89807269\agent_1_observation_logs.json,success,,2026-08-06T09:54:29.943419Z
11,16561259,@kdcyberdude,55187358,1116.3,55187358,89807383,COMPLETED,EPISODE_TYPE_PUBLIC,2026-08-03T22:40:05.389914800Z,2026-08-03T22:42:08.764437300Z,0,55193872,Dominic Peel,55187358,55193872,9714ab5c3996f6cc,648,replays\episode_89807383.json,logs\89807383\agent_0_observation_logs.json;logs\89807383\agent_1_observation_logs.json,skipped_existing,,2026-08-06T09:52:52.721061Z
12,16452116,Sixth Sense,55138264,1113.7,55138264,89807870,COMPLETED,EPISODE_TYPE_PUBLIC,2026-08-03T22:44:10.129218Z,2026-08-03T22:44:52.001859900Z,0,55215450,Octavi Grau,55138264,55215450,9714ab5c3996f6cc,648,replays\episode_89807870.json,logs\89807870\agent_0_observation_logs.json;logs\89807870\agent_1_observation_logs.json,success,,2026-08-06T09:54:33.164302Z
11,16561259,@kdcyberdude,55187358,1116.3,55187358,89807907,COMPLETED,EPISODE_TYPE_PUBLIC,2026-08-03T22:44:10.186038Z,2026-08-03T22:47:19.704039600Z,1,55033457,flg,55033457,55187358,9714ab5c3996f6cc,648,replays\episode_89807907.json,logs\89807907\agent_0_observation_logs.json;logs\89807907\agent_1_observation_logs.json,skipped_existing,,2026-08-06T09:52:53.341967Z
12,16452116,Sixth Sense,55138264,1113.7,55138264,89808503,COMPLETED,EPISODE_TYPE_PUBLIC,2026-08-03T22:48:05.225891300Z,2026-08-03T22:49:14.504277300Z,1,55206911,やる気元気ミワハルキ,55206911,55138264,9714ab5c3996f6cc,648,replays\episode_89808503.json,logs\89808503\agent_0_observation_logs.json;logs\89808503\agent_1_observation_logs.json,success,,2026-08-06T09:54:36.254214Z
12,16452116,Sixth Sense,55138264,1113.7,55138264,89808545,COMPLETED,EPISODE_TYPE_PUBLIC,2026-08-03T22:48:05.261231900Z,2026-08-03T22:49:05.352699700Z,1,55209316,서주영,55209316,55138264,9714ab5c3996f6cc,648,replays\episode_89808545.json,logs\89808545\agent_0_observation_logs.json;logs\89808545\agent_1_observation_logs.json,success,,2026-08-06T09:54:38.768898Z
12,16452116,Sixth Sense,55138264,1113.7,55138264,89809096,COMPLETED,EPISODE_TYPE_PUBLIC,2026-08-03T22:52:05.031642600Z,2026-08-03T22:52:47.881587700Z,1,55153405,keidroid,55153405,55138264,9714ab5c3996f6cc,648,replays\episode_89809096.json,logs\89809096\agent_0_observation_logs.json;logs\89809096\agent_1_observation_logs.json,success,,2026-08-06T09:54:41.238917Z
12,16452116,Sixth Sense,55138264,1113.7,55138264,89809723,COMPLETED,EPISODE_TYPE_PUBLIC,2026-08-03T22:56:04.966410100Z,2026-08-03T22:56:59.021926100Z,0,55195669,LiamK,55138264,55195669,9714ab5c3996f6cc,648,replays\episode_89809723.json,logs\89809723\agent_0_observation_logs.json;logs\89809723\agent_1_observation_logs.json,success,,2026-08-06T09:54:43.620057Z
12,16452116,Sixth Sense,55138264,1113.7,55138264,89809875,COMPLETED,EPISODE_TYPE_PUBLIC,2026-08-03T22:56:05.172586Z,2026-08-03T22:57:03.589717600Z,1,55084456,Oshbocker,55084456,55138264,9714ab5c3996f6cc,648,replays\episode_89809875.json,logs\89809875\agent_0_observation_logs.json;logs\89809875\agent_1_observation_logs.json,success,,2026-08-06T09:54:47.137167Z
11,16561259,@kdcyberdude,55187358,1116.3,55187358,89809880,COMPLETED,EPISODE_TYPE_PUBLIC,2026-08-03T22:56:05.176727300Z,2026-08-03T22:58:50.990307100Z,0,55094109,JZ,55187358,55094109,9714ab5c3996f6cc,648,replays\episode_89809880.json,logs\89809880\agent_0_observation_logs.json;logs\89809880\agent_1_observation_logs.json,skipped_existing,,2026-08-06T09:52:53.945582Z
11,16561259,@kdcyberdude,55187358,1116.3,55187358,89810407,COMPLETED,EPISODE_TYPE_PUBLIC,2026-08-03T23:00:05.242799900Z,2026-08-03T23:02:36.111907500Z,0,55206911,やる気元気ミワハルキ,55187358,55206911,9714ab5c3996f6cc,648,replays\episode_89810407.json,logs\89810407\agent_0_observation_logs.json;logs\89810407\agent_1_observation_logs.json,skipped_existing,,2026-08-06T09:52:55.173297Z
12,16452116,Sixth Sense,55138264,1113.7,55138264,89810472,COMPLETED,EPISODE_TYPE_PUBLIC,2026-08-03T23:00:05.495759900Z,2026-08-03T23:00:54.387348500Z,1,55188658,James Cox & Henry Chao,55188658,55138264,9714ab5c3996f6cc,648,replays\episode_89810472.json,logs\89810472\agent_0_observation_logs.json;logs\89810472\agent_1_observation_logs.json,success,,2026-08-06T09:54:49.799605Z
12,16452116,Sixth Sense,55138264,1113.7,55138264,89810976,COMPLETED,EPISODE_TYPE_PUBLIC,2026-08-03T23:04:05.954461200Z,2026-08-03T23:04:52.769483200Z,1,55198468,M Sato,55198468,55138264,9714ab5c3996f6cc,648,replays\episode_89810976.json,logs\89810976\agent_0_observation_logs.json;logs\89810976\agent_1_observation_logs.json,success,,2026-08-06T09:54:53.047994Z
12,16452116,Sixth Sense,55138264,1113.7,55138264,89811610,COMPLETED,EPISODE_TYPE_PUBLIC,2026-08-03T23:08:04.834843900Z,2026-08-03T23:09:46.893392500Z,1,55207709,ヌメルゴンex,55207709,55138264,9714ab5c3996f6cc,648,replays\episode_89811610.json,logs\89811610\agent_0_observation_logs.json;logs\89811610\agent_1_observation_logs.json,success,,2026-08-06T09:54:55.899181Z
12,16452116,Sixth Sense,55138264,1113.7,55138264,89812165,COMPLETED,EPISODE_TYPE_PUBLIC,2026-08-03T23:12:04.974617100Z,2026-08-03T23:13:07.558293900Z,1,55177269,Raihan Ramadistra,55177269,55138264,9714ab5c3996f6cc,648,replays\episode_89812165.json,logs\89812165\agent_0_observation_logs.json;logs\89812165\agent_1_observation_logs.json,success,,2026-08-06T09:54:59.728927Z
12,16452116,Sixth Sense,55138264,1113.7,55138264,89812270,COMPLETED,EPISODE_TYPE_PUBLIC,2026-08-03T23:12:05.218749400Z,2026-08-03T23:13:12.166986900Z,1,55198468,M Sato,55198468,55138264,9714ab5c3996f6cc,648,replays\episode_89812270.json,logs\89812270\agent_0_observation_logs.json;logs\89812270\agent_1_observation_logs.json,success,,2026-08-06T09:55:02.638077Z
12,16452116,Sixth Sense,55138264,1113.7,55138264,89812295,COMPLETED,EPISODE_TYPE_PUBLIC,2026-08-03T23:12:05.246078800Z,2026-08-03T23:12:44.532665300Z,0,55214482,ShumpeiNomura,55138264,55214482,9714ab5c3996f6cc,648,replays\episode_89812295.json,logs\89812295\agent_0_observation_logs.json;logs\89812295\agent_1_observation_logs.json,success,,2026-08-06T09:55:05.592806Z
12,16452116,Sixth Sense,55138264,1113.7,55138264,89812377,COMPLETED,EPISODE_TYPE_PUBLIC,2026-08-03T23:12:05.450589400Z,2026-08-03T23:13:01.919957Z,1,55193872,Dominic Peel,55193872,55138264,9714ab5c3996f6cc,648,replays\episode_89812377.json,logs\89812377\agent_0_observation_logs.json;logs\89812377\agent_1_observation_logs.json,success,,2026-08-06T09:55:06.911448Z
12,16452116,Sixth Sense,55138264,1113.7,55138264,89812846,COMPLETED,EPISODE_TYPE_PUBLIC,2026-08-03T23:16:06.048414600Z,2026-08-03T23:17:06.020092Z,0,55157066,Iolzpo + emonga,55138264,55157066,9714ab5c3996f6cc,648,replays\episode_89812846.json,logs\89812846\agent_0_observation_logs.json;logs\89812846\agent_1_observation_logs.json,success,,2026-08-06T09:55:09.080825Z
11,16561259,@kdcyberdude,55187358,1116.3,55187358,89813013,COMPLETED,EPISODE_TYPE_PUBLIC,2026-08-03T23:16:06.273381800Z,2026-08-03T23:18:07.822254400Z,0,55117096,那个男人,55187358,55117096,9714ab5c3996f6cc,648,replays\episode_89813013.json,logs\89813013\agent_0_observation_logs.json;logs\89813013\agent_1_observation_logs.json,skipped_existing,,2026-08-06T09:52:55.702851Z
12,16452116,Sixth Sense,55138264,1113.7,55138264,89813483,COMPLETED,EPISODE_TYPE_PUBLIC,2026-08-03T23:20:05.031895400Z,2026-08-03T23:20:55.656010300Z,0,55062390,Oshbocker,55138264,55062390,9714ab5c3996f6cc,648,replays\episode_89813483.json,logs\89813483\agent_0_observation_logs.json;logs\89813483\agent_1_observation_logs.json,success,,2026-08-06T09:55:12.162006Z
12,16452116,Sixth Sense,55138264,1113.7,55138264,89814086,COMPLETED,EPISODE_TYPE_PUBLIC,2026-08-03T23:24:05.844620800Z,2026-08-03T23:25:05.291288800Z,1,54773249,AlphaStarmie,54773249,55138264,9714ab5c3996f6cc,648,replays\episode_89814086.json,logs\89814086\agent_0_observation_logs.json;logs\89814086\agent_1_observation_logs.json,success,,2026-08-06T09:55:14.628226Z
12,16452116,Sixth Sense,55138264,1113.7,55138264,89814095,COMPLETED,EPISODE_TYPE_PUBLIC,2026-08-03T23:24:05.853663300Z,2026-08-03T23:24:52.542112Z,1,55153405,keidroid,55153405,55138264,9714ab5c3996f6cc,648,replays\episode_89814095.json,logs\89814095\agent_0_observation_logs.json;logs\89814095\agent_1_observation_logs.json,success,,2026-08-06T09:55:17.482444Z
12,16452116,Sixth Sense,55138264,1113.7,55138264,89814097,COMPLETED,EPISODE_TYPE_PUBLIC,2026-08-03T23:24:05.858047200Z,2026-08-03T23:26:55.955556600Z,0,55219138,213tubo,55138264,55219138,9714ab5c3996f6cc,648,replays\episode_89814097.json,logs\89814097\agent_0_observation_logs.json;logs\89814097\agent_1_observation_logs.json,success,,2026-08-06T09:55:19.553034Z
11,16561259,@kdcyberdude,55187358,1116.3,55187358,89814250,COMPLETED,EPISODE_TYPE_PUBLIC,2026-08-03T23:24:06.173569200Z,2026-08-03T23:27:39.674016900Z,1,55207709,ヌメルゴンex,55207709,55187358,9714ab5c3996f6cc,648,replays\episode_89814250.json,logs\89814250\agent_0_observation_logs.json;logs\89814250\agent_1_observation_logs.json,skipped_existing,,2026-08-06T09:52:55.938614Z
12,16452116,Sixth Sense,55138264,1113.7,55138264,89814729,COMPLETED,EPISODE_TYPE_PUBLIC,2026-08-03T23:28:05.134987200Z,2026-08-03T23:29:05.230012800Z,0,55094113,JZ,55138264,55094113,9714ab5c3996f6cc,648,replays\episode_89814729.json,logs\89814729\agent_0_observation_logs.json;logs\89814729\agent_1_observation_logs.json,success,,2026-08-06T09:55:22.304574Z
11,16561259,@kdcyberdude,55187358,1116.3,55187358,89814830,COMPLETED,EPISODE_TYPE_PUBLIC,2026-08-03T23:28:05.282798200Z,2026-08-03T23:33:02.103022200Z,0,55217845,insuperabilehart,55187358,55217845,9714ab5c3996f6cc,648,replays\episode_89814830.json,logs\89814830\agent_0_observation_logs.json;logs\89814830\agent_1_observation_logs.json,skipped_existing,,2026-08-06T09:52:56.282981Z
11,16561259,@kdcyberdude,55187358,1116.3,55187358,89814846,COMPLETED,EPISODE_TYPE_PUBLIC,2026-08-03T23:28:05.326487900Z,2026-08-03T23:30:05.225128800Z,1,55196705,MissingNo.,55196705,55187358,9714ab5c3996f6cc,648,replays\episode_89814846.json,logs\89814846\agent_0_observation_logs.json;logs\89814846\agent_1_observation_logs.json,skipped_existing,,2026-08-06T09:52:57.339992Z
11,16561259,@kdcyberdude,55187358,1116.3,55187358,89815351,COMPLETED,EPISODE_TYPE_PUBLIC,2026-08-03T23:32:04.861119200Z,2026-08-03T23:34:41.662190700Z,1,55157066,Iolzpo + emonga,55157066,55187358,9714ab5c3996f6cc,648,replays\episode_89815351.json,logs\89815351\agent_0_observation_logs.json;logs\89815351\agent_1_observation_logs.json,skipped_existing,,2026-08-06T09:52:58.287598Z
12,16452116,Sixth Sense,55138264,1113.7,55138264,89815354,COMPLETED,EPISODE_TYPE_PUBLIC,2026-08-03T23:32:04.863367800Z,2026-08-03T23:33:46.366799100Z,0,55212045,SoichiOzaki,55138264,55212045,9714ab5c3996f6cc,648,replays\episode_89815354.json,logs\89815354\agent_0_observation_logs.json;logs\89815354\agent_1_observation_logs.json,success,,2026-08-06T09:55:26.080505Z
11,16561259,@kdcyberdude,55187358,1116.3,55187358,89815951,COMPLETED,EPISODE_TYPE_PUBLIC,2026-08-03T23:36:05.237943600Z,2026-08-03T23:38:09.756544600Z,1,55188658,James Cox & Henry Chao,55188658,55187358,9714ab5c3996f6cc,648,replays\episode_89815951.json,logs\89815951\agent_0_observation_logs.json;logs\89815951\agent_1_observation_logs.json,skipped_existing,,2026-08-06T09:52:58.998339Z
12,16452116,Sixth Sense,55138264,1113.7,55138264,89815967,COMPLETED,EPISODE_TYPE_PUBLIC,2026-08-03T23:36:05.263612500Z,2026-08-03T23:36:56.639898600Z,1,55207761,masspeaks,55207761,55138264,9714ab5c3996f6cc,648,replays\episode_89815967.json,logs\89815967\agent_0_observation_logs.json;logs\89815967\agent_1_observation_logs.json,success,,2026-08-06T09:55:29.149766Z
12,16452116,Sixth Sense,55138264,1113.7,55138264,89816558,COMPLETED,EPISODE_TYPE_PUBLIC,2026-08-03T23:40:04.993216700Z,2026-08-03T23:40:56.535353100Z,1,55215429,ShumpeiNomura,55215429,55138264,9714ab5c3996f6cc,648,replays\episode_89816558.json,logs\89816558\agent_0_observation_logs.json;logs\89816558\agent_1_observation_logs.json,success,,2026-08-06T09:55:32.289209Z
12,16452116,Sixth Sense,55138264,1113.7,55138264,89817100,COMPLETED,EPISODE_TYPE_PUBLIC,2026-08-03T23:44:04.916120200Z,2026-08-03T23:45:57.242583900Z,1,55219138,213tubo,55219138,55138264,9714ab5c3996f6cc,648,replays\episode_89817100.json,logs\89817100\agent_0_observation_logs.json;logs\89817100\agent_1_observation_logs.json,success,,2026-08-06T09:55:35.729117Z
12,16452116,Sixth Sense,55138264,1113.7,55138264,89817134,COMPLETED,EPISODE_TYPE_PUBLIC,2026-08-03T23:44:06.165809200Z,2026-08-03T23:44:57.997389400Z,0,55193872,Dominic Peel,55138264,55193872,9714ab5c3996f6cc,648,replays\episode_89817134.json,logs\89817134\agent_0_observation_logs.json;logs\89817134\agent_1_observation_logs.json,success,,2026-08-06T09:55:39.011203Z
12,16452116,Sixth Sense,55138264,1113.7,55138264,89817734,COMPLETED,EPISODE_TYPE_PUBLIC,2026-08-03T23:48:05.152183300Z,2026-08-03T23:50:09.394341200Z,0,55187358,@kdcyberdude,55138264,55187358,9714ab5c3996f6cc,648,replays\episode_89817734.json,logs\89817734\agent_0_observation_logs.json;logs\89817734\agent_1_observation_logs.json,skipped_existing,,2026-08-06T09:55:40.937945Z
11,16561259,@kdcyberdude,55187358,1116.3,55187358,89817734,COMPLETED,EPISODE_TYPE_PUBLIC,2026-08-03T23:48:05.152183300Z,2026-08-03T23:50:09.394341200Z,1,55138264,Sixth Sense,55138264,55187358,9714ab5c3996f6cc,648,replays\episode_89817734.json,logs\89817734\agent_0_observation_logs.json;logs\89817734\agent_1_observation_logs.json,skipped_existing,,2026-08-06T09:52:59.258888Z
11,16561259,@kdcyberdude,55187358,1116.3,55187358,89817817,COMPLETED,EPISODE_TYPE_PUBLIC,2026-08-03T23:48:05.276434800Z,2026-08-03T23:51:04.242192800Z,1,55217845,insuperabilehart,55217845,55187358,9714ab5c3996f6cc,648,replays\episode_89817817.json,logs\89817817\agent_0_observation_logs.json;logs\89817817\agent_1_observation_logs.json,skipped_existing,,2026-08-06T09:52:59.518097Z
12,16452116,Sixth Sense,55138264,1113.7,55138264,89818308,COMPLETED,EPISODE_TYPE_PUBLIC,2026-08-03T23:52:04.973502900Z,2026-08-03T23:53:04.259916600Z,0,55188658,James Cox & Henry Chao,55138264,55188658,9714ab5c3996f6cc,648,replays\episode_89818308.json,logs\89818308\agent_0_observation_logs.json;logs\89818308\agent_1_observation_logs.json,success,,2026-08-06T09:55:41.343408Z
12,16452116,Sixth Sense,55138264,1113.7,55138264,89818316,COMPLETED,EPISODE_TYPE_PUBLIC,2026-08-03T23:52:04.984815100Z,2026-08-03T23:53:29.089357800Z,1,55171939,Kusanagi,55171939,55138264,9714ab5c3996f6cc,648,replays\episode_89818316.json,logs\89818316\agent_0_observation_logs.json;logs\89818316\agent_1_observation_logs.json,success,,2026-08-06T09:55:44.933262Z
12,16452116,Sixth Sense,55138264,1113.7,55138264,89818901,COMPLETED,EPISODE_TYPE_PUBLIC,2026-08-03T23:56:05.031808700Z,2026-08-03T23:57:02.230428700Z,1,55084456,Oshbocker,55084456,55138264,9714ab5c3996f6cc,648,replays\episode_89818901.json,logs\89818901\agent_0_observation_logs.json;logs\89818901\agent_1_observation_logs.json,success,,2026-08-06T09:55:47.785517Z
12,16452116,Sixth Sense,55138264,1113.7,55138264,89819494,COMPLETED,EPISODE_TYPE_PUBLIC,2026-08-04T00:00:05.148657800Z,2026-08-04T00:01:00.097202300Z,1,55185728,tonakaiiii,55185728,55138264,9714ab5c3996f6cc,648,replays\episode_89819494.json,logs\89819494\agent_0_observation_logs.json;logs\89819494\agent_1_observation_logs.json,success,,2026-08-06T09:55:51.964074Z
12,16452116,Sixth Sense,55138264,1113.7,55138264,89820148,COMPLETED,EPISODE_TYPE_PUBLIC,2026-08-04T00:04:05.626430800Z,2026-08-04T00:04:53.020665300Z,1,55203730,Articuno0144,55203730,55138264,9714ab5c3996f6cc,648,replays\episode_89820148.json,logs\89820148\agent_0_observation_logs.json;logs\89820148\agent_1_observation_logs.json,success,,2026-08-06T09:55:56.223940Z
12,16452116,Sixth Sense,55138264,1113.7,55138264,89820796,COMPLETED,EPISODE_TYPE_PUBLIC,2026-08-04T00:08:05.305006400Z,2026-08-04T00:09:03.937551800Z,1,55201815,M Sato,55201815,55138264,9714ab5c3996f6cc,648,replays\episode_89820796.json,logs\89820796\agent_0_observation_logs.json;logs\89820796\agent_1_observation_logs.json,success,,2026-08-06T09:56:00.345094Z
12,16452116,Sixth Sense,55138264,1113.7,55138264,89821372,COMPLETED,EPISODE_TYPE_PUBLIC,2026-08-04T00:12:05.356135300Z,2026-08-04T00:13:13.251144700Z,1,55202409,__Taichicchi__,55202409,55138264,9714ab5c3996f6cc,648,replays\episode_89821372.json,logs\89821372\agent_0_observation_logs.json;logs\89821372\agent_1_observation_logs.json,success,,2026-08-06T09:56:04.542964Z
12,16452116,Sixth Sense,55138264,1113.7,55138264,89821968,COMPLETED,EPISODE_TYPE_PUBLIC,2026-08-04T00:16:05.235016400Z,2026-08-04T00:17:12.107722400Z,0,55210828,HCRL,55138264,55210828,9714ab5c3996f6cc,648,replays\episode_89821968.json,logs\89821968\agent_0_observation_logs.json;logs\89821968\agent_1_observation_logs.json,success,,2026-08-06T09:56:07.701174Z
12,16452116,Sixth Sense,55138264,1113.7,55138264,89822566,COMPLETED,EPISODE_TYPE_PUBLIC,2026-08-04T00:20:05.365648Z,2026-08-04T00:21:09.320773500Z,0,55198284,__Taichicchi__,55138264,55198284,9714ab5c3996f6cc,648,replays\episode_89822566.json,logs\89822566\agent_0_observation_logs.json;logs\89822566\agent_1_observation_logs.json,success,,2026-08-06T09:56:11.032050Z
12,16452116,Sixth Sense,55138264,1113.7,55138264,89823149,COMPLETED,EPISODE_TYPE_PUBLIC,2026-08-04T00:24:05.575121700Z,2026-08-04T00:25:10.919766500Z,1,55198468,M Sato,55198468,55138264,9714ab5c3996f6cc,648,replays\episode_89823149.json,logs\89823149\agent_0_observation_logs.json;logs\89823149\agent_1_observation_logs.json,success,,2026-08-06T09:56:13.616111Z
11,16561259,@kdcyberdude,55187358,1116.3,55187358,89824325,COMPLETED,EPISODE_TYPE_PUBLIC,2026-08-04T00:32:05.249270900Z,2026-08-04T00:34:37.234900600Z,1,55153405,keidroid,55153405,55187358,9714ab5c3996f6cc,648,replays\episode_89824325.json,logs\89824325\agent_0_observation_logs.json;logs\89824325\agent_1_observation_logs.json,skipped_existing,,2026-08-06T09:52:59.767733Z
12,16452116,Sixth Sense,55138264,1113.7,55138264,89824877,COMPLETED,EPISODE_TYPE_PUBLIC,2026-08-04T00:36:05.351923600Z,2026-08-04T00:37:18.259086400Z,1,55187387,カントー地方マスター(KantoRegionMaster),55187387,55138264,9714ab5c3996f6cc,648,replays\episode_89824877.json,logs\89824877\agent_0_observation_logs.json;logs\89824877\agent_1_observation_logs.json,success,,2026-08-06T09:56:16.528291Z
12,16452116,Sixth Sense,55138264,1113.7,55138264,89826068,COMPLETED,EPISODE_TYPE_PUBLIC,2026-08-04T00:44:05.877174200Z,2026-08-04T00:46:14.510339600Z,0,55184021,李秉叡（ntumlnoob）,55138264,55184021,9714ab5c3996f6cc,648,replays\episode_89826068.json,logs\89826068\agent_0_observation_logs.json;logs\89826068\agent_1_observation_logs.json,success,,2026-08-06T09:56:21.248157Z
12,16452116,Sixth Sense,55138264,1113.7,55138264,89829320,COMPLETED,EPISODE_TYPE_PUBLIC,2026-08-04T01:08:04.587898200Z,2026-08-04T01:09:46.649070100Z,1,55224822,想要成为kaggle大师,55224822,55138264,9714ab5c3996f6cc,648,replays\episode_89829320.json,logs\89829320\agent_0_observation_logs.json;logs\89829320\agent_1_observation_logs.json,success,,2026-08-06T09:56:26.264871Z
12,16452116,Sixth Sense,55138264,1113.7,55138264,89833616,COMPLETED,EPISODE_TYPE_PUBLIC,2026-08-04T01:36:05.868610900Z,2026-08-04T01:36:55.792583Z,0,55223338,ktDAMA,55138264,55223338,9714ab5c3996f6cc,648,replays\episode_89833616.json,logs\89833616\agent_0_observation_logs.json;logs\89833616\agent_1_observation_logs.json,success,,2026-08-06T09:56:29.430968Z
11,16561259,@kdcyberdude,55187358,1116.3,55187358,89837029,COMPLETED,EPISODE_TYPE_PUBLIC,2026-08-04T02:00:06.085685100Z,2026-08-04T02:02:37.319058300Z,1,55224797,Aurora wy,55224797,55187358,9714ab5c3996f6cc,648,replays\episode_89837029.json,logs\89837029\agent_0_observation_logs.json;logs\89837029\agent_1_observation_logs.json,skipped_existing,,2026-08-06T09:53:00.521305Z
11,16561259,@kdcyberdude,55187358,1116.3,55187358,89838238,COMPLETED,EPISODE_TYPE_PUBLIC,2026-08-04T02:08:04.829133600Z,2026-08-04T02:11:02.372661400Z,0,55224393,Canon,55187358,55224393,9714ab5c3996f6cc,648,replays\episode_89838238.json,logs\89838238\agent_0_observation_logs.json;logs\89838238\agent_1_observation_logs.json,skipped_existing,,2026-08-06T09:53:01.671065Z
12,16452116,Sixth Sense,55138264,1113.7,55138264,89840622,COMPLETED,EPISODE_TYPE_PUBLIC,2026-08-04T02:24:06.462387200Z,2026-08-04T02:26:12.310557300Z,1,55225304,Marshall Maximizer,55225304,55138264,9714ab5c3996f6cc,648,replays\episode_89840622.json,logs\89840622\agent_0_observation_logs.json;logs\89840622\agent_1_observation_logs.json,success,,2026-08-06T09:56:31.747081Z
12,16452116,Sixth Sense,55138264,1113.7,55138264,89842362,COMPLETED,EPISODE_TYPE_PUBLIC,2026-08-04T02:36:05.164806400Z,2026-08-04T02:38:49.261635400Z,1,55224832,213tubo,55224832,55138264,9714ab5c3996f6cc,648,replays\episode_89842362.json,logs\89842362\agent_0_observation_logs.json;logs\89842362\agent_1_observation_logs.json,success,,2026-08-06T09:56:36.247747Z
12,16452116,Sixth Sense,55138264,1113.7,55138264,89843824,COMPLETED,EPISODE_TYPE_PUBLIC,2026-08-04T02:44:06.972411Z,2026-08-04T02:46:46.461050200Z,0,55184021,李秉叡（ntumlnoob）,55138264,55184021,9714ab5c3996f6cc,648,replays\episode_89843824.json,logs\89843824\agent_0_observation_logs.json;logs\89843824\agent_1_observation_logs.json,success,,2026-08-06T09:56:40.844928Z
12,16452116,Sixth Sense,55138264,1113.7,55138264,89844847,COMPLETED,EPISODE_TYPE_PUBLIC,2026-08-04T02:52:07.469966400Z,2026-08-04T02:54:38.646561800Z,0,55224815,想要成为kaggle大师,55138264,55224815,9714ab5c3996f6cc,648,replays\episode_89844847.json,logs\89844847\agent_0_observation_logs.json;logs\89844847\agent_1_observation_logs.json,success,,2026-08-06T09:56:44.464517Z
12,16452116,Sixth Sense,55138264,1113.7,55138264,89847317,COMPLETED,EPISODE_TYPE_PUBLIC,2026-08-04T03:08:06.368735900Z,2026-08-04T03:09:38.498047400Z,0,55224375,Hancang Mi,55138264,55224375,9714ab5c3996f6cc,648,replays\episode_89847317.json,logs\89847317\agent_0_observation_logs.json;logs\89847317\agent_1_observation_logs.json,success,,2026-08-06T09:56:48.159805Z
11,16561259,@kdcyberdude,55187358,1116.3,55187358,89852067,COMPLETED,EPISODE_TYPE_PUBLIC,2026-08-04T03:40:05.029511100Z,2026-08-04T03:43:19.715398200Z,0,55225120,KanaeKanae,55187358,55225120,9714ab5c3996f6cc,648,replays\episode_89852067.json,logs\89852067\agent_0_observation_logs.json;logs\89852067\agent_1_observation_logs.json,skipped_existing,,2026-08-06T09:53:02.137590Z
11,16561259,@kdcyberdude,55187358,1116.3,55187358,89852735,COMPLETED,EPISODE_TYPE_PUBLIC,2026-08-04T03:44:06.365149300Z,2026-08-04T03:45:25.698836600Z,1,55224879,"Pikachu, I choose you!",55224879,55187358,9714ab5c3996f6cc,648,replays\episode_89852735.json,logs\89852735\agent_0_observation_logs.json;logs\89852735\agent_1_observation_logs.json,skipped_existing,,2026-08-06T09:53:02.364680Z
12,16452116,Sixth Sense,55138264,1113.7,55138264,89859305,COMPLETED,EPISODE_TYPE_PUBLIC,2026-08-04T04:28:05.949279200Z,2026-08-04T04:29:01.331230100Z,0,55196705,MissingNo.,55138264,55196705,9714ab5c3996f6cc,648,replays\episode_89859305.json,logs\89859305\agent_0_observation_logs.json;logs\89859305\agent_1_observation_logs.json,success,,2026-08-06T09:56:52.215380Z
11,16561259,@kdcyberdude,55187358,1116.3,55187358,89865263,COMPLETED,EPISODE_TYPE_PUBLIC,2026-08-04T05:08:05.050797100Z,2026-08-04T05:10:54.943624500Z,1,55198284,__Taichicchi__,55198284,55187358,9714ab5c3996f6cc,648,replays\episode_89865263.json,logs\89865263\agent_0_observation_logs.json;logs\89865263\agent_1_observation_logs.json,skipped_existing,,2026-08-06T09:53:02.432223Z
11,16561259,@kdcyberdude,55187358,1116.3,55187358,89867040,COMPLETED,EPISODE_TYPE_PUBLIC,2026-08-04T05:20:04.987443700Z,2026-08-04T05:22:42.828403100Z,0,55193872,Dominic Peel,55187358,55193872,9714ab5c3996f6cc,648,replays\episode_89867040.json,logs\89867040\agent_0_observation_logs.json;logs\89867040\agent_1_observation_logs.json,skipped_existing,,2026-08-06T09:53:02.582944Z
12,16452116,Sixth Sense,55138264,1113.7,55138264,89868254,COMPLETED,EPISODE_TYPE_PUBLIC,2026-08-04T05:28:05.146725500Z,2026-08-04T05:28:58.722912Z,1,55198468,M Sato,55198468,55138264,9714ab5c3996f6cc,648,replays\episode_89868254.json,logs\89868254\agent_0_observation_logs.json;logs\89868254\agent_1_observation_logs.json,success,,2026-08-06T09:56:54.016663Z
12,16452116,Sixth Sense,55138264,1113.7,55138264,89873285,COMPLETED,EPISODE_TYPE_PUBLIC,2026-08-04T06:04:05.048030100Z,2026-08-04T06:05:00.991023600Z,0,55230427,Yichen Ao,55138264,55230427,9714ab5c3996f6cc,648,replays\episode_89873285.json,logs\89873285\agent_0_observation_logs.json;logs\89873285\agent_1_observation_logs.json,success,,2026-08-06T09:56:56.938516Z
11,16561259,@kdcyberdude,55187358,1116.3,55187358,89877216,COMPLETED,EPISODE_TYPE_PUBLIC,2026-08-04T06:28:05.139973900Z,2026-08-04T06:32:14.321052800Z,0,55223386,Nghia Tran,55187358,55223386,9714ab5c3996f6cc,648,replays\episode_89877216.json,logs\89877216\agent_0_observation_logs.json;logs\89877216\agent_1_observation_logs.json,skipped_existing,,2026-08-06T09:53:02.774005Z
11,16561259,@kdcyberdude,55187358,1116.3,55187358,89878383,COMPLETED,EPISODE_TYPE_PUBLIC,2026-08-04T06:36:05.673817700Z,2026-08-04T06:38:08.389332300Z,1,55198468,M Sato,55198468,55187358,9714ab5c3996f6cc,648,replays\episode_89878383.json,logs\89878383\agent_0_observation_logs.json;logs\89878383\agent_1_observation_logs.json,skipped_existing,,2026-08-06T09:53:02.897077Z
11,16561259,@kdcyberdude,55187358,1116.3,55187358,89879974,COMPLETED,EPISODE_TYPE_PUBLIC,2026-08-04T06:48:04.943345100Z,2026-08-04T06:50:41.511561600Z,1,55230390,Vlas Veles,55230390,55187358,9714ab5c3996f6cc,648,replays\episode_89879974.json,logs\89879974\agent_0_observation_logs.json;logs\89879974\agent_1_observation_logs.json,skipped_existing,,2026-08-06T09:53:03.022616Z
12,16452116,Sixth Sense,55138264,1113.7,55138264,89881259,COMPLETED,EPISODE_TYPE_PUBLIC,2026-08-04T06:56:05.245134900Z,2026-08-04T06:57:01.271260300Z,0,55186239,Majkel1337,55138264,55186239,9714ab5c3996f6cc,648,replays\episode_89881259.json,logs\89881259\agent_0_observation_logs.json;logs\89881259\agent_1_observation_logs.json,success,,2026-08-06T09:56:59.865745Z
12,16452116,Sixth Sense,55138264,1113.7,55138264,89881980,COMPLETED,EPISODE_TYPE_PUBLIC,2026-08-04T07:00:05.463746900Z,2026-08-04T07:01:13.444656700Z,1,55206911,やる気元気ミワハルキ,55206911,55138264,9714ab5c3996f6cc,648,replays\episode_89881980.json,logs\89881980\agent_0_observation_logs.json;logs\89881980\agent_1_observation_logs.json,success,,2026-08-06T09:57:05.027194Z
12,16452116,Sixth Sense,55138264,1113.7,55138264,89883705,COMPLETED,EPISODE_TYPE_PUBLIC,2026-08-04T07:12:05.204060300Z,2026-08-04T07:13:05.272804700Z,1,55198468,M Sato,55198468,55138264,9714ab5c3996f6cc,648,replays\episode_89883705.json,logs\89883705\agent_0_observation_logs.json;logs\89883705\agent_1_observation_logs.json,success,,2026-08-06T09:57:07.072017Z
12,16452116,Sixth Sense,55138264,1113.7,55138264,89885342,COMPLETED,EPISODE_TYPE_PUBLIC,2026-08-04T07:24:05.948883900Z,2026-08-04T07:25:09.062280700Z,1,55230940,cununn,55230940,55138264,9714ab5c3996f6cc,648,replays\episode_89885342.json,logs\89885342\agent_0_observation_logs.json;logs\89885342\agent_1_observation_logs.json,success,,2026-08-06T09:57:11.110013Z
11,16561259,@kdcyberdude,55187358,1116.3,55187358,89886171,COMPLETED,EPISODE_TYPE_PUBLIC,2026-08-04T07:28:05.746366800Z,2026-08-04T07:30:15.441880400Z,1,55198468,M Sato,55198468,55187358,9714ab5c3996f6cc,648,replays\episode_89886171.json,logs\89886171\agent_0_observation_logs.json;logs\89886171\agent_1_observation_logs.json,skipped_existing,,2026-08-06T09:53:03.175046Z
12,16452116,Sixth Sense,55138264,1113.7,55138264,89887978,COMPLETED,EPISODE_TYPE_PUBLIC,2026-08-04T07:40:05.170179200Z,2026-08-04T07:41:00.133549400Z,1,55076739,ぶれめか,55076739,55138264,9714ab5c3996f6cc,648,replays\episode_89887978.json,logs\89887978\agent_0_observation_logs.json;logs\89887978\agent_1_observation_logs.json,success,,2026-08-06T09:57:13.189452Z
12,16452116,Sixth Sense,55138264,1113.7,55138264,89889161,COMPLETED,EPISODE_TYPE_PUBLIC,2026-08-04T07:48:05.358725Z,2026-08-04T07:49:02.863670900Z,1,55177269,Raihan Ramadistra,55177269,55138264,9714ab5c3996f6cc,648,replays\episode_89889161.json,logs\89889161\agent_0_observation_logs.json;logs\89889161\agent_1_observation_logs.json,success,,2026-08-06T09:57:16.224829Z
12,16452116,Sixth Sense,55138264,1113.7,55138264,89889727,COMPLETED,EPISODE_TYPE_PUBLIC,2026-08-04T07:52:04.978184600Z,2026-08-04T07:53:14.848631500Z,0,55206911,やる気元気ミワハルキ,55138264,55206911,9714ab5c3996f6cc,648,replays\episode_89889727.json,logs\89889727\agent_0_observation_logs.json;logs\89889727\agent_1_observation_logs.json,success,,2026-08-06T09:57:18.982116Z
3,16422241,Raihan Ramadistra,55177269,1151.0,55177269,89891560,COMPLETED,EPISODE_TYPE_PUBLIC,2026-08-04T08:04:06.423221200Z,2026-08-04T08:08:15.727016200Z,1,55199855,tw_shin,55199855,55177269,9714ab5c3996f6cc,648,replays\episode_89891560.json,logs\89891560\agent_0_observation_logs.json;logs\89891560\agent_1_observation_logs.json,success,,2026-08-06T09:51:59.976612Z
3,16422241,Raihan Ramadistra,55177269,1151.0,55177269,89892124,COMPLETED,EPISODE_TYPE_PUBLIC,2026-08-04T08:08:05.036536300Z,2026-08-04T08:09:02.521356900Z,1,55186239,Majkel1337,55186239,55177269,9714ab5c3996f6cc,648,replays\episode_89892124.json,logs\89892124\agent_0_observation_logs.json;logs\89892124\agent_1_observation_logs.json,success,,2026-08-06T09:52:03.119223Z
3,16422241,Raihan Ramadistra,55177269,1151.0,55177269,89892146,COMPLETED,EPISODE_TYPE_PUBLIC,2026-08-04T08:08:05.056630800Z,2026-08-04T08:09:02.823699800Z,1,55187387,カントー地方マスター(KantoRegionMaster),55187387,55177269,9714ab5c3996f6cc,648,replays\episode_89892146.json,logs\89892146\agent_0_observation_logs.json;logs\89892146\agent_1_observation_logs.json,success,,2026-08-06T09:52:08.328105Z
3,16422241,Raihan Ramadistra,55177269,1151.0,55177269,89892784,COMPLETED,EPISODE_TYPE_PUBLIC,2026-08-04T08:12:04.988444500Z,2026-08-04T08:13:04.545718700Z,1,55186239,Majkel1337,55186239,55177269,9714ab5c3996f6cc,648,replays\episode_89892784.json,logs\89892784\agent_0_observation_logs.json;logs\89892784\agent_1_observation_logs.json,success,,2026-08-06T09:52:15.528967Z
3,16422241,Raihan Ramadistra,55177269,1151.0,55177269,89892824,COMPLETED,EPISODE_TYPE_PUBLIC,2026-08-04T08:12:05.092700600Z,2026-08-04T08:13:17.593896300Z,0,54335407,Abdul Rauf,55177269,54335407,9714ab5c3996f6cc,648,replays\episode_89892824.json,logs\89892824\agent_0_observation_logs.json;logs\89892824\agent_1_observation_logs.json,success,,2026-08-06T09:52:21.803295Z
3,16422241,Raihan Ramadistra,55177269,1151.0,55177269,89893432,COMPLETED,EPISODE_TYPE_PUBLIC,2026-08-04T08:16:05.236950400Z,2026-08-04T08:17:12.013287300Z,0,55229706,LumenLiquidity,55177269,55229706,9714ab5c3996f6cc,648,replays\episode_89893432.json,logs\89893432\agent_0_observation_logs.json;logs\89893432\agent_1_observation_logs.json,success,,2026-08-06T09:52:28.057097Z
3,16422241,Raihan Ramadistra,55177269,1151.0,55177269,89894024,COMPLETED,EPISODE_TYPE_PUBLIC,2026-08-04T08:20:05.229820300Z,2026-08-04T08:20:54.776072900Z,1,54687997,philip next,54687997,55177269,9714ab5c3996f6cc,648,replays\episode_89894024.json,logs\89894024\agent_0_observation_logs.json;logs\89894024\agent_1_observation_logs.json,success,,2026-08-06T09:52:34.559540Z
3,16422241,Raihan Ramadistra,55177269,1151.0,55177269,89894591,COMPLETED,EPISODE_TYPE_PUBLIC,2026-08-04T08:24:06.441718100Z,2026-08-04T08:25:13.187161500Z,1,55201815,M Sato,55201815,55177269,9714ab5c3996f6cc,648,replays\episode_89894591.json,logs\89894591\agent_0_observation_logs.json;logs\89894591\agent_1_observation_logs.json,success,,2026-08-06T09:52:38.593872Z
3,16422241,Raihan Ramadistra,55177269,1151.0,55177269,89895163,COMPLETED,EPISODE_TYPE_PUBLIC,2026-08-04T08:28:05.033853500Z,2026-08-04T08:29:03.931228100Z,0,55186239,Majkel1337,55177269,55186239,9714ab5c3996f6cc,648,replays\episode_89895163.json,logs\89895163\agent_0_observation_logs.json;logs\89895163\agent_1_observation_logs.json,success,,2026-08-06T09:52:45.556390Z
3,16422241,Raihan Ramadistra,55177269,1151.0,55177269,89895237,COMPLETED,EPISODE_TYPE_PUBLIC,2026-08-04T08:28:05.186557900Z,2026-08-04T08:28:54.479952Z,1,55153405,keidroid,55153405,55177269,9714ab5c3996f6cc,648,replays\episode_89895237.json,logs\89895237\agent_0_observation_logs.json;logs\89895237\agent_1_observation_logs.json,success,,2026-08-06T09:52:50.733708Z
3,16422241,Raihan Ramadistra,55177269,1151.0,55177269,89895841,COMPLETED,EPISODE_TYPE_PUBLIC,2026-08-04T08:32:05.268331400Z,2026-08-04T08:33:17.927480600Z,1,55206911,やる気元気ミワハルキ,55206911,55177269,9714ab5c3996f6cc,648,replays\episode_89895841.json,logs\89895841\agent_0_observation_logs.json;logs\89895841\agent_1_observation_logs.json,success,,2026-08-06T09:52:55.926621Z
11,16561259,@kdcyberdude,55187358,1116.3,55187358,89895891,COMPLETED,EPISODE_TYPE_PUBLIC,2026-08-04T08:32:05.378942700Z,2026-08-04T08:34:09.204705800Z,0,55226087,{{ team_name }} 🏆,55187358,55226087,9714ab5c3996f6cc,648,replays\episode_89895891.json,logs\89895891\agent_0_observation_logs.json;logs\89895891\agent_1_observation_logs.json,skipped_existing,,2026-08-06T09:53:03.301654Z
3,16422241,Raihan Ramadistra,55177269,1151.0,55177269,89896427,COMPLETED,EPISODE_TYPE_PUBLIC,2026-08-04T08:36:05.474291100Z,2026-08-04T08:36:58.749105900Z,0,55196705,MissingNo.,55177269,55196705,9714ab5c3996f6cc,648,replays\episode_89896427.json,logs\89896427\agent_0_observation_logs.json;logs\89896427\agent_1_observation_logs.json,success,,2026-08-06T09:53:02.338684Z
12,16452116,Sixth Sense,55138264,1113.7,55138264,89897057,COMPLETED,EPISODE_TYPE_PUBLIC,2026-08-04T08:40:05.188881200Z,2026-08-04T08:41:29.626952400Z,0,55177269,Raihan Ramadistra,55138264,55177269,9714ab5c3996f6cc,648,replays\episode_89897057.json,logs\89897057\agent_0_observation_logs.json;logs\89897057\agent_1_observation_logs.json,skipped_existing,,2026-08-06T09:57:22.098471Z
3,16422241,Raihan Ramadistra,55177269,1151.0,55177269,89897057,COMPLETED,EPISODE_TYPE_PUBLIC,2026-08-04T08:40:05.188881200Z,2026-08-04T08:41:29.626952400Z,1,55138264,Sixth Sense,55138264,55177269,9714ab5c3996f6cc,648,replays\episode_89897057.json,logs\89897057\agent_0_observation_logs.json;logs\89897057\agent_1_observation_logs.json,success,,2026-08-06T09:53:07.041658Z
12,16452116,Sixth Sense,55138264,1113.7,55138264,89897102,COMPLETED,EPISODE_TYPE_PUBLIC,2026-08-04T08:40:05.263695200Z,2026-08-04T08:41:06.411312100Z,1,55188658,James Cox & Henry Chao,55188658,55138264,9714ab5c3996f6cc,648,replays\episode_89897102.json,logs\89897102\agent_0_observation_logs.json;logs\89897102\agent_1_observation_logs.json,success,,2026-08-06T09:57:22.255480Z
11,16561259,@kdcyberdude,55187358,1116.3,55187358,89897650,COMPLETED,EPISODE_TYPE_PUBLIC,2026-08-04T08:44:11.265172600Z,2026-08-04T08:48:08.702643200Z,1,55206911,やる気元気ミワハルキ,55206911,55187358,9714ab5c3996f6cc,648,replays\episode_89897650.json,logs\89897650\agent_0_observation_logs.json;logs\89897650\agent_1_observation_logs.json,skipped_existing,,2026-08-06T09:53:03.413200Z
3,16422241,Raihan Ramadistra,55177269,1151.0,55177269,89897712,COMPLETED,EPISODE_TYPE_PUBLIC,2026-08-04T08:44:11.447543400Z,2026-08-04T08:44:59.336180700Z,1,55214482,ShumpeiNomura,55214482,55177269,9714ab5c3996f6cc,648,replays\episode_89897712.json,logs\89897712\agent_0_observation_logs.json;logs\89897712\agent_1_observation_logs.json,success,,2026-08-06T09:53:11.560364Z
3,16422241,Raihan Ramadistra,55177269,1151.0,55177269,89898252,COMPLETED,EPISODE_TYPE_PUBLIC,2026-08-04T08:48:05.848591700Z,2026-08-04T08:49:14.401515Z,1,55206911,やる気元気ミワハルキ,55206911,55177269,9714ab5c3996f6cc,648,replays\episode_89898252.json,logs\89898252\agent_0_observation_logs.json;logs\89898252\agent_1_observation_logs.json,success,,2026-08-06T09:53:15.592698Z
3,16422241,Raihan Ramadistra,55177269,1151.0,55177269,89898937,COMPLETED,EPISODE_TYPE_PUBLIC,2026-08-04T08:52:05.681060200Z,2026-08-04T08:53:18.838538Z,1,54773249,AlphaStarmie,54773249,55177269,9714ab5c3996f6cc,648,replays\episode_89898937.json,logs\89898937\agent_0_observation_logs.json;logs\89898937\agent_1_observation_logs.json,success,,2026-08-06T09:53:20.033906Z
12,16452116,Sixth Sense,55138264,1113.7,55138264,89901296,COMPLETED,EPISODE_TYPE_PUBLIC,2026-08-04T09:08:05.088393400Z,2026-08-04T09:09:05.152580100Z,0,55230940,cununn,55138264,55230940,9714ab5c3996f6cc,648,replays\episode_89901296.json,logs\89901296\agent_0_observation_logs.json;logs\89901296\agent_1_observation_logs.json,success,,2026-08-06T09:57:24.712688Z
3,16422241,Raihan Ramadistra,55177269,1151.0,55177269,89901730,COMPLETED,EPISODE_TYPE_PUBLIC,2026-08-04T09:12:04.936122800Z,2026-08-04T09:12:59.345811900Z,1,55186239,Majkel1337,55186239,55177269,9714ab5c3996f6cc,648,replays\episode_89901730.json,logs\89901730\agent_0_observation_logs.json;logs\89901730\agent_1_observation_logs.json,success,,2026-08-06T09:53:23.511368Z
3,16422241,Raihan Ramadistra,55177269,1151.0,55177269,89903793,COMPLETED,EPISODE_TYPE_PUBLIC,2026-08-04T09:24:10.629065700Z,2026-08-04T09:25:13.442360100Z,0,55186239,Majkel1337,55177269,55186239,9714ab5c3996f6cc,648,replays\episode_89903793.json,logs\89903793\agent_0_observation_logs.json;logs\89903793\agent_1_observation_logs.json,success,,2026-08-06T09:53:26.871915Z
12,16452116,Sixth Sense,55138264,1113.7,55138264,89905630,COMPLETED,EPISODE_TYPE_PUBLIC,2026-08-04T09:36:05.278889600Z,2026-08-04T09:37:08.050525100Z,1,55186239,Majkel1337,55186239,55138264,9714ab5c3996f6cc,648,replays\episode_89905630.json,logs\89905630\agent_0_observation_logs.json;logs\89905630\agent_1_observation_logs.json,success,,2026-08-06T09:57:28.413040Z
3,16422241,Raihan Ramadistra,55177269,1151.0,55177269,89906847,COMPLETED,EPISODE_TYPE_PUBLIC,2026-08-04T09:44:06.464215200Z,2026-08-04T09:45:26.270024600Z,0,55186239,Majkel1337,55177269,55186239,9714ab5c3996f6cc,648,replays\episode_89906847.json,logs\89906847\agent_0_observation_logs.json;logs\89906847\agent_1_observation_logs.json,success,,2026-08-06T09:53:29.578358Z
3,16422241,Raihan Ramadistra,55177269,1151.0,55177269,89909330,COMPLETED,EPISODE_TYPE_PUBLIC,2026-08-04T10:00:05.251031700Z,2026-08-04T10:01:07.455653400Z,0,55186239,Majkel1337,55177269,55186239,9714ab5c3996f6cc,648,replays\episode_89909330.json,logs\89909330\agent_0_observation_logs.json;logs\89909330\agent_1_observation_logs.json,success,,2026-08-06T09:53:32.583619Z
3,16422241,Raihan Ramadistra,55177269,1151.0,55177269,89910569,COMPLETED,EPISODE_TYPE_PUBLIC,2026-08-04T10:08:06.831498600Z,2026-08-04T10:09:07.058227200Z,0,55186239,Majkel1337,55177269,55186239,9714ab5c3996f6cc,648,replays\episode_89910569.json,logs\89910569\agent_0_observation_logs.json;logs\89910569\agent_1_observation_logs.json,success,,2026-08-06T09:53:35.767936Z
11,16561259,@kdcyberdude,55187358,1116.3,55187358,89911216,COMPLETED,EPISODE_TYPE_PUBLIC,2026-08-04T10:12:04.925146700Z,2026-08-04T10:14:46.718379800Z,1,55094113,JZ,55094113,55187358,9714ab5c3996f6cc,648,replays\episode_89911216.json,logs\89911216\agent_0_observation_logs.json;logs\89911216\agent_1_observation_logs.json,skipped_existing,,2026-08-06T09:53:03.620260Z
3,16422241,Raihan Ramadistra,55177269,1151.0,55177269,89911817,COMPLETED,EPISODE_TYPE_PUBLIC,2026-08-04T10:16:05.073996600Z,2026-08-04T10:16:57.228539500Z,0,55186239,Majkel1337,55177269,55186239,9714ab5c3996f6cc,648,replays\episode_89911817.json,logs\89911817\agent_0_observation_logs.json;logs\89911817\agent_1_observation_logs.json,success,,2026-08-06T09:53:38.223851Z
3,16422241,Raihan Ramadistra,55177269,1151.0,55177269,89913056,COMPLETED,EPISODE_TYPE_PUBLIC,2026-08-04T10:24:05.611650100Z,2026-08-04T10:25:13.185950900Z,0,55186239,Majkel1337,55177269,55186239,9714ab5c3996f6cc,648,replays\episode_89913056.json,logs\89913056\agent_0_observation_logs.json;logs\89913056\agent_1_observation_logs.json,success,,2026-08-06T09:53:40.549667Z
3,16422241,Raihan Ramadistra,55177269,1151.0,55177269,89916116,COMPLETED,EPISODE_TYPE_PUBLIC,2026-08-04T10:44:07.323532500Z,2026-08-04T10:45:31.784642400Z,0,55186239,Majkel1337,55177269,55186239,9714ab5c3996f6cc,648,replays\episode_89916116.json,logs\89916116\agent_0_observation_logs.json;logs\89916116\agent_1_observation_logs.json,success,,2026-08-06T09:53:44.357166Z
12,16452116,Sixth Sense,55138264,1113.7,55138264,89916131,COMPLETED,EPISODE_TYPE_PUBLIC,2026-08-04T10:44:07.346401400Z,2026-08-04T10:47:30.641276Z,1,55184021,李秉叡（ntumlnoob）,55184021,55138264,9714ab5c3996f6cc,648,replays\episode_89916131.json,logs\89916131\agent_0_observation_logs.json;logs\89916131\agent_1_observation_logs.json,success,,2026-08-06T09:57:32.506552Z
3,16422241,Raihan Ramadistra,55177269,1151.0,55177269,89918685,COMPLETED,EPISODE_TYPE_PUBLIC,2026-08-04T11:00:05.250441800Z,2026-08-04T11:01:09.778441600Z,0,55186239,Majkel1337,55177269,55186239,9714ab5c3996f6cc,648,replays\episode_89918685.json,logs\89918685\agent_0_observation_logs.json;logs\89918685\agent_1_observation_logs.json,success,,2026-08-06T09:53:46.708229Z
11,16561259,@kdcyberdude,55187358,1116.3,55187358,89919895,COMPLETED,EPISODE_TYPE_PUBLIC,2026-08-04T11:08:04.828679500Z,2026-08-04T11:11:01.143345400Z,0,55186239,Majkel1337,55187358,55186239,9714ab5c3996f6cc,648,replays\episode_89919895.json,logs\89919895\agent_0_observation_logs.json;logs\89919895\agent_1_observation_logs.json,skipped_existing,,2026-08-06T09:53:03.804656Z
3,16422241,Raihan Ramadistra,55177269,1151.0,55177269,89920900,COMPLETED,EPISODE_TYPE_PUBLIC,2026-08-04T11:16:04.441546200Z,2026-08-04T11:18:01.658422100Z,1,55236110,やる気元気ミワハルキ,55236110,55177269,9714ab5c3996f6cc,648,replays\episode_89920900.json,logs\89920900\agent_0_observation_logs.json;logs\89920900\agent_1_observation_logs.json,success,,2026-08-06T09:53:48.769281Z
12,16452116,Sixth Sense,55138264,1113.7,55138264,89924678,COMPLETED,EPISODE_TYPE_PUBLIC,2026-08-04T11:40:04.752550100Z,2026-08-04T11:41:06.211628500Z,0,55236110,やる気元気ミワハルキ,55138264,55236110,9714ab5c3996f6cc,648,replays\episode_89924678.json,logs\89924678\agent_0_observation_logs.json;logs\89924678\agent_1_observation_logs.json,success,,2026-08-06T09:57:36.545609Z
12,16452116,Sixth Sense,55138264,1113.7,55138264,89927745,COMPLETED,EPISODE_TYPE_PUBLIC,2026-08-04T12:00:04.903156300Z,2026-08-04T12:01:26.002323100Z,0,55236110,やる気元気ミワハルキ,55138264,55236110,9714ab5c3996f6cc,648,replays\episode_89927745.json,logs\89927745\agent_0_observation_logs.json;logs\89927745\agent_1_observation_logs.json,success,,2026-08-06T09:57:39.730177Z
3,16422241,Raihan Ramadistra,55177269,1151.0,55177269,89928443,COMPLETED,EPISODE_TYPE_PUBLIC,2026-08-04T12:04:05.862958Z,2026-08-04T12:05:01.971321200Z,0,55236110,やる気元気ミワハルキ,55177269,55236110,9714ab5c3996f6cc,648,replays\episode_89928443.json,logs\89928443\agent_0_observation_logs.json;logs\89928443\agent_1_observation_logs.json,success,,2026-08-06T09:53:51.625514Z
12,16452116,Sixth Sense,55138264,1113.7,55138264,89928464,COMPLETED,EPISODE_TYPE_PUBLIC,2026-08-04T12:04:05.931338200Z,2026-08-04T12:14:05.348955300Z,0,55235481,wwwwwwwwwwwwwwwwwwwwwwwwwwwwww,55138264,55235481,9714ab5c3996f6cc,648,replays\episode_89928464.json,logs\89928464\agent_0_observation_logs.json;logs\89928464\agent_1_observation_logs.json,success,,2026-08-06T09:57:42.903674Z
3,16422241,Raihan Ramadistra,55177269,1151.0,55177269,89929762,COMPLETED,EPISODE_TYPE_PUBLIC,2026-08-04T12:12:05.040827200Z,2026-08-04T12:14:25.842942Z,0,55236110,やる気元気ミワハルキ,55177269,55236110,9714ab5c3996f6cc,648,replays\episode_89929762.json,logs\89929762\agent_0_observation_logs.json;logs\89929762\agent_1_observation_logs.json,success,,2026-08-06T09:53:54.739852Z
3,16422241,Raihan Ramadistra,55177269,1151.0,55177269,89930983,COMPLETED,EPISODE_TYPE_PUBLIC,2026-08-04T12:20:05.025188400Z,2026-08-04T12:21:30.380764600Z,0,55236110,やる気元気ミワハルキ,55177269,55236110,9714ab5c3996f6cc,648,replays\episode_89930983.json,logs\89930983\agent_0_observation_logs.json;logs\89930983\agent_1_observation_logs.json,success,,2026-08-06T09:54:00.203313Z
11,16561259,@kdcyberdude,55187358,1116.3,55187358,89933685,COMPLETED,EPISODE_TYPE_PUBLIC,2026-08-04T12:36:05.156281100Z,2026-08-04T12:39:21.933763400Z,0,55206939,やる気元気ミワハルキ,55187358,55206939,9714ab5c3996f6cc,648,replays\episode_89933685.json,logs\89933685\agent_0_observation_logs.json;logs\89933685\agent_1_observation_logs.json,skipped_existing,,2026-08-06T09:53:04.020181Z
12,16452116,Sixth Sense,55138264,1113.7,55138264,89934771,COMPLETED,EPISODE_TYPE_PUBLIC,2026-08-04T12:44:06.089309300Z,2026-08-04T12:45:24.086248200Z,1,55236110,やる気元気ミワハルキ,55236110,55138264,9714ab5c3996f6cc,648,replays\episode_89934771.json,logs\89934771\agent_0_observation_logs.json;logs\89934771\agent_1_observation_logs.json,success,,2026-08-06T09:57:46.145091Z
11,16561259,@kdcyberdude,55187358,1116.3,55187358,89935978,COMPLETED,EPISODE_TYPE_PUBLIC,2026-08-04T12:52:04.569023300Z,2026-08-04T12:53:39.384541300Z,0,55237146,matsurih,55187358,55237146,9714ab5c3996f6cc,648,replays\episode_89935978.json,logs\89935978\agent_0_observation_logs.json;logs\89935978\agent_1_observation_logs.json,skipped_existing,,2026-08-06T09:53:04.287264Z
3,16422241,Raihan Ramadistra,55177269,1151.0,55177269,89936673,COMPLETED,EPISODE_TYPE_PUBLIC,2026-08-04T12:56:04.760935900Z,2026-08-04T12:57:27.758993Z,0,55236110,やる気元気ミワハルキ,55177269,55236110,9714ab5c3996f6cc,648,replays\episode_89936673.json,logs\89936673\agent_0_observation_logs.json;logs\89936673\agent_1_observation_logs.json,success,,2026-08-06T09:54:03.178623Z
12,16452116,Sixth Sense,55138264,1113.7,55138264,89939825,COMPLETED,EPISODE_TYPE_PUBLIC,2026-08-04T13:16:04.632792700Z,2026-08-04T13:17:06.852302900Z,0,55236110,やる気元気ミワハルキ,55138264,55236110,9714ab5c3996f6cc,648,replays\episode_89939825.json,logs\89939825\agent_0_observation_logs.json;logs\89939825\agent_1_observation_logs.json,success,,2026-08-06T09:57:49.835694Z
11,16561259,@kdcyberdude,55187358,1116.3,55187358,89942393,COMPLETED,EPISODE_TYPE_PUBLIC,2026-08-04T13:32:04.739911900Z,2026-08-04T13:34:48.587853300Z,0,55236110,やる気元気ミワハルキ,55187358,55236110,9714ab5c3996f6cc,648,replays\episode_89942393.json,logs\89942393\agent_0_observation_logs.json;logs\89942393\agent_1_observation_logs.json,skipped_existing,,2026-08-06T09:53:04.365800Z
12,16452116,Sixth Sense,55138264,1113.7,55138264,89944272,COMPLETED,EPISODE_TYPE_PUBLIC,2026-08-04T13:44:06.027548700Z,2026-08-04T13:45:30.331835600Z,1,55186239,Majkel1337,55186239,55138264,9714ab5c3996f6cc,648,replays\episode_89944272.json,logs\89944272\agent_0_observation_logs.json;logs\89944272\agent_1_observation_logs.json,success,,2026-08-06T09:57:53.069496Z
3,16422241,Raihan Ramadistra,55177269,1151.0,55177269,89945613,COMPLETED,EPISODE_TYPE_PUBLIC,2026-08-04T13:52:04.853972700Z,2026-08-04T13:53:23.102627800Z,1,55198468,M Sato,55198468,55177269,9714ab5c3996f6cc,648,replays\episode_89945613.json,logs\89945613\agent_0_observation_logs.json;logs\89945613\agent_1_observation_logs.json,success,,2026-08-06T09:54:06.549476Z
12,16452116,Sixth Sense,55138264,1113.7,55138264,89951977,COMPLETED,EPISODE_TYPE_PUBLIC,2026-08-04T14:32:04.834698600Z,2026-08-04T14:39:16.950815900Z,1,55235481,wwwwwwwwwwwwwwwwwwwwwwwwwwwwww,55235481,55138264,9714ab5c3996f6cc,648,replays\episode_89951977.json,logs\89951977\agent_0_observation_logs.json;logs\89951977\agent_1_observation_logs.json,success,,2026-08-06T09:57:55.822483Z
11,16561259,@kdcyberdude,55187358,1116.3,55187358,89959116,COMPLETED,EPISODE_TYPE_PUBLIC,2026-08-04T15:16:04.675695800Z,2026-08-04T15:19:10.621676800Z,0,55177269,Raihan Ramadistra,55187358,55177269,9714ab5c3996f6cc,648,replays\episode_89959116.json,logs\89959116\agent_0_observation_logs.json;logs\89959116\agent_1_observation_logs.json,skipped_existing,,2026-08-06T09:53:04.786463Z
3,16422241,Raihan Ramadistra,55177269,1151.0,55177269,89959116,COMPLETED,EPISODE_TYPE_PUBLIC,2026-08-04T15:16:04.675695800Z,2026-08-04T15:19:10.621676800Z,1,55187358,@kdcyberdude,55187358,55177269,9714ab5c3996f6cc,648,replays\episode_89959116.json,logs\89959116\agent_0_observation_logs.json;logs\89959116\agent_1_observation_logs.json,skipped_existing,,2026-08-06T09:54:09.662231Z
11,16561259,@kdcyberdude,55187358,1116.3,55187358,89960195,COMPLETED,EPISODE_TYPE_PUBLIC,2026-08-04T15:24:06.127060800Z,2026-08-04T15:26:57.651120600Z,0,55242280,Octavi Grau,55187358,55242280,9714ab5c3996f6cc,648,replays\episode_89960195.json,logs\89960195\agent_0_observation_logs.json;logs\89960195\agent_1_observation_logs.json,skipped_existing,,2026-08-06T09:53:05.722999Z
11,16561259,@kdcyberdude,55187358,1116.3,55187358,89967861,COMPLETED,EPISODE_TYPE_PUBLIC,2026-08-04T16:12:34.284754Z,2026-08-04T16:15:21.648526900Z,0,55243949,Thai,55187358,55243949,9714ab5c3996f6cc,648,replays\episode_89967861.json,logs\89967861\agent_0_observation_logs.json;logs\89967861\agent_1_observation_logs.json,skipped_existing,,2026-08-06T09:53:06.466924Z
12,16452116,Sixth Sense,55138264,1113.7,55138264,89968196,COMPLETED,EPISODE_TYPE_PUBLIC,2026-08-04T16:12:34.782216600Z,2026-08-04T16:13:39.199853500Z,1,55198468,M Sato,55198468,55138264,9714ab5c3996f6cc,648,replays\episode_89968196.json,logs\89968196\agent_0_observation_logs.json;logs\89968196\agent_1_observation_logs.json,success,,2026-08-06T09:57:57.723165Z
12,16452116,Sixth Sense,55138264,1113.7,55138264,89968799,COMPLETED,EPISODE_TYPE_PUBLIC,2026-08-04T16:16:35.459158600Z,2026-08-04T16:17:45.245111600Z,1,55236110,やる気元気ミワハルキ,55236110,55138264,9714ab5c3996f6cc,648,replays\episode_89968799.json,logs\89968799\agent_0_observation_logs.json;logs\89968799\agent_1_observation_logs.json,success,,2026-08-06T09:58:00.761979Z
3,16422241,Raihan Ramadistra,55177269,1151.0,55177269,89971164,COMPLETED,EPISODE_TYPE_PUBLIC,2026-08-04T16:32:34.350088200Z,2026-08-04T16:33:55.299302400Z,1,55242764,THIRD PTCG Club,55242764,55177269,9714ab5c3996f6cc,648,replays\episode_89971164.json,logs\89971164\agent_0_observation_logs.json;logs\89971164\agent_1_observation_logs.json,success,,2026-08-06T09:54:09.899286Z
3,16422241,Raihan Ramadistra,55177269,1151.0,55177269,89975204,COMPLETED,EPISODE_TYPE_PUBLIC,2026-08-04T16:56:37.027850700Z,2026-08-04T16:57:47.300789Z,1,55186239,Majkel1337,55186239,55177269,9714ab5c3996f6cc,648,replays\episode_89975204.json,logs\89975204\agent_0_observation_logs.json;logs\89975204\agent_1_observation_logs.json,success,,2026-08-06T09:54:13.222007Z
11,16561259,@kdcyberdude,55187358,1116.3,55187358,89978275,COMPLETED,EPISODE_TYPE_PUBLIC,2026-08-04T17:16:35.063093600Z,2026-08-04T17:18:29.126869Z,0,55242764,THIRD PTCG Club,55187358,55242764,9714ab5c3996f6cc,648,replays\episode_89978275.json,logs\89978275\agent_0_observation_logs.json;logs\89978275\agent_1_observation_logs.json,skipped_existing,,2026-08-06T09:53:07.032660Z
12,16452116,Sixth Sense,55138264,1113.7,55138264,89978446,COMPLETED,EPISODE_TYPE_PUBLIC,2026-08-04T17:16:35.390748800Z,2026-08-04T17:25:16.115140800Z,0,55235481,wwwwwwwwwwwwwwwwwwwwwwwwwwwwww,55138264,55235481,9714ab5c3996f6cc,648,replays\episode_89978446.json,logs\89978446\agent_0_observation_logs.json;logs\89978446\agent_1_observation_logs.json,success,,2026-08-06T09:58:04.530171Z
11,16561259,@kdcyberdude,55187358,1116.3,55187358,89980979,COMPLETED,EPISODE_TYPE_PUBLIC,2026-08-04T17:32:36.252867600Z,2026-08-04T17:34:42.446060800Z,0,55198468,M Sato,55187358,55198468,9714ab5c3996f6cc,648,replays\episode_89980979.json,logs\89980979\agent_0_observation_logs.json;logs\89980979\agent_1_observation_logs.json,skipped_existing,,2026-08-06T09:53:07.266732Z
3,16422241,Raihan Ramadistra,55177269,1151.0,55177269,89981678,COMPLETED,EPISODE_TYPE_PUBLIC,2026-08-04T17:36:37.142070400Z,2026-08-04T17:38:10.241290500Z,0,55186239,Majkel1337,55177269,55186239,9714ab5c3996f6cc,648,replays\episode_89981678.json,logs\89981678\agent_0_observation_logs.json;logs\89981678\agent_1_observation_logs.json,success,,2026-08-06T09:54:15.757517Z
11,16561259,@kdcyberdude,55187358,1116.3,55187358,89983432,COMPLETED,EPISODE_TYPE_PUBLIC,2026-08-04T17:48:35.248651100Z,2026-08-04T17:51:57.876664100Z,1,55242764,THIRD PTCG Club,55242764,55187358,9714ab5c3996f6cc,648,replays\episode_89983432.json,logs\89983432\agent_0_observation_logs.json;logs\89983432\agent_1_observation_logs.json,skipped_existing,,2026-08-06T09:53:07.408821Z
11,16561259,@kdcyberdude,55187358,1116.3,55187358,89983532,COMPLETED,EPISODE_TYPE_PUBLIC,2026-08-04T17:48:35.392942800Z,2026-08-04T17:51:35.843544900Z,1,55033457,flg,55033457,55187358,9714ab5c3996f6cc,648,replays\episode_89983532.json,logs\89983532\agent_0_observation_logs.json;logs\89983532\agent_1_observation_logs.json,skipped_existing,,2026-08-06T09:53:07.733918Z
12,16452116,Sixth Sense,55138264,1113.7,55138264,89987364,COMPLETED,EPISODE_TYPE_PUBLIC,2026-08-04T18:12:36.495208600Z,2026-08-04T18:13:34.267328100Z,1,55242764,THIRD PTCG Club,55242764,55138264,9714ab5c3996f6cc,648,replays\episode_89987364.json,logs\89987364\agent_0_observation_logs.json;logs\89987364\agent_1_observation_logs.json,success,,2026-08-06T09:58:06.527513Z
3,16422241,Raihan Ramadistra,55177269,1151.0,55177269,89989959,COMPLETED,EPISODE_TYPE_PUBLIC,2026-08-04T18:28:36.488256700Z,2026-08-04T18:30:08.730218700Z,1,55186239,Majkel1337,55186239,55177269,9714ab5c3996f6cc,648,replays\episode_89989959.json,logs\89989959\agent_0_observation_logs.json;logs\89989959\agent_1_observation_logs.json,success,,2026-08-06T09:54:19.133168Z
3,16422241,Raihan Ramadistra,55177269,1151.0,55177269,89990643,COMPLETED,EPISODE_TYPE_PUBLIC,2026-08-04T18:32:36.424409300Z,2026-08-04T18:33:45.041535500Z,1,55186239,Majkel1337,55186239,55177269,9714ab5c3996f6cc,648,replays\episode_89990643.json,logs\89990643\agent_0_observation_logs.json;logs\89990643\agent_1_observation_logs.json,success,,2026-08-06T09:54:23.145346Z
3,16422241,Raihan Ramadistra,55177269,1151.0,55177269,89991295,COMPLETED,EPISODE_TYPE_PUBLIC,2026-08-04T18:36:36.493424600Z,2026-08-04T18:37:45.809638800Z,1,55186239,Majkel1337,55186239,55177269,9714ab5c3996f6cc,648,replays\episode_89991295.json,logs\89991295\agent_0_observation_logs.json;logs\89991295\agent_1_observation_logs.json,success,,2026-08-06T09:54:25.824110Z
3,16422241,Raihan Ramadistra,55177269,1151.0,55177269,89991945,COMPLETED,EPISODE_TYPE_PUBLIC,2026-08-04T18:40:36.595684800Z,2026-08-04T18:41:42.110561100Z,0,55186239,Majkel1337,55177269,55186239,9714ab5c3996f6cc,648,replays\episode_89991945.json,logs\89991945\agent_0_observation_logs.json;logs\89991945\agent_1_observation_logs.json,success,,2026-08-06T09:54:28.887895Z
11,16561259,@kdcyberdude,55187358,1116.3,55187358,89994412,COMPLETED,EPISODE_TYPE_PUBLIC,2026-08-04T18:56:40.329349100Z,2026-08-04T18:59:12.317992800Z,1,55221290,MissingNo.,55221290,55187358,9714ab5c3996f6cc,648,replays\episode_89994412.json,logs\89994412\agent_0_observation_logs.json;logs\89994412\agent_1_observation_logs.json,skipped_existing,,2026-08-06T09:53:07.957488Z
3,16422241,Raihan Ramadistra,55177269,1151.0,55177269,89994522,COMPLETED,EPISODE_TYPE_PUBLIC,2026-08-04T18:56:40.478294900Z,2026-08-04T18:58:00.519887700Z,1,55186239,Majkel1337,55186239,55177269,9714ab5c3996f6cc,648,replays\episode_89994522.json,logs\89994522\agent_0_observation_logs.json;logs\89994522\agent_1_observation_logs.json,success,,2026-08-06T09:54:31.807216Z
12,16452116,Sixth Sense,55138264,1113.7,55138264,89995090,COMPLETED,EPISODE_TYPE_PUBLIC,2026-08-04T19:00:35.342664700Z,2026-08-04T19:01:46.069913400Z,1,55186239,Majkel1337,55186239,55138264,9714ab5c3996f6cc,648,replays\episode_89995090.json,logs\89995090\agent_0_observation_logs.json;logs\89995090\agent_1_observation_logs.json,success,,2026-08-06T09:58:10.088739Z
12,16452116,Sixth Sense,55138264,1113.7,55138264,89995748,COMPLETED,EPISODE_TYPE_PUBLIC,2026-08-04T19:04:39.271382800Z,2026-08-04T19:05:55.869313900Z,1,55186239,Majkel1337,55186239,55138264,9714ab5c3996f6cc,648,replays\episode_89995748.json,logs\89995748\agent_0_observation_logs.json;logs\89995748\agent_1_observation_logs.json,success,,2026-08-06T09:58:12.878882Z
3,16422241,Raihan Ramadistra,55177269,1151.0,55177269,89995750,COMPLETED,EPISODE_TYPE_PUBLIC,2026-08-04T19:04:39.273845900Z,2026-08-04T19:05:20.136194800Z,1,55188658,James Cox & Henry Chao,55188658,55177269,9714ab5c3996f6cc,648,replays\episode_89995750.json,logs\89995750\agent_0_observation_logs.json;logs\89995750\agent_1_observation_logs.json,success,,2026-08-06T09:54:34.396899Z
12,16452116,Sixth Sense,55138264,1113.7,55138264,89998849,COMPLETED,EPISODE_TYPE_PUBLIC,2026-08-04T19:24:35.944613300Z,2026-08-04T19:25:42.602411400Z,1,55245964,KawattaTaido,55245964,55138264,9714ab5c3996f6cc,648,replays\episode_89998849.json,logs\89998849\agent_0_observation_logs.json;logs\89998849\agent_1_observation_logs.json,success,,2026-08-06T09:58:15.637148Z
3,16422241,Raihan Ramadistra,55177269,1151.0,55177269,89999038,COMPLETED,EPISODE_TYPE_PUBLIC,2026-08-04T19:24:36.339497700Z,2026-08-04T19:25:35.346574300Z,1,55229706,LumenLiquidity,55229706,55177269,9714ab5c3996f6cc,648,replays\episode_89999038.json,logs\89999038\agent_0_observation_logs.json;logs\89999038\agent_1_observation_logs.json,success,,2026-08-06T09:54:36.363724Z
12,16452116,Sixth Sense,55138264,1113.7,55138264,90000201,COMPLETED,EPISODE_TYPE_PUBLIC,2026-08-04T19:32:36.524075200Z,2026-08-04T19:33:31.065697200Z,1,55186239,Majkel1337,55186239,55138264,9714ab5c3996f6cc,648,replays\episode_90000201.json,logs\90000201\agent_0_observation_logs.json;logs\90000201\agent_1_observation_logs.json,success,,2026-08-06T09:58:18.866730Z
11,16561259,@kdcyberdude,55187358,1116.3,55187358,90000264,COMPLETED,EPISODE_TYPE_PUBLIC,2026-08-04T19:32:36.625324100Z,2026-08-04T19:34:52.662106800Z,0,55236110,やる気元気ミワハルキ,55187358,55236110,9714ab5c3996f6cc,648,replays\episode_90000264.json,logs\90000264\agent_0_observation_logs.json;logs\90000264\agent_1_observation_logs.json,skipped_existing,,2026-08-06T09:53:08.194569Z
3,16422241,Raihan Ramadistra,55177269,1151.0,55177269,90000972,COMPLETED,EPISODE_TYPE_PUBLIC,2026-08-04T19:36:37.135301800Z,2026-08-04T19:37:21.927289400Z,1,55188658,James Cox & Henry Chao,55188658,55177269,9714ab5c3996f6cc,648,replays\episode_90000972.json,logs\90000972\agent_0_observation_logs.json;logs\90000972\agent_1_observation_logs.json,success,,2026-08-06T09:54:39.980758Z
3,16422241,Raihan Ramadistra,55177269,1151.0,55177269,90001671,COMPLETED,EPISODE_TYPE_PUBLIC,2026-08-04T19:40:38.880239300Z,2026-08-04T19:42:00.562990500Z,0,55238398,HCRL,55177269,55238398,9714ab5c3996f6cc,648,replays\episode_90001671.json,logs\90001671\agent_0_observation_logs.json;logs\90001671\agent_1_observation_logs.json,success,,2026-08-06T09:54:42.844034Z
3,16422241,Raihan Ramadistra,55177269,1151.0,55177269,90002233,COMPLETED,EPISODE_TYPE_PUBLIC,2026-08-04T19:44:38.481269200Z,2026-08-04T19:45:50.481062100Z,1,55229706,LumenLiquidity,55229706,55177269,9714ab5c3996f6cc,648,replays\episode_90002233.json,logs\90002233\agent_0_observation_logs.json;logs\90002233\agent_1_observation_logs.json,success,,2026-08-06T09:54:46.220803Z
12,16452116,Sixth Sense,55138264,1113.7,55138264,90002253,COMPLETED,EPISODE_TYPE_PUBLIC,2026-08-04T19:44:38.538154500Z,2026-08-04T19:45:43.544770Z,0,55242764,THIRD PTCG Club,55138264,55242764,9714ab5c3996f6cc,648,replays\episode_90002253.json,logs\90002253\agent_0_observation_logs.json;logs\90002253\agent_1_observation_logs.json,success,,2026-08-06T09:58:21.514983Z
3,16422241,Raihan Ramadistra,55177269,1151.0,55177269,90002850,COMPLETED,EPISODE_TYPE_PUBLIC,2026-08-04T19:48:36.328952300Z,2026-08-04T19:49:26.679259800Z,1,55188658,James Cox & Henry Chao,55188658,55177269,9714ab5c3996f6cc,648,replays\episode_90002850.json,logs\90002850\agent_0_observation_logs.json;logs\90002850\agent_1_observation_logs.json,success,,2026-08-06T09:54:49.763579Z
3,16422241,Raihan Ramadistra,55177269,1151.0,55177269,90003547,COMPLETED,EPISODE_TYPE_PUBLIC,2026-08-04T19:52:36.550391700Z,2026-08-04T19:54:06.012799200Z,1,54941730,Eastgooner,54941730,55177269,9714ab5c3996f6cc,648,replays\episode_90003547.json,logs\90003547\agent_0_observation_logs.json;logs\90003547\agent_1_observation_logs.json,success,,2026-08-06T09:54:52.792176Z
12,16452116,Sixth Sense,55138264,1113.7,55138264,90003634,COMPLETED,EPISODE_TYPE_PUBLIC,2026-08-04T19:52:36.679778500Z,2026-08-04T19:54:08.605503400Z,1,54773249,AlphaStarmie,54773249,55138264,9714ab5c3996f6cc,648,replays\episode_90003634.json,logs\90003634\agent_0_observation_logs.json;logs\90003634\agent_1_observation_logs.json,success,,2026-08-06T09:58:23.230633Z
3,16422241,Raihan Ramadistra,55177269,1151.0,55177269,90004101,COMPLETED,EPISODE_TYPE_PUBLIC,2026-08-04T19:56:35.773203700Z,2026-08-04T19:57:43.233806400Z,1,55186239,Majkel1337,55186239,55177269,9714ab5c3996f6cc,648,replays\episode_90004101.json,logs\90004101\agent_0_observation_logs.json;logs\90004101\agent_1_observation_logs.json,success,,2026-08-06T09:54:55.830620Z
3,16422241,Raihan Ramadistra,55177269,1151.0,55177269,90004113,COMPLETED,EPISODE_TYPE_PUBLIC,2026-08-04T19:56:35.789349900Z,2026-08-04T19:57:40.573357600Z,0,55236110,やる気元気ミワハルキ,55177269,55236110,9714ab5c3996f6cc,648,replays\episode_90004113.json,logs\90004113\agent_0_observation_logs.json;logs\90004113\agent_1_observation_logs.json,success,,2026-08-06T09:54:58.065789Z
12,16452116,Sixth Sense,55138264,1113.7,55138264,90004171,COMPLETED,EPISODE_TYPE_PUBLIC,2026-08-04T19:56:35.875766700Z,2026-08-04T20:05:17.784988900Z,0,55199855,tw_shin,55138264,55199855,9714ab5c3996f6cc,648,replays\episode_90004171.json,logs\90004171\agent_0_observation_logs.json;logs\90004171\agent_1_observation_logs.json,success,,2026-08-06T09:58:26.199766Z
3,16422241,Raihan Ramadistra,55177269,1151.0,55177269,90004174,COMPLETED,EPISODE_TYPE_PUBLIC,2026-08-04T19:56:35.882871900Z,2026-08-04T19:57:38.960487700Z,0,55147326,Majkel1337,55177269,55147326,9714ab5c3996f6cc,648,replays\episode_90004174.json,logs\90004174\agent_0_observation_logs.json;logs\90004174\agent_1_observation_logs.json,success,,2026-08-06T09:55:00.912184Z
3,16422241,Raihan Ramadistra,55177269,1151.0,55177269,90004817,COMPLETED,EPISODE_TYPE_PUBLIC,2026-08-04T20:00:39.543739600Z,2026-08-04T20:01:30.107778300Z,1,55229706,LumenLiquidity,55229706,55177269,9714ab5c3996f6cc,648,replays\episode_90004817.json,logs\90004817\agent_0_observation_logs.json;logs\90004817\agent_1_observation_logs.json,success,,2026-08-06T09:55:03.678890Z
3,16422241,Raihan Ramadistra,55177269,1151.0,55177269,90004818,COMPLETED,EPISODE_TYPE_PUBLIC,2026-08-04T20:00:39.544384700Z,2026-08-04T20:01:48.968699Z,0,55229706,LumenLiquidity,55177269,55229706,9714ab5c3996f6cc,648,replays\episode_90004818.json,logs\90004818\agent_0_observation_logs.json;logs\90004818\agent_1_observation_logs.json,success,,2026-08-06T09:55:06.464134Z
11,16561259,@kdcyberdude,55187358,1116.3,55187358,90004840,COMPLETED,EPISODE_TYPE_PUBLIC,2026-08-04T20:00:39.564950Z,2026-08-04T20:03:36.338694900Z,1,54773249,AlphaStarmie,54773249,55187358,9714ab5c3996f6cc,648,replays\episode_90004840.json,logs\90004840\agent_0_observation_logs.json;logs\90004840\agent_1_observation_logs.json,skipped_existing,,2026-08-06T09:53:08.363707Z
3,16422241,Raihan Ramadistra,55177269,1151.0,55177269,90005448,COMPLETED,EPISODE_TYPE_PUBLIC,2026-08-04T20:04:41.669135300Z,2026-08-04T20:05:33.022642500Z,1,55247218,齐乐,55247218,55177269,9714ab5c3996f6cc,648,replays\episode_90005448.json,logs\90005448\agent_0_observation_logs.json;logs\90005448\agent_1_observation_logs.json,success,,2026-08-06T09:55:09.608361Z
11,16561259,@kdcyberdude,55187358,1116.3,55187358,90006051,COMPLETED,EPISODE_TYPE_PUBLIC,2026-08-04T20:08:37.373655100Z,2026-08-04T20:11:19.678073700Z,0,55236110,やる気元気ミワハルキ,55187358,55236110,9714ab5c3996f6cc,648,replays\episode_90006051.json,logs\90006051\agent_0_observation_logs.json;logs\90006051\agent_1_observation_logs.json,skipped_existing,,2026-08-06T09:53:08.521275Z
3,16422241,Raihan Ramadistra,55177269,1151.0,55177269,90006071,COMPLETED,EPISODE_TYPE_PUBLIC,2026-08-04T20:08:37.428557100Z,2026-08-04T20:10:11.262976600Z,0,54957625,Where is my orbit,55177269,54957625,9714ab5c3996f6cc,648,replays\episode_90006071.json,logs\90006071\agent_0_observation_logs.json;logs\90006071\agent_1_observation_logs.json,success,,2026-08-06T09:55:13.446732Z
3,16422241,Raihan Ramadistra,55177269,1151.0,55177269,90006712,COMPLETED,EPISODE_TYPE_PUBLIC,2026-08-04T20:12:37.289007800Z,2026-08-04T20:14:03.425486700Z,0,55206939,やる気元気ミワハルキ,55177269,55206939,9714ab5c3996f6cc,648,replays\episode_90006712.json,logs\90006712\agent_0_observation_logs.json;logs\90006712\agent_1_observation_logs.json,success,,2026-08-06T09:55:15.578708Z
3,16422241,Raihan Ramadistra,55177269,1151.0,55177269,90006732,COMPLETED,EPISODE_TYPE_PUBLIC,2026-08-04T20:12:37.313985600Z,2026-08-04T20:13:41.921841700Z,0,55206939,やる気元気ミワハルキ,55177269,55206939,9714ab5c3996f6cc,648,replays\episode_90006732.json,logs\90006732\agent_0_observation_logs.json;logs\90006732\agent_1_observation_logs.json,success,,2026-08-06T09:55:18.199049Z
12,16452116,Sixth Sense,55138264,1113.7,55138264,90006852,COMPLETED,EPISODE_TYPE_PUBLIC,2026-08-04T20:12:37.480664900Z,2026-08-04T20:13:40.829650800Z,1,55206939,やる気元気ミワハルキ,55206939,55138264,9714ab5c3996f6cc,648,replays\episode_90006852.json,logs\90006852\agent_0_observation_logs.json;logs\90006852\agent_1_observation_logs.json,success,,2026-08-06T09:58:28.692349Z
3,16422241,Raihan Ramadistra,55177269,1151.0,55177269,90007347,COMPLETED,EPISODE_TYPE_PUBLIC,2026-08-04T20:16:35.937850800Z,2026-08-04T20:17:48.467285800Z,1,54773249,AlphaStarmie,54773249,55177269,9714ab5c3996f6cc,648,replays\episode_90007347.json,logs\90007347\agent_0_observation_logs.json;logs\90007347\agent_1_observation_logs.json,success,,2026-08-06T09:55:20.878104Z
12,16452116,Sixth Sense,55138264,1113.7,55138264,90007349,COMPLETED,EPISODE_TYPE_PUBLIC,2026-08-04T20:16:35.935784700Z,2026-08-04T20:17:48.653641400Z,0,55206939,やる気元気ミワハルキ,55138264,55206939,9714ab5c3996f6cc,648,replays\episode_90007349.json,logs\90007349\agent_0_observation_logs.json;logs\90007349\agent_1_observation_logs.json,success,,2026-08-06T09:58:31.719408Z
12,16452116,Sixth Sense,55138264,1113.7,55138264,90007376,COMPLETED,EPISODE_TYPE_PUBLIC,2026-08-04T20:16:35.962538400Z,2026-08-04T20:21:19.105663800Z,1,55235481,wwwwwwwwwwwwwwwwwwwwwwwwwwwwww,55235481,55138264,9714ab5c3996f6cc,648,replays\episode_90007376.json,logs\90007376\agent_0_observation_logs.json;logs\90007376\agent_1_observation_logs.json,success,,2026-08-06T09:58:34.382374Z
3,16422241,Raihan Ramadistra,55177269,1151.0,55177269,90007986,COMPLETED,EPISODE_TYPE_PUBLIC,2026-08-04T20:20:36.184526Z,2026-08-04T20:21:35.432253Z,0,55147326,Majkel1337,55177269,55147326,9714ab5c3996f6cc,648,replays\episode_90007986.json,logs\90007986\agent_0_observation_logs.json;logs\90007986\agent_1_observation_logs.json,success,,2026-08-06T09:55:23.752619Z
12,16452116,Sixth Sense,55138264,1113.7,55138264,90007989,COMPLETED,EPISODE_TYPE_PUBLIC,2026-08-04T20:20:36.186301800Z,2026-08-04T20:21:33.559670800Z,1,55198468,M Sato,55198468,55138264,9714ab5c3996f6cc,648,replays\episode_90007989.json,logs\90007989\agent_0_observation_logs.json;logs\90007989\agent_1_observation_logs.json,success,,2026-08-06T09:58:36.848715Z
3,16422241,Raihan Ramadistra,55177269,1151.0,55177269,90008636,COMPLETED,EPISODE_TYPE_PUBLIC,2026-08-04T20:24:36.071108Z,2026-08-04T20:25:40.632380Z,0,55235481,wwwwwwwwwwwwwwwwwwwwwwwwwwwwww,55177269,55235481,9714ab5c3996f6cc,648,replays\episode_90008636.json,logs\90008636\agent_0_observation_logs.json;logs\90008636\agent_1_observation_logs.json,success,,2026-08-06T09:55:26.530031Z
12,16452116,Sixth Sense,55138264,1113.7,55138264,90008683,COMPLETED,EPISODE_TYPE_PUBLIC,2026-08-04T20:24:36.154316Z,2026-08-04T20:26:20.403494300Z,0,55184021,李秉叡（ntumlnoob）,55138264,55184021,9714ab5c3996f6cc,648,replays\episode_90008683.json,logs\90008683\agent_0_observation_logs.json;logs\90008683\agent_1_observation_logs.json,success,,2026-08-06T09:58:40.111097Z
12,16452116,Sixth Sense,55138264,1113.7,55138264,90009226,COMPLETED,EPISODE_TYPE_PUBLIC,2026-08-04T20:28:35.068615100Z,2026-08-04T20:31:20.137956800Z,0,55245607,cyrus,55138264,55245607,9714ab5c3996f6cc,648,replays\episode_90009226.json,logs\90009226\agent_0_observation_logs.json;logs\90009226\agent_1_observation_logs.json,success,,2026-08-06T09:58:42.347784Z
3,16422241,Raihan Ramadistra,55177269,1151.0,55177269,90009276,COMPLETED,EPISODE_TYPE_PUBLIC,2026-08-04T20:28:35.150741Z,2026-08-04T20:29:19.667059500Z,0,55198468,M Sato,55177269,55198468,9714ab5c3996f6cc,648,replays\episode_90009276.json,logs\90009276\agent_0_observation_logs.json;logs\90009276\agent_1_observation_logs.json,success,,2026-08-06T09:55:29.086119Z
3,16422241,Raihan Ramadistra,55177269,1151.0,55177269,90009278,COMPLETED,EPISODE_TYPE_PUBLIC,2026-08-04T20:28:35.153329Z,2026-08-04T20:29:14.415075100Z,1,53905100,sota_k_1021,53905100,55177269,9714ab5c3996f6cc,648,replays\episode_90009278.json,logs\90009278\agent_0_observation_logs.json;logs\90009278\agent_1_observation_logs.json,success,,2026-08-06T09:55:30.450867Z
3,16422241,Raihan Ramadistra,55177269,1151.0,55177269,90009284,COMPLETED,EPISODE_TYPE_PUBLIC,2026-08-04T20:28:35.158742700Z,2026-08-04T20:29:33.218568400Z,1,55229706,LumenLiquidity,55229706,55177269,9714ab5c3996f6cc,648,replays\episode_90009284.json,logs\90009284\agent_0_observation_logs.json;logs\90009284\agent_1_observation_logs.json,success,,2026-08-06T09:55:32.753428Z
3,16422241,Raihan Ramadistra,55177269,1151.0,55177269,90009889,COMPLETED,EPISODE_TYPE_PUBLIC,2026-08-04T20:32:35.940081200Z,2026-08-04T20:33:51.134335600Z,1,55186239,Majkel1337,55186239,55177269,9714ab5c3996f6cc,648,replays\episode_90009889.json,logs\90009889\agent_0_observation_logs.json;logs\90009889\agent_1_observation_logs.json,success,,2026-08-06T09:55:35.700625Z
3,16422241,Raihan Ramadistra,55177269,1151.0,55177269,90009912,COMPLETED,EPISODE_TYPE_PUBLIC,2026-08-04T20:32:35.964737300Z,2026-08-04T20:33:17.967558800Z,1,53820681,Rohit potdukhe,53820681,55177269,9714ab5c3996f6cc,648,replays\episode_90009912.json,logs\90009912\agent_0_observation_logs.json;logs\90009912\agent_1_observation_logs.json,success,,2026-08-06T09:55:38.437258Z
3,16422241,Raihan Ramadistra,55177269,1151.0,55177269,90009916,COMPLETED,EPISODE_TYPE_PUBLIC,2026-08-04T20:32:35.965530300Z,2026-08-04T20:33:40.136171400Z,1,55206939,やる気元気ミワハルキ,55206939,55177269,9714ab5c3996f6cc,648,replays\episode_90009916.json,logs\90009916\agent_0_observation_logs.json;logs\90009916\agent_1_observation_logs.json,success,,2026-08-06T09:55:41.332409Z
11,16561259,@kdcyberdude,55187358,1116.3,55187358,90010029,COMPLETED,EPISODE_TYPE_PUBLIC,2026-08-04T20:32:36.225534500Z,2026-08-04T20:34:40.498676800Z,1,55153405,keidroid,55153405,55187358,9714ab5c3996f6cc,648,replays\episode_90010029.json,logs\90010029\agent_0_observation_logs.json;logs\90010029\agent_1_observation_logs.json,skipped_existing,,2026-08-06T09:53:08.707125Z
3,16422241,Raihan Ramadistra,55177269,1151.0,55177269,90010562,COMPLETED,EPISODE_TYPE_PUBLIC,2026-08-04T20:36:36.854133200Z,2026-08-04T20:37:36.012757500Z,1,55198468,M Sato,55198468,55177269,9714ab5c3996f6cc,648,replays\episode_90010562.json,logs\90010562\agent_0_observation_logs.json;logs\90010562\agent_1_observation_logs.json,success,,2026-08-06T09:55:44.744382Z
11,16561259,@kdcyberdude,55187358,1116.3,55187358,90011197,COMPLETED,EPISODE_TYPE_PUBLIC,2026-08-04T20:40:35.859162700Z,2026-08-04T20:43:56.193642100Z,0,55236110,やる気元気ミワハルキ,55187358,55236110,9714ab5c3996f6cc,648,replays\episode_90011197.json,logs\90011197\agent_0_observation_logs.json;logs\90011197\agent_1_observation_logs.json,skipped_existing,,2026-08-06T09:53:08.816024Z
12,16452116,Sixth Sense,55138264,1113.7,55138264,90011204,COMPLETED,EPISODE_TYPE_PUBLIC,2026-08-04T20:40:35.865365900Z,2026-08-04T20:41:47.348770900Z,1,55206939,やる気元気ミワハルキ,55206939,55138264,9714ab5c3996f6cc,648,replays\episode_90011204.json,logs\90011204\agent_0_observation_logs.json;logs\90011204\agent_1_observation_logs.json,success,,2026-08-06T09:58:44.111202Z
11,16561259,@kdcyberdude,55187358,1116.3,55187358,90011214,COMPLETED,EPISODE_TYPE_PUBLIC,2026-08-04T20:40:35.875788200Z,2026-08-04T20:43:10.639199300Z,1,55198468,M Sato,55198468,55187358,9714ab5c3996f6cc,648,replays\episode_90011214.json,logs\90011214\agent_0_observation_logs.json;logs\90011214\agent_1_observation_logs.json,skipped_existing,,2026-08-06T09:53:09.035706Z
3,16422241,Raihan Ramadistra,55177269,1151.0,55177269,90011216,COMPLETED,EPISODE_TYPE_PUBLIC,2026-08-04T20:40:35.876964900Z,2026-08-04T20:42:09.091918Z,0,55184021,李秉叡（ntumlnoob）,55177269,55184021,9714ab5c3996f6cc,648,replays\episode_90011216.json,logs\90011216\agent_0_observation_logs.json;logs\90011216\agent_1_observation_logs.json,success,,2026-08-06T09:55:48.321929Z
3,16422241,Raihan Ramadistra,55177269,1151.0,55177269,90011252,COMPLETED,EPISODE_TYPE_PUBLIC,2026-08-04T20:40:35.942759500Z,2026-08-04T20:49:07.059289100Z,1,55235481,wwwwwwwwwwwwwwwwwwwwwwwwwwwwww,55235481,55177269,9714ab5c3996f6cc,648,replays\episode_90011252.json,logs\90011252\agent_0_observation_logs.json;logs\90011252\agent_1_observation_logs.json,success,,2026-08-06T09:55:51.884028Z
12,16452116,Sixth Sense,55138264,1113.7,55138264,90011335,COMPLETED,EPISODE_TYPE_PUBLIC,2026-08-04T20:40:36.061075600Z,2026-08-04T20:41:34.475348400Z,1,55033457,flg,55033457,55138264,9714ab5c3996f6cc,648,replays\episode_90011335.json,logs\90011335\agent_0_observation_logs.json;logs\90011335\agent_1_observation_logs.json,success,,2026-08-06T09:58:46.303302Z
3,16422241,Raihan Ramadistra,55177269,1151.0,55177269,90011858,COMPLETED,EPISODE_TYPE_PUBLIC,2026-08-04T20:44:40.971607300Z,2026-08-04T20:45:39.165593400Z,1,55157029,Brahim,55157029,55177269,9714ab5c3996f6cc,648,replays\episode_90011858.json,logs\90011858\agent_0_observation_logs.json;logs\90011858\agent_1_observation_logs.json,success,,2026-08-06T09:55:56.255460Z
11,16561259,@kdcyberdude,55187358,1116.3,55187358,90011862,COMPLETED,EPISODE_TYPE_PUBLIC,2026-08-04T20:44:40.976998900Z,2026-08-04T20:46:45.750621500Z,1,55202823,Raihan Ramadistra,55202823,55187358,9714ab5c3996f6cc,648,replays\episode_90011862.json,logs\90011862\agent_0_observation_logs.json;logs\90011862\agent_1_observation_logs.json,skipped_existing,,2026-08-06T09:53:09.176069Z
12,16452116,Sixth Sense,55138264,1113.7,55138264,90011919,COMPLETED,EPISODE_TYPE_PUBLIC,2026-08-04T20:44:41.071698400Z,2026-08-04T20:47:23.240978100Z,0,55184021,李秉叡（ntumlnoob）,55138264,55184021,9714ab5c3996f6cc,648,replays\episode_90011919.json,logs\90011919\agent_0_observation_logs.json;logs\90011919\agent_1_observation_logs.json,success,,2026-08-06T09:58:47.913091Z
3,16422241,Raihan Ramadistra,55177269,1151.0,55177269,90012506,COMPLETED,EPISODE_TYPE_PUBLIC,2026-08-04T20:48:35.657693100Z,2026-08-04T20:49:35.719056200Z,0,55138264,Sixth Sense,55177269,55138264,9714ab5c3996f6cc,648,replays\episode_90012506.json,logs\90012506\agent_0_observation_logs.json;logs\90012506\agent_1_observation_logs.json,success,,2026-08-06T09:56:00.307207Z
12,16452116,Sixth Sense,55138264,1113.7,55138264,90012506,COMPLETED,EPISODE_TYPE_PUBLIC,2026-08-04T20:48:35.657693100Z,2026-08-04T20:49:35.719056200Z,1,55177269,Raihan Ramadistra,55177269,55138264,9714ab5c3996f6cc,648,replays\episode_90012506.json,logs\90012506\agent_0_observation_logs.json;logs\90012506\agent_1_observation_logs.json,skipped_existing,,2026-08-06T09:58:50.590078Z
12,16452116,Sixth Sense,55138264,1113.7,55138264,90012556,COMPLETED,EPISODE_TYPE_PUBLIC,2026-08-04T20:48:35.734189400Z,2026-08-04T20:50:58.752120700Z,1,54959248,Where is my orbit,54959248,55138264,9714ab5c3996f6cc,648,replays\episode_90012556.json,logs\90012556\agent_0_observation_logs.json;logs\90012556\agent_1_observation_logs.json,success,,2026-08-06T09:58:50.745455Z
3,16422241,Raihan Ramadistra,55177269,1151.0,55177269,90013121,COMPLETED,EPISODE_TYPE_PUBLIC,2026-08-04T20:52:36.362365200Z,2026-08-04T20:59:52.564805500Z,0,55245607,cyrus,55177269,55245607,9714ab5c3996f6cc,648,replays\episode_90013121.json,logs\90013121\agent_0_observation_logs.json;logs\90013121\agent_1_observation_logs.json,success,,2026-08-06T09:56:04.254023Z
3,16422241,Raihan Ramadistra,55177269,1151.0,55177269,90013143,COMPLETED,EPISODE_TYPE_PUBLIC,2026-08-04T20:52:36.388891700Z,2026-08-04T20:53:16.650720900Z,0,55229706,LumenLiquidity,55177269,55229706,9714ab5c3996f6cc,648,replays\episode_90013143.json,logs\90013143\agent_0_observation_logs.json;logs\90013143\agent_1_observation_logs.json,success,,2026-08-06T09:56:08.240911Z
12,16452116,Sixth Sense,55138264,1113.7,55138264,90013188,COMPLETED,EPISODE_TYPE_PUBLIC,2026-08-04T20:52:36.465861600Z,2026-08-04T20:53:28.214968Z,1,55215429,ShumpeiNomura,55215429,55138264,9714ab5c3996f6cc,648,replays\episode_90013188.json,logs\90013188\agent_0_observation_logs.json;logs\90013188\agent_1_observation_logs.json,success,,2026-08-06T09:58:53.385774Z
11,16561259,@kdcyberdude,55187358,1116.3,55187358,90013272,COMPLETED,EPISODE_TYPE_PUBLIC,2026-08-04T20:52:36.632882400Z,2026-08-04T21:02:26.743077700Z,1,55199855,tw_shin,55199855,55187358,9714ab5c3996f6cc,648,replays\episode_90013272.json,logs\90013272\agent_0_observation_logs.json;logs\90013272\agent_1_observation_logs.json,skipped_existing,,2026-08-06T09:53:09.428970Z
12,16452116,Sixth Sense,55138264,1113.7,55138264,90013778,COMPLETED,EPISODE_TYPE_PUBLIC,2026-08-04T20:56:36.288603200Z,2026-08-04T20:57:39.059823800Z,0,55229706,LumenLiquidity,55138264,55229706,9714ab5c3996f6cc,648,replays\episode_90013778.json,logs\90013778\agent_0_observation_logs.json;logs\90013778\agent_1_observation_logs.json,success,,2026-08-06T09:58:54.984615Z
11,16561259,@kdcyberdude,55187358,1116.3,55187358,90013779,COMPLETED,EPISODE_TYPE_PUBLIC,2026-08-04T20:56:36.325630Z,2026-08-04T21:00:26.099225300Z,1,55235481,wwwwwwwwwwwwwwwwwwwwwwwwwwwwww,55235481,55187358,9714ab5c3996f6cc,648,replays\episode_90013779.json,logs\90013779\agent_0_observation_logs.json;logs\90013779\agent_1_observation_logs.json,skipped_existing,,2026-08-06T09:53:09.678326Z
3,16422241,Raihan Ramadistra,55177269,1151.0,55177269,90013788,COMPLETED,EPISODE_TYPE_PUBLIC,2026-08-04T20:56:36.336525300Z,2026-08-04T21:04:35.726889500Z,1,55235481,wwwwwwwwwwwwwwwwwwwwwwwwwwwwww,55235481,55177269,9714ab5c3996f6cc,648,replays\episode_90013788.json,logs\90013788\agent_0_observation_logs.json;logs\90013788\agent_1_observation_logs.json,success,,2026-08-06T09:56:10.061220Z
12,16452116,Sixth Sense,55138264,1113.7,55138264,90013835,COMPLETED,EPISODE_TYPE_PUBLIC,2026-08-04T20:56:36.469625600Z,2026-08-04T20:59:03.341550100Z,0,55184021,李秉叡（ntumlnoob）,55138264,55184021,9714ab5c3996f6cc,648,replays\episode_90013835.json,logs\90013835\agent_0_observation_logs.json;logs\90013835\agent_1_observation_logs.json,success,,2026-08-06T09:58:58.881608Z
11,16561259,@kdcyberdude,55187358,1116.3,55187358,90013912,COMPLETED,EPISODE_TYPE_PUBLIC,2026-08-04T20:56:36.572356800Z,2026-08-04T21:08:50.131474200Z,1,55241354,wwwwwwwwwwwwwwwwwwwwwwwwwwwwww,55241354,55187358,9714ab5c3996f6cc,648,replays\episode_90013912.json,logs\90013912\agent_0_observation_logs.json;logs\90013912\agent_1_observation_logs.json,skipped_existing,,2026-08-06T09:53:10.283274Z
3,16422241,Raihan Ramadistra,55177269,1151.0,55177269,90014438,COMPLETED,EPISODE_TYPE_PUBLIC,2026-08-04T21:00:35.375730600Z,2026-08-04T21:01:32.212686800Z,1,55157029,Brahim,55157029,55177269,9714ab5c3996f6cc,648,replays\episode_90014438.json,logs\90014438\agent_0_observation_logs.json;logs\90014438\agent_1_observation_logs.json,success,,2026-08-06T09:56:12.979050Z
12,16452116,Sixth Sense,55138264,1113.7,55138264,90014524,COMPLETED,EPISODE_TYPE_PUBLIC,2026-08-04T21:00:35.489181500Z,2026-08-04T21:01:29.679565400Z,1,54285709,Miguel-jp,54285709,55138264,9714ab5c3996f6cc,648,replays\episode_90014524.json,logs\90014524\agent_0_observation_logs.json;logs\90014524\agent_1_observation_logs.json,success,,2026-08-06T09:59:02.280668Z
11,16561259,@kdcyberdude,55187358,1116.3,55187358,90014588,COMPLETED,EPISODE_TYPE_PUBLIC,2026-08-04T21:00:35.581456Z,2026-08-04T21:02:31.153665900Z,1,55147326,Majkel1337,55147326,55187358,9714ab5c3996f6cc,648,replays\episode_90014588.json,logs\90014588\agent_0_observation_logs.json;logs\90014588\agent_1_observation_logs.json,skipped_existing,,2026-08-06T09:53:11.047710Z
22,16541765,less,55249896,1072.3,55249896,90014790,COMPLETED,EPISODE_TYPE_VALIDATION,2026-08-04T21:01:23.944649500Z,2026-08-04T21:02:14.239845700Z,0,55249896,less,55249896,55249896,9714ab5c3996f6cc,648,replays\episode_90014790.json,logs\90014790\agent_0_observation_logs.json;logs\90014790\agent_1_observation_logs.json,skipped_existing,,2026-08-06T09:52:00.043168Z
22,16541765,less,55249896,1072.3,55249896,90014885,COMPLETED,EPISODE_TYPE_PUBLIC,2026-08-04T21:04:39.123011900Z,2026-08-04T21:05:18.777181800Z,0,54828223,Woohyun Nahm,55249896,54828223,9714ab5c3996f6cc,648,replays\episode_90014885.json,logs\90014885\agent_0_observation_logs.json;logs\90014885\agent_1_observation_logs.json,skipped_existing,,2026-08-06T09:52:00.226422Z
3,16422241,Raihan Ramadistra,55177269,1151.0,55177269,90015082,COMPLETED,EPISODE_TYPE_PUBLIC,2026-08-04T21:04:39.470524200Z,2026-08-04T21:05:36.470945600Z,0,55218119,S. B.,55177269,55218119,9714ab5c3996f6cc,648,replays\episode_90015082.json,logs\90015082\agent_0_observation_logs.json;logs\90015082\agent_1_observation_logs.json,success,,2026-08-06T09:56:16.246537Z
12,16452116,Sixth Sense,55138264,1113.7,55138264,90015159,COMPLETED,EPISODE_TYPE_PUBLIC,2026-08-04T21:04:39.634958400Z,2026-08-04T21:05:42.677820100Z,1,55231553,タニシ,55231553,55138264,9714ab5c3996f6cc,648,replays\episode_90015159.json,logs\90015159\agent_0_observation_logs.json;logs\90015159\agent_1_observation_logs.json,success,,2026-08-06T09:59:05.032562Z
22,16541765,less,55249896,1072.3,55249896,90015524,COMPLETED,EPISODE_TYPE_PUBLIC,2026-08-04T21:08:37.515775100Z,2026-08-04T21:09:19.020213300Z,0,54762683,ISSEI,55249896,54762683,9714ab5c3996f6cc,648,replays\episode_90015524.json,logs\90015524\agent_0_observation_logs.json;logs\90015524\agent_1_observation_logs.json,skipped_existing,,2026-08-06T09:52:00.397069Z
3,16422241,Raihan Ramadistra,55177269,1151.0,55177269,90015722,COMPLETED,EPISODE_TYPE_PUBLIC,2026-08-04T21:08:37.777430Z,2026-08-04T21:09:47.390127100Z,0,55200809,懒惰的金枪鱼,55177269,55200809,9714ab5c3996f6cc,648,replays\episode_90015722.json,logs\90015722\agent_0_observation_logs.json;logs\90015722\agent_1_observation_logs.json,success,,2026-08-06T09:56:19.096614Z
12,16452116,Sixth Sense,55138264,1113.7,55138264,90015756,COMPLETED,EPISODE_TYPE_PUBLIC,2026-08-04T21:08:37.840095800Z,2026-08-04T21:09:27.960181Z,1,55231083,Mearyl,55231083,55138264,9714ab5c3996f6cc,648,replays\episode_90015756.json,logs\90015756\agent_0_observation_logs.json;logs\90015756\agent_1_observation_logs.json,success,,2026-08-06T09:59:07.811227Z
22,16541765,less,55249896,1072.3,55249896,90016177,COMPLETED,EPISODE_TYPE_PUBLIC,2026-08-04T21:12:36.017463600Z,2026-08-04T21:13:19.316367600Z,1,54430867,tk,54430867,55249896,9714ab5c3996f6cc,648,replays\episode_90016177.json,logs\90016177\agent_0_observation_logs.json;logs\90016177\agent_1_observation_logs.json,skipped_existing,,2026-08-06T09:52:00.626317Z
3,16422241,Raihan Ramadistra,55177269,1151.0,55177269,90016364,COMPLETED,EPISODE_TYPE_PUBLIC,2026-08-04T21:12:36.269225900Z,2026-08-04T21:13:34.093251200Z,0,55157623,miya,55177269,55157623,9714ab5c3996f6cc,648,replays\episode_90016364.json,logs\90016364\agent_0_observation_logs.json;logs\90016364\agent_1_observation_logs.json,success,,2026-08-06T09:56:24.396112Z
11,16561259,@kdcyberdude,55187358,1116.3,55187358,90016366,COMPLETED,EPISODE_TYPE_PUBLIC,2026-08-04T21:12:36.271176900Z,2026-08-04T21:25:42.777459400Z,1,55235481,wwwwwwwwwwwwwwwwwwwwwwwwwwwwww,55235481,55187358,9714ab5c3996f6cc,648,replays\episode_90016366.json,logs\90016366\agent_0_observation_logs.json;logs\90016366\agent_1_observation_logs.json,skipped_existing,,2026-08-06T09:53:11.301302Z
12,16452116,Sixth Sense,55138264,1113.7,55138264,90016422,COMPLETED,EPISODE_TYPE_PUBLIC,2026-08-04T21:12:36.369494800Z,2026-08-04T21:13:19.718324200Z,0,55157029,Brahim,55138264,55157029,9714ab5c3996f6cc,648,replays\episode_90016422.json,logs\90016422\agent_0_observation_logs.json;logs\90016422\agent_1_observation_logs.json,success,,2026-08-06T09:59:10.261962Z
3,16422241,Raihan Ramadistra,55177269,1151.0,55177269,90016568,COMPLETED,EPISODE_TYPE_PUBLIC,2026-08-04T21:12:36.578759500Z,2026-08-04T21:13:31.580011200Z,1,55153405,keidroid,55153405,55177269,9714ab5c3996f6cc,648,replays\episode_90016568.json,logs\90016568\agent_0_observation_logs.json;logs\90016568\agent_1_observation_logs.json,success,,2026-08-06T09:56:28.160310Z
22,16541765,less,55249896,1072.3,55249896,90016825,COMPLETED,EPISODE_TYPE_PUBLIC,2026-08-04T21:16:36.086766800Z,2026-08-04T21:17:58.029156500Z,1,55232847,Marshall Maximizer,55232847,55249896,9714ab5c3996f6cc,648,replays\episode_90016825.json,logs\90016825\agent_0_observation_logs.json;logs\90016825\agent_1_observation_logs.json,skipped_existing,,2026-08-06T09:52:00.756149Z
3,16422241,Raihan Ramadistra,55177269,1151.0,55177269,90017007,COMPLETED,EPISODE_TYPE_PUBLIC,2026-08-04T21:16:36.328394100Z,2026-08-04T21:17:41.300996Z,0,55033457,flg,55177269,55033457,9714ab5c3996f6cc,648,replays\episode_90017007.json,logs\90017007\agent_0_observation_logs.json;logs\90017007\agent_1_observation_logs.json,success,,2026-08-06T09:56:31.173149Z
12,16452116,Sixth Sense,55138264,1113.7,55138264,90017011,COMPLETED,EPISODE_TYPE_PUBLIC,2026-08-04T21:16:36.332040800Z,2026-08-04T21:17:41.167791700Z,0,55202823,Raihan Ramadistra,55138264,55202823,9714ab5c3996f6cc,648,replays\episode_90017011.json,logs\90017011\agent_0_observation_logs.json;logs\90017011\agent_1_observation_logs.json,success,,2026-08-06T09:59:10.974082Z
12,16452116,Sixth Sense,55138264,1113.7,55138264,90017033,COMPLETED,EPISODE_TYPE_PUBLIC,2026-08-04T21:16:36.353818800Z,2026-08-04T21:17:49.556978200Z,0,55206939,やる気元気ミワハルキ,55138264,55206939,9714ab5c3996f6cc,648,replays\episode_90017033.json,logs\90017033\agent_0_observation_logs.json;logs\90017033\agent_1_observation_logs.json,success,,2026-08-06T09:59:14.136409Z
22,16541765,less,55249896,1072.3,55249896,90017480,COMPLETED,EPISODE_TYPE_PUBLIC,2026-08-04T21:20:34.530310Z,2026-08-04T21:21:26.406301900Z,0,55237525,Filip Strzałka,55249896,55237525,9714ab5c3996f6cc,648,replays\episode_90017480.json,logs\90017480\agent_0_observation_logs.json;logs\90017480\agent_1_observation_logs.json,skipped_existing,,2026-08-06T09:52:01.267059Z
3,16422241,Raihan Ramadistra,55177269,1151.0,55177269,90017657,COMPLETED,EPISODE_TYPE_PUBLIC,2026-08-04T21:20:34.772845900Z,2026-08-04T21:23:26.068573300Z,0,55187358,@kdcyberdude,55177269,55187358,9714ab5c3996f6cc,648,replays\episode_90017657.json,logs\90017657\agent_0_observation_logs.json;logs\90017657\agent_1_observation_logs.json,skipped_existing,,2026-08-06T09:56:36.085036Z
11,16561259,@kdcyberdude,55187358,1116.3,55187358,90017657,COMPLETED,EPISODE_TYPE_PUBLIC,2026-08-04T21:20:34.772845900Z,2026-08-04T21:23:26.068573300Z,1,55177269,Raihan Ramadistra,55177269,55187358,9714ab5c3996f6cc,648,replays\episode_90017657.json,logs\90017657\agent_0_observation_logs.json;logs\90017657\agent_1_observation_logs.json,skipped_existing,,2026-08-06T09:53:11.584370Z
12,16452116,Sixth Sense,55138264,1113.7,55138264,90017666,COMPLETED,EPISODE_TYPE_PUBLIC,2026-08-04T21:20:34.783259100Z,2026-08-04T21:23:36.283145900Z,0,55176332,李秉叡（ntumlnoob）,55138264,55176332,9714ab5c3996f6cc,648,replays\episode_90017666.json,logs\90017666\agent_0_observation_logs.json;logs\90017666\agent_1_observation_logs.json,success,,2026-08-06T09:59:17.378702Z
11,16561259,@kdcyberdude,55187358,1116.3,55187358,90017820,COMPLETED,EPISODE_TYPE_PUBLIC,2026-08-04T21:20:35.037776400Z,2026-08-04T21:22:36.563152700Z,1,55189451,Iain and David,55189451,55187358,9714ab5c3996f6cc,648,replays\episode_90017820.json,logs\90017820\agent_0_observation_logs.json;logs\90017820\agent_1_observation_logs.json,skipped_existing,,2026-08-06T09:53:11.745209Z
22,16541765,less,55249896,1072.3,55249896,90018132,COMPLETED,EPISODE_TYPE_PUBLIC,2026-08-04T21:24:38.039698400Z,2026-08-04T21:25:12.221358400Z,1,55244758,NoOneAhead,55244758,55249896,9714ab5c3996f6cc,648,replays\episode_90018132.json,logs\90018132\agent_0_observation_logs.json;logs\90018132\agent_1_observation_logs.json,skipped_existing,,2026-08-06T09:52:01.955131Z
11,16561259,@kdcyberdude,55187358,1116.3,55187358,90018302,COMPLETED,EPISODE_TYPE_PUBLIC,2026-08-04T21:24:38.351268200Z,2026-08-04T21:27:31.240984Z,1,55184021,李秉叡（ntumlnoob）,55184021,55187358,9714ab5c3996f6cc,648,replays\episode_90018302.json,logs\90018302\agent_0_observation_logs.json;logs\90018302\agent_1_observation_logs.json,skipped_existing,,2026-08-06T09:53:11.838298Z
3,16422241,Raihan Ramadistra,55177269,1151.0,55177269,90018305,COMPLETED,EPISODE_TYPE_PUBLIC,2026-08-04T21:24:38.352071900Z,2026-08-04T21:26:18.800694500Z,0,55229706,LumenLiquidity,55177269,55229706,9714ab5c3996f6cc,648,replays\episode_90018305.json,logs\90018305\agent_0_observation_logs.json;logs\90018305\agent_1_observation_logs.json,success,,2026-08-06T09:56:36.258409Z
12,16452116,Sixth Sense,55138264,1113.7,55138264,90018317,COMPLETED,EPISODE_TYPE_PUBLIC,2026-08-04T21:24:38.366074400Z,2026-08-04T21:26:14.259946800Z,1,54773249,AlphaStarmie,54773249,55138264,9714ab5c3996f6cc,648,replays\episode_90018317.json,logs\90018317\agent_0_observation_logs.json;logs\90018317\agent_1_observation_logs.json,success,,2026-08-06T09:59:21.163889Z
11,16561259,@kdcyberdude,55187358,1116.3,55187358,90018464,COMPLETED,EPISODE_TYPE_PUBLIC,2026-08-04T21:24:38.580845500Z,2026-08-04T21:28:14.291200300Z,1,55143862,Louis KLASING,55143862,55187358,9714ab5c3996f6cc,648,replays\episode_90018464.json,logs\90018464\agent_0_observation_logs.json;logs\90018464\agent_1_observation_logs.json,skipped_existing,,2026-08-06T09:53:11.975451Z
22,16541765,less,55249896,1072.3,55249896,90018821,COMPLETED,EPISODE_TYPE_PUBLIC,2026-08-04T21:28:34.315838400Z,2026-08-04T21:29:05.848981500Z,1,54960804,john jiang zhifeng,54960804,55249896,9714ab5c3996f6cc,648,replays\episode_90018821.json,logs\90018821\agent_0_observation_logs.json;logs\90018821\agent_1_observation_logs.json,skipped_existing,,2026-08-06T09:52:02.761464Z
12,16452116,Sixth Sense,55138264,1113.7,55138264,90018983,COMPLETED,EPISODE_TYPE_PUBLIC,2026-08-04T21:28:34.532539100Z,2026-08-04T21:29:35.109101700Z,0,55229706,LumenLiquidity,55138264,55229706,9714ab5c3996f6cc,648,replays\episode_90018983.json,logs\90018983\agent_0_observation_logs.json;logs\90018983\agent_1_observation_logs.json,success,,2026-08-06T09:59:23.932821Z
12,16452116,Sixth Sense,55138264,1113.7,55138264,90018987,COMPLETED,EPISODE_TYPE_PUBLIC,2026-08-04T21:28:34.536134600Z,2026-08-04T21:29:54.729343700Z,0,55177269,Raihan Ramadistra,55138264,55177269,9714ab5c3996f6cc,648,replays\episode_90018987.json,logs\90018987\agent_0_observation_logs.json;logs\90018987\agent_1_observation_logs.json,skipped_existing,,2026-08-06T09:59:28.275781Z
3,16422241,Raihan Ramadistra,55177269,1151.0,55177269,90018987,COMPLETED,EPISODE_TYPE_PUBLIC,2026-08-04T21:28:34.536134600Z,2026-08-04T21:29:54.729343700Z,1,55138264,Sixth Sense,55138264,55177269,9714ab5c3996f6cc,648,replays\episode_90018987.json,logs\90018987\agent_0_observation_logs.json;logs\90018987\agent_1_observation_logs.json,success,,2026-08-06T09:56:40.800676Z
12,16452116,Sixth Sense,55138264,1113.7,55138264,90019002,COMPLETED,EPISODE_TYPE_PUBLIC,2026-08-04T21:28:34.552841100Z,2026-08-04T21:29:19.942365200Z,1,53858880,ITK8191,53858880,55138264,9714ab5c3996f6cc,648,replays\episode_90019002.json,logs\90019002\agent_0_observation_logs.json;logs\90019002\agent_1_observation_logs.json,success,,2026-08-06T09:59:28.510860Z
11,16561259,@kdcyberdude,55187358,1116.3,55187358,90019079,COMPLETED,EPISODE_TYPE_PUBLIC,2026-08-04T21:28:34.660234200Z,2026-08-04T21:30:56.336756400Z,0,55143082,Rmy,55187358,55143082,9714ab5c3996f6cc,648,replays\episode_90019079.json,logs\90019079\agent_0_observation_logs.json;logs\90019079\agent_1_observation_logs.json,skipped_existing,,2026-08-06T09:53:12.192392Z
22,16541765,less,55249896,1072.3,55249896,90019468,COMPLETED,EPISODE_TYPE_PUBLIC,2026-08-04T21:32:35.793897700Z,2026-08-04T21:38:46.742105500Z,0,55001870,jneums,55249896,55001870,9714ab5c3996f6cc,648,replays\episode_90019468.json,logs\90019468\agent_0_observation_logs.json;logs\90019468\agent_1_observation_logs.json,skipped_existing,,2026-08-06T09:52:03.170766Z
12,16452116,Sixth Sense,55138264,1113.7,55138264,90019600,COMPLETED,EPISODE_TYPE_PUBLIC,2026-08-04T21:32:35.971832Z,2026-08-04T21:33:50.738170100Z,0,54881129,mouriman,55138264,54881129,9714ab5c3996f6cc,648,replays\episode_90019600.json,logs\90019600\agent_0_observation_logs.json;logs\90019600\agent_1_observation_logs.json,success,,2026-08-06T09:59:31.261414Z
3,16422241,Raihan Ramadistra,55177269,1151.0,55177269,90019664,COMPLETED,EPISODE_TYPE_PUBLIC,2026-08-04T21:32:36.070195500Z,2026-08-04T21:33:38.958869800Z,1,55084456,Oshbocker,55084456,55177269,9714ab5c3996f6cc,648,replays\episode_90019664.json,logs\90019664\agent_0_observation_logs.json;logs\90019664\agent_1_observation_logs.json,success,,2026-08-06T09:56:42.583236Z
11,16561259,@kdcyberdude,55187358,1116.3,55187358,90019666,COMPLETED,EPISODE_TYPE_PUBLIC,2026-08-04T21:32:36.070135400Z,2026-08-04T21:36:24.962467300Z,0,55238850,Xiangyu Liu,55187358,55238850,9714ab5c3996f6cc,648,replays\episode_90019666.json,logs\90019666\agent_0_observation_logs.json;logs\90019666\agent_1_observation_logs.json,skipped_existing,,2026-08-06T09:53:12.314959Z
22,16541765,less,55249896,1072.3,55249896,90020127,COMPLETED,EPISODE_TYPE_PUBLIC,2026-08-04T21:36:35.915687900Z,2026-08-04T21:37:14.948241Z,0,55238401,pokemon master,55249896,55238401,9714ab5c3996f6cc,648,replays\episode_90020127.json,logs\90020127\agent_0_observation_logs.json;logs\90020127\agent_1_observation_logs.json,skipped_existing,,2026-08-06T09:52:03.847201Z
3,16422241,Raihan Ramadistra,55177269,1151.0,55177269,90020288,COMPLETED,EPISODE_TYPE_PUBLIC,2026-08-04T21:36:36.149681300Z,2026-08-04T21:38:20.133306300Z,0,55206939,やる気元気ミワハルキ,55177269,55206939,9714ab5c3996f6cc,648,replays\episode_90020288.json,logs\90020288\agent_0_observation_logs.json;logs\90020288\agent_1_observation_logs.json,success,,2026-08-06T09:56:45.624491Z
12,16452116,Sixth Sense,55138264,1113.7,55138264,90020302,COMPLETED,EPISODE_TYPE_PUBLIC,2026-08-04T21:36:36.167118300Z,2026-08-04T21:40:43.424960400Z,0,55229754,junlee789,55138264,55229754,9714ab5c3996f6cc,648,replays\episode_90020302.json,logs\90020302\agent_0_observation_logs.json;logs\90020302\agent_1_observation_logs.json,success,,2026-08-06T09:59:32.890870Z
3,16422241,Raihan Ramadistra,55177269,1151.0,55177269,90020338,COMPLETED,EPISODE_TYPE_PUBLIC,2026-08-04T21:36:36.241873Z,2026-08-04T21:37:33.294501200Z,1,55214482,ShumpeiNomura,55214482,55177269,9714ab5c3996f6cc,648,replays\episode_90020338.json,logs\90020338\agent_0_observation_logs.json;logs\90020338\agent_1_observation_logs.json,success,,2026-08-06T09:56:49.274229Z
11,16561259,@kdcyberdude,55187358,1116.3,55187358,90020357,COMPLETED,EPISODE_TYPE_PUBLIC,2026-08-04T21:36:36.261442300Z,2026-08-04T21:39:46.801457400Z,1,55223409,Lior Toledano,55223409,55187358,9714ab5c3996f6cc,648,replays\episode_90020357.json,logs\90020357\agent_0_observation_logs.json;logs\90020357\agent_1_observation_logs.json,skipped_existing,,2026-08-06T09:53:12.549444Z
22,16541765,less,55249896,1072.3,55249896,90020780,COMPLETED,EPISODE_TYPE_PUBLIC,2026-08-04T21:40:55.623677Z,2026-08-04T21:41:49.140633Z,1,55033457,flg,55033457,55249896,9714ab5c3996f6cc,648,replays\episode_90020780.json,logs\90020780\agent_0_observation_logs.json;logs\90020780\agent_1_observation_logs.json,skipped_existing,,2026-08-06T09:52:04.376832Z
3,16422241,Raihan Ramadistra,55177269,1151.0,55177269,90020932,COMPLETED,EPISODE_TYPE_PUBLIC,2026-08-04T21:40:55.817704100Z,2026-08-04T21:42:01.158355300Z,1,55188658,James Cox & Henry Chao,55188658,55177269,9714ab5c3996f6cc,648,replays\episode_90020932.json,logs\90020932\agent_0_observation_logs.json;logs\90020932\agent_1_observation_logs.json,success,,2026-08-06T09:56:51.326453Z
12,16452116,Sixth Sense,55138264,1113.7,55138264,90020954,COMPLETED,EPISODE_TYPE_PUBLIC,2026-08-04T21:40:55.853333500Z,2026-08-04T21:42:17.434829200Z,0,55249518,haggle,55138264,55249518,9714ab5c3996f6cc,648,replays\episode_90020954.json,logs\90020954\agent_0_observation_logs.json;logs\90020954\agent_1_observation_logs.json,success,,2026-08-06T09:59:36.462499Z
12,16452116,Sixth Sense,55138264,1113.7,55138264,90021000,COMPLETED,EPISODE_TYPE_PUBLIC,2026-08-04T21:40:55.914859500Z,2026-08-04T21:42:01.683204400Z,0,55157029,Brahim,55138264,55157029,9714ab5c3996f6cc,648,replays\episode_90021000.json,logs\90021000\agent_0_observation_logs.json;logs\90021000\agent_1_observation_logs.json,success,,2026-08-06T09:59:39.540310Z
3,16422241,Raihan Ramadistra,55177269,1151.0,55177269,90021004,COMPLETED,EPISODE_TYPE_PUBLIC,2026-08-04T21:40:55.918049200Z,2026-08-04T21:42:55.128074100Z,1,55098365,Team KASA.,55098365,55177269,9714ab5c3996f6cc,648,replays\episode_90021004.json,logs\90021004\agent_0_observation_logs.json;logs\90021004\agent_1_observation_logs.json,success,,2026-08-06T09:56:54.911097Z
11,16561259,@kdcyberdude,55187358,1116.3,55187358,90021054,COMPLETED,EPISODE_TYPE_PUBLIC,2026-08-04T21:40:55.985973400Z,2026-08-04T21:42:37.373837800Z,0,54895014,Imran Abubeker,55187358,54895014,9714ab5c3996f6cc,648,replays\episode_90021054.json,logs\90021054\agent_0_observation_logs.json;logs\90021054\agent_1_observation_logs.json,skipped_existing,,2026-08-06T09:53:12.751230Z
11,16561259,@kdcyberdude,55187358,1116.3,55187358,90021097,COMPLETED,EPISODE_TYPE_PUBLIC,2026-08-04T21:40:56.065693100Z,2026-08-04T21:48:23.257543100Z,0,55231831,Team Rot-Weiß,55187358,55231831,9714ab5c3996f6cc,648,replays\episode_90021097.json,logs\90021097\agent_0_observation_logs.json;logs\90021097\agent_1_observation_logs.json,skipped_existing,,2026-08-06T09:53:12.844204Z
22,16541765,less,55249896,1072.3,55249896,90021428,COMPLETED,EPISODE_TYPE_PUBLIC,2026-08-04T21:44:53.603447Z,2026-08-04T21:45:30.978400100Z,1,54867631,keisuke ito,54867631,55249896,9714ab5c3996f6cc,648,replays\episode_90021428.json,logs\90021428\agent_0_observation_logs.json;logs\90021428\agent_1_observation_logs.json,skipped_existing,,2026-08-06T09:52:04.878854Z
3,16422241,Raihan Ramadistra,55177269,1151.0,55177269,90021571,COMPLETED,EPISODE_TYPE_PUBLIC,2026-08-04T21:44:53.791107600Z,2026-08-04T21:45:58.778922900Z,0,55229706,LumenLiquidity,55177269,55229706,9714ab5c3996f6cc,648,replays\episode_90021571.json,logs\90021571\agent_0_observation_logs.json;logs\90021571\agent_1_observation_logs.json,success,,2026-08-06T09:56:57.141221Z
3,16422241,Raihan Ramadistra,55177269,1151.0,55177269,90021577,COMPLETED,EPISODE_TYPE_PUBLIC,2026-08-04T21:44:53.796484500Z,2026-08-04T21:46:13.668865500Z,0,55181896,那个男人,55177269,55181896,9714ab5c3996f6cc,648,replays\episode_90021577.json,logs\90021577\agent_0_observation_logs.json;logs\90021577\agent_1_observation_logs.json,success,,2026-08-06T09:56:59.693527Z
3,16422241,Raihan Ramadistra,55177269,1151.0,55177269,90021583,COMPLETED,EPISODE_TYPE_PUBLIC,2026-08-04T21:44:53.802802600Z,2026-08-04T21:45:46.301942800Z,1,55206939,やる気元気ミワハルキ,55206939,55177269,9714ab5c3996f6cc,648,replays\episode_90021583.json,logs\90021583\agent_0_observation_logs.json;logs\90021583\agent_1_observation_logs.json,success,,2026-08-06T09:57:03.368831Z
12,16452116,Sixth Sense,55138264,1113.7,55138264,90021593,COMPLETED,EPISODE_TYPE_PUBLIC,2026-08-04T21:44:53.821090Z,2026-08-04T21:46:03.464362400Z,0,55242580,vvs,55138264,55242580,9714ab5c3996f6cc,648,replays\episode_90021593.json,logs\90021593\agent_0_observation_logs.json;logs\90021593\agent_1_observation_logs.json,success,,2026-08-06T09:59:42.680041Z
11,16561259,@kdcyberdude,55187358,1116.3,55187358,90021600,COMPLETED,EPISODE_TYPE_PUBLIC,2026-08-04T21:44:53.827307600Z,2026-08-04T21:47:39.873469300Z,0,55147326,Majkel1337,55187358,55147326,9714ab5c3996f6cc,648,replays\episode_90021600.json,logs\90021600\agent_0_observation_logs.json;logs\90021600\agent_1_observation_logs.json,skipped_existing,,2026-08-06T09:53:12.987327Z
11,16561259,@kdcyberdude,55187358,1116.3,55187358,90021666,COMPLETED,EPISODE_TYPE_PUBLIC,2026-08-04T21:44:53.915767700Z,2026-08-04T21:47:21.652536800Z,0,55157510,hirune924,55187358,55157510,9714ab5c3996f6cc,648,replays\episode_90021666.json,logs\90021666\agent_0_observation_logs.json;logs\90021666\agent_1_observation_logs.json,skipped_existing,,2026-08-06T09:53:13.188600Z
22,16541765,less,55249896,1072.3,55249896,90022076,COMPLETED,EPISODE_TYPE_PUBLIC,2026-08-04T21:48:52.749306200Z,2026-08-04T21:50:01.760297500Z,1,55215429,ShumpeiNomura,55215429,55249896,9714ab5c3996f6cc,648,replays\episode_90022076.json,logs\90022076\agent_0_observation_logs.json;logs\90022076\agent_1_observation_logs.json,skipped_existing,,2026-08-06T09:52:05.406027Z
3,16422241,Raihan Ramadistra,55177269,1151.0,55177269,90022221,COMPLETED,EPISODE_TYPE_PUBLIC,2026-08-04T21:48:52.923412400Z,2026-08-04T21:52:52.702391400Z,0,55184021,李秉叡（ntumlnoob）,55177269,55184021,9714ab5c3996f6cc,648,replays\episode_90022221.json,logs\90022221\agent_0_observation_logs.json;logs\90022221\agent_1_observation_logs.json,success,,2026-08-06T09:57:06.086680Z
12,16452116,Sixth Sense,55138264,1113.7,55138264,90022239,COMPLETED,EPISODE_TYPE_PUBLIC,2026-08-04T21:48:52.957627400Z,2026-08-04T21:50:45.017686Z,1,55217587,你好哇,55217587,55138264,9714ab5c3996f6cc,648,replays\episode_90022239.json,logs\90022239\agent_0_observation_logs.json;logs\90022239\agent_1_observation_logs.json,success,,2026-08-06T09:59:45.544990Z
11,16561259,@kdcyberdude,55187358,1116.3,55187358,90022250,COMPLETED,EPISODE_TYPE_PUBLIC,2026-08-04T21:48:52.963775600Z,2026-08-04T21:51:39.807936700Z,0,55238821,Trainer*3,55187358,55238821,9714ab5c3996f6cc,648,replays\episode_90022250.json,logs\90022250\agent_0_observation_logs.json;logs\90022250\agent_1_observation_logs.json,skipped_existing,,2026-08-06T09:53:13.682758Z
22,16541765,less,55249896,1072.3,55249896,90022732,COMPLETED,EPISODE_TYPE_PUBLIC,2026-08-04T21:52:54.909771200Z,2026-08-04T21:55:58.967542800Z,1,54959248,Where is my orbit,54959248,55249896,9714ab5c3996f6cc,648,replays\episode_90022732.json,logs\90022732\agent_0_observation_logs.json;logs\90022732\agent_1_observation_logs.json,skipped_existing,,2026-08-06T09:52:06.090929Z
3,16422241,Raihan Ramadistra,55177269,1151.0,55177269,90022856,COMPLETED,EPISODE_TYPE_PUBLIC,2026-08-04T21:52:55.074849200Z,2026-08-04T21:53:49.327112100Z,1,55193872,Dominic Peel,55193872,55177269,9714ab5c3996f6cc,648,replays\episode_90022856.json,logs\90022856\agent_0_observation_logs.json;logs\90022856\agent_1_observation_logs.json,success,,2026-08-06T09:57:10.236362Z
3,16422241,Raihan Ramadistra,55177269,1151.0,55177269,90022859,COMPLETED,EPISODE_TYPE_PUBLIC,2026-08-04T21:52:55.079132500Z,2026-08-04T21:53:41.730916600Z,1,55229706,LumenLiquidity,55229706,55177269,9714ab5c3996f6cc,648,replays\episode_90022859.json,logs\90022859\agent_0_observation_logs.json;logs\90022859\agent_1_observation_logs.json,success,,2026-08-06T09:57:13.436348Z
12,16452116,Sixth Sense,55138264,1113.7,55138264,90022886,COMPLETED,EPISODE_TYPE_PUBLIC,2026-08-04T21:52:55.112972800Z,2026-08-04T21:54:17.335000100Z,0,55157029,Brahim,55138264,55157029,9714ab5c3996f6cc,648,replays\episode_90022886.json,logs\90022886\agent_0_observation_logs.json;logs\90022886\agent_1_observation_logs.json,success,,2026-08-06T09:59:48.586665Z
11,16561259,@kdcyberdude,55187358,1116.3,55187358,90022888,COMPLETED,EPISODE_TYPE_PUBLIC,2026-08-04T21:52:55.115359500Z,2026-08-04T21:57:27.634293100Z,1,55245030,カントー地方マスター(KantoRegionMaster),55245030,55187358,9714ab5c3996f6cc,648,replays\episode_90022888.json,logs\90022888\agent_0_observation_logs.json;logs\90022888\agent_1_observation_logs.json,skipped_existing,,2026-08-06T09:53:14.225706Z
22,16541765,less,55249896,1072.3,55249896,90023388,COMPLETED,EPISODE_TYPE_PUBLIC,2026-08-04T21:56:53.326861900Z,2026-08-04T21:57:34.422081400Z,1,54835112,researcher_4242,54835112,55249896,9714ab5c3996f6cc,648,replays\episode_90023388.json,logs\90023388\agent_0_observation_logs.json;logs\90023388\agent_1_observation_logs.json,skipped_existing,,2026-08-06T09:52:06.743077Z
3,16422241,Raihan Ramadistra,55177269,1151.0,55177269,90023530,COMPLETED,EPISODE_TYPE_PUBLIC,2026-08-04T21:56:53.484890400Z,2026-08-04T21:57:53.789274Z,1,55147326,Majkel1337,55147326,55177269,9714ab5c3996f6cc,648,replays\episode_90023530.json,logs\90023530\agent_0_observation_logs.json;logs\90023530\agent_1_observation_logs.json,success,,2026-08-06T09:57:16.247352Z
12,16452116,Sixth Sense,55138264,1113.7,55138264,90023542,COMPLETED,EPISODE_TYPE_PUBLIC,2026-08-04T21:56:53.495603Z,2026-08-04T22:03:30.015761900Z,0,55241354,wwwwwwwwwwwwwwwwwwwwwwwwwwwwww,55138264,55241354,9714ab5c3996f6cc,648,replays\episode_90023542.json,logs\90023542\agent_0_observation_logs.json;logs\90023542\agent_1_observation_logs.json,success,,2026-08-06T09:59:51.170392Z
11,16561259,@kdcyberdude,55187358,1116.3,55187358,90023552,COMPLETED,EPISODE_TYPE_PUBLIC,2026-08-04T21:56:53.514685700Z,2026-08-04T22:01:42.796991200Z,1,55199855,tw_shin,55199855,55187358,9714ab5c3996f6cc,648,replays\episode_90023552.json,logs\90023552\agent_0_observation_logs.json;logs\90023552\agent_1_observation_logs.json,skipped_existing,,2026-08-06T09:53:15.383976Z
22,16541765,less,55249896,1072.3,55249896,90024040,COMPLETED,EPISODE_TYPE_PUBLIC,2026-08-04T22:00:52.943889600Z,2026-08-04T22:01:25.706965300Z,0,55178368,taopy2,55249896,55178368,9714ab5c3996f6cc,648,replays\episode_90024040.json,logs\90024040\agent_0_observation_logs.json;logs\90024040\agent_1_observation_logs.json,skipped_existing,,2026-08-06T09:52:07.338232Z
3,16422241,Raihan Ramadistra,55177269,1151.0,55177269,90024187,COMPLETED,EPISODE_TYPE_PUBLIC,2026-08-04T22:00:53.126384300Z,2026-08-04T22:01:45.285262Z,0,55243274,SAMOILOV MIKHAIL,55177269,55243274,9714ab5c3996f6cc,648,replays\episode_90024187.json,logs\90024187\agent_0_observation_logs.json;logs\90024187\agent_1_observation_logs.json,success,,2026-08-06T09:57:18.500280Z
11,16561259,@kdcyberdude,55187358,1116.3,55187358,90024195,COMPLETED,EPISODE_TYPE_PUBLIC,2026-08-04T22:00:53.136983Z,2026-08-04T22:03:04.158212800Z,1,54844008,Kazuki Shiraishi,54844008,55187358,9714ab5c3996f6cc,648,replays\episode_90024195.json,logs\90024195\agent_0_observation_logs.json;logs\90024195\agent_1_observation_logs.json,skipped_existing,,2026-08-06T09:53:15.585689Z
12,16452116,Sixth Sense,55138264,1113.7,55138264,90024200,COMPLETED,EPISODE_TYPE_PUBLIC,2026-08-04T22:00:53.151676700Z,2026-08-04T22:01:57.824144400Z,1,55242764,THIRD PTCG Club,55242764,55138264,9714ab5c3996f6cc,648,replays\episode_90024200.json,logs\90024200\agent_0_observation_logs.json;logs\90024200\agent_1_observation_logs.json,success,,2026-08-06T09:59:54.297842Z
22,16541765,less,55249896,1072.3,55249896,90024735,COMPLETED,EPISODE_TYPE_PUBLIC,2026-08-04T22:04:53.563704800Z,2026-08-04T22:05:46.168734500Z,0,55167921,tonakaiiii,55249896,55167921,9714ab5c3996f6cc,648,replays\episode_90024735.json,logs\90024735\agent_0_observation_logs.json;logs\90024735\agent_1_observation_logs.json,skipped_existing,,2026-08-06T09:52:07.970761Z
3,16422241,Raihan Ramadistra,55177269,1151.0,55177269,90024882,COMPLETED,EPISODE_TYPE_PUBLIC,2026-08-04T22:04:53.730981100Z,2026-08-04T22:05:43.700452300Z,0,55198468,M Sato,55177269,55198468,9714ab5c3996f6cc,648,replays\episode_90024882.json,logs\90024882\agent_0_observation_logs.json;logs\90024882\agent_1_observation_logs.json,success,,2026-08-06T09:57:20.366274Z
11,16561259,@kdcyberdude,55187358,1116.3,55187358,90024884,COMPLETED,EPISODE_TYPE_PUBLIC,2026-08-04T22:04:53.729742200Z,2026-08-04T22:06:34.894030200Z,0,55242764,THIRD PTCG Club,55187358,55242764,9714ab5c3996f6cc,648,replays\episode_90024884.json,logs\90024884\agent_0_observation_logs.json;logs\90024884\agent_1_observation_logs.json,skipped_existing,,2026-08-06T09:53:15.900326Z
11,16561259,@kdcyberdude,55187358,1116.3,55187358,90024898,COMPLETED,EPISODE_TYPE_PUBLIC,2026-08-04T22:04:53.430191400Z,2026-08-04T22:10:52.747508700Z,0,55229177,山上海賊団,55187358,55229177,9714ab5c3996f6cc,648,replays\episode_90024898.json,logs\90024898\agent_0_observation_logs.json;logs\90024898\agent_1_observation_logs.json,skipped_existing,,2026-08-06T09:53:15.759419Z
12,16452116,Sixth Sense,55138264,1113.7,55138264,90024902,COMPLETED,EPISODE_TYPE_PUBLIC,2026-08-04T22:04:53.753767400Z,2026-08-04T22:05:51.456872100Z,0,54773249,AlphaStarmie,55138264,54773249,9714ab5c3996f6cc,648,replays\episode_90024902.json,logs\90024902\agent_0_observation_logs.json;logs\90024902\agent_1_observation_logs.json,success,,2026-08-06T09:59:57.555109Z
22,16541765,less,55249896,1072.3,55249896,90025412,COMPLETED,EPISODE_TYPE_PUBLIC,2026-08-04T22:08:52.785639200Z,2026-08-04T22:10:27.903578600Z,1,55227232,Arthurs Torres24,55227232,55249896,9714ab5c3996f6cc,648,replays\episode_90025412.json,logs\90025412\agent_0_observation_logs.json;logs\90025412\agent_1_observation_logs.json,skipped_existing,,2026-08-06T09:52:08.393601Z
3,16422241,Raihan Ramadistra,55177269,1151.0,55177269,90025546,COMPLETED,EPISODE_TYPE_PUBLIC,2026-08-04T22:08:52.968448400Z,2026-08-04T22:09:41.437889Z,0,55188658,James Cox & Henry Chao,55177269,55188658,9714ab5c3996f6cc,648,replays\episode_90025546.json,logs\90025546\agent_0_observation_logs.json;logs\90025546\agent_1_observation_logs.json,success,,2026-08-06T09:57:22.989349Z
3,16422241,Raihan Ramadistra,55177269,1151.0,55177269,90025553,COMPLETED,EPISODE_TYPE_PUBLIC,2026-08-04T22:08:52.975049900Z,2026-08-04T22:10:02.087023600Z,0,55094113,JZ,55177269,55094113,9714ab5c3996f6cc,648,replays\episode_90025553.json,logs\90025553\agent_0_observation_logs.json;logs\90025553\agent_1_observation_logs.json,success,,2026-08-06T09:57:25.177807Z
12,16452116,Sixth Sense,55138264,1113.7,55138264,90025568,COMPLETED,EPISODE_TYPE_PUBLIC,2026-08-04T22:08:52.990223400Z,2026-08-04T22:09:33.965408500Z,0,55184624,bono,55138264,55184624,9714ab5c3996f6cc,648,replays\episode_90025568.json,logs\90025568\agent_0_observation_logs.json;logs\90025568\agent_1_observation_logs.json,success,,2026-08-06T09:59:58.650180Z
11,16561259,@kdcyberdude,55187358,1116.3,55187358,90025572,COMPLETED,EPISODE_TYPE_PUBLIC,2026-08-04T22:08:52.993609700Z,2026-08-04T22:13:01.446077900Z,0,55243511,Marshall Maximizer,55187358,55243511,9714ab5c3996f6cc,648,replays\episode_90025572.json,logs\90025572\agent_0_observation_logs.json;logs\90025572\agent_1_observation_logs.json,skipped_existing,,2026-08-06T09:53:16.071683Z
22,16541765,less,55249896,1072.3,55249896,90026126,COMPLETED,EPISODE_TYPE_PUBLIC,2026-08-04T22:12:53.614296500Z,2026-08-04T22:21:34.359929600Z,0,55221176,iwashi,55249896,55221176,9714ab5c3996f6cc,648,replays\episode_90026126.json,logs\90026126\agent_0_observation_logs.json;logs\90026126\agent_1_observation_logs.json,skipped_existing,,2026-08-06T09:52:08.807131Z
3,16422241,Raihan Ramadistra,55177269,1151.0,55177269,90026266,COMPLETED,EPISODE_TYPE_PUBLIC,2026-08-04T22:12:53.881758400Z,2026-08-04T22:14:06.679467300Z,1,55236571,e-toppo + kurupical,55236571,55177269,9714ab5c3996f6cc,648,replays\episode_90026266.json,logs\90026266\agent_0_observation_logs.json;logs\90026266\agent_1_observation_logs.json,success,,2026-08-06T09:57:28.444286Z
3,16422241,Raihan Ramadistra,55177269,1151.0,55177269,90026269,COMPLETED,EPISODE_TYPE_PUBLIC,2026-08-04T22:12:53.884900100Z,2026-08-04T22:14:07.566848700Z,1,55242764,THIRD PTCG Club,55242764,55177269,9714ab5c3996f6cc,648,replays\episode_90026269.json,logs\90026269\agent_0_observation_logs.json;logs\90026269\agent_1_observation_logs.json,success,,2026-08-06T09:57:32.599798Z
12,16452116,Sixth Sense,55138264,1113.7,55138264,90026280,COMPLETED,EPISODE_TYPE_PUBLIC,2026-08-04T22:12:53.896035700Z,2026-08-04T22:13:46.749095300Z,1,55157510,hirune924,55157510,55138264,9714ab5c3996f6cc,648,replays\episode_90026280.json,logs\90026280\agent_0_observation_logs.json;logs\90026280\agent_1_observation_logs.json,success,,2026-08-06T10:00:00.651642Z
11,16561259,@kdcyberdude,55187358,1116.3,55187358,90026282,COMPLETED,EPISODE_TYPE_PUBLIC,2026-08-04T22:12:53.898161100Z,2026-08-04T22:16:04.288565900Z,1,55207706,ヌメルゴンex,55207706,55187358,9714ab5c3996f6cc,648,replays\episode_90026282.json,logs\90026282\agent_0_observation_logs.json;logs\90026282\agent_1_observation_logs.json,skipped_existing,,2026-08-06T09:53:16.288291Z
22,16541765,less,55249896,1072.3,55249896,90026796,COMPLETED,EPISODE_TYPE_PUBLIC,2026-08-04T22:16:52.938525200Z,2026-08-04T22:17:39.548987700Z,0,55231553,タニシ,55249896,55231553,9714ab5c3996f6cc,648,replays\episode_90026796.json,logs\90026796\agent_0_observation_logs.json;logs\90026796\agent_1_observation_logs.json,skipped_existing,,2026-08-06T09:52:09.199191Z
22,16541765,less,55249896,1072.3,55249896,90026803,COMPLETED,EPISODE_TYPE_PUBLIC,2026-08-04T22:16:52.943242800Z,2026-08-04T22:17:32.961350Z,0,55250288,Pokemon001,55249896,55250288,9714ab5c3996f6cc,648,replays\episode_90026803.json,logs\90026803\agent_0_observation_logs.json;logs\90026803\agent_1_observation_logs.json,skipped_existing,,2026-08-06T09:52:09.576856Z
3,16422241,Raihan Ramadistra,55177269,1151.0,55177269,90026942,COMPLETED,EPISODE_TYPE_PUBLIC,2026-08-04T22:16:53.115425400Z,2026-08-04T22:17:38.556184400Z,1,55242764,THIRD PTCG Club,55242764,55177269,9714ab5c3996f6cc,648,replays\episode_90026942.json,logs\90026942\agent_0_observation_logs.json;logs\90026942\agent_1_observation_logs.json,success,,2026-08-06T09:57:36.499609Z
3,16422241,Raihan Ramadistra,55177269,1151.0,55177269,90026953,COMPLETED,EPISODE_TYPE_PUBLIC,2026-08-04T22:16:53.129134Z,2026-08-04T22:17:44.829128300Z,1,55230940,cununn,55230940,55177269,9714ab5c3996f6cc,648,replays\episode_90026953.json,logs\90026953\agent_0_observation_logs.json;logs\90026953\agent_1_observation_logs.json,success,,2026-08-06T09:57:38.318120Z
12,16452116,Sixth Sense,55138264,1113.7,55138264,90026956,COMPLETED,EPISODE_TYPE_PUBLIC,2026-08-04T22:16:53.129616400Z,2026-08-04T22:17:54.516328100Z,1,55181896,那个男人,55181896,55138264,9714ab5c3996f6cc,648,replays\episode_90026956.json,logs\90026956\agent_0_observation_logs.json;logs\90026956\agent_1_observation_logs.json,success,,2026-08-06T10:00:02.211146Z
11,16561259,@kdcyberdude,55187358,1116.3,55187358,90026957,COMPLETED,EPISODE_TYPE_PUBLIC,2026-08-04T22:16:53.132684100Z,2026-08-04T22:19:15.686509Z,1,55214283,zhangshuosc,55214283,55187358,9714ab5c3996f6cc,648,replays\episode_90026957.json,logs\90026957\agent_0_observation_logs.json;logs\90026957\agent_1_observation_logs.json,skipped_existing,,2026-08-06T09:53:16.521123Z
22,16541765,less,55249896,1072.3,55249896,90027487,COMPLETED,EPISODE_TYPE_PUBLIC,2026-08-04T22:20:54.515866300Z,2026-08-04T22:21:33.780592Z,1,55130199,NorthStar,55130199,55249896,9714ab5c3996f6cc,648,replays\episode_90027487.json,logs\90027487\agent_0_observation_logs.json;logs\90027487\agent_1_observation_logs.json,skipped_existing,,2026-08-06T09:52:10.378540Z
3,16422241,Raihan Ramadistra,55177269,1151.0,55177269,90027627,COMPLETED,EPISODE_TYPE_PUBLIC,2026-08-04T22:20:54.705424300Z,2026-08-04T22:21:57.620072400Z,0,55206939,やる気元気ミワハルキ,55177269,55206939,9714ab5c3996f6cc,648,replays\episode_90027627.json,logs\90027627\agent_0_observation_logs.json;logs\90027627\agent_1_observation_logs.json,success,,2026-08-06T09:57:40.780858Z
12,16452116,Sixth Sense,55138264,1113.7,55138264,90027629,COMPLETED,EPISODE_TYPE_PUBLIC,2026-08-04T22:20:54.710249500Z,2026-08-04T22:21:44.321727700Z,0,55198468,M Sato,55138264,55198468,9714ab5c3996f6cc,648,replays\episode_90027629.json,logs\90027629\agent_0_observation_logs.json;logs\90027629\agent_1_observation_logs.json,success,,2026-08-06T10:00:05.519077Z
12,16452116,Sixth Sense,55138264,1113.7,55138264,90027637,COMPLETED,EPISODE_TYPE_PUBLIC,2026-08-04T22:20:54.754745700Z,2026-08-04T22:22:10.869062400Z,1,55239029,THIRD PTCG Club,55239029,55138264,9714ab5c3996f6cc,648,replays\episode_90027637.json,logs\90027637\agent_0_observation_logs.json;logs\90027637\agent_1_observation_logs.json,success,,2026-08-06T10:00:08.196906Z
11,16561259,@kdcyberdude,55187358,1116.3,55187358,90027640,COMPLETED,EPISODE_TYPE_PUBLIC,2026-08-04T22:20:54.755709200Z,2026-08-04T22:23:10.620825800Z,1,55239672,Articuno0144,55239672,55187358,9714ab5c3996f6cc,648,replays\episode_90027640.json,logs\90027640\agent_0_observation_logs.json;logs\90027640\agent_1_observation_logs.json,skipped_existing,,2026-08-06T09:53:16.675769Z
22,16541765,less,55249896,1072.3,55249896,90028186,COMPLETED,EPISODE_TYPE_PUBLIC,2026-08-04T22:24:54.815946100Z,2026-08-04T22:27:29.483102500Z,0,54959248,Where is my orbit,55249896,54959248,9714ab5c3996f6cc,648,replays\episode_90028186.json,logs\90028186\agent_0_observation_logs.json;logs\90028186\agent_1_observation_logs.json,skipped_existing,,2026-08-06T09:52:10.766679Z
3,16422241,Raihan Ramadistra,55177269,1151.0,55177269,90028313,COMPLETED,EPISODE_TYPE_PUBLIC,2026-08-04T22:24:54.996958300Z,2026-08-04T22:25:55.192505100Z,1,55121805,Iolzpo + emonga,55121805,55177269,9714ab5c3996f6cc,648,replays\episode_90028313.json,logs\90028313\agent_0_observation_logs.json;logs\90028313\agent_1_observation_logs.json,success,,2026-08-06T09:57:43.900015Z
12,16452116,Sixth Sense,55138264,1113.7,55138264,90028323,COMPLETED,EPISODE_TYPE_PUBLIC,2026-08-04T22:24:55.008104800Z,2026-08-04T22:25:58.074953200Z,0,55249896,less,55138264,55249896,9714ab5c3996f6cc,648,replays\episode_90028323.json,logs\90028323\agent_0_observation_logs.json;logs\90028323\agent_1_observation_logs.json,skipped_existing,,2026-08-06T10:00:10.187795Z
22,16541765,less,55249896,1072.3,55249896,90028323,COMPLETED,EPISODE_TYPE_PUBLIC,2026-08-04T22:24:55.008104800Z,2026-08-04T22:25:58.074953200Z,1,55138264,Sixth Sense,55138264,55249896,9714ab5c3996f6cc,648,replays\episode_90028323.json,logs\90028323\agent_0_observation_logs.json;logs\90028323\agent_1_observation_logs.json,skipped_existing,,2026-08-06T09:52:11.126642Z
11,16561259,@kdcyberdude,55187358,1116.3,55187358,90028332,COMPLETED,EPISODE_TYPE_PUBLIC,2026-08-04T22:24:55.021220100Z,2026-08-04T22:27:13.776160100Z,1,55235857,JZ,55235857,55187358,9714ab5c3996f6cc,648,replays\episode_90028332.json,logs\90028332\agent_0_observation_logs.json;logs\90028332\agent_1_observation_logs.json,skipped_existing,,2026-08-06T09:53:16.815972Z
22,16541765,less,55249896,1072.3,55249896,90028879,COMPLETED,EPISODE_TYPE_PUBLIC,2026-08-04T22:28:53.111240Z,2026-08-04T22:32:37.781736900Z,0,55229754,junlee789,55249896,55229754,9714ab5c3996f6cc,648,replays\episode_90028879.json,logs\90028879\agent_0_observation_logs.json;logs\90028879\agent_1_observation_logs.json,skipped_existing,,2026-08-06T09:52:11.568051Z
3,16422241,Raihan Ramadistra,55177269,1151.0,55177269,90029001,COMPLETED,EPISODE_TYPE_PUBLIC,2026-08-04T22:28:53.270414200Z,2026-08-04T22:29:51.336562100Z,1,55198468,M Sato,55198468,55177269,9714ab5c3996f6cc,648,replays\episode_90029001.json,logs\90029001\agent_0_observation_logs.json;logs\90029001\agent_1_observation_logs.json,success,,2026-08-06T09:57:46.893518Z
3,16422241,Raihan Ramadistra,55177269,1151.0,55177269,90029008,COMPLETED,EPISODE_TYPE_PUBLIC,2026-08-04T22:28:53.278014100Z,2026-08-04T22:29:43.184277700Z,0,55138264,Sixth Sense,55177269,55138264,9714ab5c3996f6cc,648,replays\episode_90029008.json,logs\90029008\agent_0_observation_logs.json;logs\90029008\agent_1_observation_logs.json,success,,2026-08-06T09:57:49.844690Z
12,16452116,Sixth Sense,55138264,1113.7,55138264,90029008,COMPLETED,EPISODE_TYPE_PUBLIC,2026-08-04T22:28:53.278014100Z,2026-08-04T22:29:43.184277700Z,1,55177269,Raihan Ramadistra,55177269,55138264,9714ab5c3996f6cc,648,replays\episode_90029008.json,logs\90029008\agent_0_observation_logs.json;logs\90029008\agent_1_observation_logs.json,skipped_existing,,2026-08-06T10:00:10.359184Z
11,16561259,@kdcyberdude,55187358,1116.3,55187358,90029019,COMPLETED,EPISODE_TYPE_PUBLIC,2026-08-04T22:28:53.289349200Z,2026-08-04T22:30:47.082825100Z,0,55237517,Jakal,55187358,55237517,9714ab5c3996f6cc,648,replays\episode_90029019.json,logs\90029019\agent_0_observation_logs.json;logs\90029019\agent_1_observation_logs.json,skipped_existing,,2026-08-06T09:53:16.972379Z
22,16541765,less,55249896,1072.3,55249896,90029554,COMPLETED,EPISODE_TYPE_PUBLIC,2026-08-04T22:32:52.819959700Z,2026-08-04T22:34:12.438359200Z,1,55249119,HSBMAX,55249119,55249896,9714ab5c3996f6cc,648,replays\episode_90029554.json,logs\90029554\agent_0_observation_logs.json;logs\90029554\agent_1_observation_logs.json,skipped_existing,,2026-08-06T09:52:11.938490Z
12,16452116,Sixth Sense,55138264,1113.7,55138264,90029597,COMPLETED,EPISODE_TYPE_PUBLIC,2026-08-04T22:32:52.887370600Z,2026-08-04T22:34:19.950901800Z,0,55248965,LiamK,55138264,55248965,9714ab5c3996f6cc,648,replays\episode_90029597.json,logs\90029597\agent_0_observation_logs.json;logs\90029597\agent_1_observation_logs.json,success,,2026-08-06T10:00:10.467782Z
3,16422241,Raihan Ramadistra,55177269,1151.0,55177269,90029672,COMPLETED,EPISODE_TYPE_PUBLIC,2026-08-04T22:32:53.057809600Z,2026-08-04T22:33:46.823924800Z,1,55033309,flg,55033309,55177269,9714ab5c3996f6cc,648,replays\episode_90029672.json,logs\90029672\agent_0_observation_logs.json;logs\90029672\agent_1_observation_logs.json,success,,2026-08-06T09:57:52.014325Z
12,16452116,Sixth Sense,55138264,1113.7,55138264,90029677,COMPLETED,EPISODE_TYPE_PUBLIC,2026-08-04T22:32:53.060186700Z,2026-08-04T22:34:41.684626500Z,1,55098365,Team KASA.,55098365,55138264,9714ab5c3996f6cc,648,replays\episode_90029677.json,logs\90029677\agent_0_observation_logs.json;logs\90029677\agent_1_observation_logs.json,success,,2026-08-06T10:00:13.475187Z
11,16561259,@kdcyberdude,55187358,1116.3,55187358,90029680,COMPLETED,EPISODE_TYPE_PUBLIC,2026-08-04T22:32:53.060511900Z,2026-08-04T22:34:58.616008100Z,1,55202823,Raihan Ramadistra,55202823,55187358,9714ab5c3996f6cc,648,replays\episode_90029680.json,logs\90029680\agent_0_observation_logs.json;logs\90029680\agent_1_observation_logs.json,skipped_existing,,2026-08-06T09:53:17.080217Z
11,16561259,@kdcyberdude,55187358,1116.3,55187358,90029686,COMPLETED,EPISODE_TYPE_PUBLIC,2026-08-04T22:32:53.066303300Z,2026-08-04T22:35:09.250962900Z,1,55184617,kazusw,55184617,55187358,9714ab5c3996f6cc,648,replays\episode_90029686.json,logs\90029686\agent_0_observation_logs.json;logs\90029686\agent_1_observation_logs.json,skipped_existing,,2026-08-06T09:53:17.236075Z
3,16422241,Raihan Ramadistra,55177269,1151.0,55177269,90029687,COMPLETED,EPISODE_TYPE_PUBLIC,2026-08-04T22:32:53.067352Z,2026-08-04T22:33:42.130892500Z,0,55033309,flg,55177269,55033309,9714ab5c3996f6cc,648,replays\episode_90029687.json,logs\90029687\agent_0_observation_logs.json;logs\90029687\agent_1_observation_logs.json,success,,2026-08-06T09:57:54.761241Z
22,16541765,less,55249896,1072.3,55249896,90030247,COMPLETED,EPISODE_TYPE_PUBLIC,2026-08-04T22:36:53.278270700Z,2026-08-04T22:37:35.584077600Z,1,55202356,JJ Bean,55202356,55249896,9714ab5c3996f6cc,648,replays\episode_90030247.json,logs\90030247\agent_0_observation_logs.json;logs\90030247\agent_1_observation_logs.json,skipped_existing,,2026-08-06T09:52:12.296335Z
3,16422241,Raihan Ramadistra,55177269,1151.0,55177269,90030351,COMPLETED,EPISODE_TYPE_PUBLIC,2026-08-04T22:36:53.472295200Z,2026-08-04T22:37:55.518687600Z,1,55229706,LumenLiquidity,55229706,55177269,9714ab5c3996f6cc,648,replays\episode_90030351.json,logs\90030351\agent_0_observation_logs.json;logs\90030351\agent_1_observation_logs.json,success,,2026-08-06T09:57:57.147669Z
3,16422241,Raihan Ramadistra,55177269,1151.0,55177269,90030360,COMPLETED,EPISODE_TYPE_PUBLIC,2026-08-04T22:36:53.481149900Z,2026-08-04T22:37:54.879468800Z,0,55248965,LiamK,55177269,55248965,9714ab5c3996f6cc,648,replays\episode_90030360.json,logs\90030360\agent_0_observation_logs.json;logs\90030360\agent_1_observation_logs.json,success,,2026-08-06T09:58:01.085788Z
12,16452116,Sixth Sense,55138264,1113.7,55138264,90030366,COMPLETED,EPISODE_TYPE_PUBLIC,2026-08-04T22:36:53.488185800Z,2026-08-04T22:37:48.915794900Z,1,55198468,M Sato,55198468,55138264,9714ab5c3996f6cc,648,replays\episode_90030366.json,logs\90030366\agent_0_observation_logs.json;logs\90030366\agent_1_observation_logs.json,success,,2026-08-06T10:00:16.584489Z
22,16541765,less,55249896,1072.3,55249896,90030369,COMPLETED,EPISODE_TYPE_PUBLIC,2026-08-04T22:36:53.490718900Z,2026-08-04T22:38:01.467021100Z,1,55202823,Raihan Ramadistra,55202823,55249896,9714ab5c3996f6cc,648,replays\episode_90030369.json,logs\90030369\agent_0_observation_logs.json;logs\90030369\agent_1_observation_logs.json,skipped_existing,,2026-08-06T09:52:12.557825Z
11,16561259,@kdcyberdude,55187358,1116.3,55187358,90030382,COMPLETED,EPISODE_TYPE_PUBLIC,2026-08-04T22:36:53.504159500Z,2026-08-04T22:40:17.037929800Z,0,55201815,M Sato,55187358,55201815,9714ab5c3996f6cc,648,replays\episode_90030382.json,logs\90030382\agent_0_observation_logs.json;logs\90030382\agent_1_observation_logs.json,skipped_existing,,2026-08-06T09:53:17.360014Z
22,16541765,less,55249896,1072.3,55249896,90030933,COMPLETED,EPISODE_TYPE_PUBLIC,2026-08-04T22:40:53.589030Z,2026-08-04T22:41:42.251705700Z,1,55231553,タニシ,55231553,55249896,9714ab5c3996f6cc,648,replays\episode_90030933.json,logs\90030933\agent_0_observation_logs.json;logs\90030933\agent_1_observation_logs.json,skipped_existing,,2026-08-06T09:52:12.830083Z
3,16422241,Raihan Ramadistra,55177269,1151.0,55177269,90031029,COMPLETED,EPISODE_TYPE_PUBLIC,2026-08-04T22:40:53.717297300Z,2026-08-04T22:42:33.027298200Z,1,55184021,李秉叡（ntumlnoob）,55184021,55177269,9714ab5c3996f6cc,648,replays\episode_90031029.json,logs\90031029\agent_0_observation_logs.json;logs\90031029\agent_1_observation_logs.json,success,,2026-08-06T09:58:04.232613Z
3,16422241,Raihan Ramadistra,55177269,1151.0,55177269,90031045,COMPLETED,EPISODE_TYPE_PUBLIC,2026-08-04T22:40:53.755926200Z,2026-08-04T22:41:49.433996300Z,1,55147326,Majkel1337,55147326,55177269,9714ab5c3996f6cc,648,replays\episode_90031045.json,logs\90031045\agent_0_observation_logs.json;logs\90031045\agent_1_observation_logs.json,success,,2026-08-06T09:58:07.058406Z
12,16452116,Sixth Sense,55138264,1113.7,55138264,90031049,COMPLETED,EPISODE_TYPE_PUBLIC,2026-08-04T22:40:53.755924300Z,2026-08-04T22:41:44.945361900Z,0,55193919,Blacklions.,55138264,55193919,9714ab5c3996f6cc,648,replays\episode_90031049.json,logs\90031049\agent_0_observation_logs.json;logs\90031049\agent_1_observation_logs.json,success,,2026-08-06T10:00:19.754220Z
11,16561259,@kdcyberdude,55187358,1116.3,55187358,90031089,COMPLETED,EPISODE_TYPE_PUBLIC,2026-08-04T22:40:53.791978200Z,2026-08-04T22:44:18.157710500Z,1,55134080,Roman Nesterov,55134080,55187358,9714ab5c3996f6cc,648,replays\episode_90031089.json,logs\90031089\agent_0_observation_logs.json;logs\90031089\agent_1_observation_logs.json,skipped_existing,,2026-08-06T09:53:17.578028Z
22,16541765,less,55249896,1072.3,55249896,90031665,COMPLETED,EPISODE_TYPE_PUBLIC,2026-08-04T22:44:54.173143700Z,2026-08-04T22:45:41.217927900Z,0,55108065,Cook Noah,55249896,55108065,9714ab5c3996f6cc,648,replays\episode_90031665.json,logs\90031665\agent_0_observation_logs.json;logs\90031665\agent_1_observation_logs.json,skipped_existing,,2026-08-06T09:52:13.526792Z
3,16422241,Raihan Ramadistra,55177269,1151.0,55177269,90031804,COMPLETED,EPISODE_TYPE_PUBLIC,2026-08-04T22:44:54.352291800Z,2026-08-04T22:45:50.348625100Z,1,55236110,やる気元気ミワハルキ,55236110,55177269,9714ab5c3996f6cc,648,replays\episode_90031804.json,logs\90031804\agent_0_observation_logs.json;logs\90031804\agent_1_observation_logs.json,success,,2026-08-06T09:58:08.189566Z
12,16452116,Sixth Sense,55138264,1113.7,55138264,90031813,COMPLETED,EPISODE_TYPE_PUBLIC,2026-08-04T22:44:54.360240300Z,2026-08-04T22:51:51.701791700Z,0,55231831,Team Rot-Weiß,55138264,55231831,9714ab5c3996f6cc,648,replays\episode_90031813.json,logs\90031813\agent_0_observation_logs.json;logs\90031813\agent_1_observation_logs.json,success,,2026-08-06T10:00:21.644667Z
3,16422241,Raihan Ramadistra,55177269,1151.0,55177269,90031826,COMPLETED,EPISODE_TYPE_PUBLIC,2026-08-04T22:44:54.366747200Z,2026-08-04T22:45:39.295071300Z,1,54025042,akiyamage,54025042,55177269,9714ab5c3996f6cc,648,replays\episode_90031826.json,logs\90031826\agent_0_observation_logs.json;logs\90031826\agent_1_observation_logs.json,success,,2026-08-06T09:58:10.278611Z
11,16561259,@kdcyberdude,55187358,1116.3,55187358,90031860,COMPLETED,EPISODE_TYPE_PUBLIC,2026-08-04T22:44:54.387145700Z,2026-08-04T22:47:32.368417400Z,0,55202823,Raihan Ramadistra,55187358,55202823,9714ab5c3996f6cc,648,replays\episode_90031860.json,logs\90031860\agent_0_observation_logs.json;logs\90031860\agent_1_observation_logs.json,skipped_existing,,2026-08-06T09:53:17.868139Z
22,16541765,less,55249896,1072.3,55249896,90032312,COMPLETED,EPISODE_TYPE_PUBLIC,2026-08-04T22:48:53.645013400Z,2026-08-04T22:49:41.934099600Z,1,55250544,Decision Treecko,55250544,55249896,9714ab5c3996f6cc,648,replays\episode_90032312.json,logs\90032312\agent_0_observation_logs.json;logs\90032312\agent_1_observation_logs.json,skipped_existing,,2026-08-06T09:52:14.455297Z
12,16452116,Sixth Sense,55138264,1113.7,55138264,90032416,COMPLETED,EPISODE_TYPE_PUBLIC,2026-08-04T22:48:53.775087900Z,2026-08-04T22:49:46.448418Z,1,53794653,nakano?neru?maru?ruru,53794653,55138264,9714ab5c3996f6cc,648,replays\episode_90032416.json,logs\90032416\agent_0_observation_logs.json;logs\90032416\agent_1_observation_logs.json,success,,2026-08-06T10:00:24.399684Z
3,16422241,Raihan Ramadistra,55177269,1151.0,55177269,90032419,COMPLETED,EPISODE_TYPE_PUBLIC,2026-08-04T22:48:53.779561500Z,2026-08-04T22:52:40.600399700Z,0,55235481,wwwwwwwwwwwwwwwwwwwwwwwwwwwwww,55177269,55235481,9714ab5c3996f6cc,648,replays\episode_90032419.json,logs\90032419\agent_0_observation_logs.json;logs\90032419\agent_1_observation_logs.json,success,,2026-08-06T09:58:12.689380Z
11,16561259,@kdcyberdude,55187358,1116.3,55187358,90032466,COMPLETED,EPISODE_TYPE_PUBLIC,2026-08-04T22:48:53.827809Z,2026-08-04T22:50:51.548839400Z,1,55075382,Kasasree Google,55075382,55187358,9714ab5c3996f6cc,648,replays\episode_90032466.json,logs\90032466\agent_0_observation_logs.json;logs\90032466\agent_1_observation_logs.json,skipped_existing,,2026-08-06T09:53:18.232775Z
22,16541765,less,55249896,1072.3,55249896,90032953,COMPLETED,EPISODE_TYPE_PUBLIC,2026-08-04T22:52:53.624256200Z,2026-08-04T22:53:25.957175300Z,0,55250725,akzw,55249896,55250725,9714ab5c3996f6cc,648,replays\episode_90032953.json,logs\90032953\agent_0_observation_logs.json;logs\90032953\agent_1_observation_logs.json,skipped_existing,,2026-08-06T09:52:15.409396Z
22,16541765,less,55249896,1072.3,55249896,90033009,COMPLETED,EPISODE_TYPE_PUBLIC,2026-08-04T22:52:53.697693300Z,2026-08-04T22:54:06.434095200Z,0,55238850,Xiangyu Liu,55249896,55238850,9714ab5c3996f6cc,648,replays\episode_90033009.json,logs\90033009\agent_0_observation_logs.json;logs\90033009\agent_1_observation_logs.json,skipped_existing,,2026-08-06T09:52:15.687013Z
3,16422241,Raihan Ramadistra,55177269,1151.0,55177269,90033111,COMPLETED,EPISODE_TYPE_PUBLIC,2026-08-04T22:52:53.820811700Z,2026-08-04T22:55:20.742201100Z,1,55248931,Nghia Tran,55248931,55177269,9714ab5c3996f6cc,648,replays\episode_90033111.json,logs\90033111\agent_0_observation_logs.json;logs\90033111\agent_1_observation_logs.json,success,,2026-08-06T09:58:15.568694Z
12,16452116,Sixth Sense,55138264,1113.7,55138264,90033114,COMPLETED,EPISODE_TYPE_PUBLIC,2026-08-04T22:52:53.822309400Z,2026-08-04T23:00:01.419804700Z,1,55199855,tw_shin,55199855,55138264,9714ab5c3996f6cc,648,replays\episode_90033114.json,logs\90033114\agent_0_observation_logs.json;logs\90033114\agent_1_observation_logs.json,success,,2026-08-06T10:00:25.767160Z
11,16561259,@kdcyberdude,55187358,1116.3,55187358,90033144,COMPLETED,EPISODE_TYPE_PUBLIC,2026-08-04T22:52:53.883167200Z,2026-08-04T22:55:12.384803900Z,0,55242848,pllinas,55187358,55242848,9714ab5c3996f6cc,648,replays\episode_90033144.json,logs\90033144\agent_0_observation_logs.json;logs\90033144\agent_1_observation_logs.json,skipped_existing,,2026-08-06T09:53:18.432046Z
22,16541765,less,55249896,1072.3,55249896,90033700,COMPLETED,EPISODE_TYPE_PUBLIC,2026-08-04T22:56:53.410470700Z,2026-08-04T22:58:08.052559500Z,0,55233117,Hancang Mi,55249896,55233117,9714ab5c3996f6cc,648,replays\episode_90033700.json,logs\90033700\agent_0_observation_logs.json;logs\90033700\agent_1_observation_logs.json,skipped_existing,,2026-08-06T09:52:16.279479Z
3,16422241,Raihan Ramadistra,55177269,1151.0,55177269,90033758,COMPLETED,EPISODE_TYPE_PUBLIC,2026-08-04T22:56:53.532631700Z,2026-08-04T22:58:01.787522300Z,0,55248965,LiamK,55177269,55248965,9714ab5c3996f6cc,648,replays\episode_90033758.json,logs\90033758\agent_0_observation_logs.json;logs\90033758\agent_1_observation_logs.json,success,,2026-08-06T09:58:18.947916Z
22,16541765,less,55249896,1072.3,55249896,90033783,COMPLETED,EPISODE_TYPE_PUBLIC,2026-08-04T22:56:53.565644400Z,2026-08-04T22:58:08.462098200Z,0,55184021,李秉叡（ntumlnoob）,55249896,55184021,9714ab5c3996f6cc,648,replays\episode_90033783.json,logs\90033783\agent_0_observation_logs.json;logs\90033783\agent_1_observation_logs.json,skipped_existing,,2026-08-06T09:52:16.620567Z
12,16452116,Sixth Sense,55138264,1113.7,55138264,90033799,COMPLETED,EPISODE_TYPE_PUBLIC,2026-08-04T22:56:53.585505800Z,2026-08-04T22:58:23.733121600Z,0,55217790,llkarill,55138264,55217790,9714ab5c3996f6cc,648,replays\episode_90033799.json,logs\90033799\agent_0_observation_logs.json;logs\90033799\agent_1_observation_logs.json,success,,2026-08-06T10:00:28.263043Z
3,16422241,Raihan Ramadistra,55177269,1151.0,55177269,90033801,COMPLETED,EPISODE_TYPE_PUBLIC,2026-08-04T22:56:53.585706500Z,2026-08-04T23:00:45.471963800Z,1,55229754,junlee789,55229754,55177269,9714ab5c3996f6cc,648,replays\episode_90033801.json,logs\90033801\agent_0_observation_logs.json;logs\90033801\agent_1_observation_logs.json,success,,2026-08-06T09:58:21.089676Z
11,16561259,@kdcyberdude,55187358,1116.3,55187358,90033807,COMPLETED,EPISODE_TYPE_PUBLIC,2026-08-04T22:56:53.589779Z,2026-08-04T22:58:48.886734900Z,1,55230940,cununn,55230940,55187358,9714ab5c3996f6cc,648,replays\episode_90033807.json,logs\90033807\agent_0_observation_logs.json;logs\90033807\agent_1_observation_logs.json,skipped_existing,,2026-08-06T09:53:18.954054Z
11,16561259,@kdcyberdude,55187358,1116.3,55187358,90033830,COMPLETED,EPISODE_TYPE_PUBLIC,2026-08-04T22:56:53.616622300Z,2026-08-04T22:58:47.869966200Z,0,53799616,Kabuto0421,55187358,53799616,9714ab5c3996f6cc,648,replays\episode_90033830.json,logs\90033830\agent_0_observation_logs.json;logs\90033830\agent_1_observation_logs.json,skipped_existing,,2026-08-06T09:53:19.501036Z
22,16541765,less,55249896,1072.3,55249896,90034388,COMPLETED,EPISODE_TYPE_PUBLIC,2026-08-04T23:00:53.739384800Z,2026-08-04T23:02:11.775583100Z,0,55238413,Lunariz,55249896,55238413,9714ab5c3996f6cc,648,replays\episode_90034388.json,logs\90034388\agent_0_observation_logs.json;logs\90034388\agent_1_observation_logs.json,skipped_existing,,2026-08-06T09:52:16.741502Z
12,16452116,Sixth Sense,55138264,1113.7,55138264,90034478,COMPLETED,EPISODE_TYPE_PUBLIC,2026-08-04T23:00:53.861972500Z,2026-08-04T23:06:09.129260600Z,1,55231831,Team Rot-Weiß,55231831,55138264,9714ab5c3996f6cc,648,replays\episode_90034478.json,logs\90034478\agent_0_observation_logs.json;logs\90034478\agent_1_observation_logs.json,success,,2026-08-06T10:00:30.441751Z
22,16541765,less,55249896,1072.3,55249896,90034479,COMPLETED,EPISODE_TYPE_PUBLIC,2026-08-04T23:00:53.862791700Z,2026-08-04T23:01:45.378435200Z,1,55198468,M Sato,55198468,55249896,9714ab5c3996f6cc,648,replays\episode_90034479.json,logs\90034479\agent_0_observation_logs.json;logs\90034479\agent_1_observation_logs.json,skipped_existing,,2026-08-06T09:52:17.051956Z
3,16422241,Raihan Ramadistra,55177269,1151.0,55177269,90034482,COMPLETED,EPISODE_TYPE_PUBLIC,2026-08-04T23:00:53.865822200Z,2026-08-04T23:01:52.825416800Z,1,55185728,tonakaiiii,55185728,55177269,9714ab5c3996f6cc,648,replays\episode_90034482.json,logs\90034482\agent_0_observation_logs.json;logs\90034482\agent_1_observation_logs.json,success,,2026-08-06T09:58:24.167351Z
3,16422241,Raihan Ramadistra,55177269,1151.0,55177269,90034509,COMPLETED,EPISODE_TYPE_PUBLIC,2026-08-04T23:00:53.890163100Z,2026-08-04T23:02:17.716022600Z,0,55201815,M Sato,55177269,55201815,9714ab5c3996f6cc,648,replays\episode_90034509.json,logs\90034509\agent_0_observation_logs.json;logs\90034509\agent_1_observation_logs.json,success,,2026-08-06T09:58:27.062530Z
11,16561259,@kdcyberdude,55187358,1116.3,55187358,90034532,COMPLETED,EPISODE_TYPE_PUBLIC,2026-08-04T23:00:54.028862400Z,2026-08-04T23:05:34.232679400Z,1,55239385,RtoABC,55239385,55187358,9714ab5c3996f6cc,648,replays\episode_90034532.json,logs\90034532\agent_0_observation_logs.json;logs\90034532\agent_1_observation_logs.json,skipped_existing,,2026-08-06T09:53:19.875153Z
22,16541765,less,55249896,1072.3,55249896,90035076,COMPLETED,EPISODE_TYPE_PUBLIC,2026-08-04T23:04:53.880804600Z,2026-08-04T23:06:32.658496600Z,0,55243535,taiyoooo,55249896,55243535,9714ab5c3996f6cc,648,replays\episode_90035076.json,logs\90035076\agent_0_observation_logs.json;logs\90035076\agent_1_observation_logs.json,skipped_existing,,2026-08-06T09:52:17.315966Z
12,16452116,Sixth Sense,55138264,1113.7,55138264,90035132,COMPLETED,EPISODE_TYPE_PUBLIC,2026-08-04T23:04:53.968518200Z,2026-08-04T23:05:52.926651900Z,0,55186239,Majkel1337,55138264,55186239,9714ab5c3996f6cc,648,replays\episode_90035132.json,logs\90035132\agent_0_observation_logs.json;logs\90035132\agent_1_observation_logs.json,success,,2026-08-06T10:00:32.768270Z
12,16452116,Sixth Sense,55138264,1113.7,55138264,90035159,COMPLETED,EPISODE_TYPE_PUBLIC,2026-08-04T23:04:53.997086900Z,2026-08-04T23:13:43.209020100Z,1,55231831,Team Rot-Weiß,55231831,55138264,9714ab5c3996f6cc,648,replays\episode_90035159.json,logs\90035159\agent_0_observation_logs.json;logs\90035159\agent_1_observation_logs.json,success,,2026-08-06T10:00:35.582560Z
3,16422241,Raihan Ramadistra,55177269,1151.0,55177269,90035170,COMPLETED,EPISODE_TYPE_PUBLIC,2026-08-04T23:04:54.018830400Z,2026-08-04T23:06:23.760161100Z,1,55084456,Oshbocker,55084456,55177269,9714ab5c3996f6cc,648,replays\episode_90035170.json,logs\90035170\agent_0_observation_logs.json;logs\90035170\agent_1_observation_logs.json,success,,2026-08-06T09:58:28.744987Z
11,16561259,@kdcyberdude,55187358,1116.3,55187358,90035224,COMPLETED,EPISODE_TYPE_PUBLIC,2026-08-04T23:04:54.094925300Z,2026-08-04T23:08:25.996919800Z,0,55242580,vvs,55187358,55242580,9714ab5c3996f6cc,648,replays\episode_90035224.json,logs\90035224\agent_0_observation_logs.json;logs\90035224\agent_1_observation_logs.json,skipped_existing,,2026-08-06T09:53:20.078114Z
22,16541765,less,55249896,1072.3,55249896,90035749,COMPLETED,EPISODE_TYPE_PUBLIC,2026-08-04T23:08:54.076163900Z,2026-08-04T23:09:31.755273300Z,1,55231553,タニシ,55231553,55249896,9714ab5c3996f6cc,648,replays\episode_90035749.json,logs\90035749\agent_0_observation_logs.json;logs\90035749\agent_1_observation_logs.json,skipped_existing,,2026-08-06T09:52:18.093456Z
12,16452116,Sixth Sense,55138264,1113.7,55138264,90035838,COMPLETED,EPISODE_TYPE_PUBLIC,2026-08-04T23:08:54.190210700Z,2026-08-04T23:09:56.936739200Z,1,55117948,koala_bear,55117948,55138264,9714ab5c3996f6cc,648,replays\episode_90035838.json,logs\90035838\agent_0_observation_logs.json;logs\90035838\agent_1_observation_logs.json,success,,2026-08-06T10:00:39.276533Z
3,16422241,Raihan Ramadistra,55177269,1151.0,55177269,90035843,COMPLETED,EPISODE_TYPE_PUBLIC,2026-08-04T23:08:54.196094500Z,2026-08-04T23:09:53.662300700Z,1,55239385,RtoABC,55239385,55177269,9714ab5c3996f6cc,648,replays\episode_90035843.json,logs\90035843\agent_0_observation_logs.json;logs\90035843\agent_1_observation_logs.json,success,,2026-08-06T09:58:30.861219Z
3,16422241,Raihan Ramadistra,55177269,1151.0,55177269,90035847,COMPLETED,EPISODE_TYPE_PUBLIC,2026-08-04T23:08:54.199008500Z,2026-08-04T23:16:51.862069600Z,0,55231831,Team Rot-Weiß,55177269,55231831,9714ab5c3996f6cc,648,replays\episode_90035847.json,logs\90035847\agent_0_observation_logs.json;logs\90035847\agent_1_observation_logs.json,success,,2026-08-06T09:58:33.432507Z
11,16561259,@kdcyberdude,55187358,1116.3,55187358,90035854,COMPLETED,EPISODE_TYPE_PUBLIC,2026-08-04T23:08:54.216051900Z,2026-08-04T23:11:31.181332Z,0,55062390,Oshbocker,55187358,55062390,9714ab5c3996f6cc,648,replays\episode_90035854.json,logs\90035854\agent_0_observation_logs.json;logs\90035854\agent_1_observation_logs.json,skipped_existing,,2026-08-06T09:53:20.279657Z
22,16541765,less,55249896,1072.3,55249896,90036357,COMPLETED,EPISODE_TYPE_PUBLIC,2026-08-04T23:12:53.381871800Z,2026-08-04T23:13:38.656821500Z,1,55250752,onick_man,55250752,55249896,9714ab5c3996f6cc,648,replays\episode_90036357.json,logs\90036357\agent_0_observation_logs.json;logs\90036357\agent_1_observation_logs.json,skipped_existing,,2026-08-06T09:52:18.814342Z
22,16541765,less,55249896,1072.3,55249896,90036421,COMPLETED,EPISODE_TYPE_PUBLIC,2026-08-04T23:12:53.462655Z,2026-08-04T23:13:39.373328900Z,1,55209778,KouFu,55209778,55249896,9714ab5c3996f6cc,648,replays\episode_90036421.json,logs\90036421\agent_0_observation_logs.json;logs\90036421\agent_1_observation_logs.json,skipped_existing,,2026-08-06T09:52:19.437951Z
12,16452116,Sixth Sense,55138264,1113.7,55138264,90036500,COMPLETED,EPISODE_TYPE_PUBLIC,2026-08-04T23:12:53.570365600Z,2026-08-04T23:14:12.980402900Z,1,55242764,THIRD PTCG Club,55242764,55138264,9714ab5c3996f6cc,648,replays\episode_90036500.json,logs\90036500\agent_0_observation_logs.json;logs\90036500\agent_1_observation_logs.json,success,,2026-08-06T10:00:41.239842Z
3,16422241,Raihan Ramadistra,55177269,1151.0,55177269,90036507,COMPLETED,EPISODE_TYPE_PUBLIC,2026-08-04T23:12:53.577433500Z,2026-08-04T23:13:55.311024400Z,1,55229706,LumenLiquidity,55229706,55177269,9714ab5c3996f6cc,648,replays\episode_90036507.json,logs\90036507\agent_0_observation_logs.json;logs\90036507\agent_1_observation_logs.json,success,,2026-08-06T09:58:35.553465Z
11,16561259,@kdcyberdude,55187358,1116.3,55187358,90036516,COMPLETED,EPISODE_TYPE_PUBLIC,2026-08-04T23:12:53.584504Z,2026-08-04T23:15:04.845991Z,1,55246695,ropeadope,55246695,55187358,9714ab5c3996f6cc,648,replays\episode_90036516.json,logs\90036516\agent_0_observation_logs.json;logs\90036516\agent_1_observation_logs.json,skipped_existing,,2026-08-06T09:53:20.420196Z
22,16541765,less,55249896,1072.3,55249896,90037089,COMPLETED,EPISODE_TYPE_PUBLIC,2026-08-04T23:16:53.518410200Z,2026-08-04T23:20:25.254382700Z,1,55199855,tw_shin,55199855,55249896,9714ab5c3996f6cc,648,replays\episode_90037089.json,logs\90037089\agent_0_observation_logs.json;logs\90037089\agent_1_observation_logs.json,skipped_existing,,2026-08-06T09:52:19.967308Z
3,16422241,Raihan Ramadistra,55177269,1151.0,55177269,90037133,COMPLETED,EPISODE_TYPE_PUBLIC,2026-08-04T23:16:53.585606200Z,2026-08-04T23:17:52.809932800Z,1,55186239,Majkel1337,55186239,55177269,9714ab5c3996f6cc,648,replays\episode_90037133.json,logs\90037133\agent_0_observation_logs.json;logs\90037133\agent_1_observation_logs.json,success,,2026-08-06T09:58:39.494529Z
12,16452116,Sixth Sense,55138264,1113.7,55138264,90037156,COMPLETED,EPISODE_TYPE_PUBLIC,2026-08-04T23:16:53.608462100Z,2026-08-04T23:19:23.915033800Z,1,55184021,李秉叡（ntumlnoob）,55184021,55138264,9714ab5c3996f6cc,648,replays\episode_90037156.json,logs\90037156\agent_0_observation_logs.json;logs\90037156\agent_1_observation_logs.json,success,,2026-08-06T10:00:44.393227Z
22,16541765,less,55249896,1072.3,55249896,90037166,COMPLETED,EPISODE_TYPE_PUBLIC,2026-08-04T23:16:53.620034400Z,2026-08-04T23:17:50.327072100Z,1,55202823,Raihan Ramadistra,55202823,55249896,9714ab5c3996f6cc,648,replays\episode_90037166.json,logs\90037166\agent_0_observation_logs.json;logs\90037166\agent_1_observation_logs.json,skipped_existing,,2026-08-06T09:52:20.084910Z
3,16422241,Raihan Ramadistra,55177269,1151.0,55177269,90037168,COMPLETED,EPISODE_TYPE_PUBLIC,2026-08-04T23:16:53.656975700Z,2026-08-04T23:17:42.674258700Z,1,54050042,Takumi Hino,54050042,55177269,9714ab5c3996f6cc,648,replays\episode_90037168.json,logs\90037168\agent_0_observation_logs.json;logs\90037168\agent_1_observation_logs.json,success,,2026-08-06T09:58:41.357577Z
22,16541765,less,55249896,1072.3,55249896,90037169,COMPLETED,EPISODE_TYPE_PUBLIC,2026-08-04T23:16:53.658102100Z,2026-08-04T23:17:35.103860800Z,0,55198468,M Sato,55249896,55198468,9714ab5c3996f6cc,648,replays\episode_90037169.json,logs\90037169\agent_0_observation_logs.json;logs\90037169\agent_1_observation_logs.json,skipped_existing,,2026-08-06T09:52:20.542973Z
12,16452116,Sixth Sense,55138264,1113.7,55138264,90037173,COMPLETED,EPISODE_TYPE_PUBLIC,2026-08-04T23:16:53.652795700Z,2026-08-04T23:17:49.311247500Z,1,55033309,flg,55033309,55138264,9714ab5c3996f6cc,648,replays\episode_90037173.json,logs\90037173\agent_0_observation_logs.json;logs\90037173\agent_1_observation_logs.json,success,,2026-08-06T10:00:48.197214Z
11,16561259,@kdcyberdude,55187358,1116.3,55187358,90037179,COMPLETED,EPISODE_TYPE_PUBLIC,2026-08-04T23:16:53.660906900Z,2026-08-04T23:19:08.064741600Z,0,55246695,ropeadope,55187358,55246695,9714ab5c3996f6cc,648,replays\episode_90037179.json,logs\90037179\agent_0_observation_logs.json;logs\90037179\agent_1_observation_logs.json,skipped_existing,,2026-08-06T09:53:20.558954Z
11,16561259,@kdcyberdude,55187358,1116.3,55187358,90037221,COMPLETED,EPISODE_TYPE_PUBLIC,2026-08-04T23:16:53.703923400Z,2026-08-04T23:21:12.881879700Z,1,55084456,Oshbocker,55084456,55187358,9714ab5c3996f6cc,648,replays\episode_90037221.json,logs\90037221\agent_0_observation_logs.json;logs\90037221\agent_1_observation_logs.json,skipped_existing,,2026-08-06T09:53:20.696262Z
22,16541765,less,55249896,1072.3,55249896,90037799,COMPLETED,EPISODE_TYPE_PUBLIC,2026-08-04T23:20:55.086021300Z,2026-08-04T23:21:32.940355800Z,0,55245986,Battle Data Base,55249896,55245986,9714ab5c3996f6cc,648,replays\episode_90037799.json,logs\90037799\agent_0_observation_logs.json;logs\90037799\agent_1_observation_logs.json,skipped_existing,,2026-08-06T09:52:21.181538Z
3,16422241,Raihan Ramadistra,55177269,1151.0,55177269,90037860,COMPLETED,EPISODE_TYPE_PUBLIC,2026-08-04T23:20:55.164353700Z,2026-08-04T23:21:46.629048700Z,0,55215921,szlachetny snieg,55177269,55215921,9714ab5c3996f6cc,648,replays\episode_90037860.json,logs\90037860\agent_0_observation_logs.json;logs\90037860\agent_1_observation_logs.json,success,,2026-08-06T09:58:43.471165Z
12,16452116,Sixth Sense,55138264,1113.7,55138264,90037863,COMPLETED,EPISODE_TYPE_PUBLIC,2026-08-04T23:20:55.166362200Z,2026-08-04T23:21:51.432960700Z,1,54773249,AlphaStarmie,54773249,55138264,9714ab5c3996f6cc,648,replays\episode_90037863.json,logs\90037863\agent_0_observation_logs.json;logs\90037863\agent_1_observation_logs.json,success,,2026-08-06T10:00:49.551643Z
3,16422241,Raihan Ramadistra,55177269,1151.0,55177269,90037865,COMPLETED,EPISODE_TYPE_PUBLIC,2026-08-04T23:20:55.171875600Z,2026-08-04T23:21:40.371097800Z,1,55214482,ShumpeiNomura,55214482,55177269,9714ab5c3996f6cc,648,replays\episode_90037865.json,logs\90037865\agent_0_observation_logs.json;logs\90037865\agent_1_observation_logs.json,success,,2026-08-06T09:58:46.909016Z
11,16561259,@kdcyberdude,55187358,1116.3,55187358,90037876,COMPLETED,EPISODE_TYPE_PUBLIC,2026-08-04T23:20:55.180781700Z,2026-08-04T23:23:47.554443500Z,0,55084456,Oshbocker,55187358,55084456,9714ab5c3996f6cc,648,replays\episode_90037876.json,logs\90037876\agent_0_observation_logs.json;logs\90037876\agent_1_observation_logs.json,skipped_existing,,2026-08-06T09:53:20.931773Z
22,16541765,less,55249896,1072.3,55249896,90038347,COMPLETED,EPISODE_TYPE_PUBLIC,2026-08-04T23:24:54.749785100Z,2026-08-04T23:31:14.926501200Z,1,55251283,Klein Houmani,55251283,55249896,9714ab5c3996f6cc,648,replays\episode_90038347.json,logs\90038347\agent_0_observation_logs.json;logs\90038347\agent_1_observation_logs.json,skipped_existing,,2026-08-06T09:52:21.526732Z
22,16541765,less,55249896,1072.3,55249896,90038502,COMPLETED,EPISODE_TYPE_PUBLIC,2026-08-04T23:24:55.005435500Z,2026-08-04T23:26:04.375622100Z,0,55238293,PTCG_HORMONE,55249896,55238293,9714ab5c3996f6cc,648,replays\episode_90038502.json,logs\90038502\agent_0_observation_logs.json;logs\90038502\agent_1_observation_logs.json,skipped_existing,,2026-08-06T09:52:21.823295Z
12,16452116,Sixth Sense,55138264,1113.7,55138264,90038529,COMPLETED,EPISODE_TYPE_PUBLIC,2026-08-04T23:24:55.056913800Z,2026-08-04T23:26:11.366270600Z,1,55186239,Majkel1337,55186239,55138264,9714ab5c3996f6cc,648,replays\episode_90038529.json,logs\90038529\agent_0_observation_logs.json;logs\90038529\agent_1_observation_logs.json,success,,2026-08-06T10:00:50.554591Z
3,16422241,Raihan Ramadistra,55177269,1151.0,55177269,90038552,COMPLETED,EPISODE_TYPE_PUBLIC,2026-08-04T23:24:55.076352900Z,2026-08-04T23:26:13.489382800Z,1,55249119,HSBMAX,55249119,55177269,9714ab5c3996f6cc,648,replays\episode_90038552.json,logs\90038552\agent_0_observation_logs.json;logs\90038552\agent_1_observation_logs.json,success,,2026-08-06T09:58:49.061329Z
12,16452116,Sixth Sense,55138264,1113.7,55138264,90038555,COMPLETED,EPISODE_TYPE_PUBLIC,2026-08-04T23:24:55.083189300Z,2026-08-04T23:25:47.603387400Z,1,55247656,Ayanokoji Fan Club,55247656,55138264,9714ab5c3996f6cc,648,replays\episode_90038555.json,logs\90038555\agent_0_observation_logs.json;logs\90038555\agent_1_observation_logs.json,success,,2026-08-06T10:00:54.047084Z
11,16561259,@kdcyberdude,55187358,1116.3,55187358,90038575,COMPLETED,EPISODE_TYPE_PUBLIC,2026-08-04T23:24:55.100789100Z,2026-08-04T23:32:36.973180100Z,0,55235481,wwwwwwwwwwwwwwwwwwwwwwwwwwwwww,55187358,55235481,9714ab5c3996f6cc,648,replays\episode_90038575.json,logs\90038575\agent_0_observation_logs.json;logs\90038575\agent_1_observation_logs.json,skipped_existing,,2026-08-06T09:53:21.252383Z
11,16561259,@kdcyberdude,55187358,1116.3,55187358,90038624,COMPLETED,EPISODE_TYPE_PUBLIC,2026-08-04T23:24:55.181768300Z,2026-08-04T23:27:54.035688400Z,1,54773249,AlphaStarmie,54773249,55187358,9714ab5c3996f6cc,648,replays\episode_90038624.json,logs\90038624\agent_0_observation_logs.json;logs\90038624\agent_1_observation_logs.json,skipped_existing,,2026-08-06T09:53:21.642488Z
22,16541765,less,55249896,1072.3,55249896,90039191,COMPLETED,EPISODE_TYPE_PUBLIC,2026-08-04T23:28:53.669863300Z,2026-08-04T23:29:32.448755600Z,0,55231553,タニシ,55249896,55231553,9714ab5c3996f6cc,648,replays\episode_90039191.json,logs\90039191\agent_0_observation_logs.json;logs\90039191\agent_1_observation_logs.json,skipped_existing,,2026-08-06T09:52:22.291282Z
12,16452116,Sixth Sense,55138264,1113.7,55138264,90039244,COMPLETED,EPISODE_TYPE_PUBLIC,2026-08-04T23:28:53.753473800Z,2026-08-04T23:30:28.131990400Z,0,55098365,Team KASA.,55138264,55098365,9714ab5c3996f6cc,648,replays\episode_90039244.json,logs\90039244\agent_0_observation_logs.json;logs\90039244\agent_1_observation_logs.json,success,,2026-08-06T10:00:57.071931Z
3,16422241,Raihan Ramadistra,55177269,1151.0,55177269,90039245,COMPLETED,EPISODE_TYPE_PUBLIC,2026-08-04T23:28:53.754558100Z,2026-08-04T23:29:55.758961100Z,1,55241740,Jie Orkarin,55241740,55177269,9714ab5c3996f6cc,648,replays\episode_90039245.json,logs\90039245\agent_0_observation_logs.json;logs\90039245\agent_1_observation_logs.json,success,,2026-08-06T09:58:51.780830Z
11,16561259,@kdcyberdude,55187358,1116.3,55187358,90039277,COMPLETED,EPISODE_TYPE_PUBLIC,2026-08-04T23:28:53.799469200Z,2026-08-04T23:31:40.612238800Z,1,55242459,Evgeniy Zdoronok,55242459,55187358,9714ab5c3996f6cc,648,replays\episode_90039277.json,logs\90039277\agent_0_observation_logs.json;logs\90039277\agent_1_observation_logs.json,skipped_existing,,2026-08-06T09:53:21.909474Z
22,16541765,less,55249896,1072.3,55249896,90039843,COMPLETED,EPISODE_TYPE_PUBLIC,2026-08-04T23:32:53.859525700Z,2026-08-04T23:33:47.367902200Z,1,55249654,alexesn,55249654,55249896,9714ab5c3996f6cc,648,replays\episode_90039843.json,logs\90039843\agent_0_observation_logs.json;logs\90039843\agent_1_observation_logs.json,skipped_existing,,2026-08-06T09:52:22.857295Z
12,16452116,Sixth Sense,55138264,1113.7,55138264,90039902,COMPLETED,EPISODE_TYPE_PUBLIC,2026-08-04T23:32:53.908243800Z,2026-08-04T23:34:16.349398100Z,0,54773249,AlphaStarmie,55138264,54773249,9714ab5c3996f6cc,648,replays\episode_90039902.json,logs\90039902\agent_0_observation_logs.json;logs\90039902\agent_1_observation_logs.json,success,,2026-08-06T10:00:59.433502Z
12,16452116,Sixth Sense,55138264,1113.7,55138264,90039907,COMPLETED,EPISODE_TYPE_PUBLIC,2026-08-04T23:32:53.913922100Z,2026-08-04T23:33:53.274854200Z,1,55242764,THIRD PTCG Club,55242764,55138264,9714ab5c3996f6cc,648,replays\episode_90039907.json,logs\90039907\agent_0_observation_logs.json;logs\90039907\agent_1_observation_logs.json,success,,2026-08-06T10:01:02.962788Z
3,16422241,Raihan Ramadistra,55177269,1151.0,55177269,90039908,COMPLETED,EPISODE_TYPE_PUBLIC,2026-08-04T23:32:53.920867300Z,2026-08-04T23:34:03.553309200Z,0,55121288,Sabastien Yu,55177269,55121288,9714ab5c3996f6cc,648,replays\episode_90039908.json,logs\90039908\agent_0_observation_logs.json;logs\90039908\agent_1_observation_logs.json,success,,2026-08-06T09:58:57.038355Z
3,16422241,Raihan Ramadistra,55177269,1151.0,55177269,90039909,COMPLETED,EPISODE_TYPE_PUBLIC,2026-08-04T23:32:53.920863200Z,2026-08-04T23:34:01.491013700Z,1,55221290,MissingNo.,55221290,55177269,9714ab5c3996f6cc,648,replays\episode_90039909.json,logs\90039909\agent_0_observation_logs.json;logs\90039909\agent_1_observation_logs.json,success,,2026-08-06T09:58:54.828882Z
11,16561259,@kdcyberdude,55187358,1116.3,55187358,90039922,COMPLETED,EPISODE_TYPE_PUBLIC,2026-08-04T23:32:53.951174Z,2026-08-04T23:35:49.483015800Z,1,55249119,HSBMAX,55249119,55187358,9714ab5c3996f6cc,648,replays\episode_90039922.json,logs\90039922\agent_0_observation_logs.json;logs\90039922\agent_1_observation_logs.json,skipped_existing,,2026-08-06T09:53:22.120272Z
22,16541765,less,55249896,1072.3,55249896,90040540,COMPLETED,EPISODE_TYPE_PUBLIC,2026-08-04T23:36:54.065742600Z,2026-08-04T23:37:46.093195600Z,1,55121805,Iolzpo + emonga,55121805,55249896,9714ab5c3996f6cc,648,replays\episode_90040540.json,logs\90040540\agent_0_observation_logs.json;logs\90040540\agent_1_observation_logs.json,skipped_existing,,2026-08-06T09:52:23.203986Z
3,16422241,Raihan Ramadistra,55177269,1151.0,55177269,90040588,COMPLETED,EPISODE_TYPE_PUBLIC,2026-08-04T23:36:54.133822400Z,2026-08-04T23:38:20.811092300Z,0,55236571,e-toppo + kurupical,55177269,55236571,9714ab5c3996f6cc,648,replays\episode_90040588.json,logs\90040588\agent_0_observation_logs.json;logs\90040588\agent_1_observation_logs.json,success,,2026-08-06T09:58:58.950774Z
12,16452116,Sixth Sense,55138264,1113.7,55138264,90040589,COMPLETED,EPISODE_TYPE_PUBLIC,2026-08-04T23:36:54.134746Z,2026-08-04T23:39:55.669665700Z,0,55187358,@kdcyberdude,55138264,55187358,9714ab5c3996f6cc,648,replays\episode_90040589.json,logs\90040589\agent_0_observation_logs.json;logs\90040589\agent_1_observation_logs.json,skipped_existing,,2026-08-06T10:01:07.181212Z
11,16561259,@kdcyberdude,55187358,1116.3,55187358,90040589,COMPLETED,EPISODE_TYPE_PUBLIC,2026-08-04T23:36:54.134746Z,2026-08-04T23:39:55.669665700Z,1,55138264,Sixth Sense,55138264,55187358,9714ab5c3996f6cc,648,replays\episode_90040589.json,logs\90040589\agent_0_observation_logs.json;logs\90040589\agent_1_observation_logs.json,skipped_existing,,2026-08-06T09:53:22.298970Z
11,16561259,@kdcyberdude,55187358,1116.3,55187358,90040616,COMPLETED,EPISODE_TYPE_PUBLIC,2026-08-04T23:36:54.172172500Z,2026-08-04T23:39:19.197292400Z,0,55084456,Oshbocker,55187358,55084456,9714ab5c3996f6cc,648,replays\episode_90040616.json,logs\90040616\agent_0_observation_logs.json;logs\90040616\agent_1_observation_logs.json,skipped_existing,,2026-08-06T09:53:22.439334Z
22,16541765,less,55249896,1072.3,55249896,90041215,COMPLETED,EPISODE_TYPE_PUBLIC,2026-08-04T23:40:53.627839400Z,2026-08-04T23:41:59.563531600Z,0,55247656,Ayanokoji Fan Club,55249896,55247656,9714ab5c3996f6cc,648,replays\episode_90041215.json,logs\90041215\agent_0_observation_logs.json;logs\90041215\agent_1_observation_logs.json,skipped_existing,,2026-08-06T09:52:23.504465Z
3,16422241,Raihan Ramadistra,55177269,1151.0,55177269,90041265,COMPLETED,EPISODE_TYPE_PUBLIC,2026-08-04T23:40:53.694790200Z,2026-08-04T23:42:09.430430Z,0,55223409,Lior Toledano,55177269,55223409,9714ab5c3996f6cc,648,replays\episode_90041265.json,logs\90041265\agent_0_observation_logs.json;logs\90041265\agent_1_observation_logs.json,success,,2026-08-06T09:59:01.487148Z
12,16452116,Sixth Sense,55138264,1113.7,55138264,90041268,COMPLETED,EPISODE_TYPE_PUBLIC,2026-08-04T23:40:53.697706800Z,2026-08-04T23:41:56.261783700Z,0,55247218,齐乐,55138264,55247218,9714ab5c3996f6cc,648,replays\episode_90041268.json,logs\90041268\agent_0_observation_logs.json;logs\90041268\agent_1_observation_logs.json,success,,2026-08-06T10:01:07.339035Z
11,16561259,@kdcyberdude,55187358,1116.3,55187358,90041279,COMPLETED,EPISODE_TYPE_PUBLIC,2026-08-04T23:40:53.713000600Z,2026-08-04T23:42:56.131834300Z,0,55175954,palsystem,55187358,55175954,9714ab5c3996f6cc,648,replays\episode_90041279.json,logs\90041279\agent_0_observation_logs.json;logs\90041279\agent_1_observation_logs.json,skipped_existing,,2026-08-06T09:53:22.698414Z
22,16541765,less,55249896,1072.3,55249896,90041901,COMPLETED,EPISODE_TYPE_PUBLIC,2026-08-04T23:44:53.674672900Z,2026-08-04T23:45:40.053987100Z,1,55084456,Oshbocker,55084456,55249896,9714ab5c3996f6cc,648,replays\episode_90041901.json,logs\90041901\agent_0_observation_logs.json;logs\90041901\agent_1_observation_logs.json,skipped_existing,,2026-08-06T09:52:23.883797Z
3,16422241,Raihan Ramadistra,55177269,1151.0,55177269,90041937,COMPLETED,EPISODE_TYPE_PUBLIC,2026-08-04T23:44:53.755938200Z,2026-08-04T23:45:46.266639500Z,0,55248965,LiamK,55177269,55248965,9714ab5c3996f6cc,648,replays\episode_90041937.json,logs\90041937\agent_0_observation_logs.json;logs\90041937\agent_1_observation_logs.json,success,,2026-08-06T09:59:05.110384Z
3,16422241,Raihan Ramadistra,55177269,1151.0,55177269,90041949,COMPLETED,EPISODE_TYPE_PUBLIC,2026-08-04T23:44:53.760172200Z,2026-08-04T23:45:41.581668Z,0,55062390,Oshbocker,55177269,55062390,9714ab5c3996f6cc,648,replays\episode_90041949.json,logs\90041949\agent_0_observation_logs.json;logs\90041949\agent_1_observation_logs.json,success,,2026-08-06T09:59:06.989981Z
22,16541765,less,55249896,1072.3,55249896,90041953,COMPLETED,EPISODE_TYPE_PUBLIC,2026-08-04T23:44:53.766383900Z,2026-08-04T23:45:58.771124700Z,0,55138264,Sixth Sense,55249896,55138264,9714ab5c3996f6cc,648,replays\episode_90041953.json,logs\90041953\agent_0_observation_logs.json;logs\90041953\agent_1_observation_logs.json,skipped_existing,,2026-08-06T09:52:24.209982Z
12,16452116,Sixth Sense,55138264,1113.7,55138264,90041953,COMPLETED,EPISODE_TYPE_PUBLIC,2026-08-04T23:44:53.766383900Z,2026-08-04T23:45:58.771124700Z,1,55249896,less,55249896,55138264,9714ab5c3996f6cc,648,replays\episode_90041953.json,logs\90041953\agent_0_observation_logs.json;logs\90041953\agent_1_observation_logs.json,skipped_existing,,2026-08-06T10:01:09.029776Z
22,16541765,less,55249896,1072.3,55249896,90041963,COMPLETED,EPISODE_TYPE_PUBLIC,2026-08-04T23:44:53.776060400Z,2026-08-04T23:48:27.410992200Z,0,55187358,@kdcyberdude,55249896,55187358,9714ab5c3996f6cc,648,replays\episode_90041963.json,logs\90041963\agent_0_observation_logs.json;logs\90041963\agent_1_observation_logs.json,skipped_existing,,2026-08-06T09:52:24.502493Z
11,16561259,@kdcyberdude,55187358,1116.3,55187358,90041963,COMPLETED,EPISODE_TYPE_PUBLIC,2026-08-04T23:44:53.776060400Z,2026-08-04T23:48:27.410992200Z,1,55249896,less,55249896,55187358,9714ab5c3996f6cc,648,replays\episode_90041963.json,logs\90041963\agent_0_observation_logs.json;logs\90041963\agent_1_observation_logs.json,skipped_existing,,2026-08-06T09:53:22.894781Z
22,16541765,less,55249896,1072.3,55249896,90041964,COMPLETED,EPISODE_TYPE_PUBLIC,2026-08-04T23:44:53.777633800Z,2026-08-04T23:46:07.864493Z,1,55229706,LumenLiquidity,55229706,55249896,9714ab5c3996f6cc,648,replays\episode_90041964.json,logs\90041964\agent_0_observation_logs.json;logs\90041964\agent_1_observation_logs.json,skipped_existing,,2026-08-06T09:52:24.993838Z
22,16541765,less,55249896,1072.3,55249896,90042578,COMPLETED,EPISODE_TYPE_PUBLIC,2026-08-04T23:48:55.595920700Z,2026-08-04T23:49:53.301138200Z,1,55247656,Ayanokoji Fan Club,55247656,55249896,9714ab5c3996f6cc,648,replays\episode_90042578.json,logs\90042578\agent_0_observation_logs.json;logs\90042578\agent_1_observation_logs.json,skipped_existing,,2026-08-06T09:52:25.567473Z
12,16452116,Sixth Sense,55138264,1113.7,55138264,90042618,COMPLETED,EPISODE_TYPE_PUBLIC,2026-08-04T23:48:55.661705100Z,2026-08-04T23:50:03.151822400Z,1,54773249,AlphaStarmie,54773249,55138264,9714ab5c3996f6cc,648,replays\episode_90042618.json,logs\90042618\agent_0_observation_logs.json;logs\90042618\agent_1_observation_logs.json,success,,2026-08-06T10:01:09.327597Z
11,16561259,@kdcyberdude,55187358,1116.3,55187358,90042622,COMPLETED,EPISODE_TYPE_PUBLIC,2026-08-04T23:48:55.667204800Z,2026-08-04T23:56:58.845767700Z,1,55231831,Team Rot-Weiß,55231831,55187358,9714ab5c3996f6cc,648,replays\episode_90042622.json,logs\90042622\agent_0_observation_logs.json;logs\90042622\agent_1_observation_logs.json,skipped_existing,,2026-08-06T09:53:23.197771Z
3,16422241,Raihan Ramadistra,55177269,1151.0,55177269,90042625,COMPLETED,EPISODE_TYPE_PUBLIC,2026-08-04T23:48:55.662652Z,2026-08-04T23:50:17.273482900Z,0,55241121,Foo,55177269,55241121,9714ab5c3996f6cc,648,replays\episode_90042625.json,logs\90042625\agent_0_observation_logs.json;logs\90042625\agent_1_observation_logs.json,success,,2026-08-06T09:59:10.094023Z
22,16541765,less,55249896,1072.3,55249896,90043281,COMPLETED,EPISODE_TYPE_PUBLIC,2026-08-04T23:52:53.784494700Z,2026-08-04T23:53:30.385992600Z,0,55108130,Yam,55249896,55108130,9714ab5c3996f6cc,648,replays\episode_90043281.json,logs\90043281\agent_0_observation_logs.json;logs\90043281\agent_1_observation_logs.json,skipped_existing,,2026-08-06T09:52:26.215686Z
12,16452116,Sixth Sense,55138264,1113.7,55138264,90043308,COMPLETED,EPISODE_TYPE_PUBLIC,2026-08-04T23:52:53.817787400Z,2026-08-04T23:54:01.740061800Z,1,55248965,LiamK,55248965,55138264,9714ab5c3996f6cc,648,replays\episode_90043308.json,logs\90043308\agent_0_observation_logs.json;logs\90043308\agent_1_observation_logs.json,success,,2026-08-06T10:01:12.633333Z
3,16422241,Raihan Ramadistra,55177269,1151.0,55177269,90043317,COMPLETED,EPISODE_TYPE_PUBLIC,2026-08-04T23:52:53.879931900Z,2026-08-04T23:53:49.686391800Z,1,55152123,S4nkurero,55152123,55177269,9714ab5c3996f6cc,648,replays\episode_90043317.json,logs\90043317\agent_0_observation_logs.json;logs\90043317\agent_1_observation_logs.json,success,,2026-08-06T09:59:12.643482Z
12,16452116,Sixth Sense,55138264,1113.7,55138264,90043318,COMPLETED,EPISODE_TYPE_PUBLIC,2026-08-04T23:52:53.880239700Z,2026-08-04T23:53:53.608857200Z,0,55235071,Yan,55138264,55235071,9714ab5c3996f6cc,648,replays\episode_90043318.json,logs\90043318\agent_0_observation_logs.json;logs\90043318\agent_1_observation_logs.json,success,,2026-08-06T10:01:15.648196Z
11,16561259,@kdcyberdude,55187358,1116.3,55187358,90043323,COMPLETED,EPISODE_TYPE_PUBLIC,2026-08-04T23:52:53.885193500Z,2026-08-04T23:54:31.425547400Z,1,55214482,ShumpeiNomura,55214482,55187358,9714ab5c3996f6cc,648,replays\episode_90043323.json,logs\90043323\agent_0_observation_logs.json;logs\90043323\agent_1_observation_logs.json,skipped_existing,,2026-08-06T09:53:23.428794Z
11,16561259,@kdcyberdude,55187358,1116.3,55187358,90043326,COMPLETED,EPISODE_TYPE_PUBLIC,2026-08-04T23:52:53.889336300Z,2026-08-04T23:55:35.088894200Z,0,55250125,__Taichicchi__,55187358,55250125,9714ab5c3996f6cc,648,replays\episode_90043326.json,logs\90043326\agent_0_observation_logs.json;logs\90043326\agent_1_observation_logs.json,skipped_existing,,2026-08-06T09:53:23.568208Z
22,16541765,less,55249896,1072.3,55249896,90043964,COMPLETED,EPISODE_TYPE_PUBLIC,2026-08-04T23:56:55.622755300Z,2026-08-04T23:57:56.523540800Z,1,55033457,flg,55033457,55249896,9714ab5c3996f6cc,648,replays\episode_90043964.json,logs\90043964\agent_0_observation_logs.json;logs\90043964\agent_1_observation_logs.json,skipped_existing,,2026-08-06T09:52:26.801873Z
3,16422241,Raihan Ramadistra,55177269,1151.0,55177269,90044000,COMPLETED,EPISODE_TYPE_PUBLIC,2026-08-04T23:56:55.687042300Z,2026-08-04T23:57:58.692727200Z,1,55175951,palsystem,55175951,55177269,9714ab5c3996f6cc,648,replays\episode_90044000.json,logs\90044000\agent_0_observation_logs.json;logs\90044000\agent_1_observation_logs.json,success,,2026-08-06T09:59:15.102662Z
12,16452116,Sixth Sense,55138264,1113.7,55138264,90044001,COMPLETED,EPISODE_TYPE_PUBLIC,2026-08-04T23:56:55.688151100Z,2026-08-04T23:58:02.456100Z,0,55249896,less,55138264,55249896,9714ab5c3996f6cc,648,replays\episode_90044001.json,logs\90044001\agent_0_observation_logs.json;logs\90044001\agent_1_observation_logs.json,skipped_existing,,2026-08-06T10:01:17.395535Z
22,16541765,less,55249896,1072.3,55249896,90044001,COMPLETED,EPISODE_TYPE_PUBLIC,2026-08-04T23:56:55.688151100Z,2026-08-04T23:58:02.456100Z,1,55138264,Sixth Sense,55138264,55249896,9714ab5c3996f6cc,648,replays\episode_90044001.json,logs\90044001\agent_0_observation_logs.json;logs\90044001\agent_1_observation_logs.json,skipped_existing,,2026-08-06T09:52:27.194588Z
11,16561259,@kdcyberdude,55187358,1116.3,55187358,90044005,COMPLETED,EPISODE_TYPE_PUBLIC,2026-08-04T23:56:55.690959100Z,2026-08-04T23:59:01.055112900Z,0,55157029,Brahim,55187358,55157029,9714ab5c3996f6cc,648,replays\episode_90044005.json,logs\90044005\agent_0_observation_logs.json;logs\90044005\agent_1_observation_logs.json,skipped_existing,,2026-08-06T09:53:23.978206Z
22,16541765,less,55249896,1072.3,55249896,90044700,COMPLETED,EPISODE_TYPE_PUBLIC,2026-08-05T00:00:53.722124600Z,2026-08-05T00:01:31.119208300Z,0,55157029,Brahim,55249896,55157029,9714ab5c3996f6cc,648,replays\episode_90044700.json,logs\90044700\agent_0_observation_logs.json;logs\90044700\agent_1_observation_logs.json,skipped_existing,,2026-08-06T09:52:28.144564Z
3,16422241,Raihan Ramadistra,55177269,1151.0,55177269,90044722,COMPLETED,EPISODE_TYPE_PUBLIC,2026-08-05T00:00:53.766958500Z,2026-08-05T00:02:41.661833300Z,1,55184021,李秉叡（ntumlnoob）,55184021,55177269,9714ab5c3996f6cc,648,replays\episode_90044722.json,logs\90044722\agent_0_observation_logs.json;logs\90044722\agent_1_observation_logs.json,success,,2026-08-06T09:59:17.767583Z
3,16422241,Raihan Ramadistra,55177269,1151.0,55177269,90044727,COMPLETED,EPISODE_TYPE_PUBLIC,2026-08-05T00:00:53.771110200Z,2026-08-05T00:02:10.927764700Z,1,54773249,AlphaStarmie,54773249,55177269,9714ab5c3996f6cc,648,replays\episode_90044727.json,logs\90044727\agent_0_observation_logs.json;logs\90044727\agent_1_observation_logs.json,success,,2026-08-06T09:59:21.195965Z
11,16561259,@kdcyberdude,55187358,1116.3,55187358,90044730,COMPLETED,EPISODE_TYPE_PUBLIC,2026-08-05T00:00:53.774229300Z,2026-08-05T00:03:23.588501700Z,1,55107167,palsystem,55107167,55187358,9714ab5c3996f6cc,648,replays\episode_90044730.json,logs\90044730\agent_0_observation_logs.json;logs\90044730\agent_1_observation_logs.json,skipped_existing,,2026-08-06T09:53:24.309836Z
3,16422241,Raihan Ramadistra,55177269,1151.0,55177269,90044732,COMPLETED,EPISODE_TYPE_PUBLIC,2026-08-05T00:00:53.775285400Z,2026-08-05T00:02:09.449873700Z,0,55052017,NIWATORI,55177269,55052017,9714ab5c3996f6cc,648,replays\episode_90044732.json,logs\90044732\agent_0_observation_logs.json;logs\90044732\agent_1_observation_logs.json,success,,2026-08-06T09:59:24.013344Z
12,16452116,Sixth Sense,55138264,1113.7,55138264,90044733,COMPLETED,EPISODE_TYPE_PUBLIC,2026-08-05T00:00:53.777097400Z,2026-08-05T00:02:07.930927Z,1,55242764,THIRD PTCG Club,55242764,55138264,9714ab5c3996f6cc,648,replays\episode_90044733.json,logs\90044733\agent_0_observation_logs.json;logs\90044733\agent_1_observation_logs.json,success,,2026-08-06T10:01:17.583676Z
12,16452116,Sixth Sense,55138264,1113.7,55138264,90044745,COMPLETED,EPISODE_TYPE_PUBLIC,2026-08-05T00:00:53.778195600Z,2026-08-05T00:02:02.405075300Z,1,55242764,THIRD PTCG Club,55242764,55138264,9714ab5c3996f6cc,648,replays\episode_90044745.json,logs\90044745\agent_0_observation_logs.json;logs\90044745\agent_1_observation_logs.json,success,,2026-08-06T10:01:20.830329Z
22,16541765,less,55249896,1072.3,55249896,90045467,COMPLETED,EPISODE_TYPE_PUBLIC,2026-08-05T00:04:55.466465700Z,2026-08-05T00:05:47.695902600Z,1,55198468,M Sato,55198468,55249896,9714ab5c3996f6cc,648,replays\episode_90045467.json,logs\90045467\agent_0_observation_logs.json;logs\90045467\agent_1_observation_logs.json,skipped_existing,,2026-08-06T09:52:28.833852Z
3,16422241,Raihan Ramadistra,55177269,1151.0,55177269,90045487,COMPLETED,EPISODE_TYPE_PUBLIC,2026-08-05T00:04:55.485021400Z,2026-08-05T00:06:38.731192Z,0,55184021,李秉叡（ntumlnoob）,55177269,55184021,9714ab5c3996f6cc,648,replays\episode_90045487.json,logs\90045487\agent_0_observation_logs.json;logs\90045487\agent_1_observation_logs.json,success,,2026-08-06T09:59:28.450310Z
12,16452116,Sixth Sense,55138264,1113.7,55138264,90045492,COMPLETED,EPISODE_TYPE_PUBLIC,2026-08-05T00:04:55.488749400Z,2026-08-05T00:05:58.217577700Z,0,54773249,AlphaStarmie,55138264,54773249,9714ab5c3996f6cc,648,replays\episode_90045492.json,logs\90045492\agent_0_observation_logs.json;logs\90045492\agent_1_observation_logs.json,success,,2026-08-06T10:01:24.000590Z
12,16452116,Sixth Sense,55138264,1113.7,55138264,90045495,COMPLETED,EPISODE_TYPE_PUBLIC,2026-08-05T00:04:55.493849300Z,2026-08-05T00:05:59.993862Z,1,55198468,M Sato,55198468,55138264,9714ab5c3996f6cc,648,replays\episode_90045495.json,logs\90045495\agent_0_observation_logs.json;logs\90045495\agent_1_observation_logs.json,success,,2026-08-06T10:01:26.846302Z
3,16422241,Raihan Ramadistra,55177269,1151.0,55177269,90045496,COMPLETED,EPISODE_TYPE_PUBLIC,2026-08-05T00:04:55.494932100Z,2026-08-05T00:07:22.878140800Z,0,55187358,@kdcyberdude,55177269,55187358,9714ab5c3996f6cc,648,replays\episode_90045496.json,logs\90045496\agent_0_observation_logs.json;logs\90045496\agent_1_observation_logs.json,skipped_existing,,2026-08-06T09:59:31.338811Z
11,16561259,@kdcyberdude,55187358,1116.3,55187358,90045496,COMPLETED,EPISODE_TYPE_PUBLIC,2026-08-05T00:04:55.494932100Z,2026-08-05T00:07:22.878140800Z,1,55177269,Raihan Ramadistra,55177269,55187358,9714ab5c3996f6cc,648,replays\episode_90045496.json,logs\90045496\agent_0_observation_logs.json;logs\90045496\agent_1_observation_logs.json,skipped_existing,,2026-08-06T09:53:24.642022Z
3,16422241,Raihan Ramadistra,55177269,1151.0,55177269,90045497,COMPLETED,EPISODE_TYPE_PUBLIC,2026-08-05T00:04:55.495816900Z,2026-08-05T00:06:21.139560900Z,1,55245964,KawattaTaido,55245964,55177269,9714ab5c3996f6cc,648,replays\episode_90045497.json,logs\90045497\agent_0_observation_logs.json;logs\90045497\agent_1_observation_logs.json,success,,2026-08-06T09:59:31.482045Z
11,16561259,@kdcyberdude,55187358,1116.3,55187358,90045499,COMPLETED,EPISODE_TYPE_PUBLIC,2026-08-05T00:04:55.497676Z,2026-08-05T00:07:23.676680300Z,0,55242764,THIRD PTCG Club,55187358,55242764,9714ab5c3996f6cc,648,replays\episode_90045499.json,logs\90045499\agent_0_observation_logs.json;logs\90045499\agent_1_observation_logs.json,skipped_existing,,2026-08-06T09:53:25.049106Z
12,16452116,Sixth Sense,55138264,1113.7,55138264,90045500,COMPLETED,EPISODE_TYPE_PUBLIC,2026-08-05T00:04:55.498879400Z,2026-08-05T00:05:53.315748300Z,1,55069184,Asa-sotta ,55069184,55138264,9714ab5c3996f6cc,648,replays\episode_90045500.json,logs\90045500\agent_0_observation_logs.json;logs\90045500\agent_1_observation_logs.json,success,,2026-08-06T10:01:28.442643Z
22,16541765,less,55249896,1072.3,55249896,90046204,COMPLETED,EPISODE_TYPE_PUBLIC,2026-08-05T00:08:53.614035700Z,2026-08-05T00:09:31.542227700Z,1,55184624,bono,55184624,55249896,9714ab5c3996f6cc,648,replays\episode_90046204.json,logs\90046204\agent_0_observation_logs.json;logs\90046204\agent_1_observation_logs.json,skipped_existing,,2026-08-06T09:52:29.496137Z
11,16561259,@kdcyberdude,55187358,1116.3,55187358,90046220,COMPLETED,EPISODE_TYPE_PUBLIC,2026-08-05T00:08:53.630103200Z,2026-08-05T00:12:36.545333800Z,1,55248965,LiamK,55248965,55187358,9714ab5c3996f6cc,648,replays\episode_90046220.json,logs\90046220\agent_0_observation_logs.json;logs\90046220\agent_1_observation_logs.json,skipped_existing,,2026-08-06T09:53:25.284177Z
22,16541765,less,55249896,1072.3,55249896,90046222,COMPLETED,EPISODE_TYPE_PUBLIC,2026-08-05T00:08:53.632718900Z,2026-08-05T00:10:24.258233600Z,1,55184021,李秉叡（ntumlnoob）,55184021,55249896,9714ab5c3996f6cc,648,replays\episode_90046222.json,logs\90046222\agent_0_observation_logs.json;logs\90046222\agent_1_observation_logs.json,skipped_existing,,2026-08-06T09:52:29.775255Z
11,16561259,@kdcyberdude,55187358,1116.3,55187358,90046234,COMPLETED,EPISODE_TYPE_PUBLIC,2026-08-05T00:08:53.661768700Z,2026-08-05T00:12:30.450175200Z,0,55229171,NguyenThanhNhan,55187358,55229171,9714ab5c3996f6cc,648,replays\episode_90046234.json,logs\90046234\agent_0_observation_logs.json;logs\90046234\agent_1_observation_logs.json,skipped_existing,,2026-08-06T09:53:25.454228Z
3,16422241,Raihan Ramadistra,55177269,1151.0,55177269,90046235,COMPLETED,EPISODE_TYPE_PUBLIC,2026-08-05T00:08:53.661985500Z,2026-08-05T00:09:47.424724Z,0,55231083,Mearyl,55177269,55231083,9714ab5c3996f6cc,648,replays\episode_90046235.json,logs\90046235\agent_0_observation_logs.json;logs\90046235\agent_1_observation_logs.json,success,,2026-08-06T09:59:33.593083Z
12,16452116,Sixth Sense,55138264,1113.7,55138264,90046240,COMPLETED,EPISODE_TYPE_PUBLIC,2026-08-05T00:08:53.666328Z,2026-08-05T00:11:19.035740900Z,0,55098365,Team KASA.,55138264,55098365,9714ab5c3996f6cc,648,replays\episode_90046240.json,logs\90046240\agent_0_observation_logs.json;logs\90046240\agent_1_observation_logs.json,success,,2026-08-06T10:01:30.823722Z
12,16452116,Sixth Sense,55138264,1113.7,55138264,90046268,COMPLETED,EPISODE_TYPE_PUBLIC,2026-08-05T00:08:53.697601900Z,2026-08-05T00:09:56.976658800Z,1,55214482,ShumpeiNomura,55214482,55138264,9714ab5c3996f6cc,648,replays\episode_90046268.json,logs\90046268\agent_0_observation_logs.json;logs\90046268\agent_1_observation_logs.json,success,,2026-08-06T10:01:32.686284Z
11,16561259,@kdcyberdude,55187358,1116.3,55187358,90046714,COMPLETED,EPISODE_TYPE_PUBLIC,2026-08-05T00:12:53.554016400Z,2026-08-05T00:15:10.104885900Z,0,55251987,Masaruto,55187358,55251987,9714ab5c3996f6cc,648,replays\episode_90046714.json,logs\90046714\agent_0_observation_logs.json;logs\90046714\agent_1_observation_logs.json,skipped_existing,,2026-08-06T09:53:25.867266Z
22,16541765,less,55249896,1072.3,55249896,90046911,COMPLETED,EPISODE_TYPE_PUBLIC,2026-08-05T00:12:53.839473700Z,2026-08-05T00:13:48.456114600Z,0,55094113,JZ,55249896,55094113,9714ab5c3996f6cc,648,replays\episode_90046911.json,logs\90046911\agent_0_observation_logs.json;logs\90046911\agent_1_observation_logs.json,skipped_existing,,2026-08-06T09:52:30.162260Z
3,16422241,Raihan Ramadistra,55177269,1151.0,55177269,90046926,COMPLETED,EPISODE_TYPE_PUBLIC,2026-08-05T00:12:53.860218700Z,2026-08-05T00:13:37.303524Z,1,54349932,khj1222,54349932,55177269,9714ab5c3996f6cc,648,replays\episode_90046926.json,logs\90046926\agent_0_observation_logs.json;logs\90046926\agent_1_observation_logs.json,success,,2026-08-06T09:59:36.529329Z
11,16561259,@kdcyberdude,55187358,1116.3,55187358,90046928,COMPLETED,EPISODE_TYPE_PUBLIC,2026-08-05T00:12:53.861367800Z,2026-08-05T00:16:45.980258200Z,1,55201815,M Sato,55201815,55187358,9714ab5c3996f6cc,648,replays\episode_90046928.json,logs\90046928\agent_0_observation_logs.json;logs\90046928\agent_1_observation_logs.json,skipped_existing,,2026-08-06T09:53:26.172872Z
22,16541765,less,55249896,1072.3,55249896,90047617,COMPLETED,EPISODE_TYPE_PUBLIC,2026-08-05T00:16:55.217930200Z,2026-08-05T00:17:24.998275200Z,0,55240877,Bruce Zheng,55249896,55240877,9714ab5c3996f6cc,648,replays\episode_90047617.json,logs\90047617\agent_0_observation_logs.json;logs\90047617\agent_1_observation_logs.json,skipped_existing,,2026-08-06T09:52:30.646882Z
22,16541765,less,55249896,1072.3,55249896,90048313,COMPLETED,EPISODE_TYPE_PUBLIC,2026-08-05T00:20:54.184780600Z,2026-08-05T00:25:04.268769100Z,1,55229177,山上海賊団,55229177,55249896,9714ab5c3996f6cc,648,replays\episode_90048313.json,logs\90048313\agent_0_observation_logs.json;logs\90048313\agent_1_observation_logs.json,skipped_existing,,2026-08-06T09:52:30.902479Z
3,16422241,Raihan Ramadistra,55177269,1151.0,55177269,90048799,COMPLETED,EPISODE_TYPE_PUBLIC,2026-08-05T00:24:54.582160100Z,2026-08-05T00:26:03.087334600Z,1,55251764,ANDPAD kaggler team,55251764,55177269,9714ab5c3996f6cc,648,replays\episode_90048799.json,logs\90048799\agent_0_observation_logs.json;logs\90048799\agent_1_observation_logs.json,success,,2026-08-06T09:59:39.452582Z
22,16541765,less,55249896,1072.3,55249896,90048989,COMPLETED,EPISODE_TYPE_PUBLIC,2026-08-05T00:24:54.867611300Z,2026-08-05T00:25:52.004296100Z,0,55117948,koala_bear,55249896,55117948,9714ab5c3996f6cc,648,replays\episode_90048989.json,logs\90048989\agent_0_observation_logs.json;logs\90048989\agent_1_observation_logs.json,skipped_existing,,2026-08-06T09:52:31.251587Z
22,16541765,less,55249896,1072.3,55249896,90049489,COMPLETED,EPISODE_TYPE_PUBLIC,2026-08-05T00:28:53.852070Z,2026-08-05T00:29:44.713411200Z,1,55251826,Rmy,55251826,55249896,9714ab5c3996f6cc,648,replays\episode_90049489.json,logs\90049489\agent_0_observation_logs.json;logs\90049489\agent_1_observation_logs.json,skipped_existing,,2026-08-06T09:52:31.446663Z
3,16422241,Raihan Ramadistra,55177269,1151.0,55177269,90049654,COMPLETED,EPISODE_TYPE_PUBLIC,2026-08-05T00:28:54.091465300Z,2026-08-05T00:29:50.096042100Z,0,55186239,Majkel1337,55177269,55186239,9714ab5c3996f6cc,648,replays\episode_90049654.json,logs\90049654\agent_0_observation_logs.json;logs\90049654\agent_1_observation_logs.json,success,,2026-08-06T09:59:42.585688Z
22,16541765,less,55249896,1072.3,55249896,90054917,COMPLETED,EPISODE_TYPE_PUBLIC,2026-08-05T01:00:53.482472900Z,2026-08-05T01:04:08.312856700Z,0,55252808,GuerillaMoon,55249896,55252808,9714ab5c3996f6cc,648,replays\episode_90054917.json,logs\90054917\agent_0_observation_logs.json;logs\90054917\agent_1_observation_logs.json,skipped_existing,,2026-08-06T09:52:31.864637Z
11,16561259,@kdcyberdude,55187358,1116.3,55187358,90055185,COMPLETED,EPISODE_TYPE_PUBLIC,2026-08-05T01:00:53.888633200Z,2026-08-05T01:03:03.457108500Z,1,55186239,Majkel1337,55186239,55187358,9714ab5c3996f6cc,648,replays\episode_90055185.json,logs\90055185\agent_0_observation_logs.json;logs\90055185\agent_1_observation_logs.json,skipped_existing,,2026-08-06T09:53:26.676839Z
22,16541765,less,55249896,1072.3,55249896,90056235,COMPLETED,EPISODE_TYPE_PUBLIC,2026-08-05T01:08:53.868813800Z,2026-08-05T01:09:57.757190700Z,1,55253878,Ketchum Alt,55253878,55249896,9714ab5c3996f6cc,648,replays\episode_90056235.json,logs\90056235\agent_0_observation_logs.json;logs\90056235\agent_1_observation_logs.json,skipped_existing,,2026-08-06T09:52:32.448705Z
3,16422241,Raihan Ramadistra,55177269,1151.0,55177269,90056563,COMPLETED,EPISODE_TYPE_PUBLIC,2026-08-05T01:08:54.320034100Z,2026-08-05T01:09:56.929688800Z,0,55186239,Majkel1337,55177269,55186239,9714ab5c3996f6cc,648,replays\episode_90056563.json,logs\90056563\agent_0_observation_logs.json;logs\90056563\agent_1_observation_logs.json,success,,2026-08-06T09:59:44.873841Z
3,16422241,Raihan Ramadistra,55177269,1151.0,55177269,90057259,COMPLETED,EPISODE_TYPE_PUBLIC,2026-08-05T01:12:55.203045800Z,2026-08-05T01:14:10.589300200Z,0,55186239,Majkel1337,55177269,55186239,9714ab5c3996f6cc,648,replays\episode_90057259.json,logs\90057259\agent_0_observation_logs.json;logs\90057259\agent_1_observation_logs.json,success,,2026-08-06T09:59:47.936025Z
3,16422241,Raihan Ramadistra,55177269,1151.0,55177269,90058485,COMPLETED,EPISODE_TYPE_PUBLIC,2026-08-05T01:20:53.704253600Z,2026-08-05T01:21:48.788026400Z,0,55251826,Rmy,55177269,55251826,9714ab5c3996f6cc,648,replays\episode_90058485.json,logs\90058485\agent_0_observation_logs.json;logs\90058485\agent_1_observation_logs.json,success,,2026-08-06T09:59:51.101308Z
11,16561259,@kdcyberdude,55187358,1116.3,55187358,90060409,COMPLETED,EPISODE_TYPE_PUBLIC,2026-08-05T01:32:54.297946500Z,2026-08-05T01:37:00.730596400Z,1,55254018,szlachetny snieg,55254018,55187358,9714ab5c3996f6cc,648,replays\episode_90060409.json,logs\90060409\agent_0_observation_logs.json;logs\90060409\agent_1_observation_logs.json,skipped_existing,,2026-08-06T09:53:26.942454Z
3,16422241,Raihan Ramadistra,55177269,1151.0,55177269,90064495,COMPLETED,EPISODE_TYPE_PUBLIC,2026-08-05T01:56:55.153427500Z,2026-08-05T01:57:47.122028100Z,0,55254018,szlachetny snieg,55177269,55254018,9714ab5c3996f6cc,648,replays\episode_90064495.json,logs\90064495\agent_0_observation_logs.json;logs\90064495\agent_1_observation_logs.json,success,,2026-08-06T09:59:54.202469Z
22,16541765,less,55249896,1072.3,55249896,90064554,COMPLETED,EPISODE_TYPE_PUBLIC,2026-08-05T01:56:55.265395400Z,2026-08-05T01:58:48.761682700Z,1,55252619,Lunariz,55252619,55249896,9714ab5c3996f6cc,648,replays\episode_90064554.json,logs\90064554\agent_0_observation_logs.json;logs\90064554\agent_1_observation_logs.json,skipped_existing,,2026-08-06T09:52:32.937368Z
12,16452116,Sixth Sense,55138264,1113.7,55138264,90064768,COMPLETED,EPISODE_TYPE_PUBLIC,2026-08-05T01:56:55.724950300Z,2026-08-05T01:58:01.145268Z,0,55221290,MissingNo.,55138264,55221290,9714ab5c3996f6cc,648,replays\episode_90064768.json,logs\90064768\agent_0_observation_logs.json;logs\90064768\agent_1_observation_logs.json,success,,2026-08-06T10:01:35.224840Z
12,16452116,Sixth Sense,55138264,1113.7,55138264,90066539,COMPLETED,EPISODE_TYPE_PUBLIC,2026-08-05T02:08:54.596275600Z,2026-08-05T02:09:53.821814100Z,1,55254018,szlachetny snieg,55254018,55138264,9714ab5c3996f6cc,648,replays\episode_90066539.json,logs\90066539\agent_0_observation_logs.json;logs\90066539\agent_1_observation_logs.json,success,,2026-08-06T10:01:37.866989Z
11,16561259,@kdcyberdude,55187358,1116.3,55187358,90076796,COMPLETED,EPISODE_TYPE_PUBLIC,2026-08-05T03:08:54.204346600Z,2026-08-05T03:11:08.111104200Z,0,55188658,James Cox & Henry Chao,55187358,55188658,9714ab5c3996f6cc,648,replays\episode_90076796.json,logs\90076796\agent_0_observation_logs.json;logs\90076796\agent_1_observation_logs.json,skipped_existing,,2026-08-06T09:53:27.257050Z
12,16452116,Sixth Sense,55138264,1113.7,55138264,90078104,COMPLETED,EPISODE_TYPE_PUBLIC,2026-08-05T03:16:53.707225500Z,2026-08-05T03:17:49.328516600Z,1,55253275,PP kawada,55253275,55138264,9714ab5c3996f6cc,648,replays\episode_90078104.json,logs\90078104\agent_0_observation_logs.json;logs\90078104\agent_1_observation_logs.json,success,,2026-08-06T10:01:40.843244Z
3,16422241,Raihan Ramadistra,55177269,1151.0,55177269,90078853,COMPLETED,EPISODE_TYPE_PUBLIC,2026-08-05T03:20:53.901930500Z,2026-08-05T03:22:11.842911600Z,1,55252151,カントー地方マスター(KantoRegionMaster),55252151,55177269,9714ab5c3996f6cc,648,replays\episode_90078853.json,logs\90078853\agent_0_observation_logs.json;logs\90078853\agent_1_observation_logs.json,success,,2026-08-06T09:59:57.534416Z
22,16541765,less,55249896,1072.3,55249896,90080185,COMPLETED,EPISODE_TYPE_PUBLIC,2026-08-05T03:28:54.316448800Z,2026-08-05T03:29:50.801135400Z,1,55186239,Majkel1337,55186239,55249896,9714ab5c3996f6cc,648,replays\episode_90080185.json,logs\90080185\agent_0_observation_logs.json;logs\90080185\agent_1_observation_logs.json,skipped_existing,,2026-08-06T09:52:33.734621Z
3,16422241,Raihan Ramadistra,55177269,1151.0,55177269,90080864,COMPLETED,EPISODE_TYPE_PUBLIC,2026-08-05T03:32:55.122771300Z,2026-08-05T03:34:07.814373700Z,0,55186239,Majkel1337,55177269,55186239,9714ab5c3996f6cc,648,replays\episode_90080864.json,logs\90080864\agent_0_observation_logs.json;logs\90080864\agent_1_observation_logs.json,success,,2026-08-06T10:00:00.404408Z
3,16422241,Raihan Ramadistra,55177269,1151.0,55177269,90080961,COMPLETED,EPISODE_TYPE_PUBLIC,2026-08-05T03:32:55.357927600Z,2026-08-05T03:34:00.918296100Z,1,55198468,M Sato,55198468,55177269,9714ab5c3996f6cc,648,replays\episode_90080961.json,logs\90080961\agent_0_observation_logs.json;logs\90080961\agent_1_observation_logs.json,success,,2026-08-06T10:00:02.907242Z
3,16422241,Raihan Ramadistra,55177269,1151.0,55177269,90081581,COMPLETED,EPISODE_TYPE_PUBLIC,2026-08-05T03:36:55.562352300Z,2026-08-05T03:39:37.371423900Z,1,55199855,tw_shin,55199855,55177269,9714ab5c3996f6cc,648,replays\episode_90081581.json,logs\90081581\agent_0_observation_logs.json;logs\90081581\agent_1_observation_logs.json,success,,2026-08-06T10:00:04.410863Z
3,16422241,Raihan Ramadistra,55177269,1151.0,55177269,90084239,COMPLETED,EPISODE_TYPE_PUBLIC,2026-08-05T03:52:53.778682Z,2026-08-05T03:53:51.541344700Z,1,55186239,Majkel1337,55186239,55177269,9714ab5c3996f6cc,648,replays\episode_90084239.json,logs\90084239\agent_0_observation_logs.json;logs\90084239\agent_1_observation_logs.json,success,,2026-08-06T10:00:07.078621Z
11,16561259,@kdcyberdude,55187358,1116.3,55187358,90089806,COMPLETED,EPISODE_TYPE_PUBLIC,2026-08-05T04:24:55.374004900Z,2026-08-05T04:27:36.992941900Z,0,55234447,沙裕傑（jay sha）,55187358,55234447,9714ab5c3996f6cc,648,replays\episode_90089806.json,logs\90089806\agent_0_observation_logs.json;logs\90089806\agent_1_observation_logs.json,skipped_existing,,2026-08-06T09:53:27.399585Z
3,16422241,Raihan Ramadistra,55177269,1151.0,55177269,90090168,COMPLETED,EPISODE_TYPE_PUBLIC,2026-08-05T04:28:54.274183900Z,2026-08-05T04:30:11.983561800Z,0,55257433,minoneru,55177269,55257433,9714ab5c3996f6cc,648,replays\episode_90090168.json,logs\90090168\agent_0_observation_logs.json;logs\90090168\agent_1_observation_logs.json,success,,2026-08-06T10:00:09.256674Z
12,16452116,Sixth Sense,55138264,1113.7,55138264,90091787,COMPLETED,EPISODE_TYPE_PUBLIC,2026-08-05T04:36:55.813162Z,2026-08-05T04:38:01.873225400Z,0,55242764,THIRD PTCG Club,55138264,55242764,9714ab5c3996f6cc,648,replays\episode_90091787.json,logs\90091787\agent_0_observation_logs.json;logs\90091787\agent_1_observation_logs.json,success,,2026-08-06T10:01:42.292091Z
11,16561259,@kdcyberdude,55187358,1116.3,55187358,90095036,COMPLETED,EPISODE_TYPE_PUBLIC,2026-08-05T04:56:53.562791600Z,2026-08-05T05:01:32.962106100Z,1,55255892,想要成为kaggle大师,55255892,55187358,9714ab5c3996f6cc,648,replays\episode_90095036.json,logs\90095036\agent_0_observation_logs.json;logs\90095036\agent_1_observation_logs.json,skipped_existing,,2026-08-06T09:53:27.542052Z
22,16541765,less,55249896,1072.3,55249896,90095174,COMPLETED,EPISODE_TYPE_PUBLIC,2026-08-05T04:56:53.806385500Z,2026-08-05T04:57:46.602247300Z,1,55188658,James Cox & Henry Chao,55188658,55249896,9714ab5c3996f6cc,648,replays\episode_90095174.json,logs\90095174\agent_0_observation_logs.json;logs\90095174\agent_1_observation_logs.json,skipped_existing,,2026-08-06T09:52:34.168303Z
11,16561259,@kdcyberdude,55187358,1116.3,55187358,90096976,COMPLETED,EPISODE_TYPE_PUBLIC,2026-08-05T05:08:55.065453Z,2026-08-05T05:13:17.436846900Z,0,55257505,Marshall Maximizer,55187358,55257505,9714ab5c3996f6cc,648,replays\episode_90096976.json,logs\90096976\agent_0_observation_logs.json;logs\90096976\agent_1_observation_logs.json,skipped_existing,,2026-08-06T09:53:28.024452Z
3,16422241,Raihan Ramadistra,55177269,1151.0,55177269,90099178,COMPLETED,EPISODE_TYPE_PUBLIC,2026-08-05T05:20:58.701101700Z,2026-08-05T05:22:25.081829200Z,1,55186239,Majkel1337,55186239,55177269,9714ab5c3996f6cc,648,replays\episode_90099178.json,logs\90099178\agent_0_observation_logs.json;logs\90099178\agent_1_observation_logs.json,success,,2026-08-06T10:00:11.592430Z
3,16422241,Raihan Ramadistra,55177269,1151.0,55177269,90099286,COMPLETED,EPISODE_TYPE_PUBLIC,2026-08-05T05:20:58.872662100Z,2026-08-05T05:22:39.032906900Z,0,55255892,想要成为kaggle大师,55177269,55255892,9714ab5c3996f6cc,648,replays\episode_90099286.json,logs\90099286\agent_0_observation_logs.json;logs\90099286\agent_1_observation_logs.json,success,,2026-08-06T10:00:14.345774Z
3,16422241,Raihan Ramadistra,55177269,1151.0,55177269,90099816,COMPLETED,EPISODE_TYPE_PUBLIC,2026-08-05T05:24:54.104520700Z,2026-08-05T05:26:13.875483700Z,1,55186239,Majkel1337,55186239,55177269,9714ab5c3996f6cc,648,replays\episode_90099816.json,logs\90099816\agent_0_observation_logs.json;logs\90099816\agent_1_observation_logs.json,success,,2026-08-06T10:00:16.548221Z
3,16422241,Raihan Ramadistra,55177269,1151.0,55177269,90100403,COMPLETED,EPISODE_TYPE_PUBLIC,2026-08-05T05:28:53.631960100Z,2026-08-05T05:30:59.165299400Z,0,55257505,Marshall Maximizer,55177269,55257505,9714ab5c3996f6cc,648,replays\episode_90100403.json,logs\90100403\agent_0_observation_logs.json;logs\90100403\agent_1_observation_logs.json,success,,2026-08-06T10:00:19.843984Z
12,16452116,Sixth Sense,55138264,1113.7,55138264,90101078,COMPLETED,EPISODE_TYPE_PUBLIC,2026-08-05T05:32:54.891699400Z,2026-08-05T05:34:22.581958300Z,1,55257505,Marshall Maximizer,55257505,55138264,9714ab5c3996f6cc,648,replays\episode_90101078.json,logs\90101078\agent_0_observation_logs.json;logs\90101078\agent_1_observation_logs.json,success,,2026-08-06T10:01:45.312013Z
3,16422241,Raihan Ramadistra,55177269,1151.0,55177269,90105354,COMPLETED,EPISODE_TYPE_PUBLIC,2026-08-05T05:56:55.497981300Z,2026-08-05T05:58:09.294344Z,0,55186239,Majkel1337,55177269,55186239,9714ab5c3996f6cc,648,replays\episode_90105354.json,logs\90105354\agent_0_observation_logs.json;logs\90105354\agent_1_observation_logs.json,success,,2026-08-06T10:00:22.779287Z
3,16422241,Raihan Ramadistra,55177269,1151.0,55177269,90106724,COMPLETED,EPISODE_TYPE_PUBLIC,2026-08-05T06:04:55.181750600Z,2026-08-05T06:05:46.844381400Z,0,55186239,Majkel1337,55177269,55186239,9714ab5c3996f6cc,648,replays\episode_90106724.json,logs\90106724\agent_0_observation_logs.json;logs\90106724\agent_1_observation_logs.json,success,,2026-08-06T10:00:25.363956Z
11,16561259,@kdcyberdude,55187358,1116.3,55187358,90106763,COMPLETED,EPISODE_TYPE_PUBLIC,2026-08-05T06:04:55.205756500Z,2026-08-05T06:10:22.090322400Z,1,55255892,想要成为kaggle大师,55255892,55187358,9714ab5c3996f6cc,648,replays\episode_90106763.json,logs\90106763\agent_0_observation_logs.json;logs\90106763\agent_1_observation_logs.json,skipped_existing,,2026-08-06T09:53:28.359799Z
22,16541765,less,55249896,1072.3,55249896,90108128,COMPLETED,EPISODE_TYPE_PUBLIC,2026-08-05T06:12:54.400993500Z,2026-08-05T06:13:55.106012600Z,0,55237972,Gijs Smit,55249896,55237972,9714ab5c3996f6cc,648,replays\episode_90108128.json,logs\90108128\agent_0_observation_logs.json;logs\90108128\agent_1_observation_logs.json,skipped_existing,,2026-08-06T09:52:34.746773Z
3,16422241,Raihan Ramadistra,55177269,1151.0,55177269,90109354,COMPLETED,EPISODE_TYPE_PUBLIC,2026-08-05T06:20:53.759596100Z,2026-08-05T06:22:26.833587500Z,1,55257505,Marshall Maximizer,55257505,55177269,9714ab5c3996f6cc,648,replays\episode_90109354.json,logs\90109354\agent_0_observation_logs.json;logs\90109354\agent_1_observation_logs.json,success,,2026-08-06T10:00:27.168279Z
11,16561259,@kdcyberdude,55187358,1116.3,55187358,90110815,COMPLETED,EPISODE_TYPE_PUBLIC,2026-08-05T06:28:54.158488900Z,2026-08-05T06:32:25.036527600Z,0,55255892,想要成为kaggle大师,55187358,55255892,9714ab5c3996f6cc,648,replays\episode_90110815.json,logs\90110815\agent_0_observation_logs.json;logs\90110815\agent_1_observation_logs.json,success,,2026-08-06T09:53:28.764280Z
12,16452116,Sixth Sense,55138264,1113.7,55138264,90111557,COMPLETED,EPISODE_TYPE_PUBLIC,2026-08-05T06:32:54.752154500Z,2026-08-05T06:33:44.788724700Z,0,54864438,Ishan Kapoor,55138264,54864438,9714ab5c3996f6cc,648,replays\episode_90111557.json,logs\90111557\agent_0_observation_logs.json;logs\90111557\agent_1_observation_logs.json,success,,2026-08-06T10:01:48.032356Z
3,16422241,Raihan Ramadistra,55177269,1151.0,55177269,90112838,COMPLETED,EPISODE_TYPE_PUBLIC,2026-08-05T06:40:54.194910700Z,2026-08-05T06:42:14.334519300Z,0,55186239,Majkel1337,55177269,55186239,9714ab5c3996f6cc,648,replays\episode_90112838.json,logs\90112838\agent_0_observation_logs.json;logs\90112838\agent_1_observation_logs.json,success,,2026-08-06T10:00:29.361828Z
11,16561259,@kdcyberdude,55187358,1116.3,55187358,90115670,COMPLETED,EPISODE_TYPE_PUBLIC,2026-08-05T06:56:54.394348Z,2026-08-05T06:59:14.519219600Z,0,55202823,Raihan Ramadistra,55187358,55202823,9714ab5c3996f6cc,648,replays\episode_90115670.json,logs\90115670\agent_0_observation_logs.json;logs\90115670\agent_1_observation_logs.json,skipped_existing,,2026-08-06T09:53:32.035592Z
3,16422241,Raihan Ramadistra,55177269,1151.0,55177269,90118243,COMPLETED,EPISODE_TYPE_PUBLIC,2026-08-05T07:12:53.794225800Z,2026-08-05T07:14:04.716816300Z,1,55186239,Majkel1337,55186239,55177269,9714ab5c3996f6cc,648,replays\episode_90118243.json,logs\90118243\agent_0_observation_logs.json;logs\90118243\agent_1_observation_logs.json,success,,2026-08-06T10:00:32.855498Z
3,16422241,Raihan Ramadistra,55177269,1151.0,55177269,90118335,COMPLETED,EPISODE_TYPE_PUBLIC,2026-08-05T07:12:53.983Z,2026-08-05T07:13:58.526330700Z,1,55248965,LiamK,55248965,55177269,9714ab5c3996f6cc,648,replays\episode_90118335.json,logs\90118335\agent_0_observation_logs.json;logs\90118335\agent_1_observation_logs.json,success,,2026-08-06T10:00:35.861798Z
3,16422241,Raihan Ramadistra,55177269,1151.0,55177269,90118928,COMPLETED,EPISODE_TYPE_PUBLIC,2026-08-05T07:16:53.703870100Z,2026-08-05T07:17:48.406490700Z,0,55186239,Majkel1337,55177269,55186239,9714ab5c3996f6cc,648,replays\episode_90118928.json,logs\90118928\agent_0_observation_logs.json;logs\90118928\agent_1_observation_logs.json,success,,2026-08-06T10:00:38.849767Z
3,16422241,Raihan Ramadistra,55177269,1151.0,55177269,90119626,COMPLETED,EPISODE_TYPE_PUBLIC,2026-08-05T07:20:53.761274200Z,2026-08-05T07:21:59.529220500Z,0,55186239,Majkel1337,55177269,55186239,9714ab5c3996f6cc,648,replays\episode_90119626.json,logs\90119626\agent_0_observation_logs.json;logs\90119626\agent_1_observation_logs.json,success,,2026-08-06T10:00:40.306687Z
3,16422241,Raihan Ramadistra,55177269,1151.0,55177269,90120986,COMPLETED,EPISODE_TYPE_PUBLIC,2026-08-05T07:28:54.106106800Z,2026-08-05T07:30:08.790024100Z,0,55186239,Majkel1337,55177269,55186239,9714ab5c3996f6cc,648,replays\episode_90120986.json,logs\90120986\agent_0_observation_logs.json;logs\90120986\agent_1_observation_logs.json,success,,2026-08-06T10:00:42.728136Z
22,16541765,less,55249896,1072.3,55249896,90121049,COMPLETED,EPISODE_TYPE_PUBLIC,2026-08-05T07:28:54.272524400Z,2026-08-05T07:30:14.544666100Z,0,55261542,Kilupy,55249896,55261542,9714ab5c3996f6cc,648,replays\episode_90121049.json,logs\90121049\agent_0_observation_logs.json;logs\90121049\agent_1_observation_logs.json,skipped_existing,,2026-08-06T09:52:35.127420Z
12,16452116,Sixth Sense,55138264,1113.7,55138264,90121770,COMPLETED,EPISODE_TYPE_PUBLIC,2026-08-05T07:32:53.873149700Z,2026-08-05T07:33:47.568795100Z,0,55251826,Rmy,55138264,55251826,9714ab5c3996f6cc,648,replays\episode_90121770.json,logs\90121770\agent_0_observation_logs.json;logs\90121770\agent_1_observation_logs.json,success,,2026-08-06T10:01:50.514538Z
3,16422241,Raihan Ramadistra,55177269,1151.0,55177269,90122350,COMPLETED,EPISODE_TYPE_PUBLIC,2026-08-05T07:36:57.189387800Z,2026-08-05T07:38:05.379899300Z,0,55186239,Majkel1337,55177269,55186239,9714ab5c3996f6cc,648,replays\episode_90122350.json,logs\90122350\agent_0_observation_logs.json;logs\90122350\agent_1_observation_logs.json,success,,2026-08-06T10:00:45.157465Z
3,16422241,Raihan Ramadistra,55177269,1151.0,55177269,90123031,COMPLETED,EPISODE_TYPE_PUBLIC,2026-08-05T07:40:55.457884100Z,2026-08-05T07:41:58.209881600Z,1,55186239,Majkel1337,55186239,55177269,9714ab5c3996f6cc,648,replays\episode_90123031.json,logs\90123031\agent_0_observation_logs.json;logs\90123031\agent_1_observation_logs.json,success,,2026-08-06T10:00:48.438453Z
12,16452116,Sixth Sense,55138264,1113.7,55138264,90124893,COMPLETED,EPISODE_TYPE_PUBLIC,2026-08-05T07:52:53.530629400Z,2026-08-05T07:58:10.380222100Z,1,55261261,DavidFreelan,55261261,55138264,9714ab5c3996f6cc,648,replays\episode_90124893.json,logs\90124893\agent_0_observation_logs.json;logs\90124893\agent_1_observation_logs.json,success,,2026-08-06T10:01:53.300055Z
3,16422241,Raihan Ramadistra,55177269,1151.0,55177269,90125090,COMPLETED,EPISODE_TYPE_PUBLIC,2026-08-05T07:52:53.850214200Z,2026-08-05T07:53:57.618477300Z,0,55186239,Majkel1337,55177269,55186239,9714ab5c3996f6cc,648,replays\episode_90125090.json,logs\90125090\agent_0_observation_logs.json;logs\90125090\agent_1_observation_logs.json,success,,2026-08-06T10:00:50.871887Z
11,16561259,@kdcyberdude,55187358,1116.3,55187358,90125862,COMPLETED,EPISODE_TYPE_PUBLIC,2026-08-05T07:56:53.961838700Z,2026-08-05T07:59:46.120060300Z,1,55260735,Senn88,55260735,55187358,9714ab5c3996f6cc,648,replays\episode_90125862.json,logs\90125862\agent_0_observation_logs.json;logs\90125862\agent_1_observation_logs.json,success,,2026-08-06T09:53:32.745095Z
3,16422241,Raihan Ramadistra,55177269,1151.0,55177269,90126468,COMPLETED,EPISODE_TYPE_PUBLIC,2026-08-05T08:00:54.160381Z,2026-08-05T08:02:04.322500200Z,1,55186239,Majkel1337,55186239,55177269,9714ab5c3996f6cc,648,replays\episode_90126468.json,logs\90126468\agent_0_observation_logs.json;logs\90126468\agent_1_observation_logs.json,success,,2026-08-06T10:00:53.967915Z
11,16561259,@kdcyberdude,55187358,1116.3,55187358,90127139,COMPLETED,EPISODE_TYPE_PUBLIC,2026-08-05T08:04:55.173307400Z,2026-08-05T08:07:03.657239Z,1,55186239,Majkel1337,55186239,55187358,9714ab5c3996f6cc,648,replays\episode_90127139.json,logs\90127139\agent_0_observation_logs.json;logs\90127139\agent_1_observation_logs.json,success,,2026-08-06T09:53:34.255570Z
3,16422241,Raihan Ramadistra,55177269,1151.0,55177269,90127813,COMPLETED,EPISODE_TYPE_PUBLIC,2026-08-05T08:08:55.776270100Z,2026-08-05T08:09:54.788657500Z,1,55186239,Majkel1337,55186239,55177269,9714ab5c3996f6cc,648,replays\episode_90127813.json,logs\90127813\agent_0_observation_logs.json;logs\90127813\agent_1_observation_logs.json,success,,2026-08-06T10:00:57.168100Z
11,16561259,@kdcyberdude,55187358,1116.3,55187358,90129770,COMPLETED,EPISODE_TYPE_PUBLIC,2026-08-05T08:20:53.395708800Z,2026-08-05T08:23:52.520773Z,0,55259808,Luca,55187358,55259808,9714ab5c3996f6cc,648,replays\episode_90129770.json,logs\90129770\agent_0_observation_logs.json;logs\90129770\agent_1_observation_logs.json,failed,agent_0: JSONDecodeError: Expecting value: line 1 column 1 (char 0),2026-08-06T09:53:36.751284Z
3,16422241,Raihan Ramadistra,55177269,1151.0,55177269,90130519,COMPLETED,EPISODE_TYPE_PUBLIC,2026-08-05T08:24:54.976190500Z,2026-08-05T08:26:10.593970900Z,1,55186239,Majkel1337,55186239,55177269,9714ab5c3996f6cc,648,replays\episode_90130519.json,logs\90130519\agent_0_observation_logs.json;logs\90130519\agent_1_observation_logs.json,success,,2026-08-06T10:01:00.037194Z
22,16541765,less,55249896,1072.3,55249896,90135428,COMPLETED,EPISODE_TYPE_PUBLIC,2026-08-05T08:52:53.767614200Z,2026-08-05T08:54:01.591940800Z,0,55221290,MissingNo.,55249896,55221290,9714ab5c3996f6cc,648,replays\episode_90135428.json,logs\90135428\agent_0_observation_logs.json;logs\90135428\agent_1_observation_logs.json,skipped_existing,,2026-08-06T09:52:35.483572Z
12,16452116,Sixth Sense,55138264,1113.7,55138264,90135992,COMPLETED,EPISODE_TYPE_PUBLIC,2026-08-05T08:56:54.169492800Z,2026-08-05T09:07:37.925866600Z,0,55259808,Luca,55138264,55259808,9714ab5c3996f6cc,648,replays\episode_90135992.json,logs\90135992\agent_0_observation_logs.json;logs\90135992\agent_1_observation_logs.json,success,,2026-08-06T10:01:56.596018Z
3,16422241,Raihan Ramadistra,55177269,1151.0,55177269,90138070,COMPLETED,EPISODE_TYPE_PUBLIC,2026-08-05T09:08:53.765227500Z,2026-08-05T09:09:45.319549Z,1,55259808,Luca,55259808,55177269,9714ab5c3996f6cc,648,replays\episode_90138070.json,logs\90138070\agent_0_observation_logs.json;logs\90138070\agent_1_observation_logs.json,success,,2026-08-06T10:01:03.757398Z
3,16422241,Raihan Ramadistra,55177269,1151.0,55177269,90138165,COMPLETED,EPISODE_TYPE_PUBLIC,2026-08-05T09:08:53.881244500Z,2026-08-05T09:09:49.112292900Z,0,55221290,MissingNo.,55177269,55221290,9714ab5c3996f6cc,648,replays\episode_90138165.json,logs\90138165\agent_0_observation_logs.json;logs\90138165\agent_1_observation_logs.json,success,,2026-08-06T10:01:04.954426Z
11,16561259,@kdcyberdude,55187358,1116.3,55187358,90142284,COMPLETED,EPISODE_TYPE_PUBLIC,2026-08-05T09:32:55.616080500Z,2026-08-05T09:35:48.031985700Z,1,55229706,LumenLiquidity,55229706,55187358,9714ab5c3996f6cc,648,replays\episode_90142284.json,logs\90142284\agent_0_observation_logs.json;logs\90142284\agent_1_observation_logs.json,success,,2026-08-06T09:53:40.461771Z
3,16422241,Raihan Ramadistra,55177269,1151.0,55177269,90144280,COMPLETED,EPISODE_TYPE_PUBLIC,2026-08-05T09:44:53.786201100Z,2026-08-05T09:46:00.941741600Z,1,55259808,Luca,55259808,55177269,9714ab5c3996f6cc,648,replays\episode_90144280.json,logs\90144280\agent_0_observation_logs.json;logs\90144280\agent_1_observation_logs.json,success,,2026-08-06T10:01:07.191278Z
22,16541765,less,55249896,1072.3,55249896,90144980,COMPLETED,EPISODE_TYPE_PUBLIC,2026-08-05T09:48:53.563269100Z,2026-08-05T09:49:57.406286500Z,0,55259808,Luca,55249896,55259808,9714ab5c3996f6cc,648,replays\episode_90144980.json,logs\90144980\agent_0_observation_logs.json;logs\90144980\agent_1_observation_logs.json,skipped_existing,,2026-08-06T09:52:35.993203Z
22,16541765,less,55249896,1072.3,55249896,90147775,COMPLETED,EPISODE_TYPE_PUBLIC,2026-08-05T10:04:58.757822Z,2026-08-05T10:06:01.244768500Z,1,55248965,LiamK,55248965,55249896,9714ab5c3996f6cc,648,replays\episode_90147775.json,logs\90147775\agent_0_observation_logs.json;logs\90147775\agent_1_observation_logs.json,skipped_existing,,2026-08-06T09:52:36.244050Z
12,16452116,Sixth Sense,55138264,1113.7,55138264,90148474,COMPLETED,EPISODE_TYPE_PUBLIC,2026-08-05T10:08:53.556035300Z,2026-08-05T10:09:55.939513700Z,1,55230940,cununn,55230940,55138264,9714ab5c3996f6cc,648,replays\episode_90148474.json,logs\90148474\agent_0_observation_logs.json;logs\90148474\agent_1_observation_logs.json,success,,2026-08-06T10:01:59.036198Z
12,16452116,Sixth Sense,55138264,1113.7,55138264,90150265,COMPLETED,EPISODE_TYPE_PUBLIC,2026-08-05T10:20:55.786323200Z,2026-08-05T10:22:00.426034900Z,1,55265840,THIRD PTCG Club,55265840,55138264,9714ab5c3996f6cc,648,replays\episode_90150265.json,logs\90150265\agent_0_observation_logs.json;logs\90150265\agent_1_observation_logs.json,success,,2026-08-06T10:02:00.342814Z
3,16422241,Raihan Ramadistra,55177269,1151.0,55177269,90150593,COMPLETED,EPISODE_TYPE_PUBLIC,2026-08-05T10:20:56.291452400Z,2026-08-05T10:21:56.460731400Z,0,55033309,flg,55177269,55033309,9714ab5c3996f6cc,648,replays\episode_90150593.json,logs\90150593\agent_0_observation_logs.json;logs\90150593\agent_1_observation_logs.json,success,,2026-08-06T10:01:10.179546Z
11,16561259,@kdcyberdude,55187358,1116.3,55187358,90153256,COMPLETED,EPISODE_TYPE_PUBLIC,2026-08-05T10:36:55.584775800Z,2026-08-05T10:39:53.822762800Z,1,55198468,M Sato,55198468,55187358,9714ab5c3996f6cc,648,replays\episode_90153256.json,logs\90153256\agent_0_observation_logs.json;logs\90153256\agent_1_observation_logs.json,success,,2026-08-06T09:53:43.906259Z
3,16422241,Raihan Ramadistra,55177269,1151.0,55177269,90154680,COMPLETED,EPISODE_TYPE_PUBLIC,2026-08-05T10:45:00.180467500Z,2026-08-05T10:47:08.755039200Z,1,55081289,Gregers Rygg,55081289,55177269,9714ab5c3996f6cc,648,replays\episode_90154680.json,logs\90154680\agent_0_observation_logs.json;logs\90154680\agent_1_observation_logs.json,success,,2026-08-06T10:01:13.521183Z
3,16422241,Raihan Ramadistra,55177269,1151.0,55177269,90157389,COMPLETED,EPISODE_TYPE_PUBLIC,2026-08-05T11:00:56.162476Z,2026-08-05T11:01:54.249221600Z,0,55259808,Luca,55177269,55259808,9714ab5c3996f6cc,648,replays\episode_90157389.json,logs\90157389\agent_0_observation_logs.json;logs\90157389\agent_1_observation_logs.json,success,,2026-08-06T10:01:16.803047Z
3,16422241,Raihan Ramadistra,55177269,1151.0,55177269,90158081,COMPLETED,EPISODE_TYPE_PUBLIC,2026-08-05T11:04:57.571550800Z,2026-08-05T11:05:55.536966100Z,1,54147767,Jotaro,54147767,55177269,9714ab5c3996f6cc,648,replays\episode_90158081.json,logs\90158081\agent_0_observation_logs.json;logs\90158081\agent_1_observation_logs.json,success,,2026-08-06T10:01:18.709267Z
22,16541765,less,55249896,1072.3,55249896,90158523,COMPLETED,EPISODE_TYPE_PUBLIC,2026-08-05T11:08:55.691496700Z,2026-08-05T11:09:52.133110400Z,1,55266142,LumenLiquidity,55266142,55249896,9714ab5c3996f6cc,648,replays\episode_90158523.json,logs\90158523\agent_0_observation_logs.json;logs\90158523\agent_1_observation_logs.json,skipped_existing,,2026-08-06T09:52:36.404667Z
3,16422241,Raihan Ramadistra,55177269,1151.0,55177269,90158769,COMPLETED,EPISODE_TYPE_PUBLIC,2026-08-05T11:08:56.087763400Z,2026-08-05T11:10:17.013580500Z,0,55221290,MissingNo.,55177269,55221290,9714ab5c3996f6cc,648,replays\episode_90158769.json,logs\90158769\agent_0_observation_logs.json;logs\90158769\agent_1_observation_logs.json,success,,2026-08-06T10:01:21.438251Z
12,16452116,Sixth Sense,55138264,1113.7,55138264,90158799,COMPLETED,EPISODE_TYPE_PUBLIC,2026-08-05T11:08:56.156969900Z,2026-08-05T11:10:17.810848100Z,1,55186239,Majkel1337,55186239,55138264,9714ab5c3996f6cc,648,replays\episode_90158799.json,logs\90158799\agent_0_observation_logs.json;logs\90158799\agent_1_observation_logs.json,success,,2026-08-06T10:02:02.197076Z
3,16422241,Raihan Ramadistra,55177269,1151.0,55177269,90159470,COMPLETED,EPISODE_TYPE_PUBLIC,2026-08-05T11:12:56.459553900Z,2026-08-05T11:14:22.141239200Z,0,55186239,Majkel1337,55177269,55186239,9714ab5c3996f6cc,648,replays\episode_90159470.json,logs\90159470\agent_0_observation_logs.json;logs\90159470\agent_1_observation_logs.json,success,,2026-08-06T10:01:26.461984Z
3,16422241,Raihan Ramadistra,55177269,1151.0,55177269,90160119,COMPLETED,EPISODE_TYPE_PUBLIC,2026-08-05T11:16:58.019621900Z,2026-08-05T11:18:15.767189200Z,1,54773249,AlphaStarmie,54773249,55177269,9714ab5c3996f6cc,648,replays\episode_90160119.json,logs\90160119\agent_0_observation_logs.json;logs\90160119\agent_1_observation_logs.json,success,,2026-08-06T10:01:29.581124Z
3,16422241,Raihan Ramadistra,55177269,1151.0,55177269,90160772,COMPLETED,EPISODE_TYPE_PUBLIC,2026-08-05T11:20:56.063444Z,2026-08-05T11:21:43.440149600Z,1,55214482,ShumpeiNomura,55214482,55177269,9714ab5c3996f6cc,648,replays\episode_90160772.json,logs\90160772\agent_0_observation_logs.json;logs\90160772\agent_1_observation_logs.json,success,,2026-08-06T10:01:32.618464Z
3,16422241,Raihan Ramadistra,55177269,1151.0,55177269,90160818,COMPLETED,EPISODE_TYPE_PUBLIC,2026-08-05T11:20:56.111336400Z,2026-08-05T11:22:12.303844200Z,1,55186239,Majkel1337,55186239,55177269,9714ab5c3996f6cc,648,replays\episode_90160818.json,logs\90160818\agent_0_observation_logs.json;logs\90160818\agent_1_observation_logs.json,success,,2026-08-06T10:01:33.697503Z
3,16422241,Raihan Ramadistra,55177269,1151.0,55177269,90161453,COMPLETED,EPISODE_TYPE_PUBLIC,2026-08-05T11:24:56.800007400Z,2026-08-05T11:26:15.877137Z,0,54773249,AlphaStarmie,55177269,54773249,9714ab5c3996f6cc,648,replays\episode_90161453.json,logs\90161453\agent_0_observation_logs.json;logs\90161453\agent_1_observation_logs.json,success,,2026-08-06T10:01:36.345769Z
11,16561259,@kdcyberdude,55187358,1116.3,55187358,90161496,COMPLETED,EPISODE_TYPE_PUBLIC,2026-08-05T11:24:56.881864700Z,2026-08-05T11:27:54.724839400Z,0,55157029,Brahim,55187358,55157029,9714ab5c3996f6cc,648,replays\episode_90161496.json,logs\90161496\agent_0_observation_logs.json;logs\90161496\agent_1_observation_logs.json,success,,2026-08-06T09:53:46.860696Z
3,16422241,Raihan Ramadistra,55177269,1151.0,55177269,90162137,COMPLETED,EPISODE_TYPE_PUBLIC,2026-08-05T11:28:55.812809100Z,2026-08-05T11:30:28.050370800Z,1,55186239,Majkel1337,55186239,55177269,9714ab5c3996f6cc,648,replays\episode_90162137.json,logs\90162137\agent_0_observation_logs.json;logs\90162137\agent_1_observation_logs.json,success,,2026-08-06T10:01:39.034293Z
3,16422241,Raihan Ramadistra,55177269,1151.0,55177269,90162822,COMPLETED,EPISODE_TYPE_PUBLIC,2026-08-05T11:32:56.056664300Z,2026-08-05T11:33:57.535481700Z,0,55186239,Majkel1337,55177269,55186239,9714ab5c3996f6cc,648,replays\episode_90162822.json,logs\90162822\agent_0_observation_logs.json;logs\90162822\agent_1_observation_logs.json,success,,2026-08-06T10:01:41.062621Z
11,16561259,@kdcyberdude,55187358,1116.3,55187358,90162866,COMPLETED,EPISODE_TYPE_PUBLIC,2026-08-05T11:32:56.118834800Z,2026-08-05T11:36:15.325669600Z,0,55186239,Majkel1337,55187358,55186239,9714ab5c3996f6cc,648,replays\episode_90162866.json,logs\90162866\agent_0_observation_logs.json;logs\90162866\agent_1_observation_logs.json,success,,2026-08-06T09:53:50.145564Z
3,16422241,Raihan Ramadistra,55177269,1151.0,55177269,90163503,COMPLETED,EPISODE_TYPE_PUBLIC,2026-08-05T11:36:57.085047600Z,2026-08-05T11:38:00.649349800Z,1,55198468,M Sato,55198468,55177269,9714ab5c3996f6cc,648,replays\episode_90163503.json,logs\90163503\agent_0_observation_logs.json;logs\90163503\agent_1_observation_logs.json,success,,2026-08-06T10:01:43.804605Z
3,16422241,Raihan Ramadistra,55177269,1151.0,55177269,90164199,COMPLETED,EPISODE_TYPE_PUBLIC,2026-08-05T11:40:57.609367800Z,2026-08-05T11:41:44.915099700Z,0,55258074,GPT-5.6 Sol🏆,55177269,55258074,9714ab5c3996f6cc,648,replays\episode_90164199.json,logs\90164199\agent_0_observation_logs.json;logs\90164199\agent_1_observation_logs.json,success,,2026-08-06T10:01:46.961737Z
3,16422241,Raihan Ramadistra,55177269,1151.0,55177269,90164829,COMPLETED,EPISODE_TYPE_PUBLIC,2026-08-05T11:44:55.990062400Z,2026-08-05T11:47:25.247540600Z,0,55184021,李秉叡（ntumlnoob）,55177269,55184021,9714ab5c3996f6cc,648,replays\episode_90164829.json,logs\90164829\agent_0_observation_logs.json;logs\90164829\agent_1_observation_logs.json,success,,2026-08-06T10:01:48.840315Z
3,16422241,Raihan Ramadistra,55177269,1151.0,55177269,90165589,COMPLETED,EPISODE_TYPE_PUBLIC,2026-08-05T11:48:56.173993Z,2026-08-05T11:49:49.943402200Z,0,55198468,M Sato,55177269,55198468,9714ab5c3996f6cc,648,replays\episode_90165589.json,logs\90165589\agent_0_observation_logs.json;logs\90165589\agent_1_observation_logs.json,success,,2026-08-06T10:01:50.763198Z
3,16422241,Raihan Ramadistra,55177269,1151.0,55177269,90166280,COMPLETED,EPISODE_TYPE_PUBLIC,2026-08-05T11:52:57.360870500Z,2026-08-05T11:54:08.472419700Z,1,55033309,flg,55033309,55177269,9714ab5c3996f6cc,648,replays\episode_90166280.json,logs\90166280\agent_0_observation_logs.json;logs\90166280\agent_1_observation_logs.json,success,,2026-08-06T10:01:53.377477Z
12,16452116,Sixth Sense,55138264,1113.7,55138264,90166356,COMPLETED,EPISODE_TYPE_PUBLIC,2026-08-05T11:52:57.471803600Z,2026-08-05T11:53:58.988935200Z,0,55258232,Yaroslav,55138264,55258232,9714ab5c3996f6cc,648,replays\episode_90166356.json,logs\90166356\agent_0_observation_logs.json;logs\90166356\agent_1_observation_logs.json,success,,2026-08-06T10:02:05.141733Z
3,16422241,Raihan Ramadistra,55177269,1151.0,55177269,90166981,COMPLETED,EPISODE_TYPE_PUBLIC,2026-08-05T11:56:56.359710Z,2026-08-05T11:57:55.710841100Z,1,54034712,Brian Altan,54034712,55177269,9714ab5c3996f6cc,648,replays\episode_90166981.json,logs\90166981\agent_0_observation_logs.json;logs\90166981\agent_1_observation_logs.json,success,,2026-08-06T10:01:56.270904Z
3,16422241,Raihan Ramadistra,55177269,1151.0,55177269,90167674,COMPLETED,EPISODE_TYPE_PUBLIC,2026-08-05T12:00:56.914553100Z,2026-08-05T12:01:53.712951200Z,1,55186239,Majkel1337,55186239,55177269,9714ab5c3996f6cc,648,replays\episode_90167674.json,logs\90167674\agent_0_observation_logs.json;logs\90167674\agent_1_observation_logs.json,success,,2026-08-06T10:01:58.505756Z
3,16422241,Raihan Ramadistra,55177269,1151.0,55177269,90168441,COMPLETED,EPISODE_TYPE_PUBLIC,2026-08-05T12:04:56.860020500Z,2026-08-05T12:05:47.807445700Z,1,55188658,James Cox & Henry Chao,55188658,55177269,9714ab5c3996f6cc,648,replays\episode_90168441.json,logs\90168441\agent_0_observation_logs.json;logs\90168441\agent_1_observation_logs.json,success,,2026-08-06T10:02:01.118264Z
11,16561259,@kdcyberdude,55187358,1116.3,55187358,90168445,COMPLETED,EPISODE_TYPE_PUBLIC,2026-08-05T12:04:56.859622700Z,2026-08-05T12:09:14.736336300Z,1,55248965,LiamK,55248965,55187358,9714ab5c3996f6cc,648,replays\episode_90168445.json,logs\90168445\agent_0_observation_logs.json;logs\90168445\agent_1_observation_logs.json,success,,2026-08-06T09:53:53.917050Z
3,16422241,Raihan Ramadistra,55177269,1151.0,55177269,90169097,COMPLETED,EPISODE_TYPE_PUBLIC,2026-08-05T12:08:56.684007600Z,2026-08-05T12:09:50.118311500Z,1,55259808,Luca,55259808,55177269,9714ab5c3996f6cc,648,replays\episode_90169097.json,logs\90169097\agent_0_observation_logs.json;logs\90169097\agent_1_observation_logs.json,success,,2026-08-06T10:02:03.200833Z
3,16422241,Raihan Ramadistra,55177269,1151.0,55177269,90169801,COMPLETED,EPISODE_TYPE_PUBLIC,2026-08-05T12:12:56.009492200Z,2026-08-05T12:15:26.501735300Z,1,55184021,李秉叡（ntumlnoob）,55184021,55177269,9714ab5c3996f6cc,648,replays\episode_90169801.json,logs\90169801\agent_0_observation_logs.json;logs\90169801\agent_1_observation_logs.json,success,,2026-08-06T10:02:05.810785Z
3,16422241,Raihan Ramadistra,55177269,1151.0,55177269,90170495,COMPLETED,EPISODE_TYPE_PUBLIC,2026-08-05T12:16:55.819168100Z,2026-08-05T12:17:35.599480800Z,1,54854282,sinoyuta,54854282,55177269,9714ab5c3996f6cc,648,replays\episode_90170495.json,logs\90170495\agent_0_observation_logs.json;logs\90170495\agent_1_observation_logs.json,success,,2026-08-06T10:02:08.279066Z
12,16452116,Sixth Sense,55138264,1113.7,55138264,90170501,COMPLETED,EPISODE_TYPE_PUBLIC,2026-08-05T12:16:55.825327Z,2026-08-05T12:18:11.083429100Z,1,55186239,Majkel1337,55186239,55138264,9714ab5c3996f6cc,648,replays\episode_90170501.json,logs\90170501\agent_0_observation_logs.json;logs\90170501\agent_1_observation_logs.json,success,,2026-08-06T10:02:06.937258Z
22,16541765,less,55249896,1072.3,55249896,90170528,COMPLETED,EPISODE_TYPE_PUBLIC,2026-08-05T12:16:55.878339300Z,2026-08-05T12:19:17.323204600Z,1,55255892,想要成为kaggle大师,55255892,55249896,9714ab5c3996f6cc,648,replays\episode_90170528.json,logs\90170528\agent_0_observation_logs.json;logs\90170528\agent_1_observation_logs.json,skipped_existing,,2026-08-06T09:52:36.640228Z
3,16422241,Raihan Ramadistra,55177269,1151.0,55177269,90171209,COMPLETED,EPISODE_TYPE_PUBLIC,2026-08-05T12:20:55.988905Z,2026-08-05T12:21:57.501124900Z,0,55138264,Sixth Sense,55177269,55138264,9714ab5c3996f6cc,648,replays\episode_90171209.json,logs\90171209\agent_0_observation_logs.json;logs\90171209\agent_1_observation_logs.json,skipped_existing,,2026-08-06T10:02:09.950773Z
12,16452116,Sixth Sense,55138264,1113.7,55138264,90171209,COMPLETED,EPISODE_TYPE_PUBLIC,2026-08-05T12:20:55.988905Z,2026-08-05T12:21:57.501124900Z,1,55177269,Raihan Ramadistra,55177269,55138264,9714ab5c3996f6cc,648,replays\episode_90171209.json,logs\90171209\agent_0_observation_logs.json;logs\90171209\agent_1_observation_logs.json,success,,2026-08-06T10:02:09.298603Z
3,16422241,Raihan Ramadistra,55177269,1151.0,55177269,90171889,COMPLETED,EPISODE_TYPE_PUBLIC,2026-08-05T12:24:57.478265400Z,2026-08-05T12:25:52.276355400Z,1,55186239,Majkel1337,55186239,55177269,9714ab5c3996f6cc,648,replays\episode_90171889.json,logs\90171889\agent_0_observation_logs.json;logs\90171889\agent_1_observation_logs.json,success,,2026-08-06T10:02:11.823218Z
3,16422241,Raihan Ramadistra,55177269,1151.0,55177269,90171896,COMPLETED,EPISODE_TYPE_PUBLIC,2026-08-05T12:24:57.478981600Z,2026-08-05T12:25:47.045559600Z,0,55198468,M Sato,55177269,55198468,9714ab5c3996f6cc,648,replays\episode_90171896.json,logs\90171896\agent_0_observation_logs.json;logs\90171896\agent_1_observation_logs.json,success,,2026-08-06T10:02:15.741472Z
3,16422241,Raihan Ramadistra,55177269,1151.0,55177269,90172615,COMPLETED,EPISODE_TYPE_PUBLIC,2026-08-05T12:28:55.778708400Z,2026-08-05T12:29:39.306922100Z,1,55244029,Wenyi Zhang 0421,55244029,55177269,9714ab5c3996f6cc,648,replays\episode_90172615.json,logs\90172615\agent_0_observation_logs.json;logs\90172615\agent_1_observation_logs.json,success,,2026-08-06T10:02:17.130049Z
3,16422241,Raihan Ramadistra,55177269,1151.0,55177269,90173341,COMPLETED,EPISODE_TYPE_PUBLIC,2026-08-05T12:32:55.802478300Z,2026-08-05T12:34:30.447537900Z,1,55259808,Luca,55259808,55177269,9714ab5c3996f6cc,648,replays\episode_90173341.json,logs\90173341\agent_0_observation_logs.json;logs\90173341\agent_1_observation_logs.json,success,,2026-08-06T10:02:19.070950Z
11,16561259,@kdcyberdude,55187358,1116.3,55187358,90174054,COMPLETED,EPISODE_TYPE_PUBLIC,2026-08-05T12:36:56.098236400Z,2026-08-05T12:39:52.857299200Z,0,55177269,Raihan Ramadistra,55187358,55177269,9714ab5c3996f6cc,648,replays\episode_90174054.json,logs\90174054\agent_0_observation_logs.json;logs\90174054\agent_1_observation_logs.json,success,,2026-08-06T09:53:57.595301Z
3,16422241,Raihan Ramadistra,55177269,1151.0,55177269,90174054,COMPLETED,EPISODE_TYPE_PUBLIC,2026-08-05T12:36:56.098236400Z,2026-08-05T12:39:52.857299200Z,1,55187358,@kdcyberdude,55187358,55177269,9714ab5c3996f6cc,648,replays\episode_90174054.json,logs\90174054\agent_0_observation_logs.json;logs\90174054\agent_1_observation_logs.json,skipped_existing,,2026-08-06T10:02:21.922400Z
3,16422241,Raihan Ramadistra,55177269,1151.0,55177269,90174772,COMPLETED,EPISODE_TYPE_PUBLIC,2026-08-05T12:40:57.380276700Z,2026-08-05T12:41:51.598737700Z,0,53777084,masaxsuzu,55177269,53777084,9714ab5c3996f6cc,648,replays\episode_90174772.json,logs\90174772\agent_0_observation_logs.json;logs\90174772\agent_1_observation_logs.json,success,,2026-08-06T10:02:22.422051Z
3,16422241,Raihan Ramadistra,55177269,1151.0,55177269,90175463,COMPLETED,EPISODE_TYPE_PUBLIC,2026-08-05T12:44:57.363462Z,2026-08-05T12:47:56.073196800Z,1,55184021,李秉叡（ntumlnoob）,55184021,55177269,9714ab5c3996f6cc,648,replays\episode_90175463.json,logs\90175463\agent_0_observation_logs.json;logs\90175463\agent_1_observation_logs.json,success,,2026-08-06T10:02:25.104929Z
3,16422241,Raihan Ramadistra,55177269,1151.0,55177269,90176155,COMPLETED,EPISODE_TYPE_PUBLIC,2026-08-05T12:48:56.200505100Z,2026-08-05T12:52:38.094997Z,0,55255892,想要成为kaggle大师,55177269,55255892,9714ab5c3996f6cc,648,replays\episode_90176155.json,logs\90176155\agent_0_observation_logs.json;logs\90176155\agent_1_observation_logs.json,success,,2026-08-06T10:02:28.023594Z
11,16561259,@kdcyberdude,55187358,1116.3,55187358,90179572,COMPLETED,EPISODE_TYPE_PUBLIC,2026-08-05T13:08:55.852384700Z,2026-08-05T13:13:35.628706600Z,1,55266630,RtoABC,55266630,55187358,9714ab5c3996f6cc,648,replays\episode_90179572.json,logs\90179572\agent_0_observation_logs.json;logs\90179572\agent_1_observation_logs.json,success,,2026-08-06T09:54:01.167310Z
12,16452116,Sixth Sense,55138264,1113.7,55138264,90185322,COMPLETED,EPISODE_TYPE_PUBLIC,2026-08-05T13:40:58.886059300Z,2026-08-05T13:46:41.514553Z,1,55266630,RtoABC,55266630,55138264,9714ab5c3996f6cc,648,replays\episode_90185322.json,logs\90185322\agent_0_observation_logs.json;logs\90185322\agent_1_observation_logs.json,success,,2026-08-06T10:02:11.798694Z
12,16452116,Sixth Sense,55138264,1113.7,55138264,90186723,COMPLETED,EPISODE_TYPE_PUBLIC,2026-08-05T13:48:56.295180700Z,2026-08-05T13:49:58.761248Z,1,55186239,Majkel1337,55186239,55138264,9714ab5c3996f6cc,648,replays\episode_90186723.json,logs\90186723\agent_0_observation_logs.json;logs\90186723\agent_1_observation_logs.json,success,,2026-08-06T10:02:15.709942Z
3,16422241,Raihan Ramadistra,55177269,1151.0,55177269,90186725,COMPLETED,EPISODE_TYPE_PUBLIC,2026-08-05T13:48:56.296030900Z,2026-08-05T13:49:47.870701800Z,1,55188658,James Cox & Henry Chao,55188658,55177269,9714ab5c3996f6cc,648,replays\episode_90186725.json,logs\90186725\agent_0_observation_logs.json;logs\90186725\agent_1_observation_logs.json,success,,2026-08-06T10:02:30.346986Z
22,16541765,less,55249896,1072.3,55249896,90187298,COMPLETED,EPISODE_TYPE_PUBLIC,2026-08-05T13:52:55.811512800Z,2026-08-05T13:53:50.983784400Z,1,55267977,JB Bryant,55267977,55249896,9714ab5c3996f6cc,648,replays\episode_90187298.json,logs\90187298\agent_0_observation_logs.json;logs\90187298\agent_1_observation_logs.json,skipped_existing,,2026-08-06T09:52:37.023851Z
12,16452116,Sixth Sense,55138264,1113.7,55138264,90189303,COMPLETED,EPISODE_TYPE_PUBLIC,2026-08-05T14:04:56.801148100Z,2026-08-05T14:06:03.500511700Z,1,55269689,Saber,55269689,55138264,9714ab5c3996f6cc,648,replays\episode_90189303.json,logs\90189303\agent_0_observation_logs.json;logs\90189303\agent_1_observation_logs.json,success,,2026-08-06T10:02:18.080321Z
22,16541765,less,55249896,1072.3,55249896,90190232,COMPLETED,EPISODE_TYPE_PUBLIC,2026-08-05T14:08:56.892813500Z,2026-08-05T14:09:51.127690800Z,0,55252151,カントー地方マスター(KantoRegionMaster),55249896,55252151,9714ab5c3996f6cc,648,replays\episode_90190232.json,logs\90190232\agent_0_observation_logs.json;logs\90190232\agent_1_observation_logs.json,skipped_existing,,2026-08-06T09:52:37.441422Z
22,16541765,less,55249896,1072.3,55249896,90192863,COMPLETED,EPISODE_TYPE_PUBLIC,2026-08-05T14:24:55.895870300Z,2026-08-05T14:26:15.954130800Z,1,55270332,MtN,55270332,55249896,9714ab5c3996f6cc,648,replays\episode_90192863.json,logs\90192863\agent_0_observation_logs.json;logs\90192863\agent_1_observation_logs.json,skipped_existing,,2026-08-06T09:52:37.813203Z
22,16541765,less,55249896,1072.3,55249896,90197188,COMPLETED,EPISODE_TYPE_PUBLIC,2026-08-05T14:48:55.686771100Z,2026-08-05T14:50:37.942858100Z,0,55270427,hatry,55249896,55270427,9714ab5c3996f6cc,648,replays\episode_90197188.json,logs\90197188\agent_0_observation_logs.json;logs\90197188\agent_1_observation_logs.json,skipped_existing,,2026-08-06T09:52:38.190516Z
11,16561259,@kdcyberdude,55187358,1116.3,55187358,90197376,COMPLETED,EPISODE_TYPE_PUBLIC,2026-08-05T14:48:55.992787100Z,2026-08-05T14:51:23.728638800Z,0,55254835,Masatoshi Hidaka,55187358,55254835,9714ab5c3996f6cc,648,replays\episode_90197376.json,logs\90197376\agent_0_observation_logs.json;logs\90197376\agent_1_observation_logs.json,success,,2026-08-06T09:54:04.305742Z
3,16422241,Raihan Ramadistra,55177269,1151.0,55177269,90202953,COMPLETED,EPISODE_TYPE_PUBLIC,2026-08-05T15:22:13.183736200Z,2026-08-05T15:23:15.323026300Z,1,55248965,LiamK,55248965,55177269,9714ab5c3996f6cc,648,replays\episode_90202953.json,logs\90202953\agent_0_observation_logs.json;logs\90202953\agent_1_observation_logs.json,success,,2026-08-06T10:02:33.560554Z
12,16452116,Sixth Sense,55138264,1113.7,55138264,90210269,COMPLETED,EPISODE_TYPE_PUBLIC,2026-08-05T16:02:13.044292200Z,2026-08-05T16:03:01.665094400Z,1,55202823,Raihan Ramadistra,55202823,55138264,9714ab5c3996f6cc,648,replays\episode_90210269.json,logs\90210269\agent_0_observation_logs.json;logs\90210269\agent_1_observation_logs.json,success,,2026-08-06T10:02:20.862686Z
12,16452116,Sixth Sense,55138264,1113.7,55138264,90220334,COMPLETED,EPISODE_TYPE_PUBLIC,2026-08-05T17:00:51.800821900Z,2026-08-05T17:01:36.660601100Z,0,55188658,James Cox & Henry Chao,55138264,55188658,9714ab5c3996f6cc,648,replays\episode_90220334.json,logs\90220334\agent_0_observation_logs.json;logs\90220334\agent_1_observation_logs.json,success,,2026-08-06T10:02:24.044892Z
11,16561259,@kdcyberdude,55187358,1116.3,55187358,90220338,COMPLETED,EPISODE_TYPE_PUBLIC,2026-08-05T17:00:51.807386500Z,2026-08-05T17:04:47.241223900Z,0,55228079,Arthurs Torres24,55187358,55228079,9714ab5c3996f6cc,648,replays\episode_90220338.json,logs\90220338\agent_0_observation_logs.json;logs\90220338\agent_1_observation_logs.json,success,,2026-08-06T09:54:06.646016Z
22,16541765,less,55249896,1072.3,55249896,90222501,COMPLETED,EPISODE_TYPE_PUBLIC,2026-08-05T17:12:52.865773700Z,2026-08-05T17:14:49.752616700Z,0,55234112,213tubo,55249896,55234112,9714ab5c3996f6cc,648,replays\episode_90222501.json,logs\90222501\agent_0_observation_logs.json;logs\90222501\agent_1_observation_logs.json,skipped_existing,,2026-08-06T09:52:38.779207Z
3,16422241,Raihan Ramadistra,55177269,1151.0,55177269,90222514,COMPLETED,EPISODE_TYPE_PUBLIC,2026-08-05T17:12:52.899345700Z,2026-08-05T17:14:09.457275900Z,0,54773249,AlphaStarmie,55177269,54773249,9714ab5c3996f6cc,648,replays\episode_90222514.json,logs\90222514\agent_0_observation_logs.json;logs\90222514\agent_1_observation_logs.json,success,,2026-08-06T10:02:36.823581Z
12,16452116,Sixth Sense,55138264,1113.7,55138264,90225368,COMPLETED,EPISODE_TYPE_PUBLIC,2026-08-05T17:28:51.824699500Z,2026-08-05T17:29:34.690545600Z,1,55214482,ShumpeiNomura,55214482,55138264,9714ab5c3996f6cc,648,replays\episode_90225368.json,logs\90225368\agent_0_observation_logs.json;logs\90225368\agent_1_observation_logs.json,success,,2026-08-06T10:02:25.569371Z
12,16452116,Sixth Sense,55138264,1113.7,55138264,90225863,COMPLETED,EPISODE_TYPE_PUBLIC,2026-08-05T17:32:51.406079Z,2026-08-05T17:33:43.644113Z,0,55274772,pztriatomic,55138264,55274772,9714ab5c3996f6cc,648,replays\episode_90225863.json,logs\90225863\agent_0_observation_logs.json;logs\90225863\agent_1_observation_logs.json,success,,2026-08-06T10:02:28.090870Z
11,16561259,@kdcyberdude,55187358,1116.3,55187358,90238063,COMPLETED,EPISODE_TYPE_PUBLIC,2026-08-05T18:40:51.484332Z,2026-08-05T18:44:16.863386100Z,0,55177269,Raihan Ramadistra,55187358,55177269,9714ab5c3996f6cc,648,replays\episode_90238063.json,logs\90238063\agent_0_observation_logs.json;logs\90238063\agent_1_observation_logs.json,success,,2026-08-06T09:54:10.957421Z
3,16422241,Raihan Ramadistra,55177269,1151.0,55177269,90238063,COMPLETED,EPISODE_TYPE_PUBLIC,2026-08-05T18:40:51.484332Z,2026-08-05T18:44:16.863386100Z,1,55187358,@kdcyberdude,55187358,55177269,9714ab5c3996f6cc,648,replays\episode_90238063.json,logs\90238063\agent_0_observation_logs.json;logs\90238063\agent_1_observation_logs.json,skipped_existing,,2026-08-06T10:02:39.546205Z
12,16452116,Sixth Sense,55138264,1113.7,55138264,90238928,COMPLETED,EPISODE_TYPE_PUBLIC,2026-08-05T18:44:53.621572300Z,2026-08-05T18:45:58.537305100Z,1,55202823,Raihan Ramadistra,55202823,55138264,9714ab5c3996f6cc,648,replays\episode_90238928.json,logs\90238928\agent_0_observation_logs.json;logs\90238928\agent_1_observation_logs.json,success,,2026-08-06T10:02:29.226384Z
12,16452116,Sixth Sense,55138264,1113.7,55138264,90239399,COMPLETED,EPISODE_TYPE_PUBLIC,2026-08-05T18:48:51.402945100Z,2026-08-05T18:49:57.376605900Z,1,55275219,flg,55275219,55138264,9714ab5c3996f6cc,648,replays\episode_90239399.json,logs\90239399\agent_0_observation_logs.json;logs\90239399\agent_1_observation_logs.json,success,,2026-08-06T10:02:33.514041Z
11,16561259,@kdcyberdude,55187358,1116.3,55187358,90240076,COMPLETED,EPISODE_TYPE_PUBLIC,2026-08-05T18:52:51.626765200Z,2026-08-05T18:55:32.328588600Z,0,55275219,flg,55187358,55275219,9714ab5c3996f6cc,648,replays\episode_90240076.json,logs\90240076\agent_0_observation_logs.json;logs\90240076\agent_1_observation_logs.json,success,,2026-08-06T09:54:14.186707Z
12,16452116,Sixth Sense,55138264,1113.7,55138264,90240740,COMPLETED,EPISODE_TYPE_PUBLIC,2026-08-05T18:56:51.708574Z,2026-08-05T18:57:50.819435600Z,1,55276449,あなまか,55276449,55138264,9714ab5c3996f6cc,648,replays\episode_90240740.json,logs\90240740\agent_0_observation_logs.json;logs\90240740\agent_1_observation_logs.json,success,,2026-08-06T10:02:35.486025Z
11,16561259,@kdcyberdude,55187358,1116.3,55187358,90241540,COMPLETED,EPISODE_TYPE_PUBLIC,2026-08-05T19:00:51.373593300Z,2026-08-05T19:03:02.168538200Z,1,55275219,flg,55275219,55187358,9714ab5c3996f6cc,648,replays\episode_90241540.json,logs\90241540\agent_0_observation_logs.json;logs\90241540\agent_1_observation_logs.json,success,,2026-08-06T09:54:18.137607Z
12,16452116,Sixth Sense,55138264,1113.7,55138264,90241676,COMPLETED,EPISODE_TYPE_PUBLIC,2026-08-05T19:00:51.572708700Z,2026-08-05T19:01:35.667097100Z,1,55214482,ShumpeiNomura,55214482,55138264,9714ab5c3996f6cc,648,replays\episode_90241676.json,logs\90241676\agent_0_observation_logs.json;logs\90241676\agent_1_observation_logs.json,success,,2026-08-06T10:02:38.648248Z
22,16541765,less,55249896,1072.3,55249896,90243099,COMPLETED,EPISODE_TYPE_PUBLIC,2026-08-05T19:08:51.615072700Z,2026-08-05T19:10:08.820554500Z,0,55257454,Team,55249896,55257454,9714ab5c3996f6cc,648,replays\episode_90243099.json,logs\90243099\agent_0_observation_logs.json;logs\90243099\agent_1_observation_logs.json,skipped_existing,,2026-08-06T09:52:39.303551Z
11,16561259,@kdcyberdude,55187358,1116.3,55187358,90243865,COMPLETED,EPISODE_TYPE_PUBLIC,2026-08-05T19:12:51.517375700Z,2026-08-05T19:16:07.041370800Z,1,55248965,LiamK,55248965,55187358,9714ab5c3996f6cc,648,replays\episode_90243865.json,logs\90243865\agent_0_observation_logs.json;logs\90243865\agent_1_observation_logs.json,success,,2026-08-06T09:54:21.109264Z
3,16422241,Raihan Ramadistra,55177269,1151.0,55177269,90247094,COMPLETED,EPISODE_TYPE_PUBLIC,2026-08-05T19:32:51.564226300Z,2026-08-05T19:33:55.333030500Z,0,55278235,James Cox & Henry Chao,55177269,55278235,9714ab5c3996f6cc,648,replays\episode_90247094.json,logs\90247094\agent_0_observation_logs.json;logs\90247094\agent_1_observation_logs.json,success,,2026-08-06T10:02:39.761876Z
3,16422241,Raihan Ramadistra,55177269,1151.0,55177269,90248697,COMPLETED,EPISODE_TYPE_PUBLIC,2026-08-05T19:40:51.318464800Z,2026-08-05T19:42:01.159350300Z,0,55275219,flg,55177269,55275219,9714ab5c3996f6cc,648,replays\episode_90248697.json,logs\90248697\agent_0_observation_logs.json;logs\90248697\agent_1_observation_logs.json,success,,2026-08-06T10:02:42.628284Z
3,16422241,Raihan Ramadistra,55177269,1151.0,55177269,90249360,COMPLETED,EPISODE_TYPE_PUBLIC,2026-08-05T19:49:03.064812800Z,2026-08-05T19:50:10.387974600Z,1,55275602,Dries @ Tufa Labs,55275602,55177269,9714ab5c3996f6cc,648,replays\episode_90249360.json,logs\90249360\agent_0_observation_logs.json;logs\90249360\agent_1_observation_logs.json,success,,2026-08-06T10:02:46.877978Z
12,16452116,Sixth Sense,55138264,1113.7,55138264,90253742,COMPLETED,EPISODE_TYPE_PUBLIC,2026-08-05T20:12:46.437785600Z,2026-08-05T20:15:22.052591300Z,0,54959248,Where is my orbit,55138264,54959248,9714ab5c3996f6cc,648,replays\episode_90253742.json,logs\90253742\agent_0_observation_logs.json;logs\90253742\agent_1_observation_logs.json,success,,2026-08-06T10:02:40.647185Z
22,16541765,less,55249896,1072.3,55249896,90253813,COMPLETED,EPISODE_TYPE_PUBLIC,2026-08-05T20:12:46.453389200Z,2026-08-05T20:15:06.696243200Z,0,55270652,Octavi Grau,55249896,55270652,9714ab5c3996f6cc,648,replays\episode_90253813.json,logs\90253813\agent_0_observation_logs.json;logs\90253813\agent_1_observation_logs.json,skipped_existing,,2026-08-06T09:52:39.655069Z
3,16422241,Raihan Ramadistra,55177269,1151.0,55177269,90254224,COMPLETED,EPISODE_TYPE_PUBLIC,2026-08-05T20:16:45.942088500Z,2026-08-05T20:17:33.796804400Z,1,55278235,James Cox & Henry Chao,55278235,55177269,9714ab5c3996f6cc,648,replays\episode_90254224.json,logs\90254224\agent_0_observation_logs.json;logs\90254224\agent_1_observation_logs.json,success,,2026-08-06T10:02:50.234470Z
11,16561259,@kdcyberdude,55187358,1116.3,55187358,90254330,COMPLETED,EPISODE_TYPE_PUBLIC,2026-08-05T20:16:46.081195300Z,2026-08-05T20:18:45.091116600Z,1,55275219,flg,55275219,55187358,9714ab5c3996f6cc,648,replays\episode_90254330.json,logs\90254330\agent_0_observation_logs.json;logs\90254330\agent_1_observation_logs.json,success,,2026-08-06T09:54:24.410584Z
22,16541765,less,55249896,1072.3,55249896,90257978,COMPLETED,EPISODE_TYPE_PUBLIC,2026-08-05T20:36:46.034921500Z,2026-08-05T20:38:15.995484200Z,1,55265345,Marshall Maximizer,55265345,55249896,9714ab5c3996f6cc,648,replays\episode_90257978.json,logs\90257978\agent_0_observation_logs.json;logs\90257978\agent_1_observation_logs.json,skipped_existing,,2026-08-06T09:52:40.039155Z
22,16541765,less,55249896,1072.3,55249896,90258118,COMPLETED,EPISODE_TYPE_PUBLIC,2026-08-05T20:36:46.237799200Z,2026-08-05T20:38:00.955362300Z,1,55276449,あなまか,55276449,55249896,9714ab5c3996f6cc,648,replays\episode_90258118.json,logs\90258118\agent_0_observation_logs.json;logs\90258118\agent_1_observation_logs.json,skipped_existing,,2026-08-06T09:52:40.215788Z
3,16422241,Raihan Ramadistra,55177269,1151.0,55177269,90259389,COMPLETED,EPISODE_TYPE_PUBLIC,2026-08-05T20:44:45.958574100Z,2026-08-05T20:45:45.861950700Z,0,55275219,flg,55177269,55275219,9714ab5c3996f6cc,648,replays\episode_90259389.json,logs\90259389\agent_0_observation_logs.json;logs\90259389\agent_1_observation_logs.json,success,,2026-08-06T10:02:52.727228Z
3,16422241,Raihan Ramadistra,55177269,1151.0,55177269,90261634,COMPLETED,EPISODE_TYPE_PUBLIC,2026-08-05T20:56:46.289251500Z,2026-08-05T20:58:19.821506600Z,0,55271345,Lunariz,55177269,55271345,9714ab5c3996f6cc,648,replays\episode_90261634.json,logs\90261634\agent_0_observation_logs.json;logs\90261634\agent_1_observation_logs.json,success,,2026-08-06T10:02:55.445983Z
3,16422241,Raihan Ramadistra,55177269,1151.0,55177269,90262247,COMPLETED,EPISODE_TYPE_PUBLIC,2026-08-05T21:00:46.041715600Z,2026-08-05T21:03:29.138679300Z,0,55187358,@kdcyberdude,55177269,55187358,9714ab5c3996f6cc,648,replays\episode_90262247.json,logs\90262247\agent_0_observation_logs.json;logs\90262247\agent_1_observation_logs.json,skipped_existing,,2026-08-06T10:02:56.914568Z
11,16561259,@kdcyberdude,55187358,1116.3,55187358,90262247,COMPLETED,EPISODE_TYPE_PUBLIC,2026-08-05T21:00:46.041715600Z,2026-08-05T21:03:29.138679300Z,1,55177269,Raihan Ramadistra,55177269,55187358,9714ab5c3996f6cc,648,replays\episode_90262247.json,logs\90262247\agent_0_observation_logs.json;logs\90262247\agent_1_observation_logs.json,success,,2026-08-06T09:54:26.832050Z
12,16452116,Sixth Sense,55138264,1113.7,55138264,90262256,COMPLETED,EPISODE_TYPE_PUBLIC,2026-08-05T21:00:46.049396200Z,2026-08-05T21:01:46.551259700Z,0,55227232,Arthurs Torres24,55138264,55227232,9714ab5c3996f6cc,648,replays\episode_90262256.json,logs\90262256\agent_0_observation_logs.json;logs\90262256\agent_1_observation_logs.json,success,,2026-08-06T10:02:43.533202Z
11,16561259,@kdcyberdude,55187358,1116.3,55187358,90262321,COMPLETED,EPISODE_TYPE_PUBLIC,2026-08-05T21:00:46.149044400Z,2026-08-05T21:02:48.002856Z,1,55248965,LiamK,55248965,55187358,9714ab5c3996f6cc,648,replays\episode_90262321.json,logs\90262321\agent_0_observation_logs.json;logs\90262321\agent_1_observation_logs.json,success,,2026-08-06T09:54:29.936418Z
3,16422241,Raihan Ramadistra,55177269,1151.0,55177269,90262927,COMPLETED,EPISODE_TYPE_PUBLIC,2026-08-05T21:04:45.980557400Z,2026-08-05T21:05:50.382395200Z,0,55248965,LiamK,55177269,55248965,9714ab5c3996f6cc,648,replays\episode_90262927.json,logs\90262927\agent_0_observation_logs.json;logs\90262927\agent_1_observation_logs.json,success,,2026-08-06T10:02:57.039979Z
12,16452116,Sixth Sense,55138264,1113.7,55138264,90263059,COMPLETED,EPISODE_TYPE_PUBLIC,2026-08-05T21:04:46.190807800Z,2026-08-05T21:05:35.504585900Z,0,55214482,ShumpeiNomura,55138264,55214482,9714ab5c3996f6cc,648,replays\episode_90263059.json,logs\90263059\agent_0_observation_logs.json;logs\90263059\agent_1_observation_logs.json,success,,2026-08-06T10:02:46.798082Z
12,16452116,Sixth Sense,55138264,1113.7,55138264,90263090,COMPLETED,EPISODE_TYPE_PUBLIC,2026-08-05T21:04:46.251061100Z,2026-08-05T21:05:55.048183400Z,1,55202823,Raihan Ramadistra,55202823,55138264,9714ab5c3996f6cc,648,replays\episode_90263090.json,logs\90263090\agent_0_observation_logs.json;logs\90263090\agent_1_observation_logs.json,success,,2026-08-06T10:02:49.953791Z
3,16422241,Raihan Ramadistra,55177269,1151.0,55177269,90263604,COMPLETED,EPISODE_TYPE_PUBLIC,2026-08-05T21:08:47.333779800Z,2026-08-05T21:09:34.697667Z,0,54348561,Yuichi SUZUKI,55177269,54348561,9714ab5c3996f6cc,648,replays\episode_90263604.json,logs\90263604\agent_0_observation_logs.json;logs\90263604\agent_1_observation_logs.json,success,,2026-08-06T10:03:00.825639Z
3,16422241,Raihan Ramadistra,55177269,1151.0,55177269,90264352,COMPLETED,EPISODE_TYPE_PUBLIC,2026-08-05T21:12:45.870501800Z,2026-08-05T21:13:39.067173200Z,1,55198468,M Sato,55198468,55177269,9714ab5c3996f6cc,648,replays\episode_90264352.json,logs\90264352\agent_0_observation_logs.json;logs\90264352\agent_1_observation_logs.json,success,,2026-08-06T10:03:02.962790Z
3,16422241,Raihan Ramadistra,55177269,1151.0,55177269,90265026,COMPLETED,EPISODE_TYPE_PUBLIC,2026-08-05T21:16:45.869833600Z,2026-08-05T21:17:51.030436800Z,0,55138264,Sixth Sense,55177269,55138264,9714ab5c3996f6cc,648,replays\episode_90265026.json,logs\90265026\agent_0_observation_logs.json;logs\90265026\agent_1_observation_logs.json,skipped_existing,,2026-08-06T10:03:06.839710Z
12,16452116,Sixth Sense,55138264,1113.7,55138264,90265026,COMPLETED,EPISODE_TYPE_PUBLIC,2026-08-05T21:16:45.869833600Z,2026-08-05T21:17:51.030436800Z,1,55177269,Raihan Ramadistra,55177269,55138264,9714ab5c3996f6cc,648,replays\episode_90265026.json,logs\90265026\agent_0_observation_logs.json;logs\90265026\agent_1_observation_logs.json,success,,2026-08-06T10:02:52.923902Z
12,16452116,Sixth Sense,55138264,1113.7,55138264,90265194,COMPLETED,EPISODE_TYPE_PUBLIC,2026-08-05T21:16:46.078235Z,2026-08-05T21:17:50.781849800Z,0,55275219,flg,55138264,55275219,9714ab5c3996f6cc,648,replays\episode_90265194.json,logs\90265194\agent_0_observation_logs.json;logs\90265194\agent_1_observation_logs.json,success,,2026-08-06T10:02:56.041424Z
11,16561259,@kdcyberdude,55187358,1116.3,55187358,90265735,COMPLETED,EPISODE_TYPE_PUBLIC,2026-08-05T21:20:45.969683300Z,2026-08-05T21:23:37.260339300Z,0,55177269,Raihan Ramadistra,55187358,55177269,9714ab5c3996f6cc,648,replays\episode_90265735.json,logs\90265735\agent_0_observation_logs.json;logs\90265735\agent_1_observation_logs.json,success,,2026-08-06T09:54:31.890408Z
3,16422241,Raihan Ramadistra,55177269,1151.0,55177269,90265735,COMPLETED,EPISODE_TYPE_PUBLIC,2026-08-05T21:20:45.969683300Z,2026-08-05T21:23:37.260339300Z,1,55187358,@kdcyberdude,55187358,55177269,9714ab5c3996f6cc,648,replays\episode_90265735.json,logs\90265735\agent_0_observation_logs.json;logs\90265735\agent_1_observation_logs.json,skipped_existing,,2026-08-06T10:03:07.055984Z
12,16452116,Sixth Sense,55138264,1113.7,55138264,90265922,COMPLETED,EPISODE_TYPE_PUBLIC,2026-08-05T21:20:46.238910500Z,2026-08-05T21:21:59.576029600Z,1,55275219,flg,55275219,55138264,9714ab5c3996f6cc,648,replays\episode_90265922.json,logs\90265922\agent_0_observation_logs.json;logs\90265922\agent_1_observation_logs.json,success,,2026-08-06T10:02:59.114741Z
3,16422241,Raihan Ramadistra,55177269,1151.0,55177269,90266453,COMPLETED,EPISODE_TYPE_PUBLIC,2026-08-05T21:24:46.253064500Z,2026-08-05T21:25:54.510407200Z,1,55259792,Luca,55259792,55177269,9714ab5c3996f6cc,648,replays\episode_90266453.json,logs\90266453\agent_0_observation_logs.json;logs\90266453\agent_1_observation_logs.json,success,,2026-08-06T10:03:07.364779Z
3,16422241,Raihan Ramadistra,55177269,1151.0,55177269,90266631,COMPLETED,EPISODE_TYPE_PUBLIC,2026-08-05T21:24:46.548037100Z,2026-08-05T21:25:24.793680700Z,0,55214482,ShumpeiNomura,55177269,55214482,9714ab5c3996f6cc,648,replays\episode_90266631.json,logs\90266631\agent_0_observation_logs.json;logs\90266631\agent_1_observation_logs.json,success,,2026-08-06T10:03:10.398134Z
12,16452116,Sixth Sense,55138264,1113.7,55138264,90267190,COMPLETED,EPISODE_TYPE_PUBLIC,2026-08-05T21:28:47.910170400Z,2026-08-05T21:30:10.739257900Z,1,55202823,Raihan Ramadistra,55202823,55138264,9714ab5c3996f6cc,648,replays\episode_90267190.json,logs\90267190\agent_0_observation_logs.json;logs\90267190\agent_1_observation_logs.json,success,,2026-08-06T10:03:02.295974Z
3,16422241,Raihan Ramadistra,55177269,1151.0,55177269,90267206,COMPLETED,EPISODE_TYPE_PUBLIC,2026-08-05T21:28:47.778631Z,2026-08-05T21:29:56.684975200Z,0,55280126,Ayanokoji Fan Club,55177269,55280126,9714ab5c3996f6cc,648,replays\episode_90267206.json,logs\90267206\agent_0_observation_logs.json;logs\90267206\agent_1_observation_logs.json,success,,2026-08-06T10:03:12.484331Z
12,16452116,Sixth Sense,55138264,1113.7,55138264,90267209,COMPLETED,EPISODE_TYPE_PUBLIC,2026-08-05T21:28:47.937999600Z,2026-08-05T21:29:44.679524400Z,0,55252151,カントー地方マスター(KantoRegionMaster),55138264,55252151,9714ab5c3996f6cc,648,replays\episode_90267209.json,logs\90267209\agent_0_observation_logs.json;logs\90267209\agent_1_observation_logs.json,success,,2026-08-06T10:03:06.809710Z
22,16541765,less,55249896,1072.3,55249896,90267266,COMPLETED,EPISODE_TYPE_PUBLIC,2026-08-05T21:28:47.978263400Z,2026-08-05T21:29:36.942590500Z,0,55247294,I4Kaggle,55249896,55247294,9714ab5c3996f6cc,648,replays\episode_90267266.json,logs\90267266\agent_0_observation_logs.json;logs\90267266\agent_1_observation_logs.json,skipped_existing,,2026-08-06T09:52:40.470388Z
11,16561259,@kdcyberdude,55187358,1116.3,55187358,90267342,COMPLETED,EPISODE_TYPE_PUBLIC,2026-08-05T21:28:47.914938900Z,2026-08-05T21:30:45.400997200Z,0,55248965,LiamK,55187358,55248965,9714ab5c3996f6cc,648,replays\episode_90267342.json,logs\90267342\agent_0_observation_logs.json;logs\90267342\agent_1_observation_logs.json,success,,2026-08-06T09:54:35.785577Z
3,16422241,Raihan Ramadistra,55177269,1151.0,55177269,90267895,COMPLETED,EPISODE_TYPE_PUBLIC,2026-08-05T21:32:46.133420900Z,2026-08-05T21:33:52.508956500Z,1,55259808,Luca,55259808,55177269,9714ab5c3996f6cc,648,replays\episode_90267895.json,logs\90267895\agent_0_observation_logs.json;logs\90267895\agent_1_observation_logs.json,success,,2026-08-06T10:03:15.496905Z
11,16561259,@kdcyberdude,55187358,1116.3,55187358,90268014,COMPLETED,EPISODE_TYPE_PUBLIC,2026-08-05T21:32:46.283771300Z,2026-08-05T21:33:56.283395500Z,1,55214482,ShumpeiNomura,55214482,55187358,9714ab5c3996f6cc,648,replays\episode_90268014.json,logs\90268014\agent_0_observation_logs.json;logs\90268014\agent_1_observation_logs.json,success,,2026-08-06T09:54:38.704573Z
12,16452116,Sixth Sense,55138264,1113.7,55138264,90268072,COMPLETED,EPISODE_TYPE_PUBLIC,2026-08-05T21:32:46.361202500Z,2026-08-05T21:33:52.309608600Z,1,55248965,LiamK,55248965,55138264,9714ab5c3996f6cc,648,replays\episode_90268072.json,logs\90268072\agent_0_observation_logs.json;logs\90268072\agent_1_observation_logs.json,success,,2026-08-06T10:03:10.462503Z
3,16422241,Raihan Ramadistra,55177269,1151.0,55177269,90268623,COMPLETED,EPISODE_TYPE_PUBLIC,2026-08-05T21:36:45.980782100Z,2026-08-05T21:37:39.309617600Z,1,55259808,Luca,55259808,55177269,9714ab5c3996f6cc,648,replays\episode_90268623.json,logs\90268623\agent_0_observation_logs.json;logs\90268623\agent_1_observation_logs.json,success,,2026-08-06T10:03:18.317494Z
12,16452116,Sixth Sense,55138264,1113.7,55138264,90268678,COMPLETED,EPISODE_TYPE_PUBLIC,2026-08-05T21:36:46.062127300Z,2026-08-05T21:38:01.412807200Z,0,55275602,Dries @ Tufa Labs,55138264,55275602,9714ab5c3996f6cc,648,replays\episode_90268678.json,logs\90268678\agent_0_observation_logs.json;logs\90268678\agent_1_observation_logs.json,success,,2026-08-06T10:03:14.146214Z
3,16422241,Raihan Ramadistra,55177269,1151.0,55177269,90269343,COMPLETED,EPISODE_TYPE_PUBLIC,2026-08-05T21:40:46.031391200Z,2026-08-05T21:41:45.732461900Z,0,55227232,Arthurs Torres24,55177269,55227232,9714ab5c3996f6cc,648,replays\episode_90269343.json,logs\90269343\agent_0_observation_logs.json;logs\90269343\agent_1_observation_logs.json,success,,2026-08-06T10:03:20.662086Z
12,16452116,Sixth Sense,55138264,1113.7,55138264,90269344,COMPLETED,EPISODE_TYPE_PUBLIC,2026-08-05T21:40:46.032198600Z,2026-08-05T21:41:43.941529400Z,0,55259808,Luca,55138264,55259808,9714ab5c3996f6cc,648,replays\episode_90269344.json,logs\90269344\agent_0_observation_logs.json;logs\90269344\agent_1_observation_logs.json,success,,2026-08-06T10:03:16.743398Z
12,16452116,Sixth Sense,55138264,1113.7,55138264,90269373,COMPLETED,EPISODE_TYPE_PUBLIC,2026-08-05T21:40:46.059369700Z,2026-08-05T21:43:20.261683500Z,1,55255892,想要成为kaggle大师,55255892,55138264,9714ab5c3996f6cc,648,replays\episode_90269373.json,logs\90269373\agent_0_observation_logs.json;logs\90269373\agent_1_observation_logs.json,success,,2026-08-06T10:03:18.626857Z
12,16452116,Sixth Sense,55138264,1113.7,55138264,90269479,COMPLETED,EPISODE_TYPE_PUBLIC,2026-08-05T21:40:46.230504500Z,2026-08-05T21:42:09.371023100Z,1,55248965,LiamK,55248965,55138264,9714ab5c3996f6cc,648,replays\episode_90269479.json,logs\90269479\agent_0_observation_logs.json;logs\90269479\agent_1_observation_logs.json,success,,2026-08-06T10:03:21.532442Z
22,16541765,less,55249896,1072.3,55249896,90270021,COMPLETED,EPISODE_TYPE_PUBLIC,2026-08-05T21:44:46.854834800Z,2026-08-05T21:55:32.699896800Z,0,55277931,Team Rot-Weiß,55249896,55277931,9714ab5c3996f6cc,648,replays\episode_90270021.json,logs\90270021\agent_0_observation_logs.json;logs\90270021\agent_1_observation_logs.json,skipped_existing,,2026-08-06T09:52:40.725489Z
3,16422241,Raihan Ramadistra,55177269,1151.0,55177269,90270043,COMPLETED,EPISODE_TYPE_PUBLIC,2026-08-05T21:44:46.951425500Z,2026-08-05T21:47:08.499535600Z,0,55255892,想要成为kaggle大师,55177269,55255892,9714ab5c3996f6cc,648,replays\episode_90270043.json,logs\90270043\agent_0_observation_logs.json;logs\90270043\agent_1_observation_logs.json,success,,2026-08-06T10:03:23.255468Z
12,16452116,Sixth Sense,55138264,1113.7,55138264,90270152,COMPLETED,EPISODE_TYPE_PUBLIC,2026-08-05T21:44:47.164833Z,2026-08-05T21:45:56.544467700Z,1,55267793,tokk,55267793,55138264,9714ab5c3996f6cc,648,replays\episode_90270152.json,logs\90270152\agent_0_observation_logs.json;logs\90270152\agent_1_observation_logs.json,success,,2026-08-06T10:03:24.534146Z
22,16541765,less,55249896,1072.3,55249896,90270236,COMPLETED,EPISODE_TYPE_PUBLIC,2026-08-05T21:44:47.287075100Z,2026-08-05T21:45:51.431269800Z,1,55248957,LiamK,55248957,55249896,9714ab5c3996f6cc,648,replays\episode_90270236.json,logs\90270236\agent_0_observation_logs.json;logs\90270236\agent_1_observation_logs.json,skipped_existing,,2026-08-06T09:52:40.924476Z
3,16422241,Raihan Ramadistra,55177269,1151.0,55177269,90270779,COMPLETED,EPISODE_TYPE_PUBLIC,2026-08-05T21:48:52.036322100Z,2026-08-05T21:49:57.520982400Z,0,55275287,flg,55177269,55275287,9714ab5c3996f6cc,648,replays\episode_90270779.json,logs\90270779\agent_0_observation_logs.json;logs\90270779\agent_1_observation_logs.json,success,,2026-08-06T10:03:26.353783Z
12,16452116,Sixth Sense,55138264,1113.7,55138264,90270819,COMPLETED,EPISODE_TYPE_PUBLIC,2026-08-05T21:48:52.087458600Z,2026-08-05T21:49:46.824957300Z,1,54807509,てうぽけ,54807509,55138264,9714ab5c3996f6cc,648,replays\episode_90270819.json,logs\90270819\agent_0_observation_logs.json;logs\90270819\agent_1_observation_logs.json,success,,2026-08-06T10:03:27.241171Z
11,16561259,@kdcyberdude,55187358,1116.3,55187358,90270909,COMPLETED,EPISODE_TYPE_PUBLIC,2026-08-05T21:48:52.272088100Z,2026-08-05T21:51:37.929963400Z,0,55274674,insuperabilehart,55187358,55274674,9714ab5c3996f6cc,648,replays\episode_90270909.json,logs\90270909\agent_0_observation_logs.json;logs\90270909\agent_1_observation_logs.json,success,,2026-08-06T09:54:40.446220Z
3,16422241,Raihan Ramadistra,55177269,1151.0,55177269,90271490,COMPLETED,EPISODE_TYPE_PUBLIC,2026-08-05T21:52:45.960407600Z,2026-08-05T21:53:49.863753500Z,0,55280204,Haseeb Majoka,55177269,55280204,9714ab5c3996f6cc,648,replays\episode_90271490.json,logs\90271490\agent_0_observation_logs.json;logs\90271490\agent_1_observation_logs.json,success,,2026-08-06T10:03:29.238073Z
12,16452116,Sixth Sense,55138264,1113.7,55138264,90271499,COMPLETED,EPISODE_TYPE_PUBLIC,2026-08-05T21:52:45.967208500Z,2026-08-05T21:53:44.450906200Z,1,55248965,LiamK,55248965,55138264,9714ab5c3996f6cc,648,replays\episode_90271499.json,logs\90271499\agent_0_observation_logs.json;logs\90271499\agent_1_observation_logs.json,success,,2026-08-06T10:03:29.466235Z
12,16452116,Sixth Sense,55138264,1113.7,55138264,90271526,COMPLETED,EPISODE_TYPE_PUBLIC,2026-08-05T21:52:46.034317400Z,2026-08-05T21:53:45.761545700Z,1,55227232,Arthurs Torres24,55227232,55138264,9714ab5c3996f6cc,648,replays\episode_90271526.json,logs\90271526\agent_0_observation_logs.json;logs\90271526\agent_1_observation_logs.json,success,,2026-08-06T10:03:31.272093Z
3,16422241,Raihan Ramadistra,55177269,1151.0,55177269,90272208,COMPLETED,EPISODE_TYPE_PUBLIC,2026-08-05T21:56:45.981346500Z,2026-08-05T21:57:59.990237700Z,1,55278240,James Cox & Henry Chao,55278240,55177269,9714ab5c3996f6cc,648,replays\episode_90272208.json,logs\90272208\agent_0_observation_logs.json;logs\90272208\agent_1_observation_logs.json,success,,2026-08-06T10:03:31.677763Z
12,16452116,Sixth Sense,55138264,1113.7,55138264,90272231,COMPLETED,EPISODE_TYPE_PUBLIC,2026-08-05T21:56:46.034709300Z,2026-08-05T22:07:22.164631800Z,1,55259792,Luca,55259792,55138264,9714ab5c3996f6cc,648,replays\episode_90272231.json,logs\90272231\agent_0_observation_logs.json;logs\90272231\agent_1_observation_logs.json,success,,2026-08-06T10:03:35.059476Z
12,16452116,Sixth Sense,55138264,1113.7,55138264,90272276,COMPLETED,EPISODE_TYPE_PUBLIC,2026-08-05T21:56:46.130037600Z,2026-08-05T21:59:54.077927400Z,1,55184021,李秉叡（ntumlnoob）,55184021,55138264,9714ab5c3996f6cc,648,replays\episode_90272276.json,logs\90272276\agent_0_observation_logs.json;logs\90272276\agent_1_observation_logs.json,success,,2026-08-06T10:03:38.960603Z
22,16541765,less,55249896,1072.3,55249896,90272383,COMPLETED,EPISODE_TYPE_PUBLIC,2026-08-05T21:56:46.272773300Z,2026-08-05T22:01:47.060721200Z,1,55266630,RtoABC,55266630,55249896,9714ab5c3996f6cc,648,replays\episode_90272383.json,logs\90272383\agent_0_observation_logs.json;logs\90272383\agent_1_observation_logs.json,skipped_existing,,2026-08-06T09:52:41.250390Z
3,16422241,Raihan Ramadistra,55177269,1151.0,55177269,90272914,COMPLETED,EPISODE_TYPE_PUBLIC,2026-08-05T22:00:46.044278200Z,2026-08-05T22:01:36.467696700Z,0,55198468,M Sato,55177269,55198468,9714ab5c3996f6cc,648,replays\episode_90272914.json,logs\90272914\agent_0_observation_logs.json;logs\90272914\agent_1_observation_logs.json,success,,2026-08-06T10:03:35.420337Z
12,16452116,Sixth Sense,55138264,1113.7,55138264,90272953,COMPLETED,EPISODE_TYPE_PUBLIC,2026-08-05T22:00:46.089554500Z,2026-08-05T22:02:01.442025800Z,1,55254018,szlachetny snieg,55254018,55138264,9714ab5c3996f6cc,648,replays\episode_90272953.json,logs\90272953\agent_0_observation_logs.json;logs\90272953\agent_1_observation_logs.json,success,,2026-08-06T10:03:41.645892Z
11,16561259,@kdcyberdude,55187358,1116.3,55187358,90273072,COMPLETED,EPISODE_TYPE_PUBLIC,2026-08-05T22:00:46.363868500Z,2026-08-05T22:03:19.341084800Z,1,55251826,Rmy,55251826,55187358,9714ab5c3996f6cc,648,replays\episode_90273072.json,logs\90273072\agent_0_observation_logs.json;logs\90273072\agent_1_observation_logs.json,success,,2026-08-06T09:54:42.763542Z
12,16452116,Sixth Sense,55138264,1113.7,55138264,90273508,COMPLETED,EPISODE_TYPE_PUBLIC,2026-08-05T22:04:46.099074800Z,2026-08-05T22:06:02.598051900Z,0,55280132,Oshbocker,55138264,55280132,9714ab5c3996f6cc,648,replays\episode_90273508.json,logs\90273508\agent_0_observation_logs.json;logs\90273508\agent_1_observation_logs.json,success,,2026-08-06T10:03:45.888992Z
3,16422241,Raihan Ramadistra,55177269,1151.0,55177269,90273621,COMPLETED,EPISODE_TYPE_PUBLIC,2026-08-05T22:04:46.289292Z,2026-08-05T22:06:02.371473200Z,1,55259792,Luca,55259792,55177269,9714ab5c3996f6cc,648,replays\episode_90273621.json,logs\90273621\agent_0_observation_logs.json;logs\90273621\agent_1_observation_logs.json,success,,2026-08-06T10:03:38.990863Z
12,16452116,Sixth Sense,55138264,1113.7,55138264,90273681,COMPLETED,EPISODE_TYPE_PUBLIC,2026-08-05T22:04:46.388763400Z,2026-08-05T22:06:02.339831500Z,1,55227232,Arthurs Torres24,55227232,55138264,9714ab5c3996f6cc,648,replays\episode_90273681.json,logs\90273681\agent_0_observation_logs.json;logs\90273681\agent_1_observation_logs.json,success,,2026-08-06T10:03:49.426987Z
11,16561259,@kdcyberdude,55187358,1116.3,55187358,90274287,COMPLETED,EPISODE_TYPE_PUBLIC,2026-08-05T22:08:46.161051400Z,2026-08-05T22:19:34.535691900Z,0,55277931,Team Rot-Weiß,55187358,55277931,9714ab5c3996f6cc,648,replays\episode_90274287.json,logs\90274287\agent_0_observation_logs.json;logs\90274287\agent_1_observation_logs.json,success,,2026-08-06T09:54:46.498207Z
3,16422241,Raihan Ramadistra,55177269,1151.0,55177269,90274324,COMPLETED,EPISODE_TYPE_PUBLIC,2026-08-05T22:08:46.246032100Z,2026-08-05T22:09:48.155719200Z,1,54773249,AlphaStarmie,54773249,55177269,9714ab5c3996f6cc,648,replays\episode_90274324.json,logs\90274324\agent_0_observation_logs.json;logs\90274324\agent_1_observation_logs.json,success,,2026-08-06T10:03:42.221898Z
12,16452116,Sixth Sense,55138264,1113.7,55138264,90274360,COMPLETED,EPISODE_TYPE_PUBLIC,2026-08-05T22:08:46.286195100Z,2026-08-05T22:10:08.361618200Z,1,55215429,ShumpeiNomura,55215429,55138264,9714ab5c3996f6cc,648,replays\episode_90274360.json,logs\90274360\agent_0_observation_logs.json;logs\90274360\agent_1_observation_logs.json,success,,2026-08-06T10:03:51.440239Z
11,16561259,@kdcyberdude,55187358,1116.3,55187358,90274516,COMPLETED,EPISODE_TYPE_PUBLIC,2026-08-05T22:08:46.685085200Z,2026-08-05T22:11:06.375279Z,0,55275219,flg,55187358,55275219,9714ab5c3996f6cc,648,replays\episode_90274516.json,logs\90274516\agent_0_observation_logs.json;logs\90274516\agent_1_observation_logs.json,success,,2026-08-06T09:54:50.479897Z
3,16422241,Raihan Ramadistra,55177269,1151.0,55177269,90275037,COMPLETED,EPISODE_TYPE_PUBLIC,2026-08-05T22:12:45.892847800Z,2026-08-05T22:14:13.046888100Z,0,55265345,Marshall Maximizer,55177269,55265345,9714ab5c3996f6cc,648,replays\episode_90275037.json,logs\90275037\agent_0_observation_logs.json;logs\90275037\agent_1_observation_logs.json,success,,2026-08-06T10:03:46.420587Z
12,16452116,Sixth Sense,55138264,1113.7,55138264,90275053,COMPLETED,EPISODE_TYPE_PUBLIC,2026-08-05T22:12:45.937721500Z,2026-08-05T22:13:45.919880200Z,1,54333690,Muhammad Souzan Shaquille,54333690,55138264,9714ab5c3996f6cc,648,replays\episode_90275053.json,logs\90275053\agent_0_observation_logs.json;logs\90275053\agent_1_observation_logs.json,success,,2026-08-06T10:03:54.260296Z
3,16422241,Raihan Ramadistra,55177269,1151.0,55177269,90275759,COMPLETED,EPISODE_TYPE_PUBLIC,2026-08-05T22:16:45.834195400Z,2026-08-05T22:17:48.634572500Z,1,55250125,__Taichicchi__,55250125,55177269,9714ab5c3996f6cc,648,replays\episode_90275759.json,logs\90275759\agent_0_observation_logs.json;logs\90275759\agent_1_observation_logs.json,success,,2026-08-06T10:03:49.332892Z
12,16452116,Sixth Sense,55138264,1113.7,55138264,90275771,COMPLETED,EPISODE_TYPE_PUBLIC,2026-08-05T22:16:45.848374300Z,2026-08-05T22:24:24.701292300Z,0,55199855,tw_shin,55138264,55199855,9714ab5c3996f6cc,648,replays\episode_90275771.json,logs\90275771\agent_0_observation_logs.json;logs\90275771\agent_1_observation_logs.json,success,,2026-08-06T10:03:56.066782Z
11,16561259,@kdcyberdude,55187358,1116.3,55187358,90275932,COMPLETED,EPISODE_TYPE_PUBLIC,2026-08-05T22:16:46.102277Z,2026-08-05T22:19:10.920333Z,0,55209778,KouFu,55187358,55209778,9714ab5c3996f6cc,648,replays\episode_90275932.json,logs\90275932\agent_0_observation_logs.json;logs\90275932\agent_1_observation_logs.json,success,,2026-08-06T09:54:53.439266Z
3,16422241,Raihan Ramadistra,55177269,1151.0,55177269,90276479,COMPLETED,EPISODE_TYPE_PUBLIC,2026-08-05T22:20:45.873940900Z,2026-08-05T22:21:47.941095900Z,0,55275287,flg,55177269,55275287,9714ab5c3996f6cc,648,replays\episode_90276479.json,logs\90276479\agent_0_observation_logs.json;logs\90276479\agent_1_observation_logs.json,success,,2026-08-06T10:03:51.874137Z
12,16452116,Sixth Sense,55138264,1113.7,55138264,90276492,COMPLETED,EPISODE_TYPE_PUBLIC,2026-08-05T22:20:45.886966Z,2026-08-05T22:21:27.091383600Z,1,54533407,trickstar,54533407,55138264,9714ab5c3996f6cc,648,replays\episode_90276492.json,logs\90276492\agent_0_observation_logs.json;logs\90276492\agent_1_observation_logs.json,success,,2026-08-06T10:03:59.306138Z
11,16561259,@kdcyberdude,55187358,1116.3,55187358,90276676,COMPLETED,EPISODE_TYPE_PUBLIC,2026-08-05T22:20:46.241148Z,2026-08-05T22:24:54.403957100Z,0,55201815,M Sato,55187358,55201815,9714ab5c3996f6cc,648,replays\episode_90276676.json,logs\90276676\agent_0_observation_logs.json;logs\90276676\agent_1_observation_logs.json,success,,2026-08-06T09:54:56.751731Z
3,16422241,Raihan Ramadistra,55177269,1151.0,55177269,90277197,COMPLETED,EPISODE_TYPE_PUBLIC,2026-08-05T22:24:47.098597900Z,2026-08-05T22:25:57.922176200Z,0,55251826,Rmy,55177269,55251826,9714ab5c3996f6cc,648,replays\episode_90277197.json,logs\90277197\agent_0_observation_logs.json;logs\90277197\agent_1_observation_logs.json,success,,2026-08-06T10:03:54.499142Z
12,16452116,Sixth Sense,55138264,1113.7,55138264,90277208,COMPLETED,EPISODE_TYPE_PUBLIC,2026-08-05T22:24:47.140926100Z,2026-08-05T22:25:41.400765300Z,0,55201815,M Sato,55138264,55201815,9714ab5c3996f6cc,648,replays\episode_90277208.json,logs\90277208\agent_0_observation_logs.json;logs\90277208\agent_1_observation_logs.json,success,,2026-08-06T10:04:01.238043Z
11,16561259,@kdcyberdude,55187358,1116.3,55187358,90277353,COMPLETED,EPISODE_TYPE_PUBLIC,2026-08-05T22:24:47.373785400Z,2026-08-05T22:26:36.462311400Z,1,55198468,M Sato,55198468,55187358,9714ab5c3996f6cc,648,replays\episode_90277353.json,logs\90277353\agent_0_observation_logs.json;logs\90277353\agent_1_observation_logs.json,failed,agent_1: JSONDecodeError: Expecting value: line 1 column 1 (char 0),2026-08-06T09:54:59.759182Z
12,16452116,Sixth Sense,55138264,1113.7,55138264,90277868,COMPLETED,EPISODE_TYPE_PUBLIC,2026-08-05T22:28:47.744198900Z,2026-08-05T22:29:41.516841800Z,1,55198468,M Sato,55198468,55138264,9714ab5c3996f6cc,648,replays\episode_90277868.json,logs\90277868\agent_0_observation_logs.json;logs\90277868\agent_1_observation_logs.json,success,,2026-08-06T10:04:05.256046Z
3,16422241,Raihan Ramadistra,55177269,1151.0,55177269,90277874,COMPLETED,EPISODE_TYPE_PUBLIC,2026-08-05T22:28:47.749585800Z,2026-08-05T22:30:23.840697300Z,1,55275219,flg,55275219,55177269,9714ab5c3996f6cc,648,replays\episode_90277874.json,logs\90277874\agent_0_observation_logs.json;logs\90277874\agent_1_observation_logs.json,success,,2026-08-06T10:04:00.838793Z
3,16422241,Raihan Ramadistra,55177269,1151.0,55177269,90277886,COMPLETED,EPISODE_TYPE_PUBLIC,2026-08-05T22:28:47.548390100Z,2026-08-05T22:29:49.537670700Z,1,55201815,M Sato,55201815,55177269,9714ab5c3996f6cc,648,replays\episode_90277886.json,logs\90277886\agent_0_observation_logs.json;logs\90277886\agent_1_observation_logs.json,success,,2026-08-06T10:03:57.205149Z
12,16452116,Sixth Sense,55138264,1113.7,55138264,90278048,COMPLETED,EPISODE_TYPE_PUBLIC,2026-08-05T22:28:48.571365200Z,2026-08-05T22:29:55.697237100Z,1,54773249,AlphaStarmie,54773249,55138264,9714ab5c3996f6cc,648,replays\episode_90278048.json,logs\90278048\agent_0_observation_logs.json;logs\90278048\agent_1_observation_logs.json,success,,2026-08-06T10:04:06.528784Z
3,16422241,Raihan Ramadistra,55177269,1151.0,55177269,90278627,COMPLETED,EPISODE_TYPE_PUBLIC,2026-08-05T22:32:46.291120200Z,2026-08-05T22:33:50.166212900Z,1,55248965,LiamK,55248965,55177269,9714ab5c3996f6cc,648,replays\episode_90278627.json,logs\90278627\agent_0_observation_logs.json;logs\90278627\agent_1_observation_logs.json,success,,2026-08-06T10:05:05.236279Z
12,16452116,Sixth Sense,55138264,1113.7,55138264,90278634,COMPLETED,EPISODE_TYPE_PUBLIC,2026-08-05T22:32:46.334091400Z,2026-08-05T22:33:29.729827600Z,1,55211393,pkm-agent,55211393,55138264,9714ab5c3996f6cc,648,replays\episode_90278634.json,logs\90278634\agent_0_observation_logs.json;logs\90278634\agent_1_observation_logs.json,success,,2026-08-06T10:04:09.515497Z
11,16561259,@kdcyberdude,55187358,1116.3,55187358,90279343,COMPLETED,EPISODE_TYPE_PUBLIC,2026-08-05T22:36:46.945937Z,2026-08-05T22:39:01.003456400Z,0,55138264,Sixth Sense,55187358,55138264,9714ab5c3996f6cc,648,replays\episode_90279343.json,logs\90279343\agent_0_observation_logs.json;logs\90279343\agent_1_observation_logs.json,success,,2026-08-06T09:55:02.746258Z
12,16452116,Sixth Sense,55138264,1113.7,55138264,90279343,COMPLETED,EPISODE_TYPE_PUBLIC,2026-08-05T22:36:46.945937Z,2026-08-05T22:39:01.003456400Z,1,55187358,@kdcyberdude,55187358,55138264,9714ab5c3996f6cc,648,replays\episode_90279343.json,logs\90279343\agent_0_observation_logs.json;logs\90279343\agent_1_observation_logs.json,skipped_existing,,2026-08-06T10:04:10.495201Z
3,16422241,Raihan Ramadistra,55177269,1151.0,55177269,90279357,COMPLETED,EPISODE_TYPE_PUBLIC,2026-08-05T22:36:46.960045Z,2026-08-05T22:38:22.880154300Z,0,55184021,李秉叡（ntumlnoob）,55177269,55184021,9714ab5c3996f6cc,648,replays\episode_90279357.json,logs\90279357\agent_0_observation_logs.json;logs\90279357\agent_1_observation_logs.json,success,,2026-08-06T10:05:08.655973Z
3,16422241,Raihan Ramadistra,55177269,1151.0,55177269,90279369,COMPLETED,EPISODE_TYPE_PUBLIC,2026-08-05T22:36:46.981123200Z,2026-08-05T22:38:57.094989Z,1,55184021,李秉叡（ntumlnoob）,55184021,55177269,9714ab5c3996f6cc,648,replays\episode_90279369.json,logs\90279369\agent_0_observation_logs.json;logs\90279369\agent_1_observation_logs.json,success,,2026-08-06T10:05:13.295483Z
11,16561259,@kdcyberdude,55187358,1116.3,55187358,90279482,COMPLETED,EPISODE_TYPE_PUBLIC,2026-08-05T22:36:47.349393800Z,2026-08-05T22:38:32.030465700Z,0,55278240,James Cox & Henry Chao,55187358,55278240,9714ab5c3996f6cc,648,replays\episode_90279482.json,logs\90279482\agent_0_observation_logs.json;logs\90279482\agent_1_observation_logs.json,success,,2026-08-06T09:55:04.625781Z
3,16422241,Raihan Ramadistra,55177269,1151.0,55177269,90280084,COMPLETED,EPISODE_TYPE_PUBLIC,2026-08-05T22:40:46.195399700Z,2026-08-05T22:41:32.169194300Z,0,55184624,bono,55177269,55184624,9714ab5c3996f6cc,648,replays\episode_90280084.json,logs\90280084\agent_0_observation_logs.json;logs\90280084\agent_1_observation_logs.json,success,,2026-08-06T10:05:16.104243Z
12,16452116,Sixth Sense,55138264,1113.7,55138264,90280085,COMPLETED,EPISODE_TYPE_PUBLIC,2026-08-05T22:40:46.196576900Z,2026-08-05T22:41:58.077872Z,1,55275219,flg,55275219,55138264,9714ab5c3996f6cc,648,replays\episode_90280085.json,logs\90280085\agent_0_observation_logs.json;logs\90280085\agent_1_observation_logs.json,success,,2026-08-06T10:04:10.637739Z
22,16541765,less,55249896,1072.3,55249896,90280141,COMPLETED,EPISODE_TYPE_PUBLIC,2026-08-05T22:40:46.338911700Z,2026-08-05T22:41:25.562073600Z,1,55188569,mitomeat823,55188569,55249896,9714ab5c3996f6cc,648,replays\episode_90280141.json,logs\90280141\agent_0_observation_logs.json;logs\90280141\agent_1_observation_logs.json,skipped_existing,,2026-08-06T09:52:41.528586Z
3,16422241,Raihan Ramadistra,55177269,1151.0,55177269,90280792,COMPLETED,EPISODE_TYPE_PUBLIC,2026-08-05T22:44:46.463045500Z,2026-08-05T22:45:43.860347Z,1,55201815,M Sato,55201815,55177269,9714ab5c3996f6cc,648,replays\episode_90280792.json,logs\90280792\agent_0_observation_logs.json;logs\90280792\agent_1_observation_logs.json,success,,2026-08-06T10:05:19.089568Z
12,16452116,Sixth Sense,55138264,1113.7,55138264,90280793,COMPLETED,EPISODE_TYPE_PUBLIC,2026-08-05T22:44:46.463748700Z,2026-08-05T22:45:29.693385Z,1,55209778,KouFu,55209778,55138264,9714ab5c3996f6cc,648,replays\episode_90280793.json,logs\90280793\agent_0_observation_logs.json;logs\90280793\agent_1_observation_logs.json,success,,2026-08-06T10:04:12.997213Z
12,16452116,Sixth Sense,55138264,1113.7,55138264,90280830,COMPLETED,EPISODE_TYPE_PUBLIC,2026-08-05T22:44:46.534677900Z,2026-08-05T22:45:52.311514900Z,0,54773249,AlphaStarmie,55138264,54773249,9714ab5c3996f6cc,648,replays\episode_90280830.json,logs\90280830\agent_0_observation_logs.json;logs\90280830\agent_1_observation_logs.json,success,,2026-08-06T10:04:14.382791Z
11,16561259,@kdcyberdude,55187358,1116.3,55187358,90280862,COMPLETED,EPISODE_TYPE_PUBLIC,2026-08-05T22:44:46.562827900Z,2026-08-05T22:48:27.876871700Z,1,55201815,M Sato,55201815,55187358,9714ab5c3996f6cc,648,replays\episode_90280862.json,logs\90280862\agent_0_observation_logs.json;logs\90280862\agent_1_observation_logs.json,success,,2026-08-06T09:55:07.374359Z
11,16561259,@kdcyberdude,55187358,1116.3,55187358,90280880,COMPLETED,EPISODE_TYPE_PUBLIC,2026-08-05T22:44:46.584272400Z,2026-08-05T22:47:20.727681300Z,0,55265345,Marshall Maximizer,55187358,55265345,9714ab5c3996f6cc,648,replays\episode_90280880.json,logs\90280880\agent_0_observation_logs.json;logs\90280880\agent_1_observation_logs.json,success,,2026-08-06T09:55:11.033871Z
12,16452116,Sixth Sense,55138264,1113.7,55138264,90281494,COMPLETED,EPISODE_TYPE_PUBLIC,2026-08-05T22:48:46.807946600Z,2026-08-05T22:49:54.110826Z,1,55275219,flg,55275219,55138264,9714ab5c3996f6cc,648,replays\episode_90281494.json,logs\90281494\agent_0_observation_logs.json;logs\90281494\agent_1_observation_logs.json,success,,2026-08-06T10:04:16.623113Z
3,16422241,Raihan Ramadistra,55177269,1151.0,55177269,90281499,COMPLETED,EPISODE_TYPE_PUBLIC,2026-08-05T22:48:46.808991200Z,2026-08-05T22:49:43.070629200Z,1,55165485,samehand,55165485,55177269,9714ab5c3996f6cc,648,replays\episode_90281499.json,logs\90281499\agent_0_observation_logs.json;logs\90281499\agent_1_observation_logs.json,success,,2026-08-06T10:05:22.558469Z
12,16452116,Sixth Sense,55138264,1113.7,55138264,90281510,COMPLETED,EPISODE_TYPE_PUBLIC,2026-08-05T22:48:46.812845100Z,2026-08-05T22:49:57.175638600Z,0,55275219,flg,55138264,55275219,9714ab5c3996f6cc,648,replays\episode_90281510.json,logs\90281510\agent_0_observation_logs.json;logs\90281510\agent_1_observation_logs.json,success,,2026-08-06T10:04:19.665452Z
22,16541765,less,55249896,1072.3,55249896,90281703,COMPLETED,EPISODE_TYPE_PUBLIC,2026-08-05T22:48:46.987851400Z,2026-08-05T22:49:25.068959700Z,0,55247479,齐乐,55249896,55247479,9714ab5c3996f6cc,648,replays\episode_90281703.json,logs\90281703\agent_0_observation_logs.json;logs\90281703\agent_1_observation_logs.json,skipped_existing,,2026-08-06T09:52:41.815035Z
3,16422241,Raihan Ramadistra,55177269,1151.0,55177269,90282231,COMPLETED,EPISODE_TYPE_PUBLIC,2026-08-05T22:52:45.848901600Z,2026-08-05T22:53:25.751257500Z,1,55214482,ShumpeiNomura,55214482,55177269,9714ab5c3996f6cc,648,replays\episode_90282231.json,logs\90282231\agent_0_observation_logs.json;logs\90282231\agent_1_observation_logs.json,success,,2026-08-06T10:05:24.493048Z
12,16452116,Sixth Sense,55138264,1113.7,55138264,90282233,COMPLETED,EPISODE_TYPE_PUBLIC,2026-08-05T22:52:45.851361400Z,2026-08-05T22:54:03.923573400Z,0,55278235,James Cox & Henry Chao,55138264,55278235,9714ab5c3996f6cc,648,replays\episode_90282233.json,logs\90282233\agent_0_observation_logs.json;logs\90282233\agent_1_observation_logs.json,success,,2026-08-06T10:04:22.915490Z
3,16422241,Raihan Ramadistra,55177269,1151.0,55177269,90282940,COMPLETED,EPISODE_TYPE_PUBLIC,2026-08-05T22:56:45.756161800Z,2026-08-05T22:57:43.985294800Z,0,55248965,LiamK,55177269,55248965,9714ab5c3996f6cc,648,replays\episode_90282940.json,logs\90282940\agent_0_observation_logs.json;logs\90282940\agent_1_observation_logs.json,success,,2026-08-06T10:05:26.865480Z
12,16452116,Sixth Sense,55138264,1113.7,55138264,90282949,COMPLETED,EPISODE_TYPE_PUBLIC,2026-08-05T22:56:45.764337300Z,2026-08-05T22:57:40.637684Z,1,55157623,miya,55157623,55138264,9714ab5c3996f6cc,648,replays\episode_90282949.json,logs\90282949\agent_0_observation_logs.json;logs\90282949\agent_1_observation_logs.json,success,,2026-08-06T10:04:24.747431Z
3,16422241,Raihan Ramadistra,55177269,1151.0,55177269,90283658,COMPLETED,EPISODE_TYPE_PUBLIC,2026-08-05T23:00:46.301841700Z,2026-08-05T23:01:54.256733400Z,0,55248965,LiamK,55177269,55248965,9714ab5c3996f6cc,648,replays\episode_90283658.json,logs\90283658\agent_0_observation_logs.json;logs\90283658\agent_1_observation_logs.json,success,,2026-08-06T10:05:29.111196Z
3,16422241,Raihan Ramadistra,55177269,1151.0,55177269,90283660,COMPLETED,EPISODE_TYPE_PUBLIC,2026-08-05T23:00:46.303454700Z,2026-08-05T23:01:50.709789700Z,0,55244170,Sailor Ren,55177269,55244170,9714ab5c3996f6cc,648,replays\episode_90283660.json,logs\90283660\agent_0_observation_logs.json;logs\90283660\agent_1_observation_logs.json,success,,2026-08-06T10:05:31.257542Z
12,16452116,Sixth Sense,55138264,1113.7,55138264,90283665,COMPLETED,EPISODE_TYPE_PUBLIC,2026-08-05T23:00:46.334458Z,2026-08-05T23:01:36.908281600Z,0,54934494,Arav Goyal,55138264,54934494,9714ab5c3996f6cc,648,replays\episode_90283665.json,logs\90283665\agent_0_observation_logs.json;logs\90283665\agent_1_observation_logs.json,success,,2026-08-06T10:04:26.878708Z
22,16541765,less,55249896,1072.3,55249896,90284301,COMPLETED,EPISODE_TYPE_PUBLIC,2026-08-05T23:04:46.231786700Z,2026-08-05T23:05:25.642137400Z,1,55280966,ASH,55280966,55249896,9714ab5c3996f6cc,648,replays\episode_90284301.json,logs\90284301\agent_0_observation_logs.json;logs\90284301\agent_1_observation_logs.json,skipped_existing,,2026-08-06T09:52:41.955452Z
3,16422241,Raihan Ramadistra,55177269,1151.0,55177269,90284380,COMPLETED,EPISODE_TYPE_PUBLIC,2026-08-05T23:04:46.357500400Z,2026-08-05T23:05:43.854671500Z,0,55185728,tonakaiiii,55177269,55185728,9714ab5c3996f6cc,648,replays\episode_90284380.json,logs\90284380\agent_0_observation_logs.json;logs\90284380\agent_1_observation_logs.json,success,,2026-08-06T10:05:33.458400Z
12,16452116,Sixth Sense,55138264,1113.7,55138264,90284381,COMPLETED,EPISODE_TYPE_PUBLIC,2026-08-05T23:04:46.360690800Z,2026-08-05T23:06:06.844871300Z,0,55270332,MtN,55138264,55270332,9714ab5c3996f6cc,648,replays\episode_90284381.json,logs\90284381\agent_0_observation_logs.json;logs\90284381\agent_1_observation_logs.json,success,,2026-08-06T10:04:27.955576Z
11,16561259,@kdcyberdude,55187358,1116.3,55187358,90284510,COMPLETED,EPISODE_TYPE_PUBLIC,2026-08-05T23:04:46.590206500Z,2026-08-05T23:07:12.081888200Z,0,55275287,flg,55187358,55275287,9714ab5c3996f6cc,648,replays\episode_90284510.json,logs\90284510\agent_0_observation_logs.json;logs\90284510\agent_1_observation_logs.json,success,,2026-08-06T09:55:13.586371Z
22,16541765,less,55249896,1072.3,55249896,90285147,COMPLETED,EPISODE_TYPE_PUBLIC,2026-08-05T23:08:46.325124200Z,2026-08-05T23:10:12.406735900Z,0,55202823,Raihan Ramadistra,55249896,55202823,9714ab5c3996f6cc,648,replays\episode_90285147.json,logs\90285147\agent_0_observation_logs.json;logs\90285147\agent_1_observation_logs.json,skipped_existing,,2026-08-06T09:52:42.276678Z
12,16452116,Sixth Sense,55138264,1113.7,55138264,90285152,COMPLETED,EPISODE_TYPE_PUBLIC,2026-08-05T23:08:46.662303900Z,2026-08-05T23:09:35.884935200Z,0,55094113,JZ,55138264,55094113,9714ab5c3996f6cc,648,replays\episode_90285152.json,logs\90285152\agent_0_observation_logs.json;logs\90285152\agent_1_observation_logs.json,success,,2026-08-06T10:04:30.592909Z
3,16422241,Raihan Ramadistra,55177269,1151.0,55177269,90285162,COMPLETED,EPISODE_TYPE_PUBLIC,2026-08-05T23:08:46.667217100Z,2026-08-05T23:09:40.227755900Z,1,55280368,Roman Nesterov,55280368,55177269,9714ab5c3996f6cc,648,replays\episode_90285162.json,logs\90285162\agent_0_observation_logs.json;logs\90285162\agent_1_observation_logs.json,success,,2026-08-06T10:05:35.619560Z
12,16452116,Sixth Sense,55138264,1113.7,55138264,90285164,COMPLETED,EPISODE_TYPE_PUBLIC,2026-08-05T23:08:46.667576Z,2026-08-05T23:10:21.149280900Z,1,55184021,李秉叡（ntumlnoob）,55184021,55138264,9714ab5c3996f6cc,648,replays\episode_90285164.json,logs\90285164\agent_0_observation_logs.json;logs\90285164\agent_1_observation_logs.json,success,,2026-08-06T10:04:32.967598Z
22,16541765,less,55249896,1072.3,55249896,90285200,COMPLETED,EPISODE_TYPE_PUBLIC,2026-08-05T23:08:46.741985300Z,2026-08-05T23:09:24.216790200Z,1,55235071,Yan,55235071,55249896,9714ab5c3996f6cc,648,replays\episode_90285200.json,logs\90285200\agent_0_observation_logs.json;logs\90285200\agent_1_observation_logs.json,skipped_existing,,2026-08-06T09:52:42.988201Z
3,16422241,Raihan Ramadistra,55177269,1151.0,55177269,90285285,COMPLETED,EPISODE_TYPE_PUBLIC,2026-08-05T23:08:46.836841500Z,2026-08-05T23:09:38.041645500Z,1,55230940,cununn,55230940,55177269,9714ab5c3996f6cc,648,replays\episode_90285285.json,logs\90285285\agent_0_observation_logs.json;logs\90285285\agent_1_observation_logs.json,success,,2026-08-06T10:05:38.057697Z
3,16422241,Raihan Ramadistra,55177269,1151.0,55177269,90285853,COMPLETED,EPISODE_TYPE_PUBLIC,2026-08-05T23:12:46.079263Z,2026-08-05T23:13:30.231118400Z,1,55175954,palsystem,55175954,55177269,9714ab5c3996f6cc,648,replays\episode_90285853.json,logs\90285853\agent_0_observation_logs.json;logs\90285853\agent_1_observation_logs.json,success,,2026-08-06T10:05:41.006627Z
12,16452116,Sixth Sense,55138264,1113.7,55138264,90285859,COMPLETED,EPISODE_TYPE_PUBLIC,2026-08-05T23:12:46.086774300Z,2026-08-05T23:14:27.776665400Z,1,55271345,Lunariz,55271345,55138264,9714ab5c3996f6cc,648,replays\episode_90285859.json,logs\90285859\agent_0_observation_logs.json;logs\90285859\agent_1_observation_logs.json,success,,2026-08-06T10:04:38.516881Z
12,16452116,Sixth Sense,55138264,1113.7,55138264,90285879,COMPLETED,EPISODE_TYPE_PUBLIC,2026-08-05T23:12:45.621001800Z,2026-08-05T23:15:10.114371200Z,0,55184021,李秉叡（ntumlnoob）,55138264,55184021,9714ab5c3996f6cc,648,replays\episode_90285879.json,logs\90285879\agent_0_observation_logs.json;logs\90285879\agent_1_observation_logs.json,success,,2026-08-06T10:04:35.736821Z
22,16541765,less,55249896,1072.3,55249896,90285905,COMPLETED,EPISODE_TYPE_PUBLIC,2026-08-05T23:12:46.149022700Z,2026-08-05T23:14:02.697051600Z,1,55271345,Lunariz,55271345,55249896,9714ab5c3996f6cc,648,replays\episode_90285905.json,logs\90285905\agent_0_observation_logs.json;logs\90285905\agent_1_observation_logs.json,skipped_existing,,2026-08-06T09:52:44.184287Z
3,16422241,Raihan Ramadistra,55177269,1151.0,55177269,90286543,COMPLETED,EPISODE_TYPE_PUBLIC,2026-08-05T23:16:47.694316200Z,2026-08-05T23:17:49.482236500Z,1,55248965,LiamK,55248965,55177269,9714ab5c3996f6cc,648,replays\episode_90286543.json,logs\90286543\agent_0_observation_logs.json;logs\90286543\agent_1_observation_logs.json,success,,2026-08-06T10:05:44.200417Z
3,16422241,Raihan Ramadistra,55177269,1151.0,55177269,90286548,COMPLETED,EPISODE_TYPE_PUBLIC,2026-08-05T23:16:47.700240200Z,2026-08-05T23:17:40.921440900Z,1,55198468,M Sato,55198468,55177269,9714ab5c3996f6cc,648,replays\episode_90286548.json,logs\90286548\agent_0_observation_logs.json;logs\90286548\agent_1_observation_logs.json,success,,2026-08-06T10:05:47.405208Z
12,16452116,Sixth Sense,55138264,1113.7,55138264,90286551,COMPLETED,EPISODE_TYPE_PUBLIC,2026-08-05T23:16:47.706056400Z,2026-08-05T23:17:37.103208300Z,1,55278235,James Cox & Henry Chao,55278235,55138264,9714ab5c3996f6cc,648,replays\episode_90286551.json,logs\90286551\agent_0_observation_logs.json;logs\90286551\agent_1_observation_logs.json,success,,2026-08-06T10:04:39.848271Z
3,16422241,Raihan Ramadistra,55177269,1151.0,55177269,90287266,COMPLETED,EPISODE_TYPE_PUBLIC,2026-08-05T23:20:45.875489600Z,2026-08-05T23:22:39.789552200Z,0,55270652,Octavi Grau,55177269,55270652,9714ab5c3996f6cc,648,replays\episode_90287266.json,logs\90287266\agent_0_observation_logs.json;logs\90287266\agent_1_observation_logs.json,success,,2026-08-06T10:05:50.544844Z
12,16452116,Sixth Sense,55138264,1113.7,55138264,90287274,COMPLETED,EPISODE_TYPE_PUBLIC,2026-08-05T23:20:45.883374Z,2026-08-05T23:22:20.898194400Z,0,55265345,Marshall Maximizer,55138264,55265345,9714ab5c3996f6cc,648,replays\episode_90287274.json,logs\90287274\agent_0_observation_logs.json;logs\90287274\agent_1_observation_logs.json,success,,2026-08-06T10:04:41.002311Z
11,16561259,@kdcyberdude,55187358,1116.3,55187358,90287430,COMPLETED,EPISODE_TYPE_PUBLIC,2026-08-05T23:20:46.153741200Z,2026-08-05T23:22:44.188116Z,1,55107167,palsystem,55107167,55187358,9714ab5c3996f6cc,648,replays\episode_90287430.json,logs\90287430\agent_0_observation_logs.json;logs\90287430\agent_1_observation_logs.json,success,,2026-08-06T09:55:18.553601Z
3,16422241,Raihan Ramadistra,55177269,1151.0,55177269,90287892,COMPLETED,EPISODE_TYPE_PUBLIC,2026-08-05T23:24:46.399810600Z,2026-08-05T23:25:38.367634100Z,0,55275287,flg,55177269,55275287,9714ab5c3996f6cc,648,replays\episode_90287892.json,logs\90287892\agent_0_observation_logs.json;logs\90287892\agent_1_observation_logs.json,success,,2026-08-06T10:05:53.160025Z
11,16561259,@kdcyberdude,55187358,1116.3,55187358,90287982,COMPLETED,EPISODE_TYPE_PUBLIC,2026-08-05T23:24:46.536925600Z,2026-08-05T23:27:42.466498500Z,0,55228079,Arthurs Torres24,55187358,55228079,9714ab5c3996f6cc,648,replays\episode_90287982.json,logs\90287982\agent_0_observation_logs.json;logs\90287982\agent_1_observation_logs.json,success,,2026-08-06T09:55:21.239754Z
12,16452116,Sixth Sense,55138264,1113.7,55138264,90288074,COMPLETED,EPISODE_TYPE_PUBLIC,2026-08-05T23:24:46.650833400Z,2026-08-05T23:26:06.971906400Z,1,55184160,Akira Hirohashi,55184160,55138264,9714ab5c3996f6cc,648,replays\episode_90288074.json,logs\90288074\agent_0_observation_logs.json;logs\90288074\agent_1_observation_logs.json,success,,2026-08-06T10:04:43.327860Z
12,16452116,Sixth Sense,55138264,1113.7,55138264,90288532,COMPLETED,EPISODE_TYPE_PUBLIC,2026-08-05T23:28:46.725836900Z,2026-08-05T23:29:43.197465200Z,0,55157510,hirune924,55138264,55157510,9714ab5c3996f6cc,648,replays\episode_90288532.json,logs\90288532\agent_0_observation_logs.json;logs\90288532\agent_1_observation_logs.json,success,,2026-08-06T10:04:45.995016Z
3,16422241,Raihan Ramadistra,55177269,1151.0,55177269,90288686,COMPLETED,EPISODE_TYPE_PUBLIC,2026-08-05T23:28:47.151893400Z,2026-08-05T23:33:08.419137800Z,1,55261261,DavidFreelan,55261261,55177269,9714ab5c3996f6cc,648,replays\episode_90288686.json,logs\90288686\agent_0_observation_logs.json;logs\90288686\agent_1_observation_logs.json,success,,2026-08-06T10:05:55.394668Z
11,16561259,@kdcyberdude,55187358,1116.3,55187358,90288765,COMPLETED,EPISODE_TYPE_PUBLIC,2026-08-05T23:28:47.269331300Z,2026-08-05T23:31:49.208015300Z,0,55265345,Marshall Maximizer,55187358,55265345,9714ab5c3996f6cc,648,replays\episode_90288765.json,logs\90288765\agent_0_observation_logs.json;logs\90288765\agent_1_observation_logs.json,success,,2026-08-06T09:55:25.484029Z
12,16452116,Sixth Sense,55138264,1113.7,55138264,90288822,COMPLETED,EPISODE_TYPE_PUBLIC,2026-08-05T23:28:46.874136600Z,2026-08-05T23:29:41.531944Z,1,55184624,bono,55184624,55138264,9714ab5c3996f6cc,648,replays\episode_90288822.json,logs\90288822\agent_0_observation_logs.json;logs\90288822\agent_1_observation_logs.json,success,,2026-08-06T10:04:48.215419Z
3,16422241,Raihan Ramadistra,55177269,1151.0,55177269,90289425,COMPLETED,EPISODE_TYPE_PUBLIC,2026-08-05T23:32:45.885351700Z,2026-08-05T23:34:02.774878700Z,1,55248965,LiamK,55248965,55177269,9714ab5c3996f6cc,648,replays\episode_90289425.json,logs\90289425\agent_0_observation_logs.json;logs\90289425\agent_1_observation_logs.json,success,,2026-08-06T10:05:58.338747Z
3,16422241,Raihan Ramadistra,55177269,1151.0,55177269,90289431,COMPLETED,EPISODE_TYPE_PUBLIC,2026-08-05T23:32:45.891879600Z,2026-08-05T23:33:58.348713700Z,0,55274772,pztriatomic,55177269,55274772,9714ab5c3996f6cc,648,replays\episode_90289431.json,logs\90289431\agent_0_observation_logs.json;logs\90289431\agent_1_observation_logs.json,success,,2026-08-06T10:06:01.543527Z
12,16452116,Sixth Sense,55138264,1113.7,55138264,90289435,COMPLETED,EPISODE_TYPE_PUBLIC,2026-08-05T23:32:45.896392800Z,2026-08-05T23:35:29.047970400Z,0,55237146,matsurih,55138264,55237146,9714ab5c3996f6cc,648,replays\episode_90289435.json,logs\90289435\agent_0_observation_logs.json;logs\90289435\agent_1_observation_logs.json,success,,2026-08-06T10:04:49.852810Z
11,16561259,@kdcyberdude,55187358,1116.3,55187358,90289572,COMPLETED,EPISODE_TYPE_PUBLIC,2026-08-05T23:32:46.094011300Z,2026-08-05T23:35:35.609906900Z,1,55270332,MtN,55270332,55187358,9714ab5c3996f6cc,648,replays\episode_90289572.json,logs\90289572\agent_0_observation_logs.json;logs\90289572\agent_1_observation_logs.json,success,,2026-08-06T09:55:29.013057Z
3,16422241,Raihan Ramadistra,55177269,1151.0,55177269,90290111,COMPLETED,EPISODE_TYPE_PUBLIC,2026-08-05T23:36:45.827477400Z,2026-08-05T23:37:48.511537700Z,0,55198468,M Sato,55177269,55198468,9714ab5c3996f6cc,648,replays\episode_90290111.json,logs\90290111\agent_0_observation_logs.json;logs\90290111\agent_1_observation_logs.json,success,,2026-08-06T10:06:04.208191Z
3,16422241,Raihan Ramadistra,55177269,1151.0,55177269,90290112,COMPLETED,EPISODE_TYPE_PUBLIC,2026-08-05T23:36:45.872268800Z,2026-08-05T23:38:29.126064200Z,1,55184021,李秉叡（ntumlnoob）,55184021,55177269,9714ab5c3996f6cc,648,replays\episode_90290112.json,logs\90290112\agent_0_observation_logs.json;logs\90290112\agent_1_observation_logs.json,success,,2026-08-06T10:06:07.016319Z
12,16452116,Sixth Sense,55138264,1113.7,55138264,90290229,COMPLETED,EPISODE_TYPE_PUBLIC,2026-08-05T23:36:46.080445900Z,2026-08-05T23:37:58.664781Z,0,55267977,JB Bryant,55138264,55267977,9714ab5c3996f6cc,648,replays\episode_90290229.json,logs\90290229\agent_0_observation_logs.json;logs\90290229\agent_1_observation_logs.json,success,,2026-08-06T10:04:53.279829Z
11,16561259,@kdcyberdude,55187358,1116.3,55187358,90290278,COMPLETED,EPISODE_TYPE_PUBLIC,2026-08-05T23:36:46.153814400Z,2026-08-05T23:45:34.754885500Z,1,55190405,EricYang03,55190405,55187358,9714ab5c3996f6cc,648,replays\episode_90290278.json,logs\90290278\agent_0_observation_logs.json;logs\90290278\agent_1_observation_logs.json,success,,2026-08-06T09:55:32.608373Z
12,16452116,Sixth Sense,55138264,1113.7,55138264,90290862,COMPLETED,EPISODE_TYPE_PUBLIC,2026-08-05T23:40:45.793713800Z,2026-08-05T23:41:41.467859Z,0,55275219,flg,55138264,55275219,9714ab5c3996f6cc,648,replays\episode_90290862.json,logs\90290862\agent_0_observation_logs.json;logs\90290862\agent_1_observation_logs.json,success,,2026-08-06T10:04:57.753483Z
3,16422241,Raihan Ramadistra,55177269,1151.0,55177269,90290864,COMPLETED,EPISODE_TYPE_PUBLIC,2026-08-05T23:40:45.796264600Z,2026-08-05T23:41:54.735643600Z,0,55275219,flg,55177269,55275219,9714ab5c3996f6cc,648,replays\episode_90290864.json,logs\90290864\agent_0_observation_logs.json;logs\90290864\agent_1_observation_logs.json,success,,2026-08-06T10:06:09.938884Z
12,16452116,Sixth Sense,55138264,1113.7,55138264,90290873,COMPLETED,EPISODE_TYPE_PUBLIC,2026-08-05T23:40:45.861956800Z,2026-08-05T23:41:46.154723500Z,1,55175954,palsystem,55175954,55138264,9714ab5c3996f6cc,648,replays\episode_90290873.json,logs\90290873\agent_0_observation_logs.json;logs\90290873\agent_1_observation_logs.json,success,,2026-08-06T10:05:00.939236Z
11,16561259,@kdcyberdude,55187358,1116.3,55187358,90290943,COMPLETED,EPISODE_TYPE_PUBLIC,2026-08-05T23:40:45.964690900Z,2026-08-05T23:43:19.173583200Z,0,55250753,Dominic Peel,55187358,55250753,9714ab5c3996f6cc,648,replays\episode_90290943.json,logs\90290943\agent_0_observation_logs.json;logs\90290943\agent_1_observation_logs.json,success,,2026-08-06T09:55:35.535257Z
12,16452116,Sixth Sense,55138264,1113.7,55138264,90291470,COMPLETED,EPISODE_TYPE_PUBLIC,2026-08-05T23:44:45.579007900Z,2026-08-05T23:45:49.422008500Z,1,55281885,Petit Canard,55281885,55138264,9714ab5c3996f6cc,648,replays\episode_90291470.json,logs\90291470\agent_0_observation_logs.json;logs\90291470\agent_1_observation_logs.json,success,,2026-08-06T10:05:03.527727Z
11,16561259,@kdcyberdude,55187358,1116.3,55187358,90291597,COMPLETED,EPISODE_TYPE_PUBLIC,2026-08-05T23:44:45.755169400Z,2026-08-05T23:47:12.687849100Z,0,55177269,Raihan Ramadistra,55187358,55177269,9714ab5c3996f6cc,648,replays\episode_90291597.json,logs\90291597\agent_0_observation_logs.json;logs\90291597\agent_1_observation_logs.json,success,,2026-08-06T09:55:38.450771Z
3,16422241,Raihan Ramadistra,55177269,1151.0,55177269,90291597,COMPLETED,EPISODE_TYPE_PUBLIC,2026-08-05T23:44:45.755169400Z,2026-08-05T23:47:12.687849100Z,1,55187358,@kdcyberdude,55187358,55177269,9714ab5c3996f6cc,648,replays\episode_90291597.json,logs\90291597\agent_0_observation_logs.json;logs\90291597\agent_1_observation_logs.json,skipped_existing,,2026-08-06T10:06:13.071340Z
12,16452116,Sixth Sense,55138264,1113.7,55138264,90291603,COMPLETED,EPISODE_TYPE_PUBLIC,2026-08-05T23:44:45.759586800Z,2026-08-05T23:46:12.271290400Z,0,55202823,Raihan Ramadistra,55138264,55202823,9714ab5c3996f6cc,648,replays\episode_90291603.json,logs\90291603\agent_0_observation_logs.json;logs\90291603\agent_1_observation_logs.json,success,,2026-08-06T10:05:07.642217Z
11,16561259,@kdcyberdude,55187358,1116.3,55187358,90291652,COMPLETED,EPISODE_TYPE_PUBLIC,2026-08-05T23:44:45.834631200Z,2026-08-05T23:49:19.476741700Z,0,55281885,Petit Canard,55187358,55281885,9714ab5c3996f6cc,648,replays\episode_90291652.json,logs\90291652\agent_0_observation_logs.json;logs\90291652\agent_1_observation_logs.json,success,,2026-08-06T09:55:41.582672Z
3,16422241,Raihan Ramadistra,55177269,1151.0,55177269,90292326,COMPLETED,EPISODE_TYPE_PUBLIC,2026-08-05T23:48:46.963048400Z,2026-08-05T23:50:26.505783700Z,0,55265345,Marshall Maximizer,55177269,55265345,9714ab5c3996f6cc,648,replays\episode_90292326.json,logs\90292326\agent_0_observation_logs.json;logs\90292326\agent_1_observation_logs.json,success,,2026-08-06T10:06:13.214853Z
11,16561259,@kdcyberdude,55187358,1116.3,55187358,90292336,COMPLETED,EPISODE_TYPE_PUBLIC,2026-08-05T23:48:46.222306800Z,2026-08-05T23:51:35.050875100Z,0,55184624,bono,55187358,55184624,9714ab5c3996f6cc,648,replays\episode_90292336.json,logs\90292336\agent_0_observation_logs.json;logs\90292336\agent_1_observation_logs.json,success,,2026-08-06T09:55:46.940392Z
12,16452116,Sixth Sense,55138264,1113.7,55138264,90292355,COMPLETED,EPISODE_TYPE_PUBLIC,2026-08-05T23:48:46.965374900Z,2026-08-05T23:50:23.559026100Z,0,55265345,Marshall Maximizer,55138264,55265345,9714ab5c3996f6cc,648,replays\episode_90292355.json,logs\90292355\agent_0_observation_logs.json;logs\90292355\agent_1_observation_logs.json,success,,2026-08-06T10:05:12.885393Z
22,16541765,less,55249896,1072.3,55249896,90292404,COMPLETED,EPISODE_TYPE_PUBLIC,2026-08-05T23:48:47.056904800Z,2026-08-05T23:49:37.111372600Z,1,53805726,Issy,53805726,55249896,9714ab5c3996f6cc,648,replays\episode_90292404.json,logs\90292404\agent_0_observation_logs.json;logs\90292404\agent_1_observation_logs.json,skipped_existing,,2026-08-06T09:52:44.970633Z
3,16422241,Raihan Ramadistra,55177269,1151.0,55177269,90293055,COMPLETED,EPISODE_TYPE_PUBLIC,2026-08-05T23:52:46.051428400Z,2026-08-05T23:53:48.431319100Z,1,55175954,palsystem,55175954,55177269,9714ab5c3996f6cc,648,replays\episode_90293055.json,logs\90293055\agent_0_observation_logs.json;logs\90293055\agent_1_observation_logs.json,success,,2026-08-06T10:06:16.547859Z
12,16452116,Sixth Sense,55138264,1113.7,55138264,90293061,COMPLETED,EPISODE_TYPE_PUBLIC,2026-08-05T23:52:46.057019400Z,2026-08-05T23:57:34.359723700Z,0,55245607,cyrus,55138264,55245607,9714ab5c3996f6cc,648,replays\episode_90293061.json,logs\90293061\agent_0_observation_logs.json;logs\90293061\agent_1_observation_logs.json,success,,2026-08-06T10:05:14.963185Z
12,16452116,Sixth Sense,55138264,1113.7,55138264,90293063,COMPLETED,EPISODE_TYPE_PUBLIC,2026-08-05T23:52:46.058994100Z,2026-08-05T23:53:47.856437500Z,0,55278240,James Cox & Henry Chao,55138264,55278240,9714ab5c3996f6cc,648,replays\episode_90293063.json,logs\90293063\agent_0_observation_logs.json;logs\90293063\agent_1_observation_logs.json,success,,2026-08-06T10:05:19.189644Z
11,16561259,@kdcyberdude,55187358,1116.3,55187358,90293086,COMPLETED,EPISODE_TYPE_PUBLIC,2026-08-05T23:52:46.085791800Z,2026-08-05T23:59:28.266099100Z,0,55237146,matsurih,55187358,55237146,9714ab5c3996f6cc,648,replays\episode_90293086.json,logs\90293086\agent_0_observation_logs.json;logs\90293086\agent_1_observation_logs.json,success,,2026-08-06T09:55:49.991897Z
3,16422241,Raihan Ramadistra,55177269,1151.0,55177269,90293786,COMPLETED,EPISODE_TYPE_PUBLIC,2026-08-05T23:56:45.682351600Z,2026-08-05T23:57:41.905468900Z,1,55275602,Dries @ Tufa Labs,55275602,55177269,9714ab5c3996f6cc,648,replays\episode_90293786.json,logs\90293786\agent_0_observation_logs.json;logs\90293786\agent_1_observation_logs.json,success,,2026-08-06T10:06:19.247183Z
12,16452116,Sixth Sense,55138264,1113.7,55138264,90293794,COMPLETED,EPISODE_TYPE_PUBLIC,2026-08-05T23:56:45.691813800Z,2026-08-05T23:58:36.105471600Z,1,55184021,李秉叡（ntumlnoob）,55184021,55138264,9714ab5c3996f6cc,648,replays\episode_90293794.json,logs\90293794\agent_0_observation_logs.json;logs\90293794\agent_1_observation_logs.json,success,,2026-08-06T10:05:22.605473Z
11,16561259,@kdcyberdude,55187358,1116.3,55187358,90293819,COMPLETED,EPISODE_TYPE_PUBLIC,2026-08-05T23:56:45.746835200Z,2026-08-06T00:06:51.335003200Z,1,55277931,Team Rot-Weiß,55277931,55187358,9714ab5c3996f6cc,648,replays\episode_90293819.json,logs\90293819\agent_0_observation_logs.json;logs\90293819\agent_1_observation_logs.json,success,,2026-08-06T09:55:53.158444Z
12,16452116,Sixth Sense,55138264,1113.7,55138264,90294532,COMPLETED,EPISODE_TYPE_PUBLIC,2026-08-06T00:00:46.342855500Z,2026-08-06T00:01:49.343995300Z,0,55177269,Raihan Ramadistra,55138264,55177269,9714ab5c3996f6cc,648,replays\episode_90294532.json,logs\90294532\agent_0_observation_logs.json;logs\90294532\agent_1_observation_logs.json,success,,2026-08-06T10:05:25.167576Z
3,16422241,Raihan Ramadistra,55177269,1151.0,55177269,90294532,COMPLETED,EPISODE_TYPE_PUBLIC,2026-08-06T00:00:46.342855500Z,2026-08-06T00:01:49.343995300Z,1,55138264,Sixth Sense,55138264,55177269,9714ab5c3996f6cc,648,replays\episode_90294532.json,logs\90294532\agent_0_observation_logs.json;logs\90294532\agent_1_observation_logs.json,skipped_existing,,2026-08-06T10:06:21.668611Z
12,16452116,Sixth Sense,55138264,1113.7,55138264,90294536,COMPLETED,EPISODE_TYPE_PUBLIC,2026-08-06T00:00:46.346598900Z,2026-08-06T00:01:40.204090100Z,1,54145710,Wilson Mugabo,54145710,55138264,9714ab5c3996f6cc,648,replays\episode_90294536.json,logs\90294536\agent_0_observation_logs.json;logs\90294536\agent_1_observation_logs.json,success,,2026-08-06T10:05:28.207020Z
11,16561259,@kdcyberdude,55187358,1116.3,55187358,90294549,COMPLETED,EPISODE_TYPE_PUBLIC,2026-08-06T00:00:46.361813Z,2026-08-06T00:02:26.285176100Z,1,55278240,James Cox & Henry Chao,55278240,55187358,9714ab5c3996f6cc,648,replays\episode_90294549.json,logs\90294549\agent_0_observation_logs.json;logs\90294549\agent_1_observation_logs.json,success,,2026-08-06T09:55:57.277752Z
11,16561259,@kdcyberdude,55187358,1116.3,55187358,90294553,COMPLETED,EPISODE_TYPE_PUBLIC,2026-08-06T00:00:46.367341800Z,2026-08-06T00:02:47.357568Z,1,55068391,YSD Sei,55068391,55187358,9714ab5c3996f6cc,648,replays\episode_90294553.json,logs\90294553\agent_0_observation_logs.json;logs\90294553\agent_1_observation_logs.json,success,,2026-08-06T09:56:00.385704Z
12,16452116,Sixth Sense,55138264,1113.7,55138264,90295324,COMPLETED,EPISODE_TYPE_PUBLIC,2026-08-06T00:04:46.170291600Z,2026-08-06T00:05:41.866386100Z,0,55275471,kanno,55138264,55275471,9714ab5c3996f6cc,648,replays\episode_90295324.json,logs\90295324\agent_0_observation_logs.json;logs\90295324\agent_1_observation_logs.json,success,,2026-08-06T10:05:30.181388Z
3,16422241,Raihan Ramadistra,55177269,1151.0,55177269,90295336,COMPLETED,EPISODE_TYPE_PUBLIC,2026-08-06T00:04:46.177861600Z,2026-08-06T00:05:53.613255800Z,1,55215429,ShumpeiNomura,55215429,55177269,9714ab5c3996f6cc,648,replays\episode_90295336.json,logs\90295336\agent_0_observation_logs.json;logs\90295336\agent_1_observation_logs.json,success,,2026-08-06T10:06:21.807273Z
11,16561259,@kdcyberdude,55187358,1116.3,55187358,90295371,COMPLETED,EPISODE_TYPE_PUBLIC,2026-08-06T00:04:46.256300200Z,2026-08-06T00:07:33.194760800Z,0,55248957,LiamK,55187358,55248957,9714ab5c3996f6cc,648,replays\episode_90295371.json,logs\90295371\agent_0_observation_logs.json;logs\90295371\agent_1_observation_logs.json,success,,2026-08-06T09:56:03.031442Z
3,16422241,Raihan Ramadistra,55177269,1151.0,55177269,90296065,COMPLETED,EPISODE_TYPE_PUBLIC,2026-08-06T00:08:46.663751900Z,2026-08-06T00:09:39.706947900Z,1,55275219,flg,55275219,55177269,9714ab5c3996f6cc,648,replays\episode_90296065.json,logs\90296065\agent_0_observation_logs.json;logs\90296065\agent_1_observation_logs.json,success,,2026-08-06T10:06:24.197881Z
12,16452116,Sixth Sense,55138264,1113.7,55138264,90296081,COMPLETED,EPISODE_TYPE_PUBLIC,2026-08-06T00:08:46.681590700Z,2026-08-06T00:10:03.908031Z,1,55278240,James Cox & Henry Chao,55278240,55138264,9714ab5c3996f6cc,648,replays\episode_90296081.json,logs\90296081\agent_0_observation_logs.json;logs\90296081\agent_1_observation_logs.json,success,,2026-08-06T10:05:32.190414Z
3,16422241,Raihan Ramadistra,55177269,1151.0,55177269,90296084,COMPLETED,EPISODE_TYPE_PUBLIC,2026-08-06T00:08:46.747183900Z,2026-08-06T00:09:51.883302200Z,0,55275287,flg,55177269,55275287,9714ab5c3996f6cc,648,replays\episode_90296084.json,logs\90296084\agent_0_observation_logs.json;logs\90296084\agent_1_observation_logs.json,success,,2026-08-06T10:06:27.137922Z
11,16561259,@kdcyberdude,55187358,1116.3,55187358,90296144,COMPLETED,EPISODE_TYPE_PUBLIC,2026-08-06T00:08:46.853403900Z,2026-08-06T00:12:37.818467500Z,1,55262913,ONE PIECE,55262913,55187358,9714ab5c3996f6cc,648,replays\episode_90296144.json,logs\90296144\agent_0_observation_logs.json;logs\90296144\agent_1_observation_logs.json,success,,2026-08-06T09:56:05.584363Z
12,16452116,Sixth Sense,55138264,1113.7,55138264,90296806,COMPLETED,EPISODE_TYPE_PUBLIC,2026-08-06T00:12:46.436779800Z,2026-08-06T00:13:29.142572Z,0,53969048,eiji noguchi,55138264,53969048,9714ab5c3996f6cc,648,replays\episode_90296806.json,logs\90296806\agent_0_observation_logs.json;logs\90296806\agent_1_observation_logs.json,success,,2026-08-06T10:05:34.669091Z
3,16422241,Raihan Ramadistra,55177269,1151.0,55177269,90296809,COMPLETED,EPISODE_TYPE_PUBLIC,2026-08-06T00:12:46.439494200Z,2026-08-06T00:13:55.042907Z,0,55175954,palsystem,55177269,55175954,9714ab5c3996f6cc,648,replays\episode_90296809.json,logs\90296809\agent_0_observation_logs.json;logs\90296809\agent_1_observation_logs.json,success,,2026-08-06T10:06:30.219518Z
12,16452116,Sixth Sense,55138264,1113.7,55138264,90296825,COMPLETED,EPISODE_TYPE_PUBLIC,2026-08-06T00:12:46.455438300Z,2026-08-06T00:23:04.810685900Z,1,55277931,Team Rot-Weiß,55277931,55138264,9714ab5c3996f6cc,648,replays\episode_90296825.json,logs\90296825\agent_0_observation_logs.json;logs\90296825\agent_1_observation_logs.json,success,,2026-08-06T10:05:36.988727Z
11,16561259,@kdcyberdude,55187358,1116.3,55187358,90296852,COMPLETED,EPISODE_TYPE_PUBLIC,2026-08-06T00:12:46.485256400Z,2026-08-06T00:15:22.659234100Z,1,55267977,JB Bryant,55267977,55187358,9714ab5c3996f6cc,648,replays\episode_90296852.json,logs\90296852\agent_0_observation_logs.json;logs\90296852\agent_1_observation_logs.json,success,,2026-08-06T09:56:08.968190Z
11,16561259,@kdcyberdude,55187358,1116.3,55187358,90296879,COMPLETED,EPISODE_TYPE_PUBLIC,2026-08-06T00:12:46.534829800Z,2026-08-06T00:15:42.617105200Z,1,55157510,hirune924,55157510,55187358,9714ab5c3996f6cc,648,replays\episode_90296879.json,logs\90296879\agent_0_observation_logs.json;logs\90296879\agent_1_observation_logs.json,success,,2026-08-06T09:56:11.623683Z
11,16561259,@kdcyberdude,55187358,1116.3,55187358,90297530,COMPLETED,EPISODE_TYPE_PUBLIC,2026-08-06T00:16:45.888872600Z,2026-08-06T00:19:08.017662700Z,0,55275219,flg,55187358,55275219,9714ab5c3996f6cc,648,replays\episode_90297530.json,logs\90297530\agent_0_observation_logs.json;logs\90297530\agent_1_observation_logs.json,success,,2026-08-06T09:56:14.737133Z
3,16422241,Raihan Ramadistra,55177269,1151.0,55177269,90297538,COMPLETED,EPISODE_TYPE_PUBLIC,2026-08-06T00:16:45.898708700Z,2026-08-06T00:17:49.075661400Z,1,54037124,blackseashark@gcvt,54037124,55177269,9714ab5c3996f6cc,648,replays\episode_90297538.json,logs\90297538\agent_0_observation_logs.json;logs\90297538\agent_1_observation_logs.json,success,,2026-08-06T10:06:31.789583Z
12,16452116,Sixth Sense,55138264,1113.7,55138264,90297547,COMPLETED,EPISODE_TYPE_PUBLIC,2026-08-06T00:16:45.897399200Z,2026-08-06T00:17:39.077348100Z,1,55214482,ShumpeiNomura,55214482,55138264,9714ab5c3996f6cc,648,replays\episode_90297547.json,logs\90297547\agent_0_observation_logs.json;logs\90297547\agent_1_observation_logs.json,success,,2026-08-06T10:05:40.379205Z
12,16452116,Sixth Sense,55138264,1113.7,55138264,90298274,COMPLETED,EPISODE_TYPE_PUBLIC,2026-08-06T00:20:45.891577500Z,2026-08-06T00:21:52.598498100Z,1,55230940,cununn,55230940,55138264,9714ab5c3996f6cc,648,replays\episode_90298274.json,logs\90298274\agent_0_observation_logs.json;logs\90298274\agent_1_observation_logs.json,success,,2026-08-06T10:05:42.472841Z
3,16422241,Raihan Ramadistra,55177269,1151.0,55177269,90298275,COMPLETED,EPISODE_TYPE_PUBLIC,2026-08-06T00:20:45.893534900Z,2026-08-06T00:22:29.196929900Z,1,55265345,Marshall Maximizer,55265345,55177269,9714ab5c3996f6cc,648,replays\episode_90298275.json,logs\90298275\agent_0_observation_logs.json;logs\90298275\agent_1_observation_logs.json,success,,2026-08-06T10:06:34.158019Z
12,16452116,Sixth Sense,55138264,1113.7,55138264,90298970,COMPLETED,EPISODE_TYPE_PUBLIC,2026-08-06T00:24:46.251087Z,2026-08-06T00:25:42.141094Z,1,55275219,flg,55275219,55138264,9714ab5c3996f6cc,648,replays\episode_90298970.json,logs\90298970\agent_0_observation_logs.json;logs\90298970\agent_1_observation_logs.json,success,,2026-08-06T10:05:44.867988Z
3,16422241,Raihan Ramadistra,55177269,1151.0,55177269,90298974,COMPLETED,EPISODE_TYPE_PUBLIC,2026-08-06T00:24:46.254609200Z,2026-08-06T00:27:40.948978200Z,0,55255892,想要成为kaggle大师,55177269,55255892,9714ab5c3996f6cc,648,replays\episode_90298974.json,logs\90298974\agent_0_observation_logs.json;logs\90298974\agent_1_observation_logs.json,success,,2026-08-06T10:06:36.510347Z
11,16561259,@kdcyberdude,55187358,1116.3,55187358,90298976,COMPLETED,EPISODE_TYPE_PUBLIC,2026-08-06T00:24:46.262863100Z,2026-08-06T00:26:56.240891100Z,1,55278240,James Cox & Henry Chao,55278240,55187358,9714ab5c3996f6cc,648,replays\episode_90298976.json,logs\90298976\agent_0_observation_logs.json;logs\90298976\agent_1_observation_logs.json,success,,2026-08-06T09:56:17.835122Z
12,16452116,Sixth Sense,55138264,1113.7,55138264,90299718,COMPLETED,EPISODE_TYPE_PUBLIC,2026-08-06T00:28:46.875260200Z,2026-08-06T00:30:05.263657700Z,0,55265345,Marshall Maximizer,55138264,55265345,9714ab5c3996f6cc,648,replays\episode_90299718.json,logs\90299718\agent_0_observation_logs.json;logs\90299718\agent_1_observation_logs.json,success,,2026-08-06T10:05:48.160226Z
3,16422241,Raihan Ramadistra,55177269,1151.0,55177269,90299782,COMPLETED,EPISODE_TYPE_PUBLIC,2026-08-06T00:28:46.881443200Z,2026-08-06T00:38:34.952789700Z,0,55265904,wwwwwwwwwwwwwwwwwwwwwwwwwwwwww,55177269,55265904,9714ab5c3996f6cc,648,replays\episode_90299782.json,logs\90299782\agent_0_observation_logs.json;logs\90299782\agent_1_observation_logs.json,success,,2026-08-06T10:06:40.423500Z
12,16452116,Sixth Sense,55138264,1113.7,55138264,90300458,COMPLETED,EPISODE_TYPE_PUBLIC,2026-08-06T00:32:46.268721300Z,2026-08-06T00:33:46.295080100Z,1,55275219,flg,55275219,55138264,9714ab5c3996f6cc,648,replays\episode_90300458.json,logs\90300458\agent_0_observation_logs.json;logs\90300458\agent_1_observation_logs.json,success,,2026-08-06T10:05:50.739721Z
3,16422241,Raihan Ramadistra,55177269,1151.0,55177269,90300465,COMPLETED,EPISODE_TYPE_PUBLIC,2026-08-06T00:32:46.277447700Z,2026-08-06T00:36:12.073899Z,1,55184021,李秉叡（ntumlnoob）,55184021,55177269,9714ab5c3996f6cc,648,replays\episode_90300465.json,logs\90300465\agent_0_observation_logs.json;logs\90300465\agent_1_observation_logs.json,success,,2026-08-06T10:06:43.306430Z
3,16422241,Raihan Ramadistra,55177269,1151.0,55177269,90300468,COMPLETED,EPISODE_TYPE_PUBLIC,2026-08-06T00:32:46.282925900Z,2026-08-06T00:34:07.401410200Z,1,55248965,LiamK,55248965,55177269,9714ab5c3996f6cc,648,replays\episode_90300468.json,logs\90300468\agent_0_observation_logs.json;logs\90300468\agent_1_observation_logs.json,success,,2026-08-06T10:06:46.575150Z
12,16452116,Sixth Sense,55138264,1113.7,55138264,90300471,COMPLETED,EPISODE_TYPE_PUBLIC,2026-08-06T00:32:46.284265500Z,2026-08-06T00:33:38.059327400Z,0,55282958,ANDPAD kaggler team,55138264,55282958,9714ab5c3996f6cc,648,replays\episode_90300471.json,logs\90300471\agent_0_observation_logs.json;logs\90300471\agent_1_observation_logs.json,success,,2026-08-06T10:05:54.470873Z
3,16422241,Raihan Ramadistra,55177269,1151.0,55177269,90301206,COMPLETED,EPISODE_TYPE_PUBLIC,2026-08-06T00:36:46.382406800Z,2026-08-06T00:37:40.037530600Z,0,55114043,想想偶像怎么做,55177269,55114043,9714ab5c3996f6cc,648,replays\episode_90301206.json,logs\90301206\agent_0_observation_logs.json;logs\90301206\agent_1_observation_logs.json,success,,2026-08-06T10:06:49.483049Z
12,16452116,Sixth Sense,55138264,1113.7,55138264,90301223,COMPLETED,EPISODE_TYPE_PUBLIC,2026-08-06T00:36:46.451077600Z,2026-08-06T00:38:20.528015100Z,0,55248965,LiamK,55138264,55248965,9714ab5c3996f6cc,648,replays\episode_90301223.json,logs\90301223\agent_0_observation_logs.json;logs\90301223\agent_1_observation_logs.json,success,,2026-08-06T10:05:56.221932Z
3,16422241,Raihan Ramadistra,55177269,1151.0,55177269,90301938,COMPLETED,EPISODE_TYPE_PUBLIC,2026-08-06T00:40:46.286017300Z,2026-08-06T00:44:15.257903300Z,1,55176332,李秉叡（ntumlnoob）,55176332,55177269,9714ab5c3996f6cc,648,replays\episode_90301938.json,logs\90301938\agent_0_observation_logs.json;logs\90301938\agent_1_observation_logs.json,success,,2026-08-06T10:06:51.520917Z
3,16422241,Raihan Ramadistra,55177269,1151.0,55177269,90302717,COMPLETED,EPISODE_TYPE_PUBLIC,2026-08-06T00:44:46.431330800Z,2026-08-06T00:45:26.050031800Z,1,55209778,KouFu,55209778,55177269,9714ab5c3996f6cc,648,replays\episode_90302717.json,logs\90302717\agent_0_observation_logs.json;logs\90302717\agent_1_observation_logs.json,success,,2026-08-06T10:06:53.591262Z
3,16422241,Raihan Ramadistra,55177269,1151.0,55177269,90304154,COMPLETED,EPISODE_TYPE_PUBLIC,2026-08-06T00:52:46.037491800Z,2026-08-06T00:54:01.374358Z,0,55275219,flg,55177269,55275219,9714ab5c3996f6cc,648,replays\episode_90304154.json,logs\90304154\agent_0_observation_logs.json;logs\90304154\agent_1_observation_logs.json,success,,2026-08-06T10:06:55.585078Z
22,16541765,less,55249896,1072.3,55249896,90306204,COMPLETED,EPISODE_TYPE_PUBLIC,2026-08-06T01:04:45.757576600Z,2026-08-06T01:05:42.490307300Z,0,55282965,giacomovin,55249896,55282965,9714ab5c3996f6cc,648,replays\episode_90306204.json,logs\90306204\agent_0_observation_logs.json;logs\90306204\agent_1_observation_logs.json,skipped_existing,,2026-08-06T09:52:45.533393Z
11,16561259,@kdcyberdude,55187358,1116.3,55187358,90306311,COMPLETED,EPISODE_TYPE_PUBLIC,2026-08-06T01:04:45.905158900Z,2026-08-06T01:06:55.517177900Z,0,55281885,Petit Canard,55187358,55281885,9714ab5c3996f6cc,648,replays\episode_90306311.json,logs\90306311\agent_0_observation_logs.json;logs\90306311\agent_1_observation_logs.json,success,,2026-08-06T09:56:20.271433Z
11,16561259,@kdcyberdude,55187358,1116.3,55187358,90307641,COMPLETED,EPISODE_TYPE_PUBLIC,2026-08-06T01:12:45.995859200Z,2026-08-06T01:15:00.074682400Z,1,55282958,ANDPAD kaggler team,55282958,55187358,9714ab5c3996f6cc,648,replays\episode_90307641.json,logs\90307641\agent_0_observation_logs.json;logs\90307641\agent_1_observation_logs.json,success,,2026-08-06T09:56:24.486128Z
22,16541765,less,55249896,1072.3,55249896,90310399,COMPLETED,EPISODE_TYPE_PUBLIC,2026-08-06T01:28:49.842918200Z,2026-08-06T01:30:20.894532300Z,1,55284066,Marshall Maximizer,55284066,55249896,9714ab5c3996f6cc,648,replays\episode_90310399.json,logs\90310399\agent_0_observation_logs.json;logs\90310399\agent_1_observation_logs.json,skipped_existing,,2026-08-06T09:52:45.841452Z
12,16452116,Sixth Sense,55138264,1113.7,55138264,90313561,COMPLETED,EPISODE_TYPE_PUBLIC,2026-08-06T01:44:49.375317400Z,2026-08-06T01:45:41.830130Z,1,55282958,ANDPAD kaggler team,55282958,55138264,9714ab5c3996f6cc,648,replays\episode_90313561.json,logs\90313561\agent_0_observation_logs.json;logs\90313561\agent_1_observation_logs.json,success,,2026-08-06T10:05:59.797491Z
12,16452116,Sixth Sense,55138264,1113.7,55138264,90314170,COMPLETED,EPISODE_TYPE_PUBLIC,2026-08-06T01:48:49.349503800Z,2026-08-06T01:49:37.673397700Z,0,55283678,대답해드리는게인지상정,55138264,55283678,9714ab5c3996f6cc,648,replays\episode_90314170.json,logs\90314170\agent_0_observation_logs.json;logs\90314170\agent_1_observation_logs.json,success,,2026-08-06T10:06:01.589053Z
3,16422241,Raihan Ramadistra,55177269,1151.0,55177269,90323846,COMPLETED,EPISODE_TYPE_PUBLIC,2026-08-06T02:41:32.344319600Z,2026-08-06T02:42:57.430030800Z,0,55267252,beeyan,55177269,55267252,9714ab5c3996f6cc,648,replays\episode_90323846.json,logs\90323846\agent_0_observation_logs.json;logs\90323846\agent_1_observation_logs.json,success,,2026-08-06T10:06:58.484018Z
22,16541765,less,55249896,1072.3,55249896,90325132,COMPLETED,EPISODE_TYPE_PUBLIC,2026-08-06T02:49:33.422496Z,2026-08-06T02:51:43.423381200Z,0,55284877,junlee789,55249896,55284877,9714ab5c3996f6cc,648,replays\episode_90325132.json,logs\90325132\agent_0_observation_logs.json;logs\90325132\agent_1_observation_logs.json,skipped_existing,,2026-08-06T09:52:46.200445Z
11,16561259,@kdcyberdude,55187358,1116.3,55187358,90328023,COMPLETED,EPISODE_TYPE_PUBLIC,2026-08-06T03:05:32.715730500Z,2026-08-06T03:08:05.094761200Z,1,55285306,Kh0a,55285306,55187358,9714ab5c3996f6cc,648,replays\episode_90328023.json,logs\90328023\agent_0_observation_logs.json;logs\90328023\agent_1_observation_logs.json,failed,agent_0: empty_file,2026-08-06T09:56:28.073773Z
11,16561259,@kdcyberdude,55187358,1116.3,55187358,90329472,COMPLETED,EPISODE_TYPE_PUBLIC,2026-08-06T03:13:31.759116600Z,2026-08-06T03:17:33.685744Z,1,55285161,kanno,55285161,55187358,9714ab5c3996f6cc,648,replays\episode_90329472.json,logs\90329472\agent_0_observation_logs.json;logs\90329472\agent_1_observation_logs.json,success,,2026-08-06T09:56:30.068410Z
12,16452116,Sixth Sense,55138264,1113.7,55138264,90333341,COMPLETED,EPISODE_TYPE_PUBLIC,2026-08-06T03:33:32.200776600Z,2026-08-06T03:34:26.287423300Z,0,55286096,TTT Is All You Need,55138264,55286096,9714ab5c3996f6cc,648,replays\episode_90333341.json,logs\90333341\agent_0_observation_logs.json;logs\90333341\agent_1_observation_logs.json,success,,2026-08-06T10:06:04.412062Z
12,16452116,Sixth Sense,55138264,1113.7,55138264,90335561,COMPLETED,EPISODE_TYPE_PUBLIC,2026-08-06T03:45:32.094705Z,2026-08-06T03:51:52.602087700Z,1,55229177,山上海賊団,55229177,55138264,9714ab5c3996f6cc,648,replays\episode_90335561.json,logs\90335561\agent_0_observation_logs.json;logs\90335561\agent_1_observation_logs.json,success,,2026-08-06T10:06:06.146215Z
22,16541765,less,55249896,1072.3,55249896,90337710,COMPLETED,EPISODE_TYPE_PUBLIC,2026-08-06T03:57:32.746372Z,2026-08-06T03:58:35.355097700Z,0,55284751,da da,55249896,55284751,9714ab5c3996f6cc,648,replays\episode_90337710.json,logs\90337710\agent_0_observation_logs.json;logs\90337710\agent_1_observation_logs.json,skipped_existing,,2026-08-06T09:52:46.726100Z
3,16422241,Raihan Ramadistra,55177269,1151.0,55177269,90340711,COMPLETED,EPISODE_TYPE_PUBLIC,2026-08-06T04:13:32.249104100Z,2026-08-06T04:14:52.141746400Z,0,55201815,M Sato,55177269,55201815,9714ab5c3996f6cc,648,replays\episode_90340711.json,logs\90340711\agent_0_observation_logs.json;logs\90340711\agent_1_observation_logs.json,success,,2026-08-06T10:07:00.754146Z
12,16452116,Sixth Sense,55138264,1113.7,55138264,90341375,COMPLETED,EPISODE_TYPE_PUBLIC,2026-08-06T04:17:32.152070400Z,2026-08-06T04:21:40.069082400Z,1,55266630,RtoABC,55266630,55138264,9714ab5c3996f6cc,648,replays\episode_90341375.json,logs\90341375\agent_0_observation_logs.json;logs\90341375\agent_1_observation_logs.json,success,,2026-08-06T10:06:09.726002Z
11,16561259,@kdcyberdude,55187358,1116.3,55187358,90342786,COMPLETED,EPISODE_TYPE_PUBLIC,2026-08-06T04:25:31.957376900Z,2026-08-06T04:28:30.985624100Z,0,55285647,mikelou1,55187358,55285647,9714ab5c3996f6cc,648,replays\episode_90342786.json,logs\90342786\agent_0_observation_logs.json;logs\90342786\agent_1_observation_logs.json,failed,agent_0: empty_file,2026-08-06T09:56:33.511886Z
22,16541765,less,55249896,1072.3,55249896,90343310,COMPLETED,EPISODE_TYPE_PUBLIC,2026-08-06T04:29:34.497398900Z,2026-08-06T04:30:47.618047300Z,0,55287546,Schneiden,55249896,55287546,9714ab5c3996f6cc,648,replays\episode_90343310.json,logs\90343310\agent_0_observation_logs.json;logs\90343310\agent_1_observation_logs.json,skipped_existing,,2026-08-06T09:52:47.195721Z
22,16541765,less,55249896,1072.3,55249896,90344045,COMPLETED,EPISODE_TYPE_PUBLIC,2026-08-06T04:33:31.977887500Z,2026-08-06T04:34:28.650528500Z,0,55287549,Yudai Ueno,55249896,55287549,9714ab5c3996f6cc,648,replays\episode_90344045.json,logs\90344045\agent_0_observation_logs.json;logs\90344045\agent_1_observation_logs.json,skipped_existing,,2026-08-06T09:52:47.498751Z
3,16422241,Raihan Ramadistra,55177269,1151.0,55177269,90346527,COMPLETED,EPISODE_TYPE_PUBLIC,2026-08-06T04:45:31.932313300Z,2026-08-06T04:46:31.054555400Z,0,55198468,M Sato,55177269,55198468,9714ab5c3996f6cc,648,replays\episode_90346527.json,logs\90346527\agent_0_observation_logs.json;logs\90346527\agent_1_observation_logs.json,success,,2026-08-06T10:07:03.006810Z
3,16422241,Raihan Ramadistra,55177269,1151.0,55177269,90349244,COMPLETED,EPISODE_TYPE_PUBLIC,2026-08-06T05:01:32.221329700Z,2026-08-06T05:04:40.963042100Z,1,55287759,213tubo,55287759,55177269,9714ab5c3996f6cc,648,replays\episode_90349244.json,logs\90349244\agent_0_observation_logs.json;logs\90349244\agent_1_observation_logs.json,success,,2026-08-06T10:07:05.423218Z
12,16452116,Sixth Sense,55138264,1113.7,55138264,90351467,COMPLETED,EPISODE_TYPE_PUBLIC,2026-08-06T05:13:31.565207100Z,2026-08-06T05:17:01.066125100Z,1,55287759,213tubo,55287759,55138264,9714ab5c3996f6cc,648,replays\episode_90351467.json,logs\90351467\agent_0_observation_logs.json;logs\90351467\agent_1_observation_logs.json,success,,2026-08-06T10:06:12.434055Z
22,16541765,less,55249896,1072.3,55249896,90353715,COMPLETED,EPISODE_TYPE_PUBLIC,2026-08-06T05:25:31.716396100Z,2026-08-06T05:27:56.478352700Z,1,55287759,213tubo,55287759,55249896,9714ab5c3996f6cc,648,replays\episode_90353715.json,logs\90353715\agent_0_observation_logs.json;logs\90353715\agent_1_observation_logs.json,skipped_existing,,2026-08-06T09:52:48.016180Z
22,16541765,less,55249896,1072.3,55249896,90354583,COMPLETED,EPISODE_TYPE_PUBLIC,2026-08-06T05:29:33.902729400Z,2026-08-06T05:30:27.636105400Z,1,55286093,MTADA,55286093,55249896,9714ab5c3996f6cc,648,replays\episode_90354583.json,logs\90354583\agent_0_observation_logs.json;logs\90354583\agent_1_observation_logs.json,skipped_existing,,2026-08-06T09:52:48.556434Z
22,16541765,less,55249896,1072.3,55249896,90355201,COMPLETED,EPISODE_TYPE_PUBLIC,2026-08-06T05:33:32.199085400Z,2026-08-06T05:34:47.146926Z,1,55288221,senkin13,55288221,55249896,9714ab5c3996f6cc,648,replays\episode_90355201.json,logs\90355201\agent_0_observation_logs.json;logs\90355201\agent_1_observation_logs.json,skipped_existing,,2026-08-06T09:52:49.070067Z
3,16422241,Raihan Ramadistra,55177269,1151.0,55177269,90358175,COMPLETED,EPISODE_TYPE_PUBLIC,2026-08-06T05:49:32.492871400Z,2026-08-06T05:51:45.415018900Z,0,55287759,213tubo,55177269,55287759,9714ab5c3996f6cc,648,replays\episode_90358175.json,logs\90358175\agent_0_observation_logs.json;logs\90358175\agent_1_observation_logs.json,success,,2026-08-06T10:07:08.314994Z
11,16561259,@kdcyberdude,55187358,1116.3,55187358,90359696,COMPLETED,EPISODE_TYPE_PUBLIC,2026-08-06T05:57:31.758036300Z,2026-08-06T05:59:30.312973100Z,1,55289733,Pokémon-team17,55289733,55187358,9714ab5c3996f6cc,648,replays\episode_90359696.json,logs\90359696\agent_0_observation_logs.json;logs\90359696\agent_1_observation_logs.json,failed,agent_0: empty_file,2026-08-06T09:56:37.044071Z
22,16541765,less,55249896,1072.3,55249896,90360546,COMPLETED,EPISODE_TYPE_PUBLIC,2026-08-06T06:01:31.795827800Z,2026-08-06T06:02:24.336336700Z,0,55286507,masspeaks,55249896,55286507,9714ab5c3996f6cc,648,replays\episode_90360546.json,logs\90360546\agent_0_observation_logs.json;logs\90360546\agent_1_observation_logs.json,skipped_existing,,2026-08-06T09:52:49.695730Z
3,16422241,Raihan Ramadistra,55177269,1151.0,55177269,90361876,COMPLETED,EPISODE_TYPE_PUBLIC,2026-08-06T06:09:32.994961400Z,2026-08-06T06:12:08.851588800Z,1,55287759,213tubo,55287759,55177269,9714ab5c3996f6cc,648,replays\episode_90361876.json,logs\90361876\agent_0_observation_logs.json;logs\90361876\agent_1_observation_logs.json,success,,2026-08-06T10:07:10.634868Z
12,16452116,Sixth Sense,55138264,1113.7,55138264,90365623,COMPLETED,EPISODE_TYPE_PUBLIC,2026-08-06T06:29:33.747909200Z,2026-08-06T06:32:05.214665700Z,0,55287759,213tubo,55138264,55287759,9714ab5c3996f6cc,648,replays\episode_90365623.json,logs\90365623\agent_0_observation_logs.json;logs\90365623\agent_1_observation_logs.json,success,,2026-08-06T10:06:16.628370Z
12,16452116,Sixth Sense,55138264,1113.7,55138264,90365842,COMPLETED,EPISODE_TYPE_PUBLIC,2026-08-06T06:29:34.205950400Z,2026-08-06T06:30:28.472487Z,0,53889134,Sweta Jain,55138264,53889134,9714ab5c3996f6cc,648,replays\episode_90365842.json,logs\90365842\agent_0_observation_logs.json;logs\90365842\agent_1_observation_logs.json,success,,2026-08-06T10:06:19.977008Z
3,16422241,Raihan Ramadistra,55177269,1151.0,55177269,90367809,COMPLETED,EPISODE_TYPE_PUBLIC,2026-08-06T06:41:31.466971700Z,2026-08-06T06:42:17.856638100Z,0,55289024,☕ Psyduck Needs Coffee,55177269,55289024,9714ab5c3996f6cc,648,replays\episode_90367809.json,logs\90367809\agent_0_observation_logs.json;logs\90367809\agent_1_observation_logs.json,success,,2026-08-06T10:07:12.690338Z
11,16561259,@kdcyberdude,55187358,1116.3,55187358,90374560,COMPLETED,EPISODE_TYPE_PUBLIC,2026-08-06T07:17:31.654744900Z,2026-08-06T07:19:52.752749400Z,1,55289024,☕ Psyduck Needs Coffee,55289024,55187358,9714ab5c3996f6cc,648,replays\episode_90374560.json,logs\90374560\agent_0_observation_logs.json;logs\90374560\agent_1_observation_logs.json,success,,2026-08-06T09:56:40.794380Z
12,16452116,Sixth Sense,55138264,1113.7,55138264,90377547,COMPLETED,EPISODE_TYPE_PUBLIC,2026-08-06T07:33:31.932710600Z,2026-08-06T07:34:32.444340300Z,0,55288983,カントー地方マスター(KantoRegionMaster),55138264,55288983,9714ab5c3996f6cc,648,replays\episode_90377547.json,logs\90377547\agent_0_observation_logs.json;logs\90377547\agent_1_observation_logs.json,success,,2026-08-06T10:06:22.999474Z
22,16541765,less,55249896,1072.3,55249896,90378415,COMPLETED,EPISODE_TYPE_PUBLIC,2026-08-06T07:37:31.850167500Z,2026-08-06T07:48:09.220373800Z,1,55277998,Benarg,55277998,55249896,9714ab5c3996f6cc,648,replays\episode_90378415.json,logs\90378415\agent_0_observation_logs.json;logs\90378415\agent_1_observation_logs.json,skipped_existing,,2026-08-06T09:52:49.955887Z
22,16541765,less,55249896,1072.3,55249896,90379052,COMPLETED,EPISODE_TYPE_PUBLIC,2026-08-06T07:41:32.039136300Z,2026-08-06T07:42:26.291176800Z,1,55288983,カントー地方マスター(KantoRegionMaster),55288983,55249896,9714ab5c3996f6cc,648,replays\episode_90379052.json,logs\90379052\agent_0_observation_logs.json;logs\90379052\agent_1_observation_logs.json,skipped_existing,,2026-08-06T09:52:50.368656Z
11,16561259,@kdcyberdude,55187358,1116.3,55187358,90381431,COMPLETED,EPISODE_TYPE_PUBLIC,2026-08-06T07:53:35.901740600Z,2026-08-06T07:58:13.923854100Z,0,55177269,Raihan Ramadistra,55187358,55177269,9714ab5c3996f6cc,648,replays\episode_90381431.json,logs\90381431\agent_0_observation_logs.json;logs\90381431\agent_1_observation_logs.json,success,,2026-08-06T09:56:44.394873Z
3,16422241,Raihan Ramadistra,55177269,1151.0,55177269,90381431,COMPLETED,EPISODE_TYPE_PUBLIC,2026-08-06T07:53:35.901740600Z,2026-08-06T07:58:13.923854100Z,1,55187358,@kdcyberdude,55187358,55177269,9714ab5c3996f6cc,648,replays\episode_90381431.json,logs\90381431\agent_0_observation_logs.json;logs\90381431\agent_1_observation_logs.json,skipped_existing,,2026-08-06T10:07:14.827760Z
11,16561259,@kdcyberdude,55187358,1116.3,55187358,90382035,COMPLETED,EPISODE_TYPE_PUBLIC,2026-08-06T07:57:36.313199600Z,2026-08-06T08:01:01.838999600Z,1,55288983,カントー地方マスター(KantoRegionMaster),55288983,55187358,9714ab5c3996f6cc,648,replays\episode_90382035.json,logs\90382035\agent_0_observation_logs.json;logs\90382035\agent_1_observation_logs.json,success,,2026-08-06T09:56:48.081259Z
11,16561259,@kdcyberdude,55187358,1116.3,55187358,90383514,COMPLETED,EPISODE_TYPE_PUBLIC,2026-08-06T08:05:37.093944600Z,2026-08-06T08:07:54.400757300Z,0,55289024,☕ Psyduck Needs Coffee,55187358,55289024,9714ab5c3996f6cc,648,replays\episode_90383514.json,logs\90383514\agent_0_observation_logs.json;logs\90383514\agent_1_observation_logs.json,success,,2026-08-06T09:56:51.761663Z
22,16541765,less,55249896,1072.3,55249896,90387171,COMPLETED,EPISODE_TYPE_PUBLIC,2026-08-06T08:25:38.097453500Z,2026-08-06T08:29:39.164602900Z,1,55290317,DavidFreelan,55290317,55249896,9714ab5c3996f6cc,648,replays\episode_90387171.json,logs\90387171\agent_0_observation_logs.json;logs\90387171\agent_1_observation_logs.json,skipped_existing,,2026-08-06T09:52:50.721707Z
22,16541765,less,55249896,1072.3,55249896,90389391,COMPLETED,EPISODE_TYPE_PUBLIC,2026-08-06T08:37:36.215008700Z,2026-08-06T08:39:38.281929200Z,0,55290791,想要成为kaggle大师,55249896,55290791,9714ab5c3996f6cc,648,replays\episode_90389391.json,logs\90389391\agent_0_observation_logs.json;logs\90389391\agent_1_observation_logs.json,skipped_existing,,2026-08-06T09:52:51.044869Z
12,16452116,Sixth Sense,55138264,1113.7,55138264,90390302,COMPLETED,EPISODE_TYPE_PUBLIC,2026-08-06T08:41:36.558180500Z,2026-08-06T08:43:07.698358200Z,0,55202823,Raihan Ramadistra,55138264,55202823,9714ab5c3996f6cc,648,replays\episode_90390302.json,logs\90390302\agent_0_observation_logs.json;logs\90390302\agent_1_observation_logs.json,success,,2026-08-06T10:06:26.615751Z
3,16422241,Raihan Ramadistra,55177269,1151.0,55177269,90394884,COMPLETED,EPISODE_TYPE_PUBLIC,2026-08-06T09:05:36.364709700Z,2026-08-06T09:06:43.988550700Z,0,55289024,☕ Psyduck Needs Coffee,55177269,55289024,9714ab5c3996f6cc,648,replays\episode_90394884.json,logs\90394884\agent_0_observation_logs.json;logs\90394884\agent_1_observation_logs.json,success,,2026-08-06T10:07:14.919703Z
11,16561259,@kdcyberdude,55187358,1116.3,55187358,90395637,COMPLETED,EPISODE_TYPE_PUBLIC,2026-08-06T09:09:38.414481Z,2026-08-06T09:13:18.134814500Z,1,55288748,Marshall Maximizer,55288748,55187358,9714ab5c3996f6cc,648,replays\episode_90395637.json,logs\90395637\agent_0_observation_logs.json;logs\90395637\agent_1_observation_logs.json,success,,2026-08-06T09:56:55.292149Z
11,16561259,@kdcyberdude,55187358,1116.3,55187358,90399845,COMPLETED,EPISODE_TYPE_PUBLIC,2026-08-06T09:33:35.668704200Z,2026-08-06T09:35:28.646476800Z,0,55293771,e-toppo + kurupical,55187358,55293771,9714ab5c3996f6cc,648,replays\episode_90399845.json,logs\90399845\agent_0_observation_logs.json;logs\90399845\agent_1_observation_logs.json,success,,2026-08-06T09:56:57.981544Z
22,16541765,less,55249896,1072.3,55249896,90401997,COMPLETED,EPISODE_TYPE_PUBLIC,2026-08-06T09:45:35.654246100Z,2026-08-06T09:46:26.775546300Z,1,55294911,Phil_Hellmuth,55294911,55249896,9714ab5c3996f6cc,648,replays\episode_90401997.json,logs\90401997\agent_0_observation_logs.json;logs\90401997\agent_1_observation_logs.json,success,,2026-08-06T09:52:51.328272Z
