episode_id,seat_index,leaderboard_rank,team_name,submission_id,source_cohort,storage_type,storage_path,replay_path,teacher_priority,created_at,seat_source
86408738,0,2,Yushin Ito,54773249,yushin_20260717,zip,C:\Users\shiba\ptcc_pokemon_ai_buttle\data\runs\leaderboard_top50\alakazam\rank06_Yushin_Ito_sub54773249_full.zip,rank06_Yushin_Ito_sub54773249/episodes/86408738/replay/episode_86408738.json,0.7071067811865475,,archive_episodes_json
86408738,1,2,Yushin Ito,54773249,yushin_20260717,zip,C:\Users\shiba\ptcc_pokemon_ai_buttle\data\runs\leaderboard_top50\alakazam\rank06_Yushin_Ito_sub54773249_full.zip,rank06_Yushin_Ito_sub54773249/episodes/86408738/replay/episode_86408738.json,0.7071067811865475,,archive_episodes_json
86408958,0,2,Yushin Ito,54773249,yushin_20260717,zip,C:\Users\shiba\ptcc_pokemon_ai_buttle\data\runs\leaderboard_top50\alakazam\rank06_Yushin_Ito_sub54773249_full.zip,rank06_Yushin_Ito_sub54773249/episodes/86408958/replay/episode_86408958.json,0.7071067811865475,,archive_episodes_json
86409151,1,2,Yushin Ito,54773249,yushin_20260717,zip,C:\Users\shiba\ptcc_pokemon_ai_buttle\data\runs\leaderboard_top50\alakazam\rank06_Yushin_Ito_sub54773249_full.zip,rank06_Yushin_Ito_sub54773249/episodes/86409151/replay/episode_86409151.json,0.7071067811865475,,archive_episodes_json
86409475,1,2,Yushin Ito,54773249,yushin_20260717,zip,C:\Users\shiba\ptcc_pokemon_ai_buttle\data\runs\leaderboard_top50\alakazam\rank06_Yushin_Ito_sub54773249_full.zip,rank06_Yushin_Ito_sub54773249/episodes/86409475/replay/episode_86409475.json,0.7071067811865475,,archive_episodes_json
86409998,1,2,Yushin Ito,54773249,yushin_20260717,zip,C:\Users\shiba\ptcc_pokemon_ai_buttle\data\runs\leaderboard_top50\alakazam\rank06_Yushin_Ito_sub54773249_full.zip,rank06_Yushin_Ito_sub54773249/episodes/86409998/replay/episode_86409998.json,0.7071067811865475,,archive_episodes_json
86410515,0,2,Yushin Ito,54773249,yushin_20260717,zip,C:\Users\shiba\ptcc_pokemon_ai_buttle\data\runs\leaderboard_top50\alakazam\rank06_Yushin_Ito_sub54773249_full.zip,rank06_Yushin_Ito_sub54773249/episodes/86410515/replay/episode_86410515.json,0.7071067811865475,,archive_episodes_json
86411030,0,2,Yushin Ito,54773249,yushin_20260717,zip,C:\Users\shiba\ptcc_pokemon_ai_buttle\data\runs\leaderboard_top50\alakazam\rank06_Yushin_Ito_sub54773249_full.zip,rank06_Yushin_Ito_sub54773249/episodes/86411030/replay/episode_86411030.json,0.7071067811865475,,archive_episodes_json
86411553,1,2,Yushin Ito,54773249,yushin_20260717,zip,C:\Users\shiba\ptcc_pokemon_ai_buttle\data\runs\leaderboard_top50\alakazam\rank06_Yushin_Ito_sub54773249_full.zip,rank06_Yushin_Ito_sub54773249/episodes/86411553/replay/episode_86411553.json,0.7071067811865475,,archive_episodes_json
86412090,1,2,Yushin Ito,54773249,yushin_20260717,zip,C:\Users\shiba\ptcc_pokemon_ai_buttle\data\runs\leaderboard_top50\alakazam\rank06_Yushin_Ito_sub54773249_full.zip,rank06_Yushin_Ito_sub54773249/episodes/86412090/replay/episode_86412090.json,0.7071067811865475,,archive_episodes_json
86412626,1,2,Yushin Ito,54773249,yushin_20260717,zip,C:\Users\shiba\ptcc_pokemon_ai_buttle\data\runs\leaderboard_top50\alakazam\rank06_Yushin_Ito_sub54773249_full.zip,rank06_Yushin_Ito_sub54773249/episodes/86412626/replay/episode_86412626.json,0.7071067811865475,,archive_episodes_json
86413139,0,2,Yushin Ito,54773249,yushin_20260717,zip,C:\Users\shiba\ptcc_pokemon_ai_buttle\data\runs\leaderboard_top50\alakazam\rank06_Yushin_Ito_sub54773249_full.zip,rank06_Yushin_Ito_sub54773249/episodes/86413139/replay/episode_86413139.json,0.7071067811865475,,archive_episodes_json
86413654,0,2,Yushin Ito,54773249,yushin_20260717,zip,C:\Users\shiba\ptcc_pokemon_ai_buttle\data\runs\leaderboard_top50\alakazam\rank06_Yushin_Ito_sub54773249_full.zip,rank06_Yushin_Ito_sub54773249/episodes/86413654/replay/episode_86413654.json,0.7071067811865475,,archive_episodes_json
86414162,0,2,Yushin Ito,54773249,yushin_20260717,zip,C:\Users\shiba\ptcc_pokemon_ai_buttle\data\runs\leaderboard_top50\alakazam\rank06_Yushin_Ito_sub54773249_full.zip,rank06_Yushin_Ito_sub54773249/episodes/86414162/replay/episode_86414162.json,0.7071067811865475,,archive_episodes_json
86414708,0,2,Yushin Ito,54773249,yushin_20260717,zip,C:\Users\shiba\ptcc_pokemon_ai_buttle\data\runs\leaderboard_top50\alakazam\rank06_Yushin_Ito_sub54773249_full.zip,rank06_Yushin_Ito_sub54773249/episodes/86414708/replay/episode_86414708.json,0.7071067811865475,,archive_episodes_json
86415231,1,2,Yushin Ito,54773249,yushin_20260717,zip,C:\Users\shiba\ptcc_pokemon_ai_buttle\data\runs\leaderboard_top50\alakazam\rank06_Yushin_Ito_sub54773249_full.zip,rank06_Yushin_Ito_sub54773249/episodes/86415231/replay/episode_86415231.json,0.7071067811865475,,archive_episodes_json
86415681,1,2,Yushin Ito,54773249,yushin_20260717,zip,C:\Users\shiba\ptcc_pokemon_ai_buttle\data\runs\leaderboard_top50\alakazam\rank06_Yushin_Ito_sub54773249_full.zip,rank06_Yushin_Ito_sub54773249/episodes/86415681/replay/episode_86415681.json,0.7071067811865475,,archive_episodes_json
86415748,1,2,Yushin Ito,54773249,yushin_20260717,zip,C:\Users\shiba\ptcc_pokemon_ai_buttle\data\runs\leaderboard_top50\alakazam\rank06_Yushin_Ito_sub54773249_full.zip,rank06_Yushin_Ito_sub54773249/episodes/86415748/replay/episode_86415748.json,0.7071067811865475,,archive_episodes_json
86415911,1,2,Yushin Ito,54773249,yushin_20260717,zip,C:\Users\shiba\ptcc_pokemon_ai_buttle\data\runs\leaderboard_top50\alakazam\rank06_Yushin_Ito_sub54773249_full.zip,rank06_Yushin_Ito_sub54773249/episodes/86415911/replay/episode_86415911.json,0.7071067811865475,,archive_episodes_json
86416274,1,2,Yushin Ito,54773249,yushin_20260717,zip,C:\Users\shiba\ptcc_pokemon_ai_buttle\data\runs\leaderboard_top50\alakazam\rank06_Yushin_Ito_sub54773249_full.zip,rank06_Yushin_Ito_sub54773249/episodes/86416274/replay/episode_86416274.json,0.7071067811865475,,archive_episodes_json
86416796,1,2,Yushin Ito,54773249,yushin_20260717,zip,C:\Users\shiba\ptcc_pokemon_ai_buttle\data\runs\leaderboard_top50\alakazam\rank06_Yushin_Ito_sub54773249_full.zip,rank06_Yushin_Ito_sub54773249/episodes/86416796/replay/episode_86416796.json,0.7071067811865475,,archive_episodes_json
86417226,0,2,Yushin Ito,54773249,yushin_20260717,zip,C:\Users\shiba\ptcc_pokemon_ai_buttle\data\runs\leaderboard_top50\alakazam\rank06_Yushin_Ito_sub54773249_full.zip,rank06_Yushin_Ito_sub54773249/episodes/86417226/replay/episode_86417226.json,0.7071067811865475,,archive_episodes_json
86417248,0,2,Yushin Ito,54773249,yushin_20260717,zip,C:\Users\shiba\ptcc_pokemon_ai_buttle\data\runs\leaderboard_top50\alakazam\rank06_Yushin_Ito_sub54773249_full.zip,rank06_Yushin_Ito_sub54773249/episodes/86417248/replay/episode_86417248.json,0.7071067811865475,,archive_episodes_json
86417815,1,2,Yushin Ito,54773249,yushin_20260717,zip,C:\Users\shiba\ptcc_pokemon_ai_buttle\data\runs\leaderboard_top50\alakazam\rank06_Yushin_Ito_sub54773249_full.zip,rank06_Yushin_Ito_sub54773249/episodes/86417815/replay/episode_86417815.json,0.7071067811865475,,archive_episodes_json
86418323,0,2,Yushin Ito,54773249,yushin_20260717,zip,C:\Users\shiba\ptcc_pokemon_ai_buttle\data\runs\leaderboard_top50\alakazam\rank06_Yushin_Ito_sub54773249_full.zip,rank06_Yushin_Ito_sub54773249/episodes/86418323/replay/episode_86418323.json,0.7071067811865475,,archive_episodes_json
86418834,1,2,Yushin Ito,54773249,yushin_20260717,zip,C:\Users\shiba\ptcc_pokemon_ai_buttle\data\runs\leaderboard_top50\alakazam\rank06_Yushin_Ito_sub54773249_full.zip,rank06_Yushin_Ito_sub54773249/episodes/86418834/replay/episode_86418834.json,0.7071067811865475,,archive_episodes_json
86419345,0,2,Yushin Ito,54773249,yushin_20260717,zip,C:\Users\shiba\ptcc_pokemon_ai_buttle\data\runs\leaderboard_top50\alakazam\rank06_Yushin_Ito_sub54773249_full.zip,rank06_Yushin_Ito_sub54773249/episodes/86419345/replay/episode_86419345.json,0.7071067811865475,,archive_episodes_json
86419858,1,2,Yushin Ito,54773249,yushin_20260717,zip,C:\Users\shiba\ptcc_pokemon_ai_buttle\data\runs\leaderboard_top50\alakazam\rank06_Yushin_Ito_sub54773249_full.zip,rank06_Yushin_Ito_sub54773249/episodes/86419858/replay/episode_86419858.json,0.7071067811865475,,archive_episodes_json
86420389,0,2,Yushin Ito,54773249,yushin_20260717,zip,C:\Users\shiba\ptcc_pokemon_ai_buttle\data\runs\leaderboard_top50\alakazam\rank06_Yushin_Ito_sub54773249_full.zip,rank06_Yushin_Ito_sub54773249/episodes/86420389/replay/episode_86420389.json,0.7071067811865475,,archive_episodes_json
86420905,0,2,Yushin Ito,54773249,yushin_20260717,zip,C:\Users\shiba\ptcc_pokemon_ai_buttle\data\runs\leaderboard_top50\alakazam\rank06_Yushin_Ito_sub54773249_full.zip,rank06_Yushin_Ito_sub54773249/episodes/86420905/replay/episode_86420905.json,0.7071067811865475,,archive_episodes_json
86421420,0,2,Yushin Ito,54773249,yushin_20260717,zip,C:\Users\shiba\ptcc_pokemon_ai_buttle\data\runs\leaderboard_top50\alakazam\rank06_Yushin_Ito_sub54773249_full.zip,rank06_Yushin_Ito_sub54773249/episodes/86421420/replay/episode_86421420.json,0.7071067811865475,,archive_episodes_json
86422018,1,2,Yushin Ito,54773249,yushin_20260717,zip,C:\Users\shiba\ptcc_pokemon_ai_buttle\data\runs\leaderboard_top50\alakazam\rank06_Yushin_Ito_sub54773249_full.zip,rank06_Yushin_Ito_sub54773249/episodes/86422018/replay/episode_86422018.json,0.7071067811865475,,archive_episodes_json
86422443,1,2,Yushin Ito,54773249,yushin_20260717,zip,C:\Users\shiba\ptcc_pokemon_ai_buttle\data\runs\leaderboard_top50\alakazam\rank06_Yushin_Ito_sub54773249_full.zip,rank06_Yushin_Ito_sub54773249/episodes/86422443/replay/episode_86422443.json,0.7071067811865475,,archive_episodes_json
86422700,1,2,Yushin Ito,54773249,yushin_20260717,zip,C:\Users\shiba\ptcc_pokemon_ai_buttle\data\runs\leaderboard_top50\alakazam\rank06_Yushin_Ito_sub54773249_full.zip,rank06_Yushin_Ito_sub54773249/episodes/86422700/replay/episode_86422700.json,0.7071067811865475,,archive_episodes_json
86422963,0,2,Yushin Ito,54773249,yushin_20260717,zip,C:\Users\shiba\ptcc_pokemon_ai_buttle\data\runs\leaderboard_top50\alakazam\rank06_Yushin_Ito_sub54773249_full.zip,rank06_Yushin_Ito_sub54773249/episodes/86422963/replay/episode_86422963.json,0.7071067811865475,,archive_episodes_json
86423504,0,2,Yushin Ito,54773249,yushin_20260717,zip,C:\Users\shiba\ptcc_pokemon_ai_buttle\data\runs\leaderboard_top50\alakazam\rank06_Yushin_Ito_sub54773249_full.zip,rank06_Yushin_Ito_sub54773249/episodes/86423504/replay/episode_86423504.json,0.7071067811865475,,archive_episodes_json
86424066,1,2,Yushin Ito,54773249,yushin_20260717,zip,C:\Users\shiba\ptcc_pokemon_ai_buttle\data\runs\leaderboard_top50\alakazam\rank06_Yushin_Ito_sub54773249_full.zip,rank06_Yushin_Ito_sub54773249/episodes/86424066/replay/episode_86424066.json,0.7071067811865475,,archive_episodes_json
86424073,1,2,Yushin Ito,54773249,yushin_20260717,zip,C:\Users\shiba\ptcc_pokemon_ai_buttle\data\runs\leaderboard_top50\alakazam\rank06_Yushin_Ito_sub54773249_full.zip,rank06_Yushin_Ito_sub54773249/episodes/86424073/replay/episode_86424073.json,0.7071067811865475,,archive_episodes_json
86424620,1,2,Yushin Ito,54773249,yushin_20260717,zip,C:\Users\shiba\ptcc_pokemon_ai_buttle\data\runs\leaderboard_top50\alakazam\rank06_Yushin_Ito_sub54773249_full.zip,rank06_Yushin_Ito_sub54773249/episodes/86424620/replay/episode_86424620.json,0.7071067811865475,,archive_episodes_json
86425172,0,2,Yushin Ito,54773249,yushin_20260717,zip,C:\Users\shiba\ptcc_pokemon_ai_buttle\data\runs\leaderboard_top50\alakazam\rank06_Yushin_Ito_sub54773249_full.zip,rank06_Yushin_Ito_sub54773249/episodes/86425172/replay/episode_86425172.json,0.7071067811865475,,archive_episodes_json
86425366,0,2,Yushin Ito,54773249,yushin_20260717,zip,C:\Users\shiba\ptcc_pokemon_ai_buttle\data\runs\leaderboard_top50\alakazam\rank06_Yushin_Ito_sub54773249_full.zip,rank06_Yushin_Ito_sub54773249/episodes/86425366/replay/episode_86425366.json,0.7071067811865475,,archive_episodes_json
86425723,1,2,Yushin Ito,54773249,yushin_20260717,zip,C:\Users\shiba\ptcc_pokemon_ai_buttle\data\runs\leaderboard_top50\alakazam\rank06_Yushin_Ito_sub54773249_full.zip,rank06_Yushin_Ito_sub54773249/episodes/86425723/replay/episode_86425723.json,0.7071067811865475,,archive_episodes_json
86425853,1,2,Yushin Ito,54773249,yushin_20260717,zip,C:\Users\shiba\ptcc_pokemon_ai_buttle\data\runs\leaderboard_top50\alakazam\rank06_Yushin_Ito_sub54773249_full.zip,rank06_Yushin_Ito_sub54773249/episodes/86425853/replay/episode_86425853.json,0.7071067811865475,,archive_episodes_json
86426269,0,2,Yushin Ito,54773249,yushin_20260717,zip,C:\Users\shiba\ptcc_pokemon_ai_buttle\data\runs\leaderboard_top50\alakazam\rank06_Yushin_Ito_sub54773249_full.zip,rank06_Yushin_Ito_sub54773249/episodes/86426269/replay/episode_86426269.json,0.7071067811865475,,archive_episodes_json
86426793,1,2,Yushin Ito,54773249,yushin_20260717,zip,C:\Users\shiba\ptcc_pokemon_ai_buttle\data\runs\leaderboard_top50\alakazam\rank06_Yushin_Ito_sub54773249_full.zip,rank06_Yushin_Ito_sub54773249/episodes/86426793/replay/episode_86426793.json,0.7071067811865475,,archive_episodes_json
86426912,1,2,Yushin Ito,54773249,yushin_20260717,zip,C:\Users\shiba\ptcc_pokemon_ai_buttle\data\runs\leaderboard_top50\alakazam\rank06_Yushin_Ito_sub54773249_full.zip,rank06_Yushin_Ito_sub54773249/episodes/86426912/replay/episode_86426912.json,0.7071067811865475,,archive_episodes_json
86427345,1,2,Yushin Ito,54773249,yushin_20260717,zip,C:\Users\shiba\ptcc_pokemon_ai_buttle\data\runs\leaderboard_top50\alakazam\rank06_Yushin_Ito_sub54773249_full.zip,rank06_Yushin_Ito_sub54773249/episodes/86427345/replay/episode_86427345.json,0.7071067811865475,,archive_episodes_json
86427507,0,2,Yushin Ito,54773249,yushin_20260717,zip,C:\Users\shiba\ptcc_pokemon_ai_buttle\data\runs\leaderboard_top50\alakazam\rank06_Yushin_Ito_sub54773249_full.zip,rank06_Yushin_Ito_sub54773249/episodes/86427507/replay/episode_86427507.json,0.7071067811865475,,archive_episodes_json
86427965,0,2,Yushin Ito,54773249,yushin_20260717,zip,C:\Users\shiba\ptcc_pokemon_ai_buttle\data\runs\leaderboard_top50\alakazam\rank06_Yushin_Ito_sub54773249_full.zip,rank06_Yushin_Ito_sub54773249/episodes/86427965/replay/episode_86427965.json,0.7071067811865475,,archive_episodes_json
86428564,0,2,Yushin Ito,54773249,yushin_20260717,zip,C:\Users\shiba\ptcc_pokemon_ai_buttle\data\runs\leaderboard_top50\alakazam\rank06_Yushin_Ito_sub54773249_full.zip,rank06_Yushin_Ito_sub54773249/episodes/86428564/replay/episode_86428564.json,0.7071067811865475,,archive_episodes_json
86429183,0,2,Yushin Ito,54773249,yushin_20260717,zip,C:\Users\shiba\ptcc_pokemon_ai_buttle\data\runs\leaderboard_top50\alakazam\rank06_Yushin_Ito_sub54773249_full.zip,rank06_Yushin_Ito_sub54773249/episodes/86429183/replay/episode_86429183.json,0.7071067811865475,,archive_episodes_json
86429190,1,2,Yushin Ito,54773249,yushin_20260717,zip,C:\Users\shiba\ptcc_pokemon_ai_buttle\data\runs\leaderboard_top50\alakazam\rank06_Yushin_Ito_sub54773249_full.zip,rank06_Yushin_Ito_sub54773249/episodes/86429190/replay/episode_86429190.json,0.7071067811865475,,archive_episodes_json
86429726,0,2,Yushin Ito,54773249,yushin_20260717,zip,C:\Users\shiba\ptcc_pokemon_ai_buttle\data\runs\leaderboard_top50\alakazam\rank06_Yushin_Ito_sub54773249_full.zip,rank06_Yushin_Ito_sub54773249/episodes/86429726/replay/episode_86429726.json,0.7071067811865475,,archive_episodes_json
86430146,0,2,Yushin Ito,54773249,yushin_20260717,zip,C:\Users\shiba\ptcc_pokemon_ai_buttle\data\runs\leaderboard_top50\alakazam\rank06_Yushin_Ito_sub54773249_full.zip,rank06_Yushin_Ito_sub54773249/episodes/86430146/replay/episode_86430146.json,0.7071067811865475,,archive_episodes_json
86430854,1,2,Yushin Ito,54773249,yushin_20260717,zip,C:\Users\shiba\ptcc_pokemon_ai_buttle\data\runs\leaderboard_top50\alakazam\rank06_Yushin_Ito_sub54773249_full.zip,rank06_Yushin_Ito_sub54773249/episodes/86430854/replay/episode_86430854.json,0.7071067811865475,,archive_episodes_json
86431421,0,2,Yushin Ito,54773249,yushin_20260717,zip,C:\Users\shiba\ptcc_pokemon_ai_buttle\data\runs\leaderboard_top50\alakazam\rank06_Yushin_Ito_sub54773249_full.zip,rank06_Yushin_Ito_sub54773249/episodes/86431421/replay/episode_86431421.json,0.7071067811865475,,archive_episodes_json
86431995,1,2,Yushin Ito,54773249,yushin_20260717,zip,C:\Users\shiba\ptcc_pokemon_ai_buttle\data\runs\leaderboard_top50\alakazam\rank06_Yushin_Ito_sub54773249_full.zip,rank06_Yushin_Ito_sub54773249/episodes/86431995/replay/episode_86431995.json,0.7071067811865475,,archive_episodes_json
86432570,1,2,Yushin Ito,54773249,yushin_20260717,zip,C:\Users\shiba\ptcc_pokemon_ai_buttle\data\runs\leaderboard_top50\alakazam\rank06_Yushin_Ito_sub54773249_full.zip,rank06_Yushin_Ito_sub54773249/episodes/86432570/replay/episode_86432570.json,0.7071067811865475,,archive_episodes_json
86432631,0,2,Yushin Ito,54773249,yushin_20260717,zip,C:\Users\shiba\ptcc_pokemon_ai_buttle\data\runs\leaderboard_top50\alakazam\rank06_Yushin_Ito_sub54773249_full.zip,rank06_Yushin_Ito_sub54773249/episodes/86432631/replay/episode_86432631.json,0.7071067811865475,,archive_episodes_json
86433121,1,2,Yushin Ito,54773249,yushin_20260717,zip,C:\Users\shiba\ptcc_pokemon_ai_buttle\data\runs\leaderboard_top50\alakazam\rank06_Yushin_Ito_sub54773249_full.zip,rank06_Yushin_Ito_sub54773249/episodes/86433121/replay/episode_86433121.json,0.7071067811865475,,archive_episodes_json
86433665,0,2,Yushin Ito,54773249,yushin_20260717,zip,C:\Users\shiba\ptcc_pokemon_ai_buttle\data\runs\leaderboard_top50\alakazam\rank06_Yushin_Ito_sub54773249_full.zip,rank06_Yushin_Ito_sub54773249/episodes/86433665/replay/episode_86433665.json,0.7071067811865475,,archive_episodes_json
86434196,1,2,Yushin Ito,54773249,yushin_20260717,zip,C:\Users\shiba\ptcc_pokemon_ai_buttle\data\runs\leaderboard_top50\alakazam\rank06_Yushin_Ito_sub54773249_full.zip,rank06_Yushin_Ito_sub54773249/episodes/86434196/replay/episode_86434196.json,0.7071067811865475,,archive_episodes_json
86434764,0,2,Yushin Ito,54773249,yushin_20260717,zip,C:\Users\shiba\ptcc_pokemon_ai_buttle\data\runs\leaderboard_top50\alakazam\rank06_Yushin_Ito_sub54773249_full.zip,rank06_Yushin_Ito_sub54773249/episodes/86434764/replay/episode_86434764.json,0.7071067811865475,,archive_episodes_json
86434805,1,2,Yushin Ito,54773249,yushin_20260717,zip,C:\Users\shiba\ptcc_pokemon_ai_buttle\data\runs\leaderboard_top50\alakazam\rank06_Yushin_Ito_sub54773249_full.zip,rank06_Yushin_Ito_sub54773249/episodes/86434805/replay/episode_86434805.json,0.7071067811865475,,archive_episodes_json
86435310,1,2,Yushin Ito,54773249,yushin_20260717,zip,C:\Users\shiba\ptcc_pokemon_ai_buttle\data\runs\leaderboard_top50\alakazam\rank06_Yushin_Ito_sub54773249_full.zip,rank06_Yushin_Ito_sub54773249/episodes/86435310/replay/episode_86435310.json,0.7071067811865475,,archive_episodes_json
86435832,0,2,Yushin Ito,54773249,yushin_20260717,zip,C:\Users\shiba\ptcc_pokemon_ai_buttle\data\runs\leaderboard_top50\alakazam\rank06_Yushin_Ito_sub54773249_full.zip,rank06_Yushin_Ito_sub54773249/episodes/86435832/replay/episode_86435832.json,0.7071067811865475,,archive_episodes_json
86435834,0,2,Yushin Ito,54773249,yushin_20260717,zip,C:\Users\shiba\ptcc_pokemon_ai_buttle\data\runs\leaderboard_top50\alakazam\rank06_Yushin_Ito_sub54773249_full.zip,rank06_Yushin_Ito_sub54773249/episodes/86435834/replay/episode_86435834.json,0.7071067811865475,,archive_episodes_json
86435875,0,2,Yushin Ito,54773249,yushin_20260717,zip,C:\Users\shiba\ptcc_pokemon_ai_buttle\data\runs\leaderboard_top50\alakazam\rank06_Yushin_Ito_sub54773249_full.zip,rank06_Yushin_Ito_sub54773249/episodes/86435875/replay/episode_86435875.json,0.7071067811865475,,archive_episodes_json
86436381,0,2,Yushin Ito,54773249,yushin_20260717,zip,C:\Users\shiba\ptcc_pokemon_ai_buttle\data\runs\leaderboard_top50\alakazam\rank06_Yushin_Ito_sub54773249_full.zip,rank06_Yushin_Ito_sub54773249/episodes/86436381/replay/episode_86436381.json,0.7071067811865475,,archive_episodes_json
86436923,0,2,Yushin Ito,54773249,yushin_20260717,zip,C:\Users\shiba\ptcc_pokemon_ai_buttle\data\runs\leaderboard_top50\alakazam\rank06_Yushin_Ito_sub54773249_full.zip,rank06_Yushin_Ito_sub54773249/episodes/86436923/replay/episode_86436923.json,0.7071067811865475,,archive_episodes_json
86437454,0,2,Yushin Ito,54773249,yushin_20260717,zip,C:\Users\shiba\ptcc_pokemon_ai_buttle\data\runs\leaderboard_top50\alakazam\rank06_Yushin_Ito_sub54773249_full.zip,rank06_Yushin_Ito_sub54773249/episodes/86437454/replay/episode_86437454.json,0.7071067811865475,,archive_episodes_json
86438001,0,2,Yushin Ito,54773249,yushin_20260717,zip,C:\Users\shiba\ptcc_pokemon_ai_buttle\data\runs\leaderboard_top50\alakazam\rank06_Yushin_Ito_sub54773249_full.zip,rank06_Yushin_Ito_sub54773249/episodes/86438001/replay/episode_86438001.json,0.7071067811865475,,archive_episodes_json
86438005,1,2,Yushin Ito,54773249,yushin_20260717,zip,C:\Users\shiba\ptcc_pokemon_ai_buttle\data\runs\leaderboard_top50\alakazam\rank06_Yushin_Ito_sub54773249_full.zip,rank06_Yushin_Ito_sub54773249/episodes/86438005/replay/episode_86438005.json,0.7071067811865475,,archive_episodes_json
86438628,1,2,Yushin Ito,54773249,yushin_20260717,zip,C:\Users\shiba\ptcc_pokemon_ai_buttle\data\runs\leaderboard_top50\alakazam\rank06_Yushin_Ito_sub54773249_full.zip,rank06_Yushin_Ito_sub54773249/episodes/86438628/replay/episode_86438628.json,0.7071067811865475,,archive_episodes_json
86438638,1,2,Yushin Ito,54773249,yushin_20260717,zip,C:\Users\shiba\ptcc_pokemon_ai_buttle\data\runs\leaderboard_top50\alakazam\rank06_Yushin_Ito_sub54773249_full.zip,rank06_Yushin_Ito_sub54773249/episodes/86438638/replay/episode_86438638.json,0.7071067811865475,,archive_episodes_json
86438648,1,2,Yushin Ito,54773249,yushin_20260717,zip,C:\Users\shiba\ptcc_pokemon_ai_buttle\data\runs\leaderboard_top50\alakazam\rank06_Yushin_Ito_sub54773249_full.zip,rank06_Yushin_Ito_sub54773249/episodes/86438648/replay/episode_86438648.json,0.7071067811865475,,archive_episodes_json
86439149,1,2,Yushin Ito,54773249,yushin_20260717,zip,C:\Users\shiba\ptcc_pokemon_ai_buttle\data\runs\leaderboard_top50\alakazam\rank06_Yushin_Ito_sub54773249_full.zip,rank06_Yushin_Ito_sub54773249/episodes/86439149/replay/episode_86439149.json,0.7071067811865475,,archive_episodes_json
86439175,0,2,Yushin Ito,54773249,yushin_20260717,zip,C:\Users\shiba\ptcc_pokemon_ai_buttle\data\runs\leaderboard_top50\alakazam\rank06_Yushin_Ito_sub54773249_full.zip,rank06_Yushin_Ito_sub54773249/episodes/86439175/replay/episode_86439175.json,0.7071067811865475,,archive_episodes_json
86439712,1,2,Yushin Ito,54773249,yushin_20260717,zip,C:\Users\shiba\ptcc_pokemon_ai_buttle\data\runs\leaderboard_top50\alakazam\rank06_Yushin_Ito_sub54773249_full.zip,rank06_Yushin_Ito_sub54773249/episodes/86439712/replay/episode_86439712.json,0.7071067811865475,,archive_episodes_json
86440207,0,2,Yushin Ito,54773249,yushin_20260717,zip,C:\Users\shiba\ptcc_pokemon_ai_buttle\data\runs\leaderboard_top50\alakazam\rank06_Yushin_Ito_sub54773249_full.zip,rank06_Yushin_Ito_sub54773249/episodes/86440207/replay/episode_86440207.json,0.7071067811865475,,archive_episodes_json
86440237,1,2,Yushin Ito,54773249,yushin_20260717,zip,C:\Users\shiba\ptcc_pokemon_ai_buttle\data\runs\leaderboard_top50\alakazam\rank06_Yushin_Ito_sub54773249_full.zip,rank06_Yushin_Ito_sub54773249/episodes/86440237/replay/episode_86440237.json,0.7071067811865475,,archive_episodes_json
86440570,0,2,Yushin Ito,54773249,yushin_20260717,zip,C:\Users\shiba\ptcc_pokemon_ai_buttle\data\runs\leaderboard_top50\alakazam\rank06_Yushin_Ito_sub54773249_full.zip,rank06_Yushin_Ito_sub54773249/episodes/86440570/replay/episode_86440570.json,0.7071067811865475,,archive_episodes_json
86440786,1,2,Yushin Ito,54773249,yushin_20260717,zip,C:\Users\shiba\ptcc_pokemon_ai_buttle\data\runs\leaderboard_top50\alakazam\rank06_Yushin_Ito_sub54773249_full.zip,rank06_Yushin_Ito_sub54773249/episodes/86440786/replay/episode_86440786.json,0.7071067811865475,,archive_episodes_json
86441327,1,2,Yushin Ito,54773249,yushin_20260717,zip,C:\Users\shiba\ptcc_pokemon_ai_buttle\data\runs\leaderboard_top50\alakazam\rank06_Yushin_Ito_sub54773249_full.zip,rank06_Yushin_Ito_sub54773249/episodes/86441327/replay/episode_86441327.json,0.7071067811865475,,archive_episodes_json
86441886,1,2,Yushin Ito,54773249,yushin_20260717,zip,C:\Users\shiba\ptcc_pokemon_ai_buttle\data\runs\leaderboard_top50\alakazam\rank06_Yushin_Ito_sub54773249_full.zip,rank06_Yushin_Ito_sub54773249/episodes/86441886/replay/episode_86441886.json,0.7071067811865475,,archive_episodes_json
86441916,1,2,Yushin Ito,54773249,yushin_20260717,zip,C:\Users\shiba\ptcc_pokemon_ai_buttle\data\runs\leaderboard_top50\alakazam\rank06_Yushin_Ito_sub54773249_full.zip,rank06_Yushin_Ito_sub54773249/episodes/86441916/replay/episode_86441916.json,0.7071067811865475,,archive_episodes_json
86442423,0,2,Yushin Ito,54773249,yushin_20260717,zip,C:\Users\shiba\ptcc_pokemon_ai_buttle\data\runs\leaderboard_top50\alakazam\rank06_Yushin_Ito_sub54773249_full.zip,rank06_Yushin_Ito_sub54773249/episodes/86442423/replay/episode_86442423.json,0.7071067811865475,,archive_episodes_json
86443028,0,2,Yushin Ito,54773249,yushin_20260717,zip,C:\Users\shiba\ptcc_pokemon_ai_buttle\data\runs\leaderboard_top50\alakazam\rank06_Yushin_Ito_sub54773249_full.zip,rank06_Yushin_Ito_sub54773249/episodes/86443028/replay/episode_86443028.json,0.7071067811865475,,archive_episodes_json
86443613,0,2,Yushin Ito,54773249,yushin_20260717,zip,C:\Users\shiba\ptcc_pokemon_ai_buttle\data\runs\leaderboard_top50\alakazam\rank06_Yushin_Ito_sub54773249_full.zip,rank06_Yushin_Ito_sub54773249/episodes/86443613/replay/episode_86443613.json,0.7071067811865475,,archive_episodes_json
86444204,1,2,Yushin Ito,54773249,yushin_20260717,zip,C:\Users\shiba\ptcc_pokemon_ai_buttle\data\runs\leaderboard_top50\alakazam\rank06_Yushin_Ito_sub54773249_full.zip,rank06_Yushin_Ito_sub54773249/episodes/86444204/replay/episode_86444204.json,0.7071067811865475,,archive_episodes_json
86444797,1,2,Yushin Ito,54773249,yushin_20260717,zip,C:\Users\shiba\ptcc_pokemon_ai_buttle\data\runs\leaderboard_top50\alakazam\rank06_Yushin_Ito_sub54773249_full.zip,rank06_Yushin_Ito_sub54773249/episodes/86444797/replay/episode_86444797.json,0.7071067811865475,,archive_episodes_json
86445372,1,2,Yushin Ito,54773249,yushin_20260717,zip,C:\Users\shiba\ptcc_pokemon_ai_buttle\data\runs\leaderboard_top50\alakazam\rank06_Yushin_Ito_sub54773249_full.zip,rank06_Yushin_Ito_sub54773249/episodes/86445372/replay/episode_86445372.json,0.7071067811865475,,archive_episodes_json
86445968,1,2,Yushin Ito,54773249,yushin_20260717,zip,C:\Users\shiba\ptcc_pokemon_ai_buttle\data\runs\leaderboard_top50\alakazam\rank06_Yushin_Ito_sub54773249_full.zip,rank06_Yushin_Ito_sub54773249/episodes/86445968/replay/episode_86445968.json,0.7071067811865475,,archive_episodes_json
86447193,0,2,Yushin Ito,54773249,yushin_20260717,zip,C:\Users\shiba\ptcc_pokemon_ai_buttle\data\runs\leaderboard_top50\alakazam\rank06_Yushin_Ito_sub54773249_full.zip,rank06_Yushin_Ito_sub54773249/episodes/86447193/replay/episode_86447193.json,0.7071067811865475,,archive_episodes_json
86447735,1,2,Yushin Ito,54773249,yushin_20260717,zip,C:\Users\shiba\ptcc_pokemon_ai_buttle\data\runs\leaderboard_top50\alakazam\rank06_Yushin_Ito_sub54773249_full.zip,rank06_Yushin_Ito_sub54773249/episodes/86447735/replay/episode_86447735.json,0.7071067811865475,,archive_episodes_json
86447763,0,2,Yushin Ito,54773249,yushin_20260717,zip,C:\Users\shiba\ptcc_pokemon_ai_buttle\data\runs\leaderboard_top50\alakazam\rank06_Yushin_Ito_sub54773249_full.zip,rank06_Yushin_Ito_sub54773249/episodes/86447763/replay/episode_86447763.json,0.7071067811865475,,archive_episodes_json
86448330,0,2,Yushin Ito,54773249,yushin_20260717,zip,C:\Users\shiba\ptcc_pokemon_ai_buttle\data\runs\leaderboard_top50\alakazam\rank06_Yushin_Ito_sub54773249_full.zip,rank06_Yushin_Ito_sub54773249/episodes/86448330/replay/episode_86448330.json,0.7071067811865475,,archive_episodes_json
86448347,0,2,Yushin Ito,54773249,yushin_20260717,zip,C:\Users\shiba\ptcc_pokemon_ai_buttle\data\runs\leaderboard_top50\alakazam\rank06_Yushin_Ito_sub54773249_full.zip,rank06_Yushin_Ito_sub54773249/episodes/86448347/replay/episode_86448347.json,0.7071067811865475,,archive_episodes_json
86448962,0,2,Yushin Ito,54773249,yushin_20260717,zip,C:\Users\shiba\ptcc_pokemon_ai_buttle\data\runs\leaderboard_top50\alakazam\rank06_Yushin_Ito_sub54773249_full.zip,rank06_Yushin_Ito_sub54773249/episodes/86448962/replay/episode_86448962.json,0.7071067811865475,,archive_episodes_json
86448976,1,2,Yushin Ito,54773249,yushin_20260717,zip,C:\Users\shiba\ptcc_pokemon_ai_buttle\data\runs\leaderboard_top50\alakazam\rank06_Yushin_Ito_sub54773249_full.zip,rank06_Yushin_Ito_sub54773249/episodes/86448976/replay/episode_86448976.json,0.7071067811865475,,archive_episodes_json
86449537,1,2,Yushin Ito,54773249,yushin_20260717,zip,C:\Users\shiba\ptcc_pokemon_ai_buttle\data\runs\leaderboard_top50\alakazam\rank06_Yushin_Ito_sub54773249_full.zip,rank06_Yushin_Ito_sub54773249/episodes/86449537/replay/episode_86449537.json,0.7071067811865475,,archive_episodes_json
86449558,1,2,Yushin Ito,54773249,yushin_20260717,zip,C:\Users\shiba\ptcc_pokemon_ai_buttle\data\runs\leaderboard_top50\alakazam\rank06_Yushin_Ito_sub54773249_full.zip,rank06_Yushin_Ito_sub54773249/episodes/86449558/replay/episode_86449558.json,0.7071067811865475,,archive_episodes_json
86450146,1,2,Yushin Ito,54773249,yushin_20260717,zip,C:\Users\shiba\ptcc_pokemon_ai_buttle\data\runs\leaderboard_top50\alakazam\rank06_Yushin_Ito_sub54773249_full.zip,rank06_Yushin_Ito_sub54773249/episodes/86450146/replay/episode_86450146.json,0.7071067811865475,,archive_episodes_json
86450719,1,2,Yushin Ito,54773249,yushin_20260717,zip,C:\Users\shiba\ptcc_pokemon_ai_buttle\data\runs\leaderboard_top50\alakazam\rank06_Yushin_Ito_sub54773249_full.zip,rank06_Yushin_Ito_sub54773249/episodes/86450719/replay/episode_86450719.json,0.7071067811865475,,archive_episodes_json
86450721,0,2,Yushin Ito,54773249,yushin_20260717,zip,C:\Users\shiba\ptcc_pokemon_ai_buttle\data\runs\leaderboard_top50\alakazam\rank06_Yushin_Ito_sub54773249_full.zip,rank06_Yushin_Ito_sub54773249/episodes/86450721/replay/episode_86450721.json,0.7071067811865475,,archive_episodes_json
86451266,1,2,Yushin Ito,54773249,yushin_20260717,zip,C:\Users\shiba\ptcc_pokemon_ai_buttle\data\runs\leaderboard_top50\alakazam\rank06_Yushin_Ito_sub54773249_full.zip,rank06_Yushin_Ito_sub54773249/episodes/86451266/replay/episode_86451266.json,0.7071067811865475,,archive_episodes_json
86451292,1,2,Yushin Ito,54773249,yushin_20260717,zip,C:\Users\shiba\ptcc_pokemon_ai_buttle\data\runs\leaderboard_top50\alakazam\rank06_Yushin_Ito_sub54773249_full.zip,rank06_Yushin_Ito_sub54773249/episodes/86451292/replay/episode_86451292.json,0.7071067811865475,,archive_episodes_json
86451871,1,2,Yushin Ito,54773249,yushin_20260717,zip,C:\Users\shiba\ptcc_pokemon_ai_buttle\data\runs\leaderboard_top50\alakazam\rank06_Yushin_Ito_sub54773249_full.zip,rank06_Yushin_Ito_sub54773249/episodes/86451871/replay/episode_86451871.json,0.7071067811865475,,archive_episodes_json
86451894,0,2,Yushin Ito,54773249,yushin_20260717,zip,C:\Users\shiba\ptcc_pokemon_ai_buttle\data\runs\leaderboard_top50\alakazam\rank06_Yushin_Ito_sub54773249_full.zip,rank06_Yushin_Ito_sub54773249/episodes/86451894/replay/episode_86451894.json,0.7071067811865475,,archive_episodes_json
86451917,0,2,Yushin Ito,54773249,yushin_20260717,zip,C:\Users\shiba\ptcc_pokemon_ai_buttle\data\runs\leaderboard_top50\alakazam\rank06_Yushin_Ito_sub54773249_full.zip,rank06_Yushin_Ito_sub54773249/episodes/86451917/replay/episode_86451917.json,0.7071067811865475,,archive_episodes_json
86452458,1,2,Yushin Ito,54773249,yushin_20260717,zip,C:\Users\shiba\ptcc_pokemon_ai_buttle\data\runs\leaderboard_top50\alakazam\rank06_Yushin_Ito_sub54773249_full.zip,rank06_Yushin_Ito_sub54773249/episodes/86452458/replay/episode_86452458.json,0.7071067811865475,,archive_episodes_json
86452471,1,2,Yushin Ito,54773249,yushin_20260717,zip,C:\Users\shiba\ptcc_pokemon_ai_buttle\data\runs\leaderboard_top50\alakazam\rank06_Yushin_Ito_sub54773249_full.zip,rank06_Yushin_Ito_sub54773249/episodes/86452471/replay/episode_86452471.json,0.7071067811865475,,archive_episodes_json
86453049,1,2,Yushin Ito,54773249,yushin_20260717,zip,C:\Users\shiba\ptcc_pokemon_ai_buttle\data\runs\leaderboard_top50\alakazam\rank06_Yushin_Ito_sub54773249_full.zip,rank06_Yushin_Ito_sub54773249/episodes/86453049/replay/episode_86453049.json,0.7071067811865475,,archive_episodes_json
86453061,0,2,Yushin Ito,54773249,yushin_20260717,zip,C:\Users\shiba\ptcc_pokemon_ai_buttle\data\runs\leaderboard_top50\alakazam\rank06_Yushin_Ito_sub54773249_full.zip,rank06_Yushin_Ito_sub54773249/episodes/86453061/replay/episode_86453061.json,0.7071067811865475,,archive_episodes_json
86453626,1,2,Yushin Ito,54773249,yushin_20260717,zip,C:\Users\shiba\ptcc_pokemon_ai_buttle\data\runs\leaderboard_top50\alakazam\rank06_Yushin_Ito_sub54773249_full.zip,rank06_Yushin_Ito_sub54773249/episodes/86453626/replay/episode_86453626.json,0.7071067811865475,,archive_episodes_json
86454201,1,2,Yushin Ito,54773249,yushin_20260717,zip,C:\Users\shiba\ptcc_pokemon_ai_buttle\data\runs\leaderboard_top50\alakazam\rank06_Yushin_Ito_sub54773249_full.zip,rank06_Yushin_Ito_sub54773249/episodes/86454201/replay/episode_86454201.json,0.7071067811865475,,archive_episodes_json
86454203,1,2,Yushin Ito,54773249,yushin_20260717,zip,C:\Users\shiba\ptcc_pokemon_ai_buttle\data\runs\leaderboard_top50\alakazam\rank06_Yushin_Ito_sub54773249_full.zip,rank06_Yushin_Ito_sub54773249/episodes/86454203/replay/episode_86454203.json,0.7071067811865475,,archive_episodes_json
86454209,0,2,Yushin Ito,54773249,yushin_20260717,zip,C:\Users\shiba\ptcc_pokemon_ai_buttle\data\runs\leaderboard_top50\alakazam\rank06_Yushin_Ito_sub54773249_full.zip,rank06_Yushin_Ito_sub54773249/episodes/86454209/replay/episode_86454209.json,0.7071067811865475,,archive_episodes_json
86454785,0,2,Yushin Ito,54773249,yushin_20260717,zip,C:\Users\shiba\ptcc_pokemon_ai_buttle\data\runs\leaderboard_top50\alakazam\rank06_Yushin_Ito_sub54773249_full.zip,rank06_Yushin_Ito_sub54773249/episodes/86454785/replay/episode_86454785.json,0.7071067811865475,,archive_episodes_json
86455363,0,2,Yushin Ito,54773249,yushin_20260717,zip,C:\Users\shiba\ptcc_pokemon_ai_buttle\data\runs\leaderboard_top50\alakazam\rank06_Yushin_Ito_sub54773249_full.zip,rank06_Yushin_Ito_sub54773249/episodes/86455363/replay/episode_86455363.json,0.7071067811865475,,archive_episodes_json
86455995,1,2,Yushin Ito,54773249,yushin_20260717,zip,C:\Users\shiba\ptcc_pokemon_ai_buttle\data\runs\leaderboard_top50\alakazam\rank06_Yushin_Ito_sub54773249_full.zip,rank06_Yushin_Ito_sub54773249/episodes/86455995/replay/episode_86455995.json,0.7071067811865475,,archive_episodes_json
86456002,0,2,Yushin Ito,54773249,yushin_20260717,zip,C:\Users\shiba\ptcc_pokemon_ai_buttle\data\runs\leaderboard_top50\alakazam\rank06_Yushin_Ito_sub54773249_full.zip,rank06_Yushin_Ito_sub54773249/episodes/86456002/replay/episode_86456002.json,0.7071067811865475,,archive_episodes_json
86456512,0,2,Yushin Ito,54773249,yushin_20260717,zip,C:\Users\shiba\ptcc_pokemon_ai_buttle\data\runs\leaderboard_top50\alakazam\rank06_Yushin_Ito_sub54773249_full.zip,rank06_Yushin_Ito_sub54773249/episodes/86456512/replay/episode_86456512.json,0.7071067811865475,,archive_episodes_json
86457085,1,2,Yushin Ito,54773249,yushin_20260717,zip,C:\Users\shiba\ptcc_pokemon_ai_buttle\data\runs\leaderboard_top50\alakazam\rank06_Yushin_Ito_sub54773249_full.zip,rank06_Yushin_Ito_sub54773249/episodes/86457085/replay/episode_86457085.json,0.7071067811865475,,archive_episodes_json
86457659,0,2,Yushin Ito,54773249,yushin_20260717,zip,C:\Users\shiba\ptcc_pokemon_ai_buttle\data\runs\leaderboard_top50\alakazam\rank06_Yushin_Ito_sub54773249_full.zip,rank06_Yushin_Ito_sub54773249/episodes/86457659/replay/episode_86457659.json,0.7071067811865475,,archive_episodes_json
86458209,1,2,Yushin Ito,54773249,yushin_20260717,zip,C:\Users\shiba\ptcc_pokemon_ai_buttle\data\runs\leaderboard_top50\alakazam\rank06_Yushin_Ito_sub54773249_full.zip,rank06_Yushin_Ito_sub54773249/episodes/86458209/replay/episode_86458209.json,0.7071067811865475,,archive_episodes_json
86458220,0,2,Yushin Ito,54773249,yushin_20260717,zip,C:\Users\shiba\ptcc_pokemon_ai_buttle\data\runs\leaderboard_top50\alakazam\rank06_Yushin_Ito_sub54773249_full.zip,rank06_Yushin_Ito_sub54773249/episodes/86458220/replay/episode_86458220.json,0.7071067811865475,,archive_episodes_json
86458224,1,2,Yushin Ito,54773249,yushin_20260717,zip,C:\Users\shiba\ptcc_pokemon_ai_buttle\data\runs\leaderboard_top50\alakazam\rank06_Yushin_Ito_sub54773249_full.zip,rank06_Yushin_Ito_sub54773249/episodes/86458224/replay/episode_86458224.json,0.7071067811865475,,archive_episodes_json
86458244,0,2,Yushin Ito,54773249,yushin_20260717,zip,C:\Users\shiba\ptcc_pokemon_ai_buttle\data\runs\leaderboard_top50\alakazam\rank06_Yushin_Ito_sub54773249_full.zip,rank06_Yushin_Ito_sub54773249/episodes/86458244/replay/episode_86458244.json,0.7071067811865475,,archive_episodes_json
86458792,0,2,Yushin Ito,54773249,yushin_20260717,zip,C:\Users\shiba\ptcc_pokemon_ai_buttle\data\runs\leaderboard_top50\alakazam\rank06_Yushin_Ito_sub54773249_full.zip,rank06_Yushin_Ito_sub54773249/episodes/86458792/replay/episode_86458792.json,0.7071067811865475,,archive_episodes_json
86458795,0,2,Yushin Ito,54773249,yushin_20260717,zip,C:\Users\shiba\ptcc_pokemon_ai_buttle\data\runs\leaderboard_top50\alakazam\rank06_Yushin_Ito_sub54773249_full.zip,rank06_Yushin_Ito_sub54773249/episodes/86458795/replay/episode_86458795.json,0.7071067811865475,,archive_episodes_json
86459376,0,2,Yushin Ito,54773249,yushin_20260717,zip,C:\Users\shiba\ptcc_pokemon_ai_buttle\data\runs\leaderboard_top50\alakazam\rank06_Yushin_Ito_sub54773249_full.zip,rank06_Yushin_Ito_sub54773249/episodes/86459376/replay/episode_86459376.json,0.7071067811865475,,archive_episodes_json
86459377,1,2,Yushin Ito,54773249,yushin_20260717,zip,C:\Users\shiba\ptcc_pokemon_ai_buttle\data\runs\leaderboard_top50\alakazam\rank06_Yushin_Ito_sub54773249_full.zip,rank06_Yushin_Ito_sub54773249/episodes/86459377/replay/episode_86459377.json,0.7071067811865475,,archive_episodes_json
86459957,0,2,Yushin Ito,54773249,yushin_20260717,zip,C:\Users\shiba\ptcc_pokemon_ai_buttle\data\runs\leaderboard_top50\alakazam\rank06_Yushin_Ito_sub54773249_full.zip,rank06_Yushin_Ito_sub54773249/episodes/86459957/replay/episode_86459957.json,0.7071067811865475,,archive_episodes_json
86459975,1,2,Yushin Ito,54773249,yushin_20260717,zip,C:\Users\shiba\ptcc_pokemon_ai_buttle\data\runs\leaderboard_top50\alakazam\rank06_Yushin_Ito_sub54773249_full.zip,rank06_Yushin_Ito_sub54773249/episodes/86459975/replay/episode_86459975.json,0.7071067811865475,,archive_episodes_json
86460537,0,2,Yushin Ito,54773249,yushin_20260717,zip,C:\Users\shiba\ptcc_pokemon_ai_buttle\data\runs\leaderboard_top50\alakazam\rank06_Yushin_Ito_sub54773249_full.zip,rank06_Yushin_Ito_sub54773249/episodes/86460537/replay/episode_86460537.json,0.7071067811865475,,archive_episodes_json
86460541,0,2,Yushin Ito,54773249,yushin_20260717,zip,C:\Users\shiba\ptcc_pokemon_ai_buttle\data\runs\leaderboard_top50\alakazam\rank06_Yushin_Ito_sub54773249_full.zip,rank06_Yushin_Ito_sub54773249/episodes/86460541/replay/episode_86460541.json,0.7071067811865475,,archive_episodes_json
86460568,1,2,Yushin Ito,54773249,yushin_20260717,zip,C:\Users\shiba\ptcc_pokemon_ai_buttle\data\runs\leaderboard_top50\alakazam\rank06_Yushin_Ito_sub54773249_full.zip,rank06_Yushin_Ito_sub54773249/episodes/86460568/replay/episode_86460568.json,0.7071067811865475,,archive_episodes_json
86461114,0,2,Yushin Ito,54773249,yushin_20260717,zip,C:\Users\shiba\ptcc_pokemon_ai_buttle\data\runs\leaderboard_top50\alakazam\rank06_Yushin_Ito_sub54773249_full.zip,rank06_Yushin_Ito_sub54773249/episodes/86461114/replay/episode_86461114.json,0.7071067811865475,,archive_episodes_json
86461685,0,2,Yushin Ito,54773249,yushin_20260717,zip,C:\Users\shiba\ptcc_pokemon_ai_buttle\data\runs\leaderboard_top50\alakazam\rank06_Yushin_Ito_sub54773249_full.zip,rank06_Yushin_Ito_sub54773249/episodes/86461685/replay/episode_86461685.json,0.7071067811865475,,archive_episodes_json
86461690,0,2,Yushin Ito,54773249,yushin_20260717,zip,C:\Users\shiba\ptcc_pokemon_ai_buttle\data\runs\leaderboard_top50\alakazam\rank06_Yushin_Ito_sub54773249_full.zip,rank06_Yushin_Ito_sub54773249/episodes/86461690/replay/episode_86461690.json,0.7071067811865475,,archive_episodes_json
86462254,1,2,Yushin Ito,54773249,yushin_20260717,zip,C:\Users\shiba\ptcc_pokemon_ai_buttle\data\runs\leaderboard_top50\alakazam\rank06_Yushin_Ito_sub54773249_full.zip,rank06_Yushin_Ito_sub54773249/episodes/86462254/replay/episode_86462254.json,0.7071067811865475,,archive_episodes_json
86462812,1,2,Yushin Ito,54773249,yushin_20260717,zip,C:\Users\shiba\ptcc_pokemon_ai_buttle\data\runs\leaderboard_top50\alakazam\rank06_Yushin_Ito_sub54773249_full.zip,rank06_Yushin_Ito_sub54773249/episodes/86462812/replay/episode_86462812.json,0.7071067811865475,,archive_episodes_json
86462816,0,2,Yushin Ito,54773249,yushin_20260717,zip,C:\Users\shiba\ptcc_pokemon_ai_buttle\data\runs\leaderboard_top50\alakazam\rank06_Yushin_Ito_sub54773249_full.zip,rank06_Yushin_Ito_sub54773249/episodes/86462816/replay/episode_86462816.json,0.7071067811865475,,archive_episodes_json
86463375,1,2,Yushin Ito,54773249,yushin_20260717,zip,C:\Users\shiba\ptcc_pokemon_ai_buttle\data\runs\leaderboard_top50\alakazam\rank06_Yushin_Ito_sub54773249_full.zip,rank06_Yushin_Ito_sub54773249/episodes/86463375/replay/episode_86463375.json,0.7071067811865475,,archive_episodes_json
86463378,1,2,Yushin Ito,54773249,yushin_20260717,zip,C:\Users\shiba\ptcc_pokemon_ai_buttle\data\runs\leaderboard_top50\alakazam\rank06_Yushin_Ito_sub54773249_full.zip,rank06_Yushin_Ito_sub54773249/episodes/86463378/replay/episode_86463378.json,0.7071067811865475,,archive_episodes_json
86463956,0,2,Yushin Ito,54773249,yushin_20260717,zip,C:\Users\shiba\ptcc_pokemon_ai_buttle\data\runs\leaderboard_top50\alakazam\rank06_Yushin_Ito_sub54773249_full.zip,rank06_Yushin_Ito_sub54773249/episodes/86463956/replay/episode_86463956.json,0.7071067811865475,,archive_episodes_json
86463961,1,2,Yushin Ito,54773249,yushin_20260717,zip,C:\Users\shiba\ptcc_pokemon_ai_buttle\data\runs\leaderboard_top50\alakazam\rank06_Yushin_Ito_sub54773249_full.zip,rank06_Yushin_Ito_sub54773249/episodes/86463961/replay/episode_86463961.json,0.7071067811865475,,archive_episodes_json
86464548,0,2,Yushin Ito,54773249,yushin_20260717,zip,C:\Users\shiba\ptcc_pokemon_ai_buttle\data\runs\leaderboard_top50\alakazam\rank06_Yushin_Ito_sub54773249_full.zip,rank06_Yushin_Ito_sub54773249/episodes/86464548/replay/episode_86464548.json,0.7071067811865475,,archive_episodes_json
86465094,1,2,Yushin Ito,54773249,yushin_20260717,zip,C:\Users\shiba\ptcc_pokemon_ai_buttle\data\runs\leaderboard_top50\alakazam\rank06_Yushin_Ito_sub54773249_full.zip,rank06_Yushin_Ito_sub54773249/episodes/86465094/replay/episode_86465094.json,0.7071067811865475,,archive_episodes_json
86465098,0,2,Yushin Ito,54773249,yushin_20260717,zip,C:\Users\shiba\ptcc_pokemon_ai_buttle\data\runs\leaderboard_top50\alakazam\rank06_Yushin_Ito_sub54773249_full.zip,rank06_Yushin_Ito_sub54773249/episodes/86465098/replay/episode_86465098.json,0.7071067811865475,,archive_episodes_json
86465666,0,2,Yushin Ito,54773249,yushin_20260717,zip,C:\Users\shiba\ptcc_pokemon_ai_buttle\data\runs\leaderboard_top50\alakazam\rank06_Yushin_Ito_sub54773249_full.zip,rank06_Yushin_Ito_sub54773249/episodes/86465666/replay/episode_86465666.json,0.7071067811865475,,archive_episodes_json
86466121,0,2,Yushin Ito,54773249,yushin_20260717,zip,C:\Users\shiba\ptcc_pokemon_ai_buttle\data\runs\leaderboard_top50\alakazam\rank06_Yushin_Ito_sub54773249_full.zip,rank06_Yushin_Ito_sub54773249/episodes/86466121/replay/episode_86466121.json,0.7071067811865475,,archive_episodes_json
86466127,1,2,Yushin Ito,54773249,yushin_20260717,zip,C:\Users\shiba\ptcc_pokemon_ai_buttle\data\runs\leaderboard_top50\alakazam\rank06_Yushin_Ito_sub54773249_full.zip,rank06_Yushin_Ito_sub54773249/episodes/86466127/replay/episode_86466127.json,0.7071067811865475,,archive_episodes_json
86466756,1,2,Yushin Ito,54773249,yushin_20260717,zip,C:\Users\shiba\ptcc_pokemon_ai_buttle\data\runs\leaderboard_top50\alakazam\rank06_Yushin_Ito_sub54773249_full.zip,rank06_Yushin_Ito_sub54773249/episodes/86466756/replay/episode_86466756.json,0.7071067811865475,,archive_episodes_json
86466765,0,2,Yushin Ito,54773249,yushin_20260717,zip,C:\Users\shiba\ptcc_pokemon_ai_buttle\data\runs\leaderboard_top50\alakazam\rank06_Yushin_Ito_sub54773249_full.zip,rank06_Yushin_Ito_sub54773249/episodes/86466765/replay/episode_86466765.json,0.7071067811865475,,archive_episodes_json
86466781,0,2,Yushin Ito,54773249,yushin_20260717,zip,C:\Users\shiba\ptcc_pokemon_ai_buttle\data\runs\leaderboard_top50\alakazam\rank06_Yushin_Ito_sub54773249_full.zip,rank06_Yushin_Ito_sub54773249/episodes/86466781/replay/episode_86466781.json,0.7071067811865475,,archive_episodes_json
86467331,1,2,Yushin Ito,54773249,yushin_20260717,zip,C:\Users\shiba\ptcc_pokemon_ai_buttle\data\runs\leaderboard_top50\alakazam\rank06_Yushin_Ito_sub54773249_full.zip,rank06_Yushin_Ito_sub54773249/episodes/86467331/replay/episode_86467331.json,0.7071067811865475,,archive_episodes_json
86467343,0,2,Yushin Ito,54773249,yushin_20260717,zip,C:\Users\shiba\ptcc_pokemon_ai_buttle\data\runs\leaderboard_top50\alakazam\rank06_Yushin_Ito_sub54773249_full.zip,rank06_Yushin_Ito_sub54773249/episodes/86467343/replay/episode_86467343.json,0.7071067811865475,,archive_episodes_json
86467348,0,2,Yushin Ito,54773249,yushin_20260717,zip,C:\Users\shiba\ptcc_pokemon_ai_buttle\data\runs\leaderboard_top50\alakazam\rank06_Yushin_Ito_sub54773249_full.zip,rank06_Yushin_Ito_sub54773249/episodes/86467348/replay/episode_86467348.json,0.7071067811865475,,archive_episodes_json
86467958,0,2,Yushin Ito,54773249,yushin_20260717,zip,C:\Users\shiba\ptcc_pokemon_ai_buttle\data\runs\leaderboard_top50\alakazam\rank06_Yushin_Ito_sub54773249_full.zip,rank06_Yushin_Ito_sub54773249/episodes/86467958/replay/episode_86467958.json,0.7071067811865475,,archive_episodes_json
86468457,1,2,Yushin Ito,54773249,yushin_20260717,zip,C:\Users\shiba\ptcc_pokemon_ai_buttle\data\runs\leaderboard_top50\alakazam\rank06_Yushin_Ito_sub54773249_full.zip,rank06_Yushin_Ito_sub54773249/episodes/86468457/replay/episode_86468457.json,0.7071067811865475,,archive_episodes_json
86468476,1,2,Yushin Ito,54773249,yushin_20260717,zip,C:\Users\shiba\ptcc_pokemon_ai_buttle\data\runs\leaderboard_top50\alakazam\rank06_Yushin_Ito_sub54773249_full.zip,rank06_Yushin_Ito_sub54773249/episodes/86468476/replay/episode_86468476.json,0.7071067811865475,,archive_episodes_json
86469029,1,2,Yushin Ito,54773249,yushin_20260717,zip,C:\Users\shiba\ptcc_pokemon_ai_buttle\data\runs\leaderboard_top50\alakazam\rank06_Yushin_Ito_sub54773249_full.zip,rank06_Yushin_Ito_sub54773249/episodes/86469029/replay/episode_86469029.json,0.7071067811865475,,archive_episodes_json
86469042,1,2,Yushin Ito,54773249,yushin_20260717,zip,C:\Users\shiba\ptcc_pokemon_ai_buttle\data\runs\leaderboard_top50\alakazam\rank06_Yushin_Ito_sub54773249_full.zip,rank06_Yushin_Ito_sub54773249/episodes/86469042/replay/episode_86469042.json,0.7071067811865475,,archive_episodes_json
86469586,0,2,Yushin Ito,54773249,yushin_20260717,zip,C:\Users\shiba\ptcc_pokemon_ai_buttle\data\runs\leaderboard_top50\alakazam\rank06_Yushin_Ito_sub54773249_full.zip,rank06_Yushin_Ito_sub54773249/episodes/86469586/replay/episode_86469586.json,0.7071067811865475,,archive_episodes_json
86470155,1,2,Yushin Ito,54773249,yushin_20260717,zip,C:\Users\shiba\ptcc_pokemon_ai_buttle\data\runs\leaderboard_top50\alakazam\rank06_Yushin_Ito_sub54773249_full.zip,rank06_Yushin_Ito_sub54773249/episodes/86470155/replay/episode_86470155.json,0.7071067811865475,,archive_episodes_json
86470733,0,2,Yushin Ito,54773249,yushin_20260717,zip,C:\Users\shiba\ptcc_pokemon_ai_buttle\data\runs\leaderboard_top50\alakazam\rank06_Yushin_Ito_sub54773249_full.zip,rank06_Yushin_Ito_sub54773249/episodes/86470733/replay/episode_86470733.json,0.7071067811865475,,archive_episodes_json
86470739,0,2,Yushin Ito,54773249,yushin_20260717,zip,C:\Users\shiba\ptcc_pokemon_ai_buttle\data\runs\leaderboard_top50\alakazam\rank06_Yushin_Ito_sub54773249_full.zip,rank06_Yushin_Ito_sub54773249/episodes/86470739/replay/episode_86470739.json,0.7071067811865475,,archive_episodes_json
86471296,1,2,Yushin Ito,54773249,yushin_20260717,zip,C:\Users\shiba\ptcc_pokemon_ai_buttle\data\runs\leaderboard_top50\alakazam\rank06_Yushin_Ito_sub54773249_full.zip,rank06_Yushin_Ito_sub54773249/episodes/86471296/replay/episode_86471296.json,0.7071067811865475,,archive_episodes_json
86471648,0,2,Yushin Ito,54773249,yushin_20260717,zip,C:\Users\shiba\ptcc_pokemon_ai_buttle\data\runs\leaderboard_top50\alakazam\rank06_Yushin_Ito_sub54773249_full.zip,rank06_Yushin_Ito_sub54773249/episodes/86471648/replay/episode_86471648.json,0.7071067811865475,,archive_episodes_json
86471876,0,2,Yushin Ito,54773249,yushin_20260717,zip,C:\Users\shiba\ptcc_pokemon_ai_buttle\data\runs\leaderboard_top50\alakazam\rank06_Yushin_Ito_sub54773249_full.zip,rank06_Yushin_Ito_sub54773249/episodes/86471876/replay/episode_86471876.json,0.7071067811865475,,archive_episodes_json
86472451,1,2,Yushin Ito,54773249,yushin_20260717,zip,C:\Users\shiba\ptcc_pokemon_ai_buttle\data\runs\leaderboard_top50\alakazam\rank06_Yushin_Ito_sub54773249_full.zip,rank06_Yushin_Ito_sub54773249/episodes/86472451/replay/episode_86472451.json,0.7071067811865475,,archive_episodes_json
86472453,0,2,Yushin Ito,54773249,yushin_20260717,zip,C:\Users\shiba\ptcc_pokemon_ai_buttle\data\runs\leaderboard_top50\alakazam\rank06_Yushin_Ito_sub54773249_full.zip,rank06_Yushin_Ito_sub54773249/episodes/86472453/replay/episode_86472453.json,0.7071067811865475,,archive_episodes_json
86472972,0,2,Yushin Ito,54773249,yushin_20260717,zip,C:\Users\shiba\ptcc_pokemon_ai_buttle\data\runs\leaderboard_top50\alakazam\rank06_Yushin_Ito_sub54773249_full.zip,rank06_Yushin_Ito_sub54773249/episodes/86472972/replay/episode_86472972.json,0.7071067811865475,,archive_episodes_json
86473563,0,2,Yushin Ito,54773249,yushin_20260717,zip,C:\Users\shiba\ptcc_pokemon_ai_buttle\data\runs\leaderboard_top50\alakazam\rank06_Yushin_Ito_sub54773249_full.zip,rank06_Yushin_Ito_sub54773249/episodes/86473563/replay/episode_86473563.json,0.7071067811865475,,archive_episodes_json
86474146,1,2,Yushin Ito,54773249,yushin_20260717,zip,C:\Users\shiba\ptcc_pokemon_ai_buttle\data\runs\leaderboard_top50\alakazam\rank06_Yushin_Ito_sub54773249_full.zip,rank06_Yushin_Ito_sub54773249/episodes/86474146/replay/episode_86474146.json,0.7071067811865475,,archive_episodes_json
86474703,0,2,Yushin Ito,54773249,yushin_20260717,zip,C:\Users\shiba\ptcc_pokemon_ai_buttle\data\runs\leaderboard_top50\alakazam\rank06_Yushin_Ito_sub54773249_full.zip,rank06_Yushin_Ito_sub54773249/episodes/86474703/replay/episode_86474703.json,0.7071067811865475,,archive_episodes_json
86475259,1,2,Yushin Ito,54773249,yushin_20260717,zip,C:\Users\shiba\ptcc_pokemon_ai_buttle\data\runs\leaderboard_top50\alakazam\rank06_Yushin_Ito_sub54773249_full.zip,rank06_Yushin_Ito_sub54773249/episodes/86475259/replay/episode_86475259.json,0.7071067811865475,,archive_episodes_json
86475822,1,2,Yushin Ito,54773249,yushin_20260717,zip,C:\Users\shiba\ptcc_pokemon_ai_buttle\data\runs\leaderboard_top50\alakazam\rank06_Yushin_Ito_sub54773249_full.zip,rank06_Yushin_Ito_sub54773249/episodes/86475822/replay/episode_86475822.json,0.7071067811865475,,archive_episodes_json
87173522,1,2,Yushin Ito,54773249,yushin_current_top,zip,C:\Users\shiba\ptcc_pokemon_ai_buttle\data\runs\alakazam\20260724_top40_current.zip,20260724_top40_current/replays/episode_87173522.json,0.7071067811865475,,archive_episodes_json
87174065,1,2,Yushin Ito,54773249,yushin_current_top,zip,C:\Users\shiba\ptcc_pokemon_ai_buttle\data\runs\alakazam\20260724_top40_current.zip,20260724_top40_current/replays/episode_87174065.json,0.7071067811865475,,archive_episodes_json
87174635,1,2,Yushin Ito,54773249,yushin_current_top,zip,C:\Users\shiba\ptcc_pokemon_ai_buttle\data\runs\alakazam\20260724_top40_current.zip,20260724_top40_current/replays/episode_87174635.json,0.7071067811865475,,archive_episodes_json
87175154,0,2,Yushin Ito,54773249,yushin_current_top,zip,C:\Users\shiba\ptcc_pokemon_ai_buttle\data\runs\alakazam\20260724_top40_current.zip,20260724_top40_current/replays/episode_87175154.json,0.7071067811865475,,archive_episodes_json
87175206,0,2,Yushin Ito,54773249,yushin_current_top,zip,C:\Users\shiba\ptcc_pokemon_ai_buttle\data\runs\alakazam\20260724_top40_current.zip,20260724_top40_current/replays/episode_87175206.json,0.7071067811865475,,archive_episodes_json
87175768,0,2,Yushin Ito,54773249,yushin_current_top,zip,C:\Users\shiba\ptcc_pokemon_ai_buttle\data\runs\alakazam\20260724_top40_current.zip,20260724_top40_current/replays/episode_87175768.json,0.7071067811865475,,archive_episodes_json
87175778,1,2,Yushin Ito,54773249,yushin_current_top,zip,C:\Users\shiba\ptcc_pokemon_ai_buttle\data\runs\alakazam\20260724_top40_current.zip,20260724_top40_current/replays/episode_87175778.json,0.7071067811865475,,archive_episodes_json
87176300,0,2,Yushin Ito,54773249,yushin_current_top,zip,C:\Users\shiba\ptcc_pokemon_ai_buttle\data\runs\alakazam\20260724_top40_current.zip,20260724_top40_current/replays/episode_87176300.json,0.7071067811865475,,archive_episodes_json
87176349,0,2,Yushin Ito,54773249,yushin_current_top,zip,C:\Users\shiba\ptcc_pokemon_ai_buttle\data\runs\alakazam\20260724_top40_current.zip,20260724_top40_current/replays/episode_87176349.json,0.7071067811865475,,archive_episodes_json
87176923,1,2,Yushin Ito,54773249,yushin_current_top,zip,C:\Users\shiba\ptcc_pokemon_ai_buttle\data\runs\alakazam\20260724_top40_current.zip,20260724_top40_current/replays/episode_87176923.json,0.7071067811865475,,archive_episodes_json
87177494,1,2,Yushin Ito,54773249,yushin_current_top,zip,C:\Users\shiba\ptcc_pokemon_ai_buttle\data\runs\alakazam\20260724_top40_current.zip,20260724_top40_current/replays/episode_87177494.json,0.7071067811865475,,archive_episodes_json
87177496,0,2,Yushin Ito,54773249,yushin_current_top,zip,C:\Users\shiba\ptcc_pokemon_ai_buttle\data\runs\alakazam\20260724_top40_current.zip,20260724_top40_current/replays/episode_87177496.json,0.7071067811865475,,archive_episodes_json
87178079,0,2,Yushin Ito,54773249,yushin_current_top,zip,C:\Users\shiba\ptcc_pokemon_ai_buttle\data\runs\alakazam\20260724_top40_current.zip,20260724_top40_current/replays/episode_87178079.json,0.7071067811865475,,archive_episodes_json
87179175,0,2,Yushin Ito,54773249,yushin_current_top,zip,C:\Users\shiba\ptcc_pokemon_ai_buttle\data\runs\alakazam\20260724_top40_current.zip,20260724_top40_current/replays/episode_87179175.json,0.7071067811865475,,archive_episodes_json
87180195,0,2,Yushin Ito,54773249,yushin_current_top,zip,C:\Users\shiba\ptcc_pokemon_ai_buttle\data\runs\alakazam\20260724_top40_current.zip,20260724_top40_current/replays/episode_87180195.json,0.7071067811865475,,archive_episodes_json
87180752,0,2,Yushin Ito,54773249,yushin_current_top,zip,C:\Users\shiba\ptcc_pokemon_ai_buttle\data\runs\alakazam\20260724_top40_current.zip,20260724_top40_current/replays/episode_87180752.json,0.7071067811865475,,archive_episodes_json
87181281,1,2,Yushin Ito,54773249,yushin_current_top,zip,C:\Users\shiba\ptcc_pokemon_ai_buttle\data\runs\alakazam\20260724_top40_current.zip,20260724_top40_current/replays/episode_87181281.json,0.7071067811865475,,archive_episodes_json
87181812,0,2,Yushin Ito,54773249,yushin_current_top,zip,C:\Users\shiba\ptcc_pokemon_ai_buttle\data\runs\alakazam\20260724_top40_current.zip,20260724_top40_current/replays/episode_87181812.json,0.7071067811865475,,archive_episodes_json
87181817,1,2,Yushin Ito,54773249,yushin_current_top,zip,C:\Users\shiba\ptcc_pokemon_ai_buttle\data\runs\alakazam\20260724_top40_current.zip,20260724_top40_current/replays/episode_87181817.json,0.7071067811865475,,archive_episodes_json
87182339,1,2,Yushin Ito,54773249,yushin_current_top,zip,C:\Users\shiba\ptcc_pokemon_ai_buttle\data\runs\alakazam\20260724_top40_current.zip,20260724_top40_current/replays/episode_87182339.json,0.7071067811865475,,archive_episodes_json
87182343,0,2,Yushin Ito,54773249,yushin_current_top,zip,C:\Users\shiba\ptcc_pokemon_ai_buttle\data\runs\alakazam\20260724_top40_current.zip,20260724_top40_current/replays/episode_87182343.json,0.7071067811865475,,archive_episodes_json
87183400,1,2,Yushin Ito,54773249,yushin_current_top,zip,C:\Users\shiba\ptcc_pokemon_ai_buttle\data\runs\alakazam\20260724_top40_current.zip,20260724_top40_current/replays/episode_87183400.json,0.7071067811865475,,archive_episodes_json
87183401,0,2,Yushin Ito,54773249,yushin_current_top,zip,C:\Users\shiba\ptcc_pokemon_ai_buttle\data\runs\alakazam\20260724_top40_current.zip,20260724_top40_current/replays/episode_87183401.json,0.7071067811865475,,archive_episodes_json
87183923,0,2,Yushin Ito,54773249,yushin_current_top,zip,C:\Users\shiba\ptcc_pokemon_ai_buttle\data\runs\alakazam\20260724_top40_current.zip,20260724_top40_current/replays/episode_87183923.json,0.7071067811865475,,archive_episodes_json
87184453,0,2,Yushin Ito,54773249,yushin_current_top,zip,C:\Users\shiba\ptcc_pokemon_ai_buttle\data\runs\alakazam\20260724_top40_current.zip,20260724_top40_current/replays/episode_87184453.json,0.7071067811865475,,archive_episodes_json
87184999,0,2,Yushin Ito,54773249,yushin_current_top,zip,C:\Users\shiba\ptcc_pokemon_ai_buttle\data\runs\alakazam\20260724_top40_current.zip,20260724_top40_current/replays/episode_87184999.json,0.7071067811865475,,archive_episodes_json
87185558,0,2,Yushin Ito,54773249,yushin_current_top,zip,C:\Users\shiba\ptcc_pokemon_ai_buttle\data\runs\alakazam\20260724_top40_current.zip,20260724_top40_current/replays/episode_87185558.json,0.7071067811865475,,archive_episodes_json
87185564,0,2,Yushin Ito,54773249,yushin_current_top,zip,C:\Users\shiba\ptcc_pokemon_ai_buttle\data\runs\alakazam\20260724_top40_current.zip,20260724_top40_current/replays/episode_87185564.json,0.7071067811865475,,archive_episodes_json
87186139,0,2,Yushin Ito,54773249,yushin_current_top,zip,C:\Users\shiba\ptcc_pokemon_ai_buttle\data\runs\alakazam\20260724_top40_current.zip,20260724_top40_current/replays/episode_87186139.json,0.7071067811865475,,archive_episodes_json
87186153,1,2,Yushin Ito,54773249,yushin_current_top,zip,C:\Users\shiba\ptcc_pokemon_ai_buttle\data\runs\alakazam\20260724_top40_current.zip,20260724_top40_current/replays/episode_87186153.json,0.7071067811865475,,archive_episodes_json
87187268,1,2,Yushin Ito,54773249,yushin_current_top,zip,C:\Users\shiba\ptcc_pokemon_ai_buttle\data\runs\alakazam\20260724_top40_current.zip,20260724_top40_current/replays/episode_87187268.json,0.7071067811865475,,archive_episodes_json
87188483,0,2,Yushin Ito,54773249,yushin_current_top,zip,C:\Users\shiba\ptcc_pokemon_ai_buttle\data\runs\alakazam\20260724_top40_current.zip,20260724_top40_current/replays/episode_87188483.json,0.7071067811865475,,archive_episodes_json
87188982,0,2,Yushin Ito,54773249,yushin_current_top,zip,C:\Users\shiba\ptcc_pokemon_ai_buttle\data\runs\alakazam\20260724_top40_current.zip,20260724_top40_current/replays/episode_87188982.json,0.7071067811865475,,archive_episodes_json
87189502,0,2,Yushin Ito,54773249,yushin_current_top,zip,C:\Users\shiba\ptcc_pokemon_ai_buttle\data\runs\alakazam\20260724_top40_current.zip,20260724_top40_current/replays/episode_87189502.json,0.7071067811865475,,archive_episodes_json
87189510,0,2,Yushin Ito,54773249,yushin_current_top,zip,C:\Users\shiba\ptcc_pokemon_ai_buttle\data\runs\alakazam\20260724_top40_current.zip,20260724_top40_current/replays/episode_87189510.json,0.7071067811865475,,archive_episodes_json
87190043,1,2,Yushin Ito,54773249,yushin_current_top,zip,C:\Users\shiba\ptcc_pokemon_ai_buttle\data\runs\alakazam\20260724_top40_current.zip,20260724_top40_current/replays/episode_87190043.json,0.7071067811865475,,archive_episodes_json
87190571,1,2,Yushin Ito,54773249,yushin_current_top,zip,C:\Users\shiba\ptcc_pokemon_ai_buttle\data\runs\alakazam\20260724_top40_current.zip,20260724_top40_current/replays/episode_87190571.json,0.7071067811865475,,archive_episodes_json
87191115,1,2,Yushin Ito,54773249,yushin_current_top,zip,C:\Users\shiba\ptcc_pokemon_ai_buttle\data\runs\alakazam\20260724_top40_current.zip,20260724_top40_current/replays/episode_87191115.json,0.7071067811865475,,archive_episodes_json
87191669,1,2,Yushin Ito,54773249,yushin_current_top,zip,C:\Users\shiba\ptcc_pokemon_ai_buttle\data\runs\alakazam\20260724_top40_current.zip,20260724_top40_current/replays/episode_87191669.json,0.7071067811865475,,archive_episodes_json
87192242,0,2,Yushin Ito,54773249,yushin_current_top,zip,C:\Users\shiba\ptcc_pokemon_ai_buttle\data\runs\alakazam\20260724_top40_current.zip,20260724_top40_current/replays/episode_87192242.json,0.7071067811865475,,archive_episodes_json
87192798,0,2,Yushin Ito,54773249,yushin_current_top,zip,C:\Users\shiba\ptcc_pokemon_ai_buttle\data\runs\alakazam\20260724_top40_current.zip,20260724_top40_current/replays/episode_87192798.json,0.7071067811865475,,archive_episodes_json
87193346,0,2,Yushin Ito,54773249,yushin_current_top,zip,C:\Users\shiba\ptcc_pokemon_ai_buttle\data\runs\alakazam\20260724_top40_current.zip,20260724_top40_current/replays/episode_87193346.json,0.7071067811865475,,archive_episodes_json
87193351,1,2,Yushin Ito,54773249,yushin_current_top,zip,C:\Users\shiba\ptcc_pokemon_ai_buttle\data\runs\alakazam\20260724_top40_current.zip,20260724_top40_current/replays/episode_87193351.json,0.7071067811865475,,archive_episodes_json
87193355,0,2,Yushin Ito,54773249,yushin_current_top,zip,C:\Users\shiba\ptcc_pokemon_ai_buttle\data\runs\alakazam\20260724_top40_current.zip,20260724_top40_current/replays/episode_87193355.json,0.7071067811865475,,archive_episodes_json
87193931,0,2,Yushin Ito,54773249,yushin_current_top,zip,C:\Users\shiba\ptcc_pokemon_ai_buttle\data\runs\alakazam\20260724_top40_current.zip,20260724_top40_current/replays/episode_87193931.json,0.7071067811865475,,archive_episodes_json
87193932,0,2,Yushin Ito,54773249,yushin_current_top,zip,C:\Users\shiba\ptcc_pokemon_ai_buttle\data\runs\alakazam\20260724_top40_current.zip,20260724_top40_current/replays/episode_87193932.json,0.7071067811865475,,archive_episodes_json
87194471,1,2,Yushin Ito,54773249,yushin_current_top,zip,C:\Users\shiba\ptcc_pokemon_ai_buttle\data\runs\alakazam\20260724_top40_current.zip,20260724_top40_current/replays/episode_87194471.json,0.7071067811865475,,archive_episodes_json
87194472,0,2,Yushin Ito,54773249,yushin_current_top,zip,C:\Users\shiba\ptcc_pokemon_ai_buttle\data\runs\alakazam\20260724_top40_current.zip,20260724_top40_current/replays/episode_87194472.json,0.7071067811865475,,archive_episodes_json
87194481,1,2,Yushin Ito,54773249,yushin_current_top,zip,C:\Users\shiba\ptcc_pokemon_ai_buttle\data\runs\alakazam\20260724_top40_current.zip,20260724_top40_current/replays/episode_87194481.json,0.7071067811865475,,archive_episodes_json
87194490,0,2,Yushin Ito,54773249,yushin_current_top,zip,C:\Users\shiba\ptcc_pokemon_ai_buttle\data\runs\alakazam\20260724_top40_current.zip,20260724_top40_current/replays/episode_87194490.json,0.7071067811865475,,archive_episodes_json
87195540,1,2,Yushin Ito,54773249,yushin_current_top,zip,C:\Users\shiba\ptcc_pokemon_ai_buttle\data\runs\alakazam\20260724_top40_current.zip,20260724_top40_current/replays/episode_87195540.json,0.7071067811865475,,archive_episodes_json
87196057,0,2,Yushin Ito,54773249,yushin_current_top,zip,C:\Users\shiba\ptcc_pokemon_ai_buttle\data\runs\alakazam\20260724_top40_current.zip,20260724_top40_current/replays/episode_87196057.json,0.7071067811865475,,archive_episodes_json
87196592,0,2,Yushin Ito,54773249,yushin_current_top,zip,C:\Users\shiba\ptcc_pokemon_ai_buttle\data\runs\alakazam\20260724_top40_current.zip,20260724_top40_current/replays/episode_87196592.json,0.7071067811865475,,archive_episodes_json
87197129,0,2,Yushin Ito,54773249,yushin_current_top,zip,C:\Users\shiba\ptcc_pokemon_ai_buttle\data\runs\alakazam\20260724_top40_current.zip,20260724_top40_current/replays/episode_87197129.json,0.7071067811865475,,archive_episodes_json
87197668,1,2,Yushin Ito,54773249,yushin_current_top,zip,C:\Users\shiba\ptcc_pokemon_ai_buttle\data\runs\alakazam\20260724_top40_current.zip,20260724_top40_current/replays/episode_87197668.json,0.7071067811865475,,archive_episodes_json
87198718,1,2,Yushin Ito,54773249,yushin_current_top,zip,C:\Users\shiba\ptcc_pokemon_ai_buttle\data\runs\alakazam\20260724_top40_current.zip,20260724_top40_current/replays/episode_87198718.json,0.7071067811865475,,archive_episodes_json
87198744,0,2,Yushin Ito,54773249,yushin_current_top,zip,C:\Users\shiba\ptcc_pokemon_ai_buttle\data\runs\alakazam\20260724_top40_current.zip,20260724_top40_current/replays/episode_87198744.json,0.7071067811865475,,archive_episodes_json
87199246,0,2,Yushin Ito,54773249,yushin_current_top,zip,C:\Users\shiba\ptcc_pokemon_ai_buttle\data\runs\alakazam\20260724_top40_current.zip,20260724_top40_current/replays/episode_87199246.json,0.7071067811865475,,archive_episodes_json
87199752,1,2,Yushin Ito,54773249,yushin_current_top,zip,C:\Users\shiba\ptcc_pokemon_ai_buttle\data\runs\alakazam\20260724_top40_current.zip,20260724_top40_current/replays/episode_87199752.json,0.7071067811865475,,archive_episodes_json
87200295,1,2,Yushin Ito,54773249,yushin_current_top,zip,C:\Users\shiba\ptcc_pokemon_ai_buttle\data\runs\alakazam\20260724_top40_current.zip,20260724_top40_current/replays/episode_87200295.json,0.7071067811865475,,archive_episodes_json
87201347,0,2,Yushin Ito,54773249,yushin_current_top,zip,C:\Users\shiba\ptcc_pokemon_ai_buttle\data\runs\alakazam\20260724_top40_current.zip,20260724_top40_current/replays/episode_87201347.json,0.7071067811865475,,archive_episodes_json
87202401,0,2,Yushin Ito,54773249,yushin_current_top,zip,C:\Users\shiba\ptcc_pokemon_ai_buttle\data\runs\alakazam\20260724_top40_current.zip,20260724_top40_current/replays/episode_87202401.json,0.7071067811865475,,archive_episodes_json
87202924,0,2,Yushin Ito,54773249,yushin_current_top,zip,C:\Users\shiba\ptcc_pokemon_ai_buttle\data\runs\alakazam\20260724_top40_current.zip,20260724_top40_current/replays/episode_87202924.json,0.7071067811865475,,archive_episodes_json
87202936,0,2,Yushin Ito,54773249,yushin_current_top,zip,C:\Users\shiba\ptcc_pokemon_ai_buttle\data\runs\alakazam\20260724_top40_current.zip,20260724_top40_current/replays/episode_87202936.json,0.7071067811865475,,archive_episodes_json
87203460,1,2,Yushin Ito,54773249,yushin_current_top,zip,C:\Users\shiba\ptcc_pokemon_ai_buttle\data\runs\alakazam\20260724_top40_current.zip,20260724_top40_current/replays/episode_87203460.json,0.7071067811865475,,archive_episodes_json
87203989,0,2,Yushin Ito,54773249,yushin_current_top,zip,C:\Users\shiba\ptcc_pokemon_ai_buttle\data\runs\alakazam\20260724_top40_current.zip,20260724_top40_current/replays/episode_87203989.json,0.7071067811865475,,archive_episodes_json
87204019,0,2,Yushin Ito,54773249,yushin_current_top,zip,C:\Users\shiba\ptcc_pokemon_ai_buttle\data\runs\alakazam\20260724_top40_current.zip,20260724_top40_current/replays/episode_87204019.json,0.7071067811865475,,archive_episodes_json
87204515,1,2,Yushin Ito,54773249,yushin_current_top,zip,C:\Users\shiba\ptcc_pokemon_ai_buttle\data\runs\alakazam\20260724_top40_current.zip,20260724_top40_current/replays/episode_87204515.json,0.7071067811865475,,archive_episodes_json
87204523,1,2,Yushin Ito,54773249,yushin_current_top,zip,C:\Users\shiba\ptcc_pokemon_ai_buttle\data\runs\alakazam\20260724_top40_current.zip,20260724_top40_current/replays/episode_87204523.json,0.7071067811865475,,archive_episodes_json
87205070,1,2,Yushin Ito,54773249,yushin_current_top,zip,C:\Users\shiba\ptcc_pokemon_ai_buttle\data\runs\alakazam\20260724_top40_current.zip,20260724_top40_current/replays/episode_87205070.json,0.7071067811865475,,archive_episodes_json
87207247,1,2,Yushin Ito,54773249,yushin_current_top,zip,C:\Users\shiba\ptcc_pokemon_ai_buttle\data\runs\alakazam\20260724_top40_current.zip,20260724_top40_current/replays/episode_87207247.json,0.7071067811865475,,archive_episodes_json
87207794,0,2,Yushin Ito,54773249,yushin_current_top,zip,C:\Users\shiba\ptcc_pokemon_ai_buttle\data\runs\alakazam\20260724_top40_current.zip,20260724_top40_current/replays/episode_87207794.json,0.7071067811865475,,archive_episodes_json
87208885,0,2,Yushin Ito,54773249,yushin_current_top,zip,C:\Users\shiba\ptcc_pokemon_ai_buttle\data\runs\alakazam\20260724_top40_current.zip,20260724_top40_current/replays/episode_87208885.json,0.7071067811865475,,archive_episodes_json
87209418,1,2,Yushin Ito,54773249,yushin_current_top,zip,C:\Users\shiba\ptcc_pokemon_ai_buttle\data\runs\alakazam\20260724_top40_current.zip,20260724_top40_current/replays/episode_87209418.json,0.7071067811865475,,archive_episodes_json
87210502,1,2,Yushin Ito,54773249,yushin_current_top,zip,C:\Users\shiba\ptcc_pokemon_ai_buttle\data\runs\alakazam\20260724_top40_current.zip,20260724_top40_current/replays/episode_87210502.json,0.7071067811865475,,archive_episodes_json
87210518,0,2,Yushin Ito,54773249,yushin_current_top,zip,C:\Users\shiba\ptcc_pokemon_ai_buttle\data\runs\alakazam\20260724_top40_current.zip,20260724_top40_current/replays/episode_87210518.json,0.7071067811865475,,archive_episodes_json
87211066,0,2,Yushin Ito,54773249,yushin_current_top,zip,C:\Users\shiba\ptcc_pokemon_ai_buttle\data\runs\alakazam\20260724_top40_current.zip,20260724_top40_current/replays/episode_87211066.json,0.7071067811865475,,archive_episodes_json
87211616,0,2,Yushin Ito,54773249,yushin_current_top,zip,C:\Users\shiba\ptcc_pokemon_ai_buttle\data\runs\alakazam\20260724_top40_current.zip,20260724_top40_current/replays/episode_87211616.json,0.7071067811865475,,archive_episodes_json
87212140,1,2,Yushin Ito,54773249,yushin_current_top,zip,C:\Users\shiba\ptcc_pokemon_ai_buttle\data\runs\alakazam\20260724_top40_current.zip,20260724_top40_current/replays/episode_87212140.json,0.7071067811865475,,archive_episodes_json
87212667,0,2,Yushin Ito,54773249,yushin_current_top,zip,C:\Users\shiba\ptcc_pokemon_ai_buttle\data\runs\alakazam\20260724_top40_current.zip,20260724_top40_current/replays/episode_87212667.json,0.7071067811865475,,archive_episodes_json
87213209,0,2,Yushin Ito,54773249,yushin_current_top,zip,C:\Users\shiba\ptcc_pokemon_ai_buttle\data\runs\alakazam\20260724_top40_current.zip,20260724_top40_current/replays/episode_87213209.json,0.7071067811865475,,archive_episodes_json
87213215,0,2,Yushin Ito,54773249,yushin_current_top,zip,C:\Users\shiba\ptcc_pokemon_ai_buttle\data\runs\alakazam\20260724_top40_current.zip,20260724_top40_current/replays/episode_87213215.json,0.7071067811865475,,archive_episodes_json
87213721,0,2,Yushin Ito,54773249,yushin_current_top,zip,C:\Users\shiba\ptcc_pokemon_ai_buttle\data\runs\alakazam\20260724_top40_current.zip,20260724_top40_current/replays/episode_87213721.json,0.7071067811865475,,archive_episodes_json
87213737,0,2,Yushin Ito,54773249,yushin_current_top,zip,C:\Users\shiba\ptcc_pokemon_ai_buttle\data\runs\alakazam\20260724_top40_current.zip,20260724_top40_current/replays/episode_87213737.json,0.7071067811865475,,archive_episodes_json
87214787,1,2,Yushin Ito,54773249,yushin_current_top,zip,C:\Users\shiba\ptcc_pokemon_ai_buttle\data\runs\alakazam\20260724_top40_current.zip,20260724_top40_current/replays/episode_87214787.json,0.7071067811865475,,archive_episodes_json
87215325,0,2,Yushin Ito,54773249,yushin_current_top,zip,C:\Users\shiba\ptcc_pokemon_ai_buttle\data\runs\alakazam\20260724_top40_current.zip,20260724_top40_current/replays/episode_87215325.json,0.7071067811865475,,archive_episodes_json
87215868,0,2,Yushin Ito,54773249,yushin_current_top,zip,C:\Users\shiba\ptcc_pokemon_ai_buttle\data\runs\alakazam\20260724_top40_current.zip,20260724_top40_current/replays/episode_87215868.json,0.7071067811865475,,archive_episodes_json
87215871,1,2,Yushin Ito,54773249,yushin_current_top,zip,C:\Users\shiba\ptcc_pokemon_ai_buttle\data\runs\alakazam\20260724_top40_current.zip,20260724_top40_current/replays/episode_87215871.json,0.7071067811865475,,archive_episodes_json
87216410,0,2,Yushin Ito,54773249,yushin_current_top,zip,C:\Users\shiba\ptcc_pokemon_ai_buttle\data\runs\alakazam\20260724_top40_current.zip,20260724_top40_current/replays/episode_87216410.json,0.7071067811865475,,archive_episodes_json
87216419,1,2,Yushin Ito,54773249,yushin_current_top,zip,C:\Users\shiba\ptcc_pokemon_ai_buttle\data\runs\alakazam\20260724_top40_current.zip,20260724_top40_current/replays/episode_87216419.json,0.7071067811865475,,archive_episodes_json
87216962,1,2,Yushin Ito,54773249,yushin_current_top,zip,C:\Users\shiba\ptcc_pokemon_ai_buttle\data\runs\alakazam\20260724_top40_current.zip,20260724_top40_current/replays/episode_87216962.json,0.7071067811865475,,archive_episodes_json
87217500,0,2,Yushin Ito,54773249,yushin_current_top,zip,C:\Users\shiba\ptcc_pokemon_ai_buttle\data\runs\alakazam\20260724_top40_current.zip,20260724_top40_current/replays/episode_87217500.json,0.7071067811865475,,archive_episodes_json
87218596,1,2,Yushin Ito,54773249,yushin_current_top,zip,C:\Users\shiba\ptcc_pokemon_ai_buttle\data\runs\alakazam\20260724_top40_current.zip,20260724_top40_current/replays/episode_87218596.json,0.7071067811865475,,archive_episodes_json
87218614,1,2,Yushin Ito,54773249,yushin_current_top,zip,C:\Users\shiba\ptcc_pokemon_ai_buttle\data\runs\alakazam\20260724_top40_current.zip,20260724_top40_current/replays/episode_87218614.json,0.7071067811865475,,archive_episodes_json
87219156,0,2,Yushin Ito,54773249,yushin_current_top,zip,C:\Users\shiba\ptcc_pokemon_ai_buttle\data\runs\alakazam\20260724_top40_current.zip,20260724_top40_current/replays/episode_87219156.json,0.7071067811865475,,archive_episodes_json
87220254,1,2,Yushin Ito,54773249,yushin_current_top,zip,C:\Users\shiba\ptcc_pokemon_ai_buttle\data\runs\alakazam\20260724_top40_current.zip,20260724_top40_current/replays/episode_87220254.json,0.7071067811865475,,archive_episodes_json
87220786,0,2,Yushin Ito,54773249,yushin_current_top,zip,C:\Users\shiba\ptcc_pokemon_ai_buttle\data\runs\alakazam\20260724_top40_current.zip,20260724_top40_current/replays/episode_87220786.json,0.7071067811865475,,archive_episodes_json
87220794,1,2,Yushin Ito,54773249,yushin_current_top,zip,C:\Users\shiba\ptcc_pokemon_ai_buttle\data\runs\alakazam\20260724_top40_current.zip,20260724_top40_current/replays/episode_87220794.json,0.7071067811865475,,archive_episodes_json
87221319,1,2,Yushin Ito,54773249,yushin_current_top,zip,C:\Users\shiba\ptcc_pokemon_ai_buttle\data\runs\alakazam\20260724_top40_current.zip,20260724_top40_current/replays/episode_87221319.json,0.7071067811865475,,archive_episodes_json
87221323,0,2,Yushin Ito,54773249,yushin_current_top,zip,C:\Users\shiba\ptcc_pokemon_ai_buttle\data\runs\alakazam\20260724_top40_current.zip,20260724_top40_current/replays/episode_87221323.json,0.7071067811865475,,archive_episodes_json
87345082,1,2,Yushin Ito,54773249,yushin_current_top,zip,C:\Users\shiba\ptcc_pokemon_ai_buttle\data\runs\alakazam\20260724_top40_current.zip,20260724_top40_current/replays/episode_87345082.json,0.7071067811865475,,archive_episodes_json
87392464,0,2,Yushin Ito,54773249,yushin_current_top,zip,C:\Users\shiba\ptcc_pokemon_ai_buttle\data\runs\alakazam\20260724_top40_current.zip,20260724_top40_current/replays/episode_87392464.json,0.7071067811865475,,archive_episodes_json
87394601,0,2,Yushin Ito,54773249,yushin_current_top,zip,C:\Users\shiba\ptcc_pokemon_ai_buttle\data\runs\alakazam\20260724_top40_current.zip,20260724_top40_current/replays/episode_87394601.json,0.7071067811865475,,archive_episodes_json
87404256,1,2,Yushin Ito,54773249,yushin_current_top,zip,C:\Users\shiba\ptcc_pokemon_ai_buttle\data\runs\alakazam\20260724_top40_current.zip,20260724_top40_current/replays/episode_87404256.json,0.7071067811865475,,archive_episodes_json
87427114,0,2,Yushin Ito,54773249,yushin_current_top,zip,C:\Users\shiba\ptcc_pokemon_ai_buttle\data\runs\alakazam\20260724_top40_current.zip,20260724_top40_current/replays/episode_87427114.json,0.7071067811865475,,archive_episodes_json
87526277,1,2,Yushin Ito,54773249,yushin_current_top,zip,C:\Users\shiba\ptcc_pokemon_ai_buttle\data\runs\alakazam\20260724_top40_current.zip,20260724_top40_current/replays/episode_87526277.json,0.7071067811865475,,archive_episodes_json
87545998,0,2,Yushin Ito,54773249,yushin_current_top,zip,C:\Users\shiba\ptcc_pokemon_ai_buttle\data\runs\alakazam\20260724_top40_current.zip,20260724_top40_current/replays/episode_87545998.json,0.7071067811865475,,archive_episodes_json
87618023,0,2,Yushin Ito,54773249,yushin_current_top,zip,C:\Users\shiba\ptcc_pokemon_ai_buttle\data\runs\alakazam\20260724_top40_current.zip,20260724_top40_current/replays/episode_87618023.json,0.7071067811865475,,archive_episodes_json
87645970,0,2,Yushin Ito,54773249,yushin_current_top,zip,C:\Users\shiba\ptcc_pokemon_ai_buttle\data\runs\alakazam\20260724_top40_current.zip,20260724_top40_current/replays/episode_87645970.json,0.7071067811865475,,archive_episodes_json
87647564,1,2,Yushin Ito,54773249,yushin_current_top,zip,C:\Users\shiba\ptcc_pokemon_ai_buttle\data\runs\alakazam\20260724_top40_current.zip,20260724_top40_current/replays/episode_87647564.json,0.7071067811865475,,archive_episodes_json
87648097,1,2,Yushin Ito,54773249,yushin_20260726,zip,C:\Users\shiba\ptcc_pokemon_ai_buttle\data\runs\leaderboard_top50\alakazam\20260726_yushin_ito.zip,20260726_yushin_ito/episodes/87648097/replay/episode_87648097.json,0.7071067811865475,,validated_teacher_index
87648613,0,2,Yushin Ito,54773249,yushin_20260726,zip,C:\Users\shiba\ptcc_pokemon_ai_buttle\data\runs\leaderboard_top50\alakazam\20260726_yushin_ito.zip,20260726_yushin_ito/episodes/87648613/replay/episode_87648613.json,0.7071067811865475,,validated_teacher_index
87649149,0,2,Yushin Ito,54773249,yushin_20260726,zip,C:\Users\shiba\ptcc_pokemon_ai_buttle\data\runs\leaderboard_top50\alakazam\20260726_yushin_ito.zip,20260726_yushin_ito/episodes/87649149/replay/episode_87649149.json,0.7071067811865475,,validated_teacher_index
87649157,0,2,Yushin Ito,54773249,yushin_20260726,zip,C:\Users\shiba\ptcc_pokemon_ai_buttle\data\runs\leaderboard_top50\alakazam\20260726_yushin_ito.zip,20260726_yushin_ito/episodes/87649157/replay/episode_87649157.json,0.7071067811865475,,validated_teacher_index
87649231,0,2,Yushin Ito,54773249,yushin_20260726,zip,C:\Users\shiba\ptcc_pokemon_ai_buttle\data\runs\leaderboard_top50\alakazam\20260726_yushin_ito.zip,20260726_yushin_ito/episodes/87649231/replay/episode_87649231.json,0.7071067811865475,,validated_teacher_index
87649674,1,2,Yushin Ito,54773249,yushin_20260726,zip,C:\Users\shiba\ptcc_pokemon_ai_buttle\data\runs\leaderboard_top50\alakazam\20260726_yushin_ito.zip,20260726_yushin_ito/episodes/87649674/replay/episode_87649674.json,0.7071067811865475,,validated_teacher_index
87650203,1,2,Yushin Ito,54773249,yushin_20260726,zip,C:\Users\shiba\ptcc_pokemon_ai_buttle\data\runs\leaderboard_top50\alakazam\20260726_yushin_ito.zip,20260726_yushin_ito/episodes/87650203/replay/episode_87650203.json,0.7071067811865475,,validated_teacher_index
87650738,0,2,Yushin Ito,54773249,yushin_20260726,zip,C:\Users\shiba\ptcc_pokemon_ai_buttle\data\runs\leaderboard_top50\alakazam\20260726_yushin_ito.zip,20260726_yushin_ito/episodes/87650738/replay/episode_87650738.json,0.7071067811865475,,validated_teacher_index
87651287,1,2,Yushin Ito,54773249,yushin_20260726,zip,C:\Users\shiba\ptcc_pokemon_ai_buttle\data\runs\leaderboard_top50\alakazam\20260726_yushin_ito.zip,20260726_yushin_ito/episodes/87651287/replay/episode_87651287.json,0.7071067811865475,,validated_teacher_index
87651801,1,2,Yushin Ito,54773249,yushin_20260726,zip,C:\Users\shiba\ptcc_pokemon_ai_buttle\data\runs\leaderboard_top50\alakazam\20260726_yushin_ito.zip,20260726_yushin_ito/episodes/87651801/replay/episode_87651801.json,0.7071067811865475,,validated_teacher_index
87652332,1,2,Yushin Ito,54773249,yushin_20260726,zip,C:\Users\shiba\ptcc_pokemon_ai_buttle\data\runs\leaderboard_top50\alakazam\20260726_yushin_ito.zip,20260726_yushin_ito/episodes/87652332/replay/episode_87652332.json,0.7071067811865475,,validated_teacher_index
87652863,0,2,Yushin Ito,54773249,yushin_20260726,zip,C:\Users\shiba\ptcc_pokemon_ai_buttle\data\runs\leaderboard_top50\alakazam\20260726_yushin_ito.zip,20260726_yushin_ito/episodes/87652863/replay/episode_87652863.json,0.7071067811865475,,validated_teacher_index
87653403,0,2,Yushin Ito,54773249,yushin_20260726,zip,C:\Users\shiba\ptcc_pokemon_ai_buttle\data\runs\leaderboard_top50\alakazam\20260726_yushin_ito.zip,20260726_yushin_ito/episodes/87653403/replay/episode_87653403.json,0.7071067811865475,,validated_teacher_index
87653921,0,2,Yushin Ito,54773249,yushin_20260726,zip,C:\Users\shiba\ptcc_pokemon_ai_buttle\data\runs\leaderboard_top50\alakazam\20260726_yushin_ito.zip,20260726_yushin_ito/episodes/87653921/replay/episode_87653921.json,0.7071067811865475,,validated_teacher_index
87654448,0,2,Yushin Ito,54773249,yushin_20260726,zip,C:\Users\shiba\ptcc_pokemon_ai_buttle\data\runs\leaderboard_top50\alakazam\20260726_yushin_ito.zip,20260726_yushin_ito/episodes/87654448/replay/episode_87654448.json,0.7071067811865475,,validated_teacher_index
87654962,1,2,Yushin Ito,54773249,yushin_20260726,zip,C:\Users\shiba\ptcc_pokemon_ai_buttle\data\runs\leaderboard_top50\alakazam\20260726_yushin_ito.zip,20260726_yushin_ito/episodes/87654962/replay/episode_87654962.json,0.7071067811865475,,validated_teacher_index
87655487,0,2,Yushin Ito,54773249,yushin_20260726,zip,C:\Users\shiba\ptcc_pokemon_ai_buttle\data\runs\leaderboard_top50\alakazam\20260726_yushin_ito.zip,20260726_yushin_ito/episodes/87655487/replay/episode_87655487.json,0.7071067811865475,,validated_teacher_index
87656010,1,2,Yushin Ito,54773249,yushin_current_top,zip,C:\Users\shiba\ptcc_pokemon_ai_buttle\data\runs\alakazam\20260724_top40_current.zip,20260724_top40_current/replays/episode_87656010.json,0.7071067811865475,,archive_episodes_json
87656561,1,2,Yushin Ito,54773249,yushin_20260726,zip,C:\Users\shiba\ptcc_pokemon_ai_buttle\data\runs\leaderboard_top50\alakazam\20260726_yushin_ito.zip,20260726_yushin_ito/episodes/87656561/replay/episode_87656561.json,0.7071067811865475,,validated_teacher_index
87657053,1,2,Yushin Ito,54773249,yushin_current_top,zip,C:\Users\shiba\ptcc_pokemon_ai_buttle\data\runs\alakazam\20260724_top40_current.zip,20260724_top40_current/replays/episode_87657053.json,0.7071067811865475,,archive_episodes_json
87657058,0,2,Yushin Ito,54773249,yushin_20260726,zip,C:\Users\shiba\ptcc_pokemon_ai_buttle\data\runs\leaderboard_top50\alakazam\20260726_yushin_ito.zip,20260726_yushin_ito/episodes/87657058/replay/episode_87657058.json,0.7071067811865475,,validated_teacher_index
87657072,0,2,Yushin Ito,54773249,yushin_20260726,zip,C:\Users\shiba\ptcc_pokemon_ai_buttle\data\runs\leaderboard_top50\alakazam\20260726_yushin_ito.zip,20260726_yushin_ito/episodes/87657072/replay/episode_87657072.json,0.7071067811865475,,validated_teacher_index
87657149,0,2,Yushin Ito,54773249,yushin_20260726,zip,C:\Users\shiba\ptcc_pokemon_ai_buttle\data\runs\leaderboard_top50\alakazam\20260726_yushin_ito.zip,20260726_yushin_ito/episodes/87657149/replay/episode_87657149.json,0.7071067811865475,,validated_teacher_index
87657625,0,2,Yushin Ito,54773249,yushin_20260726,zip,C:\Users\shiba\ptcc_pokemon_ai_buttle\data\runs\leaderboard_top50\alakazam\20260726_yushin_ito.zip,20260726_yushin_ito/episodes/87657625/replay/episode_87657625.json,0.7071067811865475,,validated_teacher_index
87658193,1,2,Yushin Ito,54773249,yushin_20260726,zip,C:\Users\shiba\ptcc_pokemon_ai_buttle\data\runs\leaderboard_top50\alakazam\20260726_yushin_ito.zip,20260726_yushin_ito/episodes/87658193/replay/episode_87658193.json,0.7071067811865475,,validated_teacher_index
87658692,1,2,Yushin Ito,54773249,yushin_20260726,zip,C:\Users\shiba\ptcc_pokemon_ai_buttle\data\runs\leaderboard_top50\alakazam\20260726_yushin_ito.zip,20260726_yushin_ito/episodes/87658692/replay/episode_87658692.json,0.7071067811865475,,validated_teacher_index
87659222,1,2,Yushin Ito,54773249,yushin_20260726,zip,C:\Users\shiba\ptcc_pokemon_ai_buttle\data\runs\leaderboard_top50\alakazam\20260726_yushin_ito.zip,20260726_yushin_ito/episodes/87659222/replay/episode_87659222.json,0.7071067811865475,,validated_teacher_index
87659712,0,2,Yushin Ito,54773249,yushin_20260726,zip,C:\Users\shiba\ptcc_pokemon_ai_buttle\data\runs\leaderboard_top50\alakazam\20260726_yushin_ito.zip,20260726_yushin_ito/episodes/87659712/replay/episode_87659712.json,0.7071067811865475,,validated_teacher_index
87659742,0,2,Yushin Ito,54773249,yushin_20260726,zip,C:\Users\shiba\ptcc_pokemon_ai_buttle\data\runs\leaderboard_top50\alakazam\20260726_yushin_ito.zip,20260726_yushin_ito/episodes/87659742/replay/episode_87659742.json,0.7071067811865475,,validated_teacher_index
87660225,1,2,Yushin Ito,54773249,yushin_20260726,zip,C:\Users\shiba\ptcc_pokemon_ai_buttle\data\runs\leaderboard_top50\alakazam\20260726_yushin_ito.zip,20260726_yushin_ito/episodes/87660225/replay/episode_87660225.json,0.7071067811865475,,validated_teacher_index
87660235,0,2,Yushin Ito,54773249,yushin_20260726,zip,C:\Users\shiba\ptcc_pokemon_ai_buttle\data\runs\leaderboard_top50\alakazam\20260726_yushin_ito.zip,20260726_yushin_ito/episodes/87660235/replay/episode_87660235.json,0.7071067811865475,,validated_teacher_index
87660737,0,2,Yushin Ito,54773249,yushin_20260726,zip,C:\Users\shiba\ptcc_pokemon_ai_buttle\data\runs\leaderboard_top50\alakazam\20260726_yushin_ito.zip,20260726_yushin_ito/episodes/87660737/replay/episode_87660737.json,0.7071067811865475,,validated_teacher_index
87661290,0,2,Yushin Ito,54773249,yushin_20260726,zip,C:\Users\shiba\ptcc_pokemon_ai_buttle\data\runs\leaderboard_top50\alakazam\20260726_yushin_ito.zip,20260726_yushin_ito/episodes/87661290/replay/episode_87661290.json,0.7071067811865475,,validated_teacher_index
87661841,0,2,Yushin Ito,54773249,yushin_20260726,zip,C:\Users\shiba\ptcc_pokemon_ai_buttle\data\runs\leaderboard_top50\alakazam\20260726_yushin_ito.zip,20260726_yushin_ito/episodes/87661841/replay/episode_87661841.json,0.7071067811865475,,validated_teacher_index
87662391,1,2,Yushin Ito,54773249,yushin_20260726,zip,C:\Users\shiba\ptcc_pokemon_ai_buttle\data\runs\leaderboard_top50\alakazam\20260726_yushin_ito.zip,20260726_yushin_ito/episodes/87662391/replay/episode_87662391.json,0.7071067811865475,,validated_teacher_index
87662889,0,2,Yushin Ito,54773249,yushin_20260726,zip,C:\Users\shiba\ptcc_pokemon_ai_buttle\data\runs\leaderboard_top50\alakazam\20260726_yushin_ito.zip,20260726_yushin_ito/episodes/87662889/replay/episode_87662889.json,0.7071067811865475,,validated_teacher_index
87663408,1,2,Yushin Ito,54773249,yushin_20260726,zip,C:\Users\shiba\ptcc_pokemon_ai_buttle\data\runs\leaderboard_top50\alakazam\20260726_yushin_ito.zip,20260726_yushin_ito/episodes/87663408/replay/episode_87663408.json,0.7071067811865475,,validated_teacher_index
87663971,1,2,Yushin Ito,54773249,yushin_20260726,zip,C:\Users\shiba\ptcc_pokemon_ai_buttle\data\runs\leaderboard_top50\alakazam\20260726_yushin_ito.zip,20260726_yushin_ito/episodes/87663971/replay/episode_87663971.json,0.7071067811865475,,validated_teacher_index
87664486,1,2,Yushin Ito,54773249,yushin_20260726,zip,C:\Users\shiba\ptcc_pokemon_ai_buttle\data\runs\leaderboard_top50\alakazam\20260726_yushin_ito.zip,20260726_yushin_ito/episodes/87664486/replay/episode_87664486.json,0.7071067811865475,,validated_teacher_index
87668237,0,2,Yushin Ito,54773249,yushin_20260726,zip,C:\Users\shiba\ptcc_pokemon_ai_buttle\data\runs\leaderboard_top50\alakazam\20260726_yushin_ito.zip,20260726_yushin_ito/episodes/87668237/replay/episode_87668237.json,0.7071067811865475,,validated_teacher_index
87672464,0,2,Yushin Ito,54773249,yushin_20260726,zip,C:\Users\shiba\ptcc_pokemon_ai_buttle\data\runs\leaderboard_top50\alakazam\20260726_yushin_ito.zip,20260726_yushin_ito/episodes/87672464/replay/episode_87672464.json,0.7071067811865475,,validated_teacher_index
87679064,0,2,Yushin Ito,54773249,yushin_20260726,zip,C:\Users\shiba\ptcc_pokemon_ai_buttle\data\runs\leaderboard_top50\alakazam\20260726_yushin_ito.zip,20260726_yushin_ito/episodes/87679064/replay/episode_87679064.json,0.7071067811865475,,validated_teacher_index
87679627,0,2,Yushin Ito,54773249,yushin_current_top,zip,C:\Users\shiba\ptcc_pokemon_ai_buttle\data\runs\alakazam\20260724_top40_current.zip,20260724_top40_current/replays/episode_87679627.json,0.7071067811865475,,archive_episodes_json
87690862,1,2,Yushin Ito,54773249,yushin_current_top,zip,C:\Users\shiba\ptcc_pokemon_ai_buttle\data\runs\alakazam\20260724_top40_current.zip,20260724_top40_current/replays/episode_87690862.json,0.7071067811865475,,archive_episodes_json
87690967,0,2,Yushin Ito,54773249,yushin_current_top,zip,C:\Users\shiba\ptcc_pokemon_ai_buttle\data\runs\alakazam\20260724_top40_current.zip,20260724_top40_current/replays/episode_87690967.json,0.7071067811865475,,archive_episodes_json
87693480,0,2,Yushin Ito,54773249,yushin_20260726,zip,C:\Users\shiba\ptcc_pokemon_ai_buttle\data\runs\leaderboard_top50\alakazam\20260726_yushin_ito.zip,20260726_yushin_ito/episodes/87693480/replay/episode_87693480.json,0.7071067811865475,,validated_teacher_index
87700738,0,2,Yushin Ito,54773249,yushin_20260726,zip,C:\Users\shiba\ptcc_pokemon_ai_buttle\data\runs\leaderboard_top50\alakazam\20260726_yushin_ito.zip,20260726_yushin_ito/episodes/87700738/replay/episode_87700738.json,0.7071067811865475,,validated_teacher_index
87701760,0,2,Yushin Ito,54773249,yushin_20260726,zip,C:\Users\shiba\ptcc_pokemon_ai_buttle\data\runs\leaderboard_top50\alakazam\20260726_yushin_ito.zip,20260726_yushin_ito/episodes/87701760/replay/episode_87701760.json,0.7071067811865475,,validated_teacher_index
87705462,0,2,Yushin Ito,54773249,yushin_20260726,zip,C:\Users\shiba\ptcc_pokemon_ai_buttle\data\runs\leaderboard_top50\alakazam\20260726_yushin_ito.zip,20260726_yushin_ito/episodes/87705462/replay/episode_87705462.json,0.7071067811865475,,validated_teacher_index
87707113,0,2,Yushin Ito,54773249,yushin_20260726,zip,C:\Users\shiba\ptcc_pokemon_ai_buttle\data\runs\leaderboard_top50\alakazam\20260726_yushin_ito.zip,20260726_yushin_ito/episodes/87707113/replay/episode_87707113.json,0.7071067811865475,,validated_teacher_index
87707610,1,2,Yushin Ito,54773249,yushin_20260726,zip,C:\Users\shiba\ptcc_pokemon_ai_buttle\data\runs\leaderboard_top50\alakazam\20260726_yushin_ito.zip,20260726_yushin_ito/episodes/87707610/replay/episode_87707610.json,0.7071067811865475,,validated_teacher_index
87708160,0,2,Yushin Ito,54773249,yushin_20260726,zip,C:\Users\shiba\ptcc_pokemon_ai_buttle\data\runs\leaderboard_top50\alakazam\20260726_yushin_ito.zip,20260726_yushin_ito/episodes/87708160/replay/episode_87708160.json,0.7071067811865475,,validated_teacher_index
87708643,0,2,Yushin Ito,54773249,yushin_20260726,zip,C:\Users\shiba\ptcc_pokemon_ai_buttle\data\runs\leaderboard_top50\alakazam\20260726_yushin_ito.zip,20260726_yushin_ito/episodes/87708643/replay/episode_87708643.json,0.7071067811865475,,validated_teacher_index
87709155,1,2,Yushin Ito,54773249,yushin_20260726,zip,C:\Users\shiba\ptcc_pokemon_ai_buttle\data\runs\leaderboard_top50\alakazam\20260726_yushin_ito.zip,20260726_yushin_ito/episodes/87709155/replay/episode_87709155.json,0.7071067811865475,,validated_teacher_index
87709675,0,2,Yushin Ito,54773249,yushin_20260726,zip,C:\Users\shiba\ptcc_pokemon_ai_buttle\data\runs\leaderboard_top50\alakazam\20260726_yushin_ito.zip,20260726_yushin_ito/episodes/87709675/replay/episode_87709675.json,0.7071067811865475,,validated_teacher_index
87710201,0,2,Yushin Ito,54773249,yushin_20260726,zip,C:\Users\shiba\ptcc_pokemon_ai_buttle\data\runs\leaderboard_top50\alakazam\20260726_yushin_ito.zip,20260726_yushin_ito/episodes/87710201/replay/episode_87710201.json,0.7071067811865475,,validated_teacher_index
87710722,1,2,Yushin Ito,54773249,yushin_20260726,zip,C:\Users\shiba\ptcc_pokemon_ai_buttle\data\runs\leaderboard_top50\alakazam\20260726_yushin_ito.zip,20260726_yushin_ito/episodes/87710722/replay/episode_87710722.json,0.7071067811865475,,validated_teacher_index
87711252,0,2,Yushin Ito,54773249,yushin_20260726,zip,C:\Users\shiba\ptcc_pokemon_ai_buttle\data\runs\leaderboard_top50\alakazam\20260726_yushin_ito.zip,20260726_yushin_ito/episodes/87711252/replay/episode_87711252.json,0.7071067811865475,,validated_teacher_index
87711775,1,2,Yushin Ito,54773249,yushin_20260726,zip,C:\Users\shiba\ptcc_pokemon_ai_buttle\data\runs\leaderboard_top50\alakazam\20260726_yushin_ito.zip,20260726_yushin_ito/episodes/87711775/replay/episode_87711775.json,0.7071067811865475,,validated_teacher_index
87712305,1,2,Yushin Ito,54773249,yushin_20260726,zip,C:\Users\shiba\ptcc_pokemon_ai_buttle\data\runs\leaderboard_top50\alakazam\20260726_yushin_ito.zip,20260726_yushin_ito/episodes/87712305/replay/episode_87712305.json,0.7071067811865475,,validated_teacher_index
87712842,1,2,Yushin Ito,54773249,yushin_20260726,zip,C:\Users\shiba\ptcc_pokemon_ai_buttle\data\runs\leaderboard_top50\alakazam\20260726_yushin_ito.zip,20260726_yushin_ito/episodes/87712842/replay/episode_87712842.json,0.7071067811865475,,validated_teacher_index
87713351,1,2,Yushin Ito,54773249,yushin_20260726,zip,C:\Users\shiba\ptcc_pokemon_ai_buttle\data\runs\leaderboard_top50\alakazam\20260726_yushin_ito.zip,20260726_yushin_ito/episodes/87713351/replay/episode_87713351.json,0.7071067811865475,,validated_teacher_index
87713878,0,2,Yushin Ito,54773249,yushin_20260726,zip,C:\Users\shiba\ptcc_pokemon_ai_buttle\data\runs\leaderboard_top50\alakazam\20260726_yushin_ito.zip,20260726_yushin_ito/episodes/87713878/replay/episode_87713878.json,0.7071067811865475,,validated_teacher_index
87713934,1,2,Yushin Ito,54773249,yushin_20260726,zip,C:\Users\shiba\ptcc_pokemon_ai_buttle\data\runs\leaderboard_top50\alakazam\20260726_yushin_ito.zip,20260726_yushin_ito/episodes/87713934/replay/episode_87713934.json,0.7071067811865475,,validated_teacher_index
87714400,0,2,Yushin Ito,54773249,yushin_20260726,zip,C:\Users\shiba\ptcc_pokemon_ai_buttle\data\runs\leaderboard_top50\alakazam\20260726_yushin_ito.zip,20260726_yushin_ito/episodes/87714400/replay/episode_87714400.json,0.7071067811865475,,validated_teacher_index
87714406,1,2,Yushin Ito,54773249,yushin_20260726,zip,C:\Users\shiba\ptcc_pokemon_ai_buttle\data\runs\leaderboard_top50\alakazam\20260726_yushin_ito.zip,20260726_yushin_ito/episodes/87714406/replay/episode_87714406.json,0.7071067811865475,,validated_teacher_index
87714936,0,2,Yushin Ito,54773249,yushin_20260726,zip,C:\Users\shiba\ptcc_pokemon_ai_buttle\data\runs\leaderboard_top50\alakazam\20260726_yushin_ito.zip,20260726_yushin_ito/episodes/87714936/replay/episode_87714936.json,0.7071067811865475,,validated_teacher_index
87715410,1,2,Yushin Ito,54773249,yushin_20260726,zip,C:\Users\shiba\ptcc_pokemon_ai_buttle\data\runs\leaderboard_top50\alakazam\20260726_yushin_ito.zip,20260726_yushin_ito/episodes/87715410/replay/episode_87715410.json,0.7071067811865475,,validated_teacher_index
87715471,0,2,Yushin Ito,54773249,yushin_20260726,zip,C:\Users\shiba\ptcc_pokemon_ai_buttle\data\runs\leaderboard_top50\alakazam\20260726_yushin_ito.zip,20260726_yushin_ito/episodes/87715471/replay/episode_87715471.json,0.7071067811865475,,validated_teacher_index
87715994,0,2,Yushin Ito,54773249,yushin_20260726,zip,C:\Users\shiba\ptcc_pokemon_ai_buttle\data\runs\leaderboard_top50\alakazam\20260726_yushin_ito.zip,20260726_yushin_ito/episodes/87715994/replay/episode_87715994.json,0.7071067811865475,,validated_teacher_index
87716008,1,2,Yushin Ito,54773249,yushin_20260726,zip,C:\Users\shiba\ptcc_pokemon_ai_buttle\data\runs\leaderboard_top50\alakazam\20260726_yushin_ito.zip,20260726_yushin_ito/episodes/87716008/replay/episode_87716008.json,0.7071067811865475,,validated_teacher_index
87716534,0,2,Yushin Ito,54773249,yushin_20260726,zip,C:\Users\shiba\ptcc_pokemon_ai_buttle\data\runs\leaderboard_top50\alakazam\20260726_yushin_ito.zip,20260726_yushin_ito/episodes/87716534/replay/episode_87716534.json,0.7071067811865475,,validated_teacher_index
87717045,1,2,Yushin Ito,54773249,yushin_20260726,zip,C:\Users\shiba\ptcc_pokemon_ai_buttle\data\runs\leaderboard_top50\alakazam\20260726_yushin_ito.zip,20260726_yushin_ito/episodes/87717045/replay/episode_87717045.json,0.7071067811865475,,validated_teacher_index
87717566,1,2,Yushin Ito,54773249,yushin_20260726,zip,C:\Users\shiba\ptcc_pokemon_ai_buttle\data\runs\leaderboard_top50\alakazam\20260726_yushin_ito.zip,20260726_yushin_ito/episodes/87717566/replay/episode_87717566.json,0.7071067811865475,,validated_teacher_index
87717567,1,2,Yushin Ito,54773249,yushin_20260726,zip,C:\Users\shiba\ptcc_pokemon_ai_buttle\data\runs\leaderboard_top50\alakazam\20260726_yushin_ito.zip,20260726_yushin_ito/episodes/87717567/replay/episode_87717567.json,0.7071067811865475,,validated_teacher_index
87718059,0,2,Yushin Ito,54773249,yushin_20260726,zip,C:\Users\shiba\ptcc_pokemon_ai_buttle\data\runs\leaderboard_top50\alakazam\20260726_yushin_ito.zip,20260726_yushin_ito/episodes/87718059/replay/episode_87718059.json,0.7071067811865475,,validated_teacher_index
87718578,1,2,Yushin Ito,54773249,yushin_20260726,zip,C:\Users\shiba\ptcc_pokemon_ai_buttle\data\runs\leaderboard_top50\alakazam\20260726_yushin_ito.zip,20260726_yushin_ito/episodes/87718578/replay/episode_87718578.json,0.7071067811865475,,validated_teacher_index
87718608,1,2,Yushin Ito,54773249,yushin_20260726,zip,C:\Users\shiba\ptcc_pokemon_ai_buttle\data\runs\leaderboard_top50\alakazam\20260726_yushin_ito.zip,20260726_yushin_ito/episodes/87718608/replay/episode_87718608.json,0.7071067811865475,,validated_teacher_index
87718617,0,2,Yushin Ito,54773249,yushin_20260726,zip,C:\Users\shiba\ptcc_pokemon_ai_buttle\data\runs\leaderboard_top50\alakazam\20260726_yushin_ito.zip,20260726_yushin_ito/episodes/87718617/replay/episode_87718617.json,0.7071067811865475,,validated_teacher_index
87719127,0,2,Yushin Ito,54773249,yushin_20260726,zip,C:\Users\shiba\ptcc_pokemon_ai_buttle\data\runs\leaderboard_top50\alakazam\20260726_yushin_ito.zip,20260726_yushin_ito/episodes/87719127/replay/episode_87719127.json,0.7071067811865475,,validated_teacher_index
87719525,0,2,Yushin Ito,54773249,yushin_20260726,zip,C:\Users\shiba\ptcc_pokemon_ai_buttle\data\runs\leaderboard_top50\alakazam\20260726_yushin_ito.zip,20260726_yushin_ito/episodes/87719525/replay/episode_87719525.json,0.7071067811865475,,validated_teacher_index
87719637,1,2,Yushin Ito,54773249,yushin_20260726,zip,C:\Users\shiba\ptcc_pokemon_ai_buttle\data\runs\leaderboard_top50\alakazam\20260726_yushin_ito.zip,20260726_yushin_ito/episodes/87719637/replay/episode_87719637.json,0.7071067811865475,,validated_teacher_index
87720102,1,2,Yushin Ito,54773249,yushin_20260726,zip,C:\Users\shiba\ptcc_pokemon_ai_buttle\data\runs\leaderboard_top50\alakazam\20260726_yushin_ito.zip,20260726_yushin_ito/episodes/87720102/replay/episode_87720102.json,0.7071067811865475,,validated_teacher_index
87720158,1,2,Yushin Ito,54773249,yushin_20260726,zip,C:\Users\shiba\ptcc_pokemon_ai_buttle\data\runs\leaderboard_top50\alakazam\20260726_yushin_ito.zip,20260726_yushin_ito/episodes/87720158/replay/episode_87720158.json,0.7071067811865475,,validated_teacher_index
87720172,1,2,Yushin Ito,54773249,yushin_20260726,zip,C:\Users\shiba\ptcc_pokemon_ai_buttle\data\runs\leaderboard_top50\alakazam\20260726_yushin_ito.zip,20260726_yushin_ito/episodes/87720172/replay/episode_87720172.json,0.7071067811865475,,validated_teacher_index
87720673,0,2,Yushin Ito,54773249,yushin_20260726,zip,C:\Users\shiba\ptcc_pokemon_ai_buttle\data\runs\leaderboard_top50\alakazam\20260726_yushin_ito.zip,20260726_yushin_ito/episodes/87720673/replay/episode_87720673.json,0.7071067811865475,,validated_teacher_index
87721198,1,2,Yushin Ito,54773249,yushin_20260726,zip,C:\Users\shiba\ptcc_pokemon_ai_buttle\data\runs\leaderboard_top50\alakazam\20260726_yushin_ito.zip,20260726_yushin_ito/episodes/87721198/replay/episode_87721198.json,0.7071067811865475,,validated_teacher_index
87721203,1,2,Yushin Ito,54773249,yushin_20260726,zip,C:\Users\shiba\ptcc_pokemon_ai_buttle\data\runs\leaderboard_top50\alakazam\20260726_yushin_ito.zip,20260726_yushin_ito/episodes/87721203/replay/episode_87721203.json,0.7071067811865475,,validated_teacher_index
87721720,0,2,Yushin Ito,54773249,yushin_20260726,zip,C:\Users\shiba\ptcc_pokemon_ai_buttle\data\runs\leaderboard_top50\alakazam\20260726_yushin_ito.zip,20260726_yushin_ito/episodes/87721720/replay/episode_87721720.json,0.7071067811865475,,validated_teacher_index
87721767,1,2,Yushin Ito,54773249,yushin_20260726,zip,C:\Users\shiba\ptcc_pokemon_ai_buttle\data\runs\leaderboard_top50\alakazam\20260726_yushin_ito.zip,20260726_yushin_ito/episodes/87721767/replay/episode_87721767.json,0.7071067811865475,,validated_teacher_index
87721774,1,2,Yushin Ito,54773249,yushin_20260726,zip,C:\Users\shiba\ptcc_pokemon_ai_buttle\data\runs\leaderboard_top50\alakazam\20260726_yushin_ito.zip,20260726_yushin_ito/episodes/87721774/replay/episode_87721774.json,0.7071067811865475,,validated_teacher_index
87722250,0,2,Yushin Ito,54773249,yushin_20260726,zip,C:\Users\shiba\ptcc_pokemon_ai_buttle\data\runs\leaderboard_top50\alakazam\20260726_yushin_ito.zip,20260726_yushin_ito/episodes/87722250/replay/episode_87722250.json,0.7071067811865475,,validated_teacher_index
87722763,0,2,Yushin Ito,54773249,yushin_20260726,zip,C:\Users\shiba\ptcc_pokemon_ai_buttle\data\runs\leaderboard_top50\alakazam\20260726_yushin_ito.zip,20260726_yushin_ito/episodes/87722763/replay/episode_87722763.json,0.7071067811865475,,validated_teacher_index
87722771,0,2,Yushin Ito,54773249,yushin_20260726,zip,C:\Users\shiba\ptcc_pokemon_ai_buttle\data\runs\leaderboard_top50\alakazam\20260726_yushin_ito.zip,20260726_yushin_ito/episodes/87722771/replay/episode_87722771.json,0.7071067811865475,,validated_teacher_index
87722778,0,2,Yushin Ito,54773249,yushin_20260726,zip,C:\Users\shiba\ptcc_pokemon_ai_buttle\data\runs\leaderboard_top50\alakazam\20260726_yushin_ito.zip,20260726_yushin_ito/episodes/87722778/replay/episode_87722778.json,0.7071067811865475,,validated_teacher_index
87723295,0,2,Yushin Ito,54773249,yushin_20260726,zip,C:\Users\shiba\ptcc_pokemon_ai_buttle\data\runs\leaderboard_top50\alakazam\20260726_yushin_ito.zip,20260726_yushin_ito/episodes/87723295/replay/episode_87723295.json,0.7071067811865475,,validated_teacher_index
87723819,0,2,Yushin Ito,54773249,yushin_20260726,zip,C:\Users\shiba\ptcc_pokemon_ai_buttle\data\runs\leaderboard_top50\alakazam\20260726_yushin_ito.zip,20260726_yushin_ito/episodes/87723819/replay/episode_87723819.json,0.7071067811865475,,validated_teacher_index
87724328,0,2,Yushin Ito,54773249,yushin_20260726,zip,C:\Users\shiba\ptcc_pokemon_ai_buttle\data\runs\leaderboard_top50\alakazam\20260726_yushin_ito.zip,20260726_yushin_ito/episodes/87724328/replay/episode_87724328.json,0.7071067811865475,,validated_teacher_index
87724852,0,2,Yushin Ito,54773249,yushin_20260726,zip,C:\Users\shiba\ptcc_pokemon_ai_buttle\data\runs\leaderboard_top50\alakazam\20260726_yushin_ito.zip,20260726_yushin_ito/episodes/87724852/replay/episode_87724852.json,0.7071067811865475,,validated_teacher_index
87725384,1,2,Yushin Ito,54773249,yushin_20260726,zip,C:\Users\shiba\ptcc_pokemon_ai_buttle\data\runs\leaderboard_top50\alakazam\20260726_yushin_ito.zip,20260726_yushin_ito/episodes/87725384/replay/episode_87725384.json,0.7071067811865475,,validated_teacher_index
87725415,1,2,Yushin Ito,54773249,yushin_20260726,zip,C:\Users\shiba\ptcc_pokemon_ai_buttle\data\runs\leaderboard_top50\alakazam\20260726_yushin_ito.zip,20260726_yushin_ito/episodes/87725415/replay/episode_87725415.json,0.7071067811865475,,validated_teacher_index
87725907,1,2,Yushin Ito,54773249,yushin_20260726,zip,C:\Users\shiba\ptcc_pokemon_ai_buttle\data\runs\leaderboard_top50\alakazam\20260726_yushin_ito.zip,20260726_yushin_ito/episodes/87725907/replay/episode_87725907.json,0.7071067811865475,,validated_teacher_index
87725908,0,2,Yushin Ito,54773249,yushin_20260726,zip,C:\Users\shiba\ptcc_pokemon_ai_buttle\data\runs\leaderboard_top50\alakazam\20260726_yushin_ito.zip,20260726_yushin_ito/episodes/87725908/replay/episode_87725908.json,0.7071067811865475,,validated_teacher_index
87725911,1,2,Yushin Ito,54773249,yushin_20260726,zip,C:\Users\shiba\ptcc_pokemon_ai_buttle\data\runs\leaderboard_top50\alakazam\20260726_yushin_ito.zip,20260726_yushin_ito/episodes/87725911/replay/episode_87725911.json,0.7071067811865475,,validated_teacher_index
87725943,1,2,Yushin Ito,54773249,yushin_20260726,zip,C:\Users\shiba\ptcc_pokemon_ai_buttle\data\runs\leaderboard_top50\alakazam\20260726_yushin_ito.zip,20260726_yushin_ito/episodes/87725943/replay/episode_87725943.json,0.7071067811865475,,validated_teacher_index
87725975,1,2,Yushin Ito,54773249,yushin_20260726,zip,C:\Users\shiba\ptcc_pokemon_ai_buttle\data\runs\leaderboard_top50\alakazam\20260726_yushin_ito.zip,20260726_yushin_ito/episodes/87725975/replay/episode_87725975.json,0.7071067811865475,,validated_teacher_index
87726434,0,2,Yushin Ito,54773249,yushin_20260726,zip,C:\Users\shiba\ptcc_pokemon_ai_buttle\data\runs\leaderboard_top50\alakazam\20260726_yushin_ito.zip,20260726_yushin_ito/episodes/87726434/replay/episode_87726434.json,0.7071067811865475,,validated_teacher_index
87726951,0,2,Yushin Ito,54773249,yushin_20260726,zip,C:\Users\shiba\ptcc_pokemon_ai_buttle\data\runs\leaderboard_top50\alakazam\20260726_yushin_ito.zip,20260726_yushin_ito/episodes/87726951/replay/episode_87726951.json,0.7071067811865475,,validated_teacher_index
87726956,1,2,Yushin Ito,54773249,yushin_20260726,zip,C:\Users\shiba\ptcc_pokemon_ai_buttle\data\runs\leaderboard_top50\alakazam\20260726_yushin_ito.zip,20260726_yushin_ito/episodes/87726956/replay/episode_87726956.json,0.7071067811865475,,validated_teacher_index
87727474,0,2,Yushin Ito,54773249,yushin_20260726,zip,C:\Users\shiba\ptcc_pokemon_ai_buttle\data\runs\leaderboard_top50\alakazam\20260726_yushin_ito.zip,20260726_yushin_ito/episodes/87727474/replay/episode_87727474.json,0.7071067811865475,,validated_teacher_index
87727487,1,2,Yushin Ito,54773249,yushin_20260726,zip,C:\Users\shiba\ptcc_pokemon_ai_buttle\data\runs\leaderboard_top50\alakazam\20260726_yushin_ito.zip,20260726_yushin_ito/episodes/87727487/replay/episode_87727487.json,0.7071067811865475,,validated_teacher_index
87727993,0,2,Yushin Ito,54773249,yushin_20260726,zip,C:\Users\shiba\ptcc_pokemon_ai_buttle\data\runs\leaderboard_top50\alakazam\20260726_yushin_ito.zip,20260726_yushin_ito/episodes/87727993/replay/episode_87727993.json,0.7071067811865475,,validated_teacher_index
87727994,0,2,Yushin Ito,54773249,yushin_20260726,zip,C:\Users\shiba\ptcc_pokemon_ai_buttle\data\runs\leaderboard_top50\alakazam\20260726_yushin_ito.zip,20260726_yushin_ito/episodes/87727994/replay/episode_87727994.json,0.7071067811865475,,validated_teacher_index
87728517,1,2,Yushin Ito,54773249,yushin_20260726,zip,C:\Users\shiba\ptcc_pokemon_ai_buttle\data\runs\leaderboard_top50\alakazam\20260726_yushin_ito.zip,20260726_yushin_ito/episodes/87728517/replay/episode_87728517.json,0.7071067811865475,,validated_teacher_index
87729058,1,2,Yushin Ito,54773249,yushin_20260726,zip,C:\Users\shiba\ptcc_pokemon_ai_buttle\data\runs\leaderboard_top50\alakazam\20260726_yushin_ito.zip,20260726_yushin_ito/episodes/87729058/replay/episode_87729058.json,0.7071067811865475,,validated_teacher_index
87729059,1,2,Yushin Ito,54773249,yushin_20260726,zip,C:\Users\shiba\ptcc_pokemon_ai_buttle\data\runs\leaderboard_top50\alakazam\20260726_yushin_ito.zip,20260726_yushin_ito/episodes/87729059/replay/episode_87729059.json,0.7071067811865475,,validated_teacher_index
87729595,1,2,Yushin Ito,54773249,yushin_20260726,zip,C:\Users\shiba\ptcc_pokemon_ai_buttle\data\runs\leaderboard_top50\alakazam\20260726_yushin_ito.zip,20260726_yushin_ito/episodes/87729595/replay/episode_87729595.json,0.7071067811865475,,validated_teacher_index
87730143,0,2,Yushin Ito,54773249,yushin_20260726,zip,C:\Users\shiba\ptcc_pokemon_ai_buttle\data\runs\leaderboard_top50\alakazam\20260726_yushin_ito.zip,20260726_yushin_ito/episodes/87730143/replay/episode_87730143.json,0.7071067811865475,,validated_teacher_index
87730795,0,2,Yushin Ito,54773249,yushin_20260726,zip,C:\Users\shiba\ptcc_pokemon_ai_buttle\data\runs\leaderboard_top50\alakazam\20260726_yushin_ito.zip,20260726_yushin_ito/episodes/87730795/replay/episode_87730795.json,0.7071067811865475,,validated_teacher_index
87731217,0,2,Yushin Ito,54773249,yushin_20260726,zip,C:\Users\shiba\ptcc_pokemon_ai_buttle\data\runs\leaderboard_top50\alakazam\20260726_yushin_ito.zip,20260726_yushin_ito/episodes/87731217/replay/episode_87731217.json,0.7071067811865475,,validated_teacher_index
87731732,1,2,Yushin Ito,54773249,yushin_20260726,zip,C:\Users\shiba\ptcc_pokemon_ai_buttle\data\runs\leaderboard_top50\alakazam\20260726_yushin_ito.zip,20260726_yushin_ito/episodes/87731732/replay/episode_87731732.json,0.7071067811865475,,validated_teacher_index
87732246,0,2,Yushin Ito,54773249,yushin_20260726,zip,C:\Users\shiba\ptcc_pokemon_ai_buttle\data\runs\leaderboard_top50\alakazam\20260726_yushin_ito.zip,20260726_yushin_ito/episodes/87732246/replay/episode_87732246.json,0.7071067811865475,,validated_teacher_index
87732771,1,2,Yushin Ito,54773249,yushin_20260726,zip,C:\Users\shiba\ptcc_pokemon_ai_buttle\data\runs\leaderboard_top50\alakazam\20260726_yushin_ito.zip,20260726_yushin_ito/episodes/87732771/replay/episode_87732771.json,0.7071067811865475,,validated_teacher_index
87733290,1,2,Yushin Ito,54773249,yushin_20260726,zip,C:\Users\shiba\ptcc_pokemon_ai_buttle\data\runs\leaderboard_top50\alakazam\20260726_yushin_ito.zip,20260726_yushin_ito/episodes/87733290/replay/episode_87733290.json,0.7071067811865475,,validated_teacher_index
87733902,0,2,Yushin Ito,54773249,yushin_20260726,zip,C:\Users\shiba\ptcc_pokemon_ai_buttle\data\runs\leaderboard_top50\alakazam\20260726_yushin_ito.zip,20260726_yushin_ito/episodes/87733902/replay/episode_87733902.json,0.7071067811865475,,validated_teacher_index
87734341,0,2,Yushin Ito,54773249,yushin_20260726,zip,C:\Users\shiba\ptcc_pokemon_ai_buttle\data\runs\leaderboard_top50\alakazam\20260726_yushin_ito.zip,20260726_yushin_ito/episodes/87734341/replay/episode_87734341.json,0.7071067811865475,,validated_teacher_index
87734878,1,2,Yushin Ito,54773249,yushin_20260726,zip,C:\Users\shiba\ptcc_pokemon_ai_buttle\data\runs\leaderboard_top50\alakazam\20260726_yushin_ito.zip,20260726_yushin_ito/episodes/87734878/replay/episode_87734878.json,0.7071067811865475,,validated_teacher_index
87735393,0,2,Yushin Ito,54773249,yushin_20260726,zip,C:\Users\shiba\ptcc_pokemon_ai_buttle\data\runs\leaderboard_top50\alakazam\20260726_yushin_ito.zip,20260726_yushin_ito/episodes/87735393/replay/episode_87735393.json,0.7071067811865475,,validated_teacher_index
87735422,1,2,Yushin Ito,54773249,yushin_20260726,zip,C:\Users\shiba\ptcc_pokemon_ai_buttle\data\runs\leaderboard_top50\alakazam\20260726_yushin_ito.zip,20260726_yushin_ito/episodes/87735422/replay/episode_87735422.json,0.7071067811865475,,validated_teacher_index
87735924,1,2,Yushin Ito,54773249,yushin_20260726,zip,C:\Users\shiba\ptcc_pokemon_ai_buttle\data\runs\leaderboard_top50\alakazam\20260726_yushin_ito.zip,20260726_yushin_ito/episodes/87735924/replay/episode_87735924.json,0.7071067811865475,,validated_teacher_index
87736456,0,2,Yushin Ito,54773249,yushin_20260726,zip,C:\Users\shiba\ptcc_pokemon_ai_buttle\data\runs\leaderboard_top50\alakazam\20260726_yushin_ito.zip,20260726_yushin_ito/episodes/87736456/replay/episode_87736456.json,0.7071067811865475,,validated_teacher_index
87736974,0,2,Yushin Ito,54773249,yushin_20260726,zip,C:\Users\shiba\ptcc_pokemon_ai_buttle\data\runs\leaderboard_top50\alakazam\20260726_yushin_ito.zip,20260726_yushin_ito/episodes/87736974/replay/episode_87736974.json,0.7071067811865475,,validated_teacher_index
87737492,1,2,Yushin Ito,54773249,yushin_20260726,zip,C:\Users\shiba\ptcc_pokemon_ai_buttle\data\runs\leaderboard_top50\alakazam\20260726_yushin_ito.zip,20260726_yushin_ito/episodes/87737492/replay/episode_87737492.json,0.7071067811865475,,validated_teacher_index
87738032,1,2,Yushin Ito,54773249,yushin_20260726,zip,C:\Users\shiba\ptcc_pokemon_ai_buttle\data\runs\leaderboard_top50\alakazam\20260726_yushin_ito.zip,20260726_yushin_ito/episodes/87738032/replay/episode_87738032.json,0.7071067811865475,,validated_teacher_index
87738577,1,2,Yushin Ito,54773249,yushin_20260726,zip,C:\Users\shiba\ptcc_pokemon_ai_buttle\data\runs\leaderboard_top50\alakazam\20260726_yushin_ito.zip,20260726_yushin_ito/episodes/87738577/replay/episode_87738577.json,0.7071067811865475,,validated_teacher_index
87739089,1,2,Yushin Ito,54773249,yushin_20260726,zip,C:\Users\shiba\ptcc_pokemon_ai_buttle\data\runs\leaderboard_top50\alakazam\20260726_yushin_ito.zip,20260726_yushin_ito/episodes/87739089/replay/episode_87739089.json,0.7071067811865475,,validated_teacher_index
87739630,1,2,Yushin Ito,54773249,yushin_20260726,zip,C:\Users\shiba\ptcc_pokemon_ai_buttle\data\runs\leaderboard_top50\alakazam\20260726_yushin_ito.zip,20260726_yushin_ito/episodes/87739630/replay/episode_87739630.json,0.7071067811865475,,validated_teacher_index
87740142,0,2,Yushin Ito,54773249,yushin_20260726,zip,C:\Users\shiba\ptcc_pokemon_ai_buttle\data\runs\leaderboard_top50\alakazam\20260726_yushin_ito.zip,20260726_yushin_ito/episodes/87740142/replay/episode_87740142.json,0.7071067811865475,,validated_teacher_index
87740175,1,2,Yushin Ito,54773249,yushin_20260726,zip,C:\Users\shiba\ptcc_pokemon_ai_buttle\data\runs\leaderboard_top50\alakazam\20260726_yushin_ito.zip,20260726_yushin_ito/episodes/87740175/replay/episode_87740175.json,0.7071067811865475,,validated_teacher_index
87740665,0,2,Yushin Ito,54773249,yushin_20260726,zip,C:\Users\shiba\ptcc_pokemon_ai_buttle\data\runs\leaderboard_top50\alakazam\20260726_yushin_ito.zip,20260726_yushin_ito/episodes/87740665/replay/episode_87740665.json,0.7071067811865475,,validated_teacher_index
87741204,0,2,Yushin Ito,54773249,yushin_20260726,zip,C:\Users\shiba\ptcc_pokemon_ai_buttle\data\runs\leaderboard_top50\alakazam\20260726_yushin_ito.zip,20260726_yushin_ito/episodes/87741204/replay/episode_87741204.json,0.7071067811865475,,validated_teacher_index
87741723,0,2,Yushin Ito,54773249,yushin_20260726,zip,C:\Users\shiba\ptcc_pokemon_ai_buttle\data\runs\leaderboard_top50\alakazam\20260726_yushin_ito.zip,20260726_yushin_ito/episodes/87741723/replay/episode_87741723.json,0.7071067811865475,,validated_teacher_index
87741724,0,2,Yushin Ito,54773249,yushin_20260726,zip,C:\Users\shiba\ptcc_pokemon_ai_buttle\data\runs\leaderboard_top50\alakazam\20260726_yushin_ito.zip,20260726_yushin_ito/episodes/87741724/replay/episode_87741724.json,0.7071067811865475,,validated_teacher_index
87742265,1,2,Yushin Ito,54773249,yushin_20260726,zip,C:\Users\shiba\ptcc_pokemon_ai_buttle\data\runs\leaderboard_top50\alakazam\20260726_yushin_ito.zip,20260726_yushin_ito/episodes/87742265/replay/episode_87742265.json,0.7071067811865475,,validated_teacher_index
87742782,1,2,Yushin Ito,54773249,yushin_20260726,zip,C:\Users\shiba\ptcc_pokemon_ai_buttle\data\runs\leaderboard_top50\alakazam\20260726_yushin_ito.zip,20260726_yushin_ito/episodes/87742782/replay/episode_87742782.json,0.7071067811865475,,validated_teacher_index
87743309,1,2,Yushin Ito,54773249,yushin_20260726,zip,C:\Users\shiba\ptcc_pokemon_ai_buttle\data\runs\leaderboard_top50\alakazam\20260726_yushin_ito.zip,20260726_yushin_ito/episodes/87743309/replay/episode_87743309.json,0.7071067811865475,,validated_teacher_index
87743844,0,2,Yushin Ito,54773249,yushin_20260726,zip,C:\Users\shiba\ptcc_pokemon_ai_buttle\data\runs\leaderboard_top50\alakazam\20260726_yushin_ito.zip,20260726_yushin_ito/episodes/87743844/replay/episode_87743844.json,0.7071067811865475,,validated_teacher_index
87744375,1,2,Yushin Ito,54773249,yushin_20260726,zip,C:\Users\shiba\ptcc_pokemon_ai_buttle\data\runs\leaderboard_top50\alakazam\20260726_yushin_ito.zip,20260726_yushin_ito/episodes/87744375/replay/episode_87744375.json,0.7071067811865475,,validated_teacher_index
87744905,0,2,Yushin Ito,54773249,yushin_20260726,zip,C:\Users\shiba\ptcc_pokemon_ai_buttle\data\runs\leaderboard_top50\alakazam\20260726_yushin_ito.zip,20260726_yushin_ito/episodes/87744905/replay/episode_87744905.json,0.7071067811865475,,validated_teacher_index
87745428,0,2,Yushin Ito,54773249,yushin_20260726,zip,C:\Users\shiba\ptcc_pokemon_ai_buttle\data\runs\leaderboard_top50\alakazam\20260726_yushin_ito.zip,20260726_yushin_ito/episodes/87745428/replay/episode_87745428.json,0.7071067811865475,,validated_teacher_index
87745948,1,2,Yushin Ito,54773249,yushin_20260726,zip,C:\Users\shiba\ptcc_pokemon_ai_buttle\data\runs\leaderboard_top50\alakazam\20260726_yushin_ito.zip,20260726_yushin_ito/episodes/87745948/replay/episode_87745948.json,0.7071067811865475,,validated_teacher_index
87745960,0,2,Yushin Ito,54773249,yushin_20260726,zip,C:\Users\shiba\ptcc_pokemon_ai_buttle\data\runs\leaderboard_top50\alakazam\20260726_yushin_ito.zip,20260726_yushin_ito/episodes/87745960/replay/episode_87745960.json,0.7071067811865475,,validated_teacher_index
87746470,1,2,Yushin Ito,54773249,yushin_20260726,zip,C:\Users\shiba\ptcc_pokemon_ai_buttle\data\runs\leaderboard_top50\alakazam\20260726_yushin_ito.zip,20260726_yushin_ito/episodes/87746470/replay/episode_87746470.json,0.7071067811865475,,validated_teacher_index
87747046,0,2,Yushin Ito,54773249,yushin_20260726,zip,C:\Users\shiba\ptcc_pokemon_ai_buttle\data\runs\leaderboard_top50\alakazam\20260726_yushin_ito.zip,20260726_yushin_ito/episodes/87747046/replay/episode_87747046.json,0.7071067811865475,,validated_teacher_index
87747611,0,2,Yushin Ito,54773249,yushin_20260726,zip,C:\Users\shiba\ptcc_pokemon_ai_buttle\data\runs\leaderboard_top50\alakazam\20260726_yushin_ito.zip,20260726_yushin_ito/episodes/87747611/replay/episode_87747611.json,0.7071067811865475,,validated_teacher_index
87747622,0,2,Yushin Ito,54773249,yushin_20260726,zip,C:\Users\shiba\ptcc_pokemon_ai_buttle\data\runs\leaderboard_top50\alakazam\20260726_yushin_ito.zip,20260726_yushin_ito/episodes/87747622/replay/episode_87747622.json,0.7071067811865475,,validated_teacher_index
87748161,1,2,Yushin Ito,54773249,yushin_20260726,zip,C:\Users\shiba\ptcc_pokemon_ai_buttle\data\runs\leaderboard_top50\alakazam\20260726_yushin_ito.zip,20260726_yushin_ito/episodes/87748161/replay/episode_87748161.json,0.7071067811865475,,validated_teacher_index
87748705,0,2,Yushin Ito,54773249,yushin_20260726,zip,C:\Users\shiba\ptcc_pokemon_ai_buttle\data\runs\leaderboard_top50\alakazam\20260726_yushin_ito.zip,20260726_yushin_ito/episodes/87748705/replay/episode_87748705.json,0.7071067811865475,,validated_teacher_index
87748731,1,2,Yushin Ito,54773249,yushin_20260726,zip,C:\Users\shiba\ptcc_pokemon_ai_buttle\data\runs\leaderboard_top50\alakazam\20260726_yushin_ito.zip,20260726_yushin_ito/episodes/87748731/replay/episode_87748731.json,0.7071067811865475,,validated_teacher_index
87749231,1,2,Yushin Ito,54773249,yushin_20260726,zip,C:\Users\shiba\ptcc_pokemon_ai_buttle\data\runs\leaderboard_top50\alakazam\20260726_yushin_ito.zip,20260726_yushin_ito/episodes/87749231/replay/episode_87749231.json,0.7071067811865475,,validated_teacher_index
87749242,1,2,Yushin Ito,54773249,yushin_20260726,zip,C:\Users\shiba\ptcc_pokemon_ai_buttle\data\runs\leaderboard_top50\alakazam\20260726_yushin_ito.zip,20260726_yushin_ito/episodes/87749242/replay/episode_87749242.json,0.7071067811865475,,validated_teacher_index
87749758,1,2,Yushin Ito,54773249,yushin_20260726,zip,C:\Users\shiba\ptcc_pokemon_ai_buttle\data\runs\leaderboard_top50\alakazam\20260726_yushin_ito.zip,20260726_yushin_ito/episodes/87749758/replay/episode_87749758.json,0.7071067811865475,,validated_teacher_index
87750127,0,2,Yushin Ito,54773249,yushin_20260726,zip,C:\Users\shiba\ptcc_pokemon_ai_buttle\data\runs\leaderboard_top50\alakazam\20260726_yushin_ito.zip,20260726_yushin_ito/episodes/87750127/replay/episode_87750127.json,0.7071067811865475,,validated_teacher_index
87750353,1,2,Yushin Ito,54773249,yushin_20260726,zip,C:\Users\shiba\ptcc_pokemon_ai_buttle\data\runs\leaderboard_top50\alakazam\20260726_yushin_ito.zip,20260726_yushin_ito/episodes/87750353/replay/episode_87750353.json,0.7071067811865475,,validated_teacher_index
87750811,1,2,Yushin Ito,54773249,yushin_20260726,zip,C:\Users\shiba\ptcc_pokemon_ai_buttle\data\runs\leaderboard_top50\alakazam\20260726_yushin_ito.zip,20260726_yushin_ito/episodes/87750811/replay/episode_87750811.json,0.7071067811865475,,validated_teacher_index
87750823,0,2,Yushin Ito,54773249,yushin_20260726,zip,C:\Users\shiba\ptcc_pokemon_ai_buttle\data\runs\leaderboard_top50\alakazam\20260726_yushin_ito.zip,20260726_yushin_ito/episodes/87750823/replay/episode_87750823.json,0.7071067811865475,,validated_teacher_index
87751357,0,2,Yushin Ito,54773249,yushin_20260726,zip,C:\Users\shiba\ptcc_pokemon_ai_buttle\data\runs\leaderboard_top50\alakazam\20260726_yushin_ito.zip,20260726_yushin_ito/episodes/87751357/replay/episode_87751357.json,0.7071067811865475,,validated_teacher_index
87751889,1,2,Yushin Ito,54773249,yushin_20260726,zip,C:\Users\shiba\ptcc_pokemon_ai_buttle\data\runs\leaderboard_top50\alakazam\20260726_yushin_ito.zip,20260726_yushin_ito/episodes/87751889/replay/episode_87751889.json,0.7071067811865475,,validated_teacher_index
87752400,0,2,Yushin Ito,54773249,yushin_20260726,zip,C:\Users\shiba\ptcc_pokemon_ai_buttle\data\runs\leaderboard_top50\alakazam\20260726_yushin_ito.zip,20260726_yushin_ito/episodes/87752400/replay/episode_87752400.json,0.7071067811865475,,validated_teacher_index
87752413,1,2,Yushin Ito,54773249,yushin_20260726,zip,C:\Users\shiba\ptcc_pokemon_ai_buttle\data\runs\leaderboard_top50\alakazam\20260726_yushin_ito.zip,20260726_yushin_ito/episodes/87752413/replay/episode_87752413.json,0.7071067811865475,,validated_teacher_index
87752415,1,2,Yushin Ito,54773249,yushin_20260726,zip,C:\Users\shiba\ptcc_pokemon_ai_buttle\data\runs\leaderboard_top50\alakazam\20260726_yushin_ito.zip,20260726_yushin_ito/episodes/87752415/replay/episode_87752415.json,0.7071067811865475,,validated_teacher_index
87752931,0,2,Yushin Ito,54773249,yushin_20260726,zip,C:\Users\shiba\ptcc_pokemon_ai_buttle\data\runs\leaderboard_top50\alakazam\20260726_yushin_ito.zip,20260726_yushin_ito/episodes/87752931/replay/episode_87752931.json,0.7071067811865475,,validated_teacher_index
87753456,0,2,Yushin Ito,54773249,yushin_20260726,zip,C:\Users\shiba\ptcc_pokemon_ai_buttle\data\runs\leaderboard_top50\alakazam\20260726_yushin_ito.zip,20260726_yushin_ito/episodes/87753456/replay/episode_87753456.json,0.7071067811865475,,validated_teacher_index
87753987,1,2,Yushin Ito,54773249,yushin_20260726,zip,C:\Users\shiba\ptcc_pokemon_ai_buttle\data\runs\leaderboard_top50\alakazam\20260726_yushin_ito.zip,20260726_yushin_ito/episodes/87753987/replay/episode_87753987.json,0.7071067811865475,,validated_teacher_index
87754522,0,2,Yushin Ito,54773249,yushin_20260726,zip,C:\Users\shiba\ptcc_pokemon_ai_buttle\data\runs\leaderboard_top50\alakazam\20260726_yushin_ito.zip,20260726_yushin_ito/episodes/87754522/replay/episode_87754522.json,0.7071067811865475,,validated_teacher_index
87754961,0,2,Yushin Ito,54773249,yushin_20260726,zip,C:\Users\shiba\ptcc_pokemon_ai_buttle\data\runs\leaderboard_top50\alakazam\20260726_yushin_ito.zip,20260726_yushin_ito/episodes/87754961/replay/episode_87754961.json,0.7071067811865475,,validated_teacher_index
87755041,0,2,Yushin Ito,54773249,yushin_20260726,zip,C:\Users\shiba\ptcc_pokemon_ai_buttle\data\runs\leaderboard_top50\alakazam\20260726_yushin_ito.zip,20260726_yushin_ito/episodes/87755041/replay/episode_87755041.json,0.7071067811865475,,validated_teacher_index
87755572,0,2,Yushin Ito,54773249,yushin_20260726,zip,C:\Users\shiba\ptcc_pokemon_ai_buttle\data\runs\leaderboard_top50\alakazam\20260726_yushin_ito.zip,20260726_yushin_ito/episodes/87755572/replay/episode_87755572.json,0.7071067811865475,,validated_teacher_index
87756104,0,2,Yushin Ito,54773249,yushin_20260726,zip,C:\Users\shiba\ptcc_pokemon_ai_buttle\data\runs\leaderboard_top50\alakazam\20260726_yushin_ito.zip,20260726_yushin_ito/episodes/87756104/replay/episode_87756104.json,0.7071067811865475,,validated_teacher_index
87756118,0,2,Yushin Ito,54773249,yushin_20260726,zip,C:\Users\shiba\ptcc_pokemon_ai_buttle\data\runs\leaderboard_top50\alakazam\20260726_yushin_ito.zip,20260726_yushin_ito/episodes/87756118/replay/episode_87756118.json,0.7071067811865475,,validated_teacher_index
87756690,1,2,Yushin Ito,54773249,yushin_20260726,zip,C:\Users\shiba\ptcc_pokemon_ai_buttle\data\runs\leaderboard_top50\alakazam\20260726_yushin_ito.zip,20260726_yushin_ito/episodes/87756690/replay/episode_87756690.json,0.7071067811865475,,validated_teacher_index
87757177,1,2,Yushin Ito,54773249,yushin_20260726,zip,C:\Users\shiba\ptcc_pokemon_ai_buttle\data\runs\leaderboard_top50\alakazam\20260726_yushin_ito.zip,20260726_yushin_ito/episodes/87757177/replay/episode_87757177.json,0.7071067811865475,,validated_teacher_index
87757694,1,2,Yushin Ito,54773249,yushin_20260726,zip,C:\Users\shiba\ptcc_pokemon_ai_buttle\data\runs\leaderboard_top50\alakazam\20260726_yushin_ito.zip,20260726_yushin_ito/episodes/87757694/replay/episode_87757694.json,0.7071067811865475,,validated_teacher_index
87758253,0,2,Yushin Ito,54773249,yushin_20260726,zip,C:\Users\shiba\ptcc_pokemon_ai_buttle\data\runs\leaderboard_top50\alakazam\20260726_yushin_ito.zip,20260726_yushin_ito/episodes/87758253/replay/episode_87758253.json,0.7071067811865475,,validated_teacher_index
87758743,1,2,Yushin Ito,54773249,yushin_20260726,zip,C:\Users\shiba\ptcc_pokemon_ai_buttle\data\runs\leaderboard_top50\alakazam\20260726_yushin_ito.zip,20260726_yushin_ito/episodes/87758743/replay/episode_87758743.json,0.7071067811865475,,validated_teacher_index
87759264,1,2,Yushin Ito,54773249,yushin_20260726,zip,C:\Users\shiba\ptcc_pokemon_ai_buttle\data\runs\leaderboard_top50\alakazam\20260726_yushin_ito.zip,20260726_yushin_ito/episodes/87759264/replay/episode_87759264.json,0.7071067811865475,,validated_teacher_index
87759788,0,2,Yushin Ito,54773249,yushin_20260726,zip,C:\Users\shiba\ptcc_pokemon_ai_buttle\data\runs\leaderboard_top50\alakazam\20260726_yushin_ito.zip,20260726_yushin_ito/episodes/87759788/replay/episode_87759788.json,0.7071067811865475,,validated_teacher_index
87760314,0,2,Yushin Ito,54773249,yushin_20260726,zip,C:\Users\shiba\ptcc_pokemon_ai_buttle\data\runs\leaderboard_top50\alakazam\20260726_yushin_ito.zip,20260726_yushin_ito/episodes/87760314/replay/episode_87760314.json,0.7071067811865475,,validated_teacher_index
87760838,0,2,Yushin Ito,54773249,yushin_20260726,zip,C:\Users\shiba\ptcc_pokemon_ai_buttle\data\runs\leaderboard_top50\alakazam\20260726_yushin_ito.zip,20260726_yushin_ito/episodes/87760838/replay/episode_87760838.json,0.7071067811865475,,validated_teacher_index
87760847,0,2,Yushin Ito,54773249,yushin_20260726,zip,C:\Users\shiba\ptcc_pokemon_ai_buttle\data\runs\leaderboard_top50\alakazam\20260726_yushin_ito.zip,20260726_yushin_ito/episodes/87760847/replay/episode_87760847.json,0.7071067811865475,,validated_teacher_index
87761351,1,2,Yushin Ito,54773249,yushin_20260726,zip,C:\Users\shiba\ptcc_pokemon_ai_buttle\data\runs\leaderboard_top50\alakazam\20260726_yushin_ito.zip,20260726_yushin_ito/episodes/87761351/replay/episode_87761351.json,0.7071067811865475,,validated_teacher_index
87761388,1,2,Yushin Ito,54773249,yushin_20260726,zip,C:\Users\shiba\ptcc_pokemon_ai_buttle\data\runs\leaderboard_top50\alakazam\20260726_yushin_ito.zip,20260726_yushin_ito/episodes/87761388/replay/episode_87761388.json,0.7071067811865475,,validated_teacher_index
87761872,0,2,Yushin Ito,54773249,yushin_20260726,zip,C:\Users\shiba\ptcc_pokemon_ai_buttle\data\runs\leaderboard_top50\alakazam\20260726_yushin_ito.zip,20260726_yushin_ito/episodes/87761872/replay/episode_87761872.json,0.7071067811865475,,validated_teacher_index
87762398,0,2,Yushin Ito,54773249,yushin_20260726,zip,C:\Users\shiba\ptcc_pokemon_ai_buttle\data\runs\leaderboard_top50\alakazam\20260726_yushin_ito.zip,20260726_yushin_ito/episodes/87762398/replay/episode_87762398.json,0.7071067811865475,,validated_teacher_index
87762926,0,2,Yushin Ito,54773249,yushin_20260726,zip,C:\Users\shiba\ptcc_pokemon_ai_buttle\data\runs\leaderboard_top50\alakazam\20260726_yushin_ito.zip,20260726_yushin_ito/episodes/87762926/replay/episode_87762926.json,0.7071067811865475,,validated_teacher_index
87763467,1,2,Yushin Ito,54773249,yushin_20260726,zip,C:\Users\shiba\ptcc_pokemon_ai_buttle\data\runs\leaderboard_top50\alakazam\20260726_yushin_ito.zip,20260726_yushin_ito/episodes/87763467/replay/episode_87763467.json,0.7071067811865475,,validated_teacher_index
87763990,0,2,Yushin Ito,54773249,yushin_20260726,zip,C:\Users\shiba\ptcc_pokemon_ai_buttle\data\runs\leaderboard_top50\alakazam\20260726_yushin_ito.zip,20260726_yushin_ito/episodes/87763990/replay/episode_87763990.json,0.7071067811865475,,validated_teacher_index
87764524,0,2,Yushin Ito,54773249,yushin_20260726,zip,C:\Users\shiba\ptcc_pokemon_ai_buttle\data\runs\leaderboard_top50\alakazam\20260726_yushin_ito.zip,20260726_yushin_ito/episodes/87764524/replay/episode_87764524.json,0.7071067811865475,,validated_teacher_index
87765048,0,2,Yushin Ito,54773249,yushin_20260726,zip,C:\Users\shiba\ptcc_pokemon_ai_buttle\data\runs\leaderboard_top50\alakazam\20260726_yushin_ito.zip,20260726_yushin_ito/episodes/87765048/replay/episode_87765048.json,0.7071067811865475,,validated_teacher_index
87765570,0,2,Yushin Ito,54773249,yushin_20260726,zip,C:\Users\shiba\ptcc_pokemon_ai_buttle\data\runs\leaderboard_top50\alakazam\20260726_yushin_ito.zip,20260726_yushin_ito/episodes/87765570/replay/episode_87765570.json,0.7071067811865475,,validated_teacher_index
87766091,1,2,Yushin Ito,54773249,yushin_20260726,zip,C:\Users\shiba\ptcc_pokemon_ai_buttle\data\runs\leaderboard_top50\alakazam\20260726_yushin_ito.zip,20260726_yushin_ito/episodes/87766091/replay/episode_87766091.json,0.7071067811865475,,validated_teacher_index
87766610,1,2,Yushin Ito,54773249,yushin_20260726,zip,C:\Users\shiba\ptcc_pokemon_ai_buttle\data\runs\leaderboard_top50\alakazam\20260726_yushin_ito.zip,20260726_yushin_ito/episodes/87766610/replay/episode_87766610.json,0.7071067811865475,,validated_teacher_index
87767126,0,2,Yushin Ito,54773249,yushin_20260726,zip,C:\Users\shiba\ptcc_pokemon_ai_buttle\data\runs\leaderboard_top50\alakazam\20260726_yushin_ito.zip,20260726_yushin_ito/episodes/87767126/replay/episode_87767126.json,0.7071067811865475,,validated_teacher_index
87767142,0,2,Yushin Ito,54773249,yushin_20260726,zip,C:\Users\shiba\ptcc_pokemon_ai_buttle\data\runs\leaderboard_top50\alakazam\20260726_yushin_ito.zip,20260726_yushin_ito/episodes/87767142/replay/episode_87767142.json,0.7071067811865475,,validated_teacher_index
87767658,0,2,Yushin Ito,54773249,yushin_20260726,zip,C:\Users\shiba\ptcc_pokemon_ai_buttle\data\runs\leaderboard_top50\alakazam\20260726_yushin_ito.zip,20260726_yushin_ito/episodes/87767658/replay/episode_87767658.json,0.7071067811865475,,validated_teacher_index
87768179,0,2,Yushin Ito,54773249,yushin_20260726,zip,C:\Users\shiba\ptcc_pokemon_ai_buttle\data\runs\leaderboard_top50\alakazam\20260726_yushin_ito.zip,20260726_yushin_ito/episodes/87768179/replay/episode_87768179.json,0.7071067811865475,,validated_teacher_index
87768696,1,2,Yushin Ito,54773249,yushin_20260726,zip,C:\Users\shiba\ptcc_pokemon_ai_buttle\data\runs\leaderboard_top50\alakazam\20260726_yushin_ito.zip,20260726_yushin_ito/episodes/87768696/replay/episode_87768696.json,0.7071067811865475,,validated_teacher_index
87769218,1,2,Yushin Ito,54773249,yushin_20260726,zip,C:\Users\shiba\ptcc_pokemon_ai_buttle\data\runs\leaderboard_top50\alakazam\20260726_yushin_ito.zip,20260726_yushin_ito/episodes/87769218/replay/episode_87769218.json,0.7071067811865475,,validated_teacher_index
87769732,1,2,Yushin Ito,54773249,yushin_20260726,zip,C:\Users\shiba\ptcc_pokemon_ai_buttle\data\runs\leaderboard_top50\alakazam\20260726_yushin_ito.zip,20260726_yushin_ito/episodes/87769732/replay/episode_87769732.json,0.7071067811865475,,validated_teacher_index
87770187,0,2,Yushin Ito,54773249,yushin_20260726,zip,C:\Users\shiba\ptcc_pokemon_ai_buttle\data\runs\leaderboard_top50\alakazam\20260726_yushin_ito.zip,20260726_yushin_ito/episodes/87770187/replay/episode_87770187.json,0.7071067811865475,,validated_teacher_index
87770719,1,2,Yushin Ito,54773249,yushin_20260726,zip,C:\Users\shiba\ptcc_pokemon_ai_buttle\data\runs\leaderboard_top50\alakazam\20260726_yushin_ito.zip,20260726_yushin_ito/episodes/87770719/replay/episode_87770719.json,0.7071067811865475,,validated_teacher_index
87771248,0,2,Yushin Ito,54773249,yushin_20260726,zip,C:\Users\shiba\ptcc_pokemon_ai_buttle\data\runs\leaderboard_top50\alakazam\20260726_yushin_ito.zip,20260726_yushin_ito/episodes/87771248/replay/episode_87771248.json,0.7071067811865475,,validated_teacher_index
87771784,0,2,Yushin Ito,54773249,yushin_20260726,zip,C:\Users\shiba\ptcc_pokemon_ai_buttle\data\runs\leaderboard_top50\alakazam\20260726_yushin_ito.zip,20260726_yushin_ito/episodes/87771784/replay/episode_87771784.json,0.7071067811865475,,validated_teacher_index
87772297,0,2,Yushin Ito,54773249,yushin_20260726,zip,C:\Users\shiba\ptcc_pokemon_ai_buttle\data\runs\leaderboard_top50\alakazam\20260726_yushin_ito.zip,20260726_yushin_ito/episodes/87772297/replay/episode_87772297.json,0.7071067811865475,,validated_teacher_index
87772304,1,2,Yushin Ito,54773249,yushin_20260726,zip,C:\Users\shiba\ptcc_pokemon_ai_buttle\data\runs\leaderboard_top50\alakazam\20260726_yushin_ito.zip,20260726_yushin_ito/episodes/87772304/replay/episode_87772304.json,0.7071067811865475,,validated_teacher_index
87772307,0,2,Yushin Ito,54773249,yushin_20260726,zip,C:\Users\shiba\ptcc_pokemon_ai_buttle\data\runs\leaderboard_top50\alakazam\20260726_yushin_ito.zip,20260726_yushin_ito/episodes/87772307/replay/episode_87772307.json,0.7071067811865475,,validated_teacher_index
87772828,1,2,Yushin Ito,54773249,yushin_20260726,zip,C:\Users\shiba\ptcc_pokemon_ai_buttle\data\runs\leaderboard_top50\alakazam\20260726_yushin_ito.zip,20260726_yushin_ito/episodes/87772828/replay/episode_87772828.json,0.7071067811865475,,validated_teacher_index
87773356,1,2,Yushin Ito,54773249,yushin_20260726,zip,C:\Users\shiba\ptcc_pokemon_ai_buttle\data\runs\leaderboard_top50\alakazam\20260726_yushin_ito.zip,20260726_yushin_ito/episodes/87773356/replay/episode_87773356.json,0.7071067811865475,,validated_teacher_index
87773358,0,2,Yushin Ito,54773249,yushin_20260726,zip,C:\Users\shiba\ptcc_pokemon_ai_buttle\data\runs\leaderboard_top50\alakazam\20260726_yushin_ito.zip,20260726_yushin_ito/episodes/87773358/replay/episode_87773358.json,0.7071067811865475,,validated_teacher_index
87773893,1,2,Yushin Ito,54773249,yushin_20260726,zip,C:\Users\shiba\ptcc_pokemon_ai_buttle\data\runs\leaderboard_top50\alakazam\20260726_yushin_ito.zip,20260726_yushin_ito/episodes/87773893/replay/episode_87773893.json,0.7071067811865475,,validated_teacher_index
87773928,1,2,Yushin Ito,54773249,yushin_20260726,zip,C:\Users\shiba\ptcc_pokemon_ai_buttle\data\runs\leaderboard_top50\alakazam\20260726_yushin_ito.zip,20260726_yushin_ito/episodes/87773928/replay/episode_87773928.json,0.7071067811865475,,validated_teacher_index
87774418,0,2,Yushin Ito,54773249,yushin_20260726,zip,C:\Users\shiba\ptcc_pokemon_ai_buttle\data\runs\leaderboard_top50\alakazam\20260726_yushin_ito.zip,20260726_yushin_ito/episodes/87774418/replay/episode_87774418.json,0.7071067811865475,,validated_teacher_index
87774947,1,2,Yushin Ito,54773249,yushin_20260726,zip,C:\Users\shiba\ptcc_pokemon_ai_buttle\data\runs\leaderboard_top50\alakazam\20260726_yushin_ito.zip,20260726_yushin_ito/episodes/87774947/replay/episode_87774947.json,0.7071067811865475,,validated_teacher_index
87775464,1,2,Yushin Ito,54773249,yushin_20260726,zip,C:\Users\shiba\ptcc_pokemon_ai_buttle\data\runs\leaderboard_top50\alakazam\20260726_yushin_ito.zip,20260726_yushin_ito/episodes/87775464/replay/episode_87775464.json,0.7071067811865475,,validated_teacher_index
87775986,0,2,Yushin Ito,54773249,yushin_20260726,zip,C:\Users\shiba\ptcc_pokemon_ai_buttle\data\runs\leaderboard_top50\alakazam\20260726_yushin_ito.zip,20260726_yushin_ito/episodes/87775986/replay/episode_87775986.json,0.7071067811865475,,validated_teacher_index
87776514,1,2,Yushin Ito,54773249,yushin_20260726,zip,C:\Users\shiba\ptcc_pokemon_ai_buttle\data\runs\leaderboard_top50\alakazam\20260726_yushin_ito.zip,20260726_yushin_ito/episodes/87776514/replay/episode_87776514.json,0.7071067811865475,,validated_teacher_index
87777036,1,2,Yushin Ito,54773249,yushin_20260726,zip,C:\Users\shiba\ptcc_pokemon_ai_buttle\data\runs\leaderboard_top50\alakazam\20260726_yushin_ito.zip,20260726_yushin_ito/episodes/87777036/replay/episode_87777036.json,0.7071067811865475,,validated_teacher_index
87777039,0,2,Yushin Ito,54773249,yushin_20260726,zip,C:\Users\shiba\ptcc_pokemon_ai_buttle\data\runs\leaderboard_top50\alakazam\20260726_yushin_ito.zip,20260726_yushin_ito/episodes/87777039/replay/episode_87777039.json,0.7071067811865475,,validated_teacher_index
87777567,0,2,Yushin Ito,54773249,yushin_20260726,zip,C:\Users\shiba\ptcc_pokemon_ai_buttle\data\runs\leaderboard_top50\alakazam\20260726_yushin_ito.zip,20260726_yushin_ito/episodes/87777567/replay/episode_87777567.json,0.7071067811865475,,validated_teacher_index
87778095,0,2,Yushin Ito,54773249,yushin_20260726,zip,C:\Users\shiba\ptcc_pokemon_ai_buttle\data\runs\leaderboard_top50\alakazam\20260726_yushin_ito.zip,20260726_yushin_ito/episodes/87778095/replay/episode_87778095.json,0.7071067811865475,,validated_teacher_index
87778622,1,2,Yushin Ito,54773249,yushin_20260726,zip,C:\Users\shiba\ptcc_pokemon_ai_buttle\data\runs\leaderboard_top50\alakazam\20260726_yushin_ito.zip,20260726_yushin_ito/episodes/87778622/replay/episode_87778622.json,0.7071067811865475,,validated_teacher_index
87779155,0,2,Yushin Ito,54773249,yushin_20260726,zip,C:\Users\shiba\ptcc_pokemon_ai_buttle\data\runs\leaderboard_top50\alakazam\20260726_yushin_ito.zip,20260726_yushin_ito/episodes/87779155/replay/episode_87779155.json,0.7071067811865475,,validated_teacher_index
87779676,0,2,Yushin Ito,54773249,yushin_20260726,zip,C:\Users\shiba\ptcc_pokemon_ai_buttle\data\runs\leaderboard_top50\alakazam\20260726_yushin_ito.zip,20260726_yushin_ito/episodes/87779676/replay/episode_87779676.json,0.7071067811865475,,validated_teacher_index
87780197,1,2,Yushin Ito,54773249,yushin_20260726,zip,C:\Users\shiba\ptcc_pokemon_ai_buttle\data\runs\leaderboard_top50\alakazam\20260726_yushin_ito.zip,20260726_yushin_ito/episodes/87780197/replay/episode_87780197.json,0.7071067811865475,,validated_teacher_index
87780200,1,2,Yushin Ito,54773249,yushin_20260726,zip,C:\Users\shiba\ptcc_pokemon_ai_buttle\data\runs\leaderboard_top50\alakazam\20260726_yushin_ito.zip,20260726_yushin_ito/episodes/87780200/replay/episode_87780200.json,0.7071067811865475,,validated_teacher_index
87780728,0,2,Yushin Ito,54773249,yushin_20260726,zip,C:\Users\shiba\ptcc_pokemon_ai_buttle\data\runs\leaderboard_top50\alakazam\20260726_yushin_ito.zip,20260726_yushin_ito/episodes/87780728/replay/episode_87780728.json,0.7071067811865475,,validated_teacher_index
87781249,1,2,Yushin Ito,54773249,yushin_20260726,zip,C:\Users\shiba\ptcc_pokemon_ai_buttle\data\runs\leaderboard_top50\alakazam\20260726_yushin_ito.zip,20260726_yushin_ito/episodes/87781249/replay/episode_87781249.json,0.7071067811865475,,validated_teacher_index
87781776,0,2,Yushin Ito,54773249,yushin_20260726,zip,C:\Users\shiba\ptcc_pokemon_ai_buttle\data\runs\leaderboard_top50\alakazam\20260726_yushin_ito.zip,20260726_yushin_ito/episodes/87781776/replay/episode_87781776.json,0.7071067811865475,,validated_teacher_index
87781778,1,2,Yushin Ito,54773249,yushin_20260726,zip,C:\Users\shiba\ptcc_pokemon_ai_buttle\data\runs\leaderboard_top50\alakazam\20260726_yushin_ito.zip,20260726_yushin_ito/episodes/87781778/replay/episode_87781778.json,0.7071067811865475,,validated_teacher_index
87782299,0,2,Yushin Ito,54773249,yushin_20260726,zip,C:\Users\shiba\ptcc_pokemon_ai_buttle\data\runs\leaderboard_top50\alakazam\20260726_yushin_ito.zip,20260726_yushin_ito/episodes/87782299/replay/episode_87782299.json,0.7071067811865475,,validated_teacher_index
87782820,0,2,Yushin Ito,54773249,yushin_20260726,zip,C:\Users\shiba\ptcc_pokemon_ai_buttle\data\runs\leaderboard_top50\alakazam\20260726_yushin_ito.zip,20260726_yushin_ito/episodes/87782820/replay/episode_87782820.json,0.7071067811865475,,validated_teacher_index
87783365,0,2,Yushin Ito,54773249,yushin_20260726,zip,C:\Users\shiba\ptcc_pokemon_ai_buttle\data\runs\leaderboard_top50\alakazam\20260726_yushin_ito.zip,20260726_yushin_ito/episodes/87783365/replay/episode_87783365.json,0.7071067811865475,,validated_teacher_index
87783888,1,2,Yushin Ito,54773249,yushin_20260726,zip,C:\Users\shiba\ptcc_pokemon_ai_buttle\data\runs\leaderboard_top50\alakazam\20260726_yushin_ito.zip,20260726_yushin_ito/episodes/87783888/replay/episode_87783888.json,0.7071067811865475,,validated_teacher_index
87784413,1,2,Yushin Ito,54773249,yushin_20260726,zip,C:\Users\shiba\ptcc_pokemon_ai_buttle\data\runs\leaderboard_top50\alakazam\20260726_yushin_ito.zip,20260726_yushin_ito/episodes/87784413/replay/episode_87784413.json,0.7071067811865475,,validated_teacher_index
87784941,1,2,Yushin Ito,54773249,yushin_20260726,zip,C:\Users\shiba\ptcc_pokemon_ai_buttle\data\runs\leaderboard_top50\alakazam\20260726_yushin_ito.zip,20260726_yushin_ito/episodes/87784941/replay/episode_87784941.json,0.7071067811865475,,validated_teacher_index
87784945,0,2,Yushin Ito,54773249,yushin_20260726,zip,C:\Users\shiba\ptcc_pokemon_ai_buttle\data\runs\leaderboard_top50\alakazam\20260726_yushin_ito.zip,20260726_yushin_ito/episodes/87784945/replay/episode_87784945.json,0.7071067811865475,,validated_teacher_index
87785476,1,2,Yushin Ito,54773249,yushin_20260726,zip,C:\Users\shiba\ptcc_pokemon_ai_buttle\data\runs\leaderboard_top50\alakazam\20260726_yushin_ito.zip,20260726_yushin_ito/episodes/87785476/replay/episode_87785476.json,0.7071067811865475,,validated_teacher_index
87785994,1,2,Yushin Ito,54773249,yushin_20260726,zip,C:\Users\shiba\ptcc_pokemon_ai_buttle\data\runs\leaderboard_top50\alakazam\20260726_yushin_ito.zip,20260726_yushin_ito/episodes/87785994/replay/episode_87785994.json,0.7071067811865475,,validated_teacher_index
87786521,1,2,Yushin Ito,54773249,yushin_20260726,zip,C:\Users\shiba\ptcc_pokemon_ai_buttle\data\runs\leaderboard_top50\alakazam\20260726_yushin_ito.zip,20260726_yushin_ito/episodes/87786521/replay/episode_87786521.json,0.7071067811865475,,validated_teacher_index
87786531,0,2,Yushin Ito,54773249,yushin_20260726,zip,C:\Users\shiba\ptcc_pokemon_ai_buttle\data\runs\leaderboard_top50\alakazam\20260726_yushin_ito.zip,20260726_yushin_ito/episodes/87786531/replay/episode_87786531.json,0.7071067811865475,,validated_teacher_index
87786536,0,2,Yushin Ito,54773249,yushin_20260726,zip,C:\Users\shiba\ptcc_pokemon_ai_buttle\data\runs\leaderboard_top50\alakazam\20260726_yushin_ito.zip,20260726_yushin_ito/episodes/87786536/replay/episode_87786536.json,0.7071067811865475,,validated_teacher_index
87787102,0,2,Yushin Ito,54773249,yushin_20260726,zip,C:\Users\shiba\ptcc_pokemon_ai_buttle\data\runs\leaderboard_top50\alakazam\20260726_yushin_ito.zip,20260726_yushin_ito/episodes/87787102/replay/episode_87787102.json,0.7071067811865475,,validated_teacher_index
87787641,1,2,Yushin Ito,54773249,yushin_20260726,zip,C:\Users\shiba\ptcc_pokemon_ai_buttle\data\runs\leaderboard_top50\alakazam\20260726_yushin_ito.zip,20260726_yushin_ito/episodes/87787641/replay/episode_87787641.json,0.7071067811865475,,validated_teacher_index
87788156,0,2,Yushin Ito,54773249,yushin_20260726,zip,C:\Users\shiba\ptcc_pokemon_ai_buttle\data\runs\leaderboard_top50\alakazam\20260726_yushin_ito.zip,20260726_yushin_ito/episodes/87788156/replay/episode_87788156.json,0.7071067811865475,,validated_teacher_index
87789139,1,2,Yushin Ito,54773249,yushin_20260726,zip,C:\Users\shiba\ptcc_pokemon_ai_buttle\data\runs\leaderboard_top50\alakazam\20260726_yushin_ito.zip,20260726_yushin_ito/episodes/87789139/replay/episode_87789139.json,0.7071067811865475,,validated_teacher_index
87789708,0,2,Yushin Ito,54773249,yushin_20260726,zip,C:\Users\shiba\ptcc_pokemon_ai_buttle\data\runs\leaderboard_top50\alakazam\20260726_yushin_ito.zip,20260726_yushin_ito/episodes/87789708/replay/episode_87789708.json,0.7071067811865475,,validated_teacher_index
87790180,1,2,Yushin Ito,54773249,yushin_20260726,zip,C:\Users\shiba\ptcc_pokemon_ai_buttle\data\runs\leaderboard_top50\alakazam\20260726_yushin_ito.zip,20260726_yushin_ito/episodes/87790180/replay/episode_87790180.json,0.7071067811865475,,validated_teacher_index
87790258,0,2,Yushin Ito,54773249,yushin_20260726,zip,C:\Users\shiba\ptcc_pokemon_ai_buttle\data\runs\leaderboard_top50\alakazam\20260726_yushin_ito.zip,20260726_yushin_ito/episodes/87790258/replay/episode_87790258.json,0.7071067811865475,,validated_teacher_index
87790745,1,2,Yushin Ito,54773249,yushin_20260726,zip,C:\Users\shiba\ptcc_pokemon_ai_buttle\data\runs\leaderboard_top50\alakazam\20260726_yushin_ito.zip,20260726_yushin_ito/episodes/87790745/replay/episode_87790745.json,0.7071067811865475,,validated_teacher_index
87791293,0,2,Yushin Ito,54773249,yushin_20260726,zip,C:\Users\shiba\ptcc_pokemon_ai_buttle\data\runs\leaderboard_top50\alakazam\20260726_yushin_ito.zip,20260726_yushin_ito/episodes/87791293/replay/episode_87791293.json,0.7071067811865475,,validated_teacher_index
87791764,1,2,Yushin Ito,54773249,yushin_20260726,zip,C:\Users\shiba\ptcc_pokemon_ai_buttle\data\runs\leaderboard_top50\alakazam\20260726_yushin_ito.zip,20260726_yushin_ito/episodes/87791764/replay/episode_87791764.json,0.7071067811865475,,validated_teacher_index
87791793,1,2,Yushin Ito,54773249,yushin_20260726,zip,C:\Users\shiba\ptcc_pokemon_ai_buttle\data\runs\leaderboard_top50\alakazam\20260726_yushin_ito.zip,20260726_yushin_ito/episodes/87791793/replay/episode_87791793.json,0.7071067811865475,,validated_teacher_index
87792307,1,2,Yushin Ito,54773249,yushin_20260726,zip,C:\Users\shiba\ptcc_pokemon_ai_buttle\data\runs\leaderboard_top50\alakazam\20260726_yushin_ito.zip,20260726_yushin_ito/episodes/87792307/replay/episode_87792307.json,0.7071067811865475,,validated_teacher_index
87792804,1,2,Yushin Ito,54773249,yushin_20260726,zip,C:\Users\shiba\ptcc_pokemon_ai_buttle\data\runs\leaderboard_top50\alakazam\20260726_yushin_ito.zip,20260726_yushin_ito/episodes/87792804/replay/episode_87792804.json,0.7071067811865475,,validated_teacher_index
87793311,0,2,Yushin Ito,54773249,yushin_20260726,zip,C:\Users\shiba\ptcc_pokemon_ai_buttle\data\runs\leaderboard_top50\alakazam\20260726_yushin_ito.zip,20260726_yushin_ito/episodes/87793311/replay/episode_87793311.json,0.7071067811865475,,validated_teacher_index
87793315,1,2,Yushin Ito,54773249,yushin_20260726,zip,C:\Users\shiba\ptcc_pokemon_ai_buttle\data\runs\leaderboard_top50\alakazam\20260726_yushin_ito.zip,20260726_yushin_ito/episodes/87793315/replay/episode_87793315.json,0.7071067811865475,,validated_teacher_index
87793849,0,2,Yushin Ito,54773249,yushin_20260726,zip,C:\Users\shiba\ptcc_pokemon_ai_buttle\data\runs\leaderboard_top50\alakazam\20260726_yushin_ito.zip,20260726_yushin_ito/episodes/87793849/replay/episode_87793849.json,0.7071067811865475,,validated_teacher_index
87794388,0,2,Yushin Ito,54773249,yushin_20260726,zip,C:\Users\shiba\ptcc_pokemon_ai_buttle\data\runs\leaderboard_top50\alakazam\20260726_yushin_ito.zip,20260726_yushin_ito/episodes/87794388/replay/episode_87794388.json,0.7071067811865475,,validated_teacher_index
87794923,1,2,Yushin Ito,54773249,yushin_20260726,zip,C:\Users\shiba\ptcc_pokemon_ai_buttle\data\runs\leaderboard_top50\alakazam\20260726_yushin_ito.zip,20260726_yushin_ito/episodes/87794923/replay/episode_87794923.json,0.7071067811865475,,validated_teacher_index
87795456,0,2,Yushin Ito,54773249,yushin_20260726,zip,C:\Users\shiba\ptcc_pokemon_ai_buttle\data\runs\leaderboard_top50\alakazam\20260726_yushin_ito.zip,20260726_yushin_ito/episodes/87795456/replay/episode_87795456.json,0.7071067811865475,,validated_teacher_index
87795912,1,2,Yushin Ito,54773249,yushin_20260726,zip,C:\Users\shiba\ptcc_pokemon_ai_buttle\data\runs\leaderboard_top50\alakazam\20260726_yushin_ito.zip,20260726_yushin_ito/episodes/87795912/replay/episode_87795912.json,0.7071067811865475,,validated_teacher_index
87795986,1,2,Yushin Ito,54773249,yushin_20260726,zip,C:\Users\shiba\ptcc_pokemon_ai_buttle\data\runs\leaderboard_top50\alakazam\20260726_yushin_ito.zip,20260726_yushin_ito/episodes/87795986/replay/episode_87795986.json,0.7071067811865475,,validated_teacher_index
87796495,0,2,Yushin Ito,54773249,yushin_20260726,zip,C:\Users\shiba\ptcc_pokemon_ai_buttle\data\runs\leaderboard_top50\alakazam\20260726_yushin_ito.zip,20260726_yushin_ito/episodes/87796495/replay/episode_87796495.json,0.7071067811865475,,validated_teacher_index
87797009,0,2,Yushin Ito,54773249,yushin_20260726,zip,C:\Users\shiba\ptcc_pokemon_ai_buttle\data\runs\leaderboard_top50\alakazam\20260726_yushin_ito.zip,20260726_yushin_ito/episodes/87797009/replay/episode_87797009.json,0.7071067811865475,,validated_teacher_index
87797306,0,2,Yushin Ito,54773249,yushin_20260726,zip,C:\Users\shiba\ptcc_pokemon_ai_buttle\data\runs\leaderboard_top50\alakazam\20260726_yushin_ito.zip,20260726_yushin_ito/episodes/87797306/replay/episode_87797306.json,0.7071067811865475,,validated_teacher_index
87798078,1,2,Yushin Ito,54773249,yushin_20260726,zip,C:\Users\shiba\ptcc_pokemon_ai_buttle\data\runs\leaderboard_top50\alakazam\20260726_yushin_ito.zip,20260726_yushin_ito/episodes/87798078/replay/episode_87798078.json,0.7071067811865475,,validated_teacher_index
87798596,0,2,Yushin Ito,54773249,yushin_20260726,zip,C:\Users\shiba\ptcc_pokemon_ai_buttle\data\runs\leaderboard_top50\alakazam\20260726_yushin_ito.zip,20260726_yushin_ito/episodes/87798596/replay/episode_87798596.json,0.7071067811865475,,validated_teacher_index
87799096,1,2,Yushin Ito,54773249,yushin_20260726,zip,C:\Users\shiba\ptcc_pokemon_ai_buttle\data\runs\leaderboard_top50\alakazam\20260726_yushin_ito.zip,20260726_yushin_ito/episodes/87799096/replay/episode_87799096.json,0.7071067811865475,,validated_teacher_index
87799109,1,2,Yushin Ito,54773249,yushin_20260726,zip,C:\Users\shiba\ptcc_pokemon_ai_buttle\data\runs\leaderboard_top50\alakazam\20260726_yushin_ito.zip,20260726_yushin_ito/episodes/87799109/replay/episode_87799109.json,0.7071067811865475,,validated_teacher_index
87799122,1,2,Yushin Ito,54773249,yushin_20260726,zip,C:\Users\shiba\ptcc_pokemon_ai_buttle\data\runs\leaderboard_top50\alakazam\20260726_yushin_ito.zip,20260726_yushin_ito/episodes/87799122/replay/episode_87799122.json,0.7071067811865475,,validated_teacher_index
87799624,1,2,Yushin Ito,54773249,yushin_20260726,zip,C:\Users\shiba\ptcc_pokemon_ai_buttle\data\runs\leaderboard_top50\alakazam\20260726_yushin_ito.zip,20260726_yushin_ito/episodes/87799624/replay/episode_87799624.json,0.7071067811865475,,validated_teacher_index
87799652,0,2,Yushin Ito,54773249,yushin_20260726,zip,C:\Users\shiba\ptcc_pokemon_ai_buttle\data\runs\leaderboard_top50\alakazam\20260726_yushin_ito.zip,20260726_yushin_ito/episodes/87799652/replay/episode_87799652.json,0.7071067811865475,,validated_teacher_index
87800187,0,2,Yushin Ito,54773249,yushin_20260726,zip,C:\Users\shiba\ptcc_pokemon_ai_buttle\data\runs\leaderboard_top50\alakazam\20260726_yushin_ito.zip,20260726_yushin_ito/episodes/87800187/replay/episode_87800187.json,0.7071067811865475,,validated_teacher_index
87800648,0,2,Yushin Ito,54773249,yushin_20260726,zip,C:\Users\shiba\ptcc_pokemon_ai_buttle\data\runs\leaderboard_top50\alakazam\20260726_yushin_ito.zip,20260726_yushin_ito/episodes/87800648/replay/episode_87800648.json,0.7071067811865475,,validated_teacher_index
87800716,0,2,Yushin Ito,54773249,yushin_20260726,zip,C:\Users\shiba\ptcc_pokemon_ai_buttle\data\runs\leaderboard_top50\alakazam\20260726_yushin_ito.zip,20260726_yushin_ito/episodes/87800716/replay/episode_87800716.json,0.7071067811865475,,validated_teacher_index
87801193,0,2,Yushin Ito,54773249,yushin_20260726,zip,C:\Users\shiba\ptcc_pokemon_ai_buttle\data\runs\leaderboard_top50\alakazam\20260726_yushin_ito.zip,20260726_yushin_ito/episodes/87801193/replay/episode_87801193.json,0.7071067811865475,,validated_teacher_index
87801210,0,2,Yushin Ito,54773249,yushin_20260726,zip,C:\Users\shiba\ptcc_pokemon_ai_buttle\data\runs\leaderboard_top50\alakazam\20260726_yushin_ito.zip,20260726_yushin_ito/episodes/87801210/replay/episode_87801210.json,0.7071067811865475,,validated_teacher_index
87801720,1,2,Yushin Ito,54773249,yushin_20260726,zip,C:\Users\shiba\ptcc_pokemon_ai_buttle\data\runs\leaderboard_top50\alakazam\20260726_yushin_ito.zip,20260726_yushin_ito/episodes/87801720/replay/episode_87801720.json,0.7071067811865475,,validated_teacher_index
87801723,1,2,Yushin Ito,54773249,yushin_20260726,zip,C:\Users\shiba\ptcc_pokemon_ai_buttle\data\runs\leaderboard_top50\alakazam\20260726_yushin_ito.zip,20260726_yushin_ito/episodes/87801723/replay/episode_87801723.json,0.7071067811865475,,validated_teacher_index
87802245,0,2,Yushin Ito,54773249,yushin_20260726,zip,C:\Users\shiba\ptcc_pokemon_ai_buttle\data\runs\leaderboard_top50\alakazam\20260726_yushin_ito.zip,20260726_yushin_ito/episodes/87802245/replay/episode_87802245.json,0.7071067811865475,,validated_teacher_index
87802336,0,2,Yushin Ito,54773249,yushin_20260726,zip,C:\Users\shiba\ptcc_pokemon_ai_buttle\data\runs\leaderboard_top50\alakazam\20260726_yushin_ito.zip,20260726_yushin_ito/episodes/87802336/replay/episode_87802336.json,0.7071067811865475,,validated_teacher_index
87802771,1,2,Yushin Ito,54773249,yushin_20260726,zip,C:\Users\shiba\ptcc_pokemon_ai_buttle\data\runs\leaderboard_top50\alakazam\20260726_yushin_ito.zip,20260726_yushin_ito/episodes/87802771/replay/episode_87802771.json,0.7071067811865475,,validated_teacher_index
87803300,0,2,Yushin Ito,54773249,yushin_20260726,zip,C:\Users\shiba\ptcc_pokemon_ai_buttle\data\runs\leaderboard_top50\alakazam\20260726_yushin_ito.zip,20260726_yushin_ito/episodes/87803300/replay/episode_87803300.json,0.7071067811865475,,validated_teacher_index
87803339,0,2,Yushin Ito,54773249,yushin_20260726,zip,C:\Users\shiba\ptcc_pokemon_ai_buttle\data\runs\leaderboard_top50\alakazam\20260726_yushin_ito.zip,20260726_yushin_ito/episodes/87803339/replay/episode_87803339.json,0.7071067811865475,,validated_teacher_index
87803408,0,2,Yushin Ito,54773249,yushin_20260726,zip,C:\Users\shiba\ptcc_pokemon_ai_buttle\data\runs\leaderboard_top50\alakazam\20260726_yushin_ito.zip,20260726_yushin_ito/episodes/87803408/replay/episode_87803408.json,0.7071067811865475,,validated_teacher_index
87803808,1,2,Yushin Ito,54773249,yushin_20260726,zip,C:\Users\shiba\ptcc_pokemon_ai_buttle\data\runs\leaderboard_top50\alakazam\20260726_yushin_ito.zip,20260726_yushin_ito/episodes/87803808/replay/episode_87803808.json,0.7071067811865475,,validated_teacher_index
87803841,0,2,Yushin Ito,54773249,yushin_20260726,zip,C:\Users\shiba\ptcc_pokemon_ai_buttle\data\runs\leaderboard_top50\alakazam\20260726_yushin_ito.zip,20260726_yushin_ito/episodes/87803841/replay/episode_87803841.json,0.7071067811865475,,validated_teacher_index
87804352,1,2,Yushin Ito,54773249,yushin_20260726,zip,C:\Users\shiba\ptcc_pokemon_ai_buttle\data\runs\leaderboard_top50\alakazam\20260726_yushin_ito.zip,20260726_yushin_ito/episodes/87804352/replay/episode_87804352.json,0.7071067811865475,,validated_teacher_index
87804893,0,2,Yushin Ito,54773249,yushin_20260726,zip,C:\Users\shiba\ptcc_pokemon_ai_buttle\data\runs\leaderboard_top50\alakazam\20260726_yushin_ito.zip,20260726_yushin_ito/episodes/87804893/replay/episode_87804893.json,0.7071067811865475,,validated_teacher_index
87805345,0,2,Yushin Ito,54773249,yushin_20260726,zip,C:\Users\shiba\ptcc_pokemon_ai_buttle\data\runs\leaderboard_top50\alakazam\20260726_yushin_ito.zip,20260726_yushin_ito/episodes/87805345/replay/episode_87805345.json,0.7071067811865475,,validated_teacher_index
87805923,1,2,Yushin Ito,54773249,yushin_20260726,zip,C:\Users\shiba\ptcc_pokemon_ai_buttle\data\runs\leaderboard_top50\alakazam\20260726_yushin_ito.zip,20260726_yushin_ito/episodes/87805923/replay/episode_87805923.json,0.7071067811865475,,validated_teacher_index
87806446,1,2,Yushin Ito,54773249,yushin_20260726,zip,C:\Users\shiba\ptcc_pokemon_ai_buttle\data\runs\leaderboard_top50\alakazam\20260726_yushin_ito.zip,20260726_yushin_ito/episodes/87806446/replay/episode_87806446.json,0.7071067811865475,,validated_teacher_index
87806958,1,2,Yushin Ito,54773249,yushin_20260726,zip,C:\Users\shiba\ptcc_pokemon_ai_buttle\data\runs\leaderboard_top50\alakazam\20260726_yushin_ito.zip,20260726_yushin_ito/episodes/87806958/replay/episode_87806958.json,0.7071067811865475,,validated_teacher_index
87807497,0,2,Yushin Ito,54773249,yushin_20260726,zip,C:\Users\shiba\ptcc_pokemon_ai_buttle\data\runs\leaderboard_top50\alakazam\20260726_yushin_ito.zip,20260726_yushin_ito/episodes/87807497/replay/episode_87807497.json,0.7071067811865475,,validated_teacher_index
87807999,0,2,Yushin Ito,54773249,yushin_20260726,zip,C:\Users\shiba\ptcc_pokemon_ai_buttle\data\runs\leaderboard_top50\alakazam\20260726_yushin_ito.zip,20260726_yushin_ito/episodes/87807999/replay/episode_87807999.json,0.7071067811865475,,validated_teacher_index
87808008,0,2,Yushin Ito,54773249,yushin_20260726,zip,C:\Users\shiba\ptcc_pokemon_ai_buttle\data\runs\leaderboard_top50\alakazam\20260726_yushin_ito.zip,20260726_yushin_ito/episodes/87808008/replay/episode_87808008.json,0.7071067811865475,,validated_teacher_index
87808515,0,2,Yushin Ito,54773249,yushin_20260726,zip,C:\Users\shiba\ptcc_pokemon_ai_buttle\data\runs\leaderboard_top50\alakazam\20260726_yushin_ito.zip,20260726_yushin_ito/episodes/87808515/replay/episode_87808515.json,0.7071067811865475,,validated_teacher_index
87809023,1,2,Yushin Ito,54773249,yushin_20260726,zip,C:\Users\shiba\ptcc_pokemon_ai_buttle\data\runs\leaderboard_top50\alakazam\20260726_yushin_ito.zip,20260726_yushin_ito/episodes/87809023/replay/episode_87809023.json,0.7071067811865475,,validated_teacher_index
87809040,0,2,Yushin Ito,54773249,yushin_20260726,zip,C:\Users\shiba\ptcc_pokemon_ai_buttle\data\runs\leaderboard_top50\alakazam\20260726_yushin_ito.zip,20260726_yushin_ito/episodes/87809040/replay/episode_87809040.json,0.7071067811865475,,validated_teacher_index
87809556,1,2,Yushin Ito,54773249,yushin_20260726,zip,C:\Users\shiba\ptcc_pokemon_ai_buttle\data\runs\leaderboard_top50\alakazam\20260726_yushin_ito.zip,20260726_yushin_ito/episodes/87809556/replay/episode_87809556.json,0.7071067811865475,,validated_teacher_index
87810088,0,2,Yushin Ito,54773249,yushin_20260726,zip,C:\Users\shiba\ptcc_pokemon_ai_buttle\data\runs\leaderboard_top50\alakazam\20260726_yushin_ito.zip,20260726_yushin_ito/episodes/87810088/replay/episode_87810088.json,0.7071067811865475,,validated_teacher_index
87810609,0,2,Yushin Ito,54773249,yushin_20260726,zip,C:\Users\shiba\ptcc_pokemon_ai_buttle\data\runs\leaderboard_top50\alakazam\20260726_yushin_ito.zip,20260726_yushin_ito/episodes/87810609/replay/episode_87810609.json,0.7071067811865475,,validated_teacher_index
87811140,1,2,Yushin Ito,54773249,yushin_20260726,zip,C:\Users\shiba\ptcc_pokemon_ai_buttle\data\runs\leaderboard_top50\alakazam\20260726_yushin_ito.zip,20260726_yushin_ito/episodes/87811140/replay/episode_87811140.json,0.7071067811865475,,validated_teacher_index
87811664,0,2,Yushin Ito,54773249,yushin_20260726,zip,C:\Users\shiba\ptcc_pokemon_ai_buttle\data\runs\leaderboard_top50\alakazam\20260726_yushin_ito.zip,20260726_yushin_ito/episodes/87811664/replay/episode_87811664.json,0.7071067811865475,,validated_teacher_index
87812193,1,2,Yushin Ito,54773249,yushin_20260726,zip,C:\Users\shiba\ptcc_pokemon_ai_buttle\data\runs\leaderboard_top50\alakazam\20260726_yushin_ito.zip,20260726_yushin_ito/episodes/87812193/replay/episode_87812193.json,0.7071067811865475,,validated_teacher_index
87812723,0,2,Yushin Ito,54773249,yushin_20260726,zip,C:\Users\shiba\ptcc_pokemon_ai_buttle\data\runs\leaderboard_top50\alakazam\20260726_yushin_ito.zip,20260726_yushin_ito/episodes/87812723/replay/episode_87812723.json,0.7071067811865475,,validated_teacher_index
87813266,0,2,Yushin Ito,54773249,yushin_20260726,zip,C:\Users\shiba\ptcc_pokemon_ai_buttle\data\runs\leaderboard_top50\alakazam\20260726_yushin_ito.zip,20260726_yushin_ito/episodes/87813266/replay/episode_87813266.json,0.7071067811865475,,validated_teacher_index
87813776,0,2,Yushin Ito,54773249,yushin_20260726,zip,C:\Users\shiba\ptcc_pokemon_ai_buttle\data\runs\leaderboard_top50\alakazam\20260726_yushin_ito.zip,20260726_yushin_ito/episodes/87813776/replay/episode_87813776.json,0.7071067811865475,,validated_teacher_index
87814295,1,2,Yushin Ito,54773249,yushin_20260726,zip,C:\Users\shiba\ptcc_pokemon_ai_buttle\data\runs\leaderboard_top50\alakazam\20260726_yushin_ito.zip,20260726_yushin_ito/episodes/87814295/replay/episode_87814295.json,0.7071067811865475,,validated_teacher_index
87814816,0,2,Yushin Ito,54773249,yushin_20260726,zip,C:\Users\shiba\ptcc_pokemon_ai_buttle\data\runs\leaderboard_top50\alakazam\20260726_yushin_ito.zip,20260726_yushin_ito/episodes/87814816/replay/episode_87814816.json,0.7071067811865475,,validated_teacher_index
87815348,0,2,Yushin Ito,54773249,yushin_20260726,zip,C:\Users\shiba\ptcc_pokemon_ai_buttle\data\runs\leaderboard_top50\alakazam\20260726_yushin_ito.zip,20260726_yushin_ito/episodes/87815348/replay/episode_87815348.json,0.7071067811865475,,validated_teacher_index
87815889,1,2,Yushin Ito,54773249,yushin_20260726,zip,C:\Users\shiba\ptcc_pokemon_ai_buttle\data\runs\leaderboard_top50\alakazam\20260726_yushin_ito.zip,20260726_yushin_ito/episodes/87815889/replay/episode_87815889.json,0.7071067811865475,,validated_teacher_index
87816391,0,2,Yushin Ito,54773249,yushin_20260726,zip,C:\Users\shiba\ptcc_pokemon_ai_buttle\data\runs\leaderboard_top50\alakazam\20260726_yushin_ito.zip,20260726_yushin_ito/episodes/87816391/replay/episode_87816391.json,0.7071067811865475,,validated_teacher_index
87816902,1,2,Yushin Ito,54773249,yushin_20260726,zip,C:\Users\shiba\ptcc_pokemon_ai_buttle\data\runs\leaderboard_top50\alakazam\20260726_yushin_ito.zip,20260726_yushin_ito/episodes/87816902/replay/episode_87816902.json,0.7071067811865475,,validated_teacher_index
87817423,0,2,Yushin Ito,54773249,yushin_20260726,zip,C:\Users\shiba\ptcc_pokemon_ai_buttle\data\runs\leaderboard_top50\alakazam\20260726_yushin_ito.zip,20260726_yushin_ito/episodes/87817423/replay/episode_87817423.json,0.7071067811865475,,validated_teacher_index
87817950,1,2,Yushin Ito,54773249,yushin_20260726,zip,C:\Users\shiba\ptcc_pokemon_ai_buttle\data\runs\leaderboard_top50\alakazam\20260726_yushin_ito.zip,20260726_yushin_ito/episodes/87817950/replay/episode_87817950.json,0.7071067811865475,,validated_teacher_index
87818470,1,2,Yushin Ito,54773249,yushin_20260726,zip,C:\Users\shiba\ptcc_pokemon_ai_buttle\data\runs\leaderboard_top50\alakazam\20260726_yushin_ito.zip,20260726_yushin_ito/episodes/87818470/replay/episode_87818470.json,0.7071067811865475,,validated_teacher_index
87818476,0,2,Yushin Ito,54773249,yushin_20260726,zip,C:\Users\shiba\ptcc_pokemon_ai_buttle\data\runs\leaderboard_top50\alakazam\20260726_yushin_ito.zip,20260726_yushin_ito/episodes/87818476/replay/episode_87818476.json,0.7071067811865475,,validated_teacher_index
87819019,1,2,Yushin Ito,54773249,yushin_20260726,zip,C:\Users\shiba\ptcc_pokemon_ai_buttle\data\runs\leaderboard_top50\alakazam\20260726_yushin_ito.zip,20260726_yushin_ito/episodes/87819019/replay/episode_87819019.json,0.7071067811865475,,validated_teacher_index
87819534,0,2,Yushin Ito,54773249,yushin_20260726,zip,C:\Users\shiba\ptcc_pokemon_ai_buttle\data\runs\leaderboard_top50\alakazam\20260726_yushin_ito.zip,20260726_yushin_ito/episodes/87819534/replay/episode_87819534.json,0.7071067811865475,,validated_teacher_index
87820068,0,2,Yushin Ito,54773249,yushin_20260726,zip,C:\Users\shiba\ptcc_pokemon_ai_buttle\data\runs\leaderboard_top50\alakazam\20260726_yushin_ito.zip,20260726_yushin_ito/episodes/87820068/replay/episode_87820068.json,0.7071067811865475,,validated_teacher_index
87820562,0,2,Yushin Ito,54773249,yushin_20260726,zip,C:\Users\shiba\ptcc_pokemon_ai_buttle\data\runs\leaderboard_top50\alakazam\20260726_yushin_ito.zip,20260726_yushin_ito/episodes/87820562/replay/episode_87820562.json,0.7071067811865475,,validated_teacher_index
87820691,1,2,Yushin Ito,54773249,yushin_20260726,zip,C:\Users\shiba\ptcc_pokemon_ai_buttle\data\runs\leaderboard_top50\alakazam\20260726_yushin_ito.zip,20260726_yushin_ito/episodes/87820691/replay/episode_87820691.json,0.7071067811865475,,validated_teacher_index
87820700,0,2,Yushin Ito,54773249,yushin_20260726,zip,C:\Users\shiba\ptcc_pokemon_ai_buttle\data\runs\leaderboard_top50\alakazam\20260726_yushin_ito.zip,20260726_yushin_ito/episodes/87820700/replay/episode_87820700.json,0.7071067811865475,,validated_teacher_index
87821099,0,2,Yushin Ito,54773249,yushin_20260726,zip,C:\Users\shiba\ptcc_pokemon_ai_buttle\data\runs\leaderboard_top50\alakazam\20260726_yushin_ito.zip,20260726_yushin_ito/episodes/87821099/replay/episode_87821099.json,0.7071067811865475,,validated_teacher_index
87821628,1,2,Yushin Ito,54773249,yushin_20260726,zip,C:\Users\shiba\ptcc_pokemon_ai_buttle\data\runs\leaderboard_top50\alakazam\20260726_yushin_ito.zip,20260726_yushin_ito/episodes/87821628/replay/episode_87821628.json,0.7071067811865475,,validated_teacher_index
87822130,0,2,Yushin Ito,54773249,yushin_20260726,zip,C:\Users\shiba\ptcc_pokemon_ai_buttle\data\runs\leaderboard_top50\alakazam\20260726_yushin_ito.zip,20260726_yushin_ito/episodes/87822130/replay/episode_87822130.json,0.7071067811865475,,validated_teacher_index
87822659,0,2,Yushin Ito,54773249,yushin_20260726,zip,C:\Users\shiba\ptcc_pokemon_ai_buttle\data\runs\leaderboard_top50\alakazam\20260726_yushin_ito.zip,20260726_yushin_ito/episodes/87822659/replay/episode_87822659.json,0.7071067811865475,,validated_teacher_index
87823184,0,2,Yushin Ito,54773249,yushin_20260726,zip,C:\Users\shiba\ptcc_pokemon_ai_buttle\data\runs\leaderboard_top50\alakazam\20260726_yushin_ito.zip,20260726_yushin_ito/episodes/87823184/replay/episode_87823184.json,0.7071067811865475,,validated_teacher_index
87823645,0,2,Yushin Ito,54773249,yushin_20260726,zip,C:\Users\shiba\ptcc_pokemon_ai_buttle\data\runs\leaderboard_top50\alakazam\20260726_yushin_ito.zip,20260726_yushin_ito/episodes/87823645/replay/episode_87823645.json,0.7071067811865475,,validated_teacher_index
87824169,0,2,Yushin Ito,54773249,yushin_20260726,zip,C:\Users\shiba\ptcc_pokemon_ai_buttle\data\runs\leaderboard_top50\alakazam\20260726_yushin_ito.zip,20260726_yushin_ito/episodes/87824169/replay/episode_87824169.json,0.7071067811865475,,validated_teacher_index
87824705,1,2,Yushin Ito,54773249,yushin_20260726,zip,C:\Users\shiba\ptcc_pokemon_ai_buttle\data\runs\leaderboard_top50\alakazam\20260726_yushin_ito.zip,20260726_yushin_ito/episodes/87824705/replay/episode_87824705.json,0.7071067811865475,,validated_teacher_index
87825241,1,2,Yushin Ito,54773249,yushin_20260726,zip,C:\Users\shiba\ptcc_pokemon_ai_buttle\data\runs\leaderboard_top50\alakazam\20260726_yushin_ito.zip,20260726_yushin_ito/episodes/87825241/replay/episode_87825241.json,0.7071067811865475,,validated_teacher_index
87825766,1,2,Yushin Ito,54773249,yushin_20260726,zip,C:\Users\shiba\ptcc_pokemon_ai_buttle\data\runs\leaderboard_top50\alakazam\20260726_yushin_ito.zip,20260726_yushin_ito/episodes/87825766/replay/episode_87825766.json,0.7071067811865475,,validated_teacher_index
87825771,0,2,Yushin Ito,54773249,yushin_20260726,zip,C:\Users\shiba\ptcc_pokemon_ai_buttle\data\runs\leaderboard_top50\alakazam\20260726_yushin_ito.zip,20260726_yushin_ito/episodes/87825771/replay/episode_87825771.json,0.7071067811865475,,validated_teacher_index
87826313,0,2,Yushin Ito,54773249,yushin_20260726,zip,C:\Users\shiba\ptcc_pokemon_ai_buttle\data\runs\leaderboard_top50\alakazam\20260726_yushin_ito.zip,20260726_yushin_ito/episodes/87826313/replay/episode_87826313.json,0.7071067811865475,,validated_teacher_index
87826823,1,2,Yushin Ito,54773249,yushin_20260726,zip,C:\Users\shiba\ptcc_pokemon_ai_buttle\data\runs\leaderboard_top50\alakazam\20260726_yushin_ito.zip,20260726_yushin_ito/episodes/87826823/replay/episode_87826823.json,0.7071067811865475,,validated_teacher_index
87826839,1,2,Yushin Ito,54773249,yushin_20260726,zip,C:\Users\shiba\ptcc_pokemon_ai_buttle\data\runs\leaderboard_top50\alakazam\20260726_yushin_ito.zip,20260726_yushin_ito/episodes/87826839/replay/episode_87826839.json,0.7071067811865475,,validated_teacher_index
87827370,1,2,Yushin Ito,54773249,yushin_20260726,zip,C:\Users\shiba\ptcc_pokemon_ai_buttle\data\runs\leaderboard_top50\alakazam\20260726_yushin_ito.zip,20260726_yushin_ito/episodes/87827370/replay/episode_87827370.json,0.7071067811865475,,validated_teacher_index
87827889,1,2,Yushin Ito,54773249,yushin_20260726,zip,C:\Users\shiba\ptcc_pokemon_ai_buttle\data\runs\leaderboard_top50\alakazam\20260726_yushin_ito.zip,20260726_yushin_ito/episodes/87827889/replay/episode_87827889.json,0.7071067811865475,,validated_teacher_index
87828416,1,2,Yushin Ito,54773249,yushin_20260726,zip,C:\Users\shiba\ptcc_pokemon_ai_buttle\data\runs\leaderboard_top50\alakazam\20260726_yushin_ito.zip,20260726_yushin_ito/episodes/87828416/replay/episode_87828416.json,0.7071067811865475,,validated_teacher_index
87828948,0,2,Yushin Ito,54773249,yushin_20260726,zip,C:\Users\shiba\ptcc_pokemon_ai_buttle\data\runs\leaderboard_top50\alakazam\20260726_yushin_ito.zip,20260726_yushin_ito/episodes/87828948/replay/episode_87828948.json,0.7071067811865475,,validated_teacher_index
87829470,0,2,Yushin Ito,54773249,yushin_20260726,zip,C:\Users\shiba\ptcc_pokemon_ai_buttle\data\runs\leaderboard_top50\alakazam\20260726_yushin_ito.zip,20260726_yushin_ito/episodes/87829470/replay/episode_87829470.json,0.7071067811865475,,validated_teacher_index
87829994,1,2,Yushin Ito,54773249,yushin_20260726,zip,C:\Users\shiba\ptcc_pokemon_ai_buttle\data\runs\leaderboard_top50\alakazam\20260726_yushin_ito.zip,20260726_yushin_ito/episodes/87829994/replay/episode_87829994.json,0.7071067811865475,,validated_teacher_index
87830510,1,2,Yushin Ito,54773249,yushin_20260726,zip,C:\Users\shiba\ptcc_pokemon_ai_buttle\data\runs\leaderboard_top50\alakazam\20260726_yushin_ito.zip,20260726_yushin_ito/episodes/87830510/replay/episode_87830510.json,0.7071067811865475,,validated_teacher_index
87831029,1,2,Yushin Ito,54773249,yushin_20260726,zip,C:\Users\shiba\ptcc_pokemon_ai_buttle\data\runs\leaderboard_top50\alakazam\20260726_yushin_ito.zip,20260726_yushin_ito/episodes/87831029/replay/episode_87831029.json,0.7071067811865475,,validated_teacher_index
87831552,0,2,Yushin Ito,54773249,yushin_20260726,zip,C:\Users\shiba\ptcc_pokemon_ai_buttle\data\runs\leaderboard_top50\alakazam\20260726_yushin_ito.zip,20260726_yushin_ito/episodes/87831552/replay/episode_87831552.json,0.7071067811865475,,validated_teacher_index
87832073,0,2,Yushin Ito,54773249,yushin_20260726,zip,C:\Users\shiba\ptcc_pokemon_ai_buttle\data\runs\leaderboard_top50\alakazam\20260726_yushin_ito.zip,20260726_yushin_ito/episodes/87832073/replay/episode_87832073.json,0.7071067811865475,,validated_teacher_index
87832592,0,2,Yushin Ito,54773249,yushin_20260726,zip,C:\Users\shiba\ptcc_pokemon_ai_buttle\data\runs\leaderboard_top50\alakazam\20260726_yushin_ito.zip,20260726_yushin_ito/episodes/87832592/replay/episode_87832592.json,0.7071067811865475,,validated_teacher_index
87833125,0,2,Yushin Ito,54773249,yushin_20260726,zip,C:\Users\shiba\ptcc_pokemon_ai_buttle\data\runs\leaderboard_top50\alakazam\20260726_yushin_ito.zip,20260726_yushin_ito/episodes/87833125/replay/episode_87833125.json,0.7071067811865475,,validated_teacher_index
87833656,0,2,Yushin Ito,54773249,yushin_20260726,zip,C:\Users\shiba\ptcc_pokemon_ai_buttle\data\runs\leaderboard_top50\alakazam\20260726_yushin_ito.zip,20260726_yushin_ito/episodes/87833656/replay/episode_87833656.json,0.7071067811865475,,validated_teacher_index
87834181,1,2,Yushin Ito,54773249,yushin_20260726,zip,C:\Users\shiba\ptcc_pokemon_ai_buttle\data\runs\leaderboard_top50\alakazam\20260726_yushin_ito.zip,20260726_yushin_ito/episodes/87834181/replay/episode_87834181.json,0.7071067811865475,,validated_teacher_index
87834710,0,2,Yushin Ito,54773249,yushin_20260726,zip,C:\Users\shiba\ptcc_pokemon_ai_buttle\data\runs\leaderboard_top50\alakazam\20260726_yushin_ito.zip,20260726_yushin_ito/episodes/87834710/replay/episode_87834710.json,0.7071067811865475,,validated_teacher_index
87835231,0,2,Yushin Ito,54773249,yushin_20260726,zip,C:\Users\shiba\ptcc_pokemon_ai_buttle\data\runs\leaderboard_top50\alakazam\20260726_yushin_ito.zip,20260726_yushin_ito/episodes/87835231/replay/episode_87835231.json,0.7071067811865475,,validated_teacher_index
87835760,1,2,Yushin Ito,54773249,yushin_20260726,zip,C:\Users\shiba\ptcc_pokemon_ai_buttle\data\runs\leaderboard_top50\alakazam\20260726_yushin_ito.zip,20260726_yushin_ito/episodes/87835760/replay/episode_87835760.json,0.7071067811865475,,validated_teacher_index
87836288,1,2,Yushin Ito,54773249,yushin_20260726,zip,C:\Users\shiba\ptcc_pokemon_ai_buttle\data\runs\leaderboard_top50\alakazam\20260726_yushin_ito.zip,20260726_yushin_ito/episodes/87836288/replay/episode_87836288.json,0.7071067811865475,,validated_teacher_index
87836795,1,2,Yushin Ito,54773249,yushin_20260726,zip,C:\Users\shiba\ptcc_pokemon_ai_buttle\data\runs\leaderboard_top50\alakazam\20260726_yushin_ito.zip,20260726_yushin_ito/episodes/87836795/replay/episode_87836795.json,0.7071067811865475,,validated_teacher_index
87836806,1,2,Yushin Ito,54773249,yushin_20260726,zip,C:\Users\shiba\ptcc_pokemon_ai_buttle\data\runs\leaderboard_top50\alakazam\20260726_yushin_ito.zip,20260726_yushin_ito/episodes/87836806/replay/episode_87836806.json,0.7071067811865475,,validated_teacher_index
87837092,0,2,Yushin Ito,54773249,yushin_20260726,zip,C:\Users\shiba\ptcc_pokemon_ai_buttle\data\runs\leaderboard_top50\alakazam\20260726_yushin_ito.zip,20260726_yushin_ito/episodes/87837092/replay/episode_87837092.json,0.7071067811865475,,validated_teacher_index
87837333,0,2,Yushin Ito,54773249,yushin_20260726,zip,C:\Users\shiba\ptcc_pokemon_ai_buttle\data\runs\leaderboard_top50\alakazam\20260726_yushin_ito.zip,20260726_yushin_ito/episodes/87837333/replay/episode_87837333.json,0.7071067811865475,,validated_teacher_index
87837334,0,2,Yushin Ito,54773249,yushin_20260726,zip,C:\Users\shiba\ptcc_pokemon_ai_buttle\data\runs\leaderboard_top50\alakazam\20260726_yushin_ito.zip,20260726_yushin_ito/episodes/87837334/replay/episode_87837334.json,0.7071067811865475,,validated_teacher_index
87837857,1,2,Yushin Ito,54773249,yushin_20260726,zip,C:\Users\shiba\ptcc_pokemon_ai_buttle\data\runs\leaderboard_top50\alakazam\20260726_yushin_ito.zip,20260726_yushin_ito/episodes/87837857/replay/episode_87837857.json,0.7071067811865475,,validated_teacher_index
87837920,1,2,Yushin Ito,54773249,yushin_20260726,zip,C:\Users\shiba\ptcc_pokemon_ai_buttle\data\runs\leaderboard_top50\alakazam\20260726_yushin_ito.zip,20260726_yushin_ito/episodes/87837920/replay/episode_87837920.json,0.7071067811865475,,validated_teacher_index
87838355,0,2,Yushin Ito,54773249,yushin_20260726,zip,C:\Users\shiba\ptcc_pokemon_ai_buttle\data\runs\leaderboard_top50\alakazam\20260726_yushin_ito.zip,20260726_yushin_ito/episodes/87838355/replay/episode_87838355.json,0.7071067811865475,,validated_teacher_index
87838379,0,2,Yushin Ito,54773249,yushin_20260726,zip,C:\Users\shiba\ptcc_pokemon_ai_buttle\data\runs\leaderboard_top50\alakazam\20260726_yushin_ito.zip,20260726_yushin_ito/episodes/87838379/replay/episode_87838379.json,0.7071067811865475,,validated_teacher_index
87838893,1,2,Yushin Ito,54773249,yushin_20260726,zip,C:\Users\shiba\ptcc_pokemon_ai_buttle\data\runs\leaderboard_top50\alakazam\20260726_yushin_ito.zip,20260726_yushin_ito/episodes/87838893/replay/episode_87838893.json,0.7071067811865475,,validated_teacher_index
87838899,1,2,Yushin Ito,54773249,yushin_20260726,zip,C:\Users\shiba\ptcc_pokemon_ai_buttle\data\runs\leaderboard_top50\alakazam\20260726_yushin_ito.zip,20260726_yushin_ito/episodes/87838899/replay/episode_87838899.json,0.7071067811865475,,validated_teacher_index
87839422,1,2,Yushin Ito,54773249,yushin_20260726,zip,C:\Users\shiba\ptcc_pokemon_ai_buttle\data\runs\leaderboard_top50\alakazam\20260726_yushin_ito.zip,20260726_yushin_ito/episodes/87839422/replay/episode_87839422.json,0.7071067811865475,,validated_teacher_index
87839947,0,2,Yushin Ito,54773249,yushin_20260726,zip,C:\Users\shiba\ptcc_pokemon_ai_buttle\data\runs\leaderboard_top50\alakazam\20260726_yushin_ito.zip,20260726_yushin_ito/episodes/87839947/replay/episode_87839947.json,0.7071067811865475,,validated_teacher_index
87840472,0,2,Yushin Ito,54773249,yushin_20260726,zip,C:\Users\shiba\ptcc_pokemon_ai_buttle\data\runs\leaderboard_top50\alakazam\20260726_yushin_ito.zip,20260726_yushin_ito/episodes/87840472/replay/episode_87840472.json,0.7071067811865475,,validated_teacher_index
87841005,0,2,Yushin Ito,54773249,yushin_20260726,zip,C:\Users\shiba\ptcc_pokemon_ai_buttle\data\runs\leaderboard_top50\alakazam\20260726_yushin_ito.zip,20260726_yushin_ito/episodes/87841005/replay/episode_87841005.json,0.7071067811865475,,validated_teacher_index
87841571,1,2,Yushin Ito,54773249,yushin_20260726,zip,C:\Users\shiba\ptcc_pokemon_ai_buttle\data\runs\leaderboard_top50\alakazam\20260726_yushin_ito.zip,20260726_yushin_ito/episodes/87841571/replay/episode_87841571.json,0.7071067811865475,,validated_teacher_index
87842046,0,2,Yushin Ito,54773249,yushin_20260726,zip,C:\Users\shiba\ptcc_pokemon_ai_buttle\data\runs\leaderboard_top50\alakazam\20260726_yushin_ito.zip,20260726_yushin_ito/episodes/87842046/replay/episode_87842046.json,0.7071067811865475,,validated_teacher_index
87842567,0,2,Yushin Ito,54773249,yushin_20260726,zip,C:\Users\shiba\ptcc_pokemon_ai_buttle\data\runs\leaderboard_top50\alakazam\20260726_yushin_ito.zip,20260726_yushin_ito/episodes/87842567/replay/episode_87842567.json,0.7071067811865475,,validated_teacher_index
87843094,1,2,Yushin Ito,54773249,yushin_20260726,zip,C:\Users\shiba\ptcc_pokemon_ai_buttle\data\runs\leaderboard_top50\alakazam\20260726_yushin_ito.zip,20260726_yushin_ito/episodes/87843094/replay/episode_87843094.json,0.7071067811865475,,validated_teacher_index
87843630,1,2,Yushin Ito,54773249,yushin_20260726,zip,C:\Users\shiba\ptcc_pokemon_ai_buttle\data\runs\leaderboard_top50\alakazam\20260726_yushin_ito.zip,20260726_yushin_ito/episodes/87843630/replay/episode_87843630.json,0.7071067811865475,,validated_teacher_index
87844149,1,2,Yushin Ito,54773249,yushin_20260726,zip,C:\Users\shiba\ptcc_pokemon_ai_buttle\data\runs\leaderboard_top50\alakazam\20260726_yushin_ito.zip,20260726_yushin_ito/episodes/87844149/replay/episode_87844149.json,0.7071067811865475,,validated_teacher_index
87844593,0,2,Yushin Ito,54773249,yushin_20260726,zip,C:\Users\shiba\ptcc_pokemon_ai_buttle\data\runs\leaderboard_top50\alakazam\20260726_yushin_ito.zip,20260726_yushin_ito/episodes/87844593/replay/episode_87844593.json,0.7071067811865475,,validated_teacher_index
87845220,1,2,Yushin Ito,54773249,yushin_20260726,zip,C:\Users\shiba\ptcc_pokemon_ai_buttle\data\runs\leaderboard_top50\alakazam\20260726_yushin_ito.zip,20260726_yushin_ito/episodes/87845220/replay/episode_87845220.json,0.7071067811865475,,validated_teacher_index
87845598,1,2,Yushin Ito,54773249,yushin_20260726,zip,C:\Users\shiba\ptcc_pokemon_ai_buttle\data\runs\leaderboard_top50\alakazam\20260726_yushin_ito.zip,20260726_yushin_ito/episodes/87845598/replay/episode_87845598.json,0.7071067811865475,,validated_teacher_index
87845696,0,2,Yushin Ito,54773249,yushin_20260726,zip,C:\Users\shiba\ptcc_pokemon_ai_buttle\data\runs\leaderboard_top50\alakazam\20260726_yushin_ito.zip,20260726_yushin_ito/episodes/87845696/replay/episode_87845696.json,0.7071067811865475,,validated_teacher_index
87845708,0,2,Yushin Ito,54773249,yushin_20260726,zip,C:\Users\shiba\ptcc_pokemon_ai_buttle\data\runs\leaderboard_top50\alakazam\20260726_yushin_ito.zip,20260726_yushin_ito/episodes/87845708/replay/episode_87845708.json,0.7071067811865475,,validated_teacher_index
87845716,1,2,Yushin Ito,54773249,yushin_20260726,zip,C:\Users\shiba\ptcc_pokemon_ai_buttle\data\runs\leaderboard_top50\alakazam\20260726_yushin_ito.zip,20260726_yushin_ito/episodes/87845716/replay/episode_87845716.json,0.7071067811865475,,validated_teacher_index
87846228,0,2,Yushin Ito,54773249,yushin_20260726,zip,C:\Users\shiba\ptcc_pokemon_ai_buttle\data\runs\leaderboard_top50\alakazam\20260726_yushin_ito.zip,20260726_yushin_ito/episodes/87846228/replay/episode_87846228.json,0.7071067811865475,,validated_teacher_index
87846247,0,2,Yushin Ito,54773249,yushin_20260726,zip,C:\Users\shiba\ptcc_pokemon_ai_buttle\data\runs\leaderboard_top50\alakazam\20260726_yushin_ito.zip,20260726_yushin_ito/episodes/87846247/replay/episode_87846247.json,0.7071067811865475,,validated_teacher_index
87846746,1,2,Yushin Ito,54773249,yushin_20260726,zip,C:\Users\shiba\ptcc_pokemon_ai_buttle\data\runs\leaderboard_top50\alakazam\20260726_yushin_ito.zip,20260726_yushin_ito/episodes/87846746/replay/episode_87846746.json,0.7071067811865475,,validated_teacher_index
87846766,0,2,Yushin Ito,54773249,yushin_20260726,zip,C:\Users\shiba\ptcc_pokemon_ai_buttle\data\runs\leaderboard_top50\alakazam\20260726_yushin_ito.zip,20260726_yushin_ito/episodes/87846766/replay/episode_87846766.json,0.7071067811865475,,validated_teacher_index
87847266,1,2,Yushin Ito,54773249,yushin_20260726,zip,C:\Users\shiba\ptcc_pokemon_ai_buttle\data\runs\leaderboard_top50\alakazam\20260726_yushin_ito.zip,20260726_yushin_ito/episodes/87847266/replay/episode_87847266.json,0.7071067811865475,,validated_teacher_index
87847279,0,2,Yushin Ito,54773249,yushin_20260726,zip,C:\Users\shiba\ptcc_pokemon_ai_buttle\data\runs\leaderboard_top50\alakazam\20260726_yushin_ito.zip,20260726_yushin_ito/episodes/87847279/replay/episode_87847279.json,0.7071067811865475,,validated_teacher_index
87847800,0,2,Yushin Ito,54773249,yushin_20260726,zip,C:\Users\shiba\ptcc_pokemon_ai_buttle\data\runs\leaderboard_top50\alakazam\20260726_yushin_ito.zip,20260726_yushin_ito/episodes/87847800/replay/episode_87847800.json,0.7071067811865475,,validated_teacher_index
87848342,0,2,Yushin Ito,54773249,yushin_20260726,zip,C:\Users\shiba\ptcc_pokemon_ai_buttle\data\runs\leaderboard_top50\alakazam\20260726_yushin_ito.zip,20260726_yushin_ito/episodes/87848342/replay/episode_87848342.json,0.7071067811865475,,validated_teacher_index
87848862,1,2,Yushin Ito,54773249,yushin_20260726,zip,C:\Users\shiba\ptcc_pokemon_ai_buttle\data\runs\leaderboard_top50\alakazam\20260726_yushin_ito.zip,20260726_yushin_ito/episodes/87848862/replay/episode_87848862.json,0.7071067811865475,,validated_teacher_index
87849389,1,2,Yushin Ito,54773249,yushin_20260726,zip,C:\Users\shiba\ptcc_pokemon_ai_buttle\data\runs\leaderboard_top50\alakazam\20260726_yushin_ito.zip,20260726_yushin_ito/episodes/87849389/replay/episode_87849389.json,0.7071067811865475,,validated_teacher_index
87849900,0,2,Yushin Ito,54773249,yushin_20260726,zip,C:\Users\shiba\ptcc_pokemon_ai_buttle\data\runs\leaderboard_top50\alakazam\20260726_yushin_ito.zip,20260726_yushin_ito/episodes/87849900/replay/episode_87849900.json,0.7071067811865475,,validated_teacher_index
87849917,0,2,Yushin Ito,54773249,yushin_20260726,zip,C:\Users\shiba\ptcc_pokemon_ai_buttle\data\runs\leaderboard_top50\alakazam\20260726_yushin_ito.zip,20260726_yushin_ito/episodes/87849917/replay/episode_87849917.json,0.7071067811865475,,validated_teacher_index
87850460,0,2,Yushin Ito,54773249,yushin_20260726,zip,C:\Users\shiba\ptcc_pokemon_ai_buttle\data\runs\leaderboard_top50\alakazam\20260726_yushin_ito.zip,20260726_yushin_ito/episodes/87850460/replay/episode_87850460.json,0.7071067811865475,,validated_teacher_index
87850962,0,2,Yushin Ito,54773249,yushin_20260726,zip,C:\Users\shiba\ptcc_pokemon_ai_buttle\data\runs\leaderboard_top50\alakazam\20260726_yushin_ito.zip,20260726_yushin_ito/episodes/87850962/replay/episode_87850962.json,0.7071067811865475,,validated_teacher_index
87851494,0,2,Yushin Ito,54773249,yushin_20260726,zip,C:\Users\shiba\ptcc_pokemon_ai_buttle\data\runs\leaderboard_top50\alakazam\20260726_yushin_ito.zip,20260726_yushin_ito/episodes/87851494/replay/episode_87851494.json,0.7071067811865475,,validated_teacher_index
87852009,1,2,Yushin Ito,54773249,yushin_20260726,zip,C:\Users\shiba\ptcc_pokemon_ai_buttle\data\runs\leaderboard_top50\alakazam\20260726_yushin_ito.zip,20260726_yushin_ito/episodes/87852009/replay/episode_87852009.json,0.7071067811865475,,validated_teacher_index
87852530,0,2,Yushin Ito,54773249,yushin_20260726,zip,C:\Users\shiba\ptcc_pokemon_ai_buttle\data\runs\leaderboard_top50\alakazam\20260726_yushin_ito.zip,20260726_yushin_ito/episodes/87852530/replay/episode_87852530.json,0.7071067811865475,,validated_teacher_index
87852603,0,2,Yushin Ito,54773249,yushin_20260726,zip,C:\Users\shiba\ptcc_pokemon_ai_buttle\data\runs\leaderboard_top50\alakazam\20260726_yushin_ito.zip,20260726_yushin_ito/episodes/87852603/replay/episode_87852603.json,0.7071067811865475,,validated_teacher_index
87853069,1,2,Yushin Ito,54773249,yushin_20260726,zip,C:\Users\shiba\ptcc_pokemon_ai_buttle\data\runs\leaderboard_top50\alakazam\20260726_yushin_ito.zip,20260726_yushin_ito/episodes/87853069/replay/episode_87853069.json,0.7071067811865475,,validated_teacher_index
87853587,0,2,Yushin Ito,54773249,yushin_20260726,zip,C:\Users\shiba\ptcc_pokemon_ai_buttle\data\runs\leaderboard_top50\alakazam\20260726_yushin_ito.zip,20260726_yushin_ito/episodes/87853587/replay/episode_87853587.json,0.7071067811865475,,validated_teacher_index
87853596,1,2,Yushin Ito,54773249,yushin_20260726,zip,C:\Users\shiba\ptcc_pokemon_ai_buttle\data\runs\leaderboard_top50\alakazam\20260726_yushin_ito.zip,20260726_yushin_ito/episodes/87853596/replay/episode_87853596.json,0.7071067811865475,,validated_teacher_index
87854121,1,2,Yushin Ito,54773249,yushin_20260726,zip,C:\Users\shiba\ptcc_pokemon_ai_buttle\data\runs\leaderboard_top50\alakazam\20260726_yushin_ito.zip,20260726_yushin_ito/episodes/87854121/replay/episode_87854121.json,0.7071067811865475,,validated_teacher_index
87854643,1,2,Yushin Ito,54773249,yushin_20260726,zip,C:\Users\shiba\ptcc_pokemon_ai_buttle\data\runs\leaderboard_top50\alakazam\20260726_yushin_ito.zip,20260726_yushin_ito/episodes/87854643/replay/episode_87854643.json,0.7071067811865475,,validated_teacher_index
87855171,1,2,Yushin Ito,54773249,yushin_20260726,zip,C:\Users\shiba\ptcc_pokemon_ai_buttle\data\runs\leaderboard_top50\alakazam\20260726_yushin_ito.zip,20260726_yushin_ito/episodes/87855171/replay/episode_87855171.json,0.7071067811865475,,validated_teacher_index
87855695,0,2,Yushin Ito,54773249,yushin_20260726,zip,C:\Users\shiba\ptcc_pokemon_ai_buttle\data\runs\leaderboard_top50\alakazam\20260726_yushin_ito.zip,20260726_yushin_ito/episodes/87855695/replay/episode_87855695.json,0.7071067811865475,,validated_teacher_index
87856213,1,2,Yushin Ito,54773249,yushin_20260726,zip,C:\Users\shiba\ptcc_pokemon_ai_buttle\data\runs\leaderboard_top50\alakazam\20260726_yushin_ito.zip,20260726_yushin_ito/episodes/87856213/replay/episode_87856213.json,0.7071067811865475,,validated_teacher_index
87856730,0,2,Yushin Ito,54773249,yushin_20260726,zip,C:\Users\shiba\ptcc_pokemon_ai_buttle\data\runs\leaderboard_top50\alakazam\20260726_yushin_ito.zip,20260726_yushin_ito/episodes/87856730/replay/episode_87856730.json,0.7071067811865475,,validated_teacher_index
87857264,1,2,Yushin Ito,54773249,yushin_20260726,zip,C:\Users\shiba\ptcc_pokemon_ai_buttle\data\runs\leaderboard_top50\alakazam\20260726_yushin_ito.zip,20260726_yushin_ito/episodes/87857264/replay/episode_87857264.json,0.7071067811865475,,validated_teacher_index
87857553,0,2,Yushin Ito,54773249,yushin_20260726,zip,C:\Users\shiba\ptcc_pokemon_ai_buttle\data\runs\leaderboard_top50\alakazam\20260726_yushin_ito.zip,20260726_yushin_ito/episodes/87857553/replay/episode_87857553.json,0.7071067811865475,,validated_teacher_index
87857784,0,2,Yushin Ito,54773249,yushin_20260726,zip,C:\Users\shiba\ptcc_pokemon_ai_buttle\data\runs\leaderboard_top50\alakazam\20260726_yushin_ito.zip,20260726_yushin_ito/episodes/87857784/replay/episode_87857784.json,0.7071067811865475,,validated_teacher_index
87858288,1,2,Yushin Ito,54773249,yushin_20260726,zip,C:\Users\shiba\ptcc_pokemon_ai_buttle\data\runs\leaderboard_top50\alakazam\20260726_yushin_ito.zip,20260726_yushin_ito/episodes/87858288/replay/episode_87858288.json,0.7071067811865475,,validated_teacher_index
87858304,1,2,Yushin Ito,54773249,yushin_20260726,zip,C:\Users\shiba\ptcc_pokemon_ai_buttle\data\runs\leaderboard_top50\alakazam\20260726_yushin_ito.zip,20260726_yushin_ito/episodes/87858304/replay/episode_87858304.json,0.7071067811865475,,validated_teacher_index
87858826,0,2,Yushin Ito,54773249,yushin_20260726,zip,C:\Users\shiba\ptcc_pokemon_ai_buttle\data\runs\leaderboard_top50\alakazam\20260726_yushin_ito.zip,20260726_yushin_ito/episodes/87858826/replay/episode_87858826.json,0.7071067811865475,,validated_teacher_index
87859357,1,2,Yushin Ito,54773249,yushin_20260726,zip,C:\Users\shiba\ptcc_pokemon_ai_buttle\data\runs\leaderboard_top50\alakazam\20260726_yushin_ito.zip,20260726_yushin_ito/episodes/87859357/replay/episode_87859357.json,0.7071067811865475,,validated_teacher_index
87859364,0,2,Yushin Ito,54773249,yushin_20260726,zip,C:\Users\shiba\ptcc_pokemon_ai_buttle\data\runs\leaderboard_top50\alakazam\20260726_yushin_ito.zip,20260726_yushin_ito/episodes/87859364/replay/episode_87859364.json,0.7071067811865475,,validated_teacher_index
87859465,0,2,Yushin Ito,54773249,yushin_20260726,zip,C:\Users\shiba\ptcc_pokemon_ai_buttle\data\runs\leaderboard_top50\alakazam\20260726_yushin_ito.zip,20260726_yushin_ito/episodes/87859465/replay/episode_87859465.json,0.7071067811865475,,validated_teacher_index
87859880,0,2,Yushin Ito,54773249,yushin_20260726,zip,C:\Users\shiba\ptcc_pokemon_ai_buttle\data\runs\leaderboard_top50\alakazam\20260726_yushin_ito.zip,20260726_yushin_ito/episodes/87859880/replay/episode_87859880.json,0.7071067811865475,,validated_teacher_index
87859900,0,2,Yushin Ito,54773249,yushin_20260726,zip,C:\Users\shiba\ptcc_pokemon_ai_buttle\data\runs\leaderboard_top50\alakazam\20260726_yushin_ito.zip,20260726_yushin_ito/episodes/87859900/replay/episode_87859900.json,0.7071067811865475,,validated_teacher_index
87860441,0,2,Yushin Ito,54773249,yushin_20260726,zip,C:\Users\shiba\ptcc_pokemon_ai_buttle\data\runs\leaderboard_top50\alakazam\20260726_yushin_ito.zip,20260726_yushin_ito/episodes/87860441/replay/episode_87860441.json,0.7071067811865475,,validated_teacher_index
87860972,1,2,Yushin Ito,54773249,yushin_20260726,zip,C:\Users\shiba\ptcc_pokemon_ai_buttle\data\runs\leaderboard_top50\alakazam\20260726_yushin_ito.zip,20260726_yushin_ito/episodes/87860972/replay/episode_87860972.json,0.7071067811865475,,validated_teacher_index
87861514,1,2,Yushin Ito,54773249,yushin_20260726,zip,C:\Users\shiba\ptcc_pokemon_ai_buttle\data\runs\leaderboard_top50\alakazam\20260726_yushin_ito.zip,20260726_yushin_ito/episodes/87861514/replay/episode_87861514.json,0.7071067811865475,,validated_teacher_index
87862016,0,2,Yushin Ito,54773249,yushin_20260726,zip,C:\Users\shiba\ptcc_pokemon_ai_buttle\data\runs\leaderboard_top50\alakazam\20260726_yushin_ito.zip,20260726_yushin_ito/episodes/87862016/replay/episode_87862016.json,0.7071067811865475,,validated_teacher_index
87862529,0,2,Yushin Ito,54773249,yushin_20260726,zip,C:\Users\shiba\ptcc_pokemon_ai_buttle\data\runs\leaderboard_top50\alakazam\20260726_yushin_ito.zip,20260726_yushin_ito/episodes/87862529/replay/episode_87862529.json,0.7071067811865475,,validated_teacher_index
87863094,0,2,Yushin Ito,54773249,yushin_20260726,zip,C:\Users\shiba\ptcc_pokemon_ai_buttle\data\runs\leaderboard_top50\alakazam\20260726_yushin_ito.zip,20260726_yushin_ito/episodes/87863094/replay/episode_87863094.json,0.7071067811865475,,validated_teacher_index
87863606,0,2,Yushin Ito,54773249,yushin_20260726,zip,C:\Users\shiba\ptcc_pokemon_ai_buttle\data\runs\leaderboard_top50\alakazam\20260726_yushin_ito.zip,20260726_yushin_ito/episodes/87863606/replay/episode_87863606.json,0.7071067811865475,,validated_teacher_index
87864154,0,2,Yushin Ito,54773249,yushin_20260726,zip,C:\Users\shiba\ptcc_pokemon_ai_buttle\data\runs\leaderboard_top50\alakazam\20260726_yushin_ito.zip,20260726_yushin_ito/episodes/87864154/replay/episode_87864154.json,0.7071067811865475,,validated_teacher_index
87864738,0,2,Yushin Ito,54773249,yushin_20260726,zip,C:\Users\shiba\ptcc_pokemon_ai_buttle\data\runs\leaderboard_top50\alakazam\20260726_yushin_ito.zip,20260726_yushin_ito/episodes/87864738/replay/episode_87864738.json,0.7071067811865475,,validated_teacher_index
87865131,0,2,Yushin Ito,54773249,yushin_20260726,zip,C:\Users\shiba\ptcc_pokemon_ai_buttle\data\runs\leaderboard_top50\alakazam\20260726_yushin_ito.zip,20260726_yushin_ito/episodes/87865131/replay/episode_87865131.json,0.7071067811865475,,validated_teacher_index
87867110,0,2,Yushin Ito,54773249,yushin_20260726,zip,C:\Users\shiba\ptcc_pokemon_ai_buttle\data\runs\leaderboard_top50\alakazam\20260726_yushin_ito.zip,20260726_yushin_ito/episodes/87867110/replay/episode_87867110.json,0.7071067811865475,,validated_teacher_index
87867267,0,2,Yushin Ito,54773249,yushin_20260726,zip,C:\Users\shiba\ptcc_pokemon_ai_buttle\data\runs\leaderboard_top50\alakazam\20260726_yushin_ito.zip,20260726_yushin_ito/episodes/87867267/replay/episode_87867267.json,0.7071067811865475,,validated_teacher_index
87868329,0,2,Yushin Ito,54773249,yushin_20260726,zip,C:\Users\shiba\ptcc_pokemon_ai_buttle\data\runs\leaderboard_top50\alakazam\20260726_yushin_ito.zip,20260726_yushin_ito/episodes/87868329/replay/episode_87868329.json,0.7071067811865475,,validated_teacher_index
87874188,1,2,Yushin Ito,54773249,yushin_20260726,zip,C:\Users\shiba\ptcc_pokemon_ai_buttle\data\runs\leaderboard_top50\alakazam\20260726_yushin_ito.zip,20260726_yushin_ito/episodes/87874188/replay/episode_87874188.json,0.7071067811865475,,validated_teacher_index
87876221,1,2,Yushin Ito,54773249,yushin_20260726,zip,C:\Users\shiba\ptcc_pokemon_ai_buttle\data\runs\leaderboard_top50\alakazam\20260726_yushin_ito.zip,20260726_yushin_ito/episodes/87876221/replay/episode_87876221.json,0.7071067811865475,,validated_teacher_index
87876588,1,2,Yushin Ito,54773249,yushin_20260726,zip,C:\Users\shiba\ptcc_pokemon_ai_buttle\data\runs\leaderboard_top50\alakazam\20260726_yushin_ito.zip,20260726_yushin_ito/episodes/87876588/replay/episode_87876588.json,0.7071067811865475,,validated_teacher_index
87885324,0,2,Yushin Ito,54773249,yushin_20260726,zip,C:\Users\shiba\ptcc_pokemon_ai_buttle\data\runs\leaderboard_top50\alakazam\20260726_yushin_ito.zip,20260726_yushin_ito/episodes/87885324/replay/episode_87885324.json,0.7071067811865475,,validated_teacher_index
87889688,1,2,Yushin Ito,54773249,yushin_20260726,zip,C:\Users\shiba\ptcc_pokemon_ai_buttle\data\runs\leaderboard_top50\alakazam\20260726_yushin_ito.zip,20260726_yushin_ito/episodes/87889688/replay/episode_87889688.json,0.7071067811865475,,validated_teacher_index
87891988,1,2,Yushin Ito,54773249,yushin_20260726,zip,C:\Users\shiba\ptcc_pokemon_ai_buttle\data\runs\leaderboard_top50\alakazam\20260726_yushin_ito.zip,20260726_yushin_ito/episodes/87891988/replay/episode_87891988.json,0.7071067811865475,,validated_teacher_index
87893202,0,2,Yushin Ito,54773249,yushin_20260726,zip,C:\Users\shiba\ptcc_pokemon_ai_buttle\data\runs\leaderboard_top50\alakazam\20260726_yushin_ito.zip,20260726_yushin_ito/episodes/87893202/replay/episode_87893202.json,0.7071067811865475,,validated_teacher_index
87893263,0,2,Yushin Ito,54773249,yushin_20260726,zip,C:\Users\shiba\ptcc_pokemon_ai_buttle\data\runs\leaderboard_top50\alakazam\20260726_yushin_ito.zip,20260726_yushin_ito/episodes/87893263/replay/episode_87893263.json,0.7071067811865475,,validated_teacher_index
87894392,1,2,Yushin Ito,54773249,yushin_20260726,zip,C:\Users\shiba\ptcc_pokemon_ai_buttle\data\runs\leaderboard_top50\alakazam\20260726_yushin_ito.zip,20260726_yushin_ito/episodes/87894392/replay/episode_87894392.json,0.7071067811865475,,validated_teacher_index
87894890,1,2,Yushin Ito,54773249,yushin_20260726,zip,C:\Users\shiba\ptcc_pokemon_ai_buttle\data\runs\leaderboard_top50\alakazam\20260726_yushin_ito.zip,20260726_yushin_ito/episodes/87894890/replay/episode_87894890.json,0.7071067811865475,,validated_teacher_index
87894915,0,2,Yushin Ito,54773249,yushin_20260726,zip,C:\Users\shiba\ptcc_pokemon_ai_buttle\data\runs\leaderboard_top50\alakazam\20260726_yushin_ito.zip,20260726_yushin_ito/episodes/87894915/replay/episode_87894915.json,0.7071067811865475,,validated_teacher_index
87896077,0,2,Yushin Ito,54773249,yushin_20260726,zip,C:\Users\shiba\ptcc_pokemon_ai_buttle\data\runs\leaderboard_top50\alakazam\20260726_yushin_ito.zip,20260726_yushin_ito/episodes/87896077/replay/episode_87896077.json,0.7071067811865475,,validated_teacher_index
87896098,0,2,Yushin Ito,54773249,yushin_20260726,zip,C:\Users\shiba\ptcc_pokemon_ai_buttle\data\runs\leaderboard_top50\alakazam\20260726_yushin_ito.zip,20260726_yushin_ito/episodes/87896098/replay/episode_87896098.json,0.7071067811865475,,validated_teacher_index
87896631,0,2,Yushin Ito,54773249,yushin_20260726,zip,C:\Users\shiba\ptcc_pokemon_ai_buttle\data\runs\leaderboard_top50\alakazam\20260726_yushin_ito.zip,20260726_yushin_ito/episodes/87896631/replay/episode_87896631.json,0.7071067811865475,,validated_teacher_index
87897800,1,2,Yushin Ito,54773249,yushin_20260726,zip,C:\Users\shiba\ptcc_pokemon_ai_buttle\data\runs\leaderboard_top50\alakazam\20260726_yushin_ito.zip,20260726_yushin_ito/episodes/87897800/replay/episode_87897800.json,0.7071067811865475,,validated_teacher_index
87898300,0,2,Yushin Ito,54773249,yushin_20260726,zip,C:\Users\shiba\ptcc_pokemon_ai_buttle\data\runs\leaderboard_top50\alakazam\20260726_yushin_ito.zip,20260726_yushin_ito/episodes/87898300/replay/episode_87898300.json,0.7071067811865475,,validated_teacher_index
87898821,0,2,Yushin Ito,54773249,yushin_20260726,zip,C:\Users\shiba\ptcc_pokemon_ai_buttle\data\runs\leaderboard_top50\alakazam\20260726_yushin_ito.zip,20260726_yushin_ito/episodes/87898821/replay/episode_87898821.json,0.7071067811865475,,validated_teacher_index
87898848,1,2,Yushin Ito,54773249,yushin_20260726,zip,C:\Users\shiba\ptcc_pokemon_ai_buttle\data\runs\leaderboard_top50\alakazam\20260726_yushin_ito.zip,20260726_yushin_ito/episodes/87898848/replay/episode_87898848.json,0.7071067811865475,,validated_teacher_index
87899387,0,2,Yushin Ito,54773249,yushin_20260726,zip,C:\Users\shiba\ptcc_pokemon_ai_buttle\data\runs\leaderboard_top50\alakazam\20260726_yushin_ito.zip,20260726_yushin_ito/episodes/87899387/replay/episode_87899387.json,0.7071067811865475,,validated_teacher_index
87899510,1,2,Yushin Ito,54773249,yushin_20260726,zip,C:\Users\shiba\ptcc_pokemon_ai_buttle\data\runs\leaderboard_top50\alakazam\20260726_yushin_ito.zip,20260726_yushin_ito/episodes/87899510/replay/episode_87899510.json,0.7071067811865475,,validated_teacher_index
87899971,1,2,Yushin Ito,54773249,yushin_20260726,zip,C:\Users\shiba\ptcc_pokemon_ai_buttle\data\runs\leaderboard_top50\alakazam\20260726_yushin_ito.zip,20260726_yushin_ito/episodes/87899971/replay/episode_87899971.json,0.7071067811865475,,validated_teacher_index
87900520,1,2,Yushin Ito,54773249,yushin_20260726,zip,C:\Users\shiba\ptcc_pokemon_ai_buttle\data\runs\leaderboard_top50\alakazam\20260726_yushin_ito.zip,20260726_yushin_ito/episodes/87900520/replay/episode_87900520.json,0.7071067811865475,,validated_teacher_index
87900535,1,2,Yushin Ito,54773249,yushin_20260726,zip,C:\Users\shiba\ptcc_pokemon_ai_buttle\data\runs\leaderboard_top50\alakazam\20260726_yushin_ito.zip,20260726_yushin_ito/episodes/87900535/replay/episode_87900535.json,0.7071067811865475,,validated_teacher_index
87901090,1,2,Yushin Ito,54773249,yushin_20260726,zip,C:\Users\shiba\ptcc_pokemon_ai_buttle\data\runs\leaderboard_top50\alakazam\20260726_yushin_ito.zip,20260726_yushin_ito/episodes/87901090/replay/episode_87901090.json,0.7071067811865475,,validated_teacher_index
87901108,1,2,Yushin Ito,54773249,yushin_20260726,zip,C:\Users\shiba\ptcc_pokemon_ai_buttle\data\runs\leaderboard_top50\alakazam\20260726_yushin_ito.zip,20260726_yushin_ito/episodes/87901108/replay/episode_87901108.json,0.7071067811865475,,validated_teacher_index
87901671,0,2,Yushin Ito,54773249,yushin_20260726,zip,C:\Users\shiba\ptcc_pokemon_ai_buttle\data\runs\leaderboard_top50\alakazam\20260726_yushin_ito.zip,20260726_yushin_ito/episodes/87901671/replay/episode_87901671.json,0.7071067811865475,,validated_teacher_index
87902267,1,2,Yushin Ito,54773249,yushin_20260726,zip,C:\Users\shiba\ptcc_pokemon_ai_buttle\data\runs\leaderboard_top50\alakazam\20260726_yushin_ito.zip,20260726_yushin_ito/episodes/87902267/replay/episode_87902267.json,0.7071067811865475,,validated_teacher_index
87902278,0,2,Yushin Ito,54773249,yushin_20260726,zip,C:\Users\shiba\ptcc_pokemon_ai_buttle\data\runs\leaderboard_top50\alakazam\20260726_yushin_ito.zip,20260726_yushin_ito/episodes/87902278/replay/episode_87902278.json,0.7071067811865475,,validated_teacher_index
87902842,0,2,Yushin Ito,54773249,yushin_20260726,zip,C:\Users\shiba\ptcc_pokemon_ai_buttle\data\runs\leaderboard_top50\alakazam\20260726_yushin_ito.zip,20260726_yushin_ito/episodes/87902842/replay/episode_87902842.json,0.7071067811865475,,validated_teacher_index
87903409,1,2,Yushin Ito,54773249,yushin_20260726,zip,C:\Users\shiba\ptcc_pokemon_ai_buttle\data\runs\leaderboard_top50\alakazam\20260726_yushin_ito.zip,20260726_yushin_ito/episodes/87903409/replay/episode_87903409.json,0.7071067811865475,,validated_teacher_index
87904022,0,2,Yushin Ito,54773249,yushin_20260726,zip,C:\Users\shiba\ptcc_pokemon_ai_buttle\data\runs\leaderboard_top50\alakazam\20260726_yushin_ito.zip,20260726_yushin_ito/episodes/87904022/replay/episode_87904022.json,0.7071067811865475,,validated_teacher_index
87904033,0,2,Yushin Ito,54773249,yushin_20260726,zip,C:\Users\shiba\ptcc_pokemon_ai_buttle\data\runs\leaderboard_top50\alakazam\20260726_yushin_ito.zip,20260726_yushin_ito/episodes/87904033/replay/episode_87904033.json,0.7071067811865475,,validated_teacher_index
87904135,1,2,Yushin Ito,54773249,yushin_20260726,zip,C:\Users\shiba\ptcc_pokemon_ai_buttle\data\runs\leaderboard_top50\alakazam\20260726_yushin_ito.zip,20260726_yushin_ito/episodes/87904135/replay/episode_87904135.json,0.7071067811865475,,validated_teacher_index
87904597,1,2,Yushin Ito,54773249,yushin_20260726,zip,C:\Users\shiba\ptcc_pokemon_ai_buttle\data\runs\leaderboard_top50\alakazam\20260726_yushin_ito.zip,20260726_yushin_ito/episodes/87904597/replay/episode_87904597.json,0.7071067811865475,,validated_teacher_index
87905167,1,2,Yushin Ito,54773249,yushin_20260726,zip,C:\Users\shiba\ptcc_pokemon_ai_buttle\data\runs\leaderboard_top50\alakazam\20260726_yushin_ito.zip,20260726_yushin_ito/episodes/87905167/replay/episode_87905167.json,0.7071067811865475,,validated_teacher_index
87905178,1,2,Yushin Ito,54773249,yushin_20260726,zip,C:\Users\shiba\ptcc_pokemon_ai_buttle\data\runs\leaderboard_top50\alakazam\20260726_yushin_ito.zip,20260726_yushin_ito/episodes/87905178/replay/episode_87905178.json,0.7071067811865475,,validated_teacher_index
87905773,0,2,Yushin Ito,54773249,yushin_20260726,zip,C:\Users\shiba\ptcc_pokemon_ai_buttle\data\runs\leaderboard_top50\alakazam\20260726_yushin_ito.zip,20260726_yushin_ito/episodes/87905773/replay/episode_87905773.json,0.7071067811865475,,validated_teacher_index
87906342,0,2,Yushin Ito,54773249,yushin_20260726,zip,C:\Users\shiba\ptcc_pokemon_ai_buttle\data\runs\leaderboard_top50\alakazam\20260726_yushin_ito.zip,20260726_yushin_ito/episodes/87906342/replay/episode_87906342.json,0.7071067811865475,,validated_teacher_index
87906932,1,2,Yushin Ito,54773249,yushin_20260726,zip,C:\Users\shiba\ptcc_pokemon_ai_buttle\data\runs\leaderboard_top50\alakazam\20260726_yushin_ito.zip,20260726_yushin_ito/episodes/87906932/replay/episode_87906932.json,0.7071067811865475,,validated_teacher_index
87907530,0,2,Yushin Ito,54773249,yushin_20260726,zip,C:\Users\shiba\ptcc_pokemon_ai_buttle\data\runs\leaderboard_top50\alakazam\20260726_yushin_ito.zip,20260726_yushin_ito/episodes/87907530/replay/episode_87907530.json,0.7071067811865475,,validated_teacher_index
87908114,1,2,Yushin Ito,54773249,yushin_20260726,zip,C:\Users\shiba\ptcc_pokemon_ai_buttle\data\runs\leaderboard_top50\alakazam\20260726_yushin_ito.zip,20260726_yushin_ito/episodes/87908114/replay/episode_87908114.json,0.7071067811865475,,validated_teacher_index
87908721,0,2,Yushin Ito,54773249,yushin_20260726,zip,C:\Users\shiba\ptcc_pokemon_ai_buttle\data\runs\leaderboard_top50\alakazam\20260726_yushin_ito.zip,20260726_yushin_ito/episodes/87908721/replay/episode_87908721.json,0.7071067811865475,,validated_teacher_index
87909329,1,2,Yushin Ito,54773249,yushin_20260726,zip,C:\Users\shiba\ptcc_pokemon_ai_buttle\data\runs\leaderboard_top50\alakazam\20260726_yushin_ito.zip,20260726_yushin_ito/episodes/87909329/replay/episode_87909329.json,0.7071067811865475,,validated_teacher_index
87909972,0,2,Yushin Ito,54773249,yushin_20260726,zip,C:\Users\shiba\ptcc_pokemon_ai_buttle\data\runs\leaderboard_top50\alakazam\20260726_yushin_ito.zip,20260726_yushin_ito/episodes/87909972/replay/episode_87909972.json,0.7071067811865475,,validated_teacher_index
87910556,1,2,Yushin Ito,54773249,yushin_20260726,zip,C:\Users\shiba\ptcc_pokemon_ai_buttle\data\runs\leaderboard_top50\alakazam\20260726_yushin_ito.zip,20260726_yushin_ito/episodes/87910556/replay/episode_87910556.json,0.7071067811865475,,validated_teacher_index
87910561,1,2,Yushin Ito,54773249,yushin_20260726,zip,C:\Users\shiba\ptcc_pokemon_ai_buttle\data\runs\leaderboard_top50\alakazam\20260726_yushin_ito.zip,20260726_yushin_ito/episodes/87910561/replay/episode_87910561.json,0.7071067811865475,,validated_teacher_index
87910597,1,2,Yushin Ito,54773249,yushin_20260726,zip,C:\Users\shiba\ptcc_pokemon_ai_buttle\data\runs\leaderboard_top50\alakazam\20260726_yushin_ito.zip,20260726_yushin_ito/episodes/87910597/replay/episode_87910597.json,0.7071067811865475,,validated_teacher_index
87911161,1,2,Yushin Ito,54773249,yushin_20260726,zip,C:\Users\shiba\ptcc_pokemon_ai_buttle\data\runs\leaderboard_top50\alakazam\20260726_yushin_ito.zip,20260726_yushin_ito/episodes/87911161/replay/episode_87911161.json,0.7071067811865475,,validated_teacher_index
87911751,1,2,Yushin Ito,54773249,yushin_20260726,zip,C:\Users\shiba\ptcc_pokemon_ai_buttle\data\runs\leaderboard_top50\alakazam\20260726_yushin_ito.zip,20260726_yushin_ito/episodes/87911751/replay/episode_87911751.json,0.7071067811865475,,validated_teacher_index
87912343,1,2,Yushin Ito,54773249,yushin_20260726,zip,C:\Users\shiba\ptcc_pokemon_ai_buttle\data\runs\leaderboard_top50\alakazam\20260726_yushin_ito.zip,20260726_yushin_ito/episodes/87912343/replay/episode_87912343.json,0.7071067811865475,,validated_teacher_index
87912951,1,2,Yushin Ito,54773249,yushin_20260726,zip,C:\Users\shiba\ptcc_pokemon_ai_buttle\data\runs\leaderboard_top50\alakazam\20260726_yushin_ito.zip,20260726_yushin_ito/episodes/87912951/replay/episode_87912951.json,0.7071067811865475,,validated_teacher_index
87913554,0,2,Yushin Ito,54773249,yushin_20260726,zip,C:\Users\shiba\ptcc_pokemon_ai_buttle\data\runs\leaderboard_top50\alakazam\20260726_yushin_ito.zip,20260726_yushin_ito/episodes/87913554/replay/episode_87913554.json,0.7071067811865475,,validated_teacher_index
87914203,0,2,Yushin Ito,54773249,yushin_20260726,zip,C:\Users\shiba\ptcc_pokemon_ai_buttle\data\runs\leaderboard_top50\alakazam\20260726_yushin_ito.zip,20260726_yushin_ito/episodes/87914203/replay/episode_87914203.json,0.7071067811865475,,validated_teacher_index
87914886,0,2,Yushin Ito,54773249,yushin_20260726,zip,C:\Users\shiba\ptcc_pokemon_ai_buttle\data\runs\leaderboard_top50\alakazam\20260726_yushin_ito.zip,20260726_yushin_ito/episodes/87914886/replay/episode_87914886.json,0.7071067811865475,,validated_teacher_index
87914904,1,2,Yushin Ito,54773249,yushin_20260726,zip,C:\Users\shiba\ptcc_pokemon_ai_buttle\data\runs\leaderboard_top50\alakazam\20260726_yushin_ito.zip,20260726_yushin_ito/episodes/87914904/replay/episode_87914904.json,0.7071067811865475,,validated_teacher_index
87915581,1,2,Yushin Ito,54773249,yushin_20260726,zip,C:\Users\shiba\ptcc_pokemon_ai_buttle\data\runs\leaderboard_top50\alakazam\20260726_yushin_ito.zip,20260726_yushin_ito/episodes/87915581/replay/episode_87915581.json,0.7071067811865475,,validated_teacher_index
87915609,1,2,Yushin Ito,54773249,yushin_20260726,zip,C:\Users\shiba\ptcc_pokemon_ai_buttle\data\runs\leaderboard_top50\alakazam\20260726_yushin_ito.zip,20260726_yushin_ito/episodes/87915609/replay/episode_87915609.json,0.7071067811865475,,validated_teacher_index
87915677,1,2,Yushin Ito,54773249,yushin_20260726,zip,C:\Users\shiba\ptcc_pokemon_ai_buttle\data\runs\leaderboard_top50\alakazam\20260726_yushin_ito.zip,20260726_yushin_ito/episodes/87915677/replay/episode_87915677.json,0.7071067811865475,,validated_teacher_index
87916360,0,2,Yushin Ito,54773249,yushin_20260726,zip,C:\Users\shiba\ptcc_pokemon_ai_buttle\data\runs\leaderboard_top50\alakazam\20260726_yushin_ito.zip,20260726_yushin_ito/episodes/87916360/replay/episode_87916360.json,0.7071067811865475,,validated_teacher_index
87916370,0,2,Yushin Ito,54773249,yushin_20260726,zip,C:\Users\shiba\ptcc_pokemon_ai_buttle\data\runs\leaderboard_top50\alakazam\20260726_yushin_ito.zip,20260726_yushin_ito/episodes/87916370/replay/episode_87916370.json,0.7071067811865475,,validated_teacher_index
87916374,0,2,Yushin Ito,54773249,yushin_20260726,zip,C:\Users\shiba\ptcc_pokemon_ai_buttle\data\runs\leaderboard_top50\alakazam\20260726_yushin_ito.zip,20260726_yushin_ito/episodes/87916374/replay/episode_87916374.json,0.7071067811865475,,validated_teacher_index
87917107,1,2,Yushin Ito,54773249,yushin_20260726,zip,C:\Users\shiba\ptcc_pokemon_ai_buttle\data\runs\leaderboard_top50\alakazam\20260726_yushin_ito.zip,20260726_yushin_ito/episodes/87917107/replay/episode_87917107.json,0.7071067811865475,,validated_teacher_index
87917108,0,2,Yushin Ito,54773249,yushin_20260726,zip,C:\Users\shiba\ptcc_pokemon_ai_buttle\data\runs\leaderboard_top50\alakazam\20260726_yushin_ito.zip,20260726_yushin_ito/episodes/87917108/replay/episode_87917108.json,0.7071067811865475,,validated_teacher_index
87917816,0,2,Yushin Ito,54773249,yushin_20260726,zip,C:\Users\shiba\ptcc_pokemon_ai_buttle\data\runs\leaderboard_top50\alakazam\20260726_yushin_ito.zip,20260726_yushin_ito/episodes/87917816/replay/episode_87917816.json,0.7071067811865475,,validated_teacher_index
87918611,0,2,Yushin Ito,54773249,yushin_20260726,zip,C:\Users\shiba\ptcc_pokemon_ai_buttle\data\runs\leaderboard_top50\alakazam\20260726_yushin_ito.zip,20260726_yushin_ito/episodes/87918611/replay/episode_87918611.json,0.7071067811865475,,validated_teacher_index
87918614,1,2,Yushin Ito,54773249,yushin_20260726,zip,C:\Users\shiba\ptcc_pokemon_ai_buttle\data\runs\leaderboard_top50\alakazam\20260726_yushin_ito.zip,20260726_yushin_ito/episodes/87918614/replay/episode_87918614.json,0.7071067811865475,,validated_teacher_index
87919335,1,2,Yushin Ito,54773249,yushin_20260726,zip,C:\Users\shiba\ptcc_pokemon_ai_buttle\data\runs\leaderboard_top50\alakazam\20260726_yushin_ito.zip,20260726_yushin_ito/episodes/87919335/replay/episode_87919335.json,0.7071067811865475,,validated_teacher_index
87920103,1,2,Yushin Ito,54773249,yushin_20260726,zip,C:\Users\shiba\ptcc_pokemon_ai_buttle\data\runs\leaderboard_top50\alakazam\20260726_yushin_ito.zip,20260726_yushin_ito/episodes/87920103/replay/episode_87920103.json,0.7071067811865475,,validated_teacher_index
87920793,0,2,Yushin Ito,54773249,yushin_20260726,zip,C:\Users\shiba\ptcc_pokemon_ai_buttle\data\runs\leaderboard_top50\alakazam\20260726_yushin_ito.zip,20260726_yushin_ito/episodes/87920793/replay/episode_87920793.json,0.7071067811865475,,validated_teacher_index
87920818,1,2,Yushin Ito,54773249,yushin_20260726,zip,C:\Users\shiba\ptcc_pokemon_ai_buttle\data\runs\leaderboard_top50\alakazam\20260726_yushin_ito.zip,20260726_yushin_ito/episodes/87920818/replay/episode_87920818.json,0.7071067811865475,,validated_teacher_index
87921507,1,2,Yushin Ito,54773249,yushin_20260726,zip,C:\Users\shiba\ptcc_pokemon_ai_buttle\data\runs\leaderboard_top50\alakazam\20260726_yushin_ito.zip,20260726_yushin_ito/episodes/87921507/replay/episode_87921507.json,0.7071067811865475,,validated_teacher_index
87921573,0,2,Yushin Ito,54773249,yushin_20260726,zip,C:\Users\shiba\ptcc_pokemon_ai_buttle\data\runs\leaderboard_top50\alakazam\20260726_yushin_ito.zip,20260726_yushin_ito/episodes/87921573/replay/episode_87921573.json,0.7071067811865475,,validated_teacher_index
87922215,1,2,Yushin Ito,54773249,yushin_20260726,zip,C:\Users\shiba\ptcc_pokemon_ai_buttle\data\runs\leaderboard_top50\alakazam\20260726_yushin_ito.zip,20260726_yushin_ito/episodes/87922215/replay/episode_87922215.json,0.7071067811865475,,validated_teacher_index
87922226,0,2,Yushin Ito,54773249,yushin_20260726,zip,C:\Users\shiba\ptcc_pokemon_ai_buttle\data\runs\leaderboard_top50\alakazam\20260726_yushin_ito.zip,20260726_yushin_ito/episodes/87922226/replay/episode_87922226.json,0.7071067811865475,,validated_teacher_index
87922230,1,2,Yushin Ito,54773249,yushin_20260726,zip,C:\Users\shiba\ptcc_pokemon_ai_buttle\data\runs\leaderboard_top50\alakazam\20260726_yushin_ito.zip,20260726_yushin_ito/episodes/87922230/replay/episode_87922230.json,0.7071067811865475,,validated_teacher_index
87922251,0,2,Yushin Ito,54773249,yushin_20260726,zip,C:\Users\shiba\ptcc_pokemon_ai_buttle\data\runs\leaderboard_top50\alakazam\20260726_yushin_ito.zip,20260726_yushin_ito/episodes/87922251/replay/episode_87922251.json,0.7071067811865475,,validated_teacher_index
87922922,0,2,Yushin Ito,54773249,yushin_20260726,zip,C:\Users\shiba\ptcc_pokemon_ai_buttle\data\runs\leaderboard_top50\alakazam\20260726_yushin_ito.zip,20260726_yushin_ito/episodes/87922922/replay/episode_87922922.json,0.7071067811865475,,validated_teacher_index
87922949,1,2,Yushin Ito,54773249,yushin_20260726,zip,C:\Users\shiba\ptcc_pokemon_ai_buttle\data\runs\leaderboard_top50\alakazam\20260726_yushin_ito.zip,20260726_yushin_ito/episodes/87922949/replay/episode_87922949.json,0.7071067811865475,,validated_teacher_index
87923617,0,2,Yushin Ito,54773249,yushin_20260726,zip,C:\Users\shiba\ptcc_pokemon_ai_buttle\data\runs\leaderboard_top50\alakazam\20260726_yushin_ito.zip,20260726_yushin_ito/episodes/87923617/replay/episode_87923617.json,0.7071067811865475,,validated_teacher_index
87924263,1,2,Yushin Ito,54773249,yushin_20260726,zip,C:\Users\shiba\ptcc_pokemon_ai_buttle\data\runs\leaderboard_top50\alakazam\20260726_yushin_ito.zip,20260726_yushin_ito/episodes/87924263/replay/episode_87924263.json,0.7071067811865475,,validated_teacher_index
87924272,1,2,Yushin Ito,54773249,yushin_20260726,zip,C:\Users\shiba\ptcc_pokemon_ai_buttle\data\runs\leaderboard_top50\alakazam\20260726_yushin_ito.zip,20260726_yushin_ito/episodes/87924272/replay/episode_87924272.json,0.7071067811865475,,validated_teacher_index
87924275,0,2,Yushin Ito,54773249,yushin_20260726,zip,C:\Users\shiba\ptcc_pokemon_ai_buttle\data\runs\leaderboard_top50\alakazam\20260726_yushin_ito.zip,20260726_yushin_ito/episodes/87924275/replay/episode_87924275.json,0.7071067811865475,,validated_teacher_index
87924528,0,2,Yushin Ito,54773249,yushin_20260726,zip,C:\Users\shiba\ptcc_pokemon_ai_buttle\data\runs\leaderboard_top50\alakazam\20260726_yushin_ito.zip,20260726_yushin_ito/episodes/87924528/replay/episode_87924528.json,0.7071067811865475,,validated_teacher_index
87924942,0,2,Yushin Ito,54773249,yushin_20260726,zip,C:\Users\shiba\ptcc_pokemon_ai_buttle\data\runs\leaderboard_top50\alakazam\20260726_yushin_ito.zip,20260726_yushin_ito/episodes/87924942/replay/episode_87924942.json,0.7071067811865475,,validated_teacher_index
87925561,1,2,Yushin Ito,54773249,yushin_20260726,zip,C:\Users\shiba\ptcc_pokemon_ai_buttle\data\runs\leaderboard_top50\alakazam\20260726_yushin_ito.zip,20260726_yushin_ito/episodes/87925561/replay/episode_87925561.json,0.7071067811865475,,validated_teacher_index
87926190,1,2,Yushin Ito,54773249,yushin_20260726,zip,C:\Users\shiba\ptcc_pokemon_ai_buttle\data\runs\leaderboard_top50\alakazam\20260726_yushin_ito.zip,20260726_yushin_ito/episodes/87926190/replay/episode_87926190.json,0.7071067811865475,,validated_teacher_index
87926198,0,2,Yushin Ito,54773249,yushin_20260726,zip,C:\Users\shiba\ptcc_pokemon_ai_buttle\data\runs\leaderboard_top50\alakazam\20260726_yushin_ito.zip,20260726_yushin_ito/episodes/87926198/replay/episode_87926198.json,0.7071067811865475,,validated_teacher_index
87926798,1,2,Yushin Ito,54773249,yushin_20260726,zip,C:\Users\shiba\ptcc_pokemon_ai_buttle\data\runs\leaderboard_top50\alakazam\20260726_yushin_ito.zip,20260726_yushin_ito/episodes/87926798/replay/episode_87926798.json,0.7071067811865475,,validated_teacher_index
87927375,0,2,Yushin Ito,54773249,yushin_20260726,zip,C:\Users\shiba\ptcc_pokemon_ai_buttle\data\runs\leaderboard_top50\alakazam\20260726_yushin_ito.zip,20260726_yushin_ito/episodes/87927375/replay/episode_87927375.json,0.7071067811865475,,validated_teacher_index
87927981,1,2,Yushin Ito,54773249,yushin_20260726,zip,C:\Users\shiba\ptcc_pokemon_ai_buttle\data\runs\leaderboard_top50\alakazam\20260726_yushin_ito.zip,20260726_yushin_ito/episodes/87927981/replay/episode_87927981.json,0.7071067811865475,,validated_teacher_index
87928599,0,2,Yushin Ito,54773249,yushin_20260726,zip,C:\Users\shiba\ptcc_pokemon_ai_buttle\data\runs\leaderboard_top50\alakazam\20260726_yushin_ito.zip,20260726_yushin_ito/episodes/87928599/replay/episode_87928599.json,0.7071067811865475,,validated_teacher_index
87928607,1,2,Yushin Ito,54773249,yushin_20260726,zip,C:\Users\shiba\ptcc_pokemon_ai_buttle\data\runs\leaderboard_top50\alakazam\20260726_yushin_ito.zip,20260726_yushin_ito/episodes/87928607/replay/episode_87928607.json,0.7071067811865475,,validated_teacher_index
87929212,0,2,Yushin Ito,54773249,yushin_20260726,zip,C:\Users\shiba\ptcc_pokemon_ai_buttle\data\runs\leaderboard_top50\alakazam\20260726_yushin_ito.zip,20260726_yushin_ito/episodes/87929212/replay/episode_87929212.json,0.7071067811865475,,validated_teacher_index
87929250,1,2,Yushin Ito,54773249,yushin_20260726,zip,C:\Users\shiba\ptcc_pokemon_ai_buttle\data\runs\leaderboard_top50\alakazam\20260726_yushin_ito.zip,20260726_yushin_ito/episodes/87929250/replay/episode_87929250.json,0.7071067811865475,,validated_teacher_index
87929822,0,2,Yushin Ito,54773249,yushin_20260726,zip,C:\Users\shiba\ptcc_pokemon_ai_buttle\data\runs\leaderboard_top50\alakazam\20260726_yushin_ito.zip,20260726_yushin_ito/episodes/87929822/replay/episode_87929822.json,0.7071067811865475,,validated_teacher_index
87930401,0,2,Yushin Ito,54773249,yushin_20260726,zip,C:\Users\shiba\ptcc_pokemon_ai_buttle\data\runs\leaderboard_top50\alakazam\20260726_yushin_ito.zip,20260726_yushin_ito/episodes/87930401/replay/episode_87930401.json,0.7071067811865475,,validated_teacher_index
87930412,0,2,Yushin Ito,54773249,yushin_20260726,zip,C:\Users\shiba\ptcc_pokemon_ai_buttle\data\runs\leaderboard_top50\alakazam\20260726_yushin_ito.zip,20260726_yushin_ito/episodes/87930412/replay/episode_87930412.json,0.7071067811865475,,validated_teacher_index
87930991,0,2,Yushin Ito,54773249,yushin_20260726,zip,C:\Users\shiba\ptcc_pokemon_ai_buttle\data\runs\leaderboard_top50\alakazam\20260726_yushin_ito.zip,20260726_yushin_ito/episodes/87930991/replay/episode_87930991.json,0.7071067811865475,,validated_teacher_index
87930997,0,2,Yushin Ito,54773249,yushin_20260726,zip,C:\Users\shiba\ptcc_pokemon_ai_buttle\data\runs\leaderboard_top50\alakazam\20260726_yushin_ito.zip,20260726_yushin_ito/episodes/87930997/replay/episode_87930997.json,0.7071067811865475,,validated_teacher_index
87931569,0,2,Yushin Ito,54773249,yushin_20260726,zip,C:\Users\shiba\ptcc_pokemon_ai_buttle\data\runs\leaderboard_top50\alakazam\20260726_yushin_ito.zip,20260726_yushin_ito/episodes/87931569/replay/episode_87931569.json,0.7071067811865475,,validated_teacher_index
87932247,0,2,Yushin Ito,54773249,yushin_20260726,zip,C:\Users\shiba\ptcc_pokemon_ai_buttle\data\runs\leaderboard_top50\alakazam\20260726_yushin_ito.zip,20260726_yushin_ito/episodes/87932247/replay/episode_87932247.json,0.7071067811865475,,validated_teacher_index
87932938,1,2,Yushin Ito,54773249,yushin_20260726,zip,C:\Users\shiba\ptcc_pokemon_ai_buttle\data\runs\leaderboard_top50\alakazam\20260726_yushin_ito.zip,20260726_yushin_ito/episodes/87932938/replay/episode_87932938.json,0.7071067811865475,,validated_teacher_index
87932941,0,2,Yushin Ito,54773249,yushin_20260726,zip,C:\Users\shiba\ptcc_pokemon_ai_buttle\data\runs\leaderboard_top50\alakazam\20260726_yushin_ito.zip,20260726_yushin_ito/episodes/87932941/replay/episode_87932941.json,0.7071067811865475,,validated_teacher_index
87932942,1,2,Yushin Ito,54773249,yushin_20260726,zip,C:\Users\shiba\ptcc_pokemon_ai_buttle\data\runs\leaderboard_top50\alakazam\20260726_yushin_ito.zip,20260726_yushin_ito/episodes/87932942/replay/episode_87932942.json,0.7071067811865475,,validated_teacher_index
87933625,1,2,Yushin Ito,54773249,yushin_20260726,zip,C:\Users\shiba\ptcc_pokemon_ai_buttle\data\runs\leaderboard_top50\alakazam\20260726_yushin_ito.zip,20260726_yushin_ito/episodes/87933625/replay/episode_87933625.json,0.7071067811865475,,validated_teacher_index
87933673,0,2,Yushin Ito,54773249,yushin_20260726,zip,C:\Users\shiba\ptcc_pokemon_ai_buttle\data\runs\leaderboard_top50\alakazam\20260726_yushin_ito.zip,20260726_yushin_ito/episodes/87933673/replay/episode_87933673.json,0.7071067811865475,,validated_teacher_index
87934286,1,2,Yushin Ito,54773249,yushin_20260726,zip,C:\Users\shiba\ptcc_pokemon_ai_buttle\data\runs\leaderboard_top50\alakazam\20260726_yushin_ito.zip,20260726_yushin_ito/episodes/87934286/replay/episode_87934286.json,0.7071067811865475,,validated_teacher_index
87934874,0,2,Yushin Ito,54773249,yushin_20260726,zip,C:\Users\shiba\ptcc_pokemon_ai_buttle\data\runs\leaderboard_top50\alakazam\20260726_yushin_ito.zip,20260726_yushin_ito/episodes/87934874/replay/episode_87934874.json,0.7071067811865475,,validated_teacher_index
87935512,0,2,Yushin Ito,54773249,yushin_20260726,zip,C:\Users\shiba\ptcc_pokemon_ai_buttle\data\runs\leaderboard_top50\alakazam\20260726_yushin_ito.zip,20260726_yushin_ito/episodes/87935512/replay/episode_87935512.json,0.7071067811865475,,validated_teacher_index
87936097,1,2,Yushin Ito,54773249,yushin_20260726,zip,C:\Users\shiba\ptcc_pokemon_ai_buttle\data\runs\leaderboard_top50\alakazam\20260726_yushin_ito.zip,20260726_yushin_ito/episodes/87936097/replay/episode_87936097.json,0.7071067811865475,,validated_teacher_index
87936699,0,2,Yushin Ito,54773249,yushin_20260726,zip,C:\Users\shiba\ptcc_pokemon_ai_buttle\data\runs\leaderboard_top50\alakazam\20260726_yushin_ito.zip,20260726_yushin_ito/episodes/87936699/replay/episode_87936699.json,0.7071067811865475,,validated_teacher_index
87936704,1,2,Yushin Ito,54773249,yushin_20260726,zip,C:\Users\shiba\ptcc_pokemon_ai_buttle\data\runs\leaderboard_top50\alakazam\20260726_yushin_ito.zip,20260726_yushin_ito/episodes/87936704/replay/episode_87936704.json,0.7071067811865475,,validated_teacher_index
87936722,1,2,Yushin Ito,54773249,yushin_20260726,zip,C:\Users\shiba\ptcc_pokemon_ai_buttle\data\runs\leaderboard_top50\alakazam\20260726_yushin_ito.zip,20260726_yushin_ito/episodes/87936722/replay/episode_87936722.json,0.7071067811865475,,validated_teacher_index
87937321,1,2,Yushin Ito,54773249,yushin_20260726,zip,C:\Users\shiba\ptcc_pokemon_ai_buttle\data\runs\leaderboard_top50\alakazam\20260726_yushin_ito.zip,20260726_yushin_ito/episodes/87937321/replay/episode_87937321.json,0.7071067811865475,,validated_teacher_index
87937954,1,2,Yushin Ito,54773249,yushin_20260726,zip,C:\Users\shiba\ptcc_pokemon_ai_buttle\data\runs\leaderboard_top50\alakazam\20260726_yushin_ito.zip,20260726_yushin_ito/episodes/87937954/replay/episode_87937954.json,0.7071067811865475,,validated_teacher_index
87937962,1,2,Yushin Ito,54773249,yushin_20260726,zip,C:\Users\shiba\ptcc_pokemon_ai_buttle\data\runs\leaderboard_top50\alakazam\20260726_yushin_ito.zip,20260726_yushin_ito/episodes/87937962/replay/episode_87937962.json,0.7071067811865475,,validated_teacher_index
87938540,0,2,Yushin Ito,54773249,yushin_20260726,zip,C:\Users\shiba\ptcc_pokemon_ai_buttle\data\runs\leaderboard_top50\alakazam\20260726_yushin_ito.zip,20260726_yushin_ito/episodes/87938540/replay/episode_87938540.json,0.7071067811865475,,validated_teacher_index
87938560,0,2,Yushin Ito,54773249,yushin_20260726,zip,C:\Users\shiba\ptcc_pokemon_ai_buttle\data\runs\leaderboard_top50\alakazam\20260726_yushin_ito.zip,20260726_yushin_ito/episodes/87938560/replay/episode_87938560.json,0.7071067811865475,,validated_teacher_index
87939121,0,2,Yushin Ito,54773249,yushin_20260726,zip,C:\Users\shiba\ptcc_pokemon_ai_buttle\data\runs\leaderboard_top50\alakazam\20260726_yushin_ito.zip,20260726_yushin_ito/episodes/87939121/replay/episode_87939121.json,0.7071067811865475,,validated_teacher_index
87939686,0,2,Yushin Ito,54773249,yushin_20260726,zip,C:\Users\shiba\ptcc_pokemon_ai_buttle\data\runs\leaderboard_top50\alakazam\20260726_yushin_ito.zip,20260726_yushin_ito/episodes/87939686/replay/episode_87939686.json,0.7071067811865475,,validated_teacher_index
87939696,1,2,Yushin Ito,54773249,yushin_20260726,zip,C:\Users\shiba\ptcc_pokemon_ai_buttle\data\runs\leaderboard_top50\alakazam\20260726_yushin_ito.zip,20260726_yushin_ito/episodes/87939696/replay/episode_87939696.json,0.7071067811865475,,validated_teacher_index
87940335,0,2,Yushin Ito,54773249,yushin_20260726,zip,C:\Users\shiba\ptcc_pokemon_ai_buttle\data\runs\leaderboard_top50\alakazam\20260726_yushin_ito.zip,20260726_yushin_ito/episodes/87940335/replay/episode_87940335.json,0.7071067811865475,,validated_teacher_index
87940906,0,2,Yushin Ito,54773249,yushin_20260726,zip,C:\Users\shiba\ptcc_pokemon_ai_buttle\data\runs\leaderboard_top50\alakazam\20260726_yushin_ito.zip,20260726_yushin_ito/episodes/87940906/replay/episode_87940906.json,0.7071067811865475,,validated_teacher_index
87940947,0,2,Yushin Ito,54773249,yushin_20260726,zip,C:\Users\shiba\ptcc_pokemon_ai_buttle\data\runs\leaderboard_top50\alakazam\20260726_yushin_ito.zip,20260726_yushin_ito/episodes/87940947/replay/episode_87940947.json,0.7071067811865475,,validated_teacher_index
87941474,0,2,Yushin Ito,54773249,yushin_20260726,zip,C:\Users\shiba\ptcc_pokemon_ai_buttle\data\runs\leaderboard_top50\alakazam\20260726_yushin_ito.zip,20260726_yushin_ito/episodes/87941474/replay/episode_87941474.json,0.7071067811865475,,validated_teacher_index
87942024,1,2,Yushin Ito,54773249,yushin_20260726,zip,C:\Users\shiba\ptcc_pokemon_ai_buttle\data\runs\leaderboard_top50\alakazam\20260726_yushin_ito.zip,20260726_yushin_ito/episodes/87942024/replay/episode_87942024.json,0.7071067811865475,,validated_teacher_index
87942580,0,2,Yushin Ito,54773249,yushin_20260726,zip,C:\Users\shiba\ptcc_pokemon_ai_buttle\data\runs\leaderboard_top50\alakazam\20260726_yushin_ito.zip,20260726_yushin_ito/episodes/87942580/replay/episode_87942580.json,0.7071067811865475,,validated_teacher_index
87942586,1,2,Yushin Ito,54773249,yushin_20260726,zip,C:\Users\shiba\ptcc_pokemon_ai_buttle\data\runs\leaderboard_top50\alakazam\20260726_yushin_ito.zip,20260726_yushin_ito/episodes/87942586/replay/episode_87942586.json,0.7071067811865475,,validated_teacher_index
87943123,1,2,Yushin Ito,54773249,yushin_20260726,zip,C:\Users\shiba\ptcc_pokemon_ai_buttle\data\runs\leaderboard_top50\alakazam\20260726_yushin_ito.zip,20260726_yushin_ito/episodes/87943123/replay/episode_87943123.json,0.7071067811865475,,validated_teacher_index
87943770,0,2,Yushin Ito,54773249,yushin_20260726,zip,C:\Users\shiba\ptcc_pokemon_ai_buttle\data\runs\leaderboard_top50\alakazam\20260726_yushin_ito.zip,20260726_yushin_ito/episodes/87943770/replay/episode_87943770.json,0.7071067811865475,,validated_teacher_index
87944451,1,2,Yushin Ito,54773249,yushin_20260726,zip,C:\Users\shiba\ptcc_pokemon_ai_buttle\data\runs\leaderboard_top50\alakazam\20260726_yushin_ito.zip,20260726_yushin_ito/episodes/87944451/replay/episode_87944451.json,0.7071067811865475,,validated_teacher_index
87945155,1,2,Yushin Ito,54773249,yushin_20260726,zip,C:\Users\shiba\ptcc_pokemon_ai_buttle\data\runs\leaderboard_top50\alakazam\20260726_yushin_ito.zip,20260726_yushin_ito/episodes/87945155/replay/episode_87945155.json,0.7071067811865475,,validated_teacher_index
87945717,0,2,Yushin Ito,54773249,yushin_20260726,zip,C:\Users\shiba\ptcc_pokemon_ai_buttle\data\runs\leaderboard_top50\alakazam\20260726_yushin_ito.zip,20260726_yushin_ito/episodes/87945717/replay/episode_87945717.json,0.7071067811865475,,validated_teacher_index
87947141,0,2,Yushin Ito,54773249,yushin_20260726,zip,C:\Users\shiba\ptcc_pokemon_ai_buttle\data\runs\leaderboard_top50\alakazam\20260726_yushin_ito.zip,20260726_yushin_ito/episodes/87947141/replay/episode_87947141.json,0.7071067811865475,,validated_teacher_index
87947174,1,2,Yushin Ito,54773249,yushin_20260726,zip,C:\Users\shiba\ptcc_pokemon_ai_buttle\data\runs\leaderboard_top50\alakazam\20260726_yushin_ito.zip,20260726_yushin_ito/episodes/87947174/replay/episode_87947174.json,0.7071067811865475,,validated_teacher_index
87947679,1,2,Yushin Ito,54773249,yushin_20260726,zip,C:\Users\shiba\ptcc_pokemon_ai_buttle\data\runs\leaderboard_top50\alakazam\20260726_yushin_ito.zip,20260726_yushin_ito/episodes/87947679/replay/episode_87947679.json,0.7071067811865475,,validated_teacher_index
87947692,1,2,Yushin Ito,54773249,yushin_20260726,zip,C:\Users\shiba\ptcc_pokemon_ai_buttle\data\runs\leaderboard_top50\alakazam\20260726_yushin_ito.zip,20260726_yushin_ito/episodes/87947692/replay/episode_87947692.json,0.7071067811865475,,validated_teacher_index
87948201,0,2,Yushin Ito,54773249,yushin_20260726,zip,C:\Users\shiba\ptcc_pokemon_ai_buttle\data\runs\leaderboard_top50\alakazam\20260726_yushin_ito.zip,20260726_yushin_ito/episodes/87948201/replay/episode_87948201.json,0.7071067811865475,,validated_teacher_index
87948738,0,2,Yushin Ito,54773249,yushin_20260726,zip,C:\Users\shiba\ptcc_pokemon_ai_buttle\data\runs\leaderboard_top50\alakazam\20260726_yushin_ito.zip,20260726_yushin_ito/episodes/87948738/replay/episode_87948738.json,0.7071067811865475,,validated_teacher_index
87949274,1,2,Yushin Ito,54773249,yushin_20260726,zip,C:\Users\shiba\ptcc_pokemon_ai_buttle\data\runs\leaderboard_top50\alakazam\20260726_yushin_ito.zip,20260726_yushin_ito/episodes/87949274/replay/episode_87949274.json,0.7071067811865475,,validated_teacher_index
87949282,1,2,Yushin Ito,54773249,yushin_20260726,zip,C:\Users\shiba\ptcc_pokemon_ai_buttle\data\runs\leaderboard_top50\alakazam\20260726_yushin_ito.zip,20260726_yushin_ito/episodes/87949282/replay/episode_87949282.json,0.7071067811865475,,validated_teacher_index
87949284,0,2,Yushin Ito,54773249,yushin_20260726,zip,C:\Users\shiba\ptcc_pokemon_ai_buttle\data\runs\leaderboard_top50\alakazam\20260726_yushin_ito.zip,20260726_yushin_ito/episodes/87949284/replay/episode_87949284.json,0.7071067811865475,,validated_teacher_index
87949848,1,2,Yushin Ito,54773249,yushin_20260726,zip,C:\Users\shiba\ptcc_pokemon_ai_buttle\data\runs\leaderboard_top50\alakazam\20260726_yushin_ito.zip,20260726_yushin_ito/episodes/87949848/replay/episode_87949848.json,0.7071067811865475,,validated_teacher_index
87949857,0,2,Yushin Ito,54773249,yushin_20260726,zip,C:\Users\shiba\ptcc_pokemon_ai_buttle\data\runs\leaderboard_top50\alakazam\20260726_yushin_ito.zip,20260726_yushin_ito/episodes/87949857/replay/episode_87949857.json,0.7071067811865475,,validated_teacher_index
87950382,0,2,Yushin Ito,54773249,yushin_20260726,zip,C:\Users\shiba\ptcc_pokemon_ai_buttle\data\runs\leaderboard_top50\alakazam\20260726_yushin_ito.zip,20260726_yushin_ito/episodes/87950382/replay/episode_87950382.json,0.7071067811865475,,validated_teacher_index
87950384,1,2,Yushin Ito,54773249,yushin_20260726,zip,C:\Users\shiba\ptcc_pokemon_ai_buttle\data\runs\leaderboard_top50\alakazam\20260726_yushin_ito.zip,20260726_yushin_ito/episodes/87950384/replay/episode_87950384.json,0.7071067811865475,,validated_teacher_index
87950974,1,2,Yushin Ito,54773249,yushin_20260726,zip,C:\Users\shiba\ptcc_pokemon_ai_buttle\data\runs\leaderboard_top50\alakazam\20260726_yushin_ito.zip,20260726_yushin_ito/episodes/87950974/replay/episode_87950974.json,0.7071067811865475,,validated_teacher_index
87951503,1,2,Yushin Ito,54773249,yushin_20260726,zip,C:\Users\shiba\ptcc_pokemon_ai_buttle\data\runs\leaderboard_top50\alakazam\20260726_yushin_ito.zip,20260726_yushin_ito/episodes/87951503/replay/episode_87951503.json,0.7071067811865475,,validated_teacher_index
87952096,1,2,Yushin Ito,54773249,yushin_20260726,zip,C:\Users\shiba\ptcc_pokemon_ai_buttle\data\runs\leaderboard_top50\alakazam\20260726_yushin_ito.zip,20260726_yushin_ito/episodes/87952096/replay/episode_87952096.json,0.7071067811865475,,validated_teacher_index
87952635,0,2,Yushin Ito,54773249,yushin_20260726,zip,C:\Users\shiba\ptcc_pokemon_ai_buttle\data\runs\leaderboard_top50\alakazam\20260726_yushin_ito.zip,20260726_yushin_ito/episodes/87952635/replay/episode_87952635.json,0.7071067811865475,,validated_teacher_index
87953198,0,2,Yushin Ito,54773249,yushin_20260726,zip,C:\Users\shiba\ptcc_pokemon_ai_buttle\data\runs\leaderboard_top50\alakazam\20260726_yushin_ito.zip,20260726_yushin_ito/episodes/87953198/replay/episode_87953198.json,0.7071067811865475,,validated_teacher_index
87953733,0,2,Yushin Ito,54773249,yushin_20260726,zip,C:\Users\shiba\ptcc_pokemon_ai_buttle\data\runs\leaderboard_top50\alakazam\20260726_yushin_ito.zip,20260726_yushin_ito/episodes/87953733/replay/episode_87953733.json,0.7071067811865475,,validated_teacher_index
87953734,1,2,Yushin Ito,54773249,yushin_20260726,zip,C:\Users\shiba\ptcc_pokemon_ai_buttle\data\runs\leaderboard_top50\alakazam\20260726_yushin_ito.zip,20260726_yushin_ito/episodes/87953734/replay/episode_87953734.json,0.7071067811865475,,validated_teacher_index
87954254,1,2,Yushin Ito,54773249,yushin_20260726,zip,C:\Users\shiba\ptcc_pokemon_ai_buttle\data\runs\leaderboard_top50\alakazam\20260726_yushin_ito.zip,20260726_yushin_ito/episodes/87954254/replay/episode_87954254.json,0.7071067811865475,,validated_teacher_index
87954769,0,2,Yushin Ito,54773249,yushin_20260726,zip,C:\Users\shiba\ptcc_pokemon_ai_buttle\data\runs\leaderboard_top50\alakazam\20260726_yushin_ito.zip,20260726_yushin_ito/episodes/87954769/replay/episode_87954769.json,0.7071067811865475,,validated_teacher_index
87954787,0,2,Yushin Ito,54773249,yushin_20260726,zip,C:\Users\shiba\ptcc_pokemon_ai_buttle\data\runs\leaderboard_top50\alakazam\20260726_yushin_ito.zip,20260726_yushin_ito/episodes/87954787/replay/episode_87954787.json,0.7071067811865475,,validated_teacher_index
87955396,0,2,Yushin Ito,54773249,yushin_20260726,zip,C:\Users\shiba\ptcc_pokemon_ai_buttle\data\runs\leaderboard_top50\alakazam\20260726_yushin_ito.zip,20260726_yushin_ito/episodes/87955396/replay/episode_87955396.json,0.7071067811865475,,validated_teacher_index
87956044,0,2,Yushin Ito,54773249,yushin_20260726,zip,C:\Users\shiba\ptcc_pokemon_ai_buttle\data\runs\leaderboard_top50\alakazam\20260726_yushin_ito.zip,20260726_yushin_ito/episodes/87956044/replay/episode_87956044.json,0.7071067811865475,,validated_teacher_index
87956641,1,2,Yushin Ito,54773249,yushin_20260726,zip,C:\Users\shiba\ptcc_pokemon_ai_buttle\data\runs\leaderboard_top50\alakazam\20260726_yushin_ito.zip,20260726_yushin_ito/episodes/87956641/replay/episode_87956641.json,0.7071067811865475,,validated_teacher_index
87957231,0,2,Yushin Ito,54773249,yushin_20260726,zip,C:\Users\shiba\ptcc_pokemon_ai_buttle\data\runs\leaderboard_top50\alakazam\20260726_yushin_ito.zip,20260726_yushin_ito/episodes/87957231/replay/episode_87957231.json,0.7071067811865475,,validated_teacher_index
87957246,0,2,Yushin Ito,54773249,yushin_20260726,zip,C:\Users\shiba\ptcc_pokemon_ai_buttle\data\runs\leaderboard_top50\alakazam\20260726_yushin_ito.zip,20260726_yushin_ito/episodes/87957246/replay/episode_87957246.json,0.7071067811865475,,validated_teacher_index
87957921,1,2,Yushin Ito,54773249,yushin_20260726,zip,C:\Users\shiba\ptcc_pokemon_ai_buttle\data\runs\leaderboard_top50\alakazam\20260726_yushin_ito.zip,20260726_yushin_ito/episodes/87957921/replay/episode_87957921.json,0.7071067811865475,,validated_teacher_index
87958461,0,2,Yushin Ito,54773249,yushin_20260726,zip,C:\Users\shiba\ptcc_pokemon_ai_buttle\data\runs\leaderboard_top50\alakazam\20260726_yushin_ito.zip,20260726_yushin_ito/episodes/87958461/replay/episode_87958461.json,0.7071067811865475,,validated_teacher_index
87958462,1,2,Yushin Ito,54773249,yushin_20260726,zip,C:\Users\shiba\ptcc_pokemon_ai_buttle\data\runs\leaderboard_top50\alakazam\20260726_yushin_ito.zip,20260726_yushin_ito/episodes/87958462/replay/episode_87958462.json,0.7071067811865475,,validated_teacher_index
87958980,0,2,Yushin Ito,54773249,yushin_20260726,zip,C:\Users\shiba\ptcc_pokemon_ai_buttle\data\runs\leaderboard_top50\alakazam\20260726_yushin_ito.zip,20260726_yushin_ito/episodes/87958980/replay/episode_87958980.json,0.7071067811865475,,validated_teacher_index
87959006,1,2,Yushin Ito,54773249,yushin_20260726,zip,C:\Users\shiba\ptcc_pokemon_ai_buttle\data\runs\leaderboard_top50\alakazam\20260726_yushin_ito.zip,20260726_yushin_ito/episodes/87959006/replay/episode_87959006.json,0.7071067811865475,,validated_teacher_index
87959295,0,2,Yushin Ito,54773249,yushin_20260726,zip,C:\Users\shiba\ptcc_pokemon_ai_buttle\data\runs\leaderboard_top50\alakazam\20260726_yushin_ito.zip,20260726_yushin_ito/episodes/87959295/replay/episode_87959295.json,0.7071067811865475,,validated_teacher_index
87959527,1,2,Yushin Ito,54773249,yushin_20260726,zip,C:\Users\shiba\ptcc_pokemon_ai_buttle\data\runs\leaderboard_top50\alakazam\20260726_yushin_ito.zip,20260726_yushin_ito/episodes/87959527/replay/episode_87959527.json,0.7071067811865475,,validated_teacher_index
87960062,0,2,Yushin Ito,54773249,yushin_20260726,zip,C:\Users\shiba\ptcc_pokemon_ai_buttle\data\runs\leaderboard_top50\alakazam\20260726_yushin_ito.zip,20260726_yushin_ito/episodes/87960062/replay/episode_87960062.json,0.7071067811865475,,validated_teacher_index
87960601,0,2,Yushin Ito,54773249,yushin_20260726,zip,C:\Users\shiba\ptcc_pokemon_ai_buttle\data\runs\leaderboard_top50\alakazam\20260726_yushin_ito.zip,20260726_yushin_ito/episodes/87960601/replay/episode_87960601.json,0.7071067811865475,,validated_teacher_index
87961136,0,2,Yushin Ito,54773249,yushin_20260726,zip,C:\Users\shiba\ptcc_pokemon_ai_buttle\data\runs\leaderboard_top50\alakazam\20260726_yushin_ito.zip,20260726_yushin_ito/episodes/87961136/replay/episode_87961136.json,0.7071067811865475,,validated_teacher_index
87961693,0,2,Yushin Ito,54773249,yushin_20260726,zip,C:\Users\shiba\ptcc_pokemon_ai_buttle\data\runs\leaderboard_top50\alakazam\20260726_yushin_ito.zip,20260726_yushin_ito/episodes/87961693/replay/episode_87961693.json,0.7071067811865475,,validated_teacher_index
87962231,1,2,Yushin Ito,54773249,yushin_20260726,zip,C:\Users\shiba\ptcc_pokemon_ai_buttle\data\runs\leaderboard_top50\alakazam\20260726_yushin_ito.zip,20260726_yushin_ito/episodes/87962231/replay/episode_87962231.json,0.7071067811865475,,validated_teacher_index
87962250,0,2,Yushin Ito,54773249,yushin_20260726,zip,C:\Users\shiba\ptcc_pokemon_ai_buttle\data\runs\leaderboard_top50\alakazam\20260726_yushin_ito.zip,20260726_yushin_ito/episodes/87962250/replay/episode_87962250.json,0.7071067811865475,,validated_teacher_index
87962768,0,2,Yushin Ito,54773249,yushin_20260726,zip,C:\Users\shiba\ptcc_pokemon_ai_buttle\data\runs\leaderboard_top50\alakazam\20260726_yushin_ito.zip,20260726_yushin_ito/episodes/87962768/replay/episode_87962768.json,0.7071067811865475,,validated_teacher_index
87963302,0,2,Yushin Ito,54773249,yushin_20260726,zip,C:\Users\shiba\ptcc_pokemon_ai_buttle\data\runs\leaderboard_top50\alakazam\20260726_yushin_ito.zip,20260726_yushin_ito/episodes/87963302/replay/episode_87963302.json,0.7071067811865475,,validated_teacher_index
87963845,1,2,Yushin Ito,54773249,yushin_20260726,zip,C:\Users\shiba\ptcc_pokemon_ai_buttle\data\runs\leaderboard_top50\alakazam\20260726_yushin_ito.zip,20260726_yushin_ito/episodes/87963845/replay/episode_87963845.json,0.7071067811865475,,validated_teacher_index
87964389,0,2,Yushin Ito,54773249,yushin_20260726,zip,C:\Users\shiba\ptcc_pokemon_ai_buttle\data\runs\leaderboard_top50\alakazam\20260726_yushin_ito.zip,20260726_yushin_ito/episodes/87964389/replay/episode_87964389.json,0.7071067811865475,,validated_teacher_index
87964911,1,2,Yushin Ito,54773249,yushin_20260726,zip,C:\Users\shiba\ptcc_pokemon_ai_buttle\data\runs\leaderboard_top50\alakazam\20260726_yushin_ito.zip,20260726_yushin_ito/episodes/87964911/replay/episode_87964911.json,0.7071067811865475,,validated_teacher_index
87964921,1,2,Yushin Ito,54773249,yushin_20260726,zip,C:\Users\shiba\ptcc_pokemon_ai_buttle\data\runs\leaderboard_top50\alakazam\20260726_yushin_ito.zip,20260726_yushin_ito/episodes/87964921/replay/episode_87964921.json,0.7071067811865475,,validated_teacher_index
87965458,1,2,Yushin Ito,54773249,yushin_20260726,zip,C:\Users\shiba\ptcc_pokemon_ai_buttle\data\runs\leaderboard_top50\alakazam\20260726_yushin_ito.zip,20260726_yushin_ito/episodes/87965458/replay/episode_87965458.json,0.7071067811865475,,validated_teacher_index
87966007,1,2,Yushin Ito,54773249,yushin_20260726,zip,C:\Users\shiba\ptcc_pokemon_ai_buttle\data\runs\leaderboard_top50\alakazam\20260726_yushin_ito.zip,20260726_yushin_ito/episodes/87966007/replay/episode_87966007.json,0.7071067811865475,,validated_teacher_index
87966542,1,2,Yushin Ito,54773249,yushin_20260726,zip,C:\Users\shiba\ptcc_pokemon_ai_buttle\data\runs\leaderboard_top50\alakazam\20260726_yushin_ito.zip,20260726_yushin_ito/episodes/87966542/replay/episode_87966542.json,0.7071067811865475,,validated_teacher_index
87967083,1,2,Yushin Ito,54773249,yushin_20260726,zip,C:\Users\shiba\ptcc_pokemon_ai_buttle\data\runs\leaderboard_top50\alakazam\20260726_yushin_ito.zip,20260726_yushin_ito/episodes/87967083/replay/episode_87967083.json,0.7071067811865475,,validated_teacher_index
87967092,1,2,Yushin Ito,54773249,yushin_20260726,zip,C:\Users\shiba\ptcc_pokemon_ai_buttle\data\runs\leaderboard_top50\alakazam\20260726_yushin_ito.zip,20260726_yushin_ito/episodes/87967092/replay/episode_87967092.json,0.7071067811865475,,validated_teacher_index
87967626,0,2,Yushin Ito,54773249,yushin_20260726,zip,C:\Users\shiba\ptcc_pokemon_ai_buttle\data\runs\leaderboard_top50\alakazam\20260726_yushin_ito.zip,20260726_yushin_ito/episodes/87967626/replay/episode_87967626.json,0.7071067811865475,,validated_teacher_index
87968162,0,2,Yushin Ito,54773249,yushin_20260726,zip,C:\Users\shiba\ptcc_pokemon_ai_buttle\data\runs\leaderboard_top50\alakazam\20260726_yushin_ito.zip,20260726_yushin_ito/episodes/87968162/replay/episode_87968162.json,0.7071067811865475,,validated_teacher_index
87968169,0,2,Yushin Ito,54773249,yushin_20260726,zip,C:\Users\shiba\ptcc_pokemon_ai_buttle\data\runs\leaderboard_top50\alakazam\20260726_yushin_ito.zip,20260726_yushin_ito/episodes/87968169/replay/episode_87968169.json,0.7071067811865475,,validated_teacher_index
87968635,0,2,Yushin Ito,54773249,yushin_20260726,zip,C:\Users\shiba\ptcc_pokemon_ai_buttle\data\runs\leaderboard_top50\alakazam\20260726_yushin_ito.zip,20260726_yushin_ito/episodes/87968635/replay/episode_87968635.json,0.7071067811865475,,validated_teacher_index
87969145,1,2,Yushin Ito,54773249,yushin_20260726,zip,C:\Users\shiba\ptcc_pokemon_ai_buttle\data\runs\leaderboard_top50\alakazam\20260726_yushin_ito.zip,20260726_yushin_ito/episodes/87969145/replay/episode_87969145.json,0.7071067811865475,,validated_teacher_index
87969681,0,2,Yushin Ito,54773249,yushin_20260726,zip,C:\Users\shiba\ptcc_pokemon_ai_buttle\data\runs\leaderboard_top50\alakazam\20260726_yushin_ito.zip,20260726_yushin_ito/episodes/87969681/replay/episode_87969681.json,0.7071067811865475,,validated_teacher_index
87969686,1,2,Yushin Ito,54773249,yushin_20260726,zip,C:\Users\shiba\ptcc_pokemon_ai_buttle\data\runs\leaderboard_top50\alakazam\20260726_yushin_ito.zip,20260726_yushin_ito/episodes/87969686/replay/episode_87969686.json,0.7071067811865475,,validated_teacher_index
87970221,1,2,Yushin Ito,54773249,yushin_20260726,zip,C:\Users\shiba\ptcc_pokemon_ai_buttle\data\runs\leaderboard_top50\alakazam\20260726_yushin_ito.zip,20260726_yushin_ito/episodes/87970221/replay/episode_87970221.json,0.7071067811865475,,validated_teacher_index
87970231,1,2,Yushin Ito,54773249,yushin_20260726,zip,C:\Users\shiba\ptcc_pokemon_ai_buttle\data\runs\leaderboard_top50\alakazam\20260726_yushin_ito.zip,20260726_yushin_ito/episodes/87970231/replay/episode_87970231.json,0.7071067811865475,,validated_teacher_index
87970773,0,2,Yushin Ito,54773249,yushin_20260726,zip,C:\Users\shiba\ptcc_pokemon_ai_buttle\data\runs\leaderboard_top50\alakazam\20260726_yushin_ito.zip,20260726_yushin_ito/episodes/87970773/replay/episode_87970773.json,0.7071067811865475,,validated_teacher_index
87970780,0,2,Yushin Ito,54773249,yushin_20260726,zip,C:\Users\shiba\ptcc_pokemon_ai_buttle\data\runs\leaderboard_top50\alakazam\20260726_yushin_ito.zip,20260726_yushin_ito/episodes/87970780/replay/episode_87970780.json,0.7071067811865475,,validated_teacher_index
87971301,1,2,Yushin Ito,54773249,yushin_20260726,zip,C:\Users\shiba\ptcc_pokemon_ai_buttle\data\runs\leaderboard_top50\alakazam\20260726_yushin_ito.zip,20260726_yushin_ito/episodes/87971301/replay/episode_87971301.json,0.7071067811865475,,validated_teacher_index
87971821,1,2,Yushin Ito,54773249,yushin_20260726,zip,C:\Users\shiba\ptcc_pokemon_ai_buttle\data\runs\leaderboard_top50\alakazam\20260726_yushin_ito.zip,20260726_yushin_ito/episodes/87971821/replay/episode_87971821.json,0.7071067811865475,,validated_teacher_index
87972374,1,2,Yushin Ito,54773249,yushin_20260726,zip,C:\Users\shiba\ptcc_pokemon_ai_buttle\data\runs\leaderboard_top50\alakazam\20260726_yushin_ito.zip,20260726_yushin_ito/episodes/87972374/replay/episode_87972374.json,0.7071067811865475,,validated_teacher_index
87972903,0,2,Yushin Ito,54773249,yushin_20260726,zip,C:\Users\shiba\ptcc_pokemon_ai_buttle\data\runs\leaderboard_top50\alakazam\20260726_yushin_ito.zip,20260726_yushin_ito/episodes/87972903/replay/episode_87972903.json,0.7071067811865475,,validated_teacher_index
87972914,1,2,Yushin Ito,54773249,yushin_20260726,zip,C:\Users\shiba\ptcc_pokemon_ai_buttle\data\runs\leaderboard_top50\alakazam\20260726_yushin_ito.zip,20260726_yushin_ito/episodes/87972914/replay/episode_87972914.json,0.7071067811865475,,validated_teacher_index
87973440,1,2,Yushin Ito,54773249,yushin_20260726,zip,C:\Users\shiba\ptcc_pokemon_ai_buttle\data\runs\leaderboard_top50\alakazam\20260726_yushin_ito.zip,20260726_yushin_ito/episodes/87973440/replay/episode_87973440.json,0.7071067811865475,,validated_teacher_index
87973978,1,2,Yushin Ito,54773249,yushin_20260726,zip,C:\Users\shiba\ptcc_pokemon_ai_buttle\data\runs\leaderboard_top50\alakazam\20260726_yushin_ito.zip,20260726_yushin_ito/episodes/87973978/replay/episode_87973978.json,0.7071067811865475,,validated_teacher_index
87974510,1,2,Yushin Ito,54773249,yushin_20260726,zip,C:\Users\shiba\ptcc_pokemon_ai_buttle\data\runs\leaderboard_top50\alakazam\20260726_yushin_ito.zip,20260726_yushin_ito/episodes/87974510/replay/episode_87974510.json,0.7071067811865475,,validated_teacher_index
87975048,0,2,Yushin Ito,54773249,yushin_20260726,zip,C:\Users\shiba\ptcc_pokemon_ai_buttle\data\runs\leaderboard_top50\alakazam\20260726_yushin_ito.zip,20260726_yushin_ito/episodes/87975048/replay/episode_87975048.json,0.7071067811865475,,validated_teacher_index
87975585,0,2,Yushin Ito,54773249,yushin_20260726,zip,C:\Users\shiba\ptcc_pokemon_ai_buttle\data\runs\leaderboard_top50\alakazam\20260726_yushin_ito.zip,20260726_yushin_ito/episodes/87975585/replay/episode_87975585.json,0.7071067811865475,,validated_teacher_index
87976124,0,2,Yushin Ito,54773249,yushin_20260726,zip,C:\Users\shiba\ptcc_pokemon_ai_buttle\data\runs\leaderboard_top50\alakazam\20260726_yushin_ito.zip,20260726_yushin_ito/episodes/87976124/replay/episode_87976124.json,0.7071067811865475,,validated_teacher_index
87976670,1,2,Yushin Ito,54773249,yushin_20260726,zip,C:\Users\shiba\ptcc_pokemon_ai_buttle\data\runs\leaderboard_top50\alakazam\20260726_yushin_ito.zip,20260726_yushin_ito/episodes/87976670/replay/episode_87976670.json,0.7071067811865475,,validated_teacher_index
87977201,1,2,Yushin Ito,54773249,yushin_20260726,zip,C:\Users\shiba\ptcc_pokemon_ai_buttle\data\runs\leaderboard_top50\alakazam\20260726_yushin_ito.zip,20260726_yushin_ito/episodes/87977201/replay/episode_87977201.json,0.7071067811865475,,validated_teacher_index
87977745,0,2,Yushin Ito,54773249,yushin_20260726,zip,C:\Users\shiba\ptcc_pokemon_ai_buttle\data\runs\leaderboard_top50\alakazam\20260726_yushin_ito.zip,20260726_yushin_ito/episodes/87977745/replay/episode_87977745.json,0.7071067811865475,,validated_teacher_index
87978323,0,2,Yushin Ito,54773249,yushin_20260726,zip,C:\Users\shiba\ptcc_pokemon_ai_buttle\data\runs\leaderboard_top50\alakazam\20260726_yushin_ito.zip,20260726_yushin_ito/episodes/87978323/replay/episode_87978323.json,0.7071067811865475,,validated_teacher_index
87979058,1,2,Yushin Ito,54773249,yushin_20260726,zip,C:\Users\shiba\ptcc_pokemon_ai_buttle\data\runs\leaderboard_top50\alakazam\20260726_yushin_ito.zip,20260726_yushin_ito/episodes/87979058/replay/episode_87979058.json,0.7071067811865475,,validated_teacher_index
87979698,0,2,Yushin Ito,54773249,yushin_20260726,zip,C:\Users\shiba\ptcc_pokemon_ai_buttle\data\runs\leaderboard_top50\alakazam\20260726_yushin_ito.zip,20260726_yushin_ito/episodes/87979698/replay/episode_87979698.json,0.7071067811865475,,validated_teacher_index
87980319,1,2,Yushin Ito,54773249,yushin_20260726,zip,C:\Users\shiba\ptcc_pokemon_ai_buttle\data\runs\leaderboard_top50\alakazam\20260726_yushin_ito.zip,20260726_yushin_ito/episodes/87980319/replay/episode_87980319.json,0.7071067811865475,,validated_teacher_index
87980320,1,2,Yushin Ito,54773249,yushin_20260726,zip,C:\Users\shiba\ptcc_pokemon_ai_buttle\data\runs\leaderboard_top50\alakazam\20260726_yushin_ito.zip,20260726_yushin_ito/episodes/87980320/replay/episode_87980320.json,0.7071067811865475,,validated_teacher_index
87980996,0,2,Yushin Ito,54773249,yushin_20260726,zip,C:\Users\shiba\ptcc_pokemon_ai_buttle\data\runs\leaderboard_top50\alakazam\20260726_yushin_ito.zip,20260726_yushin_ito/episodes/87980996/replay/episode_87980996.json,0.7071067811865475,,validated_teacher_index
87981689,1,2,Yushin Ito,54773249,yushin_20260726,zip,C:\Users\shiba\ptcc_pokemon_ai_buttle\data\runs\leaderboard_top50\alakazam\20260726_yushin_ito.zip,20260726_yushin_ito/episodes/87981689/replay/episode_87981689.json,0.7071067811865475,,validated_teacher_index
87982301,0,2,Yushin Ito,54773249,yushin_20260726,zip,C:\Users\shiba\ptcc_pokemon_ai_buttle\data\runs\leaderboard_top50\alakazam\20260726_yushin_ito.zip,20260726_yushin_ito/episodes/87982301/replay/episode_87982301.json,0.7071067811865475,,validated_teacher_index
87982893,0,2,Yushin Ito,54773249,yushin_20260726,zip,C:\Users\shiba\ptcc_pokemon_ai_buttle\data\runs\leaderboard_top50\alakazam\20260726_yushin_ito.zip,20260726_yushin_ito/episodes/87982893/replay/episode_87982893.json,0.7071067811865475,,validated_teacher_index
87983447,1,2,Yushin Ito,54773249,yushin_20260726,zip,C:\Users\shiba\ptcc_pokemon_ai_buttle\data\runs\leaderboard_top50\alakazam\20260726_yushin_ito.zip,20260726_yushin_ito/episodes/87983447/replay/episode_87983447.json,0.7071067811865475,,validated_teacher_index
87984065,1,2,Yushin Ito,54773249,yushin_20260726,zip,C:\Users\shiba\ptcc_pokemon_ai_buttle\data\runs\leaderboard_top50\alakazam\20260726_yushin_ito.zip,20260726_yushin_ito/episodes/87984065/replay/episode_87984065.json,0.7071067811865475,,validated_teacher_index
87984577,0,2,Yushin Ito,54773249,yushin_20260726,zip,C:\Users\shiba\ptcc_pokemon_ai_buttle\data\runs\leaderboard_top50\alakazam\20260726_yushin_ito.zip,20260726_yushin_ito/episodes/87984577/replay/episode_87984577.json,0.7071067811865475,,validated_teacher_index
87985145,1,2,Yushin Ito,54773249,yushin_20260726,zip,C:\Users\shiba\ptcc_pokemon_ai_buttle\data\runs\leaderboard_top50\alakazam\20260726_yushin_ito.zip,20260726_yushin_ito/episodes/87985145/replay/episode_87985145.json,0.7071067811865475,,validated_teacher_index
87985693,0,2,Yushin Ito,54773249,yushin_20260726,zip,C:\Users\shiba\ptcc_pokemon_ai_buttle\data\runs\leaderboard_top50\alakazam\20260726_yushin_ito.zip,20260726_yushin_ito/episodes/87985693/replay/episode_87985693.json,0.7071067811865475,,validated_teacher_index
87986244,0,2,Yushin Ito,54773249,yushin_20260726,zip,C:\Users\shiba\ptcc_pokemon_ai_buttle\data\runs\leaderboard_top50\alakazam\20260726_yushin_ito.zip,20260726_yushin_ito/episodes/87986244/replay/episode_87986244.json,0.7071067811865475,,validated_teacher_index
87986804,0,2,Yushin Ito,54773249,yushin_20260726,zip,C:\Users\shiba\ptcc_pokemon_ai_buttle\data\runs\leaderboard_top50\alakazam\20260726_yushin_ito.zip,20260726_yushin_ito/episodes/87986804/replay/episode_87986804.json,0.7071067811865475,,validated_teacher_index
87986911,0,2,Yushin Ito,54773249,yushin_20260726,zip,C:\Users\shiba\ptcc_pokemon_ai_buttle\data\runs\leaderboard_top50\alakazam\20260726_yushin_ito.zip,20260726_yushin_ito/episodes/87986911/replay/episode_87986911.json,0.7071067811865475,,validated_teacher_index
87987430,1,2,Yushin Ito,54773249,yushin_20260726,zip,C:\Users\shiba\ptcc_pokemon_ai_buttle\data\runs\leaderboard_top50\alakazam\20260726_yushin_ito.zip,20260726_yushin_ito/episodes/87987430/replay/episode_87987430.json,0.7071067811865475,,validated_teacher_index
87987990,0,2,Yushin Ito,54773249,yushin_20260726,zip,C:\Users\shiba\ptcc_pokemon_ai_buttle\data\runs\leaderboard_top50\alakazam\20260726_yushin_ito.zip,20260726_yushin_ito/episodes/87987990/replay/episode_87987990.json,0.7071067811865475,,validated_teacher_index
87988558,1,2,Yushin Ito,54773249,yushin_20260726,zip,C:\Users\shiba\ptcc_pokemon_ai_buttle\data\runs\leaderboard_top50\alakazam\20260726_yushin_ito.zip,20260726_yushin_ito/episodes/87988558/replay/episode_87988558.json,0.7071067811865475,,validated_teacher_index
87989113,0,2,Yushin Ito,54773249,yushin_20260726,zip,C:\Users\shiba\ptcc_pokemon_ai_buttle\data\runs\leaderboard_top50\alakazam\20260726_yushin_ito.zip,20260726_yushin_ito/episodes/87989113/replay/episode_87989113.json,0.7071067811865475,,validated_teacher_index
87989682,1,2,Yushin Ito,54773249,yushin_20260726,zip,C:\Users\shiba\ptcc_pokemon_ai_buttle\data\runs\leaderboard_top50\alakazam\20260726_yushin_ito.zip,20260726_yushin_ito/episodes/87989682/replay/episode_87989682.json,0.7071067811865475,,validated_teacher_index
87990300,0,2,Yushin Ito,54773249,yushin_20260726,zip,C:\Users\shiba\ptcc_pokemon_ai_buttle\data\runs\leaderboard_top50\alakazam\20260726_yushin_ito.zip,20260726_yushin_ito/episodes/87990300/replay/episode_87990300.json,0.7071067811865475,,validated_teacher_index
87990846,0,2,Yushin Ito,54773249,yushin_20260726,zip,C:\Users\shiba\ptcc_pokemon_ai_buttle\data\runs\leaderboard_top50\alakazam\20260726_yushin_ito.zip,20260726_yushin_ito/episodes/87990846/replay/episode_87990846.json,0.7071067811865475,,validated_teacher_index
87991391,0,2,Yushin Ito,54773249,yushin_20260726,zip,C:\Users\shiba\ptcc_pokemon_ai_buttle\data\runs\leaderboard_top50\alakazam\20260726_yushin_ito.zip,20260726_yushin_ito/episodes/87991391/replay/episode_87991391.json,0.7071067811865475,,validated_teacher_index
87991937,0,2,Yushin Ito,54773249,yushin_20260726,zip,C:\Users\shiba\ptcc_pokemon_ai_buttle\data\runs\leaderboard_top50\alakazam\20260726_yushin_ito.zip,20260726_yushin_ito/episodes/87991937/replay/episode_87991937.json,0.7071067811865475,,validated_teacher_index
87992494,0,2,Yushin Ito,54773249,yushin_20260726,zip,C:\Users\shiba\ptcc_pokemon_ai_buttle\data\runs\leaderboard_top50\alakazam\20260726_yushin_ito.zip,20260726_yushin_ito/episodes/87992494/replay/episode_87992494.json,0.7071067811865475,,validated_teacher_index
87993046,1,2,Yushin Ito,54773249,yushin_20260726,zip,C:\Users\shiba\ptcc_pokemon_ai_buttle\data\runs\leaderboard_top50\alakazam\20260726_yushin_ito.zip,20260726_yushin_ito/episodes/87993046/replay/episode_87993046.json,0.7071067811865475,,validated_teacher_index
87993671,1,2,Yushin Ito,54773249,yushin_20260726,zip,C:\Users\shiba\ptcc_pokemon_ai_buttle\data\runs\leaderboard_top50\alakazam\20260726_yushin_ito.zip,20260726_yushin_ito/episodes/87993671/replay/episode_87993671.json,0.7071067811865475,,validated_teacher_index
87994237,1,2,Yushin Ito,54773249,yushin_20260726,zip,C:\Users\shiba\ptcc_pokemon_ai_buttle\data\runs\leaderboard_top50\alakazam\20260726_yushin_ito.zip,20260726_yushin_ito/episodes/87994237/replay/episode_87994237.json,0.7071067811865475,,validated_teacher_index
87994806,0,2,Yushin Ito,54773249,yushin_20260726,zip,C:\Users\shiba\ptcc_pokemon_ai_buttle\data\runs\leaderboard_top50\alakazam\20260726_yushin_ito.zip,20260726_yushin_ito/episodes/87994806/replay/episode_87994806.json,0.7071067811865475,,validated_teacher_index
87995364,1,2,Yushin Ito,54773249,yushin_20260726,zip,C:\Users\shiba\ptcc_pokemon_ai_buttle\data\runs\leaderboard_top50\alakazam\20260726_yushin_ito.zip,20260726_yushin_ito/episodes/87995364/replay/episode_87995364.json,0.7071067811865475,,validated_teacher_index
87996012,1,2,Yushin Ito,54773249,yushin_20260726,zip,C:\Users\shiba\ptcc_pokemon_ai_buttle\data\runs\leaderboard_top50\alakazam\20260726_yushin_ito.zip,20260726_yushin_ito/episodes/87996012/replay/episode_87996012.json,0.7071067811865475,,validated_teacher_index
87996606,0,2,Yushin Ito,54773249,yushin_20260726,zip,C:\Users\shiba\ptcc_pokemon_ai_buttle\data\runs\leaderboard_top50\alakazam\20260726_yushin_ito.zip,20260726_yushin_ito/episodes/87996606/replay/episode_87996606.json,0.7071067811865475,,validated_teacher_index
87997228,0,2,Yushin Ito,54773249,yushin_20260726,zip,C:\Users\shiba\ptcc_pokemon_ai_buttle\data\runs\leaderboard_top50\alakazam\20260726_yushin_ito.zip,20260726_yushin_ito/episodes/87997228/replay/episode_87997228.json,0.7071067811865475,,validated_teacher_index
87997617,0,2,Yushin Ito,54773249,yushin_20260726,zip,C:\Users\shiba\ptcc_pokemon_ai_buttle\data\runs\leaderboard_top50\alakazam\20260726_yushin_ito.zip,20260726_yushin_ito/episodes/87997617/replay/episode_87997617.json,0.7071067811865475,,validated_teacher_index
87997831,1,2,Yushin Ito,54773249,yushin_20260726,zip,C:\Users\shiba\ptcc_pokemon_ai_buttle\data\runs\leaderboard_top50\alakazam\20260726_yushin_ito.zip,20260726_yushin_ito/episodes/87997831/replay/episode_87997831.json,0.7071067811865475,,validated_teacher_index
87998492,0,2,Yushin Ito,54773249,yushin_20260726,zip,C:\Users\shiba\ptcc_pokemon_ai_buttle\data\runs\leaderboard_top50\alakazam\20260726_yushin_ito.zip,20260726_yushin_ito/episodes/87998492/replay/episode_87998492.json,0.7071067811865475,,validated_teacher_index
87999160,1,2,Yushin Ito,54773249,yushin_20260726,zip,C:\Users\shiba\ptcc_pokemon_ai_buttle\data\runs\leaderboard_top50\alakazam\20260726_yushin_ito.zip,20260726_yushin_ito/episodes/87999160/replay/episode_87999160.json,0.7071067811865475,,validated_teacher_index
87999161,0,2,Yushin Ito,54773249,yushin_20260726,zip,C:\Users\shiba\ptcc_pokemon_ai_buttle\data\runs\leaderboard_top50\alakazam\20260726_yushin_ito.zip,20260726_yushin_ito/episodes/87999161/replay/episode_87999161.json,0.7071067811865475,,validated_teacher_index
87999680,1,2,Yushin Ito,54773249,yushin_20260726,zip,C:\Users\shiba\ptcc_pokemon_ai_buttle\data\runs\leaderboard_top50\alakazam\20260726_yushin_ito.zip,20260726_yushin_ito/episodes/87999680/replay/episode_87999680.json,0.7071067811865475,,validated_teacher_index
88000277,1,2,Yushin Ito,54773249,yushin_20260726,zip,C:\Users\shiba\ptcc_pokemon_ai_buttle\data\runs\leaderboard_top50\alakazam\20260726_yushin_ito.zip,20260726_yushin_ito/episodes/88000277/replay/episode_88000277.json,0.7071067811865475,,validated_teacher_index
88000869,0,2,Yushin Ito,54773249,yushin_20260726,zip,C:\Users\shiba\ptcc_pokemon_ai_buttle\data\runs\leaderboard_top50\alakazam\20260726_yushin_ito.zip,20260726_yushin_ito/episodes/88000869/replay/episode_88000869.json,0.7071067811865475,,validated_teacher_index
88001528,0,2,Yushin Ito,54773249,yushin_20260726,zip,C:\Users\shiba\ptcc_pokemon_ai_buttle\data\runs\leaderboard_top50\alakazam\20260726_yushin_ito.zip,20260726_yushin_ito/episodes/88001528/replay/episode_88001528.json,0.7071067811865475,,validated_teacher_index
88002128,0,2,Yushin Ito,54773249,yushin_20260726,zip,C:\Users\shiba\ptcc_pokemon_ai_buttle\data\runs\leaderboard_top50\alakazam\20260726_yushin_ito.zip,20260726_yushin_ito/episodes/88002128/replay/episode_88002128.json,0.7071067811865475,,validated_teacher_index
88002730,0,2,Yushin Ito,54773249,yushin_20260726,zip,C:\Users\shiba\ptcc_pokemon_ai_buttle\data\runs\leaderboard_top50\alakazam\20260726_yushin_ito.zip,20260726_yushin_ito/episodes/88002730/replay/episode_88002730.json,0.7071067811865475,,validated_teacher_index
88003369,0,2,Yushin Ito,54773249,yushin_20260726,zip,C:\Users\shiba\ptcc_pokemon_ai_buttle\data\runs\leaderboard_top50\alakazam\20260726_yushin_ito.zip,20260726_yushin_ito/episodes/88003369/replay/episode_88003369.json,0.7071067811865475,,validated_teacher_index
88003982,0,2,Yushin Ito,54773249,yushin_20260726,zip,C:\Users\shiba\ptcc_pokemon_ai_buttle\data\runs\leaderboard_top50\alakazam\20260726_yushin_ito.zip,20260726_yushin_ito/episodes/88003982/replay/episode_88003982.json,0.7071067811865475,,validated_teacher_index
88004600,0,2,Yushin Ito,54773249,yushin_20260726,zip,C:\Users\shiba\ptcc_pokemon_ai_buttle\data\runs\leaderboard_top50\alakazam\20260726_yushin_ito.zip,20260726_yushin_ito/episodes/88004600/replay/episode_88004600.json,0.7071067811865475,,validated_teacher_index
88005232,1,2,Yushin Ito,54773249,yushin_20260726,zip,C:\Users\shiba\ptcc_pokemon_ai_buttle\data\runs\leaderboard_top50\alakazam\20260726_yushin_ito.zip,20260726_yushin_ito/episodes/88005232/replay/episode_88005232.json,0.7071067811865475,,validated_teacher_index
88005858,1,2,Yushin Ito,54773249,yushin_20260726,zip,C:\Users\shiba\ptcc_pokemon_ai_buttle\data\runs\leaderboard_top50\alakazam\20260726_yushin_ito.zip,20260726_yushin_ito/episodes/88005858/replay/episode_88005858.json,0.7071067811865475,,validated_teacher_index
88006473,0,2,Yushin Ito,54773249,yushin_20260726,zip,C:\Users\shiba\ptcc_pokemon_ai_buttle\data\runs\leaderboard_top50\alakazam\20260726_yushin_ito.zip,20260726_yushin_ito/episodes/88006473/replay/episode_88006473.json,0.7071067811865475,,validated_teacher_index
88006483,1,2,Yushin Ito,54773249,yushin_20260726,zip,C:\Users\shiba\ptcc_pokemon_ai_buttle\data\runs\leaderboard_top50\alakazam\20260726_yushin_ito.zip,20260726_yushin_ito/episodes/88006483/replay/episode_88006483.json,0.7071067811865475,,validated_teacher_index
88007106,0,2,Yushin Ito,54773249,yushin_20260726,zip,C:\Users\shiba\ptcc_pokemon_ai_buttle\data\runs\leaderboard_top50\alakazam\20260726_yushin_ito.zip,20260726_yushin_ito/episodes/88007106/replay/episode_88007106.json,0.7071067811865475,,validated_teacher_index
88007120,1,2,Yushin Ito,54773249,yushin_20260726,zip,C:\Users\shiba\ptcc_pokemon_ai_buttle\data\runs\leaderboard_top50\alakazam\20260726_yushin_ito.zip,20260726_yushin_ito/episodes/88007120/replay/episode_88007120.json,0.7071067811865475,,validated_teacher_index
88007753,1,2,Yushin Ito,54773249,yushin_20260726,zip,C:\Users\shiba\ptcc_pokemon_ai_buttle\data\runs\leaderboard_top50\alakazam\20260726_yushin_ito.zip,20260726_yushin_ito/episodes/88007753/replay/episode_88007753.json,0.7071067811865475,,validated_teacher_index
88008385,1,2,Yushin Ito,54773249,yushin_20260726,zip,C:\Users\shiba\ptcc_pokemon_ai_buttle\data\runs\leaderboard_top50\alakazam\20260726_yushin_ito.zip,20260726_yushin_ito/episodes/88008385/replay/episode_88008385.json,0.7071067811865475,,validated_teacher_index
88008997,0,2,Yushin Ito,54773249,yushin_20260726,zip,C:\Users\shiba\ptcc_pokemon_ai_buttle\data\runs\leaderboard_top50\alakazam\20260726_yushin_ito.zip,20260726_yushin_ito/episodes/88008997/replay/episode_88008997.json,0.7071067811865475,,validated_teacher_index
88009006,0,2,Yushin Ito,54773249,yushin_20260726,zip,C:\Users\shiba\ptcc_pokemon_ai_buttle\data\runs\leaderboard_top50\alakazam\20260726_yushin_ito.zip,20260726_yushin_ito/episodes/88009006/replay/episode_88009006.json,0.7071067811865475,,validated_teacher_index
88009615,1,2,Yushin Ito,54773249,yushin_20260726,zip,C:\Users\shiba\ptcc_pokemon_ai_buttle\data\runs\leaderboard_top50\alakazam\20260726_yushin_ito.zip,20260726_yushin_ito/episodes/88009615/replay/episode_88009615.json,0.7071067811865475,,validated_teacher_index
88010229,1,2,Yushin Ito,54773249,yushin_20260726,zip,C:\Users\shiba\ptcc_pokemon_ai_buttle\data\runs\leaderboard_top50\alakazam\20260726_yushin_ito.zip,20260726_yushin_ito/episodes/88010229/replay/episode_88010229.json,0.7071067811865475,,validated_teacher_index
88010829,1,2,Yushin Ito,54773249,yushin_20260726,zip,C:\Users\shiba\ptcc_pokemon_ai_buttle\data\runs\leaderboard_top50\alakazam\20260726_yushin_ito.zip,20260726_yushin_ito/episodes/88010829/replay/episode_88010829.json,0.7071067811865475,,validated_teacher_index
88011438,0,2,Yushin Ito,54773249,yushin_20260726,zip,C:\Users\shiba\ptcc_pokemon_ai_buttle\data\runs\leaderboard_top50\alakazam\20260726_yushin_ito.zip,20260726_yushin_ito/episodes/88011438/replay/episode_88011438.json,0.7071067811865475,,validated_teacher_index
88011445,0,2,Yushin Ito,54773249,yushin_20260726,zip,C:\Users\shiba\ptcc_pokemon_ai_buttle\data\runs\leaderboard_top50\alakazam\20260726_yushin_ito.zip,20260726_yushin_ito/episodes/88011445/replay/episode_88011445.json,0.7071067811865475,,validated_teacher_index
88012048,0,2,Yushin Ito,54773249,yushin_20260726,zip,C:\Users\shiba\ptcc_pokemon_ai_buttle\data\runs\leaderboard_top50\alakazam\20260726_yushin_ito.zip,20260726_yushin_ito/episodes/88012048/replay/episode_88012048.json,0.7071067811865475,,validated_teacher_index
88012605,0,2,Yushin Ito,54773249,yushin_20260726,zip,C:\Users\shiba\ptcc_pokemon_ai_buttle\data\runs\leaderboard_top50\alakazam\20260726_yushin_ito.zip,20260726_yushin_ito/episodes/88012605/replay/episode_88012605.json,0.7071067811865475,,validated_teacher_index
88013293,0,2,Yushin Ito,54773249,yushin_20260726,zip,C:\Users\shiba\ptcc_pokemon_ai_buttle\data\runs\leaderboard_top50\alakazam\20260726_yushin_ito.zip,20260726_yushin_ito/episodes/88013293/replay/episode_88013293.json,0.7071067811865475,,validated_teacher_index
88013905,1,2,Yushin Ito,54773249,yushin_20260726,zip,C:\Users\shiba\ptcc_pokemon_ai_buttle\data\runs\leaderboard_top50\alakazam\20260726_yushin_ito.zip,20260726_yushin_ito/episodes/88013905/replay/episode_88013905.json,0.7071067811865475,,validated_teacher_index
88014538,0,2,Yushin Ito,54773249,yushin_20260726,zip,C:\Users\shiba\ptcc_pokemon_ai_buttle\data\runs\leaderboard_top50\alakazam\20260726_yushin_ito.zip,20260726_yushin_ito/episodes/88014538/replay/episode_88014538.json,0.7071067811865475,,validated_teacher_index
88015139,0,2,Yushin Ito,54773249,yushin_20260726,zip,C:\Users\shiba\ptcc_pokemon_ai_buttle\data\runs\leaderboard_top50\alakazam\20260726_yushin_ito.zip,20260726_yushin_ito/episodes/88015139/replay/episode_88015139.json,0.7071067811865475,,validated_teacher_index
88015754,0,2,Yushin Ito,54773249,yushin_20260726,zip,C:\Users\shiba\ptcc_pokemon_ai_buttle\data\runs\leaderboard_top50\alakazam\20260726_yushin_ito.zip,20260726_yushin_ito/episodes/88015754/replay/episode_88015754.json,0.7071067811865475,,validated_teacher_index
88016360,0,2,Yushin Ito,54773249,yushin_20260726,zip,C:\Users\shiba\ptcc_pokemon_ai_buttle\data\runs\leaderboard_top50\alakazam\20260726_yushin_ito.zip,20260726_yushin_ito/episodes/88016360/replay/episode_88016360.json,0.7071067811865475,,validated_teacher_index
88016981,0,2,Yushin Ito,54773249,yushin_20260726,zip,C:\Users\shiba\ptcc_pokemon_ai_buttle\data\runs\leaderboard_top50\alakazam\20260726_yushin_ito.zip,20260726_yushin_ito/episodes/88016981/replay/episode_88016981.json,0.7071067811865475,,validated_teacher_index
88017600,1,2,Yushin Ito,54773249,yushin_20260726,zip,C:\Users\shiba\ptcc_pokemon_ai_buttle\data\runs\leaderboard_top50\alakazam\20260726_yushin_ito.zip,20260726_yushin_ito/episodes/88017600/replay/episode_88017600.json,0.7071067811865475,,validated_teacher_index
88018214,1,2,Yushin Ito,54773249,yushin_20260726,zip,C:\Users\shiba\ptcc_pokemon_ai_buttle\data\runs\leaderboard_top50\alakazam\20260726_yushin_ito.zip,20260726_yushin_ito/episodes/88018214/replay/episode_88018214.json,0.7071067811865475,,validated_teacher_index
88018825,0,2,Yushin Ito,54773249,yushin_20260726,zip,C:\Users\shiba\ptcc_pokemon_ai_buttle\data\runs\leaderboard_top50\alakazam\20260726_yushin_ito.zip,20260726_yushin_ito/episodes/88018825/replay/episode_88018825.json,0.7071067811865475,,validated_teacher_index
88019449,1,2,Yushin Ito,54773249,yushin_20260726,zip,C:\Users\shiba\ptcc_pokemon_ai_buttle\data\runs\leaderboard_top50\alakazam\20260726_yushin_ito.zip,20260726_yushin_ito/episodes/88019449/replay/episode_88019449.json,0.7071067811865475,,validated_teacher_index
88020005,1,2,Yushin Ito,54773249,yushin_20260726,zip,C:\Users\shiba\ptcc_pokemon_ai_buttle\data\runs\leaderboard_top50\alakazam\20260726_yushin_ito.zip,20260726_yushin_ito/episodes/88020005/replay/episode_88020005.json,0.7071067811865475,,validated_teacher_index
88020517,1,2,Yushin Ito,54773249,yushin_20260726,zip,C:\Users\shiba\ptcc_pokemon_ai_buttle\data\runs\leaderboard_top50\alakazam\20260726_yushin_ito.zip,20260726_yushin_ito/episodes/88020517/replay/episode_88020517.json,0.7071067811865475,,validated_teacher_index
88021046,0,2,Yushin Ito,54773249,yushin_20260726,zip,C:\Users\shiba\ptcc_pokemon_ai_buttle\data\runs\leaderboard_top50\alakazam\20260726_yushin_ito.zip,20260726_yushin_ito/episodes/88021046/replay/episode_88021046.json,0.7071067811865475,,validated_teacher_index
88021588,1,2,Yushin Ito,54773249,yushin_20260726,zip,C:\Users\shiba\ptcc_pokemon_ai_buttle\data\runs\leaderboard_top50\alakazam\20260726_yushin_ito.zip,20260726_yushin_ito/episodes/88021588/replay/episode_88021588.json,0.7071067811865475,,validated_teacher_index
88021600,1,2,Yushin Ito,54773249,yushin_20260726,zip,C:\Users\shiba\ptcc_pokemon_ai_buttle\data\runs\leaderboard_top50\alakazam\20260726_yushin_ito.zip,20260726_yushin_ito/episodes/88021600/replay/episode_88021600.json,0.7071067811865475,,validated_teacher_index
88022067,0,2,Yushin Ito,54773249,yushin_20260726,zip,C:\Users\shiba\ptcc_pokemon_ai_buttle\data\runs\leaderboard_top50\alakazam\20260726_yushin_ito.zip,20260726_yushin_ito/episodes/88022067/replay/episode_88022067.json,0.7071067811865475,,validated_teacher_index
88022576,1,2,Yushin Ito,54773249,yushin_20260726,zip,C:\Users\shiba\ptcc_pokemon_ai_buttle\data\runs\leaderboard_top50\alakazam\20260726_yushin_ito.zip,20260726_yushin_ito/episodes/88022576/replay/episode_88022576.json,0.7071067811865475,,validated_teacher_index
88022577,0,2,Yushin Ito,54773249,yushin_20260726,zip,C:\Users\shiba\ptcc_pokemon_ai_buttle\data\runs\leaderboard_top50\alakazam\20260726_yushin_ito.zip,20260726_yushin_ito/episodes/88022577/replay/episode_88022577.json,0.7071067811865475,,validated_teacher_index
88023091,1,2,Yushin Ito,54773249,yushin_20260726,zip,C:\Users\shiba\ptcc_pokemon_ai_buttle\data\runs\leaderboard_top50\alakazam\20260726_yushin_ito.zip,20260726_yushin_ito/episodes/88023091/replay/episode_88023091.json,0.7071067811865475,,validated_teacher_index
88023550,0,2,Yushin Ito,54773249,yushin_20260726,zip,C:\Users\shiba\ptcc_pokemon_ai_buttle\data\runs\leaderboard_top50\alakazam\20260726_yushin_ito.zip,20260726_yushin_ito/episodes/88023550/replay/episode_88023550.json,0.7071067811865475,,validated_teacher_index
88023853,0,2,Yushin Ito,54773249,yushin_20260726,zip,C:\Users\shiba\ptcc_pokemon_ai_buttle\data\runs\leaderboard_top50\alakazam\20260726_yushin_ito.zip,20260726_yushin_ito/episodes/88023853/replay/episode_88023853.json,0.7071067811865475,,validated_teacher_index
88023993,1,2,Yushin Ito,54773249,yushin_20260726,zip,C:\Users\shiba\ptcc_pokemon_ai_buttle\data\runs\leaderboard_top50\alakazam\20260726_yushin_ito.zip,20260726_yushin_ito/episodes/88023993/replay/episode_88023993.json,0.7071067811865475,,validated_teacher_index
88024570,0,2,Yushin Ito,54773249,yushin_20260726,zip,C:\Users\shiba\ptcc_pokemon_ai_buttle\data\runs\leaderboard_top50\alakazam\20260726_yushin_ito.zip,20260726_yushin_ito/episodes/88024570/replay/episode_88024570.json,0.7071067811865475,,validated_teacher_index
88025240,1,2,Yushin Ito,54773249,yushin_20260726,zip,C:\Users\shiba\ptcc_pokemon_ai_buttle\data\runs\leaderboard_top50\alakazam\20260726_yushin_ito.zip,20260726_yushin_ito/episodes/88025240/replay/episode_88025240.json,0.7071067811865475,,validated_teacher_index
88025841,0,2,Yushin Ito,54773249,yushin_20260726,zip,C:\Users\shiba\ptcc_pokemon_ai_buttle\data\runs\leaderboard_top50\alakazam\20260726_yushin_ito.zip,20260726_yushin_ito/episodes/88025841/replay/episode_88025841.json,0.7071067811865475,,validated_teacher_index
88026464,0,2,Yushin Ito,54773249,yushin_20260726,zip,C:\Users\shiba\ptcc_pokemon_ai_buttle\data\runs\leaderboard_top50\alakazam\20260726_yushin_ito.zip,20260726_yushin_ito/episodes/88026464/replay/episode_88026464.json,0.7071067811865475,,validated_teacher_index
88027004,1,2,Yushin Ito,54773249,yushin_20260726,zip,C:\Users\shiba\ptcc_pokemon_ai_buttle\data\runs\leaderboard_top50\alakazam\20260726_yushin_ito.zip,20260726_yushin_ito/episodes/88027004/replay/episode_88027004.json,0.7071067811865475,,validated_teacher_index
88027633,1,2,Yushin Ito,54773249,yushin_20260726,zip,C:\Users\shiba\ptcc_pokemon_ai_buttle\data\runs\leaderboard_top50\alakazam\20260726_yushin_ito.zip,20260726_yushin_ito/episodes/88027633/replay/episode_88027633.json,0.7071067811865475,,validated_teacher_index
88028244,1,2,Yushin Ito,54773249,yushin_20260726,zip,C:\Users\shiba\ptcc_pokemon_ai_buttle\data\runs\leaderboard_top50\alakazam\20260726_yushin_ito.zip,20260726_yushin_ito/episodes/88028244/replay/episode_88028244.json,0.7071067811865475,,validated_teacher_index
88028860,0,2,Yushin Ito,54773249,yushin_20260726,zip,C:\Users\shiba\ptcc_pokemon_ai_buttle\data\runs\leaderboard_top50\alakazam\20260726_yushin_ito.zip,20260726_yushin_ito/episodes/88028860/replay/episode_88028860.json,0.7071067811865475,,validated_teacher_index
88029457,1,2,Yushin Ito,54773249,yushin_20260726,zip,C:\Users\shiba\ptcc_pokemon_ai_buttle\data\runs\leaderboard_top50\alakazam\20260726_yushin_ito.zip,20260726_yushin_ito/episodes/88029457/replay/episode_88029457.json,0.7071067811865475,,validated_teacher_index
88030067,0,2,Yushin Ito,54773249,yushin_20260726,zip,C:\Users\shiba\ptcc_pokemon_ai_buttle\data\runs\leaderboard_top50\alakazam\20260726_yushin_ito.zip,20260726_yushin_ito/episodes/88030067/replay/episode_88030067.json,0.7071067811865475,,validated_teacher_index
88030689,1,2,Yushin Ito,54773249,yushin_20260726,zip,C:\Users\shiba\ptcc_pokemon_ai_buttle\data\runs\leaderboard_top50\alakazam\20260726_yushin_ito.zip,20260726_yushin_ito/episodes/88030689/replay/episode_88030689.json,0.7071067811865475,,validated_teacher_index
88031277,0,2,Yushin Ito,54773249,yushin_20260726,zip,C:\Users\shiba\ptcc_pokemon_ai_buttle\data\runs\leaderboard_top50\alakazam\20260726_yushin_ito.zip,20260726_yushin_ito/episodes/88031277/replay/episode_88031277.json,0.7071067811865475,,validated_teacher_index
88031818,1,2,Yushin Ito,54773249,yushin_20260726,zip,C:\Users\shiba\ptcc_pokemon_ai_buttle\data\runs\leaderboard_top50\alakazam\20260726_yushin_ito.zip,20260726_yushin_ito/episodes/88031818/replay/episode_88031818.json,0.7071067811865475,,validated_teacher_index
88032430,0,2,Yushin Ito,54773249,yushin_20260726,zip,C:\Users\shiba\ptcc_pokemon_ai_buttle\data\runs\leaderboard_top50\alakazam\20260726_yushin_ito.zip,20260726_yushin_ito/episodes/88032430/replay/episode_88032430.json,0.7071067811865475,,validated_teacher_index
88033024,1,2,Yushin Ito,54773249,yushin_20260726,zip,C:\Users\shiba\ptcc_pokemon_ai_buttle\data\runs\leaderboard_top50\alakazam\20260726_yushin_ito.zip,20260726_yushin_ito/episodes/88033024/replay/episode_88033024.json,0.7071067811865475,,validated_teacher_index
88033588,1,2,Yushin Ito,54773249,yushin_20260726,zip,C:\Users\shiba\ptcc_pokemon_ai_buttle\data\runs\leaderboard_top50\alakazam\20260726_yushin_ito.zip,20260726_yushin_ito/episodes/88033588/replay/episode_88033588.json,0.7071067811865475,,validated_teacher_index
88033649,1,2,Yushin Ito,54773249,yushin_20260726,zip,C:\Users\shiba\ptcc_pokemon_ai_buttle\data\runs\leaderboard_top50\alakazam\20260726_yushin_ito.zip,20260726_yushin_ito/episodes/88033649/replay/episode_88033649.json,0.7071067811865475,,validated_teacher_index
88033661,0,2,Yushin Ito,54773249,yushin_20260726,zip,C:\Users\shiba\ptcc_pokemon_ai_buttle\data\runs\leaderboard_top50\alakazam\20260726_yushin_ito.zip,20260726_yushin_ito/episodes/88033661/replay/episode_88033661.json,0.7071067811865475,,validated_teacher_index
88034266,1,2,Yushin Ito,54773249,yushin_20260726,zip,C:\Users\shiba\ptcc_pokemon_ai_buttle\data\runs\leaderboard_top50\alakazam\20260726_yushin_ito.zip,20260726_yushin_ito/episodes/88034266/replay/episode_88034266.json,0.7071067811865475,,validated_teacher_index
88034937,0,2,Yushin Ito,54773249,yushin_20260726,zip,C:\Users\shiba\ptcc_pokemon_ai_buttle\data\runs\leaderboard_top50\alakazam\20260726_yushin_ito.zip,20260726_yushin_ito/episodes/88034937/replay/episode_88034937.json,0.7071067811865475,,validated_teacher_index
88035532,1,2,Yushin Ito,54773249,yushin_20260726,zip,C:\Users\shiba\ptcc_pokemon_ai_buttle\data\runs\leaderboard_top50\alakazam\20260726_yushin_ito.zip,20260726_yushin_ito/episodes/88035532/replay/episode_88035532.json,0.7071067811865475,,validated_teacher_index
88036139,0,2,Yushin Ito,54773249,yushin_20260726,zip,C:\Users\shiba\ptcc_pokemon_ai_buttle\data\runs\leaderboard_top50\alakazam\20260726_yushin_ito.zip,20260726_yushin_ito/episodes/88036139/replay/episode_88036139.json,0.7071067811865475,,validated_teacher_index
88036751,0,2,Yushin Ito,54773249,yushin_20260726,zip,C:\Users\shiba\ptcc_pokemon_ai_buttle\data\runs\leaderboard_top50\alakazam\20260726_yushin_ito.zip,20260726_yushin_ito/episodes/88036751/replay/episode_88036751.json,0.7071067811865475,,validated_teacher_index
88037371,0,2,Yushin Ito,54773249,yushin_20260726,zip,C:\Users\shiba\ptcc_pokemon_ai_buttle\data\runs\leaderboard_top50\alakazam\20260726_yushin_ito.zip,20260726_yushin_ito/episodes/88037371/replay/episode_88037371.json,0.7071067811865475,,validated_teacher_index
88038003,0,2,Yushin Ito,54773249,yushin_20260726,zip,C:\Users\shiba\ptcc_pokemon_ai_buttle\data\runs\leaderboard_top50\alakazam\20260726_yushin_ito.zip,20260726_yushin_ito/episodes/88038003/replay/episode_88038003.json,0.7071067811865475,,validated_teacher_index
88038090,1,2,Yushin Ito,54773249,yushin_20260726,zip,C:\Users\shiba\ptcc_pokemon_ai_buttle\data\runs\leaderboard_top50\alakazam\20260726_yushin_ito.zip,20260726_yushin_ito/episodes/88038090/replay/episode_88038090.json,0.7071067811865475,,validated_teacher_index
88038574,0,2,Yushin Ito,54773249,yushin_20260726,zip,C:\Users\shiba\ptcc_pokemon_ai_buttle\data\runs\leaderboard_top50\alakazam\20260726_yushin_ito.zip,20260726_yushin_ito/episodes/88038574/replay/episode_88038574.json,0.7071067811865475,,validated_teacher_index
88038612,1,2,Yushin Ito,54773249,yushin_20260726,zip,C:\Users\shiba\ptcc_pokemon_ai_buttle\data\runs\leaderboard_top50\alakazam\20260726_yushin_ito.zip,20260726_yushin_ito/episodes/88038612/replay/episode_88038612.json,0.7071067811865475,,validated_teacher_index
88039239,0,2,Yushin Ito,54773249,yushin_20260726,zip,C:\Users\shiba\ptcc_pokemon_ai_buttle\data\runs\leaderboard_top50\alakazam\20260726_yushin_ito.zip,20260726_yushin_ito/episodes/88039239/replay/episode_88039239.json,0.7071067811865475,,validated_teacher_index
88039257,0,2,Yushin Ito,54773249,yushin_20260726,zip,C:\Users\shiba\ptcc_pokemon_ai_buttle\data\runs\leaderboard_top50\alakazam\20260726_yushin_ito.zip,20260726_yushin_ito/episodes/88039257/replay/episode_88039257.json,0.7071067811865475,,validated_teacher_index
88039845,0,2,Yushin Ito,54773249,yushin_20260726,zip,C:\Users\shiba\ptcc_pokemon_ai_buttle\data\runs\leaderboard_top50\alakazam\20260726_yushin_ito.zip,20260726_yushin_ito/episodes/88039845/replay/episode_88039845.json,0.7071067811865475,,validated_teacher_index
88039853,0,2,Yushin Ito,54773249,yushin_20260726,zip,C:\Users\shiba\ptcc_pokemon_ai_buttle\data\runs\leaderboard_top50\alakazam\20260726_yushin_ito.zip,20260726_yushin_ito/episodes/88039853/replay/episode_88039853.json,0.7071067811865475,,validated_teacher_index
88040461,0,2,Yushin Ito,54773249,yushin_20260726,zip,C:\Users\shiba\ptcc_pokemon_ai_buttle\data\runs\leaderboard_top50\alakazam\20260726_yushin_ito.zip,20260726_yushin_ito/episodes/88040461/replay/episode_88040461.json,0.7071067811865475,,validated_teacher_index
88041083,0,2,Yushin Ito,54773249,yushin_20260726,zip,C:\Users\shiba\ptcc_pokemon_ai_buttle\data\runs\leaderboard_top50\alakazam\20260726_yushin_ito.zip,20260726_yushin_ito/episodes/88041083/replay/episode_88041083.json,0.7071067811865475,,validated_teacher_index
88041094,0,2,Yushin Ito,54773249,yushin_20260726,zip,C:\Users\shiba\ptcc_pokemon_ai_buttle\data\runs\leaderboard_top50\alakazam\20260726_yushin_ito.zip,20260726_yushin_ito/episodes/88041094/replay/episode_88041094.json,0.7071067811865475,,validated_teacher_index
88041669,0,2,Yushin Ito,54773249,yushin_20260726,zip,C:\Users\shiba\ptcc_pokemon_ai_buttle\data\runs\leaderboard_top50\alakazam\20260726_yushin_ito.zip,20260726_yushin_ito/episodes/88041669/replay/episode_88041669.json,0.7071067811865475,,validated_teacher_index
88042269,0,2,Yushin Ito,54773249,yushin_20260726,zip,C:\Users\shiba\ptcc_pokemon_ai_buttle\data\runs\leaderboard_top50\alakazam\20260726_yushin_ito.zip,20260726_yushin_ito/episodes/88042269/replay/episode_88042269.json,0.7071067811865475,,validated_teacher_index
88042882,1,2,Yushin Ito,54773249,yushin_20260726,zip,C:\Users\shiba\ptcc_pokemon_ai_buttle\data\runs\leaderboard_top50\alakazam\20260726_yushin_ito.zip,20260726_yushin_ito/episodes/88042882/replay/episode_88042882.json,0.7071067811865475,,validated_teacher_index
88042945,1,2,Yushin Ito,54773249,yushin_20260726,zip,C:\Users\shiba\ptcc_pokemon_ai_buttle\data\runs\leaderboard_top50\alakazam\20260726_yushin_ito.zip,20260726_yushin_ito/episodes/88042945/replay/episode_88042945.json,0.7071067811865475,,validated_teacher_index
88043490,1,2,Yushin Ito,54773249,yushin_20260726,zip,C:\Users\shiba\ptcc_pokemon_ai_buttle\data\runs\leaderboard_top50\alakazam\20260726_yushin_ito.zip,20260726_yushin_ito/episodes/88043490/replay/episode_88043490.json,0.7071067811865475,,validated_teacher_index
88044086,0,2,Yushin Ito,54773249,yushin_20260726,zip,C:\Users\shiba\ptcc_pokemon_ai_buttle\data\runs\leaderboard_top50\alakazam\20260726_yushin_ito.zip,20260726_yushin_ito/episodes/88044086/replay/episode_88044086.json,0.7071067811865475,,validated_teacher_index
88044096,1,2,Yushin Ito,54773249,yushin_20260726,zip,C:\Users\shiba\ptcc_pokemon_ai_buttle\data\runs\leaderboard_top50\alakazam\20260726_yushin_ito.zip,20260726_yushin_ito/episodes/88044096/replay/episode_88044096.json,0.7071067811865475,,validated_teacher_index
88044705,1,2,Yushin Ito,54773249,yushin_20260726,zip,C:\Users\shiba\ptcc_pokemon_ai_buttle\data\runs\leaderboard_top50\alakazam\20260726_yushin_ito.zip,20260726_yushin_ito/episodes/88044705/replay/episode_88044705.json,0.7071067811865475,,validated_teacher_index
88045302,1,2,Yushin Ito,54773249,yushin_20260726,zip,C:\Users\shiba\ptcc_pokemon_ai_buttle\data\runs\leaderboard_top50\alakazam\20260726_yushin_ito.zip,20260726_yushin_ito/episodes/88045302/replay/episode_88045302.json,0.7071067811865475,,validated_teacher_index
88045844,0,2,Yushin Ito,54773249,yushin_20260726,zip,C:\Users\shiba\ptcc_pokemon_ai_buttle\data\runs\leaderboard_top50\alakazam\20260726_yushin_ito.zip,20260726_yushin_ito/episodes/88045844/replay/episode_88045844.json,0.7071067811865475,,validated_teacher_index
88046456,0,2,Yushin Ito,54773249,yushin_20260726,zip,C:\Users\shiba\ptcc_pokemon_ai_buttle\data\runs\leaderboard_top50\alakazam\20260726_yushin_ito.zip,20260726_yushin_ito/episodes/88046456/replay/episode_88046456.json,0.7071067811865475,,validated_teacher_index
88046992,1,2,Yushin Ito,54773249,yushin_20260726,zip,C:\Users\shiba\ptcc_pokemon_ai_buttle\data\runs\leaderboard_top50\alakazam\20260726_yushin_ito.zip,20260726_yushin_ito/episodes/88046992/replay/episode_88046992.json,0.7071067811865475,,validated_teacher_index
88047585,1,2,Yushin Ito,54773249,yushin_20260726,zip,C:\Users\shiba\ptcc_pokemon_ai_buttle\data\runs\leaderboard_top50\alakazam\20260726_yushin_ito.zip,20260726_yushin_ito/episodes/88047585/replay/episode_88047585.json,0.7071067811865475,,validated_teacher_index
88047589,0,2,Yushin Ito,54773249,yushin_20260726,zip,C:\Users\shiba\ptcc_pokemon_ai_buttle\data\runs\leaderboard_top50\alakazam\20260726_yushin_ito.zip,20260726_yushin_ito/episodes/88047589/replay/episode_88047589.json,0.7071067811865475,,validated_teacher_index
88048180,1,2,Yushin Ito,54773249,yushin_20260726,zip,C:\Users\shiba\ptcc_pokemon_ai_buttle\data\runs\leaderboard_top50\alakazam\20260726_yushin_ito.zip,20260726_yushin_ito/episodes/88048180/replay/episode_88048180.json,0.7071067811865475,,validated_teacher_index
88048197,1,2,Yushin Ito,54773249,yushin_20260726,zip,C:\Users\shiba\ptcc_pokemon_ai_buttle\data\runs\leaderboard_top50\alakazam\20260726_yushin_ito.zip,20260726_yushin_ito/episodes/88048197/replay/episode_88048197.json,0.7071067811865475,,validated_teacher_index
88048341,0,2,Yushin Ito,54773249,yushin_20260726,zip,C:\Users\shiba\ptcc_pokemon_ai_buttle\data\runs\leaderboard_top50\alakazam\20260726_yushin_ito.zip,20260726_yushin_ito/episodes/88048341/replay/episode_88048341.json,0.7071067811865475,,validated_teacher_index
88048789,1,2,Yushin Ito,54773249,yushin_20260726,zip,C:\Users\shiba\ptcc_pokemon_ai_buttle\data\runs\leaderboard_top50\alakazam\20260726_yushin_ito.zip,20260726_yushin_ito/episodes/88048789/replay/episode_88048789.json,0.7071067811865475,,validated_teacher_index
88048799,0,2,Yushin Ito,54773249,yushin_20260726,zip,C:\Users\shiba\ptcc_pokemon_ai_buttle\data\runs\leaderboard_top50\alakazam\20260726_yushin_ito.zip,20260726_yushin_ito/episodes/88048799/replay/episode_88048799.json,0.7071067811865475,,validated_teacher_index
88049321,1,2,Yushin Ito,54773249,yushin_20260726,zip,C:\Users\shiba\ptcc_pokemon_ai_buttle\data\runs\leaderboard_top50\alakazam\20260726_yushin_ito.zip,20260726_yushin_ito/episodes/88049321/replay/episode_88049321.json,0.7071067811865475,,validated_teacher_index
88049416,0,2,Yushin Ito,54773249,yushin_20260726,zip,C:\Users\shiba\ptcc_pokemon_ai_buttle\data\runs\leaderboard_top50\alakazam\20260726_yushin_ito.zip,20260726_yushin_ito/episodes/88049416/replay/episode_88049416.json,0.7071067811865475,,validated_teacher_index
88050020,0,2,Yushin Ito,54773249,yushin_20260726,zip,C:\Users\shiba\ptcc_pokemon_ai_buttle\data\runs\leaderboard_top50\alakazam\20260726_yushin_ito.zip,20260726_yushin_ito/episodes/88050020/replay/episode_88050020.json,0.7071067811865475,,validated_teacher_index
88050161,1,2,Yushin Ito,54773249,yushin_20260726,zip,C:\Users\shiba\ptcc_pokemon_ai_buttle\data\runs\leaderboard_top50\alakazam\20260726_yushin_ito.zip,20260726_yushin_ito/episodes/88050161/replay/episode_88050161.json,0.7071067811865475,,validated_teacher_index
88050641,0,2,Yushin Ito,54773249,yushin_20260726,zip,C:\Users\shiba\ptcc_pokemon_ai_buttle\data\runs\leaderboard_top50\alakazam\20260726_yushin_ito.zip,20260726_yushin_ito/episodes/88050641/replay/episode_88050641.json,0.7071067811865475,,validated_teacher_index
88051262,0,2,Yushin Ito,54773249,yushin_20260726,zip,C:\Users\shiba\ptcc_pokemon_ai_buttle\data\runs\leaderboard_top50\alakazam\20260726_yushin_ito.zip,20260726_yushin_ito/episodes/88051262/replay/episode_88051262.json,0.7071067811865475,,validated_teacher_index
88051265,0,2,Yushin Ito,54773249,yushin_20260726,zip,C:\Users\shiba\ptcc_pokemon_ai_buttle\data\runs\leaderboard_top50\alakazam\20260726_yushin_ito.zip,20260726_yushin_ito/episodes/88051265/replay/episode_88051265.json,0.7071067811865475,,validated_teacher_index
88051861,0,2,Yushin Ito,54773249,yushin_20260726,zip,C:\Users\shiba\ptcc_pokemon_ai_buttle\data\runs\leaderboard_top50\alakazam\20260726_yushin_ito.zip,20260726_yushin_ito/episodes/88051861/replay/episode_88051861.json,0.7071067811865475,,validated_teacher_index
88052461,0,2,Yushin Ito,54773249,yushin_20260726,zip,C:\Users\shiba\ptcc_pokemon_ai_buttle\data\runs\leaderboard_top50\alakazam\20260726_yushin_ito.zip,20260726_yushin_ito/episodes/88052461/replay/episode_88052461.json,0.7071067811865475,,validated_teacher_index
88052483,1,2,Yushin Ito,54773249,yushin_20260726,zip,C:\Users\shiba\ptcc_pokemon_ai_buttle\data\runs\leaderboard_top50\alakazam\20260726_yushin_ito.zip,20260726_yushin_ito/episodes/88052483/replay/episode_88052483.json,0.7071067811865475,,validated_teacher_index
88053090,1,2,Yushin Ito,54773249,yushin_20260726,zip,C:\Users\shiba\ptcc_pokemon_ai_buttle\data\runs\leaderboard_top50\alakazam\20260726_yushin_ito.zip,20260726_yushin_ito/episodes/88053090/replay/episode_88053090.json,0.7071067811865475,,validated_teacher_index
88053710,0,2,Yushin Ito,54773249,yushin_20260726,zip,C:\Users\shiba\ptcc_pokemon_ai_buttle\data\runs\leaderboard_top50\alakazam\20260726_yushin_ito.zip,20260726_yushin_ito/episodes/88053710/replay/episode_88053710.json,0.7071067811865475,,validated_teacher_index
88054339,0,2,Yushin Ito,54773249,yushin_20260726,zip,C:\Users\shiba\ptcc_pokemon_ai_buttle\data\runs\leaderboard_top50\alakazam\20260726_yushin_ito.zip,20260726_yushin_ito/episodes/88054339/replay/episode_88054339.json,0.7071067811865475,,validated_teacher_index
88054349,1,2,Yushin Ito,54773249,yushin_20260726,zip,C:\Users\shiba\ptcc_pokemon_ai_buttle\data\runs\leaderboard_top50\alakazam\20260726_yushin_ito.zip,20260726_yushin_ito/episodes/88054349/replay/episode_88054349.json,0.7071067811865475,,validated_teacher_index
88054953,0,2,Yushin Ito,54773249,yushin_20260726,zip,C:\Users\shiba\ptcc_pokemon_ai_buttle\data\runs\leaderboard_top50\alakazam\20260726_yushin_ito.zip,20260726_yushin_ito/episodes/88054953/replay/episode_88054953.json,0.7071067811865475,,validated_teacher_index
88055558,0,2,Yushin Ito,54773249,yushin_20260726,zip,C:\Users\shiba\ptcc_pokemon_ai_buttle\data\runs\leaderboard_top50\alakazam\20260726_yushin_ito.zip,20260726_yushin_ito/episodes/88055558/replay/episode_88055558.json,0.7071067811865475,,validated_teacher_index
88056173,0,2,Yushin Ito,54773249,yushin_20260726,zip,C:\Users\shiba\ptcc_pokemon_ai_buttle\data\runs\leaderboard_top50\alakazam\20260726_yushin_ito.zip,20260726_yushin_ito/episodes/88056173/replay/episode_88056173.json,0.7071067811865475,,validated_teacher_index
88056188,1,2,Yushin Ito,54773249,yushin_20260726,zip,C:\Users\shiba\ptcc_pokemon_ai_buttle\data\runs\leaderboard_top50\alakazam\20260726_yushin_ito.zip,20260726_yushin_ito/episodes/88056188/replay/episode_88056188.json,0.7071067811865475,,validated_teacher_index
88057437,0,2,Yushin Ito,54773249,yushin_20260726,zip,C:\Users\shiba\ptcc_pokemon_ai_buttle\data\runs\leaderboard_top50\alakazam\20260726_yushin_ito.zip,20260726_yushin_ito/episodes/88057437/replay/episode_88057437.json,0.7071067811865475,,validated_teacher_index
88060524,1,2,Yushin Ito,54773249,yushin_20260726,zip,C:\Users\shiba\ptcc_pokemon_ai_buttle\data\runs\leaderboard_top50\alakazam\20260726_yushin_ito.zip,20260726_yushin_ito/episodes/88060524/replay/episode_88060524.json,0.7071067811865475,,validated_teacher_index
88062284,1,2,Yushin Ito,54773249,yushin_20260726,zip,C:\Users\shiba\ptcc_pokemon_ai_buttle\data\runs\leaderboard_top50\alakazam\20260726_yushin_ito.zip,20260726_yushin_ito/episodes/88062284/replay/episode_88062284.json,0.7071067811865475,,validated_teacher_index
88063466,1,2,Yushin Ito,54773249,yushin_20260726,zip,C:\Users\shiba\ptcc_pokemon_ai_buttle\data\runs\leaderboard_top50\alakazam\20260726_yushin_ito.zip,20260726_yushin_ito/episodes/88063466/replay/episode_88063466.json,0.7071067811865475,,validated_teacher_index
88063594,1,2,Yushin Ito,54773249,yushin_20260726,zip,C:\Users\shiba\ptcc_pokemon_ai_buttle\data\runs\leaderboard_top50\alakazam\20260726_yushin_ito.zip,20260726_yushin_ito/episodes/88063594/replay/episode_88063594.json,0.7071067811865475,,validated_teacher_index
88064193,0,2,Yushin Ito,54773249,yushin_20260726,zip,C:\Users\shiba\ptcc_pokemon_ai_buttle\data\runs\leaderboard_top50\alakazam\20260726_yushin_ito.zip,20260726_yushin_ito/episodes/88064193/replay/episode_88064193.json,0.7071067811865475,,validated_teacher_index
88064664,0,2,Yushin Ito,54773249,yushin_20260726,zip,C:\Users\shiba\ptcc_pokemon_ai_buttle\data\runs\leaderboard_top50\alakazam\20260726_yushin_ito.zip,20260726_yushin_ito/episodes/88064664/replay/episode_88064664.json,0.7071067811865475,,validated_teacher_index
88065410,1,2,Yushin Ito,54773249,yushin_20260726,zip,C:\Users\shiba\ptcc_pokemon_ai_buttle\data\runs\leaderboard_top50\alakazam\20260726_yushin_ito.zip,20260726_yushin_ito/episodes/88065410/replay/episode_88065410.json,0.7071067811865475,,validated_teacher_index
88066548,0,2,Yushin Ito,54773249,yushin_20260726,zip,C:\Users\shiba\ptcc_pokemon_ai_buttle\data\runs\leaderboard_top50\alakazam\20260726_yushin_ito.zip,20260726_yushin_ito/episodes/88066548/replay/episode_88066548.json,0.7071067811865475,,validated_teacher_index
88068134,0,2,Yushin Ito,54773249,yushin_20260726,zip,C:\Users\shiba\ptcc_pokemon_ai_buttle\data\runs\leaderboard_top50\alakazam\20260726_yushin_ito.zip,20260726_yushin_ito/episodes/88068134/replay/episode_88068134.json,0.7071067811865475,,validated_teacher_index
88068312,0,2,Yushin Ito,54773249,yushin_20260726,zip,C:\Users\shiba\ptcc_pokemon_ai_buttle\data\runs\leaderboard_top50\alakazam\20260726_yushin_ito.zip,20260726_yushin_ito/episodes/88068312/replay/episode_88068312.json,0.7071067811865475,,validated_teacher_index
88072129,0,2,Yushin Ito,54773249,yushin_20260726,zip,C:\Users\shiba\ptcc_pokemon_ai_buttle\data\runs\leaderboard_top50\alakazam\20260726_yushin_ito.zip,20260726_yushin_ito/episodes/88072129/replay/episode_88072129.json,0.7071067811865475,,validated_teacher_index
88075053,1,2,Yushin Ito,54773249,yushin_20260726,zip,C:\Users\shiba\ptcc_pokemon_ai_buttle\data\runs\leaderboard_top50\alakazam\20260726_yushin_ito.zip,20260726_yushin_ito/episodes/88075053/replay/episode_88075053.json,0.7071067811865475,,validated_teacher_index
88075150,1,2,Yushin Ito,54773249,yushin_20260726,zip,C:\Users\shiba\ptcc_pokemon_ai_buttle\data\runs\leaderboard_top50\alakazam\20260726_yushin_ito.zip,20260726_yushin_ito/episodes/88075150/replay/episode_88075150.json,0.7071067811865475,,validated_teacher_index
88084547,0,2,Yushin Ito,54773249,yushin_20260726,zip,C:\Users\shiba\ptcc_pokemon_ai_buttle\data\runs\leaderboard_top50\alakazam\20260726_yushin_ito.zip,20260726_yushin_ito/episodes/88084547/replay/episode_88084547.json,0.7071067811865475,,validated_teacher_index
88086083,1,2,Yushin Ito,54773249,yushin_20260726,zip,C:\Users\shiba\ptcc_pokemon_ai_buttle\data\runs\leaderboard_top50\alakazam\20260726_yushin_ito.zip,20260726_yushin_ito/episodes/88086083/replay/episode_88086083.json,0.7071067811865475,,validated_teacher_index
88091225,1,2,Yushin Ito,54773249,yushin_20260726,zip,C:\Users\shiba\ptcc_pokemon_ai_buttle\data\runs\leaderboard_top50\alakazam\20260726_yushin_ito.zip,20260726_yushin_ito/episodes/88091225/replay/episode_88091225.json,0.7071067811865475,,validated_teacher_index
88097222,0,2,Yushin Ito,54773249,yushin_20260726,zip,C:\Users\shiba\ptcc_pokemon_ai_buttle\data\runs\leaderboard_top50\alakazam\20260726_yushin_ito.zip,20260726_yushin_ito/episodes/88097222/replay/episode_88097222.json,0.7071067811865475,,validated_teacher_index
88104541,0,2,Yushin Ito,54773249,yushin_20260726,zip,C:\Users\shiba\ptcc_pokemon_ai_buttle\data\runs\leaderboard_top50\alakazam\20260726_yushin_ito.zip,20260726_yushin_ito/episodes/88104541/replay/episode_88104541.json,0.7071067811865475,,validated_teacher_index
88109567,0,2,Yushin Ito,54773249,yushin_20260726,zip,C:\Users\shiba\ptcc_pokemon_ai_buttle\data\runs\leaderboard_top50\alakazam\20260726_yushin_ito.zip,20260726_yushin_ito/episodes/88109567/replay/episode_88109567.json,0.7071067811865475,,validated_teacher_index
88110517,1,2,Yushin Ito,54773249,yushin_20260726,zip,C:\Users\shiba\ptcc_pokemon_ai_buttle\data\runs\leaderboard_top50\alakazam\20260726_yushin_ito.zip,20260726_yushin_ito/episodes/88110517/replay/episode_88110517.json,0.7071067811865475,,validated_teacher_index
88112155,1,2,Yushin Ito,54773249,yushin_20260726,zip,C:\Users\shiba\ptcc_pokemon_ai_buttle\data\runs\leaderboard_top50\alakazam\20260726_yushin_ito.zip,20260726_yushin_ito/episodes/88112155/replay/episode_88112155.json,0.7071067811865475,,validated_teacher_index
88112442,0,2,Yushin Ito,54773249,yushin_20260726,zip,C:\Users\shiba\ptcc_pokemon_ai_buttle\data\runs\leaderboard_top50\alakazam\20260726_yushin_ito.zip,20260726_yushin_ito/episodes/88112442/replay/episode_88112442.json,0.7071067811865475,,validated_teacher_index
88112631,0,2,Yushin Ito,54773249,yushin_20260726,zip,C:\Users\shiba\ptcc_pokemon_ai_buttle\data\runs\leaderboard_top50\alakazam\20260726_yushin_ito.zip,20260726_yushin_ito/episodes/88112631/replay/episode_88112631.json,0.7071067811865475,,validated_teacher_index
88113176,0,2,Yushin Ito,54773249,yushin_20260726,zip,C:\Users\shiba\ptcc_pokemon_ai_buttle\data\runs\leaderboard_top50\alakazam\20260726_yushin_ito.zip,20260726_yushin_ito/episodes/88113176/replay/episode_88113176.json,0.7071067811865475,,validated_teacher_index
88113721,0,2,Yushin Ito,54773249,yushin_20260726,zip,C:\Users\shiba\ptcc_pokemon_ai_buttle\data\runs\leaderboard_top50\alakazam\20260726_yushin_ito.zip,20260726_yushin_ito/episodes/88113721/replay/episode_88113721.json,0.7071067811865475,,validated_teacher_index
88114282,0,2,Yushin Ito,54773249,yushin_20260726,zip,C:\Users\shiba\ptcc_pokemon_ai_buttle\data\runs\leaderboard_top50\alakazam\20260726_yushin_ito.zip,20260726_yushin_ito/episodes/88114282/replay/episode_88114282.json,0.7071067811865475,,validated_teacher_index
88114826,0,2,Yushin Ito,54773249,yushin_20260726,zip,C:\Users\shiba\ptcc_pokemon_ai_buttle\data\runs\leaderboard_top50\alakazam\20260726_yushin_ito.zip,20260726_yushin_ito/episodes/88114826/replay/episode_88114826.json,0.7071067811865475,,validated_teacher_index
88114833,1,2,Yushin Ito,54773249,yushin_20260726,zip,C:\Users\shiba\ptcc_pokemon_ai_buttle\data\runs\leaderboard_top50\alakazam\20260726_yushin_ito.zip,20260726_yushin_ito/episodes/88114833/replay/episode_88114833.json,0.7071067811865475,,validated_teacher_index
88114846,1,2,Yushin Ito,54773249,yushin_20260726,zip,C:\Users\shiba\ptcc_pokemon_ai_buttle\data\runs\leaderboard_top50\alakazam\20260726_yushin_ito.zip,20260726_yushin_ito/episodes/88114846/replay/episode_88114846.json,0.7071067811865475,,validated_teacher_index
88114881,1,2,Yushin Ito,54773249,yushin_20260726,zip,C:\Users\shiba\ptcc_pokemon_ai_buttle\data\runs\leaderboard_top50\alakazam\20260726_yushin_ito.zip,20260726_yushin_ito/episodes/88114881/replay/episode_88114881.json,0.7071067811865475,,validated_teacher_index
88115394,0,2,Yushin Ito,54773249,yushin_20260726,zip,C:\Users\shiba\ptcc_pokemon_ai_buttle\data\runs\leaderboard_top50\alakazam\20260726_yushin_ito.zip,20260726_yushin_ito/episodes/88115394/replay/episode_88115394.json,0.7071067811865475,,validated_teacher_index
88115774,1,2,Yushin Ito,54773249,yushin_20260726,zip,C:\Users\shiba\ptcc_pokemon_ai_buttle\data\runs\leaderboard_top50\alakazam\20260726_yushin_ito.zip,20260726_yushin_ito/episodes/88115774/replay/episode_88115774.json,0.7071067811865475,,validated_teacher_index
88115948,1,2,Yushin Ito,54773249,yushin_20260726,zip,C:\Users\shiba\ptcc_pokemon_ai_buttle\data\runs\leaderboard_top50\alakazam\20260726_yushin_ito.zip,20260726_yushin_ito/episodes/88115948/replay/episode_88115948.json,0.7071067811865475,,validated_teacher_index
88116458,0,2,Yushin Ito,54773249,yushin_20260726,zip,C:\Users\shiba\ptcc_pokemon_ai_buttle\data\runs\leaderboard_top50\alakazam\20260726_yushin_ito.zip,20260726_yushin_ito/episodes/88116458/replay/episode_88116458.json,0.7071067811865475,,validated_teacher_index
88116992,1,2,Yushin Ito,54773249,yushin_20260726,zip,C:\Users\shiba\ptcc_pokemon_ai_buttle\data\runs\leaderboard_top50\alakazam\20260726_yushin_ito.zip,20260726_yushin_ito/episodes/88116992/replay/episode_88116992.json,0.7071067811865475,,validated_teacher_index
88117517,0,2,Yushin Ito,54773249,yushin_20260726,zip,C:\Users\shiba\ptcc_pokemon_ai_buttle\data\runs\leaderboard_top50\alakazam\20260726_yushin_ito.zip,20260726_yushin_ito/episodes/88117517/replay/episode_88117517.json,0.7071067811865475,,validated_teacher_index
88118038,1,2,Yushin Ito,54773249,yushin_20260726,zip,C:\Users\shiba\ptcc_pokemon_ai_buttle\data\runs\leaderboard_top50\alakazam\20260726_yushin_ito.zip,20260726_yushin_ito/episodes/88118038/replay/episode_88118038.json,0.7071067811865475,,validated_teacher_index
88118553,1,2,Yushin Ito,54773249,yushin_20260726,zip,C:\Users\shiba\ptcc_pokemon_ai_buttle\data\runs\leaderboard_top50\alakazam\20260726_yushin_ito.zip,20260726_yushin_ito/episodes/88118553/replay/episode_88118553.json,0.7071067811865475,,validated_teacher_index
88118558,0,2,Yushin Ito,54773249,yushin_20260726,zip,C:\Users\shiba\ptcc_pokemon_ai_buttle\data\runs\leaderboard_top50\alakazam\20260726_yushin_ito.zip,20260726_yushin_ito/episodes/88118558/replay/episode_88118558.json,0.7071067811865475,,validated_teacher_index
88119085,0,2,Yushin Ito,54773249,yushin_20260726,zip,C:\Users\shiba\ptcc_pokemon_ai_buttle\data\runs\leaderboard_top50\alakazam\20260726_yushin_ito.zip,20260726_yushin_ito/episodes/88119085/replay/episode_88119085.json,0.7071067811865475,,validated_teacher_index
88119603,1,2,Yushin Ito,54773249,yushin_20260726,zip,C:\Users\shiba\ptcc_pokemon_ai_buttle\data\runs\leaderboard_top50\alakazam\20260726_yushin_ito.zip,20260726_yushin_ito/episodes/88119603/replay/episode_88119603.json,0.7071067811865475,,validated_teacher_index
88120120,1,2,Yushin Ito,54773249,yushin_20260726,zip,C:\Users\shiba\ptcc_pokemon_ai_buttle\data\runs\leaderboard_top50\alakazam\20260726_yushin_ito.zip,20260726_yushin_ito/episodes/88120120/replay/episode_88120120.json,0.7071067811865475,,validated_teacher_index
88120632,1,2,Yushin Ito,54773249,yushin_20260726,zip,C:\Users\shiba\ptcc_pokemon_ai_buttle\data\runs\leaderboard_top50\alakazam\20260726_yushin_ito.zip,20260726_yushin_ito/episodes/88120632/replay/episode_88120632.json,0.7071067811865475,,validated_teacher_index
88121151,1,2,Yushin Ito,54773249,yushin_20260726,zip,C:\Users\shiba\ptcc_pokemon_ai_buttle\data\runs\leaderboard_top50\alakazam\20260726_yushin_ito.zip,20260726_yushin_ito/episodes/88121151/replay/episode_88121151.json,0.7071067811865475,,validated_teacher_index
88121162,0,2,Yushin Ito,54773249,yushin_20260726,zip,C:\Users\shiba\ptcc_pokemon_ai_buttle\data\runs\leaderboard_top50\alakazam\20260726_yushin_ito.zip,20260726_yushin_ito/episodes/88121162/replay/episode_88121162.json,0.7071067811865475,,validated_teacher_index
88121680,1,2,Yushin Ito,54773249,yushin_20260726,zip,C:\Users\shiba\ptcc_pokemon_ai_buttle\data\runs\leaderboard_top50\alakazam\20260726_yushin_ito.zip,20260726_yushin_ito/episodes/88121680/replay/episode_88121680.json,0.7071067811865475,,validated_teacher_index
88122193,0,2,Yushin Ito,54773249,yushin_20260726,zip,C:\Users\shiba\ptcc_pokemon_ai_buttle\data\runs\leaderboard_top50\alakazam\20260726_yushin_ito.zip,20260726_yushin_ito/episodes/88122193/replay/episode_88122193.json,0.7071067811865475,,validated_teacher_index
88122710,0,2,Yushin Ito,54773249,yushin_20260726,zip,C:\Users\shiba\ptcc_pokemon_ai_buttle\data\runs\leaderboard_top50\alakazam\20260726_yushin_ito.zip,20260726_yushin_ito/episodes/88122710/replay/episode_88122710.json,0.7071067811865475,,validated_teacher_index
88122719,0,2,Yushin Ito,54773249,yushin_20260726,zip,C:\Users\shiba\ptcc_pokemon_ai_buttle\data\runs\leaderboard_top50\alakazam\20260726_yushin_ito.zip,20260726_yushin_ito/episodes/88122719/replay/episode_88122719.json,0.7071067811865475,,validated_teacher_index
88123223,1,2,Yushin Ito,54773249,yushin_20260726,zip,C:\Users\shiba\ptcc_pokemon_ai_buttle\data\runs\leaderboard_top50\alakazam\20260726_yushin_ito.zip,20260726_yushin_ito/episodes/88123223/replay/episode_88123223.json,0.7071067811865475,,validated_teacher_index
88123239,1,2,Yushin Ito,54773249,yushin_20260726,zip,C:\Users\shiba\ptcc_pokemon_ai_buttle\data\runs\leaderboard_top50\alakazam\20260726_yushin_ito.zip,20260726_yushin_ito/episodes/88123239/replay/episode_88123239.json,0.7071067811865475,,validated_teacher_index
88123742,0,2,Yushin Ito,54773249,yushin_20260726,zip,C:\Users\shiba\ptcc_pokemon_ai_buttle\data\runs\leaderboard_top50\alakazam\20260726_yushin_ito.zip,20260726_yushin_ito/episodes/88123742/replay/episode_88123742.json,0.7071067811865475,,validated_teacher_index
88124254,0,2,Yushin Ito,54773249,yushin_20260726,zip,C:\Users\shiba\ptcc_pokemon_ai_buttle\data\runs\leaderboard_top50\alakazam\20260726_yushin_ito.zip,20260726_yushin_ito/episodes/88124254/replay/episode_88124254.json,0.7071067811865475,,validated_teacher_index
88124262,0,2,Yushin Ito,54773249,yushin_20260726,zip,C:\Users\shiba\ptcc_pokemon_ai_buttle\data\runs\leaderboard_top50\alakazam\20260726_yushin_ito.zip,20260726_yushin_ito/episodes/88124262/replay/episode_88124262.json,0.7071067811865475,,validated_teacher_index
88124783,1,2,Yushin Ito,54773249,yushin_20260726,zip,C:\Users\shiba\ptcc_pokemon_ai_buttle\data\runs\leaderboard_top50\alakazam\20260726_yushin_ito.zip,20260726_yushin_ito/episodes/88124783/replay/episode_88124783.json,0.7071067811865475,,validated_teacher_index
88125290,1,2,Yushin Ito,54773249,yushin_20260726,zip,C:\Users\shiba\ptcc_pokemon_ai_buttle\data\runs\leaderboard_top50\alakazam\20260726_yushin_ito.zip,20260726_yushin_ito/episodes/88125290/replay/episode_88125290.json,0.7071067811865475,,validated_teacher_index
88125311,0,2,Yushin Ito,54773249,yushin_20260726,zip,C:\Users\shiba\ptcc_pokemon_ai_buttle\data\runs\leaderboard_top50\alakazam\20260726_yushin_ito.zip,20260726_yushin_ito/episodes/88125311/replay/episode_88125311.json,0.7071067811865475,,validated_teacher_index
88125823,0,2,Yushin Ito,54773249,yushin_20260726,zip,C:\Users\shiba\ptcc_pokemon_ai_buttle\data\runs\leaderboard_top50\alakazam\20260726_yushin_ito.zip,20260726_yushin_ito/episodes/88125823/replay/episode_88125823.json,0.7071067811865475,,validated_teacher_index
88125836,0,2,Yushin Ito,54773249,yushin_20260726,zip,C:\Users\shiba\ptcc_pokemon_ai_buttle\data\runs\leaderboard_top50\alakazam\20260726_yushin_ito.zip,20260726_yushin_ito/episodes/88125836/replay/episode_88125836.json,0.7071067811865475,,validated_teacher_index
88126347,0,2,Yushin Ito,54773249,yushin_20260726,zip,C:\Users\shiba\ptcc_pokemon_ai_buttle\data\runs\leaderboard_top50\alakazam\20260726_yushin_ito.zip,20260726_yushin_ito/episodes/88126347/replay/episode_88126347.json,0.7071067811865475,,validated_teacher_index
88126877,0,2,Yushin Ito,54773249,yushin_20260726,zip,C:\Users\shiba\ptcc_pokemon_ai_buttle\data\runs\leaderboard_top50\alakazam\20260726_yushin_ito.zip,20260726_yushin_ito/episodes/88126877/replay/episode_88126877.json,0.7071067811865475,,validated_teacher_index
88127392,0,2,Yushin Ito,54773249,yushin_20260726,zip,C:\Users\shiba\ptcc_pokemon_ai_buttle\data\runs\leaderboard_top50\alakazam\20260726_yushin_ito.zip,20260726_yushin_ito/episodes/88127392/replay/episode_88127392.json,0.7071067811865475,,validated_teacher_index
88127903,0,2,Yushin Ito,54773249,yushin_20260726,zip,C:\Users\shiba\ptcc_pokemon_ai_buttle\data\runs\leaderboard_top50\alakazam\20260726_yushin_ito.zip,20260726_yushin_ito/episodes/88127903/replay/episode_88127903.json,0.7071067811865475,,validated_teacher_index
88128362,1,2,Yushin Ito,54773249,yushin_20260726,zip,C:\Users\shiba\ptcc_pokemon_ai_buttle\data\runs\leaderboard_top50\alakazam\20260726_yushin_ito.zip,20260726_yushin_ito/episodes/88128362/replay/episode_88128362.json,0.7071067811865475,,validated_teacher_index
88128412,1,2,Yushin Ito,54773249,yushin_20260726,zip,C:\Users\shiba\ptcc_pokemon_ai_buttle\data\runs\leaderboard_top50\alakazam\20260726_yushin_ito.zip,20260726_yushin_ito/episodes/88128412/replay/episode_88128412.json,0.7071067811865475,,validated_teacher_index
88128821,0,2,Yushin Ito,54773249,yushin_20260726,zip,C:\Users\shiba\ptcc_pokemon_ai_buttle\data\runs\leaderboard_top50\alakazam\20260726_yushin_ito.zip,20260726_yushin_ito/episodes/88128821/replay/episode_88128821.json,0.7071067811865475,,validated_teacher_index
88128944,1,2,Yushin Ito,54773249,yushin_20260726,zip,C:\Users\shiba\ptcc_pokemon_ai_buttle\data\runs\leaderboard_top50\alakazam\20260726_yushin_ito.zip,20260726_yushin_ito/episodes/88128944/replay/episode_88128944.json,0.7071067811865475,,validated_teacher_index
88129469,1,2,Yushin Ito,54773249,yushin_20260726,zip,C:\Users\shiba\ptcc_pokemon_ai_buttle\data\runs\leaderboard_top50\alakazam\20260726_yushin_ito.zip,20260726_yushin_ito/episodes/88129469/replay/episode_88129469.json,0.7071067811865475,,validated_teacher_index
88129975,1,2,Yushin Ito,54773249,yushin_20260726,zip,C:\Users\shiba\ptcc_pokemon_ai_buttle\data\runs\leaderboard_top50\alakazam\20260726_yushin_ito.zip,20260726_yushin_ito/episodes/88129975/replay/episode_88129975.json,0.7071067811865475,,validated_teacher_index
88130493,0,2,Yushin Ito,54773249,yushin_20260726,zip,C:\Users\shiba\ptcc_pokemon_ai_buttle\data\runs\leaderboard_top50\alakazam\20260726_yushin_ito.zip,20260726_yushin_ito/episodes/88130493/replay/episode_88130493.json,0.7071067811865475,,validated_teacher_index
88131012,1,2,Yushin Ito,54773249,yushin_20260726,zip,C:\Users\shiba\ptcc_pokemon_ai_buttle\data\runs\leaderboard_top50\alakazam\20260726_yushin_ito.zip,20260726_yushin_ito/episodes/88131012/replay/episode_88131012.json,0.7071067811865475,,validated_teacher_index
88131516,1,2,Yushin Ito,54773249,yushin_20260726,zip,C:\Users\shiba\ptcc_pokemon_ai_buttle\data\runs\leaderboard_top50\alakazam\20260726_yushin_ito.zip,20260726_yushin_ito/episodes/88131516/replay/episode_88131516.json,0.7071067811865475,,validated_teacher_index
88131525,0,2,Yushin Ito,54773249,yushin_20260726,zip,C:\Users\shiba\ptcc_pokemon_ai_buttle\data\runs\leaderboard_top50\alakazam\20260726_yushin_ito.zip,20260726_yushin_ito/episodes/88131525/replay/episode_88131525.json,0.7071067811865475,,validated_teacher_index
88132045,0,2,Yushin Ito,54773249,yushin_20260726,zip,C:\Users\shiba\ptcc_pokemon_ai_buttle\data\runs\leaderboard_top50\alakazam\20260726_yushin_ito.zip,20260726_yushin_ito/episodes/88132045/replay/episode_88132045.json,0.7071067811865475,,validated_teacher_index
88132572,1,2,Yushin Ito,54773249,yushin_20260726,zip,C:\Users\shiba\ptcc_pokemon_ai_buttle\data\runs\leaderboard_top50\alakazam\20260726_yushin_ito.zip,20260726_yushin_ito/episodes/88132572/replay/episode_88132572.json,0.7071067811865475,,validated_teacher_index
88133094,0,2,Yushin Ito,54773249,yushin_20260726,zip,C:\Users\shiba\ptcc_pokemon_ai_buttle\data\runs\leaderboard_top50\alakazam\20260726_yushin_ito.zip,20260726_yushin_ito/episodes/88133094/replay/episode_88133094.json,0.7071067811865475,,validated_teacher_index
88133096,0,2,Yushin Ito,54773249,yushin_20260726,zip,C:\Users\shiba\ptcc_pokemon_ai_buttle\data\runs\leaderboard_top50\alakazam\20260726_yushin_ito.zip,20260726_yushin_ito/episodes/88133096/replay/episode_88133096.json,0.7071067811865475,,validated_teacher_index
88133617,1,2,Yushin Ito,54773249,yushin_20260726,zip,C:\Users\shiba\ptcc_pokemon_ai_buttle\data\runs\leaderboard_top50\alakazam\20260726_yushin_ito.zip,20260726_yushin_ito/episodes/88133617/replay/episode_88133617.json,0.7071067811865475,,validated_teacher_index
88134128,1,2,Yushin Ito,54773249,yushin_20260726,zip,C:\Users\shiba\ptcc_pokemon_ai_buttle\data\runs\leaderboard_top50\alakazam\20260726_yushin_ito.zip,20260726_yushin_ito/episodes/88134128/replay/episode_88134128.json,0.7071067811865475,,validated_teacher_index
88134644,0,2,Yushin Ito,54773249,yushin_20260726,zip,C:\Users\shiba\ptcc_pokemon_ai_buttle\data\runs\leaderboard_top50\alakazam\20260726_yushin_ito.zip,20260726_yushin_ito/episodes/88134644/replay/episode_88134644.json,0.7071067811865475,,validated_teacher_index
88134646,0,2,Yushin Ito,54773249,yushin_20260726,zip,C:\Users\shiba\ptcc_pokemon_ai_buttle\data\runs\leaderboard_top50\alakazam\20260726_yushin_ito.zip,20260726_yushin_ito/episodes/88134646/replay/episode_88134646.json,0.7071067811865475,,validated_teacher_index
88134665,0,2,Yushin Ito,54773249,yushin_20260726,zip,C:\Users\shiba\ptcc_pokemon_ai_buttle\data\runs\leaderboard_top50\alakazam\20260726_yushin_ito.zip,20260726_yushin_ito/episodes/88134665/replay/episode_88134665.json,0.7071067811865475,,validated_teacher_index
88134672,0,2,Yushin Ito,54773249,yushin_20260726,zip,C:\Users\shiba\ptcc_pokemon_ai_buttle\data\runs\leaderboard_top50\alakazam\20260726_yushin_ito.zip,20260726_yushin_ito/episodes/88134672/replay/episode_88134672.json,0.7071067811865475,,validated_teacher_index
88135173,0,2,Yushin Ito,54773249,yushin_20260726,zip,C:\Users\shiba\ptcc_pokemon_ai_buttle\data\runs\leaderboard_top50\alakazam\20260726_yushin_ito.zip,20260726_yushin_ito/episodes/88135173/replay/episode_88135173.json,0.7071067811865475,,validated_teacher_index
88135713,1,2,Yushin Ito,54773249,yushin_20260726,zip,C:\Users\shiba\ptcc_pokemon_ai_buttle\data\runs\leaderboard_top50\alakazam\20260726_yushin_ito.zip,20260726_yushin_ito/episodes/88135713/replay/episode_88135713.json,0.7071067811865475,,validated_teacher_index
88135724,0,2,Yushin Ito,54773249,yushin_20260726,zip,C:\Users\shiba\ptcc_pokemon_ai_buttle\data\runs\leaderboard_top50\alakazam\20260726_yushin_ito.zip,20260726_yushin_ito/episodes/88135724/replay/episode_88135724.json,0.7071067811865475,,validated_teacher_index
88136250,1,2,Yushin Ito,54773249,yushin_20260726,zip,C:\Users\shiba\ptcc_pokemon_ai_buttle\data\runs\leaderboard_top50\alakazam\20260726_yushin_ito.zip,20260726_yushin_ito/episodes/88136250/replay/episode_88136250.json,0.7071067811865475,,validated_teacher_index
88136273,0,2,Yushin Ito,54773249,yushin_20260726,zip,C:\Users\shiba\ptcc_pokemon_ai_buttle\data\runs\leaderboard_top50\alakazam\20260726_yushin_ito.zip,20260726_yushin_ito/episodes/88136273/replay/episode_88136273.json,0.7071067811865475,,validated_teacher_index
88136761,0,2,Yushin Ito,54773249,yushin_20260726,zip,C:\Users\shiba\ptcc_pokemon_ai_buttle\data\runs\leaderboard_top50\alakazam\20260726_yushin_ito.zip,20260726_yushin_ito/episodes/88136761/replay/episode_88136761.json,0.7071067811865475,,validated_teacher_index
88137278,0,2,Yushin Ito,54773249,yushin_20260726,zip,C:\Users\shiba\ptcc_pokemon_ai_buttle\data\runs\leaderboard_top50\alakazam\20260726_yushin_ito.zip,20260726_yushin_ito/episodes/88137278/replay/episode_88137278.json,0.7071067811865475,,validated_teacher_index
88137799,0,2,Yushin Ito,54773249,yushin_20260726,zip,C:\Users\shiba\ptcc_pokemon_ai_buttle\data\runs\leaderboard_top50\alakazam\20260726_yushin_ito.zip,20260726_yushin_ito/episodes/88137799/replay/episode_88137799.json,0.7071067811865475,,validated_teacher_index
88138326,0,2,Yushin Ito,54773249,yushin_20260726,zip,C:\Users\shiba\ptcc_pokemon_ai_buttle\data\runs\leaderboard_top50\alakazam\20260726_yushin_ito.zip,20260726_yushin_ito/episodes/88138326/replay/episode_88138326.json,0.7071067811865475,,validated_teacher_index
88138331,0,2,Yushin Ito,54773249,yushin_20260726,zip,C:\Users\shiba\ptcc_pokemon_ai_buttle\data\runs\leaderboard_top50\alakazam\20260726_yushin_ito.zip,20260726_yushin_ito/episodes/88138331/replay/episode_88138331.json,0.7071067811865475,,validated_teacher_index
88138842,1,2,Yushin Ito,54773249,yushin_20260726,zip,C:\Users\shiba\ptcc_pokemon_ai_buttle\data\runs\leaderboard_top50\alakazam\20260726_yushin_ito.zip,20260726_yushin_ito/episodes/88138842/replay/episode_88138842.json,0.7071067811865475,,validated_teacher_index
88139353,1,2,Yushin Ito,54773249,yushin_20260726,zip,C:\Users\shiba\ptcc_pokemon_ai_buttle\data\runs\leaderboard_top50\alakazam\20260726_yushin_ito.zip,20260726_yushin_ito/episodes/88139353/replay/episode_88139353.json,0.7071067811865475,,validated_teacher_index
88139413,0,2,Yushin Ito,54773249,yushin_20260726,zip,C:\Users\shiba\ptcc_pokemon_ai_buttle\data\runs\leaderboard_top50\alakazam\20260726_yushin_ito.zip,20260726_yushin_ito/episodes/88139413/replay/episode_88139413.json,0.7071067811865475,,validated_teacher_index
88139886,0,2,Yushin Ito,54773249,yushin_20260726,zip,C:\Users\shiba\ptcc_pokemon_ai_buttle\data\runs\leaderboard_top50\alakazam\20260726_yushin_ito.zip,20260726_yushin_ito/episodes/88139886/replay/episode_88139886.json,0.7071067811865475,,validated_teacher_index
88139890,1,2,Yushin Ito,54773249,yushin_20260726,zip,C:\Users\shiba\ptcc_pokemon_ai_buttle\data\runs\leaderboard_top50\alakazam\20260726_yushin_ito.zip,20260726_yushin_ito/episodes/88139890/replay/episode_88139890.json,0.7071067811865475,,validated_teacher_index
88140400,1,2,Yushin Ito,54773249,yushin_20260726,zip,C:\Users\shiba\ptcc_pokemon_ai_buttle\data\runs\leaderboard_top50\alakazam\20260726_yushin_ito.zip,20260726_yushin_ito/episodes/88140400/replay/episode_88140400.json,0.7071067811865475,,validated_teacher_index
88140941,0,2,Yushin Ito,54773249,yushin_20260726,zip,C:\Users\shiba\ptcc_pokemon_ai_buttle\data\runs\leaderboard_top50\alakazam\20260726_yushin_ito.zip,20260726_yushin_ito/episodes/88140941/replay/episode_88140941.json,0.7071067811865475,,validated_teacher_index
88141456,1,2,Yushin Ito,54773249,yushin_20260726,zip,C:\Users\shiba\ptcc_pokemon_ai_buttle\data\runs\leaderboard_top50\alakazam\20260726_yushin_ito.zip,20260726_yushin_ito/episodes/88141456/replay/episode_88141456.json,0.7071067811865475,,validated_teacher_index
88141973,0,2,Yushin Ito,54773249,yushin_20260726,zip,C:\Users\shiba\ptcc_pokemon_ai_buttle\data\runs\leaderboard_top50\alakazam\20260726_yushin_ito.zip,20260726_yushin_ito/episodes/88141973/replay/episode_88141973.json,0.7071067811865475,,validated_teacher_index
88141995,0,2,Yushin Ito,54773249,yushin_20260726,zip,C:\Users\shiba\ptcc_pokemon_ai_buttle\data\runs\leaderboard_top50\alakazam\20260726_yushin_ito.zip,20260726_yushin_ito/episodes/88141995/replay/episode_88141995.json,0.7071067811865475,,validated_teacher_index
88142500,1,2,Yushin Ito,54773249,yushin_20260726,zip,C:\Users\shiba\ptcc_pokemon_ai_buttle\data\runs\leaderboard_top50\alakazam\20260726_yushin_ito.zip,20260726_yushin_ito/episodes/88142500/replay/episode_88142500.json,0.7071067811865475,,validated_teacher_index
88142504,1,2,Yushin Ito,54773249,yushin_20260726,zip,C:\Users\shiba\ptcc_pokemon_ai_buttle\data\runs\leaderboard_top50\alakazam\20260726_yushin_ito.zip,20260726_yushin_ito/episodes/88142504/replay/episode_88142504.json,0.7071067811865475,,validated_teacher_index
88143032,0,2,Yushin Ito,54773249,yushin_20260726,zip,C:\Users\shiba\ptcc_pokemon_ai_buttle\data\runs\leaderboard_top50\alakazam\20260726_yushin_ito.zip,20260726_yushin_ito/episodes/88143032/replay/episode_88143032.json,0.7071067811865475,,validated_teacher_index
88143561,1,2,Yushin Ito,54773249,yushin_20260726,zip,C:\Users\shiba\ptcc_pokemon_ai_buttle\data\runs\leaderboard_top50\alakazam\20260726_yushin_ito.zip,20260726_yushin_ito/episodes/88143561/replay/episode_88143561.json,0.7071067811865475,,validated_teacher_index
88144085,1,2,Yushin Ito,54773249,yushin_20260726,zip,C:\Users\shiba\ptcc_pokemon_ai_buttle\data\runs\leaderboard_top50\alakazam\20260726_yushin_ito.zip,20260726_yushin_ito/episodes/88144085/replay/episode_88144085.json,0.7071067811865475,,validated_teacher_index
88144611,0,2,Yushin Ito,54773249,yushin_20260726,zip,C:\Users\shiba\ptcc_pokemon_ai_buttle\data\runs\leaderboard_top50\alakazam\20260726_yushin_ito.zip,20260726_yushin_ito/episodes/88144611/replay/episode_88144611.json,0.7071067811865475,,validated_teacher_index
88144646,1,2,Yushin Ito,54773249,yushin_20260726,zip,C:\Users\shiba\ptcc_pokemon_ai_buttle\data\runs\leaderboard_top50\alakazam\20260726_yushin_ito.zip,20260726_yushin_ito/episodes/88144646/replay/episode_88144646.json,0.7071067811865475,,validated_teacher_index
88145165,0,2,Yushin Ito,54773249,yushin_20260726,zip,C:\Users\shiba\ptcc_pokemon_ai_buttle\data\runs\leaderboard_top50\alakazam\20260726_yushin_ito.zip,20260726_yushin_ito/episodes/88145165/replay/episode_88145165.json,0.7071067811865475,,validated_teacher_index
88145167,1,2,Yushin Ito,54773249,yushin_20260726,zip,C:\Users\shiba\ptcc_pokemon_ai_buttle\data\runs\leaderboard_top50\alakazam\20260726_yushin_ito.zip,20260726_yushin_ito/episodes/88145167/replay/episode_88145167.json,0.7071067811865475,,validated_teacher_index
88145175,0,2,Yushin Ito,54773249,yushin_20260726,zip,C:\Users\shiba\ptcc_pokemon_ai_buttle\data\runs\leaderboard_top50\alakazam\20260726_yushin_ito.zip,20260726_yushin_ito/episodes/88145175/replay/episode_88145175.json,0.7071067811865475,,validated_teacher_index
88145687,1,2,Yushin Ito,54773249,yushin_20260726,zip,C:\Users\shiba\ptcc_pokemon_ai_buttle\data\runs\leaderboard_top50\alakazam\20260726_yushin_ito.zip,20260726_yushin_ito/episodes/88145687/replay/episode_88145687.json,0.7071067811865475,,validated_teacher_index
88145709,0,2,Yushin Ito,54773249,yushin_20260726,zip,C:\Users\shiba\ptcc_pokemon_ai_buttle\data\runs\leaderboard_top50\alakazam\20260726_yushin_ito.zip,20260726_yushin_ito/episodes/88145709/replay/episode_88145709.json,0.7071067811865475,,validated_teacher_index
88146221,0,2,Yushin Ito,54773249,yushin_20260726,zip,C:\Users\shiba\ptcc_pokemon_ai_buttle\data\runs\leaderboard_top50\alakazam\20260726_yushin_ito.zip,20260726_yushin_ito/episodes/88146221/replay/episode_88146221.json,0.7071067811865475,,validated_teacher_index
88146235,0,2,Yushin Ito,54773249,yushin_20260726,zip,C:\Users\shiba\ptcc_pokemon_ai_buttle\data\runs\leaderboard_top50\alakazam\20260726_yushin_ito.zip,20260726_yushin_ito/episodes/88146235/replay/episode_88146235.json,0.7071067811865475,,validated_teacher_index
88146743,0,2,Yushin Ito,54773249,yushin_20260726,zip,C:\Users\shiba\ptcc_pokemon_ai_buttle\data\runs\leaderboard_top50\alakazam\20260726_yushin_ito.zip,20260726_yushin_ito/episodes/88146743/replay/episode_88146743.json,0.7071067811865475,,validated_teacher_index
88147217,0,2,Yushin Ito,54773249,yushin_20260726,zip,C:\Users\shiba\ptcc_pokemon_ai_buttle\data\runs\leaderboard_top50\alakazam\20260726_yushin_ito.zip,20260726_yushin_ito/episodes/88147217/replay/episode_88147217.json,0.7071067811865475,,validated_teacher_index
88147314,0,2,Yushin Ito,54773249,yushin_20260726,zip,C:\Users\shiba\ptcc_pokemon_ai_buttle\data\runs\leaderboard_top50\alakazam\20260726_yushin_ito.zip,20260726_yushin_ito/episodes/88147314/replay/episode_88147314.json,0.7071067811865475,,validated_teacher_index
88147787,0,2,Yushin Ito,54773249,yushin_20260726,zip,C:\Users\shiba\ptcc_pokemon_ai_buttle\data\runs\leaderboard_top50\alakazam\20260726_yushin_ito.zip,20260726_yushin_ito/episodes/88147787/replay/episode_88147787.json,0.7071067811865475,,validated_teacher_index
88148322,1,2,Yushin Ito,54773249,yushin_20260726,zip,C:\Users\shiba\ptcc_pokemon_ai_buttle\data\runs\leaderboard_top50\alakazam\20260726_yushin_ito.zip,20260726_yushin_ito/episodes/88148322/replay/episode_88148322.json,0.7071067811865475,,validated_teacher_index
88148340,1,2,Yushin Ito,54773249,yushin_20260726,zip,C:\Users\shiba\ptcc_pokemon_ai_buttle\data\runs\leaderboard_top50\alakazam\20260726_yushin_ito.zip,20260726_yushin_ito/episodes/88148340/replay/episode_88148340.json,0.7071067811865475,,validated_teacher_index
88148376,1,2,Yushin Ito,54773249,yushin_20260726,zip,C:\Users\shiba\ptcc_pokemon_ai_buttle\data\runs\leaderboard_top50\alakazam\20260726_yushin_ito.zip,20260726_yushin_ito/episodes/88148376/replay/episode_88148376.json,0.7071067811865475,,validated_teacher_index
88148863,1,2,Yushin Ito,54773249,yushin_20260726,zip,C:\Users\shiba\ptcc_pokemon_ai_buttle\data\runs\leaderboard_top50\alakazam\20260726_yushin_ito.zip,20260726_yushin_ito/episodes/88148863/replay/episode_88148863.json,0.7071067811865475,,validated_teacher_index
88148885,1,2,Yushin Ito,54773249,yushin_20260726,zip,C:\Users\shiba\ptcc_pokemon_ai_buttle\data\runs\leaderboard_top50\alakazam\20260726_yushin_ito.zip,20260726_yushin_ito/episodes/88148885/replay/episode_88148885.json,0.7071067811865475,,validated_teacher_index
88149372,0,2,Yushin Ito,54773249,yushin_20260726,zip,C:\Users\shiba\ptcc_pokemon_ai_buttle\data\runs\leaderboard_top50\alakazam\20260726_yushin_ito.zip,20260726_yushin_ito/episodes/88149372/replay/episode_88149372.json,0.7071067811865475,,validated_teacher_index
88149387,1,2,Yushin Ito,54773249,yushin_20260726,zip,C:\Users\shiba\ptcc_pokemon_ai_buttle\data\runs\leaderboard_top50\alakazam\20260726_yushin_ito.zip,20260726_yushin_ito/episodes/88149387/replay/episode_88149387.json,0.7071067811865475,,validated_teacher_index
88149395,1,2,Yushin Ito,54773249,yushin_20260726,zip,C:\Users\shiba\ptcc_pokemon_ai_buttle\data\runs\leaderboard_top50\alakazam\20260726_yushin_ito.zip,20260726_yushin_ito/episodes/88149395/replay/episode_88149395.json,0.7071067811865475,,validated_teacher_index
88149917,1,2,Yushin Ito,54773249,yushin_20260726,zip,C:\Users\shiba\ptcc_pokemon_ai_buttle\data\runs\leaderboard_top50\alakazam\20260726_yushin_ito.zip,20260726_yushin_ito/episodes/88149917/replay/episode_88149917.json,0.7071067811865475,,validated_teacher_index
88150435,1,2,Yushin Ito,54773249,yushin_20260726,zip,C:\Users\shiba\ptcc_pokemon_ai_buttle\data\runs\leaderboard_top50\alakazam\20260726_yushin_ito.zip,20260726_yushin_ito/episodes/88150435/replay/episode_88150435.json,0.7071067811865475,,validated_teacher_index
88151001,1,2,Yushin Ito,54773249,yushin_20260726,zip,C:\Users\shiba\ptcc_pokemon_ai_buttle\data\runs\leaderboard_top50\alakazam\20260726_yushin_ito.zip,20260726_yushin_ito/episodes/88151001/replay/episode_88151001.json,0.7071067811865475,,validated_teacher_index
88151605,1,2,Yushin Ito,54773249,yushin_20260726,zip,C:\Users\shiba\ptcc_pokemon_ai_buttle\data\runs\leaderboard_top50\alakazam\20260726_yushin_ito.zip,20260726_yushin_ito/episodes/88151605/replay/episode_88151605.json,0.7071067811865475,,validated_teacher_index
88151606,0,2,Yushin Ito,54773249,yushin_20260726,zip,C:\Users\shiba\ptcc_pokemon_ai_buttle\data\runs\leaderboard_top50\alakazam\20260726_yushin_ito.zip,20260726_yushin_ito/episodes/88151606/replay/episode_88151606.json,0.7071067811865475,,validated_teacher_index
88151618,0,2,Yushin Ito,54773249,yushin_20260726,zip,C:\Users\shiba\ptcc_pokemon_ai_buttle\data\runs\leaderboard_top50\alakazam\20260726_yushin_ito.zip,20260726_yushin_ito/episodes/88151618/replay/episode_88151618.json,0.7071067811865475,,validated_teacher_index
88152158,0,2,Yushin Ito,54773249,yushin_20260726,zip,C:\Users\shiba\ptcc_pokemon_ai_buttle\data\runs\leaderboard_top50\alakazam\20260726_yushin_ito.zip,20260726_yushin_ito/episodes/88152158/replay/episode_88152158.json,0.7071067811865475,,validated_teacher_index
88152679,1,2,Yushin Ito,54773249,yushin_20260726,zip,C:\Users\shiba\ptcc_pokemon_ai_buttle\data\runs\leaderboard_top50\alakazam\20260726_yushin_ito.zip,20260726_yushin_ito/episodes/88152679/replay/episode_88152679.json,0.7071067811865475,,validated_teacher_index
88152686,0,2,Yushin Ito,54773249,yushin_20260726,zip,C:\Users\shiba\ptcc_pokemon_ai_buttle\data\runs\leaderboard_top50\alakazam\20260726_yushin_ito.zip,20260726_yushin_ito/episodes/88152686/replay/episode_88152686.json,0.7071067811865475,,validated_teacher_index
88152709,0,2,Yushin Ito,54773249,yushin_20260726,zip,C:\Users\shiba\ptcc_pokemon_ai_buttle\data\runs\leaderboard_top50\alakazam\20260726_yushin_ito.zip,20260726_yushin_ito/episodes/88152709/replay/episode_88152709.json,0.7071067811865475,,validated_teacher_index
88152719,1,2,Yushin Ito,54773249,yushin_20260726,zip,C:\Users\shiba\ptcc_pokemon_ai_buttle\data\runs\leaderboard_top50\alakazam\20260726_yushin_ito.zip,20260726_yushin_ito/episodes/88152719/replay/episode_88152719.json,0.7071067811865475,,validated_teacher_index
88153218,1,2,Yushin Ito,54773249,yushin_20260726,zip,C:\Users\shiba\ptcc_pokemon_ai_buttle\data\runs\leaderboard_top50\alakazam\20260726_yushin_ito.zip,20260726_yushin_ito/episodes/88153218/replay/episode_88153218.json,0.7071067811865475,,validated_teacher_index
88153233,1,2,Yushin Ito,54773249,yushin_20260726,zip,C:\Users\shiba\ptcc_pokemon_ai_buttle\data\runs\leaderboard_top50\alakazam\20260726_yushin_ito.zip,20260726_yushin_ito/episodes/88153233/replay/episode_88153233.json,0.7071067811865475,,validated_teacher_index
88153755,0,2,Yushin Ito,54773249,yushin_20260726,zip,C:\Users\shiba\ptcc_pokemon_ai_buttle\data\runs\leaderboard_top50\alakazam\20260726_yushin_ito.zip,20260726_yushin_ito/episodes/88153755/replay/episode_88153755.json,0.7071067811865475,,validated_teacher_index
88153756,1,2,Yushin Ito,54773249,yushin_20260726,zip,C:\Users\shiba\ptcc_pokemon_ai_buttle\data\runs\leaderboard_top50\alakazam\20260726_yushin_ito.zip,20260726_yushin_ito/episodes/88153756/replay/episode_88153756.json,0.7071067811865475,,validated_teacher_index
88154277,0,2,Yushin Ito,54773249,yushin_20260726,zip,C:\Users\shiba\ptcc_pokemon_ai_buttle\data\runs\leaderboard_top50\alakazam\20260726_yushin_ito.zip,20260726_yushin_ito/episodes/88154277/replay/episode_88154277.json,0.7071067811865475,,validated_teacher_index
88154832,1,2,Yushin Ito,54773249,yushin_20260726,zip,C:\Users\shiba\ptcc_pokemon_ai_buttle\data\runs\leaderboard_top50\alakazam\20260726_yushin_ito.zip,20260726_yushin_ito/episodes/88154832/replay/episode_88154832.json,0.7071067811865475,,validated_teacher_index
88155337,0,2,Yushin Ito,54773249,yushin_20260726,zip,C:\Users\shiba\ptcc_pokemon_ai_buttle\data\runs\leaderboard_top50\alakazam\20260726_yushin_ito.zip,20260726_yushin_ito/episodes/88155337/replay/episode_88155337.json,0.7071067811865475,,validated_teacher_index
88155340,1,2,Yushin Ito,54773249,yushin_20260726,zip,C:\Users\shiba\ptcc_pokemon_ai_buttle\data\runs\leaderboard_top50\alakazam\20260726_yushin_ito.zip,20260726_yushin_ito/episodes/88155340/replay/episode_88155340.json,0.7071067811865475,,validated_teacher_index
88155879,1,2,Yushin Ito,54773249,yushin_20260726,zip,C:\Users\shiba\ptcc_pokemon_ai_buttle\data\runs\leaderboard_top50\alakazam\20260726_yushin_ito.zip,20260726_yushin_ito/episodes/88155879/replay/episode_88155879.json,0.7071067811865475,,validated_teacher_index
88156426,1,2,Yushin Ito,54773249,yushin_20260726,zip,C:\Users\shiba\ptcc_pokemon_ai_buttle\data\runs\leaderboard_top50\alakazam\20260726_yushin_ito.zip,20260726_yushin_ito/episodes/88156426/replay/episode_88156426.json,0.7071067811865475,,validated_teacher_index
88157002,1,2,Yushin Ito,54773249,yushin_20260726,zip,C:\Users\shiba\ptcc_pokemon_ai_buttle\data\runs\leaderboard_top50\alakazam\20260726_yushin_ito.zip,20260726_yushin_ito/episodes/88157002/replay/episode_88157002.json,0.7071067811865475,,validated_teacher_index
88157527,0,2,Yushin Ito,54773249,yushin_20260726,zip,C:\Users\shiba\ptcc_pokemon_ai_buttle\data\runs\leaderboard_top50\alakazam\20260726_yushin_ito.zip,20260726_yushin_ito/episodes/88157527/replay/episode_88157527.json,0.7071067811865475,,validated_teacher_index
88158062,0,2,Yushin Ito,54773249,yushin_20260726,zip,C:\Users\shiba\ptcc_pokemon_ai_buttle\data\runs\leaderboard_top50\alakazam\20260726_yushin_ito.zip,20260726_yushin_ito/episodes/88158062/replay/episode_88158062.json,0.7071067811865475,,validated_teacher_index
88158066,1,2,Yushin Ito,54773249,yushin_20260726,zip,C:\Users\shiba\ptcc_pokemon_ai_buttle\data\runs\leaderboard_top50\alakazam\20260726_yushin_ito.zip,20260726_yushin_ito/episodes/88158066/replay/episode_88158066.json,0.7071067811865475,,validated_teacher_index
88158602,1,2,Yushin Ito,54773249,yushin_20260726,zip,C:\Users\shiba\ptcc_pokemon_ai_buttle\data\runs\leaderboard_top50\alakazam\20260726_yushin_ito.zip,20260726_yushin_ito/episodes/88158602/replay/episode_88158602.json,0.7071067811865475,,validated_teacher_index
88159038,0,2,Yushin Ito,54773249,yushin_20260726,zip,C:\Users\shiba\ptcc_pokemon_ai_buttle\data\runs\leaderboard_top50\alakazam\20260726_yushin_ito.zip,20260726_yushin_ito/episodes/88159038/replay/episode_88159038.json,0.7071067811865475,,validated_teacher_index
88159124,0,2,Yushin Ito,54773249,yushin_20260726,zip,C:\Users\shiba\ptcc_pokemon_ai_buttle\data\runs\leaderboard_top50\alakazam\20260726_yushin_ito.zip,20260726_yushin_ito/episodes/88159124/replay/episode_88159124.json,0.7071067811865475,,validated_teacher_index
88159149,0,2,Yushin Ito,54773249,yushin_20260726,zip,C:\Users\shiba\ptcc_pokemon_ai_buttle\data\runs\leaderboard_top50\alakazam\20260726_yushin_ito.zip,20260726_yushin_ito/episodes/88159149/replay/episode_88159149.json,0.7071067811865475,,validated_teacher_index
88159640,0,2,Yushin Ito,54773249,yushin_20260726,zip,C:\Users\shiba\ptcc_pokemon_ai_buttle\data\runs\leaderboard_top50\alakazam\20260726_yushin_ito.zip,20260726_yushin_ito/episodes/88159640/replay/episode_88159640.json,0.7071067811865475,,validated_teacher_index
88160171,0,2,Yushin Ito,54773249,yushin_20260726,zip,C:\Users\shiba\ptcc_pokemon_ai_buttle\data\runs\leaderboard_top50\alakazam\20260726_yushin_ito.zip,20260726_yushin_ito/episodes/88160171/replay/episode_88160171.json,0.7071067811865475,,validated_teacher_index
88160179,1,2,Yushin Ito,54773249,yushin_20260726,zip,C:\Users\shiba\ptcc_pokemon_ai_buttle\data\runs\leaderboard_top50\alakazam\20260726_yushin_ito.zip,20260726_yushin_ito/episodes/88160179/replay/episode_88160179.json,0.7071067811865475,,validated_teacher_index
88160192,1,2,Yushin Ito,54773249,yushin_20260726,zip,C:\Users\shiba\ptcc_pokemon_ai_buttle\data\runs\leaderboard_top50\alakazam\20260726_yushin_ito.zip,20260726_yushin_ito/episodes/88160192/replay/episode_88160192.json,0.7071067811865475,,validated_teacher_index
88160739,1,2,Yushin Ito,54773249,yushin_20260726,zip,C:\Users\shiba\ptcc_pokemon_ai_buttle\data\runs\leaderboard_top50\alakazam\20260726_yushin_ito.zip,20260726_yushin_ito/episodes/88160739/replay/episode_88160739.json,0.7071067811865475,,validated_teacher_index
88161277,1,2,Yushin Ito,54773249,yushin_20260726,zip,C:\Users\shiba\ptcc_pokemon_ai_buttle\data\runs\leaderboard_top50\alakazam\20260726_yushin_ito.zip,20260726_yushin_ito/episodes/88161277/replay/episode_88161277.json,0.7071067811865475,,validated_teacher_index
88161793,1,2,Yushin Ito,54773249,yushin_20260726,zip,C:\Users\shiba\ptcc_pokemon_ai_buttle\data\runs\leaderboard_top50\alakazam\20260726_yushin_ito.zip,20260726_yushin_ito/episodes/88161793/replay/episode_88161793.json,0.7071067811865475,,validated_teacher_index
88162238,1,2,Yushin Ito,54773249,yushin_20260726,zip,C:\Users\shiba\ptcc_pokemon_ai_buttle\data\runs\leaderboard_top50\alakazam\20260726_yushin_ito.zip,20260726_yushin_ito/episodes/88162238/replay/episode_88162238.json,0.7071067811865475,,validated_teacher_index
88162328,1,2,Yushin Ito,54773249,yushin_20260726,zip,C:\Users\shiba\ptcc_pokemon_ai_buttle\data\runs\leaderboard_top50\alakazam\20260726_yushin_ito.zip,20260726_yushin_ito/episodes/88162328/replay/episode_88162328.json,0.7071067811865475,,validated_teacher_index
88162865,1,2,Yushin Ito,54773249,yushin_20260726,zip,C:\Users\shiba\ptcc_pokemon_ai_buttle\data\runs\leaderboard_top50\alakazam\20260726_yushin_ito.zip,20260726_yushin_ito/episodes/88162865/replay/episode_88162865.json,0.7071067811865475,,validated_teacher_index
88163390,1,2,Yushin Ito,54773249,yushin_20260726,zip,C:\Users\shiba\ptcc_pokemon_ai_buttle\data\runs\leaderboard_top50\alakazam\20260726_yushin_ito.zip,20260726_yushin_ito/episodes/88163390/replay/episode_88163390.json,0.7071067811865475,,validated_teacher_index
88163918,0,2,Yushin Ito,54773249,yushin_20260726,zip,C:\Users\shiba\ptcc_pokemon_ai_buttle\data\runs\leaderboard_top50\alakazam\20260726_yushin_ito.zip,20260726_yushin_ito/episodes/88163918/replay/episode_88163918.json,0.7071067811865475,,validated_teacher_index
88164487,0,2,Yushin Ito,54773249,yushin_20260726,zip,C:\Users\shiba\ptcc_pokemon_ai_buttle\data\runs\leaderboard_top50\alakazam\20260726_yushin_ito.zip,20260726_yushin_ito/episodes/88164487/replay/episode_88164487.json,0.7071067811865475,,validated_teacher_index
88165023,0,2,Yushin Ito,54773249,yushin_20260726,zip,C:\Users\shiba\ptcc_pokemon_ai_buttle\data\runs\leaderboard_top50\alakazam\20260726_yushin_ito.zip,20260726_yushin_ito/episodes/88165023/replay/episode_88165023.json,0.7071067811865475,,validated_teacher_index
88165075,1,2,Yushin Ito,54773249,yushin_20260726,zip,C:\Users\shiba\ptcc_pokemon_ai_buttle\data\runs\leaderboard_top50\alakazam\20260726_yushin_ito.zip,20260726_yushin_ito/episodes/88165075/replay/episode_88165075.json,0.7071067811865475,,validated_teacher_index
88165561,0,2,Yushin Ito,54773249,yushin_20260726,zip,C:\Users\shiba\ptcc_pokemon_ai_buttle\data\runs\leaderboard_top50\alakazam\20260726_yushin_ito.zip,20260726_yushin_ito/episodes/88165561/replay/episode_88165561.json,0.7071067811865475,,validated_teacher_index
88166070,1,2,Yushin Ito,54773249,yushin_20260726,zip,C:\Users\shiba\ptcc_pokemon_ai_buttle\data\runs\leaderboard_top50\alakazam\20260726_yushin_ito.zip,20260726_yushin_ito/episodes/88166070/replay/episode_88166070.json,0.7071067811865475,,validated_teacher_index
88166077,0,2,Yushin Ito,54773249,yushin_20260726,zip,C:\Users\shiba\ptcc_pokemon_ai_buttle\data\runs\leaderboard_top50\alakazam\20260726_yushin_ito.zip,20260726_yushin_ito/episodes/88166077/replay/episode_88166077.json,0.7071067811865475,,validated_teacher_index
88166595,0,2,Yushin Ito,54773249,yushin_20260726,zip,C:\Users\shiba\ptcc_pokemon_ai_buttle\data\runs\leaderboard_top50\alakazam\20260726_yushin_ito.zip,20260726_yushin_ito/episodes/88166595/replay/episode_88166595.json,0.7071067811865475,,validated_teacher_index
88167131,0,2,Yushin Ito,54773249,yushin_20260726,zip,C:\Users\shiba\ptcc_pokemon_ai_buttle\data\runs\leaderboard_top50\alakazam\20260726_yushin_ito.zip,20260726_yushin_ito/episodes/88167131/replay/episode_88167131.json,0.7071067811865475,,validated_teacher_index
88167675,0,2,Yushin Ito,54773249,yushin_20260726,zip,C:\Users\shiba\ptcc_pokemon_ai_buttle\data\runs\leaderboard_top50\alakazam\20260726_yushin_ito.zip,20260726_yushin_ito/episodes/88167675/replay/episode_88167675.json,0.7071067811865475,,validated_teacher_index
88171332,0,2,Yushin Ito,54773249,yushin_20260726,zip,C:\Users\shiba\ptcc_pokemon_ai_buttle\data\runs\leaderboard_top50\alakazam\20260726_yushin_ito.zip,20260726_yushin_ito/episodes/88171332/replay/episode_88171332.json,0.7071067811865475,,validated_teacher_index
88171431,1,2,Yushin Ito,54773249,yushin_20260726,zip,C:\Users\shiba\ptcc_pokemon_ai_buttle\data\runs\leaderboard_top50\alakazam\20260726_yushin_ito.zip,20260726_yushin_ito/episodes/88171431/replay/episode_88171431.json,0.7071067811865475,,validated_teacher_index
88172405,0,2,Yushin Ito,54773249,yushin_20260726,zip,C:\Users\shiba\ptcc_pokemon_ai_buttle\data\runs\leaderboard_top50\alakazam\20260726_yushin_ito.zip,20260726_yushin_ito/episodes/88172405/replay/episode_88172405.json,0.7071067811865475,,validated_teacher_index
88172479,1,2,Yushin Ito,54773249,yushin_20260726,zip,C:\Users\shiba\ptcc_pokemon_ai_buttle\data\runs\leaderboard_top50\alakazam\20260726_yushin_ito.zip,20260726_yushin_ito/episodes/88172479/replay/episode_88172479.json,0.7071067811865475,,validated_teacher_index
88175064,0,2,Yushin Ito,54773249,yushin_20260801,zip,C:\Users\shiba\ptcc_pokemon_ai_buttle\data\runs\alakazam\20260801_yushin_54773249_refresh.zip,20260801_yushin_54773249_refresh/episodes/88175064/replay/episode_88175064.json,0.7071067811865475,,validated_teacher_index
88175078,1,2,Yushin Ito,54773249,yushin_20260801,zip,C:\Users\shiba\ptcc_pokemon_ai_buttle\data\runs\alakazam\20260801_yushin_54773249_refresh.zip,20260801_yushin_54773249_refresh/episodes/88175078/replay/episode_88175078.json,0.7071067811865475,,validated_teacher_index
88176639,1,2,Yushin Ito,54773249,yushin_20260801,zip,C:\Users\shiba\ptcc_pokemon_ai_buttle\data\runs\alakazam\20260801_yushin_54773249_refresh.zip,20260801_yushin_54773249_refresh/episodes/88176639/replay/episode_88176639.json,0.7071067811865475,,validated_teacher_index
88177730,0,2,Yushin Ito,54773249,yushin_20260801,zip,C:\Users\shiba\ptcc_pokemon_ai_buttle\data\runs\alakazam\20260801_yushin_54773249_refresh.zip,20260801_yushin_54773249_refresh/episodes/88177730/replay/episode_88177730.json,0.7071067811865475,,validated_teacher_index
88178241,1,2,Yushin Ito,54773249,yushin_20260801,zip,C:\Users\shiba\ptcc_pokemon_ai_buttle\data\runs\alakazam\20260801_yushin_54773249_refresh.zip,20260801_yushin_54773249_refresh/episodes/88178241/replay/episode_88178241.json,0.7071067811865475,,validated_teacher_index
88178786,0,2,Yushin Ito,54773249,yushin_20260801,zip,C:\Users\shiba\ptcc_pokemon_ai_buttle\data\runs\alakazam\20260801_yushin_54773249_refresh.zip,20260801_yushin_54773249_refresh/episodes/88178786/replay/episode_88178786.json,0.7071067811865475,,validated_teacher_index
88179274,1,2,Yushin Ito,54773249,yushin_20260801,zip,C:\Users\shiba\ptcc_pokemon_ai_buttle\data\runs\alakazam\20260801_yushin_54773249_refresh.zip,20260801_yushin_54773249_refresh/episodes/88179274/replay/episode_88179274.json,0.7071067811865475,,validated_teacher_index
88179788,0,2,Yushin Ito,54773249,yushin_20260801,zip,C:\Users\shiba\ptcc_pokemon_ai_buttle\data\runs\alakazam\20260801_yushin_54773249_refresh.zip,20260801_yushin_54773249_refresh/episodes/88179788/replay/episode_88179788.json,0.7071067811865475,,validated_teacher_index
88180295,1,2,Yushin Ito,54773249,yushin_20260801,zip,C:\Users\shiba\ptcc_pokemon_ai_buttle\data\runs\alakazam\20260801_yushin_54773249_refresh.zip,20260801_yushin_54773249_refresh/episodes/88180295/replay/episode_88180295.json,0.7071067811865475,,validated_teacher_index
88180829,0,2,Yushin Ito,54773249,yushin_20260801,zip,C:\Users\shiba\ptcc_pokemon_ai_buttle\data\runs\alakazam\20260801_yushin_54773249_refresh.zip,20260801_yushin_54773249_refresh/episodes/88180829/replay/episode_88180829.json,0.7071067811865475,,validated_teacher_index
88181353,0,2,Yushin Ito,54773249,yushin_20260801,zip,C:\Users\shiba\ptcc_pokemon_ai_buttle\data\runs\alakazam\20260801_yushin_54773249_refresh.zip,20260801_yushin_54773249_refresh/episodes/88181353/replay/episode_88181353.json,0.7071067811865475,,validated_teacher_index
88181912,1,2,Yushin Ito,54773249,yushin_20260801,zip,C:\Users\shiba\ptcc_pokemon_ai_buttle\data\runs\alakazam\20260801_yushin_54773249_refresh.zip,20260801_yushin_54773249_refresh/episodes/88181912/replay/episode_88181912.json,0.7071067811865475,,validated_teacher_index
88182451,1,2,Yushin Ito,54773249,yushin_20260801,zip,C:\Users\shiba\ptcc_pokemon_ai_buttle\data\runs\alakazam\20260801_yushin_54773249_refresh.zip,20260801_yushin_54773249_refresh/episodes/88182451/replay/episode_88182451.json,0.7071067811865475,,validated_teacher_index
88182985,0,2,Yushin Ito,54773249,yushin_20260801,zip,C:\Users\shiba\ptcc_pokemon_ai_buttle\data\runs\alakazam\20260801_yushin_54773249_refresh.zip,20260801_yushin_54773249_refresh/episodes/88182985/replay/episode_88182985.json,0.7071067811865475,,validated_teacher_index
88183542,0,2,Yushin Ito,54773249,yushin_20260801,zip,C:\Users\shiba\ptcc_pokemon_ai_buttle\data\runs\alakazam\20260801_yushin_54773249_refresh.zip,20260801_yushin_54773249_refresh/episodes/88183542/replay/episode_88183542.json,0.7071067811865475,,validated_teacher_index
88184045,0,2,Yushin Ito,54773249,yushin_20260801,zip,C:\Users\shiba\ptcc_pokemon_ai_buttle\data\runs\alakazam\20260801_yushin_54773249_refresh.zip,20260801_yushin_54773249_refresh/episodes/88184045/replay/episode_88184045.json,0.7071067811865475,,validated_teacher_index
88184587,0,2,Yushin Ito,54773249,yushin_20260801,zip,C:\Users\shiba\ptcc_pokemon_ai_buttle\data\runs\alakazam\20260801_yushin_54773249_refresh.zip,20260801_yushin_54773249_refresh/episodes/88184587/replay/episode_88184587.json,0.7071067811865475,,validated_teacher_index
88185088,1,2,Yushin Ito,54773249,yushin_20260801,zip,C:\Users\shiba\ptcc_pokemon_ai_buttle\data\runs\alakazam\20260801_yushin_54773249_refresh.zip,20260801_yushin_54773249_refresh/episodes/88185088/replay/episode_88185088.json,0.7071067811865475,,validated_teacher_index
88185105,1,2,Yushin Ito,54773249,yushin_20260801,zip,C:\Users\shiba\ptcc_pokemon_ai_buttle\data\runs\alakazam\20260801_yushin_54773249_refresh.zip,20260801_yushin_54773249_refresh/episodes/88185105/replay/episode_88185105.json,0.7071067811865475,,validated_teacher_index
88185662,1,2,Yushin Ito,54773249,yushin_20260801,zip,C:\Users\shiba\ptcc_pokemon_ai_buttle\data\runs\alakazam\20260801_yushin_54773249_refresh.zip,20260801_yushin_54773249_refresh/episodes/88185662/replay/episode_88185662.json,0.7071067811865475,,validated_teacher_index
88186123,1,2,Yushin Ito,54773249,yushin_20260801,zip,C:\Users\shiba\ptcc_pokemon_ai_buttle\data\runs\alakazam\20260801_yushin_54773249_refresh.zip,20260801_yushin_54773249_refresh/episodes/88186123/replay/episode_88186123.json,0.7071067811865475,,validated_teacher_index
88186178,0,2,Yushin Ito,54773249,yushin_20260801,zip,C:\Users\shiba\ptcc_pokemon_ai_buttle\data\runs\alakazam\20260801_yushin_54773249_refresh.zip,20260801_yushin_54773249_refresh/episodes/88186178/replay/episode_88186178.json,0.7071067811865475,,validated_teacher_index
88186680,0,2,Yushin Ito,54773249,yushin_20260801,zip,C:\Users\shiba\ptcc_pokemon_ai_buttle\data\runs\alakazam\20260801_yushin_54773249_refresh.zip,20260801_yushin_54773249_refresh/episodes/88186680/replay/episode_88186680.json,0.7071067811865475,,validated_teacher_index
88187237,1,2,Yushin Ito,54773249,yushin_20260801,zip,C:\Users\shiba\ptcc_pokemon_ai_buttle\data\runs\alakazam\20260801_yushin_54773249_refresh.zip,20260801_yushin_54773249_refresh/episodes/88187237/replay/episode_88187237.json,0.7071067811865475,,validated_teacher_index
88187804,0,2,Yushin Ito,54773249,yushin_20260801,zip,C:\Users\shiba\ptcc_pokemon_ai_buttle\data\runs\alakazam\20260801_yushin_54773249_refresh.zip,20260801_yushin_54773249_refresh/episodes/88187804/replay/episode_88187804.json,0.7071067811865475,,validated_teacher_index
88188319,1,2,Yushin Ito,54773249,yushin_20260801,zip,C:\Users\shiba\ptcc_pokemon_ai_buttle\data\runs\alakazam\20260801_yushin_54773249_refresh.zip,20260801_yushin_54773249_refresh/episodes/88188319/replay/episode_88188319.json,0.7071067811865475,,validated_teacher_index
88188881,1,2,Yushin Ito,54773249,yushin_20260801,zip,C:\Users\shiba\ptcc_pokemon_ai_buttle\data\runs\alakazam\20260801_yushin_54773249_refresh.zip,20260801_yushin_54773249_refresh/episodes/88188881/replay/episode_88188881.json,0.7071067811865475,,validated_teacher_index
88189392,1,2,Yushin Ito,54773249,yushin_20260801,zip,C:\Users\shiba\ptcc_pokemon_ai_buttle\data\runs\alakazam\20260801_yushin_54773249_refresh.zip,20260801_yushin_54773249_refresh/episodes/88189392/replay/episode_88189392.json,0.7071067811865475,,validated_teacher_index
88191006,1,2,Yushin Ito,54773249,yushin_20260801,zip,C:\Users\shiba\ptcc_pokemon_ai_buttle\data\runs\alakazam\20260801_yushin_54773249_refresh.zip,20260801_yushin_54773249_refresh/episodes/88191006/replay/episode_88191006.json,0.7071067811865475,,validated_teacher_index
88192025,0,2,Yushin Ito,54773249,yushin_20260801,zip,C:\Users\shiba\ptcc_pokemon_ai_buttle\data\runs\alakazam\20260801_yushin_54773249_refresh.zip,20260801_yushin_54773249_refresh/episodes/88192025/replay/episode_88192025.json,0.7071067811865475,,validated_teacher_index
88192549,0,2,Yushin Ito,54773249,yushin_20260801,zip,C:\Users\shiba\ptcc_pokemon_ai_buttle\data\runs\alakazam\20260801_yushin_54773249_refresh.zip,20260801_yushin_54773249_refresh/episodes/88192549/replay/episode_88192549.json,0.7071067811865475,,validated_teacher_index
88195234,0,2,Yushin Ito,54773249,yushin_20260801,zip,C:\Users\shiba\ptcc_pokemon_ai_buttle\data\runs\alakazam\20260801_yushin_54773249_refresh.zip,20260801_yushin_54773249_refresh/episodes/88195234/replay/episode_88195234.json,0.7071067811865475,,validated_teacher_index
88198447,0,2,Yushin Ito,54773249,yushin_20260801,zip,C:\Users\shiba\ptcc_pokemon_ai_buttle\data\runs\alakazam\20260801_yushin_54773249_refresh.zip,20260801_yushin_54773249_refresh/episodes/88198447/replay/episode_88198447.json,0.7071067811865475,,validated_teacher_index
88202640,1,2,Yushin Ito,54773249,yushin_20260801,zip,C:\Users\shiba\ptcc_pokemon_ai_buttle\data\runs\alakazam\20260801_yushin_54773249_refresh.zip,20260801_yushin_54773249_refresh/episodes/88202640/replay/episode_88202640.json,0.7071067811865475,,validated_teacher_index
88203071,0,2,Yushin Ito,54773249,yushin_20260801,zip,C:\Users\shiba\ptcc_pokemon_ai_buttle\data\runs\alakazam\20260801_yushin_54773249_refresh.zip,20260801_yushin_54773249_refresh/episodes/88203071/replay/episode_88203071.json,0.7071067811865475,,validated_teacher_index
88206895,0,2,Yushin Ito,54773249,yushin_20260801,zip,C:\Users\shiba\ptcc_pokemon_ai_buttle\data\runs\alakazam\20260801_yushin_54773249_refresh.zip,20260801_yushin_54773249_refresh/episodes/88206895/replay/episode_88206895.json,0.7071067811865475,,validated_teacher_index
88208293,0,2,Yushin Ito,54773249,yushin_20260801,zip,C:\Users\shiba\ptcc_pokemon_ai_buttle\data\runs\alakazam\20260801_yushin_54773249_refresh.zip,20260801_yushin_54773249_refresh/episodes/88208293/replay/episode_88208293.json,0.7071067811865475,,validated_teacher_index
88210571,1,2,Yushin Ito,54773249,yushin_20260801,zip,C:\Users\shiba\ptcc_pokemon_ai_buttle\data\runs\alakazam\20260801_yushin_54773249_refresh.zip,20260801_yushin_54773249_refresh/episodes/88210571/replay/episode_88210571.json,0.7071067811865475,,validated_teacher_index
88210975,0,2,Yushin Ito,54773249,yushin_20260801,zip,C:\Users\shiba\ptcc_pokemon_ai_buttle\data\runs\alakazam\20260801_yushin_54773249_refresh.zip,20260801_yushin_54773249_refresh/episodes/88210975/replay/episode_88210975.json,0.7071067811865475,,validated_teacher_index
88211042,0,2,Yushin Ito,54773249,yushin_20260801,zip,C:\Users\shiba\ptcc_pokemon_ai_buttle\data\runs\alakazam\20260801_yushin_54773249_refresh.zip,20260801_yushin_54773249_refresh/episodes/88211042/replay/episode_88211042.json,0.7071067811865475,,validated_teacher_index
88211566,0,2,Yushin Ito,54773249,yushin_20260801,zip,C:\Users\shiba\ptcc_pokemon_ai_buttle\data\runs\alakazam\20260801_yushin_54773249_refresh.zip,20260801_yushin_54773249_refresh/episodes/88211566/replay/episode_88211566.json,0.7071067811865475,,validated_teacher_index
88213164,1,2,Yushin Ito,54773249,yushin_20260801,zip,C:\Users\shiba\ptcc_pokemon_ai_buttle\data\runs\alakazam\20260801_yushin_54773249_refresh.zip,20260801_yushin_54773249_refresh/episodes/88213164/replay/episode_88213164.json,0.7071067811865475,,validated_teacher_index
88215619,0,2,Yushin Ito,54773249,yushin_20260801,zip,C:\Users\shiba\ptcc_pokemon_ai_buttle\data\runs\alakazam\20260801_yushin_54773249_refresh.zip,20260801_yushin_54773249_refresh/episodes/88215619/replay/episode_88215619.json,0.7071067811865475,,validated_teacher_index
88217256,0,2,Yushin Ito,54773249,yushin_20260801,zip,C:\Users\shiba\ptcc_pokemon_ai_buttle\data\runs\alakazam\20260801_yushin_54773249_refresh.zip,20260801_yushin_54773249_refresh/episodes/88217256/replay/episode_88217256.json,0.7071067811865475,,validated_teacher_index
88218280,0,2,Yushin Ito,54773249,yushin_20260801,zip,C:\Users\shiba\ptcc_pokemon_ai_buttle\data\runs\alakazam\20260801_yushin_54773249_refresh.zip,20260801_yushin_54773249_refresh/episodes/88218280/replay/episode_88218280.json,0.7071067811865475,,validated_teacher_index
88224901,0,2,Yushin Ito,54773249,yushin_20260801,zip,C:\Users\shiba\ptcc_pokemon_ai_buttle\data\runs\alakazam\20260801_yushin_54773249_refresh.zip,20260801_yushin_54773249_refresh/episodes/88224901/replay/episode_88224901.json,0.7071067811865475,,validated_teacher_index
88225199,1,2,Yushin Ito,54773249,yushin_20260801,zip,C:\Users\shiba\ptcc_pokemon_ai_buttle\data\runs\alakazam\20260801_yushin_54773249_refresh.zip,20260801_yushin_54773249_refresh/episodes/88225199/replay/episode_88225199.json,0.7071067811865475,,validated_teacher_index
88232765,1,2,Yushin Ito,54773249,yushin_20260801,zip,C:\Users\shiba\ptcc_pokemon_ai_buttle\data\runs\alakazam\20260801_yushin_54773249_refresh.zip,20260801_yushin_54773249_refresh/episodes/88232765/replay/episode_88232765.json,0.7071067811865475,,validated_teacher_index
88233654,1,2,Yushin Ito,54773249,yushin_20260801,zip,C:\Users\shiba\ptcc_pokemon_ai_buttle\data\runs\alakazam\20260801_yushin_54773249_refresh.zip,20260801_yushin_54773249_refresh/episodes/88233654/replay/episode_88233654.json,0.7071067811865475,,validated_teacher_index
88239078,0,2,Yushin Ito,54773249,yushin_20260801,zip,C:\Users\shiba\ptcc_pokemon_ai_buttle\data\runs\alakazam\20260801_yushin_54773249_refresh.zip,20260801_yushin_54773249_refresh/episodes/88239078/replay/episode_88239078.json,0.7071067811865475,,validated_teacher_index
88244265,1,2,Yushin Ito,54773249,yushin_20260801,zip,C:\Users\shiba\ptcc_pokemon_ai_buttle\data\runs\alakazam\20260801_yushin_54773249_refresh.zip,20260801_yushin_54773249_refresh/episodes/88244265/replay/episode_88244265.json,0.7071067811865475,,validated_teacher_index
88244393,1,2,Yushin Ito,54773249,yushin_20260801,zip,C:\Users\shiba\ptcc_pokemon_ai_buttle\data\runs\alakazam\20260801_yushin_54773249_refresh.zip,20260801_yushin_54773249_refresh/episodes/88244393/replay/episode_88244393.json,0.7071067811865475,,validated_teacher_index
88244884,1,2,Yushin Ito,54773249,yushin_20260801,zip,C:\Users\shiba\ptcc_pokemon_ai_buttle\data\runs\alakazam\20260801_yushin_54773249_refresh.zip,20260801_yushin_54773249_refresh/episodes/88244884/replay/episode_88244884.json,0.7071067811865475,,validated_teacher_index
88246420,1,2,Yushin Ito,54773249,yushin_20260801,zip,C:\Users\shiba\ptcc_pokemon_ai_buttle\data\runs\alakazam\20260801_yushin_54773249_refresh.zip,20260801_yushin_54773249_refresh/episodes/88246420/replay/episode_88246420.json,0.7071067811865475,,validated_teacher_index
88246984,0,2,Yushin Ito,54773249,yushin_20260801,zip,C:\Users\shiba\ptcc_pokemon_ai_buttle\data\runs\alakazam\20260801_yushin_54773249_refresh.zip,20260801_yushin_54773249_refresh/episodes/88246984/replay/episode_88246984.json,0.7071067811865475,,validated_teacher_index
88248298,1,2,Yushin Ito,54773249,yushin_20260801,zip,C:\Users\shiba\ptcc_pokemon_ai_buttle\data\runs\alakazam\20260801_yushin_54773249_refresh.zip,20260801_yushin_54773249_refresh/episodes/88248298/replay/episode_88248298.json,0.7071067811865475,,validated_teacher_index
88248589,1,2,Yushin Ito,54773249,yushin_20260801,zip,C:\Users\shiba\ptcc_pokemon_ai_buttle\data\runs\alakazam\20260801_yushin_54773249_refresh.zip,20260801_yushin_54773249_refresh/episodes/88248589/replay/episode_88248589.json,0.7071067811865475,,validated_teacher_index
88248607,0,2,Yushin Ito,54773249,yushin_20260801,zip,C:\Users\shiba\ptcc_pokemon_ai_buttle\data\runs\alakazam\20260801_yushin_54773249_refresh.zip,20260801_yushin_54773249_refresh/episodes/88248607/replay/episode_88248607.json,0.7071067811865475,,validated_teacher_index
88249669,0,2,Yushin Ito,54773249,yushin_20260801,zip,C:\Users\shiba\ptcc_pokemon_ai_buttle\data\runs\alakazam\20260801_yushin_54773249_refresh.zip,20260801_yushin_54773249_refresh/episodes/88249669/replay/episode_88249669.json,0.7071067811865475,,validated_teacher_index
88251266,0,2,Yushin Ito,54773249,yushin_20260801,zip,C:\Users\shiba\ptcc_pokemon_ai_buttle\data\runs\alakazam\20260801_yushin_54773249_refresh.zip,20260801_yushin_54773249_refresh/episodes/88251266/replay/episode_88251266.json,0.7071067811865475,,validated_teacher_index
88251789,0,2,Yushin Ito,54773249,yushin_20260801,zip,C:\Users\shiba\ptcc_pokemon_ai_buttle\data\runs\alakazam\20260801_yushin_54773249_refresh.zip,20260801_yushin_54773249_refresh/episodes/88251789/replay/episode_88251789.json,0.7071067811865475,,validated_teacher_index
88252299,1,2,Yushin Ito,54773249,yushin_20260801,zip,C:\Users\shiba\ptcc_pokemon_ai_buttle\data\runs\alakazam\20260801_yushin_54773249_refresh.zip,20260801_yushin_54773249_refresh/episodes/88252299/replay/episode_88252299.json,0.7071067811865475,,validated_teacher_index
88252837,0,2,Yushin Ito,54773249,yushin_20260801,zip,C:\Users\shiba\ptcc_pokemon_ai_buttle\data\runs\alakazam\20260801_yushin_54773249_refresh.zip,20260801_yushin_54773249_refresh/episodes/88252837/replay/episode_88252837.json,0.7071067811865475,,validated_teacher_index
88253320,1,2,Yushin Ito,54773249,yushin_20260801,zip,C:\Users\shiba\ptcc_pokemon_ai_buttle\data\runs\alakazam\20260801_yushin_54773249_refresh.zip,20260801_yushin_54773249_refresh/episodes/88253320/replay/episode_88253320.json,0.7071067811865475,,validated_teacher_index
88253821,1,2,Yushin Ito,54773249,yushin_20260801,zip,C:\Users\shiba\ptcc_pokemon_ai_buttle\data\runs\alakazam\20260801_yushin_54773249_refresh.zip,20260801_yushin_54773249_refresh/episodes/88253821/replay/episode_88253821.json,0.7071067811865475,,validated_teacher_index
88254377,0,2,Yushin Ito,54773249,yushin_20260801,zip,C:\Users\shiba\ptcc_pokemon_ai_buttle\data\runs\alakazam\20260801_yushin_54773249_refresh.zip,20260801_yushin_54773249_refresh/episodes/88254377/replay/episode_88254377.json,0.7071067811865475,,validated_teacher_index
88254923,1,2,Yushin Ito,54773249,yushin_20260801,zip,C:\Users\shiba\ptcc_pokemon_ai_buttle\data\runs\alakazam\20260801_yushin_54773249_refresh.zip,20260801_yushin_54773249_refresh/episodes/88254923/replay/episode_88254923.json,0.7071067811865475,,validated_teacher_index
88255893,1,2,Yushin Ito,54773249,yushin_20260801,zip,C:\Users\shiba\ptcc_pokemon_ai_buttle\data\runs\alakazam\20260801_yushin_54773249_refresh.zip,20260801_yushin_54773249_refresh/episodes/88255893/replay/episode_88255893.json,0.7071067811865475,,validated_teacher_index
88258639,1,2,Yushin Ito,54773249,yushin_20260801,zip,C:\Users\shiba\ptcc_pokemon_ai_buttle\data\runs\alakazam\20260801_yushin_54773249_refresh.zip,20260801_yushin_54773249_refresh/episodes/88258639/replay/episode_88258639.json,0.7071067811865475,,validated_teacher_index
88266013,1,2,Yushin Ito,54773249,yushin_20260801,zip,C:\Users\shiba\ptcc_pokemon_ai_buttle\data\runs\alakazam\20260801_yushin_54773249_refresh.zip,20260801_yushin_54773249_refresh/episodes/88266013/replay/episode_88266013.json,0.7071067811865475,,validated_teacher_index
88281112,0,2,Yushin Ito,54773249,yushin_20260801,zip,C:\Users\shiba\ptcc_pokemon_ai_buttle\data\runs\alakazam\20260801_yushin_54773249_refresh.zip,20260801_yushin_54773249_refresh/episodes/88281112/replay/episode_88281112.json,0.7071067811865475,,validated_teacher_index
88281365,1,2,Yushin Ito,54773249,yushin_20260801,zip,C:\Users\shiba\ptcc_pokemon_ai_buttle\data\runs\alakazam\20260801_yushin_54773249_refresh.zip,20260801_yushin_54773249_refresh/episodes/88281365/replay/episode_88281365.json,0.7071067811865475,,validated_teacher_index
88292961,1,2,Yushin Ito,54773249,yushin_20260801,zip,C:\Users\shiba\ptcc_pokemon_ai_buttle\data\runs\alakazam\20260801_yushin_54773249_refresh.zip,20260801_yushin_54773249_refresh/episodes/88292961/replay/episode_88292961.json,0.7071067811865475,,validated_teacher_index
88296414,0,2,Yushin Ito,54773249,yushin_20260801,zip,C:\Users\shiba\ptcc_pokemon_ai_buttle\data\runs\alakazam\20260801_yushin_54773249_refresh.zip,20260801_yushin_54773249_refresh/episodes/88296414/replay/episode_88296414.json,0.7071067811865475,,validated_teacher_index
88301696,0,2,Yushin Ito,54773249,yushin_20260801,zip,C:\Users\shiba\ptcc_pokemon_ai_buttle\data\runs\alakazam\20260801_yushin_54773249_refresh.zip,20260801_yushin_54773249_refresh/episodes/88301696/replay/episode_88301696.json,0.7071067811865475,,validated_teacher_index
88304994,1,2,Yushin Ito,54773249,yushin_20260801,zip,C:\Users\shiba\ptcc_pokemon_ai_buttle\data\runs\alakazam\20260801_yushin_54773249_refresh.zip,20260801_yushin_54773249_refresh/episodes/88304994/replay/episode_88304994.json,0.7071067811865475,,validated_teacher_index
88305587,1,2,Yushin Ito,54773249,yushin_20260801,zip,C:\Users\shiba\ptcc_pokemon_ai_buttle\data\runs\alakazam\20260801_yushin_54773249_refresh.zip,20260801_yushin_54773249_refresh/episodes/88305587/replay/episode_88305587.json,0.7071067811865475,,validated_teacher_index
88306023,1,2,Yushin Ito,54773249,yushin_20260801,zip,C:\Users\shiba\ptcc_pokemon_ai_buttle\data\runs\alakazam\20260801_yushin_54773249_refresh.zip,20260801_yushin_54773249_refresh/episodes/88306023/replay/episode_88306023.json,0.7071067811865475,,validated_teacher_index
88306527,0,2,Yushin Ito,54773249,yushin_20260801,zip,C:\Users\shiba\ptcc_pokemon_ai_buttle\data\runs\alakazam\20260801_yushin_54773249_refresh.zip,20260801_yushin_54773249_refresh/episodes/88306527/replay/episode_88306527.json,0.7071067811865475,,validated_teacher_index
88307030,1,2,Yushin Ito,54773249,yushin_20260801,zip,C:\Users\shiba\ptcc_pokemon_ai_buttle\data\runs\alakazam\20260801_yushin_54773249_refresh.zip,20260801_yushin_54773249_refresh/episodes/88307030/replay/episode_88307030.json,0.7071067811865475,,validated_teacher_index
88307527,1,2,Yushin Ito,54773249,yushin_20260801,zip,C:\Users\shiba\ptcc_pokemon_ai_buttle\data\runs\alakazam\20260801_yushin_54773249_refresh.zip,20260801_yushin_54773249_refresh/episodes/88307527/replay/episode_88307527.json,0.7071067811865475,,validated_teacher_index
88308055,0,2,Yushin Ito,54773249,yushin_20260801,zip,C:\Users\shiba\ptcc_pokemon_ai_buttle\data\runs\alakazam\20260801_yushin_54773249_refresh.zip,20260801_yushin_54773249_refresh/episodes/88308055/replay/episode_88308055.json,0.7071067811865475,,validated_teacher_index
88308146,0,2,Yushin Ito,54773249,yushin_20260801,zip,C:\Users\shiba\ptcc_pokemon_ai_buttle\data\runs\alakazam\20260801_yushin_54773249_refresh.zip,20260801_yushin_54773249_refresh/episodes/88308146/replay/episode_88308146.json,0.7071067811865475,,validated_teacher_index
88308577,1,2,Yushin Ito,54773249,yushin_20260801,zip,C:\Users\shiba\ptcc_pokemon_ai_buttle\data\runs\alakazam\20260801_yushin_54773249_refresh.zip,20260801_yushin_54773249_refresh/episodes/88308577/replay/episode_88308577.json,0.7071067811865475,,validated_teacher_index
88309093,0,2,Yushin Ito,54773249,yushin_20260801,zip,C:\Users\shiba\ptcc_pokemon_ai_buttle\data\runs\alakazam\20260801_yushin_54773249_refresh.zip,20260801_yushin_54773249_refresh/episodes/88309093/replay/episode_88309093.json,0.7071067811865475,,validated_teacher_index
88309604,1,2,Yushin Ito,54773249,yushin_20260801,zip,C:\Users\shiba\ptcc_pokemon_ai_buttle\data\runs\alakazam\20260801_yushin_54773249_refresh.zip,20260801_yushin_54773249_refresh/episodes/88309604/replay/episode_88309604.json,0.7071067811865475,,validated_teacher_index
88310123,0,2,Yushin Ito,54773249,yushin_20260801,zip,C:\Users\shiba\ptcc_pokemon_ai_buttle\data\runs\alakazam\20260801_yushin_54773249_refresh.zip,20260801_yushin_54773249_refresh/episodes/88310123/replay/episode_88310123.json,0.7071067811865475,,validated_teacher_index
88310642,0,2,Yushin Ito,54773249,yushin_20260801,zip,C:\Users\shiba\ptcc_pokemon_ai_buttle\data\runs\alakazam\20260801_yushin_54773249_refresh.zip,20260801_yushin_54773249_refresh/episodes/88310642/replay/episode_88310642.json,0.7071067811865475,,validated_teacher_index
88311155,1,2,Yushin Ito,54773249,yushin_20260801,zip,C:\Users\shiba\ptcc_pokemon_ai_buttle\data\runs\alakazam\20260801_yushin_54773249_refresh.zip,20260801_yushin_54773249_refresh/episodes/88311155/replay/episode_88311155.json,0.7071067811865475,,validated_teacher_index
88311671,0,2,Yushin Ito,54773249,yushin_20260801,zip,C:\Users\shiba\ptcc_pokemon_ai_buttle\data\runs\alakazam\20260801_yushin_54773249_refresh.zip,20260801_yushin_54773249_refresh/episodes/88311671/replay/episode_88311671.json,0.7071067811865475,,validated_teacher_index
88312251,0,2,Yushin Ito,54773249,yushin_20260801,zip,C:\Users\shiba\ptcc_pokemon_ai_buttle\data\runs\alakazam\20260801_yushin_54773249_refresh.zip,20260801_yushin_54773249_refresh/episodes/88312251/replay/episode_88312251.json,0.7071067811865475,,validated_teacher_index
88312777,0,2,Yushin Ito,54773249,yushin_20260801,zip,C:\Users\shiba\ptcc_pokemon_ai_buttle\data\runs\alakazam\20260801_yushin_54773249_refresh.zip,20260801_yushin_54773249_refresh/episodes/88312777/replay/episode_88312777.json,0.7071067811865475,,validated_teacher_index
88313299,0,2,Yushin Ito,54773249,yushin_20260801,zip,C:\Users\shiba\ptcc_pokemon_ai_buttle\data\runs\alakazam\20260801_yushin_54773249_refresh.zip,20260801_yushin_54773249_refresh/episodes/88313299/replay/episode_88313299.json,0.7071067811865475,,validated_teacher_index
88313800,0,2,Yushin Ito,54773249,yushin_20260801,zip,C:\Users\shiba\ptcc_pokemon_ai_buttle\data\runs\alakazam\20260801_yushin_54773249_refresh.zip,20260801_yushin_54773249_refresh/episodes/88313800/replay/episode_88313800.json,0.7071067811865475,,validated_teacher_index
88313807,1,2,Yushin Ito,54773249,yushin_20260801,zip,C:\Users\shiba\ptcc_pokemon_ai_buttle\data\runs\alakazam\20260801_yushin_54773249_refresh.zip,20260801_yushin_54773249_refresh/episodes/88313807/replay/episode_88313807.json,0.7071067811865475,,validated_teacher_index
88314305,1,2,Yushin Ito,54773249,yushin_20260801,zip,C:\Users\shiba\ptcc_pokemon_ai_buttle\data\runs\alakazam\20260801_yushin_54773249_refresh.zip,20260801_yushin_54773249_refresh/episodes/88314305/replay/episode_88314305.json,0.7071067811865475,,validated_teacher_index
88314834,0,2,Yushin Ito,54773249,yushin_20260801,zip,C:\Users\shiba\ptcc_pokemon_ai_buttle\data\runs\alakazam\20260801_yushin_54773249_refresh.zip,20260801_yushin_54773249_refresh/episodes/88314834/replay/episode_88314834.json,0.7071067811865475,,validated_teacher_index
88315338,1,2,Yushin Ito,54773249,yushin_20260801,zip,C:\Users\shiba\ptcc_pokemon_ai_buttle\data\runs\alakazam\20260801_yushin_54773249_refresh.zip,20260801_yushin_54773249_refresh/episodes/88315338/replay/episode_88315338.json,0.7071067811865475,,validated_teacher_index
88315856,0,2,Yushin Ito,54773249,yushin_20260801,zip,C:\Users\shiba\ptcc_pokemon_ai_buttle\data\runs\alakazam\20260801_yushin_54773249_refresh.zip,20260801_yushin_54773249_refresh/episodes/88315856/replay/episode_88315856.json,0.7071067811865475,,validated_teacher_index
88315860,1,2,Yushin Ito,54773249,yushin_20260801,zip,C:\Users\shiba\ptcc_pokemon_ai_buttle\data\runs\alakazam\20260801_yushin_54773249_refresh.zip,20260801_yushin_54773249_refresh/episodes/88315860/replay/episode_88315860.json,0.7071067811865475,,validated_teacher_index
88316366,0,2,Yushin Ito,54773249,yushin_20260801,zip,C:\Users\shiba\ptcc_pokemon_ai_buttle\data\runs\alakazam\20260801_yushin_54773249_refresh.zip,20260801_yushin_54773249_refresh/episodes/88316366/replay/episode_88316366.json,0.7071067811865475,,validated_teacher_index
88316858,0,2,Yushin Ito,54773249,yushin_20260801,zip,C:\Users\shiba\ptcc_pokemon_ai_buttle\data\runs\alakazam\20260801_yushin_54773249_refresh.zip,20260801_yushin_54773249_refresh/episodes/88316858/replay/episode_88316858.json,0.7071067811865475,,validated_teacher_index
88316886,0,2,Yushin Ito,54773249,yushin_20260801,zip,C:\Users\shiba\ptcc_pokemon_ai_buttle\data\runs\alakazam\20260801_yushin_54773249_refresh.zip,20260801_yushin_54773249_refresh/episodes/88316886/replay/episode_88316886.json,0.7071067811865475,,validated_teacher_index
88317401,0,2,Yushin Ito,54773249,yushin_20260801,zip,C:\Users\shiba\ptcc_pokemon_ai_buttle\data\runs\alakazam\20260801_yushin_54773249_refresh.zip,20260801_yushin_54773249_refresh/episodes/88317401/replay/episode_88317401.json,0.7071067811865475,,validated_teacher_index
88317914,0,2,Yushin Ito,54773249,yushin_20260801,zip,C:\Users\shiba\ptcc_pokemon_ai_buttle\data\runs\alakazam\20260801_yushin_54773249_refresh.zip,20260801_yushin_54773249_refresh/episodes/88317914/replay/episode_88317914.json,0.7071067811865475,,validated_teacher_index
88317919,0,2,Yushin Ito,54773249,yushin_20260801,zip,C:\Users\shiba\ptcc_pokemon_ai_buttle\data\runs\alakazam\20260801_yushin_54773249_refresh.zip,20260801_yushin_54773249_refresh/episodes/88317919/replay/episode_88317919.json,0.7071067811865475,,validated_teacher_index
88317935,1,2,Yushin Ito,54773249,yushin_20260801,zip,C:\Users\shiba\ptcc_pokemon_ai_buttle\data\runs\alakazam\20260801_yushin_54773249_refresh.zip,20260801_yushin_54773249_refresh/episodes/88317935/replay/episode_88317935.json,0.7071067811865475,,validated_teacher_index
88318429,1,2,Yushin Ito,54773249,yushin_20260801,zip,C:\Users\shiba\ptcc_pokemon_ai_buttle\data\runs\alakazam\20260801_yushin_54773249_refresh.zip,20260801_yushin_54773249_refresh/episodes/88318429/replay/episode_88318429.json,0.7071067811865475,,validated_teacher_index
88318945,1,2,Yushin Ito,54773249,yushin_20260801,zip,C:\Users\shiba\ptcc_pokemon_ai_buttle\data\runs\alakazam\20260801_yushin_54773249_refresh.zip,20260801_yushin_54773249_refresh/episodes/88318945/replay/episode_88318945.json,0.7071067811865475,,validated_teacher_index
88319454,1,2,Yushin Ito,54773249,yushin_20260801,zip,C:\Users\shiba\ptcc_pokemon_ai_buttle\data\runs\alakazam\20260801_yushin_54773249_refresh.zip,20260801_yushin_54773249_refresh/episodes/88319454/replay/episode_88319454.json,0.7071067811865475,,validated_teacher_index
88319459,0,2,Yushin Ito,54773249,yushin_20260801,zip,C:\Users\shiba\ptcc_pokemon_ai_buttle\data\runs\alakazam\20260801_yushin_54773249_refresh.zip,20260801_yushin_54773249_refresh/episodes/88319459/replay/episode_88319459.json,0.7071067811865475,,validated_teacher_index
88319965,1,2,Yushin Ito,54773249,yushin_20260801,zip,C:\Users\shiba\ptcc_pokemon_ai_buttle\data\runs\alakazam\20260801_yushin_54773249_refresh.zip,20260801_yushin_54773249_refresh/episodes/88319965/replay/episode_88319965.json,0.7071067811865475,,validated_teacher_index
88320489,0,2,Yushin Ito,54773249,yushin_20260801,zip,C:\Users\shiba\ptcc_pokemon_ai_buttle\data\runs\alakazam\20260801_yushin_54773249_refresh.zip,20260801_yushin_54773249_refresh/episodes/88320489/replay/episode_88320489.json,0.7071067811865475,,validated_teacher_index
88320999,1,2,Yushin Ito,54773249,yushin_20260801,zip,C:\Users\shiba\ptcc_pokemon_ai_buttle\data\runs\alakazam\20260801_yushin_54773249_refresh.zip,20260801_yushin_54773249_refresh/episodes/88320999/replay/episode_88320999.json,0.7071067811865475,,validated_teacher_index
88321027,1,2,Yushin Ito,54773249,yushin_20260801,zip,C:\Users\shiba\ptcc_pokemon_ai_buttle\data\runs\alakazam\20260801_yushin_54773249_refresh.zip,20260801_yushin_54773249_refresh/episodes/88321027/replay/episode_88321027.json,0.7071067811865475,,validated_teacher_index
88321525,1,2,Yushin Ito,54773249,yushin_20260801,zip,C:\Users\shiba\ptcc_pokemon_ai_buttle\data\runs\alakazam\20260801_yushin_54773249_refresh.zip,20260801_yushin_54773249_refresh/episodes/88321525/replay/episode_88321525.json,0.7071067811865475,,validated_teacher_index
88322053,1,2,Yushin Ito,54773249,yushin_20260801,zip,C:\Users\shiba\ptcc_pokemon_ai_buttle\data\runs\alakazam\20260801_yushin_54773249_refresh.zip,20260801_yushin_54773249_refresh/episodes/88322053/replay/episode_88322053.json,0.7071067811865475,,validated_teacher_index
88322616,0,2,Yushin Ito,54773249,yushin_20260801,zip,C:\Users\shiba\ptcc_pokemon_ai_buttle\data\runs\alakazam\20260801_yushin_54773249_refresh.zip,20260801_yushin_54773249_refresh/episodes/88322616/replay/episode_88322616.json,0.7071067811865475,,validated_teacher_index
88323137,0,2,Yushin Ito,54773249,yushin_20260801,zip,C:\Users\shiba\ptcc_pokemon_ai_buttle\data\runs\alakazam\20260801_yushin_54773249_refresh.zip,20260801_yushin_54773249_refresh/episodes/88323137/replay/episode_88323137.json,0.7071067811865475,,validated_teacher_index
88323139,1,2,Yushin Ito,54773249,yushin_20260801,zip,C:\Users\shiba\ptcc_pokemon_ai_buttle\data\runs\alakazam\20260801_yushin_54773249_refresh.zip,20260801_yushin_54773249_refresh/episodes/88323139/replay/episode_88323139.json,0.7071067811865475,,validated_teacher_index
88323640,1,2,Yushin Ito,54773249,yushin_20260801,zip,C:\Users\shiba\ptcc_pokemon_ai_buttle\data\runs\alakazam\20260801_yushin_54773249_refresh.zip,20260801_yushin_54773249_refresh/episodes/88323640/replay/episode_88323640.json,0.7071067811865475,,validated_teacher_index
88323664,1,2,Yushin Ito,54773249,yushin_20260801,zip,C:\Users\shiba\ptcc_pokemon_ai_buttle\data\runs\alakazam\20260801_yushin_54773249_refresh.zip,20260801_yushin_54773249_refresh/episodes/88323664/replay/episode_88323664.json,0.7071067811865475,,validated_teacher_index
88324181,0,2,Yushin Ito,54773249,yushin_20260801,zip,C:\Users\shiba\ptcc_pokemon_ai_buttle\data\runs\alakazam\20260801_yushin_54773249_refresh.zip,20260801_yushin_54773249_refresh/episodes/88324181/replay/episode_88324181.json,0.7071067811865475,,validated_teacher_index
88324191,0,2,Yushin Ito,54773249,yushin_20260801,zip,C:\Users\shiba\ptcc_pokemon_ai_buttle\data\runs\alakazam\20260801_yushin_54773249_refresh.zip,20260801_yushin_54773249_refresh/episodes/88324191/replay/episode_88324191.json,0.7071067811865475,,validated_teacher_index
88324694,0,2,Yushin Ito,54773249,yushin_20260801,zip,C:\Users\shiba\ptcc_pokemon_ai_buttle\data\runs\alakazam\20260801_yushin_54773249_refresh.zip,20260801_yushin_54773249_refresh/episodes/88324694/replay/episode_88324694.json,0.7071067811865475,,validated_teacher_index
88325227,1,2,Yushin Ito,54773249,yushin_20260801,zip,C:\Users\shiba\ptcc_pokemon_ai_buttle\data\runs\alakazam\20260801_yushin_54773249_refresh.zip,20260801_yushin_54773249_refresh/episodes/88325227/replay/episode_88325227.json,0.7071067811865475,,validated_teacher_index
88325745,0,2,Yushin Ito,54773249,yushin_20260801,zip,C:\Users\shiba\ptcc_pokemon_ai_buttle\data\runs\alakazam\20260801_yushin_54773249_refresh.zip,20260801_yushin_54773249_refresh/episodes/88325745/replay/episode_88325745.json,0.7071067811865475,,validated_teacher_index
88326248,0,2,Yushin Ito,54773249,yushin_20260801,zip,C:\Users\shiba\ptcc_pokemon_ai_buttle\data\runs\alakazam\20260801_yushin_54773249_refresh.zip,20260801_yushin_54773249_refresh/episodes/88326248/replay/episode_88326248.json,0.7071067811865475,,validated_teacher_index
88326289,1,2,Yushin Ito,54773249,yushin_20260801,zip,C:\Users\shiba\ptcc_pokemon_ai_buttle\data\runs\alakazam\20260801_yushin_54773249_refresh.zip,20260801_yushin_54773249_refresh/episodes/88326289/replay/episode_88326289.json,0.7071067811865475,,validated_teacher_index
88326768,1,2,Yushin Ito,54773249,yushin_20260801,zip,C:\Users\shiba\ptcc_pokemon_ai_buttle\data\runs\alakazam\20260801_yushin_54773249_refresh.zip,20260801_yushin_54773249_refresh/episodes/88326768/replay/episode_88326768.json,0.7071067811865475,,validated_teacher_index
88326776,1,2,Yushin Ito,54773249,yushin_20260801,zip,C:\Users\shiba\ptcc_pokemon_ai_buttle\data\runs\alakazam\20260801_yushin_54773249_refresh.zip,20260801_yushin_54773249_refresh/episodes/88326776/replay/episode_88326776.json,0.7071067811865475,,validated_teacher_index
88327282,0,2,Yushin Ito,54773249,yushin_20260801,zip,C:\Users\shiba\ptcc_pokemon_ai_buttle\data\runs\alakazam\20260801_yushin_54773249_refresh.zip,20260801_yushin_54773249_refresh/episodes/88327282/replay/episode_88327282.json,0.7071067811865475,,validated_teacher_index
88327789,1,2,Yushin Ito,54773249,yushin_20260801,zip,C:\Users\shiba\ptcc_pokemon_ai_buttle\data\runs\alakazam\20260801_yushin_54773249_refresh.zip,20260801_yushin_54773249_refresh/episodes/88327789/replay/episode_88327789.json,0.7071067811865475,,validated_teacher_index
88328315,0,2,Yushin Ito,54773249,yushin_20260801,zip,C:\Users\shiba\ptcc_pokemon_ai_buttle\data\runs\alakazam\20260801_yushin_54773249_refresh.zip,20260801_yushin_54773249_refresh/episodes/88328315/replay/episode_88328315.json,0.7071067811865475,,validated_teacher_index
88328855,0,2,Yushin Ito,54773249,yushin_20260801,zip,C:\Users\shiba\ptcc_pokemon_ai_buttle\data\runs\alakazam\20260801_yushin_54773249_refresh.zip,20260801_yushin_54773249_refresh/episodes/88328855/replay/episode_88328855.json,0.7071067811865475,,validated_teacher_index
88329383,1,2,Yushin Ito,54773249,yushin_20260801,zip,C:\Users\shiba\ptcc_pokemon_ai_buttle\data\runs\alakazam\20260801_yushin_54773249_refresh.zip,20260801_yushin_54773249_refresh/episodes/88329383/replay/episode_88329383.json,0.7071067811865475,,validated_teacher_index
88329422,0,2,Yushin Ito,54773249,yushin_20260801,zip,C:\Users\shiba\ptcc_pokemon_ai_buttle\data\runs\alakazam\20260801_yushin_54773249_refresh.zip,20260801_yushin_54773249_refresh/episodes/88329422/replay/episode_88329422.json,0.7071067811865475,,validated_teacher_index
88329892,0,2,Yushin Ito,54773249,yushin_20260801,zip,C:\Users\shiba\ptcc_pokemon_ai_buttle\data\runs\alakazam\20260801_yushin_54773249_refresh.zip,20260801_yushin_54773249_refresh/episodes/88329892/replay/episode_88329892.json,0.7071067811865475,,validated_teacher_index
88329902,0,2,Yushin Ito,54773249,yushin_20260801,zip,C:\Users\shiba\ptcc_pokemon_ai_buttle\data\runs\alakazam\20260801_yushin_54773249_refresh.zip,20260801_yushin_54773249_refresh/episodes/88329902/replay/episode_88329902.json,0.7071067811865475,,validated_teacher_index
88329904,0,2,Yushin Ito,54773249,yushin_20260801,zip,C:\Users\shiba\ptcc_pokemon_ai_buttle\data\runs\alakazam\20260801_yushin_54773249_refresh.zip,20260801_yushin_54773249_refresh/episodes/88329904/replay/episode_88329904.json,0.7071067811865475,,validated_teacher_index
88329935,1,2,Yushin Ito,54773249,yushin_20260801,zip,C:\Users\shiba\ptcc_pokemon_ai_buttle\data\runs\alakazam\20260801_yushin_54773249_refresh.zip,20260801_yushin_54773249_refresh/episodes/88329935/replay/episode_88329935.json,0.7071067811865475,,validated_teacher_index
88330440,1,2,Yushin Ito,54773249,yushin_20260801,zip,C:\Users\shiba\ptcc_pokemon_ai_buttle\data\runs\alakazam\20260801_yushin_54773249_refresh.zip,20260801_yushin_54773249_refresh/episodes/88330440/replay/episode_88330440.json,0.7071067811865475,,validated_teacher_index
88330970,1,2,Yushin Ito,54773249,yushin_20260801,zip,C:\Users\shiba\ptcc_pokemon_ai_buttle\data\runs\alakazam\20260801_yushin_54773249_refresh.zip,20260801_yushin_54773249_refresh/episodes/88330970/replay/episode_88330970.json,0.7071067811865475,,validated_teacher_index
88330984,0,2,Yushin Ito,54773249,yushin_20260801,zip,C:\Users\shiba\ptcc_pokemon_ai_buttle\data\runs\alakazam\20260801_yushin_54773249_refresh.zip,20260801_yushin_54773249_refresh/episodes/88330984/replay/episode_88330984.json,0.7071067811865475,,validated_teacher_index
88331489,0,2,Yushin Ito,54773249,yushin_20260801,zip,C:\Users\shiba\ptcc_pokemon_ai_buttle\data\runs\alakazam\20260801_yushin_54773249_refresh.zip,20260801_yushin_54773249_refresh/episodes/88331489/replay/episode_88331489.json,0.7071067811865475,,validated_teacher_index
88331497,0,2,Yushin Ito,54773249,yushin_20260801,zip,C:\Users\shiba\ptcc_pokemon_ai_buttle\data\runs\alakazam\20260801_yushin_54773249_refresh.zip,20260801_yushin_54773249_refresh/episodes/88331497/replay/episode_88331497.json,0.7071067811865475,,validated_teacher_index
88332017,1,2,Yushin Ito,54773249,yushin_20260801,zip,C:\Users\shiba\ptcc_pokemon_ai_buttle\data\runs\alakazam\20260801_yushin_54773249_refresh.zip,20260801_yushin_54773249_refresh/episodes/88332017/replay/episode_88332017.json,0.7071067811865475,,validated_teacher_index
88332528,0,2,Yushin Ito,54773249,yushin_20260801,zip,C:\Users\shiba\ptcc_pokemon_ai_buttle\data\runs\alakazam\20260801_yushin_54773249_refresh.zip,20260801_yushin_54773249_refresh/episodes/88332528/replay/episode_88332528.json,0.7071067811865475,,validated_teacher_index
88333043,0,2,Yushin Ito,54773249,yushin_20260801,zip,C:\Users\shiba\ptcc_pokemon_ai_buttle\data\runs\alakazam\20260801_yushin_54773249_refresh.zip,20260801_yushin_54773249_refresh/episodes/88333043/replay/episode_88333043.json,0.7071067811865475,,validated_teacher_index
88333532,1,2,Yushin Ito,54773249,yushin_20260801,zip,C:\Users\shiba\ptcc_pokemon_ai_buttle\data\runs\alakazam\20260801_yushin_54773249_refresh.zip,20260801_yushin_54773249_refresh/episodes/88333532/replay/episode_88333532.json,0.7071067811865475,,validated_teacher_index
88333555,1,2,Yushin Ito,54773249,yushin_20260801,zip,C:\Users\shiba\ptcc_pokemon_ai_buttle\data\runs\alakazam\20260801_yushin_54773249_refresh.zip,20260801_yushin_54773249_refresh/episodes/88333555/replay/episode_88333555.json,0.7071067811865475,,validated_teacher_index
88334087,1,2,Yushin Ito,54773249,yushin_20260801,zip,C:\Users\shiba\ptcc_pokemon_ai_buttle\data\runs\alakazam\20260801_yushin_54773249_refresh.zip,20260801_yushin_54773249_refresh/episodes/88334087/replay/episode_88334087.json,0.7071067811865475,,validated_teacher_index
88334600,1,2,Yushin Ito,54773249,yushin_20260801,zip,C:\Users\shiba\ptcc_pokemon_ai_buttle\data\runs\alakazam\20260801_yushin_54773249_refresh.zip,20260801_yushin_54773249_refresh/episodes/88334600/replay/episode_88334600.json,0.7071067811865475,,validated_teacher_index
88334658,0,2,Yushin Ito,54773249,yushin_20260801,zip,C:\Users\shiba\ptcc_pokemon_ai_buttle\data\runs\alakazam\20260801_yushin_54773249_refresh.zip,20260801_yushin_54773249_refresh/episodes/88334658/replay/episode_88334658.json,0.7071067811865475,,validated_teacher_index
88335130,1,2,Yushin Ito,54773249,yushin_20260801,zip,C:\Users\shiba\ptcc_pokemon_ai_buttle\data\runs\alakazam\20260801_yushin_54773249_refresh.zip,20260801_yushin_54773249_refresh/episodes/88335130/replay/episode_88335130.json,0.7071067811865475,,validated_teacher_index
88335136,1,2,Yushin Ito,54773249,yushin_20260801,zip,C:\Users\shiba\ptcc_pokemon_ai_buttle\data\runs\alakazam\20260801_yushin_54773249_refresh.zip,20260801_yushin_54773249_refresh/episodes/88335136/replay/episode_88335136.json,0.7071067811865475,,validated_teacher_index
88335656,0,2,Yushin Ito,54773249,yushin_20260801,zip,C:\Users\shiba\ptcc_pokemon_ai_buttle\data\runs\alakazam\20260801_yushin_54773249_refresh.zip,20260801_yushin_54773249_refresh/episodes/88335656/replay/episode_88335656.json,0.7071067811865475,,validated_teacher_index
88336176,0,2,Yushin Ito,54773249,yushin_20260801,zip,C:\Users\shiba\ptcc_pokemon_ai_buttle\data\runs\alakazam\20260801_yushin_54773249_refresh.zip,20260801_yushin_54773249_refresh/episodes/88336176/replay/episode_88336176.json,0.7071067811865475,,validated_teacher_index
88336697,1,2,Yushin Ito,54773249,yushin_20260801,zip,C:\Users\shiba\ptcc_pokemon_ai_buttle\data\runs\alakazam\20260801_yushin_54773249_refresh.zip,20260801_yushin_54773249_refresh/episodes/88336697/replay/episode_88336697.json,0.7071067811865475,,validated_teacher_index
88337216,0,2,Yushin Ito,54773249,yushin_20260801,zip,C:\Users\shiba\ptcc_pokemon_ai_buttle\data\runs\alakazam\20260801_yushin_54773249_refresh.zip,20260801_yushin_54773249_refresh/episodes/88337216/replay/episode_88337216.json,0.7071067811865475,,validated_teacher_index
88337232,1,2,Yushin Ito,54773249,yushin_20260801,zip,C:\Users\shiba\ptcc_pokemon_ai_buttle\data\runs\alakazam\20260801_yushin_54773249_refresh.zip,20260801_yushin_54773249_refresh/episodes/88337232/replay/episode_88337232.json,0.7071067811865475,,validated_teacher_index
88337243,1,2,Yushin Ito,54773249,yushin_20260801,zip,C:\Users\shiba\ptcc_pokemon_ai_buttle\data\runs\alakazam\20260801_yushin_54773249_refresh.zip,20260801_yushin_54773249_refresh/episodes/88337243/replay/episode_88337243.json,0.7071067811865475,,validated_teacher_index
88337758,0,2,Yushin Ito,54773249,yushin_20260801,zip,C:\Users\shiba\ptcc_pokemon_ai_buttle\data\runs\alakazam\20260801_yushin_54773249_refresh.zip,20260801_yushin_54773249_refresh/episodes/88337758/replay/episode_88337758.json,0.7071067811865475,,validated_teacher_index
88337782,0,2,Yushin Ito,54773249,yushin_20260801,zip,C:\Users\shiba\ptcc_pokemon_ai_buttle\data\runs\alakazam\20260801_yushin_54773249_refresh.zip,20260801_yushin_54773249_refresh/episodes/88337782/replay/episode_88337782.json,0.7071067811865475,,validated_teacher_index
88338291,0,2,Yushin Ito,54773249,yushin_20260801,zip,C:\Users\shiba\ptcc_pokemon_ai_buttle\data\runs\alakazam\20260801_yushin_54773249_refresh.zip,20260801_yushin_54773249_refresh/episodes/88338291/replay/episode_88338291.json,0.7071067811865475,,validated_teacher_index
88338821,1,2,Yushin Ito,54773249,yushin_20260801,zip,C:\Users\shiba\ptcc_pokemon_ai_buttle\data\runs\alakazam\20260801_yushin_54773249_refresh.zip,20260801_yushin_54773249_refresh/episodes/88338821/replay/episode_88338821.json,0.7071067811865475,,validated_teacher_index
88339338,1,2,Yushin Ito,54773249,yushin_20260801,zip,C:\Users\shiba\ptcc_pokemon_ai_buttle\data\runs\alakazam\20260801_yushin_54773249_refresh.zip,20260801_yushin_54773249_refresh/episodes/88339338/replay/episode_88339338.json,0.7071067811865475,,validated_teacher_index
88339374,0,2,Yushin Ito,54773249,yushin_20260801,zip,C:\Users\shiba\ptcc_pokemon_ai_buttle\data\runs\alakazam\20260801_yushin_54773249_refresh.zip,20260801_yushin_54773249_refresh/episodes/88339374/replay/episode_88339374.json,0.7071067811865475,,validated_teacher_index
88339864,1,2,Yushin Ito,54773249,yushin_20260801,zip,C:\Users\shiba\ptcc_pokemon_ai_buttle\data\runs\alakazam\20260801_yushin_54773249_refresh.zip,20260801_yushin_54773249_refresh/episodes/88339864/replay/episode_88339864.json,0.7071067811865475,,validated_teacher_index
88340382,1,2,Yushin Ito,54773249,yushin_20260801,zip,C:\Users\shiba\ptcc_pokemon_ai_buttle\data\runs\alakazam\20260801_yushin_54773249_refresh.zip,20260801_yushin_54773249_refresh/episodes/88340382/replay/episode_88340382.json,0.7071067811865475,,validated_teacher_index
88340440,0,2,Yushin Ito,54773249,yushin_20260801,zip,C:\Users\shiba\ptcc_pokemon_ai_buttle\data\runs\alakazam\20260801_yushin_54773249_refresh.zip,20260801_yushin_54773249_refresh/episodes/88340440/replay/episode_88340440.json,0.7071067811865475,,validated_teacher_index
88340920,1,2,Yushin Ito,54773249,yushin_20260801,zip,C:\Users\shiba\ptcc_pokemon_ai_buttle\data\runs\alakazam\20260801_yushin_54773249_refresh.zip,20260801_yushin_54773249_refresh/episodes/88340920/replay/episode_88340920.json,0.7071067811865475,,validated_teacher_index
88340923,0,2,Yushin Ito,54773249,yushin_20260801,zip,C:\Users\shiba\ptcc_pokemon_ai_buttle\data\runs\alakazam\20260801_yushin_54773249_refresh.zip,20260801_yushin_54773249_refresh/episodes/88340923/replay/episode_88340923.json,0.7071067811865475,,validated_teacher_index
88341497,0,2,Yushin Ito,54773249,yushin_20260801,zip,C:\Users\shiba\ptcc_pokemon_ai_buttle\data\runs\alakazam\20260801_yushin_54773249_refresh.zip,20260801_yushin_54773249_refresh/episodes/88341497/replay/episode_88341497.json,0.7071067811865475,,validated_teacher_index
88342035,1,2,Yushin Ito,54773249,yushin_20260801,zip,C:\Users\shiba\ptcc_pokemon_ai_buttle\data\runs\alakazam\20260801_yushin_54773249_refresh.zip,20260801_yushin_54773249_refresh/episodes/88342035/replay/episode_88342035.json,0.7071067811865475,,validated_teacher_index
88342571,0,2,Yushin Ito,54773249,yushin_20260801,zip,C:\Users\shiba\ptcc_pokemon_ai_buttle\data\runs\alakazam\20260801_yushin_54773249_refresh.zip,20260801_yushin_54773249_refresh/episodes/88342571/replay/episode_88342571.json,0.7071067811865475,,validated_teacher_index
88343103,1,2,Yushin Ito,54773249,yushin_20260801,zip,C:\Users\shiba\ptcc_pokemon_ai_buttle\data\runs\alakazam\20260801_yushin_54773249_refresh.zip,20260801_yushin_54773249_refresh/episodes/88343103/replay/episode_88343103.json,0.7071067811865475,,validated_teacher_index
88343634,0,2,Yushin Ito,54773249,yushin_20260801,zip,C:\Users\shiba\ptcc_pokemon_ai_buttle\data\runs\alakazam\20260801_yushin_54773249_refresh.zip,20260801_yushin_54773249_refresh/episodes/88343634/replay/episode_88343634.json,0.7071067811865475,,validated_teacher_index
88344159,1,2,Yushin Ito,54773249,yushin_20260801,zip,C:\Users\shiba\ptcc_pokemon_ai_buttle\data\runs\alakazam\20260801_yushin_54773249_refresh.zip,20260801_yushin_54773249_refresh/episodes/88344159/replay/episode_88344159.json,0.7071067811865475,,validated_teacher_index
88344660,1,2,Yushin Ito,54773249,yushin_20260801,zip,C:\Users\shiba\ptcc_pokemon_ai_buttle\data\runs\alakazam\20260801_yushin_54773249_refresh.zip,20260801_yushin_54773249_refresh/episodes/88344660/replay/episode_88344660.json,0.7071067811865475,,validated_teacher_index
88344679,1,2,Yushin Ito,54773249,yushin_20260801,zip,C:\Users\shiba\ptcc_pokemon_ai_buttle\data\runs\alakazam\20260801_yushin_54773249_refresh.zip,20260801_yushin_54773249_refresh/episodes/88344679/replay/episode_88344679.json,0.7071067811865475,,validated_teacher_index
88345217,1,2,Yushin Ito,54773249,yushin_20260801,zip,C:\Users\shiba\ptcc_pokemon_ai_buttle\data\runs\alakazam\20260801_yushin_54773249_refresh.zip,20260801_yushin_54773249_refresh/episodes/88345217/replay/episode_88345217.json,0.7071067811865475,,validated_teacher_index
88345745,0,2,Yushin Ito,54773249,yushin_20260801,zip,C:\Users\shiba\ptcc_pokemon_ai_buttle\data\runs\alakazam\20260801_yushin_54773249_refresh.zip,20260801_yushin_54773249_refresh/episodes/88345745/replay/episode_88345745.json,0.7071067811865475,,validated_teacher_index
88346260,0,2,Yushin Ito,54773249,yushin_20260801,zip,C:\Users\shiba\ptcc_pokemon_ai_buttle\data\runs\alakazam\20260801_yushin_54773249_refresh.zip,20260801_yushin_54773249_refresh/episodes/88346260/replay/episode_88346260.json,0.7071067811865475,,validated_teacher_index
88346286,1,2,Yushin Ito,54773249,yushin_20260801,zip,C:\Users\shiba\ptcc_pokemon_ai_buttle\data\runs\alakazam\20260801_yushin_54773249_refresh.zip,20260801_yushin_54773249_refresh/episodes/88346286/replay/episode_88346286.json,0.7071067811865475,,validated_teacher_index
88346787,0,2,Yushin Ito,54773249,yushin_20260801,zip,C:\Users\shiba\ptcc_pokemon_ai_buttle\data\runs\alakazam\20260801_yushin_54773249_refresh.zip,20260801_yushin_54773249_refresh/episodes/88346787/replay/episode_88346787.json,0.7071067811865475,,validated_teacher_index
88346802,0,2,Yushin Ito,54773249,yushin_20260801,zip,C:\Users\shiba\ptcc_pokemon_ai_buttle\data\runs\alakazam\20260801_yushin_54773249_refresh.zip,20260801_yushin_54773249_refresh/episodes/88346802/replay/episode_88346802.json,0.7071067811865475,,validated_teacher_index
88347310,0,2,Yushin Ito,54773249,yushin_20260801,zip,C:\Users\shiba\ptcc_pokemon_ai_buttle\data\runs\alakazam\20260801_yushin_54773249_refresh.zip,20260801_yushin_54773249_refresh/episodes/88347310/replay/episode_88347310.json,0.7071067811865475,,validated_teacher_index
88347333,0,2,Yushin Ito,54773249,yushin_20260801,zip,C:\Users\shiba\ptcc_pokemon_ai_buttle\data\runs\alakazam\20260801_yushin_54773249_refresh.zip,20260801_yushin_54773249_refresh/episodes/88347333/replay/episode_88347333.json,0.7071067811865475,,validated_teacher_index
88347343,0,2,Yushin Ito,54773249,yushin_20260801,zip,C:\Users\shiba\ptcc_pokemon_ai_buttle\data\runs\alakazam\20260801_yushin_54773249_refresh.zip,20260801_yushin_54773249_refresh/episodes/88347343/replay/episode_88347343.json,0.7071067811865475,,validated_teacher_index
88347864,0,2,Yushin Ito,54773249,yushin_20260801,zip,C:\Users\shiba\ptcc_pokemon_ai_buttle\data\runs\alakazam\20260801_yushin_54773249_refresh.zip,20260801_yushin_54773249_refresh/episodes/88347864/replay/episode_88347864.json,0.7071067811865475,,validated_teacher_index
88348377,1,2,Yushin Ito,54773249,yushin_20260801,zip,C:\Users\shiba\ptcc_pokemon_ai_buttle\data\runs\alakazam\20260801_yushin_54773249_refresh.zip,20260801_yushin_54773249_refresh/episodes/88348377/replay/episode_88348377.json,0.7071067811865475,,validated_teacher_index
88348894,0,2,Yushin Ito,54773249,yushin_20260801,zip,C:\Users\shiba\ptcc_pokemon_ai_buttle\data\runs\alakazam\20260801_yushin_54773249_refresh.zip,20260801_yushin_54773249_refresh/episodes/88348894/replay/episode_88348894.json,0.7071067811865475,,validated_teacher_index
88349435,1,2,Yushin Ito,54773249,yushin_20260801,zip,C:\Users\shiba\ptcc_pokemon_ai_buttle\data\runs\alakazam\20260801_yushin_54773249_refresh.zip,20260801_yushin_54773249_refresh/episodes/88349435/replay/episode_88349435.json,0.7071067811865475,,validated_teacher_index
88349954,0,2,Yushin Ito,54773249,yushin_20260801,zip,C:\Users\shiba\ptcc_pokemon_ai_buttle\data\runs\alakazam\20260801_yushin_54773249_refresh.zip,20260801_yushin_54773249_refresh/episodes/88349954/replay/episode_88349954.json,0.7071067811865475,,validated_teacher_index
88349973,0,2,Yushin Ito,54773249,yushin_20260801,zip,C:\Users\shiba\ptcc_pokemon_ai_buttle\data\runs\alakazam\20260801_yushin_54773249_refresh.zip,20260801_yushin_54773249_refresh/episodes/88349973/replay/episode_88349973.json,0.7071067811865475,,validated_teacher_index
88350497,1,2,Yushin Ito,54773249,yushin_20260801,zip,C:\Users\shiba\ptcc_pokemon_ai_buttle\data\runs\alakazam\20260801_yushin_54773249_refresh.zip,20260801_yushin_54773249_refresh/episodes/88350497/replay/episode_88350497.json,0.7071067811865475,,validated_teacher_index
88351019,0,2,Yushin Ito,54773249,yushin_20260801,zip,C:\Users\shiba\ptcc_pokemon_ai_buttle\data\runs\alakazam\20260801_yushin_54773249_refresh.zip,20260801_yushin_54773249_refresh/episodes/88351019/replay/episode_88351019.json,0.7071067811865475,,validated_teacher_index
88351106,1,2,Yushin Ito,54773249,yushin_20260801,zip,C:\Users\shiba\ptcc_pokemon_ai_buttle\data\runs\alakazam\20260801_yushin_54773249_refresh.zip,20260801_yushin_54773249_refresh/episodes/88351106/replay/episode_88351106.json,0.7071067811865475,,validated_teacher_index
88351543,0,2,Yushin Ito,54773249,yushin_20260801,zip,C:\Users\shiba\ptcc_pokemon_ai_buttle\data\runs\alakazam\20260801_yushin_54773249_refresh.zip,20260801_yushin_54773249_refresh/episodes/88351543/replay/episode_88351543.json,0.7071067811865475,,validated_teacher_index
88352065,0,2,Yushin Ito,54773249,yushin_20260801,zip,C:\Users\shiba\ptcc_pokemon_ai_buttle\data\runs\alakazam\20260801_yushin_54773249_refresh.zip,20260801_yushin_54773249_refresh/episodes/88352065/replay/episode_88352065.json,0.7071067811865475,,validated_teacher_index
88352070,1,2,Yushin Ito,54773249,yushin_20260801,zip,C:\Users\shiba\ptcc_pokemon_ai_buttle\data\runs\alakazam\20260801_yushin_54773249_refresh.zip,20260801_yushin_54773249_refresh/episodes/88352070/replay/episode_88352070.json,0.7071067811865475,,validated_teacher_index
88352597,0,2,Yushin Ito,54773249,yushin_20260801,zip,C:\Users\shiba\ptcc_pokemon_ai_buttle\data\runs\alakazam\20260801_yushin_54773249_refresh.zip,20260801_yushin_54773249_refresh/episodes/88352597/replay/episode_88352597.json,0.7071067811865475,,validated_teacher_index
88353166,0,2,Yushin Ito,54773249,yushin_20260801,zip,C:\Users\shiba\ptcc_pokemon_ai_buttle\data\runs\alakazam\20260801_yushin_54773249_refresh.zip,20260801_yushin_54773249_refresh/episodes/88353166/replay/episode_88353166.json,0.7071067811865475,,validated_teacher_index
88353733,1,2,Yushin Ito,54773249,yushin_20260801,zip,C:\Users\shiba\ptcc_pokemon_ai_buttle\data\runs\alakazam\20260801_yushin_54773249_refresh.zip,20260801_yushin_54773249_refresh/episodes/88353733/replay/episode_88353733.json,0.7071067811865475,,validated_teacher_index
88359982,0,2,Yushin Ito,54773249,yushin_20260801,zip,C:\Users\shiba\ptcc_pokemon_ai_buttle\data\runs\alakazam\20260801_yushin_54773249_refresh.zip,20260801_yushin_54773249_refresh/episodes/88359982/replay/episode_88359982.json,0.7071067811865475,,validated_teacher_index
88364431,0,2,Yushin Ito,54773249,yushin_20260801,zip,C:\Users\shiba\ptcc_pokemon_ai_buttle\data\runs\alakazam\20260801_yushin_54773249_refresh.zip,20260801_yushin_54773249_refresh/episodes/88364431/replay/episode_88364431.json,0.7071067811865475,,validated_teacher_index
88367008,1,2,Yushin Ito,54773249,yushin_20260801,zip,C:\Users\shiba\ptcc_pokemon_ai_buttle\data\runs\alakazam\20260801_yushin_54773249_refresh.zip,20260801_yushin_54773249_refresh/episodes/88367008/replay/episode_88367008.json,0.7071067811865475,,validated_teacher_index
88369798,0,2,Yushin Ito,54773249,yushin_20260801,zip,C:\Users\shiba\ptcc_pokemon_ai_buttle\data\runs\alakazam\20260801_yushin_54773249_refresh.zip,20260801_yushin_54773249_refresh/episodes/88369798/replay/episode_88369798.json,0.7071067811865475,,validated_teacher_index
88370689,0,2,Yushin Ito,54773249,yushin_20260801,zip,C:\Users\shiba\ptcc_pokemon_ai_buttle\data\runs\alakazam\20260801_yushin_54773249_refresh.zip,20260801_yushin_54773249_refresh/episodes/88370689/replay/episode_88370689.json,0.7071067811865475,,validated_teacher_index
88372504,1,2,Yushin Ito,54773249,yushin_20260801,zip,C:\Users\shiba\ptcc_pokemon_ai_buttle\data\runs\alakazam\20260801_yushin_54773249_refresh.zip,20260801_yushin_54773249_refresh/episodes/88372504/replay/episode_88372504.json,0.7071067811865475,,validated_teacher_index
88372933,0,2,Yushin Ito,54773249,yushin_20260801,zip,C:\Users\shiba\ptcc_pokemon_ai_buttle\data\runs\alakazam\20260801_yushin_54773249_refresh.zip,20260801_yushin_54773249_refresh/episodes/88372933/replay/episode_88372933.json,0.7071067811865475,,validated_teacher_index
88373510,0,2,Yushin Ito,54773249,yushin_20260801,zip,C:\Users\shiba\ptcc_pokemon_ai_buttle\data\runs\alakazam\20260801_yushin_54773249_refresh.zip,20260801_yushin_54773249_refresh/episodes/88373510/replay/episode_88373510.json,0.7071067811865475,,validated_teacher_index
88374061,0,2,Yushin Ito,54773249,yushin_20260801,zip,C:\Users\shiba\ptcc_pokemon_ai_buttle\data\runs\alakazam\20260801_yushin_54773249_refresh.zip,20260801_yushin_54773249_refresh/episodes/88374061/replay/episode_88374061.json,0.7071067811865475,,validated_teacher_index
88374968,1,2,Yushin Ito,54773249,yushin_20260801,zip,C:\Users\shiba\ptcc_pokemon_ai_buttle\data\runs\alakazam\20260801_yushin_54773249_refresh.zip,20260801_yushin_54773249_refresh/episodes/88374968/replay/episode_88374968.json,0.7071067811865475,,validated_teacher_index
88376154,1,2,Yushin Ito,54773249,yushin_20260801,zip,C:\Users\shiba\ptcc_pokemon_ai_buttle\data\runs\alakazam\20260801_yushin_54773249_refresh.zip,20260801_yushin_54773249_refresh/episodes/88376154/replay/episode_88376154.json,0.7071067811865475,,validated_teacher_index
88376579,0,2,Yushin Ito,54773249,yushin_20260801,zip,C:\Users\shiba\ptcc_pokemon_ai_buttle\data\runs\alakazam\20260801_yushin_54773249_refresh.zip,20260801_yushin_54773249_refresh/episodes/88376579/replay/episode_88376579.json,0.7071067811865475,,validated_teacher_index
88376581,0,2,Yushin Ito,54773249,yushin_20260801,zip,C:\Users\shiba\ptcc_pokemon_ai_buttle\data\runs\alakazam\20260801_yushin_54773249_refresh.zip,20260801_yushin_54773249_refresh/episodes/88376581/replay/episode_88376581.json,0.7071067811865475,,validated_teacher_index
88377110,0,2,Yushin Ito,54773249,yushin_20260801,zip,C:\Users\shiba\ptcc_pokemon_ai_buttle\data\runs\alakazam\20260801_yushin_54773249_refresh.zip,20260801_yushin_54773249_refresh/episodes/88377110/replay/episode_88377110.json,0.7071067811865475,,validated_teacher_index
88377633,0,2,Yushin Ito,54773249,yushin_20260801,zip,C:\Users\shiba\ptcc_pokemon_ai_buttle\data\runs\alakazam\20260801_yushin_54773249_refresh.zip,20260801_yushin_54773249_refresh/episodes/88377633/replay/episode_88377633.json,0.7071067811865475,,validated_teacher_index
88378685,1,2,Yushin Ito,54773249,yushin_20260801,zip,C:\Users\shiba\ptcc_pokemon_ai_buttle\data\runs\alakazam\20260801_yushin_54773249_refresh.zip,20260801_yushin_54773249_refresh/episodes/88378685/replay/episode_88378685.json,0.7071067811865475,,validated_teacher_index
88381110,0,2,Yushin Ito,54773249,yushin_20260801,zip,C:\Users\shiba\ptcc_pokemon_ai_buttle\data\runs\alakazam\20260801_yushin_54773249_refresh.zip,20260801_yushin_54773249_refresh/episodes/88381110/replay/episode_88381110.json,0.7071067811865475,,validated_teacher_index
88381386,1,2,Yushin Ito,54773249,yushin_20260801,zip,C:\Users\shiba\ptcc_pokemon_ai_buttle\data\runs\alakazam\20260801_yushin_54773249_refresh.zip,20260801_yushin_54773249_refresh/episodes/88381386/replay/episode_88381386.json,0.7071067811865475,,validated_teacher_index
88381849,1,2,Yushin Ito,54773249,yushin_20260801,zip,C:\Users\shiba\ptcc_pokemon_ai_buttle\data\runs\alakazam\20260801_yushin_54773249_refresh.zip,20260801_yushin_54773249_refresh/episodes/88381849/replay/episode_88381849.json,0.7071067811865475,,validated_teacher_index
88382677,0,2,Yushin Ito,54773249,yushin_20260801,zip,C:\Users\shiba\ptcc_pokemon_ai_buttle\data\runs\alakazam\20260801_yushin_54773249_refresh.zip,20260801_yushin_54773249_refresh/episodes/88382677/replay/episode_88382677.json,0.7071067811865475,,validated_teacher_index
88385984,1,2,Yushin Ito,54773249,yushin_20260801,zip,C:\Users\shiba\ptcc_pokemon_ai_buttle\data\runs\alakazam\20260801_yushin_54773249_refresh.zip,20260801_yushin_54773249_refresh/episodes/88385984/replay/episode_88385984.json,0.7071067811865475,,validated_teacher_index
88387022,1,2,Yushin Ito,54773249,yushin_20260801,zip,C:\Users\shiba\ptcc_pokemon_ai_buttle\data\runs\alakazam\20260801_yushin_54773249_refresh.zip,20260801_yushin_54773249_refresh/episodes/88387022/replay/episode_88387022.json,0.7071067811865475,,validated_teacher_index
88389734,1,2,Yushin Ito,54773249,yushin_20260801,zip,C:\Users\shiba\ptcc_pokemon_ai_buttle\data\runs\alakazam\20260801_yushin_54773249_refresh.zip,20260801_yushin_54773249_refresh/episodes/88389734/replay/episode_88389734.json,0.7071067811865475,,validated_teacher_index
88391729,1,2,Yushin Ito,54773249,yushin_20260801,zip,C:\Users\shiba\ptcc_pokemon_ai_buttle\data\runs\alakazam\20260801_yushin_54773249_refresh.zip,20260801_yushin_54773249_refresh/episodes/88391729/replay/episode_88391729.json,0.7071067811865475,,validated_teacher_index
88393237,1,2,Yushin Ito,54773249,yushin_20260801,zip,C:\Users\shiba\ptcc_pokemon_ai_buttle\data\runs\alakazam\20260801_yushin_54773249_refresh.zip,20260801_yushin_54773249_refresh/episodes/88393237/replay/episode_88393237.json,0.7071067811865475,,validated_teacher_index
88396363,1,2,Yushin Ito,54773249,yushin_20260801,zip,C:\Users\shiba\ptcc_pokemon_ai_buttle\data\runs\alakazam\20260801_yushin_54773249_refresh.zip,20260801_yushin_54773249_refresh/episodes/88396363/replay/episode_88396363.json,0.7071067811865475,,validated_teacher_index
88396664,1,2,Yushin Ito,54773249,yushin_20260801,zip,C:\Users\shiba\ptcc_pokemon_ai_buttle\data\runs\alakazam\20260801_yushin_54773249_refresh.zip,20260801_yushin_54773249_refresh/episodes/88396664/replay/episode_88396664.json,0.7071067811865475,,validated_teacher_index
88396910,0,2,Yushin Ito,54773249,yushin_20260801,zip,C:\Users\shiba\ptcc_pokemon_ai_buttle\data\runs\alakazam\20260801_yushin_54773249_refresh.zip,20260801_yushin_54773249_refresh/episodes/88396910/replay/episode_88396910.json,0.7071067811865475,,validated_teacher_index
88399259,1,2,Yushin Ito,54773249,yushin_20260801,zip,C:\Users\shiba\ptcc_pokemon_ai_buttle\data\runs\alakazam\20260801_yushin_54773249_refresh.zip,20260801_yushin_54773249_refresh/episodes/88399259/replay/episode_88399259.json,0.7071067811865475,,validated_teacher_index
88400249,0,2,Yushin Ito,54773249,yushin_20260801,zip,C:\Users\shiba\ptcc_pokemon_ai_buttle\data\runs\alakazam\20260801_yushin_54773249_refresh.zip,20260801_yushin_54773249_refresh/episodes/88400249/replay/episode_88400249.json,0.7071067811865475,,validated_teacher_index
88401864,1,2,Yushin Ito,54773249,yushin_20260801,zip,C:\Users\shiba\ptcc_pokemon_ai_buttle\data\runs\alakazam\20260801_yushin_54773249_refresh.zip,20260801_yushin_54773249_refresh/episodes/88401864/replay/episode_88401864.json,0.7071067811865475,,validated_teacher_index
88403446,1,2,Yushin Ito,54773249,yushin_20260801,zip,C:\Users\shiba\ptcc_pokemon_ai_buttle\data\runs\alakazam\20260801_yushin_54773249_refresh.zip,20260801_yushin_54773249_refresh/episodes/88403446/replay/episode_88403446.json,0.7071067811865475,,validated_teacher_index
88403963,1,2,Yushin Ito,54773249,yushin_20260801,zip,C:\Users\shiba\ptcc_pokemon_ai_buttle\data\runs\alakazam\20260801_yushin_54773249_refresh.zip,20260801_yushin_54773249_refresh/episodes/88403963/replay/episode_88403963.json,0.7071067811865475,,validated_teacher_index
88404439,1,2,Yushin Ito,54773249,yushin_20260801,zip,C:\Users\shiba\ptcc_pokemon_ai_buttle\data\runs\alakazam\20260801_yushin_54773249_refresh.zip,20260801_yushin_54773249_refresh/episodes/88404439/replay/episode_88404439.json,0.7071067811865475,,validated_teacher_index
88404984,1,2,Yushin Ito,54773249,yushin_20260801,zip,C:\Users\shiba\ptcc_pokemon_ai_buttle\data\runs\alakazam\20260801_yushin_54773249_refresh.zip,20260801_yushin_54773249_refresh/episodes/88404984/replay/episode_88404984.json,0.7071067811865475,,validated_teacher_index
88405470,1,2,Yushin Ito,54773249,yushin_20260801,zip,C:\Users\shiba\ptcc_pokemon_ai_buttle\data\runs\alakazam\20260801_yushin_54773249_refresh.zip,20260801_yushin_54773249_refresh/episodes/88405470/replay/episode_88405470.json,0.7071067811865475,,validated_teacher_index
88405507,0,2,Yushin Ito,54773249,yushin_20260801,zip,C:\Users\shiba\ptcc_pokemon_ai_buttle\data\runs\alakazam\20260801_yushin_54773249_refresh.zip,20260801_yushin_54773249_refresh/episodes/88405507/replay/episode_88405507.json,0.7071067811865475,,validated_teacher_index
88405965,1,2,Yushin Ito,54773249,yushin_20260801,zip,C:\Users\shiba\ptcc_pokemon_ai_buttle\data\runs\alakazam\20260801_yushin_54773249_refresh.zip,20260801_yushin_54773249_refresh/episodes/88405965/replay/episode_88405965.json,0.7071067811865475,,validated_teacher_index
88406415,0,2,Yushin Ito,54773249,yushin_20260801,zip,C:\Users\shiba\ptcc_pokemon_ai_buttle\data\runs\alakazam\20260801_yushin_54773249_refresh.zip,20260801_yushin_54773249_refresh/episodes/88406415/replay/episode_88406415.json,0.7071067811865475,,validated_teacher_index
88406472,1,2,Yushin Ito,54773249,yushin_20260801,zip,C:\Users\shiba\ptcc_pokemon_ai_buttle\data\runs\alakazam\20260801_yushin_54773249_refresh.zip,20260801_yushin_54773249_refresh/episodes/88406472/replay/episode_88406472.json,0.7071067811865475,,validated_teacher_index
88406968,0,2,Yushin Ito,54773249,yushin_20260801,zip,C:\Users\shiba\ptcc_pokemon_ai_buttle\data\runs\alakazam\20260801_yushin_54773249_refresh.zip,20260801_yushin_54773249_refresh/episodes/88406968/replay/episode_88406968.json,0.7071067811865475,,validated_teacher_index
88406972,1,2,Yushin Ito,54773249,yushin_20260801,zip,C:\Users\shiba\ptcc_pokemon_ai_buttle\data\runs\alakazam\20260801_yushin_54773249_refresh.zip,20260801_yushin_54773249_refresh/episodes/88406972/replay/episode_88406972.json,0.7071067811865475,,validated_teacher_index
88407494,0,2,Yushin Ito,54773249,yushin_20260801,zip,C:\Users\shiba\ptcc_pokemon_ai_buttle\data\runs\alakazam\20260801_yushin_54773249_refresh.zip,20260801_yushin_54773249_refresh/episodes/88407494/replay/episode_88407494.json,0.7071067811865475,,validated_teacher_index
88408019,0,2,Yushin Ito,54773249,yushin_20260801,zip,C:\Users\shiba\ptcc_pokemon_ai_buttle\data\runs\alakazam\20260801_yushin_54773249_refresh.zip,20260801_yushin_54773249_refresh/episodes/88408019/replay/episode_88408019.json,0.7071067811865475,,validated_teacher_index
88408541,0,2,Yushin Ito,54773249,yushin_20260801,zip,C:\Users\shiba\ptcc_pokemon_ai_buttle\data\runs\alakazam\20260801_yushin_54773249_refresh.zip,20260801_yushin_54773249_refresh/episodes/88408541/replay/episode_88408541.json,0.7071067811865475,,validated_teacher_index
88409070,1,2,Yushin Ito,54773249,yushin_20260801,zip,C:\Users\shiba\ptcc_pokemon_ai_buttle\data\runs\alakazam\20260801_yushin_54773249_refresh.zip,20260801_yushin_54773249_refresh/episodes/88409070/replay/episode_88409070.json,0.7071067811865475,,validated_teacher_index
88409591,0,2,Yushin Ito,54773249,yushin_20260801,zip,C:\Users\shiba\ptcc_pokemon_ai_buttle\data\runs\alakazam\20260801_yushin_54773249_refresh.zip,20260801_yushin_54773249_refresh/episodes/88409591/replay/episode_88409591.json,0.7071067811865475,,validated_teacher_index
88410106,1,2,Yushin Ito,54773249,yushin_20260801,zip,C:\Users\shiba\ptcc_pokemon_ai_buttle\data\runs\alakazam\20260801_yushin_54773249_refresh.zip,20260801_yushin_54773249_refresh/episodes/88410106/replay/episode_88410106.json,0.7071067811865475,,validated_teacher_index
88410634,1,2,Yushin Ito,54773249,yushin_20260801,zip,C:\Users\shiba\ptcc_pokemon_ai_buttle\data\runs\alakazam\20260801_yushin_54773249_refresh.zip,20260801_yushin_54773249_refresh/episodes/88410634/replay/episode_88410634.json,0.7071067811865475,,validated_teacher_index
88410927,1,2,Yushin Ito,54773249,yushin_20260801,zip,C:\Users\shiba\ptcc_pokemon_ai_buttle\data\runs\alakazam\20260801_yushin_54773249_refresh.zip,20260801_yushin_54773249_refresh/episodes/88410927/replay/episode_88410927.json,0.7071067811865475,,validated_teacher_index
88411160,0,2,Yushin Ito,54773249,yushin_20260801,zip,C:\Users\shiba\ptcc_pokemon_ai_buttle\data\runs\alakazam\20260801_yushin_54773249_refresh.zip,20260801_yushin_54773249_refresh/episodes/88411160/replay/episode_88411160.json,0.7071067811865475,,validated_teacher_index
88411671,1,2,Yushin Ito,54773249,yushin_20260801,zip,C:\Users\shiba\ptcc_pokemon_ai_buttle\data\runs\alakazam\20260801_yushin_54773249_refresh.zip,20260801_yushin_54773249_refresh/episodes/88411671/replay/episode_88411671.json,0.7071067811865475,,validated_teacher_index
88412181,1,2,Yushin Ito,54773249,yushin_20260801,zip,C:\Users\shiba\ptcc_pokemon_ai_buttle\data\runs\alakazam\20260801_yushin_54773249_refresh.zip,20260801_yushin_54773249_refresh/episodes/88412181/replay/episode_88412181.json,0.7071067811865475,,validated_teacher_index
88412714,1,2,Yushin Ito,54773249,yushin_20260801,zip,C:\Users\shiba\ptcc_pokemon_ai_buttle\data\runs\alakazam\20260801_yushin_54773249_refresh.zip,20260801_yushin_54773249_refresh/episodes/88412714/replay/episode_88412714.json,0.7071067811865475,,validated_teacher_index
88413246,0,2,Yushin Ito,54773249,yushin_20260801,zip,C:\Users\shiba\ptcc_pokemon_ai_buttle\data\runs\alakazam\20260801_yushin_54773249_refresh.zip,20260801_yushin_54773249_refresh/episodes/88413246/replay/episode_88413246.json,0.7071067811865475,,validated_teacher_index
88413357,1,2,Yushin Ito,54773249,yushin_20260801,zip,C:\Users\shiba\ptcc_pokemon_ai_buttle\data\runs\alakazam\20260801_yushin_54773249_refresh.zip,20260801_yushin_54773249_refresh/episodes/88413357/replay/episode_88413357.json,0.7071067811865475,,validated_teacher_index
88413769,1,2,Yushin Ito,54773249,yushin_20260801,zip,C:\Users\shiba\ptcc_pokemon_ai_buttle\data\runs\alakazam\20260801_yushin_54773249_refresh.zip,20260801_yushin_54773249_refresh/episodes/88413769/replay/episode_88413769.json,0.7071067811865475,,validated_teacher_index
88413772,0,2,Yushin Ito,54773249,yushin_20260801,zip,C:\Users\shiba\ptcc_pokemon_ai_buttle\data\runs\alakazam\20260801_yushin_54773249_refresh.zip,20260801_yushin_54773249_refresh/episodes/88413772/replay/episode_88413772.json,0.7071067811865475,,validated_teacher_index
88414301,1,2,Yushin Ito,54773249,yushin_20260801,zip,C:\Users\shiba\ptcc_pokemon_ai_buttle\data\runs\alakazam\20260801_yushin_54773249_refresh.zip,20260801_yushin_54773249_refresh/episodes/88414301/replay/episode_88414301.json,0.7071067811865475,,validated_teacher_index
88414897,1,2,Yushin Ito,54773249,yushin_20260801,zip,C:\Users\shiba\ptcc_pokemon_ai_buttle\data\runs\alakazam\20260801_yushin_54773249_refresh.zip,20260801_yushin_54773249_refresh/episodes/88414897/replay/episode_88414897.json,0.7071067811865475,,validated_teacher_index
88415419,0,2,Yushin Ito,54773249,yushin_20260801,zip,C:\Users\shiba\ptcc_pokemon_ai_buttle\data\runs\alakazam\20260801_yushin_54773249_refresh.zip,20260801_yushin_54773249_refresh/episodes/88415419/replay/episode_88415419.json,0.7071067811865475,,validated_teacher_index
88415939,0,2,Yushin Ito,54773249,yushin_20260801,zip,C:\Users\shiba\ptcc_pokemon_ai_buttle\data\runs\alakazam\20260801_yushin_54773249_refresh.zip,20260801_yushin_54773249_refresh/episodes/88415939/replay/episode_88415939.json,0.7071067811865475,,validated_teacher_index
88416452,0,2,Yushin Ito,54773249,yushin_20260801,zip,C:\Users\shiba\ptcc_pokemon_ai_buttle\data\runs\alakazam\20260801_yushin_54773249_refresh.zip,20260801_yushin_54773249_refresh/episodes/88416452/replay/episode_88416452.json,0.7071067811865475,,validated_teacher_index
88416975,0,2,Yushin Ito,54773249,yushin_20260801,zip,C:\Users\shiba\ptcc_pokemon_ai_buttle\data\runs\alakazam\20260801_yushin_54773249_refresh.zip,20260801_yushin_54773249_refresh/episodes/88416975/replay/episode_88416975.json,0.7071067811865475,,validated_teacher_index
88416979,0,2,Yushin Ito,54773249,yushin_20260801,zip,C:\Users\shiba\ptcc_pokemon_ai_buttle\data\runs\alakazam\20260801_yushin_54773249_refresh.zip,20260801_yushin_54773249_refresh/episodes/88416979/replay/episode_88416979.json,0.7071067811865475,,validated_teacher_index
88417483,0,2,Yushin Ito,54773249,yushin_20260801,zip,C:\Users\shiba\ptcc_pokemon_ai_buttle\data\runs\alakazam\20260801_yushin_54773249_refresh.zip,20260801_yushin_54773249_refresh/episodes/88417483/replay/episode_88417483.json,0.7071067811865475,,validated_teacher_index
88418006,0,2,Yushin Ito,54773249,yushin_20260801,zip,C:\Users\shiba\ptcc_pokemon_ai_buttle\data\runs\alakazam\20260801_yushin_54773249_refresh.zip,20260801_yushin_54773249_refresh/episodes/88418006/replay/episode_88418006.json,0.7071067811865475,,validated_teacher_index
88418511,0,2,Yushin Ito,54773249,yushin_20260801,zip,C:\Users\shiba\ptcc_pokemon_ai_buttle\data\runs\alakazam\20260801_yushin_54773249_refresh.zip,20260801_yushin_54773249_refresh/episodes/88418511/replay/episode_88418511.json,0.7071067811865475,,validated_teacher_index
88419038,1,2,Yushin Ito,54773249,yushin_20260801,zip,C:\Users\shiba\ptcc_pokemon_ai_buttle\data\runs\alakazam\20260801_yushin_54773249_refresh.zip,20260801_yushin_54773249_refresh/episodes/88419038/replay/episode_88419038.json,0.7071067811865475,,validated_teacher_index
88419572,0,2,Yushin Ito,54773249,yushin_20260801,zip,C:\Users\shiba\ptcc_pokemon_ai_buttle\data\runs\alakazam\20260801_yushin_54773249_refresh.zip,20260801_yushin_54773249_refresh/episodes/88419572/replay/episode_88419572.json,0.7071067811865475,,validated_teacher_index
88420074,0,2,Yushin Ito,54773249,yushin_20260801,zip,C:\Users\shiba\ptcc_pokemon_ai_buttle\data\runs\alakazam\20260801_yushin_54773249_refresh.zip,20260801_yushin_54773249_refresh/episodes/88420074/replay/episode_88420074.json,0.7071067811865475,,validated_teacher_index
88420603,0,2,Yushin Ito,54773249,yushin_20260801,zip,C:\Users\shiba\ptcc_pokemon_ai_buttle\data\runs\alakazam\20260801_yushin_54773249_refresh.zip,20260801_yushin_54773249_refresh/episodes/88420603/replay/episode_88420603.json,0.7071067811865475,,validated_teacher_index
88421121,0,2,Yushin Ito,54773249,yushin_20260801,zip,C:\Users\shiba\ptcc_pokemon_ai_buttle\data\runs\alakazam\20260801_yushin_54773249_refresh.zip,20260801_yushin_54773249_refresh/episodes/88421121/replay/episode_88421121.json,0.7071067811865475,,validated_teacher_index
88421132,1,2,Yushin Ito,54773249,yushin_20260801,zip,C:\Users\shiba\ptcc_pokemon_ai_buttle\data\runs\alakazam\20260801_yushin_54773249_refresh.zip,20260801_yushin_54773249_refresh/episodes/88421132/replay/episode_88421132.json,0.7071067811865475,,validated_teacher_index
88421656,1,2,Yushin Ito,54773249,yushin_20260801,zip,C:\Users\shiba\ptcc_pokemon_ai_buttle\data\runs\alakazam\20260801_yushin_54773249_refresh.zip,20260801_yushin_54773249_refresh/episodes/88421656/replay/episode_88421656.json,0.7071067811865475,,validated_teacher_index
88422163,1,2,Yushin Ito,54773249,yushin_20260801,zip,C:\Users\shiba\ptcc_pokemon_ai_buttle\data\runs\alakazam\20260801_yushin_54773249_refresh.zip,20260801_yushin_54773249_refresh/episodes/88422163/replay/episode_88422163.json,0.7071067811865475,,validated_teacher_index
88422173,1,2,Yushin Ito,54773249,yushin_20260801,zip,C:\Users\shiba\ptcc_pokemon_ai_buttle\data\runs\alakazam\20260801_yushin_54773249_refresh.zip,20260801_yushin_54773249_refresh/episodes/88422173/replay/episode_88422173.json,0.7071067811865475,,validated_teacher_index
88422705,1,2,Yushin Ito,54773249,yushin_20260801,zip,C:\Users\shiba\ptcc_pokemon_ai_buttle\data\runs\alakazam\20260801_yushin_54773249_refresh.zip,20260801_yushin_54773249_refresh/episodes/88422705/replay/episode_88422705.json,0.7071067811865475,,validated_teacher_index
88422708,1,2,Yushin Ito,54773249,yushin_20260801,zip,C:\Users\shiba\ptcc_pokemon_ai_buttle\data\runs\alakazam\20260801_yushin_54773249_refresh.zip,20260801_yushin_54773249_refresh/episodes/88422708/replay/episode_88422708.json,0.7071067811865475,,validated_teacher_index
88423223,0,2,Yushin Ito,54773249,yushin_20260801,zip,C:\Users\shiba\ptcc_pokemon_ai_buttle\data\runs\alakazam\20260801_yushin_54773249_refresh.zip,20260801_yushin_54773249_refresh/episodes/88423223/replay/episode_88423223.json,0.7071067811865475,,validated_teacher_index
88423754,1,2,Yushin Ito,54773249,yushin_20260801,zip,C:\Users\shiba\ptcc_pokemon_ai_buttle\data\runs\alakazam\20260801_yushin_54773249_refresh.zip,20260801_yushin_54773249_refresh/episodes/88423754/replay/episode_88423754.json,0.7071067811865475,,validated_teacher_index
88423767,0,2,Yushin Ito,54773249,yushin_20260801,zip,C:\Users\shiba\ptcc_pokemon_ai_buttle\data\runs\alakazam\20260801_yushin_54773249_refresh.zip,20260801_yushin_54773249_refresh/episodes/88423767/replay/episode_88423767.json,0.7071067811865475,,validated_teacher_index
88424284,1,2,Yushin Ito,54773249,yushin_20260801,zip,C:\Users\shiba\ptcc_pokemon_ai_buttle\data\runs\alakazam\20260801_yushin_54773249_refresh.zip,20260801_yushin_54773249_refresh/episodes/88424284/replay/episode_88424284.json,0.7071067811865475,,validated_teacher_index
88424802,1,2,Yushin Ito,54773249,yushin_20260801,zip,C:\Users\shiba\ptcc_pokemon_ai_buttle\data\runs\alakazam\20260801_yushin_54773249_refresh.zip,20260801_yushin_54773249_refresh/episodes/88424802/replay/episode_88424802.json,0.7071067811865475,,validated_teacher_index
88425323,0,2,Yushin Ito,54773249,yushin_20260801,zip,C:\Users\shiba\ptcc_pokemon_ai_buttle\data\runs\alakazam\20260801_yushin_54773249_refresh.zip,20260801_yushin_54773249_refresh/episodes/88425323/replay/episode_88425323.json,0.7071067811865475,,validated_teacher_index
88425836,1,2,Yushin Ito,54773249,yushin_20260801,zip,C:\Users\shiba\ptcc_pokemon_ai_buttle\data\runs\alakazam\20260801_yushin_54773249_refresh.zip,20260801_yushin_54773249_refresh/episodes/88425836/replay/episode_88425836.json,0.7071067811865475,,validated_teacher_index
88425852,0,2,Yushin Ito,54773249,yushin_20260801,zip,C:\Users\shiba\ptcc_pokemon_ai_buttle\data\runs\alakazam\20260801_yushin_54773249_refresh.zip,20260801_yushin_54773249_refresh/episodes/88425852/replay/episode_88425852.json,0.7071067811865475,,validated_teacher_index
88426415,0,2,Yushin Ito,54773249,yushin_20260801,zip,C:\Users\shiba\ptcc_pokemon_ai_buttle\data\runs\alakazam\20260801_yushin_54773249_refresh.zip,20260801_yushin_54773249_refresh/episodes/88426415/replay/episode_88426415.json,0.7071067811865475,,validated_teacher_index
88428452,0,2,Yushin Ito,54773249,yushin_20260801,zip,C:\Users\shiba\ptcc_pokemon_ai_buttle\data\runs\alakazam\20260801_yushin_54773249_refresh.zip,20260801_yushin_54773249_refresh/episodes/88428452/replay/episode_88428452.json,0.7071067811865475,,validated_teacher_index
88428957,0,2,Yushin Ito,54773249,yushin_20260801,zip,C:\Users\shiba\ptcc_pokemon_ai_buttle\data\runs\alakazam\20260801_yushin_54773249_refresh.zip,20260801_yushin_54773249_refresh/episodes/88428957/replay/episode_88428957.json,0.7071067811865475,,validated_teacher_index
88431110,1,2,Yushin Ito,54773249,yushin_20260801,zip,C:\Users\shiba\ptcc_pokemon_ai_buttle\data\runs\alakazam\20260801_yushin_54773249_refresh.zip,20260801_yushin_54773249_refresh/episodes/88431110/replay/episode_88431110.json,0.7071067811865475,,validated_teacher_index
88435228,0,2,Yushin Ito,54773249,yushin_20260801,zip,C:\Users\shiba\ptcc_pokemon_ai_buttle\data\runs\alakazam\20260801_yushin_54773249_refresh.zip,20260801_yushin_54773249_refresh/episodes/88435228/replay/episode_88435228.json,0.7071067811865475,,validated_teacher_index
88435321,0,2,Yushin Ito,54773249,yushin_20260801,zip,C:\Users\shiba\ptcc_pokemon_ai_buttle\data\runs\alakazam\20260801_yushin_54773249_refresh.zip,20260801_yushin_54773249_refresh/episodes/88435321/replay/episode_88435321.json,0.7071067811865475,,validated_teacher_index
88437838,1,2,Yushin Ito,54773249,yushin_20260801,zip,C:\Users\shiba\ptcc_pokemon_ai_buttle\data\runs\alakazam\20260801_yushin_54773249_refresh.zip,20260801_yushin_54773249_refresh/episodes/88437838/replay/episode_88437838.json,0.7071067811865475,,validated_teacher_index
88439726,1,2,Yushin Ito,54773249,yushin_20260801,zip,C:\Users\shiba\ptcc_pokemon_ai_buttle\data\runs\alakazam\20260801_yushin_54773249_refresh.zip,20260801_yushin_54773249_refresh/episodes/88439726/replay/episode_88439726.json,0.7071067811865475,,validated_teacher_index
88444782,1,2,Yushin Ito,54773249,yushin_20260801,zip,C:\Users\shiba\ptcc_pokemon_ai_buttle\data\runs\alakazam\20260801_yushin_54773249_refresh.zip,20260801_yushin_54773249_refresh/episodes/88444782/replay/episode_88444782.json,0.7071067811865475,,validated_teacher_index
88445208,1,2,Yushin Ito,54773249,yushin_20260801,zip,C:\Users\shiba\ptcc_pokemon_ai_buttle\data\runs\alakazam\20260801_yushin_54773249_refresh.zip,20260801_yushin_54773249_refresh/episodes/88445208/replay/episode_88445208.json,0.7071067811865475,,validated_teacher_index
88446265,0,2,Yushin Ito,54773249,yushin_20260801,zip,C:\Users\shiba\ptcc_pokemon_ai_buttle\data\runs\alakazam\20260801_yushin_54773249_refresh.zip,20260801_yushin_54773249_refresh/episodes/88446265/replay/episode_88446265.json,0.7071067811865475,,validated_teacher_index
88446271,0,2,Yushin Ito,54773249,yushin_20260801,zip,C:\Users\shiba\ptcc_pokemon_ai_buttle\data\runs\alakazam\20260801_yushin_54773249_refresh.zip,20260801_yushin_54773249_refresh/episodes/88446271/replay/episode_88446271.json,0.7071067811865475,,validated_teacher_index
88451061,0,2,Yushin Ito,54773249,yushin_20260801,zip,C:\Users\shiba\ptcc_pokemon_ai_buttle\data\runs\alakazam\20260801_yushin_54773249_refresh.zip,20260801_yushin_54773249_refresh/episodes/88451061/replay/episode_88451061.json,0.7071067811865475,,validated_teacher_index
88460962,0,2,Yushin Ito,54773249,yushin_20260801,zip,C:\Users\shiba\ptcc_pokemon_ai_buttle\data\runs\alakazam\20260801_yushin_54773249_refresh.zip,20260801_yushin_54773249_refresh/episodes/88460962/replay/episode_88460962.json,0.7071067811865475,,validated_teacher_index
88461254,1,2,Yushin Ito,54773249,yushin_20260801,zip,C:\Users\shiba\ptcc_pokemon_ai_buttle\data\runs\alakazam\20260801_yushin_54773249_refresh.zip,20260801_yushin_54773249_refresh/episodes/88461254/replay/episode_88461254.json,0.7071067811865475,,validated_teacher_index
88462123,1,2,Yushin Ito,54773249,yushin_20260801,zip,C:\Users\shiba\ptcc_pokemon_ai_buttle\data\runs\alakazam\20260801_yushin_54773249_refresh.zip,20260801_yushin_54773249_refresh/episodes/88462123/replay/episode_88462123.json,0.7071067811865475,,validated_teacher_index
88475020,0,2,Yushin Ito,54773249,yushin_20260801,zip,C:\Users\shiba\ptcc_pokemon_ai_buttle\data\runs\alakazam\20260801_yushin_54773249_refresh.zip,20260801_yushin_54773249_refresh/episodes/88475020/replay/episode_88475020.json,0.7071067811865475,,validated_teacher_index
88477100,1,2,Yushin Ito,54773249,yushin_20260801,zip,C:\Users\shiba\ptcc_pokemon_ai_buttle\data\runs\alakazam\20260801_yushin_54773249_refresh.zip,20260801_yushin_54773249_refresh/episodes/88477100/replay/episode_88477100.json,0.7071067811865475,,validated_teacher_index
88477440,1,2,Yushin Ito,54773249,yushin_20260801,zip,C:\Users\shiba\ptcc_pokemon_ai_buttle\data\runs\alakazam\20260801_yushin_54773249_refresh.zip,20260801_yushin_54773249_refresh/episodes/88477440/replay/episode_88477440.json,0.7071067811865475,,validated_teacher_index
88485067,0,2,Yushin Ito,54773249,yushin_20260801,zip,C:\Users\shiba\ptcc_pokemon_ai_buttle\data\runs\alakazam\20260801_yushin_54773249_refresh.zip,20260801_yushin_54773249_refresh/episodes/88485067/replay/episode_88485067.json,0.7071067811865475,,validated_teacher_index
88486866,1,2,Yushin Ito,54773249,yushin_20260801,zip,C:\Users\shiba\ptcc_pokemon_ai_buttle\data\runs\alakazam\20260801_yushin_54773249_refresh.zip,20260801_yushin_54773249_refresh/episodes/88486866/replay/episode_88486866.json,0.7071067811865475,,validated_teacher_index
88489655,0,2,Yushin Ito,54773249,yushin_20260801,zip,C:\Users\shiba\ptcc_pokemon_ai_buttle\data\runs\alakazam\20260801_yushin_54773249_refresh.zip,20260801_yushin_54773249_refresh/episodes/88489655/replay/episode_88489655.json,0.7071067811865475,,validated_teacher_index
88491895,1,2,Yushin Ito,54773249,yushin_20260801,zip,C:\Users\shiba\ptcc_pokemon_ai_buttle\data\runs\alakazam\20260801_yushin_54773249_refresh.zip,20260801_yushin_54773249_refresh/episodes/88491895/replay/episode_88491895.json,0.7071067811865475,,validated_teacher_index
88493455,0,2,Yushin Ito,54773249,yushin_20260801,zip,C:\Users\shiba\ptcc_pokemon_ai_buttle\data\runs\alakazam\20260801_yushin_54773249_refresh.zip,20260801_yushin_54773249_refresh/episodes/88493455/replay/episode_88493455.json,0.7071067811865475,,validated_teacher_index
88493885,1,2,Yushin Ito,54773249,yushin_20260801,zip,C:\Users\shiba\ptcc_pokemon_ai_buttle\data\runs\alakazam\20260801_yushin_54773249_refresh.zip,20260801_yushin_54773249_refresh/episodes/88493885/replay/episode_88493885.json,0.7071067811865475,,validated_teacher_index
88494289,0,2,Yushin Ito,54773249,yushin_20260801,zip,C:\Users\shiba\ptcc_pokemon_ai_buttle\data\runs\alakazam\20260801_yushin_54773249_refresh.zip,20260801_yushin_54773249_refresh/episodes/88494289/replay/episode_88494289.json,0.7071067811865475,,validated_teacher_index
88494743,1,2,Yushin Ito,54773249,yushin_20260801,zip,C:\Users\shiba\ptcc_pokemon_ai_buttle\data\runs\alakazam\20260801_yushin_54773249_refresh.zip,20260801_yushin_54773249_refresh/episodes/88494743/replay/episode_88494743.json,0.7071067811865475,,validated_teacher_index
88495155,0,2,Yushin Ito,54773249,yushin_20260801,zip,C:\Users\shiba\ptcc_pokemon_ai_buttle\data\runs\alakazam\20260801_yushin_54773249_refresh.zip,20260801_yushin_54773249_refresh/episodes/88495155/replay/episode_88495155.json,0.7071067811865475,,validated_teacher_index
88495620,1,2,Yushin Ito,54773249,yushin_20260801,zip,C:\Users\shiba\ptcc_pokemon_ai_buttle\data\runs\alakazam\20260801_yushin_54773249_refresh.zip,20260801_yushin_54773249_refresh/episodes/88495620/replay/episode_88495620.json,0.7071067811865475,,validated_teacher_index
88496063,0,2,Yushin Ito,54773249,yushin_20260801,zip,C:\Users\shiba\ptcc_pokemon_ai_buttle\data\runs\alakazam\20260801_yushin_54773249_refresh.zip,20260801_yushin_54773249_refresh/episodes/88496063/replay/episode_88496063.json,0.7071067811865475,,validated_teacher_index
88496464,1,2,Yushin Ito,54773249,yushin_20260801,zip,C:\Users\shiba\ptcc_pokemon_ai_buttle\data\runs\alakazam\20260801_yushin_54773249_refresh.zip,20260801_yushin_54773249_refresh/episodes/88496464/replay/episode_88496464.json,0.7071067811865475,,validated_teacher_index
88496485,1,2,Yushin Ito,54773249,yushin_20260801,zip,C:\Users\shiba\ptcc_pokemon_ai_buttle\data\runs\alakazam\20260801_yushin_54773249_refresh.zip,20260801_yushin_54773249_refresh/episodes/88496485/replay/episode_88496485.json,0.7071067811865475,,validated_teacher_index
88496922,0,2,Yushin Ito,54773249,yushin_20260801,zip,C:\Users\shiba\ptcc_pokemon_ai_buttle\data\runs\alakazam\20260801_yushin_54773249_refresh.zip,20260801_yushin_54773249_refresh/episodes/88496922/replay/episode_88496922.json,0.7071067811865475,,validated_teacher_index
88497355,1,2,Yushin Ito,54773249,yushin_20260801,zip,C:\Users\shiba\ptcc_pokemon_ai_buttle\data\runs\alakazam\20260801_yushin_54773249_refresh.zip,20260801_yushin_54773249_refresh/episodes/88497355/replay/episode_88497355.json,0.7071067811865475,,validated_teacher_index
88497360,1,2,Yushin Ito,54773249,yushin_20260801,zip,C:\Users\shiba\ptcc_pokemon_ai_buttle\data\runs\alakazam\20260801_yushin_54773249_refresh.zip,20260801_yushin_54773249_refresh/episodes/88497360/replay/episode_88497360.json,0.7071067811865475,,validated_teacher_index
88497812,0,2,Yushin Ito,54773249,yushin_20260801,zip,C:\Users\shiba\ptcc_pokemon_ai_buttle\data\runs\alakazam\20260801_yushin_54773249_refresh.zip,20260801_yushin_54773249_refresh/episodes/88497812/replay/episode_88497812.json,0.7071067811865475,,validated_teacher_index
88498261,0,2,Yushin Ito,54773249,yushin_20260801,zip,C:\Users\shiba\ptcc_pokemon_ai_buttle\data\runs\alakazam\20260801_yushin_54773249_refresh.zip,20260801_yushin_54773249_refresh/episodes/88498261/replay/episode_88498261.json,0.7071067811865475,,validated_teacher_index
88498715,0,2,Yushin Ito,54773249,yushin_20260801,zip,C:\Users\shiba\ptcc_pokemon_ai_buttle\data\runs\alakazam\20260801_yushin_54773249_refresh.zip,20260801_yushin_54773249_refresh/episodes/88498715/replay/episode_88498715.json,0.7071067811865475,,validated_teacher_index
88498775,1,2,Yushin Ito,54773249,yushin_20260801,zip,C:\Users\shiba\ptcc_pokemon_ai_buttle\data\runs\alakazam\20260801_yushin_54773249_refresh.zip,20260801_yushin_54773249_refresh/episodes/88498775/replay/episode_88498775.json,0.7071067811865475,,validated_teacher_index
88499138,0,2,Yushin Ito,54773249,yushin_20260801,zip,C:\Users\shiba\ptcc_pokemon_ai_buttle\data\runs\alakazam\20260801_yushin_54773249_refresh.zip,20260801_yushin_54773249_refresh/episodes/88499138/replay/episode_88499138.json,0.7071067811865475,,validated_teacher_index
88499146,0,2,Yushin Ito,54773249,yushin_20260801,zip,C:\Users\shiba\ptcc_pokemon_ai_buttle\data\runs\alakazam\20260801_yushin_54773249_refresh.zip,20260801_yushin_54773249_refresh/episodes/88499146/replay/episode_88499146.json,0.7071067811865475,,validated_teacher_index
88499664,0,2,Yushin Ito,54773249,yushin_20260801,zip,C:\Users\shiba\ptcc_pokemon_ai_buttle\data\runs\alakazam\20260801_yushin_54773249_refresh.zip,20260801_yushin_54773249_refresh/episodes/88499664/replay/episode_88499664.json,0.7071067811865475,,validated_teacher_index
88499679,0,2,Yushin Ito,54773249,yushin_20260801,zip,C:\Users\shiba\ptcc_pokemon_ai_buttle\data\runs\alakazam\20260801_yushin_54773249_refresh.zip,20260801_yushin_54773249_refresh/episodes/88499679/replay/episode_88499679.json,0.7071067811865475,,validated_teacher_index
88500056,1,2,Yushin Ito,54773249,yushin_20260801,zip,C:\Users\shiba\ptcc_pokemon_ai_buttle\data\runs\alakazam\20260801_yushin_54773249_refresh.zip,20260801_yushin_54773249_refresh/episodes/88500056/replay/episode_88500056.json,0.7071067811865475,,validated_teacher_index
88500493,0,2,Yushin Ito,54773249,yushin_20260801,zip,C:\Users\shiba\ptcc_pokemon_ai_buttle\data\runs\alakazam\20260801_yushin_54773249_refresh.zip,20260801_yushin_54773249_refresh/episodes/88500493/replay/episode_88500493.json,0.7071067811865475,,validated_teacher_index
88500938,1,2,Yushin Ito,54773249,yushin_20260801,zip,C:\Users\shiba\ptcc_pokemon_ai_buttle\data\runs\alakazam\20260801_yushin_54773249_refresh.zip,20260801_yushin_54773249_refresh/episodes/88500938/replay/episode_88500938.json,0.7071067811865475,,validated_teacher_index
88501383,0,2,Yushin Ito,54773249,yushin_20260801,zip,C:\Users\shiba\ptcc_pokemon_ai_buttle\data\runs\alakazam\20260801_yushin_54773249_refresh.zip,20260801_yushin_54773249_refresh/episodes/88501383/replay/episode_88501383.json,0.7071067811865475,,validated_teacher_index
88501919,1,2,Yushin Ito,54773249,yushin_20260801,zip,C:\Users\shiba\ptcc_pokemon_ai_buttle\data\runs\alakazam\20260801_yushin_54773249_refresh.zip,20260801_yushin_54773249_refresh/episodes/88501919/replay/episode_88501919.json,0.7071067811865475,,validated_teacher_index
88502465,0,2,Yushin Ito,54773249,yushin_20260801,zip,C:\Users\shiba\ptcc_pokemon_ai_buttle\data\runs\alakazam\20260801_yushin_54773249_refresh.zip,20260801_yushin_54773249_refresh/episodes/88502465/replay/episode_88502465.json,0.7071067811865475,,validated_teacher_index
88502501,0,2,Yushin Ito,54773249,yushin_20260801,zip,C:\Users\shiba\ptcc_pokemon_ai_buttle\data\runs\alakazam\20260801_yushin_54773249_refresh.zip,20260801_yushin_54773249_refresh/episodes/88502501/replay/episode_88502501.json,0.7071067811865475,,validated_teacher_index
88502969,0,2,Yushin Ito,54773249,yushin_20260801,zip,C:\Users\shiba\ptcc_pokemon_ai_buttle\data\runs\alakazam\20260801_yushin_54773249_refresh.zip,20260801_yushin_54773249_refresh/episodes/88502969/replay/episode_88502969.json,0.7071067811865475,,validated_teacher_index
88503090,0,2,Yushin Ito,54773249,yushin_20260801,zip,C:\Users\shiba\ptcc_pokemon_ai_buttle\data\runs\alakazam\20260801_yushin_54773249_refresh.zip,20260801_yushin_54773249_refresh/episodes/88503090/replay/episode_88503090.json,0.7071067811865475,,validated_teacher_index
88503695,0,2,Yushin Ito,54773249,yushin_20260801,zip,C:\Users\shiba\ptcc_pokemon_ai_buttle\data\runs\alakazam\20260801_yushin_54773249_refresh.zip,20260801_yushin_54773249_refresh/episodes/88503695/replay/episode_88503695.json,0.7071067811865475,,validated_teacher_index
88504218,1,2,Yushin Ito,54773249,yushin_20260801,zip,C:\Users\shiba\ptcc_pokemon_ai_buttle\data\runs\alakazam\20260801_yushin_54773249_refresh.zip,20260801_yushin_54773249_refresh/episodes/88504218/replay/episode_88504218.json,0.7071067811865475,,validated_teacher_index
88504226,1,2,Yushin Ito,54773249,yushin_20260801,zip,C:\Users\shiba\ptcc_pokemon_ai_buttle\data\runs\alakazam\20260801_yushin_54773249_refresh.zip,20260801_yushin_54773249_refresh/episodes/88504226/replay/episode_88504226.json,0.7071067811865475,,validated_teacher_index
88504762,1,2,Yushin Ito,54773249,yushin_20260801,zip,C:\Users\shiba\ptcc_pokemon_ai_buttle\data\runs\alakazam\20260801_yushin_54773249_refresh.zip,20260801_yushin_54773249_refresh/episodes/88504762/replay/episode_88504762.json,0.7071067811865475,,validated_teacher_index
88505281,1,2,Yushin Ito,54773249,yushin_20260801,zip,C:\Users\shiba\ptcc_pokemon_ai_buttle\data\runs\alakazam\20260801_yushin_54773249_refresh.zip,20260801_yushin_54773249_refresh/episodes/88505281/replay/episode_88505281.json,0.7071067811865475,,validated_teacher_index
88505821,1,2,Yushin Ito,54773249,yushin_20260801,zip,C:\Users\shiba\ptcc_pokemon_ai_buttle\data\runs\alakazam\20260801_yushin_54773249_refresh.zip,20260801_yushin_54773249_refresh/episodes/88505821/replay/episode_88505821.json,0.7071067811865475,,validated_teacher_index
88506359,0,2,Yushin Ito,54773249,yushin_20260801,zip,C:\Users\shiba\ptcc_pokemon_ai_buttle\data\runs\alakazam\20260801_yushin_54773249_refresh.zip,20260801_yushin_54773249_refresh/episodes/88506359/replay/episode_88506359.json,0.7071067811865475,,validated_teacher_index
88506908,1,2,Yushin Ito,54773249,yushin_20260801,zip,C:\Users\shiba\ptcc_pokemon_ai_buttle\data\runs\alakazam\20260801_yushin_54773249_refresh.zip,20260801_yushin_54773249_refresh/episodes/88506908/replay/episode_88506908.json,0.7071067811865475,,validated_teacher_index
88507438,1,2,Yushin Ito,54773249,yushin_20260801,zip,C:\Users\shiba\ptcc_pokemon_ai_buttle\data\runs\alakazam\20260801_yushin_54773249_refresh.zip,20260801_yushin_54773249_refresh/episodes/88507438/replay/episode_88507438.json,0.7071067811865475,,validated_teacher_index
88507957,1,2,Yushin Ito,54773249,yushin_20260801,zip,C:\Users\shiba\ptcc_pokemon_ai_buttle\data\runs\alakazam\20260801_yushin_54773249_refresh.zip,20260801_yushin_54773249_refresh/episodes/88507957/replay/episode_88507957.json,0.7071067811865475,,validated_teacher_index
88507973,1,2,Yushin Ito,54773249,yushin_20260801,zip,C:\Users\shiba\ptcc_pokemon_ai_buttle\data\runs\alakazam\20260801_yushin_54773249_refresh.zip,20260801_yushin_54773249_refresh/episodes/88507973/replay/episode_88507973.json,0.7071067811865475,,validated_teacher_index
88508501,0,2,Yushin Ito,54773249,yushin_20260801,zip,C:\Users\shiba\ptcc_pokemon_ai_buttle\data\runs\alakazam\20260801_yushin_54773249_refresh.zip,20260801_yushin_54773249_refresh/episodes/88508501/replay/episode_88508501.json,0.7071067811865475,,validated_teacher_index
88509034,0,2,Yushin Ito,54773249,yushin_20260801,zip,C:\Users\shiba\ptcc_pokemon_ai_buttle\data\runs\alakazam\20260801_yushin_54773249_refresh.zip,20260801_yushin_54773249_refresh/episodes/88509034/replay/episode_88509034.json,0.7071067811865475,,validated_teacher_index
88509563,0,2,Yushin Ito,54773249,yushin_20260801,zip,C:\Users\shiba\ptcc_pokemon_ai_buttle\data\runs\alakazam\20260801_yushin_54773249_refresh.zip,20260801_yushin_54773249_refresh/episodes/88509563/replay/episode_88509563.json,0.7071067811865475,,validated_teacher_index
88509564,0,2,Yushin Ito,54773249,yushin_20260801,zip,C:\Users\shiba\ptcc_pokemon_ai_buttle\data\runs\alakazam\20260801_yushin_54773249_refresh.zip,20260801_yushin_54773249_refresh/episodes/88509564/replay/episode_88509564.json,0.7071067811865475,,validated_teacher_index
88510086,1,2,Yushin Ito,54773249,yushin_20260801,zip,C:\Users\shiba\ptcc_pokemon_ai_buttle\data\runs\alakazam\20260801_yushin_54773249_refresh.zip,20260801_yushin_54773249_refresh/episodes/88510086/replay/episode_88510086.json,0.7071067811865475,,validated_teacher_index
88510518,0,2,Yushin Ito,54773249,yushin_20260801,zip,C:\Users\shiba\ptcc_pokemon_ai_buttle\data\runs\alakazam\20260801_yushin_54773249_refresh.zip,20260801_yushin_54773249_refresh/episodes/88510518/replay/episode_88510518.json,0.7071067811865475,,validated_teacher_index
88510616,0,2,Yushin Ito,54773249,yushin_20260801,zip,C:\Users\shiba\ptcc_pokemon_ai_buttle\data\runs\alakazam\20260801_yushin_54773249_refresh.zip,20260801_yushin_54773249_refresh/episodes/88510616/replay/episode_88510616.json,0.7071067811865475,,validated_teacher_index
88511120,1,2,Yushin Ito,54773249,yushin_20260801,zip,C:\Users\shiba\ptcc_pokemon_ai_buttle\data\runs\alakazam\20260801_yushin_54773249_refresh.zip,20260801_yushin_54773249_refresh/episodes/88511120/replay/episode_88511120.json,0.7071067811865475,,validated_teacher_index
88511142,0,2,Yushin Ito,54773249,yushin_20260801,zip,C:\Users\shiba\ptcc_pokemon_ai_buttle\data\runs\alakazam\20260801_yushin_54773249_refresh.zip,20260801_yushin_54773249_refresh/episodes/88511142/replay/episode_88511142.json,0.7071067811865475,,validated_teacher_index
88511652,1,2,Yushin Ito,54773249,yushin_20260801,zip,C:\Users\shiba\ptcc_pokemon_ai_buttle\data\runs\alakazam\20260801_yushin_54773249_refresh.zip,20260801_yushin_54773249_refresh/episodes/88511652/replay/episode_88511652.json,0.7071067811865475,,validated_teacher_index
88511670,1,2,Yushin Ito,54773249,yushin_20260801,zip,C:\Users\shiba\ptcc_pokemon_ai_buttle\data\runs\alakazam\20260801_yushin_54773249_refresh.zip,20260801_yushin_54773249_refresh/episodes/88511670/replay/episode_88511670.json,0.7071067811865475,,validated_teacher_index
88512195,1,2,Yushin Ito,54773249,yushin_20260801,zip,C:\Users\shiba\ptcc_pokemon_ai_buttle\data\runs\alakazam\20260801_yushin_54773249_refresh.zip,20260801_yushin_54773249_refresh/episodes/88512195/replay/episode_88512195.json,0.7071067811865475,,validated_teacher_index
88512716,1,2,Yushin Ito,54773249,yushin_20260801,zip,C:\Users\shiba\ptcc_pokemon_ai_buttle\data\runs\alakazam\20260801_yushin_54773249_refresh.zip,20260801_yushin_54773249_refresh/episodes/88512716/replay/episode_88512716.json,0.7071067811865475,,validated_teacher_index
88512722,0,2,Yushin Ito,54773249,yushin_20260801,zip,C:\Users\shiba\ptcc_pokemon_ai_buttle\data\runs\alakazam\20260801_yushin_54773249_refresh.zip,20260801_yushin_54773249_refresh/episodes/88512722/replay/episode_88512722.json,0.7071067811865475,,validated_teacher_index
88513226,0,2,Yushin Ito,54773249,yushin_20260801,zip,C:\Users\shiba\ptcc_pokemon_ai_buttle\data\runs\alakazam\20260801_yushin_54773249_refresh.zip,20260801_yushin_54773249_refresh/episodes/88513226/replay/episode_88513226.json,0.7071067811865475,,validated_teacher_index
88513268,0,2,Yushin Ito,54773249,yushin_20260801,zip,C:\Users\shiba\ptcc_pokemon_ai_buttle\data\runs\alakazam\20260801_yushin_54773249_refresh.zip,20260801_yushin_54773249_refresh/episodes/88513268/replay/episode_88513268.json,0.7071067811865475,,validated_teacher_index
88513782,0,2,Yushin Ito,54773249,yushin_20260801,zip,C:\Users\shiba\ptcc_pokemon_ai_buttle\data\runs\alakazam\20260801_yushin_54773249_refresh.zip,20260801_yushin_54773249_refresh/episodes/88513782/replay/episode_88513782.json,0.7071067811865475,,validated_teacher_index
88514315,0,2,Yushin Ito,54773249,yushin_20260801,zip,C:\Users\shiba\ptcc_pokemon_ai_buttle\data\runs\alakazam\20260801_yushin_54773249_refresh.zip,20260801_yushin_54773249_refresh/episodes/88514315/replay/episode_88514315.json,0.7071067811865475,,validated_teacher_index
88514316,1,2,Yushin Ito,54773249,yushin_20260801,zip,C:\Users\shiba\ptcc_pokemon_ai_buttle\data\runs\alakazam\20260801_yushin_54773249_refresh.zip,20260801_yushin_54773249_refresh/episodes/88514316/replay/episode_88514316.json,0.7071067811865475,,validated_teacher_index
88514806,0,2,Yushin Ito,54773249,yushin_20260801,zip,C:\Users\shiba\ptcc_pokemon_ai_buttle\data\runs\alakazam\20260801_yushin_54773249_refresh.zip,20260801_yushin_54773249_refresh/episodes/88514806/replay/episode_88514806.json,0.7071067811865475,,validated_teacher_index
88514844,0,2,Yushin Ito,54773249,yushin_20260801,zip,C:\Users\shiba\ptcc_pokemon_ai_buttle\data\runs\alakazam\20260801_yushin_54773249_refresh.zip,20260801_yushin_54773249_refresh/episodes/88514844/replay/episode_88514844.json,0.7071067811865475,,validated_teacher_index
88515391,0,2,Yushin Ito,54773249,yushin_20260801,zip,C:\Users\shiba\ptcc_pokemon_ai_buttle\data\runs\alakazam\20260801_yushin_54773249_refresh.zip,20260801_yushin_54773249_refresh/episodes/88515391/replay/episode_88515391.json,0.7071067811865475,,validated_teacher_index
88515923,0,2,Yushin Ito,54773249,yushin_20260801,zip,C:\Users\shiba\ptcc_pokemon_ai_buttle\data\runs\alakazam\20260801_yushin_54773249_refresh.zip,20260801_yushin_54773249_refresh/episodes/88515923/replay/episode_88515923.json,0.7071067811865475,,validated_teacher_index
88516455,1,2,Yushin Ito,54773249,yushin_20260801,zip,C:\Users\shiba\ptcc_pokemon_ai_buttle\data\runs\alakazam\20260801_yushin_54773249_refresh.zip,20260801_yushin_54773249_refresh/episodes/88516455/replay/episode_88516455.json,0.7071067811865475,,validated_teacher_index
88516993,0,2,Yushin Ito,54773249,yushin_20260801,zip,C:\Users\shiba\ptcc_pokemon_ai_buttle\data\runs\alakazam\20260801_yushin_54773249_refresh.zip,20260801_yushin_54773249_refresh/episodes/88516993/replay/episode_88516993.json,0.7071067811865475,,validated_teacher_index
88517546,0,2,Yushin Ito,54773249,yushin_20260801,zip,C:\Users\shiba\ptcc_pokemon_ai_buttle\data\runs\alakazam\20260801_yushin_54773249_refresh.zip,20260801_yushin_54773249_refresh/episodes/88517546/replay/episode_88517546.json,0.7071067811865475,,validated_teacher_index
88518108,1,2,Yushin Ito,54773249,yushin_20260801,zip,C:\Users\shiba\ptcc_pokemon_ai_buttle\data\runs\alakazam\20260801_yushin_54773249_refresh.zip,20260801_yushin_54773249_refresh/episodes/88518108/replay/episode_88518108.json,0.7071067811865475,,validated_teacher_index
88518290,1,2,Yushin Ito,54773249,yushin_20260801,zip,C:\Users\shiba\ptcc_pokemon_ai_buttle\data\runs\alakazam\20260801_yushin_54773249_refresh.zip,20260801_yushin_54773249_refresh/episodes/88518290/replay/episode_88518290.json,0.7071067811865475,,validated_teacher_index
88518653,0,2,Yushin Ito,54773249,yushin_20260801,zip,C:\Users\shiba\ptcc_pokemon_ai_buttle\data\runs\alakazam\20260801_yushin_54773249_refresh.zip,20260801_yushin_54773249_refresh/episodes/88518653/replay/episode_88518653.json,0.7071067811865475,,validated_teacher_index
88519187,1,2,Yushin Ito,54773249,yushin_20260801,zip,C:\Users\shiba\ptcc_pokemon_ai_buttle\data\runs\alakazam\20260801_yushin_54773249_refresh.zip,20260801_yushin_54773249_refresh/episodes/88519187/replay/episode_88519187.json,0.7071067811865475,,validated_teacher_index
88519708,0,2,Yushin Ito,54773249,yushin_20260801,zip,C:\Users\shiba\ptcc_pokemon_ai_buttle\data\runs\alakazam\20260801_yushin_54773249_refresh.zip,20260801_yushin_54773249_refresh/episodes/88519708/replay/episode_88519708.json,0.7071067811865475,,validated_teacher_index
88519717,0,2,Yushin Ito,54773249,yushin_20260801,zip,C:\Users\shiba\ptcc_pokemon_ai_buttle\data\runs\alakazam\20260801_yushin_54773249_refresh.zip,20260801_yushin_54773249_refresh/episodes/88519717/replay/episode_88519717.json,0.7071067811865475,,validated_teacher_index
88520250,1,2,Yushin Ito,54773249,yushin_20260801,zip,C:\Users\shiba\ptcc_pokemon_ai_buttle\data\runs\alakazam\20260801_yushin_54773249_refresh.zip,20260801_yushin_54773249_refresh/episodes/88520250/replay/episode_88520250.json,0.7071067811865475,,validated_teacher_index
88520778,0,2,Yushin Ito,54773249,yushin_20260801,zip,C:\Users\shiba\ptcc_pokemon_ai_buttle\data\runs\alakazam\20260801_yushin_54773249_refresh.zip,20260801_yushin_54773249_refresh/episodes/88520778/replay/episode_88520778.json,0.7071067811865475,,validated_teacher_index
88520861,0,2,Yushin Ito,54773249,yushin_20260801,zip,C:\Users\shiba\ptcc_pokemon_ai_buttle\data\runs\alakazam\20260801_yushin_54773249_refresh.zip,20260801_yushin_54773249_refresh/episodes/88520861/replay/episode_88520861.json,0.7071067811865475,,validated_teacher_index
88521277,1,2,Yushin Ito,54773249,yushin_20260801,zip,C:\Users\shiba\ptcc_pokemon_ai_buttle\data\runs\alakazam\20260801_yushin_54773249_refresh.zip,20260801_yushin_54773249_refresh/episodes/88521277/replay/episode_88521277.json,0.7071067811865475,,validated_teacher_index
88521304,0,2,Yushin Ito,54773249,yushin_20260801,zip,C:\Users\shiba\ptcc_pokemon_ai_buttle\data\runs\alakazam\20260801_yushin_54773249_refresh.zip,20260801_yushin_54773249_refresh/episodes/88521304/replay/episode_88521304.json,0.7071067811865475,,validated_teacher_index
88521833,0,2,Yushin Ito,54773249,yushin_20260801,zip,C:\Users\shiba\ptcc_pokemon_ai_buttle\data\runs\alakazam\20260801_yushin_54773249_refresh.zip,20260801_yushin_54773249_refresh/episodes/88521833/replay/episode_88521833.json,0.7071067811865475,,validated_teacher_index
88522236,1,2,Yushin Ito,54773249,yushin_20260801,zip,C:\Users\shiba\ptcc_pokemon_ai_buttle\data\runs\alakazam\20260801_yushin_54773249_refresh.zip,20260801_yushin_54773249_refresh/episodes/88522236/replay/episode_88522236.json,0.7071067811865475,,validated_teacher_index
88522377,1,2,Yushin Ito,54773249,yushin_20260801,zip,C:\Users\shiba\ptcc_pokemon_ai_buttle\data\runs\alakazam\20260801_yushin_54773249_refresh.zip,20260801_yushin_54773249_refresh/episodes/88522377/replay/episode_88522377.json,0.7071067811865475,,validated_teacher_index
88522901,1,2,Yushin Ito,54773249,yushin_20260801,zip,C:\Users\shiba\ptcc_pokemon_ai_buttle\data\runs\alakazam\20260801_yushin_54773249_refresh.zip,20260801_yushin_54773249_refresh/episodes/88522901/replay/episode_88522901.json,0.7071067811865475,,validated_teacher_index
88523445,1,2,Yushin Ito,54773249,yushin_20260801,zip,C:\Users\shiba\ptcc_pokemon_ai_buttle\data\runs\alakazam\20260801_yushin_54773249_refresh.zip,20260801_yushin_54773249_refresh/episodes/88523445/replay/episode_88523445.json,0.7071067811865475,,validated_teacher_index
88523987,1,2,Yushin Ito,54773249,yushin_20260801,zip,C:\Users\shiba\ptcc_pokemon_ai_buttle\data\runs\alakazam\20260801_yushin_54773249_refresh.zip,20260801_yushin_54773249_refresh/episodes/88523987/replay/episode_88523987.json,0.7071067811865475,,validated_teacher_index
88524005,0,2,Yushin Ito,54773249,yushin_20260801,zip,C:\Users\shiba\ptcc_pokemon_ai_buttle\data\runs\alakazam\20260801_yushin_54773249_refresh.zip,20260801_yushin_54773249_refresh/episodes/88524005/replay/episode_88524005.json,0.7071067811865475,,validated_teacher_index
88524529,1,2,Yushin Ito,54773249,yushin_20260801,zip,C:\Users\shiba\ptcc_pokemon_ai_buttle\data\runs\alakazam\20260801_yushin_54773249_refresh.zip,20260801_yushin_54773249_refresh/episodes/88524529/replay/episode_88524529.json,0.7071067811865475,,validated_teacher_index
88525152,0,2,Yushin Ito,54773249,yushin_20260801,zip,C:\Users\shiba\ptcc_pokemon_ai_buttle\data\runs\alakazam\20260801_yushin_54773249_refresh.zip,20260801_yushin_54773249_refresh/episodes/88525152/replay/episode_88525152.json,0.7071067811865475,,validated_teacher_index
88525753,1,2,Yushin Ito,54773249,yushin_20260801,zip,C:\Users\shiba\ptcc_pokemon_ai_buttle\data\runs\alakazam\20260801_yushin_54773249_refresh.zip,20260801_yushin_54773249_refresh/episodes/88525753/replay/episode_88525753.json,0.7071067811865475,,validated_teacher_index
88526332,1,2,Yushin Ito,54773249,yushin_20260801,zip,C:\Users\shiba\ptcc_pokemon_ai_buttle\data\runs\alakazam\20260801_yushin_54773249_refresh.zip,20260801_yushin_54773249_refresh/episodes/88526332/replay/episode_88526332.json,0.7071067811865475,,validated_teacher_index
88526353,1,2,Yushin Ito,54773249,yushin_20260801,zip,C:\Users\shiba\ptcc_pokemon_ai_buttle\data\runs\alakazam\20260801_yushin_54773249_refresh.zip,20260801_yushin_54773249_refresh/episodes/88526353/replay/episode_88526353.json,0.7071067811865475,,validated_teacher_index
88526952,1,2,Yushin Ito,54773249,yushin_20260801,zip,C:\Users\shiba\ptcc_pokemon_ai_buttle\data\runs\alakazam\20260801_yushin_54773249_refresh.zip,20260801_yushin_54773249_refresh/episodes/88526952/replay/episode_88526952.json,0.7071067811865475,,validated_teacher_index
88526970,0,2,Yushin Ito,54773249,yushin_20260801,zip,C:\Users\shiba\ptcc_pokemon_ai_buttle\data\runs\alakazam\20260801_yushin_54773249_refresh.zip,20260801_yushin_54773249_refresh/episodes/88526970/replay/episode_88526970.json,0.7071067811865475,,validated_teacher_index
88527585,1,2,Yushin Ito,54773249,yushin_20260801,zip,C:\Users\shiba\ptcc_pokemon_ai_buttle\data\runs\alakazam\20260801_yushin_54773249_refresh.zip,20260801_yushin_54773249_refresh/episodes/88527585/replay/episode_88527585.json,0.7071067811865475,,validated_teacher_index
88528161,1,2,Yushin Ito,54773249,yushin_20260801,zip,C:\Users\shiba\ptcc_pokemon_ai_buttle\data\runs\alakazam\20260801_yushin_54773249_refresh.zip,20260801_yushin_54773249_refresh/episodes/88528161/replay/episode_88528161.json,0.7071067811865475,,validated_teacher_index
88528176,0,2,Yushin Ito,54773249,yushin_20260801,zip,C:\Users\shiba\ptcc_pokemon_ai_buttle\data\runs\alakazam\20260801_yushin_54773249_refresh.zip,20260801_yushin_54773249_refresh/episodes/88528176/replay/episode_88528176.json,0.7071067811865475,,validated_teacher_index
88528789,1,2,Yushin Ito,54773249,yushin_20260801,zip,C:\Users\shiba\ptcc_pokemon_ai_buttle\data\runs\alakazam\20260801_yushin_54773249_refresh.zip,20260801_yushin_54773249_refresh/episodes/88528789/replay/episode_88528789.json,0.7071067811865475,,validated_teacher_index
88529437,1,2,Yushin Ito,54773249,yushin_20260801,zip,C:\Users\shiba\ptcc_pokemon_ai_buttle\data\runs\alakazam\20260801_yushin_54773249_refresh.zip,20260801_yushin_54773249_refresh/episodes/88529437/replay/episode_88529437.json,0.7071067811865475,,validated_teacher_index
88530066,0,2,Yushin Ito,54773249,yushin_20260801,zip,C:\Users\shiba\ptcc_pokemon_ai_buttle\data\runs\alakazam\20260801_yushin_54773249_refresh.zip,20260801_yushin_54773249_refresh/episodes/88530066/replay/episode_88530066.json,0.7071067811865475,,validated_teacher_index
88530677,0,2,Yushin Ito,54773249,yushin_20260801,zip,C:\Users\shiba\ptcc_pokemon_ai_buttle\data\runs\alakazam\20260801_yushin_54773249_refresh.zip,20260801_yushin_54773249_refresh/episodes/88530677/replay/episode_88530677.json,0.7071067811865475,,validated_teacher_index
88531259,1,2,Yushin Ito,54773249,yushin_20260801,zip,C:\Users\shiba\ptcc_pokemon_ai_buttle\data\runs\alakazam\20260801_yushin_54773249_refresh.zip,20260801_yushin_54773249_refresh/episodes/88531259/replay/episode_88531259.json,0.7071067811865475,,validated_teacher_index
88531270,0,2,Yushin Ito,54773249,yushin_20260801,zip,C:\Users\shiba\ptcc_pokemon_ai_buttle\data\runs\alakazam\20260801_yushin_54773249_refresh.zip,20260801_yushin_54773249_refresh/episodes/88531270/replay/episode_88531270.json,0.7071067811865475,,validated_teacher_index
88531274,0,2,Yushin Ito,54773249,yushin_20260801,zip,C:\Users\shiba\ptcc_pokemon_ai_buttle\data\runs\alakazam\20260801_yushin_54773249_refresh.zip,20260801_yushin_54773249_refresh/episodes/88531274/replay/episode_88531274.json,0.7071067811865475,,validated_teacher_index
88531838,1,2,Yushin Ito,54773249,yushin_20260801,zip,C:\Users\shiba\ptcc_pokemon_ai_buttle\data\runs\alakazam\20260801_yushin_54773249_refresh.zip,20260801_yushin_54773249_refresh/episodes/88531838/replay/episode_88531838.json,0.7071067811865475,,validated_teacher_index
88531840,0,2,Yushin Ito,54773249,yushin_20260801,zip,C:\Users\shiba\ptcc_pokemon_ai_buttle\data\runs\alakazam\20260801_yushin_54773249_refresh.zip,20260801_yushin_54773249_refresh/episodes/88531840/replay/episode_88531840.json,0.7071067811865475,,validated_teacher_index
88532427,1,2,Yushin Ito,54773249,yushin_20260801,zip,C:\Users\shiba\ptcc_pokemon_ai_buttle\data\runs\alakazam\20260801_yushin_54773249_refresh.zip,20260801_yushin_54773249_refresh/episodes/88532427/replay/episode_88532427.json,0.7071067811865475,,validated_teacher_index
88532428,0,2,Yushin Ito,54773249,yushin_20260801,zip,C:\Users\shiba\ptcc_pokemon_ai_buttle\data\runs\alakazam\20260801_yushin_54773249_refresh.zip,20260801_yushin_54773249_refresh/episodes/88532428/replay/episode_88532428.json,0.7071067811865475,,validated_teacher_index
88533008,0,2,Yushin Ito,54773249,yushin_20260801,zip,C:\Users\shiba\ptcc_pokemon_ai_buttle\data\runs\alakazam\20260801_yushin_54773249_refresh.zip,20260801_yushin_54773249_refresh/episodes/88533008/replay/episode_88533008.json,0.7071067811865475,,validated_teacher_index
88533583,0,2,Yushin Ito,54773249,yushin_20260801,zip,C:\Users\shiba\ptcc_pokemon_ai_buttle\data\runs\alakazam\20260801_yushin_54773249_refresh.zip,20260801_yushin_54773249_refresh/episodes/88533583/replay/episode_88533583.json,0.7071067811865475,,validated_teacher_index
88534158,1,2,Yushin Ito,54773249,yushin_20260801,zip,C:\Users\shiba\ptcc_pokemon_ai_buttle\data\runs\alakazam\20260801_yushin_54773249_refresh.zip,20260801_yushin_54773249_refresh/episodes/88534158/replay/episode_88534158.json,0.7071067811865475,,validated_teacher_index
88534168,1,2,Yushin Ito,54773249,yushin_20260801,zip,C:\Users\shiba\ptcc_pokemon_ai_buttle\data\runs\alakazam\20260801_yushin_54773249_refresh.zip,20260801_yushin_54773249_refresh/episodes/88534168/replay/episode_88534168.json,0.7071067811865475,,validated_teacher_index
88534769,1,2,Yushin Ito,54773249,yushin_20260801,zip,C:\Users\shiba\ptcc_pokemon_ai_buttle\data\runs\alakazam\20260801_yushin_54773249_refresh.zip,20260801_yushin_54773249_refresh/episodes/88534769/replay/episode_88534769.json,0.7071067811865475,,validated_teacher_index
88534787,1,2,Yushin Ito,54773249,yushin_20260801,zip,C:\Users\shiba\ptcc_pokemon_ai_buttle\data\runs\alakazam\20260801_yushin_54773249_refresh.zip,20260801_yushin_54773249_refresh/episodes/88534787/replay/episode_88534787.json,0.7071067811865475,,validated_teacher_index
88544338,0,2,Yushin Ito,54773249,yushin_20260801,zip,C:\Users\shiba\ptcc_pokemon_ai_buttle\data\runs\alakazam\20260801_yushin_54773249_refresh.zip,20260801_yushin_54773249_refresh/episodes/88544338/replay/episode_88544338.json,0.7071067811865475,,validated_teacher_index
88547077,0,2,Yushin Ito,54773249,yushin_20260801,zip,C:\Users\shiba\ptcc_pokemon_ai_buttle\data\runs\alakazam\20260801_yushin_54773249_refresh.zip,20260801_yushin_54773249_refresh/episodes/88547077/replay/episode_88547077.json,0.7071067811865475,,validated_teacher_index
88556087,0,2,Yushin Ito,54773249,yushin_20260801,zip,C:\Users\shiba\ptcc_pokemon_ai_buttle\data\runs\alakazam\20260801_yushin_54773249_refresh.zip,20260801_yushin_54773249_refresh/episodes/88556087/replay/episode_88556087.json,0.7071067811865475,,validated_teacher_index
88559540,0,2,Yushin Ito,54773249,yushin_20260801,zip,C:\Users\shiba\ptcc_pokemon_ai_buttle\data\runs\alakazam\20260801_yushin_54773249_refresh.zip,20260801_yushin_54773249_refresh/episodes/88559540/replay/episode_88559540.json,0.7071067811865475,,validated_teacher_index
88561589,0,2,Yushin Ito,54773249,yushin_20260801,zip,C:\Users\shiba\ptcc_pokemon_ai_buttle\data\runs\alakazam\20260801_yushin_54773249_refresh.zip,20260801_yushin_54773249_refresh/episodes/88561589/replay/episode_88561589.json,0.7071067811865475,,validated_teacher_index
88562555,1,2,Yushin Ito,54773249,yushin_20260801,zip,C:\Users\shiba\ptcc_pokemon_ai_buttle\data\runs\alakazam\20260801_yushin_54773249_refresh.zip,20260801_yushin_54773249_refresh/episodes/88562555/replay/episode_88562555.json,0.7071067811865475,,validated_teacher_index
88568563,0,2,Yushin Ito,54773249,yushin_20260801,zip,C:\Users\shiba\ptcc_pokemon_ai_buttle\data\runs\alakazam\20260801_yushin_54773249_refresh.zip,20260801_yushin_54773249_refresh/episodes/88568563/replay/episode_88568563.json,0.7071067811865475,,validated_teacher_index
88572564,1,2,Yushin Ito,54773249,yushin_20260801,zip,C:\Users\shiba\ptcc_pokemon_ai_buttle\data\runs\alakazam\20260801_yushin_54773249_refresh.zip,20260801_yushin_54773249_refresh/episodes/88572564/replay/episode_88572564.json,0.7071067811865475,,validated_teacher_index
88577639,0,2,Yushin Ito,54773249,yushin_20260801,zip,C:\Users\shiba\ptcc_pokemon_ai_buttle\data\runs\alakazam\20260801_yushin_54773249_refresh.zip,20260801_yushin_54773249_refresh/episodes/88577639/replay/episode_88577639.json,0.7071067811865475,,validated_teacher_index
88578575,1,2,Yushin Ito,54773249,yushin_20260801,zip,C:\Users\shiba\ptcc_pokemon_ai_buttle\data\runs\alakazam\20260801_yushin_54773249_refresh.zip,20260801_yushin_54773249_refresh/episodes/88578575/replay/episode_88578575.json,0.7071067811865475,,validated_teacher_index
88580926,0,2,Yushin Ito,54773249,yushin_20260801,zip,C:\Users\shiba\ptcc_pokemon_ai_buttle\data\runs\alakazam\20260801_yushin_54773249_refresh.zip,20260801_yushin_54773249_refresh/episodes/88580926/replay/episode_88580926.json,0.7071067811865475,,validated_teacher_index
88581897,1,2,Yushin Ito,54773249,yushin_20260801,zip,C:\Users\shiba\ptcc_pokemon_ai_buttle\data\runs\alakazam\20260801_yushin_54773249_refresh.zip,20260801_yushin_54773249_refresh/episodes/88581897/replay/episode_88581897.json,0.7071067811865475,,validated_teacher_index
88583708,1,2,Yushin Ito,54773249,yushin_20260801,zip,C:\Users\shiba\ptcc_pokemon_ai_buttle\data\runs\alakazam\20260801_yushin_54773249_refresh.zip,20260801_yushin_54773249_refresh/episodes/88583708/replay/episode_88583708.json,0.7071067811865475,,validated_teacher_index
88584897,0,2,Yushin Ito,54773249,yushin_20260801,zip,C:\Users\shiba\ptcc_pokemon_ai_buttle\data\runs\alakazam\20260801_yushin_54773249_refresh.zip,20260801_yushin_54773249_refresh/episodes/88584897/replay/episode_88584897.json,0.7071067811865475,,validated_teacher_index
88590973,0,2,Yushin Ito,54773249,yushin_20260801,zip,C:\Users\shiba\ptcc_pokemon_ai_buttle\data\runs\alakazam\20260801_yushin_54773249_refresh.zip,20260801_yushin_54773249_refresh/episodes/88590973/replay/episode_88590973.json,0.7071067811865475,,validated_teacher_index
88592182,0,2,Yushin Ito,54773249,yushin_20260801,zip,C:\Users\shiba\ptcc_pokemon_ai_buttle\data\runs\alakazam\20260801_yushin_54773249_refresh.zip,20260801_yushin_54773249_refresh/episodes/88592182/replay/episode_88592182.json,0.7071067811865475,,validated_teacher_index
88593351,0,2,Yushin Ito,54773249,yushin_20260801,zip,C:\Users\shiba\ptcc_pokemon_ai_buttle\data\runs\alakazam\20260801_yushin_54773249_refresh.zip,20260801_yushin_54773249_refresh/episodes/88593351/replay/episode_88593351.json,0.7071067811865475,,validated_teacher_index
88597144,1,2,Yushin Ito,54773249,yushin_20260801,zip,C:\Users\shiba\ptcc_pokemon_ai_buttle\data\runs\alakazam\20260801_yushin_54773249_refresh.zip,20260801_yushin_54773249_refresh/episodes/88597144/replay/episode_88597144.json,0.7071067811865475,,validated_teacher_index
88599979,0,2,Yushin Ito,54773249,yushin_20260801,zip,C:\Users\shiba\ptcc_pokemon_ai_buttle\data\runs\alakazam\20260801_yushin_54773249_refresh.zip,20260801_yushin_54773249_refresh/episodes/88599979/replay/episode_88599979.json,0.7071067811865475,,validated_teacher_index
88601440,1,2,Yushin Ito,54773249,yushin_20260801,zip,C:\Users\shiba\ptcc_pokemon_ai_buttle\data\runs\alakazam\20260801_yushin_54773249_refresh.zip,20260801_yushin_54773249_refresh/episodes/88601440/replay/episode_88601440.json,0.7071067811865475,,validated_teacher_index
88601880,1,2,Yushin Ito,54773249,yushin_20260801,zip,C:\Users\shiba\ptcc_pokemon_ai_buttle\data\runs\alakazam\20260801_yushin_54773249_refresh.zip,20260801_yushin_54773249_refresh/episodes/88601880/replay/episode_88601880.json,0.7071067811865475,,validated_teacher_index
88602325,0,2,Yushin Ito,54773249,yushin_20260801,zip,C:\Users\shiba\ptcc_pokemon_ai_buttle\data\runs\alakazam\20260801_yushin_54773249_refresh.zip,20260801_yushin_54773249_refresh/episodes/88602325/replay/episode_88602325.json,0.7071067811865475,,validated_teacher_index
88602828,0,2,Yushin Ito,54773249,yushin_20260801,zip,C:\Users\shiba\ptcc_pokemon_ai_buttle\data\runs\alakazam\20260801_yushin_54773249_refresh.zip,20260801_yushin_54773249_refresh/episodes/88602828/replay/episode_88602828.json,0.7071067811865475,,validated_teacher_index
88603287,0,2,Yushin Ito,54773249,yushin_20260801,zip,C:\Users\shiba\ptcc_pokemon_ai_buttle\data\runs\alakazam\20260801_yushin_54773249_refresh.zip,20260801_yushin_54773249_refresh/episodes/88603287/replay/episode_88603287.json,0.7071067811865475,,validated_teacher_index
88603727,0,2,Yushin Ito,54773249,yushin_20260801,zip,C:\Users\shiba\ptcc_pokemon_ai_buttle\data\runs\alakazam\20260801_yushin_54773249_refresh.zip,20260801_yushin_54773249_refresh/episodes/88603727/replay/episode_88603727.json,0.7071067811865475,,validated_teacher_index
88604191,0,2,Yushin Ito,54773249,yushin_20260801,zip,C:\Users\shiba\ptcc_pokemon_ai_buttle\data\runs\alakazam\20260801_yushin_54773249_refresh.zip,20260801_yushin_54773249_refresh/episodes/88604191/replay/episode_88604191.json,0.7071067811865475,,validated_teacher_index
88604660,1,2,Yushin Ito,54773249,yushin_20260801,zip,C:\Users\shiba\ptcc_pokemon_ai_buttle\data\runs\alakazam\20260801_yushin_54773249_refresh.zip,20260801_yushin_54773249_refresh/episodes/88604660/replay/episode_88604660.json,0.7071067811865475,,validated_teacher_index
88605121,0,2,Yushin Ito,54773249,yushin_20260801,zip,C:\Users\shiba\ptcc_pokemon_ai_buttle\data\runs\alakazam\20260801_yushin_54773249_refresh.zip,20260801_yushin_54773249_refresh/episodes/88605121/replay/episode_88605121.json,0.7071067811865475,,validated_teacher_index
88605597,0,2,Yushin Ito,54773249,yushin_20260801,zip,C:\Users\shiba\ptcc_pokemon_ai_buttle\data\runs\alakazam\20260801_yushin_54773249_refresh.zip,20260801_yushin_54773249_refresh/episodes/88605597/replay/episode_88605597.json,0.7071067811865475,,validated_teacher_index
88605608,1,2,Yushin Ito,54773249,yushin_20260801,zip,C:\Users\shiba\ptcc_pokemon_ai_buttle\data\runs\alakazam\20260801_yushin_54773249_refresh.zip,20260801_yushin_54773249_refresh/episodes/88605608/replay/episode_88605608.json,0.7071067811865475,,validated_teacher_index
88606091,0,2,Yushin Ito,54773249,yushin_20260801,zip,C:\Users\shiba\ptcc_pokemon_ai_buttle\data\runs\alakazam\20260801_yushin_54773249_refresh.zip,20260801_yushin_54773249_refresh/episodes/88606091/replay/episode_88606091.json,0.7071067811865475,,validated_teacher_index
88606633,0,2,Yushin Ito,54773249,yushin_20260801,zip,C:\Users\shiba\ptcc_pokemon_ai_buttle\data\runs\alakazam\20260801_yushin_54773249_refresh.zip,20260801_yushin_54773249_refresh/episodes/88606633/replay/episode_88606633.json,0.7071067811865475,,validated_teacher_index
88607083,1,2,Yushin Ito,54773249,yushin_20260801,zip,C:\Users\shiba\ptcc_pokemon_ai_buttle\data\runs\alakazam\20260801_yushin_54773249_refresh.zip,20260801_yushin_54773249_refresh/episodes/88607083/replay/episode_88607083.json,0.7071067811865475,,validated_teacher_index
88608054,1,2,Yushin Ito,54773249,yushin_20260801,zip,C:\Users\shiba\ptcc_pokemon_ai_buttle\data\runs\alakazam\20260801_yushin_54773249_refresh.zip,20260801_yushin_54773249_refresh/episodes/88608054/replay/episode_88608054.json,0.7071067811865475,,validated_teacher_index
88608518,0,2,Yushin Ito,54773249,yushin_20260801,zip,C:\Users\shiba\ptcc_pokemon_ai_buttle\data\runs\alakazam\20260801_yushin_54773249_refresh.zip,20260801_yushin_54773249_refresh/episodes/88608518/replay/episode_88608518.json,0.7071067811865475,,validated_teacher_index
88608978,1,2,Yushin Ito,54773249,yushin_20260801,zip,C:\Users\shiba\ptcc_pokemon_ai_buttle\data\runs\alakazam\20260801_yushin_54773249_refresh.zip,20260801_yushin_54773249_refresh/episodes/88608978/replay/episode_88608978.json,0.7071067811865475,,validated_teacher_index
88609430,1,2,Yushin Ito,54773249,yushin_20260801,zip,C:\Users\shiba\ptcc_pokemon_ai_buttle\data\runs\alakazam\20260801_yushin_54773249_refresh.zip,20260801_yushin_54773249_refresh/episodes/88609430/replay/episode_88609430.json,0.7071067811865475,,validated_teacher_index
88610405,1,2,Yushin Ito,54773249,yushin_20260801,zip,C:\Users\shiba\ptcc_pokemon_ai_buttle\data\runs\alakazam\20260801_yushin_54773249_refresh.zip,20260801_yushin_54773249_refresh/episodes/88610405/replay/episode_88610405.json,0.7071067811865475,,validated_teacher_index
88612300,1,2,Yushin Ito,54773249,yushin_20260801,zip,C:\Users\shiba\ptcc_pokemon_ai_buttle\data\runs\alakazam\20260801_yushin_54773249_refresh.zip,20260801_yushin_54773249_refresh/episodes/88612300/replay/episode_88612300.json,0.7071067811865475,,validated_teacher_index
88613276,1,2,Yushin Ito,54773249,yushin_20260801,zip,C:\Users\shiba\ptcc_pokemon_ai_buttle\data\runs\alakazam\20260801_yushin_54773249_refresh.zip,20260801_yushin_54773249_refresh/episodes/88613276/replay/episode_88613276.json,0.7071067811865475,,validated_teacher_index
88615085,1,2,Yushin Ito,54773249,yushin_20260801,zip,C:\Users\shiba\ptcc_pokemon_ai_buttle\data\runs\alakazam\20260801_yushin_54773249_refresh.zip,20260801_yushin_54773249_refresh/episodes/88615085/replay/episode_88615085.json,0.7071067811865475,,validated_teacher_index
88615678,0,2,Yushin Ito,54773249,yushin_20260801,zip,C:\Users\shiba\ptcc_pokemon_ai_buttle\data\runs\alakazam\20260801_yushin_54773249_refresh.zip,20260801_yushin_54773249_refresh/episodes/88615678/replay/episode_88615678.json,0.7071067811865475,,validated_teacher_index
88617548,1,2,Yushin Ito,54773249,yushin_20260801,zip,C:\Users\shiba\ptcc_pokemon_ai_buttle\data\runs\alakazam\20260801_yushin_54773249_refresh.zip,20260801_yushin_54773249_refresh/episodes/88617548/replay/episode_88617548.json,0.7071067811865475,,validated_teacher_index
88620211,1,2,Yushin Ito,54773249,yushin_20260801,zip,C:\Users\shiba\ptcc_pokemon_ai_buttle\data\runs\alakazam\20260801_yushin_54773249_refresh.zip,20260801_yushin_54773249_refresh/episodes/88620211/replay/episode_88620211.json,0.7071067811865475,,validated_teacher_index
88625596,1,2,Yushin Ito,54773249,yushin_20260801,zip,C:\Users\shiba\ptcc_pokemon_ai_buttle\data\runs\alakazam\20260801_yushin_54773249_refresh.zip,20260801_yushin_54773249_refresh/episodes/88625596/replay/episode_88625596.json,0.7071067811865475,,validated_teacher_index
88628635,1,2,Yushin Ito,54773249,yushin_20260801,zip,C:\Users\shiba\ptcc_pokemon_ai_buttle\data\runs\alakazam\20260801_yushin_54773249_refresh.zip,20260801_yushin_54773249_refresh/episodes/88628635/replay/episode_88628635.json,0.7071067811865475,,validated_teacher_index
88636039,1,2,Yushin Ito,54773249,yushin_20260801,zip,C:\Users\shiba\ptcc_pokemon_ai_buttle\data\runs\alakazam\20260801_yushin_54773249_refresh.zip,20260801_yushin_54773249_refresh/episodes/88636039/replay/episode_88636039.json,0.7071067811865475,,validated_teacher_index
88647984,0,2,Yushin Ito,54773249,yushin_20260801,zip,C:\Users\shiba\ptcc_pokemon_ai_buttle\data\runs\alakazam\20260801_yushin_54773249_refresh.zip,20260801_yushin_54773249_refresh/episodes/88647984/replay/episode_88647984.json,0.7071067811865475,,validated_teacher_index
88651997,1,2,Yushin Ito,54773249,yushin_20260801,zip,C:\Users\shiba\ptcc_pokemon_ai_buttle\data\runs\alakazam\20260801_yushin_54773249_refresh.zip,20260801_yushin_54773249_refresh/episodes/88651997/replay/episode_88651997.json,0.7071067811865475,,validated_teacher_index
88653023,1,2,Yushin Ito,54773249,yushin_20260801,zip,C:\Users\shiba\ptcc_pokemon_ai_buttle\data\runs\alakazam\20260801_yushin_54773249_refresh.zip,20260801_yushin_54773249_refresh/episodes/88653023/replay/episode_88653023.json,0.7071067811865475,,validated_teacher_index
88657821,1,2,Yushin Ito,54773249,yushin_20260801,zip,C:\Users\shiba\ptcc_pokemon_ai_buttle\data\runs\alakazam\20260801_yushin_54773249_refresh.zip,20260801_yushin_54773249_refresh/episodes/88657821/replay/episode_88657821.json,0.7071067811865475,,validated_teacher_index
88665755,0,2,Yushin Ito,54773249,yushin_20260801,zip,C:\Users\shiba\ptcc_pokemon_ai_buttle\data\runs\alakazam\20260801_yushin_54773249_refresh.zip,20260801_yushin_54773249_refresh/episodes/88665755/replay/episode_88665755.json,0.7071067811865475,,validated_teacher_index
88669459,1,2,Yushin Ito,54773249,yushin_20260801,zip,C:\Users\shiba\ptcc_pokemon_ai_buttle\data\runs\alakazam\20260801_yushin_54773249_refresh.zip,20260801_yushin_54773249_refresh/episodes/88669459/replay/episode_88669459.json,0.7071067811865475,,validated_teacher_index
88672378,0,2,Yushin Ito,54773249,yushin_20260801,zip,C:\Users\shiba\ptcc_pokemon_ai_buttle\data\runs\alakazam\20260801_yushin_54773249_refresh.zip,20260801_yushin_54773249_refresh/episodes/88672378/replay/episode_88672378.json,0.7071067811865475,,validated_teacher_index
88674164,1,2,Yushin Ito,54773249,yushin_20260801,zip,C:\Users\shiba\ptcc_pokemon_ai_buttle\data\runs\alakazam\20260801_yushin_54773249_refresh.zip,20260801_yushin_54773249_refresh/episodes/88674164/replay/episode_88674164.json,0.7071067811865475,,validated_teacher_index
88674233,0,2,Yushin Ito,54773249,yushin_20260801,zip,C:\Users\shiba\ptcc_pokemon_ai_buttle\data\runs\alakazam\20260801_yushin_54773249_refresh.zip,20260801_yushin_54773249_refresh/episodes/88674233/replay/episode_88674233.json,0.7071067811865475,,validated_teacher_index
88674705,1,2,Yushin Ito,54773249,yushin_20260801,zip,C:\Users\shiba\ptcc_pokemon_ai_buttle\data\runs\alakazam\20260801_yushin_54773249_refresh.zip,20260801_yushin_54773249_refresh/episodes/88674705/replay/episode_88674705.json,0.7071067811865475,,validated_teacher_index
88675036,1,2,Yushin Ito,54773249,yushin_20260801,zip,C:\Users\shiba\ptcc_pokemon_ai_buttle\data\runs\alakazam\20260801_yushin_54773249_refresh.zip,20260801_yushin_54773249_refresh/episodes/88675036/replay/episode_88675036.json,0.7071067811865475,,validated_teacher_index
88675455,1,2,Yushin Ito,54773249,yushin_20260801,zip,C:\Users\shiba\ptcc_pokemon_ai_buttle\data\runs\alakazam\20260801_yushin_54773249_refresh.zip,20260801_yushin_54773249_refresh/episodes/88675455/replay/episode_88675455.json,0.7071067811865475,,validated_teacher_index
88675906,0,2,Yushin Ito,54773249,yushin_20260801,zip,C:\Users\shiba\ptcc_pokemon_ai_buttle\data\runs\alakazam\20260801_yushin_54773249_refresh.zip,20260801_yushin_54773249_refresh/episodes/88675906/replay/episode_88675906.json,0.7071067811865475,,validated_teacher_index
88675907,1,2,Yushin Ito,54773249,yushin_20260801,zip,C:\Users\shiba\ptcc_pokemon_ai_buttle\data\runs\alakazam\20260801_yushin_54773249_refresh.zip,20260801_yushin_54773249_refresh/episodes/88675907/replay/episode_88675907.json,0.7071067811865475,,validated_teacher_index
88676363,0,2,Yushin Ito,54773249,yushin_20260801,zip,C:\Users\shiba\ptcc_pokemon_ai_buttle\data\runs\alakazam\20260801_yushin_54773249_refresh.zip,20260801_yushin_54773249_refresh/episodes/88676363/replay/episode_88676363.json,0.7071067811865475,,validated_teacher_index
88676369,1,2,Yushin Ito,54773249,yushin_20260801,zip,C:\Users\shiba\ptcc_pokemon_ai_buttle\data\runs\alakazam\20260801_yushin_54773249_refresh.zip,20260801_yushin_54773249_refresh/episodes/88676369/replay/episode_88676369.json,0.7071067811865475,,validated_teacher_index
88676841,1,2,Yushin Ito,54773249,yushin_20260801,zip,C:\Users\shiba\ptcc_pokemon_ai_buttle\data\runs\alakazam\20260801_yushin_54773249_refresh.zip,20260801_yushin_54773249_refresh/episodes/88676841/replay/episode_88676841.json,0.7071067811865475,,validated_teacher_index
88676916,0,2,Yushin Ito,54773249,yushin_20260801,zip,C:\Users\shiba\ptcc_pokemon_ai_buttle\data\runs\alakazam\20260801_yushin_54773249_refresh.zip,20260801_yushin_54773249_refresh/episodes/88676916/replay/episode_88676916.json,0.7071067811865475,,validated_teacher_index
88677304,0,2,Yushin Ito,54773249,yushin_20260801,zip,C:\Users\shiba\ptcc_pokemon_ai_buttle\data\runs\alakazam\20260801_yushin_54773249_refresh.zip,20260801_yushin_54773249_refresh/episodes/88677304/replay/episode_88677304.json,0.7071067811865475,,validated_teacher_index
88677763,0,2,Yushin Ito,54773249,yushin_20260801,zip,C:\Users\shiba\ptcc_pokemon_ai_buttle\data\runs\alakazam\20260801_yushin_54773249_refresh.zip,20260801_yushin_54773249_refresh/episodes/88677763/replay/episode_88677763.json,0.7071067811865475,,validated_teacher_index
88677945,0,2,Yushin Ito,54773249,yushin_20260801,zip,C:\Users\shiba\ptcc_pokemon_ai_buttle\data\runs\alakazam\20260801_yushin_54773249_refresh.zip,20260801_yushin_54773249_refresh/episodes/88677945/replay/episode_88677945.json,0.7071067811865475,,validated_teacher_index
88678223,0,2,Yushin Ito,54773249,yushin_20260801,zip,C:\Users\shiba\ptcc_pokemon_ai_buttle\data\runs\alakazam\20260801_yushin_54773249_refresh.zip,20260801_yushin_54773249_refresh/episodes/88678223/replay/episode_88678223.json,0.7071067811865475,,validated_teacher_index
88678675,0,2,Yushin Ito,54773249,yushin_20260801,zip,C:\Users\shiba\ptcc_pokemon_ai_buttle\data\runs\alakazam\20260801_yushin_54773249_refresh.zip,20260801_yushin_54773249_refresh/episodes/88678675/replay/episode_88678675.json,0.7071067811865475,,validated_teacher_index
88678688,1,2,Yushin Ito,54773249,yushin_20260801,zip,C:\Users\shiba\ptcc_pokemon_ai_buttle\data\runs\alakazam\20260801_yushin_54773249_refresh.zip,20260801_yushin_54773249_refresh/episodes/88678688/replay/episode_88678688.json,0.7071067811865475,,validated_teacher_index
88678693,0,2,Yushin Ito,54773249,yushin_20260801,zip,C:\Users\shiba\ptcc_pokemon_ai_buttle\data\runs\alakazam\20260801_yushin_54773249_refresh.zip,20260801_yushin_54773249_refresh/episodes/88678693/replay/episode_88678693.json,0.7071067811865475,,validated_teacher_index
88679128,0,2,Yushin Ito,54773249,yushin_20260801,zip,C:\Users\shiba\ptcc_pokemon_ai_buttle\data\runs\alakazam\20260801_yushin_54773249_refresh.zip,20260801_yushin_54773249_refresh/episodes/88679128/replay/episode_88679128.json,0.7071067811865475,,validated_teacher_index
88679147,1,2,Yushin Ito,54773249,yushin_20260801,zip,C:\Users\shiba\ptcc_pokemon_ai_buttle\data\runs\alakazam\20260801_yushin_54773249_refresh.zip,20260801_yushin_54773249_refresh/episodes/88679147/replay/episode_88679147.json,0.7071067811865475,,validated_teacher_index
88679607,1,2,Yushin Ito,54773249,yushin_20260801,zip,C:\Users\shiba\ptcc_pokemon_ai_buttle\data\runs\alakazam\20260801_yushin_54773249_refresh.zip,20260801_yushin_54773249_refresh/episodes/88679607/replay/episode_88679607.json,0.7071067811865475,,validated_teacher_index
88679991,1,2,Yushin Ito,54773249,yushin_20260801,zip,C:\Users\shiba\ptcc_pokemon_ai_buttle\data\runs\alakazam\20260801_yushin_54773249_refresh.zip,20260801_yushin_54773249_refresh/episodes/88679991/replay/episode_88679991.json,0.7071067811865475,,validated_teacher_index
88680091,1,2,Yushin Ito,54773249,yushin_20260801,zip,C:\Users\shiba\ptcc_pokemon_ai_buttle\data\runs\alakazam\20260801_yushin_54773249_refresh.zip,20260801_yushin_54773249_refresh/episodes/88680091/replay/episode_88680091.json,0.7071067811865475,,validated_teacher_index
88680293,1,2,Yushin Ito,54773249,yushin_20260801,zip,C:\Users\shiba\ptcc_pokemon_ai_buttle\data\runs\alakazam\20260801_yushin_54773249_refresh.zip,20260801_yushin_54773249_refresh/episodes/88680293/replay/episode_88680293.json,0.7071067811865475,,validated_teacher_index
88680528,1,2,Yushin Ito,54773249,yushin_20260801,zip,C:\Users\shiba\ptcc_pokemon_ai_buttle\data\runs\alakazam\20260801_yushin_54773249_refresh.zip,20260801_yushin_54773249_refresh/episodes/88680528/replay/episode_88680528.json,0.7071067811865475,,validated_teacher_index
88680533,0,2,Yushin Ito,54773249,yushin_20260801,zip,C:\Users\shiba\ptcc_pokemon_ai_buttle\data\runs\alakazam\20260801_yushin_54773249_refresh.zip,20260801_yushin_54773249_refresh/episodes/88680533/replay/episode_88680533.json,0.7071067811865475,,validated_teacher_index
88680536,0,2,Yushin Ito,54773249,yushin_20260801,zip,C:\Users\shiba\ptcc_pokemon_ai_buttle\data\runs\alakazam\20260801_yushin_54773249_refresh.zip,20260801_yushin_54773249_refresh/episodes/88680536/replay/episode_88680536.json,0.7071067811865475,,validated_teacher_index
88680556,1,2,Yushin Ito,54773249,yushin_20260801,zip,C:\Users\shiba\ptcc_pokemon_ai_buttle\data\runs\alakazam\20260801_yushin_54773249_refresh.zip,20260801_yushin_54773249_refresh/episodes/88680556/replay/episode_88680556.json,0.7071067811865475,,validated_teacher_index
88681014,0,2,Yushin Ito,54773249,yushin_20260801,zip,C:\Users\shiba\ptcc_pokemon_ai_buttle\data\runs\alakazam\20260801_yushin_54773249_refresh.zip,20260801_yushin_54773249_refresh/episodes/88681014/replay/episode_88681014.json,0.7071067811865475,,validated_teacher_index
88681185,1,2,Yushin Ito,54773249,yushin_20260801,zip,C:\Users\shiba\ptcc_pokemon_ai_buttle\data\runs\alakazam\20260801_yushin_54773249_refresh.zip,20260801_yushin_54773249_refresh/episodes/88681185/replay/episode_88681185.json,0.7071067811865475,,validated_teacher_index
88681456,1,2,Yushin Ito,54773249,yushin_20260801,zip,C:\Users\shiba\ptcc_pokemon_ai_buttle\data\runs\alakazam\20260801_yushin_54773249_refresh.zip,20260801_yushin_54773249_refresh/episodes/88681456/replay/episode_88681456.json,0.7071067811865475,,validated_teacher_index
88681473,1,2,Yushin Ito,54773249,yushin_20260801,zip,C:\Users\shiba\ptcc_pokemon_ai_buttle\data\runs\alakazam\20260801_yushin_54773249_refresh.zip,20260801_yushin_54773249_refresh/episodes/88681473/replay/episode_88681473.json,0.7071067811865475,,validated_teacher_index
88681936,0,2,Yushin Ito,54773249,yushin_20260801,zip,C:\Users\shiba\ptcc_pokemon_ai_buttle\data\runs\alakazam\20260801_yushin_54773249_refresh.zip,20260801_yushin_54773249_refresh/episodes/88681936/replay/episode_88681936.json,0.7071067811865475,,validated_teacher_index
88682410,0,2,Yushin Ito,54773249,yushin_20260801,zip,C:\Users\shiba\ptcc_pokemon_ai_buttle\data\runs\alakazam\20260801_yushin_54773249_refresh.zip,20260801_yushin_54773249_refresh/episodes/88682410/replay/episode_88682410.json,0.7071067811865475,,validated_teacher_index
88682460,0,2,Yushin Ito,54773249,yushin_20260801,zip,C:\Users\shiba\ptcc_pokemon_ai_buttle\data\runs\alakazam\20260801_yushin_54773249_refresh.zip,20260801_yushin_54773249_refresh/episodes/88682460/replay/episode_88682460.json,0.7071067811865475,,validated_teacher_index
88682873,1,2,Yushin Ito,54773249,yushin_20260801,zip,C:\Users\shiba\ptcc_pokemon_ai_buttle\data\runs\alakazam\20260801_yushin_54773249_refresh.zip,20260801_yushin_54773249_refresh/episodes/88682873/replay/episode_88682873.json,0.7071067811865475,,validated_teacher_index
88683337,1,2,Yushin Ito,54773249,yushin_20260801,zip,C:\Users\shiba\ptcc_pokemon_ai_buttle\data\runs\alakazam\20260801_yushin_54773249_refresh.zip,20260801_yushin_54773249_refresh/episodes/88683337/replay/episode_88683337.json,0.7071067811865475,,validated_teacher_index
88683805,0,2,Yushin Ito,54773249,yushin_20260801,zip,C:\Users\shiba\ptcc_pokemon_ai_buttle\data\runs\alakazam\20260801_yushin_54773249_refresh.zip,20260801_yushin_54773249_refresh/episodes/88683805/replay/episode_88683805.json,0.7071067811865475,,validated_teacher_index
88683810,0,2,Yushin Ito,54773249,yushin_20260801,zip,C:\Users\shiba\ptcc_pokemon_ai_buttle\data\runs\alakazam\20260801_yushin_54773249_refresh.zip,20260801_yushin_54773249_refresh/episodes/88683810/replay/episode_88683810.json,0.7071067811865475,,validated_teacher_index
88684272,0,2,Yushin Ito,54773249,yushin_20260801,zip,C:\Users\shiba\ptcc_pokemon_ai_buttle\data\runs\alakazam\20260801_yushin_54773249_refresh.zip,20260801_yushin_54773249_refresh/episodes/88684272/replay/episode_88684272.json,0.7071067811865475,,validated_teacher_index
88684722,0,2,Yushin Ito,54773249,yushin_20260801,zip,C:\Users\shiba\ptcc_pokemon_ai_buttle\data\runs\alakazam\20260801_yushin_54773249_refresh.zip,20260801_yushin_54773249_refresh/episodes/88684722/replay/episode_88684722.json,0.7071067811865475,,validated_teacher_index
88685177,1,2,Yushin Ito,54773249,yushin_20260801,zip,C:\Users\shiba\ptcc_pokemon_ai_buttle\data\runs\alakazam\20260801_yushin_54773249_refresh.zip,20260801_yushin_54773249_refresh/episodes/88685177/replay/episode_88685177.json,0.7071067811865475,,validated_teacher_index
88685194,0,2,Yushin Ito,54773249,yushin_20260801,zip,C:\Users\shiba\ptcc_pokemon_ai_buttle\data\runs\alakazam\20260801_yushin_54773249_refresh.zip,20260801_yushin_54773249_refresh/episodes/88685194/replay/episode_88685194.json,0.7071067811865475,,validated_teacher_index
88685628,1,2,Yushin Ito,54773249,yushin_20260801,zip,C:\Users\shiba\ptcc_pokemon_ai_buttle\data\runs\alakazam\20260801_yushin_54773249_refresh.zip,20260801_yushin_54773249_refresh/episodes/88685628/replay/episode_88685628.json,0.7071067811865475,,validated_teacher_index
88685640,1,2,Yushin Ito,54773249,yushin_20260801,zip,C:\Users\shiba\ptcc_pokemon_ai_buttle\data\runs\alakazam\20260801_yushin_54773249_refresh.zip,20260801_yushin_54773249_refresh/episodes/88685640/replay/episode_88685640.json,0.7071067811865475,,validated_teacher_index
88686111,0,2,Yushin Ito,54773249,yushin_20260801,zip,C:\Users\shiba\ptcc_pokemon_ai_buttle\data\runs\alakazam\20260801_yushin_54773249_refresh.zip,20260801_yushin_54773249_refresh/episodes/88686111/replay/episode_88686111.json,0.7071067811865475,,validated_teacher_index
88686580,0,2,Yushin Ito,54773249,yushin_20260801,zip,C:\Users\shiba\ptcc_pokemon_ai_buttle\data\runs\alakazam\20260801_yushin_54773249_refresh.zip,20260801_yushin_54773249_refresh/episodes/88686580/replay/episode_88686580.json,0.7071067811865475,,validated_teacher_index
88687043,1,2,Yushin Ito,54773249,yushin_20260801,zip,C:\Users\shiba\ptcc_pokemon_ai_buttle\data\runs\alakazam\20260801_yushin_54773249_refresh.zip,20260801_yushin_54773249_refresh/episodes/88687043/replay/episode_88687043.json,0.7071067811865475,,validated_teacher_index
88687500,1,2,Yushin Ito,54773249,yushin_20260801,zip,C:\Users\shiba\ptcc_pokemon_ai_buttle\data\runs\alakazam\20260801_yushin_54773249_refresh.zip,20260801_yushin_54773249_refresh/episodes/88687500/replay/episode_88687500.json,0.7071067811865475,,validated_teacher_index
88687956,0,2,Yushin Ito,54773249,yushin_20260801,zip,C:\Users\shiba\ptcc_pokemon_ai_buttle\data\runs\alakazam\20260801_yushin_54773249_refresh.zip,20260801_yushin_54773249_refresh/episodes/88687956/replay/episode_88687956.json,0.7071067811865475,,validated_teacher_index
88688413,1,2,Yushin Ito,54773249,yushin_20260801,zip,C:\Users\shiba\ptcc_pokemon_ai_buttle\data\runs\alakazam\20260801_yushin_54773249_refresh.zip,20260801_yushin_54773249_refresh/episodes/88688413/replay/episode_88688413.json,0.7071067811865475,,validated_teacher_index
88688423,1,2,Yushin Ito,54773249,yushin_20260801,zip,C:\Users\shiba\ptcc_pokemon_ai_buttle\data\runs\alakazam\20260801_yushin_54773249_refresh.zip,20260801_yushin_54773249_refresh/episodes/88688423/replay/episode_88688423.json,0.7071067811865475,,validated_teacher_index
88688891,1,2,Yushin Ito,54773249,yushin_20260801,zip,C:\Users\shiba\ptcc_pokemon_ai_buttle\data\runs\alakazam\20260801_yushin_54773249_refresh.zip,20260801_yushin_54773249_refresh/episodes/88688891/replay/episode_88688891.json,0.7071067811865475,,validated_teacher_index
88689355,1,2,Yushin Ito,54773249,yushin_20260801,zip,C:\Users\shiba\ptcc_pokemon_ai_buttle\data\runs\alakazam\20260801_yushin_54773249_refresh.zip,20260801_yushin_54773249_refresh/episodes/88689355/replay/episode_88689355.json,0.7071067811865475,,validated_teacher_index
88689818,0,2,Yushin Ito,54773249,yushin_20260801,zip,C:\Users\shiba\ptcc_pokemon_ai_buttle\data\runs\alakazam\20260801_yushin_54773249_refresh.zip,20260801_yushin_54773249_refresh/episodes/88689818/replay/episode_88689818.json,0.7071067811865475,,validated_teacher_index
88690276,1,2,Yushin Ito,54773249,yushin_20260801,zip,C:\Users\shiba\ptcc_pokemon_ai_buttle\data\runs\alakazam\20260801_yushin_54773249_refresh.zip,20260801_yushin_54773249_refresh/episodes/88690276/replay/episode_88690276.json,0.7071067811865475,,validated_teacher_index
88690749,0,2,Yushin Ito,54773249,yushin_20260801,zip,C:\Users\shiba\ptcc_pokemon_ai_buttle\data\runs\alakazam\20260801_yushin_54773249_refresh.zip,20260801_yushin_54773249_refresh/episodes/88690749/replay/episode_88690749.json,0.7071067811865475,,validated_teacher_index
88691219,0,2,Yushin Ito,54773249,yushin_20260801,zip,C:\Users\shiba\ptcc_pokemon_ai_buttle\data\runs\alakazam\20260801_yushin_54773249_refresh.zip,20260801_yushin_54773249_refresh/episodes/88691219/replay/episode_88691219.json,0.7071067811865475,,validated_teacher_index
88691227,0,2,Yushin Ito,54773249,yushin_20260801,zip,C:\Users\shiba\ptcc_pokemon_ai_buttle\data\runs\alakazam\20260801_yushin_54773249_refresh.zip,20260801_yushin_54773249_refresh/episodes/88691227/replay/episode_88691227.json,0.7071067811865475,,validated_teacher_index
88691696,0,2,Yushin Ito,54773249,yushin_20260801,zip,C:\Users\shiba\ptcc_pokemon_ai_buttle\data\runs\alakazam\20260801_yushin_54773249_refresh.zip,20260801_yushin_54773249_refresh/episodes/88691696/replay/episode_88691696.json,0.7071067811865475,,validated_teacher_index
88692165,1,2,Yushin Ito,54773249,yushin_20260801,zip,C:\Users\shiba\ptcc_pokemon_ai_buttle\data\runs\alakazam\20260801_yushin_54773249_refresh.zip,20260801_yushin_54773249_refresh/episodes/88692165/replay/episode_88692165.json,0.7071067811865475,,validated_teacher_index
88692635,0,2,Yushin Ito,54773249,yushin_20260801,zip,C:\Users\shiba\ptcc_pokemon_ai_buttle\data\runs\alakazam\20260801_yushin_54773249_refresh.zip,20260801_yushin_54773249_refresh/episodes/88692635/replay/episode_88692635.json,0.7071067811865475,,validated_teacher_index
88692636,1,2,Yushin Ito,54773249,yushin_20260801,zip,C:\Users\shiba\ptcc_pokemon_ai_buttle\data\runs\alakazam\20260801_yushin_54773249_refresh.zip,20260801_yushin_54773249_refresh/episodes/88692636/replay/episode_88692636.json,0.7071067811865475,,validated_teacher_index
88693108,1,2,Yushin Ito,54773249,yushin_20260801,zip,C:\Users\shiba\ptcc_pokemon_ai_buttle\data\runs\alakazam\20260801_yushin_54773249_refresh.zip,20260801_yushin_54773249_refresh/episodes/88693108/replay/episode_88693108.json,0.7071067811865475,,validated_teacher_index
88693588,0,2,Yushin Ito,54773249,yushin_20260801,zip,C:\Users\shiba\ptcc_pokemon_ai_buttle\data\runs\alakazam\20260801_yushin_54773249_refresh.zip,20260801_yushin_54773249_refresh/episodes/88693588/replay/episode_88693588.json,0.7071067811865475,,validated_teacher_index
88694063,1,2,Yushin Ito,54773249,yushin_20260801,zip,C:\Users\shiba\ptcc_pokemon_ai_buttle\data\runs\alakazam\20260801_yushin_54773249_refresh.zip,20260801_yushin_54773249_refresh/episodes/88694063/replay/episode_88694063.json,0.7071067811865475,,validated_teacher_index
88694533,0,2,Yushin Ito,54773249,yushin_20260801,zip,C:\Users\shiba\ptcc_pokemon_ai_buttle\data\runs\alakazam\20260801_yushin_54773249_refresh.zip,20260801_yushin_54773249_refresh/episodes/88694533/replay/episode_88694533.json,0.7071067811865475,,validated_teacher_index
88694544,1,2,Yushin Ito,54773249,yushin_20260801,zip,C:\Users\shiba\ptcc_pokemon_ai_buttle\data\runs\alakazam\20260801_yushin_54773249_refresh.zip,20260801_yushin_54773249_refresh/episodes/88694544/replay/episode_88694544.json,0.7071067811865475,,validated_teacher_index
88695014,1,2,Yushin Ito,54773249,yushin_20260801,zip,C:\Users\shiba\ptcc_pokemon_ai_buttle\data\runs\alakazam\20260801_yushin_54773249_refresh.zip,20260801_yushin_54773249_refresh/episodes/88695014/replay/episode_88695014.json,0.7071067811865475,,validated_teacher_index
88695465,1,2,Yushin Ito,54773249,yushin_20260801,zip,C:\Users\shiba\ptcc_pokemon_ai_buttle\data\runs\alakazam\20260801_yushin_54773249_refresh.zip,20260801_yushin_54773249_refresh/episodes/88695465/replay/episode_88695465.json,0.7071067811865475,,validated_teacher_index
88695479,0,2,Yushin Ito,54773249,yushin_20260801,zip,C:\Users\shiba\ptcc_pokemon_ai_buttle\data\runs\alakazam\20260801_yushin_54773249_refresh.zip,20260801_yushin_54773249_refresh/episodes/88695479/replay/episode_88695479.json,0.7071067811865475,,validated_teacher_index
88695955,0,2,Yushin Ito,54773249,yushin_20260801,zip,C:\Users\shiba\ptcc_pokemon_ai_buttle\data\runs\alakazam\20260801_yushin_54773249_refresh.zip,20260801_yushin_54773249_refresh/episodes/88695955/replay/episode_88695955.json,0.7071067811865475,,validated_teacher_index
88696436,1,2,Yushin Ito,54773249,yushin_20260801,zip,C:\Users\shiba\ptcc_pokemon_ai_buttle\data\runs\alakazam\20260801_yushin_54773249_refresh.zip,20260801_yushin_54773249_refresh/episodes/88696436/replay/episode_88696436.json,0.7071067811865475,,validated_teacher_index
88696455,0,2,Yushin Ito,54773249,yushin_20260801,zip,C:\Users\shiba\ptcc_pokemon_ai_buttle\data\runs\alakazam\20260801_yushin_54773249_refresh.zip,20260801_yushin_54773249_refresh/episodes/88696455/replay/episode_88696455.json,0.7071067811865475,,validated_teacher_index
88696914,1,2,Yushin Ito,54773249,yushin_20260801,zip,C:\Users\shiba\ptcc_pokemon_ai_buttle\data\runs\alakazam\20260801_yushin_54773249_refresh.zip,20260801_yushin_54773249_refresh/episodes/88696914/replay/episode_88696914.json,0.7071067811865475,,validated_teacher_index
88697386,1,2,Yushin Ito,54773249,yushin_20260801,zip,C:\Users\shiba\ptcc_pokemon_ai_buttle\data\runs\alakazam\20260801_yushin_54773249_refresh.zip,20260801_yushin_54773249_refresh/episodes/88697386/replay/episode_88697386.json,0.7071067811865475,,validated_teacher_index
88697404,1,2,Yushin Ito,54773249,yushin_20260801,zip,C:\Users\shiba\ptcc_pokemon_ai_buttle\data\runs\alakazam\20260801_yushin_54773249_refresh.zip,20260801_yushin_54773249_refresh/episodes/88697404/replay/episode_88697404.json,0.7071067811865475,,validated_teacher_index
88697855,1,2,Yushin Ito,54773249,yushin_20260801,zip,C:\Users\shiba\ptcc_pokemon_ai_buttle\data\runs\alakazam\20260801_yushin_54773249_refresh.zip,20260801_yushin_54773249_refresh/episodes/88697855/replay/episode_88697855.json,0.7071067811865475,,validated_teacher_index
88698350,0,2,Yushin Ito,54773249,yushin_20260801,zip,C:\Users\shiba\ptcc_pokemon_ai_buttle\data\runs\alakazam\20260801_yushin_54773249_refresh.zip,20260801_yushin_54773249_refresh/episodes/88698350/replay/episode_88698350.json,0.7071067811865475,,validated_teacher_index
88698819,0,2,Yushin Ito,54773249,yushin_20260801,zip,C:\Users\shiba\ptcc_pokemon_ai_buttle\data\runs\alakazam\20260801_yushin_54773249_refresh.zip,20260801_yushin_54773249_refresh/episodes/88698819/replay/episode_88698819.json,0.7071067811865475,,validated_teacher_index
88699300,0,2,Yushin Ito,54773249,yushin_20260801,zip,C:\Users\shiba\ptcc_pokemon_ai_buttle\data\runs\alakazam\20260801_yushin_54773249_refresh.zip,20260801_yushin_54773249_refresh/episodes/88699300/replay/episode_88699300.json,0.7071067811865475,,validated_teacher_index
88699777,0,2,Yushin Ito,54773249,yushin_20260801,zip,C:\Users\shiba\ptcc_pokemon_ai_buttle\data\runs\alakazam\20260801_yushin_54773249_refresh.zip,20260801_yushin_54773249_refresh/episodes/88699777/replay/episode_88699777.json,0.7071067811865475,,validated_teacher_index
88700244,1,2,Yushin Ito,54773249,yushin_20260801,zip,C:\Users\shiba\ptcc_pokemon_ai_buttle\data\runs\alakazam\20260801_yushin_54773249_refresh.zip,20260801_yushin_54773249_refresh/episodes/88700244/replay/episode_88700244.json,0.7071067811865475,,validated_teacher_index
88700725,0,2,Yushin Ito,54773249,yushin_20260801,zip,C:\Users\shiba\ptcc_pokemon_ai_buttle\data\runs\alakazam\20260801_yushin_54773249_refresh.zip,20260801_yushin_54773249_refresh/episodes/88700725/replay/episode_88700725.json,0.7071067811865475,,validated_teacher_index
88701192,0,2,Yushin Ito,54773249,yushin_20260801,zip,C:\Users\shiba\ptcc_pokemon_ai_buttle\data\runs\alakazam\20260801_yushin_54773249_refresh.zip,20260801_yushin_54773249_refresh/episodes/88701192/replay/episode_88701192.json,0.7071067811865475,,validated_teacher_index
88701197,1,2,Yushin Ito,54773249,yushin_20260801,zip,C:\Users\shiba\ptcc_pokemon_ai_buttle\data\runs\alakazam\20260801_yushin_54773249_refresh.zip,20260801_yushin_54773249_refresh/episodes/88701197/replay/episode_88701197.json,0.7071067811865475,,validated_teacher_index
88701676,1,2,Yushin Ito,54773249,yushin_20260801,zip,C:\Users\shiba\ptcc_pokemon_ai_buttle\data\runs\alakazam\20260801_yushin_54773249_refresh.zip,20260801_yushin_54773249_refresh/episodes/88701676/replay/episode_88701676.json,0.7071067811865475,,validated_teacher_index
88702173,1,2,Yushin Ito,54773249,yushin_20260801,zip,C:\Users\shiba\ptcc_pokemon_ai_buttle\data\runs\alakazam\20260801_yushin_54773249_refresh.zip,20260801_yushin_54773249_refresh/episodes/88702173/replay/episode_88702173.json,0.7071067811865475,,validated_teacher_index
88702676,0,2,Yushin Ito,54773249,yushin_20260801,zip,C:\Users\shiba\ptcc_pokemon_ai_buttle\data\runs\alakazam\20260801_yushin_54773249_refresh.zip,20260801_yushin_54773249_refresh/episodes/88702676/replay/episode_88702676.json,0.7071067811865475,,validated_teacher_index
88703185,1,2,Yushin Ito,54773249,yushin_20260801,zip,C:\Users\shiba\ptcc_pokemon_ai_buttle\data\runs\alakazam\20260801_yushin_54773249_refresh.zip,20260801_yushin_54773249_refresh/episodes/88703185/replay/episode_88703185.json,0.7071067811865475,,validated_teacher_index
88705139,1,2,Yushin Ito,54773249,yushin_20260801,zip,C:\Users\shiba\ptcc_pokemon_ai_buttle\data\runs\alakazam\20260801_yushin_54773249_refresh.zip,20260801_yushin_54773249_refresh/episodes/88705139/replay/episode_88705139.json,0.7071067811865475,,validated_teacher_index
88718268,0,2,Yushin Ito,54773249,yushin_20260801,zip,C:\Users\shiba\ptcc_pokemon_ai_buttle\data\runs\alakazam\20260801_yushin_54773249_refresh.zip,20260801_yushin_54773249_refresh/episodes/88718268/replay/episode_88718268.json,0.7071067811865475,,validated_teacher_index
88719132,0,2,Yushin Ito,54773249,yushin_20260801,zip,C:\Users\shiba\ptcc_pokemon_ai_buttle\data\runs\alakazam\20260801_yushin_54773249_refresh.zip,20260801_yushin_54773249_refresh/episodes/88719132/replay/episode_88719132.json,0.7071067811865475,,validated_teacher_index
88724019,0,2,Yushin Ito,54773249,yushin_20260801,zip,C:\Users\shiba\ptcc_pokemon_ai_buttle\data\runs\alakazam\20260801_yushin_54773249_refresh.zip,20260801_yushin_54773249_refresh/episodes/88724019/replay/episode_88724019.json,0.7071067811865475,,validated_teacher_index
88733638,1,2,Yushin Ito,54773249,yushin_20260801,zip,C:\Users\shiba\ptcc_pokemon_ai_buttle\data\runs\alakazam\20260801_yushin_54773249_refresh.zip,20260801_yushin_54773249_refresh/episodes/88733638/replay/episode_88733638.json,0.7071067811865475,,validated_teacher_index
88737136,0,2,Yushin Ito,54773249,yushin_20260801,zip,C:\Users\shiba\ptcc_pokemon_ai_buttle\data\runs\alakazam\20260801_yushin_54773249_refresh.zip,20260801_yushin_54773249_refresh/episodes/88737136/replay/episode_88737136.json,0.7071067811865475,,validated_teacher_index
88740392,1,2,Yushin Ito,54773249,yushin_20260801,zip,C:\Users\shiba\ptcc_pokemon_ai_buttle\data\runs\alakazam\20260801_yushin_54773249_refresh.zip,20260801_yushin_54773249_refresh/episodes/88740392/replay/episode_88740392.json,0.7071067811865475,,validated_teacher_index
88744689,1,2,Yushin Ito,54773249,yushin_20260801,zip,C:\Users\shiba\ptcc_pokemon_ai_buttle\data\runs\alakazam\20260801_yushin_54773249_refresh.zip,20260801_yushin_54773249_refresh/episodes/88744689/replay/episode_88744689.json,0.7071067811865475,,validated_teacher_index
88748905,1,2,Yushin Ito,54773249,yushin_20260801,zip,C:\Users\shiba\ptcc_pokemon_ai_buttle\data\runs\alakazam\20260801_yushin_54773249_refresh.zip,20260801_yushin_54773249_refresh/episodes/88748905/replay/episode_88748905.json,0.7071067811865475,,validated_teacher_index
88749491,1,2,Yushin Ito,54773249,yushin_20260801,zip,C:\Users\shiba\ptcc_pokemon_ai_buttle\data\runs\alakazam\20260801_yushin_54773249_refresh.zip,20260801_yushin_54773249_refresh/episodes/88749491/replay/episode_88749491.json,0.7071067811865475,,validated_teacher_index
88759005,1,2,Yushin Ito,54773249,yushin_20260801,zip,C:\Users\shiba\ptcc_pokemon_ai_buttle\data\runs\alakazam\20260801_yushin_54773249_refresh.zip,20260801_yushin_54773249_refresh/episodes/88759005/replay/episode_88759005.json,0.7071067811865475,,validated_teacher_index
88759488,0,2,Yushin Ito,54773249,yushin_20260801,zip,C:\Users\shiba\ptcc_pokemon_ai_buttle\data\runs\alakazam\20260801_yushin_54773249_refresh.zip,20260801_yushin_54773249_refresh/episodes/88759488/replay/episode_88759488.json,0.7071067811865475,,validated_teacher_index
88760103,1,2,Yushin Ito,54773249,yushin_20260801,zip,C:\Users\shiba\ptcc_pokemon_ai_buttle\data\runs\alakazam\20260801_yushin_54773249_refresh.zip,20260801_yushin_54773249_refresh/episodes/88760103/replay/episode_88760103.json,0.7071067811865475,,validated_teacher_index
88763581,0,2,Yushin Ito,54773249,yushin_20260801,zip,C:\Users\shiba\ptcc_pokemon_ai_buttle\data\runs\alakazam\20260801_yushin_54773249_refresh.zip,20260801_yushin_54773249_refresh/episodes/88763581/replay/episode_88763581.json,0.7071067811865475,,validated_teacher_index
88764162,0,2,Yushin Ito,54773249,yushin_20260801,zip,C:\Users\shiba\ptcc_pokemon_ai_buttle\data\runs\alakazam\20260801_yushin_54773249_refresh.zip,20260801_yushin_54773249_refresh/episodes/88764162/replay/episode_88764162.json,0.7071067811865475,,validated_teacher_index
88764644,0,2,Yushin Ito,54773249,yushin_20260801,zip,C:\Users\shiba\ptcc_pokemon_ai_buttle\data\runs\alakazam\20260801_yushin_54773249_refresh.zip,20260801_yushin_54773249_refresh/episodes/88764644/replay/episode_88764644.json,0.7071067811865475,,validated_teacher_index
88774686,0,2,Yushin Ito,54773249,yushin_20260801,zip,C:\Users\shiba\ptcc_pokemon_ai_buttle\data\runs\alakazam\20260801_yushin_54773249_refresh.zip,20260801_yushin_54773249_refresh/episodes/88774686/replay/episode_88774686.json,0.7071067811865475,,validated_teacher_index
88774876,0,2,Yushin Ito,54773249,yushin_20260801,zip,C:\Users\shiba\ptcc_pokemon_ai_buttle\data\runs\alakazam\20260801_yushin_54773249_refresh.zip,20260801_yushin_54773249_refresh/episodes/88774876/replay/episode_88774876.json,0.7071067811865475,,validated_teacher_index
88784316,0,2,Yushin Ito,54773249,yushin_20260801,zip,C:\Users\shiba\ptcc_pokemon_ai_buttle\data\runs\alakazam\20260801_yushin_54773249_refresh.zip,20260801_yushin_54773249_refresh/episodes/88784316/replay/episode_88784316.json,0.7071067811865475,,validated_teacher_index
88786414,1,2,Yushin Ito,54773249,yushin_20260801,zip,C:\Users\shiba\ptcc_pokemon_ai_buttle\data\runs\alakazam\20260801_yushin_54773249_refresh.zip,20260801_yushin_54773249_refresh/episodes/88786414/replay/episode_88786414.json,0.7071067811865475,,validated_teacher_index
88790436,1,2,Yushin Ito,54773249,yushin_20260801,zip,C:\Users\shiba\ptcc_pokemon_ai_buttle\data\runs\alakazam\20260801_yushin_54773249_refresh.zip,20260801_yushin_54773249_refresh/episodes/88790436/replay/episode_88790436.json,0.7071067811865475,,validated_teacher_index
88799055,0,2,Yushin Ito,54773249,yushin_20260801,zip,C:\Users\shiba\ptcc_pokemon_ai_buttle\data\runs\alakazam\20260801_yushin_54773249_refresh.zip,20260801_yushin_54773249_refresh/episodes/88799055/replay/episode_88799055.json,0.7071067811865475,,validated_teacher_index
88801630,1,2,Yushin Ito,54773249,yushin_20260801,zip,C:\Users\shiba\ptcc_pokemon_ai_buttle\data\runs\alakazam\20260801_yushin_54773249_refresh.zip,20260801_yushin_54773249_refresh/episodes/88801630/replay/episode_88801630.json,0.7071067811865475,,validated_teacher_index
88802656,1,2,Yushin Ito,54773249,yushin_20260801,zip,C:\Users\shiba\ptcc_pokemon_ai_buttle\data\runs\alakazam\20260801_yushin_54773249_refresh.zip,20260801_yushin_54773249_refresh/episodes/88802656/replay/episode_88802656.json,0.7071067811865475,,validated_teacher_index
88811190,0,2,Yushin Ito,54773249,yushin_20260801,zip,C:\Users\shiba\ptcc_pokemon_ai_buttle\data\runs\alakazam\20260801_yushin_54773249_refresh.zip,20260801_yushin_54773249_refresh/episodes/88811190/replay/episode_88811190.json,0.7071067811865475,,validated_teacher_index
88812053,1,2,Yushin Ito,54773249,yushin_20260801,zip,C:\Users\shiba\ptcc_pokemon_ai_buttle\data\runs\alakazam\20260801_yushin_54773249_refresh.zip,20260801_yushin_54773249_refresh/episodes/88812053/replay/episode_88812053.json,0.7071067811865475,,validated_teacher_index
88815847,0,2,Yushin Ito,54773249,yushin_20260801,zip,C:\Users\shiba\ptcc_pokemon_ai_buttle\data\runs\alakazam\20260801_yushin_54773249_refresh.zip,20260801_yushin_54773249_refresh/episodes/88815847/replay/episode_88815847.json,0.7071067811865475,,validated_teacher_index
88820773,1,2,Yushin Ito,54773249,yushin_20260801,zip,C:\Users\shiba\ptcc_pokemon_ai_buttle\data\runs\alakazam\20260801_yushin_54773249_refresh.zip,20260801_yushin_54773249_refresh/episodes/88820773/replay/episode_88820773.json,0.7071067811865475,,validated_teacher_index
88821215,1,2,Yushin Ito,54773249,yushin_20260801,zip,C:\Users\shiba\ptcc_pokemon_ai_buttle\data\runs\alakazam\20260801_yushin_54773249_refresh.zip,20260801_yushin_54773249_refresh/episodes/88821215/replay/episode_88821215.json,0.7071067811865475,,validated_teacher_index
88821334,1,2,Yushin Ito,54773249,yushin_20260801,zip,C:\Users\shiba\ptcc_pokemon_ai_buttle\data\runs\alakazam\20260801_yushin_54773249_refresh.zip,20260801_yushin_54773249_refresh/episodes/88821334/replay/episode_88821334.json,0.7071067811865475,,validated_teacher_index
88825966,1,2,Yushin Ito,54773249,yushin_20260801,zip,C:\Users\shiba\ptcc_pokemon_ai_buttle\data\runs\alakazam\20260801_yushin_54773249_refresh.zip,20260801_yushin_54773249_refresh/episodes/88825966/replay/episode_88825966.json,0.7071067811865475,,validated_teacher_index
88835097,0,2,Yushin Ito,54773249,yushin_20260801,zip,C:\Users\shiba\ptcc_pokemon_ai_buttle\data\runs\alakazam\20260801_yushin_54773249_refresh.zip,20260801_yushin_54773249_refresh/episodes/88835097/replay/episode_88835097.json,0.7071067811865475,,validated_teacher_index
88836640,1,2,Yushin Ito,54773249,yushin_20260801,zip,C:\Users\shiba\ptcc_pokemon_ai_buttle\data\runs\alakazam\20260801_yushin_54773249_refresh.zip,20260801_yushin_54773249_refresh/episodes/88836640/replay/episode_88836640.json,0.7071067811865475,,validated_teacher_index
88837927,0,2,Yushin Ito,54773249,yushin_20260801,zip,C:\Users\shiba\ptcc_pokemon_ai_buttle\data\runs\alakazam\20260801_yushin_54773249_refresh.zip,20260801_yushin_54773249_refresh/episodes/88837927/replay/episode_88837927.json,0.7071067811865475,,validated_teacher_index
88839966,0,2,Yushin Ito,54773249,yushin_20260801,zip,C:\Users\shiba\ptcc_pokemon_ai_buttle\data\runs\alakazam\20260801_yushin_54773249_refresh.zip,20260801_yushin_54773249_refresh/episodes/88839966/replay/episode_88839966.json,0.7071067811865475,,validated_teacher_index
88846784,1,2,Yushin Ito,54773249,yushin_20260801,zip,C:\Users\shiba\ptcc_pokemon_ai_buttle\data\runs\alakazam\20260801_yushin_54773249_refresh.zip,20260801_yushin_54773249_refresh/episodes/88846784/replay/episode_88846784.json,0.7071067811865475,,validated_teacher_index
88854484,0,2,Yushin Ito,54773249,yushin_20260801,zip,C:\Users\shiba\ptcc_pokemon_ai_buttle\data\runs\alakazam\20260801_yushin_54773249_refresh.zip,20260801_yushin_54773249_refresh/episodes/88854484/replay/episode_88854484.json,0.7071067811865475,,validated_teacher_index
88854673,0,2,Yushin Ito,54773249,yushin_20260801,zip,C:\Users\shiba\ptcc_pokemon_ai_buttle\data\runs\alakazam\20260801_yushin_54773249_refresh.zip,20260801_yushin_54773249_refresh/episodes/88854673/replay/episode_88854673.json,0.7071067811865475,,validated_teacher_index
88855191,1,2,Yushin Ito,54773249,yushin_20260801,zip,C:\Users\shiba\ptcc_pokemon_ai_buttle\data\runs\alakazam\20260801_yushin_54773249_refresh.zip,20260801_yushin_54773249_refresh/episodes/88855191/replay/episode_88855191.json,0.7071067811865475,,validated_teacher_index
88858240,0,2,Yushin Ito,54773249,yushin_20260801,zip,C:\Users\shiba\ptcc_pokemon_ai_buttle\data\runs\alakazam\20260801_yushin_54773249_refresh.zip,20260801_yushin_54773249_refresh/episodes/88858240/replay/episode_88858240.json,0.7071067811865475,,validated_teacher_index
88860772,0,2,Yushin Ito,54773249,yushin_20260801,zip,C:\Users\shiba\ptcc_pokemon_ai_buttle\data\runs\alakazam\20260801_yushin_54773249_refresh.zip,20260801_yushin_54773249_refresh/episodes/88860772/replay/episode_88860772.json,0.7071067811865475,,validated_teacher_index
88861814,0,2,Yushin Ito,54773249,yushin_20260801,zip,C:\Users\shiba\ptcc_pokemon_ai_buttle\data\runs\alakazam\20260801_yushin_54773249_refresh.zip,20260801_yushin_54773249_refresh/episodes/88861814/replay/episode_88861814.json,0.7071067811865475,,validated_teacher_index
88862462,1,2,Yushin Ito,54773249,yushin_20260801,zip,C:\Users\shiba\ptcc_pokemon_ai_buttle\data\runs\alakazam\20260801_yushin_54773249_refresh.zip,20260801_yushin_54773249_refresh/episodes/88862462/replay/episode_88862462.json,0.7071067811865475,,validated_teacher_index
88862906,0,2,Yushin Ito,54773249,yushin_20260801,zip,C:\Users\shiba\ptcc_pokemon_ai_buttle\data\runs\alakazam\20260801_yushin_54773249_refresh.zip,20260801_yushin_54773249_refresh/episodes/88862906/replay/episode_88862906.json,0.7071067811865475,,validated_teacher_index
88863063,0,2,Yushin Ito,54773249,yushin_20260801,zip,C:\Users\shiba\ptcc_pokemon_ai_buttle\data\runs\alakazam\20260801_yushin_54773249_refresh.zip,20260801_yushin_54773249_refresh/episodes/88863063/replay/episode_88863063.json,0.7071067811865475,,validated_teacher_index
88863374,1,2,Yushin Ito,54773249,yushin_20260801,zip,C:\Users\shiba\ptcc_pokemon_ai_buttle\data\runs\alakazam\20260801_yushin_54773249_refresh.zip,20260801_yushin_54773249_refresh/episodes/88863374/replay/episode_88863374.json,0.7071067811865475,,validated_teacher_index
88863884,0,2,Yushin Ito,54773249,yushin_20260801,zip,C:\Users\shiba\ptcc_pokemon_ai_buttle\data\runs\alakazam\20260801_yushin_54773249_refresh.zip,20260801_yushin_54773249_refresh/episodes/88863884/replay/episode_88863884.json,0.7071067811865475,,validated_teacher_index
88864280,1,2,Yushin Ito,54773249,yushin_20260801,zip,C:\Users\shiba\ptcc_pokemon_ai_buttle\data\runs\alakazam\20260801_yushin_54773249_refresh.zip,20260801_yushin_54773249_refresh/episodes/88864280/replay/episode_88864280.json,0.7071067811865475,,validated_teacher_index
88864401,1,2,Yushin Ito,54773249,yushin_20260801,zip,C:\Users\shiba\ptcc_pokemon_ai_buttle\data\runs\alakazam\20260801_yushin_54773249_refresh.zip,20260801_yushin_54773249_refresh/episodes/88864401/replay/episode_88864401.json,0.7071067811865475,,validated_teacher_index
88864925,0,2,Yushin Ito,54773249,yushin_20260801,zip,C:\Users\shiba\ptcc_pokemon_ai_buttle\data\runs\alakazam\20260801_yushin_54773249_refresh.zip,20260801_yushin_54773249_refresh/episodes/88864925/replay/episode_88864925.json,0.7071067811865475,,validated_teacher_index
88865444,0,2,Yushin Ito,54773249,yushin_20260801,zip,C:\Users\shiba\ptcc_pokemon_ai_buttle\data\runs\alakazam\20260801_yushin_54773249_refresh.zip,20260801_yushin_54773249_refresh/episodes/88865444/replay/episode_88865444.json,0.7071067811865475,,validated_teacher_index
88865446,1,2,Yushin Ito,54773249,yushin_20260801,zip,C:\Users\shiba\ptcc_pokemon_ai_buttle\data\runs\alakazam\20260801_yushin_54773249_refresh.zip,20260801_yushin_54773249_refresh/episodes/88865446/replay/episode_88865446.json,0.7071067811865475,,validated_teacher_index
88865447,1,2,Yushin Ito,54773249,yushin_20260801,zip,C:\Users\shiba\ptcc_pokemon_ai_buttle\data\runs\alakazam\20260801_yushin_54773249_refresh.zip,20260801_yushin_54773249_refresh/episodes/88865447/replay/episode_88865447.json,0.7071067811865475,,validated_teacher_index
88865496,1,2,Yushin Ito,54773249,yushin_20260801,zip,C:\Users\shiba\ptcc_pokemon_ai_buttle\data\runs\alakazam\20260801_yushin_54773249_refresh.zip,20260801_yushin_54773249_refresh/episodes/88865496/replay/episode_88865496.json,0.7071067811865475,,validated_teacher_index
88865959,1,2,Yushin Ito,54773249,yushin_20260801,zip,C:\Users\shiba\ptcc_pokemon_ai_buttle\data\runs\alakazam\20260801_yushin_54773249_refresh.zip,20260801_yushin_54773249_refresh/episodes/88865959/replay/episode_88865959.json,0.7071067811865475,,validated_teacher_index
88865981,1,2,Yushin Ito,54773249,yushin_20260801,zip,C:\Users\shiba\ptcc_pokemon_ai_buttle\data\runs\alakazam\20260801_yushin_54773249_refresh.zip,20260801_yushin_54773249_refresh/episodes/88865981/replay/episode_88865981.json,0.7071067811865475,,validated_teacher_index
88866505,0,2,Yushin Ito,54773249,yushin_20260801,zip,C:\Users\shiba\ptcc_pokemon_ai_buttle\data\runs\alakazam\20260801_yushin_54773249_refresh.zip,20260801_yushin_54773249_refresh/episodes/88866505/replay/episode_88866505.json,0.7071067811865475,,validated_teacher_index
88867037,0,2,Yushin Ito,54773249,yushin_20260801,zip,C:\Users\shiba\ptcc_pokemon_ai_buttle\data\runs\alakazam\20260801_yushin_54773249_refresh.zip,20260801_yushin_54773249_refresh/episodes/88867037/replay/episode_88867037.json,0.7071067811865475,,validated_teacher_index
88867559,1,2,Yushin Ito,54773249,yushin_20260801,zip,C:\Users\shiba\ptcc_pokemon_ai_buttle\data\runs\alakazam\20260801_yushin_54773249_refresh.zip,20260801_yushin_54773249_refresh/episodes/88867559/replay/episode_88867559.json,0.7071067811865475,,validated_teacher_index
88868068,1,2,Yushin Ito,54773249,yushin_20260801,zip,C:\Users\shiba\ptcc_pokemon_ai_buttle\data\runs\alakazam\20260801_yushin_54773249_refresh.zip,20260801_yushin_54773249_refresh/episodes/88868068/replay/episode_88868068.json,0.7071067811865475,,validated_teacher_index
88868581,1,2,Yushin Ito,54773249,yushin_20260801,zip,C:\Users\shiba\ptcc_pokemon_ai_buttle\data\runs\alakazam\20260801_yushin_54773249_refresh.zip,20260801_yushin_54773249_refresh/episodes/88868581/replay/episode_88868581.json,0.7071067811865475,,validated_teacher_index
88869067,0,2,Yushin Ito,54773249,yushin_20260801,zip,C:\Users\shiba\ptcc_pokemon_ai_buttle\data\runs\alakazam\20260801_yushin_54773249_refresh.zip,20260801_yushin_54773249_refresh/episodes/88869067/replay/episode_88869067.json,0.7071067811865475,,validated_teacher_index
88869071,1,2,Yushin Ito,54773249,yushin_20260801,zip,C:\Users\shiba\ptcc_pokemon_ai_buttle\data\runs\alakazam\20260801_yushin_54773249_refresh.zip,20260801_yushin_54773249_refresh/episodes/88869071/replay/episode_88869071.json,0.7071067811865475,,validated_teacher_index
88869585,0,2,Yushin Ito,54773249,yushin_20260801,zip,C:\Users\shiba\ptcc_pokemon_ai_buttle\data\runs\alakazam\20260801_yushin_54773249_refresh.zip,20260801_yushin_54773249_refresh/episodes/88869585/replay/episode_88869585.json,0.7071067811865475,,validated_teacher_index
88870094,0,2,Yushin Ito,54773249,yushin_20260801,zip,C:\Users\shiba\ptcc_pokemon_ai_buttle\data\runs\alakazam\20260801_yushin_54773249_refresh.zip,20260801_yushin_54773249_refresh/episodes/88870094/replay/episode_88870094.json,0.7071067811865475,,validated_teacher_index
88870616,0,2,Yushin Ito,54773249,yushin_20260801,zip,C:\Users\shiba\ptcc_pokemon_ai_buttle\data\runs\alakazam\20260801_yushin_54773249_refresh.zip,20260801_yushin_54773249_refresh/episodes/88870616/replay/episode_88870616.json,0.7071067811865475,,validated_teacher_index
88871129,0,2,Yushin Ito,54773249,yushin_20260801,zip,C:\Users\shiba\ptcc_pokemon_ai_buttle\data\runs\alakazam\20260801_yushin_54773249_refresh.zip,20260801_yushin_54773249_refresh/episodes/88871129/replay/episode_88871129.json,0.7071067811865475,,validated_teacher_index
88871281,1,2,Yushin Ito,54773249,yushin_20260801,zip,C:\Users\shiba\ptcc_pokemon_ai_buttle\data\runs\alakazam\20260801_yushin_54773249_refresh.zip,20260801_yushin_54773249_refresh/episodes/88871281/replay/episode_88871281.json,0.7071067811865475,,validated_teacher_index
88871640,1,2,Yushin Ito,54773249,yushin_20260801,zip,C:\Users\shiba\ptcc_pokemon_ai_buttle\data\runs\alakazam\20260801_yushin_54773249_refresh.zip,20260801_yushin_54773249_refresh/episodes/88871640/replay/episode_88871640.json,0.7071067811865475,,validated_teacher_index
88871747,1,2,Yushin Ito,54773249,yushin_20260801,zip,C:\Users\shiba\ptcc_pokemon_ai_buttle\data\runs\alakazam\20260801_yushin_54773249_refresh.zip,20260801_yushin_54773249_refresh/episodes/88871747/replay/episode_88871747.json,0.7071067811865475,,validated_teacher_index
88872154,0,2,Yushin Ito,54773249,yushin_20260801,zip,C:\Users\shiba\ptcc_pokemon_ai_buttle\data\runs\alakazam\20260801_yushin_54773249_refresh.zip,20260801_yushin_54773249_refresh/episodes/88872154/replay/episode_88872154.json,0.7071067811865475,,validated_teacher_index
88872671,1,2,Yushin Ito,54773249,yushin_20260801,zip,C:\Users\shiba\ptcc_pokemon_ai_buttle\data\runs\alakazam\20260801_yushin_54773249_refresh.zip,20260801_yushin_54773249_refresh/episodes/88872671/replay/episode_88872671.json,0.7071067811865475,,validated_teacher_index
88873157,1,2,Yushin Ito,54773249,yushin_20260801,zip,C:\Users\shiba\ptcc_pokemon_ai_buttle\data\runs\alakazam\20260801_yushin_54773249_refresh.zip,20260801_yushin_54773249_refresh/episodes/88873157/replay/episode_88873157.json,0.7071067811865475,,validated_teacher_index
88873178,1,2,Yushin Ito,54773249,yushin_20260801,zip,C:\Users\shiba\ptcc_pokemon_ai_buttle\data\runs\alakazam\20260801_yushin_54773249_refresh.zip,20260801_yushin_54773249_refresh/episodes/88873178/replay/episode_88873178.json,0.7071067811865475,,validated_teacher_index
88873228,1,2,Yushin Ito,54773249,yushin_20260801,zip,C:\Users\shiba\ptcc_pokemon_ai_buttle\data\runs\alakazam\20260801_yushin_54773249_refresh.zip,20260801_yushin_54773249_refresh/episodes/88873228/replay/episode_88873228.json,0.7071067811865475,,validated_teacher_index
88873707,0,2,Yushin Ito,54773249,yushin_20260801,zip,C:\Users\shiba\ptcc_pokemon_ai_buttle\data\runs\alakazam\20260801_yushin_54773249_refresh.zip,20260801_yushin_54773249_refresh/episodes/88873707/replay/episode_88873707.json,0.7071067811865475,,validated_teacher_index
88874202,1,2,Yushin Ito,54773249,yushin_20260801,zip,C:\Users\shiba\ptcc_pokemon_ai_buttle\data\runs\alakazam\20260801_yushin_54773249_refresh.zip,20260801_yushin_54773249_refresh/episodes/88874202/replay/episode_88874202.json,0.7071067811865475,,validated_teacher_index
88874224,0,2,Yushin Ito,54773249,yushin_20260801,zip,C:\Users\shiba\ptcc_pokemon_ai_buttle\data\runs\alakazam\20260801_yushin_54773249_refresh.zip,20260801_yushin_54773249_refresh/episodes/88874224/replay/episode_88874224.json,0.7071067811865475,,validated_teacher_index
88874295,1,2,Yushin Ito,54773249,yushin_20260801,zip,C:\Users\shiba\ptcc_pokemon_ai_buttle\data\runs\alakazam\20260801_yushin_54773249_refresh.zip,20260801_yushin_54773249_refresh/episodes/88874295/replay/episode_88874295.json,0.7071067811865475,,validated_teacher_index
88874744,0,2,Yushin Ito,54773249,yushin_20260801,zip,C:\Users\shiba\ptcc_pokemon_ai_buttle\data\runs\alakazam\20260801_yushin_54773249_refresh.zip,20260801_yushin_54773249_refresh/episodes/88874744/replay/episode_88874744.json,0.7071067811865475,,validated_teacher_index
88875247,1,2,Yushin Ito,54773249,yushin_20260801,zip,C:\Users\shiba\ptcc_pokemon_ai_buttle\data\runs\alakazam\20260801_yushin_54773249_refresh.zip,20260801_yushin_54773249_refresh/episodes/88875247/replay/episode_88875247.json,0.7071067811865475,,validated_teacher_index
88875253,0,2,Yushin Ito,54773249,yushin_20260801,zip,C:\Users\shiba\ptcc_pokemon_ai_buttle\data\runs\alakazam\20260801_yushin_54773249_refresh.zip,20260801_yushin_54773249_refresh/episodes/88875253/replay/episode_88875253.json,0.7071067811865475,,validated_teacher_index
88875777,1,2,Yushin Ito,54773249,yushin_20260801,zip,C:\Users\shiba\ptcc_pokemon_ai_buttle\data\runs\alakazam\20260801_yushin_54773249_refresh.zip,20260801_yushin_54773249_refresh/episodes/88875777/replay/episode_88875777.json,0.7071067811865475,,validated_teacher_index
88876295,1,2,Yushin Ito,54773249,yushin_20260801,zip,C:\Users\shiba\ptcc_pokemon_ai_buttle\data\runs\alakazam\20260801_yushin_54773249_refresh.zip,20260801_yushin_54773249_refresh/episodes/88876295/replay/episode_88876295.json,0.7071067811865475,,validated_teacher_index
88876901,0,2,Yushin Ito,54773249,yushin_20260801,zip,C:\Users\shiba\ptcc_pokemon_ai_buttle\data\runs\alakazam\20260801_yushin_54773249_refresh.zip,20260801_yushin_54773249_refresh/episodes/88876901/replay/episode_88876901.json,0.7071067811865475,,validated_teacher_index
88877331,1,2,Yushin Ito,54773249,yushin_20260801,zip,C:\Users\shiba\ptcc_pokemon_ai_buttle\data\runs\alakazam\20260801_yushin_54773249_refresh.zip,20260801_yushin_54773249_refresh/episodes/88877331/replay/episode_88877331.json,0.7071067811865475,,validated_teacher_index
88877840,1,2,Yushin Ito,54773249,yushin_20260801,zip,C:\Users\shiba\ptcc_pokemon_ai_buttle\data\runs\alakazam\20260801_yushin_54773249_refresh.zip,20260801_yushin_54773249_refresh/episodes/88877840/replay/episode_88877840.json,0.7071067811865475,,validated_teacher_index
88878328,1,2,Yushin Ito,54773249,yushin_20260801,zip,C:\Users\shiba\ptcc_pokemon_ai_buttle\data\runs\alakazam\20260801_yushin_54773249_refresh.zip,20260801_yushin_54773249_refresh/episodes/88878328/replay/episode_88878328.json,0.7071067811865475,,validated_teacher_index
88878784,1,2,Yushin Ito,54773249,yushin_20260801,zip,C:\Users\shiba\ptcc_pokemon_ai_buttle\data\runs\alakazam\20260801_yushin_54773249_refresh.zip,20260801_yushin_54773249_refresh/episodes/88878784/replay/episode_88878784.json,0.7071067811865475,,validated_teacher_index
88879224,1,2,Yushin Ito,54773249,yushin_20260801,zip,C:\Users\shiba\ptcc_pokemon_ai_buttle\data\runs\alakazam\20260801_yushin_54773249_refresh.zip,20260801_yushin_54773249_refresh/episodes/88879224/replay/episode_88879224.json,0.7071067811865475,,validated_teacher_index
88879241,1,2,Yushin Ito,54773249,yushin_20260801,zip,C:\Users\shiba\ptcc_pokemon_ai_buttle\data\runs\alakazam\20260801_yushin_54773249_refresh.zip,20260801_yushin_54773249_refresh/episodes/88879241/replay/episode_88879241.json,0.7071067811865475,,validated_teacher_index
88879256,1,2,Yushin Ito,54773249,yushin_20260801,zip,C:\Users\shiba\ptcc_pokemon_ai_buttle\data\runs\alakazam\20260801_yushin_54773249_refresh.zip,20260801_yushin_54773249_refresh/episodes/88879256/replay/episode_88879256.json,0.7071067811865475,,validated_teacher_index
88879279,0,2,Yushin Ito,54773249,yushin_20260801,zip,C:\Users\shiba\ptcc_pokemon_ai_buttle\data\runs\alakazam\20260801_yushin_54773249_refresh.zip,20260801_yushin_54773249_refresh/episodes/88879279/replay/episode_88879279.json,0.7071067811865475,,validated_teacher_index
88879685,0,2,Yushin Ito,54773249,yushin_20260801,zip,C:\Users\shiba\ptcc_pokemon_ai_buttle\data\runs\alakazam\20260801_yushin_54773249_refresh.zip,20260801_yushin_54773249_refresh/episodes/88879685/replay/episode_88879685.json,0.7071067811865475,,validated_teacher_index
88879691,0,2,Yushin Ito,54773249,yushin_20260801,zip,C:\Users\shiba\ptcc_pokemon_ai_buttle\data\runs\alakazam\20260801_yushin_54773249_refresh.zip,20260801_yushin_54773249_refresh/episodes/88879691/replay/episode_88879691.json,0.7071067811865475,,validated_teacher_index
88880127,1,2,Yushin Ito,54773249,yushin_20260801,zip,C:\Users\shiba\ptcc_pokemon_ai_buttle\data\runs\alakazam\20260801_yushin_54773249_refresh.zip,20260801_yushin_54773249_refresh/episodes/88880127/replay/episode_88880127.json,0.7071067811865475,,validated_teacher_index
88880134,1,2,Yushin Ito,54773249,yushin_20260801,zip,C:\Users\shiba\ptcc_pokemon_ai_buttle\data\runs\alakazam\20260801_yushin_54773249_refresh.zip,20260801_yushin_54773249_refresh/episodes/88880134/replay/episode_88880134.json,0.7071067811865475,,validated_teacher_index
88880570,1,2,Yushin Ito,54773249,yushin_20260801,zip,C:\Users\shiba\ptcc_pokemon_ai_buttle\data\runs\alakazam\20260801_yushin_54773249_refresh.zip,20260801_yushin_54773249_refresh/episodes/88880570/replay/episode_88880570.json,0.7071067811865475,,validated_teacher_index
88880580,1,2,Yushin Ito,54773249,yushin_20260801,zip,C:\Users\shiba\ptcc_pokemon_ai_buttle\data\runs\alakazam\20260801_yushin_54773249_refresh.zip,20260801_yushin_54773249_refresh/episodes/88880580/replay/episode_88880580.json,0.7071067811865475,,validated_teacher_index
88881073,0,2,Yushin Ito,54773249,yushin_20260801,zip,C:\Users\shiba\ptcc_pokemon_ai_buttle\data\runs\alakazam\20260801_yushin_54773249_refresh.zip,20260801_yushin_54773249_refresh/episodes/88881073/replay/episode_88881073.json,0.7071067811865475,,validated_teacher_index
88881506,0,2,Yushin Ito,54773249,yushin_20260801,zip,C:\Users\shiba\ptcc_pokemon_ai_buttle\data\runs\alakazam\20260801_yushin_54773249_refresh.zip,20260801_yushin_54773249_refresh/episodes/88881506/replay/episode_88881506.json,0.7071067811865475,,validated_teacher_index
88881526,1,2,Yushin Ito,54773249,yushin_20260801,zip,C:\Users\shiba\ptcc_pokemon_ai_buttle\data\runs\alakazam\20260801_yushin_54773249_refresh.zip,20260801_yushin_54773249_refresh/episodes/88881526/replay/episode_88881526.json,0.7071067811865475,,validated_teacher_index
88881999,1,2,Yushin Ito,54773249,yushin_20260801,zip,C:\Users\shiba\ptcc_pokemon_ai_buttle\data\runs\alakazam\20260801_yushin_54773249_refresh.zip,20260801_yushin_54773249_refresh/episodes/88881999/replay/episode_88881999.json,0.7071067811865475,,validated_teacher_index
88882468,1,2,Yushin Ito,54773249,yushin_20260801,zip,C:\Users\shiba\ptcc_pokemon_ai_buttle\data\runs\alakazam\20260801_yushin_54773249_refresh.zip,20260801_yushin_54773249_refresh/episodes/88882468/replay/episode_88882468.json,0.7071067811865475,,validated_teacher_index
88882918,1,2,Yushin Ito,54773249,yushin_20260801,zip,C:\Users\shiba\ptcc_pokemon_ai_buttle\data\runs\alakazam\20260801_yushin_54773249_refresh.zip,20260801_yushin_54773249_refresh/episodes/88882918/replay/episode_88882918.json,0.7071067811865475,,validated_teacher_index
88883371,1,2,Yushin Ito,54773249,yushin_20260801,zip,C:\Users\shiba\ptcc_pokemon_ai_buttle\data\runs\alakazam\20260801_yushin_54773249_refresh.zip,20260801_yushin_54773249_refresh/episodes/88883371/replay/episode_88883371.json,0.7071067811865475,,validated_teacher_index
88883824,1,2,Yushin Ito,54773249,yushin_20260801,zip,C:\Users\shiba\ptcc_pokemon_ai_buttle\data\runs\alakazam\20260801_yushin_54773249_refresh.zip,20260801_yushin_54773249_refresh/episodes/88883824/replay/episode_88883824.json,0.7071067811865475,,validated_teacher_index
88884287,0,2,Yushin Ito,54773249,yushin_20260801,zip,C:\Users\shiba\ptcc_pokemon_ai_buttle\data\runs\alakazam\20260801_yushin_54773249_refresh.zip,20260801_yushin_54773249_refresh/episodes/88884287/replay/episode_88884287.json,0.7071067811865475,,validated_teacher_index
88884733,1,2,Yushin Ito,54773249,yushin_20260801,zip,C:\Users\shiba\ptcc_pokemon_ai_buttle\data\runs\alakazam\20260801_yushin_54773249_refresh.zip,20260801_yushin_54773249_refresh/episodes/88884733/replay/episode_88884733.json,0.7071067811865475,,validated_teacher_index
88884734,0,2,Yushin Ito,54773249,yushin_20260801,zip,C:\Users\shiba\ptcc_pokemon_ai_buttle\data\runs\alakazam\20260801_yushin_54773249_refresh.zip,20260801_yushin_54773249_refresh/episodes/88884734/replay/episode_88884734.json,0.7071067811865475,,validated_teacher_index
88885178,1,2,Yushin Ito,54773249,yushin_20260801,zip,C:\Users\shiba\ptcc_pokemon_ai_buttle\data\runs\alakazam\20260801_yushin_54773249_refresh.zip,20260801_yushin_54773249_refresh/episodes/88885178/replay/episode_88885178.json,0.7071067811865475,,validated_teacher_index
88885630,0,2,Yushin Ito,54773249,yushin_20260801,zip,C:\Users\shiba\ptcc_pokemon_ai_buttle\data\runs\alakazam\20260801_yushin_54773249_refresh.zip,20260801_yushin_54773249_refresh/episodes/88885630/replay/episode_88885630.json,0.7071067811865475,,validated_teacher_index
88886090,0,2,Yushin Ito,54773249,yushin_20260801,zip,C:\Users\shiba\ptcc_pokemon_ai_buttle\data\runs\alakazam\20260801_yushin_54773249_refresh.zip,20260801_yushin_54773249_refresh/episodes/88886090/replay/episode_88886090.json,0.7071067811865475,,validated_teacher_index
88886100,0,2,Yushin Ito,54773249,yushin_20260801,zip,C:\Users\shiba\ptcc_pokemon_ai_buttle\data\runs\alakazam\20260801_yushin_54773249_refresh.zip,20260801_yushin_54773249_refresh/episodes/88886100/replay/episode_88886100.json,0.7071067811865475,,validated_teacher_index
88886128,1,2,Yushin Ito,54773249,yushin_20260801,zip,C:\Users\shiba\ptcc_pokemon_ai_buttle\data\runs\alakazam\20260801_yushin_54773249_refresh.zip,20260801_yushin_54773249_refresh/episodes/88886128/replay/episode_88886128.json,0.7071067811865475,,validated_teacher_index
88886540,0,2,Yushin Ito,54773249,yushin_20260801,zip,C:\Users\shiba\ptcc_pokemon_ai_buttle\data\runs\alakazam\20260801_yushin_54773249_refresh.zip,20260801_yushin_54773249_refresh/episodes/88886540/replay/episode_88886540.json,0.7071067811865475,,validated_teacher_index
88886999,0,2,Yushin Ito,54773249,yushin_20260801,zip,C:\Users\shiba\ptcc_pokemon_ai_buttle\data\runs\alakazam\20260801_yushin_54773249_refresh.zip,20260801_yushin_54773249_refresh/episodes/88886999/replay/episode_88886999.json,0.7071067811865475,,validated_teacher_index
88887467,1,2,Yushin Ito,54773249,yushin_20260801,zip,C:\Users\shiba\ptcc_pokemon_ai_buttle\data\runs\alakazam\20260801_yushin_54773249_refresh.zip,20260801_yushin_54773249_refresh/episodes/88887467/replay/episode_88887467.json,0.7071067811865475,,validated_teacher_index
88887936,1,2,Yushin Ito,54773249,yushin_20260801,zip,C:\Users\shiba\ptcc_pokemon_ai_buttle\data\runs\alakazam\20260801_yushin_54773249_refresh.zip,20260801_yushin_54773249_refresh/episodes/88887936/replay/episode_88887936.json,0.7071067811865475,,validated_teacher_index
88888439,1,2,Yushin Ito,54773249,yushin_20260801,zip,C:\Users\shiba\ptcc_pokemon_ai_buttle\data\runs\alakazam\20260801_yushin_54773249_refresh.zip,20260801_yushin_54773249_refresh/episodes/88888439/replay/episode_88888439.json,0.7071067811865475,,validated_teacher_index
88888928,1,2,Yushin Ito,54773249,yushin_20260801,zip,C:\Users\shiba\ptcc_pokemon_ai_buttle\data\runs\alakazam\20260801_yushin_54773249_refresh.zip,20260801_yushin_54773249_refresh/episodes/88888928/replay/episode_88888928.json,0.7071067811865475,,validated_teacher_index
88889384,1,2,Yushin Ito,54773249,yushin_20260801,zip,C:\Users\shiba\ptcc_pokemon_ai_buttle\data\runs\alakazam\20260801_yushin_54773249_refresh.zip,20260801_yushin_54773249_refresh/episodes/88889384/replay/episode_88889384.json,0.7071067811865475,,validated_teacher_index
88889923,0,2,Yushin Ito,54773249,yushin_20260801,zip,C:\Users\shiba\ptcc_pokemon_ai_buttle\data\runs\alakazam\20260801_yushin_54773249_refresh.zip,20260801_yushin_54773249_refresh/episodes/88889923/replay/episode_88889923.json,0.7071067811865475,,validated_teacher_index
88890355,1,2,Yushin Ito,54773249,yushin_20260801,zip,C:\Users\shiba\ptcc_pokemon_ai_buttle\data\runs\alakazam\20260801_yushin_54773249_refresh.zip,20260801_yushin_54773249_refresh/episodes/88890355/replay/episode_88890355.json,0.7071067811865475,,validated_teacher_index
88890771,0,2,Yushin Ito,54773249,yushin_20260801,zip,C:\Users\shiba\ptcc_pokemon_ai_buttle\data\runs\alakazam\20260801_yushin_54773249_refresh.zip,20260801_yushin_54773249_refresh/episodes/88890771/replay/episode_88890771.json,0.7071067811865475,,validated_teacher_index
88890791,0,2,Yushin Ito,54773249,yushin_20260801,zip,C:\Users\shiba\ptcc_pokemon_ai_buttle\data\runs\alakazam\20260801_yushin_54773249_refresh.zip,20260801_yushin_54773249_refresh/episodes/88890791/replay/episode_88890791.json,0.7071067811865475,,validated_teacher_index
88891293,1,2,Yushin Ito,54773249,yushin_20260801,zip,C:\Users\shiba\ptcc_pokemon_ai_buttle\data\runs\alakazam\20260801_yushin_54773249_refresh.zip,20260801_yushin_54773249_refresh/episodes/88891293/replay/episode_88891293.json,0.7071067811865475,,validated_teacher_index
88891719,1,2,Yushin Ito,54773249,yushin_20260801,zip,C:\Users\shiba\ptcc_pokemon_ai_buttle\data\runs\alakazam\20260801_yushin_54773249_refresh.zip,20260801_yushin_54773249_refresh/episodes/88891719/replay/episode_88891719.json,0.7071067811865475,,validated_teacher_index
88891747,0,2,Yushin Ito,54773249,yushin_20260801,zip,C:\Users\shiba\ptcc_pokemon_ai_buttle\data\runs\alakazam\20260801_yushin_54773249_refresh.zip,20260801_yushin_54773249_refresh/episodes/88891747/replay/episode_88891747.json,0.7071067811865475,,validated_teacher_index
88892154,1,2,Yushin Ito,54773249,yushin_20260801,zip,C:\Users\shiba\ptcc_pokemon_ai_buttle\data\runs\alakazam\20260801_yushin_54773249_refresh.zip,20260801_yushin_54773249_refresh/episodes/88892154/replay/episode_88892154.json,0.7071067811865475,,validated_teacher_index
88892184,1,2,Yushin Ito,54773249,yushin_20260801,zip,C:\Users\shiba\ptcc_pokemon_ai_buttle\data\runs\alakazam\20260801_yushin_54773249_refresh.zip,20260801_yushin_54773249_refresh/episodes/88892184/replay/episode_88892184.json,0.7071067811865475,,validated_teacher_index
88892702,1,2,Yushin Ito,54773249,yushin_20260801,zip,C:\Users\shiba\ptcc_pokemon_ai_buttle\data\runs\alakazam\20260801_yushin_54773249_refresh.zip,20260801_yushin_54773249_refresh/episodes/88892702/replay/episode_88892702.json,0.7071067811865475,,validated_teacher_index
88893111,0,2,Yushin Ito,54773249,yushin_20260801,zip,C:\Users\shiba\ptcc_pokemon_ai_buttle\data\runs\alakazam\20260801_yushin_54773249_refresh.zip,20260801_yushin_54773249_refresh/episodes/88893111/replay/episode_88893111.json,0.7071067811865475,,validated_teacher_index
88893567,0,2,Yushin Ito,54773249,yushin_20260801,zip,C:\Users\shiba\ptcc_pokemon_ai_buttle\data\runs\alakazam\20260801_yushin_54773249_refresh.zip,20260801_yushin_54773249_refresh/episodes/88893567/replay/episode_88893567.json,0.7071067811865475,,validated_teacher_index
88894041,1,2,Yushin Ito,54773249,yushin_20260801,zip,C:\Users\shiba\ptcc_pokemon_ai_buttle\data\runs\alakazam\20260801_yushin_54773249_refresh.zip,20260801_yushin_54773249_refresh/episodes/88894041/replay/episode_88894041.json,0.7071067811865475,,validated_teacher_index
88894382,0,2,Yushin Ito,54773249,yushin_20260801,zip,C:\Users\shiba\ptcc_pokemon_ai_buttle\data\runs\alakazam\20260801_yushin_54773249_refresh.zip,20260801_yushin_54773249_refresh/episodes/88894382/replay/episode_88894382.json,0.7071067811865475,,validated_teacher_index
88894428,1,2,Yushin Ito,54773249,yushin_20260801,zip,C:\Users\shiba\ptcc_pokemon_ai_buttle\data\runs\alakazam\20260801_yushin_54773249_refresh.zip,20260801_yushin_54773249_refresh/episodes/88894428/replay/episode_88894428.json,0.7071067811865475,,validated_teacher_index
88894913,0,2,Yushin Ito,54773249,yushin_20260801,zip,C:\Users\shiba\ptcc_pokemon_ai_buttle\data\runs\alakazam\20260801_yushin_54773249_refresh.zip,20260801_yushin_54773249_refresh/episodes/88894913/replay/episode_88894913.json,0.7071067811865475,,validated_teacher_index
88895395,0,2,Yushin Ito,54773249,yushin_20260801,zip,C:\Users\shiba\ptcc_pokemon_ai_buttle\data\runs\alakazam\20260801_yushin_54773249_refresh.zip,20260801_yushin_54773249_refresh/episodes/88895395/replay/episode_88895395.json,0.7071067811865475,,validated_teacher_index
88895892,1,2,Yushin Ito,54773249,yushin_20260801,zip,C:\Users\shiba\ptcc_pokemon_ai_buttle\data\runs\alakazam\20260801_yushin_54773249_refresh.zip,20260801_yushin_54773249_refresh/episodes/88895892/replay/episode_88895892.json,0.7071067811865475,,validated_teacher_index
88901983,1,2,Yushin Ito,54773249,yushin_20260801,zip,C:\Users\shiba\ptcc_pokemon_ai_buttle\data\runs\alakazam\20260801_yushin_54773249_refresh.zip,20260801_yushin_54773249_refresh/episodes/88901983/replay/episode_88901983.json,0.7071067811865475,,validated_teacher_index
88909814,1,2,Yushin Ito,54773249,yushin_20260801,zip,C:\Users\shiba\ptcc_pokemon_ai_buttle\data\runs\alakazam\20260801_yushin_54773249_refresh.zip,20260801_yushin_54773249_refresh/episodes/88909814/replay/episode_88909814.json,0.7071067811865475,,validated_teacher_index
88917395,0,2,Yushin Ito,54773249,yushin_20260801,zip,C:\Users\shiba\ptcc_pokemon_ai_buttle\data\runs\alakazam\20260801_yushin_54773249_refresh.zip,20260801_yushin_54773249_refresh/episodes/88917395/replay/episode_88917395.json,0.7071067811865475,,validated_teacher_index
88919217,1,2,Yushin Ito,54773249,yushin_20260801,zip,C:\Users\shiba\ptcc_pokemon_ai_buttle\data\runs\alakazam\20260801_yushin_54773249_refresh.zip,20260801_yushin_54773249_refresh/episodes/88919217/replay/episode_88919217.json,0.7071067811865475,,validated_teacher_index
88922693,1,2,Yushin Ito,54773249,yushin_20260801,zip,C:\Users\shiba\ptcc_pokemon_ai_buttle\data\runs\alakazam\20260801_yushin_54773249_refresh.zip,20260801_yushin_54773249_refresh/episodes/88922693/replay/episode_88922693.json,0.7071067811865475,,validated_teacher_index
88929943,1,2,Yushin Ito,54773249,yushin_20260801,zip,C:\Users\shiba\ptcc_pokemon_ai_buttle\data\runs\alakazam\20260801_yushin_54773249_refresh.zip,20260801_yushin_54773249_refresh/episodes/88929943/replay/episode_88929943.json,0.7071067811865475,,validated_teacher_index
88931267,0,2,Yushin Ito,54773249,yushin_20260801,zip,C:\Users\shiba\ptcc_pokemon_ai_buttle\data\runs\alakazam\20260801_yushin_54773249_refresh.zip,20260801_yushin_54773249_refresh/episodes/88931267/replay/episode_88931267.json,0.7071067811865475,,validated_teacher_index
88932010,1,2,Yushin Ito,54773249,yushin_20260801,zip,C:\Users\shiba\ptcc_pokemon_ai_buttle\data\runs\alakazam\20260801_yushin_54773249_refresh.zip,20260801_yushin_54773249_refresh/episodes/88932010/replay/episode_88932010.json,0.7071067811865475,,validated_teacher_index
88933868,1,2,Yushin Ito,54773249,yushin_20260801,zip,C:\Users\shiba\ptcc_pokemon_ai_buttle\data\runs\alakazam\20260801_yushin_54773249_refresh.zip,20260801_yushin_54773249_refresh/episodes/88933868/replay/episode_88933868.json,0.7071067811865475,,validated_teacher_index
88934830,1,2,Yushin Ito,54773249,yushin_20260801,zip,C:\Users\shiba\ptcc_pokemon_ai_buttle\data\runs\alakazam\20260801_yushin_54773249_refresh.zip,20260801_yushin_54773249_refresh/episodes/88934830/replay/episode_88934830.json,0.7071067811865475,,validated_teacher_index
88936298,0,2,Yushin Ito,54773249,yushin_20260801,zip,C:\Users\shiba\ptcc_pokemon_ai_buttle\data\runs\alakazam\20260801_yushin_54773249_refresh.zip,20260801_yushin_54773249_refresh/episodes/88936298/replay/episode_88936298.json,0.7071067811865475,,validated_teacher_index
88938542,1,2,Yushin Ito,54773249,yushin_20260801,zip,C:\Users\shiba\ptcc_pokemon_ai_buttle\data\runs\alakazam\20260801_yushin_54773249_refresh.zip,20260801_yushin_54773249_refresh/episodes/88938542/replay/episode_88938542.json,0.7071067811865475,,validated_teacher_index
88940956,1,2,Yushin Ito,54773249,yushin_20260801,zip,C:\Users\shiba\ptcc_pokemon_ai_buttle\data\runs\alakazam\20260801_yushin_54773249_refresh.zip,20260801_yushin_54773249_refresh/episodes/88940956/replay/episode_88940956.json,0.7071067811865475,,validated_teacher_index
88947702,0,2,Yushin Ito,54773249,yushin_20260801,zip,C:\Users\shiba\ptcc_pokemon_ai_buttle\data\runs\alakazam\20260801_yushin_54773249_refresh.zip,20260801_yushin_54773249_refresh/episodes/88947702/replay/episode_88947702.json,0.7071067811865475,,validated_teacher_index
88950137,0,2,Yushin Ito,54773249,yushin_20260801,zip,C:\Users\shiba\ptcc_pokemon_ai_buttle\data\runs\alakazam\20260801_yushin_54773249_refresh.zip,20260801_yushin_54773249_refresh/episodes/88950137/replay/episode_88950137.json,0.7071067811865475,,validated_teacher_index
88952168,1,2,Yushin Ito,54773249,yushin_20260801,zip,C:\Users\shiba\ptcc_pokemon_ai_buttle\data\runs\alakazam\20260801_yushin_54773249_refresh.zip,20260801_yushin_54773249_refresh/episodes/88952168/replay/episode_88952168.json,0.7071067811865475,,validated_teacher_index
88953071,1,2,Yushin Ito,54773249,yushin_20260801,zip,C:\Users\shiba\ptcc_pokemon_ai_buttle\data\runs\alakazam\20260801_yushin_54773249_refresh.zip,20260801_yushin_54773249_refresh/episodes/88953071/replay/episode_88953071.json,0.7071067811865475,,validated_teacher_index
88954462,0,2,Yushin Ito,54773249,yushin_20260801,zip,C:\Users\shiba\ptcc_pokemon_ai_buttle\data\runs\alakazam\20260801_yushin_54773249_refresh.zip,20260801_yushin_54773249_refresh/episodes/88954462/replay/episode_88954462.json,0.7071067811865475,,validated_teacher_index
88954886,0,2,Yushin Ito,54773249,yushin_20260801,zip,C:\Users\shiba\ptcc_pokemon_ai_buttle\data\runs\alakazam\20260801_yushin_54773249_refresh.zip,20260801_yushin_54773249_refresh/episodes/88954886/replay/episode_88954886.json,0.7071067811865475,,validated_teacher_index
88956147,0,2,Yushin Ito,54773249,yushin_20260801,zip,C:\Users\shiba\ptcc_pokemon_ai_buttle\data\runs\alakazam\20260801_yushin_54773249_refresh.zip,20260801_yushin_54773249_refresh/episodes/88956147/replay/episode_88956147.json,0.7071067811865475,,validated_teacher_index
88956537,1,2,Yushin Ito,54773249,yushin_20260801,zip,C:\Users\shiba\ptcc_pokemon_ai_buttle\data\runs\alakazam\20260801_yushin_54773249_refresh.zip,20260801_yushin_54773249_refresh/episodes/88956537/replay/episode_88956537.json,0.7071067811865475,,validated_teacher_index
88957619,0,2,Yushin Ito,54773249,yushin_20260801,zip,C:\Users\shiba\ptcc_pokemon_ai_buttle\data\runs\alakazam\20260801_yushin_54773249_refresh.zip,20260801_yushin_54773249_refresh/episodes/88957619/replay/episode_88957619.json,0.7071067811865475,,validated_teacher_index
88964589,0,2,Yushin Ito,54773249,yushin_20260801,zip,C:\Users\shiba\ptcc_pokemon_ai_buttle\data\runs\alakazam\20260801_yushin_54773249_refresh.zip,20260801_yushin_54773249_refresh/episodes/88964589/replay/episode_88964589.json,0.7071067811865475,,validated_teacher_index
88965928,1,2,Yushin Ito,54773249,yushin_20260801,zip,C:\Users\shiba\ptcc_pokemon_ai_buttle\data\runs\alakazam\20260801_yushin_54773249_refresh.zip,20260801_yushin_54773249_refresh/episodes/88965928/replay/episode_88965928.json,0.7071067811865475,,validated_teacher_index
88971706,1,2,Yushin Ito,54773249,yushin_20260801,zip,C:\Users\shiba\ptcc_pokemon_ai_buttle\data\runs\alakazam\20260801_yushin_54773249_refresh.zip,20260801_yushin_54773249_refresh/episodes/88971706/replay/episode_88971706.json,0.7071067811865475,,validated_teacher_index
88971845,0,2,Yushin Ito,54773249,yushin_20260801,zip,C:\Users\shiba\ptcc_pokemon_ai_buttle\data\runs\alakazam\20260801_yushin_54773249_refresh.zip,20260801_yushin_54773249_refresh/episodes/88971845/replay/episode_88971845.json,0.7071067811865475,,validated_teacher_index
88972453,0,2,Yushin Ito,54773249,yushin_20260801,zip,C:\Users\shiba\ptcc_pokemon_ai_buttle\data\runs\alakazam\20260801_yushin_54773249_refresh.zip,20260801_yushin_54773249_refresh/episodes/88972453/replay/episode_88972453.json,0.7071067811865475,,validated_teacher_index
88979558,0,2,Yushin Ito,54773249,yushin_20260801,zip,C:\Users\shiba\ptcc_pokemon_ai_buttle\data\runs\alakazam\20260801_yushin_54773249_refresh.zip,20260801_yushin_54773249_refresh/episodes/88979558/replay/episode_88979558.json,0.7071067811865475,,validated_teacher_index
88989686,0,2,Yushin Ito,54773249,yushin_20260801,zip,C:\Users\shiba\ptcc_pokemon_ai_buttle\data\runs\alakazam\20260801_yushin_54773249_refresh.zip,20260801_yushin_54773249_refresh/episodes/88989686/replay/episode_88989686.json,0.7071067811865475,,validated_teacher_index
88993979,1,2,Yushin Ito,54773249,yushin_20260801,zip,C:\Users\shiba\ptcc_pokemon_ai_buttle\data\runs\alakazam\20260801_yushin_54773249_refresh.zip,20260801_yushin_54773249_refresh/episodes/88993979/replay/episode_88993979.json,0.7071067811865475,,validated_teacher_index
88996713,1,2,Yushin Ito,54773249,yushin_20260801,zip,C:\Users\shiba\ptcc_pokemon_ai_buttle\data\runs\alakazam\20260801_yushin_54773249_refresh.zip,20260801_yushin_54773249_refresh/episodes/88996713/replay/episode_88996713.json,0.7071067811865475,,validated_teacher_index
88998087,0,2,Yushin Ito,54773249,yushin_20260801,zip,C:\Users\shiba\ptcc_pokemon_ai_buttle\data\runs\alakazam\20260801_yushin_54773249_refresh.zip,20260801_yushin_54773249_refresh/episodes/88998087/replay/episode_88998087.json,0.7071067811865475,,validated_teacher_index
89003658,0,2,Yushin Ito,54773249,yushin_20260801,zip,C:\Users\shiba\ptcc_pokemon_ai_buttle\data\runs\alakazam\20260801_yushin_54773249_refresh.zip,20260801_yushin_54773249_refresh/episodes/89003658/replay/episode_89003658.json,0.7071067811865475,,validated_teacher_index
89005155,0,2,Yushin Ito,54773249,yushin_20260801,zip,C:\Users\shiba\ptcc_pokemon_ai_buttle\data\runs\alakazam\20260801_yushin_54773249_refresh.zip,20260801_yushin_54773249_refresh/episodes/89005155/replay/episode_89005155.json,0.7071067811865475,,validated_teacher_index
89014515,0,2,Yushin Ito,54773249,yushin_20260801,zip,C:\Users\shiba\ptcc_pokemon_ai_buttle\data\runs\alakazam\20260801_yushin_54773249_refresh.zip,20260801_yushin_54773249_refresh/episodes/89014515/replay/episode_89014515.json,0.7071067811865475,,validated_teacher_index
89020573,0,2,Yushin Ito,54773249,yushin_20260801,zip,C:\Users\shiba\ptcc_pokemon_ai_buttle\data\runs\alakazam\20260801_yushin_54773249_refresh.zip,20260801_yushin_54773249_refresh/episodes/89020573/replay/episode_89020573.json,0.7071067811865475,,validated_teacher_index
89022255,1,2,Yushin Ito,54773249,yushin_20260801,zip,C:\Users\shiba\ptcc_pokemon_ai_buttle\data\runs\alakazam\20260801_yushin_54773249_refresh.zip,20260801_yushin_54773249_refresh/episodes/89022255/replay/episode_89022255.json,0.7071067811865475,,validated_teacher_index
89023650,0,2,Yushin Ito,54773249,yushin_20260801,zip,C:\Users\shiba\ptcc_pokemon_ai_buttle\data\runs\alakazam\20260801_yushin_54773249_refresh.zip,20260801_yushin_54773249_refresh/episodes/89023650/replay/episode_89023650.json,0.7071067811865475,,validated_teacher_index
89024895,1,2,Yushin Ito,54773249,yushin_20260801,zip,C:\Users\shiba\ptcc_pokemon_ai_buttle\data\runs\alakazam\20260801_yushin_54773249_refresh.zip,20260801_yushin_54773249_refresh/episodes/89024895/replay/episode_89024895.json,0.7071067811865475,,validated_teacher_index
89028061,0,2,Yushin Ito,54773249,yushin_20260801,zip,C:\Users\shiba\ptcc_pokemon_ai_buttle\data\runs\alakazam\20260801_yushin_54773249_refresh.zip,20260801_yushin_54773249_refresh/episodes/89028061/replay/episode_89028061.json,0.7071067811865475,,validated_teacher_index
89029032,0,2,Yushin Ito,54773249,yushin_20260801,zip,C:\Users\shiba\ptcc_pokemon_ai_buttle\data\runs\alakazam\20260801_yushin_54773249_refresh.zip,20260801_yushin_54773249_refresh/episodes/89029032/replay/episode_89029032.json,0.7071067811865475,,validated_teacher_index
89029376,1,2,Yushin Ito,54773249,yushin_20260801,zip,C:\Users\shiba\ptcc_pokemon_ai_buttle\data\runs\alakazam\20260801_yushin_54773249_refresh.zip,20260801_yushin_54773249_refresh/episodes/89029376/replay/episode_89029376.json,0.7071067811865475,,validated_teacher_index
89029443,0,2,Yushin Ito,54773249,yushin_20260801,zip,C:\Users\shiba\ptcc_pokemon_ai_buttle\data\runs\alakazam\20260801_yushin_54773249_refresh.zip,20260801_yushin_54773249_refresh/episodes/89029443/replay/episode_89029443.json,0.7071067811865475,,validated_teacher_index
89029896,0,2,Yushin Ito,54773249,yushin_20260801,zip,C:\Users\shiba\ptcc_pokemon_ai_buttle\data\runs\alakazam\20260801_yushin_54773249_refresh.zip,20260801_yushin_54773249_refresh/episodes/89029896/replay/episode_89029896.json,0.7071067811865475,,validated_teacher_index
89030374,1,2,Yushin Ito,54773249,yushin_20260801,zip,C:\Users\shiba\ptcc_pokemon_ai_buttle\data\runs\alakazam\20260801_yushin_54773249_refresh.zip,20260801_yushin_54773249_refresh/episodes/89030374/replay/episode_89030374.json,0.7071067811865475,,validated_teacher_index
89030818,0,2,Yushin Ito,54773249,yushin_20260801,zip,C:\Users\shiba\ptcc_pokemon_ai_buttle\data\runs\alakazam\20260801_yushin_54773249_refresh.zip,20260801_yushin_54773249_refresh/episodes/89030818/replay/episode_89030818.json,0.7071067811865475,,validated_teacher_index
89031239,0,2,Yushin Ito,54773249,yushin_20260801,zip,C:\Users\shiba\ptcc_pokemon_ai_buttle\data\runs\alakazam\20260801_yushin_54773249_refresh.zip,20260801_yushin_54773249_refresh/episodes/89031239/replay/episode_89031239.json,0.7071067811865475,,validated_teacher_index
89031670,0,2,Yushin Ito,54773249,yushin_20260801,zip,C:\Users\shiba\ptcc_pokemon_ai_buttle\data\runs\alakazam\20260801_yushin_54773249_refresh.zip,20260801_yushin_54773249_refresh/episodes/89031670/replay/episode_89031670.json,0.7071067811865475,,validated_teacher_index
89031688,0,2,Yushin Ito,54773249,yushin_20260801,zip,C:\Users\shiba\ptcc_pokemon_ai_buttle\data\runs\alakazam\20260801_yushin_54773249_refresh.zip,20260801_yushin_54773249_refresh/episodes/89031688/replay/episode_89031688.json,0.7071067811865475,,validated_teacher_index
89031712,0,2,Yushin Ito,54773249,yushin_20260801,zip,C:\Users\shiba\ptcc_pokemon_ai_buttle\data\runs\alakazam\20260801_yushin_54773249_refresh.zip,20260801_yushin_54773249_refresh/episodes/89031712/replay/episode_89031712.json,0.7071067811865475,,validated_teacher_index
89032129,0,2,Yushin Ito,54773249,yushin_20260801,zip,C:\Users\shiba\ptcc_pokemon_ai_buttle\data\runs\alakazam\20260801_yushin_54773249_refresh.zip,20260801_yushin_54773249_refresh/episodes/89032129/replay/episode_89032129.json,0.7071067811865475,,validated_teacher_index
89032197,0,2,Yushin Ito,54773249,yushin_20260801,zip,C:\Users\shiba\ptcc_pokemon_ai_buttle\data\runs\alakazam\20260801_yushin_54773249_refresh.zip,20260801_yushin_54773249_refresh/episodes/89032197/replay/episode_89032197.json,0.7071067811865475,,validated_teacher_index
89032204,0,2,Yushin Ito,54773249,yushin_20260801,zip,C:\Users\shiba\ptcc_pokemon_ai_buttle\data\runs\alakazam\20260801_yushin_54773249_refresh.zip,20260801_yushin_54773249_refresh/episodes/89032204/replay/episode_89032204.json,0.7071067811865475,,validated_teacher_index
89033217,1,2,Yushin Ito,54773249,yushin_20260801,zip,C:\Users\shiba\ptcc_pokemon_ai_buttle\data\runs\alakazam\20260801_yushin_54773249_refresh.zip,20260801_yushin_54773249_refresh/episodes/89033217/replay/episode_89033217.json,0.7071067811865475,,validated_teacher_index
89033505,1,2,Yushin Ito,54773249,yushin_20260801,zip,C:\Users\shiba\ptcc_pokemon_ai_buttle\data\runs\alakazam\20260801_yushin_54773249_refresh.zip,20260801_yushin_54773249_refresh/episodes/89033505/replay/episode_89033505.json,0.7071067811865475,,validated_teacher_index
89033523,0,2,Yushin Ito,54773249,yushin_20260801,zip,C:\Users\shiba\ptcc_pokemon_ai_buttle\data\runs\alakazam\20260801_yushin_54773249_refresh.zip,20260801_yushin_54773249_refresh/episodes/89033523/replay/episode_89033523.json,0.7071067811865475,,validated_teacher_index
89033973,1,2,Yushin Ito,54773249,yushin_20260801,zip,C:\Users\shiba\ptcc_pokemon_ai_buttle\data\runs\alakazam\20260801_yushin_54773249_refresh.zip,20260801_yushin_54773249_refresh/episodes/89033973/replay/episode_89033973.json,0.7071067811865475,,validated_teacher_index
89034164,1,2,Yushin Ito,54773249,yushin_20260801,zip,C:\Users\shiba\ptcc_pokemon_ai_buttle\data\runs\alakazam\20260801_yushin_54773249_refresh.zip,20260801_yushin_54773249_refresh/episodes/89034164/replay/episode_89034164.json,0.7071067811865475,,validated_teacher_index
89034492,1,2,Yushin Ito,54773249,yushin_20260801,zip,C:\Users\shiba\ptcc_pokemon_ai_buttle\data\runs\alakazam\20260801_yushin_54773249_refresh.zip,20260801_yushin_54773249_refresh/episodes/89034492/replay/episode_89034492.json,0.7071067811865475,,validated_teacher_index
89034951,1,2,Yushin Ito,54773249,yushin_20260801,zip,C:\Users\shiba\ptcc_pokemon_ai_buttle\data\runs\alakazam\20260801_yushin_54773249_refresh.zip,20260801_yushin_54773249_refresh/episodes/89034951/replay/episode_89034951.json,0.7071067811865475,,validated_teacher_index
89035413,1,2,Yushin Ito,54773249,yushin_20260801,zip,C:\Users\shiba\ptcc_pokemon_ai_buttle\data\runs\alakazam\20260801_yushin_54773249_refresh.zip,20260801_yushin_54773249_refresh/episodes/89035413/replay/episode_89035413.json,0.7071067811865475,,validated_teacher_index
89035836,0,2,Yushin Ito,54773249,yushin_20260801,zip,C:\Users\shiba\ptcc_pokemon_ai_buttle\data\runs\alakazam\20260801_yushin_54773249_refresh.zip,20260801_yushin_54773249_refresh/episodes/89035836/replay/episode_89035836.json,0.7071067811865475,,validated_teacher_index
89036263,0,2,Yushin Ito,54773249,yushin_20260801,zip,C:\Users\shiba\ptcc_pokemon_ai_buttle\data\runs\alakazam\20260801_yushin_54773249_refresh.zip,20260801_yushin_54773249_refresh/episodes/89036263/replay/episode_89036263.json,0.7071067811865475,,validated_teacher_index
89036276,0,2,Yushin Ito,54773249,yushin_20260801,zip,C:\Users\shiba\ptcc_pokemon_ai_buttle\data\runs\alakazam\20260801_yushin_54773249_refresh.zip,20260801_yushin_54773249_refresh/episodes/89036276/replay/episode_89036276.json,0.7071067811865475,,validated_teacher_index
89036792,1,2,Yushin Ito,54773249,yushin_20260801,zip,C:\Users\shiba\ptcc_pokemon_ai_buttle\data\runs\alakazam\20260801_yushin_54773249_refresh.zip,20260801_yushin_54773249_refresh/episodes/89036792/replay/episode_89036792.json,0.7071067811865475,,validated_teacher_index
89037299,0,2,Yushin Ito,54773249,yushin_20260801,zip,C:\Users\shiba\ptcc_pokemon_ai_buttle\data\runs\alakazam\20260801_yushin_54773249_refresh.zip,20260801_yushin_54773249_refresh/episodes/89037299/replay/episode_89037299.json,0.7071067811865475,,validated_teacher_index
89037713,0,2,Yushin Ito,54773249,yushin_20260801,zip,C:\Users\shiba\ptcc_pokemon_ai_buttle\data\runs\alakazam\20260801_yushin_54773249_refresh.zip,20260801_yushin_54773249_refresh/episodes/89037713/replay/episode_89037713.json,0.7071067811865475,,validated_teacher_index
89038148,0,2,Yushin Ito,54773249,yushin_20260801,zip,C:\Users\shiba\ptcc_pokemon_ai_buttle\data\runs\alakazam\20260801_yushin_54773249_refresh.zip,20260801_yushin_54773249_refresh/episodes/89038148/replay/episode_89038148.json,0.7071067811865475,,validated_teacher_index
89038575,0,2,Yushin Ito,54773249,yushin_20260801,zip,C:\Users\shiba\ptcc_pokemon_ai_buttle\data\runs\alakazam\20260801_yushin_54773249_refresh.zip,20260801_yushin_54773249_refresh/episodes/89038575/replay/episode_89038575.json,0.7071067811865475,,validated_teacher_index
89038601,1,2,Yushin Ito,54773249,yushin_20260801,zip,C:\Users\shiba\ptcc_pokemon_ai_buttle\data\runs\alakazam\20260801_yushin_54773249_refresh.zip,20260801_yushin_54773249_refresh/episodes/89038601/replay/episode_89038601.json,0.7071067811865475,,validated_teacher_index
89039056,0,2,Yushin Ito,54773249,yushin_20260801,zip,C:\Users\shiba\ptcc_pokemon_ai_buttle\data\runs\alakazam\20260801_yushin_54773249_refresh.zip,20260801_yushin_54773249_refresh/episodes/89039056/replay/episode_89039056.json,0.7071067811865475,,validated_teacher_index
89039456,1,2,Yushin Ito,54773249,yushin_20260801,zip,C:\Users\shiba\ptcc_pokemon_ai_buttle\data\runs\alakazam\20260801_yushin_54773249_refresh.zip,20260801_yushin_54773249_refresh/episodes/89039456/replay/episode_89039456.json,0.7071067811865475,,validated_teacher_index
89039509,0,2,Yushin Ito,54773249,yushin_20260801,zip,C:\Users\shiba\ptcc_pokemon_ai_buttle\data\runs\alakazam\20260801_yushin_54773249_refresh.zip,20260801_yushin_54773249_refresh/episodes/89039509/replay/episode_89039509.json,0.7071067811865475,,validated_teacher_index
89040017,0,2,Yushin Ito,54773249,yushin_20260801,zip,C:\Users\shiba\ptcc_pokemon_ai_buttle\data\runs\alakazam\20260801_yushin_54773249_refresh.zip,20260801_yushin_54773249_refresh/episodes/89040017/replay/episode_89040017.json,0.7071067811865475,,validated_teacher_index
89040493,1,2,Yushin Ito,54773249,yushin_20260801,zip,C:\Users\shiba\ptcc_pokemon_ai_buttle\data\runs\alakazam\20260801_yushin_54773249_refresh.zip,20260801_yushin_54773249_refresh/episodes/89040493/replay/episode_89040493.json,0.7071067811865475,,validated_teacher_index
89040913,1,2,Yushin Ito,54773249,yushin_20260801,zip,C:\Users\shiba\ptcc_pokemon_ai_buttle\data\runs\alakazam\20260801_yushin_54773249_refresh.zip,20260801_yushin_54773249_refresh/episodes/89040913/replay/episode_89040913.json,0.7071067811865475,,validated_teacher_index
89041332,1,2,Yushin Ito,54773249,yushin_20260801,zip,C:\Users\shiba\ptcc_pokemon_ai_buttle\data\runs\alakazam\20260801_yushin_54773249_refresh.zip,20260801_yushin_54773249_refresh/episodes/89041332/replay/episode_89041332.json,0.7071067811865475,,validated_teacher_index
89041348,0,2,Yushin Ito,54773249,yushin_20260801,zip,C:\Users\shiba\ptcc_pokemon_ai_buttle\data\runs\alakazam\20260801_yushin_54773249_refresh.zip,20260801_yushin_54773249_refresh/episodes/89041348/replay/episode_89041348.json,0.7071067811865475,,validated_teacher_index
89041790,0,2,Yushin Ito,54773249,yushin_20260801,zip,C:\Users\shiba\ptcc_pokemon_ai_buttle\data\runs\alakazam\20260801_yushin_54773249_refresh.zip,20260801_yushin_54773249_refresh/episodes/89041790/replay/episode_89041790.json,0.7071067811865475,,validated_teacher_index
89041797,0,2,Yushin Ito,54773249,yushin_20260801,zip,C:\Users\shiba\ptcc_pokemon_ai_buttle\data\runs\alakazam\20260801_yushin_54773249_refresh.zip,20260801_yushin_54773249_refresh/episodes/89041797/replay/episode_89041797.json,0.7071067811865475,,validated_teacher_index
89042256,0,2,Yushin Ito,54773249,yushin_20260801,zip,C:\Users\shiba\ptcc_pokemon_ai_buttle\data\runs\alakazam\20260801_yushin_54773249_refresh.zip,20260801_yushin_54773249_refresh/episodes/89042256/replay/episode_89042256.json,0.7071067811865475,,validated_teacher_index
89042710,0,2,Yushin Ito,54773249,yushin_20260801,zip,C:\Users\shiba\ptcc_pokemon_ai_buttle\data\runs\alakazam\20260801_yushin_54773249_refresh.zip,20260801_yushin_54773249_refresh/episodes/89042710/replay/episode_89042710.json,0.7071067811865475,,validated_teacher_index
89043162,1,2,Yushin Ito,54773249,yushin_20260801,zip,C:\Users\shiba\ptcc_pokemon_ai_buttle\data\runs\alakazam\20260801_yushin_54773249_refresh.zip,20260801_yushin_54773249_refresh/episodes/89043162/replay/episode_89043162.json,0.7071067811865475,,validated_teacher_index
89043648,1,2,Yushin Ito,54773249,yushin_20260801,zip,C:\Users\shiba\ptcc_pokemon_ai_buttle\data\runs\alakazam\20260801_yushin_54773249_refresh.zip,20260801_yushin_54773249_refresh/episodes/89043648/replay/episode_89043648.json,0.7071067811865475,,validated_teacher_index
89044127,1,2,Yushin Ito,54773249,yushin_20260801,zip,C:\Users\shiba\ptcc_pokemon_ai_buttle\data\runs\alakazam\20260801_yushin_54773249_refresh.zip,20260801_yushin_54773249_refresh/episodes/89044127/replay/episode_89044127.json,0.7071067811865475,,validated_teacher_index
89044161,1,2,Yushin Ito,54773249,yushin_20260801,zip,C:\Users\shiba\ptcc_pokemon_ai_buttle\data\runs\alakazam\20260801_yushin_54773249_refresh.zip,20260801_yushin_54773249_refresh/episodes/89044161/replay/episode_89044161.json,0.7071067811865475,,validated_teacher_index
89044299,1,2,Yushin Ito,54773249,yushin_20260801,zip,C:\Users\shiba\ptcc_pokemon_ai_buttle\data\runs\alakazam\20260801_yushin_54773249_refresh.zip,20260801_yushin_54773249_refresh/episodes/89044299/replay/episode_89044299.json,0.7071067811865475,,validated_teacher_index
89044634,1,2,Yushin Ito,54773249,yushin_20260801,zip,C:\Users\shiba\ptcc_pokemon_ai_buttle\data\runs\alakazam\20260801_yushin_54773249_refresh.zip,20260801_yushin_54773249_refresh/episodes/89044634/replay/episode_89044634.json,0.7071067811865475,,validated_teacher_index
89044650,1,2,Yushin Ito,54773249,yushin_20260801,zip,C:\Users\shiba\ptcc_pokemon_ai_buttle\data\runs\alakazam\20260801_yushin_54773249_refresh.zip,20260801_yushin_54773249_refresh/episodes/89044650/replay/episode_89044650.json,0.7071067811865475,,validated_teacher_index
89044709,1,2,Yushin Ito,54773249,yushin_20260801,zip,C:\Users\shiba\ptcc_pokemon_ai_buttle\data\runs\alakazam\20260801_yushin_54773249_refresh.zip,20260801_yushin_54773249_refresh/episodes/89044709/replay/episode_89044709.json,0.7071067811865475,,validated_teacher_index
89045136,0,2,Yushin Ito,54773249,yushin_20260801,zip,C:\Users\shiba\ptcc_pokemon_ai_buttle\data\runs\alakazam\20260801_yushin_54773249_refresh.zip,20260801_yushin_54773249_refresh/episodes/89045136/replay/episode_89045136.json,0.7071067811865475,,validated_teacher_index
89045641,1,2,Yushin Ito,54773249,yushin_20260801,zip,C:\Users\shiba\ptcc_pokemon_ai_buttle\data\runs\alakazam\20260801_yushin_54773249_refresh.zip,20260801_yushin_54773249_refresh/episodes/89045641/replay/episode_89045641.json,0.7071067811865475,,validated_teacher_index
89045791,1,2,Yushin Ito,54773249,yushin_20260801,zip,C:\Users\shiba\ptcc_pokemon_ai_buttle\data\runs\alakazam\20260801_yushin_54773249_refresh.zip,20260801_yushin_54773249_refresh/episodes/89045791/replay/episode_89045791.json,0.7071067811865475,,validated_teacher_index
89046108,1,2,Yushin Ito,54773249,yushin_20260801,zip,C:\Users\shiba\ptcc_pokemon_ai_buttle\data\runs\alakazam\20260801_yushin_54773249_refresh.zip,20260801_yushin_54773249_refresh/episodes/89046108/replay/episode_89046108.json,0.7071067811865475,,validated_teacher_index
89046199,0,2,Yushin Ito,54773249,yushin_20260801,zip,C:\Users\shiba\ptcc_pokemon_ai_buttle\data\runs\alakazam\20260801_yushin_54773249_refresh.zip,20260801_yushin_54773249_refresh/episodes/89046199/replay/episode_89046199.json,0.7071067811865475,,validated_teacher_index
89046226,0,2,Yushin Ito,54773249,yushin_20260801,zip,C:\Users\shiba\ptcc_pokemon_ai_buttle\data\runs\alakazam\20260801_yushin_54773249_refresh.zip,20260801_yushin_54773249_refresh/episodes/89046226/replay/episode_89046226.json,0.7071067811865475,,validated_teacher_index
89046428,1,2,Yushin Ito,54773249,yushin_20260801,zip,C:\Users\shiba\ptcc_pokemon_ai_buttle\data\runs\alakazam\20260801_yushin_54773249_refresh.zip,20260801_yushin_54773249_refresh/episodes/89046428/replay/episode_89046428.json,0.7071067811865475,,validated_teacher_index
89046619,0,2,Yushin Ito,54773249,yushin_20260801,zip,C:\Users\shiba\ptcc_pokemon_ai_buttle\data\runs\alakazam\20260801_yushin_54773249_refresh.zip,20260801_yushin_54773249_refresh/episodes/89046619/replay/episode_89046619.json,0.7071067811865475,,validated_teacher_index
89046709,0,2,Yushin Ito,54773249,yushin_20260801,zip,C:\Users\shiba\ptcc_pokemon_ai_buttle\data\runs\alakazam\20260801_yushin_54773249_refresh.zip,20260801_yushin_54773249_refresh/episodes/89046709/replay/episode_89046709.json,0.7071067811865475,,validated_teacher_index
89047172,0,2,Yushin Ito,54773249,yushin_20260801,zip,C:\Users\shiba\ptcc_pokemon_ai_buttle\data\runs\alakazam\20260801_yushin_54773249_refresh.zip,20260801_yushin_54773249_refresh/episodes/89047172/replay/episode_89047172.json,0.7071067811865475,,validated_teacher_index
89047208,0,2,Yushin Ito,54773249,yushin_20260801,zip,C:\Users\shiba\ptcc_pokemon_ai_buttle\data\runs\alakazam\20260801_yushin_54773249_refresh.zip,20260801_yushin_54773249_refresh/episodes/89047208/replay/episode_89047208.json,0.7071067811865475,,validated_teacher_index
89047629,1,2,Yushin Ito,54773249,yushin_20260801,zip,C:\Users\shiba\ptcc_pokemon_ai_buttle\data\runs\alakazam\20260801_yushin_54773249_refresh.zip,20260801_yushin_54773249_refresh/episodes/89047629/replay/episode_89047629.json,0.7071067811865475,,validated_teacher_index
89047662,0,2,Yushin Ito,54773249,yushin_20260801,zip,C:\Users\shiba\ptcc_pokemon_ai_buttle\data\runs\alakazam\20260801_yushin_54773249_refresh.zip,20260801_yushin_54773249_refresh/episodes/89047662/replay/episode_89047662.json,0.7071067811865475,,validated_teacher_index
89048260,0,2,Yushin Ito,54773249,yushin_20260801,zip,C:\Users\shiba\ptcc_pokemon_ai_buttle\data\runs\alakazam\20260801_yushin_54773249_refresh.zip,20260801_yushin_54773249_refresh/episodes/89048260/replay/episode_89048260.json,0.7071067811865475,,validated_teacher_index
89048763,1,2,Yushin Ito,54773249,yushin_20260801,zip,C:\Users\shiba\ptcc_pokemon_ai_buttle\data\runs\alakazam\20260801_yushin_54773249_refresh.zip,20260801_yushin_54773249_refresh/episodes/89048763/replay/episode_89048763.json,0.7071067811865475,,validated_teacher_index
89049242,1,2,Yushin Ito,54773249,yushin_20260801,zip,C:\Users\shiba\ptcc_pokemon_ai_buttle\data\runs\alakazam\20260801_yushin_54773249_refresh.zip,20260801_yushin_54773249_refresh/episodes/89049242/replay/episode_89049242.json,0.7071067811865475,,validated_teacher_index
89049688,1,2,Yushin Ito,54773249,yushin_20260801,zip,C:\Users\shiba\ptcc_pokemon_ai_buttle\data\runs\alakazam\20260801_yushin_54773249_refresh.zip,20260801_yushin_54773249_refresh/episodes/89049688/replay/episode_89049688.json,0.7071067811865475,,validated_teacher_index
89049793,1,2,Yushin Ito,54773249,yushin_20260801,zip,C:\Users\shiba\ptcc_pokemon_ai_buttle\data\runs\alakazam\20260801_yushin_54773249_refresh.zip,20260801_yushin_54773249_refresh/episodes/89049793/replay/episode_89049793.json,0.7071067811865475,,validated_teacher_index
89050183,0,2,Yushin Ito,54773249,yushin_20260801,zip,C:\Users\shiba\ptcc_pokemon_ai_buttle\data\runs\alakazam\20260801_yushin_54773249_refresh.zip,20260801_yushin_54773249_refresh/episodes/89050183/replay/episode_89050183.json,0.7071067811865475,,validated_teacher_index
89050498,1,2,Yushin Ito,54773249,yushin_20260801,zip,C:\Users\shiba\ptcc_pokemon_ai_buttle\data\runs\alakazam\20260801_yushin_54773249_refresh.zip,20260801_yushin_54773249_refresh/episodes/89050498/replay/episode_89050498.json,0.7071067811865475,,validated_teacher_index
89056594,1,2,Yushin Ito,54773249,yushin_20260801,zip,C:\Users\shiba\ptcc_pokemon_ai_buttle\data\runs\alakazam\20260801_yushin_54773249_refresh.zip,20260801_yushin_54773249_refresh/episodes/89056594/replay/episode_89056594.json,0.7071067811865475,,validated_teacher_index
89056618,1,2,Yushin Ito,54773249,yushin_20260801,zip,C:\Users\shiba\ptcc_pokemon_ai_buttle\data\runs\alakazam\20260801_yushin_54773249_refresh.zip,20260801_yushin_54773249_refresh/episodes/89056618/replay/episode_89056618.json,0.7071067811865475,,validated_teacher_index
89057138,0,2,Yushin Ito,54773249,yushin_20260801,zip,C:\Users\shiba\ptcc_pokemon_ai_buttle\data\runs\alakazam\20260801_yushin_54773249_refresh.zip,20260801_yushin_54773249_refresh/episodes/89057138/replay/episode_89057138.json,0.7071067811865475,,validated_teacher_index
89059170,1,2,Yushin Ito,54773249,yushin_20260801,zip,C:\Users\shiba\ptcc_pokemon_ai_buttle\data\runs\alakazam\20260801_yushin_54773249_refresh.zip,20260801_yushin_54773249_refresh/episodes/89059170/replay/episode_89059170.json,0.7071067811865475,,validated_teacher_index
89067671,1,2,Yushin Ito,54773249,yushin_20260801,zip,C:\Users\shiba\ptcc_pokemon_ai_buttle\data\runs\alakazam\20260801_yushin_54773249_refresh.zip,20260801_yushin_54773249_refresh/episodes/89067671/replay/episode_89067671.json,0.7071067811865475,,validated_teacher_index
89070331,1,2,Yushin Ito,54773249,yushin_20260801,zip,C:\Users\shiba\ptcc_pokemon_ai_buttle\data\runs\alakazam\20260801_yushin_54773249_refresh.zip,20260801_yushin_54773249_refresh/episodes/89070331/replay/episode_89070331.json,0.7071067811865475,,validated_teacher_index
89079071,1,2,Yushin Ito,54773249,yushin_20260801,zip,C:\Users\shiba\ptcc_pokemon_ai_buttle\data\runs\alakazam\20260801_yushin_54773249_refresh.zip,20260801_yushin_54773249_refresh/episodes/89079071/replay/episode_89079071.json,0.7071067811865475,,validated_teacher_index
89081485,1,2,Yushin Ito,54773249,yushin_20260801,zip,C:\Users\shiba\ptcc_pokemon_ai_buttle\data\runs\alakazam\20260801_yushin_54773249_refresh.zip,20260801_yushin_54773249_refresh/episodes/89081485/replay/episode_89081485.json,0.7071067811865475,,validated_teacher_index
89083367,0,2,Yushin Ito,54773249,yushin_20260801,zip,C:\Users\shiba\ptcc_pokemon_ai_buttle\data\runs\alakazam\20260801_yushin_54773249_refresh.zip,20260801_yushin_54773249_refresh/episodes/89083367/replay/episode_89083367.json,0.7071067811865475,,validated_teacher_index
89092188,1,2,Yushin Ito,54773249,yushin_20260801,zip,C:\Users\shiba\ptcc_pokemon_ai_buttle\data\runs\alakazam\20260801_yushin_54773249_refresh.zip,20260801_yushin_54773249_refresh/episodes/89092188/replay/episode_89092188.json,0.7071067811865475,,validated_teacher_index
89092624,0,2,Yushin Ito,54773249,yushin_20260801,zip,C:\Users\shiba\ptcc_pokemon_ai_buttle\data\runs\alakazam\20260801_yushin_54773249_refresh.zip,20260801_yushin_54773249_refresh/episodes/89092624/replay/episode_89092624.json,0.7071067811865475,,validated_teacher_index
89093918,0,2,Yushin Ito,54773249,yushin_20260801,zip,C:\Users\shiba\ptcc_pokemon_ai_buttle\data\runs\alakazam\20260801_yushin_54773249_refresh.zip,20260801_yushin_54773249_refresh/episodes/89093918/replay/episode_89093918.json,0.7071067811865475,,validated_teacher_index
89095918,0,2,Yushin Ito,54773249,yushin_20260801,zip,C:\Users\shiba\ptcc_pokemon_ai_buttle\data\runs\alakazam\20260801_yushin_54773249_refresh.zip,20260801_yushin_54773249_refresh/episodes/89095918/replay/episode_89095918.json,0.7071067811865475,,validated_teacher_index
89100694,1,2,Yushin Ito,54773249,yushin_20260801,zip,C:\Users\shiba\ptcc_pokemon_ai_buttle\data\runs\alakazam\20260801_yushin_54773249_refresh.zip,20260801_yushin_54773249_refresh/episodes/89100694/replay/episode_89100694.json,0.7071067811865475,,validated_teacher_index
89109012,0,2,Yushin Ito,54773249,yushin_20260801,zip,C:\Users\shiba\ptcc_pokemon_ai_buttle\data\runs\alakazam\20260801_yushin_54773249_refresh.zip,20260801_yushin_54773249_refresh/episodes/89109012/replay/episode_89109012.json,0.7071067811865475,,validated_teacher_index
89111061,0,2,Yushin Ito,54773249,yushin_20260801,zip,C:\Users\shiba\ptcc_pokemon_ai_buttle\data\runs\alakazam\20260801_yushin_54773249_refresh.zip,20260801_yushin_54773249_refresh/episodes/89111061/replay/episode_89111061.json,0.7071067811865475,,validated_teacher_index
89116282,1,2,Yushin Ito,54773249,yushin_20260801,zip,C:\Users\shiba\ptcc_pokemon_ai_buttle\data\runs\alakazam\20260801_yushin_54773249_refresh.zip,20260801_yushin_54773249_refresh/episodes/89116282/replay/episode_89116282.json,0.7071067811865475,,validated_teacher_index
89119788,0,2,Yushin Ito,54773249,yushin_20260801,zip,C:\Users\shiba\ptcc_pokemon_ai_buttle\data\runs\alakazam\20260801_yushin_54773249_refresh.zip,20260801_yushin_54773249_refresh/episodes/89119788/replay/episode_89119788.json,0.7071067811865475,,validated_teacher_index
89125748,1,2,Yushin Ito,54773249,yushin_20260801,zip,C:\Users\shiba\ptcc_pokemon_ai_buttle\data\runs\alakazam\20260801_yushin_54773249_refresh.zip,20260801_yushin_54773249_refresh/episodes/89125748/replay/episode_89125748.json,0.7071067811865475,,validated_teacher_index
89130090,0,2,Yushin Ito,54773249,yushin_20260801,zip,C:\Users\shiba\ptcc_pokemon_ai_buttle\data\runs\alakazam\20260801_yushin_54773249_refresh.zip,20260801_yushin_54773249_refresh/episodes/89130090/replay/episode_89130090.json,0.7071067811865475,,validated_teacher_index
89131841,0,2,Yushin Ito,54773249,yushin_20260801,zip,C:\Users\shiba\ptcc_pokemon_ai_buttle\data\runs\alakazam\20260801_yushin_54773249_refresh.zip,20260801_yushin_54773249_refresh/episodes/89131841/replay/episode_89131841.json,0.7071067811865475,,validated_teacher_index
89137074,0,2,Yushin Ito,54773249,yushin_20260801,zip,C:\Users\shiba\ptcc_pokemon_ai_buttle\data\runs\alakazam\20260801_yushin_54773249_refresh.zip,20260801_yushin_54773249_refresh/episodes/89137074/replay/episode_89137074.json,0.7071067811865475,,validated_teacher_index
89138086,1,2,Yushin Ito,54773249,yushin_20260801,zip,C:\Users\shiba\ptcc_pokemon_ai_buttle\data\runs\alakazam\20260801_yushin_54773249_refresh.zip,20260801_yushin_54773249_refresh/episodes/89138086/replay/episode_89138086.json,0.7071067811865475,,validated_teacher_index
89138099,1,2,Yushin Ito,54773249,yushin_20260801,zip,C:\Users\shiba\ptcc_pokemon_ai_buttle\data\runs\alakazam\20260801_yushin_54773249_refresh.zip,20260801_yushin_54773249_refresh/episodes/89138099/replay/episode_89138099.json,0.7071067811865475,,validated_teacher_index
89146725,1,2,Yushin Ito,54773249,yushin_20260801,zip,C:\Users\shiba\ptcc_pokemon_ai_buttle\data\runs\alakazam\20260801_yushin_54773249_refresh.zip,20260801_yushin_54773249_refresh/episodes/89146725/replay/episode_89146725.json,0.7071067811865475,,validated_teacher_index
89155743,0,2,Yushin Ito,54773249,yushin_20260801,zip,C:\Users\shiba\ptcc_pokemon_ai_buttle\data\runs\alakazam\20260801_yushin_54773249_refresh.zip,20260801_yushin_54773249_refresh/episodes/89155743/replay/episode_89155743.json,0.7071067811865475,,validated_teacher_index
89162716,0,2,Yushin Ito,54773249,yushin_20260801,zip,C:\Users\shiba\ptcc_pokemon_ai_buttle\data\runs\alakazam\20260801_yushin_54773249_refresh.zip,20260801_yushin_54773249_refresh/episodes/89162716/replay/episode_89162716.json,0.7071067811865475,,validated_teacher_index
89174676,1,2,Yushin Ito,54773249,yushin_20260801,zip,C:\Users\shiba\ptcc_pokemon_ai_buttle\data\runs\alakazam\20260801_yushin_54773249_refresh.zip,20260801_yushin_54773249_refresh/episodes/89174676/replay/episode_89174676.json,0.7071067811865475,,validated_teacher_index
89179916,0,2,Yushin Ito,54773249,yushin_20260801,zip,C:\Users\shiba\ptcc_pokemon_ai_buttle\data\runs\alakazam\20260801_yushin_54773249_refresh.zip,20260801_yushin_54773249_refresh/episodes/89179916/replay/episode_89179916.json,0.7071067811865475,,validated_teacher_index
89181289,0,2,Yushin Ito,54773249,yushin_20260801,zip,C:\Users\shiba\ptcc_pokemon_ai_buttle\data\runs\alakazam\20260801_yushin_54773249_refresh.zip,20260801_yushin_54773249_refresh/episodes/89181289/replay/episode_89181289.json,0.7071067811865475,,validated_teacher_index
89188933,0,2,Yushin Ito,54773249,yushin_20260801,zip,C:\Users\shiba\ptcc_pokemon_ai_buttle\data\runs\alakazam\20260801_yushin_54773249_refresh.zip,20260801_yushin_54773249_refresh/episodes/89188933/replay/episode_89188933.json,0.7071067811865475,,validated_teacher_index
89191429,1,2,Yushin Ito,54773249,yushin_20260801,zip,C:\Users\shiba\ptcc_pokemon_ai_buttle\data\runs\alakazam\20260801_yushin_54773249_refresh.zip,20260801_yushin_54773249_refresh/episodes/89191429/replay/episode_89191429.json,0.7071067811865475,,validated_teacher_index
89191727,0,2,Yushin Ito,54773249,yushin_20260801,zip,C:\Users\shiba\ptcc_pokemon_ai_buttle\data\runs\alakazam\20260801_yushin_54773249_refresh.zip,20260801_yushin_54773249_refresh/episodes/89191727/replay/episode_89191727.json,0.7071067811865475,,validated_teacher_index
89192983,1,2,Yushin Ito,54773249,yushin_20260801,zip,C:\Users\shiba\ptcc_pokemon_ai_buttle\data\runs\alakazam\20260801_yushin_54773249_refresh.zip,20260801_yushin_54773249_refresh/episodes/89192983/replay/episode_89192983.json,0.7071067811865475,,validated_teacher_index
89194046,1,2,Yushin Ito,54773249,yushin_20260801,zip,C:\Users\shiba\ptcc_pokemon_ai_buttle\data\runs\alakazam\20260801_yushin_54773249_refresh.zip,20260801_yushin_54773249_refresh/episodes/89194046/replay/episode_89194046.json,0.7071067811865475,,validated_teacher_index
89195071,0,2,Yushin Ito,54773249,yushin_20260801,zip,C:\Users\shiba\ptcc_pokemon_ai_buttle\data\runs\alakazam\20260801_yushin_54773249_refresh.zip,20260801_yushin_54773249_refresh/episodes/89195071/replay/episode_89195071.json,0.7071067811865475,,validated_teacher_index
89195576,0,2,Yushin Ito,54773249,yushin_20260801,zip,C:\Users\shiba\ptcc_pokemon_ai_buttle\data\runs\alakazam\20260801_yushin_54773249_refresh.zip,20260801_yushin_54773249_refresh/episodes/89195576/replay/episode_89195576.json,0.7071067811865475,,validated_teacher_index
89196012,0,2,Yushin Ito,54773249,yushin_20260801,zip,C:\Users\shiba\ptcc_pokemon_ai_buttle\data\runs\alakazam\20260801_yushin_54773249_refresh.zip,20260801_yushin_54773249_refresh/episodes/89196012/replay/episode_89196012.json,0.7071067811865475,,validated_teacher_index
89196087,0,2,Yushin Ito,54773249,yushin_20260801,zip,C:\Users\shiba\ptcc_pokemon_ai_buttle\data\runs\alakazam\20260801_yushin_54773249_refresh.zip,20260801_yushin_54773249_refresh/episodes/89196087/replay/episode_89196087.json,0.7071067811865475,,validated_teacher_index
89196644,0,2,Yushin Ito,54773249,yushin_20260801,zip,C:\Users\shiba\ptcc_pokemon_ai_buttle\data\runs\alakazam\20260801_yushin_54773249_refresh.zip,20260801_yushin_54773249_refresh/episodes/89196644/replay/episode_89196644.json,0.7071067811865475,,validated_teacher_index
89197202,1,2,Yushin Ito,54773249,yushin_20260801,zip,C:\Users\shiba\ptcc_pokemon_ai_buttle\data\runs\alakazam\20260801_yushin_54773249_refresh.zip,20260801_yushin_54773249_refresh/episodes/89197202/replay/episode_89197202.json,0.7071067811865475,,validated_teacher_index
89197661,1,2,Yushin Ito,54773249,yushin_20260801,zip,C:\Users\shiba\ptcc_pokemon_ai_buttle\data\runs\alakazam\20260801_yushin_54773249_refresh.zip,20260801_yushin_54773249_refresh/episodes/89197661/replay/episode_89197661.json,0.7071067811865475,,validated_teacher_index
89198183,0,2,Yushin Ito,54773249,yushin_20260801,zip,C:\Users\shiba\ptcc_pokemon_ai_buttle\data\runs\alakazam\20260801_yushin_54773249_refresh.zip,20260801_yushin_54773249_refresh/episodes/89198183/replay/episode_89198183.json,0.7071067811865475,,validated_teacher_index
89198650,0,2,Yushin Ito,54773249,yushin_20260801,zip,C:\Users\shiba\ptcc_pokemon_ai_buttle\data\runs\alakazam\20260801_yushin_54773249_refresh.zip,20260801_yushin_54773249_refresh/episodes/89198650/replay/episode_89198650.json,0.7071067811865475,,validated_teacher_index
89199116,1,2,Yushin Ito,54773249,yushin_20260801,zip,C:\Users\shiba\ptcc_pokemon_ai_buttle\data\runs\alakazam\20260801_yushin_54773249_refresh.zip,20260801_yushin_54773249_refresh/episodes/89199116/replay/episode_89199116.json,0.7071067811865475,,validated_teacher_index
89199157,0,2,Yushin Ito,54773249,yushin_20260801,zip,C:\Users\shiba\ptcc_pokemon_ai_buttle\data\runs\alakazam\20260801_yushin_54773249_refresh.zip,20260801_yushin_54773249_refresh/episodes/89199157/replay/episode_89199157.json,0.7071067811865475,,validated_teacher_index
89199621,0,2,Yushin Ito,54773249,yushin_20260801,zip,C:\Users\shiba\ptcc_pokemon_ai_buttle\data\runs\alakazam\20260801_yushin_54773249_refresh.zip,20260801_yushin_54773249_refresh/episodes/89199621/replay/episode_89199621.json,0.7071067811865475,,validated_teacher_index
89199638,1,2,Yushin Ito,54773249,yushin_20260801,zip,C:\Users\shiba\ptcc_pokemon_ai_buttle\data\runs\alakazam\20260801_yushin_54773249_refresh.zip,20260801_yushin_54773249_refresh/episodes/89199638/replay/episode_89199638.json,0.7071067811865475,,validated_teacher_index
89200086,1,2,Yushin Ito,54773249,yushin_20260801,zip,C:\Users\shiba\ptcc_pokemon_ai_buttle\data\runs\alakazam\20260801_yushin_54773249_refresh.zip,20260801_yushin_54773249_refresh/episodes/89200086/replay/episode_89200086.json,0.7071067811865475,,validated_teacher_index
89200650,0,2,Yushin Ito,54773249,yushin_20260801,zip,C:\Users\shiba\ptcc_pokemon_ai_buttle\data\runs\alakazam\20260801_yushin_54773249_refresh.zip,20260801_yushin_54773249_refresh/episodes/89200650/replay/episode_89200650.json,0.7071067811865475,,validated_teacher_index
89200721,0,2,Yushin Ito,54773249,yushin_20260801,zip,C:\Users\shiba\ptcc_pokemon_ai_buttle\data\runs\alakazam\20260801_yushin_54773249_refresh.zip,20260801_yushin_54773249_refresh/episodes/89200721/replay/episode_89200721.json,0.7071067811865475,,validated_teacher_index
89201226,0,2,Yushin Ito,54773249,yushin_20260801,zip,C:\Users\shiba\ptcc_pokemon_ai_buttle\data\runs\alakazam\20260801_yushin_54773249_refresh.zip,20260801_yushin_54773249_refresh/episodes/89201226/replay/episode_89201226.json,0.7071067811865475,,validated_teacher_index
89201664,0,2,Yushin Ito,54773249,yushin_20260801,zip,C:\Users\shiba\ptcc_pokemon_ai_buttle\data\runs\alakazam\20260801_yushin_54773249_refresh.zip,20260801_yushin_54773249_refresh/episodes/89201664/replay/episode_89201664.json,0.7071067811865475,,validated_teacher_index
89202140,0,2,Yushin Ito,54773249,yushin_20260801,zip,C:\Users\shiba\ptcc_pokemon_ai_buttle\data\runs\alakazam\20260801_yushin_54773249_refresh.zip,20260801_yushin_54773249_refresh/episodes/89202140/replay/episode_89202140.json,0.7071067811865475,,validated_teacher_index
89202173,0,2,Yushin Ito,54773249,yushin_20260801,zip,C:\Users\shiba\ptcc_pokemon_ai_buttle\data\runs\alakazam\20260801_yushin_54773249_refresh.zip,20260801_yushin_54773249_refresh/episodes/89202173/replay/episode_89202173.json,0.7071067811865475,,validated_teacher_index
89202681,0,2,Yushin Ito,54773249,yushin_20260801,zip,C:\Users\shiba\ptcc_pokemon_ai_buttle\data\runs\alakazam\20260801_yushin_54773249_refresh.zip,20260801_yushin_54773249_refresh/episodes/89202681/replay/episode_89202681.json,0.7071067811865475,,validated_teacher_index
89202841,0,2,Yushin Ito,54773249,yushin_20260801,zip,C:\Users\shiba\ptcc_pokemon_ai_buttle\data\runs\alakazam\20260801_yushin_54773249_refresh.zip,20260801_yushin_54773249_refresh/episodes/89202841/replay/episode_89202841.json,0.7071067811865475,,validated_teacher_index
89203180,0,2,Yushin Ito,54773249,yushin_20260801,zip,C:\Users\shiba\ptcc_pokemon_ai_buttle\data\runs\alakazam\20260801_yushin_54773249_refresh.zip,20260801_yushin_54773249_refresh/episodes/89203180/replay/episode_89203180.json,0.7071067811865475,,validated_teacher_index
89203684,0,2,Yushin Ito,54773249,yushin_20260801,zip,C:\Users\shiba\ptcc_pokemon_ai_buttle\data\runs\alakazam\20260801_yushin_54773249_refresh.zip,20260801_yushin_54773249_refresh/episodes/89203684/replay/episode_89203684.json,0.7071067811865475,,validated_teacher_index
89204113,1,2,Yushin Ito,54773249,yushin_20260801,zip,C:\Users\shiba\ptcc_pokemon_ai_buttle\data\runs\alakazam\20260801_yushin_54773249_refresh.zip,20260801_yushin_54773249_refresh/episodes/89204113/replay/episode_89204113.json,0.7071067811865475,,validated_teacher_index
89204217,1,2,Yushin Ito,54773249,yushin_20260801,zip,C:\Users\shiba\ptcc_pokemon_ai_buttle\data\runs\alakazam\20260801_yushin_54773249_refresh.zip,20260801_yushin_54773249_refresh/episodes/89204217/replay/episode_89204217.json,0.7071067811865475,,validated_teacher_index
89204693,0,2,Yushin Ito,54773249,yushin_20260801,zip,C:\Users\shiba\ptcc_pokemon_ai_buttle\data\runs\alakazam\20260801_yushin_54773249_refresh.zip,20260801_yushin_54773249_refresh/episodes/89204693/replay/episode_89204693.json,0.7071067811865475,,validated_teacher_index
89205189,0,2,Yushin Ito,54773249,yushin_20260801,zip,C:\Users\shiba\ptcc_pokemon_ai_buttle\data\runs\alakazam\20260801_yushin_54773249_refresh.zip,20260801_yushin_54773249_refresh/episodes/89205189/replay/episode_89205189.json,0.7071067811865475,,validated_teacher_index
89205694,0,2,Yushin Ito,54773249,yushin_20260801,zip,C:\Users\shiba\ptcc_pokemon_ai_buttle\data\runs\alakazam\20260801_yushin_54773249_refresh.zip,20260801_yushin_54773249_refresh/episodes/89205694/replay/episode_89205694.json,0.7071067811865475,,validated_teacher_index
89206194,0,2,Yushin Ito,54773249,yushin_20260801,zip,C:\Users\shiba\ptcc_pokemon_ai_buttle\data\runs\alakazam\20260801_yushin_54773249_refresh.zip,20260801_yushin_54773249_refresh/episodes/89206194/replay/episode_89206194.json,0.7071067811865475,,validated_teacher_index
89206687,1,2,Yushin Ito,54773249,yushin_20260801,zip,C:\Users\shiba\ptcc_pokemon_ai_buttle\data\runs\alakazam\20260801_yushin_54773249_refresh.zip,20260801_yushin_54773249_refresh/episodes/89206687/replay/episode_89206687.json,0.7071067811865475,,validated_teacher_index
89207197,1,2,Yushin Ito,54773249,yushin_20260801,zip,C:\Users\shiba\ptcc_pokemon_ai_buttle\data\runs\alakazam\20260801_yushin_54773249_refresh.zip,20260801_yushin_54773249_refresh/episodes/89207197/replay/episode_89207197.json,0.7071067811865475,,validated_teacher_index
89207695,1,2,Yushin Ito,54773249,yushin_20260801,zip,C:\Users\shiba\ptcc_pokemon_ai_buttle\data\runs\alakazam\20260801_yushin_54773249_refresh.zip,20260801_yushin_54773249_refresh/episodes/89207695/replay/episode_89207695.json,0.7071067811865475,,validated_teacher_index
89208195,1,2,Yushin Ito,54773249,yushin_20260801,zip,C:\Users\shiba\ptcc_pokemon_ai_buttle\data\runs\alakazam\20260801_yushin_54773249_refresh.zip,20260801_yushin_54773249_refresh/episodes/89208195/replay/episode_89208195.json,0.7071067811865475,,validated_teacher_index
89208700,0,2,Yushin Ito,54773249,yushin_20260801,zip,C:\Users\shiba\ptcc_pokemon_ai_buttle\data\runs\alakazam\20260801_yushin_54773249_refresh.zip,20260801_yushin_54773249_refresh/episodes/89208700/replay/episode_89208700.json,0.7071067811865475,,validated_teacher_index
89209195,0,2,Yushin Ito,54773249,yushin_20260801,zip,C:\Users\shiba\ptcc_pokemon_ai_buttle\data\runs\alakazam\20260801_yushin_54773249_refresh.zip,20260801_yushin_54773249_refresh/episodes/89209195/replay/episode_89209195.json,0.7071067811865475,,validated_teacher_index
89209197,0,2,Yushin Ito,54773249,yushin_20260801,zip,C:\Users\shiba\ptcc_pokemon_ai_buttle\data\runs\alakazam\20260801_yushin_54773249_refresh.zip,20260801_yushin_54773249_refresh/episodes/89209197/replay/episode_89209197.json,0.7071067811865475,,validated_teacher_index
89209706,0,2,Yushin Ito,54773249,yushin_20260801,zip,C:\Users\shiba\ptcc_pokemon_ai_buttle\data\runs\alakazam\20260801_yushin_54773249_refresh.zip,20260801_yushin_54773249_refresh/episodes/89209706/replay/episode_89209706.json,0.7071067811865475,,validated_teacher_index
89210206,0,2,Yushin Ito,54773249,yushin_20260801,zip,C:\Users\shiba\ptcc_pokemon_ai_buttle\data\runs\alakazam\20260801_yushin_54773249_refresh.zip,20260801_yushin_54773249_refresh/episodes/89210206/replay/episode_89210206.json,0.7071067811865475,,validated_teacher_index
89210688,1,2,Yushin Ito,54773249,yushin_20260801,zip,C:\Users\shiba\ptcc_pokemon_ai_buttle\data\runs\alakazam\20260801_yushin_54773249_refresh.zip,20260801_yushin_54773249_refresh/episodes/89210688/replay/episode_89210688.json,0.7071067811865475,,validated_teacher_index
89210709,0,2,Yushin Ito,54773249,yushin_20260801,zip,C:\Users\shiba\ptcc_pokemon_ai_buttle\data\runs\alakazam\20260801_yushin_54773249_refresh.zip,20260801_yushin_54773249_refresh/episodes/89210709/replay/episode_89210709.json,0.7071067811865475,,validated_teacher_index
89211216,0,2,Yushin Ito,54773249,yushin_20260801,zip,C:\Users\shiba\ptcc_pokemon_ai_buttle\data\runs\alakazam\20260801_yushin_54773249_refresh.zip,20260801_yushin_54773249_refresh/episodes/89211216/replay/episode_89211216.json,0.7071067811865475,,validated_teacher_index
89211226,0,2,Yushin Ito,54773249,yushin_20260801,zip,C:\Users\shiba\ptcc_pokemon_ai_buttle\data\runs\alakazam\20260801_yushin_54773249_refresh.zip,20260801_yushin_54773249_refresh/episodes/89211226/replay/episode_89211226.json,0.7071067811865475,,validated_teacher_index
89211716,0,2,Yushin Ito,54773249,yushin_20260801,zip,C:\Users\shiba\ptcc_pokemon_ai_buttle\data\runs\alakazam\20260801_yushin_54773249_refresh.zip,20260801_yushin_54773249_refresh/episodes/89211716/replay/episode_89211716.json,0.7071067811865475,,validated_teacher_index
89212212,0,2,Yushin Ito,54773249,yushin_20260801,zip,C:\Users\shiba\ptcc_pokemon_ai_buttle\data\runs\alakazam\20260801_yushin_54773249_refresh.zip,20260801_yushin_54773249_refresh/episodes/89212212/replay/episode_89212212.json,0.7071067811865475,,validated_teacher_index
89212705,1,2,Yushin Ito,54773249,yushin_20260801,zip,C:\Users\shiba\ptcc_pokemon_ai_buttle\data\runs\alakazam\20260801_yushin_54773249_refresh.zip,20260801_yushin_54773249_refresh/episodes/89212705/replay/episode_89212705.json,0.7071067811865475,,validated_teacher_index
89212728,1,2,Yushin Ito,54773249,yushin_20260801,zip,C:\Users\shiba\ptcc_pokemon_ai_buttle\data\runs\alakazam\20260801_yushin_54773249_refresh.zip,20260801_yushin_54773249_refresh/episodes/89212728/replay/episode_89212728.json,0.7071067811865475,,validated_teacher_index
89213306,1,2,Yushin Ito,54773249,yushin_20260801,zip,C:\Users\shiba\ptcc_pokemon_ai_buttle\data\runs\alakazam\20260801_yushin_54773249_refresh.zip,20260801_yushin_54773249_refresh/episodes/89213306/replay/episode_89213306.json,0.7071067811865475,,validated_teacher_index
89213740,0,2,Yushin Ito,54773249,yushin_20260801,zip,C:\Users\shiba\ptcc_pokemon_ai_buttle\data\runs\alakazam\20260801_yushin_54773249_refresh.zip,20260801_yushin_54773249_refresh/episodes/89213740/replay/episode_89213740.json,0.7071067811865475,,validated_teacher_index
89214238,0,2,Yushin Ito,54773249,yushin_20260801,zip,C:\Users\shiba\ptcc_pokemon_ai_buttle\data\runs\alakazam\20260801_yushin_54773249_refresh.zip,20260801_yushin_54773249_refresh/episodes/89214238/replay/episode_89214238.json,0.7071067811865475,,validated_teacher_index
89214742,1,2,Yushin Ito,54773249,yushin_20260801,zip,C:\Users\shiba\ptcc_pokemon_ai_buttle\data\runs\alakazam\20260801_yushin_54773249_refresh.zip,20260801_yushin_54773249_refresh/episodes/89214742/replay/episode_89214742.json,0.7071067811865475,,validated_teacher_index
89215243,1,2,Yushin Ito,54773249,yushin_20260801,zip,C:\Users\shiba\ptcc_pokemon_ai_buttle\data\runs\alakazam\20260801_yushin_54773249_refresh.zip,20260801_yushin_54773249_refresh/episodes/89215243/replay/episode_89215243.json,0.7071067811865475,,validated_teacher_index
89215751,0,2,Yushin Ito,54773249,yushin_20260801,zip,C:\Users\shiba\ptcc_pokemon_ai_buttle\data\runs\alakazam\20260801_yushin_54773249_refresh.zip,20260801_yushin_54773249_refresh/episodes/89215751/replay/episode_89215751.json,0.7071067811865475,,validated_teacher_index
89216263,0,2,Yushin Ito,54773249,yushin_20260801,zip,C:\Users\shiba\ptcc_pokemon_ai_buttle\data\runs\alakazam\20260801_yushin_54773249_refresh.zip,20260801_yushin_54773249_refresh/episodes/89216263/replay/episode_89216263.json,0.7071067811865475,,validated_teacher_index
89216757,0,2,Yushin Ito,54773249,yushin_20260801,zip,C:\Users\shiba\ptcc_pokemon_ai_buttle\data\runs\alakazam\20260801_yushin_54773249_refresh.zip,20260801_yushin_54773249_refresh/episodes/89216757/replay/episode_89216757.json,0.7071067811865475,,validated_teacher_index
89217238,1,2,Yushin Ito,54773249,yushin_20260801,zip,C:\Users\shiba\ptcc_pokemon_ai_buttle\data\runs\alakazam\20260801_yushin_54773249_refresh.zip,20260801_yushin_54773249_refresh/episodes/89217238/replay/episode_89217238.json,0.7071067811865475,,validated_teacher_index
89217310,0,2,Yushin Ito,54773249,yushin_20260801,zip,C:\Users\shiba\ptcc_pokemon_ai_buttle\data\runs\alakazam\20260801_yushin_54773249_refresh.zip,20260801_yushin_54773249_refresh/episodes/89217310/replay/episode_89217310.json,0.7071067811865475,,validated_teacher_index
89217904,1,2,Yushin Ito,54773249,yushin_20260801,zip,C:\Users\shiba\ptcc_pokemon_ai_buttle\data\runs\alakazam\20260801_yushin_54773249_refresh.zip,20260801_yushin_54773249_refresh/episodes/89217904/replay/episode_89217904.json,0.7071067811865475,,validated_teacher_index
89218237,0,2,Yushin Ito,54773249,yushin_20260801,zip,C:\Users\shiba\ptcc_pokemon_ai_buttle\data\runs\alakazam\20260801_yushin_54773249_refresh.zip,20260801_yushin_54773249_refresh/episodes/89218237/replay/episode_89218237.json,0.7071067811865475,,validated_teacher_index
89218351,1,2,Yushin Ito,54773249,yushin_20260801,zip,C:\Users\shiba\ptcc_pokemon_ai_buttle\data\runs\alakazam\20260801_yushin_54773249_refresh.zip,20260801_yushin_54773249_refresh/episodes/89218351/replay/episode_89218351.json,0.7071067811865475,,validated_teacher_index
89218851,1,2,Yushin Ito,54773249,yushin_20260801,zip,C:\Users\shiba\ptcc_pokemon_ai_buttle\data\runs\alakazam\20260801_yushin_54773249_refresh.zip,20260801_yushin_54773249_refresh/episodes/89218851/replay/episode_89218851.json,0.7071067811865475,,validated_teacher_index
89219325,1,2,Yushin Ito,54773249,yushin_20260801,zip,C:\Users\shiba\ptcc_pokemon_ai_buttle\data\runs\alakazam\20260801_yushin_54773249_refresh.zip,20260801_yushin_54773249_refresh/episodes/89219325/replay/episode_89219325.json,0.7071067811865475,,validated_teacher_index
89219713,0,2,Yushin Ito,54773249,yushin_20260801,zip,C:\Users\shiba\ptcc_pokemon_ai_buttle\data\runs\alakazam\20260801_yushin_54773249_refresh.zip,20260801_yushin_54773249_refresh/episodes/89219713/replay/episode_89219713.json,0.7071067811865475,,validated_teacher_index
89219834,0,2,Yushin Ito,54773249,yushin_20260801,zip,C:\Users\shiba\ptcc_pokemon_ai_buttle\data\runs\alakazam\20260801_yushin_54773249_refresh.zip,20260801_yushin_54773249_refresh/episodes/89219834/replay/episode_89219834.json,0.7071067811865475,,validated_teacher_index
89220286,1,2,Yushin Ito,54773249,yushin_20260801,zip,C:\Users\shiba\ptcc_pokemon_ai_buttle\data\runs\alakazam\20260801_yushin_54773249_refresh.zip,20260801_yushin_54773249_refresh/episodes/89220286/replay/episode_89220286.json,0.7071067811865475,,validated_teacher_index
89220774,1,2,Yushin Ito,54773249,yushin_20260801,zip,C:\Users\shiba\ptcc_pokemon_ai_buttle\data\runs\alakazam\20260801_yushin_54773249_refresh.zip,20260801_yushin_54773249_refresh/episodes/89220774/replay/episode_89220774.json,0.7071067811865475,,validated_teacher_index
89221262,1,2,Yushin Ito,54773249,yushin_20260801,zip,C:\Users\shiba\ptcc_pokemon_ai_buttle\data\runs\alakazam\20260801_yushin_54773249_refresh.zip,20260801_yushin_54773249_refresh/episodes/89221262/replay/episode_89221262.json,0.7071067811865475,,validated_teacher_index
89221281,1,2,Yushin Ito,54773249,yushin_20260801,zip,C:\Users\shiba\ptcc_pokemon_ai_buttle\data\runs\alakazam\20260801_yushin_54773249_refresh.zip,20260801_yushin_54773249_refresh/episodes/89221281/replay/episode_89221281.json,0.7071067811865475,,validated_teacher_index
89221780,0,2,Yushin Ito,54773249,yushin_20260801,zip,C:\Users\shiba\ptcc_pokemon_ai_buttle\data\runs\alakazam\20260801_yushin_54773249_refresh.zip,20260801_yushin_54773249_refresh/episodes/89221780/replay/episode_89221780.json,0.7071067811865475,,validated_teacher_index
89221786,0,2,Yushin Ito,54773249,yushin_20260801,zip,C:\Users\shiba\ptcc_pokemon_ai_buttle\data\runs\alakazam\20260801_yushin_54773249_refresh.zip,20260801_yushin_54773249_refresh/episodes/89221786/replay/episode_89221786.json,0.7071067811865475,,validated_teacher_index
89222394,0,2,Yushin Ito,54773249,yushin_20260801,zip,C:\Users\shiba\ptcc_pokemon_ai_buttle\data\runs\alakazam\20260801_yushin_54773249_refresh.zip,20260801_yushin_54773249_refresh/episodes/89222394/replay/episode_89222394.json,0.7071067811865475,,validated_teacher_index
89222441,1,2,Yushin Ito,54773249,yushin_20260801,zip,C:\Users\shiba\ptcc_pokemon_ai_buttle\data\runs\alakazam\20260801_yushin_54773249_refresh.zip,20260801_yushin_54773249_refresh/episodes/89222441/replay/episode_89222441.json,0.7071067811865475,,validated_teacher_index
89222790,0,2,Yushin Ito,54773249,yushin_20260801,zip,C:\Users\shiba\ptcc_pokemon_ai_buttle\data\runs\alakazam\20260801_yushin_54773249_refresh.zip,20260801_yushin_54773249_refresh/episodes/89222790/replay/episode_89222790.json,0.7071067811865475,,validated_teacher_index
89223285,1,2,Yushin Ito,54773249,yushin_20260801,zip,C:\Users\shiba\ptcc_pokemon_ai_buttle\data\runs\alakazam\20260801_yushin_54773249_refresh.zip,20260801_yushin_54773249_refresh/episodes/89223285/replay/episode_89223285.json,0.7071067811865475,,validated_teacher_index
89223788,1,2,Yushin Ito,54773249,yushin_20260801,zip,C:\Users\shiba\ptcc_pokemon_ai_buttle\data\runs\alakazam\20260801_yushin_54773249_refresh.zip,20260801_yushin_54773249_refresh/episodes/89223788/replay/episode_89223788.json,0.7071067811865475,,validated_teacher_index
89223924,1,2,Yushin Ito,54773249,yushin_20260801,zip,C:\Users\shiba\ptcc_pokemon_ai_buttle\data\runs\alakazam\20260801_yushin_54773249_refresh.zip,20260801_yushin_54773249_refresh/episodes/89223924/replay/episode_89223924.json,0.7071067811865475,,validated_teacher_index
89224254,0,2,Yushin Ito,54773249,yushin_20260801,zip,C:\Users\shiba\ptcc_pokemon_ai_buttle\data\runs\alakazam\20260801_yushin_54773249_refresh.zip,20260801_yushin_54773249_refresh/episodes/89224254/replay/episode_89224254.json,0.7071067811865475,,validated_teacher_index
89224263,0,2,Yushin Ito,54773249,yushin_20260801,zip,C:\Users\shiba\ptcc_pokemon_ai_buttle\data\runs\alakazam\20260801_yushin_54773249_refresh.zip,20260801_yushin_54773249_refresh/episodes/89224263/replay/episode_89224263.json,0.7071067811865475,,validated_teacher_index
89224287,1,2,Yushin Ito,54773249,yushin_20260801,zip,C:\Users\shiba\ptcc_pokemon_ai_buttle\data\runs\alakazam\20260801_yushin_54773249_refresh.zip,20260801_yushin_54773249_refresh/episodes/89224287/replay/episode_89224287.json,0.7071067811865475,,validated_teacher_index
89224774,0,2,Yushin Ito,54773249,yushin_20260801,zip,C:\Users\shiba\ptcc_pokemon_ai_buttle\data\runs\alakazam\20260801_yushin_54773249_refresh.zip,20260801_yushin_54773249_refresh/episodes/89224774/replay/episode_89224774.json,0.7071067811865475,,validated_teacher_index
89225269,0,2,Yushin Ito,54773249,yushin_20260801,zip,C:\Users\shiba\ptcc_pokemon_ai_buttle\data\runs\alakazam\20260801_yushin_54773249_refresh.zip,20260801_yushin_54773249_refresh/episodes/89225269/replay/episode_89225269.json,0.7071067811865475,,validated_teacher_index
89225681,1,2,Yushin Ito,54773249,yushin_20260801,zip,C:\Users\shiba\ptcc_pokemon_ai_buttle\data\runs\alakazam\20260801_yushin_54773249_refresh.zip,20260801_yushin_54773249_refresh/episodes/89225681/replay/episode_89225681.json,0.7071067811865475,,validated_teacher_index
89225777,1,2,Yushin Ito,54773249,yushin_20260801,zip,C:\Users\shiba\ptcc_pokemon_ai_buttle\data\runs\alakazam\20260801_yushin_54773249_refresh.zip,20260801_yushin_54773249_refresh/episodes/89225777/replay/episode_89225777.json,0.7071067811865475,,validated_teacher_index
89226241,0,2,Yushin Ito,54773249,yushin_20260801,zip,C:\Users\shiba\ptcc_pokemon_ai_buttle\data\runs\alakazam\20260801_yushin_54773249_refresh.zip,20260801_yushin_54773249_refresh/episodes/89226241/replay/episode_89226241.json,0.7071067811865475,,validated_teacher_index
89226296,1,2,Yushin Ito,54773249,yushin_20260801,zip,C:\Users\shiba\ptcc_pokemon_ai_buttle\data\runs\alakazam\20260801_yushin_54773249_refresh.zip,20260801_yushin_54773249_refresh/episodes/89226296/replay/episode_89226296.json,0.7071067811865475,,validated_teacher_index
89226810,0,2,Yushin Ito,54773249,yushin_20260801,zip,C:\Users\shiba\ptcc_pokemon_ai_buttle\data\runs\alakazam\20260801_yushin_54773249_refresh.zip,20260801_yushin_54773249_refresh/episodes/89226810/replay/episode_89226810.json,0.7071067811865475,,validated_teacher_index
89227317,1,2,Yushin Ito,54773249,yushin_20260801,zip,C:\Users\shiba\ptcc_pokemon_ai_buttle\data\runs\alakazam\20260801_yushin_54773249_refresh.zip,20260801_yushin_54773249_refresh/episodes/89227317/replay/episode_89227317.json,0.7071067811865475,,validated_teacher_index
89227803,1,2,Yushin Ito,54773249,yushin_20260801,zip,C:\Users\shiba\ptcc_pokemon_ai_buttle\data\runs\alakazam\20260801_yushin_54773249_refresh.zip,20260801_yushin_54773249_refresh/episodes/89227803/replay/episode_89227803.json,0.7071067811865475,,validated_teacher_index
89227804,0,2,Yushin Ito,54773249,yushin_20260801,zip,C:\Users\shiba\ptcc_pokemon_ai_buttle\data\runs\alakazam\20260801_yushin_54773249_refresh.zip,20260801_yushin_54773249_refresh/episodes/89227804/replay/episode_89227804.json,0.7071067811865475,,validated_teacher_index
89227812,0,2,Yushin Ito,54773249,yushin_20260801,zip,C:\Users\shiba\ptcc_pokemon_ai_buttle\data\runs\alakazam\20260801_yushin_54773249_refresh.zip,20260801_yushin_54773249_refresh/episodes/89227812/replay/episode_89227812.json,0.7071067811865475,,validated_teacher_index
89227826,0,2,Yushin Ito,54773249,yushin_20260801,zip,C:\Users\shiba\ptcc_pokemon_ai_buttle\data\runs\alakazam\20260801_yushin_54773249_refresh.zip,20260801_yushin_54773249_refresh/episodes/89227826/replay/episode_89227826.json,0.7071067811865475,,validated_teacher_index
89228336,0,2,Yushin Ito,54773249,yushin_20260801,zip,C:\Users\shiba\ptcc_pokemon_ai_buttle\data\runs\alakazam\20260801_yushin_54773249_refresh.zip,20260801_yushin_54773249_refresh/episodes/89228336/replay/episode_89228336.json,0.7071067811865475,,validated_teacher_index
89228869,1,2,Yushin Ito,54773249,yushin_20260801,zip,C:\Users\shiba\ptcc_pokemon_ai_buttle\data\runs\alakazam\20260801_yushin_54773249_refresh.zip,20260801_yushin_54773249_refresh/episodes/89228869/replay/episode_89228869.json,0.7071067811865475,,validated_teacher_index
89228878,1,2,Yushin Ito,54773249,yushin_20260801,zip,C:\Users\shiba\ptcc_pokemon_ai_buttle\data\runs\alakazam\20260801_yushin_54773249_refresh.zip,20260801_yushin_54773249_refresh/episodes/89228878/replay/episode_89228878.json,0.7071067811865475,,validated_teacher_index
89228880,1,2,Yushin Ito,54773249,yushin_20260801,zip,C:\Users\shiba\ptcc_pokemon_ai_buttle\data\runs\alakazam\20260801_yushin_54773249_refresh.zip,20260801_yushin_54773249_refresh/episodes/89228880/replay/episode_89228880.json,0.7071067811865475,,validated_teacher_index
89229419,0,2,Yushin Ito,54773249,yushin_20260801,zip,C:\Users\shiba\ptcc_pokemon_ai_buttle\data\runs\alakazam\20260801_yushin_54773249_refresh.zip,20260801_yushin_54773249_refresh/episodes/89229419/replay/episode_89229419.json,0.7071067811865475,,validated_teacher_index
89229954,0,2,Yushin Ito,54773249,yushin_20260801,zip,C:\Users\shiba\ptcc_pokemon_ai_buttle\data\runs\alakazam\20260801_yushin_54773249_refresh.zip,20260801_yushin_54773249_refresh/episodes/89229954/replay/episode_89229954.json,0.7071067811865475,,validated_teacher_index
89230462,0,2,Yushin Ito,54773249,yushin_20260801,zip,C:\Users\shiba\ptcc_pokemon_ai_buttle\data\runs\alakazam\20260801_yushin_54773249_refresh.zip,20260801_yushin_54773249_refresh/episodes/89230462/replay/episode_89230462.json,0.7071067811865475,,validated_teacher_index
89230965,1,2,Yushin Ito,54773249,yushin_20260801,zip,C:\Users\shiba\ptcc_pokemon_ai_buttle\data\runs\alakazam\20260801_yushin_54773249_refresh.zip,20260801_yushin_54773249_refresh/episodes/89230965/replay/episode_89230965.json,0.7071067811865475,,validated_teacher_index
89231529,0,2,Yushin Ito,54773249,yushin_20260801,zip,C:\Users\shiba\ptcc_pokemon_ai_buttle\data\runs\alakazam\20260801_yushin_54773249_refresh.zip,20260801_yushin_54773249_refresh/episodes/89231529/replay/episode_89231529.json,0.7071067811865475,,validated_teacher_index
89232027,1,2,Yushin Ito,54773249,yushin_20260801,zip,C:\Users\shiba\ptcc_pokemon_ai_buttle\data\runs\alakazam\20260801_yushin_54773249_refresh.zip,20260801_yushin_54773249_refresh/episodes/89232027/replay/episode_89232027.json,0.7071067811865475,,validated_teacher_index
89232607,0,2,Yushin Ito,54773249,yushin_20260801,zip,C:\Users\shiba\ptcc_pokemon_ai_buttle\data\runs\alakazam\20260801_yushin_54773249_refresh.zip,20260801_yushin_54773249_refresh/episodes/89232607/replay/episode_89232607.json,0.7071067811865475,,validated_teacher_index
89233114,0,2,Yushin Ito,54773249,yushin_20260801,zip,C:\Users\shiba\ptcc_pokemon_ai_buttle\data\runs\alakazam\20260801_yushin_54773249_refresh.zip,20260801_yushin_54773249_refresh/episodes/89233114/replay/episode_89233114.json,0.7071067811865475,,validated_teacher_index
89233611,0,2,Yushin Ito,54773249,yushin_20260801,zip,C:\Users\shiba\ptcc_pokemon_ai_buttle\data\runs\alakazam\20260801_yushin_54773249_refresh.zip,20260801_yushin_54773249_refresh/episodes/89233611/replay/episode_89233611.json,0.7071067811865475,,validated_teacher_index
89234128,1,2,Yushin Ito,54773249,yushin_20260801,zip,C:\Users\shiba\ptcc_pokemon_ai_buttle\data\runs\alakazam\20260801_yushin_54773249_refresh.zip,20260801_yushin_54773249_refresh/episodes/89234128/replay/episode_89234128.json,0.7071067811865475,,validated_teacher_index
89234552,0,2,Yushin Ito,54773249,yushin_20260801,zip,C:\Users\shiba\ptcc_pokemon_ai_buttle\data\runs\alakazam\20260801_yushin_54773249_refresh.zip,20260801_yushin_54773249_refresh/episodes/89234552/replay/episode_89234552.json,0.7071067811865475,,validated_teacher_index
89237125,1,2,Yushin Ito,54773249,yushin_20260801,zip,C:\Users\shiba\ptcc_pokemon_ai_buttle\data\runs\alakazam\20260801_yushin_54773249_refresh.zip,20260801_yushin_54773249_refresh/episodes/89237125/replay/episode_89237125.json,0.7071067811865475,,validated_teacher_index
89237229,0,2,Yushin Ito,54773249,yushin_20260801,zip,C:\Users\shiba\ptcc_pokemon_ai_buttle\data\runs\alakazam\20260801_yushin_54773249_refresh.zip,20260801_yushin_54773249_refresh/episodes/89237229/replay/episode_89237229.json,0.7071067811865475,,validated_teacher_index
89243874,0,2,Yushin Ito,54773249,yushin_20260801,zip,C:\Users\shiba\ptcc_pokemon_ai_buttle\data\runs\alakazam\20260801_yushin_54773249_refresh.zip,20260801_yushin_54773249_refresh/episodes/89243874/replay/episode_89243874.json,0.7071067811865475,,validated_teacher_index
89253571,0,2,Yushin Ito,54773249,yushin_20260801,zip,C:\Users\shiba\ptcc_pokemon_ai_buttle\data\runs\alakazam\20260801_yushin_54773249_refresh.zip,20260801_yushin_54773249_refresh/episodes/89253571/replay/episode_89253571.json,0.7071067811865475,,validated_teacher_index
89256979,0,2,Yushin Ito,54773249,yushin_20260801,zip,C:\Users\shiba\ptcc_pokemon_ai_buttle\data\runs\alakazam\20260801_yushin_54773249_refresh.zip,20260801_yushin_54773249_refresh/episodes/89256979/replay/episode_89256979.json,0.7071067811865475,,validated_teacher_index
89261585,1,2,Yushin Ito,54773249,yushin_20260801,zip,C:\Users\shiba\ptcc_pokemon_ai_buttle\data\runs\alakazam\20260801_yushin_54773249_refresh.zip,20260801_yushin_54773249_refresh/episodes/89261585/replay/episode_89261585.json,0.7071067811865475,,validated_teacher_index
89263756,0,2,Yushin Ito,54773249,yushin_20260801,zip,C:\Users\shiba\ptcc_pokemon_ai_buttle\data\runs\alakazam\20260801_yushin_54773249_refresh.zip,20260801_yushin_54773249_refresh/episodes/89263756/replay/episode_89263756.json,0.7071067811865475,,validated_teacher_index
89269959,0,2,Yushin Ito,54773249,yushin_20260801,zip,C:\Users\shiba\ptcc_pokemon_ai_buttle\data\runs\alakazam\20260801_yushin_54773249_refresh.zip,20260801_yushin_54773249_refresh/episodes/89269959/replay/episode_89269959.json,0.7071067811865475,,validated_teacher_index
89270397,0,2,Yushin Ito,54773249,yushin_20260801,zip,C:\Users\shiba\ptcc_pokemon_ai_buttle\data\runs\alakazam\20260801_yushin_54773249_refresh.zip,20260801_yushin_54773249_refresh/episodes/89270397/replay/episode_89270397.json,0.7071067811865475,,validated_teacher_index
89270411,0,2,Yushin Ito,54773249,yushin_20260801,zip,C:\Users\shiba\ptcc_pokemon_ai_buttle\data\runs\alakazam\20260801_yushin_54773249_refresh.zip,20260801_yushin_54773249_refresh/episodes/89270411/replay/episode_89270411.json,0.7071067811865475,,validated_teacher_index
89273994,0,2,Yushin Ito,54773249,yushin_20260801,zip,C:\Users\shiba\ptcc_pokemon_ai_buttle\data\runs\alakazam\20260801_yushin_54773249_refresh.zip,20260801_yushin_54773249_refresh/episodes/89273994/replay/episode_89273994.json,0.7071067811865475,,validated_teacher_index
89274525,1,2,Yushin Ito,54773249,yushin_20260801,zip,C:\Users\shiba\ptcc_pokemon_ai_buttle\data\runs\alakazam\20260801_yushin_54773249_refresh.zip,20260801_yushin_54773249_refresh/episodes/89274525/replay/episode_89274525.json,0.7071067811865475,,validated_teacher_index
89276111,0,2,Yushin Ito,54773249,yushin_20260801,zip,C:\Users\shiba\ptcc_pokemon_ai_buttle\data\runs\alakazam\20260801_yushin_54773249_refresh.zip,20260801_yushin_54773249_refresh/episodes/89276111/replay/episode_89276111.json,0.7071067811865475,,validated_teacher_index
89277018,0,2,Yushin Ito,54773249,yushin_20260801,zip,C:\Users\shiba\ptcc_pokemon_ai_buttle\data\runs\alakazam\20260801_yushin_54773249_refresh.zip,20260801_yushin_54773249_refresh/episodes/89277018/replay/episode_89277018.json,0.7071067811865475,,validated_teacher_index
89278292,1,2,Yushin Ito,54773249,yushin_20260801,zip,C:\Users\shiba\ptcc_pokemon_ai_buttle\data\runs\alakazam\20260801_yushin_54773249_refresh.zip,20260801_yushin_54773249_refresh/episodes/89278292/replay/episode_89278292.json,0.7071067811865475,,validated_teacher_index
89279150,1,2,Yushin Ito,54773249,yushin_20260801,zip,C:\Users\shiba\ptcc_pokemon_ai_buttle\data\runs\alakazam\20260801_yushin_54773249_refresh.zip,20260801_yushin_54773249_refresh/episodes/89279150/replay/episode_89279150.json,0.7071067811865475,,validated_teacher_index
89280832,0,2,Yushin Ito,54773249,yushin_20260801,zip,C:\Users\shiba\ptcc_pokemon_ai_buttle\data\runs\alakazam\20260801_yushin_54773249_refresh.zip,20260801_yushin_54773249_refresh/episodes/89280832/replay/episode_89280832.json,0.7071067811865475,,validated_teacher_index
89281409,0,2,Yushin Ito,54773249,yushin_20260801,zip,C:\Users\shiba\ptcc_pokemon_ai_buttle\data\runs\alakazam\20260801_yushin_54773249_refresh.zip,20260801_yushin_54773249_refresh/episodes/89281409/replay/episode_89281409.json,0.7071067811865475,,validated_teacher_index
89285136,0,2,Yushin Ito,54773249,yushin_20260801,zip,C:\Users\shiba\ptcc_pokemon_ai_buttle\data\runs\alakazam\20260801_yushin_54773249_refresh.zip,20260801_yushin_54773249_refresh/episodes/89285136/replay/episode_89285136.json,0.7071067811865475,,validated_teacher_index
89286150,1,2,Yushin Ito,54773249,yushin_20260802_incremental,zip,C:\Users\shiba\ptcc_pokemon_ai_buttle\data\runs\alakazam\20260802_yushin_incremental_after_89285136.zip,20260802_yushin_incremental_after_89285136/episodes/89286150/replay/episode_89286150.json,0.7071067811865475,,validated_teacher_index
89294788,1,2,Yushin Ito,54773249,yushin_20260802_incremental,zip,C:\Users\shiba\ptcc_pokemon_ai_buttle\data\runs\alakazam\20260802_yushin_incremental_after_89285136.zip,20260802_yushin_incremental_after_89285136/episodes/89294788/replay/episode_89294788.json,0.7071067811865475,,validated_teacher_index
89303843,0,2,Yushin Ito,54773249,yushin_20260802_incremental,zip,C:\Users\shiba\ptcc_pokemon_ai_buttle\data\runs\alakazam\20260802_yushin_incremental_after_89285136.zip,20260802_yushin_incremental_after_89285136/episodes/89303843/replay/episode_89303843.json,0.7071067811865475,,validated_teacher_index
89308479,0,2,Yushin Ito,54773249,yushin_20260802_incremental,zip,C:\Users\shiba\ptcc_pokemon_ai_buttle\data\runs\alakazam\20260802_yushin_incremental_after_89285136.zip,20260802_yushin_incremental_after_89285136/episodes/89308479/replay/episode_89308479.json,0.7071067811865475,,validated_teacher_index
89310623,0,2,Yushin Ito,54773249,yushin_20260802_incremental,zip,C:\Users\shiba\ptcc_pokemon_ai_buttle\data\runs\alakazam\20260802_yushin_incremental_after_89285136.zip,20260802_yushin_incremental_after_89285136/episodes/89310623/replay/episode_89310623.json,0.7071067811865475,,validated_teacher_index
89313701,0,2,Yushin Ito,54773249,yushin_20260802_incremental,zip,C:\Users\shiba\ptcc_pokemon_ai_buttle\data\runs\alakazam\20260802_yushin_incremental_after_89285136.zip,20260802_yushin_incremental_after_89285136/episodes/89313701/replay/episode_89313701.json,0.7071067811865475,,validated_teacher_index
89316135,0,2,Yushin Ito,54773249,yushin_20260802_incremental,zip,C:\Users\shiba\ptcc_pokemon_ai_buttle\data\runs\alakazam\20260802_yushin_incremental_after_89285136.zip,20260802_yushin_incremental_after_89285136/episodes/89316135/replay/episode_89316135.json,0.7071067811865475,,validated_teacher_index
89317689,0,2,Yushin Ito,54773249,yushin_20260802_incremental,zip,C:\Users\shiba\ptcc_pokemon_ai_buttle\data\runs\alakazam\20260802_yushin_incremental_after_89285136.zip,20260802_yushin_incremental_after_89285136/episodes/89317689/replay/episode_89317689.json,0.7071067811865475,,validated_teacher_index
89317943,0,2,Yushin Ito,54773249,yushin_20260802_incremental,zip,C:\Users\shiba\ptcc_pokemon_ai_buttle\data\runs\alakazam\20260802_yushin_incremental_after_89285136.zip,20260802_yushin_incremental_after_89285136/episodes/89317943/replay/episode_89317943.json,0.7071067811865475,,validated_teacher_index
89323783,0,2,Yushin Ito,54773249,yushin_20260802_incremental,zip,C:\Users\shiba\ptcc_pokemon_ai_buttle\data\runs\alakazam\20260802_yushin_incremental_after_89285136.zip,20260802_yushin_incremental_after_89285136/episodes/89323783/replay/episode_89323783.json,0.7071067811865475,,validated_teacher_index
89327716,1,2,Yushin Ito,54773249,yushin_20260802_incremental,zip,C:\Users\shiba\ptcc_pokemon_ai_buttle\data\runs\alakazam\20260802_yushin_incremental_after_89285136.zip,20260802_yushin_incremental_after_89285136/episodes/89327716/replay/episode_89327716.json,0.7071067811865475,,validated_teacher_index
89330685,0,2,Yushin Ito,54773249,yushin_20260802_incremental,zip,C:\Users\shiba\ptcc_pokemon_ai_buttle\data\runs\alakazam\20260802_yushin_incremental_after_89285136.zip,20260802_yushin_incremental_after_89285136/episodes/89330685/replay/episode_89330685.json,0.7071067811865475,,validated_teacher_index
89332329,0,2,Yushin Ito,54773249,yushin_20260802_incremental,zip,C:\Users\shiba\ptcc_pokemon_ai_buttle\data\runs\alakazam\20260802_yushin_incremental_after_89285136.zip,20260802_yushin_incremental_after_89285136/episodes/89332329/replay/episode_89332329.json,0.7071067811865475,,validated_teacher_index
89339085,0,2,Yushin Ito,54773249,yushin_20260802_incremental,zip,C:\Users\shiba\ptcc_pokemon_ai_buttle\data\runs\alakazam\20260802_yushin_incremental_after_89285136.zip,20260802_yushin_incremental_after_89285136/episodes/89339085/replay/episode_89339085.json,0.7071067811865475,,validated_teacher_index
89342882,1,2,Yushin Ito,54773249,yushin_20260802_incremental,zip,C:\Users\shiba\ptcc_pokemon_ai_buttle\data\runs\alakazam\20260802_yushin_incremental_after_89285136.zip,20260802_yushin_incremental_after_89285136/episodes/89342882/replay/episode_89342882.json,0.7071067811865475,,validated_teacher_index
89348145,1,2,Yushin Ito,54773249,yushin_20260802_incremental,zip,C:\Users\shiba\ptcc_pokemon_ai_buttle\data\runs\alakazam\20260802_yushin_incremental_after_89285136.zip,20260802_yushin_incremental_after_89285136/episodes/89348145/replay/episode_89348145.json,0.7071067811865475,,validated_teacher_index
89359473,0,2,Yushin Ito,54773249,yushin_20260802_incremental,zip,C:\Users\shiba\ptcc_pokemon_ai_buttle\data\runs\alakazam\20260802_yushin_incremental_after_89285136.zip,20260802_yushin_incremental_after_89285136/episodes/89359473/replay/episode_89359473.json,0.7071067811865475,,validated_teacher_index
89360902,0,2,Yushin Ito,54773249,yushin_20260802_incremental,zip,C:\Users\shiba\ptcc_pokemon_ai_buttle\data\runs\alakazam\20260802_yushin_incremental_after_89285136.zip,20260802_yushin_incremental_after_89285136/episodes/89360902/replay/episode_89360902.json,0.7071067811865475,,validated_teacher_index
89371586,1,2,Yushin Ito,54773249,yushin_20260802_incremental,zip,C:\Users\shiba\ptcc_pokemon_ai_buttle\data\runs\alakazam\20260802_yushin_incremental_after_89285136.zip,20260802_yushin_incremental_after_89285136/episodes/89371586/replay/episode_89371586.json,0.7071067811865475,,validated_teacher_index
89379536,1,2,Yushin Ito,54773249,yushin_20260802_incremental,zip,C:\Users\shiba\ptcc_pokemon_ai_buttle\data\runs\alakazam\20260802_yushin_incremental_after_89285136.zip,20260802_yushin_incremental_after_89285136/episodes/89379536/replay/episode_89379536.json,0.7071067811865475,,validated_teacher_index
89379901,1,2,Yushin Ito,54773249,yushin_20260802_incremental,zip,C:\Users\shiba\ptcc_pokemon_ai_buttle\data\runs\alakazam\20260802_yushin_incremental_after_89285136.zip,20260802_yushin_incremental_after_89285136/episodes/89379901/replay/episode_89379901.json,0.7071067811865475,,validated_teacher_index
89382147,1,2,Yushin Ito,54773249,yushin_20260802_incremental,zip,C:\Users\shiba\ptcc_pokemon_ai_buttle\data\runs\alakazam\20260802_yushin_incremental_after_89285136.zip,20260802_yushin_incremental_after_89285136/episodes/89382147/replay/episode_89382147.json,0.7071067811865475,,validated_teacher_index
89385945,1,2,Yushin Ito,54773249,yushin_20260802_incremental,zip,C:\Users\shiba\ptcc_pokemon_ai_buttle\data\runs\alakazam\20260802_yushin_incremental_after_89285136.zip,20260802_yushin_incremental_after_89285136/episodes/89385945/replay/episode_89385945.json,0.7071067811865475,,validated_teacher_index
89386439,0,2,Yushin Ito,54773249,yushin_20260802_incremental,zip,C:\Users\shiba\ptcc_pokemon_ai_buttle\data\runs\alakazam\20260802_yushin_incremental_after_89285136.zip,20260802_yushin_incremental_after_89285136/episodes/89386439/replay/episode_89386439.json,0.7071067811865475,,validated_teacher_index
89387850,0,2,Yushin Ito,54773249,yushin_20260802_incremental,zip,C:\Users\shiba\ptcc_pokemon_ai_buttle\data\runs\alakazam\20260802_yushin_incremental_after_89285136.zip,20260802_yushin_incremental_after_89285136/episodes/89387850/replay/episode_89387850.json,0.7071067811865475,,validated_teacher_index
89388504,1,2,Yushin Ito,54773249,yushin_20260802_incremental,zip,C:\Users\shiba\ptcc_pokemon_ai_buttle\data\runs\alakazam\20260802_yushin_incremental_after_89285136.zip,20260802_yushin_incremental_after_89285136/episodes/89388504/replay/episode_89388504.json,0.7071067811865475,,validated_teacher_index
89389047,0,2,Yushin Ito,54773249,yushin_20260802_incremental,zip,C:\Users\shiba\ptcc_pokemon_ai_buttle\data\runs\alakazam\20260802_yushin_incremental_after_89285136.zip,20260802_yushin_incremental_after_89285136/episodes/89389047/replay/episode_89389047.json,0.7071067811865475,,validated_teacher_index
89389527,0,2,Yushin Ito,54773249,yushin_20260802_incremental,zip,C:\Users\shiba\ptcc_pokemon_ai_buttle\data\runs\alakazam\20260802_yushin_incremental_after_89285136.zip,20260802_yushin_incremental_after_89285136/episodes/89389527/replay/episode_89389527.json,0.7071067811865475,,validated_teacher_index
89389535,0,2,Yushin Ito,54773249,yushin_20260802_incremental,zip,C:\Users\shiba\ptcc_pokemon_ai_buttle\data\runs\alakazam\20260802_yushin_incremental_after_89285136.zip,20260802_yushin_incremental_after_89285136/episodes/89389535/replay/episode_89389535.json,0.7071067811865475,,validated_teacher_index
89389965,1,2,Yushin Ito,54773249,yushin_20260802_incremental,zip,C:\Users\shiba\ptcc_pokemon_ai_buttle\data\runs\alakazam\20260802_yushin_incremental_after_89285136.zip,20260802_yushin_incremental_after_89285136/episodes/89389965/replay/episode_89389965.json,0.7071067811865475,,validated_teacher_index
89390506,1,2,Yushin Ito,54773249,yushin_20260802_incremental,zip,C:\Users\shiba\ptcc_pokemon_ai_buttle\data\runs\alakazam\20260802_yushin_incremental_after_89285136.zip,20260802_yushin_incremental_after_89285136/episodes/89390506/replay/episode_89390506.json,0.7071067811865475,,validated_teacher_index
89391034,1,2,Yushin Ito,54773249,yushin_20260802_incremental,zip,C:\Users\shiba\ptcc_pokemon_ai_buttle\data\runs\alakazam\20260802_yushin_incremental_after_89285136.zip,20260802_yushin_incremental_after_89285136/episodes/89391034/replay/episode_89391034.json,0.7071067811865475,,validated_teacher_index
89391557,0,2,Yushin Ito,54773249,yushin_20260802_incremental,zip,C:\Users\shiba\ptcc_pokemon_ai_buttle\data\runs\alakazam\20260802_yushin_incremental_after_89285136.zip,20260802_yushin_incremental_after_89285136/episodes/89391557/replay/episode_89391557.json,0.7071067811865475,,validated_teacher_index
89392075,1,2,Yushin Ito,54773249,yushin_20260802_incremental,zip,C:\Users\shiba\ptcc_pokemon_ai_buttle\data\runs\alakazam\20260802_yushin_incremental_after_89285136.zip,20260802_yushin_incremental_after_89285136/episodes/89392075/replay/episode_89392075.json,0.7071067811865475,,validated_teacher_index
89392180,0,2,Yushin Ito,54773249,yushin_20260802_incremental,zip,C:\Users\shiba\ptcc_pokemon_ai_buttle\data\runs\alakazam\20260802_yushin_incremental_after_89285136.zip,20260802_yushin_incremental_after_89285136/episodes/89392180/replay/episode_89392180.json,0.7071067811865475,,validated_teacher_index
89392568,1,2,Yushin Ito,54773249,yushin_20260802_incremental,zip,C:\Users\shiba\ptcc_pokemon_ai_buttle\data\runs\alakazam\20260802_yushin_incremental_after_89285136.zip,20260802_yushin_incremental_after_89285136/episodes/89392568/replay/episode_89392568.json,0.7071067811865475,,validated_teacher_index
89392594,1,2,Yushin Ito,54773249,yushin_20260802_incremental,zip,C:\Users\shiba\ptcc_pokemon_ai_buttle\data\runs\alakazam\20260802_yushin_incremental_after_89285136.zip,20260802_yushin_incremental_after_89285136/episodes/89392594/replay/episode_89392594.json,0.7071067811865475,,validated_teacher_index
89393112,0,2,Yushin Ito,54773249,yushin_20260802_incremental,zip,C:\Users\shiba\ptcc_pokemon_ai_buttle\data\runs\alakazam\20260802_yushin_incremental_after_89285136.zip,20260802_yushin_incremental_after_89285136/episodes/89393112/replay/episode_89393112.json,0.7071067811865475,,validated_teacher_index
89393635,1,2,Yushin Ito,54773249,yushin_20260802_incremental,zip,C:\Users\shiba\ptcc_pokemon_ai_buttle\data\runs\alakazam\20260802_yushin_incremental_after_89285136.zip,20260802_yushin_incremental_after_89285136/episodes/89393635/replay/episode_89393635.json,0.7071067811865475,,validated_teacher_index
89393643,1,2,Yushin Ito,54773249,yushin_20260802_incremental,zip,C:\Users\shiba\ptcc_pokemon_ai_buttle\data\runs\alakazam\20260802_yushin_incremental_after_89285136.zip,20260802_yushin_incremental_after_89285136/episodes/89393643/replay/episode_89393643.json,0.7071067811865475,,validated_teacher_index
89393649,0,2,Yushin Ito,54773249,yushin_20260802_incremental,zip,C:\Users\shiba\ptcc_pokemon_ai_buttle\data\runs\alakazam\20260802_yushin_incremental_after_89285136.zip,20260802_yushin_incremental_after_89285136/episodes/89393649/replay/episode_89393649.json,0.7071067811865475,,validated_teacher_index
89394168,0,2,Yushin Ito,54773249,yushin_20260802_incremental,zip,C:\Users\shiba\ptcc_pokemon_ai_buttle\data\runs\alakazam\20260802_yushin_incremental_after_89285136.zip,20260802_yushin_incremental_after_89285136/episodes/89394168/replay/episode_89394168.json,0.7071067811865475,,validated_teacher_index
89394686,0,2,Yushin Ito,54773249,yushin_20260802_incremental,zip,C:\Users\shiba\ptcc_pokemon_ai_buttle\data\runs\alakazam\20260802_yushin_incremental_after_89285136.zip,20260802_yushin_incremental_after_89285136/episodes/89394686/replay/episode_89394686.json,0.7071067811865475,,validated_teacher_index
89395217,1,2,Yushin Ito,54773249,yushin_20260802_incremental,zip,C:\Users\shiba\ptcc_pokemon_ai_buttle\data\runs\alakazam\20260802_yushin_incremental_after_89285136.zip,20260802_yushin_incremental_after_89285136/episodes/89395217/replay/episode_89395217.json,0.7071067811865475,,validated_teacher_index
89395745,1,2,Yushin Ito,54773249,yushin_20260802_incremental,zip,C:\Users\shiba\ptcc_pokemon_ai_buttle\data\runs\alakazam\20260802_yushin_incremental_after_89285136.zip,20260802_yushin_incremental_after_89285136/episodes/89395745/replay/episode_89395745.json,0.7071067811865475,,validated_teacher_index
89396207,1,2,Yushin Ito,54773249,yushin_20260802_incremental,zip,C:\Users\shiba\ptcc_pokemon_ai_buttle\data\runs\alakazam\20260802_yushin_incremental_after_89285136.zip,20260802_yushin_incremental_after_89285136/episodes/89396207/replay/episode_89396207.json,0.7071067811865475,,validated_teacher_index
89396212,0,2,Yushin Ito,54773249,yushin_20260802_incremental,zip,C:\Users\shiba\ptcc_pokemon_ai_buttle\data\runs\alakazam\20260802_yushin_incremental_after_89285136.zip,20260802_yushin_incremental_after_89285136/episodes/89396212/replay/episode_89396212.json,0.7071067811865475,,validated_teacher_index
89396259,1,2,Yushin Ito,54773249,yushin_20260802_incremental,zip,C:\Users\shiba\ptcc_pokemon_ai_buttle\data\runs\alakazam\20260802_yushin_incremental_after_89285136.zip,20260802_yushin_incremental_after_89285136/episodes/89396259/replay/episode_89396259.json,0.7071067811865475,,validated_teacher_index
89396264,0,2,Yushin Ito,54773249,yushin_20260802_incremental,zip,C:\Users\shiba\ptcc_pokemon_ai_buttle\data\runs\alakazam\20260802_yushin_incremental_after_89285136.zip,20260802_yushin_incremental_after_89285136/episodes/89396264/replay/episode_89396264.json,0.7071067811865475,,validated_teacher_index
89396797,1,2,Yushin Ito,54773249,yushin_20260802_incremental,zip,C:\Users\shiba\ptcc_pokemon_ai_buttle\data\runs\alakazam\20260802_yushin_incremental_after_89285136.zip,20260802_yushin_incremental_after_89285136/episodes/89396797/replay/episode_89396797.json,0.7071067811865475,,validated_teacher_index
89397321,0,2,Yushin Ito,54773249,yushin_20260802_incremental,zip,C:\Users\shiba\ptcc_pokemon_ai_buttle\data\runs\alakazam\20260802_yushin_incremental_after_89285136.zip,20260802_yushin_incremental_after_89285136/episodes/89397321/replay/episode_89397321.json,0.7071067811865475,,validated_teacher_index
89397859,1,2,Yushin Ito,54773249,yushin_20260802_incremental,zip,C:\Users\shiba\ptcc_pokemon_ai_buttle\data\runs\alakazam\20260802_yushin_incremental_after_89285136.zip,20260802_yushin_incremental_after_89285136/episodes/89397859/replay/episode_89397859.json,0.7071067811865475,,validated_teacher_index
89398400,0,2,Yushin Ito,54773249,yushin_20260802_incremental,zip,C:\Users\shiba\ptcc_pokemon_ai_buttle\data\runs\alakazam\20260802_yushin_incremental_after_89285136.zip,20260802_yushin_incremental_after_89285136/episodes/89398400/replay/episode_89398400.json,0.7071067811865475,,validated_teacher_index
89398432,1,2,Yushin Ito,54773249,yushin_20260802_incremental,zip,C:\Users\shiba\ptcc_pokemon_ai_buttle\data\runs\alakazam\20260802_yushin_incremental_after_89285136.zip,20260802_yushin_incremental_after_89285136/episodes/89398432/replay/episode_89398432.json,0.7071067811865475,,validated_teacher_index
89398930,0,2,Yushin Ito,54773249,yushin_20260802_incremental,zip,C:\Users\shiba\ptcc_pokemon_ai_buttle\data\runs\alakazam\20260802_yushin_incremental_after_89285136.zip,20260802_yushin_incremental_after_89285136/episodes/89398930/replay/episode_89398930.json,0.7071067811865475,,validated_teacher_index
89398950,0,2,Yushin Ito,54773249,yushin_20260802_incremental,zip,C:\Users\shiba\ptcc_pokemon_ai_buttle\data\runs\alakazam\20260802_yushin_incremental_after_89285136.zip,20260802_yushin_incremental_after_89285136/episodes/89398950/replay/episode_89398950.json,0.7071067811865475,,validated_teacher_index
89399406,0,2,Yushin Ito,54773249,yushin_20260802_incremental,zip,C:\Users\shiba\ptcc_pokemon_ai_buttle\data\runs\alakazam\20260802_yushin_incremental_after_89285136.zip,20260802_yushin_incremental_after_89285136/episodes/89399406/replay/episode_89399406.json,0.7071067811865475,,validated_teacher_index
89399970,1,2,Yushin Ito,54773249,yushin_20260802_incremental,zip,C:\Users\shiba\ptcc_pokemon_ai_buttle\data\runs\alakazam\20260802_yushin_incremental_after_89285136.zip,20260802_yushin_incremental_after_89285136/episodes/89399970/replay/episode_89399970.json,0.7071067811865475,,validated_teacher_index
89400501,1,2,Yushin Ito,54773249,yushin_20260802_incremental,zip,C:\Users\shiba\ptcc_pokemon_ai_buttle\data\runs\alakazam\20260802_yushin_incremental_after_89285136.zip,20260802_yushin_incremental_after_89285136/episodes/89400501/replay/episode_89400501.json,0.7071067811865475,,validated_teacher_index
89400503,1,2,Yushin Ito,54773249,yushin_20260802_incremental,zip,C:\Users\shiba\ptcc_pokemon_ai_buttle\data\runs\alakazam\20260802_yushin_incremental_after_89285136.zip,20260802_yushin_incremental_after_89285136/episodes/89400503/replay/episode_89400503.json,0.7071067811865475,,validated_teacher_index
89400613,1,2,Yushin Ito,54773249,yushin_20260802_incremental,zip,C:\Users\shiba\ptcc_pokemon_ai_buttle\data\runs\alakazam\20260802_yushin_incremental_after_89285136.zip,20260802_yushin_incremental_after_89285136/episodes/89400613/replay/episode_89400613.json,0.7071067811865475,,validated_teacher_index
89401023,0,2,Yushin Ito,54773249,yushin_20260802_incremental,zip,C:\Users\shiba\ptcc_pokemon_ai_buttle\data\runs\alakazam\20260802_yushin_incremental_after_89285136.zip,20260802_yushin_incremental_after_89285136/episodes/89401023/replay/episode_89401023.json,0.7071067811865475,,validated_teacher_index
89401542,1,2,Yushin Ito,54773249,yushin_20260802_incremental,zip,C:\Users\shiba\ptcc_pokemon_ai_buttle\data\runs\alakazam\20260802_yushin_incremental_after_89285136.zip,20260802_yushin_incremental_after_89285136/episodes/89401542/replay/episode_89401542.json,0.7071067811865475,,validated_teacher_index
89401549,0,2,Yushin Ito,54773249,yushin_20260802_incremental,zip,C:\Users\shiba\ptcc_pokemon_ai_buttle\data\runs\alakazam\20260802_yushin_incremental_after_89285136.zip,20260802_yushin_incremental_after_89285136/episodes/89401549/replay/episode_89401549.json,0.7071067811865475,,validated_teacher_index
89402077,1,2,Yushin Ito,54773249,yushin_20260802_incremental,zip,C:\Users\shiba\ptcc_pokemon_ai_buttle\data\runs\alakazam\20260802_yushin_incremental_after_89285136.zip,20260802_yushin_incremental_after_89285136/episodes/89402077/replay/episode_89402077.json,0.7071067811865475,,validated_teacher_index
89402602,0,2,Yushin Ito,54773249,yushin_20260802_incremental,zip,C:\Users\shiba\ptcc_pokemon_ai_buttle\data\runs\alakazam\20260802_yushin_incremental_after_89285136.zip,20260802_yushin_incremental_after_89285136/episodes/89402602/replay/episode_89402602.json,0.7071067811865475,,validated_teacher_index
89403128,0,2,Yushin Ito,54773249,yushin_20260802_incremental,zip,C:\Users\shiba\ptcc_pokemon_ai_buttle\data\runs\alakazam\20260802_yushin_incremental_after_89285136.zip,20260802_yushin_incremental_after_89285136/episodes/89403128/replay/episode_89403128.json,0.7071067811865475,,validated_teacher_index
89403154,0,2,Yushin Ito,54773249,yushin_20260802_incremental,zip,C:\Users\shiba\ptcc_pokemon_ai_buttle\data\runs\alakazam\20260802_yushin_incremental_after_89285136.zip,20260802_yushin_incremental_after_89285136/episodes/89403154/replay/episode_89403154.json,0.7071067811865475,,validated_teacher_index
89403654,0,2,Yushin Ito,54773249,yushin_20260802_incremental,zip,C:\Users\shiba\ptcc_pokemon_ai_buttle\data\runs\alakazam\20260802_yushin_incremental_after_89285136.zip,20260802_yushin_incremental_after_89285136/episodes/89403654/replay/episode_89403654.json,0.7071067811865475,,validated_teacher_index
89403661,1,2,Yushin Ito,54773249,yushin_20260802_incremental,zip,C:\Users\shiba\ptcc_pokemon_ai_buttle\data\runs\alakazam\20260802_yushin_incremental_after_89285136.zip,20260802_yushin_incremental_after_89285136/episodes/89403661/replay/episode_89403661.json,0.7071067811865475,,validated_teacher_index
89404182,1,2,Yushin Ito,54773249,yushin_20260802_incremental,zip,C:\Users\shiba\ptcc_pokemon_ai_buttle\data\runs\alakazam\20260802_yushin_incremental_after_89285136.zip,20260802_yushin_incremental_after_89285136/episodes/89404182/replay/episode_89404182.json,0.7071067811865475,,validated_teacher_index
89404705,1,2,Yushin Ito,54773249,yushin_20260802_incremental,zip,C:\Users\shiba\ptcc_pokemon_ai_buttle\data\runs\alakazam\20260802_yushin_incremental_after_89285136.zip,20260802_yushin_incremental_after_89285136/episodes/89404705/replay/episode_89404705.json,0.7071067811865475,,validated_teacher_index
89404717,1,2,Yushin Ito,54773249,yushin_20260802_incremental,zip,C:\Users\shiba\ptcc_pokemon_ai_buttle\data\runs\alakazam\20260802_yushin_incremental_after_89285136.zip,20260802_yushin_incremental_after_89285136/episodes/89404717/replay/episode_89404717.json,0.7071067811865475,,validated_teacher_index
89404733,0,2,Yushin Ito,54773249,yushin_20260802_incremental,zip,C:\Users\shiba\ptcc_pokemon_ai_buttle\data\runs\alakazam\20260802_yushin_incremental_after_89285136.zip,20260802_yushin_incremental_after_89285136/episodes/89404733/replay/episode_89404733.json,0.7071067811865475,,validated_teacher_index
89405235,1,2,Yushin Ito,54773249,yushin_20260802_incremental,zip,C:\Users\shiba\ptcc_pokemon_ai_buttle\data\runs\alakazam\20260802_yushin_incremental_after_89285136.zip,20260802_yushin_incremental_after_89285136/episodes/89405235/replay/episode_89405235.json,0.7071067811865475,,validated_teacher_index
89405242,0,2,Yushin Ito,54773249,yushin_20260802_incremental,zip,C:\Users\shiba\ptcc_pokemon_ai_buttle\data\runs\alakazam\20260802_yushin_incremental_after_89285136.zip,20260802_yushin_incremental_after_89285136/episodes/89405242/replay/episode_89405242.json,0.7071067811865475,,validated_teacher_index
89405410,1,2,Yushin Ito,54773249,yushin_20260802_incremental,zip,C:\Users\shiba\ptcc_pokemon_ai_buttle\data\runs\alakazam\20260802_yushin_incremental_after_89285136.zip,20260802_yushin_incremental_after_89285136/episodes/89405410/replay/episode_89405410.json,0.7071067811865475,,validated_teacher_index
89405757,0,2,Yushin Ito,54773249,yushin_20260802_incremental,zip,C:\Users\shiba\ptcc_pokemon_ai_buttle\data\runs\alakazam\20260802_yushin_incremental_after_89285136.zip,20260802_yushin_incremental_after_89285136/episodes/89405757/replay/episode_89405757.json,0.7071067811865475,,validated_teacher_index
89406282,0,2,Yushin Ito,54773249,yushin_20260802_incremental,zip,C:\Users\shiba\ptcc_pokemon_ai_buttle\data\runs\alakazam\20260802_yushin_incremental_after_89285136.zip,20260802_yushin_incremental_after_89285136/episodes/89406282/replay/episode_89406282.json,0.7071067811865475,,validated_teacher_index
89406787,1,2,Yushin Ito,54773249,yushin_20260802_incremental,zip,C:\Users\shiba\ptcc_pokemon_ai_buttle\data\runs\alakazam\20260802_yushin_incremental_after_89285136.zip,20260802_yushin_incremental_after_89285136/episodes/89406787/replay/episode_89406787.json,0.7071067811865475,,validated_teacher_index
89406800,1,2,Yushin Ito,54773249,yushin_20260802_incremental,zip,C:\Users\shiba\ptcc_pokemon_ai_buttle\data\runs\alakazam\20260802_yushin_incremental_after_89285136.zip,20260802_yushin_incremental_after_89285136/episodes/89406800/replay/episode_89406800.json,0.7071067811865475,,validated_teacher_index
89406803,0,2,Yushin Ito,54773249,yushin_20260802_incremental,zip,C:\Users\shiba\ptcc_pokemon_ai_buttle\data\runs\alakazam\20260802_yushin_incremental_after_89285136.zip,20260802_yushin_incremental_after_89285136/episodes/89406803/replay/episode_89406803.json,0.7071067811865475,,validated_teacher_index
89406812,1,2,Yushin Ito,54773249,yushin_20260802_incremental,zip,C:\Users\shiba\ptcc_pokemon_ai_buttle\data\runs\alakazam\20260802_yushin_incremental_after_89285136.zip,20260802_yushin_incremental_after_89285136/episodes/89406812/replay/episode_89406812.json,0.7071067811865475,,validated_teacher_index
89407315,1,2,Yushin Ito,54773249,yushin_20260802_incremental,zip,C:\Users\shiba\ptcc_pokemon_ai_buttle\data\runs\alakazam\20260802_yushin_incremental_after_89285136.zip,20260802_yushin_incremental_after_89285136/episodes/89407315/replay/episode_89407315.json,0.7071067811865475,,validated_teacher_index
89407326,1,2,Yushin Ito,54773249,yushin_20260802_incremental,zip,C:\Users\shiba\ptcc_pokemon_ai_buttle\data\runs\alakazam\20260802_yushin_incremental_after_89285136.zip,20260802_yushin_incremental_after_89285136/episodes/89407326/replay/episode_89407326.json,0.7071067811865475,,validated_teacher_index
89407847,0,2,Yushin Ito,54773249,yushin_20260802_incremental,zip,C:\Users\shiba\ptcc_pokemon_ai_buttle\data\runs\alakazam\20260802_yushin_incremental_after_89285136.zip,20260802_yushin_incremental_after_89285136/episodes/89407847/replay/episode_89407847.json,0.7071067811865475,,validated_teacher_index
89408381,1,2,Yushin Ito,54773249,yushin_20260802_incremental,zip,C:\Users\shiba\ptcc_pokemon_ai_buttle\data\runs\alakazam\20260802_yushin_incremental_after_89285136.zip,20260802_yushin_incremental_after_89285136/episodes/89408381/replay/episode_89408381.json,0.7071067811865475,,validated_teacher_index
89408907,1,2,Yushin Ito,54773249,yushin_20260802_incremental,zip,C:\Users\shiba\ptcc_pokemon_ai_buttle\data\runs\alakazam\20260802_yushin_incremental_after_89285136.zip,20260802_yushin_incremental_after_89285136/episodes/89408907/replay/episode_89408907.json,0.7071067811865475,,validated_teacher_index
89409429,1,2,Yushin Ito,54773249,yushin_20260802_incremental,zip,C:\Users\shiba\ptcc_pokemon_ai_buttle\data\runs\alakazam\20260802_yushin_incremental_after_89285136.zip,20260802_yushin_incremental_after_89285136/episodes/89409429/replay/episode_89409429.json,0.7071067811865475,,validated_teacher_index
89409956,1,2,Yushin Ito,54773249,yushin_20260802_incremental,zip,C:\Users\shiba\ptcc_pokemon_ai_buttle\data\runs\alakazam\20260802_yushin_incremental_after_89285136.zip,20260802_yushin_incremental_after_89285136/episodes/89409956/replay/episode_89409956.json,0.7071067811865475,,validated_teacher_index
89410480,1,2,Yushin Ito,54773249,yushin_20260802_incremental,zip,C:\Users\shiba\ptcc_pokemon_ai_buttle\data\runs\alakazam\20260802_yushin_incremental_after_89285136.zip,20260802_yushin_incremental_after_89285136/episodes/89410480/replay/episode_89410480.json,0.7071067811865475,,validated_teacher_index
89411004,0,2,Yushin Ito,54773249,yushin_20260802_incremental,zip,C:\Users\shiba\ptcc_pokemon_ai_buttle\data\runs\alakazam\20260802_yushin_incremental_after_89285136.zip,20260802_yushin_incremental_after_89285136/episodes/89411004/replay/episode_89411004.json,0.7071067811865475,,validated_teacher_index
89411523,0,2,Yushin Ito,54773249,yushin_20260802_incremental,zip,C:\Users\shiba\ptcc_pokemon_ai_buttle\data\runs\alakazam\20260802_yushin_incremental_after_89285136.zip,20260802_yushin_incremental_after_89285136/episodes/89411523/replay/episode_89411523.json,0.7071067811865475,,validated_teacher_index
89411531,1,2,Yushin Ito,54773249,yushin_20260802_incremental,zip,C:\Users\shiba\ptcc_pokemon_ai_buttle\data\runs\alakazam\20260802_yushin_incremental_after_89285136.zip,20260802_yushin_incremental_after_89285136/episodes/89411531/replay/episode_89411531.json,0.7071067811865475,,validated_teacher_index
89411537,0,2,Yushin Ito,54773249,yushin_20260802_incremental,zip,C:\Users\shiba\ptcc_pokemon_ai_buttle\data\runs\alakazam\20260802_yushin_incremental_after_89285136.zip,20260802_yushin_incremental_after_89285136/episodes/89411537/replay/episode_89411537.json,0.7071067811865475,,validated_teacher_index
89412054,0,2,Yushin Ito,54773249,yushin_20260802_incremental,zip,C:\Users\shiba\ptcc_pokemon_ai_buttle\data\runs\alakazam\20260802_yushin_incremental_after_89285136.zip,20260802_yushin_incremental_after_89285136/episodes/89412054/replay/episode_89412054.json,0.7071067811865475,,validated_teacher_index
89412586,0,2,Yushin Ito,54773249,yushin_20260802_incremental,zip,C:\Users\shiba\ptcc_pokemon_ai_buttle\data\runs\alakazam\20260802_yushin_incremental_after_89285136.zip,20260802_yushin_incremental_after_89285136/episodes/89412586/replay/episode_89412586.json,0.7071067811865475,,validated_teacher_index
89412588,1,2,Yushin Ito,54773249,yushin_20260802_incremental,zip,C:\Users\shiba\ptcc_pokemon_ai_buttle\data\runs\alakazam\20260802_yushin_incremental_after_89285136.zip,20260802_yushin_incremental_after_89285136/episodes/89412588/replay/episode_89412588.json,0.7071067811865475,,validated_teacher_index
89412611,1,2,Yushin Ito,54773249,yushin_20260802_incremental,zip,C:\Users\shiba\ptcc_pokemon_ai_buttle\data\runs\alakazam\20260802_yushin_incremental_after_89285136.zip,20260802_yushin_incremental_after_89285136/episodes/89412611/replay/episode_89412611.json,0.7071067811865475,,validated_teacher_index
89413112,0,2,Yushin Ito,54773249,yushin_20260802_incremental,zip,C:\Users\shiba\ptcc_pokemon_ai_buttle\data\runs\alakazam\20260802_yushin_incremental_after_89285136.zip,20260802_yushin_incremental_after_89285136/episodes/89413112/replay/episode_89413112.json,0.7071067811865475,,validated_teacher_index
89413640,0,2,Yushin Ito,54773249,yushin_20260802_incremental,zip,C:\Users\shiba\ptcc_pokemon_ai_buttle\data\runs\alakazam\20260802_yushin_incremental_after_89285136.zip,20260802_yushin_incremental_after_89285136/episodes/89413640/replay/episode_89413640.json,0.7071067811865475,,validated_teacher_index
89414179,0,2,Yushin Ito,54773249,yushin_20260802_incremental,zip,C:\Users\shiba\ptcc_pokemon_ai_buttle\data\runs\alakazam\20260802_yushin_incremental_after_89285136.zip,20260802_yushin_incremental_after_89285136/episodes/89414179/replay/episode_89414179.json,0.7071067811865475,,validated_teacher_index
89414205,0,2,Yushin Ito,54773249,yushin_20260802_incremental,zip,C:\Users\shiba\ptcc_pokemon_ai_buttle\data\runs\alakazam\20260802_yushin_incremental_after_89285136.zip,20260802_yushin_incremental_after_89285136/episodes/89414205/replay/episode_89414205.json,0.7071067811865475,,validated_teacher_index
89414689,0,2,Yushin Ito,54773249,yushin_20260802_incremental,zip,C:\Users\shiba\ptcc_pokemon_ai_buttle\data\runs\alakazam\20260802_yushin_incremental_after_89285136.zip,20260802_yushin_incremental_after_89285136/episodes/89414689/replay/episode_89414689.json,0.7071067811865475,,validated_teacher_index
89414704,1,2,Yushin Ito,54773249,yushin_20260802_incremental,zip,C:\Users\shiba\ptcc_pokemon_ai_buttle\data\runs\alakazam\20260802_yushin_incremental_after_89285136.zip,20260802_yushin_incremental_after_89285136/episodes/89414704/replay/episode_89414704.json,0.7071067811865475,,validated_teacher_index
89415219,0,2,Yushin Ito,54773249,yushin_20260802_incremental,zip,C:\Users\shiba\ptcc_pokemon_ai_buttle\data\runs\alakazam\20260802_yushin_incremental_after_89285136.zip,20260802_yushin_incremental_after_89285136/episodes/89415219/replay/episode_89415219.json,0.7071067811865475,,validated_teacher_index
89415235,0,2,Yushin Ito,54773249,yushin_20260802_incremental,zip,C:\Users\shiba\ptcc_pokemon_ai_buttle\data\runs\alakazam\20260802_yushin_incremental_after_89285136.zip,20260802_yushin_incremental_after_89285136/episodes/89415235/replay/episode_89415235.json,0.7071067811865475,,validated_teacher_index
89415242,1,2,Yushin Ito,54773249,yushin_20260802_incremental,zip,C:\Users\shiba\ptcc_pokemon_ai_buttle\data\runs\alakazam\20260802_yushin_incremental_after_89285136.zip,20260802_yushin_incremental_after_89285136/episodes/89415242/replay/episode_89415242.json,0.7071067811865475,,validated_teacher_index
89415757,0,2,Yushin Ito,54773249,yushin_20260802_incremental,zip,C:\Users\shiba\ptcc_pokemon_ai_buttle\data\runs\alakazam\20260802_yushin_incremental_after_89285136.zip,20260802_yushin_incremental_after_89285136/episodes/89415757/replay/episode_89415757.json,0.7071067811865475,,validated_teacher_index
89416286,1,2,Yushin Ito,54773249,yushin_20260802_incremental,zip,C:\Users\shiba\ptcc_pokemon_ai_buttle\data\runs\alakazam\20260802_yushin_incremental_after_89285136.zip,20260802_yushin_incremental_after_89285136/episodes/89416286/replay/episode_89416286.json,0.7071067811865475,,validated_teacher_index
89416291,1,2,Yushin Ito,54773249,yushin_20260802_incremental,zip,C:\Users\shiba\ptcc_pokemon_ai_buttle\data\runs\alakazam\20260802_yushin_incremental_after_89285136.zip,20260802_yushin_incremental_after_89285136/episodes/89416291/replay/episode_89416291.json,0.7071067811865475,,validated_teacher_index
89416834,1,2,Yushin Ito,54773249,yushin_20260802_incremental,zip,C:\Users\shiba\ptcc_pokemon_ai_buttle\data\runs\alakazam\20260802_yushin_incremental_after_89285136.zip,20260802_yushin_incremental_after_89285136/episodes/89416834/replay/episode_89416834.json,0.7071067811865475,,validated_teacher_index
89417401,0,2,Yushin Ito,54773249,yushin_20260802_incremental,zip,C:\Users\shiba\ptcc_pokemon_ai_buttle\data\runs\alakazam\20260802_yushin_incremental_after_89285136.zip,20260802_yushin_incremental_after_89285136/episodes/89417401/replay/episode_89417401.json,0.7071067811865475,,validated_teacher_index
89417447,1,2,Yushin Ito,54773249,yushin_20260802_incremental,zip,C:\Users\shiba\ptcc_pokemon_ai_buttle\data\runs\alakazam\20260802_yushin_incremental_after_89285136.zip,20260802_yushin_incremental_after_89285136/episodes/89417447/replay/episode_89417447.json,0.7071067811865475,,validated_teacher_index
89417979,0,2,Yushin Ito,54773249,yushin_20260802_incremental,zip,C:\Users\shiba\ptcc_pokemon_ai_buttle\data\runs\alakazam\20260802_yushin_incremental_after_89285136.zip,20260802_yushin_incremental_after_89285136/episodes/89417979/replay/episode_89417979.json,0.7071067811865475,,validated_teacher_index
89417984,1,2,Yushin Ito,54773249,yushin_20260802_incremental,zip,C:\Users\shiba\ptcc_pokemon_ai_buttle\data\runs\alakazam\20260802_yushin_incremental_after_89285136.zip,20260802_yushin_incremental_after_89285136/episodes/89417984/replay/episode_89417984.json,0.7071067811865475,,validated_teacher_index
89418488,1,2,Yushin Ito,54773249,yushin_20260802_incremental,zip,C:\Users\shiba\ptcc_pokemon_ai_buttle\data\runs\alakazam\20260802_yushin_incremental_after_89285136.zip,20260802_yushin_incremental_after_89285136/episodes/89418488/replay/episode_89418488.json,0.7071067811865475,,validated_teacher_index
89418508,0,2,Yushin Ito,54773249,yushin_20260802_incremental,zip,C:\Users\shiba\ptcc_pokemon_ai_buttle\data\runs\alakazam\20260802_yushin_incremental_after_89285136.zip,20260802_yushin_incremental_after_89285136/episodes/89418508/replay/episode_89418508.json,0.7071067811865475,,validated_teacher_index
89419054,0,2,Yushin Ito,54773249,yushin_20260802_incremental,zip,C:\Users\shiba\ptcc_pokemon_ai_buttle\data\runs\alakazam\20260802_yushin_incremental_after_89285136.zip,20260802_yushin_incremental_after_89285136/episodes/89419054/replay/episode_89419054.json,0.7071067811865475,,validated_teacher_index
89419585,1,2,Yushin Ito,54773249,yushin_20260802_incremental,zip,C:\Users\shiba\ptcc_pokemon_ai_buttle\data\runs\alakazam\20260802_yushin_incremental_after_89285136.zip,20260802_yushin_incremental_after_89285136/episodes/89419585/replay/episode_89419585.json,0.7071067811865475,,validated_teacher_index
89419591,0,2,Yushin Ito,54773249,yushin_20260802_incremental,zip,C:\Users\shiba\ptcc_pokemon_ai_buttle\data\runs\alakazam\20260802_yushin_incremental_after_89285136.zip,20260802_yushin_incremental_after_89285136/episodes/89419591/replay/episode_89419591.json,0.7071067811865475,,validated_teacher_index
89420132,1,2,Yushin Ito,54773249,yushin_20260802_incremental,zip,C:\Users\shiba\ptcc_pokemon_ai_buttle\data\runs\alakazam\20260802_yushin_incremental_after_89285136.zip,20260802_yushin_incremental_after_89285136/episodes/89420132/replay/episode_89420132.json,0.7071067811865475,,validated_teacher_index
89420674,0,2,Yushin Ito,54773249,yushin_20260802_incremental,zip,C:\Users\shiba\ptcc_pokemon_ai_buttle\data\runs\alakazam\20260802_yushin_incremental_after_89285136.zip,20260802_yushin_incremental_after_89285136/episodes/89420674/replay/episode_89420674.json,0.7071067811865475,,validated_teacher_index
89421226,0,2,Yushin Ito,54773249,yushin_20260802_incremental,zip,C:\Users\shiba\ptcc_pokemon_ai_buttle\data\runs\alakazam\20260802_yushin_incremental_after_89285136.zip,20260802_yushin_incremental_after_89285136/episodes/89421226/replay/episode_89421226.json,0.7071067811865475,,validated_teacher_index
89421778,0,2,Yushin Ito,54773249,yushin_20260802_incremental,zip,C:\Users\shiba\ptcc_pokemon_ai_buttle\data\runs\alakazam\20260802_yushin_incremental_after_89285136.zip,20260802_yushin_incremental_after_89285136/episodes/89421778/replay/episode_89421778.json,0.7071067811865475,,validated_teacher_index
89422314,0,2,Yushin Ito,54773249,yushin_20260802_incremental,zip,C:\Users\shiba\ptcc_pokemon_ai_buttle\data\runs\alakazam\20260802_yushin_incremental_after_89285136.zip,20260802_yushin_incremental_after_89285136/episodes/89422314/replay/episode_89422314.json,0.7071067811865475,,validated_teacher_index
89422843,1,2,Yushin Ito,54773249,yushin_20260802_incremental,zip,C:\Users\shiba\ptcc_pokemon_ai_buttle\data\runs\alakazam\20260802_yushin_incremental_after_89285136.zip,20260802_yushin_incremental_after_89285136/episodes/89422843/replay/episode_89422843.json,0.7071067811865475,,validated_teacher_index
89422848,1,2,Yushin Ito,54773249,yushin_20260802_incremental,zip,C:\Users\shiba\ptcc_pokemon_ai_buttle\data\runs\alakazam\20260802_yushin_incremental_after_89285136.zip,20260802_yushin_incremental_after_89285136/episodes/89422848/replay/episode_89422848.json,0.7071067811865475,,validated_teacher_index
89423388,0,2,Yushin Ito,54773249,yushin_20260802_incremental,zip,C:\Users\shiba\ptcc_pokemon_ai_buttle\data\runs\alakazam\20260802_yushin_incremental_after_89285136.zip,20260802_yushin_incremental_after_89285136/episodes/89423388/replay/episode_89423388.json,0.7071067811865475,,validated_teacher_index
89423914,1,2,Yushin Ito,54773249,yushin_20260802_incremental,zip,C:\Users\shiba\ptcc_pokemon_ai_buttle\data\runs\alakazam\20260802_yushin_incremental_after_89285136.zip,20260802_yushin_incremental_after_89285136/episodes/89423914/replay/episode_89423914.json,0.7071067811865475,,validated_teacher_index
89424476,0,2,Yushin Ito,54773249,yushin_20260802_incremental,zip,C:\Users\shiba\ptcc_pokemon_ai_buttle\data\runs\alakazam\20260802_yushin_incremental_after_89285136.zip,20260802_yushin_incremental_after_89285136/episodes/89424476/replay/episode_89424476.json,0.7071067811865475,,validated_teacher_index
89424903,1,2,Yushin Ito,54773249,yushin_20260802_incremental,zip,C:\Users\shiba\ptcc_pokemon_ai_buttle\data\runs\alakazam\20260802_yushin_incremental_after_89285136.zip,20260802_yushin_incremental_after_89285136/episodes/89424903/replay/episode_89424903.json,0.7071067811865475,,validated_teacher_index
89425005,1,2,Yushin Ito,54773249,yushin_20260802_incremental,zip,C:\Users\shiba\ptcc_pokemon_ai_buttle\data\runs\alakazam\20260802_yushin_incremental_after_89285136.zip,20260802_yushin_incremental_after_89285136/episodes/89425005/replay/episode_89425005.json,0.7071067811865475,,validated_teacher_index
89425012,1,2,Yushin Ito,54773249,yushin_20260802_incremental,zip,C:\Users\shiba\ptcc_pokemon_ai_buttle\data\runs\alakazam\20260802_yushin_incremental_after_89285136.zip,20260802_yushin_incremental_after_89285136/episodes/89425012/replay/episode_89425012.json,0.7071067811865475,,validated_teacher_index
89425545,0,2,Yushin Ito,54773249,yushin_20260802_incremental,zip,C:\Users\shiba\ptcc_pokemon_ai_buttle\data\runs\alakazam\20260802_yushin_incremental_after_89285136.zip,20260802_yushin_incremental_after_89285136/episodes/89425545/replay/episode_89425545.json,0.7071067811865475,,validated_teacher_index
89426077,0,2,Yushin Ito,54773249,yushin_20260802_incremental,zip,C:\Users\shiba\ptcc_pokemon_ai_buttle\data\runs\alakazam\20260802_yushin_incremental_after_89285136.zip,20260802_yushin_incremental_after_89285136/episodes/89426077/replay/episode_89426077.json,0.7071067811865475,,validated_teacher_index
89426086,1,2,Yushin Ito,54773249,yushin_20260802_incremental,zip,C:\Users\shiba\ptcc_pokemon_ai_buttle\data\runs\alakazam\20260802_yushin_incremental_after_89285136.zip,20260802_yushin_incremental_after_89285136/episodes/89426086/replay/episode_89426086.json,0.7071067811865475,,validated_teacher_index
89426090,0,2,Yushin Ito,54773249,yushin_20260802_incremental,zip,C:\Users\shiba\ptcc_pokemon_ai_buttle\data\runs\alakazam\20260802_yushin_incremental_after_89285136.zip,20260802_yushin_incremental_after_89285136/episodes/89426090/replay/episode_89426090.json,0.7071067811865475,,validated_teacher_index
89426619,1,2,Yushin Ito,54773249,yushin_20260802_incremental,zip,C:\Users\shiba\ptcc_pokemon_ai_buttle\data\runs\alakazam\20260802_yushin_incremental_after_89285136.zip,20260802_yushin_incremental_after_89285136/episodes/89426619/replay/episode_89426619.json,0.7071067811865475,,validated_teacher_index
89427154,1,2,Yushin Ito,54773249,yushin_20260802_incremental,zip,C:\Users\shiba\ptcc_pokemon_ai_buttle\data\runs\alakazam\20260802_yushin_incremental_after_89285136.zip,20260802_yushin_incremental_after_89285136/episodes/89427154/replay/episode_89427154.json,0.7071067811865475,,validated_teacher_index
89427717,0,2,Yushin Ito,54773249,yushin_20260802_incremental,zip,C:\Users\shiba\ptcc_pokemon_ai_buttle\data\runs\alakazam\20260802_yushin_incremental_after_89285136.zip,20260802_yushin_incremental_after_89285136/episodes/89427717/replay/episode_89427717.json,0.7071067811865475,,validated_teacher_index
89428227,0,2,Yushin Ito,54773249,yushin_20260802_incremental,zip,C:\Users\shiba\ptcc_pokemon_ai_buttle\data\runs\alakazam\20260802_yushin_incremental_after_89285136.zip,20260802_yushin_incremental_after_89285136/episodes/89428227/replay/episode_89428227.json,0.7071067811865475,,validated_teacher_index
89428235,1,2,Yushin Ito,54773249,yushin_20260802_incremental,zip,C:\Users\shiba\ptcc_pokemon_ai_buttle\data\runs\alakazam\20260802_yushin_incremental_after_89285136.zip,20260802_yushin_incremental_after_89285136/episodes/89428235/replay/episode_89428235.json,0.7071067811865475,,validated_teacher_index
89428240,0,2,Yushin Ito,54773249,yushin_20260802_incremental,zip,C:\Users\shiba\ptcc_pokemon_ai_buttle\data\runs\alakazam\20260802_yushin_incremental_after_89285136.zip,20260802_yushin_incremental_after_89285136/episodes/89428240/replay/episode_89428240.json,0.7071067811865475,,validated_teacher_index
89428779,1,2,Yushin Ito,54773249,yushin_20260802_incremental,zip,C:\Users\shiba\ptcc_pokemon_ai_buttle\data\runs\alakazam\20260802_yushin_incremental_after_89285136.zip,20260802_yushin_incremental_after_89285136/episodes/89428779/replay/episode_89428779.json,0.7071067811865475,,validated_teacher_index
89429316,0,2,Yushin Ito,54773249,yushin_20260802_incremental,zip,C:\Users\shiba\ptcc_pokemon_ai_buttle\data\runs\alakazam\20260802_yushin_incremental_after_89285136.zip,20260802_yushin_incremental_after_89285136/episodes/89429316/replay/episode_89429316.json,0.7071067811865475,,validated_teacher_index
89429323,0,2,Yushin Ito,54773249,yushin_20260802_incremental,zip,C:\Users\shiba\ptcc_pokemon_ai_buttle\data\runs\alakazam\20260802_yushin_incremental_after_89285136.zip,20260802_yushin_incremental_after_89285136/episodes/89429323/replay/episode_89429323.json,0.7071067811865475,,validated_teacher_index
89429331,1,2,Yushin Ito,54773249,yushin_20260802_incremental,zip,C:\Users\shiba\ptcc_pokemon_ai_buttle\data\runs\alakazam\20260802_yushin_incremental_after_89285136.zip,20260802_yushin_incremental_after_89285136/episodes/89429331/replay/episode_89429331.json,0.7071067811865475,,validated_teacher_index
89429866,1,2,Yushin Ito,54773249,yushin_20260802_incremental,zip,C:\Users\shiba\ptcc_pokemon_ai_buttle\data\runs\alakazam\20260802_yushin_incremental_after_89285136.zip,20260802_yushin_incremental_after_89285136/episodes/89429866/replay/episode_89429866.json,0.7071067811865475,,validated_teacher_index
89430400,0,2,Yushin Ito,54773249,yushin_20260802_incremental,zip,C:\Users\shiba\ptcc_pokemon_ai_buttle\data\runs\alakazam\20260802_yushin_incremental_after_89285136.zip,20260802_yushin_incremental_after_89285136/episodes/89430400/replay/episode_89430400.json,0.7071067811865475,,validated_teacher_index
89430931,0,2,Yushin Ito,54773249,yushin_20260802_incremental,zip,C:\Users\shiba\ptcc_pokemon_ai_buttle\data\runs\alakazam\20260802_yushin_incremental_after_89285136.zip,20260802_yushin_incremental_after_89285136/episodes/89430931/replay/episode_89430931.json,0.7071067811865475,,validated_teacher_index
89430940,1,2,Yushin Ito,54773249,yushin_20260802_incremental,zip,C:\Users\shiba\ptcc_pokemon_ai_buttle\data\runs\alakazam\20260802_yushin_incremental_after_89285136.zip,20260802_yushin_incremental_after_89285136/episodes/89430940/replay/episode_89430940.json,0.7071067811865475,,validated_teacher_index
89430943,1,2,Yushin Ito,54773249,yushin_20260802_incremental,zip,C:\Users\shiba\ptcc_pokemon_ai_buttle\data\runs\alakazam\20260802_yushin_incremental_after_89285136.zip,20260802_yushin_incremental_after_89285136/episodes/89430943/replay/episode_89430943.json,0.7071067811865475,,validated_teacher_index
89431466,0,2,Yushin Ito,54773249,yushin_20260802_incremental,zip,C:\Users\shiba\ptcc_pokemon_ai_buttle\data\runs\alakazam\20260802_yushin_incremental_after_89285136.zip,20260802_yushin_incremental_after_89285136/episodes/89431466/replay/episode_89431466.json,0.7071067811865475,,validated_teacher_index
89432008,1,2,Yushin Ito,54773249,yushin_20260802_incremental,zip,C:\Users\shiba\ptcc_pokemon_ai_buttle\data\runs\alakazam\20260802_yushin_incremental_after_89285136.zip,20260802_yushin_incremental_after_89285136/episodes/89432008/replay/episode_89432008.json,0.7071067811865475,,validated_teacher_index
89432546,1,2,Yushin Ito,54773249,yushin_20260802_incremental,zip,C:\Users\shiba\ptcc_pokemon_ai_buttle\data\runs\alakazam\20260802_yushin_incremental_after_89285136.zip,20260802_yushin_incremental_after_89285136/episodes/89432546/replay/episode_89432546.json,0.7071067811865475,,validated_teacher_index
89433089,0,2,Yushin Ito,54773249,yushin_20260802_incremental,zip,C:\Users\shiba\ptcc_pokemon_ai_buttle\data\runs\alakazam\20260802_yushin_incremental_after_89285136.zip,20260802_yushin_incremental_after_89285136/episodes/89433089/replay/episode_89433089.json,0.7071067811865475,,validated_teacher_index
89433095,1,2,Yushin Ito,54773249,yushin_20260802_incremental,zip,C:\Users\shiba\ptcc_pokemon_ai_buttle\data\runs\alakazam\20260802_yushin_incremental_after_89285136.zip,20260802_yushin_incremental_after_89285136/episodes/89433095/replay/episode_89433095.json,0.7071067811865475,,validated_teacher_index
89433617,0,2,Yushin Ito,54773249,yushin_20260802_incremental,zip,C:\Users\shiba\ptcc_pokemon_ai_buttle\data\runs\alakazam\20260802_yushin_incremental_after_89285136.zip,20260802_yushin_incremental_after_89285136/episodes/89433617/replay/episode_89433617.json,0.7071067811865475,,validated_teacher_index
89433636,0,2,Yushin Ito,54773249,yushin_20260802_incremental,zip,C:\Users\shiba\ptcc_pokemon_ai_buttle\data\runs\alakazam\20260802_yushin_incremental_after_89285136.zip,20260802_yushin_incremental_after_89285136/episodes/89433636/replay/episode_89433636.json,0.7071067811865475,,validated_teacher_index
89434172,1,2,Yushin Ito,54773249,yushin_20260802_incremental,zip,C:\Users\shiba\ptcc_pokemon_ai_buttle\data\runs\alakazam\20260802_yushin_incremental_after_89285136.zip,20260802_yushin_incremental_after_89285136/episodes/89434172/replay/episode_89434172.json,0.7071067811865475,,validated_teacher_index
89434177,0,2,Yushin Ito,54773249,yushin_20260802_incremental,zip,C:\Users\shiba\ptcc_pokemon_ai_buttle\data\runs\alakazam\20260802_yushin_incremental_after_89285136.zip,20260802_yushin_incremental_after_89285136/episodes/89434177/replay/episode_89434177.json,0.7071067811865475,,validated_teacher_index
89434703,1,2,Yushin Ito,54773249,yushin_20260802_incremental,zip,C:\Users\shiba\ptcc_pokemon_ai_buttle\data\runs\alakazam\20260802_yushin_incremental_after_89285136.zip,20260802_yushin_incremental_after_89285136/episodes/89434703/replay/episode_89434703.json,0.7071067811865475,,validated_teacher_index
89435194,0,2,Yushin Ito,54773249,yushin_20260802_incremental,zip,C:\Users\shiba\ptcc_pokemon_ai_buttle\data\runs\alakazam\20260802_yushin_incremental_after_89285136.zip,20260802_yushin_incremental_after_89285136/episodes/89435194/replay/episode_89435194.json,0.7071067811865475,,validated_teacher_index
89435241,1,2,Yushin Ito,54773249,yushin_20260802_incremental,zip,C:\Users\shiba\ptcc_pokemon_ai_buttle\data\runs\alakazam\20260802_yushin_incremental_after_89285136.zip,20260802_yushin_incremental_after_89285136/episodes/89435241/replay/episode_89435241.json,0.7071067811865475,,validated_teacher_index
89435748,1,2,Yushin Ito,54773249,yushin_20260802_incremental,zip,C:\Users\shiba\ptcc_pokemon_ai_buttle\data\runs\alakazam\20260802_yushin_incremental_after_89285136.zip,20260802_yushin_incremental_after_89285136/episodes/89435748/replay/episode_89435748.json,0.7071067811865475,,validated_teacher_index
89435770,0,2,Yushin Ito,54773249,yushin_20260802_incremental,zip,C:\Users\shiba\ptcc_pokemon_ai_buttle\data\runs\alakazam\20260802_yushin_incremental_after_89285136.zip,20260802_yushin_incremental_after_89285136/episodes/89435770/replay/episode_89435770.json,0.7071067811865475,,validated_teacher_index
89435778,0,2,Yushin Ito,54773249,yushin_20260802_incremental,zip,C:\Users\shiba\ptcc_pokemon_ai_buttle\data\runs\alakazam\20260802_yushin_incremental_after_89285136.zip,20260802_yushin_incremental_after_89285136/episodes/89435778/replay/episode_89435778.json,0.7071067811865475,,validated_teacher_index
89436298,1,2,Yushin Ito,54773249,yushin_20260802_incremental,zip,C:\Users\shiba\ptcc_pokemon_ai_buttle\data\runs\alakazam\20260802_yushin_incremental_after_89285136.zip,20260802_yushin_incremental_after_89285136/episodes/89436298/replay/episode_89436298.json,0.7071067811865475,,validated_teacher_index
89436828,0,2,Yushin Ito,54773249,yushin_20260802_incremental,zip,C:\Users\shiba\ptcc_pokemon_ai_buttle\data\runs\alakazam\20260802_yushin_incremental_after_89285136.zip,20260802_yushin_incremental_after_89285136/episodes/89436828/replay/episode_89436828.json,0.7071067811865475,,validated_teacher_index
89436841,1,2,Yushin Ito,54773249,yushin_20260802_incremental,zip,C:\Users\shiba\ptcc_pokemon_ai_buttle\data\runs\alakazam\20260802_yushin_incremental_after_89285136.zip,20260802_yushin_incremental_after_89285136/episodes/89436841/replay/episode_89436841.json,0.7071067811865475,,validated_teacher_index
89437365,1,2,Yushin Ito,54773249,yushin_20260802_incremental,zip,C:\Users\shiba\ptcc_pokemon_ai_buttle\data\runs\alakazam\20260802_yushin_incremental_after_89285136.zip,20260802_yushin_incremental_after_89285136/episodes/89437365/replay/episode_89437365.json,0.7071067811865475,,validated_teacher_index
89437370,1,2,Yushin Ito,54773249,yushin_20260802_incremental,zip,C:\Users\shiba\ptcc_pokemon_ai_buttle\data\runs\alakazam\20260802_yushin_incremental_after_89285136.zip,20260802_yushin_incremental_after_89285136/episodes/89437370/replay/episode_89437370.json,0.7071067811865475,,validated_teacher_index
89437892,0,2,Yushin Ito,54773249,yushin_20260802_incremental,zip,C:\Users\shiba\ptcc_pokemon_ai_buttle\data\runs\alakazam\20260802_yushin_incremental_after_89285136.zip,20260802_yushin_incremental_after_89285136/episodes/89437892/replay/episode_89437892.json,0.7071067811865475,,validated_teacher_index
89437917,0,2,Yushin Ito,54773249,yushin_20260802_incremental,zip,C:\Users\shiba\ptcc_pokemon_ai_buttle\data\runs\alakazam\20260802_yushin_incremental_after_89285136.zip,20260802_yushin_incremental_after_89285136/episodes/89437917/replay/episode_89437917.json,0.7071067811865475,,validated_teacher_index
89438445,1,2,Yushin Ito,54773249,yushin_20260802_incremental,zip,C:\Users\shiba\ptcc_pokemon_ai_buttle\data\runs\alakazam\20260802_yushin_incremental_after_89285136.zip,20260802_yushin_incremental_after_89285136/episodes/89438445/replay/episode_89438445.json,0.7071067811865475,,validated_teacher_index
89438989,0,2,Yushin Ito,54773249,yushin_20260802_incremental,zip,C:\Users\shiba\ptcc_pokemon_ai_buttle\data\runs\alakazam\20260802_yushin_incremental_after_89285136.zip,20260802_yushin_incremental_after_89285136/episodes/89438989/replay/episode_89438989.json,0.7071067811865475,,validated_teacher_index
89439006,1,2,Yushin Ito,54773249,yushin_20260802_incremental,zip,C:\Users\shiba\ptcc_pokemon_ai_buttle\data\runs\alakazam\20260802_yushin_incremental_after_89285136.zip,20260802_yushin_incremental_after_89285136/episodes/89439006/replay/episode_89439006.json,0.7071067811865475,,validated_teacher_index
89439529,0,2,Yushin Ito,54773249,yushin_20260802_incremental,zip,C:\Users\shiba\ptcc_pokemon_ai_buttle\data\runs\alakazam\20260802_yushin_incremental_after_89285136.zip,20260802_yushin_incremental_after_89285136/episodes/89439529/replay/episode_89439529.json,0.7071067811865475,,validated_teacher_index
89440045,0,2,Yushin Ito,54773249,yushin_20260802_incremental,zip,C:\Users\shiba\ptcc_pokemon_ai_buttle\data\runs\alakazam\20260802_yushin_incremental_after_89285136.zip,20260802_yushin_incremental_after_89285136/episodes/89440045/replay/episode_89440045.json,0.7071067811865475,,validated_teacher_index
89440059,1,2,Yushin Ito,54773249,yushin_20260802_incremental,zip,C:\Users\shiba\ptcc_pokemon_ai_buttle\data\runs\alakazam\20260802_yushin_incremental_after_89285136.zip,20260802_yushin_incremental_after_89285136/episodes/89440059/replay/episode_89440059.json,0.7071067811865475,,validated_teacher_index
89440593,0,2,Yushin Ito,54773249,yushin_20260802_incremental,zip,C:\Users\shiba\ptcc_pokemon_ai_buttle\data\runs\alakazam\20260802_yushin_incremental_after_89285136.zip,20260802_yushin_incremental_after_89285136/episodes/89440593/replay/episode_89440593.json,0.7071067811865475,,validated_teacher_index
89441121,1,2,Yushin Ito,54773249,yushin_20260802_incremental,zip,C:\Users\shiba\ptcc_pokemon_ai_buttle\data\runs\alakazam\20260802_yushin_incremental_after_89285136.zip,20260802_yushin_incremental_after_89285136/episodes/89441121/replay/episode_89441121.json,0.7071067811865475,,validated_teacher_index
89441657,1,2,Yushin Ito,54773249,yushin_20260802_incremental,zip,C:\Users\shiba\ptcc_pokemon_ai_buttle\data\runs\alakazam\20260802_yushin_incremental_after_89285136.zip,20260802_yushin_incremental_after_89285136/episodes/89441657/replay/episode_89441657.json,0.7071067811865475,,validated_teacher_index
89442196,0,2,Yushin Ito,54773249,yushin_20260802_incremental,zip,C:\Users\shiba\ptcc_pokemon_ai_buttle\data\runs\alakazam\20260802_yushin_incremental_after_89285136.zip,20260802_yushin_incremental_after_89285136/episodes/89442196/replay/episode_89442196.json,0.7071067811865475,,validated_teacher_index
89442732,0,2,Yushin Ito,54773249,yushin_20260802_incremental,zip,C:\Users\shiba\ptcc_pokemon_ai_buttle\data\runs\alakazam\20260802_yushin_incremental_after_89285136.zip,20260802_yushin_incremental_after_89285136/episodes/89442732/replay/episode_89442732.json,0.7071067811865475,,validated_teacher_index
89442738,0,2,Yushin Ito,54773249,yushin_20260802_incremental,zip,C:\Users\shiba\ptcc_pokemon_ai_buttle\data\runs\alakazam\20260802_yushin_incremental_after_89285136.zip,20260802_yushin_incremental_after_89285136/episodes/89442738/replay/episode_89442738.json,0.7071067811865475,,validated_teacher_index
89443265,0,2,Yushin Ito,54773249,yushin_20260802_incremental,zip,C:\Users\shiba\ptcc_pokemon_ai_buttle\data\runs\alakazam\20260802_yushin_incremental_after_89285136.zip,20260802_yushin_incremental_after_89285136/episodes/89443265/replay/episode_89443265.json,0.7071067811865475,,validated_teacher_index
89443790,0,2,Yushin Ito,54773249,yushin_20260802_incremental,zip,C:\Users\shiba\ptcc_pokemon_ai_buttle\data\runs\alakazam\20260802_yushin_incremental_after_89285136.zip,20260802_yushin_incremental_after_89285136/episodes/89443790/replay/episode_89443790.json,0.7071067811865475,,validated_teacher_index
89444331,0,2,Yushin Ito,54773249,yushin_20260802_incremental,zip,C:\Users\shiba\ptcc_pokemon_ai_buttle\data\runs\alakazam\20260802_yushin_incremental_after_89285136.zip,20260802_yushin_incremental_after_89285136/episodes/89444331/replay/episode_89444331.json,0.7071067811865475,,validated_teacher_index
89444332,1,2,Yushin Ito,54773249,yushin_20260802_incremental,zip,C:\Users\shiba\ptcc_pokemon_ai_buttle\data\runs\alakazam\20260802_yushin_incremental_after_89285136.zip,20260802_yushin_incremental_after_89285136/episodes/89444332/replay/episode_89444332.json,0.7071067811865475,,validated_teacher_index
89444869,0,2,Yushin Ito,54773249,yushin_20260802_incremental,zip,C:\Users\shiba\ptcc_pokemon_ai_buttle\data\runs\alakazam\20260802_yushin_incremental_after_89285136.zip,20260802_yushin_incremental_after_89285136/episodes/89444869/replay/episode_89444869.json,0.7071067811865475,,validated_teacher_index
89445417,0,2,Yushin Ito,54773249,yushin_20260802_incremental,zip,C:\Users\shiba\ptcc_pokemon_ai_buttle\data\runs\alakazam\20260802_yushin_incremental_after_89285136.zip,20260802_yushin_incremental_after_89285136/episodes/89445417/replay/episode_89445417.json,0.7071067811865475,,validated_teacher_index
89445444,0,2,Yushin Ito,54773249,yushin_20260802_incremental,zip,C:\Users\shiba\ptcc_pokemon_ai_buttle\data\runs\alakazam\20260802_yushin_incremental_after_89285136.zip,20260802_yushin_incremental_after_89285136/episodes/89445444/replay/episode_89445444.json,0.7071067811865475,,validated_teacher_index
89445950,1,2,Yushin Ito,54773249,yushin_20260802_incremental,zip,C:\Users\shiba\ptcc_pokemon_ai_buttle\data\runs\alakazam\20260802_yushin_incremental_after_89285136.zip,20260802_yushin_incremental_after_89285136/episodes/89445950/replay/episode_89445950.json,0.7071067811865475,,validated_teacher_index
89445951,0,2,Yushin Ito,54773249,yushin_20260802_incremental,zip,C:\Users\shiba\ptcc_pokemon_ai_buttle\data\runs\alakazam\20260802_yushin_incremental_after_89285136.zip,20260802_yushin_incremental_after_89285136/episodes/89445951/replay/episode_89445951.json,0.7071067811865475,,validated_teacher_index
89446513,0,2,Yushin Ito,54773249,yushin_20260802_incremental,zip,C:\Users\shiba\ptcc_pokemon_ai_buttle\data\runs\alakazam\20260802_yushin_incremental_after_89285136.zip,20260802_yushin_incremental_after_89285136/episodes/89446513/replay/episode_89446513.json,0.7071067811865475,,validated_teacher_index
89447054,0,2,Yushin Ito,54773249,yushin_20260802_incremental,zip,C:\Users\shiba\ptcc_pokemon_ai_buttle\data\runs\alakazam\20260802_yushin_incremental_after_89285136.zip,20260802_yushin_incremental_after_89285136/episodes/89447054/replay/episode_89447054.json,0.7071067811865475,,validated_teacher_index
89447056,1,2,Yushin Ito,54773249,yushin_20260802_incremental,zip,C:\Users\shiba\ptcc_pokemon_ai_buttle\data\runs\alakazam\20260802_yushin_incremental_after_89285136.zip,20260802_yushin_incremental_after_89285136/episodes/89447056/replay/episode_89447056.json,0.7071067811865475,,validated_teacher_index
89447641,0,2,Yushin Ito,54773249,yushin_20260802_incremental,zip,C:\Users\shiba\ptcc_pokemon_ai_buttle\data\runs\alakazam\20260802_yushin_incremental_after_89285136.zip,20260802_yushin_incremental_after_89285136/episodes/89447641/replay/episode_89447641.json,0.7071067811865475,,validated_teacher_index
89448113,0,2,Yushin Ito,54773249,yushin_20260802_incremental,zip,C:\Users\shiba\ptcc_pokemon_ai_buttle\data\runs\alakazam\20260802_yushin_incremental_after_89285136.zip,20260802_yushin_incremental_after_89285136/episodes/89448113/replay/episode_89448113.json,0.7071067811865475,,validated_teacher_index
89448135,0,2,Yushin Ito,54773249,yushin_20260802_incremental,zip,C:\Users\shiba\ptcc_pokemon_ai_buttle\data\runs\alakazam\20260802_yushin_incremental_after_89285136.zip,20260802_yushin_incremental_after_89285136/episodes/89448135/replay/episode_89448135.json,0.7071067811865475,,validated_teacher_index
89448141,0,2,Yushin Ito,54773249,yushin_20260802_incremental,zip,C:\Users\shiba\ptcc_pokemon_ai_buttle\data\runs\alakazam\20260802_yushin_incremental_after_89285136.zip,20260802_yushin_incremental_after_89285136/episodes/89448141/replay/episode_89448141.json,0.7071067811865475,,validated_teacher_index
89448660,0,2,Yushin Ito,54773249,yushin_20260802_incremental,zip,C:\Users\shiba\ptcc_pokemon_ai_buttle\data\runs\alakazam\20260802_yushin_incremental_after_89285136.zip,20260802_yushin_incremental_after_89285136/episodes/89448660/replay/episode_89448660.json,0.7071067811865475,,validated_teacher_index
89448672,0,2,Yushin Ito,54773249,yushin_20260802_incremental,zip,C:\Users\shiba\ptcc_pokemon_ai_buttle\data\runs\alakazam\20260802_yushin_incremental_after_89285136.zip,20260802_yushin_incremental_after_89285136/episodes/89448672/replay/episode_89448672.json,0.7071067811865475,,validated_teacher_index
89449190,0,2,Yushin Ito,54773249,yushin_20260802_incremental,zip,C:\Users\shiba\ptcc_pokemon_ai_buttle\data\runs\alakazam\20260802_yushin_incremental_after_89285136.zip,20260802_yushin_incremental_after_89285136/episodes/89449190/replay/episode_89449190.json,0.7071067811865475,,validated_teacher_index
89449210,1,2,Yushin Ito,54773249,yushin_20260802_incremental,zip,C:\Users\shiba\ptcc_pokemon_ai_buttle\data\runs\alakazam\20260802_yushin_incremental_after_89285136.zip,20260802_yushin_incremental_after_89285136/episodes/89449210/replay/episode_89449210.json,0.7071067811865475,,validated_teacher_index
89449741,0,2,Yushin Ito,54773249,yushin_20260802_incremental,zip,C:\Users\shiba\ptcc_pokemon_ai_buttle\data\runs\alakazam\20260802_yushin_incremental_after_89285136.zip,20260802_yushin_incremental_after_89285136/episodes/89449741/replay/episode_89449741.json,0.7071067811865475,,validated_teacher_index
89449744,0,2,Yushin Ito,54773249,yushin_20260802_incremental,zip,C:\Users\shiba\ptcc_pokemon_ai_buttle\data\runs\alakazam\20260802_yushin_incremental_after_89285136.zip,20260802_yushin_incremental_after_89285136/episodes/89449744/replay/episode_89449744.json,0.7071067811865475,,validated_teacher_index
89449746,1,2,Yushin Ito,54773249,yushin_20260802_incremental,zip,C:\Users\shiba\ptcc_pokemon_ai_buttle\data\runs\alakazam\20260802_yushin_incremental_after_89285136.zip,20260802_yushin_incremental_after_89285136/episodes/89449746/replay/episode_89449746.json,0.7071067811865475,,validated_teacher_index
89449776,1,2,Yushin Ito,54773249,yushin_20260802_incremental,zip,C:\Users\shiba\ptcc_pokemon_ai_buttle\data\runs\alakazam\20260802_yushin_incremental_after_89285136.zip,20260802_yushin_incremental_after_89285136/episodes/89449776/replay/episode_89449776.json,0.7071067811865475,,validated_teacher_index
89450284,0,2,Yushin Ito,54773249,yushin_20260802_incremental,zip,C:\Users\shiba\ptcc_pokemon_ai_buttle\data\runs\alakazam\20260802_yushin_incremental_after_89285136.zip,20260802_yushin_incremental_after_89285136/episodes/89450284/replay/episode_89450284.json,0.7071067811865475,,validated_teacher_index
89450801,0,2,Yushin Ito,54773249,yushin_20260802_incremental,zip,C:\Users\shiba\ptcc_pokemon_ai_buttle\data\runs\alakazam\20260802_yushin_incremental_after_89285136.zip,20260802_yushin_incremental_after_89285136/episodes/89450801/replay/episode_89450801.json,0.7071067811865475,,validated_teacher_index
89450819,1,2,Yushin Ito,54773249,yushin_20260802_incremental,zip,C:\Users\shiba\ptcc_pokemon_ai_buttle\data\runs\alakazam\20260802_yushin_incremental_after_89285136.zip,20260802_yushin_incremental_after_89285136/episodes/89450819/replay/episode_89450819.json,0.7071067811865475,,validated_teacher_index
89451375,0,2,Yushin Ito,54773249,yushin_20260802_incremental,zip,C:\Users\shiba\ptcc_pokemon_ai_buttle\data\runs\alakazam\20260802_yushin_incremental_after_89285136.zip,20260802_yushin_incremental_after_89285136/episodes/89451375/replay/episode_89451375.json,0.7071067811865475,,validated_teacher_index
89451912,1,2,Yushin Ito,54773249,yushin_20260802_incremental,zip,C:\Users\shiba\ptcc_pokemon_ai_buttle\data\runs\alakazam\20260802_yushin_incremental_after_89285136.zip,20260802_yushin_incremental_after_89285136/episodes/89451912/replay/episode_89451912.json,0.7071067811865475,,validated_teacher_index
89452461,1,2,Yushin Ito,54773249,yushin_20260802_incremental,zip,C:\Users\shiba\ptcc_pokemon_ai_buttle\data\runs\alakazam\20260802_yushin_incremental_after_89285136.zip,20260802_yushin_incremental_after_89285136/episodes/89452461/replay/episode_89452461.json,0.7071067811865475,,validated_teacher_index
89452988,0,2,Yushin Ito,54773249,yushin_20260802_incremental,zip,C:\Users\shiba\ptcc_pokemon_ai_buttle\data\runs\alakazam\20260802_yushin_incremental_after_89285136.zip,20260802_yushin_incremental_after_89285136/episodes/89452988/replay/episode_89452988.json,0.7071067811865475,,validated_teacher_index
89453030,1,2,Yushin Ito,54773249,yushin_20260802_incremental,zip,C:\Users\shiba\ptcc_pokemon_ai_buttle\data\runs\alakazam\20260802_yushin_incremental_after_89285136.zip,20260802_yushin_incremental_after_89285136/episodes/89453030/replay/episode_89453030.json,0.7071067811865475,,validated_teacher_index
89453514,1,2,Yushin Ito,54773249,yushin_20260802_incremental,zip,C:\Users\shiba\ptcc_pokemon_ai_buttle\data\runs\alakazam\20260802_yushin_incremental_after_89285136.zip,20260802_yushin_incremental_after_89285136/episodes/89453514/replay/episode_89453514.json,0.7071067811865475,,validated_teacher_index
89453518,1,2,Yushin Ito,54773249,yushin_20260802_incremental,zip,C:\Users\shiba\ptcc_pokemon_ai_buttle\data\runs\alakazam\20260802_yushin_incremental_after_89285136.zip,20260802_yushin_incremental_after_89285136/episodes/89453518/replay/episode_89453518.json,0.7071067811865475,,validated_teacher_index
89454056,0,2,Yushin Ito,54773249,yushin_20260802_incremental,zip,C:\Users\shiba\ptcc_pokemon_ai_buttle\data\runs\alakazam\20260802_yushin_incremental_after_89285136.zip,20260802_yushin_incremental_after_89285136/episodes/89454056/replay/episode_89454056.json,0.7071067811865475,,validated_teacher_index
89454610,0,2,Yushin Ito,54773249,yushin_20260802_incremental,zip,C:\Users\shiba\ptcc_pokemon_ai_buttle\data\runs\alakazam\20260802_yushin_incremental_after_89285136.zip,20260802_yushin_incremental_after_89285136/episodes/89454610/replay/episode_89454610.json,0.7071067811865475,,validated_teacher_index
89455128,0,2,Yushin Ito,54773249,yushin_20260802_incremental,zip,C:\Users\shiba\ptcc_pokemon_ai_buttle\data\runs\alakazam\20260802_yushin_incremental_after_89285136.zip,20260802_yushin_incremental_after_89285136/episodes/89455128/replay/episode_89455128.json,0.7071067811865475,,validated_teacher_index
89455152,0,2,Yushin Ito,54773249,yushin_20260802_incremental,zip,C:\Users\shiba\ptcc_pokemon_ai_buttle\data\runs\alakazam\20260802_yushin_incremental_after_89285136.zip,20260802_yushin_incremental_after_89285136/episodes/89455152/replay/episode_89455152.json,0.7071067811865475,,validated_teacher_index
89455684,0,2,Yushin Ito,54773249,yushin_20260802_incremental,zip,C:\Users\shiba\ptcc_pokemon_ai_buttle\data\runs\alakazam\20260802_yushin_incremental_after_89285136.zip,20260802_yushin_incremental_after_89285136/episodes/89455684/replay/episode_89455684.json,0.7071067811865475,,validated_teacher_index
89455692,0,2,Yushin Ito,54773249,yushin_20260802_incremental,zip,C:\Users\shiba\ptcc_pokemon_ai_buttle\data\runs\alakazam\20260802_yushin_incremental_after_89285136.zip,20260802_yushin_incremental_after_89285136/episodes/89455692/replay/episode_89455692.json,0.7071067811865475,,validated_teacher_index
89456269,1,2,Yushin Ito,54773249,yushin_20260802_incremental,zip,C:\Users\shiba\ptcc_pokemon_ai_buttle\data\runs\alakazam\20260802_yushin_incremental_after_89285136.zip,20260802_yushin_incremental_after_89285136/episodes/89456269/replay/episode_89456269.json,0.7071067811865475,,validated_teacher_index
89456837,1,2,Yushin Ito,54773249,yushin_20260802_incremental,zip,C:\Users\shiba\ptcc_pokemon_ai_buttle\data\runs\alakazam\20260802_yushin_incremental_after_89285136.zip,20260802_yushin_incremental_after_89285136/episodes/89456837/replay/episode_89456837.json,0.7071067811865475,,validated_teacher_index
89458346,1,2,Yushin Ito,54773249,yushin_20260802_incremental,zip,C:\Users\shiba\ptcc_pokemon_ai_buttle\data\runs\alakazam\20260802_yushin_incremental_after_89285136.zip,20260802_yushin_incremental_after_89285136/episodes/89458346/replay/episode_89458346.json,0.7071067811865475,,validated_teacher_index
89458362,1,2,Yushin Ito,54773249,yushin_20260802_incremental,zip,C:\Users\shiba\ptcc_pokemon_ai_buttle\data\runs\alakazam\20260802_yushin_incremental_after_89285136.zip,20260802_yushin_incremental_after_89285136/episodes/89458362/replay/episode_89458362.json,0.7071067811865475,,validated_teacher_index
89458971,1,2,Yushin Ito,54773249,yushin_20260802_incremental,zip,C:\Users\shiba\ptcc_pokemon_ai_buttle\data\runs\alakazam\20260802_yushin_incremental_after_89285136.zip,20260802_yushin_incremental_after_89285136/episodes/89458971/replay/episode_89458971.json,0.7071067811865475,,validated_teacher_index
89459558,1,2,Yushin Ito,54773249,yushin_20260802_incremental,zip,C:\Users\shiba\ptcc_pokemon_ai_buttle\data\runs\alakazam\20260802_yushin_incremental_after_89285136.zip,20260802_yushin_incremental_after_89285136/episodes/89459558/replay/episode_89459558.json,0.7071067811865475,,validated_teacher_index
89459996,1,2,Yushin Ito,54773249,yushin_20260802_incremental,zip,C:\Users\shiba\ptcc_pokemon_ai_buttle\data\runs\alakazam\20260802_yushin_incremental_after_89285136.zip,20260802_yushin_incremental_after_89285136/episodes/89459996/replay/episode_89459996.json,0.7071067811865475,,validated_teacher_index
89460051,0,2,Yushin Ito,54773249,yushin_20260802_incremental,zip,C:\Users\shiba\ptcc_pokemon_ai_buttle\data\runs\alakazam\20260802_yushin_incremental_after_89285136.zip,20260802_yushin_incremental_after_89285136/episodes/89460051/replay/episode_89460051.json,0.7071067811865475,,validated_teacher_index
89460591,0,2,Yushin Ito,54773249,yushin_20260802_incremental,zip,C:\Users\shiba\ptcc_pokemon_ai_buttle\data\runs\alakazam\20260802_yushin_incremental_after_89285136.zip,20260802_yushin_incremental_after_89285136/episodes/89460591/replay/episode_89460591.json,0.7071067811865475,,validated_teacher_index
89460615,0,2,Yushin Ito,54773249,yushin_20260802_incremental,zip,C:\Users\shiba\ptcc_pokemon_ai_buttle\data\runs\alakazam\20260802_yushin_incremental_after_89285136.zip,20260802_yushin_incremental_after_89285136/episodes/89460615/replay/episode_89460615.json,0.7071067811865475,,validated_teacher_index
89461160,0,2,Yushin Ito,54773249,yushin_20260802_incremental,zip,C:\Users\shiba\ptcc_pokemon_ai_buttle\data\runs\alakazam\20260802_yushin_incremental_after_89285136.zip,20260802_yushin_incremental_after_89285136/episodes/89461160/replay/episode_89461160.json,0.7071067811865475,,validated_teacher_index
89462695,0,2,Yushin Ito,54773249,yushin_20260802_incremental,zip,C:\Users\shiba\ptcc_pokemon_ai_buttle\data\runs\alakazam\20260802_yushin_incremental_after_89285136.zip,20260802_yushin_incremental_after_89285136/episodes/89462695/replay/episode_89462695.json,0.7071067811865475,,validated_teacher_index
89463759,0,2,Yushin Ito,54773249,yushin_20260802_incremental,zip,C:\Users\shiba\ptcc_pokemon_ai_buttle\data\runs\alakazam\20260802_yushin_incremental_after_89285136.zip,20260802_yushin_incremental_after_89285136/episodes/89463759/replay/episode_89463759.json,0.7071067811865475,,validated_teacher_index
89466999,1,2,Yushin Ito,54773249,yushin_20260802_incremental,zip,C:\Users\shiba\ptcc_pokemon_ai_buttle\data\runs\alakazam\20260802_yushin_incremental_after_89285136.zip,20260802_yushin_incremental_after_89285136/episodes/89466999/replay/episode_89466999.json,0.7071067811865475,,validated_teacher_index
89467067,0,2,Yushin Ito,54773249,yushin_20260802_incremental,zip,C:\Users\shiba\ptcc_pokemon_ai_buttle\data\runs\alakazam\20260802_yushin_incremental_after_89285136.zip,20260802_yushin_incremental_after_89285136/episodes/89467067/replay/episode_89467067.json,0.7071067811865475,,validated_teacher_index
89468059,1,2,Yushin Ito,54773249,yushin_20260802_incremental,zip,C:\Users\shiba\ptcc_pokemon_ai_buttle\data\runs\alakazam\20260802_yushin_incremental_after_89285136.zip,20260802_yushin_incremental_after_89285136/episodes/89468059/replay/episode_89468059.json,0.7071067811865475,,validated_teacher_index
89468065,1,2,Yushin Ito,54773249,yushin_20260802_incremental,zip,C:\Users\shiba\ptcc_pokemon_ai_buttle\data\runs\alakazam\20260802_yushin_incremental_after_89285136.zip,20260802_yushin_incremental_after_89285136/episodes/89468065/replay/episode_89468065.json,0.7071067811865475,,validated_teacher_index
