version,submission,episode,won,opp_family,opp_deck_hash,turn,attack_id,attack_name,attacker_id,attacker_name,our_active_id,our_active_name,our_active_hp,our_active_maxhp,our_active_energy,our_hand,our_bench,their_active_energy,their_grass_energy,hp_after,damage,ko
v22_a,55479857,92610837,0,Grimmsnarl (mirror),9714ab5c3996f6cc,10,937,Shadow Bullet,648,Marnie's Grimmsnarl ex,648,Marnie's Grimmsnarl ex,320,320,2,4,5,2,0,320,0,0
v22_a,55479857,92610837,0,Grimmsnarl (mirror),9714ab5c3996f6cc,12,937,Shadow Bullet,648,Marnie's Grimmsnarl ex,648,Marnie's Grimmsnarl ex,140,320,2,6,5,2,0,230,-90,0
v22_a,55479857,92610837,0,Grimmsnarl (mirror),9714ab5c3996f6cc,14,937,Shadow Bullet,648,Marnie's Grimmsnarl ex,648,Marnie's Grimmsnarl ex,320,320,2,8,4,2,0,320,0,0
v22_a,55479857,92610837,0,Grimmsnarl (mirror),9714ab5c3996f6cc,14,937,Shadow Bullet,648,Marnie's Grimmsnarl ex,648,Marnie's Grimmsnarl ex,320,320,2,8,4,2,0,320,0,0
v22_a,55479857,92611852,1,Alakazam,cc38cb450b86770a,6,1070,Teleportation Attack,741,Abra,648,Marnie's Grimmsnarl ex,300,320,2,7,5,1,0,320,-20,0
v22_a,55479857,92611852,1,Alakazam,cc38cb450b86770a,6,1072,Powerful Hand,743,Alakazam,648,Marnie's Grimmsnarl ex,300,320,2,7,5,1,0,320,-20,0
v22_a,55479857,92611852,1,Alakazam,cc38cb450b86770a,6,1072,Powerful Hand,743,Alakazam,648,Marnie's Grimmsnarl ex,300,320,2,7,5,1,0,20,280,0
v22_a,55479857,92611852,1,Alakazam,cc38cb450b86770a,6,1072,Powerful Hand,743,Alakazam,648,Marnie's Grimmsnarl ex,300,320,2,7,5,1,0,20,280,0
v22_a,55479857,92612806,1,other: Team Rocket's Mewtwo ex,c7f1cd6579e2b0e8,11,560,Rocket Rush,401,Team Rocket's Spidops,648,Marnie's Grimmsnarl ex,320,320,2,7,5,3,4,320,0,0
v22_a,55479857,92613745,1,Archaludon,ee1681b277e66413,3,223,Hammer In,169,Duraludon,860,Snorunt,70,70,0,5,3,1,0,70,0,0
v22_a,55479857,92613745,1,Archaludon,ee1681b277e66413,3,223,Hammer In,169,Duraludon,860,Snorunt,70,70,0,5,3,1,0,70,0,0
v22_a,55479857,92613745,1,Archaludon,ee1681b277e66413,5,223,Hammer In,169,Duraludon,112,Munkidori,100,110,1,4,4,1,0,100,0,0
v22_a,55479857,92613745,1,Archaludon,ee1681b277e66413,5,223,Hammer In,169,Duraludon,112,Munkidori,100,110,1,4,4,1,0,100,0,0
v22_a,55479857,92614685,1,Kangaskhan / Crustle,45fe95772327f96a,7,1092,Rapid-Fire Combo,756,Mega Kangaskhan ex,648,Marnie's Grimmsnarl ex,300,320,2,2,0,4,0,300,0,0
v22_a,55479857,92614685,1,Kangaskhan / Crustle,45fe95772327f96a,7,1092,Rapid-Fire Combo,756,Mega Kangaskhan ex,648,Marnie's Grimmsnarl ex,300,320,2,2,0,4,0,300,0,0
v22_a,55479857,92614685,1,Kangaskhan / Crustle,45fe95772327f96a,9,1092,Rapid-Fire Combo,756,Mega Kangaskhan ex,648,Marnie's Grimmsnarl ex,90,320,2,5,4,5,0,90,0,0
v22_a,55479857,92614685,1,Kangaskhan / Crustle,45fe95772327f96a,11,1092,Rapid-Fire Combo,756,Mega Kangaskhan ex,647,Marnie's Morgrem,100,100,0,4,5,6,0,100,0,0
v22_a,55479857,92615639,1,Archaludon,2b6a7dd699d2b6a5,4,223,Hammer In,190,Archaludon ex,112,Munkidori,110,110,1,4,4,3,0,110,0,0
v22_a,55479857,92615639,1,Archaludon,2b6a7dd699d2b6a5,10,223,Hammer In,169,Duraludon,648,Marnie's Grimmsnarl ex,290,320,2,5,5,3,0,290,0,0
v22_a,55479857,92615639,1,Archaludon,2b6a7dd699d2b6a5,10,253,Metal Defender,190,Archaludon ex,648,Marnie's Grimmsnarl ex,290,320,2,5,5,3,0,290,0,0
v22_a,55479857,92617522,1,Alakazam,7fa65817cc79c36c,4,1072,Powerful Hand,743,Alakazam,112,Munkidori,110,110,1,2,4,1,0,110,0,0
v22_a,55479857,92617522,1,Alakazam,7fa65817cc79c36c,6,1072,Powerful Hand,743,Alakazam,112,Munkidori,110,110,1,2,3,1,0,110,0,0
v22_a,55479857,92617522,1,Alakazam,7fa65817cc79c36c,6,1072,Powerful Hand,743,Alakazam,112,Munkidori,110,110,1,2,3,1,0,,,1
v22_a,55479857,92617522,1,Alakazam,7fa65817cc79c36c,8,1071,Super Psy Bolt,742,Kadabra,648,Marnie's Grimmsnarl ex,310,320,2,7,3,1,0,310,0,0
v22_a,55479857,92617522,1,Alakazam,7fa65817cc79c36c,8,1071,Super Psy Bolt,742,Kadabra,648,Marnie's Grimmsnarl ex,310,320,2,7,3,1,0,310,0,0
v22_a,55479857,92617522,1,Alakazam,7fa65817cc79c36c,8,1071,Super Psy Bolt,742,Kadabra,648,Marnie's Grimmsnarl ex,310,320,2,7,3,1,0,310,0,0
v22_a,55479857,92618462,1,Dragapult,f2cc4d01d1fab859,2,323,Itchy Pollen,235,Budew,112,Munkidori,110,110,1,5,1,0,0,110,0,0
v22_a,55479857,92618462,1,Dragapult,f2cc4d01d1fab859,2,323,Itchy Pollen,235,Budew,112,Munkidori,110,110,1,5,1,0,0,100,10,0
v22_a,55479857,92618462,1,Dragapult,f2cc4d01d1fab859,4,323,Itchy Pollen,235,Budew,112,Munkidori,110,110,1,8,2,0,0,100,10,0
v22_a,55479857,92618462,1,Dragapult,f2cc4d01d1fab859,8,153,Jet Headbutt,121,Dragapult ex,648,Marnie's Grimmsnarl ex,320,320,2,4,5,2,0,320,0,0
v22_a,55479857,92619385,1,Grimmsnarl (mirror),9714ab5c3996f6cc,6,937,Shadow Bullet,648,Marnie's Grimmsnarl ex,648,Marnie's Grimmsnarl ex,320,320,3,7,4,2,0,320,0,0
v22_a,55479857,92619385,1,Grimmsnarl (mirror),9714ab5c3996f6cc,8,937,Shadow Bullet,648,Marnie's Grimmsnarl ex,648,Marnie's Grimmsnarl ex,230,320,3,7,5,2,0,230,0,0
v22_a,55479857,92619385,1,Grimmsnarl (mirror),9714ab5c3996f6cc,10,934,Filch,646,Marnie's Impidimp,648,Marnie's Grimmsnarl ex,290,320,3,9,5,1,0,290,0,0
v22_a,55479857,92619385,1,Grimmsnarl (mirror),9714ab5c3996f6cc,10,934,Filch,646,Marnie's Impidimp,648,Marnie's Grimmsnarl ex,290,320,3,9,5,1,0,280,10,0
v22_a,55479857,92619385,1,Grimmsnarl (mirror),9714ab5c3996f6cc,10,934,Filch,646,Marnie's Impidimp,648,Marnie's Grimmsnarl ex,290,320,3,9,5,1,0,280,10,0
v22_a,55479857,92620337,1,Alakazam,cc38cb450b86770a,7,1072,Powerful Hand,743,Alakazam,648,Marnie's Grimmsnarl ex,320,320,2,8,5,1,0,320,0,0
v22_a,55479857,92621271,1,Alakazam,29929a763bf01096,7,1072,Powerful Hand,743,Alakazam,104,Froslass,90,90,0,4,5,1,0,90,0,0
v22_a,55479857,92621271,1,Alakazam,29929a763bf01096,7,1072,Powerful Hand,743,Alakazam,104,Froslass,90,90,0,4,5,1,0,90,0,0
v22_a,55479857,92622204,1,Mega Lucario,d05bff224d40b9c6,3,976,Corkscrew Punch,673,Makuhita,112,Munkidori,110,110,1,6,3,1,0,110,0,0
v22_a,55479857,92622204,1,Mega Lucario,d05bff224d40b9c6,3,976,Corkscrew Punch,673,Makuhita,112,Munkidori,110,110,1,6,3,2,0,110,0,0
v22_a,55479857,92622204,1,Mega Lucario,d05bff224d40b9c6,9,982,Aura Jab,678,Mega Lucario ex,646,Marnie's Impidimp,70,70,0,4,5,2,0,70,0,0
v22_a,55479857,92622204,1,Mega Lucario,d05bff224d40b9c6,11,982,Aura Jab,678,Mega Lucario ex,648,Marnie's Grimmsnarl ex,310,320,2,4,5,2,0,310,0,0
v22_a,55479857,92623138,0,Alakazam,cc38cb450b86770a,3,1072,Powerful Hand,743,Alakazam,860,Snorunt,70,70,0,2,4,1,0,70,0,0
v22_a,55479857,92623138,0,Alakazam,cc38cb450b86770a,3,1072,Powerful Hand,743,Alakazam,860,Snorunt,70,70,0,2,4,1,0,70,0,0
v22_a,55479857,92623138,0,Alakazam,cc38cb450b86770a,5,1072,Powerful Hand,743,Alakazam,646,Marnie's Impidimp,70,70,0,4,5,1,0,70,0,0
v22_a,55479857,92623138,0,Alakazam,cc38cb450b86770a,7,1072,Powerful Hand,743,Alakazam,104,Froslass,90,90,0,7,5,1,0,90,0,0
v22_a,55479857,92624094,0,Grimmsnarl (mirror),9714ab5c3996f6cc,6,937,Shadow Bullet,648,Marnie's Grimmsnarl ex,648,Marnie's Grimmsnarl ex,320,320,2,5,5,2,0,320,0,0
v22_a,55479857,92624094,0,Grimmsnarl (mirror),9714ab5c3996f6cc,6,937,Shadow Bullet,648,Marnie's Grimmsnarl ex,648,Marnie's Grimmsnarl ex,320,320,2,5,5,2,0,320,0,0
v22_a,55479857,92624094,0,Grimmsnarl (mirror),9714ab5c3996f6cc,6,937,Shadow Bullet,648,Marnie's Grimmsnarl ex,648,Marnie's Grimmsnarl ex,320,320,2,2,5,2,0,320,0,0
v22_a,55479857,92624094,0,Grimmsnarl (mirror),9714ab5c3996f6cc,8,937,Shadow Bullet,648,Marnie's Grimmsnarl ex,648,Marnie's Grimmsnarl ex,320,320,2,3,5,2,0,320,0,0
v22_a,55479857,92624094,0,Grimmsnarl (mirror),9714ab5c3996f6cc,10,937,Shadow Bullet,648,Marnie's Grimmsnarl ex,648,Marnie's Grimmsnarl ex,320,320,2,8,3,2,0,320,0,0
v22_a,55479857,92624094,0,Grimmsnarl (mirror),9714ab5c3996f6cc,10,937,Shadow Bullet,648,Marnie's Grimmsnarl ex,648,Marnie's Grimmsnarl ex,320,320,2,8,3,2,0,320,0,0
v22_a,55479857,92624094,0,Grimmsnarl (mirror),9714ab5c3996f6cc,10,937,Shadow Bullet,648,Marnie's Grimmsnarl ex,648,Marnie's Grimmsnarl ex,320,320,2,8,3,2,0,320,0,0
v22_a,55479857,92624094,0,Grimmsnarl (mirror),9714ab5c3996f6cc,12,937,Shadow Bullet,648,Marnie's Grimmsnarl ex,648,Marnie's Grimmsnarl ex,170,320,3,9,2,2,0,200,-30,0
v22_a,55479857,92626016,1,Grimmsnarl (mirror),9714ab5c3996f6cc,2,934,Filch,646,Marnie's Impidimp,112,Munkidori,110,110,0,5,2,1,0,110,0,0
v22_a,55479857,92626016,1,Grimmsnarl (mirror),9714ab5c3996f6cc,2,934,Filch,646,Marnie's Impidimp,112,Munkidori,110,110,0,5,2,1,0,110,0,0
v22_a,55479857,92626016,1,Grimmsnarl (mirror),9714ab5c3996f6cc,4,937,Shadow Bullet,648,Marnie's Grimmsnarl ex,112,Munkidori,110,110,0,4,3,2,0,110,0,0
v22_a,55479857,92626016,1,Grimmsnarl (mirror),9714ab5c3996f6cc,6,937,Shadow Bullet,648,Marnie's Grimmsnarl ex,648,Marnie's Grimmsnarl ex,310,320,2,5,3,2,0,320,-10,0
v22_a,55479857,92626016,1,Grimmsnarl (mirror),9714ab5c3996f6cc,10,937,Shadow Bullet,648,Marnie's Grimmsnarl ex,648,Marnie's Grimmsnarl ex,310,320,3,7,4,3,0,320,-10,0
v22_a,55479857,92626895,0,Alakazam,cc38cb450b86770a,12,1072,Powerful Hand,743,Alakazam,648,Marnie's Grimmsnarl ex,320,320,2,3,5,1,0,20,300,0
v22_a,55479857,92627855,1,Mega Lucario,a6535bbccddb9182,2,981,Accelerating Stab,677,Riolu,646,Marnie's Impidimp,70,70,0,3,4,1,0,40,30,0
v22_a,55479857,92627855,1,Mega Lucario,a6535bbccddb9182,6,982,Aura Jab,678,Mega Lucario ex,648,Marnie's Grimmsnarl ex,310,320,2,5,5,1,0,320,-10,0
v22_a,55479857,92627855,1,Mega Lucario,a6535bbccddb9182,8,982,Aura Jab,678,Mega Lucario ex,648,Marnie's Grimmsnarl ex,250,320,2,5,5,1,0,260,-10,0
v22_a,55479857,92627855,1,Mega Lucario,a6535bbccddb9182,8,982,Aura Jab,678,Mega Lucario ex,648,Marnie's Grimmsnarl ex,250,320,2,5,5,2,0,260,-10,0
v22_a,55479857,92627855,1,Mega Lucario,a6535bbccddb9182,8,983,Mega Brave,678,Mega Lucario ex,648,Marnie's Grimmsnarl ex,250,320,2,5,5,2,0,260,-10,0
v22_a,55479857,92627855,1,Mega Lucario,a6535bbccddb9182,10,980,Cosmic Beam,676,Solrock,648,Marnie's Grimmsnarl ex,310,320,2,8,5,3,0,320,-10,0
v22_a,55479857,92627855,1,Mega Lucario,a6535bbccddb9182,10,980,Cosmic Beam,676,Solrock,648,Marnie's Grimmsnarl ex,310,320,2,8,5,3,0,230,80,0
v22_a,55479857,92628804,1,Archaludon,ebd4dbb270dce6a2,6,253,Metal Defender,190,Archaludon ex,648,Marnie's Grimmsnarl ex,320,320,2,3,4,3,0,100,220,0
v22_a,55479857,92628804,1,Archaludon,ebd4dbb270dce6a2,10,253,Metal Defender,190,Archaludon ex,112,Munkidori,110,110,1,5,4,3,0,,,1
v22_a,55479857,92628804,1,Archaludon,ebd4dbb270dce6a2,12,223,Hammer In,190,Archaludon ex,648,Marnie's Grimmsnarl ex,320,320,2,5,5,3,0,100,220,0
v22_a,55479857,92628804,1,Archaludon,ebd4dbb270dce6a2,12,253,Metal Defender,190,Archaludon ex,648,Marnie's Grimmsnarl ex,320,320,2,5,5,3,0,100,220,0
v22_a,55479857,92628804,1,Archaludon,ebd4dbb270dce6a2,14,253,Metal Defender,190,Archaludon ex,648,Marnie's Grimmsnarl ex,320,320,2,6,5,3,0,100,220,0
v22_a,55479857,92628804,1,Archaludon,ebd4dbb270dce6a2,14,253,Metal Defender,190,Archaludon ex,648,Marnie's Grimmsnarl ex,320,320,2,6,5,3,0,100,220,0
v22_a,55479857,92629750,1,Mega Lopunny / Froslass,a7ee29914c1dce64,4,1225,Gale Thrust,849,Mega Lopunny ex,112,Munkidori,110,110,0,3,3,1,0,110,0,0
v22_a,55479857,92629750,1,Mega Lopunny / Froslass,a7ee29914c1dce64,6,1225,Gale Thrust,849,Mega Lopunny ex,648,Marnie's Grimmsnarl ex,320,320,2,2,2,1,0,90,230,0
v22_a,55479857,92629750,1,Mega Lopunny / Froslass,a7ee29914c1dce64,8,1225,Gale Thrust,849,Mega Lopunny ex,648,Marnie's Grimmsnarl ex,320,320,2,0,4,1,0,90,230,0
v22_a,55479857,92629750,1,Mega Lopunny / Froslass,a7ee29914c1dce64,12,1225,Gale Thrust,849,Mega Lopunny ex,648,Marnie's Grimmsnarl ex,320,320,2,1,4,1,0,90,230,0
v22_a,55479857,92629750,1,Mega Lopunny / Froslass,a7ee29914c1dce64,16,1225,Gale Thrust,849,Mega Lopunny ex,648,Marnie's Grimmsnarl ex,320,320,2,6,5,1,0,90,230,0
v22_a,55479857,92630690,1,Alakazam,cc38cb450b86770a,3,1070,Teleportation Attack,741,Abra,112,Munkidori,110,110,0,6,5,1,0,110,0,0
v22_a,55479857,92630690,1,Alakazam,cc38cb450b86770a,7,1072,Powerful Hand,743,Alakazam,648,Marnie's Grimmsnarl ex,300,320,2,6,5,1,0,300,0,0
v22_a,55479857,92630690,1,Alakazam,cc38cb450b86770a,7,1072,Powerful Hand,743,Alakazam,648,Marnie's Grimmsnarl ex,300,320,2,6,5,1,0,300,0,0
v22_a,55479857,92630690,1,Alakazam,cc38cb450b86770a,7,1072,Powerful Hand,743,Alakazam,648,Marnie's Grimmsnarl ex,300,320,2,6,5,1,0,300,0,0
v22_a,55479857,92630690,1,Alakazam,cc38cb450b86770a,9,1072,Powerful Hand,743,Alakazam,648,Marnie's Grimmsnarl ex,30,320,2,7,5,1,0,50,-20,0
v22_a,55479857,92631643,1,Dragapult,ca9c3cd8f2088898,2,323,Itchy Pollen,235,Budew,646,Marnie's Impidimp,70,70,0,4,2,0,0,50,20,0
v22_a,55479857,92631643,1,Dragapult,ca9c3cd8f2088898,4,323,Itchy Pollen,235,Budew,646,Marnie's Impidimp,70,70,1,4,2,0,0,70,0,0
v22_a,55479857,92631643,1,Dragapult,ca9c3cd8f2088898,4,323,Itchy Pollen,235,Budew,646,Marnie's Impidimp,70,70,1,4,2,0,0,50,20,0
v22_a,55479857,92631643,1,Dragapult,ca9c3cd8f2088898,6,153,Jet Headbutt,121,Dragapult ex,646,Marnie's Impidimp,70,70,2,9,2,1,0,70,0,0
v22_a,55479857,92631643,1,Dragapult,ca9c3cd8f2088898,6,153,Jet Headbutt,121,Dragapult ex,646,Marnie's Impidimp,70,70,2,9,2,2,0,70,0,0
v22_a,55479857,92631643,1,Dragapult,ca9c3cd8f2088898,6,154,Phantom Dive,121,Dragapult ex,646,Marnie's Impidimp,70,70,2,9,2,2,0,70,0,0
v22_a,55479857,92631643,1,Dragapult,ca9c3cd8f2088898,8,153,Jet Headbutt,121,Dragapult ex,648,Marnie's Grimmsnarl ex,320,320,2,7,5,2,0,320,0,0
v22_a,55479857,92632577,0,Grimmsnarl (mirror),21c3f20980827cb2,5,937,Shadow Bullet,648,Marnie's Grimmsnarl ex,646,Marnie's Impidimp,70,70,0,5,5,2,0,70,0,0
v22_a,55479857,92632577,0,Grimmsnarl (mirror),21c3f20980827cb2,5,937,Shadow Bullet,648,Marnie's Grimmsnarl ex,646,Marnie's Impidimp,70,70,0,5,5,2,0,0,70,1
v22_a,55479857,92632577,0,Grimmsnarl (mirror),21c3f20980827cb2,7,937,Shadow Bullet,648,Marnie's Grimmsnarl ex,648,Marnie's Grimmsnarl ex,320,320,2,4,4,2,0,320,0,0
v22_a,55479857,92632577,0,Grimmsnarl (mirror),21c3f20980827cb2,7,937,Shadow Bullet,648,Marnie's Grimmsnarl ex,648,Marnie's Grimmsnarl ex,320,320,2,4,4,2,0,320,0,0
v22_a,55479857,92632577,0,Grimmsnarl (mirror),21c3f20980827cb2,7,937,Shadow Bullet,648,Marnie's Grimmsnarl ex,648,Marnie's Grimmsnarl ex,320,320,2,4,4,4,0,140,180,0
v22_a,55479857,92632577,0,Grimmsnarl (mirror),21c3f20980827cb2,11,937,Shadow Bullet,648,Marnie's Grimmsnarl ex,648,Marnie's Grimmsnarl ex,300,320,2,9,5,3,0,300,0,0
v22_a,55479857,92632577,0,Grimmsnarl (mirror),21c3f20980827cb2,11,937,Shadow Bullet,648,Marnie's Grimmsnarl ex,648,Marnie's Grimmsnarl ex,300,320,2,2,5,3,0,120,180,0
v22_a,55479857,92634432,1,Grimmsnarl (mirror),9714ab5c3996f6cc,4,937,Shadow Bullet,648,Marnie's Grimmsnarl ex,646,Marnie's Impidimp,70,70,0,2,3,2,0,70,0,0
v22_a,55479857,92634432,1,Grimmsnarl (mirror),9714ab5c3996f6cc,6,937,Shadow Bullet,648,Marnie's Grimmsnarl ex,648,Marnie's Grimmsnarl ex,310,320,2,2,4,2,0,320,-10,0
v22_a,55479857,92634432,1,Grimmsnarl (mirror),9714ab5c3996f6cc,6,937,Shadow Bullet,648,Marnie's Grimmsnarl ex,648,Marnie's Grimmsnarl ex,310,320,2,2,4,2,0,320,-10,0
v22_a,55479857,92634432,1,Grimmsnarl (mirror),9714ab5c3996f6cc,8,937,Shadow Bullet,648,Marnie's Grimmsnarl ex,648,Marnie's Grimmsnarl ex,170,320,2,2,4,2,0,180,-10,0
v22_a,55479857,92634432,1,Grimmsnarl (mirror),9714ab5c3996f6cc,8,937,Shadow Bullet,648,Marnie's Grimmsnarl ex,648,Marnie's Grimmsnarl ex,170,320,2,2,4,2,0,180,-10,0
v22_a,55479857,92634432,1,Grimmsnarl (mirror),9714ab5c3996f6cc,10,937,Shadow Bullet,648,Marnie's Grimmsnarl ex,648,Marnie's Grimmsnarl ex,310,320,2,1,4,2,0,320,-10,0
v22_a,55479857,92635387,0,Alakazam,a9ef3854232dfae5,5,1072,Powerful Hand,743,Alakazam,648,Marnie's Grimmsnarl ex,320,320,2,6,3,1,0,320,0,0
v22_a,55479857,92635387,0,Alakazam,a9ef3854232dfae5,7,1072,Powerful Hand,743,Alakazam,648,Marnie's Grimmsnarl ex,320,320,2,6,4,1,0,320,0,0
v22_a,55479857,92636318,0,Alakazam,cc38cb450b86770a,3,1072,Powerful Hand,743,Alakazam,646,Marnie's Impidimp,70,70,0,7,3,1,0,70,0,0
v22_a,55479857,92636318,0,Alakazam,cc38cb450b86770a,5,1072,Powerful Hand,743,Alakazam,648,Marnie's Grimmsnarl ex,320,320,2,3,4,1,0,320,0,0
v22_a,55479857,92636318,0,Alakazam,cc38cb450b86770a,7,1072,Powerful Hand,743,Alakazam,648,Marnie's Grimmsnarl ex,320,320,2,1,4,1,0,320,0,0
v22_a,55479857,92636318,0,Alakazam,cc38cb450b86770a,9,1072,Powerful Hand,743,Alakazam,648,Marnie's Grimmsnarl ex,320,320,2,4,4,1,0,320,0,0
v22_a,55479857,92636318,0,Alakazam,cc38cb450b86770a,9,1072,Powerful Hand,743,Alakazam,648,Marnie's Grimmsnarl ex,320,320,2,4,4,1,0,320,0,0
v22_a,55479857,92636318,0,Alakazam,cc38cb450b86770a,9,1072,Powerful Hand,743,Alakazam,648,Marnie's Grimmsnarl ex,320,320,2,4,4,1,0,320,0,0
v22_a,55479857,92637253,1,other: Hydrapple ex,b97e551a32cdc3a8,8,1326,Wood Hammer,920,Tapu Bulu,104,Froslass,90,90,0,9,5,4,7,90,0,0
v22_a,55479857,92637253,1,other: Hydrapple ex,b97e551a32cdc3a8,8,1326,Wood Hammer,920,Tapu Bulu,104,Froslass,90,90,0,9,5,8,14,90,0,0
v22_a,55479857,92638214,1,Kangaskhan / Crustle,1eda048ea3581634,7,479,Superb Scissors,345,Crustle,648,Marnie's Grimmsnarl ex,300,320,2,4,4,3,2,300,0,0
v22_a,55479857,92638214,1,Kangaskhan / Crustle,1eda048ea3581634,7,479,Superb Scissors,345,Crustle,648,Marnie's Grimmsnarl ex,300,320,2,4,4,3,2,300,0,0
v22_a,55479857,92638214,1,Kangaskhan / Crustle,1eda048ea3581634,9,479,Superb Scissors,345,Crustle,648,Marnie's Grimmsnarl ex,50,320,2,7,5,3,2,70,-20,0
v22_a,55479857,92639143,0,Grimmsnarl (mirror),9714ab5c3996f6cc,4,937,Shadow Bullet,648,Marnie's Grimmsnarl ex,648,Marnie's Grimmsnarl ex,320,320,3,3,3,2,0,320,0,0
v22_a,55479857,92639143,0,Grimmsnarl (mirror),9714ab5c3996f6cc,6,937,Shadow Bullet,648,Marnie's Grimmsnarl ex,648,Marnie's Grimmsnarl ex,320,320,2,1,4,2,0,320,0,0
v22_a,55479857,92639143,0,Grimmsnarl (mirror),9714ab5c3996f6cc,10,937,Shadow Bullet,648,Marnie's Grimmsnarl ex,648,Marnie's Grimmsnarl ex,140,320,2,5,5,2,0,140,0,0
v22_a,55479857,92639143,0,Grimmsnarl (mirror),9714ab5c3996f6cc,10,937,Shadow Bullet,648,Marnie's Grimmsnarl ex,648,Marnie's Grimmsnarl ex,140,320,2,5,5,2,0,140,0,0
v22_a,55479857,92640083,1,other: Mega Abomasnow ex,7e7bca6783abe61e,3,1045,Icy Snow,722,Snover,646,Marnie's Impidimp,70,70,1,6,3,2,0,70,0,0
v22_a,55479857,92641024,1,Kangaskhan / Crustle,d6633d3760231fe7,5,479,Superb Scissors,345,Crustle,648,Marnie's Grimmsnarl ex,310,320,2,2,3,3,1,310,0,0
v22_a,55479857,92641024,1,Kangaskhan / Crustle,d6633d3760231fe7,5,479,Superb Scissors,345,Crustle,648,Marnie's Grimmsnarl ex,310,320,2,2,3,3,1,310,0,0
v22_a,55479857,92641024,1,Kangaskhan / Crustle,d6633d3760231fe7,9,479,Superb Scissors,345,Crustle,646,Marnie's Impidimp,70,70,1,4,5,3,2,70,0,0
v22_a,55479857,92641024,1,Kangaskhan / Crustle,d6633d3760231fe7,11,479,Superb Scissors,345,Crustle,860,Snorunt,70,70,0,5,5,3,3,70,0,0
v22_a,55479857,92641024,1,Kangaskhan / Crustle,d6633d3760231fe7,11,479,Superb Scissors,345,Crustle,860,Snorunt,70,70,0,5,5,3,3,70,0,0
v22_a,55479857,92641973,0,Alakazam,cc38cb450b86770a,7,1072,Powerful Hand,743,Alakazam,648,Marnie's Grimmsnarl ex,320,320,2,3,5,1,0,320,0,0
v22_a,55479857,92641973,0,Alakazam,cc38cb450b86770a,11,1072,Powerful Hand,743,Alakazam,104,Froslass,90,90,0,4,5,1,0,,,1
v22_a,55479857,92641973,0,Alakazam,cc38cb450b86770a,13,1072,Powerful Hand,743,Alakazam,647,Marnie's Morgrem,100,100,0,3,5,1,0,100,0,0
v22_a,55479857,92642829,1,Alakazam,cc38cb450b86770a,6,1070,Teleportation Attack,741,Abra,646,Marnie's Impidimp,70,70,1,5,4,1,0,70,0,0
v22_a,55479857,92642829,1,Alakazam,cc38cb450b86770a,8,1072,Powerful Hand,743,Alakazam,648,Marnie's Grimmsnarl ex,300,320,2,7,4,1,0,300,0,0
v22_a,55479857,92642829,1,Alakazam,cc38cb450b86770a,10,1072,Powerful Hand,743,Alakazam,648,Marnie's Grimmsnarl ex,300,320,2,4,4,1,0,320,-20,0
v22_a,55479857,92643843,1,Dragapult,e5c9f2b28c879f69,4,323,Itchy Pollen,235,Budew,646,Marnie's Impidimp,70,70,0,4,3,0,0,50,20,0
v22_a,55479857,92643843,1,Dragapult,e5c9f2b28c879f69,4,323,Itchy Pollen,235,Budew,646,Marnie's Impidimp,70,70,0,4,3,0,0,50,20,0
v22_a,55479857,92643843,1,Dragapult,e5c9f2b28c879f69,6,153,Jet Headbutt,121,Dragapult ex,648,Marnie's Grimmsnarl ex,320,320,1,2,3,1,0,320,0,0
v22_a,55479857,92643843,1,Dragapult,e5c9f2b28c879f69,8,153,Jet Headbutt,121,Dragapult ex,112,Munkidori,110,110,1,1,5,1,0,40,70,0
v22_a,55479857,92643843,1,Dragapult,e5c9f2b28c879f69,8,153,Jet Headbutt,121,Dragapult ex,112,Munkidori,110,110,1,1,5,1,0,40,70,0
v22_a,55479857,92643843,1,Dragapult,e5c9f2b28c879f69,10,153,Jet Headbutt,121,Dragapult ex,648,Marnie's Grimmsnarl ex,320,320,2,4,4,2,0,250,70,0
v22_a,55479857,92643843,1,Dragapult,e5c9f2b28c879f69,10,153,Jet Headbutt,121,Dragapult ex,648,Marnie's Grimmsnarl ex,320,320,2,4,4,2,0,250,70,0
v22_a,55479857,92643843,1,Dragapult,e5c9f2b28c879f69,12,153,Jet Headbutt,121,Dragapult ex,648,Marnie's Grimmsnarl ex,250,320,2,4,5,2,0,250,0,0
v22_a,55479857,92644773,0,Grimmsnarl (mirror),9714ab5c3996f6cc,6,937,Shadow Bullet,648,Marnie's Grimmsnarl ex,648,Marnie's Grimmsnarl ex,310,320,2,7,4,2,0,320,-10,0
v22_a,55479857,92644773,0,Grimmsnarl (mirror),9714ab5c3996f6cc,6,937,Shadow Bullet,648,Marnie's Grimmsnarl ex,648,Marnie's Grimmsnarl ex,310,320,2,7,4,2,0,320,-10,0
v22_a,55479857,92644773,0,Grimmsnarl (mirror),9714ab5c3996f6cc,8,937,Shadow Bullet,648,Marnie's Grimmsnarl ex,648,Marnie's Grimmsnarl ex,310,320,2,3,3,2,0,320,-10,0
v22_a,55479857,92644773,0,Grimmsnarl (mirror),9714ab5c3996f6cc,10,937,Shadow Bullet,648,Marnie's Grimmsnarl ex,648,Marnie's Grimmsnarl ex,310,320,2,3,4,2,0,320,-10,0
v22_a,55479857,92645759,1,Dragapult,dfca0c2c2e73cd83,5,154,Phantom Dive,121,Dragapult ex,648,Marnie's Grimmsnarl ex,320,320,2,2,4,2,0,120,200,0
v22_a,55479857,92645759,1,Dragapult,dfca0c2c2e73cd83,7,153,Jet Headbutt,121,Dragapult ex,648,Marnie's Grimmsnarl ex,140,320,3,6,5,2,0,0,140,1
v22_a,55479857,92645759,1,Dragapult,dfca0c2c2e73cd83,9,153,Jet Headbutt,121,Dragapult ex,648,Marnie's Grimmsnarl ex,280,320,1,6,5,2,0,280,0,0
v22_a,55479857,92646648,1,Grimmsnarl (mirror),7e240191ca77bda3,5,937,Shadow Bullet,648,Marnie's Grimmsnarl ex,860,Snorunt,70,70,0,5,4,5,0,0,70,1
v22_a,55479857,92646648,1,Grimmsnarl (mirror),7e240191ca77bda3,9,937,Shadow Bullet,648,Marnie's Grimmsnarl ex,648,Marnie's Grimmsnarl ex,200,320,3,10,4,2,0,200,0,0
v22_a,55479857,92647393,1,Mega Lopunny / Froslass,a7ee29914c1dce64,5,230,Assault Landing,174,Fan Rotom,112,Munkidori,110,110,0,3,2,1,0,110,0,0
v22_a,55479857,92647393,1,Mega Lopunny / Froslass,a7ee29914c1dce64,7,1225,Gale Thrust,849,Mega Lopunny ex,648,Marnie's Grimmsnarl ex,320,320,2,5,3,1,0,320,0,0
v22_a,55479857,92647393,1,Mega Lopunny / Froslass,a7ee29914c1dce64,9,1225,Gale Thrust,849,Mega Lopunny ex,648,Marnie's Grimmsnarl ex,320,320,2,5,3,1,0,320,0,0
v22_a,55479857,92647393,1,Mega Lopunny / Froslass,a7ee29914c1dce64,13,1225,Gale Thrust,849,Mega Lopunny ex,648,Marnie's Grimmsnarl ex,320,320,2,7,5,1,0,320,0,0
v22_a,55479857,92647393,1,Mega Lopunny / Froslass,a7ee29914c1dce64,13,1225,Gale Thrust,849,Mega Lopunny ex,648,Marnie's Grimmsnarl ex,320,320,2,7,5,1,0,320,0,0
v22_a,55479857,92647393,1,Mega Lopunny / Froslass,a7ee29914c1dce64,15,1225,Gale Thrust,849,Mega Lopunny ex,648,Marnie's Grimmsnarl ex,210,320,2,6,5,1,0,210,0,0
v22_a,55479857,92647393,1,Mega Lopunny / Froslass,a7ee29914c1dce64,15,1225,Gale Thrust,849,Mega Lopunny ex,648,Marnie's Grimmsnarl ex,210,320,2,6,5,1,0,210,0,0
v22_a,55479857,92647393,1,Mega Lopunny / Froslass,a7ee29914c1dce64,15,1225,Gale Thrust,849,Mega Lopunny ex,648,Marnie's Grimmsnarl ex,210,320,2,6,5,1,0,210,0,0
v22_a,55479857,92647581,1,Kangaskhan / Crustle,2615cb184074e798,7,1092,Rapid-Fire Combo,756,Mega Kangaskhan ex,860,Snorunt,70,70,0,3,4,3,2,70,0,0
v22_a,55479857,92647581,1,Kangaskhan / Crustle,2615cb184074e798,7,1092,Rapid-Fire Combo,756,Mega Kangaskhan ex,860,Snorunt,70,70,0,3,4,3,2,70,0,0
v22_a,55479857,92647581,1,Kangaskhan / Crustle,2615cb184074e798,7,1092,Rapid-Fire Combo,756,Mega Kangaskhan ex,860,Snorunt,70,70,0,3,4,3,2,,,1
v22_a,55479857,92647581,1,Kangaskhan / Crustle,2615cb184074e798,9,1092,Rapid-Fire Combo,756,Mega Kangaskhan ex,648,Marnie's Grimmsnarl ex,280,320,2,2,3,3,2,280,0,0
v22_a,55479857,92647581,1,Kangaskhan / Crustle,2615cb184074e798,9,1092,Rapid-Fire Combo,756,Mega Kangaskhan ex,648,Marnie's Grimmsnarl ex,280,320,2,2,3,3,2,280,0,0
v22_a,55479857,92647581,1,Kangaskhan / Crustle,2615cb184074e798,9,1092,Rapid-Fire Combo,756,Mega Kangaskhan ex,648,Marnie's Grimmsnarl ex,280,320,2,2,3,3,2,280,0,0
v22_a,55479857,92647581,1,Kangaskhan / Crustle,2615cb184074e798,11,1092,Rapid-Fire Combo,756,Mega Kangaskhan ex,648,Marnie's Grimmsnarl ex,100,320,2,1,4,3,3,140,-40,0
v22_a,55479857,92647581,1,Kangaskhan / Crustle,2615cb184074e798,13,1092,Rapid-Fire Combo,756,Mega Kangaskhan ex,112,Munkidori,110,110,1,2,3,3,4,,,1
v22_a,55479857,92647581,1,Kangaskhan / Crustle,2615cb184074e798,15,1092,Rapid-Fire Combo,756,Mega Kangaskhan ex,648,Marnie's Grimmsnarl ex,280,320,2,1,3,3,5,280,0,0
v22_a,55479857,92647581,1,Kangaskhan / Crustle,2615cb184074e798,15,1092,Rapid-Fire Combo,756,Mega Kangaskhan ex,648,Marnie's Grimmsnarl ex,280,320,2,1,3,3,5,280,0,0
v22_a,55479857,92647581,1,Kangaskhan / Crustle,2615cb184074e798,15,1092,Rapid-Fire Combo,756,Mega Kangaskhan ex,648,Marnie's Grimmsnarl ex,280,320,2,1,3,3,5,280,0,0
v22_a,55479857,92647581,1,Kangaskhan / Crustle,2615cb184074e798,17,478,Ascension,344,Dwebble,648,Marnie's Grimmsnarl ex,50,320,2,9,4,6,4,50,0,0
v22_a,55479857,92647581,1,Kangaskhan / Crustle,2615cb184074e798,19,478,Ascension,344,Dwebble,648,Marnie's Grimmsnarl ex,140,320,2,10,4,1,0,140,0,0
v22_a,55479857,92648514,0,Grimmsnarl (mirror),9714ab5c3996f6cc,6,937,Shadow Bullet,648,Marnie's Grimmsnarl ex,112,Munkidori,90,110,1,7,5,2,0,90,0,0
v22_a,55479857,92648514,0,Grimmsnarl (mirror),9714ab5c3996f6cc,10,937,Shadow Bullet,648,Marnie's Grimmsnarl ex,648,Marnie's Grimmsnarl ex,310,320,2,2,5,2,0,320,-10,0
v22_a,55479857,92651224,1,Mega Lopunny / Froslass,a7ee29914c1dce64,2,230,Assault Landing,174,Fan Rotom,646,Marnie's Impidimp,70,70,0,4,2,1,0,70,0,0
v22_a,55479857,92651224,1,Mega Lopunny / Froslass,a7ee29914c1dce64,2,230,Assault Landing,174,Fan Rotom,646,Marnie's Impidimp,70,70,0,4,2,1,0,70,0,0
v22_a,55479857,92651224,1,Mega Lopunny / Froslass,a7ee29914c1dce64,6,1225,Gale Thrust,849,Mega Lopunny ex,648,Marnie's Grimmsnarl ex,320,320,3,4,2,1,0,90,230,0
v22_a,55479857,92651224,1,Mega Lopunny / Froslass,a7ee29914c1dce64,6,1225,Gale Thrust,849,Mega Lopunny ex,648,Marnie's Grimmsnarl ex,320,320,3,4,2,1,0,90,230,0
v22_a,55479857,92651224,1,Mega Lopunny / Froslass,a7ee29914c1dce64,8,1225,Gale Thrust,849,Mega Lopunny ex,648,Marnie's Grimmsnarl ex,320,320,2,3,5,1,0,90,230,0
v22_a,55479857,92651224,1,Mega Lopunny / Froslass,a7ee29914c1dce64,12,1225,Gale Thrust,849,Mega Lopunny ex,648,Marnie's Grimmsnarl ex,320,320,2,5,4,1,0,90,230,0
v22_a,55479857,92656803,1,Grimmsnarl (mirror),9714ab5c3996f6cc,4,937,Shadow Bullet,648,Marnie's Grimmsnarl ex,112,Munkidori,110,110,1,7,4,2,0,110,0,0
v22_a,55479857,92656803,1,Grimmsnarl (mirror),9714ab5c3996f6cc,8,937,Shadow Bullet,648,Marnie's Grimmsnarl ex,648,Marnie's Grimmsnarl ex,290,320,2,8,4,2,0,300,-10,0
v22_a,55479857,92656803,1,Grimmsnarl (mirror),9714ab5c3996f6cc,10,937,Shadow Bullet,648,Marnie's Grimmsnarl ex,648,Marnie's Grimmsnarl ex,90,320,2,4,4,2,0,100,-10,0
v22_a,55479857,92656803,1,Grimmsnarl (mirror),9714ab5c3996f6cc,10,937,Shadow Bullet,648,Marnie's Grimmsnarl ex,648,Marnie's Grimmsnarl ex,90,320,2,4,4,2,0,100,-10,0
v22_b,55483874,92656510,0,Grimmsnarl (mirror),9714ab5c3996f6cc,4,937,Shadow Bullet,648,Marnie's Grimmsnarl ex,112,Munkidori,110,110,0,7,2,2,0,110,0,0
v22_b,55483874,92656510,0,Grimmsnarl (mirror),9714ab5c3996f6cc,4,937,Shadow Bullet,648,Marnie's Grimmsnarl ex,112,Munkidori,110,110,0,7,2,2,0,110,0,0
v22_b,55483874,92656510,0,Grimmsnarl (mirror),9714ab5c3996f6cc,6,937,Shadow Bullet,648,Marnie's Grimmsnarl ex,648,Marnie's Grimmsnarl ex,320,320,2,6,3,2,0,320,0,0
v22_b,55483874,92656510,0,Grimmsnarl (mirror),9714ab5c3996f6cc,6,937,Shadow Bullet,648,Marnie's Grimmsnarl ex,648,Marnie's Grimmsnarl ex,320,320,2,6,3,2,0,320,0,0
v22_b,55483874,92656510,0,Grimmsnarl (mirror),9714ab5c3996f6cc,8,937,Shadow Bullet,648,Marnie's Grimmsnarl ex,648,Marnie's Grimmsnarl ex,170,320,2,2,5,2,0,170,0,0
v22_b,55483874,92656601,1,Mega Lopunny / Froslass,036d381751b6ece8,3,1225,Gale Thrust,849,Mega Lopunny ex,112,Munkidori,110,110,1,7,3,1,0,110,0,0
v22_b,55483874,92659405,0,Archaludon,ebd4dbb270dce6a2,4,253,Metal Defender,190,Archaludon ex,646,Marnie's Impidimp,70,70,1,8,3,3,0,70,0,0
v22_b,55483874,92659405,0,Archaludon,ebd4dbb270dce6a2,6,253,Metal Defender,190,Archaludon ex,648,Marnie's Grimmsnarl ex,320,320,2,8,2,3,0,320,0,0
v22_b,55483874,92659405,0,Archaludon,ebd4dbb270dce6a2,8,253,Metal Defender,190,Archaludon ex,648,Marnie's Grimmsnarl ex,90,320,2,5,2,3,0,100,-10,0
v22_b,55483874,92659405,0,Archaludon,ebd4dbb270dce6a2,10,253,Metal Defender,190,Archaludon ex,860,Snorunt,70,70,1,5,1,3,0,70,0,0
v22_b,55483874,92659405,0,Archaludon,ebd4dbb270dce6a2,10,253,Metal Defender,190,Archaludon ex,860,Snorunt,70,70,1,5,1,3,0,70,0,0
v22_b,55483874,92659405,0,Archaludon,ebd4dbb270dce6a2,12,253,Metal Defender,190,Archaludon ex,104,Froslass,40,90,1,4,0,3,0,40,0,0
v22_b,55483874,92660365,0,Grimmsnarl (mirror),9714ab5c3996f6cc,8,937,Shadow Bullet,648,Marnie's Grimmsnarl ex,647,Marnie's Morgrem,100,100,1,4,4,2,0,100,0,0
v22_b,55483874,92660365,0,Grimmsnarl (mirror),9714ab5c3996f6cc,10,937,Shadow Bullet,648,Marnie's Grimmsnarl ex,648,Marnie's Grimmsnarl ex,310,320,2,4,4,2,0,320,-10,0
v22_b,55483874,92661317,1,Grimmsnarl (mirror),9714ab5c3996f6cc,4,937,Shadow Bullet,648,Marnie's Grimmsnarl ex,112,Munkidori,110,110,0,6,4,2,0,110,0,0
v22_b,55483874,92661317,1,Grimmsnarl (mirror),9714ab5c3996f6cc,6,937,Shadow Bullet,648,Marnie's Grimmsnarl ex,646,Marnie's Impidimp,70,70,1,8,4,2,0,70,0,0
v22_b,55483874,92661317,1,Grimmsnarl (mirror),9714ab5c3996f6cc,10,937,Shadow Bullet,648,Marnie's Grimmsnarl ex,648,Marnie's Grimmsnarl ex,200,320,2,7,4,2,0,200,0,0
v22_b,55483874,92661317,1,Grimmsnarl (mirror),9714ab5c3996f6cc,10,937,Shadow Bullet,648,Marnie's Grimmsnarl ex,648,Marnie's Grimmsnarl ex,200,320,2,2,4,2,0,200,0,0
v22_b,55483874,92661317,1,Grimmsnarl (mirror),9714ab5c3996f6cc,12,937,Shadow Bullet,648,Marnie's Grimmsnarl ex,648,Marnie's Grimmsnarl ex,320,320,2,4,4,2,0,320,0,0
v22_b,55483874,92662264,0,Grimmsnarl (mirror),9714ab5c3996f6cc,8,937,Shadow Bullet,648,Marnie's Grimmsnarl ex,648,Marnie's Grimmsnarl ex,310,320,3,4,2,3,0,320,-10,0
v22_b,55483874,92662264,0,Grimmsnarl (mirror),9714ab5c3996f6cc,10,937,Shadow Bullet,648,Marnie's Grimmsnarl ex,648,Marnie's Grimmsnarl ex,110,320,3,4,3,3,0,120,-10,0
v22_b,55483874,92663236,1,Alakazam,cc38cb450b86770a,11,1072,Powerful Hand,743,Alakazam,648,Marnie's Grimmsnarl ex,270,320,2,11,5,1,0,270,0,0
v22_b,55483874,92664175,0,Grimmsnarl (mirror),9714ab5c3996f6cc,4,937,Shadow Bullet,648,Marnie's Grimmsnarl ex,648,Marnie's Grimmsnarl ex,320,320,2,5,5,2,0,320,0,0
v22_b,55483874,92664175,0,Grimmsnarl (mirror),9714ab5c3996f6cc,8,937,Shadow Bullet,648,Marnie's Grimmsnarl ex,112,Munkidori,110,110,0,8,4,3,0,0,110,1
v22_b,55483874,92664175,0,Grimmsnarl (mirror),9714ab5c3996f6cc,10,937,Shadow Bullet,648,Marnie's Grimmsnarl ex,648,Marnie's Grimmsnarl ex,320,320,2,9,3,3,0,320,0,0
v22_b,55483874,92664175,0,Grimmsnarl (mirror),9714ab5c3996f6cc,12,937,Shadow Bullet,648,Marnie's Grimmsnarl ex,648,Marnie's Grimmsnarl ex,140,320,2,9,4,2,0,140,0,0
v22_b,55483874,92665345,1,Alakazam,7fa65817cc79c36c,2,1070,Teleportation Attack,741,Abra,646,Marnie's Impidimp,70,70,0,4,2,1,0,60,10,0
v22_b,55483874,92665345,1,Alakazam,7fa65817cc79c36c,4,1072,Powerful Hand,743,Alakazam,646,Marnie's Impidimp,70,70,0,3,4,1,0,70,0,0
v22_b,55483874,92665345,1,Alakazam,7fa65817cc79c36c,8,1072,Powerful Hand,743,Alakazam,648,Marnie's Grimmsnarl ex,300,320,2,9,5,1,0,300,0,0
v22_b,55483874,92665345,1,Alakazam,7fa65817cc79c36c,8,1072,Powerful Hand,743,Alakazam,648,Marnie's Grimmsnarl ex,300,320,2,9,5,1,0,300,0,0
v22_b,55483874,92666088,0,Grimmsnarl (mirror),9714ab5c3996f6cc,4,934,Filch,646,Marnie's Impidimp,104,Froslass,90,90,0,4,5,1,0,90,0,0
v22_b,55483874,92666088,0,Grimmsnarl (mirror),9714ab5c3996f6cc,4,934,Filch,646,Marnie's Impidimp,104,Froslass,90,90,0,4,5,1,0,90,0,0
v22_b,55483874,92666088,0,Grimmsnarl (mirror),9714ab5c3996f6cc,10,937,Shadow Bullet,648,Marnie's Grimmsnarl ex,648,Marnie's Grimmsnarl ex,290,320,2,8,4,2,0,300,-10,0
v22_b,55483874,92667041,1,Mega Lopunny / Froslass,a7ee29914c1dce64,4,230,Assault Landing,174,Fan Rotom,646,Marnie's Impidimp,70,70,1,5,2,1,0,70,0,0
v22_b,55483874,92667041,1,Mega Lopunny / Froslass,a7ee29914c1dce64,8,1240,Resentful Refrain,861,Mega Froslass ex,648,Marnie's Grimmsnarl ex,310,320,3,5,4,1,0,50,260,0
v22_b,55483874,92667041,1,Mega Lopunny / Froslass,a7ee29914c1dce64,10,1225,Gale Thrust,849,Mega Lopunny ex,648,Marnie's Grimmsnarl ex,70,320,3,7,4,1,0,80,-10,0
v22_b,55483874,92667041,1,Mega Lopunny / Froslass,a7ee29914c1dce64,12,1225,Gale Thrust,849,Mega Lopunny ex,648,Marnie's Grimmsnarl ex,270,320,2,7,3,1,0,30,240,0
v22_b,55483874,92667978,0,Grimmsnarl (mirror),9714ab5c3996f6cc,8,937,Shadow Bullet,648,Marnie's Grimmsnarl ex,112,Munkidori,110,110,1,4,5,3,0,110,0,0
v22_b,55483874,92667978,0,Grimmsnarl (mirror),9714ab5c3996f6cc,8,937,Shadow Bullet,648,Marnie's Grimmsnarl ex,112,Munkidori,110,110,1,4,5,3,0,110,0,0
v22_b,55483874,92667978,0,Grimmsnarl (mirror),9714ab5c3996f6cc,10,937,Shadow Bullet,648,Marnie's Grimmsnarl ex,648,Marnie's Grimmsnarl ex,320,320,2,2,5,3,0,320,0,0
v22_b,55483874,92667978,0,Grimmsnarl (mirror),9714ab5c3996f6cc,10,937,Shadow Bullet,648,Marnie's Grimmsnarl ex,648,Marnie's Grimmsnarl ex,320,320,2,2,5,3,0,320,0,0
v22_b,55483874,92667978,0,Grimmsnarl (mirror),9714ab5c3996f6cc,10,937,Shadow Bullet,648,Marnie's Grimmsnarl ex,648,Marnie's Grimmsnarl ex,320,320,2,2,5,2,0,320,0,0
v22_b,55483874,92667978,0,Grimmsnarl (mirror),9714ab5c3996f6cc,12,937,Shadow Bullet,648,Marnie's Grimmsnarl ex,648,Marnie's Grimmsnarl ex,170,320,2,4,5,2,0,170,0,0
v22_b,55483874,92667978,0,Grimmsnarl (mirror),9714ab5c3996f6cc,12,937,Shadow Bullet,648,Marnie's Grimmsnarl ex,648,Marnie's Grimmsnarl ex,170,320,2,4,5,2,0,170,0,0
v22_b,55483874,92667978,0,Grimmsnarl (mirror),9714ab5c3996f6cc,12,937,Shadow Bullet,648,Marnie's Grimmsnarl ex,648,Marnie's Grimmsnarl ex,170,320,2,4,5,2,0,170,0,0
v22_b,55483874,92667978,0,Grimmsnarl (mirror),9714ab5c3996f6cc,14,937,Shadow Bullet,648,Marnie's Grimmsnarl ex,647,Marnie's Morgrem,100,100,1,5,4,2,0,100,0,0
v22_b,55483874,92667978,0,Grimmsnarl (mirror),9714ab5c3996f6cc,14,937,Shadow Bullet,648,Marnie's Grimmsnarl ex,647,Marnie's Morgrem,100,100,1,5,3,2,0,100,0,0
v22_b,55483874,92667978,0,Grimmsnarl (mirror),9714ab5c3996f6cc,14,937,Shadow Bullet,648,Marnie's Grimmsnarl ex,647,Marnie's Morgrem,100,100,1,5,3,2,0,100,0,0
v22_b,55483874,92668916,1,Alakazam,cc38cb450b86770a,6,1072,Powerful Hand,743,Alakazam,646,Marnie's Impidimp,70,70,0,3,3,1,0,70,0,0
v22_b,55483874,92668916,1,Alakazam,cc38cb450b86770a,6,1072,Powerful Hand,743,Alakazam,646,Marnie's Impidimp,70,70,0,3,3,1,0,30,40,0
v22_b,55483874,92668916,1,Alakazam,cc38cb450b86770a,10,1072,Powerful Hand,743,Alakazam,648,Marnie's Grimmsnarl ex,310,320,2,4,3,1,0,140,170,0
v22_b,55483874,92669860,0,Ogerpon,97df7a2a423da1d8,3,120,Myriad Leaf Shower,96,Teal Mask Ogerpon ex,860,Snorunt,70,70,0,4,4,3,7,70,0,0
v22_b,55483874,92670803,1,Alakazam,cc38cb450b86770a,3,1072,Powerful Hand,743,Alakazam,112,Munkidori,110,110,1,6,4,1,0,110,0,0
v22_b,55483874,92670803,1,Alakazam,cc38cb450b86770a,5,1072,Powerful Hand,743,Alakazam,648,Marnie's Grimmsnarl ex,310,320,2,5,5,1,0,310,0,0
v22_b,55483874,92670803,1,Alakazam,cc38cb450b86770a,5,1072,Powerful Hand,743,Alakazam,648,Marnie's Grimmsnarl ex,310,320,2,5,5,1,0,310,0,0
v22_b,55483874,92670803,1,Alakazam,cc38cb450b86770a,5,1072,Powerful Hand,743,Alakazam,648,Marnie's Grimmsnarl ex,310,320,2,5,5,1,0,310,0,0
v22_b,55483874,92670803,1,Alakazam,cc38cb450b86770a,5,1072,Powerful Hand,743,Alakazam,648,Marnie's Grimmsnarl ex,310,320,2,5,5,1,0,310,0,0
v22_b,55483874,92670803,1,Alakazam,cc38cb450b86770a,7,423,Trading Places,305,Dunsparce,648,Marnie's Grimmsnarl ex,170,320,2,7,5,1,0,170,0,0
v22_b,55483874,92671748,1,Alakazam,cc38cb450b86770a,3,1070,Teleportation Attack,741,Abra,112,Munkidori,110,110,0,6,4,1,0,110,0,0
v22_b,55483874,92671748,1,Alakazam,cc38cb450b86770a,3,1071,Super Psy Bolt,742,Kadabra,112,Munkidori,110,110,0,6,4,1,0,110,0,0
v22_b,55483874,92671748,1,Alakazam,cc38cb450b86770a,3,1071,Super Psy Bolt,742,Kadabra,112,Munkidori,110,110,0,6,4,1,0,110,0,0
v22_b,55483874,92671748,1,Alakazam,cc38cb450b86770a,5,1072,Powerful Hand,743,Alakazam,112,Munkidori,110,110,1,6,5,1,0,110,0,0
v22_b,55483874,92671748,1,Alakazam,cc38cb450b86770a,5,1072,Powerful Hand,743,Alakazam,860,Snorunt,70,70,0,6,5,1,0,,,1
v22_b,55483874,92671748,1,Alakazam,cc38cb450b86770a,7,1072,Powerful Hand,743,Alakazam,648,Marnie's Grimmsnarl ex,320,320,2,7,5,1,0,320,0,0
v22_b,55483874,92671748,1,Alakazam,cc38cb450b86770a,7,1072,Powerful Hand,743,Alakazam,648,Marnie's Grimmsnarl ex,320,320,2,7,5,1,0,320,0,0
v22_b,55483874,92671748,1,Alakazam,cc38cb450b86770a,11,1072,Powerful Hand,743,Alakazam,647,Marnie's Morgrem,100,100,2,4,5,1,0,100,0,0
v22_b,55483874,92674589,1,Alakazam,b1f287b8d98881f8,9,1072,Powerful Hand,743,Alakazam,104,Froslass,90,90,0,6,5,1,0,,,1
v22_b,55483874,92674589,1,Alakazam,b1f287b8d98881f8,13,1072,Powerful Hand,743,Alakazam,647,Marnie's Morgrem,100,100,2,10,5,1,0,100,0,0
v22_b,55483874,92675511,0,Mega Lopunny / Froslass,a7ee29914c1dce64,2,1223,Run Around,848,Buneary,646,Marnie's Impidimp,70,70,0,5,2,1,0,70,0,0
v22_b,55483874,92675511,0,Mega Lopunny / Froslass,a7ee29914c1dce64,6,1225,Gale Thrust,849,Mega Lopunny ex,648,Marnie's Grimmsnarl ex,320,320,2,7,4,1,0,320,0,0
v22_b,55483874,92675511,0,Mega Lopunny / Froslass,a7ee29914c1dce64,6,1225,Gale Thrust,849,Mega Lopunny ex,648,Marnie's Grimmsnarl ex,320,320,2,7,4,1,0,260,60,0
v22_b,55483874,92675511,0,Mega Lopunny / Froslass,a7ee29914c1dce64,6,1225,Gale Thrust,849,Mega Lopunny ex,648,Marnie's Grimmsnarl ex,320,320,2,7,4,1,0,260,60,0
v22_b,55483874,92675511,0,Mega Lopunny / Froslass,a7ee29914c1dce64,10,1240,Resentful Refrain,861,Mega Froslass ex,648,Marnie's Grimmsnarl ex,320,320,2,4,5,1,0,120,200,0
v22_b,55483874,92675511,0,Mega Lopunny / Froslass,a7ee29914c1dce64,10,1240,Resentful Refrain,861,Mega Froslass ex,648,Marnie's Grimmsnarl ex,320,320,2,4,5,1,0,120,200,0
v22_b,55483874,92676506,0,Mega Lucario,c3c16f0e65487ad6,3,980,Cosmic Beam,676,Solrock,860,Snorunt,70,70,0,4,2,1,0,70,0,0
v22_b,55483874,92676506,0,Mega Lucario,c3c16f0e65487ad6,5,980,Cosmic Beam,676,Solrock,646,Marnie's Impidimp,70,70,1,4,3,1,0,70,0,0
v22_b,55483874,92676506,0,Mega Lucario,c3c16f0e65487ad6,5,980,Cosmic Beam,676,Solrock,646,Marnie's Impidimp,70,70,1,4,3,1,0,70,0,0
v22_b,55483874,92676506,0,Mega Lucario,c3c16f0e65487ad6,5,980,Cosmic Beam,676,Solrock,646,Marnie's Impidimp,70,70,1,4,3,1,0,70,0,0
v22_b,55483874,92676506,0,Mega Lucario,c3c16f0e65487ad6,7,980,Cosmic Beam,676,Solrock,646,Marnie's Impidimp,70,70,1,5,3,1,0,70,0,0
v22_b,55483874,92676506,0,Mega Lucario,c3c16f0e65487ad6,7,980,Cosmic Beam,676,Solrock,646,Marnie's Impidimp,70,70,1,5,3,1,0,70,0,0
v22_b,55483874,92676506,0,Mega Lucario,c3c16f0e65487ad6,9,980,Cosmic Beam,676,Solrock,112,Munkidori,100,110,0,7,4,1,0,100,0,0
v22_b,55483874,92676506,0,Mega Lucario,c3c16f0e65487ad6,11,982,Aura Jab,678,Mega Lucario ex,648,Marnie's Grimmsnarl ex,300,320,2,7,3,2,0,300,0,0
v22_b,55483874,92676506,0,Mega Lucario,c3c16f0e65487ad6,11,983,Mega Brave,678,Mega Lucario ex,648,Marnie's Grimmsnarl ex,300,320,2,7,3,2,0,300,0,0
v22_b,55483874,92676506,0,Mega Lucario,c3c16f0e65487ad6,13,982,Aura Jab,678,Mega Lucario ex,648,Marnie's Grimmsnarl ex,50,320,2,11,4,2,0,50,0,0
v22_b,55483874,92676506,0,Mega Lucario,c3c16f0e65487ad6,13,982,Aura Jab,678,Mega Lucario ex,648,Marnie's Grimmsnarl ex,50,320,2,11,4,2,0,0,50,1
v22_b,55483874,92677432,0,Grimmsnarl (mirror),9714ab5c3996f6cc,4,937,Shadow Bullet,648,Marnie's Grimmsnarl ex,860,Snorunt,70,70,0,6,4,2,0,70,0,0
v22_b,55483874,92677432,0,Grimmsnarl (mirror),9714ab5c3996f6cc,4,937,Shadow Bullet,648,Marnie's Grimmsnarl ex,860,Snorunt,70,70,0,6,4,2,0,70,0,0
v22_b,55483874,92677432,0,Grimmsnarl (mirror),9714ab5c3996f6cc,6,937,Shadow Bullet,648,Marnie's Grimmsnarl ex,648,Marnie's Grimmsnarl ex,320,320,2,5,5,2,0,320,0,0
v22_b,55483874,92677432,0,Grimmsnarl (mirror),9714ab5c3996f6cc,8,937,Shadow Bullet,648,Marnie's Grimmsnarl ex,648,Marnie's Grimmsnarl ex,230,320,2,3,5,2,0,230,0,0
v22_b,55483874,92677432,0,Grimmsnarl (mirror),9714ab5c3996f6cc,8,937,Shadow Bullet,648,Marnie's Grimmsnarl ex,648,Marnie's Grimmsnarl ex,230,320,2,3,5,2,0,230,0,0
v22_b,55483874,92677432,0,Grimmsnarl (mirror),9714ab5c3996f6cc,8,937,Shadow Bullet,648,Marnie's Grimmsnarl ex,648,Marnie's Grimmsnarl ex,230,320,2,3,5,2,0,230,0,0
v22_b,55483874,92677432,0,Grimmsnarl (mirror),9714ab5c3996f6cc,10,937,Shadow Bullet,648,Marnie's Grimmsnarl ex,648,Marnie's Grimmsnarl ex,320,320,2,4,5,2,0,320,0,0
v22_b,55483874,92677432,0,Grimmsnarl (mirror),9714ab5c3996f6cc,12,937,Shadow Bullet,648,Marnie's Grimmsnarl ex,648,Marnie's Grimmsnarl ex,170,320,2,7,4,2,0,170,0,0
v22_b,55483874,92677432,0,Grimmsnarl (mirror),9714ab5c3996f6cc,12,937,Shadow Bullet,648,Marnie's Grimmsnarl ex,648,Marnie's Grimmsnarl ex,170,320,2,7,3,2,0,170,0,0
v22_b,55483874,92678380,1,Alakazam,cc38cb450b86770a,4,1072,Powerful Hand,743,Alakazam,648,Marnie's Grimmsnarl ex,320,320,2,5,5,1,0,320,0,0
v22_b,55483874,92678380,1,Alakazam,cc38cb450b86770a,4,1072,Powerful Hand,743,Alakazam,648,Marnie's Grimmsnarl ex,320,320,2,5,5,1,0,320,0,0
v22_b,55483874,92678380,1,Alakazam,cc38cb450b86770a,4,1072,Powerful Hand,743,Alakazam,648,Marnie's Grimmsnarl ex,320,320,2,5,5,1,0,80,240,0
v22_b,55483874,92678380,1,Alakazam,cc38cb450b86770a,6,1072,Powerful Hand,743,Alakazam,648,Marnie's Grimmsnarl ex,110,320,2,8,5,1,0,110,0,0
v22_b,55483874,92678380,1,Alakazam,cc38cb450b86770a,6,1072,Powerful Hand,743,Alakazam,648,Marnie's Grimmsnarl ex,110,320,2,8,5,1,0,110,0,0
v22_b,55483874,92678380,1,Alakazam,cc38cb450b86770a,8,1072,Powerful Hand,743,Alakazam,648,Marnie's Grimmsnarl ex,300,320,2,5,5,2,0,200,100,0
v22_b,55483874,92678380,1,Alakazam,cc38cb450b86770a,8,1072,Powerful Hand,743,Alakazam,648,Marnie's Grimmsnarl ex,300,320,2,5,5,2,0,180,120,0
v22_b,55483874,92680243,1,Archaludon,3c412a8f12eabe8c,2,223,Hammer In,169,Duraludon,860,Snorunt,70,70,0,4,2,1,0,70,0,0
v22_b,55483874,92680243,1,Archaludon,3c412a8f12eabe8c,2,223,Hammer In,169,Duraludon,860,Snorunt,70,70,0,4,2,1,0,70,0,0
v22_b,55483874,92680243,1,Archaludon,3c412a8f12eabe8c,4,223,Hammer In,169,Duraludon,104,Froslass,90,90,0,5,5,2,0,90,0,0
v22_b,55483874,92680243,1,Archaludon,3c412a8f12eabe8c,4,223,Hammer In,169,Duraludon,104,Froslass,90,90,0,5,5,2,0,90,0,0
v22_b,55483874,92681128,0,Grimmsnarl (mirror),9714ab5c3996f6cc,8,937,Shadow Bullet,648,Marnie's Grimmsnarl ex,648,Marnie's Grimmsnarl ex,110,320,3,9,5,2,0,120,-10,0
v22_b,55483874,92681128,0,Grimmsnarl (mirror),9714ab5c3996f6cc,8,937,Shadow Bullet,648,Marnie's Grimmsnarl ex,648,Marnie's Grimmsnarl ex,110,320,3,2,5,2,0,120,-10,0
v22_b,55483874,92681128,0,Grimmsnarl (mirror),9714ab5c3996f6cc,12,937,Shadow Bullet,648,Marnie's Grimmsnarl ex,648,Marnie's Grimmsnarl ex,120,320,0,6,4,2,0,0,120,1
v22_b,55483874,92681172,0,Dragapult,202ee2cec6cbe8b4,2,323,Itchy Pollen,235,Budew,646,Marnie's Impidimp,70,70,0,5,3,0,0,50,20,0
v22_b,55483874,92681172,0,Dragapult,202ee2cec6cbe8b4,2,323,Itchy Pollen,235,Budew,646,Marnie's Impidimp,70,70,0,5,3,0,0,50,20,0
v22_b,55483874,92681172,0,Dragapult,202ee2cec6cbe8b4,4,323,Itchy Pollen,235,Budew,646,Marnie's Impidimp,70,70,0,5,4,0,0,50,20,0
v22_b,55483874,92681172,0,Dragapult,202ee2cec6cbe8b4,6,152,Dragon Headbutt,120,Drakloak,648,Marnie's Grimmsnarl ex,320,320,2,5,5,2,0,320,0,0
v22_b,55483874,92681172,0,Dragapult,202ee2cec6cbe8b4,6,154,Phantom Dive,121,Dragapult ex,648,Marnie's Grimmsnarl ex,320,320,2,5,5,2,0,320,0,0
v22_b,55483874,92681172,0,Dragapult,202ee2cec6cbe8b4,6,154,Phantom Dive,121,Dragapult ex,648,Marnie's Grimmsnarl ex,320,320,2,5,5,2,0,320,0,0
v22_b,55483874,92681172,0,Dragapult,202ee2cec6cbe8b4,8,154,Phantom Dive,121,Dragapult ex,648,Marnie's Grimmsnarl ex,180,320,2,5,5,2,0,180,0,0
v22_b,55483874,92681172,0,Dragapult,202ee2cec6cbe8b4,10,154,Phantom Dive,121,Dragapult ex,647,Marnie's Morgrem,100,100,0,4,4,2,0,100,0,0
v22_b,55483874,92682163,1,Grimmsnarl (mirror),9714ab5c3996f6cc,6,937,Shadow Bullet,648,Marnie's Grimmsnarl ex,648,Marnie's Grimmsnarl ex,320,320,2,7,5,2,0,320,0,0
v22_b,55483874,92682163,1,Grimmsnarl (mirror),9714ab5c3996f6cc,6,937,Shadow Bullet,648,Marnie's Grimmsnarl ex,648,Marnie's Grimmsnarl ex,320,320,2,7,5,2,0,320,0,0
v22_b,55483874,92682163,1,Grimmsnarl (mirror),9714ab5c3996f6cc,8,937,Shadow Bullet,648,Marnie's Grimmsnarl ex,648,Marnie's Grimmsnarl ex,200,320,2,8,5,2,0,200,0,0
v22_b,55483874,92682163,1,Grimmsnarl (mirror),9714ab5c3996f6cc,8,937,Shadow Bullet,648,Marnie's Grimmsnarl ex,648,Marnie's Grimmsnarl ex,200,320,2,8,5,2,0,200,0,0
v22_b,55483874,92682163,1,Grimmsnarl (mirror),9714ab5c3996f6cc,8,937,Shadow Bullet,648,Marnie's Grimmsnarl ex,648,Marnie's Grimmsnarl ex,200,320,2,8,5,2,0,200,0,0
v22_b,55483874,92682163,1,Grimmsnarl (mirror),9714ab5c3996f6cc,10,937,Shadow Bullet,648,Marnie's Grimmsnarl ex,648,Marnie's Grimmsnarl ex,50,320,2,9,5,2,0,50,0,0
v22_b,55483874,92683107,1,Alakazam,cc38cb450b86770a,3,1071,Super Psy Bolt,742,Kadabra,646,Marnie's Impidimp,70,70,0,4,5,1,0,70,0,0
v22_b,55483874,92683107,1,Alakazam,cc38cb450b86770a,3,1071,Super Psy Bolt,742,Kadabra,646,Marnie's Impidimp,70,70,0,4,5,1,0,70,0,0
v22_b,55483874,92683107,1,Alakazam,cc38cb450b86770a,3,1071,Super Psy Bolt,742,Kadabra,646,Marnie's Impidimp,70,70,0,4,5,1,0,70,0,0
v22_b,55483874,92683107,1,Alakazam,cc38cb450b86770a,3,1071,Super Psy Bolt,742,Kadabra,646,Marnie's Impidimp,70,70,0,4,5,1,0,70,0,0
v22_b,55483874,92683107,1,Alakazam,cc38cb450b86770a,5,1072,Powerful Hand,743,Alakazam,647,Marnie's Morgrem,100,100,0,2,5,1,0,100,0,0
v22_b,55483874,92683107,1,Alakazam,cc38cb450b86770a,5,1072,Powerful Hand,743,Alakazam,647,Marnie's Morgrem,100,100,0,2,5,1,0,100,0,0
v22_b,55483874,92683107,1,Alakazam,cc38cb450b86770a,7,1072,Powerful Hand,743,Alakazam,648,Marnie's Grimmsnarl ex,320,320,2,5,5,1,0,320,0,0
v22_b,55483874,92683107,1,Alakazam,cc38cb450b86770a,7,1072,Powerful Hand,743,Alakazam,648,Marnie's Grimmsnarl ex,320,320,2,5,5,1,0,320,0,0
v22_b,55483874,92683107,1,Alakazam,cc38cb450b86770a,9,1072,Powerful Hand,743,Alakazam,648,Marnie's Grimmsnarl ex,120,320,2,7,5,1,0,120,0,0
v22_b,55483874,92684038,0,Mega Lopunny / Froslass,6fa64c0e3b2eb67c,2,230,Assault Landing,174,Fan Rotom,646,Marnie's Impidimp,70,70,1,4,2,1,0,70,0,0
v22_b,55483874,92684038,0,Mega Lopunny / Froslass,6fa64c0e3b2eb67c,4,1225,Gale Thrust,849,Mega Lopunny ex,648,Marnie's Grimmsnarl ex,320,320,2,3,2,1,0,90,230,0
v22_b,55483874,92684038,0,Mega Lopunny / Froslass,6fa64c0e3b2eb67c,8,1225,Gale Thrust,849,Mega Lopunny ex,648,Marnie's Grimmsnarl ex,120,320,2,7,4,1,0,130,-10,0
v22_b,55483874,92684038,0,Mega Lopunny / Froslass,6fa64c0e3b2eb67c,8,1225,Gale Thrust,849,Mega Lopunny ex,648,Marnie's Grimmsnarl ex,120,320,2,7,4,2,0,130,-10,0
v22_b,55483874,92684038,0,Mega Lopunny / Froslass,6fa64c0e3b2eb67c,10,1225,Gale Thrust,849,Mega Lopunny ex,648,Marnie's Grimmsnarl ex,290,320,2,6,5,1,0,50,240,0
v22_b,55483874,92684038,0,Mega Lopunny / Froslass,6fa64c0e3b2eb67c,12,1225,Gale Thrust,849,Mega Lopunny ex,648,Marnie's Grimmsnarl ex,110,320,2,7,5,1,0,140,-30,0
v22_b,55483874,92684939,1,Grimmsnarl (mirror),21c3f20980827cb2,6,934,Filch,646,Marnie's Impidimp,648,Marnie's Grimmsnarl ex,320,320,2,4,4,1,0,320,0,0
v22_b,55483874,92684939,1,Grimmsnarl (mirror),21c3f20980827cb2,8,937,Shadow Bullet,648,Marnie's Grimmsnarl ex,648,Marnie's Grimmsnarl ex,290,320,2,6,5,2,0,320,-30,0
v22_b,55483874,92684939,1,Grimmsnarl (mirror),21c3f20980827cb2,12,937,Shadow Bullet,648,Marnie's Grimmsnarl ex,648,Marnie's Grimmsnarl ex,320,320,2,8,5,2,0,320,0,0
v22_b,55483874,92685907,1,Dragapult,202ee2cec6cbe8b4,6,153,Jet Headbutt,121,Dragapult ex,104,Froslass,90,90,0,5,5,2,0,20,70,0
v22_b,55483874,92685907,1,Dragapult,202ee2cec6cbe8b4,6,153,Jet Headbutt,121,Dragapult ex,104,Froslass,90,90,0,5,5,2,0,20,70,0
v22_b,55483874,92685907,1,Dragapult,202ee2cec6cbe8b4,8,153,Jet Headbutt,121,Dragapult ex,112,Munkidori,90,110,1,5,5,2,0,90,0,0
v22_b,55483874,92685907,1,Dragapult,202ee2cec6cbe8b4,8,153,Jet Headbutt,121,Dragapult ex,112,Munkidori,90,110,1,5,5,2,0,10,80,0
v22_b,55483874,92685907,1,Dragapult,202ee2cec6cbe8b4,8,153,Jet Headbutt,121,Dragapult ex,112,Munkidori,90,110,1,5,5,2,0,10,80,0
v22_b,55483874,92685907,1,Dragapult,202ee2cec6cbe8b4,10,153,Jet Headbutt,121,Dragapult ex,648,Marnie's Grimmsnarl ex,290,320,3,5,5,2,0,210,80,0
v22_b,55483874,92685907,1,Dragapult,202ee2cec6cbe8b4,10,153,Jet Headbutt,121,Dragapult ex,648,Marnie's Grimmsnarl ex,290,320,3,5,5,2,0,210,80,0
v22_b,55483874,92685907,1,Dragapult,202ee2cec6cbe8b4,12,153,Jet Headbutt,121,Dragapult ex,648,Marnie's Grimmsnarl ex,200,320,3,6,5,2,0,120,80,0
v22_b,55483874,92685907,1,Dragapult,202ee2cec6cbe8b4,12,153,Jet Headbutt,121,Dragapult ex,648,Marnie's Grimmsnarl ex,200,320,3,6,5,2,0,120,80,0
v22_b,55483874,92686847,0,Grimmsnarl (mirror),9714ab5c3996f6cc,8,937,Shadow Bullet,648,Marnie's Grimmsnarl ex,648,Marnie's Grimmsnarl ex,320,320,5,3,5,2,0,320,0,0
v22_b,55483874,92686847,0,Grimmsnarl (mirror),9714ab5c3996f6cc,10,937,Shadow Bullet,648,Marnie's Grimmsnarl ex,112,Munkidori,110,110,1,2,4,2,0,110,0,0
v22_b,55483874,92686847,0,Grimmsnarl (mirror),9714ab5c3996f6cc,10,937,Shadow Bullet,648,Marnie's Grimmsnarl ex,112,Munkidori,110,110,1,2,3,2,0,0,110,1
v22_b,55483874,92687848,0,Mega Lopunny / Froslass,a7ee29914c1dce64,2,1239,Chilly,860,Snorunt,112,Munkidori,110,110,0,6,1,1,0,100,10,0
v22_b,55483874,92687848,0,Mega Lopunny / Froslass,a7ee29914c1dce64,4,1240,Resentful Refrain,861,Mega Froslass ex,112,Munkidori,110,110,1,7,3,1,0,110,0,0
v22_b,55483874,92687848,0,Mega Lopunny / Froslass,a7ee29914c1dce64,4,1240,Resentful Refrain,861,Mega Froslass ex,112,Munkidori,110,110,1,7,3,1,0,110,0,0
v22_b,55483874,92687848,0,Mega Lopunny / Froslass,a7ee29914c1dce64,6,1240,Resentful Refrain,861,Mega Froslass ex,648,Marnie's Grimmsnarl ex,320,320,2,2,4,1,0,220,100,0
v22_b,55483874,92687848,0,Mega Lopunny / Froslass,a7ee29914c1dce64,8,1240,Resentful Refrain,861,Mega Froslass ex,648,Marnie's Grimmsnarl ex,280,320,3,8,5,1,0,280,0,0
v22_b,55483874,92687848,0,Mega Lopunny / Froslass,a7ee29914c1dce64,8,1240,Resentful Refrain,861,Mega Froslass ex,648,Marnie's Grimmsnarl ex,280,320,3,8,5,1,0,280,0,0
v22_b,55483874,92687848,0,Mega Lopunny / Froslass,a7ee29914c1dce64,10,1240,Resentful Refrain,861,Mega Froslass ex,648,Marnie's Grimmsnarl ex,320,320,2,7,5,1,0,320,0,0
v22_b,55483874,92687848,0,Mega Lopunny / Froslass,a7ee29914c1dce64,10,1240,Resentful Refrain,861,Mega Froslass ex,648,Marnie's Grimmsnarl ex,320,320,2,7,5,1,0,320,0,0
v22_b,55483874,92687848,0,Mega Lopunny / Froslass,a7ee29914c1dce64,10,1240,Resentful Refrain,861,Mega Froslass ex,648,Marnie's Grimmsnarl ex,320,320,2,7,5,1,0,320,0,0
v22_b,55483874,92687848,0,Mega Lopunny / Froslass,a7ee29914c1dce64,12,1240,Resentful Refrain,861,Mega Froslass ex,646,Marnie's Impidimp,70,70,0,5,5,1,0,,,1
v22_b,55483874,92688404,1,other: Cynthia's Garchomp ex,8c194ba1f0107a4c,4,530,Dragonslice,380,Cynthia's Gabite,112,Munkidori,110,110,1,5,5,1,0,100,10,0
v22_b,55483874,92688404,1,other: Cynthia's Garchomp ex,8c194ba1f0107a4c,4,530,Dragonslice,380,Cynthia's Gabite,112,Munkidori,110,110,1,5,5,1,0,100,10,0
v22_b,55483874,92688404,1,other: Cynthia's Garchomp ex,8c194ba1f0107a4c,6,530,Dragonslice,380,Cynthia's Gabite,648,Marnie's Grimmsnarl ex,310,320,2,4,5,1,0,230,80,0
v22_b,55483874,92688404,1,other: Cynthia's Garchomp ex,8c194ba1f0107a4c,6,530,Dragonslice,380,Cynthia's Gabite,648,Marnie's Grimmsnarl ex,310,320,2,4,5,1,0,230,80,0
v22_b,55483874,92688753,1,other: Fezandipiti ex,711c221c9cc49384,4,115,Do the Wave,93,Dipplin,648,Marnie's Grimmsnarl ex,320,320,2,2,5,1,1,320,0,0
v22_b,55483874,92688753,1,other: Fezandipiti ex,711c221c9cc49384,4,115,Do the Wave,93,Dipplin,648,Marnie's Grimmsnarl ex,320,320,2,2,5,1,1,320,0,0
v22_b,55483874,92688753,1,other: Fezandipiti ex,711c221c9cc49384,4,115,Do the Wave,93,Dipplin,648,Marnie's Grimmsnarl ex,100,320,2,2,5,1,1,320,-220,0
v22_b,55483874,92688753,1,other: Fezandipiti ex,711c221c9cc49384,6,115,Do the Wave,93,Dipplin,648,Marnie's Grimmsnarl ex,310,320,2,2,5,1,1,320,-10,0
v22_b,55483874,92690307,0,Grimmsnarl (mirror),9714ab5c3996f6cc,10,937,Shadow Bullet,648,Marnie's Grimmsnarl ex,648,Marnie's Grimmsnarl ex,120,320,3,2,3,2,0,130,-10,0
v22_b,55483874,92690307,0,Grimmsnarl (mirror),9714ab5c3996f6cc,10,937,Shadow Bullet,648,Marnie's Grimmsnarl ex,648,Marnie's Grimmsnarl ex,120,320,3,2,3,3,0,130,-10,0
v22_b,55483874,92690307,0,Grimmsnarl (mirror),9714ab5c3996f6cc,12,937,Shadow Bullet,648,Marnie's Grimmsnarl ex,648,Marnie's Grimmsnarl ex,270,320,2,7,3,2,0,290,-20,0
v22_b,55483874,92690307,0,Grimmsnarl (mirror),9714ab5c3996f6cc,12,937,Shadow Bullet,648,Marnie's Grimmsnarl ex,648,Marnie's Grimmsnarl ex,270,320,2,7,3,2,0,290,-20,0
v22_c,55486680,92691061,0,Grimmsnarl (mirror),9714ab5c3996f6cc,2,934,Filch,646,Marnie's Impidimp,860,Snorunt,70,70,0,5,2,1,0,70,0,0
v22_c,55486680,92691061,0,Grimmsnarl (mirror),9714ab5c3996f6cc,2,934,Filch,646,Marnie's Impidimp,860,Snorunt,70,70,0,5,2,1,0,70,0,0
v22_c,55486680,92691061,0,Grimmsnarl (mirror),9714ab5c3996f6cc,4,934,Filch,646,Marnie's Impidimp,860,Snorunt,70,70,0,5,4,1,0,70,0,0
v22_c,55486680,92691061,0,Grimmsnarl (mirror),9714ab5c3996f6cc,6,937,Shadow Bullet,648,Marnie's Grimmsnarl ex,104,Froslass,90,90,0,5,5,2,0,90,0,0
v22_c,55486680,92691061,0,Grimmsnarl (mirror),9714ab5c3996f6cc,6,937,Shadow Bullet,648,Marnie's Grimmsnarl ex,104,Froslass,90,90,0,5,5,2,0,90,0,0
v22_c,55486680,92691061,0,Grimmsnarl (mirror),9714ab5c3996f6cc,6,937,Shadow Bullet,648,Marnie's Grimmsnarl ex,112,Munkidori,100,110,1,5,5,2,0,0,100,1
v22_c,55486680,92691061,0,Grimmsnarl (mirror),9714ab5c3996f6cc,8,937,Shadow Bullet,648,Marnie's Grimmsnarl ex,648,Marnie's Grimmsnarl ex,310,320,2,5,4,2,0,320,-10,0
v22_c,55486680,92691061,0,Grimmsnarl (mirror),9714ab5c3996f6cc,8,937,Shadow Bullet,648,Marnie's Grimmsnarl ex,648,Marnie's Grimmsnarl ex,310,320,2,5,4,2,0,320,-10,0
v22_c,55486680,92691061,0,Grimmsnarl (mirror),9714ab5c3996f6cc,8,937,Shadow Bullet,648,Marnie's Grimmsnarl ex,648,Marnie's Grimmsnarl ex,310,320,2,5,4,2,0,320,-10,0
v22_c,55486680,92691061,0,Grimmsnarl (mirror),9714ab5c3996f6cc,10,937,Shadow Bullet,648,Marnie's Grimmsnarl ex,648,Marnie's Grimmsnarl ex,110,320,2,5,5,2,0,110,0,0
v22_c,55486680,92691061,0,Grimmsnarl (mirror),9714ab5c3996f6cc,12,937,Shadow Bullet,648,Marnie's Grimmsnarl ex,648,Marnie's Grimmsnarl ex,310,320,3,5,3,2,0,320,-10,0
v22_c,55486680,92691203,1,Archaludon,7966c4f7fc827422,4,1487,Jetting Blow,1031,Mega Starmie ex,648,Marnie's Grimmsnarl ex,320,320,2,5,4,1,0,320,0,0
v22_c,55486680,92691203,1,Archaludon,7966c4f7fc827422,6,1487,Jetting Blow,1031,Mega Starmie ex,648,Marnie's Grimmsnarl ex,200,320,2,3,5,1,0,200,0,0
v22_c,55486680,92691203,1,Archaludon,7966c4f7fc827422,6,1487,Jetting Blow,1031,Mega Starmie ex,648,Marnie's Grimmsnarl ex,200,320,2,3,5,1,0,200,0,0
v22_c,55486680,92691203,1,Archaludon,7966c4f7fc827422,10,1487,Jetting Blow,1031,Mega Starmie ex,648,Marnie's Grimmsnarl ex,320,320,2,7,5,1,0,320,0,0
v22_c,55486680,92691203,1,Archaludon,7966c4f7fc827422,12,1487,Jetting Blow,1031,Mega Starmie ex,648,Marnie's Grimmsnarl ex,260,320,2,7,5,1,0,260,0,0
v22_c,55486680,92691203,1,Archaludon,7966c4f7fc827422,12,1488,Nebula Beam,1031,Mega Starmie ex,648,Marnie's Grimmsnarl ex,260,320,2,7,5,4,0,50,210,0
v22_c,55486680,92691203,1,Archaludon,7966c4f7fc827422,12,1488,Nebula Beam,1031,Mega Starmie ex,648,Marnie's Grimmsnarl ex,260,320,2,7,5,4,0,50,210,0
v22_c,55486680,92692156,0,Grimmsnarl (mirror),9714ab5c3996f6cc,6,937,Shadow Bullet,648,Marnie's Grimmsnarl ex,648,Marnie's Grimmsnarl ex,320,320,2,7,5,2,0,320,0,0
v22_c,55486680,92692156,0,Grimmsnarl (mirror),9714ab5c3996f6cc,6,937,Shadow Bullet,648,Marnie's Grimmsnarl ex,648,Marnie's Grimmsnarl ex,320,320,2,2,5,2,0,320,0,0
v22_c,55486680,92692156,0,Grimmsnarl (mirror),9714ab5c3996f6cc,10,937,Shadow Bullet,648,Marnie's Grimmsnarl ex,648,Marnie's Grimmsnarl ex,320,320,2,6,4,2,0,320,0,0
v22_c,55486680,92692156,0,Grimmsnarl (mirror),9714ab5c3996f6cc,12,937,Shadow Bullet,648,Marnie's Grimmsnarl ex,648,Marnie's Grimmsnarl ex,170,320,2,8,4,2,0,170,0,0
v22_c,55486680,92692156,0,Grimmsnarl (mirror),9714ab5c3996f6cc,12,937,Shadow Bullet,648,Marnie's Grimmsnarl ex,648,Marnie's Grimmsnarl ex,170,320,2,8,4,2,0,170,0,0
v22_c,55486680,92692156,0,Grimmsnarl (mirror),9714ab5c3996f6cc,14,937,Shadow Bullet,648,Marnie's Grimmsnarl ex,112,Munkidori,90,110,0,8,4,2,0,90,0,0
v22_c,55486680,92693065,1,Alakazam,cc38cb450b86770a,7,1072,Powerful Hand,743,Alakazam,648,Marnie's Grimmsnarl ex,310,320,2,4,5,1,0,310,0,0
v22_c,55486680,92694015,1,Ogerpon,97df7a2a423da1d8,4,120,Myriad Leaf Shower,96,Teal Mask Ogerpon ex,648,Marnie's Grimmsnarl ex,320,320,2,3,4,3,3,320,0,0
v22_c,55486680,92694015,1,Ogerpon,97df7a2a423da1d8,4,120,Myriad Leaf Shower,96,Teal Mask Ogerpon ex,647,Marnie's Morgrem,100,100,1,3,4,4,4,,,1
v22_c,55486680,92694947,1,Alakazam,cc38cb450b86770a,4,1072,Powerful Hand,743,Alakazam,647,Marnie's Morgrem,100,100,0,5,3,1,0,100,0,0
v22_c,55486680,92694947,1,Alakazam,cc38cb450b86770a,6,1072,Powerful Hand,743,Alakazam,647,Marnie's Morgrem,100,100,0,7,5,1,0,40,60,0
v22_c,55486680,92694947,1,Alakazam,cc38cb450b86770a,6,1072,Powerful Hand,743,Alakazam,647,Marnie's Morgrem,100,100,0,7,5,1,0,40,60,0
v22_c,55486680,92695888,1,Dipplin,b957f91298535456,4,115,Do the Wave,93,Dipplin,648,Marnie's Grimmsnarl ex,320,320,2,3,3,1,2,320,0,0
v22_c,55486680,92695888,1,Dipplin,b957f91298535456,4,115,Do the Wave,93,Dipplin,648,Marnie's Grimmsnarl ex,320,320,2,3,3,1,2,320,0,0
v22_c,55486680,92695888,1,Dipplin,b957f91298535456,4,115,Do the Wave,93,Dipplin,648,Marnie's Grimmsnarl ex,320,320,2,2,3,1,2,320,0,0
v22_c,55486680,92695888,1,Dipplin,b957f91298535456,6,115,Do the Wave,93,Dipplin,648,Marnie's Grimmsnarl ex,320,320,2,2,5,1,3,60,260,0
v22_c,55486680,92695888,1,Dipplin,b957f91298535456,6,115,Do the Wave,93,Dipplin,648,Marnie's Grimmsnarl ex,320,320,2,2,5,1,3,60,260,0
v22_c,55486680,92696827,1,Mega Lopunny / Froslass,a7ee29914c1dce64,5,1225,Gale Thrust,849,Mega Lopunny ex,646,Marnie's Impidimp,70,70,0,3,4,2,0,70,0,0
v22_c,55486680,92696827,1,Mega Lopunny / Froslass,a7ee29914c1dce64,7,1225,Gale Thrust,849,Mega Lopunny ex,648,Marnie's Grimmsnarl ex,320,320,2,2,4,1,0,320,0,0
v22_c,55486680,92696827,1,Mega Lopunny / Froslass,a7ee29914c1dce64,9,1225,Gale Thrust,849,Mega Lopunny ex,648,Marnie's Grimmsnarl ex,320,320,2,2,4,1,0,320,0,0
v22_c,55486680,92696827,1,Mega Lopunny / Froslass,a7ee29914c1dce64,9,1225,Gale Thrust,849,Mega Lopunny ex,648,Marnie's Grimmsnarl ex,320,320,2,2,4,1,0,320,0,0
v22_c,55486680,92697747,1,Dragapult,202ee2cec6cbe8b4,2,323,Itchy Pollen,235,Budew,646,Marnie's Impidimp,70,70,1,4,3,0,0,50,20,0
v22_c,55486680,92697747,1,Dragapult,202ee2cec6cbe8b4,4,323,Itchy Pollen,235,Budew,646,Marnie's Impidimp,50,70,1,4,3,0,0,50,0,0
v22_c,55486680,92697747,1,Dragapult,202ee2cec6cbe8b4,4,323,Itchy Pollen,235,Budew,646,Marnie's Impidimp,50,70,1,4,3,0,0,30,20,0
v22_c,55486680,92697747,1,Dragapult,202ee2cec6cbe8b4,4,323,Itchy Pollen,235,Budew,646,Marnie's Impidimp,50,70,1,4,3,0,0,30,20,0
v22_c,55486680,92697747,1,Dragapult,202ee2cec6cbe8b4,8,153,Jet Headbutt,121,Dragapult ex,104,Froslass,90,90,0,2,4,1,0,20,70,0
v22_c,55486680,92697747,1,Dragapult,202ee2cec6cbe8b4,8,153,Jet Headbutt,121,Dragapult ex,104,Froslass,90,90,0,2,4,1,0,20,70,0
v22_c,55486680,92697747,1,Dragapult,202ee2cec6cbe8b4,10,153,Jet Headbutt,121,Dragapult ex,104,Froslass,20,90,0,1,5,2,0,20,0,0
v22_c,55486680,92697747,1,Dragapult,202ee2cec6cbe8b4,10,153,Jet Headbutt,121,Dragapult ex,104,Froslass,20,90,0,1,5,2,0,20,0,0
v22_c,55486680,92697747,1,Dragapult,202ee2cec6cbe8b4,12,154,Phantom Dive,121,Dragapult ex,648,Marnie's Grimmsnarl ex,310,320,2,3,4,2,0,310,0,0
v22_c,55486680,92697747,1,Dragapult,202ee2cec6cbe8b4,12,154,Phantom Dive,121,Dragapult ex,648,Marnie's Grimmsnarl ex,310,320,2,3,4,2,0,310,0,0
v22_c,55486680,92697747,1,Dragapult,202ee2cec6cbe8b4,12,153,Jet Headbutt,121,Dragapult ex,648,Marnie's Grimmsnarl ex,310,320,2,3,4,2,0,310,0,0
v22_c,55486680,92699646,0,Grimmsnarl (mirror),9714ab5c3996f6cc,2,934,Filch,646,Marnie's Impidimp,860,Snorunt,70,70,1,5,1,1,0,70,0,0
v22_c,55486680,92699646,0,Grimmsnarl (mirror),9714ab5c3996f6cc,2,934,Filch,646,Marnie's Impidimp,860,Snorunt,70,70,1,5,1,1,0,70,0,0
v22_c,55486680,92699646,0,Grimmsnarl (mirror),9714ab5c3996f6cc,8,937,Shadow Bullet,648,Marnie's Grimmsnarl ex,648,Marnie's Grimmsnarl ex,110,320,2,3,3,2,0,120,-10,0
v22_c,55486680,92699646,0,Grimmsnarl (mirror),9714ab5c3996f6cc,10,937,Shadow Bullet,648,Marnie's Grimmsnarl ex,648,Marnie's Grimmsnarl ex,310,320,2,5,4,2,0,320,-10,0
v22_c,55486680,92700593,1,Alakazam,cc38cb450b86770a,4,1072,Powerful Hand,743,Alakazam,648,Marnie's Grimmsnarl ex,320,320,2,8,4,1,0,320,0,0
v22_c,55486680,92700593,1,Alakazam,cc38cb450b86770a,4,1072,Powerful Hand,743,Alakazam,648,Marnie's Grimmsnarl ex,320,320,2,8,4,1,0,160,160,0
v22_c,55486680,92700593,1,Alakazam,cc38cb450b86770a,6,1072,Powerful Hand,743,Alakazam,648,Marnie's Grimmsnarl ex,220,320,2,8,4,1,0,220,0,0
v22_c,55486680,92700593,1,Alakazam,cc38cb450b86770a,6,1072,Powerful Hand,743,Alakazam,648,Marnie's Grimmsnarl ex,220,320,2,8,4,1,0,220,0,0
v22_c,55486680,92701658,1,Mega Lopunny / Froslass,a7ee29914c1dce64,4,230,Assault Landing,174,Fan Rotom,112,Munkidori,110,110,1,3,2,1,0,110,0,0
v22_c,55486680,92701658,1,Mega Lopunny / Froslass,a7ee29914c1dce64,4,230,Assault Landing,174,Fan Rotom,112,Munkidori,110,110,1,3,2,1,0,40,70,0
v22_c,55486680,92701658,1,Mega Lopunny / Froslass,a7ee29914c1dce64,6,230,Assault Landing,174,Fan Rotom,112,Munkidori,110,110,1,5,5,1,0,110,0,0
v22_c,55486680,92701658,1,Mega Lopunny / Froslass,a7ee29914c1dce64,6,230,Assault Landing,174,Fan Rotom,112,Munkidori,110,110,1,5,5,1,0,40,70,0
v22_c,55486680,92701658,1,Mega Lopunny / Froslass,a7ee29914c1dce64,6,230,Assault Landing,174,Fan Rotom,112,Munkidori,110,110,1,5,5,1,0,40,70,0
v22_c,55486680,92701658,1,Mega Lopunny / Froslass,a7ee29914c1dce64,8,230,Assault Landing,174,Fan Rotom,112,Munkidori,110,110,1,5,5,1,0,110,0,0
v22_c,55486680,92701658,1,Mega Lopunny / Froslass,a7ee29914c1dce64,8,230,Assault Landing,174,Fan Rotom,112,Munkidori,110,110,1,5,5,1,0,40,70,0
v22_c,55486680,92701658,1,Mega Lopunny / Froslass,a7ee29914c1dce64,8,230,Assault Landing,174,Fan Rotom,112,Munkidori,110,110,1,5,5,1,0,40,70,0
v22_c,55486680,92701658,1,Mega Lopunny / Froslass,a7ee29914c1dce64,10,1240,Resentful Refrain,861,Mega Froslass ex,648,Marnie's Grimmsnarl ex,320,320,2,7,5,1,0,320,0,0
v22_c,55486680,92701658,1,Mega Lopunny / Froslass,a7ee29914c1dce64,12,1240,Resentful Refrain,861,Mega Froslass ex,648,Marnie's Grimmsnarl ex,320,320,2,6,4,1,0,320,0,0
v22_c,55486680,92701658,1,Mega Lopunny / Froslass,a7ee29914c1dce64,12,1240,Resentful Refrain,861,Mega Froslass ex,648,Marnie's Grimmsnarl ex,320,320,2,6,4,1,0,20,300,0
v22_c,55486680,92701658,1,Mega Lopunny / Froslass,a7ee29914c1dce64,12,1240,Resentful Refrain,861,Mega Froslass ex,648,Marnie's Grimmsnarl ex,320,320,2,6,4,1,0,20,300,0
v22_c,55486680,92701658,1,Mega Lopunny / Froslass,a7ee29914c1dce64,14,1240,Resentful Refrain,861,Mega Froslass ex,648,Marnie's Grimmsnarl ex,320,320,2,6,4,1,0,20,300,0
v22_c,55486680,92701658,1,Mega Lopunny / Froslass,a7ee29914c1dce64,14,1240,Resentful Refrain,861,Mega Froslass ex,648,Marnie's Grimmsnarl ex,320,320,2,6,4,1,0,20,300,0
v22_c,55486680,92702478,0,Dragapult,202ee2cec6cbe8b4,2,323,Itchy Pollen,235,Budew,646,Marnie's Impidimp,70,70,0,7,0,0,0,50,20,0
v22_c,55486680,92702478,0,Dragapult,202ee2cec6cbe8b4,4,323,Itchy Pollen,235,Budew,646,Marnie's Impidimp,50,70,1,4,0,0,0,30,20,0
v22_c,55486680,92702478,0,Dragapult,202ee2cec6cbe8b4,4,323,Itchy Pollen,235,Budew,646,Marnie's Impidimp,50,70,1,4,0,0,0,30,20,0
v22_c,55486680,92702478,0,Dragapult,202ee2cec6cbe8b4,6,323,Itchy Pollen,235,Budew,646,Marnie's Impidimp,30,70,1,4,1,0,0,30,0,0
v22_c,55486680,92702478,0,Dragapult,202ee2cec6cbe8b4,6,323,Itchy Pollen,235,Budew,646,Marnie's Impidimp,30,70,0,4,1,0,0,10,20,0
v22_c,55486680,92702478,0,Dragapult,202ee2cec6cbe8b4,8,153,Jet Headbutt,121,Dragapult ex,647,Marnie's Morgrem,100,100,0,3,1,2,0,0,100,1
v22_c,55486680,92703425,1,Grimmsnarl (mirror),9714ab5c3996f6cc,4,937,Shadow Bullet,648,Marnie's Grimmsnarl ex,648,Marnie's Grimmsnarl ex,320,320,2,6,3,2,0,320,0,0
v22_c,55486680,92703425,1,Grimmsnarl (mirror),9714ab5c3996f6cc,4,937,Shadow Bullet,648,Marnie's Grimmsnarl ex,648,Marnie's Grimmsnarl ex,320,320,2,6,3,2,0,320,0,0
v22_c,55486680,92703425,1,Grimmsnarl (mirror),9714ab5c3996f6cc,4,937,Shadow Bullet,648,Marnie's Grimmsnarl ex,648,Marnie's Grimmsnarl ex,320,320,2,2,3,2,0,320,0,0
v22_c,55486680,92703425,1,Grimmsnarl (mirror),9714ab5c3996f6cc,8,937,Shadow Bullet,648,Marnie's Grimmsnarl ex,647,Marnie's Morgrem,100,100,0,3,5,3,0,100,0,0
v22_c,55486680,92704335,0,Mega Lopunny / Froslass,a7ee29914c1dce64,10,1225,Gale Thrust,849,Mega Lopunny ex,648,Marnie's Grimmsnarl ex,310,320,2,6,5,1,0,320,-10,0
v22_c,55486680,92704335,0,Mega Lopunny / Froslass,a7ee29914c1dce64,10,1225,Gale Thrust,849,Mega Lopunny ex,648,Marnie's Grimmsnarl ex,310,320,2,6,5,1,0,70,240,0
v22_c,55486680,92704335,0,Mega Lopunny / Froslass,a7ee29914c1dce64,10,1225,Gale Thrust,849,Mega Lopunny ex,648,Marnie's Grimmsnarl ex,310,320,2,6,5,1,0,70,240,0
v22_c,55486680,92704474,1,Dragapult,202ee2cec6cbe8b4,2,150,Petty Grudge,119,Dreepy,112,Munkidori,110,110,1,5,3,1,0,110,0,0
v22_c,55486680,92704474,1,Dragapult,202ee2cec6cbe8b4,8,153,Jet Headbutt,121,Dragapult ex,648,Marnie's Grimmsnarl ex,320,320,2,7,5,2,0,320,0,0
v22_c,55486680,92704474,1,Dragapult,202ee2cec6cbe8b4,8,153,Jet Headbutt,121,Dragapult ex,112,Munkidori,110,110,1,7,5,2,0,0,110,1
v22_c,55486680,92704474,1,Dragapult,202ee2cec6cbe8b4,10,153,Jet Headbutt,121,Dragapult ex,648,Marnie's Grimmsnarl ex,320,320,2,6,5,2,0,320,0,0
v22_c,55486680,92704474,1,Dragapult,202ee2cec6cbe8b4,10,153,Jet Headbutt,121,Dragapult ex,648,Marnie's Grimmsnarl ex,320,320,2,6,5,2,0,320,0,0
v22_c,55486680,92705291,0,Alakazam,e452d606e1029229,6,1072,Powerful Hand,743,Alakazam,648,Marnie's Grimmsnarl ex,320,320,3,6,3,1,0,320,0,0
v22_c,55486680,92705291,0,Alakazam,e452d606e1029229,12,1072,Powerful Hand,743,Alakazam,648,Marnie's Grimmsnarl ex,320,320,2,6,5,1,0,320,0,0
v22_c,55486680,92706226,0,Archaludon,2b6a7dd699d2b6a5,2,965,Turbo Flare,666,Cinderace,646,Marnie's Impidimp,70,70,1,6,0,1,0,20,50,0
v22_c,55486680,92706226,0,Archaludon,2b6a7dd699d2b6a5,4,224,Raging Hammer,169,Duraludon,647,Marnie's Morgrem,50,100,2,6,1,3,0,50,0,0
v22_c,55486680,92706226,0,Archaludon,2b6a7dd699d2b6a5,6,223,Hammer In,169,Duraludon,646,Marnie's Impidimp,70,70,0,6,2,3,0,70,0,0
v22_c,55486680,92706226,0,Archaludon,2b6a7dd699d2b6a5,6,223,Hammer In,169,Duraludon,646,Marnie's Impidimp,70,70,0,6,2,3,0,70,0,0
v22_c,55486680,92706226,0,Archaludon,2b6a7dd699d2b6a5,8,253,Metal Defender,190,Archaludon ex,112,Munkidori,110,110,1,6,4,3,0,110,0,0
v22_c,55486680,92706226,0,Archaludon,2b6a7dd699d2b6a5,10,224,Raging Hammer,190,Archaludon ex,646,Marnie's Impidimp,70,70,0,4,4,3,0,70,0,0
v22_c,55486680,92706226,0,Archaludon,2b6a7dd699d2b6a5,12,253,Metal Defender,190,Archaludon ex,648,Marnie's Grimmsnarl ex,320,320,2,3,3,3,0,320,0,0
v22_c,55486680,92706226,0,Archaludon,2b6a7dd699d2b6a5,12,253,Metal Defender,190,Archaludon ex,648,Marnie's Grimmsnarl ex,320,320,2,3,3,3,0,320,0,0
v22_c,55486680,92707179,1,Mega Lopunny / Froslass,a7ee29914c1dce64,4,230,Assault Landing,174,Fan Rotom,112,Munkidori,110,110,1,4,2,1,0,40,70,0
v22_c,55486680,92707179,1,Mega Lopunny / Froslass,a7ee29914c1dce64,8,1240,Resentful Refrain,861,Mega Froslass ex,648,Marnie's Grimmsnarl ex,320,320,2,6,4,1,0,20,300,0
v22_c,55486680,92707179,1,Mega Lopunny / Froslass,a7ee29914c1dce64,12,1225,Gale Thrust,849,Mega Lopunny ex,648,Marnie's Grimmsnarl ex,320,320,2,7,5,1,0,90,230,0
v22_c,55486680,92708110,1,Dragapult,202ee2cec6cbe8b4,7,153,Jet Headbutt,121,Dragapult ex,648,Marnie's Grimmsnarl ex,300,320,2,9,5,2,0,300,0,0
v22_c,55486680,92708110,1,Dragapult,202ee2cec6cbe8b4,11,153,Jet Headbutt,121,Dragapult ex,647,Marnie's Morgrem,90,100,2,7,5,1,0,20,70,0
v22_c,55486680,92709044,1,other: Ethan's Typhlosion,17d0bf4e19b3539c,3,489,Combustion,353,Ethan's Quilava,646,Marnie's Impidimp,70,70,0,5,3,1,0,70,0,0
v22_c,55486680,92709044,1,other: Ethan's Typhlosion,17d0bf4e19b3539c,9,479,Superb Scissors,345,Crustle,104,Froslass,90,90,0,4,5,3,2,90,0,0
v22_c,55486680,92709044,1,other: Ethan's Typhlosion,17d0bf4e19b3539c,11,479,Superb Scissors,345,Crustle,648,Marnie's Grimmsnarl ex,320,320,2,4,5,3,2,320,0,0
v22_c,55486680,92709986,0,Grimmsnarl (mirror),9714ab5c3996f6cc,4,937,Shadow Bullet,648,Marnie's Grimmsnarl ex,648,Marnie's Grimmsnarl ex,320,320,3,2,4,2,0,320,0,0
v22_c,55486680,92709986,0,Grimmsnarl (mirror),9714ab5c3996f6cc,6,937,Shadow Bullet,648,Marnie's Grimmsnarl ex,648,Marnie's Grimmsnarl ex,140,320,3,2,4,2,0,140,0,0
v22_c,55486680,92709986,0,Grimmsnarl (mirror),9714ab5c3996f6cc,8,937,Shadow Bullet,648,Marnie's Grimmsnarl ex,112,Munkidori,110,110,0,6,4,2,0,0,110,1
v22_c,55486680,92709986,0,Grimmsnarl (mirror),9714ab5c3996f6cc,10,937,Shadow Bullet,648,Marnie's Grimmsnarl ex,648,Marnie's Grimmsnarl ex,320,320,2,5,4,2,0,320,0,0
v22_c,55486680,92709986,0,Grimmsnarl (mirror),9714ab5c3996f6cc,10,937,Shadow Bullet,648,Marnie's Grimmsnarl ex,648,Marnie's Grimmsnarl ex,320,320,2,5,4,2,0,320,0,0
v22_c,55486680,92710917,0,Dragapult,202ee2cec6cbe8b4,5,153,Jet Headbutt,121,Dragapult ex,648,Marnie's Grimmsnarl ex,310,320,2,2,5,2,0,310,0,0
v22_c,55486680,92710917,0,Dragapult,202ee2cec6cbe8b4,7,154,Phantom Dive,121,Dragapult ex,648,Marnie's Grimmsnarl ex,120,320,2,2,4,2,0,120,0,0
v22_c,55486680,92710917,0,Dragapult,202ee2cec6cbe8b4,7,154,Phantom Dive,121,Dragapult ex,648,Marnie's Grimmsnarl ex,120,320,2,2,4,2,0,0,120,1
v22_c,55486680,92710917,0,Dragapult,202ee2cec6cbe8b4,9,153,Jet Headbutt,121,Dragapult ex,104,Froslass,90,90,0,9,4,2,0,90,0,0
v22_c,55486680,92710917,0,Dragapult,202ee2cec6cbe8b4,9,153,Jet Headbutt,121,Dragapult ex,104,Froslass,90,90,0,9,4,2,0,0,90,1
v22_c,55486680,92710917,0,Dragapult,202ee2cec6cbe8b4,11,154,Phantom Dive,121,Dragapult ex,112,Munkidori,110,110,0,7,4,2,0,0,110,1
v22_c,55486680,92710940,1,other: Hydrapple ex,6e5a0a56c7ef2514,5,946,Solar Cutter,655,Celebi,646,Marnie's Impidimp,70,70,1,10,5,2,18,70,0,0
v22_c,55486680,92710940,1,other: Hydrapple ex,6e5a0a56c7ef2514,5,946,Solar Cutter,655,Celebi,646,Marnie's Impidimp,70,70,1,10,5,2,18,70,0,0
v22_c,55486680,92710940,1,other: Hydrapple ex,6e5a0a56c7ef2514,5,945,Traverse Time,655,Celebi,104,Froslass,90,90,0,10,5,2,18,90,0,0
v22_c,55486680,92710940,1,other: Hydrapple ex,6e5a0a56c7ef2514,7,945,Traverse Time,655,Celebi,646,Marnie's Impidimp,70,70,0,6,5,4,20,70,0,0
v22_c,55486680,92710940,1,other: Hydrapple ex,6e5a0a56c7ef2514,9,120,Myriad Leaf Shower,96,Teal Mask Ogerpon ex,648,Marnie's Grimmsnarl ex,300,320,2,2,5,6,20,320,-20,0
v22_c,55486680,92711899,1,Grimmsnarl (mirror),9714ab5c3996f6cc,6,937,Shadow Bullet,648,Marnie's Grimmsnarl ex,648,Marnie's Grimmsnarl ex,320,320,2,8,5,2,0,320,0,0
v22_c,55486680,92711899,1,Grimmsnarl (mirror),9714ab5c3996f6cc,8,937,Shadow Bullet,648,Marnie's Grimmsnarl ex,648,Marnie's Grimmsnarl ex,320,320,2,8,5,2,0,320,0,0
v22_c,55486680,92711899,1,Grimmsnarl (mirror),9714ab5c3996f6cc,8,937,Shadow Bullet,648,Marnie's Grimmsnarl ex,648,Marnie's Grimmsnarl ex,320,320,2,8,5,2,0,320,0,0
v22_c,55486680,92711899,1,Grimmsnarl (mirror),9714ab5c3996f6cc,10,937,Shadow Bullet,648,Marnie's Grimmsnarl ex,648,Marnie's Grimmsnarl ex,230,320,2,9,5,2,0,230,0,0
v22_c,55486680,92712787,0,Alakazam,a2c42fb668c95e73,3,1070,Teleportation Attack,741,Abra,112,Munkidori,110,110,1,7,3,1,0,100,10,0
v22_c,55486680,92712787,0,Alakazam,a2c42fb668c95e73,7,1072,Powerful Hand,743,Alakazam,648,Marnie's Grimmsnarl ex,320,320,2,3,4,1,0,320,0,0
v22_c,55486680,92713718,0,Dragapult,42972e2eccd5e0aa,2,323,Itchy Pollen,235,Budew,112,Munkidori,110,110,1,5,1,0,0,100,10,0
v22_c,55486680,92713718,0,Dragapult,42972e2eccd5e0aa,4,323,Itchy Pollen,235,Budew,112,Munkidori,110,110,1,4,3,0,0,100,10,0
v22_c,55486680,92713718,0,Dragapult,42972e2eccd5e0aa,4,323,Itchy Pollen,235,Budew,112,Munkidori,110,110,1,4,3,0,0,100,10,0
v22_c,55486680,92713718,0,Dragapult,42972e2eccd5e0aa,6,153,Jet Headbutt,121,Dragapult ex,648,Marnie's Grimmsnarl ex,320,320,2,8,4,2,0,320,0,0
v22_c,55486680,92713718,0,Dragapult,42972e2eccd5e0aa,8,153,Jet Headbutt,121,Dragapult ex,648,Marnie's Grimmsnarl ex,210,320,2,8,5,2,0,210,0,0
v22_c,55486680,92713718,0,Dragapult,42972e2eccd5e0aa,8,154,Phantom Dive,121,Dragapult ex,648,Marnie's Grimmsnarl ex,180,320,2,8,5,2,0,210,-30,0
v22_c,55486680,92713718,0,Dragapult,42972e2eccd5e0aa,8,153,Jet Headbutt,121,Dragapult ex,648,Marnie's Grimmsnarl ex,180,320,2,8,5,2,0,210,-30,0
v22_c,55486680,92713718,0,Dragapult,42972e2eccd5e0aa,10,153,Jet Headbutt,121,Dragapult ex,112,Munkidori,110,110,0,5,5,2,0,110,0,0
v22_c,55486680,92713718,0,Dragapult,42972e2eccd5e0aa,10,153,Jet Headbutt,121,Dragapult ex,112,Munkidori,110,110,0,5,5,2,0,110,0,0
v22_c,55486680,92713718,0,Dragapult,42972e2eccd5e0aa,12,153,Jet Headbutt,121,Dragapult ex,112,Munkidori,100,110,1,3,4,2,0,110,-10,0
v22_c,55486680,92713718,0,Dragapult,42972e2eccd5e0aa,12,153,Jet Headbutt,121,Dragapult ex,112,Munkidori,100,110,1,3,4,2,0,110,-10,0
v22_c,55486680,92714638,0,Ogerpon,97df7a2a423da1d8,6,120,Myriad Leaf Shower,96,Teal Mask Ogerpon ex,648,Marnie's Grimmsnarl ex,310,320,2,2,4,5,12,320,-10,0
v22_c,55486680,92715668,1,Kangaskhan / Crustle,45fe95772327f96a,11,479,Superb Scissors,345,Crustle,648,Marnie's Grimmsnarl ex,290,320,2,5,5,3,2,290,0,0
v22_c,55486680,92715668,1,Kangaskhan / Crustle,45fe95772327f96a,11,479,Superb Scissors,345,Crustle,648,Marnie's Grimmsnarl ex,290,320,2,5,5,3,2,290,0,0
v22_c,55486680,92715668,1,Kangaskhan / Crustle,45fe95772327f96a,13,479,Superb Scissors,345,Crustle,648,Marnie's Grimmsnarl ex,90,320,2,6,5,3,2,100,-10,0
v22_c,55486680,92715668,1,Kangaskhan / Crustle,45fe95772327f96a,15,479,Superb Scissors,345,Crustle,648,Marnie's Grimmsnarl ex,310,320,2,4,5,3,3,310,0,0
v22_c,55486680,92715668,1,Kangaskhan / Crustle,45fe95772327f96a,15,479,Superb Scissors,345,Crustle,648,Marnie's Grimmsnarl ex,310,320,2,4,5,3,3,60,250,0
v22_c,55486680,92716501,0,Grimmsnarl (mirror),21c3f20980827cb2,6,937,Shadow Bullet,648,Marnie's Grimmsnarl ex,648,Marnie's Grimmsnarl ex,320,320,2,2,4,2,0,320,0,0
v22_c,55486680,92716501,0,Grimmsnarl (mirror),21c3f20980827cb2,8,937,Shadow Bullet,648,Marnie's Grimmsnarl ex,648,Marnie's Grimmsnarl ex,170,320,2,2,5,2,0,200,-30,0
v22_c,55486680,92716501,0,Grimmsnarl (mirror),21c3f20980827cb2,14,937,Shadow Bullet,648,Marnie's Grimmsnarl ex,112,Munkidori,100,110,0,6,5,2,0,110,-10,0
v22_c,55486680,92718368,0,Dipplin,56fc5ee60f353d0f,3,115,Do the Wave,93,Dipplin,646,Marnie's Impidimp,70,70,1,6,2,1,1,70,0,0
v22_c,55486680,92718368,0,Dipplin,56fc5ee60f353d0f,7,115,Do the Wave,93,Dipplin,646,Marnie's Impidimp,70,70,0,5,4,1,1,70,0,0
v22_c,55486680,92719304,1,Dragapult,202ee2cec6cbe8b4,7,153,Jet Headbutt,121,Dragapult ex,648,Marnie's Grimmsnarl ex,320,320,2,6,5,1,0,320,0,0
v22_c,55486680,92719304,1,Dragapult,202ee2cec6cbe8b4,7,153,Jet Headbutt,121,Dragapult ex,648,Marnie's Grimmsnarl ex,320,320,2,6,5,1,0,320,0,0
v22_c,55486680,92719304,1,Dragapult,202ee2cec6cbe8b4,7,153,Jet Headbutt,121,Dragapult ex,648,Marnie's Grimmsnarl ex,320,320,2,6,5,1,0,320,0,0
v22_c,55486680,92719304,1,Dragapult,202ee2cec6cbe8b4,7,153,Jet Headbutt,121,Dragapult ex,648,Marnie's Grimmsnarl ex,320,320,2,6,5,1,0,320,0,0
v22_c,55486680,92719304,1,Dragapult,202ee2cec6cbe8b4,9,153,Jet Headbutt,121,Dragapult ex,648,Marnie's Grimmsnarl ex,320,320,3,6,5,2,0,320,0,0
v22_c,55486680,92719304,1,Dragapult,202ee2cec6cbe8b4,11,153,Jet Headbutt,121,Dragapult ex,648,Marnie's Grimmsnarl ex,210,320,2,2,5,1,0,210,0,0
v22_c,55486680,92719304,1,Dragapult,202ee2cec6cbe8b4,11,153,Jet Headbutt,121,Dragapult ex,648,Marnie's Grimmsnarl ex,210,320,2,2,5,1,0,210,0,0
v22_c,55486680,92719304,1,Dragapult,202ee2cec6cbe8b4,13,153,Jet Headbutt,121,Dragapult ex,648,Marnie's Grimmsnarl ex,320,320,2,2,5,2,0,120,200,0
v22_c,55486680,92720231,1,Grimmsnarl (mirror),9714ab5c3996f6cc,4,937,Shadow Bullet,648,Marnie's Grimmsnarl ex,646,Marnie's Impidimp,70,70,0,3,5,2,0,70,0,0
v22_c,55486680,92720231,1,Grimmsnarl (mirror),9714ab5c3996f6cc,8,937,Shadow Bullet,648,Marnie's Grimmsnarl ex,648,Marnie's Grimmsnarl ex,320,320,2,2,5,2,0,320,0,0
v22_c,55486680,92720231,1,Grimmsnarl (mirror),9714ab5c3996f6cc,10,937,Shadow Bullet,648,Marnie's Grimmsnarl ex,648,Marnie's Grimmsnarl ex,210,320,2,8,5,2,0,220,-10,0
v22_c,55486680,92720231,1,Grimmsnarl (mirror),9714ab5c3996f6cc,10,937,Shadow Bullet,648,Marnie's Grimmsnarl ex,648,Marnie's Grimmsnarl ex,210,320,2,8,5,2,0,220,-10,0
v22_c,55486680,92720231,1,Grimmsnarl (mirror),9714ab5c3996f6cc,10,937,Shadow Bullet,648,Marnie's Grimmsnarl ex,648,Marnie's Grimmsnarl ex,210,320,2,8,5,3,0,220,-10,0
v22_c,55486680,92721178,1,Grimmsnarl (mirror),9714ab5c3996f6cc,2,934,Filch,646,Marnie's Impidimp,860,Snorunt,70,70,1,5,1,1,0,70,0,0
v22_c,55486680,92721178,1,Grimmsnarl (mirror),9714ab5c3996f6cc,2,934,Filch,646,Marnie's Impidimp,860,Snorunt,70,70,1,5,1,1,0,70,0,0
v22_c,55486680,92721178,1,Grimmsnarl (mirror),9714ab5c3996f6cc,6,937,Shadow Bullet,648,Marnie's Grimmsnarl ex,648,Marnie's Grimmsnarl ex,200,320,2,5,5,5,0,200,0,0
v22_c,55486680,92721178,1,Grimmsnarl (mirror),9714ab5c3996f6cc,6,937,Shadow Bullet,648,Marnie's Grimmsnarl ex,648,Marnie's Grimmsnarl ex,200,320,2,5,5,3,0,200,0,0
v22_c,55486680,92721178,1,Grimmsnarl (mirror),9714ab5c3996f6cc,8,937,Shadow Bullet,648,Marnie's Grimmsnarl ex,648,Marnie's Grimmsnarl ex,320,320,2,5,5,3,0,320,0,0
v22_c,55486680,92721178,1,Grimmsnarl (mirror),9714ab5c3996f6cc,10,937,Shadow Bullet,648,Marnie's Grimmsnarl ex,648,Marnie's Grimmsnarl ex,200,320,2,8,5,3,0,200,0,0
v22_c,55486680,92721178,1,Grimmsnarl (mirror),9714ab5c3996f6cc,10,937,Shadow Bullet,648,Marnie's Grimmsnarl ex,648,Marnie's Grimmsnarl ex,200,320,2,8,5,3,0,200,0,0
v22_c,55486680,92722119,0,Mega Lopunny / Froslass,a7ee29914c1dce64,3,1223,Run Around,848,Buneary,646,Marnie's Impidimp,70,70,0,3,3,1,0,70,0,0
v22_c,55486680,92722119,0,Mega Lopunny / Froslass,a7ee29914c1dce64,7,1226,Spiky Hopper,849,Mega Lopunny ex,648,Marnie's Grimmsnarl ex,310,320,2,3,5,2,0,310,0,0
v22_c,55486680,92722119,0,Mega Lopunny / Froslass,a7ee29914c1dce64,7,1225,Gale Thrust,849,Mega Lopunny ex,648,Marnie's Grimmsnarl ex,310,320,2,3,5,2,0,310,0,0
v22_c,55486680,92723046,0,Ogerpon,97df7a2a423da1d8,7,120,Myriad Leaf Shower,96,Teal Mask Ogerpon ex,648,Marnie's Grimmsnarl ex,320,320,0,6,5,3,8,320,0,0
v22_c,55486680,92723046,0,Ogerpon,97df7a2a423da1d8,7,120,Myriad Leaf Shower,96,Teal Mask Ogerpon ex,648,Marnie's Grimmsnarl ex,320,320,0,6,5,4,9,320,0,0
v22_c,55486680,92723046,0,Ogerpon,97df7a2a423da1d8,7,120,Myriad Leaf Shower,96,Teal Mask Ogerpon ex,648,Marnie's Grimmsnarl ex,320,320,0,6,5,4,9,320,0,0
v22_c,55486680,92723046,0,Ogerpon,97df7a2a423da1d8,9,120,Myriad Leaf Shower,96,Teal Mask Ogerpon ex,648,Marnie's Grimmsnarl ex,40,320,1,8,5,5,12,40,0,0
v22_c,55486680,92723046,0,Ogerpon,97df7a2a423da1d8,9,120,Myriad Leaf Shower,96,Teal Mask Ogerpon ex,648,Marnie's Grimmsnarl ex,40,320,1,4,5,6,13,50,-10,0
v22_c,55486680,92723046,0,Ogerpon,97df7a2a423da1d8,11,120,Myriad Leaf Shower,96,Teal Mask Ogerpon ex,648,Marnie's Grimmsnarl ex,310,320,2,5,4,6,10,320,-10,0
v22_c,55486680,92723046,0,Ogerpon,97df7a2a423da1d8,13,120,Myriad Leaf Shower,96,Teal Mask Ogerpon ex,648,Marnie's Grimmsnarl ex,300,320,4,7,5,6,6,320,-20,0
v22_c,55486680,92723988,0,Ogerpon,8082e8c9bf7a67b4,3,120,Myriad Leaf Shower,96,Teal Mask Ogerpon ex,112,Munkidori,140,140,1,4,5,3,6,110,30,0
v22_c,55486680,92723988,0,Ogerpon,8082e8c9bf7a67b4,5,120,Myriad Leaf Shower,96,Teal Mask Ogerpon ex,647,Marnie's Morgrem,100,100,0,1,4,5,10,100,0,0
v22_c,55486680,92723988,0,Ogerpon,8082e8c9bf7a67b4,7,120,Myriad Leaf Shower,96,Teal Mask Ogerpon ex,648,Marnie's Grimmsnarl ex,300,320,2,4,3,3,9,320,-20,0
v22_c,55486680,92723988,0,Ogerpon,8082e8c9bf7a67b4,9,120,Myriad Leaf Shower,96,Teal Mask Ogerpon ex,112,Munkidori,120,140,1,5,5,5,11,140,-20,0
v22_c,55486680,92723988,0,Ogerpon,8082e8c9bf7a67b4,11,120,Myriad Leaf Shower,96,Teal Mask Ogerpon ex,648,Marnie's Grimmsnarl ex,300,320,2,4,4,7,7,300,0,0
v22_c,55486680,92723988,0,Ogerpon,8082e8c9bf7a67b4,11,120,Myriad Leaf Shower,96,Teal Mask Ogerpon ex,648,Marnie's Grimmsnarl ex,300,320,2,4,4,7,8,300,0,0
v22_c,55486680,92723988,0,Ogerpon,8082e8c9bf7a67b4,11,120,Myriad Leaf Shower,96,Teal Mask Ogerpon ex,648,Marnie's Grimmsnarl ex,300,320,2,4,4,8,9,320,-20,0
v22_c,55486680,92724933,0,Dragapult,202ee2cec6cbe8b4,3,323,Itchy Pollen,235,Budew,646,Marnie's Impidimp,70,70,0,5,1,0,0,70,0,0
v22_c,55486680,92724933,0,Dragapult,202ee2cec6cbe8b4,3,323,Itchy Pollen,235,Budew,646,Marnie's Impidimp,70,70,0,5,1,0,0,70,0,0
v22_c,55486680,92724933,0,Dragapult,202ee2cec6cbe8b4,3,323,Itchy Pollen,235,Budew,646,Marnie's Impidimp,70,70,0,5,1,0,0,70,0,0
v22_c,55486680,92724933,0,Dragapult,202ee2cec6cbe8b4,3,323,Itchy Pollen,235,Budew,646,Marnie's Impidimp,70,70,0,5,1,0,0,50,20,0
v22_c,55486680,92724933,0,Dragapult,202ee2cec6cbe8b4,5,323,Itchy Pollen,235,Budew,646,Marnie's Impidimp,50,70,0,6,1,0,0,50,0,0
v22_c,55486680,92724933,0,Dragapult,202ee2cec6cbe8b4,5,323,Itchy Pollen,235,Budew,646,Marnie's Impidimp,50,70,0,6,1,0,0,50,0,0
v22_c,55486680,92724933,0,Dragapult,202ee2cec6cbe8b4,5,323,Itchy Pollen,235,Budew,646,Marnie's Impidimp,50,70,0,6,1,0,0,50,0,0
v22_c,55486680,92724933,0,Dragapult,202ee2cec6cbe8b4,7,323,Itchy Pollen,235,Budew,646,Marnie's Impidimp,30,70,0,6,2,0,0,30,0,0
v22_c,55486680,92724933,0,Dragapult,202ee2cec6cbe8b4,7,323,Itchy Pollen,235,Budew,646,Marnie's Impidimp,30,70,0,6,2,0,0,30,0,0
v22_c,55486680,92724933,0,Dragapult,202ee2cec6cbe8b4,7,323,Itchy Pollen,235,Budew,646,Marnie's Impidimp,30,70,0,6,2,0,0,10,20,0
v22_c,55486680,92724933,0,Dragapult,202ee2cec6cbe8b4,11,153,Jet Headbutt,121,Dragapult ex,112,Munkidori,110,110,0,3,3,2,0,0,110,1
v22_c,55486680,92724933,0,Dragapult,202ee2cec6cbe8b4,13,153,Jet Headbutt,121,Dragapult ex,646,Marnie's Impidimp,10,70,0,3,2,2,0,10,0,0
v22_c,55486680,92725901,0,Grimmsnarl (mirror),9714ab5c3996f6cc,8,937,Shadow Bullet,648,Marnie's Grimmsnarl ex,112,Munkidori,100,110,1,2,4,2,0,100,0,0
v22_c,55486680,92725901,0,Grimmsnarl (mirror),9714ab5c3996f6cc,8,937,Shadow Bullet,648,Marnie's Grimmsnarl ex,112,Munkidori,100,110,1,2,3,2,0,0,100,1
v22_c,55486680,92732440,1,Kangaskhan / Crustle,4717e5f31ba694d4,6,479,Superb Scissors,345,Crustle,647,Marnie's Morgrem,100,100,0,3,5,3,2,100,0,0
v22_c,55486680,92736142,1,Alakazam,cc38cb450b86770a,7,1072,Powerful Hand,743,Alakazam,647,Marnie's Morgrem,100,100,1,5,5,1,0,100,0,0
v22_c,55486680,92736142,1,Alakazam,cc38cb450b86770a,9,1072,Powerful Hand,743,Alakazam,648,Marnie's Grimmsnarl ex,310,320,2,4,5,1,0,310,0,0
v22_c,55486680,92741679,1,Alakazam,cc38cb450b86770a,3,1071,Super Psy Bolt,742,Kadabra,646,Marnie's Impidimp,70,70,1,8,3,1,0,70,0,0
v22_c,55486680,92741679,1,Alakazam,cc38cb450b86770a,3,1071,Super Psy Bolt,742,Kadabra,646,Marnie's Impidimp,70,70,1,8,3,1,0,70,0,0
v22_c,55486680,92741679,1,Alakazam,cc38cb450b86770a,3,1071,Super Psy Bolt,742,Kadabra,646,Marnie's Impidimp,70,70,1,8,3,1,0,70,0,0
v22_c,55486680,92741679,1,Alakazam,cc38cb450b86770a,5,1072,Powerful Hand,743,Alakazam,648,Marnie's Grimmsnarl ex,280,320,2,5,3,1,0,280,0,0
v22_c,55486680,92741679,1,Alakazam,cc38cb450b86770a,9,1072,Powerful Hand,743,Alakazam,648,Marnie's Grimmsnarl ex,320,320,2,5,4,1,0,320,0,0
v22_c,55486680,92746237,1,Grimmsnarl (mirror),9714ab5c3996f6cc,2,934,Filch,646,Marnie's Impidimp,646,Marnie's Impidimp,70,70,0,6,2,1,0,70,0,0
v22_c,55486680,92746237,1,Grimmsnarl (mirror),9714ab5c3996f6cc,2,934,Filch,646,Marnie's Impidimp,646,Marnie's Impidimp,70,70,0,6,2,1,0,70,0,0
v22_c,55486680,92746237,1,Grimmsnarl (mirror),9714ab5c3996f6cc,4,935,Corkscrew Punch,646,Marnie's Impidimp,646,Marnie's Impidimp,70,70,0,7,4,1,0,70,0,0
v22_c,55486680,92746237,1,Grimmsnarl (mirror),9714ab5c3996f6cc,4,935,Corkscrew Punch,646,Marnie's Impidimp,646,Marnie's Impidimp,70,70,0,7,4,1,0,70,0,0
v22_c,55486680,92746237,1,Grimmsnarl (mirror),9714ab5c3996f6cc,4,935,Corkscrew Punch,646,Marnie's Impidimp,646,Marnie's Impidimp,70,70,0,7,4,1,0,70,0,0
v22_c,55486680,92746237,1,Grimmsnarl (mirror),9714ab5c3996f6cc,4,934,Filch,646,Marnie's Impidimp,646,Marnie's Impidimp,70,70,0,7,4,1,0,70,0,0
v22_c,55486680,92746237,1,Grimmsnarl (mirror),9714ab5c3996f6cc,4,934,Filch,646,Marnie's Impidimp,646,Marnie's Impidimp,70,70,0,7,4,1,0,70,0,0
v22_c,55486680,92746237,1,Grimmsnarl (mirror),9714ab5c3996f6cc,6,937,Shadow Bullet,648,Marnie's Grimmsnarl ex,646,Marnie's Impidimp,70,70,1,7,4,2,0,70,0,0
v22_c,55486680,92746237,1,Grimmsnarl (mirror),9714ab5c3996f6cc,10,937,Shadow Bullet,648,Marnie's Grimmsnarl ex,648,Marnie's Grimmsnarl ex,230,320,2,9,4,2,0,230,0,0
v22_c,55486680,92746237,1,Grimmsnarl (mirror),9714ab5c3996f6cc,10,937,Shadow Bullet,648,Marnie's Grimmsnarl ex,648,Marnie's Grimmsnarl ex,230,320,2,9,4,2,0,230,0,0
v22_c,55486680,92746237,1,Grimmsnarl (mirror),9714ab5c3996f6cc,12,937,Shadow Bullet,648,Marnie's Grimmsnarl ex,648,Marnie's Grimmsnarl ex,140,320,2,9,5,2,0,140,0,0
v22_c,55486680,92750659,0,Grimmsnarl (mirror),9714ab5c3996f6cc,4,937,Shadow Bullet,648,Marnie's Grimmsnarl ex,646,Marnie's Impidimp,70,70,1,5,1,2,0,70,0,0
v22_c,55486680,92750659,0,Grimmsnarl (mirror),9714ab5c3996f6cc,4,937,Shadow Bullet,648,Marnie's Grimmsnarl ex,646,Marnie's Impidimp,70,70,1,5,1,2,0,70,0,0
v22_c,55486680,92750659,0,Grimmsnarl (mirror),9714ab5c3996f6cc,4,937,Shadow Bullet,648,Marnie's Grimmsnarl ex,646,Marnie's Impidimp,70,70,1,5,1,2,0,70,0,0
v22_c,55486680,92750659,0,Grimmsnarl (mirror),9714ab5c3996f6cc,6,937,Shadow Bullet,648,Marnie's Grimmsnarl ex,648,Marnie's Grimmsnarl ex,320,320,2,7,5,2,0,320,0,0
v22_c,55486680,92750659,0,Grimmsnarl (mirror),9714ab5c3996f6cc,6,937,Shadow Bullet,648,Marnie's Grimmsnarl ex,648,Marnie's Grimmsnarl ex,320,320,2,7,5,2,0,320,0,0
v22_c,55486680,92750659,0,Grimmsnarl (mirror),9714ab5c3996f6cc,10,937,Shadow Bullet,648,Marnie's Grimmsnarl ex,648,Marnie's Grimmsnarl ex,320,320,3,6,3,2,0,320,0,0
v22_c,55486680,92750659,0,Grimmsnarl (mirror),9714ab5c3996f6cc,12,937,Shadow Bullet,648,Marnie's Grimmsnarl ex,648,Marnie's Grimmsnarl ex,170,320,3,9,3,2,0,170,0,0
v22_c,55486680,92755592,1,Grimmsnarl (mirror),9714ab5c3996f6cc,8,937,Shadow Bullet,648,Marnie's Grimmsnarl ex,648,Marnie's Grimmsnarl ex,320,320,2,7,5,2,0,320,0,0
v22_c,55486680,92755592,1,Grimmsnarl (mirror),9714ab5c3996f6cc,8,937,Shadow Bullet,648,Marnie's Grimmsnarl ex,648,Marnie's Grimmsnarl ex,320,320,2,7,5,2,0,320,0,0
v22_c,55486680,92755592,1,Grimmsnarl (mirror),9714ab5c3996f6cc,10,937,Shadow Bullet,648,Marnie's Grimmsnarl ex,648,Marnie's Grimmsnarl ex,320,320,2,7,4,2,0,320,0,0
v22_c,55486680,92755592,1,Grimmsnarl (mirror),9714ab5c3996f6cc,12,937,Shadow Bullet,648,Marnie's Grimmsnarl ex,648,Marnie's Grimmsnarl ex,170,320,2,2,5,2,0,200,-30,0
v22_c,55486680,92755592,1,Grimmsnarl (mirror),9714ab5c3996f6cc,12,937,Shadow Bullet,648,Marnie's Grimmsnarl ex,648,Marnie's Grimmsnarl ex,170,320,2,2,5,2,0,200,-30,0
v22_c,55486680,92755592,1,Grimmsnarl (mirror),9714ab5c3996f6cc,14,937,Shadow Bullet,648,Marnie's Grimmsnarl ex,648,Marnie's Grimmsnarl ex,260,320,2,6,4,2,0,290,-30,0
v22_c,55486680,92755592,1,Grimmsnarl (mirror),9714ab5c3996f6cc,14,937,Shadow Bullet,648,Marnie's Grimmsnarl ex,648,Marnie's Grimmsnarl ex,260,320,2,6,4,2,0,290,-30,0
v22_c,55486680,92755592,1,Grimmsnarl (mirror),9714ab5c3996f6cc,14,937,Shadow Bullet,648,Marnie's Grimmsnarl ex,648,Marnie's Grimmsnarl ex,260,320,2,6,4,2,0,290,-30,0
v22_c,55486680,92760159,0,Kangaskhan / Crustle,4717e5f31ba694d4,15,479,Superb Scissors,345,Crustle,648,Marnie's Grimmsnarl ex,320,320,2,0,3,4,2,320,0,0
v22_c,55486680,92760159,0,Kangaskhan / Crustle,4717e5f31ba694d4,27,479,Superb Scissors,345,Crustle,648,Marnie's Grimmsnarl ex,320,320,1,3,3,3,3,320,0,0
v22_c,55486680,92765712,1,Grimmsnarl (mirror),9714ab5c3996f6cc,6,937,Shadow Bullet,648,Marnie's Grimmsnarl ex,648,Marnie's Grimmsnarl ex,290,320,2,2,4,2,0,290,0,0
v22_c,55486680,92765712,1,Grimmsnarl (mirror),9714ab5c3996f6cc,6,937,Shadow Bullet,648,Marnie's Grimmsnarl ex,648,Marnie's Grimmsnarl ex,290,320,2,2,4,2,0,290,0,0
v22_c,55486680,92765712,1,Grimmsnarl (mirror),9714ab5c3996f6cc,6,937,Shadow Bullet,648,Marnie's Grimmsnarl ex,648,Marnie's Grimmsnarl ex,290,320,2,2,4,2,0,290,0,0
v22_c,55486680,92765712,1,Grimmsnarl (mirror),9714ab5c3996f6cc,8,937,Shadow Bullet,648,Marnie's Grimmsnarl ex,648,Marnie's Grimmsnarl ex,120,320,2,4,4,2,0,120,0,0
v22_c,55486680,92768266,1,Dragapult,202ee2cec6cbe8b4,3,323,Itchy Pollen,235,Budew,112,Munkidori,110,110,0,7,4,0,0,110,0,0
v22_c,55486680,92768266,1,Dragapult,202ee2cec6cbe8b4,3,323,Itchy Pollen,235,Budew,112,Munkidori,110,110,0,7,4,0,0,110,0,0
v22_c,55486680,92768266,1,Dragapult,202ee2cec6cbe8b4,3,323,Itchy Pollen,235,Budew,112,Munkidori,110,110,0,7,4,0,0,110,0,0
v22_c,55486680,92768266,1,Dragapult,202ee2cec6cbe8b4,3,323,Itchy Pollen,235,Budew,112,Munkidori,110,110,0,7,4,0,0,110,0,0
v22_c,55486680,92768266,1,Dragapult,202ee2cec6cbe8b4,5,323,Itchy Pollen,235,Budew,112,Munkidori,100,110,1,6,5,0,0,100,0,0
v22_c,55486680,92768266,1,Dragapult,202ee2cec6cbe8b4,11,153,Jet Headbutt,121,Dragapult ex,648,Marnie's Grimmsnarl ex,300,320,3,6,4,2,0,300,0,0
v22_c,55486680,92768266,1,Dragapult,202ee2cec6cbe8b4,11,153,Jet Headbutt,121,Dragapult ex,648,Marnie's Grimmsnarl ex,300,320,3,6,4,2,0,100,200,0
v22_c,55486680,92775867,1,Kangaskhan / Crustle,d596ab33374df85f,7,479,Superb Scissors,345,Crustle,647,Marnie's Morgrem,100,100,0,3,5,4,3,100,0,0
v22_c,55486680,92775867,1,Kangaskhan / Crustle,d596ab33374df85f,9,479,Superb Scissors,345,Crustle,648,Marnie's Grimmsnarl ex,310,320,2,3,5,4,3,310,0,0
v22_c,55486680,92780490,0,Kangaskhan / Crustle,45fe95772327f96a,7,479,Superb Scissors,345,Crustle,112,Munkidori,110,110,1,9,5,3,2,,,1
v22_c,55486680,92780490,0,Kangaskhan / Crustle,45fe95772327f96a,11,479,Superb Scissors,345,Crustle,648,Marnie's Grimmsnarl ex,320,320,2,10,5,3,3,320,0,0
v22_c,55486680,92780490,0,Kangaskhan / Crustle,45fe95772327f96a,11,479,Superb Scissors,345,Crustle,648,Marnie's Grimmsnarl ex,320,320,2,10,5,3,3,320,0,0
v22_c,55486680,92780490,0,Kangaskhan / Crustle,45fe95772327f96a,13,479,Superb Scissors,345,Crustle,648,Marnie's Grimmsnarl ex,90,320,2,5,5,3,3,90,0,0
v22_c,55486680,92780490,0,Kangaskhan / Crustle,45fe95772327f96a,15,479,Superb Scissors,345,Crustle,647,Marnie's Morgrem,80,100,2,5,4,3,2,80,0,0
v22_c,55486680,92780490,0,Kangaskhan / Crustle,45fe95772327f96a,17,479,Superb Scissors,345,Crustle,648,Marnie's Grimmsnarl ex,300,320,2,3,5,3,2,300,0,0
v22_c,55486680,92780490,0,Kangaskhan / Crustle,45fe95772327f96a,17,479,Superb Scissors,345,Crustle,648,Marnie's Grimmsnarl ex,300,320,2,3,5,4,3,300,0,0
v22_c,55486680,92780529,1,Dragapult,202ee2cec6cbe8b4,2,323,Itchy Pollen,235,Budew,646,Marnie's Impidimp,70,70,0,5,2,0,0,50,20,0
v22_c,55486680,92780529,1,Dragapult,202ee2cec6cbe8b4,2,323,Itchy Pollen,235,Budew,646,Marnie's Impidimp,70,70,0,5,2,0,0,50,20,0
v22_c,55486680,92780529,1,Dragapult,202ee2cec6cbe8b4,4,323,Itchy Pollen,235,Budew,646,Marnie's Impidimp,50,70,1,8,2,0,0,50,0,0
v22_c,55486680,92780529,1,Dragapult,202ee2cec6cbe8b4,4,323,Itchy Pollen,235,Budew,646,Marnie's Impidimp,50,70,1,8,2,0,0,50,0,0
v22_c,55486680,92780529,1,Dragapult,202ee2cec6cbe8b4,4,323,Itchy Pollen,235,Budew,646,Marnie's Impidimp,50,70,1,8,2,0,0,50,0,0
v22_c,55486680,92780529,1,Dragapult,202ee2cec6cbe8b4,4,323,Itchy Pollen,235,Budew,646,Marnie's Impidimp,50,70,1,8,2,0,0,30,20,0
v22_c,55486680,92780529,1,Dragapult,202ee2cec6cbe8b4,4,323,Itchy Pollen,235,Budew,646,Marnie's Impidimp,50,70,1,8,2,0,0,30,20,0
v22_c,55486680,92780529,1,Dragapult,202ee2cec6cbe8b4,6,153,Jet Headbutt,121,Dragapult ex,860,Snorunt,70,70,0,8,4,2,0,70,0,0
v22_c,55486680,92780529,1,Dragapult,202ee2cec6cbe8b4,6,153,Jet Headbutt,121,Dragapult ex,112,Munkidori,100,110,1,8,4,2,0,100,0,0
v22_c,55486680,92780529,1,Dragapult,202ee2cec6cbe8b4,6,153,Jet Headbutt,121,Dragapult ex,112,Munkidori,100,110,1,8,4,2,0,0,100,1
v22_c,55486680,92780529,1,Dragapult,202ee2cec6cbe8b4,8,153,Jet Headbutt,121,Dragapult ex,648,Marnie's Grimmsnarl ex,300,320,2,4,5,2,0,310,-10,0
v22_c,55486680,92780529,1,Dragapult,202ee2cec6cbe8b4,8,153,Jet Headbutt,121,Dragapult ex,648,Marnie's Grimmsnarl ex,300,320,2,4,5,2,0,310,-10,0
v22_c,55486680,92780529,1,Dragapult,202ee2cec6cbe8b4,12,153,Jet Headbutt,121,Dragapult ex,104,Froslass,90,90,0,4,4,2,0,0,90,1
v22_c,55486680,92782964,0,Grimmsnarl (mirror),9714ab5c3996f6cc,4,937,Shadow Bullet,648,Marnie's Grimmsnarl ex,860,Snorunt,70,70,0,4,3,2,0,70,0,0
v22_c,55486680,92782964,0,Grimmsnarl (mirror),9714ab5c3996f6cc,4,937,Shadow Bullet,648,Marnie's Grimmsnarl ex,860,Snorunt,70,70,0,4,3,2,0,70,0,0
v22_c,55486680,92782964,0,Grimmsnarl (mirror),9714ab5c3996f6cc,8,937,Shadow Bullet,648,Marnie's Grimmsnarl ex,648,Marnie's Grimmsnarl ex,260,320,3,4,2,2,0,260,0,0
v22_c,55486680,92782964,0,Grimmsnarl (mirror),9714ab5c3996f6cc,10,937,Shadow Bullet,648,Marnie's Grimmsnarl ex,648,Marnie's Grimmsnarl ex,80,320,3,2,2,2,0,80,0,0
v22_c,55486680,92785961,0,Mega Lopunny / Froslass,6fa64c0e3b2eb67c,3,1225,Gale Thrust,849,Mega Lopunny ex,646,Marnie's Impidimp,70,70,1,6,2,1,0,70,0,0
v22_c,55486680,92785961,0,Mega Lopunny / Froslass,6fa64c0e3b2eb67c,3,1225,Gale Thrust,849,Mega Lopunny ex,646,Marnie's Impidimp,70,70,1,6,2,1,0,70,0,0
v22_c,55486680,92785961,0,Mega Lopunny / Froslass,6fa64c0e3b2eb67c,3,1225,Gale Thrust,849,Mega Lopunny ex,646,Marnie's Impidimp,70,70,1,6,2,1,0,70,0,0
v22_c,55486680,92785961,0,Mega Lopunny / Froslass,6fa64c0e3b2eb67c,5,1225,Gale Thrust,849,Mega Lopunny ex,647,Marnie's Morgrem,100,100,0,4,4,2,0,100,0,0
v22_c,55486680,92785961,0,Mega Lopunny / Froslass,6fa64c0e3b2eb67c,7,1225,Gale Thrust,849,Mega Lopunny ex,648,Marnie's Grimmsnarl ex,300,320,2,3,3,1,0,300,0,0
v22_c,55486680,92785961,0,Mega Lopunny / Froslass,6fa64c0e3b2eb67c,13,1225,Gale Thrust,849,Mega Lopunny ex,860,Snorunt,70,70,0,5,2,2,0,70,0,0
v22_c,55486680,92793452,0,Kangaskhan / Crustle,f28177e6f00410a7,5,1092,Rapid-Fire Combo,756,Mega Kangaskhan ex,104,Froslass,90,90,0,3,3,3,3,90,0,0
v22_c,55486680,92796913,0,other: Arboliva ex,82879abd3807469b,3,120,Myriad Leaf Shower,96,Teal Mask Ogerpon ex,860,Snorunt,70,70,0,4,3,3,4,70,0,0
v22_c,55486680,92796913,0,other: Arboliva ex,82879abd3807469b,3,564,Oil Salvo,404,Arboliva ex,860,Snorunt,70,70,0,4,3,1,3,70,0,0
v22_c,55486680,92798770,0,Dragapult,202ee2cec6cbe8b4,2,323,Itchy Pollen,235,Budew,646,Marnie's Impidimp,70,70,1,5,2,0,0,50,20,0
v22_c,55486680,92798770,0,Dragapult,202ee2cec6cbe8b4,4,323,Itchy Pollen,235,Budew,646,Marnie's Impidimp,70,70,1,6,3,0,0,70,0,0
v22_c,55486680,92798770,0,Dragapult,202ee2cec6cbe8b4,4,323,Itchy Pollen,235,Budew,646,Marnie's Impidimp,70,70,1,6,3,0,0,50,20,0
v22_c,55486680,92798770,0,Dragapult,202ee2cec6cbe8b4,4,323,Itchy Pollen,235,Budew,646,Marnie's Impidimp,70,70,1,6,3,0,0,50,20,0
v22_c,55486680,92798770,0,Dragapult,202ee2cec6cbe8b4,6,153,Jet Headbutt,121,Dragapult ex,648,Marnie's Grimmsnarl ex,320,320,2,2,3,2,0,320,0,0
v22_c,55486680,92798770,0,Dragapult,202ee2cec6cbe8b4,8,153,Jet Headbutt,121,Dragapult ex,648,Marnie's Grimmsnarl ex,180,320,2,3,5,2,0,180,0,0
v22_c,55486680,92798770,0,Dragapult,202ee2cec6cbe8b4,8,153,Jet Headbutt,121,Dragapult ex,648,Marnie's Grimmsnarl ex,180,320,2,3,5,2,0,180,0,0
v22_d,55486691,92691101,1,Grimmsnarl (mirror),9714ab5c3996f6cc,4,937,Shadow Bullet,648,Marnie's Grimmsnarl ex,648,Marnie's Grimmsnarl ex,310,320,2,6,5,2,0,320,-10,0
v22_d,55486691,92691101,1,Grimmsnarl (mirror),9714ab5c3996f6cc,4,937,Shadow Bullet,648,Marnie's Grimmsnarl ex,648,Marnie's Grimmsnarl ex,310,320,2,6,5,2,0,320,-10,0
v22_d,55486691,92691101,1,Grimmsnarl (mirror),9714ab5c3996f6cc,8,937,Shadow Bullet,648,Marnie's Grimmsnarl ex,648,Marnie's Grimmsnarl ex,310,320,2,6,5,2,0,320,-10,0
v22_d,55486691,92691205,1,Mega Lucario,d05bff224d40b9c6,3,976,Corkscrew Punch,673,Makuhita,646,Marnie's Impidimp,70,70,0,5,5,1,0,70,0,0
v22_d,55486691,92691205,1,Mega Lucario,d05bff224d40b9c6,7,982,Aura Jab,678,Mega Lucario ex,648,Marnie's Grimmsnarl ex,320,320,2,2,5,1,0,320,0,0
v22_d,55486691,92691205,1,Mega Lucario,d05bff224d40b9c6,7,982,Aura Jab,678,Mega Lucario ex,648,Marnie's Grimmsnarl ex,320,320,2,2,5,2,0,320,0,0
v22_d,55486691,92691205,1,Mega Lucario,d05bff224d40b9c6,9,978,Wild Press,674,Hariyama,648,Marnie's Grimmsnarl ex,320,320,2,5,5,3,0,320,0,0
v22_d,55486691,92691205,1,Mega Lucario,d05bff224d40b9c6,9,978,Wild Press,674,Hariyama,648,Marnie's Grimmsnarl ex,290,290,2,5,5,3,0,290,0,0
v22_d,55486691,92691205,1,Mega Lucario,d05bff224d40b9c6,9,978,Wild Press,674,Hariyama,648,Marnie's Grimmsnarl ex,290,290,2,5,5,3,0,290,0,0
v22_d,55486691,92691205,1,Mega Lucario,d05bff224d40b9c6,11,983,Mega Brave,678,Mega Lucario ex,648,Marnie's Grimmsnarl ex,170,290,2,7,5,2,0,170,0,0
v22_d,55486691,92692137,1,other: Dudunsparce,5979812c5a24e879,2,1266,Splashing Dodge,878,Hop's Phantump,646,Marnie's Impidimp,70,70,1,3,3,1,0,70,0,0
v22_d,55486691,92692137,1,other: Dudunsparce,5979812c5a24e879,4,1267,Horrifying Revenge,879,Hop's Trevenant,646,Marnie's Impidimp,70,70,0,3,5,1,0,70,0,0
v22_d,55486691,92692137,1,other: Dudunsparce,5979812c5a24e879,6,1267,Horrifying Revenge,879,Hop's Trevenant,648,Marnie's Grimmsnarl ex,310,320,2,8,5,1,0,140,170,0
v22_d,55486691,92692137,1,other: Dudunsparce,5979812c5a24e879,8,1267,Horrifying Revenge,879,Hop's Trevenant,648,Marnie's Grimmsnarl ex,220,320,2,3,5,1,0,20,200,0
v22_d,55486691,92692137,1,other: Dudunsparce,5979812c5a24e879,10,74,Gnaw,65,Dunsparce,112,Munkidori,60,110,1,5,5,1,0,40,20,0
v22_d,55486691,92692137,1,other: Dudunsparce,5979812c5a24e879,10,74,Gnaw,65,Dunsparce,112,Munkidori,60,110,1,5,5,1,0,40,20,0
v22_d,55486691,92693079,0,Archaludon,2b6a7dd699d2b6a5,4,223,Hammer In,169,Duraludon,648,Marnie's Grimmsnarl ex,320,320,2,4,3,1,0,320,0,0
v22_d,55486691,92693079,0,Archaludon,2b6a7dd699d2b6a5,4,223,Hammer In,169,Duraludon,648,Marnie's Grimmsnarl ex,320,320,2,4,3,2,0,320,0,0
v22_d,55486691,92693079,0,Archaludon,2b6a7dd699d2b6a5,4,253,Metal Defender,190,Archaludon ex,648,Marnie's Grimmsnarl ex,320,320,2,4,3,3,0,320,0,0
v22_d,55486691,92693079,0,Archaludon,2b6a7dd699d2b6a5,4,253,Metal Defender,190,Archaludon ex,648,Marnie's Grimmsnarl ex,320,320,2,4,3,3,0,100,220,0
v22_d,55486691,92693079,0,Archaludon,2b6a7dd699d2b6a5,8,253,Metal Defender,190,Archaludon ex,648,Marnie's Grimmsnarl ex,320,320,2,1,4,3,0,320,0,0
v22_d,55486691,92693079,0,Archaludon,2b6a7dd699d2b6a5,8,253,Metal Defender,190,Archaludon ex,648,Marnie's Grimmsnarl ex,320,320,2,1,4,3,0,100,220,0
v22_d,55486691,92693079,0,Archaludon,2b6a7dd699d2b6a5,10,253,Metal Defender,190,Archaludon ex,648,Marnie's Grimmsnarl ex,160,320,2,2,4,3,0,160,0,0
v22_d,55486691,92693079,0,Archaludon,2b6a7dd699d2b6a5,12,253,Metal Defender,190,Archaludon ex,112,Munkidori,100,110,1,4,3,3,0,,,1
v22_d,55486691,92693079,0,Archaludon,2b6a7dd699d2b6a5,14,223,Hammer In,190,Archaludon ex,648,Marnie's Grimmsnarl ex,310,320,2,2,5,3,0,320,-10,0
v22_d,55486691,92693192,1,Mega Lucario,c3c16f0e65487ad6,2,976,Corkscrew Punch,673,Makuhita,646,Marnie's Impidimp,70,70,0,4,2,1,0,30,40,0
v22_d,55486691,92693192,1,Mega Lucario,c3c16f0e65487ad6,4,981,Accelerating Stab,677,Riolu,648,Marnie's Grimmsnarl ex,310,320,2,4,3,1,0,310,0,0
v22_d,55486691,92693192,1,Mega Lucario,c3c16f0e65487ad6,4,982,Aura Jab,678,Mega Lucario ex,648,Marnie's Grimmsnarl ex,310,320,2,4,3,1,0,310,0,0
v22_d,55486691,92693192,1,Mega Lucario,c3c16f0e65487ad6,8,982,Aura Jab,678,Mega Lucario ex,648,Marnie's Grimmsnarl ex,290,290,2,6,5,2,0,20,270,0
v22_d,55486691,92693192,1,Mega Lucario,c3c16f0e65487ad6,8,983,Mega Brave,678,Mega Lucario ex,648,Marnie's Grimmsnarl ex,290,290,2,6,5,2,0,20,270,0
v22_d,55486691,92694031,1,Grimmsnarl (mirror),9714ab5c3996f6cc,8,937,Shadow Bullet,648,Marnie's Grimmsnarl ex,648,Marnie's Grimmsnarl ex,320,320,2,2,3,3,0,320,0,0
v22_d,55486691,92694031,1,Grimmsnarl (mirror),9714ab5c3996f6cc,10,937,Shadow Bullet,648,Marnie's Grimmsnarl ex,648,Marnie's Grimmsnarl ex,170,320,2,5,3,3,0,200,-30,0
v22_d,55486691,92694031,1,Grimmsnarl (mirror),9714ab5c3996f6cc,14,937,Shadow Bullet,648,Marnie's Grimmsnarl ex,648,Marnie's Grimmsnarl ex,200,320,2,7,4,3,0,200,0,0
v22_d,55486691,92694969,1,Alakazam,65980f1c1e35b45d,4,1072,Powerful Hand,743,Alakazam,112,Munkidori,100,110,0,6,5,1,0,110,-10,0
v22_d,55486691,92694969,1,Alakazam,65980f1c1e35b45d,4,1072,Powerful Hand,743,Alakazam,112,Munkidori,100,110,0,6,5,1,0,110,-10,0
v22_d,55486691,92694969,1,Alakazam,65980f1c1e35b45d,6,1072,Powerful Hand,743,Alakazam,646,Marnie's Impidimp,70,70,0,4,5,1,0,70,0,0
v22_d,55486691,92694969,1,Alakazam,65980f1c1e35b45d,6,1072,Powerful Hand,743,Alakazam,646,Marnie's Impidimp,70,70,0,4,5,1,0,70,0,0
v22_d,55486691,92694969,1,Alakazam,65980f1c1e35b45d,6,1072,Powerful Hand,743,Alakazam,646,Marnie's Impidimp,70,70,0,4,5,1,0,70,0,0
v22_d,55486691,92694969,1,Alakazam,65980f1c1e35b45d,8,1072,Powerful Hand,743,Alakazam,648,Marnie's Grimmsnarl ex,310,320,2,7,5,1,0,320,-10,0
v22_d,55486691,92695903,1,Alakazam,e452d606e1029229,3,1072,Powerful Hand,743,Alakazam,112,Munkidori,110,110,0,3,4,1,0,110,0,0
v22_d,55486691,92695903,1,Alakazam,e452d606e1029229,3,1072,Powerful Hand,743,Alakazam,112,Munkidori,110,110,0,3,4,1,0,110,0,0
v22_d,55486691,92695903,1,Alakazam,e452d606e1029229,3,1072,Powerful Hand,743,Alakazam,112,Munkidori,110,110,0,3,4,1,0,110,0,0
v22_d,55486691,92695903,1,Alakazam,e452d606e1029229,5,1072,Powerful Hand,743,Alakazam,648,Marnie's Grimmsnarl ex,320,320,2,7,4,1,0,320,0,0
v22_d,55486691,92695903,1,Alakazam,e452d606e1029229,7,1072,Powerful Hand,743,Alakazam,648,Marnie's Grimmsnarl ex,320,320,2,5,5,1,0,320,0,0
v22_d,55486691,92695903,1,Alakazam,e452d606e1029229,7,1072,Powerful Hand,743,Alakazam,648,Marnie's Grimmsnarl ex,320,320,2,5,5,1,0,320,0,0
v22_d,55486691,92695903,1,Alakazam,e452d606e1029229,9,423,Trading Places,305,Dunsparce,648,Marnie's Grimmsnarl ex,190,320,2,7,5,1,0,190,0,0
v22_d,55486691,92696837,1,Alakazam,cc38cb450b86770a,4,1072,Powerful Hand,743,Alakazam,860,Snorunt,70,70,0,5,2,1,0,70,0,0
v22_d,55486691,92696837,1,Alakazam,cc38cb450b86770a,6,1072,Powerful Hand,743,Alakazam,647,Marnie's Morgrem,100,100,1,1,3,1,0,,,1
v22_d,55486691,92696837,1,Alakazam,cc38cb450b86770a,8,1072,Powerful Hand,743,Alakazam,648,Marnie's Grimmsnarl ex,320,320,2,3,2,1,0,160,160,0
v22_d,55486691,92697765,0,Grimmsnarl (mirror),6ef5d9bc5407f2ae,6,934,Filch,646,Marnie's Impidimp,112,Munkidori,110,110,1,7,4,1,0,110,0,0
v22_d,55486691,92697765,0,Grimmsnarl (mirror),6ef5d9bc5407f2ae,8,937,Shadow Bullet,648,Marnie's Grimmsnarl ex,648,Marnie's Grimmsnarl ex,310,320,2,7,3,2,0,320,-10,0
v22_d,55486691,92697765,0,Grimmsnarl (mirror),6ef5d9bc5407f2ae,10,937,Shadow Bullet,648,Marnie's Grimmsnarl ex,648,Marnie's Grimmsnarl ex,310,320,2,2,4,2,0,310,0,0
v22_d,55486691,92697765,0,Grimmsnarl (mirror),6ef5d9bc5407f2ae,12,937,Shadow Bullet,648,Marnie's Grimmsnarl ex,648,Marnie's Grimmsnarl ex,110,320,2,2,4,2,0,120,-10,0
v22_d,55486691,92697765,0,Grimmsnarl (mirror),6ef5d9bc5407f2ae,14,937,Shadow Bullet,648,Marnie's Grimmsnarl ex,648,Marnie's Grimmsnarl ex,290,320,2,8,4,2,0,300,-10,0
v22_d,55486691,92698721,1,Grimmsnarl (mirror),9714ab5c3996f6cc,10,937,Shadow Bullet,648,Marnie's Grimmsnarl ex,648,Marnie's Grimmsnarl ex,310,320,2,4,5,2,0,320,-10,0
v22_d,55486691,92698721,1,Grimmsnarl (mirror),9714ab5c3996f6cc,10,937,Shadow Bullet,648,Marnie's Grimmsnarl ex,648,Marnie's Grimmsnarl ex,310,320,2,4,5,2,0,320,-10,0
v22_d,55486691,92698721,1,Grimmsnarl (mirror),9714ab5c3996f6cc,12,937,Shadow Bullet,648,Marnie's Grimmsnarl ex,648,Marnie's Grimmsnarl ex,140,320,2,6,5,2,0,140,0,0
v22_d,55486691,92698721,1,Grimmsnarl (mirror),9714ab5c3996f6cc,12,937,Shadow Bullet,648,Marnie's Grimmsnarl ex,648,Marnie's Grimmsnarl ex,140,320,2,6,5,2,0,140,0,0
v22_d,55486691,92698755,0,Dragapult,dfca0c2c2e73cd83,2,323,Itchy Pollen,235,Budew,646,Marnie's Impidimp,70,70,0,5,3,0,0,50,20,0
v22_d,55486691,92698755,0,Dragapult,dfca0c2c2e73cd83,2,323,Itchy Pollen,235,Budew,646,Marnie's Impidimp,70,70,0,5,3,0,0,50,20,0
v22_d,55486691,92698755,0,Dragapult,dfca0c2c2e73cd83,8,153,Jet Headbutt,121,Dragapult ex,648,Marnie's Grimmsnarl ex,180,320,3,5,5,2,0,180,0,0
v22_d,55486691,92698755,0,Dragapult,dfca0c2c2e73cd83,10,153,Jet Headbutt,121,Dragapult ex,648,Marnie's Grimmsnarl ex,280,320,2,5,4,2,0,320,-40,0
v22_d,55486691,92699679,0,Grimmsnarl (mirror),9714ab5c3996f6cc,4,937,Shadow Bullet,648,Marnie's Grimmsnarl ex,648,Marnie's Grimmsnarl ex,320,320,3,1,4,2,0,320,0,0
v22_d,55486691,92699679,0,Grimmsnarl (mirror),9714ab5c3996f6cc,6,937,Shadow Bullet,648,Marnie's Grimmsnarl ex,648,Marnie's Grimmsnarl ex,310,320,2,1,5,2,0,320,-10,0
v22_d,55486691,92699679,0,Grimmsnarl (mirror),9714ab5c3996f6cc,10,937,Shadow Bullet,648,Marnie's Grimmsnarl ex,648,Marnie's Grimmsnarl ex,90,320,3,6,3,2,0,100,-10,0
v22_d,55486691,92700621,1,Mega Lucario,05f854e1b3b3ba0f,2,981,Accelerating Stab,677,Riolu,646,Marnie's Impidimp,70,70,0,3,3,1,0,40,30,0
v22_d,55486691,92700621,1,Mega Lucario,05f854e1b3b3ba0f,2,981,Accelerating Stab,677,Riolu,646,Marnie's Impidimp,70,70,0,3,3,1,0,40,30,0
v22_d,55486691,92700621,1,Mega Lucario,05f854e1b3b3ba0f,4,982,Aura Jab,678,Mega Lucario ex,647,Marnie's Morgrem,100,100,0,4,3,1,0,0,100,1
v22_d,55486691,92700621,1,Mega Lucario,05f854e1b3b3ba0f,6,982,Aura Jab,678,Mega Lucario ex,648,Marnie's Grimmsnarl ex,320,320,2,3,3,1,0,320,0,0
v22_d,55486691,92700621,1,Mega Lucario,05f854e1b3b3ba0f,8,982,Aura Jab,678,Mega Lucario ex,648,Marnie's Grimmsnarl ex,250,320,2,4,4,2,0,250,0,0
v22_d,55486691,92700621,1,Mega Lucario,05f854e1b3b3ba0f,10,982,Aura Jab,678,Mega Lucario ex,648,Marnie's Grimmsnarl ex,320,320,2,4,4,2,0,320,0,0
v22_d,55486691,92701678,1,Archaludon,f230a047275c91a4,6,253,Metal Defender,190,Archaludon ex,648,Marnie's Grimmsnarl ex,320,320,2,3,4,3,0,100,220,0
v22_d,55486691,92701678,1,Archaludon,f230a047275c91a4,8,253,Metal Defender,190,Archaludon ex,648,Marnie's Grimmsnarl ex,160,320,2,2,5,3,0,160,0,0
v22_d,55486691,92701678,1,Archaludon,f230a047275c91a4,12,253,Metal Defender,190,Archaludon ex,648,Marnie's Grimmsnarl ex,310,320,2,0,4,3,0,80,230,0
v22_d,55486691,92701678,1,Archaludon,f230a047275c91a4,12,253,Metal Defender,190,Archaludon ex,648,Marnie's Grimmsnarl ex,310,320,2,0,4,3,0,80,230,0
v22_d,55486691,92701678,1,Archaludon,f230a047275c91a4,14,253,Metal Defender,190,Archaludon ex,648,Marnie's Grimmsnarl ex,130,320,2,2,4,3,0,140,-10,0
v22_d,55486691,92701678,1,Archaludon,f230a047275c91a4,16,253,Metal Defender,190,Archaludon ex,648,Marnie's Grimmsnarl ex,290,320,2,6,4,3,0,60,230,0
v22_d,55486691,92701678,1,Archaludon,f230a047275c91a4,16,253,Metal Defender,190,Archaludon ex,648,Marnie's Grimmsnarl ex,290,320,2,6,4,3,0,60,230,0
v22_d,55486691,92702513,0,other: Hydrapple ex,f39b7a1dd837f526,2,114,Tumbling Attack,92,Applin,646,Marnie's Impidimp,70,70,1,5,1,1,2,70,0,0
v22_d,55486691,92702513,0,other: Hydrapple ex,f39b7a1dd837f526,2,114,Tumbling Attack,92,Applin,646,Marnie's Impidimp,70,70,1,5,1,1,3,50,20,0
v22_d,55486691,92702513,0,other: Hydrapple ex,f39b7a1dd837f526,6,120,Myriad Leaf Shower,96,Teal Mask Ogerpon ex,648,Marnie's Grimmsnarl ex,310,320,2,0,5,6,12,320,-10,0
v22_d,55486691,92702513,0,other: Hydrapple ex,f39b7a1dd837f526,8,120,Myriad Leaf Shower,96,Teal Mask Ogerpon ex,646,Marnie's Impidimp,70,70,0,4,5,6,14,70,0,0
v22_d,55486691,92702559,1,Kangaskhan / Crustle,cf8fcd7f8faf7330,11,479,Superb Scissors,345,Crustle,104,Froslass,90,90,0,12,5,3,1,,,1
v22_d,55486691,92702559,1,Kangaskhan / Crustle,cf8fcd7f8faf7330,17,479,Superb Scissors,345,Crustle,648,Marnie's Grimmsnarl ex,320,320,2,8,4,3,1,320,0,0
v22_d,55486691,92703471,0,Ogerpon,0dede7cb8026e473,3,120,Myriad Leaf Shower,96,Teal Mask Ogerpon ex,646,Marnie's Impidimp,100,100,0,5,5,4,6,100,0,0
v22_d,55486691,92703471,0,Ogerpon,0dede7cb8026e473,3,120,Myriad Leaf Shower,96,Teal Mask Ogerpon ex,646,Marnie's Impidimp,100,100,0,5,5,4,6,100,0,0
v22_d,55486691,92703471,0,Ogerpon,0dede7cb8026e473,7,120,Myriad Leaf Shower,96,Teal Mask Ogerpon ex,646,Marnie's Impidimp,70,70,1,9,5,3,13,70,0,0
v22_d,55486691,92703471,0,Ogerpon,0dede7cb8026e473,7,120,Myriad Leaf Shower,96,Teal Mask Ogerpon ex,646,Marnie's Impidimp,70,70,1,3,5,4,16,70,0,0
v22_d,55486691,92703471,0,Ogerpon,0dede7cb8026e473,9,120,Myriad Leaf Shower,96,Teal Mask Ogerpon ex,648,Marnie's Grimmsnarl ex,310,320,2,6,5,6,12,310,0,0
v22_d,55486691,92703471,0,Ogerpon,0dede7cb8026e473,9,120,Myriad Leaf Shower,96,Teal Mask Ogerpon ex,648,Marnie's Grimmsnarl ex,310,320,2,6,5,7,13,310,0,0
v22_d,55486691,92703471,0,Ogerpon,0dede7cb8026e473,11,120,Myriad Leaf Shower,96,Teal Mask Ogerpon ex,648,Marnie's Grimmsnarl ex,310,320,2,6,5,4,6,310,0,0
v22_d,55486691,92703471,0,Ogerpon,0dede7cb8026e473,11,120,Myriad Leaf Shower,96,Teal Mask Ogerpon ex,648,Marnie's Grimmsnarl ex,310,320,2,6,5,6,9,310,0,0
v22_d,55486691,92704403,0,Grimmsnarl (mirror),9714ab5c3996f6cc,8,937,Shadow Bullet,648,Marnie's Grimmsnarl ex,860,Snorunt,70,70,0,3,5,2,0,70,0,0
v22_d,55486691,92704403,0,Grimmsnarl (mirror),9714ab5c3996f6cc,10,937,Shadow Bullet,648,Marnie's Grimmsnarl ex,648,Marnie's Grimmsnarl ex,300,320,2,4,5,2,0,310,-10,0
v22_d,55486691,92704403,0,Grimmsnarl (mirror),9714ab5c3996f6cc,12,937,Shadow Bullet,648,Marnie's Grimmsnarl ex,648,Marnie's Grimmsnarl ex,100,320,2,5,5,2,0,110,-10,0
v22_d,55486691,92705338,1,Grimmsnarl (mirror),9714ab5c3996f6cc,8,937,Shadow Bullet,648,Marnie's Grimmsnarl ex,648,Marnie's Grimmsnarl ex,320,320,2,6,5,2,0,320,0,0
v22_d,55486691,92705338,1,Grimmsnarl (mirror),9714ab5c3996f6cc,10,937,Shadow Bullet,648,Marnie's Grimmsnarl ex,648,Marnie's Grimmsnarl ex,140,320,2,7,5,2,0,140,0,0
v22_d,55486691,92705338,1,Grimmsnarl (mirror),9714ab5c3996f6cc,10,937,Shadow Bullet,648,Marnie's Grimmsnarl ex,648,Marnie's Grimmsnarl ex,140,320,2,7,5,2,0,140,0,0
v22_d,55486691,92705338,1,Grimmsnarl (mirror),9714ab5c3996f6cc,10,937,Shadow Bullet,648,Marnie's Grimmsnarl ex,648,Marnie's Grimmsnarl ex,140,320,2,7,5,2,0,140,0,0
v22_d,55486691,92705338,1,Grimmsnarl (mirror),9714ab5c3996f6cc,10,937,Shadow Bullet,648,Marnie's Grimmsnarl ex,648,Marnie's Grimmsnarl ex,140,320,2,7,5,2,0,140,0,0
v22_d,55486691,92705338,1,Grimmsnarl (mirror),9714ab5c3996f6cc,12,937,Shadow Bullet,648,Marnie's Grimmsnarl ex,648,Marnie's Grimmsnarl ex,320,320,2,3,5,2,0,320,0,0
v22_d,55486691,92705338,1,Grimmsnarl (mirror),9714ab5c3996f6cc,12,937,Shadow Bullet,648,Marnie's Grimmsnarl ex,648,Marnie's Grimmsnarl ex,320,320,2,2,5,2,0,320,0,0
v22_d,55486691,92705338,1,Grimmsnarl (mirror),9714ab5c3996f6cc,12,937,Shadow Bullet,648,Marnie's Grimmsnarl ex,648,Marnie's Grimmsnarl ex,320,320,2,2,5,2,0,320,0,0
v22_d,55486691,92707228,1,Dipplin,3e49c90e4b89c580,3,115,Do the Wave,93,Dipplin,646,Marnie's Impidimp,70,70,0,6,2,1,2,70,0,0
v22_d,55486691,92707228,1,Dipplin,3e49c90e4b89c580,3,115,Do the Wave,93,Dipplin,646,Marnie's Impidimp,70,70,0,6,2,1,2,70,0,0
v22_d,55486691,92707228,1,Dipplin,3e49c90e4b89c580,3,115,Do the Wave,93,Dipplin,112,Munkidori,110,110,1,6,1,1,2,110,0,0
v22_d,55486691,92707249,1,Mega Lopunny / Froslass,a7ee29914c1dce64,4,230,Assault Landing,174,Fan Rotom,112,Munkidori,110,110,0,1,3,1,0,40,70,0
v22_d,55486691,92707249,1,Mega Lopunny / Froslass,a7ee29914c1dce64,6,1225,Gale Thrust,849,Mega Lopunny ex,648,Marnie's Grimmsnarl ex,320,320,2,7,5,1,0,90,230,0
v22_d,55486691,92707249,1,Mega Lopunny / Froslass,a7ee29914c1dce64,10,1225,Gale Thrust,849,Mega Lopunny ex,648,Marnie's Grimmsnarl ex,320,320,2,4,5,1,0,90,230,0
v22_d,55486691,92707249,1,Mega Lopunny / Froslass,a7ee29914c1dce64,12,1240,Resentful Refrain,861,Mega Froslass ex,648,Marnie's Grimmsnarl ex,210,320,2,4,5,1,0,10,200,0
v22_d,55486691,92708171,0,Ogerpon,97df7a2a423da1d8,4,120,Myriad Leaf Shower,96,Teal Mask Ogerpon ex,104,Froslass,90,90,0,3,4,4,6,90,0,0
v22_d,55486691,92708171,0,Ogerpon,97df7a2a423da1d8,4,120,Myriad Leaf Shower,96,Teal Mask Ogerpon ex,104,Froslass,90,90,0,3,4,4,6,90,0,0
v22_d,55486691,92708171,0,Ogerpon,97df7a2a423da1d8,6,120,Myriad Leaf Shower,96,Teal Mask Ogerpon ex,648,Marnie's Grimmsnarl ex,320,320,2,4,5,5,10,320,0,0
v22_d,55486691,92708171,0,Ogerpon,97df7a2a423da1d8,6,120,Myriad Leaf Shower,96,Teal Mask Ogerpon ex,648,Marnie's Grimmsnarl ex,320,320,2,4,5,6,11,320,0,0
v22_d,55486691,92709113,1,Alakazam,cc38cb450b86770a,2,1070,Teleportation Attack,741,Abra,112,Munkidori,110,110,0,5,3,1,0,110,0,0
v22_d,55486691,92709113,1,Alakazam,cc38cb450b86770a,2,1070,Teleportation Attack,741,Abra,112,Munkidori,110,110,0,5,3,1,0,110,0,0
v22_d,55486691,92709113,1,Alakazam,cc38cb450b86770a,6,1072,Powerful Hand,743,Alakazam,648,Marnie's Grimmsnarl ex,310,320,2,8,5,1,0,320,-10,0
v22_d,55486691,92709113,1,Alakazam,cc38cb450b86770a,10,1072,Powerful Hand,743,Alakazam,648,Marnie's Grimmsnarl ex,310,320,2,5,5,1,0,320,-10,0
v22_d,55486691,92709113,1,Alakazam,cc38cb450b86770a,10,1072,Powerful Hand,743,Alakazam,648,Marnie's Grimmsnarl ex,310,320,2,5,5,1,0,100,210,0
v22_d,55486691,92710059,1,Dipplin,8d3a8feb6bf84019,8,115,Do the Wave,93,Dipplin,648,Marnie's Grimmsnarl ex,290,320,2,5,4,1,2,300,-10,0
v22_d,55486691,92710059,1,Dipplin,8d3a8feb6bf84019,8,115,Do the Wave,93,Dipplin,648,Marnie's Grimmsnarl ex,130,320,2,5,4,1,2,300,-170,0
v22_d,55486691,92710066,1,Alakazam,e452d606e1029229,2,423,Trading Places,305,Dunsparce,860,Snorunt,70,70,0,5,3,1,0,70,0,0
v22_d,55486691,92710066,1,Alakazam,e452d606e1029229,4,1072,Powerful Hand,743,Alakazam,104,Froslass,90,90,0,5,5,1,0,90,0,0
v22_d,55486691,92710066,1,Alakazam,e452d606e1029229,6,1072,Powerful Hand,743,Alakazam,648,Marnie's Grimmsnarl ex,310,320,2,6,5,1,0,80,230,0
v22_d,55486691,92710066,1,Alakazam,e452d606e1029229,6,1072,Powerful Hand,743,Alakazam,648,Marnie's Grimmsnarl ex,310,320,2,6,5,1,0,80,230,0
v22_d,55486691,92710066,1,Alakazam,e452d606e1029229,8,1072,Powerful Hand,743,Alakazam,648,Marnie's Grimmsnarl ex,130,320,2,7,5,1,0,140,-10,0
v22_d,55486691,92710066,1,Alakazam,e452d606e1029229,8,1072,Powerful Hand,743,Alakazam,648,Marnie's Grimmsnarl ex,130,320,2,7,5,1,0,140,-10,0
v22_d,55486691,92710066,1,Alakazam,e452d606e1029229,8,1072,Powerful Hand,743,Alakazam,648,Marnie's Grimmsnarl ex,130,320,2,7,5,1,0,140,-10,0
v22_d,55486691,92710994,0,Mega Lopunny / Froslass,a7ee29914c1dce64,2,230,Assault Landing,174,Fan Rotom,646,Marnie's Impidimp,70,70,0,4,3,1,0,70,0,0
v22_d,55486691,92710994,0,Mega Lopunny / Froslass,a7ee29914c1dce64,4,230,Assault Landing,174,Fan Rotom,646,Marnie's Impidimp,70,70,0,5,5,1,0,70,0,0
v22_d,55486691,92710994,0,Mega Lopunny / Froslass,a7ee29914c1dce64,4,230,Assault Landing,174,Fan Rotom,646,Marnie's Impidimp,70,70,0,5,5,1,0,70,0,0
v22_d,55486691,92710994,0,Mega Lopunny / Froslass,a7ee29914c1dce64,8,1240,Resentful Refrain,861,Mega Froslass ex,648,Marnie's Grimmsnarl ex,310,320,2,4,5,1,0,100,210,0
v22_d,55486691,92711884,0,Grimmsnarl (mirror),9714ab5c3996f6cc,4,937,Shadow Bullet,648,Marnie's Grimmsnarl ex,112,Munkidori,110,110,0,8,3,2,0,110,0,0
v22_d,55486691,92711884,0,Grimmsnarl (mirror),9714ab5c3996f6cc,6,937,Shadow Bullet,648,Marnie's Grimmsnarl ex,648,Marnie's Grimmsnarl ex,320,320,2,6,4,2,0,320,0,0
v22_d,55486691,92711884,0,Grimmsnarl (mirror),9714ab5c3996f6cc,6,937,Shadow Bullet,648,Marnie's Grimmsnarl ex,112,Munkidori,110,110,1,6,4,2,0,0,110,1
v22_d,55486691,92711884,0,Grimmsnarl (mirror),9714ab5c3996f6cc,8,937,Shadow Bullet,648,Marnie's Grimmsnarl ex,648,Marnie's Grimmsnarl ex,320,320,2,6,3,2,0,320,0,0
v22_d,55486691,92711884,0,Grimmsnarl (mirror),9714ab5c3996f6cc,8,937,Shadow Bullet,648,Marnie's Grimmsnarl ex,648,Marnie's Grimmsnarl ex,320,320,2,2,3,2,0,320,0,0
v22_d,55486691,92712875,0,Kangaskhan / Crustle,8f6a9933322de8f8,2,478,Ascension,344,Dwebble,646,Marnie's Impidimp,70,70,1,4,2,1,1,70,0,0
v22_d,55486691,92712875,0,Kangaskhan / Crustle,8f6a9933322de8f8,8,479,Superb Scissors,345,Crustle,647,Marnie's Morgrem,100,100,0,5,5,3,1,100,0,0
v22_d,55486691,92712875,0,Kangaskhan / Crustle,8f6a9933322de8f8,10,479,Superb Scissors,345,Crustle,648,Marnie's Grimmsnarl ex,310,320,2,4,5,4,2,310,0,0
v22_d,55486691,92712875,0,Kangaskhan / Crustle,8f6a9933322de8f8,12,479,Superb Scissors,345,Crustle,648,Marnie's Grimmsnarl ex,100,320,2,4,5,4,2,100,0,0
v22_d,55486691,92712875,0,Kangaskhan / Crustle,8f6a9933322de8f8,14,479,Superb Scissors,345,Crustle,104,Froslass,90,90,0,3,4,4,2,,,1
v22_d,55486691,92712875,0,Kangaskhan / Crustle,8f6a9933322de8f8,16,479,Superb Scissors,345,Crustle,648,Marnie's Grimmsnarl ex,280,320,3,3,3,4,3,280,0,0
v22_d,55486691,92712875,0,Kangaskhan / Crustle,8f6a9933322de8f8,16,479,Superb Scissors,345,Crustle,648,Marnie's Grimmsnarl ex,280,320,3,3,3,4,3,280,0,0
v22_d,55486691,92712875,0,Kangaskhan / Crustle,8f6a9933322de8f8,18,479,Superb Scissors,345,Crustle,648,Marnie's Grimmsnarl ex,80,320,3,3,3,4,3,80,0,0
v22_d,55486691,92713807,1,Alakazam,cc38cb450b86770a,3,1070,Teleportation Attack,741,Abra,112,Munkidori,110,110,0,4,2,1,0,100,10,0
v22_d,55486691,92713807,1,Alakazam,cc38cb450b86770a,5,1072,Powerful Hand,743,Alakazam,112,Munkidori,110,110,0,7,5,1,0,110,0,0
v22_d,55486691,92713807,1,Alakazam,cc38cb450b86770a,7,1072,Powerful Hand,743,Alakazam,648,Marnie's Grimmsnarl ex,310,320,2,5,5,1,0,310,0,0
v22_d,55486691,92713807,1,Alakazam,cc38cb450b86770a,7,1072,Powerful Hand,743,Alakazam,648,Marnie's Grimmsnarl ex,310,320,2,5,5,1,0,310,0,0
v22_d,55486691,92714722,0,Grimmsnarl (mirror),9714ab5c3996f6cc,4,937,Shadow Bullet,648,Marnie's Grimmsnarl ex,112,Munkidori,110,110,0,1,5,2,0,110,0,0
v22_d,55486691,92714722,0,Grimmsnarl (mirror),9714ab5c3996f6cc,6,937,Shadow Bullet,648,Marnie's Grimmsnarl ex,648,Marnie's Grimmsnarl ex,320,320,2,1,4,2,0,320,0,0
v22_d,55486691,92714722,0,Grimmsnarl (mirror),9714ab5c3996f6cc,8,937,Shadow Bullet,648,Marnie's Grimmsnarl ex,648,Marnie's Grimmsnarl ex,140,320,1,2,5,2,0,0,140,1
v22_d,55486691,92714722,0,Grimmsnarl (mirror),9714ab5c3996f6cc,10,937,Shadow Bullet,648,Marnie's Grimmsnarl ex,648,Marnie's Grimmsnarl ex,260,320,2,6,3,2,0,320,-60,0
v22_d,55486691,92714722,0,Grimmsnarl (mirror),9714ab5c3996f6cc,10,937,Shadow Bullet,648,Marnie's Grimmsnarl ex,648,Marnie's Grimmsnarl ex,260,320,2,6,3,2,0,320,-60,0
v22_d,55486691,92715554,0,Alakazam,b1f287b8d98881f8,2,1070,Teleportation Attack,741,Abra,646,Marnie's Impidimp,70,70,0,3,5,1,0,70,0,0
v22_d,55486691,92715554,0,Alakazam,b1f287b8d98881f8,4,1072,Powerful Hand,743,Alakazam,648,Marnie's Grimmsnarl ex,310,320,2,6,5,1,0,320,-10,0
v22_d,55486691,92715554,0,Alakazam,b1f287b8d98881f8,6,1072,Powerful Hand,743,Alakazam,648,Marnie's Grimmsnarl ex,310,320,2,7,4,1,0,320,-10,0
v22_d,55486691,92715554,0,Alakazam,b1f287b8d98881f8,6,1072,Powerful Hand,743,Alakazam,648,Marnie's Grimmsnarl ex,310,320,2,7,4,1,0,320,-10,0
v22_d,55486691,92715554,0,Alakazam,b1f287b8d98881f8,6,1072,Powerful Hand,743,Alakazam,648,Marnie's Grimmsnarl ex,310,320,2,7,4,1,0,320,-10,0
v22_d,55486691,92715554,0,Alakazam,b1f287b8d98881f8,10,1072,Powerful Hand,743,Alakazam,104,Froslass,90,90,0,6,5,1,0,90,0,0
v22_d,55486691,92715554,0,Alakazam,b1f287b8d98881f8,10,1072,Powerful Hand,743,Alakazam,104,Froslass,90,90,0,6,5,1,0,90,0,0
v22_d,55486691,92715554,0,Alakazam,b1f287b8d98881f8,12,1072,Powerful Hand,743,Alakazam,647,Marnie's Morgrem,100,100,2,7,5,1,0,100,0,0
v22_d,55486691,92716602,0,Dragapult,8055443275c86105,2,323,Itchy Pollen,235,Budew,646,Marnie's Impidimp,70,70,0,5,1,0,0,50,20,0
v22_d,55486691,92716602,0,Dragapult,8055443275c86105,2,323,Itchy Pollen,235,Budew,646,Marnie's Impidimp,70,70,0,5,1,0,0,50,20,0
v22_d,55486691,92716602,0,Dragapult,8055443275c86105,4,323,Itchy Pollen,235,Budew,646,Marnie's Impidimp,70,70,1,6,1,0,0,50,20,0
v22_d,55486691,92716602,0,Dragapult,8055443275c86105,6,153,Jet Headbutt,121,Dragapult ex,646,Marnie's Impidimp,70,70,1,9,2,1,0,70,0,0
v22_d,55486691,92716602,0,Dragapult,8055443275c86105,8,153,Jet Headbutt,121,Dragapult ex,860,Snorunt,40,70,0,1,5,2,0,40,0,0
v22_d,55486691,92716602,0,Dragapult,8055443275c86105,10,153,Jet Headbutt,121,Dragapult ex,646,Marnie's Impidimp,70,70,0,1,4,2,0,70,0,0
v22_d,55486691,92716602,0,Dragapult,8055443275c86105,12,153,Jet Headbutt,121,Dragapult ex,647,Marnie's Morgrem,40,100,0,2,3,2,0,40,0,0
v22_d,55486691,92716602,0,Dragapult,8055443275c86105,12,154,Phantom Dive,121,Dragapult ex,647,Marnie's Morgrem,40,100,0,2,3,2,0,40,0,0
v22_d,55486691,92716602,0,Dragapult,8055443275c86105,16,153,Jet Headbutt,121,Dragapult ex,648,Marnie's Grimmsnarl ex,290,320,2,4,2,2,0,290,0,0
v22_d,55486691,92725978,1,Kangaskhan / Crustle,d8e9c2a36e0e4dea,9,479,Superb Scissors,345,Crustle,104,Froslass,90,90,0,9,5,4,1,,,1
v22_d,55486691,92733385,0,Alakazam,cc38cb450b86770a,3,1071,Super Psy Bolt,742,Kadabra,112,Munkidori,110,110,0,7,5,1,0,110,0,0
v22_d,55486691,92733385,0,Alakazam,cc38cb450b86770a,3,1071,Super Psy Bolt,742,Kadabra,112,Munkidori,110,110,0,7,5,1,0,110,0,0
v22_d,55486691,92733385,0,Alakazam,cc38cb450b86770a,3,1071,Super Psy Bolt,742,Kadabra,112,Munkidori,110,110,0,7,5,1,0,110,0,0
v22_d,55486691,92733385,0,Alakazam,cc38cb450b86770a,9,1072,Powerful Hand,743,Alakazam,648,Marnie's Grimmsnarl ex,320,320,2,4,4,1,0,320,0,0
v22_d,55486691,92741712,0,other: Brambleghast,21846ab63620dc55,2,215,Flower Shower,164,Comfey,646,Marnie's Impidimp,70,70,0,4,2,1,0,70,0,0
v22_d,55486691,92741712,0,other: Brambleghast,21846ab63620dc55,2,215,Flower Shower,164,Comfey,646,Marnie's Impidimp,70,70,0,3,2,1,0,70,0,0
v22_d,55486691,92741712,0,other: Brambleghast,21846ab63620dc55,4,215,Flower Shower,164,Comfey,646,Marnie's Impidimp,70,70,0,3,3,1,0,70,0,0
v22_d,55486691,92741712,0,other: Brambleghast,21846ab63620dc55,6,215,Flower Shower,164,Comfey,647,Marnie's Morgrem,100,100,2,7,5,1,0,100,0,0
v22_d,55486691,92741712,0,other: Brambleghast,21846ab63620dc55,6,215,Flower Shower,164,Comfey,647,Marnie's Morgrem,100,100,2,7,5,1,0,100,0,0
v22_d,55486691,92741712,0,other: Brambleghast,21846ab63620dc55,6,215,Flower Shower,164,Comfey,647,Marnie's Morgrem,100,100,2,7,5,1,0,100,0,0
v22_d,55486691,92741712,0,other: Brambleghast,21846ab63620dc55,6,215,Flower Shower,164,Comfey,647,Marnie's Morgrem,100,100,2,7,5,1,0,100,0,0
v22_d,55486691,92741712,0,other: Brambleghast,21846ab63620dc55,8,215,Flower Shower,164,Comfey,648,Marnie's Grimmsnarl ex,310,320,2,11,5,1,0,320,-10,0
v22_d,55486691,92741712,0,other: Brambleghast,21846ab63620dc55,8,215,Flower Shower,164,Comfey,648,Marnie's Grimmsnarl ex,310,320,2,11,5,1,0,320,-10,0
v22_d,55486691,92741712,0,other: Brambleghast,21846ab63620dc55,8,215,Flower Shower,164,Comfey,648,Marnie's Grimmsnarl ex,310,320,2,11,5,1,0,300,10,0
v22_d,55486691,92741712,0,other: Brambleghast,21846ab63620dc55,10,215,Flower Shower,164,Comfey,648,Marnie's Grimmsnarl ex,310,320,2,15,5,1,0,320,-10,0
v22_d,55486691,92741712,0,other: Brambleghast,21846ab63620dc55,10,215,Flower Shower,164,Comfey,648,Marnie's Grimmsnarl ex,310,320,2,15,5,1,0,300,10,0
v22_d,55486691,92741712,0,other: Brambleghast,21846ab63620dc55,10,215,Flower Shower,164,Comfey,648,Marnie's Grimmsnarl ex,310,320,2,15,5,1,0,300,10,0
v22_d,55486691,92741712,0,other: Brambleghast,21846ab63620dc55,12,215,Flower Shower,164,Comfey,648,Marnie's Grimmsnarl ex,290,320,1,20,5,1,0,300,-10,0
v22_d,55486691,92742303,0,Grimmsnarl (mirror),9714ab5c3996f6cc,10,937,Shadow Bullet,648,Marnie's Grimmsnarl ex,648,Marnie's Grimmsnarl ex,310,320,2,2,4,2,0,320,-10,0
v22_d,55486691,92742303,0,Grimmsnarl (mirror),9714ab5c3996f6cc,12,937,Shadow Bullet,648,Marnie's Grimmsnarl ex,648,Marnie's Grimmsnarl ex,310,320,2,9,5,2,0,310,0,0
v22_d,55486691,92742303,0,Grimmsnarl (mirror),9714ab5c3996f6cc,14,937,Shadow Bullet,648,Marnie's Grimmsnarl ex,648,Marnie's Grimmsnarl ex,110,320,2,9,5,3,0,120,-10,0
v22_d,55486691,92742303,0,Grimmsnarl (mirror),9714ab5c3996f6cc,14,937,Shadow Bullet,648,Marnie's Grimmsnarl ex,648,Marnie's Grimmsnarl ex,110,320,2,9,5,3,0,120,-10,0
v22_d,55486691,92742303,0,Grimmsnarl (mirror),9714ab5c3996f6cc,14,937,Shadow Bullet,648,Marnie's Grimmsnarl ex,648,Marnie's Grimmsnarl ex,110,320,2,9,5,2,0,120,-10,0
v22_d,55486691,92744490,1,other: Fezandipiti ex,d6c1c4c446b3ec30,10,115,Do the Wave,93,Dipplin,648,Marnie's Grimmsnarl ex,310,320,2,11,5,1,1,310,0,0
v22_d,55486691,92744490,1,other: Fezandipiti ex,d6c1c4c446b3ec30,10,115,Do the Wave,93,Dipplin,648,Marnie's Grimmsnarl ex,310,320,2,11,5,1,1,310,0,0
v22_d,55486691,92744490,1,other: Fezandipiti ex,d6c1c4c446b3ec30,10,115,Do the Wave,93,Dipplin,648,Marnie's Grimmsnarl ex,190,320,2,11,5,1,1,60,130,0
v22_d,55486691,92744490,1,other: Fezandipiti ex,d6c1c4c446b3ec30,10,115,Do the Wave,93,Dipplin,648,Marnie's Grimmsnarl ex,190,320,2,11,5,1,1,60,130,0
v22_d,55486691,92751777,1,Mega Lopunny / Froslass,504b91f7a078d9b5,5,1225,Gale Thrust,849,Mega Lopunny ex,648,Marnie's Grimmsnarl ex,320,320,2,4,5,1,0,320,0,0
v22_d,55486691,92751777,1,Mega Lopunny / Froslass,504b91f7a078d9b5,7,1225,Gale Thrust,849,Mega Lopunny ex,648,Marnie's Grimmsnarl ex,320,320,2,3,5,1,0,320,0,0
v22_d,55486691,92751777,1,Mega Lopunny / Froslass,504b91f7a078d9b5,11,1225,Gale Thrust,849,Mega Lopunny ex,648,Marnie's Grimmsnarl ex,320,320,2,7,4,1,0,320,0,0
v22_d,55486691,92760160,0,other: Team Rocket's Mewtwo ex,b15643af0442e0bc,4,559,Take Down,400,Team Rocket's Tarountula,648,Marnie's Grimmsnarl ex,320,320,2,7,2,1,1,320,0,0
v22_d,55486691,92760160,0,other: Team Rocket's Mewtwo ex,b15643af0442e0bc,4,560,Rocket Rush,401,Team Rocket's Spidops,648,Marnie's Grimmsnarl ex,320,320,2,7,2,2,2,320,0,0
v22_d,55486691,92760160,0,other: Team Rocket's Mewtwo ex,b15643af0442e0bc,4,560,Rocket Rush,401,Team Rocket's Spidops,648,Marnie's Grimmsnarl ex,320,320,2,7,2,2,2,320,0,0
v22_d,55486691,92760160,0,other: Team Rocket's Mewtwo ex,b15643af0442e0bc,4,560,Rocket Rush,401,Team Rocket's Spidops,648,Marnie's Grimmsnarl ex,320,320,2,7,2,2,2,20,300,0
v22_d,55486691,92760160,0,other: Team Rocket's Mewtwo ex,b15643af0442e0bc,4,560,Rocket Rush,401,Team Rocket's Spidops,648,Marnie's Grimmsnarl ex,320,320,2,7,2,2,2,20,300,0
v22_d,55486691,92760160,0,other: Team Rocket's Mewtwo ex,b15643af0442e0bc,6,560,Rocket Rush,401,Team Rocket's Spidops,648,Marnie's Grimmsnarl ex,10,320,3,5,2,2,4,20,-10,0
v22_d,55486691,92768436,1,Kangaskhan / Crustle,1eda048ea3581634,4,478,Ascension,344,Dwebble,646,Marnie's Impidimp,70,70,1,5,5,1,0,70,0,0
v22_d,55486691,92768436,1,Kangaskhan / Crustle,1eda048ea3581634,4,478,Ascension,344,Dwebble,646,Marnie's Impidimp,70,70,1,5,5,1,0,70,0,0
v22_d,55486691,92774872,0,Alakazam,cc38cb450b86770a,3,1072,Powerful Hand,743,Alakazam,112,Munkidori,110,110,1,6,2,1,0,110,0,0
v22_d,55486691,92774872,0,Alakazam,cc38cb450b86770a,5,1072,Powerful Hand,743,Alakazam,648,Marnie's Grimmsnarl ex,310,320,2,4,5,1,0,310,0,0
v22_d,55486691,92774872,0,Alakazam,cc38cb450b86770a,7,1072,Powerful Hand,743,Alakazam,104,Froslass,90,90,0,3,5,1,0,,,1
v22_d,55486691,92781439,0,Grimmsnarl (mirror),9714ab5c3996f6cc,4,937,Shadow Bullet,648,Marnie's Grimmsnarl ex,648,Marnie's Grimmsnarl ex,320,320,2,9,2,2,0,320,0,0
v22_d,55486691,92781439,0,Grimmsnarl (mirror),9714ab5c3996f6cc,6,937,Shadow Bullet,648,Marnie's Grimmsnarl ex,648,Marnie's Grimmsnarl ex,320,320,2,7,3,2,0,320,0,0
v22_d,55486691,92781439,0,Grimmsnarl (mirror),9714ab5c3996f6cc,6,937,Shadow Bullet,648,Marnie's Grimmsnarl ex,648,Marnie's Grimmsnarl ex,320,320,2,7,3,2,0,320,0,0
v22_d,55486691,92781439,0,Grimmsnarl (mirror),9714ab5c3996f6cc,6,937,Shadow Bullet,648,Marnie's Grimmsnarl ex,648,Marnie's Grimmsnarl ex,320,320,2,7,3,2,0,320,0,0
v22_d,55486691,92781439,0,Grimmsnarl (mirror),9714ab5c3996f6cc,8,937,Shadow Bullet,648,Marnie's Grimmsnarl ex,648,Marnie's Grimmsnarl ex,290,320,2,5,4,2,0,290,0,0
v22_d,55486691,92781439,0,Grimmsnarl (mirror),9714ab5c3996f6cc,10,937,Shadow Bullet,648,Marnie's Grimmsnarl ex,648,Marnie's Grimmsnarl ex,140,320,2,7,2,2,0,140,0,0
v22_d,55486691,92791598,1,Grimmsnarl (mirror),9714ab5c3996f6cc,6,937,Shadow Bullet,648,Marnie's Grimmsnarl ex,648,Marnie's Grimmsnarl ex,320,320,2,8,5,2,0,320,0,0
v22_d,55486691,92791598,1,Grimmsnarl (mirror),9714ab5c3996f6cc,6,937,Shadow Bullet,648,Marnie's Grimmsnarl ex,648,Marnie's Grimmsnarl ex,320,320,2,8,5,2,0,320,0,0
v22_d,55486691,92791598,1,Grimmsnarl (mirror),9714ab5c3996f6cc,8,937,Shadow Bullet,648,Marnie's Grimmsnarl ex,648,Marnie's Grimmsnarl ex,200,320,2,8,5,2,0,200,0,0
v22_d,55486691,92791598,1,Grimmsnarl (mirror),9714ab5c3996f6cc,10,937,Shadow Bullet,648,Marnie's Grimmsnarl ex,648,Marnie's Grimmsnarl ex,50,320,2,9,5,2,0,50,0,0
v22_d,55486691,92791598,1,Grimmsnarl (mirror),9714ab5c3996f6cc,12,937,Shadow Bullet,648,Marnie's Grimmsnarl ex,648,Marnie's Grimmsnarl ex,320,320,2,9,5,2,0,320,0,0
v22_d,55486691,92793178,1,Grimmsnarl (mirror),9714ab5c3996f6cc,8,937,Shadow Bullet,648,Marnie's Grimmsnarl ex,648,Marnie's Grimmsnarl ex,180,320,2,4,5,2,0,190,-10,0
v22_d,55486691,92793178,1,Grimmsnarl (mirror),9714ab5c3996f6cc,10,937,Shadow Bullet,648,Marnie's Grimmsnarl ex,646,Marnie's Impidimp,70,70,0,6,5,2,0,70,0,0
v22_d,55486691,92804419,1,Kangaskhan / Crustle,d8e9c2a36e0e4dea,5,479,Superb Scissors,345,Crustle,648,Marnie's Grimmsnarl ex,320,320,2,3,3,3,1,320,0,0
v22_d,55486691,92804419,1,Kangaskhan / Crustle,d8e9c2a36e0e4dea,5,479,Superb Scissors,345,Crustle,648,Marnie's Grimmsnarl ex,320,320,2,3,3,3,1,320,0,0
v22_d,55486691,92804419,1,Kangaskhan / Crustle,d8e9c2a36e0e4dea,7,479,Superb Scissors,345,Crustle,648,Marnie's Grimmsnarl ex,320,320,2,4,3,3,1,320,0,0
v22_d,55486691,92804419,1,Kangaskhan / Crustle,d8e9c2a36e0e4dea,9,479,Superb Scissors,345,Crustle,104,Froslass,90,90,0,4,5,3,1,,,1
v22_d,55486691,92804419,1,Kangaskhan / Crustle,d8e9c2a36e0e4dea,13,479,Superb Scissors,345,Crustle,648,Marnie's Grimmsnarl ex,310,320,2,9,5,3,2,310,0,0
v22_d,55486691,92804419,1,Kangaskhan / Crustle,d8e9c2a36e0e4dea,13,479,Superb Scissors,345,Crustle,648,Marnie's Grimmsnarl ex,310,320,2,9,5,3,2,310,0,0
v22_d,55486691,92804419,1,Kangaskhan / Crustle,d8e9c2a36e0e4dea,15,479,Superb Scissors,345,Crustle,648,Marnie's Grimmsnarl ex,310,320,2,9,5,3,2,310,0,0
v22_d,55486691,92804419,1,Kangaskhan / Crustle,d8e9c2a36e0e4dea,15,479,Superb Scissors,345,Crustle,648,Marnie's Grimmsnarl ex,310,320,2,9,5,3,2,310,0,0
v22_d,55486691,92804419,1,Kangaskhan / Crustle,d8e9c2a36e0e4dea,17,479,Superb Scissors,345,Crustle,648,Marnie's Grimmsnarl ex,80,320,2,6,5,4,1,80,0,0
v22_d,55486691,92815623,1,Mega Lucario,05f854e1b3b3ba0f,7,982,Aura Jab,678,Mega Lucario ex,648,Marnie's Grimmsnarl ex,310,320,2,3,5,2,0,310,0,0
v22_d,55486691,92815623,1,Mega Lucario,05f854e1b3b3ba0f,9,982,Aura Jab,678,Mega Lucario ex,648,Marnie's Grimmsnarl ex,320,320,2,4,4,2,0,320,0,0
v22_d,55486691,92815623,1,Mega Lucario,05f854e1b3b3ba0f,9,983,Mega Brave,678,Mega Lucario ex,648,Marnie's Grimmsnarl ex,320,320,2,4,4,2,0,320,0,0
v22_d,55486691,92815623,1,Mega Lucario,05f854e1b3b3ba0f,11,978,Wild Press,674,Hariyama,648,Marnie's Grimmsnarl ex,320,320,2,7,5,3,0,320,0,0
v22_d,55486691,92815623,1,Mega Lucario,05f854e1b3b3ba0f,11,978,Wild Press,674,Hariyama,648,Marnie's Grimmsnarl ex,320,320,2,7,5,3,0,320,0,0
v22_d,55486691,92815623,1,Mega Lucario,05f854e1b3b3ba0f,11,978,Wild Press,674,Hariyama,648,Marnie's Grimmsnarl ex,320,320,2,7,5,3,0,320,0,0
v22_d,55486691,92815623,1,Mega Lucario,05f854e1b3b3ba0f,11,978,Wild Press,674,Hariyama,648,Marnie's Grimmsnarl ex,320,320,2,7,5,3,0,320,0,0
v22_d,55486691,92816675,0,Mega Lopunny / Froslass,592ba6d36c438f88,2,208,Jolting Charge,160,Joltik,646,Marnie's Impidimp,70,70,0,4,3,1,0,70,0,0
v23,55485982,92681772,0,Grimmsnarl (mirror),9714ab5c3996f6cc,6,937,Shadow Bullet,648,Marnie's Grimmsnarl ex,648,Marnie's Grimmsnarl ex,320,320,2,3,4,2,0,320,0,0
v23,55485982,92681772,0,Grimmsnarl (mirror),9714ab5c3996f6cc,6,937,Shadow Bullet,648,Marnie's Grimmsnarl ex,648,Marnie's Grimmsnarl ex,320,320,2,2,4,2,0,320,0,0
v23,55485982,92681772,0,Grimmsnarl (mirror),9714ab5c3996f6cc,8,937,Shadow Bullet,648,Marnie's Grimmsnarl ex,648,Marnie's Grimmsnarl ex,140,320,2,5,5,2,0,140,0,0
v23,55485982,92681772,0,Grimmsnarl (mirror),9714ab5c3996f6cc,8,937,Shadow Bullet,648,Marnie's Grimmsnarl ex,648,Marnie's Grimmsnarl ex,140,320,2,5,5,2,0,140,0,0
v23,55485982,92681772,0,Grimmsnarl (mirror),9714ab5c3996f6cc,10,937,Shadow Bullet,648,Marnie's Grimmsnarl ex,648,Marnie's Grimmsnarl ex,320,320,2,4,3,2,0,320,0,0
v23,55485982,92682804,1,Ogerpon,0dede7cb8026e473,4,120,Myriad Leaf Shower,96,Teal Mask Ogerpon ex,648,Marnie's Grimmsnarl ex,310,320,2,4,3,3,3,320,-10,0
v23,55485982,92682804,1,Ogerpon,0dede7cb8026e473,4,120,Myriad Leaf Shower,96,Teal Mask Ogerpon ex,648,Marnie's Grimmsnarl ex,310,320,2,4,3,4,4,320,-10,0
v23,55485982,92682804,1,Ogerpon,0dede7cb8026e473,4,120,Myriad Leaf Shower,96,Teal Mask Ogerpon ex,104,Froslass,90,90,0,4,3,4,4,,,1
v23,55485982,92683766,1,other: Team Rocket's Porygon-Z,f45b4bbd6ade3aaa,2,652,Deceit,463,Team Rocket's Murkrow,646,Marnie's Impidimp,70,70,0,4,3,2,0,70,0,0
v23,55485982,92683766,1,other: Team Rocket's Porygon-Z,f45b4bbd6ade3aaa,2,935,Corkscrew Punch,463,Team Rocket's Murkrow,646,Marnie's Impidimp,40,70,0,4,3,2,0,40,0,0
v23,55485982,92683766,1,other: Team Rocket's Porygon-Z,f45b4bbd6ade3aaa,2,934,Filch,463,Team Rocket's Murkrow,646,Marnie's Impidimp,40,70,0,4,3,2,0,40,0,0
v23,55485982,92684686,0,Ogerpon,97df7a2a423da1d8,3,120,Myriad Leaf Shower,96,Teal Mask Ogerpon ex,112,Munkidori,110,110,0,4,3,3,4,110,0,0
v23,55485982,92684686,0,Ogerpon,97df7a2a423da1d8,5,120,Myriad Leaf Shower,96,Teal Mask Ogerpon ex,646,Marnie's Impidimp,70,70,0,3,3,4,5,70,0,0
v23,55485982,92684686,0,Ogerpon,97df7a2a423da1d8,7,120,Myriad Leaf Shower,96,Teal Mask Ogerpon ex,648,Marnie's Grimmsnarl ex,320,320,2,4,4,6,8,320,0,0
v23,55485982,92684686,0,Ogerpon,97df7a2a423da1d8,7,120,Myriad Leaf Shower,96,Teal Mask Ogerpon ex,648,Marnie's Grimmsnarl ex,320,320,2,4,4,7,10,320,0,0
v23,55485982,92684686,0,Ogerpon,97df7a2a423da1d8,7,120,Myriad Leaf Shower,96,Teal Mask Ogerpon ex,648,Marnie's Grimmsnarl ex,320,320,2,4,4,7,10,320,0,0
v23,55485982,92684686,0,Ogerpon,97df7a2a423da1d8,9,120,Myriad Leaf Shower,96,Teal Mask Ogerpon ex,647,Marnie's Morgrem,100,100,0,6,5,8,11,100,0,0
v23,55485982,92684686,0,Ogerpon,97df7a2a423da1d8,9,120,Myriad Leaf Shower,96,Teal Mask Ogerpon ex,647,Marnie's Morgrem,100,100,0,6,5,9,14,100,0,0
v23,55485982,92684686,0,Ogerpon,97df7a2a423da1d8,9,120,Myriad Leaf Shower,96,Teal Mask Ogerpon ex,647,Marnie's Morgrem,100,100,0,6,5,9,15,100,0,0
v23,55485982,92684686,0,Ogerpon,97df7a2a423da1d8,11,120,Myriad Leaf Shower,96,Teal Mask Ogerpon ex,112,Munkidori,140,140,1,5,5,10,18,140,0,0
v23,55485982,92684686,0,Ogerpon,97df7a2a423da1d8,11,120,Myriad Leaf Shower,96,Teal Mask Ogerpon ex,860,Snorunt,100,100,0,5,5,10,18,,,1
v23,55485982,92685646,0,other: Hydrapple ex,15a06bda3357d295,4,195,Syrup Storm,150,Hydrapple ex,112,Munkidori,110,110,0,6,1,3,5,110,0,0
v23,55485982,92685646,0,other: Hydrapple ex,15a06bda3357d295,6,195,Syrup Storm,150,Hydrapple ex,648,Marnie's Grimmsnarl ex,320,320,2,4,5,3,6,320,0,0
v23,55485982,92685646,0,other: Hydrapple ex,15a06bda3357d295,8,120,Myriad Leaf Shower,96,Teal Mask Ogerpon ex,648,Marnie's Grimmsnarl ex,320,320,2,4,5,4,4,320,0,0
v23,55485982,92686593,0,Alakazam,cc38cb450b86770a,10,1072,Powerful Hand,743,Alakazam,646,Marnie's Impidimp,70,70,0,3,4,1,0,70,0,0
v23,55485982,92686593,0,Alakazam,cc38cb450b86770a,12,1072,Powerful Hand,743,Alakazam,648,Marnie's Grimmsnarl ex,300,320,2,4,3,1,0,320,-20,0
v23,55485982,92687515,1,Grimmsnarl (mirror),21c3f20980827cb2,6,937,Shadow Bullet,648,Marnie's Grimmsnarl ex,648,Marnie's Grimmsnarl ex,200,320,2,6,4,5,0,200,0,0
v23,55485982,92687515,1,Grimmsnarl (mirror),21c3f20980827cb2,6,937,Shadow Bullet,648,Marnie's Grimmsnarl ex,648,Marnie's Grimmsnarl ex,200,320,2,2,4,5,0,200,0,0
v23,55485982,92687515,1,Grimmsnarl (mirror),21c3f20980827cb2,6,937,Shadow Bullet,648,Marnie's Grimmsnarl ex,648,Marnie's Grimmsnarl ex,200,320,2,2,4,5,0,200,0,0
v23,55485982,92687515,1,Grimmsnarl (mirror),21c3f20980827cb2,8,937,Shadow Bullet,648,Marnie's Grimmsnarl ex,648,Marnie's Grimmsnarl ex,50,320,1,3,3,5,0,50,0,0
v23,55485982,92687515,1,Grimmsnarl (mirror),21c3f20980827cb2,10,937,Shadow Bullet,648,Marnie's Grimmsnarl ex,648,Marnie's Grimmsnarl ex,320,320,1,6,2,2,0,320,0,0
v23,55485982,92687515,1,Grimmsnarl (mirror),21c3f20980827cb2,12,937,Shadow Bullet,648,Marnie's Grimmsnarl ex,648,Marnie's Grimmsnarl ex,320,320,2,5,3,2,0,320,0,0
v23,55485982,92689447,1,Alakazam,7fa65817cc79c36c,2,1070,Teleportation Attack,741,Abra,112,Munkidori,110,110,0,4,2,1,0,110,0,0
v23,55485982,92689447,1,Alakazam,7fa65817cc79c36c,2,1070,Teleportation Attack,741,Abra,112,Munkidori,110,110,0,4,2,1,0,110,0,0
v23,55485982,92689447,1,Alakazam,7fa65817cc79c36c,4,1070,Teleportation Attack,741,Abra,648,Marnie's Grimmsnarl ex,320,320,2,8,4,1,0,320,0,0
v23,55485982,92689447,1,Alakazam,7fa65817cc79c36c,4,1070,Teleportation Attack,741,Abra,648,Marnie's Grimmsnarl ex,320,320,2,8,4,1,0,320,0,0
v23,55485982,92689447,1,Alakazam,7fa65817cc79c36c,4,1070,Teleportation Attack,741,Abra,648,Marnie's Grimmsnarl ex,320,320,2,8,4,1,0,320,0,0
v23,55485982,92689447,1,Alakazam,7fa65817cc79c36c,4,1071,Super Psy Bolt,742,Kadabra,648,Marnie's Grimmsnarl ex,320,320,2,3,4,1,0,290,30,0
v23,55485982,92689447,1,Alakazam,7fa65817cc79c36c,6,1072,Powerful Hand,743,Alakazam,648,Marnie's Grimmsnarl ex,320,320,2,2,5,1,0,60,260,0
v23,55485982,92689447,1,Alakazam,7fa65817cc79c36c,8,1072,Powerful Hand,743,Alakazam,648,Marnie's Grimmsnarl ex,110,320,2,2,5,1,0,120,-10,0
v23,55485982,92689447,1,Alakazam,7fa65817cc79c36c,8,1072,Powerful Hand,743,Alakazam,648,Marnie's Grimmsnarl ex,110,320,2,2,5,1,0,120,-10,0
v23,55485982,92689447,1,Alakazam,7fa65817cc79c36c,12,1072,Powerful Hand,743,Alakazam,648,Marnie's Grimmsnarl ex,310,320,3,3,5,1,0,140,170,0
v23,55485982,92689447,1,Alakazam,7fa65817cc79c36c,12,1072,Powerful Hand,743,Alakazam,648,Marnie's Grimmsnarl ex,310,320,3,3,5,1,0,140,170,0
v23,55485982,92690395,1,Grimmsnarl (mirror),9714ab5c3996f6cc,10,937,Shadow Bullet,648,Marnie's Grimmsnarl ex,648,Marnie's Grimmsnarl ex,320,320,2,12,5,2,0,320,0,0
v24_a,55496021,92842355,1,Grimmsnarl (mirror),9714ab5c3996f6cc,8,937,Shadow Bullet,648,Marnie's Grimmsnarl ex,648,Marnie's Grimmsnarl ex,320,320,2,2,5,2,0,320,0,0
v24_a,55496021,92842355,1,Grimmsnarl (mirror),9714ab5c3996f6cc,12,937,Shadow Bullet,648,Marnie's Grimmsnarl ex,648,Marnie's Grimmsnarl ex,170,320,2,5,4,2,0,170,0,0
v24_a,55496021,92843368,1,Archaludon,e1b64b301444ef44,4,253,Metal Defender,190,Archaludon ex,648,Marnie's Grimmsnarl ex,320,320,2,8,4,3,0,100,220,0
v24_a,55496021,92843368,1,Archaludon,e1b64b301444ef44,4,253,Metal Defender,190,Archaludon ex,648,Marnie's Grimmsnarl ex,320,320,2,8,4,3,0,100,220,0
v24_a,55496021,92843368,1,Archaludon,e1b64b301444ef44,6,253,Metal Defender,190,Archaludon ex,648,Marnie's Grimmsnarl ex,100,320,4,6,4,3,0,100,0,0
v24_a,55496021,92843368,1,Archaludon,e1b64b301444ef44,10,253,Metal Defender,190,Archaludon ex,648,Marnie's Grimmsnarl ex,320,320,2,7,4,3,0,100,220,0
v24_a,55496021,92843368,1,Archaludon,e1b64b301444ef44,12,253,Metal Defender,190,Archaludon ex,648,Marnie's Grimmsnarl ex,320,320,2,7,4,3,0,100,220,0
v24_a,55496021,92843368,1,Archaludon,e1b64b301444ef44,14,253,Metal Defender,190,Archaludon ex,648,Marnie's Grimmsnarl ex,130,320,2,8,4,3,0,130,0,0
v24_a,55496021,92844298,1,other: Iono’s Bellibolt ex,282504e445a4d4fc,4,369,Quick Attack,270,Iono’s Wattrel,648,Marnie's Grimmsnarl ex,320,320,2,6,2,1,0,290,30,0
v24_a,55496021,92845249,0,Alakazam,cc38cb450b86770a,4,1071,Super Psy Bolt,742,Kadabra,860,Snorunt,70,70,0,4,3,1,0,40,30,0
v24_a,55496021,92845249,0,Alakazam,cc38cb450b86770a,6,1072,Powerful Hand,743,Alakazam,648,Marnie's Grimmsnarl ex,320,320,2,5,5,1,0,320,0,0
v24_a,55496021,92845249,0,Alakazam,cc38cb450b86770a,8,1072,Powerful Hand,743,Alakazam,648,Marnie's Grimmsnarl ex,310,320,2,4,4,1,0,320,-10,0
v24_a,55496021,92845249,0,Alakazam,cc38cb450b86770a,10,1072,Powerful Hand,743,Alakazam,648,Marnie's Grimmsnarl ex,310,320,4,4,4,1,0,310,0,0
v24_a,55496021,92846191,1,Mega Lucario,d05bff224d40b9c6,3,981,Accelerating Stab,677,Riolu,646,Marnie's Impidimp,70,70,0,2,4,1,0,70,0,0
v24_a,55496021,92846191,1,Mega Lucario,d05bff224d40b9c6,3,982,Aura Jab,678,Mega Lucario ex,646,Marnie's Impidimp,70,70,0,2,4,2,0,0,70,1
v24_a,55496021,92846191,1,Mega Lucario,d05bff224d40b9c6,5,982,Aura Jab,678,Mega Lucario ex,112,Munkidori,100,110,1,1,5,1,0,100,0,0
v24_a,55496021,92846191,1,Mega Lucario,d05bff224d40b9c6,7,982,Aura Jab,678,Mega Lucario ex,646,Marnie's Impidimp,70,70,0,1,5,2,0,70,0,0
v24_a,55496021,92846191,1,Mega Lucario,d05bff224d40b9c6,7,982,Aura Jab,678,Mega Lucario ex,646,Marnie's Impidimp,70,70,0,1,5,2,0,0,70,1
v24_a,55496021,92846191,1,Mega Lucario,d05bff224d40b9c6,11,976,Corkscrew Punch,673,Makuhita,648,Marnie's Grimmsnarl ex,310,320,2,6,3,3,0,310,0,0
v24_a,55496021,92847133,1,Archaludon,2b6a7dd699d2b6a5,8,253,Metal Defender,190,Archaludon ex,648,Marnie's Grimmsnarl ex,310,320,2,4,5,3,0,320,-10,0
v24_a,55496021,92847133,1,Archaludon,2b6a7dd699d2b6a5,8,223,Hammer In,190,Archaludon ex,648,Marnie's Grimmsnarl ex,310,320,2,4,5,3,0,80,230,0
v24_a,55496021,92847133,1,Archaludon,2b6a7dd699d2b6a5,8,253,Metal Defender,190,Archaludon ex,648,Marnie's Grimmsnarl ex,310,320,2,4,5,3,0,80,230,0
v24_a,55496021,92847133,1,Archaludon,2b6a7dd699d2b6a5,12,253,Metal Defender,190,Archaludon ex,648,Marnie's Grimmsnarl ex,310,320,3,5,5,3,0,320,-10,0
v24_a,55496021,92847133,1,Archaludon,2b6a7dd699d2b6a5,12,253,Metal Defender,190,Archaludon ex,648,Marnie's Grimmsnarl ex,310,320,3,4,5,3,0,80,230,0
v24_a,55496021,92848072,0,other: Conkeldurr,4fdff1fffca38ea5,4,188,Trifrost,163,Slowking,648,Marnie's Grimmsnarl ex,320,320,3,4,4,2,0,320,0,0
v24_a,55496021,92849015,0,Grimmsnarl (mirror),9714ab5c3996f6cc,8,937,Shadow Bullet,648,Marnie's Grimmsnarl ex,648,Marnie's Grimmsnarl ex,170,320,2,2,5,2,0,170,0,0
v24_a,55496021,92849953,0,Archaludon,2b6a7dd699d2b6a5,4,253,Metal Defender,190,Archaludon ex,112,Munkidori,90,110,0,3,4,4,0,90,0,0
v24_a,55496021,92849953,0,Archaludon,2b6a7dd699d2b6a5,6,253,Metal Defender,190,Archaludon ex,648,Marnie's Grimmsnarl ex,310,320,2,2,5,4,0,310,0,0
v24_a,55496021,92849953,0,Archaludon,2b6a7dd699d2b6a5,8,965,Turbo Flare,666,Cinderace,648,Marnie's Grimmsnarl ex,100,320,2,3,5,1,0,100,0,0
v24_a,55496021,92849953,0,Archaludon,2b6a7dd699d2b6a5,10,253,Metal Defender,190,Archaludon ex,648,Marnie's Grimmsnarl ex,290,320,2,3,5,3,0,290,0,0
v24_a,55496021,92849953,0,Archaludon,2b6a7dd699d2b6a5,12,253,Metal Defender,190,Archaludon ex,648,Marnie's Grimmsnarl ex,110,320,2,5,5,3,0,120,-10,0
v24_a,55496021,92850905,1,Alakazam,a665414222aea434,3,1070,Teleportation Attack,741,Abra,112,Munkidori,110,110,1,5,5,1,0,110,0,0
v24_a,55496021,92850905,1,Alakazam,a665414222aea434,5,1072,Powerful Hand,743,Alakazam,648,Marnie's Grimmsnarl ex,300,320,2,2,5,1,0,300,0,0
v24_a,55496021,92850905,1,Alakazam,a665414222aea434,5,1072,Powerful Hand,743,Alakazam,648,Marnie's Grimmsnarl ex,300,320,2,2,5,1,0,300,0,0
v24_a,55496021,92850905,1,Alakazam,a665414222aea434,7,1072,Powerful Hand,743,Alakazam,648,Marnie's Grimmsnarl ex,100,320,2,3,5,1,0,100,0,0
v24_a,55496021,92851842,1,Alakazam,b481e15f7d60635b,10,1071,Super Psy Bolt,742,Kadabra,648,Marnie's Grimmsnarl ex,320,320,2,3,4,1,0,290,30,0
v24_a,55496021,92851842,1,Alakazam,b481e15f7d60635b,10,1071,Super Psy Bolt,742,Kadabra,648,Marnie's Grimmsnarl ex,320,320,2,3,4,1,0,290,30,0
v24_a,55496021,92851842,1,Alakazam,b481e15f7d60635b,12,1072,Powerful Hand,743,Alakazam,648,Marnie's Grimmsnarl ex,320,320,2,3,4,1,0,120,200,0
v24_a,55496021,92851842,1,Alakazam,b481e15f7d60635b,12,1072,Powerful Hand,743,Alakazam,648,Marnie's Grimmsnarl ex,320,320,2,3,4,1,0,120,200,0
v24_a,55496021,92852797,1,Mega Lopunny / Froslass,a7ee29914c1dce64,8,1225,Gale Thrust,849,Mega Lopunny ex,648,Marnie's Grimmsnarl ex,320,320,2,5,5,1,0,320,0,0
v24_a,55496021,92852797,1,Mega Lopunny / Froslass,a7ee29914c1dce64,8,1225,Gale Thrust,849,Mega Lopunny ex,648,Marnie's Grimmsnarl ex,320,320,2,5,5,1,0,320,0,0
v24_a,55496021,92852797,1,Mega Lopunny / Froslass,a7ee29914c1dce64,8,1240,Resentful Refrain,861,Mega Froslass ex,648,Marnie's Grimmsnarl ex,320,320,2,5,5,1,0,70,250,0
v24_a,55496021,92852797,1,Mega Lopunny / Froslass,a7ee29914c1dce64,10,1240,Resentful Refrain,861,Mega Froslass ex,648,Marnie's Grimmsnarl ex,320,320,2,7,5,1,0,320,0,0
v24_a,55496021,92853620,0,Alakazam,e452d606e1029229,5,1072,Powerful Hand,743,Alakazam,646,Marnie's Impidimp,70,70,1,3,4,1,0,70,0,0
v24_a,55496021,92853731,1,Grimmsnarl (mirror),9714ab5c3996f6cc,2,934,Filch,646,Marnie's Impidimp,646,Marnie's Impidimp,70,70,0,5,3,1,0,70,0,0
v24_a,55496021,92853731,1,Grimmsnarl (mirror),9714ab5c3996f6cc,2,934,Filch,646,Marnie's Impidimp,646,Marnie's Impidimp,70,70,0,5,3,1,0,70,0,0
v24_a,55496021,92853731,1,Grimmsnarl (mirror),9714ab5c3996f6cc,4,937,Shadow Bullet,648,Marnie's Grimmsnarl ex,648,Marnie's Grimmsnarl ex,320,320,2,8,5,2,0,320,0,0
v24_a,55496021,92853731,1,Grimmsnarl (mirror),9714ab5c3996f6cc,8,937,Shadow Bullet,648,Marnie's Grimmsnarl ex,648,Marnie's Grimmsnarl ex,200,320,2,2,5,2,0,200,0,0
v24_a,55496021,92853731,1,Grimmsnarl (mirror),9714ab5c3996f6cc,12,937,Shadow Bullet,648,Marnie's Grimmsnarl ex,860,Snorunt,70,70,0,5,5,2,0,0,70,1
v24_a,55496021,92853731,1,Grimmsnarl (mirror),9714ab5c3996f6cc,14,937,Shadow Bullet,648,Marnie's Grimmsnarl ex,648,Marnie's Grimmsnarl ex,320,320,2,7,5,2,0,320,0,0
v24_a,55496021,92854671,1,Alakazam,cc38cb450b86770a,4,1072,Powerful Hand,743,Alakazam,104,Froslass,90,90,0,4,5,1,0,90,0,0
v24_a,55496021,92854671,1,Alakazam,cc38cb450b86770a,4,1072,Powerful Hand,743,Alakazam,104,Froslass,90,90,0,4,5,1,0,,,1
v24_a,55496021,92854671,1,Alakazam,cc38cb450b86770a,6,1072,Powerful Hand,743,Alakazam,648,Marnie's Grimmsnarl ex,320,320,2,7,5,1,0,40,280,0
v24_a,55496021,92855612,1,Alakazam,a665414222aea434,5,1072,Powerful Hand,743,Alakazam,648,Marnie's Grimmsnarl ex,320,320,2,8,5,1,0,320,0,0
v24_a,55496021,92855612,1,Alakazam,a665414222aea434,5,1072,Powerful Hand,743,Alakazam,648,Marnie's Grimmsnarl ex,320,320,2,8,5,1,0,320,0,0
v24_a,55496021,92855612,1,Alakazam,a665414222aea434,7,1072,Powerful Hand,743,Alakazam,648,Marnie's Grimmsnarl ex,150,320,2,9,5,1,0,150,0,0
v24_a,55496021,92855612,1,Alakazam,a665414222aea434,9,1072,Powerful Hand,743,Alakazam,648,Marnie's Grimmsnarl ex,320,320,2,3,4,1,0,320,0,0
v24_a,55496021,92856547,0,Dipplin,3abc7a53c302142b,3,115,Do the Wave,93,Dipplin,112,Munkidori,110,110,0,4,3,1,2,110,0,0
v24_a,55496021,92856547,0,Dipplin,3abc7a53c302142b,5,115,Do the Wave,93,Dipplin,112,Munkidori,110,110,1,4,5,1,3,110,0,0
v24_a,55496021,92856547,0,Dipplin,3abc7a53c302142b,5,115,Do the Wave,93,Dipplin,112,Munkidori,110,110,1,4,5,1,3,10,100,0
v24_a,55496021,92856547,0,Dipplin,3abc7a53c302142b,5,115,Do the Wave,93,Dipplin,112,Munkidori,10,110,1,4,5,1,3,110,-100,0
v24_a,55496021,92857508,1,Grimmsnarl (mirror),9714ab5c3996f6cc,8,937,Shadow Bullet,648,Marnie's Grimmsnarl ex,648,Marnie's Grimmsnarl ex,180,320,2,5,5,2,0,190,-10,0
v24_a,55496021,92857508,1,Grimmsnarl (mirror),9714ab5c3996f6cc,10,937,Shadow Bullet,648,Marnie's Grimmsnarl ex,648,Marnie's Grimmsnarl ex,290,320,2,8,4,2,0,290,0,0
v24_a,55496021,92858442,0,Dragapult,8055443275c86105,6,323,Itchy Pollen,235,Budew,104,Froslass,90,90,0,2,4,0,0,80,10,0
v24_a,55496021,92858442,0,Dragapult,8055443275c86105,8,323,Itchy Pollen,235,Budew,104,Froslass,80,90,0,3,5,0,0,80,0,0
v24_a,55496021,92858442,0,Dragapult,8055443275c86105,8,323,Itchy Pollen,235,Budew,104,Froslass,80,90,0,3,5,0,0,70,10,0
v24_a,55496021,92858442,0,Dragapult,8055443275c86105,8,323,Itchy Pollen,235,Budew,104,Froslass,80,90,0,3,5,0,0,70,10,0
v24_a,55496021,92858442,0,Dragapult,8055443275c86105,10,154,Phantom Dive,121,Dragapult ex,648,Marnie's Grimmsnarl ex,270,320,2,4,5,2,0,280,-10,0
v24_a,55496021,92858442,0,Dragapult,8055443275c86105,12,154,Phantom Dive,121,Dragapult ex,648,Marnie's Grimmsnarl ex,50,320,2,3,3,2,0,60,-10,0
v24_a,55496021,92858442,0,Dragapult,8055443275c86105,14,154,Phantom Dive,121,Dragapult ex,648,Marnie's Grimmsnarl ex,290,320,2,3,2,2,0,300,-10,0
v24_a,55496021,92858442,0,Dragapult,8055443275c86105,14,153,Jet Headbutt,121,Dragapult ex,648,Marnie's Grimmsnarl ex,290,320,2,3,2,2,0,300,-10,0
v24_a,55496021,92859377,1,Grimmsnarl (mirror),c76ac05c2c741180,4,937,Shadow Bullet,648,Marnie's Grimmsnarl ex,112,Munkidori,110,110,0,7,5,2,0,110,0,0
v24_a,55496021,92859377,1,Grimmsnarl (mirror),c76ac05c2c741180,6,937,Shadow Bullet,648,Marnie's Grimmsnarl ex,648,Marnie's Grimmsnarl ex,320,320,2,8,5,2,0,320,0,0
v24_a,55496021,92859377,1,Grimmsnarl (mirror),c76ac05c2c741180,8,937,Shadow Bullet,648,Marnie's Grimmsnarl ex,648,Marnie's Grimmsnarl ex,320,320,2,10,5,2,0,320,0,0
v24_a,55496021,92859377,1,Grimmsnarl (mirror),c76ac05c2c741180,8,937,Shadow Bullet,648,Marnie's Grimmsnarl ex,648,Marnie's Grimmsnarl ex,320,320,2,10,5,2,0,320,0,0
v24_a,55496021,92859450,1,Grimmsnarl (mirror),9714ab5c3996f6cc,6,937,Shadow Bullet,648,Marnie's Grimmsnarl ex,648,Marnie's Grimmsnarl ex,120,320,2,1,4,2,0,130,-10,0
v24_a,55496021,92860320,1,Alakazam,cc38cb450b86770a,7,1072,Powerful Hand,743,Alakazam,646,Marnie's Impidimp,70,70,1,5,4,1,0,70,0,0
v24_a,55496021,92860320,1,Alakazam,cc38cb450b86770a,9,1072,Powerful Hand,743,Alakazam,648,Marnie's Grimmsnarl ex,310,320,2,9,5,1,0,310,0,0
v24_a,55496021,92860320,1,Alakazam,cc38cb450b86770a,11,1072,Powerful Hand,743,Alakazam,648,Marnie's Grimmsnarl ex,260,320,2,11,5,1,0,260,0,0
v24_a,55496021,92862177,1,Kangaskhan / Crustle,1eda048ea3581634,6,1092,Rapid-Fire Combo,756,Mega Kangaskhan ex,648,Marnie's Grimmsnarl ex,300,320,2,4,5,3,1,300,0,0
v24_a,55496021,92862177,1,Kangaskhan / Crustle,1eda048ea3581634,6,1092,Rapid-Fire Combo,756,Mega Kangaskhan ex,648,Marnie's Grimmsnarl ex,300,320,2,3,5,3,1,50,250,0
v24_a,55496021,92862177,1,Kangaskhan / Crustle,1eda048ea3581634,8,1092,Rapid-Fire Combo,756,Mega Kangaskhan ex,648,Marnie's Grimmsnarl ex,280,320,2,3,5,3,2,320,-40,0
v24_a,55496021,92862177,1,Kangaskhan / Crustle,1eda048ea3581634,8,1092,Rapid-Fire Combo,756,Mega Kangaskhan ex,648,Marnie's Grimmsnarl ex,280,320,2,3,5,3,2,320,-40,0
v24_a,55496021,92862177,1,Kangaskhan / Crustle,1eda048ea3581634,12,479,Superb Scissors,345,Crustle,648,Marnie's Grimmsnarl ex,280,320,2,4,5,3,2,40,240,0
v24_a,55496021,92862177,1,Kangaskhan / Crustle,1eda048ea3581634,12,479,Superb Scissors,345,Crustle,648,Marnie's Grimmsnarl ex,280,320,2,4,5,3,2,40,240,0
v24_a,55496021,92863103,1,Kangaskhan / Crustle,cf8fcd7f8faf7330,6,1092,Rapid-Fire Combo,756,Mega Kangaskhan ex,648,Marnie's Grimmsnarl ex,300,320,2,8,5,3,0,50,250,0
v24_a,55496021,92864033,0,Grimmsnarl (mirror),9714ab5c3996f6cc,6,937,Shadow Bullet,648,Marnie's Grimmsnarl ex,648,Marnie's Grimmsnarl ex,310,320,3,6,4,2,0,320,-10,0
v24_a,55496021,92864033,0,Grimmsnarl (mirror),9714ab5c3996f6cc,8,937,Shadow Bullet,648,Marnie's Grimmsnarl ex,648,Marnie's Grimmsnarl ex,290,320,2,10,5,2,0,300,-10,0
v24_a,55496021,92864033,0,Grimmsnarl (mirror),9714ab5c3996f6cc,8,937,Shadow Bullet,648,Marnie's Grimmsnarl ex,648,Marnie's Grimmsnarl ex,290,320,2,2,5,2,0,300,-10,0
v24_a,55496021,92865053,1,Mega Lucario,23d923034d22638b,3,980,Cosmic Beam,676,Solrock,646,Marnie's Impidimp,70,70,0,4,2,2,0,70,0,0
v24_a,55496021,92865053,1,Mega Lucario,23d923034d22638b,3,980,Cosmic Beam,676,Solrock,646,Marnie's Impidimp,70,70,0,4,2,2,0,70,0,0
v24_a,55496021,92865053,1,Mega Lucario,23d923034d22638b,5,980,Cosmic Beam,676,Solrock,646,Marnie's Impidimp,70,70,0,3,3,3,0,70,0,0
v24_a,55496021,92865053,1,Mega Lucario,23d923034d22638b,5,980,Cosmic Beam,676,Solrock,646,Marnie's Impidimp,70,70,0,3,3,3,0,70,0,0
v24_a,55496021,92865053,1,Mega Lucario,23d923034d22638b,7,981,Accelerating Stab,677,Riolu,648,Marnie's Grimmsnarl ex,320,320,2,3,3,1,0,320,0,0
v24_a,55496021,92865053,1,Mega Lucario,23d923034d22638b,7,981,Accelerating Stab,677,Riolu,648,Marnie's Grimmsnarl ex,320,320,2,3,3,1,0,320,0,0
v24_a,55496021,92865053,1,Mega Lucario,23d923034d22638b,9,980,Cosmic Beam,676,Solrock,648,Marnie's Grimmsnarl ex,320,320,2,5,3,1,0,320,0,0
v24_a,55496021,92865053,1,Mega Lucario,23d923034d22638b,9,980,Cosmic Beam,676,Solrock,648,Marnie's Grimmsnarl ex,320,320,2,5,3,1,0,320,0,0
v24_a,55496021,92865053,1,Mega Lucario,23d923034d22638b,11,976,Corkscrew Punch,673,Makuhita,648,Marnie's Grimmsnarl ex,320,320,2,6,5,1,0,320,0,0
v24_a,55496021,92865053,1,Mega Lucario,23d923034d22638b,11,976,Corkscrew Punch,673,Makuhita,648,Marnie's Grimmsnarl ex,320,320,2,6,5,1,0,320,0,0
v24_a,55496021,92865053,1,Mega Lucario,23d923034d22638b,11,976,Corkscrew Punch,673,Makuhita,648,Marnie's Grimmsnarl ex,320,320,2,6,5,1,0,320,0,0
v24_a,55496021,92865865,1,Archaludon,ebd4dbb270dce6a2,2,965,Turbo Flare,666,Cinderace,646,Marnie's Impidimp,70,70,0,4,5,1,0,70,0,0
v24_a,55496021,92865865,1,Archaludon,ebd4dbb270dce6a2,2,965,Turbo Flare,666,Cinderace,646,Marnie's Impidimp,70,70,0,4,5,1,0,70,0,0
v24_a,55496021,92865865,1,Archaludon,ebd4dbb270dce6a2,2,965,Turbo Flare,666,Cinderace,646,Marnie's Impidimp,70,70,0,4,5,1,0,70,0,0
v24_a,55496021,92865865,1,Archaludon,ebd4dbb270dce6a2,4,223,Hammer In,169,Duraludon,646,Marnie's Impidimp,50,70,1,6,5,3,0,50,0,0
v24_a,55496021,92865865,1,Archaludon,ebd4dbb270dce6a2,6,253,Metal Defender,190,Archaludon ex,648,Marnie's Grimmsnarl ex,300,320,2,6,5,3,0,300,0,0
v24_a,55496021,92865865,1,Archaludon,ebd4dbb270dce6a2,6,223,Hammer In,190,Archaludon ex,648,Marnie's Grimmsnarl ex,300,320,2,6,5,3,0,300,0,0
v24_a,55496021,92865865,1,Archaludon,ebd4dbb270dce6a2,6,253,Metal Defender,190,Archaludon ex,648,Marnie's Grimmsnarl ex,300,320,2,6,5,3,0,300,0,0
v24_a,55496021,92865865,1,Archaludon,ebd4dbb270dce6a2,8,253,Metal Defender,190,Archaludon ex,648,Marnie's Grimmsnarl ex,100,320,2,8,5,3,0,100,0,0
v24_a,55496021,92865865,1,Archaludon,ebd4dbb270dce6a2,8,253,Metal Defender,190,Archaludon ex,648,Marnie's Grimmsnarl ex,100,320,2,8,5,3,0,100,0,0
v24_a,55496021,92865865,1,Archaludon,ebd4dbb270dce6a2,10,253,Metal Defender,190,Archaludon ex,648,Marnie's Grimmsnarl ex,260,320,2,5,5,3,0,260,0,0
v24_a,55496021,92865865,1,Archaludon,ebd4dbb270dce6a2,10,253,Metal Defender,190,Archaludon ex,648,Marnie's Grimmsnarl ex,260,320,2,5,5,3,0,260,0,0
v24_a,55496021,92866787,1,Mega Lucario,05f854e1b3b3ba0f,2,980,Cosmic Beam,676,Solrock,646,Marnie's Impidimp,70,70,0,5,2,1,0,70,0,0
v24_a,55496021,92866787,1,Mega Lucario,05f854e1b3b3ba0f,4,980,Cosmic Beam,676,Solrock,647,Marnie's Morgrem,100,100,0,5,5,1,0,30,70,0
v24_a,55496021,92866787,1,Mega Lucario,05f854e1b3b3ba0f,4,980,Cosmic Beam,676,Solrock,647,Marnie's Morgrem,100,100,0,5,5,1,0,100,0,0
v24_a,55496021,92866787,1,Mega Lucario,05f854e1b3b3ba0f,6,982,Aura Jab,678,Mega Lucario ex,648,Marnie's Grimmsnarl ex,300,320,2,4,5,1,0,310,-10,0
v24_a,55496021,92866787,1,Mega Lucario,05f854e1b3b3ba0f,8,982,Aura Jab,678,Mega Lucario ex,648,Marnie's Grimmsnarl ex,150,320,2,4,5,2,0,160,-10,0
v24_a,55496021,92867716,1,Grimmsnarl (mirror),9714ab5c3996f6cc,4,937,Shadow Bullet,648,Marnie's Grimmsnarl ex,112,Munkidori,110,110,1,7,2,2,0,110,0,0
v24_a,55496021,92867716,1,Grimmsnarl (mirror),9714ab5c3996f6cc,8,937,Shadow Bullet,648,Marnie's Grimmsnarl ex,648,Marnie's Grimmsnarl ex,320,320,2,2,4,2,0,320,0,0
v24_a,55496021,92867716,1,Grimmsnarl (mirror),9714ab5c3996f6cc,8,937,Shadow Bullet,648,Marnie's Grimmsnarl ex,112,Munkidori,110,110,1,2,4,2,0,110,0,0
v24_a,55496021,92867716,1,Grimmsnarl (mirror),9714ab5c3996f6cc,8,937,Shadow Bullet,648,Marnie's Grimmsnarl ex,112,Munkidori,110,110,1,2,4,2,0,0,110,1
v24_a,55496021,92867716,1,Grimmsnarl (mirror),9714ab5c3996f6cc,10,936,Corkscrew Punch,647,Marnie's Morgrem,648,Marnie's Grimmsnarl ex,320,320,2,6,3,2,0,320,0,0
v24_a,55496021,92867716,1,Grimmsnarl (mirror),9714ab5c3996f6cc,10,936,Corkscrew Punch,647,Marnie's Morgrem,648,Marnie's Grimmsnarl ex,320,320,2,6,3,2,0,320,0,0
v24_a,55496021,92867716,1,Grimmsnarl (mirror),9714ab5c3996f6cc,10,936,Corkscrew Punch,647,Marnie's Morgrem,648,Marnie's Grimmsnarl ex,320,320,2,6,3,2,0,260,60,0
v24_a,55496021,92868517,1,Grimmsnarl (mirror),9714ab5c3996f6cc,8,937,Shadow Bullet,648,Marnie's Grimmsnarl ex,648,Marnie's Grimmsnarl ex,320,320,2,6,5,2,0,320,0,0
v24_a,55496021,92868517,1,Grimmsnarl (mirror),9714ab5c3996f6cc,10,937,Shadow Bullet,648,Marnie's Grimmsnarl ex,648,Marnie's Grimmsnarl ex,200,320,2,7,4,2,0,200,0,0
v24_a,55496021,92868517,1,Grimmsnarl (mirror),9714ab5c3996f6cc,12,937,Shadow Bullet,648,Marnie's Grimmsnarl ex,648,Marnie's Grimmsnarl ex,320,320,2,6,5,2,0,320,0,0
v24_a,55496021,92868660,0,Dragapult,492dfbc03b362c9f,7,153,Jet Headbutt,121,Dragapult ex,648,Marnie's Grimmsnarl ex,320,320,1,5,5,2,0,320,0,0
v24_a,55496021,92868660,0,Dragapult,492dfbc03b362c9f,9,153,Jet Headbutt,121,Dragapult ex,648,Marnie's Grimmsnarl ex,320,320,0,4,5,2,0,320,0,0
v24_a,55496021,92868660,0,Dragapult,492dfbc03b362c9f,9,153,Jet Headbutt,121,Dragapult ex,648,Marnie's Grimmsnarl ex,320,320,0,4,5,2,0,320,0,0
v24_a,55496021,92869617,0,Grimmsnarl (mirror),9714ab5c3996f6cc,2,934,Filch,646,Marnie's Impidimp,112,Munkidori,110,110,1,6,0,1,0,110,0,0
v24_a,55496021,92869617,0,Grimmsnarl (mirror),9714ab5c3996f6cc,2,934,Filch,646,Marnie's Impidimp,112,Munkidori,110,110,1,6,0,1,0,110,0,0
v24_a,55496021,92869617,0,Grimmsnarl (mirror),9714ab5c3996f6cc,4,934,Filch,646,Marnie's Impidimp,112,Munkidori,110,110,1,7,4,1,0,110,0,0
v24_a,55496021,92869617,0,Grimmsnarl (mirror),9714ab5c3996f6cc,4,935,Corkscrew Punch,646,Marnie's Impidimp,112,Munkidori,110,110,1,7,4,1,0,110,0,0
v24_a,55496021,92869617,0,Grimmsnarl (mirror),9714ab5c3996f6cc,8,937,Shadow Bullet,648,Marnie's Grimmsnarl ex,112,Munkidori,110,110,1,7,5,2,0,0,110,1
v24_a,55496021,92869617,0,Grimmsnarl (mirror),9714ab5c3996f6cc,12,937,Shadow Bullet,648,Marnie's Grimmsnarl ex,648,Marnie's Grimmsnarl ex,200,320,2,4,4,2,0,200,0,0
v24_a,55496021,92869617,0,Grimmsnarl (mirror),9714ab5c3996f6cc,14,937,Shadow Bullet,648,Marnie's Grimmsnarl ex,648,Marnie's Grimmsnarl ex,320,320,2,5,4,2,0,320,0,0
v24_a,55496021,92869617,0,Grimmsnarl (mirror),9714ab5c3996f6cc,16,937,Shadow Bullet,648,Marnie's Grimmsnarl ex,648,Marnie's Grimmsnarl ex,140,320,2,4,3,2,0,140,0,0
v24_a,55496021,92869617,0,Grimmsnarl (mirror),9714ab5c3996f6cc,16,937,Shadow Bullet,648,Marnie's Grimmsnarl ex,648,Marnie's Grimmsnarl ex,140,320,2,4,3,2,0,140,0,0
v24_a,55496021,92870558,0,Ogerpon,97df7a2a423da1d8,3,120,Myriad Leaf Shower,96,Teal Mask Ogerpon ex,112,Munkidori,110,110,0,6,3,3,6,110,0,0
v24_a,55496021,92870558,0,Ogerpon,97df7a2a423da1d8,5,120,Myriad Leaf Shower,96,Teal Mask Ogerpon ex,646,Marnie's Impidimp,70,70,0,3,4,4,8,70,0,0
v24_a,55496021,92870558,0,Ogerpon,97df7a2a423da1d8,7,120,Myriad Leaf Shower,96,Teal Mask Ogerpon ex,648,Marnie's Grimmsnarl ex,310,320,2,8,4,3,5,310,0,0
v24_a,55496021,92870558,0,Ogerpon,97df7a2a423da1d8,7,120,Myriad Leaf Shower,96,Teal Mask Ogerpon ex,648,Marnie's Grimmsnarl ex,310,320,2,8,4,3,7,310,0,0
v24_a,55496021,92870558,0,Ogerpon,97df7a2a423da1d8,9,120,Myriad Leaf Shower,96,Teal Mask Ogerpon ex,648,Marnie's Grimmsnarl ex,310,320,2,5,5,5,9,310,0,0
v24_a,55496021,92870558,0,Ogerpon,97df7a2a423da1d8,9,120,Myriad Leaf Shower,96,Teal Mask Ogerpon ex,648,Marnie's Grimmsnarl ex,310,320,2,3,5,5,11,320,-10,0
v24_a,55496021,92872419,0,Grimmsnarl (mirror),9714ab5c3996f6cc,2,934,Filch,646,Marnie's Impidimp,860,Snorunt,70,70,1,5,1,1,0,70,0,0
v24_a,55496021,92872419,0,Grimmsnarl (mirror),9714ab5c3996f6cc,8,937,Shadow Bullet,648,Marnie's Grimmsnarl ex,648,Marnie's Grimmsnarl ex,140,320,2,5,5,2,0,140,0,0
v24_a,55496021,92872419,0,Grimmsnarl (mirror),9714ab5c3996f6cc,8,937,Shadow Bullet,648,Marnie's Grimmsnarl ex,648,Marnie's Grimmsnarl ex,140,320,2,5,5,2,0,140,0,0
v24_a,55496021,92872419,0,Grimmsnarl (mirror),9714ab5c3996f6cc,12,937,Shadow Bullet,648,Marnie's Grimmsnarl ex,648,Marnie's Grimmsnarl ex,320,320,3,5,2,2,0,320,0,0
v24_a,55496021,92873281,1,Grimmsnarl (mirror),9714ab5c3996f6cc,6,937,Shadow Bullet,648,Marnie's Grimmsnarl ex,648,Marnie's Grimmsnarl ex,310,320,2,9,5,2,0,320,-10,0
v24_a,55496021,92873281,1,Grimmsnarl (mirror),9714ab5c3996f6cc,8,937,Shadow Bullet,648,Marnie's Grimmsnarl ex,648,Marnie's Grimmsnarl ex,110,320,2,9,5,2,0,120,-10,0
v24_a,55496021,92877873,1,Grimmsnarl (mirror),9714ab5c3996f6cc,6,937,Shadow Bullet,648,Marnie's Grimmsnarl ex,648,Marnie's Grimmsnarl ex,320,320,2,6,5,2,0,320,0,0
v24_a,55496021,92877873,1,Grimmsnarl (mirror),9714ab5c3996f6cc,6,937,Shadow Bullet,648,Marnie's Grimmsnarl ex,648,Marnie's Grimmsnarl ex,320,320,2,6,5,2,0,320,0,0
v24_a,55496021,92885531,1,Alakazam,cc38cb450b86770a,6,1072,Powerful Hand,743,Alakazam,104,Froslass,90,90,0,12,4,1,0,90,0,0
v24_a,55496021,92885531,1,Alakazam,cc38cb450b86770a,8,1072,Powerful Hand,743,Alakazam,648,Marnie's Grimmsnarl ex,320,320,2,12,4,1,0,320,0,0
v24_a,55496021,92885531,1,Alakazam,cc38cb450b86770a,8,1072,Powerful Hand,743,Alakazam,648,Marnie's Grimmsnarl ex,320,320,2,12,4,1,0,320,0,0
v24_a,55496021,92885531,1,Alakazam,cc38cb450b86770a,10,1072,Powerful Hand,743,Alakazam,648,Marnie's Grimmsnarl ex,310,320,2,10,4,1,0,320,-10,0
v24_b,55496665,92850726,0,Grimmsnarl (mirror),9714ab5c3996f6cc,8,937,Shadow Bullet,648,Marnie's Grimmsnarl ex,648,Marnie's Grimmsnarl ex,320,320,3,2,3,2,0,320,0,0
v24_b,55496665,92850726,0,Grimmsnarl (mirror),9714ab5c3996f6cc,10,937,Shadow Bullet,648,Marnie's Grimmsnarl ex,648,Marnie's Grimmsnarl ex,320,320,2,6,5,2,0,320,0,0
v24_b,55496665,92851732,1,Kangaskhan / Crustle,4717e5f31ba694d4,3,477,Smash Kick,343,Shaymin,646,Marnie's Impidimp,70,70,1,5,2,2,0,70,0,0
v24_b,55496665,92851732,1,Kangaskhan / Crustle,4717e5f31ba694d4,13,478,Ascension,344,Dwebble,648,Marnie's Grimmsnarl ex,310,320,2,10,5,1,1,310,0,0
v24_b,55496665,92851732,1,Kangaskhan / Crustle,4717e5f31ba694d4,13,478,Ascension,344,Dwebble,648,Marnie's Grimmsnarl ex,310,320,2,10,5,1,1,310,0,0
v24_b,55496665,92852696,0,Alakazam,13488ef887ec172c,3,1072,Powerful Hand,743,Alakazam,646,Marnie's Impidimp,70,70,0,3,3,1,0,70,0,0
v24_b,55496665,92852696,0,Alakazam,13488ef887ec172c,3,1072,Powerful Hand,743,Alakazam,646,Marnie's Impidimp,70,70,0,3,3,1,0,70,0,0
v24_b,55496665,92852696,0,Alakazam,13488ef887ec172c,5,1072,Powerful Hand,743,Alakazam,646,Marnie's Impidimp,70,70,0,1,4,1,0,70,0,0
v24_b,55496665,92852696,0,Alakazam,13488ef887ec172c,7,1072,Powerful Hand,743,Alakazam,648,Marnie's Grimmsnarl ex,320,320,2,3,3,1,0,320,0,0
v24_b,55496665,92852696,0,Alakazam,13488ef887ec172c,7,1072,Powerful Hand,743,Alakazam,648,Marnie's Grimmsnarl ex,320,320,2,3,3,1,0,320,0,0
v24_b,55496665,92853634,1,Mega Lopunny / Froslass,a7ee29914c1dce64,5,1225,Gale Thrust,849,Mega Lopunny ex,647,Marnie's Morgrem,100,100,0,3,4,2,0,100,0,0
v24_b,55496665,92853634,1,Mega Lopunny / Froslass,a7ee29914c1dce64,5,1225,Gale Thrust,849,Mega Lopunny ex,647,Marnie's Morgrem,100,100,0,3,4,2,0,100,0,0
v24_b,55496665,92853634,1,Mega Lopunny / Froslass,a7ee29914c1dce64,9,1226,Spiky Hopper,849,Mega Lopunny ex,648,Marnie's Grimmsnarl ex,320,320,2,3,5,2,0,320,0,0
v24_b,55496665,92853634,1,Mega Lopunny / Froslass,a7ee29914c1dce64,11,1225,Gale Thrust,849,Mega Lopunny ex,648,Marnie's Grimmsnarl ex,190,320,2,4,5,2,0,190,0,0
v24_b,55496665,92853634,1,Mega Lopunny / Froslass,a7ee29914c1dce64,13,1226,Spiky Hopper,849,Mega Lopunny ex,648,Marnie's Grimmsnarl ex,210,320,2,5,5,2,0,220,-10,0
v24_b,55496665,92853640,1,Mega Lucario,d05bff224d40b9c6,2,976,Corkscrew Punch,673,Makuhita,112,Munkidori,110,110,0,6,1,1,0,110,0,0
v24_b,55496665,92853640,1,Mega Lucario,d05bff224d40b9c6,4,980,Cosmic Beam,676,Solrock,648,Marnie's Grimmsnarl ex,320,320,2,5,4,1,0,250,70,0
v24_b,55496665,92853640,1,Mega Lucario,d05bff224d40b9c6,4,980,Cosmic Beam,676,Solrock,648,Marnie's Grimmsnarl ex,320,320,2,5,4,1,0,250,70,0
v24_b,55496665,92853640,1,Mega Lucario,d05bff224d40b9c6,6,981,Accelerating Stab,677,Riolu,648,Marnie's Grimmsnarl ex,270,320,2,5,5,1,0,280,-10,0
v24_b,55496665,92853640,1,Mega Lucario,d05bff224d40b9c6,6,981,Accelerating Stab,677,Riolu,648,Marnie's Grimmsnarl ex,270,320,2,5,5,1,0,280,-10,0
v24_b,55496665,92853640,1,Mega Lucario,d05bff224d40b9c6,8,982,Aura Jab,678,Mega Lucario ex,648,Marnie's Grimmsnarl ex,120,320,2,6,5,1,0,130,-10,0
v24_b,55496665,92853640,1,Mega Lucario,d05bff224d40b9c6,8,982,Aura Jab,678,Mega Lucario ex,648,Marnie's Grimmsnarl ex,120,320,2,6,5,1,0,130,-10,0
v24_b,55496665,92854587,1,Alakazam,a665414222aea434,3,1071,Super Psy Bolt,742,Kadabra,860,Snorunt,70,70,0,5,3,1,0,70,0,0
v24_b,55496665,92854587,1,Alakazam,a665414222aea434,5,1072,Powerful Hand,743,Alakazam,648,Marnie's Grimmsnarl ex,310,320,2,3,5,1,0,310,0,0
v24_b,55496665,92855517,1,Dragapult,8055443275c86105,2,323,Itchy Pollen,235,Budew,646,Marnie's Impidimp,70,70,0,4,4,0,0,70,0,0
v24_b,55496665,92855517,1,Dragapult,8055443275c86105,4,323,Itchy Pollen,235,Budew,646,Marnie's Impidimp,70,70,0,6,4,0,0,70,0,0
v24_b,55496665,92855517,1,Dragapult,8055443275c86105,4,323,Itchy Pollen,235,Budew,646,Marnie's Impidimp,70,70,0,6,4,0,0,70,0,0
v24_b,55496665,92855517,1,Dragapult,8055443275c86105,8,152,Dragon Headbutt,120,Drakloak,648,Marnie's Grimmsnarl ex,290,320,2,7,5,2,0,290,0,0
v24_b,55496665,92855517,1,Dragapult,8055443275c86105,10,153,Jet Headbutt,121,Dragapult ex,648,Marnie's Grimmsnarl ex,70,320,2,7,5,2,0,70,0,0
v24_b,55496665,92855517,1,Dragapult,8055443275c86105,12,323,Itchy Pollen,235,Budew,648,Marnie's Grimmsnarl ex,310,320,2,7,4,0,0,310,0,0
v24_b,55496665,92856451,1,other: Iono’s Bellibolt ex,282504e445a4d4fc,7,363,Voltaic Chain,265,Iono’s Voltorb,648,Marnie's Grimmsnarl ex,300,320,2,9,5,2,0,300,0,0
v24_b,55496665,92856451,1,other: Iono’s Bellibolt ex,282504e445a4d4fc,7,363,Voltaic Chain,265,Iono’s Voltorb,648,Marnie's Grimmsnarl ex,300,320,2,9,5,2,0,300,0,0
v24_b,55496665,92856451,1,other: Iono’s Bellibolt ex,282504e445a4d4fc,9,363,Voltaic Chain,265,Iono’s Voltorb,648,Marnie's Grimmsnarl ex,60,320,2,10,5,2,0,80,-20,0
v24_b,55496665,92857396,0,Grimmsnarl (mirror),9714ab5c3996f6cc,12,937,Shadow Bullet,648,Marnie's Grimmsnarl ex,648,Marnie's Grimmsnarl ex,290,320,4,1,3,2,0,300,-10,0
v24_b,55496665,92858322,0,Ogerpon,a0466e320701ca99,3,120,Myriad Leaf Shower,96,Teal Mask Ogerpon ex,646,Marnie's Impidimp,100,100,0,4,3,5,7,100,0,0
v24_b,55496665,92858322,0,Ogerpon,a0466e320701ca99,5,120,Myriad Leaf Shower,96,Teal Mask Ogerpon ex,647,Marnie's Morgrem,100,100,0,4,5,7,9,100,0,0
v24_b,55496665,92858322,0,Ogerpon,a0466e320701ca99,11,120,Myriad Leaf Shower,96,Teal Mask Ogerpon ex,648,Marnie's Grimmsnarl ex,300,320,2,9,5,3,4,320,-20,0
v24_b,55496665,92859440,1,Archaludon,2b6a7dd699d2b6a5,2,223,Hammer In,169,Duraludon,860,Snorunt,70,70,0,4,3,1,0,70,0,0
v24_b,55496665,92859440,1,Archaludon,2b6a7dd699d2b6a5,2,223,Hammer In,169,Duraludon,860,Snorunt,70,70,0,4,3,1,0,70,0,0
v24_b,55496665,92859440,1,Archaludon,2b6a7dd699d2b6a5,6,224,Raging Hammer,190,Archaludon ex,648,Marnie's Grimmsnarl ex,320,320,2,6,4,3,0,320,0,0
v24_b,55496665,92860189,1,Grimmsnarl (mirror),9714ab5c3996f6cc,2,934,Filch,646,Marnie's Impidimp,112,Munkidori,110,110,1,7,0,1,0,110,0,0
v24_b,55496665,92860189,1,Grimmsnarl (mirror),9714ab5c3996f6cc,2,934,Filch,646,Marnie's Impidimp,112,Munkidori,110,110,1,7,0,1,0,110,0,0
v24_b,55496665,92860189,1,Grimmsnarl (mirror),9714ab5c3996f6cc,6,937,Shadow Bullet,648,Marnie's Grimmsnarl ex,648,Marnie's Grimmsnarl ex,320,320,2,6,4,2,0,320,0,0
v24_b,55496665,92861120,1,Alakazam,cc38cb450b86770a,4,1070,Teleportation Attack,741,Abra,648,Marnie's Grimmsnarl ex,310,320,2,6,4,1,0,320,-10,0
v24_b,55496665,92861120,1,Alakazam,cc38cb450b86770a,4,1070,Teleportation Attack,741,Abra,648,Marnie's Grimmsnarl ex,310,320,2,6,4,1,0,320,-10,0
v24_b,55496665,92861120,1,Alakazam,cc38cb450b86770a,4,1071,Super Psy Bolt,742,Kadabra,648,Marnie's Grimmsnarl ex,310,320,2,6,4,1,0,320,-10,0
v24_b,55496665,92862973,0,Grimmsnarl (mirror),9714ab5c3996f6cc,4,937,Shadow Bullet,648,Marnie's Grimmsnarl ex,648,Marnie's Grimmsnarl ex,320,320,5,3,2,2,0,320,0,0
v24_b,55496665,92862973,0,Grimmsnarl (mirror),9714ab5c3996f6cc,4,937,Shadow Bullet,648,Marnie's Grimmsnarl ex,648,Marnie's Grimmsnarl ex,320,320,5,3,2,2,0,320,0,0
v24_b,55496665,92862973,0,Grimmsnarl (mirror),9714ab5c3996f6cc,4,937,Shadow Bullet,648,Marnie's Grimmsnarl ex,648,Marnie's Grimmsnarl ex,320,320,5,3,2,2,0,320,0,0
v24_b,55496665,92863898,1,Alakazam,cc38cb450b86770a,4,1072,Powerful Hand,743,Alakazam,648,Marnie's Grimmsnarl ex,320,320,2,5,2,1,0,320,0,0
v24_b,55496665,92863898,1,Alakazam,cc38cb450b86770a,4,1072,Powerful Hand,743,Alakazam,648,Marnie's Grimmsnarl ex,320,320,2,5,2,1,0,320,0,0
v24_b,55496665,92863898,1,Alakazam,cc38cb450b86770a,4,1072,Powerful Hand,743,Alakazam,648,Marnie's Grimmsnarl ex,320,320,2,5,2,1,0,140,180,0
v24_b,55496665,92863898,1,Alakazam,cc38cb450b86770a,6,1072,Powerful Hand,743,Alakazam,648,Marnie's Grimmsnarl ex,170,320,2,5,3,1,0,170,0,0
v24_b,55496665,92863898,1,Alakazam,cc38cb450b86770a,8,1072,Powerful Hand,743,Alakazam,648,Marnie's Grimmsnarl ex,320,320,2,3,4,1,0,260,60,0
v24_b,55496665,92863898,1,Alakazam,cc38cb450b86770a,8,1072,Powerful Hand,743,Alakazam,648,Marnie's Grimmsnarl ex,320,320,2,3,4,1,0,260,60,0
v24_b,55496665,92864818,0,Ogerpon,97df7a2a423da1d8,3,120,Myriad Leaf Shower,96,Teal Mask Ogerpon ex,646,Marnie's Impidimp,70,70,0,4,4,3,3,70,0,0
v24_b,55496665,92864818,0,Ogerpon,97df7a2a423da1d8,3,120,Myriad Leaf Shower,96,Teal Mask Ogerpon ex,646,Marnie's Impidimp,70,70,0,4,4,4,6,70,0,0
v24_b,55496665,92864818,0,Ogerpon,97df7a2a423da1d8,3,120,Myriad Leaf Shower,96,Teal Mask Ogerpon ex,646,Marnie's Impidimp,100,100,0,4,4,4,6,70,30,0
v24_b,55496665,92864818,0,Ogerpon,97df7a2a423da1d8,5,120,Myriad Leaf Shower,96,Teal Mask Ogerpon ex,648,Marnie's Grimmsnarl ex,320,320,2,3,3,6,10,320,0,0
v24_b,55496665,92864818,0,Ogerpon,97df7a2a423da1d8,5,120,Myriad Leaf Shower,96,Teal Mask Ogerpon ex,648,Marnie's Grimmsnarl ex,320,320,2,3,3,6,10,320,0,0
v24_b,55496665,92864818,0,Ogerpon,97df7a2a423da1d8,7,120,Myriad Leaf Shower,96,Teal Mask Ogerpon ex,648,Marnie's Grimmsnarl ex,310,320,3,0,4,8,12,310,0,0
v24_b,55496665,92864818,0,Ogerpon,97df7a2a423da1d8,7,120,Myriad Leaf Shower,96,Teal Mask Ogerpon ex,648,Marnie's Grimmsnarl ex,310,320,2,0,4,8,15,320,-10,0
v24_b,55496665,92864818,0,Ogerpon,97df7a2a423da1d8,9,120,Myriad Leaf Shower,96,Teal Mask Ogerpon ex,104,Froslass,90,90,0,0,4,9,16,,,1
v24_b,55496665,92866670,1,Mega Lopunny / Froslass,a7ee29914c1dce64,3,1225,Gale Thrust,849,Mega Lopunny ex,646,Marnie's Impidimp,70,70,0,7,3,2,0,70,0,0
v24_b,55496665,92866670,1,Mega Lopunny / Froslass,a7ee29914c1dce64,5,1225,Gale Thrust,849,Mega Lopunny ex,648,Marnie's Grimmsnarl ex,320,320,2,3,5,2,0,320,0,0
v24_b,55496665,92866670,1,Mega Lopunny / Froslass,a7ee29914c1dce64,5,1225,Gale Thrust,849,Mega Lopunny ex,648,Marnie's Grimmsnarl ex,320,320,2,3,5,2,0,320,0,0
v24_b,55496665,92866670,1,Mega Lopunny / Froslass,a7ee29914c1dce64,7,1225,Gale Thrust,849,Mega Lopunny ex,648,Marnie's Grimmsnarl ex,320,320,2,2,5,1,0,320,0,0
v24_b,55496665,92866670,1,Mega Lopunny / Froslass,a7ee29914c1dce64,7,1225,Gale Thrust,849,Mega Lopunny ex,648,Marnie's Grimmsnarl ex,320,320,2,2,5,1,0,320,0,0
v24_b,55496665,92866670,1,Mega Lopunny / Froslass,a7ee29914c1dce64,9,1225,Gale Thrust,849,Mega Lopunny ex,648,Marnie's Grimmsnarl ex,320,320,2,3,5,1,0,320,0,0
v24_b,55496665,92866670,1,Mega Lopunny / Froslass,a7ee29914c1dce64,9,1225,Gale Thrust,849,Mega Lopunny ex,648,Marnie's Grimmsnarl ex,320,320,2,3,5,1,0,320,0,0
v24_b,55496665,92866670,1,Mega Lopunny / Froslass,a7ee29914c1dce64,11,1240,Resentful Refrain,861,Mega Froslass ex,648,Marnie's Grimmsnarl ex,90,320,2,5,5,1,0,90,0,0
v24_b,55496665,92866670,1,Mega Lopunny / Froslass,a7ee29914c1dce64,13,1240,Resentful Refrain,861,Mega Froslass ex,648,Marnie's Grimmsnarl ex,320,320,2,4,5,1,0,320,0,0
v24_b,55496665,92866670,1,Mega Lopunny / Froslass,a7ee29914c1dce64,13,1225,Gale Thrust,849,Mega Lopunny ex,648,Marnie's Grimmsnarl ex,320,320,2,4,5,1,0,320,0,0
v24_b,55496665,92866670,1,Mega Lopunny / Froslass,a7ee29914c1dce64,13,1225,Gale Thrust,849,Mega Lopunny ex,648,Marnie's Grimmsnarl ex,320,320,2,4,5,1,0,320,0,0
v24_b,55496665,92866670,1,Mega Lopunny / Froslass,a7ee29914c1dce64,17,1225,Gale Thrust,849,Mega Lopunny ex,648,Marnie's Grimmsnarl ex,320,320,2,6,4,2,0,320,0,0
v24_b,55496665,92867600,0,Ogerpon,97df7a2a423da1d8,4,120,Myriad Leaf Shower,96,Teal Mask Ogerpon ex,648,Marnie's Grimmsnarl ex,320,320,2,3,3,3,9,320,0,0
v24_b,55496665,92867600,0,Ogerpon,97df7a2a423da1d8,4,120,Myriad Leaf Shower,96,Teal Mask Ogerpon ex,648,Marnie's Grimmsnarl ex,320,320,2,3,3,4,10,320,0,0
v24_b,55496665,92867600,0,Ogerpon,97df7a2a423da1d8,4,120,Myriad Leaf Shower,96,Teal Mask Ogerpon ex,648,Marnie's Grimmsnarl ex,320,320,2,3,3,4,10,320,0,0
v24_b,55496665,92867600,0,Ogerpon,97df7a2a423da1d8,6,120,Myriad Leaf Shower,96,Teal Mask Ogerpon ex,648,Marnie's Grimmsnarl ex,320,320,2,6,4,5,14,320,0,0
v24_b,55496665,92867600,0,Ogerpon,97df7a2a423da1d8,6,120,Myriad Leaf Shower,96,Teal Mask Ogerpon ex,648,Marnie's Grimmsnarl ex,320,320,2,6,4,6,15,320,0,0
v24_b,55496665,92867600,0,Ogerpon,97df7a2a423da1d8,6,120,Myriad Leaf Shower,96,Teal Mask Ogerpon ex,648,Marnie's Grimmsnarl ex,320,320,1,6,4,6,15,320,0,0
v24_b,55496665,92867600,0,Ogerpon,97df7a2a423da1d8,8,120,Myriad Leaf Shower,96,Teal Mask Ogerpon ex,646,Marnie's Impidimp,100,100,1,7,4,8,19,100,0,0
v24_b,55496665,92867600,0,Ogerpon,97df7a2a423da1d8,8,120,Myriad Leaf Shower,96,Teal Mask Ogerpon ex,646,Marnie's Impidimp,100,100,1,7,4,8,19,100,0,0
v24_b,55496665,92868542,0,other: Hydrapple ex,27a48655568983cf,5,115,Do the Wave,93,Dipplin,104,Froslass,90,90,1,3,5,1,4,90,0,0
v24_b,55496665,92868542,0,other: Hydrapple ex,27a48655568983cf,7,195,Syrup Storm,150,Hydrapple ex,646,Marnie's Impidimp,70,70,0,2,5,4,16,70,0,0
v24_b,55496665,92868542,0,other: Hydrapple ex,27a48655568983cf,11,195,Syrup Storm,150,Hydrapple ex,647,Marnie's Morgrem,100,100,0,1,5,4,18,100,0,0
v24_b,55496665,92869484,0,Grimmsnarl (mirror),9714ab5c3996f6cc,6,937,Shadow Bullet,648,Marnie's Grimmsnarl ex,648,Marnie's Grimmsnarl ex,140,320,2,3,4,2,0,140,0,0
v24_b,55496665,92870432,0,Alakazam,b1f287b8d98881f8,5,1071,Super Psy Bolt,742,Kadabra,648,Marnie's Grimmsnarl ex,320,320,2,3,4,1,0,320,0,0
v24_b,55496665,92870432,0,Alakazam,b1f287b8d98881f8,5,1071,Super Psy Bolt,742,Kadabra,648,Marnie's Grimmsnarl ex,320,320,2,3,4,1,0,320,0,0
v24_b,55496665,92873453,0,Kangaskhan / Crustle,9b415cc6bbdf6fd5,9,479,Superb Scissors,345,Crustle,648,Marnie's Grimmsnarl ex,320,320,2,5,5,3,1,320,0,0
v24_b,55496665,92873453,0,Kangaskhan / Crustle,9b415cc6bbdf6fd5,15,479,Superb Scissors,345,Crustle,648,Marnie's Grimmsnarl ex,310,320,2,3,5,4,3,310,0,0
v24_b,55496665,92873453,0,Kangaskhan / Crustle,9b415cc6bbdf6fd5,21,148,Demolish,117,Cornerstone Mask Ogerpon ex,648,Marnie's Grimmsnarl ex,190,320,2,6,5,4,1,190,0,0
v24_b,55496665,92873453,0,Kangaskhan / Crustle,9b415cc6bbdf6fd5,25,148,Demolish,117,Cornerstone Mask Ogerpon ex,112,Munkidori,30,110,1,7,4,4,1,30,0,0
v24_b,55496665,92874174,1,Grimmsnarl (mirror),9714ab5c3996f6cc,4,937,Shadow Bullet,648,Marnie's Grimmsnarl ex,648,Marnie's Grimmsnarl ex,320,320,2,2,4,2,0,320,0,0
v24_b,55496665,92874174,1,Grimmsnarl (mirror),9714ab5c3996f6cc,6,937,Shadow Bullet,648,Marnie's Grimmsnarl ex,648,Marnie's Grimmsnarl ex,320,320,3,2,4,2,0,320,0,0
v24_b,55496665,92874174,1,Grimmsnarl (mirror),9714ab5c3996f6cc,6,937,Shadow Bullet,648,Marnie's Grimmsnarl ex,648,Marnie's Grimmsnarl ex,320,320,3,2,4,2,0,320,0,0
v24_b,55496665,92875114,0,Grimmsnarl (mirror),9714ab5c3996f6cc,6,937,Shadow Bullet,648,Marnie's Grimmsnarl ex,648,Marnie's Grimmsnarl ex,320,320,2,7,5,2,0,320,0,0
v24_b,55496665,92875114,0,Grimmsnarl (mirror),9714ab5c3996f6cc,10,937,Shadow Bullet,648,Marnie's Grimmsnarl ex,648,Marnie's Grimmsnarl ex,320,320,4,4,4,3,0,320,0,0
v24_b,55496665,92875114,0,Grimmsnarl (mirror),9714ab5c3996f6cc,12,937,Shadow Bullet,648,Marnie's Grimmsnarl ex,648,Marnie's Grimmsnarl ex,170,320,4,7,3,2,0,170,0,0
v24_b,55496665,92876039,0,Ogerpon,0dede7cb8026e473,3,120,Myriad Leaf Shower,96,Teal Mask Ogerpon ex,860,Snorunt,100,100,0,4,4,4,5,70,30,0
v24_b,55496665,92876039,0,Ogerpon,0dede7cb8026e473,5,120,Myriad Leaf Shower,96,Teal Mask Ogerpon ex,646,Marnie's Impidimp,100,100,1,4,4,6,8,100,0,0
v24_b,55496665,92876039,0,Ogerpon,0dede7cb8026e473,9,120,Myriad Leaf Shower,96,Teal Mask Ogerpon ex,648,Marnie's Grimmsnarl ex,320,320,2,4,4,8,12,320,0,0
v24_b,55496665,92876039,0,Ogerpon,0dede7cb8026e473,9,120,Myriad Leaf Shower,96,Teal Mask Ogerpon ex,648,Marnie's Grimmsnarl ex,320,320,2,4,4,8,12,320,0,0
v24_b,55496665,92876039,0,Ogerpon,0dede7cb8026e473,11,120,Myriad Leaf Shower,96,Teal Mask Ogerpon ex,648,Marnie's Grimmsnarl ex,310,320,2,8,3,6,7,320,-10,0
v24_b,55496665,92876050,0,Grimmsnarl (mirror),9714ab5c3996f6cc,10,937,Shadow Bullet,648,Marnie's Grimmsnarl ex,648,Marnie's Grimmsnarl ex,320,320,2,4,5,2,0,320,0,0
v24_b,55496665,92876050,0,Grimmsnarl (mirror),9714ab5c3996f6cc,12,937,Shadow Bullet,648,Marnie's Grimmsnarl ex,648,Marnie's Grimmsnarl ex,200,320,2,6,4,2,0,200,0,0
v24_b,55496665,92876050,0,Grimmsnarl (mirror),9714ab5c3996f6cc,12,937,Shadow Bullet,648,Marnie's Grimmsnarl ex,648,Marnie's Grimmsnarl ex,200,320,2,2,4,2,0,200,0,0
v24_b,55496665,92877005,1,Archaludon,2b6a7dd699d2b6a5,2,965,Turbo Flare,666,Cinderace,112,Munkidori,110,110,1,4,3,1,0,110,0,0
v24_b,55496665,92877005,1,Archaludon,2b6a7dd699d2b6a5,4,223,Hammer In,169,Duraludon,648,Marnie's Grimmsnarl ex,310,320,2,4,5,3,0,320,-10,0
v24_b,55496665,92877005,1,Archaludon,2b6a7dd699d2b6a5,4,224,Raging Hammer,169,Duraludon,647,Marnie's Morgrem,100,100,1,4,5,3,0,,,1
v24_b,55496665,92877005,1,Archaludon,2b6a7dd699d2b6a5,6,223,Hammer In,169,Duraludon,648,Marnie's Grimmsnarl ex,310,320,2,8,5,2,0,270,40,0
v24_b,55496665,92877005,1,Archaludon,2b6a7dd699d2b6a5,8,253,Metal Defender,190,Archaludon ex,648,Marnie's Grimmsnarl ex,310,320,2,9,5,3,0,80,230,0
v24_b,55496665,92877934,1,Kangaskhan / Crustle,9b415cc6bbdf6fd5,8,479,Superb Scissors,345,Crustle,648,Marnie's Grimmsnarl ex,320,320,2,4,5,3,1,80,240,0
v24_b,55496665,92877934,1,Kangaskhan / Crustle,9b415cc6bbdf6fd5,10,479,Superb Scissors,345,Crustle,647,Marnie's Morgrem,60,100,2,4,5,3,1,100,-40,0
v24_b,55496665,92877934,1,Kangaskhan / Crustle,9b415cc6bbdf6fd5,12,479,Superb Scissors,345,Crustle,648,Marnie's Grimmsnarl ex,310,320,2,3,4,3,1,60,250,0
v24_b,55496665,92877934,1,Kangaskhan / Crustle,9b415cc6bbdf6fd5,16,479,Superb Scissors,345,Crustle,112,Munkidori,100,110,0,5,5,3,2,110,-10,0
v24_b,55496665,92877934,1,Kangaskhan / Crustle,9b415cc6bbdf6fd5,18,479,Superb Scissors,345,Crustle,648,Marnie's Grimmsnarl ex,310,320,0,4,5,4,3,60,250,0
v24_b,55496665,92878888,1,other: Brambleghast,3d4bf76817e2892c,2,215,Flower Shower,164,Comfey,646,Marnie's Impidimp,70,70,0,4,3,1,0,70,0,0
v24_b,55496665,92878888,1,other: Brambleghast,3d4bf76817e2892c,2,215,Flower Shower,164,Comfey,646,Marnie's Impidimp,70,70,0,4,3,1,0,70,0,0
v24_b,55496665,92878888,1,other: Brambleghast,3d4bf76817e2892c,4,215,Flower Shower,164,Comfey,648,Marnie's Grimmsnarl ex,320,320,2,7,5,1,0,320,0,0
v24_b,55496665,92878888,1,other: Brambleghast,3d4bf76817e2892c,4,215,Flower Shower,164,Comfey,648,Marnie's Grimmsnarl ex,320,320,2,7,5,1,0,320,0,0
v24_b,55496665,92878888,1,other: Brambleghast,3d4bf76817e2892c,4,215,Flower Shower,164,Comfey,648,Marnie's Grimmsnarl ex,320,320,2,7,5,1,0,320,0,0
v24_b,55496665,92878888,1,other: Brambleghast,3d4bf76817e2892c,6,216,Play Rough,164,Comfey,648,Marnie's Grimmsnarl ex,320,320,2,11,5,1,0,320,0,0
v24_b,55496665,92878888,1,other: Brambleghast,3d4bf76817e2892c,6,215,Flower Shower,164,Comfey,648,Marnie's Grimmsnarl ex,320,320,2,11,5,1,0,320,0,0
v24_b,55496665,92878888,1,other: Brambleghast,3d4bf76817e2892c,6,215,Flower Shower,164,Comfey,648,Marnie's Grimmsnarl ex,320,320,2,11,5,1,0,320,0,0
v24_b,55496665,92878888,1,other: Brambleghast,3d4bf76817e2892c,6,215,Flower Shower,164,Comfey,648,Marnie's Grimmsnarl ex,320,320,2,3,5,1,0,320,0,0
v24_b,55496665,92878888,1,other: Brambleghast,3d4bf76817e2892c,8,215,Flower Shower,164,Comfey,648,Marnie's Grimmsnarl ex,320,320,2,9,5,1,0,320,0,0
v24_b,55496665,92878888,1,other: Brambleghast,3d4bf76817e2892c,8,215,Flower Shower,164,Comfey,648,Marnie's Grimmsnarl ex,320,320,2,9,5,1,0,320,0,0
v24_b,55496665,92878888,1,other: Brambleghast,3d4bf76817e2892c,8,215,Flower Shower,164,Comfey,648,Marnie's Grimmsnarl ex,320,320,2,9,5,1,0,320,0,0
v24_b,55496665,92878888,1,other: Brambleghast,3d4bf76817e2892c,8,215,Flower Shower,164,Comfey,648,Marnie's Grimmsnarl ex,320,320,2,9,5,1,0,320,0,0
v24_b,55496665,92878888,1,other: Brambleghast,3d4bf76817e2892c,10,215,Flower Shower,164,Comfey,648,Marnie's Grimmsnarl ex,320,320,2,14,5,1,0,320,0,0
v24_b,55496665,92878888,1,other: Brambleghast,3d4bf76817e2892c,10,215,Flower Shower,164,Comfey,648,Marnie's Grimmsnarl ex,320,320,2,14,5,1,0,320,0,0
v24_b,55496665,92879765,0,Ogerpon,97df7a2a423da1d8,3,120,Myriad Leaf Shower,96,Teal Mask Ogerpon ex,646,Marnie's Impidimp,70,70,1,9,3,3,7,70,0,0
v24_b,55496665,92879765,0,Ogerpon,97df7a2a423da1d8,3,120,Myriad Leaf Shower,96,Teal Mask Ogerpon ex,646,Marnie's Impidimp,70,70,1,9,3,4,8,70,0,0
v24_b,55496665,92879765,0,Ogerpon,97df7a2a423da1d8,5,120,Myriad Leaf Shower,96,Teal Mask Ogerpon ex,647,Marnie's Morgrem,100,100,2,4,3,4,8,,,1
v24_b,55496665,92879765,0,Ogerpon,97df7a2a423da1d8,11,120,Myriad Leaf Shower,96,Teal Mask Ogerpon ex,648,Marnie's Grimmsnarl ex,310,320,2,4,4,4,6,320,-10,0
v24_b,55496665,92880764,1,Grimmsnarl (mirror),9714ab5c3996f6cc,6,937,Shadow Bullet,648,Marnie's Grimmsnarl ex,112,Munkidori,50,110,1,4,3,2,0,0,50,1
v24_b,55496665,92880764,1,Grimmsnarl (mirror),9714ab5c3996f6cc,12,937,Shadow Bullet,648,Marnie's Grimmsnarl ex,112,Munkidori,110,110,1,6,4,2,0,110,0,0
v24_b,55496665,92880764,1,Grimmsnarl (mirror),9714ab5c3996f6cc,12,937,Shadow Bullet,648,Marnie's Grimmsnarl ex,112,Munkidori,110,110,1,6,4,2,0,0,110,1
v24_b,55496665,92881715,1,other: Mega Abomasnow ex,53ada9d42d3e30a9,2,1044,Beat,722,Snover,646,Marnie's Impidimp,70,70,0,2,5,1,0,60,10,0
v24_b,55496665,92881715,1,other: Mega Abomasnow ex,53ada9d42d3e30a9,2,1044,Beat,722,Snover,646,Marnie's Impidimp,70,70,0,2,5,1,0,60,10,0
v24_b,55496665,92881715,1,other: Mega Abomasnow ex,53ada9d42d3e30a9,4,1046,Hammer-lanche,723,Mega Abomasnow ex,646,Marnie's Impidimp,60,70,0,1,5,2,0,60,0,0
v24_b,55496665,92881715,1,other: Mega Abomasnow ex,53ada9d42d3e30a9,6,1042,Riptide,721,Kyogre,647,Marnie's Morgrem,100,100,0,1,4,1,0,100,0,0
v24_b,55496665,92881715,1,other: Mega Abomasnow ex,53ada9d42d3e30a9,8,1042,Riptide,721,Kyogre,646,Marnie's Impidimp,70,70,0,5,5,2,0,70,0,0
v24_b,55496665,92881715,1,other: Mega Abomasnow ex,53ada9d42d3e30a9,8,1042,Riptide,721,Kyogre,646,Marnie's Impidimp,70,70,0,5,5,2,0,70,0,0
v24_b,55496665,92881715,1,other: Mega Abomasnow ex,53ada9d42d3e30a9,10,1046,Hammer-lanche,723,Mega Abomasnow ex,648,Marnie's Grimmsnarl ex,310,320,2,5,5,4,0,320,-10,0
v24_b,55496665,92881715,1,other: Mega Abomasnow ex,53ada9d42d3e30a9,12,1046,Hammer-lanche,723,Mega Abomasnow ex,648,Marnie's Grimmsnarl ex,310,320,3,4,5,6,0,100,210,0
v24_b,55496665,92881715,1,other: Mega Abomasnow ex,53ada9d42d3e30a9,12,1046,Hammer-lanche,723,Mega Abomasnow ex,648,Marnie's Grimmsnarl ex,310,320,3,4,5,6,0,100,210,0
v24_b,55496665,92882650,1,other: Mega Abomasnow ex,53ada9d42d3e30a9,3,1042,Riptide,721,Kyogre,646,Marnie's Impidimp,70,70,0,4,3,1,0,70,0,0
v24_b,55496665,92882650,1,other: Mega Abomasnow ex,53ada9d42d3e30a9,3,1042,Riptide,721,Kyogre,646,Marnie's Impidimp,70,70,0,4,3,2,0,70,0,0
v24_b,55496665,92882650,1,other: Mega Abomasnow ex,53ada9d42d3e30a9,3,1042,Riptide,721,Kyogre,646,Marnie's Impidimp,70,70,0,4,3,2,0,70,0,0
v24_b,55496665,92882650,1,other: Mega Abomasnow ex,53ada9d42d3e30a9,11,1046,Hammer-lanche,723,Mega Abomasnow ex,648,Marnie's Grimmsnarl ex,320,320,2,11,5,2,0,320,0,0
v24_b,55496665,92882650,1,other: Mega Abomasnow ex,53ada9d42d3e30a9,11,1046,Hammer-lanche,723,Mega Abomasnow ex,648,Marnie's Grimmsnarl ex,320,320,2,11,5,2,0,320,0,0
v24_b,55496665,92883584,1,Grimmsnarl (mirror),9714ab5c3996f6cc,6,934,Filch,646,Marnie's Impidimp,646,Marnie's Impidimp,70,70,0,6,5,1,0,70,0,0
v24_b,55496665,92883584,1,Grimmsnarl (mirror),9714ab5c3996f6cc,6,937,Shadow Bullet,648,Marnie's Grimmsnarl ex,646,Marnie's Impidimp,70,70,0,6,5,2,0,70,0,0
v24_b,55496665,92883584,1,Grimmsnarl (mirror),9714ab5c3996f6cc,8,937,Shadow Bullet,648,Marnie's Grimmsnarl ex,648,Marnie's Grimmsnarl ex,320,320,2,4,4,2,0,320,0,0
v24_b,55496665,92883584,1,Grimmsnarl (mirror),9714ab5c3996f6cc,8,937,Shadow Bullet,648,Marnie's Grimmsnarl ex,648,Marnie's Grimmsnarl ex,320,320,2,4,4,2,0,320,0,0
v24_b,55496665,92883584,1,Grimmsnarl (mirror),9714ab5c3996f6cc,10,937,Shadow Bullet,648,Marnie's Grimmsnarl ex,648,Marnie's Grimmsnarl ex,200,320,2,2,4,2,0,200,0,0
v24_b,55496665,92883584,1,Grimmsnarl (mirror),9714ab5c3996f6cc,10,937,Shadow Bullet,648,Marnie's Grimmsnarl ex,648,Marnie's Grimmsnarl ex,200,320,2,2,4,2,0,200,0,0
v24_b,55496665,92883584,1,Grimmsnarl (mirror),9714ab5c3996f6cc,12,934,Filch,646,Marnie's Impidimp,648,Marnie's Grimmsnarl ex,320,320,2,4,4,1,0,320,0,0
v24_b,55496665,92883584,1,Grimmsnarl (mirror),9714ab5c3996f6cc,12,934,Filch,646,Marnie's Impidimp,648,Marnie's Grimmsnarl ex,320,320,2,4,4,1,0,320,0,0
v24_b,55496665,92884514,0,other: Hydrapple ex,f39b7a1dd837f526,4,120,Myriad Leaf Shower,96,Teal Mask Ogerpon ex,648,Marnie's Grimmsnarl ex,320,320,2,3,5,4,10,320,0,0
v24_b,55496665,92884514,0,other: Hydrapple ex,f39b7a1dd837f526,4,120,Myriad Leaf Shower,96,Teal Mask Ogerpon ex,648,Marnie's Grimmsnarl ex,320,320,2,3,5,4,10,320,0,0
v24_b,55496665,92884514,0,other: Hydrapple ex,f39b7a1dd837f526,4,120,Myriad Leaf Shower,96,Teal Mask Ogerpon ex,648,Marnie's Grimmsnarl ex,320,320,2,3,5,4,10,320,0,0
v24_b,55496665,92884514,0,other: Hydrapple ex,f39b7a1dd837f526,6,195,Syrup Storm,150,Hydrapple ex,648,Marnie's Grimmsnarl ex,310,320,2,3,4,2,10,320,-10,0
v24_b,55496665,92884514,0,other: Hydrapple ex,f39b7a1dd837f526,6,195,Syrup Storm,150,Hydrapple ex,648,Marnie's Grimmsnarl ex,310,320,2,4,4,4,14,320,-10,0
v24_b,55496665,92885547,0,Grimmsnarl (mirror),9714ab5c3996f6cc,6,937,Shadow Bullet,648,Marnie's Grimmsnarl ex,648,Marnie's Grimmsnarl ex,320,320,2,5,2,2,0,320,0,0
v24_b,55496665,92885547,0,Grimmsnarl (mirror),9714ab5c3996f6cc,8,937,Shadow Bullet,648,Marnie's Grimmsnarl ex,648,Marnie's Grimmsnarl ex,320,320,2,2,2,3,0,320,0,0
v24_b,55496665,92885547,0,Grimmsnarl (mirror),9714ab5c3996f6cc,10,937,Shadow Bullet,648,Marnie's Grimmsnarl ex,648,Marnie's Grimmsnarl ex,140,320,2,7,3,2,0,140,0,0
v24_b,55496665,92885547,0,Grimmsnarl (mirror),9714ab5c3996f6cc,10,937,Shadow Bullet,648,Marnie's Grimmsnarl ex,648,Marnie's Grimmsnarl ex,140,320,2,7,3,2,0,140,0,0
v24_b,55496665,92885547,0,Grimmsnarl (mirror),9714ab5c3996f6cc,12,937,Shadow Bullet,648,Marnie's Grimmsnarl ex,648,Marnie's Grimmsnarl ex,170,320,0,5,3,2,0,170,0,0
v24_b,55496665,92885547,0,Grimmsnarl (mirror),9714ab5c3996f6cc,12,937,Shadow Bullet,648,Marnie's Grimmsnarl ex,648,Marnie's Grimmsnarl ex,170,320,0,5,3,2,0,170,0,0
v24_b,55496665,92893930,1,Grimmsnarl (mirror),613e109f436c8281,7,937,Shadow Bullet,648,Marnie's Grimmsnarl ex,648,Marnie's Grimmsnarl ex,320,320,2,6,4,2,0,320,0,0
v24_b,55496665,92893930,1,Grimmsnarl (mirror),613e109f436c8281,7,937,Shadow Bullet,648,Marnie's Grimmsnarl ex,648,Marnie's Grimmsnarl ex,320,320,2,6,4,2,0,140,180,0
v24_b,55496665,92893930,1,Grimmsnarl (mirror),613e109f436c8281,9,937,Shadow Bullet,648,Marnie's Grimmsnarl ex,648,Marnie's Grimmsnarl ex,200,320,2,7,5,2,0,20,180,0
v24_b,55496665,92893930,1,Grimmsnarl (mirror),613e109f436c8281,11,937,Shadow Bullet,648,Marnie's Grimmsnarl ex,112,Munkidori,80,110,1,6,4,2,0,0,80,1
v24_b,55496665,92905025,1,Kangaskhan / Crustle,20bc24847121c967,8,479,Superb Scissors,345,Crustle,648,Marnie's Grimmsnarl ex,310,320,2,6,5,4,1,60,250,0
v24_b,55496665,92905025,1,Kangaskhan / Crustle,20bc24847121c967,12,479,Superb Scissors,345,Crustle,647,Marnie's Morgrem,60,100,2,3,5,4,1,60,0,0
v24_b,55496665,92905025,1,Kangaskhan / Crustle,20bc24847121c967,12,479,Superb Scissors,345,Crustle,647,Marnie's Morgrem,60,100,2,3,5,4,1,60,0,0
v24_b,55496665,92911399,0,Mega Lopunny / Froslass,a7ee29914c1dce64,6,1240,Resentful Refrain,861,Mega Froslass ex,648,Marnie's Grimmsnarl ex,320,320,2,5,5,1,0,70,250,0
v24_b,55496665,92911399,0,Mega Lopunny / Froslass,a7ee29914c1dce64,8,1240,Resentful Refrain,861,Mega Froslass ex,648,Marnie's Grimmsnarl ex,320,320,2,5,5,1,0,70,250,0
v24_b,55496665,92914221,1,Alakazam,cc38cb450b86770a,3,1071,Super Psy Bolt,742,Kadabra,646,Marnie's Impidimp,70,70,1,8,5,1,0,70,0,0
v24_b,55496665,92914221,1,Alakazam,cc38cb450b86770a,3,1071,Super Psy Bolt,742,Kadabra,646,Marnie's Impidimp,70,70,1,8,5,1,0,70,0,0
v24_b,55496665,92914221,1,Alakazam,cc38cb450b86770a,7,1072,Powerful Hand,743,Alakazam,648,Marnie's Grimmsnarl ex,260,320,2,9,5,1,0,260,0,0
v24_b,55496665,92918701,0,Mega Lopunny / Froslass,a7ee29914c1dce64,6,1225,Gale Thrust,849,Mega Lopunny ex,648,Marnie's Grimmsnarl ex,320,320,2,7,4,1,0,320,0,0
v24_b,55496665,92918701,0,Mega Lopunny / Froslass,a7ee29914c1dce64,6,1240,Resentful Refrain,861,Mega Froslass ex,648,Marnie's Grimmsnarl ex,320,320,2,7,4,1,0,320,0,0
v24_b,55496665,92918701,0,Mega Lopunny / Froslass,a7ee29914c1dce64,8,1240,Resentful Refrain,861,Mega Froslass ex,646,Marnie's Impidimp,70,70,1,8,5,1,0,70,0,0
v24_b,55496665,92918701,0,Mega Lopunny / Froslass,a7ee29914c1dce64,10,1240,Resentful Refrain,861,Mega Froslass ex,648,Marnie's Grimmsnarl ex,310,320,3,5,5,1,0,50,260,0
v24_b,55496665,92934512,1,Mega Lucario,c3c16f0e65487ad6,3,982,Aura Jab,678,Mega Lucario ex,646,Marnie's Impidimp,70,70,0,5,3,2,0,0,70,1
v24_b,55496665,92934512,1,Mega Lucario,c3c16f0e65487ad6,5,982,Aura Jab,678,Mega Lucario ex,648,Marnie's Grimmsnarl ex,320,320,2,3,3,2,0,320,0,0
v24_b,55496665,92934512,1,Mega Lucario,c3c16f0e65487ad6,5,983,Mega Brave,678,Mega Lucario ex,648,Marnie's Grimmsnarl ex,320,320,2,3,3,2,0,320,0,0
v24_b,55496665,92945923,0,Grimmsnarl (mirror),9714ab5c3996f6cc,10,937,Shadow Bullet,648,Marnie's Grimmsnarl ex,648,Marnie's Grimmsnarl ex,160,320,2,11,5,3,0,170,-10,0
v24_b,55496665,92945923,0,Grimmsnarl (mirror),9714ab5c3996f6cc,12,937,Shadow Bullet,648,Marnie's Grimmsnarl ex,112,Munkidori,100,110,1,3,4,2,0,100,0,0
v24_b,55496665,92959606,1,Mega Lucario,c3c16f0e65487ad6,3,976,Corkscrew Punch,673,Makuhita,646,Marnie's Impidimp,70,70,1,5,2,1,0,70,0,0
v24_b,55496665,92959606,1,Mega Lucario,c3c16f0e65487ad6,7,982,Aura Jab,678,Mega Lucario ex,648,Marnie's Grimmsnarl ex,310,320,2,7,5,1,0,310,0,0
v24_b,55496665,92959606,1,Mega Lucario,c3c16f0e65487ad6,7,982,Aura Jab,678,Mega Lucario ex,648,Marnie's Grimmsnarl ex,310,320,2,7,5,1,0,310,0,0
v24_b,55496665,92959606,1,Mega Lucario,c3c16f0e65487ad6,7,982,Aura Jab,678,Mega Lucario ex,648,Marnie's Grimmsnarl ex,310,320,2,7,5,2,0,320,-10,0
v24_b,55496665,92959606,1,Mega Lucario,c3c16f0e65487ad6,9,982,Aura Jab,678,Mega Lucario ex,112,Munkidori,90,110,0,8,5,2,0,90,0,0
v24_b,55496665,92959606,1,Mega Lucario,c3c16f0e65487ad6,11,978,Wild Press,674,Hariyama,648,Marnie's Grimmsnarl ex,310,320,2,9,5,3,0,310,0,0
v24_b,55496665,92959606,1,Mega Lucario,c3c16f0e65487ad6,11,978,Wild Press,674,Hariyama,648,Marnie's Grimmsnarl ex,310,320,2,9,5,3,0,310,0,0
v25_a,55507909,93012562,1,Grimmsnarl (mirror),9714ab5c3996f6cc,6,934,Filch,646,Marnie's Impidimp,648,Marnie's Grimmsnarl ex,320,320,2,7,5,1,0,310,10,0
v25_a,55507909,93012562,1,Grimmsnarl (mirror),9714ab5c3996f6cc,6,934,Filch,646,Marnie's Impidimp,648,Marnie's Grimmsnarl ex,320,320,2,7,5,1,0,310,10,0
v25_a,55507909,93013617,1,Mega Lucario,c3c16f0e65487ad6,7,980,Cosmic Beam,676,Solrock,104,Froslass,90,90,0,5,5,1,0,90,0,0
v25_a,55507909,93013617,1,Mega Lucario,c3c16f0e65487ad6,7,980,Cosmic Beam,676,Solrock,104,Froslass,90,90,0,5,5,1,0,,,1
v25_a,55507909,93013617,1,Mega Lucario,c3c16f0e65487ad6,9,980,Cosmic Beam,676,Solrock,646,Marnie's Impidimp,70,70,0,8,5,1,0,,,1
v25_a,55507909,93015503,1,Mega Lucario,c3c16f0e65487ad6,2,981,Accelerating Stab,677,Riolu,646,Marnie's Impidimp,70,70,0,5,2,1,0,70,0,0
v25_a,55507909,93015503,1,Mega Lucario,c3c16f0e65487ad6,2,981,Accelerating Stab,677,Riolu,646,Marnie's Impidimp,70,70,0,5,2,1,0,70,0,0
v25_a,55507909,93016463,1,Alakazam,a233298ee750b57c,3,1072,Powerful Hand,743,Alakazam,860,Snorunt,70,70,1,5,1,1,0,70,0,0
v25_a,55507909,93016463,1,Alakazam,a233298ee750b57c,3,1072,Powerful Hand,743,Alakazam,860,Snorunt,70,70,1,5,1,1,0,70,0,0
v25_a,55507909,93016463,1,Alakazam,a233298ee750b57c,5,1072,Powerful Hand,743,Alakazam,646,Marnie's Impidimp,70,70,0,7,3,1,0,70,0,0
v25_a,55507909,93016463,1,Alakazam,a233298ee750b57c,7,1072,Powerful Hand,743,Alakazam,648,Marnie's Grimmsnarl ex,310,320,2,7,3,1,0,310,0,0
v25_a,55507909,93016463,1,Alakazam,a233298ee750b57c,7,1072,Powerful Hand,743,Alakazam,648,Marnie's Grimmsnarl ex,310,320,2,7,3,1,0,310,0,0
v25_a,55507909,93016463,1,Alakazam,a233298ee750b57c,7,1072,Powerful Hand,743,Alakazam,648,Marnie's Grimmsnarl ex,310,320,2,7,3,1,0,310,0,0
v25_a,55507909,93016463,1,Alakazam,a233298ee750b57c,9,1072,Powerful Hand,743,Alakazam,648,Marnie's Grimmsnarl ex,150,320,2,7,5,1,0,160,-10,0
v25_a,55507909,93017394,1,other: Cynthia's Garchomp ex,daff2ed17de6145d,3,475,Spike Sting,341,Cynthia's Roselia,646,Marnie's Impidimp,70,70,0,5,1,1,0,70,0,0
v25_a,55507909,93017394,1,other: Cynthia's Garchomp ex,daff2ed17de6145d,3,475,Spike Sting,341,Cynthia's Roselia,646,Marnie's Impidimp,70,70,0,5,1,1,0,70,0,0
v25_a,55507909,93017394,1,other: Cynthia's Garchomp ex,daff2ed17de6145d,5,531,Corkscrew Dive,381,Cynthia's Garchomp ex,648,Marnie's Grimmsnarl ex,320,320,2,4,5,1,0,320,0,0
v25_a,55507909,93017394,1,other: Cynthia's Garchomp ex,daff2ed17de6145d,7,531,Corkscrew Dive,381,Cynthia's Garchomp ex,648,Marnie's Grimmsnarl ex,310,320,2,5,5,1,0,310,0,0
v25_a,55507909,93017394,1,other: Cynthia's Garchomp ex,daff2ed17de6145d,7,531,Corkscrew Dive,381,Cynthia's Garchomp ex,648,Marnie's Grimmsnarl ex,310,320,2,5,5,1,0,310,0,0
v25_a,55507909,93017394,1,other: Cynthia's Garchomp ex,daff2ed17de6145d,7,531,Corkscrew Dive,381,Cynthia's Garchomp ex,648,Marnie's Grimmsnarl ex,310,320,2,5,5,1,0,310,0,0
v25_a,55507909,93017394,1,other: Cynthia's Garchomp ex,daff2ed17de6145d,7,531,Corkscrew Dive,381,Cynthia's Garchomp ex,648,Marnie's Grimmsnarl ex,310,320,2,5,5,2,0,320,-10,0
v25_a,55507909,93017394,1,other: Cynthia's Garchomp ex,daff2ed17de6145d,9,529,Rock Hurl,379,Cynthia's Gible,648,Marnie's Grimmsnarl ex,310,320,2,2,5,1,0,310,0,0
v25_a,55507909,93018329,0,Dragapult,202ee2cec6cbe8b4,3,323,Itchy Pollen,235,Budew,112,Munkidori,110,110,0,7,4,0,0,110,0,0
v25_a,55507909,93018329,0,Dragapult,202ee2cec6cbe8b4,5,323,Itchy Pollen,235,Budew,112,Munkidori,110,110,0,5,4,0,0,110,0,0
v25_a,55507909,93018329,0,Dragapult,202ee2cec6cbe8b4,7,323,Itchy Pollen,235,Budew,112,Munkidori,110,110,0,9,4,0,0,110,0,0
v25_a,55507909,93018329,0,Dragapult,202ee2cec6cbe8b4,9,154,Phantom Dive,121,Dragapult ex,112,Munkidori,110,110,0,2,5,2,0,110,0,0
v25_a,55507909,93018329,0,Dragapult,202ee2cec6cbe8b4,11,154,Phantom Dive,121,Dragapult ex,648,Marnie's Grimmsnarl ex,320,320,2,3,4,2,0,320,0,0
v25_a,55507909,93018329,0,Dragapult,202ee2cec6cbe8b4,11,153,Jet Headbutt,121,Dragapult ex,648,Marnie's Grimmsnarl ex,320,320,2,3,4,2,0,320,0,0
v25_a,55507909,93018329,0,Dragapult,202ee2cec6cbe8b4,11,154,Phantom Dive,121,Dragapult ex,648,Marnie's Grimmsnarl ex,320,320,2,3,4,2,0,320,0,0
v25_a,55507909,93018329,0,Dragapult,202ee2cec6cbe8b4,11,153,Jet Headbutt,121,Dragapult ex,648,Marnie's Grimmsnarl ex,320,320,2,3,4,2,0,320,0,0
v25_a,55507909,93018329,0,Dragapult,202ee2cec6cbe8b4,11,153,Jet Headbutt,121,Dragapult ex,648,Marnie's Grimmsnarl ex,320,320,2,3,4,2,0,320,0,0
v25_a,55507909,93019287,1,Alakazam,cc38cb450b86770a,6,1072,Powerful Hand,743,Alakazam,647,Marnie's Morgrem,100,100,2,5,5,1,0,100,0,0
v25_a,55507909,93019287,1,Alakazam,cc38cb450b86770a,8,1072,Powerful Hand,743,Alakazam,648,Marnie's Grimmsnarl ex,290,320,2,6,5,1,0,310,-20,0
v25_a,55507909,93019287,1,Alakazam,cc38cb450b86770a,8,1072,Powerful Hand,743,Alakazam,648,Marnie's Grimmsnarl ex,290,320,2,6,5,1,0,10,280,0
v25_a,55507909,93020219,1,other: Hydrapple ex,c24ad50bc29cae7c,7,195,Syrup Storm,150,Hydrapple ex,648,Marnie's Grimmsnarl ex,300,320,2,5,5,2,3,300,0,0
v25_a,55507909,93021135,0,Alakazam,cc38cb450b86770a,3,423,Trading Places,305,Dunsparce,112,Munkidori,110,110,0,6,5,1,0,110,0,0
v25_a,55507909,93021170,1,other: Hydrapple ex,7379bd986b1d8470,6,120,Myriad Leaf Shower,96,Teal Mask Ogerpon ex,648,Marnie's Grimmsnarl ex,310,320,2,3,5,6,14,320,-10,0
v25_a,55507909,93021170,1,other: Hydrapple ex,7379bd986b1d8470,6,120,Myriad Leaf Shower,96,Teal Mask Ogerpon ex,648,Marnie's Grimmsnarl ex,310,320,2,3,5,6,14,320,-10,0
v25_a,55507909,93021170,1,other: Hydrapple ex,7379bd986b1d8470,8,120,Myriad Leaf Shower,96,Teal Mask Ogerpon ex,648,Marnie's Grimmsnarl ex,300,320,2,8,5,4,8,320,-20,0
v25_a,55507909,93021170,1,other: Hydrapple ex,7379bd986b1d8470,8,120,Myriad Leaf Shower,96,Teal Mask Ogerpon ex,648,Marnie's Grimmsnarl ex,300,320,2,8,5,4,8,320,-20,0
v25_a,55507909,93022123,0,other: Hydrapple ex,dbb5198fabf0d141,2,945,Traverse Time,655,Celebi,646,Marnie's Impidimp,70,70,1,5,1,1,2,70,0,0
v25_a,55507909,93022123,0,other: Hydrapple ex,dbb5198fabf0d141,2,946,Solar Cutter,655,Celebi,646,Marnie's Impidimp,70,70,1,5,1,1,3,70,0,0
v25_a,55507909,93022123,0,other: Hydrapple ex,dbb5198fabf0d141,6,195,Syrup Storm,150,Hydrapple ex,646,Marnie's Impidimp,70,70,0,4,3,2,10,70,0,0
v25_a,55507909,93022123,0,other: Hydrapple ex,dbb5198fabf0d141,8,195,Syrup Storm,150,Hydrapple ex,648,Marnie's Grimmsnarl ex,320,320,2,3,4,4,12,320,0,0
v25_a,55507909,93022123,0,other: Hydrapple ex,dbb5198fabf0d141,10,195,Syrup Storm,150,Hydrapple ex,647,Marnie's Morgrem,100,100,0,1,4,4,14,100,0,0
v25_a,55507909,93022123,0,other: Hydrapple ex,dbb5198fabf0d141,10,120,Myriad Leaf Shower,96,Teal Mask Ogerpon ex,647,Marnie's Morgrem,100,100,0,1,4,6,12,100,0,0
v25_a,55507909,93023058,0,Mega Lopunny / Froslass,1350508087c01043,5,1225,Gale Thrust,849,Mega Lopunny ex,648,Marnie's Grimmsnarl ex,320,320,2,2,5,1,0,320,0,0
v25_a,55507909,93023058,0,Mega Lopunny / Froslass,1350508087c01043,7,1225,Gale Thrust,849,Mega Lopunny ex,648,Marnie's Grimmsnarl ex,320,320,2,3,5,1,0,320,0,0
v25_a,55507909,93024009,0,Grimmsnarl (mirror),9714ab5c3996f6cc,12,937,Shadow Bullet,648,Marnie's Grimmsnarl ex,648,Marnie's Grimmsnarl ex,310,320,3,2,5,2,0,320,-10,0
v25_a,55507909,93024009,0,Grimmsnarl (mirror),9714ab5c3996f6cc,14,937,Shadow Bullet,648,Marnie's Grimmsnarl ex,648,Marnie's Grimmsnarl ex,110,320,3,3,4,2,0,120,-10,0
v25_a,55507909,93024009,0,Grimmsnarl (mirror),9714ab5c3996f6cc,14,937,Shadow Bullet,648,Marnie's Grimmsnarl ex,648,Marnie's Grimmsnarl ex,110,320,3,3,4,2,0,120,-10,0
v25_a,55507909,93024947,1,Grimmsnarl (mirror),9714ab5c3996f6cc,6,937,Shadow Bullet,648,Marnie's Grimmsnarl ex,648,Marnie's Grimmsnarl ex,310,320,2,3,5,3,0,320,-10,0
v25_a,55507909,93024947,1,Grimmsnarl (mirror),9714ab5c3996f6cc,6,937,Shadow Bullet,648,Marnie's Grimmsnarl ex,648,Marnie's Grimmsnarl ex,310,320,2,2,5,3,0,320,-10,0
v25_a,55507909,93024947,1,Grimmsnarl (mirror),9714ab5c3996f6cc,8,937,Shadow Bullet,648,Marnie's Grimmsnarl ex,648,Marnie's Grimmsnarl ex,110,320,2,6,5,3,0,110,0,0
v25_a,55507909,93024947,1,Grimmsnarl (mirror),9714ab5c3996f6cc,10,937,Shadow Bullet,648,Marnie's Grimmsnarl ex,648,Marnie's Grimmsnarl ex,260,320,2,6,4,2,0,260,0,0
v25_a,55507909,93025874,0,Alakazam,cc38cb450b86770a,3,1072,Powerful Hand,743,Alakazam,646,Marnie's Impidimp,70,70,1,7,3,1,0,70,0,0
v25_a,55507909,93025874,0,Alakazam,cc38cb450b86770a,5,1072,Powerful Hand,743,Alakazam,648,Marnie's Grimmsnarl ex,310,320,2,4,5,1,0,310,0,0
v25_a,55507909,93025874,0,Alakazam,cc38cb450b86770a,5,1072,Powerful Hand,743,Alakazam,648,Marnie's Grimmsnarl ex,310,320,2,4,5,1,0,310,0,0
v25_a,55507909,93025874,0,Alakazam,cc38cb450b86770a,7,1072,Powerful Hand,743,Alakazam,648,Marnie's Grimmsnarl ex,310,320,2,4,5,1,0,310,0,0
v25_a,55507909,93026028,0,Dragapult,492dfbc03b362c9f,6,153,Jet Headbutt,121,Dragapult ex,648,Marnie's Grimmsnarl ex,320,320,2,2,4,2,0,320,0,0
v25_a,55507909,93026028,0,Dragapult,492dfbc03b362c9f,6,153,Jet Headbutt,121,Dragapult ex,648,Marnie's Grimmsnarl ex,320,320,2,2,4,2,0,320,0,0
v25_a,55507909,93026028,0,Dragapult,492dfbc03b362c9f,8,153,Jet Headbutt,121,Dragapult ex,648,Marnie's Grimmsnarl ex,320,320,1,3,4,2,0,320,0,0
v25_a,55507909,93026028,0,Dragapult,492dfbc03b362c9f,8,153,Jet Headbutt,121,Dragapult ex,648,Marnie's Grimmsnarl ex,320,320,1,3,4,2,0,320,0,0
v25_a,55507909,93026028,0,Dragapult,492dfbc03b362c9f,8,153,Jet Headbutt,121,Dragapult ex,648,Marnie's Grimmsnarl ex,320,320,1,3,4,2,0,320,0,0
v25_a,55507909,93026028,0,Dragapult,492dfbc03b362c9f,8,153,Jet Headbutt,121,Dragapult ex,648,Marnie's Grimmsnarl ex,320,320,1,3,4,2,0,320,0,0
v25_a,55507909,93026028,0,Dragapult,492dfbc03b362c9f,8,154,Phantom Dive,121,Dragapult ex,647,Marnie's Morgrem,100,100,2,3,4,2,0,100,0,0
v25_a,55507909,93026028,0,Dragapult,492dfbc03b362c9f,10,153,Jet Headbutt,121,Dragapult ex,112,Munkidori,110,110,0,4,3,2,0,110,0,0
v25_a,55507909,93026028,0,Dragapult,492dfbc03b362c9f,10,153,Jet Headbutt,121,Dragapult ex,112,Munkidori,110,110,0,4,3,2,0,0,110,1
v25_a,55507909,93026028,0,Dragapult,492dfbc03b362c9f,12,153,Jet Headbutt,121,Dragapult ex,648,Marnie's Grimmsnarl ex,320,320,1,4,3,2,0,320,0,0
v25_a,55507909,93026028,0,Dragapult,492dfbc03b362c9f,12,153,Jet Headbutt,121,Dragapult ex,648,Marnie's Grimmsnarl ex,320,320,1,4,3,2,0,320,0,0
v25_a,55507909,93026676,1,Grimmsnarl (mirror),9714ab5c3996f6cc,6,937,Shadow Bullet,648,Marnie's Grimmsnarl ex,112,Munkidori,100,110,1,2,5,2,0,100,0,0
v25_a,55507909,93026676,1,Grimmsnarl (mirror),9714ab5c3996f6cc,6,937,Shadow Bullet,648,Marnie's Grimmsnarl ex,112,Munkidori,100,110,1,2,5,2,0,0,100,1
v25_a,55507909,93026676,1,Grimmsnarl (mirror),9714ab5c3996f6cc,8,937,Shadow Bullet,648,Marnie's Grimmsnarl ex,648,Marnie's Grimmsnarl ex,290,320,2,6,5,2,0,300,-10,0
v25_a,55507909,93026676,1,Grimmsnarl (mirror),9714ab5c3996f6cc,8,937,Shadow Bullet,648,Marnie's Grimmsnarl ex,648,Marnie's Grimmsnarl ex,290,320,2,6,5,3,0,300,-10,0
v25_a,55507909,93026676,1,Grimmsnarl (mirror),9714ab5c3996f6cc,8,937,Shadow Bullet,648,Marnie's Grimmsnarl ex,648,Marnie's Grimmsnarl ex,290,320,2,6,5,2,0,300,-10,0
v25_a,55507909,93026676,1,Grimmsnarl (mirror),9714ab5c3996f6cc,10,937,Shadow Bullet,648,Marnie's Grimmsnarl ex,648,Marnie's Grimmsnarl ex,90,320,2,9,5,2,0,100,-10,0
v25_a,55507909,93026834,1,Grimmsnarl (mirror),9714ab5c3996f6cc,4,937,Shadow Bullet,648,Marnie's Grimmsnarl ex,860,Snorunt,70,70,1,4,5,2,0,70,0,0
v25_a,55507909,93026834,1,Grimmsnarl (mirror),9714ab5c3996f6cc,4,937,Shadow Bullet,648,Marnie's Grimmsnarl ex,860,Snorunt,70,70,1,4,5,2,0,70,0,0
v25_a,55507909,93026834,1,Grimmsnarl (mirror),9714ab5c3996f6cc,6,937,Shadow Bullet,648,Marnie's Grimmsnarl ex,648,Marnie's Grimmsnarl ex,320,320,2,3,5,2,0,320,0,0
v25_a,55507909,93026834,1,Grimmsnarl (mirror),9714ab5c3996f6cc,8,937,Shadow Bullet,648,Marnie's Grimmsnarl ex,648,Marnie's Grimmsnarl ex,230,320,3,8,5,2,0,230,0,0
v25_a,55507909,93026834,1,Grimmsnarl (mirror),9714ab5c3996f6cc,8,937,Shadow Bullet,648,Marnie's Grimmsnarl ex,648,Marnie's Grimmsnarl ex,230,320,3,8,5,2,0,230,0,0
v25_a,55507909,93026834,1,Grimmsnarl (mirror),9714ab5c3996f6cc,10,937,Shadow Bullet,648,Marnie's Grimmsnarl ex,648,Marnie's Grimmsnarl ex,320,320,2,9,5,2,0,320,0,0
v25_a,55507909,93026834,1,Grimmsnarl (mirror),9714ab5c3996f6cc,10,937,Shadow Bullet,648,Marnie's Grimmsnarl ex,648,Marnie's Grimmsnarl ex,320,320,2,9,5,2,0,320,0,0
v25_a,55507909,93027800,0,Ogerpon,b4c3b389edc54027,3,120,Myriad Leaf Shower,96,Teal Mask Ogerpon ex,860,Snorunt,100,100,0,5,2,4,5,100,0,0
v25_a,55507909,93027800,0,Ogerpon,b4c3b389edc54027,5,120,Myriad Leaf Shower,96,Teal Mask Ogerpon ex,104,Froslass,90,90,0,4,5,6,8,90,0,0
v25_a,55507909,93027800,0,Ogerpon,b4c3b389edc54027,7,120,Myriad Leaf Shower,96,Teal Mask Ogerpon ex,646,Marnie's Impidimp,70,70,0,4,5,4,11,70,0,0
v25_a,55507909,93027800,0,Ogerpon,b4c3b389edc54027,7,120,Myriad Leaf Shower,96,Teal Mask Ogerpon ex,646,Marnie's Impidimp,70,70,0,4,5,4,11,70,0,0
v25_a,55507909,93027800,0,Ogerpon,b4c3b389edc54027,7,120,Myriad Leaf Shower,96,Teal Mask Ogerpon ex,646,Marnie's Impidimp,70,70,0,4,5,4,11,70,0,0
v25_a,55507909,93027800,0,Ogerpon,b4c3b389edc54027,9,120,Myriad Leaf Shower,96,Teal Mask Ogerpon ex,648,Marnie's Grimmsnarl ex,310,320,2,4,5,9,9,310,0,0
v25_a,55507909,93027800,0,Ogerpon,b4c3b389edc54027,9,120,Myriad Leaf Shower,96,Teal Mask Ogerpon ex,648,Marnie's Grimmsnarl ex,310,320,2,4,5,9,9,320,-10,0
v25_a,55507909,93027800,0,Ogerpon,b4c3b389edc54027,11,120,Myriad Leaf Shower,96,Teal Mask Ogerpon ex,112,Munkidori,100,110,1,4,5,10,12,100,0,0
v25_a,55507909,93027800,0,Ogerpon,b4c3b389edc54027,11,120,Myriad Leaf Shower,96,Teal Mask Ogerpon ex,112,Munkidori,130,140,1,4,5,11,13,110,20,0
v25_a,55507909,93028747,1,Dragapult,202ee2cec6cbe8b4,5,152,Dragon Headbutt,120,Drakloak,648,Marnie's Grimmsnarl ex,320,320,2,7,2,2,0,320,0,0
v25_a,55507909,93028747,1,Dragapult,202ee2cec6cbe8b4,5,152,Dragon Headbutt,120,Drakloak,648,Marnie's Grimmsnarl ex,320,320,2,7,2,2,0,320,0,0
v25_a,55507909,93028747,1,Dragapult,202ee2cec6cbe8b4,5,323,Itchy Pollen,235,Budew,648,Marnie's Grimmsnarl ex,320,320,2,7,2,0,0,320,0,0
v25_a,55507909,93029685,1,Grimmsnarl (mirror),9714ab5c3996f6cc,10,937,Shadow Bullet,648,Marnie's Grimmsnarl ex,648,Marnie's Grimmsnarl ex,320,320,2,4,5,2,0,320,0,0
v25_a,55507909,93029685,1,Grimmsnarl (mirror),9714ab5c3996f6cc,10,937,Shadow Bullet,648,Marnie's Grimmsnarl ex,648,Marnie's Grimmsnarl ex,320,320,2,4,5,2,0,320,0,0
v25_a,55507909,93029685,1,Grimmsnarl (mirror),9714ab5c3996f6cc,12,937,Shadow Bullet,648,Marnie's Grimmsnarl ex,648,Marnie's Grimmsnarl ex,230,320,3,4,5,2,0,230,0,0
v25_a,55507909,93029685,1,Grimmsnarl (mirror),9714ab5c3996f6cc,14,937,Shadow Bullet,648,Marnie's Grimmsnarl ex,648,Marnie's Grimmsnarl ex,80,320,3,7,5,2,0,80,0,0
v25_a,55507909,93030632,0,Kangaskhan / Crustle,2615cb184074e798,7,478,Ascension,344,Dwebble,648,Marnie's Grimmsnarl ex,300,320,2,9,5,1,0,300,0,0
v25_a,55507909,93030632,0,Kangaskhan / Crustle,2615cb184074e798,13,479,Superb Scissors,345,Crustle,648,Marnie's Grimmsnarl ex,320,320,2,7,5,3,2,320,0,0
v25_a,55507909,93030632,0,Kangaskhan / Crustle,2615cb184074e798,13,479,Superb Scissors,345,Crustle,648,Marnie's Grimmsnarl ex,320,320,2,7,5,3,2,320,0,0
v25_a,55507909,93030632,0,Kangaskhan / Crustle,2615cb184074e798,13,479,Superb Scissors,345,Crustle,648,Marnie's Grimmsnarl ex,320,320,2,7,5,3,2,320,0,0
v25_a,55507909,93030632,0,Kangaskhan / Crustle,2615cb184074e798,15,479,Superb Scissors,345,Crustle,648,Marnie's Grimmsnarl ex,320,320,2,8,5,3,2,320,0,0
v25_a,55507909,93030632,0,Kangaskhan / Crustle,2615cb184074e798,17,479,Superb Scissors,345,Crustle,648,Marnie's Grimmsnarl ex,320,320,2,9,5,3,2,320,0,0
v25_a,55507909,93030632,0,Kangaskhan / Crustle,2615cb184074e798,17,479,Superb Scissors,345,Crustle,648,Marnie's Grimmsnarl ex,320,320,2,9,5,3,2,320,0,0
v25_a,55507909,93030632,0,Kangaskhan / Crustle,2615cb184074e798,19,479,Superb Scissors,345,Crustle,112,Munkidori,110,110,1,10,5,3,2,,,1
v25_a,55507909,93030632,0,Kangaskhan / Crustle,2615cb184074e798,21,479,Superb Scissors,345,Crustle,648,Marnie's Grimmsnarl ex,320,320,2,3,5,3,2,320,0,0
v25_a,55507909,93030632,0,Kangaskhan / Crustle,2615cb184074e798,23,479,Superb Scissors,345,Crustle,648,Marnie's Grimmsnarl ex,320,320,2,3,5,3,2,320,0,0
v25_a,55507909,93030632,0,Kangaskhan / Crustle,2615cb184074e798,25,479,Superb Scissors,345,Crustle,648,Marnie's Grimmsnarl ex,320,320,2,4,5,3,2,320,0,0
v25_a,55507909,93030632,0,Kangaskhan / Crustle,2615cb184074e798,27,479,Superb Scissors,345,Crustle,648,Marnie's Grimmsnarl ex,320,320,2,5,5,3,2,320,0,0
v25_a,55507909,93030632,0,Kangaskhan / Crustle,2615cb184074e798,29,479,Superb Scissors,345,Crustle,648,Marnie's Grimmsnarl ex,320,320,2,6,5,3,2,320,0,0
v25_a,55507909,93030632,0,Kangaskhan / Crustle,2615cb184074e798,31,479,Superb Scissors,345,Crustle,648,Marnie's Grimmsnarl ex,320,320,2,6,5,3,3,320,0,0
v25_a,55507909,93030632,0,Kangaskhan / Crustle,2615cb184074e798,33,479,Superb Scissors,345,Crustle,648,Marnie's Grimmsnarl ex,320,320,2,7,5,3,3,320,0,0
v25_a,55507909,93030632,0,Kangaskhan / Crustle,2615cb184074e798,37,479,Superb Scissors,345,Crustle,648,Marnie's Grimmsnarl ex,320,320,2,8,5,4,4,320,0,0
v25_a,55507909,93031585,1,Alakazam,cc38cb450b86770a,8,1072,Powerful Hand,743,Alakazam,648,Marnie's Grimmsnarl ex,310,320,2,3,5,1,0,320,-10,0
v25_a,55507909,93032526,1,Grimmsnarl (mirror),9714ab5c3996f6cc,6,937,Shadow Bullet,648,Marnie's Grimmsnarl ex,648,Marnie's Grimmsnarl ex,320,320,2,2,5,3,0,320,0,0
v25_a,55507909,93032526,1,Grimmsnarl (mirror),9714ab5c3996f6cc,6,937,Shadow Bullet,648,Marnie's Grimmsnarl ex,648,Marnie's Grimmsnarl ex,320,320,2,2,5,3,0,320,0,0
v25_a,55507909,93032526,1,Grimmsnarl (mirror),9714ab5c3996f6cc,6,937,Shadow Bullet,648,Marnie's Grimmsnarl ex,648,Marnie's Grimmsnarl ex,320,320,2,2,5,3,0,320,0,0
v25_a,55507909,93032526,1,Grimmsnarl (mirror),9714ab5c3996f6cc,10,937,Shadow Bullet,648,Marnie's Grimmsnarl ex,648,Marnie's Grimmsnarl ex,140,320,2,6,5,2,0,150,-10,0
v25_a,55507909,93034380,1,Alakazam,cc38cb450b86770a,8,1072,Powerful Hand,743,Alakazam,648,Marnie's Grimmsnarl ex,310,320,2,9,5,1,0,320,-10,0
v25_a,55507909,93034380,1,Alakazam,cc38cb450b86770a,8,1072,Powerful Hand,743,Alakazam,648,Marnie's Grimmsnarl ex,310,320,2,9,5,1,0,20,290,0
v25_a,55507909,93034380,1,Alakazam,cc38cb450b86770a,8,1072,Powerful Hand,743,Alakazam,648,Marnie's Grimmsnarl ex,310,320,2,9,5,1,0,20,290,0
v25_a,55507909,93035321,0,other: Hydrapple ex,7379bd986b1d8470,4,120,Myriad Leaf Shower,96,Teal Mask Ogerpon ex,646,Marnie's Impidimp,70,70,1,4,2,3,4,70,0,0
v25_a,55507909,93036269,1,Kangaskhan / Crustle,4717e5f31ba694d4,6,479,Superb Scissors,345,Crustle,646,Marnie's Impidimp,70,70,1,3,5,3,2,70,0,0
v25_a,55507909,93036269,1,Kangaskhan / Crustle,4717e5f31ba694d4,8,479,Superb Scissors,345,Crustle,648,Marnie's Grimmsnarl ex,310,320,2,3,5,4,2,60,250,0
v25_a,55507909,93036269,1,Kangaskhan / Crustle,4717e5f31ba694d4,8,479,Superb Scissors,345,Crustle,648,Marnie's Grimmsnarl ex,310,320,2,3,5,4,2,60,250,0
v25_a,55507909,93036269,1,Kangaskhan / Crustle,4717e5f31ba694d4,12,479,Superb Scissors,345,Crustle,648,Marnie's Grimmsnarl ex,310,320,2,2,5,4,2,60,250,0
v25_a,55507909,93036269,1,Kangaskhan / Crustle,4717e5f31ba694d4,12,479,Superb Scissors,345,Crustle,648,Marnie's Grimmsnarl ex,310,320,2,2,5,4,2,60,250,0
v25_a,55507909,93037150,0,other: Hydrapple ex,f9f0809c29d22c99,4,115,Do the Wave,93,Dipplin,646,Marnie's Impidimp,70,70,0,6,5,1,2,70,0,0
v25_a,55507909,93037150,0,other: Hydrapple ex,f9f0809c29d22c99,8,195,Syrup Storm,150,Hydrapple ex,648,Marnie's Grimmsnarl ex,310,320,2,4,5,4,10,320,-10,0
v25_a,55507909,93037150,0,other: Hydrapple ex,f9f0809c29d22c99,10,195,Syrup Storm,150,Hydrapple ex,104,Froslass,90,90,0,4,5,4,18,,,1
v25_a,55507909,93037213,1,other: N’s Zoroark ex,c4f4bc085d56234b,5,402,Scratch,293,N’s Zoroark ex,646,Marnie's Impidimp,70,70,0,5,4,2,0,70,0,0
v25_a,55507909,93037213,1,other: N’s Zoroark ex,c4f4bc085d56234b,5,402,Scratch,293,N’s Zoroark ex,104,Froslass,90,90,0,5,4,2,0,,,1
v25_a,55507909,93037213,1,other: N’s Zoroark ex,c4f4bc085d56234b,7,402,Scratch,293,N’s Zoroark ex,647,Marnie's Morgrem,100,100,0,5,5,2,0,,,1
v25_a,55507909,93037213,1,other: N’s Zoroark ex,c4f4bc085d56234b,9,402,Scratch,293,N’s Zoroark ex,648,Marnie's Grimmsnarl ex,270,320,2,6,5,2,0,320,-50,0
v25_a,55507909,93037213,1,other: N’s Zoroark ex,c4f4bc085d56234b,11,421,Virtuous Flame,293,N’s Zoroark ex,648,Marnie's Grimmsnarl ex,270,320,2,2,5,2,0,270,0,0
v25_a,55507909,93038152,0,Grimmsnarl (mirror),9714ab5c3996f6cc,8,937,Shadow Bullet,648,Marnie's Grimmsnarl ex,648,Marnie's Grimmsnarl ex,200,320,2,7,5,2,0,200,0,0
v25_a,55507909,93038152,0,Grimmsnarl (mirror),9714ab5c3996f6cc,12,937,Shadow Bullet,648,Marnie's Grimmsnarl ex,648,Marnie's Grimmsnarl ex,170,320,2,3,4,2,0,170,0,0
v25_a,55507909,93039112,0,Grimmsnarl (mirror),9714ab5c3996f6cc,6,937,Shadow Bullet,648,Marnie's Grimmsnarl ex,648,Marnie's Grimmsnarl ex,130,320,5,2,5,2,0,140,-10,0
v25_a,55507909,93039112,0,Grimmsnarl (mirror),9714ab5c3996f6cc,10,937,Shadow Bullet,648,Marnie's Grimmsnarl ex,648,Marnie's Grimmsnarl ex,290,320,2,5,1,2,0,300,-10,0
v25_a,55507909,93039112,0,Grimmsnarl (mirror),9714ab5c3996f6cc,10,937,Shadow Bullet,648,Marnie's Grimmsnarl ex,648,Marnie's Grimmsnarl ex,290,320,2,5,1,3,0,300,-10,0
v25_a,55507909,93040042,1,Grimmsnarl (mirror),9714ab5c3996f6cc,2,934,Filch,646,Marnie's Impidimp,646,Marnie's Impidimp,70,70,0,4,4,1,0,70,0,0
v25_a,55507909,93040042,1,Grimmsnarl (mirror),9714ab5c3996f6cc,2,934,Filch,646,Marnie's Impidimp,646,Marnie's Impidimp,70,70,0,4,4,1,0,70,0,0
v25_a,55507909,93040686,0,Mega Lopunny / Froslass,a7ee29914c1dce64,6,1225,Gale Thrust,849,Mega Lopunny ex,648,Marnie's Grimmsnarl ex,310,320,2,7,4,1,0,70,240,0
v25_a,55507909,93040686,0,Mega Lopunny / Froslass,a7ee29914c1dce64,6,1225,Gale Thrust,849,Mega Lopunny ex,648,Marnie's Grimmsnarl ex,310,320,2,7,4,1,0,70,240,0
v25_a,55507909,93040686,0,Mega Lopunny / Froslass,a7ee29914c1dce64,10,1240,Resentful Refrain,861,Mega Froslass ex,648,Marnie's Grimmsnarl ex,310,320,2,4,4,1,0,100,210,0
v25_a,55507909,93040686,0,Mega Lopunny / Froslass,a7ee29914c1dce64,10,1240,Resentful Refrain,861,Mega Froslass ex,648,Marnie's Grimmsnarl ex,310,320,2,4,4,1,0,100,210,0
v25_a,55507909,93040686,0,Mega Lopunny / Froslass,a7ee29914c1dce64,12,1225,Gale Thrust,849,Mega Lopunny ex,648,Marnie's Grimmsnarl ex,120,320,2,1,5,1,0,130,-10,0
v25_a,55507909,93040966,0,Alakazam,cc38cb450b86770a,10,1072,Powerful Hand,743,Alakazam,648,Marnie's Grimmsnarl ex,320,320,2,3,3,1,0,20,300,0
v25_a,55507909,93045706,0,Mega Lucario,05f854e1b3b3ba0f,2,980,Cosmic Beam,676,Solrock,646,Marnie's Impidimp,70,70,1,5,1,1,0,70,0,0
v25_a,55507909,93045706,0,Mega Lucario,05f854e1b3b3ba0f,2,980,Cosmic Beam,676,Solrock,646,Marnie's Impidimp,70,70,1,5,1,1,0,70,0,0
v25_a,55507909,93045706,0,Mega Lucario,05f854e1b3b3ba0f,2,980,Cosmic Beam,676,Solrock,646,Marnie's Impidimp,70,70,1,5,1,1,0,70,0,0
v25_a,55507909,93045706,0,Mega Lucario,05f854e1b3b3ba0f,4,980,Cosmic Beam,676,Solrock,860,Snorunt,70,70,0,4,3,1,0,70,0,0
v25_a,55507909,93045706,0,Mega Lucario,05f854e1b3b3ba0f,6,983,Mega Brave,678,Mega Lucario ex,648,Marnie's Grimmsnarl ex,320,320,2,2,4,2,0,20,300,0
v25_a,55507909,93045706,0,Mega Lucario,05f854e1b3b3ba0f,10,983,Mega Brave,678,Mega Lucario ex,648,Marnie's Grimmsnarl ex,320,320,3,4,4,2,0,20,300,0
v25_a,55507909,93053716,1,Alakazam,cc38cb450b86770a,3,1070,Teleportation Attack,741,Abra,646,Marnie's Impidimp,70,70,1,6,2,1,0,70,0,0
v25_a,55507909,93053716,1,Alakazam,cc38cb450b86770a,5,1071,Super Psy Bolt,742,Kadabra,648,Marnie's Grimmsnarl ex,310,320,2,6,5,1,0,310,0,0
v25_a,55507909,93053716,1,Alakazam,cc38cb450b86770a,5,1071,Super Psy Bolt,742,Kadabra,648,Marnie's Grimmsnarl ex,310,320,2,6,5,1,0,310,0,0
v25_a,55507909,93053716,1,Alakazam,cc38cb450b86770a,5,1071,Super Psy Bolt,742,Kadabra,648,Marnie's Grimmsnarl ex,310,320,2,6,5,1,0,310,0,0
v25_a,55507909,93053716,1,Alakazam,cc38cb450b86770a,7,1072,Powerful Hand,743,Alakazam,648,Marnie's Grimmsnarl ex,290,320,2,7,5,1,0,290,0,0
v25_a,55507909,93053716,1,Alakazam,cc38cb450b86770a,9,1072,Powerful Hand,743,Alakazam,648,Marnie's Grimmsnarl ex,310,320,2,5,5,1,0,310,0,0
v25_a,55507909,93053716,1,Alakazam,cc38cb450b86770a,9,1072,Powerful Hand,743,Alakazam,648,Marnie's Grimmsnarl ex,310,320,2,5,5,1,0,320,-10,0
v25_a,55507909,93054807,0,Kangaskhan / Crustle,8f6a9933322de8f8,5,479,Superb Scissors,345,Crustle,860,Snorunt,70,70,0,6,5,3,1,70,0,0
v25_a,55507909,93054807,0,Kangaskhan / Crustle,8f6a9933322de8f8,11,479,Superb Scissors,345,Crustle,648,Marnie's Grimmsnarl ex,320,320,2,4,4,4,2,320,0,0
v25_a,55507909,93067861,0,other: Conkeldurr,cba33a320586d970,5,188,Trifrost,163,Slowking,112,Munkidori,110,110,1,5,3,2,0,110,0,0
v25_a,55507909,93067861,0,other: Conkeldurr,cba33a320586d970,9,213,Seek Inspiration,163,Slowking,648,Marnie's Grimmsnarl ex,320,320,3,4,2,2,0,320,0,0
v25_a,55507909,93067861,0,other: Conkeldurr,cba33a320586d970,9,304,Tantrum,163,Slowking,648,Marnie's Grimmsnarl ex,320,320,3,4,2,2,0,320,0,0
v25_a,55507909,93067861,0,other: Conkeldurr,cba33a320586d970,9,305,Destined Fight,163,Slowking,648,Marnie's Grimmsnarl ex,320,320,3,4,2,2,0,,,1
v25_a,55507909,93067861,0,other: Conkeldurr,cba33a320586d970,13,213,Seek Inspiration,163,Slowking,112,Munkidori,110,110,1,5,3,2,0,110,0,0
v25_a,55507909,93067861,0,other: Conkeldurr,cba33a320586d970,13,145,Tantrum,163,Slowking,112,Munkidori,110,110,1,5,3,2,0,110,0,0
v25_a,55507909,93075134,0,Ogerpon,d29c7e8375bce6c8,4,479,Superb Scissors,345,Crustle,648,Marnie's Grimmsnarl ex,320,320,2,7,5,3,1,80,240,0
v25_a,55507909,93075134,0,Ogerpon,d29c7e8375bce6c8,22,479,Superb Scissors,345,Crustle,648,Marnie's Grimmsnarl ex,310,320,2,8,3,3,2,60,250,0
v25_a,55507909,93080769,0,Kangaskhan / Crustle,8f6a9933322de8f8,12,479,Superb Scissors,345,Crustle,112,Munkidori,110,110,1,3,5,4,2,,,1
v25_a,55507909,93080769,0,Kangaskhan / Crustle,8f6a9933322de8f8,14,479,Superb Scissors,345,Crustle,648,Marnie's Grimmsnarl ex,320,320,2,3,4,4,2,80,240,0
v25_a,55507909,93080769,0,Kangaskhan / Crustle,8f6a9933322de8f8,16,479,Superb Scissors,345,Crustle,648,Marnie's Grimmsnarl ex,140,320,2,6,5,4,2,140,0,0
v25_a,55507909,93080769,0,Kangaskhan / Crustle,8f6a9933322de8f8,20,479,Superb Scissors,345,Crustle,648,Marnie's Grimmsnarl ex,310,320,2,3,4,4,2,60,250,0
v25_a,55507909,93080769,0,Kangaskhan / Crustle,8f6a9933322de8f8,22,479,Superb Scissors,345,Crustle,648,Marnie's Grimmsnarl ex,310,320,2,5,4,4,3,60,250,0
v25_a,55507909,93080769,0,Kangaskhan / Crustle,8f6a9933322de8f8,22,479,Superb Scissors,345,Crustle,648,Marnie's Grimmsnarl ex,310,320,2,5,4,4,3,60,250,0
v25_a,55507909,93089963,0,Grimmsnarl (mirror),9714ab5c3996f6cc,6,934,Filch,646,Marnie's Impidimp,112,Munkidori,110,110,0,6,5,1,0,110,0,0
v25_a,55507909,93089963,0,Grimmsnarl (mirror),9714ab5c3996f6cc,10,937,Shadow Bullet,648,Marnie's Grimmsnarl ex,648,Marnie's Grimmsnarl ex,200,320,3,3,4,2,0,200,0,0
v25_a,55507909,93089963,0,Grimmsnarl (mirror),9714ab5c3996f6cc,12,937,Shadow Bullet,648,Marnie's Grimmsnarl ex,648,Marnie's Grimmsnarl ex,320,320,2,3,5,2,0,320,0,0
v25_a,55507909,93093465,0,Kangaskhan / Crustle,a4db97283921f280,8,479,Superb Scissors,345,Crustle,104,Froslass,90,90,0,5,5,3,1,,,1
v25_a,55507909,93093465,0,Kangaskhan / Crustle,a4db97283921f280,10,479,Superb Scissors,345,Crustle,648,Marnie's Grimmsnarl ex,320,320,2,5,5,3,1,320,0,0
v25_a,55507909,93093465,0,Kangaskhan / Crustle,a4db97283921f280,10,479,Superb Scissors,345,Crustle,648,Marnie's Grimmsnarl ex,320,320,2,5,5,3,1,320,0,0
v25_a,55507909,93093465,0,Kangaskhan / Crustle,a4db97283921f280,12,479,Superb Scissors,345,Crustle,648,Marnie's Grimmsnarl ex,170,320,2,7,5,3,1,170,0,0
v25_a,55507909,93093465,0,Kangaskhan / Crustle,a4db97283921f280,14,479,Superb Scissors,345,Crustle,648,Marnie's Grimmsnarl ex,320,320,2,3,5,3,1,320,0,0
v25_a,55507909,93093465,0,Kangaskhan / Crustle,a4db97283921f280,14,479,Superb Scissors,345,Crustle,648,Marnie's Grimmsnarl ex,320,320,2,3,5,3,1,320,0,0
v25_a,55507909,93093465,0,Kangaskhan / Crustle,a4db97283921f280,32,479,Superb Scissors,345,Crustle,648,Marnie's Grimmsnarl ex,320,320,2,7,5,3,2,320,0,0
v25_a,55507909,93093465,0,Kangaskhan / Crustle,a4db97283921f280,36,479,Superb Scissors,345,Crustle,648,Marnie's Grimmsnarl ex,320,320,1,3,5,3,2,320,0,0
v25_a,55507909,93093465,0,Kangaskhan / Crustle,a4db97283921f280,38,479,Superb Scissors,345,Crustle,648,Marnie's Grimmsnarl ex,170,320,1,3,5,3,2,170,0,0
v25_a,55507909,93102736,1,Mega Lucario,05f854e1b3b3ba0f,5,980,Cosmic Beam,676,Solrock,860,Snorunt,70,70,1,5,3,1,0,70,0,0
v25_a,55507909,93102736,1,Mega Lucario,05f854e1b3b3ba0f,7,982,Aura Jab,678,Mega Lucario ex,648,Marnie's Grimmsnarl ex,310,320,2,4,5,1,0,180,130,0
v25_a,55507909,93102736,1,Mega Lucario,05f854e1b3b3ba0f,9,982,Aura Jab,678,Mega Lucario ex,648,Marnie's Grimmsnarl ex,220,320,2,7,5,1,0,90,130,0
v25_a,55507909,93111228,1,Alakazam,cc38cb450b86770a,6,423,Trading Places,305,Dunsparce,104,Froslass,90,90,0,4,5,1,0,90,0,0
v25_a,55507909,93111228,1,Alakazam,cc38cb450b86770a,6,423,Trading Places,305,Dunsparce,104,Froslass,90,90,0,4,5,1,0,90,0,0
v25_a,55507909,93111228,1,Alakazam,cc38cb450b86770a,6,423,Trading Places,305,Dunsparce,104,Froslass,90,90,0,4,5,1,0,90,0,0
v25_a,55507909,93111228,1,Alakazam,cc38cb450b86770a,12,1072,Powerful Hand,743,Alakazam,648,Marnie's Grimmsnarl ex,320,320,2,7,5,1,0,220,100,0
v25_a,55507909,93118688,0,Grimmsnarl (mirror),9714ab5c3996f6cc,4,937,Shadow Bullet,648,Marnie's Grimmsnarl ex,648,Marnie's Grimmsnarl ex,320,320,2,4,3,2,0,320,0,0
v25_a,55507909,93123216,0,Grimmsnarl (mirror),1dc8b2e03614809f,7,937,Shadow Bullet,648,Marnie's Grimmsnarl ex,648,Marnie's Grimmsnarl ex,310,320,2,4,5,2,0,310,0,0
v25_a,55507909,93123216,0,Grimmsnarl (mirror),1dc8b2e03614809f,9,937,Shadow Bullet,648,Marnie's Grimmsnarl ex,648,Marnie's Grimmsnarl ex,310,320,2,6,4,2,0,310,0,0
v25_a,55507909,93142838,0,Mega Lopunny / Froslass,a7ee29914c1dce64,4,1240,Resentful Refrain,861,Mega Froslass ex,112,Munkidori,110,110,1,5,2,1,0,110,0,0
v25_a,55507909,93142838,0,Mega Lopunny / Froslass,a7ee29914c1dce64,6,1240,Resentful Refrain,861,Mega Froslass ex,648,Marnie's Grimmsnarl ex,320,320,2,4,4,1,0,320,0,0
v25_a,55507909,93142838,0,Mega Lopunny / Froslass,a7ee29914c1dce64,6,1226,Spiky Hopper,849,Mega Lopunny ex,648,Marnie's Grimmsnarl ex,320,320,2,4,4,2,0,90,230,0
v25_a,55507909,93142838,0,Mega Lopunny / Froslass,a7ee29914c1dce64,6,1225,Gale Thrust,849,Mega Lopunny ex,648,Marnie's Grimmsnarl ex,320,320,2,4,4,2,0,90,230,0
v25_a,55507909,93142838,0,Mega Lopunny / Froslass,a7ee29914c1dce64,8,1225,Gale Thrust,849,Mega Lopunny ex,648,Marnie's Grimmsnarl ex,320,320,2,5,5,2,0,320,0,0
v25_a,55507909,93142838,0,Mega Lopunny / Froslass,a7ee29914c1dce64,12,1225,Gale Thrust,849,Mega Lopunny ex,648,Marnie's Grimmsnarl ex,320,320,2,6,5,1,0,90,230,0
v25_a,55507909,93162066,1,Dragapult,202ee2cec6cbe8b4,2,150,Petty Grudge,119,Dreepy,646,Marnie's Impidimp,70,70,0,5,1,1,0,70,0,0
v25_a,55507909,93162066,1,Dragapult,202ee2cec6cbe8b4,2,323,Itchy Pollen,235,Budew,646,Marnie's Impidimp,70,70,0,5,1,0,0,50,20,0
v25_a,55507909,93162066,1,Dragapult,202ee2cec6cbe8b4,4,323,Itchy Pollen,235,Budew,647,Marnie's Morgrem,100,100,0,7,1,0,0,80,20,0
v25_a,55507909,93162066,1,Dragapult,202ee2cec6cbe8b4,4,323,Itchy Pollen,235,Budew,647,Marnie's Morgrem,100,100,0,7,1,0,0,80,20,0
v25_b,55517142,93154409,0,Grimmsnarl (mirror),9714ab5c3996f6cc,12,937,Shadow Bullet,648,Marnie's Grimmsnarl ex,648,Marnie's Grimmsnarl ex,290,320,2,1,4,2,0,300,-10,0
v25_b,55517142,93154409,0,Grimmsnarl (mirror),9714ab5c3996f6cc,14,937,Shadow Bullet,648,Marnie's Grimmsnarl ex,648,Marnie's Grimmsnarl ex,60,320,0,2,3,2,0,0,60,1
v25_b,55517142,93154409,0,Grimmsnarl (mirror),9714ab5c3996f6cc,16,937,Shadow Bullet,648,Marnie's Grimmsnarl ex,648,Marnie's Grimmsnarl ex,290,320,2,2,2,2,0,300,-10,0
v25_b,55517142,93155412,1,Alakazam,cc38cb450b86770a,3,1070,Teleportation Attack,741,Abra,646,Marnie's Impidimp,70,70,0,4,3,1,0,70,0,0
v25_b,55517142,93155412,1,Alakazam,cc38cb450b86770a,3,1071,Super Psy Bolt,742,Kadabra,646,Marnie's Impidimp,70,70,0,4,3,1,0,70,0,0
v25_b,55517142,93155412,1,Alakazam,cc38cb450b86770a,7,1070,Teleportation Attack,741,Abra,648,Marnie's Grimmsnarl ex,260,320,2,3,5,1,0,260,0,0
v25_b,55517142,93155412,1,Alakazam,cc38cb450b86770a,9,1070,Teleportation Attack,741,Abra,648,Marnie's Grimmsnarl ex,220,320,2,3,5,1,0,220,0,0
v25_b,55517142,93156345,1,other: Walrein,d783aa4539e60222,4,716,Snotted Up,506,Cubchoo,648,Marnie's Grimmsnarl ex,310,320,2,2,3,1,1,310,0,0
v25_b,55517142,93156345,1,other: Walrein,d783aa4539e60222,8,479,Superb Scissors,345,Crustle,648,Marnie's Grimmsnarl ex,290,320,0,2,5,3,1,290,0,0
v25_b,55517142,93156345,1,other: Walrein,d783aa4539e60222,8,479,Superb Scissors,345,Crustle,648,Marnie's Grimmsnarl ex,290,320,0,2,5,3,1,290,0,0
v25_b,55517142,93156345,1,other: Walrein,d783aa4539e60222,10,479,Superb Scissors,345,Crustle,648,Marnie's Grimmsnarl ex,90,320,0,2,5,3,1,90,0,0
v25_b,55517142,93156345,1,other: Walrein,d783aa4539e60222,12,1350,Powder Snow,941,Spheal,648,Marnie's Grimmsnarl ex,310,320,2,7,5,1,0,310,0,0
v25_b,55517142,93156345,1,other: Walrein,d783aa4539e60222,12,1350,Powder Snow,941,Spheal,648,Marnie's Grimmsnarl ex,310,320,2,7,5,1,0,310,0,0
v25_b,55517142,93157287,0,Kangaskhan / Crustle,06719550d979d46e,6,62,Land Collapse,58,Great Tusk,104,Froslass,90,90,0,2,5,2,0,90,0,0
v25_b,55517142,93157287,0,Kangaskhan / Crustle,06719550d979d46e,8,62,Land Collapse,58,Great Tusk,104,Froslass,90,90,0,1,5,2,0,90,0,0
v25_b,55517142,93157287,0,Kangaskhan / Crustle,06719550d979d46e,10,62,Land Collapse,58,Great Tusk,104,Froslass,90,90,0,4,5,2,0,90,0,0
v25_b,55517142,93157287,0,Kangaskhan / Crustle,06719550d979d46e,12,62,Land Collapse,58,Great Tusk,104,Froslass,90,90,0,5,5,2,0,90,0,0
v25_b,55517142,93157287,0,Kangaskhan / Crustle,06719550d979d46e,14,62,Land Collapse,58,Great Tusk,104,Froslass,90,90,0,6,5,2,0,90,0,0
v25_b,55517142,93157287,0,Kangaskhan / Crustle,06719550d979d46e,20,62,Land Collapse,58,Great Tusk,112,Munkidori,80,110,1,7,5,2,0,70,10,0
v25_b,55517142,93157287,0,Kangaskhan / Crustle,06719550d979d46e,22,62,Land Collapse,58,Great Tusk,648,Marnie's Grimmsnarl ex,290,320,2,7,5,2,0,280,10,0
v25_b,55517142,93158231,0,Archaludon,ebd4dbb270dce6a2,2,965,Turbo Flare,666,Cinderace,646,Marnie's Impidimp,70,70,1,5,1,1,0,70,0,0
v25_b,55517142,93159147,1,Kangaskhan / Crustle,c8f1568913647351,8,478,Ascension,344,Dwebble,648,Marnie's Grimmsnarl ex,310,320,2,2,5,1,0,320,-10,0
v25_b,55517142,93160032,1,other: Team Rocket's Mewtwo ex,27f3980c09f1850d,3,560,Rocket Rush,401,Team Rocket's Spidops,860,Snorunt,70,70,1,6,4,2,1,70,0,0
v25_b,55517142,93160032,1,other: Team Rocket's Mewtwo ex,27f3980c09f1850d,3,560,Rocket Rush,401,Team Rocket's Spidops,860,Snorunt,70,70,1,6,4,2,1,70,0,0
v25_b,55517142,93160931,1,Dragapult,8055443275c86105,2,323,Itchy Pollen,235,Budew,646,Marnie's Impidimp,70,70,0,3,4,0,0,50,20,0
v25_b,55517142,93160931,1,Dragapult,8055443275c86105,4,323,Itchy Pollen,235,Budew,646,Marnie's Impidimp,70,70,0,3,4,0,0,70,0,0
v25_b,55517142,93160931,1,Dragapult,8055443275c86105,4,323,Itchy Pollen,235,Budew,646,Marnie's Impidimp,70,70,0,3,4,0,0,70,0,0
v25_b,55517142,93160931,1,Dragapult,8055443275c86105,4,323,Itchy Pollen,235,Budew,646,Marnie's Impidimp,70,70,0,3,4,0,0,50,20,0
v25_b,55517142,93161812,0,other: Cynthia's Garchomp ex,611e66d4080451b0,5,531,Corkscrew Dive,381,Cynthia's Garchomp ex,112,Munkidori,100,110,1,4,2,1,0,0,100,1
v25_b,55517142,93161812,0,other: Cynthia's Garchomp ex,611e66d4080451b0,7,531,Corkscrew Dive,381,Cynthia's Garchomp ex,648,Marnie's Grimmsnarl ex,310,320,3,2,5,1,0,310,0,0
v25_b,55517142,93161812,0,other: Cynthia's Garchomp ex,611e66d4080451b0,7,531,Corkscrew Dive,381,Cynthia's Garchomp ex,648,Marnie's Grimmsnarl ex,310,320,3,2,5,1,0,310,0,0
v25_b,55517142,93161812,0,other: Cynthia's Garchomp ex,611e66d4080451b0,7,531,Corkscrew Dive,381,Cynthia's Garchomp ex,648,Marnie's Grimmsnarl ex,310,320,3,2,5,2,0,320,-10,0
v25_b,55517142,93161812,0,other: Cynthia's Garchomp ex,611e66d4080451b0,11,540,Raging Curse,387,Cynthia's Spiritomb,648,Marnie's Grimmsnarl ex,300,320,2,3,3,2,0,300,0,0
v25_b,55517142,93161812,0,other: Cynthia's Garchomp ex,611e66d4080451b0,11,540,Raging Curse,387,Cynthia's Spiritomb,648,Marnie's Grimmsnarl ex,300,320,2,3,3,2,0,300,0,0
v25_b,55517142,93162704,1,Mega Lucario,d05bff224d40b9c6,2,981,Accelerating Stab,677,Riolu,646,Marnie's Impidimp,70,70,1,4,2,1,0,70,0,0
v25_b,55517142,93162704,1,Mega Lucario,d05bff224d40b9c6,2,981,Accelerating Stab,677,Riolu,646,Marnie's Impidimp,70,70,1,4,2,1,0,40,30,0
v25_b,55517142,93162704,1,Mega Lucario,d05bff224d40b9c6,2,981,Accelerating Stab,677,Riolu,646,Marnie's Impidimp,70,70,1,4,2,1,0,40,30,0
v25_b,55517142,93162704,1,Mega Lucario,d05bff224d40b9c6,4,982,Aura Jab,678,Mega Lucario ex,648,Marnie's Grimmsnarl ex,310,320,3,2,3,1,0,320,-10,0
v25_b,55517142,93162704,1,Mega Lucario,d05bff224d40b9c6,6,982,Aura Jab,678,Mega Lucario ex,648,Marnie's Grimmsnarl ex,190,320,3,2,5,1,0,200,-10,0
v25_b,55517142,93162704,1,Mega Lucario,d05bff224d40b9c6,6,982,Aura Jab,678,Mega Lucario ex,648,Marnie's Grimmsnarl ex,190,320,3,2,5,2,0,200,-10,0
v25_b,55517142,93162704,1,Mega Lucario,d05bff224d40b9c6,6,982,Aura Jab,678,Mega Lucario ex,648,Marnie's Grimmsnarl ex,190,320,3,2,5,2,0,200,-10,0
v25_b,55517142,93162704,1,Mega Lucario,d05bff224d40b9c6,6,982,Aura Jab,678,Mega Lucario ex,648,Marnie's Grimmsnarl ex,190,320,3,2,5,2,0,200,-10,0
v25_b,55517142,93163598,0,Grimmsnarl (mirror),9714ab5c3996f6cc,6,937,Shadow Bullet,648,Marnie's Grimmsnarl ex,648,Marnie's Grimmsnarl ex,310,320,2,2,5,2,0,320,-10,0
v25_b,55517142,93163598,0,Grimmsnarl (mirror),9714ab5c3996f6cc,8,937,Shadow Bullet,648,Marnie's Grimmsnarl ex,648,Marnie's Grimmsnarl ex,310,320,2,2,5,2,0,320,-10,0
v25_b,55517142,93163598,0,Grimmsnarl (mirror),9714ab5c3996f6cc,10,937,Shadow Bullet,648,Marnie's Grimmsnarl ex,648,Marnie's Grimmsnarl ex,140,320,2,1,5,2,0,150,-10,0
v25_b,55517142,93164531,0,Grimmsnarl (mirror),9714ab5c3996f6cc,4,937,Shadow Bullet,648,Marnie's Grimmsnarl ex,648,Marnie's Grimmsnarl ex,310,320,2,2,5,2,0,320,-10,0
v25_b,55517142,93164531,0,Grimmsnarl (mirror),9714ab5c3996f6cc,6,937,Shadow Bullet,648,Marnie's Grimmsnarl ex,648,Marnie's Grimmsnarl ex,110,320,2,2,4,2,0,120,-10,0
v25_b,55517142,93164531,0,Grimmsnarl (mirror),9714ab5c3996f6cc,6,937,Shadow Bullet,648,Marnie's Grimmsnarl ex,648,Marnie's Grimmsnarl ex,110,320,2,2,4,2,0,120,-10,0
v25_b,55517142,93164531,0,Grimmsnarl (mirror),9714ab5c3996f6cc,8,937,Shadow Bullet,648,Marnie's Grimmsnarl ex,648,Marnie's Grimmsnarl ex,290,320,3,5,3,2,0,290,0,0
v25_b,55517142,93164531,0,Grimmsnarl (mirror),9714ab5c3996f6cc,8,937,Shadow Bullet,648,Marnie's Grimmsnarl ex,648,Marnie's Grimmsnarl ex,290,320,3,5,3,2,0,290,0,0
v25_b,55517142,93164531,0,Grimmsnarl (mirror),9714ab5c3996f6cc,10,937,Shadow Bullet,648,Marnie's Grimmsnarl ex,648,Marnie's Grimmsnarl ex,90,320,3,5,4,2,0,100,-10,0
v25_b,55517142,93165439,0,Alakazam,e452d606e1029229,4,1072,Powerful Hand,743,Alakazam,112,Munkidori,90,110,0,5,4,1,0,100,-10,0
v25_b,55517142,93166393,1,Alakazam,39e630cf4cd4a00e,4,423,Trading Places,305,Dunsparce,112,Munkidori,110,110,1,5,3,1,0,110,0,0
v25_b,55517142,93166393,1,Alakazam,39e630cf4cd4a00e,4,1072,Powerful Hand,743,Alakazam,112,Munkidori,110,110,1,5,3,1,0,110,0,0
v25_b,55517142,93166393,1,Alakazam,39e630cf4cd4a00e,4,1072,Powerful Hand,743,Alakazam,112,Munkidori,110,110,1,5,3,1,0,110,0,0
v25_b,55517142,93166393,1,Alakazam,39e630cf4cd4a00e,6,1071,Super Psy Bolt,742,Kadabra,648,Marnie's Grimmsnarl ex,320,320,2,3,5,1,0,290,30,0
v25_b,55517142,93166393,1,Alakazam,39e630cf4cd4a00e,6,1071,Super Psy Bolt,742,Kadabra,648,Marnie's Grimmsnarl ex,320,320,2,3,5,1,0,290,30,0
v25_b,55517142,93167283,0,Archaludon,52c7a27484696015,2,965,Turbo Flare,666,Cinderace,860,Snorunt,70,70,1,5,1,1,0,70,0,0
v25_b,55517142,93167283,0,Archaludon,52c7a27484696015,2,965,Turbo Flare,666,Cinderace,860,Snorunt,70,70,1,5,1,1,0,70,0,0
v25_b,55517142,93167283,0,Archaludon,52c7a27484696015,12,253,Metal Defender,190,Archaludon ex,112,Munkidori,80,110,1,7,4,3,0,100,-20,0
v25_b,55517142,93168177,0,Alakazam,cc38cb450b86770a,8,1072,Powerful Hand,743,Alakazam,648,Marnie's Grimmsnarl ex,320,320,2,3,4,1,0,320,0,0
v25_b,55517142,93168177,0,Alakazam,cc38cb450b86770a,8,1072,Powerful Hand,743,Alakazam,648,Marnie's Grimmsnarl ex,320,320,2,3,4,1,0,320,0,0
v25_b,55517142,93168177,0,Alakazam,cc38cb450b86770a,8,1072,Powerful Hand,743,Alakazam,648,Marnie's Grimmsnarl ex,320,320,2,3,4,1,0,80,240,0
v25_b,55517142,93168177,0,Alakazam,cc38cb450b86770a,8,1072,Powerful Hand,743,Alakazam,648,Marnie's Grimmsnarl ex,320,320,2,3,4,1,0,80,240,0
v25_b,55517142,93169070,1,Alakazam,3d5da5090191f8f6,2,1070,Teleportation Attack,741,Abra,646,Marnie's Impidimp,70,70,1,5,2,1,0,70,0,0
v25_b,55517142,93169070,1,Alakazam,3d5da5090191f8f6,4,1071,Super Psy Bolt,742,Kadabra,648,Marnie's Grimmsnarl ex,310,320,2,5,4,1,0,320,-10,0
v25_b,55517142,93169070,1,Alakazam,3d5da5090191f8f6,4,1071,Super Psy Bolt,742,Kadabra,648,Marnie's Grimmsnarl ex,310,320,2,5,4,1,0,270,40,0
v25_b,55517142,93169070,1,Alakazam,3d5da5090191f8f6,4,1071,Super Psy Bolt,742,Kadabra,648,Marnie's Grimmsnarl ex,310,320,2,5,4,1,0,270,40,0
v25_b,55517142,93169070,1,Alakazam,3d5da5090191f8f6,6,1072,Powerful Hand,743,Alakazam,648,Marnie's Grimmsnarl ex,310,320,2,7,5,1,0,320,-10,0
v25_b,55517142,93169070,1,Alakazam,3d5da5090191f8f6,6,1072,Powerful Hand,743,Alakazam,648,Marnie's Grimmsnarl ex,310,320,2,7,5,1,0,310,0,0
v25_b,55517142,93169070,1,Alakazam,3d5da5090191f8f6,6,1072,Powerful Hand,743,Alakazam,648,Marnie's Grimmsnarl ex,310,320,2,3,5,1,0,80,230,0
v25_b,55517142,93169980,1,Alakazam,7fa65817cc79c36c,4,1071,Super Psy Bolt,742,Kadabra,646,Marnie's Impidimp,70,70,0,2,4,1,0,70,0,0
v25_b,55517142,93169980,1,Alakazam,7fa65817cc79c36c,4,1071,Super Psy Bolt,742,Kadabra,646,Marnie's Impidimp,70,70,0,2,4,1,0,40,30,0
v25_b,55517142,93169980,1,Alakazam,7fa65817cc79c36c,6,1071,Super Psy Bolt,742,Kadabra,647,Marnie's Morgrem,100,100,0,3,4,1,0,100,0,0
v25_b,55517142,93169980,1,Alakazam,7fa65817cc79c36c,8,1072,Powerful Hand,743,Alakazam,648,Marnie's Grimmsnarl ex,310,320,2,10,5,1,0,320,-10,0
v25_b,55517142,93169980,1,Alakazam,7fa65817cc79c36c,8,1072,Powerful Hand,743,Alakazam,648,Marnie's Grimmsnarl ex,310,320,2,10,5,1,0,320,-10,0
v25_b,55517142,93169980,1,Alakazam,7fa65817cc79c36c,8,1072,Powerful Hand,743,Alakazam,648,Marnie's Grimmsnarl ex,310,320,2,3,5,1,0,200,110,0
v25_b,55517142,93170889,0,Grimmsnarl (mirror),9714ab5c3996f6cc,6,937,Shadow Bullet,648,Marnie's Grimmsnarl ex,648,Marnie's Grimmsnarl ex,320,320,2,7,5,2,0,320,0,0
v25_b,55517142,93170889,0,Grimmsnarl (mirror),9714ab5c3996f6cc,6,937,Shadow Bullet,648,Marnie's Grimmsnarl ex,648,Marnie's Grimmsnarl ex,320,320,2,2,5,2,0,320,0,0
v25_b,55517142,93170889,0,Grimmsnarl (mirror),9714ab5c3996f6cc,12,937,Shadow Bullet,648,Marnie's Grimmsnarl ex,648,Marnie's Grimmsnarl ex,320,320,2,6,3,2,0,320,0,0
v25_b,55517142,93171794,1,other: Iron Thorns ex,c5b7c20e924423d7,6,29,Volt Cyclone,37,Iron Thorns ex,860,Snorunt,70,70,0,4,5,3,0,70,0,0
v25_b,55517142,93171794,1,other: Iron Thorns ex,c5b7c20e924423d7,8,29,Volt Cyclone,37,Iron Thorns ex,648,Marnie's Grimmsnarl ex,320,320,1,2,5,3,0,320,0,0
v25_b,55517142,93171794,1,other: Iron Thorns ex,c5b7c20e924423d7,10,29,Volt Cyclone,37,Iron Thorns ex,112,Munkidori,110,110,0,2,5,3,0,0,110,1
v25_b,55517142,93173689,0,Mega Lucario,05f854e1b3b3ba0f,2,981,Accelerating Stab,677,Riolu,860,Snorunt,70,70,0,5,1,1,0,70,0,0
v25_b,55517142,93173689,0,Mega Lucario,05f854e1b3b3ba0f,2,981,Accelerating Stab,677,Riolu,860,Snorunt,70,70,0,5,1,1,0,10,60,0
v25_b,55517142,93173689,0,Mega Lucario,05f854e1b3b3ba0f,2,981,Accelerating Stab,677,Riolu,860,Snorunt,70,70,0,5,1,1,0,10,60,0
v25_b,55517142,93173689,0,Mega Lucario,05f854e1b3b3ba0f,10,982,Aura Jab,678,Mega Lucario ex,648,Marnie's Grimmsnarl ex,320,320,2,4,3,2,0,320,0,0
v25_b,55517142,93173689,0,Mega Lucario,05f854e1b3b3ba0f,10,982,Aura Jab,678,Mega Lucario ex,648,Marnie's Grimmsnarl ex,320,320,2,4,3,2,0,320,0,0
v25_b,55517142,93173689,0,Mega Lucario,05f854e1b3b3ba0f,12,978,Wild Press,674,Hariyama,648,Marnie's Grimmsnarl ex,320,320,2,3,2,3,0,320,0,0
v25_b,55517142,93173689,0,Mega Lucario,05f854e1b3b3ba0f,12,978,Wild Press,674,Hariyama,648,Marnie's Grimmsnarl ex,320,320,2,3,2,3,0,110,210,0
v25_b,55517142,93175441,1,Dragapult,8055443275c86105,2,323,Itchy Pollen,235,Budew,112,Munkidori,110,110,1,5,2,0,0,110,0,0
v25_b,55517142,93175441,1,Dragapult,8055443275c86105,2,323,Itchy Pollen,235,Budew,112,Munkidori,110,110,1,5,2,0,0,100,10,0
v25_b,55517142,93175441,1,Dragapult,8055443275c86105,2,323,Itchy Pollen,235,Budew,112,Munkidori,110,110,1,5,2,0,0,100,10,0
v25_b,55517142,93175441,1,Dragapult,8055443275c86105,4,323,Itchy Pollen,235,Budew,112,Munkidori,110,110,1,4,4,0,0,110,0,0
v25_b,55517142,93175441,1,Dragapult,8055443275c86105,4,154,Phantom Dive,121,Dragapult ex,112,Munkidori,110,110,1,4,4,2,0,110,0,0
v25_b,55517142,93175441,1,Dragapult,8055443275c86105,6,153,Jet Headbutt,121,Dragapult ex,648,Marnie's Grimmsnarl ex,290,320,2,3,5,2,0,290,0,0
v25_b,55517142,93175441,1,Dragapult,8055443275c86105,6,153,Jet Headbutt,121,Dragapult ex,648,Marnie's Grimmsnarl ex,290,320,2,3,5,2,0,290,0,0
v25_b,55517142,93175441,1,Dragapult,8055443275c86105,8,153,Jet Headbutt,121,Dragapult ex,648,Marnie's Grimmsnarl ex,320,320,2,6,5,2,0,320,0,0
v25_b,55517142,93175441,1,Dragapult,8055443275c86105,8,154,Phantom Dive,121,Dragapult ex,648,Marnie's Grimmsnarl ex,320,320,2,6,5,2,0,320,0,0
v25_b,55517142,93176330,1,Alakazam,9cb294a21e49c13c,8,1072,Powerful Hand,743,Alakazam,648,Marnie's Grimmsnarl ex,300,320,2,5,5,1,0,300,0,0
v25_b,55517142,93176330,1,Alakazam,9cb294a21e49c13c,8,1072,Powerful Hand,743,Alakazam,648,Marnie's Grimmsnarl ex,300,320,2,5,5,2,0,300,0,0
v25_b,55517142,93176330,1,Alakazam,9cb294a21e49c13c,8,1072,Powerful Hand,743,Alakazam,648,Marnie's Grimmsnarl ex,300,320,2,5,5,2,0,300,0,0
v25_b,55517142,93177221,1,Ogerpon,53df2491d07e503f,2,980,Cosmic Beam,676,Solrock,646,Marnie's Impidimp,70,70,0,6,2,1,0,70,0,0
v25_b,55517142,93177221,1,Ogerpon,53df2491d07e503f,4,980,Cosmic Beam,676,Solrock,648,Marnie's Grimmsnarl ex,320,320,2,4,3,1,0,250,70,0
v25_b,55517142,93177221,1,Ogerpon,53df2491d07e503f,4,980,Cosmic Beam,676,Solrock,648,Marnie's Grimmsnarl ex,320,320,2,4,3,1,0,250,70,0
v25_b,55517142,93177221,1,Ogerpon,53df2491d07e503f,8,980,Cosmic Beam,676,Solrock,648,Marnie's Grimmsnarl ex,280,320,2,4,4,1,0,280,0,0
v25_b,55517142,93177221,1,Ogerpon,53df2491d07e503f,10,175,Mad Bite,135,Bloodmoon Ursaluna,647,Marnie's Morgrem,100,100,0,7,4,3,0,,,1
v25_b,55517142,93178123,1,Mega Lopunny / Froslass,a7ee29914c1dce64,4,1239,Chilly,860,Snorunt,646,Marnie's Impidimp,70,70,0,6,4,1,0,70,0,0
v25_b,55517142,93178123,1,Mega Lopunny / Froslass,a7ee29914c1dce64,4,1225,Gale Thrust,849,Mega Lopunny ex,646,Marnie's Impidimp,70,70,0,6,4,1,0,70,0,0
v25_b,55517142,93178123,1,Mega Lopunny / Froslass,a7ee29914c1dce64,8,1225,Gale Thrust,849,Mega Lopunny ex,648,Marnie's Grimmsnarl ex,310,320,2,8,5,1,0,320,-10,0
v25_b,55517142,93179010,1,Alakazam,cc38cb450b86770a,8,1072,Powerful Hand,743,Alakazam,112,Munkidori,90,110,0,3,5,1,0,110,-20,0
v25_b,55517142,93179010,1,Alakazam,cc38cb450b86770a,8,1072,Powerful Hand,743,Alakazam,112,Munkidori,90,110,0,3,5,1,0,110,-20,0
v25_b,55517142,93179904,1,Grimmsnarl (mirror),9714ab5c3996f6cc,4,937,Shadow Bullet,648,Marnie's Grimmsnarl ex,860,Snorunt,70,70,0,5,4,2,0,70,0,0
v25_b,55517142,93179904,1,Grimmsnarl (mirror),9714ab5c3996f6cc,4,937,Shadow Bullet,648,Marnie's Grimmsnarl ex,860,Snorunt,70,70,0,5,4,2,0,70,0,0
v25_b,55517142,93179904,1,Grimmsnarl (mirror),9714ab5c3996f6cc,6,937,Shadow Bullet,648,Marnie's Grimmsnarl ex,648,Marnie's Grimmsnarl ex,320,320,2,4,5,2,0,320,0,0
v25_b,55517142,93179904,1,Grimmsnarl (mirror),9714ab5c3996f6cc,6,937,Shadow Bullet,648,Marnie's Grimmsnarl ex,648,Marnie's Grimmsnarl ex,320,320,2,4,5,2,0,320,0,0
v25_b,55517142,93180813,0,other: Mega Venusaur ex,2ed07149266e1011,5,941,Jungle Dump,652,Mega Venusaur ex,646,Marnie's Impidimp,70,70,0,4,5,4,5,70,0,0
v25_b,55517142,93180813,0,other: Mega Venusaur ex,2ed07149266e1011,7,941,Jungle Dump,652,Mega Venusaur ex,648,Marnie's Grimmsnarl ex,320,320,2,6,5,4,5,320,0,0
v25_b,55517142,93180813,0,other: Mega Venusaur ex,2ed07149266e1011,9,941,Jungle Dump,652,Mega Venusaur ex,648,Marnie's Grimmsnarl ex,320,320,3,7,4,4,8,320,0,0
v25_b,55517142,93180813,0,other: Mega Venusaur ex,2ed07149266e1011,9,941,Jungle Dump,652,Mega Venusaur ex,648,Marnie's Grimmsnarl ex,320,320,3,7,4,4,9,320,0,0
v25_b,55517142,93180813,0,other: Mega Venusaur ex,2ed07149266e1011,9,941,Jungle Dump,652,Mega Venusaur ex,648,Marnie's Grimmsnarl ex,320,320,3,7,4,4,9,320,0,0
v25_b,55517142,93181719,0,Grimmsnarl (mirror),9714ab5c3996f6cc,4,937,Shadow Bullet,648,Marnie's Grimmsnarl ex,647,Marnie's Morgrem,100,100,2,4,2,2,0,100,0,0
v25_b,55517142,93181719,0,Grimmsnarl (mirror),9714ab5c3996f6cc,4,937,Shadow Bullet,648,Marnie's Grimmsnarl ex,647,Marnie's Morgrem,100,100,2,2,2,2,0,100,0,0
v25_b,55517142,93181719,0,Grimmsnarl (mirror),9714ab5c3996f6cc,4,937,Shadow Bullet,648,Marnie's Grimmsnarl ex,647,Marnie's Morgrem,100,100,2,2,2,2,0,100,0,0
v25_b,55517142,93181719,0,Grimmsnarl (mirror),9714ab5c3996f6cc,4,937,Shadow Bullet,648,Marnie's Grimmsnarl ex,647,Marnie's Morgrem,100,100,2,2,2,2,0,100,0,0
v25_b,55517142,93181719,0,Grimmsnarl (mirror),9714ab5c3996f6cc,6,937,Shadow Bullet,648,Marnie's Grimmsnarl ex,648,Marnie's Grimmsnarl ex,320,320,4,4,2,2,0,320,0,0
v25_b,55517142,93181719,0,Grimmsnarl (mirror),9714ab5c3996f6cc,8,937,Shadow Bullet,648,Marnie's Grimmsnarl ex,648,Marnie's Grimmsnarl ex,120,320,4,3,4,2,0,130,-10,0
v25_b,55517142,93181719,0,Grimmsnarl (mirror),9714ab5c3996f6cc,10,937,Shadow Bullet,648,Marnie's Grimmsnarl ex,646,Marnie's Impidimp,70,70,0,3,2,2,0,70,0,0
v25_b,55517142,93181719,0,Grimmsnarl (mirror),9714ab5c3996f6cc,10,937,Shadow Bullet,648,Marnie's Grimmsnarl ex,646,Marnie's Impidimp,70,70,0,3,2,2,0,70,0,0
v25_b,55517142,93182608,1,Grimmsnarl (mirror),9714ab5c3996f6cc,10,937,Shadow Bullet,648,Marnie's Grimmsnarl ex,648,Marnie's Grimmsnarl ex,140,320,2,9,5,2,0,140,0,0
v25_b,55517142,93182608,1,Grimmsnarl (mirror),9714ab5c3996f6cc,12,937,Shadow Bullet,648,Marnie's Grimmsnarl ex,648,Marnie's Grimmsnarl ex,320,320,2,5,5,2,0,320,0,0
v25_b,55517142,93182608,1,Grimmsnarl (mirror),9714ab5c3996f6cc,12,937,Shadow Bullet,648,Marnie's Grimmsnarl ex,648,Marnie's Grimmsnarl ex,320,320,2,5,5,2,0,320,0,0
v25_b,55517142,93183515,1,Dragapult,fbe4c35942cde568,7,153,Jet Headbutt,121,Dragapult ex,648,Marnie's Grimmsnarl ex,320,320,2,5,5,1,0,320,0,0
v25_b,55517142,93183515,1,Dragapult,fbe4c35942cde568,7,153,Jet Headbutt,121,Dragapult ex,648,Marnie's Grimmsnarl ex,320,320,2,5,5,1,0,320,0,0
v25_b,55517142,93183515,1,Dragapult,fbe4c35942cde568,9,153,Jet Headbutt,121,Dragapult ex,648,Marnie's Grimmsnarl ex,280,320,2,6,5,1,0,280,0,0
v25_b,55517142,93183515,1,Dragapult,fbe4c35942cde568,9,153,Jet Headbutt,121,Dragapult ex,648,Marnie's Grimmsnarl ex,280,320,2,6,5,1,0,280,0,0
v25_b,55517142,93183515,1,Dragapult,fbe4c35942cde568,11,153,Jet Headbutt,121,Dragapult ex,648,Marnie's Grimmsnarl ex,230,320,2,4,5,2,0,30,200,0
v25_b,55517142,93183515,1,Dragapult,fbe4c35942cde568,13,153,Jet Headbutt,121,Dragapult ex,648,Marnie's Grimmsnarl ex,290,320,2,5,5,2,0,90,200,0
v25_b,55517142,93184385,0,Grimmsnarl (mirror),30b42482160c0f42,7,937,Shadow Bullet,648,Marnie's Grimmsnarl ex,648,Marnie's Grimmsnarl ex,320,320,2,5,4,2,0,320,0,0
v25_b,55517142,93184385,0,Grimmsnarl (mirror),30b42482160c0f42,9,937,Shadow Bullet,648,Marnie's Grimmsnarl ex,648,Marnie's Grimmsnarl ex,140,320,2,8,5,2,0,140,0,0
v25_b,55517142,93184385,0,Grimmsnarl (mirror),30b42482160c0f42,11,937,Shadow Bullet,648,Marnie's Grimmsnarl ex,648,Marnie's Grimmsnarl ex,110,320,1,4,4,2,0,110,0,0
v25_b,55517142,93184385,0,Grimmsnarl (mirror),30b42482160c0f42,11,937,Shadow Bullet,648,Marnie's Grimmsnarl ex,648,Marnie's Grimmsnarl ex,110,320,1,4,3,2,0,0,110,1
v25_b,55517142,93185356,1,Mega Lucario,c3c16f0e65487ad6,3,980,Cosmic Beam,676,Solrock,860,Snorunt,70,70,1,4,3,1,0,70,0,0
v25_b,55517142,93185356,1,Mega Lucario,c3c16f0e65487ad6,3,980,Cosmic Beam,676,Solrock,860,Snorunt,70,70,1,4,3,1,0,70,0,0
v25_b,55517142,93185356,1,Mega Lucario,c3c16f0e65487ad6,3,980,Cosmic Beam,676,Solrock,860,Snorunt,70,70,1,4,3,1,0,70,0,0
v25_b,55517142,93185356,1,Mega Lucario,c3c16f0e65487ad6,5,982,Aura Jab,678,Mega Lucario ex,648,Marnie's Grimmsnarl ex,320,320,2,6,3,1,0,320,0,0
v25_b,55517142,93185356,1,Mega Lucario,c3c16f0e65487ad6,5,982,Aura Jab,678,Mega Lucario ex,648,Marnie's Grimmsnarl ex,320,320,2,6,3,2,0,320,0,0
v25_b,55517142,93185356,1,Mega Lucario,c3c16f0e65487ad6,5,982,Aura Jab,678,Mega Lucario ex,648,Marnie's Grimmsnarl ex,320,320,2,6,3,2,0,320,0,0
v25_b,55517142,93185356,1,Mega Lucario,c3c16f0e65487ad6,5,983,Mega Brave,678,Mega Lucario ex,648,Marnie's Grimmsnarl ex,320,320,2,6,3,2,0,320,0,0
v25_b,55517142,93185356,1,Mega Lucario,c3c16f0e65487ad6,7,982,Aura Jab,678,Mega Lucario ex,648,Marnie's Grimmsnarl ex,320,320,2,5,4,2,0,320,0,0
v25_b,55517142,93185356,1,Mega Lucario,c3c16f0e65487ad6,7,982,Aura Jab,678,Mega Lucario ex,648,Marnie's Grimmsnarl ex,50,290,0,5,4,2,0,0,50,1
v25_b,55517142,93185356,1,Mega Lucario,c3c16f0e65487ad6,9,978,Wild Press,674,Hariyama,648,Marnie's Grimmsnarl ex,320,320,2,5,4,3,0,320,0,0
v26,55520389,93204587,1,Grimmsnarl (mirror),9714ab5c3996f6cc,6,937,Shadow Bullet,648,Marnie's Grimmsnarl ex,648,Marnie's Grimmsnarl ex,320,320,2,8,5,2,0,320,0,0
v26,55520389,93204587,1,Grimmsnarl (mirror),9714ab5c3996f6cc,6,937,Shadow Bullet,648,Marnie's Grimmsnarl ex,648,Marnie's Grimmsnarl ex,320,320,2,8,5,2,0,320,0,0
v26,55520389,93204587,1,Grimmsnarl (mirror),9714ab5c3996f6cc,8,937,Shadow Bullet,648,Marnie's Grimmsnarl ex,648,Marnie's Grimmsnarl ex,320,320,2,10,5,2,0,320,0,0
v26,55520389,93205560,1,Archaludon,0bef8b29715ae7d8,6,253,Metal Defender,190,Archaludon ex,648,Marnie's Grimmsnarl ex,310,320,2,3,5,3,0,310,0,0
v26,55520389,93205560,1,Archaludon,0bef8b29715ae7d8,6,224,Raging Hammer,190,Archaludon ex,648,Marnie's Grimmsnarl ex,310,320,2,3,5,3,0,310,0,0
v26,55520389,93205560,1,Archaludon,0bef8b29715ae7d8,12,253,Metal Defender,190,Archaludon ex,648,Marnie's Grimmsnarl ex,300,320,2,7,5,3,0,300,0,0
v26,55520389,93205560,1,Archaludon,0bef8b29715ae7d8,12,253,Metal Defender,190,Archaludon ex,648,Marnie's Grimmsnarl ex,300,320,2,7,5,3,0,300,0,0
v26,55520389,93205560,1,Archaludon,0bef8b29715ae7d8,12,253,Metal Defender,190,Archaludon ex,112,Munkidori,70,110,1,7,5,3,0,,,1
v26,55520389,93206444,1,other: Iono’s Bellibolt ex,282504e445a4d4fc,4,363,Voltaic Chain,265,Iono’s Voltorb,648,Marnie's Grimmsnarl ex,320,320,2,7,4,2,0,40,280,0
v26,55520389,93206444,1,other: Iono’s Bellibolt ex,282504e445a4d4fc,8,368,Thunderous Bolt,269,Iono’s Bellibolt ex,648,Marnie's Grimmsnarl ex,320,320,2,6,4,4,0,320,0,0
v26,55520389,93206444,1,other: Iono’s Bellibolt ex,282504e445a4d4fc,8,368,Thunderous Bolt,269,Iono’s Bellibolt ex,648,Marnie's Grimmsnarl ex,320,320,2,6,4,4,0,320,0,0
v26,55520389,93206444,1,other: Iono’s Bellibolt ex,282504e445a4d4fc,8,363,Voltaic Chain,265,Iono’s Voltorb,648,Marnie's Grimmsnarl ex,320,320,2,6,4,2,0,80,240,0
v26,55520389,93208257,1,Mega Lucario,d05bff224d40b9c6,2,980,Cosmic Beam,676,Solrock,112,Munkidori,110,110,0,5,1,1,0,40,70,0
v26,55520389,93208257,1,Mega Lucario,d05bff224d40b9c6,4,980,Cosmic Beam,676,Solrock,646,Marnie's Impidimp,70,70,0,6,2,1,0,,,1
v26,55520389,93208257,1,Mega Lucario,d05bff224d40b9c6,6,980,Cosmic Beam,676,Solrock,646,Marnie's Impidimp,70,70,0,6,3,1,0,70,0,0
v26,55520389,93208257,1,Mega Lucario,d05bff224d40b9c6,6,980,Cosmic Beam,676,Solrock,646,Marnie's Impidimp,70,70,0,6,3,1,0,70,0,0
v26,55520389,93208257,1,Mega Lucario,d05bff224d40b9c6,6,980,Cosmic Beam,676,Solrock,646,Marnie's Impidimp,70,70,0,6,3,1,0,70,0,0
v26,55520389,93208257,1,Mega Lucario,d05bff224d40b9c6,8,980,Cosmic Beam,676,Solrock,112,Munkidori,110,110,1,4,4,1,0,110,0,0
v26,55520389,93208257,1,Mega Lucario,d05bff224d40b9c6,8,980,Cosmic Beam,676,Solrock,112,Munkidori,110,110,1,4,4,1,0,110,0,0
v26,55520389,93208257,1,Mega Lucario,d05bff224d40b9c6,8,983,Mega Brave,678,Mega Lucario ex,112,Munkidori,110,110,1,4,4,2,0,110,0,0
v26,55520389,93208257,1,Mega Lucario,d05bff224d40b9c6,10,978,Wild Press,674,Hariyama,648,Marnie's Grimmsnarl ex,320,320,2,7,5,3,0,320,0,0
v26,55520389,93208257,1,Mega Lucario,d05bff224d40b9c6,10,978,Wild Press,674,Hariyama,648,Marnie's Grimmsnarl ex,290,290,2,7,5,3,0,20,270,0
v26,55520389,93208257,1,Mega Lucario,d05bff224d40b9c6,12,982,Aura Jab,678,Mega Lucario ex,648,Marnie's Grimmsnarl ex,320,320,2,8,5,1,0,320,0,0
v26,55520389,93208257,1,Mega Lucario,d05bff224d40b9c6,12,982,Aura Jab,678,Mega Lucario ex,648,Marnie's Grimmsnarl ex,320,320,2,8,5,2,0,320,0,0
v26,55520389,93208257,1,Mega Lucario,d05bff224d40b9c6,12,982,Aura Jab,678,Mega Lucario ex,648,Marnie's Grimmsnarl ex,320,320,2,8,5,2,0,50,270,0
v26,55520389,93208257,1,Mega Lucario,d05bff224d40b9c6,12,983,Mega Brave,678,Mega Lucario ex,648,Marnie's Grimmsnarl ex,320,320,2,8,5,2,0,50,270,0
v26,55520389,93209159,1,other: Mega Abomasnow ex,254c5b10e926f2e6,2,1044,Beat,722,Snover,860,Snorunt,70,70,1,4,3,1,0,60,10,0
v26,55520389,93209159,1,other: Mega Abomasnow ex,254c5b10e926f2e6,2,1044,Beat,722,Snover,860,Snorunt,70,70,1,4,3,1,0,60,10,0
v26,55520389,93209159,1,other: Mega Abomasnow ex,254c5b10e926f2e6,4,1044,Beat,722,Snover,860,Snorunt,70,70,1,4,5,1,0,70,0,0
v26,55520389,93209159,1,other: Mega Abomasnow ex,254c5b10e926f2e6,4,1046,Hammer-lanche,723,Mega Abomasnow ex,860,Snorunt,70,70,1,4,5,2,0,70,0,0
v26,55520389,93209159,1,other: Mega Abomasnow ex,254c5b10e926f2e6,6,1046,Hammer-lanche,723,Mega Abomasnow ex,648,Marnie's Grimmsnarl ex,320,320,2,6,5,2,0,320,0,0
v26,55520389,93209159,1,other: Mega Abomasnow ex,254c5b10e926f2e6,6,1046,Hammer-lanche,723,Mega Abomasnow ex,648,Marnie's Grimmsnarl ex,320,320,2,6,5,2,0,320,0,0
v26,55520389,93209159,1,other: Mega Abomasnow ex,254c5b10e926f2e6,6,1046,Hammer-lanche,723,Mega Abomasnow ex,648,Marnie's Grimmsnarl ex,320,320,2,6,5,3,0,320,0,0
v26,55520389,93209159,1,other: Mega Abomasnow ex,254c5b10e926f2e6,10,1046,Hammer-lanche,723,Mega Abomasnow ex,648,Marnie's Grimmsnarl ex,320,320,2,8,4,2,0,320,0,0
v26,55520389,93210061,1,other: Dudunsparce,292e7cda8346e2af,5,1266,Splashing Dodge,878,Hop's Phantump,646,Marnie's Impidimp,70,70,0,6,3,2,0,70,0,0
v26,55520389,93210061,1,other: Dudunsparce,292e7cda8346e2af,13,1267,Horrifying Revenge,879,Hop's Trevenant,648,Marnie's Grimmsnarl ex,300,320,2,6,4,1,0,300,0,0
v26,55520389,93210960,0,Alakazam,a233298ee750b57c,3,1072,Powerful Hand,743,Alakazam,646,Marnie's Impidimp,70,70,0,4,3,1,0,70,0,0
v26,55520389,93210960,0,Alakazam,a233298ee750b57c,5,1072,Powerful Hand,743,Alakazam,646,Marnie's Impidimp,70,70,0,1,4,1,0,70,0,0
v26,55520389,93210960,0,Alakazam,a233298ee750b57c,7,1072,Powerful Hand,743,Alakazam,648,Marnie's Grimmsnarl ex,310,320,2,2,3,1,0,310,0,0
v26,55520389,93210960,0,Alakazam,a233298ee750b57c,9,1072,Powerful Hand,743,Alakazam,648,Marnie's Grimmsnarl ex,310,320,3,4,3,2,0,310,0,0
v26,55520389,93211878,0,Alakazam,90c4b4bfcaedacbc,3,1071,Super Psy Bolt,742,Kadabra,646,Marnie's Impidimp,70,70,1,6,2,1,0,70,0,0
v26,55520389,93211878,0,Alakazam,90c4b4bfcaedacbc,5,1072,Powerful Hand,743,Alakazam,648,Marnie's Grimmsnarl ex,290,320,2,5,2,1,0,290,0,0
v26,55520389,93211878,0,Alakazam,90c4b4bfcaedacbc,7,1071,Super Psy Bolt,742,Kadabra,648,Marnie's Grimmsnarl ex,320,320,2,2,4,1,0,320,0,0
v26,55520389,93211878,0,Alakazam,90c4b4bfcaedacbc,7,1071,Super Psy Bolt,742,Kadabra,860,Snorunt,70,70,0,2,4,1,0,70,0,0
v26,55520389,93211878,0,Alakazam,90c4b4bfcaedacbc,7,1071,Super Psy Bolt,742,Kadabra,860,Snorunt,70,70,0,2,4,1,0,70,0,0
v26,55520389,93211878,0,Alakazam,90c4b4bfcaedacbc,9,1072,Powerful Hand,743,Alakazam,104,Froslass,60,90,0,4,5,1,0,60,0,0
v26,55520389,93213835,0,other: Hydrapple ex,78a27b6e506d4015,5,1326,Wood Hammer,920,Tapu Bulu,646,Marnie's Impidimp,70,70,1,5,4,6,14,70,0,0
v26,55520389,93213835,0,other: Hydrapple ex,78a27b6e506d4015,5,1326,Wood Hammer,920,Tapu Bulu,646,Marnie's Impidimp,70,70,1,5,4,6,14,70,0,0
v26,55520389,93213835,0,other: Hydrapple ex,78a27b6e506d4015,9,1326,Wood Hammer,920,Tapu Bulu,647,Marnie's Morgrem,100,100,0,5,4,6,20,100,0,0
v26,55520389,93213835,0,other: Hydrapple ex,78a27b6e506d4015,11,120,Myriad Leaf Shower,96,Teal Mask Ogerpon ex,648,Marnie's Grimmsnarl ex,310,320,2,7,5,6,8,310,0,0
v26,55520389,93213835,0,other: Hydrapple ex,78a27b6e506d4015,11,120,Myriad Leaf Shower,96,Teal Mask Ogerpon ex,648,Marnie's Grimmsnarl ex,310,320,2,7,5,6,8,310,0,0
v26,55520389,93213835,0,other: Hydrapple ex,78a27b6e506d4015,11,195,Syrup Storm,150,Hydrapple ex,648,Marnie's Grimmsnarl ex,310,320,2,7,5,2,8,320,-10,0
v26,55520389,93213835,0,other: Hydrapple ex,78a27b6e506d4015,13,195,Syrup Storm,150,Hydrapple ex,104,Froslass,90,90,0,6,5,2,8,90,0,0
v26,55520389,93214561,0,Alakazam,a665414222aea434,9,1072,Powerful Hand,743,Alakazam,648,Marnie's Grimmsnarl ex,310,320,2,4,2,1,0,310,0,0
v26,55520389,93214561,0,Alakazam,a665414222aea434,11,1072,Powerful Hand,743,Alakazam,647,Marnie's Morgrem,100,100,1,4,5,1,0,100,0,0
v26,55520389,93215466,1,other: Mega Starmie ex,450a23552c2f2d2f,6,1239,Chilly,860,Snorunt,648,Marnie's Grimmsnarl ex,320,320,2,6,4,1,0,320,0,0
v26,55520389,93216384,1,Alakazam,65980f1c1e35b45d,4,1072,Powerful Hand,743,Alakazam,112,Munkidori,110,110,1,6,1,1,0,110,0,0
v26,55520389,93216384,1,Alakazam,65980f1c1e35b45d,6,1072,Powerful Hand,743,Alakazam,647,Marnie's Morgrem,100,100,2,5,3,1,0,100,0,0
v26,55520389,93216384,1,Alakazam,65980f1c1e35b45d,8,1072,Powerful Hand,743,Alakazam,646,Marnie's Impidimp,70,70,0,3,5,1,0,70,0,0
v26,55520389,93216384,1,Alakazam,65980f1c1e35b45d,10,1072,Powerful Hand,743,Alakazam,112,Munkidori,100,110,1,5,5,1,0,,,1
v26,55520389,93217269,0,Ogerpon,ad3034c9be38d533,3,478,Ascension,344,Dwebble,646,Marnie's Impidimp,70,70,0,2,4,1,1,70,0,0
v26,55520389,93217269,0,Ogerpon,ad3034c9be38d533,3,478,Ascension,344,Dwebble,646,Marnie's Impidimp,70,70,0,2,4,2,1,70,0,0
v26,55520389,93217269,0,Ogerpon,ad3034c9be38d533,5,479,Superb Scissors,345,Crustle,648,Marnie's Grimmsnarl ex,290,320,2,1,4,3,2,290,0,0
v26,55520389,93217269,0,Ogerpon,ad3034c9be38d533,5,479,Superb Scissors,345,Crustle,648,Marnie's Grimmsnarl ex,290,320,2,1,4,3,2,290,0,0
v26,55520389,93217269,0,Ogerpon,ad3034c9be38d533,5,479,Superb Scissors,345,Crustle,648,Marnie's Grimmsnarl ex,290,320,2,1,4,3,2,290,0,0
v26,55520389,93217269,0,Ogerpon,ad3034c9be38d533,7,479,Superb Scissors,345,Crustle,648,Marnie's Grimmsnarl ex,20,320,2,2,4,3,2,20,0,0
v26,55520389,93217269,0,Ogerpon,ad3034c9be38d533,7,479,Superb Scissors,345,Crustle,648,Marnie's Grimmsnarl ex,20,320,2,2,4,3,2,80,-60,0
v26,55520389,93217269,0,Ogerpon,ad3034c9be38d533,9,479,Superb Scissors,345,Crustle,648,Marnie's Grimmsnarl ex,270,320,2,3,5,4,3,270,0,0
v26,55520389,93217269,0,Ogerpon,ad3034c9be38d533,9,479,Superb Scissors,345,Crustle,648,Marnie's Grimmsnarl ex,270,320,2,3,5,4,3,270,0,0
v26,55520389,93217269,0,Ogerpon,ad3034c9be38d533,11,479,Superb Scissors,345,Crustle,647,Marnie's Morgrem,100,100,2,4,4,4,4,100,0,0
v26,55520389,93218987,1,Alakazam,cc38cb450b86770a,3,1070,Teleportation Attack,741,Abra,646,Marnie's Impidimp,70,70,1,9,0,1,0,60,10,0
v26,55520389,93218987,1,Alakazam,cc38cb450b86770a,9,1072,Powerful Hand,743,Alakazam,648,Marnie's Grimmsnarl ex,320,320,2,9,3,1,0,320,0,0
v26,55520389,93218987,1,Alakazam,cc38cb450b86770a,9,1072,Powerful Hand,743,Alakazam,648,Marnie's Grimmsnarl ex,320,320,2,9,3,1,0,320,0,0
v26,55520389,93218987,1,Alakazam,cc38cb450b86770a,13,1072,Powerful Hand,743,Alakazam,648,Marnie's Grimmsnarl ex,320,320,2,11,5,1,0,320,0,0
v26,55520389,93219935,1,Dragapult,107b96bebcadaeed,2,323,Itchy Pollen,235,Budew,112,Munkidori,110,110,0,6,3,0,0,110,0,0
v26,55520389,93219935,1,Dragapult,107b96bebcadaeed,2,323,Itchy Pollen,235,Budew,112,Munkidori,110,110,0,6,3,0,0,110,0,0
v26,55520389,93219935,1,Dragapult,107b96bebcadaeed,4,323,Itchy Pollen,235,Budew,112,Munkidori,110,110,1,8,3,0,0,110,0,0
v26,55520389,93219935,1,Dragapult,107b96bebcadaeed,4,323,Itchy Pollen,235,Budew,112,Munkidori,110,110,1,8,3,0,0,110,0,0
v26,55520389,93219935,1,Dragapult,107b96bebcadaeed,6,153,Jet Headbutt,121,Dragapult ex,112,Munkidori,110,110,1,7,3,2,0,0,110,1
v26,55520389,93219935,1,Dragapult,107b96bebcadaeed,8,153,Jet Headbutt,121,Dragapult ex,648,Marnie's Grimmsnarl ex,320,320,2,4,5,2,0,320,0,0
v26,55520389,93219935,1,Dragapult,107b96bebcadaeed,8,153,Jet Headbutt,121,Dragapult ex,648,Marnie's Grimmsnarl ex,320,320,2,4,5,2,0,320,0,0
v26,55520389,93219935,1,Dragapult,107b96bebcadaeed,8,154,Phantom Dive,121,Dragapult ex,648,Marnie's Grimmsnarl ex,320,320,2,2,5,2,0,120,200,0
v26,55520389,93219935,1,Dragapult,107b96bebcadaeed,10,153,Jet Headbutt,121,Dragapult ex,648,Marnie's Grimmsnarl ex,120,320,2,5,5,1,0,120,0,0
v26,55520389,93219935,1,Dragapult,107b96bebcadaeed,12,153,Jet Headbutt,121,Dragapult ex,648,Marnie's Grimmsnarl ex,320,320,2,5,4,2,0,320,0,0
v26,55520389,93219935,1,Dragapult,107b96bebcadaeed,12,154,Phantom Dive,121,Dragapult ex,648,Marnie's Grimmsnarl ex,320,320,2,5,4,2,0,320,0,0
v26,55520389,93220830,1,Dragapult,8055443275c86105,4,150,Petty Grudge,119,Dreepy,648,Marnie's Grimmsnarl ex,320,320,2,7,4,1,0,320,0,0
v26,55520389,93220830,1,Dragapult,8055443275c86105,4,323,Itchy Pollen,235,Budew,648,Marnie's Grimmsnarl ex,320,320,2,2,4,0,0,320,0,0
v26,55520389,93220830,1,Dragapult,8055443275c86105,6,154,Phantom Dive,121,Dragapult ex,648,Marnie's Grimmsnarl ex,320,320,2,3,4,2,0,120,200,0
v26,55520389,93220830,1,Dragapult,8055443275c86105,8,153,Jet Headbutt,121,Dragapult ex,648,Marnie's Grimmsnarl ex,320,320,1,5,4,2,0,320,0,0
v26,55520389,93220830,1,Dragapult,8055443275c86105,8,153,Jet Headbutt,121,Dragapult ex,648,Marnie's Grimmsnarl ex,320,320,2,5,4,2,0,320,0,0
v26,55520389,93220830,1,Dragapult,8055443275c86105,8,153,Jet Headbutt,121,Dragapult ex,648,Marnie's Grimmsnarl ex,320,320,2,5,4,2,0,320,0,0
v26,55520389,93220830,1,Dragapult,8055443275c86105,8,153,Jet Headbutt,121,Dragapult ex,648,Marnie's Grimmsnarl ex,320,320,1,5,4,2,0,120,200,0
v26,55520389,93221712,1,Mega Lucario,c3c16f0e65487ad6,7,982,Aura Jab,678,Mega Lucario ex,648,Marnie's Grimmsnarl ex,280,290,2,8,5,1,0,280,0,0
v26,55520389,93221712,1,Mega Lucario,c3c16f0e65487ad6,7,982,Aura Jab,678,Mega Lucario ex,648,Marnie's Grimmsnarl ex,280,290,2,8,5,1,0,60,220,0
v26,55520389,93221712,1,Mega Lucario,c3c16f0e65487ad6,9,982,Aura Jab,678,Mega Lucario ex,648,Marnie's Grimmsnarl ex,70,320,3,10,5,1,0,70,0,0
v26,55520389,93221712,1,Mega Lucario,c3c16f0e65487ad6,9,982,Aura Jab,678,Mega Lucario ex,648,Marnie's Grimmsnarl ex,70,320,3,10,5,2,0,70,0,0
v26,55520389,93221712,1,Mega Lucario,c3c16f0e65487ad6,9,982,Aura Jab,678,Mega Lucario ex,648,Marnie's Grimmsnarl ex,70,320,3,10,5,2,0,0,70,1
v26,55520389,93221712,1,Mega Lucario,c3c16f0e65487ad6,11,982,Aura Jab,678,Mega Lucario ex,648,Marnie's Grimmsnarl ex,310,320,2,7,5,2,0,310,0,0
v26,55520389,93221712,1,Mega Lucario,c3c16f0e65487ad6,11,982,Aura Jab,678,Mega Lucario ex,648,Marnie's Grimmsnarl ex,310,320,2,7,5,3,0,310,0,0
v26,55520389,93221712,1,Mega Lucario,c3c16f0e65487ad6,11,983,Mega Brave,678,Mega Lucario ex,648,Marnie's Grimmsnarl ex,310,320,2,7,5,3,0,310,0,0
v26,55520389,93222618,1,Alakazam,a665414222aea434,3,1070,Teleportation Attack,741,Abra,646,Marnie's Impidimp,70,70,1,7,4,1,0,70,0,0
v26,55520389,93222618,1,Alakazam,a665414222aea434,9,1072,Powerful Hand,743,Alakazam,648,Marnie's Grimmsnarl ex,310,320,2,8,5,1,0,310,0,0
v26,55520389,93222618,1,Alakazam,a665414222aea434,9,1072,Powerful Hand,743,Alakazam,648,Marnie's Grimmsnarl ex,310,320,2,8,5,1,0,310,0,0
v26,55520389,93222618,1,Alakazam,a665414222aea434,11,1072,Powerful Hand,743,Alakazam,648,Marnie's Grimmsnarl ex,220,320,2,10,5,1,0,220,0,0
v26,55520389,93222618,1,Alakazam,a665414222aea434,11,1072,Powerful Hand,743,Alakazam,648,Marnie's Grimmsnarl ex,220,320,2,10,5,1,0,220,0,0
v26,55520389,93222618,1,Alakazam,a665414222aea434,11,1072,Powerful Hand,743,Alakazam,648,Marnie's Grimmsnarl ex,220,320,2,10,5,1,0,230,-10,0
v26,55520389,93222618,1,Alakazam,a665414222aea434,13,1072,Powerful Hand,743,Alakazam,648,Marnie's Grimmsnarl ex,310,320,3,8,5,1,0,,,1
v26,55520389,93223540,1,Alakazam,7fa65817cc79c36c,6,1072,Powerful Hand,743,Alakazam,648,Marnie's Grimmsnarl ex,320,320,2,3,4,1,0,320,0,0
v26,55520389,93223540,1,Alakazam,7fa65817cc79c36c,6,1072,Powerful Hand,743,Alakazam,648,Marnie's Grimmsnarl ex,320,320,2,3,4,1,0,80,240,0
v26,55520389,93224530,1,other: Cynthia's Garchomp ex,daff2ed17de6145d,2,475,Spike Sting,341,Cynthia's Roselia,646,Marnie's Impidimp,70,70,0,7,2,1,0,30,40,0
v26,55520389,93224530,1,other: Cynthia's Garchomp ex,daff2ed17de6145d,2,475,Spike Sting,341,Cynthia's Roselia,646,Marnie's Impidimp,70,70,0,7,2,1,0,30,40,0
v26,55520389,93224530,1,other: Cynthia's Garchomp ex,daff2ed17de6145d,6,530,Dragonslice,380,Cynthia's Gabite,648,Marnie's Grimmsnarl ex,310,320,2,5,4,1,0,310,0,0
v26,55520389,93224530,1,other: Cynthia's Garchomp ex,daff2ed17de6145d,6,530,Dragonslice,380,Cynthia's Gabite,648,Marnie's Grimmsnarl ex,310,320,2,5,4,1,0,270,40,0
v26,55520389,93224530,1,other: Cynthia's Garchomp ex,daff2ed17de6145d,6,530,Dragonslice,380,Cynthia's Gabite,648,Marnie's Grimmsnarl ex,310,320,2,5,4,1,0,270,40,0
v26,55520389,93225327,1,other: Mega Abomasnow ex,7e7bca6783abe61e,2,1044,Beat,722,Snover,646,Marnie's Impidimp,70,70,0,3,4,1,0,70,0,0
v26,55520389,93225327,1,other: Mega Abomasnow ex,7e7bca6783abe61e,2,1044,Beat,722,Snover,646,Marnie's Impidimp,70,70,0,3,4,1,0,70,0,0
v26,55520389,93225327,1,other: Mega Abomasnow ex,7e7bca6783abe61e,2,1044,Beat,722,Snover,646,Marnie's Impidimp,70,70,0,3,4,1,0,70,0,0
v26,55520389,93225327,1,other: Mega Abomasnow ex,7e7bca6783abe61e,4,1044,Beat,722,Snover,646,Marnie's Impidimp,70,70,0,1,5,1,0,70,0,0
v26,55520389,93225327,1,other: Mega Abomasnow ex,7e7bca6783abe61e,4,1045,Icy Snow,722,Snover,646,Marnie's Impidimp,70,70,0,1,5,2,0,70,0,0
v26,55520389,93225327,1,other: Mega Abomasnow ex,7e7bca6783abe61e,6,1044,Beat,722,Snover,648,Marnie's Grimmsnarl ex,310,320,2,2,5,1,0,310,0,0
v26,55520389,93226257,0,Mega Lopunny / Froslass,1350508087c01043,3,1225,Gale Thrust,849,Mega Lopunny ex,646,Marnie's Impidimp,70,70,0,2,4,2,0,70,0,0
v26,55520389,93226257,0,Mega Lopunny / Froslass,1350508087c01043,3,1225,Gale Thrust,849,Mega Lopunny ex,646,Marnie's Impidimp,70,70,0,2,4,2,0,70,0,0
v26,55520389,93226257,0,Mega Lopunny / Froslass,1350508087c01043,5,1226,Spiky Hopper,849,Mega Lopunny ex,646,Marnie's Impidimp,70,70,0,3,5,2,0,70,0,0
v26,55520389,93226257,0,Mega Lopunny / Froslass,1350508087c01043,7,1225,Gale Thrust,849,Mega Lopunny ex,648,Marnie's Grimmsnarl ex,290,320,2,2,4,1,0,290,0,0
v26,55520389,93226257,0,Mega Lopunny / Froslass,1350508087c01043,7,1225,Gale Thrust,849,Mega Lopunny ex,648,Marnie's Grimmsnarl ex,290,320,2,2,4,1,0,290,0,0
v26,55520389,93226257,0,Mega Lopunny / Froslass,1350508087c01043,9,1225,Gale Thrust,849,Mega Lopunny ex,648,Marnie's Grimmsnarl ex,80,320,2,3,5,1,0,110,-30,0
v26,55520389,93226257,0,Mega Lopunny / Froslass,1350508087c01043,11,1225,Gale Thrust,849,Mega Lopunny ex,648,Marnie's Grimmsnarl ex,310,320,3,7,4,2,0,310,0,0
v26,55520389,93228046,0,Dragapult,4867fd964a4c9662,2,323,Itchy Pollen,235,Budew,646,Marnie's Impidimp,70,70,0,5,2,0,0,50,20,0
v26,55520389,93228046,0,Dragapult,4867fd964a4c9662,2,323,Itchy Pollen,235,Budew,646,Marnie's Impidimp,70,70,0,5,2,0,0,50,20,0
v26,55520389,93228046,0,Dragapult,4867fd964a4c9662,4,323,Itchy Pollen,235,Budew,646,Marnie's Impidimp,70,70,0,8,2,0,0,50,20,0
v26,55520389,93228046,0,Dragapult,4867fd964a4c9662,6,323,Itchy Pollen,235,Budew,647,Marnie's Morgrem,100,100,0,8,3,0,0,100,0,0
v26,55520389,93228046,0,Dragapult,4867fd964a4c9662,10,153,Jet Headbutt,121,Dragapult ex,860,Snorunt,70,70,0,4,5,2,0,70,0,0
v26,55520389,93228046,0,Dragapult,4867fd964a4c9662,12,153,Jet Headbutt,121,Dragapult ex,648,Marnie's Grimmsnarl ex,70,320,2,3,5,2,0,70,0,0
v26,55520389,93228948,1,other: Iono’s Bellibolt ex,282504e445a4d4fc,14,363,Voltaic Chain,265,Iono’s Voltorb,648,Marnie's Grimmsnarl ex,310,320,2,10,5,2,0,80,230,0
v26,55520389,93229840,0,Ogerpon,0dede7cb8026e473,5,120,Myriad Leaf Shower,96,Teal Mask Ogerpon ex,646,Marnie's Impidimp,70,70,0,3,5,3,6,70,0,0
v26,55520389,93229840,0,Ogerpon,0dede7cb8026e473,7,120,Myriad Leaf Shower,96,Teal Mask Ogerpon ex,648,Marnie's Grimmsnarl ex,320,320,2,3,5,3,7,320,0,0
v26,55520389,93229840,0,Ogerpon,0dede7cb8026e473,9,120,Myriad Leaf Shower,96,Teal Mask Ogerpon ex,112,Munkidori,110,110,1,2,5,5,9,110,0,0
v26,55520389,93229840,0,Ogerpon,0dede7cb8026e473,9,120,Myriad Leaf Shower,96,Teal Mask Ogerpon ex,112,Munkidori,110,110,1,2,5,5,9,,,1
v26,55520389,93229840,0,Ogerpon,0dede7cb8026e473,11,120,Myriad Leaf Shower,96,Teal Mask Ogerpon ex,648,Marnie's Grimmsnarl ex,310,320,2,4,5,3,7,310,0,0
v26,55520389,93229840,0,Ogerpon,0dede7cb8026e473,11,120,Myriad Leaf Shower,96,Teal Mask Ogerpon ex,648,Marnie's Grimmsnarl ex,310,320,2,4,5,4,8,320,-10,0
v26,55520389,93230733,1,Mega Lucario,c3c16f0e65487ad6,2,980,Cosmic Beam,676,Solrock,646,Marnie's Impidimp,70,70,1,5,1,1,0,70,0,0
v26,55520389,93230733,1,Mega Lucario,c3c16f0e65487ad6,2,980,Cosmic Beam,676,Solrock,646,Marnie's Impidimp,70,70,1,5,1,1,0,70,0,0
v26,55520389,93230733,1,Mega Lucario,c3c16f0e65487ad6,2,980,Cosmic Beam,676,Solrock,646,Marnie's Impidimp,70,70,1,5,1,1,0,70,0,0
v26,55520389,93231578,0,Mega Lucario,bb547ba03b726d87,2,981,Accelerating Stab,677,Riolu,112,Munkidori,110,110,0,5,1,1,0,80,30,0
v26,55520389,93231578,0,Mega Lucario,bb547ba03b726d87,2,981,Accelerating Stab,677,Riolu,112,Munkidori,110,110,0,5,1,1,0,80,30,0
v26,55520389,93231578,0,Mega Lucario,bb547ba03b726d87,4,982,Aura Jab,678,Mega Lucario ex,112,Munkidori,110,110,1,4,2,1,0,110,0,0
v26,55520389,93231578,0,Mega Lucario,bb547ba03b726d87,4,982,Aura Jab,678,Mega Lucario ex,112,Munkidori,110,110,1,4,2,1,0,110,0,0
v26,55520389,93231619,0,Grimmsnarl (mirror),9714ab5c3996f6cc,4,937,Shadow Bullet,648,Marnie's Grimmsnarl ex,646,Marnie's Impidimp,70,70,0,3,4,2,0,70,0,0
v26,55520389,93232537,1,Mega Lucario,9b77052f70f4d732,7,983,Mega Brave,678,Mega Lucario ex,112,Munkidori,100,110,1,6,5,2,0,0,100,1
v26,55520389,93232537,1,Mega Lucario,9b77052f70f4d732,11,982,Aura Jab,678,Mega Lucario ex,648,Marnie's Grimmsnarl ex,320,320,2,8,4,2,0,320,0,0
v26,55520389,93232537,1,Mega Lucario,9b77052f70f4d732,11,983,Mega Brave,678,Mega Lucario ex,648,Marnie's Grimmsnarl ex,320,320,2,8,4,2,0,320,0,0
v26,55520389,93232537,1,Mega Lucario,9b77052f70f4d732,13,982,Aura Jab,678,Mega Lucario ex,648,Marnie's Grimmsnarl ex,320,320,2,9,4,2,0,320,0,0
v26,55520389,93233434,0,Alakazam,cc38cb450b86770a,2,423,Trading Places,305,Dunsparce,860,Snorunt,70,70,0,3,3,1,0,70,0,0
v26,55520389,93233434,0,Alakazam,cc38cb450b86770a,2,423,Trading Places,305,Dunsparce,860,Snorunt,70,70,0,3,3,1,0,70,0,0
v26,55520389,93234369,1,Archaludon,ebd4dbb270dce6a2,2,478,Ascension,344,Dwebble,646,Marnie's Impidimp,70,70,0,2,5,1,0,70,0,0
v26,55520389,93234369,1,Archaludon,ebd4dbb270dce6a2,2,478,Ascension,344,Dwebble,646,Marnie's Impidimp,70,70,0,2,5,1,0,70,0,0
v26,55520389,93234369,1,Archaludon,ebd4dbb270dce6a2,4,478,Ascension,344,Dwebble,646,Marnie's Impidimp,70,70,1,7,5,1,0,70,0,0
v26,55520389,93234369,1,Archaludon,ebd4dbb270dce6a2,4,478,Ascension,344,Dwebble,646,Marnie's Impidimp,70,70,1,7,5,1,0,70,0,0
v26,55520389,93234369,1,Archaludon,ebd4dbb270dce6a2,6,478,Ascension,344,Dwebble,646,Marnie's Impidimp,70,70,1,9,5,1,0,70,0,0
v26,55520389,93234369,1,Archaludon,ebd4dbb270dce6a2,6,478,Ascension,344,Dwebble,646,Marnie's Impidimp,70,70,1,9,5,1,0,70,0,0
v26,55520389,93234369,1,Archaludon,ebd4dbb270dce6a2,8,223,Hammer In,169,Duraludon,648,Marnie's Grimmsnarl ex,300,320,2,11,5,3,0,190,110,0
v26,55520389,93234369,1,Archaludon,ebd4dbb270dce6a2,8,224,Raging Hammer,169,Duraludon,648,Marnie's Grimmsnarl ex,300,320,2,11,5,3,0,170,130,0
v26,55520389,93235158,1,Grimmsnarl (mirror),9714ab5c3996f6cc,4,937,Shadow Bullet,648,Marnie's Grimmsnarl ex,112,Munkidori,110,110,1,2,4,2,0,110,0,0
v26,55520389,93235158,1,Grimmsnarl (mirror),9714ab5c3996f6cc,6,937,Shadow Bullet,648,Marnie's Grimmsnarl ex,648,Marnie's Grimmsnarl ex,320,320,2,5,5,2,0,320,0,0
v26,55520389,93235158,1,Grimmsnarl (mirror),9714ab5c3996f6cc,6,937,Shadow Bullet,648,Marnie's Grimmsnarl ex,648,Marnie's Grimmsnarl ex,320,320,2,5,5,2,0,320,0,0
v26,55520389,93235158,1,Grimmsnarl (mirror),9714ab5c3996f6cc,6,937,Shadow Bullet,648,Marnie's Grimmsnarl ex,648,Marnie's Grimmsnarl ex,320,320,2,5,5,2,0,320,0,0
v26,55520389,93235158,1,Grimmsnarl (mirror),9714ab5c3996f6cc,8,937,Shadow Bullet,648,Marnie's Grimmsnarl ex,648,Marnie's Grimmsnarl ex,320,320,2,6,5,2,0,320,0,0
v26,55520389,93235158,1,Grimmsnarl (mirror),9714ab5c3996f6cc,10,937,Shadow Bullet,648,Marnie's Grimmsnarl ex,648,Marnie's Grimmsnarl ex,200,320,2,2,5,2,0,200,0,0
v26,55520389,93235158,1,Grimmsnarl (mirror),9714ab5c3996f6cc,12,936,Corkscrew Punch,647,Marnie's Morgrem,648,Marnie's Grimmsnarl ex,320,320,2,9,5,2,0,320,0,0
v26,55520389,93235158,1,Grimmsnarl (mirror),9714ab5c3996f6cc,12,936,Corkscrew Punch,647,Marnie's Morgrem,648,Marnie's Grimmsnarl ex,320,320,2,9,5,2,0,320,0,0
v26,55520389,93235158,1,Grimmsnarl (mirror),9714ab5c3996f6cc,12,936,Corkscrew Punch,647,Marnie's Morgrem,648,Marnie's Grimmsnarl ex,320,320,2,9,5,2,0,260,60,0
v26,55520389,93235158,1,Grimmsnarl (mirror),9714ab5c3996f6cc,12,936,Corkscrew Punch,647,Marnie's Morgrem,648,Marnie's Grimmsnarl ex,320,320,2,9,5,2,0,260,60,0
v26,55520389,93236160,1,Grimmsnarl (mirror),30b42482160c0f42,2,934,Filch,646,Marnie's Impidimp,646,Marnie's Impidimp,70,70,0,4,2,1,0,70,0,0
v26,55520389,93236160,1,Grimmsnarl (mirror),30b42482160c0f42,2,934,Filch,646,Marnie's Impidimp,646,Marnie's Impidimp,70,70,0,4,2,1,0,70,0,0
v26,55520389,93236160,1,Grimmsnarl (mirror),30b42482160c0f42,4,937,Shadow Bullet,648,Marnie's Grimmsnarl ex,646,Marnie's Impidimp,70,70,1,4,2,2,0,70,0,0
v26,55520389,93236160,1,Grimmsnarl (mirror),30b42482160c0f42,6,937,Shadow Bullet,648,Marnie's Grimmsnarl ex,112,Munkidori,90,110,1,3,4,2,0,110,-20,0
v26,55520389,93236160,1,Grimmsnarl (mirror),30b42482160c0f42,6,937,Shadow Bullet,648,Marnie's Grimmsnarl ex,112,Munkidori,90,110,1,3,4,2,0,110,-20,0
v26,55520389,93236160,1,Grimmsnarl (mirror),30b42482160c0f42,6,937,Shadow Bullet,648,Marnie's Grimmsnarl ex,112,Munkidori,60,110,1,3,4,2,0,110,-50,0
v26,55520389,93236160,1,Grimmsnarl (mirror),30b42482160c0f42,8,937,Shadow Bullet,648,Marnie's Grimmsnarl ex,648,Marnie's Grimmsnarl ex,300,320,2,6,3,2,0,300,0,0
v26,55520389,93236160,1,Grimmsnarl (mirror),30b42482160c0f42,8,937,Shadow Bullet,648,Marnie's Grimmsnarl ex,648,Marnie's Grimmsnarl ex,300,320,2,6,2,2,0,300,0,0
v26,55520389,93236160,1,Grimmsnarl (mirror),30b42482160c0f42,10,937,Shadow Bullet,648,Marnie's Grimmsnarl ex,648,Marnie's Grimmsnarl ex,280,320,2,5,3,2,0,290,-10,0
v26,55520389,93236160,1,Grimmsnarl (mirror),30b42482160c0f42,10,937,Shadow Bullet,648,Marnie's Grimmsnarl ex,648,Marnie's Grimmsnarl ex,280,320,2,5,3,2,0,290,-10,0
v26,55520389,93236160,1,Grimmsnarl (mirror),30b42482160c0f42,12,937,Shadow Bullet,648,Marnie's Grimmsnarl ex,648,Marnie's Grimmsnarl ex,80,320,2,6,4,2,0,90,-10,0
v26,55520389,93238001,0,Alakazam,cc38cb450b86770a,13,1072,Powerful Hand,743,Alakazam,860,Snorunt,70,70,1,1,2,1,0,70,0,0
v26,55520389,93238001,0,Alakazam,cc38cb450b86770a,13,1072,Powerful Hand,743,Alakazam,860,Snorunt,70,70,1,1,2,1,0,70,0,0
v26,55520389,93238001,0,Alakazam,cc38cb450b86770a,15,1072,Powerful Hand,743,Alakazam,648,Marnie's Grimmsnarl ex,320,320,2,6,2,1,0,320,0,0
v26,55520389,93248703,1,Grimmsnarl (mirror),ae3dbbeb2e097f31,7,937,Shadow Bullet,648,Marnie's Grimmsnarl ex,648,Marnie's Grimmsnarl ex,320,320,2,2,5,2,0,320,0,0
v26,55520389,93248703,1,Grimmsnarl (mirror),ae3dbbeb2e097f31,9,937,Shadow Bullet,648,Marnie's Grimmsnarl ex,648,Marnie's Grimmsnarl ex,200,320,2,3,5,2,0,200,0,0
v26,55520389,93248703,1,Grimmsnarl (mirror),ae3dbbeb2e097f31,9,937,Shadow Bullet,648,Marnie's Grimmsnarl ex,648,Marnie's Grimmsnarl ex,200,320,2,3,5,2,0,200,0,0
v26,55520389,93248703,1,Grimmsnarl (mirror),ae3dbbeb2e097f31,9,937,Shadow Bullet,648,Marnie's Grimmsnarl ex,648,Marnie's Grimmsnarl ex,170,320,2,3,5,2,0,0,170,1
v26,55520389,93251068,1,Alakazam,a233298ee750b57c,4,1070,Teleportation Attack,741,Abra,648,Marnie's Grimmsnarl ex,310,320,2,7,5,1,0,320,-10,0
v26,55520389,93251068,1,Alakazam,a233298ee750b57c,4,1072,Powerful Hand,743,Alakazam,648,Marnie's Grimmsnarl ex,310,320,2,7,5,1,0,120,190,0
v26,55520389,93251068,1,Alakazam,a233298ee750b57c,6,1072,Powerful Hand,743,Alakazam,648,Marnie's Grimmsnarl ex,170,320,2,7,5,1,0,170,0,0
v26,55520389,93251068,1,Alakazam,a233298ee750b57c,6,1072,Powerful Hand,743,Alakazam,648,Marnie's Grimmsnarl ex,170,320,2,7,5,1,0,170,0,0
v26,55520389,93251068,1,Alakazam,a233298ee750b57c,8,423,Trading Places,305,Dunsparce,648,Marnie's Grimmsnarl ex,310,320,2,6,4,1,0,320,-10,0
v26,55520389,93251068,1,Alakazam,a233298ee750b57c,8,423,Trading Places,305,Dunsparce,648,Marnie's Grimmsnarl ex,310,320,2,6,4,1,0,320,-10,0
v26,55520389,93251068,1,Alakazam,a233298ee750b57c,8,423,Trading Places,305,Dunsparce,648,Marnie's Grimmsnarl ex,310,320,2,6,4,1,0,300,10,0
v27,55521760,93227728,1,Grimmsnarl (mirror),9714ab5c3996f6cc,4,937,Shadow Bullet,648,Marnie's Grimmsnarl ex,860,Snorunt,70,70,0,4,3,2,0,70,0,0
v27,55521760,93227728,1,Grimmsnarl (mirror),9714ab5c3996f6cc,8,937,Shadow Bullet,648,Marnie's Grimmsnarl ex,648,Marnie's Grimmsnarl ex,200,320,2,4,5,2,0,200,0,0
v27,55521760,93227728,1,Grimmsnarl (mirror),9714ab5c3996f6cc,8,937,Shadow Bullet,648,Marnie's Grimmsnarl ex,648,Marnie's Grimmsnarl ex,200,320,2,4,5,2,0,200,0,0
v27,55521760,93227728,1,Grimmsnarl (mirror),9714ab5c3996f6cc,10,937,Shadow Bullet,648,Marnie's Grimmsnarl ex,648,Marnie's Grimmsnarl ex,320,320,2,2,5,2,0,320,0,0
v27,55521760,93227728,1,Grimmsnarl (mirror),9714ab5c3996f6cc,10,937,Shadow Bullet,648,Marnie's Grimmsnarl ex,648,Marnie's Grimmsnarl ex,320,320,2,2,5,2,0,320,0,0
v27,55521760,93227833,1,Mega Lucario,d05bff224d40b9c6,2,980,Cosmic Beam,676,Solrock,112,Munkidori,110,110,1,6,1,1,0,110,0,0
v27,55521760,93227833,1,Mega Lucario,d05bff224d40b9c6,2,980,Cosmic Beam,676,Solrock,112,Munkidori,110,110,1,6,1,1,0,40,70,0
v27,55521760,93227833,1,Mega Lucario,d05bff224d40b9c6,2,980,Cosmic Beam,676,Solrock,112,Munkidori,110,110,1,6,1,1,0,40,70,0
v27,55521760,93227833,1,Mega Lucario,d05bff224d40b9c6,8,978,Wild Press,674,Hariyama,648,Marnie's Grimmsnarl ex,290,290,2,6,5,3,0,20,270,0
v27,55521760,93227833,1,Mega Lucario,d05bff224d40b9c6,8,978,Wild Press,674,Hariyama,648,Marnie's Grimmsnarl ex,290,290,2,6,5,3,0,20,270,0
v27,55521760,93228710,1,Mega Lucario,c3c16f0e65487ad6,2,980,Cosmic Beam,676,Solrock,646,Marnie's Impidimp,70,70,0,6,1,1,0,70,0,0
v27,55521760,93228710,1,Mega Lucario,c3c16f0e65487ad6,8,982,Aura Jab,678,Mega Lucario ex,648,Marnie's Grimmsnarl ex,320,320,2,6,5,1,0,320,0,0
v27,55521760,93228710,1,Mega Lucario,c3c16f0e65487ad6,8,982,Aura Jab,678,Mega Lucario ex,648,Marnie's Grimmsnarl ex,320,320,2,6,5,1,0,320,0,0
v27,55521760,93228710,1,Mega Lucario,c3c16f0e65487ad6,8,982,Aura Jab,678,Mega Lucario ex,648,Marnie's Grimmsnarl ex,320,320,2,6,5,1,0,320,0,0
v27,55521760,93228710,1,Mega Lucario,c3c16f0e65487ad6,10,982,Aura Jab,678,Mega Lucario ex,648,Marnie's Grimmsnarl ex,220,320,2,5,5,1,0,220,0,0
v27,55521760,93228710,1,Mega Lucario,c3c16f0e65487ad6,10,982,Aura Jab,678,Mega Lucario ex,648,Marnie's Grimmsnarl ex,220,320,2,5,5,2,0,220,0,0
v27,55521760,93228710,1,Mega Lucario,c3c16f0e65487ad6,10,982,Aura Jab,678,Mega Lucario ex,648,Marnie's Grimmsnarl ex,220,320,2,5,5,2,0,220,0,0
v27,55521760,93228710,1,Mega Lucario,c3c16f0e65487ad6,12,982,Aura Jab,678,Mega Lucario ex,648,Marnie's Grimmsnarl ex,320,320,2,6,5,2,0,320,0,0
v27,55521760,93228710,1,Mega Lucario,c3c16f0e65487ad6,12,982,Aura Jab,678,Mega Lucario ex,648,Marnie's Grimmsnarl ex,320,320,2,6,5,2,0,320,0,0
v27,55521760,93228710,1,Mega Lucario,c3c16f0e65487ad6,12,982,Aura Jab,678,Mega Lucario ex,648,Marnie's Grimmsnarl ex,320,320,2,6,5,2,0,320,0,0
v27,55521760,93230506,1,Mega Lucario,d6ef16d806c2f394,2,981,Accelerating Stab,677,Riolu,860,Snorunt,70,70,0,4,2,1,0,70,0,0
v27,55521760,93230506,1,Mega Lucario,d6ef16d806c2f394,2,981,Accelerating Stab,677,Riolu,860,Snorunt,70,70,0,4,2,1,0,40,30,0
v27,55521760,93230506,1,Mega Lucario,d6ef16d806c2f394,2,981,Accelerating Stab,677,Riolu,860,Snorunt,70,70,0,4,2,1,0,40,30,0
v27,55521760,93230506,1,Mega Lucario,d6ef16d806c2f394,4,982,Aura Jab,678,Mega Lucario ex,860,Snorunt,70,70,0,6,4,1,0,70,0,0
v27,55521760,93230506,1,Mega Lucario,d6ef16d806c2f394,6,982,Aura Jab,678,Mega Lucario ex,648,Marnie's Grimmsnarl ex,320,320,2,5,4,1,0,320,0,0
v27,55521760,93230506,1,Mega Lucario,d6ef16d806c2f394,6,983,Mega Brave,678,Mega Lucario ex,648,Marnie's Grimmsnarl ex,320,320,2,5,4,2,0,50,270,0
v27,55521760,93230506,1,Mega Lucario,d6ef16d806c2f394,8,982,Aura Jab,678,Mega Lucario ex,648,Marnie's Grimmsnarl ex,320,320,2,7,5,2,0,320,0,0
v27,55521760,93230506,1,Mega Lucario,d6ef16d806c2f394,10,982,Aura Jab,678,Mega Lucario ex,648,Marnie's Grimmsnarl ex,250,320,2,11,5,3,0,250,0,0
v27,55521760,93231407,1,Kangaskhan / Crustle,a4db97283921f280,8,479,Superb Scissors,345,Crustle,648,Marnie's Grimmsnarl ex,320,320,2,4,5,3,1,320,0,0
v27,55521760,93232301,1,Grimmsnarl (mirror),9714ab5c3996f6cc,6,937,Shadow Bullet,648,Marnie's Grimmsnarl ex,648,Marnie's Grimmsnarl ex,300,320,2,11,3,2,0,310,-10,0
v27,55521760,93232301,1,Grimmsnarl (mirror),9714ab5c3996f6cc,6,937,Shadow Bullet,648,Marnie's Grimmsnarl ex,648,Marnie's Grimmsnarl ex,300,320,2,2,3,2,0,310,-10,0
v27,55521760,93232301,1,Grimmsnarl (mirror),9714ab5c3996f6cc,8,937,Shadow Bullet,648,Marnie's Grimmsnarl ex,648,Marnie's Grimmsnarl ex,130,320,2,5,5,2,0,140,-10,0
v27,55521760,93232301,1,Grimmsnarl (mirror),9714ab5c3996f6cc,10,937,Shadow Bullet,648,Marnie's Grimmsnarl ex,648,Marnie's Grimmsnarl ex,310,320,2,7,3,2,0,320,-10,0
v27,55521760,93233208,1,Alakazam,b1f287b8d98881f8,5,1070,Teleportation Attack,741,Abra,648,Marnie's Grimmsnarl ex,320,320,2,4,3,1,0,320,0,0
v27,55521760,93233208,1,Alakazam,b1f287b8d98881f8,5,1071,Super Psy Bolt,742,Kadabra,648,Marnie's Grimmsnarl ex,320,320,2,4,3,1,0,320,0,0
v27,55521760,93233208,1,Alakazam,b1f287b8d98881f8,5,1071,Super Psy Bolt,742,Kadabra,648,Marnie's Grimmsnarl ex,320,320,2,4,3,1,0,320,0,0
v27,55521760,93233208,1,Alakazam,b1f287b8d98881f8,5,1071,Super Psy Bolt,742,Kadabra,648,Marnie's Grimmsnarl ex,320,320,2,4,3,1,0,320,0,0
v27,55521760,93233208,1,Alakazam,b1f287b8d98881f8,5,1071,Super Psy Bolt,742,Kadabra,648,Marnie's Grimmsnarl ex,320,320,2,4,3,1,0,320,0,0
v27,55521760,93233208,1,Alakazam,b1f287b8d98881f8,7,1072,Powerful Hand,743,Alakazam,648,Marnie's Grimmsnarl ex,320,320,2,3,4,1,0,320,0,0
v27,55521760,93233208,1,Alakazam,b1f287b8d98881f8,11,1072,Powerful Hand,743,Alakazam,648,Marnie's Grimmsnarl ex,310,320,3,4,4,1,0,310,0,0
v27,55521760,93233208,1,Alakazam,b1f287b8d98881f8,11,1072,Powerful Hand,743,Alakazam,648,Marnie's Grimmsnarl ex,310,320,3,4,4,1,0,310,0,0
v27,55521760,93234145,1,Mega Lucario,a6535bbccddb9182,4,980,Cosmic Beam,676,Solrock,104,Froslass,90,90,1,6,3,1,0,90,0,0
v27,55521760,93234145,1,Mega Lucario,a6535bbccddb9182,6,982,Aura Jab,678,Mega Lucario ex,648,Marnie's Grimmsnarl ex,320,320,2,6,2,1,0,320,0,0
v27,55521760,93234145,1,Mega Lucario,a6535bbccddb9182,6,982,Aura Jab,678,Mega Lucario ex,648,Marnie's Grimmsnarl ex,320,320,2,6,2,1,0,320,0,0
v27,55521760,93234145,1,Mega Lucario,a6535bbccddb9182,6,983,Mega Brave,678,Mega Lucario ex,648,Marnie's Grimmsnarl ex,320,320,2,6,2,2,0,320,0,0
v27,55521760,93234145,1,Mega Lucario,a6535bbccddb9182,6,982,Aura Jab,678,Mega Lucario ex,648,Marnie's Grimmsnarl ex,320,320,2,6,2,2,0,50,270,0
v27,55521760,93234145,1,Mega Lucario,a6535bbccddb9182,6,983,Mega Brave,678,Mega Lucario ex,648,Marnie's Grimmsnarl ex,320,320,2,6,2,2,0,50,270,0
v27,55521760,93234145,1,Mega Lucario,a6535bbccddb9182,8,982,Aura Jab,678,Mega Lucario ex,648,Marnie's Grimmsnarl ex,320,320,2,4,4,2,0,320,0,0
v27,55521760,93234145,1,Mega Lucario,a6535bbccddb9182,8,982,Aura Jab,678,Mega Lucario ex,648,Marnie's Grimmsnarl ex,320,320,2,4,4,2,0,320,0,0
v27,55521760,93234145,1,Mega Lucario,a6535bbccddb9182,8,982,Aura Jab,678,Mega Lucario ex,648,Marnie's Grimmsnarl ex,320,320,2,4,4,1,0,320,0,0
v27,55521760,93234145,1,Mega Lucario,a6535bbccddb9182,10,982,Aura Jab,678,Mega Lucario ex,648,Marnie's Grimmsnarl ex,220,320,2,4,4,1,0,220,0,0
v27,55521760,93234145,1,Mega Lucario,a6535bbccddb9182,10,982,Aura Jab,678,Mega Lucario ex,648,Marnie's Grimmsnarl ex,220,320,2,4,4,2,0,220,0,0
v27,55521760,93234145,1,Mega Lucario,a6535bbccddb9182,10,982,Aura Jab,678,Mega Lucario ex,648,Marnie's Grimmsnarl ex,220,320,2,4,4,2,0,220,0,0
v27,55521760,93234145,1,Mega Lucario,a6535bbccddb9182,10,982,Aura Jab,678,Mega Lucario ex,648,Marnie's Grimmsnarl ex,220,320,2,4,4,2,0,220,0,0
v27,55521760,93234145,1,Mega Lucario,a6535bbccddb9182,12,982,Aura Jab,678,Mega Lucario ex,648,Marnie's Grimmsnarl ex,320,320,2,8,4,5,0,320,0,0
v27,55521760,93234145,1,Mega Lucario,a6535bbccddb9182,12,982,Aura Jab,678,Mega Lucario ex,648,Marnie's Grimmsnarl ex,320,320,2,8,4,6,0,320,0,0
v27,55521760,93234145,1,Mega Lucario,a6535bbccddb9182,12,982,Aura Jab,678,Mega Lucario ex,112,Munkidori,110,110,1,8,4,6,0,,,1
v27,55521760,93235287,0,Ogerpon,0dede7cb8026e473,4,120,Myriad Leaf Shower,96,Teal Mask Ogerpon ex,112,Munkidori,110,110,1,2,4,4,8,110,0,0
v27,55521760,93235287,0,Ogerpon,0dede7cb8026e473,4,120,Myriad Leaf Shower,96,Teal Mask Ogerpon ex,112,Munkidori,110,110,1,2,4,4,8,,,1
v27,55521760,93235287,0,Ogerpon,0dede7cb8026e473,6,120,Myriad Leaf Shower,96,Teal Mask Ogerpon ex,648,Marnie's Grimmsnarl ex,320,320,2,1,4,6,12,320,0,0
v27,55521760,93235287,0,Ogerpon,0dede7cb8026e473,6,120,Myriad Leaf Shower,96,Teal Mask Ogerpon ex,648,Marnie's Grimmsnarl ex,320,320,2,1,4,6,12,320,0,0
v27,55521760,93235287,0,Ogerpon,0dede7cb8026e473,6,120,Myriad Leaf Shower,96,Teal Mask Ogerpon ex,648,Marnie's Grimmsnarl ex,320,320,2,1,4,6,12,320,0,0
v27,55521760,93235287,0,Ogerpon,0dede7cb8026e473,8,120,Myriad Leaf Shower,96,Teal Mask Ogerpon ex,648,Marnie's Grimmsnarl ex,310,320,2,2,4,7,13,320,-10,0
v27,55521760,93235287,0,Ogerpon,0dede7cb8026e473,8,120,Myriad Leaf Shower,96,Teal Mask Ogerpon ex,648,Marnie's Grimmsnarl ex,310,320,2,2,4,7,13,320,-10,0
v27,55521760,93235287,0,Ogerpon,0dede7cb8026e473,8,120,Myriad Leaf Shower,96,Teal Mask Ogerpon ex,648,Marnie's Grimmsnarl ex,310,320,2,2,4,8,16,320,-10,0
v27,55521760,93235943,0,other: Cynthia's Garchomp ex,daff2ed17de6145d,3,475,Spike Sting,341,Cynthia's Roselia,860,Snorunt,70,70,1,5,4,1,0,70,0,0
v27,55521760,93235943,0,other: Cynthia's Garchomp ex,daff2ed17de6145d,5,531,Corkscrew Dive,381,Cynthia's Garchomp ex,648,Marnie's Grimmsnarl ex,320,320,2,5,5,2,0,320,0,0
v27,55521760,93235943,0,other: Cynthia's Garchomp ex,daff2ed17de6145d,5,531,Corkscrew Dive,381,Cynthia's Garchomp ex,648,Marnie's Grimmsnarl ex,320,320,2,5,5,2,0,320,0,0
v27,55521760,93235943,0,other: Cynthia's Garchomp ex,daff2ed17de6145d,9,540,Raging Curse,387,Cynthia's Spiritomb,648,Marnie's Grimmsnarl ex,300,320,2,3,5,1,0,300,0,0
v27,55521760,93235943,0,other: Cynthia's Garchomp ex,daff2ed17de6145d,11,531,Corkscrew Dive,381,Cynthia's Garchomp ex,648,Marnie's Grimmsnarl ex,70,320,2,2,5,1,0,0,70,1
v27,55521760,93236850,0,Ogerpon,beb431723660fb83,3,120,Myriad Leaf Shower,96,Teal Mask Ogerpon ex,646,Marnie's Impidimp,70,70,1,6,2,4,7,70,0,0
v27,55521760,93236850,0,Ogerpon,beb431723660fb83,3,120,Myriad Leaf Shower,96,Teal Mask Ogerpon ex,646,Marnie's Impidimp,100,100,1,6,2,4,7,100,0,0
v27,55521760,93236850,0,Ogerpon,beb431723660fb83,3,120,Myriad Leaf Shower,96,Teal Mask Ogerpon ex,646,Marnie's Impidimp,100,100,1,6,2,4,7,70,30,0
v27,55521760,93236850,0,Ogerpon,beb431723660fb83,9,120,Myriad Leaf Shower,96,Teal Mask Ogerpon ex,648,Marnie's Grimmsnarl ex,310,320,3,5,5,6,12,310,0,0
v27,55521760,93237761,1,Archaludon,ebd4dbb270dce6a2,4,253,Metal Defender,190,Archaludon ex,112,Munkidori,110,110,1,3,4,4,0,110,0,0
v27,55521760,93237761,1,Archaludon,ebd4dbb270dce6a2,6,224,Raging Hammer,190,Archaludon ex,648,Marnie's Grimmsnarl ex,320,320,2,6,5,4,0,100,220,0
v27,55521760,93237761,1,Archaludon,ebd4dbb270dce6a2,6,253,Metal Defender,190,Archaludon ex,648,Marnie's Grimmsnarl ex,320,320,2,6,5,4,0,100,220,0
v27,55521760,93237761,1,Archaludon,ebd4dbb270dce6a2,8,253,Metal Defender,190,Archaludon ex,648,Marnie's Grimmsnarl ex,160,320,2,6,5,4,0,160,0,0
v27,55521760,93237761,1,Archaludon,ebd4dbb270dce6a2,8,253,Metal Defender,190,Archaludon ex,648,Marnie's Grimmsnarl ex,160,320,2,6,5,4,0,160,0,0
v27,55521760,93237761,1,Archaludon,ebd4dbb270dce6a2,10,253,Metal Defender,190,Archaludon ex,648,Marnie's Grimmsnarl ex,310,320,2,7,5,5,0,80,230,0
v27,55521760,93237761,1,Archaludon,ebd4dbb270dce6a2,12,253,Metal Defender,190,Archaludon ex,648,Marnie's Grimmsnarl ex,70,320,2,8,5,5,0,80,-10,0
v27,55521760,93237761,1,Archaludon,ebd4dbb270dce6a2,12,253,Metal Defender,190,Archaludon ex,648,Marnie's Grimmsnarl ex,70,320,2,8,5,5,0,80,-10,0
v27,55521760,93237761,1,Archaludon,ebd4dbb270dce6a2,14,253,Metal Defender,190,Archaludon ex,648,Marnie's Grimmsnarl ex,310,320,2,7,5,5,0,320,-10,0
v27,55521760,93237761,1,Archaludon,ebd4dbb270dce6a2,14,253,Metal Defender,190,Archaludon ex,648,Marnie's Grimmsnarl ex,310,320,2,7,5,3,0,80,230,0
v27,55521760,93238657,0,Grimmsnarl (mirror),0e88bea48617a0ea,5,937,Shadow Bullet,648,Marnie's Grimmsnarl ex,112,Munkidori,110,110,0,7,4,2,0,110,0,0
v27,55521760,93238657,0,Grimmsnarl (mirror),0e88bea48617a0ea,7,937,Shadow Bullet,648,Marnie's Grimmsnarl ex,648,Marnie's Grimmsnarl ex,320,320,2,6,5,2,0,320,0,0
v27,55521760,93238657,0,Grimmsnarl (mirror),0e88bea48617a0ea,7,937,Shadow Bullet,648,Marnie's Grimmsnarl ex,648,Marnie's Grimmsnarl ex,320,320,2,6,4,2,0,140,180,0
v27,55521760,93238657,0,Grimmsnarl (mirror),0e88bea48617a0ea,9,937,Shadow Bullet,648,Marnie's Grimmsnarl ex,648,Marnie's Grimmsnarl ex,320,320,2,6,4,2,0,320,0,0
v27,55521760,93238657,0,Grimmsnarl (mirror),0e88bea48617a0ea,11,937,Shadow Bullet,648,Marnie's Grimmsnarl ex,648,Marnie's Grimmsnarl ex,170,320,2,7,4,2,0,170,0,0
v27,55521760,93239552,0,other: Mega Abomasnow ex,a174d13acc29848d,3,1046,Hammer-lanche,723,Mega Abomasnow ex,860,Snorunt,70,70,0,8,4,2,0,70,0,0
v27,55521760,93239552,0,other: Mega Abomasnow ex,a174d13acc29848d,3,1046,Hammer-lanche,723,Mega Abomasnow ex,860,Snorunt,70,70,0,8,4,2,0,70,0,0
v27,55521760,93239552,0,other: Mega Abomasnow ex,a174d13acc29848d,5,1046,Hammer-lanche,723,Mega Abomasnow ex,648,Marnie's Grimmsnarl ex,320,320,2,4,5,2,0,320,0,0
v27,55521760,93239552,0,other: Mega Abomasnow ex,a174d13acc29848d,5,1046,Hammer-lanche,723,Mega Abomasnow ex,648,Marnie's Grimmsnarl ex,320,320,2,4,5,2,0,320,0,0
v27,55521760,93239552,0,other: Mega Abomasnow ex,a174d13acc29848d,7,1042,Riptide,721,Kyogre,648,Marnie's Grimmsnarl ex,320,320,2,5,5,1,0,320,0,0
v27,55521760,93239552,0,other: Mega Abomasnow ex,a174d13acc29848d,7,1042,Riptide,721,Kyogre,648,Marnie's Grimmsnarl ex,320,320,2,5,5,1,0,320,0,0
v27,55521760,93239552,0,other: Mega Abomasnow ex,a174d13acc29848d,9,1046,Hammer-lanche,723,Mega Abomasnow ex,648,Marnie's Grimmsnarl ex,320,320,2,5,4,2,0,320,0,0
v27,55521760,93239552,0,other: Mega Abomasnow ex,a174d13acc29848d,9,1046,Hammer-lanche,723,Mega Abomasnow ex,648,Marnie's Grimmsnarl ex,320,320,2,5,4,2,0,320,0,0
v27,55521760,93240535,1,Alakazam,ebb93da2d801dd7f,4,1070,Teleportation Attack,741,Abra,860,Snorunt,70,70,0,4,3,1,0,60,10,0
v27,55521760,93240535,1,Alakazam,ebb93da2d801dd7f,6,1072,Powerful Hand,743,Alakazam,648,Marnie's Grimmsnarl ex,310,320,2,3,3,1,0,320,-10,0
v27,55521760,93240535,1,Alakazam,ebb93da2d801dd7f,8,1072,Powerful Hand,743,Alakazam,648,Marnie's Grimmsnarl ex,310,320,2,6,5,1,0,320,-10,0
v27,55521760,93240535,1,Alakazam,ebb93da2d801dd7f,8,1072,Powerful Hand,743,Alakazam,648,Marnie's Grimmsnarl ex,310,320,2,6,5,1,0,320,-10,0
v27,55521760,93240535,1,Alakazam,ebb93da2d801dd7f,8,1072,Powerful Hand,743,Alakazam,648,Marnie's Grimmsnarl ex,310,320,2,6,5,1,0,80,230,0
v27,55521760,93240535,1,Alakazam,ebb93da2d801dd7f,8,1072,Powerful Hand,743,Alakazam,648,Marnie's Grimmsnarl ex,310,320,2,6,5,1,0,80,230,0
v27,55521760,93241348,1,Grimmsnarl (mirror),9714ab5c3996f6cc,6,934,Filch,646,Marnie's Impidimp,648,Marnie's Grimmsnarl ex,320,320,3,7,5,1,0,320,0,0
v27,55521760,93241348,1,Grimmsnarl (mirror),9714ab5c3996f6cc,6,934,Filch,646,Marnie's Impidimp,648,Marnie's Grimmsnarl ex,320,320,3,7,5,1,0,320,0,0
v27,55521760,93241348,1,Grimmsnarl (mirror),9714ab5c3996f6cc,8,934,Filch,646,Marnie's Impidimp,648,Marnie's Grimmsnarl ex,310,320,3,2,5,1,0,300,10,0
v27,55521760,93241348,1,Grimmsnarl (mirror),9714ab5c3996f6cc,8,934,Filch,646,Marnie's Impidimp,648,Marnie's Grimmsnarl ex,310,320,3,2,5,1,0,300,10,0
v27,55521760,93241348,1,Grimmsnarl (mirror),9714ab5c3996f6cc,10,937,Shadow Bullet,648,Marnie's Grimmsnarl ex,648,Marnie's Grimmsnarl ex,290,320,3,5,5,2,0,300,-10,0
v27,55521760,93241348,1,Grimmsnarl (mirror),9714ab5c3996f6cc,10,937,Shadow Bullet,648,Marnie's Grimmsnarl ex,648,Marnie's Grimmsnarl ex,290,320,3,5,5,2,0,300,-10,0
v27,55521760,93241348,1,Grimmsnarl (mirror),9714ab5c3996f6cc,10,937,Shadow Bullet,648,Marnie's Grimmsnarl ex,648,Marnie's Grimmsnarl ex,290,320,3,5,5,2,0,300,-10,0
v27,55521760,93241348,1,Grimmsnarl (mirror),9714ab5c3996f6cc,12,937,Shadow Bullet,648,Marnie's Grimmsnarl ex,648,Marnie's Grimmsnarl ex,90,320,3,6,5,2,0,100,-10,0
v27,55521760,93241348,1,Grimmsnarl (mirror),9714ab5c3996f6cc,12,937,Shadow Bullet,648,Marnie's Grimmsnarl ex,648,Marnie's Grimmsnarl ex,90,320,3,6,5,2,0,100,-10,0
v27,55521760,93241348,1,Grimmsnarl (mirror),9714ab5c3996f6cc,12,937,Shadow Bullet,648,Marnie's Grimmsnarl ex,648,Marnie's Grimmsnarl ex,90,320,3,6,4,2,0,100,-10,0
v27,55521760,93241348,1,Grimmsnarl (mirror),9714ab5c3996f6cc,14,937,Shadow Bullet,648,Marnie's Grimmsnarl ex,648,Marnie's Grimmsnarl ex,280,320,2,6,5,2,0,290,-10,0
v27,55521760,93241348,1,Grimmsnarl (mirror),9714ab5c3996f6cc,14,937,Shadow Bullet,648,Marnie's Grimmsnarl ex,648,Marnie's Grimmsnarl ex,280,320,2,6,4,2,0,290,-10,0
v27,55521760,93242265,0,Alakazam,996e13c0d2db40a1,5,230,Assault Landing,174,Fan Rotom,112,Munkidori,110,110,1,5,2,1,0,110,0,0
v27,55521760,93242265,0,Alakazam,996e13c0d2db40a1,5,1072,Powerful Hand,743,Alakazam,112,Munkidori,110,110,1,5,2,1,0,110,0,0
v27,55521760,93242265,0,Alakazam,996e13c0d2db40a1,7,1072,Powerful Hand,743,Alakazam,646,Marnie's Impidimp,70,70,1,4,3,1,0,70,0,0
v27,55521760,93243191,1,Archaludon,2b6a7dd699d2b6a5,2,965,Turbo Flare,666,Cinderace,860,Snorunt,70,70,0,4,2,1,0,70,0,0
v27,55521760,93243191,1,Archaludon,2b6a7dd699d2b6a5,2,965,Turbo Flare,666,Cinderace,860,Snorunt,70,70,0,4,2,1,0,70,0,0
v27,55521760,93243191,1,Archaludon,2b6a7dd699d2b6a5,2,965,Turbo Flare,666,Cinderace,860,Snorunt,70,70,0,4,2,1,0,70,0,0
v27,55521760,93243191,1,Archaludon,2b6a7dd699d2b6a5,2,965,Turbo Flare,666,Cinderace,860,Snorunt,70,70,0,4,2,1,0,20,50,0
v27,55521760,93243191,1,Archaludon,2b6a7dd699d2b6a5,4,253,Metal Defender,190,Archaludon ex,860,Snorunt,50,70,0,3,5,3,0,50,0,0
v27,55521760,93243191,1,Archaludon,2b6a7dd699d2b6a5,12,253,Metal Defender,190,Archaludon ex,648,Marnie's Grimmsnarl ex,320,320,2,6,4,3,0,320,0,0
v27,55521760,93243981,1,other: Walrein,d783aa4539e60222,4,716,Snotted Up,506,Cubchoo,104,Froslass,90,90,0,5,4,1,0,90,0,0
v27,55521760,93243981,1,other: Walrein,d783aa4539e60222,4,716,Snotted Up,506,Cubchoo,104,Froslass,90,90,0,5,4,1,0,90,0,0
v27,55521760,93243981,1,other: Walrein,d783aa4539e60222,6,716,Snotted Up,506,Cubchoo,104,Froslass,80,90,0,2,5,1,0,80,0,0
v27,55521760,93243981,1,other: Walrein,d783aa4539e60222,6,716,Snotted Up,506,Cubchoo,104,Froslass,80,90,0,2,5,1,0,80,0,0
v27,55521760,93243981,1,other: Walrein,d783aa4539e60222,8,1353,Frigid Fangs,943,Walrein,648,Marnie's Grimmsnarl ex,310,320,2,3,5,1,0,310,0,0
v27,55521760,93243981,1,other: Walrein,d783aa4539e60222,8,1353,Frigid Fangs,943,Walrein,648,Marnie's Grimmsnarl ex,310,320,2,3,5,1,0,310,0,0
v27,55521760,93243981,1,other: Walrein,d783aa4539e60222,10,1350,Powder Snow,941,Spheal,648,Marnie's Grimmsnarl ex,310,320,3,5,5,1,0,310,0,0
v27,55521760,93243981,1,other: Walrein,d783aa4539e60222,10,1350,Powder Snow,941,Spheal,648,Marnie's Grimmsnarl ex,310,320,3,5,5,1,0,310,0,0
v27,55521760,93245003,0,Ogerpon,beb431723660fb83,4,120,Myriad Leaf Shower,96,Teal Mask Ogerpon ex,112,Munkidori,100,110,1,5,5,3,5,110,-10,0
v27,55521760,93245003,0,Ogerpon,beb431723660fb83,4,120,Myriad Leaf Shower,96,Teal Mask Ogerpon ex,112,Munkidori,130,140,1,5,5,3,6,110,20,0
v27,55521760,93245003,0,Ogerpon,beb431723660fb83,4,120,Myriad Leaf Shower,96,Teal Mask Ogerpon ex,112,Munkidori,130,140,1,5,5,3,7,110,20,0
v27,55521760,93245003,0,Ogerpon,beb431723660fb83,8,120,Myriad Leaf Shower,96,Teal Mask Ogerpon ex,648,Marnie's Grimmsnarl ex,310,320,2,7,5,5,8,320,-10,0
v27,55521760,93245003,0,Ogerpon,beb431723660fb83,8,120,Myriad Leaf Shower,96,Teal Mask Ogerpon ex,648,Marnie's Grimmsnarl ex,310,320,2,4,5,5,8,320,-10,0
v27,55521760,93245003,0,Ogerpon,beb431723660fb83,10,120,Myriad Leaf Shower,96,Teal Mask Ogerpon ex,112,Munkidori,130,140,1,6,5,4,6,130,0,0
v27,55521760,93245003,0,Ogerpon,beb431723660fb83,10,120,Myriad Leaf Shower,96,Teal Mask Ogerpon ex,112,Munkidori,130,140,1,6,5,4,7,,,1
v27,55521760,93245905,1,Archaludon,3c412a8f12eabe8c,2,965,Turbo Flare,666,Cinderace,112,Munkidori,110,110,1,4,3,1,0,110,0,0
v27,55521760,93245905,1,Archaludon,3c412a8f12eabe8c,2,965,Turbo Flare,666,Cinderace,112,Munkidori,110,110,1,4,3,1,0,110,0,0
v27,55521760,93245905,1,Archaludon,3c412a8f12eabe8c,4,253,Metal Defender,190,Archaludon ex,648,Marnie's Grimmsnarl ex,310,320,2,3,4,5,0,310,0,0
v27,55521760,93245905,1,Archaludon,3c412a8f12eabe8c,6,223,Hammer In,169,Duraludon,648,Marnie's Grimmsnarl ex,100,320,2,5,4,1,0,100,0,0
v27,55521760,93245905,1,Archaludon,3c412a8f12eabe8c,6,223,Hammer In,169,Duraludon,648,Marnie's Grimmsnarl ex,100,320,2,3,4,1,0,100,0,0
v27,55521760,93247540,1,Grimmsnarl (mirror),9714ab5c3996f6cc,8,937,Shadow Bullet,648,Marnie's Grimmsnarl ex,648,Marnie's Grimmsnarl ex,320,320,2,11,5,2,0,320,0,0
v27,55521760,93247540,1,Grimmsnarl (mirror),9714ab5c3996f6cc,10,937,Shadow Bullet,648,Marnie's Grimmsnarl ex,648,Marnie's Grimmsnarl ex,320,320,2,12,5,2,0,320,0,0
v27,55521760,93247734,0,Grimmsnarl (mirror),9714ab5c3996f6cc,4,937,Shadow Bullet,648,Marnie's Grimmsnarl ex,648,Marnie's Grimmsnarl ex,320,320,2,7,5,2,0,320,0,0
v27,55521760,93247734,0,Grimmsnarl (mirror),9714ab5c3996f6cc,6,937,Shadow Bullet,648,Marnie's Grimmsnarl ex,648,Marnie's Grimmsnarl ex,320,320,2,2,5,2,0,320,0,0
v27,55521760,93248633,0,Dragapult,202ee2cec6cbe8b4,3,323,Itchy Pollen,235,Budew,646,Marnie's Impidimp,70,70,1,5,2,0,0,70,0,0
v27,55521760,93248633,0,Dragapult,202ee2cec6cbe8b4,5,323,Itchy Pollen,235,Budew,646,Marnie's Impidimp,50,70,2,6,2,0,0,50,0,0
v27,55521760,93248633,0,Dragapult,202ee2cec6cbe8b4,5,323,Itchy Pollen,235,Budew,646,Marnie's Impidimp,50,70,2,6,2,0,0,50,0,0
v27,55521760,93248633,0,Dragapult,202ee2cec6cbe8b4,7,154,Phantom Dive,121,Dragapult ex,646,Marnie's Impidimp,30,70,2,7,2,2,0,30,0,0
v27,55521760,93248633,0,Dragapult,202ee2cec6cbe8b4,7,154,Phantom Dive,121,Dragapult ex,646,Marnie's Impidimp,30,70,2,7,2,2,0,30,0,0
v27,55521760,93248633,0,Dragapult,202ee2cec6cbe8b4,7,153,Jet Headbutt,121,Dragapult ex,646,Marnie's Impidimp,30,70,1,7,2,2,0,0,30,1
v27,55521760,93248633,0,Dragapult,202ee2cec6cbe8b4,9,153,Jet Headbutt,121,Dragapult ex,860,Snorunt,40,70,0,6,5,2,0,40,0,0
v27,55521760,93248633,0,Dragapult,202ee2cec6cbe8b4,9,153,Jet Headbutt,121,Dragapult ex,860,Snorunt,40,70,0,6,5,2,0,40,0,0
v27,55521760,93248633,0,Dragapult,202ee2cec6cbe8b4,9,153,Jet Headbutt,121,Dragapult ex,860,Snorunt,40,70,0,6,5,2,0,0,40,1
v27,55521760,93248633,0,Dragapult,202ee2cec6cbe8b4,11,153,Jet Headbutt,121,Dragapult ex,648,Marnie's Grimmsnarl ex,320,320,2,2,5,2,0,120,200,0
v27,55521760,93249559,0,Grimmsnarl (mirror),9714ab5c3996f6cc,4,937,Shadow Bullet,648,Marnie's Grimmsnarl ex,112,Munkidori,110,110,1,6,5,2,0,110,0,0
v27,55521760,93249559,0,Grimmsnarl (mirror),9714ab5c3996f6cc,6,937,Shadow Bullet,648,Marnie's Grimmsnarl ex,648,Marnie's Grimmsnarl ex,320,320,2,6,5,2,0,320,0,0
v27,55521760,93249559,0,Grimmsnarl (mirror),9714ab5c3996f6cc,8,937,Shadow Bullet,648,Marnie's Grimmsnarl ex,648,Marnie's Grimmsnarl ex,320,320,2,7,5,2,0,320,0,0
v27,55521760,93249559,0,Grimmsnarl (mirror),9714ab5c3996f6cc,8,937,Shadow Bullet,648,Marnie's Grimmsnarl ex,648,Marnie's Grimmsnarl ex,320,320,2,2,5,2,0,320,0,0
v27,55521760,93249559,0,Grimmsnarl (mirror),9714ab5c3996f6cc,10,937,Shadow Bullet,648,Marnie's Grimmsnarl ex,648,Marnie's Grimmsnarl ex,170,320,2,8,5,2,0,170,0,0
v27,55521760,93249559,0,Grimmsnarl (mirror),9714ab5c3996f6cc,10,937,Shadow Bullet,648,Marnie's Grimmsnarl ex,648,Marnie's Grimmsnarl ex,170,320,2,8,5,2,0,170,0,0
v27,55521760,93249559,0,Grimmsnarl (mirror),9714ab5c3996f6cc,10,937,Shadow Bullet,648,Marnie's Grimmsnarl ex,648,Marnie's Grimmsnarl ex,170,320,2,8,5,2,0,170,0,0
v27,55521760,93250489,0,other: N’s Zoroark ex,11276baf19535b35,4,1306,Rampaging Thunder,293,N’s Zoroark ex,646,Marnie's Impidimp,70,70,1,2,4,2,0,70,0,0
v27,55521760,93250489,0,other: N’s Zoroark ex,11276baf19535b35,4,1305,Shred,293,N’s Zoroark ex,646,Marnie's Impidimp,70,70,1,2,4,2,0,70,0,0
v27,55521760,93250489,0,other: N’s Zoroark ex,11276baf19535b35,6,1306,Rampaging Thunder,293,N’s Zoroark ex,648,Marnie's Grimmsnarl ex,310,320,2,4,5,2,0,320,-10,0
v27,55521760,93250489,0,other: N’s Zoroark ex,11276baf19535b35,6,421,Virtuous Flame,293,N’s Zoroark ex,648,Marnie's Grimmsnarl ex,310,320,2,4,5,2,0,320,-10,0
v27,55521760,93250489,0,other: N’s Zoroark ex,11276baf19535b35,8,1305,Shred,293,N’s Zoroark ex,104,Froslass,90,90,0,5,5,2,0,90,0,0
v27,55521760,93251416,1,other: Cynthia's Garchomp ex,ddea72fb961dfca4,3,530,Dragonslice,380,Cynthia's Gabite,860,Snorunt,70,70,0,8,4,1,0,70,0,0
v27,55521760,93251416,1,other: Cynthia's Garchomp ex,ddea72fb961dfca4,11,530,Dragonslice,380,Cynthia's Gabite,648,Marnie's Grimmsnarl ex,250,320,2,3,5,1,0,250,0,0
v27,55521760,93252239,1,Alakazam,e452d606e1029229,3,423,Trading Places,305,Dunsparce,860,Snorunt,70,70,0,6,4,1,0,70,0,0
v27,55521760,93252239,1,Alakazam,e452d606e1029229,7,1072,Powerful Hand,743,Alakazam,104,Froslass,90,90,0,5,4,1,0,90,0,0
v27,55521760,93252239,1,Alakazam,e452d606e1029229,11,1072,Powerful Hand,743,Alakazam,648,Marnie's Grimmsnarl ex,310,320,2,6,5,1,0,310,0,0
v27,55521760,93252239,1,Alakazam,e452d606e1029229,11,1072,Powerful Hand,743,Alakazam,648,Marnie's Grimmsnarl ex,310,320,2,6,5,1,0,310,0,0
v27,55521760,93252239,1,Alakazam,e452d606e1029229,13,1072,Powerful Hand,743,Alakazam,648,Marnie's Grimmsnarl ex,90,320,2,6,5,1,0,90,0,0
v27,55521760,93252239,1,Alakazam,e452d606e1029229,15,1072,Powerful Hand,743,Alakazam,648,Marnie's Grimmsnarl ex,310,320,2,8,5,1,0,320,-10,0
v27,55521760,93253152,1,Mega Lucario,a6535bbccddb9182,3,980,Cosmic Beam,676,Solrock,112,Munkidori,110,110,1,4,3,2,0,110,0,0
v27,55521760,93253152,1,Mega Lucario,a6535bbccddb9182,7,982,Aura Jab,678,Mega Lucario ex,648,Marnie's Grimmsnarl ex,220,320,2,2,5,1,0,220,0,0
v27,55521760,93253152,1,Mega Lucario,a6535bbccddb9182,11,982,Aura Jab,678,Mega Lucario ex,648,Marnie's Grimmsnarl ex,210,320,2,6,5,1,0,210,0,0
v27,55521760,93253152,1,Mega Lucario,a6535bbccddb9182,13,982,Aura Jab,678,Mega Lucario ex,648,Marnie's Grimmsnarl ex,320,320,2,5,5,5,0,320,0,0
v27,55521760,93253967,1,Kangaskhan / Crustle,f4aab3339eb12bb8,2,478,Ascension,344,Dwebble,646,Marnie's Impidimp,70,70,0,3,4,2,2,70,0,0
v27,55521760,93253967,1,Kangaskhan / Crustle,f4aab3339eb12bb8,4,479,Superb Scissors,345,Crustle,646,Marnie's Impidimp,70,70,0,4,4,3,3,70,0,0
v27,55521760,93253967,1,Kangaskhan / Crustle,f4aab3339eb12bb8,6,479,Superb Scissors,345,Crustle,646,Marnie's Impidimp,70,70,0,5,5,3,3,70,0,0
v27,55521760,93253967,1,Kangaskhan / Crustle,f4aab3339eb12bb8,6,479,Superb Scissors,345,Crustle,646,Marnie's Impidimp,70,70,0,5,5,4,3,70,0,0
v27,55521760,93253967,1,Kangaskhan / Crustle,f4aab3339eb12bb8,6,479,Superb Scissors,345,Crustle,646,Marnie's Impidimp,70,70,0,5,5,5,4,70,0,0
v27,55521760,93253967,1,Kangaskhan / Crustle,f4aab3339eb12bb8,8,479,Superb Scissors,345,Crustle,648,Marnie's Grimmsnarl ex,310,320,2,7,5,5,4,320,-10,0
v27,55521760,93253967,1,Kangaskhan / Crustle,f4aab3339eb12bb8,8,479,Superb Scissors,345,Crustle,648,Marnie's Grimmsnarl ex,310,320,2,7,5,6,5,60,250,0
v27,55521760,93253967,1,Kangaskhan / Crustle,f4aab3339eb12bb8,8,479,Superb Scissors,345,Crustle,648,Marnie's Grimmsnarl ex,310,320,2,7,5,6,5,60,250,0
v27,55521760,93253967,1,Kangaskhan / Crustle,f4aab3339eb12bb8,10,479,Superb Scissors,345,Crustle,648,Marnie's Grimmsnarl ex,130,320,2,8,5,6,5,150,-20,0
v27,55521760,93253967,1,Kangaskhan / Crustle,f4aab3339eb12bb8,10,479,Superb Scissors,345,Crustle,648,Marnie's Grimmsnarl ex,130,320,2,8,5,7,5,150,-20,0
v27,55521760,93254965,1,Kangaskhan / Crustle,4717e5f31ba694d4,5,479,Superb Scissors,345,Crustle,646,Marnie's Impidimp,70,70,0,5,5,3,2,70,0,0
v27,55521760,93254965,1,Kangaskhan / Crustle,4717e5f31ba694d4,11,479,Superb Scissors,345,Crustle,648,Marnie's Grimmsnarl ex,310,320,2,3,5,4,3,310,0,0
v27,55521760,93254965,1,Kangaskhan / Crustle,4717e5f31ba694d4,11,479,Superb Scissors,345,Crustle,648,Marnie's Grimmsnarl ex,310,320,2,3,5,5,3,310,0,0
v27,55521760,93254965,1,Kangaskhan / Crustle,4717e5f31ba694d4,11,479,Superb Scissors,345,Crustle,648,Marnie's Grimmsnarl ex,310,320,2,3,5,5,3,310,0,0
v28,55526859,93296584,0,Grimmsnarl (mirror),9714ab5c3996f6cc,10,937,Shadow Bullet,648,Marnie's Grimmsnarl ex,112,Munkidori,110,110,1,3,3,2,0,110,0,0
v28,55526859,93296584,0,Grimmsnarl (mirror),9714ab5c3996f6cc,10,937,Shadow Bullet,648,Marnie's Grimmsnarl ex,112,Munkidori,110,110,1,3,3,2,0,0,110,1
v28,55526859,93296584,0,Grimmsnarl (mirror),9714ab5c3996f6cc,12,937,Shadow Bullet,648,Marnie's Grimmsnarl ex,648,Marnie's Grimmsnarl ex,320,320,2,3,3,2,0,320,0,0
v28,55526859,93296584,0,Grimmsnarl (mirror),9714ab5c3996f6cc,14,937,Shadow Bullet,648,Marnie's Grimmsnarl ex,648,Marnie's Grimmsnarl ex,200,320,2,5,2,2,0,260,-60,0
v28,55526859,93296675,1,Mega Lucario,c3c16f0e65487ad6,2,981,Accelerating Stab,677,Riolu,646,Marnie's Impidimp,70,70,0,2,4,1,0,70,0,0
v28,55526859,93296675,1,Mega Lucario,c3c16f0e65487ad6,2,981,Accelerating Stab,677,Riolu,646,Marnie's Impidimp,70,70,0,2,4,1,0,10,60,0
v28,55526859,93296675,1,Mega Lucario,c3c16f0e65487ad6,2,981,Accelerating Stab,677,Riolu,646,Marnie's Impidimp,70,70,0,2,4,1,0,10,60,0
v28,55526859,93296675,1,Mega Lucario,c3c16f0e65487ad6,6,982,Aura Jab,678,Mega Lucario ex,648,Marnie's Grimmsnarl ex,310,320,2,5,4,1,0,320,-10,0
v28,55526859,93296675,1,Mega Lucario,c3c16f0e65487ad6,6,982,Aura Jab,678,Mega Lucario ex,648,Marnie's Grimmsnarl ex,160,320,0,5,4,1,0,20,140,0
v28,55526859,93296675,1,Mega Lucario,c3c16f0e65487ad6,8,980,Cosmic Beam,676,Solrock,648,Marnie's Grimmsnarl ex,70,320,2,8,5,2,0,80,-10,0
v28,55526859,93296675,1,Mega Lucario,c3c16f0e65487ad6,8,980,Cosmic Beam,676,Solrock,648,Marnie's Grimmsnarl ex,70,320,2,8,5,2,0,80,-10,0
v28,55526859,93297568,1,Grimmsnarl (mirror),9714ab5c3996f6cc,6,937,Shadow Bullet,648,Marnie's Grimmsnarl ex,648,Marnie's Grimmsnarl ex,310,320,2,5,5,2,0,320,-10,0
v28,55526859,93297568,1,Grimmsnarl (mirror),9714ab5c3996f6cc,8,937,Shadow Bullet,648,Marnie's Grimmsnarl ex,648,Marnie's Grimmsnarl ex,310,320,2,7,5,2,0,320,-10,0
v28,55526859,93298475,0,other: Dusknoir,2ddf5ab1a2865876,3,1487,Jetting Blow,1031,Mega Starmie ex,646,Marnie's Impidimp,70,70,1,9,3,1,0,0,70,1
v28,55526859,93298475,0,other: Dusknoir,2ddf5ab1a2865876,9,1487,Jetting Blow,1031,Mega Starmie ex,648,Marnie's Grimmsnarl ex,100,320,0,7,4,1,0,0,100,1
v28,55526859,93300336,1,other: Raging Bolt ex,766777b79594793a,3,72,Bellowing Thunder,63,Raging Bolt ex,646,Marnie's Impidimp,70,70,0,6,3,2,0,70,0,0
v28,55526859,93301242,1,Archaludon,0bef8b29715ae7d8,2,223,Hammer In,169,Duraludon,646,Marnie's Impidimp,70,70,0,4,3,1,0,70,0,0
v28,55526859,93301242,1,Archaludon,0bef8b29715ae7d8,2,223,Hammer In,169,Duraludon,646,Marnie's Impidimp,70,70,0,4,3,1,0,70,0,0
v28,55526859,93301242,1,Archaludon,0bef8b29715ae7d8,4,223,Hammer In,169,Duraludon,646,Marnie's Impidimp,70,70,0,3,5,1,0,70,0,0
v28,55526859,93301242,1,Archaludon,0bef8b29715ae7d8,4,223,Hammer In,169,Duraludon,646,Marnie's Impidimp,70,70,0,3,5,2,0,70,0,0
v28,55526859,93301242,1,Archaludon,0bef8b29715ae7d8,6,253,Metal Defender,190,Archaludon ex,648,Marnie's Grimmsnarl ex,310,320,2,2,5,3,0,310,0,0
v28,55526859,93301242,1,Archaludon,0bef8b29715ae7d8,6,253,Metal Defender,190,Archaludon ex,648,Marnie's Grimmsnarl ex,310,320,2,2,5,3,0,310,0,0
v28,55526859,93302142,1,Alakazam,7fa65817cc79c36c,6,1071,Super Psy Bolt,742,Kadabra,646,Marnie's Impidimp,70,70,1,5,5,1,0,70,0,0
v28,55526859,93302142,1,Alakazam,7fa65817cc79c36c,10,1072,Powerful Hand,743,Alakazam,112,Munkidori,100,110,1,3,5,1,0,100,0,0
v28,55526859,93302142,1,Alakazam,7fa65817cc79c36c,10,1072,Powerful Hand,743,Alakazam,112,Munkidori,100,110,1,3,5,1,0,100,0,0
v28,55526859,93303045,1,Ogerpon,97df7a2a423da1d8,8,120,Myriad Leaf Shower,96,Teal Mask Ogerpon ex,648,Marnie's Grimmsnarl ex,310,320,2,8,5,3,4,320,-10,0
v28,55526859,93303045,1,Ogerpon,97df7a2a423da1d8,8,120,Myriad Leaf Shower,96,Teal Mask Ogerpon ex,648,Marnie's Grimmsnarl ex,310,320,2,8,5,3,5,320,-10,0
v28,55526859,93303958,1,Mega Lucario,0108c79d688ec17b,3,981,Accelerating Stab,677,Riolu,646,Marnie's Impidimp,70,70,0,6,3,1,0,70,0,0
v28,55526859,93303958,1,Mega Lucario,0108c79d688ec17b,5,982,Aura Jab,678,Mega Lucario ex,648,Marnie's Grimmsnarl ex,320,320,2,8,5,2,0,320,0,0
v28,55526859,93303958,1,Mega Lucario,0108c79d688ec17b,7,981,Accelerating Stab,677,Riolu,648,Marnie's Grimmsnarl ex,320,320,2,9,5,2,0,320,0,0
v28,55526859,93303958,1,Mega Lucario,0108c79d688ec17b,7,982,Aura Jab,678,Mega Lucario ex,648,Marnie's Grimmsnarl ex,320,320,2,3,5,2,0,320,0,0
v28,55526859,93303958,1,Mega Lucario,0108c79d688ec17b,7,982,Aura Jab,678,Mega Lucario ex,648,Marnie's Grimmsnarl ex,320,320,2,3,5,2,0,320,0,0
v28,55526859,93303958,1,Mega Lucario,0108c79d688ec17b,7,983,Mega Brave,678,Mega Lucario ex,648,Marnie's Grimmsnarl ex,320,320,2,3,5,2,0,320,0,0
v28,55526859,93303958,1,Mega Lucario,0108c79d688ec17b,9,982,Aura Jab,678,Mega Lucario ex,648,Marnie's Grimmsnarl ex,320,320,2,3,5,2,0,320,0,0
v28,55526859,93303958,1,Mega Lucario,0108c79d688ec17b,9,982,Aura Jab,678,Mega Lucario ex,648,Marnie's Grimmsnarl ex,320,320,2,3,5,1,0,190,130,0
v28,55526859,93304856,0,Grimmsnarl (mirror),9714ab5c3996f6cc,8,937,Shadow Bullet,648,Marnie's Grimmsnarl ex,648,Marnie's Grimmsnarl ex,310,320,3,3,4,5,0,320,-10,0
v28,55526859,93304856,0,Grimmsnarl (mirror),9714ab5c3996f6cc,8,937,Shadow Bullet,648,Marnie's Grimmsnarl ex,648,Marnie's Grimmsnarl ex,310,320,3,3,4,5,0,320,-10,0
v28,55526859,93304856,0,Grimmsnarl (mirror),9714ab5c3996f6cc,8,937,Shadow Bullet,648,Marnie's Grimmsnarl ex,648,Marnie's Grimmsnarl ex,310,320,3,3,4,5,0,320,-10,0
v28,55526859,93305762,1,Ogerpon,a06a86c2de100c5c,2,478,Ascension,344,Dwebble,860,Snorunt,70,70,0,4,3,1,0,70,0,0
v28,55526859,93305762,1,Ogerpon,a06a86c2de100c5c,10,478,Ascension,344,Dwebble,647,Marnie's Morgrem,80,100,2,5,5,1,1,80,0,0
v28,55526859,93305762,1,Ogerpon,a06a86c2de100c5c,18,479,Superb Scissors,345,Crustle,112,Munkidori,70,110,1,9,5,3,1,,,1
v28,55526859,93306648,1,Archaludon,2b6a7dd699d2b6a5,2,965,Turbo Flare,666,Cinderace,646,Marnie's Impidimp,70,70,0,4,4,1,0,20,50,0
v28,55526859,93306648,1,Archaludon,2b6a7dd699d2b6a5,6,253,Metal Defender,190,Archaludon ex,648,Marnie's Grimmsnarl ex,310,320,3,4,4,3,0,310,0,0
v28,55526859,93306648,1,Archaludon,2b6a7dd699d2b6a5,10,253,Metal Defender,190,Archaludon ex,648,Marnie's Grimmsnarl ex,270,320,2,8,4,3,0,270,0,0
v28,55526859,93306648,1,Archaludon,2b6a7dd699d2b6a5,10,253,Metal Defender,190,Archaludon ex,648,Marnie's Grimmsnarl ex,270,320,2,8,4,3,0,270,0,0
v28,55526859,93306648,1,Archaludon,2b6a7dd699d2b6a5,12,253,Metal Defender,190,Archaludon ex,648,Marnie's Grimmsnarl ex,290,320,2,8,4,3,0,290,0,0
v28,55526859,93306648,1,Archaludon,2b6a7dd699d2b6a5,12,253,Metal Defender,190,Archaludon ex,648,Marnie's Grimmsnarl ex,290,320,2,8,4,3,0,290,0,0
v28,55526859,93307572,0,Ogerpon,0dede7cb8026e473,4,120,Myriad Leaf Shower,96,Teal Mask Ogerpon ex,648,Marnie's Grimmsnarl ex,320,320,2,4,3,3,7,320,0,0
v28,55526859,93307572,0,Ogerpon,0dede7cb8026e473,6,120,Myriad Leaf Shower,96,Teal Mask Ogerpon ex,648,Marnie's Grimmsnarl ex,320,320,2,9,5,5,6,320,0,0
v28,55526859,93307572,0,Ogerpon,0dede7cb8026e473,6,120,Myriad Leaf Shower,96,Teal Mask Ogerpon ex,648,Marnie's Grimmsnarl ex,320,320,2,4,5,5,8,320,0,0
v28,55526859,93307572,0,Ogerpon,0dede7cb8026e473,8,120,Myriad Leaf Shower,96,Teal Mask Ogerpon ex,648,Marnie's Grimmsnarl ex,310,320,4,3,5,6,10,320,-10,0
v28,55526859,93307572,0,Ogerpon,0dede7cb8026e473,8,120,Myriad Leaf Shower,96,Teal Mask Ogerpon ex,648,Marnie's Grimmsnarl ex,310,320,4,3,5,7,12,320,-10,0
v28,55526859,93308478,1,Grimmsnarl (mirror),9714ab5c3996f6cc,6,935,Corkscrew Punch,646,Marnie's Impidimp,647,Marnie's Morgrem,100,100,0,4,5,1,0,100,0,0
v28,55526859,93308478,1,Grimmsnarl (mirror),9714ab5c3996f6cc,8,937,Shadow Bullet,648,Marnie's Grimmsnarl ex,648,Marnie's Grimmsnarl ex,310,320,2,5,5,2,0,320,-10,0
v28,55526859,93308478,1,Grimmsnarl (mirror),9714ab5c3996f6cc,8,937,Shadow Bullet,648,Marnie's Grimmsnarl ex,648,Marnie's Grimmsnarl ex,310,320,2,5,5,2,0,320,-10,0
v28,55526859,93308478,1,Grimmsnarl (mirror),9714ab5c3996f6cc,10,937,Shadow Bullet,648,Marnie's Grimmsnarl ex,648,Marnie's Grimmsnarl ex,200,320,2,6,5,2,0,210,-10,0
v28,55526859,93308478,1,Grimmsnarl (mirror),9714ab5c3996f6cc,10,937,Shadow Bullet,648,Marnie's Grimmsnarl ex,648,Marnie's Grimmsnarl ex,200,320,2,6,5,2,0,210,-10,0
v28,55526859,93308478,1,Grimmsnarl (mirror),9714ab5c3996f6cc,12,937,Shadow Bullet,648,Marnie's Grimmsnarl ex,648,Marnie's Grimmsnarl ex,290,320,2,10,4,2,0,300,-10,0
v28,55526859,93309375,1,other: Dusknoir,2ddf5ab1a2865876,5,1487,Jetting Blow,1031,Mega Starmie ex,648,Marnie's Grimmsnarl ex,320,320,2,3,3,1,0,320,0,0
v28,55526859,93309375,1,other: Dusknoir,2ddf5ab1a2865876,5,1487,Jetting Blow,1031,Mega Starmie ex,648,Marnie's Grimmsnarl ex,320,320,2,3,3,1,0,200,120,0
v28,55526859,93309375,1,other: Dusknoir,2ddf5ab1a2865876,7,1487,Jetting Blow,1031,Mega Starmie ex,648,Marnie's Grimmsnarl ex,230,320,3,9,4,1,0,110,120,0
v28,55526859,93309375,1,other: Dusknoir,2ddf5ab1a2865876,9,1487,Jetting Blow,1031,Mega Starmie ex,648,Marnie's Grimmsnarl ex,200,320,3,11,5,1,0,80,120,0
v28,55526859,93310287,1,Grimmsnarl (mirror),9714ab5c3996f6cc,8,937,Shadow Bullet,648,Marnie's Grimmsnarl ex,648,Marnie's Grimmsnarl ex,230,320,2,5,4,2,0,230,0,0
v28,55526859,93310287,1,Grimmsnarl (mirror),9714ab5c3996f6cc,8,937,Shadow Bullet,648,Marnie's Grimmsnarl ex,648,Marnie's Grimmsnarl ex,230,320,2,5,4,2,0,230,0,0
v28,55526859,93310287,1,Grimmsnarl (mirror),9714ab5c3996f6cc,10,936,Corkscrew Punch,647,Marnie's Morgrem,648,Marnie's Grimmsnarl ex,320,320,2,7,4,3,0,320,0,0
v28,55526859,93310287,1,Grimmsnarl (mirror),9714ab5c3996f6cc,10,936,Corkscrew Punch,647,Marnie's Morgrem,648,Marnie's Grimmsnarl ex,320,320,2,7,4,3,0,320,0,0
v28,55526859,93310287,1,Grimmsnarl (mirror),9714ab5c3996f6cc,10,937,Shadow Bullet,648,Marnie's Grimmsnarl ex,648,Marnie's Grimmsnarl ex,320,320,2,7,4,5,0,320,0,0
v28,55526859,93311195,1,Alakazam,cc38cb450b86770a,3,1070,Teleportation Attack,741,Abra,646,Marnie's Impidimp,70,70,0,7,2,1,0,60,10,0
v28,55526859,93311195,1,Alakazam,cc38cb450b86770a,5,1072,Powerful Hand,743,Alakazam,648,Marnie's Grimmsnarl ex,300,320,2,4,4,2,0,300,0,0
v28,55526859,93311195,1,Alakazam,cc38cb450b86770a,7,1072,Powerful Hand,743,Alakazam,648,Marnie's Grimmsnarl ex,310,320,2,8,5,1,0,310,0,0
v28,55526859,93311195,1,Alakazam,cc38cb450b86770a,7,1072,Powerful Hand,743,Alakazam,648,Marnie's Grimmsnarl ex,310,320,2,8,5,1,0,310,0,0
v28,55526859,93311195,1,Alakazam,cc38cb450b86770a,7,1072,Powerful Hand,743,Alakazam,648,Marnie's Grimmsnarl ex,310,320,2,3,5,1,0,310,0,0
v28,55526859,93311195,1,Alakazam,cc38cb450b86770a,9,423,Trading Places,305,Dunsparce,648,Marnie's Grimmsnarl ex,310,320,2,3,5,1,0,310,0,0
v28,55526859,93312087,1,Dragapult,202ee2cec6cbe8b4,3,323,Itchy Pollen,235,Budew,646,Marnie's Impidimp,70,70,1,5,5,0,0,70,0,0
v28,55526859,93312087,1,Dragapult,202ee2cec6cbe8b4,3,323,Itchy Pollen,235,Budew,646,Marnie's Impidimp,70,70,1,5,5,0,0,70,0,0
v28,55526859,93312087,1,Dragapult,202ee2cec6cbe8b4,5,323,Itchy Pollen,235,Budew,646,Marnie's Impidimp,70,70,1,5,5,0,0,70,0,0
v28,55526859,93313051,1,Mega Lopunny / Froslass,a7ee29914c1dce64,3,1240,Resentful Refrain,861,Mega Froslass ex,646,Marnie's Impidimp,70,70,0,5,4,1,0,70,0,0
v28,55526859,93313051,1,Mega Lopunny / Froslass,a7ee29914c1dce64,5,1240,Resentful Refrain,861,Mega Froslass ex,648,Marnie's Grimmsnarl ex,310,320,2,3,3,1,0,310,0,0
v28,55526859,93313051,1,Mega Lopunny / Froslass,a7ee29914c1dce64,7,1240,Resentful Refrain,861,Mega Froslass ex,648,Marnie's Grimmsnarl ex,310,320,2,5,3,1,0,310,0,0
v28,55526859,93313051,1,Mega Lopunny / Froslass,a7ee29914c1dce64,7,1240,Resentful Refrain,861,Mega Froslass ex,648,Marnie's Grimmsnarl ex,310,320,2,5,3,1,0,310,0,0
v28,55526859,93313051,1,Mega Lopunny / Froslass,a7ee29914c1dce64,11,1240,Resentful Refrain,861,Mega Froslass ex,648,Marnie's Grimmsnarl ex,310,320,2,4,5,1,0,310,0,0
v28,55526859,93313051,1,Mega Lopunny / Froslass,a7ee29914c1dce64,11,1225,Gale Thrust,849,Mega Lopunny ex,648,Marnie's Grimmsnarl ex,310,320,2,4,5,1,0,310,0,0
v28,55526859,93313902,1,Grimmsnarl (mirror),9714ab5c3996f6cc,2,934,Filch,646,Marnie's Impidimp,646,Marnie's Impidimp,70,70,0,5,1,1,0,70,0,0
v28,55526859,93313902,1,Grimmsnarl (mirror),9714ab5c3996f6cc,4,934,Filch,646,Marnie's Impidimp,112,Munkidori,110,110,1,5,2,1,0,110,0,0
v28,55526859,93313902,1,Grimmsnarl (mirror),9714ab5c3996f6cc,4,934,Filch,646,Marnie's Impidimp,112,Munkidori,110,110,1,5,2,1,0,110,0,0
v28,55526859,93313902,1,Grimmsnarl (mirror),9714ab5c3996f6cc,6,934,Filch,646,Marnie's Impidimp,648,Marnie's Grimmsnarl ex,320,320,2,4,4,1,0,320,0,0
v28,55526859,93313902,1,Grimmsnarl (mirror),9714ab5c3996f6cc,6,934,Filch,646,Marnie's Impidimp,648,Marnie's Grimmsnarl ex,320,320,2,4,4,1,0,320,0,0
v28,55526859,93313902,1,Grimmsnarl (mirror),9714ab5c3996f6cc,8,937,Shadow Bullet,648,Marnie's Grimmsnarl ex,648,Marnie's Grimmsnarl ex,320,320,2,5,5,2,0,320,0,0
v28,55526859,93313902,1,Grimmsnarl (mirror),9714ab5c3996f6cc,10,937,Shadow Bullet,648,Marnie's Grimmsnarl ex,648,Marnie's Grimmsnarl ex,200,320,2,5,5,3,0,200,0,0
v28,55526859,93314808,1,Alakazam,e452d606e1029229,3,1070,Teleportation Attack,741,Abra,646,Marnie's Impidimp,70,70,1,6,2,1,0,60,10,0
v28,55526859,93314808,1,Alakazam,e452d606e1029229,7,1072,Powerful Hand,743,Alakazam,648,Marnie's Grimmsnarl ex,320,320,2,4,4,1,0,320,0,0
v28,55526859,93314808,1,Alakazam,e452d606e1029229,9,1071,Super Psy Bolt,742,Kadabra,648,Marnie's Grimmsnarl ex,150,320,2,5,5,1,0,150,0,0
v28,55526859,93314808,1,Alakazam,e452d606e1029229,11,1072,Powerful Hand,743,Alakazam,648,Marnie's Grimmsnarl ex,170,320,2,5,5,1,0,180,-10,0
v28,55526859,93314808,1,Alakazam,e452d606e1029229,13,1072,Powerful Hand,743,Alakazam,647,Marnie's Morgrem,100,100,2,5,5,1,0,100,0,0
v28,55526859,93315704,0,Alakazam,48f921c60658f4c2,7,1072,Powerful Hand,743,Alakazam,648,Marnie's Grimmsnarl ex,310,320,2,3,3,1,0,310,0,0
v28,55526859,93315704,0,Alakazam,48f921c60658f4c2,13,1072,Powerful Hand,743,Alakazam,112,Munkidori,110,110,1,2,3,1,0,110,0,0
v28,55526859,93316615,0,Grimmsnarl (mirror),9714ab5c3996f6cc,10,937,Shadow Bullet,648,Marnie's Grimmsnarl ex,646,Marnie's Impidimp,70,70,1,5,5,2,0,70,0,0
v28,55526859,93316615,0,Grimmsnarl (mirror),9714ab5c3996f6cc,16,937,Shadow Bullet,648,Marnie's Grimmsnarl ex,648,Marnie's Grimmsnarl ex,140,320,2,8,5,2,0,220,-80,0
v28,55526859,93317519,0,other: Hydrapple ex,7379bd986b1d8470,9,195,Syrup Storm,150,Hydrapple ex,648,Marnie's Grimmsnarl ex,320,320,2,2,5,4,8,320,0,0
v28,55526859,93317519,0,other: Hydrapple ex,7379bd986b1d8470,9,195,Syrup Storm,150,Hydrapple ex,648,Marnie's Grimmsnarl ex,320,320,2,2,5,4,8,320,0,0
v28,55526859,93317519,0,other: Hydrapple ex,7379bd986b1d8470,11,195,Syrup Storm,150,Hydrapple ex,648,Marnie's Grimmsnarl ex,320,320,2,4,4,4,10,320,0,0
v28,55526859,93318310,0,Grimmsnarl (mirror),9714ab5c3996f6cc,4,937,Shadow Bullet,648,Marnie's Grimmsnarl ex,648,Marnie's Grimmsnarl ex,320,320,2,3,3,2,0,320,0,0
v28,55526859,93318310,0,Grimmsnarl (mirror),9714ab5c3996f6cc,4,937,Shadow Bullet,648,Marnie's Grimmsnarl ex,112,Munkidori,80,110,1,3,3,2,0,0,80,1
v28,55526859,93318310,0,Grimmsnarl (mirror),9714ab5c3996f6cc,6,937,Shadow Bullet,648,Marnie's Grimmsnarl ex,648,Marnie's Grimmsnarl ex,320,320,2,2,4,2,0,320,0,0
v28,55526859,93318310,0,Grimmsnarl (mirror),9714ab5c3996f6cc,6,937,Shadow Bullet,648,Marnie's Grimmsnarl ex,648,Marnie's Grimmsnarl ex,320,320,2,2,4,2,0,320,0,0
v28,55526859,93318310,0,Grimmsnarl (mirror),9714ab5c3996f6cc,10,937,Shadow Bullet,648,Marnie's Grimmsnarl ex,648,Marnie's Grimmsnarl ex,320,320,4,5,3,2,0,320,0,0
v28,55526859,93318310,0,Grimmsnarl (mirror),9714ab5c3996f6cc,10,937,Shadow Bullet,648,Marnie's Grimmsnarl ex,648,Marnie's Grimmsnarl ex,320,320,4,5,3,2,0,320,0,0
v28,55526859,93319312,1,Mega Lucario,32c9e38437f6fb1f,2,981,Accelerating Stab,677,Riolu,860,Snorunt,70,70,0,4,2,1,0,70,0,0
v28,55526859,93319312,1,Mega Lucario,32c9e38437f6fb1f,4,982,Aura Jab,678,Mega Lucario ex,112,Munkidori,110,110,1,4,5,2,0,110,0,0
v28,55526859,93319312,1,Mega Lucario,32c9e38437f6fb1f,4,982,Aura Jab,678,Mega Lucario ex,112,Munkidori,110,110,1,4,5,2,0,110,0,0
v28,55526859,93319312,1,Mega Lucario,32c9e38437f6fb1f,4,982,Aura Jab,678,Mega Lucario ex,112,Munkidori,110,110,1,4,5,2,0,110,0,0
v28,55526859,93319312,1,Mega Lucario,32c9e38437f6fb1f,6,982,Aura Jab,678,Mega Lucario ex,648,Marnie's Grimmsnarl ex,320,320,2,3,5,2,0,190,130,0
v28,55526859,93319312,1,Mega Lucario,32c9e38437f6fb1f,8,982,Aura Jab,678,Mega Lucario ex,648,Marnie's Grimmsnarl ex,250,320,2,3,5,2,0,250,0,0
v28,55526859,93319312,1,Mega Lucario,32c9e38437f6fb1f,8,982,Aura Jab,678,Mega Lucario ex,648,Marnie's Grimmsnarl ex,250,320,2,3,5,2,0,250,0,0
v28,55526859,93319312,1,Mega Lucario,32c9e38437f6fb1f,10,866,Elbow Strike,602,Sawk,648,Marnie's Grimmsnarl ex,320,320,2,7,5,1,0,320,0,0
v28,55526859,93319312,1,Mega Lucario,32c9e38437f6fb1f,10,866,Elbow Strike,602,Sawk,648,Marnie's Grimmsnarl ex,290,290,2,7,5,1,0,230,60,0
v28,55526859,93319312,1,Mega Lucario,32c9e38437f6fb1f,10,866,Elbow Strike,602,Sawk,648,Marnie's Grimmsnarl ex,290,290,2,7,5,1,0,230,60,0
v28,55526859,93320220,0,Ogerpon,0dede7cb8026e473,4,120,Myriad Leaf Shower,96,Teal Mask Ogerpon ex,648,Marnie's Grimmsnarl ex,320,320,2,6,5,4,5,320,0,0
v28,55526859,93320220,0,Ogerpon,0dede7cb8026e473,8,120,Myriad Leaf Shower,96,Teal Mask Ogerpon ex,648,Marnie's Grimmsnarl ex,320,320,2,9,5,4,4,320,0,0
v28,55526859,93320220,0,Ogerpon,0dede7cb8026e473,8,120,Myriad Leaf Shower,96,Teal Mask Ogerpon ex,648,Marnie's Grimmsnarl ex,320,320,2,4,5,5,5,320,0,0
v28,55526859,93320220,0,Ogerpon,0dede7cb8026e473,8,120,Myriad Leaf Shower,96,Teal Mask Ogerpon ex,648,Marnie's Grimmsnarl ex,320,320,2,4,5,5,5,320,0,0
v28,55526859,93321163,0,Mega Lopunny / Froslass,a7ee29914c1dce64,3,230,Assault Landing,174,Fan Rotom,860,Snorunt,70,70,0,5,4,1,0,70,0,0
v28,55526859,93321163,0,Mega Lopunny / Froslass,a7ee29914c1dce64,3,230,Assault Landing,174,Fan Rotom,860,Snorunt,70,70,0,5,4,1,0,70,0,0
v28,55526859,93321163,0,Mega Lopunny / Froslass,a7ee29914c1dce64,5,230,Assault Landing,174,Fan Rotom,104,Froslass,90,90,0,3,5,1,0,90,0,0
v28,55526859,93321163,0,Mega Lopunny / Froslass,a7ee29914c1dce64,5,1225,Gale Thrust,849,Mega Lopunny ex,104,Froslass,90,90,0,3,5,2,0,90,0,0
v28,55526859,93321163,0,Mega Lopunny / Froslass,a7ee29914c1dce64,7,1225,Gale Thrust,849,Mega Lopunny ex,648,Marnie's Grimmsnarl ex,320,320,2,2,4,1,0,320,0,0
v28,55526859,93321163,0,Mega Lopunny / Froslass,a7ee29914c1dce64,11,1225,Gale Thrust,849,Mega Lopunny ex,648,Marnie's Grimmsnarl ex,320,320,3,3,4,1,0,320,0,0
v28,55526859,93322049,0,Grimmsnarl (mirror),9714ab5c3996f6cc,8,937,Shadow Bullet,648,Marnie's Grimmsnarl ex,647,Marnie's Morgrem,100,100,0,3,2,2,0,100,0,0
v28,55526859,93322998,1,Grimmsnarl (mirror),9714ab5c3996f6cc,6,937,Shadow Bullet,648,Marnie's Grimmsnarl ex,648,Marnie's Grimmsnarl ex,140,320,2,5,5,5,0,140,0,0
v28,55526859,93322998,1,Grimmsnarl (mirror),9714ab5c3996f6cc,8,937,Shadow Bullet,648,Marnie's Grimmsnarl ex,648,Marnie's Grimmsnarl ex,320,320,2,2,5,3,0,320,0,0
v28,55526859,93323725,0,Grimmsnarl (mirror),9714ab5c3996f6cc,6,937,Shadow Bullet,648,Marnie's Grimmsnarl ex,648,Marnie's Grimmsnarl ex,300,320,3,4,5,2,0,320,-20,0
v28,55526859,93323725,0,Grimmsnarl (mirror),9714ab5c3996f6cc,8,937,Shadow Bullet,648,Marnie's Grimmsnarl ex,648,Marnie's Grimmsnarl ex,80,320,3,7,5,2,0,100,-20,0
v28,55526859,93323725,0,Grimmsnarl (mirror),9714ab5c3996f6cc,8,937,Shadow Bullet,648,Marnie's Grimmsnarl ex,648,Marnie's Grimmsnarl ex,80,320,3,7,5,2,0,100,-20,0
v28,55526859,93323725,0,Grimmsnarl (mirror),9714ab5c3996f6cc,10,937,Shadow Bullet,648,Marnie's Grimmsnarl ex,648,Marnie's Grimmsnarl ex,250,320,2,6,5,2,0,270,-20,0
v28,55526859,93324758,1,Alakazam,cc38cb450b86770a,2,1070,Teleportation Attack,741,Abra,646,Marnie's Impidimp,70,70,0,4,3,1,0,70,0,0
v28,55526859,93324758,1,Alakazam,cc38cb450b86770a,4,1070,Teleportation Attack,741,Abra,648,Marnie's Grimmsnarl ex,300,320,2,6,5,1,0,310,-10,0
v28,55526859,93324758,1,Alakazam,cc38cb450b86770a,4,1070,Teleportation Attack,741,Abra,648,Marnie's Grimmsnarl ex,300,320,2,6,5,1,0,310,-10,0
v28,55526859,93324758,1,Alakazam,cc38cb450b86770a,4,1070,Teleportation Attack,741,Abra,648,Marnie's Grimmsnarl ex,300,320,2,6,5,1,0,310,-10,0
v28,55526859,93324758,1,Alakazam,cc38cb450b86770a,8,1072,Powerful Hand,743,Alakazam,648,Marnie's Grimmsnarl ex,260,320,2,10,5,1,0,270,-10,0
v28,55526859,93324758,1,Alakazam,cc38cb450b86770a,8,1072,Powerful Hand,743,Alakazam,648,Marnie's Grimmsnarl ex,260,320,2,10,5,1,0,260,0,0
v28,55526859,93325664,0,Dragapult,42972e2eccd5e0aa,6,153,Jet Headbutt,121,Dragapult ex,648,Marnie's Grimmsnarl ex,320,320,2,2,5,2,0,320,0,0
v28,55526859,93325664,0,Dragapult,42972e2eccd5e0aa,8,153,Jet Headbutt,121,Dragapult ex,648,Marnie's Grimmsnarl ex,180,320,2,4,5,2,0,180,0,0
v28,55526859,93325664,0,Dragapult,42972e2eccd5e0aa,8,154,Phantom Dive,121,Dragapult ex,648,Marnie's Grimmsnarl ex,180,320,2,4,5,2,0,180,0,0
v28,55526859,93325664,0,Dragapult,42972e2eccd5e0aa,8,153,Jet Headbutt,121,Dragapult ex,648,Marnie's Grimmsnarl ex,180,320,2,4,5,2,0,180,0,0
v28,55526859,93326585,0,Mega Lopunny / Froslass,a7ee29914c1dce64,2,1223,Run Around,848,Buneary,860,Snorunt,70,70,0,2,5,1,0,70,0,0
v28,55526859,93326585,0,Mega Lopunny / Froslass,a7ee29914c1dce64,6,1226,Spiky Hopper,849,Mega Lopunny ex,648,Marnie's Grimmsnarl ex,310,320,2,9,5,2,0,140,170,0
v28,55526859,93326585,0,Mega Lopunny / Froslass,a7ee29914c1dce64,10,1225,Gale Thrust,849,Mega Lopunny ex,648,Marnie's Grimmsnarl ex,310,320,2,5,5,1,0,70,240,0
v28,55526859,93326585,0,Mega Lopunny / Froslass,a7ee29914c1dce64,12,1225,Gale Thrust,849,Mega Lopunny ex,648,Marnie's Grimmsnarl ex,120,320,2,5,5,1,0,130,-10,0
v28,55526859,93326585,0,Mega Lopunny / Froslass,a7ee29914c1dce64,14,1225,Gale Thrust,849,Mega Lopunny ex,648,Marnie's Grimmsnarl ex,310,320,2,7,5,1,0,70,240,0
v28,55526859,93327489,1,Grimmsnarl (mirror),1dc8b2e03614809f,7,937,Shadow Bullet,648,Marnie's Grimmsnarl ex,648,Marnie's Grimmsnarl ex,320,320,2,5,5,2,0,140,180,0
v29,55530747,93344119,1,Grimmsnarl (mirror),9714ab5c3996f6cc,4,937,Shadow Bullet,648,Marnie's Grimmsnarl ex,860,Snorunt,70,70,0,5,4,2,0,70,0,0
v29,55530747,93344119,1,Grimmsnarl (mirror),9714ab5c3996f6cc,6,937,Shadow Bullet,648,Marnie's Grimmsnarl ex,648,Marnie's Grimmsnarl ex,320,320,2,7,4,2,0,320,0,0
v29,55530747,93344226,0,Mega Lucario,d05bff224d40b9c6,2,981,Accelerating Stab,677,Riolu,112,Munkidori,110,110,0,3,4,1,0,110,0,0
v29,55530747,93344226,0,Mega Lucario,d05bff224d40b9c6,2,981,Accelerating Stab,677,Riolu,112,Munkidori,110,110,0,3,4,1,0,110,0,0
v29,55530747,93344226,0,Mega Lucario,d05bff224d40b9c6,2,981,Accelerating Stab,677,Riolu,112,Munkidori,110,110,0,3,4,1,0,110,0,0
v29,55530747,93344226,0,Mega Lucario,d05bff224d40b9c6,2,981,Accelerating Stab,677,Riolu,112,Munkidori,110,110,0,3,4,1,0,110,0,0
v29,55530747,93344226,0,Mega Lucario,d05bff224d40b9c6,2,981,Accelerating Stab,677,Riolu,112,Munkidori,110,110,0,3,4,1,0,110,0,0
v29,55530747,93344226,0,Mega Lucario,d05bff224d40b9c6,2,981,Accelerating Stab,677,Riolu,112,Munkidori,110,110,0,3,4,1,0,110,0,0
v29,55530747,93344226,0,Mega Lucario,d05bff224d40b9c6,4,982,Aura Jab,678,Mega Lucario ex,112,Munkidori,110,110,1,3,4,1,0,110,0,0
v29,55530747,93344226,0,Mega Lucario,d05bff224d40b9c6,6,982,Aura Jab,678,Mega Lucario ex,646,Marnie's Impidimp,70,70,0,4,5,2,0,70,0,0
v29,55530747,93344226,0,Mega Lucario,d05bff224d40b9c6,6,982,Aura Jab,678,Mega Lucario ex,646,Marnie's Impidimp,70,70,0,4,5,2,0,0,70,1
v29,55530747,93344226,0,Mega Lucario,d05bff224d40b9c6,8,982,Aura Jab,678,Mega Lucario ex,648,Marnie's Grimmsnarl ex,280,290,2,4,5,2,0,280,0,0
v29,55530747,93344226,0,Mega Lucario,d05bff224d40b9c6,10,982,Aura Jab,678,Mega Lucario ex,112,Munkidori,90,110,1,3,5,2,0,0,90,1
v29,55530747,93344226,0,Mega Lucario,d05bff224d40b9c6,12,982,Aura Jab,678,Mega Lucario ex,648,Marnie's Grimmsnarl ex,300,320,2,6,4,2,0,270,30,0
v29,55530747,93345146,1,other: Cynthia's Garchomp ex,daff2ed17de6145d,3,530,Dragonslice,380,Cynthia's Gabite,646,Marnie's Impidimp,70,70,1,7,2,1,0,70,0,0
v29,55530747,93345146,1,other: Cynthia's Garchomp ex,daff2ed17de6145d,5,530,Dragonslice,380,Cynthia's Gabite,648,Marnie's Grimmsnarl ex,310,320,2,4,4,1,0,310,0,0
v29,55530747,93346041,0,Ogerpon,1be0cbdbcbc3e6e8,4,120,Myriad Leaf Shower,96,Teal Mask Ogerpon ex,648,Marnie's Grimmsnarl ex,310,320,2,4,4,3,6,320,-10,0
v29,55530747,93346041,0,Ogerpon,1be0cbdbcbc3e6e8,8,120,Myriad Leaf Shower,96,Teal Mask Ogerpon ex,648,Marnie's Grimmsnarl ex,310,320,2,6,4,3,4,320,-10,0
v29,55530747,93346041,0,Ogerpon,1be0cbdbcbc3e6e8,8,120,Myriad Leaf Shower,96,Teal Mask Ogerpon ex,648,Marnie's Grimmsnarl ex,310,320,2,6,4,4,6,320,-10,0
v29,55530747,93346041,0,Ogerpon,1be0cbdbcbc3e6e8,8,120,Myriad Leaf Shower,96,Teal Mask Ogerpon ex,648,Marnie's Grimmsnarl ex,310,320,2,6,4,4,6,320,-10,0
v29,55530747,93346041,0,Ogerpon,1be0cbdbcbc3e6e8,10,120,Myriad Leaf Shower,96,Teal Mask Ogerpon ex,112,Munkidori,130,140,1,5,4,6,9,140,-10,0
v29,55530747,93346041,0,Ogerpon,1be0cbdbcbc3e6e8,10,120,Myriad Leaf Shower,96,Teal Mask Ogerpon ex,112,Munkidori,130,140,1,5,4,6,9,140,-10,0
v29,55530747,93346968,1,Alakazam,73d5cb888910aa62,8,1072,Powerful Hand,743,Alakazam,648,Marnie's Grimmsnarl ex,300,320,2,6,5,1,0,220,80,0
v29,55530747,93347873,1,Alakazam,29929a763bf01096,5,1072,Powerful Hand,743,Alakazam,648,Marnie's Grimmsnarl ex,320,320,2,3,3,1,0,320,0,0
v29,55530747,93347873,1,Alakazam,29929a763bf01096,5,1072,Powerful Hand,743,Alakazam,648,Marnie's Grimmsnarl ex,320,320,2,3,3,1,0,320,0,0
v29,55530747,93348785,1,other: Iono’s Bellibolt ex,282504e445a4d4fc,10,363,Voltaic Chain,265,Iono’s Voltorb,648,Marnie's Grimmsnarl ex,320,320,2,10,5,2,0,320,0,0
v29,55530747,93348785,1,other: Iono’s Bellibolt ex,282504e445a4d4fc,10,363,Voltaic Chain,265,Iono’s Voltorb,648,Marnie's Grimmsnarl ex,320,320,2,10,5,2,0,320,0,0
v29,55530747,93348785,1,other: Iono’s Bellibolt ex,282504e445a4d4fc,10,363,Voltaic Chain,265,Iono’s Voltorb,648,Marnie's Grimmsnarl ex,320,320,2,10,5,2,0,140,180,0
v29,55530747,93348785,1,other: Iono’s Bellibolt ex,282504e445a4d4fc,12,363,Voltaic Chain,265,Iono’s Voltorb,648,Marnie's Grimmsnarl ex,230,320,2,13,5,2,0,30,200,0
v29,55530747,93349687,1,Archaludon,ebd4dbb270dce6a2,2,965,Turbo Flare,666,Cinderace,860,Snorunt,70,70,1,8,2,1,0,70,0,0
v29,55530747,93349687,1,Archaludon,ebd4dbb270dce6a2,4,223,Hammer In,190,Archaludon ex,648,Marnie's Grimmsnarl ex,320,320,3,6,2,3,0,320,0,0
v29,55530747,93349687,1,Archaludon,ebd4dbb270dce6a2,6,253,Metal Defender,190,Archaludon ex,648,Marnie's Grimmsnarl ex,320,320,3,3,4,3,0,60,260,0
v29,55530747,93349687,1,Archaludon,ebd4dbb270dce6a2,6,224,Raging Hammer,190,Archaludon ex,648,Marnie's Grimmsnarl ex,320,320,3,3,4,3,0,60,260,0
v29,55530747,93349687,1,Archaludon,ebd4dbb270dce6a2,10,253,Metal Defender,190,Archaludon ex,648,Marnie's Grimmsnarl ex,310,320,2,2,4,5,0,320,-10,0
v29,55530747,93349687,1,Archaludon,ebd4dbb270dce6a2,10,253,Metal Defender,190,Archaludon ex,648,Marnie's Grimmsnarl ex,310,320,2,2,4,5,0,320,-10,0
v29,55530747,93349687,1,Archaludon,ebd4dbb270dce6a2,10,253,Metal Defender,190,Archaludon ex,648,Marnie's Grimmsnarl ex,310,320,2,2,4,3,0,80,230,0
v29,55530747,93351496,1,Alakazam,c692c6b34ff4f57d,5,1072,Powerful Hand,743,Alakazam,104,Froslass,90,90,0,3,5,1,0,90,0,0
v29,55530747,93351496,1,Alakazam,c692c6b34ff4f57d,7,1070,Teleportation Attack,741,Abra,648,Marnie's Grimmsnarl ex,320,320,2,10,5,1,0,310,10,0
v29,55530747,93352389,1,Mega Lucario,c3c16f0e65487ad6,2,980,Cosmic Beam,676,Solrock,646,Marnie's Impidimp,70,70,1,5,2,1,0,70,0,0
v29,55530747,93352389,1,Mega Lucario,c3c16f0e65487ad6,2,980,Cosmic Beam,676,Solrock,646,Marnie's Impidimp,70,70,1,5,2,1,0,70,0,0
v29,55530747,93352389,1,Mega Lucario,c3c16f0e65487ad6,2,980,Cosmic Beam,676,Solrock,646,Marnie's Impidimp,70,70,1,5,2,1,0,70,0,0
v29,55530747,93352389,1,Mega Lucario,c3c16f0e65487ad6,4,982,Aura Jab,678,Mega Lucario ex,648,Marnie's Grimmsnarl ex,320,320,2,5,3,1,0,320,0,0
v29,55530747,93352389,1,Mega Lucario,c3c16f0e65487ad6,6,982,Aura Jab,678,Mega Lucario ex,648,Marnie's Grimmsnarl ex,250,320,2,4,5,1,0,250,0,0
v29,55530747,93353287,1,Grimmsnarl (mirror),9714ab5c3996f6cc,6,937,Shadow Bullet,648,Marnie's Grimmsnarl ex,112,Munkidori,100,110,1,7,5,2,0,100,0,0
v29,55530747,93353287,1,Grimmsnarl (mirror),9714ab5c3996f6cc,6,937,Shadow Bullet,648,Marnie's Grimmsnarl ex,112,Munkidori,100,110,1,7,5,2,0,100,0,0
v29,55530747,93353287,1,Grimmsnarl (mirror),9714ab5c3996f6cc,6,937,Shadow Bullet,648,Marnie's Grimmsnarl ex,112,Munkidori,100,110,1,7,5,2,0,0,100,1
v29,55530747,93353287,1,Grimmsnarl (mirror),9714ab5c3996f6cc,10,937,Shadow Bullet,648,Marnie's Grimmsnarl ex,648,Marnie's Grimmsnarl ex,310,320,2,4,5,2,0,320,-10,0
v29,55530747,93353287,1,Grimmsnarl (mirror),9714ab5c3996f6cc,10,937,Shadow Bullet,648,Marnie's Grimmsnarl ex,648,Marnie's Grimmsnarl ex,310,320,2,4,5,2,0,320,-10,0
v29,55530747,93354204,0,other: Cynthia's Garchomp ex,daff2ed17de6145d,2,475,Spike Sting,341,Cynthia's Roselia,646,Marnie's Impidimp,70,70,1,4,2,1,0,70,0,0
v29,55530747,93354204,0,other: Cynthia's Garchomp ex,daff2ed17de6145d,2,475,Spike Sting,341,Cynthia's Roselia,646,Marnie's Impidimp,70,70,1,4,2,1,0,30,40,0
v29,55530747,93354204,0,other: Cynthia's Garchomp ex,daff2ed17de6145d,2,475,Spike Sting,341,Cynthia's Roselia,646,Marnie's Impidimp,70,70,1,4,2,1,0,30,40,0
v29,55530747,93354204,0,other: Cynthia's Garchomp ex,daff2ed17de6145d,4,530,Dragonslice,380,Cynthia's Gabite,646,Marnie's Impidimp,30,70,1,4,2,1,0,30,0,0
v29,55530747,93354204,0,other: Cynthia's Garchomp ex,daff2ed17de6145d,6,531,Corkscrew Dive,381,Cynthia's Garchomp ex,648,Marnie's Grimmsnarl ex,320,320,2,3,2,1,0,320,0,0
v29,55530747,93354204,0,other: Cynthia's Garchomp ex,daff2ed17de6145d,6,531,Corkscrew Dive,381,Cynthia's Garchomp ex,648,Marnie's Grimmsnarl ex,320,320,2,3,2,1,0,320,0,0
v29,55530747,93354204,0,other: Cynthia's Garchomp ex,daff2ed17de6145d,8,531,Corkscrew Dive,381,Cynthia's Garchomp ex,648,Marnie's Grimmsnarl ex,190,320,2,2,3,2,0,190,0,0
v29,55530747,93355133,1,Alakazam,cc38cb450b86770a,6,1072,Powerful Hand,743,Alakazam,648,Marnie's Grimmsnarl ex,310,320,2,7,5,1,0,320,-10,0
v29,55530747,93356042,1,Mega Lucario,61e946ddc91bef35,9,982,Aura Jab,678,Mega Lucario ex,648,Marnie's Grimmsnarl ex,250,320,2,5,5,1,0,250,0,0
v29,55530747,93356042,1,Mega Lucario,61e946ddc91bef35,11,982,Aura Jab,678,Mega Lucario ex,648,Marnie's Grimmsnarl ex,320,320,2,7,5,2,0,320,0,0
v29,55530747,93356042,1,Mega Lucario,61e946ddc91bef35,11,982,Aura Jab,678,Mega Lucario ex,648,Marnie's Grimmsnarl ex,320,320,2,7,5,2,0,320,0,0
v29,55530747,93356042,1,Mega Lucario,61e946ddc91bef35,11,983,Mega Brave,678,Mega Lucario ex,648,Marnie's Grimmsnarl ex,320,320,2,7,5,2,0,320,0,0
v29,55530747,93356943,1,Grimmsnarl (mirror),9714ab5c3996f6cc,6,937,Shadow Bullet,648,Marnie's Grimmsnarl ex,112,Munkidori,80,110,1,3,5,2,0,0,80,1
v29,55530747,93356943,1,Grimmsnarl (mirror),9714ab5c3996f6cc,8,937,Shadow Bullet,648,Marnie's Grimmsnarl ex,648,Marnie's Grimmsnarl ex,320,320,2,6,5,2,0,320,0,0
v29,55530747,93356943,1,Grimmsnarl (mirror),9714ab5c3996f6cc,10,937,Shadow Bullet,648,Marnie's Grimmsnarl ex,648,Marnie's Grimmsnarl ex,320,320,2,7,5,2,0,320,0,0
v29,55530747,93356943,1,Grimmsnarl (mirror),9714ab5c3996f6cc,12,937,Shadow Bullet,648,Marnie's Grimmsnarl ex,648,Marnie's Grimmsnarl ex,140,320,2,3,5,2,0,140,0,0
v29,55530747,93356943,1,Grimmsnarl (mirror),9714ab5c3996f6cc,12,937,Shadow Bullet,648,Marnie's Grimmsnarl ex,648,Marnie's Grimmsnarl ex,140,320,2,3,5,2,0,140,0,0
v29,55530747,93356943,1,Grimmsnarl (mirror),9714ab5c3996f6cc,20,937,Shadow Bullet,648,Marnie's Grimmsnarl ex,647,Marnie's Morgrem,100,100,0,6,5,2,0,100,0,0
v29,55530747,93357826,0,Alakazam,999dfe4000bdc14b,2,1070,Teleportation Attack,741,Abra,112,Munkidori,110,110,0,5,4,1,0,100,10,0
v29,55530747,93357826,0,Alakazam,999dfe4000bdc14b,4,1071,Super Psy Bolt,742,Kadabra,112,Munkidori,100,110,0,2,5,1,0,100,0,0
v29,55530747,93357826,0,Alakazam,999dfe4000bdc14b,4,1071,Super Psy Bolt,742,Kadabra,112,Munkidori,100,110,0,2,5,1,0,100,0,0
v29,55530747,93357826,0,Alakazam,999dfe4000bdc14b,4,1071,Super Psy Bolt,742,Kadabra,112,Munkidori,100,110,0,2,5,1,0,100,0,0
v29,55530747,93357826,0,Alakazam,999dfe4000bdc14b,6,1072,Powerful Hand,743,Alakazam,112,Munkidori,70,110,0,2,5,2,0,70,0,0
v29,55530747,93357826,0,Alakazam,999dfe4000bdc14b,8,1072,Powerful Hand,743,Alakazam,648,Marnie's Grimmsnarl ex,320,320,2,4,5,1,0,320,0,0
v29,55530747,93357826,0,Alakazam,999dfe4000bdc14b,8,1072,Powerful Hand,743,Alakazam,648,Marnie's Grimmsnarl ex,320,320,2,4,5,1,0,320,0,0
v29,55530747,93357826,0,Alakazam,999dfe4000bdc14b,8,1072,Powerful Hand,743,Alakazam,648,Marnie's Grimmsnarl ex,320,320,2,4,5,1,0,320,0,0
v29,55530747,93357826,0,Alakazam,999dfe4000bdc14b,8,1072,Powerful Hand,743,Alakazam,648,Marnie's Grimmsnarl ex,320,320,2,4,5,1,0,320,0,0
v29,55530747,93357826,0,Alakazam,999dfe4000bdc14b,10,1072,Powerful Hand,743,Alakazam,648,Marnie's Grimmsnarl ex,200,320,2,7,5,1,0,200,0,0
v29,55530747,93357826,0,Alakazam,999dfe4000bdc14b,10,1072,Powerful Hand,743,Alakazam,648,Marnie's Grimmsnarl ex,200,320,2,3,5,1,0,200,0,0
v29,55530747,93357826,0,Alakazam,999dfe4000bdc14b,12,1072,Powerful Hand,743,Alakazam,647,Marnie's Morgrem,100,100,1,6,5,1,0,100,0,0
v29,55530747,93357826,0,Alakazam,999dfe4000bdc14b,12,1072,Powerful Hand,743,Alakazam,647,Marnie's Morgrem,100,100,1,6,5,1,0,100,0,0
v29,55530747,93357826,0,Alakazam,999dfe4000bdc14b,12,1072,Powerful Hand,743,Alakazam,647,Marnie's Morgrem,100,100,1,6,5,1,0,100,0,0
v29,55530747,93357826,0,Alakazam,999dfe4000bdc14b,14,1072,Powerful Hand,743,Alakazam,647,Marnie's Morgrem,100,100,0,5,5,1,0,100,0,0
v29,55530747,93357826,0,Alakazam,999dfe4000bdc14b,16,1072,Powerful Hand,743,Alakazam,647,Marnie's Morgrem,100,100,0,4,4,1,0,100,0,0
v29,55530747,93357851,1,Mega Lucario,c3c16f0e65487ad6,6,982,Aura Jab,678,Mega Lucario ex,648,Marnie's Grimmsnarl ex,190,320,2,2,4,1,0,190,0,0
v29,55530747,93357851,1,Mega Lucario,c3c16f0e65487ad6,6,983,Mega Brave,678,Mega Lucario ex,648,Marnie's Grimmsnarl ex,190,320,2,2,4,2,0,190,0,0
v29,55530747,93357851,1,Mega Lucario,c3c16f0e65487ad6,6,983,Mega Brave,678,Mega Lucario ex,648,Marnie's Grimmsnarl ex,190,320,2,2,4,2,0,190,0,0
v29,55530747,93357851,1,Mega Lucario,c3c16f0e65487ad6,6,982,Aura Jab,678,Mega Lucario ex,648,Marnie's Grimmsnarl ex,190,320,2,2,4,2,0,190,0,0
v29,55530747,93357851,1,Mega Lucario,c3c16f0e65487ad6,8,982,Aura Jab,678,Mega Lucario ex,112,Munkidori,110,110,1,7,4,1,0,10,100,0
v29,55530747,93357851,1,Mega Lucario,c3c16f0e65487ad6,10,982,Aura Jab,678,Mega Lucario ex,648,Marnie's Grimmsnarl ex,320,320,2,7,5,1,0,320,0,0
v29,55530747,93357851,1,Mega Lucario,c3c16f0e65487ad6,10,982,Aura Jab,678,Mega Lucario ex,648,Marnie's Grimmsnarl ex,290,290,2,7,5,2,0,320,-30,0
v29,55530747,93358765,1,other: Dudunsparce ex,bd1b161cccedf43e,6,425,Tenacious Tail,306,Dudunsparce ex,648,Marnie's Grimmsnarl ex,310,320,2,4,5,3,0,150,160,0
v29,55530747,93358765,1,other: Dudunsparce ex,bd1b161cccedf43e,6,426,Destructive Drill,306,Dudunsparce ex,648,Marnie's Grimmsnarl ex,310,320,2,4,5,3,0,150,160,0
v29,55530747,93358765,1,other: Dudunsparce ex,bd1b161cccedf43e,12,425,Tenacious Tail,306,Dudunsparce ex,648,Marnie's Grimmsnarl ex,100,320,2,11,5,1,0,30,70,0
v29,55530747,93358765,1,other: Dudunsparce ex,bd1b161cccedf43e,12,425,Tenacious Tail,306,Dudunsparce ex,648,Marnie's Grimmsnarl ex,100,320,2,11,5,1,0,30,70,0
v29,55530747,93359667,1,Grimmsnarl (mirror),9714ab5c3996f6cc,10,937,Shadow Bullet,648,Marnie's Grimmsnarl ex,648,Marnie's Grimmsnarl ex,200,320,2,7,5,2,0,200,0,0
v29,55530747,93360534,1,other: Mega Starmie ex,164ab6937ac04642,3,1486,Water Gun,1030,Staryu,112,Munkidori,110,110,0,6,5,1,0,110,0,0
v29,55530747,93360534,1,other: Mega Starmie ex,164ab6937ac04642,5,1486,Water Gun,1030,Staryu,112,Munkidori,110,110,0,7,5,1,0,110,0,0
v29,55530747,93360534,1,other: Mega Starmie ex,164ab6937ac04642,5,1487,Jetting Blow,1031,Mega Starmie ex,112,Munkidori,110,110,0,7,5,2,0,0,110,1
v29,55530747,93360534,1,other: Mega Starmie ex,164ab6937ac04642,7,1487,Jetting Blow,1031,Mega Starmie ex,648,Marnie's Grimmsnarl ex,320,320,2,5,5,1,0,200,120,0
v29,55530747,93360534,1,other: Mega Starmie ex,164ab6937ac04642,9,1487,Jetting Blow,1031,Mega Starmie ex,648,Marnie's Grimmsnarl ex,230,320,2,7,5,1,0,230,0,0
v29,55530747,93360549,1,Grimmsnarl (mirror),9714ab5c3996f6cc,4,937,Shadow Bullet,648,Marnie's Grimmsnarl ex,112,Munkidori,110,110,1,4,3,2,0,110,0,0
v29,55530747,93360549,1,Grimmsnarl (mirror),9714ab5c3996f6cc,6,937,Shadow Bullet,648,Marnie's Grimmsnarl ex,648,Marnie's Grimmsnarl ex,320,320,2,2,5,2,0,320,0,0
v29,55530747,93360549,1,Grimmsnarl (mirror),9714ab5c3996f6cc,6,937,Shadow Bullet,648,Marnie's Grimmsnarl ex,648,Marnie's Grimmsnarl ex,320,320,2,2,5,2,0,320,0,0
v29,55530747,93360549,1,Grimmsnarl (mirror),9714ab5c3996f6cc,8,937,Shadow Bullet,648,Marnie's Grimmsnarl ex,648,Marnie's Grimmsnarl ex,320,320,2,3,5,2,0,320,0,0
v29,55530747,93360549,1,Grimmsnarl (mirror),9714ab5c3996f6cc,10,937,Shadow Bullet,648,Marnie's Grimmsnarl ex,648,Marnie's Grimmsnarl ex,230,320,2,4,5,2,0,230,0,0
v29,55530747,93360549,1,Grimmsnarl (mirror),9714ab5c3996f6cc,12,937,Shadow Bullet,648,Marnie's Grimmsnarl ex,648,Marnie's Grimmsnarl ex,80,320,2,5,5,2,0,80,0,0
v29,55530747,93361433,0,Mega Lucario,d05bff224d40b9c6,3,981,Accelerating Stab,677,Riolu,646,Marnie's Impidimp,70,70,1,8,4,1,0,70,0,0
v29,55530747,93361433,0,Mega Lucario,d05bff224d40b9c6,3,982,Aura Jab,678,Mega Lucario ex,646,Marnie's Impidimp,70,70,1,8,4,1,0,0,70,1
v29,55530747,93361433,0,Mega Lucario,d05bff224d40b9c6,5,982,Aura Jab,678,Mega Lucario ex,648,Marnie's Grimmsnarl ex,310,320,2,5,5,2,0,310,0,0
v29,55530747,93361433,0,Mega Lucario,d05bff224d40b9c6,5,982,Aura Jab,678,Mega Lucario ex,648,Marnie's Grimmsnarl ex,310,320,2,5,5,2,0,310,0,0
v29,55530747,93361433,0,Mega Lucario,d05bff224d40b9c6,7,982,Aura Jab,678,Mega Lucario ex,648,Marnie's Grimmsnarl ex,310,320,2,7,5,2,0,310,0,0
v29,55530747,93361433,0,Mega Lucario,d05bff224d40b9c6,7,982,Aura Jab,678,Mega Lucario ex,648,Marnie's Grimmsnarl ex,310,320,2,7,5,2,0,310,0,0
v29,55530747,93361433,0,Mega Lucario,d05bff224d40b9c6,9,982,Aura Jab,678,Mega Lucario ex,648,Marnie's Grimmsnarl ex,310,320,2,7,4,2,0,310,0,0
v29,55530747,93361433,0,Mega Lucario,d05bff224d40b9c6,9,982,Aura Jab,678,Mega Lucario ex,648,Marnie's Grimmsnarl ex,310,320,2,7,4,2,0,280,30,0
v29,55530747,93361433,0,Mega Lucario,d05bff224d40b9c6,9,982,Aura Jab,678,Mega Lucario ex,104,Froslass,90,90,0,7,4,2,0,0,90,1
v29,55530747,93362376,0,Mega Lopunny / Froslass,a7ee29914c1dce64,4,1225,Gale Thrust,849,Mega Lopunny ex,648,Marnie's Grimmsnarl ex,320,320,2,6,4,1,0,320,0,0
v29,55530747,93362376,0,Mega Lopunny / Froslass,a7ee29914c1dce64,4,1226,Spiky Hopper,849,Mega Lopunny ex,648,Marnie's Grimmsnarl ex,320,320,2,6,4,2,0,160,160,0
v29,55530747,93362376,0,Mega Lopunny / Froslass,a7ee29914c1dce64,8,1225,Gale Thrust,849,Mega Lopunny ex,648,Marnie's Grimmsnarl ex,320,320,2,5,5,1,0,90,230,0
v29,55530747,93363286,1,Alakazam,a665414222aea434,4,1072,Powerful Hand,743,Alakazam,648,Marnie's Grimmsnarl ex,310,320,2,3,5,1,0,310,0,0
v29,55530747,93363286,1,Alakazam,a665414222aea434,4,1072,Powerful Hand,743,Alakazam,648,Marnie's Grimmsnarl ex,310,320,2,3,5,1,0,310,0,0
v29,55530747,93363286,1,Alakazam,a665414222aea434,4,1072,Powerful Hand,743,Alakazam,648,Marnie's Grimmsnarl ex,310,320,2,3,5,1,0,60,250,0
v29,55530747,93363286,1,Alakazam,a665414222aea434,6,1072,Powerful Hand,743,Alakazam,648,Marnie's Grimmsnarl ex,80,320,2,3,5,1,0,90,-10,0
v29,55530747,93363286,1,Alakazam,a665414222aea434,8,1072,Powerful Hand,743,Alakazam,104,Froslass,90,90,0,3,5,1,0,90,0,0
v29,55530747,93363286,1,Alakazam,a665414222aea434,8,1072,Powerful Hand,743,Alakazam,104,Froslass,90,90,0,3,5,1,0,90,0,0
v29,55530747,93363286,1,Alakazam,a665414222aea434,8,1072,Powerful Hand,743,Alakazam,104,Froslass,90,90,0,3,5,1,0,,,1
v29,55530747,93364157,0,other: Cynthia's Garchomp ex,e7490b8426aeeb65,3,530,Dragonslice,380,Cynthia's Gabite,860,Snorunt,70,70,0,6,4,1,0,70,0,0
v29,55530747,93364157,0,other: Cynthia's Garchomp ex,e7490b8426aeeb65,9,540,Raging Curse,387,Cynthia's Spiritomb,112,Munkidori,100,110,2,4,2,1,0,110,-10,0
v29,55530747,93364177,0,Grimmsnarl (mirror),9714ab5c3996f6cc,4,937,Shadow Bullet,648,Marnie's Grimmsnarl ex,112,Munkidori,110,110,1,6,5,2,0,110,0,0
v29,55530747,93364177,0,Grimmsnarl (mirror),9714ab5c3996f6cc,6,937,Shadow Bullet,648,Marnie's Grimmsnarl ex,648,Marnie's Grimmsnarl ex,320,320,2,3,5,2,0,320,0,0
v29,55530747,93364177,0,Grimmsnarl (mirror),9714ab5c3996f6cc,6,937,Shadow Bullet,648,Marnie's Grimmsnarl ex,648,Marnie's Grimmsnarl ex,320,320,2,3,5,2,0,320,0,0
v29,55530747,93364177,0,Grimmsnarl (mirror),9714ab5c3996f6cc,6,937,Shadow Bullet,648,Marnie's Grimmsnarl ex,648,Marnie's Grimmsnarl ex,320,320,2,3,5,2,0,320,0,0
v29,55530747,93364177,0,Grimmsnarl (mirror),9714ab5c3996f6cc,10,937,Shadow Bullet,648,Marnie's Grimmsnarl ex,648,Marnie's Grimmsnarl ex,320,320,2,6,3,2,0,320,0,0
v29,55530747,93364177,0,Grimmsnarl (mirror),9714ab5c3996f6cc,12,937,Shadow Bullet,648,Marnie's Grimmsnarl ex,648,Marnie's Grimmsnarl ex,170,320,2,6,4,2,0,170,0,0
v29,55530747,93372317,0,Mega Lucario,c3c16f0e65487ad6,3,980,Cosmic Beam,676,Solrock,646,Marnie's Impidimp,70,70,0,5,5,1,0,70,0,0
v29,55530747,93372317,0,Mega Lucario,c3c16f0e65487ad6,3,980,Cosmic Beam,676,Solrock,646,Marnie's Impidimp,70,70,0,5,5,1,0,70,0,0
v29,55530747,93372317,0,Mega Lucario,c3c16f0e65487ad6,5,980,Cosmic Beam,676,Solrock,647,Marnie's Morgrem,100,100,0,3,5,1,0,100,0,0
v29,55530747,93372317,0,Mega Lucario,c3c16f0e65487ad6,7,982,Aura Jab,678,Mega Lucario ex,648,Marnie's Grimmsnarl ex,320,320,2,2,5,1,0,320,0,0
v29,55530747,93372317,0,Mega Lucario,c3c16f0e65487ad6,7,982,Aura Jab,678,Mega Lucario ex,648,Marnie's Grimmsnarl ex,320,320,2,2,5,2,0,320,0,0
v29,55530747,93372317,0,Mega Lucario,c3c16f0e65487ad6,9,982,Aura Jab,678,Mega Lucario ex,112,Munkidori,110,110,1,0,5,2,0,110,0,0
v29,55530747,93372317,0,Mega Lucario,c3c16f0e65487ad6,9,982,Aura Jab,678,Mega Lucario ex,112,Munkidori,110,110,1,0,5,2,0,110,0,0
v29,55530747,93372317,0,Mega Lucario,c3c16f0e65487ad6,11,978,Wild Press,674,Hariyama,112,Munkidori,110,110,1,1,4,3,0,,,1
v29,55530747,93379219,1,Grimmsnarl (mirror),9714ab5c3996f6cc,12,937,Shadow Bullet,648,Marnie's Grimmsnarl ex,648,Marnie's Grimmsnarl ex,270,320,2,7,5,2,0,270,0,0
v29,55530747,93379219,1,Grimmsnarl (mirror),9714ab5c3996f6cc,14,937,Shadow Bullet,648,Marnie's Grimmsnarl ex,648,Marnie's Grimmsnarl ex,320,320,2,6,5,2,0,320,0,0
v29,55530747,93379219,1,Grimmsnarl (mirror),9714ab5c3996f6cc,14,937,Shadow Bullet,648,Marnie's Grimmsnarl ex,648,Marnie's Grimmsnarl ex,320,320,2,6,5,2,0,320,0,0
v29,55530747,93379219,1,Grimmsnarl (mirror),9714ab5c3996f6cc,16,937,Shadow Bullet,648,Marnie's Grimmsnarl ex,648,Marnie's Grimmsnarl ex,200,320,2,6,5,2,0,200,0,0
v29,55530747,93386292,1,Kangaskhan / Crustle,06719550d979d46e,3,62,Land Collapse,58,Great Tusk,112,Munkidori,110,110,1,6,3,2,0,110,0,0
v29,55530747,93390738,1,Dragapult,de9ffdfe3237abe2,2,323,Itchy Pollen,235,Budew,112,Munkidori,110,110,0,4,3,0,0,100,10,0
v29,55530747,93390738,1,Dragapult,de9ffdfe3237abe2,4,323,Itchy Pollen,235,Budew,112,Munkidori,110,110,1,4,3,0,0,100,10,0
v29,55530747,93390738,1,Dragapult,de9ffdfe3237abe2,6,323,Itchy Pollen,235,Budew,112,Munkidori,110,110,1,2,3,0,0,100,10,0
v29,55530747,93390886,0,Ogerpon,97df7a2a423da1d8,6,120,Myriad Leaf Shower,96,Teal Mask Ogerpon ex,647,Marnie's Morgrem,100,100,0,4,5,3,13,100,0,0
v29,55530747,93390886,0,Ogerpon,97df7a2a423da1d8,6,120,Myriad Leaf Shower,96,Teal Mask Ogerpon ex,647,Marnie's Morgrem,100,100,0,4,5,4,14,100,0,0
v29,55530747,93390886,0,Ogerpon,97df7a2a423da1d8,8,120,Myriad Leaf Shower,96,Teal Mask Ogerpon ex,646,Marnie's Impidimp,70,70,0,5,5,4,14,70,0,0
v29,55530747,93390886,0,Ogerpon,97df7a2a423da1d8,8,120,Myriad Leaf Shower,96,Teal Mask Ogerpon ex,646,Marnie's Impidimp,70,70,0,5,5,4,16,70,0,0
v29,55530747,93390886,0,Ogerpon,97df7a2a423da1d8,12,120,Myriad Leaf Shower,96,Teal Mask Ogerpon ex,648,Marnie's Grimmsnarl ex,310,320,3,6,4,4,7,320,-10,0
v29,55530747,93392632,1,Alakazam,0a9a8b53aced5568,3,423,Trading Places,305,Dunsparce,112,Munkidori,110,110,0,6,5,1,0,110,0,0
v29,55530747,93392632,1,Alakazam,0a9a8b53aced5568,3,1072,Powerful Hand,743,Alakazam,646,Marnie's Impidimp,70,70,0,6,5,1,0,70,0,0
v29,55530747,93392632,1,Alakazam,0a9a8b53aced5568,3,1072,Powerful Hand,743,Alakazam,646,Marnie's Impidimp,70,70,0,6,5,1,0,,,1
v29,55530747,93392632,1,Alakazam,0a9a8b53aced5568,7,1071,Super Psy Bolt,742,Kadabra,648,Marnie's Grimmsnarl ex,320,320,2,5,5,1,0,320,0,0
v29,55530747,93392632,1,Alakazam,0a9a8b53aced5568,7,1072,Powerful Hand,743,Alakazam,648,Marnie's Grimmsnarl ex,320,320,2,3,5,1,0,320,0,0
v29,55530747,93392632,1,Alakazam,0a9a8b53aced5568,7,1072,Powerful Hand,743,Alakazam,648,Marnie's Grimmsnarl ex,320,320,2,3,5,1,0,320,0,0
v29,55530747,93392632,1,Alakazam,0a9a8b53aced5568,9,1072,Powerful Hand,743,Alakazam,648,Marnie's Grimmsnarl ex,210,320,2,4,5,1,0,210,0,0
v29,55530747,93392632,1,Alakazam,0a9a8b53aced5568,9,1072,Powerful Hand,743,Alakazam,648,Marnie's Grimmsnarl ex,210,320,2,4,5,1,0,220,-10,0
v29,55530747,93412320,1,Grimmsnarl (mirror),73b854cc1f4e23a2,8,937,Shadow Bullet,648,Marnie's Grimmsnarl ex,648,Marnie's Grimmsnarl ex,110,320,2,11,5,2,0,110,0,0
v29,55530747,93424752,0,Mega Lucario,c3c16f0e65487ad6,3,982,Aura Jab,678,Mega Lucario ex,112,Munkidori,110,110,1,4,2,2,0,0,110,1
v29,55530747,93424752,0,Mega Lucario,c3c16f0e65487ad6,5,982,Aura Jab,678,Mega Lucario ex,646,Marnie's Impidimp,70,70,1,6,3,2,0,70,0,0
v29,55530747,93424752,0,Mega Lucario,c3c16f0e65487ad6,5,982,Aura Jab,678,Mega Lucario ex,646,Marnie's Impidimp,70,70,1,6,3,2,0,70,0,0
v29,55530747,93424752,0,Mega Lucario,c3c16f0e65487ad6,5,982,Aura Jab,678,Mega Lucario ex,646,Marnie's Impidimp,70,70,1,6,3,2,0,70,0,0
v29,55530747,93424752,0,Mega Lucario,c3c16f0e65487ad6,7,982,Aura Jab,678,Mega Lucario ex,648,Marnie's Grimmsnarl ex,310,320,2,2,4,2,0,310,0,0
v29,55530747,93424752,0,Mega Lucario,c3c16f0e65487ad6,9,982,Aura Jab,678,Mega Lucario ex,648,Marnie's Grimmsnarl ex,310,320,3,5,3,2,0,310,0,0
v29,55530747,93424752,0,Mega Lucario,c3c16f0e65487ad6,9,982,Aura Jab,678,Mega Lucario ex,648,Marnie's Grimmsnarl ex,310,320,3,5,3,2,0,310,0,0
v29,55530747,93431615,0,Dragapult,202ee2cec6cbe8b4,3,323,Itchy Pollen,235,Budew,112,Munkidori,110,110,1,4,3,0,0,110,0,0
v29,55530747,93431615,0,Dragapult,202ee2cec6cbe8b4,3,323,Itchy Pollen,235,Budew,112,Munkidori,110,110,1,4,3,0,0,110,0,0
v29,55530747,93431615,0,Dragapult,202ee2cec6cbe8b4,3,323,Itchy Pollen,235,Budew,112,Munkidori,110,110,1,4,3,0,0,110,0,0
v29,55530747,93431615,0,Dragapult,202ee2cec6cbe8b4,5,323,Itchy Pollen,235,Budew,646,Marnie's Impidimp,70,70,0,4,3,0,0,70,0,0
v29,55530747,93431615,0,Dragapult,202ee2cec6cbe8b4,5,323,Itchy Pollen,235,Budew,646,Marnie's Impidimp,70,70,0,4,3,0,0,70,0,0
v29,55530747,93431615,0,Dragapult,202ee2cec6cbe8b4,9,153,Jet Headbutt,121,Dragapult ex,648,Marnie's Grimmsnarl ex,300,320,2,4,3,2,0,300,0,0
v29,55530747,93431615,0,Dragapult,202ee2cec6cbe8b4,9,154,Phantom Dive,121,Dragapult ex,648,Marnie's Grimmsnarl ex,300,320,2,4,3,2,0,100,200,0
v29,55530747,93431615,0,Dragapult,202ee2cec6cbe8b4,11,153,Jet Headbutt,121,Dragapult ex,648,Marnie's Grimmsnarl ex,100,320,2,5,5,1,0,100,0,0
v29,55530747,93431615,0,Dragapult,202ee2cec6cbe8b4,11,153,Jet Headbutt,121,Dragapult ex,648,Marnie's Grimmsnarl ex,100,320,2,5,5,2,0,0,100,1
v29,55530747,93431615,0,Dragapult,202ee2cec6cbe8b4,13,153,Jet Headbutt,121,Dragapult ex,648,Marnie's Grimmsnarl ex,300,320,2,3,4,2,0,300,0,0
v29,55530747,93438763,0,Grimmsnarl (mirror),9714ab5c3996f6cc,8,935,Corkscrew Punch,646,Marnie's Impidimp,112,Munkidori,110,110,1,3,2,1,0,110,0,0
v29,55530747,93438763,0,Grimmsnarl (mirror),9714ab5c3996f6cc,8,937,Shadow Bullet,648,Marnie's Grimmsnarl ex,860,Snorunt,70,70,0,3,2,2,0,0,70,1
v29,55530747,93438763,0,Grimmsnarl (mirror),9714ab5c3996f6cc,10,937,Shadow Bullet,648,Marnie's Grimmsnarl ex,648,Marnie's Grimmsnarl ex,320,320,2,1,4,2,0,320,0,0
v29,55530747,93438763,0,Grimmsnarl (mirror),9714ab5c3996f6cc,12,937,Shadow Bullet,648,Marnie's Grimmsnarl ex,648,Marnie's Grimmsnarl ex,140,320,2,3,4,2,0,140,0,0
v29,55530747,93438763,0,Grimmsnarl (mirror),9714ab5c3996f6cc,12,937,Shadow Bullet,648,Marnie's Grimmsnarl ex,648,Marnie's Grimmsnarl ex,140,320,2,2,4,2,0,140,0,0
v29,55530747,93438763,0,Grimmsnarl (mirror),9714ab5c3996f6cc,12,937,Shadow Bullet,648,Marnie's Grimmsnarl ex,648,Marnie's Grimmsnarl ex,140,320,2,2,4,2,0,140,0,0
v29,55530747,93438763,0,Grimmsnarl (mirror),9714ab5c3996f6cc,14,937,Shadow Bullet,648,Marnie's Grimmsnarl ex,647,Marnie's Morgrem,100,100,1,1,2,2,0,100,0,0
v29,55530747,93446671,1,Alakazam,cc38cb450b86770a,10,1071,Super Psy Bolt,742,Kadabra,648,Marnie's Grimmsnarl ex,310,320,2,5,5,1,0,270,40,0
v29,55530747,93446671,1,Alakazam,cc38cb450b86770a,10,1071,Super Psy Bolt,742,Kadabra,648,Marnie's Grimmsnarl ex,310,320,2,5,5,1,0,270,40,0
v29,55530747,93446671,1,Alakazam,cc38cb450b86770a,12,1072,Powerful Hand,743,Alakazam,648,Marnie's Grimmsnarl ex,310,320,2,6,5,1,0,320,-10,0
v29,55530747,93453868,1,Dragapult,202ee2cec6cbe8b4,3,323,Itchy Pollen,235,Budew,112,Munkidori,110,110,0,5,1,0,0,110,0,0
v29,55530747,93453868,1,Dragapult,202ee2cec6cbe8b4,5,323,Itchy Pollen,235,Budew,112,Munkidori,110,110,0,6,3,0,0,110,0,0
v29,55530747,93453868,1,Dragapult,202ee2cec6cbe8b4,5,323,Itchy Pollen,235,Budew,112,Munkidori,110,110,0,6,3,0,0,110,0,0
v29,55530747,93453868,1,Dragapult,202ee2cec6cbe8b4,7,323,Itchy Pollen,235,Budew,112,Munkidori,110,110,1,8,4,0,0,110,0,0
v29,55530747,93453868,1,Dragapult,202ee2cec6cbe8b4,7,323,Itchy Pollen,235,Budew,112,Munkidori,110,110,1,8,4,0,0,110,0,0
v29,55530747,93453868,1,Dragapult,202ee2cec6cbe8b4,9,153,Jet Headbutt,121,Dragapult ex,648,Marnie's Grimmsnarl ex,320,320,2,8,4,3,0,320,0,0
v29,55530747,93453868,1,Dragapult,202ee2cec6cbe8b4,11,153,Jet Headbutt,121,Dragapult ex,112,Munkidori,110,110,1,6,4,2,0,110,0,0
v29,55530747,93453868,1,Dragapult,202ee2cec6cbe8b4,11,153,Jet Headbutt,121,Dragapult ex,112,Munkidori,110,110,1,6,4,2,0,110,0,0
v29,55530747,93453868,1,Dragapult,202ee2cec6cbe8b4,13,153,Jet Headbutt,121,Dragapult ex,648,Marnie's Grimmsnarl ex,320,320,2,7,4,2,0,320,0,0
v29,55530747,93453868,1,Dragapult,202ee2cec6cbe8b4,13,153,Jet Headbutt,121,Dragapult ex,648,Marnie's Grimmsnarl ex,320,320,2,7,4,2,0,320,0,0
v29,55530747,93458564,1,Mega Lucario,05f854e1b3b3ba0f,2,981,Accelerating Stab,677,Riolu,112,Munkidori,110,110,0,4,3,1,0,110,0,0
v29,55530747,93458564,1,Mega Lucario,05f854e1b3b3ba0f,2,981,Accelerating Stab,677,Riolu,112,Munkidori,110,110,0,4,3,1,0,110,0,0
v29,55530747,93458564,1,Mega Lucario,05f854e1b3b3ba0f,6,982,Aura Jab,678,Mega Lucario ex,648,Marnie's Grimmsnarl ex,320,320,2,5,3,1,0,320,0,0
v29,55530747,93458564,1,Mega Lucario,05f854e1b3b3ba0f,12,978,Wild Press,674,Hariyama,648,Marnie's Grimmsnarl ex,320,320,2,5,4,3,0,320,0,0
v29,55530747,93458564,1,Mega Lucario,05f854e1b3b3ba0f,12,978,Wild Press,674,Hariyama,648,Marnie's Grimmsnarl ex,320,320,2,5,4,3,0,110,210,0
v29,55530747,93459223,0,Kangaskhan / Crustle,9b415cc6bbdf6fd5,6,479,Superb Scissors,345,Crustle,860,Snorunt,70,70,0,7,5,3,1,,,1
v29,55530747,93459223,0,Kangaskhan / Crustle,9b415cc6bbdf6fd5,16,479,Superb Scissors,345,Crustle,647,Marnie's Morgrem,80,100,2,4,5,4,1,100,-20,0
v29,55530747,93459223,0,Kangaskhan / Crustle,9b415cc6bbdf6fd5,18,479,Superb Scissors,345,Crustle,648,Marnie's Grimmsnarl ex,310,320,1,2,4,5,2,60,250,0
v29,55530747,93459223,0,Kangaskhan / Crustle,9b415cc6bbdf6fd5,18,479,Superb Scissors,345,Crustle,648,Marnie's Grimmsnarl ex,310,320,1,2,4,5,2,60,250,0
v29,55530747,93459223,0,Kangaskhan / Crustle,9b415cc6bbdf6fd5,20,479,Superb Scissors,345,Crustle,648,Marnie's Grimmsnarl ex,110,320,1,2,4,6,3,120,-10,0
v29,55530747,93475371,1,Alakazam,cc38cb450b86770a,6,1072,Powerful Hand,743,Alakazam,648,Marnie's Grimmsnarl ex,310,320,2,3,4,1,0,40,270,0
v29,55530747,93475371,1,Alakazam,cc38cb450b86770a,6,1072,Powerful Hand,743,Alakazam,648,Marnie's Grimmsnarl ex,310,320,2,3,4,1,0,40,270,0
v29,55530747,93479819,1,Kangaskhan / Crustle,1eda048ea3581634,7,479,Superb Scissors,345,Crustle,648,Marnie's Grimmsnarl ex,320,320,0,6,4,3,4,320,0,0
v29,55530747,93479819,1,Kangaskhan / Crustle,1eda048ea3581634,7,479,Superb Scissors,345,Crustle,648,Marnie's Grimmsnarl ex,320,320,0,6,4,3,4,320,0,0
v29,55530747,93485437,1,Dragapult,fe9cca6fbf8cfae8,4,1143,Fighting Wings,791,Moltres,860,Snorunt,70,70,0,4,2,2,0,70,0,0
v29,55530747,93485437,1,Dragapult,fe9cca6fbf8cfae8,6,1143,Fighting Wings,791,Moltres,104,Froslass,90,90,0,4,5,2,0,90,0,0
v29,55530747,93485437,1,Dragapult,fe9cca6fbf8cfae8,6,1143,Fighting Wings,791,Moltres,104,Froslass,90,90,0,4,5,2,0,70,20,0
v29,55530747,93485437,1,Dragapult,fe9cca6fbf8cfae8,8,1143,Fighting Wings,791,Moltres,104,Froslass,70,90,0,9,5,2,0,70,0,0
v29,55530747,93485437,1,Dragapult,fe9cca6fbf8cfae8,8,1143,Fighting Wings,791,Moltres,104,Froslass,70,90,0,9,5,2,0,70,0,0
v29,55530747,93485437,1,Dragapult,fe9cca6fbf8cfae8,8,1143,Fighting Wings,791,Moltres,104,Froslass,70,90,0,9,5,2,0,70,0,0
v29,55530747,93485437,1,Dragapult,fe9cca6fbf8cfae8,8,154,Phantom Dive,121,Dragapult ex,104,Froslass,70,90,0,9,5,2,0,70,0,0
v29,55530747,93485437,1,Dragapult,fe9cca6fbf8cfae8,10,153,Jet Headbutt,121,Dragapult ex,112,Munkidori,110,110,1,2,5,2,0,0,110,1
v29,55530747,93485437,1,Dragapult,fe9cca6fbf8cfae8,12,1143,Fighting Wings,791,Moltres,112,Munkidori,90,110,1,5,4,2,0,90,0,0
v29,55530747,93485437,1,Dragapult,fe9cca6fbf8cfae8,12,1143,Fighting Wings,791,Moltres,112,Munkidori,90,110,1,5,4,2,0,70,20,0
v29,55530747,93485437,1,Dragapult,fe9cca6fbf8cfae8,12,1143,Fighting Wings,791,Moltres,112,Munkidori,90,110,1,5,4,2,0,70,20,0
v29,55530747,93485437,1,Dragapult,fe9cca6fbf8cfae8,14,153,Jet Headbutt,121,Dragapult ex,648,Marnie's Grimmsnarl ex,290,320,2,7,4,1,0,290,0,0
v29,55530747,93485437,1,Dragapult,fe9cca6fbf8cfae8,14,153,Jet Headbutt,121,Dragapult ex,648,Marnie's Grimmsnarl ex,290,320,2,7,4,1,0,290,0,0
v29,55530747,93485437,1,Dragapult,fe9cca6fbf8cfae8,14,153,Jet Headbutt,121,Dragapult ex,648,Marnie's Grimmsnarl ex,290,320,2,7,4,1,0,290,0,0
v29,55530747,93485437,1,Dragapult,fe9cca6fbf8cfae8,14,153,Jet Headbutt,121,Dragapult ex,648,Marnie's Grimmsnarl ex,290,320,2,7,4,2,0,290,0,0
v29,55530747,93488648,0,Mega Lucario,05f854e1b3b3ba0f,2,981,Accelerating Stab,677,Riolu,646,Marnie's Impidimp,70,70,0,3,4,1,0,70,0,0
v29,55530747,93488648,0,Mega Lucario,05f854e1b3b3ba0f,2,981,Accelerating Stab,677,Riolu,646,Marnie's Impidimp,70,70,0,3,4,1,0,40,30,0
v29,55530747,93488648,0,Mega Lucario,05f854e1b3b3ba0f,2,981,Accelerating Stab,677,Riolu,646,Marnie's Impidimp,70,70,0,3,4,1,0,40,30,0
v29,55530747,93488648,0,Mega Lucario,05f854e1b3b3ba0f,4,982,Aura Jab,678,Mega Lucario ex,647,Marnie's Morgrem,100,100,0,2,4,2,0,0,100,1
v29,55530747,93488648,0,Mega Lucario,05f854e1b3b3ba0f,8,982,Aura Jab,678,Mega Lucario ex,648,Marnie's Grimmsnarl ex,320,320,2,7,5,2,0,320,0,0
v29,55530747,93488648,0,Mega Lucario,05f854e1b3b3ba0f,8,983,Mega Brave,678,Mega Lucario ex,648,Marnie's Grimmsnarl ex,320,320,2,7,5,2,0,320,0,0
v29,55530747,93488648,0,Mega Lucario,05f854e1b3b3ba0f,8,982,Aura Jab,678,Mega Lucario ex,648,Marnie's Grimmsnarl ex,320,320,2,7,5,2,0,50,270,0
v29,55530747,93488648,0,Mega Lucario,05f854e1b3b3ba0f,8,983,Mega Brave,678,Mega Lucario ex,648,Marnie's Grimmsnarl ex,320,320,2,7,5,2,0,50,270,0
v29,55530747,93488648,0,Mega Lucario,05f854e1b3b3ba0f,10,982,Aura Jab,678,Mega Lucario ex,648,Marnie's Grimmsnarl ex,170,320,2,10,5,2,0,170,0,0
v29,55530747,93488648,0,Mega Lucario,05f854e1b3b3ba0f,10,982,Aura Jab,678,Mega Lucario ex,648,Marnie's Grimmsnarl ex,170,320,2,10,5,2,0,170,0,0
v29,55530747,93488648,0,Mega Lucario,05f854e1b3b3ba0f,12,982,Aura Jab,678,Mega Lucario ex,648,Marnie's Grimmsnarl ex,290,320,2,7,5,2,0,290,0,0
v29,55530747,93488648,0,Mega Lucario,05f854e1b3b3ba0f,12,982,Aura Jab,678,Mega Lucario ex,648,Marnie's Grimmsnarl ex,290,320,2,7,5,2,0,290,0,0
v29,55530747,93488648,0,Mega Lucario,05f854e1b3b3ba0f,14,982,Aura Jab,678,Mega Lucario ex,860,Snorunt,70,70,1,6,5,2,0,70,0,0
v29,55530747,93504904,0,Alakazam,cc38cb450b86770a,2,1070,Teleportation Attack,741,Abra,646,Marnie's Impidimp,70,70,0,4,4,1,0,70,0,0
v29,55530747,93504904,0,Alakazam,cc38cb450b86770a,4,423,Trading Places,305,Dunsparce,646,Marnie's Impidimp,70,70,0,3,4,1,0,70,0,0
v29,55530747,93504904,0,Alakazam,cc38cb450b86770a,4,423,Trading Places,305,Dunsparce,646,Marnie's Impidimp,70,70,0,3,4,1,0,70,0,0
v29,55530747,93504904,0,Alakazam,cc38cb450b86770a,4,1072,Powerful Hand,743,Alakazam,646,Marnie's Impidimp,70,70,0,3,4,1,0,70,0,0
v29,55530747,93504904,0,Alakazam,cc38cb450b86770a,6,1072,Powerful Hand,743,Alakazam,646,Marnie's Impidimp,70,70,0,3,5,1,0,70,0,0
v29,55530747,93504904,0,Alakazam,cc38cb450b86770a,8,1072,Powerful Hand,743,Alakazam,647,Marnie's Morgrem,100,100,0,4,4,1,0,100,0,0
v29,55530747,93504904,0,Alakazam,cc38cb450b86770a,8,1072,Powerful Hand,743,Alakazam,647,Marnie's Morgrem,100,100,0,4,4,1,0,100,0,0
v22_e,55542305,93507293,1,Grimmsnarl (mirror),9714ab5c3996f6cc,6,937,Shadow Bullet,648,Marnie's Grimmsnarl ex,648,Marnie's Grimmsnarl ex,320,320,2,8,5,2,0,320,0,0
v22_e,55542305,93507293,1,Grimmsnarl (mirror),9714ab5c3996f6cc,6,937,Shadow Bullet,648,Marnie's Grimmsnarl ex,648,Marnie's Grimmsnarl ex,320,320,2,8,5,2,0,320,0,0
v22_e,55542305,93507293,1,Grimmsnarl (mirror),9714ab5c3996f6cc,6,937,Shadow Bullet,648,Marnie's Grimmsnarl ex,648,Marnie's Grimmsnarl ex,320,320,2,8,5,2,0,320,0,0
v22_e,55542305,93507293,1,Grimmsnarl (mirror),9714ab5c3996f6cc,10,937,Shadow Bullet,648,Marnie's Grimmsnarl ex,648,Marnie's Grimmsnarl ex,310,320,2,6,5,2,0,320,-10,0
v22_e,55542305,93507293,1,Grimmsnarl (mirror),9714ab5c3996f6cc,10,937,Shadow Bullet,648,Marnie's Grimmsnarl ex,648,Marnie's Grimmsnarl ex,310,320,2,6,5,2,0,320,-10,0
v22_e,55542305,93507293,1,Grimmsnarl (mirror),9714ab5c3996f6cc,12,937,Shadow Bullet,648,Marnie's Grimmsnarl ex,648,Marnie's Grimmsnarl ex,310,320,2,8,5,2,0,320,-10,0
v22_e,55542305,93507293,1,Grimmsnarl (mirror),9714ab5c3996f6cc,12,937,Shadow Bullet,648,Marnie's Grimmsnarl ex,648,Marnie's Grimmsnarl ex,310,320,2,8,5,2,0,320,-10,0
v22_e,55542305,93507384,1,other: Cynthia's Garchomp ex,daff2ed17de6145d,7,531,Corkscrew Dive,381,Cynthia's Garchomp ex,648,Marnie's Grimmsnarl ex,310,320,2,2,5,1,0,310,0,0
v22_e,55542305,93507384,1,other: Cynthia's Garchomp ex,daff2ed17de6145d,7,531,Corkscrew Dive,381,Cynthia's Garchomp ex,648,Marnie's Grimmsnarl ex,310,320,2,2,5,1,0,310,0,0
v22_e,55542305,93507384,1,other: Cynthia's Garchomp ex,daff2ed17de6145d,9,531,Corkscrew Dive,381,Cynthia's Garchomp ex,648,Marnie's Grimmsnarl ex,220,320,2,5,5,1,0,220,0,0
v22_e,55542305,93507384,1,other: Cynthia's Garchomp ex,daff2ed17de6145d,11,531,Corkscrew Dive,381,Cynthia's Garchomp ex,648,Marnie's Grimmsnarl ex,130,320,2,7,5,1,0,130,0,0
v22_e,55542305,93507384,1,other: Cynthia's Garchomp ex,daff2ed17de6145d,11,531,Corkscrew Dive,381,Cynthia's Garchomp ex,648,Marnie's Grimmsnarl ex,130,320,2,7,5,2,0,0,130,1
v22_e,55542305,93508266,1,Grimmsnarl (mirror),9714ab5c3996f6cc,6,937,Shadow Bullet,648,Marnie's Grimmsnarl ex,648,Marnie's Grimmsnarl ex,300,320,2,4,4,2,0,310,-10,0
v22_e,55542305,93508266,1,Grimmsnarl (mirror),9714ab5c3996f6cc,6,937,Shadow Bullet,648,Marnie's Grimmsnarl ex,648,Marnie's Grimmsnarl ex,300,320,2,2,4,2,0,310,-10,0
v22_e,55542305,93509176,1,Kangaskhan / Crustle,cacefd555123e6e8,7,479,Superb Scissors,345,Crustle,648,Marnie's Grimmsnarl ex,310,320,2,6,5,3,2,310,0,0
v22_e,55542305,93510069,1,Alakazam,65980f1c1e35b45d,2,1070,Teleportation Attack,741,Abra,646,Marnie's Impidimp,70,70,0,5,2,1,0,60,10,0
v22_e,55542305,93510069,1,Alakazam,65980f1c1e35b45d,4,1071,Super Psy Bolt,742,Kadabra,104,Froslass,90,90,0,3,3,1,0,90,0,0
v22_e,55542305,93510069,1,Alakazam,65980f1c1e35b45d,4,1071,Super Psy Bolt,742,Kadabra,104,Froslass,90,90,0,3,3,1,0,90,0,0
v22_e,55542305,93510069,1,Alakazam,65980f1c1e35b45d,4,1071,Super Psy Bolt,742,Kadabra,104,Froslass,90,90,0,3,3,1,0,90,0,0
v22_e,55542305,93510069,1,Alakazam,65980f1c1e35b45d,4,1071,Super Psy Bolt,742,Kadabra,104,Froslass,90,90,0,3,3,1,0,90,0,0
v22_e,55542305,93510069,1,Alakazam,65980f1c1e35b45d,4,1071,Super Psy Bolt,742,Kadabra,104,Froslass,90,90,0,3,3,1,0,90,0,0
v22_e,55542305,93510069,1,Alakazam,65980f1c1e35b45d,4,1071,Super Psy Bolt,742,Kadabra,104,Froslass,90,90,0,3,3,1,0,90,0,0
v22_e,55542305,93510069,1,Alakazam,65980f1c1e35b45d,6,1072,Powerful Hand,743,Alakazam,648,Marnie's Grimmsnarl ex,280,320,2,5,3,1,0,280,0,0
v22_e,55542305,93510069,1,Alakazam,65980f1c1e35b45d,6,1072,Powerful Hand,743,Alakazam,648,Marnie's Grimmsnarl ex,280,320,2,5,3,1,0,290,-10,0
v22_e,55542305,93510069,1,Alakazam,65980f1c1e35b45d,8,1072,Powerful Hand,743,Alakazam,648,Marnie's Grimmsnarl ex,310,320,2,6,3,1,0,310,0,0
v22_e,55542305,93510069,1,Alakazam,65980f1c1e35b45d,8,1072,Powerful Hand,743,Alakazam,648,Marnie's Grimmsnarl ex,310,320,2,3,3,1,0,310,0,0
v22_e,55542305,93510069,1,Alakazam,65980f1c1e35b45d,10,1070,Teleportation Attack,741,Abra,648,Marnie's Grimmsnarl ex,270,320,2,4,4,1,0,270,0,0
v22_e,55542305,93510069,1,Alakazam,65980f1c1e35b45d,10,1070,Teleportation Attack,741,Abra,648,Marnie's Grimmsnarl ex,270,320,2,4,4,1,0,260,10,0
v22_e,55542305,93510958,1,Grimmsnarl (mirror),9714ab5c3996f6cc,6,937,Shadow Bullet,648,Marnie's Grimmsnarl ex,648,Marnie's Grimmsnarl ex,300,320,2,9,5,2,0,300,0,0
v22_e,55542305,93510958,1,Grimmsnarl (mirror),9714ab5c3996f6cc,8,937,Shadow Bullet,648,Marnie's Grimmsnarl ex,648,Marnie's Grimmsnarl ex,110,320,2,2,5,2,0,130,-20,0
v22_e,55542305,93510958,1,Grimmsnarl (mirror),9714ab5c3996f6cc,10,937,Shadow Bullet,648,Marnie's Grimmsnarl ex,648,Marnie's Grimmsnarl ex,250,320,2,5,5,2,0,270,-20,0
v22_e,55542305,93510958,1,Grimmsnarl (mirror),9714ab5c3996f6cc,10,937,Shadow Bullet,648,Marnie's Grimmsnarl ex,648,Marnie's Grimmsnarl ex,250,320,2,5,5,2,0,270,-20,0
v22_e,55542305,93510958,1,Grimmsnarl (mirror),9714ab5c3996f6cc,10,937,Shadow Bullet,648,Marnie's Grimmsnarl ex,648,Marnie's Grimmsnarl ex,250,320,2,5,5,2,0,270,-20,0
v22_e,55542305,93511860,1,Mega Lucario,5b59db5b2610a498,2,464,Quick Attack,333,Riolu,860,Snorunt,70,70,1,3,4,1,0,70,0,0
v22_e,55542305,93511860,1,Mega Lucario,5b59db5b2610a498,2,464,Quick Attack,333,Riolu,860,Snorunt,70,70,1,3,4,1,0,70,0,0
v22_e,55542305,93511860,1,Mega Lucario,5b59db5b2610a498,2,464,Quick Attack,333,Riolu,860,Snorunt,70,70,1,3,4,1,0,60,10,0
v22_e,55542305,93511860,1,Mega Lucario,5b59db5b2610a498,2,464,Quick Attack,333,Riolu,860,Snorunt,70,70,1,3,4,1,0,60,10,0
v22_e,55542305,93511860,1,Mega Lucario,5b59db5b2610a498,4,982,Aura Jab,678,Mega Lucario ex,646,Marnie's Impidimp,70,70,1,4,4,2,0,70,0,0
v22_e,55542305,93511860,1,Mega Lucario,5b59db5b2610a498,6,982,Aura Jab,678,Mega Lucario ex,648,Marnie's Grimmsnarl ex,320,320,2,1,4,3,0,50,270,0
v22_e,55542305,93511860,1,Mega Lucario,5b59db5b2610a498,6,983,Mega Brave,678,Mega Lucario ex,648,Marnie's Grimmsnarl ex,320,320,2,1,4,3,0,50,270,0
v22_e,55542305,93511860,1,Mega Lucario,5b59db5b2610a498,8,982,Aura Jab,678,Mega Lucario ex,648,Marnie's Grimmsnarl ex,110,320,2,4,5,1,0,110,0,0
v22_e,55542305,93511860,1,Mega Lucario,5b59db5b2610a498,10,982,Aura Jab,678,Mega Lucario ex,648,Marnie's Grimmsnarl ex,310,320,3,2,4,2,0,30,280,0
v22_e,55542305,93511860,1,Mega Lucario,5b59db5b2610a498,10,983,Mega Brave,678,Mega Lucario ex,648,Marnie's Grimmsnarl ex,310,320,3,2,4,2,0,30,280,0
v22_e,55542305,93512757,0,Grimmsnarl (mirror),9714ab5c3996f6cc,6,937,Shadow Bullet,648,Marnie's Grimmsnarl ex,648,Marnie's Grimmsnarl ex,320,320,4,2,4,2,0,320,0,0
v22_e,55542305,93512757,0,Grimmsnarl (mirror),9714ab5c3996f6cc,6,937,Shadow Bullet,648,Marnie's Grimmsnarl ex,648,Marnie's Grimmsnarl ex,320,320,4,2,4,2,0,320,0,0
v22_e,55542305,93512757,0,Grimmsnarl (mirror),9714ab5c3996f6cc,8,937,Shadow Bullet,648,Marnie's Grimmsnarl ex,648,Marnie's Grimmsnarl ex,320,320,4,4,4,2,0,320,0,0
v22_e,55542305,93512757,0,Grimmsnarl (mirror),9714ab5c3996f6cc,8,937,Shadow Bullet,648,Marnie's Grimmsnarl ex,648,Marnie's Grimmsnarl ex,320,320,4,4,4,2,0,320,0,0
v22_e,55542305,93512757,0,Grimmsnarl (mirror),9714ab5c3996f6cc,12,937,Shadow Bullet,648,Marnie's Grimmsnarl ex,648,Marnie's Grimmsnarl ex,170,320,2,6,5,2,0,170,0,0
v22_e,55542305,93512757,0,Grimmsnarl (mirror),9714ab5c3996f6cc,14,937,Shadow Bullet,648,Marnie's Grimmsnarl ex,648,Marnie's Grimmsnarl ex,320,320,1,4,5,2,0,320,0,0
v22_e,55542305,93513638,0,Grimmsnarl (mirror),9714ab5c3996f6cc,8,937,Shadow Bullet,648,Marnie's Grimmsnarl ex,648,Marnie's Grimmsnarl ex,320,320,2,3,4,2,0,320,0,0
v22_e,55542305,93513638,0,Grimmsnarl (mirror),9714ab5c3996f6cc,8,937,Shadow Bullet,648,Marnie's Grimmsnarl ex,648,Marnie's Grimmsnarl ex,320,320,2,3,4,2,0,320,0,0
v22_e,55542305,93513638,0,Grimmsnarl (mirror),9714ab5c3996f6cc,8,937,Shadow Bullet,648,Marnie's Grimmsnarl ex,648,Marnie's Grimmsnarl ex,320,320,2,3,4,2,0,320,0,0
v22_e,55542305,93513638,0,Grimmsnarl (mirror),9714ab5c3996f6cc,10,937,Shadow Bullet,648,Marnie's Grimmsnarl ex,648,Marnie's Grimmsnarl ex,140,320,2,4,3,2,0,140,0,0
v22_e,55542305,93514531,0,other: Conkeldurr,d9f935d23302a6f4,4,188,Trifrost,163,Slowking,646,Marnie's Impidimp,70,70,1,5,4,2,0,70,0,0
v22_e,55542305,93514531,0,other: Conkeldurr,d9f935d23302a6f4,10,188,Trifrost,163,Slowking,112,Munkidori,100,110,1,0,4,2,0,110,-10,0
v22_e,55542305,93515432,0,other: Hydrapple ex,f39b7a1dd837f526,5,115,Do the Wave,93,Dipplin,646,Marnie's Impidimp,70,70,1,4,3,1,5,70,0,0
v22_e,55542305,93515432,0,other: Hydrapple ex,f39b7a1dd837f526,5,115,Do the Wave,93,Dipplin,646,Marnie's Impidimp,70,70,1,4,3,1,5,70,0,0
v22_e,55542305,93515432,0,other: Hydrapple ex,f39b7a1dd837f526,7,195,Syrup Storm,150,Hydrapple ex,104,Froslass,90,90,0,4,2,3,8,,,1
v22_e,55542305,93515432,0,other: Hydrapple ex,f39b7a1dd837f526,9,195,Syrup Storm,150,Hydrapple ex,648,Marnie's Grimmsnarl ex,320,320,2,4,4,3,7,320,0,0
v22_e,55542305,93515432,0,other: Hydrapple ex,f39b7a1dd837f526,9,195,Syrup Storm,150,Hydrapple ex,648,Marnie's Grimmsnarl ex,320,320,2,2,4,3,7,320,0,0
v22_e,55542305,93515432,0,other: Hydrapple ex,f39b7a1dd837f526,9,195,Syrup Storm,150,Hydrapple ex,648,Marnie's Grimmsnarl ex,320,320,2,2,4,3,7,320,0,0
v22_e,55542305,93515432,0,other: Hydrapple ex,f39b7a1dd837f526,9,195,Syrup Storm,150,Hydrapple ex,648,Marnie's Grimmsnarl ex,320,320,2,2,4,4,8,320,0,0
v22_e,55542305,93515432,0,other: Hydrapple ex,f39b7a1dd837f526,11,195,Syrup Storm,150,Hydrapple ex,112,Munkidori,110,110,0,4,5,4,9,110,0,0
v22_e,55542305,93515432,0,other: Hydrapple ex,f39b7a1dd837f526,13,120,Myriad Leaf Shower,96,Teal Mask Ogerpon ex,648,Marnie's Grimmsnarl ex,320,320,2,5,4,8,12,320,0,0
v22_e,55542305,93516324,1,Dragapult,42972e2eccd5e0aa,2,323,Itchy Pollen,235,Budew,860,Snorunt,70,70,0,3,4,0,0,70,0,0
v22_e,55542305,93516324,1,Dragapult,42972e2eccd5e0aa,2,323,Itchy Pollen,235,Budew,860,Snorunt,70,70,0,3,4,1,0,60,10,0
v22_e,55542305,93516324,1,Dragapult,42972e2eccd5e0aa,4,323,Itchy Pollen,235,Budew,860,Snorunt,60,70,1,1,4,0,0,60,0,0
v22_e,55542305,93517224,0,Mega Lopunny / Froslass,a7ee29914c1dce64,5,1225,Gale Thrust,849,Mega Lopunny ex,646,Marnie's Impidimp,70,70,0,3,3,1,0,70,0,0
v22_e,55542305,93517224,0,Mega Lopunny / Froslass,a7ee29914c1dce64,7,1225,Gale Thrust,849,Mega Lopunny ex,648,Marnie's Grimmsnarl ex,320,320,2,1,3,1,0,320,0,0
v22_e,55542305,93517224,0,Mega Lopunny / Froslass,a7ee29914c1dce64,7,1225,Gale Thrust,849,Mega Lopunny ex,648,Marnie's Grimmsnarl ex,320,320,2,1,3,1,0,320,0,0
v22_e,55542305,93517224,0,Mega Lopunny / Froslass,a7ee29914c1dce64,9,1225,Gale Thrust,849,Mega Lopunny ex,648,Marnie's Grimmsnarl ex,150,320,2,2,3,1,0,150,0,0
v22_e,55542305,93517224,0,Mega Lopunny / Froslass,a7ee29914c1dce64,13,1240,Resentful Refrain,861,Mega Froslass ex,647,Marnie's Morgrem,100,100,0,1,2,1,0,100,0,0
v22_e,55542305,93518125,1,Grimmsnarl (mirror),9714ab5c3996f6cc,4,937,Shadow Bullet,648,Marnie's Grimmsnarl ex,648,Marnie's Grimmsnarl ex,320,320,2,2,3,2,0,320,0,0
v22_e,55542305,93518125,1,Grimmsnarl (mirror),9714ab5c3996f6cc,4,937,Shadow Bullet,648,Marnie's Grimmsnarl ex,648,Marnie's Grimmsnarl ex,320,320,2,2,3,2,0,320,0,0
v22_e,55542305,93518125,1,Grimmsnarl (mirror),9714ab5c3996f6cc,4,937,Shadow Bullet,648,Marnie's Grimmsnarl ex,648,Marnie's Grimmsnarl ex,320,320,2,2,3,2,0,320,0,0
v22_e,55542305,93518125,1,Grimmsnarl (mirror),9714ab5c3996f6cc,6,937,Shadow Bullet,648,Marnie's Grimmsnarl ex,648,Marnie's Grimmsnarl ex,320,320,3,2,4,2,0,320,0,0
v22_e,55542305,93518125,1,Grimmsnarl (mirror),9714ab5c3996f6cc,6,937,Shadow Bullet,648,Marnie's Grimmsnarl ex,648,Marnie's Grimmsnarl ex,320,320,3,2,4,2,0,320,0,0
v22_e,55542305,93518125,1,Grimmsnarl (mirror),9714ab5c3996f6cc,6,937,Shadow Bullet,648,Marnie's Grimmsnarl ex,648,Marnie's Grimmsnarl ex,320,320,3,2,4,2,0,320,0,0
v22_e,55542305,93518125,1,Grimmsnarl (mirror),9714ab5c3996f6cc,8,937,Shadow Bullet,648,Marnie's Grimmsnarl ex,648,Marnie's Grimmsnarl ex,140,320,3,4,4,2,0,140,0,0
v22_e,55542305,93518125,1,Grimmsnarl (mirror),9714ab5c3996f6cc,10,937,Shadow Bullet,648,Marnie's Grimmsnarl ex,648,Marnie's Grimmsnarl ex,140,320,0,6,3,2,0,0,140,1
v22_e,55542305,93518125,1,Grimmsnarl (mirror),9714ab5c3996f6cc,12,937,Shadow Bullet,648,Marnie's Grimmsnarl ex,112,Munkidori,110,110,1,8,3,2,0,0,110,1
v22_e,55542305,93519032,1,Grimmsnarl (mirror),9714ab5c3996f6cc,4,937,Shadow Bullet,648,Marnie's Grimmsnarl ex,648,Marnie's Grimmsnarl ex,320,320,2,6,5,2,0,320,0,0
v22_e,55542305,93519032,1,Grimmsnarl (mirror),9714ab5c3996f6cc,8,937,Shadow Bullet,648,Marnie's Grimmsnarl ex,648,Marnie's Grimmsnarl ex,320,320,2,7,5,2,0,320,0,0
v22_e,55542305,93519032,1,Grimmsnarl (mirror),9714ab5c3996f6cc,10,937,Shadow Bullet,648,Marnie's Grimmsnarl ex,648,Marnie's Grimmsnarl ex,220,320,2,6,5,2,0,230,-10,0
v22_e,55542305,93519916,0,other: Team Rocket's Mewtwo ex,27f3980c09f1850d,7,560,Rocket Rush,401,Team Rocket's Spidops,648,Marnie's Grimmsnarl ex,310,320,2,3,5,2,1,320,-10,0
v22_e,55542305,93520826,0,Grimmsnarl (mirror),9714ab5c3996f6cc,4,934,Filch,646,Marnie's Impidimp,646,Marnie's Impidimp,70,70,0,5,5,1,0,70,0,0
v22_e,55542305,93520826,0,Grimmsnarl (mirror),9714ab5c3996f6cc,4,934,Filch,646,Marnie's Impidimp,646,Marnie's Impidimp,70,70,0,5,5,1,0,70,0,0
v22_e,55542305,93520826,0,Grimmsnarl (mirror),9714ab5c3996f6cc,6,937,Shadow Bullet,648,Marnie's Grimmsnarl ex,646,Marnie's Impidimp,70,70,0,6,5,2,0,70,0,0
v22_e,55542305,93520826,0,Grimmsnarl (mirror),9714ab5c3996f6cc,12,937,Shadow Bullet,648,Marnie's Grimmsnarl ex,647,Marnie's Morgrem,100,100,0,4,4,2,0,100,0,0
v22_e,55542305,93521776,1,Grimmsnarl (mirror),21c3f20980827cb2,13,937,Shadow Bullet,648,Marnie's Grimmsnarl ex,648,Marnie's Grimmsnarl ex,200,320,0,4,5,2,0,20,180,0
v22_e,55542305,93521776,1,Grimmsnarl (mirror),21c3f20980827cb2,15,937,Shadow Bullet,648,Marnie's Grimmsnarl ex,648,Marnie's Grimmsnarl ex,20,320,0,5,5,2,0,20,0,0
v22_e,55542305,93521776,1,Grimmsnarl (mirror),21c3f20980827cb2,17,937,Shadow Bullet,648,Marnie's Grimmsnarl ex,648,Marnie's Grimmsnarl ex,290,320,2,6,5,2,0,290,0,0
v22_e,55542305,93521776,1,Grimmsnarl (mirror),21c3f20980827cb2,17,937,Shadow Bullet,648,Marnie's Grimmsnarl ex,648,Marnie's Grimmsnarl ex,290,320,2,6,5,2,0,110,180,0
v22_e,55542305,93522633,0,Alakazam,b1f287b8d98881f8,5,1072,Powerful Hand,743,Alakazam,648,Marnie's Grimmsnarl ex,310,320,2,2,4,1,0,310,0,0
v22_e,55542305,93522633,0,Alakazam,b1f287b8d98881f8,5,1072,Powerful Hand,743,Alakazam,648,Marnie's Grimmsnarl ex,310,320,2,2,4,1,0,310,0,0
v22_e,55542305,93523546,1,Alakazam,cc38cb450b86770a,8,1072,Powerful Hand,743,Alakazam,648,Marnie's Grimmsnarl ex,320,320,2,6,5,1,0,320,0,0
v22_e,55542305,93523546,1,Alakazam,cc38cb450b86770a,10,1072,Powerful Hand,743,Alakazam,860,Snorunt,70,70,0,6,5,1,0,10,60,0
v22_e,55542305,93523546,1,Alakazam,cc38cb450b86770a,10,1072,Powerful Hand,743,Alakazam,860,Snorunt,70,70,0,6,5,1,0,70,0,0
v22_e,55542305,93524441,0,other: Ethan's Typhlosion,055cb642589a14a0,8,479,Superb Scissors,345,Crustle,112,Munkidori,110,110,1,7,5,3,2,,,1
v22_e,55542305,93524441,0,other: Ethan's Typhlosion,055cb642589a14a0,10,479,Superb Scissors,345,Crustle,648,Marnie's Grimmsnarl ex,320,320,2,8,4,3,2,320,0,0
v22_e,55542305,93524441,0,other: Ethan's Typhlosion,055cb642589a14a0,10,479,Superb Scissors,345,Crustle,648,Marnie's Grimmsnarl ex,320,320,2,8,4,3,2,320,0,0
v22_e,55542305,93524441,0,other: Ethan's Typhlosion,055cb642589a14a0,10,479,Superb Scissors,345,Crustle,648,Marnie's Grimmsnarl ex,320,320,2,8,4,3,2,320,0,0
v22_e,55542305,93524441,0,other: Ethan's Typhlosion,055cb642589a14a0,10,479,Superb Scissors,345,Crustle,648,Marnie's Grimmsnarl ex,320,320,2,8,4,3,2,320,0,0
v22_e,55542305,93524441,0,other: Ethan's Typhlosion,055cb642589a14a0,12,479,Superb Scissors,345,Crustle,647,Marnie's Morgrem,100,100,2,7,5,3,2,100,0,0
v22_e,55542305,93524441,0,other: Ethan's Typhlosion,055cb642589a14a0,14,490,Buddy Blast,354,Ethan's Typhlosion,648,Marnie's Grimmsnarl ex,320,320,1,5,4,1,0,320,0,0
v22_e,55542305,93524441,0,other: Ethan's Typhlosion,055cb642589a14a0,14,490,Buddy Blast,354,Ethan's Typhlosion,648,Marnie's Grimmsnarl ex,320,320,1,5,4,1,0,320,0,0
v22_e,55542305,93524441,0,other: Ethan's Typhlosion,055cb642589a14a0,18,490,Buddy Blast,354,Ethan's Typhlosion,648,Marnie's Grimmsnarl ex,320,320,0,6,3,1,0,320,0,0
v22_e,55542305,93524441,0,other: Ethan's Typhlosion,055cb642589a14a0,18,490,Buddy Blast,354,Ethan's Typhlosion,112,Munkidori,110,110,1,6,3,1,1,,,1
v22_e,55542305,93524441,0,other: Ethan's Typhlosion,055cb642589a14a0,20,490,Buddy Blast,354,Ethan's Typhlosion,648,Marnie's Grimmsnarl ex,320,320,0,5,4,1,2,320,0,0
v22_e,55542305,93525314,1,Grimmsnarl (mirror),9714ab5c3996f6cc,6,937,Shadow Bullet,648,Marnie's Grimmsnarl ex,648,Marnie's Grimmsnarl ex,320,320,2,6,4,2,0,320,0,0
v22_e,55542305,93525314,1,Grimmsnarl (mirror),9714ab5c3996f6cc,6,937,Shadow Bullet,648,Marnie's Grimmsnarl ex,648,Marnie's Grimmsnarl ex,320,320,2,6,4,2,0,320,0,0
v22_e,55542305,93525314,1,Grimmsnarl (mirror),9714ab5c3996f6cc,6,937,Shadow Bullet,648,Marnie's Grimmsnarl ex,648,Marnie's Grimmsnarl ex,320,320,2,6,4,2,0,320,0,0
v22_e,55542305,93525314,1,Grimmsnarl (mirror),9714ab5c3996f6cc,8,937,Shadow Bullet,648,Marnie's Grimmsnarl ex,648,Marnie's Grimmsnarl ex,320,320,2,10,4,3,0,320,0,0
v22_e,55542305,93525314,1,Grimmsnarl (mirror),9714ab5c3996f6cc,8,937,Shadow Bullet,648,Marnie's Grimmsnarl ex,112,Munkidori,110,110,1,2,4,3,0,0,110,1
v22_e,55542305,93525314,1,Grimmsnarl (mirror),9714ab5c3996f6cc,12,937,Shadow Bullet,648,Marnie's Grimmsnarl ex,648,Marnie's Grimmsnarl ex,110,320,2,5,3,3,0,200,-90,0
v22_e,55542305,93526216,1,Archaludon,0bef8b29715ae7d8,4,253,Metal Defender,190,Archaludon ex,112,Munkidori,110,110,1,6,4,3,0,110,0,0
v22_e,55542305,93526216,1,Archaludon,0bef8b29715ae7d8,6,224,Raging Hammer,190,Archaludon ex,648,Marnie's Grimmsnarl ex,320,320,2,4,5,3,0,320,0,0
v22_e,55542305,93526216,1,Archaludon,0bef8b29715ae7d8,8,965,Turbo Flare,666,Cinderace,648,Marnie's Grimmsnarl ex,320,320,2,7,5,1,0,270,50,0
v22_e,55542305,93526216,1,Archaludon,0bef8b29715ae7d8,10,223,Hammer In,169,Duraludon,648,Marnie's Grimmsnarl ex,300,320,2,8,5,2,0,300,0,0
v22_e,55542305,93527120,1,Mega Lopunny / Froslass,6fa64c0e3b2eb67c,7,1225,Gale Thrust,849,Mega Lopunny ex,648,Marnie's Grimmsnarl ex,320,320,2,1,4,1,0,320,0,0
v22_e,55542305,93527120,1,Mega Lopunny / Froslass,6fa64c0e3b2eb67c,7,1225,Gale Thrust,849,Mega Lopunny ex,648,Marnie's Grimmsnarl ex,320,320,2,1,4,1,0,320,0,0
v22_e,55542305,93527120,1,Mega Lopunny / Froslass,6fa64c0e3b2eb67c,7,1225,Gale Thrust,849,Mega Lopunny ex,648,Marnie's Grimmsnarl ex,320,320,2,1,4,1,0,320,0,0
v22_e,55542305,93527120,1,Mega Lopunny / Froslass,6fa64c0e3b2eb67c,9,1225,Gale Thrust,849,Mega Lopunny ex,648,Marnie's Grimmsnarl ex,150,320,2,2,5,1,0,150,0,0
v22_e,55542305,93527120,1,Mega Lopunny / Froslass,6fa64c0e3b2eb67c,11,1225,Gale Thrust,849,Mega Lopunny ex,648,Marnie's Grimmsnarl ex,310,320,2,10,5,1,0,310,0,0
v22_e,55542305,93527120,1,Mega Lopunny / Froslass,6fa64c0e3b2eb67c,11,1225,Gale Thrust,849,Mega Lopunny ex,648,Marnie's Grimmsnarl ex,310,320,2,10,5,1,0,310,0,0
v22_e,55542305,93527120,1,Mega Lopunny / Froslass,6fa64c0e3b2eb67c,11,1225,Gale Thrust,849,Mega Lopunny ex,648,Marnie's Grimmsnarl ex,310,320,2,10,5,1,0,310,0,0
v22_e,55542305,93528014,1,Grimmsnarl (mirror),9714ab5c3996f6cc,8,937,Shadow Bullet,648,Marnie's Grimmsnarl ex,648,Marnie's Grimmsnarl ex,140,320,2,2,5,2,0,140,0,0
v22_e,55542305,93528014,1,Grimmsnarl (mirror),9714ab5c3996f6cc,12,937,Shadow Bullet,648,Marnie's Grimmsnarl ex,648,Marnie's Grimmsnarl ex,320,320,2,6,4,2,0,320,0,0
v22_e,55542305,93528917,1,Archaludon,ebd4dbb270dce6a2,4,253,Metal Defender,190,Archaludon ex,648,Marnie's Grimmsnarl ex,320,320,2,4,5,3,0,320,0,0
