tree
version=v4
num_class=1
num_tree_per_iteration=1
label_index=0
max_feature_idx=236
objective=lambdarank
feature_names=turn turn_action_count first_player_is_self energy_attached retreated stadium_played supporter_played self_hand_count self_deck_count self_prize_count self_bench_count opp_hand_count opp_deck_count opp_prize_count opp_bench_count self_total_energy opp_total_energy self_total_hp opp_total_hp self_status_count opp_status_count early_game mid_game late_game deck_low_10 deck_low_5 current_powerful_hand_damage self_active_id self_active_hp self_active_max_hp self_active_damage self_active_energy self_active_special_energy self_active_tool_count self_active_appear_this_turn opp_active_id opp_active_hp opp_active_max_hp opp_active_damage opp_active_energy opp_active_special_energy opp_active_tool_count opp_active_appear_this_turn self_bench_open self_bench_min_hp self_bench_max_hp self_bench_max_energy self_bench_total_damage self_bench_damaged_count self_bench_low_hp_count opp_bench_open opp_bench_min_hp opp_bench_max_hp opp_bench_max_energy opp_bench_total_damage opp_bench_damaged_count opp_bench_low_hp_count hand_5 field_5 discard_5 opp_field_5 hand_13 field_13 discard_13 opp_field_13 hand_19 field_19 discard_19 opp_field_19 hand_66 field_66 discard_66 opp_field_66 hand_140 field_140 discard_140 opp_field_140 hand_305 field_305 discard_305 opp_field_305 hand_343 field_343 discard_343 opp_field_343 hand_741 field_741 discard_741 opp_field_741 hand_742 field_742 discard_742 opp_field_742 hand_743 field_743 discard_743 opp_field_743 hand_1079 field_1079 discard_1079 opp_field_1079 hand_1081 field_1081 discard_1081 opp_field_1081 hand_1086 field_1086 discard_1086 opp_field_1086 hand_1097 field_1097 discard_1097 opp_field_1097 hand_1129 field_1129 discard_1129 opp_field_1129 hand_1152 field_1152 discard_1152 opp_field_1152 hand_1182 field_1182 discard_1182 opp_field_1182 hand_1197 field_1197 discard_1197 opp_field_1197 hand_1225 field_1225 discard_1225 opp_field_1225 hand_1231 field_1231 discard_1231 opp_field_1231 hand_1266 field_1266 discard_1266 opp_field_1266 ready_alakazam_count has_ready_alakazam ready_active_alakazam_count has_ready_active_alakazam ready_bench_alakazam_count has_ready_backup_alakazam active_is_fezandipiti active_is_setup_wall field_route_body_count has_abra_anywhere has_bridge_anywhere has_alakazam_anywhere has_psychic_energy_in_hand complete_route_components needs_first_abra needs_stage2 needs_attacker_energy dudunsparce_engine_count dunsparce_engine_count stadium_id select_type select_context select_min_count select_max_count option_type candidate_card_id candidate_attack_id candidate_area candidate_inplay_area candidate_target_id candidate_target_hp candidate_target_max_hp candidate_target_energy candidate_target_special_energy candidate_target_appear_this_turn candidate_target_is_active candidate_target_is_bench candidate_hand_cost post_action_hand_count post_action_powerful_hand_damage current_ko_estimate post_action_ko_estimate breaks_current_ko_estimate preserves_current_ko_estimate powerful_hand_attack_option attack_lethal_estimate attack_overkill_estimate candidate_is_route_card candidate_is_abra candidate_is_kadabra candidate_is_alakazam candidate_is_rare_candy candidate_is_psychic_energy target_is_abra target_is_kadabra target_is_alakazam target_is_dunsparce target_is_dudunsparce candidate_fills_missing_abra candidate_fills_stage2 candidate_fills_energy action_type is_attack is_retreat is_end is_evolve is_ability is_energy is_boss is_xerosic is_hammer is_bench is_trainer is_other hammer_opp_active_energy_value hammer_opp_active_special_energy_value xerosic_opp_hand_value boss_opp_bench_value boss_opp_bench_low_hp_value retreat_active_damage_value retreat_status_value energy_target_existing_energy_value energy_target_is_alakazam_value energy_target_is_fezandipiti_value evolve_target_is_abra_value evolve_target_is_kadabra_value bench_early_game_value ability_low_deck_risk trainer_low_deck_risk end_has_attack_ready_penalty end_ready_active_alakazam_penalty attack_with_ready_active_alakazam retreat_to_ready_backup_value ability_repositions_to_ready_backup_value evolve_builds_active_alakazam evolve_builds_backup_alakazam
feature_infos=[1:1224] [1:31] [0:1] [0:1] [0:1] [0:1] [0:1] [0:36] [0:47] [1:6] [0:5] [0:32] [0:48] [1:6] [0:8] [0:7] [0:19] [10:910] [10:1920] [0:1] [0:1] [0:1] [0:1] [0:1] [0:1] [0:1] [0:720] -1:743:140:742:741:305:66:343 [10:210] [50:210] [0:200] [0:5] [0:4] [0:1] [0:1] -1:743:431:756:648:345:140:414:305:381:741:678:742:400:112:401:646:190:1031:93:121:647:343:344:434:676:380:432:235:861:860:506:387:666:66:169:104:58:341:1030:117:379:463:293:677:120:342:723:649:65:119:90:674:164:92:878:879:675:96:89:849:247:57:721:131:722:891:265:1071:304:673:116:108:791:184:311:163:63:229:607:272:132:303:655:269:689:828:292:848:73:174:475:122:745:817:142:271:162:31:183:299:746:150:138:37:309:474:488:1051:473:970:41:62:141:767:597:144:354:95:170:320:87:264:297:554:97:133:306:1072:42:333:352:75:109:160:227:358:408:959:1055:103:240:270:353:710:813:818:827:214:268:284:583:906:946:81:178:228:602:796:100:204:290:493:744:794:858 [10:440] [30:440] [0:420] [0:10] [0:10] [0:1] [0:1] [0:5] [0:210] [0:210] [0:6] [0:480] [0:5] [0:5] [0:8] [0:440] [0:440] [0:9] [0:980] [0:5] [0:5] [0:3] none [0:3] none [0:1] none [0:1] none [0:4] none [0:4] none [0:3] [0:3] [0:3] [0:3] [0:1] [0:1] [0:1] [0:2] [0:4] [0:4] [0:4] [0:4] [0:1] [0:1] [0:1] [0:1] [0:4] [0:4] [0:4] [0:4] [0:4] [0:4] [0:4] [0:4] [0:4] [0:4] [0:4] [0:4] [0:4] none [0:4] none [0:4] none [0:4] none [0:4] none [0:4] none [0:1] none [0:1] none [0:1] none [0:1] none [0:4] none [0:4] none [0:3] none [0:3] none [0:3] none [0:3] none [0:4] none [0:4] none [0:4] none [0:4] none [0:3] none [0:3] none [0:4] [0:1] [0:1] [0:1] [0:4] [0:1] [0:1] [0:1] [0:4] [0:1] [0:1] [0:1] [0:1] [0:4] [0:1] [0:1] [0:1] [0:3] [0:4] -1:1266:1259:1264:1247:1257:1261:1245:1244:1262:1246:1256:1252:1260:1249:1255:1253:1250:1242:1248:1254:1267:1251:1258 none none none none -1:7:8:9:14:12:13:10 -1:19:5:13:1225:1231:1152:66:743:1086:1266:1182:1197:305:742:343:140:1184:1081:1129:1079:1097:741:1247:1156:1264:1110:142:1146 -1:1072:1070:1071:423:183:76 [-1:7] [-1:5] -1:742:305:743:741:140:66:343:142 [0:210] [0:210] [0:5] [0:4] [0:1] [0:1] [0:1] [0:1] [0:35] [0:700] [0:1] [0:1] [0:1] [0:1] [0:1] [0:1] [0:620] [0:1] [0:1] [0:1] [0:1] [0:1] [0:1] [0:1] [0:1] [0:1] [0:1] [0:1] [0:1] [0:1] [0:1] -1:10:5:6:4:2:9:1:3:11:0:7 [0:1] [0:1] [0:1] [0:1] [0:1] [0:1] [0:1] [0:1] [0:1] [0:1] [0:1] none [0:8] [0:7] [0:32] [0:6] [0:5] [0:200] [0:1] [0:4] [0:1] [0:1] [0:1] [0:1] [0:1] [0:1] [0:1] [0:1] [0:1] [0:1] [0:1] [0:1] [0:1] [0:1]
tree_sizes=4205 4314 4274 3833 4305 4184 4208 4118 4264 4365 4095 4194 4036 4380 4043 4112 4253 4155 4156 4305 4197 4262 3737 4178 4131 3825 4075 4191 4055 4295 3774 3859 4198 4328 4069 4344 3816 3735 4130 4221 4149 4186 4313 4014 4070 4225 4111 3810 4105 4147

Tree=0
num_leaves=31
num_cat=10
split_feature=202 166 166 229 212 201 196 202 177 166 166 175 212 173 166 179 179 175 231 205 200 179 177 186 179 166 179 166 217 166
split_gain=186742 19661.4 15184.5 10491.1 8225.22 7885.15 14768.3 12108.3 5892.94 4939.73 4827.3 3161.13 3053.41 2485.01 2274.38 2107.94 1937.75 1927.45 1655.83 1660.52 1646.1 1581.37 1982.49 1518.87 1469.33 1401.86 1246.12 1942.29 2454.83 1810.41
threshold=0 1 2 1.0000000180025095e-35 1.0000000180025095e-35 1.0000000180025095e-35 1.0000000180025095e-35 3 1.0000000180025095e-35 4 5 1.0000000180025095e-35 1.0000000180025095e-35 1.0000000180025095e-35 6 11.500000000000002 6.5000000000000009 1.0000000180025095e-35 1.0000000180025095e-35 1.0000000180025095e-35 1.0000000180025095e-35 13.500000000000002 1.0000000180025095e-35 1.0000000180025095e-35 18.500000000000004 7 12.500000000000002 8 7.5000000000000009 9
decision_type=1 9 9 2 2 2 2 1 2 9 9 2 2 2 9 2 2 2 2 2 2 2 2 2 2 9 2 9 2 9
left_child=1 4 16 5 8 7 -7 9 20 -4 17 15 21 -13 -5 18 25 -3 19 -9 -1 22 23 -12 -10 -2 27 28 -11 -28
right_child=2 10 3 14 -6 6 -8 11 24 26 12 13 -14 -15 -16 -17 -18 -19 -20 -21 -22 -23 -24 -25 -26 -27 29 -29 -30 -31
leaf_value=0.032337669600401978 -0.0088618154850475944 0.072018987009160859 0.049035990667536736 -0.095176448296274779 -0.07941654409761334 -0.0829053512639749 0.064866132065296303 -0.061038005378837926 -0.002654309846507196 -0.047762519263264691 0.014338508859068264 -0.0013052409772608417 -0.0006181901625187127 -0.07973940350792269 -0.038259716671570583 -0.033510972140425886 -0.075674848872349737 0.096286074996651941 -0.093986297568728838 -0.033268988898905776 0.077718252777441543 0.075208540477265204 0.065776591610965149 0.05306760784604856 -0.068129582094945795 -0.060726217608915459 -0.052828850202020938 0.0015597375678399637 0.0067021236937558418 -0.012700075849820833
leaf_weight=5100.5092896231508 1977.566193037841 31737.088847228035 3454.5038153300993 6513.1708581733401 2304.7849648460979 2353.7611833494302 5999.090263336213 18868.327641431504 6006.6002332705248 5389.0057830684818 5047.0545611168782 6247.6393915395311 2520.4399517390702 1204.0867735408247 2466.8815602385148 14302.91889247064 22290.448271942994 11036.32033706049 2735.5066756728629 7537.0753776546335 3287.047724004864 8248.135384577181 9267.6828824728145 5080.668163225404 998.96855306020007 3894.1011570760747 4232.1535258562362 19332.313903952832 3357.4078640825755 8395.125193780972
leaf_count=44004 22987 256314 27924 206824 51703 101826 43389 404820 98497 59345 75036 132147 31159 29122 31618 490960 508959 42839 66764 138428 17289 87669 70870 51718 39054 78121 119226 223382 29558 136108
internal_value=0 0.0559564 -0.0360854 -0.0278525 0.00865867 -0.0233529 0.0232223 -0.0274458 0.0218541 -0.00827949 0.06743 -0.0440652 0.0520463 -0.0139842 -0.0796932 -0.0492347 -0.0689181 0.0782632 -0.0569513 -0.0531127 0.0501263 0.0568669 0.049065 0.0337695 -0.0119958 -0.04338 -0.0131551 -0.00729121 -0.0268252 -0.0262035
internal_weight=231186 90635.3 140551 112389 17697.9 103409 8352.85 95056.1 15393.1 44160.5 72937.4 50895.6 30164 7451.73 8980.05 43443.8 28162.1 42773.4 29140.9 26405.4 8387.56 27643.5 19395.4 10127.7 7005.57 5871.67 40706 28078.7 8746.41 12627.3
internal_count=3717660 866152 2851508 2241441 250547 2002999 145215 1857784 198844 595543 615605 1262241 316452 161269 238442 1100972 610067 299153 610012 543248 61293 285293 197624 126754 137551 101108 567619 312285 88903 255334
cat_boundaries=0 1 35 75 76 111 135 174 213 251 290
cat_threshold=199 0 0 0 0 0 0 0 0 0 0 8388608 0 0 0 0 0 0 0 0 0 0 0 0 128 0 0 0 0 0 0 0 0 0 33554432 8192 0 0 0 0 0 0 0 0 0 0 0 0 0 0 0 0 0 0 0 0 0 0 0 0 0 0 0 0 0 0 0 0 0 0 0 16 0 512 262144 3072 0 0 0 0 16384 0 0 0 0 0 0 0 0 0 0 0 0 0 0 0 0 0 0 0 0 0 0 0 0 0 0 0 0 8388608 4194304 0 0 4 0 0 0 0 0 0 131072 0 0 0 0 0 0 0 0 0 0 0 0 0 32 0 0 0 0 0 0 0 0 0 0 0 0 0 0 0 0 0 0 0 0 0 0 0 0 0 0 0 0 0 0 0 0 0 1073741824 0 0 1 0 32768 0 0 0 0 0 0 0 0 0 0 0 0 0 0 0 0 0 0 0 0 0 0 0 0 0 0 0 0 0 0 0 0 0 0 0 0 0 0 512 0 0 0 0 0 0 0 0 0 0 0 0 0 0 0 0 0 0 0 0 0 0 0 0 0 0 0 0 0 0 0 0 0 0 0 512 0 8192 0 0 0 0 0 0 0 0 0 0 0 0 0 0 0 0 0 0 0 0 0 0 0 0 0 0 0 0 0 0 0 0 0 0 0 0 1 0 32768
is_linear=0
shrinkage=0.05


Tree=1
num_leaves=31
num_cat=13
split_feature=202 175 229 169 166 166 173 170 166 236 231 230 175 170 168 170 166 166 205 167 233 166 182 167 170 228 173 169 182 199
split_gain=241363 69567.3 34129 37403.9 34840.5 26177.4 23739.6 16049.4 13969.6 12623 9838.08 11240.7 8356.41 9473.8 8080.82 7022.47 6863.91 6859.38 6684.07 6399.64 6172.44 5688.04 5658.87 3010.59 3243.62 11570.3 4454.51 4037.46 3880.17 2961.12
threshold=0 1.0000000180025095e-35 1.0000000180025095e-35 4.5000000000000009 1 2 1.0000000180025095e-35 3 4 1.0000000180025095e-35 1.0000000180025095e-35 1.0000000180025095e-35 1.0000000180025095e-35 5 6.0000000000000009 6 7 8 1.0000000180025095e-35 9 1.0000000180025095e-35 10 1.0000000180025095e-35 11 12 1.0000000180025095e-35 1.0000000180025095e-35 4.5000000000000009 1.0000000180025095e-35 1.0000000180025095e-35
decision_type=1 2 2 2 9 9 2 9 9 2 2 2 2 9 2 9 9 9 2 9 2 9 2 9 9 2 2 2 2 2
left_child=1 8 3 4 6 -6 7 -2 -1 14 11 15 -5 -14 19 -7 -17 -9 20 -10 -18 -4 -22 -21 25 27 29 28 -25 -26
right_child=2 -3 21 12 5 10 -8 17 9 -11 -12 -13 13 -15 -16 16 18 -19 -20 23 22 -23 -24 24 26 -27 -28 -29 -30 -31
leaf_value=-0.064726289702645351 -0.063594032898414768 0.079574733041412743 -0.087167878296950205 -0.064266948543150362 -0.0058691567742366066 0.046427234504238607 -0.067071542510178495 0.043338622687386925 -0.027372267514270833 -0.015508730715058764 -0.076001091750082947 0.02381561867274061 -0.015347597219506605 -0.069959673239165618 -0.032813344801047598 -0.020690828083138563 -0.067925467779336376 0.0049505729422206915 -0.031120063507663998 0.073988580930306871 0.031567279380525913 -0.034333069152421784 -0.069477381794710413 0.051134755375627866 0.020473072197969538 -0.072659806575019609 -0.017656773612937625 0.025696902824707647 -0.00069391339555560953 0.08065254867044519
leaf_weight=4987.2414238817291 4618.664032547269 52329.052597915754 25054.872429664945 51676.579597400269 117138.84798740456 2444.9746549568372 7652.0382450463949 43559.006999584031 6296.4454172712285 24358.800052511797 15154.451223911543 8048.4903827678645 24636.254419714212 11722.186145660118 6699.4560278957943 34973.546481410449 37392.258707352798 15895.679718863452 34910.151007623062 2915.9685754096135 3223.1038280513603 6450.8967418520479 2429.6882239282131 33926.772592400201 238575.70172657311 2687.943550220225 7694.5482405837392 77058.831021233695 4041.1219974905252 2061.3741804920137
leaf_count=51703 24204 44909 332524 590735 502276 8186 99263 90641 14903 137551 136615 28001 111610 86383 16275 260627 291816 65343 157551 2305 11180 31618 22935 39077 419921 6438 15918 109171 5831 2150
internal_value=0 0.025275 -0.0262165 -0.0224125 -0.0146335 -0.0232708 0.0161611 0.0261043 0.0183671 0.0193882 -0.0379788 -0.033313 -0.0513454 -0.0329792 0.0216143 -0.0372984 -0.039112 0.033078 -0.0473725 0.022586 -0.0605638 -0.0763892 -0.0118652 0.0234387 0.0230339 0.0298738 0.0197905 0.0322727 0.0456183 0.0209888
internal_weight=910615 463633 446982 415476 327441 255716 71725.4 64073.4 411304 406317 138577 123422 88035 36358.4 381958 115374 112929 59454.7 77955.2 375259 43045.1 31505.8 5652.79 368962 366046 117715 248332 115027 37967.9 240637
internal_count=3717660 866152 2851508 2487366 1698638 1419187 279451 180188 821243 769540 916911 780296 788728 197993 631989 752295 744109 155984 483482 615714 325931 364142 34115 600811 598506 160517 437989 154079 44908 422071
cat_boundaries=0 1 41 80 91 102 126 150 189 224 258 298 304 328
cat_threshold=199 524320 0 0 0 16384 0 0 0 0 0 0 0 0 0 0 0 0 0 0 0 0 0 0 0 0 0 0 0 0 0 0 0 0 8388608 4194816 67109376 0 0 2147483648 65536 0 0 0 0 0 0 0 0 0 0 0 0 0 0 0 0 0 0 0 0 0 0 0 0 0 0 0 0 0 0 0 0 0 1073741824 0 0 1 8193 32768 0 0 4 0 16384 0 0 0 0 131072 8388608 0 0 0 0 0 0 0 0 0 0 8388608 0 0 0 0 0 0 0 0 0 0 0 0 0 0 0 0 0 0 0 0 0 0 0 224 0 0 0 0 0 0 0 0 0 131072 8388608 0 0 0 0 0 0 0 0 0 0 0 0 32 0 0 0 0 0 0 0 0 0 0 0 0 0 0 0 0 0 0 0 0 0 0 0 0 0 0 0 0 0 0 0 0 0 0 0 0 1073741840 0 512 524320 0 0 0 16384 0 0 0 0 0 0 0 0 0 0 0 0 0 0 0 0 0 0 0 0 0 0 0 0 0 0 0 0 8388608 4194304 0 0 0 0 0 0 0 0 0 0 0 0 0 128 0 0 0 0 0 0 0 0 0 0 0 0 0 0 0 0 0 0 0 16384 0 0 0 0 0 0 0 0 0 0 0 0 0 0 0 0 0 0 0 0 0 0 0 0 0 0 0 0 0 0 0 0 0 1073741824 0 0 1 0 33280 262144 0 0 4096 0 0 8388608 0 0 0 0 4096 0 0 0 0 131072 0 0 0 0 0 0 0 0 0 0 0 0 0 64
is_linear=0
shrinkage=0.05


Tree=2
num_leaves=31
num_cat=13
split_feature=202 172 229 169 166 173 166 236 166 170 231 166 204 233 170 166 166 182 167 196 182 179 172 167 178 186 166 179 166 182
split_gain=195914 50000.7 27175.7 22270.3 24559.8 16318.2 15936.3 11823.7 10984.9 7826.2 6042.88 4728.32 5022.83 5980.11 4674.56 5247.71 4673.35 3955.46 3725 3490.8 3202.26 3092.18 3008.28 2899.74 2859.82 3366.31 2773.68 2756.97 5652.55 4719.69
threshold=0 125.00000000000001 1.0000000180025095e-35 4.5000000000000009 1 1.0000000180025095e-35 2 1.0000000180025095e-35 3 4 1.0000000180025095e-35 5 1.0000000180025095e-35 1.0000000180025095e-35 6 7 8 1.0000000180025095e-35 9 1.0000000180025095e-35 1.0000000180025095e-35 6.5000000000000009 175.00000000000003 10 1.0000000180025095e-35 1.0000000180025095e-35 11 9.5000000000000018 12 1.0000000180025095e-35
decision_type=1 2 2 2 9 2 9 2 9 9 2 9 2 2 9 9 9 2 9 2 2 2 2 9 2 2 9 2 9 2
left_child=1 7 3 4 5 9 27 8 -1 -2 11 -8 -13 -14 15 22 -4 -15 -10 20 26 -9 -5 -20 25 -25 -11 -6 29 -29
right_child=2 -3 16 14 6 -7 10 21 18 19 -12 12 13 17 -16 -17 -18 -19 23 -21 -22 -23 -24 24 -26 -27 -28 28 -30 -31
leaf_value=-0.06073836525755099 -0.063970462413023857 0.065635248947564881 -0.082794526086740927 -0.083299066224786764 -0.0028051639710064487 -0.065082590800904061 -0.063108603427141294 0.017865907209257664 -0.021050818006905451 0.041144260480403462 -0.069877250460181325 -0.023000053634992846 -0.06759352370653926 0.024394375957176542 -0.067329651262630949 -0.031054495809898004 -0.031526468164901456 -0.064751326542272433 0.074322668593091959 0.035096913925394567 -0.011408145144687076 -0.027318751127465957 -0.010587345239309619 -0.0048872376378991901 0.022952424391455752 0.018524175821463065 0.009120585301149781 -0.035259093783700561 -0.030310178805627565 0.023979905173671143
leaf_weight=4241.4746396823321 2873.1984401328955 61226.036660962971 22028.532454144617 8412.0758726211498 63779.955246239435 6690.7986587955384 11069.137013882981 4780.5504557578824 5393.6004163518082 10136.026902172714 11703.440506230691 79563.067361415946 14677.05213435943 3595.4347699512728 18800.858031656127 44900.671966984519 5622.2534131985158 1902.2438157735742 2505.5176063645631 24664.422618856188 11264.313837088645 18198.871268072748 1712.3549647815526 21465.935251902789 253176.81333801185 53928.096570453141 20330.729972276953 4831.372718233848 33173.914920328476 11054.536830148543
leaf_count=51703 20738 76655 332524 105288 182769 99263 109341 13844 14903 15863 136615 499978 136862 11180 256913 409748 31618 22935 2305 30454 43302 123707 16779 63297 419686 100052 66191 35878 234571 52698
internal_value=0 0.0238322 -0.0245325 -0.0210955 -0.0152403 0.00947984 -0.0232182 0.0167953 0.0191366 0.0166838 -0.0357052 -0.0320988 -0.0286477 -0.0509333 -0.0457853 -0.0384042 -0.0724124 -0.00645297 0.0201448 0.0201812 0.0113699 -0.0179183 -0.0709328 0.0208166 0.0204062 0.0118585 0.0197917 -0.00965894 -0.0185709 0.00595897
internal_weight=837703 424917 412786 385136 311310 75959.5 235350 363691 340711 69268.7 122510 110807 99737.8 20174.7 73826 55025.1 27650.8 5497.68 336470 66395.5 41731.1 22979.4 10124.4 331076 328571 75394 30466.8 112840 49059.8 15885.9
internal_count=3717660 866152 2851508 2487366 1698638 275811 1422827 789497 651946 176548 916911 780296 670955 170977 788728 531815 364142 34115 600243 155810 125356 137551 122067 585340 583035 163349 82054 505916 323147 88576
cat_boundaries=0 1 41 80 91 101 141 165 166 206 240 246 280 318
cat_threshold=199 524320 0 0 0 16384 0 0 0 0 0 0 0 0 0 0 0 0 0 0 0 0 0 0 0 0 0 0 0 0 0 0 0 0 8388608 4194816 67108864 0 1 2147483648 65536 0 0 0 0 0 0 0 0 0 0 0 0 0 0 0 0 0 0 0 0 0 0 0 0 0 0 0 0 0 0 0 0 0 1073741824 0 512 1 8192 32768 0 0 0 0 0 0 0 0 0 0 8388608 0 0 4 0 16384 0 0 0 0 131072 0 0 0 0 0 0 0 0 0 0 0 0 0 0 0 0 0 0 0 0 0 0 0 0 0 0 0 0 0 0 0 0 0 0 0 0 0 0 0 262144 0 0 0 0 4096 0 0 0 0 0 0 0 0 0 0 0 0 0 0 0 0 0 0 224 8192 0 0 0 0 0 0 0 0 0 0 0 0 0 0 0 0 0 0 0 0 0 0 0 0 0 0 0 0 0 0 0 0 0 1073741824 0 0 1 0 33280 262144 0 0 0 0 0 0 0 0 0 0 0 0 0 128 0 0 0 0 0 0 0 0 0 0 0 0 0 0 0 0 0 0 0 16384 0 0 4096 0 0 8388608 0 0 0 0 16384 0 0 0 0 0 0 0 0 0 0 0 0 0 0 0 0 0 0 0 0 0 0 0 0 0 0 0 0 8388608 0 0 0 0 0 0 0 0 0 0 0 0 0 0 0 0 0 0 0 0 0 0 0 0 0 0 0 0 0 0 0 0 0 0 0 512 0 8192
is_linear=0
shrinkage=0.05


Tree=3
num_leaves=31
num_cat=7
split_feature=202 175 229 169 201 202 236 173 175 188 170 231 170 179 179 213 167 179 204 233 182 179 178 187 170 170 179 182 194 213
split_gain=158260 52658.5 22203.1 18374.1 18204.6 12302.1 9954.76 7371.11 6851.39 5301.98 4547.76 4546.02 2989.33 6257.13 2838.25 4045.63 2758.54 2700.89 2588.44 4654.85 2315.86 2176.81 2100.48 2994.4 2020.7 1845.61 1835.58 1628.37 1617.82 1526.79
threshold=0 1.0000000180025095e-35 1.0000000180025095e-35 4.5000000000000009 1.0000000180025095e-35 1 1.0000000180025095e-35 1.0000000180025095e-35 1.0000000180025095e-35 1.0000000180025095e-35 2 1.0000000180025095e-35 3 19.500000000000004 10.500000000000002 1.0000000180025095e-35 4 6.5000000000000009 1.0000000180025095e-35 1.0000000180025095e-35 1.0000000180025095e-35 9.5000000000000018 1.0000000180025095e-35 1.0000000180025095e-35 5 6 17.500000000000004 1.0000000180025095e-35 1.0000000180025095e-35 1.0000000180025095e-35
decision_type=1 2 2 2 2 1 2 2 2 2 9 2 9 2 2 2 9 2 2 2 2 2 2 2 9 9 2 2 2 2
left_child=1 6 3 4 5 11 12 9 25 14 -10 18 13 27 28 -16 -14 -8 21 -20 -11 -2 23 -18 -6 -5 -13 -1 29 -7
right_child=2 -3 -4 8 24 7 17 -9 10 20 -12 26 16 -15 15 -17 22 -19 19 -21 -22 -23 -24 -25 -26 -27 -28 -29 -30 -31
leaf_value=0.048502505566378119 -0.032654531781171274 0.075842254090100147 -0.068860593140475199 -0.047618172744642306 0.029321753534775393 -0.019854198124587212 0.015078952075071381 -0.061965882293088075 -0.013618384636556017 0.032859235382279382 -0.061779777377174876 -0.076720085803546723 0.070773844541794126 -0.034135533480831863 0.0032019980295137532 -0.02819883483709399 -0.0024901610544189839 -0.026517700257852633 -0.063851250767365184 -0.0083859458146789082 -0.017150869482663724 -0.011844114852020096 0.018456635271564447 0.017201102227859838 -0.036367029952733089 -0.069762404031371461 -0.023453373585218304 0.0078891386518956264 0.019127070586984048 -0.0050793504039657418
leaf_weight=19553.960341532016 32558.515604567365 40451.264178997837 24821.967789730639 22311.315783809579 23952.519578316947 22457.418961076095 5074.1637065960094 6886.0649688072735 21473.627777038724 10085.758376348298 6349.1722651501186 8062.160717811319 2314.8731880811974 2945.9924573443132 13452.891571014654 43180.299631623086 32887.949624591507 16892.150247871876 12233.696846955689 5476.3388268701965 3004.0052434215322 20467.05419938991 236731.03870709275 46749.030261495151 1223.8868765647057 16670.65801984875 2024.2482486248482 2825.1527609587647 5654.9760482108686 78978.830051510711
leaf_count=25478 162002 44909 364142 300625 38779 97439 13844 116105 122376 15746 75617 107495 2305 10067 81315 408337 95707 123707 136862 34115 11872 153528 449393 95266 12474 290110 29120 5476 12620 280829
internal_value=0 0.0217077 -0.0231365 -0.0199534 -0.0145024 -0.0183693 0.0157246 -0.0112148 -0.0435914 -0.00923876 -0.024637 -0.0346246 0.0178084 0.034345 -0.011687 -0.0207397 0.0164926 -0.0169086 -0.0301505 -0.0467011 0.0213817 -0.0246223 0.0160931 0.00906911 0.0261248 -0.0571192 -0.0660321 0.043376 -0.00689946 -0.00835055
internal_weight=787751 406426 381325 356503 289699 264522 365974 183700 66804.8 176814 27822.8 80822 344008 25325.1 163724 56633.2 318683 21966.3 70735.6 17710 13089.8 53025.6 316368 79637 25176.4 38982 10086.4 22379.1 107091 101436
internal_count=3717660 866152 2851508 2487366 1698638 1647385 821243 1024263 788728 908158 197993 623122 683692 41021 880540 489652 642671 137551 486507 170977 27618 315530 640366 190973 51253 590735 136615 30954 390888 378268
cat_boundaries=0 1 2 26 50 56 80 104
cat_threshold=199 536 0 0 0 0 4096 0 0 0 0 0 0 0 0 0 0 0 0 0 0 0 0 0 0 224 0 0 0 0 4096 0 0 0 0 0 0 0 0 0 0 0 0 0 0 0 0 0 0 64 0 0 4096 0 0 8388608 0 0 0 0 0 0 0 0 0 0 8388608 0 0 0 0 0 0 0 0 0 0 0 0 192 0 0 4 0 4096 0 0 0 0 0 0 0 0 0 0 0 0 0 0 0 0 0 0 192
is_linear=0
shrinkage=0.05


Tree=4
num_leaves=31
num_cat=13
split_feature=202 175 229 177 166 166 173 166 170 175 166 170 231 230 170 166 170 176 228 172 228 179 182 167 167 217 182 166 179 223
split_gain=127252 47380.4 18483.3 15675.5 19956.1 11242.4 9964.84 8928.95 6136.06 5429.41 3888.14 3780.81 3460.8 6707.37 3439.27 3501.98 3376.45 7996.57 3429.11 4353.31 2899.13 3634.75 2473.65 2434.58 2348.26 2227.48 2981.12 2631.83 2097.15 2000.76
threshold=0 1.0000000180025095e-35 1.0000000180025095e-35 1.0000000180025095e-35 1 2 1.0000000180025095e-35 3 4 1.0000000180025095e-35 5 6 1.0000000180025095e-35 1.0000000180025095e-35 7 8 9 1.0000000180025095e-35 1.0000000180025095e-35 175.00000000000003 1.0000000180025095e-35 6.5000000000000009 1.0000000180025095e-35 10 11 8.5000000000000018 1.0000000180025095e-35 12 20.500000000000004 1.0000000180025095e-35
decision_type=1 2 2 2 9 9 2 9 9 2 9 9 2 2 9 9 9 2 2 2 2 2 2 9 9 2 2 9 2 2
left_child=2 7 3 4 6 25 8 -2 -1 -5 -4 -11 13 14 -7 -16 17 20 19 23 21 -9 -21 -18 -25 27 -27 -6 -19 -10
right_child=1 -3 10 9 5 12 -8 16 29 11 -12 -13 -14 -15 15 -17 18 28 -20 22 -22 -23 -24 24 -26 26 -28 -29 -30 -31
leaf_value=-0.053484211236969038 -0.060422160366452204 0.073270840449737085 -0.075851357815091724 -0.054048614194932398 -0.0048252722770766015 0.024328670681492769 -0.057896493920142594 0.014972973295202467 0.011633538938096669 -0.013204702490856394 -0.023156203396010468 -0.055772159882574494 -0.062317917104721378 0.017799847888600864 -0.05820895587283046 -0.030768209745234816 0.068744745367006352 0.037933161896014152 -0.057293619172521695 0.069680338107323145 0.041493598121021574 -0.029909727033018592 0.013361283851366888 -0.020296527765761758 0.016129069381867145 -0.019412947979161377 0.04013936248206567 -0.022110137561402534 -0.028954516757308226 0.030343482077814583
leaf_weight=3069.3939167344943 3975.5229212307604 37221.618258701172 17948.978380785382 35475.820501958427 56753.663806612312 2498.9317809646018 5008.1982868144987 5908.1867676367983 36860.265973878442 20028.415997173288 4386.9586139750318 7054.1249204281485 8957.3777388781891 6866.2635121797211 13844.432953879295 73625.96821040567 2160.7284028329886 12870.889200621285 1561.2495018308982 6019.5864411867224 2128.285458994098 19066.569059800124 2884.3692059530877 4484.9695347929373 296041.30259021552 3632.1027283209842 4985.1237476388924 35997.198524469335 1288.7925180401653 23335.834080540109
leaf_count=24204 51703 44909 332524 590735 263100 8186 99263 15065 121890 111610 31618 86383 136615 28001 154954 589155 2305 16791 6983 6756 2731 131593 5831 14903 560494 17071 16645 209100 6088 30454
internal_value=0 0.019578 -0.021495 -0.0185844 -0.0134526 -0.0211783 0.00999075 0.014002 0.0153669 -0.0411784 -0.0655469 -0.0243186 -0.0325802 -0.0298325 -0.0334678 -0.0351179 0.0148382 0.00139152 0.0166099 0.0169809 -0.0145176 -0.0192917 0.0514385 0.0159672 0.0155848 -0.00927654 0.0150382 -0.0115367 0.031844 0.0188838
internal_weight=755941 395612 360329 337993 275435 207161 68273.7 358390 63265.5 62558.4 22335.9 27082.5 105793 96835.6 89969.3 87470.4 354415 41262.7 313152 311591 27103 24974.8 8903.96 302687 300526 101368 8617.23 92750.9 14159.7 60196.1
internal_count=3717660 866152 2851508 2487366 1698638 1422827 275811 821243 176548 788728 364142 197993 916911 780296 752295 744109 769540 172268 597272 590289 149389 146658 12587 577702 575397 505916 33716 472200 22879 152344
cat_boundaries=0 1 41 80 91 102 142 166 190 230 254 260 294 331
cat_threshold=3640 524320 0 0 0 16384 0 0 0 0 0 0 0 0 0 0 0 0 0 0 0 0 0 0 0 0 0 0 0 0 0 0 0 0 8388608 4194816 67108864 0 1 2147483648 65536 0 0 0 0 0 0 0 0 0 0 0 0 0 0 0 0 0 0 0 0 0 0 0 0 0 0 0 0 0 0 0 0 0 1073741824 0 512 1 8192 32768 0 0 0 0 0 0 0 0 0 0 8388608 0 0 4 0 16384 0 0 0 0 131072 8388608 0 0 0 0 0 0 0 0 0 0 0 0 0 0 0 0 0 0 0 0 0 0 0 0 0 0 0 0 0 0 0 0 0 1073741824 0 0 1 0 33280 262144 0 0 0 0 0 0 0 0 0 0 0 0 0 0 0 0 0 0 0 0 0 0 0 224 0 0 0 0 0 0 0 0 0 131072 8388608 0 0 0 0 0 0 0 0 0 0 0 0 32 8192 0 0 0 0 0 0 0 0 0 0 0 0 0 0 0 0 0 0 0 0 0 0 0 0 0 0 0 0 0 0 0 0 0 0 0 0 0 0 262144 0 0 4 0 0 0 0 0 0 0 0 0 0 0 0 0 0 0 0 0 0 0 0 64 0 0 4096 0 0 8388608 0 0 0 0 0 0 0 0 0 0 0 0 0 128 0 0 0 0 0 0 0 0 0 0 0 0 0 0 0 0 0 0 0 16384 0 0 0 0 0 0 0 0 0 0 0 0 0 0 0 0 0 0 0 0 0 0 0 0 0 0 0 0 0 0 0 0 0 1073741824 0 512 1
is_linear=0
shrinkage=0.05


Tree=5
num_leaves=31
num_cat=11
split_feature=202 175 229 166 176 166 173 166 196 166 170 166 231 173 196 179 213 230 219 166 182 167 166 182 168 166 173 200 191 169
split_gain=105007 42722.1 16210.6 13908.4 14743.6 11780.5 9468.59 6890.99 3983.67 3925.14 5414.91 3280.03 3263.36 3239.72 3222.6 3165.32 4864.5 3162.83 3107.21 2749.83 2708.95 2335.97 2302.76 2210.98 2563.88 2060.31 1824.41 1719.7 4325.86 3189.64
threshold=0 1.0000000180025095e-35 1.0000000180025095e-35 1 1.0000000180025095e-35 2 1.0000000180025095e-35 3 1.0000000180025095e-35 4 5 6 1.0000000180025095e-35 1.0000000180025095e-35 1.0000000180025095e-35 11.500000000000002 1.0000000180025095e-35 1.0000000180025095e-35 1.5000000000000002 7 1.0000000180025095e-35 8 9 1.0000000180025095e-35 4.5000000000000009 10 1.0000000180025095e-35 1.0000000180025095e-35 1.0000000180025095e-35 4.5000000000000009
decision_type=1 2 2 9 2 9 2 9 2 9 9 9 2 2 2 2 2 2 2 9 2 9 9 2 2 9 2 2 2 2
left_child=1 7 3 25 5 15 8 -1 -6 -7 26 -4 13 14 17 18 20 -12 -5 -10 -17 -9 23 24 -23 -2 -11 28 -24 -29
right_child=2 -3 11 4 6 9 -8 21 19 10 12 -13 -14 -15 -16 16 -18 -19 -20 -21 -22 22 27 -25 -26 -27 -28 29 -30 -31
leaf_value=-0.056634582375160294 0.02405523273804068 0.070727506207903953 -0.072957647269536963 -0.0046389661775887514 -0.0064553233706765526 -0.057088458647246737 -0.05573477460951437 0.066447583102003549 -0.059652730730497108 -0.070182780540238188 -0.030962900719536519 -0.023169475895215494 -0.059562277726999041 -0.074178610805929149 0.0078096573131786187 -0.039463144919354765 -0.04633735889489831 0.0046796400961595635 -0.044182858779999078 0.028480045933000377 0.0064964783252921933 0.019308086548501427 0.010162434233532917 0.010478154753136409 0.048762246388033129 0.00053908632884578495 0.0018626642722315723 0.036336317101729909 -0.016122153098539475 -0.020208964453125432
leaf_weight=3549.0724418447353 12040.248087910004 34708.064321839716 16646.913399429526 58379.565743851883 17309.12492076261 21787.379766637518 5942.7610067257192 2045.6139226688538 911.97456890554167 11470.287910266721 63744.323524760781 4168.8584719218197 8131.6430902280263 3390.6200833619805 7119.6770226934459 4558.3249281826429 16327.995975494676 6897.215713061858 5429.2563233512919 22842.346161796944 10805.103185175685 97481.458918429213 129532.29047904757 78997.010815979913 7994.3063111221418 41030.89149389707 951.44361611956265 12063.054519436089 17804.533484312124 3143.4387663358357
leaf_count=51703 27924 44909 332524 248546 80020 299919 118771 2305 11136 236254 567418 31618 136615 62008 48830 45370 210220 28001 43319 30541 78468 152228 301190 140272 13998 201838 12168 17289 117192 25066
internal_value=0 0.0177983 -0.0202821 -0.0174935 -0.0221559 -0.0276105 0.00325106 0.0125888 0.0117883 -0.0378084 -0.0336726 -0.0630336 -0.029361 -0.0263379 -0.0242514 -0.0144179 -0.0273359 -0.0274828 -0.00800401 0.0250819 -0.00714024 0.0132939 0.0129786 0.0168026 0.0215408 0.00587799 -0.0646122 0.00863786 0.00698606 0.0246468
internal_weight=727205 387319 339886 319070 265999 218993 47006.2 352611 41063.4 123493 101705 20815.8 89283.5 81151.8 77761.2 95500.2 31691.4 70641.5 63808.8 23754.3 15363.4 349062 347016 184473 105476 53071.1 12421.7 162543 147337 15206.5
internal_count=3717660 866152 2851508 2487366 2257604 2017136 240468 821243 121697 1391213 1091294 364142 842872 706257 644249 625923 334058 595419 291865 41677 123838 769540 767235 306498 166226 229762 248422 460737 418382 42355
cat_boundaries=0 1 41 80 91 131 142 182 183 189 213 248
cat_threshold=199 0 0 0 0 16384 0 0 0 0 0 0 0 0 0 0 0 0 0 0 0 0 0 0 0 0 0 0 0 0 0 0 0 0 1082130432 4194816 67109376 0 1 2147483648 65536 0 0 0 0 0 0 0 0 0 0 0 0 0 0 0 0 0 0 0 0 0 0 0 0 0 0 0 0 0 0 0 0 0 0 0 0 1073741825 8192 33280 0 0 0 0 0 0 0 0 0 0 8388608 8192 0 0 0 0 0 0 0 0 0 0 0 0 0 0 0 0 0 0 0 0 0 0 0 0 0 0 0 0 0 0 0 0 0 0 0 16 0 0 262144 0 0 0 0 20480 0 0 0 0 131072 8388608 0 0 0 0 0 0 0 0 0 0 0 0 0 0 0 0 0 0 0 0 0 0 0 0 0 0 0 0 0 0 0 0 0 1073741824 0 0 1 0 33280 262144 8192 0 0 4096 0 0 8388608 0 0 4 0 4096 0 0 0 0 131072 0 0 0 0 0 0 0 0 0 0 0 0 0 32 0 0 0 0 16384 0 0 0 0 0 0 0 0 0 0 0 0 0 0 0 0 0 0 0 0 0 0 0 0 0 0 0 0 8388608 4194304
is_linear=0
shrinkage=0.05


Tree=6
num_leaves=31
num_cat=9
split_feature=166 175 165 229 166 170 176 166 201 173 169 170 231 167 182 169 204 233 182 166 180 213 170 175 180 180 173 213 172 199
split_gain=88354.9 32674.3 21333.3 13449.9 12112.6 8723.34 7302.35 6392.93 5448.74 5108.07 4360.47 3462.99 3236.22 3079.02 2884.65 2803.2 2698.98 3687.8 2763.39 2452.06 2308.48 4510.21 2182.23 2088.11 1942.76 1925.95 1822.75 1683.79 1613.38 1526.43
threshold=0 1.0000000180025095e-35 1 1.0000000180025095e-35 2 3 1.0000000180025095e-35 4 1.0000000180025095e-35 1.0000000180025095e-35 4.5000000000000009 5 1.0000000180025095e-35 6 1.0000000180025095e-35 4.5000000000000009 1.0000000180025095e-35 1.0000000180025095e-35 1.0000000180025095e-35 7 170.00000000000003 1.0000000180025095e-35 8 1.0000000180025095e-35 130.00000000000003 170.00000000000003 1.0000000180025095e-35 1.0000000180025095e-35 75.000000000000014 1.0000000180025095e-35
decision_type=9 2 1 2 9 9 2 9 2 2 2 9 2 9 2 2 2 2 2 9 2 2 9 2 2 2 2 2 2 2
left_child=1 29 10 4 5 -4 7 -6 26 22 13 -9 16 14 -2 -10 20 -18 -19 25 21 23 -8 -13 -12 -5 -7 -22 -25 -1
right_child=2 -3 3 19 6 8 9 11 15 -11 24 12 -14 -15 -16 -17 17 18 -20 -21 27 -23 -24 28 -26 -27 -28 -29 -30 -31
leaf_value=0.014995062232873042 -0.014786333274212256 0.06844028580294953 -0.05095249300084246 -0.049331507458013769 -0.054867257978428612 -0.0046252974538318961 0.013482326584516669 -0.066895671199286855 0.041090747769582769 -0.057135275531138022 0.011841174958206115 -0.028185921880480882 -0.056772750460190591 0.028607971677824265 0.011171795105888834 -0.029461098509737046 -0.05959258570517896 0.025463334137853968 -0.060013245857949406 -0.070476841046792429 -0.021597959669695677 0.0085219594988032651 -0.019495019087698642 0.036367222135308901 -0.025010707920412198 0.031619051505644057 -0.047097700905492472 -0.041760148012634481 -0.020780828009036193 0.066925736282463233
leaf_weight=253383.34560191631 13828.202013307018 32610.25760278129 9892.1372587137157 2271.9877941894811 23778.429068828758 94305.620362985588 18363.674627275439 5116.250923464424 9702.3126657605171 3879.8462478092406 4756.9765877639875 28807.400969073584 7481.7163780016417 18442.264099432738 47341.5697974551 1646.4352188934572 10068.294400787359 2760.6144796011504 1437.5031572069274 15451.37145463808 34627.710702904442 17039.220904864371 6890.7818264383823 2401.8541335649788 14404.359164769296 1085.3521033779252 2595.1890704098623 14775.343064639892 2541.0944358773995 1422.589389173314
leaf_count=467525 49357 44909 125846 14008 351622 524672 43620 121281 12817 82587 13844 201087 136615 36869 100052 22305 136862 11180 22935 332524 361102 62992 43111 4426 123707 8640 51215 191724 16076 2150
internal_value=0 0.0213155 -0.014738 -0.0210615 -0.0184748 -0.00603327 -0.0266401 -0.031068 -0.00192384 -0.00372471 0.00555126 -0.0266074 -0.0249114 0.0107058 0.00530261 0.0308541 -0.0228306 -0.0431781 -0.0038077 -0.0620693 -0.0199331 -0.0124475 0.00448154 -0.0230343 -0.0158616 -0.023091 -0.00576308 -0.0276285 0.00698814 0.0152851
internal_weight=703110 287416 415694 316920 298111 118142 179970 150835 108250 29134.3 98773.4 127057 121941 79612 61169.8 11348.7 114459 14266.4 4198.12 18808.7 100193 50789.6 25254.5 33750.3 19161.3 3357.34 96900.8 49403.1 4942.95 254806
internal_count=3717660 514584 3203076 2879247 2524075 736855 1787220 1617902 611009 169318 323829 1266280 1144999 186278 149409 35122 1008384 170977 34115 355172 837407 284581 86731 221589 137551 22648 575887 552826 20502 469675
cat_boundaries=0 39 40 80 104 144 155 189 229 253
cat_threshold=0 0 4 0 20480 0 0 0 0 131072 0 0 0 0 0 0 0 0 0 0 0 0 0 96 0 0 0 0 0 0 0 0 0 41943040 4194304 0 0 0 2147483648 8704 32 0 0 0 0 0 0 0 0 0 0 0 0 0 0 0 0 0 0 0 0 0 0 0 0 0 0 0 0 0 0 0 0 1073741824 512 67109376 1 8193 0 65536 0 0 0 0 16384 0 0 0 0 131072 8388608 0 0 0 0 0 0 0 0 0 0 0 0 32 8192 0 0 0 0 0 0 0 0 0 8388608 0 0 0 0 0 0 0 0 0 0 0 0 0 0 0 0 0 0 0 0 0 0 0 0 0 16 0 0 262144 0 0 4 0 16384 0 0 0 0 131072 8388608 0 0 0 0 0 0 0 0 0 0 0 0 0 128 0 0 0 0 0 0 0 0 0 0 0 0 0 0 0 0 0 0 0 81920 0 0 0 0 0 0 0 0 0 0 0 0 0 0 0 0 0 0 0 0 0 0 0 0 0 0 0 0 0 0 0 0 0 0 512 67109376 0 1 0 65536 0 0 0 0 0 0 0 0 0 0 8388608 0 0 0 0 0 0 0 0 0 0 0 0 160
is_linear=0
shrinkage=0.05


Tree=7
num_leaves=31
num_cat=10
split_feature=166 175 165 176 166 173 229 166 229 170 196 169 231 166 173 204 233 182 167 179 167 166 179 168 179 173 179 170 196 201
split_gain=74152.7 30100.7 19136.8 12584.2 11215.8 8049 5713.22 5542.97 5465.61 5458.62 4443.47 4016.85 2988.82 2967.76 2716.91 2279.78 3685.82 2433.02 2254.06 1908.84 1808.23 1574.07 1663.28 1414.42 1441.84 1405.2 1386.61 1361.57 1353.55 2212.06
threshold=0 1.0000000180025095e-35 1 1.0000000180025095e-35 2 1.0000000180025095e-35 1.0000000180025095e-35 3 1.0000000180025095e-35 4 1.0000000180025095e-35 4.5000000000000009 1.0000000180025095e-35 5 1.0000000180025095e-35 1.0000000180025095e-35 1.0000000180025095e-35 1.0000000180025095e-35 6 6.5000000000000009 7 8 8.5000000000000018 1.0000000180025095e-35 21.500000000000004 1.0000000180025095e-35 17.500000000000004 9 1.0000000180025095e-35 1.0000000180025095e-35
decision_type=9 2 1 2 9 2 2 9 2 9 2 2 2 9 2 2 2 2 9 2 9 9 2 2 2 2 2 9 2 2
left_child=1 -1 11 4 8 10 7 27 -4 25 -5 18 14 -12 15 28 -17 -18 -2 -13 -20 -10 -23 -22 -25 -9 -14 -6 29 -11
right_child=2 -3 3 5 6 -7 -8 9 21 12 13 19 26 -15 -16 16 17 -19 20 -21 23 22 -24 24 -26 -27 -28 -29 -30 -31
leaf_value=0.013881163477716377 0.064487536105982832 0.066282169215700223 -0.0060717319548772297 -0.0063103877825711006 -0.028160456101339194 -0.052510558942516619 -0.07009415592246121 -0.065652852849819116 -0.065060716004873828 -0.017882631979592473 -0.060113555307944724 0.011994611408152781 -0.066697950312701884 0.032649109321348131 -0.069403748953364777 -0.057144259827502354 0.022690286954672251 -0.058334815575119818 -0.02374512275098551 -0.024507923576769799 0.0078157256880708424 -0.0471669093577676 0.027621934912199039 0.030578364873771705 -0.035593281398695907 -0.0003194502424416671 -0.013348344875531598 -0.059011179785939276 0.0043885017420078826 -0.074139145586334665
leaf_weight=252824.44717371417 1888.6883541566785 30736.980136216152 83218.406766917265 15956.145399932633 4569.9394965872634 5262.5780701135518 9150.5528272293741 9787.7425501478137 5251.9119304359192 96510.575221498933 892.44289692887105 4820.4886989155784 5417.9076401107013 20106.452990153804 2840.2871995958267 9219.9270595858688 3091.9602930443361 1322.3176020160608 3910.3248655168572 13929.066871886374 58267.843786595622 2094.3353697841521 1151.8700216030702 12087.722661715816 882.89362514857203 898.74175941979047 1571.8088225190295 17641.760032987338 6660.70870070823 1779.23769247171
leaf_count=469675 2305 44909 439722 80020 69016 118771 213501 236254 119023 782720 11136 13844 107495 30541 62008 136862 11180 22935 14903 123707 147074 14008 8640 16712 5284 12168 29120 282606 48830 42691
internal_value=0 0.0195607 -0.0138604 -0.0199938 -0.024074 0.00534005 -0.0316593 -0.0294808 -0.00997133 -0.0257704 0.013579 0.00563083 -0.0229086 0.0286921 -0.02108 -0.0199223 -0.0391568 -0.00158389 0.0106828 -0.0151228 0.00932019 -0.048167 -0.0205641 0.0111385 0.0260726 -0.0601028 -0.0547035 -0.0526803 -0.0174232 -0.0189014
internal_weight=683746 283561 400185 304398 262180 42217.6 170463 161313 91716.5 139101 36955 95787 128415 20998.9 121425 118585 13634.2 4414.28 77037.5 18749.6 75148.8 8498.12 3246.21 71238.5 12970.6 10686.5 6989.72 22211.7 104951 98289.8
internal_count=3717660 514584 3203076 2879247 2638779 240468 2057386 1843885 581393 1492263 121697 323829 1243841 41677 1107226 1045218 170977 34115 186278 137551 183973 141671 22648 169070 21996 248422 136615 351622 874241 825411
cat_boundaries=0 39 40 80 120 131 132 138 172 209 219
cat_threshold=0 0 4 0 20480 0 0 0 0 131072 0 0 0 0 0 0 0 0 0 0 0 0 0 96 0 0 0 0 0 0 0 0 0 41943040 4194304 0 0 0 2147483648 8704 0 0 0 0 0 0 0 0 0 0 0 0 0 0 0 0 0 0 0 0 0 0 0 0 0 0 0 0 0 0 0 0 0 1073741824 512 67109376 1 8193 0 65536 8192 0 0 0 0 0 0 0 0 0 8388608 0 0 0 0 0 0 0 0 0 0 0 0 0 0 0 0 0 0 0 0 0 0 0 0 0 16 0 0 262144 0 0 0 0 20480 0 0 0 0 131072 8388608 8192 0 0 4096 0 0 8388608 0 0 0 0 0 0 0 0 0 0 0 0 0 128 0 0 0 0 0 0 0 0 0 0 0 0 0 0 0 0 0 0 0 16384 0 0 0 0 0 0 0 0 0 0 0 0 0 0 0 0 0 0 0 0 0 0 0 0 0 0 0 0 0 0 0 0 0 1073741824 0 0 1 0 0 0 0 4096 0 0 0 0 131072
is_linear=0
shrinkage=0.05


Tree=8
num_leaves=31
num_cat=12
split_feature=202 175 229 166 170 166 170 166 173 176 170 201 169 166 217 182 213 175 182 166 167 166 231 230 173 170 177 228 168 182
split_gain=67322.2 31491.4 11158.7 9802.39 7849.81 6229.31 5915.63 4062.46 3951.12 5664.27 2887.23 2698.75 2385.8 2335.34 2130.62 2681.73 2149.19 2834.94 2714.19 2095.59 1970.88 1881.05 1988.09 2831.81 1849.28 1842.57 4589.08 2597.51 2650.92 2702.68
threshold=0 1.0000000180025095e-35 1.0000000180025095e-35 1 2 3 4 5 1.0000000180025095e-35 1.0000000180025095e-35 6 1.0000000180025095e-35 4.5000000000000009 7 7.5000000000000009 1.0000000180025095e-35 1.0000000180025095e-35 1.0000000180025095e-35 1.0000000180025095e-35 8 9 10 1.0000000180025095e-35 1.0000000180025095e-35 1.0000000180025095e-35 11 1.0000000180025095e-35 1.0000000180025095e-35 3.0000000000000004 1.0000000180025095e-35
decision_type=1 2 2 9 9 9 9 9 2 2 9 2 2 9 2 2 2 2 2 9 9 9 2 2 2 9 2 2 2 2
left_child=1 7 3 4 -2 6 -5 -1 9 14 -7 24 -13 -4 16 -16 17 -8 -18 -20 -9 -12 23 -23 -6 27 -27 28 -22 -30
right_child=2 -3 13 5 11 10 8 20 -10 -11 21 12 -14 -15 15 -17 18 -19 19 -21 25 22 -24 -25 -26 26 -28 -29 29 -31
leaf_value=-0.049234379457915776 -0.04498385179256225 0.064402333800927233 -0.066228501555763181 -0.060172852056340188 0.0034943192143472076 -0.057149459440364064 -0.039101988486028659 0.062478768309243829 -0.055546616566493401 0.019080513979437372 -0.051680211595346949 0.039199952883984472 -0.027614094046515238 -0.021957233799901124 -0.021899163317164398 0.029581655396478751 -0.00078944186170751848 -0.0049867028843863992 0.012300423998246489 -0.034369682772288371 0.013696882029251432 -0.025590446788597499 -0.051380190494891911 0.010309560968672291 -0.042540317028380792 0.010094114095620943 -0.013386430845964126 -0.060467151256547863 0.064611409497535369 0.0044781438017834577
leaf_weight=2847.1502672487404 8507.0757071593544 29044.298834608402 13473.910349633719 6173.2253036659677 54888.602251732431 8890.2226579565322 17575.058107837394 1814.0450570865069 4526.0507734104758 16411.240665217629 7229.5204234728008 8947.2254022106063 1570.1691214976599 3868.3793455385603 4333.0006744875573 6076.664063650649 30671.257834516698 9318.8488977474626 2929.1612111493014 13412.616377972881 125975.05967011862 68216.327190909942 6578.3720825842465 5973.6551987212151 2271.381389034621 172131.20037886553 23669.832282966236 1134.7414320911048 5232.5876647727564 2906.6908996435814
leaf_count=51703 125846 44909 332524 136675 280704 152892 219691 2305 107458 38006 110426 12817 22305 31618 23987 22367 131902 57281 16273 133350 203137 679555 136615 28001 51215 395684 149389 6438 6756 5831
internal_value=0 0.0144544 -0.0174671 -0.015094 0.000254189 -0.0207062 -0.0126406 0.0101335 -0.00984704 -0.00779426 -0.0299796 0.0059468 0.0292238 -0.0564054 -0.0130253 0.00815237 -0.0160082 -0.0272814 -0.00955901 -0.0260174 0.0106425 -0.0272281 -0.0250329 -0.0226997 0.00166459 0.0103565 0.00725519 0.0148453 0.0154839 0.0431389
internal_weight=666598 364756 301842 284500 76184.5 208315 111427 335711 105254 100728 96888.1 67677.4 10517.4 17342.3 84316.6 10409.7 73906.9 26893.9 47013 16341.8 332864 87997.9 80768.4 74190 57160 331050 195801 135249 134114 8139.28
internal_count=3717660 866152 2851508 2487366 492887 1994479 886990 821243 750315 642857 1107489 367041 35122 364142 604851 46354 558497 276972 281525 149623 769540 954597 844171 707556 331919 767235 545073 222162 215724 12587
cat_boundaries=0 1 41 65 104 115 126 150 190 226 232 272 296
cat_threshold=199 32 0 0 0 16384 0 0 0 0 0 0 0 0 0 0 0 0 0 0 0 0 0 0 0 0 0 0 0 0 0 0 0 0 1082130432 4194816 67108864 0 1 2147483648 65536 0 0 0 0 16384 0 0 0 0 131072 8388608 0 0 0 0 0 0 0 0 0 0 0 0 32 524288 0 0 0 0 0 0 0 0 0 0 0 0 0 0 0 0 0 0 0 0 0 0 0 0 0 0 0 0 0 0 0 0 0 0 512 1 8192 32768 0 0 4 0 16384 0 0 0 0 131072 8388608 0 0 0 0 0 0 0 0 0 0 8388608 0 0 4 0 0 0 0 0 0 0 0 0 0 0 0 0 0 0 0 0 0 0 0 224 0 0 0 0 0 0 0 0 0 0 0 0 0 0 0 0 0 0 0 0 0 0 0 0 0 0 0 0 0 0 0 0 0 1073741824 0 0 1 0 33280 262144 0 0 0 0 0 0 0 0 0 0 0 0 0 0 0 0 0 0 0 0 0 0 0 0 0 0 0 0 0 0 0 0 0 0 0 512 0 0 4096 0 0 8388608 0 0 0 0 0 0 0 0 0 0 0 0 0 0 0 0 0 0 0 0 0 0 0 0 0 0 0 0 0 0 0 0 0 0 0 0 16 0 0 262144 0 0 0 0 4096 0 0 0 0 131072 0 0 0 0 0 0 0 0 0 0 0 0 0 32
is_linear=0
shrinkage=0.05


Tree=9
num_leaves=31
num_cat=14
split_feature=202 175 229 169 166 201 170 166 166 175 170 166 170 166 167 170 228 182 166 176 180 231 230 167 182 166 217 182 210 180
split_gain=58267.9 28842 10025 8609.73 13262.4 5529.36 4912.56 4283.24 3650.15 3595.14 2328.39 2173.74 1999.89 2031.33 1942.65 1812.04 3595.06 2268.86 2191.77 5342.71 2847.04 1739.45 1761.94 1730.46 1572.56 2202.91 1524.7 2035.73 1692.33 2119.22
threshold=0 1.0000000180025095e-35 1.0000000180025095e-35 4.5000000000000009 1 1.0000000180025095e-35 2 3 4 1.0000000180025095e-35 5 6 7 8 9 10 1.0000000180025095e-35 1.0000000180025095e-35 11 1.0000000180025095e-35 350.00000000000006 1.0000000180025095e-35 1.0000000180025095e-35 12 1.0000000180025095e-35 13 7.5000000000000009 1.0000000180025095e-35 1.0000000180025095e-35 210.00000000000003
decision_type=1 2 2 2 9 2 9 9 9 2 9 9 9 9 9 9 2 2 9 2 2 2 2 9 2 9 2 2 2 2
left_child=1 8 3 4 5 6 -2 26 -1 -5 -11 -4 -9 -14 -10 16 17 -16 19 20 -17 22 -15 -20 25 -8 28 -28 29 -6
right_child=2 -3 11 9 7 -7 24 12 14 10 -12 -13 13 21 15 18 -18 -19 23 -21 -22 -23 -24 -25 -26 -27 27 -29 -30 -31
leaf_value=-0.047703907468815678 -0.045662609901905155 0.062706088007152008 -0.064490106842469155 -0.045530666426203271 -0.0012150442138497469 0.029822015303976653 0.029563887198694377 0.021437123244659795 -0.026104750273440499 0.00061693886393055636 -0.032383455781134787 -0.021177691216182334 -0.049145807524321752 -0.025125972053905227 0.065771646279049828 -0.0079842597744799147 -0.055074972043659132 0.0081990305265305773 0.060723608317642501 0.025256091438370466 -0.056802825535894719 -0.050132030356032031 0.0032784736046931428 0.010912860228169115 -0.01004012016382245 0.0019648657727810845 -0.019108300432822814 0.026750828011783686 -0.032419275367200302 -0.024303127354829031
leaf_weight=2765.2786292028613 5601.0952851661714 27477.497975358739 12656.152031463338 27111.673164202366 30364.886705184646 19035.845202395227 9647.3860881049186 2104.588374917279 3699.255871038069 9348.4729528065072 12485.854400809563 3800.5180062816944 9874.7804477873724 58374.181520164071 4785.0225240141153 22492.131265670294 1015.6355939371861 2664.3905865186825 1745.3111345330253 12565.492774408078 3443.3949827811448 6233.2832926997216 6022.4073019875214 276145.87156746443 15327.857801815495 28788.327259388869 4028.9062211890705 6057.9966721899109 9089.8790370327188 14775.007229400217
leaf_count=51703 102471 44909 332524 590735 114739 35648 17336 8186 14903 52643 145350 31618 154954 589155 6756 117445 6438 5831 2305 21996 51265 136615 28001 542601 100490 125864 23987 22367 71910 166915
internal_value=0 0.0134803 -0.0166364 -0.0143625 -0.0102336 0.0063725 -0.00114584 -0.0190939 0.00939812 -0.0333698 -0.0182688 -0.0545408 -0.0266276 -0.0278868 0.00987996 0.0102906 0.0331114 0.0451826 0.00967891 -0.00150194 -0.0144669 -0.0249077 -0.0224695 0.011228 0.00350005 0.00890086 -0.00941476 0.00843326 -0.0127364 -0.00877244
internal_weight=649528 358799 290729 274272 225326 78400.5 59364.7 146926 331322 48946 21834.3 16456.7 82609.2 80504.7 328557 324857 8465.05 7449.41 316392 38501 25935.5 70629.9 64396.6 277891 53763.6 38435.7 64316.7 10086.9 54229.8 45139.9
internal_count=3717660 866152 2851508 2487366 1698638 381809 346161 1316829 821243 788728 197993 364142 916911 908725 769540 754637 19025 12587 735612 190706 168710 753771 617156 544906 243690 143200 399918 46354 353564 281654
cat_boundaries=0 1 41 65 104 115 139 179 203 243 277 282 306 312 351
cat_threshold=199 524320 0 0 0 16384 0 0 0 0 0 0 0 0 0 0 0 0 0 0 0 0 0 0 0 0 0 0 0 0 0 0 0 0 1082130432 4194816 0 0 1 2147483648 65536 0 0 0 0 16384 0 0 0 0 131072 8388608 0 0 0 0 0 0 0 0 0 0 0 0 128 0 0 0 0 0 0 0 0 0 0 0 0 0 0 0 0 0 0 0 0 0 0 0 0 0 0 0 0 0 0 0 0 0 0 0 67109376 1 8192 32768 0 0 0 0 0 0 0 0 0 0 8388608 0 0 0 0 0 0 0 0 0 0 0 0 0 0 0 0 0 0 0 0 0 0 0 160 0 0 0 0 0 0 0 0 0 0 0 0 0 0 0 0 0 0 0 0 0 0 0 0 0 0 0 0 0 0 0 0 0 1073741824 0 0 1 0 33280 262144 0 0 0 0 0 0 0 0 0 131072 8388608 0 0 0 0 0 0 0 0 0 0 0 0 32 8192 0 0 0 0 0 0 0 0 0 0 0 0 0 0 0 0 0 0 0 0 0 0 0 0 0 0 0 0 0 0 0 0 0 0 0 0 0 0 262144 0 0 0 0 0 0 0 0 0 0 0 0 0 128 0 0 0 0 0 0 0 0 0 0 0 0 0 0 0 0 0 0 0 16384 0 0 0 0 4096 0 0 0 0 4096 0 0 0 0 0 0 0 0 0 0 0 0 0 0 0 0 0 0 128 0 0 4096 0 0 8388608 0 0 0 0 16384 0 0 0 0 0 0 0 0 0 0 0 0 0 0 0 0 0 0 0 0 0 0 0 0 0 0 0 0 8388608 4194304 0 0 0 2147483648
is_linear=0
shrinkage=0.05


Tree=10
num_leaves=31
num_cat=9
split_feature=202 172 166 166 169 201 236 197 179 166 213 182 173 223 172 233 182 202 182 166 201 166 179 200 166 167 186 216 182 201
split_gain=52694.1 21128.1 7551.44 6090.48 4813.36 3794.8 3746.82 3642.85 3841.83 3436.29 3113.01 2232.13 2143.48 2354.07 2092.44 2006.7 2224.64 2191.32 1894.91 1824.03 2183.75 1821.41 1668.16 1613.83 1695.03 2083.48 1829.12 2080.09 1527.36 1557.04
threshold=0 125.00000000000001 1 2 4.5000000000000009 1.0000000180025095e-35 1.0000000180025095e-35 1.0000000180025095e-35 15.500000000000002 3 1.0000000180025095e-35 1.0000000180025095e-35 1.0000000180025095e-35 1.0000000180025095e-35 75.000000000000014 1.0000000180025095e-35 1.0000000180025095e-35 4 1.0000000180025095e-35 5 1.0000000180025095e-35 6 8.5000000000000018 1.0000000180025095e-35 7 8 1.0000000180025095e-35 1.5000000000000002 1.0000000180025095e-35 1.0000000180025095e-35
decision_type=1 2 9 9 2 2 2 2 2 9 2 2 2 2 2 2 2 1 2 9 2 9 2 2 9 9 2 2 2 2
left_child=1 6 4 7 5 21 9 8 12 -1 -10 -3 13 14 -4 17 -17 18 19 20 -5 -2 -23 24 -11 -26 27 -27 -6 -30
right_child=2 11 3 15 28 -7 -8 -9 10 23 -12 -13 -14 -15 -16 16 -18 -19 -20 -21 -22 22 -24 -25 25 26 -28 -29 29 -31
leaf_value=-0.047465700149006897 0.015927223415648405 0.056925970582603541 -0.0063077860549419417 -0.016778001751535342 -0.03762355039705248 0.037646375379224883 -0.013825435281576027 -0.062060620941885816 -0.012797153982709001 0.012213183856042795 -0.050409286669383727 0.032508410272252729 -0.051152613178111365 0.016304804455279296 -0.031000614514011024 0.028418463442708975 -0.054434804272021159 -0.023700036498970407 -0.05307410925590831 -0.050110942674910564 -0.06479228027295901 -0.020328037655691369 0.0054710570603400364 0.028782889725992133 0.058759769689239731 -0.0080963190868963628 0.010029703084736438 0.031779214022274689 0.0045444845238778514 -0.072044527131270242
leaf_weight=2579.3535043181619 12828.569806282583 24023.042137662414 77450.371136217786 17438.092462000845 9321.9523225289304 8460.9362774787005 17661.312476048362 3709.9691479901085 11586.541940696421 195459.42999068485 10475.754970971262 15340.141681338544 2747.9587289128685 10235.365376017056 9647.7732531960355 2833.4696843393613 1134.006388357695 44629.62793456536 16167.841190203413 9290.1559671213618 2740.0119955661939 12343.193223908427 12724.043165022507 11458.29274050449 1679.236695180065 38438.795114986948 42250.251128713833 3574.0710468485486 5203.8538435270893 760.07157906761859
leaf_count=51703 40239 44266 467926 201446 130732 13800 137551 99785 150050 327234 233080 32389 64586 34153 116353 11180 22935 452145 362281 131038 52164 70537 101827 17289 2305 146258 100052 7105 72263 22988
internal_value=0 0.0128853 -0.0161203 -0.0204526 -0.000651239 0.0073717 0.00854501 -0.0132525 -0.0117708 0.00988235 -0.0306573 0.0474109 -0.00760724 -0.00637755 -0.00904321 -0.0300662 0.00473174 -0.031599 -0.0393096 -0.03177 -0.0232881 0.000611785 -0.00722957 0.0103888 0.00964012 0.00378622 0.00268343 -0.00470362 -0.0249822 -0.00522077
internal_weight=634193 352464 281730 220087 61642.6 46356.7 313101 125854 122144 295439 22062.3 39363.2 100081 97333.5 87098.1 94233.2 3967.48 90265.7 45636.1 29468.3 20178.1 37895.8 25067.2 292860 281402 85942.4 84263.1 42012.9 15285.9 5963.93
internal_count=3717660 866152 2851508 2399122 452386 226403 789497 1165933 1066148 651946 383130 76655 683018 618432 584279 1233189 34115 1199074 746929 384648 253610 212603 172364 600243 582954 255720 253415 153363 225983 95251
cat_boundaries=0 1 41 80 91 92 131 170 194 200
cat_threshold=199 32 0 0 0 16384 0 0 0 0 0 0 0 0 0 0 0 0 0 0 0 0 0 0 0 0 0 0 0 0 0 0 0 0 8388608 4194816 67109376 0 1 2147483648 65536 524288 0 0 0 0 0 0 0 0 0 0 0 0 0 0 0 0 0 0 0 0 0 0 0 0 0 0 0 0 0 0 0 0 1073741824 0 0 1 8192 32768 0 0 0 0 0 0 0 0 0 0 8388608 1568 8192 0 0 0 0 0 0 0 0 0 0 0 0 0 0 0 0 0 0 0 0 0 0 0 0 0 0 0 0 0 0 0 0 0 0 0 0 0 512 0 0 0 0 16384 0 0 0 0 0 0 0 0 0 0 0 0 0 0 0 0 0 0 0 0 0 0 0 0 0 0 0 0 8388608 4194304 0 0 0 2147483648 0 0 4 0 0 0 0 0 0 131072 0 0 0 0 0 0 0 0 0 0 0 0 0 96 0 0 4096 0 0 8388608
is_linear=0
shrinkage=0.05


Tree=11
num_leaves=31
num_cat=12
split_feature=202 175 229 169 166 173 170 236 166 166 175 196 182 166 233 209 166 179 170 170 228 179 205 179 167 165 228 167 231 199
split_gain=48136.6 24155.7 8823.84 7280.2 10917.3 5032.53 3869.94 3750.51 3516.51 3149.23 3129.52 2136.44 1970.12 3696.41 2710.02 2690.53 1913.97 1846.52 1783.47 1764.11 2446.08 2145.61 1591.07 1571.09 1483.47 1304.98 2230.75 1270.01 1227.67 1166.77
threshold=0 1.0000000180025095e-35 1.0000000180025095e-35 4.5000000000000009 1 1.0000000180025095e-35 2 1.0000000180025095e-35 3 4 1.0000000180025095e-35 1.0000000180025095e-35 1.0000000180025095e-35 5 1.0000000180025095e-35 1.0000000180025095e-35 6 7.5000000000000009 7 8 1.0000000180025095e-35 17.500000000000004 1.0000000180025095e-35 6.5000000000000009 9 10 1.0000000180025095e-35 11 1.0000000180025095e-35 1.0000000180025095e-35
decision_type=1 2 2 2 9 2 9 2 9 9 2 2 2 9 2 2 9 2 9 9 2 2 2 2 9 1 2 9 2 2
left_child=1 7 3 4 5 6 -2 9 -6 -1 -5 -8 13 17 22 -14 -4 -10 -12 20 21 -11 -15 -9 -21 26 -26 -27 -24 -29
right_child=2 -3 16 10 8 -7 11 23 12 19 18 -13 15 14 -16 -17 -18 -19 -20 24 -22 -23 28 -25 25 27 -28 29 -30 -31
leaf_value=-0.045903623826051315 -0.048308034774087495 0.059843626787524112 -0.062261624783727626 -0.043089141774670506 -0.0072559394082587483 -0.047341498964253347 0.0087288221840933957 0.011680387914780613 0.0098659949945852261 0.035409911884978072 -0.0096243790943559976 0.03035482004896985 -0.04075385183753575 -0.042833109610675241 0.019819959343871596 -0.0029143924133510552 -0.020444491625108752 -0.019024956023811407 -0.04617054424663912 0.057018425558925723 -0.05392947148659763 -0.011293870802423544 -0.018847015222655347 -0.022684264247376337 -0.02403975954547357 -0.021067125905548462 0.03587279509588652 0.0099603621745477655 -0.065034381760843099 0.059882392767940829
leaf_weight=2485.3203545978758 2395.370536454895 24922.671934212558 11713.731210937898 25576.069504781626 65027.206260647275 3621.744884794869 31167.377175633097 4478.8430637761485 14031.27945989056 16613.203561601811 16642.947802470182 18026.043597405311 23389.666667542973 14885.472020789806 2931.2054757094011 5878.8103105222399 3614.4123414013884 9128.0158297573216 4171.8376364830765 1620.9014842396136 943.13456802646397 2885.9789531703573 21751.376583190344 12915.973236649414 6605.6770219581667 3283.4014847427607 2030.8850908096647 265661.02590795804 1540.3667125232751 1175.1577292168513
leaf_count=51703 24204 44909 332524 590735 381921 99263 121333 13844 55119 23494 122376 30454 439123 183670 11180 62455 31618 97195 75617 2305 6438 11089 157641 123707 25471 14903 3525 542614 35080 2150
internal_value=0 0.0124271 -0.0155904 -0.0134189 -0.00952248 0.0096257 0.0136274 0.00874251 -0.0161894 0.0100374 -0.0313736 0.0166502 -0.0223984 -0.0175034 -0.0265007 -0.0331538 -0.0524563 -0.00152039 -0.0169772 0.0105009 0.0246807 0.0284971 -0.0300644 -0.0138356 0.00946611 0.00918745 -0.00993799 0.00979933 -0.0219031 0.01018
internal_weight=621115 345622 275493 260165 213774 55210.5 51588.8 320700 158563 303305 46390.9 49193.4 93536.2 64267.7 41108.4 29268.5 15328.1 23159.3 20814.8 300819 20442.3 19499.2 38177.2 17394.8 280377 278756 8636.56 270120 23291.7 266836
internal_count=3717660 866152 2851508 2487366 1698638 275254 175991 821243 1423384 683692 788728 151787 1041463 539885 387571 501578 364142 152314 197993 631989 41021 34583 376391 137551 590968 588663 28996 559667 192721 544764
cat_boundaries=0 1 40 51 91 102 141 181 205 229 235 236 270
cat_threshold=199 524320 0 0 0 16384 0 0 0 0 0 0 0 0 0 0 0 0 0 0 0 0 0 0 0 0 0 0 0 0 0 0 0 0 8388608 4194816 0 0 1 2147483648 0 0 4 0 16384 0 0 0 0 131072 8388608 0 0 0 0 0 0 0 0 0 0 0 0 0 0 0 0 0 0 0 0 0 0 0 0 0 0 0 0 0 0 0 0 0 1073741824 0 67109376 1 8192 0 65536 0 0 0 0 0 0 0 0 0 0 8388608 8192 0 0 0 0 0 0 0 0 0 0 0 0 0 0 0 0 0 0 0 0 0 0 0 0 0 0 0 0 0 0 0 0 0 0 0 0 0 33280 0 0 0 0 0 0 0 0 0 0 0 0 0 0 0 0 0 0 0 0 0 0 0 0 0 0 0 0 0 0 0 0 0 1073741824 0 0 1 0 33280 262144 0 0 0 0 4096 0 0 0 0 0 0 0 0 0 0 0 0 0 0 0 0 0 0 224 0 0 0 0 4096 0 0 0 0 0 0 0 0 0 0 0 0 0 0 0 0 0 0 64 0 0 4096 0 0 8388608 1024 0 0 0 0 0 0 0 0 0 0 0 0 0 128 0 0 0 0 0 0 0 0 0 0 0 0 0 0 0 0 0 0 0 16384
is_linear=0
shrinkage=0.05


Tree=12
num_leaves=31
num_cat=10
split_feature=166 175 165 176 166 173 229 166 170 223 229 177 173 231 230 200 167 182 179 165 166 220 170 228 182 179 166 223 179 173
split_gain=43182 19348.2 10847 8620.13 6452.06 5197.44 3924 3417.95 3532.04 3249.37 2990.55 2794.24 1854.2 1938.58 1704.85 1647.42 1644.98 1664.18 1460.18 1429.51 1373.99 1264.87 1220.31 2731.4 1999.05 1212.29 1953.94 1483.66 1153.83 1138.72
threshold=0 1.0000000180025095e-35 1 1.0000000180025095e-35 2 1.0000000180025095e-35 1.0000000180025095e-35 3 4 1.0000000180025095e-35 1.0000000180025095e-35 1.0000000180025095e-35 1.0000000180025095e-35 1.0000000180025095e-35 1.0000000180025095e-35 1.0000000180025095e-35 5 1.0000000180025095e-35 6.5000000000000009 6 7 135.00000000000003 8 1.0000000180025095e-35 1.0000000180025095e-35 5.5000000000000009 9 1.0000000180025095e-35 17.500000000000004 1.0000000180025095e-35
decision_type=9 2 1 2 9 2 2 9 9 2 2 2 2 2 2 2 9 2 2 1 9 2 9 2 2 2 9 2 2 2
left_child=1 22 11 4 10 9 7 -6 29 -5 -4 15 13 14 19 16 -2 -18 -13 25 -11 -21 23 24 -1 26 -10 -27 -15 -9
right_child=2 -3 3 5 6 -7 -8 8 12 20 -12 18 -14 28 -16 -17 17 -19 -20 21 -22 -23 -24 -25 -26 27 -28 -29 -30 -31
leaf_value=0.062796069404683824 0.055420094806391478 0.058486345054310399 -0.0061518379458816693 -0.0053398195238031632 -0.045454233182131237 -0.045733525839187744 -0.063106915065002628 -0.058468728689857169 0.010390242045721122 -0.047119793803320542 -0.040656269915810256 0.01049905763469749 -0.06348933492442306 -0.060070516183126657 0.010694198850415719 0.025918646673484182 -0.010514427734505347 0.0088776311884915249 -0.022778231394737513 -0.028635741001743788 0.028947085618699915 0.076731031772876643 0.010388663252762831 -0.053318245465251851 0.0061264690999833331 -0.020667206126719712 -0.029505889558598866 0.0071870543948486104 -0.0078515729150506301 0.0062207139982140671
leaf_weight=4178.8409281629138 1561.0613754095975 23604.48099383479 74365.165166156745 14308.53742356709 17511.891788496345 4334.4797227176605 7042.1528134203982 7789.8862414844916 10212.92223538179 606.22998319217004 6858.558916599839 4450.1508974130265 2330.8758310100529 4218.7896432080888 5327.478414228186 11237.235241871502 15260.977396989241 40219.211067199823 12710.62261102011 28974.308083761105 17790.569675157778 287.16347174602561 231333.34418728476 852.89253720757551 2479.9216302898712 47584.147441905254 4374.9514611854684 5314.1174565368274 1412.3555647943867 745.11803077731747
leaf_count=6756 2305 44909 439722 80020 351622 118771 213501 236254 44371 11136 141671 13844 62008 107495 28001 17289 66632 100052 123707 327525 30541 1003 450650 6438 5831 567673 34515 42130 29120 12168
internal_value=0 0.0153017 -0.0115791 -0.0166344 -0.0203244 0.00571141 -0.0267117 -0.02483 -0.0217781 0.0125302 -0.00906458 0.00388707 -0.0193703 -0.018417 -0.0168412 0.00842072 0.00497331 0.00354267 -0.0141484 -0.0183575 0.0264291 -0.0275908 0.0110343 0.030861 0.0416934 -0.0143476 -0.0015881 -0.0178689 -0.0469762 -0.0527588
internal_weight=609278 262449 346829 261390 224350 37039.8 143126 136084 118572 32705.3 81223.7 85439.3 110037 107706 102075 68278.5 57041.2 55480.2 17160.8 96747.6 18396.8 29261.5 238845 7511.66 6658.76 67486.1 14587.9 52898.3 5631.15 8535
internal_count=3717660 514584 3203076 2879247 2638779 240468 2057386 1843885 1492263 121697 581393 323829 1243841 1181833 1045218 186278 168989 166684 137551 1017217 41677 328528 469675 19025 12587 688689 78886 609803 136615 248422
cat_boundaries=0 39 40 80 120 131 137 138 139 144 183
cat_threshold=0 0 4 0 20480 0 0 0 0 131072 0 0 0 0 0 0 0 0 0 0 0 0 0 96 0 0 0 0 0 0 0 0 0 41943040 4194304 0 0 0 2147483648 8704 0 0 0 0 0 0 0 0 0 0 0 0 0 0 0 0 0 0 0 0 0 0 0 0 0 0 0 0 0 0 0 0 0 1073741824 512 67109376 1 8193 0 65536 8192 0 0 0 0 0 0 0 0 0 8388608 0 0 0 0 0 0 0 0 0 0 0 0 0 0 0 0 0 0 0 0 0 0 0 0 0 16 0 0 262144 0 0 0 0 20480 0 0 0 0 131072 8388608 0 0 4096 0 0 8388608 1408 8192 0 0 0 0 4096 524288 0 0 0 0 0 0 0 0 0 0 0 0 0 0 0 0 0 0 0 0 0 0 0 0 0 0 0 0 0 0 0 0 0 0 0 0 0 33280
is_linear=0
shrinkage=0.05


Tree=13
num_leaves=31
num_cat=15
split_feature=202 175 229 166 170 166 170 236 166 173 170 201 170 169 170 217 213 166 182 196 182 179 170 166 182 175 179 166 167 166
split_gain=38852.6 20293.5 7697.21 6134.98 5258.67 3751.13 3652.47 3045.5 2507.76 2239.21 2606.53 2147.91 2041.94 1942.3 1841.44 1695.11 1952.81 1683.45 1585.23 1584.25 1541.65 1506.73 1482.2 1465.09 1629.63 1417.42 1355.26 1338.75 1261.92 1203.61
threshold=0 1.0000000180025095e-35 1.0000000180025095e-35 1 2 3 4 1.0000000180025095e-35 5 1.0000000180025095e-35 6 1.0000000180025095e-35 7 4.5000000000000009 8 7.5000000000000009 1.0000000180025095e-35 9 1.0000000180025095e-35 1.0000000180025095e-35 1.0000000180025095e-35 17.500000000000004 10 11 1.0000000180025095e-35 1.0000000180025095e-35 18.500000000000004 12 13 14
decision_type=1 2 2 9 9 9 9 2 9 2 9 2 9 2 9 2 2 9 2 2 2 2 9 9 2 2 2 9 9 9
left_child=1 7 3 4 -2 6 -5 8 -1 10 13 23 -7 -8 21 16 -12 -4 -17 -13 -18 -10 -11 24 -6 -15 -9 -22 -16 -14
right_child=2 -3 17 5 11 12 9 26 14 22 15 19 29 25 28 18 20 -19 -20 -21 27 -23 -24 -25 -26 -27 -28 -29 -30 -31
leaf_value=-0.043453245994523909 -0.039533407644005938 0.057276832577564434 -0.014958725154143754 -0.057747413737878651 0.026957318476048306 -0.050530219740039628 0.020734237477550217 -0.007781766598070651 0.030224378770243955 0.024348145539774244 -0.028588613147439407 -0.039607292885564714 -0.0449922760313839 -0.035340952995426854 0.054012192246825623 -0.017610027204631878 -0.002256686812332937 -0.059050153600175487 0.024440267715601566 0.034049751985628506 0.0087955966111212258 -0.009706291394450452 -0.060370855361472867 -0.0033117549525908531 -0.016768682148525862 0.006139155803751694 -0.053309095028677589 -0.03017611266464278 0.0082520109357142307 -0.020872568245836873
leaf_weight=2238.7106198612601 7374.6197633915581 22365.143110898556 2711.548508149921 3947.8607565786806 9070.1751028024592 7251.0457858601585 12572.305393826915 14882.843294728198 16502.447171804612 615.80199302674737 18202.641256759671 800.05884983367287 5607.150142593804 3376.2342606621096 1505.179489875678 3689.9987148736836 28180.136942318059 11247.063895174942 5706.8094731557649 8286.9361835978925 2739.5878622371238 2756.6814854416298 3137.5354292365373 40396.711755149125 2784.5656076951418 5278.7131538304966 1835.9380498346873 11251.913293509919 273868.58650455065 68311.361086073681
leaf_count=51703 125846 44909 22793 118019 17336 152892 27167 98497 28577 8370 215973 18322 110426 65996 2305 23987 131902 341349 22367 16800 16273 12444 100291 300650 13933 23295 39054 133350 588663 844171
internal_value=0 0.0112616 -0.0144106 -0.0123823 0.000327452 -0.0172368 -0.0106858 0.00798009 0.00914944 -0.00871873 -0.0071584 0.00512588 -0.0252 0.00818168 0.00955037 -0.0118251 -0.0149014 -0.0505393 0.0079271 0.0275623 -0.00899319 0.0244958 -0.0465644 0.00122465 0.0166717 -0.0100425 -0.012783 -0.0225602 0.0085042 -0.0227084
internal_weight=598496 335956 262541 248582 68713.1 179869 98699.5 313590 296872 94751.7 90998.3 61338.4 81169.6 21227.3 294633 69771.1 60374.3 13958.6 9396.81 9087 42171.6 19259.1 3753.34 52251.5 11854.7 8654.95 16718.8 13991.5 275374 73918.5
internal_count=3717660 866152 2851508 2487366 492887 1994479 886990 821243 683692 768971 660310 367041 1107489 116458 631989 543852 497498 364142 46354 35122 281525 41021 108661 331919 31269 89291 137551 149623 590968 954597
cat_boundaries=0 1 41 65 104 115 126 150 174 198 238 243 282 318 324 364
cat_threshold=199 32 0 0 0 16384 0 0 0 0 0 0 0 0 0 0 0 0 0 0 0 0 0 0 0 0 0 0 0 0 0 0 0 0 1082130432 4194816 67108864 0 1 2147483648 65536 0 0 0 0 16384 0 0 0 0 131072 8388608 0 0 0 0 0 0 0 0 0 0 0 0 32 524288 0 0 0 0 0 0 0 0 0 0 0 0 0 0 0 0 0 0 0 0 0 0 0 0 0 0 0 0 0 0 0 0 0 0 512 1 8192 32768 0 0 0 0 16384 0 0 0 0 131072 8388608 0 0 0 0 0 0 0 0 0 0 8388608 0 0 0 0 0 0 0 0 0 0 0 0 0 0 0 0 0 0 0 0 0 0 0 160 0 0 4 0 0 0 0 0 0 0 0 0 0 0 0 0 0 0 0 0 0 0 0 224 0 0 0 0 4096 0 0 0 0 0 0 0 0 0 0 0 0 0 0 0 0 0 0 64 0 0 0 0 0 0 0 0 0 0 0 0 0 0 0 0 0 0 0 0 0 0 0 0 0 0 0 0 0 0 0 0 0 0 4194816 67109376 0 1 2147483648 65536 0 0 4 0 4096 0 0 0 0 16384 0 0 0 0 0 0 0 0 0 0 0 0 0 0 0 0 0 0 0 0 0 0 0 0 0 0 0 0 8388608 4194304 0 0 0 2147483648 0 0 0 0 0 0 0 0 0 0 0 0 0 0 0 0 0 0 0 0 0 0 0 0 0 0 0 0 0 0 0 0 0 0 0 512 0 0 4096 0 0 8388608 0 0 0 0 0 0 0 0 0 0 0 0 0 0 0 0 0 0 0 0 0 0 0 0 0 0 0 0 0 0 0 0 0 0 0 0 16 0 0 262144
is_linear=0
shrinkage=0.05


Tree=14
num_leaves=31
num_cat=8
split_feature=166 175 229 169 165 173 236 166 196 175 179 166 231 166 179 204 233 182 166 172 228 182 166 179 179 200 166 179 179 182
split_gain=35313.2 17325.5 7473.54 6608.53 8184.17 3965.8 3435.3 3328.57 2888.55 2420.31 2077.88 1728.28 1599.61 1569.36 1239.66 1220.74 2722.68 1595.42 1217.81 1213.84 2525.63 1477.77 1048.31 1029.31 1006.61 947.513 1256.91 1527.46 885.344 884.166
threshold=0 1.0000000180025095e-35 1.0000000180025095e-35 4.5000000000000009 1 1.0000000180025095e-35 1.0000000180025095e-35 2 1.0000000180025095e-35 1.0000000180025095e-35 15.500000000000002 3 1.0000000180025095e-35 4 6.5000000000000009 1.0000000180025095e-35 1.0000000180025095e-35 1.0000000180025095e-35 5 175.00000000000003 1.0000000180025095e-35 1.0000000180025095e-35 6 17.500000000000004 8.5000000000000018 1.0000000180025095e-35 7 13.500000000000002 7.5000000000000009 1.0000000180025095e-35
decision_type=9 2 2 2 1 2 2 9 2 2 2 9 2 9 2 2 2 2 9 2 2 2 9 2 2 2 9 2 2 2
left_child=1 6 3 4 5 8 19 -6 10 -5 29 -9 15 24 -8 -13 -17 28 -11 25 21 -21 -10 -14 -4 26 27 -1 -18 -2
right_child=2 -3 13 9 7 -7 14 11 22 18 -12 12 23 -15 -16 16 17 -19 -20 20 -22 -23 -24 -25 -26 -27 -28 -29 -30 -31
leaf_value=0.0035823965262044492 -0.0097006585691817183 0.056128629868678073 -0.040677211422722633 -0.039484658899789388 -0.0054292432885539917 -0.043673488301860075 0.0099184590258520073 -0.043127019865328686 -0.042725696852096012 -0.047329530839239763 0.016126035325759569 -0.01388467797657443 -0.057997745800981673 -0.058871301230918063 -0.0211560292329343 -0.051007510069866702 -0.017858031685227767 -0.051352745141595206 -0.010710096508897191 0.060787554728444805 -0.052757227653319999 0.0097003425389418294 0.027322382218998659 -0.007346087806266075 0.021762757623804793 0.024362386906096222 0.010012159941899183 -0.046353600077426019 0.043080931966361119 0.0038802447414903098
leaf_weight=5284.6591726150364 24683.301501426438 21194.992619314231 1606.9508496536873 22920.36429288183 66285.555869181582 4005.8318440510775 4361.7837736969814 7507.9610191662796 543.46208069531713 2612.1284405022161 19854.412861564779 68541.096007866203 3871.7243407417263 9865.186338792264 12143.541342986515 6780.7728520880628 896.84251297079027 1001.8073629628343 17107.671491723973 3884.0168774859048 790.96737851575017 2227.8506638214458 17224.237788670463 1354.1419281520066 1078.0346010404755 10991.73079417221 221817.44000763493 2155.5740567550529 1774.5413390027825 23293.032762577059
leaf_count=18884 127702 44909 14008 590735 405714 118771 13844 161044 11136 44379 54522 620529 107495 332524 123707 136862 4463 22935 153614 6756 6438 5831 30541 29120 8640 17289 419491 16982 6717 62078
internal_value=0 0.0126369 -0.0118876 -0.0102545 -0.00712374 0.00494747 0.00914106 -0.0139683 0.00722371 -0.0284352 0.00252268 -0.0201375 -0.0180829 -0.0496634 -0.0129438 -0.0163124 -0.032228 0.00244017 -0.0155915 0.010616 0.0312878 0.0421688 0.0251697 -0.0448757 -0.0155481 0.0100219 0.00933432 -0.0108719 0.022621 -0.00310691
internal_weight=587662 284853 302809 290259 247619 89604.3 263658 158014 85598.4 42640.2 67830.7 91728.9 84220.9 12550.2 16505.3 78995.1 10454 3673.19 19719.8 247152 6902.83 6111.87 17767.7 5225.87 2684.99 240249 229258 7440.23 2671.38 47976.3
internal_count=3717660 674131 3043529 2688357 1899629 404750 629222 1494879 285979 788728 244302 1089165 928121 355172 137551 791506 170977 34115 197993 491671 19025 12587 41677 136615 22648 472646 455357 35866 11180 189780
cat_boundaries=0 39 40 80 120 160 161 162 186
cat_threshold=0 0 4 0 20480 0 0 0 0 131072 0 0 0 0 0 0 0 0 0 0 0 0 0 224 0 0 0 0 0 0 0 0 0 41943040 4194304 0 0 0 2147483648 8448 0 0 0 0 0 0 0 0 0 0 0 0 0 0 0 0 0 0 0 0 0 0 0 0 0 0 0 0 0 0 0 0 0 1073741824 512 67108864 1 8193 0 65536 0 0 0 0 0 0 0 0 0 0 8388608 0 0 0 0 0 0 0 0 0 0 0 0 0 0 0 0 0 0 0 0 0 0 0 0 0 0 0 0 262144 0 0 0 0 0 0 0 0 0 0 0 0 0 0 0 0 0 0 0 0 0 0 0 0 0 0 0 0 0 0 0 0 0 0 512 67109376 0 1 0 65536 8192 8192 0 0 0 0 4096 0 0 0 0 0 0 0 0 0 0 0 0 0 0 0 0 0 0 128
is_linear=0
shrinkage=0.05


Tree=15
num_leaves=31
num_cat=8
split_feature=166 175 229 169 202 173 196 236 166 217 175 166 166 170 228 179 182 170 179 231 230 179 179 202 179 213 233 182 204 229
split_gain=32091.1 15959.8 6626.65 5789.56 6998.43 3528.24 2922.73 2895.47 2575.39 2821.44 2120.95 1573.8 1542.93 1448.54 1826.54 1441.75 1345.01 1329.88 1273.92 1251.76 1433.58 1176.09 1153.26 1036.28 1698.81 1591.86 1025.91 1514.72 1414.64 946.845
threshold=0 1.0000000180025095e-35 1.0000000180025095e-35 4.5000000000000009 1 1.0000000180025095e-35 1.0000000180025095e-35 1.0000000180025095e-35 2 7.5000000000000009 1.0000000180025095e-35 3 4 5 1.0000000180025095e-35 12.500000000000002 1.0000000180025095e-35 6 16.500000000000004 1.0000000180025095e-35 1.0000000180025095e-35 17.500000000000004 19.500000000000004 7 6.5000000000000009 1.0000000180025095e-35 1.0000000180025095e-35 1.0000000180025095e-35 1.0000000180025095e-35 1.0000000180025095e-35
decision_type=9 2 2 2 1 2 2 2 9 2 2 9 9 9 2 2 2 9 2 2 2 2 2 1 2 2 2 2 2 2
left_child=1 7 3 4 5 6 15 13 -6 11 -5 -10 -4 14 18 -2 -11 -12 -1 20 23 -21 -9 24 25 -13 28 -28 -25 -15
right_child=2 -3 12 10 8 -7 -8 22 9 16 17 19 -14 29 -16 -17 -18 -19 -20 21 -22 -23 -24 26 -26 -27 27 -29 -30 -31
leaf_value=0.033067163484135263 -0.0047181868597834095 0.055054534861338267 -0.013601262674709983 -0.037844562435865037 -0.0045511786932003117 -0.042600419262715399 0.024460456802367414 -0.0075572446950440617 -0.03546902494503603 -0.015726239051804421 -0.00095142712075785892 -0.029626876580649032 -0.057666061322867494 0.0092387929760885338 -0.051896183173434265 0.010024586416028151 0.023527097223203751 -0.027156525860599242 -0.0023563500758354526 -0.056918115494053879 0.0095902101116529526 -0.0024927215097870436 -0.054818831603490437 -0.021979422649963002 -0.020105126005572016 0.011493491433071872 0.018961417017177972 -0.052565649566473728 -0.049654318194794579 -0.045421797305579707
leaf_weight=14600.978835152462 38907.895948494261 20070.846270037349 2559.5426666873973 21995.438263132295 53640.135957595543 3859.4177453525481 17546.018578764866 14780.196561333316 15150.494671890046 3562.4417691824492 8916.8724454679759 3078.418738804874 9240.0594965949422 226617.92771674995 766.69509222410852 28900.871556302416 5630.9718552137492 10601.847228281316 3071.636966557242 3629.7084591714956 5029.3862273390405 1366.4898581700691 1413.8856639092555 16707.841760755517 27377.781548148894 9989.9027136081131 2632.8064639407676 1029.0585939734592 6382.3945433878107 794.52706651051994
leaf_count=22341 160715 44909 22648 590735 321458 118771 41677 103191 232954 23987 52643 24196 332524 441680 6438 83587 22367 145350 12242 107495 28001 29120 34360 157551 342394 34379 11180 22935 136862 8970
internal_value=0 0.0120836 -0.0114497 -0.00993473 -0.00700252 0.00415696 0.00627194 0.00879268 -0.0134165 -0.0180974 -0.0271982 -0.0207282 -0.0481694 0.0101416 0.023619 0.00156531 0.00831588 -0.0152001 0.0269101 -0.017829 -0.0161568 -0.0420352 -0.0116855 -0.0180839 -0.0130223 0.00180589 -0.0257214 -0.00114221 -0.0296302 0.0090473
internal_weight=579852 282117 297736 285936 244422 89214.2 85354.8 262046 155208 101568 41514.2 92374.3 11799.6 245852 18439.3 67808.8 9193.41 19518.7 17672.6 77223.8 72227.6 4996.2 16194.1 67198.2 40446.1 13068.3 26752.1 3661.87 23090.2 227412
internal_count=3717660 674131 3043529 2688357 1899629 404750 285979 629222 1494879 1173421 788728 1127067 355172 491671 41021 244302 46354 197993 34583 894113 757498 136615 137551 729497 400969 58575 328528 34115 294413 450650
cat_boundaries=0 39 40 80 120 160 184 208 209
cat_threshold=0 0 4 0 20480 0 0 0 0 131072 0 0 0 0 0 0 0 0 0 0 0 0 0 224 0 0 0 0 0 0 0 0 0 41943040 4194304 0 0 0 2147483648 34 0 0 0 0 0 0 0 0 0 0 0 0 0 0 0 0 0 0 0 0 0 0 0 0 0 0 0 0 0 0 0 0 0 1073741824 512 67109376 1 1 0 65536 0 0 0 0 0 0 0 0 0 0 8388608 0 0 0 0 0 0 0 0 0 0 0 0 0 0 0 0 0 0 0 0 0 0 0 0 0 0 8192 0 262144 0 0 0 0 0 0 0 0 0 0 0 0 0 0 0 0 0 0 0 0 0 0 0 0 0 0 0 0 0 0 0 0 0 0 512 67109376 0 1 0 65536 0 0 0 0 4096 0 0 0 0 0 0 0 0 0 0 0 0 0 0 0 0 0 0 64 0 0 0 0 0 0 0 0 0 0 0 0 0 0 0 0 0 0 0 0 0 0 0 160 1033
is_linear=0
shrinkage=0.05


Tree=16
num_leaves=31
num_cat=13
split_feature=166 175 229 169 165 173 166 236 223 175 167 166 170 166 170 179 182 179 166 202 179 166 166 179 220 199 179 179 170 201
split_gain=28885.4 14787.7 6105.85 5206.03 6182.18 3254.73 2818.22 2774.66 2739.63 1949.4 1581.62 1483.31 1449.32 1436.84 1220.09 1195.38 1174.04 1136.9 1010.1 893.91 1792.64 1722.84 987.222 956.798 907.278 880.818 849.438 838.914 1096.93 739.324
threshold=0 1.0000000180025095e-35 1.0000000180025095e-35 4.5000000000000009 1 1.0000000180025095e-35 2 1.0000000180025095e-35 1.0000000180025095e-35 1.0000000180025095e-35 3 4 5 6 7 21.500000000000004 1.0000000180025095e-35 6.5000000000000009 8 9 8.5000000000000018 10 11 13.500000000000002 135.00000000000003 1.0000000180025095e-35 8.5000000000000018 15.500000000000002 12 1.0000000180025095e-35
decision_type=9 2 2 2 1 2 9 2 2 2 9 9 9 9 9 2 2 2 9 1 2 9 9 2 2 2 2 2 9 2
left_child=1 7 3 4 5 8 -6 12 10 29 -2 -8 15 26 -11 -1 27 -9 -10 24 22 23 -21 -22 -13 -14 -4 28 -12 -5
right_child=2 -3 13 9 6 -7 11 17 18 14 16 19 25 -15 -16 -17 -18 -19 -20 20 21 -23 -24 -25 -26 -27 -28 -29 -30 -31
leaf_value=0.026477988070472143 0.053733566281589977 0.054057390417986517 -0.038143704039287719 -0.032221173707670969 -0.0049762126578730415 -0.041793632781016589 -0.040992732136875876 0.010161324743073005 -0.043752036302303947 -0.0085880917727225864 0.0052516862812374571 -0.02182544380389408 0.0084047723177948248 -0.056669907676584468 -0.041109460973454748 -0.029636483428608092 0.0055438035509541884 -0.019823080662903184 0.025557365887318412 0.0057385965859138204 -0.021200876377887617 0.0024379508823435597 -0.026212999986901121 -0.05092227207552296 0.073411319886954568 0.054893853270741699 0.020641342931740018 0.019018369350560126 -0.017985196379452499 -0.0565473317942356
leaf_weight=17036.736634432164 1391.6234305587132 19010.572011859855 1479.5673726483947 17436.763528934389 64669.832589030062 3758.8232533487026 6906.7047323286533 4325.7902684654109 534.48915108677465 15663.764462838531 7282.8008478903212 46461.022617030118 225568.0469544488 8739.1297435283777 3530.1734689534642 1004.5705860911403 39458.234906008583 11739.136590493028 16895.221873660805 14616.52419400966 6560.3965689421166 4778.6835170003469 2885.6927936317079 4613.267131124594 250.93042500934098 1023.0634958837181 1050.2879363553366 2585.329685935867 16763.585119732132 3807.0511246006354
leaf_count=33546 2305 44909 14008 457185 405714 118771 161044 13844 11136 122376 31103 622119 448500 332524 75617 7475 100052 123707 30541 62992 78821 33152 17131 112903 1003 2150 8640 14812 96030 133550
internal_value=0 0.0114841 -0.0109961 -0.00954846 -0.0067565 0.00373248 -0.0128851 0.00837987 0.00574854 -0.026147 0.00118398 -0.0187577 0.00970176 -0.0470835 -0.0145965 0.0233395 6.88596e-05 -0.0117488 0.02342 -0.0168369 -0.0105885 -0.0227147 0.000457968 -0.0334442 -0.0213084 0.00861443 -0.0136834 -0.0080427 -0.0109527 -0.0365821
internal_weight=571828 279708 292120 280851 240413 88670.1 151743 260697 84911.3 40437.8 67481.6 87073.2 244632 11269 19193.9 18041.3 66090 16064.9 17429.7 80166.5 33454.6 15952.3 17502.2 11173.7 46712 226591 2529.86 26631.7 24046.4 21243.8
internal_count=3717660 674131 3043529 2688357 1899629 404750 1494879 629222 285979 788728 244302 1089165 491671 355172 197993 41021 241997 137551 41677 928121 304999 224876 80123 191724 623122 450650 22648 141945 127133 590735
cat_boundaries=0 39 40 80 86 126 150 190 214 215 216 255 294 318
cat_threshold=0 0 4 0 20480 0 0 0 0 131072 0 0 0 0 0 0 0 0 0 0 0 0 0 224 0 0 0 0 0 0 0 0 0 41943040 4194304 0 0 0 2147483648 8448 0 0 0 0 0 0 0 0 0 0 0 0 0 0 0 0 0 0 0 0 0 0 0 0 0 0 0 0 0 0 0 0 0 1073741824 512 67108864 1 8193 0 65536 0 0 4096 0 0 8388608 0 0 0 0 0 0 0 0 0 0 8388608 0 0 0 0 0 0 0 0 0 0 0 0 0 0 0 0 0 0 0 0 0 0 0 0 0 0 0 0 262144 0 0 0 0 4096 0 0 0 0 0 0 0 0 0 0 0 0 0 0 0 0 0 0 64 0 0 0 0 0 0 0 0 0 0 0 0 0 0 0 0 0 0 0 0 0 0 0 0 0 0 0 0 0 0 0 0 0 0 512 67109376 0 1 0 65536 0 0 0 0 4096 0 0 0 0 0 0 0 0 0 0 0 0 0 0 0 0 0 0 224 8192 536 0 0 0 0 0 0 0 0 0 0 0 0 0 0 0 0 0 0 0 0 0 0 0 0 0 0 0 0 0 0 0 0 0 0 0 0 0 0 33280 0 0 0 0 0 0 0 0 0 0 0 0 0 0 0 0 0 0 0 0 0 0 0 0 0 0 0 0 0 0 0 0 0 0 0 0 0 0 33280 0 0 0 0 0 0 0 0 0 0 8388608 0 0 0 0 0 0 0 0 0 0 0 0 96
is_linear=0
shrinkage=0.05


Tree=17
num_leaves=31
num_cat=11
split_feature=166 175 229 169 202 173 196 166 236 175 167 182 179 166 170 166 170 179 166 202 179 166 220 179 217 210 182 179 182 179
split_gain=25818 13709.2 5633.29 4917.39 5590.45 2924.51 2515.49 2369.31 2268.32 1821.3 1448.32 1637.17 1394.51 1393.02 1382.13 1358.94 1123.42 1034.2 896.587 888.824 1599.03 1471.75 876.514 844.188 788.891 1058.48 1561.78 1446.03 908.461 777.748
threshold=0 1.0000000180025095e-35 1.0000000180025095e-35 4.5000000000000009 1 1.0000000180025095e-35 1.0000000180025095e-35 2 1.0000000180025095e-35 1.0000000180025095e-35 3 1.0000000180025095e-35 6.5000000000000009 4 5 6 7 17.500000000000004 8 9 8.5000000000000018 10 135.00000000000003 15.500000000000002 8.5000000000000018 1.0000000180025095e-35 1.0000000180025095e-35 11.500000000000002 1.0000000180025095e-35 15.500000000000002
decision_type=9 2 2 2 1 2 2 9 2 2 9 2 2 9 9 9 9 2 9 1 2 9 2 2 2 2 2 2 2 2
left_child=1 8 3 4 5 6 10 24 14 -5 -2 29 -10 -9 17 -4 -11 -1 -8 22 -21 23 -15 -22 25 27 -27 -6 -26 -12
right_child=2 -3 15 9 7 -7 18 13 12 16 11 -13 -14 19 -16 -17 -18 -19 -20 20 21 -23 -24 -25 28 26 -28 -29 -30 -31
leaf_value=0.027441462180529376 0.052447108605753856 0.053067691795087107 -0.013113719973068108 -0.035837559427420757 0.0016432549206393515 -0.040512405564312556 -0.042337029531310008 -0.039756933185631609 0.013434165467242685 -0.008606927910746064 -0.01221326118958733 0.0066851828044488006 -0.019541760324675719 -0.020971814714683328 0.0080826987816032762 -0.055735608185391951 -0.040343596418269255 -0.0071195361052205841 0.02452824246736976 0.00065863744653731396 -0.023085885991124534 0.0019086187593019722 0.069643654570223701 -0.054651208361311432 -0.0126534654930521 -0.042646133457980961 -0.0024679170017382433 -0.017630941070517596 0.024738834431239028 0.016454035180095954
leaf_weight=15309.726032063365 1335.8098288017791 18002.403891614173 2445.2659433842637 20458.415243953787 33849.866645494534 3597.050435997895 508.73056848929264 6636.245367214171 4447.6493374314159 15546.702300570672 24228.235261855414 38341.992735359003 11479.915894172562 45216.977198757042 225661.20726034808 8275.1198880246957 3393.2502505725133 2520.5144979070174 16735.843076703604 17593.469568587243 7833.1545893817092 4721.9066687072627 267.95134217455052 2904.1875982749043 2582.4933642270043 4714.8915290407022 4966.5030567022332 13656.636148430582 4375.995561591466 2621.4147071475163
leaf_count=28577 2305 44909 22648 590735 139344 118771 11136 161044 13844 122376 127133 100052 123707 622119 450650 332524 75617 12444 30541 80123 108338 33152 1003 83386 17071 45507 39041 148106 16645 14812
internal_value=0 0.0108748 -0.0105189 -0.00913835 -0.00641582 0.00363009 0.00552623 -0.0122933 0.0079471 -0.0254938 0.00111488 5.45347e-05 -0.010333 -0.0177594 0.0091429 -0.0460795 -0.0143198 0.0225429 0.0225439 -0.0158955 -0.00964716 -0.0213819 -0.0204326 -0.0315967 -0.00503351 -0.00696854 -0.0220366 -0.0038975 0.0108609 -0.00941394
internal_weight=564230 277421 286808 276088 236689 87369.1 83772 149320 259419 39398.4 66527.5 65191.6 15927.6 85173.9 243491 10720.4 18940 17830.2 17244.6 78537.6 33052.7 15459.2 45484.9 10737.3 64146.4 57187.9 9681.39 47506.5 6958.49 26849.6
internal_count=3717660 674131 3043529 2688357 1899629 404750 285979 1494879 629222 788728 244302 241997 137551 1089165 491671 355172 197993 41021 41677 928121 304999 224876 623122 191724 405714 371998 84548 287450 33716 141945
cat_boundaries=0 39 40 80 86 126 150 190 214 215 216 255
cat_threshold=0 0 4 0 20480 0 0 0 0 131072 0 0 0 0 0 0 0 0 0 0 0 0 0 224 0 0 0 0 0 0 0 0 0 41943040 4194304 0 0 0 2147483648 34 0 0 0 0 0 0 0 0 0 0 0 0 0 0 0 0 0 0 0 0 0 0 0 0 0 0 0 0 0 0 0 0 0 1073741824 512 67108864 1 8193 0 65536 0 0 4096 0 0 8388608 0 0 0 0 0 0 0 0 0 0 8388608 0 0 0 0 0 0 0 0 0 0 0 0 0 0 0 0 0 0 0 0 0 0 0 0 0 0 0 0 262144 0 0 0 0 4096 0 0 0 0 0 0 0 0 0 0 0 0 0 0 0 0 0 0 64 0 0 0 0 0 0 0 0 0 0 0 0 0 0 0 0 0 0 0 0 0 0 0 0 0 0 0 0 0 0 0 0 0 0 512 67109376 0 1 0 65536 0 0 0 0 4096 0 0 0 0 0 0 0 0 0 0 0 0 0 0 0 0 0 0 224 8192 536 0 0 0 0 0 0 0 0 0 0 0 0 0 0 0 0 0 0 0 0 0 0 0 0 0 0 0 0 0 0 0 0 0 0 0 0 0 0 33280
is_linear=0
shrinkage=0.05


Tree=18
num_leaves=31
num_cat=10
split_feature=166 175 229 177 165 173 223 166 236 175 170 228 167 182 166 231 166 230 180 170 202 180 166 220 180 180 180 171 217 210
split_gain=23170.2 12714.9 5202.93 4684.69 5247.41 2732.62 2286.49 2102.85 2006.21 1688.45 1459.28 1666.93 1311.47 1424.22 1288.8 1311.43 1266.45 1227.18 1110.38 1021.35 909.46 1364.4 1321.82 1003.44 926.738 902.643 850.713 822.049 785.095 911.328
threshold=0 1.0000000180025095e-35 1.0000000180025095e-35 1.0000000180025095e-35 1 1.0000000180025095e-35 1.0000000180025095e-35 2 1.0000000180025095e-35 1.0000000180025095e-35 3 1.0000000180025095e-35 4 1.0000000180025095e-35 5 1.0000000180025095e-35 6 1.0000000180025095e-35 370.00000000000006 7 8 170.00000000000003 9 135.00000000000003 190.00000000000003 410.00000000000006 310.00000000000006 85.000000000000014 8.5000000000000018 1.0000000180025095e-35
decision_type=9 2 2 2 1 2 2 9 2 2 9 2 9 2 9 2 9 2 2 9 1 2 9 2 2 2 2 2 2 2
left_child=1 8 3 4 5 6 12 28 10 -5 11 26 -2 -14 -9 17 -4 20 -10 -11 21 -16 -23 24 -22 -17 27 -1 29 -6
right_child=2 -3 16 9 7 -7 -8 14 18 19 -12 -13 13 -15 15 25 -18 -19 -20 -21 23 22 -24 -25 -26 -27 -28 -29 -30 -31
leaf_value=0.023328558180789549 0.05121252108764978 0.052128192851029015 -0.013281584329672379 -0.035082814411674206 -0.0040706133890453895 -0.039646785270356075 0.0218501329812841 -0.038518336873544265 -0.0052591572162890895 -0.0016652898699053027 0.007599606628780251 -0.051773740184013796 -0.0086484799005815422 0.0065220402572481826 0.00019567472509246389 -0.05085533207920781 -0.054823914326151239 0.011105702425788979 -0.04930670381135821 -0.025081349746826045 -0.029118058136317328 -0.030266192345900684 0.0019269183006581825 0.067232566746975461 -0.012782078662425778 0.0096638990818959571 0.0037376555237017307 0.05034692998201417 0.010874663127978926 -0.0210758952055492
leaf_weight=9220.2471605861792 1279.8906376986997 17055.653872862807 2427.0455605745083 19815.903345841944 47114.556657037901 3481.7135849035112 17094.219768672832 6442.3645371837774 14259.343078342034 8756.6164803216234 224909.40153726307 721.36371908540605 26228.764663936832 37718.19838927919 17539.176480258713 3850.42527772428 7821.0206711934879 4700.986742678564 1589.9147530276678 9957.521556517022 19056.782967850479 10347.0311965406 4612.8208240473177 319.76442052656785 15951.39491089659 733.14610324328532 3458.143067474477 4054.4141028081067 6965.2968834767817 9460.5137728578411
leaf_count=13082 2305 44909 22648 590735 287450 118771 41677 161044 98497 52643 450650 6438 141945 100052 80123 121075 332524 28001 39054 145350 211272 191724 33152 1003 246231 15540 13558 7943 33716 84548
internal_value=0 0.0103161 -0.0100815 -0.00876136 -0.00608952 0.00373727 0.00557291 -0.0118211 0.00755462 -0.0249111 0.00868167 0.0226067 0.00130687 0.00029949 -0.0170348 -0.0152349 -0.0450535 -0.0135974 -0.00967951 -0.0141395 -0.0153096 -0.00926289 -0.0203584 -0.0208633 -0.021675 -0.0411741 0.0258285 0.0315826 -0.00496352 -0.0069145
internal_weight=556944 275268 281675 271427 232897 85802.8 82321.1 147094 258213 38530 242364 17454.2 65226.9 63947 83553.9 77111.5 10248.1 72528 15849.3 18714.1 67827 32499 14959.9 35327.9 35008.2 4583.57 16732.8 13274.7 63540.4 56575.1
internal_count=3717660 674131 3043529 2688357 1899629 404750 285979 1494879 629222 788728 491671 41021 244302 241997 1089165 928121 355172 791506 137551 197993 763505 304999 224876 458506 457503 136615 34583 21025 405714 371998
cat_boundaries=0 39 40 80 104 110 150 190 214 215 254
cat_threshold=0 0 4 0 20480 0 0 0 0 131072 0 0 0 0 0 0 0 0 0 0 0 0 0 224 0 0 0 0 0 0 0 0 0 41943040 4194304 0 0 0 2147483648 8448 0 0 0 0 0 0 0 0 0 0 0 0 0 0 0 0 0 0 0 0 0 0 0 0 0 0 0 0 0 0 0 0 0 1073741824 512 67108864 1 8193 0 65536 0 0 0 0 4096 0 0 0 0 0 0 0 0 0 0 0 0 0 0 0 0 0 0 64 0 0 4096 0 0 8388608 0 0 0 0 0 0 0 0 0 0 8388608 0 0 0 0 0 0 0 0 0 0 0 0 0 0 0 0 0 0 0 0 0 0 0 0 0 0 0 0 262144 0 0 0 0 0 0 0 0 0 0 0 0 0 0 0 0 0 0 0 0 0 0 0 0 0 0 0 0 0 0 0 0 0 0 512 67109376 0 1 0 65536 0 0 0 0 0 0 0 0 0 0 0 0 0 0 0 0 0 0 0 0 0 0 0 160 1025 0 0 0 0 0 0 0 0 0 0 0 0 0 0 0 0 0 0 0 0 0 0 0 0 0 0 0 0 0 0 0 0 0 0 0 0 0 0 33280
is_linear=0
shrinkage=0.05


Tree=19
num_leaves=31
num_cat=12
split_feature=166 175 229 166 170 202 176 173 186 236 167 170 228 170 201 166 217 166 170 182 179 220 182 179 166 166 179 179 175 182
split_gain=21104.5 11771.9 4799.86 4320.13 4804.35 3632.09 2568.03 2812.22 2437.67 1843.34 1698.54 1351.58 1541.16 1264.94 1706.83 1155.99 1084.61 1183.43 1275.29 1112.19 1048.87 1008.49 936.69 919.158 2421.85 2039.11 1861.63 946.299 882.211 1041.09
threshold=0 1.0000000180025095e-35 1.0000000180025095e-35 1 2 3 1.0000000180025095e-35 1.0000000180025095e-35 1.0000000180025095e-35 1.0000000180025095e-35 4 5 1.0000000180025095e-35 6 1.0000000180025095e-35 7 7.5000000000000009 8 9 1.0000000180025095e-35 19.500000000000004 135.00000000000003 1.0000000180025095e-35 7.5000000000000009 10 11 13.500000000000002 14.500000000000002 1.0000000180025095e-35 1.0000000180025095e-35
decision_type=9 2 2 9 9 1 2 2 2 2 9 9 2 9 2 9 2 9 9 2 2 2 2 2 9 9 2 2 2 2
left_child=1 9 3 13 -5 21 8 22 10 11 -7 12 -1 14 -2 -4 17 28 -19 -18 -11 -6 -8 24 -20 26 -25 -27 29 -12
right_child=2 -3 15 4 5 6 7 -9 -10 20 16 -13 -14 -15 -16 -17 19 18 23 -21 -22 -23 -24 25 -26 27 -28 -29 -30 -31
leaf_value=0.024965173087348802 0.0026109533480611273 0.051249199996330312 -0.013843227319178322 -0.05192534960265871 -0.019458879202100952 0.05005875248257588 0.0065332199993553518 -0.038005982856644152 0.0062360201870670659 -0.0054909732671245626 -0.041791007459756439 0.007304775694637106 -0.050704749989663345 -0.041562929420238384 -0.061940881643773441 -0.053861276812063798 -0.014712824271480322 -0.036345170892524148 0.0063603219175680965 0.021614783583420828 -0.052568107485227306 0.063515484787727436 0.026041295524628451 -0.010498972734114693 -0.020437274009802723 -0.0062940198154658152 -0.035686483297052145 0.015325653573437743 -0.0079318624247142044 -0.014412068813466995
leaf_weight=16466.986700774287 4291.5100265316432 16168.929820261663 2419.8454751728568 5744.1608188198006 43369.485058908875 1229.3479364278028 11883.485922202584 2602.9070045326953 37228.998917025281 14341.908939953661 6961.6786597897299 223947.62562602811 701.05347892385907 11994.957742520841 1344.3934586868854 7392.5626812103437 3365.3907453863649 3724.3590852160123 30694.66268053127 5631.9979081138736 1289.1019036690122 368.82169686770067 12763.268733590143 22820.911897733487 11612.362565877091 15656.190057145257 10812.225952646288 7478.6953915174236 8846.0347632766934 6929.4999413485639
leaf_count=34583 60264 44909 22648 187542 622119 2305 44831 97364 100052 103191 135909 450650 6438 314256 31386 332524 23987 77830 103379 22367 34360 1003 21557 183018 68410 113327 205986 68326 73672 129467
internal_value=0 0.00986943 -0.00971802 -0.00845776 -0.00676777 -0.00570239 -0.00285068 0.0114157 -0.00509814 0.00726376 -0.00820624 0.00834247 0.0218608 -0.0323716 -0.0127679 -0.0440631 -0.00874195 -0.00994451 -0.00765868 0.00802616 -0.00937534 -0.0187541 0.016636 -0.00657653 -0.000998402 -0.0107347 -0.0185912 0.000694525 -0.0202663 -0.0281346
internal_weight=550083 272916 277168 267355 249724 243980 200242 27249.7 172992 256747 135763 241116 17168 17630.9 5635.9 9812.41 134534 125537 102799 8997.39 15631 43738.3 24646.8 99075 42307 56768 33633.1 23134.9 22737.2 13891.2
internal_count=3717660 674131 3043529 2688357 2282451 2094909 1471787 163752 1308035 629222 1207983 491671 41021 405906 91650 355172 1205678 1159324 820276 46354 137551 623122 66388 742446 171789 570657 389004 181653 339048 265376
cat_boundaries=0 39 79 90 91 97 121 132 172 210 234 273 312
cat_threshold=0 0 4 0 20480 0 0 0 0 131072 0 0 0 0 0 0 0 0 0 0 0 0 0 224 0 0 0 0 0 0 0 0 0 41943040 4194304 0 0 0 2147483648 8192 0 0 0 0 0 0 0 0 0 8388608 0 0 0 0 0 0 0 0 0 0 0 0 0 0 0 0 0 0 0 0 0 0 0 0 0 16 0 0 262144 0 0 0 0 16384 0 0 0 0 131072 8388608 536 0 0 4096 0 0 8388608 0 0 0 0 4096 0 0 0 0 0 0 0 0 0 0 0 0 0 0 0 0 0 0 64 0 0 0 0 4096 0 0 0 0 131072 8388608 0 0 0 0 0 0 0 0 0 0 0 0 0 0 0 0 0 0 0 0 0 0 0 0 0 0 0 0 0 0 0 0 0 0 512 67109376 0 1 0 65536 524288 0 0 0 0 0 0 0 0 0 0 0 0 0 0 0 0 0 0 0 0 0 0 0 0 0 0 0 0 0 0 0 0 0 0 0 0 8192 0 0 0 0 4096 0 0 0 0 0 0 0 0 0 0 0 0 0 0 0 0 0 0 32 0 0 0 0 0 0 0 0 0 0 0 0 0 0 0 0 0 0 0 0 0 0 0 0 0 0 0 0 0 0 0 0 0 1073741824 0 0 1 1 33280 0 0 0 0 0 0 0 0 0 0 0 0 0 0 0 0 0 0 0 0 0 0 0 0 0 0 0 0 0 0 0 0 0 1073741824 0 0 1 0 33280
is_linear=0
shrinkage=0.05


Tree=20
num_leaves=31
num_cat=12
split_feature=166 175 229 169 165 173 196 236 166 175 170 228 167 182 179 166 166 179 229 170 171 166 199 202 179 166 228 179 166 176
split_gain=18931 11010 4430.89 3941.41 4472.84 2202.21 2022.51 1821.28 1690.08 1437.42 1171.45 1451.36 1117.27 1277.93 1100.24 1099.16 1079.73 969.698 944.812 931.028 837.444 768.99 732.793 780.892 2038.83 2289.6 2058.97 1570.39 788.178 1984.58
threshold=0 1.0000000180025095e-35 1.0000000180025095e-35 4.5000000000000009 1 1.0000000180025095e-35 1.0000000180025095e-35 1.0000000180025095e-35 2 1.0000000180025095e-35 3 1.0000000180025095e-35 4 1.0000000180025095e-35 17.500000000000004 5 6 19.500000000000004 1.0000000180025095e-35 7 85.000000000000014 8 1.0000000180025095e-35 9 11.500000000000002 10 1.0000000180025095e-35 11.500000000000002 11 1.0000000180025095e-35
decision_type=9 2 2 2 1 2 2 2 9 2 9 2 9 2 2 9 9 2 2 9 2 9 2 1 2 9 2 2 9 2
left_child=1 7 3 4 5 6 12 10 -6 -5 11 14 -2 -14 20 -10 -4 -9 22 -11 -1 -8 23 27 -25 -26 -27 28 -12 -30
right_child=2 -3 16 9 8 -7 21 17 15 19 18 -13 13 -15 -16 -17 -18 -19 -20 -21 -22 -23 -24 24 25 26 -28 -29 29 -31
leaf_value=0.020881839480102957 0.048888030153740096 0.050369052172619548 0.020441424939514174 -0.033242569237276823 -0.004300725101428148 -0.037309473637032319 -0.041628158298879885 -0.0061271059796976389 -0.036432840354133696 -0.0083362217134838549 0.016789919047925522 -0.050240296999094117 -0.0086335939961942245 0.0059123082367292801 -0.0074842040115276334 -0.014121736141725899 -0.049490958424007858 -0.051809222838812966 -0.032963883905772311 -0.038400663097269479 0.04765889048846364 0.022172858744494019 0.051450383445867436 -0.0031098279222121837 0.016658713008870844 -0.040447669420925286 0.035641226205177047 0.0014424572979670758 0.010837632895899073 -0.03105287118028166
leaf_weight=9828.7037304991973 1178.0871512321755 15321.079933171044 591.63048925442854 18596.556021416502 52916.340908228594 3205.7398780240328 477.96411344711669 14264.199712046306 5934.6873363307677 15113.426139669493 55317.665117971133 696.47425592655782 25581.862960660394 36849.238660158357 2449.3242071024142 79313.285539915873 8039.1948930567305 1264.2471854796167 1479.0633362218505 3099.2442439139413 4155.3834336120635 16369.522801973857 928.00466917548329 52007.334865163313 33539.813975933299 3445.7858873618534 1197.7176567127462 43047.171930396347 34347.421271573519 3080.417114535463
leaf_count=14582 2305 44909 4832 590735 379868 118771 11136 103191 161044 122376 80691 6438 141945 100052 11089 926534 342083 34360 17227 75617 8912 30541 2150 115593 65677 21910 1944 98860 71191 11097
internal_value=0 0.00917533 -0.00948783 -0.00831207 -0.00579767 0.00332649 0.0049463 0.0067579 -0.0113221 -0.0234644 0.00780822 0.0204173 0.00086633 -4.79764e-05 0.0234261 -0.0156793 -0.0447294 -0.00984818 0.00686125 -0.0134791 0.0288404 0.0203498 0.00712123 0.00693906 0.00333118 0.012105 -0.0207742 0.00933434 0.0129982 0.00738745
internal_weight=543637 276370 267267 258636 221827 83662.4 80456.7 261049 138164 36809.2 245520 17129.9 63609.2 62431.1 16433.4 85248 8630.83 15528.4 228390 18212.7 13984.1 16847.5 226911 225983 90190.7 38183.3 4643.5 135793 92745.5 37427.8
internal_count=3717660 709821 3007839 2660924 1872196 404750 285979 664912 1467446 788728 527361 41021 244302 241997 34583 1087578 346915 137551 486340 197993 23494 41677 469113 466963 205124 89531 23854 261839 162979 82288
cat_boundaries=0 39 40 80 104 110 150 186 210 211 212 246 280
cat_threshold=0 0 4 0 20480 0 0 0 0 131072 0 0 0 0 0 0 0 0 0 0 0 0 0 224 0 0 0 0 0 0 0 0 0 41943040 4194816 0 0 0 2147483648 8448 0 0 0 0 0 0 0 0 0 0 0 0 0 0 0 0 0 0 0 0 0 0 0 0 0 0 0 0 0 0 0 0 0 1073741824 0 67108864 0 8193 32768 65536 0 0 0 0 4096 0 0 0 0 0 0 0 0 0 0 0 0 0 0 0 0 0 0 64 0 0 4096 0 0 8388608 0 0 0 0 0 0 0 0 0 0 8388608 0 0 0 0 0 0 0 0 0 0 0 0 0 0 0 0 0 0 0 0 0 0 0 0 0 0 0 0 262144 0 0 0 0 0 0 0 0 0 0 0 0 0 0 0 0 0 0 0 0 0 0 0 0 0 0 0 0 0 0 0 0 0 0 0 512 0 0 0 0 4096 0 0 0 0 0 0 0 0 0 0 0 0 0 0 0 0 0 0 224 8192 1088 0 0 0 0 0 0 0 0 0 131072 0 0 0 0 0 0 0 0 0 0 0 0 0 32 0 0 0 0 0 0 0 0 0 33554432 0 0 4 0 0 0 0 0 0 0 0 0 0 0 0 0 0 0 0 0 0 0 0 0 0 0 0 0 0 0 0 0 0 8388608
is_linear=0
shrinkage=0.05


Tree=21
num_leaves=31
num_cat=12
split_feature=166 175 229 166 170 176 202 173 236 186 167 229 166 170 201 170 179 217 182 182 166 166 179 179 182 167 220 175 170 173
split_gain=18992.3 9997.34 4192.26 3531.28 4038.36 3251.68 3222.63 2321.72 1855.61 1572.8 1395.08 1161.1 1122.75 1084.4 1347.35 1032.01 941.847 939.634 1032.71 985.636 2167.26 1323.69 1093.27 909.188 887.607 864.62 855.973 763.634 918.864 746.306
threshold=0 1.0000000180025095e-35 1.0000000180025095e-35 1 2 1.0000000180025095e-35 3 1.0000000180025095e-35 1.0000000180025095e-35 1.0000000180025095e-35 4 1.0000000180025095e-35 5 6 1.0000000180025095e-35 7 6.5000000000000009 7.5000000000000009 1.0000000180025095e-35 1.0000000180025095e-35 8 9 11.500000000000002 21.500000000000004 1.0000000180025095e-35 10 135.00000000000003 1.0000000180025095e-35 11 1.5000000000000002
decision_type=9 2 2 9 9 2 1 2 2 2 9 2 9 9 2 9 2 2 2 2 9 9 2 2 2 9 2 2 9 2
left_child=1 8 3 13 -5 6 26 24 11 10 -8 15 -4 14 -2 23 -10 19 -19 20 -12 22 -21 -1 -7 -22 27 28 29 -6
right_child=2 -3 12 4 5 7 9 -9 16 -11 17 -13 -14 -15 -16 -17 -18 18 -20 21 25 -23 -24 -25 -26 -27 -28 -29 -30 -31
leaf_value=0.023030592117375716 -0.00083677186748566548 0.049499351849847259 0.022842588279254845 -0.050057016756070494 -0.044100693991407675 0.0050948945560676112 0.047933141097666138 -0.03614698331571134 0.0093130443480149271 0.0051355494289617287 -0.03534850653798307 -0.02729748126128519 -0.052394532344506653 -0.040229232644300193 -0.058810452729397195 0.0073898309014621385 -0.017811363746362129 -0.014320916673709817 0.020771516827186431 -0.014629822703327626 -0.017975136139213383 -0.0063750096004653416 -0.043966180676800935 -0.028514118258343359 0.024193042696659388 -0.0002867315889921969 0.060705748104648793 -0.0074263885986035304 -0.018149821029653145 0.07542505267636182
leaf_weight=15874.347542561649 4590.1517542058136 14526.894121032092 533.41299908369547 5326.9578715653333 4820.6514993867313 11774.130186142924 1130.8016438791528 2444.2682786996302 4517.4353092876263 36462.653854051954 5632.3310391943669 2314.990879802237 6810.4469069241313 10841.188291585073 1281.7225352593814 226686.0118246247 10972.767829859164 3336.3097401626292 5639.2514649503864 6497.4945009987568 8061.8080692948424 13304.227488058386 6214.3393998549145 903.74230431974865 12590.472844439559 47940.453151522059 351.4213877475122 14793.377483201271 48181.66170353342 133.76496422162745
leaf_count=33546 69540 44909 4832 187542 166619 44831 2305 97364 13844 100052 56533 26715 332595 301351 35015 499481 123707 23987 22367 60454 37259 113704 142996 7475 21557 257537 1003 123356 764098 1086
internal_value=0 0.00912809 -0.00973155 -0.00864386 -0.00706088 -0.00605979 -0.00822647 0.0103036 0.00688364 -0.0037264 -0.00703228 0.00794151 -0.0469681 -0.0308436 -0.0134732 0.00827665 -0.00990066 -0.00767999 0.00772667 -0.00925863 -0.00581366 -0.0174196 -0.0289501 0.020241 0.0149644 -0.00283605 -0.0170691 -0.0174744 -0.0202717 -0.040783
internal_weight=534489 275796 258693 251349 234636 229309 202501 26808.9 261269 134220 97757 245779 7343.86 16713.1 5871.87 243464 15490.2 96626.2 8975.56 87650.7 61634.6 26016.1 12711.8 16778.1 24364.6 56002.3 68280.9 67929.5 53136.1 4954.42
internal_count=3717660 749677 2967983 2630556 2224650 2037108 1873356 163752 704768 817194 717142 567217 337427 405906 104555 540502 137551 714837 46354 668483 351329 317154 203450 41021 66388 294796 1056162 1055159 931803 167705
cat_boundaries=0 39 79 90 91 97 133 144 168 208 247 281 305
cat_threshold=0 0 4 0 20480 0 0 0 0 131072 0 0 0 0 0 0 0 0 0 0 0 0 0 224 0 0 0 0 0 0 0 0 0 41943040 4194816 0 0 1 2147483648 8192 0 0 0 0 0 0 0 0 0 8388608 0 0 0 0 0 0 0 0 0 0 0 0 0 0 0 0 0 0 0 0 0 0 0 0 0 16 0 0 262144 0 0 0 0 16384 0 0 0 0 131072 8388608 568 0 0 4096 0 0 8388608 0 0 0 0 0 0 0 0 0 0 0 0 0 0 0 0 0 0 0 0 0 0 0 0 0 0 0 0 0 0 0 0 0 0 0 512 0 0 4 0 4096 0 0 0 0 131072 8388608 0 0 0 0 4096 0 0 0 0 0 0 0 0 0 0 0 0 0 0 0 0 0 0 64 0 0 0 0 0 0 0 0 0 0 0 0 0 0 0 0 0 0 0 0 0 0 0 0 0 0 0 0 0 0 0 0 0 0 0 512 0 8192 0 65536 0 0 0 0 0 0 0 0 0 0 0 0 0 0 0 0 0 0 0 0 0 0 0 0 0 0 0 0 0 0 0 0 0 0 0 0 1 0 33280 0 0 0 0 0 0 0 0 0 0 0 0 0 128 0 0 0 0 0 0 0 0 0 0 0 0 0 0 0 0 0 0 0 65536 0 0 0 0 4096 0 0 0 0 0 0 0 0 0 0 0 0 0 0 0 0 0 0 32
is_linear=0
shrinkage=0.05


Tree=22
num_leaves=31
num_cat=3
split_feature=165 175 229 169 165 201 173 219 188 179 213 179 179 175 179 172 188 233 205 182 231 230 179 167 216 176 172 171 179 179
split_gain=12119.5 8499.67 4964.29 5293.52 3894.55 2067.77 1516.75 1327.05 1186.49 2223.12 1338.75 2494.65 2031.56 1171.14 1043.49 1176.03 1120.84 904.734 1691.72 1307.5 922.301 1158.45 1126.49 869.168 744.25 739.135 2976.21 1598.36 1297.89 971.375
threshold=0 1.0000000180025095e-35 1.0000000180025095e-35 4.5000000000000009 1 1.0000000180025095e-35 1.0000000180025095e-35 1.5000000000000002 1.0000000180025095e-35 19.500000000000004 1.0000000180025095e-35 11.500000000000002 9.5000000000000018 1.0000000180025095e-35 17.500000000000004 175.00000000000003 1.0000000180025095e-35 1.0000000180025095e-35 1.0000000180025095e-35 1.0000000180025095e-35 1.0000000180025095e-35 1.0000000180025095e-35 20.500000000000004 2 1.5000000000000002 1.0000000180025095e-35 60.000000000000007 75.000000000000014 2.5000000000000004 6.5000000000000009
decision_type=1 2 2 2 1 2 2 2 2 2 2 2 2 2 2 2 2 2 2 2 2 2 2 9 2 2 2 2 2 2
left_child=1 14 3 4 5 6 7 8 10 -10 11 -2 -12 -5 15 25 -16 18 -6 -19 21 -20 -22 -13 -25 27 -27 -1 -28 -29
right_child=2 -3 -4 13 17 -7 -8 -9 9 -11 12 23 -14 -15 16 -17 -18 19 20 -21 22 -23 -24 24 -26 26 28 29 -30 -31
leaf_value=0.0093018500810941231 -0.004465694882964672 0.048677996466891443 -0.0412947542820256 -0.031679311721108327 -0.046444720606242433 0.016662404625294943 -0.037127088168834262 -0.024477654176393988 0.016745694431373189 -0.027865558014733706 -0.00029706472768182369 0.038075427978629742 -0.016674123264041548 -0.013507720905974581 0.0041728831865375828 0.033934458923928761 -0.022088312586458412 0.024832684324683024 -0.017878395658734735 -0.04713873849425565 -0.048695357012828122 0.011260010197886633 0.016491538683997546 0.0063790093746515682 0.040414411514357255 -0.026718990459745653 -0.040400240136559677 0.01035814782769327 0.02885990177442694 -0.016397684899681578
leaf_weight=94026.170719586895 86655.99369278604 13776.241680706735 9275.3621789366007 17643.70927511467 5542.4734675250511 16872.456079834374 2935.3326569327619 5878.4204979048227 19656.344511720235 3254.5460683819838 47608.46525875965 2354.7122834401671 31443.261630708352 17828.916061196331 15752.981773008476 4686.7219931533327 5474.6794256747235 2422.6282936794451 14051.382914790782 852.73904383499757 3518.8187347955827 4503.8777421124396 816.11684570027865 64875.200178105631 1646.5559061188251 3208.4415782657452 706.13158133346587 4960.2729302081279 15824.935409482743 10727.690043638751
leaf_count=165499 343014 44909 364142 590735 136862 51253 116105 79553 44613 7898 234691 7837 454475 197993 35985 14392 59305 11180 157551 22935 121075 28001 15540 273663 2930 12860 1358 14683 22895 83728
internal_value=0 0.0110373 -0.00519122 -0.0042355 -0.00217269 -0.000311629 -0.00138711 -0.000988693 -0.000452391 0.0104079 -0.00151311 0.00117973 -0.00681126 -0.0225465 0.00770027 0.00933034 -0.00260009 -0.0187872 -0.0216597 0.00608913 -0.0156574 -0.0108053 -0.0364213 0.00828251 0.00722075 0.00843941 0.0173466 0.00683673 0.0259 -0.00793756
internal_weight=528782 169144 359637 350362 314889 283181 266309 263374 257495 22910.9 234584 155532 79051.7 35472.6 155368 134140 21227.7 31708 28432.7 3275.37 22890.2 18555.3 4334.94 68876.5 66521.8 129454 19739.5 109714 16531.1 15688
internal_count=3717660 455614 3262046 2897904 2109176 1616032 1564779 1448674 1369121 52511 1316610 627444 689166 788728 410705 315415 95290 493144 459029 34115 322167 185552 136615 284430 276593 301023 37113 263910 24253 98411
cat_boundaries=0 1 2 36
cat_threshold=1536 8576 0 0 4096 0 0 8388608 0 0 0 0 0 0 0 0 0 0 0 0 0 0 0 0 0 0 0 0 0 0 0 0 0 0 0 32768
is_linear=0
shrinkage=0.05


Tree=23
num_leaves=31
num_cat=9
split_feature=166 175 176 186 229 166 222 167 165 179 166 179 231 166 230 175 182 200 217 166 179 182 172 228 172 182 182 166 216 166
split_gain=17764.5 7901.72 4785.18 3734.26 2673.58 2794.53 2284.25 1373.47 1333.16 1391.37 1845.35 1376.12 1303.58 1040.45 1013.54 885.341 855.857 1183.17 835.065 955.374 1714.76 1681.67 818.91 1814.48 813.672 787.364 763.327 697.032 1095.76 691.905
threshold=0 1.0000000180025095e-35 1.0000000180025095e-35 1.0000000180025095e-35 1.0000000180025095e-35 1 1.0000000180025095e-35 2 3 16.500000000000004 4 16.500000000000004 1.0000000180025095e-35 5 1.0000000180025095e-35 1.0000000180025095e-35 1.0000000180025095e-35 1.0000000180025095e-35 8.5000000000000018 6 6.5000000000000009 1.0000000180025095e-35 175.00000000000003 1.0000000180025095e-35 60.000000000000007 1.0000000180025095e-35 1.0000000180025095e-35 7 1.5000000000000002 8
decision_type=9 2 2 2 2 9 2 9 1 2 9 2 2 9 2 2 2 2 2 9 2 2 2 2 2 2 2 9 2 9
left_child=1 22 3 4 5 15 16 -7 9 18 -11 12 14 -6 -10 -2 17 -4 19 21 -21 -9 27 25 -17 -24 -20 28 -1 -18
right_child=2 -3 6 -5 13 7 -8 8 11 10 -12 -13 -14 -15 -16 24 29 -19 26 20 -22 -23 23 -25 -26 -27 -28 -29 -30 -31
leaf_value=-0.0043742260703091103 -0.034011039041947036 0.047892386904990647 -0.0030149159092472816 0.0036428691228867906 0.00076639588389735809 0.046504792612598038 -0.035202808084500013 -0.030570632438565771 -0.020294060542990201 -0.039441899884385775 -0.0035971881299573572 0.0028774764811530847 -0.053630493419262626 -0.051139755901945076 0.0066839965011784158 0.0055772159695560743 -0.047319949941611338 0.018527361201277275 -0.010258728147660221 0.0056716037665593601 -0.0099979641143244126 0.00011248466314434836 0.053211881971527986 -0.050700829865097718 -0.024420209414260929 0.011210490392784926 0.026176204219362259 0.0084899019450079983 0.024582716642410296 0.022738235380264791
leaf_weight=22561.363923469791 17674.343254490814 13087.71521727863 16939.568238367443 36221.526370523963 1149.1297862152569 1051.3086169684539 2988.4044751327601 9951.7530446442252 41275.523331580567 7349.7503962186747 7030.1793310665234 7582.6586021657859 2724.959362304653 6292.4022899973497 3801.5998586414498 3132.9817709046183 354.05878977291286 10218.126855545357 2295.0197233752115 28400.305382411825 45318.586746179732 8099.5961250730179 3029.5283549726009 659.18757733196253 8114.0262205552135 1767.255688168807 3845.2536691837013 191268.62461024569 3819.6567277347203 12436.036174689652
leaf_count=103207 586642 44909 95333 100052 13160 2305 118771 110281 511137 176326 82673 144329 102112 332524 23474 12553 9437 17289 14979 89259 390115 71602 6756 6438 124594 5831 12639 380194 7105 21634
internal_value=0 0.0101336 -0.00842053 -0.0111573 -0.0137713 -0.0126634 0.00695873 -0.0101998 -0.0105582 -0.00742533 -0.0219489 -0.0169074 -0.0200494 -0.0431919 -0.0180187 -0.0270229 0.0101133 0.00509041 -0.0052929 -0.00648737 -0.00396064 -0.016794 0.00791896 0.0270512 -0.0160638 0.0377413 0.0125576 0.00743928 -0.000180962 0.0207775
internal_weight=520440 236193 284247 241311 205089 197648 42936.2 168726 167675 112290 14379.9 55384.7 47802.1 7441.53 45077.1 28921.4 39947.8 27157.7 97910.5 91770.2 73718.9 18051.3 223106 5455.97 11247 4796.78 6140.27 217650 26381 12790.1
internal_count=3717660 554440 3163220 2900756 2800704 2455020 262464 1731231 1728926 947874 258999 781052 636723 345684 534611 723789 143693 112622 688875 661257 479374 181883 509531 19025 137147 12587 27618 490506 110312 31071
cat_boundaries=0 39 79 85 86 125 165 203 241 242
cat_threshold=0 0 4 0 20480 0 0 0 0 131072 0 0 0 0 0 0 0 0 0 0 0 0 0 96 0 0 0 0 0 0 0 0 0 41943040 4194304 0 0 1 2147483648 532480 0 0 0 0 0 0 0 0 0 8388608 0 0 0 0 0 0 0 0 0 0 0 0 0 0 0 0 0 0 0 0 0 0 0 0 0 16 0 0 262144 0 0 4096 0 0 8388608 1664 0 0 0 0 0 0 0 0 0 0 0 0 0 0 0 0 0 0 0 0 0 0 0 128 0 0 0 0 0 0 0 0 0 1073741824 0 0 1 0 33280 0 0 0 0 0 0 0 0 0 0 0 0 0 0 0 0 0 0 0 0 0 0 0 0 0 0 0 0 0 0 0 0 0 0 512 67109376 0 0 0 65536 0 0 0 0 0 0 0 0 0 0 0 0 0 0 0 0 0 0 0 0 0 0 0 0 0 0 0 0 0 0 0 0 0 0 0 512 1073741824 8192 0 0 0 0 4096 0 0 0 0 0 0 0 0 0 0 0 0 0 0 0 0 0 0 0 0 0 0 0 0 0 0 0 0 33554432 0 0 0 1 8192
is_linear=0
shrinkage=0.05


Tree=24
num_leaves=31
num_cat=10
split_feature=166 175 166 170 176 202 229 173 236 179 166 167 186 166 170 170 228 179 171 182 220 229 179 231 179 204 233 182 182 170
split_gain=16038.4 7597.12 3213.5 3561.17 2818.85 2512.52 2403.09 1858.6 1684.97 1204.19 986.356 953.617 938.941 837.893 1035.81 783.113 1268.01 800.966 741.355 738.39 718.197 710.869 686.379 666.193 809.715 691.643 1903.83 1054.82 1048.2 722.767
threshold=0 1.0000000180025095e-35 1 2 1.0000000180025095e-35 3 1.0000000180025095e-35 1.0000000180025095e-35 1.0000000180025095e-35 6.5000000000000009 4 5 1.0000000180025095e-35 6 7 8 1.0000000180025095e-35 17.500000000000004 85.000000000000014 1.0000000180025095e-35 135.00000000000003 1.0000000180025095e-35 8.5000000000000018 1.0000000180025095e-35 17.500000000000004 1.0000000180025095e-35 1.0000000180025095e-35 1.0000000180025095e-35 1.0000000180025095e-35 9
decision_type=9 2 9 9 2 1 2 2 2 2 9 9 2 9 9 9 2 2 2 2 2 2 2 2 2 2 2 2 2 9
left_child=1 8 9 -4 5 6 11 19 15 13 -8 -5 -13 -2 -15 16 17 18 -1 -6 23 -17 -12 25 -25 27 -27 -7 -28 -29
right_child=2 -3 3 4 7 20 10 -9 -10 -11 22 12 -14 14 -16 21 -18 -19 -20 -21 -22 -23 -24 24 -26 26 28 29 -30 -31
leaf_value=0.01890471481338387 0.0068828609437309729 0.047069787927907773 -0.048656192371323341 0.045568718757812939 0.0045753803702276528 -0.017711966260032679 -0.05074196232380556 -0.033882660744997954 -0.009372024008205148 -0.031980634670247858 -0.032068365798991687 -0.0056137397028490806 0.0039563310703549827 0.014153848225720939 -0.037551095167619147 0.0073939128796846471 -0.049123434026277002 -0.0056064211865561979 0.045289725083950808 0.022165425704865377 0.05852340695404204 -0.043199412403720362 0.027029779974935764 -0.051531803479444582 -0.0034274335914455615 -0.047157777208950369 0.019631896215855784 -0.028962211837335355 -0.046149371672509661 0.0016495056463989657
leaf_weight=9510.3332737741875 4114.8762152490672 12421.618237820454 4963.2467966282857 1008.1275219597155 11563.759591769136 36078.214146604296 3745.2161859066691 2249.5462328373105 14796.928140264004 18826.293905785802 1170.2316723228432 93887.024379309034 35252.732883883873 1321.1601627834607 3599.8426279426785 209946.20102850924 661.37576680839993 2311.6274774151389 3698.3647159500979 12327.086168406182 321.53479395539034 696.07906402234221 846.0531567868893 2721.1791259268648 1289.5845013897051 5146.9401221333101 2301.507859740057 2217.2617837391444 821.26404534591711 14337.637670269338
leaf_count=14582 22987 44909 187542 2305 44831 464217 206824 97364 137551 555929 14008 642474 100052 12974 69880 441680 6438 11089 8912 21557 1003 8970 8640 107495 29120 136150 10889 74362 22935 209991
internal_value=0 0.00893553 -0.0087271 -0.00680137 -0.00588515 -0.00789278 -0.00402 0.00956048 0.00697532 -0.0247704 -0.0356185 -0.00262131 -0.00300101 -0.00977381 -0.0236681 0.00804179 0.018641 0.0215425 0.0262942 0.0136519 -0.015958 0.00722626 -0.00723131 -0.0163299 -0.0360684 -0.0150297 -0.0284724 -0.0129172 0.00232573 -0.00246739
internal_weight=514153 254043 260110 232248 227285 201145 135909 26140.4 241621 27862.2 5761.5 130148 129140 9035.88 4921 226824 16181.7 15520.3 13208.7 23890.8 65235.1 210642 2016.28 64913.6 4010.76 60902.8 8269.71 52633.1 3122.77 16554.9
internal_count=3717660 674131 3043529 2381759 2194217 2030465 974303 163752 629222 661770 229472 744831 742526 105841 82854 491671 41021 34583 23494 66388 1056162 450650 22648 1055159 136615 918544 169974 748570 33824 284353
cat_boundaries=0 39 79 90 91 130 136 175 186 210 234
cat_threshold=0 0 4 0 20480 0 0 0 0 131072 0 0 0 0 0 0 0 0 0 0 0 0 0 224 0 0 0 0 0 0 0 0 0 41943040 4194304 0 0 0 2147483648 8192 0 0 0 0 0 0 0 0 0 8388608 0 0 0 0 0 0 0 0 0 0 0 0 0 0 0 0 0 0 0 0 0 0 0 0 0 16 0 512 262144 0 0 0 0 16384 0 0 0 0 131072 8388608 3075 0 0 0 0 0 0 0 0 0 0 0 0 0 0 0 0 0 0 0 0 0 0 0 0 0 0 0 0 0 0 0 0 0 1073741824 0 0 1 0 32768 0 0 4096 0 0 8388608 0 0 0 0 0 0 0 0 0 0 0 0 0 0 0 0 0 0 0 0 0 0 0 0 0 0 0 0 0 0 0 0 0 0 0 0 0 0 512 0 0 0 0 0 0 0 0 0 131072 8388608 0 0 0 0 4096 0 0 0 0 0 0 0 0 0 0 0 0 0 0 0 0 0 0 64 0 0 0 0 4096 0 0 0 0 0 0 0 0 0 0 0 0 0 0 0 0 0 0 32
is_linear=0
shrinkage=0.05


Tree=25
num_leaves=31
num_cat=7
split_feature=202 175 229 169 201 188 182 236 202 175 170 228 179 170 179 179 202 179 170 171 222 179 220 222 231 230 179 179 199 167
split_gain=13344.9 7610.6 2821.83 2567.3 3193.01 1717.8 1967.78 1494.38 1147.02 1036.06 957.072 1221.33 939.624 800.342 783.703 756.527 753.06 1545.8 751.29 677.122 649.457 641.087 632.392 568.562 568.248 1137.96 709.498 646.765 564.905 557.627
threshold=0 1.0000000180025095e-35 1.0000000180025095e-35 4.5000000000000009 1.0000000180025095e-35 1.0000000180025095e-35 1.0000000180025095e-35 1.0000000180025095e-35 1 1.0000000180025095e-35 2 1.0000000180025095e-35 12.500000000000002 3 17.500000000000004 6.5000000000000009 4 14.500000000000002 5 95.000000000000014 1.0000000180025095e-35 10.500000000000002 135.00000000000003 1.0000000180025095e-35 1.0000000180025095e-35 1.0000000180025095e-35 20.500000000000004 9.5000000000000018 1.0000000180025095e-35 6
decision_type=1 2 2 2 2 2 2 2 1 2 9 2 2 9 2 2 1 2 9 2 2 2 2 2 2 2 2 2 2 9
left_child=1 7 3 4 5 8 21 10 12 -5 11 14 20 -6 19 -9 28 29 23 -1 -2 -7 24 -11 25 27 -26 -10 -12 -18
right_child=2 -3 -4 9 13 6 -8 15 22 18 16 -13 -14 -15 -16 -17 17 -19 -20 -21 -22 -23 -24 -25 26 -27 -28 -29 -30 -31
leaf_value=0.018602838634718882 -0.0034943505654077577 0.046289732507544014 -0.038023498837597008 -0.02988439520482469 0.017546838530507796 0.033947725112989179 -0.02493472732910533 0.0072938111518151272 -0.025437478589382924 0.0010367874532154638 0.006914593939448219 -0.049948842151163513 -0.015096586485858737 -0.031893184785730062 -0.0060163294888205352 -0.017449632224892427 -0.022596724755940018 0.011231665686976047 -0.022349326410137208 0.044163740462313826 -0.03527042969839729 0.0020106050112592895 0.05515997744604189 -0.072037473831552443 -0.046315743036681761 0.0088020408460586456 0.0075438210759825432 -0.010965062495291776 0.048050142176725409 -0.0027607563343471858
leaf_weight=9456.5041343897465 80071.241755832394 11801.065037495457 8299.177871468768 16485.008819681942 15769.430531734775 5407.2759288707748 2709.9021115259966 4383.9752464506309 16454.125966699808 7948.6994295037584 179868.83659063469 633.76627147698309 25684.465212204435 854.88807613530662 2305.0862055564066 10455.266960551904 3864.8252369988477 24015.611565809755 8946.9121356164396 3569.8041392741725 1640.5205916247505 2215.4722637918312 303.03587436350062 274.90799407777376 3066.9456480817462 4299.0601150075672 763.33710293419426 14548.037938286681 838.0532441418618 41468.038193096785
leaf_count=14631 495492 44909 364142 590735 38779 8966 11872 13844 211272 45125 407946 6438 441232 12474 11089 123707 22638 70966 145350 8863 59921 6780 1003 7518 121075 28001 15540 246231 2150 138971
internal_value=0 0.00695509 -0.00943466 -0.00829124 -0.00584336 -0.00804762 0.011657 0.00530249 -0.00943433 -0.020931 0.0061639 0.0180304 -0.00675417 0.0149946 0.0208542 -0.0101393 0.00540528 0.000975348 -0.0123342 0.0256095 -0.00413259 0.0246669 -0.0167272 -0.00140793 -0.017289 -0.0153036 -0.0355812 -0.0186466 0.00710513 -0.00445779
internal_weight=508403 292661 215742 207443 173788 157163 10332.7 280860 146831 33655.5 266021 15965.2 107396 16624.3 15331.4 14839.2 250055 69348.5 17170.5 13026.3 81711.8 7622.75 39434.5 8223.61 39131.5 35301.2 3830.28 31002.2 180707 45332.9
internal_count=3717660 866152 2851508 2487366 1698638 1647385 27618 821243 1619767 788728 683692 41021 996645 51253 34583 137551 642671 232575 197993 23494 555413 15746 623122 52643 622119 485504 136615 457503 410096 161609
cat_boundaries=0 1 2 26 50 51 75 109
cat_threshold=199 3104 0 0 0 0 4096 0 0 0 0 0 0 0 0 0 0 0 0 0 0 0 0 0 0 64 0 0 0 0 0 0 0 0 0 0 8388608 0 0 0 0 0 0 0 0 0 0 0 0 192 68 0 0 0 0 0 0 0 0 0 0 0 0 0 0 0 0 0 0 0 0 0 0 0 160 0 0 0 0 0 0 0 0 0 0 0 0 0 128 0 0 0 0 0 0 0 0 0 0 0 0 0 0 0 0 0 0 0 49152
is_linear=0
shrinkage=0.05


Tree=26
num_leaves=31
num_cat=9
split_feature=166 175 229 166 170 176 202 222 170 201 166 186 167 217 172 228 166 176 216 179 196 231 179 230 175 179 170 169 200 179
split_gain=13856.7 6544.69 2839.06 2803.92 3203.98 2384.41 2256.09 1588.71 1021.85 1146.22 996.421 988.572 1009.17 918.496 727.543 1536.24 953.952 1152.26 1147.9 858.895 611.542 596.413 646.001 601.504 603.088 845.703 569.559 552.034 534.689 523.195
threshold=0 1.0000000180025095e-35 1.0000000180025095e-35 1 2 1.0000000180025095e-35 3 1.0000000180025095e-35 4 1.0000000180025095e-35 5 1.0000000180025095e-35 6 8.5000000000000018 175.00000000000003 1.0000000180025095e-35 7 1.0000000180025095e-35 1.5000000000000002 6.5000000000000009 1.0000000180025095e-35 1.0000000180025095e-35 17.500000000000004 1.0000000180025095e-35 1.0000000180025095e-35 9.5000000000000018 8 4.5000000000000009 1.0000000180025095e-35 10.500000000000002
decision_type=9 2 2 9 9 2 1 2 9 2 9 2 9 2 2 2 9 2 2 2 2 2 2 2 2 2 9 2 2 2
left_child=1 14 3 8 -5 6 21 20 9 -2 -4 12 -8 29 16 -16 17 18 19 -1 -7 23 -23 24 25 -6 -9 -10 -19 -14
right_child=2 -3 10 4 5 7 11 26 27 -11 -12 -13 13 -15 15 -17 -18 28 -20 -21 -22 22 -24 -25 -26 -27 -28 -29 -30 -31
leaf_value=0.0058697915825251454 0.00061606453840239725 0.045515587050960031 -0.0080901801266027914 -0.047219000982909279 -0.025356580935823204 0.0012962099815265419 0.044940893894234987 0.048736537328428704 -0.030290814028256209 -0.056711937879764612 -0.052187520491129381 0.0038281484244081197 -0.0051396098921981147 0.011167365651466263 0.0355695725104812 -0.049426246289371742 0.0077089795919953047 -0.027298969331038717 0.022353347304052314 -0.011342009040481014 0.018381123266260263 -0.049442273699885325 -0.0052966762992920791 0.0041289255438660445 -0.006239939125758636 -0.010952961622628474 -0.040413002807233638 -0.05628011950248283 0.017523444110384877 -0.013175117983813017
leaf_weight=9989.6533700947184 4316.4031655269209 11220.181707725977 1755.451497428061 4638.6306858407625 20644.253437098159 7825.6516919649439 951.94061347050592 190.03602312717703 6729.9434653144563 1092.0652491875808 4896.3648208006925 34427.554024646408 60048.002307559567 6826.3538023695583 4406.2424962548539 604.0664373630425 188078.04941332922 712.15554508077912 3773.1342619571369 26405.35817248252 15842.186360267689 2440.0057063571876 1255.3795598405704 4359.8720528863487 14072.436116246739 20131.721467506024 1935.3223394609813 2936.7892868286581 10018.674729718507 30572.942174742726
leaf_count=34149 69540 44909 46932 187542 337325 35934 2305 2985 194885 35015 298752 100052 304813 33716 12587 6438 380194 4707 7105 206609 30454 107495 29120 28001 123356 430865 94379 106466 17289 403741
internal_value=0 0.00817801 -0.00841943 -0.00753116 -0.00613826 -0.00527582 -0.00715918 0.00901354 -0.0284036 -0.0109425 -0.0406428 -0.00346392 -0.00601565 -0.00651766 0.0064612 0.0253172 0.0060658 -7.39195e-06 -0.00389587 -0.00661758 0.0127324 -0.0149589 -0.0344494 -0.0137446 -0.0151655 -0.0182456 -0.0323907 -0.03815 0.0145472 -0.00785068
internal_weight=503097 255208 247889 241237 226162 221524 195730 25793.2 15075.2 5408.47 6651.82 132827 98399.2 97447.3 243987 5010.31 238977 50899 40168.1 36395 23667.8 62903.7 3695.39 59208.3 54848.4 40776 2125.36 9666.73 10730.8 90620.9
internal_count=3717660 713987 3003673 2657989 2252083 2064541 1900789 163752 405906 104555 345684 844627 744575 742270 669078 19025 650053 269859 247863 240758 66388 1056162 136615 919547 891546 768190 97364 301351 21996 708554
cat_boundaries=0 39 79 90 91 102 142 148 186 191
cat_threshold=0 0 4 0 20480 0 0 0 0 131072 0 0 0 0 0 0 0 0 0 0 0 0 0 224 0 0 0 0 0 0 0 0 0 41943040 4194304 0 0 1 2147483648 8192 0 0 0 0 0 0 0 0 0 8388608 0 0 0 0 0 0 0 0 0 0 0 0 0 0 0 0 0 0 0 0 0 0 0 0 0 16 0 0 262144 0 0 0 0 16384 0 0 0 0 131072 8388608 568 0 0 4 0 4096 0 0 0 0 131072 8388608 0 0 0 0 0 0 0 0 0 0 0 0 0 0 0 0 0 0 0 0 0 0 0 0 0 0 0 0 0 0 0 0 0 0 512 67109376 0 0 0 327680 0 0 4096 0 0 8388608 0 0 0 0 4096 0 0 0 0 0 0 0 0 0 0 0 0 0 0 0 0 0 0 128 0 0 0 0 0 0 0 0 0 33554432 0 0 0 1 0 0 4 0 4096
is_linear=0
shrinkage=0.05


Tree=27
num_leaves=31
num_cat=11
split_feature=166 175 166 170 202 169 201 229 200 182 167 179 202 166 170 166 173 229 169 166 179 166 233 204 182 231 179 217 179 172
split_gain=12710.8 5815.95 2870.99 2960.4 2209.21 2645.07 1394.64 1227.71 1149.42 1526.58 1130.66 1075.21 1025.98 901.85 1238.8 870.656 810.655 693.634 690.31 686.487 659.56 1186.03 647.985 1558.54 989.196 663.998 601.551 575.661 565.692 548.039
threshold=0 1.0000000180025095e-35 1 2 3 4.5000000000000009 1.0000000180025095e-35 1.0000000180025095e-35 1.0000000180025095e-35 1.0000000180025095e-35 4 10.500000000000002 5 6 7 8 1.0000000180025095e-35 1.0000000180025095e-35 4.5000000000000009 9 10.500000000000002 10 1.0000000180025095e-35 1.0000000180025095e-35 1.0000000180025095e-35 1.0000000180025095e-35 17.500000000000004 7.5000000000000009 14.500000000000002 175.00000000000003
decision_type=9 2 9 9 1 2 2 2 2 2 9 2 1 9 9 9 2 2 2 9 2 9 2 2 2 2 2 2 2 2
left_child=1 29 11 -4 5 6 8 12 9 10 -5 13 20 17 18 -9 27 -2 -15 -12 -6 -22 23 25 -24 -14 -27 -11 -21 -1
right_child=2 -3 3 4 7 -7 -8 15 -10 16 19 -13 22 14 -16 -17 -18 -19 -20 28 21 -23 24 -25 -26 26 -28 -29 -30 -31
leaf_value=0.0065358159056024615 0.0021037993335294132 0.044729205663537941 -0.046223369758321975 0.044098710644748733 -0.001595594733858453 -0.011838602465062062 0.017353183148028924 0.0029969891749489688 0.01694592721235447 0.0034546647931922216 -0.025796943091454656 -0.036918998752484333 -0.010691146470926817 0.040912588761960543 -0.035621197768099772 -0.048861523958655825 -0.038966719765161854 -0.055894922928370484 -0.014846475364683582 -0.010631386139012799 -0.020040438723922235 0.0082805521135512952 0.021967398985088364 -0.043842927244527388 -0.043988865200228058 -0.048790226790643321 -0.0055571824158904279 0.020530822408510382 0.014507269512513811 0.023271827602617666
leaf_weight=212208.97328165988 6734.1209604381584 10671.2771314602 4405.1728743147687 916.29895641701296 40664.937421128488 38468.881651928183 15580.970813755877 1075.5725622263271 9976.4681036391994 37289.339328241418 6830.7841483976808 9137.6624451231037 26582.362095375327 883.63702420785557 7423.1254813299456 3323.7539232586278 1039.1527351562981 557.7288908350165 1490.8163101361715 17903.310178479995 14438.193981806107 4964.54331244895 2368.5398014819948 4886.9516679077351 747.43488870660076 2309.5352337263757 1235.2738423722622 5688.147820201586 2556.9582228388754 5006.8262796373456
leaf_count=490506 46042 44909 187542 2305 180098 570591 33484 13160 17289 134071 67285 377684 315530 2838 179206 206824 56863 27411 28589 115331 210834 40985 11180 136862 22935 107495 29120 22367 19299 19025
internal_value=0 0.00869181 -0.00735033 -0.00565504 -0.0049048 -0.000731693 0.00363787 -0.0104461 0.001038 -0.00115943 -0.01024 -0.0230651 -0.00928919 -0.0156699 -0.025567 -0.0362871 0.00465965 -0.00233197 0.00588127 -0.0120771 -0.005214 -0.0127998 -0.0157032 -0.0176518 0.00614022 -0.0134025 -0.033729 0.00571505 -0.00748558 0.00692166
internal_weight=497367 227887 269480 243253 238847 136250 97781.4 102597 82200.5 72224 28207.4 26227.1 98197.8 17089.4 9797.58 4399.33 44016.6 7291.85 2374.45 27291.1 60067.7 19402.7 38130.1 35014.1 3115.97 30127.2 3544.81 42977.5 20460.3 217216
internal_count=3717660 554440 3163220 2501450 2313908 1038885 468294 1275023 434810 417521 204220 661770 1055039 284086 210633 219984 213301 73453 31427 201915 431917 251819 623122 589007 34115 452145 136615 156438 134630 509531
cat_boundaries=0 39 79 90 91 97 98 137 148 188 226 265
cat_threshold=0 0 4 0 20480 0 0 0 0 131072 0 0 0 0 0 0 0 0 0 0 0 0 0 96 0 0 0 0 0 0 0 0 0 41943040 4194304 0 0 1 2147483648 8192 0 0 0 0 0 0 0 0 0 8388608 0 0 0 0 0 0 0 0 0 0 0 0 0 0 0 0 0 0 0 0 0 0 0 0 0 16 0 512 262144 0 0 0 0 16384 0 0 0 0 131072 8388608 2146 0 0 4096 0 0 8388608 1025 0 0 0 0 0 0 0 0 0 0 0 0 0 0 0 0 0 0 0 0 0 0 0 0 0 0 0 0 0 0 0 0 0 0 0 0 0 0 512 0 0 0 0 0 0 0 0 0 131072 8388608 0 0 0 0 0 0 0 0 0 0 0 0 0 0 0 0 0 0 0 0 0 0 0 0 0 0 0 0 0 0 0 0 0 0 512 67109376 0 0 0 65536 0 0 0 0 0 0 0 0 0 0 0 0 0 0 0 0 0 0 0 0 0 0 0 128 0 0 0 0 0 0 0 0 0 0 0 0 0 8192 0 0 0 0 0 0 0 0 0 0 0 0 0 0 0 0 0 0 0 0 0 0 0 0 0 0 0 0 0 0 0 0 0 1073741824 0 0 1 0 32768
is_linear=0
shrinkage=0.05


Tree=28
num_leaves=31
num_cat=10
split_feature=166 168 166 170 202 229 169 201 182 200 179 173 166 166 170 167 186 229 179 169 228 220 166 182 222 170 224 196 201 179
split_gain=11422.5 2887.29 2631.38 2691.76 2066.54 1881.06 1849.22 1866.86 1755.82 1336.76 1017.09 976.197 834.789 811.533 1201.26 732.636 784.417 644.462 643.73 612.612 578.917 544.699 528.945 1126.39 477.285 1351.61 962.879 486.048 705.446 537.915
threshold=0 3.0000000000000004 1 2 3 1.0000000180025095e-35 4.5000000000000009 1.0000000180025095e-35 1.0000000180025095e-35 1.0000000180025095e-35 10.500000000000002 1.0000000180025095e-35 4 5 6 7 1.0000000180025095e-35 1.0000000180025095e-35 8.5000000000000018 4.5000000000000009 1.0000000180025095e-35 135.00000000000003 8 1.0000000180025095e-35 1.0000000180025095e-35 9 1.0000000180025095e-35 1.0000000180025095e-35 1.0000000180025095e-35 6.5000000000000009
decision_type=9 2 9 9 1 2 2 2 2 2 2 2 9 9 9 9 2 2 2 2 2 2 9 2 2 9 2 2 2 2
left_child=1 22 10 -4 21 6 7 9 -3 11 13 15 -7 17 19 -6 -17 -2 -14 -15 -10 -5 23 -1 26 -26 27 28 29 -8
right_child=2 8 3 4 5 12 24 -9 20 -11 -12 -13 18 14 -16 16 -18 -19 -20 -21 -22 -23 -24 -25 25 -27 -28 -29 -30 -31
leaf_value=0.01137347096892802 0.0019939017936448826 0.03999487758586634 -0.044970142664546228 -0.015927861899708434 0.043219984836934747 -0.048434622568886865 0.00028270379710059948 0.017005089362811626 0.0011944053646030072 0.016438797253275156 -0.035948309310263431 -0.033726670078906708 -0.031270053506142918 0.037707257386900866 -0.034756036777009558 -0.0045058281829364602 0.0044026886568179968 -0.055291252822336913 0.027343686810307813 -0.013840514457078479 0.02922085402219092 0.053476944722601998 0.0070711209931568798 -0.034451560497853626 0.032632279993385686 -0.059481575153984625 -0.045108512974129905 0.0058219142856263603 -0.05721968203842636 -0.014445076785573675
leaf_weight=3055.4924105382524 6664.9279509597109 10987.048680501233 4190.6385594137537 37155.01632568959 879.93134161282796 3154.4708885974396 9169.0188886190444 15473.654043864342 5962.389053290477 9936.1777482844482 8773.3476610530633 2466.3563149669208 1109.0206014280993 933.92219163919799 7164.9278833656281 99224.543872397218 32903.484120526526 529.50079002897837 810.16241178812925 1503.6083742265473 2666.4061228836072 284.35440258187009 196429.06705916056 2388.9408203819767 536.10959805204766 1497.3834452247829 1895.745706344489 5046.4220142826089 801.87436095037265 19140.407765384603
leaf_count=13614 46042 44266 187542 622119 2305 206824 59105 33484 21608 17289 377684 99565 14008 2838 179206 677884 100052 27411 8640 28589 10781 1003 406770 17545 10195 60770 74355 48830 42691 274645
internal_value=0 0.00842437 -0.00687911 -0.00528968 -0.00459913 -0.00261738 -0.00185083 0.000494466 0.0267383 -0.00126251 -0.0221415 -0.00256088 -0.0326798 -0.014942 -0.0244433 -0.00198281 -0.00228715 -0.00222198 -0.00648981 0.00588713 0.0098567 -0.0153958 0.00664516 -0.0087183 -0.0117577 -0.0353242 -0.0104278 -0.0085023 -0.0109856 -0.00967486
internal_weight=492734 221489 271245 245675 241484 204045 198971 160884 19615.8 145410 25570.2 135474 5073.65 16796.9 9602.46 133008 132128 7194.43 1919.18 2437.53 8628.8 37439.4 201874 5444.43 38087 2033.49 36053.5 34157.7 29111.3 28309.4
internal_count=3717660 514584 3203076 2541306 2353764 1730642 1501170 930579 76655 897095 661770 879806 229472 284086 210633 780241 777936 73453 22648 31427 32389 623122 437929 31159 570591 70965 499626 425271 376441 333750
cat_boundaries=0 39 79 90 91 130 169 180 186 191 196
cat_threshold=0 0 4 0 20480 0 0 0 0 131072 0 0 0 0 0 0 0 0 0 0 0 0 0 96 0 0 0 0 0 0 0 0 0 41943040 4194304 0 0 0 2147483648 8192 0 0 0 0 0 0 0 0 0 8388608 0 0 0 0 0 0 0 0 0 0 0 0 0 0 0 0 0 0 0 0 0 0 0 0 0 16 0 512 262144 0 0 0 0 16384 0 0 0 0 131072 8388608 536 0 0 0 0 0 0 0 0 0 0 0 0 0 0 0 0 0 0 0 0 0 0 0 0 0 0 0 0 0 0 0 0 0 1073741824 0 0 1 0 32768 0 0 0 0 0 0 0 0 0 0 0 0 0 0 0 0 0 0 0 0 0 0 0 0 0 0 0 0 0 0 0 0 0 0 0 0 0 0 512 0 0 0 0 0 0 0 0 0 131072 8388608 0 0 4096 0 0 8388608 0 0 0 0 4096 0 0 4 0 4096
is_linear=0
shrinkage=0.05


Tree=29
num_leaves=31
num_cat=12
split_feature=166 175 229 169 165 217 166 236 173 170 179 166 182 231 204 233 182 229 175 179 166 166 166 166 182 179 167 173 167 170
split_gain=10708.9 5320.59 2340.91 2078.14 2622.58 1289.63 1239.12 1218.4 1180.43 1228.58 1019 892.896 839.442 806.143 764.586 1667.41 772.621 759.752 753.697 736.633 1021.9 875.507 642.288 611.869 611.146 608.364 600.031 588.271 585.905 537.12
threshold=0 1.0000000180025095e-35 1.0000000180025095e-35 4.5000000000000009 1 7.5000000000000009 2 1.0000000180025095e-35 1.0000000180025095e-35 3 13.500000000000002 4 1.0000000180025095e-35 1.0000000180025095e-35 1.0000000180025095e-35 1.0000000180025095e-35 1.0000000180025095e-35 1.0000000180025095e-35 1.0000000180025095e-35 8.5000000000000018 5 6 7 8 1.0000000180025095e-35 19.500000000000004 9 1.0000000180025095e-35 10 11
decision_type=9 2 2 2 1 2 9 2 2 9 2 9 2 2 2 2 2 2 2 2 9 9 9 9 2 2 9 2 9 9
left_child=1 7 3 4 8 6 -6 17 9 23 26 -4 -7 14 19 -16 -17 29 -5 20 -8 24 -20 -2 -21 27 -11 -9 -12 -1
right_child=2 -3 11 18 5 12 13 25 -10 10 28 -13 -14 -15 15 16 -18 -19 22 21 -22 -23 -24 -25 -26 -27 -28 -29 -30 -31
leaf_value=0.01585984066825891 0.0075229726433883905 0.043355189188440398 0.0028930759395959047 -0.026809752474078703 -0.026570506370690507 -0.012221362958355179 -0.025267709404048978 -0.010891891891274735 -0.031037453199654782 -0.032648349129399012 0.035989114150115083 -0.047717011240573134 0.020443624585126951 -0.033118836192022862 -0.042545776418492068 0.018283330196024 -0.041706014251908313 -0.0294150792523106 -0.038774079186259566 -0.012700031528920151 -0.00056771424545556297 -0.0081940939325363098 -0.0077786853498117772 0.02707727099492126 -0.038937132498186221 -0.045960046365798868 -0.0035128515823674234 0.015367139627059706 0.0062951250635625983 0.006212828310851147
leaf_weight=15500.687302777456 9710.8356519149384 9790.5425383527181 1069.0162102612667 15069.779879424081 11170.600174734456 2998.2751826067688 4604.2818366602296 10557.512750407564 2539.9192036502354 1855.7094883443788 1813.5173198421835 4847.9667838221649 5714.5639102192363 3369.8609349643521 4592.2163135311712 2408.5312411530176 690.08109341189265 1450.6375534130202 1880.1406417932012 4456.149387065263 45250.861126459538 35618.207591168059 14616.937149223202 6826.4688524750527 4424.3504227124213 1003.4818639112054 33516.508235366084 2672.1921411933145 18851.501047953556 209049.57481825861
leaf_count=41021 32604 44909 13160 590735 232954 23987 52028 85154 118771 10594 6271 332524 22367 136615 136862 11180 22935 18458 44379 70437 236563 397296 153614 13131 121287 34360 157551 18037 65828 472048
internal_value=0 0.00722538 -0.00759372 -0.00680184 -0.00492361 -0.00935172 -0.0107392 0.00575313 0.00246378 0.00363684 0.000101242 -0.0386488 0.00920227 -0.00905805 -0.00826416 -0.0234234 0.00491713 0.00664675 -0.018726 -0.00702836 -0.00285435 -0.0117046 -0.0113408 0.0156072 -0.0257446 -0.00843549 -0.00505217 -0.00558722 0.00892252 0.0068798
internal_weight=487921 250025 237896 231979 200412 125298 116585 240234 75114.5 72574.5 56037.2 5916.98 8712.84 105415 102045 7690.83 3098.61 226001 31566.9 94353.9 49855.1 44498.7 16497.1 16537.3 8880.5 14233.2 35372.2 13229.7 20665 224550
internal_count=3717660 713987 3003673 2657989 1869261 1464511 1418157 669078 404750 285979 240244 345684 46354 1185203 1048588 170977 34115 531527 788728 877611 288591 589020 197993 45735 191724 137551 168145 103191 72099 513069
cat_boundaries=0 39 40 80 104 144 184 223 224 225 259 293 317
cat_threshold=0 0 4 0 20480 0 0 0 0 131072 0 0 0 0 0 0 0 0 0 0 0 0 0 224 0 0 0 0 0 0 0 0 0 41943040 4194304 0 0 1 2147483648 8448 0 0 0 0 0 0 0 0 0 0 8388608 0 0 0 0 0 0 0 0 0 0 0 0 0 0 0 0 0 0 0 0 0 0 0 0 0 0 8192 0 262144 0 0 0 0 0 0 0 0 0 0 8388608 0 0 0 0 0 0 0 0 0 0 0 0 128 0 0 0 0 0 0 0 0 0 0 0 0 0 0 0 0 0 0 0 0 0 0 0 0 0 0 0 0 0 0 0 0 0 0 512 67109376 0 0 0 65536 0 0 0 0 0 0 0 0 0 0 0 0 0 0 0 0 0 0 0 0 0 0 0 0 0 0 0 0 0 0 0 0 0 0 0 512 1073741824 0 0 65536 0 0 0 0 0 0 0 0 0 0 0 0 0 0 0 0 0 0 0 0 0 0 0 0 0 0 0 0 0 0 0 0 0 0 0 0 0 0 33280 8192 532480 0 0 0 0 0 0 0 0 0 0 0 0 0 128 0 0 0 0 0 0 0 0 0 0 0 0 0 0 0 0 0 0 0 32768 0 0 0 0 0 8388608 0 0 0 0 0 0 0 0 0 0 0 0 0 0 0 0 0 0 0 0 0 0 0 0 0 0 0 32768 0 0 0 0 4096 0 0 0 0 0 0 0 0 0 0 0 0 0 0 0 0 0 0 64
is_linear=0
shrinkage=0.05


Tree=30
num_leaves=31
num_cat=6
split_feature=202 175 176 202 179 188 173 170 182 217 170 177 179 228 179 188 228 168 182 182 171 173 217 183 170 173 170 182 217 217
split_gain=8739.52 5252.4 2142.61 1873.2 1619.16 1315.36 1306.38 1273.96 1130.63 890.406 785.188 1027 1024.84 1245.27 843.249 1291.21 812.074 820.944 932.405 734.359 678.242 676.23 641.82 617.087 612.606 653.973 1570.26 577.009 516.864 486.346
threshold=0 1.0000000180025095e-35 1.0000000180025095e-35 1 12.500000000000002 1.0000000180025095e-35 1.0000000180025095e-35 2 1.0000000180025095e-35 8.5000000000000018 3 1.0000000180025095e-35 6.5000000000000009 1.0000000180025095e-35 17.500000000000004 1.0000000180025095e-35 1.0000000180025095e-35 3.0000000000000004 1.0000000180025095e-35 1.0000000180025095e-35 95.000000000000014 1.0000000180025095e-35 5.5000000000000009 1.0000000180025095e-35 4 1.0000000180025095e-35 5 1.0000000180025095e-35 1.0000000180025095e-35 5.5000000000000009
decision_type=1 2 2 1 2 2 2 9 2 2 9 2 2 2 2 2 2 2 2 2 2 2 2 2 9 2 9 2 2 2
left_child=1 10 3 4 5 9 7 -4 -7 28 16 14 -13 20 15 23 17 -1 -19 -11 -14 27 -6 -12 -5 -26 -27 -16 -2 -30
right_child=2 -3 6 24 22 8 -8 -9 -10 19 11 12 13 -15 21 -17 -18 18 -20 -21 -22 -23 -24 -25 25 26 -28 -29 29 -31
leaf_value=0.0069966634833871682 -0.0047176077446746123 0.042607722939464542 0.013904948757071645 -0.03411609645248545 -0.019586310433199541 0.027258122455763301 -0.030285598211425901 -0.010992007661198301 -0.020047288872670987 -0.0084284087440600116 -0.00035997656007735095 0.01063133402051898 -0.016132431128381527 0.03024710277947475 0.025576718134112858 0.01388771171240823 -0.050452116994408047 0.049733021839245384 0.0029782368265685449 0.030438371707943081 -0.048145245809749333 -0.032216575247780155 0.0018288871572890123 -0.030129186837088096 -0.014179821007677158 0.032293694874820977 -0.059630345710619349 0.0085559701640897656 -0.042245559565603961 -0.0092181910444902974
leaf_weight=112828.93957567244 61538.463533427479 9325.0330671227421 20433.01754162577 4636.3639800426899 23301.174868076909 6069.0394054644275 2474.6121179993788 6855.7575939964445 1594.5154726980836 1962.3617398350034 87142.798776479118 4771.5301660017576 9763.5860970957438 1286.3792182267644 6395.2814734851709 17543.525988056761 600.50311652058735 2425.9139598786132 1902.9030094351619 3190.4923321641982 1992.238811571151 877.52673280448653 4116.2746012804564 1775.8063602062175 59713.370292009364 592.21041335212067 2088.7524475335376 22495.609111128608 1808.9291635049158 2905.2351834390429
leaf_count=203137 495422 44909 63169 220776 581481 14956 118771 58528 5594 13330 315847 15268 123761 2528 20295 33152 6438 6756 5831 9120 7832 6380 34066 6221 1087304 11273 92497 67797 20486 24735
internal_value=0 0.00571081 -0.00789768 -0.0100241 -0.0059003 -0.00227015 0.00449611 0.00765089 0.0174142 -0.00438294 0.00444507 0.00209486 -0.00919472 -0.0164487 0.00357132 0.00149112 0.00751858 0.00781662 0.029184 0.0156364 -0.0215598 0.0110105 -0.016371 -0.000954724 -0.0165717 -0.0152624 -0.0394227 0.0123242 -0.00594014 -0.0218957
internal_weight=484408 281128 203281 173517 106486 79069 29763.4 27288.8 7663.55 71405.5 271803 154044 17813.7 13042.2 136231 106462 117758 117158 4328.82 5152.85 11755.8 29768.4 27417.4 88918.6 67030.7 62394.3 2680.96 28890.9 66252.6 4714.16
internal_count=3717660 866152 2851508 2611040 1199190 583643 240468 121697 20550 563093 821243 599081 149389 134121 449692 355220 222162 215724 12587 22450 131593 94472 615547 322068 1411850 1191074 103770 88092 540643 45221
cat_boundaries=0 1 2 26 50 61 66
cat_threshold=199 3072 0 0 0 0 0 0 0 0 0 0 8388608 0 0 0 0 0 0 0 0 0 0 0 0 160 0 0 0 0 4096 0 0 0 0 131072 0 0 0 0 0 0 0 0 0 0 0 0 0 32 0 0 0 0 16384 0 0 0 0 131072 8388608 0 0 4 0 4096
is_linear=0
shrinkage=0.05


Tree=31
num_leaves=31
num_cat=8
split_feature=202 175 229 169 201 188 217 182 236 202 182 202 179 175 182 179 179 167 170 170 170 179 170 228 179 230 231 171 199 201
split_gain=8261.27 4839.14 2292.93 1802.95 2288.22 1435.4 1386.64 1384.76 869.607 842.2 1138.18 752.051 1275.62 709.169 666.129 566.209 555.355 535.12 516.887 500.824 499.937 497.787 491.281 995.712 643.572 469.967 717.409 458.199 456.969 422.031
threshold=0 1.0000000180025095e-35 1.0000000180025095e-35 4.5000000000000009 1.0000000180025095e-35 1.0000000180025095e-35 8.5000000000000018 1.0000000180025095e-35 1.0000000180025095e-35 1 1.0000000180025095e-35 2 13.500000000000002 1.0000000180025095e-35 1.0000000180025095e-35 6.5000000000000009 10.500000000000002 3 4 5 6 7.5000000000000009 7 1.0000000180025095e-35 16.500000000000004 1.0000000180025095e-35 1.0000000180025095e-35 95.000000000000014 1.0000000180025095e-35 1.0000000180025095e-35
decision_type=1 2 2 2 2 2 2 2 2 1 2 1 2 2 2 2 2 9 9 9 9 2 9 2 2 2 2 2 2 2
left_child=2 8 3 4 5 6 9 16 11 10 -1 22 17 19 -8 -10 -7 -13 -15 -5 -6 25 23 24 27 -11 -27 -2 -24 -21
right_child=1 -3 -4 13 20 7 14 -9 15 21 -12 12 -14 18 -16 -17 -18 -19 -20 29 -22 -23 28 -25 -26 26 -28 -29 -30 -31
leaf_value=-0.0024908442519975395 0.016991792855757529 0.041857990600582262 -0.035776332120654897 -0.043886120083545262 0.015437245146505985 0.032491021176449683 -0.0096616691040731281 -0.021739601693672415 0.0076232928635993104 -0.025962339711064764 -0.014949945410454449 -0.031754194578056442 0.0093483690024541537 -0.03622616221084992 0.023040019084762525 -0.014570414296479692 0.002177073611664292 -0.0043226240379376181 -0.0074611340208914582 -0.017005309837371942 -0.026621255989828535 -0.010896680510094044 0.0056511360627093101 -0.04977810457216425 -0.0040559141572091085 0.017215878614740717 -0.047125882893012512 0.039498969644336357 0.04465139109950831 -0.044024370985698329
leaf_weight=61929.730726450711 8843.0527285682037 8904.3745596184162 7017.7524764376576 3046.4461469250527 15070.085158608039 4940.6137644923292 2224.3326086303568 2254.638447015197 4109.2867532188538 12420.094382847645 26038.031148176698 1865.7388122026459 22833.727058979566 1745.0256919181847 5188.8312212282326 9554.1362751659472 2176.9642846935894 34243.596852087765 14379.143980122084 9771.9472769000131 733.02003854757641 29043.282348577617 180229.95084291819 567.39538561459631 2758.292212339933 1557.332788878819 599.62432077739504 3039.3318411083892 753.78242341522127 1696.3990268494526
leaf_count=440814 13932 44909 364142 143297 38779 8966 17071 11872 13844 159370 437567 10594 69684 48202 16645 123707 6780 123301 149791 344866 12474 510850 436942 6438 12242 9858 27592 8409 2150 102572
internal_value=0 0.00559478 -0.00769775 -0.00668657 -0.00460857 -0.00653504 -0.00781207 0.0124037 0.00439361 -0.00899743 -0.0061781 0.00505176 9.84969e-05 -0.017821 0.0132272 -0.00789524 0.0232208 -0.00575054 -0.0106026 -0.0258387 0.0134782 -0.014678 0.00653953 0.0151706 0.0177 -0.0222211 -0.000675299 0.0227506 0.0058134 -0.0209859
internal_weight=479536 277703 201833 194816 164177 148373 139001 9372.22 268798 131588 87967.8 255135 58943.1 30639 7413.16 13663.4 7117.58 36109.3 16124.2 14514.8 15803.1 43620.3 196192 15208.1 14640.7 14577.1 2156.96 11882.4 180984 11468.3
internal_count=3717660 866152 2851508 2487366 1698638 1647385 1619767 27618 821243 1586051 878381 683692 203579 788728 33716 137551 15746 133895 197993 590735 51253 707670 480113 41021 34583 196820 37450 22341 439092 447438
cat_boundaries=0 1 2 3 37 48 72 96 120
cat_threshold=3640 1056 69 0 0 0 0 0 0 0 0 0 0 0 0 0 128 0 0 0 0 0 0 0 0 0 0 0 0 0 0 0 0 0 0 0 32768 0 0 0 0 0 0 0 0 0 131072 8388608 0 0 0 0 16384 0 0 0 0 0 8388608 0 0 0 0 0 0 0 0 0 0 0 0 32 0 0 0 0 0 0 0 0 0 0 8388608 0 0 0 0 0 0 0 0 0 0 0 0 192 0 0 0 0 4096 0 0 0 0 0 0 0 0 0 0 0 0 0 0 0 0 0 0 64
is_linear=0
shrinkage=0.05


Tree=32
num_leaves=31
num_cat=11
split_feature=166 175 166 170 201 186 170 217 236 180 202 233 173 170 231 166 170 182 182 217 180 201 170 182 180 170 228 180 166 216
split_gain=9325.72 4141.43 1852 2211.65 1960.34 1293.26 1278.79 1243.03 1045.55 865.552 797.929 1059.41 769.158 1341.11 753.321 686.698 723.185 680.495 672.427 612.476 546.679 535.774 659.796 527.114 516.96 497.907 964.103 544.269 474.704 813.256
threshold=0 1.0000000180025095e-35 1 2 1.0000000180025095e-35 1.0000000180025095e-35 3 7.5000000000000009 1.0000000180025095e-35 130.00000000000003 4 1.0000000180025095e-35 1.0000000180025095e-35 5 1.0000000180025095e-35 6 7 1.0000000180025095e-35 1.0000000180025095e-35 4.5000000000000009 410.00000000000006 1.0000000180025095e-35 8 1.0000000180025095e-35 390.00000000000006 9 1.0000000180025095e-35 310.00000000000006 10 1.5000000000000002
decision_type=9 2 9 9 2 2 9 2 2 2 1 2 2 9 2 9 9 2 2 2 2 2 9 2 2 9 2 2 9 2
left_child=1 8 9 -4 5 7 -6 10 25 15 11 19 14 -14 -12 -2 -17 -13 -9 -5 -16 22 -11 -21 -10 26 27 -1 29 -27
right_child=2 -3 3 4 6 -7 -8 18 24 21 12 17 13 -15 20 16 -18 -19 -20 23 -22 -23 -24 -25 -26 28 -28 -29 -30 -31
leaf_value=0.022967872384597174 -0.047843976412156035 0.041131151505464821 -0.043059049038541727 -0.039467195502039788 0.014431854390595418 0.0027289175766158475 -0.046369606855514195 -0.010877084625660151 -0.0052290677216685613 0.00034794845792490865 -0.0070148411116511909 0.017911708071887533 0.033495182022007727 -0.045782717252689349 -0.042496469781567056 -0.03385438286897037 0.0054796367482438518 -0.039953900970407498 0.018054445094400552 -0.032755230647702922 0.0076318264290858584 -0.055581748962153094 -0.028810008770528181 0.0009517198172650593 -0.043920106427086464 -0.0044960921185018708 -0.049619334796497022 -0.00035110877545492324 0.006677782610366282 0.020992559694947753
leaf_weight=11164.427230074652 914.58428551765974 8500.5098798649851 3863.2985292967351 5770.8841712144786 16318.96177875821 32127.116058916377 903.39415087737143 2886.4419278330752 12623.744302133622 2320.3760287201731 125889.49463046272 2322.245459962287 648.14222612144658 2884.8113494069839 2500.5947537828761 1439.5654434886528 6010.2717311213346 649.80050537575153 6598.2014783107443 2210.8985833844636 694.64137123897672 1494.7546884160838 12070.064552418946 2438.5539321604883 926.28718807519181 21053.953224057099 551.03160013438901 3224.506859669229 181531.6402963156 3675.3504596888088
leaf_count=21025 18239 44909 187542 155934 62618 100052 47957 23987 103191 49804 1360349 11180 9735 151487 121075 38040 49562 22935 22367 29942 15540 66437 439688 22896 34360 102994 6438 13558 376714 7105
internal_value=0 0.00684721 -0.00714978 -0.0056294 -0.0049213 -0.00640349 0.0112224 -0.0082904 0.00560595 -0.0202267 -0.00942981 -0.0210605 -0.00825296 -0.0312694 -0.0076235 -0.00721574 -0.00215733 0.00525385 0.00924914 -0.0285864 -0.0315976 -0.0270897 -0.024128 -0.0150773 -0.0078759 0.00643184 0.0152454 0.017742 0.00579238 -0.000707049
internal_weight=476209 243251 232957 208707 204844 187622 17222.4 155495 234751 24249.6 146010 13392.4 132618 3532.95 129085 8364.42 7449.84 2972.05 9484.64 10420.3 3195.24 15885.2 14390.4 4649.45 13550 221201 14940 14388.9 206261 24729.3
internal_count=3717660 710294 3007366 2345596 2158054 2047479 110575 1947427 665385 661770 1901073 242887 1658186 161222 1496964 105841 87602 34115 46354 208772 136615 555929 489492 52838 137551 527834 41021 34583 486813 110099
cat_boundaries=0 40 80 91 115 116 121 161 185 196 220 260
cat_threshold=0 0 4 0 20480 0 0 0 0 131072 0 0 0 0 0 0 0 0 0 0 0 0 0 224 0 0 0 0 0 0 0 0 0 41943040 4194816 0 0 0 2147483648 65536 8192 0 0 0 0 0 0 0 0 0 8388608 0 0 0 0 0 0 0 0 0 0 0 0 0 0 0 0 0 0 0 0 0 0 0 0 0 16 0 512 262144 0 0 0 0 16384 0 0 0 0 131072 8388608 0 0 0 0 4096 0 0 0 0 0 0 0 0 0 0 0 0 0 0 0 0 0 0 128 2560 0 0 4 0 4096 0 0 0 0 0 0 0 0 0 0 0 0 0 0 0 0 0 0 0 0 0 0 0 0 0 0 0 0 0 0 0 0 0 0 0 0 0 0 0 262144 0 0 4 0 4096 0 0 0 0 0 0 0 0 0 0 0 0 0 0 0 0 0 0 192 0 0 4 0 4096 0 0 0 0 131072 8388608 0 0 0 0 4096 0 0 0 0 0 0 0 0 0 0 0 0 0 0 0 0 0 0 64 0 0 0 0 4096 0 0 0 0 0 0 0 0 0 0 0 0 0 0 0 0 0 0 0 0 0 0 0 0 0 0 0 0 33554432 512 0 0 0 2147483648 65536
is_linear=0
shrinkage=0.05


Tree=33
num_leaves=31
num_cat=14
split_feature=166 170 166 186 229 175 166 170 170 166 201 217 202 179 167 170 176 224 178 166 170 229 166 179 220 169 168 222 167 222
split_gain=8624.74 2522.95 2065.85 1848.54 1600.61 1400.87 1267.04 1181.96 951.763 915.284 857.406 854.311 1024.25 940.684 853.683 839.737 761.711 745.722 721.064 647.117 630.554 558.239 534.943 507.458 506.738 452.656 426.396 410.244 409.757 405.792
threshold=0 1 2 1.0000000180025095e-35 1.0000000180025095e-35 1.0000000180025095e-35 3 4 5 6 1.0000000180025095e-35 7.5000000000000009 7 7.5000000000000009 8 9 1.0000000180025095e-35 1.0000000180025095e-35 1.0000000180025095e-35 10 11 1.0000000180025095e-35 12 2.5000000000000004 135.00000000000003 4.5000000000000009 3.0000000000000004 1.0000000180025095e-35 13 1.0000000180025095e-35
decision_type=9 9 9 2 2 2 9 9 9 9 2 2 1 2 9 9 2 2 2 9 9 2 9 2 2 2 2 2 9 2
left_child=1 5 15 4 6 -1 8 -8 10 23 -2 12 13 18 -15 -3 19 26 -9 -16 -20 -4 -22 -6 -14 -10 -7 -18 -21 -24
right_child=3 2 21 -5 9 17 7 11 25 -11 -12 -13 24 14 16 -17 27 -19 20 28 22 -23 29 -25 -26 -27 -28 -29 -30 -31
leaf_value=0.0090884651144754677 0.0030622296378951959 -0.030831457078508481 0.0057459280263615882 0.0037011775213766623 -0.073583548681299335 0.022282172320967533 -0.044166213712342937 -0.016266163593419519 -0.026686943143578248 -0.049241566212141021 -0.052810508954633031 0.0076494632054799521 -0.015040271200646015 0.04299485465941854 -0.019848220893658206 -0.0053812190870145948 0.0056336792171615682 -0.059750585071720042 -0.022986058105676953 -0.038661857568815468 -0.030369892255978689 -0.028964150985800675 0.0056706387983630939 0.0050685573877784669 0.053493821537166045 -0.052759714927265902 0.04033353796901714 -0.032103120438984008 -0.0070887489547549771 -0.048154318071205696
leaf_weight=13872.187523876622 4120.2038539014757 4850.304261151934 219015.00347465873 31001.774895845447 236.68786225793883 5486.3185172031517 2151.5868712823431 5830.8137773258495 5858.5461888147111 3880.7182516500616 823.40803243295522 9435.6209482868435 40759.434082596257 760.02048283629119 18739.265442495394 9773.3938180939876 9159.5299482450355 219.47525360848522 2266.7449709622306 1053.9225702744443 1081.7842433033511 1163.9995130176831 36039.747211586917 1514.0233533515857 271.00610444432823 2327.535743392742 8118.1290747554158 781.13664916323614 30965.71858420159 353.08973325177794
leaf_count=111777 69540 117371 585208 100052 2646 31779 118019 30286 194885 298752 35015 46354 694029 2177 408395 95254 27853 3857 36237 8400 9797 17272 140540 45472 1003 106466 44909 49555 267883 16877
internal_value=0 0.0060373 0.0043532 -0.00756769 -0.0095263 0.0203076 -0.0086712 -0.00744155 -0.0235981 -0.035758 -0.00623471 -0.00693691 -0.00786699 -0.00529035 -0.00932718 -0.0138388 -0.00998818 0.0315794 0.000152587 -0.0124685 0.00256183 0.00556209 0.00411261 -0.00554827 -0.0145833 -0.0340619 0.0330553 0.00266636 -0.00814046 0.00514621
internal_weight=471911 262499 234803 209412 178411 27696.1 172779 159649 13129.7 5631.43 4943.61 157498 148062 107032 61459.6 14623.7 60699.6 13823.9 45572.2 50758.9 39741.4 220179 37474.6 1750.71 41030.4 8186.08 13604.4 9940.67 32019.6 36392.8
internal_count=3717660 1007427 815105 2710233 2610181 192322 2263311 1857405 405906 346870 104555 1739386 1693032 998000 764263 212625 762086 80545 233737 684678 203451 602480 167214 48118 695032 301351 76688 77408 276283 157417
cat_boundaries=0 40 64 69 109 120 131 171 172 178 202 241 265 301 335
cat_threshold=32 0 4 0 20480 0 0 0 0 131072 0 0 0 0 0 0 0 0 0 0 0 0 0 224 0 0 0 0 0 0 0 0 0 41943040 4194816 0 0 0 2147483648 65536 0 0 4 0 4096 0 0 0 0 0 0 0 0 0 0 0 0 0 0 0 0 0 0 128 32 0 0 0 4096 8192 0 0 0 0 0 0 0 0 0 8388608 0 0 0 0 0 0 0 0 0 0 0 0 0 0 0 0 0 0 0 0 0 0 0 0 0 16 0 0 262144 0 0 0 0 16384 0 0 0 0 131072 8388608 0 0 4 0 4096 0 0 0 0 131072 8388608 0 0 0 0 0 0 0 0 0 0 0 0 0 0 0 0 0 0 0 0 0 0 0 0 0 0 0 0 0 0 0 0 0 0 0 67109376 0 1 0 262144 1059 0 0 4096 0 0 8388608 0 0 0 0 16384 0 0 0 0 131072 0 0 0 0 0 0 0 0 0 0 0 0 0 32 524288 0 0 0 0 0 0 0 0 0 0 0 0 0 0 0 0 0 0 0 0 0 0 0 0 0 0 0 0 0 0 0 0 0 0 0 0 0 33280 0 0 4 0 4096 0 0 0 0 0 0 0 0 0 0 0 0 0 0 0 0 0 0 64 0 0 0 0 0 0 0 0 0 0 0 0 0 0 0 0 0 0 0 0 0 0 0 0 0 0 0 0 0 0 0 0 0 0 0 512 0 0 0 0 0 0 0 0 0 0 0 0 0 128 0 0 0 0 0 0 0 0 0 0 0 0 0 0 0 0 0 0 0 16384
is_linear=0
shrinkage=0.05


Tree=34
num_leaves=31
num_cat=9
split_feature=166 175 229 166 197 176 186 222 167 202 179 166 179 231 182 166 176 216 197 175 179 166 187 167 179 172 171 199 175 165
split_gain=7938.72 3590.13 2596.05 1564.6 1763.71 1824.33 1552.92 1016.9 768.42 680.935 1373.77 771.663 651.425 567.478 532.609 512.675 711.119 781.275 461.589 860.059 456.664 432.207 409.936 407.793 394.372 392.557 385.466 383.049 374.328 423.104
threshold=0 1.0000000180025095e-35 1.0000000180025095e-35 1 1.0000000180025095e-35 1.0000000180025095e-35 1.0000000180025095e-35 1.0000000180025095e-35 2 3 15.500000000000002 4 11.500000000000002 1.0000000180025095e-35 1.0000000180025095e-35 5 1.0000000180025095e-35 1.5000000000000002 1.0000000180025095e-35 1.0000000180025095e-35 13.500000000000002 6 55.000000000000007 7 22.500000000000004 175.00000000000003 145.00000000000003 1.0000000180025095e-35 1.0000000180025095e-35 8
decision_type=9 2 2 9 2 2 2 2 9 1 2 9 2 2 2 9 2 2 2 2 2 9 2 9 2 2 2 2 2 1
left_child=1 15 3 18 5 6 8 14 -5 10 -10 -12 13 28 -7 16 17 -1 26 -20 -6 -16 -8 -14 -18 -9 -2 -17 29 -11
right_child=2 -3 -4 4 20 7 22 25 9 12 11 -13 23 -15 21 27 24 -19 19 -21 -22 -23 -24 -25 -26 -27 -28 -29 -30 -31
leaf_value=-0.0044126080225063849 -0.03173780762645944 0.039565566448294835 -0.045882726484127959 0.041511448327043642 -0.0567285893784166 0.0033066318200211521 0.013982621477721918 -0.035097613652421582 -0.0028953312501128047 -0.013943225848257485 -0.040720123847001639 -0.011460269236509682 0.012435747643222382 -0.04972365935595055 0.029854884891107405 0.0060859462368997698 0.014512169174063373 0.019503223217076822 0.017489746544963648 -0.038801726649734414 -0.013636518168103299 0.010220984500812276 0.00055703676522969299 -0.0080508862371821456 -0.03214104660324997 0.048093798569396363 -0.0011047200731668597 0.042811918503527689 -0.0062964000874613062 -0.026353526560103164
leaf_weight=38132.886347127438 8846.4876942931151 7759.7025926220231 4203.2612827268604 752.82278888073051 2035.9704681573785 11017.077325003149 7534.8842382686562 1641.9965353425359 64707.691145225952 24412.455072554876 3799.8525080153777 5584.2477235627302 2745.3128642799566 1209.1636343755526 4938.2377723613754 188840.0753631219 9865.9133466886415 3750.1970197798219 1678.0391201016027 1138.4556569333654 881.73370686685666 6556.0831463611685 23167.855925652198 20577.485105979373 474.25889189518057 154.72158475835749 1162.2253317013092 712.22304237354547 9626.5367588512017 9625.1247261000681
leaf_count=287609 325321 44909 332595 2305 99282 48495 24709 95828 426521 246238 122283 70100 14448 66764 8210 424748 17461 7105 36231 19545 60354 13347 75343 475159 4535 2525 24809 2150 76022 262709
internal_value=0 0.00608963 -0.00697056 -0.00620574 -0.0051241 -0.00455574 -0.00635072 0.00827359 -0.00854074 -0.00880804 -0.00548751 -0.023366 -0.0124142 -0.0159391 0.0111631 0.00501538 0.000627981 -0.00227087 -0.0231315 -0.00526491 -0.0437124 0.0186924 0.0038522 -0.00563711 0.0123705 -0.0279195 -0.0281814 0.00622375 -0.0150028 -0.0174649
internal_weight=467533 249535 217998 213794 200969 198052 173743 24308.1 143041 142288 74091.8 9384.1 68196.1 44873.3 22511.4 241776 52223.3 41883.1 12825.2 2816.49 2917.7 11494.3 30702.7 23322.8 10340.2 1796.72 10008.7 189552 43664.1 34037.6
internal_count=3717660 788517 2929143 2596548 2190642 2031006 1862601 168405 1762549 1760244 618904 192383 1141340 651733 70052 743608 316710 294714 405906 55776 159636 21557 100052 489607 21996 98353 350130 426898 584969 508947
cat_boundaries=0 39 79 85 86 125 164 165 199 200
cat_threshold=0 0 4 0 20480 0 0 0 0 131072 0 0 0 0 0 0 0 0 0 0 0 0 0 224 0 0 0 0 0 0 0 0 0 41943040 4194816 512 0 1 2147483648 8192 0 0 0 0 0 0 0 0 0 8388608 0 0 0 0 0 0 0 0 0 0 0 0 0 0 0 0 0 0 0 0 0 0 0 0 0 16 0 0 262144 0 0 4096 0 0 8388608 3073 0 0 0 0 0 0 0 0 0 0 0 0 0 0 0 0 0 0 0 0 0 0 0 0 0 0 0 0 0 0 0 0 0 0 0 0 1 0 33280 0 0 0 0 0 0 0 0 0 0 0 0 0 0 0 0 0 0 0 0 0 0 0 128 0 0 0 0 0 0 0 0 0 33554432 512 512 0 1 2147483648 32 0 0 0 0 0 0 0 0 0 0 0 0 0 0 0 0 0 0 0 0 0 0 0 0 0 0 0 0 0 0 0 0 0 98304 24704
is_linear=0
shrinkage=0.05


Tree=35
num_leaves=31
num_cat=13
split_feature=166 172 166 186 229 217 166 170 166 176 169 167 201 170 182 182 166 166 233 204 179 227 170 179 202 166 179 173 166 169
split_gain=7430.71 2065.13 1779.38 1747.82 1472.78 1081 1183.02 1057.47 934.657 921.779 842.452 722.147 640.978 927.416 607.521 597.741 1220.43 1184.79 878.566 744.268 570.751 543.674 621.381 534.14 529.987 525.321 633.037 523.883 454.771 716.987
threshold=0 125.00000000000001 1 1.0000000180025095e-35 1.0000000180025095e-35 7.5000000000000009 2 3 4 1.0000000180025095e-35 4.5000000000000009 5 1.0000000180025095e-35 6 1.0000000180025095e-35 1.0000000180025095e-35 7 8 1.0000000180025095e-35 1.0000000180025095e-35 17.500000000000004 1.0000000180025095e-35 9 11.500000000000002 10 11 12.500000000000002 1.0000000180025095e-35 12 4.5000000000000009
decision_type=9 2 9 2 2 2 9 9 9 2 2 9 2 9 2 2 9 9 2 2 2 2 9 2 1 9 2 2 9 2
left_child=1 2 21 4 5 6 12 -8 -6 11 -3 -9 13 -2 -7 16 23 -17 20 25 24 22 -1 -13 -18 26 -19 -11 29 -4
right_child=3 10 28 -5 8 14 7 9 -10 27 -12 15 -14 -15 -16 17 18 19 -20 -21 -22 -23 -24 -25 -26 -27 -28 -29 -30 -31
leaf_value=-0.0017109391215088976 0.0022891665496898887 0.02214328109885064 0.0046413862981181412 0.0038154672381454438 0.029727016439558513 -0.011201241502548255 -0.043555363885386118 0.040687474101231504 -0.04512745141930926 0.0075305074577529524 -0.0040438506084287552 0.0018600195119877979 -0.051927317709643352 -0.025098619652628967 0.016381332114340407 0.0046152668474427417 -0.027150941999775122 -0.01542946939349979 0.017597551209625785 -0.046797738948152964 0.0066395350793358749 0.013833827256853785 -0.024907849451867886 -0.015575998645273124 -0.012716274335054815 -0.010637408191231523 -0.040114568550559095 -0.030043136225135398 0.0062802146757148531 -0.0089734465699077733
leaf_weight=4496.4007604240905 4071.5831958266499 23183.303886792564 33960.793831830437 30057.866860148206 460.69471489521675 2873.4906740788138 2037.2261812279467 724.34428194304928 4038.2028865080792 12930.435700345784 3539.6594443199574 34508.180027671624 1569.9769381371734 12877.269215754495 6535.9872290777275 6574.229583315755 7974.4320779835107 6700.039086912293 2316.9790358567843 2210.6686631418561 3104.0940573906701 1653.7240021508187 8105.8550034944637 5032.4917995713768 31825.287997357678 15458.710525126313 4242.9533690855606 998.87035531358561 175791.37067885348 13518.921210090746
leaf_count=56122 69540 122213 140319 100052 4832 23987 118019 2305 332595 40107 69607 139325 75547 332729 22367 79029 134423 73497 11180 97195 45326 6439 150566 83765 373835 319305 129953 61937 363993 137551
internal_value=0 0.00549625 0.00401382 -0.00729377 -0.00926932 -0.00849761 -0.00949558 -0.00788617 -0.0374929 -0.00734292 0.0186744 -0.00874926 -0.0213538 -0.0185326 0.00795742 -0.00905065 -0.00677707 -0.0145297 -0.0123859 -0.0189239 -0.0140083 -0.0131068 -0.0166533 -0.000359081 -0.0156189 -0.0165961 -0.0249797 0.00483476 0.00510739 0.000764509
internal_weight=463374 264250 237527 199124 169066 164567 155158 136639 4498.9 134602 26723 120672 18518.8 16948.9 9409.48 119948 84761.5 35186.6 45220.8 28612.4 42903.8 14256 12602.3 39540.7 39799.7 26401.7 10943 13929.3 223271 47479.7
internal_count=3717660 1046810 854990 2670850 2570798 2233371 2187017 1709201 337427 1591182 191820 1489138 477816 402269 46354 1486833 787854 698979 564764 619950 553584 213127 206688 223090 508258 522755 203450 102044 641863 277870
cat_boundaries=0 39 44 84 95 131 137 148 187 227 251 252 291 330
cat_threshold=32 0 4 0 20480 0 0 0 0 131072 0 0 0 0 0 0 0 0 0 0 0 0 0 224 0 0 0 0 0 0 0 0 0 41943040 4194816 0 0 1 2147483648 32 0 0 0 4096 8192 0 0 0 0 0 0 0 0 0 8388608 0 0 0 0 0 0 0 0 0 0 0 0 0 0 0 0 0 0 0 0 0 0 0 0 0 16 8192 0 262144 0 0 0 0 16384 0 0 0 0 131072 8388608 0 0 0 0 0 0 0 0 0 0 0 0 0 0 0 0 0 0 0 0 0 0 0 0 0 0 0 0 0 0 0 0 0 0 0 512 0 0 4096 0 0 8388608 0 0 4 0 4096 0 0 0 0 131072 8388608 0 0 0 0 0 0 0 0 0 0 0 0 0 0 0 0 0 0 0 0 0 0 0 0 0 0 0 0 0 0 0 0 0 1073741824 0 0 1 0 33280 0 0 0 0 0 0 0 0 0 0 0 0 0 0 0 0 0 0 0 0 0 0 0 0 0 0 0 0 0 0 0 0 0 0 0 67109376 1073741824 0 0 65536 0 0 0 0 0 0 0 0 0 0 0 0 0 0 0 0 0 0 0 0 0 0 0 192 1544 0 0 0 0 0 0 0 0 0 0 0 0 0 0 0 0 0 0 0 0 0 0 0 0 0 0 0 0 0 0 0 0 0 0 0 0 1 0 33280 0 0 0 0 0 0 0 0 0 0 0 0 0 0 0 0 0 0 0 0 0 0 0 128 0 0 0 0 0 0 0 0 0 33554432 512 0 0 1 2147483648
is_linear=0
shrinkage=0.05


Tree=36
num_leaves=31
num_cat=4
split_feature=165 175 229 169 178 201 212 188 182 236 216 217 183 179 175 179 170 228 179 171 220 168 228 182 171 167 179 173 173 170
split_gain=3892.87 3243.38 2152.12 2152.97 1804.52 1179.55 984.344 913.767 1264.83 812.667 776.02 627.914 542.683 530.9 524.423 485.198 484.899 903.735 637.373 455.083 454.92 437.83 910.295 584.099 565.798 453.738 467.269 432.098 430.916 461.325
threshold=0 1.0000000180025095e-35 1.0000000180025095e-35 4.5000000000000009 1.0000000180025095e-35 1.0000000180025095e-35 1.0000000180025095e-35 1.0000000180025095e-35 1.0000000180025095e-35 1.0000000180025095e-35 1.5000000000000002 8.5000000000000018 1.0000000180025095e-35 6.5000000000000009 1.0000000180025095e-35 10.500000000000002 1 1.0000000180025095e-35 17.500000000000004 95.000000000000014 135.00000000000003 4.5000000000000009 1.0000000180025095e-35 1.0000000180025095e-35 65.000000000000014 2 15.500000000000002 1.5000000000000002 1.0000000180025095e-35 3
decision_type=1 2 2 2 2 2 2 2 2 2 2 2 2 2 2 2 9 2 2 2 2 2 2 2 2 9 2 2 2 9
left_child=1 9 3 4 20 6 7 10 15 16 11 28 -8 -11 27 -9 17 18 19 -1 -2 25 23 -23 -25 26 -18 -5 29 -6
right_child=2 -3 -4 14 5 -7 12 8 -10 13 -12 -13 -14 -15 -16 -17 21 -19 -20 -21 -22 22 -24 24 -26 -27 -28 -29 -30 -31
leaf_value=0.01528245985099139 -0.015065766113814022 0.038267451584827125 -0.033040329132955501 -0.024487540556402433 0.0087263056799072019 0.013480836637786046 0.0049038795375648701 0.031210111526296692 -0.021755492420266889 0.0073961668910506309 0.017622783578881675 0.0084513050461632027 -0.025359018977032872 -0.014327892166826306 -0.0098425061316766652 0.0024812194404135578 -0.019403531546205288 -0.049893645993335026 -0.0080358921544330369 0.038176545779822775 0.051682392479148846 -0.0015843065082189825 0.027677233563222686 0.0001184031913814362 -0.054103627785973579 0.005214779412767382 0.018256819931659628 0.048156037167046223 -0.028739943692754528 -0.0066786192695551284
leaf_weight=8974.1759882701735 24526.865580281563 7219.1676438365539 6201.2112674118835 13175.182042078522 5092.725791427365 14854.427904381417 58745.552509457775 4721.9341681133956 2140.4382661257405 4026.5641215657233 3765.8365398885217 7617.5059938430786 1519.1606959927594 9322.1130867163301 15478.078057235747 2134.4109776741825 3558.6588058383204 537.04359756869962 2281.5167217305861 2863.9986087663565 257.44335846102331 2201.6816013557254 1291.7987651248695 689.63941127818543 1589.2543958809692 148424.94009809557 1071.0738828808535 207.4431999650551 2115.0588174543809 103168.41957387188
leaf_count=14631 492141 44909 364142 586532 25736 51253 200976 8966 11872 13844 7105 33716 5983 123707 197993 6780 23164 6438 11089 8863 1003 12372 3276 6296 6169 340878 4260 4203 116105 983258
internal_value=0 0.00538363 -0.00393162 -0.00323614 -0.00162519 -9.07099e-05 -0.00114614 -0.00358286 0.0117933 0.00411317 -0.00471909 -0.00543225 0.00414072 -0.00777453 -0.0161107 0.0222682 0.00502791 0.0137278 0.0161594 0.020823 -0.0143712 0.00422387 -0.00929285 -0.0199547 -0.0376963 0.00473399 -0.0106658 -0.0233594 -0.00639049 -0.00595368
internal_weight=459773 194052 265722 259520 230660 205875 191021 130756 8996.78 186832 121760 117994 60264.7 13348.7 28860.7 6856.35 173484 14656.7 14119.7 11838.2 24784.3 158827 5772.37 4480.58 2278.89 153055 4629.73 13382.6 110376 108261
internal_count=3717660 619896 3097764 2733622 1944894 1451750 1400497 1193538 27618 574987 1165920 1158815 206959 137551 788728 15746 437436 41021 34583 23494 493144 396415 28113 24837 12465 368302 27424 590735 1125099 1008994
cat_boundaries=0 1 25 59 83
cat_threshold=9728 0 0 0 0 4096 0 0 0 0 0 0 0 0 0 0 0 0 0 0 0 0 0 0 64 0 0 0 0 0 0 0 0 0 0 0 0 0 128 0 0 0 0 0 0 0 0 0 0 0 0 0 0 0 0 0 0 0 49152 0 0 0 0 0 0 0 0 0 0 8388608 0 0 0 0 0 0 0 0 0 0 0 0 160
is_linear=0
shrinkage=0.05


Tree=37
num_leaves=31
num_cat=5
split_feature=165 175 169 229 165 201 188 179 171 213 179 179 179 170 169 179 228 173 182 235 174 190 171 179 170 179 176 219 175 170
split_gain=3650.81 2812.91 1958.08 1932.87 1587.15 1077.18 739.665 698.46 742.701 695.939 1180.96 803.218 580.753 543.888 1421.94 2079.09 1029.4 599.687 591.546 758.884 805.872 1070.32 740.587 659.483 581.78 833.095 657.896 517.258 465.785 433.393
threshold=0 1.0000000180025095e-35 4.5000000000000009 1.0000000180025095e-35 1 1.0000000180025095e-35 1.0000000180025095e-35 11.500000000000002 65.000000000000014 1.0000000180025095e-35 11.500000000000002 8.5000000000000018 19.500000000000004 2 4.5000000000000009 2.5000000000000004 1.0000000180025095e-35 1.0000000180025095e-35 1.0000000180025095e-35 1.0000000180025095e-35 1.0000000180025095e-35 1.0000000180025095e-35 105.00000000000001 5.5000000000000009 3 6.5000000000000009 1.0000000180025095e-35 1.5000000000000002 1.0000000180025095e-35 4
decision_type=1 2 2 2 1 2 2 2 2 2 2 2 2 9 2 2 2 2 2 2 2 2 2 2 9 2 2 2 2 9
left_child=1 7 3 4 -2 6 9 13 12 10 27 -11 -9 14 15 -1 -17 -16 19 20 24 -22 -20 -23 26 -26 -15 -6 -4 -30
right_child=2 -3 28 -5 5 -7 -8 8 -10 11 -12 -13 -14 18 17 16 -18 -19 22 -21 21 23 -24 -25 25 -27 -28 -29 29 -31
leaf_value=-0.051190953980085045 -0.013397955846793951 0.037471633149475263 -0.022536255370814565 -0.030148019173404962 -0.0030703974182182889 0.013038743458427921 0.0085533449651043029 0.01879964652118625 -0.0030316721468861803 -0.00092677098932112789 0.005355641932292223 -0.011599898635974021 -0.014094899597850678 0.0065916788416899522 0.006493980084431094 0.044614171685131682 -0.042363681406358315 0.050054042246546006 0.017695352611697024 0.017623974370314276 0.028120879845940597 -0.07159640732819586 -0.039389628776177257 -0.018397495244783679 0.0052432637363518109 -0.028838149393471242 -0.025066379602501843 -0.025209485277540761 -0.034621128429617488 -0.0068849660871626514
leaf_weight=690.38691463012947 24435.690916723644 6922.4600076202478 13148.024235639139 5912.247867639584 74014.080843835589 14797.402430112066 19070.226562541677 7418.7493326432304 39301.153877515317 38961.023712023627 63554.478235333008 32193.991196575575 1637.4651815714897 22223.938905256335 37873.077732764534 6311.5250885626301 359.11500604345929 806.50034007802606 9749.4938617454609 5836.6531467752066 693.86131855251733 1066.1502726231702 602.80567193240859 1285.3866637707106 3546.6786258594948 3625.334588018246 1771.3762663165107 2735.4429695887375 1560.5432759661344 13845.358605887042
leaf_count=1543 493144 44909 590735 364142 397137 51253 52511 22534 158421 189145 382646 500021 8506 40115 57654 12427 3731 1012 27493 8968 2501 4567 2196 4733 13157 33330 7817 43319 48202 149791
internal_value=0 0.00633525 -0.00315957 -0.00186865 -0.0012488 -3.80899e-05 -0.000877526 0.00484698 -5.70211e-05 -0.00172808 0.000314614 -0.00575593 0.0128509 0.00730595 0.0112342 0.0313785 0.0399281 0.00740301 0.00371445 0.000960995 -0.00188176 -0.0264288 0.0143691 -0.0425293 0.000516984 -0.0119678 0.00425217 -0.00385968 -0.0156234 -0.0097228
internal_weight=455951 151722 304229 275675 269762 245327 230529 144800 48357.4 211459 140304 71155 9056.21 96442.3 46040.6 7361.03 6670.64 38679.6 50401.7 40049.4 34212.7 3045.4 10352.3 2351.54 31167.3 7172.01 23995.3 76749.5 28553.9 15405.9
internal_count=3717660 455614 3262046 2473318 2109176 1616032 1564779 410705 189461 1512268 823102 689166 31040 221244 76367 17701 16158 58666 144877 115188 106220 11801 29689 9300 94419 46487 47932 440456 788728 197993
cat_boundaries=0 1 2 12 36 47
cat_threshold=1536 20480 0 0 0 0 4096 0 0 0 0 131072 0 0 4 0 0 0 0 0 0 0 0 0 0 0 0 0 0 0 0 0 0 0 0 32 0 0 0 0 0 0 0 0 0 131072 8388608
is_linear=0
shrinkage=0.05


Tree=38
num_leaves=31
num_cat=10
split_feature=166 175 176 166 186 222 170 217 166 167 179 182 170 202 231 230 179 166 172 179 179 166 172 173 199 179 173 170 215 215
split_gain=6829.69 2459.19 2437.08 1592.46 1037.49 1002.63 1018.39 786.269 669.635 703.961 636.682 509.004 477.986 473.805 533.002 559.176 462.788 422.826 532.062 375.089 358.53 672.505 435.289 417.925 335.981 320.574 305.914 300.608 297.286 410.918
threshold=0 1.0000000180025095e-35 1.0000000180025095e-35 1 1.0000000180025095e-35 1.0000000180025095e-35 2 7.5000000000000009 3 4 5.5000000000000009 1.0000000180025095e-35 5 6 1.0000000180025095e-35 1.0000000180025095e-35 20.500000000000004 7 60.000000000000007 22.500000000000004 5.5000000000000009 8 90.000000000000014 1.0000000180025095e-35 1.0000000180025095e-35 8.5000000000000018 1.5000000000000002 9 2.5000000000000004 1.0000000180025095e-35
decision_type=9 2 2 9 2 2 9 2 9 9 2 2 9 1 2 2 2 9 2 2 2 9 2 2 2 2 2 9 2 2
left_child=1 24 3 10 7 6 -4 8 -5 -10 17 -9 -11 25 15 20 -16 -2 -19 -13 21 -15 -22 -24 28 -14 -12 -7 29 -1
right_child=2 -3 5 4 -6 27 -8 11 9 12 26 19 13 14 16 -17 -18 18 -20 -21 22 -23 23 -25 -26 -27 -28 -29 -30 -31
leaf_value=0.0059792687546006903 -0.048267544692471798 0.036701408387170766 -0.014390041383499816 -0.0019026498630659373 0.0027829453074346817 0.021373175212119358 0.01125615707043893 -0.011142239512900278 0.039980045597083236 -0.037278101188997985 -0.021866354960136208 0.016658583709620849 -0.029840570832110908 0.0053076650831422045 -0.040759745948241347 0.010981491384364963 0.0066654605708515923 0.0076167784568668259 -0.023537799181093888 -0.043641456133070661 -0.011553274976772243 -0.013988482883922185 0.017545082957922446 -0.053029997101375417 0.040927136822725231 -0.01328037316322475 0.052694094676653785 -0.033847572139586474 0.028475896460103695 -0.0050489750010128953
leaf_weight=186384.28888439012 505.61006166086008 6640.0990089878615 4408.6485752155131 30262.664726543517 29282.918758333428 278.6641647349461 31312.74657605325 2851.0827214788878 681.32295831339434 1651.7660645790602 25617.201847849195 6263.2615988320904 4611.708547531045 10570.86522731735 2262.4136715034838 3607.2591073262447 665.3499309810868 4789.3500013919402 1919.1563573938329 268.45445483596995 65292.316324792686 7867.2163727032457 2090.9105233381269 232.63882798788836 676.64044936862774 7986.1774328064785 137.81521666189656 1900.7567761923274 1415.212552457815 8846.6975913769566
leaf_count=435299 9474 44909 44385 275608 100052 4614 99308 23987 2305 90911 883134 20377 76339 37047 121075 28001 15540 31703 52476 1990 887631 80252 22585 10556 2150 166548 2866 114157 2622 29759
internal_value=0 0.0067731 -0.00558581 -0.00769757 -0.00581163 0.00608083 0.00808979 -0.00752221 -0.00847595 -0.0103249 -0.0177834 0.00648224 -0.0106496 -0.0102277 -0.00898735 -0.00830261 -0.0299811 -0.00465896 -0.00129428 0.0141763 -0.00911109 -0.00293027 -0.0107964 0.0104669 0.00576621 -0.0193286 -0.0214662 -0.0268386 0.00564509 0.0054795
internal_weight=451281 203963 247318 209417 176448 37900.8 35721.4 147165 137783 107520 32969.1 9382.8 106839 105187 92589 89661.2 2927.76 7214.12 6708.51 6531.72 86053.9 18438.1 67615.9 2323.55 197323 12597.9 25755 2179.42 196646 195231
internal_count=3717660 514739 3202921 2940457 1960804 262464 143693 1860752 1814398 1538790 979653 46354 1536485 1445574 1202687 1066072 136615 93653 84179 22367 1038071 117299 920772 33141 469830 242887 886000 118771 467680 465058
cat_boundaries=0 39 79 89 129 135 146 147 187 226 231
cat_threshold=0 0 4 0 20480 0 0 0 0 131072 0 0 0 0 0 0 0 0 0 0 0 0 0 96 0 0 0 0 0 0 0 0 0 41943040 4194304 67108864 0 0 2147483648 532480 0 0 0 0 0 0 0 0 0 8388608 0 0 0 0 0 0 0 0 0 0 0 0 0 0 0 0 0 0 0 0 0 0 0 0 0 16 0 512 262144 0 0 4 0 20480 0 0 0 0 131072 0 0 0 0 0 0 0 0 0 0 0 0 0 0 0 0 0 0 0 0 0 0 0 0 0 0 0 0 0 0 0 0 0 1073741824 512 512 0 1 0 65536 0 0 4096 0 0 8388608 0 0 0 0 20480 0 0 0 0 131072 8388608 2560 0 0 0 0 0 0 0 0 0 0 0 0 0 0 0 0 0 0 0 0 0 0 0 0 0 0 0 0 0 0 0 0 0 0 0 0 0 0 0 262144 0 0 0 0 0 0 0 0 0 0 0 0 0 0 0 0 0 0 0 0 0 0 0 128 0 0 0 0 0 0 0 0 0 0 0 0 1 0 32768 0 0 4 0 4096
is_linear=0
shrinkage=0.05


Tree=39
num_leaves=31
num_cat=11
split_feature=166 175 176 202 182 166 170 236 222 170 222 167 179 166 166 222 196 179 170 233 182 204 179 175 170 179 166 230 179 179
split_gain=6273.68 2427.48 1270.81 1782.2 1061.57 923.533 958.182 898.779 816.15 971.443 770.321 689.846 686.72 994.371 844.131 653.319 632.332 606.266 574.975 475.607 685.701 547.674 473.169 425.488 378.46 448.849 380.012 369.377 378.403 328.273
threshold=0 1.0000000180025095e-35 1.0000000180025095e-35 1 1.0000000180025095e-35 2 3 1.0000000180025095e-35 1.0000000180025095e-35 4 1.0000000180025095e-35 5 8.5000000000000018 6 7 1.0000000180025095e-35 1.0000000180025095e-35 15.500000000000002 8 1.0000000180025095e-35 1.0000000180025095e-35 1.0000000180025095e-35 6.5000000000000009 1.0000000180025095e-35 9 19.500000000000004 10 1.0000000180025095e-35 5.5000000000000009 22.500000000000004
decision_type=9 2 2 1 2 9 9 2 2 9 2 9 2 9 9 2 2 2 9 2 2 2 2 2 9 2 9 2 2 2
left_child=1 7 3 4 11 18 15 24 9 -4 12 -2 13 -8 17 -7 19 -14 23 21 -21 -16 -9 -5 25 -1 -26 -15 -29 -24
right_child=2 -3 8 5 -6 6 10 22 -10 -11 -12 -13 14 27 16 -17 -18 -19 -20 20 -22 -23 29 -25 26 -27 -28 28 -30 -31
leaf_value=0.01624614947511183 0.039267022565911046 0.035941521928824625 0.011769485372866409 0.011313797616533193 0.0039884218198514756 -0.041767503900516777 -0.00019583393127633626 0.0063927831541762074 -0.026038997303856528 -0.010703715722727202 -0.049143410028292617 -0.012612368445735142 -0.018576914378369294 -0.017694381064285128 -0.011241845671354653 0.017565921723721348 0.011557816009845241 -0.047150812935186748 -0.034032093292737785 0.031435617756707522 -0.037535385647774457 -0.036467921287375575 -0.012074126319078034 -0.030230042375888895 -0.0019993085125288093 -0.013704480893136212 0.0055567211610648938 -0.031746072619328762 0.012831326735214421 -0.05480343404866294
leaf_weight=12841.364906793868 655.86841127212392 6377.4481725293153 19079.802667036507 1474.8316024474043 39350.705355378159 3524.6112563998904 37474.675892200103 3962.2099728470785 2138.9982652173057 6419.8072739211057 1190.9041321786935 17252.160221182319 6692.1274372327171 14885.143096887652 36735.614894330851 533.84911170351552 3192.6788952160277 2569.8732325736928 6775.5296932635683 1362.9116154996445 489.31504920026055 2285.3339503263996 8678.1966561846784 1057.9765083974053 18254.277427672758 1385.3557296271902 188010.63434227361 619.25321995998092 2052.6379780619463 473.69452872528927
leaf_count=30954 2305 44909 63169 50211 162281 236254 245409 13844 118771 58528 62008 134235 150488 221223 688455 12168 33488 185372 304722 6098 20206 92368 102355 30461 145545 10067 419491 16602 34321 21352
internal_value=0 0.00550718 -0.00635962 -0.0078913 -0.000604121 -0.0112849 -0.010042 0.00467646 0.00362293 0.00611173 -0.00915584 -0.0106961 -0.00871694 -0.00479843 -0.0127605 -0.0338769 -0.00986835 -0.0264792 -0.0264249 -0.0115446 0.0132072 -0.0127198 -0.00804008 -0.00601625 0.00543284 0.0133196 0.00488793 -0.0146135 0.00249393 -0.0142892
internal_weight=447798 239983 207815 180176 57258.7 122917 113609 233606 27638.6 25499.6 109550 17908 108360 55031.7 53327.9 4058.46 44065.9 9262 9308.34 40873.2 1852.23 39020.9 13114.1 2532.81 220492 14226.7 206265 17557 2671.89 9151.89
internal_count=3717660 788517 2929143 2688675 298821 2389854 2004460 743608 240468 121697 1756038 136540 1694030 517555 1176475 248422 840615 335860 385394 807127 26304 780823 137551 80672 606057 41021 565036 272146 50923 123707
cat_boundaries=0 39 40 80 91 115 121 160 199 209 233 271
cat_threshold=0 0 4 0 20480 0 0 0 0 131072 0 0 0 0 0 0 0 0 0 0 0 0 0 224 0 0 0 0 0 0 0 0 0 41943040 4194816 512 0 1 2147483648 2051 8192 0 0 0 0 0 0 0 0 0 8388608 0 0 0 0 0 0 0 0 0 0 0 0 0 0 0 0 0 0 0 0 0 0 0 0 0 16 0 0 262144 0 0 0 0 20480 0 0 0 0 131072 8388608 0 0 0 0 0 0 0 0 0 0 8388608 0 0 0 0 0 0 0 0 0 0 0 0 160 0 0 4096 0 0 8388608 524288 0 0 0 0 0 0 0 0 0 0 0 0 0 0 0 0 0 0 0 0 0 0 0 0 0 0 0 0 0 0 0 0 1073741824 0 0 1 0 33280 0 0 0 0 0 0 0 0 0 0 0 0 0 0 0 0 0 0 0 0 0 0 0 0 0 0 0 0 0 0 0 0 0 0 0 0 0 0 33280 0 0 4 0 4096 0 0 0 0 131072 0 0 0 0 4096 0 0 0 0 0 0 0 0 0 0 0 0 0 0 0 0 0 0 64 0 0 0 0 4096 0 0 0 0 0 0 0 0 0 0 0 0 0 0 0 0 0 0 0 0 0 0 0 0 0 0 0 0 0 512 512 0 1
is_linear=0
shrinkage=0.05


Tree=40
num_leaves=31
num_cat=12
split_feature=166 175 229 166 170 201 170 202 170 201 166 231 179 173 170 204 182 182 170 219 166 186 217 182 210 166 179 179 169 166
split_gain=5872.55 2207.88 1709.32 1252.35 1587.63 1442.5 949.046 892.558 658.137 774.27 478.317 446.119 428.906 424.391 1149.67 447.018 896.764 649.955 625.639 463.703 446.668 411.691 488.978 657.625 962.461 813.865 524.606 384.566 357.457 346.717
threshold=0 1.0000000180025095e-35 1.0000000180025095e-35 1 2 1.0000000180025095e-35 3 4 5 1.0000000180025095e-35 6 1.0000000180025095e-35 17.500000000000004 1.0000000180025095e-35 7 1.0000000180025095e-35 1.0000000180025095e-35 1.0000000180025095e-35 8 1.5000000000000002 9 1.0000000180025095e-35 8.5000000000000018 1.0000000180025095e-35 1.0000000180025095e-35 10 11.500000000000002 17.500000000000004 4.5000000000000009 11
decision_type=9 2 2 9 9 2 9 1 9 2 9 2 2 2 9 2 2 2 9 2 9 2 2 2 2 9 2 2 2 9
left_child=1 -1 3 8 27 7 29 11 9 -2 -4 13 -13 15 -15 16 19 -17 -18 -6 -20 22 23 24 -9 26 -25 -5 -10 -7
right_child=2 -3 10 4 5 6 -8 21 28 -11 -12 12 -14 14 -16 17 18 -19 20 -21 -22 -23 -24 25 -26 -27 -28 -29 -30 -31
leaf_value=0.0047497545968331967 0.002576421125474993 0.035179163497194008 -0.019739483254908131 -0.047203343927466619 -0.0090003019940677175 0.021971802148414512 -0.043480739709591924 -0.0009046799317762752 -0.023933650276002215 -0.053311919053244498 -0.051558933090094128 -0.044335587942130855 -0.0040665802592994389 0.032157555991852577 -0.042539298130884362 -0.0099258841957329987 -0.028196956334494917 -0.044140980618545572 0.026103926580199385 -0.031764306206307096 0.0030414683516545755 0.002705647874955796 0.0079473749933598025 -0.012848174080347191 -0.028753015635812087 -0.0042369609641237805 -0.035611912422629198 -0.0014817901945955224 -0.049283627519783907 0.0067640448651690903
leaf_weight=223485.60901905599 3881.8358552607533 6124.0752492020838 2463.5514593061962 2651.7761205077259 32040.882489148353 6579.1824668612098 763.35949381720275 55567.953492826433 5277.959311748622 736.90285026998026 2345.0945288547809 1778.3271290675475 1053.111081908457 644.86706660932396 2454.9219355650566 4624.7335209566954 1297.227071021538 1983.3165249877784 2698.5513074110495 2404.8616680940613 9374.8832285678509 28614.428228618344 7613.2596520315856 5707.8515267255716 3285.606843088317 13508.628397686 4549.5863080160925 556.69834881558199 1889.7449806838122 8768.0032357828459
leaf_count=668690 69540 44909 115918 145882 389082 24005 47957 325785 194885 35015 234351 107495 29120 9735 151487 73782 47444 97195 25177 42405 136417 100052 33716 60454 45507 131920 142996 41660 106466 38613
internal_value=0 0.00556121 -0.00593586 -0.00526211 -0.00432099 -0.00374672 0.0105839 -0.00503533 -0.0210907 -0.00633038 -0.0354103 -0.00998652 -0.0293633 -0.00903416 -0.0270289 -0.00800893 -0.00632409 -0.0201984 0.00466588 -0.0105902 0.00821481 -0.00251978 -0.00417719 -0.00529455 -0.00245968 -0.0123143 -0.0229242 -0.0391513 -0.0305781 0.0132943
internal_weight=444727 229610 215117 210308 198522 195314 16110.5 179203 11786.4 4618.74 4808.65 60355.7 2831.44 57524.2 3099.79 54424.5 47816.4 6608.05 13370.7 34445.7 12073.4 118847 90232.9 82619.6 58853.6 23766.1 10257.4 3208.47 7167.7 15347.2
internal_count=3717660 713599 3004061 2653792 2247886 2060344 110575 1949769 405906 104555 350269 1109339 136615 972724 161222 811502 640525 170977 209038 431487 161594 840430 740378 706662 371292 335370 203450 187542 301351 62618
cat_boundaries=0 40 80 91 115 116 127 167 172 196 197 236 237
cat_threshold=0 0 4 0 20480 0 0 0 0 131072 0 0 0 0 0 0 0 0 0 0 0 0 0 224 0 0 0 0 0 0 0 0 0 41943040 4194304 67109376 0 0 2147483648 65536 8192 0 0 0 0 0 0 0 0 0 8388608 0 0 0 0 0 0 0 0 0 0 0 0 0 0 0 0 0 0 0 0 0 0 0 0 0 16 0 0 262144 0 0 0 0 16384 0 0 0 0 131072 8388608 0 0 0 0 4096 0 0 0 0 0 0 0 0 0 0 0 0 0 0 0 0 0 0 128 568 0 0 4 0 4096 0 0 0 0 131072 8388608 0 0 0 0 0 0 0 0 0 0 0 0 0 0 0 0 0 0 0 0 0 0 0 0 0 0 0 0 0 0 0 0 0 0 512 0 1 1 0 262144 0 0 4 0 4096 0 0 0 0 4096 0 0 0 0 0 0 0 0 0 0 0 0 0 0 0 0 0 0 32 32 0 0 0 0 0 0 0 0 0 0 0 0 0 0 0 0 0 0 0 0 0 0 0 0 0 0 0 0 0 0 0 0 0 0 0 0 1 0 33280 32
is_linear=0
shrinkage=0.05


Tree=41
num_leaves=31
num_cat=11
split_feature=166 172 166 229 166 236 170 202 166 175 170 201 229 227 170 180 186 167 176 217 180 166 182 166 220 172 173 168 172 177
split_gain=5500.1 1470.63 1430.13 1303.46 1014.57 926.212 886.35 872.444 777.811 756.742 620.43 586.3 506.729 452.674 573.743 449.655 447.483 473.224 489.496 593.618 524.459 996.046 426.97 419.612 397.702 377.369 358.547 339.904 413.688 328.496
threshold=0 125.00000000000001 1 1.0000000180025095e-35 2 1.0000000180025095e-35 3 4 5 1.0000000180025095e-35 6 1.0000000180025095e-35 1.0000000180025095e-35 1.0000000180025095e-35 7 130.00000000000003 1.0000000180025095e-35 8 1.0000000180025095e-35 7.5000000000000009 150.00000000000003 9 1.0000000180025095e-35 10 135.00000000000003 75.000000000000014 1.0000000180025095e-35 3.0000000000000004 175.00000000000003 1.0000000180025095e-35
decision_type=9 2 9 2 9 2 9 1 9 2 9 2 2 2 9 2 2 9 2 2 2 9 2 9 2 2 2 2 2 2
left_child=1 2 13 4 10 12 -6 24 -5 -3 11 -2 -4 14 -1 -7 17 -9 19 20 21 25 -21 -22 -8 -19 -20 28 -11 -12
right_child=3 9 5 8 6 15 7 16 -10 27 29 -13 -14 -15 -16 -17 -18 18 26 22 23 -23 -24 -25 -26 -27 -28 -29 -30 -31
leaf_value=-0.0010677563594492822 0.0015515732115858297 0.0083003213469436017 0.0056340340597365035 0.027724410136973035 -0.040009255401946338 0.0057518776474719821 -0.012508371000308979 0.038707828709310013 -0.043229042361224351 0.019589418319236392 -0.023301853210458065 -0.049464697788375624 -0.021155783087638377 0.012218918365932301 -0.023823238101563948 -0.014466451992703293 0.0027670378479299246 0.0027225230432787362 0.0066451751249305803 -0.010284930521599961 -0.016790061035401555 -0.01895787387569348 0.013068503935347673 -0.0070766885823284349 0.05122224036960106 -0.020018208332267334 -0.026260979321144726 0.034396383620174539 -0.055938301847182431 -0.048189313995229327
leaf_weight=4370.488063073426 3874.6963354267064 12736.805952363633 201310.34590564581 431.24438816762995 1771.002465080921 3941.7791035796399 31649.827697605229 626.32712207073928 3410.4956414763583 5044.3984320861637 5146.4477577516518 658.41433031429187 1780.1846544787404 1674.3893208261579 7595.8101844206831 9090.7965522751911 28303.290010260302 29029.139573256572 12448.603592271684 2776.2317282010335 17115.946076077831 7541.9240280059457 6629.9806579302531 31888.135633509301 246.19070782911149 1946.1080360082851 886.2421153219766 5886.3485165699531 187.55430615413934 1787.6427192707342
leaf_count=56122 69540 111474 477597 4903 118019 13844 622119 2305 332524 31580 194885 35015 26715 6439 150566 123707 100052 119328 40107 23987 408395 60330 22367 306477 1003 41091 61937 44909 3857 106466
internal_value=0 0.00480534 0.00357866 -0.0064767 -0.00587617 0.00456973 -0.00491956 -0.00455387 -0.0353008 0.0166218 -0.0202731 -0.00584895 0.00539913 -0.0121176 -0.0155338 -0.00835093 -0.00284408 -0.00427657 -0.00452406 -0.00576016 -0.00704296 -0.002677 0.00617506 -0.0104744 -0.0120117 0.00129289 0.00445693 0.0261533 0.0168759 -0.0296789
internal_weight=441787 253619 229764 188168 184326 216123 172859 171088 3841.74 23855.1 11467.2 4533.11 203091 13640.7 11966.3 13032.6 139192 110889 110262 96927.5 87521.3 38517.2 9406.21 49004.1 31896 30975.2 13334.8 11118.3 5231.95 6934.09
internal_count=3717660 1046810 854990 2670850 2333423 641863 1927517 1809498 337427 191820 405906 104555 504312 213127 206688 137551 1186376 1086324 1084019 981975 935621 220749 46354 714872 623122 160419 102044 80346 35437 301351
cat_boundaries=0 39 44 84 95 96 136 147 171 177 216 255
cat_threshold=32 0 4 0 20480 0 0 0 0 131072 0 0 0 0 0 0 0 0 0 0 0 0 0 224 0 0 0 0 0 0 0 0 0 41943040 4194816 0 0 1 2147483648 32 0 0 0 4096 8192 0 0 0 0 0 0 0 0 0 8388608 0 0 0 0 0 0 0 0 0 0 0 0 0 0 0 0 0 0 0 0 0 0 0 0 0 16 0 0 262144 0 0 0 0 16384 0 0 0 0 131072 8388608 536 0 0 0 0 0 0 0 0 0 0 0 0 0 0 0 0 0 0 0 0 0 0 0 0 0 0 0 0 0 0 0 0 0 0 0 67109376 0 0 0 65536 0 0 4 0 4096 0 0 0 0 131072 8388608 0 0 0 0 0 0 0 0 0 0 0 0 0 0 0 0 0 0 0 0 0 0 0 192 0 0 4096 0 0 8388608 524288 0 0 0 0 0 0 0 0 0 0 0 0 0 0 0 0 0 0 0 0 0 0 0 0 0 0 0 0 0 0 0 0 1073741824 0 0 1 0 33280 524288 0 0 0 0 0 0 0 0 0 0 0 0 0 0 0 0 0 0 0 0 0 0 0 0 0 0 0 0 0 0 0 0 0 0 0 0 0 33280
is_linear=0
shrinkage=0.05


Tree=42
num_leaves=31
num_cat=11
split_feature=166 170 166 167 229 236 166 170 201 166 169 182 202 166 229 179 231 179 170 173 176 231 227 195 173 179 217 179 166 182
split_gain=5120.42 1313.61 1273.16 1171.47 972.846 882.607 747.13 824.633 732.006 721.607 621.511 534.801 999.346 675.582 489.947 449.854 446.27 422.286 404.979 891.241 559.887 404.494 397.329 457.651 377.553 366.907 345.489 510.165 1017.27 370.44
threshold=0 1 2 3 1.0000000180025095e-35 1.0000000180025095e-35 4 5 1.0000000180025095e-35 6 4.5000000000000009 1.0000000180025095e-35 7 8 1.0000000180025095e-35 2.5000000000000004 1.0000000180025095e-35 19.500000000000004 9 1.0000000180025095e-35 1.0000000180025095e-35 1.0000000180025095e-35 1.0000000180025095e-35 1.0000000180025095e-35 1.5000000000000002 12.500000000000002 7.5000000000000009 6.5000000000000009 10 1.0000000180025095e-35
decision_type=9 9 9 9 2 2 9 9 2 9 2 2 1 9 2 2 2 2 9 2 2 2 2 2 2 2 2 2 9 2
left_child=1 10 22 -2 6 14 7 -5 11 -6 -1 13 21 -8 -4 -11 -15 -7 24 20 26 -13 23 -3 -9 -16 27 28 -20 -28
right_child=3 2 5 4 9 17 8 18 -10 15 -12 12 -14 16 25 -17 -18 -19 19 -21 -22 -23 -24 -25 -26 -27 29 -29 -30 -31
leaf_value=0.019271631069462974 0.0022130347814661418 -0.022294126171864905 0.0055205950046625391 -0.03838396799458893 -0.046059093568993348 -0.0057740693460424861 -0.022785870886050292 -0.015887236186159493 -0.048531646782243698 -0.072281761301129233 -0.0039381233719817431 0.0016357547753915341 -0.026436568100464203 -0.0048500876081359447 -0.047459235239664554 0.0071590032698084661 -0.050197330591631922 -0.042597373571363645 0.0065547447014555685 -0.046143555512124033 0.0094863428049916584 -0.0231692150960685 0.011182362372724476 -0.0018074660594467288 0.061288060705125602 0.014804898734950457 -0.0098998541726267528 -0.0087404985930259731 -0.030420697842844985 0.01186562553779141
leaf_weight=20238.906143554574 34274.524366131867 7343.3653184816649 196803.75296909222 1686.4983226419572 2844.8134300920792 12110.844461906643 6363.3495268614206 7304.5636097427632 1271.2526447744458 205.19372719504463 3363.1364932804572 6799.4571552166308 11993.250440511023 44888.589734168258 754.54146739955468 1332.8429227599408 548.71699340088526 831.66223350563087 15124.282809299562 1121.2881663672306 10363.651705270633 2166.765539508604 1699.4952311426168 4336.3354018396349 161.48215863469522 344.14297902512772 2750.4389287255472 30641.130513751574 2110.3841949528432 6754.0256033377955
leaf_count=122531 136811 150566 447358 118019 298752 103191 144358 167367 75547 2645 69791 96909 397490 474984 11237 45492 35080 34360 62403 83216 27167 101535 6439 55620 2141 6016 23987 371848 22433 22367
internal_value=0 0.0047394 0.00355787 -0.00615885 -0.0079932 0.00450714 -0.00732416 -0.0039081 -0.010922 -0.0312171 0.0159574 -0.010266 -0.0170052 -0.007539 0.00533466 -0.00343389 -0.00539719 -0.00814221 -0.00314113 -0.00194074 -0.00120898 -0.00435413 -0.0113934 -0.0146889 -0.0141943 -0.0279537 -0.00314085 -0.00486958 0.00201221 0.00556633
internal_weight=438533 247826 224224 190707 156432 210845 152049 78017.7 74031.4 4382.85 23602 72760.1 20959.5 51800.7 197902 1538.04 45437.3 12942.5 76331.2 68865.2 67743.9 8966.22 13379.2 11679.7 7466.05 1098.68 57380.3 47875.8 17234.7 9504.46
internal_count=3717660 1007109 814787 2710551 2573740 602162 2226851 900948 1325903 346889 192322 1250356 595934 654422 464611 48137 510064 137551 782929 613421 530205 198444 212625 206186 169508 17253 503038 456684 84836 46354
cat_boundaries=0 39 63 68 102 142 153 192 193 233 257 296
cat_threshold=32 0 4 0 20480 0 0 0 0 131072 0 0 0 0 0 0 0 0 0 0 0 0 0 224 0 0 0 0 0 0 0 0 0 41943040 4194816 67108864 0 0 2147483648 0 0 4 0 4096 0 0 0 0 0 0 0 0 0 0 0 0 0 0 0 0 0 0 128 32 0 0 0 4096 0 0 4096 0 0 8388608 0 0 0 0 0 0 0 0 0 0 0 0 0 0 0 0 0 0 0 0 0 0 0 0 0 0 0 65536 524288 0 0 0 0 0 0 0 0 0 0 0 0 0 0 0 0 0 0 0 0 0 0 0 0 0 0 0 0 0 0 0 0 1073741824 0 512 0 8193 32768 65536 0 0 0 0 16384 0 0 0 0 131072 8388608 0 0 0 0 0 0 0 0 0 0 0 0 0 0 0 0 0 0 0 0 0 0 0 0 0 0 0 0 0 0 0 0 0 1073741824 0 0 1 0 33280 25 0 0 0 0 0 0 0 0 0 0 8388608 0 0 0 0 0 0 0 0 0 0 0 0 0 0 0 0 0 0 0 0 0 0 0 0 0 1073741840 0 0 262144 0 0 4 0 4096 0 0 0 0 0 0 0 0 0 0 0 0 0 0 0 0 0 0 64 524288 0 0 0 0 0 0 0 0 0 0 0 0 0 0 0 0 0 0 0 0 0 0 0 0 0 0 0 0 0 0 0 0 1073741824 0 0 0 1 32768
is_linear=0
shrinkage=0.05


Tree=43
num_leaves=31
num_cat=10
split_feature=166 229 176 202 172 166 175 186 222 170 167 217 166 182 166 179 182 169 233 202 182 179 227 170 182 231 230 179 179 170
split_gain=4776.71 1570.34 1209.16 1429.29 1012.22 1195.5 800.617 596.278 480.444 528.859 453.221 437.854 604.194 823.979 420.941 503.339 412.728 378.485 372.843 859.115 377.833 347.704 343.856 399.253 319.372 298.044 523.297 376.371 317.207 360.263
threshold=0 1.0000000180025095e-35 1.0000000180025095e-35 1 125.00000000000001 2 1.0000000180025095e-35 1.0000000180025095e-35 1.0000000180025095e-35 3 4 7.5000000000000009 5 1.0000000180025095e-35 6 12.500000000000002 1.0000000180025095e-35 4.5000000000000009 1.0000000180025095e-35 7 1.0000000180025095e-35 8.5000000000000018 1.0000000180025095e-35 8 1.0000000180025095e-35 1.0000000180025095e-35 1.0000000180025095e-35 17.500000000000004 5.5000000000000009 9
decision_type=9 2 2 1 2 9 2 2 2 9 9 2 9 2 9 2 2 2 2 1 2 2 2 9 2 2 2 2 2 9
left_child=4 2 3 7 5 22 -6 10 9 21 -2 12 16 -14 15 -15 -12 -8 19 -5 -20 -4 23 -1 -13 26 28 -27 29 -21
right_child=1 -3 8 18 6 -7 17 -9 -10 -11 11 24 13 14 -16 -17 -18 -19 20 25 -22 -23 -24 -25 -26 27 -28 -29 -30 -31
leaf_value=-0.00182898779343347 0.037865731015599841 -0.038026986256864695 -0.038140731071223712 -0.033662507300375254 0.0063857478652050385 0.0048719433643424261 0.028954348922543678 0.0033129268516479508 -0.025332621756434238 0.0084059636316745519 -0.030352614712170239 -0.0098041039444443281 -0.0019140383121624205 -0.012682754668819775 -0.0056462381460904562 -0.036185761802559495 -0.0082297078088230356 0.0027266958995925098 0.014684120221080314 0.00470427397476951 -0.033512413425022834 0.0086060507822015124 0.010276386395179965 -0.021003329449267059 0.010425884649630769 -0.042866963942309905 0.0080080861692889416 -0.0040338009892370939 -0.014098289161212847 -0.014236120829502028
leaf_weight=4382.6976454232645 598.57371225743555 3643.9564476696542 1056.7237808602222 4766.9934754296701 12741.973954211237 191422.37757329928 9031.206673415305 27608.840998454893 1244.0377566700918 23779.716014780861 4230.7630592841015 2728.7331152224215 50815.947896025595 6128.9988503154018 7539.4145733071782 3626.8779216660332 4204.3661325845169 1623.2958350569243 2187.7365569254616 5373.0036234311992 498.92462747072568 637.23801222280599 1708.7900249430677 7171.0110459177085 6839.8318368645851 1623.3972803041106 3482.9087150919368 1013.9602515321021 38861.566732977895 4697.1898260174494
leaf_count=56122 2305 340807 12363 188565 111474 485939 60111 100052 82587 88787 91848 23987 307874 73497 78246 129953 89403 20235 11180 35317 22935 7577 6439 150566 22367 107495 28001 29120 865883 86625
internal_value=0 -0.00549546 -0.00491322 -0.00641121 0.00499211 0.00386613 0.0148444 -0.00308618 0.0050008 0.00648283 -0.00512402 -0.00542688 -0.00668808 -0.00512181 -0.014549 -0.0214003 -0.0193046 0.0249591 -0.01249 -0.0133104 0.00572738 -0.0204345 -0.0106461 -0.0137505 0.00465603 -0.0115395 -0.010716 -0.0279426 -0.012049 -0.00413961
internal_weight=435271 207190 203546 176828 228081 204685 23396.5 114322 26717.7 25473.7 86713.5 86114.9 76546.4 68111.2 17295.3 9755.88 8435.13 10654.5 62505.7 59819 2686.66 1693.96 13262.5 11553.7 9568.56 55052 52414.7 2637.36 48931.8 10070.2
internal_count=3717660 2826774 2485967 2294653 890886 699066 191820 919532 191314 108727 819480 817175 770821 589570 281696 203450 181251 80346 1375121 1341006 34115 19940 213127 206688 46354 1152441 1015826 136615 987825 121942
cat_boundaries=0 40 41 46 51 57 97 136 137 161 185
cat_threshold=32 0 4 0 20480 0 0 0 0 131072 0 0 0 0 0 0 0 0 0 0 0 0 0 96 0 0 0 0 0 0 0 0 0 41943040 4194304 512 0 1 2147483648 65536 3075 32 0 0 0 4096 0 0 4 0 20480 0 0 4096 0 0 8388608 0 0 0 0 0 0 0 0 0 0 0 0 0 0 0 0 0 0 0 0 0 0 0 0 0 0 0 0 0 0 0 0 0 0 0 0 0 8192 0 262144 0 0 0 0 0 0 0 0 0 0 0 0 0 0 0 0 0 0 0 0 0 0 0 0 0 0 0 0 0 0 0 0 0 0 0 0 1 0 33280 516 0 0 0 0 0 0 0 0 0 0 0 0 0 0 0 0 0 0 0 0 0 0 0 192 0 0 0 0 0 0 0 0 0 0 0 0 0 0 0 0 0 0 0 0 0 0 0 96
is_linear=0
shrinkage=0.05


Tree=44
num_leaves=31
num_cat=10
split_feature=166 176 202 166 229 222 168 182 182 166 170 222 170 222 170 179 178 179 166 223 228 172 220 170 198 215 215 216 179 166
split_gain=4521.67 2069.55 1325 825.235 943.615 757.158 721.999 1020.8 701.848 550.356 685.618 613.158 541.94 518.025 482.764 478.734 481.092 453.007 686.129 597.932 329.307 870.617 328.016 323.369 316.847 267.815 380.51 290.062 264.893 296.301
threshold=0 1.0000000180025095e-35 1 2 1.0000000180025095e-35 1.0000000180025095e-35 3.0000000000000004 1.0000000180025095e-35 1.0000000180025095e-35 3 4 1.0000000180025095e-35 5 1.5000000000000002 6 15.500000000000002 1.0000000180025095e-35 5.5000000000000009 7 1.0000000180025095e-35 1.0000000180025095e-35 175.00000000000003 135.00000000000003 8 1.0000000180025095e-35 2.5000000000000004 1.0000000180025095e-35 1.5000000000000002 8.5000000000000018 9
decision_type=9 2 1 9 2 2 2 2 2 9 9 2 9 2 9 2 2 2 9 2 2 2 2 9 2 2 2 2 2 9
left_child=6 2 8 -4 9 12 25 20 15 14 13 17 28 -11 -5 -2 -17 18 -12 22 -8 -22 -19 -16 -13 26 -1 -28 29 -3
right_child=1 5 3 4 -6 -7 7 -9 -10 10 11 24 -14 -15 23 16 -18 19 -20 -21 21 -23 -24 -25 -26 -27 27 -29 -30 -31
leaf_value=0.0050741850861199117 -0.011942730305828552 -0.0009656368340867765 -0.0037158446283225652 0.014752825046277236 -0.046798811798727719 -0.023769356905902685 0.03745955400674611 0.0015339566435041967 0.003622688918606334 -0.034986552415281084 0.0080225579084789635 -0.053365872309977795 0.010282840378886984 0.058420766889806554 -0.052477216550870287 0.024969802622874168 -0.028654013625389371 -0.012063157685177966 -0.011406900869323909 0.0081222670833313564 0.029095509233133632 -0.050513692738521312 0.049290688332778235 -0.023098507456697941 0.064269288355352824 0.026369761235294772 -0.011041316000531218 0.0097727565302517423 0.0082667484279865516 -0.034769396981562298
leaf_weight=176790.5805353875 14674.942175436721 1245.1769777102163 45221.37661424838 733.70863811775052 1898.6249305060774 1983.874582675533 4706.8242456723383 5802.7594919092953 38001.860178262286 3569.0113944124896 9121.8338969088509 1009.5446305755468 30243.695554310412 154.39407347340602 1122.1528333019232 1788.5435172764119 545.36345454561524 59875.3092517388 9033.4148779594543 4000.3433069617895 1838.9147891350294 421.76378192339325 218.12976260669529 6087.9958792676625 60.231740409508348 1419.5038300992455 6442.7454201849177 2260.6268521926831 1393.9936265939614 1357.2617585616827
leaf_count=405703 115883 11363 462974 28753 213501 118771 24202 32389 162281 247405 30065 60770 99308 1017 73152 8886 11771 1109555 120433 42130 15570 4494 926 249717 1238 2622 25235 4524 16037 16985
internal_value=0 -0.0047264 -0.00674521 -0.00929542 -0.011899 0.00625767 0.005523 0.0170256 -0.000155544 -0.0112023 -0.0100484 -0.00910731 0.0079979 -0.0310214 -0.0238015 -0.00859727 0.0124339 -0.00861898 -0.0016465 -0.0105939 0.0299258 0.0142331 -0.01184 -0.0277412 -0.046711 0.00473735 0.00457171 -0.00563421 -0.00929411 -0.018738
internal_weight=433025 233341 197117 142106 96884.7 36224 199684 12770.3 55010.7 94986.1 87042.2 83318.8 34240.1 3723.41 7943.86 17008.8 2333.91 82249 18155.2 64093.8 6967.5 2260.68 60093.4 7210.15 1069.78 186913 185494 8703.37 3996.43 2602.44
internal_count=3717660 3202921 2940457 2641636 2178662 262464 514739 76655 298821 1965161 1613539 1365117 143693 248422 351622 136540 20657 1303109 150498 1152611 44266 20064 1110481 322869 62008 438084 435462 29759 44385 28348
cat_boundaries=0 39 40 80 120 131 141 146 185 209 210
cat_threshold=0 0 4 0 20480 0 0 0 0 131072 0 0 0 0 0 0 0 0 0 0 0 0 0 96 0 0 0 0 0 0 0 0 0 41943040 4194304 67108864 0 0 2147483648 2051 0 0 0 0 0 0 0 0 0 0 0 0 0 0 0 0 0 0 0 0 0 0 0 0 0 0 0 0 0 0 0 0 0 1073741824 512 512 1 1 0 65536 8192 0 0 0 0 0 0 0 0 0 8388608 0 0 0 0 0 0 0 0 0 0 0 0 0 0 0 0 0 0 0 0 0 0 0 0 0 16 0 0 262144 0 0 0 0 20480 0 0 0 0 131072 8388608 0 0 4 0 20480 0 0 0 0 131072 0 0 4 0 4096 0 0 0 0 0 0 0 0 0 0 0 0 0 0 0 0 0 0 0 0 0 0 0 128 0 0 0 0 0 0 0 0 0 0 0 0 0 0 33280 0 0 0 0 0 0 0 0 0 0 0 0 0 0 0 0 0 0 0 0 0 0 0 160 8192
is_linear=0
shrinkage=0.05


Tree=45
num_leaves=31
num_cat=10
split_feature=166 167 170 166 229 236 175 166 166 170 201 229 175 169 179 182 202 166 179 231 169 179 231 179 173 171 185 179 179 170
split_gain=4344.46 1066.97 886.162 1025.65 808.773 761.468 738.952 653.927 646.666 708.855 655.417 463.121 432.682 472.83 403.202 387.213 932.882 498.691 383.894 365.308 365.145 361.379 334.603 297.802 295.452 283.97 280.126 274.841 271.224 265.952
threshold=0 1 2 3 1.0000000180025095e-35 1.0000000180025095e-35 1.0000000180025095e-35 4 5 6 1.0000000180025095e-35 1.0000000180025095e-35 1.0000000180025095e-35 4.5000000000000009 6.5000000000000009 1.0000000180025095e-35 7 8 2.5000000000000004 1.0000000180025095e-35 4.5000000000000009 12.500000000000002 1.0000000180025095e-35 10.500000000000002 1.5000000000000002 55.000000000000007 1.0000000180025095e-35 20.500000000000004 17.500000000000004 9
decision_type=9 9 9 9 2 2 2 9 9 9 2 2 2 2 2 2 1 9 2 2 2 2 2 2 2 2 2 2 2 9
left_child=2 26 6 -4 8 11 -1 18 9 -3 15 -5 13 -11 -7 17 22 -10 -6 -19 -8 23 -17 -13 -15 -16 -2 -27 -24 -14
right_child=1 4 3 5 7 14 20 -9 10 12 -12 21 29 24 25 16 -18 19 -20 -21 -22 -23 28 -25 -26 27 -28 -29 -30 -31
leaf_value=0.0056259448791977223 0.037274698700306363 -0.019898809078225253 -0.010244456685931871 0.0051986390747810543 -0.070314814416705881 0.005741308320762019 0.027753951704007476 -0.044853331578880551 -0.021843910698517762 -0.0030720433892941377 -0.047457041275728529 -0.019182709745469831 0.0086690970677896322 -0.025397211576689501 0.043048525371703283 0.0012994337419248816 -0.026590370521181652 -0.0052226989898636637 0.0067444471080379187 -0.048668728291656201 0.001895992095579046 0.013668092158002571 -0.039210265394242383 -0.084071274478512384 0.054584726663139252 -0.012462878548411258 0.0017462952985595006 -0.046673687916873881 -0.0027797963298394632 -0.026230584980568006
leaf_weight=12611.285391572135 563.93715446014539 6361.3591096719611 12949.965921839685 195178.16573244554 184.31938631524099 3904.833357089432 8670.5129637524515 2556.7400188895335 5391.4908058017609 59678.559233565436 1180.5094504969311 396.5005282121565 10103.913042035332 3185.4412485708308 215.49192083143862 6686.3663117225005 9812.3107391573285 42441.223180913359 1286.9428838842505 488.95604154930334 1620.9867366781982 351.73236104253738 1068.6147790187533 319.58796772744972 119.30957007105462 7925.9018336384324 32588.799706252379 633.79887310171034 979.26571540074656 567.33029684159555
leaf_count=111777 2305 211582 212625 447657 2646 13844 60210 298752 121930 475270 75547 7704 51530 140641 1836 96909 394716 501773 45472 35080 20335 6024 73241 3544 1167 92392 134506 29479 28294 18872
internal_value=0 -0.00577685 0.00437191 0.00340489 -0.00754853 0.00425142 0.0137341 -0.0296541 -0.00694754 -0.00389849 -0.0105306 0.00501893 -0.00251388 -0.0040917 -0.00762318 -0.00987979 -0.0160215 -0.00752226 -0.00290698 -0.00571688 0.0236819 -0.0278113 -0.00411158 -0.0481877 -0.0225003 -0.0135707 0.00235064 -0.0149992 -0.0217971 0.00679561
internal_weight=430024 185245 244779 221876 152093 208926 22902.8 4028 148065 80015.9 68048.7 196246 73654.6 62983.3 12680 66868.2 18546.6 48321.7 1471.26 42930.2 10291.5 1067.82 8734.25 716.088 3304.75 8775.19 33152.7 8559.7 2047.88 10671.2
internal_count=3717660 2710233 1007427 815105 2573422 602480 192322 346870 2226552 899062 1327490 464929 687480 617078 137551 1251943 593160 658783 48118 536853 80545 17272 198444 11248 141808 123707 136811 121871 101535 70402
cat_boundaries=0 40 74 98 103 143 181 205 206 246 270
cat_threshold=32 0 4 0 20480 0 0 0 0 131072 0 0 0 0 0 0 0 0 0 0 0 0 0 224 0 0 0 0 0 0 0 0 0 41943040 4194816 0 0 0 2147483648 65536 0 0 4096 0 0 8388608 0 0 0 0 0 0 0 0 0 0 0 0 0 0 0 0 0 0 0 0 0 0 0 0 0 0 0 65536 0 0 4 0 4096 0 0 0 0 0 0 0 0 0 0 0 0 0 0 0 0 0 0 128 32 0 0 0 4096 0 0 0 0 0 0 0 0 0 0 0 0 0 0 0 0 0 0 0 0 0 0 0 0 0 0 0 0 0 0 0 0 0 0 0 67109376 0 1 0 262144 524288 0 0 0 0 0 0 0 0 0 0 0 0 0 0 0 0 0 0 0 0 0 0 0 0 0 0 0 0 0 0 0 0 1073741824 0 67109376 1 8193 0 0 0 0 16384 0 0 0 0 131072 8388608 0 0 0 0 0 0 0 0 0 0 0 0 64 25 0 0 0 0 0 0 0 0 0 0 0 0 0 0 0 0 0 0 0 0 0 0 0 0 0 0 0 0 0 0 0 0 0 0 0 0 1073741840 0 0 262144 0 0 0 0 0 0 0 0 0 0 0 0 0 0 0 0 0 0 0 0 0 0 0 160
is_linear=0
shrinkage=0.05


Tree=46
num_leaves=31
num_cat=7
split_feature=166 229 167 236 172 166 166 201 197 169 179 196 179 202 233 231 217 217 222 227 195 179 171 166 171 166 199 200 171 173
split_gain=4018.47 1262.71 888.861 879.94 662.303 1027.52 613.181 587.179 563.35 518.756 450.772 372.041 366.964 345.975 840.53 360.622 343.703 354.817 311.052 308.464 329.907 301.764 294.118 285.172 283.497 279.31 277.331 280.852 305.552 271.113
threshold=0 1.0000000180025095e-35 1 1.0000000180025095e-35 125.00000000000001 2 3 1.0000000180025095e-35 1.0000000180025095e-35 4.5000000000000009 6.5000000000000009 1.0000000180025095e-35 20.500000000000004 4 1.0000000180025095e-35 1.0000000180025095e-35 7.5000000000000009 1.0000000180025095e-35 1.0000000180025095e-35 1.0000000180025095e-35 1.0000000180025095e-35 14.500000000000002 75.000000000000014 5 145.00000000000003 6 1.0000000180025095e-35 1.0000000180025095e-35 75.000000000000014 1.0000000180025095e-35
decision_type=9 2 9 2 2 9 9 2 2 2 2 2 2 1 2 2 2 2 2 2 2 2 2 9 2 9 2 2 2 2
left_child=3 2 -2 4 5 19 8 11 12 18 -5 13 16 14 -8 23 17 -4 -6 20 -1 -17 -12 -15 29 -3 27 28 -7 -11
right_child=1 25 6 10 9 26 7 -9 -10 24 22 -13 -14 15 -16 21 -18 -19 -20 -21 -22 -23 -24 -25 -26 -27 -28 -29 -30 -31
leaf_value=-0.019393950392582359 0.002291152921186273 -0.049405118569112769 -0.0023472383528114174 0.005515937823895165 0.017261710256817376 0.0044236560850781552 -0.032818821203407358 -0.046154110842786339 -0.03714562732913166 0.0075100600017697404 0.019923812223035853 -0.0430483190938699 -0.018264022416159532 -0.023305333457557309 0.0024054657809861129 -0.044457045756304603 0.0070215209275228067 -0.016240291364311533 -0.0184571272825922 0.010426858968561745 -0.0017167573234189118 -0.0093999710014437635 -0.017235216443974299 -0.0064210538803044816 -0.033473024238961105 -0.019772612166842275 0.03819587680771034 0.013212293827809741 -0.032568571622780096 -0.046588462182800293
leaf_weight=6980.0601859013987 32868.843635314668 1821.57562759149 53343.524787535338 3905.5719926913152 18674.679580284865 189257.23513986284 4493.7748732515611 1112.7148984576343 1228.2570837063977 2390.1685839450802 568.36137020745082 818.82818421031698 3729.2342921373202 2609.6912497507146 2717.2112501906377 1212.8862974450021 8865.2047231710167 5028.681164423615 629.54432841789094 1652.1256989077665 4245.361600441247 1243.9004334722849 8327.5491823525517 56847.90749410454 701.43286936133518 1494.1603178546648 620.55799276835751 9303.6231539432483 559.34438836271875 255.92269553508959
leaf_count=151068 136811 234351 571671 13844 91960 483655 188565 75547 99785 27997 4772 50710 90446 111029 34115 89934 41133 61099 30253 6439 55620 46681 118935 729322 29354 106501 2150 17289 4368 12256
internal_value=0 -0.00569964 -0.00512436 0.00412276 0.00481758 0.00395163 -0.00682555 -0.0101232 -0.0035788 0.0129452 -0.0086429 -0.00955106 -0.00299802 -0.00915389 -0.0195188 -0.00794206 -0.0021511 -0.00354432 0.0160961 -0.0097329 -0.0127094 -0.0267148 -0.0148596 -0.00716741 -0.00522341 -0.036267 0.00483418 0.00473033 0.00431454 0.0022681
internal_weight=427508 179436 176121 248072 235270 212618 143252 71056.9 72194.9 22651.7 12801.5 69944.2 70966.6 69125.4 7210.99 61914.4 67237.4 58372.2 19304.2 12877.5 11225.4 2456.79 8895.91 59457.6 3347.52 3315.74 199741 199120 189817 2646.09
internal_count=3717660 2667700 2326848 1049960 912409 720589 2190037 1325903 864134 191820 137551 1250356 764349 1199646 222680 976966 673903 632770 122213 213127 206688 136615 123707 840351 69607 340852 507462 505312 488023 40253
cat_boundaries=0 39 73 78 118 119 159 198
cat_threshold=32 0 4 0 20480 0 0 0 0 131072 0 0 0 0 0 0 0 0 0 0 0 0 0 224 0 0 0 0 0 0 0 0 0 41943040 4194304 512 0 1 2147483648 0 0 4096 0 0 8388608 0 0 0 0 0 0 0 0 0 0 0 0 0 0 0 0 0 0 0 0 0 0 0 0 0 0 0 65536 32 0 0 0 4096 524288 0 0 0 0 0 0 0 0 0 0 0 0 0 0 0 0 0 0 0 0 0 0 0 0 0 0 0 0 0 0 0 0 1073741824 512 67108864 0 8192 32768 65536 516 0 0 0 0 0 0 0 0 0 0 0 0 0 0 0 0 0 0 0 0 0 0 0 0 0 0 0 0 0 0 0 0 0 0 0 0 16 0 0 262144 0 0 0 0 0 0 0 0 0 0 0 0 0 0 0 0 0 0 0 0 0 0 0 0 0 0 0 0 0 0 0 0 0 1073741824 0 0 0 0 33280
is_linear=0
shrinkage=0.05


Tree=47
num_leaves=31
num_cat=6
split_feature=202 175 176 188 182 236 201 217 202 229 180 175 180 220 173 173 182 170 167 170 180 170 180 213 180 171 173 180 182 168
split_gain=3371.5 1458.04 1215.66 867.361 1156.49 738.132 661.913 631.901 584.741 630.121 582.16 446.201 434.6 424.498 362.954 360.105 358.899 322.689 319.845 312.002 557.265 307.589 307.268 327.15 299.079 292.948 271.788 266.097 288.979 259.478
threshold=0 1.0000000180025095e-35 1.0000000180025095e-35 1.0000000180025095e-35 1.0000000180025095e-35 1.0000000180025095e-35 1.0000000180025095e-35 6.5000000000000009 1 1.0000000180025095e-35 210.00000000000003 1.0000000180025095e-35 130.00000000000003 135.00000000000003 1.5000000000000002 1.0000000180025095e-35 1.0000000180025095e-35 2 3 4 350.00000000000006 5 170.00000000000003 1.0000000180025095e-35 170.00000000000003 75.000000000000014 1.0000000180025095e-35 150.00000000000003 1.0000000180025095e-35 4.5000000000000009
decision_type=1 2 2 2 2 2 2 2 1 2 2 2 2 2 2 2 2 9 9 9 2 9 2 2 2 2 2 2 2 2
left_child=1 5 3 7 10 18 15 8 11 22 -5 13 -7 14 21 -4 -9 26 -1 20 -20 -2 23 27 -23 -14 -13 28 -10 -21
right_child=2 -3 6 4 -6 12 -8 16 9 -11 -12 17 25 -15 -16 -17 -18 -19 19 29 -22 24 -24 -25 -26 -27 -28 -29 -30 -31
leaf_value=-0.042865417560750602 -0.03752008839164641 0.030609695582208218 -0.00015733301675639885 0.028503603152598422 -0.023076100454216989 0.0052977265600485587 0.01224697958736881 -0.01014061299284446 -0.01835023427510846 -0.025778108769883741 -0.0021378087355472331 0.0013722664996456218 0.019843911847332356 0.049414327716694073 0.043322713716833799 -0.024242922397436726 0.0096385278317105503 -0.015153743347995642 0.015647073107462519 0.0037034602247653994 -0.011504940936967962 -0.026043053009414365 -0.0090652923673433822 -0.00091408584925693954 -0.013176477419635594 -0.017169326684510825 -0.063180200429180947 0.0036301027354254355 0.011940195652766487 -0.0077352939973929268
leaf_weight=355.83943450346123 2312.1030585507324 4943.6966563531023 10029.141729126743 4545.0151644162834 2271.3810072642518 3907.0359810543596 13700.790154802176 3300.0698708264972 7411.7816860727617 4217.0450217176985 2351.7620190017042 7091.4402750597219 571.38666081399424 224.65265704039484 226.29653209503158 1835.5506989626738 7515.3257031606627 7007.8251637705398 11533.006108419751 213259.79353869078 2259.4192461539642 7364.4718665796099 42732.602491826634 36001.248777396395 11691.137606839024 8188.8025908729469 166.3962325125467 2446.5076421452104 880.43467332341243 5075.0080659467494
leaf_count=2805 143207 44909 73110 9875 14274 13844 51253 33060 114198 355317 12294 45125 4772 1003 4203 116105 29171 145350 28577 611753 12444 220576 778850 189145 448756 118935 7518 39498 19620 28113
internal_value=0 0.00372679 -0.00531608 -0.00703664 0.00786361 0.00318474 0.00476024 -0.00800838 -0.0089761 -0.00689047 0.0180549 -0.014385 -0.00856865 -0.018885 -0.0195969 -0.00388483 0.00360272 -0.00751193 0.00382518 0.00389855 0.0111904 -0.0202645 -0.00600083 -0.00319893 -0.0181404 -0.0147536 -0.000111099 -0.0108579 -0.015133 0.00343738
internal_weight=425417 250094 175323 149757 9168.16 245150 25565.5 140589 129774 93689.6 6896.78 36084.3 12667.2 21818.7 21594 11864.7 10815.4 14265.7 232483 232127 13792.4 21367.7 89472.6 46740 19055.6 8760.19 7257.84 10738.7 8292.22 218335
internal_count=3717660 866152 2851508 2611040 36443 821243 240468 2574597 2512366 1496628 22169 1015738 137551 817745 816742 189215 62231 197993 683692 680887 41021 812539 1141311 362461 669332 123707 52643 173316 133818 639866
cat_boundaries=0 1 2 26 40 64 88
cat_threshold=199 2592 0 0 0 0 0 0 0 0 0 0 0 0 0 0 0 0 0 0 0 0 0 0 0 160 0 0 0 0 0 0 0 0 0 0 0 0 0 128 0 0 0 0 4096 0 0 0 0 0 0 0 0 0 0 0 0 0 0 0 0 0 0 64 0 0 0 0 16384 0 0 0 0 0 8388608 0 0 0 0 0 0 0 0 0 0 0 0 32
is_linear=0
shrinkage=0.05


Tree=48
num_leaves=31
num_cat=11
split_feature=166 176 175 186 166 229 222 166 170 222 173 170 167 170 198 179 202 196 233 204 182 201 170 187 187 179 199 166 172 170
split_gain=3622.45 1816.55 1213.77 1045.06 696.935 808.384 642.6 487.749 590.755 541.489 502.161 485.775 409.059 396.157 297.848 295.087 655.706 420.055 406.538 659.508 423.059 291.137 287.171 280.574 351.428 259.997 254.215 250.89 681.56 240.959
threshold=0 1.0000000180025095e-35 1.0000000180025095e-35 1.0000000180025095e-35 1 1.0000000180025095e-35 1.0000000180025095e-35 2 3 1.0000000180025095e-35 1.0000000180025095e-35 4 5 6 1.0000000180025095e-35 5.5000000000000009 7 1.0000000180025095e-35 1.0000000180025095e-35 1.0000000180025095e-35 1.0000000180025095e-35 1.0000000180025095e-35 8 55.000000000000007 225.00000000000003 8.5000000000000018 1.0000000180025095e-35 9 175.00000000000003 10
decision_type=9 2 2 2 9 2 2 9 9 2 2 9 9 9 2 2 1 2 2 2 2 2 9 2 2 2 2 9 2 9
left_child=2 3 26 4 -2 7 11 13 10 12 -9 -3 -10 -6 -11 16 -14 18 19 21 -20 -17 -15 -5 -25 27 -1 28 -13 -8
right_child=1 6 -4 23 5 -7 29 8 9 14 -12 25 15 22 -16 17 -18 -19 20 -21 -22 -23 -24 24 -26 -27 -28 -29 -30 -31
leaf_value=0.0042503685131398397 -0.0033905645047954598 0.0098862377269756767 0.029857994803274945 0.012003490467005303 0.013354625780297481 -0.044951365527787113 0.011334894509304092 -0.037180073226230355 0.035797480968501272 -0.051741367498985759 0.015989709275331953 0.030980579749924887 0.0074131393646272893 -0.050720533938864713 0.061422343096597422 -0.0095633828037314291 -0.010708928464917757 0.006464676367145073 0.02296086719849702 -0.035055077715327974 -0.031758447939807449 -0.05105294933461451 -0.021328297713430613 -0.0040553078535719564 0.010851460564025727 0.0087639863318229819 0.036829613466161336 -0.033708108178028655 -0.044247298492220782 -0.03143146882943755
leaf_weight=190885.63154273038 59845.36991818637 29616.53409793743 4780.6495528847736 6539.1767706183018 716.21061439043842 1642.3005064642057 420.41437588639383 2910.0570588266564 532.66025761462515 927.98427139305568 523.58846544701373 684.68609559410834 9216.7108932169285 982.38426090974826 61.579675286397105 61918.266156024431 10864.628641986077 4008.9394702932332 1667.5845402284758 2707.1048398752755 447.60025920002954 425.31837044889107 5753.3105700893939 14329.336430414696 5459.7950252101291 1343.5884585241292 600.20347759244032 1292.3474302164832 536.58000155410264 1487.8923447740817
leaf_count=464200 584718 99308 44909 24709 28753 213501 13964 236254 2305 60770 12168 2545 31544 73152 1238 982883 134366 42130 8328 121810 22206 38042 249717 57472 17871 16037 2150 16985 8818 104807
internal_value=0 -0.00430297 0.00497371 -0.00622646 -0.00770132 -0.0101497 0.00610509 -0.00959912 -0.00864138 -0.00788522 -0.0289853 0.00771417 -0.00748924 -0.0219215 -0.0446668 -0.00774523 -0.00239288 -0.00925634 -0.0101948 -0.0108963 0.0113744 -0.00984692 -0.0256881 0.00302479 5.73673e-05 -0.00896368 0.00435261 -0.018477 -0.00205548 -0.0221119
internal_weight=423128 226862 196266 191480 165152 105306 35382 103664 96212 92778.4 3433.65 33473.7 91788.8 7451.91 989.564 91256.2 20081.3 71174.8 67165.9 65050.7 2115.18 62343.6 6735.69 26328.3 19789.1 3857.2 191486 2513.61 1221.27 1908.31
internal_count=3717660 3206401 511259 2943937 2843885 2259167 262464 2045666 1694044 1445622 248422 143693 1383614 351622 62008 1381309 165910 1215399 1173269 1142735 30534 1020925 322869 100052 75343 44385 466350 28348 11363 118771
cat_boundaries=0 36 76 116 127 151 157 162 163 187 188 212
cat_threshold=0 0 4 0 20480 0 0 0 0 131072 0 0 0 0 0 0 0 0 0 0 0 0 0 96 0 0 0 0 0 0 0 0 0 41943040 4194304 67108864 0 0 0 0 0 0 0 0 0 0 0 0 0 0 0 0 0 0 0 0 0 0 0 0 0 0 0 0 0 0 0 0 0 1073741824 512 512 1 8193 2147483648 65536 8192 0 0 0 0 0 0 0 0 0 8388608 0 0 0 0 0 0 0 0 0 0 0 0 0 0 0 0 0 0 0 0 0 0 0 0 0 16 0 0 262144 0 0 0 0 20480 0 0 0 0 131072 8388608 0 0 0 0 0 0 0 0 0 0 8388608 0 0 0 0 0 0 0 0 0 0 0 0 224 0 0 4096 0 0 8388608 0 0 4 0 4096 1089 0 0 0 0 0 0 0 0 0 0 0 0 0 0 0 0 0 0 0 0 0 0 0 160 8192 0 0 4 0 4096 0 0 0 0 0 0 0 0 0 0 0 0 0 0 0 0 0 0 64
is_linear=0
shrinkage=0.05


Tree=49
num_leaves=31
num_cat=11
split_feature=166 176 202 229 182 166 170 166 175 166 179 166 179 178 166 222 224 179 220 170 165 233 166 228 228 182 169 182 201 231
split_gain=3401.11 1098.85 1133.65 619.405 605.414 582.09 577.372 868.781 618.405 569.364 567.44 651.099 432.724 420.535 374.604 359.818 354.944 320.427 305.487 303.068 279.839 607.695 276.361 784.246 756.197 624.839 442.322 268.481 268.389 270.495
threshold=0 1.0000000180025095e-35 1 1.0000000180025095e-35 1.0000000180025095e-35 2 3 4 1.0000000180025095e-35 5 11.500000000000002 6 15.500000000000002 1.0000000180025095e-35 7 1.0000000180025095e-35 1.0000000180025095e-35 17.500000000000004 135.00000000000003 8 9 1.0000000180025095e-35 10 1.0000000180025095e-35 1.0000000180025095e-35 1.0000000180025095e-35 4.5000000000000009 1.0000000180025095e-35 1.0000000180025095e-35 1.0000000180025095e-35
decision_type=9 2 1 2 2 9 9 9 2 9 2 9 2 2 9 2 2 2 2 9 1 2 9 2 2 2 2 2 2 2
left_child=6 2 4 9 12 -5 8 -8 22 10 14 -12 -2 -14 27 19 -10 -13 20 -3 21 -11 24 25 26 -24 -1 -4 29 -22
right_child=1 15 3 5 -6 -7 7 -9 16 18 11 17 13 -15 -16 -17 -18 -19 -20 -21 28 -23 23 -25 -26 -27 -28 -29 -30 -31
leaf_value=0.018384861149134964 -0.011373693201657722 -0.015328577425397366 0.0016316722958599609 0.025248076600085198 0.0034172401033234997 -0.039771486111367493 -0.009315928232340823 0.0042346721246157414 0.022757388069215526 -0.028307885471762828 0.00092578659399254455 -0.014782615775687414 0.024596207474690109 -0.027070899097371565 -0.014083692802813703 -0.022535997943087339 -0.052678818232501083 -0.03388267957247839 0.047247917830004448 0.0074962900638007347 -0.0089525805183700222 0.00037377697409832114 0.0050138344515590948 0.025042571611683329 -0.051070546698815104 -0.048486687969570126 -0.010230252433237915 -0.008810996607684831 -0.029800973913066266 -0.026335779611449783
leaf_weight=6778.1917204712227 14112.701890122727 1542.2282048641064 31583.448920901734 391.83251254708739 36679.103713117191 2615.6437742482085 12608.988790315081 189005.98457628323 9380.6093090144132 6643.0169755141251 5698.2270741646353 8327.4472539286944 1680.373445979465 513.81892051664181 5725.5729432385706 1149.3152134174452 158.07265331788221 2983.6297864899825 215.22650546432124 23276.135160714141 40168.265715334324 2557.3293276694312 967.5073217030149 1197.88397514401 491.62831435212865 1250.7155047721462 1685.8719141946203 7644.3136129587656 1768.3672709631646 2369.9840484024971
leaf_count=43162 115883 19940 139325 4858 162281 332524 212625 482789 76688 297194 82448 159166 8886 11771 81667 82587 3857 104845 1003 88787 758604 33824 3558 2980 6438 6183 49456 80472 127244 136615
internal_value=0 -0.00477813 -0.00622834 -0.00894265 -0.000146258 -0.0313442 0.00422495 0.00338675 0.0119323 -0.00836087 -0.00509169 -0.0128711 -0.00816189 0.0124915 -0.00214907 0.00480742 0.0215041 -0.019805 -0.0121281 0.0060743 -0.0123698 -0.0203133 0.00456114 -0.00752734 0.00917112 -0.0251536 0.0126844 -0.000403147 -0.0107129 -0.00992149
internal_weight=421171 197646 171678 118692 52986 3007.48 223525 201615 21910.5 115685 61962.6 17009.3 16306.9 2194.19 44953.3 25967.7 9538.68 11311.1 53722.2 24818.4 53507 9200.35 12371.8 3416.11 8955.69 2218.22 8464.06 39227.8 44306.6 42538.2
internal_count=3717660 2829924 2638610 2339789 298821 337382 887736 695414 192322 2002407 647923 346459 136540 20657 301464 191314 80545 264011 1354484 108727 1353481 331018 111777 12721 99056 9741 92618 219797 1022463 895219
cat_boundaries=0 40 41 77 101 106 145 182 221 226 227 232
cat_threshold=32 0 4 0 20480 0 0 0 0 131072 0 0 0 0 0 0 0 0 0 0 0 0 0 96 0 0 0 0 0 0 0 0 0 41943040 4194816 0 0 1 2147483648 65536 2051 0 0 0 0 0 0 0 0 0 0 0 0 0 0 0 0 0 0 0 0 0 0 0 0 0 0 0 0 0 0 0 0 0 0 0 67109376 0 0 4 0 4096 0 0 0 0 0 0 0 0 0 0 0 0 0 0 0 0 0 0 128 32 0 0 0 4096 0 0 0 0 0 0 0 0 0 0 0 0 0 0 0 0 0 0 0 0 0 0 0 0 0 0 0 0 0 0 0 0 0 1073741824 0 67109376 1073741825 0 33280 0 0 0 0 0 0 0 0 0 0 0 0 0 0 0 0 0 0 0 0 0 0 0 0 0 0 0 0 0 0 0 0 0 0 0 67109376 1073741824 0 0 0 0 0 0 0 0 0 0 0 0 0 0 0 0 0 0 0 0 0 0 0 0 0 0 0 0 0 0 0 0 0 1073741824 0 0 1 0 33280 0 0 4 0 20480 4224 32 0 0 0 4096
is_linear=0
shrinkage=0.05


end of trees

feature_importances:
candidate_card_id=242
post_action_hand_count=165
candidate_target_id=140
post_action_ko_estimate=102
candidate_target_appear_this_turn=73
trainer_low_deck_risk=58
candidate_target_energy=57
action_type=54
candidate_attack_id=51
candidate_inplay_area=40
candidate_fills_energy=36
end_ready_active_alakazam_penalty=34
xerosic_opp_hand_value=32
candidate_target_is_active=30
ability_low_deck_risk=29
evolve_builds_backup_alakazam=26
candidate_target_max_hp=24
post_action_powerful_hand_damage=22
energy_target_existing_energy_value=20
retreat_to_ready_backup_value=20
option_type=18
attack_lethal_estimate=18
candidate_target_hp=17
target_is_alakazam=17
end_has_attack_ready_penalty=16
retreat_active_damage_value=15
is_retreat=13
is_trainer=12
candidate_area=11
candidate_fills_missing_abra=11
candidate_is_route_card=10
candidate_fills_stage2=10
candidate_target_is_bench=8
hammer_opp_active_special_energy_value=8
energy_target_is_alakazam_value=7
candidate_hand_cost=6
bench_early_game_value=5
attack_overkill_estimate=4
target_is_dunsparce=4
is_end=4
is_xerosic=4
hammer_opp_active_energy_value=4
boss_opp_bench_low_hp_value=4
is_bench=3
energy_target_is_fezandipiti_value=3
breaks_current_ko_estimate=2
target_is_kadabra=2
target_is_dudunsparce=2
candidate_target_special_energy=1
powerful_hand_attack_option=1
candidate_is_kadabra=1
candidate_is_alakazam=1
target_is_abra=1
is_boss=1
evolve_builds_active_alakazam=1

parameters:
[boosting: gbdt]
[objective: lambdarank]
[metric: ndcg]
[tree_learner: serial]
[device_type: cpu]
[data_sample_strategy: bagging]
[data: ]
[valid: ]
[num_iterations: 50]
[learning_rate: 0.05]
[num_leaves: 31]
[num_threads: 4]
[seed: 741]
[deterministic: 0]
[force_col_wise: 0]
[force_row_wise: 0]
[histogram_pool_size: -1]
[max_depth: -1]
[min_data_in_leaf: 40]
[min_sum_hessian_in_leaf: 0.001]
[bagging_fraction: 0.85]
[pos_bagging_fraction: 1]
[neg_bagging_fraction: 1]
[bagging_freq: 0]
[bagging_seed: 9664]
[bagging_by_query: 0]
[feature_fraction: 0.85]
[feature_fraction_bynode: 1]
[feature_fraction_seed: 7560]
[extra_trees: 0]
[extra_seed: 5152]
[early_stopping_round: 0]
[early_stopping_min_delta: 0]
[first_metric_only: 0]
[max_delta_step: 0]
[lambda_l1: 0.1]
[lambda_l2: 0.5]
[linear_lambda: 0]
[min_gain_to_split: 0]
[drop_rate: 0.1]
[max_drop: 50]
[skip_drop: 0.5]
[xgboost_dart_mode: 0]
[uniform_drop: 0]
[drop_seed: 20317]
[top_rate: 0.2]
[other_rate: 0.1]
[min_data_per_group: 100]
[max_cat_threshold: 32]
[cat_l2: 10]
[cat_smooth: 10]
[max_cat_to_onehot: 4]
[top_k: 20]
[monotone_constraints: ]
[monotone_constraints_method: basic]
[monotone_penalty: 0]
[feature_contri: ]
[forcedsplits_filename: ]
[refit_decay_rate: 0.9]
[cegb_tradeoff: 1]
[cegb_penalty_split: 0]
[cegb_penalty_feature_lazy: ]
[cegb_penalty_feature_coupled: ]
[path_smooth: 0]
[interaction_constraints: ]
[verbosity: -1]
[saved_feature_importance_type: 0]
[use_quantized_grad: 0]
[num_grad_quant_bins: 4]
[quant_train_renew_leaf: 0]
[stochastic_rounding: 1]
[linear_tree: 0]
[max_bin: 255]
[max_bin_by_feature: ]
[min_data_in_bin: 3]
[bin_construct_sample_cnt: 200000]
[data_random_seed: 2458]
[is_enable_sparse: 1]
[enable_bundle: 1]
[use_missing: 1]
[zero_as_missing: 0]
[feature_pre_filter: 1]
[pre_partition: 0]
[two_round: 0]
[header: 0]
[label_column: ]
[weight_column: ]
[group_column: ]
[ignore_column: ]
[categorical_feature: 27,35,160,165,166,167,170,202]
[forcedbins_filename: ]
[precise_float_parser: 0]
[parser_config_file: ]
[objective_seed: 17010]
[num_class: 1]
[is_unbalance: 0]
[scale_pos_weight: 1]
[sigmoid: 1]
[boost_from_average: 1]
[reg_sqrt: 0]
[alpha: 0.9]
[fair_c: 1]
[poisson_max_delta_step: 0.7]
[tweedie_variance_power: 1.5]
[lambdarank_truncation_level: 30]
[lambdarank_norm: 1]
[label_gain: ]
[lambdarank_position_bias_regularization: 0]
[eval_at: 1,2,3,4,5]
[multi_error_top_k: 1]
[auc_mu_weights: ]
[num_machines: 1]
[local_listen_port: 12400]
[time_out: 120]
[machine_list_filename: ]
[machines: ]
[gpu_platform_id: -1]
[gpu_device_id: -1]
[gpu_use_dp: 0]
[num_gpu: 1]

end of parameters

pandas_categorical:null
