tree
version=v4
num_class=1
num_tree_per_iteration=1
label_index=0
max_feature_idx=236
objective=lambdarank
feature_names=turn turn_action_count first_player_is_self energy_attached retreated stadium_played supporter_played self_hand_count self_deck_count self_prize_count self_bench_count opp_hand_count opp_deck_count opp_prize_count opp_bench_count self_total_energy opp_total_energy self_total_hp opp_total_hp self_status_count opp_status_count early_game mid_game late_game deck_low_10 deck_low_5 current_powerful_hand_damage self_active_id self_active_hp self_active_max_hp self_active_damage self_active_energy self_active_special_energy self_active_tool_count self_active_appear_this_turn opp_active_id opp_active_hp opp_active_max_hp opp_active_damage opp_active_energy opp_active_special_energy opp_active_tool_count opp_active_appear_this_turn self_bench_open self_bench_min_hp self_bench_max_hp self_bench_max_energy self_bench_total_damage self_bench_damaged_count self_bench_low_hp_count opp_bench_open opp_bench_min_hp opp_bench_max_hp opp_bench_max_energy opp_bench_total_damage opp_bench_damaged_count opp_bench_low_hp_count hand_5 field_5 discard_5 opp_field_5 hand_13 field_13 discard_13 opp_field_13 hand_19 field_19 discard_19 opp_field_19 hand_66 field_66 discard_66 opp_field_66 hand_140 field_140 discard_140 opp_field_140 hand_305 field_305 discard_305 opp_field_305 hand_343 field_343 discard_343 opp_field_343 hand_741 field_741 discard_741 opp_field_741 hand_742 field_742 discard_742 opp_field_742 hand_743 field_743 discard_743 opp_field_743 hand_1079 field_1079 discard_1079 opp_field_1079 hand_1081 field_1081 discard_1081 opp_field_1081 hand_1086 field_1086 discard_1086 opp_field_1086 hand_1097 field_1097 discard_1097 opp_field_1097 hand_1129 field_1129 discard_1129 opp_field_1129 hand_1152 field_1152 discard_1152 opp_field_1152 hand_1182 field_1182 discard_1182 opp_field_1182 hand_1197 field_1197 discard_1197 opp_field_1197 hand_1225 field_1225 discard_1225 opp_field_1225 hand_1231 field_1231 discard_1231 opp_field_1231 hand_1266 field_1266 discard_1266 opp_field_1266 ready_alakazam_count has_ready_alakazam ready_active_alakazam_count has_ready_active_alakazam ready_bench_alakazam_count has_ready_backup_alakazam active_is_fezandipiti active_is_setup_wall field_route_body_count has_abra_anywhere has_bridge_anywhere has_alakazam_anywhere has_psychic_energy_in_hand complete_route_components needs_first_abra needs_stage2 needs_attacker_energy dudunsparce_engine_count dunsparce_engine_count stadium_id select_type select_context select_min_count select_max_count option_type candidate_card_id candidate_attack_id candidate_area candidate_inplay_area candidate_target_id candidate_target_hp candidate_target_max_hp candidate_target_energy candidate_target_special_energy candidate_target_appear_this_turn candidate_target_is_active candidate_target_is_bench candidate_hand_cost post_action_hand_count post_action_powerful_hand_damage current_ko_estimate post_action_ko_estimate breaks_current_ko_estimate preserves_current_ko_estimate powerful_hand_attack_option attack_lethal_estimate attack_overkill_estimate candidate_is_route_card candidate_is_abra candidate_is_kadabra candidate_is_alakazam candidate_is_rare_candy candidate_is_psychic_energy target_is_abra target_is_kadabra target_is_alakazam target_is_dunsparce target_is_dudunsparce candidate_fills_missing_abra candidate_fills_stage2 candidate_fills_energy action_type is_attack is_retreat is_end is_evolve is_ability is_energy is_boss is_xerosic is_hammer is_bench is_trainer is_other hammer_opp_active_energy_value hammer_opp_active_special_energy_value xerosic_opp_hand_value boss_opp_bench_value boss_opp_bench_low_hp_value retreat_active_damage_value retreat_status_value energy_target_existing_energy_value energy_target_is_alakazam_value energy_target_is_fezandipiti_value evolve_target_is_abra_value evolve_target_is_kadabra_value bench_early_game_value ability_low_deck_risk trainer_low_deck_risk end_has_attack_ready_penalty end_ready_active_alakazam_penalty attack_with_ready_active_alakazam retreat_to_ready_backup_value ability_repositions_to_ready_backup_value evolve_builds_active_alakazam evolve_builds_backup_alakazam
feature_infos=[1:1224] [1:30] [0:1] [0:1] [0:1] [0:1] [0:1] [0:35] [0:48] [1:6] [0:5] [0:24] [0:48] [1:6] [0:8] [0:7] [0:19] [10:910] [10:1720] [0:1] [0:1] [0:1] [0:1] [0:1] [0:1] [0:1] [0:700] -1:743:140:742:741:305:66:343 [10:210] [50:210] [0:200] [0:4] [0:4] [0:1] [0:1] -1:743:431:756:140:648:345:414:305:93:381:400:741:401:1031:434:112:646:647:742:678:343:432:344:121:190:861:104:860:676:380:463:66:387:506:235:341:1030:90:666:649:117:169:342:92:379:293:723:89:879:58:878:119:120:677:247:65:674:721:131:265:722:57:675:849:1071:304:673:73:229:164:96:63:184:272:163:320:891:116:299:655:271:269:311:303:150:162:745:791:689:31:607:37:138:108:144:583:597:141:174:292:848:170:270:142:297:358:554:122:132:183:767:100:858:532:42:331:827:1055:74:268:474:602:746:81:227:228:204:747:794:828:987:1002:41 [10:440] [30:440] [0:420] [0:10] [0:10] [0:1] [0:1] [0:5] [0:210] [0:210] [0:6] [0:400] [0:5] [0:5] [0:8] [0:400] [0:440] [0:8] [0:980] [0:5] [0:5] [0:3] none [0:3] none [0:1] none [0:1] none [0:4] none [0:4] none [0:3] [0:3] [0:3] [0:3] [0:1] [0:1] [0:1] [0:2] [0:4] [0:4] [0:4] [0:4] [0:1] [0:1] [0:1] [0:1] [0:3] [0:4] [0:4] [0:4] [0:4] [0:4] [0:4] [0:4] [0:4] [0:4] [0:4] [0:4] [0:4] none [0:4] none [0:4] none [0:4] none [0:4] none [0:4] none [0:1] none [0:1] none [0:1] none [0:1] none [0:4] none [0:4] none [0:3] none [0:3] none [0:3] none [0:3] none [0:4] none [0:4] none [0:4] none [0:4] none [0:2] none [0:2] none [0:4] [0:1] [0:1] [0:1] [0:4] [0:1] [0:1] [0:1] [0:4] [0:1] [0:1] [0:1] [0:1] [0:4] [0:1] [0:1] [0:1] [0:3] [0:4] -1:1266:1247:1257:1259:1264:1245:1261:1262:1246:1244:1252:1256:1255:1260:1253:1254:1248:1249:1250:1242:1267:1258 none none none none -1:7:8:9:14:12:13:10 -1:19:5:13:1231:1225:1152:66:743:1086:1182:305:1197:1266:742:1184:343:140:1097:1081:1129:1079:741:1247:1156:142:1110 -1:1072:1071:1070:183:423:76 [-1:7] [-1:5] -1:742:305:743:741:140:66:343:142 [0:210] [0:210] [0:4] [0:4] [0:1] [0:1] [0:1] [0:1] [0:35] [0:700] [0:1] [0:1] [0:1] [0:1] [0:1] [0:1] [0:570] [0:1] [0:1] [0:1] [0:1] [0:1] [0:1] [0:1] [0:1] [0:1] [0:1] [0:1] [0:1] [0:1] [0:1] -1:10:5:6:4:2:9:1:3:11:0:7 [0:1] [0:1] [0:1] [0:1] [0:1] [0:1] [0:1] [0:1] [0:1] [0:1] [0:1] none [0:6] [0:6] [0:24] [0:7] [0:5] [0:200] none [0:4] [0:1] [0:1] [0:1] [0:1] [0:1] [0:1] [0:1] [0:1] [0:1] [0:1] [0:1] [0:1] [0:1] [0:1]
tree_sizes=3645 4084 3997 4114 4186 4000 4193 4160 4100 4098 3707 3648 4113 3795 4314 4042 4130 4152 4063 4201 4054 3699 4110 4069 4327 4211 4070 3978 4346 4023 3973 3958 4067 3979 3769 4107 4066 4194 4233 4044 4102 4069 3689 4196 4191 4183 4100 3719 3769 3997

Tree=0
num_leaves=31
num_cat=3
split_feature=202 236 229 222 196 188 172 201 231 169 217 179 202 175 172 179 213 99 179 175 179 175 233 99 219 169 202 201 99 195
split_gain=103274 11732.8 11160.4 4542.94 6938.71 4197.71 4164.75 3279.76 2077.78 1944.31 1826.44 1649.73 1267.23 1908.67 1160.01 1072.38 1005.1 959.679 1135.62 944.171 906.255 867.787 823.435 798.999 652.504 641.094 635.652 605.266 573.97 547.339
threshold=0 1.0000000180025095e-35 1.0000000180025095e-35 1.0000000180025095e-35 1.0000000180025095e-35 1.0000000180025095e-35 60.000000000000007 1.0000000180025095e-35 1.0000000180025095e-35 4.5000000000000009 7.5000000000000009 17.500000000000004 1 1.0000000180025095e-35 175.00000000000003 12.500000000000002 1.0000000180025095e-35 2.5000000000000004 16.500000000000004 1.0000000180025095e-35 15.500000000000002 1.0000000180025095e-35 1.0000000180025095e-35 1.5000000000000002 1.5000000000000002 4.5000000000000009 2 1.0000000180025095e-35 2.5000000000000004 1.0000000180025095e-35
decision_type=1 2 2 2 2 2 2 2 2 2 2 2 1 2 2 2 2 2 2 2 2 2 2 2 2 2 1 2 2 2
left_child=1 6 3 4 5 7 20 8 10 -6 12 -10 15 22 -5 24 -17 18 -3 -8 25 27 29 -16 -2 28 -22 -11 -1 -14
right_child=2 17 -4 14 9 -7 19 -9 11 21 -12 -13 13 -15 23 16 -18 -19 -20 -21 26 -23 -24 -25 -26 -27 -28 -29 -30 -31
leaf_value=0.035988282034549894 -0.016853063200030619 0.0049663252362639153 -0.088999550582119613 -0.089185661384690029 0.05937557315750161 0.044203854578371518 0.072746095979299222 -0.091598964140067324 -0.094821268690466934 -0.0038583228034762707 0.015796309988641486 0.019957062886872556 -0.058304668817737507 -0.0093457923891942605 0.029276696111745777 -0.0098210668171335429 -0.048988717019512976 -0.07103778314417869 -0.06396813363987279 0.096236744577781086 0.081263374153903056 0.033960006912210537 0.0017733925527179673 -0.080658144204904567 -0.050496066199032276 0.063730992469086575 0.048186738174429741 -0.08419116050082158 0.058673535530737154 -0.023860784044737602
leaf_weight=13110.962743922937 20612.775120124279 2316.1048619741923 9200.2498730427469 3835.2136790330114 2775.5233340506966 1782.4947438098025 12637.719825647655 2345.2118703143205 2000.2459859173978 514.86307975021191 2179.2771141256962 370.87107127605123 10611.293784077468 3415.8848120334442 383.83607735080295 2151.1300458646001 6873.4805249120545 914.97115148045123 804.5549007767404 6482.5289181381231 3462.3048460834543 668.04725313588278 685.89892710879212 289.47543963580392 1549.4581737183908 3741.6800954643113 2745.4718649004935 430.35102182842093 3544.8374663652212 1295.6833788548247
leaf_count=139367 275437 41316 237365 118741 17062 15198 102163 82675 56021 12254 20550 15610 271636 76168 7400 44102 152813 16820 29760 26585 31116 10586 20350 3174 26080 29297 32467 13043 31131 34484
internal_value=0 0.0556877 -0.0374642 -0.0301491 -0.0265265 -0.0312817 0.0629117 -0.0337697 -0.0311478 0.0340066 -0.0289514 -0.076866 -0.0310179 -0.0424715 -0.0785597 -0.0251162 -0.0396542 -0.0260214 -0.0128119 0.0807129 0.0501171 -0.00964109 -0.0514896 -0.0180047 -0.0192065 0.0450231 0.0668492 -0.0404639 0.0408183 -0.0545582
internal_weight=123732 49761.1 73971.3 64771 60262.5 55873.7 45725.5 54091.2 51746 4388.78 49374.9 2371.12 47195.6 16008.8 4508.53 31186.8 9024.61 4035.63 3120.66 19120.2 26605.3 1613.26 12592.9 673.312 22162.2 20397.5 6207.78 945.214 16655.8 11907
internal_count=1990771 480022 1510749 1273384 1144069 1091124 392126 1075926 993251 52945 921620 71631 901070 402638 129315 498432 196915 87896 71076 128748 263378 35883 326470 10574 301517 199795 63583 25297 170498 306120
cat_boundaries=0 1 2 3
cat_threshold=199 1048 194
is_linear=0
shrinkage=0.05


Tree=1
num_leaves=31
num_cat=10
split_feature=166 202 175 166 229 178 170 169 201 169 99 173 166 167 200 186 170 170 99 179 179 205 231 179 217 166 179 166 179 99
split_gain=150969 42048.5 26902.3 22331.3 23370.8 12244.2 15211.4 9815.46 7428.62 9445.68 5597.36 5300.59 3710.8 3522.51 3755.37 5812.44 3328.75 2681.62 3816.61 2585.21 2466.47 2606.61 3206.5 2424.15 2346.96 2325.61 2719.66 2315.79 3918.9 3240.37
threshold=0 1 1.0000000180025095e-35 2 1.0000000180025095e-35 1.0000000180025095e-35 3 4.5000000000000009 1.0000000180025095e-35 4.5000000000000009 1.5000000000000002 1.0000000180025095e-35 4 5 1.0000000180025095e-35 1.0000000180025095e-35 6 7 1.0000000180025095e-35 11.500000000000002 5.5000000000000009 1.0000000180025095e-35 1.0000000180025095e-35 6.5000000000000009 7.5000000000000009 8 8.5000000000000018 9 8.5000000000000018 1.0000000180025095e-35
decision_type=9 1 2 9 2 2 9 2 2 2 2 2 9 9 2 2 9 9 2 2 2 2 2 2 2 9 2 9 2 2
left_child=2 7 12 17 5 10 -7 13 11 -10 19 27 -1 -2 15 24 -13 18 -3 -5 -12 -22 -23 -9 -15 26 -6 -8 29 -29
right_child=1 3 -4 4 25 6 8 23 9 -11 20 16 -14 14 -16 -17 -18 -19 -20 -21 21 22 -24 -25 -26 -27 -28 28 -30 -31
leaf_value=0.039022847269176847 0.075898348915794403 0.01949613424961558 0.079103471952847129 -0.066003429231108621 -0.069343249733328366 -0.078290510124960286 -0.020862364459166921 0.013596120972371182 0.049321832274632701 -0.051625163937738541 -0.049599133472617879 0.0081782263287165091 0.022100997030874092 -0.015490295954532074 0.048296277464612854 0.025650363912494069 -0.078451326863621093 -0.080862276658454177 -0.066185205999293104 -0.035783272353768485 -0.051742431074847675 0.017234895946287337 -0.059636890935482627 -0.039089984988619604 0.019577658920951577 -0.09065165437078869 0.034960520956102407 0.0231025838158226 -0.01647338345159766 -0.0096432251685146155
leaf_weight=45184.792598946951 2455.3975910022855 1705.8345788000152 29140.768775626086 20044.20900487341 2623.9541329310741 8274.7953456121031 31736.396110564354 2706.5655550640076 10413.550558443181 2980.0665116044693 4951.217797720572 1459.6573194307275 115060.64227892715 19438.143695697188 7440.6511971391737 29393.761153658386 4655.7353015327826 23844.058821339393 5454.8558960701339 10943.909571957076 2648.9293064728845 8025.8111550305039 1631.9546856927918 11284.147437469801 6322.6202951308805 14221.008896930143 819.88824298651889 16969.626418609172 32164.279577098496 13616.070584298694
leaf_count=71652 2067 9577 26585 98250 12941 92921 192074 7554 15417 36065 20073 7040 187807 70174 8984 52714 85731 162220 46837 87061 20896 27860 17850 80342 20550 196568 5815 45638 224383 57125
internal_value=0 -0.0221703 0.034911 -0.0334445 -0.0269629 -0.0212927 -0.0128762 0.00909393 -0.00811992 0.0268598 -0.0426222 -0.0127779 0.0268764 0.0172665 0.0149514 0.0104552 -0.0578892 -0.072762 -0.0457096 -0.0553316 -0.0197999 -0.00780924 0.00424228 -0.0288971 -0.00688295 -0.0817089 -0.0443795 -0.00985785 -0.004288 0.0085248
internal_weight=487613 298227 189386 219186 188181 170516 122270 79041.3 113995 13393.6 48246 100602 160245 65050.6 62595.2 55154.5 6115.39 31004.7 7160.69 30988.1 17257.9 12306.7 9657.77 13990.7 25760.8 17664.9 3443.84 94486.4 62750 30585.7
internal_count=1990771 1704727 286044 1462342 1243708 1028384 756394 242385 663473 51482 271990 611991 259459 154489 152422 143438 92771 218634 56414 185311 86679 66606 45710 87896 90724 215324 18756 519220 327146 102763
cat_boundaries=0 39 40 80 91 126 132 137 148 186 225
cat_threshold=0 0 4 0 20480 0 0 0 0 131072 0 0 0 0 0 0 0 0 0 0 0 0 0 96 0 0 0 0 0 0 0 0 0 41943040 4194304 0 0 0 2147483648 2114 8192 0 0 0 0 0 0 0 0 0 8388608 0 0 0 0 0 0 0 0 0 0 0 0 0 0 0 0 0 0 0 0 0 0 0 0 0 16 0 0 262144 0 0 0 0 16384 0 0 0 0 131072 8388608 0 0 0 0 16384 0 0 0 0 131072 0 0 0 0 0 0 0 0 0 0 0 0 0 32 0 0 0 0 0 0 0 0 0 0 4194304 0 0 0 0 0 8388608 0 0 4 0 4096 0 0 0 0 4096 0 0 0 0 131072 8388608 0 0 0 0 0 0 0 0 0 0 0 0 0 0 0 0 0 0 0 0 0 0 0 0 0 0 0 0 0 0 0 0 0 0 512 512 0 1 32 0 0 0 0 0 0 0 0 0 0 0 0 0 0 0 0 0 0 0 0 0 0 0 0 0 0 0 0 0 0 0 0 0 0 0 1073741824 0 512
is_linear=0
shrinkage=0.05


Tree=2
num_leaves=31
num_cat=8
split_feature=202 175 229 166 166 176 166 173 170 231 170 204 191 169 230 173 179 233 182 179 179 166 99 179 173 99 170 201 199 182
split_gain=103943 32120.9 19484.5 13042.6 9873.97 8552 11678.4 6593.95 4534.69 4425.54 4324.87 4107.81 3986.51 7733.42 2693.97 2285.57 1991.66 1946.72 2551.5 1939.25 1914.17 1880.5 1803.18 1773.1 1672.25 1598.05 2558.08 1771.23 1395.48 1296.65
threshold=0 1.0000000180025095e-35 1.0000000180025095e-35 1 2 1.0000000180025095e-35 3 1.0000000180025095e-35 4 1.0000000180025095e-35 5 1.0000000180025095e-35 1.0000000180025095e-35 4.5000000000000009 1.0000000180025095e-35 1.0000000180025095e-35 17.500000000000004 1.0000000180025095e-35 1.0000000180025095e-35 5.5000000000000009 20.500000000000004 6 2.5000000000000004 10.500000000000002 1.0000000180025095e-35 1.5000000000000002 7 1.0000000180025095e-35 1.0000000180025095e-35 1.0000000180025095e-35
decision_type=1 2 2 9 9 2 9 2 9 2 9 2 2 2 2 2 2 2 2 2 2 9 2 2 2 2 9 2 2 2
left_child=1 4 3 25 -1 6 -5 10 24 11 -7 14 28 20 15 -10 -11 -13 -19 -15 -14 29 23 -21 -8 26 27 -2 -6 -4
right_child=2 -3 21 5 12 7 8 -9 9 16 -12 17 13 19 -16 -17 -18 18 -20 22 -22 -23 -24 -25 -26 -27 -28 -29 -30 -31
leaf_value=-0.073816537212832101 0.0058861357165266928 0.076728103614582488 -0.058102790592276778 0.0035450914081030984 0.01983589929068957 0.03290245024143678 -0.070560868841116717 -0.056527730992348015 -0.020550902328676245 -0.084298434724843357 -0.05282644794325813 -0.066878163140475969 0.045049614240183007 0.020274170827224401 0.017415554394695987 -0.077340138335631678 -0.021123865299610613 0.018862322328884781 -0.071957238070910923 0.005343495378300373 -0.038436378421412058 -0.084856419545740636 -0.076225686034092438 -0.041272489146493424 -0.0069299075562630225 -0.080495394325975717 -0.066029391360132736 -0.078352020834778949 0.082272845296359629 0.019342948835392768
leaf_weight=2970.0329423623625 2642.9994116302696 24776.704868992791 2939.3162632156163 37992.242195717292 187156.679378286 16060.56499907223 7909.840038292692 2878.401815053774 88567.458594681812 4449.102485429612 1610.9788405477302 7335.386912230053 6902.5339895701036 1881.1600084742531 4629.889138155384 1807.5662333937362 1734.5679024303099 1810.2426078382414 1349.3710527042858 3152.2664406639524 761.9691776316613 13564.140945159364 2108.5979767232202 5778.6066364657599 1187.8790954626165 6855.2974118277198 7542.1392835774459 816.32849937188439 898.81485696788877 661.83874262939207
leaf_count=23101 15616 26585 19844 159219 329896 30172 119625 52753 495636 56021 12229 69366 8489 4541 17120 38262 15610 6910 13440 12894 3048 212874 15986 54475 7794 70862 80409 12340 1007 4647
internal_value=0 0.0228636 -0.0252146 -0.0207678 0.0165577 -0.0167062 -0.0206355 0.0136431 -0.0282395 -0.0254686 0.0250744 -0.023061 0.0178471 -0.00304155 -0.0197815 -0.0216872 -0.0665814 -0.0527453 -0.0199275 -0.0266451 0.0367472 -0.0763085 -0.0346413 -0.0248188 -0.0621857 -0.0615092 -0.0497308 -0.013959 0.0201346 -0.0437459
internal_weight=450733 236387 214346 197180 211611 179323 158774 20549.9 120781 111684 17671.5 105500 208641 20585.1 95004.9 90375 6183.67 10495 3159.61 12920.6 7664.5 17165.3 11039.5 8930.87 9097.72 17856.8 11001.5 3459.33 188055 3601.16
internal_count=1990771 480022 1510749 1273384 453437 1094157 999003 95154 839784 712365 42401 640734 430336 99433 551018 533898 71631 89716 20350 87896 11537 237365 83355 67369 127419 179227 108365 27956 330903 24491
cat_boundaries=0 1 41 52 91 102 126 165 176
cat_threshold=199 8192 0 0 0 0 0 0 0 0 0 0 0 0 0 0 0 0 0 0 0 0 0 0 0 0 0 0 0 0 0 0 0 0 0 0 0 16 0 0 262144 0 0 0 0 0 0 0 0 0 0 8388608 0 0 0 0 16384 0 0 0 0 0 0 0 0 0 0 0 0 0 0 0 0 0 0 0 0 0 0 0 0 0 0 0 0 1082130432 4194816 0 0 8193 2147483648 0 0 0 0 20480 0 0 0 0 131072 8388608 0 0 0 0 4096 0 0 0 0 0 0 0 0 0 0 0 0 0 0 0 0 0 0 224 0 0 0 0 0 0 0 0 0 0 0 0 0 0 0 0 0 0 0 0 0 0 0 0 0 0 0 0 0 0 0 0 0 8388608 4194816 512 0 1 2147483648 0 0 0 0 4096 0 0 0 0 131072 8388608
is_linear=0
shrinkage=0.05


Tree=3
num_leaves=31
num_cat=9
split_feature=166 175 229 166 167 176 202 222 185 197 231 179 166 197 230 175 165 179 202 182 166 179 99 172 220 99 166 176 229 179
split_gain=79170.9 23554.9 19504.5 15055.4 10449.9 14023.6 6569.27 5865.78 3261.8 2852.04 2234.37 2217.51 6354.76 2149.92 1881.12 2020.96 2318.85 1528.05 1408.32 3341.04 1394.19 1375.74 1306.28 1302.68 1210.93 1199.88 1260.69 1145.45 1003.82 888.036
threshold=0 1.0000000180025095e-35 1.0000000180025095e-35 1 2 1.0000000180025095e-35 3 1.0000000180025095e-35 1.0000000180025095e-35 1.0000000180025095e-35 1.0000000180025095e-35 10.500000000000002 4 1.0000000180025095e-35 1.0000000180025095e-35 1.0000000180025095e-35 5 20.500000000000004 6 1.0000000180025095e-35 7 8.5000000000000018 1.5000000000000002 175.00000000000003 135.00000000000003 1.0000000180025095e-35 8 1.0000000180025095e-35 1.0000000180025095e-35 11.500000000000002
decision_type=9 2 2 9 9 2 1 2 2 2 2 2 9 2 2 2 1 2 1 2 9 2 2 2 2 2 9 2 2 2
left_child=1 28 3 22 8 6 11 9 -5 -7 13 18 -13 14 15 16 29 -12 25 -20 21 -4 23 27 -18 26 -6 -2 -1 -8
right_child=2 -3 20 4 5 7 10 -9 -10 -11 17 12 -14 -15 -16 -17 24 -19 19 -21 -22 -23 -24 -25 -26 -27 -28 -29 -30 -31
leaf_value=0.019183324624321152 -0.060861320112840928 0.073981759803377553 -0.063540915367967826 0.074192631464550504 0.014568380128346561 0.028348006754061163 -0.030156663493211073 -0.053634798932200294 0.010223648266428366 -0.060542562173418815 -0.074655913729312476 -0.049348465560524281 -0.00014061243774234064 -0.067866648276339231 0.0044291958516122628 -0.0097114719989730772 -0.046578067148043814 -0.0045337933472921425 -0.035971846343673751 0.030552659753287154 -0.080863168044578396 0.014066997972636898 -0.076520557224243779 -0.0011556115962718303 0.068619617819029949 -0.0082936947293919972 -0.03247013839745138 -0.0094349519625059504 -0.047014059687246479 -0.013575170674554909
leaf_weight=150146.34475415328 8751.3701643809909 22306.348356137052 1983.67307384382 2119.4250384615734 16324.420631774352 23753.379401418846 26239.065652600111 2625.1634615559597 33240.377185441554 937.5122840605909 4370.8689201571979 11616.606562464847 15068.788457789575 3357.6439572363161 4484.5267423230689 11471.634901395824 22168.150759040611 945.09385722887237 7693.8981317437429 2500.2987941543106 12074.196848867461 801.42800736229401 6510.1108154876856 1292.9375398128759 230.03976187994704 16259.976540701755 1551.1644646627828 1236.1658917589812 574.37558471644297 11667.747193433112
leaf_count=253724 103192 26585 12941 2095 42260 45129 136448 52753 71073 8809 63119 117188 94259 71296 17120 62787 262152 8512 30484 7789 212874 5815 77521 9802 678 73107 6410 11813 5735 97301
internal_value=0 0.0260267 -0.0179221 -0.0144304 -0.0108287 -0.0156304 -0.0214199 0.0174161 0.014055 0.0249715 -0.0308029 -0.0101918 -0.0215809 -0.0287105 -0.026986 -0.0289489 -0.0326082 -0.0621919 -0.00333788 -0.0196351 -0.073487 -0.0410611 -0.0586494 -0.0483844 -0.0453729 0.00153448 0.0104755 -0.0544975 0.0189309 -0.0250466
internal_weight=424303 173027 251276 236416 218626 183266 155950 27316.1 35359.8 24690.9 84934.8 71015.2 26685.4 79618.8 76261.2 71776.6 60305 5315.96 44329.8 10194.2 14859.3 2785.1 17790.6 11280.5 22398.2 34135.6 17875.6 9987.54 150721 37906.8
internal_count=1990771 286044 1704727 1473097 1270769 1197601 1090910 106691 73168 53938 719413 371497 211447 647782 576486 559366 496579 71631 160050 38273 231630 18756 202328 124807 262830 121777 48670 115005 259459 233749
cat_boundaries=0 39 79 113 114 153 154 155 193 232
cat_threshold=0 0 4 0 20480 0 0 0 0 131072 0 0 0 0 0 0 0 0 0 0 0 0 0 96 0 0 0 0 0 0 0 0 0 41943040 4194304 0 0 0 2147483648 8192 0 0 0 0 0 0 0 0 0 8388608 0 0 0 0 0 0 0 0 0 0 0 0 0 0 0 0 0 0 0 0 0 0 0 0 0 16 0 0 262144 0 0 4096 0 0 8388608 0 0 0 0 0 0 0 0 0 0 0 0 0 0 0 0 0 0 0 0 0 0 0 0 0 0 0 65536 3075 0 0 0 0 0 0 0 0 0 0 0 0 0 0 0 0 0 0 0 0 0 0 0 0 0 0 0 0 0 0 0 0 0 0 0 0 1 0 33280 17024 1024 0 0 0 0 0 0 0 0 0 0 0 0 0 0 0 0 0 0 0 0 0 0 0 0 0 0 0 0 0 0 0 0 0 0 512 512 0 1 0 0 0 0 0 0 0 0 0 0 0 0 0 0 0 0 0 0 0 0 0 0 0 0 0 0 0 0 0 0 0 0 0 1073741824 0 0 1 0 33280
is_linear=0
shrinkage=0.05


Tree=4
num_leaves=31
num_cat=12
split_feature=166 175 229 166 176 202 222 167 186 170 170 231 179 165 179 166 213 182 166 179 220 170 99 182 230 179 199 179 167 166
split_gain=61675.9 21986.7 16107.6 12203.7 7954.47 11949.6 4866.11 4524.76 3134.14 2840.24 2118.54 1837.02 1590.12 1476.79 1261.11 3662.2 1553.08 1281.18 1244.49 1227.39 1217 1195.82 1501.72 1195.14 1414.88 1085.41 950.511 907.716 895.177 931.606
threshold=0 1.0000000180025095e-35 1.0000000180025095e-35 1 1.0000000180025095e-35 2 1.0000000180025095e-35 3 1.0000000180025095e-35 4 5 1.0000000180025095e-35 15.500000000000002 6 8.5000000000000018 7 1.0000000180025095e-35 1.0000000180025095e-35 8 16.500000000000004 135.00000000000003 9 1.0000000180025095e-35 1.0000000180025095e-35 1.0000000180025095e-35 8.5000000000000018 1.0000000180025095e-35 15.500000000000002 10 11
decision_type=9 2 2 9 2 1 2 9 2 9 9 2 2 1 2 9 2 2 9 2 2 9 2 2 2 2 2 2 9 9
left_child=1 26 3 21 5 7 9 -5 14 -6 -7 13 -13 20 16 19 17 -9 25 -16 -12 22 -2 24 -15 -4 -1 -10 -17 -30
right_child=2 -3 18 4 6 10 -8 8 27 -11 11 12 -14 23 15 28 -18 -19 -20 -21 -22 -23 -24 -25 -26 -27 -28 -29 29 -31
leaf_value=0.015955259318214118 0.0030826528712614948 0.071372428274653524 -0.059988644190411146 0.072644055197688434 0.026184332746219421 -0.066862712555420742 -0.05149212006923988 -0.026222216481272504 0.019067027709832679 -0.048248978059346775 -0.048524810418456382 -0.079618591609840195 -0.019347550909716467 -0.02957292670541738 -0.028341247878667892 -0.06068250778897092 0.0037022735097232405 0.024459750926610679 -0.077412641606205548 -0.064648125655739047 0.06211071564920826 -0.065244678394443284 -0.053855041346271754 -0.011282960087779874 0.0010791389237338625 0.010400698120217133 0.072295729326786365 0.00060727203504718538 -0.016212193843147118 0.0055014775279442606
leaf_weight=149816.4328832539 1681.6553758405498 20549.052979926579 1772.8566849543713 1945.8171719973907 23028.890081568505 3470.0280854747398 2476.9624472868163 8954.5665381675062 14363.77498012362 1348.5882704831893 7823.6666349328589 2941.4581006396329 1743.5600889171474 39485.221548540052 11448.17192944308 653.60044084629044 25932.687081615091 1448.1381944578607 10770.45443406445 2922.5752901729429 256.26969086378813 10601.414427503361 3717.339765294455 17819.44023527368 4161.1779940496199 792.03464605566114 751.96377885341644 12416.479777479079 7413.7587563805864 14751.504235286935
leaf_count=258452 9577 26585 12941 2095 41709 81848 52753 33370 32594 12229 89038 50209 21422 288457 90945 2852 82128 4170 212874 51218 678 145914 46837 171095 16666 5815 1007 20120 48241 76932
internal_value=0 0.0228569 -0.0165632 -0.0133691 -0.0101119 -0.0139005 0.0152716 -0.00266687 -0.00413532 0.0220564 -0.0286793 -0.0268851 -0.0571939 -0.0248467 -0.00946981 -0.0159424 -0.00284475 -0.0191656 -0.0699409 -0.0357025 -0.0449559 -0.0554253 -0.036054 -0.0221919 -0.0266505 -0.0381042 0.0162369 0.0105086 -0.00348017 -0.00176525
internal_weight=407260 171117 236142 222807 206806 179952 26854.4 102251 100305 24377.5 77700.8 74230.8 4685.02 69545.8 73525 37189.6 36335.4 10402.7 13335.3 14370.7 8079.94 16000.4 5399 61465.8 43646.4 2564.89 150568 26780.3 22818.9 22165.3
internal_count=1990771 286044 1704727 1473097 1270769 1164078 106691 444665 442570 53938 719413 637565 71631 565934 389856 270188 119668 37540 231630 142163 89716 202328 56414 476218 305123 18756 259459 52714 128025 125173
cat_boundaries=0 39 79 80 86 110 121 122 161 199 210 244 282
cat_threshold=0 0 4 0 20480 0 0 0 0 131072 0 0 0 0 0 0 0 0 0 0 0 0 0 96 0 0 0 0 0 0 0 0 0 41943040 4194304 0 0 0 2147483648 8192 0 0 0 0 0 0 0 0 0 8388608 0 0 0 0 0 0 0 0 0 0 0 0 0 0 0 0 0 0 0 0 0 0 0 0 0 16 0 0 262144 3075 0 0 4096 0 0 8388608 0 0 0 0 4096 0 0 0 0 0 0 0 0 0 0 0 0 0 0 0 0 0 0 224 0 0 0 0 16384 0 0 0 0 131072 8388608 4096 0 0 0 0 0 0 0 0 0 0 0 0 0 0 0 0 0 0 0 0 0 0 0 0 0 0 0 0 0 0 0 0 0 0 0 0 1 0 33280 0 0 0 0 0 0 0 0 0 0 0 0 0 0 0 0 0 0 0 0 0 0 0 0 0 0 0 0 0 0 0 0 0 0 512 512 0 1 0 0 0 0 4096 0 0 0 0 131072 8388608 0 0 0 0 0 0 0 0 0 0 0 0 0 128 0 0 0 0 0 0 0 0 0 0 0 0 0 0 0 0 0 0 0 16384 0 0 0 0 0 0 0 0 0 0 0 0 0 0 0 0 0 0 0 0 0 0 0 0 0 0 0 0 0 0 0 0 0 1073741824 0 0 0 1
is_linear=0
shrinkage=0.05


Tree=5
num_leaves=31
num_cat=10
split_feature=202 175 229 166 236 196 173 202 166 179 166 167 166 179 197 231 204 233 182 167 179 166 201 179 166 172 99 99 179 201
split_gain=51315.1 23624.3 12018.5 7306.3 5650.19 4358.01 7478.15 6049.88 3443.43 2527.5 3005.27 2332.66 2279.13 1733.24 1677.69 1592.47 1389.04 1581.75 1384.26 1314.81 1217.55 1143.93 1040.33 1113.21 1145.9 1577.07 1033.31 983.577 1142.67 979.177
threshold=0 1.0000000180025095e-35 1.0000000180025095e-35 1 1.0000000180025095e-35 1.0000000180025095e-35 1.0000000180025095e-35 2 3 10.500000000000002 4 5 6 6.5000000000000009 1.0000000180025095e-35 1.0000000180025095e-35 1.0000000180025095e-35 1.0000000180025095e-35 1.0000000180025095e-35 7 17.500000000000004 8 1.0000000180025095e-35 7.5000000000000009 9 75.000000000000014 1.5000000000000002 2.5000000000000004 10.500000000000002 1.0000000180025095e-35
decision_type=1 2 2 9 2 2 2 1 9 2 9 9 9 2 2 2 2 2 2 9 2 9 2 2 9 2 2 2 2 2
left_child=1 4 3 26 8 7 -7 9 -1 12 -11 -10 -5 -6 15 16 22 -18 -19 -13 -17 -4 23 24 25 -9 29 28 -15 -2
right_child=2 -3 21 5 13 6 -8 14 11 10 -12 19 -14 27 -16 20 17 18 -20 -21 -22 -23 -24 -25 -26 -27 -28 -29 -30 -31
leaf_value=-0.05988342332287655 -0.03245519646101766 0.069130589190737252 -0.035293299851348291 0.038242831923155494 0.014311103076879401 0.024845958711697938 -0.069830223947319442 0.013941595194064668 0.069996181938187477 -0.041774243275696205 -0.0049645678260847618 -0.027718545962962582 -0.0021993740818330425 0.0036281491791355022 -0.060291793918861428 -0.073671652267096946 -0.058810852962057729 0.020961384191260531 -0.060642306862128383 0.013496879319697517 -0.017012284190065726 -0.073584030442384193 -0.057134385913816879 -0.012266648311497104 -0.035226446535046439 -0.04015480879095823 -0.070111716682010605 -0.071501770862170869 -0.039851192895148796 -0.074715391967747902
leaf_weight=1597.2687739559915 6566.8910114857717 19130.440739723854 2474.5269733925816 3810.873956236057 2328.8049951652065 14102.46234249312 2447.1890040077269 3258.1138465506956 1807.5426561534405 8950.867933054571 14572.815289099701 1946.9697430402739 39415.242997811729 2171.5065959461499 3625.452756282175 2840.8979747877456 5092.8383247827878 1439.6212780876085 812.57936112850439 185114.24965860648 1423.9610455020447 10574.392950343434 1825.1364582841052 28069.20456953207 14284.84037621264 2296.3872444551671 4974.4028681825148 1472.9480752539821 4966.1197935341625 1732.8504179357551
leaf_count=23101 78575 26585 18901 6856 7554 35235 64995 13287 2067 117188 94081 7188 149361 11275 80463 56021 69366 6910 13440 333185 15610 218464 34640 235078 84728 16898 70862 14592 54475 29790
internal_value=0 0.016032 -0.0202506 -0.0165231 0.010989 -0.0133379 0.0108442 -0.0163773 0.0129961 -0.00580182 -0.0189915 0.0136151 0.00137469 -0.0239545 -0.0272374 -0.0252878 -0.0230851 -0.0433819 -0.0084854 0.0130663 -0.0547595 -0.0664082 -0.020087 -0.018675 -0.0277409 -0.00840895 -0.0520498 -0.0343046 -0.0266233 -0.041283
internal_weight=395127 220536 174592 161543 201405 148268 16549.7 131719 190466 66749.8 23523.7 188869 43226.1 10939.4 64969 61343.6 57078.7 7345.04 2252.2 187061 4264.86 13048.9 49733.7 47908.5 19839.3 5554.5 13274.1 8610.57 7137.63 8299.74
internal_count=1990771 480022 1510749 1273384 453437 1094157 100230 993927 365541 367486 211269 342440 156217 87896 626441 545978 474347 89716 20350 340373 71631 237365 384631 349991 114913 30185 179227 80342 65750 108365
cat_boundaries=0 1 41 42 53 92 98 132 166 205 206
cat_threshold=199 8192 0 0 0 0 0 0 0 0 0 0 0 0 0 0 0 0 0 0 0 0 0 0 0 0 0 0 0 0 0 0 0 0 0 0 0 16 0 0 262144 3072 0 0 0 0 0 0 0 0 0 0 8388608 0 0 0 0 0 0 0 0 0 0 0 0 0 0 0 0 0 0 0 0 0 0 0 0 0 0 0 0 0 0 0 0 0 0 0 0 1 0 33280 0 0 0 0 0 8388608 0 0 0 0 16384 0 0 0 0 0 0 0 0 0 0 0 0 0 0 0 0 0 0 0 0 0 0 0 0 0 0 0 0 8388608 0 0 0 0 0 0 0 0 0 0 0 0 0 128 0 0 0 0 0 0 0 0 0 0 0 0 0 0 0 0 0 0 0 16384 0 0 0 0 0 0 0 0 0 0 0 0 0 0 0 0 0 0 0 0 0 0 0 0 0 0 0 0 0 0 0 0 0 0 4194816 512 0 1 2147483648 524288
is_linear=0
shrinkage=0.05


Tree=6
num_leaves=31
num_cat=12
split_feature=202 175 229 166 236 201 196 202 166 166 170 175 179 166 182 170 228 179 179 179 99 179 166 166 170 179 228 168 166 215
split_gain=43178.7 21251.8 10562.1 6606.85 4387.18 3825.31 4715.89 4529.24 2734.86 2134.83 1655.65 1692.4 1596.03 2100.3 1452.51 1384.4 5718.57 2321 1323.98 1114.21 1052.15 1318.27 1147.13 1047.9 940.546 867.119 858.207 2876.12 873.91 1063.13
threshold=0 1.0000000180025095e-35 1.0000000180025095e-35 1 1.0000000180025095e-35 1.0000000180025095e-35 1.0000000180025095e-35 2 3 4 5 1.0000000180025095e-35 10.500000000000002 6 1.0000000180025095e-35 7 1.0000000180025095e-35 20.500000000000004 6.5000000000000009 7.5000000000000009 2.5000000000000004 8.5000000000000018 8 9 10 7.5000000000000009 1.0000000180025095e-35 4.5000000000000009 11 1.5000000000000002
decision_type=1 2 2 9 2 2 2 1 9 9 9 2 2 9 2 9 2 2 2 2 2 2 9 9 9 2 2 2 9 2
left_child=1 4 3 24 8 7 -7 9 -1 14 -9 19 -11 -14 -5 16 17 25 -6 -12 22 -22 -21 -4 -2 -10 27 28 29 -17
right_child=2 -3 23 5 18 6 -8 10 15 12 11 -13 13 -15 -16 26 -18 -19 -20 20 21 -23 -24 -25 -26 -27 -28 -29 -30 -31
leaf_value=-0.056676611772222156 -0.069665051457515378 0.066849611406342366 -0.036807384092788796 0.034359474583319317 0.011419834677314937 -0.056383968581747101 0.026311900799903355 -0.057916051105881265 0.063578644054327213 -0.0029219017164175704 -0.036276864221891615 -0.0049850478236569233 -0.039702878214050351 -0.0069053773241982506 -0.016029451095480693 -0.0060569484117119704 -0.073683155288704005 -0.03576175302487463 -0.031373984500787343 -0.0086938481209040963 0.029944036607100558 -0.024973371640102562 -0.031142453187865793 -0.072092389358798595 -0.040413625635596445 0.034442250876211354 0.043038715947250672 -0.030993967517556089 0.012857357078676555 0.02755503230207473
leaf_weight=1438.5415140739642 4233.2892677891068 17937.918380870484 2821.1354636654723 5075.8549865657697 2334.9276749412529 2044.4255710121943 10984.335150022991 3497.2899309680215 3948.801067057997 38108.637871289582 18368.426465637909 11209.084470695583 8245.2016340644332 11980.42915549007 1990.6538534892024 12399.921837466769 1257.8179978057742 973.10989440488629 7994.2285360022215 8144.8936879449175 2145.4556010020897 2226.025068435003 19094.819943733455 9312.5136225589085 8301.105859462521 7238.6039392403327 2077.5679464321584 4036.213567128696 152530.8547892379 2902.8491003997624
leaf_count=23101 75754 26585 24491 10719 7554 47857 19053 77493 3942 147093 145618 68344 117188 84356 8130 29249 3185 3863 80342 84437 10482 23971 249416 212874 103473 10559 2756 14046 270119 4721
internal_value=0 0.0147238 -0.0190488 -0.0155472 0.0100289 -0.012495 0.0133335 -0.0150829 0.0117648 -0.00580075 -0.0244628 -0.0225411 -0.00894576 -0.0202996 0.0201355 0.0122928 0.0277673 0.0382866 -0.0216998 -0.0264827 -0.020791 0.00197845 -0.0244452 -0.0639805 -0.0503433 0.0447293 0.0110975 0.0107119 0.011715 0.000319211
internal_weight=384855 217071 167784 155650 199133 143116 13028.8 130087 188804 65400.8 64686 61188.7 58334.3 20225.6 7066.51 187366 13418.3 12160.5 10329.2 49979.6 31611.2 4371.48 27239.7 12133.6 12534.4 11187.4 173947 171870 167834 15302.8
internal_count=1990771 480022 1510749 1273384 453437 1094157 66910 1027247 365541 367486 659761 582268 348637 201544 18849 342440 21549 18364 87896 513924 368306 34453 333853 237365 179227 14501 320891 318135 304089 33970
cat_boundaries=0 1 41 42 53 92 103 142 166 203 242 266 300
cat_threshold=199 8192 0 0 0 0 0 0 0 0 0 0 0 0 0 0 0 0 0 0 0 0 0 0 0 0 0 0 0 0 0 0 0 0 0 0 0 16 0 0 262144 3072 0 0 0 0 0 0 0 0 0 0 8388608 0 0 0 0 16384 0 0 0 0 0 0 0 0 0 0 0 0 0 0 0 0 0 0 0 0 0 0 0 0 0 0 0 0 8388608 4194304 0 0 0 2147483648 0 0 0 0 16384 0 0 0 0 131072 8388608 0 0 0 0 0 0 0 0 0 0 0 0 0 0 0 0 0 0 0 0 0 0 0 0 0 0 0 0 0 0 0 0 0 0 0 0 1 0 33280 0 0 0 0 4096 0 0 0 0 0 0 0 0 0 0 0 0 0 0 0 0 0 0 64 32 0 0 0 0 0 0 0 0 0 0 0 0 0 0 0 0 0 0 0 0 0 0 0 0 0 0 0 0 0 0 0 0 0 0 0 1073741824 0 0 0 0 0 0 0 0 0 0 0 0 0 0 0 0 0 0 0 0 0 0 0 0 0 0 0 0 0 0 0 0 0 8388608 4194816 512 0 1 2147483648 0 0 0 0 0 0 0 0 0 0 0 0 0 0 0 0 0 0 0 0 0 0 0 224 0 0 0 0 4096 0 0 0 0 0 0 0 0 0 0 0 0 0 0 0 0 0 0 0 0 0 0 0 0 0 0 0 0 33554432
is_linear=0
shrinkage=0.05


Tree=7
num_leaves=31
num_cat=14
split_feature=202 175 229 166 236 176 202 173 166 166 167 170 228 170 170 179 166 167 175 194 179 179 231 165 99 179 219 166 99 170
split_gain=40576.7 18514.2 9444.36 5919.52 4302.79 3516.07 4489.91 2956.76 2532.75 2093.28 2038.56 2141.89 1983.51 1912.8 1418.11 1412.02 1730.5 1353.9 1203.89 1431.19 1191.54 1150.7 1116.4 1160.94 1454.37 1103.36 965.016 958.838 819.494 1228.53
threshold=0 1.0000000180025095e-35 1.0000000180025095e-35 1 1.0000000180025095e-35 1.0000000180025095e-35 2 1.0000000180025095e-35 3 4 5 6 1.0000000180025095e-35 7 8 11.500000000000002 9 10 1.0000000180025095e-35 1.0000000180025095e-35 6.5000000000000009 15.500000000000002 1.0000000180025095e-35 11 1.0000000180025095e-35 17.500000000000004 1.5000000000000002 12 1.5000000000000002 13
decision_type=1 2 2 9 2 2 1 2 9 9 9 9 2 9 9 2 9 9 2 2 2 2 2 1 2 2 2 9 2 9
left_child=1 4 3 28 8 6 9 13 -1 -5 -10 12 21 -7 -8 -11 -17 -13 19 22 -6 -12 23 24 -16 -24 -26 -4 29 -2
right_child=2 -3 27 5 20 7 14 -9 10 15 11 17 -14 -15 18 16 -18 -19 -20 -21 -22 -23 25 -25 26 -27 -28 -29 -30 -31
leaf_value=-0.054453876177938614 -0.013408007353312896 0.064779951462285684 -0.035592351292105771 0.018613019547779747 0.0095332051741743116 0.022440671025812712 -0.060058529715607802 -0.047479893000725137 0.067028139865875511 -0.0046681619396037738 0.044679503867926594 -0.031987833933648985 -0.055737341044480151 -0.026154632065979674 -0.031981652655910561 -0.0031842491902806499 -0.035659924338106601 0.010960693374538543 -0.0082441145522645608 -0.06240972345024251 -0.031274383702165759 0.0040639573644095633 -0.070104316066228564 -0.033549646873214566 0.00038806288310052717 -0.013634998406507823 -0.03166562151883557 -0.070002972548394313 -0.066006393892622986 -0.055054197603897764
leaf_weight=1415.014114016667 2917.4953602105961 16900.720458704978 2721.9464788638288 7361.9757044541184 2333.2438141442835 13792.513177897548 2849.3591992865549 2119.4398231513333 1686.6525380881503 40871.634328609682 9269.1790789379738 1846.2628538460704 606.255154315033 2365.3442844245583 8508.0626601516851 7139.5199781864649 9664.3495506053441 165246.83741091055 10050.679099074332 2740.3382807201706 7660.6399136463879 2148.4460719365161 2527.8253706605756 14589.28546755889 11768.503837441676 1315.7050750305643 2932.8031010921404 8905.1741442299681 4472.9685537095647 4588.0679972636281
leaf_count=23101 31405 26585 24491 18849 7554 24049 81848 52753 2067 168701 11711 7188 3185 18352 63287 49064 130872 311636 62122 46114 80342 6653 56021 206829 72981 15610 26705 212874 70862 76960
internal_value=0 0.014607 -0.0186018 -0.0152925 0.010196 -0.0124144 -0.0154717 0.00803954 0.011948 -0.00647753 0.0124702 0.0119525 0.0323306 0.0153236 -0.0256777 -0.0096831 -0.0218858 0.0104841 -0.0238667 -0.0274096 -0.0217467 0.0370379 -0.0251055 -0.0224941 -0.0155227 -0.0507795 -0.00600693 -0.0620405 -0.0490212 -0.0389597
internal_weight=373316 209113 164203 152576 192213 140597 122320 18277.3 182219 65037.5 180804 179117 12023.9 16157.9 57282.6 57675.5 16803.9 167093 54433.2 44382.5 9993.88 11417.6 41642.2 37798.7 23209.4 3843.53 14701.3 11627.1 11978.5 7505.56
internal_count=1990771 480022 1510749 1273384 453437 1094157 999003 95154 365541 367486 342440 340373 21549 42401 631517 348637 179936 318824 549669 487547 87896 18364 441433 369802 162973 71631 99686 237365 179227 108365
cat_boundaries=0 1 41 42 53 92 98 122 146 157 195 229 230 269 280
cat_threshold=199 8192 0 0 0 0 0 0 0 0 0 0 0 0 0 0 0 0 0 0 0 0 0 0 0 0 0 0 0 0 0 0 0 0 0 0 0 16 0 0 262144 3072 0 0 0 0 0 0 0 0 0 0 8388608 0 0 0 0 16384 0 0 0 0 0 0 0 0 0 0 0 0 0 0 0 0 0 0 0 0 0 0 0 0 0 0 0 0 8388608 4194304 0 0 0 2147483648 0 0 0 0 0 8388608 0 0 0 0 4096 0 0 0 0 0 0 0 0 0 0 0 0 0 0 0 0 0 0 64 0 0 0 0 4096 0 0 0 0 0 0 0 0 0 0 0 0 0 0 0 0 0 0 160 0 0 0 0 16384 0 0 0 0 131072 8388608 0 0 0 0 0 0 0 0 0 0 0 0 0 0 0 0 0 0 0 0 0 0 0 0 0 0 0 0 0 0 0 0 0 0 512 512 0 8193 0 0 0 0 0 0 0 0 0 0 0 0 0 128 0 0 0 0 0 0 0 0 0 0 0 0 0 0 0 0 0 0 0 16384 16512 0 0 0 0 0 0 0 0 0 0 0 0 0 0 0 0 0 0 0 0 0 0 0 0 0 0 0 0 0 0 0 0 0 8388608 4194816 512 0 1 2147483648 0 0 4 0 4096 0 0 0 0 131072 8388608
is_linear=0
shrinkage=0.05


Tree=8
num_leaves=31
num_cat=14
split_feature=202 175 229 166 236 201 202 196 166 170 167 166 228 170 175 179 166 179 179 182 166 231 179 202 167 179 201 170 166 220
split_gain=35832.3 16747.7 8303.61 5327.84 3730.99 2989.95 3394.56 3355.75 2198.28 1926.3 1949.49 1800.09 1516.15 1367.78 1215.1 1146.95 1772.21 1121.53 1070.52 934.559 892.806 872.336 977.494 919.332 818.183 800.089 784.439 1085.59 779.823 738.63
threshold=0 1.0000000180025095e-35 1.0000000180025095e-35 1 1.0000000180025095e-35 1.0000000180025095e-35 2 1.0000000180025095e-35 3 4 5 6 1.0000000180025095e-35 7 1.0000000180025095e-35 10.500000000000002 8 15.500000000000002 6.5000000000000009 1.0000000180025095e-35 9 1.0000000180025095e-35 14.500000000000002 10 11 9.5000000000000018 1.0000000180025095e-35 12 13 135.00000000000003
decision_type=1 2 2 9 2 2 1 2 9 9 9 9 2 9 2 2 9 2 2 2 9 2 2 1 9 2 2 9 9 2
left_child=1 4 3 26 8 6 11 -7 -1 12 -11 19 17 -8 21 -13 -17 -10 -6 -5 -4 23 -23 25 -12 -15 27 -2 -9 -25
right_child=2 -3 20 5 18 7 13 28 9 10 24 15 -14 14 -16 16 -18 -19 -20 -21 -22 22 -24 29 -26 -27 -28 -29 -30 -31
leaf_value=-0.052605462257315438 -0.016976809904879354 0.062945465312079979 -0.033699340257760314 0.027588249377675306 0.0087692348304503846 -0.052075664299258556 -0.055000311920734582 0.035749173752413814 0.043024309024136398 0.064900349163574331 -0.024868928988350331 -0.0042297114512398828 -0.052099867701597503 -0.023635877028874347 -0.0061956132204851883 -0.037672490476916239 -0.006550088142148758 0.0028661029484756714 -0.030186684751310838 -0.013675625637635015 -0.068035295454919126 -0.072682564387316614 -0.020392171015158708 -0.03146508525479845 0.01016900234844941 -0.0044097159847366141 -0.070224370678398776 -0.053813194217460329 0.0089474192714305411 0.060893216152634412
leaf_weight=1328.1685629816493 3243.5758288940415 15966.124391037971 2547.3777898228727 5418.7049116282724 2327.4397255103104 1806.62803280761 3142.0808763018576 5094.8008023346774 9000.9856847082265 1612.0492671448737 1674.3183905928163 37097.784746009856 519.23375255207065 13071.654840300791 11009.525060269516 7768.3171556111774 11140.379417510354 2155.2330348268151 7273.7564243476372 1836.8795240565669 8308.5362847634242 1920.2623441374744 1673.1015688119223 19879.589068139903 163885.89289694314 9235.0056425393559 2861.9685900090262 5347.2710486046271 5845.2932604169473 218.38100535096601
leaf_count=23101 33623 26585 24491 10719 7554 47857 77493 8319 11711 2067 7188 147093 3185 89837 68344 117188 84356 6653 80342 8130 212874 47040 24591 278642 311636 73136 53734 91870 10734 678
internal_value=0 0.0137635 -0.0178693 -0.0147664 0.00962631 -0.0120079 -0.01439 0.0110453 0.0112447 0.0117213 0.0103484 -0.00630024 0.0313524 -0.0228933 -0.0211138 -0.00933666 -0.0193605 0.0352672 -0.0207428 0.0171171 -0.0600743 -0.0246888 -0.0483433 -0.0226836 0.00981308 -0.0156697 -0.047507 -0.03999 0.0214714 -0.0304446
internal_weight=364210 205743 158467 147611 189777 136158 123412 12746.7 180176 178848 167172 63262.1 11675.5 60149.6 57007.5 56006.5 18908.7 11156.2 9601.2 7255.58 10855.9 45998 3593.36 42404.6 165560 22306.7 11452.8 8590.85 10940.1 20098
internal_count=1990771 480022 1510749 1273384 453437 1094157 1027247 66910 365541 342440 320891 367486 21549 659761 582268 348637 201544 18364 87896 18849 237365 513924 71631 442293 318824 162973 179227 125493 19053 279320
cat_boundaries=0 1 41 42 53 77 83 122 133 172 211 212 246 257 258
cat_threshold=199 8192 0 0 0 0 0 0 0 0 0 0 0 0 0 0 0 0 0 0 0 0 0 0 0 0 0 0 0 0 0 0 0 0 0 0 0 16 0 0 262144 3072 0 0 0 0 0 0 0 0 0 0 8388608 0 0 0 0 4096 0 0 0 0 0 0 0 0 0 0 0 0 0 0 0 0 0 0 64 0 0 0 0 0 8388608 0 0 0 0 16384 0 0 0 0 0 0 0 0 0 0 0 0 0 0 0 0 0 0 0 0 0 0 0 0 0 0 0 0 8388608 4194304 0 0 0 2147483648 0 0 0 0 16384 0 0 0 0 131072 8388608 0 0 0 0 0 0 0 0 0 0 0 0 0 0 0 0 0 0 0 0 0 0 0 0 0 0 0 0 0 0 0 0 0 0 0 0 1 0 33280 0 0 0 0 0 0 0 0 0 0 0 0 0 0 0 0 0 0 0 0 0 0 0 0 0 0 0 0 0 0 0 0 0 8388608 4194816 512 0 1 2147483648 24 0 0 0 0 0 0 0 0 0 0 0 0 0 128 0 0 0 0 0 0 0 0 0 0 0 0 0 0 0 0 0 0 0 16384 0 0 0 0 4096 0 0 0 0 131072 8388608 32
is_linear=0
shrinkage=0.05


Tree=9
num_leaves=31
num_cat=10
split_feature=166 175 229 166 176 202 222 167 186 172 228 170 170 222 222 175 170 217 166 204 233 179 166 179 170 201 199 228 168 179
split_gain=31357.2 13336.9 8688.92 6569.58 5460.61 5838.77 3068.54 2852.63 1956.12 1447.85 1778.54 1443.84 1203.32 1218.22 991.973 873.46 1009.02 838.458 1121.26 796.663 1331.55 772.416 752.054 732.578 669.641 888.397 660.176 662.5 1298.41 987.536
threshold=0 1.0000000180025095e-35 1.0000000180025095e-35 1 1.0000000180025095e-35 2 1.0000000180025095e-35 3 1.0000000180025095e-35 175.00000000000003 1.0000000180025095e-35 4 5 1.0000000180025095e-35 1.0000000180025095e-35 1.0000000180025095e-35 6 8.5000000000000018 7 1.0000000180025095e-35 1.0000000180025095e-35 8.5000000000000018 8 8.5000000000000018 9 1.0000000180025095e-35 1.0000000180025095e-35 1.0000000180025095e-35 4.5000000000000009 7.5000000000000009
decision_type=9 2 2 9 2 1 2 9 2 2 2 9 9 2 2 2 9 2 9 2 2 2 9 2 9 2 2 2 2 2
left_child=1 9 3 24 5 7 11 -5 17 26 21 -6 14 15 -7 16 -14 18 -9 -18 -21 -11 23 -4 25 -2 27 28 -1 -30
right_child=2 -3 22 4 6 12 -8 8 -10 10 -12 -13 13 -15 -16 -17 19 -19 -20 20 -22 -23 -24 -25 -26 -27 -28 -29 29 -31
leaf_value=0.010869914858448458 -0.016856057770782692 0.061259046488950433 -0.052668916249703039 0.063005892435545163 0.022397582873107266 -0.054971723878531546 -0.045667024078296294 -0.02370445694902559 0.0076011447876279063 0.075053335009541283 -0.051499783330155251 -0.038471657275203207 -0.05422372223910208 -0.06724059551174609 0.0057188002123447811 -0.005978551970416782 -0.018629818331842834 0.013630305483034962 -0.0071282602346201722 -0.053962720626987849 -0.0027678979447801053 0.031726879267966877 -0.066313430431101342 0.011673321100578176 -0.055449855166629591 -0.067613478463824442 0.062942867438825975 0.041042363804498466 0.029187096953508181 -0.052902214934365255
leaf_weight=134565.93333003251 3163.1898554595537 15091.526437094901 1347.0448143018875 1570.5090936645865 20429.372795002419 4605.4409683206468 1971.4862364121946 13097.685715622996 23321.264681427972 1730.7916332054883 487.17056851636153 1014.7545994308311 2434.4000867938739 1409.0306743467227 788.27594211231917 9100.7109935558401 39740.626559380471 3733.9686646380578 46186.274719541427 4131.7981207747944 1834.1452871866059 2539.8495819473173 7774.7876112084487 658.19491954275873 7738.4108772627078 1185.0495950437617 606.6752696596086 1774.2863859799691 498.97480963729322 1374.6573676075786
leaf_count=240590 33623 26585 12941 2095 41709 119625 52753 103253 52714 2071 3185 12229 46542 38262 7794 51942 374484 14268 263383 69366 20350 4756 212874 5815 145914 22791 1007 2452 835 4563
internal_value=0 0.0165463 -0.0133111 -0.0109146 -0.00845501 -0.011919 0.0140201 -0.00355127 -0.00476951 0.0118475 0.0389679 0.0195086 -0.0234004 -0.0213126 -0.046016 -0.0201851 -0.0228706 -0.00934843 -0.0107959 -0.0211835 -0.038226 0.049294 -0.0592559 -0.0313927 -0.0465541 -0.0306262 0.0109178 0.0106892 0.0102943 -0.031036
internal_weight=355906 158670 197236 187456 175370 151954 23415.6 87909.7 86339.2 143578 4757.81 21444.1 64044.4 58650.7 5393.72 57241.7 48141 63017.9 59284 45706.6 5965.94 4270.64 9780.03 2005.24 12086.7 4348.24 138821 138214 136440 1873.63
internal_count=1990771 286044 1704727 1473097 1270769 1164078 106691 435713 433618 259459 10012 53938 728365 600946 127419 562684 510742 380904 366636 464200 89716 6827 231630 18756 202328 56414 249447 248440 245988 5398
cat_boundaries=0 39 79 80 86 110 121 145 184 222 233
cat_threshold=0 0 4 0 20480 0 0 0 0 131072 0 0 0 0 0 0 0 0 0 0 0 0 0 96 0 0 0 0 0 0 0 0 0 41943040 4194304 0 0 0 2147483648 8192 0 0 0 0 0 0 0 0 0 8388608 0 0 0 0 0 0 0 0 0 0 0 0 0 0 0 0 0 0 0 0 0 0 0 0 0 16 0 0 262144 3074 0 0 4096 0 0 8388608 0 0 0 0 4096 0 0 0 0 0 0 0 0 0 0 0 0 0 0 0 0 0 0 224 0 0 0 0 20480 0 0 0 0 131072 8388608 0 0 4 0 0 0 0 0 0 0 0 0 0 0 0 0 0 0 0 0 0 0 0 32 0 0 0 0 0 0 0 0 0 0 0 0 0 0 0 0 0 0 0 0 0 0 0 0 0 0 0 0 0 0 0 0 0 0 0 0 0 8192 512 0 0 0 0 0 0 0 0 0 0 0 0 0 0 0 0 0 0 0 0 0 0 0 0 0 0 0 0 0 0 0 0 0 0 512 512 0 1 0 0 0 0 4096 0 0 0 0 131072 8388608
is_linear=0
shrinkage=0.05


Tree=10
num_leaves=31
num_cat=3
split_feature=202 175 229 169 201 188 167 172 228 175 231 204 173 233 217 179 197 223 173 171 169 179 179 99 167 179 199 171 179 227
split_gain=27946.7 13799 6846.23 3715.56 4675.34 2294.98 1668.9 1593.49 1630.85 1446.98 1401 1263.51 1264.84 1178.62 903.794 871.144 849.609 798.174 795.027 777.81 2702.1 1159 704.331 790.163 645.51 636.338 598.15 583.87 1301.09 734.508
threshold=0 1.0000000180025095e-35 1.0000000180025095e-35 4.5000000000000009 1.0000000180025095e-35 1.0000000180025095e-35 1 175.00000000000003 1.0000000180025095e-35 1.0000000180025095e-35 1.0000000180025095e-35 1.0000000180025095e-35 1.0000000180025095e-35 1.0000000180025095e-35 8.5000000000000018 17.500000000000004 1.0000000180025095e-35 1.0000000180025095e-35 1.5000000000000002 75.000000000000014 4.5000000000000009 6.5000000000000009 11.500000000000002 1.0000000180025095e-35 2 8.5000000000000018 1.0000000180025095e-35 1.0000000180025095e-35 11.500000000000002 1.0000000180025095e-35
decision_type=1 2 2 2 2 2 9 2 2 2 2 2 2 2 2 2 2 2 2 2 2 2 2 2 9 2 2 2 2 2
left_child=1 6 3 4 5 10 -1 19 25 18 11 12 14 -13 -2 -12 -11 -6 -5 24 -21 -22 23 -7 -8 -9 27 28 29 -26
right_child=2 -3 -4 9 17 22 7 8 -10 16 15 13 -14 -15 -16 -17 -18 -19 -20 20 21 -23 -24 -25 26 -27 -28 -29 -30 -31
leaf_value=0.061148827631028184 -0.011971761546158434 0.059637899575783762 -0.056864468259908665 -0.041733224861327772 -0.029328246426916612 0.039935061042837068 -0.023315264324639772 0.070948647199999729 -0.051124028691036189 -0.012001984861352429 -0.065507265323655584 -0.051969754836119077 -0.049195189602920707 -0.0035630190435956481 0.013374236504015119 -0.012534899303944483 -0.051110439360283567 0.027808168286103531 0.04496899959380319 0.016471445121132713 0.0096063923798670407 -0.032855502916778058 -0.010655399214364496 -0.0098304085538324683 -0.0018825865304022732 0.031003558087929428 0.060301392404280042 0.011924485375193585 0.012847492575839184 0.017460371496149096
leaf_weight=1489.0845426283777 81029.101542799413 14272.408566608559 9758.821854719019 15069.316525607661 655.65533275343478 3302.4721614816226 1566.9091113361064 1679.5370841883123 468.84950958169065 10590.649745100061 2133.5271556341904 3841.2938225581602 2208.7863756503211 1869.7990113031701 3676.1544410318602 1220.574484477751 1598.0784914909163 8931.9090302477125 268.67758083995432 9158.6132090750616 2128.0421979143284 6558.9373284929898 1624.5166432689875 1051.1465483873617 42144.197323695873 2457.8889911947772 562.27010541688651 73433.100950512569 37175.396210935432 5554.1889405061956
leaf_count=2067 577797 26585 237365 312760 10040 4818 7188 2071 3185 76727 56021 69366 61380 20350 14268 15610 25417 16579 1871 18776 7308 78062 7422 2958 103012 4756 1007 114844 99080 12081
internal_value=0 0.0122734 -0.0163814 -0.0135416 -0.00948157 -0.0126207 0.00860742 0.00817564 0.0372104 -0.0299933 -0.0144929 -0.0133431 -0.0118459 -0.0361241 -0.0108716 -0.0462366 -0.0171318 0.023899 -0.0402127 0.0074258 -0.00247629 -0.0224531 0.0174356 0.0279187 0.00852726 0.0472266 0.00884233 0.0086599 0.00583525 0.000369839
internal_weight=347480 198649 148830 139072 111545 101957 184377 182888 4606.28 27526.7 95979.2 92625.1 86914 5711.09 84705.3 3354.1 12188.7 9587.56 15338 178282 17845.6 8686.98 5978.14 4353.62 160436 4137.43 158869 158307 84873.8 47698.4
internal_count=1990771 480022 1510749 1273384 856609 829990 453437 451370 10012 416775 814792 743161 653445 89716 592065 71631 102144 26619 314631 441358 104146 85370 15198 7776 337212 6827 330024 329017 214173 115093
cat_boundaries=0 1 7 41
cat_threshold=199 0 0 0 0 0 8388608 0 0 0 0 0 0 0 0 0 0 0 0 0 128 0 0 0 0 0 0 0 0 0 0 0 0 0 0 0 0 0 0 0 16384
is_linear=0
shrinkage=0.05


Tree=11
num_leaves=31
num_cat=3
split_feature=202 175 229 169 201 188 167 175 172 228 231 182 202 173 233 182 217 182 179 197 228 171 176 179 196 179 173 182 182 201
split_gain=25731.5 12521.7 6209.89 3346.34 4304.41 2036.74 1507.02 1367.48 1331.74 1578.14 1193.86 1147.91 1101.53 1143.21 1097.36 1190.75 912.465 1240.32 814.021 747.902 729.725 1214.05 2208.59 1465.78 726.98 726.658 713.182 673.613 587.56 616.38
threshold=0 1.0000000180025095e-35 1.0000000180025095e-35 4.5000000000000009 1.0000000180025095e-35 1.0000000180025095e-35 1 1.0000000180025095e-35 175.00000000000003 1.0000000180025095e-35 1.0000000180025095e-35 1.0000000180025095e-35 2 1.0000000180025095e-35 1.0000000180025095e-35 1.0000000180025095e-35 8.5000000000000018 1.0000000180025095e-35 17.500000000000004 1.0000000180025095e-35 1.0000000180025095e-35 75.000000000000014 1.0000000180025095e-35 6.5000000000000009 1.0000000180025095e-35 21.500000000000004 1.5000000000000002 1.0000000180025095e-35 1.0000000180025095e-35 1.0000000180025095e-35
decision_type=1 2 2 2 2 2 9 2 2 2 2 2 1 2 2 2 2 2 2 2 2 2 2 2 2 2 2 2 2 2
left_child=1 6 3 4 5 10 -1 26 20 11 12 -10 14 16 -2 -16 -14 -18 -12 -9 21 -8 23 -23 -6 -24 28 -7 -5 -30
right_child=2 -3 -4 7 24 27 8 19 9 -11 18 -13 13 -15 15 -17 17 -19 -20 -21 -22 22 25 -25 -26 -27 -28 -29 29 -31
leaf_value=0.059317713220850769 -0.05039452403667042 0.058300484871644777 -0.055537059028505656 -0.048872355552143254 -0.0285094683210282 0.025768639631055659 0.0083480854697513124 -0.011815408735577545 0.063595106893499384 -0.052048036635426523 -0.063978518404647314 0.0067744614421950625 -0.011875813381321761 -0.048005378168654467 0.027065789791151974 -0.055481183134998752 -0.021367355838265604 0.038011324505701584 -0.011678324956454494 -0.049394592642370297 0.040945560677519324 0.0122274203350454 0.022501918694611146 -0.031775767189783352 0.026636374488950523 -0.044127190092273512 0.039926406074733078 -0.015712604226907019 -0.021317431450566065 -0.067872019538260872
leaf_weight=1432.9477505958639 3711.9672978593153 13520.654221788747 9250.456265547662 8807.485178107745 640.58769789151847 4446.8009711450431 157820.23678109748 10515.017747884616 2709.2474009755533 467.48648162989412 1976.6836223968421 1323.2683748253621 80058.466766039608 2112.2406879521441 1181.0695681697689 692.65760652546305 1487.4881088507827 2149.8826994302217 1193.6886983862496 1514.5049149156548 1598.8256972797681 2538.6691363453865 5637.9264978757128 7430.7435655645095 8819.5366666263435 440.72274657338858 278.43954216130078 1254.3132869048277 4811.9156000518706 834.17399378900882
leaf_count=2067 69366 26585 237365 181751 10040 9129 336867 76727 3758 3185 56021 3069 577797 61380 6910 13440 7357 6911 15610 25417 2756 7932 8267 82829 16579 2707 1871 6069 101321 29688
internal_value=0 0.011882 -0.0158917 -0.0132056 -0.00933901 -0.012381 0.00842268 -0.0290584 0.00801351 0.0348709 -0.0141308 0.0449538 -0.0130842 -0.0116787 -0.0345887 -0.0034532 -0.010763 0.0137277 -0.0442933 -0.0165489 0.00732506 0.00701575 -0.00608625 -0.02057 0.0229004 0.017667 -0.0392719 0.0166408 -0.0407993 -0.0282019
internal_weight=340658 194921 145737 136487 109725 100265 181400 26761.5 179967 4500 94564.1 4032.52 91393.8 85808.1 5585.69 1873.73 83695.8 3637.37 3170.37 12029.5 175467 173868 16048.1 9969.41 9460.12 6078.65 14732 5701.11 14453.6 5646.09
internal_count=1990771 480022 1510749 1273384 856609 829990 453437 416775 451370 10012 814792 6827 743161 653445 89716 20350 592065 14268 71631 102144 441358 438602 101735 90761 26619 10974 314631 15198 312760 131009
cat_boundaries=0 1 7 8
cat_threshold=199 0 0 0 0 0 8388608 512
is_linear=0
shrinkage=0.05


Tree=12
num_leaves=31
num_cat=11
split_feature=166 175 229 166 176 165 167 222 186 170 170 217 166 166 99 170 201 179 172 228 179 231 179 230 175 170 220 228 170 99
split_gain=23801.9 10018.2 6473.19 5392.41 4261.36 3759.49 2244.39 2192.33 1501.76 1217.86 946.436 907.564 787.811 746.58 703.165 1029.66 997.085 771.903 654.275 1223.3 809.661 640.857 755.593 739.245 636.749 643.537 618.141 584.709 564.331 512.677
threshold=0 1.0000000180025095e-35 1.0000000180025095e-35 1 1.0000000180025095e-35 2 3 1.0000000180025095e-35 1.0000000180025095e-35 4 5 8.5000000000000018 6 7 1.5000000000000002 8 1.0000000180025095e-35 18.500000000000004 175.00000000000003 1.0000000180025095e-35 8.5000000000000018 1.0000000180025095e-35 14.500000000000002 1.0000000180025095e-35 1.0000000180025095e-35 9 135.00000000000003 1.0000000180025095e-35 10 1.0000000180025095e-35
decision_type=9 2 2 9 2 1 9 2 2 9 9 2 9 9 2 9 2 2 2 2 2 2 2 2 2 9 2 2 9 2
left_child=1 18 3 14 5 6 -5 9 11 29 -7 12 -8 -4 15 16 17 -2 27 20 -20 23 -23 24 25 -12 -27 -1 -9 -6
right_child=2 -3 13 4 7 10 8 28 -10 -11 21 -13 -14 -15 -16 -17 -18 -19 19 -21 -22 22 -24 -25 -26 26 -28 -29 -30 -31
leaf_value=0.0098371555469628901 0.023634065307877317 0.057038730955764755 -0.02940267311543256 0.057870688359144933 0.0096248658091638763 -0.05318974031572922 -0.019416483329128008 0.028113081563114081 0.0056411388855792067 -0.037634699315482301 -0.05129062214690791 0.014448383799042817 -0.0071998727036421172 -0.063906641835661762 -0.060789311964396534 -0.048528701720372103 -0.062684073557309747 -0.068912869047244293 0.06758341086035545 -0.048888182057627391 0.021354316159817994 -0.067442789557010135 -0.017254615138785994 0.0046463666340709614 -0.0089055488612527108 -0.022338773592892613 0.064025409543304962 0.04183032531085925 -0.053022351220396169 0.02610571491945874
leaf_weight=131848.57772710477 1570.2504201070406 12814.631590713514 2184.4360147358384 1400.0382847343571 7749.7048381697387 2253.2422991927597 18829.582118345686 246.90459724934772 21961.065629135352 964.65831245639129 1962.2686843920383 3755.0731289642863 44233.085787952063 6176.9676608927257 3968.9777675092919 4528.9623711358872 626.47504358831793 262.53147084731609 1479.9258296806365 448.89908764604479 2632.7488649771549 1508.5865380225587 1492.3615851546929 3172.6514082790818 9568.9368852840853 32726.420114702167 208.0085344274994 1443.4127761144191 1483.5121773904539 12072.662481746927
leaf_count=246995 11499 26585 35062 2095 19051 81848 164535 2263 52714 12229 46114 14268 263383 196568 77521 93402 13787 6119 2071 3185 4756 47040 24591 17120 62122 387570 678 2452 50490 22658
internal_value=0 0.0147513 -0.01202 -0.00998456 -0.00773448 -0.0109171 -0.00470751 0.0124831 -0.00570115 0.0169849 -0.0214988 -0.00942998 -0.010852 -0.0550069 -0.0439391 -0.0344274 -0.00822121 0.0103595 0.0108212 0.0294412 0.037997 -0.0200778 -0.0424931 -0.0186695 -0.0203332 -0.0234665 -0.0217856 0.0101838 -0.0415818 0.0196531
internal_weight=335576 150668 184907 176546 165589 143071 90178.8 22517.4 88778.8 20787 52892.5 66817.7 63062.7 8361.4 10957.2 6988.22 2459.26 1832.78 137854 4561.57 4112.67 50639.2 3000.95 47638.3 44465.6 34896.7 32934.4 133292 1730.42 19822.4
internal_count=1990771 286044 1704727 1473097 1270769 1164078 496995 106691 494900 53938 667083 442186 427918 231630 202328 124807 31405 17618 259459 10012 6827 585235 71631 513604 496484 434362 388248 249447 52753 41709
cat_boundaries=0 39 79 80 86 110 121 160 200 211 235 240
cat_threshold=0 0 4 0 20480 0 0 0 0 131072 0 0 0 0 0 0 0 0 0 0 0 0 0 96 0 0 0 0 0 0 0 0 0 41943040 4194304 0 0 0 2147483648 8192 0 0 0 0 0 0 0 0 0 8388608 0 0 0 0 0 0 0 0 0 0 0 0 0 0 0 0 0 0 0 0 0 0 0 0 0 16 0 0 262144 8320 0 0 4096 0 0 8388608 0 0 0 0 4096 0 0 0 0 0 0 0 0 0 0 0 0 0 0 0 0 0 0 224 0 0 0 0 16384 0 0 0 0 131072 8388608 0 0 0 0 0 0 0 0 0 0 0 0 0 0 0 0 0 0 0 0 0 0 0 0 0 0 0 0 0 0 0 0 0 0 0 0 1073741824 8192 512 0 0 0 0 0 0 0 0 0 0 0 0 0 0 0 0 0 0 0 0 0 0 0 0 0 0 0 0 0 0 0 0 0 0 512 512 0 1 0 262144 0 0 4 0 4096 0 0 0 0 131072 8388608 0 0 0 0 0 0 0 0 0 0 0 0 0 0 0 0 0 0 0 0 0 0 0 32 0 0 4 0 4096
is_linear=0
shrinkage=0.05


Tree=13
num_leaves=31
num_cat=6
split_feature=202 175 229 169 201 236 192 217 182 202 179 175 170 99 170 179 228 231 172 179 179 205 99 179 170 170 228 168 220 182
split_gain=20045 10591.2 5391.02 2850.95 3560.77 2203.04 1760.95 1175.07 1211.28 1078.72 1311.94 1074.08 1058.97 969.524 928.805 1003.33 927.398 909.119 869.001 787.664 785.706 769.253 666.667 679.506 661.942 610.982 571.127 560.562 535.092 530.915
threshold=0 1.0000000180025095e-35 1.0000000180025095e-35 4.5000000000000009 1.0000000180025095e-35 1.0000000180025095e-35 1.0000000180025095e-35 8.5000000000000018 1.0000000180025095e-35 1 7.5000000000000009 1.0000000180025095e-35 2 1.0000000180025095e-35 3 20.500000000000004 1.0000000180025095e-35 1.0000000180025095e-35 60.000000000000007 12.500000000000002 6.5000000000000009 1.0000000180025095e-35 2.5000000000000004 18.500000000000004 4 5 1.0000000180025095e-35 4.5000000000000009 135.00000000000003 1.0000000180025095e-35
decision_type=1 2 2 2 2 2 2 2 2 1 2 2 9 2 9 2 2 2 2 2 2 2 2 2 9 9 2 2 2 2
left_child=1 5 3 4 6 14 7 9 -9 10 18 24 -13 19 15 16 -1 21 -2 -11 -7 28 23 -22 -5 -6 27 -16 -15 -8
right_child=2 -3 -4 11 25 20 29 8 -10 13 -12 12 -14 17 26 -17 -18 -19 -20 -21 22 -23 -24 -25 -26 -27 -28 -29 -30 -31
leaf_value=0.030147449880368733 0.0024976341061718342 0.055787468263987394 -0.053342686940447907 -0.023859545587265503 0.024551580805799025 0.0087866274863728795 0.024398095587396411 -0.021399358220447251 0.036921153871026839 -0.040986439336799782 -0.016522550264023883 -0.008075543952562712 -0.04497423661100166 -0.021338218467571241 0.0078858138371651065 -0.031823938570741145 -0.047018194750919319 -0.045667734765397094 -0.028672630493195711 -0.013351782442715565 -0.010054255331376098 0.00013234291034592072 -0.061864297242512981 -0.055028958988041311 -0.046227241318160528 -0.029098559700949891 0.039368631887334332 -0.014952962370501878 0.072129626467866276 -0.013538868218352743
leaf_weight=9740.9883887860924 21186.131714630174 12123.577501021093 8351.4839538562519 5965.1936809063191 8703.486377869267 2192.4581308597699 4331.2983832480386 1444.007736631087 2320.0079019793775 8295.0719903020945 30097.640044378 9257.829014662304 2456.4837210339028 10734.373257169151 154025.94294767836 778.3612015953986 405.09444866538979 2128.4221759783104 2499.3656405197689 3743.3601226130559 4372.5339955514646 8399.6728457827121 1071.3902081332635 1039.243822648772 7680.6325143277645 558.16294594062492 1417.0742363259196 2733.7942827009247 154.84013294894248 1171.1471289249603
leaf_count=14501 76788 26585 237365 112009 17240 7554 9129 7357 6911 78592 331227 60327 41817 124843 327190 4404 2644 56412 26581 46833 41829 58917 14592 23921 202622 9379 2756 14046 331 6069
internal_value=0 0.0105708 -0.0143918 -0.0119119 -0.00830168 0.00748762 -0.0111438 -0.0128047 0.0145462 -0.0139849 -0.00959331 -0.0269682 -0.0158605 -0.0210352 0.00874837 0.0228455 0.0270639 -0.0146591 -0.000791872 -0.0323947 -0.017085 -0.0112361 -0.025835 -0.0186961 -0.0365023 0.0213115 0.00777272 0.00748744 -0.0200054 0.0163221
internal_weight=329379 189900 139479 131127 105767 177777 96505.3 91002.9 3764.02 87238.9 53783.1 25360.1 11714.3 33455.7 169101 10924.4 10146.1 21417.3 23685.5 12038.4 8675.63 19288.9 6483.17 5411.78 13645.8 9261.65 158177 156760 10889.2 5502.45
internal_count=1990771 480022 1510749 1273384 856609 453437 829990 814792 14268 800524 434596 416775 102144 365928 365541 21549 17145 240503 103369 125425 87896 184091 80342 65750 314631 26619 343992 341236 125174 15198
cat_boundaries=0 1 2 26 50 74 98
cat_threshold=199 1056 0 0 0 0 4096 0 0 0 0 0 0 0 0 0 0 0 0 0 0 0 0 0 0 224 0 0 0 0 4096 0 0 0 0 0 0 0 0 0 0 0 0 0 0 0 0 0 0 64 0 0 4 0 4096 0 0 0 0 0 0 0 0 0 0 0 0 0 0 0 0 0 0 64 0 0 0 0 0 0 0 0 0 0 0 0 0 0 0 0 0 0 0 0 0 0 0 192
is_linear=0
shrinkage=0.05


Tree=14
num_leaves=31
num_cat=14
split_feature=166 175 229 166 176 202 167 222 186 170 217 170 179 166 166 166 166 170 201 172 228 179 170 167 179 166 179 231 179 220
split_gain=19094.8 8504.97 5510.46 4702.43 3636.81 3385.51 1973.97 1851.49 1107.27 1063.86 905.255 831.765 710.22 1509.4 885.044 705.305 682.593 666.065 676.095 659.81 1101.69 666.165 564.973 551.131 785.027 660.121 550.325 526.766 672.25 496.01
threshold=0 1.0000000180025095e-35 1.0000000180025095e-35 1 1.0000000180025095e-35 2 3 1.0000000180025095e-35 1.0000000180025095e-35 4 8.5000000000000018 5 6.5000000000000009 6 7 8 9 10 1.0000000180025095e-35 175.00000000000003 1.0000000180025095e-35 8.5000000000000018 11 12 12.500000000000002 13 8.5000000000000018 1.0000000180025095e-35 14.500000000000002 170.00000000000003
decision_type=9 2 2 9 2 1 9 2 2 9 2 9 2 9 9 9 9 9 2 2 2 2 9 9 2 9 2 2 2 2
left_child=1 19 3 17 5 6 -5 9 10 -6 12 -7 13 -8 -14 26 -15 18 -2 -1 21 -21 -9 -16 -25 -26 -4 29 -29 -13
right_child=2 -3 15 4 7 11 8 22 -10 -11 -12 27 14 16 23 -17 -18 -19 -20 20 -22 -23 -24 24 25 -27 -28 28 -30 -31
leaf_value=0.0091758414645132479 -0.012215393506827175 0.054607880084824638 -0.0441029975515898 0.056741543351846384 0.018513010771437265 -0.050751052885247075 0.012267689165984155 0.02810499746450161 0.0052537796932901754 -0.036290351160331601 0.014723892971114783 -0.017405895487081265 0.0086910055433796086 -0.04364503154469751 0.0022168278584215727 -0.060667613694504186 -0.009355867361618626 -0.051551785796510236 -0.061732247590319117 0.06598957065542442 -0.047051769618163618 0.022376360220576243 -0.051546212461934832 -0.01273702499056055 -0.043031425772086122 -0.017405845204658817 0.018761551958470693 -0.065266383164107461 -0.01574651600469882 0.079014483246600542
leaf_weight=131686.55997911148 2726.7887789664383 11486.927554615308 1004.7318198631983 1325.5186192621477 19295.623390658409 2043.9953231100226 9344.1562786365394 261.09862674679607 21170.134486595634 919.47475652489811 4046.3101173582254 51808.363330424982 3902.9532814741833 1841.3008782888064 3513.5498609637143 5988.4006977075478 6810.458726227982 6598.5138450359809 922.4382135735359 1341.2784724188969 427.2244665598264 2524.0623807588127 1388.4323216888006 18869.370239698037 4957.3468349937175 5193.5335399118921 532.09507350658532 1323.8037890632113 1422.0325740303961 133.22213818877935
leaf_count=249447 33623 26585 12941 2095 41709 81848 28859 2263 52714 12229 14268 574688 24827 11330 16295 212874 23141 145914 22791 2071 3185 4756 50490 117476 93458 51250 5815 47040 24591 198
internal_value=0 0.0132941 -0.0110545 -0.00919966 -0.00708897 -0.0100972 -0.00353306 0.0118538 -0.00454356 0.0160104 -0.0080912 -0.0194622 -0.0097874 -0.00166021 -0.0138012 -0.0529225 -0.0166981 -0.0420156 -0.0246726 0.0098048 0.0290955 0.0375181 -0.0390728 -0.0164973 -0.0187632 -0.029982 -0.0221908 -0.0182832 -0.0396301 -0.0171577
internal_weight=324810 147466 177344 169818 159571 137706 80974.6 21864.6 79649.1 20215.1 58479 56731.4 54432.7 17995.9 36436.8 7525.23 8651.76 10247.7 3649.23 135979 4292.57 3865.34 1649.53 32533.8 29020.3 10150.9 1536.83 54687.4 2745.84 51941.6
internal_count=1990771 286044 1704727 1473097 1270769 1164078 435713 106691 433618 53938 380904 728365 366636 63330 303306 231630 34471 202328 56414 259459 10012 6827 52753 278479 262184 144708 18756 646517 71631 574886
cat_boundaries=0 39 79 80 86 110 121 160 196 234 272 283 288 322 361
cat_threshold=0 0 4 0 20480 0 0 0 0 131072 0 0 0 0 0 0 0 0 0 0 0 0 0 96 0 0 0 0 0 0 0 0 0 41943040 4194304 0 0 0 2147483648 8192 0 0 0 0 0 0 0 0 0 8388608 0 0 0 0 0 0 0 0 0 0 0 0 0 0 0 0 0 0 0 0 0 0 0 0 0 16 0 0 262144 3074 0 0 4096 0 0 8388608 0 0 0 0 4096 0 0 0 0 0 0 0 0 0 0 0 0 0 0 0 0 0 0 224 0 0 0 0 16384 0 0 0 0 131072 8388608 0 0 0 0 0 0 0 0 0 0 0 0 0 0 0 0 0 0 0 0 0 0 0 0 0 0 0 0 0 0 0 0 0 1073741824 0 0 0 1 33280 0 0 0 0 0 0 0 0 0 0 0 0 0 0 0 0 0 0 0 0 0 0 0 0 0 0 0 0 0 0 0 0 0 0 512 512 0 0 0 0 0 0 0 0 0 0 0 0 0 0 0 0 0 0 0 0 0 0 0 0 0 0 0 0 0 0 0 0 0 0 512 512 0 1 0 0 0 0 0 0 0 0 0 0 0 0 0 0 0 0 0 0 0 0 0 0 0 0 0 0 0 0 0 0 0 0 0 0 0 512 0 8192 0 0 0 0 4096 0 0 0 0 131072 8388608 0 0 4 0 4096 0 0 0 0 0 0 0 0 0 0 0 0 0 0 0 0 0 0 0 0 0 0 0 0 0 0 0 0 0 0 0 0 0 98304 0 0 0 0 0 0 0 0 0 0 0 0 0 0 0 0 0 0 0 0 0 0 0 0 0 0 0 0 0 0 0 0 0 0 0 0 1 0 33280
is_linear=0
shrinkage=0.05


Tree=15
num_leaves=31
num_cat=12
split_feature=166 168 229 166 176 202 167 222 186 170 170 166 99 170 201 182 166 179 99 179 182 179 170 179 166 165 231 179 230 179
split_gain=16568.5 6701.52 5039.01 4312.53 3256.09 3388.71 1735.58 1648 1148.27 949.19 757.358 699.982 644.913 935.516 772.414 628.764 572.32 1817.65 787.971 572.29 552.45 512.943 507.636 501.887 1951.81 612.892 475.466 620.856 517.657 471.325
threshold=0 3.0000000000000004 1.0000000180025095e-35 1 1.0000000180025095e-35 2 3 1.0000000180025095e-35 1.0000000180025095e-35 4 5 6 1.5000000000000002 7 1.0000000180025095e-35 1.0000000180025095e-35 8 13.500000000000002 1.0000000180025095e-35 18.500000000000004 1.0000000180025095e-35 8.5000000000000018 9 10.500000000000002 10 11 1.0000000180025095e-35 21.500000000000004 1.0000000180025095e-35 8.5000000000000018
decision_type=9 2 2 9 2 1 9 2 2 9 9 9 2 9 2 2 9 2 2 2 2 2 9 2 9 1 2 2 2 2
left_child=1 16 3 12 5 6 -5 9 23 20 -7 21 13 14 19 -3 17 18 -1 -2 -6 -4 -9 25 -25 -8 28 -28 -12 -30
right_child=2 15 11 4 7 10 8 22 -10 -11 26 -13 -14 -15 -16 -17 -18 -19 -20 -21 -22 -23 -24 24 -26 -27 27 -29 29 -31
leaf_value=0.042880177426706995 0.021023840909516471 0.048070757725001328 -0.043206961345991578 0.055156979621813741 0.011323475992993411 -0.049590959597275525 -0.0017538566667874072 0.02464841142568093 0.0062908023819824412 -0.035141288593503246 -0.01805935736402256 -0.059655096153565318 -0.058212060388837084 -0.045631871432523806 -0.059181747480891604 0.028323788550755902 0.0090175525169048209 -0.060948024186726638 -0.0095611256290150572 -0.064362320234045409 0.029130161923132086 0.017328941824670322 -0.050302061372440698 -0.029418160104341135 0.0025300598550116815 -0.021291012638668914 -0.051044142544430272 0.0085205800012392047 0.020172986515212481 -0.020852248650165009
leaf_weight=1189.486372877378 1539.9584681843407 11553.148486602004 949.50760920468019 1256.8880686638877 12436.67554059712 1949.9999445163412 32868.662790410395 269.15775972907431 20542.397806047462 885.8365303442115 48238.522187700233 5643.6281424475892 3460.7761904994259 4102.8217596868635 519.65759579848964 6198.4364115468925 124359.73718479561 1227.1241957775783 1798.95084688114 224.37601989023096 6705.4724903199822 553.49884787865449 1316.4185621480574 9955.1835899130383 9192.0315938874846 4563.3066884615691 2089.1532525513903 552.97364120627753 1738.3547098145355 1171.397706999036
leaf_count=2422 11499 26888 12941 2067 32116 81848 147093 2263 52714 12229 557766 212874 77521 93402 13787 17845 228230 5617 5042 6119 9593 5815 50490 146726 65450 21663 65102 6529 8386 8734
internal_value=0 0.0123789 -0.010487 -0.00871323 -0.00668197 -0.00958475 -0.00288043 0.0113272 -0.00383374 0.0152123 -0.0190078 -0.0515933 -0.0407855 -0.031402 -0.00560953 0.0411769 0.00840369 -0.00970152 0.0113141 0.010147 0.0175528 -0.0207741 -0.0377338 -0.00751048 -0.0140948 -0.00414216 -0.0178895 -0.0385766 -0.016824 0.00365473
internal_weight=319054 146327 172727 165580 155732 134119 78378.5 21613.6 77121.6 20028 55740.4 7146.63 9847.59 6386.81 2283.99 17751.6 128575 4215.56 2988.44 1764.33 19142.1 1503.01 1585.58 56579.2 19147.2 37432 53790.4 2642.13 51148.3 2909.75
internal_count=1990771 286044 1704727 1473097 1270769 1164078 435713 106691 433646 53938 728365 231630 202328 124807 31405 44733 241311 13081 7464 17618 41709 18756 52753 380932 212176 168756 646517 71631 574886 17120
cat_boundaries=0 39 79 80 86 110 121 159 170 175 180 219 220
cat_threshold=0 0 4 0 20480 0 0 0 0 131072 0 0 0 0 0 0 0 0 0 0 0 0 0 96 0 0 0 0 0 0 0 0 0 41943040 4194304 0 0 0 2147483648 8192 0 0 0 0 0 0 0 0 0 8388608 0 0 0 0 0 0 0 0 0 0 0 0 0 0 0 0 0 0 0 0 0 0 0 0 0 16 0 0 262144 3074 0 0 0 0 0 8388608 0 0 0 0 4096 0 0 0 0 0 0 0 0 0 0 0 0 0 0 0 0 0 0 224 0 0 0 0 16384 0 0 0 0 131072 8388608 0 0 0 0 0 0 0 0 0 0 0 0 0 0 0 0 0 0 0 0 0 0 0 0 0 0 0 0 0 0 0 0 0 0 512 512 0 1 0 0 4 0 4096 0 0 0 0 131072 8388608 0 0 0 0 4096 0 0 4 0 4096 0 0 0 0 0 0 0 0 0 0 0 0 0 0 0 0 0 0 0 0 0 0 0 0 0 0 0 0 0 0 0 0 0 1073741824 0 0 1 0 33280 128
is_linear=0
shrinkage=0.05


Tree=16
num_leaves=31
num_cat=11
split_feature=166 175 229 166 176 202 167 186 201 200 217 182 170 170 179 166 166 166 99 170 201 178 172 228 182 179 179 220 165 233
split_gain=15252 7378.31 4646.95 3837.09 2985.28 3115.12 1635.8 1049.67 896.918 1871.55 843.049 1371.62 690.094 682.096 668.078 1080.72 952.594 666.614 621.671 868.58 681.724 612.206 570.115 1099.4 713.788 518.011 463.879 457.978 605.58 763.064
threshold=0 1.0000000180025095e-35 1.0000000180025095e-35 1 1.0000000180025095e-35 2 3 1.0000000180025095e-35 1.0000000180025095e-35 1.0000000180025095e-35 7.5000000000000009 1.0000000180025095e-35 4 5 6.5000000000000009 6 7 8 1.5000000000000002 9 1.0000000180025095e-35 1.0000000180025095e-35 175.00000000000003 1.0000000180025095e-35 1.0000000180025095e-35 10.500000000000002 18.500000000000004 135.00000000000003 10 1.0000000180025095e-35
decision_type=9 2 2 9 2 1 9 2 2 2 2 2 9 9 2 9 9 9 2 9 2 2 2 2 2 2 2 2 1 2
left_child=1 22 3 18 5 6 -5 10 9 12 14 -12 -6 -7 15 -8 25 -4 19 20 26 -17 -1 24 -24 -16 -2 28 29 -15
right_child=2 -3 17 4 8 13 7 -9 -10 -11 11 -13 -14 27 16 21 -18 -19 -20 -21 -22 -23 23 -25 -26 -27 -28 -29 -30 -31
leaf_value=0.0082076511596632408 0.017928229792632647 0.052523335030202067 -0.020159445866632125 0.053929951856598823 0.0012211536880319487 -0.048392526184554314 -0.043131965689237758 0.0058545795667326681 0.023294092455790099 0.023757260882830613 -0.021540286117046271 0.031917880989998808 -0.030132377276814899 -0.049391430090644894 -0.014013224526906896 -0.019165826339824291 -0.0073013459179625002 -0.058725800448704117 -0.056978565468042836 -0.044237008832893353 -0.057903933544820763 0.007173413075019449 0.05253501790994243 -0.047968263730111371 0.0052069659622056112 -0.034779456013568646 -0.061741299802890726 0.054533192768337659 -0.016194806333942994 -0.0072024203574430892
leaf_weight=130296.24110160547 1592.1737609039992 10383.993315131404 1461.7889962493209 1229.2667662808672 3423.7094488344155 1867.1404891634884 1396.1755151238758 20116.308963221265 8577.5258455064613 5658.0931372796185 1916.6076394489501 3206.7734032549197 3597.3717571811576 3142.6126027324935 5839.6388653768227 2664.0183560566511 22979.749278806295 5369.9610258438624 3277.2555014886893 3940.51088234692 486.38851964345668 12822.157324391781 2355.3622732770164 431.15943291631993 1204.2530275150202 6186.7335261397529 205.87552728116862 218.32005658606067 46269.046320592708 1627.0839608917595
leaf_count=249447 11499 26585 18756 2095 16197 81848 10110 52714 16200 8984 10751 9799 65310 68884 37635 12255 169756 212874 77521 93402 13787 41024 3758 3185 3069 98526 6119 678 547849 20154
internal_value=0 0.0119172 -0.0101974 -0.00849685 -0.00657681 -0.00938789 -0.00304896 -0.00396437 0.0108074 0.0023591 -0.00742973 0.0119186 -0.0148848 -0.0187334 -0.00934034 -0.00117031 -0.0132803 -0.050592 -0.0393089 -0.0300648 -0.00539484 0.00263989 0.00877794 0.0273929 0.0365279 -0.0246769 0.00878871 -0.0176432 -0.0179561 -0.0349296
internal_weight=313743 144671 169072 162241 152738 131482 78357.4 77128.2 21256.7 12679.2 57011.9 5123.38 7021.08 53124.2 51888.5 16882.4 35006.1 6831.75 9502.2 6224.95 2284.44 15486.2 134287 3990.77 3559.62 12026.4 1798.05 51257.1 51038.7 4769.7
internal_count=1990771 286044 1704727 1473097 1270769 1164078 444665 442570 106691 90491 389856 20550 81507 719413 369306 63389 305917 231630 202328 124807 31405 53279 259459 10012 6827 136161 17618 637565 636887 89038
cat_boundaries=0 39 79 80 86 110 121 159 198 236 247 248
cat_threshold=0 0 4 0 20480 0 0 0 0 131072 0 0 0 0 0 0 0 0 0 0 0 0 0 96 0 0 0 0 0 0 0 0 0 41943040 4194304 0 0 0 2147483648 8192 0 0 0 0 0 0 0 0 0 8388608 0 0 0 0 0 0 0 0 0 0 0 0 0 0 0 0 0 0 0 0 0 0 0 0 0 16 0 0 262144 3075 0 0 4096 0 0 8388608 0 0 4 0 4096 0 0 0 0 0 0 0 0 0 0 0 0 0 0 0 0 0 0 32 0 0 0 0 16384 0 0 0 0 131072 8388608 0 0 0 0 0 0 0 0 0 0 0 0 0 0 0 0 0 0 0 0 0 0 0 0 0 0 0 0 0 0 0 0 0 0 0 512 0 8192 0 0 0 0 0 0 0 0 0 0 0 0 0 0 0 0 0 0 0 0 0 0 0 0 0 0 0 0 0 0 0 0 0 0 0 0 0 8192 33280 0 0 0 0 0 0 0 0 0 0 0 0 0 0 0 0 0 0 0 0 0 0 0 0 0 0 0 0 0 0 0 0 0 0 512 512 0 1 0 0 4 0 4096 0 0 0 0 131072 8388608 4096
is_linear=0
shrinkage=0.05


Tree=17
num_leaves=31
num_cat=11
split_feature=202 175 229 166 201 196 202 236 179 166 166 166 167 179 172 166 167 179 166 175 99 205 179 179 99 99 179 179 166 172
split_gain=13694.4 7565.9 3963.77 2456.35 2068.63 2086.7 1778.37 1555.3 1198 1318.31 1154.06 1026.28 944.159 861.908 736.549 680.428 603.852 589.839 735.573 585.559 588.176 869.087 786.212 595.148 574.294 547.798 575.828 535.143 520.711 510.503
threshold=0 1.0000000180025095e-35 1.0000000180025095e-35 1 1.0000000180025095e-35 1.0000000180025095e-35 2 1.0000000180025095e-35 12.500000000000002 3 4 5 6 6.5000000000000009 75.000000000000014 7 8 9.5000000000000018 9 1.0000000180025095e-35 1.5000000000000002 1.0000000180025095e-35 8.5000000000000018 5.5000000000000009 1.5000000000000002 2.5000000000000004 10.500000000000002 8.5000000000000018 10 175.00000000000003
decision_type=1 2 2 9 2 2 1 2 2 9 9 9 9 2 2 9 9 2 9 2 2 2 2 2 2 2 2 2 9 2
left_child=1 7 3 24 6 -6 8 10 11 -10 -1 -5 -12 -9 16 -4 -14 19 -19 20 28 -22 23 -23 29 26 -15 -16 -8 -2
right_child=2 -3 15 4 5 -7 17 13 9 -11 12 -13 14 25 27 -17 -18 18 -20 -21 21 22 -24 -25 -26 -27 -28 -29 -30 -31
leaf_value=-0.045867022837177709 -0.03392624860452656 0.051524430833666882 -0.018398120796742124 0.023263208464718483 -0.042939469828850274 0.021825999420469547 -0.020208325891736656 0.012893921741889663 -0.040033575898405262 -0.0062433480554613258 0.05247313515562102 -0.0028977120475782246 -0.026489929472536245 0.0074828542070134634 0.03272965932036935 -0.057226974338192065 0.0068167410059790353 0.00083420275792390986 -0.018126337837288026 -0.0089504099705481656 -0.033610013429634066 -0.022659142071822166 -0.065238302856161806 0.018961754269747895 -0.055200557840873715 -0.05919083241347859 -0.028908326377661872 0.011270944862630417 -0.04238015139830871 0.0086561205117357213
leaf_weight=997.12382154841907 4504.101450852846 9831.0159732929897 1461.4974858398782 4154.3146918083075 1444.2650035608094 8935.0809663811233 4289.647207580565 2085.7892871554941 4365.5520500571874 8520.0070572515615 1165.3053174938541 37524.553219106572 1363.8108676596312 1558.6001551849768 4588.6391250923043 5493.3022290265944 146828.25994971409 7745.8082789885812 15076.445042590232 5938.6927496707067 4000.7422910400492 1262.3006326958421 433.67991586722201 2684.6195771715138 2812.5360883574467 951.14265843434259 3589.4426318316255 7924.2369012199342 7226.6965162053457 833.76821657503024
leaf_count=23101 98563 26585 18901 8924 47857 19053 52658 7554 93458 73528 2067 191576 7188 11275 8180 218464 303500 101501 266338 36881 61640 14550 7630 18668 70862 14592 54475 21505 99895 9802
internal_value=0 0.00887034 -0.0124659 -0.0103696 -0.00846421 0.0128119 -0.0106045 0.0064192 -0.0044037 -0.0177287 0.00748805 -0.000284885 0.00781924 -0.0148477 0.00749201 -0.0491787 0.00650877 -0.0175532 -0.0116987 -0.022731 -0.0268433 -0.0167638 -0.00137513 0.00564814 -0.0368689 -0.0243359 -0.0178901 0.0191415 -0.0341775 -0.0272738
internal_weight=309591 180883 128708 121753 113602 10379.3 103223 171052 54564.4 12885.6 162867 41678.9 161870 8184.97 160705 6954.8 148192 48658.6 22822.3 25836.4 19897.7 8381.34 4380.6 3946.92 8150.41 6099.19 5148.04 12512.9 11516.3 5337.87
internal_count=1990771 480022 1510749 1273384 1094157 66910 1027247 453437 367486 166986 365541 200500 342440 87896 340373 237365 310688 659761 367839 291922 255041 102488 40848 33218 179227 80342 65750 29685 152553 108365
cat_boundaries=0 1 41 42 81 92 127 133 172 206 243 280
cat_threshold=199 8192 0 0 0 0 0 0 0 0 0 0 0 0 0 0 0 0 0 0 0 0 0 0 0 0 0 0 0 0 0 0 0 0 0 0 0 16 0 0 262144 3072 0 0 0 0 0 0 0 0 0 0 0 0 0 0 0 0 0 0 0 0 0 0 0 0 0 0 0 0 0 0 0 0 0 0 0 0 1 0 33280 0 0 0 0 0 0 0 0 0 0 8388608 0 0 0 0 16384 0 0 0 0 0 0 0 0 0 0 0 0 0 0 0 0 0 0 0 0 0 0 0 0 0 0 0 0 8388608 4194304 0 0 0 0 0 8388608 0 0 0 0 0 0 0 0 0 0 0 0 0 0 0 0 0 0 0 0 0 0 0 0 0 0 0 0 0 0 0 0 0 0 4194816 512 0 1 2147483648 0 0 0 0 0 0 0 0 0 0 0 0 0 128 0 0 0 0 0 0 0 0 0 0 0 0 0 0 0 0 0 0 0 16384 32 0 0 0 0 0 0 0 0 0 0 0 0 0 0 0 0 0 0 0 0 0 0 0 0 0 0 0 0 0 0 0 0 0 0 0 1073741824 524288 0 0 0 0 0 0 0 0 0 0 0 0 0 0 0 0 0 0 0 0 0 0 0 0 0 0 0 0 0 0 0 0 0 0 0 1073741824
is_linear=0
shrinkage=0.05


Tree=18
num_leaves=31
num_cat=9
split_feature=166 175 229 166 176 202 222 167 186 170 217 182 170 222 173 196 172 228 166 182 166 99 170 201 187 231 179 179 210 182
split_gain=12460 6306.45 3900.99 3151.27 2652.33 2664.79 1376.99 1338.6 969.567 767.651 714.461 1180.65 655.442 1009.98 751.627 708.71 646.208 1060.18 632.386 588.087 582.818 554.669 759.858 615.91 473.715 454.954 554.693 446.987 517.642 439.443
threshold=0 1.0000000180025095e-35 1.0000000180025095e-35 1 1.0000000180025095e-35 2 1.0000000180025095e-35 3 1.0000000180025095e-35 4 7.5000000000000009 1.0000000180025095e-35 5 1.0000000180025095e-35 1.0000000180025095e-35 1.0000000180025095e-35 175.00000000000003 1.0000000180025095e-35 6 1.0000000180025095e-35 7 1.5000000000000002 8 1.0000000180025095e-35 55.000000000000007 1.0000000180025095e-35 17.500000000000004 9.5000000000000018 1.0000000180025095e-35 1.0000000180025095e-35
decision_type=9 2 2 9 2 1 2 9 2 9 2 2 9 2 2 2 2 2 9 2 9 2 9 2 2 2 2 2 2 2
left_child=1 16 3 21 5 7 9 -5 10 -6 20 -12 14 15 -7 25 -1 19 -4 -18 27 22 23 -2 -10 -14 -27 28 -9 -11
right_child=2 -3 18 4 6 12 -8 8 24 29 11 -13 13 -15 -16 -17 17 -19 -20 -21 -22 -23 -24 -25 -26 26 -28 -29 -30 -31
leaf_value=0.007440431648867759 0.0082449898552217418 0.050577330489666394 -0.018393895404807917 0.051200524512362483 -0.038630593575960631 -0.046480876353660765 -0.035913601799859557 0.00026540260765678815 0.018669779344707396 0.010203181630250894 -0.020908531989330514 0.028502648178381846 -0.015119500873071557 -0.061778174091304573 0.011976736240780456 0.0090403368861716807 0.053111913935329914 -0.048085019147272021 -0.056993760663159837 0.0082855243991151878 -0.0062795069185740439 -0.054694785603673815 -0.042070832553563316 -0.056759422419620009 0.0011521274956580914 -0.057683243937576137 -0.0098233186804238901 -0.031396021465892154 -0.035124811506529172 0.026286745032683651
leaf_weight=129192.94822940486 1782.6266670404584 9319.3339807229349 1405.8005804432905 1118.4082452508155 661.15414801356383 3385.3013401143835 1490.5937481654109 3627.696604144061 5274.1239139992977 12123.907533540973 1902.3979612491094 3314.5151856293669 41551.097322264017 1171.0669747015927 656.11824256909313 2928.2711636258755 2178.8471423320007 400.31212149106432 4786.8140880583669 1102.2058972984087 39429.989091013063 2934.6687352267327 3661.7340079568094 457.47331743582617 14385.338095346466 1414.0430377480516 1059.3070365374151 4553.8109893735964 1444.0797629100271 6538.7223784644157
leaf_count=249447 17618 26585 18756 2067 10376 119625 52753 18287 13467 33969 10751 9799 469375 38262 7794 21678 3758 3185 212874 3069 263411 77521 93402 13787 39247 56021 15610 66990 11694 9593
internal_value=0 0.0108172 -0.00943309 -0.00789696 -0.00616343 -0.00887107 0.010382 -0.00283598 -0.00366064 0.0139543 -0.00710734 0.0104831 -0.0175497 -0.0159171 -0.0368975 -0.0147758 0.00802916 0.0286846 -0.0483558 0.0380584 -0.00897823 -0.0368859 -0.0280883 -0.0050153 0.00585227 -0.0163602 -0.0371935 -0.0200045 -0.00981269 0.0158306
internal_weight=305253 142194 163059 156866 148030 127216 20814.4 75050.4 73932 19323.8 54272.5 5216.91 52165.2 48123.8 4041.42 46952.7 132874 3681.37 6192.61 3281.05 49055.6 8836.5 5901.83 2240.1 19659.5 44024.4 2473.35 9625.59 5071.78 18662.6
internal_count=1990771 286044 1704727 1473097 1270769 1164078 106691 435713 433646 53938 380932 20550 728365 600946 127419 562684 259459 10012 231630 6827 360382 202328 124807 31405 52714 541006 71631 96971 29981 43562
cat_boundaries=0 39 79 80 86 97 108 146 185 196
cat_threshold=0 0 4 0 20480 0 0 0 0 131072 0 0 0 0 0 0 0 0 0 0 0 0 0 96 0 0 0 0 0 0 0 0 0 41943040 4194304 0 0 0 2147483648 8192 0 0 0 0 0 0 0 0 0 8388608 0 0 0 0 0 0 0 0 0 0 0 0 0 0 0 0 0 0 0 0 0 0 0 0 0 16 0 0 262144 3074 0 0 0 0 0 8388608 0 0 0 0 16384 0 0 0 0 131072 8388608 0 0 0 0 20480 0 0 0 0 131072 8388608 0 0 0 0 0 0 0 0 0 0 0 0 0 0 0 0 0 0 0 0 0 0 0 0 0 0 0 0 0 0 0 0 0 0 512 512 0 1 0 0 0 0 0 0 0 0 0 0 0 0 0 0 0 0 0 0 0 0 0 0 0 0 0 0 0 0 0 0 0 0 0 0 0 0 0 8192 512 0 0 4 0 4096 0 0 0 0 131072 8388608
is_linear=0
shrinkage=0.05


Tree=19
num_leaves=31
num_cat=10
split_feature=166 175 229 166 176 167 222 217 166 182 185 170 172 228 166 170 182 170 201 182 166 170 199 182 229 220 204 182 231 179
split_gain=11103.7 5849.75 3598.96 2899.46 2436.61 2550.19 1241.62 995.857 1100.05 945.044 907.498 689.463 672.188 1016.42 625.342 586.442 565.049 520.133 509.787 503.384 787.504 441.987 430.851 426.287 419.91 414.582 422.061 541.313 436.373 504.814
threshold=0 1.0000000180025095e-35 1.0000000180025095e-35 1 1.0000000180025095e-35 2 1.0000000180025095e-35 7.5000000000000009 3 1.0000000180025095e-35 1.0000000180025095e-35 4 175.00000000000003 1.0000000180025095e-35 5 6 1.0000000180025095e-35 7 1.0000000180025095e-35 1.0000000180025095e-35 8 9 1.0000000180025095e-35 1.0000000180025095e-35 1.0000000180025095e-35 170.00000000000003 1.0000000180025095e-35 1.0000000180025095e-35 1.0000000180025095e-35 14.500000000000002
decision_type=9 2 2 9 2 9 2 2 9 2 2 9 2 2 9 9 2 9 2 2 9 9 2 2 2 2 2 2 2 2
left_child=1 12 3 17 5 10 11 8 19 -9 -5 -6 22 16 -4 -10 -14 18 -2 -7 -21 -8 24 -13 -1 26 28 -28 -17 -30
right_child=2 -3 14 4 6 7 21 9 15 -11 -12 23 13 -15 -16 25 -18 -19 -20 20 -22 -23 -24 -25 -26 -27 27 -29 29 -31
leaf_value=0.0070038526580311136 -0.011008984053551007 0.049637883162640298 -0.017189222904923248 0.050787119107074924 -0.037335914364301802 -0.0010830454708110368 0.023850937604625491 -0.019638110436144739 -0.046028735240553446 0.024413019913640636 0.0041390300248361012 0.0096434579040386922 0.05418118187327086 -0.046491110806516085 -0.056225663289743294 -0.014275525925446262 0.009268428666984815 -0.046309076602913349 -0.056833450329773716 0.012818350504888096 -0.020221872386634844 -0.047441864311422575 0.055395247894633327 0.02556273849612245 -0.043039279795743055 0.074941605892190163 -0.017174814136857855 -0.052900121699239834 -0.061956418864546239 -0.01556788514062791
leaf_weight=127823.73662667547 2761.6371201668226 8828.2252290733159 1365.3818973699235 1092.695031645475 636.87483202398289 21179.3848676208 262.49108364689164 1869.6066290832823 1684.5645169737982 3488.3572785665747 22544.993221188663 12004.534732191591 2043.5744044573512 393.13438786321785 4536.4009878043726 54727.782788582466 1066.0764086656272 4990.0788302516448 777.67552362999413 2218.7167454664595 9530.0938440756872 1180.9542349764961 458.04158503562212 6474.5865887645632 420.04743851529201 124.1288981474936 2708.1520739262342 1743.5746309528768 1054.5726605917735 1322.3802058144938
leaf_count=242705 38669 26585 18756 2095 10376 111962 2263 10751 81848 9799 71073 33969 3758 3185 212874 596049 3069 138222 25437 15432 103722 50490 1007 9593 5735 198 38555 50963 47040 24591
internal_value=0 0.0102319 -0.00900335 -0.00753885 -0.00587974 -0.00849812 0.0100733 -0.0119373 -0.0131059 0.0090405 0.006294 0.0134502 0.00760109 0.0292113 -0.047322 -0.016958 0.0387894 -0.0358572 -0.0210264 -0.0056861 -0.013988 -0.0346334 0.0070128 0.0152137 0.00683974 -0.0161562 -0.0163432 -0.0311726 -0.0151868 -0.0361597
internal_weight=301312 141033 160280 154378 145848 125289 20559.4 101651 96293.4 5357.96 23637.7 19116 132205 3502.79 5901.78 63365.2 3109.65 8529.39 3539.31 32928.2 11748.8 1443.45 128702 18479.1 128244 61680.6 61556.5 4451.73 57104.7 2376.95
internal_count=1990771 286044 1704727 1473097 1270769 1164078 106691 1090910 1070360 20550 73168 53938 259459 10012 231630 839244 6827 202328 64106 231116 119154 52753 249447 43562 248440 757396 757198 89518 667680 71631
cat_boundaries=0 39 79 113 152 163 201 212 223 259 264
cat_threshold=0 0 4 0 20480 0 0 0 0 131072 0 0 0 0 0 0 0 0 0 0 0 0 0 96 0 0 0 0 0 0 0 0 0 41943040 4194304 0 0 0 2147483648 8192 0 0 0 0 0 0 0 0 0 8388608 0 0 0 0 0 0 0 0 0 0 0 0 0 0 0 0 0 0 0 0 0 0 0 0 0 16 0 0 262144 0 0 4096 0 0 8388608 0 0 0 0 0 0 0 0 0 0 0 0 0 0 0 0 0 0 0 0 0 0 0 0 0 0 0 65536 0 0 0 0 0 0 0 0 0 0 0 0 0 0 0 0 0 0 0 0 0 0 0 0 0 0 0 0 0 0 0 0 0 1073741824 512 512 1 1 32768 0 0 0 0 16384 0 0 0 0 131072 8388608 0 0 0 0 0 0 0 0 0 0 0 0 0 0 0 0 0 0 0 0 0 0 0 0 0 0 0 0 0 0 0 0 0 0 512 512 0 1 0 0 0 0 16384 0 0 0 0 131072 8388608 0 0 4 0 4096 0 0 0 0 131072 8388608 0 0 0 0 0 0 0 0 0 0 0 0 0 0 0 0 0 0 0 0 0 0 0 0 0 0 0 0 0 0 0 0 0 0 512 512 0 0 4 0 4096
is_linear=0
shrinkage=0.05


Tree=20
num_leaves=31
num_cat=9
split_feature=166 175 166 176 167 222 217 179 185 182 170 222 170 228 173 170 182 196 166 170 231 179 201 204 233 170 182 200 173 228
split_gain=10066.5 5416.59 3001.31 2487.99 2817.47 1111.32 954.085 861.367 818.947 726.744 675 979.622 650.727 986.686 627.493 616.828 546.149 493.856 471.936 457.122 454.62 459.775 421.228 437.039 908.594 418.372 410.048 674.272 457.566 397.961
threshold=0 1.0000000180025095e-35 1 1.0000000180025095e-35 2 1.0000000180025095e-35 7.5000000000000009 6.5000000000000009 1.0000000180025095e-35 1.0000000180025095e-35 3 1.0000000180025095e-35 4 1.0000000180025095e-35 1.0000000180025095e-35 5 1.0000000180025095e-35 1.0000000180025095e-35 6 7 1.0000000180025095e-35 14.500000000000002 1.0000000180025095e-35 1.0000000180025095e-35 1.0000000180025095e-35 8 1.0000000180025095e-35 1.0000000180025095e-35 1.0000000180025095e-35 1.0000000180025095e-35
decision_type=9 2 9 2 9 2 2 2 2 2 9 2 9 2 2 9 2 2 9 9 2 2 2 2 2 9 2 2 2 2
left_child=1 12 7 4 8 15 10 18 -4 -8 14 17 13 16 -6 -5 -1 20 -2 -20 22 -22 23 -12 -25 -7 27 28 -17 -14
right_child=2 -3 3 5 6 25 9 -9 -10 -11 11 -13 29 -15 -16 26 -18 -19 19 -21 21 -23 -24 24 -26 -27 -28 -29 -30 -31
leaf_value=0.054643848635971187 0.0060187486268519115 0.048754826098491633 0.049697953703901086 -0.036168756259981484 -0.04408534067720897 0.02221747506333192 -0.018617247185636697 -0.037062990083501175 0.0045702928589197401 0.019962808012154096 -0.011458238499642243 -0.06039669953162017 0.0064387838964258927 -0.045083560395578252 0.0092454812685380545 0.0015169201767198876 0.0097302621763052499 0.007700642010998327 -0.00033294381398930471 -0.046945096504495909 -0.061000635442752374 -0.015701419234944575 -0.058081279988344038 -0.044831536186935667 0.0023856635530700781 -0.046449671397435055 0.024794040031714745 0.022136669038053104 -0.055796262538773504 0.0355304531172356
leaf_weight=1930.9833226951305 2135.2666626111895 8373.0770920370705 1052.9467575605959 609.30669562256662 3131.1449303504196 272.39527702215128 1811.8844062566059 11057.151023198938 22032.326850940939 3737.9818422722165 78283.397020921344 1080.7743810347747 126965.22867287544 395.85650222899858 669.1009595337091 6133.422901575279 1042.8548483152408 2921.3045188111137 922.4827033074107 1232.9465018159244 983.44359629650717 1302.5810646527098 505.56143698038068 2799.60875648816 1601.2274644648423 1125.3223351531196 6422.4742308224086 5424.8644771010149 368.70090115442872 1186.149981893599
leaf_count=3758 10851 26585 2095 10376 119625 2263 10751 292442 71073 9799 797648 38262 246995 3185 7794 22890 3069 21678 9776 25266 47040 24591 19629 69366 20350 50490 9593 8984 2095 2452
internal_value=0 0.00976208 -0.00866445 -0.00639689 -0.00909923 0.0097836 -0.0127722 -0.0296649 0.006627 0.007366 -0.0139718 -0.01309 0.0072802 0.0289411 -0.0346032 0.0129561 0.0388997 -0.0125127 -0.0106659 -0.0270966 -0.0132036 -0.0352003 -0.0125989 -0.0123204 -0.0276523 -0.033234 0.0146003 0.00912213 -0.00173628 0.00670771
internal_weight=297512 139894 157618 142270 121913 20356.5 98828 15347.8 23085.3 5549.87 93278.1 89477.9 131521 3369.69 3800.25 18958.8 2973.84 88397.1 4290.7 2155.43 85475.8 2286.02 83189.8 82684.2 4400.84 1397.72 18349.5 11927 6502.12 128151
internal_count=1990771 286044 1704727 1366392 1259701 106691 1186533 338335 73168 20550 1165983 1038564 259459 10012 127419 53938 6827 1000302 45893 35042 978624 71631 906993 887364 89716 52753 43562 33969 24985 249447
cat_boundaries=0 39 79 113 124 129 140 179 190 195
cat_threshold=0 0 4 0 20480 0 0 0 0 131072 0 0 0 0 0 0 0 0 0 0 0 0 0 96 0 0 0 0 0 0 0 0 0 41943040 4194304 0 0 0 2147483648 8192 0 0 0 0 0 0 0 0 0 8388608 0 0 0 0 0 0 0 0 0 0 0 0 0 0 0 0 0 0 0 0 0 0 0 0 0 16 0 512 262144 0 0 4096 0 0 8388608 0 0 0 0 0 0 0 0 0 0 0 0 0 0 0 0 0 0 0 0 0 0 0 0 0 0 0 65536 0 0 0 0 20480 0 0 0 0 131072 8388608 0 0 0 0 4096 0 0 0 0 16384 0 0 0 0 131072 8388608 0 0 0 0 0 0 0 0 0 0 0 0 0 0 0 0 0 0 0 0 0 0 0 0 0 0 0 0 0 0 0 0 0 0 0 0 0 0 512 0 0 0 0 4096 0 0 0 0 131072 8388608 0 0 4 0 4096
is_linear=0
shrinkage=0.05


Tree=21
num_leaves=31
num_cat=1
split_feature=168 229 206 169 175 236 201 167 212 186 188 216 179 175 179 99 217 182 182 171 172 228 228 182 173 182 210 204 219 231
split_gain=6260.81 4769.17 2331.29 2964.61 1841.68 1312.47 1274.08 1040.58 1086.77 1466.34 947.307 999.242 811.679 742.678 726.184 646.257 597.134 564.194 537.648 533.501 493.838 1100.33 771.062 524.666 476.405 467.528 1166.75 817.875 625.29 482.673
threshold=3.0000000000000004 1.0000000180025095e-35 1.0000000180025095e-35 4.5000000000000009 1.0000000180025095e-35 1.0000000180025095e-35 1.0000000180025095e-35 0 1.0000000180025095e-35 1.0000000180025095e-35 1.0000000180025095e-35 1.5000000000000002 6.5000000000000009 1.0000000180025095e-35 11.500000000000002 1.5000000000000002 7.5000000000000009 1.0000000180025095e-35 1.0000000180025095e-35 65.000000000000014 175.00000000000003 1.0000000180025095e-35 1.0000000180025095e-35 1.0000000180025095e-35 1.5000000000000002 1.0000000180025095e-35 1.0000000180025095e-35 1.0000000180025095e-35 1.5000000000000002 1.0000000180025095e-35
decision_type=2 2 2 2 2 2 2 9 2 2 2 2 2 2 2 2 2 2 2 2 2 2 2 2 2 2 2 2 2 2
left_child=1 2 3 6 20 14 7 -1 9 10 11 16 -7 24 -4 -10 25 -18 -12 -16 22 23 -2 -22 -5 26 28 -27 29 -9
right_child=4 -3 5 13 -6 12 -8 8 15 -11 18 -13 -14 -15 19 -17 17 -19 -20 -21 21 -23 -24 -25 -26 27 -28 -29 -30 -31
leaf_value=0.048053579216573383 -0.014742996668327891 -0.045979278885480479 0.011514789354604498 -0.03171351408491431 0.047924096825074182 0.014007872437411181 0.017258960807804129 -0.0056544217785621468 0.0095967126314990478 0.0076927501965906213 0.021559135899889153 0.021932688217086289 -0.022966993359785439 -0.011556069894995216 0.01709987502627458 -0.0030866373409102546 -0.017276200236483543 0.016895307632712464 -0.017296247180892173 -0.0026236082925057027 0.054313951094040795 -0.046690787935357636 0.03391310034044593 0.0096946736774034953 0.039743341552681957 -0.013996534713657326 -0.047947682491865713 -0.050932651804379253 -0.035907414879120643 -0.059732523094926084
leaf_weight=998.47503991913982 2593.5126163577079 5948.9365423211711 52346.775237825233 10968.913126443891 7959.974609282508 2002.9785810688045 8537.3642166205682 55230.215789518115 23312.346768664836 18295.600046774605 4067.752751292428 2564.5884581822902 5726.3098185191338 10220.802057303314 4175.6753115085885 17643.690934759914 1763.4111000929843 3831.3710112440167 1139.1663675716845 19149.777653910918 1835.1354056794662 438.80511567444773 1186.2566231084056 1028.5556748334784 237.85267201974057 25586.706695390196 1793.5222031484009 1591.7224382701679 1811.2940317902248 415.25280465302058
leaf_count=2067 14332 237365 77330 312760 26585 7554 26619 407701 65244 52714 9129 4515 80342 102144 7999 42274 10751 9799 6069 37629 3758 3185 2756 3069 1871 323522 20495 50963 21729 18501
internal_value=0 -0.00169198 -0.000728264 -0.00378713 0.0314219 0.00624054 -0.00156046 -0.00256443 -0.00288523 -0.00531946 -0.00770509 -0.00884811 -0.0133843 -0.0213049 0.0082452 0.00413269 -0.0097061 0.00612337 0.0130566 0.000907326 0.0128719 0.0269953 0.000528554 0.0382942 -0.0301948 -0.0107309 -0.00823994 -0.0161608 -0.00699996 -0.0060586
internal_weight=294403 279361 273412 190010 15042.2 83401.5 168582 160045 159047 118091 99795 94588.1 7729.29 21427.6 75672.2 40956 92023.5 5594.78 5206.92 23325.5 7082.27 3302.5 3779.77 2863.69 11206.8 86428.7 59250.3 27178.4 57456.8 55645.5
internal_count=1990771 1937086 1699721 1488867 53685 210854 1072092 1045473 1043406 935888 883174 867976 87896 416775 122958 107518 863461 20550 15198 45628 27100 10012 17088 6827 314631 842911 468426 374485 447931 426202
cat_boundaries=0 6
cat_threshold=0 0 0 0 0 8388608
is_linear=0
shrinkage=0.05


Tree=22
num_leaves=31
num_cat=12
split_feature=202 175 229 166 201 166 196 166 170 167 166 172 228 173 170 178 201 170 166 169 200 179 179 173 179 166 167 199 179 173
split_gain=9237.6 4965.23 2854.12 1659.79 1595.2 1384.08 1325.17 769.299 687.929 661.702 617.193 605.922 727.597 574.781 1222.92 531.957 494.155 510.333 490.501 706.432 756.957 702.454 481.376 419.717 396.08 1153.15 444.245 355.097 338.822 406.092
threshold=0 1.0000000180025095e-35 1.0000000180025095e-35 1 1.0000000180025095e-35 2 1.0000000180025095e-35 3 4 5 6 175.00000000000003 1.0000000180025095e-35 1.0000000180025095e-35 7 1.0000000180025095e-35 1.0000000180025095e-35 8 9 4.5000000000000009 1.0000000180025095e-35 6.5000000000000009 20.500000000000004 1.0000000180025095e-35 13.500000000000002 10 11 1.0000000180025095e-35 19.500000000000004 1.0000000180025095e-35
decision_type=1 2 2 9 2 9 2 9 9 9 9 2 2 2 9 2 2 9 9 2 2 2 2 2 2 9 9 2 2 2
left_child=1 7 3 16 5 -5 -6 -1 -7 -9 -4 18 22 15 -15 -10 17 -2 27 20 23 -21 -13 24 26 -26 -20 -11 29 -23
right_child=2 -3 10 4 6 8 -8 9 13 11 -12 12 -14 14 -16 -17 -18 -19 19 21 -22 28 -24 -25 25 -27 -28 -29 -30 -31
leaf_value=-0.041652311245287919 -0.0095063477580951752 0.047067296305429475 -0.018744582147383827 0.0080286275206714972 -0.036970848331589236 -0.040992189035482171 0.018725585478910137 0.047034673465911669 -0.01774371935004139 0.0069471789827657039 -0.055514573629660662 0.042320831496309011 -0.041297317766388529 0.017751737023096605 -0.054525197658647641 -0.0078682191527353011 -0.058207564938371661 -0.040087609606300367 -0.024767337582310138 0.012521885561277903 0.021253259914834739 -0.024538549467681681 -0.029592632484567918 -0.052522203422577796 -0.047591068218165361 0.012381814825508961 -0.00011358300772379678 0.052945859351987534 -0.053688775941992332 0.010748420489104193
leaf_weight=845.32233319547959 2615.2618544258294 7567.0273653039476 1632.8833942695637 10276.51007713977 1218.6550857260008 1909.3457482518279 8610.409670200781 961.03036208380945 17268.800607113924 106503.20883641555 4079.6599990461254 2549.9876628930215 343.37622931736405 832.12248953711241 1951.2006795692723 64854.710534976795 1480.3217793830554 2893.1891544539831 1980.61171584361 2014.620356945321 5348.2597046869341 3891.5624164220644 255.63314256351441 360.11895045312122 846.03921572118998 12564.169598220498 22219.766778748686 420.76696661487222 728.15222819999326 1030.8661038922728
leaf_count=23101 38669 26585 35207 49673 47857 77493 19053 2067 263038 189886 202158 6012 3185 7040 85731 544272 53734 86824 11102 7554 8984 49571 815 2095 5905 38046 73336 1007 21098 9673
internal_value=0 0.0074754 -0.0106501 -0.00892131 -0.00737535 -0.00931923 0.011818 0.00563615 -0.0113724 0.00588524 -0.0451376 0.00563662 0.0273529 -0.0107013 -0.0330478 -0.00994498 -0.0325131 -0.0256616 0.0052038 0.00116698 0.0036431 -0.0128237 0.0357626 0.00116229 0.00167714 0.00856991 -0.00214226 0.00712782 -0.0218614 -0.0171473
internal_weight=290054 170431 119623 113911 106922 97092.7 9829.06 162863 86816.2 162018 5712.54 161057 3149 84906.8 2783.32 82123.5 6988.77 5508.45 157908 50984.2 43319 7665.2 2805.62 37970.7 37610.6 13410.2 24200.4 106924 5650.58 4922.43
internal_count=1990771 480022 1510749 1273384 1094157 1027247 66910 453437 977574 430336 237365 428269 10012 900081 92771 807310 179227 125493 418257 227364 139468 87896 6827 130484 128389 43951 84438 190893 80342 59244
cat_boundaries=0 1 41 80 91 102 108 148 153 164 188 212 246
cat_threshold=199 8192 0 0 0 0 0 0 0 0 0 0 0 0 0 0 0 0 0 0 0 0 0 0 0 0 0 0 0 0 0 0 0 0 0 0 0 16 0 0 262144 0 0 0 0 16384 0 0 0 0 0 0 0 0 0 0 0 0 0 0 0 0 0 0 0 0 0 0 0 0 0 0 0 0 8388608 4194816 0 0 1 2147483648 0 0 0 0 0 0 0 0 0 0 8388608 0 0 0 0 16384 0 0 0 0 131072 8388608 0 0 0 0 0 8388608 0 0 0 0 0 0 0 0 0 0 0 0 0 0 0 0 0 0 0 0 0 0 0 0 0 0 0 0 0 0 0 0 0 0 4194816 512 0 1 2147483648 262144 0 0 4 0 4096 0 0 4 0 4096 0 0 0 0 131072 8388608 0 0 4 0 0 0 0 0 0 131072 0 0 0 0 0 0 0 0 0 0 0 0 0 96 0 0 0 0 4096 0 0 0 0 0 0 0 0 0 0 0 0 0 0 0 0 0 0 128 0 0 0 0 0 0 0 0 0 0 0 0 0 128 0 0 0 0 0 0 0 0 0 0 0 0 0 0 0 0 0 0 0 49152
is_linear=0
shrinkage=0.05


Tree=23
num_leaves=31
num_cat=10
split_feature=166 175 229 166 201 202 196 236 167 170 180 180 99 170 180 170 99 205 180 166 228 166 201 99 180 187 166 180 99 217
split_gain=8682.48 4307.43 2712.22 2023.42 1320.49 1534.11 1168.07 1102.18 913.433 675.416 637.215 632 569.983 620.404 562.016 569.758 776.258 592.105 584.26 561.882 491.514 491.181 480.558 473.575 491.225 465.22 447.561 421.421 398.261 391.192
threshold=0 1.0000000180025095e-35 1.0000000180025095e-35 1 1.0000000180025095e-35 2 1.0000000180025095e-35 1.0000000180025095e-35 3 4 130.00000000000003 410.00000000000006 1.5000000000000002 5 190.00000000000003 6 1.5000000000000002 1.0000000180025095e-35 170.00000000000003 7 1.0000000180025095e-35 8 1.0000000180025095e-35 2.5000000000000004 210.00000000000003 1.0000000180025095e-35 9 150.00000000000003 1.0000000180025095e-35 7.5000000000000009
decision_type=9 2 2 9 2 1 2 2 9 9 2 2 2 9 2 9 2 2 2 9 2 9 2 2 2 2 9 2 2 2
left_child=1 7 3 12 5 8 -6 9 -5 11 -9 20 13 22 15 21 -17 -18 27 -4 -1 28 -2 24 -12 29 -16 -19 -7 -10
right_child=2 -3 19 4 6 14 -8 10 25 -11 23 -13 -14 -15 26 16 17 18 -20 -21 -22 -23 -24 -25 -26 -27 -28 -29 -30 -31
leaf_value=0.027276864476557389 0.0095170019874171521 0.046200162901468576 -0.015574124003385341 0.046008014059859201 -0.036073432798699102 0.0096624032614420069 0.017921831885285091 0.011778899975202217 -0.0074777532824467285 0.0066072709696796883 0.0094151959029690827 -0.026137811413694409 -0.052344165821494405 -0.037389834673928639 0.00078980951135944582 -0.036106316588263659 -0.029015277884350578 -0.0073832132123467691 -0.061121458272711718 -0.054373245354641664 -0.038629910210097276 -0.024421743935316337 -0.053449846808364079 -0.056081816705468905 -0.025899889924062659 0.0033222004446517989 -0.014480426784033837 0.02886728634017437 -0.024941231532280672 0.0066382053575946348
leaf_weight=7760.9857032208238 1684.8901538789505 7183.2221465174807 1272.296102395514 923.99233513209037 1133.6040752200061 3462.9622648961958 8571.7867344926344 2012.4451179776806 48502.98460785934 124443.98166474176 1429.5179598161485 656.14196908578742 2486.7493473024224 3050.2319133047131 7500.0637927443604 8412.6218415556214 3328.3076563338691 2127.3392287597526 354.51818011159776 3814.9938581034367 293.10459695849568 3102.2005131090991 368.92717433732469 823.23531581449788 3161.1807806038414 17548.000934427255 13329.213965190065 1285.8522388992133 1093.6806140847038 5459.8486124038463
leaf_count=14501 17618 26585 18756 2067 47857 20008 19053 7554 371928 249447 11275 4404 77521 93402 101501 130071 57896 25504 7630 212874 2644 29663 13787 14592 54475 50120 266338 7714 13436 20550
internal_value=0 0.00843508 -0.00897881 -0.00761615 -0.00610512 -0.00758267 0.0116131 0.00650581 -0.00310774 0.00755139 -0.0122399 0.0210067 -0.0326713 -0.0231453 -0.0149457 -0.0203076 -0.0258158 -0.01365 -7.325e-05 -0.0448108 0.0248755 -0.0091067 -0.00179283 -0.0211693 -0.0149021 -0.0037491 -0.00898847 0.00627421 0.00135099 -0.00604939
internal_weight=286579 147764 138815 133728 126137 116432 9705.39 140581 72434.8 133154 7426.38 8710.23 7590.8 5104.05 43996.8 23167.5 15508.6 7096.02 3767.71 5087.29 8054.09 7658.84 2053.82 5413.93 4590.7 71510.8 20829.3 3413.19 4556.64 53962.8
internal_count=1990771 385477 1605294 1373664 1171336 1104426 66910 358892 444665 270996 87896 21549 202328 124807 659761 291922 228815 98744 40848 231630 17145 63107 31405 80342 65750 442598 367839 33218 33444 392478
cat_boundaries=0 39 79 80 86 110 121 145 183 184 221
cat_threshold=0 0 4 0 20480 0 0 0 0 131072 0 0 0 0 0 0 0 0 0 0 0 0 0 224 0 0 0 0 0 0 0 0 0 41943040 4194304 0 0 0 2147483648 8192 0 0 0 0 0 0 0 0 0 8388608 0 0 0 0 0 0 0 0 0 0 0 0 0 0 0 0 0 0 0 0 0 0 0 0 0 16 0 0 262144 3075 0 0 0 0 0 8388608 0 0 0 0 4096 0 0 0 0 0 0 0 0 0 0 0 0 0 0 0 0 0 0 64 0 0 4 0 4096 0 0 0 0 131072 8388608 0 0 0 0 0 0 0 0 0 0 0 0 0 0 0 0 0 0 0 0 0 0 0 96 0 0 0 0 0 0 0 0 0 0 0 0 0 0 0 0 0 0 0 0 0 0 0 0 0 0 0 0 0 0 0 0 0 0 512 512 0 1 524288 32 0 0 0 0 0 0 0 0 0 0 0 0 0 0 0 0 0 0 0 0 0 0 0 0 0 0 0 0 0 0 0 0 0 0 0 1073741824
is_linear=0
shrinkage=0.05


Tree=24
num_leaves=31
num_cat=14
split_feature=166 175 229 166 201 167 196 236 170 232 202 179 179 166 179 170 166 170 201 171 179 179 166 182 167 179 167 202 166 182
split_gain=7911.09 3978.5 2521.86 1839.21 1256.98 1479.73 1053.28 945.342 690.728 653.035 637.611 571.924 550.186 532.468 499.077 545.274 432.209 416.747 404.822 388.655 379.899 376.052 1109.41 554.651 646.791 533.876 436.671 403.146 387.305 570.404
threshold=0 1.0000000180025095e-35 1.0000000180025095e-35 1 1.0000000180025095e-35 2 1.0000000180025095e-35 1.0000000180025095e-35 3 1.0000000180025095e-35 4 6.5000000000000009 20.500000000000004 5 9.5000000000000018 6 7 8 1.0000000180025095e-35 75.000000000000014 8.5000000000000018 8.5000000000000018 9 1.0000000180025095e-35 10 15.500000000000002 11 12 13 1.0000000180025095e-35
decision_type=9 2 2 9 2 9 2 2 9 2 1 2 2 9 2 9 9 9 2 2 2 2 9 2 9 2 9 1 9 2
left_child=1 7 3 17 5 9 -6 8 12 -5 21 -9 -1 20 15 16 -12 18 -2 -13 -4 26 25 24 -24 -23 -7 -26 29 -28
right_child=2 -3 13 4 6 10 -8 11 -10 -11 14 19 -14 -15 -16 -17 -18 -19 -20 -21 -22 22 23 -25 27 -27 28 -29 -30 -31
leaf_value=0.024479278454417587 -0.0091928065022102001 0.045354191702186498 -0.037442774834718646 0.045821111025941164 -0.03508999934974355 -0.045974674332611196 0.017358067282664813 0.011350401546703583 0.0062612811672183777 0.0024506246748665448 0.0010490918022414005 0.033026550601206101 -0.024809729495262722 -0.053669468810207101 -0.0089748082638741004 -0.02525851331352684 -0.023380321616139278 -0.042085373491586885 -0.054026507596278861 -0.023419921560592742 0.019059372115681324 -0.014697432898154689 0.026325987506375756 0.010373138288077489 -0.0053490727742887528 -0.037969547605691295 -0.029381266236329879 -0.03874819381143374 0.0019325750103895937 0.0078935097707928861
leaf_weight=7948.6268406810705 2578.9649662870797 6820.3685495361569 766.62338209396694 904.23480985034257 1077.8163116251235 540.60238941968419 8523.7934355124598 2018.4781536017545 123980.57085038786 21354.858896260208 4524.9732843361562 324.47497591562569 609.09590208285954 3619.2824525059259 20639.492145116936 14974.502462391276 3009.8664347107697 4163.3452161221649 625.37212245800765 4948.772170254786 485.41794170788489 10122.839419649768 861.2765323308995 6531.0475972796557 1864.3167239839677 3258.1653272464173 2592.0324068352929 1766.6060802789289 20196.252849559183 1698.3382504447363
leaf_count=17145 38669 26585 12941 2095 47857 2588 19053 7554 249447 71073 33444 2280 4404 212874 367839 228815 29663 138222 25437 78062 5815 104996 4489 42395 15437 75033 19295 19542 82229 5493
internal_value=0 0.00806562 -0.00865393 -0.00734877 -0.00590942 -0.00736297 0.0114685 0.00624721 0.00721153 0.00421179 -0.0101453 -0.0112795 0.0209448 -0.0439816 -0.0145879 -0.0197406 -0.00872777 -0.0316059 -0.0178955 -0.0199429 -0.0154109 -0.00626502 -0.0106826 0.00107034 -0.0124508 -0.0203504 -0.00195954 -0.0216655 -0.000967502 -0.0145917
internal_weight=283330 146650 136680 131809 124441 114839 9601.61 139830 132538 22259.1 92580.3 7291.73 8557.72 4871.32 43148.8 22509.3 7534.84 7367.68 3204.34 5273.25 1252.04 49431.5 24404.3 11023.2 4492.2 13381 25027.2 3630.92 24486.6 4290.37
internal_count=1990771 385477 1605294 1373664 1171336 1104426 66910 358892 270996 73168 1031258 87896 21549 231630 659761 291922 63107 202328 64106 80342 18756 371497 261892 81863 39468 180029 109605 34979 107017 24788
cat_boundaries=0 39 79 113 137 138 176 200 201 212 251 285 319 320 358
cat_threshold=0 0 4 0 20480 0 0 0 0 131072 0 0 0 0 0 0 0 0 0 0 0 0 0 224 0 0 0 0 0 0 0 0 0 41943040 4194304 0 0 0 2147483648 8192 0 0 0 0 0 0 0 0 0 8388608 0 0 0 0 0 0 0 0 0 0 0 0 0 0 0 0 0 0 0 0 0 0 0 0 0 16 0 0 262144 0 0 4096 0 0 8388608 0 0 0 0 0 0 0 0 0 0 0 0 0 0 0 0 0 0 0 0 0 0 0 0 0 0 0 65536 0 0 0 0 4096 0 0 0 0 0 0 0 0 0 0 0 0 0 0 0 0 0 0 64 3075 0 0 0 0 0 0 0 0 0 0 0 0 0 0 0 0 0 0 0 0 0 0 0 0 0 0 0 0 0 0 0 0 0 0 512 512 0 1 0 0 0 0 0 0 0 0 0 0 0 0 0 0 0 0 0 0 0 0 0 0 0 96 524288 0 0 4 0 4096 0 0 0 0 131072 8388608 0 0 0 0 0 0 0 0 0 0 0 0 0 0 0 0 0 0 0 0 0 0 0 0 0 0 0 0 0 0 0 0 0 1073741824 0 0 1 0 33280 0 0 0 0 0 0 0 0 0 0 0 0 0 0 0 0 0 0 0 0 0 0 0 0 0 0 0 0 0 0 0 0 0 32768 0 0 0 0 0 0 0 0 0 0 0 0 0 128 0 0 0 0 0 0 0 0 0 0 0 0 0 0 0 0 0 0 0 32768 1025 0 0 0 0 0 0 0 0 0 0 0 0 0 0 0 0 0 0 0 0 0 0 0 0 0 0 0 0 0 0 0 0 0 0 0 512 0 8192
is_linear=0
shrinkage=0.05


Tree=25
num_leaves=31
num_cat=12
split_feature=202 175 229 166 170 166 201 236 170 166 166 170 222 166 179 179 167 99 170 228 179 179 99 179 220 179 169 179 166 182
split_gain=7161.5 3872.9 2330.28 1428.65 1705.51 917.333 779.294 765.008 720.972 587.339 551.178 541.555 1324.54 563.463 528.159 526.761 521.094 505.828 506.865 494.693 480.778 441.454 423.812 443.847 418.435 400.988 393.091 354.333 347.494 408.482
threshold=0 1.0000000180025095e-35 1.0000000180025095e-35 1 2 3 1.0000000180025095e-35 1.0000000180025095e-35 4 5 6 7 1.0000000180025095e-35 8 6.5000000000000009 14.500000000000002 9 1.5000000000000002 10 1.0000000180025095e-35 21.500000000000004 10.500000000000002 2.5000000000000004 19.500000000000004 135.00000000000003 18.500000000000004 4.5000000000000009 8.5000000000000018 11 1.0000000180025095e-35
decision_type=1 2 2 9 9 9 2 2 9 9 9 9 2 9 2 2 9 2 9 2 2 2 2 2 2 2 2 2 9 2
left_child=1 7 3 4 25 17 28 8 19 -10 27 12 -7 15 -9 -13 -11 18 21 20 -1 -5 23 -16 -15 -2 -8 -4 29 -6
right_child=2 -3 10 5 6 11 26 14 9 16 -12 13 -14 24 22 -17 -18 -19 -20 -21 -22 -23 -24 -25 -26 -27 -28 -29 -30 -31
leaf_value=0.02532857041846498 -0.04033878672192176 0.044525768623571743 -0.035686228849679431 0.018913455369102036 0.019023609280492248 0.0061750186437183711 0.029549019134268537 0.010901397111124297 -0.038653398080685381 0.043992930225344888 -0.052334169105557604 -0.0031089968099558868 -0.057627779003198237 -0.016611293146128071 -0.006797590721676368 -0.022731332365548598 0.0050114105793116169 -0.050324753467895257 -0.036374817756617002 -0.040319172128786759 -0.028269664306225531 -0.027977993758232581 -0.053979888533815225 -0.051412320600810461 0.0574961997430328 0.027904591645944443 -0.014590149561907476 0.018375894529477514 -0.0022621655129073832 -0.012186690533365994
leaf_weight=7731.4580736656208 2827.3103779506637 6481.2518573544803 749.88695023866603 1124.0493352620397 4419.7844338961877 9166.3168931609835 3771.9388104986865 2014.2646597756539 755.71057206642581 852.4258588317316 3786.3963195264514 20901.648432209156 892.15177090029465 34176.20668574248 3782.6635091532371 4089.150031758938 142085.29092614545 2078.0642379611963 2283.2971665557125 326.15734965680167 441.8381140306592 906.02076510398183 751.31427208182868 653.4594616094837 191.03945993282832 232.55552060325863 581.79478071082849 507.91245886310935 20415.664946099132 1373.7458003450884
leaf_count=15058 60092 26585 13002 9124 10719 51126 6518 7554 23101 2067 218464 118165 45358 529258 44665 67362 318824 70862 76960 3185 3306 22281 14592 21085 678 6578 11954 5899 178219 8130
internal_value=0 0.00663857 -0.00961911 -0.00808818 0.000491592 -0.0118921 0.00405911 0.00509827 0.0058518 0.00501341 -0.0428457 -0.0102193 0.000512339 -0.0120377 -0.0108248 -0.00631779 0.00524713 -0.0300125 -0.0202904 0.0199947 0.022429 -0.00200362 -0.0192621 -0.0133757 -0.0161937 -0.0350323 0.0236485 -0.0137436 0.000805995 0.0116018
internal_weight=280351 165876 114475 109431 33622.8 75807.9 30562.9 159395 152193 143693 5044.2 69416.5 10058.5 59358 7201.7 24990.8 142938 6391.43 4313.37 8499.45 8173.3 2030.07 5187.44 4436.12 34367.2 3059.87 4353.73 1257.8 26209.2 5793.53
internal_count=1990771 480022 1510749 1273384 282210 991174 215540 453437 365541 343992 237365 811947 96484 715463 87896 185527 320891 179227 108365 21549 18364 31405 80342 65750 529936 66670 18472 18901 197068 18849
cat_boundaries=0 1 40 64 104 128 139 178 202 241 247 258 297
cat_threshold=199 32 0 0 0 16384 0 0 0 0 0 0 0 0 0 0 0 0 0 0 0 0 0 0 0 0 0 0 0 0 0 0 0 0 1082130432 4194816 512 0 1 2147483648 0 0 0 0 16384 0 0 0 0 131072 8388608 0 0 0 0 0 0 0 0 0 0 0 0 32 8192 0 0 0 0 0 0 0 0 0 0 0 0 0 0 0 0 0 0 0 0 0 0 0 0 0 0 0 0 0 0 0 0 0 0 0 16 0 0 262144 0 0 0 0 4096 0 0 0 0 0 0 0 0 0 0 0 0 0 0 0 0 0 0 64 0 0 0 0 0 0 0 0 0 0 8388608 0 0 0 0 0 0 0 0 0 0 0 0 0 0 0 0 0 0 0 0 0 0 0 0 0 0 0 0 0 0 0 0 0 0 4194816 512 0 1 2147483648 0 0 0 0 0 0 0 0 0 0 0 0 0 0 0 0 0 0 0 0 0 0 0 160 0 0 0 0 0 0 0 0 0 0 0 0 0 0 0 0 0 0 0 0 0 0 0 0 0 0 0 0 0 0 0 0 0 0 0 0 1 8192 32768 0 0 0 0 0 8388608 0 0 4 0 4096 0 0 0 0 131072 8388608 0 0 0 0 16384 0 0 0 0 0 0 0 0 0 0 0 0 0 0 0 0 0 0 0 0 0 0 0 0 0 0 0 0 8388608 4194304 0 0 0 2147483648
is_linear=0
shrinkage=0.05


Tree=26
num_leaves=31
num_cat=9
split_feature=166 175 229 166 201 202 169 236 167 186 170 99 170 179 217 182 210 166 170 182 167 179 175 179 228 179 179 99 179 196
split_gain=6599.97 3413.82 2540.55 1556.08 1209.13 1275.12 1050.89 768.483 701.977 704.025 581.329 520.032 518.88 490.511 463.238 628.925 1084.11 666.402 457.33 449.54 424.795 421.741 416.147 428.129 406.855 406.735 404.082 383.356 430.574 342.391
threshold=0 1.0000000180025095e-35 1.0000000180025095e-35 1 1.0000000180025095e-35 2 4.5000000000000009 1.0000000180025095e-35 3 1.0000000180025095e-35 4 1.5000000000000002 5 6.5000000000000009 7.5000000000000009 1.0000000180025095e-35 1.0000000180025095e-35 6 7 1.0000000180025095e-35 8 21.500000000000004 1.0000000180025095e-35 9.5000000000000018 1.0000000180025095e-35 10.500000000000002 10.500000000000002 2.5000000000000004 10.500000000000002 1.0000000180025095e-35
decision_type=9 2 2 9 2 1 2 2 9 2 9 2 9 2 2 2 2 9 9 2 9 2 2 2 2 2 2 2 2 2
left_child=1 7 3 11 5 8 -6 10 -5 14 21 12 25 -9 15 16 20 -17 -7 -16 -10 24 23 -20 -1 -2 -19 28 -15 -8
right_child=2 -3 -4 4 6 18 29 13 9 -11 -12 -13 -14 27 19 17 -18 26 22 -21 -22 -23 -24 -25 -26 -27 -28 -29 -30 -31
leaf_value=0.024017657536033989 0.018091499734199729 0.043679638893483044 -0.046333958724189224 0.042983813064507277 0.01947531629310183 -0.038619671064526323 -0.049360788452188747 0.010543458111880101 -0.016238841670371467 0.0052665972820955401 0.0056558126483339608 -0.050119742355840241 -0.034892188709126797 0.0097414220595172657 -0.014441734132861012 -0.0059501011606916138 -0.0440680414904542 -0.016300118034619646 -0.021004143604976214 0.01734143408094679 0.00073201281137361552 -0.028190714330723898 -0.0029883830452896087 -0.0095450173293832128 -0.03728878820783818 -0.026981496805759803 -0.041318912371717809 -0.05263053429522762 -0.023796242602478684 -0.0022854896727978759
leaf_weight=7713.770852626767 1151.700231081224 6162.0266882491414 4226.8144030657277 820.06465906696394 7627.5915003288537 1765.3943677043426 769.35722891258774 2015.6171843116172 4346.6581014202675 17649.125187238446 125445.1961693971 2189.6473701134091 2720.4042844783689 1406.6231645588996 1601.9293095581234 6460.8224451820133 1608.5899871446891 3250.9798592806328 16275.439139797876 3638.0640639148187 23982.919134548429 443.63037483324297 8759.1865591951355 16335.903835486606 279.96973600861384 884.41126569005428 3208.3745416595775 711.15130812558345 2990.9855409801239 775.76010413258336
leaf_count=15058 9124 26585 227932 2067 16200 77493 44802 7554 25547 52714 270116 77521 93402 11275 10751 58265 20495 25081 231472 9799 139451 3772 68344 291404 2719 22281 74572 14592 54475 5908
internal_value=0 0.00725206 -0.00820665 -0.00692626 -0.00557996 -0.0070386 0.0118579 0.0056605 -0.0026974 -0.00327403 0.00651202 -0.0299128 -0.0206681 -0.01034 -0.00640872 -0.00812453 -0.00414518 -0.0173444 -0.0137339 0.00762353 -0.00187739 0.0192108 -0.0126623 -0.0152643 0.0218677 -0.00147864 -0.0286856 -0.0185806 -0.0130678 -0.0257372
internal_weight=277218 147169 130049 125822 118876 109703 9172.71 141007 66567.5 65747.5 133883 6946.16 4756.52 7124.38 48098.3 42858.3 29938.2 12920.2 43135.9 5239.99 28329.6 8437.37 41370.5 32611.3 7993.74 2036.11 6459.35 5108.76 4397.61 1545.12
internal_count=1990771 406146 1584625 1356693 1154365 1087455 66910 379561 418742 416675 291665 202328 124807 87896 363961 343411 185493 157918 668713 20550 164998 21549 591220 522876 17777 31405 99653 80342 65750 50710
cat_boundaries=0 39 79 80 86 110 121 159 170 204
cat_threshold=0 0 4 0 20480 0 0 0 0 131072 0 0 0 0 0 0 0 0 0 0 0 0 0 224 0 0 0 0 0 0 0 0 0 41943040 4194304 512 0 0 2147483648 8192 0 0 0 0 0 0 0 0 0 8388608 0 0 0 0 0 0 0 0 0 0 0 0 0 0 0 0 0 0 0 0 0 0 0 0 0 16 0 0 262144 3074 0 0 0 0 0 8388608 0 0 0 0 4096 0 0 0 0 0 0 0 0 0 0 0 0 0 0 0 0 0 0 64 0 0 4 0 4096 0 0 0 0 131072 8388608 0 0 0 0 0 0 0 0 0 0 0 0 0 0 0 0 0 0 0 0 0 0 0 0 0 0 0 0 0 0 0 0 0 1073741824 512 0 0 8193 0 0 0 0 16384 0 0 0 0 131072 8388608 0 0 0 0 0 0 0 0 0 0 0 0 0 128 0 0 0 0 0 0 0 0 0 0 0 0 0 0 0 0 0 0 0 81920
is_linear=0
shrinkage=0.05


Tree=27
num_leaves=31
num_cat=7
split_feature=166 175 229 166 201 165 169 167 236 179 170 187 166 99 170 175 99 233 204 201 179 179 228 99 179 179 179 196 228 168
split_gain=6198.53 3115.96 2000.32 1415.46 1160.11 1070.23 945.963 670.031 617.559 585.402 561.94 531.831 519.923 504.131 495.095 460.395 405.926 477.891 427.852 383.454 370.829 361.34 347.638 344.97 403.472 341.152 321.284 315.799 302.655 366.965
threshold=0 1.0000000180025095e-35 1.0000000180025095e-35 1 1.0000000180025095e-35 2 4.5000000000000009 3 1.0000000180025095e-35 6.5000000000000009 4 1.0000000180025095e-35 5 1.5000000000000002 6 1.0000000180025095e-35 2.5000000000000004 1.0000000180025095e-35 1.0000000180025095e-35 1.0000000180025095e-35 6.5000000000000009 19.500000000000004 1.0000000180025095e-35 2.5000000000000004 10.500000000000002 18.500000000000004 9.5000000000000018 1.0000000180025095e-35 1.0000000180025095e-35 4.5000000000000009
decision_type=9 2 2 9 2 1 2 9 2 2 9 2 9 2 9 2 2 2 2 2 2 2 2 2 2 2 2 2 2 2
left_child=1 8 3 13 5 7 -6 -5 10 -10 21 -9 -4 14 19 16 17 18 26 25 -18 22 -1 24 -11 -2 -7 -8 29 -12
right_child=2 -3 12 4 6 15 27 11 9 23 28 -13 -14 -15 -16 -17 20 -19 -20 -21 -22 -23 -24 -25 -26 -27 -28 -29 -30 -31
leaf_value=0.024200297378509431 0.015595940889569313 0.042863513711893918 -0.016014134621382802 0.042028638730900215 0.018847443499094455 -0.026332786085481414 -0.048438587583061042 -0.0062599128226046618 0.013623116856881126 0.0089824608795489695 0.0056187530709690542 0.0038923006588541288 -0.053633857261176344 -0.049399242624648232 -0.03410930289361902 -0.0044186805536437146 -0.021593781147961823 0.010094683999539607 -0.043008924782847874 -0.05154171634549342 0.0078089648723933466 -0.014962622051780573 -0.03474560481990633 -0.051283245193700158 -0.023570517685691544 -0.058903141395459803 -0.013194379288408204 -0.0024251870372039375 0.032109547332639377 -0.021279500919754203
leaf_weight=7357.5237609309843 1540.232679505134 5862.807084496395 1391.130898307485 789.44425205048174 7592.6346255121753 8948.3966240965237 721.82341661391547 57474.142278597676 2062.2625897228718 1419.5391047903104 120248.04250330845 16632.38945626677 2877.0445754181274 2095.7830589924124 2632.7366147654539 9288.0498998447438 1758.9956838788057 1232.6947859990178 2159.7582389876479 318.54634072986664 2745.1317450984207 715.1585242083529 258.43588683172129 674.73085224430542 2886.1819652168779 170.18260480969911 9702.451699768164 771.43011454795487 1064.3200791613199 1280.9503319354262
leaf_count=14007 11499 26585 35062 2067 16200 150023 44802 453760 7554 11275 241597 50120 196568 77521 93402 83621 29059 17226 63004 13787 37409 4962 2580 14592 54475 6119 218137 5908 2452 5398
internal_value=0 0.00716377 -0.00787476 -0.00673997 -0.00548217 -0.00689198 0.0116923 -0.00348989 0.00564707 -0.00877538 0.00642296 -0.00398075 -0.0415401 -0.0289883 -0.0198689 -0.0139972 -0.0173533 -0.0201481 -0.0219399 -0.0012105 -0.00367369 0.0189833 0.0221973 -0.0180514 -0.0128373 0.00816547 -0.0194988 -0.0246797 0.00556727 0.00533511
internal_weight=274673 143830 130843 126575 119817 110731 9085.89 74896 137967 7042.71 130924 74106.5 4268.18 6757.48 4661.7 35835.5 26547.4 22043.3 20810.6 2028.96 4504.13 8331.12 7615.96 4980.45 4305.72 1710.42 18650.8 1493.25 122593 121529
internal_count=1990771 385477 1605294 1373664 1171336 1104426 66910 505947 358892 87896 270996 503880 231630 202328 124807 598479 514858 448390 431164 31405 66468 21549 16587 80342 65750 17618 368160 50710 249447 246995
cat_boundaries=0 39 79 80 86 110 150 161
cat_threshold=0 0 4 0 20480 0 0 0 0 131072 0 0 0 0 0 0 0 0 0 0 0 0 0 224 0 0 0 0 0 0 0 0 0 41943040 4194304 0 0 0 2147483648 8192 0 0 0 0 0 0 0 0 0 8388608 0 0 0 0 0 0 0 0 0 0 0 0 0 0 0 0 0 0 0 0 0 0 0 0 0 16 0 0 262144 9344 0 0 0 0 0 8388608 0 0 0 0 4096 0 0 0 0 0 0 0 0 0 0 0 0 0 0 0 0 0 0 64 0 0 0 0 0 0 0 0 0 0 0 0 0 0 0 0 0 0 0 0 0 0 0 0 0 0 0 0 0 0 0 0 0 0 512 512 0 1 0 262144 0 0 4 0 4096 0 0 0 0 131072 8388608
is_linear=0
shrinkage=0.05


Tree=28
num_leaves=31
num_cat=15
split_feature=166 175 229 166 176 202 173 167 170 182 166 228 187 217 182 170 170 179 166 166 166 220 179 166 167 170 166 175 179 229
split_gain=5724.03 2875.28 1855.62 1274.11 953.335 1296.93 694.645 603.412 568.905 526.78 505.74 477.8 430.153 411.742 380.968 372.907 369.815 361.244 669.378 660.904 353.556 344.264 334.552 324.901 437.414 323.798 322.935 318.722 401.905 304.176
threshold=0 1.0000000180025095e-35 1.0000000180025095e-35 1 1.0000000180025095e-35 2 1.0000000180025095e-35 3 4 1.0000000180025095e-35 5 1.0000000180025095e-35 1.0000000180025095e-35 7.5000000000000009 1.0000000180025095e-35 6 7 7.5000000000000009 8 9 10 135.00000000000003 8.5000000000000018 11 12 13 14 1.0000000180025095e-35 9.5000000000000018 1.0000000180025095e-35
decision_type=9 2 2 9 2 1 2 9 9 2 9 2 2 2 2 9 9 2 9 9 9 2 2 9 9 9 9 2 2 2
left_child=1 8 3 16 5 15 9 -7 11 -6 22 14 13 17 -1 -5 -2 19 -19 -9 -21 27 -4 -20 -25 -8 -11 28 -17 -10
right_child=2 -3 10 4 6 7 25 12 29 26 -12 -13 -14 -15 -16 21 -18 18 23 20 -22 -23 -24 24 -26 -27 -28 -29 -30 -31
leaf_value=0.050227485621479398 -0.048763638723722108 0.042054858593219432 -0.034375115314694255 -0.040406479156472455 0.0005883188611145886 0.041126678293295832 0.010800018287224281 0.0064139882295827138 0.00512886022058439 0.03404585269197339 -0.051467732490208508 -0.035158510456487109 0.0036554576324752709 0.0077468208269926208 0.0094428244002824763 -0.022768179273556802 -0.021065787818632848 -0.022426624489820867 -0.010958979174913688 -0.034472237446033935 -0.0075959757814994984 0.054788075828105888 0.02183464330138133 -0.042734442460579072 0.0063672203848795699 -0.045018588655840831 0.010532545021060151 -0.0050419807766113331 -0.010628418853149234 -0.040219199132316114
leaf_weight=1542.2024175425759 1613.2206089988176 5586.2006499081908 648.61518978240201 1335.2284135320806 5980.6804374850763 759.93849441071507 370.92301509086974 10702.706394133158 134332.73109882674 2772.3674563565291 2977.6258934601065 268.11927302519325 16475.211371416808 5175.0367902395665 911.4889564611949 13089.540434972179 4999.2878491623851 8598.6264254407724 10443.04437340243 1436.4798601716175 8090.50597295021 182.93252697656862 446.46880226663779 476.99028909252957 6519.9482509306399 857.19362297229236 3141.3021256858483 7903.7019898974686 14236.91940328831 370.28567695082165
leaf_count=3758 76074 26585 12941 81848 32808 2067 6161 40100 343145 3924 212874 3185 50120 20550 3069 216246 126254 127649 107518 13118 34347 678 5815 3879 45317 46592 5669 62122 270623 5735
internal_value=0 0.00689176 -0.00762637 -0.00654605 -0.00535254 -0.0069349 0.00735561 -0.00287639 0.00546273 0.0110527 -0.0408391 0.0280545 -0.00337509 -0.00562746 0.035084 -0.0145148 -0.0278904 -0.00712352 -0.0110177 -0.00211077 -0.0116824 -0.0135267 -0.0113506 -0.0053759 0.00296017 -0.0284368 0.0216339 -0.0138862 -0.0164439 0.00500365
internal_weight=272246 143011 129234 125162 118549 105427 13122.5 68678.5 137425 11894.4 4072.71 2721.81 67918.5 51443.3 2453.69 36748.3 6612.51 46268.3 26038.6 20229.7 9526.99 35413.1 1095.08 17440 6996.94 1228.12 5913.67 35230.2 27326.5 134703
internal_count=1990771 385477 1605294 1373664 1171336 1076182 95154 444665 358892 42401 231630 10012 442598 392478 6827 631517 202328 371928 284363 87565 47465 549669 18756 156714 49196 52753 9593 548991 486869 348880
cat_boundaries=0 39 79 80 86 91 129 140 164 203 242 280 318 352 376 377
cat_threshold=0 0 4 0 20480 0 0 0 0 131072 0 0 0 0 0 0 0 0 0 0 0 0 0 224 0 0 0 0 0 0 0 0 0 41943040 4194304 0 0 0 2147483648 8192 0 0 0 0 0 0 0 0 0 8388608 0 0 0 0 0 0 0 0 0 0 0 0 0 0 0 0 0 0 0 0 0 0 0 0 0 16 0 0 262144 568 0 0 0 0 0 8388608 0 0 0 0 4096 0 0 0 0 0 0 0 0 0 0 0 0 0 0 0 0 0 0 0 0 0 0 0 0 0 0 0 0 0 0 0 0 0 0 512 512 0 1 0 0 0 0 16384 0 0 0 0 131072 8388608 0 0 0 0 16384 0 0 0 0 0 0 0 0 0 0 0 0 0 0 0 0 0 0 224 0 0 0 0 0 0 0 0 0 0 0 0 0 0 0 0 0 0 0 0 0 0 0 0 0 0 0 0 0 0 0 0 0 0 0 0 0 8192 33280 0 0 0 0 0 0 0 0 0 0 0 0 0 0 0 0 0 0 0 0 0 0 0 0 0 0 0 0 0 0 0 0 0 1073741824 0 0 0 1 33280 0 0 0 0 0 0 0 0 0 0 0 0 0 0 0 0 0 0 0 0 0 0 0 0 0 0 0 0 0 0 0 0 0 0 0 512 0 8192 0 0 0 0 0 0 0 0 0 0 0 0 0 0 0 0 0 0 0 0 0 0 0 0 0 0 0 0 0 0 0 0 0 1073741824 0 0 1 1 0 0 0 0 0 0 0 0 0 0 0 0 0 128 0 0 0 0 0 0 0 0 0 0 0 0 0 0 0 0 0 0 0 16384 0 0 4 0 4096 0 0 0 0 0 0 0 0 0 0 0 0 0 0 0 0 0 0 64 32
is_linear=0
shrinkage=0.05


Tree=29
num_leaves=31
num_cat=11
split_feature=166 175 229 166 201 186 169 167 217 170 182 170 202 233 182 231 173 170 201 170 179 170 179 213 230 166 194 166 179 182
split_gain=5210.45 2696.67 2024.31 1185.84 1115.56 1106.27 853.098 757.018 610.633 553.689 546.564 480.534 424.533 726.092 890.829 454.893 461.176 1012.18 387.523 398.547 386.965 347.556 328.56 741.398 548.653 744.294 510.738 341.706 419.215 311.349
threshold=0 1.0000000180025095e-35 1.0000000180025095e-35 1 1.0000000180025095e-35 1.0000000180025095e-35 4.5000000000000009 2 6.5000000000000009 3 1.0000000180025095e-35 4 5 1.0000000180025095e-35 1.0000000180025095e-35 1.0000000180025095e-35 1.0000000180025095e-35 6 1.0000000180025095e-35 7 17.500000000000004 8 6.5000000000000009 1.0000000180025095e-35 1.0000000180025095e-35 9 1.0000000180025095e-35 10 14.500000000000002 1.0000000180025095e-35
decision_type=9 2 2 9 2 2 2 9 2 9 2 9 1 2 2 2 2 9 2 9 2 9 2 2 2 9 2 9 2 2
left_child=1 9 3 18 5 7 -6 -5 11 -1 -10 -9 13 -13 -15 16 21 -18 19 -2 -17 29 23 24 25 26 -23 28 -24 -14
right_child=2 -3 -4 4 6 -7 -8 8 10 -11 -12 12 15 14 -16 20 17 -19 -20 -21 -22 22 27 -25 -26 -27 -28 -29 -30 -31
leaf_value=0.027728518803860458 -0.0069832539111950838 0.041263345998287078 -0.046274486225573758 0.040660697392845405 0.018630681476073999 0.0048005788076834408 -0.023489274103077395 -0.037282861256639974 -0.016000510603542146 0.0046002273052035024 0.016262363320811143 -0.032388567478471235 -0.014640936892645321 0.034944107216132579 -0.047736906453404365 -0.053344392109489748 0.016640049824786632 -0.051602246050478598 -0.054687755295966527 -0.034455829090703625 -0.0086051761712008217 -0.027305921620327675 -0.013059566884251495 0.0056952993156938157 0.031714176706778417 -0.024147854532639297 0.019144144397660028 -0.0079780982821492999 -0.035602953481081882 0.025225213131744997
leaf_weight=2627.3654738184996 2456.1808864158811 5328.0451626438589 3294.7962806779833 748.07519291481003 7355.0794256865047 17158.409452618682 1436.4840573760448 1655.0680226665281 1937.8257789021591 139149.7484556323 4066.4261450096383 4684.1328678098798 733.81930811470374 992.37306373997126 484.35864125099033 1056.1130249570124 801.16116918635089 1668.2398727332184 1085.680568067939 2891.9131410618138 891.76531391139724 827.89532489405246 9788.3250119263539 11245.957904578827 653.37587873917073 7192.0890017883066 2071.192668169213 31271.867133468055 2613.214811765356 1469.7410217862343
leaf_count=10012 38669 26585 220730 2095 16200 52714 50710 77493 15296 391417 13215 96731 7071 6910 13440 56021 7040 85731 53734 109925 15610 9680 104951 38110 4492 64542 8818 313028 70690 9111
internal_value=0 0.00634328 -0.00761532 -0.00654748 -0.00535448 -0.00680059 0.011747 -0.00909256 -0.00952872 0.00503124 0.00584847 -0.0106827 -0.0101151 -0.0227144 0.0078149 -0.00903803 -0.00837897 -0.0296027 -0.0274106 -0.0219189 -0.0328722 -0.00760644 -0.00826151 -0.00327804 -0.0126704 -0.0155461 0.00585502 -0.0107725 -0.0177971 0.0118926
internal_weight=269637 147105 122532 119237 112803 104011 8791.56 86853 86104.9 141777 6004.25 80100.7 78445.6 6160.86 1476.73 72284.8 70336.9 2469.4 6433.77 5348.09 1947.88 67867.5 65663.9 21990.5 10744.6 10091.2 2899.09 43673.4 12401.5 2203.56
internal_count=1990771 428014 1562757 1342027 1139699 1072789 66910 1020075 1017980 401429 28511 989469 911976 117081 20350 794895 723264 92771 202328 148594 71631 630493 614311 125642 87532 83040 18498 488669 175641 16182
cat_boundaries=0 39 79 85 90 101 102 107 118 142 143 182
cat_threshold=0 0 4 0 20480 0 0 0 0 131072 0 0 0 0 0 0 0 0 0 0 0 0 0 224 0 0 0 0 0 0 0 0 0 41943040 4194816 512 0 0 2147483648 8192 0 0 0 0 0 0 0 0 0 8388608 0 0 0 0 0 0 0 0 0 0 0 0 0 0 0 0 0 0 0 0 0 0 0 0 0 16 0 0 262144 0 0 4096 0 0 8388608 0 0 0 0 4096 0 0 0 0 16384 0 0 0 0 131072 8388608 2560 0 0 4 0 4096 0 0 4 0 4096 0 0 0 0 131072 8388608 0 0 0 0 0 0 0 0 0 0 0 0 0 0 0 0 0 0 0 0 0 0 0 128 524288 524288 0 0 0 0 0 0 0 0 0 0 0 0 0 0 0 0 0 0 0 0 0 0 0 0 0 0 0 0 0 0 0 0 0 0 0 0 0 33280
is_linear=0
shrinkage=0.05


Tree=30
num_leaves=31
num_cat=9
split_feature=166 175 229 166 201 186 169 236 167 217 166 99 170 182 170 176 179 231 202 173 170 229 179 228 220 179 99 171 170 196
split_gain=4769.15 2480.07 1544.11 1101.8 1060.31 983.251 774.982 697.234 689.412 519.532 518.306 494.379 479.852 454.64 449.437 442.768 420.272 393.638 402.711 398.719 939.212 376.493 363.722 365.208 360.01 353.233 336.663 329.702 313.775 310.556
threshold=0 1.0000000180025095e-35 1.0000000180025095e-35 1 1.0000000180025095e-35 1.0000000180025095e-35 4.5000000000000009 1.0000000180025095e-35 2 6.5000000000000009 3 1.5000000000000002 4 1.0000000180025095e-35 5 1.0000000180025095e-35 6.5000000000000009 1.0000000180025095e-35 6 1.0000000180025095e-35 7 1.0000000180025095e-35 20.500000000000004 1.0000000180025095e-35 135.00000000000003 14.500000000000002 2.5000000000000004 75.000000000000014 8 1.0000000180025095e-35
decision_type=9 2 2 9 2 2 2 2 9 2 9 2 9 2 9 2 2 2 1 2 9 2 2 2 2 2 2 2 9 2
left_child=1 7 3 11 5 8 -6 12 -5 14 -4 15 22 -11 -10 28 -9 18 24 29 -21 -14 23 -1 -16 -19 -7 -18 -2 -20
right_child=2 -3 10 4 6 26 -8 16 9 13 -12 -13 21 -15 17 -17 27 25 19 20 -22 -23 -24 -25 -26 -27 -28 -29 -30 -31
leaf_value=0.022514352435512405 0.0082278327003305514 0.040473649912094845 -0.001214295819871123 0.03969252967918814 0.018106210154013851 0.0021832205999762809 -0.022332255587403888 0.0082806190536152419 -0.036270921861378737 -0.01528000923224887 -0.050312102685432569 -0.047986308448212361 0.0051834581140924769 0.014358579631048016 -0.023677682597284155 0.016036969828886395 0.028943739920847741 -0.058344956548187221 -0.0079260107905260342 0.015484491041685734 -0.050412263637652437 -0.031391274320462029 -0.021991854722120303 -0.036662123199016287 0.048192369731334644 -0.014173449267014755 0.026355632240882568 -0.021642761195734161 -0.031605651852398352 0.011060111902680067
leaf_weight=7282.8526307361899 593.89157950133085 5084.1740552335687 682.30290020944085 720.74778936360963 7334.2603757539764 15503.833307253546 1412.5006866063923 2141.9666044623591 1604.0706250974035 1881.8637861966854 2695.8074682543956 1902.5447286118579 123161.63860230433 4137.6968124640989 5822.6565597135632 805.0113956569694 345.38452690606937 765.93051166730584 67112.76195484279 817.68208384976606 1577.8065370002587 707.12839265365619 541.90090523473918 269.90529424295528 179.12214851262979 1107.4207790056244 1587.5866465880536 4682.3915805203142 2961.9008285028685 2224.5871177767403
leaf_count=14501 8809 26585 11554 2095 16200 48463 50710 7554 77493 15296 212874 77521 258378 13215 116403 15881 2280 47040 631282 7040 85731 12937 4404 2644 678 24591 4251 78062 100117 16182
internal_value=0 0.00617445 -0.00721411 -0.00627645 -0.00515059 -0.00654382 0.0115744 0.00492136 -0.0086763 -0.00907974 -0.0405511 -0.0266772 0.00574642 0.00509149 -0.0101313 -0.017436 -0.0102631 -0.00959859 -0.00905375 -0.00800871 -0.0280641 0.0049741 0.0175355 0.0203967 -0.0214923 -0.0322466 0.00442954 -0.0181642 -0.0250167 -0.00731672
internal_weight=267649 144217 123432 120054 113791 105044 8746.76 139133 87952.3 87231.6 3378.11 6263.35 131963 6019.56 81212 4360.8 7169.74 79608 77734.6 71732.8 2395.49 123869 8094.66 7552.76 6001.78 1873.35 17091.4 5027.78 3555.79 69337.3
internal_count=1990771 407345 1583426 1358998 1156670 1089760 66910 380760 1037046 1034951 224428 202328 292864 28511 1006440 124807 87896 928947 857316 740235 92771 271315 21549 17145 117081 71631 52714 80342 108926 647464
cat_boundaries=0 39 79 85 123 147 158 159 164 169
cat_threshold=0 0 4 0 20480 0 0 0 0 131072 0 0 0 0 0 0 0 0 0 0 0 0 0 224 0 0 0 0 0 0 0 0 0 41943040 4194816 0 0 0 2147483648 8192 0 0 0 0 0 0 0 0 0 8388608 0 0 0 0 0 0 0 0 0 0 0 0 0 0 0 0 0 0 0 0 0 0 0 0 0 16 0 0 262144 0 0 4096 0 0 8388608 0 0 0 0 0 0 0 0 0 0 0 0 0 0 0 0 0 0 0 0 0 0 0 0 0 0 0 0 0 0 0 0 0 0 0 512 0 1 0 0 0 0 4096 0 0 0 0 0 0 0 0 0 0 0 0 0 0 0 0 0 0 64 0 0 0 0 16384 0 0 0 0 131072 8388608 2560 0 0 4 0 4096 0 0 4 0 4096
is_linear=0
shrinkage=0.05


Tree=31
num_leaves=31
num_cat=4
split_feature=166 178 229 166 201 186 223 182 167 236 217 99 179 176 166 179 173 200 171 187 233 204 231 179 197 179 199 173 171 223
split_gain=4402.34 1929.46 1773.16 992.496 1022.1 977.366 692.576 657.023 638.226 633.982 510.719 466.544 401.307 374.568 369.544 786.88 355.471 325.048 329.193 300.918 290.738 599.955 290.826 324.349 279.729 281.877 278.519 274.205 700.357 350.622
threshold=0 1.0000000180025095e-35 1.0000000180025095e-35 1 1.0000000180025095e-35 1.0000000180025095e-35 1.0000000180025095e-35 1.0000000180025095e-35 2 1.0000000180025095e-35 7.5000000000000009 1.5000000000000002 19.500000000000004 1.0000000180025095e-35 3 12.500000000000002 1.0000000180025095e-35 1.0000000180025095e-35 75.000000000000014 35.000000000000007 1.0000000180025095e-35 1.0000000180025095e-35 1.0000000180025095e-35 14.500000000000002 1.0000000180025095e-35 18.500000000000004 1.0000000180025095e-35 1.0000000180025095e-35 205.00000000000003 1.0000000180025095e-35
decision_type=9 2 2 9 2 2 2 2 9 2 2 2 2 2 9 2 2 2 2 2 2 2 2 2 2 2 2 2 2 2
left_child=1 7 3 11 5 8 -6 -1 -5 17 14 13 16 -2 15 -10 -11 18 26 -7 21 22 24 -24 27 -26 -3 29 -29 -16
right_child=2 9 -4 4 6 19 -8 -9 10 12 -12 -13 -14 -15 20 -17 -18 -19 -20 -21 -22 -23 23 -25 25 -27 -28 28 -30 -31
leaf_value=0.038074925183195898 -0.023992285306284375 0.0046001911145422776 -0.045022972079722751 0.038773363583227721 -0.029838384629121435 0.019210569789232298 0.016205175979902751 0.011665343858730748 -0.00072409317266160711 -0.012870621950113374 0.0060417360953565966 -0.047063826072829336 -0.049687437211125694 0.013680893166350953 -0.010652697025829619 -0.023146914308795705 0.015461756202490396 0.017567645421389229 -0.043550774929116201 0.0014879717311443606 0.0098319322892570418 -0.038826832617520103 -0.057703618207606402 -0.014344744967852397 -0.045919783196656183 0.010105677859881998 0.048158619634250173 -0.043368685255675152 0.019046392265690187 0.0095366737282668729
leaf_weight=5781.6443226362753 3446.0802267514227 123126.1385666698 3004.1999445370748 694.26131957420148 911.58926523162518 2883.276311499998 7807.6952623736579 3975.5083967352402 20369.490273912204 5063.4277745861909 5269.728948458971 1813.7190151997493 591.46022051933687 815.47220825101249 42565.723261675084 4842.5111404726922 1416.2335367264168 5022.1439815794583 353.55012946901843 14141.37694502878 1434.2835240220302 2152.8433413030434 716.3337549167918 1085.1228523782338 1037.5889489485708 286.07942194823408 367.6151328496635 1733.2790781399526 606.27887284941971 2264.2583834736142
leaf_count=26888 108926 282957 220730 2095 47857 8391 19053 17845 108337 56007 20550 77521 21098 15881 459840 91142 10791 8984 2437 44323 20350 69366 47040 24591 53040 14206 1007 88616 4720 16182
internal_value=0 0.00583916 -0.00709652 -0.00612203 -0.00504106 -0.00644504 0.0113894 0.0273161 -0.00863385 0.00429794 -0.00902779 -0.0257835 -0.0102782 -0.0167814 -0.0100331 -0.00502946 -0.00667664 0.00509782 0.00459205 0.00449022 -0.0123709 -0.0129806 -0.0118738 -0.0316 -0.0111406 -0.0338082 0.00473009 -0.0105041 -0.0271915 -0.00963277
internal_weight=265579 145698 119881 116877 110802 102082 8719.28 9757.15 85057.8 135941 84363.5 6075.27 7071.12 4261.55 79093.8 25212 6479.66 128869 123847 17024.7 53881.8 52447.5 50294.7 1801.46 48493.2 1323.67 123494 47169.5 2339.56 44830
internal_count=1990771 428014 1562757 1342027 1139699 1072789 66910 44733 1020075 383281 1017980 202328 87896 124807 997430 199479 66798 295385 286401 52714 797951 777601 708235 71631 636604 67246 283964 569358 93336 476022
cat_boundaries=0 39 79 85 124
cat_threshold=0 0 4 0 20480 0 0 0 0 131072 0 0 0 0 0 0 0 0 0 0 0 0 0 224 0 0 0 0 0 0 0 0 0 41943040 4194816 512 0 0 2147483648 8192 0 0 0 0 0 0 0 0 0 8388608 0 0 0 0 0 0 0 0 0 0 0 0 0 0 0 0 0 0 0 0 0 0 0 0 0 16 0 0 262144 0 0 4096 0 0 8388608 0 0 0 0 0 0 0 0 0 0 0 0 0 0 0 0 0 0 0 0 0 0 0 0 0 0 0 0 0 0 0 0 0 1073741824 0 0 1 1 32768
is_linear=0
shrinkage=0.05


Tree=32
num_leaves=31
num_cat=8
split_feature=166 175 229 169 202 182 179 166 166 166 175 193 222 182 166 166 233 178 99 172 228 166 182 179 222 231 228 171 176 179
split_gain=4043.75 2137.14 1370.64 963.196 1234 899.08 579.736 620.506 569.259 470.058 445.484 434.963 412.538 409.255 1196.44 736.801 589.711 555.433 883.761 370.715 553.248 360.592 358.866 347.107 327.62 306.409 262.671 334.591 767.193 817.581
threshold=0 1.0000000180025095e-35 1.0000000180025095e-35 4.5000000000000009 1 1.0000000180025095e-35 15.500000000000002 2 3 4 1.0000000180025095e-35 1.0000000180025095e-35 1.0000000180025095e-35 1.0000000180025095e-35 5 6 1.0000000180025095e-35 1.0000000180025095e-35 1.0000000180025095e-35 175.00000000000003 1.0000000180025095e-35 7 1.0000000180025095e-35 8.5000000000000018 1.5000000000000002 1.0000000180025095e-35 1.0000000180025095e-35 75.000000000000014 1.0000000180025095e-35 6.5000000000000009
decision_type=9 2 2 2 1 2 2 9 9 9 2 2 2 2 9 9 2 2 2 2 2 9 2 2 2 2 2 2 2 2
left_child=1 19 3 4 5 6 11 -8 -7 23 24 -2 -10 15 -15 -6 17 18 -17 26 22 -12 -21 -4 -5 -20 27 -1 29 -29
right_child=2 -3 9 10 13 8 7 -9 12 -11 21 -13 -14 14 -16 16 -18 -19 25 20 -22 -23 -24 -25 -26 -27 -28 28 -30 -31
leaf_value=0.0049161527123349558 -0.019109913507723952 0.039015894348786571 -0.033567668561090093 -0.025406037688165517 -0.024156941930802971 0.029116664030381573 -0.02143549152309937 0.035642058937532549 0.0061255824217227384 -0.049234603103848189 -0.0049547554731329858 -0.0016512891681275108 -0.049253756802908388 -0.00035631625487492338 -0.026014926414169821 -0.031074609396540949 0.034192218902594815 0.00023901808365754033 0.00073677510228604504 0.048144546485601111 -0.039575921563603761 -0.03735802273840693 0.0073315508727974437 0.025971069003739411 0.037124072526934941 -0.055399500574941418 0.029968567906772176 0.011556061843443648 0.011872137616053676 -0.024143482095727978
leaf_weight=119696.86588542868 7317.8342490333889 4681.36506634322 578.23598576622317 9052.9804417899286 4749.9164859958546 2795.1936852253566 698.23507290205453 1457.3485778515169 25492.484273602779 2467.4787771990086 8155.9233229545935 6962.4051749857026 340.26816414610948 8066.3938993317424 10410.961395799444 4329.0386163954536 1025.5949651163537 21780.813239062976 5890.5358904186869 1365.9707407345995 305.67461239773547 950.75762296980247 889.89933877834119 423.70210484974086 213.94932020822307 253.03954029837041 988.4093489756342 2282.8477627020329 4859.3024869740475 5387.8393262003083
leaf_count=244693 54062 26585 12941 312760 73714 14170 13145 7443 85949 212874 76848 68908 25031 78708 250077 61564 6910 132703 68802 3758 3185 25296 3069 5815 1871 15703 2452 7932 10974 82829
internal_value=0 0.00580174 -0.00660297 -0.0057072 -0.0038014 0.00237014 -0.00694988 0.0172164 0.00772196 -0.0375836 -0.0162419 -0.0105986 0.00539291 -0.00872214 -0.0148284 -0.00575727 -0.00312242 -0.00431058 -0.0137728 0.00465682 0.0234965 -0.0083866 0.032052 -0.00830158 -0.0239599 -0.00157885 0.00429443 0.00410237 -0.00367109 -0.0135183
internal_weight=263871 140458 123413 119944 101570 45063.8 16435.8 2155.58 28627.9 3469.42 18373.6 14280.2 25832.8 56506.3 18477.4 38028.9 33279 32253.4 10472.6 135777 2561.54 9106.68 2255.87 1001.94 9266.93 6143.58 133215 132227 12530 7670.69
internal_count=1990771 385477 1605294 1373664 956889 268708 143558 20588 125150 231630 416775 122970 110980 688181 328785 359396 285682 278772 146069 358892 10012 102144 6827 18756 314631 84505 348880 346428 101735 90761
cat_boundaries=0 39 40 78 79 117 155 195 196
cat_threshold=0 0 4 0 20480 0 0 0 0 131072 0 0 0 0 0 0 0 0 0 0 0 0 0 224 0 0 0 0 0 0 0 0 0 41943040 4194304 0 0 0 2147483648 2082 532480 0 0 0 0 0 0 0 0 0 0 0 0 0 0 0 0 0 0 0 0 0 0 0 0 0 0 0 0 0 0 0 0 0 0 0 0 8192 32 0 0 0 0 0 0 0 0 0 0 0 0 0 0 0 0 0 0 0 0 0 0 0 0 0 0 0 0 0 0 0 0 0 0 512 512 0 1 0 0 0 0 0 0 0 0 0 0 0 0 0 0 0 0 0 0 0 0 0 0 0 0 0 0 0 0 0 0 0 0 0 1073741824 512 512 1073741824 1 0 0 0 0 0 0 0 0 0 0 8388608 0 0 0 0 0 0 0 0 0 0 0 0 0 0 0 0 0 0 0 0 0 0 0 0 512 1073741824 0 0 262144 524320
is_linear=0
shrinkage=0.05


Tree=33
num_leaves=31
num_cat=7
split_feature=166 175 229 176 202 173 236 182 167 166 172 179 172 179 187 217 179 166 182 167 200 191 175 99 165 179 233 182 179 231
split_gain=3871.27 1977.23 1646.62 920.827 1160.21 601.589 530.578 465.908 428.049 368.985 426.906 366.835 364.534 353.303 332.192 346.732 313.351 594.764 425.328 416.591 304.514 297.917 287.928 333.884 495.952 406.631 342.184 282.903 276.607 258.346
threshold=0 1.0000000180025095e-35 1.0000000180025095e-35 1.0000000180025095e-35 1 1.0000000180025095e-35 1.0000000180025095e-35 1.0000000180025095e-35 2 3 175.00000000000003 18.500000000000004 175.00000000000003 9.5000000000000018 1.0000000180025095e-35 7.5000000000000009 7.5000000000000009 4 1.0000000180025095e-35 5 1.0000000180025095e-35 1.0000000180025095e-35 1.0000000180025095e-35 1.5000000000000002 6 8.5000000000000018 1.0000000180025095e-35 1.0000000180025095e-35 14.500000000000002 1.0000000180025095e-35
decision_type=9 2 2 2 1 2 2 2 9 9 2 2 2 2 2 2 2 9 2 9 2 2 2 2 1 2 2 2 2 2
left_child=1 6 3 4 9 7 12 -5 -6 10 -2 -8 20 22 15 16 17 -10 -19 28 21 -1 23 26 25 29 -11 -17 -18 -25
right_child=2 -3 -4 5 8 -7 11 -9 14 13 -12 -13 -14 -15 -16 27 19 18 -20 -21 -22 -23 -24 24 -26 -27 -28 -29 -30 -31
leaf_value=0.004436159138873806 -0.037750601487876893 0.038187108308116467 -0.045472068741967506 0.00091574551645452491 0.037189087046943785 -0.02637790535190665 -0.0053317970900387075 0.020453433936568309 0.003062911634736883 -0.031335286480183321 0.0097705492059181019 -0.044256747062495105 0.024235554038476718 -0.0078759983283334025 0.0024326877853150146 -0.012465808985810033 -0.0047324868353200234 -0.023186561724974335 0.015764300725144131 -0.013798570942699585 0.016924383349051244 -0.038406097770323382 -0.0070973236827286046 0.011220058571484825 -0.02862622488200621 -0.05680904848962829 0.033923899231890646 0.013400194494294049 0.028744309670735831 -0.054135980671772069
leaf_weight=125197.37709602519 2905.483869920572 4478.7027607156488 2680.654880251197 6734.5637206293468 634.8217614692403 1269.176693564601 6141.4870721285988 5579.7016208821442 13215.641907533922 6603.4704924241523 563.98767228421639 671.05611547990702 2451.8722576416621 17649.26692718947 16148.475034350879 1464.3729561491637 1737.6202971017046 4358.4222242822289 834.61219823389547 20184.343823893112 4963.2129584503127 406.58049105806276 4449.259868955327 2503.5716179605806 2608.9864861353562 272.40158376346517 206.70651132718194 3796.2659059814177 956.06741579563823 160.41162088772398
leaf_count=294130 123389 26585 220076 50334 2067 62893 63934 12529 48536 139514 9290 23962 10012 356684 50120 10751 11106 31870 4829 277003 8984 2553 32954 22685 59732 7630 1785 9799 4502 10533
internal_value=0 0.00548628 -0.00673694 -0.0058331 -0.00747301 0.00639067 0.00443912 0.00976932 -0.00332907 -0.0143883 -0.0299377 -0.00916972 0.00513617 -0.0128137 -0.00374557 -0.00588988 -0.00743033 -0.00257388 -0.0168921 -0.0113377 0.00477738 0.00429729 -0.0180065 -0.021934 -0.0128221 0.00131374 -0.0293514 0.00619858 0.00712422 0.00727335
internal_weight=261829 144310 117518 114838 101254 13583.4 139832 12314.3 63330.6 37923.5 3469.47 6812.54 133019 34454.1 62695.8 46547.3 41286.7 18408.7 5193.03 22878 130567 125604 16804.8 12355.5 5545.37 2936.38 6810.18 5260.64 2693.69 2663.98
internal_count=1990771 430160 1560611 1340535 1214779 125756 403575 62863 450583 764196 132679 87896 315679 631517 448516 398396 377846 85235 36699 292611 305667 296683 274833 241879 100580 40848 141299 20550 15608 33218
cat_boundaries=0 39 40 46 83 122 156 157
cat_threshold=0 0 4 0 20480 0 0 0 0 131072 0 0 0 0 0 0 0 0 0 0 0 0 0 224 0 0 0 0 0 0 0 0 0 41943040 4194304 512 0 1 2147483648 572 0 0 0 0 0 8388608 8192 0 0 0 0 0 0 0 0 0 8388608 0 0 0 0 0 0 0 0 0 0 0 0 0 0 0 0 0 0 0 0 0 0 0 0 0 16 0 0 0 0 0 0 0 0 0 0 0 0 0 0 0 0 0 0 0 0 0 0 0 0 0 0 0 0 0 0 0 0 0 1073741824 0 0 1 0 33280 0 0 4096 0 0 0 0 0 0 0 0 0 0 0 0 0 0 0 0 0 0 0 0 0 0 0 0 0 0 0 0 0 0 98304 16384
is_linear=0
shrinkage=0.05


Tree=34
num_leaves=31
num_cat=5
split_feature=202 175 229 169 201 188 179 236 170 175 217 228 202 99 233 182 179 179 179 179 99 179 99 99 170 179 170 179 199 169
split_gain=3307.48 1905.98 1249 781.095 1167.18 560.693 547.332 448.163 451.928 394.591 376.417 345.643 342.753 671.804 534.308 651.461 515.1 511.761 340.876 315.921 312.096 370.264 309.9 300.617 299.762 296.549 278.908 280.539 259.549 280.936
threshold=0 1.0000000180025095e-35 1.0000000180025095e-35 4.5000000000000009 1.0000000180025095e-35 1.0000000180025095e-35 9.5000000000000018 1.0000000180025095e-35 1 1.0000000180025095e-35 7.5000000000000009 1.0000000180025095e-35 2 1.5000000000000002 1.0000000180025095e-35 1.0000000180025095e-35 11.500000000000002 12.500000000000002 6.5000000000000009 6.5000000000000009 2.5000000000000004 10.500000000000002 1.0000000180025095e-35 1.0000000180025095e-35 3 20.500000000000004 4 13.500000000000002 1.0000000180025095e-35 -1.0000000180025095e-35
decision_type=1 2 2 2 2 2 2 2 9 2 2 2 1 2 2 2 2 2 2 2 2 2 2 2 9 2 9 2 2 2
left_child=1 7 3 4 5 10 22 8 11 24 12 25 13 14 16 -16 -2 23 -9 -14 21 -20 -7 -18 -5 -1 -11 -28 29 -10
right_child=2 -3 -4 9 -6 6 -8 18 28 26 -12 -13 19 -15 15 -17 17 -19 20 -21 -22 -23 -24 -25 -26 -27 27 -29 -30 -31
leaf_value=0.020688958322470394 -0.03538342562969448 0.037408401466075276 -0.036016842128118981 -0.041579532431853784 0.015187479714851921 0.034542416331292382 -0.0077137160016541827 0.0082139839389154846 0.0012580476706801564 -0.0042120956912226563 0.0060306258233964703 -0.037195854053861103 -8.0832071977995532e-05 -0.00033363479671010622 0.042157379308271223 -0.045975769190155023 -0.029834670619985224 -0.021405262115820403 0.0095327827381136449 -0.008736861994488242 -0.049829611350207012 -0.022122907317472622 -0.0074909366346919198 0.034633361155094494 -0.018269293030993144 -0.019177426254982095 -0.048001200600446339 -0.0024854106928746799 0.046776451758113839 0.0057630732794793802
leaf_weight=6990.0238669023383 5378.9977349486726 4290.8317069032928 3578.0448818858858 1726.7529955891659 7317.4741345678922 2119.2476863171905 2226.4129471714841 2019.7783605640288 71554.569003806304 7598.1367003504129 5189.9917242377996 293.9587946611573 16001.575061745665 5752.0672485663235 656.9688045392395 307.34484981728019 237.165698063327 3530.0938458519668 1396.8103578870068 30895.304769201859 605.51066190359415 2724.6058879439661 552.44411680381745 755.59160380666435 7181.937776033039 499.30861358973198 799.85242624967941 587.22741288010729 345.84106456488371 67025.013412638538
leaf_count=14501 103450 26585 237365 71930 26619 3607 9634 7554 231564 60327 20550 3185 85817 91285 3639 9044 4596 78484 11275 410061 14592 54475 1957 7866 242701 3863 26170 15647 1007 111421
internal_value=0 0.00454215 -0.00699739 -0.00594708 -0.00385652 -0.00575 0.0105931 0.0036233 0.00420278 -0.0154004 -0.00691527 0.0159202 -0.00797323 -0.0141435 -0.021466 0.0140532 -0.0249262 -0.0124859 -0.00897627 -0.00578226 -0.0163227 -0.0113932 0.0258492 0.0192199 -0.0228573 0.0180293 -0.0080057 -0.0285376 0.00354482 0.00343698
internal_weight=260139 157746 102393 98814.6 80920.7 73603.2 4898.1 153455 146709 17893.9 68705.1 7783.29 63515.1 16618.2 10866.2 964.314 9901.85 4522.85 6746.71 46896.9 4726.93 4121.42 2671.69 992.757 8908.69 7489.33 8985.22 1387.08 138925 138580
internal_count=1990771 480022 1510749 1273384 856609 829990 15198 453437 365541 416775 814792 21549 794242 298364 207079 12683 194396 90946 87896 495878 80342 65750 5564 12462 314631 18364 102144 41817 343992 342985
cat_boundaries=0 1 25 26 50 74
cat_threshold=199 0 0 0 0 4096 0 0 0 0 0 0 0 0 0 0 0 0 0 0 0 0 0 0 64 2576 0 0 0 0 16384 0 0 0 0 0 8388608 0 0 0 0 0 0 0 0 0 0 0 0 32 0 0 0 0 4096 0 0 0 0 0 0 0 0 0 0 0 0 0 0 0 0 0 0 224
is_linear=0
shrinkage=0.05


Tree=35
num_leaves=31
num_cat=10
split_feature=166 175 229 176 202 182 167 180 173 166 170 236 166 170 170 173 173 170 180 229 231 180 228 180 198 170 228 168 180 180
split_gain=3384.68 1670.07 1156.56 804.396 1058.05 716.151 757.225 651.305 557.282 548.218 460.827 441.139 424.057 401.956 374.675 550.449 395.913 367.633 328.939 316.457 287.679 300.415 274.885 261.904 251.691 239.074 231.117 279.394 444.428 218.925
threshold=0 1.0000000180025095e-35 1.0000000180025095e-35 1.0000000180025095e-35 1 1.0000000180025095e-35 2 230.00000000000003 1.0000000180025095e-35 3 4 1.0000000180025095e-35 5 6 7 1.0000000180025095e-35 1.0000000180025095e-35 8 390.00000000000006 1.0000000180025095e-35 1.0000000180025095e-35 290.00000000000006 1.0000000180025095e-35 410.00000000000006 1.0000000180025095e-35 9 1.0000000180025095e-35 4.5000000000000009 150.00000000000003 70.000000000000014
decision_type=9 2 2 2 1 2 9 2 2 9 9 2 9 9 9 2 2 9 2 2 2 2 2 2 2 9 2 2 2 2
left_child=1 11 3 4 5 6 7 -2 10 17 -5 13 29 22 16 20 -11 -6 -13 26 -16 -22 23 -1 -17 -10 27 -15 -29 -4
right_child=2 -3 12 8 9 -7 -8 -9 25 14 -12 18 -14 19 15 24 -18 -19 -20 -21 21 -23 -24 -25 -26 -27 -28 28 -30 -31
leaf_value=0.020214106791777924 -0.02530337333829524 0.036546995737903556 -0.054851581553669627 0.014707027032607449 0.0066888947520497184 0.0053457638644386317 -0.019117339689638267 0.039143389421260021 0.0039809642977355697 -0.036473782638659837 -0.00761429815147085 -0.0051335366791185888 -0.047591224763504886 0.004433203703949058 -0.0075524839462756416 -0.059936854014939547 0.009432929711309955 -0.033677457897615261 -0.046850644284022913 -0.023058502295058625 -0.056314677431162419 -0.012044517291430417 -0.034393228802137153 -0.017827207917477526 0.058000455285942068 -0.04192228982227203 0.028873241315306372 0.021317199625905947 -0.042845679862732598 0.05118485462982502
leaf_weight=6936.1578899009619 587.79790733219124 4110.1695783985779 66.32074141013436 9123.6997479367128 665.22806333747576 21881.247687816562 6887.3948865951388 1174.5578074960504 439.21622389508411 2306.4660637864727 3091.2264563594654 6160.8275817295362 2164.380584772618 121212.80864833386 58835.096799508276 673.60631686751731 589.29529323620955 3779.653101099073 511.35572857537773 1058.6066196222091 617.71798404438596 1010.0865203141584 261.32554249593522 483.50521476170979 48.061372315627523 806.22025192319416 955.94780299474951 418.24015682283789 758.68069222383201 178.80574594438076
leaf_count=14501 3862 26585 1767 27193 16536 77344 56817 4929 8909 119625 35670 66798 212874 266686 665094 37625 7794 155190 21098 20793 47040 24591 3185 3863 637 53984 2452 835 4563 1931
internal_value=0 0.00513832 -0.00638747 -0.00565386 -0.0072123 0.000530756 -0.0116482 0.017545 0.00581434 -0.0106607 0.00906349 0.00420816 -0.0406608 0.00484183 -0.00947903 -0.00864349 -0.0270366 -0.0276335 -0.00833475 0.0041551 -0.00812643 -0.0288593 0.0159364 0.0177334 -0.0520409 -0.0260394 0.00438913 0.00419774 -0.0200406 0.0215452
internal_weight=257794 142868 114926 112517 99056.2 30531 8649.75 1762.36 13460.4 68525.2 12214.9 138757 2409.51 132085 64080.3 61184.6 2895.76 4444.88 6672.18 124404 60462.9 1627.8 7680.99 7419.66 721.668 1245.44 123346 122390 1176.92 245.126
internal_count=1990771 431359 1559412 1342840 1217084 142952 65608 8791 125756 1074132 62863 404774 216572 316878 902406 774987 127419 171726 87896 295329 736725 71631 21549 18364 38262 62893 274536 272084 5398 3698
cat_boundaries=0 39 40 74 114 138 174 198 209 214 238
cat_threshold=0 0 4 0 20480 0 0 0 0 131072 0 0 0 0 0 0 0 0 0 0 0 0 0 224 0 0 0 0 0 0 0 0 0 41943040 4194816 0 0 1 2147483648 2050 0 0 4096 0 0 8388608 0 0 0 0 0 0 0 0 0 0 0 0 0 0 0 0 0 0 0 0 0 0 0 0 0 0 0 32768 8192 0 0 0 0 0 0 0 0 0 8388608 0 0 0 0 0 0 0 0 0 0 0 0 0 0 0 0 0 0 0 0 0 0 0 0 0 16 0 0 262144 0 0 0 0 0 0 0 0 0 0 8388608 0 0 0 0 0 0 0 0 0 0 0 0 160 0 0 0 0 0 0 0 0 0 0 0 0 0 0 0 0 0 0 0 0 0 0 0 0 0 0 0 0 0 0 0 0 0 0 0 512 0 0 0 0 4096 0 0 0 0 0 0 0 0 0 0 0 0 0 0 0 0 0 0 64 0 0 0 0 20480 0 0 0 0 131072 8388608 0 0 4 0 4096 0 0 4 0 4096 0 0 0 0 0 0 0 0 0 0 0 0 0 0 0 0 0 0 64
is_linear=0
shrinkage=0.05


Tree=36
num_leaves=31
num_cat=10
split_feature=166 175 229 176 202 182 167 179 222 166 182 236 166 170 170 222 222 170 179 229 231 179 166 198 170 179 171 179 99 220
split_gain=3236.93 1531.54 1073.4 726.689 938.271 608.667 704.683 545.94 509.432 498.293 469.907 422.123 408.209 370.746 332.357 487.857 363.791 328.661 298.735 291.184 268.418 283.798 258.821 243.119 225.012 224.864 213.666 219.143 329.281 207.728
threshold=0 1.0000000180025095e-35 1.0000000180025095e-35 1.0000000180025095e-35 1 1.0000000180025095e-35 2 12.500000000000002 1.0000000180025095e-35 3 1.0000000180025095e-35 1.0000000180025095e-35 4 5 6 1.0000000180025095e-35 1.0000000180025095e-35 7 19.500000000000004 1.0000000180025095e-35 1.0000000180025095e-35 17.500000000000004 8 1.0000000180025095e-35 9 15.500000000000002 55.000000000000007 6.5000000000000009 2.5000000000000004 170.00000000000003
decision_type=9 2 2 2 1 2 9 2 2 9 2 2 9 9 9 2 2 9 2 2 2 2 9 2 9 2 2 2 2 2
left_child=1 11 3 4 5 6 7 -2 10 17 -5 13 -4 25 16 20 -11 -6 26 -15 29 -22 -12 -17 -10 -1 -13 -28 -29 -16
right_child=2 -3 12 8 9 -7 -8 -9 24 14 22 18 -14 19 15 23 -18 -19 -20 -21 21 -23 -24 -25 -26 -27 27 28 -30 -31
leaf_value=0.019779476152130517 -0.019871057133179621 0.035761882426382133 0.022056544547314188 -0.0004516057505348741 0.0053764711363318519 0.004643538559146774 -0.018273460269769691 0.03876365452222294 0.0033977954111352061 -0.035255353236612205 0.0091421473140307057 0.049425852886745322 -0.047030764015624976 0.0043412313217598107 -0.0075254067326744238 -0.058858798129578255 0.008863416696881397 -0.032713382106459021 -0.045847684217598016 -0.022402603703856092 -0.049375744227971113 -0.0068793652516748079 0.031034062068771857 0.055808867575535208 -0.041283564965852448 -0.0018100952943691465 0.0070443228554874573 -0.0075781285799792269 -0.048487430546512916 0.067589499198602368
leaf_weight=6099.0669453240116 621.14779653283767 3942.3994926390005 236.23674871295225 6682.5503675913205 673.72465718045714 21911.313725570042 6830.747611926723 1097.9313307368429 443.07712738297414 2237.6333523960639 2955.1970780714182 173.63572621229105 2067.966381782142 122945.62174036843 58429.050973411504 631.75861047272338 590.09202036485658 3641.8876599198557 486.65446560102282 1025.7446536234638 793.52389776635391 778.59979452120024 2523.3123692813097 49.439193896600045 779.65134725600365 1502.7060607007006 1938.9454374397174 3448.9288862989924 573.37446241959697 91.678336697630584
leaf_count=14040 4280 26585 3698 50334 16536 77344 56817 4511 8909 119625 8528 750 212874 274536 664896 37625 7794 155190 21098 20793 56021 15610 4001 637 53984 7509 7437 44038 14573 198
internal_value=0 0.00503449 -0.00627331 -0.00557727 -0.00706437 0.000228294 -0.0110858 0.0174733 0.0053533 -0.0103337 0.00844704 0.00415811 -0.0400506 0.00477806 -0.00921433 -0.00843097 -0.0259551 -0.0267673 -0.00815941 0.00411949 -0.00795506 -0.0283413 0.0193014 -0.0504944 -0.0254034 0.0154908 -0.00516545 -0.0067604 -0.0134162 -0.00740707
internal_weight=256204 142137 114067 111762 98378.5 30461.1 8549.83 1719.08 13383.8 67917.4 12161.1 138195 2304.2 131573 63601.8 60774.1 2827.73 4315.61 6621.54 123971 60092.9 1572.12 5478.51 681.198 1222.73 7601.77 6134.88 5961.25 4022.3 58520.7
internal_count=1990771 431359 1559412 1342840 1217084 142952 65608 8791 125756 1074132 62863 404774 216572 316878 902406 774987 127419 171726 87896 295329 736725 71631 12529 38262 62893 21549 66798 66048 58611 665094
cat_boundaries=0 39 40 74 114 150 174 185 190 191 215
cat_threshold=0 0 4 0 20480 0 0 0 0 131072 0 0 0 0 0 0 0 0 0 0 0 0 0 224 0 0 0 0 0 0 0 0 0 41943040 4194816 0 0 1 2147483648 2050 0 0 4096 0 0 8388608 0 0 0 0 0 0 0 0 0 0 0 0 0 0 0 0 0 0 0 0 0 0 0 0 0 0 0 32768 8192 0 0 0 0 0 0 0 0 0 8388608 0 0 0 0 0 0 0 0 0 0 0 0 0 0 0 0 0 0 0 0 0 0 0 0 0 16 0 0 262144 0 0 0 0 0 0 0 0 0 0 0 0 0 0 0 0 0 0 0 0 0 0 0 0 0 0 0 0 0 0 0 0 0 0 0 512 0 0 0 0 4096 0 0 0 0 0 0 0 0 0 0 0 0 0 0 0 0 0 0 64 0 0 0 0 20480 0 0 0 0 131072 8388608 0 0 4 0 4096 532480 0 0 4 0 4096 0 0 0 0 0 0 0 0 0 0 0 0 0 0 0 0 0 0 64
is_linear=0
shrinkage=0.05


Tree=37
num_leaves=31
num_cat=10
split_feature=166 168 229 202 166 201 182 167 179 170 179 182 196 193 173 179 170 175 182 170 173 176 179 170 228 172 166 166 199 220
split_gain=3091.9 1272.81 1116.58 622.048 519.717 544.781 506.51 607.045 505.698 528.76 471.15 461.449 373.464 735.412 538.875 507.58 511.494 285.438 255.64 248.721 300.493 331.231 251.943 241.238 231.648 315.852 223.622 217.455 216.601 210.17
threshold=0 3.0000000000000004 1.0000000180025095e-35 1 2 1.0000000180025095e-35 1.0000000180025095e-35 3 13.500000000000002 4 11.500000000000002 1.0000000180025095e-35 1.0000000180025095e-35 1.0000000180025095e-35 1.0000000180025095e-35 16.500000000000004 5 1.0000000180025095e-35 1.0000000180025095e-35 6 1.0000000180025095e-35 1.0000000180025095e-35 6.5000000000000009 7 1.0000000180025095e-35 175.00000000000003 8 9 1.0000000180025095e-35 170.00000000000003
decision_type=9 2 2 1 9 2 2 9 2 9 2 2 2 2 2 2 9 2 2 9 2 2 2 9 2 2 9 9 2 2
left_child=1 12 3 6 8 23 7 10 9 -5 -2 -3 13 28 18 16 -15 24 -14 -11 21 22 -21 -6 25 -13 -4 -10 -1 -25
right_child=2 11 26 4 5 -7 -8 -9 27 19 -12 17 14 15 -16 -17 -18 -19 -20 20 -22 -23 -24 29 -26 -27 -28 -29 -30 -31
leaf_value=0.0037173520844014686 -0.021395261716914971 0.033777582694747225 -0.016844894123532902 -0.043126507157849867 -0.044602661474781702 -0.052528964813490259 0.0042027588234442659 -0.016986301250622053 -0.030182111123177452 -0.013588232825507477 0.034490973608723489 -0.039459495739074771 0.0044734491471256424 -0.0056436944974333457 -0.040805065526610292 0.021776724891823987 -0.03569758634121932 0.027779191964406227 0.029990053879318558 0.0046131035366274954 -0.047955873494020716 0.015503814218541896 -0.0054674893622945909 -0.011844913553372612 0.023284343691356915 0.0076991061629199777 -0.048574230878067864 -0.011179693539814038 0.044364908623855101 0.065540471941773343
leaf_weight=130607.38091590253 557.97686896822415 4777.7790611755918 854.89267223022762 751.8163648446498 557.36180536064785 865.12484916989342 21924.901214658865 6717.1206663536141 1974.4138832100725 3486.7087443897617 1160.807248621597 631.93767171329819 1444.1109810646158 3308.826177337527 371.20119758279179 898.60882758614025 2482.6336858875293 1327.3408783671621 3068.7215278620715 11247.288194014516 315.53805709235894 3487.5250802514201 13805.668210641423 27889.821221343067 633.22243161351071 808.94949639984407 1802.9334292027779 6476.7773462415789 328.09344761352986 87.507745206356049
leaf_count=360406 3862 26888 31364 36547 35369 53734 77344 56817 54373 45954 4929 3881 7453 41470 23653 19644 61568 8381 8108 43514 21435 8563 114372 507944 2514 3069 196568 129842 1007 198
internal_value=0 0.00457613 -0.00663257 -0.00579374 -0.00835618 -0.0134441 0.000196588 -0.0102142 -0.00475314 -0.0019664 0.01625 0.0237572 0.00347545 0.00299319 0.0170623 -0.0131756 -0.0186012 0.00967784 0.0218272 -0.000995169 0.000530682 0.00106793 -0.000941701 -0.0122627 -0.00190774 -0.0129865 -0.0386215 -0.0156702 0.00381941 -0.0115974
internal_weight=254653 150689 103964 101306 70945.6 29399.8 30360.8 8435.9 41545.7 33094.5 1718.78 8179.23 142510 137626 4884.03 6690.07 5791.46 3401.45 4512.83 32342.7 28856 28540.5 25053 28534.7 2074.11 1440.89 2657.83 8451.19 130935 27977.3
internal_count=1990771 568042 1422729 1194797 1051845 597245 142952 65608 454600 270385 8791 44733 523309 484095 39214 122682 103038 17845 15561 233838 187884 166449 157886 543511 9464 6950 227932 184215 361413 508142
cat_boundaries=0 39 40 79 113 124 148 172 196 236 275
cat_threshold=32 0 4 0 20480 0 0 0 0 131072 0 0 0 0 0 0 0 0 0 0 0 0 0 224 0 0 0 0 0 0 0 0 0 41943040 4194304 512 0 0 2147483648 2050 524288 0 0 0 0 0 0 0 0 0 0 0 0 0 0 0 0 0 0 0 0 0 0 0 0 0 0 0 0 0 0 0 0 1073741824 512 0 1 1 32768 0 0 4096 0 0 8388608 0 0 0 0 0 0 0 0 0 0 0 0 0 0 0 0 0 0 0 0 0 0 0 0 0 0 0 32768 0 0 4 0 16384 0 0 0 0 131072 8388608 0 0 0 0 4096 0 0 0 0 0 0 0 0 0 0 0 0 0 0 0 0 0 0 64 0 0 0 0 4096 0 0 0 0 0 0 0 0 0 0 0 0 0 0 0 0 0 0 64 0 0 0 0 0 0 0 0 0 0 0 0 0 0 0 0 0 0 0 0 0 0 0 192 0 0 0 0 0 0 0 0 0 0 0 0 0 0 0 0 0 0 0 0 0 0 0 0 0 0 0 0 0 0 0 0 0 0 512 0 0 1 0 262144 0 0 0 0 0 0 0 0 0 0 0 0 0 0 0 0 0 0 0 0 0 0 0 0 0 0 0 0 0 0 0 0 0 0 0 0 1 0 32768
is_linear=0
shrinkage=0.05


Tree=38
num_leaves=31
num_cat=13
split_feature=166 168 229 202 166 201 166 170 179 175 201 166 227 170 170 179 176 179 167 229 166 170 166 179 99 179 217 179 167 179
split_gain=2868.38 1179.77 798.322 577.173 462.245 506.871 421.608 356.481 341.458 331.163 330.118 526.329 810.613 528.462 321.767 300.059 274.943 305.546 273.586 272.242 248.352 228.759 228.219 213.368 213.132 573.945 308.643 215.927 213.337 211.806
threshold=0 3.0000000000000004 1.0000000180025095e-35 1 2 1.0000000180025095e-35 3 4 18.500000000000004 1.0000000180025095e-35 1.0000000180025095e-35 5 1.0000000180025095e-35 6 7 7.5000000000000009 1.0000000180025095e-35 6.5000000000000009 8 1.0000000180025095e-35 9 10 11 12.500000000000002 1.5000000000000002 12.500000000000002 6.5000000000000009 16.500000000000004 12 2.5000000000000004
decision_type=9 2 2 1 9 2 9 9 2 2 2 9 2 9 9 2 2 2 9 2 9 9 9 2 2 2 2 2 9 2
left_child=1 10 3 18 7 21 29 -5 16 -3 11 12 13 15 -12 -1 17 20 -2 -13 -9 -6 -10 -21 25 26 -20 -26 -27 -4
right_child=2 9 6 4 5 -7 -8 8 22 -11 14 19 -14 -15 -16 -17 -18 -19 24 23 -22 -23 -24 -25 27 28 -28 -29 -30 -31
leaf_value=-0.021183754450267718 0.034894248940902234 0.013744216036064844 -0.062655089666229985 -0.036014116984185184 -0.044122099604302578 -0.05194936317568697 -0.045954785705162093 -0.036395368757599571 0.029943312970101506 0.034234537544737619 0.021544447304103417 0.0040243228824832656 0.031827823931716105 -0.024735703193083249 -0.039860788262990693 0.0058511139638066888 0.0073163253019930584 -0.0083811791363078963 -0.016577506592116525 -0.045771617277623154 0.0032008512057421102 -0.011302148845075181 -0.024692574837485617 0.021225473035409372 0.0091110149385894533 0.0087930932093464639 0.0038010630334796344 -0.012337039394083952 -0.0081306370286274889 0.016023883564322848
leaf_weight=1402.8008672452415 541.96807075291872 4296.2530738980349 102.8520712753525 885.69823834835552 533.75760818668641 814.28721492431941 1881.2142447125516 400.03982694330625 198.85260561446194 3647.984304283098 3558.8758616996929 126994.98830441927 1165.4642753028311 4538.286706728235 218.31716866092756 3820.2194633266336 5643.0131704154192 20153.405802663619 7877.6335416384391 471.50975339749129 11198.834376863204 27665.70697768699 2639.5458631956717 158.37782017240534 7616.2616753753391 8004.4832931512792 2430.7610500352457 1386.5538124062587 2417.8141382311296 495.66763960500248
leaf_count=21496 2067 18148 2552 56337 35369 53734 212874 3896 1906 26585 13082 336594 2597 66820 15724 55258 39424 230858 43395 9904 53386 508142 71098 3033 30427 27811 11426 5763 22063 9002
internal_value=0 0.00440373 -0.00643164 -0.00573997 -0.00823006 -0.0130633 -0.0344558 -0.00481717 -0.00412106 0.0231555 0.00335728 0.0029596 -0.00756807 -0.0122815 0.0179407 -0.0014076 -0.00285276 -0.00466025 3.09242e-05 0.0038613 0.00180464 -0.011944 -0.02084 -0.0289146 -0.000616473 -0.00340649 -0.0117717 0.00580667 0.004867 0.00241371
internal_weight=253161 150273 102888 100409 70133.1 29013.8 2479.73 41119.4 40233.7 7944.24 142329 138552 10926.8 9761.31 3777.19 5223.02 37395.3 31752.3 30275.5 127625 11598.9 28199.5 2838.4 629.888 29733.5 20730.7 10308.4 9002.82 10422.3 598.52
internal_count=1990771 569241 1421530 1197102 1054150 597245 224428 456905 400568 44733 524508 495702 146171 143574 28806 76754 327564 288140 142952 349531 57282 543511 73004 12937 140885 104695 54821 36190 49874 11554
cat_boundaries=0 39 40 79 117 128 133 157 181 187 223 247 283 317
cat_threshold=32 0 4 0 20480 0 0 0 0 131072 0 0 0 0 0 0 0 0 0 0 0 0 0 224 0 0 0 0 0 0 0 0 0 41943040 4194816 0 0 0 2147483648 2050 524288 0 0 0 0 0 0 0 0 0 0 0 0 0 0 0 0 0 0 0 0 0 0 0 0 0 0 0 0 0 0 0 0 1073741824 0 512 1 1 32768 0 0 0 0 0 0 0 0 0 0 0 0 0 0 0 0 0 0 0 0 0 0 0 0 0 0 0 0 0 0 0 0 0 0 0 512 0 1 0 0 0 0 16384 0 0 0 0 131072 8388608 32 0 0 0 4096 0 0 4 0 4096 0 0 0 0 0 0 0 0 0 0 0 0 0 0 0 0 0 0 192 0 0 0 0 4096 0 0 0 0 0 8388608 0 0 0 0 0 0 0 0 0 0 0 0 128 0 0 0 0 0 8388608 0 0 0 0 0 0 0 0 0 0 0 0 0 0 0 0 0 0 0 0 0 0 0 0 0 0 0 0 0 0 0 0 0 0 0 512 0 0 0 0 0 0 0 0 0 0 0 0 0 0 0 0 0 0 0 0 0 0 0 192 0 0 0 0 0 0 0 0 0 0 0 0 0 0 0 0 0 0 0 0 0 0 0 0 0 0 0 0 0 0 0 0 0 0 0 512 0 0 4096 0 0 0 0 0 0 0 0 0 0 0 0 0 0 0 0 0 0 0 0 0 0 0 0 0 0 0 0 0 0 98304
is_linear=0
shrinkage=0.05


Tree=39
num_leaves=31
num_cat=14
split_feature=166 175 176 202 201 166 166 170 179 202 166 170 167 173 170 170 228 166 230 231 233 202 179 99 179 215 215 179 166 179
split_gain=2604.24 1202.45 774.833 959.898 453.542 383.697 353.972 308.858 278.476 694.806 437.798 275.934 249.718 242.921 241.808 230.637 576.108 227.184 253.022 263.193 226.138 434.983 280.518 224.074 218.913 212.466 328.861 290.023 216.047 475.654
threshold=0 1.0000000180025095e-35 1.0000000180025095e-35 1 1.0000000180025095e-35 2 3 4 6.5000000000000009 5 6 7 8 1.0000000180025095e-35 9 10 1.0000000180025095e-35 11 1.0000000180025095e-35 1.0000000180025095e-35 1.0000000180025095e-35 12 13.500000000000002 1.5000000000000002 18.500000000000004 2.5000000000000004 1.0000000180025095e-35 13.500000000000002 13 11.500000000000002
decision_type=9 2 2 1 2 9 9 9 2 1 9 9 9 2 9 9 2 9 2 2 2 1 2 2 2 2 2 2 9 2
left_child=1 15 3 12 13 7 -6 -5 9 -7 23 -12 -2 -4 -11 16 -1 -16 -19 -20 21 22 -13 24 -10 26 28 -28 29 -17
right_child=2 -3 4 5 6 8 -8 -9 10 14 11 20 -14 -15 17 25 -18 18 19 -21 -22 -23 -24 -25 -26 -27 27 -29 -30 -31
leaf_value=0.029626754712775611 0.034082936753501554 0.033416034442440311 0.00043538929383900678 0.0066970607886979788 -0.04785422117240859 0.003481081279661995 0.016587678234593808 -0.030921534634771094 -0.013670451764410599 -0.046696308163296348 0.0055101600629866411 -0.042298988903660892 -0.00039388072429496519 -0.025957745640498128 0.0012734865195567406 0.0082014144202889744 -0.043295842322516015 -0.022456271149915448 0.026046805885547305 -0.052667303583757909 0.01169087023612421 -0.0087966222523988679 -0.0091400674121396228 -0.033610432988816323 -0.034391758236168017 0.026671523735852621 -0.014974140404993869 0.012173526464553344 0.0013834975465393832 -0.00037681988952426699
leaf_weight=1968.7178844402079 524.22172628785484 3511.2111100892653 4842.1196426353999 646.14700594526948 210.68333378835814 11285.891064529969 6678.620075408835 3558.1592808735004 9860.91547765414 577.62203963073262 3181.217710387893 1713.6743303709663 29522.224547465885 1062.6490958609356 1983.1741657547827 52552.388447669597 313.53579672810156 4866.4301261941291 533.65184017806314 132.03630368581798 1148.3736456216429 23987.798081762332 1017.0075154672668 2256.3660671740581 1464.2244015228353 983.0350802843459 4210.6375533156097 1283.0826894219499 52223.14387506916 23333.644155199319
leaf_count=6827 2067 26585 37757 16536 10305 56711 16314 171496 185907 25306 39358 71193 140885 61380 17550 91168 3185 67438 4492 10286 17471 384992 40514 93300 91499 1688 12837 2913 226387 56424
internal_value=0 0.00452584 -0.00572089 -0.00722847 0.00585239 -0.0105076 0.0145675 -0.0251366 -0.00954263 -0.00453866 -0.0117174 -0.00843225 0.000219168 -0.00431539 -0.0157075 0.00378487 0.0195137 -0.0132633 -0.0184679 0.0103989 -0.0100255 -0.0109631 -0.0298459 -0.019206 -0.0163513 0.00351633 0.00334608 -0.00863224 0.00385982 0.00556297
internal_weight=251433 140379 111053 98259.1 12794.1 68212.7 6889.3 4204.31 64008.4 19378.8 44629.6 31048.1 30046.4 5904.77 8092.91 136868 2282.25 7515.29 5532.12 665.688 27866.9 26718.5 2730.68 13581.5 11325.1 134586 133603 5493.72 128109 75886
internal_count=1990771 428014 1562757 1437001 125756 1294049 26619 188032 1106017 181783 924234 553528 142952 99137 125072 401429 10012 99766 82216 14778 514170 496699 111707 370706 277406 391417 389729 15750 373979 147592
cat_boundaries=0 39 40 80 81 86 87 126 150 156 167 172 173 174 213
cat_threshold=0 0 4 0 20480 0 0 0 0 131072 0 0 0 0 0 0 0 0 0 0 0 0 0 224 0 0 0 0 0 0 0 0 0 41943040 4194816 512 0 0 2147483648 2050 8192 0 0 0 0 0 0 0 0 0 8388608 0 0 0 0 0 0 0 0 0 0 0 0 0 0 0 0 0 0 0 0 0 0 0 0 0 16 0 0 262144 8192 0 0 4 0 4096 1025 524288 0 0 0 0 0 0 0 0 0 0 0 0 0 0 0 0 0 0 0 0 0 0 0 0 0 0 0 0 0 0 0 0 0 0 0 0 0 33280 0 0 4 0 0 0 0 0 0 0 0 0 0 0 0 0 0 0 0 0 0 0 0 192 0 0 0 0 0 8388608 0 0 4 0 4096 0 0 0 0 131072 8388608 0 0 0 0 4096 524288 544 0 0 4 0 16384 0 0 0 0 0 0 0 0 0 0 0 0 0 0 0 0 0 0 64 0 0 0 0 0 0 0 0 0 41943040 4194304 0 0 0 2147483648
is_linear=0
shrinkage=0.05


Tree=40
num_leaves=31
num_cat=10
split_feature=166 168 229 186 236 166 166 99 182 170 167 170 173 217 202 179 200 173 170 182 196 166 166 176 176 179 179 179 179 179
split_gain=2506.01 965.214 734.916 551.763 420.67 400.001 395.203 405.513 387.336 344 339.474 344.33 699.017 411.951 400.439 306.344 289.806 349.818 2377.61 503.9 481.026 628.979 420.387 1499.39 1078.85 2765.4 526.209 455.095 388.289 362.199
threshold=0 3.0000000000000004 1.0000000180025095e-35 1.0000000180025095e-35 1.0000000180025095e-35 1 2 1.5000000000000002 1.0000000180025095e-35 3 4 5 1.0000000180025095e-35 7.5000000000000009 6 8.5000000000000018 1.0000000180025095e-35 1.0000000180025095e-35 7 1.0000000180025095e-35 1.0000000180025095e-35 8 9 1.0000000180025095e-35 1.0000000180025095e-35 2.5000000000000004 2.5000000000000004 1.5000000000000002 14.500000000000002 17.500000000000004
decision_type=9 2 2 2 2 9 9 2 2 9 9 9 2 2 1 2 2 2 9 2 2 9 9 2 2 2 2 2 2 2
left_child=1 4 3 6 16 -4 7 9 -3 -2 -8 12 -12 14 -13 -6 17 20 -19 -20 21 29 23 -23 26 27 -24 -26 -27 -1
right_child=2 8 5 -5 15 -7 10 -9 -10 -11 11 13 -14 -15 -16 -17 -18 18 19 -21 -22 22 24 -25 25 28 -28 -29 -30 -31
leaf_value=-0.016660194574557228 0.0046277371282126539 0.03108027920845164 -0.047590912551344296 0.0030233932488045426 0.0029632665194482058 -0.0029611563815453473 0.033736436929693081 -0.043326963117833094 0.0082113301199762592 -0.026159968531482766 0.0066781038590112644 -0.01694651860678667 -0.050570286859338121 0.006006671909598995 -0.0068203986491052792 -0.018604599518632105 0.015875510131165633 0.046985849760251518 -0.039234918647529531 0.0073236349344990778 0.02023012135846786 0.014502752335809192 0.028061881771381643 -0.040146202946160656 0.042691567377728862 0.051848106430012177 0.0010394438373143911 -0.082345121377816521 0.00072222670194617075 0.021882783099568974
leaf_weight=5429.9592424271978 1701.6065826980339 4413.555939834012 1607.5291085827557 16167.566367316758 2953.7562235497171 742.4132433478444 518.69501728005707 1418.6120253749832 3191.4199955490476 1932.627666069995 8111.6746349050372 12094.190182364851 570.21875696525967 5098.7176783432951 50897.430118076634 3717.9208096252114 4796.6430822412949 1355.1133569079684 2999.4625427329156 720.3818890331022 4343.7217218874721 18385.62532565021 1838.736834297888 1346.5819369937526 83.013831201940775 3037.3953658528626 88004.848961457901 571.31841700524092 423.34127542888746 686.05792946610018
leaf_count=96091 31405 26888 196568 52714 20181 27860 2095 77521 17845 93402 51126 269013 45358 20550 553918 67715 8984 2108 25130 18103 15561 33350 4007 4015 416 3685 209503 680 676 14303
internal_value=0 0.00413528 -0.00608 -0.00542125 0.00319764 -0.0337119 -0.00707936 -0.0206177 0.0214852 -0.0118039 -0.00619063 -0.00646503 0.00291146 -0.00766092 -0.00876855 -0.00905559 0.00380768 0.00335964 -0.00950639 -0.0301363 0.00388565 0.00329294 0.00413335 0.0107667 0.00273918 0.0277724 0.00159269 -0.0664538 0.0455965 -0.0123143
internal_weight=249160 148299 100861 98511.3 140694 2349.94 82343.8 5052.85 7604.98 3634.23 77290.9 76772.2 8681.89 68090.3 62991.6 6671.68 134022 129226 5074.96 3719.84 124151 119807 113691 19732.2 93958.7 4115.07 89843.6 654.332 3460.74 6116.02
internal_count=1990771 569241 1421530 1197102 524508 224428 1144388 202328 44733 124807 942060 939965 96484 843481 822931 87896 436612 427628 45341 43233 382287 366726 256332 37365 218967 5457 213510 1096 4361 110394
cat_boundaries=0 39 78 118 129 135 159 160 170 194 233
cat_threshold=32 0 4 0 20480 0 0 0 0 131072 0 0 0 0 0 0 0 0 0 0 0 0 0 224 0 0 0 0 0 0 0 0 0 41943040 4194816 0 0 0 2147483648 0 0 0 0 0 0 0 0 0 0 0 0 0 0 0 0 0 0 0 0 0 0 0 0 0 0 0 0 0 0 0 0 0 1073741824 0 0 1 0 33280 8192 0 0 0 0 0 0 0 0 0 8388608 0 0 0 0 0 0 0 0 0 0 0 0 0 0 0 0 0 0 0 0 0 0 0 0 0 16 0 0 262144 0 0 4 0 4096 0 0 0 0 131072 8388608 0 0 4096 0 0 8388608 0 0 0 0 0 0 0 0 0 0 0 0 0 0 0 0 0 0 0 0 0 0 0 160 2592 0 0 4 0 0 0 0 0 0 131072 32 0 0 0 0 0 0 0 0 0 0 0 0 0 0 0 0 0 0 0 0 0 0 128 0 0 0 0 16384 0 0 0 0 0 0 0 0 0 0 0 0 0 0 0 0 0 0 64 0 0 0 0 0 0 0 0 0 0 4194304 0 0 0 2147483648
is_linear=0
shrinkage=0.05


Tree=41
num_leaves=31
num_cat=8
split_feature=166 175 229 176 202 236 173 182 166 186 167 217 99 166 200 191 171 233 182 202 182 166 99 182 229 99 166 231 230 194
split_gain=2588.93 1004.87 712.486 626.691 747.055 465.27 378.655 431.6 369.83 262.22 293.474 258.993 247.229 228.741 225.993 271.095 221.768 212.698 607.96 439.061 309.501 375.912 211.165 208.513 205.533 185.979 169.697 172.637 210.898 172.963
threshold=0 1.0000000180025095e-35 1.0000000180025095e-35 1.0000000180025095e-35 1 1.0000000180025095e-35 1.0000000180025095e-35 1.0000000180025095e-35 2 1.0000000180025095e-35 3 7.5000000000000009 2.5000000000000004 4 1.0000000180025095e-35 1.0000000180025095e-35 65.000000000000014 1.0000000180025095e-35 1.0000000180025095e-35 5 1.0000000180025095e-35 6 1.0000000180025095e-35 1.0000000180025095e-35 1.0000000180025095e-35 1.5000000000000002 7 1.0000000180025095e-35 1.0000000180025095e-35 1.0000000180025095e-35
decision_type=9 2 2 2 1 2 2 2 9 2 9 2 2 9 2 2 2 2 2 1 2 9 2 2 2 2 9 2 2 2
left_child=1 5 3 4 9 14 7 -5 -4 10 -2 13 -11 -12 15 24 -7 19 -19 20 26 -22 -16 -13 -1 -26 -6 28 29 -28
right_child=2 -3 8 6 17 16 -8 -9 -10 12 11 23 -14 -15 22 -17 -18 18 -20 -21 21 -23 -24 -25 25 -27 27 -29 -30 -31
leaf_value=0.0045988829474736953 0.032744284228850944 0.032049837567048864 -0.0082652496770934097 -0.00038031918307749577 -0.022596931031481748 0.032807274805309004 -0.022296829011315494 0.019116162186132001 -0.046980876090945499 0.00027431996241741229 -0.013909220738042223 -0.011142306914310413 0.020057109026153989 -0.0047543477245560019 0.0054165203392279905 -0.036995595199503031 -0.010840769652881069 0.028095935033371801 -0.044408486011116022 -0.033780682684423989 0.0056856039675003108 -0.013126694019885541 0.026456980394384946 0.011435069510579279 -0.051279559491148298 0.05901741960512015 -0.016151720400701661 -0.054763557795673296 0.0052312618974783304 5.9832534002515769e-05
leaf_weight=116014.34080668329 501.66081562609179 3293.8923005070246 1054.203517652757 6389.3227975808259 5438.0245475600532 304.54579561389983 1109.7108057819278 5106.7629107223474 1535.2764851798856 14443.674447785132 8554.7010460807651 1406.3975814636797 1772.7654832461849 33813.653721896888 2504.9770061476156 394.62404290307313 6312.3294223107223 989.69670329726068 407.84456709978986 2352.4540688642082 4899.354863484521 5777.8633841319679 2277.250689921435 3742.808946981444 271.21437754039653 44.005812577874167 10879.821613147265 234.23567509009445 1661.068380826473 1937.6859331073356
leaf_count=253724 2095 26585 35062 50334 153180 1591 62893 12529 196568 48463 136018 10751 4251 272335 5740 2553 86305 6910 13440 92467 75966 185237 3244 9799 5224 511 181515 18501 16666 20314
internal_value=0 0.00478296 -0.00551321 -0.00491098 -0.00625035 0.00408218 0.00558744 0.00828038 -0.0314392 -0.00305869 -0.00491564 -0.00531945 0.00243782 -0.0066075 0.00478534 0.00434877 -0.00882876 -0.0121748 0.00692507 -0.0129832 -0.0113809 -0.00450111 0.0154385 0.00526708 0.00448923 -0.0357968 -0.0150314 -0.0122104 -0.0115282 -0.0137006
internal_weight=245426 131417 114009 111420 98813.7 128123 12605.8 11496.1 2589.48 64235.7 48019.2 47517.6 16216.4 42368.4 121506 116724 6616.88 34578 1397.54 33180.5 30828.1 10677.2 4782.23 5149.21 116330 315.22 20150.8 14712.8 14478.6 12817.5
internal_count=1990771 385477 1605294 1373664 1247908 358892 125756 62863 231630 483712 430998 428903 52714 408353 270996 262012 87896 764196 20350 743846 651379 261203 8984 20550 259459 5735 390176 236996 218495 201829
cat_boundaries=0 39 40 80 86 126 127 164 201
cat_threshold=0 0 4 0 20480 0 0 0 0 131072 0 0 0 0 0 0 0 0 0 0 0 0 0 224 0 0 0 0 0 0 0 0 0 41943040 4194304 0 0 0 2147483648 3075 0 0 0 0 0 0 0 0 0 0 0 0 0 0 0 0 0 0 0 0 0 0 0 0 0 0 0 0 0 0 0 0 0 0 512 512 0 1 0 262144 0 0 4096 0 0 8388608 0 0 0 0 0 0 0 0 0 0 0 0 0 0 0 0 0 0 0 0 0 0 0 0 0 0 0 0 0 0 0 0 0 0 0 0 0 8192 512 262144 56 32 0 0 0 0 0 0 0 0 0 0 0 0 0 0 0 0 0 0 0 0 0 0 0 0 0 0 0 0 0 0 0 0 0 0 0 1073741824 8224 0 0 0 0 0 0 0 0 0 0 0 0 0 0 0 0 0 0 0 0 0 0 0 0 0 0 0 0 0 0 0 0 0 0 0 16
is_linear=0
shrinkage=0.05


Tree=42
num_leaves=31
num_cat=3
split_feature=202 175 229 176 202 179 201 188 99 236 170 176 179 99 173 176 200 179 179 179 179 231 230 233 204 179 179 99 215 199
split_gain=2236.28 975.26 725.952 631.806 509.586 455.846 428.698 424.095 456.371 403.267 330.109 1073.32 946.667 460.003 372.795 312.996 530.161 301.914 297.065 296.078 266.051 255.664 254.38 262.095 274.273 237.571 229.035 276.392 211.923 213.787
threshold=0 1.0000000180025095e-35 1.0000000180025095e-35 1.0000000180025095e-35 1 12.500000000000002 1.0000000180025095e-35 1.0000000180025095e-35 1.0000000180025095e-35 1.0000000180025095e-35 2 1.0000000180025095e-35 2.5000000000000004 1.0000000180025095e-35 1.0000000180025095e-35 1.0000000180025095e-35 1.0000000180025095e-35 8.5000000000000018 1.5000000000000002 8.5000000000000018 11.500000000000002 1.0000000180025095e-35 1.0000000180025095e-35 1.0000000180025095e-35 1.0000000180025095e-35 17.500000000000004 14.500000000000002 1.5000000000000002 2.5000000000000004 1.0000000180025095e-35
decision_type=1 2 2 2 1 2 2 2 2 2 9 2 2 2 2 2 2 2 2 2 2 2 2 2 2 2 2 2 2 2
left_child=1 9 3 4 5 7 -5 -2 -9 10 13 14 18 15 28 17 -17 -1 -13 -11 21 22 23 24 -6 -15 27 -14 29 -12
right_child=2 -3 -4 6 20 -7 -8 8 -10 19 11 12 26 25 -16 16 -18 -19 -20 -21 -22 -23 -24 -25 -26 -27 -28 -29 -30 -31
leaf_value=0.0017163637485475176 -0.0025468266411523771 0.031251376670110069 -0.030990822553268588 -0.004698700177586241 -0.015192009339397867 -0.012403169434770022 0.013808323376350891 0.025918314060957827 -0.014401397571125308 0.0029705321241932283 0.0010409319128989044 0.0400978341334478 0.052734285195045597 0.017818798074468171 0.02991055489923224 -0.031734723799975988 0.0052544723097078553 0.019730126696969229 -0.071446368304187616 -0.018348489693135319 -0.0057354528838867817 -0.055259860297054798 0.0064582739840283775 0.014414951643139726 -0.039983898224558924 -0.0054855720138842004 0.0062715956633628616 0.016599336556569411 0.024732665529836297 0.042682615055134855
leaf_weight=7733.1829799239058 32130.475653247442 3176.3426833726116 2809.8372712001292 5836.1563810186781 17566.923154559405 10871.80715711636 6744.3191097272502 2700.2578579663532 947.68016649107449 2939.4722594514024 104548.86189395486 75.29825958609581 2055.429357471643 11645.371991568623 1156.8574207029305 1579.9517008572584 2502.0121550895274 3326.6369931995869 281.55168088525534 3650.0603786752035 12561.783581684303 385.21497326120152 1394.045217016479 698.43160386456293 1191.3063115465338 1206.3623061678372 488.48193056380842 714.02702847402543 962.03982229717076 308.64122130256146
leaf_count=14012 213548 26585 237365 99137 331560 184262 26619 5342 3381 20181 294133 418 3057 23118 2016 6616 5740 6357 689 67715 312397 35460 13780 7106 40792 4649 877 1164 1688 1007
internal_value=0 0.00384579 -0.00595276 -0.00519694 -0.00682643 -0.00343638 0.00522256 -0.000712376 0.0154419 0.00324629 0.00382096 0.00259228 0.0293872 0.00867065 0.00168693 0.00276826 -0.00906335 0.00713575 -0.0478725 -0.00883819 -0.0115009 -0.0149164 -0.0141695 -0.0156478 -0.0167678 0.0156308 0.0378572 0.0434244 0.00137819 0.00116375
internal_weight=244189 148351 95838.2 93028.4 80447.9 46650.2 12580.5 35778.4 3647.94 145174 138585 110591 3614.79 27993.5 106976 15141.8 4081.96 11059.8 356.85 6589.53 33797.7 21235.9 20850.7 19456.7 18758.2 12851.7 3257.94 2769.46 105820 104858
internal_count=1990771 480022 1510749 1273384 1147628 406533 125756 222271 8723 453437 365541 305049 6205 60492 298844 32725 12356 20369 1107 87896 741095 428698 393238 379458 372352 27767 5098 4221 296828 295140
cat_boundaries=0 1 2 26
cat_threshold=199 3072 0 0 0 0 4096 0 0 0 0 0 0 0 0 0 0 0 0 0 0 0 0 0 0 96
is_linear=0
shrinkage=0.05


Tree=43
num_leaves=31
num_cat=11
split_feature=166 175 229 176 202 236 201 166 166 179 170 176 179 228 99 168 182 173 182 166 166 179 99 166 179 167 179 170 179 166
split_gain=2393.81 842.961 685.787 545.175 624.092 435.475 412.882 323.345 290.576 276.353 247.288 830.207 540.625 403.882 441.886 285.643 293.201 264.684 261.626 553.208 260.721 364.276 277.388 242.215 470.343 238.457 238.341 249.451 231.82 214.65
threshold=0 1.0000000180025095e-35 1.0000000180025095e-35 1.0000000180025095e-35 1 1.0000000180025095e-35 1.0000000180025095e-35 2 3 8.5000000000000018 4 1.0000000180025095e-35 2.5000000000000004 1.0000000180025095e-35 1.0000000180025095e-35 3.0000000000000004 1.0000000180025095e-35 1.0000000180025095e-35 1.0000000180025095e-35 5 6 16.500000000000004 2.5000000000000004 7 10.500000000000002 8 9.5000000000000018 9 17.500000000000004 10
decision_type=9 2 2 2 1 2 2 9 9 2 9 2 2 2 2 2 2 2 2 9 9 2 2 9 2 9 2 9 2 9
left_child=1 5 3 4 25 10 -5 -8 -4 -7 13 17 -13 14 15 16 -1 18 23 -20 22 -22 -21 24 -12 -2 -6 -28 -16 -27
right_child=2 -3 8 6 26 9 7 -9 -10 -11 11 12 -14 -15 28 -17 -18 -19 19 20 21 -23 -24 -25 -26 29 27 -29 -30 -31
leaf_value=6.9123009450083574e-05 0.032062464054333294 0.030457906712656004 0.020474713427152 -0.0048251702825505569 -0.015894584414963341 0.0027286397581937137 -0.047568954557546402 0.015287144822294031 -0.040054585957533771 -0.017928077287545585 0.023419635644509471 -0.039365142788009191 0.033701379049523528 -0.047379902131258401 0.018630109398600051 0.038736467908375177 0.026066651236764361 0.026716745949052451 -0.024113942967388963 0.0080130698127021428 -0.0087407147888619013 0.0055960936684251172 -0.011137847877884759 0.0032502110352753549 -0.0072300929696977037 -0.0090533765716319207 -0.024985778674802485 -0.0054457423178786123 -0.0046136148179935907 -0.0018827474724409051
leaf_weight=13049.076656769379 466.14836273394758 3067.6356794175517 218.96133877139073 5832.0263493357779 16617.711418473787 2943.7262198237004 201.66073160988162 6526.2128625820624 1870.5687594568008 3596.4643979849643 4083.9821132890647 275.18530973419547 3101.3155514488462 315.84773272462189 11207.704846530571 556.33159051975235 1182.378339625895 1113.4062178377062 2414.532083163067 13554.087350065704 11827.011487938871 7083.6853184649372 2196.6877537634573 46939.369337045879 1804.1921203430684 13339.017004634923 1818.8065936419589 15521.59242281675 1185.6645222281804 47930.973571188464
leaf_count=29007 2067 26585 3698 99137 334903 20181 10305 16314 220076 67715 10452 1107 5098 3185 20707 1811 1639 2016 14314 26323 34762 18277 4512 106913 10744 167776 96740 332553 4143 297711
internal_value=0 0.00455667 -0.00543017 -0.00488288 -0.00616839 0.00393821 0.00491087 0.013351 -0.0337996 -0.00863027 0.00461266 0.0033958 0.02774 0.00878522 0.00944214 0.00360524 0.00223024 0.00249286 0.00219266 -0.00102686 0.000588365 -0.00336829 0.0053382 0.00445229 0.0140038 -0.00317163 -0.0116119 -0.00751376 0.0164059 -0.00344522
internal_weight=241842 131498 110344 108254 95694.2 128431 12559.9 6727.87 2089.53 6540.19 121890 94393.5 3376.5 27497 27181.2 14787.8 14231.5 91017 89903.5 37076 34661.5 18910.7 15750.8 52827.5 5888.17 61736.1 33958.1 17340.4 12393.4 61270
internal_count=1990771 409491 1581280 1357506 1231750 382906 125756 26619 223774 87896 295010 234518 6205 60492 57307 32457 30646 228313 226297 98188 83874 53039 30835 128109 21196 467554 764196 429293 24850 465487
cat_boundaries=0 39 40 41 77 101 135 170 209 215 239 279
cat_threshold=0 0 4 0 20480 0 0 0 0 131072 0 0 0 0 0 0 0 0 0 0 0 0 0 224 0 0 0 0 0 0 0 0 0 41943040 4194304 0 0 1 2147483648 3075 8192 0 0 0 0 0 0 0 0 0 0 0 0 0 0 0 0 0 0 0 0 0 0 0 0 0 0 0 0 0 0 0 0 0 0 0 512 0 0 0 0 4096 0 0 0 0 0 0 0 0 0 0 0 0 0 0 0 0 0 0 96 0 0 0 0 4096 0 0 0 0 0 0 0 0 0 0 0 0 0 0 0 0 0 0 0 0 0 0 0 0 0 0 0 0 8388608 0 0 0 0 16384 0 0 0 0 131072 0 0 0 0 0 0 0 0 0 0 0 0 0 32 0 0 0 0 0 0 0 0 0 0 4194304 0 0 0 0 20480 0 0 0 0 0 0 0 0 0 0 0 0 0 0 0 0 0 0 0 0 0 0 0 0 0 0 0 0 8388608 4194304 0 0 0 2147483648 0 0 0 0 0 8388608 0 0 0 0 16384 0 0 0 0 131072 8388608 0 0 0 0 0 0 0 0 0 0 0 0 32 0 0 0 0 0 0 0 0 0 0 0 0 0 0 0 0 0 0 0 0 0 0 0 0 0 0 0 0 0 0 0 0 0 0 0 0 1 0 512 262144
is_linear=0
shrinkage=0.05


Tree=44
num_leaves=31
num_cat=8
split_feature=166 175 229 176 186 217 236 201 166 166 167 179 166 179 201 173 182 166 179 166 166 175 194 197 200 191 179 229 179 220
split_gain=2295.58 767.94 588.756 523.007 607.812 420.146 400.274 398.91 395.025 334.822 307.85 379.951 290.494 256.285 218.861 217.566 216.066 208.225 289.783 309.426 212.236 208.968 267.935 221.156 200.089 219.049 196.522 193.456 190.156 189.968
threshold=0 1.0000000180025095e-35 1.0000000180025095e-35 1.0000000180025095e-35 1.0000000180025095e-35 7.5000000000000009 1.0000000180025095e-35 1.0000000180025095e-35 1 2 3 11.500000000000002 4 19.500000000000004 1.0000000180025095e-35 1.0000000180025095e-35 1.0000000180025095e-35 5 9.5000000000000018 6 7 1.0000000180025095e-35 1.0000000180025095e-35 1.0000000180025095e-35 1.0000000180025095e-35 1.0000000180025095e-35 2.5000000000000004 1.0000000180025095e-35 12.500000000000002 170.00000000000003
decision_type=9 2 2 2 2 2 2 2 9 9 9 2 9 2 2 2 2 9 2 9 9 2 2 2 2 2 2 2 2 2
left_child=1 6 3 4 5 8 24 -5 14 26 11 -10 -9 15 -2 -8 -7 18 20 -20 -12 22 23 29 25 27 -4 -1 -29 -19
right_child=2 -3 9 7 -6 16 13 12 10 -11 17 -13 -14 -15 -16 -17 -18 21 19 -21 -22 -23 -24 -25 -26 -27 -28 28 -30 -31
leaf_value=0.0044111691746178284 -0.017871118920867974 0.029632744774247644 -0.06177500523330736 -0.0047823083694512334 0.0028920984708281361 -0.010679230789420487 -0.010580674585388609 -0.046165343660426031 -0.020844414670791428 -0.043623475556933883 -0.02493347274991782 0.03097865580955337 0.014924263863910995 -0.044517140074856174 -0.052037567100014642 0.012206616410441443 0.012518087177051064 -0.010925999231655924 0.014184012739357908 -0.01488051441670619 0.00072402811610946453 -0.0029053591003675083 -0.035040702804731039 -0.043544745963012332 0.014627242803465191 -0.034136787348301008 0.014705188742149371 -0.042212544537546047 0.021938773774465986 0.065702652415175575
leaf_weight=114901.04609919759 6133.2378275605588 2967.5110636496975 101.41502341395244 5815.4110705195635 15713.651014422474 1385.6010414856719 4677.4781316512381 191.07070677500451 525.54448197549209 1528.373437465576 840.09280773822684 1078.8420135660563 6489.989212180546 451.51543455803767 507.41166537557729 1349.0766596272006 3638.0316523715155 31004.97391611198 1022.7532227060292 8292.7786205892917 15361.672951277986 7491.9777113935561 1231.3703208967345 521.61942428119073 4736.3840148890158 372.00336740911007 477.12655859056395 419.28542569206911 158.89569787634537 80.582476159092039
leaf_count=268390 163737 26585 2552 99137 52714 10751 56007 10305 3862 212874 7682 4929 16314 21098 43315 10791 9799 547290 9289 129669 69810 76848 46114 57235 8984 2553 9002 9904 3033 198
internal_value=0 0.00449083 -0.0053361 -0.0048226 -0.00608966 -0.00787364 0.00390386 0.00479204 -0.00882243 -0.0315093 -0.00767278 0.0139121 0.0131263 -0.00820317 -0.0204554 -0.0054782 0.00611846 -0.0082009 -0.0046606 -0.0116891 -0.000621725 -0.010439 -0.0121607 -0.0112686 0.00455433 0.00414241 0.00122706 0.00426592 -0.0245701 -0.0107261
internal_weight=239467 130033 109434 107327 94830.1 79116.5 127066 12496.5 74092.9 2106.92 67452.2 1604.39 6681.06 6478.07 6640.65 6026.55 5023.63 65847.8 25517.3 9315.53 16201.8 40330.5 32838.5 31607.2 120588 115851 578.542 115479 578.181 31085.6
internal_count=1990771 407345 1583426 1358998 1233242 1180528 380760 125756 1159978 224428 952926 8791 26619 87896 207052 66798 20550 944135 216450 138958 77492 727685 650837 604723 292864 283880 11554 281327 12937 547488
cat_boundaries=0 39 79 117 151 152 191 227 263
cat_threshold=0 0 4 0 20480 0 0 0 0 131072 0 0 0 0 0 0 0 0 0 0 0 0 0 224 0 0 0 0 0 0 0 0 0 41943040 4194816 0 0 0 2147483648 8192 0 0 0 0 0 0 0 0 0 8388608 0 0 0 0 0 0 0 0 0 0 0 0 0 0 0 0 0 0 0 0 0 0 0 0 0 16 8192 0 262144 0 0 0 0 0 0 0 0 0 0 0 0 0 0 0 0 0 0 0 0 0 0 0 0 0 0 0 0 0 0 0 0 0 0 0 512 0 1 0 0 4096 0 0 8388608 0 0 0 0 0 0 0 0 0 0 0 0 0 0 0 0 0 0 0 0 0 0 0 0 0 0 0 32768 8192 0 0 0 0 0 0 0 0 0 0 0 0 0 0 0 0 0 0 0 0 0 0 0 0 0 0 0 0 0 0 0 0 0 1073741824 0 512 1 1 32768 0 0 0 0 0 0 0 0 0 0 0 0 0 0 0 0 0 0 0 0 0 0 0 0 0 0 0 0 0 0 0 0 0 0 0 512 0 0 0 0 0 0 0 0 0 0 0 0 0 0 0 0 0 0 0 0 0 0 0 0 0 0 0 0 0 0 0 0 0 0 0 512
is_linear=0
shrinkage=0.05


Tree=45
num_leaves=31
num_cat=10
split_feature=166 229 170 193 186 222 228 178 217 166 170 173 182 166 166 233 201 170 204 182 175 179 165 170 99 179 182 179 167 178
split_gain=2161.47 677.951 527.846 592.547 512.011 390.824 371.958 437.982 320.8 373.753 308.306 639.461 364.592 474.291 474.095 356.947 299.971 298.246 291.815 285.09 265.797 255.724 253.698 230.041 335.067 257.349 252.367 229.221 216.718 223.848
threshold=0 1.0000000180025095e-35 1 1.0000000180025095e-35 1.0000000180025095e-35 1.0000000180025095e-35 1.0000000180025095e-35 1.0000000180025095e-35 7.5000000000000009 2 3 1.0000000180025095e-35 1.0000000180025095e-35 4 5 1.0000000180025095e-35 1.0000000180025095e-35 6 1.0000000180025095e-35 1.0000000180025095e-35 1.0000000180025095e-35 16.500000000000004 7 8 1.5000000000000002 18.500000000000004 1.0000000180025095e-35 8.5000000000000018 9 1.0000000180025095e-35
decision_type=9 2 9 2 2 2 2 2 2 9 9 2 2 9 9 2 2 9 2 2 2 2 1 9 2 2 2 2 9 2
left_child=2 4 5 6 8 20 7 19 9 16 11 -11 14 -14 -12 18 23 -5 28 -4 -1 -19 -15 24 25 -2 -25 -24 -16 -30
right_child=1 -3 3 17 -6 -7 -8 -9 -10 10 12 -13 13 22 15 -17 -18 21 -20 -21 -22 -23 27 26 -26 -27 -28 -29 29 -31
leaf_value=0.0073816674309589636 0.018703250726803504 -0.033714345686276834 0.043550907836557393 -0.0030542508127450697 0.0032202662517520188 -0.035063770575891572 -0.048602880258128631 0.0036549681566525037 0.0055435870909972627 0.0061567349267836729 -0.018074492607319189 -0.049797756530165029 -0.0031849231804019582 -0.010813245876000254 0.031151930143093299 0.026469022234658982 -0.050064451827571077 -0.031679691517208806 -0.029168869125434982 0.0052734527737139944 0.02469795669431853 0.019306523400044313 -0.010682541041150535 -0.031317720263261899 -0.033951116605797929 -0.054883716388946881 -0.0086650053378520796 -0.032401392365794639 -0.0086386990511559385 -0.00019272416045757962
leaf_weight=3821.1366343173431 1313.9388444748474 2113.9298554834968 1145.0495579272829 3659.7031348406308 15523.636034521041 368.44153759702749 336.03141020148178 122523.01324170719 5013.4964704151498 7962.8796458327561 6017.2338242472761 545.0782798940636 6569.8638764095667 4260.8147366524863 449.51769264583709 1003.9803515198582 667.21598068074672 2134.9883378446102 1094.2975805456808 846.29895248776302 5280.3607649822734 277.47105731688498 1644.850102011289 2639.7835642073333 544.67871103071957 130.10795533076453 2303.4436459735152 4661.9480718365303 12669.173813589805 20604.454660323507
leaf_count=18025 11499 227932 4318 50271 52714 23894 3234 361413 20550 51126 113176 45358 70903 132656 2095 6910 53734 57395 31843 3475 36742 9275 20878 82496 21051 6119 62755 129738 146493 132703
internal_value=0 -0.00570904 0.00397448 0.00314912 -0.00509028 0.0153685 0.00389123 0.00403313 -0.00670103 -0.00751873 -0.00633148 0.00256559 -0.0076153 -0.0137593 -0.00510024 -0.00291462 -0.0180282 -0.0121025 -0.00376326 0.0272914 0.0174293 -0.0257041 -0.0203102 -0.0149665 -0.00054691 0.0120529 -0.0207231 -0.0266967 -0.0029383 -0.0034078
internal_weight=238127 97734.3 140392 130923 95620.4 9469.94 124850 124514 80096.8 75083.3 67484.1 8507.96 58976.1 17137.5 41838.7 35821.4 7599.17 6072.16 34817.4 1991.35 9101.5 2412.46 10567.6 6931.95 1988.73 1444.05 4943.23 6306.8 33723.1 33273.6
internal_count=1990771 1422729 568042 489381 1194797 78661 372440 369206 1142083 1121533 883879 96484 787395 354175 433220 320044 237654 116941 313134 7793 54767 66670 283272 183920 38669 17618 145251 150616 281291 279196
cat_boundaries=0 39 63 103 127 165 202 226 227 238 244
cat_threshold=32 0 4 0 20480 0 0 0 0 131072 0 0 0 0 0 0 0 0 0 0 0 0 0 224 0 0 0 0 0 0 0 0 0 41943040 4194304 512 0 0 2147483648 0 0 4 0 0 0 0 0 0 0 0 0 0 0 0 0 0 0 0 0 0 0 0 128 8192 0 0 0 0 0 0 0 0 0 8388608 0 0 0 0 0 0 0 0 0 0 0 0 0 0 0 0 0 0 0 0 0 0 0 0 0 16 8192 0 262144 0 0 0 0 0 0 0 0 0 0 0 0 0 0 0 0 0 0 0 0 0 0 0 160 0 0 0 0 0 0 0 0 0 0 0 0 0 0 0 0 0 0 0 0 0 0 0 0 0 0 0 0 0 0 0 0 0 1073741824 512 0 1073741824 1 524288 0 0 0 0 0 0 0 0 0 0 0 0 0 0 0 0 0 0 0 0 0 0 0 0 0 0 0 0 0 0 0 0 0 0 0 1073741824 0 0 0 0 4096 0 0 0 0 0 0 0 0 0 0 0 0 0 0 0 0 0 0 64 17664 0 0 4 0 4096 0 0 0 0 131072 8388608 0 0 4096 0 0 8388608
is_linear=0
shrinkage=0.05


Tree=46
num_leaves=31
num_cat=7
split_feature=166 229 172 193 236 169 203 182 166 201 166 170 179 179 179 99 167 182 175 200 172 176 217 182 99 179 170 99 179 166
split_gain=2002.42 500.391 479.45 463.242 408.654 404.99 384.688 372.521 343.736 380.212 316.506 302.896 269.632 267.591 247.254 405.209 242.431 237.11 221.605 200.14 199.835 191.83 224.161 222.772 188.96 253.038 186.311 179.804 175.915 380.119
threshold=0 1.0000000180025095e-35 125.00000000000001 1.0000000180025095e-35 1.0000000180025095e-35 4.5000000000000009 1.0000000180025095e-35 1.0000000180025095e-35 1 1.0000000180025095e-35 2 3 18.500000000000004 8.5000000000000018 12.500000000000002 1.5000000000000002 4 1.0000000180025095e-35 1.0000000180025095e-35 1.0000000180025095e-35 75.000000000000014 1.0000000180025095e-35 7.5000000000000009 1.0000000180025095e-35 2.5000000000000004 6.5000000000000009 5 1.0000000180025095e-35 6.5000000000000009 6
decision_type=9 2 2 2 2 2 2 2 9 2 9 9 2 2 2 2 9 2 2 2 2 2 2 2 2 2 9 2 2 9
left_child=2 6 3 4 19 18 8 -5 11 26 -3 -2 21 24 15 -8 -16 -17 -4 20 -1 22 28 -24 -6 -26 -10 -21 29 -13
right_child=1 10 5 7 13 -7 14 -9 9 -11 -12 12 -14 -15 16 17 -18 -19 -20 27 -22 -23 23 -25 25 -27 -28 -29 -30 -31
leaf_value=0.0038860174608599516 -0.034194834737601397 0.0016276203201423215 0.010741021908264769 -0.020295899823344225 0.0094585831211866801 -0.0067305282898237886 -0.012279847158458486 0.010607260386853926 -0.041711525484714712 -0.049480409531210676 -0.042697021692509052 -0.030700774102205355 -0.016792246361679999 -0.017913478074705416 0.0040353806323810693 -0.010454854843439845 0.029608590757560171 0.014694006542501276 0.025391065002098569 0.0050409562870779101 -0.032946888854154747 0.0063512495253928635 -0.010874604123585631 0.013478914293005554 0.0097840752985628877 -0.051853778135626361 -0.0097100314782802219 0.024620063308204113 -0.0079504881595284099 0.0023502361035160164
leaf_weight=110925.31808810546 812.27390449511586 566.97214467392769 5901.4336436631274 3651.593134952418 2245.5403329980327 2135.5726591551356 6399.8503647731268 1329.8400659368199 454.76080876236665 633.22199263350922 1428.2914571395959 935.49369834776735 3564.7243843103643 3559.6976641405781 8863.0393511343864 1327.8839200666407 1026.2063426956884 3181.7368238556664 4592.1226229916792 2483.7585451113991 368.95097903953865 5375.3767953984207 1310.8807526812598 3305.701397186378 334.353946109768 330.70121823018417 25836.343071282958 2222.7082664470654 20968.211577550566 10810.29900113077
leaf_count=263179 56337 11554 34585 66402 9596 39871 33221 30942 35369 53734 212874 10110 84587 67715 32141 8652 4530 8532 34829 5740 2553 39424 10032 8123 2228 8357 508142 3244 250782 53386
internal_value=0 -0.00552973 0.00382137 0.00290076 0.00350875 0.0131142 -0.00500863 -0.0120448 -0.00669708 -0.0112029 -0.0303078 -0.004117 -0.00358124 -0.00871979 0.000999073 -0.00419099 0.006725 0.00728733 0.0171535 0.00419091 0.00376372 -0.00247904 -0.00375075 0.00656221 0.00252364 -0.020874 -0.0102841 0.0142902 -0.00520634 -0.000307017
internal_weight=236883 96801.3 140082 127452 122471 12629.1 94806 4981.43 74007.3 26924.3 1995.26 47083 46270.7 6470.29 20798.7 10909.5 9889.25 4509.62 10493.6 116001 111294 42706 37330.6 4616.58 2910.6 665.055 26291.1 4706.47 32714 11745.8
internal_count=1990771 1421530 569241 459956 362612 109285 1197102 97344 1110026 597245 224428 512781 456444 87896 87076 50405 36671 17184 69414 274716 265732 371857 332433 18155 20181 10585 543511 8984 314278 63496
cat_boundaries=0 39 78 116 127 161 185 223
cat_threshold=32 0 4 0 20480 0 0 0 0 131072 0 0 0 0 0 0 0 0 0 0 0 0 0 224 0 0 0 0 0 0 0 0 0 41943040 4194816 0 0 0 2147483648 524288 0 0 0 0 0 0 0 0 0 0 0 0 0 0 0 0 0 0 0 0 0 0 0 0 0 0 0 0 0 0 0 0 1073741824 0 512 1 8193 32768 0 0 0 0 0 0 0 0 0 0 0 0 0 0 0 0 0 0 0 0 0 0 0 0 0 0 0 0 0 0 0 0 0 0 0 512 0 1 0 0 0 0 16384 0 0 0 0 131072 8388608 0 0 0 0 0 0 0 0 0 0 0 0 0 128 0 0 0 0 0 0 0 0 0 0 0 0 0 0 0 0 0 0 0 81920 0 0 0 0 0 0 0 0 0 0 0 0 0 0 0 0 0 0 0 0 0 0 0 192 0 0 0 0 0 0 0 0 0 0 0 0 0 0 0 0 0 0 0 0 0 0 0 0 0 0 0 0 0 0 0 0 0 0 0 512 0 8192
is_linear=0
shrinkage=0.05


Tree=47
num_leaves=31
num_cat=4
split_feature=202 175 176 201 236 217 188 179 99 172 179 179 183 227 170 179 179 179 188 179 228 99 172 228 168 179 170 231 179 202
split_gain=1807.08 642.715 628.702 352.057 341.004 321.696 343.856 459.846 316.608 277.265 744.165 516.193 368.57 280.945 279.461 277.318 251.17 248.957 228.723 752.247 221.113 311.127 283.207 213.054 258.417 209.728 195.445 194.212 229.365 184.533
threshold=0 1.0000000180025095e-35 1.0000000180025095e-35 1.0000000180025095e-35 1.0000000180025095e-35 6.5000000000000009 1.0000000180025095e-35 10.500000000000002 1.0000000180025095e-35 1.0000000180025095e-35 11.500000000000002 11.500000000000002 1.0000000180025095e-35 1.0000000180025095e-35 1 12.500000000000002 8.5000000000000018 19.500000000000004 1.0000000180025095e-35 23.500000000000004 1.0000000180025095e-35 3.5000000000000004 175.00000000000003 1.0000000180025095e-35 4.5000000000000009 18.500000000000004 2 1.0000000180025095e-35 20.500000000000004 3
decision_type=1 2 2 2 2 2 2 2 2 2 2 2 2 2 9 2 2 2 2 2 2 2 2 2 2 2 9 2 2 1
left_child=1 4 5 -4 9 6 26 8 -8 10 12 20 13 -1 17 -16 -6 -13 -12 25 22 -22 -11 24 -17 -20 -2 29 -29 -28
right_child=2 -3 3 -5 16 -7 7 -9 -10 11 18 14 -14 -15 15 23 -18 -19 19 -21 21 -23 -24 -25 -26 -27 27 28 -30 -31
leaf_value=-0.004755544308561759 -0.025066009318235674 0.027708404319943265 -0.0039737411109888763 0.013088407194556111 0.0026659776900187105 0.0043949840313974855 0.026317260633025193 -0.014483235552889252 -0.011677769525824855 0.0085290750175453876 0.0084177351731089516 0.013353419234804507 -0.037613029553763604 0.0093099588258486431 -0.016931824341230108 -0.00069306011206443348 -0.017218848795319205 -0.01241882205189802 0.015705147385790902 -0.065464992299167621 -0.047723805792747619 0.03895282173174261 0.03662569828684592 0.027968378219793824 -0.040139425950171517 -0.015260089461256897 -0.017136614759105957 -0.040689446424783227 0.0027519802954356649 -0.0072439819416565887
leaf_weight=29202.540902179724 1800.9027047825657 2693.0285959723406 5656.0175065857475 6493.5098826431786 2900.9670202083653 5693.733489451377 2261.9981983569451 1874.3237905575952 723.12752228439786 46167.885412210482 26808.528426252335 5098.5076217482565 788.97854467190336 4040.8372732000425 3234.7454094742425 12421.380426854012 3507.0458224238828 1147.4040120854042 1540.9393167800736 453.90810267766938 374.26801747799618 142.56164713721955 914.32635741587728 620.73072905914159 429.06327954260632 846.87212450010702 5112.5060493784767 952.25124578627583 445.73380256519886 61351.728231217719
leaf_count=107334 113499 26585 99137 26619 20181 28511 4300 13235 3253 79565 96636 12163 2515 12655 5063 26953 67715 6542 2957 827 2118 655 3385 1636 3026 1511 117081 63119 8512 1033483
internal_value=0 0.00351437 -0.00545343 0.00514515 0.00305122 -0.00705945 -0.00793469 0.00492369 0.0171111 0.00358918 0.00119725 0.00574816 -0.00384765 -0.00304557 -0.00041071 -0.00378432 -0.00821652 0.00860375 0.00698789 -0.00649854 0.00871798 -0.0237908 0.00907519 -0.000629225 -0.00201203 0.00471989 -0.00883175 -0.00839574 -0.026839 -0.0080088
internal_weight=235700 143335 92365.8 12149.5 140641 80216.3 74522.6 4859.45 2985.13 134233 63682.6 70550.9 34032.4 33243.4 22951.8 16705.9 6408.01 6245.91 29650.2 2841.72 47599 516.83 47082.2 13471.2 12850.4 2387.81 69663.1 67862.2 1397.99 66464.2
internal_count=1990771 480022 1510749 125756 453437 1384993 1356482 20788 7553 365541 224435 141106 122504 119989 55383 36678 87896 18705 101931 5295 85723 2773 82950 31615 29979 4468 1335694 1222195 71631 1150564
cat_boundaries=0 1 25 36 37
cat_threshold=199 0 0 0 0 4096 0 0 0 0 0 0 0 0 0 0 0 0 0 0 0 0 0 0 96 0 0 0 0 16384 0 0 0 0 131072 8388608 2560
is_linear=0
shrinkage=0.05


Tree=48
num_leaves=31
num_cat=6
split_feature=202 176 175 229 202 179 201 236 188 170 176 179 182 168 228 200 169 182 179 179 179 173 170 167 175 170 216 215 173 179
split_gain=1819.12 589.603 582.389 476.955 390.818 345.601 337.681 332.67 304.715 266.247 760.789 419.582 311.756 284.184 387.3 259.031 780.104 246.4 234.838 221.064 218 207.104 205.1 192.407 187.122 217.02 186.478 366.479 180.866 178.618
threshold=0 1.0000000180025095e-35 1.0000000180025095e-35 1.0000000180025095e-35 1 14.500000000000002 1.0000000180025095e-35 1.0000000180025095e-35 1.0000000180025095e-35 2 1.0000000180025095e-35 2.5000000000000004 1.0000000180025095e-35 4.5000000000000009 1.0000000180025095e-35 1.0000000180025095e-35 4.5000000000000009 1.0000000180025095e-35 10.500000000000002 9.5000000000000018 1.5000000000000002 1.0000000180025095e-35 3 4 1.0000000180025095e-35 5 1.5000000000000002 1.0000000180025095e-35 1.0000000180025095e-35 14.500000000000002
decision_type=1 2 2 2 1 2 2 2 2 9 2 2 2 2 2 2 2 2 2 2 2 2 9 9 2 9 2 2 2 2
left_child=2 3 7 4 5 8 28 9 -2 12 21 20 13 15 -15 16 -1 -10 -9 24 -12 23 -21 -11 -6 -26 27 -25 -3 -13
right_child=1 6 -4 -5 19 -7 -8 18 17 10 11 29 -14 14 -16 -17 -18 -19 -20 22 -22 -23 -24 26 25 -27 -28 -29 -30 -31
leaf_value=-0.02858005118547477 -0.0029124167715617621 -1.7038613347861407e-05 0.026938685022673704 -0.028467992885572647 -0.01821736393916484 -0.013373287300281917 0.012609381682466461 -0.00017222666015957237 0.018130558427852248 -0.054629146986494639 0.040920879553291094 0.037331601608216983 0.017564946474626291 0.042900404682317615 -0.033797919459875918 0.013839269440050116 0.0049536852099147481 -0.014685713591531599 -0.019721030288672003 -0.022884175633373045 -0.061715334732320631 0.023469623774016474 -0.0045691618775875143 0.0019035329729077185 -0.039541404252757331 -0.0026413732062731047 0.015658229869644238 -0.013996567484016781 -0.023607876815198329 0.0032218218678151003
leaf_weight=2012.4329444752075 34063.268680652662 4675.1878593116999 2613.9705447393353 2513.6200540296122 11267.32962318568 7192.3181925644458 6462.0067622279748 3827.9432665475179 3082.3423121520318 141.73868717619916 70.420914771035314 2467.1602625729865 6572.1369263109227 932.67699827428441 199.377727099607 4676.85759025265 12529.410511248745 701.75404296431225 2566.2447568463103 1698.1604794037121 191.06691855937243 1087.8763970118016 14746.251714176484 95036.596496304119 431.05565375585866 4138.7940619456931 2312.9743098742329 3767.1335792477475 982.97913725815306 454.99583223485388
leaf_count=9715 255827 37757 26585 237365 283113 140316 26619 33034 6885 1042 418 4221 12952 3525 1786 8984 23530 3505 54862 96740 689 2016 315232 278348 16863 29147 4515 12923 61380 877
internal_value=0 -0.00547441 0.00355872 -0.00703501 -0.00633801 -0.00332571 0.00480012 0.00311869 -0.00141692 0.00365646 0.00252323 0.0265923 0.00809411 0.00503895 0.0293789 0.00360425 0.000311814 0.0120424 -0.00801966 -0.0105362 -0.0340301 0.0017746 -0.00647813 0.00154135 -0.0147559 -0.00621934 0.00162565 0.00129718 -0.00411802 0.0320237
internal_weight=233416 91955.1 141461 79834.9 77321.3 45039.7 12120.2 138847 37847.4 132453 105530 3183.64 26922.9 20350.8 1132.05 19218.7 14541.8 3784.1 6394.19 32281.6 261.488 102346 16444.4 101258 15837.2 4569.85 101117 98803.7 5658.17 2922.16
internal_count=1990771 1510749 480022 1384993 1147628 406533 125756 453437 266217 365541 305049 6205 60492 47540 5311 42229 33245 10390 87896 741095 1107 298844 411972 296828 329123 46010 295786 291271 99137 5098
cat_boundaries=0 1 2 26 50 64 75
cat_threshold=199 3072 0 0 0 0 4096 0 0 0 0 0 0 0 0 0 0 0 0 0 0 0 0 0 0 96 0 0 0 0 16384 0 0 0 0 131072 8388608 0 0 0 0 0 0 0 0 0 0 0 0 32 0 0 0 0 0 0 0 0 0 0 0 0 0 128 0 0 4 0 0 0 0 0 0 131072 8388608
is_linear=0
shrinkage=0.05


Tree=49
num_leaves=31
num_cat=9
split_feature=166 176 202 175 182 236 201 187 179 178 166 166 170 179 99 179 179 231 179 170 222 222 198 196 179 166 166 99 202 233
split_gain=2096.23 520.056 527.561 492.583 428.5 356.421 330.946 315.784 311.647 259.462 253.217 252.108 263.778 231.429 197.06 274.256 223.409 180.908 216.293 182.683 412.826 286.377 222.962 178.655 231.371 625.605 232.833 187.3 178.322 221.754
threshold=0 1.0000000180025095e-35 1 1.0000000180025095e-35 1.0000000180025095e-35 1.0000000180025095e-35 1.0000000180025095e-35 55.000000000000007 14.500000000000002 1.0000000180025095e-35 2 3 4 18.500000000000004 2.5000000000000004 6.5000000000000009 10.500000000000002 1.0000000180025095e-35 14.500000000000002 5 1.0000000180025095e-35 1.0000000180025095e-35 1.0000000180025095e-35 1.0000000180025095e-35 12.500000000000002 6 7 2.5000000000000004 8 1.0000000180025095e-35
decision_type=9 2 1 2 2 2 2 2 2 2 9 9 9 2 2 2 2 2 2 9 2 2 2 2 2 9 9 2 1 2
left_child=3 2 4 5 8 -1 -3 -6 -2 -10 -8 12 -4 14 16 -16 -7 19 -19 21 23 -13 -22 24 28 -26 27 -27 -21 -30
right_child=1 6 11 -5 7 13 10 -9 9 -11 -12 17 -14 -15 15 -17 -18 18 -20 20 22 -23 -24 -25 25 26 -28 -29 29 -31
leaf_value=0.0044761973321515245 -0.015889743646827038 -0.0043391942234075843 0.0087752055754093377 0.026118612013917176 0.0096782452145899433 0.0076965860257336167 -0.045297882775863878 -0.0027561977290961686 0.019126576081438348 -0.028245251467119283 0.013911785161960838 -0.030522021122406224 -0.027473441781529225 -0.039202831395273717 0.009114338183670698 -0.048656617425256801 -0.014008670912773505 -0.053943092899762436 -0.011984948918597331 -0.0035566687466713309 -0.057716876506725127 0.010644518278670724 0.057782116962280965 0.0063373693860023133 -0.031237116522039445 0.006301601618824682 -0.01298066603300776 -0.043291316056376129 -0.012833404824729387 0.014942606983005802
leaf_weight=118590.48043557623 6245.7187375123322 5651.6045787075709 596.75096593333001 2535.1542184499849 9397.31872194467 2982.9804637925699 176.30946369326557 11179.168819400424 1286.5097030735924 372.23447243502596 6264.8454491234734 1892.6310131168284 3136.7749690931814 532.8822445361875 330.90356857469305 540.15979829680873 1966.6779369285796 464.88965288554027 905.81826901862223 29346.317377419509 544.54793920004158 543.33338555000955 44.815650947741233 2460.5489534894587 3517.3794484654427 3388.0401721967646 5294.9688786318657 201.20806965540396 10585.64424830264 770.32795779869775
leaf_count=315679 51838 99137 16536 26585 38097 16601 10305 39247 6000 7770 16314 119625 171496 23962 2228 14551 30554 47040 24591 303861 37625 7794 637 21678 193219 43526 126347 1925 168088 7915
internal_value=0 -0.00525779 -0.00653734 0.00430053 -0.000878217 0.00385803 0.0044904 0.00292249 -0.0107733 0.00848767 0.0122382 -0.00906616 -0.0216699 -0.00767869 -0.0047887 -0.0267119 -0.00092723 -0.00827763 -0.0262336 -0.00785865 -0.00727237 -0.0212504 -0.0488842 -0.00683178 -0.00744211 -0.0134214 -0.0063237 0.0035047 -0.00562002 -0.0109386
internal_weight=231747 104268 92174.9 127479 28481 124944 12092.8 20576.5 7904.46 1658.74 6441.15 63694 3733.53 6353.6 5820.72 871.063 4949.66 59960.5 1370.71 58589.8 56153.8 2435.96 589.364 55564.4 53103.9 12401.6 8884.22 3589.25 40702.3 11356
internal_count=1990771 1560611 1434855 430160 142952 403575 125756 77344 65608 13770 26619 1291903 188032 87896 63934 16779 47155 1103871 71631 1032240 904821 127419 38262 866559 844881 365017 171798 45451 479864 176003
cat_boundaries=0 39 40 41 81 86 97 136 173 174
cat_threshold=0 0 4 0 20480 0 0 0 0 131072 0 0 0 0 0 0 0 0 0 0 0 0 0 224 0 0 0 0 0 0 0 0 0 41943040 4194304 512 0 1 2147483648 2050 8192 8192 0 0 0 0 0 0 0 0 0 8388608 0 0 0 0 0 0 0 0 0 0 0 0 0 0 0 0 0 0 0 0 0 0 0 0 0 16 0 0 262144 0 0 4 0 4096 0 0 0 0 20480 0 0 0 0 131072 8388608 0 0 0 0 0 0 0 0 0 0 0 0 0 0 0 0 0 0 0 0 0 0 0 0 0 0 0 0 0 0 0 0 0 0 0 0 1 0 33280 32 0 0 0 0 0 0 0 0 0 0 0 0 0 0 0 0 0 0 0 0 0 0 0 0 0 0 0 0 0 0 0 0 0 512 0 1073741824 1040
is_linear=0
shrinkage=0.05


end of trees

feature_importances:
post_action_hand_count=222
candidate_card_id=204
candidate_target_id=129
post_action_ko_estimate=77
discard_1079=69
candidate_target_appear_this_turn=68
action_type=61
candidate_attack_id=55
trainer_low_deck_risk=55
candidate_fills_energy=52
ability_low_deck_risk=41
candidate_target_energy=38
candidate_target_is_active=38
end_ready_active_alakazam_penalty=30
xerosic_opp_hand_value=28
evolve_builds_backup_alakazam=28
candidate_target_max_hp=25
energy_target_existing_energy_value=23
candidate_inplay_area=21
retreat_to_ready_backup_value=19
attack_lethal_estimate=17
target_is_alakazam=17
retreat_active_damage_value=14
candidate_area=13
post_action_powerful_hand_damage=12
candidate_fills_stage2=12
candidate_target_hp=11
is_retreat=11
candidate_fills_missing_abra=10
option_type=9
candidate_is_route_card=9
end_has_attack_ready_penalty=9
candidate_hand_cost=8
attack_overkill_estimate=7
target_is_dunsparce=7
hammer_opp_active_energy_value=5
candidate_is_alakazam=4
candidate_is_psychic_energy=4
target_is_abra=4
is_end=4
powerful_hand_attack_option=3
target_is_dudunsparce=3
is_xerosic=3
is_trainer=3
boss_opp_bench_low_hp_value=3
energy_target_is_alakazam_value=3
bench_early_game_value=3
hammer_opp_active_special_energy_value=2
breaks_current_ko_estimate=1
candidate_is_rare_candy=1
target_is_kadabra=1
is_attack=1
is_evolve=1
is_bench=1
attack_with_ready_active_alakazam=1

parameters:
[boosting: gbdt]
[objective: lambdarank]
[metric: ndcg]
[tree_learner: serial]
[device_type: cpu]
[data_sample_strategy: bagging]
[data: ]
[valid: ]
[num_iterations: 50]
[learning_rate: 0.05]
[num_leaves: 31]
[num_threads: 4]
[seed: 741]
[deterministic: 0]
[force_col_wise: 0]
[force_row_wise: 0]
[histogram_pool_size: -1]
[max_depth: -1]
[min_data_in_leaf: 40]
[min_sum_hessian_in_leaf: 0.001]
[bagging_fraction: 0.85]
[pos_bagging_fraction: 1]
[neg_bagging_fraction: 1]
[bagging_freq: 0]
[bagging_seed: 9664]
[bagging_by_query: 0]
[feature_fraction: 0.85]
[feature_fraction_bynode: 1]
[feature_fraction_seed: 7560]
[extra_trees: 0]
[extra_seed: 5152]
[early_stopping_round: 0]
[early_stopping_min_delta: 0]
[first_metric_only: 0]
[max_delta_step: 0]
[lambda_l1: 0.1]
[lambda_l2: 0.5]
[linear_lambda: 0]
[min_gain_to_split: 0]
[drop_rate: 0.1]
[max_drop: 50]
[skip_drop: 0.5]
[xgboost_dart_mode: 0]
[uniform_drop: 0]
[drop_seed: 20317]
[top_rate: 0.2]
[other_rate: 0.1]
[min_data_per_group: 100]
[max_cat_threshold: 32]
[cat_l2: 10]
[cat_smooth: 10]
[max_cat_to_onehot: 4]
[top_k: 20]
[monotone_constraints: ]
[monotone_constraints_method: basic]
[monotone_penalty: 0]
[feature_contri: ]
[forcedsplits_filename: ]
[refit_decay_rate: 0.9]
[cegb_tradeoff: 1]
[cegb_penalty_split: 0]
[cegb_penalty_feature_lazy: ]
[cegb_penalty_feature_coupled: ]
[path_smooth: 0]
[interaction_constraints: ]
[verbosity: -1]
[saved_feature_importance_type: 0]
[use_quantized_grad: 0]
[num_grad_quant_bins: 4]
[quant_train_renew_leaf: 0]
[stochastic_rounding: 1]
[linear_tree: 0]
[max_bin: 255]
[max_bin_by_feature: ]
[min_data_in_bin: 3]
[bin_construct_sample_cnt: 200000]
[data_random_seed: 2458]
[is_enable_sparse: 1]
[enable_bundle: 1]
[use_missing: 1]
[zero_as_missing: 0]
[feature_pre_filter: 1]
[pre_partition: 0]
[two_round: 0]
[header: 0]
[label_column: ]
[weight_column: ]
[group_column: ]
[ignore_column: ]
[categorical_feature: 27,35,160,165,166,167,170,202]
[forcedbins_filename: ]
[precise_float_parser: 0]
[parser_config_file: ]
[objective_seed: 17010]
[num_class: 1]
[is_unbalance: 0]
[scale_pos_weight: 1]
[sigmoid: 1]
[boost_from_average: 1]
[reg_sqrt: 0]
[alpha: 0.9]
[fair_c: 1]
[poisson_max_delta_step: 0.7]
[tweedie_variance_power: 1.5]
[lambdarank_truncation_level: 30]
[lambdarank_norm: 1]
[label_gain: ]
[lambdarank_position_bias_regularization: 0]
[eval_at: 1,2,3,4,5]
[multi_error_top_k: 1]
[auc_mu_weights: ]
[num_machines: 1]
[local_listen_port: 12400]
[time_out: 120]
[machine_list_filename: ]
[machines: ]
[gpu_platform_id: -1]
[gpu_device_id: -1]
[gpu_use_dp: 0]
[num_gpu: 1]

end of parameters

pandas_categorical:null
